stn,mmdd,tavg,tmax,tmin,n
90,0101,0.9,5.1,-3.1,30
90,0102,0.8,5.0,-3.2,30
90,0103,0.8,4.9,-3.2,30
90,0104,0.7,4.9,-3.3,30
90,0105,0.6,4.8,-3.4,30
90,0106,0.5,4.6,-3.4,30
90,0107,0.3,4.5,-3.5,30
90,0108,0.3,4.5,-3.6,30
90,0109,0.3,4.5,-3.6,30
90,0110,0.3,4.4,-3.6,30
90,0111,0.2,4.3,-3.6,30
90,0112,0.2,4.3,-3.6,30
90,0113,0.2,4.3,-3.6,30
90,0114,0.1,4.2,-3.7,30
90,0115,0.1,4.1,-3.7,30
90,0116,-0.0,4.1,-3.9,30
90,0117,-0.1,3.9,-3.9,30
90,0118,-0.2,3.9,-4.0,30
90,0119,-0.2,3.8,-4.1,30
90,0120,-0.2,3.9,-4.1,30
90,0121,-0.1,3.9,-4.0,30
90,0122,-0.1,4.0,-4.0,30
90,0123,-0.0,3.9,-4.0,30
90,0124,-0.1,3.9,-4.0,30
90,0125,-0.2,3.9,-4.1,30
90,0126,-0.2,3.9,-4.2,30
90,0127,-0.2,3.9,-4.2,30
90,0128,-0.1,3.9,-4.2,30
90,0129,0.0,4.0,-4.1,30
90,0130,0.1,4.2,-4.0,30
90,0131,0.2,4.3,-3.9,30
90,0201,0.3,4.4,-3.8,30
90,0202,0.4,4.5,-3.7,30
90,0203,0.5,4.6,-3.6,30
90,0204,0.5,4.6,-3.6,30
90,0205,0.6,4.6,-3.5,30
90,0206,0.7,4.8,-3.4,30
90,0207,0.9,5.0,-3.2,30
90,0208,1.1,5.1,-3.0,30
90,0209,1.2,5.3,-2.9,30
90,0210,1.3,5.3,-2.8,30
90,0211,1.4,5.4,-2.6,30
90,0212,1.5,5.5,-2.6,30
90,0213,1.6,5.6,-2.4,30
90,0214,1.7,5.7,-2.4,30
90,0215,1.8,5.8,-2.3,30
90,0216,1.9,6.0,-2.1,30
90,0217,2.1,6.2,-2.0,30
90,0218,2.2,6.3,-1.8,30
90,0219,2.4,6.5,-1.7,30
90,0220,2.5,6.7,-1.5,30
90,0221,2.7,6.9,-1.4,30
90,0222,2.7,6.9,-1.4,30
90,0223,2.8,7.0,-1.3,30
90,0224,3.0,7.1,-1.1,30
90,0225,3.2,7.4,-0.9,30
90,0226,3.3,7.5,-0.8,30
90,0227,3.5,7.7,-0.7,30
90,0228,3.6,7.8,-0.5,30
90,0229,3.7,7.9,-0.4,0
90,0301,3.8,8.0,-0.3,30
90,0302,4.0,8.1,-0.1,30
90,0303,4.1,8.3,-0.0,30
90,0304,4.2,8.4,0.1,30
90,0305,4.4,8.5,0.2,30
90,0306,4.5,8.7,0.3,30
90,0307,4.6,8.8,0.4,30
90,0308,4.7,8.9,0.4,30
90,0309,4.9,9.1,0.6,30
90,0310,5.1,9.4,0.7,30
90,0311,5.4,9.7,0.9,30
90,0312,5.6,10.0,1.1,30
90,0313,5.7,10.1,1.3,30
90,0314,5.9,10.3,1.4,30
90,0315,6.1,10.5,1.6,30
90,0316,6.2,10.6,1.7,30
90,0317,6.4,10.7,1.9,30
90,0318,6.6,11.0,2.1,30
90,0319,6.8,11.3,2.3,30
90,0320,7.0,11.5,2.5,30
90,0321,7.2,11.7,2.7,30
90,0322,7.4,11.9,2.8,30
90,0323,7.6,12.1,3.1,30
90,0324,7.8,12.3,3.2,30
90,0325,7.9,12.4,3.4,30
90,0326,8.0,12.4,3.5,30
90,0327,8.1,12.6,3.6,30
90,0328,8.3,12.8,3.7,30
90,0329,8.5,13.0,4.0,30
90,0330,8.8,13.3,4.2,30
90,0331,9.0,13.5,4.5,30
90,0401,9.2,13.8,4.6,30
90,0402,9.4,14.0,4.8,30
90,0403,9.5,14.1,5.0,30
90,0404,9.6,14.1,5.1,30
90,0405,9.7,14.2,5.2,30
90,0406,9.9,14.4,5.5,30
90,0407,10.1,14.6,5.7,30
90,0408,10.4,15.0,5.9,30
90,0409,10.6,15.2,6.1,30
90,0410,10.9,15.5,6.3,30
90,0411,11.1,15.7,6.5,30
90,0412,11.2,15.8,6.7,30
90,0413,11.3,15.8,6.8,30
90,0414,11.4,16.0,6.9,30
90,0415,11.6,16.3,7.1,30
90,0416,11.8,16.5,7.3,30
90,0417,12.0,16.7,7.5,30
90,0418,12.2,16.9,7.7,30
90,0419,12.5,17.2,7.9,30
90,0420,12.8,17.5,8.1,30
90,0421,13.0,17.8,8.3,30
90,0422,13.2,17.9,8.5,30
90,0423,13.3,18.0,8.7,30
90,0424,13.4,18.1,8.8,30
90,0425,13.6,18.3,9.0,30
90,0426,13.8,18.4,9.2,30
90,0427,14.0,18.7,9.4,30
90,0428,14.3,19.1,9.7,30
90,0429,14.4,19.2,9.9,30
90,0430,14.5,19.3,10.0,30
90,0501,14.6,19.4,10.1,30
90,0502,14.7,19.4,10.2,30
90,0503,14.8,19.5,10.3,30
90,0504,14.8,19.5,10.4,30
90,0505,14.9,19.6,10.5,30
90,0506,15.0,19.6,10.7,30
90,0507,15.0,19.7,10.8,30
90,0508,15.1,19.7,10.9,30
90,0509,15.3,19.8,11.1,30
90,0510,15.4,20.0,11.2,30
90,0511,15.5,20.1,11.3,30
90,0512,15.6,20.2,11.4,30
90,0513,15.7,20.3,11.6,30
90,0514,15.9,20.5,11.7,30
90,0515,16.1,20.7,11.9,30
90,0516,16.3,20.9,12.1,30
90,0517,16.5,21.0,12.3,30
90,0518,16.7,21.3,12.4,30
90,0519,16.9,21.5,12.6,30
90,0520,17.0,21.6,12.8,30
90,0521,17.1,21.7,12.9,30
90,0522,17.3,21.9,13.0,30
90,0523,17.4,22.0,13.2,30
90,0524,17.6,22.2,13.3,30
90,0525,17.7,22.3,13.5,30
90,0526,17.8,22.4,13.6,30
90,0527,17.9,22.4,13.7,30
90,0528,18.0,22.5,13.9,30
90,0529,18.1,22.5,14.0,30
90,0530,18.2,22.5,14.1,30
90,0531,18.3,22.6,14.3,30
90,0601,18.3,22.6,14.4,30
90,0602,18.4,22.6,14.6,30
90,0603,18.5,22.6,14.7,30
90,0604,18.6,22.7,14.8,30
90,0605,18.7,22.8,15.0,30
90,0606,18.8,22.8,15.1,30
90,0607,18.9,22.9,15.2,30
90,0608,18.9,22.9,15.4,30
90,0609,19.0,22.8,15.4,30
90,0610,19.0,22.9,15.6,30
90,0611,19.1,22.9,15.7,30
90,0612,19.2,22.9,15.9,30
90,0613,19.3,23.0,16.0,30
90,0614,19.4,23.1,16.1,30
90,0615,19.5,23.2,16.3,30
90,0616,19.7,23.3,16.4,30
90,0617,19.8,23.4,16.6,30
90,0618,19.9,23.5,16.7,30
90,0619,20.0,23.6,16.9,30
90,0620,20.2,23.8,17.1,30
90,0621,20.3,23.9,17.3,30
90,0622,20.5,24.0,17.4,30
90,0623,20.6,24.1,17.6,30
90,0624,20.8,24.3,17.8,30
90,0625,21.0,24.5,18.0,30
90,0626,21.1,24.6,18.2,30
90,0627,21.3,24.8,18.3,30
90,0628,21.5,24.9,18.5,30
90,0629,21.5,25.0,18.6,30
90,0630,21.6,25.0,18.7,30
90,0701,21.7,25.1,18.8,30
90,0702,21.8,25.2,18.9,30
90,0703,21.8,25.2,19.0,30
90,0704,21.9,25.3,19.1,30
90,0705,22.0,25.3,19.2,30
90,0706,22.1,25.4,19.4,30
90,0707,22.2,25.6,19.5,30
90,0708,22.4,25.7,19.6,30
90,0709,22.4,25.7,19.7,30
90,0710,22.5,25.8,19.7,30
90,0711,22.6,25.9,19.8,30
90,0712,22.6,25.9,19.9,30
90,0713,22.7,26.0,20.0,30
90,0714,22.9,26.2,20.1,30
90,0715,23.1,26.4,20.3,30
90,0716,23.3,26.7,20.5,30
90,0717,23.5,26.8,20.7,30
90,0718,23.6,27.0,20.8,30
90,0719,23.8,27.2,21.0,30
90,0720,23.9,27.3,21.1,30
90,0721,24.0,27.3,21.2,30
90,0722,24.1,27.5,21.4,30
90,0723,24.3,27.7,21.5,30
90,0724,24.5,27.9,21.7,30
90,0725,24.6,28.0,21.9,30
90,0726,24.7,28.0,22.0,30
90,0727,24.8,28.1,22.0,30
90,0728,24.9,28.2,22.1,30
90,0729,24.9,28.2,22.2,30
90,0730,24.9,28.2,22.2,30
90,0731,24.9,28.3,22.2,30
90,0801,25.0,28.3,22.2,30
90,0802,25.0,28.4,22.2,30
90,0803,25.0,28.3,22.3,30
90,0804,25.0,28.4,22.3,30
90,0805,25.0,28.4,22.2,30
90,0806,25.0,28.4,22.2,30
90,0807,25.0,28.3,22.1,30
90,0808,24.9,28.3,22.1,30
90,0809,24.9,28.2,22.0,30
90,0810,24.8,28.2,22.0,30
90,0811,24.8,28.2,21.9,30
90,0812,24.7,28.0,21.8,30
90,0813,24.6,27.9,21.7,30
90,0814,24.5,27.8,21.6,30
90,0815,24.5,27.7,21.5,30
90,0816,24.4,27.7,21.4,30
90,0817,24.3,27.6,21.3,30
90,0818,24.2,27.5,21.1,30
90,0819,24.0,27.3,21.0,30
90,0820,23.8,27.2,20.8,30
90,0821,23.7,27.1,20.7,30
90,0822,23.6,26.9,20.5,30
90,0823,23.4,26.8,20.4,30
90,0824,23.3,26.7,20.2,30
90,0825,23.2,26.6,20.1,30
90,0826,23.1,26.6,19.9,30
90,0827,23.0,26.5,19.8,30
90,0828,22.9,26.4,19.7,30
90,0829,22.7,26.3,19.5,30
90,0830,22.6,26.1,19.3,30
90,0831,22.4,25.9,19.2,30
90,0901,22.3,25.8,19.0,30
90,0902,22.2,25.8,18.9,30
90,0903,22.1,25.7,18.8,30
90,0904,21.9,25.6,18.6,30
90,0905,21.8,25.4,18.5,30
90,0906,21.6,25.2,18.3,30
90,0907,21.4,25.1,18.0,30
90,0908,21.3,25.0,17.9,30
90,0909,21.1,24.8,17.7,30
90,0910,20.9,24.6,17.5,30
90,0911,20.8,24.5,17.4,30
90,0912,20.7,24.4,17.2,30
90,0913,20.5,24.3,17.0,30
90,0914,20.4,24.2,16.8,30
90,0915,20.2,24.0,16.6,30
90,0916,19.9,23.8,16.4,30
90,0917,19.8,23.7,16.2,30
90,0918,19.6,23.5,16.0,30
90,0919,19.5,23.4,15.8,30
90,0920,19.4,23.4,15.6,30
90,0921,19.2,23.3,15.4,30
90,0922,19.1,23.1,15.3,30
90,0923,18.9,23.0,15.1,30
90,0924,18.7,22.8,14.9,30
90,0925,18.6,22.7,14.7,30
90,0926,18.4,22.6,14.5,30
90,0927,18.2,22.3,14.3,30
90,0928,18.0,22.2,14.1,30
90,0929,17.9,22.1,13.9,30
90,0930,17.8,22.0,13.8,30
90,1001,17.6,21.9,13.7,30
90,1002,17.5,21.7,13.5,30
90,1003,17.4,21.6,13.3,30
90,1004,17.2,21.5,13.2,30
90,1005,17.0,21.3,13.0,30
90,1006,16.9,21.2,12.8,30
90,1007,16.7,21.0,12.6,30
90,1008,16.5,20.9,12.4,30
90,1009,16.4,20.7,12.2,30
90,1010,16.2,20.6,12.0,30
90,1011,16.0,20.4,11.8,30
90,1012,15.9,20.3,11.6,30
90,1013,15.8,20.2,11.5,30
90,1014,15.6,20.1,11.3,30
90,1015,15.4,19.9,11.1,30
90,1016,15.2,19.7,10.9,30
90,1017,15.0,19.5,10.7,30
90,1018,14.9,19.3,10.5,30
90,1019,14.6,19.1,10.3,30
90,1020,14.4,18.9,10.1,30
90,1021,14.2,18.8,9.8,30
90,1022,14.0,18.6,9.6,30
90,1023,13.8,18.4,9.4,30
90,1024,13.6,18.1,9.2,30
90,1025,13.3,17.9,9.0,30
90,1026,13.1,17.7,8.8,30
90,1027,13.0,17.5,8.5,30
90,1028,12.8,17.4,8.3,30
90,1029,12.7,17.3,8.2,30
90,1030,12.6,17.2,8.1,30
90,1031,12.5,17.1,8.0,30
90,1101,12.3,16.8,7.8,30
90,1102,12.0,16.5,7.6,30
90,1103,11.9,16.3,7.5,30
90,1104,11.7,16.1,7.3,30
90,1105,11.5,15.8,7.1,30
90,1106,11.3,15.6,7.0,30
90,1107,11.2,15.4,6.8,30
90,1108,10.9,15.2,6.6,30
90,1109,10.7,14.9,6.4,30
90,1110,10.4,14.6,6.2,30
90,1111,10.1,14.2,5.9,30
90,1112,9.7,13.9,5.6,30
90,1113,9.3,13.4,5.2,30
90,1114,9.0,13.1,4.8,30
90,1115,8.6,12.7,4.5,30
90,1116,8.4,12.5,4.2,30
90,1117,8.2,12.4,4.0,30
90,1118,8.0,12.2,3.7,30
90,1119,7.7,11.9,3.5,30
90,1120,7.4,11.6,3.2,30
90,1121,7.2,11.4,3.0,30
90,1122,6.9,11.1,2.8,30
90,1123,6.8,10.9,2.7,30
90,1124,6.6,10.8,2.5,30
90,1125,6.4,10.5,2.3,30
90,1126,6.2,10.4,2.1,30
90,1127,6.1,10.2,1.9,30
90,1128,5.8,10.0,1.7,30
90,1129,5.5,9.7,1.5,30
90,1130,5.3,9.4,1.3,30
90,1201,5.0,9.2,1.0,30
90,1202,4.8,8.9,0.8,30
90,1203,4.6,8.7,0.6,30
90,1204,4.3,8.4,0.4,30
90,1205,4.1,8.1,0.2,30
90,1206,3.8,7.9,-0.1,30
90,1207,3.6,7.7,-0.4,30
90,1208,3.3,7.4,-0.7,30
90,1209,3.1,7.2,-0.9,30
90,1210,2.9,7.0,-1.1,30
90,1211,2.7,6.8,-1.3,30
90,1212,2.5,6.7,-1.4,30
90,1213,2.5,6.6,-1.5,30
90,1214,2.4,6.6,-1.5,30
90,1215,2.4,6.5,-1.6,30
90,1216,2.4,6.5,-1.6,30
90,1217,2.3,6.4,-1.6,30
90,1218,2.2,6.3,-1.8,30
90,1219,2.1,6.2,-1.9,30
90,1220,2.0,6.2,-2.0,30
90,1221,1.9,6.1,-2.1,30
90,1222,1.9,6.1,-2.1,30
90,1223,1.8,6.0,-2.2,30
90,1224,1.7,5.8,-2.3,30
90,1225,1.6,5.8,-2.3,30
90,1226,1.6,5.8,-2.3,30
90,1227,1.6,5.7,-2.4,30
90,1228,1.4,5.5,-2.5,30
90,1229,1.3,5.4,-2.6,30
90,1230,1.1,5.3,-2.8,30
90,1231,1.0,5.1,-3.0,30
95,0101,-5.4,0.9,-11.3,30
95,0102,-5.6,0.7,-11.5,30
95,0103,-5.6,0.6,-11.6,30
95,0104,-5.7,0.6,-11.7,30
95,0105,-5.8,0.6,-11.8,30
95,0106,-5.9,0.5,-11.8,30
95,0107,-5.9,0.5,-11.9,30
95,0108,-5.9,0.5,-12.0,30
95,0109,-5.9,0.6,-12.0,30
95,0110,-6.0,0.6,-12.0,30
95,0111,-6.0,0.6,-12.0,30
95,0112,-5.9,0.6,-11.9,30
95,0113,-5.8,0.6,-11.9,30
95,0114,-5.9,0.6,-11.9,30
95,0115,-5.8,0.6,-11.8,30
95,0116,-5.8,0.6,-11.8,30
95,0117,-5.9,0.5,-11.9,30
95,0118,-5.9,0.5,-11.9,30
95,0119,-5.9,0.6,-11.9,30
95,0120,-5.8,0.6,-11.9,30
95,0121,-5.7,0.7,-11.9,30
95,0122,-5.7,0.8,-11.8,30
95,0123,-5.6,0.8,-11.8,30
95,0124,-5.5,0.9,-11.7,30
95,0125,-5.5,0.9,-11.7,30
95,0126,-5.6,0.9,-11.8,30
95,0127,-5.6,1.0,-11.9,30
95,0128,-5.5,1.0,-11.9,30
95,0129,-5.5,1.1,-11.9,30
95,0130,-5.4,1.3,-11.8,30
95,0131,-5.2,1.5,-11.7,30
95,0201,-5.0,1.6,-11.5,30
95,0202,-4.9,1.7,-11.4,30
95,0203,-4.7,1.8,-11.2,30
95,0204,-4.6,2.0,-11.0,30
95,0205,-4.4,2.1,-10.8,30
95,0206,-4.2,2.3,-10.6,30
95,0207,-4.0,2.5,-10.4,30
95,0208,-3.8,2.7,-10.2,30
95,0209,-3.6,2.9,-10.0,30
95,0210,-3.4,3.0,-9.7,30
95,0211,-3.2,3.2,-9.4,30
95,0212,-3.0,3.4,-9.2,30
95,0213,-2.7,3.6,-9.0,30
95,0214,-2.6,3.7,-8.8,30
95,0215,-2.4,4.0,-8.6,30
95,0216,-2.1,4.2,-8.3,30
95,0217,-1.9,4.5,-8.1,30
95,0218,-1.6,4.8,-7.8,30
95,0219,-1.4,5.0,-7.5,30
95,0220,-1.1,5.3,-7.3,30
95,0221,-0.9,5.5,-7.0,30
95,0222,-0.9,5.5,-6.9,30
95,0223,-0.7,5.7,-6.8,30
95,0224,-0.5,5.9,-6.5,30
95,0225,-0.2,6.2,-6.2,30
95,0226,0.0,6.5,-5.9,30
95,0227,0.3,6.7,-5.6,30
95,0228,0.5,6.7,-5.3,30
95,0229,0.7,6.9,-5.1,0
95,0301,0.8,7.0,-5.0,30
95,0302,1.0,7.3,-4.8,30
95,0303,1.2,7.4,-4.5,30
95,0304,1.3,7.5,-4.4,30
95,0305,1.5,7.6,-4.2,30
95,0306,1.6,7.8,-4.1,30
95,0307,1.8,8.0,-4.0,30
95,0308,2.0,8.2,-3.9,30
95,0309,2.1,8.4,-3.8,30
95,0310,2.4,8.7,-3.7,30
95,0311,2.7,9.0,-3.4,30
95,0312,2.9,9.3,-3.3,30
95,0313,3.1,9.6,-3.2,30
95,0314,3.4,9.9,-3.0,30
95,0315,3.6,10.2,-2.8,30
95,0316,3.8,10.4,-2.6,30
95,0317,3.9,10.5,-2.5,30
95,0318,4.1,10.7,-2.4,30
95,0319,4.4,11.1,-2.2,30
95,0320,4.6,11.3,-2.1,30
95,0321,4.8,11.5,-1.9,30
95,0322,5.0,11.8,-1.7,30
95,0323,5.2,12.0,-1.5,30
95,0324,5.4,12.2,-1.4,30
95,0325,5.5,12.4,-1.2,30
95,0326,5.7,12.5,-1.1,30
95,0327,5.9,12.7,-0.9,30
95,0328,6.1,12.9,-0.8,30
95,0329,6.3,13.2,-0.7,30
95,0330,6.5,13.5,-0.5,30
95,0331,6.8,13.7,-0.2,30
95,0401,7.1,14.1,0.0,30
95,0402,7.4,14.5,0.2,30
95,0403,7.6,14.7,0.5,30
95,0404,7.9,15.0,0.7,30
95,0405,8.1,15.2,1.0,30
95,0406,8.4,15.4,1.3,30
95,0407,8.6,15.7,1.5,30
95,0408,8.8,16.0,1.7,30
95,0409,9.1,16.2,1.9,30
95,0410,9.3,16.5,2.1,30
95,0411,9.6,16.9,2.3,30
95,0412,9.9,17.1,2.7,30
95,0413,10.1,17.2,3.0,30
95,0414,10.4,17.5,3.3,30
95,0415,10.6,17.7,3.5,30
95,0416,10.8,17.8,3.8,30
95,0417,11.0,18.0,4.0,30
95,0418,11.2,18.2,4.1,30
95,0419,11.3,18.3,4.3,30
95,0420,11.5,18.5,4.4,30
95,0421,11.6,18.7,4.5,30
95,0422,11.9,18.9,4.8,30
95,0423,12.2,19.1,5.1,30
95,0424,12.4,19.3,5.5,30
95,0425,12.7,19.6,5.8,30
95,0426,12.9,19.7,6.1,30
95,0427,13.1,19.9,6.3,30
95,0428,13.4,20.2,6.5,30
95,0429,13.6,20.3,6.7,30
95,0430,13.8,20.6,6.9,30
95,0501,14.0,20.9,7.1,30
95,0502,14.2,21.1,7.4,30
95,0503,14.4,21.2,7.8,30
95,0504,14.7,21.3,8.1,30
95,0505,14.9,21.4,8.4,30
95,0506,15.1,21.6,8.7,30
95,0507,15.2,21.7,8.9,30
95,0508,15.4,21.8,9.1,30
95,0509,15.4,21.8,9.2,30
95,0510,15.5,21.9,9.3,30
95,0511,15.6,22.0,9.5,30
95,0512,15.7,22.0,9.7,30
95,0513,15.8,22.0,9.8,30
95,0514,16.0,22.2,9.9,30
95,0515,16.2,22.4,10.1,30
95,0516,16.3,22.5,10.3,30
95,0517,16.5,22.6,10.5,30
95,0518,16.7,22.9,10.7,30
95,0519,16.9,23.0,10.9,30
95,0520,17.1,23.3,11.1,30
95,0521,17.3,23.5,11.2,30
95,0522,17.5,23.7,11.5,30
95,0523,17.6,23.8,11.6,30
95,0524,17.8,24.1,11.7,30
95,0525,18.0,24.3,11.9,30
95,0526,18.2,24.5,12.1,30
95,0527,18.4,24.7,12.3,30
95,0528,18.6,24.9,12.5,30
95,0529,18.8,25.0,12.8,30
95,0530,19.0,25.2,13.0,30
95,0531,19.1,25.3,13.2,30
95,0601,19.3,25.4,13.4,30
95,0602,19.5,25.6,13.6,30
95,0603,19.7,25.8,13.8,30
95,0604,19.8,25.9,14.1,30
95,0605,20.0,26.0,14.3,30
95,0606,20.1,26.2,14.4,30
95,0607,20.2,26.3,14.6,30
95,0608,20.4,26.4,14.8,30
95,0609,20.5,26.5,15.0,30
95,0610,20.7,26.6,15.2,30
95,0611,20.8,26.7,15.4,30
95,0612,20.9,26.7,15.6,30
95,0613,21.0,26.8,15.7,30
95,0614,21.1,26.9,15.9,30
95,0615,21.2,26.9,16.1,30
95,0616,21.3,27.0,16.2,30
95,0617,21.3,26.9,16.3,30
95,0618,21.4,27.0,16.4,30
95,0619,21.5,27.0,16.6,30
95,0620,21.6,27.0,16.8,30
95,0621,21.7,27.1,16.9,30
95,0622,21.8,27.1,17.1,30
95,0623,21.9,27.1,17.3,30
95,0624,21.9,27.0,17.5,30
95,0625,22.0,26.9,17.7,30
95,0626,22.1,27.0,17.9,30
95,0627,22.2,27.1,18.0,30
95,0628,22.3,27.2,18.2,30
95,0629,22.4,27.2,18.3,30
95,0630,22.5,27.2,18.4,30
95,0701,22.6,27.3,18.5,30
95,0702,22.7,27.4,18.7,30
95,0703,22.8,27.4,18.8,30
95,0704,22.9,27.5,18.9,30
95,0705,22.9,27.5,19.0,30
95,0706,23.0,27.5,19.1,30
95,0707,23.0,27.5,19.2,30
95,0708,23.1,27.5,19.3,30
95,0709,23.1,27.6,19.4,30
95,0710,23.1,27.6,19.4,30
95,0711,23.2,27.6,19.5,30
95,0712,23.2,27.6,19.5,30
95,0713,23.3,27.7,19.7,30
95,0714,23.4,27.7,19.9,30
95,0715,23.5,27.8,20.0,30
95,0716,23.6,27.8,20.2,30
95,0717,23.7,27.9,20.3,30
95,0718,23.8,27.9,20.4,30
95,0719,23.9,28.0,20.5,30
95,0720,24.0,28.2,20.6,30
95,0721,24.1,28.3,20.7,30
95,0722,24.2,28.4,20.9,30
95,0723,24.3,28.5,21.0,30
95,0724,24.5,28.7,21.2,30
95,0725,24.6,28.9,21.3,30
95,0726,24.7,28.9,21.4,30
95,0727,24.8,29.1,21.5,30
95,0728,24.9,29.1,21.5,30
95,0729,24.9,29.3,21.5,30
95,0730,25.0,29.3,21.6,30
95,0731,25.0,29.4,21.6,30
95,0801,25.1,29.5,21.6,30
95,0802,25.1,29.6,21.6,30
95,0803,25.1,29.6,21.6,30
95,0804,25.2,29.7,21.6,30
95,0805,25.2,29.8,21.5,30
95,0806,25.2,29.8,21.5,30
95,0807,25.1,29.8,21.4,30
95,0808,25.1,29.8,21.3,30
95,0809,25.0,29.8,21.3,30
95,0810,25.0,29.7,21.1,30
95,0811,24.9,29.6,21.0,30
95,0812,24.8,29.5,20.9,30
95,0813,24.6,29.4,20.8,30
95,0814,24.5,29.3,20.7,30
95,0815,24.4,29.2,20.6,30
95,0816,24.3,29.1,20.4,30
95,0817,24.1,28.9,20.2,30
95,0818,23.9,28.8,20.0,30
95,0819,23.8,28.6,19.9,30
95,0820,23.6,28.5,19.7,30
95,0821,23.4,28.3,19.5,30
95,0822,23.2,28.1,19.3,30
95,0823,23.1,28.0,19.1,30
95,0824,22.9,27.9,18.8,30
95,0825,22.8,27.8,18.7,30
95,0826,22.6,27.7,18.5,30
95,0827,22.5,27.7,18.3,30
95,0828,22.3,27.6,18.1,30
95,0829,22.2,27.4,17.8,30
95,0830,22.0,27.3,17.6,30
95,0831,21.8,27.2,17.4,30
95,0901,21.7,27.1,17.3,30
95,0902,21.5,27.0,17.0,30
95,0903,21.4,26.8,16.8,30
95,0904,21.2,26.7,16.6,30
95,0905,21.0,26.5,16.3,30
95,0906,20.8,26.4,16.1,30
95,0907,20.6,26.3,15.9,30
95,0908,20.4,26.1,15.6,30
95,0909,20.2,26.0,15.4,30
95,0910,20.0,25.9,15.1,30
95,0911,19.8,25.7,14.8,30
95,0912,19.6,25.6,14.5,30
95,0913,19.4,25.4,14.3,30
95,0914,19.1,25.3,14.0,30
95,0915,18.9,25.1,13.6,30
95,0916,18.7,25.0,13.3,30
95,0917,18.5,24.8,13.1,30
95,0918,18.3,24.7,12.8,30
95,0919,18.1,24.6,12.5,30
95,0920,17.9,24.5,12.3,30
95,0921,17.7,24.4,12.0,30
95,0922,17.5,24.2,11.7,30
95,0923,17.2,23.9,11.5,30
95,0924,17.0,23.7,11.2,30
95,0925,16.7,23.4,10.9,30
95,0926,16.5,23.2,10.7,30
95,0927,16.2,23.0,10.4,30
95,0928,16.0,22.8,10.1,30
95,0929,15.8,22.7,9.9,30
95,0930,15.6,22.5,9.7,30
95,1001,15.4,22.3,9.5,30
95,1002,15.2,22.1,9.3,30
95,1003,15.0,21.9,9.1,30
95,1004,14.8,21.7,8.8,30
95,1005,14.5,21.5,8.6,30
95,1006,14.3,21.3,8.3,30
95,1007,14.0,21.1,7.9,30
95,1008,13.8,20.9,7.6,30
95,1009,13.5,20.7,7.3,30
95,1010,13.3,20.5,7.0,30
95,1011,13.1,20.3,6.7,30
95,1012,12.9,20.2,6.5,30
95,1013,12.7,20.1,6.3,30
95,1014,12.5,19.9,6.1,30
95,1015,12.2,19.7,5.8,30
95,1016,12.0,19.4,5.6,30
95,1017,11.7,19.1,5.3,30
95,1018,11.5,18.9,5.1,30
95,1019,11.2,18.6,4.8,30
95,1020,10.9,18.4,4.5,30
95,1021,10.6,18.1,4.2,30
95,1022,10.3,17.8,3.9,30
95,1023,10.1,17.5,3.7,30
95,1024,9.8,17.3,3.4,30
95,1025,9.5,17.0,3.1,30
95,1026,9.2,16.6,2.8,30
95,1027,9.0,16.3,2.5,30
95,1028,8.7,16.0,2.2,30
95,1029,8.5,15.8,2.0,30
95,1030,8.3,15.7,1.9,30
95,1031,8.1,15.4,1.7,30
95,1101,7.9,15.1,1.6,30
95,1102,7.7,14.8,1.4,30
95,1103,7.5,14.5,1.3,30
95,1104,7.4,14.2,1.2,30
95,1105,7.2,14.0,1.1,30
95,1106,7.1,13.7,1.0,30
95,1107,6.9,13.5,0.9,30
95,1108,6.6,13.1,0.8,30
95,1109,6.4,12.8,0.5,30
95,1110,6.1,12.5,0.4,30
95,1111,5.8,12.1,0.2,30
95,1112,5.5,11.7,0.0,30
95,1113,5.1,11.1,-0.3,30
95,1114,4.6,10.6,-0.7,30
95,1115,4.2,10.3,-1.1,30
95,1116,3.9,10.0,-1.4,30
95,1117,3.6,9.7,-1.6,30
95,1118,3.3,9.4,-2.0,30
95,1119,2.9,9.0,-2.3,30
95,1120,2.6,8.6,-2.5,30
95,1121,2.3,8.3,-2.8,30
95,1122,2.1,8.0,-3.0,30
95,1123,1.9,7.8,-3.2,30
95,1124,1.6,7.6,-3.4,30
95,1125,1.4,7.4,-3.7,30
95,1126,1.2,7.1,-3.9,30
95,1127,0.9,6.8,-4.2,30
95,1128,0.7,6.6,-4.4,30
95,1129,0.4,6.3,-4.6,30
95,1130,0.1,5.9,-4.8,30
95,1201,-0.1,5.6,-5.1,30
95,1202,-0.4,5.3,-5.4,30
95,1203,-0.6,5.0,-5.6,30
95,1204,-0.9,4.7,-5.9,30
95,1205,-1.2,4.4,-6.3,30
95,1206,-1.5,4.2,-6.7,30
95,1207,-1.8,3.9,-7.0,30
95,1208,-2.1,3.5,-7.3,30
95,1209,-2.3,3.3,-7.6,30
95,1210,-2.6,3.0,-7.9,30
95,1211,-2.8,2.8,-8.1,30
95,1212,-2.9,2.6,-8.3,30
95,1213,-3.1,2.6,-8.5,30
95,1214,-3.2,2.6,-8.6,30
95,1215,-3.2,2.6,-8.6,30
95,1216,-3.2,2.6,-8.7,30
95,1217,-3.3,2.5,-8.7,30
95,1218,-3.4,2.4,-8.9,30
95,1219,-3.6,2.3,-9.1,30
95,1220,-3.7,2.2,-9.2,30
95,1221,-3.8,2.1,-9.3,30
95,1222,-3.9,2.1,-9.4,30
95,1223,-4.1,1.9,-9.6,30
95,1224,-4.2,1.8,-9.7,30
95,1225,-4.3,1.8,-9.9,30
95,1226,-4.3,1.7,-10.0,30
95,1227,-4.4,1.7,-10.1,30
95,1228,-4.6,1.5,-10.3,30
95,1229,-4.8,1.3,-10.5,30
95,1230,-5.0,1.1,-10.8,30
95,1231,-5.2,1.0,-11.0,30
98,0101,-4.0,2.2,-9.2,23
98,0102,-4.1,2.1,-9.3,23
98,0103,-4.1,2.1,-9.3,23
98,0104,-4.0,2.1,-9.3,23
98,0105,-4.1,2.1,-9.3,23
98,0106,-4.2,2.0,-9.4,23
98,0107,-4.2,2.0,-9.4,23
98,0108,-4.2,2.1,-9.3,23
98,0109,-4.1,2.2,-9.3,23
98,0110,-4.1,2.2,-9.3,23
98,0111,-4.1,2.2,-9.2,23
98,0112,-4.0,2.3,-9.1,23
98,0113,-3.9,2.3,-9.0,23
98,0114,-3.9,2.3,-9.0,23
98,0115,-3.8,2.3,-8.9,23
98,0116,-3.9,2.2,-8.9,23
98,0117,-3.9,2.3,-9.0,23
98,0118,-3.9,2.2,-9.0,23
98,0119,-3.9,2.3,-9.0,23
98,0120,-3.8,2.4,-9.0,23
98,0121,-3.7,2.5,-9.0,23
98,0122,-3.7,2.6,-8.9,23
98,0123,-3.6,2.7,-8.8,23
98,0124,-3.5,2.7,-8.7,23
98,0125,-3.5,2.7,-8.8,23
98,0126,-3.6,2.7,-8.9,23
98,0127,-3.6,2.7,-9.0,23
98,0128,-3.6,2.7,-9.1,23
98,0129,-3.6,2.8,-9.0,23
98,0130,-3.5,3.0,-9.0,23
98,0131,-3.3,3.2,-8.9,23
98,0201,-3.2,3.3,-8.7,23
98,0202,-3.0,3.4,-8.5,23
98,0203,-2.9,3.5,-8.3,23
98,0204,-2.8,3.7,-8.2,23
98,0205,-2.7,3.7,-8.1,23
98,0206,-2.5,3.9,-7.9,23
98,0207,-2.3,4.0,-7.7,23
98,0208,-2.2,4.2,-7.6,23
98,0209,-2.1,4.3,-7.5,23
98,0210,-1.9,4.5,-7.3,23
98,0211,-1.7,4.7,-7.1,23
98,0212,-1.5,4.9,-6.9,23
98,0213,-1.2,5.2,-6.6,23
98,0214,-1.1,5.4,-6.5,23
98,0215,-0.8,5.7,-6.2,23
98,0216,-0.5,6.0,-5.9,23
98,0217,-0.2,6.4,-5.7,23
98,0218,0.1,6.7,-5.4,23
98,0219,0.4,7.0,-5.1,23
98,0220,0.6,7.3,-4.9,23
98,0221,0.8,7.5,-4.7,23
98,0222,0.9,7.6,-4.6,23
98,0223,1.1,7.8,-4.4,23
98,0224,1.3,8.0,-4.1,23
98,0225,1.6,8.4,-3.9,23
98,0226,1.9,8.7,-3.6,23
98,0227,2.1,8.8,-3.4,23
98,0228,2.2,8.8,-3.2,23
98,0229,2.3,8.9,-3.0,0
98,0301,2.3,9.0,-3.0,23
98,0302,2.5,9.2,-3.0,23
98,0303,2.6,9.3,-2.8,23
98,0304,2.6,9.3,-2.8,23
98,0305,2.7,9.4,-2.7,23
98,0306,2.9,9.6,-2.6,23
98,0307,3.0,9.8,-2.5,23
98,0308,3.2,10.0,-2.4,23
98,0309,3.4,10.3,-2.2,23
98,0310,3.7,10.7,-2.1,23
98,0311,4.0,11.0,-1.8,23
98,0312,4.3,11.2,-1.6,23
98,0313,4.5,11.6,-1.4,23
98,0314,4.8,11.9,-1.2,23
98,0315,5.1,12.3,-1.0,23
98,0316,5.3,12.5,-0.8,23
98,0317,5.5,12.6,-0.6,23
98,0318,5.6,12.9,-0.5,23
98,0319,5.9,13.2,-0.3,23
98,0320,6.2,13.5,-0.0,23
98,0321,6.3,13.7,0.2,23
98,0322,6.5,13.9,0.4,23
98,0323,6.7,14.0,0.6,23
98,0324,6.9,14.2,0.8,23
98,0325,7.1,14.4,0.9,23
98,0326,7.2,14.5,1.0,23
98,0327,7.3,14.6,1.1,23
98,0328,7.4,14.8,1.2,23
98,0329,7.6,15.1,1.4,23
98,0330,7.8,15.2,1.6,23
98,0331,8.1,15.5,1.8,23
98,0401,8.4,15.8,2.1,23
98,0402,8.7,16.1,2.4,23
98,0403,9.0,16.4,2.7,23
98,0404,9.2,16.7,3.0,23
98,0405,9.5,17.0,3.3,23
98,0406,9.8,17.2,3.5,23
98,0407,10.0,17.4,3.8,23
98,0408,10.2,17.7,3.9,23
98,0409,10.4,17.9,4.1,23
98,0410,10.7,18.2,4.3,23
98,0411,11.0,18.6,4.6,23
98,0412,11.2,18.8,4.9,23
98,0413,11.5,18.9,5.2,23
98,0414,11.7,19.2,5.5,23
98,0415,12.0,19.4,5.8,23
98,0416,12.1,19.4,6.0,23
98,0417,12.3,19.6,6.1,23
98,0418,12.4,19.7,6.2,23
98,0419,12.4,19.8,6.3,23
98,0420,12.5,19.9,6.3,23
98,0421,12.7,20.1,6.4,23
98,0422,12.9,20.3,6.6,23
98,0423,13.2,20.5,6.9,23
98,0424,13.4,20.7,7.2,23
98,0425,13.7,21.0,7.5,23
98,0426,13.9,21.1,7.7,23
98,0427,14.1,21.4,7.9,23
98,0428,14.4,21.7,8.0,23
98,0429,14.5,21.9,8.1,23
98,0430,14.7,22.2,8.2,23
98,0501,15.0,22.5,8.4,23
98,0502,15.2,22.7,8.7,23
98,0503,15.4,22.8,8.9,23
98,0504,15.6,23.0,9.2,23
98,0505,15.8,23.1,9.5,23
98,0506,16.0,23.3,9.7,23
98,0507,16.2,23.5,9.9,23
98,0508,16.2,23.5,10.0,23
98,0509,16.3,23.5,10.1,23
98,0510,16.3,23.5,10.2,23
98,0511,16.4,23.5,10.3,23
98,0512,16.4,23.5,10.4,23
98,0513,16.5,23.5,10.5,23
98,0514,16.7,23.7,10.6,23
98,0515,16.8,23.8,10.9,23
98,0516,17.0,23.9,11.1,23
98,0517,17.1,24.0,11.3,23
98,0518,17.3,24.3,11.5,23
98,0519,17.6,24.6,11.7,23
98,0520,17.8,24.9,11.8,23
98,0521,18.0,25.0,12.0,23
98,0522,18.2,25.2,12.3,23
98,0523,18.3,25.3,12.4,23
98,0524,18.5,25.6,12.5,23
98,0525,18.7,25.7,12.7,23
98,0526,18.9,26.0,12.8,23
98,0527,19.2,26.3,13.0,23
98,0528,19.4,26.5,13.3,23
98,0529,19.6,26.7,13.5,23
98,0530,19.7,26.8,13.8,23
98,0531,19.9,26.9,13.9,23
98,0601,20.0,27.0,14.1,23
98,0602,20.2,27.2,14.3,23
98,0603,20.4,27.3,14.5,23
98,0604,20.6,27.5,14.7,23
98,0605,20.7,27.6,14.9,23
98,0606,20.8,27.6,15.0,23
98,0607,20.9,27.8,15.2,23
98,0608,21.0,27.8,15.4,23
98,0609,21.1,27.9,15.6,23
98,0610,21.3,28.0,15.8,23
98,0611,21.4,28.0,16.0,23
98,0612,21.5,28.0,16.2,23
98,0613,21.6,28.1,16.3,23
98,0614,21.7,28.2,16.5,23
98,0615,21.8,28.3,16.6,23
98,0616,21.9,28.3,16.8,23
98,0617,21.9,28.3,16.9,23
98,0618,22.0,28.3,17.0,23
98,0619,22.0,28.2,17.2,23
98,0620,22.1,28.2,17.3,23
98,0621,22.3,28.3,17.5,23
98,0622,22.4,28.3,17.7,23
98,0623,22.5,28.3,17.9,23
98,0624,22.6,28.3,18.2,23
98,0625,22.7,28.2,18.4,23
98,0626,22.8,28.2,18.6,23
98,0627,22.9,28.3,18.7,23
98,0628,23.0,28.3,18.8,23
98,0629,23.1,28.4,18.9,23
98,0630,23.1,28.4,19.1,23
98,0701,23.3,28.4,19.2,23
98,0702,23.4,28.5,19.4,23
98,0703,23.4,28.5,19.5,23
98,0704,23.5,28.6,19.7,23
98,0705,23.6,28.5,19.8,23
98,0706,23.6,28.4,19.9,23
98,0707,23.7,28.5,20.0,23
98,0708,23.7,28.5,20.1,23
98,0709,23.7,28.5,20.1,23
98,0710,23.7,28.5,20.1,23
98,0711,23.8,28.6,20.2,23
98,0712,23.9,28.5,20.3,23
98,0713,24.0,28.6,20.4,23
98,0714,24.0,28.6,20.6,23
98,0715,24.1,28.6,20.7,23
98,0716,24.1,28.6,20.8,23
98,0717,24.2,28.6,20.9,23
98,0718,24.3,28.7,21.0,23
98,0719,24.4,28.8,21.1,23
98,0720,24.5,29.0,21.3,23
98,0721,24.6,29.0,21.4,23
98,0722,24.7,29.1,21.5,23
98,0723,24.9,29.3,21.6,23
98,0724,25.0,29.4,21.8,23
98,0725,25.2,29.6,21.9,23
98,0726,25.3,29.7,22.0,23
98,0727,25.4,29.9,22.1,23
98,0728,25.5,30.0,22.2,23
98,0729,25.6,30.1,22.2,23
98,0730,25.6,30.2,22.3,23
98,0731,25.7,30.3,22.3,23
98,0801,25.8,30.5,22.4,23
98,0802,25.9,30.6,22.4,23
98,0803,25.9,30.6,22.5,23
98,0804,26.0,30.7,22.5,23
98,0805,26.0,30.8,22.4,23
98,0806,26.0,30.9,22.4,23
98,0807,26.0,30.9,22.4,23
98,0808,26.0,30.9,22.3,23
98,0809,25.9,30.9,22.3,23
98,0810,25.8,30.8,22.2,23
98,0811,25.7,30.7,22.1,23
98,0812,25.6,30.6,22.0,23
98,0813,25.5,30.4,21.8,23
98,0814,25.3,30.3,21.7,23
98,0815,25.2,30.2,21.6,23
98,0816,25.1,30.1,21.4,23
98,0817,24.9,29.9,21.2,23
98,0818,24.7,29.8,21.0,23
98,0819,24.6,29.7,20.8,23
98,0820,24.5,29.6,20.7,23
98,0821,24.3,29.4,20.5,23
98,0822,24.1,29.3,20.3,23
98,0823,24.0,29.2,20.1,23
98,0824,23.8,29.0,19.9,23
98,0825,23.7,28.9,19.7,23
98,0826,23.5,28.8,19.5,23
98,0827,23.4,28.8,19.3,23
98,0828,23.3,28.7,19.1,23
98,0829,23.1,28.6,18.9,22
98,0830,22.9,28.4,18.7,23
98,0831,22.8,28.3,18.5,23
98,0901,22.6,28.2,18.4,23
98,0902,22.5,28.1,18.2,23
98,0903,22.3,28.0,18.0,23
98,0904,22.2,27.8,17.9,23
98,0905,22.0,27.6,17.6,23
98,0906,21.8,27.6,17.4,23
98,0907,21.7,27.4,17.3,23
98,0908,21.5,27.3,17.1,23
98,0909,21.4,27.2,16.9,23
98,0910,21.2,27.1,16.7,23
98,0911,21.1,27.0,16.5,23
98,0912,20.9,26.8,16.3,23
98,0913,20.7,26.7,16.0,23
98,0914,20.5,26.5,15.8,23
98,0915,20.3,26.3,15.5,23
98,0916,20.0,26.2,15.3,23
98,0917,19.9,26.1,15.0,23
98,0918,19.7,26.0,14.8,23
98,0919,19.5,26.0,14.5,23
98,0920,19.4,25.9,14.3,23
98,0921,19.2,25.7,14.1,23
98,0922,19.0,25.5,13.8,23
98,0923,18.7,25.3,13.6,23
98,0924,18.5,25.0,13.4,23
98,0925,18.2,24.8,13.1,23
98,0926,17.9,24.5,12.8,23
98,0927,17.7,24.4,12.5,23
98,0928,17.4,24.2,12.2,23
98,0929,17.3,24.2,11.9,23
98,0930,17.1,24.0,11.8,23
98,1001,16.9,23.8,11.6,23
98,1002,16.7,23.7,11.4,23
98,1003,16.5,23.4,11.2,23
98,1004,16.3,23.1,10.9,23
98,1005,15.9,22.8,10.6,23
98,1006,15.7,22.6,10.2,23
98,1007,15.4,22.4,9.9,23
98,1008,15.1,22.2,9.5,23
98,1009,14.8,22.0,9.1,23
98,1010,14.5,21.8,8.8,23
98,1011,14.3,21.7,8.5,23
98,1012,14.1,21.5,8.4,23
98,1013,13.9,21.4,8.2,23
98,1014,13.7,21.2,8.0,23
98,1015,13.5,21.0,7.8,23
98,1016,13.2,20.7,7.5,23
98,1017,13.0,20.5,7.3,23
98,1018,12.8,20.3,7.0,23
98,1019,12.5,20.1,6.8,23
98,1020,12.3,19.9,6.5,23
98,1021,12.1,19.6,6.3,23
98,1022,11.8,19.3,6.1,23
98,1023,11.6,19.1,5.8,23
98,1024,11.4,19.0,5.6,23
98,1025,11.2,18.7,5.4,23
98,1026,10.9,18.4,5.2,23
98,1027,10.6,18.1,4.8,23
98,1028,10.4,17.8,4.6,23
98,1029,10.2,17.6,4.3,23
98,1030,10.0,17.4,4.1,23
98,1031,9.9,17.2,4.0,23
98,1101,9.7,16.9,3.8,23
98,1102,9.4,16.6,3.6,23
98,1103,9.2,16.4,3.4,23
98,1104,9.0,16.0,3.3,23
98,1105,8.8,15.8,3.0,23
98,1106,8.6,15.6,2.9,23
98,1107,8.4,15.2,2.8,23
98,1108,8.1,14.8,2.6,23
98,1109,7.8,14.5,2.3,23
98,1110,7.5,14.2,2.1,23
98,1111,7.2,13.8,1.8,23
98,1112,6.8,13.3,1.5,23
98,1113,6.3,12.8,1.1,23
98,1114,5.9,12.3,0.7,23
98,1115,5.5,12.0,0.2,23
98,1116,5.1,11.7,-0.1,23
98,1117,4.9,11.4,-0.3,23
98,1118,4.5,11.1,-0.6,23
98,1119,4.2,10.8,-0.9,23
98,1120,4.0,10.4,-1.1,23
98,1121,3.7,10.1,-1.3,23
98,1122,3.4,9.8,-1.5,23
98,1123,3.2,9.6,-1.7,23
98,1124,3.1,9.4,-1.9,23
98,1125,2.9,9.1,-2.0,23
98,1126,2.7,9.0,-2.1,23
98,1127,2.5,8.7,-2.3,23
98,1128,2.3,8.4,-2.5,23
98,1129,2.0,8.0,-2.8,23
98,1130,1.7,7.7,-3.0,23
98,1201,1.4,7.2,-3.2,23
98,1202,1.1,6.9,-3.6,23
98,1203,0.9,6.6,-3.8,23
98,1204,0.7,6.3,-4.1,23
98,1205,0.3,6.1,-4.5,23
98,1206,-0.0,5.8,-4.8,23
98,1207,-0.3,5.5,-5.2,23
98,1208,-0.6,5.2,-5.5,23
98,1209,-0.9,4.9,-5.8,23
98,1210,-1.2,4.5,-6.1,23
98,1211,-1.5,4.2,-6.4,23
98,1212,-1.7,4.1,-6.6,23
98,1213,-1.8,4.0,-6.8,23
98,1214,-1.9,4.0,-6.8,23
98,1215,-1.9,4.0,-6.9,23
98,1216,-1.9,4.1,-6.9,23
98,1217,-2.0,4.0,-7.0,23
98,1218,-2.2,3.8,-7.1,23
98,1219,-2.4,3.6,-7.4,23
98,1220,-2.6,3.4,-7.6,23
98,1221,-2.7,3.3,-7.7,23
98,1222,-2.7,3.2,-7.8,23
98,1223,-2.9,3.1,-8.0,23
98,1224,-3.0,3.0,-8.1,23
98,1225,-3.1,2.9,-8.3,23
98,1226,-3.1,2.9,-8.3,23
98,1227,-3.2,2.8,-8.3,23
98,1228,-3.3,2.7,-8.4,23
98,1229,-3.4,2.6,-8.6,23
98,1230,-3.6,2.4,-8.8,23
98,1231,-3.8,2.2,-9.0,23
100,0101,-6.4,-1.1,-11.8,30
100,0102,-6.5,-1.2,-11.9,30
100,0103,-6.6,-1.3,-11.9,30
100,0104,-6.7,-1.4,-12.0,30
100,0105,-6.7,-1.5,-12.0,30
100,0106,-6.8,-1.6,-12.0,30
100,0107,-6.9,-1.7,-12.1,30
100,0108,-6.9,-1.7,-12.2,30
100,0109,-6.9,-1.7,-12.2,30
100,0110,-6.9,-1.7,-12.3,30
100,0111,-7.0,-1.7,-12.3,30
100,0112,-7.0,-1.7,-12.3,30
100,0113,-6.9,-1.7,-12.2,30
100,0114,-7.0,-1.8,-12.2,30
100,0115,-7.0,-1.8,-12.1,30
100,0116,-7.1,-1.9,-12.2,30
100,0117,-7.2,-2.0,-12.3,30
100,0118,-7.2,-2.0,-12.4,30
100,0119,-7.2,-2.1,-12.4,30
100,0120,-7.2,-2.0,-12.4,30
100,0121,-7.1,-1.9,-12.5,30
100,0122,-7.1,-1.9,-12.3,30
100,0123,-7.0,-1.9,-12.2,30
100,0124,-7.0,-1.9,-12.2,29
100,0125,-7.1,-1.9,-12.3,30
100,0126,-7.1,-1.9,-12.4,30
100,0127,-7.1,-1.9,-12.4,30
100,0128,-7.1,-1.8,-12.4,30
100,0129,-7.0,-1.7,-12.4,30
100,0130,-6.9,-1.6,-12.3,30
100,0131,-6.8,-1.5,-12.2,30
100,0201,-6.6,-1.3,-12.1,30
100,0202,-6.5,-1.2,-12.0,30
100,0203,-6.5,-1.1,-11.9,30
100,0204,-6.4,-1.1,-11.8,30
100,0205,-6.2,-1.0,-11.6,30
100,0206,-6.1,-0.7,-11.5,30
100,0207,-5.9,-0.5,-11.4,30
100,0208,-5.7,-0.4,-11.2,30
100,0209,-5.5,-0.3,-11.0,30
100,0210,-5.4,-0.3,-10.8,30
100,0211,-5.3,-0.1,-10.7,30
100,0212,-5.1,0.1,-10.5,30
100,0213,-5.0,0.2,-10.4,30
100,0214,-4.9,0.3,-10.4,30
100,0215,-4.7,0.5,-10.2,30
100,0216,-4.5,0.7,-10.0,30
100,0217,-4.3,0.9,-9.8,30
100,0218,-4.1,1.1,-9.5,30
100,0219,-3.9,1.3,-9.4,30
100,0220,-3.7,1.5,-9.2,30
100,0221,-3.6,1.6,-8.9,30
100,0222,-3.6,1.6,-8.9,30
100,0223,-3.4,1.8,-8.7,30
100,0224,-3.3,2.0,-8.5,30
100,0225,-3.0,2.2,-8.3,30
100,0226,-2.8,2.4,-8.0,30
100,0227,-2.6,2.5,-7.8,30
100,0228,-2.5,2.6,-7.6,30
100,0229,-2.4,2.7,-7.3,0
100,0301,-2.3,2.7,-7.2,30
100,0302,-2.1,2.9,-7.0,30
100,0303,-1.9,3.1,-6.8,30
100,0304,-1.8,3.1,-6.8,30
100,0305,-1.7,3.3,-6.6,30
100,0306,-1.5,3.4,-6.5,30
100,0307,-1.4,3.5,-6.4,30
100,0308,-1.3,3.7,-6.3,30
100,0309,-1.1,3.8,-6.1,30
100,0310,-0.9,4.1,-5.9,30
100,0311,-0.6,4.4,-5.7,30
100,0312,-0.4,4.7,-5.5,30
100,0313,-0.2,4.9,-5.3,30
100,0314,0.0,5.2,-5.2,30
100,0315,0.3,5.4,-4.9,30
100,0316,0.4,5.6,-4.7,30
100,0317,0.6,5.8,-4.6,30
100,0318,0.7,6.0,-4.4,30
100,0319,1.0,6.3,-4.2,30
100,0320,1.2,6.5,-4.0,30
100,0321,1.4,6.7,-3.8,30
100,0322,1.6,6.9,-3.5,30
100,0323,1.8,7.1,-3.3,30
100,0324,2.0,7.4,-3.1,30
100,0325,2.2,7.6,-2.9,30
100,0326,2.3,7.7,-2.8,30
100,0327,2.4,7.9,-2.7,30
100,0328,2.6,8.1,-2.5,30
100,0329,2.9,8.4,-2.3,30
100,0330,3.1,8.6,-2.1,30
100,0331,3.4,8.9,-1.9,30
100,0401,3.7,9.2,-1.7,30
100,0402,3.9,9.6,-1.5,30
100,0403,4.2,9.8,-1.2,30
100,0404,4.3,9.9,-1.1,30
100,0405,4.4,10.1,-0.9,30
100,0406,4.7,10.4,-0.8,30
100,0407,4.9,10.6,-0.6,30
100,0408,5.1,10.9,-0.4,30
100,0409,5.4,11.3,-0.2,30
100,0410,5.7,11.5,0.0,30
100,0411,6.0,11.9,0.3,30
100,0412,6.2,12.2,0.5,30
100,0413,6.4,12.4,0.7,30
100,0414,6.7,12.7,1.0,30
100,0415,6.9,13.0,1.2,30
100,0416,7.2,13.2,1.5,30
100,0417,7.3,13.4,1.6,30
100,0418,7.6,13.7,1.8,30
100,0419,7.8,13.9,2.0,30
100,0420,8.0,14.2,2.2,30
100,0421,8.3,14.5,2.3,30
100,0422,8.5,14.7,2.6,30
100,0423,8.8,14.9,2.9,30
100,0424,8.9,15.0,3.1,30
100,0425,9.2,15.2,3.3,30
100,0426,9.4,15.3,3.5,30
100,0427,9.6,15.6,3.8,30
100,0428,9.9,15.9,4.1,30
100,0429,10.1,16.0,4.2,30
100,0430,10.2,16.2,4.3,30
100,0501,10.4,16.4,4.5,30
100,0502,10.6,16.5,4.7,30
100,0503,10.7,16.5,4.9,30
100,0504,10.9,16.7,5.1,30
100,0505,11.1,16.8,5.3,30
100,0506,11.2,16.9,5.6,30
100,0507,11.3,17.0,5.7,30
100,0508,11.4,17.2,5.8,30
100,0509,11.5,17.2,5.9,30
100,0510,11.6,17.4,6.0,30
100,0511,11.7,17.5,6.1,30
100,0512,11.8,17.6,6.2,30
100,0513,11.9,17.7,6.3,30
100,0514,12.1,17.9,6.4,30
100,0515,12.3,18.1,6.6,30
100,0516,12.4,18.3,6.7,30
100,0517,12.6,18.5,6.9,30
100,0518,12.9,18.8,7.1,30
100,0519,13.1,19.0,7.3,30
100,0520,13.2,19.1,7.4,30
100,0521,13.3,19.3,7.5,30
100,0522,13.4,19.4,7.6,30
100,0523,13.5,19.6,7.7,30
100,0524,13.7,19.8,7.8,30
100,0525,13.8,20.0,7.9,30
100,0526,14.0,20.1,8.1,30
100,0527,14.1,20.1,8.1,30
100,0528,14.2,20.3,8.3,30
100,0529,14.3,20.3,8.5,30
100,0530,14.4,20.3,8.7,30
100,0531,14.5,20.4,8.8,30
100,0601,14.6,20.5,8.9,30
100,0602,14.7,20.5,9.1,30
100,0603,14.8,20.5,9.2,30
100,0604,14.9,20.6,9.4,30
100,0605,15.0,20.7,9.6,30
100,0606,15.1,20.8,9.7,30
100,0607,15.2,20.8,9.9,30
100,0608,15.3,20.8,10.1,30
100,0609,15.4,20.8,10.3,30
100,0610,15.5,20.9,10.5,30
100,0611,15.7,21.0,10.7,30
100,0612,15.8,21.0,10.9,30
100,0613,15.9,21.2,11.1,30
100,0614,16.0,21.2,11.3,30
100,0615,16.1,21.2,11.4,30
100,0616,16.1,21.1,11.6,30
100,0617,16.2,21.2,11.7,30
100,0618,16.3,21.2,11.9,30
100,0619,16.5,21.3,12.1,30
100,0620,16.6,21.4,12.4,30
100,0621,16.8,21.5,12.6,30
100,0622,16.9,21.7,12.8,30
100,0623,17.1,21.8,13.0,30
100,0624,17.3,21.8,13.4,30
100,0625,17.4,21.9,13.6,30
100,0626,17.5,21.9,13.8,30
100,0627,17.7,22.0,14.0,30
100,0628,17.8,22.1,14.2,30
100,0629,17.9,22.2,14.3,30
100,0630,17.9,22.2,14.4,30
100,0701,18.1,22.3,14.5,30
100,0702,18.2,22.4,14.7,30
100,0703,18.3,22.5,14.9,30
100,0704,18.5,22.6,15.0,30
100,0705,18.6,22.6,15.2,30
100,0706,18.6,22.6,15.4,30
100,0707,18.7,22.6,15.5,30
100,0708,18.7,22.6,15.6,30
100,0709,18.7,22.6,15.6,30
100,0710,18.7,22.5,15.7,30
100,0711,18.8,22.6,15.7,30
100,0712,18.9,22.7,15.8,30
100,0713,19.0,22.8,15.9,30
100,0714,19.2,22.9,16.2,30
100,0715,19.4,23.1,16.4,30
100,0716,19.6,23.3,16.6,30
100,0717,19.7,23.4,16.7,30
100,0718,19.8,23.5,16.9,30
100,0719,19.9,23.5,17.0,30
100,0720,20.0,23.6,17.1,30
100,0721,20.1,23.7,17.2,30
100,0722,20.2,23.9,17.3,30
100,0723,20.4,24.1,17.5,30
100,0724,20.6,24.3,17.6,30
100,0725,20.7,24.6,17.8,30
100,0726,20.9,24.6,17.9,30
100,0727,20.9,24.7,18.0,30
100,0728,21.0,24.8,18.1,30
100,0729,21.0,24.8,18.1,30
100,0730,21.0,24.8,18.1,30
100,0731,21.0,24.8,18.0,30
100,0801,21.0,24.9,18.0,30
100,0802,21.0,24.9,18.0,30
100,0803,21.0,24.9,18.0,30
100,0804,21.0,24.9,18.0,30
100,0805,21.0,25.0,17.9,30
100,0806,21.0,25.0,17.8,30
100,0807,20.9,24.9,17.8,30
100,0808,20.8,24.8,17.7,30
100,0809,20.7,24.6,17.6,30
100,0810,20.6,24.5,17.5,30
100,0811,20.5,24.4,17.4,30
100,0812,20.3,24.2,17.2,30
100,0813,20.2,24.0,17.1,30
100,0814,20.1,23.9,17.0,30
100,0815,20.0,23.8,16.9,30
100,0816,19.9,23.7,16.8,30
100,0817,19.7,23.6,16.6,30
100,0818,19.6,23.5,16.4,30
100,0819,19.4,23.4,16.2,30
100,0820,19.3,23.2,16.1,30
100,0821,19.1,23.0,15.9,30
100,0822,18.9,22.8,15.7,30
100,0823,18.7,22.6,15.5,30
100,0824,18.6,22.5,15.3,30
100,0825,18.4,22.5,15.1,30
100,0826,18.3,22.4,15.0,30
100,0827,18.2,22.3,14.8,30
100,0828,18.0,22.2,14.6,30
100,0829,17.8,22.1,14.3,30
100,0830,17.6,21.9,14.1,30
100,0831,17.4,21.7,13.9,30
100,0901,17.3,21.6,13.7,30
100,0902,17.1,21.5,13.5,30
100,0903,17.0,21.3,13.3,30
100,0904,16.8,21.2,13.1,30
100,0905,16.6,21.0,12.9,30
100,0906,16.4,20.8,12.7,30
100,0907,16.2,20.7,12.4,30
100,0908,16.1,20.6,12.3,30
100,0909,15.9,20.4,12.0,30
100,0910,15.7,20.2,11.8,30
100,0911,15.5,20.1,11.6,30
100,0912,15.4,20.0,11.4,30
100,0913,15.2,19.8,11.2,30
100,0914,15.0,19.6,10.9,30
100,0915,14.7,19.4,10.6,30
100,0916,14.5,19.2,10.3,30
100,0917,14.3,19.0,10.0,30
100,0918,14.1,18.9,9.8,30
100,0919,13.9,18.8,9.5,30
100,0920,13.7,18.7,9.3,30
100,0921,13.5,18.6,9.0,30
100,0922,13.3,18.4,8.7,30
100,0923,13.1,18.3,8.5,30
100,0924,12.9,18.1,8.3,30
100,0925,12.7,18.0,8.0,30
100,0926,12.5,17.8,7.8,30
100,0927,12.3,17.5,7.5,30
100,0928,12.1,17.4,7.2,30
100,0929,11.9,17.2,7.0,30
100,0930,11.8,17.2,6.9,30
100,1001,11.7,17.1,6.8,30
100,1002,11.5,17.0,6.6,30
100,1003,11.4,16.8,6.4,30
100,1004,11.2,16.6,6.2,30
100,1005,11.0,16.5,6.1,30
100,1006,10.8,16.4,5.8,30
100,1007,10.6,16.3,5.6,30
100,1008,10.4,16.1,5.3,30
100,1009,10.2,15.9,5.0,30
100,1010,10.0,15.7,4.8,30
100,1011,9.7,15.5,4.5,30
100,1012,9.6,15.4,4.3,30
100,1013,9.4,15.3,4.2,30
100,1014,9.3,15.2,4.0,30
100,1015,9.1,15.0,3.8,30
100,1016,8.9,14.8,3.6,30
100,1017,8.7,14.6,3.4,30
100,1018,8.5,14.4,3.1,30
100,1019,8.2,14.2,2.9,30
100,1020,8.0,14.0,2.6,30
100,1021,7.8,13.8,2.4,30
100,1022,7.6,13.6,2.2,30
100,1023,7.4,13.4,2.0,30
100,1024,7.1,13.2,1.7,30
100,1025,6.9,12.9,1.5,30
100,1026,6.7,12.7,1.3,30
100,1027,6.5,12.4,1.1,30
100,1028,6.3,12.3,0.8,30
100,1029,6.2,12.2,0.7,30
100,1030,6.1,12.1,0.6,30
100,1031,6.0,12.0,0.5,30
100,1101,5.8,11.7,0.3,30
100,1102,5.5,11.4,0.2,30
100,1103,5.4,11.1,0.1,30
100,1104,5.2,10.9,-0.0,30
100,1105,5.0,10.6,-0.2,30
100,1106,4.8,10.3,-0.3,30
100,1107,4.7,10.1,-0.4,30
100,1108,4.5,9.8,-0.6,30
100,1109,4.2,9.5,-0.8,30
100,1110,4.0,9.3,-1.0,30
100,1111,3.7,9.0,-1.3,30
100,1112,3.4,8.6,-1.6,30
100,1113,2.9,8.1,-1.9,30
100,1114,2.5,7.7,-2.3,30
100,1115,2.2,7.3,-2.7,30
100,1116,1.9,7.1,-3.0,30
100,1117,1.7,6.8,-3.2,30
100,1118,1.4,6.6,-3.5,30
100,1119,1.1,6.3,-3.8,30
100,1120,0.9,6.0,-4.0,30
100,1121,0.6,5.7,-4.3,30
100,1122,0.3,5.5,-4.5,30
100,1123,0.2,5.3,-4.6,30
100,1124,0.0,5.1,-4.8,30
100,1125,-0.1,4.9,-5.0,30
100,1126,-0.3,4.7,-5.2,30
100,1127,-0.5,4.4,-5.3,30
100,1128,-0.8,4.2,-5.6,30
100,1129,-1.1,3.8,-5.8,30
100,1130,-1.3,3.5,-6.0,30
100,1201,-1.6,3.2,-6.3,30
100,1202,-1.8,3.0,-6.6,30
100,1203,-2.1,2.7,-6.8,30
100,1204,-2.3,2.4,-7.1,30
100,1205,-2.6,2.2,-7.4,30
100,1206,-2.9,1.9,-7.7,30
100,1207,-3.2,1.7,-8.1,30
100,1208,-3.5,1.4,-8.4,30
100,1209,-3.8,1.1,-8.7,30
100,1210,-4.0,0.9,-8.9,30
100,1211,-4.2,0.6,-9.1,30
100,1212,-4.4,0.5,-9.3,30
100,1213,-4.4,0.4,-9.4,30
100,1214,-4.5,0.4,-9.5,30
100,1215,-4.5,0.4,-9.5,30
100,1216,-4.6,0.3,-9.6,30
100,1217,-4.6,0.3,-9.6,30
100,1218,-4.8,0.1,-9.7,30
100,1219,-4.9,0.1,-9.9,30
100,1220,-5.0,-0.0,-10.0,30
100,1221,-5.1,-0.1,-10.1,30
100,1222,-5.2,-0.1,-10.2,30
100,1223,-5.3,-0.2,-10.3,30
100,1224,-5.4,-0.3,-10.4,30
100,1225,-5.5,-0.4,-10.6,30
100,1226,-5.5,-0.4,-10.6,30
100,1227,-5.6,-0.5,-10.7,30
100,1228,-5.8,-0.7,-10.9,30
100,1229,-5.9,-0.8,-11.1,30
100,1230,-6.1,-1.0,-11.3,30
100,1231,-6.3,-1.0,-11.6,30
101,0101,-4.0,1.8,-8.9,30
101,0102,-4.1,1.7,-9.1,30
101,0103,-4.2,1.6,-9.2,30
101,0104,-4.2,1.6,-9.3,30
101,0105,-4.3,1.6,-9.3,30
101,0106,-4.3,1.6,-9.4,30
101,0107,-4.3,1.6,-9.5,30
101,0108,-4.3,1.6,-9.5,30
101,0109,-4.4,1.6,-9.5,30
101,0110,-4.3,1.7,-9.5,30
101,0111,-4.3,1.7,-9.5,30
101,0112,-4.3,1.7,-9.4,30
101,0113,-4.2,1.7,-9.3,30
101,0114,-4.2,1.7,-9.3,30
101,0115,-4.2,1.7,-9.3,30
101,0116,-4.2,1.7,-9.3,30
101,0117,-4.2,1.7,-9.4,30
101,0118,-4.2,1.7,-9.4,30
101,0119,-4.2,1.8,-9.4,30
101,0120,-4.1,1.9,-9.4,30
101,0121,-4.1,2.0,-9.4,30
101,0122,-4.0,2.0,-9.3,30
101,0123,-3.9,2.1,-9.3,30
101,0124,-3.9,2.2,-9.2,30
101,0125,-3.9,2.2,-9.3,30
101,0126,-3.9,2.3,-9.4,30
101,0127,-3.9,2.3,-9.5,30
101,0128,-3.9,2.4,-9.5,30
101,0129,-3.8,2.5,-9.5,30
101,0130,-3.7,2.7,-9.5,30
101,0131,-3.6,2.9,-9.4,30
101,0201,-3.5,3.0,-9.2,30
101,0202,-3.4,3.1,-9.1,30
101,0203,-3.2,3.2,-8.9,30
101,0204,-3.1,3.3,-8.8,30
101,0205,-3.0,3.5,-8.7,30
101,0206,-2.8,3.7,-8.5,30
101,0207,-2.6,3.9,-8.3,30
101,0208,-2.4,4.1,-8.1,30
101,0209,-2.2,4.2,-7.9,30
101,0210,-2.0,4.3,-7.7,30
101,0211,-1.8,4.6,-7.4,30
101,0212,-1.6,4.8,-7.2,30
101,0213,-1.4,5.0,-7.1,30
101,0214,-1.3,5.1,-6.9,30
101,0215,-1.1,5.3,-6.7,30
101,0216,-0.8,5.6,-6.5,30
101,0217,-0.6,5.9,-6.3,30
101,0218,-0.4,6.1,-6.1,30
101,0219,-0.1,6.4,-5.8,30
101,0220,0.1,6.7,-5.6,30
101,0221,0.3,6.8,-5.3,30
101,0222,0.4,6.9,-5.3,30
101,0223,0.5,7.0,-5.1,30
101,0224,0.8,7.2,-4.9,30
101,0225,1.0,7.5,-4.6,30
101,0226,1.3,7.8,-4.4,30
101,0227,1.5,7.9,-4.1,30
101,0228,1.7,8.1,-3.8,30
101,0229,1.9,8.2,-3.6,0
101,0301,2.1,8.4,-3.4,30
101,0302,2.3,8.6,-3.2,30
101,0303,2.5,8.8,-3.0,30
101,0304,2.6,8.9,-2.9,30
101,0305,2.8,9.1,-2.8,30
101,0306,2.9,9.3,-2.7,30
101,0307,3.1,9.5,-2.6,30
101,0308,3.2,9.6,-2.6,30
101,0309,3.4,9.8,-2.4,30
101,0310,3.6,10.2,-2.3,30
101,0311,3.9,10.5,-2.0,30
101,0312,4.2,10.7,-1.9,30
101,0313,4.4,11.0,-1.7,30
101,0314,4.6,11.3,-1.6,30
101,0315,4.9,11.7,-1.4,30
101,0316,5.1,11.8,-1.2,30
101,0317,5.2,11.9,-1.1,30
101,0318,5.4,12.1,-0.9,30
101,0319,5.6,12.4,-0.7,30
101,0320,5.9,12.7,-0.6,30
101,0321,6.1,12.9,-0.4,30
101,0322,6.3,13.2,-0.2,30
101,0323,6.5,13.4,0.1,30
101,0324,6.7,13.6,0.2,30
101,0325,6.9,13.8,0.4,30
101,0326,7.0,13.9,0.5,30
101,0327,7.2,14.0,0.6,30
101,0328,7.4,14.3,0.7,30
101,0329,7.6,14.6,0.8,30
101,0330,7.8,14.8,1.0,30
101,0331,8.1,15.1,1.3,30
101,0401,8.4,15.5,1.5,30
101,0402,8.7,15.8,1.7,30
101,0403,9.0,16.1,2.0,30
101,0404,9.2,16.3,2.3,30
101,0405,9.4,16.5,2.6,30
101,0406,9.6,16.7,2.8,30
101,0407,9.9,16.9,3.0,30
101,0408,10.1,17.3,3.1,30
101,0409,10.4,17.6,3.3,30
101,0410,10.6,17.8,3.5,30
101,0411,10.9,18.2,3.8,30
101,0412,11.2,18.4,4.1,30
101,0413,11.4,18.6,4.4,30
101,0414,11.6,18.8,4.7,30
101,0415,11.9,19.0,4.9,30
101,0416,12.0,19.2,5.1,30
101,0417,12.2,19.3,5.3,30
101,0418,12.4,19.5,5.4,30
101,0419,12.6,19.7,5.5,30
101,0420,12.7,19.9,5.6,30
101,0421,12.9,20.2,5.8,30
101,0422,13.1,20.3,6.0,30
101,0423,13.4,20.5,6.3,30
101,0424,13.6,20.7,6.7,30
101,0425,13.9,21.0,7.0,30
101,0426,14.1,21.1,7.2,30
101,0427,14.3,21.3,7.4,30
101,0428,14.6,21.6,7.6,30
101,0429,14.7,21.7,7.8,30
101,0430,14.9,21.9,7.9,30
101,0501,15.2,22.2,8.2,30
101,0502,15.4,22.4,8.5,30
101,0503,15.6,22.5,8.8,30
101,0504,15.8,22.6,9.0,30
101,0505,15.9,22.7,9.3,30
101,0506,16.1,22.9,9.6,30
101,0507,16.3,23.1,9.8,30
101,0508,16.4,23.2,10.0,30
101,0509,16.5,23.2,10.1,30
101,0510,16.6,23.3,10.3,30
101,0511,16.7,23.3,10.4,30
101,0512,16.8,23.4,10.5,30
101,0513,16.9,23.4,10.7,30
101,0514,17.0,23.6,10.8,30
101,0515,17.2,23.8,11.0,30
101,0516,17.3,23.9,11.2,30
101,0517,17.5,24.1,11.4,30
101,0518,17.7,24.3,11.6,30
101,0519,17.9,24.4,11.8,30
101,0520,18.1,24.7,11.9,30
101,0521,18.2,24.9,12.1,30
101,0522,18.4,25.0,12.3,30
101,0523,18.6,25.2,12.4,30
101,0524,18.8,25.5,12.5,30
101,0525,19.0,25.7,12.7,30
101,0526,19.2,25.9,12.9,30
101,0527,19.3,26.1,13.1,30
101,0528,19.5,26.2,13.4,30
101,0529,19.7,26.4,13.6,30
101,0530,19.9,26.5,13.9,30
101,0531,20.1,26.6,14.0,30
101,0601,20.3,26.8,14.2,30
101,0602,20.4,27.0,14.4,30
101,0603,20.6,27.2,14.6,30
101,0604,20.8,27.3,14.9,30
101,0605,21.0,27.4,15.1,30
101,0606,21.1,27.6,15.3,30
101,0607,21.3,27.7,15.5,30
101,0608,21.4,27.8,15.7,30
101,0609,21.6,27.9,15.9,30
101,0610,21.7,28.0,16.1,30
101,0611,21.8,28.1,16.3,30
101,0612,22.0,28.1,16.5,30
101,0613,22.1,28.2,16.7,30
101,0614,22.2,28.3,16.9,30
101,0615,22.3,28.4,17.0,30
101,0616,22.4,28.4,17.2,30
101,0617,22.4,28.4,17.3,30
101,0618,22.5,28.3,17.4,30
101,0619,22.6,28.3,17.6,30
101,0620,22.7,28.4,17.8,30
101,0621,22.8,28.5,18.0,30
101,0622,22.9,28.5,18.1,30
101,0623,23.0,28.5,18.4,30
101,0624,23.1,28.4,18.6,30
101,0625,23.2,28.3,18.8,30
101,0626,23.3,28.3,19.0,30
101,0627,23.4,28.4,19.1,30
101,0628,23.5,28.5,19.3,30
101,0629,23.5,28.5,19.4,30
101,0630,23.6,28.5,19.5,30
101,0701,23.7,28.6,19.6,30
101,0702,23.8,28.6,19.8,30
101,0703,23.9,28.7,19.9,30
101,0704,24.0,28.7,20.0,30
101,0705,24.0,28.7,20.1,30
101,0706,24.1,28.6,20.2,30
101,0707,24.1,28.7,20.3,30
101,0708,24.2,28.7,20.4,30
101,0709,24.2,28.7,20.4,30
101,0710,24.2,28.7,20.5,30
101,0711,24.3,28.8,20.5,30
101,0712,24.3,28.8,20.6,30
101,0713,24.4,28.8,20.8,30
101,0714,24.5,28.9,20.9,30
101,0715,24.6,28.9,21.1,30
101,0716,24.7,29.0,21.2,30
101,0717,24.8,29.0,21.4,30
101,0718,24.9,29.1,21.5,30
101,0719,25.0,29.3,21.6,30
101,0720,25.1,29.4,21.7,30
101,0721,25.2,29.5,21.8,30
101,0722,25.3,29.6,21.9,30
101,0723,25.4,29.8,22.0,30
101,0724,25.6,29.9,22.1,30
101,0725,25.8,30.2,22.3,30
101,0726,25.8,30.2,22.4,30
101,0727,25.9,30.4,22.5,30
101,0728,26.0,30.4,22.6,30
101,0729,26.0,30.5,22.5,30
101,0730,26.1,30.6,22.6,30
101,0731,26.0,30.5,22.6,30
101,0801,26.1,30.7,22.6,30
101,0802,26.1,30.8,22.6,30
101,0803,26.2,30.8,22.6,30
101,0804,26.2,30.9,22.6,30
101,0805,26.2,30.9,22.6,30
101,0806,26.1,31.0,22.5,30
101,0807,26.1,31.0,22.5,30
101,0808,26.1,30.9,22.4,30
101,0809,26.0,30.9,22.3,30
101,0810,25.9,30.8,22.2,30
101,0811,25.8,30.7,22.1,30
101,0812,25.7,30.6,22.0,30
101,0813,25.6,30.4,21.9,30
101,0814,25.5,30.3,21.8,30
101,0815,25.4,30.3,21.6,30
101,0816,25.2,30.1,21.5,30
101,0817,25.1,30.0,21.3,30
101,0818,24.9,29.8,21.1,30
101,0819,24.7,29.6,21.0,30
101,0820,24.6,29.5,20.8,30
101,0821,24.4,29.3,20.6,30
101,0822,24.2,29.1,20.4,30
101,0823,24.0,28.9,20.3,30
101,0824,23.9,28.8,20.1,30
101,0825,23.7,28.7,19.9,30
101,0826,23.6,28.6,19.7,30
101,0827,23.4,28.5,19.5,30
101,0828,23.3,28.4,19.4,30
101,0829,23.1,28.3,19.2,30
101,0830,22.9,28.1,19.0,30
101,0831,22.7,27.9,18.8,30
101,0901,22.6,27.8,18.6,30
101,0902,22.4,27.7,18.4,30
101,0903,22.3,27.6,18.2,30
101,0904,22.1,27.5,18.0,30
101,0905,21.9,27.2,17.8,30
101,0906,21.7,27.1,17.6,30
101,0907,21.5,27.0,17.4,30
101,0908,21.3,26.8,17.2,30
101,0909,21.1,26.7,17.0,30
101,0910,20.9,26.5,16.8,30
101,0911,20.7,26.4,16.5,30
101,0912,20.5,26.2,16.2,30
101,0913,20.3,26.0,16.0,30
101,0914,20.1,25.8,15.7,30
101,0915,19.8,25.7,15.4,30
101,0916,19.6,25.5,15.1,30
101,0917,19.4,25.4,14.9,30
101,0918,19.2,25.2,14.6,30
101,0919,19.0,25.2,14.4,30
101,0920,18.9,25.1,14.2,30
101,0921,18.6,24.9,13.9,30
101,0922,18.4,24.7,13.7,30
101,0923,18.2,24.4,13.4,30
101,0924,17.9,24.2,13.2,30
101,0925,17.7,23.9,12.9,30
101,0926,17.4,23.7,12.7,30
101,0927,17.2,23.4,12.5,30
101,0928,16.9,23.3,12.2,30
101,0929,16.8,23.1,12.0,30
101,0930,16.6,23.0,11.8,30
101,1001,16.4,22.8,11.6,30
101,1002,16.2,22.6,11.4,30
101,1003,16.0,22.4,11.1,30
101,1004,15.7,22.2,10.9,30
101,1005,15.5,21.9,10.6,30
101,1006,15.2,21.8,10.3,30
101,1007,15.0,21.6,10.0,30
101,1008,14.7,21.4,9.7,30
101,1009,14.4,21.2,9.4,30
101,1010,14.2,21.1,9.1,30
101,1011,14.0,20.9,8.8,30
101,1012,13.8,20.8,8.6,30
101,1013,13.6,20.6,8.4,30
101,1014,13.4,20.5,8.2,30
101,1015,13.2,20.2,7.9,30
101,1016,12.9,19.9,7.6,30
101,1017,12.7,19.7,7.4,30
101,1018,12.4,19.5,7.1,30
101,1019,12.1,19.2,6.8,30
101,1020,11.8,19.0,6.5,30
101,1021,11.6,18.7,6.2,30
101,1022,11.3,18.4,5.9,30
101,1023,11.0,18.1,5.6,30
101,1024,10.8,17.9,5.3,30
101,1025,10.5,17.6,5.0,30
101,1026,10.2,17.3,4.7,30
101,1027,10.0,17.0,4.4,30
101,1028,9.7,16.7,4.1,30
101,1029,9.4,16.5,3.8,30
101,1030,9.2,16.4,3.7,30
101,1031,9.1,16.1,3.5,30
101,1101,8.9,15.8,3.3,30
101,1102,8.7,15.5,3.2,30
101,1103,8.5,15.3,3.0,30
101,1104,8.3,15.0,2.9,30
101,1105,8.1,14.7,2.7,30
101,1106,8.0,14.5,2.6,30
101,1107,7.8,14.2,2.6,30
101,1108,7.6,13.9,2.4,30
101,1109,7.3,13.6,2.1,30
101,1110,7.0,13.3,2.0,30
101,1111,6.7,12.8,1.8,30
101,1112,6.4,12.4,1.5,30
101,1113,6.1,11.9,1.2,30
101,1114,5.7,11.5,0.8,30
101,1115,5.3,11.1,0.4,30
101,1116,5.0,10.8,0.1,30
101,1117,4.7,10.4,-0.1,30
101,1118,4.3,10.1,-0.4,30
101,1119,4.0,9.7,-0.7,30
101,1120,3.7,9.4,-0.9,30
101,1121,3.4,9.1,-1.2,30
101,1122,3.2,8.8,-1.4,30
101,1123,3.0,8.6,-1.6,30
101,1124,2.8,8.2,-1.7,30
101,1125,2.5,8.0,-1.9,30
101,1126,2.3,7.8,-2.2,30
101,1127,2.1,7.5,-2.4,30
101,1128,1.8,7.2,-2.6,30
101,1129,1.6,6.9,-2.9,30
101,1130,1.3,6.6,-3.1,30
101,1201,1.0,6.3,-3.3,30
101,1202,0.8,6.0,-3.6,30
101,1203,0.5,5.7,-3.8,30
101,1204,0.3,5.5,-4.1,30
101,1205,-0.0,5.3,-4.4,30
101,1206,-0.3,5.0,-4.8,30
101,1207,-0.7,4.7,-5.2,30
101,1208,-1.0,4.4,-5.5,30
101,1209,-1.2,4.1,-5.8,30
101,1210,-1.5,3.8,-6.1,30
101,1211,-1.7,3.6,-6.3,30
101,1212,-1.9,3.4,-6.5,30
101,1213,-2.0,3.3,-6.7,30
101,1214,-2.1,3.3,-6.7,30
101,1215,-2.1,3.3,-6.8,30
101,1216,-2.2,3.3,-6.9,30
101,1217,-2.2,3.3,-6.9,30
101,1218,-2.3,3.2,-7.0,30
101,1219,-2.5,3.1,-7.1,30
101,1220,-2.6,2.9,-7.3,30
101,1221,-2.7,2.9,-7.4,30
101,1222,-2.8,2.8,-7.5,30
101,1223,-2.9,2.7,-7.6,30
101,1224,-3.0,2.6,-7.7,30
101,1225,-3.1,2.5,-7.8,30
101,1226,-3.1,2.5,-7.9,30
101,1227,-3.2,2.5,-7.9,30
101,1228,-3.3,2.4,-8.1,30
101,1229,-3.5,2.3,-8.3,30
101,1230,-3.6,2.1,-8.5,30
101,1231,-3.8,1.9,-8.7,30
102,0101,-0.8,1.7,-3.0,20
102,0102,-0.9,1.5,-3.0,20
102,0103,-0.9,1.5,-3.0,20
102,0104,-0.9,1.5,-3.1,20
102,0105,-1.1,1.4,-3.2,20
102,0106,-1.2,1.2,-3.3,20
102,0107,-1.3,1.2,-3.4,20
102,0108,-1.3,1.2,-3.4,20
102,0109,-1.3,1.2,-3.4,20
102,0110,-1.3,1.2,-3.4,20
102,0111,-1.3,1.2,-3.4,20
102,0112,-1.2,1.3,-3.3,20
102,0113,-1.2,1.3,-3.3,20
102,0114,-1.3,1.3,-3.4,20
102,0115,-1.4,1.2,-3.5,20
102,0116,-1.5,1.1,-3.6,20
102,0117,-1.6,1.0,-3.7,20
102,0118,-1.6,1.0,-3.8,20
102,0119,-1.6,0.9,-3.7,20
102,0120,-1.5,1.0,-3.7,20
102,0121,-1.5,1.1,-3.6,20
102,0122,-1.4,1.1,-3.5,20
102,0123,-1.4,1.2,-3.5,20
102,0124,-1.4,1.2,-3.5,20
102,0125,-1.4,1.2,-3.6,20
102,0126,-1.5,1.1,-3.7,20
102,0127,-1.6,1.0,-3.8,20
102,0128,-1.6,1.0,-3.9,20
102,0129,-1.6,1.0,-3.8,20
102,0130,-1.6,1.1,-3.8,20
102,0131,-1.5,1.2,-3.7,20
102,0201,-1.4,1.2,-3.7,20
102,0202,-1.4,1.3,-3.6,20
102,0203,-1.3,1.3,-3.6,20
102,0204,-1.3,1.3,-3.6,20
102,0205,-1.3,1.3,-3.6,20
102,0206,-1.2,1.4,-3.5,20
102,0207,-1.1,1.6,-3.4,20
102,0208,-1.1,1.6,-3.3,20
102,0209,-1.0,1.7,-3.3,20
102,0210,-0.9,1.8,-3.2,20
102,0211,-0.8,1.9,-3.0,20
102,0212,-0.6,2.1,-2.9,20
102,0213,-0.4,2.3,-2.7,20
102,0214,-0.2,2.6,-2.5,20
102,0215,0.0,2.8,-2.2,20
102,0216,0.2,3.0,-2.1,20
102,0217,0.4,3.3,-1.9,20
102,0218,0.6,3.5,-1.7,20
102,0219,0.8,3.8,-1.5,20
102,0220,1.0,4.0,-1.3,20
102,0221,1.1,4.1,-1.2,20
102,0222,1.2,4.1,-1.1,20
102,0223,1.3,4.3,-1.0,20
102,0224,1.4,4.4,-0.9,20
102,0225,1.6,4.6,-0.7,20
102,0226,1.7,4.7,-0.6,20
102,0227,1.7,4.7,-0.6,20
102,0228,1.7,4.7,-0.6,20
102,0229,1.6,4.6,-0.7,0
102,0301,1.7,4.7,-0.6,20
102,0302,1.8,4.9,-0.6,20
102,0303,1.9,4.9,-0.5,20
102,0304,1.9,5.0,-0.5,20
102,0305,2.0,5.1,-0.3,20
102,0306,2.1,5.2,-0.2,20
102,0307,2.2,5.3,-0.2,20
102,0308,2.3,5.5,-0.1,20
102,0309,2.5,5.6,0.1,20
102,0310,2.7,5.9,0.2,20
102,0311,2.9,6.1,0.4,20
102,0312,3.1,6.4,0.6,20
102,0313,3.3,6.7,0.8,20
102,0314,3.6,7.0,1.1,20
102,0315,3.8,7.3,1.3,20
102,0316,4.0,7.4,1.4,20
102,0317,4.1,7.5,1.6,20
102,0318,4.3,7.7,1.7,20
102,0319,4.5,7.9,1.9,20
102,0320,4.6,8.1,2.0,20
102,0321,4.7,8.2,2.1,20
102,0322,4.8,8.3,2.3,20
102,0323,5.0,8.5,2.4,20
102,0324,5.2,8.7,2.6,20
102,0325,5.3,8.9,2.7,20
102,0326,5.5,9.0,2.9,20
102,0327,5.6,9.2,3.0,20
102,0328,5.7,9.3,3.1,20
102,0329,5.9,9.4,3.2,20
102,0330,6.0,9.6,3.4,20
102,0331,6.2,9.8,3.5,20
102,0401,6.4,10.0,3.6,20
102,0402,6.6,10.3,3.8,20
102,0403,6.8,10.5,4.0,20
102,0404,7.0,10.8,4.2,20
102,0405,7.3,11.0,4.4,20
102,0406,7.5,11.3,4.6,20
102,0407,7.7,11.5,4.7,20
102,0408,7.8,11.7,4.8,20
102,0409,7.9,11.8,4.9,20
102,0410,8.1,12.0,5.1,20
102,0411,8.3,12.3,5.3,20
102,0412,8.5,12.4,5.5,20
102,0413,8.6,12.5,5.6,20
102,0414,8.8,12.7,5.8,20
102,0415,9.0,12.9,6.0,20
102,0416,9.1,13.1,6.1,20
102,0417,9.3,13.2,6.2,20
102,0418,9.4,13.3,6.4,20
102,0419,9.6,13.5,6.5,20
102,0420,9.7,13.7,6.7,20
102,0421,9.9,13.8,6.8,20
102,0422,10.1,14.1,7.1,20
102,0423,10.4,14.3,7.3,20
102,0424,10.6,14.6,7.5,20
102,0425,10.9,14.8,7.7,20
102,0426,11.0,15.0,7.8,20
102,0427,11.2,15.2,8.0,20
102,0428,11.4,15.5,8.2,20
102,0429,11.6,15.7,8.3,20
102,0430,11.9,16.0,8.5,20
102,0501,12.2,16.4,8.7,20
102,0502,12.4,16.6,8.9,20
102,0503,12.5,16.8,9.1,20
102,0504,12.7,16.9,9.2,20
102,0505,12.8,17.0,9.3,20
102,0506,12.9,17.2,9.4,20
102,0507,13.1,17.3,9.6,20
102,0508,13.2,17.4,9.7,20
102,0509,13.3,17.5,9.8,20
102,0510,13.3,17.5,9.9,20
102,0511,13.5,17.6,10.1,20
102,0512,13.6,17.7,10.2,20
102,0513,13.7,17.8,10.4,20
102,0514,13.9,18.0,10.6,20
102,0515,14.1,18.1,10.7,20
102,0516,14.2,18.2,10.8,20
102,0517,14.4,18.4,11.0,20
102,0518,14.6,18.6,11.2,20
102,0519,14.8,18.9,11.5,20
102,0520,15.1,19.2,11.8,20
102,0521,15.4,19.5,12.0,20
102,0522,15.6,19.7,12.2,20
102,0523,15.8,19.9,12.4,20
102,0524,15.9,20.0,12.6,20
102,0525,16.1,20.2,12.7,20
102,0526,16.3,20.5,12.9,20
102,0527,16.5,20.7,13.1,20
102,0528,16.7,20.9,13.3,20
102,0529,16.8,21.0,13.4,20
102,0530,17.0,21.2,13.6,20
102,0531,17.1,21.3,13.8,20
102,0601,17.3,21.4,14.0,20
102,0602,17.5,21.6,14.2,20
102,0603,17.6,21.7,14.3,20
102,0604,17.7,21.8,14.4,20
102,0605,17.7,21.9,14.5,20
102,0606,17.8,21.9,14.6,20
102,0607,18.0,22.1,14.8,20
102,0608,18.1,22.2,15.0,20
102,0609,18.3,22.3,15.1,20
102,0610,18.4,22.4,15.3,20
102,0611,18.5,22.5,15.4,20
102,0612,18.6,22.5,15.6,20
102,0613,18.7,22.6,15.7,20
102,0614,18.8,22.7,15.9,20
102,0615,19.0,22.9,16.0,20
102,0616,19.1,23.0,16.1,20
102,0617,19.2,23.1,16.3,20
102,0618,19.3,23.2,16.4,20
102,0619,19.4,23.3,16.6,20
102,0620,19.6,23.3,16.7,20
102,0621,19.7,23.5,16.9,20
102,0622,19.8,23.5,17.0,20
102,0623,19.9,23.5,17.2,20
102,0624,20.0,23.6,17.3,20
102,0625,20.1,23.7,17.4,20
102,0626,20.2,23.8,17.6,20
102,0627,20.3,23.9,17.7,20
102,0628,20.5,24.1,17.8,20
102,0629,20.6,24.2,17.9,20
102,0630,20.7,24.3,18.0,20
102,0701,20.8,24.4,18.2,20
102,0702,20.9,24.5,18.3,20
102,0703,21.0,24.5,18.4,20
102,0704,21.0,24.5,18.5,20
102,0705,21.2,24.6,18.6,20
102,0706,21.2,24.7,18.7,20
102,0707,21.3,24.8,18.8,20
102,0708,21.4,24.9,18.9,20
102,0709,21.5,24.9,19.0,20
102,0710,21.5,25.0,19.0,20
102,0711,21.6,25.0,19.2,20
102,0712,21.7,25.1,19.3,20
102,0713,21.8,25.1,19.4,20
102,0714,21.9,25.1,19.6,20
102,0715,22.0,25.2,19.7,20
102,0716,22.1,25.2,19.8,20
102,0717,22.2,25.2,19.9,20
102,0718,22.3,25.3,20.1,20
102,0719,22.4,25.4,20.2,20
102,0720,22.5,25.5,20.3,20
102,0721,22.7,25.7,20.5,20
102,0722,22.8,25.9,20.6,20
102,0723,23.0,26.0,20.8,20
102,0724,23.1,26.1,21.0,20
102,0725,23.3,26.2,21.2,20
102,0726,23.5,26.4,21.3,20
102,0727,23.6,26.5,21.4,20
102,0728,23.7,26.6,21.6,20
102,0729,23.9,26.8,21.7,20
102,0730,24.0,26.9,21.8,20
102,0731,24.1,27.1,21.9,20
102,0801,24.3,27.2,22.0,21
102,0802,24.4,27.3,22.1,21
102,0803,24.4,27.5,22.2,21
102,0804,24.5,27.6,22.2,21
102,0805,24.5,27.6,22.2,21
102,0806,24.5,27.6,22.3,21
102,0807,24.6,27.6,22.3,21
102,0808,24.6,27.7,22.3,21
102,0809,24.5,27.7,22.2,21
102,0810,24.5,27.6,22.2,21
102,0811,24.4,27.5,22.2,21
102,0812,24.3,27.4,22.1,21
102,0813,24.2,27.3,21.9,21
102,0814,24.1,27.2,21.9,21
102,0815,24.0,27.1,21.8,21
102,0816,23.9,27.0,21.7,21
102,0817,23.8,26.9,21.5,21
102,0818,23.6,26.8,21.4,21
102,0819,23.6,26.7,21.3,21
102,0820,23.4,26.6,21.2,21
102,0821,23.3,26.5,21.1,21
102,0822,23.2,26.4,20.9,21
102,0823,23.1,26.3,20.8,21
102,0824,23.0,26.2,20.7,21
102,0825,22.8,26.1,20.5,21
102,0826,22.7,26.0,20.4,21
102,0827,22.6,25.9,20.3,21
102,0828,22.5,25.8,20.2,21
102,0829,22.4,25.7,20.0,21
102,0830,22.2,25.5,19.9,21
102,0831,22.1,25.4,19.7,21
102,0901,22.0,25.2,19.6,21
102,0902,21.8,25.1,19.5,21
102,0903,21.7,24.9,19.3,21
102,0904,21.5,24.8,19.2,21
102,0905,21.4,24.7,19.1,21
102,0906,21.2,24.6,18.9,21
102,0907,21.2,24.5,18.8,21
102,0908,21.0,24.4,18.7,21
102,0909,20.9,24.3,18.6,21
102,0910,20.9,24.2,18.5,21
102,0911,20.8,24.1,18.4,21
102,0912,20.6,23.9,18.3,21
102,0913,20.5,23.7,18.2,21
102,0914,20.4,23.6,18.0,21
102,0915,20.2,23.5,17.9,21
102,0916,20.1,23.4,17.8,21
102,0917,20.0,23.4,17.7,21
102,0918,19.9,23.3,17.5,21
102,0919,19.8,23.2,17.4,21
102,0920,19.7,23.1,17.3,21
102,0921,19.5,22.9,17.2,21
102,0922,19.3,22.7,17.0,21
102,0923,19.1,22.5,16.8,21
102,0924,18.9,22.3,16.6,21
102,0925,18.7,22.0,16.3,21
102,0926,18.5,21.8,16.1,21
102,0927,18.2,21.6,15.9,21
102,0928,18.1,21.4,15.7,21
102,0929,17.9,21.2,15.5,21
102,0930,17.7,21.0,15.4,21
102,1001,17.5,20.8,15.2,21
102,1002,17.4,20.6,15.0,21
102,1003,17.2,20.4,14.8,21
102,1004,16.9,20.1,14.6,21
102,1005,16.7,19.8,14.4,21
102,1006,16.5,19.6,14.2,21
102,1007,16.3,19.4,14.0,21
102,1008,16.1,19.2,13.8,21
102,1009,16.0,19.0,13.6,21
102,1010,15.8,18.9,13.5,21
102,1011,15.6,18.7,13.3,21
102,1012,15.5,18.6,13.2,21
102,1013,15.4,18.5,13.0,21
102,1014,15.2,18.3,12.9,21
102,1015,15.0,18.1,12.7,21
102,1016,14.8,17.9,12.5,21
102,1017,14.6,17.7,12.3,21
102,1018,14.4,17.5,12.1,21
102,1019,14.2,17.2,11.8,21
102,1020,14.0,17.0,11.6,21
102,1021,13.8,16.8,11.4,21
102,1022,13.5,16.5,11.2,21
102,1023,13.3,16.3,10.9,21
102,1024,13.1,16.1,10.7,21
102,1025,12.8,15.9,10.5,21
102,1026,12.6,15.6,10.3,21
102,1027,12.4,15.3,10.0,21
102,1028,12.2,15.1,9.8,21
102,1029,12.0,14.9,9.6,21
102,1030,11.8,14.7,9.5,21
102,1031,11.6,14.5,9.3,21
102,1101,11.4,14.3,9.1,21
102,1102,11.1,14.0,8.8,21
102,1103,10.9,13.8,8.6,21
102,1104,10.7,13.5,8.4,21
102,1105,10.5,13.3,8.2,21
102,1106,10.3,13.1,8.0,21
102,1107,10.1,12.9,7.7,21
102,1108,9.7,12.5,7.4,21
102,1109,9.5,12.2,7.1,21
102,1110,9.2,12.0,6.9,21
102,1111,8.9,11.6,6.6,21
102,1112,8.5,11.3,6.2,21
102,1113,8.2,10.9,5.9,21
102,1114,7.8,10.5,5.5,21
102,1115,7.5,10.2,5.3,21
102,1116,7.4,10.1,5.0,21
102,1117,7.2,9.9,4.8,21
102,1118,6.9,9.7,4.6,21
102,1119,6.7,9.5,4.3,21
102,1120,6.5,9.2,4.1,21
102,1121,6.2,9.0,3.9,21
102,1122,6.0,8.8,3.7,21
102,1123,5.9,8.6,3.5,21
102,1124,5.8,8.5,3.4,21
102,1125,5.6,8.3,3.2,21
102,1126,5.5,8.2,3.0,21
102,1127,5.3,7.9,2.8,21
102,1128,4.9,7.7,2.5,21
102,1129,4.6,7.4,2.2,21
102,1130,4.3,7.1,1.9,21
102,1201,4.0,6.7,1.6,21
102,1202,3.8,6.5,1.3,21
102,1203,3.5,6.2,1.1,21
102,1204,3.3,5.9,0.8,21
102,1205,3.0,5.7,0.6,21
102,1206,2.7,5.4,0.4,21
102,1207,2.5,5.1,0.1,21
102,1208,2.3,4.9,-0.1,21
102,1209,1.9,4.6,-0.4,21
102,1210,1.6,4.3,-0.7,21
102,1211,1.4,4.1,-0.9,21
102,1212,1.3,3.9,-1.0,21
102,1213,1.3,3.9,-1.0,21
102,1214,1.3,3.8,-1.0,21
102,1215,1.3,3.9,-1.0,21
102,1216,1.3,3.9,-1.0,21
102,1217,1.1,3.7,-1.1,21
102,1218,0.9,3.6,-1.3,21
102,1219,0.8,3.4,-1.5,21
102,1220,0.6,3.2,-1.7,21
102,1221,0.5,3.1,-1.8,21
102,1222,0.4,3.1,-1.9,21
102,1223,0.3,3.0,-2.0,21
102,1224,0.2,2.8,-2.1,21
102,1225,0.1,2.7,-2.1,21
102,1226,0.0,2.6,-2.1,21
102,1227,-0.0,2.6,-2.3,21
102,1228,-0.2,2.4,-2.4,21
102,1229,-0.4,2.2,-2.6,21
102,1230,-0.6,1.9,-2.8,21
102,1231,-0.8,1.8,-2.9,21
105,0101,1.6,6.1,-2.0,30
105,0102,1.6,6.0,-2.1,30
105,0103,1.5,6.0,-2.1,30
105,0104,1.4,5.9,-2.2,30
105,0105,1.3,5.8,-2.3,30
105,0106,1.2,5.6,-2.3,30
105,0107,1.1,5.5,-2.4,30
105,0108,1.1,5.5,-2.4,30
105,0109,1.1,5.5,-2.4,30
105,0110,1.0,5.4,-2.5,30
105,0111,1.0,5.3,-2.5,30
105,0112,1.0,5.3,-2.6,30
105,0113,1.0,5.4,-2.6,30
105,0114,0.9,5.3,-2.6,30
105,0115,0.8,5.2,-2.6,30
105,0116,0.7,5.1,-2.8,30
105,0117,0.6,5.0,-2.9,30
105,0118,0.6,4.9,-2.9,30
105,0119,0.6,4.9,-3.0,30
105,0120,0.6,5.0,-3.0,30
105,0121,0.7,5.0,-2.9,30
105,0122,0.7,5.0,-2.9,30
105,0123,0.7,5.0,-2.9,30
105,0124,0.7,5.0,-2.9,30
105,0125,0.6,5.0,-3.0,30
105,0126,0.6,5.0,-3.1,30
105,0127,0.6,5.0,-3.1,30
105,0128,0.6,5.1,-3.0,30
105,0129,0.8,5.2,-3.0,30
105,0130,0.9,5.4,-2.9,30
105,0131,1.0,5.5,-2.8,30
105,0201,1.1,5.6,-2.6,30
105,0202,1.2,5.6,-2.6,30
105,0203,1.3,5.7,-2.5,30
105,0204,1.3,5.8,-2.5,30
105,0205,1.4,5.8,-2.4,30
105,0206,1.5,6.0,-2.3,30
105,0207,1.7,6.2,-2.1,30
105,0208,1.9,6.3,-2.0,30
105,0209,2.0,6.5,-1.9,30
105,0210,2.1,6.4,-1.8,30
105,0211,2.2,6.6,-1.7,30
105,0212,2.3,6.7,-1.6,30
105,0213,2.4,6.8,-1.5,30
105,0214,2.4,6.8,-1.5,30
105,0215,2.6,7.0,-1.4,30
105,0216,2.7,7.2,-1.3,30
105,0217,2.9,7.3,-1.1,30
105,0218,3.0,7.5,-1.0,30
105,0219,3.2,7.7,-0.9,30
105,0220,3.3,7.9,-0.7,30
105,0221,3.5,8.0,-0.6,30
105,0222,3.4,8.0,-0.6,30
105,0223,3.5,8.1,-0.5,30
105,0224,3.7,8.2,-0.4,30
105,0225,3.9,8.5,-0.2,30
105,0226,4.1,8.6,0.0,30
105,0227,4.2,8.8,0.2,30
105,0228,4.4,8.9,0.3,30
105,0229,4.4,9.0,0.4,0
105,0301,4.5,9.1,0.5,30
105,0302,4.7,9.2,0.6,30
105,0303,4.8,9.3,0.7,30
105,0304,4.9,9.3,0.8,30
105,0305,5.1,9.5,0.9,30
105,0306,5.2,9.7,1.0,30
105,0307,5.3,9.8,1.1,30
105,0308,5.4,10.0,1.2,30
105,0309,5.6,10.2,1.3,30
105,0310,5.8,10.4,1.4,30
105,0311,6.1,10.7,1.6,30
105,0312,6.3,11.0,1.8,30
105,0313,6.5,11.2,1.9,30
105,0314,6.7,11.3,2.1,30
105,0315,6.9,11.5,2.3,30
105,0316,7.0,11.7,2.4,30
105,0317,7.1,11.8,2.5,30
105,0318,7.4,12.1,2.7,30
105,0319,7.6,12.4,3.0,30
105,0320,7.9,12.6,3.2,30
105,0321,8.1,12.8,3.5,30
105,0322,8.2,12.9,3.6,30
105,0323,8.4,13.1,3.8,30
105,0324,8.6,13.4,4.0,30
105,0325,8.8,13.5,4.2,30
105,0326,8.9,13.6,4.3,30
105,0327,9.0,13.7,4.4,30
105,0328,9.2,14.0,4.5,30
105,0329,9.5,14.2,4.8,30
105,0330,9.7,14.4,5.0,30
105,0331,9.9,14.7,5.3,30
105,0401,10.2,15.0,5.5,30
105,0402,10.4,15.2,5.6,30
105,0403,10.6,15.4,5.8,30
105,0404,10.6,15.4,5.9,30
105,0405,10.7,15.5,6.0,30
105,0406,10.9,15.7,6.2,30
105,0407,11.2,16.0,6.4,30
105,0408,11.4,16.3,6.6,30
105,0409,11.6,16.5,6.8,30
105,0410,11.9,16.8,7.0,30
105,0411,12.2,17.1,7.3,30
105,0412,12.3,17.2,7.5,30
105,0413,12.4,17.3,7.6,30
105,0414,12.6,17.5,7.8,30
105,0415,12.8,17.8,8.0,30
105,0416,13.1,18.0,8.2,30
105,0417,13.3,18.2,8.4,30
105,0418,13.5,18.4,8.7,30
105,0419,13.8,18.8,8.9,30
105,0420,14.1,19.1,9.1,30
105,0421,14.3,19.4,9.3,30
105,0422,14.6,19.5,9.6,30
105,0423,14.7,19.6,9.8,30
105,0424,14.8,19.7,9.9,30
105,0425,15.0,19.9,10.1,30
105,0426,15.2,20.1,10.3,30
105,0427,15.4,20.3,10.6,30
105,0428,15.7,20.6,10.8,30
105,0429,15.8,20.8,10.9,30
105,0430,16.0,20.9,11.1,30
105,0501,16.1,21.0,11.2,30
105,0502,16.2,21.1,11.4,30
105,0503,16.3,21.2,11.4,30
105,0504,16.3,21.2,11.6,30
105,0505,16.5,21.3,11.7,30
105,0506,16.5,21.3,11.8,30
105,0507,16.6,21.4,11.9,30
105,0508,16.7,21.4,12.0,30
105,0509,16.8,21.6,12.2,30
105,0510,16.9,21.7,12.3,30
105,0511,17.0,21.8,12.4,30
105,0512,17.2,21.9,12.6,30
105,0513,17.3,22.0,12.7,30
105,0514,17.5,22.2,12.9,30
105,0515,17.7,22.5,13.1,30
105,0516,17.9,22.7,13.3,30
105,0517,18.1,22.8,13.5,30
105,0518,18.3,23.1,13.7,30
105,0519,18.5,23.3,14.0,30
105,0520,18.6,23.4,14.1,30
105,0521,18.8,23.5,14.2,30
105,0522,18.9,23.7,14.4,30
105,0523,19.1,23.8,14.5,30
105,0524,19.3,24.0,14.7,30
105,0525,19.4,24.2,14.9,30
105,0526,19.5,24.3,14.9,30
105,0527,19.6,24.3,15.0,30
105,0528,19.7,24.4,15.2,30
105,0529,19.8,24.4,15.3,30
105,0530,19.9,24.4,15.4,30
105,0531,20.0,24.5,15.6,30
105,0601,20.0,24.5,15.7,30
105,0602,20.1,24.5,15.8,30
105,0603,20.2,24.6,15.9,30
105,0604,20.3,24.7,16.0,30
105,0605,20.4,24.8,16.2,30
105,0606,20.5,24.9,16.3,30
105,0607,20.6,24.9,16.4,30
105,0608,20.6,24.9,16.5,30
105,0609,20.6,24.8,16.6,30
105,0610,20.7,24.8,16.7,30
105,0611,20.7,24.9,16.8,30
105,0612,20.8,24.9,16.9,30
105,0613,20.9,25.0,17.0,30
105,0614,21.0,25.1,17.2,30
105,0615,21.1,25.2,17.3,30
105,0616,21.2,25.2,17.4,30
105,0617,21.3,25.3,17.6,30
105,0618,21.4,25.4,17.7,30
105,0619,21.5,25.4,17.9,30
105,0620,21.7,25.6,18.1,30
105,0621,21.8,25.7,18.2,30
105,0622,21.9,25.9,18.3,30
105,0623,22.1,26.0,18.5,30
105,0624,22.3,26.1,18.8,30
105,0625,22.4,26.3,19.0,30
105,0626,22.6,26.4,19.2,30
105,0627,22.7,26.5,19.3,30
105,0628,22.8,26.6,19.5,30
105,0629,22.9,26.7,19.6,30
105,0630,23.0,26.7,19.7,30
105,0701,23.1,26.8,19.8,30
105,0702,23.2,26.9,19.9,30
105,0703,23.2,26.9,20.0,30
105,0704,23.3,27.0,20.1,30
105,0705,23.4,27.0,20.2,30
105,0706,23.5,27.1,20.3,30
105,0707,23.6,27.1,20.5,30
105,0708,23.6,27.1,20.6,30
105,0709,23.7,27.2,20.7,30
105,0710,23.7,27.1,20.7,30
105,0711,23.8,27.2,20.8,30
105,0712,23.9,27.3,20.9,30
105,0713,24.0,27.4,21.0,30
105,0714,24.2,27.6,21.2,30
105,0715,24.4,27.8,21.4,30
105,0716,24.6,28.0,21.5,30
105,0717,24.7,28.1,21.7,30
105,0718,24.9,28.3,21.9,30
105,0719,25.0,28.4,22.0,30
105,0720,25.1,28.5,22.1,30
105,0721,25.2,28.6,22.2,30
105,0722,25.4,28.8,22.4,30
105,0723,25.6,29.0,22.6,30
105,0724,25.7,29.2,22.7,30
105,0725,25.9,29.4,22.9,30
105,0726,26.0,29.5,23.0,30
105,0727,26.0,29.5,23.1,30
105,0728,26.1,29.6,23.1,30
105,0729,26.1,29.7,23.1,30
105,0730,26.1,29.7,23.1,30
105,0731,26.1,29.7,23.2,30
105,0801,26.1,29.7,23.1,30
105,0802,26.2,29.7,23.1,30
105,0803,26.2,29.7,23.2,30
105,0804,26.2,29.8,23.1,30
105,0805,26.2,29.8,23.1,30
105,0806,26.1,29.8,23.1,30
105,0807,26.1,29.7,23.0,30
105,0808,26.0,29.6,22.9,30
105,0809,25.9,29.5,22.9,30
105,0810,25.8,29.4,22.8,30
105,0811,25.7,29.3,22.7,30
105,0812,25.6,29.2,22.6,30
105,0813,25.4,28.9,22.5,30
105,0814,25.3,28.8,22.4,30
105,0815,25.3,28.8,22.3,30
105,0816,25.2,28.7,22.1,30
105,0817,25.1,28.6,22.0,30
105,0818,24.9,28.5,21.9,30
105,0819,24.8,28.3,21.7,30
105,0820,24.6,28.1,21.5,30
105,0821,24.4,28.0,21.3,30
105,0822,24.2,27.8,21.1,30
105,0823,24.1,27.7,21.0,30
105,0824,23.9,27.6,20.8,30
105,0825,23.8,27.5,20.7,30
105,0826,23.7,27.4,20.5,30
105,0827,23.6,27.3,20.4,30
105,0828,23.5,27.2,20.2,30
105,0829,23.3,27.1,20.0,30
105,0830,23.1,26.9,19.9,30
105,0831,22.9,26.7,19.7,30
105,0901,22.8,26.6,19.5,30
105,0902,22.7,26.5,19.4,30
105,0903,22.6,26.5,19.3,30
105,0904,22.5,26.3,19.1,30
105,0905,22.3,26.1,18.9,30
105,0906,22.1,25.9,18.7,30
105,0907,21.9,25.8,18.6,30
105,0908,21.8,25.7,18.4,30
105,0909,21.6,25.5,18.2,30
105,0910,21.4,25.3,18.0,30
105,0911,21.3,25.3,17.9,30
105,0912,21.2,25.1,17.7,30
105,0913,21.0,25.0,17.6,30
105,0914,20.8,24.8,17.3,30
105,0915,20.6,24.6,17.1,30
105,0916,20.4,24.4,16.9,30
105,0917,20.2,24.3,16.6,30
105,0918,20.0,24.1,16.5,30
105,0919,19.9,24.1,16.3,30
105,0920,19.8,24.0,16.1,30
105,0921,19.6,23.9,15.9,30
105,0922,19.5,23.7,15.7,30
105,0923,19.3,23.6,15.6,30
105,0924,19.1,23.4,15.4,30
105,0925,19.0,23.3,15.2,30
105,0926,18.8,23.2,15.0,30
105,0927,18.6,22.9,14.8,30
105,0928,18.4,22.8,14.6,30
105,0929,18.3,22.6,14.5,30
105,0930,18.2,22.6,14.4,30
105,1001,18.1,22.5,14.2,30
105,1002,18.0,22.4,14.1,30
105,1003,17.8,22.3,13.9,30
105,1004,17.7,22.2,13.7,30
105,1005,17.5,22.0,13.6,30
105,1006,17.4,21.9,13.4,30
105,1007,17.2,21.8,13.2,30
105,1008,17.0,21.6,13.0,30
105,1009,16.9,21.5,12.8,30
105,1010,16.7,21.3,12.6,30
105,1011,16.5,21.1,12.4,30
105,1012,16.4,21.0,12.2,30
105,1013,16.3,20.9,12.1,30
105,1014,16.1,20.9,12.0,30
105,1015,15.9,20.7,11.8,30
105,1016,15.7,20.5,11.6,30
105,1017,15.6,20.3,11.4,30
105,1018,15.4,20.1,11.2,30
105,1019,15.1,19.9,11.0,30
105,1020,14.9,19.7,10.7,30
105,1021,14.7,19.6,10.5,30
105,1022,14.5,19.4,10.3,30
105,1023,14.3,19.2,10.1,30
105,1024,14.1,19.0,9.9,30
105,1025,13.9,18.7,9.7,30
105,1026,13.7,18.6,9.5,30
105,1027,13.5,18.4,9.3,30
105,1028,13.3,18.3,9.1,30
105,1029,13.3,18.2,9.0,30
105,1030,13.2,18.1,8.9,30
105,1031,13.1,18.0,8.8,30
105,1101,12.9,17.7,8.7,30
105,1102,12.7,17.4,8.5,30
105,1103,12.5,17.2,8.3,30
105,1104,12.3,17.0,8.2,30
105,1105,12.1,16.7,8.0,30
105,1106,11.9,16.5,7.9,30
105,1107,11.8,16.3,7.7,30
105,1108,11.6,16.0,7.5,30
105,1109,11.3,15.8,7.3,30
105,1110,11.1,15.5,7.1,30
105,1111,10.8,15.2,6.8,30
105,1112,10.4,14.9,6.5,30
105,1113,10.0,14.4,6.1,30
105,1114,9.7,14.1,5.8,30
105,1115,9.3,13.7,5.5,30
105,1116,9.1,13.5,5.2,30
105,1117,8.9,13.3,5.0,30
105,1118,8.7,13.2,4.8,30
105,1119,8.4,12.9,4.5,30
105,1120,8.2,12.6,4.3,30
105,1121,7.9,12.4,4.0,30
105,1122,7.7,12.1,3.9,30
105,1123,7.5,12.0,3.7,30
105,1124,7.3,11.8,3.6,30
105,1125,7.1,11.6,3.3,30
105,1126,7.0,11.4,3.2,30
105,1127,6.8,11.2,3.0,30
105,1128,6.6,11.0,2.7,30
105,1129,6.3,10.7,2.5,30
105,1130,6.0,10.4,2.3,30
105,1201,5.8,10.2,2.0,30
105,1202,5.5,9.9,1.8,30
105,1203,5.3,9.7,1.6,30
105,1204,5.1,9.4,1.3,30
105,1205,4.8,9.2,1.1,30
105,1206,4.6,9.0,0.8,30
105,1207,4.3,8.7,0.5,30
105,1208,4.1,8.5,0.3,30
105,1209,3.9,8.3,0.0,30
105,1210,3.6,8.0,-0.2,30
105,1211,3.5,7.9,-0.3,30
105,1212,3.3,7.7,-0.5,30
105,1213,3.3,7.7,-0.5,30
105,1214,3.2,7.7,-0.5,30
105,1215,3.2,7.6,-0.5,30
105,1216,3.2,7.6,-0.6,30
105,1217,3.1,7.5,-0.6,30
105,1218,3.0,7.4,-0.7,30
105,1219,2.9,7.3,-0.9,30
105,1220,2.8,7.3,-0.9,30
105,1221,2.7,7.2,-1.0,30
105,1222,2.7,7.2,-1.0,30
105,1223,2.6,7.1,-1.1,30
105,1224,2.5,6.9,-1.2,30
105,1225,2.4,6.9,-1.3,30
105,1226,2.4,6.8,-1.3,30
105,1227,2.4,6.8,-1.3,30
105,1228,2.2,6.6,-1.4,30
105,1229,2.0,6.4,-1.6,30
105,1230,1.9,6.3,-1.7,30
105,1231,1.7,6.2,-1.9,30
106,0101,1.9,6.3,-2.2,28
106,0102,1.8,6.2,-2.2,28
106,0103,1.8,6.2,-2.3,28
106,0104,1.7,6.1,-2.3,28
106,0105,1.6,6.0,-2.4,28
106,0106,1.5,5.8,-2.4,28
106,0107,1.4,5.7,-2.5,28
106,0108,1.4,5.7,-2.5,28
106,0109,1.4,5.6,-2.5,28
106,0110,1.3,5.6,-2.6,28
106,0111,1.3,5.5,-2.7,28
106,0112,1.2,5.5,-2.7,28
106,0113,1.2,5.4,-2.6,28
106,0114,1.1,5.3,-2.7,28
106,0115,1.1,5.2,-2.7,28
106,0116,1.0,5.2,-2.8,28
106,0117,0.9,5.0,-2.9,28
106,0118,0.8,5.0,-3.0,28
106,0119,0.8,4.9,-3.1,28
106,0120,0.8,5.0,-3.1,28
106,0121,0.9,5.0,-3.1,28
106,0122,0.9,5.1,-3.0,28
106,0123,0.9,5.1,-3.0,28
106,0124,0.9,5.1,-3.0,28
106,0125,0.8,5.0,-3.1,28
106,0126,0.8,5.0,-3.2,28
106,0127,0.8,5.0,-3.2,28
106,0128,0.8,5.1,-3.2,28
106,0129,0.9,5.2,-3.1,28
106,0130,1.0,5.4,-3.0,28
106,0131,1.2,5.5,-2.9,28
106,0201,1.3,5.6,-2.8,28
106,0202,1.4,5.7,-2.7,28
106,0203,1.4,5.7,-2.7,28
106,0204,1.5,5.7,-2.6,28
106,0205,1.5,5.8,-2.5,28
106,0206,1.7,6.0,-2.4,28
106,0207,1.8,6.1,-2.3,28
106,0208,2.0,6.3,-2.1,28
106,0209,2.1,6.4,-2.0,28
106,0210,2.2,6.4,-1.8,28
106,0211,2.3,6.5,-1.7,28
106,0212,2.4,6.6,-1.6,28
106,0213,2.5,6.8,-1.5,28
106,0214,2.6,6.8,-1.5,28
106,0215,2.7,7.0,-1.4,28
106,0216,2.9,7.2,-1.2,28
106,0217,3.1,7.3,-1.0,28
106,0218,3.2,7.5,-0.9,28
106,0219,3.4,7.6,-0.8,28
106,0220,3.5,7.8,-0.7,28
106,0221,3.6,7.8,-0.5,28
106,0222,3.6,7.9,-0.6,28
106,0223,3.7,7.9,-0.5,28
106,0224,3.8,8.0,-0.3,28
106,0225,4.0,8.3,-0.2,28
106,0226,4.1,8.4,0.0,28
106,0227,4.3,8.5,0.1,28
106,0228,4.4,8.7,0.3,28
106,0229,4.5,8.7,0.4,0
106,0301,4.5,8.7,0.4,28
106,0302,4.6,8.8,0.5,28
106,0303,4.8,9.0,0.6,28
106,0304,4.8,9.0,0.7,28
106,0305,5.0,9.2,0.8,28
106,0306,5.2,9.4,0.9,28
106,0307,5.2,9.5,1.0,28
106,0308,5.3,9.6,1.1,28
106,0309,5.5,9.8,1.2,28
106,0310,5.7,10.1,1.3,28
106,0311,6.0,10.3,1.5,28
106,0312,6.2,10.6,1.7,28
106,0313,6.3,10.7,1.9,28
106,0314,6.5,10.9,2.0,28
106,0315,6.7,11.1,2.2,28
106,0316,6.8,11.2,2.3,28
106,0317,6.9,11.3,2.4,28
106,0318,7.1,11.6,2.6,28
106,0319,7.3,11.8,2.8,28
106,0320,7.6,12.1,3.0,28
106,0321,7.8,12.3,3.3,28
106,0322,8.0,12.4,3.4,28
106,0323,8.2,12.6,3.6,28
106,0324,8.3,12.8,3.8,28
106,0325,8.5,12.9,4.0,28
106,0326,8.5,13.0,4.1,28
106,0327,8.6,13.1,4.2,28
106,0328,8.8,13.3,4.3,28
106,0329,9.0,13.5,4.5,28
106,0330,9.2,13.6,4.7,28
106,0331,9.4,13.9,5.0,28
106,0401,9.7,14.2,5.2,28
106,0402,9.8,14.3,5.3,28
106,0403,10.0,14.5,5.5,28
106,0404,10.0,14.5,5.6,28
106,0405,10.1,14.6,5.7,28
106,0406,10.4,14.8,5.9,28
106,0407,10.6,15.0,6.1,28
106,0408,10.8,15.3,6.3,28
106,0409,11.0,15.6,6.5,28
106,0410,11.2,15.7,6.7,28
106,0411,11.5,16.0,6.9,28
106,0412,11.6,16.2,7.1,28
106,0413,11.7,16.2,7.2,28
106,0414,11.9,16.4,7.4,28
106,0415,12.0,16.6,7.5,28
106,0416,12.2,16.7,7.7,28
106,0417,12.4,17.0,7.9,28
106,0418,12.6,17.1,8.2,28
106,0419,12.8,17.4,8.4,28
106,0420,13.0,17.6,8.6,28
106,0421,13.2,17.8,8.7,28
106,0422,13.4,18.0,8.9,28
106,0423,13.5,18.1,9.1,28
106,0424,13.6,18.2,9.2,28
106,0425,13.8,18.4,9.4,28
106,0426,14.0,18.6,9.6,28
106,0427,14.3,18.9,9.9,28
106,0428,14.5,19.2,10.1,28
106,0429,14.7,19.4,10.2,28
106,0430,14.8,19.6,10.4,28
106,0501,14.9,19.7,10.5,29
106,0502,15.0,19.8,10.6,29
106,0503,15.1,19.8,10.7,29
106,0504,15.2,19.9,10.8,29
106,0505,15.3,19.9,10.9,29
106,0506,15.3,20.0,11.0,29
106,0507,15.4,20.0,11.1,29
106,0508,15.4,20.0,11.2,29
106,0509,15.5,20.1,11.3,29
106,0510,15.6,20.2,11.4,29
106,0511,15.6,20.2,11.5,29
106,0512,15.8,20.3,11.7,29
106,0513,15.9,20.4,11.8,29
106,0514,16.0,20.5,12.0,29
106,0515,16.2,20.7,12.1,29
106,0516,16.4,20.8,12.3,29
106,0517,16.5,20.9,12.5,29
106,0518,16.7,21.2,12.7,29
106,0519,17.0,21.4,12.9,29
106,0520,17.1,21.5,13.1,29
106,0521,17.2,21.6,13.2,29
106,0522,17.3,21.7,13.4,29
106,0523,17.5,21.9,13.5,29
106,0524,17.7,22.0,13.6,29
106,0525,17.8,22.2,13.8,29
106,0526,17.9,22.3,13.9,29
106,0527,18.0,22.3,13.9,29
106,0528,18.1,22.4,14.1,29
106,0529,18.2,22.5,14.2,29
106,0530,18.2,22.4,14.3,29
106,0531,18.3,22.5,14.4,29
106,0601,18.3,22.4,14.5,29
106,0602,18.4,22.4,14.6,29
106,0603,18.4,22.5,14.7,29
106,0604,18.5,22.5,14.8,29
106,0605,18.6,22.6,15.0,29
106,0606,18.6,22.6,15.0,29
106,0607,18.7,22.6,15.1,29
106,0608,18.7,22.7,15.3,29
106,0609,18.8,22.7,15.4,29
106,0610,18.8,22.7,15.5,29
106,0611,18.9,22.7,15.6,29
106,0612,18.9,22.7,15.8,29
106,0613,19.1,22.8,15.9,29
106,0614,19.2,22.9,16.1,29
106,0615,19.3,23.1,16.2,29
106,0616,19.5,23.1,16.4,29
106,0617,19.6,23.2,16.5,29
106,0618,19.7,23.3,16.7,29
106,0619,19.8,23.4,16.9,29
106,0620,20.0,23.6,17.0,29
106,0621,20.2,23.7,17.2,29
106,0622,20.3,23.9,17.3,29
106,0623,20.4,24.0,17.5,29
106,0624,20.6,24.2,17.7,29
106,0625,20.8,24.4,18.0,29
106,0626,21.0,24.5,18.1,29
106,0627,21.2,24.7,18.3,29
106,0628,21.3,24.9,18.4,29
106,0629,21.4,24.9,18.6,29
106,0630,21.5,25.0,18.6,29
106,0701,21.6,25.1,18.7,29
106,0702,21.6,25.2,18.9,29
106,0703,21.7,25.2,19.0,29
106,0704,21.8,25.3,19.1,29
106,0705,21.9,25.3,19.2,29
106,0706,22.0,25.4,19.3,29
106,0707,22.1,25.5,19.5,29
106,0708,22.2,25.6,19.6,29
106,0709,22.3,25.6,19.6,29
106,0710,22.3,25.7,19.7,29
106,0711,22.4,25.7,19.7,29
106,0712,22.4,25.8,19.8,29
106,0713,22.5,25.8,19.9,29
106,0714,22.7,26.0,20.0,29
106,0715,22.9,26.3,20.2,29
106,0716,23.1,26.5,20.4,29
106,0717,23.3,26.7,20.6,29
106,0718,23.4,26.8,20.7,29
106,0719,23.6,27.0,20.8,29
106,0720,23.7,27.1,21.0,29
106,0721,23.8,27.2,21.1,29
106,0722,23.9,27.4,21.2,29
106,0723,24.1,27.6,21.3,29
106,0724,24.3,27.8,21.5,29
106,0725,24.5,28.0,21.7,29
106,0726,24.6,28.1,21.8,29
106,0727,24.7,28.2,21.9,29
106,0728,24.8,28.3,22.0,29
106,0729,24.8,28.4,22.1,29
106,0730,24.9,28.4,22.1,29
106,0731,24.9,28.5,22.1,29
106,0801,24.9,28.5,22.2,29
106,0802,25.0,28.5,22.2,29
106,0803,25.0,28.6,22.2,29
106,0804,25.0,28.6,22.2,29
106,0805,25.0,28.6,22.2,29
106,0806,25.0,28.6,22.1,29
106,0807,24.9,28.5,22.1,29
106,0808,24.9,28.4,22.0,29
106,0809,24.8,28.3,22.0,29
106,0810,24.7,28.3,21.9,29
106,0811,24.7,28.2,21.8,29
106,0812,24.5,28.0,21.7,29
106,0813,24.4,27.8,21.6,29
106,0814,24.3,27.8,21.5,29
106,0815,24.3,27.7,21.4,29
106,0816,24.2,27.7,21.3,29
106,0817,24.1,27.6,21.2,29
106,0818,24.0,27.5,21.0,29
106,0819,23.8,27.3,20.9,29
106,0820,23.7,27.1,20.7,29
106,0821,23.5,27.0,20.6,29
106,0822,23.4,26.9,20.4,29
106,0823,23.3,26.7,20.3,29
106,0824,23.1,26.6,20.1,29
106,0825,23.1,26.5,20.0,29
106,0826,22.9,26.5,19.8,29
106,0827,22.8,26.4,19.7,29
106,0828,22.7,26.3,19.5,29
106,0829,22.5,26.2,19.3,29
106,0830,22.3,26.0,19.1,29
106,0831,22.2,25.8,18.9,29
106,0901,22.0,25.7,18.7,29
106,0902,21.9,25.6,18.6,29
106,0903,21.8,25.5,18.5,29
106,0904,21.7,25.4,18.3,29
106,0905,21.5,25.2,18.1,29
106,0906,21.3,25.0,18.0,29
106,0907,21.2,24.8,17.8,29
106,0908,21.0,24.7,17.6,29
106,0909,20.8,24.6,17.5,29
106,0910,20.7,24.4,17.3,29
106,0911,20.6,24.3,17.2,29
106,0912,20.4,24.2,17.0,29
106,0913,20.3,24.1,16.8,29
106,0914,20.1,24.0,16.6,29
106,0915,19.9,23.8,16.4,29
106,0916,19.7,23.6,16.2,29
106,0917,19.5,23.4,15.9,29
106,0918,19.4,23.3,15.7,29
106,0919,19.3,23.3,15.6,29
106,0920,19.1,23.2,15.4,29
106,0921,19.0,23.1,15.1,29
106,0922,18.8,22.9,15.0,29
106,0923,18.7,22.8,14.8,29
106,0924,18.5,22.6,14.6,29
106,0925,18.3,22.5,14.4,29
106,0926,18.2,22.4,14.2,29
106,0927,18.0,22.2,14.0,29
106,0928,17.8,22.0,13.8,29
106,0929,17.7,21.9,13.7,29
106,0930,17.6,21.9,13.6,29
106,1001,17.5,21.8,13.5,29
106,1002,17.4,21.6,13.3,29
106,1003,17.3,21.6,13.1,29
106,1004,17.1,21.4,13.0,29
106,1005,17.0,21.3,12.9,29
106,1006,16.8,21.2,12.7,29
106,1007,16.7,21.1,12.5,29
106,1008,16.5,21.0,12.3,29
106,1009,16.3,20.9,12.0,29
106,1010,16.2,20.7,11.8,29
106,1011,16.0,20.5,11.6,29
106,1012,15.8,20.4,11.5,29
106,1013,15.7,20.3,11.4,29
106,1014,15.6,20.2,11.2,29
106,1015,15.4,20.0,11.0,29
106,1016,15.2,19.8,10.8,29
106,1017,15.0,19.7,10.7,29
106,1018,14.8,19.5,10.5,29
106,1019,14.6,19.2,10.2,29
106,1020,14.4,19.0,10.0,29
106,1021,14.2,18.9,9.7,29
106,1022,14.0,18.7,9.5,29
106,1023,13.8,18.4,9.3,29
106,1024,13.6,18.2,9.1,29
106,1025,13.4,18.0,8.9,29
106,1026,13.2,17.8,8.7,29
106,1027,13.0,17.6,8.4,29
106,1028,12.8,17.5,8.2,29
106,1029,12.7,17.4,8.1,29
106,1030,12.6,17.3,8.0,29
106,1031,12.5,17.2,7.9,29
106,1101,12.3,17.0,7.7,29
106,1102,12.1,16.7,7.5,29
106,1103,12.0,16.6,7.4,29
106,1104,11.9,16.4,7.3,29
106,1105,11.7,16.2,7.2,29
106,1106,11.5,16.0,7.1,29
106,1107,11.4,15.8,6.9,29
106,1108,11.2,15.6,6.8,29
106,1109,11.0,15.4,6.5,29
106,1110,10.8,15.2,6.4,29
106,1111,10.5,14.8,6.1,29
106,1112,10.2,14.5,5.9,29
106,1113,9.8,14.1,5.6,29
106,1114,9.4,13.8,5.2,29
106,1115,9.1,13.5,4.9,29
106,1116,8.9,13.3,4.6,29
106,1117,8.7,13.1,4.4,29
106,1118,8.5,12.9,4.1,29
106,1119,8.2,12.7,3.9,29
106,1120,8.0,12.5,3.6,29
106,1121,7.7,12.2,3.4,29
106,1122,7.5,12.0,3.3,29
106,1123,7.4,11.8,3.1,29
106,1124,7.2,11.6,2.9,29
106,1125,7.0,11.5,2.7,29
106,1126,6.9,11.3,2.6,29
106,1127,6.7,11.1,2.5,29
106,1128,6.5,10.9,2.3,29
106,1129,6.3,10.6,2.1,29
106,1130,6.0,10.4,1.9,29
106,1201,5.8,10.1,1.6,29
106,1202,5.6,9.9,1.4,29
106,1203,5.4,9.7,1.3,29
106,1204,5.1,9.4,1.0,29
106,1205,4.9,9.2,0.8,29
106,1206,4.7,9.0,0.6,29
106,1207,4.5,8.7,0.3,29
106,1208,4.2,8.5,0.1,29
106,1209,4.0,8.3,-0.2,29
106,1210,3.8,8.1,-0.4,29
106,1211,3.6,7.9,-0.5,29
106,1212,3.4,7.8,-0.7,29
106,1213,3.4,7.7,-0.8,29
106,1214,3.3,7.7,-0.8,29
106,1215,3.3,7.7,-0.9,29
106,1216,3.3,7.6,-0.9,29
106,1217,3.2,7.6,-0.9,29
106,1218,3.1,7.4,-1.1,29
106,1219,3.0,7.3,-1.2,29
106,1220,2.9,7.3,-1.3,29
106,1221,2.8,7.2,-1.3,29
106,1222,2.7,7.2,-1.4,29
106,1223,2.7,7.2,-1.5,29
106,1224,2.6,7.0,-1.5,29
106,1225,2.6,7.0,-1.6,29
106,1226,2.5,7.0,-1.6,29
106,1227,2.5,7.0,-1.6,29
106,1228,2.4,6.8,-1.7,29
106,1229,2.3,6.7,-1.8,29
106,1230,2.1,6.5,-1.9,29
106,1231,2.0,6.4,-2.1,29
108,0101,-1.8,2.3,-5.3,30
108,0102,-1.8,2.1,-5.4,30
108,0103,-1.9,2.1,-5.4,30
108,0104,-1.9,2.0,-5.4,30
108,0105,-2.0,2.0,-5.5,30
108,0106,-2.0,1.9,-5.5,30
108,0107,-2.0,1.9,-5.5,30
108,0108,-2.0,2.0,-5.5,30
108,0109,-2.0,2.0,-5.5,30
108,0110,-2.0,2.0,-5.5,30
108,0111,-2.0,2.0,-5.5,30
108,0112,-2.0,2.0,-5.4,30
108,0113,-1.9,2.1,-5.4,30
108,0114,-2.0,2.0,-5.4,30
108,0115,-2.0,2.0,-5.4,30
108,0116,-2.0,1.9,-5.5,30
108,0117,-2.1,1.9,-5.6,30
108,0118,-2.1,1.9,-5.6,30
108,0119,-2.1,1.9,-5.6,30
108,0120,-2.1,1.9,-5.6,30
108,0121,-2.0,2.0,-5.6,30
108,0122,-2.0,2.1,-5.5,30
108,0123,-1.9,2.1,-5.5,30
108,0124,-1.9,2.1,-5.5,30
108,0125,-2.0,2.1,-5.6,30
108,0126,-2.0,2.1,-5.6,30
108,0127,-2.0,2.1,-5.7,30
108,0128,-2.0,2.2,-5.7,30
108,0129,-1.9,2.3,-5.6,30
108,0130,-1.8,2.4,-5.5,30
108,0131,-1.7,2.6,-5.4,30
108,0201,-1.6,2.7,-5.2,30
108,0202,-1.5,2.8,-5.2,30
108,0203,-1.4,2.9,-5.0,30
108,0204,-1.2,3.1,-4.9,30
108,0205,-1.1,3.1,-4.8,30
108,0206,-1.0,3.3,-4.6,30
108,0207,-0.8,3.6,-4.5,30
108,0208,-0.6,3.8,-4.3,30
108,0209,-0.5,3.9,-4.2,30
108,0210,-0.3,4.0,-4.0,30
108,0211,-0.1,4.2,-3.8,30
108,0212,0.0,4.4,-3.7,30
108,0213,0.2,4.6,-3.5,30
108,0214,0.3,4.8,-3.4,30
108,0215,0.5,5.0,-3.2,30
108,0216,0.8,5.2,-3.1,30
108,0217,1.0,5.5,-2.9,30
108,0218,1.3,5.8,-2.6,30
108,0219,1.5,6.1,-2.4,30
108,0220,1.7,6.4,-2.2,30
108,0221,1.9,6.5,-2.0,30
108,0222,2.0,6.6,-2.0,30
108,0223,2.1,6.8,-1.9,30
108,0224,2.3,7.0,-1.7,30
108,0225,2.6,7.3,-1.4,30
108,0226,2.9,7.6,-1.2,30
108,0227,3.1,7.8,-0.9,30
108,0228,3.2,7.9,-0.7,30
108,0229,3.4,8.0,-0.6,0
108,0301,3.5,8.2,-0.4,30
108,0302,3.8,8.4,-0.3,30
108,0303,3.9,8.5,-0.1,30
108,0304,3.9,8.6,-0.1,30
108,0305,4.1,8.7,0.0,30
108,0306,4.2,8.9,0.1,30
108,0307,4.3,9.0,0.2,30
108,0308,4.5,9.2,0.4,30
108,0309,4.7,9.4,0.6,30
108,0310,4.9,9.8,0.7,30
108,0311,5.2,10.0,1.0,30
108,0312,5.4,10.2,1.2,30
108,0313,5.6,10.5,1.3,30
108,0314,5.9,10.8,1.5,30
108,0315,6.1,11.1,1.7,30
108,0316,6.3,11.3,1.9,30
108,0317,6.4,11.3,2.1,30
108,0318,6.5,11.5,2.2,30
108,0319,6.8,11.8,2.4,30
108,0320,7.0,12.1,2.7,30
108,0321,7.2,12.3,2.9,30
108,0322,7.4,12.5,3.1,30
108,0323,7.5,12.6,3.2,30
108,0324,7.7,12.8,3.4,30
108,0325,7.9,13.0,3.6,30
108,0326,8.0,13.1,3.7,30
108,0327,8.2,13.2,3.8,30
108,0328,8.3,13.4,4.0,30
108,0329,8.6,13.6,4.2,30
108,0330,8.8,13.9,4.4,30
108,0331,9.0,14.1,4.7,30
108,0401,9.3,14.5,4.9,30
108,0402,9.7,14.9,5.2,30
108,0403,9.9,15.1,5.5,30
108,0404,10.1,15.4,5.7,30
108,0405,10.4,15.6,5.9,30
108,0406,10.6,15.8,6.1,30
108,0407,10.8,16.0,6.3,30
108,0408,11.0,16.3,6.5,30
108,0409,11.2,16.6,6.7,30
108,0410,11.5,16.8,6.9,30
108,0411,11.8,17.2,7.2,30
108,0412,12.0,17.4,7.4,30
108,0413,12.2,17.6,7.6,30
108,0414,12.4,17.8,7.8,30
108,0415,12.6,18.0,8.0,30
108,0416,12.8,18.2,8.2,30
108,0417,13.0,18.3,8.4,30
108,0418,13.1,18.5,8.5,30
108,0419,13.2,18.6,8.6,30
108,0420,13.4,18.8,8.7,30
108,0421,13.6,19.0,8.9,30
108,0422,13.9,19.2,9.1,30
108,0423,14.1,19.4,9.4,30
108,0424,14.4,19.7,9.7,30
108,0425,14.7,20.0,10.0,30
108,0426,14.9,20.1,10.2,30
108,0427,15.1,20.4,10.4,30
108,0428,15.3,20.6,10.5,30
108,0429,15.4,20.8,10.7,30
108,0430,15.6,21.0,10.8,30
108,0501,15.9,21.3,11.0,30
108,0502,16.1,21.5,11.3,30
108,0503,16.3,21.7,11.5,30
108,0504,16.5,21.9,11.7,30
108,0505,16.7,22.0,11.9,30
108,0506,16.8,22.2,12.1,30
108,0507,17.0,22.3,12.2,30
108,0508,17.1,22.4,12.4,30
108,0509,17.1,22.5,12.4,30
108,0510,17.2,22.5,12.5,30
108,0511,17.3,22.6,12.6,30
108,0512,17.4,22.7,12.7,30
108,0513,17.4,22.7,12.8,30
108,0514,17.6,22.9,12.9,30
108,0515,17.8,23.1,13.1,30
108,0516,18.0,23.3,13.3,30
108,0517,18.1,23.4,13.4,30
108,0518,18.3,23.6,13.6,30
108,0519,18.5,23.8,13.8,30
108,0520,18.7,24.0,13.9,30
108,0521,18.9,24.2,14.2,30
108,0522,19.1,24.4,14.4,30
108,0523,19.3,24.6,14.5,30
108,0524,19.5,24.8,14.7,30
108,0525,19.7,25.1,14.9,30
108,0526,19.9,25.3,15.1,30
108,0527,20.1,25.5,15.3,30
108,0528,20.3,25.6,15.6,30
108,0529,20.5,25.8,15.8,30
108,0530,20.6,25.9,16.0,30
108,0531,20.7,26.0,16.1,30
108,0601,20.9,26.2,16.3,30
108,0602,21.1,26.4,16.5,30
108,0603,21.3,26.6,16.8,30
108,0604,21.5,26.7,17.0,30
108,0605,21.6,26.8,17.2,30
108,0606,21.7,26.9,17.3,30
108,0607,21.9,27.1,17.5,30
108,0608,22.0,27.2,17.7,30
108,0609,22.2,27.3,17.9,30
108,0610,22.3,27.5,18.0,30
108,0611,22.4,27.6,18.2,30
108,0612,22.6,27.7,18.3,30
108,0613,22.6,27.7,18.5,30
108,0614,22.7,27.8,18.6,30
108,0615,22.9,27.9,18.8,30
108,0616,22.9,27.9,18.9,30
108,0617,23.0,27.9,18.9,30
108,0618,23.0,27.9,19.0,30
108,0619,23.1,27.9,19.1,30
108,0620,23.2,28.0,19.3,30
108,0621,23.3,28.1,19.4,30
108,0622,23.4,28.1,19.6,30
108,0623,23.4,28.0,19.7,30
108,0624,23.4,27.9,19.8,30
108,0625,23.5,27.9,20.0,30
108,0626,23.5,27.8,20.1,30
108,0627,23.6,27.9,20.2,30
108,0628,23.7,27.9,20.3,30
108,0629,23.8,28.0,20.4,30
108,0630,23.9,28.0,20.6,30
108,0701,24.0,28.1,20.7,30
108,0702,24.1,28.2,20.8,30
108,0703,24.2,28.2,20.9,30
108,0704,24.3,28.3,21.0,30
108,0705,24.3,28.3,21.2,30
108,0706,24.4,28.2,21.3,30
108,0707,24.5,28.3,21.4,30
108,0708,24.5,28.4,21.4,30
108,0709,24.6,28.4,21.5,30
108,0710,24.6,28.4,21.5,30
108,0711,24.7,28.6,21.6,30
108,0712,24.8,28.6,21.7,30
108,0713,24.9,28.7,21.8,30
108,0714,25.0,28.7,22.0,30
108,0715,25.1,28.8,22.1,30
108,0716,25.2,28.9,22.2,30
108,0717,25.3,28.9,22.3,30
108,0718,25.4,29.0,22.5,30
108,0719,25.5,29.1,22.6,30
108,0720,25.6,29.3,22.7,30
108,0721,25.7,29.4,22.8,30
108,0722,25.8,29.5,23.0,30
108,0723,26.0,29.6,23.1,30
108,0724,26.2,29.8,23.3,30
108,0725,26.4,30.0,23.5,30
108,0726,26.5,30.1,23.6,30
108,0727,26.6,30.2,23.7,30
108,0728,26.6,30.3,23.8,30
108,0729,26.7,30.4,23.9,30
108,0730,26.8,30.5,23.9,30
108,0731,26.8,30.5,24.0,30
108,0801,26.9,30.6,24.0,30
108,0802,27.0,30.7,24.1,30
108,0803,27.0,30.8,24.1,30
108,0804,27.1,30.8,24.1,30
108,0805,27.1,30.9,24.1,30
108,0806,27.1,30.9,24.0,30
108,0807,27.1,30.9,24.0,30
108,0808,27.0,30.9,24.0,30
108,0809,27.0,30.9,23.9,30
108,0810,26.9,30.8,23.8,30
108,0811,26.8,30.8,23.7,30
108,0812,26.8,30.7,23.7,30
108,0813,26.6,30.5,23.6,30
108,0814,26.5,30.4,23.5,30
108,0815,26.5,30.4,23.3,30
108,0816,26.3,30.3,23.2,30
108,0817,26.2,30.1,23.0,30
108,0818,26.0,29.9,22.9,30
108,0819,25.9,29.8,22.7,30
108,0820,25.7,29.6,22.6,30
108,0821,25.6,29.5,22.4,30
108,0822,25.4,29.3,22.2,30
108,0823,25.3,29.2,22.0,30
108,0824,25.1,29.1,21.8,30
108,0825,25.0,29.0,21.7,30
108,0826,24.9,28.9,21.5,30
108,0827,24.7,28.8,21.4,30
108,0828,24.6,28.7,21.2,30
108,0829,24.4,28.5,21.0,30
108,0830,24.3,28.3,20.8,30
108,0831,24.1,28.2,20.6,30
108,0901,24.0,28.2,20.5,30
108,0902,23.9,28.1,20.3,30
108,0903,23.7,28.0,20.1,30
108,0904,23.6,27.9,20.0,30
108,0905,23.4,27.7,19.8,30
108,0906,23.2,27.6,19.6,30
108,0907,23.1,27.4,19.4,30
108,0908,23.0,27.3,19.3,30
108,0909,22.8,27.2,19.1,30
108,0910,22.6,27.0,18.9,30
108,0911,22.5,26.9,18.7,30
108,0912,22.3,26.8,18.5,30
108,0913,22.1,26.7,18.3,30
108,0914,21.9,26.5,18.1,30
108,0915,21.7,26.3,17.8,30
108,0916,21.5,26.1,17.6,30
108,0917,21.4,26.0,17.4,30
108,0918,21.2,25.9,17.2,30
108,0919,21.1,25.8,17.0,30
108,0920,21.0,25.8,16.8,30
108,0921,20.8,25.6,16.6,30
108,0922,20.6,25.4,16.4,30
108,0923,20.3,25.1,16.2,30
108,0924,20.1,24.9,15.9,30
108,0925,19.8,24.7,15.7,30
108,0926,19.6,24.4,15.4,30
108,0927,19.3,24.2,15.2,30
108,0928,19.1,24.0,14.9,30
108,0929,18.9,23.9,14.7,30
108,0930,18.8,23.7,14.5,30
108,1001,18.6,23.5,14.3,30
108,1002,18.3,23.3,14.1,30
108,1003,18.1,23.1,13.9,30
108,1004,17.9,22.9,13.6,30
108,1005,17.6,22.6,13.3,30
108,1006,17.4,22.5,13.0,30
108,1007,17.2,22.3,12.8,30
108,1008,16.9,22.0,12.5,30
108,1009,16.7,21.8,12.2,30
108,1010,16.5,21.6,12.0,30
108,1011,16.3,21.5,11.7,30
108,1012,16.1,21.3,11.5,30
108,1013,15.9,21.2,11.4,30
108,1014,15.8,21.0,11.2,30
108,1015,15.5,20.8,11.0,30
108,1016,15.3,20.6,10.8,30
108,1017,15.1,20.3,10.5,30
108,1018,14.8,20.0,10.3,30
108,1019,14.5,19.7,10.0,30
108,1020,14.3,19.5,9.7,30
108,1021,14.0,19.2,9.5,30
108,1022,13.7,18.9,9.3,30
108,1023,13.5,18.6,9.0,30
108,1024,13.2,18.4,8.7,30
108,1025,12.9,18.1,8.5,30
108,1026,12.6,17.7,8.2,30
108,1027,12.3,17.4,7.9,30
108,1028,12.1,17.1,7.6,30
108,1029,11.9,16.9,7.4,30
108,1030,11.7,16.8,7.3,30
108,1031,11.5,16.5,7.1,30
108,1101,11.3,16.2,6.9,30
108,1102,11.0,16.0,6.7,30
108,1103,10.9,15.7,6.5,30
108,1104,10.7,15.5,6.4,30
108,1105,10.4,15.2,6.2,30
108,1106,10.3,15.0,6.1,30
108,1107,10.1,14.8,5.9,30
108,1108,9.8,14.4,5.7,30
108,1109,9.5,14.1,5.5,30
108,1110,9.3,13.9,5.3,30
108,1111,9.0,13.5,5.0,30
108,1112,8.6,13.1,4.7,30
108,1113,8.2,12.5,4.3,30
108,1114,7.7,12.1,3.9,30
108,1115,7.4,11.7,3.5,30
108,1116,7.1,11.4,3.2,30
108,1117,6.8,11.1,3.0,30
108,1118,6.5,10.9,2.7,30
108,1119,6.2,10.5,2.4,30
108,1120,5.9,10.2,2.1,30
108,1121,5.6,9.8,1.8,30
108,1122,5.3,9.6,1.6,30
108,1123,5.1,9.4,1.4,30
108,1124,4.9,9.2,1.2,30
108,1125,4.7,8.9,1.0,30
108,1126,4.5,8.7,0.8,30
108,1127,4.2,8.4,0.6,30
108,1128,3.9,8.1,0.3,30
108,1129,3.7,7.8,0.0,30
108,1130,3.4,7.5,-0.2,30
108,1201,3.1,7.2,-0.4,30
108,1202,2.8,6.9,-0.8,30
108,1203,2.6,6.6,-1.0,30
108,1204,2.3,6.3,-1.2,30
108,1205,2.1,6.1,-1.5,30
108,1206,1.8,5.8,-1.8,30
108,1207,1.5,5.5,-2.1,30
108,1208,1.2,5.1,-2.4,30
108,1209,0.9,4.8,-2.6,30
108,1210,0.7,4.6,-2.9,30
108,1211,0.5,4.3,-3.1,30
108,1212,0.3,4.2,-3.3,30
108,1213,0.3,4.1,-3.3,30
108,1214,0.2,4.1,-3.3,30
108,1215,0.2,4.2,-3.4,30
108,1216,0.2,4.1,-3.4,30
108,1217,0.1,4.1,-3.5,30
108,1218,-0.0,4.0,-3.6,30
108,1219,-0.2,3.8,-3.8,30
108,1220,-0.3,3.7,-3.9,30
108,1221,-0.4,3.6,-4.0,30
108,1222,-0.5,3.5,-4.1,30
108,1223,-0.6,3.4,-4.2,30
108,1224,-0.7,3.3,-4.3,30
108,1225,-0.8,3.2,-4.4,30
108,1226,-0.8,3.2,-4.4,30
108,1227,-0.9,3.1,-4.5,30
108,1228,-1.1,3.0,-4.7,30
108,1229,-1.3,2.8,-4.8,30
108,1230,-1.5,2.6,-5.0,30
108,1231,-1.6,2.4,-5.2,30
112,0101,-1.2,2.5,-4.5,30
112,0102,-1.3,2.4,-4.6,30
112,0103,-1.3,2.4,-4.6,30
112,0104,-1.3,2.3,-4.7,30
112,0105,-1.4,2.3,-4.7,30
112,0106,-1.5,2.2,-4.7,30
112,0107,-1.5,2.1,-4.8,30
112,0108,-1.5,2.2,-4.8,30
112,0109,-1.5,2.1,-4.8,30
112,0110,-1.6,2.1,-4.8,30
112,0111,-1.6,2.1,-4.9,30
112,0112,-1.6,2.2,-4.8,30
112,0113,-1.5,2.2,-4.8,30
112,0114,-1.6,2.2,-4.8,30
112,0115,-1.6,2.2,-4.8,30
112,0116,-1.6,2.1,-4.9,30
112,0117,-1.7,2.0,-5.0,30
112,0118,-1.7,2.0,-5.0,30
112,0119,-1.7,2.0,-5.0,30
112,0120,-1.7,2.1,-5.0,30
112,0121,-1.7,2.2,-5.0,30
112,0122,-1.6,2.2,-4.9,30
112,0123,-1.6,2.3,-4.9,30
112,0124,-1.6,2.3,-4.9,30
112,0125,-1.6,2.2,-4.9,30
112,0126,-1.6,2.2,-5.0,30
112,0127,-1.7,2.2,-5.0,30
112,0128,-1.7,2.2,-5.0,30
112,0129,-1.6,2.3,-5.0,30
112,0130,-1.5,2.4,-4.9,30
112,0131,-1.4,2.5,-4.8,30
112,0201,-1.3,2.6,-4.7,30
112,0202,-1.2,2.7,-4.6,30
112,0203,-1.1,2.8,-4.5,30
112,0204,-1.0,2.9,-4.4,30
112,0205,-0.9,3.0,-4.3,30
112,0206,-0.8,3.2,-4.2,30
112,0207,-0.6,3.4,-4.0,30
112,0208,-0.5,3.5,-3.8,30
112,0209,-0.3,3.7,-3.7,30
112,0210,-0.2,3.8,-3.5,30
112,0211,-0.0,4.0,-3.4,30
112,0212,0.1,4.2,-3.3,30
112,0213,0.3,4.4,-3.1,30
112,0214,0.4,4.5,-3.0,30
112,0215,0.6,4.7,-2.8,30
112,0216,0.8,4.9,-2.6,30
112,0217,1.0,5.2,-2.4,30
112,0218,1.2,5.4,-2.2,30
112,0219,1.5,5.7,-2.0,30
112,0220,1.7,5.9,-1.9,30
112,0221,1.8,6.1,-1.7,30
112,0222,1.9,6.1,-1.7,30
112,0223,2.0,6.3,-1.5,30
112,0224,2.2,6.5,-1.3,30
112,0225,2.4,6.8,-1.1,30
112,0226,2.7,7.0,-0.8,30
112,0227,2.9,7.2,-0.6,30
112,0228,3.0,7.3,-0.4,30
112,0229,3.2,7.5,-0.3,0
112,0301,3.3,7.6,-0.2,30
112,0302,3.5,7.8,0.0,30
112,0303,3.6,7.9,0.2,30
112,0304,3.7,8.0,0.3,30
112,0305,3.8,8.1,0.4,30
112,0306,3.9,8.2,0.5,30
112,0307,4.1,8.4,0.6,30
112,0308,4.2,8.5,0.7,30
112,0309,4.4,8.7,0.9,30
112,0310,4.6,9.0,1.1,30
112,0311,4.8,9.2,1.3,30
112,0312,5.0,9.4,1.4,30
112,0313,5.2,9.7,1.6,30
112,0314,5.4,9.9,1.8,30
112,0315,5.6,10.1,2.0,30
112,0316,5.8,10.3,2.1,30
112,0317,5.9,10.3,2.3,30
112,0318,6.0,10.5,2.4,30
112,0319,6.2,10.8,2.6,30
112,0320,6.4,11.0,2.8,30
112,0321,6.6,11.2,3.0,30
112,0322,6.7,11.3,3.1,30
112,0323,6.8,11.4,3.3,30
112,0324,7.0,11.6,3.4,30
112,0325,7.2,11.7,3.6,30
112,0326,7.3,11.9,3.8,30
112,0327,7.4,12.0,3.9,30
112,0328,7.6,12.2,4.1,30
112,0329,7.8,12.4,4.3,30
112,0330,8.0,12.6,4.5,30
112,0331,8.2,12.8,4.7,30
112,0401,8.5,13.1,4.9,30
112,0402,8.8,13.4,5.2,30
112,0403,9.0,13.7,5.4,30
112,0404,9.2,13.9,5.6,30
112,0405,9.4,14.1,5.8,30
112,0406,9.6,14.3,6.0,30
112,0407,9.8,14.5,6.2,30
112,0408,10.0,14.7,6.4,30
112,0409,10.1,14.8,6.5,30
112,0410,10.4,15.1,6.7,30
112,0411,10.6,15.4,7.0,30
112,0412,10.8,15.6,7.2,30
112,0413,11.0,15.8,7.4,30
112,0414,11.3,16.1,7.6,30
112,0415,11.5,16.3,7.8,30
112,0416,11.7,16.4,8.0,30
112,0417,11.8,16.6,8.2,30
112,0418,12.0,16.7,8.3,30
112,0419,12.1,16.9,8.4,30
112,0420,12.2,17.1,8.6,30
112,0421,12.4,17.2,8.8,30
112,0422,12.7,17.5,9.0,30
112,0423,13.0,17.8,9.4,30
112,0424,13.3,18.1,9.6,30
112,0425,13.5,18.3,9.9,30
112,0426,13.7,18.5,10.1,30
112,0427,13.9,18.7,10.2,30
112,0428,14.1,18.9,10.4,30
112,0429,14.2,19.1,10.5,30
112,0430,14.4,19.3,10.7,30
112,0501,14.6,19.5,10.9,30
112,0502,14.8,19.7,11.1,30
112,0503,15.0,19.9,11.3,30
112,0504,15.2,20.1,11.5,30
112,0505,15.3,20.2,11.6,30
112,0506,15.5,20.3,11.8,30
112,0507,15.6,20.5,11.9,30
112,0508,15.7,20.6,12.0,30
112,0509,15.8,20.6,12.0,30
112,0510,15.8,20.7,12.1,30
112,0511,15.9,20.8,12.2,30
112,0512,16.0,20.8,12.3,30
112,0513,16.1,20.9,12.4,30
112,0514,16.2,21.0,12.5,30
112,0515,16.4,21.2,12.7,30
112,0516,16.6,21.4,12.9,30
112,0517,16.7,21.5,13.0,30
112,0518,16.9,21.6,13.2,30
112,0519,17.0,21.8,13.4,30
112,0520,17.2,22.1,13.5,30
112,0521,17.5,22.3,13.7,30
112,0522,17.6,22.4,13.9,30
112,0523,17.8,22.5,14.1,30
112,0524,17.9,22.8,14.2,30
112,0525,18.1,22.9,14.4,30
112,0526,18.3,23.1,14.6,30
112,0527,18.5,23.3,14.8,30
112,0528,18.7,23.5,15.0,30
112,0529,18.9,23.7,15.2,30
112,0530,19.0,23.8,15.3,30
112,0531,19.2,23.9,15.5,30
112,0601,19.3,24.1,15.7,30
112,0602,19.5,24.3,15.8,30
112,0603,19.7,24.5,16.0,30
112,0604,19.9,24.6,16.3,30
112,0605,20.0,24.7,16.4,30
112,0606,20.1,24.8,16.5,30
112,0607,20.3,25.0,16.7,30
112,0608,20.4,25.1,16.9,30
112,0609,20.6,25.2,17.1,30
112,0610,20.7,25.3,17.2,30
112,0611,20.9,25.4,17.4,30
112,0612,21.0,25.6,17.6,30
112,0613,21.1,25.6,17.7,30
112,0614,21.2,25.7,17.8,30
112,0615,21.3,25.9,18.0,30
112,0616,21.4,25.9,18.1,30
112,0617,21.5,25.9,18.2,30
112,0618,21.6,26.0,18.3,30
112,0619,21.7,26.0,18.5,30
112,0620,21.8,26.1,18.6,30
112,0621,21.9,26.2,18.7,30
112,0622,22.0,26.2,18.9,30
112,0623,22.1,26.2,19.0,30
112,0624,22.1,26.2,19.2,30
112,0625,22.2,26.2,19.3,30
112,0626,22.3,26.2,19.4,30
112,0627,22.4,26.3,19.6,30
112,0628,22.5,26.3,19.7,30
112,0629,22.6,26.4,19.8,30
112,0630,22.7,26.4,19.9,30
112,0701,22.8,26.6,20.1,30
112,0702,23.0,26.7,20.3,30
112,0703,23.0,26.7,20.4,30
112,0704,23.2,26.8,20.5,30
112,0705,23.3,26.9,20.6,30
112,0706,23.3,26.9,20.7,30
112,0707,23.4,27.0,20.8,30
112,0708,23.5,27.0,20.9,30
112,0709,23.6,27.1,21.0,30
112,0710,23.6,27.1,21.1,30
112,0711,23.8,27.3,21.2,30
112,0712,23.9,27.4,21.2,30
112,0713,24.0,27.5,21.4,30
112,0714,24.1,27.6,21.5,30
112,0715,24.2,27.6,21.6,30
112,0716,24.3,27.7,21.8,30
112,0717,24.4,27.7,21.9,30
112,0718,24.5,27.8,22.0,30
112,0719,24.6,28.0,22.1,30
112,0720,24.7,28.1,22.2,30
112,0721,24.9,28.3,22.4,30
112,0722,25.0,28.4,22.5,30
112,0723,25.1,28.5,22.6,30
112,0724,25.3,28.7,22.8,30
112,0725,25.4,28.9,23.0,30
112,0726,25.6,29.0,23.1,30
112,0727,25.7,29.1,23.3,30
112,0728,25.8,29.2,23.4,30
112,0729,25.9,29.3,23.4,30
112,0730,26.0,29.4,23.5,30
112,0731,26.1,29.5,23.6,30
112,0801,26.2,29.6,23.6,30
112,0802,26.2,29.7,23.7,30
112,0803,26.3,29.8,23.8,30
112,0804,26.3,29.8,23.8,30
112,0805,26.3,29.9,23.8,30
112,0806,26.4,29.9,23.8,30
112,0807,26.4,30.0,23.8,30
112,0808,26.4,30.0,23.8,30
112,0809,26.4,30.0,23.7,30
112,0810,26.3,29.9,23.6,30
112,0811,26.2,29.9,23.6,30
112,0812,26.2,29.8,23.5,30
112,0813,26.1,29.7,23.4,30
112,0814,26.0,29.6,23.4,30
112,0815,25.9,29.6,23.2,30
112,0816,25.8,29.4,23.1,30
112,0817,25.7,29.3,23.0,30
112,0818,25.6,29.2,22.8,30
112,0819,25.4,29.0,22.7,30
112,0820,25.3,28.9,22.6,30
112,0821,25.2,28.8,22.4,30
112,0822,25.0,28.7,22.3,30
112,0823,24.9,28.5,22.1,30
112,0824,24.8,28.4,22.0,30
112,0825,24.7,28.4,21.8,30
112,0826,24.6,28.3,21.7,30
112,0827,24.5,28.2,21.5,30
112,0828,24.3,28.1,21.4,30
112,0829,24.2,27.9,21.2,30
112,0830,24.0,27.8,21.0,30
112,0831,23.9,27.7,20.8,30
112,0901,23.8,27.6,20.7,30
112,0902,23.6,27.5,20.6,30
112,0903,23.5,27.4,20.4,30
112,0904,23.4,27.3,20.2,30
112,0905,23.2,27.1,20.0,30
112,0906,23.1,27.0,19.8,30
112,0907,22.9,26.9,19.7,30
112,0908,22.8,26.8,19.5,30
112,0909,22.6,26.6,19.3,30
112,0910,22.5,26.5,19.1,30
112,0911,22.3,26.4,18.9,30
112,0912,22.1,26.2,18.7,30
112,0913,22.0,26.1,18.5,30
112,0914,21.8,26.0,18.3,30
112,0915,21.6,25.8,18.1,30
112,0916,21.5,25.7,17.9,30
112,0917,21.3,25.6,17.7,30
112,0918,21.2,25.5,17.5,30
112,0919,21.0,25.4,17.4,30
112,0920,20.9,25.3,17.2,30
112,0921,20.7,25.1,17.1,30
112,0922,20.5,24.9,16.8,30
112,0923,20.3,24.7,16.6,30
112,0924,20.1,24.5,16.4,30
112,0925,19.9,24.3,16.2,30
112,0926,19.6,24.0,16.0,30
112,0927,19.4,23.8,15.7,30
112,0928,19.2,23.6,15.4,30
112,0929,19.0,23.5,15.3,30
112,0930,18.8,23.3,15.1,30
112,1001,18.6,23.1,14.9,30
112,1002,18.4,22.9,14.7,30
112,1003,18.2,22.7,14.5,30
112,1004,18.0,22.5,14.2,30
112,1005,17.8,22.2,14.0,30
112,1006,17.5,22.1,13.7,30
112,1007,17.3,21.8,13.5,30
112,1008,17.1,21.6,13.2,30
112,1009,16.9,21.4,13.0,30
112,1010,16.7,21.2,12.7,30
112,1011,16.5,21.1,12.5,30
112,1012,16.3,20.9,12.3,30
112,1013,16.2,20.8,12.2,30
112,1014,16.0,20.6,12.0,30
112,1015,15.8,20.4,11.8,30
112,1016,15.6,20.2,11.6,29
112,1017,15.3,20.0,11.4,30
112,1018,15.1,19.7,11.1,30
112,1019,14.8,19.5,10.9,30
112,1020,14.6,19.2,10.6,30
112,1021,14.3,18.9,10.4,30
112,1022,14.1,18.7,10.1,30
112,1023,13.8,18.4,9.8,30
112,1024,13.6,18.1,9.6,30
112,1025,13.3,17.9,9.3,30
112,1026,13.0,17.5,9.1,30
112,1027,12.7,17.2,8.8,30
112,1028,12.5,17.0,8.5,30
112,1029,12.3,16.8,8.3,30
112,1030,12.1,16.6,8.2,30
112,1031,11.9,16.3,8.0,30
112,1101,11.6,16.1,7.7,30
112,1102,11.4,15.8,7.5,30
112,1103,11.2,15.6,7.4,30
112,1104,11.0,15.3,7.2,30
112,1105,10.8,15.1,7.0,30
112,1106,10.7,14.9,6.9,30
112,1107,10.5,14.7,6.7,30
112,1108,10.2,14.4,6.5,30
112,1109,9.9,14.1,6.2,30
112,1110,9.7,13.8,6.0,30
112,1111,9.3,13.4,5.8,30
112,1112,9.0,13.1,5.4,30
112,1113,8.6,12.6,5.0,30
112,1114,8.1,12.2,4.6,30
112,1115,7.8,11.8,4.3,30
112,1116,7.6,11.6,4.0,30
112,1117,7.3,11.3,3.8,30
112,1118,7.0,11.0,3.4,30
112,1119,6.7,10.7,3.1,30
112,1120,6.4,10.4,2.8,30
112,1121,6.1,10.0,2.5,30
112,1122,5.8,9.7,2.3,30
112,1123,5.6,9.6,2.1,30
112,1124,5.4,9.4,1.9,30
112,1125,5.2,9.1,1.7,30
112,1126,5.0,8.9,1.4,30
112,1127,4.7,8.6,1.2,30
112,1128,4.4,8.3,0.9,30
112,1129,4.1,8.0,0.7,30
112,1130,3.9,7.7,0.4,30
112,1201,3.6,7.4,0.2,30
112,1202,3.3,7.1,-0.1,30
112,1203,3.1,6.8,-0.3,30
112,1204,2.8,6.6,-0.6,30
112,1205,2.6,6.3,-0.8,30
112,1206,2.3,6.0,-1.1,30
112,1207,2.0,5.8,-1.4,30
112,1208,1.8,5.5,-1.6,30
112,1209,1.5,5.2,-1.9,30
112,1210,1.2,4.9,-2.1,30
112,1211,1.0,4.7,-2.3,30
112,1212,0.9,4.6,-2.4,30
112,1213,0.8,4.5,-2.5,30
112,1214,0.8,4.5,-2.5,30
112,1215,0.8,4.5,-2.5,30
112,1216,0.7,4.5,-2.6,30
112,1217,0.6,4.4,-2.7,30
112,1218,0.5,4.3,-2.8,30
112,1219,0.3,4.1,-3.0,30
112,1220,0.2,4.0,-3.1,30
112,1221,0.1,3.9,-3.2,30
112,1222,0.0,3.8,-3.3,30
112,1223,-0.1,3.7,-3.5,30
112,1224,-0.2,3.5,-3.6,30
112,1225,-0.3,3.5,-3.6,30
112,1226,-0.3,3.5,-3.6,30
112,1227,-0.4,3.4,-3.7,30
112,1228,-0.5,3.2,-3.9,30
112,1229,-0.7,3.0,-4.0,30
112,1230,-0.8,2.8,-4.2,30
112,1231,-1.0,2.7,-4.4,30
114,0101,-3.0,2.4,-7.8,30
114,0102,-3.2,2.3,-8.0,30
114,0103,-3.2,2.2,-8.0,30
114,0104,-3.2,2.2,-8.0,30
114,0105,-3.3,2.2,-8.1,30
114,0106,-3.3,2.2,-8.1,30
114,0107,-3.3,2.2,-8.1,30
114,0108,-3.3,2.2,-8.1,30
114,0109,-3.3,2.2,-8.1,30
114,0110,-3.3,2.2,-8.1,30
114,0111,-3.3,2.2,-8.1,30
114,0112,-3.2,2.3,-8.1,30
114,0113,-3.2,2.3,-8.0,30
114,0114,-3.2,2.3,-8.0,30
114,0115,-3.2,2.3,-7.9,30
114,0116,-3.2,2.3,-7.9,30
114,0117,-3.2,2.2,-8.0,30
114,0118,-3.3,2.2,-8.1,30
114,0119,-3.2,2.2,-8.1,30
114,0120,-3.2,2.3,-8.1,30
114,0121,-3.2,2.3,-8.1,30
114,0122,-3.1,2.4,-8.0,30
114,0123,-3.0,2.5,-8.0,30
114,0124,-3.0,2.5,-8.0,30
114,0125,-3.0,2.5,-8.0,30
114,0126,-3.1,2.5,-8.1,30
114,0127,-3.1,2.5,-8.1,30
114,0128,-3.1,2.6,-8.2,30
114,0129,-3.0,2.7,-8.1,30
114,0130,-2.9,2.9,-8.1,30
114,0131,-2.8,3.1,-8.0,30
114,0201,-2.6,3.2,-7.8,30
114,0202,-2.5,3.3,-7.7,30
114,0203,-2.4,3.4,-7.6,30
114,0204,-2.3,3.5,-7.5,30
114,0205,-2.2,3.6,-7.3,30
114,0206,-2.0,3.8,-7.2,30
114,0207,-1.8,4.0,-7.0,30
114,0208,-1.6,4.2,-6.8,30
114,0209,-1.5,4.4,-6.6,30
114,0210,-1.3,4.5,-6.4,30
114,0211,-1.1,4.7,-6.2,30
114,0212,-0.9,4.9,-6.1,30
114,0213,-0.7,5.1,-5.9,30
114,0214,-0.6,5.2,-5.8,30
114,0215,-0.4,5.5,-5.6,30
114,0216,-0.2,5.7,-5.4,30
114,0217,0.1,6.1,-5.2,30
114,0218,0.3,6.3,-5.0,30
114,0219,0.5,6.6,-4.8,30
114,0220,0.8,6.9,-4.6,30
114,0221,1.0,7.0,-4.3,30
114,0222,1.0,7.1,-4.3,30
114,0223,1.2,7.3,-4.1,30
114,0224,1.4,7.5,-3.9,30
114,0225,1.7,7.8,-3.7,30
114,0226,2.0,8.0,-3.4,30
114,0227,2.2,8.3,-3.1,30
114,0228,2.4,8.4,-2.9,30
114,0229,2.6,8.6,-2.7,0
114,0301,2.7,8.7,-2.5,30
114,0302,3.0,9.0,-2.4,30
114,0303,3.1,9.1,-2.2,30
114,0304,3.2,9.2,-2.1,30
114,0305,3.4,9.4,-2.0,30
114,0306,3.5,9.5,-1.9,30
114,0307,3.7,9.7,-1.8,30
114,0308,3.8,9.9,-1.7,30
114,0309,4.0,10.1,-1.6,30
114,0310,4.3,10.4,-1.4,30
114,0311,4.5,10.7,-1.2,30
114,0312,4.7,11.0,-1.1,30
114,0313,5.0,11.3,-0.9,30
114,0314,5.2,11.6,-0.8,30
114,0315,5.4,11.9,-0.6,30
114,0316,5.6,12.0,-0.4,30
114,0317,5.7,12.1,-0.2,30
114,0318,5.9,12.3,-0.1,30
114,0319,6.2,12.6,0.1,30
114,0320,6.4,12.8,0.4,30
114,0321,6.6,13.0,0.6,30
114,0322,6.8,13.3,0.8,30
114,0323,7.0,13.4,1.0,30
114,0324,7.2,13.6,1.1,30
114,0325,7.3,13.8,1.3,30
114,0326,7.5,13.9,1.4,30
114,0327,7.6,14.1,1.6,30
114,0328,7.8,14.3,1.7,30
114,0329,8.0,14.6,1.8,30
114,0330,8.3,14.9,2.0,30
114,0331,8.5,15.2,2.3,30
114,0401,8.9,15.6,2.6,30
114,0402,9.2,15.9,2.8,30
114,0403,9.5,16.2,3.1,30
114,0404,9.7,16.4,3.3,30
114,0405,9.9,16.6,3.6,30
114,0406,10.1,16.8,3.7,30
114,0407,10.3,17.1,3.9,30
114,0408,10.6,17.4,4.1,30
114,0409,10.9,17.7,4.3,30
114,0410,11.1,18.0,4.5,30
114,0411,11.4,18.3,4.8,30
114,0412,11.7,18.5,5.1,30
114,0413,11.9,18.7,5.3,30
114,0414,12.1,19.0,5.6,30
114,0415,12.4,19.2,5.8,30
114,0416,12.5,19.3,6.0,30
114,0417,12.7,19.5,6.2,30
114,0418,12.8,19.7,6.3,30
114,0419,13.0,19.9,6.4,30
114,0420,13.1,20.1,6.5,30
114,0421,13.3,20.3,6.7,30
114,0422,13.6,20.5,6.9,30
114,0423,13.8,20.7,7.2,30
114,0424,14.1,20.9,7.6,30
114,0425,14.3,21.1,7.9,30
114,0426,14.5,21.3,8.1,30
114,0427,14.7,21.5,8.3,30
114,0428,15.0,21.8,8.5,30
114,0429,15.2,21.9,8.7,30
114,0430,15.3,22.1,8.9,30
114,0501,15.6,22.3,9.1,30
114,0502,15.8,22.5,9.3,30
114,0503,16.0,22.7,9.6,30
114,0504,16.2,22.8,9.8,30
114,0505,16.4,22.9,10.1,30
114,0506,16.5,23.0,10.3,30
114,0507,16.7,23.3,10.5,30
114,0508,16.8,23.3,10.7,30
114,0509,16.9,23.3,10.8,30
114,0510,17.0,23.4,10.9,30
114,0511,17.1,23.5,11.0,30
114,0512,17.1,23.5,11.1,30
114,0513,17.2,23.5,11.2,30
114,0514,17.3,23.7,11.3,30
114,0515,17.5,23.9,11.4,30
114,0516,17.7,24.1,11.6,30
114,0517,17.8,24.2,11.8,30
114,0518,18.0,24.4,12.0,30
114,0519,18.2,24.6,12.2,30
114,0520,18.4,24.8,12.3,30
114,0521,18.5,24.9,12.5,30
114,0522,18.7,25.1,12.7,30
114,0523,18.8,25.2,12.8,30
114,0524,19.0,25.5,12.9,30
114,0525,19.2,25.7,13.1,30
114,0526,19.4,25.9,13.2,30
114,0527,19.6,26.0,13.5,30
114,0528,19.8,26.2,13.7,30
114,0529,20.0,26.3,14.0,30
114,0530,20.1,26.4,14.2,30
114,0531,20.3,26.5,14.4,30
114,0601,20.4,26.6,14.5,30
114,0602,20.6,26.9,14.8,30
114,0603,20.8,27.1,15.0,30
114,0604,21.0,27.2,15.2,30
114,0605,21.2,27.3,15.5,30
114,0606,21.3,27.4,15.7,30
114,0607,21.5,27.6,15.9,30
114,0608,21.6,27.7,16.1,30
114,0609,21.8,27.8,16.3,30
114,0610,21.9,28.0,16.5,30
114,0611,22.1,28.1,16.7,30
114,0612,22.2,28.2,16.9,30
114,0613,22.3,28.2,17.0,30
114,0614,22.4,28.3,17.2,30
114,0615,22.5,28.4,17.4,30
114,0616,22.6,28.5,17.5,30
114,0617,22.7,28.4,17.6,30
114,0618,22.7,28.4,17.7,30
114,0619,22.8,28.4,17.9,30
114,0620,22.9,28.4,18.0,30
114,0621,23.0,28.5,18.2,30
114,0622,23.1,28.5,18.4,30
114,0623,23.2,28.5,18.6,30
114,0624,23.2,28.4,18.8,30
114,0625,23.3,28.4,19.0,30
114,0626,23.4,28.4,19.1,30
114,0627,23.5,28.5,19.3,30
114,0628,23.6,28.5,19.4,30
114,0629,23.7,28.6,19.5,30
114,0630,23.7,28.6,19.6,30
114,0701,23.8,28.7,19.8,30
114,0702,23.9,28.8,19.9,30
114,0703,24.1,28.8,20.0,30
114,0704,24.1,28.9,20.2,30
114,0705,24.2,28.9,20.3,30
114,0706,24.2,28.9,20.4,30
114,0707,24.3,29.0,20.5,30
114,0708,24.3,29.0,20.6,30
114,0709,24.4,29.0,20.6,30
114,0710,24.4,29.0,20.6,30
114,0711,24.5,29.1,20.7,30
114,0712,24.5,29.1,20.8,30
114,0713,24.6,29.2,20.9,30
114,0714,24.7,29.3,21.1,30
114,0715,24.9,29.4,21.2,30
114,0716,24.9,29.5,21.4,30
114,0717,25.0,29.5,21.5,30
114,0718,25.1,29.6,21.6,30
114,0719,25.2,29.8,21.7,30
114,0720,25.4,29.9,21.8,30
114,0721,25.5,30.0,21.9,30
114,0722,25.6,30.1,22.0,30
114,0723,25.7,30.3,22.1,30
114,0724,25.9,30.5,22.3,30
114,0725,26.1,30.7,22.4,30
114,0726,26.2,30.8,22.6,30
114,0727,26.3,30.9,22.7,30
114,0728,26.3,31.0,22.7,30
114,0729,26.4,31.1,22.7,30
114,0730,26.4,31.1,22.7,30
114,0731,26.4,31.2,22.8,30
114,0801,26.5,31.3,22.8,30
114,0802,26.5,31.3,22.8,30
114,0803,26.5,31.3,22.8,30
114,0804,26.5,31.3,22.8,30
114,0805,26.5,31.4,22.7,30
114,0806,26.5,31.4,22.7,30
114,0807,26.4,31.4,22.7,30
114,0808,26.4,31.3,22.6,30
114,0809,26.3,31.3,22.5,30
114,0810,26.2,31.2,22.4,30
114,0811,26.1,31.1,22.3,30
114,0812,26.0,31.0,22.2,30
114,0813,25.9,30.8,22.1,30
114,0814,25.8,30.7,22.0,30
114,0815,25.7,30.7,21.9,30
114,0816,25.6,30.5,21.8,30
114,0817,25.4,30.3,21.6,30
114,0818,25.3,30.2,21.5,30
114,0819,25.1,30.0,21.3,30
114,0820,25.0,29.8,21.2,30
114,0821,24.8,29.7,21.0,30
114,0822,24.6,29.5,20.8,30
114,0823,24.4,29.3,20.6,30
114,0824,24.3,29.2,20.4,30
114,0825,24.1,29.1,20.3,30
114,0826,24.0,29.0,20.1,30
114,0827,23.8,28.9,19.9,30
114,0828,23.7,28.7,19.7,30
114,0829,23.5,28.6,19.5,30
114,0830,23.3,28.3,19.3,30
114,0831,23.1,28.2,19.1,30
114,0901,23.0,28.1,18.9,30
114,0902,22.8,28.0,18.7,30
114,0903,22.6,27.9,18.5,30
114,0904,22.4,27.7,18.3,30
114,0905,22.2,27.5,18.1,30
114,0906,22.0,27.3,17.8,30
114,0907,21.8,27.2,17.6,30
114,0908,21.7,27.1,17.4,30
114,0909,21.5,26.9,17.2,30
114,0910,21.3,26.8,17.0,30
114,0911,21.1,26.6,16.7,30
114,0912,20.9,26.5,16.5,30
114,0913,20.7,26.3,16.2,30
114,0914,20.4,26.1,15.9,30
114,0915,20.2,25.9,15.6,30
114,0916,20.0,25.7,15.3,30
114,0917,19.8,25.6,15.1,30
114,0918,19.6,25.5,14.9,30
114,0919,19.4,25.4,14.6,30
114,0920,19.2,25.3,14.4,30
114,0921,19.0,25.1,14.1,30
114,0922,18.8,24.9,13.9,30
114,0923,18.6,24.7,13.6,30
114,0924,18.3,24.4,13.4,30
114,0925,18.1,24.2,13.1,30
114,0926,17.8,24.0,12.9,30
114,0927,17.6,23.7,12.7,30
114,0928,17.3,23.5,12.4,30
114,0929,17.2,23.4,12.1,30
114,0930,17.0,23.2,12.0,30
114,1001,16.8,23.1,11.8,30
114,1002,16.6,22.9,11.5,30
114,1003,16.4,22.7,11.3,30
114,1004,16.2,22.5,11.0,30
114,1005,15.9,22.3,10.8,30
114,1006,15.7,22.1,10.5,30
114,1007,15.4,22.0,10.2,30
114,1008,15.2,21.7,9.9,30
114,1009,14.9,21.5,9.6,30
114,1010,14.7,21.3,9.3,30
114,1011,14.4,21.1,9.0,30
114,1012,14.2,21.0,8.8,30
114,1013,14.0,20.9,8.6,30
114,1014,13.9,20.7,8.4,30
114,1015,13.6,20.5,8.1,30
114,1016,13.4,20.3,7.8,30
114,1017,13.2,20.0,7.6,30
114,1018,12.9,19.7,7.3,30
114,1019,12.6,19.5,7.0,30
114,1020,12.3,19.3,6.7,30
114,1021,12.1,19.0,6.5,30
114,1022,11.8,18.8,6.2,30
114,1023,11.6,18.5,6.0,30
114,1024,11.3,18.2,5.7,30
114,1025,11.1,17.9,5.5,30
114,1026,10.8,17.6,5.2,30
114,1027,10.5,17.3,4.9,30
114,1028,10.3,17.1,4.6,30
114,1029,10.0,16.9,4.4,30
114,1030,9.9,16.7,4.2,30
114,1031,9.7,16.5,4.1,30
114,1101,9.5,16.2,3.9,30
114,1102,9.3,16.0,3.8,30
114,1103,9.2,15.7,3.6,30
114,1104,9.0,15.5,3.6,30
114,1105,8.8,15.2,3.4,30
114,1106,8.6,15.0,3.3,30
114,1107,8.5,14.8,3.2,30
114,1108,8.3,14.5,3.0,30
114,1109,8.0,14.2,2.8,30
114,1110,7.8,13.9,2.5,30
114,1111,7.5,13.6,2.3,30
114,1112,7.2,13.2,2.1,30
114,1113,6.8,12.7,1.8,30
114,1114,6.4,12.2,1.4,30
114,1115,6.0,11.8,1.0,30
114,1116,5.7,11.5,0.7,30
114,1117,5.4,11.2,0.5,30
114,1118,5.0,10.9,0.2,30
114,1119,4.7,10.5,-0.1,30
114,1120,4.4,10.2,-0.4,30
114,1121,4.1,9.9,-0.6,30
114,1122,3.9,9.6,-0.8,30
114,1123,3.7,9.4,-1.0,30
114,1124,3.5,9.2,-1.2,30
114,1125,3.3,9.0,-1.4,30
114,1126,3.0,8.7,-1.7,30
114,1127,2.8,8.4,-1.9,30
114,1128,2.6,8.2,-2.1,30
114,1129,2.3,7.9,-2.4,30
114,1130,2.1,7.5,-2.5,30
114,1201,1.8,7.2,-2.7,30
114,1202,1.5,6.9,-3.0,30
114,1203,1.3,6.6,-3.2,30
114,1204,1.1,6.4,-3.5,30
114,1205,0.8,6.1,-3.8,30
114,1206,0.5,5.8,-4.1,30
114,1207,0.2,5.5,-4.4,30
114,1208,-0.1,5.2,-4.7,30
114,1209,-0.3,4.9,-4.9,30
114,1210,-0.6,4.6,-5.1,30
114,1211,-0.8,4.4,-5.4,30
114,1212,-1.0,4.2,-5.5,30
114,1213,-1.1,4.2,-5.6,30
114,1214,-1.1,4.2,-5.7,30
114,1215,-1.1,4.2,-5.7,30
114,1216,-1.2,4.2,-5.8,30
114,1217,-1.2,4.1,-5.8,30
114,1218,-1.3,4.0,-5.9,30
114,1219,-1.5,3.9,-6.0,30
114,1220,-1.7,3.8,-6.2,30
114,1221,-1.8,3.6,-6.3,30
114,1222,-1.8,3.6,-6.4,30
114,1223,-2.0,3.4,-6.6,30
114,1224,-2.1,3.3,-6.7,30
114,1225,-2.2,3.3,-6.8,30
114,1226,-2.2,3.3,-6.8,30
114,1227,-2.2,3.2,-6.9,30
114,1228,-2.4,3.1,-7.0,30
114,1229,-2.5,2.9,-7.2,30
114,1230,-2.7,2.7,-7.4,30
114,1231,-2.9,2.5,-7.6,30
115,0101,2.6,5.4,0.4,30
115,0102,2.5,5.4,0.3,30
115,0103,2.5,5.3,0.3,30
115,0104,2.4,5.2,0.2,30
115,0105,2.3,5.1,0.1,30
115,0106,2.2,5.0,0.1,30
115,0107,2.1,4.9,-0.1,30
115,0108,2.0,4.8,-0.1,30
115,0109,2.0,4.8,-0.1,30
115,0110,1.9,4.7,-0.2,30
115,0111,1.9,4.6,-0.2,30
115,0112,1.9,4.6,-0.2,30
115,0113,1.9,4.6,-0.2,30
115,0114,1.8,4.5,-0.3,30
115,0115,1.7,4.4,-0.4,30
115,0116,1.6,4.3,-0.5,30
115,0117,1.5,4.2,-0.6,30
115,0118,1.4,4.1,-0.7,30
115,0119,1.4,4.1,-0.7,30
115,0120,1.4,4.1,-0.8,30
115,0121,1.4,4.1,-0.8,30
115,0122,1.4,4.1,-0.8,30
115,0123,1.4,4.1,-0.8,30
115,0124,1.3,4.1,-0.9,30
115,0125,1.3,4.0,-0.9,30
115,0126,1.3,4.0,-1.0,30
115,0127,1.2,4.0,-1.0,30
115,0128,1.2,4.0,-1.1,30
115,0129,1.2,4.1,-1.1,30
115,0130,1.3,4.1,-1.0,30
115,0131,1.4,4.3,-0.9,30
115,0201,1.5,4.4,-0.8,30
115,0202,1.5,4.4,-0.8,30
115,0203,1.5,4.4,-0.8,30
115,0204,1.5,4.5,-0.8,30
115,0205,1.6,4.5,-0.7,30
115,0206,1.7,4.6,-0.6,30
115,0207,1.8,4.8,-0.5,30
115,0208,1.9,5.0,-0.4,30
115,0209,2.0,5.0,-0.4,30
115,0210,2.0,5.0,-0.4,30
115,0211,2.0,5.1,-0.3,30
115,0212,2.1,5.2,-0.3,30
115,0213,2.2,5.3,-0.2,30
115,0214,2.2,5.3,-0.2,30
115,0215,2.3,5.4,-0.1,30
115,0216,2.4,5.6,-0.1,30
115,0217,2.5,5.7,0.0,30
115,0218,2.7,5.8,0.2,30
115,0219,2.8,6.0,0.3,30
115,0220,2.9,6.2,0.4,30
115,0221,3.1,6.3,0.5,30
115,0222,3.0,6.3,0.5,30
115,0223,3.1,6.3,0.6,30
115,0224,3.2,6.5,0.6,30
115,0225,3.4,6.7,0.8,30
115,0226,3.6,6.9,1.0,30
115,0227,3.8,7.1,1.1,30
115,0228,3.9,7.2,1.2,30
115,0229,4.0,7.3,1.3,0
115,0301,4.0,7.4,1.3,30
115,0302,4.1,7.5,1.5,30
115,0303,4.2,7.6,1.5,30
115,0304,4.3,7.7,1.6,30
115,0305,4.4,7.9,1.6,30
115,0306,4.5,8.0,1.7,30
115,0307,4.5,8.1,1.8,30
115,0308,4.6,8.2,1.8,30
115,0309,4.8,8.4,1.9,30
115,0310,5.0,8.6,2.1,30
115,0311,5.1,8.8,2.2,30
115,0312,5.3,8.9,2.3,30
115,0313,5.4,9.1,2.4,30
115,0314,5.5,9.2,2.5,30
115,0315,5.7,9.5,2.6,30
115,0316,5.8,9.6,2.7,30
115,0317,5.9,9.7,2.8,30
115,0318,6.1,9.9,3.0,30
115,0319,6.3,10.1,3.2,30
115,0320,6.5,10.3,3.3,30
115,0321,6.7,10.5,3.5,30
115,0322,6.8,10.6,3.7,30
115,0323,6.9,10.8,3.8,30
115,0324,7.1,10.9,4.0,30
115,0325,7.2,11.1,4.1,30
115,0326,7.3,11.2,4.2,30
115,0327,7.5,11.4,4.3,30
115,0328,7.6,11.6,4.4,30
115,0329,7.9,11.8,4.7,30
115,0330,8.1,12.1,4.9,30
115,0331,8.3,12.3,5.1,30
115,0401,8.5,12.5,5.3,30
115,0402,8.7,12.7,5.5,30
115,0403,8.9,12.9,5.6,30
115,0404,8.9,13.0,5.7,30
115,0405,9.1,13.1,5.8,30
115,0406,9.3,13.3,6.0,30
115,0407,9.4,13.5,6.1,30
115,0408,9.7,13.7,6.3,30
115,0409,9.9,14.0,6.5,30
115,0410,10.1,14.2,6.7,30
115,0411,10.3,14.4,7.0,30
115,0412,10.5,14.6,7.2,30
115,0413,10.6,14.6,7.3,30
115,0414,10.7,14.7,7.4,30
115,0415,10.9,15.0,7.6,30
115,0416,11.2,15.2,7.9,30
115,0417,11.3,15.3,8.0,30
115,0418,11.5,15.5,8.2,30
115,0419,11.7,15.7,8.4,30
115,0420,11.9,15.9,8.6,30
115,0421,12.1,16.2,8.8,30
115,0422,12.4,16.4,9.0,30
115,0423,12.6,16.6,9.2,30
115,0424,12.7,16.7,9.4,30
115,0425,12.9,16.8,9.6,30
115,0426,13.0,17.0,9.8,30
115,0427,13.3,17.2,9.9,30
115,0428,13.5,17.5,10.1,30
115,0429,13.7,17.7,10.3,30
115,0430,13.8,17.8,10.4,30
115,0501,13.9,17.9,10.5,30
115,0502,14.1,18.1,10.7,30
115,0503,14.2,18.2,10.8,30
115,0504,14.3,18.3,10.9,30
115,0505,14.4,18.4,11.1,30
115,0506,14.5,18.5,11.2,30
115,0507,14.6,18.6,11.3,30
115,0508,14.7,18.7,11.4,30
115,0509,14.8,18.7,11.4,30
115,0510,14.9,18.8,11.5,30
115,0511,15.0,18.9,11.6,30
115,0512,15.1,19.0,11.8,30
115,0513,15.3,19.1,12.0,30
115,0514,15.4,19.3,12.1,30
115,0515,15.6,19.5,12.3,30
115,0516,15.8,19.7,12.5,30
115,0517,16.0,19.8,12.7,30
115,0518,16.2,20.0,12.8,30
115,0519,16.4,20.2,13.0,30
115,0520,16.5,20.3,13.2,30
115,0521,16.6,20.3,13.3,30
115,0522,16.7,20.5,13.4,30
115,0523,16.8,20.6,13.6,30
115,0524,17.0,20.8,13.7,30
115,0525,17.2,20.9,13.8,30
115,0526,17.3,21.1,14.0,30
115,0527,17.3,21.1,14.1,30
115,0528,17.4,21.2,14.2,30
115,0529,17.5,21.2,14.3,30
115,0530,17.6,21.3,14.3,30
115,0531,17.6,21.3,14.4,30
115,0601,17.7,21.4,14.5,30
115,0602,17.8,21.4,14.7,30
115,0603,17.8,21.5,14.7,30
115,0604,18.0,21.7,14.9,30
115,0605,18.1,21.8,15.1,30
115,0606,18.2,21.8,15.2,30
115,0607,18.3,21.9,15.3,30
115,0608,18.4,22.0,15.4,30
115,0609,18.4,22.0,15.6,30
115,0610,18.5,22.0,15.7,30
115,0611,18.6,22.1,15.8,30
115,0612,18.6,22.1,15.9,30
115,0613,18.8,22.2,16.1,30
115,0614,18.9,22.3,16.2,30
115,0615,19.0,22.4,16.4,30
115,0616,19.1,22.4,16.5,30
115,0617,19.1,22.5,16.6,30
115,0618,19.2,22.5,16.8,30
115,0619,19.3,22.6,16.9,30
115,0620,19.5,22.7,17.0,30
115,0621,19.6,22.8,17.2,30
115,0622,19.7,22.9,17.3,30
115,0623,19.9,23.0,17.5,30
115,0624,20.0,23.1,17.7,30
115,0625,20.2,23.3,17.9,30
115,0626,20.3,23.4,18.0,30
115,0627,20.5,23.5,18.2,30
115,0628,20.5,23.5,18.3,30
115,0629,20.6,23.6,18.4,30
115,0630,20.7,23.7,18.5,30
115,0701,20.8,23.8,18.6,30
115,0702,20.9,23.9,18.7,30
115,0703,21.0,24.0,18.8,30
115,0704,21.2,24.1,19.0,30
115,0705,21.3,24.1,19.0,30
115,0706,21.4,24.2,19.2,30
115,0707,21.5,24.3,19.3,30
115,0708,21.5,24.3,19.4,30
115,0709,21.6,24.4,19.4,30
115,0710,21.7,24.5,19.5,30
115,0711,21.8,24.6,19.6,30
115,0712,21.9,24.7,19.7,30
115,0713,22.0,24.8,19.8,30
115,0714,22.2,25.0,20.0,30
115,0715,22.4,25.2,20.2,30
115,0716,22.6,25.4,20.4,30
115,0717,22.7,25.5,20.5,30
115,0718,22.9,25.7,20.7,30
115,0719,23.0,25.9,20.8,30
115,0720,23.2,26.0,21.0,30
115,0721,23.3,26.2,21.1,30
115,0722,23.5,26.4,21.3,30
115,0723,23.7,26.6,21.4,30
115,0724,23.9,26.8,21.6,30
115,0725,24.0,27.0,21.8,30
115,0726,24.1,27.1,21.9,30
115,0727,24.3,27.2,22.0,30
115,0728,24.4,27.3,22.1,30
115,0729,24.5,27.4,22.2,30
115,0730,24.5,27.5,22.3,30
115,0731,24.6,27.5,22.3,30
115,0801,24.6,27.6,22.4,30
115,0802,24.7,27.6,22.4,30
115,0803,24.7,27.6,22.5,30
115,0804,24.7,27.6,22.5,30
115,0805,24.7,27.7,22.5,30
115,0806,24.7,27.7,22.5,30
115,0807,24.7,27.7,22.4,30
115,0808,24.6,27.6,22.4,30
115,0809,24.6,27.6,22.4,30
115,0810,24.5,27.5,22.3,30
115,0811,24.4,27.5,22.2,30
115,0812,24.3,27.4,22.2,30
115,0813,24.2,27.2,22.1,30
115,0814,24.2,27.2,22.0,30
115,0815,24.1,27.1,22.0,30
115,0816,24.0,27.0,21.9,30
115,0817,23.9,27.0,21.8,30
115,0818,23.8,26.9,21.7,30
115,0819,23.7,26.7,21.5,30
115,0820,23.6,26.6,21.4,30
115,0821,23.5,26.5,21.3,30
115,0822,23.4,26.4,21.2,30
115,0823,23.2,26.2,21.1,30
115,0824,23.1,26.1,21.0,30
115,0825,23.0,26.0,20.9,30
115,0826,22.9,26.0,20.7,30
115,0827,22.8,25.9,20.6,30
115,0828,22.7,25.8,20.5,30
115,0829,22.6,25.6,20.3,30
115,0830,22.4,25.5,20.2,30
115,0831,22.3,25.3,20.0,30
115,0901,22.1,25.2,19.9,30
115,0902,22.0,25.0,19.7,30
115,0903,21.9,24.9,19.6,30
115,0904,21.7,24.8,19.5,30
115,0905,21.6,24.6,19.3,30
115,0906,21.4,24.4,19.2,30
115,0907,21.2,24.3,19.0,30
115,0908,21.1,24.1,18.8,30
115,0909,21.0,24.0,18.7,30
115,0910,20.8,23.8,18.6,30
115,0911,20.7,23.7,18.5,30
115,0912,20.6,23.6,18.3,30
115,0913,20.4,23.5,18.2,30
115,0914,20.3,23.4,18.0,30
115,0915,20.1,23.2,17.8,30
115,0916,20.0,23.1,17.7,30
115,0917,19.8,23.0,17.5,30
115,0918,19.7,22.9,17.4,30
115,0919,19.5,22.8,17.2,30
115,0920,19.4,22.6,17.1,30
115,0921,19.3,22.5,16.9,30
115,0922,19.1,22.4,16.8,30
115,0923,19.0,22.3,16.6,30
115,0924,18.8,22.1,16.5,30
115,0925,18.7,22.0,16.3,30
115,0926,18.5,21.9,16.2,30
115,0927,18.4,21.7,16.0,30
115,0928,18.2,21.4,15.8,30
115,0929,18.0,21.3,15.7,30
115,0930,17.9,21.2,15.6,30
115,1001,17.8,21.1,15.5,30
115,1002,17.7,20.9,15.3,30
115,1003,17.6,20.8,15.2,30
115,1004,17.5,20.7,15.1,30
115,1005,17.3,20.6,14.9,30
115,1006,17.2,20.5,14.8,30
115,1007,17.0,20.4,14.6,30
115,1008,16.8,20.2,14.4,30
115,1009,16.7,20.0,14.2,30
115,1010,16.5,19.8,14.0,30
115,1011,16.3,19.7,13.9,30
115,1012,16.2,19.5,13.7,30
115,1013,16.0,19.4,13.6,30
115,1014,15.9,19.3,13.5,30
115,1015,15.7,19.1,13.3,30
115,1016,15.6,18.9,13.1,30
115,1017,15.4,18.8,12.9,30
115,1018,15.2,18.6,12.7,30
115,1019,15.0,18.4,12.5,30
115,1020,14.8,18.2,12.3,30
115,1021,14.6,18.1,12.1,30
115,1022,14.4,17.9,12.0,30
115,1023,14.3,17.7,11.8,30
115,1024,14.1,17.5,11.6,30
115,1025,13.8,17.3,11.4,30
115,1026,13.7,17.1,11.1,30
115,1027,13.5,16.9,10.9,30
115,1028,13.3,16.8,10.8,30
115,1029,13.2,16.7,10.6,30
115,1030,13.1,16.7,10.6,30
115,1031,13.1,16.6,10.4,30
115,1101,12.9,16.4,10.2,30
115,1102,12.6,16.1,10.0,30
115,1103,12.5,15.9,9.8,30
115,1104,12.3,15.7,9.7,30
115,1105,12.1,15.5,9.5,30
115,1106,11.9,15.3,9.3,30
115,1107,11.8,15.2,9.2,30
115,1108,11.6,15.0,9.0,30
115,1109,11.4,14.8,8.8,30
115,1110,11.2,14.6,8.6,30
115,1111,10.9,14.3,8.3,30
115,1112,10.7,13.9,8.1,30
115,1113,10.4,13.6,7.8,30
115,1114,10.0,13.3,7.5,30
115,1115,9.7,13.0,7.2,30
115,1116,9.5,12.8,7.0,30
115,1117,9.4,12.7,6.9,30
115,1118,9.2,12.5,6.7,30
115,1119,9.0,12.3,6.5,30
115,1120,8.8,12.1,6.3,30
115,1121,8.6,11.8,6.1,30
115,1122,8.4,11.6,5.9,30
115,1123,8.2,11.4,5.8,30
115,1124,8.1,11.3,5.6,30
115,1125,7.9,11.1,5.4,30
115,1126,7.7,10.9,5.3,30
115,1127,7.6,10.8,5.1,30
115,1128,7.4,10.5,4.9,30
115,1129,7.1,10.3,4.6,30
115,1130,6.9,10.0,4.4,30
115,1201,6.7,9.8,4.2,30
115,1202,6.4,9.5,4.0,30
115,1203,6.3,9.3,3.8,30
115,1204,6.0,9.0,3.6,30
115,1205,5.8,8.7,3.4,30
115,1206,5.6,8.6,3.1,30
115,1207,5.4,8.3,2.9,30
115,1208,5.1,8.1,2.7,30
115,1209,4.9,7.9,2.5,30
115,1210,4.7,7.7,2.3,30
115,1211,4.5,7.5,2.1,30
115,1212,4.4,7.3,2.0,30
115,1213,4.3,7.2,1.9,30
115,1214,4.3,7.2,1.9,30
115,1215,4.2,7.1,1.8,30
115,1216,4.2,7.1,1.8,30
115,1217,4.1,7.0,1.7,30
115,1218,3.9,6.8,1.6,30
115,1219,3.8,6.7,1.5,30
115,1220,3.7,6.6,1.4,30
115,1221,3.6,6.5,1.4,30
115,1222,3.6,6.5,1.3,30
115,1223,3.5,6.4,1.2,30
115,1224,3.4,6.2,1.1,30
115,1225,3.3,6.2,1.1,30
115,1226,3.3,6.1,1.0,30
115,1227,3.2,6.1,1.0,30
115,1228,3.1,5.9,0.8,30
115,1229,2.9,5.7,0.7,30
115,1230,2.8,5.6,0.6,30
115,1231,2.7,5.5,0.5,30
119,0101,-1.8,3.0,-6.3,30
119,0102,-1.9,2.9,-6.4,30
119,0103,-2.0,2.8,-6.4,30
119,0104,-2.0,2.8,-6.5,30
119,0105,-2.1,2.8,-6.5,30
119,0106,-2.1,2.7,-6.5,30
119,0107,-2.1,2.7,-6.5,30
119,0108,-2.1,2.7,-6.5,30
119,0109,-2.1,2.7,-6.5,30
119,0110,-2.1,2.8,-6.5,30
119,0111,-2.1,2.7,-6.5,30
119,0112,-2.1,2.7,-6.5,30
119,0113,-2.0,2.8,-6.4,30
119,0114,-2.1,2.7,-6.5,30
119,0115,-2.1,2.7,-6.4,30
119,0116,-2.1,2.7,-6.4,30
119,0117,-2.2,2.6,-6.6,30
119,0118,-2.2,2.6,-6.6,30
119,0119,-2.2,2.7,-6.6,30
119,0120,-2.2,2.7,-6.7,30
119,0121,-2.1,2.8,-6.7,30
119,0122,-2.1,2.8,-6.7,30
119,0123,-2.1,2.8,-6.6,30
119,0124,-2.1,2.9,-6.6,30
119,0125,-2.1,2.8,-6.7,30
119,0126,-2.1,2.8,-6.8,30
119,0127,-2.2,2.8,-6.8,30
119,0128,-2.2,2.8,-6.9,30
119,0129,-2.1,2.9,-6.8,30
119,0130,-2.0,3.1,-6.8,30
119,0131,-1.9,3.2,-6.7,30
119,0201,-1.8,3.3,-6.6,30
119,0202,-1.7,3.4,-6.4,30
119,0203,-1.6,3.5,-6.3,30
119,0204,-1.5,3.6,-6.2,30
119,0205,-1.4,3.7,-6.1,30
119,0206,-1.3,3.9,-5.9,30
119,0207,-1.1,4.1,-5.8,30
119,0208,-0.9,4.2,-5.6,30
119,0209,-0.8,4.3,-5.5,30
119,0210,-0.6,4.5,-5.3,30
119,0211,-0.5,4.7,-5.1,30
119,0212,-0.3,4.8,-5.0,30
119,0213,-0.1,5.1,-4.9,30
119,0214,0.0,5.2,-4.7,30
119,0215,0.2,5.4,-4.5,30
119,0216,0.4,5.6,-4.4,30
119,0217,0.6,5.9,-4.2,30
119,0218,0.9,6.2,-4.0,30
119,0219,1.1,6.4,-3.8,30
119,0220,1.3,6.7,-3.6,30
119,0221,1.5,6.9,-3.4,30
119,0222,1.5,6.9,-3.4,30
119,0223,1.7,7.1,-3.2,30
119,0224,1.9,7.3,-3.0,30
119,0225,2.1,7.6,-2.8,30
119,0226,2.4,7.9,-2.6,30
119,0227,2.6,8.1,-2.3,30
119,0228,2.8,8.2,-2.1,30
119,0229,2.9,8.4,-1.9,0
119,0301,3.1,8.5,-1.7,30
119,0302,3.3,8.8,-1.6,30
119,0303,3.4,8.9,-1.3,30
119,0304,3.5,9.0,-1.3,30
119,0305,3.7,9.1,-1.2,30
119,0306,3.8,9.3,-1.1,30
119,0307,3.9,9.4,-0.9,30
119,0308,4.1,9.6,-0.8,30
119,0309,4.3,9.8,-0.6,30
119,0310,4.5,10.2,-0.5,30
119,0311,4.8,10.4,-0.2,30
119,0312,5.0,10.7,-0.1,30
119,0313,5.2,10.9,0.1,30
119,0314,5.4,11.2,0.3,30
119,0315,5.6,11.5,0.5,30
119,0316,5.8,11.6,0.7,30
119,0317,5.9,11.7,0.8,30
119,0318,6.1,11.9,1.0,30
119,0319,6.3,12.1,1.1,30
119,0320,6.5,12.4,1.3,30
119,0321,6.7,12.6,1.5,30
119,0322,6.9,12.7,1.7,30
119,0323,7.0,12.9,1.8,30
119,0324,7.2,13.0,1.9,30
119,0325,7.3,13.2,2.1,30
119,0326,7.5,13.3,2.2,30
119,0327,7.6,13.5,2.4,30
119,0328,7.8,13.7,2.5,30
119,0329,8.0,13.9,2.6,30
119,0330,8.2,14.1,2.8,30
119,0331,8.5,14.4,3.1,30
119,0401,8.8,14.8,3.3,30
119,0402,9.1,15.1,3.6,30
119,0403,9.3,15.4,3.9,30
119,0404,9.6,15.6,4.1,30
119,0405,9.8,15.8,4.4,30
119,0406,10.0,16.0,4.5,30
119,0407,10.2,16.3,4.8,30
119,0408,10.4,16.6,4.9,30
119,0409,10.6,16.8,5.1,30
119,0410,10.8,17.1,5.3,30
119,0411,11.1,17.4,5.5,30
119,0412,11.3,17.6,5.8,30
119,0413,11.6,17.8,6.0,30
119,0414,11.8,18.1,6.3,30
119,0415,12.0,18.3,6.5,30
119,0416,12.2,18.4,6.7,30
119,0417,12.3,18.6,6.8,30
119,0418,12.5,18.7,6.9,30
119,0419,12.6,18.9,7.0,30
119,0420,12.8,19.1,7.1,30
119,0421,13.0,19.3,7.3,30
119,0422,13.2,19.5,7.6,30
119,0423,13.5,19.8,7.9,30
119,0424,13.8,20.0,8.3,30
119,0425,14.1,20.3,8.6,30
119,0426,14.3,20.4,8.8,30
119,0427,14.5,20.6,9.0,30
119,0428,14.7,20.9,9.1,30
119,0429,14.8,21.0,9.3,30
119,0430,15.0,21.2,9.4,30
119,0501,15.3,21.5,9.7,30
119,0502,15.5,21.7,9.9,30
119,0503,15.7,21.8,10.1,30
119,0504,15.9,22.0,10.4,30
119,0505,16.1,22.1,10.6,30
119,0506,16.2,22.3,10.8,30
119,0507,16.4,22.5,11.0,30
119,0508,16.5,22.5,11.1,30
119,0509,16.5,22.5,11.2,30
119,0510,16.6,22.6,11.3,30
119,0511,16.7,22.7,11.4,30
119,0512,16.8,22.7,11.5,30
119,0513,16.9,22.7,11.7,30
119,0514,17.0,22.9,11.8,30
119,0515,17.2,23.1,12.0,30
119,0516,17.4,23.3,12.2,30
119,0517,17.5,23.4,12.3,30
119,0518,17.7,23.6,12.5,30
119,0519,17.9,23.7,12.7,30
119,0520,18.1,24.0,12.9,30
119,0521,18.3,24.2,13.1,30
119,0522,18.5,24.3,13.3,30
119,0523,18.6,24.5,13.4,30
119,0524,18.8,24.7,13.5,30
119,0525,19.0,24.9,13.7,30
119,0526,19.2,25.1,13.9,30
119,0527,19.4,25.3,14.1,30
119,0528,19.6,25.5,14.3,30
119,0529,19.8,25.6,14.6,30
119,0530,19.9,25.7,14.8,30
119,0531,20.0,25.8,14.9,30
119,0601,20.2,26.0,15.1,30
119,0602,20.4,26.2,15.3,30
119,0603,20.6,26.4,15.6,30
119,0604,20.8,26.5,15.9,30
119,0605,20.9,26.6,16.1,30
119,0606,21.0,26.7,16.2,30
119,0607,21.2,26.9,16.4,30
119,0608,21.4,27.0,16.7,30
119,0609,21.6,27.1,16.9,30
119,0610,21.7,27.2,17.1,30
119,0611,21.9,27.4,17.3,30
119,0612,22.0,27.4,17.5,30
119,0613,22.1,27.5,17.6,30
119,0614,22.2,27.6,17.8,30
119,0615,22.4,27.7,18.0,30
119,0616,22.4,27.8,18.1,30
119,0617,22.5,27.7,18.2,30
119,0618,22.6,27.8,18.4,30
119,0619,22.6,27.8,18.5,30
119,0620,22.7,27.9,18.6,30
119,0621,22.9,27.9,18.8,30
119,0622,23.0,28.0,18.9,30
119,0623,23.0,28.0,19.1,30
119,0624,23.1,27.9,19.3,30
119,0625,23.2,27.9,19.5,30
119,0626,23.3,27.9,19.6,30
119,0627,23.4,28.0,19.8,30
119,0628,23.5,28.0,19.9,30
119,0629,23.6,28.1,20.0,30
119,0630,23.6,28.1,20.1,30
119,0701,23.8,28.2,20.3,30
119,0702,23.9,28.3,20.4,30
119,0703,24.0,28.4,20.6,30
119,0704,24.1,28.4,20.7,30
119,0705,24.2,28.4,20.8,30
119,0706,24.3,28.5,21.0,30
119,0707,24.4,28.6,21.1,30
119,0708,24.5,28.6,21.2,30
119,0709,24.5,28.7,21.3,30
119,0710,24.6,28.7,21.3,30
119,0711,24.7,28.8,21.4,30
119,0712,24.8,28.9,21.5,30
119,0713,24.9,29.0,21.6,30
119,0714,25.0,29.0,21.8,30
119,0715,25.1,29.1,21.9,30
119,0716,25.2,29.2,22.0,30
119,0717,25.3,29.2,22.1,30
119,0718,25.4,29.4,22.3,30
119,0719,25.5,29.5,22.4,30
119,0720,25.6,29.7,22.5,30
119,0721,25.8,29.7,22.6,30
119,0722,25.9,29.8,22.8,30
119,0723,26.0,30.0,22.9,30
119,0724,26.1,30.1,23.0,30
119,0725,26.3,30.3,23.2,30
119,0726,26.5,30.4,23.4,30
119,0727,26.6,30.6,23.5,30
119,0728,26.6,30.6,23.5,30
119,0729,26.7,30.8,23.6,30
119,0730,26.8,30.9,23.6,30
119,0731,26.9,30.9,23.7,30
119,0801,26.9,31.0,23.7,30
119,0802,27.0,31.1,23.8,30
119,0803,27.0,31.1,23.8,30
119,0804,27.0,31.2,23.8,30
119,0805,27.0,31.2,23.7,30
119,0806,27.0,31.3,23.7,30
119,0807,27.0,31.3,23.7,30
119,0808,27.0,31.2,23.7,30
119,0809,26.9,31.2,23.6,30
119,0810,26.8,31.1,23.5,30
119,0811,26.8,31.0,23.4,30
119,0812,26.7,30.9,23.4,30
119,0813,26.6,30.8,23.3,30
119,0814,26.5,30.7,23.2,30
119,0815,26.4,30.6,23.1,30
119,0816,26.2,30.5,22.9,30
119,0817,26.1,30.4,22.8,30
119,0818,26.0,30.2,22.6,30
119,0819,25.8,30.0,22.5,30
119,0820,25.7,29.9,22.3,30
119,0821,25.5,29.7,22.2,30
119,0822,25.4,29.6,22.0,30
119,0823,25.2,29.5,21.8,30
119,0824,25.1,29.3,21.6,30
119,0825,24.9,29.3,21.4,30
119,0826,24.8,29.2,21.3,30
119,0827,24.7,29.1,21.1,30
119,0828,24.5,29.0,20.9,30
119,0829,24.4,28.8,20.7,30
119,0830,24.2,28.6,20.5,30
119,0831,24.0,28.5,20.3,30
119,0901,23.9,28.4,20.2,30
119,0902,23.8,28.3,20.0,30
119,0903,23.6,28.2,19.8,30
119,0904,23.4,28.1,19.6,30
119,0905,23.3,27.9,19.4,30
119,0906,23.1,27.8,19.2,30
119,0907,23.0,27.6,19.0,30
119,0908,22.8,27.5,18.9,30
119,0909,22.7,27.3,18.7,30
119,0910,22.5,27.2,18.5,30
119,0911,22.3,27.1,18.3,30
119,0912,22.1,26.9,18.0,30
119,0913,21.9,26.8,17.8,30
119,0914,21.7,26.6,17.5,30
119,0915,21.5,26.5,17.3,30
119,0916,21.3,26.3,17.0,30
119,0917,21.1,26.2,16.8,30
119,0918,20.9,26.0,16.5,30
119,0919,20.8,25.9,16.3,30
119,0920,20.6,25.9,16.1,30
119,0921,20.4,25.7,15.9,30
119,0922,20.2,25.5,15.7,30
119,0923,20.0,25.2,15.4,30
119,0924,19.7,25.0,15.2,30
119,0925,19.5,24.8,14.9,30
119,0926,19.2,24.5,14.6,30
119,0927,19.0,24.3,14.4,30
119,0928,18.7,24.1,14.1,30
119,0929,18.6,24.0,13.9,30
119,0930,18.4,23.8,13.7,30
119,1001,18.2,23.7,13.5,30
119,1002,18.0,23.5,13.2,30
119,1003,17.8,23.3,13.0,30
119,1004,17.5,23.1,12.7,30
119,1005,17.2,22.8,12.4,30
119,1006,17.0,22.7,12.0,30
119,1007,16.7,22.5,11.7,30
119,1008,16.5,22.2,11.4,30
119,1009,16.2,22.0,11.1,30
119,1010,16.0,21.8,10.8,30
119,1011,15.7,21.6,10.5,30
119,1012,15.5,21.5,10.3,30
119,1013,15.4,21.4,10.1,30
119,1014,15.2,21.2,9.9,30
119,1015,15.0,21.0,9.7,30
119,1016,14.7,20.8,9.4,30
119,1017,14.5,20.5,9.2,30
119,1018,14.2,20.2,9.0,30
119,1019,14.0,20.0,8.7,30
119,1020,13.7,19.7,8.4,30
119,1021,13.5,19.5,8.2,30
119,1022,13.2,19.2,8.0,30
119,1023,12.9,18.9,7.7,30
119,1024,12.6,18.7,7.4,30
119,1025,12.4,18.4,7.2,30
119,1026,12.1,18.0,6.9,30
119,1027,11.8,17.8,6.6,30
119,1028,11.5,17.5,6.3,30
119,1029,11.3,17.3,6.1,30
119,1030,11.1,17.1,5.9,30
119,1031,11.0,16.9,5.7,30
119,1101,10.7,16.6,5.5,30
119,1102,10.5,16.3,5.3,30
119,1103,10.3,16.1,5.1,30
119,1104,10.2,15.9,5.0,30
119,1105,10.0,15.6,4.9,30
119,1106,9.8,15.4,4.7,30
119,1107,9.7,15.2,4.6,30
119,1108,9.4,14.9,4.4,30
119,1109,9.2,14.6,4.2,30
119,1110,8.9,14.4,4.0,30
119,1111,8.6,14.0,3.8,30
119,1112,8.3,13.6,3.5,30
119,1113,7.9,13.1,3.2,30
119,1114,7.5,12.7,2.8,30
119,1115,7.1,12.3,2.4,30
119,1116,6.9,12.0,2.2,30
119,1117,6.6,11.7,1.9,30
119,1118,6.3,11.5,1.6,30
119,1119,6.0,11.1,1.3,30
119,1120,5.7,10.8,1.1,30
119,1121,5.4,10.5,0.8,30
119,1122,5.1,10.2,0.6,30
119,1123,4.9,10.0,0.4,30
119,1124,4.7,9.8,0.2,30
119,1125,4.5,9.6,-0.0,30
119,1126,4.3,9.3,-0.2,30
119,1127,4.0,9.0,-0.5,30
119,1128,3.8,8.8,-0.7,30
119,1129,3.5,8.5,-0.9,30
119,1130,3.3,8.2,-1.1,30
119,1201,3.0,7.9,-1.3,30
119,1202,2.7,7.6,-1.6,30
119,1203,2.5,7.3,-1.8,30
119,1204,2.3,7.0,-2.0,30
119,1205,2.0,6.8,-2.3,30
119,1206,1.7,6.5,-2.6,30
119,1207,1.4,6.2,-2.9,30
119,1208,1.2,5.9,-3.1,30
119,1209,1.0,5.6,-3.4,30
119,1210,0.7,5.3,-3.6,30
119,1211,0.5,5.1,-3.8,30
119,1212,0.4,5.0,-3.9,30
119,1213,0.3,4.9,-4.1,30
119,1214,0.2,4.9,-4.1,30
119,1215,0.2,4.9,-4.2,30
119,1216,0.1,4.9,-4.2,30
119,1217,0.0,4.8,-4.3,30
119,1218,-0.1,4.7,-4.4,30
119,1219,-0.2,4.5,-4.6,30
119,1220,-0.4,4.4,-4.7,30
119,1221,-0.5,4.3,-4.9,30
119,1222,-0.6,4.2,-5.0,30
119,1223,-0.8,4.1,-5.2,30
119,1224,-0.9,4.0,-5.3,30
119,1225,-0.9,3.9,-5.4,30
119,1226,-1.0,3.9,-5.4,30
119,1227,-1.0,3.9,-5.5,30
119,1228,-1.2,3.7,-5.6,30
119,1229,-1.3,3.5,-5.8,30
119,1230,-1.5,3.3,-5.9,30
119,1231,-1.7,3.1,-6.1,30
121,0101,-3.7,2.6,-9.2,26
121,0102,-3.8,2.4,-9.4,26
121,0103,-3.9,2.4,-9.5,26
121,0104,-3.9,2.4,-9.5,26
121,0105,-3.9,2.3,-9.5,26
121,0106,-3.9,2.3,-9.5,26
121,0107,-3.9,2.3,-9.6,26
121,0108,-3.9,2.3,-9.5,26
121,0109,-3.9,2.4,-9.5,26
121,0110,-3.9,2.4,-9.5,26
121,0111,-3.8,2.4,-9.5,26
121,0112,-3.8,2.4,-9.4,26
121,0113,-3.7,2.5,-9.2,26
121,0114,-3.7,2.5,-9.2,26
121,0115,-3.6,2.5,-9.1,26
121,0116,-3.6,2.5,-9.0,26
121,0117,-3.6,2.4,-9.1,26
121,0118,-3.7,2.4,-9.2,26
121,0119,-3.6,2.4,-9.1,26
121,0120,-3.6,2.4,-9.1,26
121,0121,-3.5,2.5,-9.1,26
121,0122,-3.4,2.6,-9.0,26
121,0123,-3.4,2.6,-8.9,26
121,0124,-3.3,2.6,-8.9,26
121,0125,-3.4,2.6,-9.0,26
121,0126,-3.5,2.6,-9.1,26
121,0127,-3.5,2.6,-9.3,26
121,0128,-3.6,2.6,-9.4,26
121,0129,-3.5,2.7,-9.4,26
121,0130,-3.5,2.9,-9.4,26
121,0131,-3.4,3.0,-9.4,26
121,0201,-3.2,3.2,-9.2,26
121,0202,-3.1,3.3,-9.0,26
121,0203,-2.9,3.4,-8.9,26
121,0204,-2.9,3.5,-8.8,26
121,0205,-2.8,3.6,-8.7,26
121,0206,-2.6,3.8,-8.6,26
121,0207,-2.4,4.1,-8.4,26
121,0208,-2.2,4.3,-8.2,26
121,0209,-2.0,4.4,-8.0,26
121,0210,-1.9,4.6,-7.8,26
121,0211,-1.6,4.7,-7.6,26
121,0212,-1.5,4.9,-7.4,26
121,0213,-1.3,5.2,-7.3,26
121,0214,-1.1,5.3,-7.1,26
121,0215,-0.9,5.6,-6.9,26
121,0216,-0.6,5.9,-6.6,26
121,0217,-0.3,6.3,-6.4,26
121,0218,-0.0,6.6,-6.1,26
121,0219,0.2,6.9,-5.9,26
121,0220,0.5,7.2,-5.7,26
121,0221,0.7,7.3,-5.4,26
121,0222,0.7,7.4,-5.4,26
121,0223,1.0,7.6,-5.2,26
121,0224,1.2,7.7,-4.9,26
121,0225,1.4,8.1,-4.7,26
121,0226,1.7,8.3,-4.4,26
121,0227,1.9,8.5,-4.1,26
121,0228,2.0,8.6,-3.9,26
121,0229,2.2,8.7,-3.7,0
121,0301,2.3,8.7,-3.6,26
121,0302,2.5,9.0,-3.5,26
121,0303,2.6,9.0,-3.3,26
121,0304,2.7,9.1,-3.3,26
121,0305,2.8,9.3,-3.2,26
121,0306,2.9,9.5,-3.2,26
121,0307,3.1,9.7,-3.1,26
121,0308,3.2,9.9,-3.0,26
121,0309,3.4,10.1,-2.8,26
121,0310,3.7,10.5,-2.7,26
121,0311,3.9,10.8,-2.5,26
121,0312,4.2,11.0,-2.3,26
121,0313,4.4,11.3,-2.1,26
121,0314,4.7,11.7,-2.0,26
121,0315,4.9,12.0,-1.7,26
121,0316,5.1,12.2,-1.5,26
121,0317,5.2,12.2,-1.4,26
121,0318,5.4,12.4,-1.3,26
121,0319,5.6,12.6,-1.1,26
121,0320,5.8,12.9,-0.8,26
121,0321,6.1,13.1,-0.6,26
121,0322,6.3,13.3,-0.4,26
121,0323,6.5,13.5,-0.2,26
121,0324,6.6,13.6,-0.1,26
121,0325,6.8,13.8,0.1,26
121,0326,6.9,13.8,0.2,26
121,0327,7.0,14.0,0.3,26
121,0328,7.2,14.2,0.3,26
121,0329,7.4,14.4,0.5,26
121,0330,7.5,14.6,0.6,26
121,0331,7.8,14.9,0.9,26
121,0401,8.2,15.3,1.2,26
121,0402,8.5,15.7,1.4,26
121,0403,8.8,15.9,1.6,26
121,0404,9.0,16.2,1.9,26
121,0405,9.2,16.3,2.1,26
121,0406,9.4,16.5,2.3,26
121,0407,9.6,16.8,2.5,26
121,0408,9.9,17.2,2.7,26
121,0409,10.2,17.5,3.0,26
121,0410,10.4,17.8,3.2,26
121,0411,10.8,18.2,3.4,26
121,0412,11.0,18.4,3.7,26
121,0413,11.2,18.6,4.0,26
121,0414,11.5,18.9,4.3,26
121,0415,11.7,19.1,4.5,26
121,0416,11.9,19.2,4.7,26
121,0417,12.0,19.4,4.9,26
121,0418,12.2,19.6,5.0,26
121,0419,12.3,19.7,5.1,26
121,0420,12.4,19.9,5.2,26
121,0421,12.7,20.2,5.4,26
121,0422,12.8,20.3,5.6,26
121,0423,13.1,20.5,5.9,26
121,0424,13.3,20.7,6.2,26
121,0425,13.6,21.0,6.4,26
121,0426,13.8,21.1,6.7,26
121,0427,14.1,21.4,6.9,26
121,0428,14.4,21.8,7.1,26
121,0429,14.5,22.0,7.3,26
121,0430,14.7,22.2,7.4,26
121,0501,14.9,22.5,7.5,26
121,0502,15.2,22.7,7.8,26
121,0503,15.3,22.8,8.0,26
121,0504,15.5,22.9,8.2,26
121,0505,15.6,23.1,8.5,26
121,0506,15.8,23.2,8.7,26
121,0507,16.0,23.4,8.8,26
121,0508,16.0,23.4,8.9,26
121,0509,16.1,23.4,9.0,26
121,0510,16.1,23.5,9.1,26
121,0511,16.2,23.6,9.2,26
121,0512,16.3,23.6,9.3,26
121,0513,16.3,23.5,9.5,26
121,0514,16.4,23.7,9.5,26
121,0515,16.5,23.9,9.6,26
121,0516,16.6,24.0,9.8,26
121,0517,16.8,24.1,10.0,26
121,0518,17.0,24.4,10.2,26
121,0519,17.2,24.6,10.4,26
121,0520,17.4,24.9,10.5,26
121,0521,17.6,25.0,10.7,26
121,0522,17.7,25.1,10.9,26
121,0523,17.8,25.3,11.0,26
121,0524,18.0,25.5,11.1,26
121,0525,18.1,25.6,11.2,26
121,0526,18.3,25.8,11.4,26
121,0527,18.5,26.0,11.5,26
121,0528,18.7,26.2,11.7,26
121,0529,18.9,26.4,12.0,26
121,0530,19.1,26.5,12.2,26
121,0531,19.2,26.6,12.5,26
121,0601,19.3,26.8,12.6,26
121,0602,19.5,26.9,12.8,26
121,0603,19.7,27.2,13.0,26
121,0604,19.9,27.3,13.3,26
121,0605,20.0,27.4,13.5,26
121,0606,20.1,27.6,13.6,26
121,0607,20.3,27.7,13.9,26
121,0608,20.4,27.8,14.1,26
121,0609,20.6,27.9,14.3,26
121,0610,20.7,28.1,14.5,26
121,0611,20.9,28.2,14.7,26
121,0612,21.0,28.2,14.9,26
121,0613,21.1,28.3,15.1,26
121,0614,21.3,28.3,15.4,26
121,0615,21.4,28.4,15.5,26
121,0616,21.5,28.5,15.7,26
121,0617,21.5,28.4,15.9,26
121,0618,21.6,28.3,16.0,26
121,0619,21.6,28.3,16.2,26
121,0620,21.7,28.3,16.4,26
121,0621,21.8,28.4,16.6,26
121,0622,22.0,28.4,16.8,26
121,0623,22.1,28.4,17.1,26
121,0624,22.2,28.3,17.4,26
121,0625,22.3,28.3,17.6,26
121,0626,22.3,28.3,17.8,26
121,0627,22.4,28.3,18.0,26
121,0628,22.5,28.3,18.1,26
121,0629,22.5,28.3,18.1,26
121,0630,22.6,28.3,18.2,26
121,0701,22.6,28.3,18.4,26
121,0702,22.8,28.4,18.5,26
121,0703,22.9,28.5,18.7,26
121,0704,23.0,28.6,18.8,26
121,0705,23.1,28.5,18.9,26
121,0706,23.1,28.5,19.1,26
121,0707,23.2,28.5,19.2,26
121,0708,23.2,28.4,19.2,26
121,0709,23.2,28.4,19.3,26
121,0710,23.2,28.5,19.3,26
121,0711,23.3,28.6,19.4,26
121,0712,23.4,28.6,19.5,26
121,0713,23.5,28.7,19.6,26
121,0714,23.6,28.8,19.8,26
121,0715,23.8,28.9,20.0,26
121,0716,23.9,29.0,20.1,26
121,0717,23.9,29.0,20.3,26
121,0718,24.0,29.1,20.4,26
121,0719,24.2,29.2,20.5,26
121,0720,24.3,29.4,20.6,26
121,0721,24.4,29.5,20.7,26
121,0722,24.4,29.6,20.8,26
121,0723,24.6,29.8,20.9,26
121,0724,24.8,30.0,21.1,26
121,0725,25.0,30.3,21.2,26
121,0726,25.1,30.4,21.4,26
121,0727,25.2,30.5,21.5,26
121,0728,25.3,30.6,21.6,26
121,0729,25.3,30.7,21.6,26
121,0730,25.4,30.8,21.6,26
121,0731,25.4,30.9,21.6,26
121,0801,25.5,31.0,21.6,26
121,0802,25.5,31.1,21.7,26
121,0803,25.5,31.1,21.7,26
121,0804,25.5,31.1,21.7,26
121,0805,25.5,31.1,21.7,26
121,0806,25.5,31.2,21.6,26
121,0807,25.5,31.1,21.6,26
121,0808,25.4,31.1,21.5,26
121,0809,25.3,30.9,21.4,26
121,0810,25.2,30.9,21.3,26
121,0811,25.1,30.8,21.2,26
121,0812,25.0,30.6,21.1,26
121,0813,24.8,30.4,21.0,26
121,0814,24.7,30.3,20.9,26
121,0815,24.7,30.2,20.8,26
121,0816,24.5,30.0,20.7,26
121,0817,24.3,29.9,20.5,26
121,0818,24.2,29.7,20.4,26
121,0819,24.0,29.5,20.2,26
121,0820,23.9,29.3,20.0,26
121,0821,23.7,29.2,19.9,26
121,0822,23.6,29.1,19.7,26
121,0823,23.4,28.8,19.6,26
121,0824,23.2,28.7,19.4,26
121,0825,23.1,28.5,19.2,26
121,0826,22.9,28.4,19.0,26
121,0827,22.8,28.3,18.8,26
121,0828,22.6,28.2,18.6,26
121,0829,22.4,28.0,18.3,26
121,0830,22.2,27.8,18.1,26
121,0831,22.0,27.7,17.9,26
121,0901,21.8,27.6,17.7,26
121,0902,21.7,27.4,17.6,26
121,0903,21.5,27.4,17.4,26
121,0904,21.4,27.2,17.2,26
121,0905,21.2,27.1,17.0,26
121,0906,21.0,26.9,16.9,26
121,0907,20.8,26.8,16.6,26
121,0908,20.7,26.7,16.5,26
121,0909,20.5,26.5,16.3,26
121,0910,20.3,26.3,16.1,26
121,0911,20.2,26.2,15.9,26
121,0912,20.0,26.0,15.7,26
121,0913,19.8,25.8,15.4,26
121,0914,19.6,25.7,15.2,26
121,0915,19.3,25.5,14.9,26
121,0916,19.1,25.3,14.6,26
121,0917,18.9,25.2,14.3,26
121,0918,18.7,25.0,14.1,26
121,0919,18.5,25.0,13.8,26
121,0920,18.3,24.9,13.5,26
121,0921,18.1,24.7,13.3,26
121,0922,17.9,24.5,13.1,26
121,0923,17.7,24.4,12.9,26
121,0924,17.5,24.1,12.7,26
121,0925,17.3,23.9,12.5,26
121,0926,17.1,23.7,12.2,26
121,0927,16.9,23.5,12.0,26
121,0928,16.6,23.3,11.7,26
121,0929,16.5,23.2,11.6,26
121,0930,16.3,23.1,11.4,26
121,1001,16.1,22.9,11.2,26
121,1002,15.9,22.8,11.0,26
121,1003,15.7,22.6,10.7,26
121,1004,15.5,22.4,10.5,26
121,1005,15.3,22.1,10.3,26
121,1006,15.0,22.0,10.0,26
121,1007,14.7,21.8,9.7,26
121,1008,14.5,21.6,9.3,26
121,1009,14.1,21.4,8.9,26
121,1010,13.8,21.3,8.6,26
121,1011,13.6,21.1,8.3,26
121,1012,13.4,21.0,8.0,26
121,1013,13.3,20.9,7.8,26
121,1014,13.1,20.8,7.6,26
121,1015,12.9,20.6,7.3,26
121,1016,12.7,20.4,7.1,26
121,1017,12.5,20.2,6.9,26
121,1018,12.3,19.9,6.6,26
121,1019,12.0,19.7,6.3,26
121,1020,11.7,19.5,6.0,26
121,1021,11.5,19.2,5.7,26
121,1022,11.2,18.9,5.4,26
121,1023,11.0,18.7,5.1,26
121,1024,10.8,18.5,4.9,26
121,1025,10.6,18.2,4.7,26
121,1026,10.3,17.8,4.5,26
121,1027,10.0,17.4,4.2,26
121,1028,9.7,17.2,3.8,26
121,1029,9.5,17.0,3.6,26
121,1030,9.3,16.8,3.3,26
121,1031,9.1,16.6,3.2,26
121,1101,8.9,16.2,3.0,26
121,1102,8.7,16.0,2.8,26
121,1103,8.5,15.7,2.7,26
121,1104,8.4,15.5,2.6,26
121,1105,8.2,15.2,2.4,26
121,1106,7.9,15.0,2.2,26
121,1107,7.8,14.7,2.1,26
121,1108,7.5,14.4,1.9,26
121,1109,7.2,14.2,1.6,26
121,1110,7.0,13.9,1.3,26
121,1111,6.7,13.4,1.1,26
121,1112,6.3,13.0,0.8,26
121,1113,5.9,12.5,0.5,26
121,1114,5.6,12.1,0.1,26
121,1115,5.2,11.7,-0.3,26
121,1116,4.9,11.4,-0.6,26
121,1117,4.6,11.1,-0.9,26
121,1118,4.3,10.8,-1.1,26
121,1119,4.0,10.5,-1.4,26
121,1120,3.7,10.1,-1.6,26
121,1121,3.5,9.8,-1.8,26
121,1122,3.3,9.5,-1.9,26
121,1123,3.1,9.3,-2.1,26
121,1124,2.9,9.1,-2.3,26
121,1125,2.7,8.9,-2.5,26
121,1126,2.5,8.7,-2.6,26
121,1127,2.3,8.4,-2.7,26
121,1128,2.1,8.1,-2.9,26
121,1129,1.8,7.8,-3.1,26
121,1130,1.5,7.4,-3.4,26
121,1201,1.2,7.1,-3.6,26
121,1202,0.9,6.8,-3.9,26
121,1203,0.6,6.4,-4.2,26
121,1204,0.4,6.2,-4.5,26
121,1205,0.1,5.9,-4.8,26
121,1206,-0.2,5.7,-5.2,26
121,1207,-0.5,5.4,-5.5,26
121,1208,-0.7,5.1,-5.8,26
121,1209,-0.9,4.9,-6.0,26
121,1210,-1.2,4.6,-6.2,26
121,1211,-1.4,4.4,-6.5,26
121,1212,-1.6,4.2,-6.7,26
121,1213,-1.7,4.2,-6.9,26
121,1214,-1.8,4.2,-7.0,26
121,1215,-1.8,4.3,-7.0,26
121,1216,-1.8,4.3,-7.1,26
121,1217,-1.8,4.2,-7.0,26
121,1218,-1.9,4.1,-7.1,26
121,1219,-2.0,4.0,-7.3,26
121,1220,-2.2,3.9,-7.5,26
121,1221,-2.4,3.7,-7.6,26
121,1222,-2.5,3.6,-7.7,26
121,1223,-2.6,3.5,-7.9,26
121,1224,-2.8,3.4,-8.1,26
121,1225,-2.9,3.3,-8.3,26
121,1226,-2.9,3.3,-8.3,26
121,1227,-2.9,3.3,-8.3,26
121,1228,-3.0,3.2,-8.4,26
121,1229,-3.1,3.1,-8.6,26
121,1230,-3.3,2.9,-8.8,26
121,1231,-3.5,2.7,-9.0,26
127,0101,-3.2,2.6,-8.2,30
127,0102,-3.3,2.5,-8.4,30
127,0103,-3.3,2.4,-8.4,30
127,0104,-3.4,2.4,-8.5,30
127,0105,-3.4,2.4,-8.5,30
127,0106,-3.4,2.3,-8.5,30
127,0107,-3.4,2.3,-8.5,30
127,0108,-3.4,2.4,-8.5,30
127,0109,-3.4,2.4,-8.5,30
127,0110,-3.4,2.4,-8.5,30
127,0111,-3.4,2.3,-8.5,30
127,0112,-3.4,2.4,-8.5,30
127,0113,-3.3,2.4,-8.3,30
127,0114,-3.3,2.4,-8.3,30
127,0115,-3.3,2.4,-8.2,30
127,0116,-3.3,2.3,-8.2,30
127,0117,-3.3,2.3,-8.3,30
127,0118,-3.3,2.3,-8.3,30
127,0119,-3.3,2.3,-8.3,30
127,0120,-3.3,2.4,-8.3,30
127,0121,-3.2,2.5,-8.3,30
127,0122,-3.2,2.6,-8.2,30
127,0123,-3.1,2.6,-8.2,30
127,0124,-3.0,2.7,-8.2,30
127,0125,-3.1,2.7,-8.2,30
127,0126,-3.1,2.7,-8.3,30
127,0127,-3.1,2.7,-8.3,30
127,0128,-3.1,2.8,-8.4,30
127,0129,-3.1,2.9,-8.4,30
127,0130,-3.0,3.1,-8.4,30
127,0131,-2.9,3.3,-8.4,30
127,0201,-2.7,3.4,-8.3,30
127,0202,-2.6,3.5,-8.1,30
127,0203,-2.5,3.6,-8.0,30
127,0204,-2.4,3.7,-7.9,30
127,0205,-2.3,3.8,-7.8,30
127,0206,-2.1,4.0,-7.7,30
127,0207,-1.9,4.3,-7.5,30
127,0208,-1.7,4.4,-7.3,30
127,0209,-1.6,4.6,-7.1,30
127,0210,-1.4,4.7,-6.9,30
127,0211,-1.2,4.9,-6.7,30
127,0212,-1.0,5.1,-6.5,30
127,0213,-0.8,5.3,-6.4,30
127,0214,-0.7,5.4,-6.2,30
127,0215,-0.5,5.6,-6.1,30
127,0216,-0.3,5.9,-5.9,30
127,0217,-0.1,6.2,-5.7,30
127,0218,0.2,6.5,-5.5,30
127,0219,0.4,6.7,-5.3,30
127,0220,0.6,7.0,-5.1,30
127,0221,0.8,7.1,-4.8,30
127,0222,0.8,7.2,-4.8,30
127,0223,1.0,7.3,-4.6,30
127,0224,1.2,7.5,-4.4,30
127,0225,1.5,7.8,-4.2,30
127,0226,1.7,8.1,-4.0,30
127,0227,2.0,8.4,-3.7,30
127,0228,2.2,8.5,-3.5,30
127,0229,2.4,8.7,-3.2,0
127,0301,2.5,8.8,-3.1,30
127,0302,2.7,9.1,-2.9,30
127,0303,2.9,9.2,-2.7,30
127,0304,3.0,9.3,-2.7,30
127,0305,3.1,9.5,-2.6,30
127,0306,3.3,9.7,-2.5,30
127,0307,3.4,9.9,-2.4,30
127,0308,3.6,10.0,-2.3,30
127,0309,3.8,10.2,-2.2,30
127,0310,4.0,10.6,-2.0,30
127,0311,4.3,10.8,-1.8,30
127,0312,4.5,11.1,-1.6,30
127,0313,4.7,11.4,-1.5,30
127,0314,5.0,11.7,-1.3,30
127,0315,5.2,11.9,-1.1,30
127,0316,5.4,12.1,-0.9,30
127,0317,5.5,12.2,-0.8,30
127,0318,5.7,12.4,-0.6,30
127,0319,5.9,12.7,-0.4,30
127,0320,6.2,12.9,-0.2,30
127,0321,6.4,13.2,-0.0,30
127,0322,6.6,13.4,0.2,30
127,0323,6.8,13.6,0.4,30
127,0324,7.0,13.8,0.5,30
127,0325,7.1,13.9,0.6,30
127,0326,7.3,14.1,0.8,30
127,0327,7.4,14.3,0.9,30
127,0328,7.6,14.5,1.0,30
127,0329,7.8,14.7,1.1,30
127,0330,8.0,15.0,1.3,30
127,0331,8.3,15.3,1.5,30
127,0401,8.6,15.7,1.8,30
127,0402,8.9,16.1,2.0,30
127,0403,9.2,16.4,2.3,30
127,0404,9.4,16.6,2.6,30
127,0405,9.7,16.8,2.8,30
127,0406,9.8,17.0,3.0,30
127,0407,10.0,17.2,3.1,30
127,0408,10.3,17.5,3.3,30
127,0409,10.5,17.8,3.5,30
127,0410,10.8,18.1,3.7,30
127,0411,11.1,18.4,3.9,30
127,0412,11.3,18.7,4.2,30
127,0413,11.5,18.8,4.5,30
127,0414,11.8,19.1,4.7,30
127,0415,12.0,19.3,4.9,30
127,0416,12.2,19.5,5.2,30
127,0417,12.3,19.6,5.3,30
127,0418,12.5,19.8,5.4,30
127,0419,12.6,20.0,5.5,30
127,0420,12.7,20.2,5.6,30
127,0421,12.9,20.5,5.7,30
127,0422,13.2,20.6,6.0,30
127,0423,13.5,20.9,6.3,30
127,0424,13.7,21.0,6.7,30
127,0425,14.0,21.3,7.0,30
127,0426,14.2,21.4,7.2,30
127,0427,14.4,21.6,7.4,30
127,0428,14.6,21.9,7.6,30
127,0429,14.8,22.0,7.7,30
127,0430,15.0,22.3,7.9,30
127,0501,15.2,22.5,8.0,30
127,0502,15.4,22.7,8.3,30
127,0503,15.6,22.8,8.5,30
127,0504,15.8,23.0,8.8,30
127,0505,16.0,23.1,9.1,30
127,0506,16.2,23.2,9.3,30
127,0507,16.4,23.4,9.4,30
127,0508,16.5,23.5,9.6,30
127,0509,16.5,23.5,9.7,30
127,0510,16.6,23.5,9.8,30
127,0511,16.7,23.7,10.0,30
127,0512,16.8,23.7,10.1,30
127,0513,16.9,23.7,10.3,30
127,0514,17.0,23.9,10.4,30
127,0515,17.2,24.1,10.5,30
127,0516,17.3,24.2,10.8,30
127,0517,17.5,24.3,11.0,30
127,0518,17.7,24.5,11.2,30
127,0519,17.8,24.6,11.4,30
127,0520,18.0,24.8,11.5,30
127,0521,18.2,25.0,11.7,30
127,0522,18.4,25.2,11.9,30
127,0523,18.5,25.3,12.0,30
127,0524,18.6,25.5,12.1,30
127,0525,18.8,25.7,12.2,30
127,0526,19.0,25.9,12.4,30
127,0527,19.2,26.0,12.6,30
127,0528,19.4,26.2,12.9,30
127,0529,19.6,26.3,13.2,30
127,0530,19.7,26.4,13.4,30
127,0531,19.8,26.5,13.6,30
127,0601,20.0,26.6,13.8,30
127,0602,20.2,26.8,14.0,30
127,0603,20.4,27.0,14.2,30
127,0604,20.6,27.1,14.5,30
127,0605,20.8,27.2,14.8,30
127,0606,20.9,27.3,14.9,30
127,0607,21.1,27.4,15.2,30
127,0608,21.2,27.5,15.4,30
127,0609,21.4,27.6,15.6,30
127,0610,21.5,27.8,15.9,30
127,0611,21.7,27.9,16.1,30
127,0612,21.8,28.0,16.2,30
127,0613,21.9,28.0,16.4,30
127,0614,22.0,28.1,16.6,30
127,0615,22.2,28.2,16.8,30
127,0616,22.3,28.3,16.9,30
127,0617,22.3,28.2,17.1,30
127,0618,22.4,28.2,17.2,30
127,0619,22.4,28.2,17.4,30
127,0620,22.5,28.2,17.5,30
127,0621,22.7,28.3,17.7,30
127,0622,22.8,28.4,17.9,30
127,0623,22.9,28.4,18.2,30
127,0624,23.0,28.3,18.4,30
127,0625,23.1,28.3,18.6,30
127,0626,23.2,28.3,18.8,30
127,0627,23.3,28.4,19.0,30
127,0628,23.4,28.5,19.1,30
127,0629,23.5,28.5,19.2,30
127,0630,23.5,28.5,19.3,30
127,0701,23.6,28.6,19.4,30
127,0702,23.8,28.7,19.6,30
127,0703,23.9,28.8,19.8,30
127,0704,24.0,28.8,19.9,30
127,0705,24.0,28.9,20.0,30
127,0706,24.1,28.9,20.1,30
127,0707,24.2,28.9,20.3,30
127,0708,24.2,29.0,20.3,30
127,0709,24.2,29.0,20.4,30
127,0710,24.2,29.0,20.4,30
127,0711,24.3,29.1,20.5,30
127,0712,24.4,29.1,20.5,30
127,0713,24.5,29.2,20.7,30
127,0714,24.6,29.2,20.8,30
127,0715,24.7,29.4,21.0,30
127,0716,24.8,29.5,21.2,30
127,0717,24.9,29.5,21.3,30
127,0718,25.0,29.7,21.4,30
127,0719,25.2,29.8,21.5,30
127,0720,25.3,30.0,21.6,30
127,0721,25.4,30.0,21.7,30
127,0722,25.5,30.1,21.7,30
127,0723,25.6,30.3,21.8,30
127,0724,25.7,30.5,22.0,30
127,0725,25.9,30.7,22.1,30
127,0726,26.0,30.8,22.2,30
127,0727,26.1,30.9,22.3,30
127,0728,26.2,31.0,22.4,30
127,0729,26.2,31.1,22.4,30
127,0730,26.2,31.1,22.4,30
127,0731,26.3,31.2,22.4,30
127,0801,26.3,31.3,22.4,30
127,0802,26.3,31.3,22.5,30
127,0803,26.3,31.3,22.5,30
127,0804,26.3,31.3,22.5,30
127,0805,26.3,31.3,22.5,30
127,0806,26.3,31.4,22.4,30
127,0807,26.3,31.4,22.4,30
127,0808,26.2,31.3,22.4,30
127,0809,26.1,31.2,22.3,30
127,0810,26.0,31.1,22.2,30
127,0811,26.0,31.0,22.1,30
127,0812,25.9,30.9,22.0,30
127,0813,25.7,30.8,21.9,30
127,0814,25.6,30.7,21.8,30
127,0815,25.6,30.6,21.7,30
127,0816,25.4,30.4,21.5,30
127,0817,25.3,30.3,21.4,30
127,0818,25.1,30.2,21.2,30
127,0819,25.0,30.0,21.1,30
127,0820,24.8,29.8,20.9,30
127,0821,24.6,29.7,20.7,30
127,0822,24.5,29.5,20.5,30
127,0823,24.3,29.3,20.4,30
127,0824,24.1,29.2,20.2,30
127,0825,24.0,29.1,20.0,30
127,0826,23.9,29.0,19.8,30
127,0827,23.7,28.9,19.6,30
127,0828,23.6,28.8,19.5,30
127,0829,23.4,28.6,19.3,30
127,0830,23.2,28.4,19.1,30
127,0831,23.0,28.3,18.8,30
127,0901,22.8,28.2,18.6,30
127,0902,22.6,28.1,18.4,30
127,0903,22.5,28.0,18.2,30
127,0904,22.3,27.9,18.0,30
127,0905,22.1,27.7,17.8,30
127,0906,21.9,27.5,17.6,30
127,0907,21.7,27.4,17.4,30
127,0908,21.6,27.3,17.2,30
127,0909,21.3,27.1,16.9,30
127,0910,21.1,26.9,16.7,30
127,0911,21.0,26.8,16.4,30
127,0912,20.7,26.6,16.2,30
127,0913,20.5,26.5,15.9,30
127,0914,20.3,26.3,15.6,30
127,0915,20.1,26.1,15.3,30
127,0916,19.8,25.9,15.0,30
127,0917,19.6,25.8,14.8,30
127,0918,19.4,25.6,14.6,30
127,0919,19.2,25.6,14.3,30
127,0920,19.0,25.4,14.0,30
127,0921,18.8,25.3,13.7,30
127,0922,18.6,25.0,13.5,30
127,0923,18.3,24.8,13.3,30
127,0924,18.1,24.6,13.0,30
127,0925,17.9,24.4,12.8,30
127,0926,17.6,24.2,12.5,30
127,0927,17.4,23.9,12.3,30
127,0928,17.1,23.7,12.0,30
127,0929,16.9,23.6,11.7,30
127,0930,16.8,23.4,11.6,30
127,1001,16.5,23.3,11.3,30
127,1002,16.3,23.2,11.0,30
127,1003,16.1,23.0,10.8,30
127,1004,15.9,22.8,10.5,30
127,1005,15.6,22.5,10.3,30
127,1006,15.3,22.3,10.0,30
127,1007,15.1,22.1,9.6,30
127,1008,14.8,21.9,9.3,30
127,1009,14.5,21.7,9.0,30
127,1010,14.2,21.5,8.6,30
127,1011,14.0,21.3,8.3,30
127,1012,13.8,21.2,8.1,30
127,1013,13.6,21.1,7.9,30
127,1014,13.4,21.0,7.7,30
127,1015,13.2,20.7,7.4,30
127,1016,12.9,20.5,7.1,30
127,1017,12.7,20.2,6.9,30
127,1018,12.5,20.0,6.7,30
127,1019,12.2,19.7,6.3,30
127,1020,11.9,19.5,6.0,30
127,1021,11.7,19.2,5.8,30
127,1022,11.4,18.9,5.5,30
127,1023,11.2,18.7,5.3,30
127,1024,10.9,18.4,5.0,30
127,1025,10.7,18.1,4.8,30
127,1026,10.4,17.8,4.5,30
127,1027,10.1,17.5,4.2,30
127,1028,9.8,17.2,3.9,30
127,1029,9.6,17.0,3.6,30
127,1030,9.4,16.9,3.4,30
127,1031,9.3,16.7,3.3,30
127,1101,9.1,16.4,3.2,30
127,1102,8.9,16.2,3.0,30
127,1103,8.8,16.0,2.9,30
127,1104,8.6,15.7,2.8,30
127,1105,8.4,15.5,2.6,30
127,1106,8.3,15.3,2.5,30
127,1107,8.1,15.1,2.4,30
127,1108,7.9,14.8,2.2,30
127,1109,7.7,14.5,1.9,30
127,1110,7.4,14.2,1.8,30
127,1111,7.2,13.9,1.5,30
127,1112,6.9,13.5,1.3,30
127,1113,6.6,13.0,1.1,30
127,1114,6.1,12.5,0.7,30
127,1115,5.8,12.1,0.3,30
127,1116,5.4,11.9,-0.0,30
127,1117,5.1,11.5,-0.3,30
127,1118,4.8,11.2,-0.6,30
127,1119,4.5,10.9,-0.9,30
127,1120,4.2,10.5,-1.1,30
127,1121,4.0,10.2,-1.3,30
127,1122,3.7,10.0,-1.5,30
127,1123,3.5,9.8,-1.7,30
127,1124,3.3,9.6,-1.9,30
127,1125,3.1,9.3,-2.1,30
127,1126,2.9,9.1,-2.3,30
127,1127,2.7,8.8,-2.5,30
127,1128,2.4,8.5,-2.7,30
127,1129,2.2,8.2,-2.9,30
127,1130,1.9,7.9,-3.1,30
127,1201,1.7,7.5,-3.3,30
127,1202,1.4,7.2,-3.5,30
127,1203,1.2,6.9,-3.8,30
127,1204,0.9,6.7,-4.0,30
127,1205,0.7,6.4,-4.3,30
127,1206,0.4,6.1,-4.6,30
127,1207,0.1,5.8,-4.9,30
127,1208,-0.2,5.5,-5.2,30
127,1209,-0.5,5.2,-5.4,30
127,1210,-0.7,4.9,-5.6,30
127,1211,-0.9,4.6,-5.8,30
127,1212,-1.1,4.5,-6.0,30
127,1213,-1.2,4.4,-6.1,30
127,1214,-1.3,4.4,-6.1,30
127,1215,-1.3,4.4,-6.2,30
127,1216,-1.3,4.4,-6.3,30
127,1217,-1.4,4.3,-6.3,30
127,1218,-1.5,4.2,-6.4,30
127,1219,-1.7,4.1,-6.5,30
127,1220,-1.8,4.0,-6.6,30
127,1221,-1.9,3.8,-6.7,30
127,1222,-2.0,3.7,-6.8,30
127,1223,-2.2,3.6,-7.0,30
127,1224,-2.3,3.5,-7.1,30
127,1225,-2.4,3.4,-7.3,30
127,1226,-2.4,3.4,-7.3,30
127,1227,-2.4,3.4,-7.3,30
127,1228,-2.5,3.3,-7.5,30
127,1229,-2.7,3.1,-7.6,30
127,1230,-2.8,2.9,-7.8,30
127,1231,-3.0,2.7,-8.0,30
129,0101,-1.1,3.8,-5.6,30
129,0102,-1.2,3.7,-5.7,29
129,0103,-1.3,3.6,-5.8,30
129,0104,-1.3,3.6,-5.8,30
129,0105,-1.4,3.5,-5.9,30
129,0106,-1.4,3.5,-5.8,30
129,0107,-1.4,3.4,-5.9,30
129,0108,-1.5,3.4,-5.9,30
129,0109,-1.5,3.4,-5.9,30
129,0110,-1.5,3.3,-5.9,30
129,0111,-1.6,3.3,-6.0,30
129,0112,-1.5,3.3,-6.0,30
129,0113,-1.5,3.4,-5.9,30
129,0114,-1.5,3.3,-6.0,30
129,0115,-1.5,3.3,-5.9,30
129,0116,-1.6,3.2,-6.0,30
129,0117,-1.7,3.2,-6.1,30
129,0118,-1.7,3.1,-6.2,30
129,0119,-1.7,3.1,-6.2,30
129,0120,-1.8,3.1,-6.3,30
129,0121,-1.8,3.2,-6.3,30
129,0122,-1.8,3.2,-6.4,30
129,0123,-1.7,3.3,-6.4,30
129,0124,-1.8,3.3,-6.5,30
129,0125,-1.8,3.2,-6.5,30
129,0126,-1.9,3.2,-6.6,30
129,0127,-1.9,3.2,-6.7,30
129,0128,-2.0,3.1,-6.8,30
129,0129,-2.0,3.2,-6.8,30
129,0130,-1.9,3.3,-6.8,30
129,0131,-1.8,3.5,-6.7,30
129,0201,-1.7,3.5,-6.6,30
129,0202,-1.7,3.6,-6.5,30
129,0203,-1.6,3.7,-6.4,30
129,0204,-1.5,3.8,-6.3,30
129,0205,-1.4,3.9,-6.2,30
129,0206,-1.3,4.1,-6.2,30
129,0207,-1.1,4.2,-6.0,30
129,0208,-1.0,4.4,-5.8,30
129,0209,-0.8,4.5,-5.7,30
129,0210,-0.7,4.6,-5.5,30
129,0211,-0.5,4.8,-5.4,30
129,0212,-0.4,5.0,-5.3,30
129,0213,-0.2,5.2,-5.1,30
129,0214,-0.1,5.3,-5.1,30
129,0215,0.0,5.5,-4.9,30
129,0216,0.2,5.7,-4.8,30
129,0217,0.4,6.0,-4.7,30
129,0218,0.6,6.2,-4.5,30
129,0219,0.8,6.5,-4.4,30
129,0220,1.0,6.7,-4.2,30
129,0221,1.1,6.9,-4.0,30
129,0222,1.2,6.9,-3.9,30
129,0223,1.3,7.1,-3.9,30
129,0224,1.5,7.3,-3.8,30
129,0225,1.7,7.6,-3.6,30
129,0226,1.9,7.8,-3.4,30
129,0227,2.1,8.0,-3.1,30
129,0228,2.3,8.1,-2.9,30
129,0229,2.4,8.2,-2.7,0
129,0301,2.5,8.3,-2.7,30
129,0302,2.7,8.6,-2.6,30
129,0303,2.9,8.6,-2.4,30
129,0304,3.0,8.7,-2.3,30
129,0305,3.1,8.8,-2.2,30
129,0306,3.2,8.9,-2.1,30
129,0307,3.3,9.1,-2.0,30
129,0308,3.4,9.2,-2.0,30
129,0309,3.6,9.4,-1.8,30
129,0310,3.8,9.7,-1.7,30
129,0311,4.0,9.9,-1.4,30
129,0312,4.2,10.1,-1.3,30
129,0313,4.4,10.4,-1.2,30
129,0314,4.6,10.6,-1.1,30
129,0315,4.8,10.9,-0.9,30
129,0316,4.9,11.0,-0.7,30
129,0317,5.0,11.1,-0.6,30
129,0318,5.2,11.3,-0.5,30
129,0319,5.4,11.6,-0.3,30
129,0320,5.6,11.8,-0.1,30
129,0321,5.8,11.9,0.0,30
129,0322,5.9,12.1,0.2,30
129,0323,6.1,12.3,0.4,30
129,0324,6.2,12.4,0.5,30
129,0325,6.4,12.6,0.6,30
129,0326,6.6,12.8,0.8,30
129,0327,6.7,12.9,0.9,30
129,0328,6.9,13.2,1.0,30
129,0329,7.1,13.4,1.2,30
129,0330,7.3,13.6,1.3,30
129,0331,7.5,13.9,1.6,30
129,0401,7.8,14.3,1.8,30
129,0402,8.1,14.6,2.0,30
129,0403,8.3,14.8,2.3,30
129,0404,8.5,15.0,2.6,30
129,0405,8.8,15.3,2.8,30
129,0406,9.0,15.4,3.0,30
129,0407,9.2,15.7,3.3,30
129,0408,9.4,15.9,3.4,30
129,0409,9.5,16.1,3.6,30
129,0410,9.8,16.4,3.8,30
129,0411,10.0,16.6,4.0,30
129,0412,10.2,16.8,4.2,30
129,0413,10.4,17.0,4.5,30
129,0414,10.7,17.2,4.8,30
129,0415,10.9,17.4,5.0,30
129,0416,11.1,17.5,5.3,30
129,0417,11.3,17.6,5.4,30
129,0418,11.4,17.8,5.5,30
129,0419,11.5,17.9,5.6,30
129,0420,11.7,18.1,5.8,30
129,0421,11.9,18.3,5.9,30
129,0422,12.1,18.5,6.2,30
129,0423,12.5,18.7,6.6,30
129,0424,12.7,18.9,7.0,30
129,0425,13.0,19.2,7.3,30
129,0426,13.2,19.3,7.5,30
129,0427,13.4,19.6,7.7,30
129,0428,13.6,19.8,7.9,30
129,0429,13.8,19.9,8.0,30
129,0430,14.0,20.2,8.2,30
129,0501,14.2,20.4,8.4,30
129,0502,14.4,20.6,8.7,30
129,0503,14.6,20.7,9.0,30
129,0504,14.8,20.8,9.2,30
129,0505,15.0,20.9,9.5,30
129,0506,15.1,21.1,9.7,30
129,0507,15.3,21.3,9.9,30
129,0508,15.4,21.3,10.1,30
129,0509,15.5,21.4,10.2,30
129,0510,15.6,21.4,10.3,30
129,0511,15.7,21.5,10.4,30
129,0512,15.8,21.6,10.6,30
129,0513,15.9,21.6,10.8,30
129,0514,16.1,21.8,11.0,30
129,0515,16.2,22.0,11.1,30
129,0516,16.4,22.2,11.3,30
129,0517,16.6,22.3,11.5,30
129,0518,16.8,22.5,11.7,30
129,0519,16.9,22.7,11.9,30
129,0520,17.2,22.9,12.1,30
129,0521,17.4,23.2,12.3,30
129,0522,17.5,23.3,12.4,30
129,0523,17.7,23.5,12.6,30
129,0524,17.9,23.7,12.7,30
129,0525,18.1,23.9,12.8,30
129,0526,18.2,24.1,13.0,30
129,0527,18.4,24.3,13.2,30
129,0528,18.6,24.5,13.4,30
129,0529,18.8,24.6,13.6,30
129,0530,18.9,24.8,13.8,30
129,0531,19.1,24.9,14.0,30
129,0601,19.2,25.0,14.2,30
129,0602,19.4,25.3,14.4,30
129,0603,19.6,25.4,14.6,30
129,0604,19.8,25.6,14.9,30
129,0605,20.0,25.7,15.1,30
129,0606,20.1,25.7,15.2,30
129,0607,20.2,25.9,15.4,30
129,0608,20.4,26.0,15.7,30
129,0609,20.6,26.1,15.9,30
129,0610,20.7,26.2,16.1,30
129,0611,20.9,26.4,16.3,30
129,0612,21.0,26.5,16.5,30
129,0613,21.1,26.5,16.7,30
129,0614,21.2,26.6,16.9,30
129,0615,21.4,26.7,17.1,30
129,0616,21.5,26.8,17.2,30
129,0617,21.5,26.7,17.3,30
129,0618,21.6,26.7,17.4,30
129,0619,21.7,26.7,17.6,30
129,0620,21.8,26.8,17.8,30
129,0621,21.9,26.9,18.0,30
129,0622,22.0,26.9,18.1,30
129,0623,22.1,26.9,18.3,30
129,0624,22.2,26.8,18.5,30
129,0625,22.3,26.8,18.7,30
129,0626,22.3,26.8,18.9,30
129,0627,22.4,26.9,19.0,30
129,0628,22.5,26.9,19.2,30
129,0629,22.6,27.0,19.3,30
129,0630,22.7,27.0,19.4,30
129,0701,22.8,27.1,19.5,30
129,0702,23.0,27.3,19.7,30
129,0703,23.1,27.3,19.8,30
129,0704,23.2,27.4,20.0,30
129,0705,23.3,27.5,20.1,30
129,0706,23.4,27.4,20.2,30
129,0707,23.5,27.5,20.4,30
129,0708,23.6,27.6,20.5,30
129,0709,23.7,27.7,20.6,30
129,0710,23.7,27.8,20.6,30
129,0711,23.8,27.9,20.6,30
129,0712,23.9,28.0,20.8,30
129,0713,24.1,28.1,20.9,30
129,0714,24.2,28.2,21.1,30
129,0715,24.3,28.3,21.3,30
129,0716,24.4,28.3,21.4,30
129,0717,24.5,28.4,21.5,30
129,0718,24.6,28.5,21.7,30
129,0719,24.8,28.7,21.8,30
129,0720,24.9,28.9,21.9,30
129,0721,25.1,29.0,22.1,30
129,0722,25.2,29.1,22.2,30
129,0723,25.3,29.3,22.3,30
129,0724,25.5,29.5,22.5,30
129,0725,25.7,29.7,22.7,30
129,0726,25.8,29.8,22.8,30
129,0727,25.9,29.9,22.9,30
129,0728,26.0,30.0,23.0,30
129,0729,26.0,30.1,23.0,30
129,0730,26.1,30.2,23.0,30
129,0731,26.2,30.3,23.1,30
129,0801,26.3,30.4,23.1,30
129,0802,26.3,30.5,23.1,30
129,0803,26.3,30.5,23.1,30
129,0804,26.3,30.5,23.0,30
129,0805,26.3,30.5,23.0,30
129,0806,26.3,30.6,23.0,30
129,0807,26.3,30.6,22.9,30
129,0808,26.2,30.6,22.8,30
129,0809,26.1,30.5,22.8,30
129,0810,26.1,30.5,22.7,30
129,0811,26.0,30.5,22.6,30
129,0812,25.9,30.4,22.5,30
129,0813,25.8,30.3,22.4,30
129,0814,25.7,30.2,22.3,30
129,0815,25.6,30.1,22.1,30
129,0816,25.5,30.0,21.9,30
129,0817,25.3,29.8,21.8,30
129,0818,25.2,29.7,21.7,30
129,0819,25.1,29.5,21.5,30
129,0820,24.9,29.4,21.3,30
129,0821,24.8,29.3,21.2,30
129,0822,24.6,29.2,21.0,30
129,0823,24.5,29.0,20.8,30
129,0824,24.3,28.9,20.6,30
129,0825,24.2,28.8,20.5,30
129,0826,24.1,28.7,20.3,30
129,0827,23.9,28.6,20.1,30
129,0828,23.8,28.5,19.9,30
129,0829,23.6,28.4,19.7,30
129,0830,23.4,28.2,19.5,30
129,0831,23.3,28.1,19.4,30
129,0901,23.2,28.0,19.2,30
129,0902,23.0,27.9,19.0,30
129,0903,22.9,27.8,18.8,30
129,0904,22.7,27.7,18.6,30
129,0905,22.5,27.5,18.4,30
129,0906,22.3,27.4,18.2,30
129,0907,22.2,27.3,18.0,30
129,0908,22.0,27.2,17.8,30
129,0909,21.8,27.0,17.7,30
129,0910,21.7,26.9,17.4,30
129,0911,21.5,26.7,17.2,30
129,0912,21.3,26.6,16.9,30
129,0913,21.1,26.5,16.7,30
129,0914,20.9,26.3,16.5,30
129,0915,20.7,26.2,16.2,30
129,0916,20.5,26.0,15.9,30
129,0917,20.3,25.9,15.7,30
129,0918,20.1,25.7,15.5,30
129,0919,20.0,25.6,15.2,30
129,0920,19.8,25.5,15.0,30
129,0921,19.7,25.4,14.8,30
129,0922,19.5,25.2,14.5,30
129,0923,19.2,25.0,14.3,30
129,0924,19.0,24.8,14.1,30
129,0925,18.8,24.6,13.8,30
129,0926,18.5,24.4,13.6,30
129,0927,18.3,24.1,13.3,30
129,0928,18.1,23.9,13.0,30
129,0929,17.9,23.8,12.8,30
129,0930,17.7,23.6,12.6,30
129,1001,17.5,23.5,12.4,30
129,1002,17.3,23.3,12.1,30
129,1003,17.1,23.2,11.9,30
129,1004,16.9,23.0,11.6,30
129,1005,16.6,22.7,11.3,30
129,1006,16.4,22.5,11.0,30
129,1007,16.1,22.3,10.7,30
129,1008,15.8,22.1,10.4,30
129,1009,15.6,21.9,10.1,30
129,1010,15.4,21.7,9.8,30
129,1011,15.1,21.6,9.5,30
129,1012,15.0,21.5,9.3,30
129,1013,14.8,21.3,9.1,30
129,1014,14.7,21.2,9.0,30
129,1015,14.5,21.0,8.8,30
129,1016,14.3,20.8,8.6,30
129,1017,14.0,20.5,8.4,30
129,1018,13.8,20.3,8.1,30
129,1019,13.6,20.0,7.9,30
129,1020,13.3,19.9,7.7,30
129,1021,13.1,19.6,7.5,30
129,1022,12.9,19.4,7.3,30
129,1023,12.7,19.1,7.1,30
129,1024,12.4,18.9,6.8,30
129,1025,12.2,18.5,6.6,30
129,1026,11.9,18.2,6.4,30
129,1027,11.6,18.0,6.1,30
129,1028,11.4,17.7,5.8,30
129,1029,11.2,17.5,5.6,30
129,1030,11.0,17.4,5.4,30
129,1031,10.9,17.2,5.3,30
129,1101,10.6,16.9,5.1,30
129,1102,10.4,16.6,4.9,30
129,1103,10.3,16.4,4.7,30
129,1104,10.1,16.2,4.6,30
129,1105,9.9,15.9,4.5,30
129,1106,9.8,15.7,4.3,30
129,1107,9.6,15.5,4.2,30
129,1108,9.4,15.2,4.1,30
129,1109,9.2,15.0,3.9,30
129,1110,9.0,14.8,3.7,30
129,1111,8.7,14.4,3.5,30
129,1112,8.4,14.1,3.3,30
129,1113,8.1,13.6,3.0,30
129,1114,7.6,13.1,2.6,30
129,1115,7.3,12.8,2.3,30
129,1116,7.0,12.6,2.0,30
129,1117,6.8,12.3,1.8,30
129,1118,6.5,12.1,1.5,30
129,1119,6.2,11.7,1.2,30
129,1120,5.9,11.4,1.0,30
129,1121,5.7,11.1,0.8,30
129,1122,5.5,10.9,0.6,30
129,1123,5.2,10.7,0.4,30
129,1124,5.1,10.5,0.2,30
129,1125,4.8,10.2,0.0,30
129,1126,4.6,10.0,-0.2,30
129,1127,4.4,9.7,-0.4,30
129,1128,4.2,9.4,-0.6,30
129,1129,3.9,9.2,-0.8,30
129,1130,3.7,8.9,-0.9,30
129,1201,3.5,8.6,-1.1,30
129,1202,3.2,8.3,-1.4,30
129,1203,3.0,8.0,-1.6,30
129,1204,2.8,7.7,-1.8,30
129,1205,2.5,7.5,-2.1,30
129,1206,2.3,7.2,-2.3,30
129,1207,2.0,6.9,-2.6,30
129,1208,1.8,6.7,-2.7,30
129,1209,1.6,6.4,-2.9,30
129,1210,1.4,6.1,-3.1,30
129,1211,1.2,5.9,-3.2,30
129,1212,1.1,5.8,-3.3,30
129,1213,1.0,5.8,-3.5,30
129,1214,0.9,5.8,-3.5,30
129,1215,0.9,5.8,-3.6,30
129,1216,0.8,5.8,-3.7,30
129,1217,0.7,5.7,-3.7,30
129,1218,0.6,5.6,-3.8,30
129,1219,0.4,5.4,-4.0,30
129,1220,0.3,5.3,-4.1,30
129,1221,0.2,5.2,-4.3,30
129,1222,0.1,5.1,-4.4,30
129,1223,-0.1,5.0,-4.5,30
129,1224,-0.2,4.8,-4.6,30
129,1225,-0.3,4.8,-4.8,30
129,1226,-0.3,4.8,-4.8,30
129,1227,-0.4,4.7,-4.9,30
129,1228,-0.5,4.5,-5.0,30
129,1229,-0.7,4.4,-5.2,30
129,1230,-0.8,4.2,-5.3,30
129,1231,-1.0,4.0,-5.5,30
130,0101,2.0,7.3,-2.4,30
130,0102,1.9,7.2,-2.5,30
130,0103,1.9,7.2,-2.5,30
130,0104,1.8,7.1,-2.6,30
130,0105,1.7,7.0,-2.6,30
130,0106,1.6,6.9,-2.6,30
130,0107,1.6,6.8,-2.7,30
130,0108,1.5,6.8,-2.7,30
130,0109,1.5,6.7,-2.6,30
130,0110,1.5,6.6,-2.7,30
130,0111,1.4,6.6,-2.8,30
130,0112,1.4,6.5,-2.8,30
130,0113,1.4,6.5,-2.8,30
130,0114,1.4,6.5,-2.8,30
130,0115,1.3,6.4,-2.8,30
130,0116,1.2,6.3,-2.9,30
130,0117,1.1,6.2,-3.0,30
130,0118,1.1,6.2,-3.1,30
130,0119,1.1,6.1,-3.1,30
130,0120,1.1,6.1,-3.1,30
130,0121,1.1,6.2,-3.1,30
130,0122,1.2,6.2,-3.0,30
130,0123,1.2,6.2,-3.0,30
130,0124,1.2,6.2,-3.0,30
130,0125,1.2,6.2,-3.1,30
130,0126,1.1,6.2,-3.1,30
130,0127,1.1,6.2,-3.1,30
130,0128,1.1,6.2,-3.1,30
130,0129,1.2,6.3,-3.1,30
130,0130,1.3,6.4,-3.0,30
130,0131,1.5,6.6,-2.9,30
130,0201,1.6,6.6,-2.8,30
130,0202,1.6,6.7,-2.7,30
130,0203,1.7,6.7,-2.7,30
130,0204,1.8,6.8,-2.7,30
130,0205,1.8,6.8,-2.6,30
130,0206,2.0,7.0,-2.5,30
130,0207,2.1,7.1,-2.3,30
130,0208,2.3,7.3,-2.2,30
130,0209,2.4,7.4,-2.1,30
130,0210,2.5,7.4,-2.0,30
130,0211,2.6,7.5,-1.9,30
130,0212,2.6,7.6,-1.8,30
130,0213,2.7,7.7,-1.8,30
130,0214,2.8,7.6,-1.8,30
130,0215,2.9,7.8,-1.7,30
130,0216,3.0,7.9,-1.6,30
130,0217,3.1,8.0,-1.4,30
130,0218,3.3,8.2,-1.3,30
130,0219,3.4,8.3,-1.2,30
130,0220,3.5,8.5,-1.1,30
130,0221,3.7,8.5,-0.9,30
130,0222,3.7,8.5,-0.9,30
130,0223,3.8,8.6,-0.8,30
130,0224,3.9,8.7,-0.7,30
130,0225,4.1,8.9,-0.5,30
130,0226,4.3,9.1,-0.3,30
130,0227,4.4,9.2,-0.1,30
130,0228,4.6,9.4,0.0,30
130,0229,4.7,9.5,0.2,0
130,0301,4.8,9.5,0.3,30
130,0302,4.9,9.7,0.4,30
130,0303,5.0,9.8,0.5,30
130,0304,5.1,9.9,0.6,30
130,0305,5.3,10.1,0.7,30
130,0306,5.4,10.2,0.7,30
130,0307,5.4,10.3,0.7,30
130,0308,5.5,10.4,0.8,30
130,0309,5.7,10.6,0.9,30
130,0310,5.9,10.8,1.1,30
130,0311,6.1,11.0,1.3,30
130,0312,6.3,11.3,1.4,30
130,0313,6.5,11.4,1.5,30
130,0314,6.6,11.5,1.6,30
130,0315,6.8,11.7,1.8,30
130,0316,6.9,11.8,2.0,30
130,0317,7.0,11.8,2.1,30
130,0318,7.2,12.0,2.2,30
130,0319,7.4,12.2,2.4,30
130,0320,7.6,12.5,2.6,30
130,0321,7.8,12.6,2.8,30
130,0322,8.0,12.8,3.0,30
130,0323,8.1,12.9,3.2,30
130,0324,8.3,13.2,3.3,30
130,0325,8.4,13.3,3.5,30
130,0326,8.5,13.4,3.6,30
130,0327,8.6,13.5,3.6,30
130,0328,8.7,13.6,3.7,30
130,0329,8.9,13.8,3.9,30
130,0330,9.2,14.1,4.1,30
130,0331,9.4,14.3,4.3,30
130,0401,9.6,14.6,4.5,30
130,0402,9.8,14.7,4.6,30
130,0403,9.9,14.9,4.8,30
130,0404,10.0,14.9,4.9,30
130,0405,10.1,15.0,5.0,30
130,0406,10.3,15.2,5.2,30
130,0407,10.5,15.4,5.4,30
130,0408,10.7,15.7,5.6,30
130,0409,10.9,15.9,5.8,30
130,0410,11.1,16.2,6.0,30
130,0411,11.4,16.4,6.3,30
130,0412,11.5,16.6,6.5,30
130,0413,11.6,16.6,6.6,30
130,0414,11.8,16.8,6.8,30
130,0415,12.0,17.0,7.0,30
130,0416,12.2,17.2,7.2,30
130,0417,12.4,17.4,7.4,30
130,0418,12.5,17.6,7.6,30
130,0419,12.8,17.9,7.8,30
130,0420,12.9,18.1,8.0,30
130,0421,13.1,18.3,8.2,30
130,0422,13.3,18.5,8.4,30
130,0423,13.5,18.7,8.7,30
130,0424,13.7,18.8,8.9,30
130,0425,13.8,18.9,9.1,30
130,0426,14.0,19.0,9.2,30
130,0427,14.2,19.3,9.5,30
130,0428,14.4,19.6,9.6,30
130,0429,14.6,19.8,9.7,30
130,0430,14.7,19.9,9.9,30
130,0501,14.8,19.9,10.0,30
130,0502,14.9,20.1,10.1,30
130,0503,15.0,20.2,10.2,30
130,0504,15.1,20.2,10.3,30
130,0505,15.3,20.3,10.5,30
130,0506,15.3,20.3,10.6,30
130,0507,15.4,20.4,10.7,30
130,0508,15.4,20.4,10.8,30
130,0509,15.5,20.4,10.9,30
130,0510,15.5,20.5,10.9,30
130,0511,15.6,20.5,11.0,30
130,0512,15.7,20.6,11.2,30
130,0513,15.8,20.7,11.4,30
130,0514,16.0,20.8,11.5,30
130,0515,16.1,21.0,11.7,30
130,0516,16.3,21.1,11.8,30
130,0517,16.4,21.1,12.0,30
130,0518,16.6,21.3,12.2,30
130,0519,16.8,21.6,12.4,30
130,0520,16.8,21.6,12.5,30
130,0521,16.9,21.6,12.6,30
130,0522,17.0,21.7,12.7,30
130,0523,17.2,21.8,12.8,30
130,0524,17.3,22.0,12.9,30
130,0525,17.5,22.1,13.1,30
130,0526,17.6,22.2,13.2,30
130,0527,17.6,22.2,13.2,30
130,0528,17.7,22.3,13.4,30
130,0529,17.8,22.3,13.5,30
130,0530,17.8,22.2,13.6,30
130,0531,17.9,22.2,13.7,30
130,0601,17.9,22.2,13.8,30
130,0602,18.0,22.2,14.0,30
130,0603,18.1,22.3,14.1,30
130,0604,18.2,22.4,14.3,30
130,0605,18.3,22.5,14.4,30
130,0606,18.4,22.5,14.6,30
130,0607,18.4,22.5,14.7,30
130,0608,18.5,22.6,14.8,30
130,0609,18.6,22.6,15.0,30
130,0610,18.7,22.6,15.1,30
130,0611,18.7,22.6,15.3,30
130,0612,18.8,22.6,15.4,30
130,0613,18.9,22.7,15.6,30
130,0614,19.1,22.9,15.8,30
130,0615,19.2,23.0,15.9,30
130,0616,19.4,23.1,16.1,30
130,0617,19.5,23.2,16.2,30
130,0618,19.6,23.2,16.4,30
130,0619,19.7,23.3,16.5,30
130,0620,19.9,23.5,16.7,30
130,0621,20.1,23.7,16.9,30
130,0622,20.2,23.8,17.0,30
130,0623,20.3,24.0,17.2,30
130,0624,20.5,24.1,17.4,30
130,0625,20.7,24.3,17.6,30
130,0626,20.9,24.5,17.8,30
130,0627,21.0,24.6,17.9,30
130,0628,21.1,24.8,18.1,30
130,0629,21.2,24.8,18.2,30
130,0630,21.3,24.9,18.3,30
130,0701,21.4,24.9,18.4,30
130,0702,21.5,25.1,18.5,30
130,0703,21.6,25.1,18.6,30
130,0704,21.7,25.3,18.7,30
130,0705,21.7,25.3,18.9,30
130,0706,21.8,25.4,19.0,30
130,0707,22.0,25.5,19.1,30
130,0708,22.1,25.6,19.2,30
130,0709,22.1,25.6,19.3,30
130,0710,22.2,25.7,19.4,30
130,0711,22.2,25.7,19.4,30
130,0712,22.3,25.8,19.5,30
130,0713,22.4,25.9,19.6,30
130,0714,22.6,26.2,19.8,30
130,0715,22.9,26.4,20.0,30
130,0716,23.1,26.7,20.2,30
130,0717,23.2,26.9,20.4,30
130,0718,23.4,27.0,20.5,30
130,0719,23.5,27.1,20.6,30
130,0720,23.7,27.3,20.8,30
130,0721,23.8,27.4,20.9,30
130,0722,23.9,27.6,21.0,30
130,0723,24.1,27.8,21.2,30
130,0724,24.3,28.0,21.3,30
130,0725,24.4,28.2,21.4,30
130,0726,24.6,28.3,21.6,30
130,0727,24.7,28.4,21.7,30
130,0728,24.7,28.5,21.8,30
130,0729,24.8,28.5,21.9,30
130,0730,24.8,28.5,21.9,30
130,0731,24.8,28.6,21.9,30
130,0801,24.8,28.5,22.0,30
130,0802,24.8,28.5,22.0,30
130,0803,24.8,28.5,22.0,30
130,0804,24.8,28.5,22.0,30
130,0805,24.8,28.5,22.0,30
130,0806,24.8,28.5,22.0,30
130,0807,24.8,28.3,21.9,30
130,0808,24.7,28.2,21.9,30
130,0809,24.6,28.2,21.8,30
130,0810,24.6,28.1,21.8,30
130,0811,24.5,28.0,21.7,30
130,0812,24.4,27.9,21.6,30
130,0813,24.3,27.8,21.5,30
130,0814,24.3,27.7,21.5,30
130,0815,24.2,27.6,21.4,30
130,0816,24.2,27.6,21.3,30
130,0817,24.1,27.6,21.2,30
130,0818,24.0,27.5,21.1,30
130,0819,23.9,27.3,21.0,30
130,0820,23.7,27.2,20.8,30
130,0821,23.6,27.1,20.7,30
130,0822,23.5,27.0,20.6,30
130,0823,23.4,26.8,20.4,30
130,0824,23.2,26.7,20.2,30
130,0825,23.1,26.7,20.1,30
130,0826,23.0,26.6,20.0,30
130,0827,22.9,26.5,19.8,30
130,0828,22.8,26.5,19.6,30
130,0829,22.7,26.3,19.5,30
130,0830,22.5,26.1,19.3,30
130,0831,22.3,25.9,19.1,30
130,0901,22.1,25.8,18.9,30
130,0902,22.0,25.8,18.7,30
130,0903,22.0,25.7,18.6,30
130,0904,21.8,25.6,18.4,30
130,0905,21.7,25.4,18.3,30
130,0906,21.5,25.3,18.1,30
130,0907,21.4,25.2,17.9,30
130,0908,21.2,25.1,17.8,30
130,0909,21.1,24.9,17.6,30
130,0910,20.9,24.7,17.4,30
130,0911,20.8,24.7,17.3,30
130,0912,20.6,24.5,17.1,30
130,0913,20.5,24.4,16.9,30
130,0914,20.3,24.3,16.6,30
130,0915,20.1,24.2,16.4,30
130,0916,19.9,24.0,16.2,30
130,0917,19.8,23.8,16.0,30
130,0918,19.6,23.7,15.8,30
130,0919,19.4,23.6,15.6,30
130,0920,19.3,23.5,15.4,30
130,0921,19.1,23.4,15.2,30
130,0922,19.0,23.3,15.0,30
130,0923,18.8,23.1,14.8,30
130,0924,18.7,23.0,14.7,30
130,0925,18.5,22.9,14.5,30
130,0926,18.4,22.8,14.3,30
130,0927,18.2,22.6,14.1,30
130,0928,18.0,22.4,13.8,30
130,0929,17.8,22.3,13.6,30
130,0930,17.7,22.3,13.5,30
130,1001,17.6,22.2,13.4,30
130,1002,17.5,22.1,13.2,30
130,1003,17.4,22.0,13.1,30
130,1004,17.3,21.9,12.9,30
130,1005,17.1,21.8,12.8,30
130,1006,17.0,21.7,12.6,30
130,1007,16.8,21.6,12.4,30
130,1008,16.6,21.5,12.1,30
130,1009,16.4,21.3,11.8,30
130,1010,16.2,21.2,11.6,30
130,1011,16.0,21.0,11.3,30
130,1012,15.9,20.9,11.2,30
130,1013,15.8,20.8,11.1,30
130,1014,15.7,20.7,10.9,30
130,1015,15.5,20.5,10.8,30
130,1016,15.3,20.3,10.5,30
130,1017,15.1,20.1,10.3,30
130,1018,14.9,19.9,10.1,30
130,1019,14.6,19.7,9.8,30
130,1020,14.4,19.5,9.6,30
130,1021,14.2,19.4,9.3,30
130,1022,14.0,19.2,9.1,30
130,1023,13.8,18.9,8.9,30
130,1024,13.6,18.7,8.7,30
130,1025,13.4,18.5,8.5,30
130,1026,13.2,18.3,8.3,30
130,1027,13.0,18.2,8.0,30
130,1028,12.8,18.1,7.7,30
130,1029,12.7,18.0,7.5,30
130,1030,12.6,17.9,7.4,30
130,1031,12.6,17.9,7.3,30
130,1101,12.4,17.7,7.2,30
130,1102,12.2,17.4,7.0,30
130,1103,12.0,17.3,6.9,30
130,1104,11.9,17.1,6.8,30
130,1105,11.7,16.8,6.7,30
130,1106,11.6,16.7,6.6,30
130,1107,11.4,16.5,6.5,30
130,1108,11.2,16.4,6.3,30
130,1109,11.0,16.2,6.0,30
130,1110,10.8,15.9,5.9,30
130,1111,10.5,15.6,5.6,30
130,1112,10.3,15.3,5.4,30
130,1113,9.9,14.9,5.1,30
130,1114,9.6,14.6,4.8,30
130,1115,9.2,14.3,4.4,30
130,1116,8.9,14.1,4.1,30
130,1117,8.7,13.9,3.8,30
130,1118,8.5,13.7,3.6,30
130,1119,8.3,13.5,3.3,30
130,1120,8.0,13.4,3.1,30
130,1121,7.8,13.1,2.9,30
130,1122,7.6,12.9,2.7,30
130,1123,7.4,12.7,2.6,30
130,1124,7.3,12.6,2.4,30
130,1125,7.1,12.4,2.3,30
130,1126,7.0,12.2,2.1,30
130,1127,6.8,12.0,2.0,30
130,1128,6.6,11.9,1.8,30
130,1129,6.4,11.6,1.7,30
130,1130,6.2,11.4,1.5,30
130,1201,5.9,11.1,1.3,30
130,1202,5.7,11.0,1.1,30
130,1203,5.5,10.8,1.0,30
130,1204,5.3,10.5,0.8,30
130,1205,5.1,10.3,0.6,30
130,1206,4.9,10.1,0.3,30
130,1207,4.6,9.8,0.0,30
130,1208,4.4,9.6,-0.2,30
130,1209,4.2,9.5,-0.4,30
130,1210,4.0,9.2,-0.6,30
130,1211,3.8,9.0,-0.7,30
130,1212,3.6,8.9,-0.9,30
130,1213,3.6,8.9,-1.0,30
130,1214,3.5,8.8,-1.0,30
130,1215,3.5,8.8,-1.1,30
130,1216,3.5,8.8,-1.1,30
130,1217,3.5,8.7,-1.1,30
130,1218,3.3,8.6,-1.2,30
130,1219,3.2,8.5,-1.3,30
130,1220,3.2,8.4,-1.4,30
130,1221,3.1,8.3,-1.5,30
130,1222,3.0,8.3,-1.5,30
130,1223,2.9,8.2,-1.6,30
130,1224,2.8,8.1,-1.7,30
130,1225,2.7,8.0,-1.8,30
130,1226,2.7,8.1,-1.8,30
130,1227,2.7,8.0,-1.8,30
130,1228,2.5,7.8,-1.9,30
130,1229,2.4,7.7,-2.0,30
130,1230,2.2,7.5,-2.2,30
130,1231,2.1,7.4,-2.3,30
131,0101,-1.3,3.6,-5.7,30
131,0102,-1.4,3.5,-5.8,30
131,0103,-1.4,3.4,-5.8,30
131,0104,-1.5,3.4,-5.9,30
131,0105,-1.5,3.4,-5.9,30
131,0106,-1.5,3.3,-5.8,30
131,0107,-1.5,3.2,-5.8,30
131,0108,-1.5,3.3,-5.8,30
131,0109,-1.5,3.3,-5.8,30
131,0110,-1.5,3.2,-5.8,30
131,0111,-1.6,3.2,-5.8,30
131,0112,-1.5,3.2,-5.8,30
131,0113,-1.5,3.3,-5.7,30
131,0114,-1.5,3.2,-5.7,30
131,0115,-1.5,3.2,-5.7,30
131,0116,-1.6,3.1,-5.7,30
131,0117,-1.6,3.1,-5.7,30
131,0118,-1.6,3.1,-5.8,30
131,0119,-1.6,3.1,-5.8,30
131,0120,-1.6,3.1,-5.8,30
131,0121,-1.6,3.2,-5.8,30
131,0122,-1.5,3.3,-5.8,30
131,0123,-1.5,3.4,-5.8,30
131,0124,-1.5,3.4,-5.8,30
131,0125,-1.5,3.4,-5.8,30
131,0126,-1.5,3.5,-5.9,30
131,0127,-1.6,3.5,-6.0,30
131,0128,-1.6,3.5,-6.0,30
131,0129,-1.5,3.6,-6.0,30
131,0130,-1.4,3.8,-6.0,30
131,0131,-1.3,4.0,-6.0,30
131,0201,-1.2,4.1,-5.8,30
131,0202,-1.1,4.1,-5.7,30
131,0203,-1.0,4.3,-5.6,30
131,0204,-0.9,4.4,-5.5,30
131,0205,-0.8,4.5,-5.4,30
131,0206,-0.7,4.7,-5.2,30
131,0207,-0.5,4.9,-5.1,30
131,0208,-0.3,5.1,-4.9,30
131,0209,-0.2,5.2,-4.8,30
131,0210,-0.0,5.3,-4.6,30
131,0211,0.2,5.5,-4.4,30
131,0212,0.3,5.7,-4.3,30
131,0213,0.5,6.0,-4.1,30
131,0214,0.6,6.1,-4.0,30
131,0215,0.8,6.2,-3.8,30
131,0216,1.1,6.5,-3.7,30
131,0217,1.3,6.8,-3.5,30
131,0218,1.5,7.1,-3.3,30
131,0219,1.8,7.3,-3.1,30
131,0220,2.0,7.6,-2.9,30
131,0221,2.2,7.8,-2.7,30
131,0222,2.2,7.8,-2.7,30
131,0223,2.4,8.0,-2.6,30
131,0224,2.6,8.2,-2.4,30
131,0225,2.8,8.5,-2.2,30
131,0226,3.1,8.8,-2.0,30
131,0227,3.3,9.1,-1.7,30
131,0228,3.5,9.2,-1.5,30
131,0229,3.7,9.4,-1.3,0
131,0301,3.8,9.5,-1.2,30
131,0302,4.0,9.8,-1.1,30
131,0303,4.1,9.8,-0.9,30
131,0304,4.2,10.0,-0.8,30
131,0305,4.3,10.1,-0.7,30
131,0306,4.5,10.3,-0.7,30
131,0307,4.6,10.5,-0.6,30
131,0308,4.7,10.7,-0.5,30
131,0309,4.9,10.9,-0.3,30
131,0310,5.2,11.2,-0.1,30
131,0311,5.4,11.4,0.1,30
131,0312,5.7,11.7,0.3,30
131,0313,5.9,12.0,0.5,30
131,0314,6.1,12.2,0.6,30
131,0315,6.4,12.5,0.8,30
131,0316,6.6,12.7,1.0,30
131,0317,6.7,12.8,1.2,30
131,0318,6.9,13.0,1.4,30
131,0319,7.1,13.3,1.6,30
131,0320,7.3,13.5,1.8,30
131,0321,7.5,13.7,2.0,30
131,0322,7.8,14.0,2.2,30
131,0323,7.9,14.2,2.4,30
131,0324,8.1,14.4,2.5,30
131,0325,8.3,14.5,2.7,30
131,0326,8.4,14.7,2.8,30
131,0327,8.6,14.8,3.0,30
131,0328,8.7,15.1,3.1,30
131,0329,8.9,15.3,3.3,30
131,0330,9.2,15.6,3.4,30
131,0331,9.4,15.9,3.7,30
131,0401,9.8,16.3,3.9,30
131,0402,10.1,16.6,4.2,30
131,0403,10.4,16.9,4.5,30
131,0404,10.6,17.1,4.7,30
131,0405,10.8,17.3,4.9,30
131,0406,11.0,17.4,5.1,30
131,0407,11.2,17.7,5.3,30
131,0408,11.4,18.0,5.4,30
131,0409,11.7,18.3,5.6,30
131,0410,11.9,18.6,5.8,30
131,0411,12.2,18.9,6.1,30
131,0412,12.4,19.1,6.3,30
131,0413,12.6,19.2,6.6,30
131,0414,12.9,19.5,6.8,30
131,0415,13.1,19.6,7.0,30
131,0416,13.3,19.8,7.2,30
131,0417,13.4,19.9,7.4,30
131,0418,13.6,20.1,7.5,30
131,0419,13.7,20.3,7.6,30
131,0420,13.9,20.5,7.7,30
131,0421,14.1,20.8,7.9,30
131,0422,14.3,21.0,8.1,30
131,0423,14.6,21.2,8.5,30
131,0424,14.9,21.3,8.8,30
131,0425,15.1,21.6,9.1,30
131,0426,15.3,21.8,9.3,30
131,0427,15.5,22.0,9.5,30
131,0428,15.8,22.3,9.7,30
131,0429,15.9,22.4,9.9,30
131,0430,16.2,22.7,10.1,30
131,0501,16.4,22.9,10.3,30
131,0502,16.6,23.1,10.5,30
131,0503,16.8,23.2,10.8,30
131,0504,17.0,23.4,11.0,30
131,0505,17.1,23.5,11.3,30
131,0506,17.3,23.6,11.5,30
131,0507,17.5,23.7,11.7,30
131,0508,17.6,23.8,11.8,30
131,0509,17.6,23.8,12.0,30
131,0510,17.7,23.8,12.0,30
131,0511,17.8,24.0,12.2,30
131,0512,17.9,24.0,12.3,30
131,0513,18.0,24.0,12.5,30
131,0514,18.1,24.2,12.6,30
131,0515,18.3,24.4,12.8,30
131,0516,18.5,24.5,13.0,30
131,0517,18.6,24.6,13.1,30
131,0518,18.8,24.8,13.4,30
131,0519,19.0,25.0,13.6,30
131,0520,19.2,25.2,13.7,30
131,0521,19.4,25.4,13.9,30
131,0522,19.6,25.5,14.1,30
131,0523,19.7,25.7,14.2,30
131,0524,19.9,25.9,14.3,30
131,0525,20.1,26.1,14.4,30
131,0526,20.2,26.2,14.6,30
131,0527,20.4,26.4,14.8,30
131,0528,20.6,26.5,15.0,30
131,0529,20.7,26.6,15.3,30
131,0530,20.9,26.7,15.5,30
131,0531,21.0,26.8,15.6,30
131,0601,21.2,26.9,15.8,30
131,0602,21.3,27.1,16.0,30
131,0603,21.5,27.3,16.2,30
131,0604,21.7,27.4,16.5,30
131,0605,21.8,27.5,16.7,30
131,0606,22.0,27.6,16.9,30
131,0607,22.1,27.7,17.0,30
131,0608,22.2,27.8,17.3,30
131,0609,22.4,27.9,17.4,30
131,0610,22.5,28.0,17.6,30
131,0611,22.7,28.2,17.8,30
131,0612,22.8,28.2,18.0,30
131,0613,22.9,28.3,18.1,30
131,0614,23.0,28.3,18.3,30
131,0615,23.1,28.4,18.5,30
131,0616,23.2,28.5,18.6,30
131,0617,23.2,28.4,18.7,30
131,0618,23.2,28.4,18.8,30
131,0619,23.3,28.4,18.9,30
131,0620,23.4,28.5,19.1,30
131,0621,23.5,28.5,19.2,30
131,0622,23.6,28.6,19.3,30
131,0623,23.7,28.6,19.6,30
131,0624,23.8,28.5,19.8,30
131,0625,23.8,28.5,20.0,30
131,0626,23.9,28.5,20.1,30
131,0627,24.0,28.6,20.3,30
131,0628,24.1,28.7,20.4,30
131,0629,24.2,28.7,20.5,30
131,0630,24.3,28.7,20.6,30
131,0701,24.3,28.8,20.7,30
131,0702,24.5,28.8,20.8,30
131,0703,24.6,28.9,21.0,30
131,0704,24.7,29.0,21.1,30
131,0705,24.7,29.0,21.2,30
131,0706,24.8,29.0,21.3,30
131,0707,24.9,29.1,21.5,30
131,0708,25.0,29.2,21.5,30
131,0709,25.0,29.3,21.6,30
131,0710,25.0,29.2,21.6,30
131,0711,25.1,29.4,21.7,30
131,0712,25.2,29.4,21.7,30
131,0713,25.4,29.6,21.9,30
131,0714,25.5,29.6,22.0,30
131,0715,25.6,29.8,22.2,30
131,0716,25.7,29.9,22.3,30
131,0717,25.8,30.0,22.4,30
131,0718,25.9,30.1,22.6,30
131,0719,26.1,30.2,22.7,30
131,0720,26.2,30.4,22.8,30
131,0721,26.3,30.6,22.9,30
131,0722,26.4,30.7,23.0,30
131,0723,26.6,30.8,23.1,30
131,0724,26.7,31.0,23.2,30
131,0725,26.9,31.2,23.4,30
131,0726,27.0,31.3,23.5,30
131,0727,27.1,31.4,23.6,30
131,0728,27.1,31.5,23.6,30
131,0729,27.2,31.6,23.7,30
131,0730,27.2,31.6,23.7,30
131,0731,27.3,31.7,23.7,30
131,0801,27.3,31.8,23.8,30
131,0802,27.3,31.8,23.8,30
131,0803,27.3,31.8,23.8,30
131,0804,27.3,31.7,23.8,30
131,0805,27.3,31.7,23.7,30
131,0806,27.3,31.7,23.7,30
131,0807,27.2,31.7,23.7,30
131,0808,27.2,31.6,23.6,30
131,0809,27.1,31.5,23.6,30
131,0810,27.0,31.4,23.5,30
131,0811,26.9,31.3,23.4,30
131,0812,26.9,31.3,23.3,30
131,0813,26.7,31.1,23.2,30
131,0814,26.6,31.0,23.1,30
131,0815,26.5,31.0,23.0,30
131,0816,26.4,30.8,22.9,30
131,0817,26.3,30.7,22.8,30
131,0818,26.1,30.5,22.6,30
131,0819,26.0,30.4,22.5,30
131,0820,25.8,30.2,22.3,30
131,0821,25.7,30.1,22.2,30
131,0822,25.5,30.0,21.9,30
131,0823,25.4,29.8,21.8,30
131,0824,25.2,29.6,21.6,30
131,0825,25.1,29.6,21.4,30
131,0826,24.9,29.4,21.2,30
131,0827,24.8,29.3,21.0,30
131,0828,24.6,29.2,20.9,30
131,0829,24.4,29.0,20.7,30
131,0830,24.2,28.8,20.5,30
131,0831,24.1,28.7,20.2,30
131,0901,23.9,28.6,20.1,30
131,0902,23.8,28.5,19.9,30
131,0903,23.6,28.4,19.7,30
131,0904,23.5,28.3,19.5,30
131,0905,23.3,28.1,19.3,30
131,0906,23.1,27.9,19.1,30
131,0907,22.9,27.8,18.9,30
131,0908,22.8,27.7,18.7,30
131,0909,22.6,27.4,18.5,30
131,0910,22.4,27.3,18.3,30
131,0911,22.2,27.2,18.1,30
131,0912,22.0,27.0,17.9,30
131,0913,21.8,26.8,17.6,30
131,0914,21.6,26.7,17.4,30
131,0915,21.4,26.5,17.1,30
131,0916,21.2,26.3,16.8,30
131,0917,21.0,26.2,16.6,30
131,0918,20.8,26.0,16.4,30
131,0919,20.6,25.9,16.1,30
131,0920,20.4,25.8,15.9,30
131,0921,20.3,25.6,15.6,30
131,0922,20.1,25.4,15.4,30
131,0923,19.8,25.2,15.2,30
131,0924,19.6,25.0,14.9,30
131,0925,19.4,24.8,14.6,30
131,0926,19.1,24.6,14.4,30
131,0927,18.9,24.4,14.2,30
131,0928,18.6,24.2,13.9,30
131,0929,18.4,24.0,13.7,30
131,0930,18.3,23.9,13.5,30
131,1001,18.1,23.7,13.3,30
131,1002,17.9,23.6,13.0,30
131,1003,17.7,23.4,12.8,30
131,1004,17.5,23.2,12.5,30
131,1005,17.2,23.0,12.3,30
131,1006,17.0,22.8,12.0,30
131,1007,16.7,22.6,11.7,30
131,1008,16.5,22.4,11.4,30
131,1009,16.2,22.2,11.1,30
131,1010,16.0,22.0,10.8,30
131,1011,15.7,21.9,10.5,30
131,1012,15.6,21.7,10.3,30
131,1013,15.4,21.6,10.1,30
131,1014,15.2,21.5,9.9,30
131,1015,15.0,21.3,9.7,30
131,1016,14.8,21.0,9.5,30
131,1017,14.6,20.8,9.3,30
131,1018,14.3,20.5,9.0,30
131,1019,14.1,20.3,8.7,30
131,1020,13.8,20.1,8.4,30
131,1021,13.6,19.8,8.2,30
131,1022,13.3,19.6,8.0,30
131,1023,13.1,19.3,7.7,30
131,1024,12.8,19.0,7.5,30
131,1025,12.6,18.7,7.2,30
131,1026,12.3,18.4,7.0,30
131,1027,12.0,18.1,6.7,30
131,1028,11.7,17.9,6.4,30
131,1029,11.5,17.7,6.1,30
131,1030,11.3,17.5,6.0,30
131,1031,11.1,17.3,5.8,30
131,1101,10.9,17.1,5.6,30
131,1102,10.7,16.8,5.5,30
131,1103,10.6,16.6,5.4,30
131,1104,10.4,16.4,5.3,30
131,1105,10.2,16.1,5.1,30
131,1106,10.0,15.9,4.9,30
131,1107,9.9,15.7,4.8,30
131,1108,9.7,15.4,4.6,30
131,1109,9.4,15.2,4.4,30
131,1110,9.2,14.9,4.2,30
131,1111,8.9,14.5,3.9,30
131,1112,8.6,14.1,3.7,30
131,1113,8.2,13.7,3.4,30
131,1114,7.8,13.2,3.0,30
131,1115,7.5,12.8,2.7,30
131,1116,7.2,12.6,2.4,30
131,1117,6.9,12.3,2.1,30
131,1118,6.6,12.0,1.8,30
131,1119,6.3,11.7,1.5,30
131,1120,6.0,11.3,1.2,30
131,1121,5.7,11.0,1.0,30
131,1122,5.5,10.8,0.9,30
131,1123,5.2,10.6,0.6,30
131,1124,5.1,10.4,0.5,30
131,1125,4.8,10.1,0.3,30
131,1126,4.6,9.9,0.1,30
131,1127,4.4,9.6,-0.1,30
131,1128,4.1,9.3,-0.4,30
131,1129,3.9,9.0,-0.6,30
131,1130,3.6,8.7,-0.7,30
131,1201,3.4,8.4,-0.9,30
131,1202,3.1,8.1,-1.2,30
131,1203,2.9,7.8,-1.4,30
131,1204,2.6,7.5,-1.6,30
131,1205,2.4,7.3,-1.9,30
131,1206,2.1,7.0,-2.1,30
131,1207,1.8,6.7,-2.5,30
131,1208,1.6,6.4,-2.7,30
131,1209,1.3,6.1,-2.9,30
131,1210,1.1,5.8,-3.1,30
131,1211,0.9,5.6,-3.3,30
131,1212,0.8,5.5,-3.4,30
131,1213,0.7,5.4,-3.5,30
131,1214,0.7,5.4,-3.6,30
131,1215,0.6,5.4,-3.7,30
131,1216,0.6,5.4,-3.7,30
131,1217,0.5,5.3,-3.7,30
131,1218,0.4,5.2,-3.8,30
131,1219,0.2,5.1,-4.0,30
131,1220,0.1,5.0,-4.1,30
131,1221,-0.0,4.8,-4.3,30
131,1222,-0.1,4.8,-4.4,30
131,1223,-0.3,4.6,-4.6,30
131,1224,-0.4,4.5,-4.7,30
131,1225,-0.5,4.5,-4.8,30
131,1226,-0.5,4.5,-4.9,30
131,1227,-0.5,4.4,-4.9,30
131,1228,-0.7,4.3,-5.0,30
131,1229,-0.8,4.1,-5.2,30
131,1230,-1.0,3.9,-5.3,30
131,1231,-1.2,3.7,-5.5,30
133,0101,-0.8,4.4,-5.3,30
133,0102,-0.9,4.3,-5.4,30
133,0103,-1.0,4.2,-5.4,30
133,0104,-1.0,4.2,-5.5,30
133,0105,-1.0,4.1,-5.5,30
133,0106,-1.0,4.1,-5.5,30
133,0107,-1.1,4.0,-5.4,30
133,0108,-1.1,4.0,-5.4,30
133,0109,-1.1,4.0,-5.4,30
133,0110,-1.1,4.0,-5.4,30
133,0111,-1.1,3.9,-5.4,30
133,0112,-1.1,3.9,-5.4,30
133,0113,-1.0,4.0,-5.3,30
133,0114,-1.1,3.9,-5.3,30
133,0115,-1.1,3.9,-5.2,30
133,0116,-1.1,3.8,-5.3,30
133,0117,-1.2,3.8,-5.4,30
133,0118,-1.2,3.8,-5.4,30
133,0119,-1.2,3.8,-5.4,30
133,0120,-1.2,3.8,-5.4,30
133,0121,-1.1,3.9,-5.5,30
133,0122,-1.1,4.0,-5.5,30
133,0123,-1.0,4.0,-5.4,30
133,0124,-1.0,4.1,-5.5,30
133,0125,-1.1,4.1,-5.5,30
133,0126,-1.1,4.1,-5.6,30
133,0127,-1.1,4.1,-5.6,30
133,0128,-1.1,4.1,-5.7,30
133,0129,-1.1,4.2,-5.7,30
133,0130,-1.0,4.4,-5.7,30
133,0131,-0.8,4.6,-5.6,30
133,0201,-0.7,4.7,-5.5,30
133,0202,-0.7,4.8,-5.4,30
133,0203,-0.6,4.9,-5.3,30
133,0204,-0.4,5.0,-5.2,30
133,0205,-0.3,5.1,-5.0,30
133,0206,-0.2,5.3,-4.9,30
133,0207,-0.0,5.5,-4.8,30
133,0208,0.2,5.7,-4.6,30
133,0209,0.3,5.8,-4.4,30
133,0210,0.5,5.9,-4.3,30
133,0211,0.6,6.1,-4.1,30
133,0212,0.8,6.3,-4.0,30
133,0213,1.0,6.5,-3.9,30
133,0214,1.1,6.6,-3.8,30
133,0215,1.2,6.8,-3.6,30
133,0216,1.4,7.0,-3.4,30
133,0217,1.7,7.4,-3.3,30
133,0218,1.9,7.6,-3.1,30
133,0219,2.1,7.8,-2.9,30
133,0220,2.3,8.1,-2.8,30
133,0221,2.5,8.2,-2.5,30
133,0222,2.5,8.3,-2.5,30
133,0223,2.7,8.4,-2.4,30
133,0224,2.8,8.6,-2.2,30
133,0225,3.1,8.9,-2.1,30
133,0226,3.3,9.2,-1.8,30
133,0227,3.6,9.4,-1.6,30
133,0228,3.7,9.5,-1.4,30
133,0229,3.9,9.7,-1.2,0
133,0301,4.0,9.8,-1.1,30
133,0302,4.2,10.1,-0.9,30
133,0303,4.3,10.1,-0.7,30
133,0304,4.4,10.2,-0.7,30
133,0305,4.5,10.4,-0.7,30
133,0306,4.7,10.6,-0.6,30
133,0307,4.8,10.8,-0.5,30
133,0308,4.9,11.0,-0.4,30
133,0309,5.1,11.2,-0.2,30
133,0310,5.4,11.5,-0.1,30
133,0311,5.6,11.7,0.2,30
133,0312,5.8,12.0,0.3,30
133,0313,6.1,12.2,0.5,30
133,0314,6.3,12.5,0.7,30
133,0315,6.5,12.7,0.9,30
133,0316,6.7,12.9,1.1,30
133,0317,6.8,13.0,1.2,30
133,0318,7.0,13.2,1.4,30
133,0319,7.2,13.4,1.6,30
133,0320,7.5,13.7,1.8,30
133,0321,7.6,13.9,2.0,30
133,0322,7.9,14.1,2.2,30
133,0323,8.0,14.2,2.4,30
133,0324,8.2,14.5,2.5,30
133,0325,8.4,14.6,2.7,30
133,0326,8.5,14.8,2.8,30
133,0327,8.6,14.9,2.9,30
133,0328,8.8,15.1,3.1,30
133,0329,9.0,15.4,3.2,30
133,0330,9.2,15.6,3.4,30
133,0331,9.5,15.9,3.6,30
133,0401,9.8,16.3,3.9,30
133,0402,10.2,16.6,4.2,30
133,0403,10.4,16.8,4.4,30
133,0404,10.6,17.0,4.7,30
133,0405,10.8,17.2,4.9,30
133,0406,11.0,17.4,5.1,30
133,0407,11.2,17.6,5.3,30
133,0408,11.4,17.9,5.5,30
133,0409,11.7,18.2,5.6,30
133,0410,11.9,18.4,5.9,30
133,0411,12.2,18.7,6.1,30
133,0412,12.4,18.9,6.3,30
133,0413,12.6,19.0,6.6,30
133,0414,12.8,19.3,6.8,30
133,0415,13.0,19.5,7.0,30
133,0416,13.2,19.6,7.2,30
133,0417,13.3,19.8,7.4,30
133,0418,13.5,19.9,7.4,30
133,0419,13.6,20.1,7.5,30
133,0420,13.8,20.3,7.7,30
133,0421,14.0,20.6,7.8,30
133,0422,14.2,20.7,8.0,30
133,0423,14.5,20.9,8.3,30
133,0424,14.7,21.1,8.7,30
133,0425,15.0,21.4,8.9,30
133,0426,15.2,21.5,9.1,30
133,0427,15.4,21.7,9.3,30
133,0428,15.6,22.0,9.5,30
133,0429,15.8,22.2,9.7,30
133,0430,16.0,22.4,9.9,30
133,0501,16.2,22.6,10.1,30
133,0502,16.4,22.8,10.3,30
133,0503,16.6,22.9,10.6,30
133,0504,16.8,23.1,10.8,30
133,0505,16.9,23.2,11.0,30
133,0506,17.1,23.3,11.3,30
133,0507,17.3,23.5,11.4,30
133,0508,17.4,23.5,11.6,30
133,0509,17.4,23.6,11.7,30
133,0510,17.5,23.6,11.8,30
133,0511,17.6,23.7,11.9,30
133,0512,17.7,23.7,12.1,30
133,0513,17.8,23.7,12.3,30
133,0514,17.9,23.9,12.4,30
133,0515,18.1,24.1,12.5,30
133,0516,18.3,24.2,12.7,30
133,0517,18.4,24.4,12.8,30
133,0518,18.6,24.6,13.0,30
133,0519,18.8,24.7,13.3,30
133,0520,19.0,24.9,13.4,30
133,0521,19.1,25.1,13.5,30
133,0522,19.3,25.2,13.7,30
133,0523,19.4,25.4,13.8,30
133,0524,19.6,25.6,13.9,30
133,0525,19.8,25.8,14.1,30
133,0526,19.9,25.9,14.2,30
133,0527,20.1,26.1,14.4,30
133,0528,20.3,26.2,14.6,30
133,0529,20.5,26.4,14.8,30
133,0530,20.6,26.5,15.0,30
133,0531,20.7,26.6,15.2,30
133,0601,20.9,26.7,15.4,30
133,0602,21.1,26.9,15.6,30
133,0603,21.2,27.0,15.8,30
133,0604,21.4,27.2,16.0,30
133,0605,21.6,27.3,16.3,30
133,0606,21.7,27.4,16.4,30
133,0607,21.8,27.5,16.6,30
133,0608,22.0,27.5,16.8,30
133,0609,22.1,27.7,17.0,30
133,0610,22.3,27.8,17.2,30
133,0611,22.4,27.9,17.4,30
133,0612,22.5,28.0,17.6,30
133,0613,22.6,28.0,17.7,30
133,0614,22.7,28.1,17.9,30
133,0615,22.8,28.2,18.1,30
133,0616,22.9,28.2,18.2,30
133,0617,22.9,28.2,18.3,30
133,0618,23.0,28.1,18.4,30
133,0619,23.0,28.1,18.6,30
133,0620,23.1,28.1,18.7,30
133,0621,23.2,28.2,18.9,30
133,0622,23.3,28.3,19.0,30
133,0623,23.5,28.3,19.3,30
133,0624,23.5,28.2,19.5,30
133,0625,23.6,28.1,19.7,30
133,0626,23.6,28.1,19.8,30
133,0627,23.7,28.1,20.0,30
133,0628,23.8,28.2,20.1,30
133,0629,23.9,28.2,20.2,30
133,0630,23.9,28.2,20.3,30
133,0701,24.0,28.2,20.5,30
133,0702,24.1,28.3,20.6,30
133,0703,24.3,28.4,20.8,30
133,0704,24.3,28.4,20.9,30
133,0705,24.4,28.5,21.0,30
133,0706,24.5,28.5,21.2,30
133,0707,24.5,28.5,21.3,30
133,0708,24.6,28.6,21.4,30
133,0709,24.7,28.7,21.4,30
133,0710,24.7,28.7,21.5,30
133,0711,24.8,28.8,21.5,30
133,0712,24.9,28.9,21.6,30
133,0713,25.0,29.1,21.7,30
133,0714,25.1,29.1,21.9,30
133,0715,25.3,29.3,22.0,30
133,0716,25.4,29.4,22.2,30
133,0717,25.5,29.5,22.3,30
133,0718,25.7,29.6,22.5,30
133,0719,25.8,29.8,22.6,30
133,0720,26.0,30.0,22.7,30
133,0721,26.1,30.2,22.8,30
133,0722,26.2,30.3,22.9,30
133,0723,26.4,30.4,23.0,30
133,0724,26.5,30.6,23.2,30
133,0725,26.7,30.8,23.3,30
133,0726,26.8,31.0,23.5,30
133,0727,26.9,31.0,23.6,30
133,0728,26.9,31.1,23.6,30
133,0729,27.0,31.2,23.6,30
133,0730,27.1,31.3,23.7,30
133,0731,27.1,31.3,23.7,30
133,0801,27.1,31.4,23.7,30
133,0802,27.1,31.4,23.7,30
133,0803,27.1,31.4,23.7,30
133,0804,27.1,31.4,23.7,30
133,0805,27.1,31.3,23.7,30
133,0806,27.1,31.3,23.6,30
133,0807,27.0,31.3,23.6,30
133,0808,27.0,31.2,23.5,30
133,0809,26.9,31.1,23.4,30
133,0810,26.8,31.1,23.3,30
133,0811,26.7,31.0,23.3,30
133,0812,26.7,31.0,23.2,30
133,0813,26.6,30.8,23.1,30
133,0814,26.5,30.7,23.0,30
133,0815,26.3,30.6,22.9,30
133,0816,26.2,30.5,22.8,30
133,0817,26.1,30.4,22.7,30
133,0818,26.0,30.2,22.6,30
133,0819,25.8,30.1,22.4,30
133,0820,25.7,29.9,22.2,30
133,0821,25.5,29.8,22.1,30
133,0822,25.4,29.7,21.9,30
133,0823,25.2,29.5,21.8,30
133,0824,25.0,29.4,21.6,30
133,0825,24.9,29.3,21.4,30
133,0826,24.8,29.1,21.2,30
133,0827,24.6,29.0,21.0,30
133,0828,24.4,28.9,20.8,30
133,0829,24.3,28.7,20.7,30
133,0830,24.1,28.5,20.5,30
133,0831,23.9,28.4,20.2,30
133,0901,23.8,28.3,20.0,30
133,0902,23.6,28.2,19.8,30
133,0903,23.5,28.1,19.6,30
133,0904,23.3,28.0,19.5,30
133,0905,23.1,27.8,19.3,30
133,0906,22.9,27.6,19.1,30
133,0907,22.8,27.5,18.9,30
133,0908,22.7,27.4,18.7,30
133,0909,22.4,27.2,18.5,30
133,0910,22.3,27.1,18.3,30
133,0911,22.1,27.0,18.1,30
133,0912,21.9,26.8,17.8,30
133,0913,21.7,26.6,17.6,30
133,0914,21.5,26.5,17.3,30
133,0915,21.3,26.4,17.1,30
133,0916,21.1,26.2,16.8,30
133,0917,20.9,26.0,16.6,30
133,0918,20.7,25.9,16.4,30
133,0919,20.6,25.8,16.1,30
133,0920,20.4,25.7,15.9,30
133,0921,20.2,25.5,15.6,30
133,0922,20.0,25.4,15.4,30
133,0923,19.8,25.1,15.2,30
133,0924,19.6,25.0,15.0,30
133,0925,19.3,24.8,14.7,30
133,0926,19.1,24.6,14.4,30
133,0927,18.8,24.3,14.2,30
133,0928,18.6,24.1,13.9,30
133,0929,18.4,24.0,13.7,30
133,0930,18.2,23.8,13.5,30
133,1001,18.0,23.7,13.3,30
133,1002,17.8,23.6,13.0,30
133,1003,17.6,23.4,12.8,30
133,1004,17.4,23.2,12.5,30
133,1005,17.2,23.0,12.3,30
133,1006,16.9,22.8,12.0,30
133,1007,16.7,22.6,11.7,30
133,1008,16.4,22.4,11.3,30
133,1009,16.1,22.2,11.0,30
133,1010,15.9,22.0,10.8,30
133,1011,15.7,21.8,10.5,30
133,1012,15.5,21.7,10.3,30
133,1013,15.3,21.6,10.1,30
133,1014,15.2,21.5,9.9,30
133,1015,15.0,21.3,9.7,30
133,1016,14.8,21.0,9.5,30
133,1017,14.6,20.8,9.3,30
133,1018,14.3,20.6,9.0,30
133,1019,14.0,20.4,8.8,30
133,1020,13.8,20.1,8.5,30
133,1021,13.6,19.9,8.3,30
133,1022,13.3,19.7,8.0,30
133,1023,13.1,19.4,7.8,30
133,1024,12.8,19.2,7.5,30
133,1025,12.6,18.9,7.3,30
133,1026,12.3,18.6,7.1,30
133,1027,12.0,18.3,6.8,30
133,1028,11.8,18.1,6.5,30
133,1029,11.5,17.9,6.2,30
133,1030,11.4,17.8,6.0,30
133,1031,11.2,17.6,5.9,30
133,1101,11.0,17.4,5.7,30
133,1102,10.8,17.1,5.5,30
133,1103,10.7,16.9,5.4,30
133,1104,10.5,16.7,5.4,30
133,1105,10.4,16.5,5.2,30
133,1106,10.2,16.3,5.0,30
133,1107,10.0,16.0,4.9,30
133,1108,9.8,15.8,4.8,30
133,1109,9.6,15.6,4.5,30
133,1110,9.4,15.3,4.3,30
133,1111,9.1,14.9,4.1,30
133,1112,8.8,14.5,3.9,30
133,1113,8.5,14.1,3.6,30
133,1114,8.1,13.7,3.2,30
133,1115,7.7,13.3,2.9,30
133,1116,7.4,13.0,2.6,30
133,1117,7.2,12.8,2.3,30
133,1118,6.9,12.5,2.0,30
133,1119,6.6,12.2,1.7,30
133,1120,6.3,11.8,1.5,30
133,1121,6.0,11.6,1.3,30
133,1122,5.8,11.3,1.0,30
133,1123,5.6,11.1,0.8,30
133,1124,5.4,10.9,0.7,30
133,1125,5.2,10.7,0.5,30
133,1126,5.0,10.5,0.2,30
133,1127,4.7,10.2,0.0,30
133,1128,4.5,9.9,-0.2,30
133,1129,4.2,9.6,-0.4,30
133,1130,4.0,9.4,-0.5,30
133,1201,3.7,9.0,-0.7,30
133,1202,3.5,8.7,-1.0,30
133,1203,3.2,8.5,-1.2,30
133,1204,3.0,8.2,-1.4,30
133,1205,2.8,8.0,-1.7,30
133,1206,2.5,7.7,-1.9,30
133,1207,2.3,7.4,-2.2,30
133,1208,2.0,7.1,-2.5,30
133,1209,1.8,6.9,-2.7,30
133,1210,1.5,6.6,-2.9,30
133,1211,1.4,6.4,-3.1,30
133,1212,1.2,6.3,-3.2,30
133,1213,1.2,6.2,-3.3,30
133,1214,1.1,6.2,-3.3,30
133,1215,1.1,6.2,-3.4,30
133,1216,1.1,6.2,-3.4,30
133,1217,1.0,6.1,-3.4,30
133,1218,0.9,6.0,-3.6,30
133,1219,0.7,5.9,-3.7,30
133,1220,0.6,5.8,-3.8,30
133,1221,0.5,5.7,-3.9,30
133,1222,0.4,5.6,-4.0,30
133,1223,0.2,5.5,-4.2,30
133,1224,0.1,5.3,-4.3,30
133,1225,0.0,5.3,-4.5,30
133,1226,0.0,5.3,-4.5,30
133,1227,-0.0,5.3,-4.5,30
133,1228,-0.2,5.1,-4.7,30
133,1229,-0.3,4.9,-4.9,30
133,1230,-0.5,4.8,-5.0,30
133,1231,-0.7,4.6,-5.2,30
135,0101,-1.5,3.3,-6.0,30
135,0102,-1.6,3.2,-6.0,30
135,0103,-1.6,3.1,-6.1,30
135,0104,-1.7,3.1,-6.1,30
135,0105,-1.7,3.0,-6.1,30
135,0106,-1.7,3.0,-6.0,30
135,0107,-1.7,2.9,-6.0,30
135,0108,-1.7,2.9,-6.0,30
135,0109,-1.8,2.9,-6.1,30
135,0110,-1.8,2.8,-6.1,30
135,0111,-1.8,2.8,-6.1,30
135,0112,-1.8,2.8,-6.1,30
135,0113,-1.8,2.8,-6.0,30
135,0114,-1.8,2.8,-6.0,30
135,0115,-1.8,2.8,-6.0,30
135,0116,-1.9,2.7,-6.0,30
135,0117,-1.9,2.7,-6.1,30
135,0118,-2.0,2.7,-6.1,30
135,0119,-2.0,2.7,-6.1,30
135,0120,-2.0,2.7,-6.1,30
135,0121,-1.9,2.8,-6.2,30
135,0122,-1.9,2.8,-6.2,30
135,0123,-1.8,2.9,-6.1,30
135,0124,-1.8,2.9,-6.1,30
135,0125,-1.8,3.0,-6.1,30
135,0126,-1.9,2.9,-6.2,30
135,0127,-1.9,3.0,-6.2,30
135,0128,-1.9,3.0,-6.3,30
135,0129,-1.8,3.1,-6.3,30
135,0130,-1.7,3.3,-6.3,30
135,0131,-1.6,3.6,-6.3,30
135,0201,-1.4,3.7,-6.2,30
135,0202,-1.4,3.8,-6.1,30
135,0203,-1.3,3.9,-6.0,30
135,0204,-1.2,4.0,-5.9,30
135,0205,-1.1,4.1,-5.8,30
135,0206,-0.9,4.3,-5.7,30
135,0207,-0.7,4.6,-5.6,30
135,0208,-0.6,4.8,-5.4,30
135,0209,-0.4,4.9,-5.3,30
135,0210,-0.3,5.0,-5.1,30
135,0211,-0.2,5.1,-5.0,30
135,0212,-0.0,5.3,-4.9,30
135,0213,0.1,5.5,-4.8,30
135,0214,0.2,5.6,-4.7,30
135,0215,0.3,5.7,-4.6,30
135,0216,0.5,5.9,-4.5,30
135,0217,0.7,6.3,-4.4,30
135,0218,0.9,6.5,-4.2,30
135,0219,1.1,6.7,-4.0,30
135,0220,1.3,7.0,-3.8,30
135,0221,1.5,7.2,-3.6,30
135,0222,1.5,7.1,-3.6,30
135,0223,1.6,7.3,-3.5,30
135,0224,1.8,7.5,-3.3,30
135,0225,2.0,7.8,-3.2,30
135,0226,2.3,8.1,-3.0,30
135,0227,2.5,8.3,-2.7,30
135,0228,2.7,8.4,-2.6,30
135,0229,2.8,8.5,-2.4,0
135,0301,3.0,8.7,-2.2,30
135,0302,3.2,8.9,-2.1,30
135,0303,3.3,9.0,-1.9,30
135,0304,3.4,9.1,-1.9,30
135,0305,3.5,9.4,-1.8,30
135,0306,3.7,9.6,-1.7,30
135,0307,3.8,9.8,-1.7,30
135,0308,4.0,10.0,-1.6,30
135,0309,4.1,10.2,-1.5,30
135,0310,4.4,10.5,-1.4,30
135,0311,4.6,10.8,-1.2,30
135,0312,4.8,11.1,-1.0,30
135,0313,5.1,11.4,-0.8,30
135,0314,5.3,11.6,-0.7,30
135,0315,5.5,11.9,-0.5,30
135,0316,5.7,12.1,-0.3,30
135,0317,5.8,12.2,-0.2,30
135,0318,6.0,12.4,-0.1,30
135,0319,6.2,12.7,0.1,30
135,0320,6.4,12.9,0.3,30
135,0321,6.7,13.1,0.5,30
135,0322,6.9,13.3,0.7,30
135,0323,7.0,13.5,0.9,30
135,0324,7.2,13.7,1.0,30
135,0325,7.4,13.9,1.2,30
135,0326,7.6,14.0,1.4,30
135,0327,7.7,14.2,1.5,30
135,0328,7.9,14.3,1.6,30
135,0329,8.1,14.6,1.8,30
135,0330,8.3,14.9,1.9,30
135,0331,8.6,15.1,2.2,30
135,0401,8.9,15.5,2.4,30
135,0402,9.2,15.8,2.7,30
135,0403,9.5,16.0,2.9,30
135,0404,9.6,16.2,3.1,30
135,0405,9.8,16.3,3.4,30
135,0406,10.0,16.5,3.5,30
135,0407,10.2,16.7,3.7,30
135,0408,10.5,17.0,3.9,30
135,0409,10.7,17.3,4.1,30
135,0410,10.9,17.6,4.2,30
135,0411,11.2,17.9,4.4,30
135,0412,11.4,18.1,4.7,30
135,0413,11.6,18.2,4.9,30
135,0414,11.8,18.5,5.1,30
135,0415,12.0,18.7,5.3,30
135,0416,12.2,18.8,5.6,30
135,0417,12.4,19.0,5.7,30
135,0418,12.5,19.3,5.8,30
135,0419,12.7,19.5,5.9,30
135,0420,12.9,19.7,6.0,30
135,0421,13.1,20.0,6.2,30
135,0422,13.3,20.2,6.4,30
135,0423,13.5,20.4,6.7,30
135,0424,13.7,20.5,7.0,30
135,0425,13.9,20.7,7.2,30
135,0426,14.1,20.8,7.5,30
135,0427,14.3,21.1,7.7,30
135,0428,14.6,21.3,7.9,30
135,0429,14.7,21.5,8.0,30
135,0430,14.9,21.6,8.2,30
135,0501,15.1,21.9,8.3,30
135,0502,15.3,22.1,8.5,30
135,0503,15.4,22.2,8.8,30
135,0504,15.6,22.3,8.9,30
135,0505,15.7,22.4,9.1,30
135,0506,15.9,22.5,9.4,30
135,0507,16.0,22.7,9.5,30
135,0508,16.1,22.7,9.6,30
135,0509,16.2,22.7,9.7,30
135,0510,16.2,22.8,9.8,30
135,0511,16.4,22.9,9.9,30
135,0512,16.4,22.9,10.1,30
135,0513,16.5,22.9,10.2,30
135,0514,16.6,23.1,10.3,30
135,0515,16.8,23.3,10.4,30
135,0516,16.9,23.4,10.6,30
135,0517,17.1,23.5,10.8,30
135,0518,17.3,23.7,11.0,30
135,0519,17.5,23.9,11.2,30
135,0520,17.6,24.0,11.3,30
135,0521,17.8,24.2,11.4,30
135,0522,17.9,24.3,11.6,30
135,0523,18.0,24.4,11.7,30
135,0524,18.2,24.7,11.8,30
135,0525,18.3,24.8,11.9,30
135,0526,18.5,25.0,12.1,30
135,0527,18.6,25.1,12.2,30
135,0528,18.8,25.3,12.5,30
135,0529,19.0,25.4,12.7,30
135,0530,19.1,25.5,12.9,30
135,0531,19.2,25.6,13.1,30
135,0601,19.4,25.7,13.3,30
135,0602,19.5,25.8,13.4,30
135,0603,19.6,26.0,13.6,30
135,0604,19.8,26.1,13.9,30
135,0605,20.0,26.2,14.1,30
135,0606,20.0,26.3,14.3,30
135,0607,20.2,26.4,14.5,30
135,0608,20.3,26.4,14.7,30
135,0609,20.5,26.6,14.8,30
135,0610,20.6,26.7,15.1,30
135,0611,20.7,26.8,15.2,30
135,0612,20.8,26.8,15.4,30
135,0613,20.9,26.9,15.5,30
135,0614,21.0,26.9,15.7,30
135,0615,21.1,27.0,15.9,30
135,0616,21.2,27.0,16.1,30
135,0617,21.3,27.0,16.2,30
135,0618,21.3,27.0,16.3,30
135,0619,21.4,26.9,16.5,30
135,0620,21.5,27.0,16.7,30
135,0621,21.6,27.1,16.9,30
135,0622,21.8,27.2,17.1,30
135,0623,21.9,27.2,17.3,30
135,0624,21.9,27.1,17.5,30
135,0625,22.0,27.1,17.7,30
135,0626,22.2,27.2,18.0,30
135,0627,22.3,27.2,18.1,30
135,0628,22.3,27.2,18.3,30
135,0629,22.4,27.2,18.3,30
135,0630,22.4,27.2,18.4,30
135,0701,22.5,27.2,18.6,30
135,0702,22.6,27.3,18.7,30
135,0703,22.7,27.5,18.9,30
135,0704,22.8,27.5,19.0,30
135,0705,22.9,27.5,19.1,30
135,0706,22.9,27.5,19.2,30
135,0707,23.0,27.5,19.4,30
135,0708,23.0,27.6,19.4,30
135,0709,23.1,27.7,19.5,30
135,0710,23.1,27.7,19.5,30
135,0711,23.2,27.8,19.6,30
135,0712,23.2,27.9,19.6,30
135,0713,23.4,28.0,19.8,30
135,0714,23.5,28.1,19.9,30
135,0715,23.7,28.3,20.1,30
135,0716,23.8,28.4,20.3,30
135,0717,24.0,28.6,20.4,30
135,0718,24.1,28.7,20.5,30
135,0719,24.2,28.9,20.6,30
135,0720,24.3,29.1,20.7,30
135,0721,24.5,29.2,20.8,30
135,0722,24.6,29.4,20.9,30
135,0723,24.7,29.5,21.0,30
135,0724,24.9,29.8,21.1,30
135,0725,25.1,30.0,21.2,30
135,0726,25.2,30.1,21.4,30
135,0727,25.3,30.2,21.5,30
135,0728,25.3,30.3,21.5,30
135,0729,25.4,30.4,21.5,30
135,0730,25.4,30.4,21.5,30
135,0731,25.4,30.5,21.5,30
135,0801,25.4,30.5,21.5,30
135,0802,25.4,30.5,21.5,30
135,0803,25.4,30.4,21.6,30
135,0804,25.3,30.4,21.6,30
135,0805,25.3,30.3,21.5,30
135,0806,25.3,30.3,21.5,30
135,0807,25.2,30.2,21.5,30
135,0808,25.2,30.1,21.4,30
135,0809,25.0,29.9,21.3,30
135,0810,24.9,29.8,21.2,30
135,0811,24.9,29.8,21.1,30
135,0812,24.8,29.6,21.1,30
135,0813,24.7,29.5,21.0,30
135,0814,24.6,29.4,20.9,30
135,0815,24.5,29.3,20.8,30
135,0816,24.4,29.1,20.7,30
135,0817,24.3,29.0,20.6,30
135,0818,24.2,28.9,20.5,30
135,0819,24.0,28.8,20.3,30
135,0820,23.8,28.6,20.1,30
135,0821,23.7,28.5,20.0,30
135,0822,23.6,28.4,19.8,30
135,0823,23.4,28.2,19.7,30
135,0824,23.3,28.1,19.5,30
135,0825,23.1,28.0,19.3,30
135,0826,23.0,27.8,19.2,30
135,0827,22.8,27.7,19.0,30
135,0828,22.7,27.6,18.8,30
135,0829,22.5,27.4,18.6,30
135,0830,22.3,27.3,18.4,30
135,0831,22.1,27.1,18.2,30
135,0901,22.0,27.0,18.0,30
135,0902,21.8,26.9,17.7,30
135,0903,21.7,26.8,17.5,30
135,0904,21.5,26.7,17.3,30
135,0905,21.3,26.5,17.1,30
135,0906,21.1,26.3,17.0,30
135,0907,21.0,26.2,16.7,30
135,0908,20.8,26.1,16.5,30
135,0909,20.6,26.0,16.3,30
135,0910,20.5,25.8,16.1,30
135,0911,20.3,25.7,15.9,30
135,0912,20.1,25.5,15.6,30
135,0913,19.9,25.4,15.3,30
135,0914,19.7,25.3,15.1,30
135,0915,19.4,25.1,14.8,30
135,0916,19.2,24.9,14.5,30
135,0917,19.0,24.7,14.3,30
135,0918,18.8,24.5,14.0,30
135,0919,18.6,24.4,13.8,30
135,0920,18.4,24.3,13.5,30
135,0921,18.2,24.2,13.2,30
135,0922,18.0,24.0,13.0,30
135,0923,17.8,23.8,12.8,30
135,0924,17.6,23.6,12.6,30
135,0925,17.4,23.4,12.3,30
135,0926,17.2,23.2,12.1,30
135,0927,17.0,23.0,11.9,30
135,0928,16.8,22.8,11.7,30
135,0929,16.6,22.7,11.5,30
135,0930,16.4,22.5,11.3,30
135,1001,16.2,22.4,11.1,30
135,1002,16.0,22.3,10.8,30
135,1003,15.9,22.2,10.6,30
135,1004,15.7,22.0,10.4,30
135,1005,15.5,21.8,10.2,30
135,1006,15.3,21.6,10.0,30
135,1007,15.1,21.5,9.7,30
135,1008,14.9,21.4,9.4,30
135,1009,14.6,21.1,9.1,30
135,1010,14.4,21.0,8.8,30
135,1011,14.1,20.8,8.5,30
135,1012,13.9,20.6,8.2,30
135,1013,13.8,20.5,8.0,30
135,1014,13.6,20.4,7.8,30
135,1015,13.4,20.2,7.7,30
135,1016,13.2,20.0,7.4,30
135,1017,13.0,19.7,7.3,30
135,1018,12.8,19.5,7.1,30
135,1019,12.5,19.2,6.8,30
135,1020,12.3,19.0,6.5,30
135,1021,12.1,18.8,6.3,30
135,1022,11.8,18.6,6.1,30
135,1023,11.6,18.3,5.8,30
135,1024,11.4,18.1,5.6,30
135,1025,11.2,17.8,5.4,30
135,1026,10.9,17.5,5.2,30
135,1027,10.7,17.3,5.0,30
135,1028,10.5,17.0,4.7,30
135,1029,10.3,16.9,4.4,30
135,1030,10.1,16.8,4.3,30
135,1031,10.0,16.7,4.1,30
135,1101,9.8,16.4,4.0,30
135,1102,9.6,16.2,3.8,30
135,1103,9.5,16.0,3.7,30
135,1104,9.3,15.8,3.7,30
135,1105,9.1,15.5,3.5,30
135,1106,8.9,15.3,3.3,30
135,1107,8.8,15.1,3.2,30
135,1108,8.6,14.9,3.1,30
135,1109,8.4,14.6,2.9,30
135,1110,8.2,14.4,2.7,30
135,1111,7.9,14.0,2.5,30
135,1112,7.6,13.6,2.3,30
135,1113,7.3,13.1,2.1,30
135,1114,6.9,12.7,1.7,30
135,1115,6.5,12.3,1.4,30
135,1116,6.2,12.0,1.1,30
135,1117,6.0,11.8,0.8,30
135,1118,5.7,11.5,0.5,30
135,1119,5.4,11.2,0.3,30
135,1120,5.1,10.9,0.0,30
135,1121,4.9,10.6,-0.2,30
135,1122,4.6,10.3,-0.4,30
135,1123,4.5,10.2,-0.6,30
135,1124,4.3,10.0,-0.7,30
135,1125,4.1,9.8,-1.0,30
135,1126,3.9,9.5,-1.1,30
135,1127,3.6,9.3,-1.3,30
135,1128,3.4,9.0,-1.5,30
135,1129,3.1,8.7,-1.7,30
135,1130,2.9,8.4,-1.8,30
135,1201,2.7,8.0,-2.1,30
135,1202,2.4,7.7,-2.3,30
135,1203,2.2,7.5,-2.5,30
135,1204,2.0,7.2,-2.7,30
135,1205,1.7,6.9,-2.9,30
135,1206,1.5,6.7,-3.2,30
135,1207,1.2,6.4,-3.4,30
135,1208,1.0,6.0,-3.6,30
135,1209,0.7,5.8,-3.8,30
135,1210,0.6,5.5,-4.0,30
135,1211,0.4,5.3,-4.2,30
135,1212,0.2,5.1,-4.3,30
135,1213,0.2,5.1,-4.4,30
135,1214,0.2,5.1,-4.4,30
135,1215,0.1,5.1,-4.5,30
135,1216,0.1,5.1,-4.4,30
135,1217,0.1,5.0,-4.4,30
135,1218,0.0,4.9,-4.5,30
135,1219,-0.1,4.8,-4.6,30
135,1220,-0.2,4.7,-4.7,30
135,1221,-0.3,4.5,-4.8,30
135,1222,-0.4,4.5,-4.9,30
135,1223,-0.5,4.4,-5.0,30
135,1224,-0.6,4.3,-5.1,30
135,1225,-0.7,4.2,-5.2,30
135,1226,-0.7,4.2,-5.3,30
135,1227,-0.8,4.2,-5.3,30
135,1228,-0.9,4.0,-5.4,30
135,1229,-1.0,3.9,-5.5,30
135,1230,-1.2,3.7,-5.7,30
135,1231,-1.4,3.5,-5.9,30
136,0101,-1.7,4.3,-7.0,30
136,0102,-1.8,4.1,-7.2,30
136,0103,-1.9,4.1,-7.3,30
136,0104,-1.9,4.1,-7.3,30
136,0105,-1.9,4.0,-7.3,30
136,0106,-1.9,4.0,-7.3,30
136,0107,-1.9,3.9,-7.2,30
136,0108,-1.9,3.9,-7.2,30
136,0109,-1.9,4.0,-7.3,30
136,0110,-1.9,3.9,-7.3,30
136,0111,-1.9,3.9,-7.3,30
136,0112,-1.9,3.9,-7.3,30
136,0113,-1.9,3.9,-7.2,30
136,0114,-1.9,3.9,-7.2,30
136,0115,-1.9,3.9,-7.1,30
136,0116,-1.9,3.8,-7.1,30
136,0117,-1.9,3.8,-7.1,30
136,0118,-2.0,3.8,-7.2,30
136,0119,-1.9,3.8,-7.1,30
136,0120,-1.9,3.8,-7.2,30
136,0121,-1.9,3.9,-7.2,30
136,0122,-1.9,4.0,-7.2,30
136,0123,-1.8,4.0,-7.1,30
136,0124,-1.7,4.0,-7.0,30
136,0125,-1.7,4.0,-7.0,30
136,0126,-1.8,4.1,-7.1,30
136,0127,-1.8,4.1,-7.2,30
136,0128,-1.8,4.2,-7.2,30
136,0129,-1.7,4.3,-7.2,30
136,0130,-1.6,4.5,-7.2,30
136,0131,-1.4,4.8,-7.2,30
136,0201,-1.3,4.9,-7.0,30
136,0202,-1.2,4.9,-6.9,30
136,0203,-1.1,5.0,-6.8,30
136,0204,-1.0,5.1,-6.7,30
136,0205,-0.9,5.2,-6.6,30
136,0206,-0.7,5.4,-6.4,30
136,0207,-0.5,5.7,-6.3,30
136,0208,-0.4,5.9,-6.2,30
136,0209,-0.2,6.0,-6.0,30
136,0210,-0.1,6.1,-5.8,30
136,0211,0.1,6.2,-5.6,30
136,0212,0.2,6.4,-5.5,30
136,0213,0.4,6.6,-5.4,30
136,0214,0.5,6.7,-5.3,30
136,0215,0.6,6.8,-5.1,30
136,0216,0.8,7.0,-4.9,30
136,0217,1.0,7.3,-4.8,30
136,0218,1.3,7.6,-4.6,30
136,0219,1.5,7.8,-4.4,30
136,0220,1.7,8.0,-4.2,30
136,0221,1.8,8.1,-4.0,30
136,0222,1.9,8.2,-4.0,30
136,0223,2.0,8.3,-3.8,30
136,0224,2.2,8.5,-3.6,30
136,0225,2.4,8.8,-3.4,30
136,0226,2.7,9.0,-3.2,30
136,0227,2.9,9.2,-2.9,30
136,0228,3.0,9.3,-2.7,30
136,0229,3.2,9.4,-2.5,0
136,0301,3.4,9.6,-2.3,30
136,0302,3.6,9.8,-2.2,30
136,0303,3.7,9.9,-2.0,30
136,0304,3.8,10.1,-1.9,30
136,0305,4.0,10.3,-1.8,30
136,0306,4.1,10.5,-1.8,30
136,0307,4.2,10.7,-1.7,30
136,0308,4.4,10.8,-1.6,30
136,0309,4.5,11.0,-1.5,30
136,0310,4.7,11.3,-1.4,30
136,0311,5.0,11.6,-1.1,30
136,0312,5.2,11.9,-0.9,30
136,0313,5.5,12.1,-0.8,30
136,0314,5.7,12.4,-0.6,30
136,0315,5.9,12.6,-0.5,30
136,0316,6.1,12.8,-0.3,30
136,0317,6.2,12.9,-0.1,30
136,0318,6.4,13.1,0.1,30
136,0319,6.6,13.3,0.2,30
136,0320,6.8,13.6,0.4,30
136,0321,7.1,13.8,0.7,30
136,0322,7.3,14.0,0.9,30
136,0323,7.5,14.2,1.1,30
136,0324,7.7,14.5,1.2,30
136,0325,7.8,14.6,1.4,30
136,0326,8.0,14.8,1.5,30
136,0327,8.1,14.9,1.6,30
136,0328,8.3,15.1,1.7,30
136,0329,8.5,15.4,1.9,30
136,0330,8.8,15.7,2.0,30
136,0331,9.0,15.9,2.3,30
136,0401,9.3,16.3,2.5,30
136,0402,9.6,16.6,2.7,30
136,0403,9.8,16.8,2.9,30
136,0404,10.0,17.0,3.2,30
136,0405,10.2,17.1,3.4,30
136,0406,10.4,17.2,3.6,30
136,0407,10.6,17.5,3.7,30
136,0408,10.8,17.8,3.9,30
136,0409,11.1,18.1,4.1,30
136,0410,11.3,18.3,4.3,30
136,0411,11.6,18.6,4.6,30
136,0412,11.8,18.9,4.9,30
136,0413,12.0,19.0,5.1,30
136,0414,12.2,19.2,5.4,30
136,0415,12.5,19.4,5.6,30
136,0416,12.6,19.6,5.9,30
136,0417,12.8,19.8,6.0,30
136,0418,13.0,20.0,6.1,30
136,0419,13.2,20.3,6.3,30
136,0420,13.4,20.5,6.4,30
136,0421,13.6,20.8,6.6,30
136,0422,13.8,21.0,6.8,30
136,0423,14.0,21.1,7.1,30
136,0424,14.3,21.3,7.4,30
136,0425,14.5,21.5,7.6,30
136,0426,14.7,21.6,7.9,30
136,0427,14.9,21.9,8.1,30
136,0428,15.2,22.2,8.2,30
136,0429,15.3,22.3,8.4,30
136,0430,15.5,22.5,8.6,30
136,0501,15.7,22.8,8.7,30
136,0502,15.9,22.9,8.9,30
136,0503,16.0,23.0,9.2,30
136,0504,16.2,23.1,9.3,30
136,0505,16.3,23.2,9.6,30
136,0506,16.5,23.3,9.8,30
136,0507,16.6,23.5,9.9,30
136,0508,16.7,23.6,10.1,30
136,0509,16.8,23.7,10.2,30
136,0510,16.9,23.7,10.3,30
136,0511,17.0,23.9,10.3,30
136,0512,17.1,23.9,10.5,30
136,0513,17.2,23.9,10.6,30
136,0514,17.3,24.1,10.7,30
136,0515,17.4,24.3,10.8,30
136,0516,17.6,24.4,11.0,30
136,0517,17.7,24.6,11.2,30
136,0518,18.0,24.8,11.4,30
136,0519,18.2,25.0,11.6,30
136,0520,18.3,25.2,11.7,30
136,0521,18.5,25.3,11.9,30
136,0522,18.6,25.4,12.0,30
136,0523,18.7,25.6,12.1,30
136,0524,18.9,25.8,12.2,30
136,0525,19.1,26.0,12.4,30
136,0526,19.2,26.1,12.5,30
136,0527,19.4,26.2,12.7,30
136,0528,19.5,26.4,12.9,30
136,0529,19.7,26.5,13.2,30
136,0530,19.8,26.6,13.4,30
136,0531,20.0,26.7,13.6,30
136,0601,20.1,26.8,13.8,30
136,0602,20.2,26.9,13.9,30
136,0603,20.4,27.0,14.1,30
136,0604,20.5,27.2,14.3,30
136,0605,20.7,27.3,14.5,30
136,0606,20.8,27.4,14.8,30
136,0607,21.0,27.5,15.0,30
136,0608,21.1,27.6,15.2,30
136,0609,21.2,27.7,15.4,30
136,0610,21.4,27.8,15.6,30
136,0611,21.5,27.9,15.8,30
136,0612,21.6,27.9,15.9,30
136,0613,21.7,28.0,16.1,30
136,0614,21.8,28.0,16.3,30
136,0615,21.9,28.0,16.5,30
136,0616,22.0,28.1,16.6,30
136,0617,22.0,28.1,16.7,30
136,0618,22.1,28.1,16.8,30
136,0619,22.2,28.0,17.0,30
136,0620,22.3,28.1,17.2,30
136,0621,22.4,28.1,17.4,30
136,0622,22.5,28.2,17.6,30
136,0623,22.6,28.2,17.8,30
136,0624,22.7,28.1,18.1,30
136,0625,22.8,28.1,18.3,30
136,0626,22.9,28.1,18.5,30
136,0627,23.0,28.2,18.6,30
136,0628,23.0,28.2,18.8,30
136,0629,23.1,28.2,18.9,30
136,0630,23.2,28.2,19.0,30
136,0701,23.2,28.2,19.1,30
136,0702,23.4,28.3,19.3,30
136,0703,23.5,28.4,19.5,30
136,0704,23.6,28.5,19.6,30
136,0705,23.7,28.4,19.8,30
136,0706,23.7,28.5,19.9,30
136,0707,23.8,28.5,20.1,30
136,0708,23.9,28.5,20.1,30
136,0709,23.9,28.6,20.2,30
136,0710,23.9,28.6,20.3,30
136,0711,24.0,28.7,20.3,30
136,0712,24.1,28.7,20.4,30
136,0713,24.2,28.8,20.5,30
136,0714,24.3,28.9,20.6,30
136,0715,24.5,29.1,20.8,30
136,0716,24.7,29.3,21.0,30
136,0717,24.8,29.5,21.1,30
136,0718,24.9,29.6,21.2,30
136,0719,25.0,29.7,21.3,30
136,0720,25.2,29.9,21.4,30
136,0721,25.3,30.0,21.5,30
136,0722,25.4,30.1,21.6,30
136,0723,25.5,30.4,21.7,30
136,0724,25.7,30.6,21.8,30
136,0725,25.9,30.8,22.0,30
136,0726,26.0,31.0,22.1,30
136,0727,26.1,31.0,22.2,30
136,0728,26.2,31.1,22.3,30
136,0729,26.3,31.2,22.3,30
136,0730,26.3,31.3,22.3,30
136,0731,26.3,31.3,22.3,30
136,0801,26.3,31.4,22.3,30
136,0802,26.3,31.4,22.3,30
136,0803,26.3,31.4,22.4,30
136,0804,26.3,31.3,22.4,30
136,0805,26.2,31.3,22.3,30
136,0806,26.2,31.3,22.3,30
136,0807,26.2,31.2,22.3,30
136,0808,26.1,31.1,22.2,30
136,0809,26.0,31.0,22.1,30
136,0810,25.9,30.9,22.0,30
136,0811,25.8,30.8,21.9,30
136,0812,25.7,30.7,21.8,30
136,0813,25.5,30.5,21.7,30
136,0814,25.4,30.4,21.6,30
136,0815,25.3,30.3,21.5,30
136,0816,25.2,30.2,21.4,30
136,0817,25.1,30.1,21.3,30
136,0818,25.0,30.0,21.1,30
136,0819,24.8,29.8,21.0,30
136,0820,24.7,29.6,20.8,30
136,0821,24.5,29.5,20.6,30
136,0822,24.4,29.4,20.5,30
136,0823,24.2,29.2,20.3,30
136,0824,24.0,29.0,20.1,30
136,0825,23.9,28.9,20.0,30
136,0826,23.8,28.8,19.8,30
136,0827,23.6,28.7,19.6,30
136,0828,23.5,28.6,19.4,30
136,0829,23.3,28.4,19.2,30
136,0830,23.1,28.2,19.0,30
136,0831,22.9,28.0,18.8,30
136,0901,22.7,27.9,18.6,30
136,0902,22.5,27.8,18.4,30
136,0903,22.4,27.7,18.2,30
136,0904,22.3,27.6,18.0,30
136,0905,22.1,27.4,17.8,30
136,0906,21.9,27.2,17.7,30
136,0907,21.7,27.1,17.4,30
136,0908,21.5,27.0,17.3,30
136,0909,21.3,26.8,17.1,30
136,0910,21.2,26.6,16.9,30
136,0911,21.0,26.5,16.7,30
136,0912,20.8,26.3,16.5,30
136,0913,20.6,26.2,16.2,30
136,0914,20.4,26.1,15.9,30
136,0915,20.1,25.8,15.7,30
136,0916,19.9,25.6,15.4,30
136,0917,19.7,25.5,15.2,30
136,0918,19.5,25.3,14.9,30
136,0919,19.3,25.2,14.7,30
136,0920,19.1,25.1,14.4,30
136,0921,18.9,25.0,14.2,30
136,0922,18.7,24.7,13.9,30
136,0923,18.5,24.5,13.7,30
136,0924,18.3,24.3,13.5,30
136,0925,18.1,24.2,13.3,30
136,0926,17.9,24.0,13.1,30
136,0927,17.7,23.8,12.8,30
136,0928,17.4,23.6,12.6,30
136,0929,17.2,23.5,12.3,30
136,0930,17.1,23.3,12.1,30
136,1001,16.9,23.2,11.9,30
136,1002,16.7,23.1,11.7,30
136,1003,16.5,23.0,11.4,30
136,1004,16.3,22.8,11.2,30
136,1005,16.1,22.6,11.0,30
136,1006,15.9,22.4,10.7,30
136,1007,15.7,22.4,10.4,30
136,1008,15.4,22.2,10.1,30
136,1009,15.1,22.0,9.8,30
136,1010,14.8,21.8,9.4,30
136,1011,14.6,21.6,9.1,30
136,1012,14.4,21.4,8.9,30
136,1013,14.2,21.3,8.7,30
136,1014,14.0,21.2,8.5,30
136,1015,13.8,21.0,8.3,30
136,1016,13.6,20.7,8.1,30
136,1017,13.4,20.5,7.8,30
136,1018,13.1,20.2,7.6,30
136,1019,12.8,20.0,7.3,30
136,1020,12.6,19.8,7.0,30
136,1021,12.3,19.5,6.7,30
136,1022,12.1,19.2,6.5,30
136,1023,11.8,19.0,6.2,30
136,1024,11.6,18.8,5.9,30
136,1025,11.4,18.5,5.7,30
136,1026,11.1,18.2,5.5,30
136,1027,10.8,18.0,5.2,30
136,1028,10.6,17.7,4.8,30
136,1029,10.4,17.6,4.5,30
136,1030,10.2,17.5,4.3,30
136,1031,10.0,17.3,4.1,30
136,1101,9.8,17.0,4.0,30
136,1102,9.6,16.8,3.9,30
136,1103,9.5,16.6,3.7,30
136,1104,9.3,16.3,3.6,30
136,1105,9.1,16.1,3.4,30
136,1106,8.9,15.9,3.2,30
136,1107,8.8,15.7,3.1,30
136,1108,8.6,15.4,3.0,30
136,1109,8.3,15.2,2.7,30
136,1110,8.1,14.9,2.5,30
136,1111,7.8,14.5,2.3,30
136,1112,7.6,14.1,2.1,30
136,1113,7.2,13.7,1.8,30
136,1114,6.9,13.3,1.4,30
136,1115,6.5,12.9,1.1,30
136,1116,6.2,12.6,0.7,30
136,1117,5.9,12.3,0.5,30
136,1118,5.6,12.0,0.2,30
136,1119,5.3,11.7,-0.1,30
136,1120,5.0,11.4,-0.4,30
136,1121,4.7,11.0,-0.6,30
136,1122,4.5,10.8,-0.8,30
136,1123,4.3,10.6,-1.0,30
136,1124,4.1,10.4,-1.2,30
136,1125,3.9,10.2,-1.3,30
136,1126,3.7,9.9,-1.5,30
136,1127,3.4,9.7,-1.7,30
136,1128,3.2,9.4,-1.9,30
136,1129,3.0,9.1,-2.1,30
136,1130,2.7,8.8,-2.2,30
136,1201,2.5,8.5,-2.5,30
136,1202,2.2,8.2,-2.7,30
136,1203,2.0,8.0,-3.0,30
136,1204,1.8,7.8,-3.2,30
136,1205,1.6,7.6,-3.5,30
136,1206,1.3,7.3,-3.7,30
136,1207,1.1,7.0,-4.0,30
136,1208,0.8,6.7,-4.3,30
136,1209,0.6,6.4,-4.5,30
136,1210,0.4,6.1,-4.7,30
136,1211,0.2,6.0,-4.9,30
136,1212,0.0,5.9,-5.1,30
136,1213,-0.1,5.8,-5.3,30
136,1214,-0.1,5.8,-5.3,30
136,1215,-0.2,5.8,-5.4,30
136,1216,-0.2,5.8,-5.4,30
136,1217,-0.2,5.7,-5.5,30
136,1218,-0.3,5.6,-5.5,30
136,1219,-0.4,5.5,-5.6,30
136,1220,-0.5,5.4,-5.7,30
136,1221,-0.6,5.3,-5.8,30
136,1222,-0.7,5.2,-5.9,30
136,1223,-0.8,5.2,-6.1,30
136,1224,-0.9,5.1,-6.2,30
136,1225,-1.0,5.0,-6.3,30
136,1226,-1.0,5.0,-6.3,30
136,1227,-1.0,5.0,-6.4,30
136,1228,-1.2,4.9,-6.4,30
136,1229,-1.3,4.7,-6.6,30
136,1230,-1.4,4.6,-6.7,30
136,1231,-1.6,4.4,-6.9,30
138,0101,2.7,7.3,-1.1,30
138,0102,2.5,7.2,-1.2,30
138,0103,2.5,7.1,-1.3,30
138,0104,2.4,7.1,-1.3,30
138,0105,2.4,7.0,-1.3,30
138,0106,2.3,6.9,-1.3,30
138,0107,2.3,6.8,-1.4,30
138,0108,2.3,6.8,-1.4,30
138,0109,2.3,6.8,-1.4,30
138,0110,2.3,6.8,-1.4,30
138,0111,2.3,6.8,-1.4,30
138,0112,2.3,6.7,-1.4,30
138,0113,2.3,6.7,-1.3,30
138,0114,2.2,6.7,-1.4,30
138,0115,2.2,6.6,-1.4,30
138,0116,2.1,6.5,-1.5,30
138,0117,2.1,6.5,-1.5,30
138,0118,2.1,6.5,-1.6,30
138,0119,2.0,6.4,-1.6,30
138,0120,2.1,6.5,-1.6,30
138,0121,2.1,6.5,-1.7,30
138,0122,2.1,6.6,-1.6,30
138,0123,2.1,6.6,-1.6,30
138,0124,2.1,6.6,-1.6,30
138,0125,2.1,6.6,-1.6,30
138,0126,2.1,6.6,-1.7,30
138,0127,2.1,6.7,-1.7,30
138,0128,2.1,6.7,-1.8,30
138,0129,2.2,6.8,-1.7,30
138,0130,2.3,7.0,-1.6,30
138,0131,2.4,7.2,-1.6,30
138,0201,2.5,7.3,-1.5,30
138,0202,2.6,7.4,-1.4,30
138,0203,2.7,7.5,-1.3,30
138,0204,2.8,7.6,-1.2,30
138,0205,2.9,7.6,-1.1,30
138,0206,3.1,7.8,-1.0,30
138,0207,3.2,8.1,-0.9,30
138,0208,3.4,8.2,-0.7,30
138,0209,3.5,8.3,-0.6,30
138,0210,3.6,8.3,-0.4,30
138,0211,3.7,8.4,-0.3,30
138,0212,3.9,8.6,-0.2,30
138,0213,4.0,8.7,-0.1,30
138,0214,4.1,8.7,-0.0,30
138,0215,4.2,8.8,0.1,30
138,0216,4.4,9.0,0.2,30
138,0217,4.5,9.2,0.4,30
138,0218,4.7,9.4,0.6,30
138,0219,4.9,9.5,0.8,30
138,0220,5.0,9.7,1.0,30
138,0221,5.2,9.8,1.1,30
138,0222,5.2,9.8,1.2,30
138,0223,5.3,9.8,1.2,30
138,0224,5.4,10.0,1.4,30
138,0225,5.6,10.2,1.5,30
138,0226,5.8,10.4,1.7,30
138,0227,6.0,10.5,1.9,30
138,0228,6.1,10.7,2.1,30
138,0229,6.2,10.8,2.2,0
138,0301,6.3,10.9,2.3,30
138,0302,6.5,11.0,2.4,30
138,0303,6.6,11.2,2.6,30
138,0304,6.7,11.3,2.6,30
138,0305,6.8,11.5,2.6,30
138,0306,7.0,11.7,2.7,30
138,0307,7.0,11.8,2.8,30
138,0308,7.1,11.9,2.8,30
138,0309,7.3,12.1,3.0,30
138,0310,7.5,12.4,3.1,30
138,0311,7.7,12.6,3.3,30
138,0312,7.9,12.9,3.5,30
138,0313,8.1,13.0,3.7,30
138,0314,8.2,13.2,3.8,30
138,0315,8.4,13.3,4.0,30
138,0316,8.6,13.5,4.2,30
138,0317,8.7,13.5,4.3,30
138,0318,8.8,13.7,4.4,30
138,0319,9.0,13.9,4.6,30
138,0320,9.2,14.1,4.8,30
138,0321,9.4,14.3,5.1,30
138,0322,9.6,14.4,5.3,30
138,0323,9.8,14.6,5.4,30
138,0324,9.9,14.8,5.6,30
138,0325,10.1,14.9,5.7,30
138,0326,10.2,15.1,5.9,30
138,0327,10.3,15.2,5.9,30
138,0328,10.5,15.4,6.0,30
138,0329,10.7,15.6,6.3,30
138,0330,11.0,15.9,6.5,30
138,0331,11.2,16.1,6.7,30
138,0401,11.4,16.4,6.9,30
138,0402,11.6,16.6,7.1,30
138,0403,11.8,16.8,7.3,30
138,0404,11.9,16.8,7.5,30
138,0405,12.0,16.9,7.6,30
138,0406,12.2,17.2,7.7,30
138,0407,12.4,17.4,7.9,30
138,0408,12.6,17.6,8.1,30
138,0409,12.9,17.9,8.3,30
138,0410,13.1,18.1,8.5,30
138,0411,13.3,18.3,8.8,30
138,0412,13.5,18.5,9.0,30
138,0413,13.6,18.6,9.2,30
138,0414,13.8,18.8,9.4,30
138,0415,14.0,19.0,9.6,30
138,0416,14.1,19.1,9.8,30
138,0417,14.3,19.3,9.9,30
138,0418,14.5,19.5,10.1,30
138,0419,14.7,19.8,10.2,30
138,0420,14.9,20.0,10.4,30
138,0421,15.1,20.3,10.6,30
138,0422,15.3,20.5,10.8,30
138,0423,15.5,20.7,11.0,30
138,0424,15.6,20.7,11.2,30
138,0425,15.8,20.8,11.4,30
138,0426,15.9,20.9,11.5,30
138,0427,16.1,21.1,11.7,30
138,0428,16.4,21.4,11.9,30
138,0429,16.5,21.6,12.1,30
138,0430,16.7,21.8,12.2,30
138,0501,16.9,22.0,12.4,30
138,0502,17.0,22.1,12.5,30
138,0503,17.1,22.2,12.7,30
138,0504,17.2,22.3,12.8,30
138,0505,17.3,22.3,13.0,30
138,0506,17.4,22.3,13.1,30
138,0507,17.5,22.4,13.2,30
138,0508,17.6,22.5,13.3,30
138,0509,17.7,22.6,13.4,30
138,0510,17.8,22.7,13.5,30
138,0511,17.9,22.8,13.6,30
138,0512,18.0,22.9,13.7,30
138,0513,18.1,23.0,13.9,30
138,0514,18.2,23.1,14.0,30
138,0515,18.4,23.3,14.1,30
138,0516,18.5,23.4,14.3,30
138,0517,18.7,23.5,14.5,30
138,0518,18.9,23.8,14.7,30
138,0519,19.1,24.0,14.9,30
138,0520,19.2,24.1,15.0,30
138,0521,19.3,24.1,15.1,30
138,0522,19.4,24.3,15.3,30
138,0523,19.6,24.4,15.4,30
138,0524,19.7,24.5,15.5,30
138,0525,19.8,24.6,15.6,30
138,0526,19.9,24.7,15.8,30
138,0527,20.0,24.7,15.9,30
138,0528,20.1,24.8,16.0,30
138,0529,20.1,24.8,16.2,30
138,0530,20.2,24.8,16.3,30
138,0531,20.3,24.8,16.4,30
138,0601,20.3,24.8,16.5,30
138,0602,20.4,24.8,16.6,30
138,0603,20.4,24.8,16.7,30
138,0604,20.6,24.9,16.9,30
138,0605,20.7,25.0,17.1,30
138,0606,20.8,25.0,17.2,30
138,0607,20.9,25.1,17.3,30
138,0608,21.0,25.1,17.5,30
138,0609,21.0,25.1,17.6,30
138,0610,21.1,25.2,17.7,30
138,0611,21.2,25.2,17.8,30
138,0612,21.3,25.2,17.9,30
138,0613,21.5,25.4,18.1,30
138,0614,21.6,25.5,18.3,30
138,0615,21.7,25.6,18.4,30
138,0616,21.8,25.7,18.6,30
138,0617,21.9,25.8,18.7,30
138,0618,22.0,25.8,18.8,30
138,0619,22.1,25.9,19.0,30
138,0620,22.2,26.0,19.1,30
138,0621,22.4,26.1,19.3,30
138,0622,22.5,26.3,19.5,30
138,0623,22.7,26.4,19.6,30
138,0624,22.9,26.6,19.8,30
138,0625,23.1,26.8,20.0,30
138,0626,23.2,26.9,20.2,30
138,0627,23.3,27.0,20.4,30
138,0628,23.4,27.0,20.5,30
138,0629,23.5,27.1,20.6,30
138,0630,23.6,27.1,20.6,30
138,0701,23.7,27.2,20.8,30
138,0702,23.8,27.3,20.9,30
138,0703,23.9,27.5,21.0,30
138,0704,24.0,27.5,21.1,30
138,0705,24.1,27.6,21.2,30
138,0706,24.2,27.7,21.3,30
138,0707,24.3,27.8,21.5,30
138,0708,24.3,27.8,21.5,30
138,0709,24.4,27.9,21.6,30
138,0710,24.4,27.8,21.6,30
138,0711,24.5,27.9,21.7,30
138,0712,24.6,28.1,21.8,30
138,0713,24.7,28.2,21.9,30
138,0714,24.9,28.4,22.1,30
138,0715,25.1,28.7,22.3,30
138,0716,25.3,28.9,22.4,30
138,0717,25.5,29.1,22.6,30
138,0718,25.6,29.2,22.7,30
138,0719,25.8,29.4,22.9,30
138,0720,25.9,29.5,23.0,30
138,0721,26.0,29.7,23.1,30
138,0722,26.1,29.8,23.2,30
138,0723,26.3,30.0,23.4,30
138,0724,26.5,30.2,23.6,30
138,0725,26.7,30.4,23.7,30
138,0726,26.8,30.6,23.8,30
138,0727,26.9,30.6,23.9,30
138,0728,27.0,30.7,24.0,30
138,0729,27.0,30.7,24.1,30
138,0730,27.0,30.8,24.1,30
138,0731,27.0,30.7,24.1,30
138,0801,27.0,30.7,24.1,30
138,0802,27.0,30.7,24.1,30
138,0803,27.0,30.7,24.1,30
138,0804,27.0,30.7,24.1,30
138,0805,27.0,30.7,24.1,30
138,0806,27.0,30.6,24.1,30
138,0807,26.9,30.5,24.1,30
138,0808,26.9,30.4,24.0,30
138,0809,26.8,30.3,24.0,30
138,0810,26.7,30.2,23.9,30
138,0811,26.6,30.1,23.9,30
138,0812,26.5,29.9,23.8,30
138,0813,26.4,29.8,23.7,30
138,0814,26.3,29.7,23.6,30
138,0815,26.2,29.6,23.6,30
138,0816,26.2,29.5,23.5,30
138,0817,26.1,29.5,23.4,30
138,0818,26.0,29.4,23.3,30
138,0819,25.8,29.2,23.2,30
138,0820,25.7,29.1,23.0,30
138,0821,25.6,29.0,22.9,30
138,0822,25.5,28.9,22.8,30
138,0823,25.3,28.7,22.6,30
138,0824,25.2,28.6,22.5,30
138,0825,25.1,28.5,22.4,30
138,0826,25.0,28.4,22.3,30
138,0827,24.9,28.2,22.1,30
138,0828,24.8,28.2,22.0,30
138,0829,24.6,28.0,21.8,30
138,0830,24.5,27.8,21.7,30
138,0831,24.3,27.6,21.5,30
138,0901,24.1,27.4,21.3,30
138,0902,23.9,27.3,21.1,30
138,0903,23.9,27.2,21.0,30
138,0904,23.7,27.1,20.9,30
138,0905,23.5,26.9,20.7,30
138,0906,23.4,26.7,20.5,30
138,0907,23.2,26.6,20.4,30
138,0908,23.1,26.4,20.2,30
138,0909,22.9,26.3,20.0,30
138,0910,22.8,26.2,19.9,30
138,0911,22.7,26.1,19.7,30
138,0912,22.5,26.0,19.6,30
138,0913,22.4,25.8,19.4,30
138,0914,22.2,25.8,19.2,30
138,0915,22.1,25.6,19.0,30
138,0916,21.9,25.4,18.8,30
138,0917,21.7,25.3,18.6,30
138,0918,21.6,25.2,18.5,30
138,0919,21.4,25.1,18.3,30
138,0920,21.3,25.0,18.1,30
138,0921,21.1,24.8,17.9,30
138,0922,21.0,24.7,17.8,30
138,0923,20.8,24.5,17.6,30
138,0924,20.7,24.4,17.4,30
138,0925,20.5,24.3,17.2,30
138,0926,20.3,24.2,17.0,30
138,0927,20.2,24.0,16.8,30
138,0928,20.0,23.8,16.6,30
138,0929,19.8,23.7,16.4,30
138,0930,19.7,23.6,16.3,30
138,1001,19.6,23.5,16.1,30
138,1002,19.4,23.4,16.0,30
138,1003,19.3,23.3,15.8,30
138,1004,19.2,23.2,15.6,30
138,1005,19.0,23.1,15.5,30
138,1006,18.9,23.0,15.3,30
138,1007,18.7,23.0,15.1,30
138,1008,18.5,22.8,14.9,30
138,1009,18.3,22.7,14.6,30
138,1010,18.1,22.5,14.3,30
138,1011,17.9,22.2,14.1,30
138,1012,17.7,22.1,13.9,30
138,1013,17.6,22.0,13.7,30
138,1014,17.4,21.9,13.6,30
138,1015,17.3,21.7,13.4,30
138,1016,17.1,21.5,13.2,30
138,1017,16.9,21.3,13.0,30
138,1018,16.7,21.1,12.8,30
138,1019,16.4,20.9,12.5,30
138,1020,16.2,20.7,12.2,30
138,1021,16.0,20.5,12.0,30
138,1022,15.8,20.3,11.8,30
138,1023,15.5,20.1,11.5,30
138,1024,15.4,19.9,11.3,30
138,1025,15.1,19.7,11.1,30
138,1026,14.9,19.5,10.8,30
138,1027,14.7,19.3,10.6,30
138,1028,14.4,19.2,10.3,30
138,1029,14.3,19.0,10.1,30
138,1030,14.1,19.0,9.9,30
138,1031,14.0,18.9,9.8,30
138,1101,13.8,18.7,9.6,30
138,1102,13.6,18.5,9.5,30
138,1103,13.5,18.3,9.3,30
138,1104,13.3,18.1,9.2,30
138,1105,13.1,17.9,9.0,30
138,1106,12.9,17.7,8.9,30
138,1107,12.8,17.5,8.7,30
138,1108,12.6,17.3,8.5,30
138,1109,12.4,17.2,8.3,30
138,1110,12.2,16.9,8.2,30
138,1111,11.9,16.6,7.9,30
138,1112,11.6,16.3,7.7,30
138,1113,11.3,16.0,7.4,30
138,1114,10.9,15.6,7.0,30
138,1115,10.6,15.2,6.6,30
138,1116,10.3,15.0,6.3,30
138,1117,10.0,14.7,6.1,30
138,1118,9.8,14.6,5.8,30
138,1119,9.5,14.3,5.5,30
138,1120,9.3,14.1,5.3,30
138,1121,9.0,13.8,5.0,30
138,1122,8.8,13.6,4.8,30
138,1123,8.6,13.4,4.6,30
138,1124,8.5,13.2,4.5,30
138,1125,8.3,13.0,4.3,30
138,1126,8.1,12.8,4.1,30
138,1127,7.9,12.6,3.9,30
138,1128,7.7,12.3,3.7,30
138,1129,7.4,12.0,3.5,30
138,1130,7.2,11.8,3.3,30
138,1201,6.9,11.5,3.0,30
138,1202,6.7,11.2,2.8,30
138,1203,6.4,11.0,2.6,30
138,1204,6.2,10.8,2.4,30
138,1205,6.0,10.5,2.1,30
138,1206,5.7,10.3,1.9,30
138,1207,5.5,10.0,1.6,30
138,1208,5.2,9.7,1.3,30
138,1209,5.0,9.5,1.1,30
138,1210,4.7,9.3,0.9,30
138,1211,4.5,9.1,0.7,30
138,1212,4.4,8.9,0.5,30
138,1213,4.3,8.8,0.5,30
138,1214,4.3,8.8,0.4,30
138,1215,4.3,8.8,0.4,30
138,1216,4.2,8.8,0.4,30
138,1217,4.2,8.7,0.3,30
138,1218,4.1,8.6,0.2,30
138,1219,3.9,8.5,0.1,30
138,1220,3.8,8.4,0.0,30
138,1221,3.7,8.3,-0.1,30
138,1222,3.7,8.3,-0.2,30
138,1223,3.6,8.2,-0.2,30
138,1224,3.5,8.1,-0.3,30
138,1225,3.4,8.0,-0.4,30
138,1226,3.4,8.0,-0.4,30
138,1227,3.3,8.0,-0.5,30
138,1228,3.2,7.8,-0.6,30
138,1229,3.0,7.7,-0.7,30
138,1230,2.9,7.6,-0.8,30
138,1231,2.8,7.4,-1.0,30
140,0101,0.4,4.6,-3.4,30
140,0102,0.2,4.4,-3.5,30
140,0103,0.2,4.3,-3.5,30
140,0104,0.1,4.3,-3.6,30
140,0105,0.1,4.2,-3.6,30
140,0106,0.1,4.2,-3.6,30
140,0107,0.0,4.1,-3.6,30
140,0108,0.0,4.1,-3.6,30
140,0109,0.0,4.1,-3.6,30
140,0110,0.0,4.1,-3.6,30
140,0111,-0.0,4.0,-3.7,30
140,0112,-0.0,4.0,-3.7,30
140,0113,0.0,4.0,-3.6,30
140,0114,-0.0,3.9,-3.6,30
140,0115,-0.1,3.9,-3.6,30
140,0116,-0.1,3.8,-3.6,30
140,0117,-0.2,3.8,-3.7,30
140,0118,-0.2,3.7,-3.8,30
140,0119,-0.2,3.7,-3.8,30
140,0120,-0.3,3.7,-3.9,30
140,0121,-0.3,3.8,-3.9,30
140,0122,-0.3,3.8,-3.9,30
140,0123,-0.2,3.8,-3.8,30
140,0124,-0.2,3.8,-3.9,30
140,0125,-0.3,3.8,-3.9,30
140,0126,-0.3,3.7,-4.0,30
140,0127,-0.3,3.7,-4.0,30
140,0128,-0.4,3.7,-4.1,30
140,0129,-0.3,3.8,-4.1,30
140,0130,-0.3,3.9,-4.0,30
140,0131,-0.2,4.0,-4.0,30
140,0201,-0.1,4.1,-3.9,30
140,0202,-0.0,4.2,-3.8,30
140,0203,0.0,4.3,-3.7,30
140,0204,0.2,4.4,-3.6,30
140,0205,0.2,4.4,-3.5,30
140,0206,0.4,4.6,-3.4,30
140,0207,0.5,4.8,-3.3,30
140,0208,0.6,4.9,-3.2,30
140,0209,0.7,5.0,-3.0,30
140,0210,0.9,5.1,-2.9,30
140,0211,1.0,5.3,-2.8,30
140,0212,1.1,5.4,-2.7,30
140,0213,1.2,5.6,-2.6,30
140,0214,1.4,5.7,-2.6,30
140,0215,1.5,5.8,-2.4,30
140,0216,1.6,6.0,-2.3,30
140,0217,1.8,6.3,-2.2,30
140,0218,2.0,6.5,-2.1,30
140,0219,2.2,6.7,-1.9,30
140,0220,2.3,7.0,-1.8,30
140,0221,2.5,7.1,-1.6,30
140,0222,2.5,7.1,-1.6,30
140,0223,2.6,7.2,-1.5,30
140,0224,2.7,7.4,-1.4,30
140,0225,2.9,7.6,-1.3,30
140,0226,3.1,7.9,-1.0,30
140,0227,3.3,8.1,-0.9,30
140,0228,3.5,8.3,-0.7,30
140,0229,3.6,8.3,-0.5,0
140,0301,3.7,8.5,-0.4,30
140,0302,3.9,8.7,-0.3,30
140,0303,4.0,8.8,-0.1,30
140,0304,4.1,8.9,-0.0,30
140,0305,4.2,9.0,0.0,30
140,0306,4.3,9.2,0.1,30
140,0307,4.4,9.3,0.2,30
140,0308,4.5,9.4,0.3,30
140,0309,4.7,9.7,0.4,30
140,0310,4.9,10.0,0.6,30
140,0311,5.1,10.1,0.8,30
140,0312,5.3,10.3,1.0,30
140,0313,5.5,10.5,1.1,30
140,0314,5.6,10.7,1.3,30
140,0315,5.8,10.9,1.4,30
140,0316,5.9,11.1,1.6,30
140,0317,6.0,11.1,1.7,30
140,0318,6.2,11.3,1.8,30
140,0319,6.4,11.5,2.0,30
140,0320,6.6,11.7,2.2,30
140,0321,6.7,11.8,2.3,30
140,0322,6.9,12.0,2.5,30
140,0323,7.0,12.1,2.6,30
140,0324,7.1,12.3,2.7,30
140,0325,7.3,12.4,2.9,30
140,0326,7.4,12.5,3.0,30
140,0327,7.5,12.7,3.2,30
140,0328,7.7,12.8,3.3,30
140,0329,7.8,13.0,3.4,30
140,0330,8.1,13.2,3.6,30
140,0331,8.3,13.5,3.8,30
140,0401,8.6,13.8,4.0,30
140,0402,8.8,14.1,4.3,30
140,0403,9.0,14.3,4.5,30
140,0404,9.2,14.5,4.7,30
140,0405,9.4,14.7,4.9,30
140,0406,9.6,14.9,5.1,30
140,0407,9.8,15.1,5.3,30
140,0408,9.9,15.3,5.4,30
140,0409,10.1,15.5,5.6,30
140,0410,10.4,15.8,5.8,30
140,0411,10.6,16.0,6.0,30
140,0412,10.8,16.3,6.2,30
140,0413,11.0,16.5,6.4,30
140,0414,11.3,16.7,6.7,30
140,0415,11.5,16.9,6.9,30
140,0416,11.7,17.0,7.1,30
140,0417,11.8,17.1,7.2,30
140,0418,11.9,17.3,7.4,30
140,0419,12.1,17.5,7.5,30
140,0420,12.2,17.6,7.7,30
140,0421,12.5,17.9,7.9,30
140,0422,12.7,18.1,8.1,30
140,0423,13.0,18.4,8.4,30
140,0424,13.3,18.7,8.8,30
140,0425,13.6,18.9,9.1,30
140,0426,13.7,19.1,9.3,30
140,0427,13.9,19.3,9.5,30
140,0428,14.1,19.5,9.6,30
140,0429,14.3,19.7,9.7,30
140,0430,14.5,19.9,9.9,30
140,0501,14.7,20.2,10.1,30
140,0502,15.0,20.5,10.3,30
140,0503,15.1,20.6,10.5,30
140,0504,15.3,20.8,10.7,30
140,0505,15.5,20.9,11.0,30
140,0506,15.7,21.0,11.2,30
140,0507,15.8,21.2,11.3,30
140,0508,15.9,21.2,11.5,30
140,0509,16.0,21.3,11.6,30
140,0510,16.0,21.3,11.6,30
140,0511,16.2,21.5,11.8,30
140,0512,16.3,21.5,11.9,30
140,0513,16.4,21.6,12.1,30
140,0514,16.5,21.7,12.3,30
140,0515,16.7,21.9,12.5,30
140,0516,16.8,22.0,12.7,30
140,0517,17.0,22.1,12.8,30
140,0518,17.2,22.4,13.0,30
140,0519,17.4,22.6,13.3,30
140,0520,17.6,22.8,13.4,30
140,0521,17.8,23.0,13.6,30
140,0522,18.0,23.2,13.8,30
140,0523,18.1,23.3,13.9,30
140,0524,18.3,23.5,14.1,30
140,0525,18.5,23.7,14.2,30
140,0526,18.6,23.8,14.4,30
140,0527,18.8,24.0,14.6,30
140,0528,19.0,24.1,14.8,30
140,0529,19.1,24.3,15.0,30
140,0530,19.3,24.4,15.2,30
140,0531,19.4,24.5,15.3,30
140,0601,19.6,24.7,15.5,30
140,0602,19.8,24.8,15.7,30
140,0603,19.9,25.0,15.9,30
140,0604,20.1,25.1,16.2,30
140,0605,20.2,25.2,16.3,30
140,0606,20.4,25.3,16.5,30
140,0607,20.5,25.5,16.7,30
140,0608,20.7,25.6,16.9,30
140,0609,20.8,25.7,17.1,30
140,0610,21.0,25.8,17.3,30
140,0611,21.1,25.9,17.5,30
140,0612,21.3,26.0,17.6,30
140,0613,21.4,26.0,17.8,30
140,0614,21.5,26.1,18.0,30
140,0615,21.6,26.2,18.2,30
140,0616,21.7,26.3,18.3,30
140,0617,21.8,26.2,18.4,30
140,0618,21.9,26.3,18.5,30
140,0619,21.9,26.3,18.6,30
140,0620,22.0,26.3,18.8,30
140,0621,22.1,26.4,18.9,30
140,0622,22.3,26.5,19.1,30
140,0623,22.4,26.6,19.3,30
140,0624,22.5,26.6,19.5,30
140,0625,22.6,26.6,19.6,30
140,0626,22.7,26.7,19.8,30
140,0627,22.8,26.7,19.9,30
140,0628,23.0,26.8,20.1,30
140,0629,23.1,26.9,20.2,30
140,0630,23.1,26.9,20.3,30
140,0701,23.3,27.0,20.4,30
140,0702,23.4,27.2,20.6,30
140,0703,23.6,27.3,20.7,30
140,0704,23.7,27.4,20.9,30
140,0705,23.8,27.4,21.0,30
140,0706,23.9,27.5,21.1,30
140,0707,23.9,27.6,21.2,30
140,0708,24.0,27.7,21.3,30
140,0709,24.1,27.8,21.5,30
140,0710,24.2,27.8,21.5,30
140,0711,24.3,28.0,21.6,30
140,0712,24.5,28.1,21.7,30
140,0713,24.6,28.3,21.8,30
140,0714,24.7,28.4,22.0,30
140,0715,24.9,28.6,22.1,30
140,0716,25.0,28.7,22.3,30
140,0717,25.1,28.8,22.4,30
140,0718,25.3,29.0,22.5,30
140,0719,25.4,29.2,22.7,30
140,0720,25.6,29.4,22.8,30
140,0721,25.7,29.5,22.9,30
140,0722,25.9,29.7,23.0,30
140,0723,26.0,29.9,23.2,30
140,0724,26.2,30.1,23.3,30
140,0725,26.4,30.3,23.5,30
140,0726,26.5,30.4,23.6,30
140,0727,26.6,30.5,23.7,30
140,0728,26.7,30.6,23.7,30
140,0729,26.8,30.8,23.8,30
140,0730,26.8,30.9,23.8,30
140,0731,26.9,30.9,23.9,30
140,0801,27.0,31.0,23.9,30
140,0802,27.0,31.0,23.9,30
140,0803,27.0,31.1,23.9,30
140,0804,27.0,31.1,23.9,30
140,0805,27.0,31.1,23.9,30
140,0806,27.0,31.1,23.8,30
140,0807,26.9,31.0,23.8,30
140,0808,26.8,30.9,23.7,30
140,0809,26.8,30.8,23.7,30
140,0810,26.7,30.7,23.6,30
140,0811,26.6,30.6,23.5,30
140,0812,26.5,30.6,23.5,30
140,0813,26.4,30.4,23.4,30
140,0814,26.3,30.3,23.3,30
140,0815,26.2,30.2,23.2,30
140,0816,26.1,30.1,23.1,30
140,0817,25.9,29.9,22.9,30
140,0818,25.8,29.8,22.8,30
140,0819,25.7,29.6,22.7,30
140,0820,25.5,29.5,22.5,30
140,0821,25.4,29.4,22.4,30
140,0822,25.3,29.3,22.2,30
140,0823,25.1,29.1,22.0,30
140,0824,25.0,29.0,21.8,30
140,0825,24.8,28.9,21.7,30
140,0826,24.7,28.8,21.5,30
140,0827,24.5,28.6,21.4,30
140,0828,24.4,28.5,21.2,30
140,0829,24.3,28.4,21.0,30
140,0830,24.1,28.2,20.8,30
140,0831,23.9,28.1,20.6,30
140,0901,23.8,28.0,20.5,30
140,0902,23.6,27.9,20.3,30
140,0903,23.5,27.8,20.1,30
140,0904,23.3,27.6,20.0,30
140,0905,23.2,27.4,19.8,30
140,0906,23.0,27.2,19.6,30
140,0907,22.9,27.2,19.5,30
140,0908,22.8,27.1,19.3,30
140,0909,22.6,26.9,19.1,30
140,0910,22.4,26.7,19.0,30
140,0911,22.3,26.6,18.8,30
140,0912,22.1,26.5,18.6,30
140,0913,21.9,26.4,18.4,30
140,0914,21.8,26.2,18.2,30
140,0915,21.6,26.1,18.0,30
140,0916,21.4,25.9,17.7,30
140,0917,21.2,25.8,17.5,30
140,0918,21.1,25.6,17.3,30
140,0919,20.9,25.6,17.1,30
140,0920,20.7,25.5,16.9,30
140,0921,20.6,25.3,16.7,30
140,0922,20.4,25.2,16.5,30
140,0923,20.2,24.9,16.3,30
140,0924,20.0,24.8,16.1,30
140,0925,19.8,24.6,15.8,30
140,0926,19.5,24.3,15.6,30
140,0927,19.3,24.1,15.3,30
140,0928,19.1,23.9,15.1,30
140,0929,18.9,23.7,14.8,30
140,0930,18.7,23.5,14.6,30
140,1001,18.5,23.4,14.4,30
140,1002,18.3,23.3,14.2,30
140,1003,18.1,23.1,14.0,30
140,1004,17.9,22.9,13.8,30
140,1005,17.7,22.7,13.5,30
140,1006,17.5,22.5,13.2,30
140,1007,17.2,22.3,12.9,30
140,1008,17.0,22.1,12.6,30
140,1009,16.7,21.8,12.4,30
140,1010,16.5,21.7,12.1,30
140,1011,16.3,21.5,11.9,30
140,1012,16.1,21.4,11.7,30
140,1013,16.0,21.3,11.5,30
140,1014,15.8,21.1,11.3,30
140,1015,15.7,21.0,11.2,30
140,1016,15.5,20.7,11.0,30
140,1017,15.3,20.5,10.8,30
140,1018,15.0,20.3,10.6,30
140,1019,14.8,20.0,10.3,30
140,1020,14.5,19.8,10.1,30
140,1021,14.4,19.6,9.9,30
140,1022,14.1,19.4,9.7,30
140,1023,13.9,19.1,9.5,30
140,1024,13.7,18.9,9.2,30
140,1025,13.4,18.6,9.0,30
140,1026,13.2,18.3,8.8,30
140,1027,12.9,18.0,8.5,30
140,1028,12.6,17.7,8.2,30
140,1029,12.4,17.6,8.0,30
140,1030,12.3,17.4,7.8,30
140,1031,12.1,17.2,7.6,30
140,1101,11.9,17.0,7.5,30
140,1102,11.7,16.8,7.2,30
140,1103,11.5,16.6,7.1,30
140,1104,11.4,16.4,7.0,30
140,1105,11.2,16.2,6.9,30
140,1106,11.0,16.0,6.7,30
140,1107,10.9,15.8,6.5,30
140,1108,10.7,15.6,6.4,30
140,1109,10.5,15.4,6.2,30
140,1110,10.3,15.1,6.0,30
140,1111,10.0,14.8,5.8,30
140,1112,9.8,14.5,5.6,30
140,1113,9.4,14.1,5.3,30
140,1114,9.0,13.7,5.0,30
140,1115,8.7,13.3,4.6,30
140,1116,8.4,13.1,4.3,30
140,1117,8.2,12.9,4.1,30
140,1118,8.0,12.6,3.8,30
140,1119,7.7,12.3,3.6,30
140,1120,7.4,12.0,3.3,30
140,1121,7.1,11.7,3.1,30
140,1122,6.9,11.5,2.9,30
140,1123,6.7,11.3,2.7,30
140,1124,6.5,11.1,2.6,30
140,1125,6.3,10.9,2.3,30
140,1126,6.1,10.6,2.1,30
140,1127,5.9,10.3,1.9,30
140,1128,5.6,10.1,1.6,30
140,1129,5.3,9.8,1.4,30
140,1130,5.1,9.5,1.3,30
140,1201,4.9,9.2,1.1,30
140,1202,4.6,8.9,0.8,30
140,1203,4.4,8.6,0.6,30
140,1204,4.1,8.4,0.3,30
140,1205,3.9,8.1,0.1,30
140,1206,3.7,7.9,-0.1,30
140,1207,3.4,7.6,-0.4,30
140,1208,3.2,7.4,-0.6,30
140,1209,2.9,7.1,-0.8,30
140,1210,2.7,6.9,-1.0,30
140,1211,2.5,6.7,-1.2,30
140,1212,2.4,6.6,-1.3,30
140,1213,2.3,6.5,-1.4,30
140,1214,2.3,6.5,-1.4,30
140,1215,2.2,6.5,-1.5,30
140,1216,2.2,6.4,-1.5,30
140,1217,2.1,6.4,-1.6,30
140,1218,2.0,6.3,-1.7,30
140,1219,1.9,6.2,-1.8,30
140,1220,1.7,6.1,-1.9,30
140,1221,1.6,5.9,-2.1,30
140,1222,1.5,5.8,-2.2,30
140,1223,1.4,5.7,-2.3,30
140,1224,1.3,5.5,-2.4,30
140,1225,1.2,5.5,-2.5,30
140,1226,1.2,5.4,-2.6,30
140,1227,1.1,5.4,-2.6,30
140,1228,0.9,5.2,-2.8,30
140,1229,0.8,5.1,-2.9,30
140,1230,0.6,4.9,-3.1,30
140,1231,0.5,4.7,-3.2,30
143,0101,1.3,6.3,-2.9,30
143,0102,1.2,6.2,-3.0,30
143,0103,1.1,6.1,-3.0,30
143,0104,1.1,6.1,-3.1,30
143,0105,1.1,6.0,-3.1,30
143,0106,1.0,6.0,-3.1,30
143,0107,1.0,5.9,-3.0,30
143,0108,1.0,5.9,-3.0,30
143,0109,1.0,5.9,-3.1,30
143,0110,1.0,5.9,-3.0,30
143,0111,1.0,5.9,-3.0,30
143,0112,1.0,5.8,-3.0,30
143,0113,1.1,5.9,-3.0,30
143,0114,1.1,5.8,-3.0,30
143,0115,1.0,5.8,-3.0,30
143,0116,1.0,5.7,-3.0,30
143,0117,0.9,5.7,-3.1,30
143,0118,0.9,5.6,-3.1,30
143,0119,0.9,5.6,-3.1,30
143,0120,0.9,5.7,-3.1,30
143,0121,0.9,5.7,-3.2,30
143,0122,0.9,5.8,-3.2,30
143,0123,1.0,5.8,-3.1,30
143,0124,1.0,5.8,-3.1,30
143,0125,1.0,5.9,-3.1,30
143,0126,0.9,5.9,-3.2,30
143,0127,0.9,5.9,-3.2,30
143,0128,0.9,6.0,-3.3,30
143,0129,1.0,6.1,-3.2,30
143,0130,1.1,6.3,-3.2,30
143,0131,1.3,6.5,-3.1,30
143,0201,1.4,6.7,-3.0,30
143,0202,1.5,6.8,-2.9,30
143,0203,1.6,6.9,-2.9,30
143,0204,1.7,7.0,-2.8,30
143,0205,1.8,7.1,-2.7,30
143,0206,2.0,7.3,-2.5,30
143,0207,2.2,7.5,-2.4,30
143,0208,2.4,7.7,-2.2,30
143,0209,2.5,7.8,-2.1,30
143,0210,2.7,7.9,-1.9,30
143,0211,2.8,8.0,-1.7,30
143,0212,3.0,8.2,-1.6,30
143,0213,3.1,8.4,-1.6,30
143,0214,3.2,8.5,-1.5,30
143,0215,3.3,8.6,-1.3,30
143,0216,3.5,8.8,-1.2,30
143,0217,3.7,9.0,-1.0,30
143,0218,3.9,9.2,-0.8,30
143,0219,4.1,9.5,-0.6,30
143,0220,4.3,9.7,-0.5,30
143,0221,4.4,9.8,-0.3,30
143,0222,4.5,9.8,-0.3,30
143,0223,4.6,9.9,-0.1,30
143,0224,4.7,10.1,0.0,30
143,0225,5.0,10.4,0.2,30
143,0226,5.2,10.6,0.3,30
143,0227,5.4,10.8,0.5,30
143,0228,5.5,11.0,0.7,30
143,0229,5.7,11.1,0.9,0
143,0301,5.8,11.3,1.1,30
143,0302,6.0,11.5,1.2,30
143,0303,6.2,11.7,1.4,30
143,0304,6.3,11.8,1.4,30
143,0305,6.4,12.0,1.5,30
143,0306,6.6,12.2,1.6,30
143,0307,6.7,12.4,1.7,30
143,0308,6.8,12.5,1.8,30
143,0309,7.0,12.7,1.9,30
143,0310,7.2,13.0,2.0,30
143,0311,7.4,13.2,2.2,30
143,0312,7.7,13.5,2.4,30
143,0313,7.9,13.7,2.6,30
143,0314,8.0,13.9,2.8,30
143,0315,8.2,14.1,2.9,30
143,0316,8.4,14.3,3.1,30
143,0317,8.5,14.4,3.3,30
143,0318,8.7,14.5,3.4,30
143,0319,8.9,14.7,3.6,30
143,0320,9.1,15.0,3.8,30
143,0321,9.3,15.1,4.0,30
143,0322,9.5,15.3,4.2,30
143,0323,9.7,15.5,4.4,30
143,0324,9.9,15.8,4.6,30
143,0325,10.0,15.9,4.7,30
143,0326,10.2,16.1,4.9,30
143,0327,10.3,16.2,5.0,30
143,0328,10.5,16.4,5.1,30
143,0329,10.7,16.7,5.3,30
143,0330,11.0,17.0,5.5,30
143,0331,11.2,17.2,5.7,30
143,0401,11.5,17.6,5.9,30
143,0402,11.8,17.9,6.1,30
143,0403,12.0,18.1,6.4,30
143,0404,12.1,18.2,6.6,30
143,0405,12.3,18.3,6.8,30
143,0406,12.5,18.5,6.9,30
143,0407,12.7,18.7,7.0,30
143,0408,12.9,19.0,7.2,30
143,0409,13.1,19.3,7.4,30
143,0410,13.4,19.5,7.7,30
143,0411,13.6,19.8,7.9,30
143,0412,13.8,20.0,8.2,30
143,0413,14.0,20.1,8.4,30
143,0414,14.2,20.3,8.6,30
143,0415,14.4,20.5,8.8,30
143,0416,14.5,20.7,9.0,30
143,0417,14.7,20.9,9.1,30
143,0418,14.9,21.1,9.2,30
143,0419,15.1,21.4,9.4,30
143,0420,15.3,21.6,9.5,30
143,0421,15.5,21.9,9.7,30
143,0422,15.7,22.0,9.9,30
143,0423,15.9,22.2,10.1,30
143,0424,16.0,22.3,10.4,30
143,0425,16.2,22.5,10.6,30
143,0426,16.4,22.6,10.7,30
143,0427,16.7,22.9,10.9,30
143,0428,16.9,23.2,11.1,30
143,0429,17.1,23.3,11.3,30
143,0430,17.2,23.5,11.5,30
143,0501,17.5,23.7,11.6,30
143,0502,17.6,23.9,11.8,30
143,0503,17.8,24.0,12.0,30
143,0504,17.9,24.1,12.1,30
143,0505,18.0,24.2,12.3,30
143,0506,18.2,24.3,12.6,30
143,0507,18.4,24.5,12.7,30
143,0508,18.5,24.5,12.8,30
143,0509,18.6,24.6,12.9,30
143,0510,18.7,24.7,13.0,30
143,0511,18.8,24.8,13.1,30
143,0512,18.9,24.9,13.3,30
143,0513,19.0,25.0,13.4,30
143,0514,19.1,25.2,13.5,30
143,0515,19.3,25.4,13.6,30
143,0516,19.4,25.5,13.8,30
143,0517,19.6,25.7,14.0,30
143,0518,19.8,25.9,14.2,30
143,0519,20.1,26.1,14.4,30
143,0520,20.2,26.3,14.6,30
143,0521,20.3,26.4,14.7,30
143,0522,20.4,26.5,14.8,30
143,0523,20.6,26.7,14.9,30
143,0524,20.7,26.9,15.0,30
143,0525,20.9,27.1,15.2,30
143,0526,21.0,27.2,15.3,30
143,0527,21.2,27.3,15.5,30
143,0528,21.3,27.4,15.7,30
143,0529,21.4,27.5,15.9,30
143,0530,21.5,27.6,16.1,30
143,0531,21.6,27.6,16.2,30
143,0601,21.7,27.7,16.3,30
143,0602,21.8,27.7,16.5,30
143,0603,21.9,27.8,16.6,30
143,0604,22.0,27.9,16.8,30
143,0605,22.2,28.1,17.0,30
143,0606,22.3,28.1,17.2,30
143,0607,22.5,28.2,17.4,30
143,0608,22.6,28.3,17.6,30
143,0609,22.7,28.4,17.7,30
143,0610,22.8,28.5,17.9,30
143,0611,22.9,28.5,18.0,30
143,0612,23.0,28.6,18.2,30
143,0613,23.1,28.7,18.3,30
143,0614,23.2,28.7,18.5,30
143,0615,23.3,28.7,18.7,30
143,0616,23.4,28.7,18.8,30
143,0617,23.4,28.8,18.9,30
143,0618,23.5,28.7,19.0,30
143,0619,23.5,28.7,19.1,30
143,0620,23.6,28.8,19.2,30
143,0621,23.7,28.8,19.4,30
143,0622,23.8,28.9,19.6,30
143,0623,23.9,28.9,19.7,30
143,0624,24.0,28.8,19.9,30
143,0625,24.1,28.8,20.0,30
143,0626,24.2,28.9,20.2,30
143,0627,24.2,28.9,20.4,30
143,0628,24.3,28.9,20.5,30
143,0629,24.3,28.9,20.6,30
143,0630,24.4,28.9,20.7,30
143,0701,24.5,29.0,20.8,30
143,0702,24.6,29.1,21.0,30
143,0703,24.8,29.2,21.2,30
143,0704,24.9,29.3,21.3,30
143,0705,24.9,29.3,21.4,30
143,0706,25.0,29.3,21.6,30
143,0707,25.1,29.4,21.7,30
143,0708,25.2,29.5,21.7,30
143,0709,25.2,29.6,21.8,30
143,0710,25.3,29.6,21.9,30
143,0711,25.3,29.6,21.9,30
143,0712,25.4,29.8,22.0,30
143,0713,25.6,30.0,22.1,30
143,0714,25.7,30.1,22.3,30
143,0715,26.0,30.4,22.5,30
143,0716,26.1,30.5,22.6,30
143,0717,26.3,30.7,22.8,30
143,0718,26.4,30.9,22.9,30
143,0719,26.5,31.0,23.0,30
143,0720,26.7,31.2,23.1,30
143,0721,26.8,31.4,23.2,30
143,0722,27.0,31.5,23.3,30
143,0723,27.1,31.7,23.4,30
143,0724,27.3,31.9,23.6,30
143,0725,27.5,32.1,23.7,30
143,0726,27.6,32.3,23.9,30
143,0727,27.7,32.4,24.0,30
143,0728,27.7,32.4,24.0,30
143,0729,27.8,32.5,24.1,30
143,0730,27.8,32.6,24.1,30
143,0731,27.8,32.6,24.1,30
143,0801,27.8,32.6,24.1,30
143,0802,27.8,32.6,24.1,30
143,0803,27.8,32.6,24.1,30
143,0804,27.8,32.5,24.1,30
143,0805,27.7,32.5,24.1,30
143,0806,27.7,32.4,24.1,30
143,0807,27.6,32.3,24.0,30
143,0808,27.5,32.2,24.0,30
143,0809,27.4,32.0,23.9,30
143,0810,27.3,31.9,23.8,30
143,0811,27.2,31.8,23.7,30
143,0812,27.1,31.7,23.6,30
143,0813,27.0,31.5,23.5,30
143,0814,26.9,31.4,23.4,30
143,0815,26.8,31.3,23.3,30
143,0816,26.7,31.2,23.2,30
143,0817,26.6,31.1,23.1,30
143,0818,26.5,31.0,23.0,30
143,0819,26.3,30.9,22.8,30
143,0820,26.2,30.7,22.7,30
143,0821,26.1,30.6,22.5,30
143,0822,25.9,30.5,22.4,30
143,0823,25.8,30.3,22.3,30
143,0824,25.6,30.2,22.1,30
143,0825,25.5,30.1,22.0,30
143,0826,25.4,30.0,21.8,30
143,0827,25.3,29.8,21.7,30
143,0828,25.1,29.8,21.5,30
143,0829,25.0,29.6,21.3,30
143,0830,24.8,29.4,21.1,30
143,0831,24.6,29.2,21.0,30
143,0901,24.4,29.1,20.7,30
143,0902,24.3,28.9,20.6,30
143,0903,24.2,28.8,20.4,30
143,0904,24.0,28.7,20.3,30
143,0905,23.8,28.5,20.1,30
143,0906,23.6,28.3,19.9,30
143,0907,23.5,28.2,19.7,30
143,0908,23.3,28.1,19.5,30
143,0909,23.2,27.9,19.3,30
143,0910,23.0,27.7,19.2,30
143,0911,22.9,27.6,19.0,30
143,0912,22.7,27.5,18.8,30
143,0913,22.5,27.3,18.5,30
143,0914,22.3,27.2,18.3,30
143,0915,22.1,27.0,18.0,30
143,0916,21.9,26.8,17.8,30
143,0917,21.7,26.6,17.6,30
143,0918,21.5,26.5,17.4,30
143,0919,21.3,26.4,17.1,30
143,0920,21.2,26.3,16.8,30
143,0921,21.0,26.1,16.6,30
143,0922,20.8,25.9,16.4,30
143,0923,20.6,25.7,16.2,30
143,0924,20.4,25.6,16.0,30
143,0925,20.2,25.4,15.8,30
143,0926,20.0,25.3,15.6,30
143,0927,19.8,25.1,15.4,30
143,0928,19.6,24.9,15.2,30
143,0929,19.4,24.8,15.0,30
143,0930,19.3,24.6,14.8,30
143,1001,19.1,24.5,14.7,30
143,1002,19.0,24.4,14.4,30
143,1003,18.8,24.3,14.2,30
143,1004,18.6,24.1,14.1,30
143,1005,18.5,23.9,13.9,30
143,1006,18.3,23.8,13.7,30
143,1007,18.1,23.7,13.4,30
143,1008,17.9,23.6,13.2,30
143,1009,17.7,23.4,12.9,30
143,1010,17.4,23.2,12.6,30
143,1011,17.2,23.0,12.3,30
143,1012,17.0,22.8,12.1,30
143,1013,16.8,22.7,11.9,30
143,1014,16.6,22.5,11.7,30
143,1015,16.5,22.3,11.5,30
143,1016,16.3,22.1,11.3,30
143,1017,16.1,21.9,11.1,30
143,1018,15.8,21.7,10.8,30
143,1019,15.5,21.4,10.5,30
143,1020,15.3,21.2,10.2,30
143,1021,15.0,21.0,10.0,30
143,1022,14.8,20.7,9.7,30
143,1023,14.6,20.5,9.5,30
143,1024,14.3,20.2,9.3,30
143,1025,14.1,19.9,9.1,30
143,1026,13.8,19.7,8.8,30
143,1027,13.6,19.4,8.5,30
143,1028,13.3,19.2,8.2,30
143,1029,13.1,19.1,8.0,30
143,1030,13.0,19.0,7.8,30
143,1031,12.8,18.9,7.6,30
143,1101,12.6,18.6,7.5,30
143,1102,12.4,18.4,7.4,30
143,1103,12.3,18.2,7.2,30
143,1104,12.1,18.0,7.1,30
143,1105,12.0,17.8,7.0,30
143,1106,11.7,17.5,6.8,30
143,1107,11.6,17.3,6.6,30
143,1108,11.4,17.1,6.5,30
143,1109,11.2,16.9,6.3,30
143,1110,11.0,16.7,6.1,30
143,1111,10.7,16.3,5.9,30
143,1112,10.4,15.9,5.7,30
143,1113,10.1,15.5,5.5,30
143,1114,9.7,15.1,5.1,30
143,1115,9.4,14.8,4.7,30
143,1116,9.1,14.5,4.4,30
143,1117,8.8,14.2,4.1,30
143,1118,8.5,14.0,3.9,30
143,1119,8.2,13.7,3.6,30
143,1120,7.9,13.4,3.3,30
143,1121,7.7,13.1,3.1,30
143,1122,7.5,12.8,2.9,30
143,1123,7.3,12.6,2.7,30
143,1124,7.1,12.4,2.5,30
143,1125,6.9,12.2,2.3,30
143,1126,6.7,12.0,2.1,30
143,1127,6.4,11.8,1.9,30
143,1128,6.2,11.5,1.7,30
143,1129,5.9,11.2,1.5,30
143,1130,5.7,10.9,1.3,30
143,1201,5.4,10.6,1.1,30
143,1202,5.2,10.3,0.9,30
143,1203,5.0,10.1,0.6,30
143,1204,4.7,9.8,0.4,30
143,1205,4.5,9.5,0.2,30
143,1206,4.3,9.3,-0.0,30
143,1207,4.0,9.0,-0.3,30
143,1208,3.7,8.8,-0.5,30
143,1209,3.5,8.5,-0.8,30
143,1210,3.3,8.3,-1.0,30
143,1211,3.1,8.1,-1.1,30
143,1212,3.0,7.9,-1.3,30
143,1213,2.9,7.8,-1.4,30
143,1214,2.9,7.8,-1.4,30
143,1215,2.8,7.8,-1.5,30
143,1216,2.8,7.8,-1.5,30
143,1217,2.7,7.7,-1.6,30
143,1218,2.6,7.6,-1.6,30
143,1219,2.5,7.5,-1.7,30
143,1220,2.4,7.4,-1.8,30
143,1221,2.3,7.3,-1.9,30
143,1222,2.2,7.2,-2.0,30
143,1223,2.1,7.2,-2.1,30
143,1224,2.0,7.1,-2.1,30
143,1225,1.9,7.0,-2.2,30
143,1226,1.9,7.0,-2.3,30
143,1227,1.9,7.0,-2.4,30
143,1228,1.8,6.9,-2.5,30
143,1229,1.6,6.8,-2.6,30
143,1230,1.5,6.6,-2.7,30
143,1231,1.4,6.4,-2.8,30
146,0101,0.3,5.2,-3.9,30
146,0102,0.2,5.1,-4.0,30
146,0103,0.2,5.0,-4.0,30
146,0104,0.1,4.9,-4.1,30
146,0105,0.1,4.9,-4.1,30
146,0106,0.1,4.9,-4.1,30
146,0107,0.1,4.8,-4.1,30
146,0108,0.1,4.8,-4.1,30
146,0109,0.1,4.8,-4.0,30
146,0110,0.1,4.8,-4.1,30
146,0111,0.0,4.7,-4.2,30
146,0112,0.0,4.7,-4.1,30
146,0113,0.1,4.8,-4.1,30
146,0114,-0.0,4.7,-4.1,30
146,0115,-0.0,4.6,-4.1,30
146,0116,-0.1,4.6,-4.1,30
146,0117,-0.1,4.5,-4.2,30
146,0118,-0.2,4.5,-4.2,30
146,0119,-0.2,4.5,-4.3,30
146,0120,-0.2,4.5,-4.3,30
146,0121,-0.2,4.5,-4.4,30
146,0122,-0.2,4.6,-4.3,30
146,0123,-0.1,4.6,-4.3,30
146,0124,-0.1,4.6,-4.3,30
146,0125,-0.2,4.7,-4.3,30
146,0126,-0.2,4.6,-4.4,30
146,0127,-0.2,4.6,-4.4,30
146,0128,-0.3,4.6,-4.5,30
146,0129,-0.2,4.7,-4.5,30
146,0130,-0.1,4.9,-4.5,30
146,0131,-0.0,5.1,-4.4,30
146,0201,0.1,5.2,-4.3,30
146,0202,0.2,5.2,-4.2,30
146,0203,0.2,5.3,-4.1,30
146,0204,0.4,5.5,-4.0,30
146,0205,0.5,5.6,-3.9,30
146,0206,0.6,5.8,-3.8,30
146,0207,0.8,6.0,-3.7,30
146,0208,0.9,6.2,-3.6,30
146,0209,1.1,6.3,-3.4,30
146,0210,1.2,6.4,-3.3,30
146,0211,1.3,6.6,-3.2,30
146,0212,1.5,6.8,-3.1,30
146,0213,1.6,7.0,-2.9,30
146,0214,1.8,7.1,-2.8,30
146,0215,1.9,7.3,-2.7,30
146,0216,2.1,7.5,-2.6,30
146,0217,2.3,7.8,-2.5,30
146,0218,2.5,8.1,-2.3,30
146,0219,2.7,8.3,-2.1,30
146,0220,2.9,8.5,-2.0,30
146,0221,3.1,8.7,-1.7,30
146,0222,3.1,8.7,-1.7,30
146,0223,3.2,8.8,-1.6,30
146,0224,3.3,9.0,-1.5,30
146,0225,3.6,9.3,-1.3,30
146,0226,3.8,9.6,-1.1,30
146,0227,4.0,9.8,-0.9,30
146,0228,4.2,9.9,-0.7,30
146,0229,4.3,10.0,-0.6,0
146,0301,4.5,10.2,-0.4,30
146,0302,4.7,10.4,-0.3,30
146,0303,4.8,10.5,-0.1,30
146,0304,4.8,10.6,-0.1,30
146,0305,5.0,10.8,-0.0,30
146,0306,5.1,11.0,0.0,30
146,0307,5.2,11.1,0.1,30
146,0308,5.3,11.3,0.2,30
146,0309,5.5,11.5,0.4,30
146,0310,5.8,11.8,0.5,30
146,0311,6.0,12.0,0.8,30
146,0312,6.2,12.3,0.9,30
146,0313,6.4,12.6,1.1,30
146,0314,6.6,12.8,1.2,30
146,0315,6.8,13.0,1.4,30
146,0316,7.0,13.2,1.6,30
146,0317,7.0,13.3,1.7,30
146,0318,7.2,13.4,1.8,30
146,0319,7.4,13.7,2.0,30
146,0320,7.7,13.9,2.2,30
146,0321,7.8,14.1,2.4,30
146,0322,8.0,14.3,2.5,30
146,0323,8.1,14.4,2.7,30
146,0324,8.3,14.6,2.8,30
146,0325,8.4,14.8,2.9,30
146,0326,8.6,15.0,3.1,30
146,0327,8.7,15.1,3.2,30
146,0328,8.8,15.3,3.3,30
146,0329,9.0,15.5,3.5,30
146,0330,9.2,15.8,3.6,30
146,0331,9.5,16.1,3.8,30
146,0401,9.8,16.5,4.1,30
146,0402,10.1,16.8,4.4,30
146,0403,10.4,17.1,4.6,30
146,0404,10.6,17.2,4.8,30
146,0405,10.8,17.4,5.0,30
146,0406,10.9,17.5,5.2,30
146,0407,11.1,17.8,5.3,30
146,0408,11.3,18.0,5.5,30
146,0409,11.5,18.3,5.7,30
146,0410,11.8,18.6,5.9,30
146,0411,12.1,18.9,6.1,30
146,0412,12.3,19.1,6.3,30
146,0413,12.5,19.3,6.6,30
146,0414,12.8,19.5,6.9,30
146,0415,13.0,19.7,7.1,30
146,0416,13.2,19.8,7.3,30
146,0417,13.3,19.9,7.4,30
146,0418,13.4,20.1,7.4,30
146,0419,13.6,20.3,7.6,30
146,0420,13.7,20.5,7.7,30
146,0421,14.0,20.8,7.9,30
146,0422,14.3,21.0,8.2,30
146,0423,14.6,21.3,8.5,30
146,0424,14.8,21.4,8.8,30
146,0425,15.1,21.7,9.1,30
146,0426,15.2,21.8,9.3,30
146,0427,15.4,22.0,9.5,30
146,0428,15.6,22.3,9.7,30
146,0429,15.8,22.4,9.8,30
146,0430,16.0,22.6,9.9,30
146,0501,16.2,22.9,10.2,30
146,0502,16.5,23.1,10.4,30
146,0503,16.6,23.2,10.7,30
146,0504,16.8,23.4,10.9,30
146,0505,17.0,23.5,11.2,30
146,0506,17.2,23.6,11.4,30
146,0507,17.3,23.8,11.5,30
146,0508,17.4,23.8,11.6,30
146,0509,17.5,23.9,11.7,30
146,0510,17.5,23.9,11.8,30
146,0511,17.7,24.1,12.0,30
146,0512,17.8,24.1,12.1,30
146,0513,17.9,24.1,12.3,30
146,0514,18.0,24.3,12.4,30
146,0515,18.2,24.5,12.5,30
146,0516,18.4,24.7,12.7,30
146,0517,18.5,24.8,12.8,30
146,0518,18.7,25.0,13.0,30
146,0519,18.9,25.2,13.2,30
146,0520,19.0,25.4,13.3,30
146,0521,19.2,25.6,13.5,30
146,0522,19.4,25.7,13.6,30
146,0523,19.5,25.8,13.7,30
146,0524,19.6,26.0,13.8,30
146,0525,19.8,26.2,14.0,30
146,0526,20.0,26.4,14.2,30
146,0527,20.1,26.5,14.3,30
146,0528,20.3,26.7,14.6,30
146,0529,20.5,26.8,14.8,30
146,0530,20.6,26.9,15.0,30
146,0531,20.7,27.0,15.2,30
146,0601,20.9,27.1,15.4,30
146,0602,21.0,27.3,15.6,30
146,0603,21.2,27.4,15.8,30
146,0604,21.4,27.5,16.1,30
146,0605,21.6,27.7,16.3,30
146,0606,21.7,27.7,16.5,30
146,0607,21.8,27.8,16.7,30
146,0608,22.0,27.9,16.9,30
146,0609,22.1,28.0,17.1,30
146,0610,22.3,28.1,17.3,30
146,0611,22.4,28.2,17.5,30
146,0612,22.5,28.3,17.7,30
146,0613,22.6,28.3,17.8,30
146,0614,22.7,28.4,18.0,30
146,0615,22.8,28.4,18.2,30
146,0616,22.9,28.5,18.4,30
146,0617,23.0,28.5,18.5,30
146,0618,23.0,28.5,18.6,30
146,0619,23.1,28.4,18.7,30
146,0620,23.2,28.4,18.9,30
146,0621,23.3,28.5,19.1,30
146,0622,23.4,28.6,19.3,30
146,0623,23.5,28.6,19.5,30
146,0624,23.6,28.6,19.7,30
146,0625,23.7,28.5,19.9,30
146,0626,23.8,28.6,20.1,30
146,0627,23.9,28.6,20.3,30
146,0628,24.0,28.6,20.4,30
146,0629,24.1,28.6,20.6,30
146,0630,24.2,28.7,20.7,30
146,0701,24.3,28.7,20.8,30
146,0702,24.4,28.9,21.0,30
146,0703,24.6,29.0,21.2,30
146,0704,24.7,29.0,21.3,30
146,0705,24.7,29.1,21.4,30
146,0706,24.8,29.1,21.5,30
146,0707,24.9,29.2,21.7,30
146,0708,25.0,29.3,21.8,30
146,0709,25.1,29.4,21.9,30
146,0710,25.2,29.4,21.9,30
146,0711,25.3,29.6,22.0,30
146,0712,25.4,29.7,22.0,30
146,0713,25.6,29.9,22.2,30
146,0714,25.7,30.0,22.4,30
146,0715,25.9,30.2,22.6,30
146,0716,26.0,30.3,22.7,30
146,0717,26.1,30.4,22.8,30
146,0718,26.3,30.6,23.0,30
146,0719,26.4,30.8,23.0,30
146,0720,26.6,31.0,23.2,30
146,0721,26.7,31.2,23.3,30
146,0722,26.8,31.3,23.4,30
146,0723,27.0,31.5,23.5,30
146,0724,27.1,31.7,23.6,30
146,0725,27.3,31.9,23.7,30
146,0726,27.4,32.0,23.9,30
146,0727,27.5,32.1,24.0,30
146,0728,27.5,32.1,24.0,30
146,0729,27.6,32.2,24.0,30
146,0730,27.6,32.3,24.0,30
146,0731,27.6,32.3,24.0,30
146,0801,27.7,32.4,24.0,30
146,0802,27.7,32.4,24.1,30
146,0803,27.7,32.4,24.1,30
146,0804,27.6,32.4,24.1,30
146,0805,27.6,32.3,24.0,30
146,0806,27.6,32.3,24.0,30
146,0807,27.5,32.2,23.9,30
146,0808,27.5,32.1,23.9,30
146,0809,27.4,32.0,23.8,30
146,0810,27.3,32.0,23.7,30
146,0811,27.2,31.9,23.6,30
146,0812,27.1,31.8,23.5,30
146,0813,27.0,31.7,23.4,30
146,0814,26.9,31.6,23.3,30
146,0815,26.8,31.5,23.2,30
146,0816,26.6,31.3,23.1,30
146,0817,26.5,31.1,22.9,30
146,0818,26.4,31.0,22.8,30
146,0819,26.2,30.9,22.7,30
146,0820,26.1,30.7,22.5,30
146,0821,26.0,30.6,22.4,30
146,0822,25.8,30.5,22.2,30
146,0823,25.6,30.3,22.0,30
146,0824,25.5,30.2,21.9,30
146,0825,25.4,30.1,21.7,30
146,0826,25.2,29.9,21.5,30
146,0827,25.1,29.8,21.4,30
146,0828,25.0,29.8,21.2,30
146,0829,24.8,29.6,21.0,30
146,0830,24.6,29.4,20.9,30
146,0831,24.5,29.3,20.6,30
146,0901,24.3,29.2,20.4,30
146,0902,24.1,29.1,20.2,30
146,0903,24.0,29.0,20.0,30
146,0904,23.8,28.9,19.8,30
146,0905,23.7,28.7,19.7,30
146,0906,23.5,28.5,19.5,30
146,0907,23.4,28.4,19.3,30
146,0908,23.2,28.3,19.2,30
146,0909,23.0,28.1,19.0,30
146,0910,22.9,28.0,18.7,30
146,0911,22.7,27.9,18.5,30
146,0912,22.5,27.7,18.3,30
146,0913,22.3,27.6,18.1,30
146,0914,22.2,27.5,17.9,30
146,0915,22.0,27.3,17.6,30
146,0916,21.8,27.2,17.4,30
146,0917,21.6,27.1,17.2,30
146,0918,21.4,26.9,17.0,30
146,0919,21.3,26.8,16.7,30
146,0920,21.1,26.7,16.5,30
146,0921,20.9,26.5,16.2,30
146,0922,20.7,26.3,16.0,30
146,0923,20.5,26.1,15.8,30
146,0924,20.3,26.0,15.6,30
146,0925,20.1,25.8,15.4,30
146,0926,19.8,25.5,15.1,30
146,0927,19.6,25.3,14.9,30
146,0928,19.3,25.1,14.6,30
146,0929,19.1,24.9,14.3,30
146,0930,18.9,24.7,14.1,30
146,1001,18.6,24.5,13.8,30
146,1002,18.4,24.4,13.6,30
146,1003,18.2,24.2,13.3,30
146,1004,18.0,24.0,13.1,30
146,1005,17.8,23.8,12.9,30
146,1006,17.5,23.6,12.6,30
146,1007,17.3,23.4,12.3,30
146,1008,17.0,23.3,11.9,30
146,1009,16.8,23.0,11.6,30
146,1010,16.5,22.8,11.4,30
146,1011,16.3,22.7,11.1,30
146,1012,16.1,22.5,10.9,30
146,1013,16.0,22.4,10.7,30
146,1014,15.9,22.3,10.6,30
146,1015,15.7,22.1,10.4,30
146,1016,15.5,21.9,10.2,30
146,1017,15.3,21.7,10.1,30
146,1018,15.1,21.5,9.9,30
146,1019,14.8,21.2,9.6,30
146,1020,14.6,21.0,9.4,30
146,1021,14.4,20.7,9.2,30
146,1022,14.2,20.5,8.9,30
146,1023,13.9,20.2,8.7,30
146,1024,13.7,20.0,8.5,30
146,1025,13.4,19.7,8.3,30
146,1026,13.2,19.4,8.1,30
146,1027,12.9,19.1,7.8,30
146,1028,12.7,18.8,7.5,30
146,1029,12.4,18.6,7.3,30
146,1030,12.3,18.5,7.1,30
146,1031,12.2,18.3,7.0,30
146,1101,12.0,18.0,6.9,30
146,1102,11.8,17.8,6.7,30
146,1103,11.6,17.6,6.6,30
146,1104,11.5,17.4,6.5,30
146,1105,11.3,17.2,6.4,30
146,1106,11.2,17.0,6.2,30
146,1107,11.0,16.8,6.1,30
146,1108,10.8,16.5,5.9,30
146,1109,10.6,16.3,5.7,30
146,1110,10.4,16.1,5.5,30
146,1111,10.1,15.8,5.3,30
146,1112,9.9,15.4,5.1,30
146,1113,9.5,15.0,4.9,30
146,1114,9.1,14.6,4.5,30
146,1115,8.7,14.2,4.1,30
146,1116,8.5,13.9,3.7,30
146,1117,8.2,13.7,3.5,30
146,1118,8.0,13.4,3.2,30
146,1119,7.7,13.1,3.0,30
146,1120,7.4,12.8,2.7,30
146,1121,7.1,12.5,2.5,30
146,1122,6.9,12.3,2.3,30
146,1123,6.7,12.1,2.1,30
146,1124,6.5,11.9,1.9,30
146,1125,6.3,11.7,1.7,30
146,1126,6.1,11.4,1.5,30
146,1127,5.8,11.1,1.3,30
146,1128,5.6,10.9,1.1,30
146,1129,5.4,10.6,0.9,30
146,1130,5.2,10.3,0.7,30
146,1201,4.9,10.0,0.5,30
146,1202,4.6,9.7,0.3,30
146,1203,4.4,9.4,0.1,30
146,1204,4.2,9.1,-0.2,30
146,1205,3.9,8.8,-0.4,30
146,1206,3.7,8.6,-0.6,30
146,1207,3.5,8.3,-0.9,30
146,1208,3.2,8.0,-1.1,30
146,1209,3.0,7.8,-1.3,30
146,1210,2.8,7.5,-1.5,30
146,1211,2.6,7.3,-1.6,30
146,1212,2.5,7.2,-1.8,30
146,1213,2.4,7.1,-1.8,30
146,1214,2.4,7.1,-1.9,30
146,1215,2.3,7.1,-2.0,30
146,1216,2.3,7.1,-2.0,30
146,1217,2.2,7.0,-2.0,30
146,1218,2.1,6.8,-2.1,30
146,1219,1.9,6.7,-2.2,30
146,1220,1.8,6.6,-2.3,30
146,1221,1.7,6.5,-2.5,30
146,1222,1.6,6.4,-2.6,30
146,1223,1.4,6.2,-2.8,30
146,1224,1.3,6.1,-2.9,30
146,1225,1.2,6.0,-3.0,30
146,1226,1.1,6.0,-3.1,30
146,1227,1.1,6.0,-3.1,30
146,1228,0.9,5.8,-3.3,30
146,1229,0.8,5.6,-3.4,30
146,1230,0.6,5.5,-3.6,30
146,1231,0.5,5.3,-3.7,30
152,0101,2.8,8.1,-1.5,30
152,0102,2.6,8.0,-1.6,30
152,0103,2.6,7.9,-1.7,30
152,0104,2.5,7.8,-1.7,30
152,0105,2.5,7.8,-1.7,30
152,0106,2.5,7.7,-1.7,30
152,0107,2.4,7.6,-1.7,30
152,0108,2.4,7.6,-1.7,30
152,0109,2.4,7.6,-1.7,30
152,0110,2.4,7.5,-1.7,30
152,0111,2.4,7.5,-1.7,30
152,0112,2.4,7.4,-1.7,30
152,0113,2.4,7.4,-1.6,30
152,0114,2.4,7.3,-1.7,30
152,0115,2.3,7.3,-1.7,30
152,0116,2.3,7.2,-1.7,30
152,0117,2.2,7.1,-1.8,30
152,0118,2.2,7.1,-1.8,30
152,0119,2.2,7.1,-1.9,30
152,0120,2.2,7.2,-1.9,30
152,0121,2.2,7.2,-1.9,30
152,0122,2.2,7.2,-2.0,30
152,0123,2.2,7.2,-1.9,30
152,0124,2.3,7.3,-1.9,30
152,0125,2.2,7.3,-2.0,30
152,0126,2.2,7.3,-2.0,30
152,0127,2.2,7.3,-2.1,30
152,0128,2.2,7.3,-2.1,30
152,0129,2.2,7.5,-2.1,30
152,0130,2.3,7.6,-2.1,30
152,0131,2.5,7.8,-2.0,30
152,0201,2.6,7.9,-1.9,30
152,0202,2.7,8.0,-1.8,30
152,0203,2.8,8.1,-1.7,30
152,0204,2.8,8.2,-1.7,30
152,0205,2.9,8.3,-1.6,30
152,0206,3.1,8.5,-1.5,30
152,0207,3.3,8.7,-1.3,30
152,0208,3.5,8.9,-1.2,30
152,0209,3.6,9.0,-1.1,30
152,0210,3.7,9.0,-0.9,30
152,0211,3.8,9.1,-0.8,30
152,0212,3.9,9.2,-0.7,30
152,0213,4.0,9.3,-0.6,30
152,0214,4.1,9.3,-0.5,30
152,0215,4.2,9.4,-0.4,30
152,0216,4.4,9.6,-0.3,30
152,0217,4.5,9.8,-0.1,30
152,0218,4.7,10.0,0.1,30
152,0219,4.9,10.1,0.3,30
152,0220,5.0,10.3,0.4,30
152,0221,5.2,10.3,0.5,30
152,0222,5.1,10.3,0.6,30
152,0223,5.2,10.3,0.7,30
152,0224,5.3,10.5,0.8,30
152,0225,5.5,10.7,0.9,30
152,0226,5.7,10.9,1.1,30
152,0227,5.9,11.1,1.2,30
152,0228,6.0,11.2,1.4,30
152,0229,6.2,11.3,1.6,0
152,0301,6.3,11.4,1.7,30
152,0302,6.4,11.5,1.8,30
152,0303,6.5,11.7,2.0,30
152,0304,6.6,11.8,2.0,30
152,0305,6.7,11.9,2.1,30
152,0306,6.9,12.1,2.1,30
152,0307,7.0,12.3,2.2,30
152,0308,7.0,12.3,2.2,30
152,0309,7.2,12.5,2.3,30
152,0310,7.4,12.7,2.5,30
152,0311,7.6,13.0,2.7,30
152,0312,7.8,13.2,2.9,30
152,0313,7.9,13.3,3.0,30
152,0314,8.1,13.5,3.2,30
152,0315,8.3,13.7,3.3,30
152,0316,8.4,13.8,3.5,30
152,0317,8.5,13.9,3.6,30
152,0318,8.7,14.1,3.8,30
152,0319,8.9,14.2,3.9,30
152,0320,9.1,14.4,4.1,30
152,0321,9.2,14.6,4.3,30
152,0322,9.4,14.7,4.5,30
152,0323,9.6,14.9,4.7,30
152,0324,9.7,15.1,4.8,30
152,0325,9.9,15.2,5.0,30
152,0326,10.0,15.4,5.1,30
152,0327,10.1,15.5,5.2,30
152,0328,10.2,15.7,5.2,30
152,0329,10.4,15.9,5.4,30
152,0330,10.6,16.2,5.6,30
152,0331,10.9,16.4,5.8,30
152,0401,11.1,16.7,6.0,30
152,0402,11.3,16.9,6.2,30
152,0403,11.5,17.1,6.3,30
152,0404,11.6,17.2,6.6,30
152,0405,11.7,17.3,6.7,30
152,0406,11.9,17.5,6.8,30
152,0407,12.1,17.7,7.0,30
152,0408,12.3,17.9,7.1,30
152,0409,12.5,18.2,7.3,30
152,0410,12.7,18.4,7.5,30
152,0411,13.0,18.6,7.8,30
152,0412,13.2,18.8,8.0,30
152,0413,13.3,18.8,8.2,30
152,0414,13.4,19.0,8.4,30
152,0415,13.6,19.2,8.6,30
152,0416,13.8,19.3,8.8,30
152,0417,14.0,19.5,8.9,30
152,0418,14.1,19.7,9.1,30
152,0419,14.3,19.9,9.2,30
152,0420,14.5,20.1,9.3,30
152,0421,14.6,20.3,9.4,30
152,0422,14.8,20.4,9.6,30
152,0423,15.0,20.6,9.9,30
152,0424,15.2,20.7,10.1,30
152,0425,15.3,20.8,10.3,30
152,0426,15.5,20.9,10.5,30
152,0427,15.7,21.2,10.7,30
152,0428,15.9,21.5,10.9,30
152,0429,16.1,21.6,11.0,30
152,0430,16.2,21.8,11.1,30
152,0501,16.4,22.0,11.3,30
152,0502,16.6,22.2,11.4,30
152,0503,16.7,22.2,11.6,30
152,0504,16.8,22.3,11.8,30
152,0505,16.9,22.4,12.0,30
152,0506,17.1,22.5,12.2,30
152,0507,17.2,22.6,12.3,30
152,0508,17.3,22.7,12.4,30
152,0509,17.3,22.8,12.5,30
152,0510,17.4,22.9,12.6,30
152,0511,17.6,23.0,12.6,30
152,0512,17.6,23.1,12.7,30
152,0513,17.8,23.1,12.9,30
152,0514,17.9,23.3,13.0,30
152,0515,18.0,23.5,13.1,30
152,0516,18.1,23.6,13.2,30
152,0517,18.3,23.7,13.4,30
152,0518,18.5,24.0,13.5,30
152,0519,18.7,24.2,13.8,30
152,0520,18.8,24.3,13.9,30
152,0521,18.9,24.3,14.0,30
152,0522,19.0,24.5,14.1,30
152,0523,19.2,24.6,14.3,30
152,0524,19.3,24.8,14.4,30
152,0525,19.4,24.9,14.5,30
152,0526,19.5,25.0,14.7,30
152,0527,19.6,25.1,14.8,30
152,0528,19.8,25.2,14.9,30
152,0529,19.8,25.2,15.1,30
152,0530,19.9,25.2,15.2,30
152,0531,20.0,25.3,15.4,30
152,0601,20.0,25.2,15.5,30
152,0602,20.1,25.2,15.7,30
152,0603,20.2,25.3,15.8,30
152,0604,20.3,25.4,16.0,30
152,0605,20.5,25.5,16.1,30
152,0606,20.6,25.5,16.3,30
152,0607,20.7,25.6,16.4,30
152,0608,20.8,25.7,16.6,30
152,0609,20.9,25.7,16.8,30
152,0610,21.0,25.8,16.9,30
152,0611,21.1,25.8,17.0,30
152,0612,21.2,25.8,17.2,30
152,0613,21.3,26.0,17.4,30
152,0614,21.4,26.0,17.6,30
152,0615,21.5,26.1,17.7,30
152,0616,21.6,26.1,17.9,30
152,0617,21.7,26.2,17.9,30
152,0618,21.8,26.2,18.1,30
152,0619,21.9,26.3,18.2,30
152,0620,22.0,26.4,18.3,30
152,0621,22.1,26.4,18.5,30
152,0622,22.2,26.5,18.7,30
152,0623,22.4,26.6,18.9,30
152,0624,22.5,26.7,19.1,30
152,0625,22.7,26.8,19.3,30
152,0626,22.8,26.9,19.5,30
152,0627,22.9,27.0,19.7,30
152,0628,23.0,27.0,19.8,30
152,0629,23.1,27.1,19.9,30
152,0630,23.2,27.2,20.0,30
152,0701,23.3,27.3,20.1,30
152,0702,23.4,27.4,20.3,30
152,0703,23.6,27.5,20.5,30
152,0704,23.7,27.6,20.6,30
152,0705,23.8,27.6,20.8,30
152,0706,23.9,27.7,20.9,30
152,0707,24.0,27.8,21.1,30
152,0708,24.1,27.9,21.1,30
152,0709,24.2,28.0,21.2,30
152,0710,24.2,28.0,21.3,30
152,0711,24.3,28.1,21.3,30
152,0712,24.4,28.2,21.4,30
152,0713,24.6,28.4,21.5,30
152,0714,24.8,28.6,21.7,30
152,0715,25.0,28.8,21.9,30
152,0716,25.2,29.1,22.0,30
152,0717,25.4,29.3,22.2,30
152,0718,25.5,29.5,22.3,30
152,0719,25.6,29.6,22.4,30
152,0720,25.8,29.8,22.5,30
152,0721,25.9,30.0,22.6,30
152,0722,26.0,30.1,22.7,30
152,0723,26.2,30.3,22.8,30
152,0724,26.3,30.5,23.0,30
152,0725,26.5,30.7,23.1,30
152,0726,26.6,30.8,23.3,30
152,0727,26.8,30.9,23.4,30
152,0728,26.8,31.0,23.5,30
152,0729,26.9,31.1,23.5,30
152,0730,26.9,31.2,23.6,30
152,0731,26.9,31.2,23.6,30
152,0801,27.0,31.2,23.6,30
152,0802,27.0,31.2,23.6,30
152,0803,27.0,31.2,23.7,30
152,0804,27.0,31.2,23.7,30
152,0805,27.0,31.2,23.7,30
152,0806,27.0,31.2,23.7,30
152,0807,26.9,31.1,23.7,30
152,0808,26.9,31.0,23.7,30
152,0809,26.8,30.9,23.6,30
152,0810,26.7,30.8,23.5,30
152,0811,26.6,30.7,23.4,30
152,0812,26.5,30.5,23.4,30
152,0813,26.4,30.4,23.3,30
152,0814,26.3,30.3,23.2,30
152,0815,26.2,30.2,23.1,30
152,0816,26.1,30.1,23.0,30
152,0817,26.0,30.0,22.9,30
152,0818,25.9,29.9,22.8,30
152,0819,25.8,29.8,22.6,30
152,0820,25.6,29.6,22.5,30
152,0821,25.5,29.5,22.4,30
152,0822,25.4,29.4,22.2,30
152,0823,25.3,29.3,22.1,30
152,0824,25.1,29.2,22.0,30
152,0825,25.0,29.0,21.8,30
152,0826,24.9,28.9,21.7,30
152,0827,24.8,28.8,21.6,30
152,0828,24.7,28.7,21.4,30
152,0829,24.5,28.6,21.2,30
152,0830,24.3,28.4,21.1,30
152,0831,24.1,28.2,20.9,30
152,0901,24.0,28.1,20.7,30
152,0902,23.8,27.9,20.5,30
152,0903,23.7,27.8,20.4,30
152,0904,23.6,27.7,20.2,30
152,0905,23.4,27.5,20.0,30
152,0906,23.2,27.3,19.9,30
152,0907,23.1,27.2,19.7,30
152,0908,22.9,27.1,19.5,30
152,0909,22.8,26.9,19.4,30
152,0910,22.6,26.8,19.2,30
152,0911,22.5,26.6,19.1,30
152,0912,22.3,26.5,18.9,30
152,0913,22.2,26.4,18.7,30
152,0914,22.0,26.3,18.5,30
152,0915,21.8,26.1,18.3,30
152,0916,21.6,25.9,18.1,30
152,0917,21.5,25.8,17.9,30
152,0918,21.3,25.6,17.7,30
152,0919,21.1,25.5,17.5,30
152,0920,21.0,25.4,17.3,30
152,0921,20.8,25.2,17.1,30
152,0922,20.6,25.1,16.9,30
152,0923,20.5,24.9,16.8,30
152,0924,20.3,24.8,16.6,30
152,0925,20.1,24.7,16.4,30
152,0926,20.0,24.6,16.1,30
152,0927,19.8,24.4,15.9,30
152,0928,19.6,24.2,15.8,30
152,0929,19.4,24.1,15.5,30
152,0930,19.3,24.0,15.4,30
152,1001,19.2,24.0,15.2,30
152,1002,19.0,23.8,15.0,30
152,1003,18.9,23.7,14.8,30
152,1004,18.7,23.6,14.7,30
152,1005,18.6,23.5,14.5,30
152,1006,18.4,23.5,14.3,30
152,1007,18.3,23.4,14.1,30
152,1008,18.1,23.3,13.9,30
152,1009,17.9,23.1,13.6,30
152,1010,17.7,22.9,13.3,30
152,1011,17.5,22.7,13.1,30
152,1012,17.3,22.6,12.9,30
152,1013,17.1,22.5,12.7,30
152,1014,17.0,22.3,12.6,30
152,1015,16.8,22.2,12.4,30
152,1016,16.6,22.0,12.2,30
152,1017,16.5,21.8,12.0,30
152,1018,16.3,21.6,11.8,30
152,1019,16.0,21.4,11.6,30
152,1020,15.8,21.2,11.3,30
152,1021,15.6,21.0,11.0,30
152,1022,15.3,20.8,10.8,30
152,1023,15.1,20.6,10.6,30
152,1024,14.9,20.4,10.3,30
152,1025,14.7,20.2,10.1,30
152,1026,14.5,19.9,9.9,30
152,1027,14.2,19.8,9.6,30
152,1028,14.0,19.6,9.3,30
152,1029,13.8,19.5,9.0,30
152,1030,13.7,19.5,8.8,30
152,1031,13.5,19.4,8.7,30
152,1101,13.4,19.2,8.6,30
152,1102,13.2,18.9,8.4,30
152,1103,13.1,18.8,8.3,30
152,1104,12.9,18.6,8.2,30
152,1105,12.7,18.4,8.1,30
152,1106,12.6,18.2,7.9,30
152,1107,12.4,18.0,7.7,30
152,1108,12.3,17.9,7.6,30
152,1109,12.0,17.7,7.3,30
152,1110,11.9,17.5,7.2,30
152,1111,11.6,17.2,7.0,30
152,1112,11.4,16.9,6.8,30
152,1113,11.1,16.5,6.6,30
152,1114,10.8,16.2,6.2,30
152,1115,10.4,15.9,5.8,30
152,1116,10.1,15.6,5.5,30
152,1117,9.8,15.4,5.2,30
152,1118,9.6,15.2,4.9,30
152,1119,9.4,15.0,4.7,30
152,1120,9.1,14.7,4.4,30
152,1121,8.9,14.5,4.2,30
152,1122,8.6,14.3,4.0,30
152,1123,8.4,14.0,3.8,30
152,1124,8.3,13.8,3.6,30
152,1125,8.1,13.6,3.5,30
152,1126,7.9,13.5,3.3,30
152,1127,7.7,13.2,3.1,30
152,1128,7.5,13.0,2.9,30
152,1129,7.2,12.7,2.7,30
152,1130,7.0,12.4,2.6,30
152,1201,6.8,12.2,2.3,30
152,1202,6.6,11.9,2.1,30
152,1203,6.4,11.7,1.9,30
152,1204,6.2,11.5,1.7,30
152,1205,5.9,11.2,1.5,30
152,1206,5.7,11.0,1.3,30
152,1207,5.4,10.7,1.0,30
152,1208,5.2,10.4,0.7,30
152,1209,4.9,10.2,0.5,30
152,1210,4.7,9.9,0.3,30
152,1211,4.5,9.7,0.1,30
152,1212,4.4,9.6,-0.0,30
152,1213,4.3,9.5,-0.1,30
152,1214,4.3,9.5,-0.1,30
152,1215,4.3,9.5,-0.2,30
152,1216,4.2,9.5,-0.2,30
152,1217,4.2,9.4,-0.2,30
152,1218,4.1,9.3,-0.3,30
152,1219,3.9,9.2,-0.4,30
152,1220,3.9,9.1,-0.5,30
152,1221,3.8,9.0,-0.6,30
152,1222,3.7,9.0,-0.7,30
152,1223,3.6,8.9,-0.8,30
152,1224,3.5,8.8,-0.8,30
152,1225,3.5,8.8,-0.9,30
152,1226,3.4,8.8,-0.9,30
152,1227,3.4,8.8,-1.0,30
152,1228,3.2,8.6,-1.1,30
152,1229,3.1,8.5,-1.2,30
152,1230,3.0,8.4,-1.3,30
152,1231,2.9,8.3,-1.4,30
155,0101,3.0,7.6,-0.9,30
155,0102,2.9,7.5,-1.0,30
155,0103,2.8,7.4,-1.1,30
155,0104,2.8,7.4,-1.1,30
155,0105,2.7,7.3,-1.1,30
155,0106,2.7,7.3,-1.1,30
155,0107,2.7,7.2,-1.1,30
155,0108,2.7,7.2,-1.1,30
155,0109,2.7,7.1,-1.1,30
155,0110,2.7,7.1,-1.1,30
155,0111,2.7,7.1,-1.0,30
155,0112,2.7,7.0,-1.1,30
155,0113,2.7,7.0,-1.0,30
155,0114,2.6,7.0,-1.1,30
155,0115,2.6,6.9,-1.1,30
155,0116,2.6,6.9,-1.1,30
155,0117,2.5,6.8,-1.2,30
155,0118,2.5,6.8,-1.2,30
155,0119,2.5,6.8,-1.3,30
155,0120,2.5,6.8,-1.3,30
155,0121,2.5,6.9,-1.3,30
155,0122,2.5,6.9,-1.3,30
155,0123,2.5,6.9,-1.3,30
155,0124,2.5,7.0,-1.3,30
155,0125,2.5,7.0,-1.3,30
155,0126,2.5,7.0,-1.4,30
155,0127,2.5,7.0,-1.5,30
155,0128,2.4,7.1,-1.5,30
155,0129,2.5,7.2,-1.5,30
155,0130,2.6,7.4,-1.5,30
155,0131,2.7,7.5,-1.4,30
155,0201,2.8,7.6,-1.3,30
155,0202,2.9,7.7,-1.2,30
155,0203,3.0,7.8,-1.2,30
155,0204,3.1,7.9,-1.1,30
155,0205,3.2,8.0,-1.0,30
155,0206,3.3,8.2,-0.9,30
155,0207,3.5,8.4,-0.8,30
155,0208,3.7,8.5,-0.6,30
155,0209,3.8,8.6,-0.5,30
155,0210,3.9,8.7,-0.3,30
155,0211,4.0,8.8,-0.2,30
155,0212,4.2,9.0,-0.1,30
155,0213,4.3,9.1,0.1,30
155,0214,4.4,9.2,0.2,30
155,0215,4.5,9.3,0.3,30
155,0216,4.7,9.5,0.4,30
155,0217,4.8,9.7,0.6,30
155,0218,5.0,9.9,0.8,30
155,0219,5.2,10.0,1.0,30
155,0220,5.4,10.2,1.1,30
155,0221,5.5,10.3,1.3,30
155,0222,5.5,10.3,1.3,30
155,0223,5.6,10.4,1.4,30
155,0224,5.7,10.6,1.5,30
155,0225,5.9,10.8,1.7,30
155,0226,6.1,10.9,1.8,30
155,0227,6.3,11.1,2.0,30
155,0228,6.4,11.2,2.2,30
155,0229,6.5,11.3,2.3,0
155,0301,6.6,11.5,2.4,30
155,0302,6.8,11.6,2.5,30
155,0303,6.9,11.7,2.7,30
155,0304,7.0,11.8,2.7,30
155,0305,7.1,12.0,2.8,30
155,0306,7.2,12.2,2.9,30
155,0307,7.3,12.3,2.9,30
155,0308,7.4,12.4,3.0,30
155,0309,7.5,12.5,3.1,30
155,0310,7.7,12.7,3.3,30
155,0311,7.9,12.9,3.5,30
155,0312,8.1,13.2,3.7,30
155,0313,8.3,13.4,3.8,30
155,0314,8.4,13.5,4.0,30
155,0315,8.6,13.7,4.1,30
155,0316,8.8,13.9,4.4,30
155,0317,8.9,13.9,4.5,30
155,0318,9.0,14.0,4.7,30
155,0319,9.2,14.2,4.8,30
155,0320,9.4,14.4,5.0,30
155,0321,9.6,14.6,5.2,30
155,0322,9.7,14.8,5.4,30
155,0323,9.9,15.0,5.6,30
155,0324,10.1,15.2,5.7,30
155,0325,10.2,15.3,5.9,30
155,0326,10.4,15.5,6.0,30
155,0327,10.5,15.7,6.1,30
155,0328,10.6,15.8,6.1,30
155,0329,10.7,16.0,6.3,30
155,0330,11.0,16.2,6.5,30
155,0331,11.2,16.4,6.7,30
155,0401,11.4,16.8,6.9,30
155,0402,11.6,17.0,7.1,30
155,0403,11.8,17.1,7.3,30
155,0404,12.0,17.2,7.5,30
155,0405,12.1,17.4,7.7,30
155,0406,12.3,17.5,7.8,30
155,0407,12.4,17.7,7.9,30
155,0408,12.6,17.9,8.1,30
155,0409,12.8,18.1,8.3,30
155,0410,13.0,18.3,8.4,30
155,0411,13.2,18.4,8.7,30
155,0412,13.4,18.6,8.9,30
155,0413,13.5,18.7,9.1,30
155,0414,13.7,18.9,9.2,30
155,0415,13.9,19.1,9.4,30
155,0416,14.0,19.2,9.6,30
155,0417,14.1,19.4,9.7,30
155,0418,14.3,19.6,9.8,30
155,0419,14.4,19.8,9.9,30
155,0420,14.6,20.0,10.1,30
155,0421,14.7,20.2,10.2,30
155,0422,14.9,20.3,10.4,30
155,0423,15.1,20.4,10.6,30
155,0424,15.3,20.5,10.8,30
155,0425,15.4,20.6,11.0,30
155,0426,15.6,20.8,11.2,30
155,0427,15.8,21.0,11.4,30
155,0428,16.0,21.3,11.6,30
155,0429,16.1,21.4,11.7,30
155,0430,16.3,21.6,11.8,30
155,0501,16.5,21.8,12.0,30
155,0502,16.6,22.0,12.2,30
155,0503,16.8,22.0,12.4,30
155,0504,16.9,22.1,12.5,30
155,0505,17.0,22.2,12.7,30
155,0506,17.2,22.3,12.9,30
155,0507,17.3,22.5,13.1,30
155,0508,17.4,22.6,13.2,30
155,0509,17.5,22.7,13.3,30
155,0510,17.6,22.8,13.4,30
155,0511,17.7,22.9,13.5,30
155,0512,17.8,22.9,13.6,30
155,0513,18.0,23.0,13.7,30
155,0514,18.1,23.2,13.8,30
155,0515,18.2,23.4,13.9,30
155,0516,18.3,23.5,14.1,30
155,0517,18.5,23.7,14.2,30
155,0518,18.7,23.9,14.4,30
155,0519,18.9,24.1,14.6,30
155,0520,19.0,24.3,14.8,30
155,0521,19.2,24.4,14.9,30
155,0522,19.3,24.6,15.0,30
155,0523,19.5,24.7,15.2,30
155,0524,19.6,24.9,15.2,30
155,0525,19.7,25.0,15.4,30
155,0526,19.8,25.1,15.5,30
155,0527,19.9,25.2,15.7,30
155,0528,20.1,25.3,15.8,30
155,0529,20.2,25.4,16.0,30
155,0530,20.3,25.5,16.1,30
155,0531,20.3,25.5,16.3,30
155,0601,20.4,25.5,16.4,30
155,0602,20.5,25.5,16.5,30
155,0603,20.6,25.5,16.7,30
155,0604,20.7,25.6,16.9,30
155,0605,20.8,25.7,17.0,30
155,0606,20.9,25.7,17.2,30
155,0607,21.0,25.8,17.3,30
155,0608,21.1,25.9,17.5,30
155,0609,21.2,25.9,17.7,30
155,0610,21.4,26.0,17.8,30
155,0611,21.4,26.1,17.9,30
155,0612,21.5,26.1,18.1,30
155,0613,21.6,26.1,18.2,30
155,0614,21.8,26.2,18.4,30
155,0615,21.9,26.3,18.5,30
155,0616,22.0,26.3,18.7,30
155,0617,22.0,26.3,18.7,30
155,0618,22.1,26.4,18.8,30
155,0619,22.1,26.4,18.9,30
155,0620,22.2,26.4,19.1,30
155,0621,22.3,26.4,19.2,30
155,0622,22.4,26.4,19.3,30
155,0623,22.5,26.4,19.5,30
155,0624,22.5,26.4,19.6,30
155,0625,22.7,26.5,19.8,30
155,0626,22.8,26.6,20.0,30
155,0627,22.9,26.6,20.1,30
155,0628,23.0,26.7,20.3,30
155,0629,23.0,26.7,20.3,30
155,0630,23.1,26.7,20.4,30
155,0701,23.2,26.8,20.6,30
155,0702,23.4,27.0,20.8,30
155,0703,23.5,27.1,20.9,30
155,0704,23.7,27.2,21.1,30
155,0705,23.8,27.3,21.2,30
155,0706,23.9,27.4,21.4,30
155,0707,24.0,27.5,21.5,30
155,0708,24.1,27.6,21.6,30
155,0709,24.2,27.7,21.7,30
155,0710,24.3,27.9,21.8,30
155,0711,24.4,28.0,21.9,30
155,0712,24.6,28.1,21.9,30
155,0713,24.7,28.3,22.1,30
155,0714,24.9,28.5,22.3,30
155,0715,25.1,28.7,22.4,30
155,0716,25.3,28.9,22.6,30
155,0717,25.4,29.1,22.7,30
155,0718,25.5,29.3,22.8,30
155,0719,25.7,29.5,22.9,30
155,0720,25.8,29.7,23.1,30
155,0721,26.0,29.9,23.2,30
155,0722,26.1,30.0,23.3,30
155,0723,26.3,30.2,23.4,30
155,0724,26.4,30.4,23.5,30
155,0725,26.6,30.6,23.7,30
155,0726,26.7,30.7,23.8,30
155,0727,26.8,30.8,24.0,30
155,0728,26.9,30.9,24.0,30
155,0729,27.0,31.0,24.1,30
155,0730,27.1,31.0,24.1,30
155,0731,27.1,31.1,24.1,30
155,0801,27.2,31.1,24.2,30
155,0802,27.2,31.1,24.3,30
155,0803,27.2,31.2,24.3,30
155,0804,27.2,31.2,24.3,30
155,0805,27.3,31.2,24.3,30
155,0806,27.3,31.2,24.3,30
155,0807,27.2,31.1,24.3,30
155,0808,27.2,31.1,24.3,30
155,0809,27.1,31.0,24.2,30
155,0810,27.1,31.0,24.2,30
155,0811,27.0,30.9,24.1,30
155,0812,27.0,30.9,24.1,30
155,0813,26.9,30.8,24.0,30
155,0814,26.8,30.7,23.9,30
155,0815,26.7,30.7,23.9,30
155,0816,26.6,30.5,23.8,30
155,0817,26.6,30.5,23.6,30
155,0818,26.5,30.4,23.5,30
155,0819,26.3,30.2,23.4,30
155,0820,26.2,30.1,23.3,30
155,0821,26.1,30.1,23.2,30
155,0822,26.1,30.0,23.1,30
155,0823,25.9,29.9,23.0,30
155,0824,25.8,29.8,22.9,30
155,0825,25.7,29.7,22.7,30
155,0826,25.6,29.6,22.6,30
155,0827,25.5,29.5,22.5,30
155,0828,25.4,29.4,22.3,30
155,0829,25.2,29.3,22.2,30
155,0830,25.1,29.1,22.0,30
155,0831,24.9,29.0,21.9,30
155,0901,24.8,28.9,21.7,30
155,0902,24.7,28.8,21.6,30
155,0903,24.6,28.7,21.5,30
155,0904,24.4,28.6,21.3,30
155,0905,24.3,28.4,21.2,30
155,0906,24.1,28.2,21.0,30
155,0907,24.0,28.1,20.8,30
155,0908,23.8,28.0,20.7,30
155,0909,23.7,27.8,20.5,30
155,0910,23.5,27.7,20.4,30
155,0911,23.4,27.6,20.2,30
155,0912,23.3,27.5,20.0,30
155,0913,23.1,27.4,19.8,30
155,0914,23.0,27.3,19.7,30
155,0915,22.8,27.1,19.5,30
155,0916,22.6,26.9,19.2,30
155,0917,22.4,26.7,19.0,30
155,0918,22.3,26.6,18.9,30
155,0919,22.1,26.6,18.6,30
155,0920,22.0,26.4,18.4,30
155,0921,21.8,26.3,18.2,30
155,0922,21.6,26.1,18.1,30
155,0923,21.5,25.9,17.9,30
155,0924,21.3,25.8,17.7,30
155,0925,21.1,25.7,17.5,30
155,0926,21.0,25.5,17.3,30
155,0927,20.8,25.3,17.2,30
155,0928,20.6,25.1,17.0,30
155,0929,20.4,25.0,16.8,30
155,0930,20.3,24.9,16.6,30
155,1001,20.2,24.8,16.5,30
155,1002,20.0,24.6,16.3,30
155,1003,19.8,24.5,16.1,30
155,1004,19.7,24.3,15.9,30
155,1005,19.5,24.2,15.8,30
155,1006,19.3,24.1,15.6,30
155,1007,19.2,24.0,15.4,30
155,1008,19.0,23.8,15.1,30
155,1009,18.7,23.6,14.9,30
155,1010,18.5,23.4,14.6,30
155,1011,18.3,23.2,14.4,30
155,1012,18.1,23.0,14.2,30
155,1013,18.0,22.9,14.0,30
155,1014,17.8,22.7,13.8,30
155,1015,17.6,22.6,13.7,30
155,1016,17.4,22.4,13.5,30
155,1017,17.3,22.2,13.3,30
155,1018,17.0,22.0,13.0,30
155,1019,16.8,21.7,12.8,30
155,1020,16.6,21.5,12.5,30
155,1021,16.3,21.3,12.3,30
155,1022,16.1,21.1,12.0,30
155,1023,15.9,20.8,11.8,30
155,1024,15.7,20.6,11.6,30
155,1025,15.4,20.4,11.3,30
155,1026,15.2,20.1,11.1,30
155,1027,14.9,19.8,10.8,30
155,1028,14.7,19.6,10.5,30
155,1029,14.5,19.5,10.2,30
155,1030,14.3,19.4,10.1,30
155,1031,14.2,19.2,9.9,30
155,1101,14.0,19.0,9.8,30
155,1102,13.8,18.8,9.6,30
155,1103,13.7,18.6,9.5,30
155,1104,13.5,18.4,9.3,30
155,1105,13.3,18.2,9.2,30
155,1106,13.1,18.0,9.0,30
155,1107,13.0,17.8,8.8,30
155,1108,12.8,17.6,8.7,30
155,1109,12.6,17.4,8.5,30
155,1110,12.4,17.2,8.3,30
155,1111,12.2,16.9,8.1,30
155,1112,11.9,16.6,7.9,30
155,1113,11.6,16.3,7.6,30
155,1114,11.3,15.9,7.3,30
155,1115,10.9,15.5,6.9,30
155,1116,10.6,15.3,6.6,30
155,1117,10.3,15.0,6.3,30
155,1118,10.1,14.8,6.0,30
155,1119,9.9,14.6,5.8,30
155,1120,9.6,14.3,5.5,30
155,1121,9.3,14.0,5.3,30
155,1122,9.1,13.8,5.1,30
155,1123,8.9,13.6,4.9,30
155,1124,8.8,13.4,4.8,30
155,1125,8.6,13.2,4.6,30
155,1126,8.4,13.0,4.4,30
155,1127,8.2,12.8,4.2,30
155,1128,7.9,12.5,3.9,30
155,1129,7.7,12.3,3.7,30
155,1130,7.5,12.0,3.5,30
155,1201,7.2,11.7,3.3,30
155,1202,7.0,11.5,3.1,30
155,1203,6.7,11.2,2.8,30
155,1204,6.5,11.0,2.6,30
155,1205,6.3,10.7,2.4,30
155,1206,6.0,10.5,2.2,30
155,1207,5.8,10.3,1.8,30
155,1208,5.5,10.0,1.5,30
155,1209,5.2,9.7,1.3,30
155,1210,5.0,9.5,1.0,30
155,1211,4.8,9.3,0.8,30
155,1212,4.6,9.2,0.7,30
155,1213,4.6,9.1,0.6,30
155,1214,4.6,9.1,0.6,30
155,1215,4.5,9.1,0.5,30
155,1216,4.5,9.1,0.5,30
155,1217,4.4,9.0,0.4,30
155,1218,4.3,8.9,0.3,30
155,1219,4.2,8.8,0.2,30
155,1220,4.1,8.7,0.1,30
155,1221,4.0,8.6,-0.0,30
155,1222,3.9,8.6,-0.1,30
155,1223,3.8,8.5,-0.1,30
155,1224,3.7,8.4,-0.2,30
155,1225,3.7,8.3,-0.3,30
155,1226,3.6,8.4,-0.3,30
155,1227,3.6,8.3,-0.4,30
155,1228,3.5,8.2,-0.5,30
155,1229,3.3,8.1,-0.6,30
155,1230,3.2,7.9,-0.7,30
155,1231,3.1,7.8,-0.8,30
156,0101,1.4,6.2,-2.4,30
156,0102,1.3,6.0,-2.5,30
156,0103,1.3,6.0,-2.6,30
156,0104,1.2,5.9,-2.6,30
156,0105,1.2,5.8,-2.6,30
156,0106,1.2,5.8,-2.6,30
156,0107,1.2,5.7,-2.6,30
156,0108,1.2,5.8,-2.6,30
156,0109,1.2,5.8,-2.6,30
156,0110,1.2,5.8,-2.6,30
156,0111,1.2,5.7,-2.6,30
156,0112,1.2,5.7,-2.6,30
156,0113,1.2,5.7,-2.5,30
156,0114,1.1,5.6,-2.6,30
156,0115,1.1,5.6,-2.6,30
156,0116,1.0,5.5,-2.6,30
156,0117,1.0,5.4,-2.6,30
156,0118,0.9,5.4,-2.7,30
156,0119,0.9,5.4,-2.7,30
156,0120,0.9,5.4,-2.8,30
156,0121,0.9,5.4,-2.9,30
156,0122,0.9,5.5,-2.9,30
156,0123,0.9,5.5,-2.8,30
156,0124,0.9,5.5,-2.9,30
156,0125,0.9,5.5,-2.9,30
156,0126,0.8,5.5,-2.9,30
156,0127,0.8,5.4,-3.0,30
156,0128,0.7,5.5,-3.1,30
156,0129,0.8,5.5,-3.1,30
156,0130,0.9,5.7,-3.1,30
156,0131,1.0,5.9,-3.1,30
156,0201,1.1,6.0,-2.9,30
156,0202,1.1,6.1,-2.9,30
156,0203,1.2,6.2,-2.8,30
156,0204,1.3,6.3,-2.7,30
156,0205,1.4,6.4,-2.6,30
156,0206,1.6,6.6,-2.6,30
156,0207,1.7,6.9,-2.5,30
156,0208,1.9,7.0,-2.4,30
156,0209,2.0,7.1,-2.3,30
156,0210,2.1,7.2,-2.1,30
156,0211,2.2,7.4,-2.0,30
156,0212,2.4,7.6,-1.9,30
156,0213,2.5,7.9,-1.8,30
156,0214,2.6,8.0,-1.7,30
156,0215,2.8,8.1,-1.6,30
156,0216,3.0,8.4,-1.5,30
156,0217,3.2,8.7,-1.4,30
156,0218,3.4,8.9,-1.2,30
156,0219,3.6,9.1,-1.0,30
156,0220,3.8,9.4,-0.9,30
156,0221,3.9,9.5,-0.7,30
156,0222,4.0,9.5,-0.6,30
156,0223,4.1,9.7,-0.5,30
156,0224,4.2,9.9,-0.4,30
156,0225,4.4,10.2,-0.3,30
156,0226,4.7,10.4,-0.1,30
156,0227,4.9,10.6,0.1,30
156,0228,5.0,10.7,0.3,30
156,0229,5.2,10.8,0.5,0
156,0301,5.3,11.0,0.6,30
156,0302,5.4,11.2,0.7,30
156,0303,5.5,11.2,0.8,30
156,0304,5.6,11.3,0.8,30
156,0305,5.7,11.5,0.9,30
156,0306,5.8,11.7,1.0,30
156,0307,5.9,11.9,1.0,30
156,0308,6.0,12.0,1.1,30
156,0309,6.2,12.2,1.3,30
156,0310,6.5,12.5,1.5,30
156,0311,6.7,12.7,1.7,30
156,0312,6.9,13.0,1.8,30
156,0313,7.1,13.2,2.0,30
156,0314,7.3,13.4,2.1,30
156,0315,7.5,13.7,2.3,30
156,0316,7.6,13.8,2.5,30
156,0317,7.7,13.9,2.6,30
156,0318,7.8,14.0,2.7,30
156,0319,8.1,14.2,2.9,30
156,0320,8.3,14.4,3.1,30
156,0321,8.4,14.6,3.3,30
156,0322,8.6,14.8,3.5,30
156,0323,8.8,15.0,3.6,30
156,0324,8.9,15.2,3.7,30
156,0325,9.1,15.4,3.9,30
156,0326,9.3,15.6,4.1,30
156,0327,9.4,15.7,4.2,30
156,0328,9.5,15.8,4.3,30
156,0329,9.7,16.1,4.5,30
156,0330,9.9,16.3,4.7,30
156,0331,10.2,16.6,4.9,30
156,0401,10.5,17.0,5.1,30
156,0402,10.8,17.4,5.4,30
156,0403,11.1,17.6,5.6,30
156,0404,11.2,17.7,5.9,30
156,0405,11.4,17.9,6.1,30
156,0406,11.6,18.0,6.2,30
156,0407,11.7,18.2,6.3,30
156,0408,11.9,18.4,6.4,30
156,0409,12.1,18.7,6.6,30
156,0410,12.3,19.0,6.8,30
156,0411,12.6,19.2,7.0,30
156,0412,12.8,19.4,7.2,30
156,0413,13.0,19.5,7.4,30
156,0414,13.2,19.8,7.7,30
156,0415,13.4,19.9,7.9,30
156,0416,13.6,20.0,8.1,30
156,0417,13.7,20.1,8.2,30
156,0418,13.8,20.3,8.3,30
156,0419,14.0,20.5,8.4,30
156,0420,14.1,20.7,8.5,30
156,0421,14.3,21.0,8.6,30
156,0422,14.6,21.2,8.9,30
156,0423,14.9,21.3,9.3,30
156,0424,15.1,21.5,9.5,30
156,0425,15.3,21.6,9.8,30
156,0426,15.5,21.8,10.0,30
156,0427,15.7,22.0,10.2,30
156,0428,15.9,22.2,10.4,30
156,0429,16.0,22.4,10.5,30
156,0430,16.2,22.6,10.6,30
156,0501,16.4,22.8,10.8,30
156,0502,16.6,23.0,11.1,30
156,0503,16.8,23.1,11.3,30
156,0504,17.0,23.2,11.5,30
156,0505,17.2,23.3,11.8,30
156,0506,17.3,23.4,12.0,30
156,0507,17.5,23.6,12.1,30
156,0508,17.6,23.6,12.3,30
156,0509,17.7,23.7,12.4,30
156,0510,17.7,23.8,12.5,30
156,0511,17.8,23.8,12.6,30
156,0512,17.9,23.9,12.7,30
156,0513,18.0,24.0,12.9,30
156,0514,18.2,24.2,13.0,30
156,0515,18.4,24.4,13.2,30
156,0516,18.5,24.5,13.3,30
156,0517,18.7,24.6,13.5,30
156,0518,18.9,24.9,13.7,30
156,0519,19.1,25.0,13.9,30
156,0520,19.2,25.3,14.0,30
156,0521,19.4,25.4,14.2,30
156,0522,19.6,25.6,14.3,30
156,0523,19.7,25.7,14.5,30
156,0524,19.8,26.0,14.6,30
156,0525,20.0,26.1,14.7,30
156,0526,20.2,26.3,14.9,30
156,0527,20.4,26.5,15.1,30
156,0528,20.6,26.6,15.3,30
156,0529,20.7,26.8,15.6,30
156,0530,20.9,26.9,15.8,30
156,0531,21.0,27.0,16.0,30
156,0601,21.1,27.1,16.1,30
156,0602,21.3,27.2,16.3,30
156,0603,21.4,27.3,16.6,30
156,0604,21.6,27.5,16.8,30
156,0605,21.7,27.6,17.0,30
156,0606,21.8,27.6,17.2,30
156,0607,22.0,27.7,17.4,30
156,0608,22.1,27.7,17.6,30
156,0609,22.2,27.9,17.8,30
156,0610,22.4,28.0,17.9,30
156,0611,22.4,28.0,18.1,30
156,0612,22.5,28.1,18.3,30
156,0613,22.6,28.1,18.4,30
156,0614,22.7,28.1,18.5,30
156,0615,22.8,28.1,18.7,30
156,0616,22.9,28.2,18.8,30
156,0617,22.9,28.1,18.9,30
156,0618,23.0,28.1,19.0,30
156,0619,23.0,28.1,19.1,30
156,0620,23.1,28.1,19.3,30
156,0621,23.2,28.1,19.4,30
156,0622,23.3,28.2,19.6,30
156,0623,23.4,28.1,19.7,30
156,0624,23.4,28.0,19.9,30
156,0625,23.5,28.0,20.1,30
156,0626,23.6,28.0,20.3,30
156,0627,23.6,27.9,20.4,30
156,0628,23.7,28.0,20.6,30
156,0629,23.8,27.9,20.7,30
156,0630,23.9,28.0,20.8,30
156,0701,24.0,28.1,20.9,30
156,0702,24.1,28.2,21.1,30
156,0703,24.2,28.3,21.2,30
156,0704,24.3,28.4,21.4,30
156,0705,24.4,28.4,21.5,30
156,0706,24.5,28.5,21.6,30
156,0707,24.6,28.6,21.7,30
156,0708,24.8,28.7,21.9,30
156,0709,24.9,28.8,22.0,30
156,0710,24.9,29.0,22.0,30
156,0711,25.1,29.1,22.1,30
156,0712,25.2,29.3,22.2,30
156,0713,25.4,29.4,22.4,30
156,0714,25.5,29.6,22.5,30
156,0715,25.7,29.8,22.7,30
156,0716,25.8,29.9,22.8,30
156,0717,25.9,30.0,23.0,30
156,0718,26.1,30.2,23.1,30
156,0719,26.3,30.4,23.2,30
156,0720,26.4,30.6,23.3,30
156,0721,26.5,30.8,23.4,30
156,0722,26.7,30.9,23.6,30
156,0723,26.8,31.1,23.7,30
156,0724,27.0,31.4,23.8,30
156,0725,27.2,31.5,23.9,30
156,0726,27.3,31.7,24.1,30
156,0727,27.4,31.7,24.2,30
156,0728,27.4,31.8,24.2,30
156,0729,27.5,31.9,24.2,30
156,0730,27.5,32.0,24.3,30
156,0731,27.5,32.0,24.3,30
156,0801,27.6,32.1,24.3,30
156,0802,27.6,32.1,24.3,30
156,0803,27.6,32.1,24.3,30
156,0804,27.5,32.0,24.2,30
156,0805,27.5,32.0,24.2,30
156,0806,27.5,31.9,24.2,30
156,0807,27.4,31.9,24.1,30
156,0808,27.4,31.8,24.1,30
156,0809,27.3,31.7,24.0,30
156,0810,27.2,31.6,23.9,30
156,0811,27.1,31.6,23.8,30
156,0812,27.1,31.5,23.8,30
156,0813,26.9,31.4,23.7,30
156,0814,26.8,31.2,23.6,30
156,0815,26.7,31.1,23.5,30
156,0816,26.6,31.0,23.4,30
156,0817,26.5,30.8,23.3,30
156,0818,26.4,30.7,23.2,30
156,0819,26.3,30.6,23.0,30
156,0820,26.1,30.5,22.9,30
156,0821,26.0,30.4,22.7,30
156,0822,25.9,30.3,22.6,30
156,0823,25.7,30.1,22.4,30
156,0824,25.6,30.0,22.2,30
156,0825,25.4,29.8,22.1,30
156,0826,25.3,29.7,21.9,30
156,0827,25.2,29.6,21.8,30
156,0828,25.1,29.5,21.6,30
156,0829,24.9,29.4,21.5,30
156,0830,24.7,29.2,21.3,30
156,0831,24.6,29.1,21.1,30
156,0901,24.5,29.0,20.9,30
156,0902,24.3,28.9,20.7,30
156,0903,24.2,28.8,20.6,30
156,0904,24.0,28.7,20.4,30
156,0905,23.9,28.5,20.3,30
156,0906,23.7,28.3,20.1,30
156,0907,23.6,28.3,19.9,30
156,0908,23.4,28.2,19.8,30
156,0909,23.3,28.0,19.6,30
156,0910,23.1,27.9,19.4,30
156,0911,23.0,27.8,19.2,30
156,0912,22.8,27.6,19.0,30
156,0913,22.6,27.5,18.8,30
156,0914,22.5,27.4,18.5,30
156,0915,22.3,27.2,18.3,30
156,0916,22.0,27.0,18.1,30
156,0917,21.9,26.9,17.9,30
156,0918,21.7,26.8,17.7,30
156,0919,21.6,26.7,17.4,30
156,0920,21.4,26.6,17.2,30
156,0921,21.2,26.4,17.0,30
156,0922,21.1,26.3,16.8,30
156,0923,20.9,26.1,16.6,30
156,0924,20.7,25.9,16.4,30
156,0925,20.5,25.7,16.2,30
156,0926,20.3,25.5,15.9,30
156,0927,20.0,25.3,15.7,30
156,0928,19.8,25.1,15.4,30
156,0929,19.6,24.9,15.2,30
156,0930,19.4,24.7,15.0,30
156,1001,19.2,24.6,14.7,30
156,1002,19.0,24.5,14.5,30
156,1003,18.8,24.3,14.3,30
156,1004,18.6,24.1,14.0,30
156,1005,18.4,23.9,13.8,30
156,1006,18.1,23.8,13.5,30
156,1007,17.9,23.6,13.3,30
156,1008,17.7,23.5,13.0,30
156,1009,17.4,23.2,12.7,30
156,1010,17.2,23.1,12.4,30
156,1011,17.0,22.9,12.1,30
156,1012,16.8,22.7,11.9,30
156,1013,16.7,22.7,11.7,30
156,1014,16.5,22.5,11.6,30
156,1015,16.4,22.4,11.4,30
156,1016,16.2,22.2,11.3,30
156,1017,16.0,22.0,11.1,30
156,1018,15.8,21.7,10.9,30
156,1019,15.6,21.5,10.6,30
156,1020,15.3,21.3,10.4,30
156,1021,15.1,21.1,10.2,30
156,1022,14.9,20.8,10.0,30
156,1023,14.7,20.6,9.8,30
156,1024,14.4,20.3,9.6,30
156,1025,14.2,20.0,9.4,30
156,1026,13.9,19.7,9.1,30
156,1027,13.7,19.4,8.9,30
156,1028,13.4,19.2,8.6,30
156,1029,13.2,19.0,8.4,30
156,1030,13.1,18.9,8.2,30
156,1031,12.9,18.8,8.0,30
156,1101,12.7,18.5,7.9,30
156,1102,12.5,18.3,7.7,30
156,1103,12.4,18.2,7.6,30
156,1104,12.3,17.9,7.5,30
156,1105,12.1,17.7,7.3,30
156,1106,11.9,17.6,7.1,30
156,1107,11.7,17.3,7.0,30
156,1108,11.5,17.1,6.9,30
156,1109,11.3,16.9,6.7,30
156,1110,11.2,16.7,6.5,30
156,1111,10.9,16.4,6.3,30
156,1112,10.6,16.0,6.1,30
156,1113,10.3,15.6,5.9,30
156,1114,9.9,15.2,5.5,30
156,1115,9.6,14.8,5.1,30
156,1116,9.3,14.6,4.8,30
156,1117,9.1,14.3,4.6,30
156,1118,8.8,14.1,4.3,30
156,1119,8.5,13.9,4.0,30
156,1120,8.2,13.5,3.8,30
156,1121,8.0,13.3,3.6,30
156,1122,7.8,13.1,3.3,30
156,1123,7.6,12.9,3.2,30
156,1124,7.4,12.7,3.0,30
156,1125,7.2,12.5,2.8,30
156,1126,7.0,12.3,2.6,30
156,1127,6.8,12.0,2.4,30
156,1128,6.5,11.8,2.1,30
156,1129,6.3,11.5,1.9,30
156,1130,6.1,11.2,1.8,30
156,1201,5.8,10.9,1.6,30
156,1202,5.5,10.6,1.4,30
156,1203,5.3,10.3,1.2,30
156,1204,5.1,10.0,1.0,30
156,1205,4.9,9.7,0.8,30
156,1206,4.6,9.5,0.6,30
156,1207,4.4,9.2,0.3,30
156,1208,4.1,8.9,0.1,30
156,1209,3.9,8.6,-0.1,30
156,1210,3.7,8.4,-0.3,30
156,1211,3.5,8.2,-0.4,30
156,1212,3.4,8.0,-0.6,30
156,1213,3.3,8.0,-0.6,30
156,1214,3.3,8.0,-0.6,30
156,1215,3.2,8.0,-0.8,30
156,1216,3.2,7.9,-0.8,30
156,1217,3.1,7.9,-0.8,30
156,1218,3.0,7.8,-0.9,30
156,1219,2.9,7.7,-1.0,30
156,1220,2.8,7.6,-1.2,30
156,1221,2.7,7.5,-1.3,30
156,1222,2.5,7.4,-1.4,30
156,1223,2.4,7.3,-1.5,30
156,1224,2.3,7.1,-1.6,30
156,1225,2.2,7.0,-1.7,30
156,1226,2.1,7.0,-1.8,30
156,1227,2.1,6.9,-1.8,30
156,1228,1.9,6.7,-2.0,30
156,1229,1.8,6.6,-2.2,30
156,1230,1.7,6.5,-2.2,30
156,1231,1.6,6.3,-2.3,30
159,0101,4.1,8.9,0.4,30
159,0102,4.0,8.7,0.2,30
159,0103,3.9,8.6,0.1,30
159,0104,3.8,8.6,0.1,30
159,0105,3.8,8.5,0.1,30
159,0106,3.7,8.4,0.0,30
159,0107,3.7,8.3,-0.0,30
159,0108,3.7,8.3,0.0,30
159,0109,3.7,8.3,0.0,30
159,0110,3.6,8.2,0.0,30
159,0111,3.6,8.2,0.0,30
159,0112,3.6,8.2,-0.0,30
159,0113,3.6,8.2,0.0,30
159,0114,3.5,8.1,-0.0,30
159,0115,3.5,8.0,-0.1,30
159,0116,3.5,8.0,-0.1,30
159,0117,3.4,7.9,-0.2,30
159,0118,3.4,7.9,-0.2,30
159,0119,3.4,7.9,-0.2,30
159,0120,3.4,7.9,-0.3,30
159,0121,3.4,8.0,-0.3,30
159,0122,3.4,8.0,-0.2,30
159,0123,3.4,8.0,-0.2,30
159,0124,3.4,8.0,-0.2,30
159,0125,3.4,8.0,-0.3,30
159,0126,3.4,8.0,-0.4,30
159,0127,3.4,8.0,-0.4,30
159,0128,3.4,8.1,-0.4,30
159,0129,3.4,8.1,-0.4,30
159,0130,3.5,8.3,-0.3,30
159,0131,3.7,8.5,-0.2,30
159,0201,3.8,8.6,-0.1,30
159,0202,3.8,8.7,-0.1,30
159,0203,3.9,8.7,-0.0,30
159,0204,4.0,8.8,0.1,30
159,0205,4.0,8.9,0.1,30
159,0206,4.2,9.0,0.2,30
159,0207,4.3,9.2,0.4,30
159,0208,4.5,9.4,0.6,30
159,0209,4.6,9.5,0.7,30
159,0210,4.7,9.6,0.8,30
159,0211,4.8,9.7,0.9,30
159,0212,5.0,9.8,1.1,30
159,0213,5.1,9.9,1.2,30
159,0214,5.2,10.0,1.2,30
159,0215,5.3,10.1,1.3,30
159,0216,5.4,10.3,1.5,30
159,0217,5.6,10.4,1.7,30
159,0218,5.8,10.6,1.9,30
159,0219,6.0,10.8,2.1,30
159,0220,6.1,10.9,2.2,30
159,0221,6.3,11.0,2.4,30
159,0222,6.3,11.0,2.5,30
159,0223,6.3,11.1,2.5,30
159,0224,6.5,11.2,2.6,30
159,0225,6.6,11.4,2.8,30
159,0226,6.8,11.5,3.0,30
159,0227,7.0,11.7,3.1,30
159,0228,7.1,11.8,3.3,30
159,0229,7.2,11.8,3.4,0
159,0301,7.2,11.9,3.5,30
159,0302,7.4,12.0,3.6,30
159,0303,7.5,12.1,3.7,30
159,0304,7.5,12.2,3.8,30
159,0305,7.6,12.3,3.8,30
159,0306,7.7,12.5,3.9,30
159,0307,7.8,12.6,3.9,30
159,0308,7.9,12.6,4.0,30
159,0309,8.0,12.8,4.1,30
159,0310,8.2,12.9,4.3,30
159,0311,8.4,13.1,4.5,30
159,0312,8.6,13.3,4.7,30
159,0313,8.7,13.4,4.8,30
159,0314,8.8,13.6,4.9,30
159,0315,9.0,13.7,5.1,30
159,0316,9.1,13.9,5.3,30
159,0317,9.2,13.9,5.4,30
159,0318,9.4,14.1,5.5,30
159,0319,9.5,14.2,5.7,30
159,0320,9.7,14.4,5.9,30
159,0321,9.9,14.5,6.1,30
159,0322,10.0,14.6,6.3,30
159,0323,10.2,14.7,6.4,30
159,0324,10.3,14.9,6.6,30
159,0325,10.4,15.0,6.7,30
159,0326,10.6,15.2,6.8,30
159,0327,10.7,15.3,6.9,30
159,0328,10.8,15.4,7.0,30
159,0329,10.9,15.5,7.2,30
159,0330,11.1,15.7,7.4,30
159,0331,11.3,15.9,7.5,30
159,0401,11.5,16.2,7.7,30
159,0402,11.7,16.3,7.9,30
159,0403,11.9,16.5,8.1,30
159,0404,12.0,16.6,8.3,30
159,0405,12.1,16.7,8.4,30
159,0406,12.3,16.8,8.5,30
159,0407,12.4,17.0,8.7,30
159,0408,12.6,17.2,8.9,30
159,0409,12.8,17.3,9.0,30
159,0410,12.9,17.5,9.2,30
159,0411,13.1,17.7,9.5,30
159,0412,13.3,17.8,9.7,30
159,0413,13.4,17.9,9.8,30
159,0414,13.6,18.0,10.0,30
159,0415,13.8,18.2,10.2,30
159,0416,13.9,18.2,10.4,30
159,0417,14.0,18.4,10.5,30
159,0418,14.2,18.6,10.6,30
159,0419,14.3,18.7,10.8,30
159,0420,14.5,18.9,10.9,30
159,0421,14.6,19.1,11.0,30
159,0422,14.8,19.2,11.2,30
159,0423,14.9,19.3,11.4,30
159,0424,15.1,19.4,11.6,30
159,0425,15.2,19.5,11.7,30
159,0426,15.3,19.6,11.9,30
159,0427,15.5,19.8,12.1,30
159,0428,15.7,20.0,12.2,30
159,0429,15.9,20.1,12.4,30
159,0430,16.0,20.3,12.5,30
159,0501,16.2,20.5,12.7,30
159,0502,16.3,20.6,12.8,30
159,0503,16.4,20.6,12.9,30
159,0504,16.5,20.7,13.1,30
159,0505,16.6,20.7,13.2,30
159,0506,16.7,20.8,13.4,30
159,0507,16.8,21.0,13.5,30
159,0508,16.9,21.0,13.6,30
159,0509,17.0,21.1,13.7,30
159,0510,17.1,21.2,13.8,30
159,0511,17.2,21.3,13.9,30
159,0512,17.3,21.4,14.0,30
159,0513,17.4,21.4,14.1,30
159,0514,17.5,21.6,14.2,30
159,0515,17.7,21.7,14.3,30
159,0516,17.8,21.9,14.4,30
159,0517,17.9,22.0,14.6,30
159,0518,18.1,22.2,14.8,30
159,0519,18.2,22.3,15.0,30
159,0520,18.4,22.5,15.1,30
159,0521,18.5,22.6,15.2,30
159,0522,18.6,22.8,15.3,30
159,0523,18.7,22.9,15.5,30
159,0524,18.8,23.1,15.5,30
159,0525,19.0,23.2,15.6,30
159,0526,19.1,23.3,15.8,30
159,0527,19.2,23.4,15.9,30
159,0528,19.3,23.5,16.0,30
159,0529,19.4,23.6,16.2,30
159,0530,19.5,23.7,16.2,30
159,0531,19.5,23.7,16.3,30
159,0601,19.6,23.8,16.4,30
159,0602,19.7,23.8,16.6,30
159,0603,19.8,23.9,16.7,30
159,0604,19.9,24.0,16.8,30
159,0605,20.1,24.1,17.0,30
159,0606,20.2,24.1,17.1,30
159,0607,20.3,24.2,17.3,30
159,0608,20.4,24.3,17.4,30
159,0609,20.5,24.4,17.6,30
159,0610,20.6,24.5,17.7,30
159,0611,20.7,24.6,17.8,30
159,0612,20.8,24.6,17.9,30
159,0613,20.9,24.6,18.1,30
159,0614,21.0,24.7,18.2,30
159,0615,21.1,24.7,18.4,30
159,0616,21.2,24.8,18.5,30
159,0617,21.2,24.8,18.5,30
159,0618,21.3,24.8,18.6,30
159,0619,21.4,24.8,18.7,30
159,0620,21.4,24.9,18.9,30
159,0621,21.5,24.9,19.0,30
159,0622,21.6,24.9,19.1,30
159,0623,21.7,24.9,19.2,30
159,0624,21.8,25.0,19.4,30
159,0625,21.9,25.0,19.5,30
159,0626,22.0,25.1,19.6,30
159,0627,22.0,25.2,19.8,30
159,0628,22.1,25.2,19.8,30
159,0629,22.2,25.3,19.9,30
159,0630,22.3,25.3,20.0,30
159,0701,22.4,25.4,20.1,30
159,0702,22.5,25.5,20.3,30
159,0703,22.6,25.7,20.4,30
159,0704,22.8,25.8,20.5,30
159,0705,22.9,25.9,20.7,30
159,0706,23.0,25.9,20.8,30
159,0707,23.1,26.1,20.9,30
159,0708,23.2,26.2,21.0,30
159,0709,23.3,26.3,21.1,30
159,0710,23.4,26.4,21.2,30
159,0711,23.5,26.5,21.3,30
159,0712,23.7,26.7,21.4,30
159,0713,23.8,26.9,21.6,30
159,0714,24.0,27.0,21.8,30
159,0715,24.2,27.2,21.9,30
159,0716,24.4,27.4,22.1,30
159,0717,24.5,27.6,22.2,30
159,0718,24.7,27.8,22.4,30
159,0719,24.8,27.9,22.5,30
159,0720,25.0,28.1,22.6,30
159,0721,25.2,28.4,22.8,30
159,0722,25.3,28.5,22.9,30
159,0723,25.5,28.7,23.0,30
159,0724,25.7,28.9,23.2,30
159,0725,25.8,29.1,23.4,30
159,0726,26.0,29.3,23.5,30
159,0727,26.1,29.4,23.7,30
159,0728,26.2,29.5,23.8,30
159,0729,26.3,29.6,23.9,30
159,0730,26.4,29.7,23.9,30
159,0731,26.4,29.8,24.0,30
159,0801,26.5,29.9,24.1,30
159,0802,26.6,29.9,24.2,30
159,0803,26.6,30.0,24.2,30
159,0804,26.7,30.0,24.3,30
159,0805,26.7,30.1,24.3,30
159,0806,26.7,30.1,24.3,30
159,0807,26.7,30.1,24.3,30
159,0808,26.7,30.0,24.3,30
159,0809,26.6,30.0,24.2,30
159,0810,26.6,30.0,24.2,30
159,0811,26.6,29.9,24.1,30
159,0812,26.5,29.9,24.1,30
159,0813,26.5,29.8,24.1,30
159,0814,26.4,29.7,24.0,30
159,0815,26.3,29.7,23.9,30
159,0816,26.2,29.6,23.9,30
159,0817,26.2,29.5,23.8,30
159,0818,26.1,29.5,23.7,30
159,0819,26.0,29.4,23.6,30
159,0820,25.9,29.3,23.5,30
159,0821,25.8,29.2,23.4,30
159,0822,25.7,29.2,23.3,30
159,0823,25.6,29.1,23.2,30
159,0824,25.5,29.0,23.1,30
159,0825,25.4,28.9,23.0,30
159,0826,25.3,28.8,22.9,30
159,0827,25.2,28.7,22.8,30
159,0828,25.1,28.7,22.6,30
159,0829,25.0,28.6,22.5,30
159,0830,24.8,28.4,22.3,30
159,0831,24.7,28.3,22.2,30
159,0901,24.6,28.1,22.0,30
159,0902,24.5,28.0,21.9,30
159,0903,24.3,28.0,21.7,30
159,0904,24.2,27.8,21.6,30
159,0905,24.1,27.7,21.5,30
159,0906,23.9,27.5,21.3,30
159,0907,23.8,27.4,21.2,30
159,0908,23.7,27.3,21.0,30
159,0909,23.5,27.2,20.9,30
159,0910,23.4,27.0,20.7,30
159,0911,23.2,26.9,20.6,30
159,0912,23.1,26.8,20.4,30
159,0913,23.0,26.7,20.3,30
159,0914,22.9,26.6,20.1,30
159,0915,22.7,26.5,20.0,30
159,0916,22.5,26.3,19.8,30
159,0917,22.4,26.2,19.6,30
159,0918,22.2,26.1,19.5,30
159,0919,22.1,26.0,19.3,30
159,0920,22.0,25.9,19.1,30
159,0921,21.8,25.8,19.0,30
159,0922,21.7,25.7,18.8,30
159,0923,21.5,25.5,18.7,30
159,0924,21.4,25.4,18.5,30
159,0925,21.2,25.3,18.3,30
159,0926,21.1,25.3,18.2,30
159,0927,20.9,25.1,18.0,30
159,0928,20.8,25.0,17.8,30
159,0929,20.6,24.9,17.6,30
159,0930,20.5,24.8,17.5,30
159,1001,20.4,24.7,17.3,30
159,1002,20.2,24.6,17.2,30
159,1003,20.1,24.5,17.0,30
159,1004,20.0,24.3,16.9,30
159,1005,19.8,24.2,16.7,30
159,1006,19.7,24.1,16.5,30
159,1007,19.6,24.1,16.3,30
159,1008,19.4,23.9,16.1,30
159,1009,19.2,23.7,15.9,30
159,1010,19.0,23.6,15.7,30
159,1011,18.8,23.4,15.4,30
159,1012,18.6,23.3,15.3,30
159,1013,18.5,23.1,15.1,30
159,1014,18.4,23.0,15.0,30
159,1015,18.2,22.8,14.8,30
159,1016,18.0,22.6,14.6,30
159,1017,17.8,22.5,14.4,30
159,1018,17.6,22.3,14.2,30
159,1019,17.4,22.1,13.9,30
159,1020,17.2,21.9,13.7,30
159,1021,17.0,21.7,13.5,30
159,1022,16.8,21.5,13.2,30
159,1023,16.6,21.3,13.0,30
159,1024,16.4,21.1,12.8,30
159,1025,16.2,20.9,12.6,30
159,1026,15.9,20.6,12.4,30
159,1027,15.7,20.4,12.1,30
159,1028,15.5,20.2,11.8,30
159,1029,15.3,20.1,11.7,30
159,1030,15.2,20.1,11.6,30
159,1031,15.1,20.0,11.4,30
159,1101,15.0,19.8,11.3,30
159,1102,14.8,19.6,11.1,30
159,1103,14.6,19.4,11.0,30
159,1104,14.4,19.2,10.8,30
159,1105,14.2,19.0,10.6,30
159,1106,14.1,18.8,10.5,30
159,1107,13.9,18.7,10.3,30
159,1108,13.7,18.5,10.1,30
159,1109,13.6,18.3,9.9,30
159,1110,13.4,18.1,9.8,30
159,1111,13.1,17.8,9.5,30
159,1112,12.9,17.5,9.3,30
159,1113,12.6,17.2,9.0,30
159,1114,12.2,16.8,8.6,30
159,1115,11.9,16.5,8.2,30
159,1116,11.6,16.3,7.9,30
159,1117,11.4,16.1,7.7,30
159,1118,11.2,15.9,7.5,30
159,1119,11.0,15.7,7.2,30
159,1120,10.7,15.4,7.0,30
159,1121,10.5,15.2,6.7,30
159,1122,10.3,15.0,6.5,30
159,1123,10.1,14.8,6.4,30
159,1124,10.0,14.6,6.2,30
159,1125,9.8,14.4,6.1,30
159,1126,9.6,14.3,5.9,30
159,1127,9.4,14.1,5.7,30
159,1128,9.2,13.8,5.4,30
159,1129,8.9,13.5,5.2,30
159,1130,8.7,13.3,5.0,30
159,1201,8.4,13.0,4.7,30
159,1202,8.2,12.7,4.4,30
159,1203,7.9,12.5,4.2,30
159,1204,7.7,12.2,4.0,30
159,1205,7.4,11.9,3.7,30
159,1206,7.2,11.7,3.5,30
159,1207,6.9,11.5,3.2,30
159,1208,6.7,11.2,2.9,30
159,1209,6.4,10.9,2.7,30
159,1210,6.2,10.7,2.4,30
159,1211,5.9,10.5,2.2,30
159,1212,5.8,10.3,2.0,30
159,1213,5.8,10.3,2.0,30
159,1214,5.7,10.3,2.0,30
159,1215,5.7,10.2,2.0,30
159,1216,5.7,10.2,1.9,30
159,1217,5.6,10.2,1.9,30
159,1218,5.5,10.1,1.8,30
159,1219,5.4,9.9,1.7,30
159,1220,5.3,9.9,1.6,30
159,1221,5.2,9.8,1.5,30
159,1222,5.1,9.7,1.4,30
159,1223,5.1,9.7,1.3,30
159,1224,4.9,9.6,1.2,30
159,1225,4.9,9.6,1.1,30
159,1226,4.9,9.6,1.1,30
159,1227,4.8,9.5,1.0,30
159,1228,4.6,9.4,0.9,30
159,1229,4.5,9.3,0.7,30
159,1230,4.4,9.2,0.6,30
159,1231,4.3,9.0,0.5,30
162,0101,3.7,8.7,-0.3,30
162,0102,3.5,8.5,-0.5,30
162,0103,3.4,8.4,-0.6,30
162,0104,3.4,8.4,-0.7,30
162,0105,3.3,8.3,-0.7,30
162,0106,3.3,8.2,-0.7,30
162,0107,3.3,8.1,-0.7,30
162,0108,3.2,8.1,-0.7,30
162,0109,3.2,8.1,-0.7,30
162,0110,3.2,8.0,-0.7,30
162,0111,3.2,8.0,-0.7,30
162,0112,3.1,7.9,-0.8,30
162,0113,3.2,7.9,-0.7,30
162,0114,3.1,7.8,-0.8,30
162,0115,3.0,7.7,-0.8,30
162,0116,3.0,7.7,-0.8,30
162,0117,3.0,7.6,-0.9,30
162,0118,2.9,7.6,-0.9,30
162,0119,2.9,7.6,-0.9,30
162,0120,2.9,7.6,-0.9,30
162,0121,2.9,7.6,-0.9,30
162,0122,3.0,7.7,-0.9,30
162,0123,3.0,7.7,-0.9,30
162,0124,3.0,7.7,-0.9,30
162,0125,2.9,7.7,-1.0,30
162,0126,2.9,7.7,-1.0,30
162,0127,2.9,7.7,-1.1,30
162,0128,2.9,7.7,-1.1,30
162,0129,2.9,7.8,-1.1,30
162,0130,3.0,7.9,-1.1,30
162,0131,3.1,8.1,-1.0,30
162,0201,3.2,8.2,-0.9,30
162,0202,3.3,8.2,-0.9,30
162,0203,3.4,8.3,-0.8,30
162,0204,3.4,8.4,-0.7,30
162,0205,3.5,8.4,-0.7,30
162,0206,3.6,8.6,-0.6,30
162,0207,3.8,8.7,-0.4,30
162,0208,3.9,8.9,-0.3,30
162,0209,4.1,9.0,-0.2,30
162,0210,4.2,9.0,-0.0,30
162,0211,4.3,9.1,0.1,30
162,0212,4.4,9.2,0.2,30
162,0213,4.5,9.4,0.4,30
162,0214,4.6,9.4,0.4,30
162,0215,4.7,9.5,0.5,30
162,0216,4.9,9.7,0.7,30
162,0217,5.0,9.9,0.9,30
162,0218,5.2,10.1,1.0,30
162,0219,5.4,10.2,1.2,30
162,0220,5.5,10.3,1.4,30
162,0221,5.7,10.5,1.5,30
162,0222,5.7,10.5,1.6,30
162,0223,5.8,10.6,1.7,30
162,0224,5.9,10.7,1.8,30
162,0225,6.1,10.8,1.9,30
162,0226,6.2,11.0,2.1,30
162,0227,6.4,11.1,2.2,30
162,0228,6.5,11.2,2.4,30
162,0229,6.6,11.3,2.6,0
162,0301,6.7,11.4,2.6,30
162,0302,6.9,11.5,2.7,30
162,0303,7.0,11.6,2.9,30
162,0304,7.0,11.6,2.9,30
162,0305,7.1,11.8,2.9,30
162,0306,7.2,12.0,3.0,30
162,0307,7.3,12.1,3.1,30
162,0308,7.4,12.1,3.1,30
162,0309,7.6,12.2,3.3,30
162,0310,7.7,12.4,3.4,30
162,0311,7.9,12.6,3.6,30
162,0312,8.1,12.8,3.8,30
162,0313,8.3,13.0,4.0,30
162,0314,8.4,13.1,4.2,30
162,0315,8.6,13.3,4.3,30
162,0316,8.8,13.4,4.5,30
162,0317,8.9,13.5,4.6,30
162,0318,9.0,13.7,4.8,30
162,0319,9.2,13.8,4.9,30
162,0320,9.3,14.0,5.1,30
162,0321,9.5,14.0,5.3,30
162,0322,9.6,14.2,5.5,30
162,0323,9.8,14.3,5.6,30
162,0324,9.9,14.5,5.8,30
162,0325,10.0,14.6,5.9,30
162,0326,10.2,14.8,6.0,30
162,0327,10.2,14.9,6.1,30
162,0328,10.3,15.0,6.1,30
162,0329,10.5,15.2,6.3,30
162,0330,10.7,15.3,6.4,30
162,0331,10.8,15.5,6.6,30
162,0401,11.1,15.8,6.8,30
162,0402,11.3,16.0,7.1,30
162,0403,11.5,16.2,7.3,30
162,0404,11.6,16.3,7.4,30
162,0405,11.7,16.4,7.6,30
162,0406,11.9,16.6,7.7,30
162,0407,12.0,16.7,7.8,30
162,0408,12.2,16.9,8.0,30
162,0409,12.3,17.0,8.2,30
162,0410,12.5,17.1,8.4,30
162,0411,12.7,17.3,8.6,30
162,0412,12.9,17.5,8.8,30
162,0413,13.0,17.6,8.9,30
162,0414,13.1,17.7,9.1,30
162,0415,13.3,17.9,9.3,30
162,0416,13.5,18.0,9.5,30
162,0417,13.6,18.2,9.6,30
162,0418,13.7,18.3,9.7,30
162,0419,13.9,18.5,9.8,30
162,0420,14.0,18.6,10.0,30
162,0421,14.1,18.8,10.1,30
162,0422,14.3,18.9,10.3,30
162,0423,14.5,19.0,10.5,30
162,0424,14.7,19.1,10.7,30
162,0425,14.8,19.3,10.9,30
162,0426,15.0,19.4,11.1,30
162,0427,15.1,19.6,11.3,30
162,0428,15.3,19.8,11.5,30
162,0429,15.5,19.9,11.6,30
162,0430,15.6,20.0,11.8,30
162,0501,15.8,20.2,11.9,30
162,0502,15.9,20.3,12.1,30
162,0503,16.0,20.4,12.3,30
162,0504,16.1,20.5,12.4,30
162,0505,16.3,20.6,12.6,30
162,0506,16.4,20.7,12.8,30
162,0507,16.5,20.9,12.9,30
162,0508,16.6,21.0,13.0,30
162,0509,16.7,21.1,13.1,30
162,0510,16.8,21.2,13.2,30
162,0511,16.9,21.3,13.2,30
162,0512,17.0,21.4,13.3,30
162,0513,17.1,21.4,13.5,30
162,0514,17.2,21.6,13.5,30
162,0515,17.3,21.8,13.6,30
162,0516,17.4,21.9,13.8,30
162,0517,17.6,22.0,13.9,30
162,0518,17.7,22.2,14.1,30
162,0519,17.9,22.4,14.3,30
162,0520,18.0,22.6,14.4,30
162,0521,18.2,22.7,14.6,30
162,0522,18.3,22.9,14.7,30
162,0523,18.4,23.0,14.8,30
162,0524,18.5,23.1,14.9,30
162,0525,18.6,23.2,15.0,30
162,0526,18.8,23.3,15.2,30
162,0527,18.9,23.5,15.3,30
162,0528,19.0,23.6,15.4,30
162,0529,19.1,23.7,15.6,30
162,0530,19.2,23.9,15.7,30
162,0531,19.3,23.9,15.8,30
162,0601,19.4,24.0,15.9,30
162,0602,19.5,24.1,16.1,30
162,0603,19.7,24.2,16.3,30
162,0604,19.8,24.3,16.4,30
162,0605,19.9,24.3,16.6,30
162,0606,20.0,24.4,16.7,30
162,0607,20.1,24.5,16.8,30
162,0608,20.3,24.6,17.0,30
162,0609,20.4,24.7,17.2,30
162,0610,20.5,24.8,17.3,30
162,0611,20.6,24.9,17.4,30
162,0612,20.7,24.9,17.6,30
162,0613,20.8,24.9,17.7,30
162,0614,20.9,24.9,17.9,30
162,0615,20.9,25.0,18.0,30
162,0616,21.0,25.0,18.1,30
162,0617,21.1,25.0,18.2,30
162,0618,21.1,25.0,18.3,30
162,0619,21.2,25.0,18.4,30
162,0620,21.3,25.0,18.6,30
162,0621,21.4,25.0,18.7,30
162,0622,21.5,25.1,18.8,30
162,0623,21.5,25.0,19.0,30
162,0624,21.6,25.0,19.1,30
162,0625,21.7,25.0,19.3,30
162,0626,21.8,25.1,19.5,30
162,0627,21.9,25.2,19.6,30
162,0628,22.0,25.2,19.7,30
162,0629,22.1,25.3,19.8,30
162,0630,22.2,25.4,19.9,30
162,0701,22.3,25.4,20.1,30
162,0702,22.5,25.6,20.2,30
162,0703,22.6,25.7,20.4,30
162,0704,22.7,25.8,20.5,30
162,0705,22.8,25.9,20.6,30
162,0706,22.9,26.0,20.8,30
162,0707,23.1,26.1,20.9,30
162,0708,23.2,26.3,21.0,30
162,0709,23.3,26.4,21.1,30
162,0710,23.4,26.6,21.2,30
162,0711,23.6,26.7,21.3,30
162,0712,23.7,26.8,21.4,30
162,0713,23.9,27.0,21.5,30
162,0714,24.0,27.2,21.7,30
162,0715,24.2,27.3,21.9,30
162,0716,24.4,27.5,22.0,30
162,0717,24.5,27.7,22.2,30
162,0718,24.6,27.9,22.3,30
162,0719,24.8,28.1,22.4,30
162,0720,24.9,28.3,22.5,30
162,0721,25.1,28.5,22.7,30
162,0722,25.2,28.6,22.8,30
162,0723,25.4,28.8,22.9,30
162,0724,25.5,29.0,23.0,30
162,0725,25.7,29.2,23.2,30
162,0726,25.8,29.3,23.3,30
162,0727,25.9,29.4,23.4,30
162,0728,26.0,29.5,23.5,30
162,0729,26.1,29.7,23.6,30
162,0730,26.2,29.8,23.7,30
162,0731,26.3,29.8,23.7,30
162,0801,26.4,30.0,23.8,30
162,0802,26.4,30.0,23.9,30
162,0803,26.5,30.1,23.9,30
162,0804,26.6,30.1,24.0,30
162,0805,26.6,30.2,24.0,30
162,0806,26.6,30.2,24.0,30
162,0807,26.6,30.1,24.0,30
162,0808,26.5,30.1,24.0,30
162,0809,26.5,30.1,23.9,30
162,0810,26.5,30.1,23.9,30
162,0811,26.4,30.1,23.8,30
162,0812,26.4,30.1,23.8,30
162,0813,26.3,30.0,23.7,30
162,0814,26.3,29.9,23.7,30
162,0815,26.2,29.9,23.6,30
162,0816,26.1,29.7,23.5,30
162,0817,26.0,29.7,23.4,30
162,0818,25.9,29.6,23.3,30
162,0819,25.8,29.5,23.2,30
162,0820,25.8,29.4,23.1,30
162,0821,25.7,29.4,23.0,30
162,0822,25.6,29.3,22.9,30
162,0823,25.5,29.2,22.8,30
162,0824,25.4,29.2,22.7,30
162,0825,25.3,29.1,22.6,30
162,0826,25.2,29.0,22.5,30
162,0827,25.1,28.8,22.4,30
162,0828,25.0,28.8,22.3,30
162,0829,24.9,28.7,22.1,30
162,0830,24.8,28.5,22.0,30
162,0831,24.7,28.5,21.8,30
162,0901,24.5,28.4,21.7,30
162,0902,24.4,28.3,21.5,30
162,0903,24.3,28.2,21.4,30
162,0904,24.1,28.1,21.3,30
162,0905,24.0,27.9,21.1,30
162,0906,23.8,27.8,20.9,30
162,0907,23.7,27.7,20.8,30
162,0908,23.6,27.6,20.6,30
162,0909,23.4,27.4,20.5,30
162,0910,23.3,27.3,20.3,30
162,0911,23.2,27.3,20.1,30
162,0912,23.0,27.1,20.0,30
162,0913,22.9,27.0,19.8,30
162,0914,22.8,26.9,19.7,30
162,0915,22.6,26.8,19.5,30
162,0916,22.4,26.6,19.3,30
162,0917,22.3,26.5,19.1,30
162,0918,22.1,26.4,18.9,30
162,0919,22.0,26.4,18.8,30
162,0920,21.8,26.3,18.6,30
162,0921,21.7,26.1,18.4,30
162,0922,21.5,25.9,18.3,30
162,0923,21.4,25.8,18.1,30
162,0924,21.2,25.7,17.9,30
162,0925,21.1,25.6,17.8,30
162,0926,20.9,25.4,17.6,30
162,0927,20.7,25.3,17.4,30
162,0928,20.6,25.1,17.2,30
162,0929,20.4,25.0,16.9,30
162,0930,20.3,24.9,16.8,30
162,1001,20.1,24.8,16.6,30
162,1002,20.0,24.6,16.4,30
162,1003,19.8,24.5,16.3,30
162,1004,19.7,24.3,16.1,30
162,1005,19.5,24.2,15.9,30
162,1006,19.3,24.1,15.7,30
162,1007,19.2,24.0,15.5,30
162,1008,19.0,23.9,15.3,30
162,1009,18.8,23.6,15.0,30
162,1010,18.6,23.5,14.8,30
162,1011,18.4,23.3,14.6,30
162,1012,18.2,23.1,14.4,30
162,1013,18.1,23.0,14.2,30
162,1014,17.9,22.8,14.1,30
162,1015,17.7,22.7,13.9,30
162,1016,17.5,22.5,13.7,30
162,1017,17.4,22.3,13.5,30
162,1018,17.2,22.1,13.3,30
162,1019,16.9,21.9,13.1,30
162,1020,16.7,21.7,12.8,30
162,1021,16.5,21.5,12.6,30
162,1022,16.3,21.3,12.4,30
162,1023,16.1,21.1,12.1,30
162,1024,15.9,20.8,11.9,30
162,1025,15.7,20.6,11.7,30
162,1026,15.4,20.3,11.4,30
162,1027,15.2,20.1,11.1,30
162,1028,14.9,19.9,10.8,30
162,1029,14.8,19.7,10.6,30
162,1030,14.6,19.6,10.5,30
162,1031,14.5,19.5,10.4,30
162,1101,14.4,19.3,10.2,30
162,1102,14.2,19.1,10.1,30
162,1103,14.0,18.9,9.9,30
162,1104,13.9,18.7,9.8,30
162,1105,13.7,18.5,9.6,30
162,1106,13.5,18.3,9.5,30
162,1107,13.4,18.2,9.3,30
162,1108,13.2,18.0,9.1,30
162,1109,13.0,17.8,8.9,30
162,1110,12.8,17.6,8.8,30
162,1111,12.6,17.3,8.6,30
162,1112,12.4,17.1,8.4,30
162,1113,12.0,16.8,8.1,30
162,1114,11.7,16.4,7.7,30
162,1115,11.3,16.1,7.3,30
162,1116,11.1,15.9,7.0,30
162,1117,10.8,15.7,6.7,30
162,1118,10.6,15.5,6.5,30
162,1119,10.4,15.3,6.3,30
162,1120,10.1,15.0,6.0,30
162,1121,9.9,14.8,5.8,30
162,1122,9.7,14.6,5.6,30
162,1123,9.5,14.4,5.4,30
162,1124,9.4,14.3,5.3,30
162,1125,9.2,14.1,5.1,30
162,1126,9.0,13.9,4.9,30
162,1127,8.8,13.7,4.7,30
162,1128,8.6,13.5,4.4,30
162,1129,8.3,13.2,4.3,30
162,1130,8.1,13.0,4.1,30
162,1201,7.9,12.7,3.8,30
162,1202,7.6,12.5,3.6,30
162,1203,7.4,12.2,3.4,30
162,1204,7.2,12.0,3.2,30
162,1205,7.0,11.7,2.9,30
162,1206,6.8,11.5,2.7,30
162,1207,6.5,11.3,2.4,30
162,1208,6.3,11.1,2.2,30
162,1209,6.0,10.8,1.9,30
162,1210,5.8,10.6,1.7,30
162,1211,5.6,10.4,1.5,30
162,1212,5.5,10.3,1.4,30
162,1213,5.4,10.2,1.3,30
162,1214,5.4,10.2,1.3,30
162,1215,5.3,10.2,1.2,30
162,1216,5.3,10.1,1.2,30
162,1217,5.2,10.0,1.1,30
162,1218,5.1,9.9,1.1,30
162,1219,5.0,9.8,1.0,30
162,1220,4.9,9.8,0.9,30
162,1221,4.8,9.7,0.8,30
162,1222,4.7,9.6,0.7,30
162,1223,4.6,9.5,0.6,30
162,1224,4.5,9.4,0.5,30
162,1225,4.4,9.4,0.3,30
162,1226,4.4,9.4,0.3,30
162,1227,4.3,9.3,0.2,30
162,1228,4.2,9.2,0.1,30
162,1229,4.0,9.1,-0.0,30
162,1230,3.9,8.9,-0.1,30
162,1231,3.8,8.8,-0.2,30
165,0101,2.4,6.5,-0.9,30
165,0102,2.3,6.4,-0.9,30
165,0103,2.2,6.3,-1.0,30
165,0104,2.2,6.3,-1.1,30
165,0105,2.2,6.3,-1.1,30
165,0106,2.1,6.2,-1.1,30
165,0107,2.1,6.1,-1.1,30
165,0108,2.1,6.1,-1.1,30
165,0109,2.0,6.1,-1.1,30
165,0110,2.0,6.0,-1.2,30
165,0111,1.9,5.9,-1.2,30
165,0112,1.9,5.9,-1.2,30
165,0113,1.9,5.9,-1.2,30
165,0114,1.8,5.8,-1.2,30
165,0115,1.8,5.7,-1.3,30
165,0116,1.7,5.7,-1.3,30
165,0117,1.6,5.6,-1.4,30
165,0118,1.6,5.6,-1.4,30
165,0119,1.6,5.5,-1.4,30
165,0120,1.5,5.5,-1.5,30
165,0121,1.5,5.5,-1.6,30
165,0122,1.5,5.6,-1.6,30
165,0123,1.5,5.6,-1.6,30
165,0124,1.6,5.6,-1.6,30
165,0125,1.5,5.6,-1.6,30
165,0126,1.5,5.5,-1.6,30
165,0127,1.5,5.5,-1.7,30
165,0128,1.4,5.5,-1.8,30
165,0129,1.4,5.6,-1.8,30
165,0130,1.5,5.7,-1.8,30
165,0131,1.6,5.8,-1.8,30
165,0201,1.6,5.9,-1.7,30
165,0202,1.7,5.9,-1.6,30
165,0203,1.7,6.0,-1.6,30
165,0204,1.8,6.0,-1.5,30
165,0205,1.9,6.1,-1.4,30
165,0206,2.0,6.3,-1.4,30
165,0207,2.1,6.5,-1.4,30
165,0208,2.2,6.6,-1.3,30
165,0209,2.3,6.7,-1.2,30
165,0210,2.4,6.8,-1.1,30
165,0211,2.5,6.9,-1.0,30
165,0212,2.6,7.0,-0.9,30
165,0213,2.7,7.2,-0.8,30
165,0214,2.8,7.3,-0.8,30
165,0215,2.9,7.5,-0.6,30
165,0216,3.1,7.7,-0.6,30
165,0217,3.2,7.9,-0.5,30
165,0218,3.4,8.1,-0.3,30
165,0219,3.5,8.3,-0.2,30
165,0220,3.7,8.5,-0.1,30
165,0221,3.8,8.6,0.0,30
165,0222,3.8,8.6,0.1,30
165,0223,3.9,8.7,0.2,30
165,0224,4.0,8.8,0.3,30
165,0225,4.2,9.1,0.4,30
165,0226,4.4,9.3,0.6,30
165,0227,4.6,9.4,0.7,30
165,0228,4.7,9.5,0.9,30
165,0229,4.8,9.6,1.0,0
165,0301,4.9,9.7,1.1,30
165,0302,5.0,9.8,1.2,30
165,0303,5.1,9.9,1.3,30
165,0304,5.2,9.9,1.4,30
165,0305,5.3,10.1,1.4,30
165,0306,5.4,10.3,1.5,30
165,0307,5.5,10.4,1.6,30
165,0308,5.6,10.5,1.7,30
165,0309,5.8,10.7,1.8,30
165,0310,6.0,11.0,2.0,30
165,0311,6.2,11.1,2.2,30
165,0312,6.4,11.4,2.3,30
165,0313,6.5,11.6,2.4,30
165,0314,6.7,11.8,2.6,30
165,0315,6.9,12.0,2.7,30
165,0316,7.0,12.0,2.9,30
165,0317,7.0,12.1,3.0,30
165,0318,7.2,12.2,3.1,30
165,0319,7.4,12.4,3.3,30
165,0320,7.6,12.6,3.5,30
165,0321,7.7,12.7,3.6,30
165,0322,7.8,12.9,3.7,30
165,0323,8.0,13.0,3.9,30
165,0324,8.1,13.2,4.0,30
165,0325,8.3,13.3,4.2,30
165,0326,8.4,13.5,4.3,30
165,0327,8.5,13.6,4.5,30
165,0328,8.7,13.8,4.6,30
165,0329,8.9,14.0,4.8,30
165,0330,9.1,14.2,5.0,30
165,0331,9.3,14.5,5.2,30
165,0401,9.6,14.8,5.4,30
165,0402,9.9,15.1,5.7,30
165,0403,10.1,15.3,5.9,30
165,0404,10.2,15.4,6.1,30
165,0405,10.4,15.6,6.3,30
165,0406,10.6,15.8,6.5,30
165,0407,10.7,15.9,6.6,30
165,0408,10.9,16.1,6.7,30
165,0409,11.0,16.3,6.9,30
165,0410,11.3,16.6,7.1,30
165,0411,11.5,16.8,7.3,30
165,0412,11.7,16.9,7.5,30
165,0413,11.9,17.1,7.7,30
165,0414,12.1,17.3,8.0,30
165,0415,12.3,17.5,8.2,30
165,0416,12.4,17.6,8.4,30
165,0417,12.6,17.7,8.4,30
165,0418,12.7,17.9,8.6,30
165,0419,12.9,18.0,8.7,30
165,0420,13.0,18.2,8.8,30
165,0421,13.3,18.4,9.1,30
165,0422,13.5,18.6,9.3,30
165,0423,13.8,18.9,9.6,30
165,0424,14.0,19.0,9.9,30
165,0425,14.2,19.2,10.1,30
165,0426,14.4,19.4,10.3,30
165,0427,14.6,19.6,10.5,30
165,0428,14.8,19.8,10.6,30
165,0429,14.9,19.9,10.7,30
165,0430,15.1,20.1,10.9,30
165,0501,15.3,20.3,11.1,30
165,0502,15.5,20.5,11.3,30
165,0503,15.6,20.6,11.5,30
165,0504,15.8,20.7,11.7,30
165,0505,16.0,20.9,11.9,30
165,0506,16.1,21.0,12.0,30
165,0507,16.2,21.1,12.2,30
165,0508,16.3,21.2,12.3,30
165,0509,16.4,21.3,12.4,30
165,0510,16.5,21.3,12.5,30
165,0511,16.6,21.4,12.6,30
165,0512,16.7,21.5,12.8,30
165,0513,16.8,21.6,12.9,30
165,0514,17.0,21.8,13.1,30
165,0515,17.2,22.0,13.2,30
165,0516,17.3,22.1,13.4,30
165,0517,17.5,22.3,13.6,30
165,0518,17.7,22.5,13.8,30
165,0519,17.8,22.7,14.0,30
165,0520,18.0,22.9,14.1,30
165,0521,18.2,23.0,14.3,30
165,0522,18.4,23.2,14.5,30
165,0523,18.5,23.3,14.6,30
165,0524,18.6,23.5,14.7,30
165,0525,18.8,23.7,14.9,30
165,0526,19.0,23.8,15.1,30
165,0527,19.1,24.0,15.2,30
165,0528,19.3,24.2,15.4,30
165,0529,19.4,24.3,15.6,30
165,0530,19.6,24.4,15.8,30
165,0531,19.7,24.5,15.9,30
165,0601,19.8,24.6,16.1,30
165,0602,20.0,24.8,16.3,30
165,0603,20.2,24.9,16.5,30
165,0604,20.3,25.0,16.7,30
165,0605,20.4,25.1,16.9,30
165,0606,20.5,25.1,17.0,30
165,0607,20.7,25.3,17.2,30
165,0608,20.8,25.3,17.4,30
165,0609,21.0,25.4,17.6,30
165,0610,21.1,25.5,17.7,30
165,0611,21.2,25.6,17.9,30
165,0612,21.3,25.6,18.1,30
165,0613,21.4,25.7,18.2,30
165,0614,21.5,25.7,18.4,30
165,0615,21.6,25.7,18.5,30
165,0616,21.7,25.8,18.6,30
165,0617,21.8,25.8,18.7,30
165,0618,21.8,25.8,18.8,30
165,0619,21.9,25.8,18.9,30
165,0620,22.0,25.9,19.1,30
165,0621,22.1,25.9,19.2,30
165,0622,22.2,26.0,19.4,30
165,0623,22.3,26.0,19.5,30
165,0624,22.4,26.0,19.7,30
165,0625,22.5,26.0,19.9,30
165,0626,22.6,26.1,20.0,30
165,0627,22.7,26.1,20.2,30
165,0628,22.8,26.1,20.3,30
165,0629,22.8,26.1,20.4,30
165,0630,22.9,26.2,20.5,30
165,0701,23.1,26.3,20.6,30
165,0702,23.2,26.4,20.8,30
165,0703,23.3,26.5,20.9,30
165,0704,23.4,26.6,21.1,30
165,0705,23.5,26.6,21.2,30
165,0706,23.7,26.8,21.3,30
165,0707,23.8,26.9,21.4,30
165,0708,23.9,27.0,21.6,30
165,0709,24.0,27.2,21.7,30
165,0710,24.1,27.3,21.8,30
165,0711,24.3,27.4,21.9,30
165,0712,24.4,27.6,22.0,30
165,0713,24.6,27.8,22.2,30
165,0714,24.8,28.0,22.4,30
165,0715,24.9,28.2,22.5,30
165,0716,25.1,28.3,22.7,30
165,0717,25.2,28.5,22.8,30
165,0718,25.4,28.7,22.9,30
165,0719,25.5,28.9,23.1,30
165,0720,25.7,29.1,23.2,30
165,0721,25.8,29.3,23.3,30
165,0722,26.0,29.4,23.5,30
165,0723,26.2,29.6,23.6,30
165,0724,26.3,29.8,23.7,30
165,0725,26.5,30.0,23.9,30
165,0726,26.6,30.2,24.0,30
165,0727,26.7,30.3,24.1,30
165,0728,26.8,30.4,24.2,30
165,0729,26.9,30.5,24.2,30
165,0730,27.0,30.7,24.3,30
165,0731,27.1,30.8,24.3,30
165,0801,27.1,30.9,24.4,30
165,0802,27.2,30.9,24.4,30
165,0803,27.2,30.9,24.4,30
165,0804,27.2,30.9,24.5,30
165,0805,27.2,30.9,24.4,30
165,0806,27.2,30.9,24.4,30
165,0807,27.1,30.8,24.4,30
165,0808,27.1,30.8,24.3,30
165,0809,27.0,30.7,24.3,30
165,0810,26.9,30.7,24.2,30
165,0811,26.9,30.6,24.1,30
165,0812,26.8,30.6,24.1,30
165,0813,26.7,30.4,24.0,30
165,0814,26.6,30.4,23.9,30
165,0815,26.5,30.2,23.8,30
165,0816,26.4,30.1,23.7,30
165,0817,26.3,30.0,23.6,30
165,0818,26.2,29.9,23.5,30
165,0819,26.1,29.8,23.4,30
165,0820,26.0,29.7,23.3,30
165,0821,25.9,29.6,23.1,30
165,0822,25.8,29.6,23.0,30
165,0823,25.6,29.4,22.8,30
165,0824,25.5,29.3,22.7,30
165,0825,25.4,29.1,22.6,30
165,0826,25.3,29.0,22.4,30
165,0827,25.1,28.9,22.3,30
165,0828,25.0,28.8,22.2,30
165,0829,24.9,28.6,22.0,30
165,0830,24.7,28.5,21.8,30
165,0831,24.6,28.4,21.7,30
165,0901,24.4,28.3,21.5,30
165,0902,24.3,28.1,21.3,30
165,0903,24.1,28.1,21.1,30
165,0904,24.0,27.9,21.0,30
165,0905,23.8,27.8,20.8,30
165,0906,23.7,27.6,20.7,30
165,0907,23.6,27.6,20.5,30
165,0908,23.4,27.5,20.4,30
165,0909,23.3,27.3,20.2,30
165,0910,23.1,27.2,20.0,30
165,0911,23.0,27.1,19.9,30
165,0912,22.8,27.0,19.7,30
165,0913,22.7,26.9,19.5,30
165,0914,22.6,26.8,19.3,30
165,0915,22.4,26.6,19.1,30
165,0916,22.2,26.5,18.9,30
165,0917,22.1,26.4,18.7,30
165,0918,21.9,26.2,18.5,30
165,0919,21.8,26.2,18.3,30
165,0920,21.6,26.1,18.1,30
165,0921,21.4,25.9,17.9,30
165,0922,21.3,25.7,17.7,30
165,0923,21.1,25.6,17.5,30
165,0924,20.9,25.4,17.4,30
165,0925,20.7,25.2,17.2,30
165,0926,20.5,25.1,16.9,30
165,0927,20.3,24.9,16.7,30
165,0928,20.1,24.7,16.5,30
165,0929,19.9,24.5,16.2,30
165,0930,19.7,24.3,16.0,30
165,1001,19.5,24.2,15.9,30
165,1002,19.3,24.0,15.6,30
165,1003,19.1,23.9,15.4,30
165,1004,18.9,23.7,15.2,30
165,1005,18.7,23.5,15.0,30
165,1006,18.5,23.3,14.8,30
165,1007,18.3,23.2,14.5,30
165,1008,18.1,23.0,14.3,30
165,1009,17.9,22.8,14.0,30
165,1010,17.7,22.6,13.7,30
165,1011,17.5,22.5,13.5,30
165,1012,17.3,22.3,13.4,30
165,1013,17.2,22.2,13.2,30
165,1014,17.1,22.1,13.1,30
165,1015,16.9,22.0,12.9,30
165,1016,16.8,21.8,12.8,30
165,1017,16.6,21.6,12.6,30
165,1018,16.4,21.4,12.4,30
165,1019,16.2,21.1,12.2,30
165,1020,16.0,21.0,11.9,30
165,1021,15.8,20.7,11.8,30
165,1022,15.6,20.5,11.6,30
165,1023,15.3,20.3,11.4,30
165,1024,15.1,20.1,11.2,30
165,1025,14.9,19.8,11.0,30
165,1026,14.7,19.5,10.7,30
165,1027,14.4,19.2,10.5,30
165,1028,14.2,19.0,10.2,30
165,1029,14.0,18.8,10.0,30
165,1030,13.8,18.6,9.9,30
165,1031,13.7,18.4,9.7,30
165,1101,13.5,18.2,9.5,30
165,1102,13.2,17.9,9.4,30
165,1103,13.1,17.8,9.2,30
165,1104,12.9,17.6,9.1,30
165,1105,12.8,17.3,9.0,30
165,1106,12.6,17.2,8.8,30
165,1107,12.4,17.0,8.6,30
165,1108,12.2,16.7,8.5,30
165,1109,12.0,16.6,8.2,30
165,1110,11.8,16.4,8.1,30
165,1111,11.6,16.1,7.9,30
165,1112,11.3,15.8,7.7,30
165,1113,11.0,15.4,7.4,30
165,1114,10.7,15.1,7.0,30
165,1115,10.3,14.8,6.7,30
165,1116,10.1,14.6,6.4,30
165,1117,9.9,14.4,6.1,30
165,1118,9.6,14.2,5.9,30
165,1119,9.4,13.9,5.6,30
165,1120,9.1,13.6,5.4,30
165,1121,8.9,13.4,5.1,30
165,1122,8.7,13.2,4.9,30
165,1123,8.5,13.0,4.7,30
165,1124,8.3,12.8,4.6,30
165,1125,8.1,12.6,4.4,30
165,1126,7.9,12.4,4.2,30
165,1127,7.7,12.2,4.0,30
165,1128,7.5,11.9,3.8,30
165,1129,7.2,11.6,3.6,30
165,1130,7.0,11.4,3.4,30
165,1201,6.7,11.1,3.2,30
165,1202,6.5,10.8,2.9,30
165,1203,6.2,10.5,2.7,30
165,1204,6.0,10.2,2.5,30
165,1205,5.8,10.0,2.3,30
165,1206,5.6,9.7,2.1,30
165,1207,5.3,9.4,1.8,30
165,1208,5.1,9.2,1.6,30
165,1209,4.9,9.0,1.4,30
165,1210,4.7,8.7,1.2,30
165,1211,4.5,8.5,1.0,30
165,1212,4.4,8.4,0.9,30
165,1213,4.3,8.3,0.8,30
165,1214,4.2,8.3,0.8,30
165,1215,4.2,8.3,0.7,30
165,1216,4.2,8.3,0.7,30
165,1217,4.1,8.2,0.7,30
165,1218,4.0,8.1,0.6,30
165,1219,3.9,8.0,0.5,30
165,1220,3.8,7.9,0.4,30
165,1221,3.6,7.8,0.3,30
165,1222,3.5,7.7,0.1,30
165,1223,3.4,7.6,0.0,30
165,1224,3.3,7.4,-0.1,30
165,1225,3.2,7.4,-0.2,30
165,1226,3.2,7.3,-0.2,30
165,1227,3.1,7.3,-0.3,30
165,1228,2.9,7.1,-0.4,30
165,1229,2.8,7.0,-0.5,30
165,1230,2.7,6.8,-0.6,30
165,1231,2.5,6.7,-0.8,30
168,0101,3.4,7.3,0.2,30
168,0102,3.2,7.2,0.1,30
168,0103,3.2,7.1,-0.0,30
168,0104,3.1,7.0,-0.1,30
168,0105,3.1,6.9,-0.1,30
168,0106,3.0,6.9,-0.1,30
168,0107,3.0,6.8,-0.1,30
168,0108,3.0,6.8,-0.1,30
168,0109,3.0,6.8,-0.1,30
168,0110,3.0,6.7,-0.1,30
168,0111,2.9,6.6,-0.1,30
168,0112,2.9,6.6,-0.2,30
168,0113,2.9,6.6,-0.1,30
168,0114,2.8,6.5,-0.2,30
168,0115,2.8,6.4,-0.2,30
168,0116,2.7,6.4,-0.3,30
168,0117,2.6,6.3,-0.3,30
168,0118,2.6,6.3,-0.4,30
168,0119,2.6,6.3,-0.4,30
168,0120,2.6,6.3,-0.5,30
168,0121,2.6,6.3,-0.5,30
168,0122,2.6,6.3,-0.5,30
168,0123,2.6,6.3,-0.5,30
168,0124,2.6,6.4,-0.5,30
168,0125,2.5,6.4,-0.6,30
168,0126,2.5,6.4,-0.7,30
168,0127,2.5,6.4,-0.7,30
168,0128,2.5,6.4,-0.8,30
168,0129,2.5,6.5,-0.8,30
168,0130,2.6,6.6,-0.7,30
168,0131,2.7,6.8,-0.6,30
168,0201,2.8,6.9,-0.6,30
168,0202,2.9,7.0,-0.5,30
168,0203,3.0,7.1,-0.4,30
168,0204,3.0,7.2,-0.4,30
168,0205,3.1,7.2,-0.3,30
168,0206,3.2,7.4,-0.2,30
168,0207,3.4,7.6,-0.1,30
168,0208,3.5,7.8,0.1,30
168,0209,3.6,7.9,0.2,30
168,0210,3.7,7.9,0.3,30
168,0211,3.8,8.0,0.4,30
168,0212,3.9,8.2,0.5,30
168,0213,4.1,8.3,0.6,30
168,0214,4.2,8.4,0.6,30
168,0215,4.3,8.5,0.8,30
168,0216,4.4,8.7,0.9,30
168,0217,4.6,8.8,1.1,30
168,0218,4.8,9.0,1.3,30
168,0219,4.9,9.1,1.4,30
168,0220,5.1,9.3,1.6,30
168,0221,5.2,9.3,1.8,30
168,0222,5.2,9.3,1.8,30
168,0223,5.3,9.4,1.9,30
168,0224,5.5,9.6,2.0,30
168,0225,5.6,9.7,2.2,30
168,0226,5.8,9.9,2.3,30
168,0227,6.0,10.0,2.5,30
168,0228,6.1,10.1,2.7,30
168,0229,6.2,10.2,2.9,0
168,0301,6.3,10.3,3.0,30
168,0302,6.5,10.4,3.1,30
168,0303,6.6,10.5,3.2,30
168,0304,6.6,10.6,3.2,30
168,0305,6.7,10.7,3.2,30
168,0306,6.8,10.9,3.3,30
168,0307,6.9,11.0,3.4,30
168,0308,7.0,11.1,3.5,30
168,0309,7.1,11.2,3.6,30
168,0310,7.3,11.5,3.8,30
168,0311,7.5,11.6,3.9,30
168,0312,7.7,11.9,4.1,30
168,0313,7.9,12.0,4.3,30
168,0314,8.0,12.2,4.4,30
168,0315,8.2,12.4,4.6,30
168,0316,8.4,12.5,4.7,30
168,0317,8.5,12.6,4.9,30
168,0318,8.6,12.7,5.0,30
168,0319,8.8,12.9,5.2,30
168,0320,9.0,13.1,5.4,30
168,0321,9.1,13.2,5.6,30
168,0322,9.3,13.3,5.7,30
168,0323,9.4,13.5,5.9,30
168,0324,9.6,13.7,6.0,30
168,0325,9.7,13.9,6.2,30
168,0326,9.9,14.0,6.3,30
168,0327,10.0,14.1,6.4,30
168,0328,10.1,14.3,6.5,30
168,0329,10.3,14.5,6.7,30
168,0330,10.5,14.7,6.9,30
168,0331,10.7,14.9,7.1,30
168,0401,10.9,15.1,7.3,30
168,0402,11.1,15.4,7.6,30
168,0403,11.3,15.5,7.8,30
168,0404,11.5,15.6,8.0,30
168,0405,11.6,15.8,8.1,30
168,0406,11.8,15.9,8.2,30
168,0407,11.9,16.1,8.4,30
168,0408,12.1,16.3,8.5,30
168,0409,12.3,16.4,8.7,30
168,0410,12.4,16.6,9.0,30
168,0411,12.7,16.7,9.2,30
168,0412,12.8,16.9,9.4,30
168,0413,13.0,17.0,9.6,30
168,0414,13.1,17.2,9.7,30
168,0415,13.3,17.3,9.9,30
168,0416,13.4,17.4,10.1,30
168,0417,13.6,17.6,10.2,30
168,0418,13.7,17.8,10.3,30
168,0419,13.9,17.9,10.4,30
168,0420,14.0,18.1,10.6,30
168,0421,14.2,18.3,10.8,30
168,0422,14.3,18.3,11.0,30
168,0423,14.5,18.5,11.2,30
168,0424,14.7,18.6,11.4,30
168,0425,14.9,18.8,11.6,30
168,0426,15.0,18.9,11.7,30
168,0427,15.2,19.1,11.9,30
168,0428,15.4,19.3,12.1,30
168,0429,15.5,19.4,12.2,30
168,0430,15.7,19.6,12.4,30
168,0501,15.9,19.8,12.6,30
168,0502,16.0,20.0,12.8,30
168,0503,16.2,20.1,12.9,30
168,0504,16.3,20.1,13.1,30
168,0505,16.4,20.2,13.3,30
168,0506,16.6,20.4,13.4,30
168,0507,16.7,20.5,13.6,30
168,0508,16.8,20.6,13.7,30
168,0509,16.9,20.8,13.8,30
168,0510,17.0,20.9,13.9,30
168,0511,17.1,20.9,14.0,30
168,0512,17.2,21.0,14.1,30
168,0513,17.3,21.1,14.2,30
168,0514,17.5,21.3,14.3,30
168,0515,17.6,21.5,14.5,30
168,0516,17.7,21.5,14.6,30
168,0517,17.9,21.7,14.7,30
168,0518,18.0,21.9,14.9,30
168,0519,18.2,22.1,15.1,30
168,0520,18.4,22.3,15.2,30
168,0521,18.5,22.3,15.4,30
168,0522,18.7,22.5,15.5,30
168,0523,18.8,22.7,15.7,30
168,0524,18.9,22.8,15.8,30
168,0525,19.0,22.9,15.9,30
168,0526,19.2,23.0,16.1,30
168,0527,19.3,23.1,16.2,30
168,0528,19.4,23.3,16.4,30
168,0529,19.5,23.4,16.5,30
168,0530,19.6,23.4,16.7,30
168,0531,19.7,23.5,16.8,30
168,0601,19.8,23.5,16.9,30
168,0602,19.9,23.6,17.0,30
168,0603,20.0,23.6,17.2,30
168,0604,20.1,23.7,17.3,30
168,0605,20.2,23.8,17.5,30
168,0606,20.3,23.9,17.6,30
168,0607,20.4,23.9,17.8,30
168,0608,20.5,24.0,17.9,30
168,0609,20.7,24.1,18.1,30
168,0610,20.8,24.3,18.2,30
168,0611,20.9,24.3,18.3,30
168,0612,21.0,24.4,18.4,30
168,0613,21.0,24.4,18.6,30
168,0614,21.2,24.5,18.7,30
168,0615,21.2,24.5,18.8,30
168,0616,21.3,24.6,18.9,30
168,0617,21.4,24.6,19.0,30
168,0618,21.4,24.6,19.1,30
168,0619,21.5,24.6,19.2,30
168,0620,21.6,24.7,19.3,30
168,0621,21.7,24.7,19.4,30
168,0622,21.7,24.7,19.5,30
168,0623,21.8,24.7,19.7,30
168,0624,21.9,24.7,19.8,30
168,0625,22.0,24.7,19.9,30
168,0626,22.1,24.8,20.1,30
168,0627,22.2,24.8,20.2,30
168,0628,22.3,24.9,20.3,30
168,0629,22.3,24.9,20.4,30
168,0630,22.4,25.0,20.5,30
168,0701,22.5,25.1,20.6,30
168,0702,22.6,25.2,20.7,30
168,0703,22.8,25.4,20.9,30
168,0704,22.9,25.4,21.0,30
168,0705,23.0,25.5,21.1,30
168,0706,23.1,25.6,21.2,30
168,0707,23.2,25.8,21.4,30
168,0708,23.4,25.9,21.5,30
168,0709,23.5,26.0,21.6,30
168,0710,23.6,26.2,21.7,30
168,0711,23.7,26.3,21.8,30
168,0712,23.8,26.5,21.9,30
168,0713,24.0,26.6,22.0,30
168,0714,24.2,26.8,22.2,30
168,0715,24.3,27.0,22.4,30
168,0716,24.5,27.2,22.5,30
168,0717,24.6,27.3,22.6,30
168,0718,24.8,27.5,22.8,30
168,0719,24.9,27.7,22.9,30
168,0720,25.1,27.9,23.0,30
168,0721,25.2,28.1,23.2,30
168,0722,25.4,28.3,23.3,30
168,0723,25.5,28.4,23.4,30
168,0724,25.7,28.6,23.5,30
168,0725,25.8,28.8,23.7,30
168,0726,26.0,28.9,23.8,30
168,0727,26.1,29.0,23.9,30
168,0728,26.1,29.1,24.0,30
168,0729,26.2,29.2,24.0,30
168,0730,26.3,29.3,24.1,30
168,0731,26.4,29.4,24.2,30
168,0801,26.5,29.4,24.2,30
168,0802,26.5,29.5,24.3,30
168,0803,26.6,29.5,24.4,30
168,0804,26.6,29.5,24.4,30
168,0805,26.6,29.5,24.4,30
168,0806,26.6,29.5,24.4,30
168,0807,26.6,29.5,24.4,30
168,0808,26.5,29.4,24.4,30
168,0809,26.5,29.4,24.3,30
168,0810,26.5,29.4,24.3,30
168,0811,26.4,29.4,24.2,30
168,0812,26.4,29.4,24.2,30
168,0813,26.4,29.3,24.2,30
168,0814,26.3,29.2,24.1,30
168,0815,26.2,29.2,24.1,30
168,0816,26.1,29.1,24.0,30
168,0817,26.0,29.0,23.9,30
168,0818,26.0,28.9,23.8,30
168,0819,25.9,28.8,23.7,30
168,0820,25.8,28.7,23.6,30
168,0821,25.7,28.7,23.5,30
168,0822,25.7,28.6,23.4,30
168,0823,25.5,28.5,23.2,30
168,0824,25.4,28.4,23.1,30
168,0825,25.3,28.3,23.0,30
168,0826,25.2,28.2,22.9,30
168,0827,25.1,28.1,22.8,30
168,0828,25.0,28.0,22.7,30
168,0829,24.9,27.9,22.5,30
168,0830,24.7,27.7,22.4,30
168,0831,24.6,27.6,22.2,30
168,0901,24.5,27.6,22.1,30
168,0902,24.4,27.4,22.0,30
168,0903,24.3,27.4,21.8,30
168,0904,24.2,27.2,21.7,30
168,0905,24.0,27.1,21.6,30
168,0906,23.9,27.0,21.5,30
168,0907,23.8,26.9,21.3,30
168,0908,23.7,26.7,21.2,30
168,0909,23.5,26.6,21.0,30
168,0910,23.4,26.5,20.9,30
168,0911,23.3,26.4,20.8,30
168,0912,23.2,26.3,20.6,30
168,0913,23.0,26.2,20.5,30
168,0914,22.9,26.1,20.3,30
168,0915,22.7,25.9,20.2,30
168,0916,22.5,25.7,20.0,30
168,0917,22.4,25.6,19.8,30
168,0918,22.3,25.5,19.7,30
168,0919,22.1,25.4,19.5,30
168,0920,22.0,25.2,19.4,30
168,0921,21.8,25.1,19.2,30
168,0922,21.7,24.9,19.1,30
168,0923,21.5,24.8,18.9,30
168,0924,21.4,24.7,18.7,30
168,0925,21.2,24.6,18.6,30
168,0926,21.1,24.4,18.4,30
168,0927,20.9,24.2,18.2,30
168,0928,20.7,24.1,18.0,30
168,0929,20.5,23.9,17.8,30
168,0930,20.4,23.8,17.6,30
168,1001,20.2,23.7,17.5,30
168,1002,20.1,23.5,17.3,30
168,1003,19.9,23.4,17.1,30
168,1004,19.8,23.3,17.0,30
168,1005,19.6,23.1,16.8,30
168,1006,19.4,23.0,16.6,30
168,1007,19.3,22.9,16.4,30
168,1008,19.1,22.8,16.2,30
168,1009,18.9,22.6,15.9,30
168,1010,18.7,22.4,15.7,30
168,1011,18.5,22.2,15.5,30
168,1012,18.3,22.0,15.3,30
168,1013,18.2,21.9,15.2,30
168,1014,18.1,21.8,15.0,30
168,1015,17.9,21.6,14.9,30
168,1016,17.7,21.4,14.7,30
168,1017,17.5,21.2,14.5,30
168,1018,17.3,21.1,14.3,30
168,1019,17.1,20.8,14.0,30
168,1020,16.9,20.6,13.8,30
168,1021,16.6,20.4,13.6,30
168,1022,16.4,20.2,13.3,30
168,1023,16.2,20.0,13.1,30
168,1024,16.0,19.7,12.9,30
168,1025,15.7,19.5,12.7,30
168,1026,15.5,19.3,12.4,30
168,1027,15.2,19.1,12.1,30
168,1028,15.0,18.9,11.8,30
168,1029,14.8,18.7,11.6,30
168,1030,14.7,18.6,11.5,30
168,1031,14.6,18.5,11.4,30
168,1101,14.4,18.3,11.2,30
168,1102,14.2,18.1,11.0,30
168,1103,14.1,17.9,10.9,30
168,1104,13.9,17.7,10.7,30
168,1105,13.7,17.5,10.5,30
168,1106,13.5,17.3,10.4,30
168,1107,13.4,17.1,10.2,30
168,1108,13.2,16.9,10.0,30
168,1109,13.0,16.8,9.8,30
168,1110,12.8,16.5,9.7,30
168,1111,12.5,16.2,9.4,30
168,1112,12.2,15.9,9.2,30
168,1113,11.9,15.6,8.8,30
168,1114,11.6,15.3,8.5,30
168,1115,11.2,14.9,8.1,30
168,1116,11.0,14.7,7.9,30
168,1117,10.8,14.5,7.6,30
168,1118,10.5,14.3,7.4,30
168,1119,10.3,14.1,7.2,30
168,1120,10.0,13.8,6.9,30
168,1121,9.8,13.6,6.7,30
168,1122,9.6,13.4,6.5,30
168,1123,9.5,13.2,6.3,30
168,1124,9.3,13.0,6.2,30
168,1125,9.1,12.8,6.0,30
168,1126,9.0,12.7,5.8,30
168,1127,8.7,12.5,5.6,30
168,1128,8.5,12.2,5.3,30
168,1129,8.3,12.0,5.1,30
168,1130,8.0,11.7,4.9,30
168,1201,7.8,11.5,4.6,30
168,1202,7.5,11.2,4.3,30
168,1203,7.3,11.0,4.1,30
168,1204,7.1,10.8,3.9,30
168,1205,6.8,10.5,3.7,30
168,1206,6.6,10.3,3.4,30
168,1207,6.3,10.0,3.1,30
168,1208,6.0,9.8,2.9,30
168,1209,5.8,9.5,2.6,30
168,1210,5.6,9.3,2.4,30
168,1211,5.4,9.1,2.2,30
168,1212,5.2,9.0,2.1,30
168,1213,5.2,8.9,2.0,30
168,1214,5.2,8.9,2.0,30
168,1215,5.1,8.9,2.0,30
168,1216,5.1,8.9,1.9,30
168,1217,5.0,8.8,1.9,30
168,1218,4.9,8.7,1.8,30
168,1219,4.8,8.6,1.7,30
168,1220,4.7,8.5,1.5,30
168,1221,4.6,8.4,1.4,30
168,1222,4.5,8.3,1.3,30
168,1223,4.4,8.2,1.2,30
168,1224,4.3,8.1,1.1,30
168,1225,4.2,8.0,1.0,30
168,1226,4.1,8.0,0.9,30
168,1227,4.1,8.0,0.9,30
168,1228,3.9,7.8,0.7,30
168,1229,3.8,7.7,0.6,30
168,1230,3.7,7.6,0.5,30
168,1231,3.5,7.4,0.3,30
169,0101,4.1,6.3,2.2,24
169,0102,4.0,6.2,2.1,24
169,0103,4.0,6.1,2.0,24
169,0104,3.9,6.1,2.0,24
169,0105,3.9,6.0,1.9,24
169,0106,3.8,6.0,1.9,24
169,0107,3.8,5.9,1.8,24
169,0108,3.7,5.9,1.9,24
169,0109,3.7,5.7,1.8,24
169,0110,3.6,5.7,1.8,24
169,0111,3.5,5.6,1.8,24
169,0112,3.5,5.6,1.7,24
169,0113,3.5,5.6,1.7,24
169,0114,3.4,5.4,1.6,24
169,0115,3.4,5.4,1.6,24
169,0116,3.3,5.4,1.5,24
169,0117,3.2,5.3,1.4,24
169,0118,3.2,5.2,1.3,24
169,0119,3.1,5.2,1.3,24
169,0120,3.1,5.2,1.3,24
169,0121,3.1,5.2,1.3,24
169,0122,3.1,5.2,1.2,24
169,0123,3.1,5.3,1.2,24
169,0124,3.1,5.3,1.2,24
169,0125,3.0,5.2,1.1,24
169,0126,2.9,5.1,1.1,24
169,0127,2.9,5.1,1.0,24
169,0128,2.8,5.1,0.9,24
169,0129,2.8,5.1,1.0,24
169,0130,2.9,5.1,1.0,24
169,0131,2.9,5.2,1.0,24
169,0201,2.9,5.3,1.1,24
169,0202,3.0,5.3,1.1,24
169,0203,3.0,5.4,1.1,24
169,0204,3.0,5.4,1.1,24
169,0205,3.0,5.4,1.1,24
169,0206,3.1,5.4,1.1,24
169,0207,3.1,5.5,1.2,24
169,0208,3.2,5.6,1.2,24
169,0209,3.2,5.6,1.2,24
169,0210,3.2,5.7,1.2,24
169,0211,3.3,5.7,1.3,24
169,0212,3.4,5.9,1.4,24
169,0213,3.5,6.0,1.4,24
169,0214,3.6,6.2,1.5,24
169,0215,3.7,6.4,1.6,24
169,0216,3.9,6.6,1.8,24
169,0217,4.0,6.8,1.9,24
169,0218,4.2,6.9,2.0,24
169,0219,4.2,7.0,2.1,24
169,0220,4.4,7.2,2.2,24
169,0221,4.5,7.3,2.3,24
169,0222,4.5,7.4,2.4,24
169,0223,4.6,7.4,2.5,24
169,0224,4.7,7.6,2.6,24
169,0225,4.8,7.7,2.6,24
169,0226,5.0,7.9,2.8,24
169,0227,5.0,8.0,2.8,24
169,0228,5.1,8.0,2.9,24
169,0229,5.1,8.0,2.9,0
169,0301,5.1,8.0,2.9,24
169,0302,5.2,8.1,2.9,24
169,0303,5.2,8.2,2.9,24
169,0304,5.2,8.2,2.9,24
169,0305,5.3,8.4,2.9,24
169,0306,5.4,8.6,3.0,24
169,0307,5.5,8.7,3.0,24
169,0308,5.5,8.8,3.1,24
169,0309,5.7,8.9,3.2,24
169,0310,5.9,9.2,3.3,24
169,0311,6.0,9.4,3.5,24
169,0312,6.1,9.5,3.6,24
169,0313,6.3,9.7,3.6,24
169,0314,6.4,9.9,3.8,24
169,0315,6.5,10.1,3.9,24
169,0316,6.6,10.1,4.0,24
169,0317,6.7,10.2,4.1,24
169,0318,6.8,10.3,4.2,24
169,0319,6.9,10.5,4.3,24
169,0320,7.0,10.5,4.4,24
169,0321,7.1,10.6,4.5,24
169,0322,7.2,10.7,4.6,24
169,0323,7.3,10.8,4.7,24
169,0324,7.4,10.9,4.8,24
169,0325,7.5,11.0,4.9,24
169,0326,7.6,11.1,5.0,24
169,0327,7.7,11.2,5.1,24
169,0328,7.8,11.3,5.2,24
169,0329,7.9,11.5,5.3,24
169,0330,8.1,11.7,5.4,24
169,0331,8.3,11.9,5.6,24
169,0401,8.4,12.1,5.7,24
169,0402,8.6,12.3,5.9,24
169,0403,8.8,12.5,6.1,24
169,0404,8.9,12.6,6.2,24
169,0405,9.1,12.9,6.4,24
169,0406,9.3,13.0,6.6,24
169,0407,9.4,13.2,6.7,24
169,0408,9.5,13.4,6.8,24
169,0409,9.7,13.5,6.9,24
169,0410,9.8,13.6,7.0,24
169,0411,10.0,13.8,7.1,24
169,0412,10.1,13.9,7.3,24
169,0413,10.3,14.1,7.4,24
169,0414,10.4,14.3,7.6,24
169,0415,10.6,14.4,7.8,24
169,0416,10.7,14.5,7.9,24
169,0417,10.8,14.6,8.0,24
169,0418,11.0,14.8,8.1,24
169,0419,11.1,14.9,8.2,24
169,0420,11.2,15.0,8.3,24
169,0421,11.3,15.2,8.5,24
169,0422,11.6,15.4,8.7,24
169,0423,11.8,15.6,8.9,24
169,0424,12.0,15.8,9.1,24
169,0425,12.1,16.0,9.2,24
169,0426,12.3,16.2,9.4,24
169,0427,12.5,16.3,9.6,24
169,0428,12.7,16.5,9.7,24
169,0429,12.8,16.7,9.8,24
169,0430,13.0,16.9,10.0,24
169,0501,13.2,17.2,10.2,24
169,0502,13.4,17.3,10.3,24
169,0503,13.5,17.4,10.5,24
169,0504,13.6,17.5,10.6,24
169,0505,13.8,17.7,10.8,24
169,0506,13.9,17.8,10.9,24
169,0507,14.1,18.0,11.1,24
169,0508,14.2,18.1,11.2,24
169,0509,14.3,18.2,11.3,24
169,0510,14.4,18.3,11.4,24
169,0511,14.5,18.4,11.5,24
169,0512,14.5,18.4,11.6,24
169,0513,14.6,18.5,11.7,24
169,0514,14.8,18.7,11.9,24
169,0515,14.9,18.8,12.0,24
169,0516,15.0,18.9,12.2,24
169,0517,15.2,19.1,12.3,24
169,0518,15.4,19.3,12.5,24
169,0519,15.6,19.5,12.7,24
169,0520,15.8,19.7,12.8,24
169,0521,15.9,19.8,13.0,24
169,0522,16.1,19.9,13.1,24
169,0523,16.2,20.1,13.3,24
169,0524,16.3,20.2,13.4,24
169,0525,16.4,20.3,13.5,24
169,0526,16.5,20.4,13.7,24
169,0527,16.7,20.5,13.8,24
169,0528,16.9,20.7,14.0,24
169,0529,17.0,20.8,14.1,24
169,0530,17.1,20.9,14.2,24
169,0531,17.2,21.0,14.3,24
169,0601,17.3,21.2,14.5,24
169,0602,17.5,21.3,14.7,24
169,0603,17.7,21.5,14.9,24
169,0604,17.8,21.6,15.0,24
169,0605,17.9,21.7,15.2,24
169,0606,18.0,21.8,15.3,24
169,0607,18.2,21.9,15.5,24
169,0608,18.4,22.1,15.6,24
169,0609,18.5,22.2,15.8,24
169,0610,18.6,22.3,15.9,24
169,0611,18.8,22.4,16.1,24
169,0612,18.9,22.6,16.2,24
169,0613,19.1,22.7,16.4,24
169,0614,19.2,22.8,16.6,24
169,0615,19.3,22.9,16.7,24
169,0616,19.5,23.0,16.9,24
169,0617,19.5,23.0,17.0,24
169,0618,19.6,23.1,17.1,24
169,0619,19.7,23.1,17.2,24
169,0620,19.8,23.2,17.3,24
169,0621,19.9,23.3,17.4,24
169,0622,20.0,23.4,17.5,24
169,0623,20.1,23.5,17.7,24
169,0624,20.2,23.5,17.8,24
169,0625,20.4,23.6,18.0,24
169,0626,20.5,23.8,18.1,24
169,0627,20.6,23.8,18.2,24
169,0628,20.7,23.9,18.3,24
169,0629,20.7,23.9,18.4,24
169,0630,20.8,24.0,18.5,24
169,0701,20.9,24.0,18.6,24
169,0702,21.0,24.1,18.7,24
169,0703,21.2,24.2,18.9,24
169,0704,21.3,24.4,19.0,24
169,0705,21.4,24.4,19.1,24
169,0706,21.5,24.5,19.2,24
169,0707,21.6,24.7,19.4,24
169,0708,21.7,24.7,19.5,24
169,0709,21.8,24.9,19.6,24
169,0710,21.9,25.0,19.7,24
169,0711,22.0,25.0,19.8,24
169,0712,22.1,25.1,20.0,24
169,0713,22.3,25.2,20.1,24
169,0714,22.4,25.4,20.3,24
169,0715,22.6,25.6,20.4,24
169,0716,22.7,25.7,20.6,24
169,0717,22.9,25.9,20.7,24
169,0718,23.0,26.1,20.9,24
169,0719,23.2,26.2,21.0,24
169,0720,23.3,26.4,21.1,24
169,0721,23.4,26.5,21.3,24
169,0722,23.6,26.7,21.4,24
169,0723,23.8,26.9,21.6,24
169,0724,23.9,27.1,21.7,24
169,0725,24.1,27.2,21.9,24
169,0726,24.3,27.4,22.0,24
169,0727,24.4,27.5,22.1,24
169,0728,24.5,27.7,22.2,24
169,0729,24.6,27.9,22.3,23
169,0730,24.8,28.1,22.5,23
169,0731,24.9,28.3,22.6,24
169,0801,25.0,28.4,22.7,24
169,0802,25.1,28.5,22.7,24
169,0803,25.1,28.5,22.8,24
169,0804,25.2,28.6,22.9,24
169,0805,25.2,28.6,22.9,24
169,0806,25.2,28.6,22.9,24
169,0807,25.2,28.5,22.9,24
169,0808,25.2,28.6,23.0,24
169,0809,25.2,28.6,23.0,24
169,0810,25.2,28.6,22.9,24
169,0811,25.2,28.6,22.9,24
169,0812,25.2,28.5,22.9,24
169,0813,25.1,28.4,22.9,24
169,0814,25.0,28.3,22.8,24
169,0815,25.0,28.2,22.8,24
169,0816,24.9,28.1,22.7,24
169,0817,24.8,28.0,22.7,24
169,0818,24.7,28.0,22.6,24
169,0819,24.7,27.8,22.5,24
169,0820,24.6,27.8,22.4,24
169,0821,24.5,27.7,22.3,24
169,0822,24.4,27.6,22.2,24
169,0823,24.3,27.4,22.1,24
169,0824,24.1,27.3,22.0,24
169,0825,24.0,27.2,21.9,24
169,0826,23.9,27.0,21.8,24
169,0827,23.8,26.8,21.7,24
169,0828,23.7,26.7,21.5,24
169,0829,23.5,26.5,21.4,24
169,0830,23.3,26.2,21.2,24
169,0831,23.2,26.0,21.1,24
169,0901,23.0,25.9,21.0,24
169,0902,22.9,25.8,20.9,24
169,0903,22.8,25.7,20.8,24
169,0904,22.7,25.5,20.7,24
169,0905,22.6,25.4,20.6,24
169,0906,22.5,25.2,20.5,24
169,0907,22.4,25.1,20.4,24
169,0908,22.2,25.0,20.3,24
169,0909,22.1,24.8,20.1,24
169,0910,22.0,24.7,20.0,24
169,0911,21.9,24.6,19.9,24
169,0912,21.8,24.5,19.8,24
169,0913,21.7,24.4,19.7,24
169,0914,21.6,24.4,19.7,24
169,0915,21.4,24.2,19.5,24
169,0916,21.3,24.0,19.4,24
169,0917,21.2,23.9,19.3,24
169,0918,21.1,23.8,19.2,24
169,0919,20.9,23.7,19.1,24
169,0920,20.8,23.6,19.0,24
169,0921,20.7,23.5,18.8,24
169,0922,20.6,23.4,18.7,24
169,0923,20.4,23.2,18.6,24
169,0924,20.3,23.1,18.5,24
169,0925,20.2,23.0,18.3,24
169,0926,20.0,22.8,18.2,24
169,0927,19.8,22.5,18.0,24
169,0928,19.6,22.3,17.8,24
169,0929,19.5,22.2,17.7,24
169,0930,19.4,22.0,17.6,24
169,1001,19.3,21.9,17.5,24
169,1002,19.1,21.7,17.3,24
169,1003,19.0,21.6,17.2,24
169,1004,18.9,21.4,17.0,24
169,1005,18.6,21.2,16.9,24
169,1006,18.5,21.0,16.7,24
169,1007,18.3,20.8,16.5,24
169,1008,18.1,20.6,16.3,24
169,1009,17.9,20.4,16.1,24
169,1010,17.8,20.3,16.0,24
169,1011,17.6,20.1,15.8,24
169,1012,17.5,20.1,15.7,24
169,1013,17.4,20.0,15.6,24
169,1014,17.3,19.9,15.4,24
169,1015,17.1,19.7,15.3,24
169,1016,17.0,19.6,15.2,24
169,1017,16.9,19.5,15.0,24
169,1018,16.7,19.3,14.8,24
169,1019,16.5,19.1,14.7,24
169,1020,16.3,18.9,14.5,24
169,1021,16.2,18.8,14.3,24
169,1022,16.0,18.6,14.2,24
169,1023,15.8,18.3,14.0,24
169,1024,15.6,18.2,13.8,24
169,1025,15.4,17.9,13.6,24
169,1026,15.2,17.7,13.3,24
169,1027,15.0,17.6,13.1,24
169,1028,14.8,17.4,12.9,24
169,1029,14.6,17.2,12.7,24
169,1030,14.5,17.1,12.6,24
169,1031,14.3,17.0,12.4,24
169,1101,14.2,16.7,12.2,24
169,1102,14.0,16.5,12.0,24
169,1103,13.8,16.4,11.9,24
169,1104,13.7,16.3,11.7,24
169,1105,13.5,16.1,11.6,24
169,1106,13.4,16.0,11.4,24
169,1107,13.3,15.8,11.3,24
169,1108,13.1,15.6,11.1,24
169,1109,12.9,15.4,10.9,24
169,1110,12.7,15.3,10.7,24
169,1111,12.5,14.9,10.5,24
169,1112,12.2,14.7,10.3,24
169,1113,11.9,14.3,10.0,24
169,1114,11.7,14.1,9.8,24
169,1115,11.4,13.8,9.5,24
169,1116,11.2,13.6,9.4,24
169,1117,11.0,13.5,9.2,24
169,1118,10.8,13.3,8.9,24
169,1119,10.6,13.1,8.7,24
169,1120,10.4,12.8,8.5,24
169,1121,10.2,12.7,8.3,24
169,1122,10.0,12.5,8.1,24
169,1123,9.9,12.3,8.0,24
169,1124,9.7,12.2,7.8,24
169,1125,9.6,12.0,7.7,24
169,1126,9.4,11.9,7.5,24
169,1127,9.3,11.7,7.3,24
169,1128,9.1,11.5,7.1,24
169,1129,8.8,11.3,6.8,24
169,1130,8.6,11.0,6.6,24
169,1201,8.3,10.8,6.3,24
169,1202,8.1,10.5,6.0,24
169,1203,7.9,10.3,5.8,24
169,1204,7.7,10.0,5.6,24
169,1205,7.5,9.8,5.4,24
169,1206,7.2,9.6,5.2,24
169,1207,7.0,9.4,5.0,24
169,1208,6.8,9.2,4.8,24
169,1209,6.6,9.0,4.5,24
169,1210,6.4,8.8,4.3,24
169,1211,6.3,8.6,4.2,24
169,1212,6.2,8.5,4.1,24
169,1213,6.1,8.4,4.0,24
169,1214,6.1,8.4,4.0,24
169,1215,6.0,8.4,4.0,24
169,1216,6.0,8.3,3.9,24
169,1217,5.9,8.2,3.9,24
169,1218,5.8,8.1,3.8,24
169,1219,5.7,7.9,3.7,24
169,1220,5.5,7.8,3.5,24
169,1221,5.4,7.7,3.4,24
169,1222,5.3,7.5,3.3,24
169,1223,5.2,7.4,3.2,24
169,1224,5.0,7.2,3.0,24
169,1225,5.0,7.2,3.0,24
169,1226,4.9,7.2,2.9,24
169,1227,4.8,7.1,2.8,24
169,1228,4.7,6.9,2.7,24
169,1229,4.6,6.8,2.6,24
169,1230,4.4,6.6,2.5,24
169,1231,4.3,6.5,2.3,24
170,0101,3.3,7.1,-0.0,30
170,0102,3.2,7.0,-0.1,30
170,0103,3.1,6.9,-0.2,30
170,0104,3.1,6.8,-0.2,30
170,0105,3.1,6.8,-0.2,30
170,0106,3.0,6.7,-0.2,30
170,0107,3.0,6.6,-0.2,30
170,0108,3.0,6.6,-0.2,30
170,0109,2.9,6.5,-0.2,30
170,0110,2.9,6.5,-0.3,30
170,0111,2.8,6.4,-0.4,30
170,0112,2.8,6.4,-0.3,30
170,0113,2.8,6.4,-0.3,30
170,0114,2.7,6.3,-0.3,30
170,0115,2.7,6.2,-0.4,30
170,0116,2.6,6.1,-0.4,30
170,0117,2.6,6.1,-0.5,30
170,0118,2.5,6.1,-0.5,30
170,0119,2.5,6.0,-0.5,30
170,0120,2.4,6.0,-0.6,30
170,0121,2.4,6.0,-0.7,30
170,0122,2.4,6.1,-0.7,30
170,0123,2.4,6.1,-0.7,30
170,0124,2.4,6.1,-0.7,30
170,0125,2.4,6.1,-0.7,30
170,0126,2.3,6.0,-0.7,30
170,0127,2.3,6.0,-0.8,30
170,0128,2.3,6.0,-0.9,30
170,0129,2.3,6.1,-0.9,30
170,0130,2.3,6.2,-0.9,30
170,0131,2.4,6.3,-0.9,30
170,0201,2.5,6.4,-0.8,30
170,0202,2.5,6.5,-0.8,30
170,0203,2.6,6.6,-0.8,30
170,0204,2.7,6.7,-0.7,30
170,0205,2.8,6.8,-0.6,30
170,0206,2.9,7.0,-0.5,30
170,0207,3.0,7.2,-0.5,30
170,0208,3.1,7.3,-0.4,30
170,0209,3.2,7.4,-0.3,30
170,0210,3.3,7.5,-0.3,30
170,0211,3.4,7.6,-0.2,30
170,0212,3.5,7.7,-0.1,30
170,0213,3.6,7.9,-0.0,30
170,0214,3.7,8.1,0.0,30
170,0215,3.8,8.2,0.1,30
170,0216,4.0,8.4,0.2,30
170,0217,4.2,8.7,0.3,30
170,0218,4.3,8.9,0.5,30
170,0219,4.5,9.0,0.6,30
170,0220,4.6,9.2,0.7,30
170,0221,4.7,9.3,0.8,30
170,0222,4.8,9.4,0.9,30
170,0223,4.9,9.5,1.0,30
170,0224,5.0,9.7,1.1,30
170,0225,5.2,9.9,1.2,30
170,0226,5.3,10.0,1.4,30
170,0227,5.5,10.2,1.5,30
170,0228,5.6,10.3,1.7,30
170,0229,5.7,10.4,1.9,0
170,0301,5.8,10.4,2.0,30
170,0302,6.0,10.6,2.1,30
170,0303,6.1,10.7,2.2,30
170,0304,6.1,10.7,2.2,30
170,0305,6.2,10.9,2.2,30
170,0306,6.3,11.1,2.3,30
170,0307,6.4,11.2,2.4,30
170,0308,6.5,11.3,2.4,30
170,0309,6.6,11.4,2.6,30
170,0310,6.8,11.7,2.7,30
170,0311,7.0,11.8,2.9,30
170,0312,7.2,12.1,3.0,30
170,0313,7.4,12.3,3.2,30
170,0314,7.5,12.5,3.3,30
170,0315,7.7,12.7,3.4,30
170,0316,7.8,12.8,3.6,30
170,0317,7.9,12.9,3.7,30
170,0318,8.0,13.0,3.8,30
170,0319,8.2,13.2,4.0,30
170,0320,8.4,13.3,4.2,30
170,0321,8.6,13.5,4.3,30
170,0322,8.7,13.6,4.5,30
170,0323,8.9,13.8,4.6,30
170,0324,9.0,14.0,4.7,30
170,0325,9.2,14.1,4.9,30
170,0326,9.3,14.3,5.1,30
170,0327,9.4,14.4,5.2,30
170,0328,9.5,14.5,5.3,30
170,0329,9.7,14.7,5.4,30
170,0330,9.9,14.9,5.6,30
170,0331,10.1,15.2,5.8,30
170,0401,10.4,15.5,6.0,30
170,0402,10.6,15.7,6.3,30
170,0403,10.8,15.9,6.5,30
170,0404,11.0,16.1,6.7,30
170,0405,11.1,16.2,6.9,30
170,0406,11.3,16.4,7.0,30
170,0407,11.4,16.6,7.1,30
170,0408,11.6,16.8,7.2,30
170,0409,11.8,17.0,7.4,30
170,0410,12.0,17.2,7.6,30
170,0411,12.2,17.4,7.8,30
170,0412,12.4,17.6,8.0,30
170,0413,12.6,17.7,8.2,30
170,0414,12.8,17.8,8.4,30
170,0415,12.9,18.0,8.6,30
170,0416,13.1,18.1,8.8,30
170,0417,13.2,18.2,8.9,30
170,0418,13.3,18.4,9.0,30
170,0419,13.5,18.5,9.1,30
170,0420,13.6,18.7,9.2,30
170,0421,13.8,18.8,9.3,30
170,0422,13.9,19.0,9.5,30
170,0423,14.1,19.1,9.8,30
170,0424,14.3,19.2,10.0,30
170,0425,14.5,19.4,10.2,30
170,0426,14.6,19.5,10.4,30
170,0427,14.8,19.7,10.5,30
170,0428,15.0,19.9,10.7,30
170,0429,15.1,20.0,10.8,30
170,0430,15.3,20.2,11.0,30
170,0501,15.5,20.5,11.2,30
170,0502,15.7,20.6,11.4,30
170,0503,15.8,20.8,11.6,30
170,0504,16.0,20.9,11.7,30
170,0505,16.2,21.0,11.9,30
170,0506,16.3,21.1,12.1,30
170,0507,16.4,21.3,12.3,30
170,0508,16.5,21.4,12.4,30
170,0509,16.6,21.5,12.5,30
170,0510,16.7,21.6,12.6,30
170,0511,16.8,21.6,12.7,30
170,0512,16.9,21.7,12.8,30
170,0513,17.0,21.8,12.9,30
170,0514,17.2,22.0,13.1,30
170,0515,17.3,22.2,13.2,30
170,0516,17.4,22.2,13.3,30
170,0517,17.6,22.4,13.5,30
170,0518,17.8,22.6,13.6,30
170,0519,17.9,22.7,13.8,30
170,0520,18.1,23.0,14.0,30
170,0521,18.2,23.0,14.2,30
170,0522,18.4,23.3,14.3,30
170,0523,18.5,23.4,14.4,30
170,0524,18.6,23.6,14.5,30
170,0525,18.8,23.7,14.6,30
170,0526,18.9,23.9,14.8,30
170,0527,19.1,24.1,15.0,30
170,0528,19.3,24.2,15.1,30
170,0529,19.4,24.4,15.3,30
170,0530,19.5,24.5,15.5,30
170,0531,19.6,24.6,15.6,30
170,0601,19.7,24.6,15.7,30
170,0602,19.8,24.6,15.9,30
170,0603,19.9,24.7,16.0,30
170,0604,20.0,24.8,16.2,30
170,0605,20.1,24.9,16.4,30
170,0606,20.2,25.0,16.6,30
170,0607,20.3,25.1,16.7,30
170,0608,20.5,25.1,16.9,30
170,0609,20.6,25.2,17.1,30
170,0610,20.7,25.3,17.2,30
170,0611,20.8,25.3,17.3,30
170,0612,20.9,25.4,17.5,30
170,0613,21.0,25.4,17.6,30
170,0614,21.1,25.4,17.8,30
170,0615,21.2,25.5,17.9,30
170,0616,21.3,25.6,18.1,30
170,0617,21.4,25.6,18.2,30
170,0618,21.4,25.6,18.3,30
170,0619,21.5,25.7,18.4,30
170,0620,21.6,25.7,18.5,30
170,0621,21.7,25.7,18.7,30
170,0622,21.8,25.7,18.8,30
170,0623,21.9,25.7,19.0,30
170,0624,22.0,25.7,19.2,30
170,0625,22.1,25.8,19.4,30
170,0626,22.2,25.8,19.6,30
170,0627,22.3,25.8,19.7,30
170,0628,22.4,25.9,19.8,30
170,0629,22.5,25.9,19.9,30
170,0630,22.6,26.0,20.1,30
170,0701,22.7,26.0,20.2,30
170,0702,22.8,26.2,20.3,30
170,0703,23.0,26.3,20.5,30
170,0704,23.1,26.4,20.6,30
170,0705,23.2,26.5,20.7,30
170,0706,23.3,26.6,20.8,30
170,0707,23.4,26.8,21.0,30
170,0708,23.6,26.9,21.1,30
170,0709,23.7,27.1,21.2,30
170,0710,23.8,27.2,21.3,30
170,0711,23.9,27.4,21.4,30
170,0712,24.1,27.5,21.5,30
170,0713,24.2,27.7,21.6,30
170,0714,24.4,27.9,21.8,30
170,0715,24.6,28.1,21.9,30
170,0716,24.7,28.3,22.1,30
170,0717,24.8,28.4,22.2,30
170,0718,25.0,28.6,22.3,30
170,0719,25.2,28.9,22.4,30
170,0720,25.3,29.1,22.5,30
170,0721,25.5,29.2,22.7,30
170,0722,25.6,29.4,22.8,30
170,0723,25.8,29.6,22.9,30
170,0724,25.9,29.8,23.1,30
170,0725,26.1,29.9,23.2,30
170,0726,26.2,30.1,23.3,30
170,0727,26.3,30.2,23.4,30
170,0728,26.4,30.2,23.5,30
170,0729,26.4,30.3,23.5,30
170,0730,26.5,30.4,23.6,30
170,0731,26.6,30.5,23.6,30
170,0801,26.7,30.6,23.7,30
170,0802,26.7,30.6,23.8,30
170,0803,26.7,30.6,23.8,30
170,0804,26.8,30.6,23.9,30
170,0805,26.8,30.6,23.9,30
170,0806,26.7,30.6,23.9,30
170,0807,26.7,30.5,23.9,30
170,0808,26.6,30.4,23.9,30
170,0809,26.6,30.4,23.8,30
170,0810,26.5,30.4,23.7,30
170,0811,26.5,30.4,23.7,30
170,0812,26.5,30.3,23.6,30
170,0813,26.4,30.2,23.6,30
170,0814,26.3,30.2,23.6,30
170,0815,26.2,30.0,23.5,30
170,0816,26.1,29.9,23.4,30
170,0817,26.0,29.8,23.3,30
170,0818,25.9,29.7,23.2,30
170,0819,25.8,29.6,23.1,30
170,0820,25.7,29.5,23.0,30
170,0821,25.7,29.5,22.8,30
170,0822,25.6,29.4,22.7,30
170,0823,25.4,29.3,22.6,29
170,0824,25.3,29.1,22.5,29
170,0825,25.2,29.0,22.3,30
170,0826,25.1,28.9,22.2,30
170,0827,25.0,28.8,22.1,30
170,0828,24.9,28.7,22.0,30
170,0829,24.7,28.6,21.8,30
170,0830,24.6,28.4,21.7,30
170,0831,24.5,28.4,21.5,30
170,0901,24.4,28.3,21.4,30
170,0902,24.2,28.2,21.2,30
170,0903,24.1,28.1,21.0,30
170,0904,24.0,28.0,20.9,30
170,0905,23.8,27.8,20.7,30
170,0906,23.7,27.7,20.6,30
170,0907,23.6,27.6,20.5,30
170,0908,23.4,27.5,20.3,30
170,0909,23.3,27.4,20.2,30
170,0910,23.2,27.3,20.0,30
170,0911,23.0,27.2,19.9,30
170,0912,22.9,27.0,19.7,30
170,0913,22.7,26.9,19.5,30
170,0914,22.6,26.8,19.3,30
170,0915,22.4,26.7,19.1,30
170,0916,22.2,26.5,18.9,30
170,0917,22.1,26.4,18.8,30
170,0918,22.0,26.3,18.6,30
170,0919,21.8,26.2,18.4,30
170,0920,21.7,26.1,18.2,30
170,0921,21.5,26.0,18.0,30
170,0922,21.4,25.8,17.8,30
170,0923,21.2,25.6,17.6,30
170,0924,21.1,25.5,17.5,30
170,0925,20.9,25.3,17.3,30
170,0926,20.7,25.2,17.0,30
170,0927,20.5,25.0,16.8,30
170,0928,20.3,24.8,16.6,30
170,0929,20.1,24.6,16.4,30
170,0930,19.9,24.5,16.2,30
170,1001,19.8,24.3,16.0,30
170,1002,19.6,24.2,15.8,30
170,1003,19.4,24.0,15.6,30
170,1004,19.2,23.8,15.5,30
170,1005,19.0,23.6,15.3,30
170,1006,18.9,23.5,15.0,30
170,1007,18.7,23.4,14.8,30
170,1008,18.5,23.2,14.6,30
170,1009,18.3,23.0,14.3,30
170,1010,18.0,22.8,14.1,30
170,1011,17.9,22.6,13.9,30
170,1012,17.7,22.5,13.7,30
170,1013,17.6,22.4,13.5,30
170,1014,17.4,22.3,13.4,30
170,1015,17.3,22.1,13.2,30
170,1016,17.1,21.9,13.1,30
170,1017,16.9,21.7,12.9,30
170,1018,16.7,21.5,12.7,30
170,1019,16.5,21.2,12.5,30
170,1020,16.3,21.0,12.2,30
170,1021,16.0,20.8,12.0,30
170,1022,15.8,20.6,11.8,30
170,1023,15.6,20.3,11.6,30
170,1024,15.4,20.1,11.4,30
170,1025,15.2,19.8,11.2,30
170,1026,14.9,19.5,11.0,30
170,1027,14.7,19.3,10.8,30
170,1028,14.4,19.0,10.5,30
170,1029,14.2,18.8,10.3,30
170,1030,14.1,18.7,10.2,30
170,1031,13.9,18.6,10.0,30
170,1101,13.8,18.4,9.9,30
170,1102,13.6,18.2,9.7,30
170,1103,13.4,18.0,9.5,30
170,1104,13.3,17.8,9.4,30
170,1105,13.1,17.6,9.3,30
170,1106,12.9,17.4,9.1,30
170,1107,12.8,17.2,9.0,30
170,1108,12.6,17.1,8.8,30
170,1109,12.4,16.9,8.6,30
170,1110,12.2,16.7,8.4,30
170,1111,12.0,16.3,8.2,30
170,1112,11.7,16.0,8.0,30
170,1113,11.4,15.7,7.7,30
170,1114,11.1,15.3,7.4,30
170,1115,10.8,15.0,7.0,30
170,1116,10.5,14.8,6.7,30
170,1117,10.3,14.6,6.5,30
170,1118,10.1,14.4,6.2,30
170,1119,9.8,14.1,6.0,30
170,1120,9.6,13.9,5.7,30
170,1121,9.4,13.6,5.5,30
170,1122,9.2,13.4,5.3,30
170,1123,9.0,13.3,5.2,30
170,1124,8.9,13.1,5.0,30
170,1125,8.7,12.9,4.8,30
170,1126,8.5,12.8,4.7,30
170,1127,8.3,12.6,4.5,30
170,1128,8.1,12.3,4.3,30
170,1129,7.8,12.0,4.1,30
170,1130,7.6,11.8,3.9,30
170,1201,7.4,11.5,3.7,30
170,1202,7.1,11.2,3.5,30
170,1203,6.9,10.9,3.3,30
170,1204,6.7,10.7,3.1,30
170,1205,6.5,10.5,2.9,30
170,1206,6.3,10.2,2.7,30
170,1207,6.0,10.0,2.4,30
170,1208,5.8,9.7,2.2,30
170,1209,5.6,9.4,2.0,30
170,1210,5.4,9.2,1.8,30
170,1211,5.2,9.0,1.6,30
170,1212,5.1,8.8,1.5,30
170,1213,5.0,8.8,1.4,30
170,1214,4.9,8.8,1.4,30
170,1215,4.9,8.8,1.3,30
170,1216,4.9,8.8,1.3,30
170,1217,4.8,8.7,1.3,30
170,1218,4.7,8.6,1.2,30
170,1219,4.6,8.4,1.1,30
170,1220,4.5,8.3,1.0,30
170,1221,4.4,8.2,0.9,30
170,1222,4.3,8.1,0.8,30
170,1223,4.2,8.0,0.7,30
170,1224,4.1,7.9,0.6,30
170,1225,4.0,7.9,0.5,30
170,1226,4.0,7.9,0.5,30
170,1227,3.9,7.8,0.5,30
170,1228,3.8,7.7,0.4,30
170,1229,3.6,7.5,0.2,30
170,1230,3.5,7.4,0.2,30
170,1231,3.4,7.3,0.0,30
184,0101,6.9,9.5,4.3,30
184,0102,6.8,9.3,4.3,30
184,0103,6.7,9.3,4.2,30
184,0104,6.7,9.2,4.2,30
184,0105,6.6,9.2,4.1,30
184,0106,6.6,9.1,4.1,30
184,0107,6.5,9.0,4.1,30
184,0108,6.5,9.0,4.1,30
184,0109,6.5,8.9,4.1,30
184,0110,6.4,8.8,4.0,30
184,0111,6.3,8.7,3.9,30
184,0112,6.3,8.6,3.9,30
184,0113,6.3,8.6,3.9,30
184,0114,6.2,8.5,3.9,30
184,0115,6.1,8.4,3.8,30
184,0116,6.0,8.4,3.7,30
184,0117,5.9,8.3,3.6,30
184,0118,5.9,8.3,3.6,30
184,0119,5.8,8.2,3.6,30
184,0120,5.8,8.2,3.5,30
184,0121,5.7,8.2,3.4,30
184,0122,5.7,8.2,3.4,30
184,0123,5.7,8.2,3.4,30
184,0124,5.7,8.2,3.4,30
184,0125,5.7,8.2,3.3,30
184,0126,5.6,8.1,3.3,30
184,0127,5.6,8.1,3.2,30
184,0128,5.5,8.1,3.1,30
184,0129,5.6,8.1,3.1,30
184,0130,5.6,8.2,3.2,30
184,0131,5.7,8.3,3.2,30
184,0201,5.7,8.4,3.2,30
184,0202,5.7,8.4,3.2,30
184,0203,5.8,8.5,3.2,30
184,0204,5.8,8.6,3.3,30
184,0205,5.9,8.6,3.3,30
184,0206,6.0,8.8,3.4,30
184,0207,6.1,8.9,3.4,30
184,0208,6.2,9.1,3.5,30
184,0209,6.3,9.1,3.5,30
184,0210,6.3,9.2,3.6,30
184,0211,6.4,9.3,3.7,30
184,0212,6.5,9.4,3.7,30
184,0213,6.6,9.6,3.8,30
184,0214,6.6,9.7,3.8,30
184,0215,6.7,9.8,3.8,30
184,0216,6.8,9.9,3.9,30
184,0217,7.0,10.1,4.0,30
184,0218,7.1,10.3,4.1,30
184,0219,7.2,10.4,4.3,30
184,0220,7.4,10.6,4.4,30
184,0221,7.5,10.7,4.5,30
184,0222,7.5,10.7,4.5,30
184,0223,7.5,10.8,4.6,30
184,0224,7.6,10.9,4.6,30
184,0225,7.8,11.1,4.8,30
184,0226,7.9,11.2,4.9,30
184,0227,8.1,11.4,5.0,30
184,0228,8.2,11.5,5.1,30
184,0229,8.3,11.6,5.2,0
184,0301,8.3,11.6,5.3,30
184,0302,8.4,11.7,5.4,30
184,0303,8.5,11.8,5.5,30
184,0304,8.5,11.8,5.4,30
184,0305,8.6,11.9,5.5,30
184,0306,8.6,12.0,5.5,30
184,0307,8.7,12.1,5.6,30
184,0308,8.8,12.2,5.6,30
184,0309,9.0,12.4,5.7,30
184,0310,9.1,12.6,5.8,30
184,0311,9.3,12.8,6.0,30
184,0312,9.5,13.0,6.1,30
184,0313,9.6,13.1,6.2,30
184,0314,9.7,13.3,6.3,30
184,0315,9.9,13.5,6.4,30
184,0316,9.9,13.5,6.6,30
184,0317,10.0,13.6,6.7,30
184,0318,10.1,13.7,6.8,30
184,0319,10.3,13.8,6.9,30
184,0320,10.4,14.0,7.1,30
184,0321,10.5,14.1,7.2,30
184,0322,10.6,14.2,7.3,30
184,0323,10.7,14.3,7.5,30
184,0324,10.8,14.4,7.6,30
184,0325,10.9,14.5,7.7,30
184,0326,11.0,14.6,7.8,30
184,0327,11.1,14.6,7.9,30
184,0328,11.2,14.7,7.9,30
184,0329,11.3,14.9,8.1,30
184,0330,11.5,15.1,8.2,30
184,0331,11.7,15.3,8.4,30
184,0401,11.9,15.5,8.6,30
184,0402,12.2,15.8,8.8,30
184,0403,12.3,16.0,9.0,30
184,0404,12.4,16.1,9.1,30
184,0405,12.6,16.3,9.3,30
184,0406,12.7,16.4,9.4,30
184,0407,12.8,16.5,9.5,30
184,0408,13.0,16.7,9.6,30
184,0409,13.2,16.9,9.8,30
184,0410,13.4,17.1,9.9,30
184,0411,13.6,17.3,10.2,30
184,0412,13.7,17.5,10.3,30
184,0413,13.8,17.6,10.4,30
184,0414,14.0,17.7,10.6,30
184,0415,14.1,18.0,10.8,30
184,0416,14.3,18.1,10.9,30
184,0417,14.4,18.2,11.0,30
184,0418,14.5,18.4,11.1,30
184,0419,14.7,18.5,11.2,30
184,0420,14.8,18.7,11.3,30
184,0421,15.0,18.9,11.5,30
184,0422,15.2,19.1,11.7,30
184,0423,15.4,19.3,11.9,30
184,0424,15.5,19.4,12.1,30
184,0425,15.7,19.5,12.3,30
184,0426,15.8,19.7,12.4,30
184,0427,16.0,19.8,12.6,30
184,0428,16.2,20.1,12.7,30
184,0429,16.3,20.3,12.8,30
184,0430,16.5,20.4,13.0,30
184,0501,16.6,20.5,13.2,30
184,0502,16.8,20.7,13.3,30
184,0503,16.9,20.8,13.5,30
184,0504,17.1,20.9,13.6,30
184,0505,17.2,21.1,13.8,30
184,0506,17.3,21.2,13.9,30
184,0507,17.4,21.3,14.0,30
184,0508,17.5,21.3,14.1,30
184,0509,17.6,21.5,14.2,30
184,0510,17.7,21.5,14.2,30
184,0511,17.8,21.7,14.3,30
184,0512,17.9,21.7,14.4,30
184,0513,17.9,21.7,14.5,30
184,0514,18.0,21.8,14.6,30
184,0515,18.1,21.9,14.7,30
184,0516,18.2,22.0,14.9,30
184,0517,18.3,22.2,15.0,30
184,0518,18.5,22.3,15.2,30
184,0519,18.6,22.4,15.4,30
184,0520,18.7,22.5,15.5,30
184,0521,18.8,22.6,15.6,30
184,0522,19.0,22.7,15.8,30
184,0523,19.0,22.8,15.9,30
184,0524,19.1,22.8,16.0,30
184,0525,19.2,22.9,16.1,30
184,0526,19.3,23.0,16.2,30
184,0527,19.4,23.1,16.4,30
184,0528,19.6,23.2,16.5,30
184,0529,19.6,23.3,16.7,30
184,0530,19.7,23.3,16.8,30
184,0531,19.8,23.4,16.9,30
184,0601,19.9,23.4,17.0,30
184,0602,20.0,23.5,17.1,30
184,0603,20.2,23.7,17.3,30
184,0604,20.3,23.8,17.5,30
184,0605,20.4,24.0,17.6,30
184,0606,20.5,24.0,17.8,30
184,0607,20.7,24.1,17.9,30
184,0608,20.8,24.2,18.1,30
184,0609,20.9,24.3,18.2,30
184,0610,21.0,24.3,18.3,30
184,0611,21.1,24.4,18.5,30
184,0612,21.2,24.5,18.6,30
184,0613,21.4,24.6,18.7,30
184,0614,21.5,24.7,18.9,30
184,0615,21.6,24.8,19.0,30
184,0616,21.7,24.9,19.2,30
184,0617,21.8,24.9,19.3,30
184,0618,21.9,25.0,19.4,30
184,0619,22.0,25.0,19.5,30
184,0620,22.1,25.1,19.6,30
184,0621,22.3,25.3,19.8,30
184,0622,22.5,25.4,20.0,30
184,0623,22.6,25.7,20.1,30
184,0624,22.8,25.9,20.3,30
184,0625,23.0,26.1,20.6,30
184,0626,23.2,26.3,20.8,30
184,0627,23.4,26.5,20.9,30
184,0628,23.6,26.6,21.1,30
184,0629,23.7,26.8,21.2,30
184,0630,23.8,26.9,21.4,30
184,0701,24.0,27.0,21.5,30
184,0702,24.1,27.2,21.6,30
184,0703,24.3,27.3,21.8,30
184,0704,24.5,27.5,21.9,30
184,0705,24.6,27.7,22.1,30
184,0706,24.8,27.8,22.3,30
184,0707,24.9,28.0,22.4,30
184,0708,25.0,28.1,22.6,30
184,0709,25.1,28.3,22.7,30
184,0710,25.2,28.3,22.8,30
184,0711,25.4,28.4,22.9,30
184,0712,25.5,28.6,23.0,30
184,0713,25.7,28.8,23.2,30
184,0714,25.9,29.0,23.4,30
184,0715,26.1,29.2,23.6,30
184,0716,26.3,29.4,23.8,30
184,0717,26.4,29.6,24.0,30
184,0718,26.6,29.7,24.1,30
184,0719,26.7,29.8,24.2,30
184,0720,26.8,29.9,24.3,30
184,0721,26.9,30.1,24.4,30
184,0722,27.0,30.2,24.5,30
184,0723,27.1,30.3,24.6,30
184,0724,27.3,30.5,24.8,30
184,0725,27.4,30.6,24.9,30
184,0726,27.5,30.7,25.0,30
184,0727,27.6,30.8,25.1,30
184,0728,27.7,30.8,25.1,30
184,0729,27.7,30.8,25.2,30
184,0730,27.7,30.9,25.3,30
184,0731,27.8,30.9,25.3,30
184,0801,27.8,31.0,25.3,30
184,0802,27.9,31.0,25.4,30
184,0803,27.9,31.0,25.4,30
184,0804,27.9,31.0,25.5,30
184,0805,27.9,31.0,25.5,30
184,0806,27.9,31.0,25.5,30
184,0807,27.9,30.9,25.5,30
184,0808,27.8,30.8,25.5,30
184,0809,27.7,30.7,25.4,30
184,0810,27.7,30.6,25.3,30
184,0811,27.6,30.6,25.3,30
184,0812,27.5,30.5,25.2,30
184,0813,27.5,30.4,25.2,30
184,0814,27.4,30.4,25.1,30
184,0815,27.3,30.3,25.1,30
184,0816,27.2,30.2,25.0,30
184,0817,27.2,30.1,24.9,30
184,0818,27.1,30.0,24.8,30
184,0819,27.0,29.9,24.7,30
184,0820,26.9,29.8,24.6,30
184,0821,26.8,29.7,24.5,30
184,0822,26.8,29.7,24.4,30
184,0823,26.6,29.5,24.3,30
184,0824,26.5,29.4,24.1,30
184,0825,26.4,29.3,24.0,30
184,0826,26.3,29.1,23.9,30
184,0827,26.2,29.0,23.8,30
184,0828,26.0,28.9,23.6,30
184,0829,25.9,28.7,23.5,30
184,0830,25.7,28.5,23.3,30
184,0831,25.6,28.4,23.2,30
184,0901,25.4,28.2,23.0,30
184,0902,25.2,28.0,22.8,30
184,0903,25.1,27.9,22.6,30
184,0904,24.9,27.7,22.5,30
184,0905,24.8,27.5,22.4,30
184,0906,24.6,27.4,22.2,30
184,0907,24.5,27.2,22.1,30
184,0908,24.3,27.1,21.9,30
184,0909,24.2,26.9,21.8,30
184,0910,24.0,26.8,21.7,30
184,0911,23.9,26.6,21.5,30
184,0912,23.8,26.5,21.4,30
184,0913,23.7,26.4,21.2,30
184,0914,23.5,26.3,21.1,30
184,0915,23.4,26.1,20.9,30
184,0916,23.2,26.0,20.8,30
184,0917,23.1,25.9,20.6,30
184,0918,23.0,25.7,20.5,30
184,0919,22.8,25.6,20.4,30
184,0920,22.7,25.5,20.2,30
184,0921,22.6,25.4,20.1,30
184,0922,22.4,25.2,20.0,30
184,0923,22.3,25.1,19.8,30
184,0924,22.2,25.0,19.7,30
184,0925,22.0,24.9,19.5,30
184,0926,21.9,24.8,19.3,30
184,0927,21.7,24.6,19.1,30
184,0928,21.5,24.4,19.0,30
184,0929,21.3,24.2,18.8,30
184,0930,21.2,24.1,18.6,30
184,1001,21.0,24.0,18.4,30
184,1002,20.9,23.8,18.2,30
184,1003,20.7,23.7,18.1,30
184,1004,20.6,23.6,17.9,30
184,1005,20.4,23.4,17.7,30
184,1006,20.3,23.3,17.5,30
184,1007,20.1,23.1,17.4,30
184,1008,19.9,23.0,17.1,30
184,1009,19.7,22.8,16.9,30
184,1010,19.5,22.6,16.7,30
184,1011,19.4,22.4,16.5,30
184,1012,19.2,22.3,16.3,30
184,1013,19.1,22.2,16.2,30
184,1014,19.0,22.1,16.1,30
184,1015,18.9,22.0,15.9,30
184,1016,18.7,21.8,15.8,30
184,1017,18.6,21.6,15.7,30
184,1018,18.4,21.4,15.5,30
184,1019,18.2,21.2,15.3,30
184,1020,18.0,21.0,15.1,30
184,1021,17.8,20.9,14.9,30
184,1022,17.6,20.7,14.7,30
184,1023,17.4,20.5,14.6,30
184,1024,17.2,20.3,14.4,30
184,1025,17.1,20.1,14.2,30
184,1026,16.8,19.9,14.0,30
184,1027,16.6,19.7,13.8,30
184,1028,16.4,19.5,13.5,30
184,1029,16.2,19.4,13.3,30
184,1030,16.1,19.3,13.2,30
184,1031,16.0,19.2,13.0,30
184,1101,15.9,19.1,12.9,30
184,1102,15.7,18.9,12.7,30
184,1103,15.6,18.8,12.6,30
184,1104,15.5,18.6,12.5,30
184,1105,15.3,18.4,12.3,30
184,1106,15.2,18.3,12.2,30
184,1107,15.0,18.2,12.0,30
184,1108,14.9,18.0,11.9,30
184,1109,14.7,17.8,11.7,30
184,1110,14.6,17.7,11.6,30
184,1111,14.4,17.5,11.5,30
184,1112,14.2,17.2,11.3,30
184,1113,13.9,16.9,11.1,30
184,1114,13.6,16.6,10.8,30
184,1115,13.3,16.3,10.5,30
184,1116,13.1,16.1,10.2,30
184,1117,12.9,15.9,10.0,30
184,1118,12.7,15.7,9.8,30
184,1119,12.5,15.6,9.6,30
184,1120,12.3,15.4,9.4,30
184,1121,12.1,15.1,9.2,30
184,1122,11.9,14.9,9.0,30
184,1123,11.8,14.8,8.9,30
184,1124,11.6,14.7,8.7,30
184,1125,11.5,14.5,8.6,30
184,1126,11.3,14.3,8.4,30
184,1127,11.1,14.1,8.2,30
184,1128,10.9,14.0,8.0,30
184,1129,10.7,13.8,7.9,30
184,1130,10.6,13.5,7.7,30
184,1201,10.4,13.3,7.5,30
184,1202,10.1,13.1,7.3,30
184,1203,10.0,12.9,7.1,30
184,1204,9.8,12.7,7.0,30
184,1205,9.6,12.5,6.8,30
184,1206,9.4,12.3,6.6,30
184,1207,9.2,12.1,6.5,30
184,1208,9.1,11.9,6.3,30
184,1209,8.9,11.7,6.1,30
184,1210,8.7,11.5,6.0,30
184,1211,8.6,11.3,5.8,30
184,1212,8.4,11.2,5.7,30
184,1213,8.4,11.0,5.7,30
184,1214,8.4,11.0,5.7,30
184,1215,8.3,11.0,5.6,30
184,1216,8.3,11.0,5.6,30
184,1217,8.2,10.9,5.6,30
184,1218,8.1,10.8,5.5,30
184,1219,8.0,10.6,5.4,30
184,1220,7.9,10.6,5.4,30
184,1221,7.8,10.4,5.3,30
184,1222,7.8,10.4,5.2,30
184,1223,7.7,10.3,5.1,30
184,1224,7.6,10.1,5.0,30
184,1225,7.5,10.1,4.9,30
184,1226,7.5,10.1,4.9,30
184,1227,7.4,10.0,4.9,30
184,1228,7.3,9.9,4.8,30
184,1229,7.2,9.8,4.6,30
184,1230,7.1,9.7,4.5,30
184,1231,7.0,9.6,4.4,30
185,0101,6.9,9.4,4.5,30
185,0102,6.8,9.3,4.4,30
185,0103,6.8,9.2,4.4,30
185,0104,6.7,9.2,4.3,30
185,0105,6.7,9.1,4.3,30
185,0106,6.6,9.0,4.3,30
185,0107,6.5,8.9,4.2,30
185,0108,6.5,8.9,4.2,30
185,0109,6.4,8.8,4.2,30
185,0110,6.4,8.7,4.1,30
185,0111,6.3,8.5,4.0,30
185,0112,6.2,8.5,4.0,30
185,0113,6.2,8.5,4.0,30
185,0114,6.1,8.4,3.9,30
185,0115,6.0,8.3,3.9,30
185,0116,6.0,8.2,3.8,30
185,0117,5.9,8.1,3.7,30
185,0118,5.8,8.1,3.6,30
185,0119,5.8,8.1,3.6,30
185,0120,5.7,8.0,3.5,30
185,0121,5.7,8.0,3.4,30
185,0122,5.7,8.1,3.4,30
185,0123,5.7,8.0,3.4,30
185,0124,5.7,8.0,3.4,30
185,0125,5.6,8.0,3.3,30
185,0126,5.6,7.9,3.2,30
185,0127,5.5,7.9,3.2,30
185,0128,5.5,7.9,3.2,30
185,0129,5.5,7.9,3.2,30
185,0130,5.5,7.9,3.2,30
185,0131,5.6,8.1,3.3,30
185,0201,5.7,8.1,3.3,30
185,0202,5.7,8.1,3.4,30
185,0203,5.7,8.2,3.4,30
185,0204,5.8,8.3,3.4,30
185,0205,5.8,8.4,3.5,30
185,0206,5.9,8.4,3.5,30
185,0207,6.0,8.6,3.6,30
185,0208,6.1,8.7,3.6,30
185,0209,6.1,8.8,3.7,30
185,0210,6.2,8.9,3.8,30
185,0211,6.3,9.0,3.8,30
185,0212,6.3,9.1,3.8,30
185,0213,6.4,9.2,3.9,30
185,0214,6.5,9.3,3.9,30
185,0215,6.6,9.4,3.9,30
185,0216,6.6,9.5,4.0,30
185,0217,6.8,9.7,4.1,30
185,0218,6.9,9.8,4.2,30
185,0219,7.0,9.9,4.3,30
185,0220,7.2,10.1,4.4,30
185,0221,7.2,10.2,4.5,30
185,0222,7.3,10.2,4.5,30
185,0223,7.3,10.2,4.5,30
185,0224,7.4,10.3,4.6,30
185,0225,7.5,10.5,4.8,30
185,0226,7.7,10.6,4.9,30
185,0227,7.8,10.8,5.0,30
185,0228,7.9,10.9,5.1,30
185,0229,8.0,10.9,5.2,0
185,0301,8.0,11.0,5.3,30
185,0302,8.1,11.0,5.4,30
185,0303,8.2,11.1,5.4,30
185,0304,8.2,11.1,5.4,30
185,0305,8.3,11.2,5.5,30
185,0306,8.3,11.4,5.5,30
185,0307,8.4,11.4,5.6,30
185,0308,8.5,11.5,5.6,30
185,0309,8.6,11.7,5.8,30
185,0310,8.8,11.9,5.9,30
185,0311,8.9,12.1,6.0,30
185,0312,9.1,12.2,6.1,30
185,0313,9.2,12.3,6.2,30
185,0314,9.3,12.5,6.3,30
185,0315,9.4,12.6,6.4,30
185,0316,9.5,12.7,6.5,30
185,0317,9.5,12.8,6.5,30
185,0318,9.6,12.8,6.6,30
185,0319,9.8,13.0,6.8,30
185,0320,9.9,13.1,6.9,30
185,0321,10.0,13.2,7.0,30
185,0322,10.1,13.2,7.1,30
185,0323,10.2,13.3,7.3,30
185,0324,10.2,13.4,7.4,30
185,0325,10.3,13.5,7.5,30
185,0326,10.4,13.6,7.6,30
185,0327,10.5,13.7,7.7,30
185,0328,10.6,13.8,7.8,30
185,0329,10.8,14.0,8.0,30
185,0330,11.0,14.2,8.1,30
185,0331,11.1,14.4,8.3,30
185,0401,11.3,14.5,8.5,30
185,0402,11.6,14.8,8.7,30
185,0403,11.7,15.0,8.8,30
185,0404,11.8,15.1,9.0,30
185,0405,12.0,15.2,9.1,30
185,0406,12.1,15.4,9.2,30
185,0407,12.2,15.5,9.3,30
185,0408,12.3,15.6,9.4,30
185,0409,12.4,15.8,9.6,30
185,0410,12.6,15.9,9.7,30
185,0411,12.8,16.2,9.9,30
185,0412,12.9,16.3,10.0,30
185,0413,13.0,16.4,10.1,30
185,0414,13.2,16.5,10.3,30
185,0415,13.3,16.7,10.4,30
185,0416,13.4,16.8,10.5,30
185,0417,13.5,16.9,10.6,30
185,0418,13.6,17.0,10.7,30
185,0419,13.7,17.1,10.8,30
185,0420,13.8,17.2,10.9,30
185,0421,14.0,17.4,11.0,30
185,0422,14.2,17.6,11.3,30
185,0423,14.4,17.8,11.5,30
185,0424,14.6,17.9,11.7,30
185,0425,14.7,18.0,11.8,30
185,0426,14.8,18.1,12.0,30
185,0427,14.9,18.3,12.1,30
185,0428,15.1,18.4,12.2,30
185,0429,15.2,18.5,12.4,30
185,0430,15.3,18.6,12.5,30
185,0501,15.5,18.7,12.7,30
185,0502,15.6,18.9,12.8,30
185,0503,15.7,19.0,12.9,30
185,0504,15.8,19.1,13.0,30
185,0505,16.0,19.2,13.2,30
185,0506,16.0,19.3,13.3,30
185,0507,16.1,19.4,13.4,30
185,0508,16.2,19.5,13.4,30
185,0509,16.3,19.6,13.5,30
185,0510,16.4,19.6,13.6,30
185,0511,16.4,19.7,13.7,30
185,0512,16.5,19.8,13.8,30
185,0513,16.6,19.9,13.9,30
185,0514,16.7,20.0,13.9,30
185,0515,16.8,20.2,14.0,30
185,0516,17.0,20.3,14.2,30
185,0517,17.1,20.4,14.3,30
185,0518,17.2,20.6,14.5,30
185,0519,17.4,20.7,14.7,30
185,0520,17.5,20.9,14.8,30
185,0521,17.7,21.0,15.0,30
185,0522,17.8,21.1,15.1,30
185,0523,17.9,21.2,15.2,30
185,0524,17.9,21.3,15.3,30
185,0525,18.1,21.4,15.4,30
185,0526,18.2,21.5,15.5,30
185,0527,18.3,21.7,15.6,30
185,0528,18.5,21.8,15.8,30
185,0529,18.6,21.9,15.9,30
185,0530,18.7,22.0,16.0,30
185,0531,18.8,22.1,16.1,30
185,0601,18.9,22.3,16.2,30
185,0602,19.0,22.4,16.4,30
185,0603,19.2,22.5,16.6,30
185,0604,19.3,22.7,16.7,30
185,0605,19.5,22.8,16.9,30
185,0606,19.6,22.9,17.0,30
185,0607,19.7,23.0,17.2,30
185,0608,19.9,23.1,17.3,30
185,0609,20.0,23.3,17.5,30
185,0610,20.1,23.4,17.6,30
185,0611,20.2,23.4,17.8,30
185,0612,20.3,23.5,17.9,30
185,0613,20.5,23.6,18.0,30
185,0614,20.6,23.7,18.2,30
185,0615,20.7,23.7,18.4,30
185,0616,20.8,23.8,18.5,30
185,0617,20.9,23.9,18.6,30
185,0618,21.0,23.9,18.7,30
185,0619,21.1,24.0,18.8,30
185,0620,21.2,24.0,19.0,30
185,0621,21.3,24.1,19.1,30
185,0622,21.4,24.2,19.3,30
185,0623,21.5,24.2,19.4,30
185,0624,21.7,24.3,19.6,30
185,0625,21.8,24.4,19.8,30
185,0626,22.0,24.5,20.0,30
185,0627,22.1,24.6,20.2,30
185,0628,22.2,24.7,20.3,30
185,0629,22.3,24.7,20.4,30
185,0630,22.4,24.8,20.6,30
185,0701,22.5,25.0,20.7,30
185,0702,22.7,25.1,20.8,30
185,0703,22.8,25.2,21.0,30
185,0704,23.0,25.4,21.1,30
185,0705,23.1,25.5,21.3,30
185,0706,23.3,25.7,21.4,30
185,0707,23.4,25.8,21.6,30
185,0708,23.6,26.0,21.7,30
185,0709,23.7,26.2,21.8,30
185,0710,23.8,26.4,21.9,30
185,0711,24.0,26.5,22.1,30
185,0712,24.2,26.7,22.2,30
185,0713,24.4,26.9,22.4,30
185,0714,24.6,27.2,22.6,30
185,0715,24.8,27.4,22.8,30
185,0716,24.9,27.5,23.0,30
185,0717,25.1,27.6,23.2,30
185,0718,25.2,27.8,23.3,30
185,0719,25.4,28.0,23.5,30
185,0720,25.5,28.2,23.6,30
185,0721,25.7,28.3,23.7,30
185,0722,25.8,28.5,23.8,30
185,0723,26.0,28.7,23.9,30
185,0724,26.1,28.8,24.1,30
185,0725,26.3,29.0,24.2,30
185,0726,26.4,29.1,24.3,30
185,0727,26.5,29.2,24.4,30
185,0728,26.6,29.3,24.4,30
185,0729,26.6,29.4,24.5,30
185,0730,26.7,29.6,24.5,30
185,0731,26.8,29.7,24.6,30
185,0801,26.9,29.8,24.6,30
185,0802,26.9,29.8,24.7,30
185,0803,27.0,29.9,24.7,30
185,0804,27.0,29.9,24.7,30
185,0805,27.0,29.9,24.7,30
185,0806,27.0,29.9,24.7,30
185,0807,27.0,29.8,24.7,30
185,0808,26.9,29.8,24.7,30
185,0809,26.9,29.8,24.6,30
185,0810,26.8,29.7,24.6,30
185,0811,26.8,29.7,24.5,30
185,0812,26.8,29.7,24.5,30
185,0813,26.7,29.6,24.4,30
185,0814,26.7,29.6,24.4,30
185,0815,26.6,29.5,24.3,30
185,0816,26.5,29.4,24.3,30
185,0817,26.4,29.4,24.2,30
185,0818,26.4,29.3,24.1,30
185,0819,26.3,29.3,24.0,30
185,0820,26.3,29.2,24.0,30
185,0821,26.2,29.1,23.8,30
185,0822,26.1,29.1,23.8,30
185,0823,26.0,29.0,23.6,30
185,0824,25.9,28.8,23.5,30
185,0825,25.8,28.7,23.4,30
185,0826,25.7,28.6,23.3,30
185,0827,25.6,28.5,23.2,30
185,0828,25.5,28.3,23.1,30
185,0829,25.3,28.2,22.9,30
185,0830,25.2,28.0,22.8,30
185,0831,25.0,27.9,22.7,30
185,0901,24.9,27.7,22.5,30
185,0902,24.7,27.6,22.4,30
185,0903,24.6,27.5,22.2,30
185,0904,24.5,27.4,22.1,30
185,0905,24.3,27.2,22.0,30
185,0906,24.2,27.1,21.8,30
185,0907,24.1,27.0,21.7,30
185,0908,24.0,26.9,21.6,30
185,0909,23.8,26.7,21.4,30
185,0910,23.7,26.6,21.3,30
185,0911,23.6,26.5,21.2,30
185,0912,23.5,26.4,21.1,30
185,0913,23.3,26.3,21.0,30
185,0914,23.2,26.3,20.9,30
185,0915,23.1,26.1,20.7,30
185,0916,23.0,26.0,20.6,30
185,0917,22.9,25.9,20.5,30
185,0918,22.7,25.8,20.3,30
185,0919,22.6,25.7,20.2,30
185,0920,22.5,25.6,20.0,30
185,0921,22.4,25.5,19.9,30
185,0922,22.3,25.4,19.7,30
185,0923,22.1,25.2,19.6,30
185,0924,22.0,25.2,19.5,30
185,0925,21.9,25.0,19.4,30
185,0926,21.7,24.9,19.2,30
185,0927,21.6,24.7,19.0,30
185,0928,21.4,24.4,18.9,30
185,0929,21.2,24.3,18.7,30
185,0930,21.1,24.2,18.5,30
185,1001,20.9,24.0,18.3,30
185,1002,20.7,23.8,18.1,30
185,1003,20.6,23.7,18.0,30
185,1004,20.5,23.6,17.9,30
185,1005,20.3,23.3,17.8,30
185,1006,20.1,23.1,17.6,30
185,1007,19.9,22.9,17.4,30
185,1008,19.8,22.7,17.2,30
185,1009,19.6,22.5,17.0,30
185,1010,19.4,22.3,16.8,30
185,1011,19.2,22.2,16.7,30
185,1012,19.1,22.0,16.5,30
185,1013,19.0,21.9,16.3,30
185,1014,18.9,21.8,16.2,30
185,1015,18.7,21.7,16.1,30
185,1016,18.6,21.6,16.0,30
185,1017,18.5,21.4,15.9,30
185,1018,18.3,21.2,15.6,30
185,1019,18.1,21.0,15.4,30
185,1020,17.9,20.8,15.3,30
185,1021,17.7,20.7,15.1,30
185,1022,17.5,20.5,14.9,30
185,1023,17.3,20.3,14.8,30
185,1024,17.2,20.1,14.6,30
185,1025,17.0,19.9,14.4,30
185,1026,16.8,19.7,14.2,30
185,1027,16.6,19.5,14.1,30
185,1028,16.4,19.4,13.9,30
185,1029,16.3,19.2,13.7,30
185,1030,16.2,19.2,13.6,30
185,1031,16.1,19.1,13.5,30
185,1101,16.0,18.9,13.4,30
185,1102,15.8,18.7,13.2,30
185,1103,15.7,18.6,13.1,30
185,1104,15.6,18.5,13.0,30
185,1105,15.4,18.3,12.8,30
185,1106,15.3,18.2,12.7,30
185,1107,15.2,18.1,12.6,30
185,1108,15.1,18.0,12.4,30
185,1109,14.9,17.8,12.3,30
185,1110,14.8,17.7,12.1,30
185,1111,14.6,17.5,11.9,30
185,1112,14.4,17.2,11.7,30
185,1113,14.1,16.9,11.5,30
185,1114,13.8,16.6,11.1,30
185,1115,13.5,16.3,10.8,30
185,1116,13.3,16.1,10.6,30
185,1117,13.1,16.0,10.4,30
185,1118,12.9,15.8,10.2,30
185,1119,12.7,15.6,10.0,30
185,1120,12.5,15.4,9.8,30
185,1121,12.3,15.2,9.6,30
185,1122,12.1,15.0,9.4,30
185,1123,12.0,14.8,9.3,30
185,1124,11.8,14.7,9.2,30
185,1125,11.7,14.5,9.0,30
185,1126,11.5,14.4,8.8,30
185,1127,11.3,14.2,8.7,30
185,1128,11.2,14.0,8.5,30
185,1129,11.0,13.8,8.3,30
185,1130,10.8,13.6,8.1,30
185,1201,10.6,13.3,7.9,30
185,1202,10.3,13.1,7.7,30
185,1203,10.2,12.9,7.6,30
185,1204,10.0,12.6,7.4,30
185,1205,9.8,12.4,7.2,30
185,1206,9.6,12.3,7.0,30
185,1207,9.4,12.1,6.9,30
185,1208,9.2,11.9,6.6,30
185,1209,9.1,11.7,6.5,30
185,1210,8.9,11.5,6.3,30
185,1211,8.7,11.3,6.1,30
185,1212,8.6,11.2,6.0,30
185,1213,8.6,11.1,6.0,30
185,1214,8.5,11.1,6.0,30
185,1215,8.5,11.0,5.9,30
185,1216,8.5,11.0,5.9,30
185,1217,8.4,11.0,5.9,30
185,1218,8.3,10.8,5.8,30
185,1219,8.2,10.7,5.7,30
185,1220,8.1,10.6,5.6,30
185,1221,8.0,10.5,5.5,30
185,1222,7.9,10.4,5.4,30
185,1223,7.8,10.3,5.3,30
185,1224,7.7,10.2,5.2,30
185,1225,7.6,10.1,5.2,30
185,1226,7.6,10.2,5.1,30
185,1227,7.6,10.1,5.1,30
185,1228,7.4,10.0,4.9,30
185,1229,7.3,9.8,4.8,30
185,1230,7.2,9.7,4.7,30
185,1231,7.1,9.6,4.6,30
188,0101,6.0,9.7,2.6,30
188,0102,5.9,9.6,2.5,30
188,0103,5.8,9.5,2.4,30
188,0104,5.8,9.4,2.4,30
188,0105,5.8,9.4,2.3,30
188,0106,5.7,9.3,2.3,30
188,0107,5.7,9.2,2.4,30
188,0108,5.7,9.1,2.4,30
188,0109,5.7,9.1,2.4,30
188,0110,5.6,9.0,2.4,30
188,0111,5.5,8.9,2.3,30
188,0112,5.5,8.9,2.3,30
188,0113,5.5,8.9,2.4,30
188,0114,5.5,8.8,2.3,30
188,0115,5.4,8.7,2.3,30
188,0116,5.3,8.7,2.2,30
188,0117,5.3,8.6,2.1,30
188,0118,5.2,8.6,2.1,30
188,0119,5.2,8.5,2.0,30
188,0120,5.1,8.5,2.0,30
188,0121,5.1,8.5,1.9,30
188,0122,5.1,8.6,1.8,30
188,0123,5.1,8.6,1.8,30
188,0124,5.1,8.6,1.8,30
188,0125,5.1,8.5,1.8,30
188,0126,5.0,8.5,1.7,30
188,0127,4.9,8.5,1.6,30
188,0128,4.9,8.4,1.5,30
188,0129,4.9,8.4,1.5,30
188,0130,4.9,8.5,1.5,30
188,0131,5.0,8.7,1.6,30
188,0201,5.1,8.8,1.6,30
188,0202,5.1,8.8,1.6,30
188,0203,5.1,8.9,1.6,30
188,0204,5.2,9.0,1.6,30
188,0205,5.3,9.0,1.7,30
188,0206,5.4,9.1,1.7,30
188,0207,5.5,9.3,1.8,30
188,0208,5.6,9.4,1.9,30
188,0209,5.7,9.5,1.9,30
188,0210,5.8,9.6,2.0,30
188,0211,5.8,9.7,2.1,30
188,0212,5.9,9.8,2.1,30
188,0213,6.0,9.9,2.2,30
188,0214,6.1,9.9,2.2,30
188,0215,6.2,10.1,2.3,30
188,0216,6.3,10.2,2.4,30
188,0217,6.5,10.4,2.6,30
188,0218,6.7,10.5,2.8,30
188,0219,6.8,10.7,2.9,30
188,0220,6.9,10.8,3.0,30
188,0221,7.0,10.9,3.2,30
188,0222,7.1,10.9,3.2,30
188,0223,7.1,11.0,3.3,30
188,0224,7.2,11.1,3.4,30
188,0225,7.4,11.3,3.5,30
188,0226,7.5,11.4,3.7,30
188,0227,7.7,11.6,3.8,30
188,0228,7.8,11.7,3.9,30
188,0229,7.9,11.8,4.0,0
188,0301,8.0,11.9,4.1,30
188,0302,8.1,11.9,4.2,30
188,0303,8.1,12.1,4.2,30
188,0304,8.1,12.1,4.2,30
188,0305,8.2,12.2,4.2,30
188,0306,8.3,12.3,4.2,30
188,0307,8.3,12.4,4.2,30
188,0308,8.4,12.5,4.3,30
188,0309,8.6,12.6,4.4,30
188,0310,8.7,12.8,4.5,30
188,0311,8.9,13.0,4.6,30
188,0312,9.0,13.2,4.7,30
188,0313,9.2,13.3,4.9,30
188,0314,9.3,13.4,5.0,30
188,0315,9.4,13.6,5.1,30
188,0316,9.5,13.7,5.2,30
188,0317,9.6,13.8,5.4,30
188,0318,9.7,13.8,5.5,30
188,0319,9.9,14.0,5.6,30
188,0320,10.0,14.2,5.7,30
188,0321,10.1,14.3,5.8,30
188,0322,10.3,14.4,5.9,30
188,0323,10.4,14.5,6.0,30
188,0324,10.5,14.6,6.1,30
188,0325,10.6,14.7,6.3,30
188,0326,10.7,14.8,6.4,30
188,0327,10.8,14.9,6.5,30
188,0328,10.8,15.0,6.5,30
188,0329,11.0,15.2,6.7,30
188,0330,11.2,15.4,6.8,30
188,0331,11.4,15.6,7.0,30
188,0401,11.6,15.8,7.1,30
188,0402,11.8,16.0,7.4,30
188,0403,12.0,16.2,7.6,30
188,0404,12.1,16.3,7.8,30
188,0405,12.3,16.4,8.0,30
188,0406,12.4,16.6,8.1,30
188,0407,12.5,16.7,8.2,30
188,0408,12.7,16.9,8.2,30
188,0409,12.8,17.1,8.4,30
188,0410,13.0,17.2,8.6,30
188,0411,13.2,17.4,8.7,30
188,0412,13.4,17.6,8.9,30
188,0413,13.5,17.7,9.0,30
188,0414,13.6,17.8,9.2,30
188,0415,13.8,18.0,9.4,30
188,0416,13.9,18.1,9.6,30
188,0417,14.0,18.2,9.6,30
188,0418,14.1,18.4,9.7,30
188,0419,14.3,18.5,9.8,30
188,0420,14.4,18.6,9.9,30
188,0421,14.5,18.8,10.0,30
188,0422,14.7,18.9,10.2,30
188,0423,14.9,19.1,10.5,30
188,0424,15.1,19.2,10.7,30
188,0425,15.2,19.4,10.9,30
188,0426,15.4,19.5,11.1,30
188,0427,15.5,19.7,11.2,30
188,0428,15.7,19.9,11.4,30
188,0429,15.8,20.0,11.5,30
188,0430,16.0,20.1,11.6,30
188,0501,16.1,20.3,11.7,30
188,0502,16.2,20.4,11.9,30
188,0503,16.4,20.5,12.1,30
188,0504,16.5,20.6,12.2,30
188,0505,16.6,20.7,12.5,30
188,0506,16.8,20.9,12.6,30
188,0507,16.9,21.0,12.8,30
188,0508,16.9,21.0,12.9,30
188,0509,17.0,21.2,12.9,30
188,0510,17.1,21.3,13.0,30
188,0511,17.2,21.3,13.0,30
188,0512,17.3,21.4,13.2,30
188,0513,17.3,21.5,13.3,30
188,0514,17.4,21.6,13.3,30
188,0515,17.5,21.7,13.4,30
188,0516,17.6,21.9,13.5,30
188,0517,17.8,22.0,13.6,30
188,0518,17.9,22.2,13.8,30
188,0519,18.1,22.3,13.9,30
188,0520,18.2,22.4,14.0,30
188,0521,18.3,22.5,14.2,30
188,0522,18.4,22.6,14.3,30
188,0523,18.5,22.7,14.4,30
188,0524,18.5,22.8,14.5,30
188,0525,18.6,22.9,14.6,30
188,0526,18.8,23.0,14.7,30
188,0527,18.9,23.0,14.9,30
188,0528,19.0,23.1,15.0,30
188,0529,19.1,23.2,15.2,30
188,0530,19.2,23.2,15.3,30
188,0531,19.3,23.3,15.4,30
188,0601,19.3,23.2,15.6,30
188,0602,19.4,23.3,15.8,30
188,0603,19.6,23.3,16.0,30
188,0604,19.7,23.4,16.2,30
188,0605,19.8,23.5,16.3,30
188,0606,19.9,23.6,16.4,30
188,0607,20.0,23.7,16.6,30
188,0608,20.2,23.7,16.8,30
188,0609,20.3,23.8,17.0,30
188,0610,20.3,23.8,17.1,30
188,0611,20.5,23.9,17.2,30
188,0612,20.6,24.0,17.4,30
188,0613,20.7,24.1,17.5,30
188,0614,20.8,24.2,17.7,30
188,0615,20.9,24.2,17.8,30
188,0616,21.0,24.4,18.0,30
188,0617,21.1,24.4,18.1,30
188,0618,21.2,24.4,18.2,30
188,0619,21.3,24.5,18.3,30
188,0620,21.3,24.5,18.5,30
188,0621,21.5,24.6,18.6,30
188,0622,21.6,24.7,18.8,30
188,0623,21.7,24.7,19.0,30
188,0624,21.9,24.9,19.2,30
188,0625,22.0,25.0,19.5,30
188,0626,22.2,25.2,19.6,30
188,0627,22.3,25.3,19.8,30
188,0628,22.5,25.3,20.0,30
188,0629,22.6,25.4,20.1,30
188,0630,22.7,25.5,20.3,30
188,0701,22.8,25.6,20.4,30
188,0702,23.0,25.8,20.6,30
188,0703,23.1,25.9,20.8,30
188,0704,23.3,26.1,20.9,30
188,0705,23.4,26.2,21.1,30
188,0706,23.6,26.3,21.3,30
188,0707,23.7,26.5,21.4,30
188,0708,23.9,26.7,21.6,30
188,0709,24.0,26.8,21.7,30
188,0710,24.1,26.9,21.8,30
188,0711,24.2,27.0,21.9,30
188,0712,24.4,27.2,22.0,30
188,0713,24.6,27.4,22.2,30
188,0714,24.8,27.6,22.4,30
188,0715,25.0,27.9,22.6,30
188,0716,25.2,28.1,22.7,30
188,0717,25.3,28.2,22.9,30
188,0718,25.5,28.4,23.0,30
188,0719,25.6,28.6,23.1,30
188,0720,25.7,28.8,23.2,30
188,0721,25.9,29.0,23.3,30
188,0722,26.0,29.2,23.4,30
188,0723,26.2,29.4,23.5,30
188,0724,26.3,29.6,23.7,30
188,0725,26.5,29.7,23.8,30
188,0726,26.6,29.9,23.9,30
188,0727,26.7,29.9,24.0,30
188,0728,26.8,30.0,24.1,30
188,0729,26.8,30.1,24.2,30
188,0730,26.9,30.1,24.2,30
188,0731,26.9,30.2,24.3,30
188,0801,27.0,30.2,24.3,30
188,0802,27.0,30.3,24.4,30
188,0803,27.1,30.3,24.4,30
188,0804,27.1,30.3,24.5,30
188,0805,27.1,30.3,24.5,30
188,0806,27.1,30.3,24.5,30
188,0807,27.1,30.2,24.5,30
188,0808,27.0,30.2,24.5,30
188,0809,27.0,30.1,24.4,30
188,0810,26.9,30.1,24.4,30
188,0811,26.9,30.1,24.4,30
188,0812,26.9,30.1,24.3,30
188,0813,26.8,30.0,24.2,30
188,0814,26.8,30.0,24.1,30
188,0815,26.7,29.9,24.1,30
188,0816,26.6,29.9,24.0,30
188,0817,26.6,29.8,23.9,30
188,0818,26.5,29.8,23.8,30
188,0819,26.5,29.7,23.7,30
188,0820,26.4,29.7,23.6,30
188,0821,26.3,29.6,23.5,30
188,0822,26.2,29.5,23.4,30
188,0823,26.1,29.4,23.3,30
188,0824,26.0,29.3,23.2,30
188,0825,25.9,29.2,23.1,30
188,0826,25.8,29.1,23.0,30
188,0827,25.7,29.0,22.9,30
188,0828,25.6,28.9,22.7,30
188,0829,25.5,28.7,22.6,30
188,0830,25.3,28.6,22.5,30
188,0831,25.2,28.4,22.4,30
188,0901,25.0,28.3,22.2,30
188,0902,24.9,28.2,22.0,30
188,0903,24.7,28.1,21.9,30
188,0904,24.6,27.9,21.7,30
188,0905,24.5,27.8,21.6,30
188,0906,24.4,27.7,21.5,30
188,0907,24.3,27.6,21.3,30
188,0908,24.1,27.4,21.2,30
188,0909,24.0,27.3,21.1,30
188,0910,23.9,27.1,21.0,30
188,0911,23.7,27.0,20.9,30
188,0912,23.6,26.9,20.7,30
188,0913,23.5,26.8,20.6,30
188,0914,23.4,26.7,20.4,30
188,0915,23.2,26.6,20.3,30
188,0916,23.1,26.4,20.2,30
188,0917,23.0,26.3,20.1,30
188,0918,22.8,26.2,19.9,30
188,0919,22.7,26.0,19.8,30
188,0920,22.6,25.9,19.7,30
188,0921,22.5,25.8,19.6,30
188,0922,22.3,25.6,19.4,30
188,0923,22.2,25.5,19.2,30
188,0924,22.0,25.4,19.0,30
188,0925,21.9,25.3,18.8,30
188,0926,21.7,25.1,18.6,30
188,0927,21.5,24.9,18.4,30
188,0928,21.3,24.7,18.2,30
188,0929,21.1,24.6,18.0,30
188,0930,21.0,24.5,17.8,30
188,1001,20.8,24.3,17.6,30
188,1002,20.7,24.2,17.4,30
188,1003,20.5,24.1,17.2,30
188,1004,20.4,23.9,17.0,30
188,1005,20.2,23.8,16.8,30
188,1006,20.0,23.6,16.5,30
188,1007,19.8,23.5,16.3,30
188,1008,19.6,23.3,16.1,30
188,1009,19.3,23.1,15.8,30
188,1010,19.1,22.9,15.6,30
188,1011,19.0,22.8,15.4,30
188,1012,18.8,22.6,15.2,30
188,1013,18.7,22.5,15.0,30
188,1014,18.6,22.5,14.9,30
188,1015,18.4,22.3,14.7,30
188,1016,18.3,22.1,14.6,30
188,1017,18.1,22.0,14.4,30
188,1018,17.9,21.8,14.2,30
188,1019,17.7,21.6,14.0,30
188,1020,17.5,21.4,13.8,30
188,1021,17.4,21.3,13.6,30
188,1022,17.1,21.1,13.3,30
188,1023,16.9,20.8,13.2,30
188,1024,16.8,20.7,13.0,30
188,1025,16.6,20.5,12.8,30
188,1026,16.3,20.2,12.5,30
188,1027,16.1,20.0,12.3,30
188,1028,15.9,19.8,12.0,30
188,1029,15.7,19.7,11.8,30
188,1030,15.6,19.6,11.7,30
188,1031,15.5,19.6,11.5,30
188,1101,15.3,19.4,11.3,30
188,1102,15.2,19.2,11.2,30
188,1103,15.1,19.1,11.0,30
188,1104,14.9,19.0,10.9,30
188,1105,14.7,18.8,10.7,30
188,1106,14.6,18.6,10.6,30
188,1107,14.5,18.5,10.5,30
188,1108,14.3,18.4,10.3,30
188,1109,14.1,18.2,10.2,30
188,1110,14.0,18.0,10.1,30
188,1111,13.9,17.8,10.0,30
188,1112,13.7,17.6,9.8,30
188,1113,13.4,17.2,9.5,30
188,1114,13.0,16.9,9.1,30
188,1115,12.7,16.6,8.8,30
188,1116,12.5,16.4,8.6,30
188,1117,12.3,16.2,8.3,30
188,1118,12.1,16.0,8.1,30
188,1119,11.9,15.8,7.9,30
188,1120,11.7,15.6,7.7,30
188,1121,11.5,15.4,7.5,30
188,1122,11.3,15.2,7.3,30
188,1123,11.2,15.1,7.2,30
188,1124,11.0,15.0,7.1,30
188,1125,10.9,14.8,7.0,30
188,1126,10.7,14.7,6.8,30
188,1127,10.5,14.5,6.6,30
188,1128,10.3,14.3,6.4,30
188,1129,10.1,14.0,6.3,30
188,1130,9.9,13.8,6.1,30
188,1201,9.7,13.6,5.9,30
188,1202,9.5,13.3,5.7,30
188,1203,9.3,13.2,5.6,30
188,1204,9.1,12.9,5.4,30
188,1205,8.9,12.7,5.2,30
188,1206,8.7,12.5,5.1,30
188,1207,8.5,12.3,4.8,30
188,1208,8.3,12.0,4.6,30
188,1209,8.1,11.8,4.4,30
188,1210,7.9,11.6,4.2,30
188,1211,7.7,11.4,4.0,30
188,1212,7.6,11.2,3.9,30
188,1213,7.5,11.1,3.9,30
188,1214,7.5,11.1,3.9,30
188,1215,7.5,11.1,3.8,30
188,1216,7.5,11.1,3.8,30
188,1217,7.4,11.1,3.8,30
188,1218,7.3,10.9,3.7,30
188,1219,7.2,10.8,3.6,30
188,1220,7.1,10.7,3.5,30
188,1221,7.0,10.6,3.4,30
188,1222,6.9,10.5,3.3,30
188,1223,6.8,10.5,3.2,30
188,1224,6.7,10.4,3.1,30
188,1225,6.6,10.3,3.0,30
188,1226,6.6,10.3,3.0,30
188,1227,6.6,10.3,3.0,30
188,1228,6.4,10.2,2.8,30
188,1229,6.3,10.0,2.7,30
188,1230,6.2,9.9,2.7,30
188,1231,6.1,9.8,2.6,30
189,0101,7.9,11.6,4.8,30
189,0102,7.8,11.5,4.7,30
189,0103,7.7,11.5,4.6,30
189,0104,7.7,11.4,4.5,30
189,0105,7.6,11.4,4.5,30
189,0106,7.5,11.3,4.4,30
189,0107,7.5,11.2,4.4,30
189,0108,7.5,11.2,4.4,30
189,0109,7.5,11.1,4.4,30
189,0110,7.5,11.1,4.4,30
189,0111,7.4,11.0,4.3,30
189,0112,7.3,10.9,4.3,30
189,0113,7.3,10.9,4.3,30
189,0114,7.2,10.8,4.2,30
189,0115,7.2,10.7,4.2,30
189,0116,7.2,10.7,4.1,30
189,0117,7.1,10.6,4.0,30
189,0118,7.1,10.5,4.0,30
189,0119,7.0,10.5,3.9,30
189,0120,7.0,10.4,3.9,30
189,0121,7.0,10.5,3.8,30
189,0122,7.0,10.5,3.8,30
189,0123,6.9,10.5,3.8,30
189,0124,6.9,10.5,3.8,30
189,0125,6.9,10.4,3.7,30
189,0126,6.8,10.4,3.7,30
189,0127,6.8,10.4,3.6,30
189,0128,6.8,10.4,3.6,30
189,0129,6.8,10.4,3.6,30
189,0130,6.8,10.5,3.6,30
189,0131,6.9,10.5,3.6,30
189,0201,7.0,10.6,3.7,30
189,0202,7.0,10.7,3.8,30
189,0203,7.0,10.7,3.8,30
189,0204,7.1,10.8,3.8,30
189,0205,7.2,10.8,3.9,30
189,0206,7.3,10.9,4.0,30
189,0207,7.4,11.1,4.1,30
189,0208,7.5,11.2,4.2,30
189,0209,7.6,11.3,4.3,30
189,0210,7.7,11.4,4.4,30
189,0211,7.8,11.4,4.5,30
189,0212,7.8,11.5,4.5,30
189,0213,7.9,11.6,4.6,30
189,0214,8.0,11.7,4.6,30
189,0215,8.1,11.8,4.7,30
189,0216,8.2,11.9,4.8,30
189,0217,8.4,12.1,5.0,30
189,0218,8.5,12.2,5.1,30
189,0219,8.6,12.3,5.3,30
189,0220,8.8,12.4,5.4,30
189,0221,8.9,12.5,5.5,30
189,0222,8.9,12.5,5.6,30
189,0223,8.9,12.6,5.6,30
189,0224,9.0,12.7,5.7,30
189,0225,9.1,12.8,5.8,30
189,0226,9.2,12.8,5.9,30
189,0227,9.4,13.0,6.0,30
189,0228,9.5,13.1,6.1,30
189,0229,9.5,13.1,6.2,0
189,0301,9.6,13.2,6.3,30
189,0302,9.7,13.2,6.3,30
189,0303,9.7,13.3,6.4,30
189,0304,9.7,13.4,6.4,30
189,0305,9.8,13.4,6.4,30
189,0306,9.8,13.5,6.4,30
189,0307,9.9,13.6,6.4,30
189,0308,10.0,13.7,6.5,30
189,0309,10.1,13.8,6.6,30
189,0310,10.2,13.9,6.7,30
189,0311,10.4,14.1,6.9,30
189,0312,10.6,14.3,7.0,30
189,0313,10.7,14.5,7.2,30
189,0314,10.8,14.6,7.3,30
189,0315,10.9,14.7,7.4,30
189,0316,11.1,14.8,7.5,30
189,0317,11.2,14.9,7.6,30
189,0318,11.2,15.0,7.7,30
189,0319,11.4,15.1,7.8,30
189,0320,11.5,15.2,8.0,30
189,0321,11.7,15.4,8.1,30
189,0322,11.8,15.4,8.3,30
189,0323,11.9,15.6,8.4,30
189,0324,12.0,15.7,8.5,30
189,0325,12.1,15.8,8.6,30
189,0326,12.2,15.9,8.7,30
189,0327,12.2,15.9,8.8,30
189,0328,12.3,16.0,8.8,30
189,0329,12.5,16.2,9.0,30
189,0330,12.6,16.3,9.1,30
189,0331,12.8,16.5,9.3,30
189,0401,13.0,16.7,9.5,30
189,0402,13.2,16.9,9.8,30
189,0403,13.4,17.1,10.0,30
189,0404,13.5,17.2,10.1,30
189,0405,13.6,17.3,10.2,30
189,0406,13.7,17.5,10.3,30
189,0407,13.8,17.6,10.4,30
189,0408,13.9,17.7,10.5,30
189,0409,14.1,17.9,10.7,30
189,0410,14.2,18.0,10.9,30
189,0411,14.4,18.2,11.1,30
189,0412,14.6,18.3,11.2,30
189,0413,14.7,18.4,11.3,30
189,0414,14.8,18.5,11.5,30
189,0415,14.9,18.6,11.6,30
189,0416,15.1,18.7,11.8,30
189,0417,15.2,18.9,11.8,30
189,0418,15.3,19.0,11.9,30
189,0419,15.4,19.1,12.0,30
189,0420,15.5,19.2,12.2,30
189,0421,15.7,19.3,12.3,30
189,0422,15.8,19.4,12.5,30
189,0423,16.0,19.6,12.7,30
189,0424,16.1,19.7,12.9,30
189,0425,16.3,19.8,13.1,30
189,0426,16.5,20.0,13.2,30
189,0427,16.6,20.1,13.4,30
189,0428,16.8,20.3,13.6,30
189,0429,16.9,20.4,13.7,30
189,0430,17.0,20.6,13.8,30
189,0501,17.2,20.7,14.0,30
189,0502,17.3,20.7,14.1,30
189,0503,17.4,20.9,14.2,30
189,0504,17.5,21.0,14.4,30
189,0505,17.6,21.1,14.5,30
189,0506,17.8,21.2,14.7,30
189,0507,17.9,21.3,14.8,30
189,0508,18.0,21.4,14.9,30
189,0509,18.1,21.5,15.0,30
189,0510,18.1,21.6,15.0,30
189,0511,18.2,21.7,15.1,30
189,0512,18.3,21.8,15.2,30
189,0513,18.4,21.9,15.3,30
189,0514,18.5,22.0,15.3,30
189,0515,18.6,22.1,15.4,30
189,0516,18.7,22.2,15.6,30
189,0517,18.9,22.4,15.7,30
189,0518,19.0,22.5,15.9,30
189,0519,19.1,22.6,16.1,30
189,0520,19.3,22.8,16.2,30
189,0521,19.4,22.9,16.4,30
189,0522,19.5,23.0,16.5,30
189,0523,19.6,23.1,16.6,30
189,0524,19.7,23.2,16.6,30
189,0525,19.8,23.3,16.8,30
189,0526,19.9,23.4,16.9,30
189,0527,20.0,23.5,17.0,30
189,0528,20.2,23.6,17.2,30
189,0529,20.3,23.7,17.3,30
189,0530,20.4,23.8,17.5,30
189,0531,20.4,23.8,17.5,30
189,0601,20.5,23.8,17.6,30
189,0602,20.6,23.9,17.8,30
189,0603,20.7,24.0,17.9,30
189,0604,20.8,24.0,18.1,30
189,0605,20.9,24.1,18.2,30
189,0606,21.0,24.2,18.3,30
189,0607,21.1,24.3,18.5,30
189,0608,21.2,24.4,18.6,30
189,0609,21.3,24.4,18.8,30
189,0610,21.4,24.5,18.8,30
189,0611,21.5,24.5,19.0,30
189,0612,21.6,24.6,19.1,30
189,0613,21.7,24.6,19.2,30
189,0614,21.8,24.7,19.3,30
189,0615,21.8,24.8,19.4,30
189,0616,21.9,24.8,19.5,30
189,0617,22.0,24.9,19.6,30
189,0618,22.0,24.9,19.7,30
189,0619,22.1,25.0,19.8,30
189,0620,22.2,25.0,19.9,30
189,0621,22.3,25.0,20.0,30
189,0622,22.4,25.1,20.2,30
189,0623,22.5,25.1,20.4,30
189,0624,22.6,25.2,20.5,30
189,0625,22.7,25.3,20.7,30
189,0626,22.9,25.4,20.9,30
189,0627,23.0,25.6,21.0,30
189,0628,23.1,25.6,21.2,30
189,0629,23.2,25.7,21.3,30
189,0630,23.3,25.8,21.4,30
189,0701,23.4,25.9,21.5,30
189,0702,23.6,26.0,21.7,30
189,0703,23.7,26.2,21.9,30
189,0704,23.9,26.3,22.0,30
189,0705,24.0,26.4,22.2,30
189,0706,24.2,26.6,22.3,30
189,0707,24.3,26.7,22.5,30
189,0708,24.5,26.9,22.6,30
189,0709,24.6,27.1,22.7,30
189,0710,24.8,27.3,22.9,30
189,0711,24.9,27.4,23.0,30
189,0712,25.1,27.5,23.2,30
189,0713,25.2,27.7,23.3,30
189,0714,25.4,27.9,23.6,30
189,0715,25.6,28.2,23.7,30
189,0716,25.8,28.4,23.9,30
189,0717,26.0,28.5,24.0,30
189,0718,26.1,28.7,24.2,30
189,0719,26.3,28.9,24.3,30
189,0720,26.4,29.1,24.4,30
189,0721,26.6,29.3,24.5,30
189,0722,26.7,29.4,24.7,30
189,0723,26.9,29.6,24.8,30
189,0724,27.0,29.7,24.9,30
189,0725,27.2,29.9,25.1,30
189,0726,27.3,30.0,25.2,30
189,0727,27.4,30.1,25.3,30
189,0728,27.4,30.2,25.3,30
189,0729,27.5,30.3,25.4,30
189,0730,27.6,30.3,25.5,30
189,0731,27.6,30.4,25.5,30
189,0801,27.7,30.5,25.6,30
189,0802,27.7,30.5,25.6,30
189,0803,27.8,30.5,25.6,30
189,0804,27.8,30.5,25.6,30
189,0805,27.8,30.5,25.6,30
189,0806,27.8,30.5,25.6,30
189,0807,27.7,30.5,25.6,30
189,0808,27.7,30.4,25.5,30
189,0809,27.6,30.4,25.5,30
189,0810,27.6,30.3,25.4,30
189,0811,27.6,30.4,25.4,30
189,0812,27.5,30.4,25.3,30
189,0813,27.5,30.3,25.3,30
189,0814,27.4,30.3,25.2,30
189,0815,27.4,30.2,25.1,30
189,0816,27.3,30.2,25.0,30
189,0817,27.3,30.2,24.9,30
189,0818,27.2,30.1,24.9,30
189,0819,27.2,30.1,24.8,30
189,0820,27.1,30.0,24.7,30
189,0821,27.0,29.9,24.6,30
189,0822,27.0,29.9,24.5,30
189,0823,26.9,29.9,24.4,30
189,0824,26.8,29.8,24.3,30
189,0825,26.7,29.7,24.2,30
189,0826,26.6,29.6,24.1,30
189,0827,26.5,29.5,24.0,30
189,0828,26.4,29.4,23.9,30
189,0829,26.3,29.3,23.8,30
189,0830,26.2,29.2,23.7,30
189,0831,26.0,29.0,23.6,30
189,0901,25.9,29.0,23.4,30
189,0902,25.8,28.9,23.3,30
189,0903,25.7,28.8,23.1,30
189,0904,25.6,28.8,23.0,30
189,0905,25.4,28.6,22.9,30
189,0906,25.3,28.5,22.8,30
189,0907,25.2,28.4,22.6,30
189,0908,25.0,28.2,22.5,30
189,0909,24.9,28.1,22.4,30
189,0910,24.8,28.0,22.2,30
189,0911,24.7,27.9,22.1,30
189,0912,24.6,27.8,22.0,30
189,0913,24.5,27.7,21.8,30
189,0914,24.3,27.7,21.7,30
189,0915,24.2,27.5,21.5,30
189,0916,24.0,27.3,21.4,30
189,0917,23.9,27.2,21.2,30
189,0918,23.8,27.1,21.1,30
189,0919,23.6,27.0,20.9,30
189,0920,23.5,26.9,20.8,30
189,0921,23.4,26.8,20.7,30
189,0922,23.3,26.7,20.6,30
189,0923,23.2,26.6,20.4,30
189,0924,23.0,26.5,20.3,30
189,0925,22.9,26.3,20.2,30
189,0926,22.7,26.2,20.0,30
189,0927,22.6,26.1,19.8,30
189,0928,22.4,25.9,19.6,30
189,0929,22.3,25.8,19.4,30
189,0930,22.1,25.7,19.3,30
189,1001,22.0,25.6,19.1,30
189,1002,21.9,25.5,18.9,30
189,1003,21.7,25.4,18.8,30
189,1004,21.6,25.3,18.7,30
189,1005,21.5,25.1,18.5,30
189,1006,21.3,25.0,18.3,30
189,1007,21.2,24.9,18.1,30
189,1008,21.0,24.8,17.9,30
189,1009,20.8,24.6,17.7,30
189,1010,20.6,24.4,17.4,30
189,1011,20.4,24.3,17.2,30
189,1012,20.3,24.1,17.0,30
189,1013,20.1,24.0,16.9,30
189,1014,20.0,23.9,16.8,30
189,1015,19.9,23.8,16.6,30
189,1016,19.7,23.6,16.5,30
189,1017,19.6,23.5,16.3,30
189,1018,19.4,23.3,16.1,30
189,1019,19.2,23.1,15.9,30
189,1020,19.0,22.9,15.7,30
189,1021,18.8,22.7,15.5,30
189,1022,18.6,22.5,15.3,30
189,1023,18.5,22.3,15.2,30
189,1024,18.3,22.2,15.0,30
189,1025,18.1,22.0,14.8,30
189,1026,17.9,21.8,14.6,30
189,1027,17.7,21.6,14.4,30
189,1028,17.5,21.4,14.2,30
189,1029,17.4,21.2,14.1,30
189,1030,17.3,21.2,13.9,30
189,1031,17.2,21.1,13.8,30
189,1101,17.1,20.9,13.7,30
189,1102,16.9,20.8,13.5,30
189,1103,16.8,20.6,13.4,30
189,1104,16.6,20.4,13.3,30
189,1105,16.5,20.3,13.1,30
189,1106,16.3,20.1,13.0,30
189,1107,16.2,20.0,12.9,30
189,1108,16.1,19.9,12.7,30
189,1109,15.9,19.7,12.6,30
189,1110,15.8,19.5,12.5,30
189,1111,15.6,19.3,12.3,30
189,1112,15.4,19.1,12.2,30
189,1113,15.1,18.9,11.9,30
189,1114,14.8,18.5,11.5,30
189,1115,14.5,18.3,11.2,30
189,1116,14.3,18.0,11.0,30
189,1117,14.1,17.9,10.8,30
189,1118,13.9,17.7,10.6,30
189,1119,13.7,17.5,10.4,30
189,1120,13.5,17.3,10.2,30
189,1121,13.3,17.1,10.0,30
189,1122,13.2,17.0,9.8,30
189,1123,13.0,16.8,9.7,30
189,1124,12.9,16.7,9.5,30
189,1125,12.7,16.6,9.3,30
189,1126,12.6,16.4,9.2,30
189,1127,12.4,16.3,9.0,30
189,1128,12.2,16.1,8.8,30
189,1129,12.0,15.9,8.7,30
189,1130,11.8,15.7,8.5,30
189,1201,11.6,15.5,8.3,30
189,1202,11.4,15.2,8.0,30
189,1203,11.2,15.0,7.9,30
189,1204,11.0,14.8,7.7,30
189,1205,10.8,14.6,7.6,30
189,1206,10.6,14.3,7.4,30
189,1207,10.4,14.1,7.2,30
189,1208,10.2,13.9,7.0,30
189,1209,10.0,13.6,6.8,30
189,1210,9.8,13.4,6.6,30
189,1211,9.6,13.2,6.4,30
189,1212,9.5,13.1,6.3,30
189,1213,9.4,13.0,6.2,30
189,1214,9.4,13.0,6.2,30
189,1215,9.3,12.9,6.1,30
189,1216,9.3,12.9,6.1,30
189,1217,9.3,12.9,6.0,30
189,1218,9.1,12.7,5.9,30
189,1219,9.0,12.7,5.8,30
189,1220,9.0,12.6,5.7,30
189,1221,8.9,12.5,5.7,30
189,1222,8.8,12.5,5.6,30
189,1223,8.7,12.4,5.5,30
189,1224,8.6,12.3,5.4,30
189,1225,8.5,12.2,5.3,30
189,1226,8.5,12.2,5.2,30
189,1227,8.4,12.2,5.2,30
189,1228,8.3,12.1,5.1,30
189,1229,8.2,11.9,5.0,30
189,1230,8.1,11.9,5.0,30
189,1231,8.0,11.8,4.9,30
192,0101,0.5,7.8,-5.5,30
192,0102,0.4,7.6,-5.6,30
192,0103,0.3,7.6,-5.7,30
192,0104,0.2,7.5,-5.7,30
192,0105,0.2,7.4,-5.7,30
192,0106,0.3,7.3,-5.6,30
192,0107,0.3,7.3,-5.6,30
192,0108,0.3,7.3,-5.6,30
192,0109,0.3,7.3,-5.5,30
192,0110,0.3,7.2,-5.5,30
192,0111,0.3,7.2,-5.5,30
192,0112,0.3,7.2,-5.5,30
192,0113,0.4,7.2,-5.4,30
192,0114,0.3,7.1,-5.4,30
192,0115,0.3,7.0,-5.3,30
192,0116,0.3,7.0,-5.3,30
192,0117,0.3,6.9,-5.4,30
192,0118,0.3,6.9,-5.4,30
192,0119,0.3,6.9,-5.3,30
192,0120,0.3,6.9,-5.4,30
192,0121,0.3,7.0,-5.4,30
192,0122,0.3,7.0,-5.5,30
192,0123,0.3,7.0,-5.5,30
192,0124,0.3,7.0,-5.4,30
192,0125,0.3,7.1,-5.4,30
192,0126,0.3,7.1,-5.4,30
192,0127,0.3,7.1,-5.5,30
192,0128,0.3,7.1,-5.6,30
192,0129,0.3,7.2,-5.6,30
192,0130,0.4,7.4,-5.6,30
192,0131,0.5,7.6,-5.6,30
192,0201,0.6,7.7,-5.5,30
192,0202,0.7,7.8,-5.4,30
192,0203,0.8,7.9,-5.4,30
192,0204,0.9,8.0,-5.3,30
192,0205,1.0,8.1,-5.1,30
192,0206,1.2,8.3,-5.0,30
192,0207,1.4,8.5,-4.9,30
192,0208,1.5,8.7,-4.7,30
192,0209,1.7,8.8,-4.5,30
192,0210,1.8,8.8,-4.4,30
192,0211,2.0,8.9,-4.2,30
192,0212,2.1,9.1,-4.1,30
192,0213,2.3,9.3,-3.9,30
192,0214,2.4,9.3,-3.8,30
192,0215,2.5,9.4,-3.7,30
192,0216,2.7,9.6,-3.6,30
192,0217,2.9,9.9,-3.5,30
192,0218,3.1,10.1,-3.3,30
192,0219,3.3,10.2,-3.1,30
192,0220,3.4,10.4,-2.9,30
192,0221,3.6,10.5,-2.7,30
192,0222,3.6,10.5,-2.7,30
192,0223,3.7,10.6,-2.5,30
192,0224,3.9,10.8,-2.5,30
192,0225,4.0,11.0,-2.4,30
192,0226,4.2,11.1,-2.2,30
192,0227,4.4,11.3,-2.0,30
192,0228,4.5,11.4,-1.8,30
192,0229,4.7,11.5,-1.6,0
192,0301,4.9,11.7,-1.5,30
192,0302,5.0,11.8,-1.3,30
192,0303,5.2,11.9,-1.1,30
192,0304,5.2,12.0,-1.1,30
192,0305,5.4,12.2,-1.1,30
192,0306,5.5,12.4,-1.0,30
192,0307,5.6,12.6,-1.0,30
192,0308,5.7,12.6,-0.9,30
192,0309,5.8,12.8,-0.8,30
192,0310,6.1,13.0,-0.6,30
192,0311,6.3,13.2,-0.4,30
192,0312,6.6,13.5,-0.1,30
192,0313,6.8,13.7,0.1,30
192,0314,6.9,13.9,0.3,30
192,0315,7.1,14.1,0.4,30
192,0316,7.3,14.3,0.7,30
192,0317,7.5,14.4,0.8,30
192,0318,7.6,14.5,1.0,30
192,0319,7.8,14.7,1.1,30
192,0320,8.0,14.9,1.4,30
192,0321,8.2,15.1,1.6,30
192,0322,8.4,15.2,1.8,30
192,0323,8.6,15.5,2.0,30
192,0324,8.8,15.7,2.1,30
192,0325,8.9,15.8,2.3,30
192,0326,9.1,16.0,2.4,30
192,0327,9.2,16.2,2.5,30
192,0328,9.3,16.3,2.5,30
192,0329,9.5,16.6,2.6,30
192,0330,9.7,16.8,2.8,30
192,0331,9.9,17.0,3.0,30
192,0401,10.2,17.4,3.2,30
192,0402,10.4,17.7,3.4,30
192,0403,10.6,17.8,3.7,30
192,0404,10.8,17.9,4.0,30
192,0405,11.0,18.0,4.2,30
192,0406,11.2,18.2,4.3,30
192,0407,11.3,18.4,4.4,30
192,0408,11.5,18.7,4.5,30
192,0409,11.7,18.9,4.7,30
192,0410,11.9,19.1,4.9,30
192,0411,12.1,19.3,5.1,30
192,0412,12.4,19.5,5.4,30
192,0413,12.5,19.6,5.6,30
192,0414,12.7,19.7,5.9,30
192,0415,12.9,19.9,6.1,30
192,0416,13.1,19.9,6.4,30
192,0417,13.2,20.1,6.5,30
192,0418,13.4,20.3,6.5,30
192,0419,13.5,20.5,6.6,30
192,0420,13.7,20.7,6.7,30
192,0421,13.8,20.9,6.8,30
192,0422,14.0,21.0,7.1,30
192,0423,14.2,21.1,7.4,30
192,0424,14.4,21.2,7.7,30
192,0425,14.6,21.4,8.0,30
192,0426,14.8,21.6,8.3,30
192,0427,15.0,21.8,8.5,30
192,0428,15.2,22.0,8.6,30
192,0429,15.4,22.2,8.8,30
192,0430,15.6,22.3,8.9,30
192,0501,15.8,22.6,9.1,30
192,0502,16.0,22.7,9.3,30
192,0503,16.1,22.8,9.6,30
192,0504,16.3,23.0,9.8,30
192,0505,16.5,23.0,10.1,30
192,0506,16.7,23.2,10.3,30
192,0507,16.8,23.4,10.5,30
192,0508,16.9,23.5,10.6,30
192,0509,17.0,23.6,10.7,30
192,0510,17.1,23.7,10.8,30
192,0511,17.2,23.8,10.8,30
192,0512,17.3,23.8,10.9,30
192,0513,17.4,24.0,11.1,30
192,0514,17.5,24.2,11.2,30
192,0515,17.7,24.4,11.3,30
192,0516,17.8,24.5,11.4,30
192,0517,17.9,24.6,11.6,30
192,0518,18.1,24.8,11.7,30
192,0519,18.3,25.0,12.0,30
192,0520,18.5,25.2,12.1,30
192,0521,18.6,25.3,12.3,30
192,0522,18.8,25.5,12.4,30
192,0523,18.9,25.6,12.5,30
192,0524,19.0,25.8,12.6,30
192,0525,19.2,26.0,12.8,30
192,0526,19.3,26.1,13.0,30
192,0527,19.5,26.2,13.2,30
192,0528,19.7,26.4,13.4,30
192,0529,19.8,26.5,13.6,30
192,0530,20.0,26.6,13.9,30
192,0531,20.1,26.7,14.1,30
192,0601,20.2,26.7,14.3,30
192,0602,20.3,26.8,14.5,30
192,0603,20.4,26.9,14.7,30
192,0604,20.6,27.0,14.9,30
192,0605,20.8,27.1,15.2,30
192,0606,20.9,27.1,15.4,30
192,0607,21.0,27.2,15.5,30
192,0608,21.1,27.2,15.8,30
192,0609,21.3,27.4,16.0,30
192,0610,21.4,27.5,16.1,30
192,0611,21.5,27.5,16.3,30
192,0612,21.6,27.5,16.5,30
192,0613,21.7,27.6,16.7,30
192,0614,21.8,27.6,16.9,30
192,0615,21.9,27.6,17.1,30
192,0616,22.0,27.6,17.3,30
192,0617,22.1,27.6,17.4,30
192,0618,22.1,27.6,17.6,30
192,0619,22.2,27.6,17.7,30
192,0620,22.3,27.6,17.9,30
192,0621,22.4,27.6,18.1,30
192,0622,22.5,27.6,18.3,30
192,0623,22.6,27.5,18.5,30
192,0624,22.6,27.4,18.8,30
192,0625,22.8,27.4,19.0,30
192,0626,22.9,27.5,19.2,30
192,0627,23.0,27.5,19.4,30
192,0628,23.1,27.5,19.6,30
192,0629,23.1,27.5,19.7,30
192,0630,23.2,27.5,19.8,30
192,0701,23.3,27.6,20.0,30
192,0702,23.5,27.7,20.2,30
192,0703,23.6,27.8,20.4,30
192,0704,23.8,27.9,20.5,30
192,0705,23.8,27.9,20.7,30
192,0706,23.9,27.9,20.8,30
192,0707,24.1,28.1,20.9,30
192,0708,24.2,28.2,21.1,30
192,0709,24.3,28.3,21.2,30
192,0710,24.4,28.4,21.3,30
192,0711,24.4,28.5,21.3,30
192,0712,24.6,28.7,21.3,30
192,0713,24.7,28.8,21.4,30
192,0714,24.9,29.0,21.6,30
192,0715,25.1,29.3,21.8,30
192,0716,25.2,29.5,21.9,30
192,0717,25.4,29.6,22.0,30
192,0718,25.5,29.8,22.1,30
192,0719,25.6,30.0,22.2,30
192,0720,25.8,30.2,22.3,30
192,0721,25.9,30.4,22.4,30
192,0722,26.1,30.6,22.5,30
192,0723,26.2,30.8,22.6,30
192,0724,26.3,31.0,22.7,30
192,0725,26.5,31.1,22.8,30
192,0726,26.6,31.3,23.0,30
192,0727,26.7,31.4,23.1,30
192,0728,26.7,31.4,23.1,30
192,0729,26.8,31.5,23.1,30
192,0730,26.8,31.5,23.1,30
192,0731,26.8,31.5,23.1,30
192,0801,26.9,31.6,23.1,30
192,0802,26.9,31.6,23.2,30
192,0803,26.9,31.7,23.2,30
192,0804,26.9,31.7,23.3,30
192,0805,26.9,31.6,23.2,30
192,0806,26.8,31.6,23.2,30
192,0807,26.8,31.5,23.2,30
192,0808,26.7,31.4,23.1,30
192,0809,26.6,31.3,23.1,30
192,0810,26.6,31.3,23.0,30
192,0811,26.5,31.2,22.9,30
192,0812,26.5,31.2,22.8,30
192,0813,26.4,31.1,22.8,30
192,0814,26.3,31.0,22.7,30
192,0815,26.2,30.9,22.6,30
192,0816,26.1,30.7,22.5,30
192,0817,25.9,30.6,22.4,30
192,0818,25.8,30.5,22.2,30
192,0819,25.7,30.4,22.1,30
192,0820,25.6,30.3,21.9,30
192,0821,25.5,30.2,21.8,30
192,0822,25.4,30.2,21.6,30
192,0823,25.2,30.0,21.5,30
192,0824,25.1,29.9,21.3,30
192,0825,25.0,29.8,21.2,30
192,0826,24.8,29.6,21.0,30
192,0827,24.7,29.5,20.8,30
192,0828,24.5,29.4,20.6,30
192,0829,24.4,29.3,20.5,30
192,0830,24.2,29.1,20.3,30
192,0831,24.0,29.0,20.1,30
192,0901,23.9,28.9,19.9,30
192,0902,23.7,28.8,19.7,30
192,0903,23.6,28.7,19.5,30
192,0904,23.4,28.6,19.4,30
192,0905,23.3,28.4,19.2,30
192,0906,23.1,28.2,19.0,30
192,0907,23.0,28.1,18.8,30
192,0908,22.8,28.0,18.6,30
192,0909,22.6,27.8,18.4,30
192,0910,22.5,27.7,18.2,30
192,0911,22.3,27.6,18.0,30
192,0912,22.1,27.5,17.7,30
192,0913,22.0,27.4,17.5,30
192,0914,21.8,27.3,17.2,30
192,0915,21.5,27.1,16.9,30
192,0916,21.3,26.9,16.7,30
192,0917,21.1,26.7,16.4,30
192,0918,20.9,26.6,16.1,30
192,0919,20.7,26.6,15.8,30
192,0920,20.5,26.4,15.5,30
192,0921,20.3,26.3,15.3,30
192,0922,20.1,26.1,15.0,30
192,0923,19.9,25.9,14.8,30
192,0924,19.7,25.8,14.6,30
192,0925,19.5,25.7,14.4,30
192,0926,19.3,25.5,14.1,30
192,0927,19.1,25.3,13.9,30
192,0928,18.9,25.1,13.7,30
192,0929,18.7,25.0,13.4,30
192,0930,18.5,24.8,13.2,30
192,1001,18.3,24.8,12.9,30
192,1002,18.1,24.6,12.7,30
192,1003,17.9,24.5,12.4,30
192,1004,17.7,24.3,12.2,30
192,1005,17.6,24.2,12.1,30
192,1006,17.3,24.0,11.8,30
192,1007,17.1,24.0,11.5,30
192,1008,16.9,23.9,11.2,30
192,1009,16.6,23.6,10.8,30
192,1010,16.3,23.4,10.4,30
192,1011,16.1,23.2,10.1,30
192,1012,15.9,23.1,9.9,30
192,1013,15.7,22.9,9.6,30
192,1014,15.5,22.8,9.4,30
192,1015,15.3,22.6,9.2,30
192,1016,15.1,22.4,9.0,30
192,1017,14.9,22.2,8.8,30
192,1018,14.7,22.1,8.5,30
192,1019,14.4,21.8,8.1,30
192,1020,14.1,21.6,7.8,30
192,1021,13.8,21.4,7.5,30
192,1022,13.6,21.1,7.2,30
192,1023,13.3,20.9,7.0,30
192,1024,13.1,20.7,6.7,30
192,1025,12.8,20.4,6.5,30
192,1026,12.6,20.1,6.2,30
192,1027,12.3,19.9,5.9,30
192,1028,12.0,19.7,5.6,30
192,1029,11.8,19.6,5.3,30
192,1030,11.6,19.5,5.1,30
192,1031,11.4,19.3,4.9,30
192,1101,11.3,19.1,4.8,30
192,1102,11.1,18.9,4.7,30
192,1103,10.9,18.7,4.6,30
192,1104,10.8,18.5,4.5,30
192,1105,10.6,18.3,4.3,30
192,1106,10.4,18.0,4.2,30
192,1107,10.3,17.8,4.0,30
192,1108,10.1,17.7,3.9,30
192,1109,9.9,17.5,3.7,30
192,1110,9.7,17.2,3.5,30
192,1111,9.5,16.9,3.3,30
192,1112,9.3,16.6,3.2,30
192,1113,9.0,16.2,3.0,30
192,1114,8.6,15.8,2.6,30
192,1115,8.3,15.5,2.2,30
192,1116,7.9,15.3,1.8,30
192,1117,7.6,15.0,1.5,30
192,1118,7.4,14.8,1.3,30
192,1119,7.1,14.5,1.0,30
192,1120,6.9,14.3,0.8,30
192,1121,6.6,14.0,0.6,30
192,1122,6.4,13.8,0.3,30
192,1123,6.2,13.6,0.1,30
192,1124,6.0,13.4,-0.0,30
192,1125,5.8,13.2,-0.2,30
192,1126,5.6,13.1,-0.4,30
192,1127,5.4,12.8,-0.6,30
192,1128,5.2,12.6,-0.8,30
192,1129,5.0,12.3,-1.0,30
192,1130,4.8,12.1,-1.1,30
192,1201,4.5,11.8,-1.3,30
192,1202,4.3,11.5,-1.5,30
192,1203,4.1,11.3,-1.7,30
192,1204,3.9,11.1,-1.9,30
192,1205,3.7,10.8,-2.2,30
192,1206,3.5,10.6,-2.4,30
192,1207,3.2,10.3,-2.7,30
192,1208,2.9,10.1,-2.9,30
192,1209,2.7,9.8,-3.1,30
192,1210,2.6,9.6,-3.2,30
192,1211,2.4,9.4,-3.4,30
192,1212,2.2,9.3,-3.6,30
192,1213,2.1,9.2,-3.7,30
192,1214,2.1,9.2,-3.8,30
192,1215,2.0,9.2,-3.9,30
192,1216,2.0,9.2,-4.0,30
192,1217,1.9,9.1,-4.0,30
192,1218,1.8,9.0,-4.1,30
192,1219,1.7,8.9,-4.2,30
192,1220,1.6,8.8,-4.3,30
192,1221,1.4,8.8,-4.4,30
192,1222,1.4,8.7,-4.5,30
192,1223,1.3,8.6,-4.7,30
192,1224,1.2,8.5,-4.8,30
192,1225,1.1,8.4,-4.9,30
192,1226,1.0,8.4,-5.0,30
192,1227,1.0,8.4,-5.0,30
192,1228,0.9,8.3,-5.1,30
192,1229,0.7,8.2,-5.3,30
192,1230,0.7,8.0,-5.3,30
192,1231,0.6,7.9,-5.4,30
201,0101,-2.9,2.0,-7.6,30
201,0102,-3.0,1.9,-7.7,30
201,0103,-3.0,1.8,-7.8,30
201,0104,-3.1,1.8,-7.9,30
201,0105,-3.2,1.7,-8.0,30
201,0106,-3.2,1.6,-8.0,30
201,0107,-3.3,1.6,-8.0,30
201,0108,-3.3,1.6,-8.1,30
201,0109,-3.4,1.6,-8.1,30
201,0110,-3.4,1.6,-8.1,30
201,0111,-3.4,1.6,-8.1,30
201,0112,-3.4,1.6,-8.1,30
201,0113,-3.3,1.7,-8.0,30
201,0114,-3.3,1.6,-8.1,30
201,0115,-3.3,1.6,-8.1,30
201,0116,-3.4,1.6,-8.1,30
201,0117,-3.4,1.5,-8.2,30
201,0118,-3.5,1.5,-8.3,30
201,0119,-3.4,1.6,-8.2,30
201,0120,-3.4,1.6,-8.2,30
201,0121,-3.3,1.7,-8.3,30
201,0122,-3.2,1.8,-8.2,30
201,0123,-3.2,1.8,-8.2,30
201,0124,-3.1,1.9,-8.2,30
201,0125,-3.2,1.9,-8.2,30
201,0126,-3.2,1.8,-8.3,30
201,0127,-3.2,1.8,-8.3,30
201,0128,-3.2,1.8,-8.4,30
201,0129,-3.1,1.9,-8.3,30
201,0130,-3.0,2.0,-8.3,30
201,0131,-2.9,2.2,-8.2,30
201,0201,-2.8,2.3,-8.0,30
201,0202,-2.7,2.4,-7.9,30
201,0203,-2.6,2.5,-7.8,30
201,0204,-2.5,2.6,-7.7,30
201,0205,-2.4,2.7,-7.5,30
201,0206,-2.2,2.9,-7.4,30
201,0207,-2.0,3.0,-7.2,30
201,0208,-1.9,3.2,-7.0,30
201,0209,-1.7,3.3,-6.9,30
201,0210,-1.6,3.5,-6.7,30
201,0211,-1.4,3.6,-6.5,30
201,0212,-1.2,3.8,-6.3,30
201,0213,-1.0,4.1,-6.2,30
201,0214,-0.9,4.2,-6.0,30
201,0215,-0.7,4.4,-5.8,30
201,0216,-0.5,4.6,-5.6,30
201,0217,-0.3,4.9,-5.4,30
201,0218,-0.0,5.1,-5.2,30
201,0219,0.2,5.3,-5.0,30
201,0220,0.4,5.6,-4.8,30
201,0221,0.6,5.8,-4.6,30
201,0222,0.6,5.8,-4.5,30
201,0223,0.7,6.0,-4.4,30
201,0224,1.0,6.2,-4.2,30
201,0225,1.2,6.4,-4.0,30
201,0226,1.5,6.7,-3.7,30
201,0227,1.7,6.9,-3.5,30
201,0228,1.8,7.0,-3.2,30
201,0229,2.0,7.1,-3.0,0
201,0301,2.1,7.3,-2.9,30
201,0302,2.3,7.5,-2.7,30
201,0303,2.5,7.6,-2.5,30
201,0304,2.6,7.7,-2.4,30
201,0305,2.7,7.8,-2.3,30
201,0306,2.8,7.9,-2.2,30
201,0307,3.0,8.1,-2.1,30
201,0308,3.1,8.3,-2.0,30
201,0309,3.3,8.5,-1.8,30
201,0310,3.5,8.7,-1.6,30
201,0311,3.8,9.0,-1.4,30
201,0312,4.0,9.2,-1.2,30
201,0313,4.2,9.4,-1.1,30
201,0314,4.4,9.7,-0.9,30
201,0315,4.6,9.9,-0.7,30
201,0316,4.8,10.1,-0.5,30
201,0317,4.9,10.1,-0.3,30
201,0318,5.0,10.3,-0.2,30
201,0319,5.3,10.6,-0.0,30
201,0320,5.5,10.8,0.1,30
201,0321,5.6,10.9,0.3,30
201,0322,5.8,11.1,0.4,30
201,0323,5.9,11.2,0.6,30
201,0324,6.1,11.4,0.8,30
201,0325,6.3,11.6,1.0,30
201,0326,6.4,11.7,1.1,30
201,0327,6.6,11.8,1.2,30
201,0328,6.7,12.0,1.4,30
201,0329,6.9,12.2,1.5,30
201,0330,7.1,12.4,1.7,30
201,0331,7.4,12.7,2.0,30
201,0401,7.6,13.0,2.2,30
201,0402,7.9,13.4,2.4,30
201,0403,8.1,13.6,2.7,30
201,0404,8.4,13.9,3.0,30
201,0405,8.6,14.1,3.2,30
201,0406,8.8,14.3,3.5,30
201,0407,9.0,14.5,3.7,30
201,0408,9.2,14.7,3.9,30
201,0409,9.4,14.9,4.0,30
201,0410,9.6,15.2,4.2,30
201,0411,9.8,15.4,4.5,30
201,0412,10.0,15.6,4.7,30
201,0413,10.3,15.8,4.9,30
201,0414,10.5,16.0,5.2,30
201,0415,10.7,16.2,5.4,30
201,0416,10.9,16.4,5.6,30
201,0417,11.1,16.5,5.8,30
201,0418,11.2,16.7,5.9,30
201,0419,11.3,16.8,5.9,30
201,0420,11.4,16.9,6.1,30
201,0421,11.6,17.1,6.2,30
201,0422,11.8,17.3,6.4,30
201,0423,12.1,17.6,6.7,30
201,0424,12.4,17.9,7.1,30
201,0425,12.7,18.1,7.4,30
201,0426,12.9,18.3,7.6,30
201,0427,13.0,18.5,7.8,30
201,0428,13.3,18.7,7.9,30
201,0429,13.4,18.9,8.1,30
201,0430,13.6,19.1,8.3,30
201,0501,13.8,19.3,8.4,30
201,0502,14.0,19.5,8.7,30
201,0503,14.2,19.7,8.9,30
201,0504,14.3,19.8,9.2,30
201,0505,14.5,19.9,9.4,30
201,0506,14.7,20.1,9.6,30
201,0507,14.8,20.3,9.8,30
201,0508,14.9,20.4,9.9,30
201,0509,15.0,20.4,10.0,30
201,0510,15.0,20.4,10.0,30
201,0511,15.1,20.5,10.1,30
201,0512,15.2,20.6,10.3,30
201,0513,15.3,20.6,10.4,30
201,0514,15.4,20.8,10.5,30
201,0515,15.6,20.9,10.7,30
201,0516,15.7,21.1,10.8,30
201,0517,15.9,21.2,11.0,30
201,0518,16.0,21.3,11.2,30
201,0519,16.2,21.5,11.3,30
201,0520,16.4,21.8,11.5,30
201,0521,16.6,22.0,11.6,30
201,0522,16.8,22.2,11.8,30
201,0523,16.9,22.3,11.9,30
201,0524,17.1,22.5,12.1,30
201,0525,17.3,22.7,12.2,30
201,0526,17.5,22.9,12.4,30
201,0527,17.6,23.1,12.6,30
201,0528,17.8,23.2,12.8,30
201,0529,18.0,23.4,13.0,30
201,0530,18.2,23.5,13.2,30
201,0531,18.3,23.6,13.4,30
201,0601,18.4,23.8,13.5,30
201,0602,18.7,24.1,13.7,30
201,0603,18.8,24.2,14.0,30
201,0604,19.0,24.3,14.2,30
201,0605,19.1,24.4,14.4,30
201,0606,19.3,24.5,14.6,30
201,0607,19.4,24.7,14.8,30
201,0608,19.6,24.8,15.0,30
201,0609,19.8,24.9,15.2,30
201,0610,19.9,25.0,15.4,30
201,0611,20.0,25.1,15.6,30
201,0612,20.2,25.3,15.8,30
201,0613,20.3,25.3,16.0,30
201,0614,20.4,25.4,16.1,30
201,0615,20.6,25.6,16.3,30
201,0616,20.7,25.6,16.5,30
201,0617,20.7,25.6,16.6,30
201,0618,20.9,25.7,16.7,30
201,0619,20.9,25.8,16.9,30
201,0620,21.1,25.8,17.0,30
201,0621,21.2,25.9,17.2,30
201,0622,21.3,26.0,17.4,30
201,0623,21.4,25.9,17.5,30
201,0624,21.4,25.9,17.7,30
201,0625,21.5,26.0,17.9,30
201,0626,21.6,26.0,18.1,30
201,0627,21.8,26.1,18.2,30
201,0628,21.9,26.2,18.4,30
201,0629,22.0,26.2,18.5,30
201,0630,22.1,26.3,18.6,30
201,0701,22.2,26.4,18.8,30
201,0702,22.3,26.5,18.9,30
201,0703,22.4,26.6,19.1,30
201,0704,22.5,26.7,19.2,30
201,0705,22.6,26.7,19.3,30
201,0706,22.7,26.7,19.5,30
201,0707,22.8,26.8,19.6,30
201,0708,22.9,26.9,19.7,30
201,0709,22.9,26.9,19.7,30
201,0710,23.0,27.0,19.8,30
201,0711,23.1,27.1,19.9,30
201,0712,23.2,27.2,20.0,30
201,0713,23.3,27.3,20.1,30
201,0714,23.4,27.4,20.3,30
201,0715,23.5,27.4,20.4,30
201,0716,23.6,27.5,20.6,30
201,0717,23.7,27.5,20.7,30
201,0718,23.8,27.6,20.8,30
201,0719,23.9,27.7,20.9,30
201,0720,24.0,27.8,21.1,30
201,0721,24.1,28.0,21.2,30
201,0722,24.3,28.1,21.3,30
201,0723,24.4,28.2,21.4,30
201,0724,24.5,28.4,21.6,30
201,0725,24.7,28.6,21.8,30
201,0726,24.9,28.7,21.9,30
201,0727,25.0,28.8,22.0,30
201,0728,25.0,28.9,22.1,30
201,0729,25.1,29.0,22.1,30
201,0730,25.2,29.1,22.2,30
201,0731,25.3,29.2,22.2,30
201,0801,25.4,29.4,22.3,30
201,0802,25.5,29.5,22.3,30
201,0803,25.5,29.5,22.4,30
201,0804,25.5,29.6,22.3,30
201,0805,25.6,29.7,22.3,30
201,0806,25.6,29.7,22.3,30
201,0807,25.6,29.8,22.3,30
201,0808,25.6,29.8,22.3,30
201,0809,25.5,29.8,22.2,30
201,0810,25.5,29.7,22.1,30
201,0811,25.4,29.7,22.0,30
201,0812,25.3,29.6,21.9,30
201,0813,25.2,29.5,21.8,30
201,0814,25.1,29.4,21.7,30
201,0815,25.0,29.3,21.6,30
201,0816,24.9,29.2,21.4,30
201,0817,24.8,29.1,21.2,30
201,0818,24.6,28.9,21.1,30
201,0819,24.5,28.8,20.9,30
201,0820,24.4,28.7,20.8,30
201,0821,24.2,28.5,20.6,30
201,0822,24.1,28.4,20.4,30
201,0823,23.9,28.3,20.2,30
201,0824,23.8,28.2,20.0,30
201,0825,23.7,28.1,19.9,30
201,0826,23.5,28.0,19.7,30
201,0827,23.4,27.9,19.5,29
201,0828,23.3,27.8,19.3,30
201,0829,23.1,27.7,19.1,30
201,0830,22.9,27.5,18.9,30
201,0831,22.8,27.4,18.8,30
201,0901,22.7,27.4,18.6,30
201,0902,22.5,27.3,18.4,30
201,0903,22.4,27.2,18.2,30
201,0904,22.2,27.0,18.1,30
201,0905,22.1,26.9,17.8,30
201,0906,21.9,26.8,17.6,30
201,0907,21.7,26.6,17.4,30
201,0908,21.6,26.5,17.3,30
201,0909,21.4,26.4,17.0,30
201,0910,21.2,26.3,16.8,30
201,0911,21.1,26.1,16.6,30
201,0912,20.9,26.0,16.4,30
201,0913,20.7,25.9,16.2,30
201,0914,20.5,25.7,15.9,30
201,0915,20.3,25.6,15.7,30
201,0916,20.1,25.4,15.4,30
201,0917,19.9,25.3,15.2,30
201,0918,19.7,25.1,15.0,30
201,0919,19.6,25.1,14.8,30
201,0920,19.4,25.0,14.6,30
201,0921,19.3,24.8,14.4,30
201,0922,19.0,24.6,14.1,30
201,0923,18.8,24.4,13.9,30
201,0924,18.6,24.2,13.6,30
201,0925,18.3,23.9,13.4,30
201,0926,18.1,23.7,13.1,30
201,0927,17.8,23.5,12.9,30
201,0928,17.6,23.3,12.6,30
201,0929,17.5,23.2,12.3,30
201,0930,17.3,23.0,12.2,30
201,1001,17.1,22.8,11.9,30
201,1002,16.9,22.6,11.7,30
201,1003,16.7,22.4,11.5,30
201,1004,16.5,22.1,11.2,30
201,1005,16.2,21.9,10.9,30
201,1006,16.0,21.7,10.6,30
201,1007,15.7,21.5,10.4,30
201,1008,15.5,21.3,10.0,30
201,1009,15.2,21.1,9.7,30
201,1010,15.0,20.9,9.4,30
201,1011,14.8,20.7,9.1,30
201,1012,14.6,20.6,8.9,30
201,1013,14.5,20.4,8.8,30
201,1014,14.3,20.3,8.6,30
201,1015,14.1,20.1,8.4,30
201,1016,13.8,19.8,8.2,30
201,1017,13.6,19.6,8.0,30
201,1018,13.4,19.4,7.7,30
201,1019,13.1,19.1,7.5,30
201,1020,12.9,18.8,7.2,30
201,1021,12.6,18.6,7.0,30
201,1022,12.3,18.3,6.8,30
201,1023,12.1,18.0,6.5,30
201,1024,11.8,17.8,6.2,30
201,1025,11.6,17.5,6.0,30
201,1026,11.3,17.2,5.7,30
201,1027,11.0,16.9,5.4,30
201,1028,10.8,16.6,5.2,30
201,1029,10.6,16.4,4.9,30
201,1030,10.4,16.2,4.8,30
201,1031,10.3,16.0,4.6,30
201,1101,10.0,15.7,4.4,30
201,1102,9.8,15.4,4.2,30
201,1103,9.6,15.2,4.0,30
201,1104,9.4,14.9,3.9,30
201,1105,9.2,14.7,3.7,30
201,1106,9.1,14.5,3.6,30
201,1107,8.9,14.3,3.5,30
201,1108,8.6,13.9,3.3,30
201,1109,8.3,13.6,3.1,30
201,1110,8.1,13.4,2.9,30
201,1111,7.8,13.0,2.7,30
201,1112,7.5,12.6,2.4,30
201,1113,7.1,12.1,2.0,30
201,1114,6.6,11.7,1.6,30
201,1115,6.3,11.3,1.2,30
201,1116,6.0,11.0,0.9,30
201,1117,5.7,10.7,0.7,30
201,1118,5.4,10.5,0.4,30
201,1119,5.0,10.2,0.1,30
201,1120,4.7,9.8,-0.2,30
201,1121,4.4,9.5,-0.5,30
201,1122,4.1,9.2,-0.8,30
201,1123,3.9,9.0,-1.0,30
201,1124,3.7,8.8,-1.1,30
201,1125,3.5,8.6,-1.4,30
201,1126,3.3,8.4,-1.6,30
201,1127,3.0,8.1,-1.9,30
201,1128,2.8,7.8,-2.1,30
201,1129,2.5,7.5,-2.3,30
201,1130,2.2,7.2,-2.5,30
201,1201,2.0,6.9,-2.8,30
201,1202,1.7,6.6,-3.1,30
201,1203,1.5,6.3,-3.3,30
201,1204,1.3,6.1,-3.5,30
201,1205,1.0,5.8,-3.8,30
201,1206,0.7,5.5,-4.1,30
201,1207,0.4,5.2,-4.5,30
201,1208,0.1,4.9,-4.7,30
201,1209,-0.1,4.6,-4.9,30
201,1210,-0.4,4.4,-5.2,30
201,1211,-0.6,4.1,-5.4,30
201,1212,-0.7,4.0,-5.5,30
201,1213,-0.8,4.0,-5.6,30
201,1214,-0.9,3.9,-5.7,30
201,1215,-0.9,3.9,-5.7,30
201,1216,-1.0,3.9,-5.8,30
201,1217,-1.1,3.8,-5.9,30
201,1218,-1.2,3.7,-6.0,30
201,1219,-1.4,3.5,-6.1,30
201,1220,-1.5,3.4,-6.3,30
201,1221,-1.6,3.3,-6.3,30
201,1222,-1.7,3.2,-6.4,30
201,1223,-1.8,3.1,-6.6,30
201,1224,-1.9,3.0,-6.7,30
201,1225,-2.0,2.9,-6.8,30
201,1226,-2.0,2.9,-6.8,30
201,1227,-2.0,2.9,-6.9,30
201,1228,-2.2,2.7,-7.0,30
201,1229,-2.4,2.5,-7.2,30
201,1230,-2.6,2.3,-7.4,30
201,1231,-2.8,2.1,-7.5,30
202,0101,-3.3,2.3,-8.2,30
202,0102,-3.4,2.2,-8.4,30
202,0103,-3.5,2.1,-8.5,30
202,0104,-3.5,2.1,-8.5,30
202,0105,-3.5,2.1,-8.6,30
202,0106,-3.6,2.0,-8.6,30
202,0107,-3.6,2.0,-8.7,30
202,0108,-3.6,2.1,-8.7,30
202,0109,-3.5,2.1,-8.7,30
202,0110,-3.6,2.2,-8.7,30
202,0111,-3.6,2.1,-8.7,30
202,0112,-3.5,2.2,-8.6,30
202,0113,-3.4,2.2,-8.5,30
202,0114,-3.5,2.2,-8.5,30
202,0115,-3.4,2.2,-8.5,30
202,0116,-3.5,2.2,-8.5,30
202,0117,-3.5,2.2,-8.6,30
202,0118,-3.6,2.1,-8.7,30
202,0119,-3.5,2.2,-8.7,30
202,0120,-3.5,2.2,-8.7,30
202,0121,-3.4,2.3,-8.6,30
202,0122,-3.4,2.4,-8.6,30
202,0123,-3.3,2.4,-8.5,30
202,0124,-3.3,2.4,-8.5,30
202,0125,-3.3,2.5,-8.6,30
202,0126,-3.3,2.5,-8.7,30
202,0127,-3.3,2.5,-8.7,30
202,0128,-3.3,2.6,-8.7,30
202,0129,-3.3,2.7,-8.7,30
202,0130,-3.2,2.8,-8.7,30
202,0131,-3.1,3.0,-8.6,30
202,0201,-2.9,3.1,-8.4,30
202,0202,-2.8,3.2,-8.3,30
202,0203,-2.7,3.3,-8.1,30
202,0204,-2.5,3.5,-8.0,30
202,0205,-2.4,3.6,-7.9,30
202,0206,-2.2,3.8,-7.7,30
202,0207,-2.1,4.0,-7.6,30
202,0208,-1.9,4.2,-7.3,30
202,0209,-1.7,4.3,-7.2,30
202,0210,-1.5,4.5,-7.0,30
202,0211,-1.3,4.7,-6.7,30
202,0212,-1.1,4.9,-6.6,30
202,0213,-0.9,5.1,-6.4,30
202,0214,-0.8,5.3,-6.3,30
202,0215,-0.6,5.5,-6.1,30
202,0216,-0.3,5.8,-5.9,30
202,0217,-0.1,6.1,-5.7,30
202,0218,0.2,6.3,-5.5,30
202,0219,0.4,6.6,-5.2,30
202,0220,0.6,6.9,-5.0,30
202,0221,0.8,7.1,-4.8,30
202,0222,0.9,7.1,-4.7,30
202,0223,1.1,7.3,-4.6,30
202,0224,1.3,7.5,-4.3,30
202,0225,1.6,7.8,-4.1,30
202,0226,1.8,8.1,-3.8,30
202,0227,2.1,8.3,-3.5,30
202,0228,2.3,8.4,-3.3,30
202,0229,2.5,8.6,-3.1,0
202,0301,2.6,8.8,-2.9,30
202,0302,2.8,9.0,-2.8,30
202,0303,3.0,9.2,-2.5,30
202,0304,3.1,9.3,-2.5,30
202,0305,3.3,9.4,-2.4,30
202,0306,3.4,9.6,-2.3,30
202,0307,3.5,9.8,-2.2,30
202,0308,3.7,10.0,-2.1,30
202,0309,3.9,10.2,-2.0,30
202,0310,4.1,10.5,-1.8,30
202,0311,4.4,10.8,-1.6,30
202,0312,4.6,11.1,-1.4,30
202,0313,4.8,11.4,-1.3,30
202,0314,5.0,11.7,-1.1,30
202,0315,5.3,12.0,-0.9,30
202,0316,5.5,12.2,-0.7,30
202,0317,5.6,12.2,-0.6,30
202,0318,5.8,12.4,-0.4,30
202,0319,6.0,12.7,-0.2,30
202,0320,6.3,13.0,-0.0,30
202,0321,6.5,13.2,0.1,30
202,0322,6.7,13.5,0.3,30
202,0323,6.9,13.6,0.5,30
202,0324,7.1,13.8,0.7,30
202,0325,7.2,14.0,0.8,30
202,0326,7.4,14.1,1.0,30
202,0327,7.5,14.3,1.1,30
202,0328,7.7,14.5,1.2,30
202,0329,7.9,14.8,1.3,30
202,0330,8.1,15.0,1.5,30
202,0331,8.4,15.3,1.8,30
202,0401,8.7,15.8,2.0,30
202,0402,9.1,16.1,2.3,30
202,0403,9.3,16.4,2.5,30
202,0404,9.6,16.6,2.8,30
202,0405,9.8,16.8,3.1,30
202,0406,10.0,17.0,3.3,30
202,0407,10.2,17.2,3.4,30
202,0408,10.4,17.6,3.6,30
202,0409,10.7,17.9,3.8,30
202,0410,10.9,18.2,4.0,30
202,0411,11.2,18.5,4.2,30
202,0412,11.4,18.7,4.5,30
202,0413,11.6,18.8,4.8,30
202,0414,11.9,19.2,5.0,30
202,0415,12.1,19.3,5.2,30
202,0416,12.3,19.4,5.4,30
202,0417,12.4,19.6,5.6,30
202,0418,12.6,19.8,5.7,30
202,0419,12.7,20.0,5.8,30
202,0420,12.8,20.2,5.9,30
202,0421,13.0,20.4,6.0,30
202,0422,13.2,20.6,6.3,30
202,0423,13.5,20.8,6.6,30
202,0424,13.8,21.0,6.9,30
202,0425,14.1,21.2,7.2,30
202,0426,14.3,21.4,7.5,30
202,0427,14.5,21.6,7.7,30
202,0428,14.7,21.9,7.8,30
202,0429,14.9,22.0,8.0,30
202,0430,15.1,22.2,8.2,30
202,0501,15.3,22.5,8.4,30
202,0502,15.5,22.6,8.6,30
202,0503,15.7,22.8,8.9,30
202,0504,15.9,22.9,9.1,30
202,0505,16.1,23.1,9.4,30
202,0506,16.2,23.2,9.7,30
202,0507,16.4,23.4,9.8,30
202,0508,16.5,23.4,10.0,30
202,0509,16.6,23.4,10.1,30
202,0510,16.6,23.5,10.2,30
202,0511,16.7,23.6,10.3,30
202,0512,16.8,23.6,10.4,30
202,0513,16.9,23.7,10.6,30
202,0514,17.0,23.9,10.7,30
202,0515,17.2,24.1,10.8,30
202,0516,17.4,24.2,11.0,30
202,0517,17.5,24.3,11.2,30
202,0518,17.7,24.5,11.4,30
202,0519,17.9,24.7,11.6,30
202,0520,18.0,24.9,11.7,30
202,0521,18.2,25.0,11.9,30
202,0522,18.4,25.2,12.1,30
202,0523,18.6,25.4,12.2,30
202,0524,18.8,25.7,12.4,30
202,0525,18.9,25.8,12.5,30
202,0526,19.1,26.0,12.7,30
202,0527,19.3,26.2,12.9,30
202,0528,19.5,26.4,13.2,30
202,0529,19.7,26.5,13.4,30
202,0530,19.9,26.6,13.6,30
202,0531,20.1,26.7,13.8,30
202,0601,20.2,26.8,14.0,30
202,0602,20.4,27.1,14.2,30
202,0603,20.6,27.3,14.4,30
202,0604,20.8,27.4,14.7,30
202,0605,21.0,27.5,15.0,30
202,0606,21.1,27.7,15.1,30
202,0607,21.3,27.8,15.4,30
202,0608,21.4,27.9,15.6,30
202,0609,21.6,28.0,15.8,30
202,0610,21.8,28.1,16.0,30
202,0611,21.9,28.3,16.2,30
202,0612,22.0,28.3,16.4,30
202,0613,22.1,28.4,16.6,30
202,0614,22.2,28.5,16.8,30
202,0615,22.4,28.6,16.9,30
202,0616,22.5,28.6,17.1,30
202,0617,22.5,28.6,17.2,30
202,0618,22.6,28.6,17.3,30
202,0619,22.6,28.6,17.5,30
202,0620,22.7,28.6,17.7,30
202,0621,22.9,28.7,17.9,30
202,0622,22.9,28.7,18.0,30
202,0623,23.0,28.6,18.2,30
202,0624,23.1,28.5,18.5,30
202,0625,23.2,28.5,18.7,30
202,0626,23.2,28.5,18.9,30
202,0627,23.4,28.6,19.0,30
202,0628,23.5,28.6,19.2,30
202,0629,23.5,28.7,19.3,30
202,0630,23.6,28.7,19.4,30
202,0701,23.7,28.7,19.5,30
202,0702,23.8,28.8,19.7,30
202,0703,23.9,28.8,19.8,30
202,0704,24.0,28.8,19.9,30
202,0705,24.0,28.8,20.0,30
202,0706,24.1,28.8,20.2,30
202,0707,24.1,28.9,20.3,30
202,0708,24.2,28.9,20.4,30
202,0709,24.2,29.0,20.4,30
202,0710,24.3,29.0,20.4,30
202,0711,24.3,29.1,20.5,30
202,0712,24.4,29.1,20.6,30
202,0713,24.5,29.2,20.7,30
202,0714,24.6,29.2,20.9,30
202,0715,24.7,29.3,21.0,30
202,0716,24.8,29.4,21.1,30
202,0717,24.9,29.4,21.3,30
202,0718,25.0,29.6,21.4,30
202,0719,25.1,29.7,21.5,30
202,0720,25.2,29.9,21.6,30
202,0721,25.3,29.9,21.7,30
202,0722,25.4,30.0,21.8,30
202,0723,25.5,30.2,21.9,30
202,0724,25.7,30.4,22.0,30
202,0725,25.8,30.6,22.2,30
202,0726,25.9,30.7,22.3,30
202,0727,26.0,30.8,22.4,30
202,0728,26.1,30.8,22.5,30
202,0729,26.1,30.9,22.5,30
202,0730,26.2,31.0,22.5,30
202,0731,26.2,31.0,22.5,30
202,0801,26.2,31.1,22.5,30
202,0802,26.2,31.2,22.6,30
202,0803,26.2,31.1,22.6,30
202,0804,26.3,31.2,22.6,30
202,0805,26.2,31.2,22.5,30
202,0806,26.2,31.3,22.5,30
202,0807,26.2,31.3,22.5,30
202,0808,26.2,31.2,22.4,30
202,0809,26.1,31.2,22.3,30
202,0810,26.0,31.1,22.2,30
202,0811,25.9,31.0,22.1,30
202,0812,25.8,31.0,22.1,30
202,0813,25.7,30.8,21.9,30
202,0814,25.6,30.7,21.8,30
202,0815,25.5,30.7,21.7,30
202,0816,25.4,30.5,21.6,30
202,0817,25.3,30.4,21.4,30
202,0818,25.1,30.2,21.3,30
202,0819,25.0,30.1,21.1,30
202,0820,24.8,29.9,21.0,30
202,0821,24.6,29.8,20.8,30
202,0822,24.5,29.6,20.6,30
202,0823,24.3,29.5,20.4,30
202,0824,24.1,29.4,20.2,30
202,0825,24.0,29.3,20.1,30
202,0826,23.9,29.2,19.9,30
202,0827,23.7,29.1,19.7,30
202,0828,23.6,28.9,19.5,30
202,0829,23.4,28.8,19.3,30
202,0830,23.2,28.6,19.1,30
202,0831,23.0,28.5,18.9,30
202,0901,22.9,28.4,18.7,30
202,0902,22.7,28.3,18.5,30
202,0903,22.5,28.2,18.3,30
202,0904,22.3,28.1,18.1,30
202,0905,22.2,27.9,17.9,30
202,0906,22.0,27.7,17.7,30
202,0907,21.8,27.6,17.5,30
202,0908,21.6,27.4,17.3,30
202,0909,21.4,27.3,17.0,30
202,0910,21.2,27.1,16.8,30
202,0911,21.1,27.0,16.6,30
202,0912,20.8,26.9,16.3,30
202,0913,20.6,26.7,16.1,30
202,0914,20.4,26.5,15.8,30
202,0915,20.1,26.3,15.5,30
202,0916,19.9,26.1,15.2,30
202,0917,19.7,26.0,14.9,30
202,0918,19.5,25.8,14.7,30
202,0919,19.3,25.7,14.5,30
202,0920,19.1,25.6,14.2,30
202,0921,18.9,25.4,14.0,30
202,0922,18.7,25.2,13.7,30
202,0923,18.4,25.0,13.5,30
202,0924,18.2,24.7,13.3,30
202,0925,17.9,24.5,13.0,30
202,0926,17.7,24.2,12.8,30
202,0927,17.4,24.0,12.5,30
202,0928,17.2,23.8,12.2,30
202,0929,17.0,23.7,12.0,30
202,0930,16.8,23.5,11.8,30
202,1001,16.6,23.4,11.6,30
202,1002,16.4,23.2,11.4,30
202,1003,16.2,23.0,11.1,30
202,1004,16.0,22.8,10.9,30
202,1005,15.7,22.6,10.6,30
202,1006,15.5,22.4,10.3,30
202,1007,15.2,22.2,10.0,30
202,1008,14.9,22.0,9.6,30
202,1009,14.7,21.8,9.3,30
202,1010,14.4,21.6,9.0,30
202,1011,14.2,21.5,8.7,30
202,1012,14.0,21.3,8.5,30
202,1013,13.8,21.2,8.3,30
202,1014,13.6,21.0,8.1,30
202,1015,13.4,20.8,7.9,30
202,1016,13.1,20.6,7.6,30
202,1017,12.9,20.3,7.4,30
202,1018,12.6,20.1,7.1,30
202,1019,12.4,19.8,6.8,30
202,1020,12.1,19.5,6.5,30
202,1021,11.8,19.3,6.3,30
202,1022,11.6,19.0,6.0,30
202,1023,11.3,18.7,5.8,30
202,1024,11.1,18.4,5.5,30
202,1025,10.8,18.1,5.3,30
202,1026,10.6,17.8,5.0,30
202,1027,10.3,17.5,4.7,30
202,1028,10.0,17.2,4.4,30
202,1029,9.8,17.0,4.1,30
202,1030,9.6,16.8,4.0,30
202,1031,9.4,16.6,3.8,30
202,1101,9.2,16.3,3.6,30
202,1102,9.0,16.1,3.4,30
202,1103,8.9,15.8,3.3,30
202,1104,8.8,15.6,3.2,30
202,1105,8.6,15.4,3.0,30
202,1106,8.4,15.1,2.9,30
202,1107,8.3,14.9,2.8,30
202,1108,8.0,14.6,2.7,30
202,1109,7.8,14.3,2.4,30
202,1110,7.5,14.0,2.2,30
202,1111,7.2,13.6,2.0,30
202,1112,7.0,13.2,1.7,30
202,1113,6.6,12.7,1.5,30
202,1114,6.2,12.2,1.0,30
202,1115,5.8,11.8,0.6,30
202,1116,5.5,11.5,0.3,30
202,1117,5.2,11.1,0.1,30
202,1118,4.8,10.8,-0.2,30
202,1119,4.5,10.4,-0.5,30
202,1120,4.2,10.0,-0.8,30
202,1121,3.9,9.7,-1.0,30
202,1122,3.6,9.4,-1.2,30
202,1123,3.4,9.2,-1.4,30
202,1124,3.2,9.0,-1.6,30
202,1125,3.0,8.7,-1.8,30
202,1126,2.8,8.5,-2.0,30
202,1127,2.5,8.2,-2.2,30
202,1128,2.3,7.9,-2.4,30
202,1129,2.1,7.6,-2.6,30
202,1130,1.8,7.3,-2.8,30
202,1201,1.6,7.0,-3.0,30
202,1202,1.3,6.7,-3.3,30
202,1203,1.1,6.5,-3.5,30
202,1204,0.9,6.2,-3.7,30
202,1205,0.7,6.0,-4.0,30
202,1206,0.3,5.7,-4.3,30
202,1207,0.0,5.4,-4.7,30
202,1208,-0.2,5.1,-4.9,30
202,1209,-0.5,4.8,-5.2,30
202,1210,-0.7,4.5,-5.4,30
202,1211,-0.9,4.3,-5.6,30
202,1212,-1.1,4.1,-5.8,30
202,1213,-1.2,4.1,-5.9,30
202,1214,-1.3,4.1,-6.0,30
202,1215,-1.3,4.1,-6.1,30
202,1216,-1.4,4.1,-6.1,30
202,1217,-1.4,4.0,-6.2,30
202,1218,-1.6,3.9,-6.2,30
202,1219,-1.7,3.8,-6.4,30
202,1220,-1.9,3.6,-6.5,30
202,1221,-2.0,3.5,-6.7,30
202,1222,-2.1,3.5,-6.8,30
202,1223,-2.2,3.3,-7.0,30
202,1224,-2.3,3.2,-7.1,30
202,1225,-2.4,3.2,-7.2,30
202,1226,-2.4,3.1,-7.2,30
202,1227,-2.5,3.1,-7.3,30
202,1228,-2.6,2.9,-7.5,30
202,1229,-2.8,2.8,-7.7,30
202,1230,-2.9,2.6,-7.8,30
202,1231,-3.1,2.4,-8.0,30
203,0101,-3.0,2.7,-8.3,30
203,0102,-3.1,2.6,-8.4,30
203,0103,-3.2,2.5,-8.5,30
203,0104,-3.2,2.5,-8.5,30
203,0105,-3.3,2.5,-8.6,30
203,0106,-3.3,2.5,-8.6,30
203,0107,-3.3,2.5,-8.6,30
203,0108,-3.2,2.5,-8.6,30
203,0109,-3.2,2.5,-8.6,30
203,0110,-3.2,2.5,-8.6,30
203,0111,-3.3,2.5,-8.6,30
203,0112,-3.2,2.5,-8.6,30
203,0113,-3.2,2.6,-8.5,30
203,0114,-3.2,2.6,-8.5,30
203,0115,-3.1,2.6,-8.4,30
203,0116,-3.1,2.6,-8.4,30
203,0117,-3.2,2.6,-8.5,30
203,0118,-3.2,2.6,-8.6,30
203,0119,-3.2,2.6,-8.5,30
203,0120,-3.1,2.7,-8.5,30
203,0121,-3.1,2.8,-8.5,30
203,0122,-3.0,2.8,-8.5,30
203,0123,-3.0,2.9,-8.4,30
203,0124,-3.0,2.9,-8.4,30
203,0125,-3.0,3.0,-8.4,30
203,0126,-3.0,3.0,-8.5,30
203,0127,-3.0,3.0,-8.6,30
203,0128,-3.0,3.1,-8.6,30
203,0129,-2.9,3.2,-8.6,30
203,0130,-2.8,3.4,-8.6,30
203,0131,-2.6,3.5,-8.5,30
203,0201,-2.5,3.6,-8.3,30
203,0202,-2.4,3.7,-8.2,30
203,0203,-2.3,3.8,-8.1,30
203,0204,-2.2,3.9,-7.9,30
203,0205,-2.1,4.0,-7.7,30
203,0206,-1.9,4.2,-7.6,30
203,0207,-1.7,4.4,-7.5,30
203,0208,-1.5,4.6,-7.2,30
203,0209,-1.4,4.7,-7.1,30
203,0210,-1.2,4.8,-6.9,30
203,0211,-1.0,5.0,-6.7,30
203,0212,-0.9,5.2,-6.5,30
203,0213,-0.7,5.5,-6.3,30
203,0214,-0.6,5.6,-6.2,30
203,0215,-0.4,5.8,-6.0,30
203,0216,-0.1,6.1,-5.8,30
203,0217,0.1,6.4,-5.7,30
203,0218,0.3,6.6,-5.5,30
203,0219,0.6,6.9,-5.3,30
203,0220,0.8,7.2,-5.1,30
203,0221,1.0,7.3,-4.9,30
203,0222,1.0,7.4,-4.8,30
203,0223,1.2,7.6,-4.7,30
203,0224,1.4,7.8,-4.4,30
203,0225,1.7,8.1,-4.2,30
203,0226,1.9,8.4,-4.0,30
203,0227,2.2,8.6,-3.7,30
203,0228,2.3,8.7,-3.4,30
203,0229,2.5,8.9,-3.2,0
203,0301,2.7,9.1,-3.1,30
203,0302,2.9,9.3,-2.9,30
203,0303,3.0,9.4,-2.7,30
203,0304,3.2,9.6,-2.6,30
203,0305,3.3,9.7,-2.5,30
203,0306,3.4,10.0,-2.4,30
203,0307,3.6,10.2,-2.3,30
203,0308,3.7,10.3,-2.2,30
203,0309,3.9,10.5,-2.1,30
203,0310,4.2,10.9,-1.9,30
203,0311,4.4,11.1,-1.7,30
203,0312,4.6,11.4,-1.5,30
203,0313,4.9,11.7,-1.4,30
203,0314,5.1,12.0,-1.3,30
203,0315,5.3,12.3,-1.1,30
203,0316,5.5,12.5,-0.9,30
203,0317,5.6,12.5,-0.7,30
203,0318,5.8,12.7,-0.6,30
203,0319,6.0,13.0,-0.4,30
203,0320,6.3,13.3,-0.2,30
203,0321,6.5,13.5,-0.0,30
203,0322,6.7,13.7,0.1,30
203,0323,6.9,13.9,0.3,30
203,0324,7.0,14.1,0.5,30
203,0325,7.2,14.2,0.6,30
203,0326,7.3,14.4,0.7,30
203,0327,7.5,14.5,0.9,30
203,0328,7.7,14.8,1.0,30
203,0329,7.9,15.1,1.2,30
203,0330,8.1,15.3,1.3,30
203,0331,8.4,15.6,1.6,30
203,0401,8.7,16.0,1.8,30
203,0402,9.0,16.3,2.1,30
203,0403,9.3,16.6,2.4,30
203,0404,9.5,16.7,2.6,30
203,0405,9.7,17.0,2.9,30
203,0406,9.9,17.2,3.1,30
203,0407,10.1,17.4,3.3,30
203,0408,10.4,17.7,3.4,30
203,0409,10.6,18.0,3.6,30
203,0410,10.9,18.3,3.8,30
203,0411,11.1,18.6,4.0,30
203,0412,11.3,18.8,4.3,30
203,0413,11.6,18.9,4.6,30
203,0414,11.8,19.2,4.9,30
203,0415,12.0,19.4,5.0,30
203,0416,12.2,19.5,5.3,30
203,0417,12.3,19.7,5.4,30
203,0418,12.5,19.9,5.5,30
203,0419,12.6,20.0,5.6,30
203,0420,12.8,20.2,5.7,30
203,0421,12.9,20.5,5.9,30
203,0422,13.2,20.6,6.2,30
203,0423,13.4,20.8,6.5,30
203,0424,13.7,21.0,6.9,30
203,0425,14.0,21.3,7.2,30
203,0426,14.2,21.4,7.5,30
203,0427,14.4,21.7,7.7,30
203,0428,14.7,22.0,7.9,30
203,0429,14.8,22.1,8.1,30
203,0430,15.0,22.3,8.2,30
203,0501,15.2,22.5,8.4,30
203,0502,15.5,22.7,8.6,30
203,0503,15.6,22.8,8.9,30
203,0504,15.8,22.9,9.2,30
203,0505,16.0,23.1,9.4,30
203,0506,16.2,23.2,9.7,30
203,0507,16.4,23.4,9.8,30
203,0508,16.5,23.4,10.0,30
203,0509,16.5,23.4,10.1,30
203,0510,16.6,23.5,10.2,30
203,0511,16.7,23.5,10.3,30
203,0512,16.8,23.6,10.4,30
203,0513,16.8,23.6,10.6,30
203,0514,17.0,23.8,10.6,30
203,0515,17.2,24.0,10.8,30
203,0516,17.3,24.1,11.0,30
203,0517,17.5,24.3,11.2,30
203,0518,17.7,24.4,11.4,30
203,0519,17.8,24.6,11.6,30
203,0520,18.0,24.8,11.7,30
203,0521,18.2,25.0,11.9,30
203,0522,18.4,25.1,12.1,30
203,0523,18.5,25.3,12.2,30
203,0524,18.7,25.5,12.3,30
203,0525,18.9,25.7,12.5,30
203,0526,19.1,25.9,12.6,30
203,0527,19.2,26.1,12.8,30
203,0528,19.4,26.2,13.1,30
203,0529,19.6,26.3,13.3,30
203,0530,19.8,26.4,13.6,30
203,0531,19.9,26.5,13.7,30
203,0601,20.1,26.7,13.9,30
203,0602,20.3,26.9,14.1,30
203,0603,20.5,27.0,14.4,30
203,0604,20.6,27.2,14.6,30
203,0605,20.8,27.3,14.9,30
203,0606,20.9,27.4,15.0,30
203,0607,21.1,27.5,15.3,30
203,0608,21.2,27.6,15.5,30
203,0609,21.4,27.7,15.7,30
203,0610,21.5,27.8,15.9,30
203,0611,21.7,28.0,16.1,30
203,0612,21.8,28.0,16.2,30
203,0613,21.9,28.1,16.4,30
203,0614,22.0,28.1,16.6,30
203,0615,22.1,28.2,16.8,30
203,0616,22.2,28.3,16.9,30
203,0617,22.2,28.2,17.0,30
203,0618,22.3,28.2,17.1,30
203,0619,22.3,28.2,17.2,30
203,0620,22.4,28.2,17.4,29
203,0621,22.5,28.3,17.6,30
203,0622,22.6,28.3,17.7,30
203,0623,22.7,28.3,18.0,30
203,0624,22.8,28.2,18.2,30
203,0625,22.8,28.1,18.4,30
203,0626,22.9,28.1,18.6,30
203,0627,23.0,28.2,18.8,30
203,0628,23.1,28.2,18.9,30
203,0629,23.2,28.3,19.0,30
203,0630,23.2,28.3,19.1,30
203,0701,23.3,28.3,19.2,30
203,0702,23.4,28.4,19.4,30
203,0703,23.6,28.5,19.5,30
203,0704,23.6,28.5,19.6,30
203,0705,23.7,28.5,19.7,30
203,0706,23.8,28.5,19.9,30
203,0707,23.9,28.6,20.0,30
203,0708,23.9,28.6,20.1,30
203,0709,24.0,28.7,20.1,30
203,0710,24.0,28.7,20.1,30
203,0711,24.1,28.9,20.2,30
203,0712,24.1,28.9,20.3,30
203,0713,24.2,29.0,20.4,30
203,0714,24.3,29.1,20.6,30
203,0715,24.5,29.2,20.8,30
203,0716,24.6,29.2,20.9,30
203,0717,24.7,29.3,21.0,30
203,0718,24.8,29.4,21.2,30
203,0719,24.9,29.6,21.3,30
203,0720,25.0,29.8,21.4,30
203,0721,25.1,29.8,21.5,30
203,0722,25.2,29.9,21.5,30
203,0723,25.4,30.1,21.7,30
203,0724,25.5,30.3,21.8,30
203,0725,25.7,30.5,22.0,30
203,0726,25.8,30.6,22.1,30
203,0727,25.9,30.7,22.2,30
203,0728,25.9,30.7,22.2,30
203,0729,26.0,30.9,22.3,30
203,0730,26.0,30.9,22.3,30
203,0731,26.1,31.0,22.3,30
203,0801,26.1,31.0,22.3,30
203,0802,26.1,31.1,22.3,30
203,0803,26.1,31.1,22.4,30
203,0804,26.1,31.1,22.3,30
203,0805,26.1,31.2,22.3,30
203,0806,26.1,31.2,22.3,30
203,0807,26.1,31.2,22.2,30
203,0808,26.0,31.2,22.2,30
203,0809,25.9,31.1,22.1,30
203,0810,25.8,31.0,22.0,30
203,0811,25.7,30.9,21.9,30
203,0812,25.7,30.8,21.8,30
203,0813,25.5,30.7,21.7,30
203,0814,25.4,30.6,21.6,30
203,0815,25.3,30.5,21.5,30
203,0816,25.2,30.4,21.3,30
203,0817,25.1,30.2,21.2,30
203,0818,24.9,30.1,21.0,30
203,0819,24.8,29.9,20.9,30
203,0820,24.6,29.8,20.7,30
203,0821,24.4,29.6,20.5,30
203,0822,24.3,29.4,20.3,30
203,0823,24.1,29.3,20.1,30
203,0824,23.9,29.1,19.9,30
203,0825,23.8,29.1,19.7,30
203,0826,23.6,28.9,19.6,30
203,0827,23.5,28.8,19.4,30
203,0828,23.3,28.7,19.2,30
203,0829,23.1,28.5,19.0,30
203,0830,22.9,28.3,18.7,30
203,0831,22.7,28.2,18.5,30
203,0901,22.6,28.2,18.3,30
203,0902,22.4,28.0,18.1,30
203,0903,22.3,28.0,17.9,30
203,0904,22.1,27.8,17.7,30
203,0905,21.9,27.6,17.5,30
203,0906,21.7,27.5,17.3,30
203,0907,21.5,27.3,17.1,30
203,0908,21.4,27.2,16.9,30
203,0909,21.2,27.0,16.7,30
203,0910,21.0,26.9,16.4,30
203,0911,20.8,26.8,16.2,30
203,0912,20.6,26.6,15.9,30
203,0913,20.4,26.5,15.7,30
203,0914,20.2,26.3,15.4,30
203,0915,19.9,26.1,15.1,30
203,0916,19.7,25.9,14.8,30
203,0917,19.5,25.8,14.6,30
203,0918,19.3,25.6,14.3,30
203,0919,19.1,25.5,14.1,30
203,0920,18.9,25.5,13.8,30
203,0921,18.7,25.3,13.6,30
203,0922,18.5,25.1,13.3,30
203,0923,18.3,24.9,13.1,30
203,0924,18.0,24.6,12.8,30
203,0925,17.8,24.4,12.5,30
203,0926,17.5,24.2,12.3,30
203,0927,17.3,24.0,12.0,30
203,0928,17.0,23.8,11.7,30
203,0929,16.9,23.7,11.5,30
203,0930,16.7,23.5,11.3,30
203,1001,16.5,23.4,11.1,30
203,1002,16.3,23.2,10.8,30
203,1003,16.1,23.0,10.6,30
203,1004,15.9,22.8,10.3,30
203,1005,15.6,22.6,10.0,30
203,1006,15.4,22.4,9.7,30
203,1007,15.1,22.3,9.4,30
203,1008,14.9,22.1,9.0,30
203,1009,14.6,21.9,8.7,30
203,1010,14.4,21.7,8.5,30
203,1011,14.1,21.5,8.1,30
203,1012,13.9,21.4,7.9,30
203,1013,13.7,21.3,7.7,30
203,1014,13.5,21.1,7.5,30
203,1015,13.3,20.9,7.2,30
203,1016,13.1,20.6,7.0,30
203,1017,12.9,20.4,6.8,30
203,1018,12.6,20.2,6.5,30
203,1019,12.3,19.9,6.2,30
203,1020,12.1,19.7,5.9,30
203,1021,11.8,19.4,5.7,30
203,1022,11.6,19.2,5.4,30
203,1023,11.3,18.9,5.2,30
203,1024,11.1,18.7,4.9,30
203,1025,10.9,18.4,4.7,30
203,1026,10.6,18.1,4.4,30
203,1027,10.3,17.8,4.2,30
203,1028,10.1,17.5,3.9,30
203,1029,9.9,17.3,3.6,30
203,1030,9.7,17.1,3.4,30
203,1031,9.5,16.9,3.3,30
203,1101,9.3,16.6,3.1,30
203,1102,9.1,16.4,2.9,30
203,1103,8.9,16.1,2.8,30
203,1104,8.8,15.9,2.7,30
203,1105,8.6,15.6,2.5,30
203,1106,8.4,15.4,2.4,30
203,1107,8.3,15.1,2.3,30
203,1108,8.0,14.8,2.2,30
203,1109,7.8,14.5,1.9,30
203,1110,7.5,14.2,1.7,30
203,1111,7.2,13.8,1.5,30
203,1112,6.9,13.4,1.3,30
203,1113,6.5,12.9,1.0,30
203,1114,6.1,12.4,0.6,30
203,1115,5.8,12.0,0.2,30
203,1116,5.4,11.7,-0.1,30
203,1117,5.1,11.4,-0.3,30
203,1118,4.8,11.1,-0.6,30
203,1119,4.5,10.6,-0.9,30
203,1120,4.2,10.3,-1.2,30
203,1121,3.9,10.0,-1.4,30
203,1122,3.7,9.7,-1.6,30
203,1123,3.5,9.5,-1.8,30
203,1124,3.3,9.2,-1.9,30
203,1125,3.0,9.0,-2.2,30
203,1126,2.8,8.7,-2.4,30
203,1127,2.5,8.4,-2.6,30
203,1128,2.3,8.2,-2.8,30
203,1129,2.1,7.9,-3.0,30
203,1130,1.8,7.6,-3.2,30
203,1201,1.6,7.3,-3.4,30
203,1202,1.3,7.0,-3.7,30
203,1203,1.1,6.7,-3.9,30
203,1204,0.9,6.5,-4.1,30
203,1205,0.6,6.3,-4.4,30
203,1206,0.3,6.0,-4.7,30
203,1207,0.0,5.7,-5.1,30
203,1208,-0.2,5.3,-5.3,30
203,1209,-0.5,5.1,-5.5,30
203,1210,-0.7,4.8,-5.7,30
203,1211,-0.9,4.5,-5.9,30
203,1212,-1.0,4.4,-6.1,30
203,1213,-1.2,4.3,-6.2,30
203,1214,-1.2,4.3,-6.2,30
203,1215,-1.3,4.4,-6.3,30
203,1216,-1.3,4.3,-6.4,30
203,1217,-1.3,4.2,-6.3,30
203,1218,-1.4,4.1,-6.4,30
203,1219,-1.6,4.0,-6.6,30
203,1220,-1.8,3.9,-6.7,30
203,1221,-1.8,3.8,-6.8,30
203,1222,-1.9,3.7,-6.9,30
203,1223,-2.1,3.6,-7.1,30
203,1224,-2.1,3.5,-7.2,30
203,1225,-2.2,3.5,-7.3,30
203,1226,-2.2,3.5,-7.3,30
203,1227,-2.3,3.5,-7.4,30
203,1228,-2.4,3.4,-7.5,30
203,1229,-2.5,3.2,-7.7,30
203,1230,-2.7,3.0,-7.9,30
203,1231,-2.9,2.8,-8.1,30
211,0101,-4.2,1.8,-9.7,30
211,0102,-4.4,1.6,-9.9,30
211,0103,-4.4,1.6,-10.0,30
211,0104,-4.5,1.5,-10.1,30
211,0105,-4.6,1.5,-10.2,30
211,0106,-4.7,1.4,-10.2,30
211,0107,-4.8,1.3,-10.4,30
211,0108,-4.8,1.4,-10.4,30
211,0109,-4.8,1.4,-10.5,30
211,0110,-4.9,1.4,-10.5,30
211,0111,-4.9,1.4,-10.6,30
211,0112,-4.9,1.4,-10.6,30
211,0113,-4.8,1.4,-10.5,30
211,0114,-4.8,1.4,-10.5,30
211,0115,-4.8,1.4,-10.5,30
211,0116,-4.8,1.3,-10.5,30
211,0117,-4.9,1.3,-10.6,30
211,0118,-4.9,1.3,-10.6,30
211,0119,-4.9,1.3,-10.6,30
211,0120,-4.8,1.4,-10.6,30
211,0121,-4.8,1.4,-10.6,30
211,0122,-4.7,1.5,-10.5,30
211,0123,-4.5,1.6,-10.4,30
211,0124,-4.5,1.6,-10.3,30
211,0125,-4.5,1.6,-10.3,30
211,0126,-4.6,1.7,-10.4,30
211,0127,-4.6,1.7,-10.4,30
211,0128,-4.5,1.8,-10.4,30
211,0129,-4.4,1.9,-10.4,30
211,0130,-4.3,2.1,-10.4,30
211,0131,-4.2,2.2,-10.2,30
211,0201,-4.0,2.3,-10.1,30
211,0202,-3.9,2.4,-9.9,30
211,0203,-3.8,2.6,-9.8,30
211,0204,-3.7,2.7,-9.7,30
211,0205,-3.6,2.8,-9.6,30
211,0206,-3.4,3.0,-9.4,30
211,0207,-3.2,3.2,-9.3,30
211,0208,-3.0,3.4,-9.1,30
211,0209,-2.9,3.5,-8.9,30
211,0210,-2.7,3.6,-8.6,30
211,0211,-2.5,3.8,-8.3,30
211,0212,-2.3,4.0,-8.2,30
211,0213,-2.1,4.2,-7.9,30
211,0214,-2.0,4.3,-7.8,30
211,0215,-1.8,4.5,-7.6,30
211,0216,-1.6,4.7,-7.4,30
211,0217,-1.3,5.0,-7.2,30
211,0218,-1.1,5.3,-7.0,30
211,0219,-0.9,5.5,-6.7,30
211,0220,-0.7,5.8,-6.5,30
211,0221,-0.5,5.9,-6.2,30
211,0222,-0.4,6.0,-6.2,30
211,0223,-0.3,6.1,-6.0,30
211,0224,-0.1,6.3,-5.7,30
211,0225,0.2,6.6,-5.5,30
211,0226,0.4,6.9,-5.2,30
211,0227,0.6,7.0,-5.0,30
211,0228,0.8,7.1,-4.8,30
211,0229,1.0,7.2,-4.5,0
211,0301,1.1,7.4,-4.3,30
211,0302,1.4,7.6,-4.1,30
211,0303,1.6,7.7,-3.9,30
211,0304,1.7,7.8,-3.7,30
211,0305,1.9,8.0,-3.6,30
211,0306,2.1,8.3,-3.5,30
211,0307,2.2,8.4,-3.4,30
211,0308,2.3,8.6,-3.3,30
211,0309,2.5,8.8,-3.1,30
211,0310,2.8,9.1,-3.0,30
211,0311,3.0,9.4,-2.7,30
211,0312,3.3,9.7,-2.6,30
211,0313,3.5,9.9,-2.4,30
211,0314,3.7,10.3,-2.3,30
211,0315,4.0,10.6,-2.1,30
211,0316,4.1,10.7,-1.9,30
211,0317,4.3,10.8,-1.8,30
211,0318,4.4,11.0,-1.6,30
211,0319,4.7,11.3,-1.5,30
211,0320,4.9,11.6,-1.3,30
211,0321,5.1,11.8,-1.1,30
211,0322,5.3,12.0,-0.9,30
211,0323,5.5,12.2,-0.7,30
211,0324,5.7,12.5,-0.6,30
211,0325,5.9,12.7,-0.4,30
211,0326,6.0,12.8,-0.3,30
211,0327,6.1,12.9,-0.2,30
211,0328,6.3,13.2,-0.1,30
211,0329,6.6,13.4,0.0,30
211,0330,6.8,13.7,0.2,30
211,0331,7.1,13.9,0.5,30
211,0401,7.4,14.4,0.7,30
211,0402,7.7,14.7,0.9,30
211,0403,7.9,14.9,1.2,30
211,0404,8.1,15.2,1.4,30
211,0405,8.3,15.3,1.6,30
211,0406,8.5,15.5,1.8,30
211,0407,8.7,15.8,2.0,30
211,0408,9.0,16.1,2.2,30
211,0409,9.2,16.4,2.4,30
211,0410,9.5,16.7,2.6,30
211,0411,9.8,17.1,2.9,30
211,0412,10.0,17.3,3.2,30
211,0413,10.2,17.4,3.5,30
211,0414,10.4,17.7,3.7,30
211,0415,10.7,18.0,3.9,30
211,0416,10.8,18.1,4.1,30
211,0417,11.0,18.3,4.3,30
211,0418,11.2,18.5,4.4,30
211,0419,11.4,18.7,4.6,30
211,0420,11.6,18.9,4.7,30
211,0421,11.8,19.2,4.8,30
211,0422,12.0,19.3,5.0,30
211,0423,12.3,19.5,5.3,30
211,0424,12.5,19.6,5.6,30
211,0425,12.7,19.9,5.9,30
211,0426,12.9,20.0,6.1,30
211,0427,13.1,20.3,6.3,30
211,0428,13.4,20.6,6.5,30
211,0429,13.6,20.7,6.7,30
211,0430,13.7,20.9,6.8,30
211,0501,13.9,21.2,7.0,30
211,0502,14.1,21.3,7.2,30
211,0503,14.3,21.4,7.5,30
211,0504,14.4,21.5,7.7,30
211,0505,14.6,21.6,8.0,30
211,0506,14.8,21.8,8.2,30
211,0507,14.9,21.9,8.4,30
211,0508,15.0,22.0,8.5,30
211,0509,15.1,22.1,8.6,30
211,0510,15.2,22.2,8.7,30
211,0511,15.3,22.3,8.8,30
211,0512,15.3,22.3,9.0,30
211,0513,15.4,22.4,9.1,30
211,0514,15.5,22.5,9.2,30
211,0515,15.7,22.7,9.3,30
211,0516,15.8,22.9,9.5,30
211,0517,16.0,23.1,9.6,30
211,0518,16.2,23.3,9.8,30
211,0519,16.4,23.5,10.0,30
211,0520,16.5,23.7,10.1,30
211,0521,16.7,23.9,10.2,30
211,0522,16.8,24.0,10.4,30
211,0523,17.0,24.2,10.5,30
211,0524,17.2,24.4,10.7,30
211,0525,17.3,24.6,10.8,30
211,0526,17.5,24.9,10.9,30
211,0527,17.6,25.0,11.1,30
211,0528,17.8,25.1,11.3,30
211,0529,18.0,25.2,11.5,30
211,0530,18.1,25.4,11.8,30
211,0531,18.3,25.5,12.0,30
211,0601,18.4,25.7,12.2,30
211,0602,18.6,25.8,12.3,30
211,0603,18.7,26.0,12.5,30
211,0604,18.9,26.2,12.7,30
211,0605,19.1,26.3,13.0,30
211,0606,19.2,26.4,13.2,30
211,0607,19.4,26.5,13.4,30
211,0608,19.5,26.6,13.6,30
211,0609,19.6,26.7,13.8,30
211,0610,19.8,26.8,14.0,30
211,0611,20.0,26.9,14.2,30
211,0612,20.1,27.0,14.4,30
211,0613,20.2,27.1,14.6,30
211,0614,20.3,27.1,14.9,30
211,0615,20.5,27.2,15.0,30
211,0616,20.5,27.2,15.2,30
211,0617,20.6,27.2,15.3,30
211,0618,20.7,27.2,15.5,30
211,0619,20.8,27.2,15.7,30
211,0620,20.9,27.3,15.9,30
211,0621,21.1,27.4,16.1,30
211,0622,21.2,27.4,16.3,30
211,0623,21.3,27.4,16.5,30
211,0624,21.4,27.3,16.8,30
211,0625,21.5,27.3,17.0,30
211,0626,21.6,27.3,17.2,30
211,0627,21.7,27.4,17.4,30
211,0628,21.8,27.4,17.5,30
211,0629,21.9,27.5,17.6,30
211,0630,21.9,27.5,17.7,30
211,0701,22.0,27.5,17.8,30
211,0702,22.2,27.6,18.0,30
211,0703,22.3,27.7,18.2,30
211,0704,22.3,27.7,18.3,30
211,0705,22.4,27.7,18.4,30
211,0706,22.4,27.6,18.5,30
211,0707,22.5,27.6,18.6,30
211,0708,22.5,27.6,18.7,30
211,0709,22.6,27.6,18.7,30
211,0710,22.6,27.6,18.8,30
211,0711,22.6,27.7,18.8,30
211,0712,22.7,27.6,18.9,30
211,0713,22.8,27.7,19.1,30
211,0714,22.9,27.7,19.3,30
211,0715,23.0,27.8,19.5,30
211,0716,23.2,28.0,19.6,30
211,0717,23.2,28.0,19.7,30
211,0718,23.3,28.1,19.8,30
211,0719,23.4,28.2,20.0,30
211,0720,23.5,28.3,20.1,30
211,0721,23.6,28.4,20.1,30
211,0722,23.7,28.5,20.3,30
211,0723,23.9,28.7,20.4,30
211,0724,24.1,28.9,20.6,30
211,0725,24.2,29.1,20.7,30
211,0726,24.3,29.2,20.9,30
211,0727,24.4,29.3,20.9,30
211,0728,24.4,29.4,21.0,30
211,0729,24.5,29.5,21.0,30
211,0730,24.5,29.5,21.0,30
211,0731,24.5,29.5,21.0,30
211,0801,24.6,29.7,21.0,30
211,0802,24.6,29.7,21.0,30
211,0803,24.6,29.8,21.1,30
211,0804,24.7,29.9,21.1,30
211,0805,24.6,29.9,21.1,30
211,0806,24.6,29.9,21.0,30
211,0807,24.6,29.9,20.9,30
211,0808,24.5,29.9,20.9,30
211,0809,24.4,29.8,20.8,30
211,0810,24.3,29.7,20.6,30
211,0811,24.2,29.6,20.5,30
211,0812,24.1,29.5,20.4,30
211,0813,24.0,29.3,20.3,30
211,0814,23.9,29.2,20.2,30
211,0815,23.8,29.2,20.1,30
211,0816,23.7,29.0,20.0,30
211,0817,23.5,28.8,19.8,30
211,0818,23.4,28.7,19.6,30
211,0819,23.2,28.6,19.4,30
211,0820,23.0,28.4,19.2,30
211,0821,22.9,28.2,19.1,30
211,0822,22.7,28.0,18.9,30
211,0823,22.5,27.9,18.7,30
211,0824,22.3,27.8,18.5,30
211,0825,22.2,27.7,18.4,30
211,0826,22.1,27.6,18.2,30
211,0827,21.9,27.5,18.0,30
211,0828,21.8,27.4,17.8,30
211,0829,21.6,27.3,17.6,30
211,0830,21.4,27.1,17.5,30
211,0831,21.2,27.0,17.3,30
211,0901,21.1,26.9,17.1,30
211,0902,20.9,26.7,17.0,30
211,0903,20.8,26.6,16.8,30
211,0904,20.6,26.5,16.6,30
211,0905,20.4,26.3,16.4,30
211,0906,20.2,26.1,16.2,30
211,0907,20.1,26.0,16.0,30
211,0908,19.9,25.9,15.8,30
211,0909,19.7,25.7,15.6,30
211,0910,19.5,25.5,15.4,30
211,0911,19.3,25.4,15.1,30
211,0912,19.1,25.2,14.9,30
211,0913,18.9,25.1,14.6,30
211,0914,18.7,24.9,14.4,30
211,0915,18.4,24.7,14.1,30
211,0916,18.2,24.6,13.8,30
211,0917,18.0,24.4,13.5,30
211,0918,17.8,24.3,13.3,30
211,0919,17.6,24.3,13.1,30
211,0920,17.5,24.2,12.9,30
211,0921,17.3,24.0,12.6,30
211,0922,17.1,23.8,12.4,30
211,0923,16.8,23.6,12.2,30
211,0924,16.6,23.3,12.0,30
211,0925,16.4,23.2,11.7,30
211,0926,16.2,22.9,11.5,30
211,0927,15.9,22.7,11.3,30
211,0928,15.7,22.5,11.0,30
211,0929,15.5,22.4,10.8,30
211,0930,15.4,22.2,10.6,30
211,1001,15.2,22.1,10.5,30
211,1002,15.0,22.0,10.2,30
211,1003,14.8,21.8,10.0,30
211,1004,14.6,21.5,9.8,30
211,1005,14.4,21.3,9.5,30
211,1006,14.2,21.2,9.3,30
211,1007,13.9,21.0,9.0,30
211,1008,13.6,20.8,8.6,30
211,1009,13.4,20.6,8.3,30
211,1010,13.2,20.4,8.0,30
211,1011,12.9,20.3,7.7,30
211,1012,12.7,20.2,7.4,30
211,1013,12.6,20.0,7.2,30
211,1014,12.4,19.9,7.0,30
211,1015,12.2,19.6,6.8,30
211,1016,11.9,19.4,6.5,30
211,1017,11.7,19.1,6.3,30
211,1018,11.4,18.9,6.0,30
211,1019,11.1,18.6,5.6,30
211,1020,10.9,18.4,5.3,30
211,1021,10.6,18.2,5.0,30
211,1022,10.4,17.9,4.7,30
211,1023,10.1,17.7,4.5,30
211,1024,9.9,17.4,4.2,30
211,1025,9.6,17.1,4.0,30
211,1026,9.4,16.8,3.7,30
211,1027,9.1,16.5,3.4,30
211,1028,8.8,16.3,3.1,30
211,1029,8.7,16.1,2.8,30
211,1030,8.5,16.0,2.7,30
211,1031,8.4,15.8,2.6,30
211,1101,8.2,15.5,2.4,30
211,1102,8.0,15.2,2.2,30
211,1103,7.8,14.9,2.1,30
211,1104,7.7,14.6,2.0,30
211,1105,7.5,14.3,1.9,30
211,1106,7.4,14.0,1.8,30
211,1107,7.2,13.8,1.7,30
211,1108,7.0,13.5,1.6,30
211,1109,6.7,13.2,1.3,30
211,1110,6.5,12.9,1.2,30
211,1111,6.2,12.5,1.0,30
211,1112,5.9,12.1,0.8,30
211,1113,5.5,11.6,0.5,30
211,1114,5.2,11.2,0.1,30
211,1115,4.8,10.8,-0.3,30
211,1116,4.5,10.5,-0.6,30
211,1117,4.2,10.2,-0.9,30
211,1118,3.9,9.9,-1.2,30
211,1119,3.6,9.6,-1.4,30
211,1120,3.3,9.3,-1.6,30
211,1121,3.1,9.0,-1.9,30
211,1122,2.8,8.7,-2.1,30
211,1123,2.6,8.5,-2.3,30
211,1124,2.5,8.3,-2.4,30
211,1125,2.2,8.1,-2.6,30
211,1126,2.0,7.9,-2.8,30
211,1127,1.8,7.6,-3.1,30
211,1128,1.6,7.3,-3.3,30
211,1129,1.3,7.0,-3.5,30
211,1130,1.1,6.7,-3.7,30
211,1201,0.9,6.4,-3.9,30
211,1202,0.6,6.1,-4.2,30
211,1203,0.4,5.8,-4.4,30
211,1204,0.1,5.6,-4.7,30
211,1205,-0.2,5.3,-5.0,30
211,1206,-0.5,5.1,-5.4,30
211,1207,-0.8,4.7,-5.8,30
211,1208,-1.1,4.4,-6.1,30
211,1209,-1.3,4.2,-6.4,30
211,1210,-1.6,3.8,-6.6,30
211,1211,-1.8,3.6,-6.9,30
211,1212,-2.0,3.5,-7.1,30
211,1213,-2.1,3.4,-7.3,30
211,1214,-2.2,3.4,-7.3,30
211,1215,-2.2,3.3,-7.4,30
211,1216,-2.3,3.3,-7.5,30
211,1217,-2.3,3.3,-7.5,30
211,1218,-2.4,3.2,-7.6,30
211,1219,-2.6,3.1,-7.8,30
211,1220,-2.7,3.0,-7.9,30
211,1221,-2.8,2.9,-8.0,30
211,1222,-2.9,2.9,-8.1,30
211,1223,-3.0,2.8,-8.3,30
211,1224,-3.1,2.6,-8.4,30
211,1225,-3.2,2.6,-8.5,30
211,1226,-3.3,2.6,-8.5,30
211,1227,-3.3,2.5,-8.6,30
211,1228,-3.5,2.3,-8.8,30
211,1229,-3.7,2.2,-9.0,30
211,1230,-3.9,2.1,-9.3,30
211,1231,-4.1,1.9,-9.5,30
212,0101,-4.6,2.1,-10.0,30
212,0102,-4.7,1.9,-10.2,30
212,0103,-4.8,1.9,-10.4,30
212,0104,-4.8,1.9,-10.4,30
212,0105,-4.9,1.9,-10.5,30
212,0106,-4.9,1.8,-10.5,30
212,0107,-5.0,1.8,-10.6,30
212,0108,-5.0,1.9,-10.6,30
212,0109,-5.0,1.9,-10.6,30
212,0110,-5.0,1.9,-10.6,30
212,0111,-5.0,1.9,-10.6,30
212,0112,-4.9,1.9,-10.6,30
212,0113,-4.9,2.0,-10.5,30
212,0114,-4.9,2.0,-10.4,30
212,0115,-4.8,2.0,-10.4,30
212,0116,-4.8,1.9,-10.4,30
212,0117,-4.9,1.9,-10.5,30
212,0118,-4.9,1.9,-10.6,30
212,0119,-4.9,1.9,-10.5,30
212,0120,-4.8,2.0,-10.5,30
212,0121,-4.8,2.1,-10.5,30
212,0122,-4.7,2.2,-10.5,30
212,0123,-4.6,2.2,-10.5,30
212,0124,-4.6,2.3,-10.4,30
212,0125,-4.6,2.3,-10.5,30
212,0126,-4.6,2.4,-10.6,30
212,0127,-4.6,2.4,-10.6,30
212,0128,-4.6,2.4,-10.6,30
212,0129,-4.6,2.6,-10.6,30
212,0130,-4.5,2.8,-10.6,30
212,0131,-4.3,2.9,-10.5,30
212,0201,-4.2,3.0,-10.3,30
212,0202,-4.1,3.1,-10.2,30
212,0203,-3.9,3.2,-10.0,30
212,0204,-3.8,3.3,-9.9,30
212,0205,-3.7,3.4,-9.7,30
212,0206,-3.5,3.6,-9.6,30
212,0207,-3.3,3.8,-9.4,30
212,0208,-3.1,4.0,-9.1,30
212,0209,-2.9,4.1,-8.9,30
212,0210,-2.7,4.2,-8.7,30
212,0211,-2.5,4.4,-8.4,30
212,0212,-2.3,4.7,-8.3,30
212,0213,-2.1,4.9,-8.1,30
212,0214,-2.0,5.0,-7.9,30
212,0215,-1.8,5.2,-7.8,30
212,0216,-1.5,5.5,-7.5,30
212,0217,-1.3,5.9,-7.3,30
212,0218,-1.0,6.1,-7.1,30
212,0219,-0.8,6.4,-6.8,30
212,0220,-0.5,6.7,-6.5,30
212,0221,-0.3,6.9,-6.3,30
212,0222,-0.3,6.9,-6.2,30
212,0223,-0.1,7.1,-6.0,30
212,0224,0.2,7.3,-5.8,30
212,0225,0.4,7.6,-5.5,30
212,0226,0.7,7.9,-5.2,30
212,0227,0.9,8.1,-4.9,30
212,0228,1.1,8.2,-4.6,30
212,0229,1.4,8.3,-4.4,0
212,0301,1.5,8.5,-4.2,30
212,0302,1.7,8.7,-4.1,30
212,0303,1.9,8.8,-3.8,30
212,0304,2.1,9.0,-3.7,30
212,0305,2.2,9.1,-3.6,30
212,0306,2.4,9.3,-3.5,30
212,0307,2.5,9.5,-3.4,30
212,0308,2.7,9.7,-3.4,30
212,0309,2.8,9.9,-3.2,30
212,0310,3.1,10.3,-3.1,30
212,0311,3.4,10.6,-2.9,30
212,0312,3.6,10.8,-2.7,30
212,0313,3.8,11.1,-2.6,30
212,0314,4.1,11.4,-2.4,30
212,0315,4.3,11.7,-2.2,30
212,0316,4.5,11.9,-2.1,30
212,0317,4.6,12.0,-1.9,30
212,0318,4.8,12.2,-1.8,30
212,0319,5.0,12.5,-1.6,30
212,0320,5.3,12.8,-1.4,30
212,0321,5.5,13.0,-1.2,30
212,0322,5.7,13.2,-1.0,30
212,0323,5.9,13.4,-0.8,30
212,0324,6.1,13.6,-0.7,30
212,0325,6.3,13.8,-0.5,30
212,0326,6.4,13.9,-0.4,30
212,0327,6.5,14.1,-0.2,30
212,0328,6.7,14.3,-0.2,30
212,0329,6.9,14.6,-0.0,30
212,0330,7.2,14.9,0.1,30
212,0331,7.4,15.2,0.4,30
212,0401,7.8,15.6,0.7,30
212,0402,8.1,16.0,0.9,30
212,0403,8.3,16.2,1.2,30
212,0404,8.6,16.5,1.4,30
212,0405,8.8,16.7,1.7,30
212,0406,9.0,16.9,1.8,30
212,0407,9.2,17.1,2.0,30
212,0408,9.5,17.5,2.2,30
212,0409,9.7,17.8,2.4,30
212,0410,10.0,18.1,2.6,30
212,0411,10.3,18.4,2.9,30
212,0412,10.6,18.7,3.2,30
212,0413,10.8,18.8,3.4,30
212,0414,11.1,19.1,3.7,30
212,0415,11.3,19.3,3.9,30
212,0416,11.4,19.4,4.1,30
212,0417,11.6,19.6,4.3,30
212,0418,11.8,19.8,4.4,30
212,0419,11.9,20.0,4.5,30
212,0420,12.1,20.2,4.6,30
212,0421,12.3,20.4,4.8,30
212,0422,12.5,20.6,5.0,30
212,0423,12.8,20.8,5.3,30
212,0424,13.0,21.0,5.7,30
212,0425,13.3,21.3,6.0,30
212,0426,13.5,21.4,6.2,30
212,0427,13.7,21.6,6.5,30
212,0428,14.0,21.9,6.6,30
212,0429,14.1,22.0,6.8,30
212,0430,14.3,22.2,7.0,30
212,0501,14.6,22.5,7.2,30
212,0502,14.8,22.7,7.4,30
212,0503,14.9,22.8,7.7,30
212,0504,15.1,22.9,8.0,30
212,0505,15.3,23.1,8.2,30
212,0506,15.5,23.2,8.5,30
212,0507,15.7,23.4,8.7,30
212,0508,15.8,23.5,8.8,30
212,0509,15.8,23.5,8.9,30
212,0510,15.9,23.5,9.0,30
212,0511,16.0,23.6,9.1,30
212,0512,16.1,23.6,9.3,30
212,0513,16.2,23.7,9.4,30
212,0514,16.3,23.9,9.5,30
212,0515,16.5,24.0,9.7,30
212,0516,16.6,24.2,9.9,30
212,0517,16.8,24.3,10.1,30
212,0518,17.0,24.5,10.3,30
212,0519,17.1,24.7,10.5,30
212,0520,17.3,24.9,10.6,30
212,0521,17.5,25.1,10.7,30
212,0522,17.7,25.2,11.0,30
212,0523,17.8,25.4,11.1,30
212,0524,18.0,25.6,11.2,30
212,0525,18.2,25.9,11.4,30
212,0526,18.4,26.1,11.6,30
212,0527,18.6,26.2,11.8,30
212,0528,18.8,26.4,12.0,30
212,0529,19.0,26.5,12.2,30
212,0530,19.2,26.7,12.5,30
212,0531,19.3,26.8,12.7,30
212,0601,19.5,27.0,12.9,30
212,0602,19.7,27.2,13.1,30
212,0603,19.9,27.4,13.4,30
212,0604,20.1,27.6,13.6,30
212,0605,20.2,27.7,13.9,30
212,0606,20.4,27.8,14.1,30
212,0607,20.6,27.9,14.3,30
212,0608,20.7,28.0,14.5,30
212,0609,20.9,28.2,14.8,30
212,0610,21.0,28.3,15.0,30
212,0611,21.2,28.4,15.2,30
212,0612,21.3,28.5,15.4,30
212,0613,21.4,28.6,15.6,30
212,0614,21.6,28.6,15.8,30
212,0615,21.7,28.7,16.0,30
212,0616,21.8,28.7,16.1,30
212,0617,21.9,28.7,16.3,30
212,0618,21.9,28.7,16.4,30
212,0619,22.0,28.7,16.6,30
212,0620,22.1,28.7,16.8,30
212,0621,22.3,28.8,16.9,30
212,0622,22.4,28.8,17.1,30
212,0623,22.5,28.8,17.4,30
212,0624,22.6,28.7,17.6,30
212,0625,22.6,28.7,17.9,30
212,0626,22.7,28.7,18.0,30
212,0627,22.9,28.8,18.2,30
212,0628,22.9,28.8,18.4,30
212,0629,23.0,28.9,18.4,30
212,0630,23.1,28.9,18.6,30
212,0701,23.2,28.9,18.7,30
212,0702,23.3,29.0,18.9,30
212,0703,23.4,29.1,19.1,30
212,0704,23.5,29.1,19.2,30
212,0705,23.5,29.1,19.3,30
212,0706,23.6,29.0,19.4,30
212,0707,23.7,29.1,19.6,30
212,0708,23.7,29.1,19.6,30
212,0709,23.7,29.1,19.7,30
212,0710,23.8,29.1,19.7,30
212,0711,23.8,29.2,19.8,30
212,0712,23.9,29.2,19.9,30
212,0713,24.0,29.3,20.0,30
212,0714,24.1,29.4,20.2,30
212,0715,24.2,29.4,20.4,30
212,0716,24.3,29.5,20.5,30
212,0717,24.4,29.5,20.6,30
212,0718,24.5,29.6,20.7,30
212,0719,24.6,29.8,20.8,30
212,0720,24.7,29.9,20.9,30
212,0721,24.8,30.0,21.0,30
212,0722,24.9,30.1,21.2,30
212,0723,25.1,30.3,21.3,30
212,0724,25.3,30.5,21.4,30
212,0725,25.4,30.7,21.6,30
212,0726,25.5,30.8,21.7,30
212,0727,25.6,30.9,21.8,30
212,0728,25.7,31.0,21.8,30
212,0729,25.7,31.1,21.9,30
212,0730,25.8,31.2,21.9,30
212,0731,25.7,31.2,21.9,30
212,0801,25.8,31.3,21.9,30
212,0802,25.8,31.4,21.9,30
212,0803,25.9,31.4,22.0,30
212,0804,25.9,31.4,22.0,30
212,0805,25.9,31.5,21.9,30
212,0806,25.8,31.5,21.9,30
212,0807,25.8,31.5,21.8,30
212,0808,25.7,31.5,21.7,30
212,0809,25.7,31.4,21.6,30
212,0810,25.6,31.3,21.5,30
212,0811,25.5,31.3,21.4,30
212,0812,25.3,31.1,21.3,30
212,0813,25.2,31.0,21.2,30
212,0814,25.1,30.9,21.1,30
212,0815,25.0,30.8,21.0,30
212,0816,24.9,30.7,20.8,30
212,0817,24.7,30.5,20.7,30
212,0818,24.6,30.3,20.5,30
212,0819,24.4,30.2,20.3,30
212,0820,24.2,30.0,20.2,30
212,0821,24.1,29.8,20.0,30
212,0822,23.9,29.6,19.8,30
212,0823,23.7,29.5,19.6,30
212,0824,23.5,29.3,19.4,30
212,0825,23.4,29.2,19.2,30
212,0826,23.2,29.1,19.1,30
212,0827,23.1,29.0,18.9,30
212,0828,22.9,28.9,18.7,30
212,0829,22.7,28.7,18.5,30
212,0830,22.5,28.5,18.3,30
212,0831,22.3,28.4,18.1,30
212,0901,22.2,28.3,17.9,30
212,0902,22.0,28.2,17.7,30
212,0903,21.8,28.0,17.5,30
212,0904,21.6,27.9,17.3,30
212,0905,21.4,27.7,17.1,30
212,0906,21.2,27.5,16.9,30
212,0907,21.0,27.4,16.6,30
212,0908,20.9,27.3,16.4,30
212,0909,20.6,27.1,16.2,30
212,0910,20.4,27.0,16.0,30
212,0911,20.2,26.8,15.7,30
212,0912,20.0,26.6,15.4,30
212,0913,19.8,26.5,15.2,30
212,0914,19.5,26.3,14.9,30
212,0915,19.3,26.1,14.6,30
212,0916,19.0,25.9,14.3,30
212,0917,18.8,25.8,14.0,30
212,0918,18.6,25.6,13.8,30
212,0919,18.4,25.5,13.5,30
212,0920,18.2,25.4,13.3,30
212,0921,18.0,25.2,13.0,30
212,0922,17.8,25.0,12.8,30
212,0923,17.5,24.8,12.5,30
212,0924,17.3,24.5,12.3,30
212,0925,17.0,24.2,12.1,30
212,0926,16.8,24.0,11.9,30
212,0927,16.5,23.8,11.6,30
212,0928,16.3,23.6,11.4,30
212,0929,16.1,23.5,11.1,30
212,0930,15.9,23.3,10.9,30
212,1001,15.7,23.1,10.8,30
212,1002,15.5,22.9,10.5,30
212,1003,15.3,22.7,10.3,30
212,1004,15.0,22.5,10.1,30
212,1005,14.8,22.2,9.8,30
212,1006,14.5,22.1,9.5,30
212,1007,14.3,21.9,9.2,30
212,1008,14.0,21.7,8.9,30
212,1009,13.7,21.5,8.5,30
212,1010,13.5,21.3,8.2,30
212,1011,13.2,21.2,7.9,30
212,1012,13.0,21.0,7.6,30
212,1013,12.8,20.9,7.4,30
212,1014,12.6,20.7,7.2,30
212,1015,12.4,20.5,6.9,30
212,1016,12.1,20.3,6.7,30
212,1017,11.9,20.0,6.4,30
212,1018,11.6,19.8,6.1,30
212,1019,11.3,19.5,5.7,30
212,1020,11.0,19.3,5.4,30
212,1021,10.8,19.0,5.1,30
212,1022,10.5,18.8,4.8,30
212,1023,10.3,18.5,4.6,30
212,1024,10.0,18.3,4.3,30
212,1025,9.8,18.0,4.0,30
212,1026,9.5,17.6,3.7,30
212,1027,9.2,17.3,3.4,30
212,1028,8.9,17.1,3.1,30
212,1029,8.7,16.9,2.8,30
212,1030,8.5,16.7,2.7,30
212,1031,8.4,16.5,2.5,30
212,1101,8.2,16.2,2.4,30
212,1102,8.0,15.9,2.2,30
212,1103,7.8,15.7,2.0,30
212,1104,7.7,15.4,1.9,30
212,1105,7.5,15.1,1.8,30
212,1106,7.3,14.8,1.7,30
212,1107,7.2,14.5,1.6,30
212,1108,6.9,14.2,1.4,30
212,1109,6.6,13.9,1.1,30
212,1110,6.4,13.6,1.0,30
212,1111,6.1,13.2,0.7,30
212,1112,5.8,12.8,0.5,30
212,1113,5.4,12.3,0.2,30
212,1114,5.0,11.8,-0.2,30
212,1115,4.7,11.4,-0.6,30
212,1116,4.3,11.1,-0.9,30
212,1117,4.0,10.7,-1.1,30
212,1118,3.7,10.4,-1.4,30
212,1119,3.4,10.0,-1.7,30
212,1120,3.1,9.6,-2.0,30
212,1121,2.8,9.4,-2.2,30
212,1122,2.5,9.0,-2.4,30
212,1123,2.3,8.8,-2.6,30
212,1124,2.1,8.6,-2.7,30
212,1125,1.9,8.4,-2.9,30
212,1126,1.7,8.1,-3.2,30
212,1127,1.4,7.8,-3.3,30
212,1128,1.2,7.6,-3.6,30
212,1129,0.9,7.2,-3.8,30
212,1130,0.7,6.9,-4.1,30
212,1201,0.4,6.6,-4.3,30
212,1202,0.2,6.3,-4.6,30
212,1203,-0.1,6.0,-4.8,30
212,1204,-0.3,5.8,-5.0,30
212,1205,-0.6,5.5,-5.4,30
212,1206,-0.9,5.2,-5.7,30
212,1207,-1.2,4.9,-6.1,30
212,1208,-1.5,4.6,-6.4,30
212,1209,-1.8,4.3,-6.7,30
212,1210,-2.0,4.0,-7.0,30
212,1211,-2.3,3.8,-7.2,30
212,1212,-2.5,3.6,-7.4,30
212,1213,-2.6,3.6,-7.6,30
212,1214,-2.6,3.5,-7.6,30
212,1215,-2.7,3.6,-7.7,30
212,1216,-2.7,3.5,-7.8,30
212,1217,-2.8,3.5,-7.8,30
212,1218,-2.9,3.4,-7.9,30
212,1219,-3.1,3.3,-8.1,30
212,1220,-3.2,3.2,-8.2,30
212,1221,-3.3,3.1,-8.3,30
212,1222,-3.3,3.1,-8.4,30
212,1223,-3.5,3.0,-8.6,30
212,1224,-3.6,2.9,-8.7,30
212,1225,-3.7,2.8,-8.9,30
212,1226,-3.7,2.8,-8.9,30
212,1227,-3.7,2.8,-9.0,30
212,1228,-3.9,2.6,-9.2,30
212,1229,-4.0,2.5,-9.4,30
212,1230,-4.2,2.3,-9.6,30
212,1231,-4.4,2.1,-9.8,30
216,0101,-4.1,1.4,-9.1,30
216,0102,-4.2,1.3,-9.2,30
216,0103,-4.2,1.3,-9.2,30
216,0104,-4.3,1.2,-9.2,30
216,0105,-4.4,1.0,-9.3,30
216,0106,-4.5,0.9,-9.4,30
216,0107,-4.6,0.9,-9.4,30
216,0108,-4.6,0.9,-9.4,30
216,0109,-4.6,0.9,-9.5,30
216,0110,-4.6,0.8,-9.5,30
216,0111,-4.7,0.8,-9.6,30
216,0112,-4.7,0.8,-9.6,30
216,0113,-4.6,0.9,-9.6,30
216,0114,-4.7,0.8,-9.6,30
216,0115,-4.7,0.7,-9.6,30
216,0116,-4.8,0.6,-9.6,30
216,0117,-4.9,0.5,-9.8,30
216,0118,-4.9,0.4,-9.9,30
216,0119,-4.9,0.4,-9.9,30
216,0120,-4.9,0.5,-9.9,30
216,0121,-4.9,0.5,-9.9,30
216,0122,-4.9,0.5,-9.9,30
216,0123,-4.8,0.4,-9.8,30
216,0124,-4.8,0.4,-9.8,30
216,0125,-4.9,0.4,-9.9,30
216,0126,-4.9,0.5,-10.0,30
216,0127,-4.9,0.5,-10.0,30
216,0128,-4.9,0.5,-10.0,30
216,0129,-4.8,0.6,-10.0,30
216,0130,-4.7,0.8,-9.9,30
216,0131,-4.5,1.0,-9.9,30
216,0201,-4.4,1.1,-9.7,30
216,0202,-4.3,1.2,-9.6,30
216,0203,-4.2,1.3,-9.5,30
216,0204,-4.2,1.4,-9.4,30
216,0205,-4.0,1.5,-9.3,30
216,0206,-3.9,1.7,-9.2,30
216,0207,-3.7,2.0,-9.0,30
216,0208,-3.5,2.2,-8.8,30
216,0209,-3.4,2.2,-8.7,30
216,0210,-3.3,2.2,-8.5,30
216,0211,-3.1,2.3,-8.3,30
216,0212,-3.0,2.5,-8.2,30
216,0213,-2.9,2.6,-8.1,30
216,0214,-2.8,2.7,-8.0,30
216,0215,-2.7,2.9,-7.9,30
216,0216,-2.5,3.0,-7.8,30
216,0217,-2.3,3.2,-7.5,30
216,0218,-2.1,3.5,-7.3,30
216,0219,-1.9,3.7,-7.2,30
216,0220,-1.7,3.9,-7.0,30
216,0221,-1.6,4.1,-6.8,30
216,0222,-1.6,4.1,-6.8,30
216,0223,-1.4,4.2,-6.6,30
216,0224,-1.3,4.3,-6.4,30
216,0225,-1.0,4.6,-6.2,30
216,0226,-0.8,4.8,-6.0,30
216,0227,-0.6,4.9,-5.8,30
216,0228,-0.5,5.0,-5.6,30
216,0229,-0.3,5.1,-5.4,0
216,0301,-0.3,5.1,-5.2,30
216,0302,-0.1,5.3,-5.1,30
216,0303,0.1,5.5,-4.9,30
216,0304,0.2,5.5,-4.8,30
216,0305,0.4,5.7,-4.7,30
216,0306,0.5,5.9,-4.6,30
216,0307,0.6,6.0,-4.6,30
216,0308,0.7,6.1,-4.5,30
216,0309,0.8,6.3,-4.4,30
216,0310,1.1,6.5,-4.2,30
216,0311,1.4,6.8,-4.0,30
216,0312,1.6,7.1,-3.8,30
216,0313,1.8,7.3,-3.6,30
216,0314,2.0,7.6,-3.5,30
216,0315,2.2,7.9,-3.2,30
216,0316,2.4,8.1,-3.0,30
216,0317,2.5,8.2,-2.9,30
216,0318,2.7,8.3,-2.7,30
216,0319,2.9,8.6,-2.5,30
216,0320,3.2,8.8,-2.2,30
216,0321,3.4,9.0,-2.0,30
216,0322,3.6,9.2,-1.8,30
216,0323,3.8,9.5,-1.6,30
216,0324,4.0,9.7,-1.4,30
216,0325,4.2,9.9,-1.2,30
216,0326,4.3,10.1,-1.0,30
216,0327,4.5,10.3,-0.9,30
216,0328,4.6,10.5,-0.8,30
216,0329,4.9,10.8,-0.6,30
216,0330,5.2,11.0,-0.4,30
216,0331,5.4,11.3,-0.1,30
216,0401,5.7,11.7,0.1,30
216,0402,6.0,12.0,0.3,30
216,0403,6.2,12.2,0.4,30
216,0404,6.3,12.4,0.5,30
216,0405,6.4,12.5,0.7,30
216,0406,6.7,12.7,0.9,30
216,0407,6.9,12.9,1.1,30
216,0408,7.1,13.2,1.3,30
216,0409,7.4,13.5,1.4,30
216,0410,7.6,13.8,1.7,30
216,0411,7.9,14.1,2.0,30
216,0412,8.2,14.3,2.2,30
216,0413,8.3,14.5,2.4,30
216,0414,8.6,14.8,2.6,30
216,0415,8.8,15.1,2.8,30
216,0416,9.1,15.3,3.1,30
216,0417,9.3,15.5,3.3,30
216,0418,9.5,15.7,3.5,30
216,0419,9.7,15.9,3.7,30
216,0420,10.0,16.2,3.9,30
216,0421,10.2,16.5,4.0,30
216,0422,10.5,16.7,4.3,30
216,0423,10.7,16.9,4.6,30
216,0424,10.9,17.1,4.8,30
216,0425,11.1,17.3,5.1,30
216,0426,11.3,17.5,5.3,30
216,0427,11.6,17.8,5.5,30
216,0428,11.9,18.1,5.8,30
216,0429,12.0,18.2,5.9,30
216,0430,12.2,18.4,6.1,30
216,0501,12.4,18.7,6.3,30
216,0502,12.6,18.8,6.5,30
216,0503,12.7,18.9,6.7,30
216,0504,12.9,19.1,6.9,30
216,0505,13.1,19.2,7.1,30
216,0506,13.2,19.4,7.3,30
216,0507,13.4,19.6,7.4,30
216,0508,13.5,19.6,7.5,30
216,0509,13.5,19.7,7.6,30
216,0510,13.6,19.8,7.7,30
216,0511,13.7,19.9,7.7,30
216,0512,13.8,20.0,7.9,30
216,0513,13.9,20.1,8.0,30
216,0514,14.1,20.3,8.1,30
216,0515,14.2,20.5,8.2,30
216,0516,14.4,20.7,8.4,30
216,0517,14.5,20.9,8.5,30
216,0518,14.8,21.1,8.7,30
216,0519,15.0,21.4,8.9,30
216,0520,15.1,21.5,9.0,30
216,0521,15.2,21.6,9.1,30
216,0522,15.3,21.7,9.2,30
216,0523,15.5,21.9,9.3,30
216,0524,15.6,22.1,9.3,30
216,0525,15.8,22.3,9.5,30
216,0526,15.9,22.4,9.6,30
216,0527,16.0,22.5,9.7,30
216,0528,16.1,22.6,9.8,30
216,0529,16.2,22.7,10.0,30
216,0530,16.3,22.7,10.1,30
216,0531,16.4,22.8,10.2,30
216,0601,16.5,23.0,10.3,30
216,0602,16.6,23.0,10.5,30
216,0603,16.7,23.1,10.6,30
216,0604,16.8,23.2,10.8,30
216,0605,17.0,23.3,11.0,30
216,0606,17.1,23.4,11.1,30
216,0607,17.1,23.5,11.3,30
216,0608,17.2,23.5,11.5,30
216,0609,17.3,23.6,11.7,30
216,0610,17.5,23.7,11.9,30
216,0611,17.6,23.8,12.1,30
216,0612,17.7,23.8,12.2,30
216,0613,17.8,23.9,12.4,30
216,0614,17.9,24.0,12.6,30
216,0615,18.0,24.0,12.8,30
216,0616,18.1,23.9,13.0,30
216,0617,18.1,24.0,13.1,30
216,0618,18.2,24.0,13.2,30
216,0619,18.3,24.1,13.5,30
216,0620,18.5,24.1,13.7,30
216,0621,18.6,24.2,13.9,30
216,0622,18.8,24.4,14.1,30
216,0623,19.0,24.4,14.3,30
216,0624,19.1,24.5,14.6,30
216,0625,19.2,24.5,14.9,30
216,0626,19.3,24.5,15.1,30
216,0627,19.5,24.6,15.3,30
216,0628,19.6,24.6,15.4,30
216,0629,19.6,24.7,15.5,30
216,0630,19.7,24.7,15.6,30
216,0701,19.9,24.8,15.7,30
216,0702,20.0,24.9,15.9,30
216,0703,20.1,25.0,16.1,30
216,0704,20.2,25.1,16.2,30
216,0705,20.3,25.1,16.4,30
216,0706,20.4,25.1,16.6,30
216,0707,20.4,25.1,16.7,30
216,0708,20.5,25.1,16.7,30
216,0709,20.5,25.1,16.8,30
216,0710,20.5,25.0,16.8,30
216,0711,20.6,25.1,16.9,30
216,0712,20.7,25.2,16.9,30
216,0713,20.8,25.3,17.1,30
216,0714,21.0,25.5,17.3,30
216,0715,21.2,25.7,17.5,30
216,0716,21.3,25.8,17.7,30
216,0717,21.4,25.9,17.8,30
216,0718,21.5,26.0,18.0,30
216,0719,21.6,26.1,18.0,30
216,0720,21.7,26.2,18.1,30
216,0721,21.8,26.3,18.2,30
216,0722,21.9,26.4,18.3,30
216,0723,22.1,26.6,18.5,30
216,0724,22.3,26.9,18.6,30
216,0725,22.5,27.1,18.8,30
216,0726,22.6,27.2,19.0,30
216,0727,22.7,27.3,19.1,30
216,0728,22.7,27.3,19.2,30
216,0729,22.8,27.4,19.2,30
216,0730,22.7,27.4,19.1,30
216,0731,22.7,27.4,19.1,30
216,0801,22.7,27.4,19.1,30
216,0802,22.7,27.5,19.1,30
216,0803,22.7,27.5,19.1,30
216,0804,22.7,27.5,19.1,30
216,0805,22.7,27.5,19.1,30
216,0806,22.7,27.5,19.0,30
216,0807,22.6,27.4,18.9,30
216,0808,22.5,27.3,18.9,30
216,0809,22.3,27.1,18.7,30
216,0810,22.2,27.0,18.6,30
216,0811,22.1,26.8,18.5,30
216,0812,21.9,26.6,18.3,30
216,0813,21.8,26.5,18.2,30
216,0814,21.7,26.4,18.2,30
216,0815,21.6,26.3,18.1,30
216,0816,21.5,26.1,17.9,30
216,0817,21.4,26.0,17.7,30
216,0818,21.2,25.9,17.6,30
216,0819,21.0,25.7,17.4,30
216,0820,20.9,25.5,17.2,30
216,0821,20.7,25.3,17.0,30
216,0822,20.5,25.2,16.8,30
216,0823,20.3,25.0,16.7,30
216,0824,20.2,24.9,16.5,30
216,0825,20.1,24.8,16.3,30
216,0826,19.9,24.7,16.1,30
216,0827,19.8,24.5,15.9,30
216,0828,19.6,24.4,15.7,30
216,0829,19.5,24.3,15.4,30
216,0830,19.2,24.1,15.2,30
216,0831,19.0,23.9,15.0,30
216,0901,18.9,23.8,14.8,30
216,0902,18.7,23.7,14.6,30
216,0903,18.6,23.6,14.4,30
216,0904,18.4,23.5,14.2,30
216,0905,18.2,23.3,14.1,30
216,0906,18.0,23.0,13.9,30
216,0907,17.8,22.9,13.7,30
216,0908,17.7,22.8,13.5,30
216,0909,17.5,22.6,13.3,30
216,0910,17.3,22.4,13.1,30
216,0911,17.1,22.3,12.9,30
216,0912,16.9,22.1,12.7,30
216,0913,16.7,21.9,12.4,30
216,0914,16.5,21.8,12.2,30
216,0915,16.3,21.5,11.9,30
216,0916,16.0,21.3,11.6,30
216,0917,15.8,21.1,11.4,30
216,0918,15.6,20.9,11.2,30
216,0919,15.4,20.8,10.9,30
216,0920,15.2,20.7,10.6,30
216,0921,15.0,20.6,10.3,30
216,0922,14.8,20.4,10.1,30
216,0923,14.6,20.3,9.9,30
216,0924,14.5,20.1,9.7,30
216,0925,14.3,20.0,9.5,30
216,0926,14.1,19.8,9.3,30
216,0927,13.9,19.6,9.0,30
216,0928,13.7,19.4,8.8,30
216,0929,13.5,19.3,8.6,30
216,0930,13.4,19.3,8.5,30
216,1001,13.3,19.2,8.3,30
216,1002,13.1,19.1,8.1,30
216,1003,13.0,19.0,7.9,30
216,1004,12.8,18.8,7.7,30
216,1005,12.7,18.7,7.6,30
216,1006,12.5,18.6,7.3,30
216,1007,12.3,18.5,7.1,30
216,1008,12.1,18.3,6.8,30
216,1009,11.9,18.2,6.5,30
216,1010,11.7,17.9,6.3,30
216,1011,11.4,17.7,6.0,30
216,1012,11.3,17.6,5.8,30
216,1013,11.1,17.5,5.7,30
216,1014,11.0,17.4,5.5,30
216,1015,10.8,17.2,5.3,30
216,1016,10.6,17.0,5.1,30
216,1017,10.4,16.8,4.9,30
216,1018,10.2,16.6,4.7,30
216,1019,9.9,16.3,4.4,30
216,1020,9.6,16.1,4.1,30
216,1021,9.4,15.9,3.9,30
216,1022,9.2,15.7,3.7,30
216,1023,9.0,15.5,3.5,30
216,1024,8.8,15.2,3.3,30
216,1025,8.6,15.0,3.0,30
216,1026,8.3,14.7,2.8,30
216,1027,8.1,14.5,2.6,30
216,1028,7.9,14.4,2.3,30
216,1029,7.8,14.3,2.2,30
216,1030,7.7,14.3,2.0,30
216,1031,7.6,14.1,1.9,30
216,1101,7.4,13.9,1.8,30
216,1102,7.2,13.5,1.6,30
216,1103,7.1,13.3,1.6,30
216,1104,6.9,13.0,1.5,30
216,1105,6.7,12.7,1.4,30
216,1106,6.6,12.5,1.3,30
216,1107,6.4,12.3,1.2,30
216,1108,6.2,12.1,1.0,30
216,1109,6.0,11.9,0.8,30
216,1110,5.8,11.6,0.6,30
216,1111,5.5,11.3,0.4,30
216,1112,5.2,10.9,0.1,30
216,1113,4.8,10.4,-0.2,30
216,1114,4.4,10.0,-0.6,30
216,1115,4.0,9.7,-0.9,30
216,1116,3.8,9.4,-1.2,30
216,1117,3.5,9.2,-1.4,30
216,1118,3.3,9.0,-1.7,30
216,1119,3.0,8.7,-2.0,30
216,1120,2.8,8.5,-2.2,30
216,1121,2.5,8.2,-2.5,30
216,1122,2.3,7.9,-2.7,30
216,1123,2.1,7.7,-2.8,30
216,1124,1.9,7.6,-3.0,30
216,1125,1.7,7.4,-3.2,30
216,1126,1.6,7.1,-3.4,30
216,1127,1.4,6.9,-3.5,30
216,1128,1.2,6.7,-3.7,30
216,1129,0.9,6.4,-3.9,30
216,1130,0.7,6.1,-4.1,30
216,1201,0.4,5.8,-4.3,30
216,1202,0.2,5.5,-4.6,30
216,1203,-0.1,5.2,-4.8,30
216,1204,-0.3,5.0,-5.0,30
216,1205,-0.6,4.6,-5.3,30
216,1206,-0.8,4.4,-5.6,30
216,1207,-1.1,4.1,-5.9,30
216,1208,-1.4,3.8,-6.1,30
216,1209,-1.6,3.5,-6.4,30
216,1210,-1.9,3.3,-6.6,30
216,1211,-2.1,3.0,-6.8,30
216,1212,-2.2,2.9,-7.0,30
216,1213,-2.3,2.8,-7.1,30
216,1214,-2.3,2.8,-7.2,30
216,1215,-2.4,2.8,-7.2,30
216,1216,-2.4,2.8,-7.2,30
216,1217,-2.4,2.7,-7.2,30
216,1218,-2.6,2.6,-7.3,30
216,1219,-2.7,2.5,-7.4,30
216,1220,-2.8,2.5,-7.6,30
216,1221,-2.8,2.4,-7.6,30
216,1222,-2.9,2.4,-7.7,30
216,1223,-3.0,2.4,-7.9,30
216,1224,-3.1,2.2,-7.9,30
216,1225,-3.2,2.2,-8.1,30
216,1226,-3.2,2.1,-8.1,30
216,1227,-3.3,2.1,-8.1,30
216,1228,-3.4,1.9,-8.3,30
216,1229,-3.6,1.7,-8.5,30
216,1230,-3.8,1.6,-8.7,30
216,1231,-4.0,1.5,-8.9,30
221,0101,-4.7,1.8,-10.6,30
221,0102,-4.8,1.6,-10.8,30
221,0103,-4.9,1.6,-10.9,30
221,0104,-4.9,1.6,-10.9,30
221,0105,-4.9,1.5,-11.0,30
221,0106,-5.0,1.5,-11.0,30
221,0107,-5.0,1.5,-11.0,30
221,0108,-5.0,1.5,-11.0,30
221,0109,-5.0,1.5,-11.0,30
221,0110,-5.0,1.6,-11.0,30
221,0111,-5.0,1.6,-11.0,30
221,0112,-5.0,1.6,-11.0,30
221,0113,-4.9,1.6,-10.9,30
221,0114,-4.9,1.6,-10.9,30
221,0115,-4.8,1.6,-10.8,30
221,0116,-4.9,1.6,-10.8,30
221,0117,-4.9,1.5,-10.9,30
221,0118,-4.9,1.5,-10.9,30
221,0119,-4.9,1.5,-10.9,30
221,0120,-4.9,1.6,-10.8,30
221,0121,-4.8,1.6,-10.9,30
221,0122,-4.8,1.7,-10.8,30
221,0123,-4.7,1.7,-10.7,30
221,0124,-4.6,1.8,-10.6,30
221,0125,-4.6,1.8,-10.7,30
221,0126,-4.7,1.8,-10.8,30
221,0127,-4.7,1.8,-10.9,30
221,0128,-4.7,1.8,-10.9,30
221,0129,-4.6,2.0,-10.9,30
221,0130,-4.5,2.2,-10.9,30
221,0131,-4.4,2.3,-10.8,30
221,0201,-4.3,2.5,-10.7,30
221,0202,-4.1,2.6,-10.6,30
221,0203,-4.0,2.7,-10.5,30
221,0204,-3.9,2.8,-10.4,30
221,0205,-3.8,2.9,-10.2,30
221,0206,-3.6,3.1,-10.1,30
221,0207,-3.4,3.3,-9.9,30
221,0208,-3.2,3.5,-9.7,30
221,0209,-3.0,3.7,-9.5,30
221,0210,-2.8,3.8,-9.3,30
221,0211,-2.6,4.0,-9.1,30
221,0212,-2.5,4.2,-8.9,30
221,0213,-2.3,4.4,-8.7,30
221,0214,-2.1,4.4,-8.5,30
221,0215,-2.0,4.6,-8.4,30
221,0216,-1.8,4.9,-8.1,30
221,0217,-1.5,5.2,-7.9,30
221,0218,-1.3,5.5,-7.7,30
221,0219,-1.1,5.7,-7.4,30
221,0220,-0.8,6.0,-7.2,30
221,0221,-0.6,6.1,-6.9,30
221,0222,-0.6,6.2,-6.9,30
221,0223,-0.4,6.3,-6.7,30
221,0224,-0.2,6.5,-6.5,30
221,0225,0.0,6.8,-6.2,30
221,0226,0.3,7.1,-6.0,30
221,0227,0.5,7.3,-5.7,30
221,0228,0.7,7.4,-5.5,30
221,0229,0.9,7.5,-5.2,0
221,0301,1.0,7.7,-5.1,30
221,0302,1.3,7.9,-4.9,30
221,0303,1.4,8.0,-4.7,30
221,0304,1.5,8.1,-4.6,30
221,0305,1.7,8.3,-4.5,30
221,0306,1.9,8.5,-4.4,30
221,0307,2.0,8.7,-4.3,30
221,0308,2.1,8.9,-4.3,30
221,0309,2.3,9.1,-4.1,30
221,0310,2.5,9.4,-4.0,30
221,0311,2.8,9.7,-3.8,30
221,0312,3.0,9.9,-3.6,30
221,0313,3.2,10.2,-3.5,30
221,0314,3.5,10.5,-3.3,30
221,0315,3.7,10.8,-3.1,30
221,0316,3.9,11.0,-2.9,30
221,0317,4.0,11.1,-2.8,30
221,0318,4.2,11.3,-2.6,30
221,0319,4.4,11.6,-2.5,30
221,0320,4.7,11.8,-2.3,30
221,0321,4.9,12.0,-2.1,30
221,0322,5.1,12.2,-1.9,30
221,0323,5.3,12.4,-1.7,30
221,0324,5.5,12.7,-1.6,30
221,0325,5.6,12.8,-1.4,30
221,0326,5.8,13.0,-1.3,30
221,0327,5.9,13.2,-1.2,30
221,0328,6.1,13.4,-1.1,30
221,0329,6.3,13.7,-1.0,30
221,0330,6.5,13.9,-0.9,30
221,0331,6.8,14.2,-0.6,30
221,0401,7.2,14.6,-0.3,30
221,0402,7.5,15.0,-0.1,30
221,0403,7.7,15.3,0.2,30
221,0404,8.0,15.5,0.4,30
221,0405,8.2,15.7,0.7,30
221,0406,8.4,15.8,0.9,30
221,0407,8.6,16.1,1.1,30
221,0408,8.9,16.4,1.2,30
221,0409,9.1,16.7,1.4,30
221,0410,9.4,17.0,1.6,30
221,0411,9.7,17.3,1.9,30
221,0412,9.9,17.5,2.2,30
221,0413,10.1,17.7,2.5,30
221,0414,10.4,18.0,2.8,30
221,0415,10.6,18.2,3.0,30
221,0416,10.8,18.3,3.3,30
221,0417,11.0,18.5,3.4,30
221,0418,11.1,18.7,3.5,30
221,0419,11.3,18.9,3.7,30
221,0420,11.4,19.1,3.8,30
221,0421,11.7,19.4,3.9,30
221,0422,11.9,19.6,4.2,30
221,0423,12.2,19.8,4.5,30
221,0424,12.4,20.0,4.9,30
221,0425,12.7,20.2,5.2,30
221,0426,12.9,20.3,5.4,30
221,0427,13.1,20.6,5.7,30
221,0428,13.3,20.9,5.8,30
221,0429,13.5,21.0,6.0,30
221,0430,13.7,21.2,6.1,30
221,0501,13.9,21.5,6.3,30
221,0502,14.1,21.6,6.6,30
221,0503,14.3,21.8,6.8,30
221,0504,14.5,21.9,7.1,30
221,0505,14.7,22.0,7.4,30
221,0506,14.8,22.1,7.6,30
221,0507,15.0,22.3,7.8,30
221,0508,15.1,22.4,8.0,30
221,0509,15.2,22.4,8.1,30
221,0510,15.3,22.4,8.2,30
221,0511,15.4,22.6,8.3,30
221,0512,15.5,22.6,8.5,30
221,0513,15.5,22.6,8.7,30
221,0514,15.7,22.8,8.7,30
221,0515,15.8,23.0,8.9,30
221,0516,16.0,23.2,9.1,30
221,0517,16.2,23.3,9.3,30
221,0518,16.3,23.5,9.5,30
221,0519,16.5,23.6,9.7,30
221,0520,16.7,23.8,9.8,30
221,0521,16.8,24.0,10.0,30
221,0522,17.0,24.1,10.2,30
221,0523,17.1,24.3,10.3,30
221,0524,17.3,24.6,10.4,30
221,0525,17.5,24.8,10.5,30
221,0526,17.7,25.0,10.7,30
221,0527,17.8,25.1,10.9,30
221,0528,18.0,25.2,11.2,30
221,0529,18.2,25.4,11.5,30
221,0530,18.4,25.5,11.7,30
221,0531,18.5,25.6,11.9,30
221,0601,18.7,25.7,12.1,30
221,0602,18.9,25.9,12.3,30
221,0603,19.1,26.1,12.6,30
221,0604,19.3,26.3,12.9,30
221,0605,19.4,26.4,13.1,30
221,0606,19.6,26.5,13.3,30
221,0607,19.8,26.6,13.5,30
221,0608,19.9,26.7,13.8,30
221,0609,20.1,26.8,14.0,30
221,0610,20.2,27.0,14.2,30
221,0611,20.4,27.1,14.5,30
221,0612,20.5,27.2,14.7,30
221,0613,20.6,27.2,14.8,30
221,0614,20.8,27.3,15.0,30
221,0615,20.9,27.4,15.2,30
221,0616,21.0,27.5,15.4,30
221,0617,21.0,27.4,15.5,30
221,0618,21.1,27.4,15.6,30
221,0619,21.2,27.4,15.8,30
221,0620,21.3,27.4,16.1,30
221,0621,21.4,27.5,16.2,30
221,0622,21.5,27.5,16.4,30
221,0623,21.6,27.5,16.7,30
221,0624,21.7,27.4,16.9,30
221,0625,21.8,27.4,17.1,30
221,0626,21.9,27.4,17.3,30
221,0627,22.0,27.5,17.5,30
221,0628,22.1,27.5,17.6,30
221,0629,22.1,27.6,17.7,30
221,0630,22.2,27.5,17.8,30
221,0701,22.3,27.5,17.9,30
221,0702,22.4,27.6,18.1,30
221,0703,22.5,27.7,18.3,30
221,0704,22.6,27.8,18.4,30
221,0705,22.7,27.8,18.5,30
221,0706,22.7,27.7,18.6,30
221,0707,22.8,27.8,18.8,30
221,0708,22.8,27.8,18.8,30
221,0709,22.8,27.8,18.8,30
221,0710,22.8,27.8,18.9,30
221,0711,22.9,27.9,18.9,30
221,0712,23.0,27.9,19.0,30
221,0713,23.1,28.0,19.2,30
221,0714,23.2,28.1,19.3,30
221,0715,23.3,28.2,19.5,30
221,0716,23.4,28.3,19.6,30
221,0717,23.5,28.4,19.8,30
221,0718,23.6,28.5,19.9,30
221,0719,23.7,28.6,20.0,30
221,0720,23.8,28.8,20.1,30
221,0721,23.9,28.9,20.2,30
221,0722,24.0,29.0,20.3,30
221,0723,24.2,29.2,20.4,30
221,0724,24.3,29.4,20.5,30
221,0725,24.5,29.6,20.7,30
221,0726,24.7,29.7,20.8,30
221,0727,24.7,29.8,20.9,30
221,0728,24.8,29.9,21.0,30
221,0729,24.9,30.1,21.0,30
221,0730,24.9,30.1,21.0,30
221,0731,24.9,30.1,21.0,30
221,0801,24.9,30.3,21.0,30
221,0802,25.0,30.3,21.0,30
221,0803,25.0,30.3,21.0,30
221,0804,25.0,30.3,21.0,30
221,0805,24.9,30.4,21.0,30
221,0806,24.9,30.4,20.9,30
221,0807,24.9,30.4,20.9,30
221,0808,24.9,30.3,20.9,30
221,0809,24.8,30.2,20.7,30
221,0810,24.7,30.2,20.6,30
221,0811,24.6,30.1,20.5,30
221,0812,24.5,30.0,20.5,30
221,0813,24.4,29.8,20.3,30
221,0814,24.3,29.7,20.3,30
221,0815,24.2,29.6,20.1,30
221,0816,24.0,29.5,20.0,30
221,0817,23.9,29.3,19.8,30
221,0818,23.8,29.2,19.7,30
221,0819,23.6,29.0,19.5,30
221,0820,23.5,28.8,19.4,30
221,0821,23.3,28.7,19.2,30
221,0822,23.1,28.6,19.0,30
221,0823,22.9,28.4,18.8,30
221,0824,22.8,28.2,18.6,30
221,0825,22.6,28.1,18.4,30
221,0826,22.5,28.0,18.3,30
221,0827,22.3,27.9,18.0,30
221,0828,22.2,27.8,17.8,30
221,0829,22.0,27.6,17.6,30
221,0830,21.8,27.4,17.4,30
221,0831,21.6,27.3,17.2,30
221,0901,21.4,27.2,16.9,30
221,0902,21.2,27.1,16.7,30
221,0903,21.0,27.0,16.5,30
221,0904,20.9,26.9,16.3,30
221,0905,20.7,26.7,16.1,30
221,0906,20.5,26.5,15.8,30
221,0907,20.3,26.4,15.6,30
221,0908,20.1,26.3,15.4,30
221,0909,19.9,26.1,15.1,30
221,0910,19.7,25.9,14.9,30
221,0911,19.5,25.8,14.6,30
221,0912,19.3,25.6,14.3,30
221,0913,19.0,25.4,14.1,30
221,0914,18.8,25.3,13.8,30
221,0915,18.6,25.1,13.4,30
221,0916,18.3,24.9,13.1,30
221,0917,18.1,24.8,12.9,30
221,0918,17.9,24.6,12.6,30
221,0919,17.7,24.6,12.3,30
221,0920,17.5,24.5,12.0,30
221,0921,17.3,24.3,11.7,30
221,0922,17.0,24.1,11.5,30
221,0923,16.8,23.9,11.2,30
221,0924,16.6,23.7,11.0,30
221,0925,16.4,23.5,10.7,30
221,0926,16.1,23.3,10.4,30
221,0927,15.9,23.1,10.2,30
221,0928,15.6,22.9,9.9,30
221,0929,15.4,22.8,9.7,30
221,0930,15.3,22.6,9.5,30
221,1001,15.1,22.5,9.2,30
221,1002,14.8,22.3,8.9,30
221,1003,14.6,22.2,8.7,30
221,1004,14.4,21.9,8.5,30
221,1005,14.2,21.7,8.2,30
221,1006,13.9,21.6,7.9,30
221,1007,13.7,21.4,7.6,30
221,1008,13.4,21.2,7.2,30
221,1009,13.1,21.0,6.9,30
221,1010,12.9,20.8,6.6,30
221,1011,12.6,20.7,6.3,30
221,1012,12.4,20.5,6.0,30
221,1013,12.2,20.4,5.8,30
221,1014,12.1,20.3,5.6,30
221,1015,11.8,20.1,5.3,30
221,1016,11.6,19.8,5.1,30
221,1017,11.4,19.6,4.9,30
221,1018,11.1,19.3,4.6,30
221,1019,10.8,19.1,4.2,30
221,1020,10.5,18.9,3.9,30
221,1021,10.3,18.6,3.7,30
221,1022,10.0,18.3,3.4,30
221,1023,9.8,18.0,3.1,30
221,1024,9.5,17.8,2.9,30
221,1025,9.3,17.4,2.7,30
221,1026,9.0,17.1,2.5,30
221,1027,8.7,16.8,2.2,30
221,1028,8.5,16.5,1.9,30
221,1029,8.2,16.3,1.6,30
221,1030,8.0,16.2,1.5,30
221,1031,7.9,15.9,1.3,30
221,1101,7.7,15.7,1.2,30
221,1102,7.5,15.4,1.0,30
221,1103,7.4,15.2,0.9,30
221,1104,7.3,14.9,0.9,30
221,1105,7.1,14.6,0.7,30
221,1106,6.9,14.4,0.6,30
221,1107,6.8,14.2,0.5,30
221,1108,6.6,13.9,0.3,30
221,1109,6.3,13.6,0.1,30
221,1110,6.1,13.3,-0.1,30
221,1111,5.8,13.0,-0.3,30
221,1112,5.5,12.6,-0.5,30
221,1113,5.2,12.1,-0.7,30
221,1114,4.8,11.6,-1.1,30
221,1115,4.4,11.2,-1.5,30
221,1116,4.1,10.9,-1.8,30
221,1117,3.8,10.6,-2.1,30
221,1118,3.5,10.3,-2.4,30
221,1119,3.1,10.0,-2.7,30
221,1120,2.9,9.6,-2.9,30
221,1121,2.6,9.3,-3.1,30
221,1122,2.4,9.0,-3.3,30
221,1123,2.2,8.9,-3.5,30
221,1124,2.0,8.6,-3.7,30
221,1125,1.7,8.4,-3.9,30
221,1126,1.5,8.2,-4.1,30
221,1127,1.3,7.9,-4.3,30
221,1128,1.1,7.6,-4.5,30
221,1129,0.8,7.3,-4.8,30
221,1130,0.6,7.0,-5.0,30
221,1201,0.3,6.7,-5.2,30
221,1202,0.0,6.4,-5.5,30
221,1203,-0.2,6.1,-5.7,30
221,1204,-0.4,5.8,-5.9,30
221,1205,-0.7,5.6,-6.2,30
221,1206,-1.0,5.3,-6.6,30
221,1207,-1.3,5.0,-6.9,30
221,1208,-1.6,4.7,-7.2,30
221,1209,-1.8,4.3,-7.5,30
221,1210,-2.1,4.0,-7.7,30
221,1211,-2.3,3.8,-7.9,30
221,1212,-2.5,3.6,-8.1,30
221,1213,-2.6,3.6,-8.3,30
221,1214,-2.7,3.6,-8.3,30
221,1215,-2.7,3.6,-8.4,30
221,1216,-2.8,3.6,-8.4,30
221,1217,-2.8,3.5,-8.4,30
221,1218,-2.9,3.4,-8.5,30
221,1219,-3.1,3.3,-8.7,30
221,1220,-3.2,3.2,-8.8,30
221,1221,-3.3,3.0,-8.9,30
221,1222,-3.4,3.0,-9.0,30
221,1223,-3.6,2.9,-9.2,30
221,1224,-3.7,2.7,-9.4,30
221,1225,-3.8,2.7,-9.5,30
221,1226,-3.8,2.7,-9.6,30
221,1227,-3.8,2.6,-9.6,30
221,1228,-3.9,2.5,-9.7,30
221,1229,-4.1,2.3,-9.9,30
221,1230,-4.3,2.1,-10.1,30
221,1231,-4.5,1.9,-10.4,30
226,0101,-2.8,3.5,-8.3,30
226,0102,-2.9,3.4,-8.5,30
226,0103,-2.9,3.4,-8.6,30
226,0104,-2.9,3.3,-8.6,30
226,0105,-3.0,3.3,-8.6,30
226,0106,-3.0,3.2,-8.6,30
226,0107,-3.0,3.2,-8.6,30
226,0108,-3.0,3.2,-8.6,30
226,0109,-3.0,3.2,-8.6,30
226,0110,-3.0,3.2,-8.6,30
226,0111,-3.0,3.2,-8.6,30
226,0112,-3.0,3.2,-8.6,30
226,0113,-2.9,3.2,-8.5,30
226,0114,-3.0,3.1,-8.4,30
226,0115,-3.0,3.1,-8.4,30
226,0116,-3.0,3.0,-8.4,30
226,0117,-3.0,3.0,-8.4,30
226,0118,-3.1,3.0,-8.5,30
226,0119,-3.1,3.0,-8.4,30
226,0120,-3.0,3.0,-8.4,30
226,0121,-3.0,3.1,-8.4,30
226,0122,-3.0,3.1,-8.4,30
226,0123,-2.9,3.2,-8.3,30
226,0124,-2.9,3.2,-8.3,30
226,0125,-2.9,3.2,-8.4,30
226,0126,-3.0,3.2,-8.5,30
226,0127,-3.0,3.2,-8.5,30
226,0128,-3.0,3.3,-8.6,30
226,0129,-3.0,3.4,-8.6,30
226,0130,-2.9,3.6,-8.7,30
226,0131,-2.8,3.8,-8.7,30
226,0201,-2.7,3.9,-8.5,30
226,0202,-2.6,4.0,-8.4,30
226,0203,-2.5,4.1,-8.3,30
226,0204,-2.4,4.2,-8.2,30
226,0205,-2.3,4.3,-8.2,30
226,0206,-2.1,4.5,-8.1,30
226,0207,-2.0,4.7,-7.9,30
226,0208,-1.8,4.9,-7.7,30
226,0209,-1.6,5.0,-7.5,30
226,0210,-1.5,5.0,-7.3,30
226,0211,-1.3,5.2,-7.1,30
226,0212,-1.1,5.4,-7.0,30
226,0213,-1.0,5.6,-6.8,30
226,0214,-0.8,5.7,-6.7,30
226,0215,-0.7,5.8,-6.5,30
226,0216,-0.5,6.0,-6.4,30
226,0217,-0.3,6.4,-6.2,30
226,0218,-0.0,6.6,-6.0,30
226,0219,0.2,6.8,-5.8,30
226,0220,0.4,7.1,-5.6,30
226,0221,0.6,7.2,-5.4,30
226,0222,0.6,7.2,-5.3,30
226,0223,0.8,7.4,-5.2,30
226,0224,1.0,7.6,-5.0,30
226,0225,1.2,8.0,-4.9,30
226,0226,1.5,8.2,-4.6,30
226,0227,1.7,8.5,-4.4,30
226,0228,1.9,8.6,-4.2,30
226,0229,2.0,8.7,-4.0,0
226,0301,2.2,8.9,-3.8,30
226,0302,2.4,9.1,-3.7,30
226,0303,2.5,9.2,-3.5,30
226,0304,2.6,9.3,-3.4,30
226,0305,2.7,9.5,-3.4,30
226,0306,2.9,9.7,-3.3,30
226,0307,3.0,10.0,-3.3,30
226,0308,3.1,10.1,-3.2,30
226,0309,3.3,10.3,-3.1,30
226,0310,3.6,10.6,-2.9,30
226,0311,3.8,10.8,-2.7,30
226,0312,4.0,11.2,-2.5,30
226,0313,4.2,11.4,-2.4,30
226,0314,4.5,11.7,-2.3,30
226,0315,4.7,11.9,-2.1,30
226,0316,4.9,12.1,-1.9,30
226,0317,5.0,12.2,-1.8,30
226,0318,5.2,12.4,-1.6,30
226,0319,5.4,12.7,-1.4,30
226,0320,5.7,12.9,-1.2,30
226,0321,5.9,13.1,-1.0,30
226,0322,6.1,13.3,-0.8,30
226,0323,6.3,13.5,-0.6,30
226,0324,6.4,13.8,-0.6,30
226,0325,6.6,13.9,-0.4,30
226,0326,6.7,14.1,-0.3,30
226,0327,6.9,14.2,-0.2,30
226,0328,7.0,14.4,-0.1,30
226,0329,7.2,14.7,0.1,30
226,0330,7.4,14.9,0.2,30
226,0331,7.7,15.2,0.4,30
226,0401,8.0,15.6,0.7,30
226,0402,8.3,15.9,0.9,30
226,0403,8.6,16.1,1.2,30
226,0404,8.8,16.3,1.5,30
226,0405,9.0,16.5,1.7,30
226,0406,9.2,16.6,1.9,30
226,0407,9.4,16.9,2.0,30
226,0408,9.6,17.2,2.2,30
226,0409,9.9,17.5,2.3,30
226,0410,10.1,17.7,2.6,30
226,0411,10.4,18.0,2.8,30
226,0412,10.6,18.2,3.0,30
226,0413,10.8,18.4,3.3,30
226,0414,11.1,18.6,3.7,30
226,0415,11.3,18.8,3.8,30
226,0416,11.5,18.9,4.1,30
226,0417,11.6,19.1,4.2,30
226,0418,11.7,19.3,4.2,30
226,0419,11.9,19.5,4.3,30
226,0420,12.1,19.7,4.5,30
226,0421,12.3,20.0,4.6,30
226,0422,12.5,20.2,4.9,30
226,0423,12.8,20.4,5.2,30
226,0424,13.0,20.5,5.6,30
226,0425,13.3,20.8,5.9,30
226,0426,13.5,20.9,6.1,30
226,0427,13.7,21.1,6.3,30
226,0428,13.9,21.4,6.4,30
226,0429,14.1,21.6,6.6,30
226,0430,14.3,21.7,6.7,30
226,0501,14.5,22.0,6.9,30
226,0502,14.7,22.1,7.2,30
226,0503,14.9,22.2,7.4,30
226,0504,15.0,22.4,7.7,30
226,0505,15.2,22.5,8.0,30
226,0506,15.4,22.5,8.3,30
226,0507,15.5,22.7,8.4,30
226,0508,15.6,22.8,8.6,30
226,0509,15.7,22.8,8.8,30
226,0510,15.8,22.8,8.9,30
226,0511,15.9,23.0,9.0,30
226,0512,16.0,23.0,9.2,30
226,0513,16.1,23.0,9.4,30
226,0514,16.2,23.2,9.5,30
226,0515,16.3,23.4,9.6,30
226,0516,16.5,23.5,9.8,30
226,0517,16.7,23.7,10.0,30
226,0518,16.9,23.8,10.2,30
226,0519,17.0,24.0,10.4,30
226,0520,17.2,24.2,10.5,30
226,0521,17.4,24.4,10.6,30
226,0522,17.5,24.5,10.8,30
226,0523,17.6,24.7,10.9,30
226,0524,17.8,24.9,11.0,30
226,0525,17.9,25.1,11.1,30
226,0526,18.1,25.2,11.2,30
226,0527,18.2,25.4,11.4,30
226,0528,18.4,25.5,11.7,30
226,0529,18.6,25.6,11.9,30
226,0530,18.8,25.7,12.2,30
226,0531,18.9,25.8,12.4,30
226,0601,19.1,25.9,12.6,30
226,0602,19.3,26.1,12.8,30
226,0603,19.4,26.2,13.1,30
226,0604,19.6,26.4,13.3,30
226,0605,19.8,26.5,13.6,30
226,0606,19.9,26.5,13.8,30
226,0607,20.1,26.7,14.1,30
226,0608,20.3,26.7,14.3,30
226,0609,20.4,26.9,14.5,30
226,0610,20.6,27.0,14.8,30
226,0611,20.7,27.1,15.0,30
226,0612,20.8,27.1,15.1,30
226,0613,20.9,27.2,15.3,30
226,0614,21.0,27.3,15.5,30
226,0615,21.1,27.3,15.7,30
226,0616,21.3,27.4,15.8,30
226,0617,21.3,27.3,16.0,30
226,0618,21.3,27.3,16.1,30
226,0619,21.4,27.3,16.3,30
226,0620,21.5,27.3,16.5,30
226,0621,21.7,27.4,16.6,30
226,0622,21.8,27.5,16.8,30
226,0623,21.9,27.5,17.1,30
226,0624,22.0,27.4,17.4,30
226,0625,22.1,27.4,17.6,30
226,0626,22.2,27.4,17.8,30
226,0627,22.3,27.4,18.0,30
226,0628,22.4,27.5,18.2,30
226,0629,22.5,27.5,18.3,30
226,0630,22.5,27.5,18.4,30
226,0701,22.6,27.5,18.5,30
226,0702,22.7,27.6,18.6,30
226,0703,22.8,27.7,18.8,30
226,0704,22.9,27.8,19.0,30
226,0705,23.0,27.8,19.1,30
226,0706,23.0,27.8,19.2,30
226,0707,23.1,27.8,19.4,30
226,0708,23.2,27.9,19.4,30
226,0709,23.2,28.0,19.5,30
226,0710,23.3,28.0,19.5,30
226,0711,23.3,28.1,19.6,30
226,0712,23.4,28.2,19.6,30
226,0713,23.5,28.3,19.7,30
226,0714,23.6,28.4,19.9,30
226,0715,23.8,28.5,20.1,30
226,0716,23.9,28.7,20.2,30
226,0717,24.1,28.8,20.4,30
226,0718,24.2,29.0,20.5,30
226,0719,24.3,29.1,20.6,30
226,0720,24.4,29.3,20.7,30
226,0721,24.6,29.4,20.8,30
226,0722,24.7,29.5,20.9,30
226,0723,24.8,29.7,21.0,30
226,0724,24.9,29.9,21.1,30
226,0725,25.1,30.2,21.2,30
226,0726,25.3,30.3,21.4,30
226,0727,25.3,30.4,21.5,30
226,0728,25.4,30.4,21.5,30
226,0729,25.4,30.6,21.6,30
226,0730,25.4,30.6,21.5,30
226,0731,25.4,30.6,21.5,30
226,0801,25.5,30.7,21.5,30
226,0802,25.5,30.7,21.5,30
226,0803,25.5,30.7,21.5,30
226,0804,25.5,30.7,21.6,30
226,0805,25.4,30.6,21.5,30
226,0806,25.4,30.6,21.5,30
226,0807,25.4,30.6,21.5,30
226,0808,25.3,30.5,21.4,30
226,0809,25.2,30.4,21.3,30
226,0810,25.1,30.3,21.2,30
226,0811,25.0,30.2,21.1,30
226,0812,25.0,30.2,21.0,30
226,0813,24.8,30.0,20.9,30
226,0814,24.8,29.9,20.8,30
226,0815,24.7,29.8,20.7,30
226,0816,24.5,29.7,20.6,30
226,0817,24.4,29.6,20.5,30
226,0818,24.3,29.5,20.3,30
226,0819,24.1,29.3,20.2,30
226,0820,24.0,29.1,20.0,30
226,0821,23.8,29.0,19.8,30
226,0822,23.6,28.9,19.6,30
226,0823,23.5,28.7,19.5,30
226,0824,23.3,28.5,19.3,30
226,0825,23.2,28.4,19.1,30
226,0826,23.0,28.3,18.9,30
226,0827,22.8,28.2,18.8,30
226,0828,22.7,28.1,18.6,30
226,0829,22.5,27.9,18.3,30
226,0830,22.3,27.7,18.1,30
226,0831,22.1,27.6,17.9,30
226,0901,21.9,27.5,17.7,30
226,0902,21.7,27.4,17.4,30
226,0903,21.6,27.3,17.2,30
226,0904,21.4,27.2,17.0,30
226,0905,21.2,27.0,16.8,30
226,0906,21.0,26.8,16.6,30
226,0907,20.8,26.7,16.3,30
226,0908,20.7,26.6,16.1,30
226,0909,20.5,26.4,15.9,30
226,0910,20.3,26.3,15.6,30
226,0911,20.1,26.2,15.3,30
226,0912,19.9,26.0,15.1,30
226,0913,19.7,25.8,14.8,30
226,0914,19.4,25.7,14.5,30
226,0915,19.2,25.5,14.2,30
226,0916,18.9,25.3,13.9,30
226,0917,18.7,25.2,13.7,30
226,0918,18.5,25.0,13.4,30
226,0919,18.3,24.9,13.1,30
226,0920,18.1,24.8,12.8,30
226,0921,17.9,24.6,12.5,30
226,0922,17.6,24.5,12.3,30
226,0923,17.4,24.2,12.0,30
226,0924,17.2,24.1,11.7,30
226,0925,16.9,23.9,11.5,30
226,0926,16.7,23.7,11.2,30
226,0927,16.5,23.5,11.0,30
226,0928,16.3,23.3,10.7,30
226,0929,16.0,23.1,10.4,30
226,0930,15.9,23.0,10.2,30
226,1001,15.6,22.9,10.0,30
226,1002,15.4,22.7,9.7,30
226,1003,15.2,22.6,9.5,30
226,1004,15.0,22.4,9.2,30
226,1005,14.8,22.2,9.0,30
226,1006,14.5,22.0,8.7,30
226,1007,14.3,21.9,8.4,30
226,1008,14.0,21.8,8.0,30
226,1009,13.7,21.5,7.7,30
226,1010,13.5,21.4,7.4,30
226,1011,13.2,21.2,7.1,30
226,1012,13.0,21.0,6.8,30
226,1013,12.8,20.9,6.6,30
226,1014,12.7,20.8,6.4,30
226,1015,12.4,20.6,6.2,30
226,1016,12.2,20.4,6.0,30
226,1017,12.0,20.1,5.8,30
226,1018,11.8,19.9,5.5,30
226,1019,11.5,19.6,5.2,30
226,1020,11.3,19.4,4.9,30
226,1021,11.0,19.2,4.7,30
226,1022,10.8,18.9,4.5,30
226,1023,10.6,18.7,4.2,30
226,1024,10.3,18.4,4.0,30
226,1025,10.1,18.1,3.8,30
226,1026,9.9,17.8,3.5,30
226,1027,9.6,17.6,3.3,30
226,1028,9.3,17.3,3.0,30
226,1029,9.1,17.2,2.7,30
226,1030,9.0,17.1,2.5,30
226,1031,8.8,17.0,2.4,30
226,1101,8.6,16.7,2.3,30
226,1102,8.5,16.5,2.1,30
226,1103,8.4,16.3,2.1,30
226,1104,8.3,16.0,2.0,30
226,1105,8.1,15.8,1.9,30
226,1106,7.9,15.6,1.7,30
226,1107,7.8,15.4,1.6,30
226,1108,7.6,15.2,1.5,30
226,1109,7.4,15.0,1.2,30
226,1110,7.2,14.7,1.1,30
226,1111,6.9,14.3,0.9,30
226,1112,6.7,13.9,0.8,30
226,1113,6.4,13.4,0.5,30
226,1114,6.0,13.0,0.1,30
226,1115,5.6,12.6,-0.2,30
226,1116,5.3,12.3,-0.5,30
226,1117,5.0,12.0,-0.8,30
226,1118,4.7,11.8,-1.1,30
226,1119,4.4,11.5,-1.4,30
226,1120,4.2,11.1,-1.6,30
226,1121,3.9,10.8,-1.8,30
226,1122,3.7,10.6,-1.9,30
226,1123,3.5,10.4,-2.1,30
226,1124,3.3,10.2,-2.3,30
226,1125,3.1,10.0,-2.5,30
226,1126,2.9,9.7,-2.7,30
226,1127,2.6,9.5,-2.9,30
226,1128,2.4,9.2,-3.1,30
226,1129,2.2,8.8,-3.3,30
226,1130,2.0,8.6,-3.4,30
226,1201,1.7,8.2,-3.6,30
226,1202,1.5,7.9,-3.8,30
226,1203,1.2,7.7,-4.1,30
226,1204,1.0,7.4,-4.3,30
226,1205,0.8,7.2,-4.6,30
226,1206,0.5,6.9,-4.8,30
226,1207,0.2,6.6,-5.1,30
226,1208,-0.0,6.3,-5.4,30
226,1209,-0.3,6.0,-5.6,30
226,1210,-0.5,5.7,-5.7,30
226,1211,-0.7,5.5,-5.9,30
226,1212,-0.8,5.4,-6.1,30
226,1213,-0.9,5.3,-6.2,30
226,1214,-0.9,5.3,-6.2,30
226,1215,-1.0,5.3,-6.4,30
226,1216,-1.0,5.3,-6.4,30
226,1217,-1.1,5.2,-6.4,30
226,1218,-1.2,5.1,-6.5,30
226,1219,-1.3,5.0,-6.7,30
226,1220,-1.5,4.9,-6.8,30
226,1221,-1.6,4.7,-6.9,30
226,1222,-1.7,4.7,-7.0,30
226,1223,-1.8,4.6,-7.2,30
226,1224,-2.0,4.4,-7.4,30
226,1225,-2.1,4.3,-7.5,30
226,1226,-2.1,4.3,-7.5,30
226,1227,-2.1,4.3,-7.6,30
226,1228,-2.2,4.2,-7.7,30
226,1229,-2.4,4.0,-7.9,30
226,1230,-2.5,3.8,-8.0,30
226,1231,-2.7,3.6,-8.2,30
232,0101,-2.1,3.4,-7.2,30
232,0102,-2.2,3.3,-7.3,30
232,0103,-2.3,3.2,-7.4,30
232,0104,-2.3,3.2,-7.4,30
232,0105,-2.3,3.1,-7.5,30
232,0106,-2.4,3.1,-7.4,30
232,0107,-2.4,3.0,-7.4,30
232,0108,-2.4,3.0,-7.5,30
232,0109,-2.4,3.0,-7.5,30
232,0110,-2.4,3.0,-7.5,30
232,0111,-2.5,3.0,-7.5,30
232,0112,-2.4,3.0,-7.5,30
232,0113,-2.4,3.0,-7.4,30
232,0114,-2.4,3.0,-7.4,30
232,0115,-2.4,2.9,-7.3,30
232,0116,-2.4,2.8,-7.3,30
232,0117,-2.5,2.8,-7.4,30
232,0118,-2.5,2.8,-7.5,30
232,0119,-2.5,2.8,-7.5,30
232,0120,-2.5,2.8,-7.6,30
232,0121,-2.5,2.9,-7.6,30
232,0122,-2.4,2.9,-7.6,30
232,0123,-2.4,3.0,-7.5,30
232,0124,-2.4,3.0,-7.6,30
232,0125,-2.4,3.0,-7.6,30
232,0126,-2.4,3.0,-7.7,30
232,0127,-2.5,3.0,-7.7,30
232,0128,-2.5,3.0,-7.8,30
232,0129,-2.4,3.1,-7.8,30
232,0130,-2.4,3.3,-7.8,30
232,0131,-2.2,3.5,-7.7,30
232,0201,-2.1,3.6,-7.5,30
232,0202,-2.0,3.6,-7.4,30
232,0203,-1.9,3.8,-7.3,30
232,0204,-1.8,3.9,-7.1,30
232,0205,-1.7,4.0,-7.0,30
232,0206,-1.5,4.1,-6.9,30
232,0207,-1.4,4.4,-6.7,30
232,0208,-1.2,4.5,-6.5,30
232,0209,-1.0,4.6,-6.4,30
232,0210,-0.9,4.7,-6.1,30
232,0211,-0.7,4.9,-6.0,30
232,0212,-0.5,5.1,-5.8,30
232,0213,-0.4,5.3,-5.7,30
232,0214,-0.2,5.4,-5.6,30
232,0215,-0.1,5.7,-5.4,30
232,0216,0.1,5.9,-5.2,30
232,0217,0.4,6.2,-5.1,30
232,0218,0.6,6.5,-4.9,30
232,0219,0.8,6.7,-4.6,30
232,0220,1.0,7.0,-4.5,30
232,0221,1.2,7.2,-4.3,30
232,0222,1.3,7.2,-4.2,30
232,0223,1.4,7.4,-4.1,30
232,0224,1.6,7.6,-3.9,30
232,0225,1.9,7.9,-3.8,30
232,0226,2.1,8.2,-3.5,30
232,0227,2.4,8.5,-3.3,30
232,0228,2.6,8.6,-3.1,30
232,0229,2.7,8.8,-2.9,0
232,0301,2.8,8.9,-2.8,30
232,0302,3.0,9.2,-2.6,30
232,0303,3.2,9.3,-2.4,30
232,0304,3.3,9.4,-2.4,30
232,0305,3.4,9.5,-2.3,30
232,0306,3.5,9.7,-2.2,30
232,0307,3.6,9.9,-2.2,30
232,0308,3.8,10.0,-2.1,30
232,0309,4.0,10.3,-2.0,30
232,0310,4.2,10.6,-1.8,30
232,0311,4.5,10.8,-1.6,30
232,0312,4.7,11.1,-1.4,30
232,0313,4.9,11.4,-1.3,30
232,0314,5.1,11.6,-1.1,30
232,0315,5.3,11.9,-1.0,30
232,0316,5.5,12.1,-0.8,30
232,0317,5.6,12.2,-0.6,30
232,0318,5.7,12.4,-0.5,30
232,0319,6.0,12.6,-0.4,30
232,0320,6.2,12.9,-0.2,30
232,0321,6.4,13.1,-0.0,30
232,0322,6.6,13.3,0.2,30
232,0323,6.7,13.5,0.3,30
232,0324,6.9,13.6,0.4,30
232,0325,7.0,13.8,0.6,30
232,0326,7.2,13.9,0.7,30
232,0327,7.3,14.1,0.8,30
232,0328,7.4,14.3,0.9,30
232,0329,7.6,14.5,1.0,30
232,0330,7.8,14.8,1.1,30
232,0331,8.1,15.1,1.4,30
232,0401,8.4,15.5,1.7,30
232,0402,8.7,15.8,1.9,30
232,0403,9.0,16.0,2.3,30
232,0404,9.2,16.2,2.5,30
232,0405,9.4,16.4,2.8,30
232,0406,9.6,16.6,2.9,30
232,0407,9.8,16.8,3.2,30
232,0408,10.1,17.1,3.3,30
232,0409,10.3,17.4,3.5,30
232,0410,10.5,17.7,3.7,30
232,0411,10.8,18.0,4.0,30
232,0412,11.1,18.2,4.3,30
232,0413,11.3,18.4,4.6,30
232,0414,11.6,18.7,4.9,30
232,0415,11.8,18.8,5.1,30
232,0416,11.9,19.0,5.3,30
232,0417,12.1,19.1,5.4,30
232,0418,12.2,19.3,5.5,30
232,0419,12.4,19.4,5.6,30
232,0420,12.5,19.6,5.7,30
232,0421,12.7,19.9,5.9,30
232,0422,13.0,20.1,6.1,30
232,0423,13.3,20.3,6.5,30
232,0424,13.6,20.5,6.9,30
232,0425,13.8,20.8,7.2,30
232,0426,14.0,20.9,7.4,30
232,0427,14.2,21.1,7.6,30
232,0428,14.5,21.4,7.8,30
232,0429,14.6,21.6,8.0,30
232,0430,14.8,21.8,8.1,30
232,0501,15.1,22.0,8.4,30
232,0502,15.3,22.3,8.7,30
232,0503,15.5,22.4,8.9,30
232,0504,15.7,22.6,9.2,30
232,0505,15.9,22.7,9.5,30
232,0506,16.1,22.8,9.8,30
232,0507,16.3,23.0,10.0,30
232,0508,16.4,23.0,10.2,30
232,0509,16.4,23.0,10.3,30
232,0510,16.5,23.1,10.4,30
232,0511,16.6,23.2,10.6,30
232,0512,16.8,23.2,10.8,30
232,0513,16.8,23.2,10.9,30
232,0514,17.0,23.4,11.0,30
232,0515,17.1,23.6,11.2,30
232,0516,17.3,23.8,11.4,30
232,0517,17.5,23.9,11.5,30
232,0518,17.6,24.1,11.7,30
232,0519,17.8,24.2,11.9,30
232,0520,18.0,24.4,12.0,30
232,0521,18.2,24.6,12.2,30
232,0522,18.4,24.8,12.4,30
232,0523,18.5,25.0,12.5,30
232,0524,18.7,25.2,12.5,30
232,0525,18.8,25.4,12.7,30
232,0526,19.0,25.6,12.8,30
232,0527,19.2,25.7,13.0,30
232,0528,19.3,25.9,13.2,30
232,0529,19.5,26.0,13.4,30
232,0530,19.6,26.1,13.6,30
232,0531,19.7,26.2,13.8,30
232,0601,19.9,26.3,14.0,30
232,0602,20.1,26.5,14.2,30
232,0603,20.3,26.7,14.5,30
232,0604,20.5,26.8,14.8,30
232,0605,20.6,26.9,15.0,30
232,0606,20.7,26.9,15.2,30
232,0607,20.9,27.0,15.4,30
232,0608,21.0,27.1,15.6,30
232,0609,21.2,27.2,15.8,30
232,0610,21.3,27.3,16.0,30
232,0611,21.4,27.4,16.2,30
232,0612,21.6,27.5,16.3,30
232,0613,21.7,27.5,16.5,30
232,0614,21.8,27.6,16.7,30
232,0615,21.9,27.7,16.9,30
232,0616,22.0,27.8,17.0,30
232,0617,22.0,27.7,17.1,30
232,0618,22.0,27.7,17.2,30
232,0619,22.1,27.7,17.3,30
232,0620,22.2,27.7,17.5,30
232,0621,22.3,27.8,17.6,30
232,0622,22.4,27.9,17.7,30
232,0623,22.5,27.9,18.0,30
232,0624,22.6,27.8,18.2,30
232,0625,22.7,27.9,18.4,30
232,0626,22.8,27.9,18.6,30
232,0627,22.9,28.0,18.8,30
232,0628,23.1,28.0,18.9,30
232,0629,23.1,28.1,19.0,30
232,0630,23.2,28.1,19.2,30
232,0701,23.3,28.2,19.3,30
232,0702,23.5,28.3,19.5,30
232,0703,23.6,28.4,19.7,30
232,0704,23.7,28.4,19.8,30
232,0705,23.8,28.5,20.0,30
232,0706,23.9,28.4,20.1,30
232,0707,24.0,28.5,20.2,30
232,0708,24.1,28.6,20.3,30
232,0709,24.1,28.7,20.4,30
232,0710,24.2,28.7,20.4,30
232,0711,24.2,28.8,20.5,30
232,0712,24.3,28.9,20.6,30
232,0713,24.5,29.0,20.7,30
232,0714,24.6,29.1,20.9,30
232,0715,24.7,29.2,21.1,30
232,0716,24.8,29.3,21.2,30
232,0717,24.9,29.4,21.3,30
232,0718,25.0,29.5,21.5,30
232,0719,25.2,29.7,21.6,30
232,0720,25.3,29.8,21.7,30
232,0721,25.4,30.0,21.8,30
232,0722,25.5,30.1,21.9,30
232,0723,25.7,30.2,22.0,30
232,0724,25.8,30.4,22.1,30
232,0725,26.0,30.7,22.2,30
232,0726,26.1,30.8,22.4,30
232,0727,26.2,30.9,22.5,30
232,0728,26.2,30.9,22.5,30
232,0729,26.3,31.0,22.5,30
232,0730,26.3,31.1,22.5,30
232,0731,26.4,31.2,22.5,30
232,0801,26.4,31.2,22.5,30
232,0802,26.4,31.3,22.5,30
232,0803,26.4,31.3,22.5,30
232,0804,26.4,31.3,22.5,30
232,0805,26.3,31.2,22.5,30
232,0806,26.3,31.3,22.4,30
232,0807,26.3,31.2,22.4,30
232,0808,26.2,31.2,22.3,30
232,0809,26.1,31.1,22.2,30
232,0810,26.0,30.9,22.1,30
232,0811,25.9,30.9,22.1,30
232,0812,25.9,30.8,22.0,30
232,0813,25.7,30.7,21.9,30
232,0814,25.6,30.5,21.8,30
232,0815,25.5,30.5,21.7,30
232,0816,25.4,30.3,21.5,30
232,0817,25.3,30.2,21.4,30
232,0818,25.1,30.0,21.2,30
232,0819,25.0,29.9,21.1,30
232,0820,24.8,29.7,20.9,30
232,0821,24.7,29.6,20.8,30
232,0822,24.5,29.5,20.6,30
232,0823,24.3,29.3,20.4,30
232,0824,24.2,29.2,20.3,30
232,0825,24.1,29.1,20.1,30
232,0826,23.9,28.9,19.9,30
232,0827,23.7,28.8,19.7,30
232,0828,23.6,28.7,19.5,30
232,0829,23.4,28.5,19.3,30
232,0830,23.2,28.4,19.1,30
232,0831,23.0,28.3,18.9,30
232,0901,22.9,28.2,18.7,30
232,0902,22.7,28.1,18.5,30
232,0903,22.6,28.0,18.2,30
232,0904,22.4,27.9,18.0,30
232,0905,22.2,27.7,17.8,30
232,0906,22.0,27.5,17.6,30
232,0907,21.8,27.4,17.3,30
232,0908,21.7,27.3,17.2,30
232,0909,21.5,27.1,16.9,30
232,0910,21.3,27.0,16.7,30
232,0911,21.1,26.8,16.5,30
232,0912,20.9,26.7,16.2,30
232,0913,20.7,26.5,15.9,30
232,0914,20.5,26.4,15.7,30
232,0915,20.3,26.2,15.4,30
232,0916,20.1,26.0,15.1,30
232,0917,19.9,25.9,14.9,30
232,0918,19.7,25.7,14.6,30
232,0919,19.5,25.6,14.3,30
232,0920,19.3,25.5,14.1,30
232,0921,19.1,25.3,13.8,30
232,0922,18.9,25.2,13.6,30
232,0923,18.7,24.9,13.3,30
232,0924,18.4,24.8,13.1,30
232,0925,18.2,24.5,12.9,30
232,0926,18.0,24.3,12.6,30
232,0927,17.7,24.1,12.3,30
232,0928,17.5,23.9,12.0,30
232,0929,17.3,23.8,11.8,30
232,0930,17.1,23.6,11.6,30
232,1001,16.9,23.4,11.3,30
232,1002,16.6,23.3,11.0,30
232,1003,16.4,23.1,10.8,30
232,1004,16.2,22.9,10.5,30
232,1005,16.0,22.7,10.3,30
232,1006,15.7,22.5,9.9,30
232,1007,15.4,22.3,9.6,30
232,1008,15.2,22.1,9.3,30
232,1009,14.9,21.9,8.9,30
232,1010,14.7,21.7,8.6,30
232,1011,14.4,21.6,8.3,30
232,1012,14.2,21.4,8.1,30
232,1013,14.1,21.3,8.0,30
232,1014,13.9,21.2,7.8,30
232,1015,13.7,21.0,7.6,30
232,1016,13.5,20.8,7.4,30
232,1017,13.3,20.5,7.2,30
232,1018,13.1,20.3,6.9,30
232,1019,12.8,20.0,6.6,30
232,1020,12.6,19.8,6.4,30
232,1021,12.4,19.6,6.2,30
232,1022,12.1,19.3,6.0,30
232,1023,11.9,19.0,5.7,30
232,1024,11.6,18.8,5.4,30
232,1025,11.4,18.5,5.2,30
232,1026,11.1,18.2,5.0,30
232,1027,10.8,17.9,4.7,30
232,1028,10.5,17.7,4.4,30
232,1029,10.3,17.5,4.1,30
232,1030,10.2,17.3,4.0,30
232,1031,10.0,17.1,3.8,30
232,1101,9.8,16.8,3.7,30
232,1102,9.6,16.6,3.5,30
232,1103,9.5,16.4,3.4,30
232,1104,9.3,16.1,3.3,30
232,1105,9.1,15.9,3.1,30
232,1106,9.0,15.7,3.0,30
232,1107,8.8,15.5,2.9,30
232,1108,8.6,15.2,2.8,30
232,1109,8.4,14.9,2.5,30
232,1110,8.2,14.7,2.4,30
232,1111,7.9,14.3,2.2,30
232,1112,7.6,13.9,2.0,30
232,1113,7.3,13.4,1.8,30
232,1114,6.9,12.9,1.4,30
232,1115,6.5,12.6,1.0,30
232,1116,6.2,12.3,0.7,30
232,1117,6.0,12.0,0.5,30
232,1118,5.7,11.8,0.2,30
232,1119,5.4,11.4,-0.0,30
232,1120,5.1,11.1,-0.2,30
232,1121,4.8,10.8,-0.4,30
232,1122,4.6,10.5,-0.6,30
232,1123,4.4,10.3,-0.8,30
232,1124,4.2,10.1,-0.9,30
232,1125,4.0,9.9,-1.2,30
232,1126,3.8,9.7,-1.4,30
232,1127,3.5,9.4,-1.6,30
232,1128,3.3,9.1,-1.8,30
232,1129,3.0,8.8,-2.0,30
232,1130,2.8,8.5,-2.1,30
232,1201,2.6,8.1,-2.3,30
232,1202,2.3,7.8,-2.5,30
232,1203,2.1,7.6,-2.7,30
232,1204,1.9,7.3,-2.9,30
232,1205,1.6,7.0,-3.3,30
232,1206,1.4,6.7,-3.5,30
232,1207,1.1,6.4,-3.9,30
232,1208,0.8,6.1,-4.1,30
232,1209,0.6,5.8,-4.3,30
232,1210,0.4,5.5,-4.5,30
232,1211,0.2,5.3,-4.6,30
232,1212,0.1,5.2,-4.8,30
232,1213,-0.0,5.1,-4.9,30
232,1214,-0.1,5.1,-5.0,30
232,1215,-0.2,5.2,-5.1,30
232,1216,-0.2,5.2,-5.2,30
232,1217,-0.3,5.1,-5.2,30
232,1218,-0.4,4.9,-5.3,30
232,1219,-0.6,4.8,-5.5,30
232,1220,-0.7,4.7,-5.6,30
232,1221,-0.8,4.6,-5.7,30
232,1222,-0.9,4.5,-5.8,30
232,1223,-1.1,4.4,-6.0,30
232,1224,-1.2,4.3,-6.2,30
232,1225,-1.3,4.2,-6.3,30
232,1226,-1.3,4.2,-6.3,30
232,1227,-1.4,4.2,-6.4,30
232,1228,-1.5,4.0,-6.5,30
232,1229,-1.7,3.9,-6.6,30
232,1230,-1.8,3.7,-6.8,30
232,1231,-2.0,3.5,-7.0,30
235,0101,0.3,4.8,-3.8,30
235,0102,0.2,4.7,-3.9,30
235,0103,0.1,4.6,-4.0,30
235,0104,0.1,4.5,-4.0,30
235,0105,0.0,4.5,-4.1,30
235,0106,-0.0,4.5,-4.0,30
235,0107,-0.0,4.4,-4.1,30
235,0108,-0.1,4.4,-4.1,30
235,0109,-0.1,4.3,-4.1,30
235,0110,-0.2,4.3,-4.2,30
235,0111,-0.2,4.2,-4.2,30
235,0112,-0.2,4.2,-4.2,30
235,0113,-0.2,4.2,-4.1,30
235,0114,-0.2,4.2,-4.2,30
235,0115,-0.3,4.1,-4.2,30
235,0116,-0.3,4.1,-4.2,30
235,0117,-0.4,4.0,-4.3,30
235,0118,-0.4,4.0,-4.4,30
235,0119,-0.4,4.0,-4.4,30
235,0120,-0.5,4.0,-4.5,30
235,0121,-0.5,4.0,-4.5,30
235,0122,-0.5,4.1,-4.6,30
235,0123,-0.5,4.1,-4.5,30
235,0124,-0.5,4.1,-4.6,30
235,0125,-0.5,4.1,-4.7,30
235,0126,-0.6,4.0,-4.7,30
235,0127,-0.6,4.0,-4.8,30
235,0128,-0.7,4.0,-4.8,30
235,0129,-0.6,4.0,-4.8,30
235,0130,-0.6,4.1,-4.8,30
235,0131,-0.5,4.3,-4.8,30
235,0201,-0.4,4.4,-4.7,30
235,0202,-0.4,4.4,-4.6,30
235,0203,-0.3,4.5,-4.5,30
235,0204,-0.2,4.6,-4.5,30
235,0205,-0.1,4.7,-4.4,30
235,0206,0.0,4.8,-4.3,30
235,0207,0.2,5.0,-4.2,30
235,0208,0.3,5.1,-4.0,30
235,0209,0.4,5.2,-3.9,30
235,0210,0.5,5.3,-3.8,30
235,0211,0.7,5.5,-3.7,30
235,0212,0.8,5.7,-3.6,30
235,0213,0.9,5.8,-3.5,30
235,0214,1.0,6.0,-3.5,30
235,0215,1.2,6.1,-3.3,30
235,0216,1.3,6.3,-3.2,30
235,0217,1.5,6.6,-3.1,30
235,0218,1.7,6.8,-3.0,30
235,0219,1.9,7.0,-2.8,30
235,0220,2.0,7.2,-2.7,30
235,0221,2.2,7.4,-2.5,30
235,0222,2.2,7.4,-2.5,30
235,0223,2.3,7.5,-2.4,30
235,0224,2.4,7.6,-2.4,30
235,0225,2.6,7.9,-2.2,30
235,0226,2.9,8.1,-2.0,30
235,0227,3.0,8.3,-1.8,30
235,0228,3.2,8.4,-1.6,30
235,0229,3.3,8.5,-1.5,0
235,0301,3.4,8.7,-1.4,30
235,0302,3.6,8.9,-1.3,30
235,0303,3.7,8.9,-1.1,30
235,0304,3.8,9.0,-1.1,30
235,0305,3.9,9.1,-1.0,30
235,0306,4.0,9.2,-0.9,30
235,0307,4.1,9.3,-0.8,30
235,0308,4.2,9.5,-0.8,30
235,0309,4.4,9.7,-0.6,30
235,0310,4.7,9.9,-0.4,30
235,0311,4.9,10.1,-0.2,30
235,0312,5.0,10.3,-0.1,30
235,0313,5.2,10.5,0.0,30
235,0314,5.3,10.6,0.2,30
235,0315,5.5,10.8,0.3,30
235,0316,5.6,11.0,0.5,30
235,0317,5.7,11.0,0.6,30
235,0318,5.8,11.2,0.7,30
235,0319,6.0,11.4,0.8,30
235,0320,6.2,11.6,1.0,30
235,0321,6.3,11.7,1.1,30
235,0322,6.5,11.9,1.3,30
235,0323,6.6,12.0,1.4,30
235,0324,6.7,12.2,1.5,30
235,0325,6.9,12.4,1.6,30
235,0326,7.0,12.5,1.8,30
235,0327,7.1,12.6,1.9,30
235,0328,7.3,12.8,2.0,30
235,0329,7.4,13.0,2.1,30
235,0330,7.6,13.3,2.3,30
235,0331,7.9,13.5,2.5,30
235,0401,8.1,13.8,2.7,30
235,0402,8.4,14.1,2.9,30
235,0403,8.7,14.4,3.2,30
235,0404,8.8,14.6,3.4,30
235,0405,9.0,14.8,3.7,30
235,0406,9.2,14.9,3.8,30
235,0407,9.4,15.1,4.0,30
235,0408,9.5,15.3,4.2,30
235,0409,9.7,15.4,4.3,30
235,0410,9.9,15.7,4.4,30
235,0411,10.2,15.9,4.7,30
235,0412,10.4,16.1,4.9,30
235,0413,10.6,16.3,5.2,30
235,0414,10.9,16.5,5.5,30
235,0415,11.1,16.7,5.7,30
235,0416,11.2,16.9,5.9,30
235,0417,11.4,17.0,6.0,30
235,0418,11.5,17.1,6.1,30
235,0419,11.6,17.3,6.2,30
235,0420,11.8,17.4,6.4,30
235,0421,12.0,17.7,6.6,30
235,0422,12.3,17.9,6.9,30
235,0423,12.6,18.2,7.2,30
235,0424,12.9,18.4,7.6,30
235,0425,13.2,18.7,7.9,30
235,0426,13.3,18.8,8.1,30
235,0427,13.5,19.0,8.2,30
235,0428,13.7,19.3,8.4,30
235,0429,13.8,19.4,8.5,30
235,0430,14.1,19.6,8.7,30
235,0501,14.3,19.8,8.9,30
235,0502,14.5,20.0,9.2,30
235,0503,14.7,20.1,9.4,30
235,0504,14.9,20.3,9.7,30
235,0505,15.0,20.4,10.0,30
235,0506,15.2,20.5,10.2,30
235,0507,15.3,20.6,10.3,30
235,0508,15.4,20.7,10.4,30
235,0509,15.4,20.8,10.5,30
235,0510,15.5,20.8,10.6,30
235,0511,15.6,20.9,10.8,30
235,0512,15.8,20.9,11.0,30
235,0513,15.8,21.0,11.1,30
235,0514,16.0,21.1,11.2,30
235,0515,16.1,21.3,11.4,30
235,0516,16.3,21.5,11.6,30
235,0517,16.5,21.6,11.8,30
235,0518,16.7,21.8,12.0,30
235,0519,16.9,22.0,12.2,30
235,0520,17.0,22.2,12.3,30
235,0521,17.3,22.5,12.5,30
235,0522,17.4,22.7,12.6,30
235,0523,17.6,22.8,12.8,30
235,0524,17.7,23.0,12.9,30
235,0525,17.9,23.2,13.0,30
235,0526,18.1,23.4,13.2,30
235,0527,18.2,23.6,13.3,30
235,0528,18.4,23.7,13.6,30
235,0529,18.6,23.9,13.8,30
235,0530,18.7,24.1,14.0,30
235,0531,18.8,24.2,14.1,30
235,0601,19.0,24.3,14.3,30
235,0602,19.2,24.5,14.5,30
235,0603,19.4,24.6,14.8,30
235,0604,19.5,24.8,15.0,30
235,0605,19.7,24.8,15.2,30
235,0606,19.8,24.9,15.4,30
235,0607,20.0,25.1,15.6,30
235,0608,20.2,25.2,15.8,30
235,0609,20.3,25.3,16.1,30
235,0610,20.5,25.4,16.3,30
235,0611,20.6,25.5,16.4,30
235,0612,20.8,25.6,16.6,30
235,0613,20.9,25.7,16.8,30
235,0614,21.0,25.7,17.0,30
235,0615,21.1,25.8,17.2,30
235,0616,21.2,25.9,17.3,30
235,0617,21.3,25.9,17.4,30
235,0618,21.4,25.9,17.5,30
235,0619,21.5,26.0,17.7,30
235,0620,21.6,26.0,17.9,30
235,0621,21.7,26.1,18.0,30
235,0622,21.8,26.2,18.2,30
235,0623,21.9,26.2,18.4,30
235,0624,22.0,26.2,18.6,30
235,0625,22.2,26.2,18.9,30
235,0626,22.3,26.3,19.0,30
235,0627,22.4,26.4,19.2,30
235,0628,22.5,26.5,19.4,30
235,0629,22.6,26.5,19.5,30
235,0630,22.7,26.6,19.6,30
235,0701,22.9,26.7,19.8,30
235,0702,23.1,26.9,20.0,30
235,0703,23.2,27.0,20.1,30
235,0704,23.3,27.1,20.3,30
235,0705,23.4,27.2,20.4,30
235,0706,23.6,27.2,20.6,30
235,0707,23.7,27.3,20.8,30
235,0708,23.8,27.4,20.9,30
235,0709,23.9,27.5,21.0,30
235,0710,23.9,27.6,21.0,30
235,0711,24.1,27.7,21.1,30
235,0712,24.2,27.9,21.2,30
235,0713,24.4,28.0,21.4,30
235,0714,24.5,28.1,21.6,30
235,0715,24.6,28.2,21.8,30
235,0716,24.7,28.3,21.9,30
235,0717,24.8,28.4,22.0,30
235,0718,25.0,28.5,22.2,30
235,0719,25.1,28.6,22.3,30
235,0720,25.2,28.8,22.4,30
235,0721,25.4,29.0,22.5,30
235,0722,25.5,29.1,22.6,30
235,0723,25.7,29.3,22.8,30
235,0724,25.8,29.4,22.9,30
235,0725,26.0,29.6,23.1,30
235,0726,26.1,29.7,23.2,30
235,0727,26.2,29.8,23.3,30
235,0728,26.3,29.9,23.4,30
235,0729,26.4,30.0,23.4,30
235,0730,26.5,30.2,23.4,30
235,0731,26.5,30.3,23.5,30
235,0801,26.6,30.4,23.5,30
235,0802,26.7,30.5,23.5,30
235,0803,26.7,30.5,23.5,30
235,0804,26.7,30.6,23.5,30
235,0805,26.7,30.6,23.5,30
235,0806,26.7,30.6,23.5,30
235,0807,26.7,30.6,23.4,30
235,0808,26.6,30.6,23.4,30
235,0809,26.6,30.5,23.3,30
235,0810,26.5,30.5,23.2,30
235,0811,26.4,30.4,23.1,30
235,0812,26.4,30.4,23.0,30
235,0813,26.3,30.3,22.9,30
235,0814,26.1,30.2,22.8,30
235,0815,26.0,30.1,22.7,30
235,0816,25.9,29.9,22.5,30
235,0817,25.8,29.8,22.4,30
235,0818,25.6,29.7,22.3,30
235,0819,25.5,29.5,22.1,30
235,0820,25.4,29.4,22.0,30
235,0821,25.3,29.3,21.8,30
235,0822,25.1,29.2,21.6,30
235,0823,25.0,29.1,21.5,30
235,0824,24.8,29.0,21.3,30
235,0825,24.7,28.9,21.1,30
235,0826,24.6,28.8,21.0,30
235,0827,24.4,28.7,20.8,30
235,0828,24.3,28.6,20.6,30
235,0829,24.1,28.5,20.4,30
235,0830,23.9,28.3,20.2,30
235,0831,23.8,28.2,20.1,30
235,0901,23.7,28.1,19.9,30
235,0902,23.5,28.0,19.7,30
235,0903,23.3,27.9,19.5,30
235,0904,23.2,27.7,19.3,30
235,0905,23.0,27.6,19.1,30
235,0906,22.8,27.4,18.9,30
235,0907,22.7,27.3,18.7,30
235,0908,22.5,27.2,18.6,30
235,0909,22.3,27.0,18.4,30
235,0910,22.2,26.9,18.2,30
235,0911,22.0,26.8,18.0,30
235,0912,21.8,26.7,17.7,30
235,0913,21.7,26.5,17.5,30
235,0914,21.5,26.4,17.3,30
235,0915,21.3,26.2,17.1,30
235,0916,21.1,26.1,16.8,30
235,0917,20.9,26.0,16.6,30
235,0918,20.8,25.8,16.4,30
235,0919,20.6,25.7,16.2,30
235,0920,20.4,25.6,15.9,30
235,0921,20.3,25.5,15.7,30
235,0922,20.1,25.3,15.5,30
235,0923,19.9,25.1,15.3,30
235,0924,19.7,25.0,15.1,30
235,0925,19.4,24.7,14.8,30
235,0926,19.2,24.5,14.6,30
235,0927,19.0,24.3,14.4,30
235,0928,18.7,24.1,14.1,30
235,0929,18.6,24.0,13.9,30
235,0930,18.4,23.8,13.7,30
235,1001,18.2,23.7,13.5,30
235,1002,18.0,23.5,13.2,30
235,1003,17.9,23.4,13.0,30
235,1004,17.7,23.2,12.8,30
235,1005,17.4,22.9,12.6,30
235,1006,17.2,22.7,12.3,30
235,1007,16.9,22.5,12.0,30
235,1008,16.7,22.3,11.7,30
235,1009,16.5,22.1,11.5,30
235,1010,16.3,21.9,11.2,30
235,1011,16.0,21.8,11.0,30
235,1012,15.9,21.6,10.8,30
235,1013,15.7,21.5,10.7,30
235,1014,15.6,21.3,10.5,30
235,1015,15.4,21.1,10.3,30
235,1016,15.2,20.9,10.2,30
235,1017,15.0,20.7,10.0,30
235,1018,14.8,20.5,9.8,30
235,1019,14.6,20.2,9.5,30
235,1020,14.3,20.0,9.3,30
235,1021,14.1,19.8,9.1,30
235,1022,13.9,19.6,8.9,30
235,1023,13.7,19.3,8.7,30
235,1024,13.4,19.1,8.5,30
235,1025,13.2,18.8,8.3,30
235,1026,13.0,18.5,8.0,30
235,1027,12.7,18.3,7.8,30
235,1028,12.5,18.0,7.5,30
235,1029,12.2,17.8,7.3,30
235,1030,12.1,17.7,7.2,30
235,1031,12.0,17.5,7.0,30
235,1101,11.7,17.2,6.8,30
235,1102,11.5,17.0,6.6,30
235,1103,11.4,16.8,6.5,30
235,1104,11.3,16.6,6.4,30
235,1105,11.1,16.4,6.2,30
235,1106,11.0,16.2,6.1,30
235,1107,10.8,16.0,6.0,30
235,1108,10.6,15.8,5.9,30
235,1109,10.4,15.6,5.6,30
235,1110,10.2,15.4,5.5,30
235,1111,10.0,15.0,5.3,30
235,1112,9.7,14.7,5.1,30
235,1113,9.4,14.3,4.8,30
235,1114,9.0,13.9,4.4,30
235,1115,8.6,13.5,4.1,30
235,1116,8.4,13.3,3.9,30
235,1117,8.1,13.1,3.7,30
235,1118,7.9,12.8,3.4,30
235,1119,7.6,12.6,3.1,30
235,1120,7.3,12.3,2.9,30
235,1121,7.0,12.0,2.6,30
235,1122,6.8,11.7,2.4,30
235,1123,6.6,11.6,2.2,30
235,1124,6.4,11.3,2.0,30
235,1125,6.2,11.1,1.8,30
235,1126,6.0,10.9,1.6,30
235,1127,5.7,10.6,1.4,30
235,1128,5.5,10.3,1.1,30
235,1129,5.3,10.1,0.9,30
235,1130,5.0,9.8,0.7,30
235,1201,4.8,9.5,0.5,30
235,1202,4.5,9.2,0.3,30
235,1203,4.3,8.9,0.1,30
235,1204,4.0,8.6,-0.2,30
235,1205,3.8,8.4,-0.4,30
235,1206,3.6,8.1,-0.6,30
235,1207,3.3,7.8,-0.9,30
235,1208,3.1,7.6,-1.0,30
235,1209,2.9,7.3,-1.2,30
235,1210,2.7,7.1,-1.4,30
235,1211,2.5,6.9,-1.6,30
235,1212,2.4,6.8,-1.6,30
235,1213,2.3,6.7,-1.7,30
235,1214,2.3,6.7,-1.8,30
235,1215,2.2,6.7,-1.9,30
235,1216,2.2,6.6,-1.9,30
235,1217,2.1,6.6,-2.0,30
235,1218,1.9,6.5,-2.1,30
235,1219,1.8,6.3,-2.2,30
235,1220,1.7,6.2,-2.4,30
235,1221,1.6,6.1,-2.5,30
235,1222,1.5,6.0,-2.6,30
235,1223,1.3,5.9,-2.7,30
235,1224,1.2,5.7,-2.9,30
235,1225,1.1,5.7,-3.0,30
235,1226,1.1,5.7,-3.0,30
235,1227,1.0,5.6,-3.1,30
235,1228,0.9,5.5,-3.3,30
235,1229,0.7,5.3,-3.4,30
235,1230,0.6,5.2,-3.6,30
235,1231,0.4,5.0,-3.7,30
236,0101,-1.3,4.8,-6.3,30
236,0102,-1.4,4.6,-6.4,30
236,0103,-1.5,4.6,-6.5,30
236,0104,-1.5,4.5,-6.5,30
236,0105,-1.5,4.5,-6.6,30
236,0106,-1.5,4.4,-6.6,30
236,0107,-1.5,4.4,-6.6,30
236,0108,-1.5,4.4,-6.5,30
236,0109,-1.5,4.4,-6.5,30
236,0110,-1.5,4.4,-6.5,30
236,0111,-1.5,4.3,-6.5,30
236,0112,-1.5,4.3,-6.5,30
236,0113,-1.4,4.4,-6.4,30
236,0114,-1.5,4.3,-6.4,30
236,0115,-1.5,4.3,-6.4,30
236,0116,-1.5,4.2,-6.4,30
236,0117,-1.6,4.2,-6.5,30
236,0118,-1.6,4.2,-6.6,30
236,0119,-1.6,4.2,-6.5,30
236,0120,-1.6,4.2,-6.6,30
236,0121,-1.6,4.3,-6.6,30
236,0122,-1.6,4.3,-6.6,30
236,0123,-1.6,4.3,-6.7,30
236,0124,-1.6,4.4,-6.7,30
236,0125,-1.6,4.4,-6.7,30
236,0126,-1.6,4.4,-6.8,30
236,0127,-1.6,4.4,-6.8,30
236,0128,-1.7,4.4,-6.9,30
236,0129,-1.6,4.5,-6.9,30
236,0130,-1.6,4.7,-6.9,30
236,0131,-1.5,4.9,-6.9,30
236,0201,-1.3,5.0,-6.7,30
236,0202,-1.2,5.0,-6.6,30
236,0203,-1.2,5.1,-6.5,30
236,0204,-1.0,5.3,-6.4,30
236,0205,-0.9,5.4,-6.3,30
236,0206,-0.8,5.6,-6.2,30
236,0207,-0.6,5.8,-6.0,30
236,0208,-0.4,5.9,-5.8,30
236,0209,-0.3,6.0,-5.6,30
236,0210,-0.1,6.2,-5.5,30
236,0211,0.1,6.4,-5.4,30
236,0212,0.2,6.5,-5.2,30
236,0213,0.4,6.8,-5.1,30
236,0214,0.5,6.9,-5.0,30
236,0215,0.7,7.0,-4.9,30
236,0216,0.8,7.3,-4.8,30
236,0217,1.0,7.6,-4.6,30
236,0218,1.2,7.9,-4.4,30
236,0219,1.4,8.1,-4.2,30
236,0220,1.6,8.3,-4.1,30
236,0221,1.8,8.5,-3.9,30
236,0222,1.9,8.5,-3.8,30
236,0223,2.0,8.7,-3.7,30
236,0224,2.1,8.8,-3.6,30
236,0225,2.3,9.1,-3.5,30
236,0226,2.6,9.4,-3.3,30
236,0227,2.8,9.6,-3.0,30
236,0228,3.0,9.7,-2.8,30
236,0229,3.1,9.8,-2.6,0
236,0301,3.2,10.0,-2.5,30
236,0302,3.4,10.2,-2.4,30
236,0303,3.5,10.2,-2.2,30
236,0304,3.6,10.3,-2.2,30
236,0305,3.7,10.5,-2.2,30
236,0306,3.8,10.7,-2.1,30
236,0307,3.9,10.9,-2.1,30
236,0308,4.1,11.0,-2.0,30
236,0309,4.3,11.2,-1.9,30
236,0310,4.5,11.5,-1.7,30
236,0311,4.7,11.7,-1.5,30
236,0312,4.9,12.0,-1.3,30
236,0313,5.1,12.2,-1.1,30
236,0314,5.4,12.5,-1.0,30
236,0315,5.6,12.7,-0.8,30
236,0316,5.8,12.9,-0.6,30
236,0317,5.9,13.0,-0.4,30
236,0318,6.0,13.2,-0.3,30
236,0319,6.2,13.4,-0.1,30
236,0320,6.5,13.7,0.1,30
236,0321,6.7,13.8,0.3,30
236,0322,6.9,14.0,0.5,30
236,0323,7.0,14.2,0.6,30
236,0324,7.2,14.4,0.7,30
236,0325,7.3,14.6,0.8,30
236,0326,7.5,14.7,0.9,30
236,0327,7.6,14.9,1.0,30
236,0328,7.8,15.0,1.1,30
236,0329,7.9,15.3,1.2,30
236,0330,8.1,15.5,1.3,30
236,0331,8.4,15.8,1.6,30
236,0401,8.7,16.2,1.8,30
236,0402,9.0,16.6,2.1,30
236,0403,9.2,16.8,2.3,30
236,0404,9.5,17.0,2.6,30
236,0405,9.7,17.1,2.8,30
236,0406,9.9,17.3,3.0,30
236,0407,10.0,17.5,3.1,30
236,0408,10.2,17.8,3.3,30
236,0409,10.5,18.1,3.5,30
236,0410,10.7,18.3,3.7,30
236,0411,10.9,18.6,3.9,30
236,0412,11.2,18.8,4.2,30
236,0413,11.4,18.9,4.5,30
236,0414,11.7,19.2,4.8,30
236,0415,11.9,19.3,5.0,30
236,0416,12.0,19.4,5.3,30
236,0417,12.2,19.6,5.4,30
236,0418,12.3,19.8,5.5,30
236,0419,12.4,19.9,5.6,30
236,0420,12.6,20.1,5.8,30
236,0421,12.8,20.4,5.9,30
236,0422,13.0,20.5,6.2,30
236,0423,13.3,20.7,6.5,30
236,0424,13.6,20.9,6.9,30
236,0425,13.9,21.2,7.3,30
236,0426,14.1,21.3,7.5,30
236,0427,14.3,21.6,7.7,30
236,0428,14.5,21.9,7.9,30
236,0429,14.7,22.0,8.1,30
236,0430,14.9,22.2,8.2,30
236,0501,15.1,22.4,8.4,30
236,0502,15.3,22.6,8.7,30
236,0503,15.5,22.7,9.0,30
236,0504,15.7,22.9,9.2,30
236,0505,15.9,23.0,9.5,30
236,0506,16.1,23.1,9.8,30
236,0507,16.3,23.3,10.0,30
236,0508,16.4,23.4,10.1,30
236,0509,16.5,23.4,10.3,30
236,0510,16.5,23.5,10.4,30
236,0511,16.7,23.6,10.5,30
236,0512,16.8,23.6,10.7,30
236,0513,16.9,23.7,10.9,30
236,0514,17.0,23.9,11.0,30
236,0515,17.2,24.1,11.2,30
236,0516,17.3,24.2,11.4,30
236,0517,17.5,24.4,11.5,30
236,0518,17.7,24.6,11.8,30
236,0519,17.9,24.8,12.0,30
236,0520,18.1,25.0,12.1,30
236,0521,18.3,25.2,12.3,30
236,0522,18.5,25.4,12.5,30
236,0523,18.6,25.5,12.6,30
236,0524,18.8,25.7,12.6,30
236,0525,18.9,25.9,12.8,30
236,0526,19.1,26.1,13.0,30
236,0527,19.3,26.2,13.1,30
236,0528,19.5,26.4,13.4,30
236,0529,19.7,26.5,13.6,30
236,0530,19.8,26.7,13.9,30
236,0531,20.0,26.8,14.1,30
236,0601,20.1,26.9,14.3,30
236,0602,20.4,27.1,14.5,30
236,0603,20.5,27.2,14.7,30
236,0604,20.7,27.4,15.0,30
236,0605,20.9,27.5,15.2,30
236,0606,21.0,27.5,15.4,30
236,0607,21.2,27.7,15.7,30
236,0608,21.3,27.7,15.9,30
236,0609,21.5,27.8,16.1,30
236,0610,21.7,27.9,16.4,30
236,0611,21.8,28.0,16.6,30
236,0612,21.9,28.1,16.7,30
236,0613,22.0,28.2,16.9,30
236,0614,22.1,28.2,17.1,30
236,0615,22.2,28.3,17.3,30
236,0616,22.3,28.3,17.5,30
236,0617,22.4,28.3,17.6,30
236,0618,22.4,28.2,17.7,30
236,0619,22.5,28.2,17.8,30
236,0620,22.5,28.2,18.0,30
236,0621,22.7,28.3,18.2,30
236,0622,22.8,28.4,18.3,30
236,0623,22.9,28.3,18.6,30
236,0624,23.0,28.2,18.8,30
236,0625,23.0,28.2,19.0,30
236,0626,23.1,28.2,19.2,30
236,0627,23.2,28.2,19.4,30
236,0628,23.3,28.3,19.5,30
236,0629,23.4,28.3,19.7,30
236,0630,23.5,28.3,19.8,30
236,0701,23.6,28.4,19.9,30
236,0702,23.8,28.5,20.1,30
236,0703,23.9,28.5,20.2,30
236,0704,24.0,28.6,20.4,30
236,0705,24.1,28.6,20.5,30
236,0706,24.1,28.6,20.7,30
236,0707,24.2,28.6,20.8,30
236,0708,24.3,28.7,20.9,30
236,0709,24.4,28.8,21.0,30
236,0710,24.4,28.9,21.0,30
236,0711,24.5,29.0,21.1,30
236,0712,24.6,29.1,21.2,30
236,0713,24.8,29.2,21.3,30
236,0714,24.9,29.3,21.5,30
236,0715,25.0,29.5,21.6,30
236,0716,25.1,29.6,21.7,30
236,0717,25.3,29.7,21.9,30
236,0718,25.4,29.8,22.0,30
236,0719,25.6,30.0,22.1,30
236,0720,25.7,30.3,22.2,30
236,0721,25.9,30.4,22.3,30
236,0722,26.0,30.6,22.5,30
236,0723,26.1,30.8,22.6,30
236,0724,26.3,31.0,22.7,30
236,0725,26.5,31.2,22.8,30
236,0726,26.6,31.3,23.0,30
236,0727,26.7,31.4,23.0,30
236,0728,26.7,31.5,23.1,30
236,0729,26.8,31.6,23.1,30
236,0730,26.8,31.7,23.1,30
236,0731,26.9,31.7,23.1,30
236,0801,26.9,31.8,23.1,30
236,0802,26.9,31.9,23.1,30
236,0803,26.9,31.9,23.1,30
236,0804,26.9,31.9,23.1,30
236,0805,26.9,31.8,23.1,30
236,0806,26.8,31.8,23.0,30
236,0807,26.8,31.8,23.0,30
236,0808,26.7,31.7,22.9,30
236,0809,26.6,31.6,22.9,30
236,0810,26.5,31.6,22.7,30
236,0811,26.5,31.5,22.7,30
236,0812,26.4,31.4,22.6,30
236,0813,26.3,31.3,22.5,30
236,0814,26.2,31.2,22.4,30
236,0815,26.1,31.1,22.3,30
236,0816,25.9,30.9,22.2,30
236,0817,25.8,30.8,22.0,30
236,0818,25.6,30.6,21.9,30
236,0819,25.5,30.5,21.7,30
236,0820,25.3,30.3,21.6,30
236,0821,25.2,30.2,21.4,30
236,0822,25.0,30.1,21.2,30
236,0823,24.9,29.9,21.0,30
236,0824,24.7,29.8,20.8,30
236,0825,24.6,29.7,20.7,30
236,0826,24.4,29.6,20.5,30
236,0827,24.2,29.5,20.3,30
236,0828,24.1,29.4,20.1,30
236,0829,23.9,29.2,19.9,30
236,0830,23.7,29.1,19.7,30
236,0831,23.6,29.0,19.5,30
236,0901,23.4,28.9,19.3,30
236,0902,23.2,28.8,19.0,30
236,0903,23.1,28.7,18.8,30
236,0904,22.9,28.6,18.6,30
236,0905,22.7,28.4,18.4,30
236,0906,22.5,28.2,18.2,30
236,0907,22.3,28.1,18.0,30
236,0908,22.2,28.0,17.8,30
236,0909,22.0,27.8,17.6,30
236,0910,21.8,27.7,17.4,30
236,0911,21.7,27.6,17.1,30
236,0912,21.5,27.4,16.9,30
236,0913,21.3,27.3,16.6,30
236,0914,21.1,27.1,16.3,30
236,0915,20.8,27.0,16.1,30
236,0916,20.6,26.8,15.8,30
236,0917,20.4,26.7,15.6,30
236,0918,20.2,26.5,15.3,30
236,0919,20.0,26.4,15.0,30
236,0920,19.9,26.3,14.7,30
236,0921,19.7,26.2,14.5,30
236,0922,19.5,26.0,14.2,30
236,0923,19.2,25.7,14.0,30
236,0924,19.0,25.6,13.7,30
236,0925,18.7,25.4,13.4,30
236,0926,18.5,25.1,13.2,30
236,0927,18.2,24.9,12.9,30
236,0928,18.0,24.7,12.6,30
236,0929,17.8,24.6,12.3,30
236,0930,17.6,24.4,12.1,30
236,1001,17.4,24.3,11.9,30
236,1002,17.1,24.1,11.6,30
236,1003,16.9,24.0,11.4,30
236,1004,16.7,23.8,11.1,30
236,1005,16.5,23.5,10.8,30
236,1006,16.2,23.4,10.5,30
236,1007,15.9,23.2,10.1,30
236,1008,15.6,23.0,9.7,30
236,1009,15.3,22.8,9.4,30
236,1010,15.1,22.6,9.1,30
236,1011,14.8,22.5,8.8,30
236,1012,14.6,22.3,8.6,30
236,1013,14.5,22.2,8.3,30
236,1014,14.3,22.1,8.1,30
236,1015,14.1,21.9,7.9,30
236,1016,13.9,21.6,7.7,30
236,1017,13.6,21.4,7.5,30
236,1018,13.4,21.2,7.2,30
236,1019,13.1,20.9,7.0,30
236,1020,12.8,20.7,6.7,30
236,1021,12.6,20.4,6.5,30
236,1022,12.4,20.2,6.3,30
236,1023,12.2,19.9,6.0,30
236,1024,11.9,19.7,5.8,30
236,1025,11.7,19.4,5.6,30
236,1026,11.4,19.1,5.4,30
236,1027,11.1,18.8,5.1,30
236,1028,10.9,18.5,4.8,30
236,1029,10.6,18.4,4.5,30
236,1030,10.5,18.2,4.3,30
236,1031,10.3,18.0,4.2,30
236,1101,10.1,17.7,4.0,30
236,1102,9.9,17.5,3.9,30
236,1103,9.8,17.2,3.8,30
236,1104,9.7,17.0,3.7,30
236,1105,9.5,16.8,3.5,30
236,1106,9.3,16.6,3.4,30
236,1107,9.1,16.4,3.3,30
236,1108,8.9,16.1,3.1,30
236,1109,8.7,15.9,2.9,30
236,1110,8.5,15.6,2.7,30
236,1111,8.3,15.3,2.6,30
236,1112,8.0,14.9,2.4,30
236,1113,7.7,14.4,2.2,30
236,1114,7.3,14.0,1.8,30
236,1115,6.9,13.6,1.4,30
236,1116,6.7,13.4,1.1,30
236,1117,6.4,13.1,0.9,30
236,1118,6.1,12.9,0.6,30
236,1119,5.8,12.6,0.4,30
236,1120,5.6,12.2,0.2,30
236,1121,5.3,11.9,-0.0,30
236,1122,5.1,11.7,-0.2,30
236,1123,4.9,11.5,-0.4,30
236,1124,4.7,11.3,-0.5,30
236,1125,4.5,11.1,-0.7,30
236,1126,4.3,10.9,-0.9,30
236,1127,4.1,10.6,-1.1,30
236,1128,3.8,10.3,-1.3,30
236,1129,3.6,10.0,-1.5,30
236,1130,3.4,9.7,-1.7,30
236,1201,3.1,9.4,-1.8,30
236,1202,2.9,9.1,-2.1,30
236,1203,2.7,8.8,-2.3,30
236,1204,2.4,8.5,-2.5,30
236,1205,2.2,8.3,-2.8,30
236,1206,2.0,8.0,-3.0,30
236,1207,1.7,7.7,-3.3,30
236,1208,1.4,7.4,-3.5,30
236,1209,1.2,7.1,-3.7,30
236,1210,1.0,6.8,-3.8,30
236,1211,0.8,6.6,-4.0,30
236,1212,0.7,6.5,-4.1,30
236,1213,0.6,6.4,-4.2,30
236,1214,0.6,6.4,-4.3,30
236,1215,0.5,6.4,-4.4,30
236,1216,0.4,6.4,-4.5,30
236,1217,0.3,6.3,-4.5,30
236,1218,0.2,6.2,-4.6,30
236,1219,0.1,6.1,-4.8,30
236,1220,-0.1,6.0,-4.9,30
236,1221,-0.2,5.9,-5.0,30
236,1222,-0.3,5.8,-5.2,30
236,1223,-0.4,5.7,-5.3,30
236,1224,-0.5,5.6,-5.4,30
236,1225,-0.6,5.5,-5.6,30
236,1226,-0.6,5.5,-5.6,30
236,1227,-0.7,5.5,-5.7,30
236,1228,-0.8,5.4,-5.8,30
236,1229,-1.0,5.2,-6.0,30
236,1230,-1.1,5.0,-6.1,30
236,1231,-1.2,4.9,-6.2,30
238,0101,-2.1,4.5,-7.7,30
238,0102,-2.2,4.4,-7.8,30
238,0103,-2.3,4.3,-7.9,30
238,0104,-2.3,4.2,-8.0,30
238,0105,-2.3,4.2,-8.0,30
238,0106,-2.4,4.1,-8.0,30
238,0107,-2.4,4.0,-8.0,30
238,0108,-2.4,4.1,-7.9,30
238,0109,-2.4,4.1,-7.9,30
238,0110,-2.4,4.0,-7.9,30
238,0111,-2.5,3.9,-8.0,30
238,0112,-2.5,4.0,-8.0,30
238,0113,-2.4,4.0,-7.8,30
238,0114,-2.4,3.9,-7.8,30
238,0115,-2.4,3.9,-7.8,30
238,0116,-2.4,3.8,-7.8,30
238,0117,-2.5,3.7,-7.8,30
238,0118,-2.5,3.7,-7.9,30
238,0119,-2.5,3.7,-7.9,30
238,0120,-2.5,3.7,-7.9,30
238,0121,-2.5,3.8,-7.9,30
238,0122,-2.5,3.9,-7.9,30
238,0123,-2.4,3.9,-7.9,30
238,0124,-2.4,4.0,-7.9,30
238,0125,-2.4,4.0,-7.9,30
238,0126,-2.4,4.0,-8.0,30
238,0127,-2.5,4.0,-8.0,30
238,0128,-2.5,4.0,-8.1,30
238,0129,-2.4,4.1,-8.1,30
238,0130,-2.3,4.3,-8.1,30
238,0131,-2.2,4.5,-8.1,30
238,0201,-2.1,4.7,-7.9,30
238,0202,-2.0,4.7,-7.8,30
238,0203,-1.9,4.8,-7.7,30
238,0204,-1.8,4.9,-7.6,30
238,0205,-1.6,5.0,-7.5,30
238,0206,-1.5,5.2,-7.4,30
238,0207,-1.3,5.4,-7.2,30
238,0208,-1.1,5.6,-7.0,30
238,0209,-0.9,5.7,-6.9,30
238,0210,-0.8,5.8,-6.7,30
238,0211,-0.6,6.0,-6.5,30
238,0212,-0.5,6.2,-6.4,30
238,0213,-0.3,6.4,-6.2,30
238,0214,-0.2,6.5,-6.1,30
238,0215,-0.0,6.7,-6.0,30
238,0216,0.1,6.9,-5.9,30
238,0217,0.4,7.3,-5.7,30
238,0218,0.6,7.5,-5.6,30
238,0219,0.8,7.7,-5.4,30
238,0220,0.9,7.9,-5.2,30
238,0221,1.1,8.1,-5.0,30
238,0222,1.2,8.1,-4.9,30
238,0223,1.3,8.3,-4.8,30
238,0224,1.5,8.4,-4.7,30
238,0225,1.7,8.8,-4.5,30
238,0226,1.9,9.0,-4.3,30
238,0227,2.1,9.2,-4.1,30
238,0228,2.3,9.3,-3.9,30
238,0229,2.5,9.5,-3.6,0
238,0301,2.7,9.6,-3.5,30
238,0302,2.8,9.8,-3.4,30
238,0303,3.0,9.9,-3.2,30
238,0304,3.1,10.0,-3.1,30
238,0305,3.2,10.2,-3.1,30
238,0306,3.3,10.5,-3.0,30
238,0307,3.4,10.6,-3.0,30
238,0308,3.6,10.8,-2.9,30
238,0309,3.8,11.0,-2.7,30
238,0310,4.0,11.3,-2.6,30
238,0311,4.2,11.5,-2.3,30
238,0312,4.5,11.8,-2.1,30
238,0313,4.7,12.1,-2.0,30
238,0314,5.0,12.3,-1.8,30
238,0315,5.2,12.6,-1.7,30
238,0316,5.4,12.8,-1.5,30
238,0317,5.5,12.8,-1.3,30
238,0318,5.6,13.0,-1.2,30
238,0319,5.9,13.3,-1.0,30
238,0320,6.1,13.5,-0.8,30
238,0321,6.3,13.7,-0.7,30
238,0322,6.5,13.9,-0.5,30
238,0323,6.7,14.1,-0.3,30
238,0324,6.9,14.3,-0.2,30
238,0325,7.0,14.5,-0.0,30
238,0326,7.2,14.7,0.1,30
238,0327,7.3,14.8,0.2,30
238,0328,7.4,15.0,0.3,30
238,0329,7.6,15.2,0.4,30
238,0330,7.8,15.5,0.5,30
238,0331,8.1,15.7,0.7,30
238,0401,8.4,16.2,1.0,30
238,0402,8.7,16.5,1.2,30
238,0403,9.0,16.7,1.5,30
238,0404,9.2,16.9,1.8,30
238,0405,9.4,17.1,2.0,30
238,0406,9.6,17.2,2.1,30
238,0407,9.8,17.4,2.3,30
238,0408,10.0,17.7,2.5,30
238,0409,10.3,18.0,2.6,30
238,0410,10.5,18.3,2.8,30
238,0411,10.8,18.5,3.1,30
238,0412,11.0,18.8,3.3,30
238,0413,11.2,18.9,3.6,30
238,0414,11.5,19.2,4.0,30
238,0415,11.7,19.4,4.2,30
238,0416,11.8,19.5,4.4,30
238,0417,12.0,19.6,4.5,30
238,0418,12.1,19.8,4.6,30
238,0419,12.3,20.0,4.7,30
238,0420,12.4,20.2,4.9,30
238,0421,12.6,20.5,5.0,30
238,0422,12.8,20.7,5.2,30
238,0423,13.1,20.9,5.6,30
238,0424,13.4,21.0,5.9,30
238,0425,13.6,21.2,6.2,30
238,0426,13.8,21.4,6.4,30
238,0427,14.0,21.6,6.7,30
238,0428,14.3,21.9,6.8,30
238,0429,14.4,22.1,7.0,30
238,0430,14.6,22.2,7.1,30
238,0501,14.8,22.5,7.3,30
238,0502,15.0,22.7,7.5,30
238,0503,15.2,22.8,7.8,30
238,0504,15.4,23.0,8.0,30
238,0505,15.6,23.1,8.3,30
238,0506,15.8,23.2,8.5,30
238,0507,16.0,23.4,8.7,30
238,0508,16.1,23.4,8.9,30
238,0509,16.2,23.5,9.0,30
238,0510,16.2,23.5,9.1,30
238,0511,16.3,23.6,9.3,30
238,0512,16.4,23.6,9.5,30
238,0513,16.5,23.6,9.6,30
238,0514,16.6,23.8,9.7,30
238,0515,16.8,24.0,9.8,30
238,0516,16.9,24.2,10.0,30
238,0517,17.1,24.3,10.2,30
238,0518,17.3,24.5,10.4,30
238,0519,17.4,24.6,10.6,30
238,0520,17.6,24.8,10.7,30
238,0521,17.8,25.0,10.9,30
238,0522,17.9,25.1,11.0,30
238,0523,18.0,25.3,11.1,30
238,0524,18.2,25.5,11.2,30
238,0525,18.3,25.7,11.3,30
238,0526,18.5,25.8,11.5,30
238,0527,18.7,26.0,11.7,30
238,0528,18.9,26.1,11.9,30
238,0529,19.1,26.2,12.2,30
238,0530,19.2,26.4,12.5,30
238,0531,19.4,26.5,12.7,30
238,0601,19.5,26.6,12.9,30
238,0602,19.7,26.8,13.2,30
238,0603,19.9,26.9,13.5,30
238,0604,20.1,27.1,13.8,30
238,0605,20.3,27.2,14.0,30
238,0606,20.4,27.2,14.2,30
238,0607,20.6,27.3,14.4,30
238,0608,20.7,27.4,14.7,30
238,0609,20.9,27.5,14.9,30
238,0610,21.1,27.7,15.1,30
238,0611,21.2,27.8,15.3,30
238,0612,21.3,27.8,15.5,30
238,0613,21.4,27.9,15.7,30
238,0614,21.5,27.9,15.9,30
238,0615,21.6,28.0,16.1,30
238,0616,21.7,28.1,16.2,30
238,0617,21.8,28.0,16.4,30
238,0618,21.8,28.0,16.5,30
238,0619,21.9,28.0,16.6,30
238,0620,22.0,28.0,16.8,30
238,0621,22.1,28.1,17.0,30
238,0622,22.3,28.2,17.2,30
238,0623,22.4,28.2,17.5,30
238,0624,22.5,28.1,17.8,30
238,0625,22.6,28.1,18.0,30
238,0626,22.7,28.2,18.2,30
238,0627,22.8,28.2,18.4,30
238,0628,22.9,28.2,18.6,30
238,0629,23.0,28.3,18.7,30
238,0630,23.1,28.2,18.8,30
238,0701,23.2,28.3,19.0,30
238,0702,23.3,28.4,19.2,30
238,0703,23.5,28.5,19.4,30
238,0704,23.5,28.6,19.5,30
238,0705,23.6,28.6,19.6,30
238,0706,23.7,28.6,19.8,30
238,0707,23.7,28.6,19.9,30
238,0708,23.8,28.7,20.0,30
238,0709,23.9,28.8,20.1,30
238,0710,23.9,28.8,20.1,30
238,0711,24.0,28.9,20.2,30
238,0712,24.1,29.0,20.3,30
238,0713,24.2,29.2,20.4,30
238,0714,24.4,29.3,20.5,30
238,0715,24.6,29.5,20.7,30
238,0716,24.7,29.6,20.8,30
238,0717,24.8,29.7,21.0,30
238,0718,24.9,29.9,21.1,30
238,0719,25.1,30.0,21.1,30
238,0720,25.2,30.3,21.2,30
238,0721,25.3,30.4,21.3,30
238,0722,25.5,30.5,21.4,30
238,0723,25.6,30.7,21.5,30
238,0724,25.7,30.9,21.6,30
238,0725,25.9,31.2,21.8,30
238,0726,26.0,31.3,21.9,30
238,0727,26.1,31.4,22.0,30
238,0728,26.1,31.4,22.0,30
238,0729,26.1,31.5,22.0,30
238,0730,26.1,31.6,22.0,30
238,0731,26.2,31.6,22.0,30
238,0801,26.2,31.7,22.0,30
238,0802,26.1,31.7,22.0,30
238,0803,26.1,31.6,22.0,30
238,0804,26.1,31.6,22.1,30
238,0805,26.1,31.5,22.0,30
238,0806,26.0,31.5,22.0,30
238,0807,26.0,31.4,21.9,30
238,0808,25.9,31.3,21.9,30
238,0809,25.8,31.2,21.8,30
238,0810,25.7,31.1,21.7,30
238,0811,25.6,31.0,21.6,30
238,0812,25.5,30.9,21.5,30
238,0813,25.4,30.7,21.4,30
238,0814,25.3,30.6,21.3,30
238,0815,25.2,30.5,21.2,30
238,0816,25.0,30.4,21.1,30
238,0817,24.9,30.2,20.9,30
238,0818,24.8,30.1,20.8,30
238,0819,24.6,30.0,20.6,30
238,0820,24.4,29.8,20.5,30
238,0821,24.3,29.7,20.3,30
238,0822,24.2,29.6,20.2,30
238,0823,24.0,29.4,20.0,30
238,0824,23.8,29.3,19.8,30
238,0825,23.7,29.2,19.6,30
238,0826,23.5,29.1,19.5,30
238,0827,23.4,28.9,19.3,30
238,0828,23.2,28.9,19.1,30
238,0829,23.0,28.7,18.9,30
238,0830,22.8,28.5,18.7,30
238,0831,22.7,28.4,18.5,30
238,0901,22.5,28.3,18.3,30
238,0902,22.3,28.1,18.0,30
238,0903,22.2,28.1,17.8,30
238,0904,22.0,28.0,17.6,30
238,0905,21.8,27.8,17.4,30
238,0906,21.6,27.6,17.2,30
238,0907,21.4,27.5,16.9,30
238,0908,21.3,27.4,16.8,30
238,0909,21.1,27.2,16.6,30
238,0910,20.9,27.0,16.4,30
238,0911,20.7,26.9,16.1,30
238,0912,20.5,26.7,15.8,30
238,0913,20.3,26.6,15.6,30
238,0914,20.1,26.4,15.3,30
238,0915,19.9,26.3,15.0,30
238,0916,19.7,26.1,14.7,30
238,0917,19.5,26.0,14.5,30
238,0918,19.2,25.8,14.3,30
238,0919,19.0,25.7,13.9,30
238,0920,18.8,25.6,13.6,30
238,0921,18.6,25.4,13.4,30
238,0922,18.4,25.2,13.2,30
238,0923,18.1,25.0,12.9,30
238,0924,17.9,24.8,12.7,30
238,0925,17.7,24.6,12.4,30
238,0926,17.4,24.5,12.1,30
238,0927,17.2,24.2,11.9,30
238,0928,16.9,24.0,11.7,30
238,0929,16.7,23.8,11.4,30
238,0930,16.5,23.7,11.2,30
238,1001,16.3,23.5,10.9,30
238,1002,16.0,23.4,10.6,30
238,1003,15.8,23.2,10.4,30
238,1004,15.6,23.0,10.2,30
238,1005,15.4,22.8,9.9,30
238,1006,15.1,22.6,9.6,30
238,1007,14.9,22.5,9.3,30
238,1008,14.6,22.3,8.9,30
238,1009,14.3,22.1,8.6,30
238,1010,14.0,21.9,8.2,30
238,1011,13.8,21.7,7.9,30
238,1012,13.5,21.6,7.6,30
238,1013,13.3,21.5,7.4,30
238,1014,13.2,21.4,7.2,30
238,1015,13.0,21.2,7.1,30
238,1016,12.8,21.0,6.8,30
238,1017,12.6,20.8,6.7,30
238,1018,12.4,20.6,6.4,30
238,1019,12.1,20.3,6.1,30
238,1020,11.8,20.1,5.8,30
238,1021,11.6,19.9,5.5,30
238,1022,11.4,19.7,5.3,30
238,1023,11.2,19.4,5.1,30
238,1024,11.0,19.2,4.8,30
238,1025,10.7,18.9,4.6,30
238,1026,10.5,18.6,4.4,30
238,1027,10.2,18.4,4.1,30
238,1028,9.9,18.2,3.8,30
238,1029,9.7,18.0,3.5,30
238,1030,9.6,17.9,3.3,30
238,1031,9.4,17.8,3.1,30
238,1101,9.2,17.5,2.9,30
238,1102,9.1,17.3,2.8,30
238,1103,9.0,17.1,2.7,30
238,1104,8.9,16.9,2.6,30
238,1105,8.7,16.6,2.5,30
238,1106,8.5,16.4,2.3,30
238,1107,8.3,16.2,2.2,30
238,1108,8.1,15.9,2.0,30
238,1109,7.9,15.7,1.8,30
238,1110,7.7,15.4,1.6,30
238,1111,7.4,15.1,1.4,30
238,1112,7.2,14.7,1.2,30
238,1113,6.9,14.2,1.0,30
238,1114,6.5,13.8,0.6,30
238,1115,6.1,13.4,0.2,30
238,1116,5.8,13.1,-0.1,30
238,1117,5.5,12.9,-0.3,30
238,1118,5.2,12.6,-0.6,30
238,1119,4.9,12.3,-0.9,30
238,1120,4.7,11.9,-1.1,30
238,1121,4.4,11.7,-1.3,30
238,1122,4.2,11.4,-1.5,30
238,1123,4.0,11.2,-1.7,30
238,1124,3.8,11.0,-1.8,30
238,1125,3.6,10.8,-2.0,30
238,1126,3.4,10.6,-2.2,30
238,1127,3.1,10.3,-2.4,30
238,1128,2.9,10.0,-2.6,30
238,1129,2.7,9.7,-2.8,30
238,1130,2.5,9.4,-2.9,30
238,1201,2.2,9.1,-3.1,30
238,1202,2.0,8.8,-3.3,30
238,1203,1.8,8.5,-3.6,30
238,1204,1.5,8.2,-3.8,30
238,1205,1.3,8.0,-4.1,30
238,1206,1.0,7.7,-4.3,30
238,1207,0.8,7.4,-4.6,30
238,1208,0.5,7.1,-4.9,30
238,1209,0.3,6.8,-5.1,30
238,1210,0.1,6.6,-5.3,30
238,1211,-0.1,6.3,-5.4,30
238,1212,-0.2,6.2,-5.6,30
238,1213,-0.3,6.2,-5.7,30
238,1214,-0.3,6.2,-5.7,30
238,1215,-0.3,6.2,-5.8,30
238,1216,-0.4,6.2,-5.9,30
238,1217,-0.4,6.1,-5.9,30
238,1218,-0.6,6.0,-5.9,30
238,1219,-0.7,5.9,-6.1,30
238,1220,-0.8,5.8,-6.2,30
238,1221,-0.9,5.6,-6.3,30
238,1222,-1.0,5.6,-6.4,30
238,1223,-1.2,5.5,-6.5,30
238,1224,-1.3,5.3,-6.7,30
238,1225,-1.4,5.3,-6.8,30
238,1226,-1.4,5.3,-6.8,30
238,1227,-1.4,5.3,-6.9,30
238,1228,-1.6,5.1,-7.0,30
238,1229,-1.7,5.0,-7.2,30
238,1230,-1.9,4.8,-7.4,30
238,1231,-2.0,4.6,-7.5,30
243,0101,0.2,5.1,-4.3,30
243,0102,0.1,4.9,-4.4,30
243,0103,0.0,4.9,-4.5,30
243,0104,-0.0,4.8,-4.5,30
243,0105,-0.1,4.8,-4.5,30
243,0106,-0.1,4.7,-4.5,30
243,0107,-0.1,4.7,-4.5,30
243,0108,-0.1,4.7,-4.4,30
243,0109,-0.1,4.6,-4.4,30
243,0110,-0.2,4.6,-4.4,30
243,0111,-0.2,4.5,-4.4,30
243,0112,-0.2,4.5,-4.4,30
243,0113,-0.1,4.5,-4.3,30
243,0114,-0.2,4.4,-4.4,30
243,0115,-0.2,4.4,-4.3,30
243,0116,-0.3,4.3,-4.3,30
243,0117,-0.3,4.3,-4.4,30
243,0118,-0.4,4.2,-4.5,30
243,0119,-0.4,4.2,-4.6,30
243,0120,-0.4,4.2,-4.6,30
243,0121,-0.4,4.2,-4.7,30
243,0122,-0.4,4.3,-4.6,30
243,0123,-0.3,4.3,-4.6,30
243,0124,-0.3,4.3,-4.6,30
243,0125,-0.3,4.3,-4.7,30
243,0126,-0.4,4.2,-4.7,30
243,0127,-0.4,4.2,-4.7,30
243,0128,-0.4,4.2,-4.7,30
243,0129,-0.4,4.3,-4.7,30
243,0130,-0.3,4.5,-4.7,30
243,0131,-0.2,4.6,-4.6,30
243,0201,-0.1,4.7,-4.5,30
243,0202,-0.0,4.8,-4.3,30
243,0203,0.1,4.9,-4.2,30
243,0204,0.2,5.0,-4.1,30
243,0205,0.3,5.1,-4.0,30
243,0206,0.5,5.3,-3.9,30
243,0207,0.6,5.5,-3.8,30
243,0208,0.7,5.6,-3.7,30
243,0209,0.8,5.7,-3.5,30
243,0210,1.0,5.9,-3.4,30
243,0211,1.1,6.0,-3.3,30
243,0212,1.2,6.2,-3.2,30
243,0213,1.4,6.4,-3.1,30
243,0214,1.5,6.5,-3.1,30
243,0215,1.6,6.6,-3.0,30
243,0216,1.7,6.8,-2.9,30
243,0217,1.9,7.1,-2.8,30
243,0218,2.1,7.3,-2.7,30
243,0219,2.2,7.5,-2.5,30
243,0220,2.3,7.7,-2.4,30
243,0221,2.5,7.9,-2.2,30
243,0222,2.5,7.9,-2.2,30
243,0223,2.6,8.0,-2.1,30
243,0224,2.7,8.2,-2.0,30
243,0225,2.9,8.4,-1.9,30
243,0226,3.2,8.7,-1.7,30
243,0227,3.3,8.9,-1.5,30
243,0228,3.5,9.1,-1.3,30
243,0229,3.6,9.2,-1.1,0
243,0301,3.7,9.3,-1.0,30
243,0302,3.9,9.5,-0.9,30
243,0303,4.0,9.6,-0.8,30
243,0304,4.1,9.7,-0.7,30
243,0305,4.2,9.9,-0.7,30
243,0306,4.4,10.1,-0.6,30
243,0307,4.5,10.2,-0.6,30
243,0308,4.6,10.3,-0.5,30
243,0309,4.8,10.6,-0.3,30
243,0310,5.0,10.9,-0.2,30
243,0311,5.2,11.1,-0.0,30
243,0312,5.3,11.2,0.1,30
243,0313,5.5,11.5,0.2,30
243,0314,5.7,11.7,0.4,30
243,0315,5.8,11.9,0.5,30
243,0316,6.0,12.0,0.7,30
243,0317,6.1,12.0,0.9,30
243,0318,6.2,12.2,1.0,30
243,0319,6.4,12.4,1.1,30
243,0320,6.6,12.6,1.3,30
243,0321,6.7,12.7,1.5,30
243,0322,6.9,12.9,1.6,30
243,0323,7.0,13.0,1.8,30
243,0324,7.1,13.1,1.9,30
243,0325,7.3,13.3,2.0,30
243,0326,7.4,13.4,2.2,30
243,0327,7.5,13.5,2.3,30
243,0328,7.6,13.7,2.4,30
243,0329,7.8,13.9,2.5,30
243,0330,8.0,14.1,2.7,30
243,0331,8.3,14.4,2.9,30
243,0401,8.5,14.8,3.1,30
243,0402,8.8,15.1,3.3,30
243,0403,9.0,15.3,3.6,30
243,0404,9.2,15.5,3.8,30
243,0405,9.4,15.7,4.0,30
243,0406,9.6,15.9,4.1,30
243,0407,9.7,16.0,4.3,30
243,0408,9.9,16.3,4.5,30
243,0409,10.1,16.5,4.6,30
243,0410,10.4,16.8,4.8,30
243,0411,10.6,17.1,5.0,30
243,0412,10.8,17.3,5.2,30
243,0413,11.0,17.5,5.5,30
243,0414,11.3,17.7,5.8,30
243,0415,11.5,17.9,6.0,30
243,0416,11.7,18.0,6.2,30
243,0417,11.8,18.1,6.3,30
243,0418,12.0,18.3,6.4,30
243,0419,12.1,18.5,6.5,30
243,0420,12.3,18.6,6.7,30
243,0421,12.5,18.9,6.9,30
243,0422,12.8,19.2,7.1,30
243,0423,13.1,19.5,7.5,30
243,0424,13.3,19.6,7.8,30
243,0425,13.6,19.8,8.1,30
243,0426,13.8,20.0,8.3,30
243,0427,14.0,20.2,8.5,30
243,0428,14.2,20.5,8.7,30
243,0429,14.3,20.6,8.8,30
243,0430,14.5,20.9,9.0,30
243,0501,14.8,21.1,9.2,30
243,0502,15.0,21.4,9.5,30
243,0503,15.2,21.5,9.7,30
243,0504,15.4,21.7,9.9,30
243,0505,15.6,21.8,10.2,30
243,0506,15.7,21.8,10.4,30
243,0507,15.9,22.0,10.6,30
243,0508,15.9,22.0,10.7,30
243,0509,16.0,22.1,10.8,30
243,0510,16.1,22.1,10.9,30
243,0511,16.2,22.3,11.1,30
243,0512,16.4,22.4,11.3,30
243,0513,16.5,22.4,11.4,30
243,0514,16.6,22.6,11.6,30
243,0515,16.7,22.8,11.7,30
243,0516,16.9,22.9,11.9,30
243,0517,17.1,23.0,12.1,30
243,0518,17.3,23.3,12.3,30
243,0519,17.5,23.5,12.5,30
243,0520,17.7,23.7,12.6,30
243,0521,17.9,23.9,12.8,30
243,0522,18.0,24.1,13.0,30
243,0523,18.2,24.2,13.1,30
243,0524,18.3,24.4,13.2,30
243,0525,18.5,24.6,13.4,30
243,0526,18.7,24.7,13.5,30
243,0527,18.8,24.8,13.7,30
243,0528,19.0,25.0,13.9,30
243,0529,19.1,25.1,14.1,30
243,0530,19.3,25.2,14.3,30
243,0531,19.4,25.3,14.5,30
243,0601,19.5,25.4,14.7,30
243,0602,19.7,25.5,15.0,30
243,0603,19.9,25.6,15.2,30
243,0604,20.1,25.7,15.4,30
243,0605,20.2,25.8,15.7,30
243,0606,20.3,25.9,15.9,30
243,0607,20.5,26.0,16.1,30
243,0608,20.6,26.1,16.3,30
243,0609,20.8,26.2,16.5,30
243,0610,20.9,26.3,16.7,30
243,0611,21.1,26.4,16.9,30
243,0612,21.2,26.5,17.1,30
243,0613,21.3,26.5,17.2,30
243,0614,21.4,26.6,17.4,30
243,0615,21.6,26.7,17.6,30
243,0616,21.7,26.8,17.7,30
243,0617,21.7,26.7,17.8,30
243,0618,21.8,26.8,17.9,30
243,0619,21.9,26.8,18.1,30
243,0620,22.0,26.8,18.2,30
243,0621,22.1,26.9,18.4,30
243,0622,22.2,27.0,18.6,30
243,0623,22.4,27.1,18.8,30
243,0624,22.5,27.1,19.0,30
243,0625,22.6,27.2,19.3,30
243,0626,22.8,27.3,19.4,30
243,0627,22.9,27.3,19.6,30
243,0628,23.0,27.4,19.8,30
243,0629,23.1,27.5,19.9,30
243,0630,23.2,27.5,20.0,30
243,0701,23.4,27.6,20.2,30
243,0702,23.5,27.8,20.3,30
243,0703,23.7,27.9,20.5,30
243,0704,23.8,28.0,20.7,30
243,0705,23.9,28.1,20.8,30
243,0706,24.0,28.2,20.9,30
243,0707,24.1,28.3,21.0,30
243,0708,24.2,28.4,21.1,30
243,0709,24.3,28.5,21.2,30
243,0710,24.4,28.6,21.2,30
243,0711,24.5,28.7,21.3,30
243,0712,24.6,28.9,21.4,30
243,0713,24.8,29.1,21.5,30
243,0714,24.9,29.2,21.7,30
243,0715,25.1,29.4,21.8,30
243,0716,25.2,29.6,21.9,30
243,0717,25.4,29.7,22.1,30
243,0718,25.5,29.9,22.2,30
243,0719,25.6,30.1,22.3,30
243,0720,25.8,30.3,22.4,30
243,0721,25.9,30.4,22.5,30
243,0722,26.1,30.6,22.6,30
243,0723,26.2,30.8,22.8,30
243,0724,26.4,31.0,22.9,30
243,0725,26.5,31.2,23.0,30
243,0726,26.6,31.3,23.2,30
243,0727,26.7,31.4,23.3,30
243,0728,26.8,31.5,23.3,30
243,0729,26.9,31.6,23.3,30
243,0730,26.9,31.7,23.3,30
243,0731,27.0,31.8,23.4,30
243,0801,27.0,31.9,23.4,30
243,0802,27.0,31.9,23.4,30
243,0803,27.0,31.9,23.4,30
243,0804,27.1,31.9,23.4,30
243,0805,27.0,31.9,23.4,30
243,0806,27.0,31.8,23.4,30
243,0807,26.9,31.7,23.3,30
243,0808,26.9,31.6,23.3,30
243,0809,26.8,31.5,23.2,30
243,0810,26.7,31.5,23.1,30
243,0811,26.6,31.4,23.0,30
243,0812,26.5,31.3,22.9,30
243,0813,26.4,31.1,22.9,30
243,0814,26.3,31.0,22.8,30
243,0815,26.2,30.9,22.7,30
243,0816,26.1,30.8,22.5,30
243,0817,25.9,30.6,22.4,30
243,0818,25.8,30.5,22.3,30
243,0819,25.7,30.3,22.1,30
243,0820,25.5,30.2,22.0,30
243,0821,25.4,30.0,21.8,30
243,0822,25.2,29.9,21.6,30
243,0823,25.1,29.8,21.5,30
243,0824,24.9,29.6,21.3,30
243,0825,24.8,29.5,21.1,30
243,0826,24.6,29.4,20.9,30
243,0827,24.5,29.3,20.8,30
243,0828,24.4,29.2,20.6,30
243,0829,24.2,29.0,20.4,30
243,0830,24.0,28.9,20.2,30
243,0831,23.8,28.7,20.0,30
243,0901,23.7,28.6,19.8,30
243,0902,23.5,28.5,19.6,30
243,0903,23.4,28.4,19.4,30
243,0904,23.2,28.2,19.2,30
243,0905,23.1,28.1,19.0,30
243,0906,22.9,27.9,18.8,30
243,0907,22.7,27.9,18.6,30
243,0908,22.6,27.8,18.5,30
243,0909,22.4,27.5,18.3,30
243,0910,22.2,27.4,18.1,30
243,0911,22.1,27.3,17.9,30
243,0912,21.9,27.1,17.6,30
243,0913,21.7,27.0,17.4,30
243,0914,21.5,26.8,17.2,30
243,0915,21.3,26.7,16.9,30
243,0916,21.1,26.5,16.6,30
243,0917,21.0,26.4,16.4,30
243,0918,20.7,26.2,16.2,30
243,0919,20.6,26.1,15.9,30
243,0920,20.4,26.0,15.6,30
243,0921,20.2,25.8,15.4,30
243,0922,20.0,25.7,15.2,30
243,0923,19.8,25.4,14.9,30
243,0924,19.6,25.3,14.7,30
243,0925,19.4,25.1,14.5,30
243,0926,19.1,24.9,14.2,30
243,0927,18.9,24.6,14.0,30
243,0928,18.6,24.4,13.7,30
243,0929,18.4,24.2,13.4,30
243,0930,18.2,24.0,13.2,30
243,1001,18.0,23.9,12.9,30
243,1002,17.8,23.7,12.6,30
243,1003,17.6,23.6,12.4,30
243,1004,17.4,23.4,12.2,30
243,1005,17.2,23.2,11.9,30
243,1006,16.9,23.0,11.6,30
243,1007,16.7,22.8,11.3,30
243,1008,16.5,22.6,11.0,30
243,1009,16.2,22.4,10.7,30
243,1010,16.0,22.2,10.4,30
243,1011,15.7,22.0,10.2,30
243,1012,15.6,21.9,10.0,30
243,1013,15.4,21.8,9.8,30
243,1014,15.3,21.7,9.6,30
243,1015,15.2,21.6,9.5,30
243,1016,15.0,21.4,9.3,30
243,1017,14.8,21.1,9.2,30
243,1018,14.6,20.9,9.0,30
243,1019,14.3,20.6,8.8,30
243,1020,14.1,20.4,8.5,30
243,1021,14.0,20.2,8.4,30
243,1022,13.8,20.0,8.2,30
243,1023,13.5,19.7,8.1,30
243,1024,13.3,19.5,7.8,30
243,1025,13.1,19.2,7.7,30
243,1026,12.9,18.9,7.5,30
243,1027,12.6,18.7,7.3,30
243,1028,12.4,18.4,7.0,30
243,1029,12.2,18.2,6.7,30
243,1030,12.0,18.1,6.6,30
243,1031,11.9,17.9,6.5,30
243,1101,11.6,17.7,6.3,30
243,1102,11.4,17.4,6.1,30
243,1103,11.3,17.3,6.0,30
243,1104,11.2,17.1,5.9,30
243,1105,11.0,16.9,5.8,30
243,1106,10.8,16.7,5.6,30
243,1107,10.7,16.5,5.5,30
243,1108,10.5,16.3,5.3,30
243,1109,10.3,16.1,5.1,30
243,1110,10.1,15.9,4.9,30
243,1111,9.8,15.5,4.7,30
243,1112,9.6,15.2,4.5,30
243,1113,9.3,14.8,4.3,30
243,1114,8.9,14.4,3.9,30
243,1115,8.6,14.0,3.6,30
243,1116,8.3,13.8,3.3,30
243,1117,8.1,13.6,3.0,30
243,1118,7.8,13.3,2.8,30
243,1119,7.5,13.1,2.5,30
243,1120,7.3,12.7,2.3,30
243,1121,7.0,12.4,2.1,30
243,1122,6.8,12.2,1.9,30
243,1123,6.6,12.0,1.7,30
243,1124,6.4,11.8,1.5,30
243,1125,6.1,11.6,1.3,30
243,1126,5.9,11.4,1.0,30
243,1127,5.7,11.0,0.8,30
243,1128,5.4,10.8,0.6,30
243,1129,5.2,10.5,0.4,30
243,1130,4.9,10.2,0.2,30
243,1201,4.7,9.9,0.1,30
243,1202,4.4,9.6,-0.2,30
243,1203,4.2,9.3,-0.4,30
243,1204,4.0,9.0,-0.6,30
243,1205,3.7,8.7,-0.8,30
243,1206,3.5,8.5,-1.0,30
243,1207,3.3,8.2,-1.3,30
243,1208,3.0,8.0,-1.5,30
243,1209,2.8,7.7,-1.7,30
243,1210,2.6,7.4,-1.8,30
243,1211,2.4,7.2,-1.9,30
243,1212,2.3,7.1,-2.1,30
243,1213,2.2,7.1,-2.2,30
243,1214,2.2,7.0,-2.2,30
243,1215,2.1,7.0,-2.3,30
243,1216,2.1,7.0,-2.3,30
243,1217,2.0,6.9,-2.3,30
243,1218,1.9,6.8,-2.5,30
243,1219,1.8,6.7,-2.6,30
243,1220,1.6,6.6,-2.7,30
243,1221,1.5,6.5,-2.8,30
243,1222,1.4,6.3,-3.0,30
243,1223,1.2,6.2,-3.1,30
243,1224,1.1,6.1,-3.3,30
243,1225,1.0,6.0,-3.4,30
243,1226,1.0,6.0,-3.5,30
243,1227,0.9,5.9,-3.6,30
243,1228,0.8,5.8,-3.7,30
243,1229,0.6,5.6,-3.8,30
243,1230,0.5,5.5,-3.9,30
243,1231,0.3,5.3,-4.2,30
244,0101,-2.3,4.3,-7.8,30
244,0102,-2.3,4.2,-7.9,30
244,0103,-2.4,4.1,-8.0,30
244,0104,-2.4,4.1,-8.0,30
244,0105,-2.5,4.0,-8.0,30
244,0106,-2.5,3.9,-8.0,30
244,0107,-2.5,3.9,-8.0,30
244,0108,-2.5,3.9,-8.0,30
244,0109,-2.4,3.9,-8.0,30
244,0110,-2.4,3.9,-8.0,30
244,0111,-2.5,3.9,-8.0,30
244,0112,-2.4,3.8,-8.0,30
244,0113,-2.4,3.8,-7.9,30
244,0114,-2.4,3.7,-7.9,30
244,0115,-2.4,3.7,-7.9,30
244,0116,-2.5,3.6,-7.9,30
244,0117,-2.5,3.5,-7.9,30
244,0118,-2.6,3.5,-8.1,30
244,0119,-2.6,3.5,-8.1,30
244,0120,-2.6,3.5,-8.1,30
244,0121,-2.6,3.5,-8.1,30
244,0122,-2.6,3.6,-8.1,30
244,0123,-2.6,3.6,-8.1,30
244,0124,-2.5,3.6,-8.1,30
244,0125,-2.6,3.7,-8.1,30
244,0126,-2.6,3.6,-8.1,30
244,0127,-2.7,3.6,-8.1,30
244,0128,-2.7,3.6,-8.2,30
244,0129,-2.6,3.7,-8.2,30
244,0130,-2.6,3.9,-8.2,30
244,0131,-2.5,4.1,-8.2,30
244,0201,-2.3,4.2,-8.1,30
244,0202,-2.3,4.3,-8.0,30
244,0203,-2.2,4.4,-7.9,30
244,0204,-2.1,4.5,-7.8,30
244,0205,-1.9,4.6,-7.7,30
244,0206,-1.8,4.8,-7.6,30
244,0207,-1.6,5.1,-7.5,30
244,0208,-1.4,5.2,-7.3,30
244,0209,-1.3,5.3,-7.1,30
244,0210,-1.1,5.5,-6.9,30
244,0211,-1.0,5.6,-6.7,30
244,0212,-0.8,5.8,-6.6,30
244,0213,-0.6,6.0,-6.5,30
244,0214,-0.5,6.1,-6.4,30
244,0215,-0.4,6.3,-6.2,30
244,0216,-0.2,6.5,-6.1,30
244,0217,0.0,6.9,-5.9,30
244,0218,0.3,7.1,-5.7,30
244,0219,0.5,7.4,-5.5,30
244,0220,0.7,7.6,-5.4,30
244,0221,0.8,7.8,-5.1,30
244,0222,0.9,7.8,-5.0,30
244,0223,1.0,7.9,-4.9,30
244,0224,1.2,8.1,-4.8,30
244,0225,1.4,8.4,-4.7,30
244,0226,1.6,8.7,-4.5,30
244,0227,1.8,8.9,-4.3,30
244,0228,2.0,9.0,-4.1,30
244,0229,2.1,9.1,-3.9,0
244,0301,2.3,9.3,-3.7,30
244,0302,2.5,9.5,-3.6,30
244,0303,2.6,9.5,-3.4,30
244,0304,2.6,9.6,-3.4,30
244,0305,2.7,9.8,-3.4,30
244,0306,2.9,10.0,-3.4,30
244,0307,2.9,10.2,-3.3,30
244,0308,3.1,10.3,-3.3,30
244,0309,3.3,10.5,-3.1,30
244,0310,3.5,10.8,-2.9,30
244,0311,3.7,11.0,-2.7,30
244,0312,4.0,11.4,-2.5,30
244,0313,4.2,11.7,-2.4,30
244,0314,4.4,11.9,-2.3,30
244,0315,4.6,12.1,-2.2,30
244,0316,4.8,12.3,-2.0,30
244,0317,4.9,12.4,-1.8,30
244,0318,5.0,12.6,-1.7,30
244,0319,5.2,12.8,-1.6,30
244,0320,5.5,13.0,-1.4,30
244,0321,5.7,13.2,-1.2,30
244,0322,5.9,13.4,-1.0,30
244,0323,6.0,13.6,-0.8,30
244,0324,6.2,13.8,-0.8,30
244,0325,6.3,14.0,-0.7,30
244,0326,6.5,14.2,-0.6,30
244,0327,6.6,14.3,-0.5,30
244,0328,6.7,14.4,-0.4,30
244,0329,6.9,14.7,-0.3,30
244,0330,7.1,14.9,-0.2,30
244,0331,7.3,15.3,0.0,30
244,0401,7.7,15.7,0.3,30
244,0402,8.0,16.0,0.5,30
244,0403,8.2,16.2,0.8,30
244,0404,8.4,16.4,1.1,30
244,0405,8.6,16.5,1.3,30
244,0406,8.8,16.7,1.4,30
244,0407,8.9,16.8,1.5,30
244,0408,9.2,17.2,1.7,30
244,0409,9.4,17.4,1.9,30
244,0410,9.6,17.7,2.1,30
244,0411,9.9,18.0,2.3,30
244,0412,10.1,18.2,2.6,30
244,0413,10.4,18.3,2.9,30
244,0414,10.6,18.5,3.2,30
244,0415,10.9,18.7,3.5,30
244,0416,11.0,18.8,3.7,30
244,0417,11.1,19.0,3.7,30
244,0418,11.2,19.2,3.8,30
244,0419,11.4,19.4,3.9,30
244,0420,11.5,19.6,4.0,30
244,0421,11.8,19.9,4.1,30
244,0422,12.0,20.1,4.4,30
244,0423,12.3,20.2,4.8,30
244,0424,12.5,20.4,5.1,30
244,0425,12.8,20.6,5.4,30
244,0426,13.0,20.7,5.7,30
244,0427,13.2,20.9,5.9,30
244,0428,13.4,21.1,6.0,30
244,0429,13.5,21.3,6.1,30
244,0430,13.7,21.5,6.2,30
244,0501,13.9,21.8,6.4,30
244,0502,14.2,22.0,6.7,30
244,0503,14.4,22.0,7.0,30
244,0504,14.6,22.2,7.2,30
244,0505,14.8,22.3,7.5,30
244,0506,15.0,22.4,7.8,30
244,0507,15.1,22.6,8.0,30
244,0508,15.2,22.6,8.2,30
244,0509,15.3,22.7,8.3,30
244,0510,15.4,22.8,8.3,30
244,0511,15.5,22.9,8.5,30
244,0512,15.6,22.9,8.7,30
244,0513,15.7,23.0,8.9,30
244,0514,15.9,23.2,9.0,30
244,0515,16.0,23.4,9.1,30
244,0516,16.2,23.5,9.2,30
244,0517,16.3,23.6,9.4,30
244,0518,16.5,23.8,9.6,30
244,0519,16.7,24.0,9.8,30
244,0520,16.8,24.2,9.9,30
244,0521,17.0,24.3,10.1,30
244,0522,17.1,24.5,10.2,30
244,0523,17.2,24.7,10.3,30
244,0524,17.4,24.9,10.4,30
244,0525,17.6,25.0,10.6,30
244,0526,17.7,25.2,10.7,30
244,0527,17.9,25.4,10.9,30
244,0528,18.1,25.5,11.2,30
244,0529,18.3,25.7,11.5,30
244,0530,18.5,25.8,11.7,30
244,0531,18.6,25.9,12.0,30
244,0601,18.8,26.0,12.2,30
244,0602,19.0,26.1,12.5,30
244,0603,19.1,26.3,12.8,30
244,0604,19.3,26.4,13.1,30
244,0605,19.5,26.5,13.4,30
244,0606,19.7,26.6,13.6,30
244,0607,19.8,26.7,13.8,30
244,0608,20.0,26.8,14.1,30
244,0609,20.1,26.9,14.3,30
244,0610,20.3,27.0,14.5,30
244,0611,20.4,27.1,14.7,30
244,0612,20.5,27.2,14.9,30
244,0613,20.6,27.2,15.1,30
244,0614,20.8,27.2,15.3,30
244,0615,20.9,27.3,15.5,30
244,0616,21.0,27.4,15.7,30
244,0617,21.0,27.3,15.8,30
244,0618,21.1,27.3,15.9,30
244,0619,21.2,27.3,16.1,30
244,0620,21.3,27.3,16.3,30
244,0621,21.4,27.3,16.5,30
244,0622,21.5,27.4,16.7,30
244,0623,21.7,27.4,17.0,30
244,0624,21.7,27.3,17.3,30
244,0625,21.9,27.3,17.6,30
244,0626,22.0,27.3,17.8,30
244,0627,22.1,27.3,18.0,30
244,0628,22.2,27.4,18.2,30
244,0629,22.3,27.3,18.3,30
244,0630,22.3,27.4,18.5,30
244,0701,22.4,27.4,18.6,30
244,0702,22.6,27.6,18.8,30
244,0703,22.7,27.7,19.0,30
244,0704,22.8,27.7,19.2,30
244,0705,22.9,27.7,19.3,30
244,0706,23.0,27.8,19.5,30
244,0707,23.1,27.8,19.6,30
244,0708,23.2,28.0,19.7,30
244,0709,23.3,28.1,19.8,30
244,0710,23.3,28.2,19.9,30
244,0711,23.4,28.3,19.9,30
244,0712,23.5,28.4,19.9,30
244,0713,23.7,28.5,20.1,30
244,0714,23.8,28.7,20.2,30
244,0715,24.0,28.8,20.4,30
244,0716,24.1,29.0,20.5,30
244,0717,24.2,29.1,20.6,30
244,0718,24.3,29.3,20.7,30
244,0719,24.5,29.5,20.8,30
244,0720,24.6,29.7,20.8,30
244,0721,24.7,29.8,20.9,30
244,0722,24.8,30.0,21.0,30
244,0723,25.0,30.2,21.1,30
244,0724,25.1,30.4,21.2,30
244,0725,25.3,30.6,21.3,30
244,0726,25.4,30.7,21.5,30
244,0727,25.5,30.8,21.5,30
244,0728,25.5,30.8,21.5,30
244,0729,25.5,30.9,21.5,30
244,0730,25.5,31.0,21.5,30
244,0731,25.6,31.1,21.5,30
244,0801,25.6,31.1,21.5,30
244,0802,25.6,31.1,21.5,30
244,0803,25.6,31.1,21.6,30
244,0804,25.5,31.0,21.6,30
244,0805,25.5,31.0,21.5,30
244,0806,25.5,31.0,21.5,30
244,0807,25.4,30.9,21.4,30
244,0808,25.3,30.8,21.4,30
244,0809,25.2,30.7,21.3,30
244,0810,25.2,30.6,21.2,30
244,0811,25.1,30.6,21.1,30
244,0812,25.0,30.5,21.0,30
244,0813,24.9,30.3,21.0,30
244,0814,24.8,30.2,20.9,30
244,0815,24.7,30.1,20.8,30
244,0816,24.5,29.9,20.6,30
244,0817,24.4,29.8,20.5,30
244,0818,24.3,29.7,20.4,30
244,0819,24.2,29.5,20.2,30
244,0820,24.0,29.4,20.1,30
244,0821,23.9,29.2,19.9,30
244,0822,23.7,29.2,19.7,30
244,0823,23.6,29.0,19.6,30
244,0824,23.4,28.8,19.4,30
244,0825,23.2,28.7,19.2,30
244,0826,23.1,28.6,19.0,30
244,0827,23.0,28.5,18.9,30
244,0828,22.8,28.4,18.7,30
244,0829,22.6,28.3,18.5,30
244,0830,22.5,28.1,18.3,30
244,0831,22.3,28.0,18.1,30
244,0901,22.2,27.9,17.8,30
244,0902,21.9,27.8,17.6,30
244,0903,21.8,27.7,17.4,30
244,0904,21.6,27.6,17.2,30
244,0905,21.5,27.4,17.0,30
244,0906,21.3,27.3,16.7,30
244,0907,21.1,27.2,16.5,30
244,0908,21.0,27.1,16.3,30
244,0909,20.8,26.9,16.1,30
244,0910,20.6,26.8,15.9,30
244,0911,20.4,26.7,15.7,30
244,0912,20.2,26.5,15.4,30
244,0913,20.0,26.4,15.1,30
244,0914,19.8,26.2,14.8,30
244,0915,19.6,26.1,14.5,30
244,0916,19.4,25.9,14.2,30
244,0917,19.2,25.8,14.0,30
244,0918,19.0,25.7,13.7,30
244,0919,18.8,25.6,13.4,30
244,0920,18.6,25.5,13.1,30
244,0921,18.4,25.4,12.8,30
244,0922,18.2,25.2,12.6,30
244,0923,17.9,25.0,12.4,30
244,0924,17.7,24.8,12.1,30
244,0925,17.5,24.6,11.9,30
244,0926,17.2,24.4,11.6,30
244,0927,17.0,24.1,11.4,30
244,0928,16.7,23.9,11.1,30
244,0929,16.5,23.7,10.8,30
244,0930,16.2,23.5,10.5,30
244,1001,16.0,23.4,10.3,30
244,1002,15.8,23.2,9.9,30
244,1003,15.5,23.1,9.7,30
244,1004,15.3,22.9,9.4,30
244,1005,15.1,22.6,9.2,30
244,1006,14.8,22.5,8.9,30
244,1007,14.6,22.3,8.5,30
244,1008,14.3,22.2,8.1,30
244,1009,14.0,21.9,7.7,30
244,1010,13.7,21.8,7.4,30
244,1011,13.5,21.6,7.1,30
244,1012,13.3,21.5,6.8,30
244,1013,13.1,21.4,6.6,30
244,1014,13.0,21.3,6.4,30
244,1015,12.8,21.1,6.2,30
244,1016,12.6,20.9,6.0,30
244,1017,12.4,20.7,5.9,30
244,1018,12.2,20.5,5.7,30
244,1019,11.9,20.2,5.4,30
244,1020,11.7,20.0,5.1,30
244,1021,11.5,19.8,4.9,30
244,1022,11.2,19.5,4.7,30
244,1023,11.0,19.2,4.5,30
244,1024,10.8,19.0,4.3,30
244,1025,10.5,18.7,4.1,30
244,1026,10.3,18.4,3.8,30
244,1027,10.0,18.1,3.6,30
244,1028,9.7,17.8,3.3,30
244,1029,9.5,17.7,3.0,30
244,1030,9.4,17.6,2.9,30
244,1031,9.2,17.4,2.7,30
244,1101,9.0,17.1,2.6,30
244,1102,8.9,16.9,2.4,30
244,1103,8.7,16.8,2.3,30
244,1104,8.6,16.5,2.3,30
244,1105,8.4,16.3,2.1,30
244,1106,8.2,16.1,1.9,30
244,1107,8.1,15.9,1.8,30
244,1108,7.9,15.6,1.7,30
244,1109,7.7,15.4,1.4,30
244,1110,7.5,15.2,1.3,30
244,1111,7.3,14.8,1.1,30
244,1112,7.1,14.5,1.0,30
244,1113,6.8,14.1,0.7,30
244,1114,6.4,13.6,0.3,30
244,1115,6.0,13.2,-0.0,30
244,1116,5.7,13.0,-0.4,30
244,1117,5.4,12.7,-0.6,30
244,1118,5.2,12.4,-0.9,30
244,1119,4.9,12.2,-1.2,30
244,1120,4.6,11.8,-1.3,30
244,1121,4.4,11.5,-1.5,30
244,1122,4.1,11.3,-1.7,30
244,1123,4.0,11.2,-1.9,30
244,1124,3.8,11.0,-2.1,30
244,1125,3.6,10.7,-2.2,30
244,1126,3.4,10.5,-2.4,30
244,1127,3.1,10.2,-2.6,30
244,1128,2.9,9.9,-2.8,30
244,1129,2.7,9.6,-3.0,30
244,1130,2.5,9.3,-3.1,30
244,1201,2.2,8.9,-3.2,30
244,1202,2.0,8.6,-3.5,30
244,1203,1.7,8.3,-3.7,30
244,1204,1.5,8.0,-3.9,30
244,1205,1.3,7.8,-4.2,30
244,1206,1.1,7.6,-4.4,30
244,1207,0.8,7.2,-4.7,30
244,1208,0.5,6.9,-4.9,30
244,1209,0.4,6.6,-5.0,30
244,1210,0.2,6.3,-5.2,30
244,1211,-0.0,6.1,-5.4,30
244,1212,-0.2,6.0,-5.6,30
244,1213,-0.3,6.0,-5.7,30
244,1214,-0.3,6.0,-5.7,30
244,1215,-0.4,6.0,-5.9,30
244,1216,-0.4,6.0,-5.9,30
244,1217,-0.5,6.0,-5.9,30
244,1218,-0.6,5.8,-6.0,30
244,1219,-0.7,5.7,-6.1,30
244,1220,-0.8,5.6,-6.2,30
244,1221,-1.0,5.5,-6.4,30
244,1222,-1.1,5.4,-6.5,30
244,1223,-1.2,5.3,-6.7,30
244,1224,-1.4,5.2,-6.9,30
244,1225,-1.5,5.1,-7.0,30
244,1226,-1.5,5.1,-7.1,30
244,1227,-1.6,5.0,-7.1,30
244,1228,-1.8,4.9,-7.2,30
244,1229,-1.9,4.7,-7.4,30
244,1230,-2.0,4.6,-7.5,30
244,1231,-2.1,4.4,-7.7,30
245,0101,0.2,5.1,-4.1,30
245,0102,0.1,4.9,-4.2,30
245,0103,0.0,4.9,-4.2,30
245,0104,-0.0,4.8,-4.3,30
245,0105,-0.0,4.8,-4.3,30
245,0106,-0.1,4.7,-4.2,30
245,0107,-0.1,4.7,-4.2,30
245,0108,-0.1,4.7,-4.3,30
245,0109,-0.1,4.6,-4.2,30
245,0110,-0.1,4.6,-4.3,30
245,0111,-0.2,4.5,-4.3,30
245,0112,-0.2,4.5,-4.3,30
245,0113,-0.1,4.5,-4.2,30
245,0114,-0.2,4.3,-4.3,30
245,0115,-0.3,4.3,-4.2,30
245,0116,-0.3,4.2,-4.3,30
245,0117,-0.4,4.2,-4.3,30
245,0118,-0.4,4.1,-4.4,30
245,0119,-0.4,4.2,-4.4,30
245,0120,-0.4,4.2,-4.5,30
245,0121,-0.4,4.2,-4.5,30
245,0122,-0.4,4.3,-4.5,30
245,0123,-0.4,4.3,-4.5,30
245,0124,-0.4,4.3,-4.5,30
245,0125,-0.4,4.3,-4.6,30
245,0126,-0.4,4.3,-4.6,30
245,0127,-0.4,4.3,-4.6,30
245,0128,-0.5,4.3,-4.6,30
245,0129,-0.4,4.4,-4.6,30
245,0130,-0.3,4.6,-4.6,30
245,0131,-0.2,4.8,-4.6,30
245,0201,-0.1,4.9,-4.4,30
245,0202,-0.1,4.9,-4.3,30
245,0203,0.0,5.0,-4.3,30
245,0204,0.2,5.1,-4.1,30
245,0205,0.3,5.2,-4.0,30
245,0206,0.4,5.4,-4.0,30
245,0207,0.6,5.6,-3.8,30
245,0208,0.7,5.8,-3.7,30
245,0209,0.8,5.9,-3.6,30
245,0210,1.0,6.1,-3.4,30
245,0211,1.1,6.2,-3.3,30
245,0212,1.2,6.4,-3.2,30
245,0213,1.4,6.7,-3.1,30
245,0214,1.5,6.8,-3.0,30
245,0215,1.7,7.0,-2.9,30
245,0216,1.8,7.2,-2.8,30
245,0217,2.0,7.5,-2.7,30
245,0218,2.2,7.8,-2.6,30
245,0219,2.4,8.0,-2.5,30
245,0220,2.5,8.2,-2.3,30
245,0221,2.7,8.4,-2.1,30
245,0222,2.7,8.4,-2.1,30
245,0223,2.8,8.6,-2.0,30
245,0224,3.0,8.8,-1.9,30
245,0225,3.2,9.1,-1.7,30
245,0226,3.5,9.3,-1.5,30
245,0227,3.7,9.6,-1.3,30
245,0228,3.8,9.7,-1.2,30
245,0229,4.0,9.8,-1.0,0
245,0301,4.1,10.0,-0.9,30
245,0302,4.3,10.2,-0.8,30
245,0303,4.4,10.2,-0.6,30
245,0304,4.5,10.3,-0.6,30
245,0305,4.6,10.6,-0.5,30
245,0306,4.7,10.7,-0.5,30
245,0307,4.8,10.9,-0.4,30
245,0308,4.9,11.0,-0.3,30
245,0309,5.2,11.3,-0.1,30
245,0310,5.4,11.6,0.0,30
245,0311,5.6,11.8,0.2,30
245,0312,5.8,12.1,0.4,30
245,0313,6.0,12.3,0.5,30
245,0314,6.2,12.5,0.7,30
245,0315,6.4,12.8,0.8,30
245,0316,6.5,12.9,1.0,30
245,0317,6.6,13.0,1.1,30
245,0318,6.7,13.1,1.2,30
245,0319,7.0,13.4,1.4,30
245,0320,7.2,13.6,1.6,30
245,0321,7.3,13.7,1.8,30
245,0322,7.5,13.9,1.9,30
245,0323,7.7,14.1,2.0,30
245,0324,7.8,14.3,2.2,30
245,0325,8.0,14.4,2.3,30
245,0326,8.1,14.6,2.4,30
245,0327,8.2,14.7,2.6,30
245,0328,8.4,14.9,2.7,30
245,0329,8.6,15.2,2.8,30
245,0330,8.8,15.4,3.0,30
245,0331,9.0,15.7,3.2,30
245,0401,9.3,16.1,3.5,30
245,0402,9.7,16.5,3.7,30
245,0403,9.9,16.7,4.0,30
245,0404,10.0,16.8,4.2,30
245,0405,10.3,17.1,4.4,30
245,0406,10.4,17.2,4.6,30
245,0407,10.6,17.4,4.8,30
245,0408,10.8,17.7,4.9,30
245,0409,11.0,17.9,5.1,30
245,0410,11.2,18.2,5.3,30
245,0411,11.5,18.5,5.5,30
245,0412,11.7,18.7,5.7,30
245,0413,11.9,18.8,6.0,30
245,0414,12.2,19.1,6.3,30
245,0415,12.4,19.3,6.5,30
245,0416,12.6,19.4,6.7,30
245,0417,12.7,19.5,6.7,30
245,0418,12.9,19.8,6.8,30
245,0419,13.0,19.9,7.0,30
245,0420,13.2,20.1,7.1,30
245,0421,13.5,20.5,7.3,30
245,0422,13.7,20.7,7.6,30
245,0423,14.1,20.9,7.9,30
245,0424,14.3,21.1,8.2,30
245,0425,14.6,21.3,8.5,30
245,0426,14.7,21.5,8.7,30
245,0427,15.0,21.7,8.9,30
245,0428,15.2,22.0,9.1,30
245,0429,15.3,22.1,9.2,30
245,0430,15.5,22.3,9.4,30
245,0501,15.8,22.6,9.6,30
245,0502,16.0,22.8,9.8,30
245,0503,16.2,22.9,10.1,30
245,0504,16.4,23.1,10.3,30
245,0505,16.6,23.2,10.6,30
245,0506,16.7,23.2,10.8,30
245,0507,16.8,23.4,10.9,30
245,0508,16.9,23.4,11.0,30
245,0509,17.0,23.5,11.1,30
245,0510,17.1,23.5,11.2,30
245,0511,17.2,23.7,11.4,30
245,0512,17.3,23.7,11.5,30
245,0513,17.4,23.8,11.7,30
245,0514,17.5,24.0,11.8,30
245,0515,17.7,24.2,11.9,30
245,0516,17.9,24.3,12.1,30
245,0517,18.0,24.4,12.2,30
245,0518,18.2,24.6,12.4,30
245,0519,18.4,24.8,12.6,30
245,0520,18.6,25.0,12.8,30
245,0521,18.7,25.2,13.0,30
245,0522,18.9,25.4,13.1,30
245,0523,19.0,25.5,13.2,30
245,0524,19.2,25.7,13.3,30
245,0525,19.3,25.9,13.5,30
245,0526,19.5,26.0,13.6,30
245,0527,19.6,26.2,13.8,30
245,0528,19.8,26.3,14.0,30
245,0529,19.9,26.4,14.2,30
245,0530,20.1,26.5,14.4,30
245,0531,20.2,26.6,14.6,30
245,0601,20.3,26.7,14.8,30
245,0602,20.5,26.9,15.0,30
245,0603,20.7,27.0,15.3,30
245,0604,20.8,27.2,15.5,30
245,0605,21.0,27.3,15.7,30
245,0606,21.1,27.3,15.9,30
245,0607,21.3,27.4,16.1,30
245,0608,21.4,27.5,16.3,30
245,0609,21.5,27.6,16.5,30
245,0610,21.7,27.7,16.7,30
245,0611,21.8,27.8,16.9,30
245,0612,21.9,27.9,17.0,30
245,0613,22.0,27.9,17.2,30
245,0614,22.1,28.0,17.4,30
245,0615,22.3,28.0,17.5,30
245,0616,22.4,28.1,17.7,30
245,0617,22.4,28.1,17.8,30
245,0618,22.5,28.1,17.9,30
245,0619,22.5,28.1,18.0,30
245,0620,22.6,28.1,18.2,30
245,0621,22.7,28.2,18.4,30
245,0622,22.9,28.2,18.6,30
245,0623,23.0,28.3,18.8,30
245,0624,23.1,28.2,19.0,30
245,0625,23.2,28.3,19.3,30
245,0626,23.4,28.3,19.4,30
245,0627,23.5,28.3,19.6,30
245,0628,23.6,28.4,19.8,30
245,0629,23.6,28.4,19.9,30
245,0630,23.7,28.4,20.1,30
245,0701,23.8,28.5,20.2,30
245,0702,24.0,28.6,20.4,30
245,0703,24.1,28.7,20.6,30
245,0704,24.3,28.8,20.7,30
245,0705,24.4,28.9,20.9,30
245,0706,24.5,29.0,21.0,30
245,0707,24.6,29.0,21.2,30
245,0708,24.7,29.1,21.3,30
245,0709,24.8,29.2,21.4,30
245,0710,24.8,29.3,21.4,30
245,0711,25.0,29.5,21.5,30
245,0712,25.1,29.6,21.6,30
245,0713,25.3,29.8,21.7,30
245,0714,25.4,30.0,21.9,30
245,0715,25.6,30.1,22.1,30
245,0716,25.7,30.2,22.2,30
245,0717,25.8,30.4,22.3,30
245,0718,26.0,30.5,22.5,30
245,0719,26.1,30.7,22.6,30
245,0720,26.3,30.9,22.7,30
245,0721,26.4,31.1,22.7,30
245,0722,26.5,31.2,22.9,30
245,0723,26.7,31.4,23.0,30
245,0724,26.8,31.6,23.1,30
245,0725,27.0,31.8,23.2,30
245,0726,27.1,31.9,23.3,30
245,0727,27.2,32.0,23.4,30
245,0728,27.2,32.1,23.5,30
245,0729,27.3,32.2,23.5,30
245,0730,27.3,32.3,23.5,30
245,0731,27.3,32.3,23.5,30
245,0801,27.4,32.4,23.5,30
245,0802,27.4,32.4,23.5,30
245,0803,27.4,32.4,23.5,30
245,0804,27.4,32.4,23.5,30
245,0805,27.3,32.4,23.5,30
245,0806,27.3,32.3,23.4,30
245,0807,27.2,32.2,23.4,30
245,0808,27.1,32.1,23.3,30
245,0809,27.0,32.0,23.2,30
245,0810,26.9,31.9,23.1,30
245,0811,26.8,31.9,23.0,30
245,0812,26.8,31.8,23.0,30
245,0813,26.6,31.6,22.9,30
245,0814,26.5,31.5,22.8,30
245,0815,26.4,31.3,22.7,30
245,0816,26.2,31.2,22.5,30
245,0817,26.1,31.0,22.4,30
245,0818,26.0,30.9,22.3,30
245,0819,25.8,30.7,22.1,30
245,0820,25.7,30.5,22.0,30
245,0821,25.6,30.4,21.8,30
245,0822,25.4,30.3,21.7,30
245,0823,25.2,30.1,21.5,30
245,0824,25.1,30.0,21.3,30
245,0825,24.9,29.8,21.2,30
245,0826,24.8,29.7,21.0,30
245,0827,24.7,29.6,20.9,30
245,0828,24.6,29.5,20.7,30
245,0829,24.4,29.3,20.5,30
245,0830,24.2,29.2,20.4,30
245,0831,24.0,29.0,20.1,30
245,0901,23.9,28.9,19.9,30
245,0902,23.7,28.8,19.7,30
245,0903,23.6,28.7,19.5,30
245,0904,23.4,28.5,19.4,30
245,0905,23.2,28.4,19.2,30
245,0906,23.0,28.2,19.0,30
245,0907,22.9,28.1,18.8,30
245,0908,22.8,28.0,18.6,30
245,0909,22.6,27.8,18.4,30
245,0910,22.4,27.7,18.2,30
245,0911,22.2,27.5,18.0,30
245,0912,22.0,27.4,17.7,30
245,0913,21.9,27.3,17.5,30
245,0914,21.7,27.1,17.3,30
245,0915,21.5,27.0,17.0,30
245,0916,21.3,26.8,16.8,30
245,0917,21.1,26.7,16.6,30
245,0918,20.9,26.5,16.4,30
245,0919,20.8,26.4,16.1,30
245,0920,20.6,26.3,15.9,30
245,0921,20.4,26.2,15.7,30
245,0922,20.2,26.0,15.5,30
245,0923,20.0,25.8,15.3,30
245,0924,19.8,25.6,15.1,30
245,0925,19.6,25.4,14.9,30
245,0926,19.4,25.2,14.6,30
245,0927,19.1,24.9,14.4,30
245,0928,18.9,24.7,14.1,30
245,0929,18.7,24.5,13.8,30
245,0930,18.4,24.3,13.6,30
245,1001,18.2,24.2,13.4,30
245,1002,18.0,24.0,13.1,30
245,1003,17.8,23.9,12.9,30
245,1004,17.6,23.7,12.6,30
245,1005,17.4,23.4,12.4,30
245,1006,17.2,23.3,12.1,30
245,1007,16.9,23.1,11.8,30
245,1008,16.7,22.9,11.5,30
245,1009,16.4,22.7,11.2,30
245,1010,16.2,22.5,10.9,30
245,1011,16.0,22.3,10.7,30
245,1012,15.8,22.2,10.4,30
245,1013,15.6,22.1,10.3,30
245,1014,15.5,22.0,10.1,30
245,1015,15.3,21.8,10.0,30
245,1016,15.2,21.6,9.8,30
245,1017,15.0,21.4,9.7,30
245,1018,14.8,21.2,9.5,30
245,1019,14.5,20.9,9.2,30
245,1020,14.3,20.7,9.0,30
245,1021,14.1,20.5,8.8,30
245,1022,13.9,20.2,8.6,30
245,1023,13.7,20.0,8.4,30
245,1024,13.4,19.7,8.2,30
245,1025,13.2,19.4,8.0,30
245,1026,13.0,19.2,7.8,30
245,1027,12.7,18.9,7.6,30
245,1028,12.5,18.6,7.3,30
245,1029,12.3,18.4,7.0,30
245,1030,12.1,18.3,6.9,30
245,1031,12.0,18.1,6.7,30
245,1101,11.8,17.9,6.6,30
245,1102,11.6,17.6,6.3,30
245,1103,11.4,17.4,6.2,30
245,1104,11.3,17.2,6.1,30
245,1105,11.1,17.0,6.0,30
245,1106,10.9,16.8,5.8,30
245,1107,10.8,16.6,5.7,30
245,1108,10.6,16.3,5.5,30
245,1109,10.4,16.1,5.3,30
245,1110,10.2,15.9,5.1,30
245,1111,9.9,15.6,4.9,30
245,1112,9.7,15.3,4.7,30
245,1113,9.4,14.8,4.5,30
245,1114,9.0,14.4,4.1,30
245,1115,8.6,14.0,3.7,30
245,1116,8.3,13.8,3.4,30
245,1117,8.1,13.5,3.2,30
245,1118,7.8,13.3,2.9,30
245,1119,7.5,13.0,2.7,30
245,1120,7.3,12.7,2.4,30
245,1121,7.0,12.4,2.2,30
245,1122,6.8,12.2,2.0,30
245,1123,6.6,12.0,1.8,30
245,1124,6.4,11.8,1.7,30
245,1125,6.1,11.5,1.4,30
245,1126,5.9,11.3,1.2,30
245,1127,5.7,11.0,1.0,30
245,1128,5.4,10.7,0.8,30
245,1129,5.2,10.4,0.5,30
245,1130,5.0,10.2,0.4,30
245,1201,4.7,9.8,0.2,30
245,1202,4.4,9.5,-0.0,30
245,1203,4.2,9.3,-0.2,30
245,1204,4.0,8.9,-0.4,30
245,1205,3.7,8.7,-0.7,30
245,1206,3.5,8.4,-0.9,30
245,1207,3.3,8.2,-1.1,30
245,1208,3.1,7.9,-1.3,30
245,1209,2.9,7.6,-1.5,30
245,1210,2.6,7.4,-1.6,30
245,1211,2.5,7.2,-1.8,30
245,1212,2.4,7.0,-1.9,30
245,1213,2.3,7.0,-2.0,30
245,1214,2.2,6.9,-2.0,30
245,1215,2.2,6.9,-2.1,30
245,1216,2.1,6.9,-2.1,30
245,1217,2.1,6.9,-2.2,30
245,1218,1.9,6.7,-2.3,30
245,1219,1.8,6.6,-2.4,30
245,1220,1.7,6.5,-2.6,30
245,1221,1.5,6.4,-2.7,30
245,1222,1.4,6.2,-2.9,30
245,1223,1.2,6.1,-3.0,30
245,1224,1.1,6.0,-3.1,30
245,1225,1.0,5.9,-3.3,30
245,1226,1.0,5.9,-3.3,30
245,1227,0.9,5.8,-3.4,30
245,1228,0.8,5.7,-3.5,30
245,1229,0.6,5.6,-3.6,30
245,1230,0.5,5.4,-3.8,30
245,1231,0.3,5.2,-4.0,30
247,0101,-1.2,5.4,-6.6,30
247,0102,-1.3,5.2,-6.7,30
247,0103,-1.3,5.2,-6.7,30
247,0104,-1.4,5.1,-6.8,30
247,0105,-1.4,5.1,-6.8,30
247,0106,-1.4,5.0,-6.8,30
247,0107,-1.4,5.0,-6.7,30
247,0108,-1.3,5.1,-6.7,30
247,0109,-1.3,5.1,-6.6,30
247,0110,-1.3,5.0,-6.6,30
247,0111,-1.3,5.0,-6.7,30
247,0112,-1.3,5.0,-6.6,30
247,0113,-1.2,5.0,-6.5,30
247,0114,-1.3,4.9,-6.5,30
247,0115,-1.3,4.9,-6.4,30
247,0116,-1.3,4.8,-6.4,30
247,0117,-1.4,4.8,-6.4,30
247,0118,-1.4,4.7,-6.5,30
247,0119,-1.4,4.7,-6.5,30
247,0120,-1.4,4.7,-6.5,30
247,0121,-1.4,4.8,-6.6,30
247,0122,-1.4,4.8,-6.6,30
247,0123,-1.3,4.8,-6.5,30
247,0124,-1.3,4.9,-6.5,30
247,0125,-1.3,4.9,-6.5,30
247,0126,-1.4,4.9,-6.5,30
247,0127,-1.4,4.9,-6.6,30
247,0128,-1.4,4.9,-6.7,30
247,0129,-1.4,5.0,-6.7,30
247,0130,-1.3,5.2,-6.7,30
247,0131,-1.2,5.5,-6.7,30
247,0201,-1.1,5.6,-6.6,30
247,0202,-1.0,5.7,-6.5,30
247,0203,-0.9,5.8,-6.5,30
247,0204,-0.8,5.9,-6.4,30
247,0205,-0.7,6.0,-6.3,30
247,0206,-0.5,6.3,-6.2,30
247,0207,-0.3,6.5,-6.1,30
247,0208,-0.2,6.6,-5.9,30
247,0209,-0.1,6.7,-5.8,30
247,0210,0.1,6.9,-5.6,30
247,0211,0.3,7.0,-5.4,30
247,0212,0.4,7.2,-5.3,30
247,0213,0.6,7.5,-5.2,30
247,0214,0.7,7.5,-5.1,30
247,0215,0.8,7.7,-5.0,30
247,0216,1.0,7.9,-4.9,30
247,0217,1.2,8.2,-4.8,30
247,0218,1.5,8.5,-4.5,30
247,0219,1.7,8.7,-4.4,30
247,0220,1.9,9.0,-4.2,30
247,0221,2.0,9.1,-4.0,30
247,0222,2.1,9.1,-4.0,30
247,0223,2.2,9.3,-3.8,30
247,0224,2.4,9.5,-3.7,30
247,0225,2.5,9.8,-3.6,30
247,0226,2.8,10.0,-3.4,30
247,0227,3.0,10.2,-3.2,30
247,0228,3.2,10.3,-3.0,30
247,0229,3.3,10.4,-2.8,0
247,0301,3.5,10.6,-2.7,30
247,0302,3.7,10.8,-2.6,30
247,0303,3.8,10.9,-2.4,30
247,0304,3.9,11.0,-2.4,30
247,0305,4.0,11.2,-2.3,30
247,0306,4.1,11.4,-2.3,30
247,0307,4.2,11.5,-2.3,30
247,0308,4.3,11.7,-2.2,30
247,0309,4.5,11.9,-2.0,30
247,0310,4.7,12.2,-1.9,30
247,0311,5.0,12.4,-1.7,30
247,0312,5.2,12.7,-1.5,30
247,0313,5.5,13.0,-1.3,30
247,0314,5.6,13.2,-1.1,30
247,0315,5.8,13.4,-1.0,30
247,0316,6.0,13.6,-0.8,30
247,0317,6.1,13.7,-0.7,30
247,0318,6.3,13.8,-0.5,30
247,0319,6.5,14.1,-0.4,30
247,0320,6.7,14.3,-0.2,30
247,0321,6.9,14.4,0.0,30
247,0322,7.1,14.6,0.2,30
247,0323,7.3,14.9,0.4,30
247,0324,7.5,15.1,0.5,30
247,0325,7.6,15.3,0.6,30
247,0326,7.8,15.5,0.7,30
247,0327,7.9,15.6,0.7,30
247,0328,8.0,15.7,0.8,30
247,0329,8.2,16.0,0.9,30
247,0330,8.4,16.2,1.0,30
247,0331,8.7,16.5,1.2,30
247,0401,9.0,16.9,1.5,30
247,0402,9.3,17.2,1.7,30
247,0403,9.5,17.4,2.0,30
247,0404,9.7,17.6,2.3,30
247,0405,9.9,17.8,2.5,30
247,0406,10.0,17.9,2.6,30
247,0407,10.2,18.1,2.7,30
247,0408,10.4,18.3,2.9,30
247,0409,10.6,18.6,3.0,30
247,0410,10.8,18.8,3.2,30
247,0411,11.1,19.1,3.5,30
247,0412,11.4,19.3,3.7,30
247,0413,11.6,19.4,4.0,30
247,0414,11.8,19.7,4.3,30
247,0415,12.1,19.8,4.5,30
247,0416,12.2,19.9,4.8,30
247,0417,12.3,20.1,4.8,30
247,0418,12.5,20.3,4.9,30
247,0419,12.6,20.5,5.0,30
247,0420,12.8,20.7,5.1,30
247,0421,13.0,21.0,5.2,30
247,0422,13.2,21.1,5.5,30
247,0423,13.5,21.3,5.9,30
247,0424,13.7,21.4,6.2,30
247,0425,14.0,21.6,6.5,30
247,0426,14.2,21.8,6.7,30
247,0427,14.4,22.0,6.9,30
247,0428,14.6,22.2,7.1,30
247,0429,14.7,22.4,7.2,30
247,0430,14.9,22.6,7.4,30
247,0501,15.1,22.9,7.6,30
247,0502,15.3,23.1,7.8,30
247,0503,15.5,23.2,8.1,30
247,0504,15.7,23.3,8.4,30
247,0505,16.0,23.4,8.7,30
247,0506,16.2,23.5,9.0,30
247,0507,16.3,23.7,9.2,30
247,0508,16.4,23.8,9.4,30
247,0509,16.6,23.9,9.5,30
247,0510,16.6,23.9,9.6,30
247,0511,16.7,24.0,9.8,30
247,0512,16.9,24.0,10.0,30
247,0513,17.0,24.1,10.2,30
247,0514,17.2,24.3,10.4,30
247,0515,17.3,24.5,10.5,30
247,0516,17.5,24.6,10.7,30
247,0517,17.6,24.7,10.9,30
247,0518,17.8,24.9,11.1,30
247,0519,18.0,25.0,11.3,30
247,0520,18.2,25.3,11.5,30
247,0521,18.3,25.4,11.7,30
247,0522,18.5,25.6,11.8,30
247,0523,18.6,25.7,12.0,30
247,0524,18.8,25.9,12.0,30
247,0525,19.0,26.1,12.2,30
247,0526,19.1,26.3,12.4,30
247,0527,19.3,26.4,12.6,30
247,0528,19.5,26.6,12.9,30
247,0529,19.7,26.7,13.2,30
247,0530,19.9,26.9,13.5,30
247,0531,20.1,27.0,13.7,30
247,0601,20.2,27.0,13.9,30
247,0602,20.4,27.2,14.2,30
247,0603,20.6,27.3,14.4,30
247,0604,20.8,27.4,14.7,30
247,0605,20.9,27.6,14.9,30
247,0606,21.1,27.6,15.2,30
247,0607,21.2,27.7,15.4,30
247,0608,21.3,27.7,15.6,30
247,0609,21.5,27.9,15.8,30
247,0610,21.6,27.9,16.0,30
247,0611,21.8,28.0,16.2,30
247,0612,21.9,28.1,16.4,30
247,0613,22.0,28.1,16.6,30
247,0614,22.1,28.1,16.8,30
247,0615,22.2,28.2,16.9,30
247,0616,22.3,28.3,17.1,30
247,0617,22.3,28.2,17.2,30
247,0618,22.4,28.2,17.3,30
247,0619,22.5,28.2,17.5,30
247,0620,22.6,28.2,17.7,30
247,0621,22.7,28.2,17.9,30
247,0622,22.8,28.3,18.1,30
247,0623,22.9,28.2,18.3,30
247,0624,23.0,28.1,18.6,30
247,0625,23.1,28.1,18.8,30
247,0626,23.2,28.2,19.0,30
247,0627,23.2,28.1,19.1,30
247,0628,23.3,28.2,19.3,30
247,0629,23.4,28.1,19.5,30
247,0630,23.4,28.2,19.6,30
247,0701,23.5,28.2,19.7,30
247,0702,23.7,28.3,19.9,30
247,0703,23.8,28.4,20.1,30
247,0704,23.9,28.5,20.2,30
247,0705,24.0,28.5,20.3,30
247,0706,24.1,28.5,20.5,30
247,0707,24.1,28.6,20.6,30
247,0708,24.2,28.7,20.7,30
247,0709,24.3,28.8,20.8,30
247,0710,24.4,28.9,20.8,30
247,0711,24.4,29.0,20.8,30
247,0712,24.5,29.2,20.9,30
247,0713,24.7,29.3,21.0,30
247,0714,24.8,29.5,21.1,30
247,0715,25.0,29.6,21.2,30
247,0716,25.1,29.8,21.4,30
247,0717,25.2,29.9,21.5,30
247,0718,25.3,30.1,21.6,30
247,0719,25.5,30.3,21.6,30
247,0720,25.6,30.6,21.7,30
247,0721,25.7,30.7,21.8,30
247,0722,25.8,30.9,21.9,30
247,0723,26.0,31.1,22.0,30
247,0724,26.1,31.3,22.1,30
247,0725,26.3,31.5,22.2,30
247,0726,26.4,31.6,22.3,30
247,0727,26.5,31.7,22.4,30
247,0728,26.5,31.7,22.4,30
247,0729,26.5,31.8,22.4,30
247,0730,26.5,31.9,22.4,30
247,0731,26.5,31.9,22.4,30
247,0801,26.5,32.0,22.4,30
247,0802,26.5,31.9,22.4,30
247,0803,26.5,31.9,22.4,30
247,0804,26.5,31.9,22.5,30
247,0805,26.5,31.8,22.4,30
247,0806,26.4,31.8,22.4,30
247,0807,26.4,31.7,22.4,30
247,0808,26.3,31.6,22.3,30
247,0809,26.2,31.5,22.3,30
247,0810,26.2,31.4,22.2,30
247,0811,26.1,31.4,22.1,30
247,0812,26.1,31.3,22.1,30
247,0813,26.0,31.2,22.0,30
247,0814,25.9,31.1,22.0,30
247,0815,25.8,31.0,21.9,30
247,0816,25.6,30.8,21.7,30
247,0817,25.5,30.7,21.6,30
247,0818,25.4,30.6,21.5,30
247,0819,25.3,30.5,21.3,30
247,0820,25.1,30.3,21.2,30
247,0821,25.0,30.2,21.0,30
247,0822,24.8,30.1,20.8,30
247,0823,24.7,29.9,20.6,30
247,0824,24.5,29.8,20.5,30
247,0825,24.3,29.7,20.3,30
247,0826,24.2,29.6,20.1,30
247,0827,24.0,29.5,19.9,30
247,0828,23.9,29.4,19.7,30
247,0829,23.7,29.3,19.5,30
247,0830,23.6,29.1,19.4,30
247,0831,23.4,29.0,19.1,30
247,0901,23.3,28.9,18.9,30
247,0902,23.1,28.8,18.7,30
247,0903,23.0,28.7,18.5,30
247,0904,22.8,28.6,18.3,30
247,0905,22.6,28.4,18.1,30
247,0906,22.5,28.3,17.9,30
247,0907,22.3,28.2,17.7,30
247,0908,22.2,28.1,17.5,30
247,0909,22.0,27.9,17.3,30
247,0910,21.9,27.8,17.1,30
247,0911,21.7,27.7,16.9,30
247,0912,21.5,27.6,16.6,30
247,0913,21.3,27.4,16.4,30
247,0914,21.1,27.3,16.1,30
247,0915,20.9,27.2,15.8,30
247,0916,20.6,27.0,15.6,30
247,0917,20.4,26.8,15.3,30
247,0918,20.2,26.7,15.0,30
247,0919,20.0,26.6,14.7,30
247,0920,19.8,26.5,14.4,30
247,0921,19.6,26.3,14.2,30
247,0922,19.3,26.1,13.9,30
247,0923,19.1,25.9,13.6,30
247,0924,18.9,25.8,13.4,30
247,0925,18.6,25.6,13.1,30
247,0926,18.4,25.4,12.8,30
247,0927,18.1,25.1,12.5,30
247,0928,17.8,24.9,12.2,30
247,0929,17.6,24.8,11.9,30
247,0930,17.4,24.5,11.7,30
247,1001,17.1,24.4,11.3,30
247,1002,16.9,24.3,11.0,30
247,1003,16.7,24.1,10.8,30
247,1004,16.5,23.9,10.5,30
247,1005,16.2,23.7,10.3,30
247,1006,16.0,23.6,10.0,30
247,1007,15.7,23.5,9.7,30
247,1008,15.5,23.3,9.3,30
247,1009,15.2,23.1,8.9,30
247,1010,14.9,22.9,8.6,30
247,1011,14.6,22.7,8.3,30
247,1012,14.4,22.5,8.0,30
247,1013,14.3,22.5,7.8,30
247,1014,14.1,22.3,7.6,30
247,1015,13.9,22.2,7.4,30
247,1016,13.7,21.9,7.2,30
247,1017,13.6,21.7,7.0,30
247,1018,13.3,21.5,6.8,30
247,1019,13.1,21.2,6.5,30
247,1020,12.8,21.0,6.2,30
247,1021,12.6,20.8,6.0,30
247,1022,12.3,20.5,5.8,30
247,1023,12.1,20.2,5.5,30
247,1024,11.9,20.0,5.3,30
247,1025,11.6,19.7,5.1,30
247,1026,11.4,19.4,4.9,30
247,1027,11.1,19.1,4.7,30
247,1028,10.8,18.9,4.3,30
247,1029,10.6,18.7,4.1,30
247,1030,10.4,18.6,3.9,30
247,1031,10.2,18.5,3.8,30
247,1101,10.0,18.2,3.6,30
247,1102,9.9,18.0,3.5,30
247,1103,9.7,17.8,3.4,30
247,1104,9.7,17.6,3.3,30
247,1105,9.5,17.3,3.2,30
247,1106,9.3,17.1,3.0,30
247,1107,9.1,16.9,2.9,30
247,1108,8.9,16.6,2.7,30
247,1109,8.7,16.4,2.5,30
247,1110,8.5,16.2,2.4,30
247,1111,8.3,15.9,2.2,30
247,1112,8.1,15.5,2.0,30
247,1113,7.8,15.1,1.8,30
247,1114,7.4,14.7,1.4,30
247,1115,7.0,14.3,1.0,30
247,1116,6.7,14.0,0.7,30
247,1117,6.4,13.8,0.4,30
247,1118,6.1,13.5,0.2,30
247,1119,5.8,13.2,-0.1,30
247,1120,5.6,12.9,-0.3,30
247,1121,5.3,12.6,-0.5,30
247,1122,5.1,12.4,-0.7,30
247,1123,4.9,12.2,-0.9,30
247,1124,4.7,12.1,-1.1,30
247,1125,4.5,11.8,-1.3,30
247,1126,4.3,11.6,-1.4,30
247,1127,4.1,11.3,-1.6,30
247,1128,3.8,11.0,-1.8,30
247,1129,3.6,10.7,-1.9,30
247,1130,3.4,10.4,-2.1,30
247,1201,3.2,10.0,-2.2,30
247,1202,2.9,9.8,-2.5,30
247,1203,2.7,9.5,-2.7,30
247,1204,2.5,9.2,-2.8,30
247,1205,2.3,8.9,-3.0,30
247,1206,2.0,8.7,-3.2,30
247,1207,1.8,8.3,-3.5,30
247,1208,1.5,8.0,-3.7,30
247,1209,1.3,7.7,-3.9,30
247,1210,1.1,7.4,-4.0,30
247,1211,0.9,7.2,-4.2,30
247,1212,0.8,7.1,-4.4,30
247,1213,0.7,7.1,-4.5,30
247,1214,0.7,7.1,-4.6,30
247,1215,0.6,7.1,-4.7,30
247,1216,0.5,7.0,-4.8,30
247,1217,0.4,7.0,-4.8,30
247,1218,0.3,6.8,-4.9,30
247,1219,0.2,6.7,-5.0,30
247,1220,0.1,6.6,-5.1,30
247,1221,-0.0,6.5,-5.3,30
247,1222,-0.1,6.5,-5.4,30
247,1223,-0.3,6.3,-5.5,30
247,1224,-0.4,6.2,-5.7,30
247,1225,-0.5,6.1,-5.9,30
247,1226,-0.6,6.1,-5.9,30
247,1227,-0.6,6.0,-6.0,30
247,1228,-0.8,5.9,-6.1,30
247,1229,-0.9,5.8,-6.2,30
247,1230,-1.0,5.6,-6.3,30
247,1231,-1.1,5.5,-6.4,30
248,0101,-2.6,3.6,-8.2,30
248,0102,-2.8,3.5,-8.3,30
248,0103,-2.8,3.4,-8.4,30
248,0104,-2.8,3.3,-8.5,30
248,0105,-2.9,3.3,-8.5,30
248,0106,-2.9,3.2,-8.5,30
248,0107,-2.9,3.1,-8.5,30
248,0108,-2.9,3.1,-8.5,30
248,0109,-2.9,3.1,-8.5,30
248,0110,-3.0,3.1,-8.6,30
248,0111,-3.0,3.0,-8.7,30
248,0112,-3.0,3.0,-8.7,30
248,0113,-3.0,3.1,-8.6,30
248,0114,-3.0,3.0,-8.6,30
248,0115,-3.0,2.9,-8.6,30
248,0116,-3.1,2.8,-8.6,30
248,0117,-3.2,2.7,-8.6,30
248,0118,-3.2,2.7,-8.7,30
248,0119,-3.2,2.7,-8.7,30
248,0120,-3.2,2.7,-8.8,30
248,0121,-3.2,2.8,-8.8,30
248,0122,-3.2,2.8,-8.8,30
248,0123,-3.1,2.8,-8.7,30
248,0124,-3.1,2.9,-8.7,30
248,0125,-3.1,2.9,-8.7,30
248,0126,-3.2,2.9,-8.7,30
248,0127,-3.2,2.9,-8.8,30
248,0128,-3.2,2.9,-8.9,30
248,0129,-3.2,3.0,-8.8,30
248,0130,-3.1,3.2,-8.8,30
248,0131,-3.0,3.4,-8.8,30
248,0201,-2.8,3.6,-8.6,30
248,0202,-2.8,3.6,-8.5,30
248,0203,-2.7,3.7,-8.5,30
248,0204,-2.6,3.8,-8.3,30
248,0205,-2.5,3.9,-8.2,30
248,0206,-2.3,4.1,-8.1,30
248,0207,-2.1,4.4,-8.0,30
248,0208,-2.0,4.5,-7.8,30
248,0209,-1.8,4.6,-7.6,30
248,0210,-1.6,4.7,-7.3,30
248,0211,-1.5,4.8,-7.1,30
248,0212,-1.3,5.0,-7.0,30
248,0213,-1.1,5.2,-6.8,30
248,0214,-1.0,5.3,-6.7,30
248,0215,-0.9,5.5,-6.6,30
248,0216,-0.7,5.7,-6.4,30
248,0217,-0.5,6.1,-6.3,30
248,0218,-0.2,6.3,-6.0,30
248,0219,-0.1,6.6,-5.8,30
248,0220,0.1,6.9,-5.6,30
248,0221,0.3,7.0,-5.4,30
248,0222,0.4,7.0,-5.3,30
248,0223,0.5,7.2,-5.2,30
248,0224,0.7,7.4,-5.1,30
248,0225,0.9,7.7,-4.9,30
248,0226,1.1,7.9,-4.8,30
248,0227,1.3,8.1,-4.6,30
248,0228,1.5,8.3,-4.4,30
248,0229,1.7,8.4,-4.1,0
248,0301,1.8,8.5,-4.0,30
248,0302,2.0,8.7,-3.9,30
248,0303,2.1,8.8,-3.6,30
248,0304,2.2,8.8,-3.6,30
248,0305,2.3,9.0,-3.5,30
248,0306,2.4,9.2,-3.5,30
248,0307,2.5,9.3,-3.4,30
248,0308,2.7,9.5,-3.3,30
248,0309,2.9,9.7,-3.2,30
248,0310,3.1,10.0,-3.0,30
248,0311,3.3,10.2,-2.8,30
248,0312,3.6,10.5,-2.6,30
248,0313,3.8,10.8,-2.4,30
248,0314,4.0,11.0,-2.3,30
248,0315,4.2,11.3,-2.1,30
248,0316,4.4,11.5,-1.9,30
248,0317,4.5,11.6,-1.8,30
248,0318,4.7,11.7,-1.7,30
248,0319,4.9,12.0,-1.6,30
248,0320,5.1,12.2,-1.4,30
248,0321,5.3,12.3,-1.2,30
248,0322,5.5,12.6,-1.1,30
248,0323,5.7,12.8,-0.9,30
248,0324,5.8,13.0,-0.8,30
248,0325,6.0,13.2,-0.7,30
248,0326,6.1,13.4,-0.6,30
248,0327,6.2,13.5,-0.6,30
248,0328,6.3,13.6,-0.5,30
248,0329,6.5,13.9,-0.4,30
248,0330,6.7,14.1,-0.3,30
248,0331,7.0,14.4,-0.0,30
248,0401,7.3,14.8,0.2,30
248,0402,7.6,15.2,0.4,30
248,0403,7.9,15.4,0.7,30
248,0404,8.1,15.6,0.9,30
248,0405,8.3,15.7,1.2,30
248,0406,8.5,15.9,1.3,30
248,0407,8.6,16.1,1.5,30
248,0408,8.9,16.3,1.6,30
248,0409,9.1,16.6,1.8,30
248,0410,9.4,16.9,2.0,30
248,0411,9.6,17.1,2.3,30
248,0412,9.9,17.4,2.5,30
248,0413,10.1,17.5,2.8,30
248,0414,10.4,17.7,3.2,30
248,0415,10.6,17.9,3.4,30
248,0416,10.8,18.0,3.6,30
248,0417,10.9,18.1,3.7,30
248,0418,11.0,18.3,3.8,30
248,0419,11.2,18.5,3.9,30
248,0420,11.3,18.7,4.0,30
248,0421,11.5,19.0,4.2,30
248,0422,11.8,19.2,4.4,30
248,0423,12.1,19.3,4.8,30
248,0424,12.3,19.4,5.2,30
248,0425,12.5,19.6,5.5,30
248,0426,12.7,19.8,5.7,30
248,0427,12.9,20.0,5.9,30
248,0428,13.1,20.2,6.0,30
248,0429,13.3,20.4,6.2,30
248,0430,13.5,20.5,6.3,30
248,0501,13.7,20.8,6.5,30
248,0502,13.9,21.0,6.8,30
248,0503,14.2,21.1,7.0,30
248,0504,14.4,21.3,7.3,30
248,0505,14.6,21.4,7.6,30
248,0506,14.8,21.5,7.9,30
248,0507,14.9,21.7,8.0,30
248,0508,15.0,21.7,8.2,30
248,0509,15.1,21.8,8.3,30
248,0510,15.2,21.8,8.4,30
248,0511,15.3,21.9,8.6,30
248,0512,15.4,21.9,8.7,30
248,0513,15.5,22.0,8.9,30
248,0514,15.6,22.2,9.0,30
248,0515,15.7,22.3,9.1,30
248,0516,15.9,22.4,9.3,30
248,0517,16.0,22.5,9.4,30
248,0518,16.2,22.8,9.6,30
248,0519,16.3,22.9,9.8,30
248,0520,16.5,23.1,9.9,30
248,0521,16.6,23.2,10.0,30
248,0522,16.7,23.4,10.1,30
248,0523,16.8,23.5,10.2,30
248,0524,16.9,23.7,10.3,30
248,0525,17.1,23.9,10.4,30
248,0526,17.2,24.0,10.6,30
248,0527,17.4,24.2,10.7,30
248,0528,17.6,24.3,11.0,30
248,0529,17.8,24.5,11.3,30
248,0530,17.9,24.6,11.5,30
248,0531,18.1,24.7,11.7,30
248,0601,18.2,24.8,11.9,30
248,0602,18.4,25.0,12.2,30
248,0603,18.6,25.1,12.4,30
248,0604,18.8,25.2,12.7,30
248,0605,18.9,25.3,13.0,30
248,0606,19.0,25.4,13.2,30
248,0607,19.2,25.5,13.4,30
248,0608,19.3,25.6,13.6,30
248,0609,19.5,25.7,13.8,30
248,0610,19.6,25.8,14.0,30
248,0611,19.7,25.9,14.2,30
248,0612,19.8,26.0,14.4,30
248,0613,19.9,26.0,14.5,30
248,0614,20.1,26.1,14.7,30
248,0615,20.2,26.1,14.9,30
248,0616,20.3,26.2,15.0,30
248,0617,20.3,26.1,15.2,30
248,0618,20.3,26.1,15.3,30
248,0619,20.4,26.1,15.4,30
248,0620,20.5,26.1,15.6,30
248,0621,20.6,26.2,15.8,30
248,0622,20.8,26.3,16.0,30
248,0623,20.9,26.2,16.3,30
248,0624,21.0,26.2,16.6,30
248,0625,21.1,26.1,16.8,30
248,0626,21.3,26.2,17.0,30
248,0627,21.4,26.2,17.2,30
248,0628,21.5,26.2,17.4,30
248,0629,21.5,26.2,17.6,30
248,0630,21.6,26.2,17.7,30
248,0701,21.7,26.3,17.8,30
248,0702,21.9,26.4,18.0,30
248,0703,22.0,26.5,18.2,30
248,0704,22.1,26.6,18.3,30
248,0705,22.2,26.6,18.5,30
248,0706,22.3,26.6,18.6,30
248,0707,22.4,26.7,18.8,30
248,0708,22.4,26.8,18.9,30
248,0709,22.5,26.9,18.9,30
248,0710,22.5,26.9,19.0,30
248,0711,22.6,27.1,19.0,30
248,0712,22.7,27.2,19.0,30
248,0713,22.8,27.3,19.2,30
248,0714,23.0,27.4,19.3,30
248,0715,23.1,27.6,19.5,30
248,0716,23.3,27.7,19.6,30
248,0717,23.4,27.8,19.7,30
248,0718,23.5,27.9,19.8,30
248,0719,23.6,28.1,19.8,30
248,0720,23.7,28.3,19.9,30
248,0721,23.8,28.5,19.9,30
248,0722,23.9,28.6,20.0,30
248,0723,24.0,28.8,20.1,30
248,0724,24.2,29.0,20.2,30
248,0725,24.3,29.2,20.3,30
248,0726,24.4,29.3,20.4,30
248,0727,24.5,29.3,20.5,30
248,0728,24.5,29.4,20.5,30
248,0729,24.5,29.5,20.5,30
248,0730,24.5,29.6,20.4,30
248,0731,24.5,29.6,20.4,30
248,0801,24.6,29.7,20.4,30
248,0802,24.6,29.7,20.5,30
248,0803,24.6,29.6,20.5,30
248,0804,24.5,29.6,20.6,30
248,0805,24.5,29.6,20.5,30
248,0806,24.5,29.6,20.5,30
248,0807,24.4,29.5,20.4,30
248,0808,24.3,29.4,20.4,30
248,0809,24.2,29.3,20.3,30
248,0810,24.1,29.2,20.2,30
248,0811,24.1,29.2,20.1,30
248,0812,24.0,29.1,20.0,30
248,0813,23.9,29.0,20.0,30
248,0814,23.8,28.9,19.9,30
248,0815,23.7,28.8,19.8,30
248,0816,23.6,28.6,19.6,30
248,0817,23.4,28.5,19.5,30
248,0818,23.3,28.4,19.3,30
248,0819,23.2,28.3,19.2,30
248,0820,23.0,28.1,19.0,30
248,0821,22.9,28.1,18.9,30
248,0822,22.8,28.0,18.7,30
248,0823,22.6,27.8,18.5,30
248,0824,22.4,27.7,18.4,30
248,0825,22.3,27.6,18.2,30
248,0826,22.1,27.4,18.0,30
248,0827,22.0,27.3,17.8,30
248,0828,21.9,27.3,17.6,30
248,0829,21.7,27.1,17.4,30
248,0830,21.5,27.0,17.2,30
248,0831,21.3,26.9,17.0,30
248,0901,21.1,26.8,16.8,30
248,0902,21.0,26.6,16.5,30
248,0903,20.8,26.6,16.3,30
248,0904,20.6,26.4,16.1,30
248,0905,20.4,26.3,15.9,30
248,0906,20.2,26.1,15.7,30
248,0907,20.1,26.0,15.4,30
248,0908,19.9,25.9,15.3,30
248,0909,19.7,25.7,15.1,30
248,0910,19.5,25.6,14.8,30
248,0911,19.3,25.5,14.6,30
248,0912,19.1,25.3,14.3,30
248,0913,18.9,25.2,14.0,30
248,0914,18.7,25.1,13.7,30
248,0915,18.5,24.9,13.4,30
248,0916,18.2,24.7,13.1,30
248,0917,18.0,24.6,12.9,30
248,0918,17.8,24.5,12.6,30
248,0919,17.6,24.4,12.3,30
248,0920,17.4,24.3,12.0,30
248,0921,17.1,24.1,11.7,30
248,0922,16.9,23.9,11.5,30
248,0923,16.7,23.7,11.2,30
248,0924,16.5,23.6,11.0,30
248,0925,16.3,23.4,10.7,30
248,0926,16.1,23.2,10.5,30
248,0927,15.8,23.0,10.3,30
248,0928,15.6,22.8,10.0,30
248,0929,15.4,22.6,9.7,30
248,0930,15.2,22.5,9.5,30
248,1001,14.9,22.3,9.2,30
248,1002,14.7,22.2,8.9,30
248,1003,14.5,22.0,8.7,30
248,1004,14.3,21.8,8.5,30
248,1005,14.1,21.6,8.3,30
248,1006,13.9,21.5,8.0,30
248,1007,13.6,21.4,7.7,30
248,1008,13.4,21.2,7.3,30
248,1009,13.1,20.9,6.9,30
248,1010,12.8,20.8,6.6,30
248,1011,12.5,20.6,6.3,30
248,1012,12.3,20.4,6.0,30
248,1013,12.2,20.3,5.8,30
248,1014,12.0,20.2,5.6,30
248,1015,11.8,20.0,5.4,30
248,1016,11.6,19.9,5.2,30
248,1017,11.5,19.6,5.0,30
248,1018,11.3,19.4,4.8,30
248,1019,11.0,19.2,4.6,30
248,1020,10.7,19.0,4.3,30
248,1021,10.5,18.7,4.1,30
248,1022,10.3,18.5,3.9,30
248,1023,10.1,18.3,3.6,30
248,1024,9.9,18.0,3.4,30
248,1025,9.7,17.7,3.3,30
248,1026,9.4,17.4,3.0,30
248,1027,9.2,17.2,2.8,30
248,1028,8.9,17.0,2.5,30
248,1029,8.7,16.8,2.2,30
248,1030,8.6,16.7,2.1,30
248,1031,8.5,16.6,2.0,30
248,1101,8.3,16.3,1.8,30
248,1102,8.2,16.1,1.7,30
248,1103,8.1,15.9,1.6,30
248,1104,8.0,15.7,1.6,30
248,1105,7.8,15.4,1.4,30
248,1106,7.6,15.2,1.3,30
248,1107,7.5,15.0,1.2,30
248,1108,7.3,14.7,1.0,30
248,1109,7.0,14.5,0.8,30
248,1110,6.9,14.3,0.6,30
248,1111,6.6,14.0,0.5,30
248,1112,6.4,13.6,0.4,30
248,1113,6.1,13.2,0.2,30
248,1114,5.7,12.7,-0.2,30
248,1115,5.3,12.3,-0.5,30
248,1116,5.0,12.1,-0.8,30
248,1117,4.8,11.8,-1.1,30
248,1118,4.5,11.6,-1.3,30
248,1119,4.2,11.3,-1.6,30
248,1120,4.0,11.0,-1.8,30
248,1121,3.8,10.7,-2.0,30
248,1122,3.6,10.5,-2.1,30
248,1123,3.4,10.4,-2.3,30
248,1124,3.2,10.2,-2.4,30
248,1125,3.0,9.9,-2.6,30
248,1126,2.8,9.7,-2.8,30
248,1127,2.6,9.5,-3.0,30
248,1128,2.4,9.2,-3.2,30
248,1129,2.2,8.8,-3.3,30
248,1130,2.0,8.5,-3.5,30
248,1201,1.7,8.2,-3.7,30
248,1202,1.5,7.9,-3.9,30
248,1203,1.3,7.6,-4.1,30
248,1204,1.1,7.3,-4.3,30
248,1205,0.8,7.1,-4.6,30
248,1206,0.6,6.8,-4.8,30
248,1207,0.3,6.5,-5.1,30
248,1208,0.1,6.2,-5.3,30
248,1209,-0.1,5.9,-5.5,30
248,1210,-0.3,5.6,-5.6,30
248,1211,-0.5,5.4,-5.8,30
248,1212,-0.6,5.3,-6.0,30
248,1213,-0.7,5.3,-6.1,30
248,1214,-0.7,5.3,-6.1,30
248,1215,-0.8,5.3,-6.1,30
248,1216,-0.8,5.3,-6.2,30
248,1217,-0.8,5.2,-6.2,30
248,1218,-1.0,5.1,-6.3,30
248,1219,-1.1,5.0,-6.4,30
248,1220,-1.2,4.9,-6.5,30
248,1221,-1.3,4.8,-6.6,30
248,1222,-1.4,4.7,-6.7,30
248,1223,-1.6,4.6,-6.9,30
248,1224,-1.7,4.5,-7.1,30
248,1225,-1.8,4.4,-7.3,30
248,1226,-1.9,4.4,-7.3,30
248,1227,-1.9,4.3,-7.4,30
248,1228,-2.1,4.2,-7.5,30
248,1229,-2.2,4.0,-7.7,30
248,1230,-2.3,3.9,-7.8,30
248,1231,-2.5,3.8,-8.0,30
256,0101,0.0,6.7,-5.0,22
256,0102,-0.1,6.5,-5.1,22
256,0103,-0.1,6.5,-5.1,22
256,0104,-0.1,6.4,-5.1,22
256,0105,-0.2,6.3,-5.1,22
256,0106,-0.1,6.2,-5.0,22
256,0107,-0.1,6.2,-5.0,22
256,0108,-0.1,6.2,-4.9,22
256,0109,-0.1,6.2,-4.9,22
256,0110,-0.1,6.2,-4.9,22
256,0111,-0.1,6.2,-5.0,22
256,0112,-0.1,6.2,-5.0,22
256,0113,-0.0,6.2,-4.8,22
256,0114,-0.1,6.2,-4.8,22
256,0115,-0.1,6.1,-4.9,22
256,0116,-0.1,6.1,-4.8,22
256,0117,-0.2,6.0,-4.8,22
256,0118,-0.2,6.0,-4.9,22
256,0119,-0.3,5.9,-5.0,22
256,0120,-0.3,5.9,-5.0,22
256,0121,-0.4,6.0,-5.2,22
256,0122,-0.4,6.0,-5.3,22
256,0123,-0.5,6.0,-5.3,22
256,0124,-0.4,6.0,-5.3,22
256,0125,-0.5,6.0,-5.3,22
256,0126,-0.5,5.9,-5.4,22
256,0127,-0.6,5.9,-5.4,22
256,0128,-0.6,6.0,-5.6,22
256,0129,-0.6,6.1,-5.6,22
256,0130,-0.5,6.4,-5.6,22
256,0131,-0.3,6.7,-5.6,22
256,0201,-0.2,6.8,-5.5,22
256,0202,-0.1,6.9,-5.3,22
256,0203,0.1,7.1,-5.3,22
256,0204,0.2,7.2,-5.2,22
256,0205,0.3,7.3,-5.1,22
256,0206,0.5,7.6,-5.0,22
256,0207,0.7,7.9,-4.9,22
256,0208,0.8,8.0,-4.7,22
256,0209,1.0,8.1,-4.6,22
256,0210,1.2,8.3,-4.4,22
256,0211,1.3,8.6,-4.3,22
256,0212,1.4,8.7,-4.2,22
256,0213,1.6,8.9,-4.1,22
256,0214,1.6,8.9,-4.1,22
256,0215,1.7,8.9,-4.0,22
256,0216,1.8,9.1,-3.9,22
256,0217,2.0,9.4,-3.9,22
256,0218,2.2,9.6,-3.7,22
256,0219,2.4,9.8,-3.5,22
256,0220,2.5,9.9,-3.3,22
256,0221,2.7,10.0,-3.1,22
256,0222,2.7,10.0,-3.1,22
256,0223,2.9,10.2,-3.0,22
256,0224,3.0,10.4,-2.9,22
256,0225,3.2,10.6,-2.7,22
256,0226,3.3,10.7,-2.6,22
256,0227,3.5,10.8,-2.4,22
256,0228,3.7,10.9,-2.2,22
256,0229,3.9,11.0,-2.0,0
256,0301,4.0,11.2,-1.8,22
256,0302,4.1,11.3,-1.7,22
256,0303,4.3,11.4,-1.6,22
256,0304,4.4,11.5,-1.5,22
256,0305,4.5,11.7,-1.5,22
256,0306,4.6,12.0,-1.5,22
256,0307,4.7,12.2,-1.4,22
256,0308,4.8,12.3,-1.3,22
256,0309,5.0,12.4,-1.1,22
256,0310,5.2,12.6,-0.9,22
256,0311,5.4,12.8,-0.8,22
256,0312,5.6,13.1,-0.7,22
256,0313,5.9,13.4,-0.5,22
256,0314,6.0,13.6,-0.3,22
256,0315,6.2,13.8,-0.2,22
256,0316,6.4,13.9,0.1,22
256,0317,6.6,14.0,0.3,22
256,0318,6.7,14.1,0.4,22
256,0319,6.8,14.3,0.5,22
256,0320,7.1,14.5,0.6,22
256,0321,7.2,14.5,0.9,22
256,0322,7.4,14.7,1.0,22
256,0323,7.5,14.9,1.1,22
256,0324,7.7,15.1,1.1,22
256,0325,7.8,15.2,1.2,22
256,0326,8.0,15.4,1.3,22
256,0327,8.1,15.6,1.4,22
256,0328,8.2,15.7,1.5,22
256,0329,8.4,16.0,1.6,22
256,0330,8.6,16.3,1.7,22
256,0331,8.9,16.6,1.9,22
256,0401,9.2,17.1,2.0,22
256,0402,9.4,17.4,2.3,21
256,0403,9.7,17.6,2.6,21
256,0404,9.9,17.8,2.8,21
256,0405,10.2,18.0,3.0,21
256,0406,10.3,18.2,3.2,22
256,0407,10.6,18.5,3.3,21
256,0408,10.8,18.8,3.6,21
256,0409,11.0,19.1,3.8,21
256,0410,11.3,19.4,3.9,21
256,0411,11.6,19.7,4.2,21
256,0412,11.8,20.0,4.4,22
256,0413,12.0,20.0,4.7,22
256,0414,12.3,20.2,5.1,22
256,0415,12.4,20.3,5.3,22
256,0416,12.6,20.4,5.5,22
256,0417,12.7,20.6,5.5,22
256,0418,12.8,20.7,5.6,22
256,0419,12.9,20.9,5.6,22
256,0420,13.0,21.1,5.7,22
256,0421,13.2,21.3,5.8,22
256,0422,13.4,21.5,6.1,22
256,0423,13.7,21.6,6.4,22
256,0424,13.9,21.7,6.7,22
256,0425,14.1,21.9,7.0,22
256,0426,14.3,22.0,7.3,22
256,0427,14.5,22.2,7.5,22
256,0428,14.7,22.4,7.6,22
256,0429,14.8,22.5,7.7,22
256,0430,15.0,22.7,7.9,22
256,0501,15.2,22.9,8.2,22
256,0502,15.4,23.1,8.4,22
256,0503,15.6,23.3,8.7,22
256,0504,15.8,23.4,9.0,22
256,0505,16.0,23.4,9.2,22
256,0506,16.1,23.5,9.5,22
256,0507,16.2,23.6,9.7,22
256,0508,16.3,23.6,9.8,22
256,0509,16.4,23.7,9.9,22
256,0510,16.5,23.7,9.9,22
256,0511,16.5,23.8,10.0,22
256,0512,16.6,23.8,10.1,22
256,0513,16.7,24.0,10.3,22
256,0514,16.9,24.2,10.4,22
256,0515,17.0,24.3,10.4,22
256,0516,17.0,24.4,10.5,22
256,0517,17.2,24.4,10.7,22
256,0518,17.3,24.6,10.9,22
256,0519,17.5,24.8,11.1,22
256,0520,17.6,25.0,11.2,22
256,0521,17.8,25.1,11.4,22
256,0522,17.9,25.3,11.5,22
256,0523,18.1,25.5,11.6,22
256,0524,18.2,25.7,11.7,22
256,0525,18.4,25.9,11.8,22
256,0526,18.6,26.0,12.1,22
256,0527,18.7,26.2,12.3,22
256,0528,18.9,26.3,12.5,22
256,0529,19.1,26.4,12.8,22
256,0530,19.3,26.6,13.0,22
256,0531,19.4,26.8,13.2,22
256,0601,19.6,26.8,13.4,22
256,0602,19.7,27.0,13.7,22
256,0603,19.9,27.1,13.9,22
256,0604,20.1,27.3,14.1,22
256,0605,20.3,27.4,14.4,22
256,0606,20.4,27.5,14.6,22
256,0607,20.6,27.6,14.8,22
256,0608,20.8,27.7,15.1,22
256,0609,20.9,27.8,15.3,22
256,0610,21.1,27.9,15.5,22
256,0611,21.2,28.0,15.7,22
256,0612,21.3,28.0,15.9,22
256,0613,21.4,28.0,16.1,22
256,0614,21.5,28.0,16.2,22
256,0615,21.6,28.0,16.4,22
256,0616,21.7,28.1,16.6,22
256,0617,21.8,28.0,16.8,22
256,0618,21.9,28.0,16.9,22
256,0619,21.9,27.9,17.1,22
256,0620,22.1,27.9,17.3,22
256,0621,22.2,27.9,17.5,22
256,0622,22.3,28.0,17.8,22
256,0623,22.4,27.9,18.0,22
256,0624,22.5,27.8,18.3,22
256,0625,22.6,27.7,18.6,22
256,0626,22.8,27.8,18.8,22
256,0627,22.9,27.8,19.0,22
256,0628,23.0,27.9,19.1,22
256,0629,23.0,27.8,19.3,22
256,0630,23.1,27.9,19.4,22
256,0701,23.2,28.0,19.6,22
256,0702,23.4,28.2,19.7,22
256,0703,23.5,28.3,19.9,21
256,0704,23.6,28.3,20.1,21
256,0705,23.7,28.3,20.2,21
256,0706,23.8,28.4,20.4,21
256,0707,23.9,28.5,20.5,21
256,0708,24.0,28.6,20.6,21
256,0709,24.1,28.8,20.7,21
256,0710,24.2,28.9,20.7,21
256,0711,24.3,29.0,20.7,21
256,0712,24.4,29.2,20.8,21
256,0713,24.5,29.3,20.9,21
256,0714,24.7,29.5,21.1,21
256,0715,24.8,29.6,21.2,21
256,0716,25.0,29.8,21.3,21
256,0717,25.1,30.0,21.4,21
256,0718,25.2,30.2,21.5,21
256,0719,25.4,30.5,21.6,21
256,0720,25.5,30.7,21.7,21
256,0721,25.6,30.8,21.7,21
256,0722,25.7,31.0,21.8,21
256,0723,25.8,31.1,21.9,21
256,0724,25.9,31.3,22.0,21
256,0725,26.0,31.5,22.0,21
256,0726,26.1,31.6,22.1,21
256,0727,26.1,31.6,22.2,21
256,0728,26.1,31.7,22.2,21
256,0729,26.1,31.7,22.2,21
256,0730,26.1,31.7,22.2,21
256,0731,26.1,31.7,22.2,21
256,0801,26.1,31.7,22.2,21
256,0802,26.1,31.6,22.2,21
256,0803,26.1,31.6,22.2,21
256,0804,26.1,31.5,22.2,21
256,0805,26.0,31.5,22.2,21
256,0806,26.0,31.4,22.2,21
256,0807,25.9,31.3,22.1,21
256,0808,25.9,31.3,22.1,21
256,0809,25.8,31.2,22.0,21
256,0810,25.8,31.1,22.0,21
256,0811,25.7,31.1,21.9,21
256,0812,25.6,31.0,21.9,21
256,0813,25.6,30.9,21.8,21
256,0814,25.5,30.8,21.8,21
256,0815,25.4,30.7,21.7,21
256,0816,25.2,30.6,21.6,21
256,0817,25.1,30.5,21.4,21
256,0818,25.0,30.4,21.3,21
256,0819,24.9,30.3,21.2,21
256,0820,24.8,30.2,21.0,21
256,0821,24.7,30.2,20.9,21
256,0822,24.5,30.2,20.7,21
256,0823,24.4,30.0,20.6,21
256,0824,24.3,29.9,20.5,21
256,0825,24.2,29.8,20.4,21
256,0826,24.1,29.7,20.2,21
256,0827,24.0,29.7,20.1,21
256,0828,23.9,29.7,20.0,21
256,0829,23.8,29.6,19.8,21
256,0830,23.7,29.6,19.7,21
256,0831,23.6,29.5,19.6,21
256,0901,23.5,29.5,19.4,21
256,0902,23.3,29.4,19.3,21
256,0903,23.2,29.3,19.1,21
256,0904,23.0,29.2,18.9,21
256,0905,22.9,29.0,18.8,21
256,0906,22.7,28.8,18.6,21
256,0907,22.5,28.8,18.4,21
256,0908,22.3,28.7,18.1,21
256,0909,22.1,28.5,17.9,21
256,0910,21.9,28.3,17.6,21
256,0911,21.7,28.2,17.4,21
256,0912,21.5,28.1,17.1,21
256,0913,21.3,27.9,16.9,21
256,0914,21.1,27.8,16.7,21
256,0915,20.8,27.5,16.3,21
256,0916,20.6,27.3,16.1,21
256,0917,20.3,27.2,15.8,21
256,0918,20.1,27.0,15.5,21
256,0919,19.9,26.9,15.2,21
256,0920,19.6,26.8,14.9,21
256,0921,19.4,26.6,14.6,21
256,0922,19.1,26.4,14.3,21
256,0923,18.9,26.2,14.1,21
256,0924,18.8,26.1,13.9,21
256,0925,18.5,25.9,13.6,21
256,0926,18.3,25.7,13.3,21
256,0927,18.0,25.4,13.0,21
256,0928,17.7,25.2,12.7,21
256,0929,17.4,25.0,12.3,21
256,0930,17.2,24.8,12.1,21
256,1001,17.0,24.7,11.8,21
256,1002,16.7,24.6,11.4,21
256,1003,16.5,24.5,11.2,21
256,1004,16.3,24.4,11.0,21
256,1005,16.2,24.2,10.8,21
256,1006,16.0,24.2,10.6,21
256,1007,15.8,24.0,10.4,21
256,1008,15.6,23.9,10.0,21
256,1009,15.3,23.7,9.6,21
256,1010,15.0,23.5,9.3,21
256,1011,14.8,23.4,9.1,21
256,1012,14.6,23.2,8.9,21
256,1013,14.4,23.1,8.7,21
256,1014,14.3,23.0,8.5,21
256,1015,14.2,22.8,8.4,21
256,1016,14.0,22.6,8.2,21
256,1017,13.8,22.4,8.0,21
256,1018,13.7,22.2,7.8,21
256,1019,13.4,21.9,7.5,21
256,1020,13.1,21.6,7.2,21
256,1021,12.8,21.4,6.9,21
256,1022,12.6,21.1,6.7,21
256,1023,12.4,20.9,6.5,21
256,1024,12.2,20.7,6.3,21
256,1025,12.0,20.4,6.2,21
256,1026,11.7,20.1,5.9,21
256,1027,11.5,19.9,5.7,21
256,1028,11.2,19.7,5.4,21
256,1029,11.1,19.5,5.2,21
256,1030,10.9,19.4,5.1,21
256,1031,10.8,19.3,5.0,21
256,1101,10.6,19.0,4.8,21
256,1102,10.4,18.8,4.7,21
256,1103,10.3,18.6,4.7,21
256,1104,10.3,18.4,4.6,21
256,1105,10.1,18.2,4.5,21
256,1106,9.9,18.1,4.3,21
256,1107,9.8,17.8,4.1,21
256,1108,9.6,17.5,4.0,21
256,1109,9.3,17.3,3.7,21
256,1110,9.1,17.0,3.4,21
256,1111,8.8,16.6,3.2,21
256,1112,8.6,16.3,3.0,21
256,1113,8.3,15.9,2.7,21
256,1114,7.9,15.5,2.3,21
256,1115,7.5,15.1,1.9,21
256,1116,7.2,14.9,1.5,21
256,1117,6.9,14.7,1.2,21
256,1118,6.6,14.5,0.9,21
256,1119,6.3,14.2,0.6,21
256,1120,6.1,13.9,0.4,21
256,1121,5.9,13.7,0.2,21
256,1122,5.6,13.4,-0.0,21
256,1123,5.5,13.3,-0.2,21
256,1124,5.3,13.2,-0.3,21
256,1125,5.2,13.0,-0.4,21
256,1126,5.1,12.9,-0.5,21
256,1127,4.9,12.7,-0.6,21
256,1128,4.7,12.4,-0.8,21
256,1129,4.5,12.2,-0.9,21
256,1130,4.4,11.9,-0.9,21
256,1201,4.3,11.6,-0.9,21
256,1202,4.1,11.3,-1.1,21
256,1203,3.9,11.0,-1.3,21
256,1204,3.7,10.7,-1.5,21
256,1205,3.5,10.5,-1.7,21
256,1206,3.3,10.2,-1.8,21
256,1207,3.0,9.9,-2.1,21
256,1208,2.8,9.7,-2.3,21
256,1209,2.6,9.4,-2.5,21
256,1210,2.4,9.1,-2.7,21
256,1211,2.2,9.0,-2.9,21
256,1212,2.1,8.8,-3.0,21
256,1213,2.0,8.8,-3.1,21
256,1214,1.9,8.7,-3.2,21
256,1215,1.7,8.6,-3.4,21
256,1216,1.6,8.6,-3.5,21
256,1217,1.5,8.5,-3.6,21
256,1218,1.4,8.4,-3.6,21
256,1219,1.3,8.3,-3.7,21
256,1220,1.2,8.2,-3.8,21
256,1221,1.1,8.2,-4.0,21
256,1222,1.0,8.0,-4.1,21
256,1223,0.9,7.9,-4.2,21
256,1224,0.7,7.8,-4.3,21
256,1225,0.6,7.7,-4.4,21
256,1226,0.6,7.6,-4.5,21
256,1227,0.5,7.5,-4.5,21
256,1228,0.4,7.4,-4.6,21
256,1229,0.3,7.2,-4.7,21
256,1230,0.3,7.1,-4.8,21
256,1231,0.1,6.8,-4.9,21
260,0101,1.4,7.1,-3.7,30
260,0102,1.4,7.0,-3.7,30
260,0103,1.3,6.9,-3.8,30
260,0104,1.3,6.9,-3.8,30
260,0105,1.2,6.8,-3.8,30
260,0106,1.2,6.8,-3.8,30
260,0107,1.2,6.7,-3.7,30
260,0108,1.3,6.7,-3.7,30
260,0109,1.2,6.7,-3.7,30
260,0110,1.2,6.6,-3.7,30
260,0111,1.2,6.6,-3.7,30
260,0112,1.2,6.5,-3.7,30
260,0113,1.2,6.5,-3.6,30
260,0114,1.1,6.4,-3.6,30
260,0115,1.1,6.4,-3.7,30
260,0116,1.0,6.3,-3.7,30
260,0117,0.9,6.2,-3.8,30
260,0118,0.9,6.2,-3.9,30
260,0119,0.9,6.2,-3.9,30
260,0120,0.9,6.1,-3.9,30
260,0121,0.8,6.2,-4.0,30
260,0122,0.8,6.2,-4.1,30
260,0123,0.8,6.2,-4.1,30
260,0124,0.8,6.2,-4.1,30
260,0125,0.8,6.3,-4.1,30
260,0126,0.8,6.2,-4.1,30
260,0127,0.7,6.2,-4.1,30
260,0128,0.7,6.2,-4.2,30
260,0129,0.7,6.3,-4.3,30
260,0130,0.8,6.4,-4.3,30
260,0131,0.8,6.6,-4.3,30
260,0201,0.9,6.8,-4.2,30
260,0202,1.0,6.8,-4.1,30
260,0203,1.1,6.9,-4.1,30
260,0204,1.2,7.1,-4.1,30
260,0205,1.3,7.1,-3.9,30
260,0206,1.5,7.3,-3.8,30
260,0207,1.6,7.6,-3.7,30
260,0208,1.7,7.7,-3.6,30
260,0209,1.8,7.8,-3.6,30
260,0210,2.0,7.9,-3.5,30
260,0211,2.1,8.1,-3.4,30
260,0212,2.2,8.2,-3.3,30
260,0213,2.3,8.4,-3.2,30
260,0214,2.4,8.5,-3.1,30
260,0215,2.5,8.6,-3.0,30
260,0216,2.7,8.9,-3.0,30
260,0217,2.9,9.1,-2.9,30
260,0218,3.1,9.4,-2.7,30
260,0219,3.2,9.5,-2.6,30
260,0220,3.4,9.7,-2.5,30
260,0221,3.5,9.8,-2.3,30
260,0222,3.6,9.8,-2.3,30
260,0223,3.7,9.9,-2.1,30
260,0224,3.8,10.1,-2.0,30
260,0225,4.0,10.4,-2.0,30
260,0226,4.1,10.5,-1.8,30
260,0227,4.3,10.7,-1.6,30
260,0228,4.5,10.8,-1.4,30
260,0229,4.6,10.9,-1.2,0
260,0301,4.7,11.1,-1.1,30
260,0302,4.9,11.2,-1.0,30
260,0303,5.0,11.3,-0.8,30
260,0304,5.0,11.4,-0.8,30
260,0305,5.1,11.5,-0.8,30
260,0306,5.2,11.7,-0.8,30
260,0307,5.3,11.9,-0.8,30
260,0308,5.4,12.0,-0.7,30
260,0309,5.6,12.1,-0.6,30
260,0310,5.8,12.4,-0.4,30
260,0311,6.0,12.5,-0.3,30
260,0312,6.2,12.8,-0.1,30
260,0313,6.4,13.0,0.0,30
260,0314,6.5,13.2,0.1,30
260,0315,6.7,13.4,0.3,30
260,0316,6.9,13.5,0.5,30
260,0317,7.0,13.6,0.6,30
260,0318,7.1,13.7,0.8,30
260,0319,7.3,13.9,0.9,30
260,0320,7.5,14.1,1.1,30
260,0321,7.6,14.2,1.3,30
260,0322,7.8,14.4,1.5,30
260,0323,8.0,14.6,1.7,30
260,0324,8.2,14.8,1.7,30
260,0325,8.3,14.9,1.9,30
260,0326,8.4,15.1,2.0,30
260,0327,8.5,15.2,2.1,30
260,0328,8.7,15.4,2.2,30
260,0329,8.9,15.6,2.3,30
260,0330,9.0,15.8,2.4,30
260,0331,9.3,16.1,2.5,30
260,0401,9.5,16.4,2.7,30
260,0402,9.8,16.7,3.0,30
260,0403,10.0,16.9,3.3,30
260,0404,10.2,17.0,3.5,30
260,0405,10.4,17.2,3.7,30
260,0406,10.5,17.3,3.8,30
260,0407,10.7,17.5,3.9,30
260,0408,10.8,17.8,4.0,30
260,0409,11.0,18.0,4.1,30
260,0410,11.2,18.2,4.3,30
260,0411,11.5,18.4,4.5,30
260,0412,11.7,18.6,4.8,30
260,0413,11.9,18.7,5.0,30
260,0414,12.1,18.8,5.4,30
260,0415,12.3,19.0,5.6,30
260,0416,12.4,19.1,5.8,30
260,0417,12.5,19.2,5.8,30
260,0418,12.7,19.4,5.8,30
260,0419,12.8,19.6,5.9,30
260,0420,12.9,19.7,6.0,30
260,0421,13.1,19.9,6.1,30
260,0422,13.3,20.0,6.4,30
260,0423,13.6,20.2,6.7,30
260,0424,13.8,20.3,7.0,30
260,0425,14.0,20.4,7.3,30
260,0426,14.2,20.6,7.5,30
260,0427,14.3,20.8,7.7,30
260,0428,14.5,21.0,7.8,30
260,0429,14.6,21.2,7.9,30
260,0430,14.8,21.4,8.1,30
260,0501,15.0,21.6,8.2,30
260,0502,15.2,21.8,8.5,30
260,0503,15.4,21.9,8.8,30
260,0504,15.6,22.0,9.0,30
260,0505,15.8,22.0,9.4,30
260,0506,15.9,22.2,9.6,30
260,0507,16.1,22.3,9.8,30
260,0508,16.2,22.4,10.0,30
260,0509,16.3,22.5,10.1,30
260,0510,16.4,22.6,10.2,30
260,0511,16.5,22.7,10.3,30
260,0512,16.6,22.7,10.5,30
260,0513,16.8,22.8,10.8,30
260,0514,16.9,23.0,10.9,30
260,0515,17.0,23.2,11.0,30
260,0516,17.2,23.3,11.2,30
260,0517,17.4,23.4,11.4,30
260,0518,17.6,23.6,11.6,30
260,0519,17.8,23.8,11.8,30
260,0520,17.9,24.0,12.0,30
260,0521,18.0,24.1,12.2,30
260,0522,18.2,24.3,12.4,30
260,0523,18.3,24.5,12.5,30
260,0524,18.5,24.7,12.6,30
260,0525,18.6,24.8,12.7,30
260,0526,18.8,24.9,13.0,30
260,0527,18.9,25.1,13.1,30
260,0528,19.1,25.3,13.3,30
260,0529,19.3,25.4,13.6,30
260,0530,19.4,25.5,13.8,30
260,0531,19.5,25.6,14.1,30
260,0601,19.6,25.6,14.2,30
260,0602,19.8,25.6,14.5,30
260,0603,19.9,25.7,14.7,30
260,0604,20.1,25.8,15.0,30
260,0605,20.3,25.9,15.2,30
260,0606,20.4,25.9,15.5,30
260,0607,20.5,26.0,15.7,30
260,0608,20.7,26.0,16.0,30
260,0609,20.8,26.1,16.2,30
260,0610,20.9,26.2,16.3,30
260,0611,21.0,26.2,16.5,30
260,0612,21.1,26.3,16.7,30
260,0613,21.2,26.3,16.9,30
260,0614,21.4,26.3,17.1,30
260,0615,21.5,26.4,17.3,30
260,0616,21.6,26.4,17.5,30
260,0617,21.6,26.5,17.6,30
260,0618,21.7,26.4,17.7,30
260,0619,21.8,26.5,17.8,30
260,0620,21.9,26.5,18.0,30
260,0621,22.0,26.5,18.2,30
260,0622,22.1,26.5,18.4,30
260,0623,22.2,26.5,18.6,30
260,0624,22.2,26.4,18.8,30
260,0625,22.4,26.4,19.1,30
260,0626,22.5,26.5,19.3,30
260,0627,22.6,26.5,19.4,30
260,0628,22.7,26.6,19.6,30
260,0629,22.7,26.5,19.7,30
260,0630,22.9,26.6,19.8,30
260,0701,23.0,26.7,20.0,30
260,0702,23.1,26.9,20.1,30
260,0703,23.3,27.0,20.3,30
260,0704,23.4,27.1,20.4,30
260,0705,23.5,27.1,20.5,30
260,0706,23.6,27.2,20.7,30
260,0707,23.7,27.4,20.8,30
260,0708,23.8,27.5,20.9,30
260,0709,23.9,27.7,21.0,30
260,0710,24.0,27.8,21.1,30
260,0711,24.1,27.9,21.1,30
260,0712,24.3,28.1,21.2,30
260,0713,24.4,28.3,21.4,30
260,0714,24.6,28.5,21.5,30
260,0715,24.7,28.6,21.6,30
260,0716,24.9,28.8,21.8,30
260,0717,25.0,28.9,21.9,30
260,0718,25.1,29.1,22.0,30
260,0719,25.3,29.4,22.0,30
260,0720,25.4,29.5,22.1,30
260,0721,25.5,29.7,22.2,30
260,0722,25.6,29.8,22.3,30
260,0723,25.8,30.0,22.4,30
260,0724,25.9,30.2,22.4,30
260,0725,26.0,30.3,22.5,30
260,0726,26.1,30.5,22.7,30
260,0727,26.2,30.5,22.7,30
260,0728,26.3,30.6,22.8,30
260,0729,26.3,30.7,22.8,30
260,0730,26.4,30.7,22.8,30
260,0731,26.4,30.8,22.8,30
260,0801,26.4,30.9,22.8,30
260,0802,26.5,30.9,22.9,30
260,0803,26.5,30.9,22.9,30
260,0804,26.5,30.9,22.9,30
260,0805,26.5,30.9,22.9,30
260,0806,26.5,30.9,22.9,30
260,0807,26.4,30.8,22.9,30
260,0808,26.4,30.7,22.8,30
260,0809,26.3,30.7,22.8,30
260,0810,26.2,30.7,22.7,30
260,0811,26.2,30.6,22.6,30
260,0812,26.1,30.6,22.5,30
260,0813,26.0,30.5,22.5,30
260,0814,25.9,30.4,22.4,30
260,0815,25.9,30.3,22.3,30
260,0816,25.7,30.2,22.2,30
260,0817,25.6,30.0,22.0,30
260,0818,25.5,29.9,21.9,30
260,0819,25.4,29.9,21.8,30
260,0820,25.3,29.7,21.7,30
260,0821,25.2,29.7,21.5,30
260,0822,25.0,29.6,21.3,30
260,0823,24.9,29.5,21.2,30
260,0824,24.8,29.4,21.0,30
260,0825,24.6,29.2,20.9,30
260,0826,24.5,29.1,20.7,30
260,0827,24.4,29.0,20.6,30
260,0828,24.2,28.9,20.4,30
260,0829,24.1,28.8,20.2,30
260,0830,23.9,28.7,20.1,30
260,0831,23.8,28.6,19.9,30
260,0901,23.7,28.6,19.6,30
260,0902,23.5,28.5,19.4,30
260,0903,23.3,28.4,19.2,30
260,0904,23.2,28.3,19.0,30
260,0905,23.0,28.1,18.9,30
260,0906,22.8,28.0,18.7,30
260,0907,22.7,27.9,18.5,30
260,0908,22.6,27.8,18.3,30
260,0909,22.4,27.6,18.1,30
260,0910,22.2,27.6,17.9,30
260,0911,22.1,27.5,17.7,30
260,0912,21.9,27.4,17.5,30
260,0913,21.7,27.3,17.2,30
260,0914,21.5,27.2,16.9,30
260,0915,21.3,27.0,16.7,30
260,0916,21.1,26.8,16.4,30
260,0917,20.9,26.7,16.2,30
260,0918,20.7,26.6,15.9,30
260,0919,20.6,26.5,15.7,30
260,0920,20.3,26.4,15.3,30
260,0921,20.2,26.3,15.1,30
260,0922,20.0,26.1,14.9,30
260,0923,19.8,25.9,14.6,30
260,0924,19.6,25.8,14.4,30
260,0925,19.4,25.7,14.1,30
260,0926,19.2,25.5,13.9,30
260,0927,19.0,25.3,13.6,30
260,0928,18.7,25.1,13.3,30
260,0929,18.5,25.0,13.1,30
260,0930,18.3,24.9,12.8,30
260,1001,18.1,24.8,12.6,30
260,1002,17.9,24.6,12.3,30
260,1003,17.7,24.5,12.0,30
260,1004,17.5,24.4,11.8,30
260,1005,17.3,24.2,11.6,30
260,1006,17.1,24.1,11.3,30
260,1007,16.9,24.0,10.9,30
260,1008,16.6,23.8,10.6,30
260,1009,16.4,23.6,10.2,30
260,1010,16.1,23.4,9.9,30
260,1011,15.9,23.2,9.6,30
260,1012,15.7,23.1,9.3,30
260,1013,15.5,23.0,9.1,30
260,1014,15.3,22.9,9.0,30
260,1015,15.2,22.7,8.8,30
260,1016,15.0,22.5,8.6,30
260,1017,14.9,22.3,8.5,30
260,1018,14.7,22.1,8.4,30
260,1019,14.4,21.8,8.1,30
260,1020,14.2,21.6,7.8,30
260,1021,14.0,21.4,7.6,30
260,1022,13.7,21.1,7.4,30
260,1023,13.5,20.9,7.2,30
260,1024,13.3,20.7,7.0,30
260,1025,13.1,20.4,6.9,30
260,1026,12.8,20.1,6.6,30
260,1027,12.6,19.9,6.4,30
260,1028,12.3,19.6,6.1,30
260,1029,12.1,19.4,5.9,30
260,1030,11.9,19.3,5.7,30
260,1031,11.8,19.2,5.5,30
260,1101,11.6,18.9,5.4,30
260,1102,11.4,18.7,5.2,30
260,1103,11.3,18.5,5.2,30
260,1104,11.2,18.3,5.1,30
260,1105,11.0,18.1,5.0,30
260,1106,10.8,17.9,4.8,30
260,1107,10.7,17.7,4.7,30
260,1108,10.5,17.5,4.5,30
260,1109,10.3,17.3,4.3,30
260,1110,10.2,17.1,4.2,30
260,1111,10.0,16.8,4.0,30
260,1112,9.8,16.5,3.9,30
260,1113,9.5,16.1,3.7,30
260,1114,9.1,15.7,3.3,30
260,1115,8.8,15.3,3.0,30
260,1116,8.5,15.1,2.6,30
260,1117,8.2,14.9,2.3,30
260,1118,8.0,14.7,2.1,30
260,1119,7.7,14.5,1.8,30
260,1120,7.5,14.1,1.6,30
260,1121,7.3,13.9,1.4,30
260,1122,7.1,13.7,1.2,30
260,1123,6.9,13.5,1.1,30
260,1124,6.7,13.3,0.9,30
260,1125,6.5,13.1,0.7,30
260,1126,6.3,13.0,0.5,30
260,1127,6.1,12.7,0.4,30
260,1128,5.9,12.5,0.2,30
260,1129,5.7,12.2,0.1,30
260,1130,5.5,11.9,-0.0,30
260,1201,5.3,11.6,-0.2,30
260,1202,5.1,11.3,-0.4,30
260,1203,4.9,11.0,-0.6,30
260,1204,4.7,10.8,-0.8,30
260,1205,4.5,10.5,-1.0,30
260,1206,4.2,10.3,-1.1,30
260,1207,4.0,10.0,-1.4,30
260,1208,3.8,9.7,-1.6,30
260,1209,3.5,9.4,-1.8,30
260,1210,3.4,9.2,-1.9,30
260,1211,3.2,9.0,-2.1,30
260,1212,3.1,8.9,-2.2,30
260,1213,3.0,8.8,-2.3,30
260,1214,2.9,8.8,-2.4,30
260,1215,2.9,8.8,-2.5,30
260,1216,2.8,8.8,-2.5,30
260,1217,2.8,8.7,-2.6,30
260,1218,2.6,8.6,-2.7,30
260,1219,2.5,8.5,-2.8,30
260,1220,2.4,8.4,-2.9,30
260,1221,2.3,8.3,-3.0,30
260,1222,2.2,8.2,-3.1,30
260,1223,2.1,8.1,-3.2,30
260,1224,2.0,8.0,-3.3,30
260,1225,1.9,7.9,-3.4,30
260,1226,1.9,7.9,-3.4,30
260,1227,1.8,7.9,-3.5,30
260,1228,1.7,7.7,-3.6,30
260,1229,1.6,7.6,-3.7,30
260,1230,1.6,7.4,-3.7,30
260,1231,1.5,7.3,-3.7,30
261,0101,1.8,7.0,-3.2,30
261,0102,1.7,6.9,-3.2,30
261,0103,1.6,6.8,-3.3,30
261,0104,1.6,6.8,-3.3,30
261,0105,1.6,6.7,-3.3,30
261,0106,1.6,6.6,-3.2,30
261,0107,1.5,6.6,-3.2,30
261,0108,1.5,6.6,-3.2,30
261,0109,1.5,6.5,-3.2,30
261,0110,1.5,6.4,-3.2,30
261,0111,1.4,6.4,-3.2,30
261,0112,1.4,6.4,-3.2,30
261,0113,1.5,6.4,-3.1,30
261,0114,1.4,6.3,-3.1,30
261,0115,1.3,6.2,-3.1,30
261,0116,1.3,6.1,-3.2,30
261,0117,1.2,6.1,-3.3,30
261,0118,1.2,6.0,-3.3,30
261,0119,1.2,6.0,-3.3,30
261,0120,1.1,6.0,-3.4,30
261,0121,1.1,6.0,-3.5,30
261,0122,1.1,6.1,-3.6,30
261,0123,1.1,6.0,-3.6,30
261,0124,1.1,6.1,-3.6,30
261,0125,1.1,6.0,-3.5,30
261,0126,1.1,6.0,-3.5,30
261,0127,1.1,6.0,-3.5,30
261,0128,1.0,6.0,-3.7,30
261,0129,1.0,6.0,-3.8,30
261,0130,1.0,6.1,-3.8,30
261,0131,1.1,6.3,-3.8,30
261,0201,1.2,6.4,-3.7,30
261,0202,1.2,6.4,-3.7,30
261,0203,1.3,6.6,-3.7,30
261,0204,1.4,6.7,-3.6,30
261,0205,1.5,6.7,-3.5,30
261,0206,1.7,6.9,-3.4,30
261,0207,1.8,7.1,-3.3,30
261,0208,1.9,7.3,-3.3,30
261,0209,1.9,7.3,-3.2,30
261,0210,2.0,7.5,-3.2,30
261,0211,2.1,7.6,-3.1,30
261,0212,2.3,7.7,-3.0,30
261,0213,2.4,7.9,-3.0,30
261,0214,2.5,8.0,-2.9,30
261,0215,2.6,8.2,-2.8,30
261,0216,2.7,8.4,-2.7,30
261,0217,2.9,8.7,-2.6,30
261,0218,3.1,8.9,-2.5,30
261,0219,3.2,9.1,-2.4,30
261,0220,3.4,9.3,-2.3,30
261,0221,3.5,9.4,-2.1,30
261,0222,3.5,9.4,-2.1,30
261,0223,3.6,9.5,-1.9,30
261,0224,3.8,9.7,-1.9,30
261,0225,3.9,9.9,-1.8,30
261,0226,4.1,10.1,-1.6,30
261,0227,4.3,10.3,-1.4,30
261,0228,4.5,10.4,-1.2,30
261,0229,4.6,10.5,-1.1,0
261,0301,4.7,10.6,-1.0,30
261,0302,4.9,10.7,-0.9,30
261,0303,5.0,10.8,-0.7,30
261,0304,5.0,10.8,-0.7,30
261,0305,5.1,11.0,-0.7,30
261,0306,5.2,11.2,-0.6,30
261,0307,5.3,11.3,-0.6,30
261,0308,5.4,11.4,-0.6,30
261,0309,5.5,11.6,-0.5,30
261,0310,5.8,11.9,-0.3,30
261,0311,5.9,12.1,-0.2,30
261,0312,6.1,12.3,-0.1,30
261,0313,6.3,12.5,0.1,30
261,0314,6.5,12.7,0.3,30
261,0315,6.6,12.9,0.4,30
261,0316,6.8,13.0,0.6,30
261,0317,6.8,13.0,0.7,30
261,0318,7.0,13.2,0.8,30
261,0319,7.2,13.4,1.0,30
261,0320,7.4,13.6,1.2,30
261,0321,7.5,13.6,1.3,30
261,0322,7.7,13.8,1.5,30
261,0323,7.8,14.0,1.7,30
261,0324,8.0,14.2,1.8,30
261,0325,8.1,14.3,2.0,30
261,0326,8.3,14.4,2.1,30
261,0327,8.4,14.6,2.2,30
261,0328,8.5,14.7,2.3,30
261,0329,8.7,15.0,2.4,30
261,0330,8.9,15.2,2.5,30
261,0331,9.1,15.5,2.7,30
261,0401,9.3,15.8,2.9,30
261,0402,9.6,16.1,3.1,30
261,0403,9.8,16.3,3.4,30
261,0404,10.0,16.4,3.6,30
261,0405,10.2,16.6,3.8,30
261,0406,10.3,16.8,3.9,30
261,0407,10.5,16.9,4.0,30
261,0408,10.6,17.1,4.1,30
261,0409,10.8,17.3,4.3,30
261,0410,11.0,17.6,4.5,30
261,0411,11.3,17.8,4.7,30
261,0412,11.5,18.0,5.0,30
261,0413,11.7,18.1,5.2,30
261,0414,11.9,18.3,5.5,30
261,0415,12.1,18.5,5.8,30
261,0416,12.3,18.6,6.0,30
261,0417,12.4,18.7,6.0,30
261,0418,12.5,18.9,6.1,30
261,0419,12.7,19.0,6.1,30
261,0420,12.8,19.2,6.2,30
261,0421,13.0,19.4,6.4,30
261,0422,13.2,19.6,6.7,30
261,0423,13.5,19.8,7.0,30
261,0424,13.7,19.9,7.4,30
261,0425,13.9,20.0,7.6,30
261,0426,14.1,20.2,7.8,30
261,0427,14.3,20.4,8.0,30
261,0428,14.4,20.6,8.1,30
261,0429,14.5,20.7,8.2,30
261,0430,14.7,20.9,8.4,30
261,0501,14.9,21.2,8.5,30
261,0502,15.1,21.3,8.8,30
261,0503,15.3,21.4,9.1,30
261,0504,15.5,21.6,9.4,30
261,0505,15.7,21.7,9.7,30
261,0506,15.9,21.8,9.9,30
261,0507,16.0,22.0,10.1,30
261,0508,16.1,22.1,10.2,30
261,0509,16.2,22.2,10.4,30
261,0510,16.3,22.3,10.5,30
261,0511,16.4,22.3,10.6,30
261,0512,16.5,22.4,10.8,30
261,0513,16.7,22.5,11.0,30
261,0514,16.8,22.7,11.2,30
261,0515,17.0,22.9,11.4,30
261,0516,17.2,23.0,11.6,30
261,0517,17.3,23.1,11.8,30
261,0518,17.5,23.4,12.0,30
261,0519,17.7,23.5,12.2,30
261,0520,17.8,23.8,12.3,30
261,0521,18.0,23.9,12.5,30
261,0522,18.2,24.1,12.7,30
261,0523,18.3,24.2,12.9,30
261,0524,18.4,24.4,13.0,30
261,0525,18.6,24.6,13.1,30
261,0526,18.8,24.8,13.3,30
261,0527,18.9,25.0,13.5,30
261,0528,19.1,25.1,13.7,30
261,0529,19.3,25.3,13.9,30
261,0530,19.4,25.4,14.1,30
261,0531,19.5,25.5,14.3,30
261,0601,19.6,25.6,14.5,30
261,0602,19.8,25.6,14.8,30
261,0603,20.0,25.7,15.0,30
261,0604,20.1,25.8,15.3,30
261,0605,20.3,25.9,15.5,30
261,0606,20.4,26.0,15.8,30
261,0607,20.6,26.0,15.9,30
261,0608,20.7,26.1,16.2,30
261,0609,20.9,26.2,16.4,30
261,0610,21.0,26.2,16.5,30
261,0611,21.1,26.3,16.7,30
261,0612,21.2,26.3,17.0,30
261,0613,21.3,26.4,17.2,30
261,0614,21.4,26.4,17.3,30
261,0615,21.5,26.4,17.5,30
261,0616,21.6,26.5,17.7,30
261,0617,21.7,26.5,17.8,30
261,0618,21.8,26.6,17.9,30
261,0619,21.8,26.6,18.0,30
261,0620,21.9,26.6,18.2,30
261,0621,22.0,26.6,18.3,30
261,0622,22.1,26.7,18.5,30
261,0623,22.2,26.7,18.7,30
261,0624,22.3,26.6,19.0,30
261,0625,22.5,26.6,19.2,30
261,0626,22.6,26.7,19.4,30
261,0627,22.7,26.6,19.6,30
261,0628,22.8,26.7,19.7,30
261,0629,22.8,26.6,19.8,30
261,0630,22.9,26.7,20.0,30
261,0701,23.1,26.8,20.1,30
261,0702,23.2,26.9,20.3,30
261,0703,23.3,27.0,20.5,30
261,0704,23.4,27.1,20.6,30
261,0705,23.6,27.1,20.8,30
261,0706,23.7,27.3,20.9,30
261,0707,23.8,27.4,21.0,30
261,0708,23.9,27.5,21.2,30
261,0709,24.1,27.7,21.3,30
261,0710,24.2,27.9,21.3,30
261,0711,24.3,28.0,21.4,30
261,0712,24.4,28.2,21.5,30
261,0713,24.6,28.4,21.6,30
261,0714,24.8,28.6,21.8,30
261,0715,24.9,28.7,21.9,30
261,0716,25.1,28.9,22.1,30
261,0717,25.2,29.0,22.2,30
261,0718,25.3,29.3,22.3,30
261,0719,25.5,29.5,22.3,30
261,0720,25.6,29.7,22.4,30
261,0721,25.7,29.8,22.5,30
261,0722,25.9,30.0,22.6,30
261,0723,26.0,30.2,22.7,30
261,0724,26.2,30.4,22.8,30
261,0725,26.3,30.6,22.9,30
261,0726,26.4,30.7,23.1,30
261,0727,26.5,30.8,23.2,30
261,0728,26.6,30.8,23.2,30
261,0729,26.6,31.0,23.2,30
261,0730,26.7,31.1,23.2,30
261,0731,26.7,31.1,23.2,30
261,0801,26.8,31.2,23.3,30
261,0802,26.8,31.3,23.3,30
261,0803,26.9,31.2,23.3,30
261,0804,26.9,31.2,23.4,30
261,0805,26.9,31.2,23.4,30
261,0806,26.8,31.2,23.3,30
261,0807,26.8,31.1,23.3,30
261,0808,26.7,31.0,23.2,30
261,0809,26.6,30.9,23.1,30
261,0810,26.5,30.9,23.0,30
261,0811,26.5,30.9,22.9,30
261,0812,26.4,30.9,22.8,30
261,0813,26.3,30.8,22.7,30
261,0814,26.2,30.7,22.7,30
261,0815,26.1,30.6,22.5,30
261,0816,26.0,30.4,22.4,30
261,0817,25.9,30.3,22.3,30
261,0818,25.8,30.2,22.2,30
261,0819,25.7,30.2,22.0,30
261,0820,25.6,30.1,21.9,30
261,0821,25.5,30.0,21.7,30
261,0822,25.4,30.0,21.5,30
261,0823,25.2,29.8,21.4,30
261,0824,25.1,29.7,21.3,30
261,0825,25.0,29.6,21.1,30
261,0826,24.8,29.4,21.0,30
261,0827,24.7,29.3,20.8,30
261,0828,24.6,29.2,20.7,30
261,0829,24.4,29.1,20.5,30
261,0830,24.2,28.9,20.3,30
261,0831,24.1,28.9,20.1,30
261,0901,24.0,28.8,19.9,30
261,0902,23.8,28.7,19.6,30
261,0903,23.6,28.6,19.4,30
261,0904,23.4,28.5,19.2,30
261,0905,23.3,28.3,19.1,30
261,0906,23.1,28.2,18.9,30
261,0907,23.0,28.1,18.7,30
261,0908,22.8,28.0,18.5,30
261,0909,22.7,27.9,18.3,30
261,0910,22.5,27.8,18.1,30
261,0911,22.3,27.6,17.9,30
261,0912,22.2,27.5,17.6,30
261,0913,22.0,27.4,17.4,30
261,0914,21.8,27.3,17.1,30
261,0915,21.6,27.2,16.8,30
261,0916,21.4,27.0,16.6,30
261,0917,21.2,26.9,16.4,30
261,0918,21.1,26.7,16.2,30
261,0919,20.9,26.6,15.9,30
261,0920,20.7,26.5,15.6,30
261,0921,20.5,26.4,15.3,30
261,0922,20.3,26.2,15.1,30
261,0923,20.1,26.0,14.9,30
261,0924,20.0,25.9,14.6,30
261,0925,19.8,25.7,14.4,30
261,0926,19.5,25.5,14.1,30
261,0927,19.3,25.3,13.9,30
261,0928,19.1,25.1,13.6,30
261,0929,18.9,25.0,13.3,30
261,0930,18.7,24.8,13.1,30
261,1001,18.5,24.7,12.8,30
261,1002,18.3,24.5,12.5,30
261,1003,18.1,24.4,12.3,30
261,1004,17.9,24.3,12.0,30
261,1005,17.7,24.0,11.8,30
261,1006,17.4,23.9,11.5,30
261,1007,17.2,23.8,11.2,30
261,1008,17.0,23.6,10.8,30
261,1009,16.7,23.4,10.4,30
261,1010,16.4,23.2,10.1,30
261,1011,16.2,23.0,9.8,30
261,1012,16.0,22.9,9.5,30
261,1013,15.9,22.8,9.3,30
261,1014,15.7,22.7,9.1,30
261,1015,15.6,22.5,9.0,30
261,1016,15.4,22.3,8.8,30
261,1017,15.3,22.1,8.7,30
261,1018,15.1,21.9,8.5,30
261,1019,14.8,21.6,8.3,30
261,1020,14.6,21.4,8.1,30
261,1021,14.4,21.2,7.9,30
261,1022,14.2,20.9,7.7,30
261,1023,14.0,20.7,7.5,30
261,1024,13.8,20.5,7.3,30
261,1025,13.6,20.2,7.2,30
261,1026,13.3,19.9,7.0,30
261,1027,13.1,19.7,6.8,30
261,1028,12.8,19.4,6.5,30
261,1029,12.6,19.2,6.2,30
261,1030,12.4,19.1,6.1,30
261,1031,12.3,19.0,5.9,30
261,1101,12.1,18.8,5.8,30
261,1102,12.0,18.5,5.7,30
261,1103,11.8,18.4,5.6,30
261,1104,11.7,18.2,5.6,30
261,1105,11.6,18.0,5.4,30
261,1106,11.4,17.8,5.2,30
261,1107,11.3,17.6,5.1,30
261,1108,11.1,17.4,4.9,30
261,1109,10.9,17.2,4.7,30
261,1110,10.7,17.0,4.6,30
261,1111,10.5,16.7,4.5,30
261,1112,10.3,16.4,4.4,30
261,1113,10.1,16.0,4.2,30
261,1114,9.7,15.6,3.8,30
261,1115,9.4,15.2,3.5,30
261,1116,9.1,15.0,3.1,30
261,1117,8.8,14.8,2.8,30
261,1118,8.6,14.6,2.6,30
261,1119,8.3,14.4,2.3,30
261,1120,8.0,14.1,2.1,30
261,1121,7.8,13.8,1.9,30
261,1122,7.6,13.6,1.7,30
261,1123,7.5,13.5,1.6,30
261,1124,7.3,13.3,1.4,30
261,1125,7.0,13.1,1.2,30
261,1126,6.8,12.9,1.0,30
261,1127,6.6,12.7,0.8,30
261,1128,6.4,12.5,0.7,30
261,1129,6.2,12.2,0.6,30
261,1130,6.0,11.9,0.4,30
261,1201,5.8,11.6,0.3,30
261,1202,5.5,11.3,0.0,30
261,1203,5.3,11.0,-0.2,30
261,1204,5.1,10.7,-0.3,30
261,1205,4.9,10.5,-0.5,30
261,1206,4.7,10.2,-0.7,30
261,1207,4.5,10.0,-0.8,30
261,1208,4.2,9.7,-1.0,30
261,1209,4.1,9.4,-1.2,30
261,1210,3.9,9.2,-1.3,30
261,1211,3.7,9.0,-1.5,30
261,1212,3.5,8.9,-1.7,30
261,1213,3.4,8.8,-1.8,30
261,1214,3.4,8.8,-1.9,30
261,1215,3.3,8.8,-2.0,30
261,1216,3.3,8.8,-2.0,30
261,1217,3.2,8.7,-2.0,30
261,1218,3.1,8.6,-2.2,30
261,1219,3.0,8.5,-2.3,30
261,1220,2.9,8.4,-2.4,30
261,1221,2.7,8.2,-2.5,30
261,1222,2.6,8.1,-2.6,30
261,1223,2.5,8.0,-2.7,30
261,1224,2.4,7.9,-2.8,30
261,1225,2.3,7.8,-3.0,30
261,1226,2.3,7.9,-3.0,30
261,1227,2.2,7.8,-3.0,30
261,1228,2.1,7.6,-3.1,30
261,1229,2.0,7.5,-3.2,30
261,1230,1.9,7.3,-3.2,30
261,1231,1.9,7.2,-3.2,30
262,0101,2.0,7.6,-3.1,30
262,0102,1.9,7.5,-3.2,30
262,0103,1.9,7.5,-3.3,30
262,0104,1.8,7.4,-3.3,30
262,0105,1.8,7.4,-3.3,30
262,0106,1.8,7.3,-3.2,30
262,0107,1.8,7.2,-3.2,30
262,0108,1.8,7.2,-3.2,30
262,0109,1.8,7.2,-3.2,30
262,0110,1.8,7.1,-3.2,30
262,0111,1.7,7.1,-3.2,30
262,0112,1.7,7.1,-3.2,30
262,0113,1.7,7.0,-3.1,30
262,0114,1.7,7.0,-3.2,30
262,0115,1.6,6.9,-3.2,30
262,0116,1.6,6.8,-3.2,30
262,0117,1.5,6.8,-3.3,30
262,0118,1.5,6.7,-3.3,30
262,0119,1.4,6.7,-3.3,30
262,0120,1.4,6.7,-3.4,30
262,0121,1.4,6.7,-3.5,30
262,0122,1.4,6.8,-3.5,30
262,0123,1.4,6.8,-3.5,30
262,0124,1.4,6.8,-3.5,30
262,0125,1.4,6.8,-3.5,30
262,0126,1.4,6.8,-3.5,30
262,0127,1.4,6.8,-3.5,30
262,0128,1.3,6.8,-3.6,30
262,0129,1.4,6.9,-3.7,30
262,0130,1.4,7.0,-3.7,30
262,0131,1.5,7.2,-3.7,30
262,0201,1.6,7.3,-3.6,30
262,0202,1.7,7.4,-3.5,30
262,0203,1.8,7.5,-3.5,30
262,0204,1.9,7.6,-3.4,30
262,0205,2.0,7.7,-3.3,30
262,0206,2.1,7.8,-3.2,30
262,0207,2.3,8.1,-3.1,30
262,0208,2.4,8.2,-3.0,30
262,0209,2.5,8.3,-2.9,30
262,0210,2.6,8.4,-2.8,30
262,0211,2.7,8.5,-2.7,30
262,0212,2.8,8.7,-2.6,30
262,0213,3.0,8.8,-2.5,30
262,0214,3.0,8.9,-2.5,30
262,0215,3.1,9.0,-2.4,30
262,0216,3.3,9.2,-2.3,30
262,0217,3.5,9.5,-2.2,30
262,0218,3.7,9.7,-2.1,30
262,0219,3.8,9.8,-1.9,30
262,0220,3.9,10.0,-1.8,30
262,0221,4.1,10.1,-1.6,30
262,0222,4.1,10.1,-1.6,30
262,0223,4.2,10.2,-1.4,30
262,0224,4.4,10.4,-1.4,30
262,0225,4.5,10.6,-1.3,30
262,0226,4.7,10.7,-1.1,30
262,0227,4.9,10.9,-0.9,30
262,0228,5.1,11.0,-0.7,30
262,0229,5.2,11.1,-0.5,0
262,0301,5.3,11.2,-0.4,30
262,0302,5.5,11.4,-0.2,30
262,0303,5.6,11.5,-0.1,30
262,0304,5.6,11.5,-0.0,30
262,0305,5.7,11.7,0.0,30
262,0306,5.9,11.9,0.1,30
262,0307,5.9,12.0,0.1,30
262,0308,6.0,12.1,0.2,30
262,0309,6.2,12.3,0.3,30
262,0310,6.4,12.5,0.5,30
262,0311,6.6,12.7,0.7,30
262,0312,6.8,13.0,0.8,30
262,0313,7.0,13.2,1.0,30
262,0314,7.1,13.3,1.1,30
262,0315,7.3,13.5,1.3,30
262,0316,7.5,13.6,1.5,30
262,0317,7.6,13.7,1.6,30
262,0318,7.7,13.8,1.7,30
262,0319,7.9,14.0,1.9,30
262,0320,8.1,14.2,2.1,30
262,0321,8.3,14.3,2.2,30
262,0322,8.4,14.5,2.4,30
262,0323,8.6,14.6,2.6,30
262,0324,8.7,14.9,2.7,30
262,0325,8.9,15.0,2.8,30
262,0326,9.0,15.2,2.9,30
262,0327,9.1,15.3,3.0,30
262,0328,9.2,15.4,3.1,30
262,0329,9.4,15.7,3.2,30
262,0330,9.6,15.9,3.4,30
262,0331,9.8,16.1,3.6,30
262,0401,10.1,16.4,3.8,30
262,0402,10.4,16.7,4.0,30
262,0403,10.6,16.9,4.3,30
262,0404,10.8,17.0,4.6,30
262,0405,10.9,17.1,4.7,30
262,0406,11.1,17.3,4.8,30
262,0407,11.2,17.5,4.9,30
262,0408,11.4,17.7,5.1,30
262,0409,11.6,17.9,5.2,30
262,0410,11.8,18.1,5.4,30
262,0411,12.0,18.3,5.6,30
262,0412,12.2,18.5,5.9,30
262,0413,12.4,18.6,6.1,30
262,0414,12.6,18.7,6.4,30
262,0415,12.7,18.8,6.5,30
262,0416,12.9,18.9,6.7,30
262,0417,13.0,19.1,6.8,30
262,0418,13.1,19.3,6.9,30
262,0419,13.3,19.4,6.9,30
262,0420,13.4,19.6,7.0,30
262,0421,13.6,19.8,7.2,30
262,0422,13.8,19.9,7.4,30
262,0423,14.0,20.0,7.7,30
262,0424,14.2,20.1,8.0,30
262,0425,14.4,20.3,8.3,30
262,0426,14.5,20.5,8.5,30
262,0427,14.7,20.7,8.6,30
262,0428,14.9,20.9,8.8,30
262,0429,15.0,21.0,8.9,30
262,0430,15.2,21.2,9.1,30
262,0501,15.4,21.4,9.2,30
262,0502,15.6,21.5,9.4,30
262,0503,15.7,21.6,9.7,30
262,0504,15.9,21.7,9.9,30
262,0505,16.0,21.8,10.2,30
262,0506,16.2,21.9,10.4,30
262,0507,16.3,22.1,10.5,30
262,0508,16.4,22.2,10.6,30
262,0509,16.5,22.3,10.7,30
262,0510,16.6,22.4,10.8,30
262,0511,16.6,22.5,10.9,30
262,0512,16.7,22.5,11.0,30
262,0513,16.9,22.6,11.2,30
262,0514,17.0,22.9,11.3,30
262,0515,17.1,23.0,11.4,30
262,0516,17.2,23.1,11.5,30
262,0517,17.4,23.3,11.7,30
262,0518,17.6,23.5,11.9,30
262,0519,17.8,23.7,12.1,30
262,0520,17.9,23.9,12.2,30
262,0521,18.0,23.9,12.4,30
262,0522,18.2,24.2,12.5,30
262,0523,18.3,24.3,12.6,30
262,0524,18.5,24.5,12.7,30
262,0525,18.6,24.7,12.8,30
262,0526,18.8,24.8,13.0,30
262,0527,18.9,24.9,13.2,30
262,0528,19.1,25.1,13.3,30
262,0529,19.2,25.2,13.5,30
262,0530,19.3,25.3,13.8,30
262,0531,19.4,25.4,13.9,30
262,0601,19.5,25.4,14.1,30
262,0602,19.6,25.4,14.3,30
262,0603,19.7,25.5,14.5,30
262,0604,19.9,25.5,14.8,30
262,0605,20.0,25.7,15.0,30
262,0606,20.2,25.7,15.2,30
262,0607,20.3,25.7,15.4,30
262,0608,20.4,25.8,15.6,30
262,0609,20.5,25.9,15.8,30
262,0610,20.6,25.9,15.9,30
262,0611,20.7,26.0,16.1,30
262,0612,20.8,26.0,16.3,30
262,0613,20.9,26.1,16.5,30
262,0614,21.1,26.1,16.7,30
262,0615,21.2,26.1,16.9,30
262,0616,21.3,26.2,17.0,30
262,0617,21.4,26.2,17.2,30
262,0618,21.4,26.2,17.3,30
262,0619,21.5,26.3,17.4,30
262,0620,21.6,26.3,17.6,30
262,0621,21.7,26.3,17.7,30
262,0622,21.8,26.4,17.9,30
262,0623,21.9,26.3,18.1,30
262,0624,22.0,26.3,18.4,30
262,0625,22.1,26.3,18.7,30
262,0626,22.3,26.4,18.9,30
262,0627,22.4,26.4,19.1,30
262,0628,22.5,26.4,19.2,30
262,0629,22.5,26.4,19.3,30
262,0630,22.6,26.5,19.4,30
262,0701,22.7,26.5,19.6,30
262,0702,22.9,26.7,19.8,30
262,0703,23.0,26.8,20.0,30
262,0704,23.1,26.9,20.1,30
262,0705,23.3,26.9,20.3,30
262,0706,23.4,27.0,20.4,30
262,0707,23.5,27.2,20.5,30
262,0708,23.6,27.4,20.7,30
262,0709,23.8,27.5,20.8,30
262,0710,23.9,27.6,20.9,30
262,0711,23.9,27.8,20.9,30
262,0712,24.1,27.9,21.0,30
262,0713,24.3,28.1,21.2,30
262,0714,24.4,28.3,21.3,30
262,0715,24.6,28.5,21.5,30
262,0716,24.7,28.7,21.6,30
262,0717,24.9,28.8,21.7,30
262,0718,25.0,29.0,21.8,30
262,0719,25.1,29.2,21.9,30
262,0720,25.3,29.4,21.9,30
262,0721,25.4,29.6,22.0,30
262,0722,25.5,29.7,22.1,30
262,0723,25.7,29.9,22.2,30
262,0724,25.8,30.1,22.3,30
262,0725,25.9,30.3,22.4,30
262,0726,26.1,30.4,22.5,30
262,0727,26.2,30.5,22.6,30
262,0728,26.2,30.5,22.7,30
262,0729,26.3,30.6,22.7,30
262,0730,26.3,30.7,22.8,30
262,0731,26.4,30.8,22.8,30
262,0801,26.5,30.9,22.9,30
262,0802,26.5,30.9,22.9,30
262,0803,26.5,30.8,23.0,30
262,0804,26.6,30.8,23.0,30
262,0805,26.6,30.9,23.0,30
262,0806,26.6,30.8,23.0,30
262,0807,26.5,30.8,23.0,30
262,0808,26.5,30.7,23.0,30
262,0809,26.4,30.6,23.0,30
262,0810,26.3,30.6,22.9,30
262,0811,26.3,30.6,22.8,30
262,0812,26.2,30.6,22.8,30
262,0813,26.2,30.5,22.7,30
262,0814,26.1,30.4,22.6,30
262,0815,26.0,30.3,22.6,30
262,0816,25.9,30.1,22.4,30
262,0817,25.8,30.0,22.3,30
262,0818,25.7,30.0,22.2,30
262,0819,25.6,29.9,22.1,30
262,0820,25.4,29.8,21.9,30
262,0821,25.3,29.7,21.8,30
262,0822,25.2,29.6,21.6,30
262,0823,25.1,29.5,21.4,30
262,0824,25.0,29.4,21.3,30
262,0825,24.9,29.3,21.1,30
262,0826,24.7,29.1,21.0,30
262,0827,24.6,29.0,20.9,30
262,0828,24.5,29.0,20.7,30
262,0829,24.3,28.9,20.5,30
262,0830,24.2,28.7,20.3,30
262,0831,24.0,28.6,20.2,30
262,0901,23.9,28.6,20.0,30
262,0902,23.7,28.5,19.7,30
262,0903,23.6,28.4,19.6,30
262,0904,23.5,28.3,19.4,30
262,0905,23.3,28.1,19.3,30
262,0906,23.1,28.0,19.1,30
262,0907,23.0,27.9,18.9,30
262,0908,22.8,27.7,18.8,30
262,0909,22.7,27.6,18.6,30
262,0910,22.5,27.5,18.4,30
262,0911,22.4,27.4,18.2,30
262,0912,22.2,27.3,18.0,30
262,0913,22.1,27.2,17.8,30
262,0914,21.9,27.1,17.5,30
262,0915,21.7,26.9,17.3,30
262,0916,21.5,26.7,17.1,30
262,0917,21.4,26.6,16.9,30
262,0918,21.2,26.5,16.7,30
262,0919,21.1,26.4,16.4,30
262,0920,20.9,26.3,16.2,30
262,0921,20.7,26.2,15.9,30
262,0922,20.5,26.0,15.8,30
262,0923,20.4,25.8,15.6,30
262,0924,20.2,25.7,15.3,30
262,0925,20.0,25.6,15.1,30
262,0926,19.8,25.4,14.8,30
262,0927,19.6,25.2,14.6,30
262,0928,19.3,25.0,14.3,30
262,0929,19.2,24.9,14.0,30
262,0930,19.0,24.7,13.9,30
262,1001,18.8,24.6,13.6,30
262,1002,18.6,24.5,13.3,30
262,1003,18.4,24.4,13.1,30
262,1004,18.2,24.2,12.9,30
262,1005,18.0,24.0,12.7,30
262,1006,17.8,23.9,12.4,30
262,1007,17.6,23.8,12.1,30
262,1008,17.4,23.7,11.7,30
262,1009,17.1,23.5,11.4,30
262,1010,16.9,23.3,11.1,30
262,1011,16.6,23.2,10.8,30
262,1012,16.5,23.0,10.6,30
262,1013,16.3,22.9,10.4,30
262,1014,16.2,22.8,10.3,30
262,1015,16.0,22.7,10.1,30
262,1016,15.9,22.5,10.0,30
262,1017,15.7,22.3,9.8,30
262,1018,15.5,22.1,9.6,30
262,1019,15.2,21.8,9.3,30
262,1020,15.0,21.6,9.0,30
262,1021,14.8,21.4,8.8,30
262,1022,14.5,21.1,8.6,30
262,1023,14.3,20.9,8.4,30
262,1024,14.1,20.7,8.2,30
262,1025,13.9,20.4,8.0,30
262,1026,13.6,20.1,7.7,30
262,1027,13.4,19.9,7.5,30
262,1028,13.1,19.7,7.2,30
262,1029,12.9,19.5,6.9,30
262,1030,12.7,19.4,6.7,30
262,1031,12.5,19.2,6.5,30
262,1101,12.4,19.0,6.4,30
262,1102,12.2,18.8,6.2,30
262,1103,12.1,18.7,6.1,30
262,1104,11.9,18.4,6.1,30
262,1105,11.8,18.3,5.9,30
262,1106,11.6,18.1,5.7,30
262,1107,11.4,17.8,5.6,30
262,1108,11.2,17.7,5.4,30
262,1109,11.0,17.5,5.2,30
262,1110,10.9,17.3,5.0,30
262,1111,10.6,16.9,4.9,30
262,1112,10.4,16.6,4.7,30
262,1113,10.2,16.3,4.5,30
262,1114,9.8,15.9,4.1,30
262,1115,9.5,15.6,3.7,30
262,1116,9.1,15.3,3.4,30
262,1117,8.9,15.1,3.1,30
262,1118,8.6,14.9,2.8,30
262,1119,8.4,14.7,2.5,30
262,1120,8.1,14.4,2.3,30
262,1121,7.9,14.2,2.1,30
262,1122,7.7,14.0,1.9,30
262,1123,7.5,13.8,1.7,30
262,1124,7.3,13.6,1.6,30
262,1125,7.1,13.4,1.4,30
262,1126,7.0,13.3,1.2,30
262,1127,6.7,13.1,1.0,30
262,1128,6.6,12.8,0.9,30
262,1129,6.3,12.5,0.8,30
262,1130,6.1,12.3,0.6,30
262,1201,5.9,12.0,0.4,30
262,1202,5.7,11.7,0.2,30
262,1203,5.5,11.4,-0.0,30
262,1204,5.3,11.2,-0.2,30
262,1205,5.1,11.0,-0.4,30
262,1206,4.8,10.7,-0.6,30
262,1207,4.6,10.4,-0.8,30
262,1208,4.4,10.2,-1.0,30
262,1209,4.2,9.9,-1.2,30
262,1210,4.0,9.7,-1.3,30
262,1211,3.8,9.5,-1.5,30
262,1212,3.7,9.3,-1.7,30
262,1213,3.6,9.3,-1.8,30
262,1214,3.6,9.3,-1.9,30
262,1215,3.5,9.3,-1.9,30
262,1216,3.5,9.2,-1.9,30
262,1217,3.4,9.2,-2.0,30
262,1218,3.3,9.0,-2.0,30
262,1219,3.2,8.9,-2.1,30
262,1220,3.1,8.9,-2.2,30
262,1221,3.0,8.7,-2.3,30
262,1222,2.9,8.7,-2.4,30
262,1223,2.8,8.5,-2.5,30
262,1224,2.7,8.5,-2.6,30
262,1225,2.6,8.4,-2.7,30
262,1226,2.6,8.4,-2.7,30
262,1227,2.5,8.3,-2.8,30
262,1228,2.4,8.2,-2.8,30
262,1229,2.3,8.0,-3.0,30
262,1230,2.2,7.9,-3.0,30
262,1231,2.1,7.8,-3.1,30
271,0101,-3.8,3.5,-10.3,30
271,0102,-3.9,3.3,-10.5,30
271,0103,-4.0,3.3,-10.6,30
271,0104,-4.1,3.2,-10.7,30
271,0105,-4.1,3.2,-10.7,30
271,0106,-4.1,3.1,-10.7,30
271,0107,-4.2,3.0,-10.7,30
271,0108,-4.2,3.1,-10.7,30
271,0109,-4.2,3.1,-10.8,30
271,0110,-4.2,3.1,-10.8,30
271,0111,-4.2,3.1,-10.8,30
271,0112,-4.2,3.1,-10.8,30
271,0113,-4.1,3.1,-10.7,30
271,0114,-4.1,3.0,-10.6,30
271,0115,-4.1,3.0,-10.6,30
271,0116,-4.1,2.9,-10.5,30
271,0117,-4.2,2.9,-10.6,30
271,0118,-4.2,2.9,-10.7,30
271,0119,-4.2,2.9,-10.6,30
271,0120,-4.1,2.9,-10.6,30
271,0121,-4.1,3.0,-10.6,30
271,0122,-4.1,3.1,-10.6,30
271,0123,-4.0,3.1,-10.5,30
271,0124,-3.9,3.1,-10.4,30
271,0125,-3.9,3.1,-10.5,30
271,0126,-4.0,3.1,-10.5,30
271,0127,-3.9,3.1,-10.6,30
271,0128,-3.9,3.2,-10.6,30
271,0129,-3.9,3.3,-10.6,30
271,0130,-3.8,3.5,-10.6,30
271,0131,-3.7,3.7,-10.6,30
271,0201,-3.6,3.8,-10.5,30
271,0202,-3.4,3.9,-10.3,30
271,0203,-3.3,4.0,-10.2,30
271,0204,-3.2,4.1,-10.1,30
271,0205,-3.1,4.2,-10.0,30
271,0206,-3.0,4.4,-9.9,30
271,0207,-2.9,4.6,-9.8,30
271,0208,-2.7,4.8,-9.6,30
271,0209,-2.5,4.9,-9.4,30
271,0210,-2.4,5.0,-9.2,30
271,0211,-2.2,5.1,-9.0,30
271,0212,-2.0,5.3,-8.8,30
271,0213,-1.9,5.5,-8.7,30
271,0214,-1.8,5.5,-8.6,30
271,0215,-1.7,5.6,-8.4,30
271,0216,-1.5,5.9,-8.2,30
271,0217,-1.3,6.2,-8.0,30
271,0218,-1.1,6.4,-7.8,30
271,0219,-0.9,6.6,-7.6,30
271,0220,-0.7,6.9,-7.4,30
271,0221,-0.5,7.0,-7.1,30
271,0222,-0.4,7.0,-7.0,30
271,0223,-0.2,7.1,-6.8,30
271,0224,-0.1,7.3,-6.6,30
271,0225,0.1,7.6,-6.4,30
271,0226,0.4,7.8,-6.2,30
271,0227,0.6,7.9,-5.9,30
271,0228,0.7,8.0,-5.7,30
271,0229,0.9,8.2,-5.5,0
271,0301,1.1,8.3,-5.3,30
271,0302,1.3,8.5,-5.1,30
271,0303,1.5,8.6,-4.9,30
271,0304,1.6,8.7,-4.8,30
271,0305,1.7,8.9,-4.7,30
271,0306,1.8,9.1,-4.6,30
271,0307,1.9,9.3,-4.6,30
271,0308,2.1,9.4,-4.5,30
271,0309,2.2,9.6,-4.4,30
271,0310,2.4,9.9,-4.3,30
271,0311,2.7,10.1,-4.0,30
271,0312,2.9,10.4,-3.9,30
271,0313,3.1,10.6,-3.7,30
271,0314,3.3,10.9,-3.6,30
271,0315,3.5,11.2,-3.4,30
271,0316,3.7,11.4,-3.2,30
271,0317,3.8,11.4,-3.1,30
271,0318,4.0,11.6,-2.9,30
271,0319,4.2,11.9,-2.8,30
271,0320,4.4,12.1,-2.6,30
271,0321,4.6,12.3,-2.4,30
271,0322,4.9,12.5,-2.2,30
271,0323,5.0,12.7,-2.0,30
271,0324,5.2,12.9,-1.9,30
271,0325,5.4,13.1,-1.8,30
271,0326,5.5,13.2,-1.7,30
271,0327,5.6,13.4,-1.6,30
271,0328,5.8,13.6,-1.6,30
271,0329,6.0,13.9,-1.5,30
271,0330,6.2,14.2,-1.3,30
271,0331,6.5,14.4,-1.1,30
271,0401,6.8,14.8,-0.9,30
271,0402,7.0,15.2,-0.8,30
271,0403,7.3,15.4,-0.5,30
271,0404,7.5,15.5,-0.3,30
271,0405,7.7,15.7,-0.1,30
271,0406,7.8,15.8,0.1,30
271,0407,8.0,16.1,0.2,30
271,0408,8.3,16.4,0.4,30
271,0409,8.5,16.7,0.5,30
271,0410,8.7,17.0,0.7,30
271,0411,9.0,17.3,1.0,30
271,0412,9.3,17.5,1.3,30
271,0413,9.5,17.6,1.5,30
271,0414,9.7,17.8,1.8,30
271,0415,9.9,18.1,2.0,30
271,0416,10.1,18.2,2.3,30
271,0417,10.4,18.4,2.4,30
271,0418,10.5,18.7,2.6,30
271,0419,10.7,18.9,2.7,30
271,0420,10.9,19.1,2.8,30
271,0421,11.1,19.4,2.9,30
271,0422,11.3,19.6,3.2,30
271,0423,11.6,19.8,3.5,30
271,0424,11.8,19.9,3.9,30
271,0425,12.1,20.2,4.1,30
271,0426,12.3,20.3,4.3,29
271,0427,12.5,20.5,4.6,30
271,0428,12.7,20.8,4.7,30
271,0429,12.9,21.0,4.9,30
271,0430,13.1,21.1,5.0,30
271,0501,13.3,21.4,5.1,30
271,0502,13.5,21.5,5.3,30
271,0503,13.6,21.6,5.6,30
271,0504,13.7,21.7,5.8,30
271,0505,13.9,21.8,6.1,30
271,0506,14.1,21.9,6.3,30
271,0507,14.3,22.1,6.5,30
271,0508,14.4,22.2,6.6,30
271,0509,14.5,22.2,6.7,30
271,0510,14.5,22.3,6.8,30
271,0511,14.7,22.5,6.9,30
271,0512,14.8,22.5,7.1,30
271,0513,14.9,22.5,7.3,30
271,0514,15.0,22.7,7.4,30
271,0515,15.1,23.0,7.5,30
271,0516,15.3,23.1,7.6,30
271,0517,15.4,23.2,7.8,30
271,0518,15.6,23.5,8.0,30
271,0519,15.8,23.6,8.3,30
271,0520,16.0,23.8,8.4,30
271,0521,16.1,23.9,8.5,30
271,0522,16.2,24.1,8.6,30
271,0523,16.3,24.2,8.7,30
271,0524,16.5,24.5,8.8,30
271,0525,16.6,24.7,8.9,30
271,0526,16.8,24.8,9.1,30
271,0527,16.9,24.9,9.2,30
271,0528,17.1,25.1,9.4,30
271,0529,17.2,25.2,9.6,30
271,0530,17.4,25.3,9.9,30
271,0531,17.5,25.4,10.1,30
271,0601,17.7,25.5,10.2,30
271,0602,17.8,25.6,10.4,30
271,0603,18.0,25.8,10.6,30
271,0604,18.1,25.9,10.8,30
271,0605,18.3,26.0,11.1,30
271,0606,18.5,26.1,11.3,30
271,0607,18.6,26.2,11.6,30
271,0608,18.8,26.3,11.8,30
271,0609,18.9,26.3,12.1,30
271,0610,19.0,26.4,12.3,30
271,0611,19.2,26.5,12.5,30
271,0612,19.3,26.6,12.7,30
271,0613,19.4,26.6,12.9,30
271,0614,19.6,26.7,13.2,30
271,0615,19.7,26.7,13.3,30
271,0616,19.8,26.7,13.5,30
271,0617,19.8,26.7,13.7,30
271,0618,19.9,26.7,13.8,30
271,0619,20.0,26.7,14.1,30
271,0620,20.1,26.7,14.3,30
271,0621,20.2,26.8,14.5,30
271,0622,20.4,26.9,14.7,30
271,0623,20.5,26.8,15.0,30
271,0624,20.6,26.8,15.3,30
271,0625,20.7,26.7,15.6,30
271,0626,20.8,26.8,15.8,30
271,0627,20.9,26.8,16.0,30
271,0628,21.0,26.8,16.2,30
271,0629,21.1,26.9,16.3,30
271,0630,21.2,26.8,16.4,30
271,0701,21.3,26.9,16.5,30
271,0702,21.4,26.9,16.8,30
271,0703,21.6,27.0,16.9,30
271,0704,21.7,27.1,17.1,30
271,0705,21.8,27.1,17.2,30
271,0706,21.9,27.1,17.4,30
271,0707,21.9,27.1,17.5,30
271,0708,22.0,27.1,17.6,30
271,0709,22.0,27.2,17.7,30
271,0710,22.0,27.2,17.8,30
271,0711,22.1,27.3,17.8,30
271,0712,22.2,27.4,17.9,30
271,0713,22.3,27.5,18.0,30
271,0714,22.4,27.6,18.2,30
271,0715,22.6,27.7,18.4,30
271,0716,22.7,27.9,18.6,30
271,0717,22.8,28.0,18.7,30
271,0718,22.9,28.1,18.8,30
271,0719,23.0,28.2,18.9,30
271,0720,23.1,28.4,18.9,30
271,0721,23.2,28.5,19.0,30
271,0722,23.3,28.6,19.1,30
271,0723,23.5,28.8,19.2,30
271,0724,23.6,29.0,19.3,30
271,0725,23.8,29.2,19.4,30
271,0726,23.9,29.3,19.6,30
271,0727,24.0,29.4,19.7,30
271,0728,24.0,29.5,19.7,30
271,0729,24.1,29.6,19.8,30
271,0730,24.1,29.6,19.7,30
271,0731,24.1,29.7,19.7,30
271,0801,24.1,29.8,19.7,30
271,0802,24.1,29.8,19.7,30
271,0803,24.1,29.8,19.7,30
271,0804,24.1,29.7,19.7,30
271,0805,24.0,29.7,19.6,30
271,0806,24.0,29.8,19.6,30
271,0807,24.0,29.7,19.6,30
271,0808,23.9,29.7,19.5,30
271,0809,23.8,29.5,19.4,30
271,0810,23.7,29.5,19.3,30
271,0811,23.6,29.4,19.2,30
271,0812,23.5,29.3,19.1,30
271,0813,23.4,29.1,19.0,30
271,0814,23.3,29.0,18.9,30
271,0815,23.2,28.9,18.8,30
271,0816,23.1,28.7,18.7,30
271,0817,23.0,28.6,18.6,30
271,0818,22.9,28.5,18.4,30
271,0819,22.7,28.4,18.3,30
271,0820,22.5,28.2,18.1,30
271,0821,22.4,28.0,18.0,30
271,0822,22.2,27.9,17.8,30
271,0823,22.0,27.7,17.6,30
271,0824,21.9,27.6,17.4,30
271,0825,21.7,27.5,17.2,30
271,0826,21.6,27.4,17.0,30
271,0827,21.4,27.2,16.8,30
271,0828,21.3,27.2,16.6,30
271,0829,21.1,27.0,16.4,30
271,0830,20.9,26.8,16.2,30
271,0831,20.7,26.7,16.0,30
271,0901,20.5,26.6,15.8,30
271,0902,20.4,26.4,15.6,30
271,0903,20.2,26.4,15.4,30
271,0904,20.1,26.3,15.2,30
271,0905,19.9,26.1,15.1,30
271,0906,19.7,25.9,14.9,30
271,0907,19.6,25.8,14.6,30
271,0908,19.4,25.7,14.5,30
271,0909,19.2,25.5,14.3,30
271,0910,19.1,25.4,14.1,30
271,0911,18.9,25.2,13.8,30
271,0912,18.7,25.1,13.6,30
271,0913,18.4,24.9,13.4,30
271,0914,18.2,24.8,13.0,30
271,0915,18.0,24.6,12.7,30
271,0916,17.7,24.4,12.4,30
271,0917,17.5,24.2,12.1,30
271,0918,17.2,24.1,11.8,30
271,0919,17.0,24.0,11.5,30
271,0920,16.8,23.9,11.2,30
271,0921,16.6,23.7,10.8,30
271,0922,16.4,23.5,10.6,30
271,0923,16.1,23.3,10.4,30
271,0924,15.9,23.1,10.2,30
271,0925,15.7,23.0,9.9,30
271,0926,15.5,22.8,9.7,30
271,0927,15.2,22.6,9.4,30
271,0928,15.0,22.4,9.1,30
271,0929,14.8,22.3,8.9,30
271,0930,14.6,22.2,8.6,30
271,1001,14.5,22.1,8.5,30
271,1002,14.3,22.0,8.2,30
271,1003,14.1,21.8,8.0,30
271,1004,13.9,21.7,7.8,30
271,1005,13.8,21.5,7.6,30
271,1006,13.5,21.4,7.3,30
271,1007,13.3,21.3,6.9,30
271,1008,13.0,21.1,6.6,30
271,1009,12.7,20.9,6.2,30
271,1010,12.4,20.8,5.9,30
271,1011,12.2,20.6,5.5,30
271,1012,12.0,20.5,5.3,30
271,1013,11.8,20.3,5.1,30
271,1014,11.6,20.2,4.8,30
271,1015,11.4,20.0,4.6,30
271,1016,11.2,19.7,4.4,30
271,1017,11.0,19.5,4.2,30
271,1018,10.7,19.3,3.9,30
271,1019,10.4,19.1,3.6,30
271,1020,10.1,18.8,3.2,30
271,1021,9.8,18.6,3.0,30
271,1022,9.6,18.3,2.7,30
271,1023,9.4,18.0,2.5,30
271,1024,9.1,17.8,2.2,30
271,1025,8.9,17.5,2.0,30
271,1026,8.6,17.2,1.8,30
271,1027,8.4,17.0,1.5,30
271,1028,8.1,16.8,1.1,30
271,1029,7.8,16.6,0.9,30
271,1030,7.7,16.5,0.6,30
271,1031,7.5,16.3,0.5,30
271,1101,7.3,16.1,0.4,30
271,1102,7.1,15.8,0.2,30
271,1103,7.0,15.6,0.1,30
271,1104,6.9,15.3,-0.0,30
271,1105,6.7,15.1,-0.1,30
271,1106,6.5,14.9,-0.2,30
271,1107,6.4,14.7,-0.3,30
271,1108,6.2,14.4,-0.4,30
271,1109,5.9,14.2,-0.7,30
271,1110,5.7,13.9,-0.8,30
271,1111,5.5,13.6,-0.9,30
271,1112,5.3,13.2,-1.1,30
271,1113,5.0,12.7,-1.3,30
271,1114,4.6,12.3,-1.6,30
271,1115,4.3,12.0,-2.0,30
271,1116,3.9,11.7,-2.3,30
271,1117,3.6,11.4,-2.6,30
271,1118,3.4,11.2,-2.8,30
271,1119,3.1,10.9,-3.1,30
271,1120,2.8,10.6,-3.3,30
271,1121,2.6,10.3,-3.5,30
271,1122,2.4,10.0,-3.7,30
271,1123,2.2,9.9,-3.9,30
271,1124,2.0,9.7,-4.1,30
271,1125,1.8,9.5,-4.3,30
271,1126,1.6,9.3,-4.5,30
271,1127,1.4,9.0,-4.7,30
271,1128,1.2,8.7,-4.9,30
271,1129,1.0,8.4,-5.1,30
271,1130,0.8,8.1,-5.2,30
271,1201,0.5,7.8,-5.4,30
271,1202,0.3,7.5,-5.7,30
271,1203,0.0,7.3,-5.9,30
271,1204,-0.2,7.0,-6.2,30
271,1205,-0.4,6.8,-6.5,30
271,1206,-0.7,6.6,-6.8,30
271,1207,-1.0,6.2,-7.1,30
271,1208,-1.2,5.9,-7.3,30
271,1209,-1.4,5.6,-7.6,30
271,1210,-1.6,5.3,-7.7,30
271,1211,-1.8,5.1,-7.9,30
271,1212,-2.0,5.0,-8.2,30
271,1213,-2.1,5.0,-8.3,30
271,1214,-2.2,4.9,-8.4,30
271,1215,-2.2,5.0,-8.5,30
271,1216,-2.3,5.0,-8.5,30
271,1217,-2.3,4.9,-8.5,30
271,1218,-2.3,4.8,-8.6,30
271,1219,-2.5,4.7,-8.7,30
271,1220,-2.6,4.6,-8.8,30
271,1221,-2.7,4.5,-8.9,30
271,1222,-2.8,4.5,-9.0,30
271,1223,-2.9,4.4,-9.2,30
271,1224,-2.9,4.3,-9.3,30
271,1225,-3.0,4.2,-9.4,30
271,1226,-3.1,4.2,-9.5,30
271,1227,-3.1,4.2,-9.5,30
271,1228,-3.2,4.0,-9.6,30
271,1229,-3.4,3.9,-9.8,30
271,1230,-3.5,3.7,-10.0,30
271,1231,-3.7,3.6,-10.2,30
272,0101,-2.0,3.0,-7.1,30
272,0102,-2.1,2.9,-7.3,30
272,0103,-2.2,2.8,-7.4,30
272,0104,-2.2,2.8,-7.4,30
272,0105,-2.2,2.7,-7.4,30
272,0106,-2.3,2.6,-7.3,30
272,0107,-2.3,2.6,-7.3,30
272,0108,-2.3,2.6,-7.3,30
272,0109,-2.3,2.7,-7.4,30
272,0110,-2.3,2.7,-7.4,30
272,0111,-2.3,2.6,-7.5,30
272,0112,-2.3,2.6,-7.4,30
272,0113,-2.3,2.7,-7.3,30
272,0114,-2.3,2.7,-7.3,30
272,0115,-2.2,2.7,-7.3,30
272,0116,-2.3,2.6,-7.2,30
272,0117,-2.3,2.6,-7.3,30
272,0118,-2.4,2.6,-7.3,30
272,0119,-2.4,2.6,-7.3,30
272,0120,-2.3,2.7,-7.3,30
272,0121,-2.3,2.7,-7.4,30
272,0122,-2.3,2.8,-7.4,30
272,0123,-2.2,2.8,-7.3,30
272,0124,-2.2,2.8,-7.2,30
272,0125,-2.2,2.9,-7.3,30
272,0126,-2.2,2.9,-7.3,30
272,0127,-2.2,2.9,-7.4,30
272,0128,-2.2,2.9,-7.4,30
272,0129,-2.1,3.1,-7.4,30
272,0130,-2.0,3.2,-7.4,30
272,0131,-1.9,3.4,-7.4,30
272,0201,-1.8,3.6,-7.3,30
272,0202,-1.7,3.7,-7.1,30
272,0203,-1.6,3.8,-7.0,30
272,0204,-1.5,3.8,-6.9,30
272,0205,-1.4,3.9,-6.7,30
272,0206,-1.2,4.1,-6.6,30
272,0207,-1.0,4.4,-6.5,30
272,0208,-0.8,4.6,-6.4,30
272,0209,-0.7,4.7,-6.2,30
272,0210,-0.5,4.8,-6.0,30
272,0211,-0.4,5.0,-5.8,30
272,0212,-0.3,5.2,-5.7,30
272,0213,-0.1,5.4,-5.6,30
272,0214,-0.0,5.4,-5.5,30
272,0215,0.1,5.6,-5.4,30
272,0216,0.3,5.8,-5.2,30
272,0217,0.5,6.1,-5.0,30
272,0218,0.7,6.4,-4.9,30
272,0219,0.9,6.6,-4.7,30
272,0220,1.1,6.9,-4.6,30
272,0221,1.3,7.0,-4.4,30
272,0222,1.3,7.0,-4.4,30
272,0223,1.4,7.1,-4.1,30
272,0224,1.6,7.3,-3.9,30
272,0225,1.8,7.6,-3.7,30
272,0226,2.1,7.9,-3.5,30
272,0227,2.3,8.0,-3.3,30
272,0228,2.4,8.1,-3.1,30
272,0229,2.6,8.3,-2.8,0
272,0301,2.8,8.4,-2.7,30
272,0302,3.0,8.7,-2.5,30
272,0303,3.1,8.8,-2.3,30
272,0304,3.2,8.9,-2.2,30
272,0305,3.4,9.1,-2.1,30
272,0306,3.5,9.3,-2.0,30
272,0307,3.7,9.5,-2.0,30
272,0308,3.8,9.7,-1.9,30
272,0309,3.9,9.9,-1.8,30
272,0310,4.1,10.2,-1.7,30
272,0311,4.4,10.5,-1.5,30
272,0312,4.6,10.8,-1.4,30
272,0313,4.8,11.0,-1.3,30
272,0314,5.0,11.3,-1.1,30
272,0315,5.3,11.6,-1.0,30
272,0316,5.5,11.8,-0.8,30
272,0317,5.6,11.8,-0.6,30
272,0318,5.7,12.0,-0.5,30
272,0319,6.0,12.3,-0.3,30
272,0320,6.2,12.5,-0.1,30
272,0321,6.5,12.7,0.1,30
272,0322,6.7,12.9,0.3,30
272,0323,6.8,13.1,0.5,30
272,0324,7.0,13.3,0.6,30
272,0325,7.2,13.5,0.8,30
272,0326,7.4,13.7,1.0,30
272,0327,7.5,13.8,1.1,30
272,0328,7.7,14.0,1.2,30
272,0329,8.0,14.3,1.4,30
272,0330,8.2,14.6,1.6,30
272,0331,8.5,14.9,1.8,30
272,0401,8.8,15.3,2.0,30
272,0402,9.0,15.6,2.2,30
272,0403,9.3,15.9,2.4,30
272,0404,9.5,16.1,2.6,30
272,0405,9.6,16.2,2.8,30
272,0406,9.8,16.4,3.0,30
272,0407,10.0,16.6,3.1,30
272,0408,10.2,16.9,3.3,30
272,0409,10.5,17.2,3.5,30
272,0410,10.7,17.5,3.7,30
272,0411,11.0,17.8,3.9,30
272,0412,11.2,18.0,4.1,30
272,0413,11.4,18.2,4.3,30
272,0414,11.6,18.4,4.5,30
272,0415,11.8,18.7,4.7,30
272,0416,12.0,18.8,5.0,30
272,0417,12.2,19.0,5.1,30
272,0418,12.3,19.2,5.3,30
272,0419,12.5,19.4,5.4,30
272,0420,12.7,19.7,5.6,30
272,0421,12.9,20.0,5.7,30
272,0422,13.1,20.1,6.0,30
272,0423,13.4,20.4,6.2,30
272,0424,13.6,20.5,6.5,30
272,0425,13.8,20.7,6.8,30
272,0426,14.0,20.9,7.0,30
272,0427,14.3,21.1,7.3,30
272,0428,14.5,21.4,7.5,30
272,0429,14.7,21.5,7.7,30
272,0430,14.8,21.7,7.8,30
272,0501,15.1,21.9,8.0,30
272,0502,15.3,22.1,8.2,30
272,0503,15.4,22.2,8.4,30
272,0504,15.5,22.3,8.5,30
272,0505,15.6,22.4,8.7,30
272,0506,15.8,22.5,9.0,30
272,0507,16.0,22.7,9.1,30
272,0508,16.1,22.8,9.3,30
272,0509,16.1,22.8,9.4,30
272,0510,16.2,22.9,9.5,30
272,0511,16.3,23.0,9.6,30
272,0512,16.4,23.1,9.7,30
272,0513,16.5,23.1,9.9,30
272,0514,16.6,23.3,10.0,30
272,0515,16.8,23.6,10.1,30
272,0516,16.9,23.7,10.3,30
272,0517,17.1,23.8,10.5,30
272,0518,17.4,24.0,10.7,30
272,0519,17.6,24.2,10.9,30
272,0520,17.7,24.4,11.1,30
272,0521,17.9,24.5,11.2,30
272,0522,18.0,24.7,11.4,30
272,0523,18.2,24.9,11.5,30
272,0524,18.3,25.1,11.6,30
272,0525,18.5,25.3,11.7,30
272,0526,18.7,25.5,11.9,30
272,0527,18.8,25.6,12.0,30
272,0528,19.0,25.8,12.2,30
272,0529,19.2,25.9,12.5,30
272,0530,19.3,26.0,12.7,30
272,0531,19.4,26.1,12.9,30
272,0601,19.6,26.2,13.0,30
272,0602,19.7,26.4,13.2,30
272,0603,19.9,26.5,13.4,30
272,0604,20.0,26.7,13.6,30
272,0605,20.2,26.8,13.8,30
272,0606,20.3,26.9,14.0,30
272,0607,20.4,27.0,14.2,30
272,0608,20.5,27.1,14.4,30
272,0609,20.7,27.2,14.6,30
272,0610,20.8,27.3,14.8,30
272,0611,20.9,27.4,15.0,30
272,0612,21.0,27.4,15.2,30
272,0613,21.1,27.5,15.3,30
272,0614,21.3,27.6,15.6,30
272,0615,21.4,27.6,15.7,30
272,0616,21.5,27.7,15.9,30
272,0617,21.5,27.7,16.0,30
272,0618,21.6,27.6,16.2,30
272,0619,21.7,27.7,16.4,30
272,0620,21.8,27.7,16.6,30
272,0621,21.9,27.7,16.7,30
272,0622,22.0,27.8,16.9,30
272,0623,22.1,27.8,17.2,30
272,0624,22.2,27.7,17.4,30
272,0625,22.3,27.7,17.6,30
272,0626,22.4,27.7,17.8,30
272,0627,22.5,27.7,18.0,30
272,0628,22.5,27.8,18.1,30
272,0629,22.6,27.8,18.2,30
272,0630,22.6,27.8,18.3,30
272,0701,22.7,27.8,18.4,30
272,0702,22.8,27.9,18.6,30
272,0703,22.9,27.9,18.7,30
272,0704,23.0,28.0,18.8,30
272,0705,23.1,28.0,19.0,30
272,0706,23.1,28.0,19.1,30
272,0707,23.2,28.0,19.2,30
272,0708,23.2,28.0,19.3,30
272,0709,23.3,28.0,19.4,30
272,0710,23.3,28.1,19.4,30
272,0711,23.4,28.1,19.5,30
272,0712,23.4,28.2,19.5,30
272,0713,23.5,28.3,19.6,30
272,0714,23.6,28.3,19.8,30
272,0715,23.8,28.5,20.0,30
272,0716,23.9,28.6,20.1,30
272,0717,24.0,28.7,20.2,30
272,0718,24.1,28.9,20.3,30
272,0719,24.2,29.0,20.4,30
272,0720,24.4,29.2,20.5,30
272,0721,24.5,29.3,20.6,30
272,0722,24.6,29.4,20.7,30
272,0723,24.7,29.6,20.7,30
272,0724,24.9,29.8,20.9,30
272,0725,25.0,30.1,21.0,30
272,0726,25.2,30.2,21.1,30
272,0727,25.2,30.3,21.3,30
272,0728,25.3,30.4,21.3,30
272,0729,25.4,30.5,21.4,30
272,0730,25.4,30.6,21.3,30
272,0731,25.4,30.6,21.3,30
272,0801,25.4,30.7,21.4,30
272,0802,25.4,30.7,21.4,30
272,0803,25.4,30.7,21.4,30
272,0804,25.4,30.7,21.4,30
272,0805,25.4,30.7,21.3,30
272,0806,25.4,30.7,21.3,30
272,0807,25.3,30.7,21.3,30
272,0808,25.2,30.7,21.2,30
272,0809,25.1,30.5,21.1,30
272,0810,25.0,30.4,21.0,30
272,0811,24.9,30.3,20.9,30
272,0812,24.8,30.2,20.8,30
272,0813,24.7,30.1,20.7,30
272,0814,24.6,30.0,20.6,30
272,0815,24.5,29.9,20.5,30
272,0816,24.4,29.7,20.4,30
272,0817,24.3,29.6,20.3,30
272,0818,24.2,29.4,20.1,30
272,0819,24.0,29.3,20.0,30
272,0820,23.8,29.1,19.8,30
272,0821,23.7,28.9,19.6,30
272,0822,23.5,28.8,19.4,30
272,0823,23.4,28.6,19.3,30
272,0824,23.2,28.5,19.1,30
272,0825,23.1,28.4,18.9,30
272,0826,23.0,28.3,18.7,30
272,0827,22.8,28.2,18.5,30
272,0828,22.7,28.1,18.3,30
272,0829,22.5,27.9,18.1,30
272,0830,22.3,27.8,17.9,30
272,0831,22.2,27.6,17.7,30
272,0901,22.0,27.5,17.5,30
272,0902,21.8,27.4,17.3,30
272,0903,21.7,27.4,17.1,30
272,0904,21.6,27.3,16.9,30
272,0905,21.4,27.1,16.7,30
272,0906,21.2,26.9,16.5,30
272,0907,21.0,26.8,16.3,30
272,0908,20.9,26.7,16.1,30
272,0909,20.7,26.5,15.9,30
272,0910,20.5,26.4,15.7,30
272,0911,20.3,26.3,15.5,30
272,0912,20.1,26.1,15.2,30
272,0913,19.9,25.9,15.0,30
272,0914,19.6,25.8,14.7,30
272,0915,19.4,25.6,14.3,30
272,0916,19.2,25.4,14.1,30
272,0917,18.9,25.2,13.8,30
272,0918,18.8,25.1,13.6,30
272,0919,18.6,25.0,13.3,30
272,0920,18.3,24.9,13.0,30
272,0921,18.1,24.7,12.7,30
272,0922,17.9,24.6,12.5,30
272,0923,17.7,24.3,12.2,30
272,0924,17.5,24.1,12.1,30
272,0925,17.3,23.9,11.8,30
272,0926,17.1,23.7,11.6,30
272,0927,16.9,23.5,11.3,30
272,0928,16.7,23.3,11.1,30
272,0929,16.5,23.2,10.9,30
272,0930,16.3,23.1,10.7,30
272,1001,16.2,22.9,10.5,30
272,1002,16.0,22.8,10.2,30
272,1003,15.8,22.6,10.0,30
272,1004,15.6,22.4,9.8,30
272,1005,15.4,22.2,9.6,30
272,1006,15.1,22.1,9.3,30
272,1007,14.9,21.9,9.0,30
272,1008,14.7,21.7,8.7,30
272,1009,14.4,21.5,8.3,30
272,1010,14.2,21.4,8.0,30
272,1011,13.9,21.2,7.7,30
272,1012,13.7,21.0,7.5,30
272,1013,13.5,20.9,7.2,30
272,1014,13.4,20.8,7.0,30
272,1015,13.2,20.5,6.8,30
272,1016,12.9,20.3,6.6,30
272,1017,12.7,20.0,6.5,30
272,1018,12.5,19.8,6.2,30
272,1019,12.2,19.5,6.0,30
272,1020,12.0,19.2,5.7,30
272,1021,11.7,19.0,5.4,30
272,1022,11.5,18.7,5.2,30
272,1023,11.3,18.4,5.0,30
272,1024,11.0,18.2,4.8,30
272,1025,10.8,17.9,4.6,30
272,1026,10.6,17.6,4.4,30
272,1027,10.3,17.3,4.2,30
272,1028,10.1,17.0,3.9,30
272,1029,9.9,16.9,3.6,30
272,1030,9.7,16.7,3.4,30
272,1031,9.6,16.5,3.3,30
272,1101,9.4,16.3,3.2,30
272,1102,9.2,16.0,3.0,30
272,1103,9.0,15.8,2.9,30
272,1104,8.9,15.6,2.8,30
272,1105,8.7,15.3,2.7,30
272,1106,8.5,15.1,2.5,30
272,1107,8.4,14.9,2.5,30
272,1108,8.2,14.6,2.3,30
272,1109,8.0,14.4,2.1,30
272,1110,7.7,14.1,1.9,30
272,1111,7.5,13.7,1.7,30
272,1112,7.2,13.3,1.5,30
272,1113,6.9,12.9,1.3,30
272,1114,6.5,12.4,0.9,30
272,1115,6.2,12.1,0.6,30
272,1116,5.8,11.8,0.3,30
272,1117,5.5,11.5,-0.0,30
272,1118,5.2,11.2,-0.3,30
272,1119,4.9,10.8,-0.6,30
272,1120,4.6,10.5,-0.8,30
272,1121,4.4,10.1,-1.0,30
272,1122,4.1,9.9,-1.3,30
272,1123,3.9,9.7,-1.5,30
272,1124,3.7,9.5,-1.7,30
272,1125,3.5,9.3,-1.8,30
272,1126,3.3,9.1,-2.1,30
272,1127,3.1,8.8,-2.2,30
272,1128,2.9,8.5,-2.4,30
272,1129,2.6,8.2,-2.5,30
272,1130,2.4,7.9,-2.7,30
272,1201,2.2,7.6,-2.9,30
272,1202,1.9,7.3,-3.1,30
272,1203,1.7,7.0,-3.4,30
272,1204,1.5,6.8,-3.5,30
272,1205,1.3,6.6,-3.8,30
272,1206,1.0,6.3,-4.0,30
272,1207,0.7,6.0,-4.3,30
272,1208,0.5,5.7,-4.5,30
272,1209,0.2,5.3,-4.8,30
272,1210,-0.0,5.0,-4.9,30
272,1211,-0.2,4.8,-5.1,30
272,1212,-0.4,4.7,-5.3,30
272,1213,-0.5,4.6,-5.4,30
272,1214,-0.5,4.6,-5.5,30
272,1215,-0.5,4.6,-5.5,30
272,1216,-0.5,4.6,-5.6,30
272,1217,-0.6,4.6,-5.6,30
272,1218,-0.6,4.5,-5.6,30
272,1219,-0.8,4.4,-5.7,30
272,1220,-0.9,4.3,-5.8,30
272,1221,-1.0,4.2,-5.9,30
272,1222,-1.0,4.1,-6.0,30
272,1223,-1.1,4.0,-6.2,30
272,1224,-1.2,3.9,-6.3,30
272,1225,-1.3,3.8,-6.4,30
272,1226,-1.3,3.9,-6.4,30
272,1227,-1.3,3.8,-6.4,30
272,1228,-1.4,3.7,-6.5,30
272,1229,-1.6,3.5,-6.7,30
272,1230,-1.7,3.4,-6.8,30
272,1231,-1.9,3.2,-7.0,30
273,0101,-1.5,3.7,-6.2,30
273,0102,-1.5,3.6,-6.2,30
273,0103,-1.6,3.5,-6.3,30
273,0104,-1.6,3.5,-6.3,30
273,0105,-1.6,3.5,-6.3,30
273,0106,-1.6,3.4,-6.3,30
273,0107,-1.7,3.3,-6.2,30
273,0108,-1.6,3.4,-6.2,30
273,0109,-1.7,3.4,-6.3,30
273,0110,-1.7,3.4,-6.3,30
273,0111,-1.7,3.3,-6.3,30
273,0112,-1.7,3.3,-6.3,30
273,0113,-1.7,3.3,-6.2,30
273,0114,-1.7,3.3,-6.2,30
273,0115,-1.7,3.3,-6.2,30
273,0116,-1.8,3.2,-6.2,30
273,0117,-1.8,3.1,-6.3,30
273,0118,-1.9,3.1,-6.4,30
273,0119,-1.9,3.1,-6.4,30
273,0120,-1.8,3.2,-6.4,30
273,0121,-1.8,3.3,-6.4,30
273,0122,-1.8,3.3,-6.4,30
273,0123,-1.7,3.3,-6.4,30
273,0124,-1.7,3.4,-6.4,30
273,0125,-1.7,3.4,-6.4,30
273,0126,-1.8,3.4,-6.5,30
273,0127,-1.8,3.5,-6.5,30
273,0128,-1.7,3.5,-6.6,30
273,0129,-1.7,3.7,-6.5,30
273,0130,-1.5,3.9,-6.5,30
273,0131,-1.4,4.1,-6.5,30
273,0201,-1.3,4.2,-6.4,30
273,0202,-1.2,4.2,-6.3,30
273,0203,-1.1,4.3,-6.2,30
273,0204,-1.0,4.4,-6.1,30
273,0205,-0.9,4.5,-6.0,30
273,0206,-0.8,4.7,-5.9,30
273,0207,-0.6,5.0,-5.7,30
273,0208,-0.4,5.2,-5.5,30
273,0209,-0.3,5.3,-5.4,30
273,0210,-0.1,5.4,-5.2,30
273,0211,-0.0,5.5,-5.1,30
273,0212,0.1,5.7,-5.0,30
273,0213,0.3,5.9,-4.9,30
273,0214,0.4,6.0,-4.9,30
273,0215,0.5,6.1,-4.7,30
273,0216,0.7,6.4,-4.6,30
273,0217,0.9,6.7,-4.5,30
273,0218,1.1,6.9,-4.3,30
273,0219,1.3,7.2,-4.1,30
273,0220,1.5,7.4,-3.9,30
273,0221,1.7,7.5,-3.8,30
273,0222,1.7,7.5,-3.8,30
273,0223,1.8,7.7,-3.6,30
273,0224,2.0,7.9,-3.4,30
273,0225,2.3,8.1,-3.2,30
273,0226,2.5,8.4,-3.0,30
273,0227,2.7,8.6,-2.8,30
273,0228,2.8,8.7,-2.6,30
273,0229,3.0,8.8,-2.4,0
273,0301,3.2,9.0,-2.2,30
273,0302,3.4,9.2,-2.1,30
273,0303,3.5,9.3,-1.9,30
273,0304,3.6,9.5,-1.8,30
273,0305,3.7,9.6,-1.8,30
273,0306,3.9,9.9,-1.7,30
273,0307,4.1,10.1,-1.6,30
273,0308,4.2,10.2,-1.5,30
273,0309,4.3,10.4,-1.4,30
273,0310,4.6,10.7,-1.3,30
273,0311,4.8,11.0,-1.1,30
273,0312,5.0,11.3,-1.0,30
273,0313,5.2,11.5,-0.8,30
273,0314,5.4,11.8,-0.7,30
273,0315,5.7,12.1,-0.5,30
273,0316,5.9,12.3,-0.3,30
273,0317,6.0,12.3,-0.2,30
273,0318,6.2,12.5,-0.0,30
273,0319,6.4,12.8,0.2,30
273,0320,6.6,13.0,0.4,30
273,0321,6.9,13.3,0.6,30
273,0322,7.1,13.5,0.9,30
273,0323,7.3,13.7,1.1,30
273,0324,7.5,13.9,1.2,30
273,0325,7.6,14.0,1.4,30
273,0326,7.8,14.2,1.6,30
273,0327,8.0,14.3,1.7,30
273,0328,8.1,14.6,1.8,30
273,0329,8.4,14.8,2.0,30
273,0330,8.6,15.1,2.2,30
273,0331,8.9,15.4,2.4,30
273,0401,9.2,15.8,2.7,30
273,0402,9.4,16.1,2.9,30
273,0403,9.7,16.3,3.1,30
273,0404,9.8,16.4,3.3,30
273,0405,10.0,16.5,3.5,30
273,0406,10.2,16.7,3.7,30
273,0407,10.4,16.9,3.8,30
273,0408,10.6,17.3,4.0,30
273,0409,10.9,17.6,4.2,30
273,0410,11.1,17.8,4.4,30
273,0411,11.4,18.1,4.6,30
273,0412,11.6,18.3,4.9,30
273,0413,11.8,18.5,5.1,30
273,0414,12.0,18.7,5.3,30
273,0415,12.2,18.9,5.5,30
273,0416,12.3,19.1,5.7,30
273,0417,12.5,19.3,5.9,30
273,0418,12.7,19.5,6.0,30
273,0419,12.9,19.7,6.1,30
273,0420,13.1,20.0,6.2,30
273,0421,13.3,20.3,6.4,30
273,0422,13.5,20.4,6.6,30
273,0423,13.7,20.6,6.9,30
273,0424,13.9,20.8,7.1,30
273,0425,14.1,21.0,7.3,30
273,0426,14.3,21.1,7.5,30
273,0427,14.5,21.3,7.8,30
273,0428,14.8,21.6,7.9,30
273,0429,14.9,21.8,8.1,30
273,0430,15.1,21.9,8.2,30
273,0501,15.3,22.2,8.4,30
273,0502,15.5,22.3,8.6,30
273,0503,15.6,22.4,8.8,30
273,0504,15.7,22.5,8.9,30
273,0505,15.8,22.6,9.1,30
273,0506,16.0,22.7,9.3,30
273,0507,16.1,22.9,9.4,30
273,0508,16.2,23.0,9.6,30
273,0509,16.3,23.0,9.7,30
273,0510,16.3,23.0,9.7,30
273,0511,16.4,23.2,9.8,30
273,0512,16.5,23.2,9.9,30
273,0513,16.6,23.3,10.1,30
273,0514,16.7,23.4,10.2,30
273,0515,16.9,23.6,10.3,30
273,0516,17.0,23.8,10.5,30
273,0517,17.2,23.9,10.7,30
273,0518,17.4,24.1,10.9,30
273,0519,17.6,24.3,11.1,30
273,0520,17.8,24.5,11.2,30
273,0521,17.9,24.6,11.3,30
273,0522,18.0,24.8,11.5,30
273,0523,18.2,24.9,11.6,30
273,0524,18.4,25.2,11.7,30
273,0525,18.5,25.4,11.9,30
273,0526,18.7,25.5,12.0,30
273,0527,18.8,25.6,12.2,30
273,0528,19.0,25.8,12.4,30
273,0529,19.2,25.9,12.6,30
273,0530,19.3,26.0,12.8,30
273,0531,19.4,26.1,13.0,30
273,0601,19.5,26.2,13.2,30
273,0602,19.7,26.3,13.3,30
273,0603,19.8,26.5,13.5,30
273,0604,20.0,26.6,13.7,30
273,0605,20.2,26.7,14.0,30
273,0606,20.3,26.8,14.1,30
273,0607,20.4,26.9,14.3,30
273,0608,20.5,26.9,14.5,30
273,0609,20.7,27.0,14.7,30
273,0610,20.8,27.1,14.9,30
273,0611,20.9,27.2,15.1,30
273,0612,21.0,27.3,15.3,30
273,0613,21.1,27.4,15.4,30
273,0614,21.2,27.4,15.7,30
273,0615,21.3,27.4,15.8,30
273,0616,21.4,27.5,16.0,30
273,0617,21.5,27.4,16.1,30
273,0618,21.5,27.4,16.2,30
273,0619,21.6,27.4,16.5,30
273,0620,21.7,27.4,16.7,30
273,0621,21.8,27.5,16.8,30
273,0622,21.9,27.6,17.0,30
273,0623,22.0,27.5,17.2,30
273,0624,22.1,27.4,17.5,30
273,0625,22.2,27.4,17.7,30
273,0626,22.3,27.4,17.9,30
273,0627,22.3,27.4,18.0,30
273,0628,22.4,27.5,18.1,30
273,0629,22.5,27.5,18.2,30
273,0630,22.5,27.5,18.3,30
273,0701,22.6,27.5,18.5,30
273,0702,22.7,27.5,18.6,30
273,0703,22.8,27.6,18.8,30
273,0704,22.9,27.7,18.9,30
273,0705,22.9,27.7,19.0,30
273,0706,23.0,27.7,19.1,30
273,0707,23.0,27.8,19.3,30
273,0708,23.1,27.8,19.4,30
273,0709,23.1,27.9,19.5,30
273,0710,23.2,27.9,19.5,30
273,0711,23.2,27.9,19.5,30
273,0712,23.3,28.0,19.6,30
273,0713,23.4,28.1,19.7,30
273,0714,23.5,28.2,19.8,30
273,0715,23.7,28.3,20.0,30
273,0716,23.8,28.5,20.2,30
273,0717,23.9,28.7,20.3,30
273,0718,24.0,28.8,20.4,30
273,0719,24.1,29.0,20.5,30
273,0720,24.3,29.2,20.6,30
273,0721,24.4,29.3,20.7,30
273,0722,24.5,29.4,20.8,30
273,0723,24.7,29.6,20.8,30
273,0724,24.8,29.8,21.0,30
273,0725,25.0,30.1,21.1,30
273,0726,25.1,30.2,21.3,30
273,0727,25.2,30.3,21.4,30
273,0728,25.3,30.4,21.4,30
273,0729,25.3,30.5,21.5,30
273,0730,25.3,30.6,21.4,30
273,0731,25.3,30.6,21.4,30
273,0801,25.4,30.6,21.4,30
273,0802,25.4,30.6,21.4,30
273,0803,25.4,30.6,21.5,30
273,0804,25.3,30.5,21.5,30
273,0805,25.3,30.5,21.5,30
273,0806,25.3,30.5,21.4,30
273,0807,25.2,30.5,21.4,30
273,0808,25.2,30.4,21.3,30
273,0809,25.1,30.3,21.2,30
273,0810,25.0,30.2,21.1,30
273,0811,24.9,30.1,21.1,30
273,0812,24.8,30.0,21.0,30
273,0813,24.7,29.8,20.9,30
273,0814,24.6,29.7,20.8,30
273,0815,24.5,29.6,20.7,30
273,0816,24.4,29.5,20.6,30
273,0817,24.3,29.3,20.5,30
273,0818,24.1,29.2,20.3,30
273,0819,24.0,29.1,20.2,30
273,0820,23.8,28.9,20.0,30
273,0821,23.7,28.8,19.8,30
273,0822,23.5,28.6,19.7,30
273,0823,23.3,28.4,19.5,30
273,0824,23.2,28.3,19.3,30
273,0825,23.1,28.2,19.2,30
273,0826,22.9,28.1,19.0,30
273,0827,22.7,28.0,18.8,30
273,0828,22.6,27.9,18.6,30
273,0829,22.4,27.7,18.4,30
273,0830,22.2,27.5,18.2,30
273,0831,22.1,27.4,18.0,30
273,0901,21.9,27.3,17.8,30
273,0902,21.7,27.2,17.6,30
273,0903,21.6,27.1,17.4,30
273,0904,21.5,27.0,17.2,30
273,0905,21.3,26.8,17.0,30
273,0906,21.1,26.7,16.8,30
273,0907,20.9,26.5,16.6,30
273,0908,20.8,26.4,16.4,30
273,0909,20.6,26.2,16.2,30
273,0910,20.4,26.1,16.0,30
273,0911,20.2,26.0,15.8,30
273,0912,20.0,25.8,15.5,30
273,0913,19.8,25.7,15.3,30
273,0914,19.6,25.5,15.0,30
273,0915,19.4,25.4,14.7,30
273,0916,19.1,25.1,14.4,30
273,0917,18.9,25.0,14.1,30
273,0918,18.7,24.9,13.9,30
273,0919,18.6,24.8,13.6,30
273,0920,18.3,24.7,13.3,30
273,0921,18.1,24.5,13.1,30
273,0922,17.9,24.4,12.8,30
273,0923,17.7,24.1,12.6,30
273,0924,17.5,24.0,12.4,30
273,0925,17.3,23.8,12.2,30
273,0926,17.1,23.6,12.0,30
273,0927,16.9,23.4,11.7,30
273,0928,16.7,23.2,11.5,30
273,0929,16.5,23.1,11.3,30
273,0930,16.3,23.0,11.1,30
273,1001,16.2,22.9,10.9,30
273,1002,16.0,22.7,10.7,30
273,1003,15.8,22.6,10.4,30
273,1004,15.6,22.4,10.2,30
273,1005,15.4,22.2,10.0,30
273,1006,15.2,22.1,9.8,30
273,1007,15.0,21.9,9.5,30
273,1008,14.8,21.8,9.2,30
273,1009,14.5,21.6,8.9,30
273,1010,14.3,21.4,8.6,30
273,1011,14.1,21.2,8.3,30
273,1012,13.8,21.0,8.1,30
273,1013,13.7,20.9,7.9,30
273,1014,13.5,20.7,7.7,30
273,1015,13.3,20.5,7.5,30
273,1016,13.1,20.3,7.3,30
273,1017,12.9,20.0,7.1,30
273,1018,12.6,19.8,6.8,30
273,1019,12.4,19.5,6.6,30
273,1020,12.1,19.3,6.3,30
273,1021,11.9,19.0,6.0,30
273,1022,11.7,18.8,5.8,30
273,1023,11.4,18.5,5.6,30
273,1024,11.2,18.3,5.4,30
273,1025,11.0,18.0,5.2,30
273,1026,10.7,17.7,4.9,30
273,1027,10.5,17.4,4.7,30
273,1028,10.3,17.2,4.5,30
273,1029,10.1,17.1,4.2,30
273,1030,9.9,16.9,4.1,30
273,1031,9.8,16.7,3.9,30
273,1101,9.6,16.5,3.8,30
273,1102,9.4,16.2,3.6,30
273,1103,9.3,16.0,3.5,30
273,1104,9.2,15.8,3.5,30
273,1105,9.0,15.5,3.4,30
273,1106,8.8,15.3,3.2,30
273,1107,8.7,15.1,3.1,30
273,1108,8.5,14.8,2.9,30
273,1109,8.3,14.6,2.7,30
273,1110,8.0,14.3,2.5,30
273,1111,7.8,13.9,2.3,30
273,1112,7.5,13.5,2.1,30
273,1113,7.1,13.1,1.9,30
273,1114,6.8,12.7,1.5,30
273,1115,6.5,12.3,1.2,30
273,1116,6.2,12.1,0.9,30
273,1117,5.9,11.7,0.6,30
273,1118,5.6,11.5,0.4,30
273,1119,5.3,11.2,0.1,30
273,1120,5.0,10.8,-0.2,30
273,1121,4.7,10.5,-0.4,30
273,1122,4.5,10.2,-0.5,30
273,1123,4.3,10.0,-0.7,30
273,1124,4.1,9.8,-0.9,30
273,1125,3.9,9.6,-1.1,30
273,1126,3.7,9.4,-1.3,30
273,1127,3.5,9.2,-1.4,30
273,1128,3.3,8.9,-1.6,30
273,1129,3.1,8.6,-1.8,30
273,1130,2.9,8.4,-1.9,30
273,1201,2.6,8.0,-2.1,30
273,1202,2.4,7.8,-2.4,30
273,1203,2.2,7.5,-2.6,30
273,1204,2.0,7.3,-2.8,30
273,1205,1.8,7.1,-3.0,30
273,1206,1.5,6.9,-3.3,30
273,1207,1.3,6.6,-3.6,30
273,1208,1.0,6.3,-3.8,30
273,1209,0.7,6.0,-4.0,30
273,1210,0.5,5.7,-4.2,30
273,1211,0.3,5.5,-4.4,30
273,1212,0.2,5.3,-4.5,30
273,1213,0.1,5.2,-4.7,30
273,1214,0.1,5.2,-4.7,30
273,1215,0.0,5.2,-4.8,30
273,1216,0.0,5.2,-4.8,30
273,1217,-0.0,5.2,-4.8,30
273,1218,-0.1,5.1,-4.9,30
273,1219,-0.3,5.0,-5.0,30
273,1220,-0.4,4.9,-5.1,30
273,1221,-0.5,4.7,-5.2,30
273,1222,-0.6,4.7,-5.3,30
273,1223,-0.7,4.6,-5.4,30
273,1224,-0.8,4.5,-5.4,30
273,1225,-0.8,4.4,-5.5,30
273,1226,-0.8,4.4,-5.6,30
273,1227,-0.8,4.4,-5.5,30
273,1228,-0.9,4.3,-5.6,30
273,1229,-1.1,4.2,-5.8,30
273,1230,-1.2,4.0,-5.9,30
273,1231,-1.4,3.8,-6.1,30
277,0101,1.5,6.3,-2.7,30
277,0102,1.4,6.2,-2.8,30
277,0103,1.4,6.2,-2.8,30
277,0104,1.3,6.1,-2.8,30
277,0105,1.2,6.0,-2.9,30
277,0106,1.2,5.9,-2.9,30
277,0107,1.1,5.8,-2.9,30
277,0108,1.1,5.8,-3.0,30
277,0109,1.1,5.8,-3.0,30
277,0110,1.1,5.8,-3.0,30
277,0111,1.1,5.8,-3.0,30
277,0112,1.1,5.7,-3.0,30
277,0113,1.1,5.8,-2.9,30
277,0114,1.0,5.7,-3.0,30
277,0115,1.0,5.7,-3.0,30
277,0116,0.9,5.6,-3.1,30
277,0117,0.9,5.5,-3.2,30
277,0118,0.8,5.5,-3.2,30
277,0119,0.8,5.5,-3.3,30
277,0120,0.8,5.6,-3.3,30
277,0121,0.9,5.6,-3.3,30
277,0122,0.9,5.7,-3.3,30
277,0123,0.9,5.7,-3.3,30
277,0124,0.9,5.7,-3.3,30
277,0125,0.9,5.7,-3.3,30
277,0126,0.9,5.8,-3.4,30
277,0127,0.9,5.8,-3.4,30
277,0128,0.9,5.8,-3.5,30
277,0129,1.0,6.0,-3.4,30
277,0130,1.1,6.1,-3.4,30
277,0131,1.2,6.3,-3.3,30
277,0201,1.3,6.4,-3.2,30
277,0202,1.4,6.5,-3.1,30
277,0203,1.5,6.6,-3.0,30
277,0204,1.6,6.7,-2.9,30
277,0205,1.6,6.8,-2.9,30
277,0206,1.8,7.0,-2.8,30
277,0207,1.9,7.2,-2.6,30
277,0208,2.1,7.3,-2.5,30
277,0209,2.2,7.4,-2.4,30
277,0210,2.3,7.4,-2.2,30
277,0211,2.4,7.5,-2.2,30
277,0212,2.5,7.6,-2.1,30
277,0213,2.6,7.8,-2.0,30
277,0214,2.7,7.8,-2.0,30
277,0215,2.8,7.9,-1.9,30
277,0216,2.9,8.1,-1.8,30
277,0217,3.1,8.3,-1.6,30
277,0218,3.3,8.5,-1.5,30
277,0219,3.4,8.6,-1.4,30
277,0220,3.6,8.8,-1.2,30
277,0221,3.7,9.0,-1.1,30
277,0222,3.7,9.0,-1.1,30
277,0223,3.8,9.0,-1.0,30
277,0224,3.9,9.2,-0.9,30
277,0225,4.1,9.5,-0.7,30
277,0226,4.3,9.6,-0.5,30
277,0227,4.5,9.8,-0.4,30
277,0228,4.6,9.9,-0.2,30
277,0229,4.7,10.0,-0.1,0
277,0301,4.8,10.1,0.0,30
277,0302,5.0,10.2,0.1,30
277,0303,5.1,10.4,0.2,30
277,0304,5.2,10.5,0.3,30
277,0305,5.3,10.7,0.3,30
277,0306,5.4,10.8,0.4,30
277,0307,5.5,10.9,0.4,30
277,0308,5.6,11.0,0.4,30
277,0309,5.7,11.3,0.6,30
277,0310,6.0,11.5,0.7,30
277,0311,6.2,11.8,0.9,30
277,0312,6.4,12.0,1.0,30
277,0313,6.6,12.2,1.2,30
277,0314,6.7,12.3,1.3,30
277,0315,6.9,12.5,1.5,30
277,0316,7.0,12.7,1.6,30
277,0317,7.1,12.7,1.8,30
277,0318,7.3,12.9,2.0,30
277,0319,7.5,13.1,2.1,30
277,0320,7.8,13.4,2.3,30
277,0321,8.0,13.5,2.6,30
277,0322,8.1,13.7,2.7,30
277,0323,8.3,13.8,2.9,30
277,0324,8.4,14.0,3.0,30
277,0325,8.5,14.1,3.1,30
277,0326,8.6,14.2,3.2,30
277,0327,8.7,14.4,3.3,30
277,0328,8.9,14.6,3.4,30
277,0329,9.1,14.8,3.6,30
277,0330,9.3,15.1,3.8,30
277,0331,9.6,15.3,4.0,30
277,0401,9.8,15.6,4.1,30
277,0402,10.0,15.8,4.2,30
277,0403,10.1,16.0,4.4,30
277,0404,10.2,16.0,4.6,30
277,0405,10.4,16.1,4.6,30
277,0406,10.6,16.4,4.8,30
277,0407,10.8,16.6,5.1,30
277,0408,11.0,16.9,5.3,30
277,0409,11.3,17.2,5.5,30
277,0410,11.5,17.4,5.7,30
277,0411,11.7,17.7,5.9,30
277,0412,11.9,17.8,6.1,30
277,0413,12.0,17.9,6.3,30
277,0414,12.2,18.1,6.4,30
277,0415,12.4,18.3,6.6,30
277,0416,12.6,18.5,6.8,30
277,0417,12.8,18.7,7.0,30
277,0418,12.9,18.9,7.2,30
277,0419,13.1,19.1,7.4,30
277,0420,13.3,19.4,7.6,30
277,0421,13.5,19.6,7.7,30
277,0422,13.7,19.8,7.9,30
277,0423,14.0,20.0,8.1,30
277,0424,14.1,20.0,8.4,30
277,0425,14.3,20.2,8.6,30
277,0426,14.5,20.3,8.8,30
277,0427,14.7,20.5,9.0,30
277,0428,15.0,20.8,9.2,30
277,0429,15.1,21.0,9.3,30
277,0430,15.3,21.1,9.4,30
277,0501,15.4,21.3,9.6,30
277,0502,15.6,21.4,9.7,30
277,0503,15.7,21.5,9.9,30
277,0504,15.8,21.6,10.0,30
277,0505,15.9,21.6,10.1,30
277,0506,15.9,21.7,10.3,30
277,0507,16.0,21.8,10.4,30
277,0508,16.1,21.8,10.4,30
277,0509,16.1,21.9,10.5,30
277,0510,16.2,22.0,10.6,30
277,0511,16.3,22.1,10.7,30
277,0512,16.4,22.2,10.8,30
277,0513,16.5,22.3,10.9,30
277,0514,16.7,22.5,11.1,30
277,0515,16.8,22.6,11.2,30
277,0516,17.0,22.8,11.4,30
277,0517,17.1,22.9,11.6,30
277,0518,17.3,23.1,11.8,30
277,0519,17.6,23.4,12.0,30
277,0520,17.7,23.5,12.1,30
277,0521,17.8,23.5,12.3,30
277,0522,17.9,23.7,12.4,30
277,0523,18.0,23.8,12.5,30
277,0524,18.2,24.0,12.6,30
277,0525,18.3,24.1,12.8,30
277,0526,18.4,24.3,12.9,30
277,0527,18.5,24.3,13.0,30
277,0528,18.6,24.4,13.1,30
277,0529,18.7,24.4,13.3,30
277,0530,18.8,24.4,13.4,30
277,0531,18.8,24.4,13.5,30
277,0601,18.9,24.5,13.6,30
277,0602,18.9,24.5,13.7,30
277,0603,19.0,24.6,13.9,30
277,0604,19.1,24.7,14.0,30
277,0605,19.3,24.9,14.2,30
277,0606,19.3,24.9,14.3,30
277,0607,19.5,25.0,14.5,30
277,0608,19.5,25.1,14.6,30
277,0609,19.6,25.1,14.7,30
277,0610,19.7,25.1,14.9,30
277,0611,19.7,25.1,15.0,30
277,0612,19.8,25.2,15.2,30
277,0613,20.0,25.3,15.4,30
277,0614,20.1,25.4,15.6,30
277,0615,20.3,25.5,15.8,30
277,0616,20.4,25.5,15.9,30
277,0617,20.5,25.6,16.1,30
277,0618,20.6,25.6,16.3,30
277,0619,20.7,25.7,16.5,30
277,0620,20.9,25.8,16.7,30
277,0621,21.0,25.9,16.9,30
277,0622,21.2,26.1,17.1,30
277,0623,21.3,26.2,17.3,30
277,0624,21.5,26.3,17.6,30
277,0625,21.7,26.5,17.9,30
277,0626,21.9,26.6,18.1,30
277,0627,22.0,26.7,18.2,30
277,0628,22.1,26.7,18.4,30
277,0629,22.2,26.8,18.5,30
277,0630,22.3,26.8,18.6,30
277,0701,22.4,26.9,18.7,30
277,0702,22.5,27.0,18.9,30
277,0703,22.6,27.1,19.0,30
277,0704,22.7,27.2,19.1,30
277,0705,22.8,27.2,19.3,30
277,0706,22.9,27.3,19.4,30
277,0707,23.0,27.4,19.5,30
277,0708,23.0,27.4,19.6,30
277,0709,23.1,27.5,19.7,30
277,0710,23.1,27.5,19.7,30
277,0711,23.2,27.5,19.8,30
277,0712,23.3,27.7,19.9,30
277,0713,23.4,27.8,20.0,30
277,0714,23.6,28.0,20.2,29
277,0715,23.8,28.2,20.4,30
277,0716,24.0,28.4,20.5,30
277,0717,24.2,28.7,20.7,30
277,0718,24.3,28.8,20.8,30
277,0719,24.5,28.9,20.9,30
277,0720,24.6,29.1,21.0,30
277,0721,24.7,29.2,21.1,30
277,0722,24.8,29.3,21.2,30
277,0723,25.0,29.5,21.3,30
277,0724,25.1,29.7,21.5,30
277,0725,25.3,30.0,21.6,30
277,0726,25.4,30.1,21.7,30
277,0727,25.5,30.2,21.9,30
277,0728,25.6,30.3,21.9,30
277,0729,25.7,30.4,22.0,30
277,0730,25.7,30.5,22.0,30
277,0731,25.7,30.5,22.0,30
277,0801,25.7,30.4,22.0,30
277,0802,25.7,30.5,22.0,30
277,0803,25.7,30.4,22.0,30
277,0804,25.7,30.4,22.0,30
277,0805,25.6,30.4,22.0,30
277,0806,25.6,30.4,22.0,30
277,0807,25.6,30.3,22.0,30
277,0808,25.5,30.2,21.9,30
277,0809,25.4,30.0,21.9,30
277,0810,25.3,30.0,21.8,30
277,0811,25.2,29.8,21.7,30
277,0812,25.1,29.7,21.6,30
277,0813,24.9,29.5,21.5,30
277,0814,24.9,29.4,21.5,30
277,0815,24.8,29.3,21.4,30
277,0816,24.7,29.2,21.3,30
277,0817,24.6,29.1,21.2,30
277,0818,24.5,29.0,21.1,30
277,0819,24.3,28.8,20.9,30
277,0820,24.2,28.6,20.8,30
277,0821,24.0,28.5,20.6,30
277,0822,23.9,28.3,20.5,30
277,0823,23.8,28.1,20.3,30
277,0824,23.6,28.0,20.2,30
277,0825,23.5,27.9,20.1,30
277,0826,23.4,27.8,19.9,30
277,0827,23.3,27.7,19.7,30
277,0828,23.1,27.6,19.5,30
277,0829,23.0,27.5,19.3,30
277,0830,22.8,27.3,19.1,30
277,0831,22.6,27.1,18.9,30
277,0901,22.4,27.0,18.7,30
277,0902,22.3,26.8,18.6,30
277,0903,22.2,26.8,18.4,30
277,0904,22.0,26.6,18.3,30
277,0905,21.9,26.5,18.1,30
277,0906,21.7,26.3,17.9,30
277,0907,21.5,26.2,17.7,30
277,0908,21.4,26.1,17.6,30
277,0909,21.2,25.9,17.4,30
277,0910,21.1,25.8,17.2,30
277,0911,20.9,25.7,17.1,30
277,0912,20.8,25.5,16.9,30
277,0913,20.6,25.4,16.7,30
277,0914,20.5,25.3,16.4,30
277,0915,20.2,25.1,16.2,30
277,0916,20.0,24.9,16.0,30
277,0917,19.9,24.8,15.8,30
277,0918,19.7,24.7,15.6,30
277,0919,19.5,24.6,15.3,30
277,0920,19.4,24.5,15.1,30
277,0921,19.2,24.3,14.9,30
277,0922,19.0,24.2,14.7,30
277,0923,18.9,24.0,14.5,30
277,0924,18.7,23.8,14.3,30
277,0925,18.5,23.7,14.1,30
277,0926,18.4,23.6,14.0,30
277,0927,18.2,23.4,13.8,30
277,0928,18.0,23.2,13.6,30
277,0929,17.8,23.1,13.4,30
277,0930,17.7,23.0,13.2,30
277,1001,17.6,22.9,13.1,30
277,1002,17.4,22.8,12.9,30
277,1003,17.3,22.7,12.7,30
277,1004,17.2,22.6,12.6,30
277,1005,17.1,22.5,12.5,30
277,1006,16.9,22.4,12.3,30
277,1007,16.8,22.3,12.1,30
277,1008,16.6,22.2,11.9,30
277,1009,16.4,22.0,11.6,30
277,1010,16.2,21.8,11.3,30
277,1011,15.9,21.6,11.1,30
277,1012,15.8,21.4,10.9,30
277,1013,15.6,21.3,10.8,30
277,1014,15.5,21.2,10.6,30
277,1015,15.4,21.0,10.5,30
277,1016,15.2,20.8,10.3,30
277,1017,15.0,20.7,10.1,30
277,1018,14.8,20.5,9.9,30
277,1019,14.5,20.2,9.6,30
277,1020,14.3,20.0,9.3,30
277,1021,14.1,19.8,9.0,30
277,1022,13.9,19.6,8.8,30
277,1023,13.7,19.4,8.6,30
277,1024,13.5,19.2,8.5,30
277,1025,13.3,19.0,8.3,30
277,1026,13.1,18.8,8.0,30
277,1027,12.9,18.6,7.8,30
277,1028,12.7,18.5,7.5,30
277,1029,12.5,18.4,7.3,30
277,1030,12.4,18.3,7.2,30
277,1031,12.3,18.2,7.1,30
277,1101,12.2,18.0,7.0,30
277,1102,12.0,17.8,6.8,30
277,1103,11.9,17.6,6.7,30
277,1104,11.7,17.5,6.6,30
277,1105,11.6,17.2,6.5,30
277,1106,11.4,17.0,6.4,30
277,1107,11.3,16.9,6.2,30
277,1108,11.1,16.7,6.1,30
277,1109,10.9,16.5,5.9,30
277,1110,10.7,16.3,5.7,30
277,1111,10.4,15.9,5.5,30
277,1112,10.2,15.6,5.2,30
277,1113,9.8,15.2,5.0,30
277,1114,9.5,14.8,4.6,30
277,1115,9.1,14.5,4.3,30
277,1116,8.9,14.2,4.0,30
277,1117,8.6,14.0,3.8,30
277,1118,8.4,13.8,3.5,30
277,1119,8.1,13.6,3.3,30
277,1120,7.9,13.3,3.0,30
277,1121,7.6,13.0,2.8,30
277,1122,7.4,12.8,2.6,30
277,1123,7.2,12.6,2.4,30
277,1124,7.1,12.4,2.3,30
277,1125,6.9,12.2,2.1,30
277,1126,6.7,12.0,1.9,30
277,1127,6.5,11.8,1.8,30
277,1128,6.3,11.6,1.6,30
277,1129,6.1,11.2,1.4,30
277,1130,5.8,11.0,1.2,30
277,1201,5.6,10.7,1.0,30
277,1202,5.3,10.4,0.8,30
277,1203,5.1,10.2,0.6,30
277,1204,4.9,9.9,0.5,30
277,1205,4.7,9.7,0.2,30
277,1206,4.5,9.5,0.0,30
277,1207,4.2,9.2,-0.2,30
277,1208,4.0,8.9,-0.4,30
277,1209,3.8,8.6,-0.6,30
277,1210,3.5,8.4,-0.8,30
277,1211,3.3,8.1,-1.0,30
277,1212,3.2,8.0,-1.2,30
277,1213,3.1,7.9,-1.2,30
277,1214,3.1,7.9,-1.3,30
277,1215,3.0,7.9,-1.3,30
277,1216,3.0,7.9,-1.3,30
277,1217,3.0,7.8,-1.3,30
277,1218,2.8,7.7,-1.4,30
277,1219,2.7,7.5,-1.6,30
277,1220,2.6,7.5,-1.7,30
277,1221,2.5,7.3,-1.7,30
277,1222,2.5,7.3,-1.8,30
277,1223,2.4,7.2,-1.9,30
277,1224,2.3,7.1,-2.0,30
277,1225,2.2,7.1,-2.1,30
277,1226,2.2,7.1,-2.1,30
277,1227,2.1,7.0,-2.1,30
277,1228,2.0,6.8,-2.2,30
277,1229,1.9,6.7,-2.3,30
277,1230,1.8,6.6,-2.4,30
277,1231,1.6,6.4,-2.6,30
278,0101,-2.9,5.1,-9.5,30
278,0102,-3.1,5.0,-9.7,30
278,0103,-3.2,4.9,-9.8,30
278,0104,-3.2,4.9,-9.9,30
278,0105,-3.2,4.9,-9.9,30
278,0106,-3.2,4.8,-9.9,30
278,0107,-3.2,4.7,-9.9,30
278,0108,-3.2,4.8,-9.8,30
278,0109,-3.2,4.8,-9.8,30
278,0110,-3.2,4.8,-9.8,30
278,0111,-3.2,4.7,-9.8,30
278,0112,-3.2,4.7,-9.8,30
278,0113,-3.1,4.7,-9.7,30
278,0114,-3.1,4.7,-9.7,30
278,0115,-3.1,4.7,-9.6,30
278,0116,-3.0,4.7,-9.5,30
278,0117,-3.1,4.6,-9.6,30
278,0118,-3.1,4.6,-9.5,30
278,0119,-3.0,4.6,-9.5,30
278,0120,-3.0,4.6,-9.5,30
278,0121,-3.0,4.7,-9.5,30
278,0122,-3.0,4.8,-9.5,30
278,0123,-2.9,4.8,-9.5,30
278,0124,-2.9,4.8,-9.5,30
278,0125,-2.9,4.9,-9.5,30
278,0126,-2.9,4.9,-9.6,30
278,0127,-2.9,4.9,-9.7,30
278,0128,-3.0,5.0,-9.7,30
278,0129,-2.9,5.1,-9.7,30
278,0130,-2.9,5.3,-9.8,30
278,0131,-2.7,5.5,-9.8,30
278,0201,-2.6,5.7,-9.7,30
278,0202,-2.5,5.7,-9.5,30
278,0203,-2.3,5.9,-9.4,30
278,0204,-2.2,5.9,-9.3,30
278,0205,-2.1,6.0,-9.2,30
278,0206,-1.9,6.2,-9.1,30
278,0207,-1.7,6.5,-8.9,30
278,0208,-1.5,6.7,-8.7,30
278,0209,-1.4,6.8,-8.5,30
278,0210,-1.2,6.9,-8.3,30
278,0211,-1.0,7.0,-8.1,30
278,0212,-0.8,7.2,-7.9,30
278,0213,-0.6,7.4,-7.7,30
278,0214,-0.5,7.5,-7.6,30
278,0215,-0.3,7.6,-7.4,30
278,0216,-0.1,7.8,-7.3,30
278,0217,0.1,8.1,-7.1,30
278,0218,0.3,8.4,-6.9,30
278,0219,0.4,8.6,-6.7,30
278,0220,0.7,8.8,-6.5,30
278,0221,0.9,9.0,-6.2,30
278,0222,0.9,9.0,-6.2,30
278,0223,1.1,9.1,-5.9,30
278,0224,1.3,9.3,-5.8,30
278,0225,1.5,9.6,-5.6,30
278,0226,1.7,9.8,-5.4,30
278,0227,2.0,10.0,-5.1,30
278,0228,2.2,10.2,-4.9,30
278,0229,2.4,10.3,-4.6,0
278,0301,2.5,10.5,-4.5,30
278,0302,2.7,10.7,-4.3,30
278,0303,2.9,10.8,-4.1,30
278,0304,3.0,10.9,-4.0,30
278,0305,3.2,11.1,-3.9,30
278,0306,3.3,11.4,-3.9,30
278,0307,3.4,11.5,-3.9,30
278,0308,3.6,11.7,-3.7,30
278,0309,3.7,11.8,-3.6,30
278,0310,4.0,12.1,-3.4,30
278,0311,4.2,12.4,-3.2,30
278,0312,4.5,12.7,-3.0,30
278,0313,4.7,12.9,-2.8,30
278,0314,4.9,13.2,-2.6,30
278,0315,5.1,13.4,-2.5,30
278,0316,5.4,13.6,-2.2,30
278,0317,5.5,13.7,-2.1,30
278,0318,5.7,13.9,-1.9,30
278,0319,5.9,14.1,-1.8,30
278,0320,6.1,14.3,-1.5,30
278,0321,6.4,14.6,-1.3,30
278,0322,6.6,14.8,-1.0,30
278,0323,6.8,15.0,-0.9,30
278,0324,7.0,15.2,-0.7,30
278,0325,7.1,15.4,-0.6,30
278,0326,7.3,15.6,-0.5,30
278,0327,7.4,15.7,-0.4,30
278,0328,7.6,15.9,-0.3,30
278,0329,7.8,16.2,-0.2,30
278,0330,8.0,16.4,-0.1,30
278,0331,8.3,16.7,0.1,30
278,0401,8.6,17.1,0.3,30
278,0402,8.8,17.4,0.5,30
278,0403,9.1,17.7,0.7,30
278,0404,9.3,17.8,1.0,30
278,0405,9.5,17.9,1.2,30
278,0406,9.7,18.1,1.3,30
278,0407,9.9,18.3,1.5,30
278,0408,10.1,18.6,1.6,30
278,0409,10.3,18.9,1.8,30
278,0410,10.5,19.2,2.0,30
278,0411,10.8,19.5,2.3,30
278,0412,11.1,19.7,2.6,30
278,0413,11.3,19.8,2.9,30
278,0414,11.6,20.0,3.2,30
278,0415,11.8,20.2,3.4,30
278,0416,12.0,20.4,3.7,30
278,0417,12.2,20.6,3.8,30
278,0418,12.3,20.8,3.9,30
278,0419,12.5,21.0,4.1,30
278,0420,12.7,21.3,4.2,30
278,0421,12.9,21.5,4.3,30
278,0422,13.1,21.7,4.6,30
278,0423,13.3,21.9,4.9,30
278,0424,13.6,22.0,5.3,30
278,0425,13.8,22.2,5.6,30
278,0426,14.0,22.3,5.8,30
278,0427,14.2,22.6,6.0,30
278,0428,14.5,22.9,6.1,30
278,0429,14.6,23.1,6.2,30
278,0430,14.8,23.3,6.4,30
278,0501,15.0,23.5,6.5,30
278,0502,15.2,23.6,6.7,30
278,0503,15.3,23.7,7.0,30
278,0504,15.5,23.9,7.2,30
278,0505,15.7,24.0,7.4,30
278,0506,15.8,24.1,7.7,30
278,0507,16.0,24.3,7.8,30
278,0508,16.1,24.3,7.9,30
278,0509,16.1,24.4,8.0,30
278,0510,16.2,24.4,8.1,30
278,0511,16.3,24.5,8.2,30
278,0512,16.4,24.6,8.4,30
278,0513,16.5,24.6,8.6,30
278,0514,16.6,24.8,8.6,30
278,0515,16.7,25.0,8.7,30
278,0516,16.9,25.1,8.9,30
278,0517,17.0,25.3,9.1,30
278,0518,17.2,25.5,9.3,30
278,0519,17.4,25.7,9.5,30
278,0520,17.6,25.8,9.6,30
278,0521,17.7,25.9,9.8,30
278,0522,17.9,26.1,9.9,30
278,0523,18.0,26.2,10.0,30
278,0524,18.1,26.5,10.1,30
278,0525,18.3,26.7,10.2,30
278,0526,18.5,26.8,10.5,30
278,0527,18.6,26.9,10.6,30
278,0528,18.8,27.1,10.9,30
278,0529,19.0,27.2,11.2,30
278,0530,19.2,27.3,11.4,30
278,0531,19.3,27.4,11.7,30
278,0601,19.5,27.5,11.9,30
278,0602,19.6,27.6,12.1,30
278,0603,19.8,27.7,12.3,30
278,0604,20.0,27.8,12.6,30
278,0605,20.2,28.0,12.9,30
278,0606,20.3,28.0,13.1,30
278,0607,20.5,28.2,13.3,30
278,0608,20.7,28.2,13.6,30
278,0609,20.8,28.4,13.8,30
278,0610,21.0,28.5,14.0,30
278,0611,21.1,28.6,14.3,30
278,0612,21.2,28.6,14.5,30
278,0613,21.4,28.7,14.7,30
278,0614,21.5,28.7,14.9,30
278,0615,21.6,28.7,15.1,30
278,0616,21.7,28.8,15.3,30
278,0617,21.8,28.8,15.5,30
278,0618,21.9,28.8,15.6,30
278,0619,22.0,28.7,15.9,30
278,0620,22.1,28.8,16.1,30
278,0621,22.2,28.8,16.3,30
278,0622,22.4,28.9,16.5,30
278,0623,22.5,28.9,16.8,30
278,0624,22.6,28.8,17.2,30
278,0625,22.7,28.8,17.4,30
278,0626,22.9,28.9,17.7,30
278,0627,23.0,28.9,17.9,30
278,0628,23.1,28.9,18.1,30
278,0629,23.1,28.9,18.2,30
278,0630,23.2,28.9,18.3,30
278,0701,23.3,29.0,18.4,30
278,0702,23.4,29.1,18.6,30
278,0703,23.6,29.2,18.8,30
278,0704,23.7,29.3,19.0,30
278,0705,23.7,29.3,19.1,30
278,0706,23.8,29.3,19.3,30
278,0707,23.9,29.3,19.4,30
278,0708,23.9,29.4,19.5,30
278,0709,24.0,29.4,19.6,30
278,0710,24.0,29.5,19.6,30
278,0711,24.1,29.5,19.6,30
278,0712,24.1,29.7,19.7,30
278,0713,24.3,29.8,19.8,30
278,0714,24.4,29.9,20.0,30
278,0715,24.6,30.1,20.2,30
278,0716,24.7,30.3,20.3,30
278,0717,24.9,30.4,20.4,30
278,0718,25.0,30.6,20.5,30
278,0719,25.1,30.7,20.6,30
278,0720,25.2,31.0,20.6,30
278,0721,25.3,31.1,20.7,30
278,0722,25.5,31.2,20.8,30
278,0723,25.6,31.4,20.9,30
278,0724,25.8,31.6,21.0,30
278,0725,26.0,31.9,21.2,30
278,0726,26.1,32.0,21.3,30
278,0727,26.2,32.1,21.4,30
278,0728,26.2,32.1,21.5,30
278,0729,26.3,32.2,21.5,30
278,0730,26.3,32.3,21.5,30
278,0731,26.3,32.3,21.6,30
278,0801,26.3,32.3,21.6,30
278,0802,26.3,32.3,21.6,30
278,0803,26.3,32.3,21.7,30
278,0804,26.3,32.3,21.7,30
278,0805,26.3,32.2,21.7,30
278,0806,26.2,32.2,21.6,30
278,0807,26.2,32.1,21.6,30
278,0808,26.1,32.0,21.5,30
278,0809,25.9,31.9,21.4,30
278,0810,25.8,31.8,21.3,30
278,0811,25.7,31.7,21.2,30
278,0812,25.7,31.6,21.1,30
278,0813,25.6,31.5,21.1,30
278,0814,25.5,31.4,21.0,30
278,0815,25.4,31.2,20.9,30
278,0816,25.3,31.1,20.8,30
278,0817,25.1,31.0,20.6,30
278,0818,25.0,30.9,20.5,30
278,0819,24.9,30.8,20.3,30
278,0820,24.7,30.6,20.2,30
278,0821,24.6,30.5,20.0,30
278,0822,24.4,30.3,19.8,30
278,0823,24.2,30.1,19.7,30
278,0824,24.1,30.0,19.5,30
278,0825,23.9,29.9,19.3,30
278,0826,23.8,29.8,19.1,30
278,0827,23.6,29.6,18.9,30
278,0828,23.4,29.5,18.7,30
278,0829,23.2,29.3,18.5,30
278,0830,23.0,29.1,18.3,30
278,0831,22.9,29.0,18.0,30
278,0901,22.7,28.8,17.8,30
278,0902,22.5,28.7,17.6,30
278,0903,22.3,28.6,17.4,30
278,0904,22.2,28.5,17.2,30
278,0905,22.0,28.3,17.0,30
278,0906,21.8,28.1,16.8,30
278,0907,21.6,27.9,16.6,30
278,0908,21.5,27.8,16.5,30
278,0909,21.2,27.6,16.3,30
278,0910,21.1,27.5,16.0,30
278,0911,20.9,27.4,15.8,30
278,0912,20.7,27.2,15.6,30
278,0913,20.4,27.0,15.3,30
278,0914,20.2,26.9,15.0,30
278,0915,20.0,26.7,14.7,30
278,0916,19.7,26.5,14.4,30
278,0917,19.5,26.4,14.1,30
278,0918,19.3,26.2,13.8,30
278,0919,19.0,26.1,13.5,30
278,0920,18.8,26.0,13.2,30
278,0921,18.6,25.8,12.9,30
278,0922,18.3,25.7,12.6,30
278,0923,18.1,25.4,12.4,30
278,0924,17.9,25.3,12.1,30
278,0925,17.7,25.1,11.9,30
278,0926,17.4,24.9,11.6,30
278,0927,17.2,24.7,11.3,30
278,0928,17.0,24.5,11.1,30
278,0929,16.7,24.3,10.8,30
278,0930,16.5,24.2,10.6,30
278,1001,16.3,24.1,10.3,30
278,1002,16.1,24.0,10.0,30
278,1003,15.9,23.8,9.7,30
278,1004,15.7,23.6,9.5,30
278,1005,15.5,23.4,9.3,30
278,1006,15.2,23.3,9.0,30
278,1007,15.0,23.2,8.7,30
278,1008,14.7,23.1,8.3,30
278,1009,14.4,22.8,7.9,30
278,1010,14.1,22.7,7.5,30
278,1011,13.8,22.4,7.2,30
278,1012,13.6,22.3,6.9,30
278,1013,13.4,22.2,6.6,30
278,1014,13.2,22.0,6.4,30
278,1015,13.0,21.9,6.2,30
278,1016,12.8,21.6,6.0,30
278,1017,12.6,21.4,5.8,30
278,1018,12.3,21.2,5.5,30
278,1019,12.0,20.9,5.2,30
278,1020,11.7,20.7,4.8,30
278,1021,11.4,20.5,4.5,30
278,1022,11.2,20.2,4.3,30
278,1023,10.9,19.9,4.0,30
278,1024,10.6,19.7,3.7,30
278,1025,10.4,19.4,3.5,30
278,1026,10.2,19.1,3.3,30
278,1027,9.9,18.9,2.9,30
278,1028,9.5,18.7,2.6,30
278,1029,9.3,18.5,2.2,30
278,1030,9.1,18.4,2.0,30
278,1031,8.9,18.2,1.8,30
278,1101,8.7,17.9,1.6,30
278,1102,8.6,17.7,1.5,30
278,1103,8.4,17.5,1.4,30
278,1104,8.3,17.3,1.3,30
278,1105,8.1,17.0,1.2,30
278,1106,7.9,16.8,1.0,30
278,1107,7.8,16.6,0.9,30
278,1108,7.6,16.4,0.7,30
278,1109,7.3,16.1,0.5,30
278,1110,7.1,15.9,0.3,30
278,1111,6.9,15.5,0.2,30
278,1112,6.6,15.1,0.0,30
278,1113,6.3,14.7,-0.2,30
278,1114,5.9,14.3,-0.6,30
278,1115,5.6,13.9,-1.0,30
278,1116,5.2,13.6,-1.3,30
278,1117,4.9,13.3,-1.6,30
278,1118,4.6,13.1,-1.9,30
278,1119,4.3,12.8,-2.1,30
278,1120,4.0,12.4,-2.4,30
278,1121,3.8,12.1,-2.6,30
278,1122,3.6,11.9,-2.8,30
278,1123,3.4,11.6,-3.0,30
278,1124,3.2,11.4,-3.2,30
278,1125,2.9,11.2,-3.3,30
278,1126,2.7,11.0,-3.6,30
278,1127,2.5,10.7,-3.7,30
278,1128,2.3,10.4,-3.9,30
278,1129,2.0,10.1,-4.1,30
278,1130,1.8,9.8,-4.3,30
278,1201,1.6,9.5,-4.5,30
278,1202,1.3,9.3,-4.8,30
278,1203,1.1,9.0,-5.0,30
278,1204,0.9,8.8,-5.3,30
278,1205,0.7,8.5,-5.5,30
278,1206,0.4,8.3,-5.8,30
278,1207,0.1,8.0,-6.1,30
278,1208,-0.1,7.7,-6.4,30
278,1209,-0.3,7.4,-6.6,30
278,1210,-0.6,7.2,-6.8,30
278,1211,-0.8,7.0,-7.1,30
278,1212,-0.9,6.9,-7.3,30
278,1213,-1.1,6.8,-7.5,30
278,1214,-1.1,6.8,-7.5,30
278,1215,-1.2,6.8,-7.6,30
278,1216,-1.2,6.8,-7.6,30
278,1217,-1.3,6.7,-7.6,30
278,1218,-1.4,6.6,-7.7,30
278,1219,-1.5,6.5,-7.9,30
278,1220,-1.6,6.3,-8.0,30
278,1221,-1.8,6.2,-8.1,30
278,1222,-1.9,6.1,-8.2,30
278,1223,-2.0,6.1,-8.4,30
278,1224,-2.1,6.0,-8.5,30
278,1225,-2.2,5.9,-8.6,30
278,1226,-2.2,5.9,-8.7,30
278,1227,-2.3,5.9,-8.7,30
278,1228,-2.4,5.8,-8.8,30
278,1229,-2.5,5.6,-9.1,30
278,1230,-2.7,5.4,-9.2,30
278,1231,-2.8,5.2,-9.4,30
279,0101,-0.4,5.3,-5.2,30
279,0102,-0.4,5.2,-5.3,30
279,0103,-0.5,5.2,-5.4,30
279,0104,-0.5,5.1,-5.4,30
279,0105,-0.5,5.1,-5.4,30
279,0106,-0.6,5.0,-5.4,30
279,0107,-0.6,4.9,-5.4,30
279,0108,-0.6,5.0,-5.4,30
279,0109,-0.6,5.0,-5.4,30
279,0110,-0.6,4.9,-5.4,30
279,0111,-0.6,4.9,-5.4,30
279,0112,-0.6,4.8,-5.4,30
279,0113,-0.6,4.9,-5.3,30
279,0114,-0.6,4.8,-5.3,30
279,0115,-0.6,4.8,-5.3,30
279,0116,-0.6,4.7,-5.3,30
279,0117,-0.7,4.7,-5.4,30
279,0118,-0.7,4.7,-5.4,30
279,0119,-0.7,4.6,-5.4,30
279,0120,-0.7,4.7,-5.4,30
279,0121,-0.7,4.8,-5.5,30
279,0122,-0.7,4.8,-5.4,30
279,0123,-0.6,4.9,-5.4,30
279,0124,-0.6,4.9,-5.4,30
279,0125,-0.6,5.0,-5.4,30
279,0126,-0.6,5.0,-5.4,30
279,0127,-0.6,5.0,-5.4,30
279,0128,-0.6,5.1,-5.5,30
279,0129,-0.5,5.2,-5.4,30
279,0130,-0.4,5.4,-5.4,30
279,0131,-0.3,5.7,-5.4,30
279,0201,-0.2,5.8,-5.3,30
279,0202,-0.1,5.9,-5.2,30
279,0203,0.0,6.0,-5.1,30
279,0204,0.1,6.1,-5.0,30
279,0205,0.3,6.2,-4.9,30
279,0206,0.4,6.4,-4.8,30
279,0207,0.6,6.6,-4.7,30
279,0208,0.8,6.8,-4.5,30
279,0209,0.9,6.9,-4.4,30
279,0210,1.1,7.0,-4.2,30
279,0211,1.2,7.2,-4.1,30
279,0212,1.3,7.3,-3.9,30
279,0213,1.5,7.6,-3.8,30
279,0214,1.6,7.6,-3.7,30
279,0215,1.7,7.7,-3.6,30
279,0216,1.9,8.0,-3.5,30
279,0217,2.1,8.3,-3.3,30
279,0218,2.3,8.5,-3.2,30
279,0219,2.5,8.7,-3.0,30
279,0220,2.7,8.9,-2.8,30
279,0221,2.9,9.1,-2.6,30
279,0222,2.9,9.1,-2.6,30
279,0223,3.0,9.2,-2.4,30
279,0224,3.2,9.4,-2.3,30
279,0225,3.5,9.7,-2.1,30
279,0226,3.7,9.9,-2.0,30
279,0227,3.9,10.1,-1.7,30
279,0228,4.0,10.3,-1.6,30
279,0229,4.2,10.4,-1.3,0
279,0301,4.4,10.6,-1.2,30
279,0302,4.6,10.8,-1.1,30
279,0303,4.8,11.0,-0.9,30
279,0304,4.9,11.1,-0.8,30
279,0305,5.0,11.3,-0.7,30
279,0306,5.2,11.5,-0.7,30
279,0307,5.3,11.7,-0.6,30
279,0308,5.4,11.8,-0.5,30
279,0309,5.6,12.0,-0.4,30
279,0310,5.8,12.3,-0.2,30
279,0311,6.0,12.6,-0.0,30
279,0312,6.3,12.9,0.2,30
279,0313,6.5,13.1,0.3,30
279,0314,6.7,13.4,0.5,30
279,0315,6.9,13.6,0.6,30
279,0316,7.1,13.8,0.9,30
279,0317,7.2,13.9,1.0,30
279,0318,7.4,14.0,1.2,30
279,0319,7.6,14.3,1.4,30
279,0320,7.9,14.5,1.6,30
279,0321,8.1,14.7,1.8,30
279,0322,8.3,15.0,2.0,30
279,0323,8.5,15.2,2.2,30
279,0324,8.7,15.4,2.3,30
279,0325,8.9,15.6,2.5,30
279,0326,9.1,15.8,2.6,30
279,0327,9.2,15.9,2.8,30
279,0328,9.4,16.1,2.9,30
279,0329,9.6,16.4,3.0,30
279,0330,9.8,16.7,3.1,30
279,0331,10.1,17.0,3.4,30
279,0401,10.4,17.4,3.6,30
279,0402,10.7,17.7,3.8,30
279,0403,10.9,17.9,4.0,30
279,0404,11.1,18.0,4.3,30
279,0405,11.3,18.1,4.5,30
279,0406,11.4,18.3,4.7,30
279,0407,11.6,18.5,4.8,30
279,0408,11.9,18.8,5.0,30
279,0409,12.1,19.1,5.1,30
279,0410,12.3,19.3,5.3,30
279,0411,12.5,19.6,5.6,30
279,0412,12.8,19.8,5.8,30
279,0413,13.0,19.9,6.1,30
279,0414,13.2,20.1,6.3,30
279,0415,13.4,20.3,6.6,30
279,0416,13.5,20.4,6.8,30
279,0417,13.7,20.7,6.9,30
279,0418,13.9,20.9,7.0,30
279,0419,14.0,21.1,7.1,30
279,0420,14.2,21.3,7.3,30
279,0421,14.4,21.6,7.4,30
279,0422,14.6,21.7,7.6,30
279,0423,14.8,21.9,7.9,30
279,0424,15.0,22.1,8.2,30
279,0425,15.2,22.3,8.5,30
279,0426,15.4,22.4,8.7,30
279,0427,15.6,22.6,8.9,30
279,0428,15.9,22.9,9.0,30
279,0429,16.0,23.1,9.2,30
279,0430,16.2,23.3,9.4,30
279,0501,16.4,23.5,9.5,30
279,0502,16.6,23.7,9.7,30
279,0503,16.7,23.8,9.9,30
279,0504,16.9,23.9,10.1,30
279,0505,17.0,24.0,10.3,30
279,0506,17.2,24.1,10.5,30
279,0507,17.4,24.3,10.7,30
279,0508,17.5,24.3,10.8,30
279,0509,17.5,24.4,10.9,30
279,0510,17.6,24.4,11.0,30
279,0511,17.7,24.5,11.1,30
279,0512,17.8,24.5,11.2,30
279,0513,17.9,24.6,11.4,30
279,0514,18.0,24.8,11.4,30
279,0515,18.2,25.0,11.5,30
279,0516,18.3,25.1,11.7,30
279,0517,18.5,25.3,11.9,30
279,0518,18.7,25.5,12.1,30
279,0519,18.9,25.7,12.4,30
279,0520,19.1,25.8,12.5,30
279,0521,19.2,26.0,12.7,30
279,0522,19.4,26.1,12.8,30
279,0523,19.5,26.3,13.0,30
279,0524,19.7,26.5,13.1,30
279,0525,19.9,26.7,13.2,30
279,0526,20.0,26.8,13.5,30
279,0527,20.2,26.9,13.7,30
279,0528,20.3,27.0,13.9,30
279,0529,20.5,27.2,14.1,30
279,0530,20.7,27.2,14.4,30
279,0531,20.8,27.3,14.5,30
279,0601,20.9,27.4,14.7,30
279,0602,21.0,27.5,14.9,30
279,0603,21.2,27.6,15.1,30
279,0604,21.3,27.7,15.3,30
279,0605,21.5,27.8,15.5,30
279,0606,21.6,27.9,15.7,30
279,0607,21.7,28.0,15.9,30
279,0608,21.9,28.0,16.1,30
279,0609,22.0,28.1,16.3,30
279,0610,22.1,28.3,16.5,30
279,0611,22.2,28.3,16.6,30
279,0612,22.3,28.4,16.8,30
279,0613,22.4,28.5,17.0,30
279,0614,22.6,28.5,17.2,30
279,0615,22.6,28.5,17.3,30
279,0616,22.7,28.6,17.5,30
279,0617,22.8,28.6,17.6,30
279,0618,22.8,28.5,17.7,30
279,0619,22.9,28.5,17.8,30
279,0620,23.0,28.6,18.0,30
279,0621,23.1,28.6,18.2,30
279,0622,23.3,28.7,18.4,30
279,0623,23.3,28.7,18.6,30
279,0624,23.4,28.6,18.8,30
279,0625,23.4,28.6,19.0,30
279,0626,23.6,28.6,19.1,30
279,0627,23.6,28.6,19.3,30
279,0628,23.7,28.6,19.5,30
279,0629,23.7,28.7,19.5,30
279,0630,23.8,28.6,19.6,30
279,0701,23.9,28.7,19.7,30
279,0702,24.0,28.8,19.9,30
279,0703,24.1,28.9,20.0,30
279,0704,24.2,28.9,20.2,30
279,0705,24.2,28.9,20.3,30
279,0706,24.3,28.9,20.4,30
279,0707,24.3,29.0,20.5,30
279,0708,24.4,29.1,20.6,30
279,0709,24.5,29.2,20.7,30
279,0710,24.5,29.2,20.8,30
279,0711,24.6,29.3,20.8,30
279,0712,24.7,29.4,20.9,30
279,0713,24.8,29.5,21.0,30
279,0714,24.9,29.6,21.1,30
279,0715,25.1,29.8,21.3,30
279,0716,25.3,30.0,21.4,30
279,0717,25.4,30.2,21.6,30
279,0718,25.5,30.3,21.7,30
279,0719,25.6,30.5,21.7,30
279,0720,25.8,30.7,21.8,30
279,0721,25.9,30.9,21.9,30
279,0722,26.0,31.0,22.0,30
279,0723,26.2,31.2,22.1,30
279,0724,26.3,31.4,22.2,30
279,0725,26.5,31.6,22.4,30
279,0726,26.6,31.8,22.5,30
279,0727,26.7,31.8,22.6,30
279,0728,26.8,31.9,22.7,30
279,0729,26.8,32.0,22.7,30
279,0730,26.8,32.0,22.7,30
279,0731,26.8,32.0,22.7,30
279,0801,26.8,32.0,22.7,30
279,0802,26.8,32.0,22.7,30
279,0803,26.8,32.0,22.8,30
279,0804,26.8,32.0,22.8,30
279,0805,26.7,31.9,22.7,30
279,0806,26.7,31.9,22.7,30
279,0807,26.6,31.8,22.7,30
279,0808,26.6,31.7,22.6,30
279,0809,26.4,31.5,22.5,30
279,0810,26.3,31.4,22.4,30
279,0811,26.2,31.3,22.3,30
279,0812,26.1,31.2,22.2,30
279,0813,26.0,31.1,22.1,30
279,0814,25.9,31.0,22.1,30
279,0815,25.9,30.9,22.0,30
279,0816,25.7,30.7,21.9,30
279,0817,25.6,30.6,21.8,30
279,0818,25.5,30.5,21.6,30
279,0819,25.4,30.4,21.5,30
279,0820,25.2,30.2,21.3,30
279,0821,25.1,30.1,21.2,30
279,0822,24.9,30.0,21.0,30
279,0823,24.8,29.8,20.9,30
279,0824,24.6,29.7,20.7,30
279,0825,24.5,29.6,20.5,30
279,0826,24.3,29.4,20.3,30
279,0827,24.2,29.3,20.2,30
279,0828,24.0,29.2,19.9,30
279,0829,23.8,29.0,19.7,30
279,0830,23.6,28.8,19.5,30
279,0831,23.5,28.7,19.3,30
279,0901,23.3,28.5,19.1,30
279,0902,23.1,28.4,18.9,30
279,0903,23.0,28.3,18.7,30
279,0904,22.8,28.2,18.6,30
279,0905,22.6,28.0,18.4,30
279,0906,22.4,27.8,18.2,30
279,0907,22.3,27.7,18.0,30
279,0908,22.1,27.6,17.8,30
279,0909,21.9,27.4,17.6,30
279,0910,21.8,27.3,17.4,30
279,0911,21.6,27.2,17.2,30
279,0912,21.4,27.0,17.0,30
279,0913,21.2,26.9,16.7,30
279,0914,21.0,26.8,16.5,30
279,0915,20.7,26.6,16.2,30
279,0916,20.5,26.4,15.9,30
279,0917,20.3,26.2,15.6,30
279,0918,20.1,26.0,15.4,30
279,0919,19.9,25.9,15.1,30
279,0920,19.6,25.8,14.8,30
279,0921,19.4,25.6,14.6,30
279,0922,19.2,25.5,14.3,30
279,0923,19.0,25.2,14.1,30
279,0924,18.8,25.1,13.9,30
279,0925,18.6,24.9,13.7,30
279,0926,18.4,24.7,13.4,30
279,0927,18.2,24.5,13.2,30
279,0928,17.9,24.3,13.0,30
279,0929,17.7,24.2,12.8,30
279,0930,17.6,24.0,12.6,30
279,1001,17.4,23.9,12.3,30
279,1002,17.2,23.8,12.1,30
279,1003,17.0,23.7,11.8,30
279,1004,16.8,23.5,11.6,30
279,1005,16.6,23.3,11.4,30
279,1006,16.4,23.1,11.1,30
279,1007,16.2,23.1,10.9,30
279,1008,16.0,22.9,10.6,30
279,1009,15.7,22.7,10.2,30
279,1010,15.4,22.5,9.9,30
279,1011,15.2,22.3,9.6,30
279,1012,15.0,22.1,9.3,30
279,1013,14.8,22.0,9.1,30
279,1014,14.6,21.9,8.9,30
279,1015,14.4,21.7,8.7,30
279,1016,14.2,21.4,8.5,30
279,1017,14.0,21.2,8.4,30
279,1018,13.8,21.0,8.1,30
279,1019,13.5,20.7,7.9,30
279,1020,13.3,20.5,7.6,30
279,1021,13.0,20.3,7.3,30
279,1022,12.8,20.0,7.1,30
279,1023,12.6,19.8,6.9,30
279,1024,12.4,19.5,6.6,30
279,1025,12.1,19.2,6.4,30
279,1026,11.9,19.0,6.2,30
279,1027,11.6,18.8,5.9,30
279,1028,11.3,18.5,5.6,30
279,1029,11.1,18.4,5.3,30
279,1030,11.0,18.3,5.1,30
279,1031,10.8,18.1,4.9,30
279,1101,10.6,17.9,4.8,30
279,1102,10.4,17.6,4.6,30
279,1103,10.3,17.4,4.5,30
279,1104,10.2,17.2,4.4,30
279,1105,10.0,17.0,4.3,30
279,1106,9.8,16.7,4.0,30
279,1107,9.6,16.5,3.9,30
279,1108,9.4,16.3,3.8,30
279,1109,9.2,16.1,3.5,30
279,1110,9.0,15.8,3.4,30
279,1111,8.7,15.4,3.2,30
279,1112,8.5,15.0,3.0,30
279,1113,8.2,14.6,2.8,30
279,1114,7.9,14.2,2.5,30
279,1115,7.5,13.8,2.2,30
279,1116,7.2,13.5,1.8,30
279,1117,6.9,13.2,1.5,30
279,1118,6.6,13.0,1.3,30
279,1119,6.3,12.7,1.0,30
279,1120,6.1,12.3,0.8,30
279,1121,5.8,12.0,0.6,30
279,1122,5.6,11.8,0.4,30
279,1123,5.4,11.6,0.2,30
279,1124,5.2,11.4,0.0,30
279,1125,5.0,11.2,-0.2,30
279,1126,4.8,11.0,-0.4,30
279,1127,4.5,10.7,-0.6,30
279,1128,4.3,10.4,-0.8,30
279,1129,4.1,10.1,-0.9,30
279,1130,3.8,9.8,-1.1,30
279,1201,3.6,9.5,-1.3,30
279,1202,3.4,9.3,-1.5,30
279,1203,3.2,9.0,-1.7,30
279,1204,3.0,8.8,-1.9,30
279,1205,2.8,8.6,-2.2,30
279,1206,2.5,8.4,-2.4,30
279,1207,2.3,8.1,-2.7,30
279,1208,2.0,7.8,-2.9,30
279,1209,1.8,7.5,-3.1,30
279,1210,1.6,7.3,-3.2,30
279,1211,1.5,7.1,-3.4,30
279,1212,1.3,6.9,-3.6,30
279,1213,1.2,6.9,-3.7,30
279,1214,1.1,6.8,-3.8,30
279,1215,1.1,6.8,-3.8,30
279,1216,1.1,6.8,-3.9,30
279,1217,1.0,6.8,-3.9,30
279,1218,0.9,6.7,-4.0,30
279,1219,0.8,6.6,-4.1,30
279,1220,0.7,6.5,-4.2,30
279,1221,0.6,6.4,-4.3,30
279,1222,0.5,6.3,-4.4,30
279,1223,0.4,6.2,-4.4,30
279,1224,0.3,6.1,-4.5,30
279,1225,0.2,6.0,-4.6,30
279,1226,0.2,6.0,-4.7,30
279,1227,0.2,6.0,-4.7,30
279,1228,0.1,5.9,-4.8,30
279,1229,-0.0,5.8,-4.9,30
279,1230,-0.1,5.6,-5.0,30
279,1231,-0.3,5.4,-5.2,30
281,0101,-0.4,5.9,-5.8,30
281,0102,-0.5,5.7,-5.8,30
281,0103,-0.5,5.7,-5.9,30
281,0104,-0.5,5.6,-6.0,30
281,0105,-0.5,5.6,-6.0,30
281,0106,-0.5,5.5,-5.9,30
281,0107,-0.5,5.5,-5.8,30
281,0108,-0.5,5.5,-5.9,30
281,0109,-0.5,5.5,-5.9,30
281,0110,-0.6,5.5,-5.9,30
281,0111,-0.6,5.4,-6.0,30
281,0112,-0.5,5.4,-6.0,30
281,0113,-0.5,5.4,-5.9,30
281,0114,-0.5,5.4,-5.8,30
281,0115,-0.5,5.4,-5.8,30
281,0116,-0.6,5.3,-5.8,30
281,0117,-0.6,5.3,-5.9,30
281,0118,-0.7,5.2,-5.9,30
281,0119,-0.7,5.2,-5.9,30
281,0120,-0.6,5.3,-5.9,30
281,0121,-0.7,5.3,-6.0,30
281,0122,-0.7,5.4,-6.0,30
281,0123,-0.6,5.4,-6.0,30
281,0124,-0.5,5.4,-5.9,30
281,0125,-0.5,5.5,-5.9,30
281,0126,-0.6,5.5,-5.9,30
281,0127,-0.6,5.5,-6.0,30
281,0128,-0.6,5.6,-6.0,30
281,0129,-0.5,5.7,-6.0,30
281,0130,-0.4,5.9,-6.0,30
281,0131,-0.3,6.2,-6.0,30
281,0201,-0.2,6.3,-5.9,30
281,0202,-0.1,6.4,-5.8,30
281,0203,0.0,6.5,-5.7,30
281,0204,0.1,6.6,-5.7,30
281,0205,0.3,6.7,-5.5,30
281,0206,0.4,6.9,-5.4,30
281,0207,0.6,7.1,-5.2,30
281,0208,0.8,7.3,-5.1,30
281,0209,0.9,7.4,-5.0,30
281,0210,1.1,7.5,-4.8,30
281,0211,1.2,7.6,-4.6,30
281,0212,1.4,7.8,-4.5,30
281,0213,1.5,8.0,-4.4,30
281,0214,1.6,8.0,-4.3,30
281,0215,1.7,8.1,-4.2,30
281,0216,1.9,8.4,-4.1,30
281,0217,2.0,8.6,-3.9,30
281,0218,2.2,8.8,-3.8,30
281,0219,2.3,9.0,-3.7,30
281,0220,2.5,9.2,-3.6,30
281,0221,2.7,9.4,-3.4,30
281,0222,2.7,9.4,-3.4,30
281,0223,2.8,9.5,-3.2,30
281,0224,3.0,9.7,-3.1,30
281,0225,3.2,9.9,-2.9,30
281,0226,3.4,10.1,-2.7,30
281,0227,3.6,10.4,-2.6,30
281,0228,3.8,10.5,-2.4,30
281,0229,3.9,10.6,-2.2,0
281,0301,4.1,10.8,-2.0,30
281,0302,4.3,11.0,-1.9,30
281,0303,4.5,11.1,-1.7,30
281,0304,4.6,11.3,-1.6,30
281,0305,4.7,11.5,-1.5,30
281,0306,4.9,11.7,-1.4,30
281,0307,5.0,11.8,-1.4,30
281,0308,5.1,12.0,-1.3,30
281,0309,5.3,12.1,-1.2,30
281,0310,5.5,12.4,-1.1,30
281,0311,5.7,12.7,-0.9,30
281,0312,5.9,13.0,-0.8,30
281,0313,6.1,13.1,-0.6,30
281,0314,6.3,13.3,-0.4,30
281,0315,6.5,13.5,-0.3,30
281,0316,6.7,13.7,-0.1,30
281,0317,6.8,13.8,0.0,30
281,0318,6.9,14.0,0.2,30
281,0319,7.2,14.2,0.3,30
281,0320,7.4,14.4,0.5,30
281,0321,7.6,14.6,0.7,30
281,0322,7.8,14.7,1.0,30
281,0323,8.0,15.0,1.2,30
281,0324,8.1,15.2,1.3,30
281,0325,8.3,15.3,1.5,30
281,0326,8.5,15.5,1.6,30
281,0327,8.6,15.6,1.7,30
281,0328,8.8,15.8,1.8,30
281,0329,9.0,16.1,2.0,30
281,0330,9.2,16.4,2.1,30
281,0331,9.5,16.7,2.3,30
281,0401,9.8,17.1,2.5,30
281,0402,10.0,17.3,2.7,30
281,0403,10.2,17.5,2.9,30
281,0404,10.4,17.6,3.2,30
281,0405,10.5,17.7,3.4,30
281,0406,10.7,17.9,3.5,30
281,0407,10.9,18.1,3.7,30
281,0408,11.2,18.4,3.8,30
281,0409,11.4,18.6,4.0,30
281,0410,11.6,18.9,4.1,30
281,0411,11.8,19.2,4.4,30
281,0412,12.1,19.4,4.6,30
281,0413,12.2,19.5,4.9,30
281,0414,12.4,19.7,5.1,30
281,0415,12.6,19.9,5.3,30
281,0416,12.8,20.0,5.6,30
281,0417,13.0,20.2,5.7,30
281,0418,13.2,20.5,5.9,30
281,0419,13.3,20.7,5.9,30
281,0420,13.5,20.9,6.1,30
281,0421,13.7,21.2,6.2,30
281,0422,13.9,21.3,6.4,30
281,0423,14.1,21.5,6.7,30
281,0424,14.4,21.6,7.0,30
281,0425,14.6,21.8,7.3,30
281,0426,14.7,21.9,7.5,30
281,0427,15.0,22.1,7.7,30
281,0428,15.2,22.5,7.8,30
281,0429,15.4,22.6,8.0,30
281,0430,15.5,22.8,8.1,30
281,0501,15.7,23.0,8.3,30
281,0502,15.9,23.2,8.5,30
281,0503,16.0,23.2,8.7,30
281,0504,16.2,23.3,8.9,30
281,0505,16.3,23.4,9.2,30
281,0506,16.5,23.5,9.5,30
281,0507,16.6,23.7,9.6,30
281,0508,16.7,23.8,9.7,30
281,0509,16.8,23.9,9.8,30
281,0510,16.9,24.0,9.9,30
281,0511,17.0,24.1,10.0,30
281,0512,17.1,24.1,10.1,30
281,0513,17.2,24.2,10.3,30
281,0514,17.3,24.4,10.4,30
281,0515,17.5,24.6,10.5,30
281,0516,17.6,24.8,10.6,30
281,0517,17.8,24.9,10.8,30
281,0518,18.0,25.1,10.9,30
281,0519,18.2,25.4,11.2,30
281,0520,18.4,25.5,11.3,30
281,0521,18.4,25.5,11.4,30
281,0522,18.6,25.7,11.6,30
281,0523,18.7,25.9,11.7,30
281,0524,18.8,26.1,11.8,30
281,0525,19.0,26.2,11.9,30
281,0526,19.1,26.3,12.1,30
281,0527,19.2,26.4,12.3,30
281,0528,19.4,26.5,12.4,30
281,0529,19.5,26.6,12.7,30
281,0530,19.6,26.6,12.9,30
281,0531,19.7,26.7,13.1,30
281,0601,19.9,26.7,13.4,30
281,0602,20.0,26.7,13.6,30
281,0603,20.1,26.8,13.8,30
281,0604,20.2,26.9,14.0,30
281,0605,20.4,27.1,14.2,30
281,0606,20.5,27.1,14.4,30
281,0607,20.7,27.2,14.6,30
281,0608,20.8,27.2,14.9,30
281,0609,20.9,27.3,15.1,30
281,0610,21.1,27.4,15.3,30
281,0611,21.2,27.5,15.5,30
281,0612,21.3,27.5,15.7,30
281,0613,21.4,27.6,15.9,30
281,0614,21.6,27.7,16.2,30
281,0615,21.7,27.7,16.3,30
281,0616,21.8,27.7,16.5,30
281,0617,21.9,27.7,16.6,30
281,0618,21.9,27.7,16.7,30
281,0619,22.0,27.8,16.9,30
281,0620,22.2,27.8,17.1,30
281,0621,22.3,27.8,17.3,30
281,0622,22.4,27.9,17.5,30
281,0623,22.6,28.0,17.8,30
281,0624,22.7,28.0,18.0,30
281,0625,22.8,28.0,18.3,30
281,0626,23.0,28.1,18.5,30
281,0627,23.1,28.1,18.7,30
281,0628,23.1,28.1,18.8,30
281,0629,23.2,28.1,18.9,30
281,0630,23.2,28.2,19.0,30
281,0701,23.4,28.3,19.2,30
281,0702,23.5,28.4,19.4,30
281,0703,23.6,28.5,19.6,30
281,0704,23.8,28.6,19.8,30
281,0705,23.8,28.6,19.9,30
281,0706,24.0,28.7,20.1,30
281,0707,24.0,28.8,20.2,30
281,0708,24.1,28.8,20.3,30
281,0709,24.1,28.8,20.3,30
281,0710,24.1,28.8,20.3,30
281,0711,24.2,28.9,20.4,30
281,0712,24.3,29.1,20.4,30
281,0713,24.4,29.2,20.5,30
281,0714,24.6,29.4,20.7,30
281,0715,24.8,29.6,20.8,30
281,0716,24.9,29.8,20.9,30
281,0717,25.1,30.0,21.1,30
281,0718,25.2,30.1,21.2,30
281,0719,25.3,30.2,21.2,30
281,0720,25.5,30.5,21.3,30
281,0721,25.6,30.6,21.4,30
281,0722,25.7,30.7,21.5,30
281,0723,25.9,30.9,21.6,30
281,0724,26.0,31.2,21.7,30
281,0725,26.2,31.4,21.9,30
281,0726,26.4,31.6,22.0,30
281,0727,26.4,31.6,22.1,30
281,0728,26.5,31.7,22.2,30
281,0729,26.5,31.8,22.2,30
281,0730,26.6,31.8,22.2,30
281,0731,26.6,31.8,22.2,30
281,0801,26.5,31.8,22.2,30
281,0802,26.5,31.9,22.2,30
281,0803,26.5,31.9,22.3,30
281,0804,26.5,31.8,22.3,30
281,0805,26.5,31.8,22.3,30
281,0806,26.5,31.8,22.3,30
281,0807,26.4,31.6,22.2,30
281,0808,26.3,31.5,22.2,30
281,0809,26.2,31.4,22.1,30
281,0810,26.1,31.3,22.0,30
281,0811,26.0,31.1,22.0,30
281,0812,25.9,31.0,21.9,30
281,0813,25.8,30.9,21.8,30
281,0814,25.7,30.8,21.7,30
281,0815,25.6,30.6,21.6,30
281,0816,25.5,30.5,21.5,30
281,0817,25.4,30.4,21.4,30
281,0818,25.3,30.4,21.3,30
281,0819,25.1,30.2,21.1,30
281,0820,25.0,30.0,20.9,30
281,0821,24.8,29.9,20.8,30
281,0822,24.7,29.8,20.6,30
281,0823,24.5,29.6,20.5,30
281,0824,24.4,29.5,20.3,30
281,0825,24.2,29.4,20.1,30
281,0826,24.1,29.3,19.9,30
281,0827,23.9,29.1,19.8,30
281,0828,23.8,29.1,19.5,30
281,0829,23.6,28.9,19.3,30
281,0830,23.4,28.7,19.2,30
281,0831,23.2,28.5,18.9,30
281,0901,23.0,28.4,18.7,30
281,0902,22.9,28.3,18.5,30
281,0903,22.7,28.2,18.3,30
281,0904,22.6,28.1,18.1,30
281,0905,22.4,27.8,18.0,30
281,0906,22.2,27.7,17.8,30
281,0907,22.0,27.5,17.5,30
281,0908,21.9,27.4,17.4,30
281,0909,21.7,27.3,17.1,30
281,0910,21.5,27.1,17.0,30
281,0911,21.4,27.0,16.8,30
281,0912,21.2,26.9,16.5,30
281,0913,21.0,26.7,16.3,30
281,0914,20.8,26.6,16.0,30
281,0915,20.5,26.4,15.7,30
281,0916,20.3,26.1,15.5,30
281,0917,20.1,26.0,15.2,30
281,0918,19.9,25.8,14.9,30
281,0919,19.7,25.7,14.6,30
281,0920,19.4,25.6,14.3,30
281,0921,19.2,25.4,14.0,30
281,0922,19.0,25.3,13.8,30
281,0923,18.8,25.1,13.6,30
281,0924,18.7,24.9,13.4,30
281,0925,18.5,24.8,13.1,30
281,0926,18.2,24.7,12.8,30
281,0927,18.0,24.5,12.6,30
281,0928,17.8,24.3,12.4,30
281,0929,17.6,24.2,12.1,30
281,0930,17.4,24.1,11.9,30
281,1001,17.3,24.0,11.7,30
281,1002,17.1,23.8,11.4,30
281,1003,16.9,23.7,11.2,30
281,1004,16.7,23.6,11.0,30
281,1005,16.6,23.4,10.9,30
281,1006,16.4,23.3,10.6,30
281,1007,16.2,23.3,10.3,30
281,1008,16.0,23.1,10.0,30
281,1009,15.7,22.9,9.6,30
281,1010,15.4,22.8,9.3,30
281,1011,15.2,22.5,9.0,30
281,1012,15.0,22.4,8.8,30
281,1013,14.8,22.2,8.5,30
281,1014,14.6,22.1,8.3,30
281,1015,14.4,21.9,8.2,30
281,1016,14.2,21.7,7.9,30
281,1017,14.0,21.5,7.8,30
281,1018,13.8,21.3,7.5,30
281,1019,13.5,21.0,7.2,30
281,1020,13.2,20.8,6.8,30
281,1021,13.0,20.6,6.6,30
281,1022,12.7,20.3,6.3,30
281,1023,12.5,20.1,6.0,30
281,1024,12.3,19.8,5.8,30
281,1025,12.0,19.6,5.7,30
281,1026,11.8,19.3,5.4,30
281,1027,11.5,19.1,5.1,30
281,1028,11.3,18.9,4.8,30
281,1029,11.0,18.8,4.5,30
281,1030,10.9,18.7,4.2,30
281,1031,10.7,18.6,4.0,30
281,1101,10.5,18.3,3.9,30
281,1102,10.3,18.1,3.7,30
281,1103,10.2,17.9,3.6,30
281,1104,10.1,17.7,3.6,30
281,1105,9.9,17.4,3.5,30
281,1106,9.7,17.2,3.3,30
281,1107,9.6,17.0,3.2,30
281,1108,9.4,16.8,3.0,30
281,1109,9.1,16.6,2.7,30
281,1110,8.9,16.4,2.5,30
281,1111,8.7,16.0,2.4,30
281,1112,8.5,15.6,2.3,30
281,1113,8.2,15.3,2.1,30
281,1114,7.8,14.8,1.7,30
281,1115,7.5,14.4,1.4,30
281,1116,7.1,14.2,1.0,30
281,1117,6.8,13.9,0.6,30
281,1118,6.5,13.7,0.4,30
281,1119,6.2,13.4,0.1,30
281,1120,6.0,13.1,-0.1,30
281,1121,5.7,12.8,-0.3,30
281,1122,5.5,12.6,-0.6,30
281,1123,5.3,12.3,-0.8,30
281,1124,5.1,12.1,-1.0,30
281,1125,4.9,11.9,-1.1,30
281,1126,4.6,11.7,-1.4,30
281,1127,4.4,11.4,-1.5,30
281,1128,4.2,11.1,-1.7,30
281,1129,4.0,10.8,-1.8,30
281,1130,3.8,10.5,-1.9,30
281,1201,3.6,10.2,-2.1,30
281,1202,3.3,10.0,-2.3,30
281,1203,3.1,9.7,-2.6,30
281,1204,2.9,9.4,-2.7,30
281,1205,2.7,9.2,-2.9,30
281,1206,2.5,9.0,-3.1,30
281,1207,2.2,8.7,-3.4,30
281,1208,2.0,8.4,-3.6,30
281,1209,1.8,8.1,-3.8,30
281,1210,1.6,7.9,-3.9,30
281,1211,1.4,7.7,-4.1,30
281,1212,1.3,7.5,-4.3,30
281,1213,1.1,7.4,-4.4,30
281,1214,1.1,7.4,-4.5,30
281,1215,1.1,7.4,-4.5,30
281,1216,1.1,7.4,-4.5,30
281,1217,1.0,7.3,-4.6,30
281,1218,0.9,7.2,-4.7,30
281,1219,0.8,7.1,-4.8,30
281,1220,0.7,7.0,-4.8,30
281,1221,0.6,6.9,-4.9,30
281,1222,0.5,6.8,-5.1,30
281,1223,0.4,6.8,-5.1,30
281,1224,0.3,6.7,-5.2,30
281,1225,0.2,6.6,-5.3,30
281,1226,0.2,6.6,-5.4,30
281,1227,0.1,6.6,-5.3,30
281,1228,0.0,6.5,-5.4,30
281,1229,-0.1,6.3,-5.5,30
281,1230,-0.2,6.2,-5.6,30
281,1231,-0.3,6.0,-5.7,30
284,0101,-1.0,6.1,-7.1,30
284,0102,-1.1,5.9,-7.2,30
284,0103,-1.2,5.9,-7.3,30
284,0104,-1.2,5.8,-7.3,30
284,0105,-1.2,5.7,-7.3,30
284,0106,-1.3,5.6,-7.3,30
284,0107,-1.3,5.5,-7.3,30
284,0108,-1.3,5.6,-7.3,30
284,0109,-1.3,5.6,-7.3,30
284,0110,-1.4,5.5,-7.3,30
284,0111,-1.4,5.5,-7.3,30
284,0112,-1.4,5.4,-7.4,30
284,0113,-1.3,5.4,-7.2,30
284,0114,-1.4,5.3,-7.2,30
284,0115,-1.4,5.3,-7.2,30
284,0116,-1.4,5.2,-7.2,30
284,0117,-1.5,5.1,-7.3,30
284,0118,-1.5,5.1,-7.3,30
284,0119,-1.5,5.1,-7.3,30
284,0120,-1.5,5.1,-7.3,30
284,0121,-1.5,5.2,-7.3,30
284,0122,-1.5,5.2,-7.3,30
284,0123,-1.4,5.2,-7.2,30
284,0124,-1.4,5.2,-7.2,30
284,0125,-1.4,5.3,-7.2,30
284,0126,-1.4,5.3,-7.3,30
284,0127,-1.4,5.3,-7.3,30
284,0128,-1.4,5.4,-7.4,30
284,0129,-1.4,5.5,-7.4,30
284,0130,-1.3,5.8,-7.4,30
284,0131,-1.1,6.0,-7.4,30
284,0201,-1.0,6.1,-7.3,30
284,0202,-0.9,6.2,-7.2,30
284,0203,-0.8,6.3,-7.1,30
284,0204,-0.7,6.4,-7.0,30
284,0205,-0.6,6.5,-6.9,30
284,0206,-0.4,6.8,-6.8,30
284,0207,-0.3,7.0,-6.7,30
284,0208,-0.1,7.2,-6.5,30
284,0209,0.0,7.3,-6.3,30
284,0210,0.2,7.3,-6.1,30
284,0211,0.3,7.4,-6.0,30
284,0212,0.5,7.6,-5.8,30
284,0213,0.6,7.8,-5.7,30
284,0214,0.7,7.8,-5.6,30
284,0215,0.8,7.9,-5.5,30
284,0216,1.0,8.1,-5.3,30
284,0217,1.2,8.4,-5.2,30
284,0218,1.4,8.6,-5.0,30
284,0219,1.6,8.8,-4.8,30
284,0220,1.8,9.0,-4.6,30
284,0221,1.9,9.1,-4.4,30
284,0222,1.9,9.1,-4.4,30
284,0223,2.1,9.2,-4.2,30
284,0224,2.2,9.4,-4.1,30
284,0225,2.4,9.7,-4.0,30
284,0226,2.6,9.9,-3.8,30
284,0227,2.8,10.1,-3.6,30
284,0228,3.0,10.2,-3.4,30
284,0229,3.1,10.3,-3.2,0
284,0301,3.3,10.5,-3.1,30
284,0302,3.5,10.7,-2.9,30
284,0303,3.6,10.8,-2.8,30
284,0304,3.7,10.9,-2.7,30
284,0305,3.8,11.0,-2.7,30
284,0306,4.0,11.3,-2.6,30
284,0307,4.1,11.5,-2.6,30
284,0308,4.2,11.6,-2.5,30
284,0309,4.4,11.7,-2.3,30
284,0310,4.6,12.0,-2.2,30
284,0311,4.8,12.3,-2.0,30
284,0312,5.1,12.6,-1.7,30
284,0313,5.3,12.8,-1.5,30
284,0314,5.5,13.1,-1.4,30
284,0315,5.8,13.3,-1.2,30
284,0316,6.0,13.5,-1.0,30
284,0317,6.1,13.6,-0.8,30
284,0318,6.2,13.7,-0.6,30
284,0319,6.4,13.9,-0.5,30
284,0320,6.7,14.1,-0.3,30
284,0321,6.9,14.3,-0.1,30
284,0322,7.1,14.6,0.1,30
284,0323,7.3,14.8,0.3,30
284,0324,7.5,15.0,0.4,30
284,0325,7.6,15.2,0.5,30
284,0326,7.8,15.3,0.6,30
284,0327,7.9,15.4,0.7,30
284,0328,8.0,15.6,0.8,30
284,0329,8.2,15.9,0.9,30
284,0330,8.4,16.1,1.1,30
284,0331,8.7,16.4,1.2,30
284,0401,9.0,16.8,1.4,30
284,0402,9.2,17.1,1.6,30
284,0403,9.5,17.3,1.9,30
284,0404,9.6,17.4,2.2,30
284,0405,9.8,17.5,2.4,30
284,0406,10.0,17.6,2.5,30
284,0407,10.2,17.8,2.7,30
284,0408,10.4,18.1,2.9,30
284,0409,10.6,18.4,3.1,30
284,0410,10.8,18.6,3.2,30
284,0411,11.1,18.8,3.5,30
284,0412,11.3,19.1,3.8,30
284,0413,11.5,19.2,4.0,30
284,0414,11.7,19.4,4.3,30
284,0415,11.9,19.6,4.6,30
284,0416,12.1,19.6,4.8,30
284,0417,12.2,19.8,4.9,30
284,0418,12.4,20.1,5.0,30
284,0419,12.6,20.3,5.1,30
284,0420,12.7,20.5,5.2,30
284,0421,12.9,20.7,5.3,30
284,0422,13.1,20.8,5.6,30
284,0423,13.3,21.0,5.9,30
284,0424,13.5,21.1,6.2,30
284,0425,13.8,21.4,6.5,30
284,0426,14.0,21.5,6.7,30
284,0427,14.2,21.7,6.9,30
284,0428,14.4,21.9,7.0,30
284,0429,14.5,22.1,7.1,30
284,0430,14.7,22.3,7.3,30
284,0501,14.9,22.6,7.4,30
284,0502,15.1,22.7,7.6,30
284,0503,15.3,22.9,7.9,30
284,0504,15.4,23.0,8.0,30
284,0505,15.6,23.1,8.3,30
284,0506,15.8,23.2,8.6,30
284,0507,16.0,23.4,8.7,30
284,0508,16.1,23.4,8.9,30
284,0509,16.1,23.5,9.0,30
284,0510,16.2,23.5,9.1,30
284,0511,16.3,23.6,9.1,30
284,0512,16.4,23.7,9.3,30
284,0513,16.5,23.8,9.4,30
284,0514,16.6,24.0,9.4,30
284,0515,16.7,24.1,9.5,30
284,0516,16.9,24.2,9.7,30
284,0517,17.0,24.4,9.8,30
284,0518,17.2,24.5,10.0,30
284,0519,17.4,24.7,10.3,30
284,0520,17.6,24.9,10.4,30
284,0521,17.6,25.0,10.5,30
284,0522,17.8,25.2,10.6,30
284,0523,17.9,25.3,10.7,30
284,0524,18.1,25.6,10.8,30
284,0525,18.2,25.7,10.9,30
284,0526,18.4,25.9,11.1,30
284,0527,18.5,26.0,11.4,30
284,0528,18.7,26.1,11.6,30
284,0529,18.9,26.2,11.9,30
284,0530,19.1,26.3,12.1,30
284,0531,19.2,26.4,12.4,30
284,0601,19.3,26.5,12.6,30
284,0602,19.5,26.6,12.9,30
284,0603,19.7,26.7,13.1,30
284,0604,19.8,26.8,13.4,30
284,0605,20.0,26.9,13.7,30
284,0606,20.1,26.9,13.9,30
284,0607,20.3,27.0,14.1,30
284,0608,20.4,27.1,14.4,30
284,0609,20.5,27.2,14.6,30
284,0610,20.7,27.3,14.8,30
284,0611,20.8,27.3,15.0,30
284,0612,20.9,27.4,15.2,30
284,0613,21.1,27.5,15.4,30
284,0614,21.2,27.5,15.6,30
284,0615,21.3,27.5,15.7,30
284,0616,21.4,27.6,15.9,30
284,0617,21.4,27.6,16.0,30
284,0618,21.5,27.6,16.1,30
284,0619,21.5,27.6,16.3,30
284,0620,21.7,27.6,16.5,30
284,0621,21.8,27.7,16.6,30
284,0622,21.9,27.8,16.8,30
284,0623,22.0,27.7,17.1,30
284,0624,22.1,27.6,17.4,30
284,0625,22.2,27.7,17.6,30
284,0626,22.3,27.7,17.8,30
284,0627,22.4,27.7,18.0,30
284,0628,22.5,27.7,18.2,30
284,0629,22.5,27.7,18.3,30
284,0630,22.6,27.7,18.4,30
284,0701,22.7,27.8,18.5,30
284,0702,22.8,27.9,18.7,30
284,0703,23.0,28.0,18.9,30
284,0704,23.0,28.1,19.0,30
284,0705,23.1,28.0,19.2,30
284,0706,23.2,28.1,19.3,30
284,0707,23.3,28.2,19.4,30
284,0708,23.4,28.3,19.5,30
284,0709,23.5,28.4,19.6,30
284,0710,23.5,28.4,19.7,30
284,0711,23.5,28.5,19.7,30
284,0712,23.6,28.6,19.8,30
284,0713,23.8,28.8,19.9,30
284,0714,23.9,29.0,20.0,30
284,0715,24.1,29.2,20.2,30
284,0716,24.2,29.4,20.3,30
284,0717,24.4,29.5,20.4,30
284,0718,24.5,29.7,20.5,30
284,0719,24.6,29.9,20.6,30
284,0720,24.7,30.1,20.7,30
284,0721,24.8,30.2,20.7,30
284,0722,24.9,30.3,20.8,30
284,0723,25.1,30.5,20.9,30
284,0724,25.2,30.7,21.0,30
284,0725,25.4,30.9,21.1,30
284,0726,25.5,31.1,21.3,30
284,0727,25.6,31.1,21.3,30
284,0728,25.6,31.2,21.4,30
284,0729,25.6,31.2,21.4,30
284,0730,25.6,31.2,21.4,30
284,0731,25.6,31.2,21.4,30
284,0801,25.6,31.3,21.4,30
284,0802,25.6,31.2,21.5,30
284,0803,25.6,31.2,21.5,30
284,0804,25.6,31.1,21.6,30
284,0805,25.6,31.1,21.5,30
284,0806,25.5,31.1,21.5,30
284,0807,25.4,30.9,21.5,30
284,0808,25.4,30.8,21.4,30
284,0809,25.2,30.7,21.3,30
284,0810,25.1,30.6,21.2,30
284,0811,25.1,30.5,21.2,30
284,0812,25.0,30.4,21.1,30
284,0813,24.9,30.2,21.0,30
284,0814,24.8,30.2,20.9,30
284,0815,24.7,30.1,20.8,30
284,0816,24.6,29.9,20.7,30
284,0817,24.5,29.8,20.5,30
284,0818,24.3,29.7,20.4,30
284,0819,24.2,29.6,20.2,30
284,0820,24.1,29.5,20.1,30
284,0821,23.9,29.3,19.9,30
284,0822,23.8,29.3,19.8,30
284,0823,23.6,29.1,19.6,30
284,0824,23.5,29.0,19.4,30
284,0825,23.3,28.8,19.2,30
284,0826,23.2,28.7,19.0,30
284,0827,23.0,28.5,18.9,30
284,0828,22.9,28.5,18.6,30
284,0829,22.7,28.3,18.4,30
284,0830,22.5,28.1,18.3,30
284,0831,22.3,28.0,18.0,30
284,0901,22.1,27.9,17.8,30
284,0902,22.0,27.8,17.6,30
284,0903,21.8,27.7,17.4,30
284,0904,21.7,27.6,17.2,30
284,0905,21.5,27.4,17.0,30
284,0906,21.3,27.2,16.8,30
284,0907,21.1,27.1,16.6,30
284,0908,21.0,27.0,16.5,30
284,0909,20.8,26.8,16.3,30
284,0910,20.6,26.7,16.0,30
284,0911,20.5,26.6,15.8,30
284,0912,20.2,26.4,15.6,30
284,0913,20.0,26.3,15.3,30
284,0914,19.8,26.2,15.0,30
284,0915,19.6,26.0,14.7,30
284,0916,19.3,25.7,14.4,30
284,0917,19.1,25.6,14.2,30
284,0918,18.9,25.5,13.9,30
284,0919,18.7,25.4,13.6,30
284,0920,18.5,25.3,13.3,30
284,0921,18.2,25.1,13.0,30
284,0922,18.0,24.9,12.7,30
284,0923,17.8,24.8,12.5,30
284,0924,17.6,24.6,12.3,30
284,0925,17.4,24.5,12.0,30
284,0926,17.2,24.3,11.7,30
284,0927,17.0,24.1,11.5,30
284,0928,16.7,23.9,11.3,30
284,0929,16.5,23.8,11.0,30
284,0930,16.3,23.6,10.8,30
284,1001,16.1,23.6,10.5,30
284,1002,15.9,23.4,10.2,30
284,1003,15.7,23.3,10.0,30
284,1004,15.5,23.1,9.8,30
284,1005,15.3,23.0,9.5,30
284,1006,15.1,22.8,9.2,30
284,1007,14.9,22.8,8.9,30
284,1008,14.6,22.7,8.6,30
284,1009,14.3,22.4,8.1,30
284,1010,14.1,22.3,7.8,30
284,1011,13.8,22.0,7.5,30
284,1012,13.6,21.9,7.2,30
284,1013,13.4,21.8,7.0,30
284,1014,13.2,21.7,6.8,30
284,1015,13.0,21.5,6.6,30
284,1016,12.9,21.3,6.4,30
284,1017,12.7,21.0,6.2,30
284,1018,12.5,20.9,6.0,30
284,1019,12.2,20.6,5.7,30
284,1020,11.9,20.4,5.4,30
284,1021,11.7,20.2,5.1,30
284,1022,11.5,19.9,4.9,30
284,1023,11.2,19.7,4.6,30
284,1024,11.0,19.5,4.4,30
284,1025,10.8,19.2,4.2,30
284,1026,10.6,19.0,4.0,30
284,1027,10.3,18.8,3.7,30
284,1028,10.1,18.6,3.4,30
284,1029,9.9,18.4,3.1,30
284,1030,9.7,18.4,3.0,30
284,1031,9.6,18.2,2.8,30
284,1101,9.4,18.0,2.6,30
284,1102,9.3,17.7,2.5,30
284,1103,9.1,17.5,2.4,30
284,1104,9.0,17.3,2.3,30
284,1105,8.9,17.1,2.2,30
284,1106,8.7,16.9,2.0,30
284,1107,8.5,16.6,1.9,30
284,1108,8.4,16.4,1.8,30
284,1109,8.1,16.2,1.6,30
284,1110,8.0,16.0,1.4,30
284,1111,7.7,15.6,1.3,30
284,1112,7.6,15.3,1.2,30
284,1113,7.3,14.9,1.0,30
284,1114,6.9,14.4,0.6,30
284,1115,6.6,14.1,0.3,30
284,1116,6.3,13.9,-0.1,30
284,1117,6.0,13.6,-0.3,30
284,1118,5.7,13.4,-0.6,30
284,1119,5.5,13.1,-0.8,30
284,1120,5.2,12.8,-1.0,30
284,1121,5.0,12.5,-1.2,30
284,1122,4.8,12.3,-1.4,30
284,1123,4.6,12.1,-1.6,30
284,1124,4.4,11.9,-1.8,30
284,1125,4.2,11.7,-2.0,30
284,1126,4.0,11.5,-2.2,30
284,1127,3.7,11.3,-2.4,30
284,1128,3.5,11.0,-2.5,30
284,1129,3.3,10.7,-2.6,30
284,1130,3.1,10.4,-2.8,30
284,1201,2.9,10.1,-2.9,30
284,1202,2.7,9.9,-3.2,30
284,1203,2.5,9.6,-3.4,30
284,1204,2.3,9.4,-3.6,30
284,1205,2.0,9.1,-3.8,30
284,1206,1.8,8.9,-4.0,30
284,1207,1.6,8.6,-4.3,30
284,1208,1.3,8.3,-4.5,30
284,1209,1.2,8.1,-4.7,30
284,1210,1.0,7.8,-4.8,30
284,1211,0.8,7.6,-5.0,30
284,1212,0.7,7.5,-5.2,30
284,1213,0.6,7.4,-5.4,30
284,1214,0.5,7.4,-5.4,30
284,1215,0.5,7.4,-5.5,30
284,1216,0.5,7.4,-5.5,30
284,1217,0.4,7.4,-5.6,30
284,1218,0.3,7.2,-5.6,30
284,1219,0.2,7.2,-5.8,30
284,1220,0.1,7.1,-5.9,30
284,1221,-0.0,7.0,-6.0,30
284,1222,-0.1,7.0,-6.1,30
284,1223,-0.2,6.9,-6.2,30
284,1224,-0.3,6.8,-6.3,30
284,1225,-0.4,6.7,-6.4,30
284,1226,-0.4,6.7,-6.5,30
284,1227,-0.5,6.7,-6.5,30
284,1228,-0.6,6.6,-6.6,30
284,1229,-0.7,6.5,-6.8,30
284,1230,-0.8,6.4,-6.9,30
284,1231,-0.9,6.2,-7.0,30
285,0101,0.0,7.5,-5.7,30
285,0102,-0.1,7.4,-5.8,30
285,0103,-0.1,7.3,-5.9,30
285,0104,-0.2,7.3,-6.0,30
285,0105,-0.2,7.2,-6.0,30
285,0106,-0.2,7.2,-6.0,30
285,0107,-0.2,7.1,-6.0,30
285,0108,-0.2,7.1,-6.0,30
285,0109,-0.2,7.1,-6.0,30
285,0110,-0.2,7.1,-6.0,30
285,0111,-0.2,7.0,-5.9,30
285,0112,-0.2,7.0,-6.0,30
285,0113,-0.2,7.0,-5.8,30
285,0114,-0.2,6.9,-5.8,30
285,0115,-0.2,6.8,-5.8,30
285,0116,-0.2,6.8,-5.8,30
285,0117,-0.2,6.7,-5.8,30
285,0118,-0.2,6.7,-5.8,30
285,0119,-0.2,6.7,-5.8,30
285,0120,-0.2,6.7,-5.8,30
285,0121,-0.2,6.8,-5.8,30
285,0122,-0.2,6.8,-5.8,30
285,0123,-0.1,6.9,-5.8,30
285,0124,-0.1,6.9,-5.8,30
285,0125,-0.1,6.9,-5.8,30
285,0126,-0.1,7.0,-5.8,30
285,0127,-0.1,7.1,-5.8,30
285,0128,-0.1,7.1,-5.9,30
285,0129,-0.1,7.3,-6.0,30
285,0130,0.0,7.5,-6.0,30
285,0131,0.1,7.7,-6.0,30
285,0201,0.3,7.8,-5.8,30
285,0202,0.4,7.9,-5.7,30
285,0203,0.5,8.0,-5.6,30
285,0204,0.6,8.1,-5.5,30
285,0205,0.7,8.2,-5.4,30
285,0206,0.9,8.4,-5.3,30
285,0207,1.1,8.7,-5.2,30
285,0208,1.3,8.8,-5.0,30
285,0209,1.4,8.9,-4.9,30
285,0210,1.5,8.9,-4.7,30
285,0211,1.7,9.0,-4.6,30
285,0212,1.8,9.2,-4.4,30
285,0213,2.0,9.4,-4.3,30
285,0214,2.1,9.4,-4.2,30
285,0215,2.2,9.5,-4.1,30
285,0216,2.3,9.7,-4.0,30
285,0217,2.5,10.0,-3.8,30
285,0218,2.7,10.2,-3.7,30
285,0219,2.9,10.3,-3.5,30
285,0220,3.1,10.5,-3.3,30
285,0221,3.2,10.6,-3.1,30
285,0222,3.3,10.6,-3.0,30
285,0223,3.4,10.7,-2.9,30
285,0224,3.6,10.9,-2.8,30
285,0225,3.7,11.2,-2.6,30
285,0226,4.0,11.4,-2.5,30
285,0227,4.2,11.5,-2.2,30
285,0228,4.4,11.7,-2.0,30
285,0229,4.5,11.8,-1.8,0
285,0301,4.7,12.0,-1.7,30
285,0302,4.9,12.1,-1.5,30
285,0303,5.0,12.2,-1.3,30
285,0304,5.1,12.3,-1.3,30
285,0305,5.3,12.5,-1.2,30
285,0306,5.4,12.7,-1.2,30
285,0307,5.5,12.9,-1.1,30
285,0308,5.7,13.0,-1.0,30
285,0309,5.8,13.2,-0.8,30
285,0310,6.0,13.4,-0.7,30
285,0311,6.3,13.6,-0.5,30
285,0312,6.5,14.0,-0.2,30
285,0313,6.7,14.2,-0.0,30
285,0314,6.9,14.3,0.1,30
285,0315,7.1,14.6,0.3,30
285,0316,7.3,14.8,0.5,30
285,0317,7.5,14.8,0.7,30
285,0318,7.6,15.0,0.9,30
285,0319,7.8,15.1,1.0,30
285,0320,8.0,15.4,1.2,30
285,0321,8.3,15.6,1.5,30
285,0322,8.5,15.8,1.7,30
285,0323,8.7,16.0,1.9,30
285,0324,8.8,16.2,2.0,30
285,0325,9.0,16.3,2.1,30
285,0326,9.2,16.5,2.2,30
285,0327,9.3,16.7,2.3,30
285,0328,9.4,16.8,2.3,30
285,0329,9.6,17.1,2.5,30
285,0330,9.8,17.3,2.6,30
285,0331,10.1,17.6,2.8,30
285,0401,10.4,18.0,3.0,30
285,0402,10.6,18.3,3.2,30
285,0403,10.8,18.5,3.5,30
285,0404,11.0,18.5,3.7,30
285,0405,11.2,18.6,3.9,30
285,0406,11.3,18.8,4.0,30
285,0407,11.5,19.0,4.2,30
285,0408,11.8,19.3,4.3,30
285,0409,12.0,19.6,4.5,30
285,0410,12.2,19.8,4.7,30
285,0411,12.4,20.0,5.0,30
285,0412,12.6,20.2,5.2,30
285,0413,12.8,20.3,5.5,30
285,0414,13.0,20.5,5.7,30
285,0415,13.2,20.7,5.9,30
285,0416,13.3,20.7,6.2,30
285,0417,13.5,20.9,6.3,30
285,0418,13.7,21.2,6.4,30
285,0419,13.8,21.4,6.5,30
285,0420,14.0,21.6,6.7,30
285,0421,14.2,21.9,6.8,30
285,0422,14.4,21.9,7.0,30
285,0423,14.6,22.1,7.3,30
285,0424,14.8,22.2,7.6,30
285,0425,15.0,22.4,7.9,30
285,0426,15.2,22.6,8.1,30
285,0427,15.4,22.8,8.3,30
285,0428,15.6,23.1,8.5,30
285,0429,15.8,23.2,8.6,30
285,0430,16.0,23.4,8.8,30
285,0501,16.2,23.7,8.9,30
285,0502,16.4,23.8,9.2,30
285,0503,16.5,23.9,9.4,30
285,0504,16.7,24.0,9.6,30
285,0505,16.8,24.1,9.8,30
285,0506,17.0,24.2,10.1,30
285,0507,17.1,24.4,10.2,30
285,0508,17.2,24.5,10.3,30
285,0509,17.3,24.6,10.4,30
285,0510,17.4,24.6,10.5,30
285,0511,17.5,24.7,10.6,30
285,0512,17.6,24.8,10.7,30
285,0513,17.7,24.9,10.8,30
285,0514,17.8,25.1,10.9,30
285,0515,17.9,25.3,11.0,30
285,0516,18.1,25.4,11.1,30
285,0517,18.2,25.5,11.3,30
285,0518,18.4,25.7,11.5,30
285,0519,18.6,25.9,11.7,30
285,0520,18.7,26.1,11.8,30
285,0521,18.8,26.2,11.9,30
285,0522,19.0,26.4,12.1,30
285,0523,19.1,26.5,12.2,30
285,0524,19.3,26.7,12.2,30
285,0525,19.4,26.9,12.4,30
285,0526,19.6,27.1,12.6,30
285,0527,19.7,27.2,12.8,30
285,0528,19.9,27.3,13.0,30
285,0529,20.1,27.5,13.3,30
285,0530,20.2,27.5,13.5,30
285,0531,20.4,27.6,13.7,30
285,0601,20.5,27.7,13.9,30
285,0602,20.6,27.7,14.1,30
285,0603,20.8,27.8,14.3,30
285,0604,20.9,28.0,14.6,30
285,0605,21.1,28.1,14.9,30
285,0606,21.3,28.1,15.1,30
285,0607,21.4,28.2,15.3,30
285,0608,21.5,28.3,15.5,30
285,0609,21.7,28.4,15.7,30
285,0610,21.8,28.5,15.9,30
285,0611,21.9,28.6,16.1,30
285,0612,22.0,28.6,16.3,30
285,0613,22.1,28.7,16.5,30
285,0614,22.3,28.7,16.7,30
285,0615,22.3,28.7,16.8,30
285,0616,22.4,28.8,17.0,30
285,0617,22.5,28.7,17.1,30
285,0618,22.5,28.7,17.2,30
285,0619,22.5,28.7,17.3,30
285,0620,22.6,28.7,17.5,30
285,0621,22.7,28.7,17.7,30
285,0622,22.9,28.7,17.9,30
285,0623,22.9,28.7,18.1,30
285,0624,23.0,28.6,18.4,30
285,0625,23.1,28.5,18.6,30
285,0626,23.2,28.6,18.8,30
285,0627,23.3,28.5,19.0,30
285,0628,23.4,28.6,19.2,30
285,0629,23.4,28.5,19.3,30
285,0630,23.5,28.5,19.4,30
285,0701,23.6,28.6,19.6,30
285,0702,23.7,28.7,19.8,30
285,0703,23.9,28.8,20.0,30
285,0704,24.0,28.9,20.1,30
285,0705,24.1,28.9,20.2,30
285,0706,24.1,28.9,20.4,30
285,0707,24.3,29.0,20.5,30
285,0708,24.3,29.1,20.6,30
285,0709,24.4,29.2,20.7,30
285,0710,24.5,29.3,20.8,30
285,0711,24.6,29.4,20.8,30
285,0712,24.7,29.5,20.9,30
285,0713,24.8,29.7,21.0,30
285,0714,24.9,29.8,21.1,30
285,0715,25.1,30.1,21.3,30
285,0716,25.3,30.3,21.4,30
285,0717,25.4,30.4,21.5,30
285,0718,25.5,30.6,21.6,30
285,0719,25.7,30.8,21.7,30
285,0720,25.8,31.0,21.7,30
285,0721,26.0,31.2,21.8,30
285,0722,26.1,31.3,21.9,30
285,0723,26.2,31.5,22.0,30
285,0724,26.4,31.7,22.1,30
285,0725,26.5,32.0,22.2,30
285,0726,26.6,32.1,22.4,30
285,0727,26.7,32.2,22.5,30
285,0728,26.8,32.2,22.5,30
285,0729,26.8,32.3,22.5,30
285,0730,26.8,32.4,22.5,30
285,0731,26.8,32.3,22.6,30
285,0801,26.8,32.4,22.6,30
285,0802,26.8,32.4,22.6,30
285,0803,26.8,32.4,22.7,30
285,0804,26.8,32.4,22.7,30
285,0805,26.8,32.3,22.6,30
285,0806,26.7,32.3,22.6,30
285,0807,26.7,32.2,22.5,30
285,0808,26.6,32.1,22.5,30
285,0809,26.4,31.9,22.4,30
285,0810,26.4,31.8,22.3,30
285,0811,26.3,31.7,22.2,30
285,0812,26.2,31.7,22.2,30
285,0813,26.1,31.5,22.1,30
285,0814,26.0,31.4,22.0,30
285,0815,25.9,31.3,21.9,30
285,0816,25.8,31.2,21.8,30
285,0817,25.7,31.1,21.6,30
285,0818,25.5,31.0,21.5,30
285,0819,25.4,30.8,21.3,30
285,0820,25.3,30.7,21.2,30
285,0821,25.1,30.5,21.1,30
285,0822,25.0,30.5,20.9,30
285,0823,24.9,30.3,20.8,30
285,0824,24.7,30.2,20.6,30
285,0825,24.6,30.1,20.4,30
285,0826,24.4,29.9,20.3,30
285,0827,24.3,29.8,20.1,30
285,0828,24.1,29.7,19.9,30
285,0829,24.0,29.5,19.8,30
285,0830,23.8,29.3,19.6,30
285,0831,23.6,29.2,19.4,30
285,0901,23.4,29.1,19.2,30
285,0902,23.3,28.9,19.1,30
285,0903,23.2,28.9,18.9,30
285,0904,23.0,28.7,18.7,30
285,0905,22.8,28.5,18.6,30
285,0906,22.6,28.4,18.4,30
285,0907,22.5,28.2,18.2,30
285,0908,22.3,28.1,18.0,30
285,0909,22.2,28.0,17.8,30
285,0910,22.0,27.8,17.7,30
285,0911,21.8,27.7,17.5,30
285,0912,21.7,27.6,17.2,30
285,0913,21.5,27.5,17.0,30
285,0914,21.3,27.4,16.7,30
285,0915,21.0,27.2,16.4,30
285,0916,20.8,27.0,16.2,30
285,0917,20.6,26.8,15.9,30
285,0918,20.4,26.7,15.7,30
285,0919,20.2,26.6,15.4,30
285,0920,20.0,26.5,15.1,30
285,0921,19.8,26.4,14.8,30
285,0922,19.6,26.2,14.6,30
285,0923,19.4,26.0,14.4,30
285,0924,19.2,25.8,14.2,30
285,0925,19.0,25.7,13.9,30
285,0926,18.8,25.6,13.7,30
285,0927,18.6,25.4,13.4,30
285,0928,18.4,25.2,13.2,30
285,0929,18.1,25.1,12.9,30
285,0930,18.0,24.9,12.7,30
285,1001,17.8,24.8,12.5,30
285,1002,17.6,24.7,12.2,30
285,1003,17.4,24.5,12.0,30
285,1004,17.2,24.4,11.8,30
285,1005,17.0,24.2,11.6,30
285,1006,16.8,24.1,11.4,30
285,1007,16.6,24.0,11.1,30
285,1008,16.4,23.9,10.7,30
285,1009,16.1,23.7,10.4,30
285,1010,15.8,23.5,10.1,30
285,1011,15.5,23.3,9.8,30
285,1012,15.3,23.1,9.5,30
285,1013,15.1,23.0,9.3,30
285,1014,14.9,22.9,9.1,30
285,1015,14.8,22.7,8.9,30
285,1016,14.6,22.5,8.7,30
285,1017,14.4,22.3,8.5,30
285,1018,14.1,22.1,8.2,30
285,1019,13.8,21.9,7.9,30
285,1020,13.6,21.7,7.6,30
285,1021,13.3,21.4,7.3,30
285,1022,13.1,21.2,7.1,30
285,1023,12.8,21.0,6.9,30
285,1024,12.6,20.7,6.6,30
285,1025,12.4,20.5,6.4,30
285,1026,12.2,20.2,6.2,30
285,1027,11.9,20.0,5.9,30
285,1028,11.6,19.8,5.6,30
285,1029,11.4,19.7,5.3,30
285,1030,11.2,19.6,5.1,30
285,1031,11.1,19.5,5.0,30
285,1101,10.9,19.2,4.8,30
285,1102,10.8,19.0,4.7,30
285,1103,10.6,18.8,4.6,30
285,1104,10.5,18.6,4.5,30
285,1105,10.3,18.4,4.4,30
285,1106,10.1,18.1,4.2,30
285,1107,10.0,17.9,4.0,30
285,1108,9.8,17.7,3.9,30
285,1109,9.5,17.5,3.6,30
285,1110,9.4,17.2,3.4,30
285,1111,9.1,16.9,3.3,30
285,1112,8.9,16.5,3.1,30
285,1113,8.6,16.2,2.8,30
285,1114,8.3,15.8,2.4,30
285,1115,7.9,15.4,2.0,30
285,1116,7.6,15.2,1.7,30
285,1117,7.3,14.9,1.4,30
285,1118,7.0,14.7,1.2,30
285,1119,6.8,14.4,0.9,30
285,1120,6.5,14.1,0.7,30
285,1121,6.3,13.9,0.5,30
285,1122,6.0,13.6,0.2,30
285,1123,5.8,13.4,0.1,30
285,1124,5.7,13.2,-0.1,30
285,1125,5.4,13.0,-0.3,30
285,1126,5.2,12.9,-0.5,30
285,1127,5.0,12.6,-0.7,30
285,1128,4.8,12.4,-0.9,30
285,1129,4.6,12.1,-1.0,30
285,1130,4.4,11.8,-1.2,30
285,1201,4.2,11.5,-1.4,30
285,1202,3.9,11.3,-1.6,30
285,1203,3.7,11.0,-1.8,30
285,1204,3.5,10.8,-2.0,30
285,1205,3.3,10.6,-2.3,30
285,1206,3.0,10.3,-2.5,30
285,1207,2.8,10.1,-2.8,30
285,1208,2.6,9.8,-3.0,30
285,1209,2.3,9.6,-3.3,30
285,1210,2.2,9.4,-3.4,30
285,1211,2.0,9.2,-3.6,30
285,1212,1.8,9.0,-3.8,30
285,1213,1.7,8.9,-3.9,30
285,1214,1.7,8.9,-4.0,30
285,1215,1.6,8.9,-4.0,30
285,1216,1.6,8.9,-4.1,30
285,1217,1.5,8.8,-4.2,30
285,1218,1.4,8.8,-4.2,30
285,1219,1.3,8.6,-4.4,30
285,1220,1.2,8.6,-4.5,30
285,1221,1.1,8.5,-4.6,30
285,1222,1.0,8.4,-4.7,30
285,1223,0.9,8.3,-4.8,30
285,1224,0.8,8.2,-4.9,30
285,1225,0.7,8.1,-5.0,30
285,1226,0.7,8.2,-5.0,30
285,1227,0.6,8.2,-5.1,30
285,1228,0.5,8.1,-5.2,30
285,1229,0.4,8.0,-5.4,30
285,1230,0.3,7.8,-5.4,30
285,1231,0.2,7.6,-5.6,30
288,0101,0.6,7.9,-5.3,30
288,0102,0.5,7.7,-5.4,30
288,0103,0.4,7.6,-5.5,30
288,0104,0.4,7.6,-5.6,30
288,0105,0.4,7.5,-5.6,30
288,0106,0.4,7.5,-5.5,30
288,0107,0.4,7.4,-5.5,30
288,0108,0.4,7.4,-5.5,30
288,0109,0.4,7.4,-5.5,30
288,0110,0.4,7.4,-5.5,30
288,0111,0.4,7.4,-5.4,30
288,0112,0.4,7.4,-5.4,30
288,0113,0.5,7.3,-5.3,30
288,0114,0.5,7.3,-5.2,30
288,0115,0.5,7.2,-5.2,30
288,0116,0.4,7.2,-5.2,30
288,0117,0.4,7.1,-5.2,30
288,0118,0.4,7.1,-5.2,30
288,0119,0.4,7.1,-5.2,30
288,0120,0.4,7.1,-5.2,30
288,0121,0.4,7.2,-5.3,30
288,0122,0.4,7.3,-5.3,30
288,0123,0.5,7.3,-5.3,30
288,0124,0.5,7.3,-5.3,30
288,0125,0.5,7.3,-5.3,30
288,0126,0.5,7.3,-5.3,30
288,0127,0.5,7.4,-5.4,30
288,0128,0.5,7.4,-5.5,30
288,0129,0.5,7.5,-5.5,30
288,0130,0.6,7.7,-5.5,30
288,0131,0.7,7.9,-5.5,30
288,0201,0.8,8.0,-5.4,30
288,0202,0.9,8.1,-5.3,30
288,0203,1.0,8.3,-5.2,30
288,0204,1.2,8.4,-5.1,30
288,0205,1.3,8.4,-5.0,30
288,0206,1.5,8.6,-4.9,30
288,0207,1.6,8.9,-4.7,30
288,0208,1.8,9.1,-4.6,30
288,0209,1.9,9.1,-4.4,30
288,0210,2.1,9.2,-4.3,30
288,0211,2.2,9.3,-4.1,30
288,0212,2.4,9.5,-4.0,30
288,0213,2.6,9.7,-3.8,30
288,0214,2.7,9.7,-3.7,30
288,0215,2.8,9.8,-3.6,30
288,0216,2.9,10.0,-3.5,30
288,0217,3.2,10.2,-3.3,30
288,0218,3.3,10.4,-3.1,30
288,0219,3.5,10.6,-3.0,30
288,0220,3.7,10.7,-2.8,30
288,0221,3.9,10.9,-2.6,30
288,0222,3.9,10.8,-2.6,30
288,0223,4.0,10.9,-2.4,30
288,0224,4.2,11.1,-2.3,30
288,0225,4.3,11.3,-2.2,30
288,0226,4.5,11.5,-2.0,30
288,0227,4.7,11.7,-1.8,30
288,0228,4.9,11.9,-1.5,30
288,0229,5.1,12.0,-1.3,0
288,0301,5.3,12.2,-1.1,30
288,0302,5.4,12.3,-1.0,30
288,0303,5.6,12.4,-0.9,30
288,0304,5.7,12.6,-0.8,30
288,0305,5.8,12.7,-0.8,30
288,0306,5.9,13.0,-0.7,30
288,0307,6.1,13.1,-0.7,30
288,0308,6.1,13.2,-0.6,30
288,0309,6.3,13.3,-0.5,30
288,0310,6.5,13.6,-0.3,30
288,0311,6.7,13.8,-0.1,30
288,0312,7.0,14.1,0.1,30
288,0313,7.2,14.3,0.3,30
288,0314,7.3,14.4,0.5,30
288,0315,7.5,14.6,0.6,30
288,0316,7.7,14.8,0.9,30
288,0317,7.8,14.9,1.1,30
288,0318,8.0,15.0,1.2,30
288,0319,8.2,15.2,1.4,30
288,0320,8.4,15.4,1.6,30
288,0321,8.6,15.6,1.8,30
288,0322,8.7,15.8,2.0,30
288,0323,9.0,16.0,2.2,30
288,0324,9.2,16.2,2.3,30
288,0325,9.3,16.3,2.5,30
288,0326,9.5,16.6,2.6,30
288,0327,9.6,16.7,2.7,30
288,0328,9.7,16.9,2.7,30
288,0329,9.9,17.1,2.8,30
288,0330,10.1,17.4,3.0,30
288,0331,10.3,17.6,3.2,30
288,0401,10.6,18.0,3.3,30
288,0402,10.8,18.2,3.5,30
288,0403,11.0,18.4,3.8,30
288,0404,11.2,18.5,4.0,30
288,0405,11.4,18.7,4.2,30
288,0406,11.5,18.8,4.3,30
288,0407,11.7,19.1,4.4,30
288,0408,11.9,19.3,4.6,30
288,0409,12.1,19.6,4.7,30
288,0410,12.3,19.7,4.9,30
288,0411,12.5,20.0,5.1,30
288,0412,12.7,20.2,5.4,30
288,0413,12.9,20.3,5.7,30
288,0414,13.1,20.4,5.9,30
288,0415,13.3,20.6,6.1,30
288,0416,13.4,20.7,6.4,30
288,0417,13.6,20.9,6.5,30
288,0418,13.8,21.1,6.6,30
288,0419,13.9,21.3,6.7,30
288,0420,14.1,21.6,6.8,30
288,0421,14.3,21.8,6.9,30
288,0422,14.4,21.9,7.2,30
288,0423,14.6,22.0,7.5,30
288,0424,14.8,22.1,7.8,30
288,0425,15.1,22.3,8.1,30
288,0426,15.2,22.4,8.3,30
288,0427,15.4,22.6,8.5,30
288,0428,15.6,22.9,8.6,30
288,0429,15.8,23.0,8.8,30
288,0430,16.0,23.2,9.0,30
288,0501,16.2,23.5,9.1,30
288,0502,16.4,23.6,9.4,30
288,0503,16.5,23.7,9.6,30
288,0504,16.7,23.8,9.8,30
288,0505,16.8,23.9,10.0,30
288,0506,17.0,24.0,10.3,30
288,0507,17.2,24.2,10.4,30
288,0508,17.3,24.3,10.5,30
288,0509,17.4,24.4,10.6,30
288,0510,17.5,24.6,10.7,30
288,0511,17.6,24.7,10.8,30
288,0512,17.7,24.7,10.9,30
288,0513,17.8,24.8,11.1,30
288,0514,17.9,25.0,11.2,30
288,0515,18.0,25.2,11.2,30
288,0516,18.1,25.3,11.4,30
288,0517,18.3,25.5,11.5,30
288,0518,18.5,25.7,11.7,30
288,0519,18.7,25.8,12.0,30
288,0520,18.8,26.0,12.2,30
288,0521,19.0,26.1,12.3,30
288,0522,19.1,26.3,12.5,30
288,0523,19.2,26.4,12.6,30
288,0524,19.4,26.6,12.7,30
288,0525,19.5,26.8,12.8,30
288,0526,19.7,26.9,13.1,30
288,0527,19.9,27.0,13.3,30
288,0528,20.0,27.2,13.5,30
288,0529,20.2,27.3,13.8,30
288,0530,20.4,27.4,14.0,30
288,0531,20.5,27.5,14.2,30
288,0601,20.6,27.5,14.4,30
288,0602,20.7,27.6,14.6,30
288,0603,20.9,27.7,14.8,30
288,0604,21.0,27.8,15.0,30
288,0605,21.2,28.0,15.3,30
288,0606,21.4,28.0,15.5,30
288,0607,21.5,28.1,15.7,30
288,0608,21.6,28.2,15.9,30
288,0609,21.8,28.3,16.2,30
288,0610,21.9,28.4,16.3,30
288,0611,22.0,28.4,16.5,30
288,0612,22.2,28.4,16.7,30
288,0613,22.3,28.5,16.9,30
288,0614,22.4,28.5,17.2,30
288,0615,22.5,28.5,17.3,30
288,0616,22.6,28.5,17.5,30
288,0617,22.6,28.5,17.6,30
288,0618,22.7,28.5,17.7,30
288,0619,22.7,28.4,17.9,30
288,0620,22.8,28.4,18.0,30
288,0621,22.9,28.4,18.2,30
288,0622,23.0,28.5,18.4,30
288,0623,23.0,28.4,18.6,30
288,0624,23.1,28.3,18.8,30
288,0625,23.2,28.3,19.0,30
288,0626,23.3,28.3,19.2,30
288,0627,23.4,28.3,19.4,30
288,0628,23.5,28.4,19.5,30
288,0629,23.6,28.4,19.6,30
288,0630,23.6,28.4,19.8,30
288,0701,23.7,28.5,19.9,30
288,0702,23.9,28.5,20.1,30
288,0703,24.0,28.7,20.3,30
288,0704,24.2,28.8,20.5,30
288,0705,24.3,28.8,20.6,30
288,0706,24.4,28.9,20.8,30
288,0707,24.5,29.0,20.9,30
288,0708,24.6,29.1,21.0,30
288,0709,24.7,29.2,21.1,30
288,0710,24.7,29.3,21.1,30
288,0711,24.8,29.4,21.1,30
288,0712,24.9,29.5,21.2,30
288,0713,25.0,29.7,21.3,30
288,0714,25.2,29.9,21.5,30
288,0715,25.4,30.1,21.7,30
288,0716,25.6,30.3,21.8,30
288,0717,25.7,30.5,21.9,30
288,0718,25.8,30.7,22.0,30
288,0719,26.0,30.8,22.0,30
288,0720,26.1,31.1,22.1,30
288,0721,26.2,31.3,22.2,30
288,0722,26.4,31.4,22.3,30
288,0723,26.5,31.6,22.4,30
288,0724,26.6,31.8,22.5,30
288,0725,26.8,32.0,22.6,30
288,0726,26.9,32.1,22.8,30
288,0727,27.0,32.2,22.9,30
288,0728,27.0,32.3,22.9,30
288,0729,27.1,32.4,22.9,30
288,0730,27.1,32.4,22.9,30
288,0731,27.1,32.4,22.9,30
288,0801,27.1,32.5,22.9,30
288,0802,27.1,32.5,22.9,30
288,0803,27.1,32.5,23.0,30
288,0804,27.1,32.5,23.0,30
288,0805,27.1,32.5,23.0,30
288,0806,27.1,32.5,22.9,30
288,0807,27.0,32.3,22.9,30
288,0808,27.0,32.2,22.9,30
288,0809,26.9,32.1,22.8,30
288,0810,26.8,32.0,22.7,30
288,0811,26.7,32.0,22.6,30
288,0812,26.6,31.9,22.6,30
288,0813,26.5,31.7,22.5,30
288,0814,26.4,31.6,22.4,30
288,0815,26.4,31.5,22.3,30
288,0816,26.2,31.4,22.2,30
288,0817,26.1,31.3,22.1,30
288,0818,26.0,31.2,21.9,30
288,0819,25.9,31.0,21.8,30
288,0820,25.7,30.9,21.6,30
288,0821,25.6,30.8,21.5,30
288,0822,25.5,30.7,21.3,30
288,0823,25.3,30.5,21.2,30
288,0824,25.2,30.4,21.0,30
288,0825,25.1,30.3,20.9,30
288,0826,24.9,30.2,20.7,30
288,0827,24.8,30.0,20.6,30
288,0828,24.6,30.0,20.4,30
288,0829,24.5,29.8,20.2,30
288,0830,24.3,29.6,20.0,30
288,0831,24.1,29.5,19.8,30
288,0901,24.0,29.4,19.6,30
288,0902,23.8,29.3,19.5,30
288,0903,23.7,29.2,19.3,30
288,0904,23.6,29.1,19.2,30
288,0905,23.4,28.9,19.0,30
288,0906,23.2,28.7,18.8,30
288,0907,23.1,28.6,18.6,30
288,0908,22.9,28.5,18.5,30
288,0909,22.8,28.3,18.3,30
288,0910,22.6,28.2,18.1,30
288,0911,22.5,28.1,17.9,30
288,0912,22.3,28.0,17.7,30
288,0913,22.1,27.8,17.5,30
288,0914,21.9,27.7,17.2,30
288,0915,21.7,27.5,16.9,30
288,0916,21.5,27.3,16.6,30
288,0917,21.3,27.2,16.4,30
288,0918,21.1,27.1,16.1,30
288,0919,20.9,27.0,15.8,30
288,0920,20.7,26.9,15.5,30
288,0921,20.5,26.7,15.2,30
288,0922,20.2,26.5,15.0,30
288,0923,20.0,26.3,14.8,30
288,0924,19.8,26.2,14.6,30
288,0925,19.6,26.1,14.3,30
288,0926,19.4,25.9,14.0,30
288,0927,19.2,25.7,13.8,30
288,0928,19.0,25.5,13.5,30
288,0929,18.8,25.4,13.3,30
288,0930,18.6,25.3,13.1,30
288,1001,18.5,25.2,12.9,30
288,1002,18.3,25.0,12.6,30
288,1003,18.1,24.9,12.4,30
288,1004,17.9,24.7,12.2,30
288,1005,17.7,24.5,12.1,30
288,1006,17.5,24.5,11.8,30
288,1007,17.3,24.4,11.5,30
288,1008,17.1,24.2,11.2,30
288,1009,16.8,24.0,10.8,30
288,1010,16.5,23.8,10.5,30
288,1011,16.3,23.6,10.2,30
288,1012,16.1,23.4,9.9,30
288,1013,15.9,23.3,9.7,30
288,1014,15.7,23.2,9.4,30
288,1015,15.5,23.0,9.3,30
288,1016,15.3,22.8,9.0,30
288,1017,15.1,22.6,8.8,30
288,1018,14.9,22.4,8.6,30
288,1019,14.6,22.1,8.2,30
288,1020,14.3,21.9,7.9,30
288,1021,14.0,21.7,7.6,30
288,1022,13.8,21.5,7.3,30
288,1023,13.5,21.2,7.0,30
288,1024,13.3,21.0,6.8,30
288,1025,13.0,20.7,6.6,30
288,1026,12.7,20.4,6.3,30
288,1027,12.5,20.2,6.0,30
288,1028,12.1,20.0,5.6,30
288,1029,11.9,19.9,5.4,30
288,1030,11.7,19.8,5.1,30
288,1031,11.6,19.7,5.0,30
288,1101,11.4,19.4,4.9,30
288,1102,11.2,19.2,4.7,30
288,1103,11.1,19.0,4.6,30
288,1104,10.9,18.8,4.5,30
288,1105,10.8,18.6,4.4,30
288,1106,10.6,18.4,4.2,30
288,1107,10.5,18.2,4.1,30
288,1108,10.3,18.0,3.9,30
288,1109,10.1,17.8,3.7,30
288,1110,9.9,17.6,3.5,30
288,1111,9.7,17.2,3.4,30
288,1112,9.5,16.9,3.3,30
288,1113,9.2,16.6,3.1,30
288,1114,8.9,16.2,2.7,30
288,1115,8.5,15.8,2.3,30
288,1116,8.2,15.6,1.9,30
288,1117,7.8,15.3,1.7,30
288,1118,7.6,15.1,1.4,30
288,1119,7.3,14.8,1.2,30
288,1120,7.1,14.5,0.9,30
288,1121,6.8,14.3,0.7,30
288,1122,6.6,14.0,0.4,30
288,1123,6.4,13.8,0.3,30
288,1124,6.2,13.7,0.1,30
288,1125,6.0,13.4,-0.1,30
288,1126,5.8,13.2,-0.2,30
288,1127,5.6,13.0,-0.4,30
288,1128,5.3,12.7,-0.7,30
288,1129,5.1,12.4,-0.8,30
288,1130,4.9,12.1,-1.0,30
288,1201,4.7,11.8,-1.2,30
288,1202,4.4,11.6,-1.4,30
288,1203,4.2,11.3,-1.6,30
288,1204,4.0,11.1,-1.8,30
288,1205,3.8,10.8,-2.0,30
288,1206,3.6,10.6,-2.2,30
288,1207,3.3,10.3,-2.5,30
288,1208,3.0,10.0,-2.8,30
288,1209,2.8,9.8,-3.0,30
288,1210,2.6,9.6,-3.2,30
288,1211,2.4,9.4,-3.3,30
288,1212,2.3,9.2,-3.5,30
288,1213,2.2,9.2,-3.6,30
288,1214,2.2,9.2,-3.6,30
288,1215,2.1,9.2,-3.7,30
288,1216,2.0,9.2,-3.8,30
288,1217,2.0,9.1,-3.9,30
288,1218,1.9,9.0,-3.9,30
288,1219,1.8,8.9,-4.1,30
288,1220,1.7,8.9,-4.1,30
288,1221,1.6,8.8,-4.3,30
288,1222,1.5,8.7,-4.3,30
288,1223,1.4,8.6,-4.4,30
288,1224,1.3,8.5,-4.5,30
288,1225,1.3,8.5,-4.6,30
288,1226,1.2,8.5,-4.7,30
288,1227,1.1,8.5,-4.8,30
288,1228,1.0,8.4,-4.9,30
288,1229,0.9,8.3,-5.1,30
288,1230,0.8,8.1,-5.1,30
288,1231,0.7,8.0,-5.2,30
289,0101,0.7,6.8,-4.3,30
289,0102,0.6,6.7,-4.3,30
289,0103,0.6,6.6,-4.4,30
289,0104,0.6,6.5,-4.4,30
289,0105,0.5,6.4,-4.4,30
289,0106,0.5,6.3,-4.3,30
289,0107,0.5,6.3,-4.3,30
289,0108,0.5,6.3,-4.3,30
289,0109,0.5,6.3,-4.3,30
289,0110,0.5,6.2,-4.3,30
289,0111,0.5,6.2,-4.4,30
289,0112,0.4,6.1,-4.4,30
289,0113,0.5,6.1,-4.3,30
289,0114,0.4,6.1,-4.3,30
289,0115,0.4,6.0,-4.3,30
289,0116,0.4,5.9,-4.3,30
289,0117,0.3,5.9,-4.4,30
289,0118,0.2,5.8,-4.4,30
289,0119,0.3,5.8,-4.4,30
289,0120,0.3,5.9,-4.5,30
289,0121,0.2,5.9,-4.6,30
289,0122,0.2,6.0,-4.6,30
289,0123,0.3,6.0,-4.5,30
289,0124,0.3,6.0,-4.4,30
289,0125,0.3,6.0,-4.5,30
289,0126,0.3,6.0,-4.5,30
289,0127,0.3,6.1,-4.5,30
289,0128,0.3,6.1,-4.6,30
289,0129,0.4,6.2,-4.6,30
289,0130,0.4,6.5,-4.6,30
289,0131,0.6,6.7,-4.6,30
289,0201,0.7,6.8,-4.5,30
289,0202,0.8,6.9,-4.4,30
289,0203,0.9,7.0,-4.3,30
289,0204,1.0,7.1,-4.2,30
289,0205,1.1,7.2,-4.1,30
289,0206,1.3,7.5,-4.1,30
289,0207,1.4,7.7,-4.0,30
289,0208,1.5,7.9,-3.9,30
289,0209,1.6,8.0,-3.8,30
289,0210,1.7,8.0,-3.6,30
289,0211,1.9,8.2,-3.5,30
289,0212,2.0,8.3,-3.4,30
289,0213,2.1,8.5,-3.4,30
289,0214,2.2,8.6,-3.3,30
289,0215,2.3,8.7,-3.2,30
289,0216,2.4,8.9,-3.1,30
289,0217,2.6,9.2,-3.1,30
289,0218,2.7,9.4,-2.9,30
289,0219,2.9,9.6,-2.8,30
289,0220,3.1,9.8,-2.7,30
289,0221,3.2,9.9,-2.5,30
289,0222,3.2,9.9,-2.5,30
289,0223,3.4,10.0,-2.3,30
289,0224,3.5,10.2,-2.2,30
289,0225,3.7,10.4,-2.1,30
289,0226,3.9,10.6,-1.9,30
289,0227,4.1,10.8,-1.7,30
289,0228,4.2,10.9,-1.6,30
289,0229,4.4,11.0,-1.4,0
289,0301,4.5,11.1,-1.2,30
289,0302,4.7,11.3,-1.1,30
289,0303,4.8,11.4,-0.9,30
289,0304,4.9,11.5,-0.8,30
289,0305,5.0,11.6,-0.8,30
289,0306,5.2,11.9,-0.7,30
289,0307,5.3,12.0,-0.7,30
289,0308,5.4,12.1,-0.6,30
289,0309,5.5,12.3,-0.5,30
289,0310,5.7,12.5,-0.3,30
289,0311,5.9,12.7,-0.2,30
289,0312,6.2,13.1,0.0,30
289,0313,6.4,13.3,0.2,30
289,0314,6.6,13.5,0.4,30
289,0315,6.8,13.8,0.5,30
289,0316,7.0,13.9,0.7,30
289,0317,7.1,14.0,0.9,30
289,0318,7.2,14.1,1.0,30
289,0319,7.4,14.3,1.2,30
289,0320,7.7,14.5,1.4,30
289,0321,7.9,14.7,1.6,30
289,0322,8.1,14.9,1.8,30
289,0323,8.3,15.2,2.0,30
289,0324,8.5,15.4,2.1,30
289,0325,8.6,15.5,2.3,30
289,0326,8.8,15.7,2.4,30
289,0327,8.9,15.8,2.6,30
289,0328,9.1,16.0,2.7,30
289,0329,9.3,16.3,2.8,30
289,0330,9.5,16.5,3.0,30
289,0331,9.7,16.8,3.2,30
289,0401,10.0,17.2,3.4,30
289,0402,10.3,17.4,3.6,30
289,0403,10.5,17.6,3.8,30
289,0404,10.7,17.7,4.1,30
289,0405,10.8,17.8,4.3,30
289,0406,11.0,18.0,4.4,30
289,0407,11.2,18.2,4.6,30
289,0408,11.4,18.5,4.7,30
289,0409,11.6,18.8,4.8,30
289,0410,11.8,18.9,5.0,30
289,0411,12.0,19.2,5.2,30
289,0412,12.2,19.4,5.4,30
289,0413,12.4,19.5,5.7,30
289,0414,12.6,19.6,6.0,30
289,0415,12.8,19.8,6.2,30
289,0416,12.9,19.9,6.4,30
289,0417,13.1,20.1,6.5,30
289,0418,13.3,20.3,6.6,30
289,0419,13.4,20.5,6.7,30
289,0420,13.6,20.8,6.8,30
289,0421,13.7,21.0,6.9,30
289,0422,13.9,21.1,7.1,30
289,0423,14.1,21.2,7.4,30
289,0424,14.3,21.3,7.7,30
289,0425,14.5,21.5,8.0,30
289,0426,14.7,21.7,8.2,30
289,0427,14.9,21.9,8.4,30
289,0428,15.1,22.2,8.5,30
289,0429,15.3,22.3,8.7,30
289,0430,15.4,22.5,8.8,30
289,0501,15.7,22.8,9.0,30
289,0502,15.8,22.9,9.1,30
289,0503,16.0,23.0,9.4,30
289,0504,16.1,23.2,9.5,30
289,0505,16.3,23.3,9.8,30
289,0506,16.5,23.4,10.0,30
289,0507,16.6,23.6,10.2,30
289,0508,16.7,23.6,10.3,30
289,0509,16.8,23.7,10.5,30
289,0510,16.9,23.8,10.5,30
289,0511,17.0,23.9,10.6,30
289,0512,17.1,23.9,10.7,30
289,0513,17.2,24.0,10.9,30
289,0514,17.3,24.2,10.9,30
289,0515,17.4,24.3,11.0,30
289,0516,17.6,24.4,11.1,30
289,0517,17.7,24.6,11.3,30
289,0518,17.9,24.8,11.5,30
289,0519,18.1,25.0,11.7,30
289,0520,18.3,25.1,11.8,30
289,0521,18.3,25.2,11.9,30
289,0522,18.5,25.4,12.0,30
289,0523,18.6,25.6,12.2,30
289,0524,18.8,25.8,12.2,30
289,0525,18.9,26.0,12.4,30
289,0526,19.1,26.1,12.6,30
289,0527,19.2,26.2,12.8,30
289,0528,19.4,26.4,13.0,30
289,0529,19.6,26.6,13.3,30
289,0530,19.8,26.6,13.5,30
289,0531,19.9,26.8,13.7,30
289,0601,20.0,26.8,13.9,30
289,0602,20.1,26.9,14.2,30
289,0603,20.3,26.9,14.4,30
289,0604,20.4,27.0,14.6,30
289,0605,20.6,27.2,14.9,30
289,0606,20.7,27.2,15.1,30
289,0607,20.8,27.2,15.3,30
289,0608,20.9,27.3,15.5,30
289,0609,21.1,27.4,15.7,30
289,0610,21.2,27.5,15.9,30
289,0611,21.3,27.5,16.0,30
289,0612,21.4,27.6,16.2,30
289,0613,21.5,27.6,16.4,30
289,0614,21.6,27.6,16.6,30
289,0615,21.7,27.6,16.7,30
289,0616,21.8,27.7,16.9,30
289,0617,21.8,27.7,17.0,30
289,0618,21.9,27.7,17.1,30
289,0619,21.9,27.6,17.2,30
289,0620,22.0,27.6,17.4,30
289,0621,22.1,27.6,17.6,30
289,0622,22.2,27.7,17.8,30
289,0623,22.3,27.6,18.0,30
289,0624,22.4,27.5,18.2,30
289,0625,22.4,27.5,18.4,30
289,0626,22.6,27.6,18.6,30
289,0627,22.6,27.5,18.8,30
289,0628,22.7,27.6,19.0,30
289,0629,22.8,27.5,19.1,30
289,0630,22.9,27.6,19.2,30
289,0701,23.0,27.6,19.3,30
289,0702,23.1,27.7,19.5,30
289,0703,23.2,27.9,19.6,30
289,0704,23.4,28.0,19.8,30
289,0705,23.4,28.0,19.9,30
289,0706,23.5,28.0,20.1,30
289,0707,23.6,28.1,20.2,30
289,0708,23.7,28.2,20.3,30
289,0709,23.8,28.4,20.4,30
289,0710,23.9,28.5,20.5,30
289,0711,24.0,28.5,20.5,30
289,0712,24.1,28.7,20.6,30
289,0713,24.2,28.8,20.7,30
289,0714,24.3,29.0,20.8,30
289,0715,24.5,29.2,21.0,30
289,0716,24.7,29.4,21.1,30
289,0717,24.8,29.5,21.2,30
289,0718,24.9,29.7,21.3,30
289,0719,25.1,29.9,21.4,30
289,0720,25.2,30.1,21.5,30
289,0721,25.3,30.2,21.6,30
289,0722,25.5,30.4,21.7,30
289,0723,25.6,30.6,21.8,30
289,0724,25.7,30.8,21.8,30
289,0725,25.9,31.0,22.0,30
289,0726,26.0,31.1,22.1,30
289,0727,26.1,31.2,22.2,30
289,0728,26.1,31.3,22.3,30
289,0729,26.2,31.3,22.3,30
289,0730,26.2,31.4,22.3,30
289,0731,26.2,31.4,22.3,30
289,0801,26.2,31.4,22.4,30
289,0802,26.2,31.4,22.4,30
289,0803,26.2,31.4,22.4,30
289,0804,26.2,31.4,22.5,30
289,0805,26.2,31.4,22.4,30
289,0806,26.1,31.3,22.4,30
289,0807,26.1,31.2,22.4,30
289,0808,26.0,31.1,22.3,30
289,0809,25.9,31.0,22.3,30
289,0810,25.8,30.9,22.2,30
289,0811,25.7,30.8,22.1,30
289,0812,25.6,30.8,22.0,30
289,0813,25.5,30.6,22.0,30
289,0814,25.4,30.5,21.9,30
289,0815,25.3,30.4,21.8,30
289,0816,25.2,30.2,21.7,30
289,0817,25.1,30.1,21.5,30
289,0818,25.0,30.0,21.4,30
289,0819,24.8,29.9,21.2,30
289,0820,24.7,29.7,21.1,30
289,0821,24.6,29.6,20.9,30
289,0822,24.4,29.6,20.7,30
289,0823,24.3,29.4,20.6,30
289,0824,24.1,29.3,20.4,30
289,0825,24.0,29.2,20.2,30
289,0826,23.8,29.0,20.1,30
289,0827,23.7,28.9,19.9,30
289,0828,23.6,28.9,19.7,30
289,0829,23.4,28.7,19.5,30
289,0830,23.2,28.5,19.4,30
289,0831,23.1,28.4,19.2,30
289,0901,22.9,28.4,19.0,30
289,0902,22.7,28.2,18.8,30
289,0903,22.6,28.2,18.6,30
289,0904,22.4,28.1,18.4,30
289,0905,22.3,27.9,18.2,30
289,0906,22.1,27.7,18.0,30
289,0907,22.0,27.7,17.9,30
289,0908,21.8,27.5,17.7,30
289,0909,21.6,27.4,17.5,30
289,0910,21.5,27.3,17.3,30
289,0911,21.3,27.1,17.1,30
289,0912,21.1,27.0,16.8,30
289,0913,20.9,26.9,16.6,30
289,0914,20.7,26.8,16.3,30
289,0915,20.5,26.6,16.0,30
289,0916,20.2,26.4,15.8,30
289,0917,20.0,26.3,15.6,30
289,0918,19.8,26.1,15.3,30
289,0919,19.6,26.1,15.1,30
289,0920,19.4,26.0,14.8,30
289,0921,19.2,25.8,14.5,30
289,0922,19.0,25.6,14.3,30
289,0923,18.8,25.4,14.1,30
289,0924,18.7,25.3,13.9,30
289,0925,18.5,25.1,13.7,30
289,0926,18.3,25.0,13.4,30
289,0927,18.1,24.8,13.2,30
289,0928,17.8,24.6,13.0,30
289,0929,17.6,24.4,12.7,30
289,0930,17.4,24.3,12.5,30
289,1001,17.3,24.2,12.3,30
289,1002,17.0,24.1,12.0,30
289,1003,16.8,23.9,11.7,30
289,1004,16.7,23.7,11.6,30
289,1005,16.5,23.6,11.4,30
289,1006,16.3,23.4,11.1,30
289,1007,16.1,23.4,10.8,30
289,1008,15.8,23.3,10.5,30
289,1009,15.6,23.1,10.1,30
289,1010,15.3,22.9,9.8,30
289,1011,15.0,22.7,9.5,30
289,1012,14.8,22.5,9.2,30
289,1013,14.6,22.4,9.0,30
289,1014,14.5,22.3,8.8,30
289,1015,14.3,22.1,8.6,30
289,1016,14.1,21.9,8.4,30
289,1017,13.9,21.7,8.3,30
289,1018,13.7,21.5,8.1,30
289,1019,13.5,21.3,7.8,30
289,1020,13.2,21.0,7.5,30
289,1021,13.0,20.8,7.3,30
289,1022,12.8,20.5,7.1,30
289,1023,12.6,20.3,6.9,30
289,1024,12.4,20.1,6.6,30
289,1025,12.2,19.8,6.5,30
289,1026,12.0,19.5,6.3,30
289,1027,11.8,19.3,6.0,30
289,1028,11.5,19.1,5.7,30
289,1029,11.3,19.0,5.5,30
289,1030,11.2,18.9,5.3,30
289,1031,11.1,18.7,5.1,30
289,1101,10.9,18.5,5.0,30
289,1102,10.7,18.3,4.8,30
289,1103,10.6,18.1,4.7,30
289,1104,10.5,17.9,4.7,30
289,1105,10.3,17.7,4.6,30
289,1106,10.1,17.4,4.3,30
289,1107,10.0,17.2,4.2,30
289,1108,9.8,17.0,4.1,30
289,1109,9.6,16.8,3.8,30
289,1110,9.4,16.6,3.6,30
289,1111,9.2,16.2,3.5,30
289,1112,8.9,15.9,3.3,30
289,1113,8.7,15.5,3.1,30
289,1114,8.4,15.1,2.8,30
289,1115,8.0,14.8,2.4,30
289,1116,7.7,14.6,2.1,30
289,1117,7.4,14.3,1.8,30
289,1118,7.2,14.1,1.6,30
289,1119,6.9,13.8,1.3,30
289,1120,6.7,13.5,1.1,30
289,1121,6.5,13.3,0.9,30
289,1122,6.3,13.1,0.7,30
289,1123,6.1,12.9,0.5,30
289,1124,5.9,12.7,0.3,30
289,1125,5.7,12.5,0.2,30
289,1126,5.5,12.3,-0.0,30
289,1127,5.3,12.1,-0.1,30
289,1128,5.1,11.8,-0.3,30
289,1129,4.9,11.6,-0.4,30
289,1130,4.7,11.3,-0.5,30
289,1201,4.5,10.9,-0.7,30
289,1202,4.2,10.7,-0.9,30
289,1203,4.0,10.4,-1.1,30
289,1204,3.8,10.2,-1.3,30
289,1205,3.6,9.9,-1.5,30
289,1206,3.4,9.7,-1.6,30
289,1207,3.2,9.4,-1.9,30
289,1208,2.9,9.1,-2.1,30
289,1209,2.8,8.9,-2.3,30
289,1210,2.6,8.6,-2.3,30
289,1211,2.5,8.4,-2.5,30
289,1212,2.3,8.3,-2.8,30
289,1213,2.2,8.2,-2.9,30
289,1214,2.2,8.2,-2.9,30
289,1215,2.1,8.2,-3.0,30
289,1216,2.1,8.2,-3.0,30
289,1217,2.1,8.1,-3.0,30
289,1218,2.0,8.0,-3.1,30
289,1219,1.9,7.9,-3.2,30
289,1220,1.8,7.9,-3.3,30
289,1221,1.6,7.8,-3.4,30
289,1222,1.6,7.7,-3.5,30
289,1223,1.5,7.6,-3.6,30
289,1224,1.4,7.5,-3.7,30
289,1225,1.3,7.5,-3.8,30
289,1226,1.2,7.5,-3.8,30
289,1227,1.2,7.4,-3.8,30
289,1228,1.2,7.3,-3.9,30
289,1229,1.0,7.2,-4.0,30
289,1230,0.9,7.1,-4.1,30
289,1231,0.8,6.9,-4.2,30
294,0101,3.1,8.0,-1.1,30
294,0102,3.0,7.8,-1.2,30
294,0103,2.9,7.7,-1.3,30
294,0104,2.9,7.7,-1.3,30
294,0105,2.8,7.6,-1.4,30
294,0106,2.8,7.5,-1.3,30
294,0107,2.8,7.5,-1.3,30
294,0108,2.8,7.5,-1.3,30
294,0109,2.8,7.4,-1.3,30
294,0110,2.7,7.3,-1.3,30
294,0111,2.7,7.3,-1.3,30
294,0112,2.7,7.3,-1.3,30
294,0113,2.7,7.3,-1.3,30
294,0114,2.7,7.2,-1.3,30
294,0115,2.6,7.1,-1.3,30
294,0116,2.6,7.0,-1.4,30
294,0117,2.5,7.0,-1.4,30
294,0118,2.5,7.0,-1.4,30
294,0119,2.5,7.0,-1.4,30
294,0120,2.5,7.0,-1.5,30
294,0121,2.5,7.1,-1.5,30
294,0122,2.5,7.1,-1.6,30
294,0123,2.5,7.1,-1.6,30
294,0124,2.5,7.1,-1.6,30
294,0125,2.5,7.2,-1.6,30
294,0126,2.4,7.1,-1.7,30
294,0127,2.4,7.2,-1.7,30
294,0128,2.4,7.2,-1.8,30
294,0129,2.4,7.3,-1.8,30
294,0130,2.5,7.4,-1.8,30
294,0131,2.6,7.6,-1.8,30
294,0201,2.7,7.7,-1.7,30
294,0202,2.7,7.8,-1.7,30
294,0203,2.8,7.9,-1.6,30
294,0204,2.9,8.0,-1.6,30
294,0205,3.0,8.0,-1.5,30
294,0206,3.1,8.2,-1.4,30
294,0207,3.3,8.4,-1.2,30
294,0208,3.5,8.5,-1.1,30
294,0209,3.6,8.6,-1.0,30
294,0210,3.7,8.7,-0.8,30
294,0211,3.8,8.8,-0.7,30
294,0212,4.0,9.0,-0.6,30
294,0213,4.1,9.1,-0.5,30
294,0214,4.2,9.2,-0.4,30
294,0215,4.3,9.3,-0.3,30
294,0216,4.5,9.5,-0.1,30
294,0217,4.6,9.7,0.0,30
294,0218,4.8,9.9,0.2,30
294,0219,5.0,10.0,0.3,30
294,0220,5.1,10.2,0.5,30
294,0221,5.3,10.3,0.6,30
294,0222,5.3,10.3,0.7,30
294,0223,5.4,10.4,0.7,30
294,0224,5.5,10.5,0.8,30
294,0225,5.6,10.7,0.9,30
294,0226,5.8,10.9,1.1,30
294,0227,6.0,11.0,1.3,30
294,0228,6.2,11.1,1.4,30
294,0229,6.3,11.2,1.6,0
294,0301,6.4,11.3,1.7,30
294,0302,6.5,11.4,1.8,30
294,0303,6.6,11.6,1.9,30
294,0304,6.7,11.6,2.0,30
294,0305,6.8,11.7,2.0,30
294,0306,6.9,11.9,2.1,30
294,0307,7.0,12.0,2.1,30
294,0308,7.1,12.1,2.2,30
294,0309,7.2,12.3,2.3,30
294,0310,7.4,12.5,2.5,30
294,0311,7.6,12.7,2.7,30
294,0312,7.9,12.9,2.9,30
294,0313,8.0,13.1,3.0,30
294,0314,8.2,13.2,3.2,30
294,0315,8.3,13.4,3.3,30
294,0316,8.5,13.6,3.6,30
294,0317,8.6,13.6,3.7,30
294,0318,8.7,13.8,3.8,30
294,0319,8.9,13.9,4.0,30
294,0320,9.1,14.1,4.2,30
294,0321,9.2,14.3,4.4,30
294,0322,9.4,14.4,4.5,30
294,0323,9.6,14.6,4.7,30
294,0324,9.7,14.8,4.8,30
294,0325,9.8,14.9,5.0,30
294,0326,10.0,15.1,5.1,30
294,0327,10.1,15.2,5.2,30
294,0328,10.2,15.3,5.2,30
294,0329,10.3,15.5,5.3,30
294,0330,10.5,15.7,5.5,30
294,0331,10.7,16.0,5.6,30
294,0401,11.0,16.3,5.8,30
294,0402,11.2,16.5,6.1,30
294,0403,11.4,16.7,6.3,30
294,0404,11.5,16.8,6.5,30
294,0405,11.6,16.9,6.6,30
294,0406,11.8,17.0,6.8,30
294,0407,12.0,17.2,6.9,30
294,0408,12.1,17.4,7.0,30
294,0409,12.3,17.6,7.2,30
294,0410,12.5,17.7,7.4,30
294,0411,12.7,17.9,7.6,30
294,0412,12.9,18.1,7.8,30
294,0413,13.0,18.2,8.0,30
294,0414,13.2,18.4,8.2,30
294,0415,13.4,18.5,8.4,30
294,0416,13.5,18.6,8.6,30
294,0417,13.7,18.8,8.7,30
294,0418,13.8,19.0,8.8,30
294,0419,14.0,19.2,8.9,30
294,0420,14.1,19.4,9.0,30
294,0421,14.2,19.6,9.1,30
294,0422,14.4,19.6,9.3,30
294,0423,14.6,19.7,9.6,30
294,0424,14.7,19.8,9.8,30
294,0425,14.9,20.0,10.0,30
294,0426,15.1,20.1,10.2,30
294,0427,15.2,20.3,10.4,30
294,0428,15.4,20.6,10.6,30
294,0429,15.6,20.7,10.8,30
294,0430,15.7,20.8,10.9,30
294,0501,15.9,21.1,11.0,30
294,0502,16.1,21.2,11.2,30
294,0503,16.2,21.2,11.4,30
294,0504,16.3,21.3,11.6,30
294,0505,16.5,21.4,11.8,30
294,0506,16.6,21.5,12.0,30
294,0507,16.8,21.7,12.1,30
294,0508,16.9,21.8,12.2,30
294,0509,17.0,22.0,12.3,30
294,0510,17.1,22.1,12.4,30
294,0511,17.1,22.2,12.4,30
294,0512,17.2,22.2,12.5,30
294,0513,17.4,22.3,12.6,30
294,0514,17.5,22.6,12.7,30
294,0515,17.6,22.7,12.8,30
294,0516,17.7,22.8,12.9,30
294,0517,17.9,23.0,13.0,30
294,0518,18.1,23.3,13.2,30
294,0519,18.2,23.5,13.3,30
294,0520,18.4,23.7,13.4,30
294,0521,18.5,23.7,13.6,30
294,0522,18.6,24.0,13.7,30
294,0523,18.8,24.1,13.8,30
294,0524,18.9,24.3,13.9,30
294,0525,19.0,24.4,14.0,30
294,0526,19.1,24.5,14.2,30
294,0527,19.2,24.6,14.3,30
294,0528,19.4,24.8,14.5,30
294,0529,19.5,24.9,14.6,30
294,0530,19.6,25.0,14.8,30
294,0531,19.7,25.0,14.9,30
294,0601,19.7,25.1,15.0,30
294,0602,19.8,25.1,15.2,30
294,0603,20.0,25.2,15.4,30
294,0604,20.1,25.2,15.6,30
294,0605,20.2,25.4,15.7,30
294,0606,20.3,25.4,15.9,30
294,0607,20.4,25.4,16.0,30
294,0608,20.5,25.5,16.2,30
294,0609,20.6,25.6,16.4,30
294,0610,20.8,25.7,16.5,30
294,0611,20.8,25.7,16.7,30
294,0612,20.9,25.8,16.8,30
294,0613,21.0,25.8,17.0,30
294,0614,21.2,25.9,17.2,30
294,0615,21.3,25.9,17.4,30
294,0616,21.3,26.0,17.5,30
294,0617,21.4,26.0,17.6,30
294,0618,21.5,26.0,17.7,30
294,0619,21.6,26.0,17.9,30
294,0620,21.7,26.0,18.0,30
294,0621,21.7,26.0,18.2,30
294,0622,21.8,26.1,18.4,30
294,0623,21.9,26.0,18.6,30
294,0624,22.0,26.0,18.8,30
294,0625,22.2,26.0,19.0,30
294,0626,22.3,26.1,19.3,30
294,0627,22.4,26.1,19.4,30
294,0628,22.5,26.1,19.6,30
294,0629,22.5,26.1,19.6,30
294,0630,22.6,26.2,19.8,30
294,0701,22.8,26.2,19.9,30
294,0702,22.9,26.3,20.1,30
294,0703,23.0,26.5,20.3,30
294,0704,23.2,26.6,20.5,30
294,0705,23.3,26.6,20.6,30
294,0706,23.4,26.7,20.8,30
294,0707,23.5,26.8,20.9,30
294,0708,23.7,27.0,21.1,30
294,0709,23.8,27.1,21.2,30
294,0710,23.9,27.2,21.3,30
294,0711,24.0,27.3,21.3,30
294,0712,24.1,27.4,21.4,30
294,0713,24.3,27.6,21.6,30
294,0714,24.4,27.8,21.8,30
294,0715,24.6,28.0,22.0,30
294,0716,24.8,28.2,22.1,30
294,0717,25.0,28.4,22.3,30
294,0718,25.1,28.5,22.4,30
294,0719,25.2,28.7,22.5,30
294,0720,25.4,28.9,22.6,30
294,0721,25.5,29.1,22.7,30
294,0722,25.6,29.3,22.8,30
294,0723,25.8,29.5,22.9,30
294,0724,25.9,29.7,23.0,30
294,0725,26.1,29.9,23.2,30
294,0726,26.2,30.0,23.3,30
294,0727,26.3,30.1,23.5,30
294,0728,26.4,30.2,23.6,30
294,0729,26.5,30.3,23.6,30
294,0730,26.6,30.4,23.6,30
294,0731,26.6,30.4,23.7,30
294,0801,26.7,30.5,23.7,30
294,0802,26.7,30.6,23.7,30
294,0803,26.8,30.6,23.8,30
294,0804,26.8,30.7,23.8,30
294,0805,26.8,30.7,23.8,30
294,0806,26.8,30.6,23.8,30
294,0807,26.8,30.6,23.8,30
294,0808,26.7,30.6,23.7,30
294,0809,26.6,30.5,23.7,30
294,0810,26.6,30.4,23.6,30
294,0811,26.5,30.4,23.5,30
294,0812,26.5,30.4,23.4,30
294,0813,26.4,30.3,23.4,30
294,0814,26.3,30.2,23.3,30
294,0815,26.2,30.1,23.2,30
294,0816,26.1,30.0,23.1,30
294,0817,26.0,29.9,23.0,30
294,0818,25.9,29.8,22.9,30
294,0819,25.8,29.7,22.7,30
294,0820,25.7,29.6,22.6,30
294,0821,25.6,29.6,22.5,30
294,0822,25.5,29.5,22.4,30
294,0823,25.4,29.4,22.2,30
294,0824,25.3,29.3,22.1,30
294,0825,25.2,29.2,22.0,30
294,0826,25.1,29.0,21.8,30
294,0827,24.9,28.9,21.7,30
294,0828,24.8,28.8,21.5,30
294,0829,24.7,28.7,21.3,30
294,0830,24.5,28.5,21.2,30
294,0831,24.4,28.4,21.0,30
294,0901,24.3,28.3,20.9,30
294,0902,24.1,28.2,20.7,30
294,0903,24.0,28.1,20.5,30
294,0904,23.8,28.0,20.3,30
294,0905,23.7,27.9,20.2,30
294,0906,23.5,27.7,20.0,30
294,0907,23.4,27.6,19.8,29
294,0908,23.2,27.5,19.6,30
294,0909,23.1,27.3,19.5,30
294,0910,22.9,27.2,19.3,30
294,0911,22.8,27.1,19.1,30
294,0912,22.6,26.9,19.0,30
294,0913,22.5,26.8,18.8,30
294,0914,22.3,26.7,18.6,30
294,0915,22.2,26.6,18.4,30
294,0916,22.0,26.4,18.2,30
294,0917,21.8,26.3,18.0,30
294,0918,21.7,26.2,17.8,30
294,0919,21.5,26.1,17.6,30
294,0920,21.3,25.9,17.3,30
294,0921,21.2,25.8,17.1,30
294,0922,21.0,25.6,17.0,30
294,0923,20.8,25.5,16.8,30
294,0924,20.7,25.3,16.6,30
294,0925,20.5,25.2,16.5,30
294,0926,20.4,25.1,16.2,30
294,0927,20.2,25.0,16.0,30
294,0928,20.0,24.8,15.8,30
294,0929,19.8,24.7,15.6,30
294,0930,19.7,24.5,15.4,30
294,1001,19.5,24.4,15.3,30
294,1002,19.3,24.3,15.1,30
294,1003,19.2,24.1,14.9,30
294,1004,19.0,24.0,14.7,30
294,1005,18.9,23.9,14.6,30
294,1006,18.7,23.7,14.4,30
294,1007,18.5,23.7,14.1,30
294,1008,18.3,23.5,13.9,30
294,1009,18.1,23.3,13.6,30
294,1010,17.9,23.1,13.4,30
294,1011,17.6,22.9,13.1,30
294,1012,17.5,22.8,12.9,30
294,1013,17.3,22.6,12.8,30
294,1014,17.2,22.5,12.6,30
294,1015,17.0,22.3,12.5,30
294,1016,16.8,22.1,12.3,30
294,1017,16.6,21.9,12.1,30
294,1018,16.4,21.7,11.9,30
294,1019,16.2,21.5,11.7,30
294,1020,15.9,21.3,11.4,30
294,1021,15.7,21.1,11.2,30
294,1022,15.5,20.9,10.9,30
294,1023,15.3,20.6,10.7,30
294,1024,15.1,20.4,10.5,30
294,1025,14.9,20.2,10.3,30
294,1026,14.6,19.9,10.1,30
294,1027,14.4,19.7,9.8,30
294,1028,14.1,19.5,9.5,30
294,1029,14.0,19.4,9.3,30
294,1030,13.8,19.3,9.1,30
294,1031,13.7,19.2,9.0,30
294,1101,13.6,19.0,8.9,30
294,1102,13.4,18.8,8.7,30
294,1103,13.3,18.6,8.6,30
294,1104,13.1,18.4,8.5,30
294,1105,13.0,18.2,8.4,30
294,1106,12.8,18.0,8.2,30
294,1107,12.7,17.8,8.1,30
294,1108,12.5,17.6,7.9,30
294,1109,12.3,17.4,7.7,30
294,1110,12.1,17.2,7.5,30
294,1111,11.9,16.9,7.3,30
294,1112,11.7,16.7,7.2,30
294,1113,11.4,16.3,6.9,30
294,1114,11.0,16.0,6.5,30
294,1115,10.6,15.6,6.1,30
294,1116,10.3,15.4,5.8,30
294,1117,10.1,15.2,5.5,30
294,1118,9.9,15.0,5.3,30
294,1119,9.6,14.7,5.0,30
294,1120,9.4,14.5,4.8,30
294,1121,9.1,14.2,4.6,30
294,1122,8.9,14.0,4.4,30
294,1123,8.7,13.8,4.2,30
294,1124,8.6,13.7,4.0,30
294,1125,8.4,13.5,3.8,30
294,1126,8.2,13.3,3.7,30
294,1127,8.0,13.1,3.5,30
294,1128,7.8,12.8,3.3,30
294,1129,7.6,12.6,3.1,30
294,1130,7.4,12.3,3.0,30
294,1201,7.2,12.0,2.8,30
294,1202,6.9,11.8,2.6,30
294,1203,6.7,11.5,2.3,30
294,1204,6.5,11.3,2.1,30
294,1205,6.3,11.1,1.9,30
294,1206,6.1,10.8,1.7,30
294,1207,5.8,10.6,1.4,30
294,1208,5.6,10.3,1.2,30
294,1209,5.4,10.1,1.0,30
294,1210,5.2,9.8,0.8,30
294,1211,5.0,9.6,0.6,30
294,1212,4.9,9.5,0.5,30
294,1213,4.8,9.4,0.4,30
294,1214,4.7,9.4,0.3,30
294,1215,4.7,9.4,0.2,30
294,1216,4.6,9.4,0.2,30
294,1217,4.6,9.3,0.2,30
294,1218,4.5,9.2,0.1,30
294,1219,4.4,9.1,0.0,30
294,1220,4.3,9.0,-0.1,30
294,1221,4.2,8.9,-0.2,30
294,1222,4.1,8.9,-0.3,30
294,1223,4.0,8.8,-0.4,30
294,1224,3.9,8.7,-0.4,30
294,1225,3.8,8.6,-0.5,30
294,1226,3.8,8.6,-0.6,30
294,1227,3.7,8.6,-0.6,30
294,1228,3.6,8.5,-0.7,30
294,1229,3.4,8.3,-0.8,30
294,1230,3.3,8.2,-0.9,30
294,1231,3.2,8.1,-1.0,30
295,0101,2.7,7.5,-1.7,30
295,0102,2.6,7.4,-1.8,30
295,0103,2.5,7.3,-1.9,30
295,0104,2.5,7.3,-1.9,30
295,0105,2.4,7.2,-1.9,30
295,0106,2.4,7.1,-1.9,30
295,0107,2.4,7.0,-1.8,30
295,0108,2.4,7.0,-1.8,30
295,0109,2.3,7.0,-1.8,30
295,0110,2.3,6.9,-1.9,30
295,0111,2.2,6.9,-1.9,30
295,0112,2.2,6.8,-1.9,30
295,0113,2.3,6.8,-1.9,30
295,0114,2.2,6.7,-1.9,30
295,0115,2.1,6.7,-1.9,30
295,0116,2.1,6.6,-1.9,30
295,0117,2.1,6.6,-2.0,30
295,0118,2.0,6.5,-2.0,30
295,0119,2.0,6.5,-2.1,30
295,0120,2.0,6.6,-2.1,30
295,0121,2.0,6.7,-2.1,30
295,0122,2.0,6.7,-2.2,30
295,0123,2.1,6.7,-2.1,30
295,0124,2.1,6.8,-2.1,30
295,0125,2.0,6.8,-2.2,30
295,0126,2.0,6.8,-2.2,30
295,0127,2.0,6.8,-2.2,30
295,0128,2.0,6.9,-2.3,30
295,0129,2.1,7.0,-2.3,30
295,0130,2.1,7.1,-2.3,30
295,0131,2.2,7.3,-2.3,30
295,0201,2.4,7.4,-2.2,30
295,0202,2.4,7.5,-2.2,30
295,0203,2.5,7.6,-2.1,30
295,0204,2.6,7.7,-2.0,30
295,0205,2.7,7.8,-2.0,30
295,0206,2.9,8.0,-1.9,30
295,0207,3.0,8.2,-1.8,30
295,0208,3.2,8.4,-1.6,30
295,0209,3.3,8.4,-1.5,30
295,0210,3.4,8.5,-1.4,30
295,0211,3.5,8.6,-1.2,30
295,0212,3.6,8.8,-1.1,30
295,0213,3.8,9.0,-1.0,30
295,0214,3.9,9.0,-1.0,30
295,0215,4.0,9.1,-0.9,30
295,0216,4.1,9.3,-0.7,30
295,0217,4.3,9.5,-0.6,30
295,0218,4.5,9.7,-0.4,30
295,0219,4.6,9.9,-0.2,30
295,0220,4.8,10.1,-0.1,30
295,0221,4.9,10.1,0.1,30
295,0222,4.9,10.1,0.2,30
295,0223,5.0,10.3,0.3,30
295,0224,5.1,10.4,0.4,30
295,0225,5.3,10.6,0.5,30
295,0226,5.5,10.8,0.7,30
295,0227,5.6,10.9,0.9,30
295,0228,5.8,11.0,1.1,30
295,0229,5.9,11.2,1.2,0
295,0301,6.1,11.3,1.4,30
295,0302,6.2,11.4,1.5,30
295,0303,6.4,11.5,1.7,30
295,0304,6.4,11.6,1.6,30
295,0305,6.5,11.8,1.7,30
295,0306,6.7,12.0,1.8,30
295,0307,6.8,12.1,1.8,30
295,0308,6.9,12.2,1.9,30
295,0309,7.0,12.4,2.1,30
295,0310,7.2,12.6,2.2,30
295,0311,7.4,12.8,2.4,30
295,0312,7.6,13.1,2.6,30
295,0313,7.8,13.3,2.8,30
295,0314,7.9,13.4,2.9,30
295,0315,8.1,13.7,3.0,30
295,0316,8.3,13.8,3.2,30
295,0317,8.4,13.9,3.3,30
295,0318,8.5,14.0,3.4,30
295,0319,8.7,14.2,3.6,30
295,0320,8.9,14.4,3.8,30
295,0321,9.1,14.6,4.0,30
295,0322,9.2,14.8,4.2,30
295,0323,9.4,15.0,4.3,30
295,0324,9.6,15.2,4.5,30
295,0325,9.7,15.3,4.6,30
295,0326,9.9,15.5,4.7,30
295,0327,10.0,15.6,4.8,30
295,0328,10.1,15.8,4.9,30
295,0329,10.3,16.0,5.0,30
295,0330,10.5,16.2,5.2,30
295,0331,10.7,16.5,5.4,30
295,0401,11.0,16.8,5.6,30
295,0402,11.2,17.1,5.8,30
295,0403,11.4,17.3,6.0,30
295,0404,11.5,17.4,6.2,30
295,0405,11.7,17.5,6.4,30
295,0406,11.9,17.7,6.6,30
295,0407,12.0,17.9,6.7,30
295,0408,12.2,18.1,6.9,30
295,0409,12.4,18.3,7.1,30
295,0410,12.6,18.5,7.3,30
295,0411,12.8,18.6,7.6,30
295,0412,13.0,18.9,7.8,30
295,0413,13.2,18.9,8.0,30
295,0414,13.3,19.1,8.2,30
295,0415,13.5,19.2,8.4,30
295,0416,13.6,19.3,8.6,30
295,0417,13.8,19.5,8.7,30
295,0418,13.9,19.7,8.8,30
295,0419,14.1,19.9,8.9,30
295,0420,14.2,20.1,9.0,30
295,0421,14.4,20.3,9.1,30
295,0422,14.5,20.3,9.4,30
295,0423,14.7,20.5,9.6,30
295,0424,14.9,20.6,9.8,30
295,0425,15.1,20.7,10.0,30
295,0426,15.3,20.9,10.2,30
295,0427,15.4,21.1,10.4,30
295,0428,15.6,21.3,10.6,30
295,0429,15.8,21.4,10.7,30
295,0430,15.9,21.6,10.8,30
295,0501,16.2,21.9,11.0,30
295,0502,16.3,22.0,11.2,30
295,0503,16.5,22.1,11.4,30
295,0504,16.6,22.2,11.5,30
295,0505,16.7,22.3,11.7,30
295,0506,16.9,22.4,11.9,30
295,0507,17.0,22.6,12.0,30
295,0508,17.1,22.7,12.1,30
295,0509,17.2,22.8,12.3,30
295,0510,17.3,22.9,12.4,30
295,0511,17.4,23.0,12.4,30
295,0512,17.5,23.0,12.5,30
295,0513,17.6,23.2,12.7,30
295,0514,17.8,23.4,12.8,30
295,0515,17.9,23.6,12.9,30
295,0516,18.0,23.7,13.0,30
295,0517,18.2,23.8,13.2,30
295,0518,18.4,24.0,13.3,30
295,0519,18.5,24.2,13.5,30
295,0520,18.7,24.4,13.7,30
295,0521,18.8,24.5,13.8,30
295,0522,19.0,24.7,14.0,30
295,0523,19.1,24.9,14.1,30
295,0524,19.2,25.0,14.2,30
295,0525,19.4,25.2,14.3,30
295,0526,19.5,25.3,14.5,30
295,0527,19.6,25.4,14.7,30
295,0528,19.8,25.5,14.8,30
295,0529,19.9,25.6,15.0,30
295,0530,20.0,25.7,15.2,30
295,0531,20.1,25.8,15.3,30
295,0601,20.1,25.8,15.5,30
295,0602,20.2,25.8,15.6,30
295,0603,20.4,25.9,15.8,30
295,0604,20.5,26.0,16.0,30
295,0605,20.6,26.1,16.2,30
295,0606,20.7,26.1,16.3,30
295,0607,20.8,26.2,16.5,30
295,0608,21.0,26.2,16.7,30
295,0609,21.1,26.3,16.8,30
295,0610,21.2,26.4,17.0,30
295,0611,21.3,26.4,17.1,30
295,0612,21.4,26.5,17.3,30
295,0613,21.5,26.5,17.4,30
295,0614,21.6,26.6,17.6,30
295,0615,21.7,26.6,17.8,30
295,0616,21.8,26.7,17.9,30
295,0617,21.8,26.7,18.0,30
295,0618,21.9,26.7,18.1,30
295,0619,22.0,26.7,18.2,30
295,0620,22.1,26.7,18.4,30
295,0621,22.1,26.8,18.5,30
295,0622,22.2,26.8,18.7,30
295,0623,22.3,26.8,18.9,30
295,0624,22.4,26.7,19.1,30
295,0625,22.5,26.8,19.3,30
295,0626,22.7,26.9,19.5,30
295,0627,22.8,26.9,19.6,30
295,0628,22.9,26.9,19.8,30
295,0629,22.9,26.9,19.9,30
295,0630,23.0,27.0,20.0,30
295,0701,23.1,27.1,20.1,30
295,0702,23.3,27.2,20.3,30
295,0703,23.4,27.3,20.4,30
295,0704,23.6,27.4,20.6,30
295,0705,23.7,27.5,20.7,30
295,0706,23.8,27.6,20.9,30
295,0707,23.9,27.7,21.0,30
295,0708,24.0,27.9,21.2,30
295,0709,24.2,28.0,21.3,30
295,0710,24.3,28.1,21.4,30
295,0711,24.3,28.2,21.4,30
295,0712,24.5,28.4,21.5,30
295,0713,24.6,28.5,21.6,30
295,0714,24.8,28.7,21.8,30
295,0715,25.0,28.9,22.0,30
295,0716,25.1,29.1,22.1,30
295,0717,25.3,29.3,22.2,30
295,0718,25.4,29.5,22.4,30
295,0719,25.6,29.6,22.4,30
295,0720,25.7,29.8,22.5,30
295,0721,25.8,30.0,22.6,30
295,0722,26.0,30.2,22.7,30
295,0723,26.1,30.4,22.8,30
295,0724,26.2,30.6,22.9,30
295,0725,26.4,30.7,23.1,30
295,0726,26.5,30.9,23.2,30
295,0727,26.6,30.9,23.3,30
295,0728,26.7,31.0,23.4,30
295,0729,26.7,31.1,23.4,30
295,0730,26.8,31.2,23.4,30
295,0731,26.8,31.2,23.5,30
295,0801,26.9,31.2,23.5,30
295,0802,26.9,31.2,23.6,30
295,0803,26.9,31.3,23.7,30
295,0804,26.9,31.3,23.7,30
295,0805,26.9,31.3,23.7,30
295,0806,26.9,31.3,23.7,30
295,0807,26.9,31.2,23.7,30
295,0808,26.8,31.1,23.7,30
295,0809,26.7,31.0,23.6,30
295,0810,26.7,31.0,23.5,30
295,0811,26.6,31.0,23.5,30
295,0812,26.6,30.9,23.4,30
295,0813,26.5,30.8,23.4,30
295,0814,26.4,30.7,23.3,30
295,0815,26.3,30.7,23.3,30
295,0816,26.2,30.5,23.1,30
295,0817,26.1,30.4,23.0,30
295,0818,26.0,30.3,22.9,30
295,0819,25.8,30.2,22.8,30
295,0820,25.7,30.1,22.6,30
295,0821,25.6,30.0,22.5,30
295,0822,25.5,29.9,22.4,30
295,0823,25.4,29.8,22.3,30
295,0824,25.3,29.7,22.1,30
295,0825,25.2,29.5,22.0,30
295,0826,25.0,29.4,21.8,30
295,0827,24.9,29.2,21.7,30
295,0828,24.8,29.2,21.5,30
295,0829,24.6,29.0,21.4,30
295,0830,24.4,28.8,21.2,30
295,0831,24.3,28.7,21.1,30
295,0901,24.2,28.6,20.9,30
295,0902,24.0,28.5,20.7,30
295,0903,23.9,28.4,20.6,30
295,0904,23.8,28.3,20.4,30
295,0905,23.6,28.1,20.3,30
295,0906,23.5,27.9,20.1,30
295,0907,23.3,27.8,20.0,30
295,0908,23.2,27.7,19.8,30
295,0909,23.0,27.5,19.7,30
295,0910,22.9,27.4,19.5,30
295,0911,22.7,27.3,19.3,30
295,0912,22.6,27.2,19.2,30
295,0913,22.4,27.1,19.0,30
295,0914,22.3,27.0,18.8,30
295,0915,22.1,26.8,18.6,30
295,0916,21.9,26.5,18.4,30
295,0917,21.7,26.4,18.2,30
295,0918,21.5,26.3,18.0,30
295,0919,21.4,26.2,17.8,30
295,0920,21.2,26.1,17.6,30
295,0921,21.1,25.9,17.4,30
295,0922,20.9,25.7,17.2,30
295,0923,20.7,25.6,17.0,30
295,0924,20.6,25.5,16.9,30
295,0925,20.4,25.3,16.7,30
295,0926,20.2,25.2,16.4,30
295,0927,20.1,25.0,16.3,30
295,0928,19.9,24.9,16.1,30
295,0929,19.7,24.7,15.9,30
295,0930,19.5,24.6,15.7,30
295,1001,19.4,24.5,15.5,30
295,1002,19.2,24.3,15.3,30
295,1003,19.1,24.2,15.1,30
295,1004,18.9,24.0,15.0,30
295,1005,18.8,23.9,14.8,30
295,1006,18.6,23.8,14.6,30
295,1007,18.4,23.7,14.3,30
295,1008,18.2,23.6,14.1,30
295,1009,18.0,23.3,13.8,30
295,1010,17.8,23.1,13.6,30
295,1011,17.5,22.9,13.3,30
295,1012,17.4,22.7,13.1,30
295,1013,17.2,22.6,13.0,30
295,1014,17.1,22.4,12.8,30
295,1015,16.9,22.3,12.6,30
295,1016,16.7,22.1,12.4,30
295,1017,16.5,21.9,12.2,30
295,1018,16.3,21.7,12.0,30
295,1019,16.1,21.4,11.7,30
295,1020,15.9,21.2,11.5,30
295,1021,15.6,21.0,11.2,30
295,1022,15.4,20.8,11.0,30
295,1023,15.2,20.6,10.8,30
295,1024,15.0,20.3,10.6,30
295,1025,14.8,20.1,10.4,30
295,1026,14.5,19.8,10.1,30
295,1027,14.3,19.6,9.8,30
295,1028,14.0,19.4,9.5,30
295,1029,13.8,19.2,9.3,30
295,1030,13.7,19.1,9.2,30
295,1031,13.5,19.0,9.0,30
295,1101,13.4,18.8,8.8,30
295,1102,13.2,18.5,8.7,30
295,1103,13.1,18.3,8.6,30
295,1104,12.9,18.1,8.4,30
295,1105,12.7,18.0,8.3,30
295,1106,12.6,17.7,8.1,30
295,1107,12.4,17.5,7.9,30
295,1108,12.2,17.4,7.7,30
295,1109,12.0,17.1,7.5,30
295,1110,11.8,17.0,7.4,30
295,1111,11.6,16.6,7.2,30
295,1112,11.4,16.3,7.0,30
295,1113,11.1,16.0,6.7,30
295,1114,10.7,15.6,6.3,30
295,1115,10.4,15.3,5.9,30
295,1116,10.1,15.0,5.6,30
295,1117,9.8,14.8,5.3,30
295,1118,9.6,14.6,5.1,30
295,1119,9.3,14.3,4.8,30
295,1120,9.1,14.1,4.6,30
295,1121,8.9,13.8,4.4,30
295,1122,8.7,13.6,4.2,30
295,1123,8.5,13.4,4.0,30
295,1124,8.3,13.3,3.8,30
295,1125,8.1,13.1,3.6,30
295,1126,7.9,12.9,3.4,30
295,1127,7.7,12.7,3.2,30
295,1128,7.5,12.5,3.0,30
295,1129,7.3,12.2,2.9,30
295,1130,7.1,11.9,2.7,30
295,1201,6.8,11.6,2.4,30
295,1202,6.6,11.4,2.2,30
295,1203,6.4,11.1,2.0,30
295,1204,6.1,10.9,1.8,30
295,1205,5.9,10.6,1.5,30
295,1206,5.7,10.4,1.3,30
295,1207,5.4,10.2,1.0,30
295,1208,5.2,9.9,0.8,30
295,1209,5.0,9.6,0.6,30
295,1210,4.8,9.4,0.4,30
295,1211,4.6,9.2,0.2,30
295,1212,4.4,9.1,0.0,30
295,1213,4.3,9.0,-0.1,30
295,1214,4.3,9.0,-0.1,30
295,1215,4.3,9.0,-0.2,30
295,1216,4.2,9.0,-0.2,30
295,1217,4.2,8.9,-0.3,30
295,1218,4.1,8.8,-0.3,30
295,1219,4.0,8.7,-0.4,30
295,1220,3.9,8.6,-0.5,30
295,1221,3.8,8.5,-0.7,30
295,1222,3.7,8.5,-0.7,30
295,1223,3.6,8.4,-0.9,30
295,1224,3.5,8.3,-1.0,30
295,1225,3.4,8.2,-1.1,30
295,1226,3.4,8.2,-1.1,30
295,1227,3.3,8.2,-1.1,30
295,1228,3.2,8.1,-1.2,30
295,1229,3.1,7.9,-1.4,30
295,1230,3.0,7.8,-1.4,30
295,1231,2.8,7.7,-1.5,30
