issue_utc,lead_min,method,mae
2026-09-01 00:00:00,30,M0,10.186555862426758
2026-09-01 00:00:00,30,M4,7.760839462280273
2026-09-01 00:00:00,60,M0,12.729252815246582
2026-09-01 00:00:00,60,M4,9.868658065795898
2026-09-01 00:00:00,90,M0,14.79715347290039
2026-09-01 00:00:00,90,M4,11.780908584594728
2026-09-01 00:00:00,120,M0,16.784244537353516
2026-09-01 00:00:00,120,M4,13.532597541809082
2026-09-01 00:00:00,150,M0,18.23342514038086
2026-09-01 00:00:00,150,M4,14.966307640075684
2026-09-01 00:00:00,180,M0,19.588178634643555
2026-09-01 00:00:00,180,M4,16.216629028320312
2026-09-01 00:00:00,210,M0,21.17275047302246
2026-09-01 00:00:00,210,M4,17.34185791015625
2026-09-01 00:00:00,240,M0,22.39688301086425
2026-09-01 00:00:00,240,M4,18.371782302856445
2026-09-01 00:00:00,270,M0,23.38600730895996
2026-09-01 00:00:00,270,M4,19.243711471557617
2026-09-01 00:00:00,300,M0,23.889795303344727
2026-09-01 00:00:00,300,M4,20.06882667541504
2026-09-01 00:00:00,330,M0,24.084617614746094
2026-09-01 00:00:00,330,M4,20.48218536376953
2026-09-01 02:00:00,30,M0,11.13694190979004
2026-09-01 02:00:00,30,M4,8.634941101074219
2026-09-01 02:00:00,60,M0,14.134328842163086
2026-09-01 02:00:00,60,M4,10.91619110107422
2026-09-01 02:00:00,90,M0,16.488357543945312
2026-09-01 02:00:00,90,M4,12.424633026123049
2026-09-01 02:00:00,120,M0,18.242733001708984
2026-09-01 02:00:00,120,M4,13.529282569885254
2026-09-01 02:00:00,150,M0,19.55658721923828
2026-09-01 02:00:00,150,M4,14.620590209960938
2026-09-01 02:00:00,180,M0,21.06170463562012
2026-09-01 02:00:00,180,M4,16.06822395324707
2026-09-01 02:00:00,210,M0,21.040864944458008
2026-09-01 02:00:00,210,M4,16.742921829223633
2026-09-01 02:00:00,270,M0,20.99544715881348
2026-09-01 02:00:00,270,M4,18.012882232666016
2026-09-01 02:00:00,300,M0,20.915069580078125
2026-09-01 02:00:00,300,M4,18.286657333374023
2026-09-01 02:00:00,330,M0,20.7876205444336
2026-09-01 02:00:00,330,M4,18.44329261779785
2026-09-01 02:00:00,360,M0,20.79475975036621
2026-09-01 02:00:00,360,M4,18.405193328857425
2026-09-01 03:50:00,30,M0,11.273249626159668
2026-09-01 03:50:00,30,M4,8.78982925415039
2026-09-01 03:50:00,60,M0,13.858172416687012
2026-09-01 03:50:00,60,M4,10.665434837341309
2026-09-01 03:50:00,90,M0,15.167861938476562
2026-09-01 03:50:00,90,M4,11.938882827758787
2026-09-01 03:50:00,120,M0,16.190738677978516
2026-09-01 03:50:00,120,M4,13.148550987243652
2026-09-01 03:50:00,150,M0,16.969314575195312
2026-09-01 03:50:00,150,M4,14.31208038330078
2026-09-01 03:50:00,180,M0,17.86638069152832
2026-09-01 03:50:00,180,M4,15.300789833068848
2026-09-01 03:50:00,210,M0,18.52861785888672
2026-09-01 03:50:00,210,M4,16.168106079101562
2026-09-01 03:50:00,240,M0,19.34507369995117
2026-09-01 03:50:00,240,M4,17.182870864868164
2026-09-01 03:50:00,270,M0,20.531417846679688
2026-09-01 03:50:00,270,M4,18.08856201171875
2026-09-01 03:50:00,300,M0,21.653886795043945
2026-09-01 03:50:00,300,M4,18.65222930908203
2026-09-01 03:50:00,330,M0,22.860246658325195
2026-09-01 03:50:00,330,M4,18.872520446777344
2026-09-01 03:50:00,360,M0,22.937713623046875
2026-09-01 03:50:00,360,M4,19.16353988647461
2026-09-01 04:00:00,30,M0,11.21143913269043
2026-09-01 04:00:00,30,M4,8.780113220214844
2026-09-01 04:00:00,60,M0,13.80334186553955
2026-09-01 04:00:00,60,M4,10.735434532165527
2026-09-01 04:00:00,90,M0,15.06126308441162
2026-09-01 04:00:00,90,M4,12.019946098327637
2026-09-01 04:00:00,150,M0,16.974773406982422
2026-09-01 04:00:00,150,M4,14.36616325378418
2026-09-01 04:00:00,180,M0,17.888206481933594
2026-09-01 04:00:00,180,M4,15.263365745544434
2026-09-01 04:00:00,210,M0,18.74021339416504
2026-09-01 04:00:00,210,M4,16.11690902709961
2026-09-01 04:00:00,240,M0,19.76258850097656
2026-09-01 04:00:00,240,M4,17.1093807220459
2026-09-01 04:00:00,270,M0,20.96078491210937
2026-09-01 04:00:00,270,M4,17.97943878173828
2026-09-01 04:00:00,300,M0,22.434232711791992
2026-09-01 04:00:00,300,M4,18.58374214172364
2026-09-01 04:00:00,330,M0,23.028806686401367
2026-09-01 04:00:00,330,M4,18.374834060668945
2026-09-01 04:00:00,360,M0,24.31818962097168
2026-09-01 04:00:00,360,M4,19.538509368896484
2026-09-01 05:00:00,30,M0,11.21592140197754
2026-09-01 05:00:00,30,M4,8.900251388549805
2026-09-01 05:00:00,90,M0,15.280019760131836
2026-09-01 05:00:00,90,M4,12.597466468811035
2026-09-01 05:00:00,120,M0,16.596200942993164
2026-09-01 05:00:00,120,M4,14.000814437866213
2026-09-01 05:00:00,150,M0,17.91121482849121
2026-09-01 05:00:00,150,M4,15.394298553466797
2026-09-01 05:00:00,180,M0,19.554161071777344
2026-09-01 05:00:00,180,M4,16.77762794494629
2026-09-01 05:00:00,210,M0,21.163402557373047
2026-09-01 05:00:00,210,M4,18.0693416595459
2026-09-01 05:00:00,240,M0,23.11306571960449
2026-09-01 05:00:00,240,M4,19.054607391357425
2026-09-01 05:00:00,270,M0,23.75035095214844
2026-09-01 05:00:00,270,M4,18.800678253173828
2026-09-01 05:00:00,300,M0,25.08485984802246
2026-09-01 05:00:00,300,M4,19.54677963256836
2026-09-01 05:00:00,330,M0,26.17576789855957
2026-09-01 05:00:00,330,M4,19.55072784423828
2026-09-01 05:00:00,360,M0,26.930152893066406
2026-09-01 05:00:00,360,M4,20.188152313232425
2026-09-01 06:50:00,30,M0,11.379456520080566
2026-09-01 06:50:00,30,M4,8.646562576293945
2026-09-01 06:50:00,60,M0,14.097753524780272
2026-09-01 06:50:00,60,M4,10.71452808380127
2026-09-01 06:50:00,90,M0,16.46211051940918
2026-09-01 06:50:00,90,M4,12.514569282531738
2026-09-01 06:50:00,120,M0,18.308767318725582
2026-09-01 06:50:00,120,M4,13.958171844482422
2026-09-01 06:50:00,150,M0,20.118221282958984
2026-09-01 06:50:00,150,M4,14.92092227935791
2026-09-01 06:50:00,180,M0,20.37641716003418
2026-09-01 06:50:00,180,M4,15.347249031066896
2026-09-01 06:50:00,210,M0,22.668975830078125
2026-09-01 06:50:00,210,M4,16.365230560302734
2026-09-01 06:50:00,240,M0,24.136127471923828
2026-09-01 06:50:00,240,M4,17.992050170898438
2026-09-01 06:50:00,270,M0,24.23258781433105
2026-09-01 06:50:00,270,M4,16.83666229248047
2026-09-01 06:50:00,300,M0,24.579561233520508
2026-09-01 06:50:00,300,M4,17.307437896728516
2026-09-01 06:50:00,330,M0,25.05212783813477
2026-09-01 06:50:00,330,M4,17.113924026489258
2026-09-01 06:50:00,360,M0,25.312950134277344
2026-09-01 06:50:00,360,M4,17.736940383911133
2026-09-01 07:00:00,30,M0,11.362492561340332
2026-09-01 07:00:00,30,M4,8.599135398864746
2026-09-01 07:00:00,60,M0,14.23136043548584
2026-09-01 07:00:00,60,M4,10.808425903320312
2026-09-01 07:00:00,90,M0,16.539737701416016
2026-09-01 07:00:00,90,M4,12.529836654663086
2026-09-01 07:00:00,120,M0,18.603662490844727
2026-09-01 07:00:00,120,M4,14.134153366088867
2026-09-01 07:00:00,150,M0,19.768495559692383
2026-09-01 07:00:00,150,M4,14.70797061920166
2026-09-01 07:00:00,180,M0,21.18668937683105
2026-09-01 07:00:00,180,M4,16.01215171813965
2026-09-01 07:00:00,210,M0,22.81134414672852
2026-09-01 07:00:00,210,M4,16.700557708740234
2026-09-01 07:00:00,240,M0,23.503028869628903
2026-09-01 07:00:00,240,M4,16.806867599487305
2026-09-01 07:00:00,270,M0,24.141651153564453
2026-09-01 07:00:00,270,M4,17.26129913330078
2026-09-01 07:00:00,300,M0,24.519012451171875
2026-09-01 07:00:00,300,M4,17.02288246154785
2026-09-01 07:00:00,330,M0,24.76519012451172
2026-09-01 07:00:00,330,M4,17.449369430541992
2026-09-01 07:00:00,360,M0,25.19373893737793
2026-09-01 07:00:00,360,M4,17.495697021484375
2026-09-01 08:10:00,30,M0,11.701007843017578
2026-09-01 08:10:00,30,M4,8.646478652954102
2026-09-01 08:10:00,60,M0,14.613285064697266
2026-09-01 08:10:00,60,M4,10.76584243774414
2026-09-01 08:10:00,90,M0,16.17973518371582
2026-09-01 08:10:00,90,M4,11.922947883605955
2026-09-01 08:10:00,120,M0,18.371850967407227
2026-09-01 08:10:00,120,M4,13.487466812133787
2026-09-01 08:10:00,150,M0,20.499162673950195
2026-09-01 08:10:00,150,M4,15.18562126159668
2026-09-01 08:10:00,180,M0,20.709840774536133
2026-09-01 08:10:00,180,M4,14.85638427734375
2026-09-01 08:10:00,210,M0,21.49322509765625
2026-09-01 08:10:00,210,M4,15.70062255859375
2026-09-01 08:10:00,240,M0,21.632923126220703
2026-09-01 08:10:00,240,M4,15.56663417816162
2026-09-01 08:10:00,270,M0,21.98073005676269
2026-09-01 08:10:00,270,M4,16.21756362915039
2026-09-01 08:10:00,300,M0,22.13988876342773
2026-09-01 08:10:00,300,M4,16.28934097290039
2026-09-01 08:10:00,330,M0,22.453649520874023
2026-09-01 08:10:00,330,M4,16.976802825927734
2026-09-01 08:10:00,360,M0,22.68285369873047
2026-09-01 08:10:00,360,M4,16.974782943725586
2026-09-01 09:00:00,30,M0,11.158757209777832
2026-09-01 09:00:00,30,M4,9.100503921508787
2026-09-01 09:00:00,60,M0,13.617833137512209
2026-09-01 09:00:00,60,M4,11.326934814453123
2026-09-01 09:00:00,90,M0,16.57488441467285
2026-09-01 09:00:00,90,M4,12.597394943237305
2026-09-01 09:00:00,120,M0,17.211441040039062
2026-09-01 09:00:00,120,M4,13.03981876373291
2026-09-01 09:00:00,150,M0,18.278053283691406
2026-09-01 09:00:00,150,M4,14.226811408996582
2026-09-01 09:00:00,180,M0,18.713415145874023
2026-09-01 09:00:00,180,M4,14.36717128753662
2026-09-01 09:00:00,210,M0,19.27928352355957
2026-09-01 09:00:00,210,M4,15.16405963897705
2026-09-01 09:00:00,240,M0,19.47666358947754
2026-09-01 09:00:00,240,M4,15.327086448669434
2026-09-01 09:00:00,270,M0,19.69075965881348
2026-09-01 09:00:00,270,M4,16.130849838256836
2026-09-01 09:00:00,300,M0,19.833250045776367
2026-09-01 09:00:00,300,M4,16.102317810058594
2026-09-01 09:00:00,330,M0,20.42577743530273
2026-09-01 09:00:00,330,M4,16.566740036010742
2026-09-01 09:00:00,360,M0,21.19390106201172
2026-09-01 09:00:00,360,M4,16.95525360107422
2026-09-01 10:00:00,30,M0,12.461069107055664
2026-09-01 10:00:00,30,M4,9.487174987792969
2026-09-01 10:00:00,60,M0,14.429972648620604
2026-09-01 10:00:00,60,M4,10.53163719177246
2026-09-01 10:00:00,90,M0,16.10898780822754
2026-09-01 10:00:00,90,M4,11.942427635192873
2026-09-01 10:00:00,120,M0,16.97732162475586
2026-09-01 10:00:00,120,M4,12.351922035217283
2026-09-01 10:00:00,150,M0,17.748647689819336
2026-09-01 10:00:00,150,M4,13.288455963134766
2026-09-01 10:00:00,180,M0,18.112653732299805
2026-09-01 10:00:00,180,M4,13.523431777954102
2026-09-01 10:00:00,210,M0,18.40506935119629
2026-09-01 10:00:00,210,M4,14.332950592041016
2026-09-01 10:00:00,240,M0,18.550996780395508
2026-09-01 10:00:00,240,M4,14.532512664794922
2026-09-01 10:00:00,270,M0,19.084135055541992
2026-09-01 10:00:00,270,M4,15.105484008789062
2026-09-01 10:00:00,300,M0,20.007173538208008
2026-09-01 10:00:00,300,M4,15.553059577941896
2026-09-01 10:00:00,330,M0,34.59559631347656
2026-09-01 10:00:00,330,M4,28.48526954650879
2026-09-01 10:00:00,360,M0,20.762828826904297
2026-09-01 10:00:00,360,M4,16.849966049194336
2026-09-01 11:00:00,30,M0,10.561928749084473
2026-09-01 11:00:00,30,M4,8.349615097045898
2026-09-01 11:00:00,60,M0,12.437742233276367
2026-09-01 11:00:00,60,M4,10.011871337890623
2026-09-01 11:00:00,90,M0,14.06644058227539
2026-09-01 11:00:00,90,M4,11.42588996887207
2026-09-01 11:00:00,120,M0,14.807252883911133
2026-09-01 11:00:00,120,M4,12.06613063812256
2026-09-01 11:00:00,150,M0,15.54249382019043
2026-09-01 11:00:00,150,M4,12.945043563842772
2026-09-01 11:00:00,180,M0,16.039813995361328
2026-09-01 11:00:00,180,M4,13.441081047058104
2026-09-01 11:00:00,210,M0,16.649330139160156
2026-09-01 11:00:00,210,M4,14.130849838256836
2026-09-01 11:00:00,240,M0,17.470149993896484
2026-09-01 11:00:00,240,M4,14.869409561157228
2026-09-01 11:00:00,270,M0,31.93161964416504
2026-09-01 11:00:00,270,M4,27.9940128326416
2026-09-01 11:00:00,300,M0,18.14053726196289
2026-09-01 11:00:00,300,M4,16.24146842956543
2026-09-01 11:00:00,330,M0,18.65379905700684
2026-09-01 11:00:00,330,M4,17.002336502075195
2026-09-01 11:00:00,360,M0,19.043794631958008
2026-09-01 11:00:00,360,M4,17.607053756713867
2026-09-01 12:30:00,30,M0,11.062217712402344
2026-09-01 12:30:00,30,M4,8.39972972869873
2026-09-01 12:30:00,60,M0,13.159897804260254
2026-09-01 12:30:00,60,M4,10.133831024169922
2026-09-01 12:30:00,90,M0,14.585594177246094
2026-09-01 12:30:00,90,M4,11.152698516845703
2026-09-01 12:30:00,120,M0,15.447799682617188
2026-09-01 12:30:00,120,M4,12.026684761047363
2026-09-01 12:30:00,150,M0,16.520179748535156
2026-09-01 12:30:00,150,M4,12.728673934936523
2026-09-01 12:30:00,180,M0,30.487417221069336
2026-09-01 12:30:00,180,M4,27.17556571960449
2026-09-01 12:30:00,210,M0,17.41253089904785
2026-09-01 12:30:00,210,M4,13.968005180358888
2026-09-01 12:30:00,240,M0,17.85691261291504
2026-09-01 12:30:00,240,M4,14.934730529785156
2026-09-01 12:30:00,270,M0,18.353349685668945
2026-09-01 12:30:00,270,M4,15.512825012207031
2026-09-01 12:30:00,300,M0,18.86520195007324
2026-09-01 12:30:00,300,M4,16.002986907958984
2026-09-01 12:30:00,330,M0,19.24019241333008
2026-09-01 12:30:00,330,M4,16.303770065307617
2026-09-01 12:30:00,360,M0,19.56806182861328
2026-09-01 12:30:00,360,M4,17.087053298950195
2026-09-01 13:00:00,30,M0,10.845956802368164
2026-09-01 13:00:00,30,M4,8.329833030700684
2026-09-01 13:00:00,60,M0,12.76257610321045
2026-09-01 13:00:00,60,M4,10.164576530456545
2026-09-01 13:00:00,90,M0,13.924829483032228
2026-09-01 13:00:00,90,M4,11.34090518951416
2026-09-01 13:00:00,120,M0,15.115668296813965
2026-09-01 13:00:00,120,M4,12.072651863098145
2026-09-01 13:00:00,150,M0,29.32747840881348
2026-09-01 13:00:00,150,M4,26.65586853027344
2026-09-01 13:00:00,180,M0,16.410484313964844
2026-09-01 13:00:00,180,M4,13.528508186340332
2026-09-01 13:00:00,210,M0,16.962650299072266
2026-09-01 13:00:00,210,M4,14.433913230895996
2026-09-01 13:00:00,240,M0,17.574562072753906
2026-09-01 13:00:00,240,M4,15.14716339111328
2026-09-01 13:00:00,270,M0,18.02900695800781
2026-09-01 13:00:00,270,M4,15.593567848205566
2026-09-01 13:00:00,300,M0,18.48639297485352
2026-09-01 13:00:00,300,M4,15.880725860595703
2026-09-01 13:00:00,330,M0,18.889545440673828
2026-09-01 13:00:00,330,M4,16.578754425048828
2026-09-01 13:00:00,360,M0,19.30110740661621
2026-09-01 13:00:00,360,M4,17.18425941467285
2026-09-01 14:00:00,30,M0,10.619085311889648
2026-09-01 14:00:00,30,M4,8.195798873901367
2026-09-01 14:00:00,60,M0,13.24889850616455
2026-09-01 14:00:00,60,M4,10.182907104492188
2026-09-01 14:00:00,90,M0,28.6142807006836
2026-09-01 14:00:00,90,M4,26.005342483520508
2026-09-01 14:00:00,120,M0,15.291065216064451
2026-09-01 14:00:00,120,M4,12.237011909484863
2026-09-01 14:00:00,150,M0,16.062088012695312
2026-09-01 14:00:00,150,M4,13.275717735290527
2026-09-01 14:00:00,180,M0,16.929885864257812
2026-09-01 14:00:00,180,M4,14.087952613830566
2026-09-01 14:00:00,210,M0,17.37689208984375
2026-09-01 14:00:00,210,M4,14.698162078857422
2026-09-01 14:00:00,240,M0,17.6734561920166
2026-09-01 14:00:00,240,M4,15.184271812438965
2026-09-01 14:00:00,270,M0,18.135128021240234
2026-09-01 14:00:00,270,M4,15.985397338867188
2026-09-01 14:00:00,300,M0,18.68784713745117
2026-09-01 14:00:00,300,M4,16.652469635009766
2026-09-01 14:00:00,330,M0,19.191940307617188
2026-09-01 14:00:00,330,M4,17.08761215209961
2026-09-01 14:00:00,360,M0,19.651641845703125
2026-09-01 14:00:00,360,M4,17.63633918762207
2026-09-01 15:40:00,30,M0,12.066444396972656
2026-09-01 15:40:00,30,M4,11.080703735351562
2026-09-01 15:40:00,60,M0,14.651644706726074
2026-09-01 15:40:00,60,M4,14.928791046142578
2026-09-01 15:40:00,90,M0,16.2695255279541
2026-09-01 15:40:00,90,M4,17.290571212768555
2026-09-01 15:40:00,120,M0,17.152584075927734
2026-09-01 15:40:00,120,M4,18.4639835357666
2026-09-01 15:40:00,150,M0,17.53003692626953
2026-09-01 15:40:00,150,M4,19.277631759643555
2026-09-01 15:40:00,180,M0,18.10035514831543
2026-09-01 15:40:00,180,M4,20.24123954772949
2026-09-01 15:40:00,210,M0,18.48084259033203
2026-09-01 15:40:00,210,M4,20.96073532104492
2026-09-01 15:40:00,240,M0,18.90707969665528
2026-09-01 15:40:00,240,M4,21.63022804260254
2026-09-01 15:40:00,270,M0,19.599868774414062
2026-09-01 15:40:00,270,M4,22.402862548828125
2026-09-01 15:40:00,300,M0,20.3225154876709
2026-09-01 15:40:00,300,M4,23.312345504760746
2026-09-01 15:40:00,330,M0,21.126745223999023
2026-09-01 15:40:00,330,M4,23.70475006103516
2026-09-01 15:40:00,360,M0,21.695327758789062
2026-09-01 15:40:00,360,M4,24.12641716003418
2026-09-01 18:30:00,30,M0,10.65086269378662
2026-09-01 18:30:00,30,M4,8.070322036743164
2026-09-01 18:30:00,60,M0,13.237627983093262
2026-09-01 18:30:00,60,M4,10.06968879699707
2026-09-01 18:30:00,90,M0,14.641073226928713
2026-09-01 18:30:00,90,M4,11.331687927246094
2026-09-01 18:30:00,120,M0,15.631132125854492
2026-09-01 18:30:00,120,M4,12.554078102111816
2026-09-01 18:30:00,150,M0,16.590700149536133
2026-09-01 18:30:00,150,M4,13.380565643310549
2026-09-01 18:30:00,180,M0,17.501644134521484
2026-09-01 18:30:00,180,M4,14.128358840942385
2026-09-01 18:30:00,210,M0,18.11714744567871
2026-09-01 18:30:00,210,M4,14.546866416931152
2026-09-01 18:30:00,240,M0,18.46102905273437
2026-09-01 18:30:00,240,M4,14.96043872833252
2026-09-01 18:30:00,270,M0,18.816308975219727
2026-09-01 18:30:00,270,M4,15.467755317687988
2026-09-01 18:30:00,300,M0,19.07177352905273
2026-09-01 18:30:00,300,M4,16.055511474609375
2026-09-01 18:30:00,330,M0,19.181058883666992
2026-09-01 18:30:00,330,M4,16.34547996520996
2026-09-01 18:30:00,360,M0,19.13011932373047
2026-09-01 18:30:00,360,M4,16.39422607421875
2026-09-01 19:00:00,30,M0,10.501323699951172
2026-09-01 19:00:00,30,M4,8.07828140258789
2026-09-01 19:00:00,60,M0,13.039745330810549
2026-09-01 19:00:00,60,M4,10.015236854553224
2026-09-01 19:00:00,90,M0,14.229674339294434
2026-09-01 19:00:00,90,M4,11.409297943115234
2026-09-01 19:00:00,120,M0,15.350730895996094
2026-09-01 19:00:00,120,M4,12.382673263549805
2026-09-01 19:00:00,150,M0,16.419918060302734
2026-09-01 19:00:00,150,M4,13.290539741516112
2026-09-01 19:00:00,180,M0,17.243188858032227
2026-09-01 19:00:00,180,M4,13.990703582763672
2026-09-01 19:00:00,210,M0,17.78054428100586
2026-09-01 19:00:00,210,M4,14.555597305297852
2026-09-01 19:00:00,240,M0,18.32442092895508
2026-09-01 19:00:00,240,M4,15.166455268859863
2026-09-01 19:00:00,270,M0,18.652549743652344
2026-09-01 19:00:00,270,M4,15.597163200378418
2026-09-01 19:00:00,300,M0,18.647817611694336
2026-09-01 19:00:00,300,M4,15.89214038848877
2026-09-01 19:00:00,330,M0,18.74502754211425
2026-09-01 19:00:00,330,M4,15.932050704956056
2026-09-01 19:00:00,360,M0,19.12649345397949
2026-09-01 19:00:00,360,M4,16.47654151916504
2026-09-01 20:00:00,30,M0,9.893412590026855
2026-09-01 20:00:00,30,M4,7.802958011627197
2026-09-01 20:00:00,60,M0,12.384723663330078
2026-09-01 20:00:00,60,M4,9.882631301879885
2026-09-01 20:00:00,90,M0,14.106091499328612
2026-09-01 20:00:00,90,M4,11.372733116149902
2026-09-01 20:00:00,120,M0,15.795936584472656
2026-09-01 20:00:00,120,M4,12.500527381896973
2026-09-01 20:00:00,150,M0,16.068267822265625
2026-09-01 20:00:00,150,M4,12.961604118347168
2026-09-01 20:00:00,180,M0,16.80299949645996
2026-09-01 20:00:00,180,M4,13.868464469909668
2026-09-01 20:00:00,210,M0,17.216384887695312
2026-09-01 20:00:00,210,M4,14.546793937683104
2026-09-01 20:00:00,240,M0,17.597793579101562
2026-09-01 20:00:00,240,M4,15.031770706176758
2026-09-01 20:00:00,270,M0,17.793981552124023
2026-09-01 20:00:00,270,M4,15.193318367004396
2026-09-01 20:00:00,300,M0,18.419767379760746
2026-09-01 20:00:00,300,M4,15.883794784545898
2026-09-01 20:00:00,330,M0,19.020151138305664
2026-09-01 20:00:00,330,M4,16.49459457397461
2026-09-01 20:00:00,360,M0,19.5168514251709
2026-09-01 20:00:00,360,M4,17.258161544799805
2026-09-01 21:00:00,30,M0,10.703837394714355
2026-09-01 21:00:00,30,M4,8.767334938049316
2026-09-01 21:00:00,60,M0,13.613092422485352
2026-09-01 21:00:00,60,M4,11.0106840133667
2026-09-01 21:00:00,90,M0,14.29012680053711
2026-09-01 21:00:00,90,M4,11.843467712402344
2026-09-01 21:00:00,120,M0,15.247949600219728
2026-09-01 21:00:00,120,M4,12.87423610687256
2026-09-01 21:00:00,150,M0,15.881258964538574
2026-09-01 21:00:00,150,M4,13.69252586364746
2026-09-01 21:00:00,180,M0,16.426090240478516
2026-09-01 21:00:00,180,M4,14.30688190460205
2026-09-01 21:00:00,210,M0,16.98790168762207
2026-09-01 21:00:00,210,M4,14.699408531188965
2026-09-01 21:00:00,240,M0,17.820152282714844
2026-09-01 21:00:00,240,M4,15.68531322479248
2026-09-01 21:00:00,270,M0,18.50546836853028
2026-09-01 21:00:00,270,M4,16.669815063476562
2026-09-01 21:00:00,300,M0,19.14229965209961
2026-09-01 21:00:00,300,M4,17.58173370361328
2026-09-01 21:00:00,330,M0,19.533123016357425
2026-09-01 21:00:00,330,M4,18.121580123901367
2026-09-01 21:00:00,360,M0,20.17420196533203
2026-09-01 21:00:00,360,M4,18.975059509277344
2026-09-01 22:00:00,30,M0,11.35728645324707
2026-09-01 22:00:00,30,M4,9.504083633422852
2026-09-01 22:00:00,60,M0,13.535333633422852
2026-09-01 22:00:00,60,M4,11.432418823242188
2026-09-01 22:00:00,90,M0,14.503171920776367
2026-09-01 22:00:00,90,M4,12.819113731384276
2026-09-01 22:00:00,120,M0,15.106321334838867
2026-09-01 22:00:00,120,M4,13.645565032958984
2026-09-01 22:00:00,150,M0,15.79146957397461
2026-09-01 22:00:00,150,M4,14.159361839294434
2026-09-01 22:00:00,180,M0,16.986019134521484
2026-09-01 22:00:00,180,M4,15.03879737854004
2026-09-01 22:00:00,210,M0,17.816308975219727
2026-09-01 22:00:00,210,M4,15.942211151123049
2026-09-01 22:00:00,240,M0,18.77737236022949
2026-09-01 22:00:00,240,M4,16.741575241088867
2026-09-01 22:00:00,270,M0,19.2716007232666
2026-09-01 22:00:00,270,M4,17.22093391418457
2026-09-01 22:00:00,300,M0,20.03591537475586
2026-09-01 22:00:00,300,M4,17.89305305480957
2026-09-01 22:00:00,330,M0,21.109413146972656
2026-09-01 22:00:00,330,M4,18.63634490966797
2026-09-01 22:00:00,360,M0,21.91112518310547
2026-09-01 22:00:00,360,M4,19.25406837463379
2026-09-01 22:20:00,30,M0,10.961321830749512
2026-09-01 22:20:00,30,M4,8.753978729248047
2026-09-01 22:20:00,60,M0,13.14236831665039
2026-09-01 22:20:00,60,M4,10.604602813720703
2026-09-01 22:20:00,90,M0,14.07483196258545
2026-09-01 22:20:00,90,M4,11.9096097946167
2026-09-01 22:20:00,120,M0,14.871641159057615
2026-09-01 22:20:00,120,M4,12.876541137695312
2026-09-01 22:20:00,150,M0,16.15068817138672
2026-09-01 22:20:00,150,M4,13.975089073181152
2026-09-01 22:20:00,180,M0,17.217226028442383
2026-09-01 22:20:00,180,M4,14.961908340454102
2026-09-01 22:20:00,210,M0,18.17523765563965
2026-09-01 22:20:00,210,M4,15.792325973510742
2026-09-01 22:20:00,240,M0,18.83856773376465
2026-09-01 22:20:00,240,M4,16.300352096557617
2026-09-01 22:20:00,270,M0,19.56209182739257
2026-09-01 22:20:00,270,M4,16.654338836669922
2026-09-01 22:20:00,300,M0,20.544658660888672
2026-09-01 22:20:00,300,M4,17.27445411682129
2026-09-01 22:20:00,330,M0,21.354883193969727
2026-09-01 22:20:00,330,M4,17.7499942779541
2026-09-01 22:20:00,360,M0,22.12802505493164
2026-09-01 22:20:00,360,M4,18.33082771301269
2026-09-01 23:00:00,30,M0,10.140378952026367
2026-09-01 23:00:00,30,M4,8.01782512664795
2026-09-01 23:00:00,60,M0,12.681849479675291
2026-09-01 23:00:00,60,M4,10.30002212524414
2026-09-01 23:00:00,90,M0,14.002652168273926
2026-09-01 23:00:00,90,M4,11.665175437927246
2026-09-01 23:00:00,120,M0,15.667765617370604
2026-09-01 23:00:00,120,M4,13.363435745239258
2026-09-01 23:00:00,150,M0,16.91335105895996
2026-09-01 23:00:00,150,M4,14.669281005859377
2026-09-01 23:00:00,180,M0,18.005916595458984
2026-09-01 23:00:00,180,M4,15.638975143432615
2026-09-01 23:00:00,210,M0,18.783218383789062
2026-09-01 23:00:00,210,M4,16.267724990844727
2026-09-01 23:00:00,240,M0,19.570045471191406
2026-09-01 23:00:00,240,M4,17.045501708984375
2026-09-01 23:00:00,270,M0,20.569379806518555
2026-09-01 23:00:00,270,M4,18.08820152282715
2026-09-01 23:00:00,300,M0,21.407007217407227
2026-09-01 23:00:00,300,M4,19.099252700805664
2026-09-01 23:00:00,330,M0,22.14803504943848
2026-09-01 23:00:00,330,M4,19.701602935791016
2026-09-01 23:00:00,360,M0,22.96996307373047
2026-09-01 23:00:00,360,M4,20.40082740783692
2026-09-02 01:20:00,30,M0,10.853974342346191
2026-09-02 01:20:00,30,M4,8.393228530883789
2026-09-02 01:20:00,60,M0,13.36830234527588
2026-09-02 01:20:00,60,M4,10.319891929626465
2026-09-02 01:20:00,90,M0,14.913414001464844
2026-09-02 01:20:00,90,M4,11.523734092712402
2026-09-02 01:20:00,120,M0,16.095577239990234
2026-09-02 01:20:00,120,M4,12.614861488342283
2026-09-02 01:20:00,150,M0,17.324682235717773
2026-09-02 01:20:00,150,M4,13.467390060424805
2026-09-02 01:20:00,180,M0,18.50030899047852
2026-09-02 01:20:00,180,M4,14.387012481689451
2026-09-02 01:20:00,210,M0,19.49920654296875
2026-09-02 01:20:00,210,M4,15.1835355758667
2026-09-02 01:20:00,240,M0,20.334077835083008
2026-09-02 01:20:00,240,M4,16.11311149597168
2026-09-02 01:20:00,270,M0,20.851547241210938
2026-09-02 01:20:00,270,M4,16.822755813598633
2026-09-02 01:20:00,300,M0,21.12357521057129
2026-09-02 01:20:00,300,M4,17.5041561126709
2026-09-02 01:20:00,330,M0,21.44198036193848
2026-09-02 01:20:00,330,M4,18.19924736022949
2026-09-02 01:20:00,360,M0,21.43364906311035
2026-09-02 01:20:00,360,M4,18.56566047668457
2026-09-02 02:00:00,30,M0,10.725859642028809
2026-09-02 02:00:00,30,M4,8.418586730957031
2026-09-02 02:00:00,60,M0,13.24129867553711
2026-09-02 02:00:00,60,M4,10.435643196105955
2026-09-02 02:00:00,90,M0,14.749551773071287
2026-09-02 02:00:00,90,M4,11.597729682922363
2026-09-02 02:00:00,120,M0,16.039264678955078
2026-09-02 02:00:00,120,M4,12.519549369812012
2026-09-02 02:00:00,150,M0,17.31308364868164
2026-09-02 02:00:00,150,M4,13.280402183532717
2026-09-02 02:00:00,180,M0,18.42622375488281
2026-09-02 02:00:00,180,M4,14.260123252868652
2026-09-02 02:00:00,210,M0,19.13500022888184
2026-09-02 02:00:00,210,M4,15.194127082824709
2026-09-02 02:00:00,270,M0,20.36880874633789
2026-09-02 02:00:00,270,M4,16.508548736572266
2026-09-02 02:00:00,300,M0,20.797801971435547
2026-09-02 02:00:00,300,M4,17.21895980834961
2026-09-02 02:00:00,330,M0,21.020267486572266
2026-09-02 02:00:00,330,M4,17.91179084777832
2026-09-02 02:00:00,360,M0,21.12899208068848
2026-09-02 02:00:00,360,M4,18.312816619873047
2026-09-02 03:00:00,60,M0,13.096649169921877
2026-09-02 03:00:00,60,M4,10.23271942138672
2026-09-02 03:00:00,90,M0,14.583202362060549
2026-09-02 03:00:00,90,M4,11.211627960205078
2026-09-02 03:00:00,120,M0,15.974939346313477
2026-09-02 03:00:00,120,M4,12.35975170135498
2026-09-02 03:00:00,150,M0,16.967636108398438
2026-09-02 03:00:00,150,M4,13.503474235534668
2026-09-02 03:00:00,210,M0,18.23990058898925
2026-09-02 03:00:00,210,M4,15.446231842041016
2026-09-02 03:00:00,240,M0,18.92699813842773
2026-09-02 03:00:00,240,M4,16.35681915283203
2026-09-02 03:00:00,270,M0,19.619264602661133
2026-09-02 03:00:00,270,M4,17.359100341796875
2026-09-02 03:00:00,300,M0,20.207454681396484
2026-09-02 03:00:00,300,M4,18.36271095275879
2026-09-02 03:00:00,330,M0,21.289331436157227
2026-09-02 03:00:00,330,M4,19.48336410522461
2026-09-02 03:00:00,360,M0,21.437889099121094
2026-09-02 03:00:00,360,M4,19.769994735717773
2026-09-02 04:00:00,30,M0,10.66543674468994
2026-09-02 04:00:00,30,M4,8.222282409667969
2026-09-02 04:00:00,60,M0,12.95407009124756
2026-09-02 04:00:00,60,M4,9.96177864074707
2026-09-02 04:00:00,90,M0,14.415346145629885
2026-09-02 04:00:00,90,M4,11.191805839538574
2026-09-02 04:00:00,150,M0,16.306039810180664
2026-09-02 04:00:00,150,M4,13.342439651489258
2026-09-02 04:00:00,180,M0,17.33833122253418
2026-09-02 04:00:00,180,M4,14.690131187438965
2026-09-02 04:00:00,210,M0,18.27972984313965
2026-09-02 04:00:00,210,M4,16.1517333984375
2026-09-02 04:00:00,240,M0,19.25070571899414
2026-09-02 04:00:00,240,M4,17.442405700683594
2026-09-02 04:00:00,270,M0,20.87907600402832
2026-09-02 04:00:00,270,M4,18.81222915649414
2026-09-02 04:00:00,300,M0,21.491195678710938
2026-09-02 04:00:00,300,M4,19.500423431396484
2026-09-02 04:00:00,330,M0,21.568958282470703
2026-09-02 04:00:00,330,M4,19.61089515686035
2026-09-02 04:00:00,360,M0,24.283296585083008
2026-09-02 04:00:00,360,M4,21.052366256713867
2026-09-02 07:00:00,30,M0,10.69302749633789
2026-09-02 07:00:00,30,M4,8.424821853637695
2026-09-02 07:00:00,60,M0,13.433544158935549
2026-09-02 07:00:00,60,M4,10.49062728881836
2026-09-02 07:00:00,90,M0,15.872191429138184
2026-09-02 07:00:00,90,M4,12.420116424560549
2026-09-02 07:00:00,120,M0,17.520349502563477
2026-09-02 07:00:00,120,M4,13.459955215454102
2026-09-02 07:00:00,150,M0,18.1843490600586
2026-09-02 07:00:00,150,M4,14.210436820983888
2026-09-02 07:00:00,180,M0,20.90925979614257
2026-09-02 07:00:00,180,M4,14.98341941833496
2026-09-02 07:00:00,210,M0,21.82815742492676
2026-09-02 07:00:00,210,M4,15.400341033935549
2026-09-02 07:00:00,240,M0,22.19341468811035
2026-09-02 07:00:00,240,M4,14.93898868560791
2026-09-02 07:00:00,270,M0,22.85810279846192
2026-09-02 07:00:00,270,M4,15.118830680847168
2026-09-02 07:00:00,300,M0,23.62779998779297
2026-09-02 07:00:00,300,M4,14.994115829467772
2026-09-02 07:00:00,330,M0,24.28575897216797
2026-09-02 07:00:00,330,M4,15.230192184448242
2026-09-02 07:00:00,360,M0,24.597461700439453
2026-09-02 07:00:00,360,M4,15.252897262573242
2026-09-02 08:00:00,30,M0,11.010357856750488
2026-09-02 08:00:00,30,M4,8.586256980895996
2026-09-02 08:00:00,60,M0,13.59875774383545
2026-09-02 08:00:00,60,M4,10.532471656799316
2026-09-02 08:00:00,90,M0,15.01559829711914
2026-09-02 08:00:00,90,M4,12.13145351409912
2026-09-02 08:00:00,120,M0,17.65403938293457
2026-09-02 08:00:00,120,M4,12.70691967010498
2026-09-02 08:00:00,150,M0,18.88697624206543
2026-09-02 08:00:00,150,M4,13.408352851867676
2026-09-02 08:00:00,180,M0,19.16715240478516
2026-09-02 08:00:00,180,M4,13.063036918640137
2026-09-02 08:00:00,210,M0,19.800125122070312
2026-09-02 08:00:00,210,M4,13.543320655822754
2026-09-02 08:00:00,240,M0,20.57051658630371
2026-09-02 08:00:00,240,M4,13.542548179626465
2026-09-02 08:00:00,270,M0,21.19336700439453
2026-09-02 08:00:00,270,M4,13.822429656982422
2026-09-02 08:00:00,300,M0,21.70412826538086
2026-09-02 08:00:00,300,M4,13.90911865234375
2026-09-02 08:00:00,330,M0,21.957624435424805
2026-09-02 08:00:00,330,M4,14.086291313171388
2026-09-02 08:00:00,360,M0,22.690128326416016
2026-09-02 08:00:00,360,M4,14.382466316223145
2026-09-02 09:00:00,30,M0,10.566033363342283
2026-09-02 09:00:00,30,M4,9.258918762207031
2026-09-02 09:00:00,60,M0,13.498205184936523
2026-09-02 09:00:00,60,M4,10.882352828979492
2026-09-02 09:00:00,90,M0,15.48538875579834
2026-09-02 09:00:00,90,M4,12.17387866973877
2026-09-02 09:00:00,120,M0,15.604373931884766
2026-09-02 09:00:00,120,M4,11.972498893737791
2026-09-02 09:00:00,150,M0,16.581562042236328
2026-09-02 09:00:00,150,M4,12.711097717285156
2026-09-02 09:00:00,180,M0,17.31108856201172
2026-09-02 09:00:00,180,M4,12.838547706604004
2026-09-02 09:00:00,210,M0,18.05904197692871
2026-09-02 09:00:00,210,M4,13.311134338378906
2026-09-02 09:00:00,240,M0,18.484140396118164
2026-09-02 09:00:00,240,M4,13.295328140258787
2026-09-02 09:00:00,270,M0,18.862104415893555
2026-09-02 09:00:00,270,M4,13.32537078857422
2026-09-02 09:00:00,300,M0,19.41675567626953
2026-09-02 09:00:00,300,M4,13.605703353881836
2026-09-02 09:00:00,330,M0,19.88661766052246
2026-09-02 09:00:00,330,M4,13.81650161743164
2026-09-02 09:00:00,360,M0,20.668228149414062
2026-09-02 09:00:00,360,M4,14.21341323852539
2026-09-02 10:00:00,30,M0,10.813878059387209
2026-09-02 10:00:00,30,M4,8.688608169555664
2026-09-02 10:00:00,60,M0,12.320904731750488
2026-09-02 10:00:00,60,M4,9.348401069641112
2026-09-02 10:00:00,90,M0,13.959224700927734
2026-09-02 10:00:00,90,M4,10.500158309936523
2026-09-02 10:00:00,120,M0,14.671191215515137
2026-09-02 10:00:00,120,M4,10.859088897705078
2026-09-02 10:00:00,150,M0,15.78379249572754
2026-09-02 10:00:00,150,M4,11.76416301727295
2026-09-02 10:00:00,180,M0,16.27693748474121
2026-09-02 10:00:00,180,M4,12.024789810180664
2026-09-02 10:00:00,210,M0,16.45586585998535
2026-09-02 10:00:00,210,M4,12.297674179077148
2026-09-02 10:00:00,240,M0,16.909160614013672
2026-09-02 10:00:00,240,M4,12.461784362792969
2026-09-02 10:00:00,270,M0,17.274213790893555
2026-09-02 10:00:00,270,M4,12.609410285949709
2026-09-02 10:00:00,300,M0,17.95412254333496
2026-09-02 10:00:00,300,M4,13.028489112854004
2026-09-02 10:00:00,330,M0,18.549564361572266
2026-09-02 10:00:00,330,M4,13.789663314819336
2026-09-02 10:00:00,360,M0,19.4536247253418
2026-09-02 10:00:00,360,M4,14.360936164855955
2026-09-02 10:20:00,30,M0,12.658345222473145
2026-09-02 10:20:00,30,M4,9.956308364868164
2026-09-02 10:20:00,60,M0,12.189637184143066
2026-09-02 10:20:00,60,M4,8.835113525390625
2026-09-02 10:20:00,90,M0,13.724377632141112
2026-09-02 10:20:00,90,M4,10.08896541595459
2026-09-02 10:20:00,120,M0,14.472926139831545
2026-09-02 10:20:00,120,M4,10.660356521606444
2026-09-02 10:20:00,150,M0,15.594771385192873
2026-09-02 10:20:00,150,M4,11.64754581451416
2026-09-02 10:20:00,180,M0,15.741520881652832
2026-09-02 10:20:00,180,M4,11.640563011169434
2026-09-02 10:20:00,210,M0,16.298009872436523
2026-09-02 10:20:00,210,M4,12.100214958190918
2026-09-02 10:20:00,240,M0,16.519912719726562
2026-09-02 10:20:00,240,M4,12.21985912322998
2026-09-02 10:20:00,270,M0,16.786684036254883
2026-09-02 10:20:00,270,M4,12.60630226135254
2026-09-02 10:20:00,300,M0,17.530731201171875
2026-09-02 10:20:00,300,M4,13.339580535888672
2026-09-02 10:20:00,330,M0,18.560932159423828
2026-09-02 10:20:00,330,M4,14.306526184082031
2026-09-02 10:20:00,360,M0,18.9627685546875
2026-09-02 10:20:00,360,M4,14.835871696472168
2026-09-02 11:00:00,30,M0,8.71732234954834
2026-09-02 11:00:00,30,M4,6.940791130065918
2026-09-02 11:00:00,60,M0,10.868172645568848
2026-09-02 11:00:00,60,M4,8.61640453338623
2026-09-02 11:00:00,90,M0,12.58067798614502
2026-09-02 11:00:00,90,M4,10.16728401184082
2026-09-02 11:00:00,120,M0,13.302051544189451
2026-09-02 11:00:00,120,M4,10.925210952758787
2026-09-02 11:00:00,150,M0,13.797438621520996
2026-09-02 11:00:00,150,M4,11.481192588806152
2026-09-02 11:00:00,180,M0,14.31232452392578
2026-09-02 11:00:00,180,M4,11.707242012023926
2026-09-02 11:00:00,210,M0,14.546794891357422
2026-09-02 11:00:00,210,M4,11.807793617248535
2026-09-02 11:00:00,240,M0,15.05911636352539
2026-09-02 11:00:00,240,M4,12.285138130187988
2026-09-02 11:00:00,270,M0,15.710837364196776
2026-09-02 11:00:00,270,M4,13.066235542297363
2026-09-02 11:00:00,300,M0,16.461830139160156
2026-09-02 11:00:00,300,M4,13.738676071166992
2026-09-02 11:00:00,330,M0,17.043222427368164
2026-09-02 11:00:00,330,M4,14.428000450134276
2026-09-02 11:00:00,360,M0,17.684648513793945
2026-09-02 11:00:00,360,M4,14.90618133544922
2026-09-02 13:00:00,30,M0,8.478079795837402
2026-09-02 13:00:00,30,M4,6.532772064208984
2026-09-02 13:00:00,60,M0,10.392702102661133
2026-09-02 13:00:00,60,M4,7.917128562927246
2026-09-02 13:00:00,90,M0,11.525846481323242
2026-09-02 13:00:00,90,M4,8.83774185180664
2026-09-02 13:00:00,120,M0,12.483461380004885
2026-09-02 13:00:00,120,M4,9.627074241638184
2026-09-02 13:00:00,150,M0,13.461679458618164
2026-09-02 13:00:00,150,M4,10.501437187194824
2026-09-02 13:00:00,180,M0,14.42344856262207
2026-09-02 13:00:00,180,M4,11.222654342651367
2026-09-02 13:00:00,210,M0,15.091787338256836
2026-09-02 13:00:00,210,M4,12.056681632995604
2026-09-02 13:00:00,240,M0,15.758907318115234
2026-09-02 13:00:00,240,M4,12.59467887878418
2026-09-02 13:00:00,270,M0,16.333646774291992
2026-09-02 13:00:00,270,M4,13.397214889526367
2026-09-02 13:00:00,300,M0,17.127784729003906
2026-09-02 13:00:00,300,M4,14.257118225097656
2026-09-02 13:00:00,330,M0,17.68511199951172
2026-09-02 13:00:00,330,M4,14.748680114746094
2026-09-02 13:00:00,360,M0,18.001482009887695
2026-09-02 13:00:00,360,M4,15.08875560760498
2026-09-02 14:00:00,30,M0,7.751255512237549
2026-09-02 14:00:00,30,M4,6.107654094696045
2026-09-02 14:00:00,60,M0,9.98666763305664
2026-09-02 14:00:00,60,M4,7.97314977645874
2026-09-02 14:00:00,90,M0,11.416139602661133
2026-09-02 14:00:00,90,M4,9.245559692382812
2026-09-02 14:00:00,120,M0,12.622467041015623
2026-09-02 14:00:00,120,M4,10.11040210723877
2026-09-02 14:00:00,150,M0,13.689695358276367
2026-09-02 14:00:00,150,M4,11.074584007263184
2026-09-02 14:00:00,180,M0,14.468353271484377
2026-09-02 14:00:00,180,M4,11.566128730773926
2026-09-02 14:00:00,210,M0,15.161206245422363
2026-09-02 14:00:00,210,M4,12.474392890930176
2026-09-02 14:00:00,240,M0,16.015727996826172
2026-09-02 14:00:00,240,M4,13.362751007080078
2026-09-02 14:00:00,270,M0,16.665407180786133
2026-09-02 14:00:00,270,M4,13.902514457702637
2026-09-02 14:00:00,300,M0,17.1712646484375
2026-09-02 14:00:00,300,M4,14.339639663696287
2026-09-02 14:00:00,330,M0,17.71123504638672
2026-09-02 14:00:00,330,M4,14.840860366821287
2026-09-02 14:00:00,360,M0,18.07723617553711
2026-09-02 14:00:00,360,M4,15.530405044555664
2026-09-02 18:00:00,30,M0,8.199502944946289
2026-09-02 18:00:00,30,M4,6.352378845214844
2026-09-02 18:00:00,60,M0,10.65573501586914
2026-09-02 18:00:00,60,M4,8.281527519226074
2026-09-02 18:00:00,90,M0,12.334433555603027
2026-09-02 18:00:00,90,M4,9.568862915039062
2026-09-02 18:00:00,120,M0,13.543708801269531
2026-09-02 18:00:00,120,M4,10.739474296569824
2026-09-02 18:00:00,150,M0,14.772465705871582
2026-09-02 18:00:00,150,M4,11.981518745422363
2026-09-02 18:00:00,180,M0,15.768367767333984
2026-09-02 18:00:00,180,M4,12.67285442352295
2026-09-02 18:00:00,210,M0,15.524508476257324
2026-09-02 18:00:00,210,M4,12.902612686157228
2026-09-02 18:00:00,240,M0,17.243040084838867
2026-09-02 18:00:00,240,M4,14.903390884399414
2026-09-02 18:00:00,270,M0,17.709760665893555
2026-09-02 18:00:00,270,M4,15.263264656066896
2026-09-02 18:00:00,300,M0,17.952356338500977
2026-09-02 18:00:00,300,M4,15.775120735168455
2026-09-02 18:00:00,330,M0,17.901437759399414
2026-09-02 18:00:00,330,M4,15.80414581298828
2026-09-02 18:00:00,360,M0,18.03876495361328
2026-09-02 18:00:00,360,M4,16.23442268371582
2026-09-02 19:00:00,30,M0,8.395111083984375
2026-09-02 19:00:00,30,M4,6.659512519836426
2026-09-02 19:00:00,60,M0,10.706621170043944
2026-09-02 19:00:00,60,M4,8.59482192993164
2026-09-02 19:00:00,90,M0,12.569782257080078
2026-09-02 19:00:00,90,M4,10.127715110778809
2026-09-02 19:00:00,120,M0,13.995344161987305
2026-09-02 19:00:00,120,M4,11.118562698364258
2026-09-02 19:00:00,150,M0,14.636539459228516
2026-09-02 19:00:00,150,M4,11.725714683532717
2026-09-02 19:00:00,180,M0,16.304237365722656
2026-09-02 19:00:00,180,M4,13.558822631835938
2026-09-02 19:00:00,210,M0,16.598312377929688
2026-09-02 19:00:00,210,M4,13.890478134155272
2026-09-02 19:00:00,240,M0,16.747867584228516
2026-09-02 19:00:00,240,M4,14.352476119995115
2026-09-02 19:00:00,270,M0,16.808462142944336
2026-09-02 19:00:00,270,M4,14.46207046508789
2026-09-02 19:00:00,300,M0,17.18900489807129
2026-09-02 19:00:00,300,M4,14.939345359802246
2026-09-02 19:00:00,330,M0,17.47140121459961
2026-09-02 19:00:00,330,M4,15.454560279846191
2026-09-02 19:00:00,360,M0,18.21675109863281
2026-09-02 19:00:00,360,M4,16.286773681640625
2026-09-02 20:40:00,30,M0,9.00523853302002
2026-09-02 20:40:00,30,M4,7.233078956604004
2026-09-02 20:40:00,60,M0,11.884478569030762
2026-09-02 20:40:00,60,M4,9.794349670410156
2026-09-02 20:40:00,90,M0,13.630537033081056
2026-09-02 20:40:00,90,M4,11.019996643066406
2026-09-02 20:40:00,120,M0,14.032845497131348
2026-09-02 20:40:00,120,M4,11.387269973754885
2026-09-02 20:40:00,150,M0,14.245753288269045
2026-09-02 20:40:00,150,M4,12.275474548339844
2026-09-02 20:40:00,180,M0,14.811113357543944
2026-09-02 20:40:00,180,M4,12.806636810302734
2026-09-02 20:40:00,210,M0,15.961954116821287
2026-09-02 20:40:00,210,M4,13.70655345916748
2026-09-02 20:40:00,240,M0,17.12909698486328
2026-09-02 20:40:00,240,M4,14.560457229614258
2026-09-02 20:40:00,270,M0,17.948970794677734
2026-09-02 20:40:00,270,M4,15.373403549194336
2026-09-02 20:40:00,300,M0,18.496564865112305
2026-09-02 20:40:00,300,M4,15.66346836090088
2026-09-02 20:40:00,330,M0,18.843881607055664
2026-09-02 20:40:00,330,M4,15.94904327392578
2026-09-02 20:40:00,360,M0,18.86714172363281
2026-09-02 20:40:00,360,M4,16.09467887878418
2026-09-02 21:00:00,30,M0,10.093555450439451
2026-09-02 21:00:00,30,M4,8.48293685913086
2026-09-02 21:00:00,60,M0,12.492241859436035
2026-09-02 21:00:00,60,M4,10.413116455078123
2026-09-02 21:00:00,90,M0,13.439007759094238
2026-09-02 21:00:00,90,M4,11.067173957824709
2026-09-02 21:00:00,120,M0,14.052964210510254
2026-09-02 21:00:00,120,M4,11.970303535461426
2026-09-02 21:00:00,150,M0,14.313748359680176
2026-09-02 21:00:00,150,M4,12.311935424804688
2026-09-02 21:00:00,180,M0,15.52156925201416
2026-09-02 21:00:00,180,M4,13.112486839294434
2026-09-02 21:00:00,210,M0,16.566978454589844
2026-09-02 21:00:00,210,M4,13.754014015197754
2026-09-02 21:00:00,240,M0,17.729644775390625
2026-09-02 21:00:00,240,M4,14.631059646606444
2026-09-02 21:00:00,270,M0,18.38471794128418
2026-09-02 21:00:00,270,M4,14.963090896606444
2026-09-02 21:00:00,300,M0,18.862924575805664
2026-09-02 21:00:00,300,M4,15.22914218902588
2026-09-02 21:00:00,330,M0,18.99392509460449
2026-09-02 21:00:00,330,M4,15.391718864440918
2026-09-02 21:00:00,360,M0,19.01422691345215
2026-09-02 21:00:00,360,M4,15.575786590576172
2026-09-03 00:00:00,30,M0,9.565070152282717
2026-09-03 00:00:00,30,M4,7.378191947937012
2026-09-03 00:00:00,60,M0,12.598283767700195
2026-09-03 00:00:00,60,M4,9.608242988586426
2026-09-03 00:00:00,90,M0,14.085922241210938
2026-09-03 00:00:00,90,M4,10.8151273727417
2026-09-03 00:00:00,120,M0,15.063212394714355
2026-09-03 00:00:00,120,M4,11.824005126953123
2026-09-03 00:00:00,150,M0,15.47933578491211
2026-09-03 00:00:00,150,M4,12.423346519470217
2026-09-03 00:00:00,180,M0,15.812055587768556
2026-09-03 00:00:00,180,M4,13.10002613067627
2026-09-03 00:00:00,210,M0,16.068897247314453
2026-09-03 00:00:00,210,M4,13.906085014343262
2026-09-03 00:00:00,240,M0,16.563966751098633
2026-09-03 00:00:00,240,M4,14.936559677124023
2026-09-03 00:00:00,270,M0,16.941740036010742
2026-09-03 00:00:00,270,M4,15.677204132080078
2026-09-03 00:00:00,300,M0,17.457225799560547
2026-09-03 00:00:00,300,M4,16.51852798461914
2026-09-03 00:00:00,330,M0,17.8763427734375
2026-09-03 00:00:00,330,M4,17.152080535888672
2026-09-03 01:00:00,30,M0,9.276588439941406
2026-09-03 01:00:00,30,M4,7.398926734924316
2026-09-03 01:00:00,60,M0,11.530035018920898
2026-09-03 01:00:00,60,M4,9.307943344116213
2026-09-03 01:00:00,90,M0,12.5115385055542
2026-09-03 01:00:00,90,M4,10.322671890258787
2026-09-03 01:00:00,120,M0,13.228620529174805
2026-09-03 01:00:00,120,M4,11.26526927947998
2026-09-03 01:00:00,150,M0,13.727605819702148
2026-09-03 01:00:00,150,M4,12.15525722503662
2026-09-03 01:00:00,180,M0,14.386176109313965
2026-09-03 01:00:00,180,M4,12.92081356048584
2026-09-03 01:00:00,210,M0,14.84503936767578
2026-09-03 01:00:00,210,M4,13.79286766052246
2026-09-03 01:00:00,240,M0,15.446810722351074
2026-09-03 01:00:00,240,M4,14.950276374816896
2026-09-03 01:00:00,270,M0,15.860673904418944
2026-09-03 01:00:00,270,M4,15.777673721313477
2026-09-03 01:00:00,330,M0,16.622425079345703
2026-09-03 01:00:00,330,M4,17.678810119628906
2026-09-03 01:00:00,360,M0,17.021772384643555
2026-09-03 01:00:00,360,M4,18.489730834960938
2026-09-03 02:00:00,30,M0,8.76931095123291
2026-09-03 02:00:00,30,M4,6.909274101257324
2026-09-03 02:00:00,60,M0,10.87381649017334
2026-09-03 02:00:00,60,M4,8.666543006896973
2026-09-03 02:00:00,90,M0,11.892398834228516
2026-09-03 02:00:00,90,M4,9.95176601409912
2026-09-03 02:00:00,120,M0,13.003161430358888
2026-09-03 02:00:00,120,M4,10.98736572265625
2026-09-03 02:00:00,150,M0,13.673395156860352
2026-09-03 02:00:00,150,M4,11.75284481048584
2026-09-03 02:00:00,180,M0,14.300888061523438
2026-09-03 02:00:00,180,M4,12.711751937866213
2026-09-03 02:00:00,210,M0,14.752237319946287
2026-09-03 02:00:00,210,M4,13.589027404785156
2026-09-03 02:00:00,270,M0,15.690162658691406
2026-09-03 02:00:00,270,M4,15.158084869384766
2026-09-03 02:00:00,300,M0,16.079139709472656
2026-09-03 02:00:00,300,M4,15.753767013549805
2026-09-03 02:00:00,330,M0,16.879722595214844
2026-09-03 02:00:00,330,M4,16.328102111816406
2026-09-03 02:00:00,360,M0,17.783876419067383
2026-09-03 02:00:00,360,M4,16.850975036621094
2026-09-03 04:00:00,30,M0,9.446569442749023
2026-09-03 04:00:00,30,M4,7.424258232116699
2026-09-03 04:00:00,60,M0,11.517026901245115
2026-09-03 04:00:00,60,M4,9.246283531188965
2026-09-03 04:00:00,90,M0,12.657586097717283
2026-09-03 04:00:00,90,M4,10.38543701171875
2026-09-03 04:00:00,150,M0,14.402257919311523
2026-09-03 04:00:00,150,M4,12.252422332763672
2026-09-03 04:00:00,180,M0,15.07732391357422
2026-09-03 04:00:00,180,M4,13.129521369934082
2026-09-03 04:00:00,210,M0,16.10621452331543
2026-09-03 04:00:00,210,M4,13.99693489074707
2026-09-03 04:00:00,240,M0,17.169801712036133
2026-09-03 04:00:00,240,M4,14.789493560791016
2026-09-03 04:00:00,270,M0,18.611684799194336
2026-09-03 04:00:00,270,M4,15.430150985717772
2026-09-03 04:00:00,300,M0,19.324472427368164
2026-09-03 04:00:00,300,M4,15.76232624053955
2026-09-03 04:00:00,330,M0,20.09774780273437
2026-09-03 04:00:00,330,M4,16.593305587768555
2026-09-03 04:00:00,360,M0,21.99542236328125
2026-09-03 04:00:00,360,M4,16.82282257080078
2026-09-03 07:00:00,30,M0,10.1558198928833
2026-09-03 07:00:00,30,M4,7.978535652160644
2026-09-03 07:00:00,60,M0,12.58603286743164
2026-09-03 07:00:00,60,M4,10.119868278503418
2026-09-03 07:00:00,90,M0,14.537812232971191
2026-09-03 07:00:00,90,M4,11.567197799682615
2026-09-03 07:00:00,120,M0,15.686309814453123
2026-09-03 07:00:00,120,M4,12.437644004821776
2026-09-03 07:00:00,150,M0,16.963850021362305
2026-09-03 07:00:00,150,M4,13.635135650634766
2026-09-03 07:00:00,180,M0,18.4775390625
2026-09-03 07:00:00,180,M4,13.660711288452148
2026-09-03 07:00:00,210,M0,19.63360023498535
2026-09-03 07:00:00,210,M4,14.166061401367188
2026-09-03 07:00:00,240,M0,19.631147384643555
2026-09-03 07:00:00,240,M4,14.098369598388672
2026-09-03 07:00:00,270,M0,20.56024169921875
2026-09-03 07:00:00,270,M4,14.697928428649902
2026-09-03 07:00:00,300,M0,20.501134872436523
2026-09-03 07:00:00,300,M4,14.7669095993042
2026-09-03 07:00:00,330,M0,20.61975860595703
2026-09-03 07:00:00,330,M4,14.85302734375
2026-09-03 07:00:00,360,M0,20.550188064575195
2026-09-03 07:00:00,360,M4,14.347182273864746
2026-09-03 08:10:00,30,M0,10.45356273651123
2026-09-03 08:10:00,30,M4,8.247221946716309
2026-09-03 08:10:00,60,M0,12.19362449645996
2026-09-03 08:10:00,60,M4,10.46800708770752
2026-09-03 08:10:00,90,M0,14.381047248840332
2026-09-03 08:10:00,90,M4,11.786373138427734
2026-09-03 08:10:00,120,M0,15.678426742553713
2026-09-03 08:10:00,120,M4,11.81338882446289
2026-09-03 08:10:00,150,M0,17.081623077392578
2026-09-03 08:10:00,150,M4,12.82676887512207
2026-09-03 08:10:00,180,M0,17.082210540771484
2026-09-03 08:10:00,180,M4,12.686506271362305
2026-09-03 08:10:00,210,M0,18.40093231201172
2026-09-03 08:10:00,210,M4,13.629098892211914
2026-09-03 08:10:00,240,M0,18.029041290283203
2026-09-03 08:10:00,240,M4,13.486796379089355
2026-09-03 08:10:00,270,M0,18.300695419311523
2026-09-03 08:10:00,270,M4,13.70263957977295
2026-09-03 08:10:00,300,M0,18.219009399414062
2026-09-03 08:10:00,300,M4,13.318795204162598
2026-09-03 08:10:00,330,M0,18.577600479125977
2026-09-03 08:10:00,330,M4,13.505170822143556
2026-09-03 08:10:00,360,M0,18.61701774597168
2026-09-03 08:10:00,360,M4,13.48161506652832
2026-09-03 09:00:00,30,M0,10.441174507141112
2026-09-03 09:00:00,30,M4,9.135268211364746
2026-09-03 09:00:00,60,M0,13.145471572875977
2026-09-03 09:00:00,60,M4,10.668282508850098
2026-09-03 09:00:00,90,M0,14.762502670288086
2026-09-03 09:00:00,90,M4,11.40932846069336
2026-09-03 09:00:00,120,M0,15.266654014587402
2026-09-03 09:00:00,120,M4,11.877233505249023
2026-09-03 09:00:00,150,M0,16.545928955078125
2026-09-03 09:00:00,150,M4,12.881118774414062
2026-09-03 09:00:00,180,M0,16.699602127075195
2026-09-03 09:00:00,180,M4,12.90794277191162
2026-09-03 09:00:00,210,M0,17.220972061157227
2026-09-03 09:00:00,210,M4,13.295655250549316
2026-09-03 09:00:00,240,M0,17.00980567932129
2026-09-03 09:00:00,240,M4,12.99777889251709
2026-09-03 09:00:00,270,M0,17.296363830566406
2026-09-03 09:00:00,270,M4,13.313535690307615
2026-09-03 09:00:00,300,M0,17.29041290283203
2026-09-03 09:00:00,300,M4,13.261360168457031
2026-09-03 09:00:00,330,M0,17.564228057861328
2026-09-03 09:00:00,330,M4,13.476880073547363
2026-09-03 09:00:00,360,M0,18.18473052978516
2026-09-03 09:00:00,360,M4,13.703744888305664
2026-09-03 10:10:00,30,M0,10.188257217407228
2026-09-03 10:10:00,30,M4,7.966032028198242
2026-09-03 10:10:00,60,M0,11.757390975952148
2026-09-03 10:10:00,60,M4,9.258553504943848
2026-09-03 10:10:00,90,M0,13.673843383789062
2026-09-03 10:10:00,90,M4,11.043190002441406
2026-09-03 10:10:00,120,M0,13.886157989501951
2026-09-03 10:10:00,120,M4,11.564233779907228
2026-09-03 10:10:00,150,M0,14.508331298828123
2026-09-03 10:10:00,150,M4,12.37534523010254
2026-09-03 10:10:00,180,M0,14.427544593811035
2026-09-03 10:10:00,180,M4,12.336270332336426
2026-09-03 10:10:00,210,M0,15.065150260925291
2026-09-03 10:10:00,210,M4,12.832782745361328
2026-09-03 10:10:00,240,M0,15.362841606140137
2026-09-03 10:10:00,240,M4,12.841219902038574
2026-09-03 10:10:00,270,M0,15.902639389038086
2026-09-03 10:10:00,270,M4,13.217961311340332
2026-09-03 10:10:00,300,M0,16.469398498535156
2026-09-03 10:10:00,300,M4,13.746620178222656
2026-09-03 10:10:00,330,M0,17.91547203063965
2026-09-03 10:10:00,330,M4,14.523701667785645
2026-09-03 10:10:00,360,M0,17.375747680664062
2026-09-03 10:10:00,360,M4,14.1160888671875
2026-09-03 13:00:00,30,M0,8.367444038391113
2026-09-03 13:00:00,30,M4,6.429935932159424
2026-09-03 13:00:00,60,M0,10.420415878295898
2026-09-03 13:00:00,60,M4,8.096528053283691
2026-09-03 13:00:00,90,M0,11.798880577087402
2026-09-03 13:00:00,90,M4,9.29249095916748
2026-09-03 13:00:00,120,M0,12.966711044311523
2026-09-03 13:00:00,120,M4,10.156377792358398
2026-09-03 13:00:00,150,M0,14.17131519317627
2026-09-03 13:00:00,150,M4,11.233884811401367
2026-09-03 13:00:00,180,M0,14.84514045715332
2026-09-03 13:00:00,180,M4,11.531289100646973
2026-09-03 13:00:00,210,M0,15.276260375976562
2026-09-03 13:00:00,210,M4,12.095993041992188
2026-09-03 13:00:00,240,M0,15.613734245300291
2026-09-03 13:00:00,240,M4,12.523526191711426
2026-09-03 13:00:00,270,M0,16.694486618041992
2026-09-03 13:00:00,270,M4,13.641300201416016
2026-09-03 13:00:00,300,M0,17.43853759765625
2026-09-03 13:00:00,300,M4,14.44878101348877
2026-09-03 13:00:00,330,M0,17.953264236450195
2026-09-03 13:00:00,330,M4,15.220467567443848
2026-09-03 13:00:00,360,M0,18.44550895690918
2026-09-03 13:00:00,360,M4,15.937047958374023
2026-09-03 14:10:00,30,M0,8.017471313476562
2026-09-03 14:10:00,30,M4,6.182498931884766
2026-09-03 14:10:00,60,M0,10.088245391845703
2026-09-03 14:10:00,60,M4,7.944659233093262
2026-09-03 14:10:00,90,M0,12.2952299118042
2026-09-03 14:10:00,90,M4,9.89583969116211
2026-09-03 14:10:00,120,M0,12.46242332458496
2026-09-03 14:10:00,120,M4,9.76922607421875
2026-09-03 14:10:00,150,M0,13.08460521697998
2026-09-03 14:10:00,150,M4,10.295578002929688
2026-09-03 14:10:00,180,M0,13.729239463806152
2026-09-03 14:10:00,180,M4,10.97153091430664
2026-09-03 14:10:00,210,M0,14.922159194946287
2026-09-03 14:10:00,210,M4,12.047883987426758
2026-09-03 14:10:00,240,M0,15.538382530212402
2026-09-03 14:10:00,240,M4,12.860753059387209
2026-09-03 14:10:00,270,M0,16.299957275390625
2026-09-03 14:10:00,270,M4,13.848689079284668
2026-09-03 14:10:00,300,M0,17.014564514160156
2026-09-03 14:10:00,300,M4,14.70391082763672
2026-09-03 14:10:00,330,M0,17.94365692138672
2026-09-03 14:10:00,330,M4,15.630273818969728
2026-09-03 14:10:00,360,M0,18.59407615661621
2026-09-03 14:10:00,360,M4,16.408510208129883
2026-09-03 16:00:00,30,M0,8.58447551727295
2026-09-03 16:00:00,30,M4,6.743112564086914
2026-09-03 16:00:00,60,M0,10.548243522644045
2026-09-03 16:00:00,60,M4,8.586581230163574
2026-09-03 16:00:00,90,M0,12.337557792663574
2026-09-03 16:00:00,90,M4,10.33648681640625
2026-09-03 16:00:00,120,M0,13.373957633972168
2026-09-03 16:00:00,120,M4,11.59337329864502
2026-09-03 16:00:00,150,M0,14.374101638793944
2026-09-03 16:00:00,150,M4,12.676519393920898
2026-09-03 16:00:00,180,M0,15.065534591674805
2026-09-03 16:00:00,180,M4,13.712242126464844
2026-09-03 16:00:00,210,M0,16.074058532714844
2026-09-03 16:00:00,210,M4,14.607600212097168
2026-09-03 16:00:00,240,M0,17.047212600708008
2026-09-03 16:00:00,240,M4,15.362311363220217
2026-09-03 16:00:00,270,M0,18.03542900085449
2026-09-03 16:00:00,270,M4,16.360092163085938
2026-09-03 16:00:00,300,M0,18.8371696472168
2026-09-03 16:00:00,300,M4,16.97568702697754
2026-09-03 16:00:00,330,M0,18.749740600585938
2026-09-03 16:00:00,330,M4,16.835878372192383
2026-09-03 16:00:00,360,M0,21.574670791625977
2026-09-03 16:00:00,360,M4,19.01021957397461
2026-09-03 17:00:00,30,M0,8.55859661102295
2026-09-03 17:00:00,30,M4,6.748178005218506
2026-09-03 17:00:00,60,M0,10.546711921691896
2026-09-03 17:00:00,60,M4,8.504880905151367
2026-09-03 17:00:00,90,M0,11.720905303955078
2026-09-03 17:00:00,90,M4,9.633788108825684
2026-09-03 17:00:00,120,M0,12.83555793762207
2026-09-03 17:00:00,120,M4,10.693133354187012
2026-09-03 17:00:00,150,M0,13.986967086791992
2026-09-03 17:00:00,150,M4,11.793397903442385
2026-09-03 17:00:00,180,M0,15.109310150146484
2026-09-03 17:00:00,180,M4,12.70959758758545
2026-09-03 17:00:00,210,M0,16.18844223022461
2026-09-03 17:00:00,210,M4,13.774978637695312
2026-09-03 17:00:00,240,M0,17.26813316345215
2026-09-03 17:00:00,240,M4,14.413256645202637
2026-09-03 17:00:00,270,M0,17.16905975341797
2026-09-03 17:00:00,270,M4,14.409461975097656
2026-09-03 17:00:00,300,M0,19.71211814880371
2026-09-03 17:00:00,300,M4,16.37030601501465
2026-09-03 17:00:00,330,M0,20.151002883911133
2026-09-03 17:00:00,330,M4,17.207860946655273
2026-09-03 17:00:00,360,M0,20.892805099487305
2026-09-03 17:00:00,360,M4,17.90840721130371
2026-09-03 18:00:00,30,M0,8.4631929397583
2026-09-03 18:00:00,30,M4,6.562668323516846
2026-09-03 18:00:00,60,M0,10.477848052978516
2026-09-03 18:00:00,60,M4,8.308229446411133
2026-09-03 18:00:00,90,M0,11.875921249389648
2026-09-03 18:00:00,90,M4,9.645106315612791
2026-09-03 18:00:00,120,M0,13.161662101745604
2026-09-03 18:00:00,120,M4,10.659286499023438
2026-09-03 18:00:00,150,M0,14.53714656829834
2026-09-03 18:00:00,150,M4,11.843457221984863
2026-09-03 18:00:00,180,M0,15.989018440246582
2026-09-03 18:00:00,180,M4,12.770442008972168
2026-09-03 18:00:00,210,M0,16.301679611206055
2026-09-03 18:00:00,210,M4,13.16120147705078
2026-09-03 18:00:00,240,M0,18.60952949523925
2026-09-03 18:00:00,240,M4,15.21059799194336
2026-09-03 18:00:00,270,M0,19.24110412597656
2026-09-03 18:00:00,270,M4,16.00514030456543
2026-09-03 18:00:00,300,M0,20.00710678100586
2026-09-03 18:00:00,300,M4,16.496950149536133
2026-09-03 18:00:00,330,M0,20.60186767578125
2026-09-03 18:00:00,330,M4,17.054752349853516
2026-09-03 18:00:00,360,M0,21.47302627563477
2026-09-03 18:00:00,360,M4,17.56442642211914
2026-09-03 19:00:00,30,M0,8.4705810546875
2026-09-03 19:00:00,30,M4,6.6270012855529785
2026-09-03 19:00:00,60,M0,10.472149848937988
2026-09-03 19:00:00,60,M4,8.45102596282959
2026-09-03 19:00:00,90,M0,12.177906036376951
2026-09-03 19:00:00,90,M4,10.00922966003418
2026-09-03 19:00:00,120,M0,13.915762901306152
2026-09-03 19:00:00,120,M4,11.368597984313965
2026-09-03 19:00:00,150,M0,14.693373680114746
2026-09-03 19:00:00,150,M4,12.05577564239502
2026-09-03 19:00:00,180,M0,17.064517974853516
2026-09-03 19:00:00,180,M4,14.11626148223877
2026-09-03 19:00:00,210,M0,17.89591407775879
2026-09-03 19:00:00,210,M4,14.69294548034668
2026-09-03 19:00:00,240,M0,18.900697708129883
2026-09-03 19:00:00,240,M4,15.371939659118652
2026-09-03 19:00:00,270,M0,19.668794631958008
2026-09-03 19:00:00,270,M4,16.159263610839844
2026-09-03 19:00:00,300,M0,20.71602439880371
2026-09-03 19:00:00,300,M4,16.82532501220703
2026-09-03 19:00:00,330,M0,21.63538932800293
2026-09-03 19:00:00,330,M4,17.86886215209961
2026-09-03 19:00:00,360,M0,23.35162734985352
2026-09-03 19:00:00,360,M4,18.92215919494629
2026-09-03 20:00:00,30,M0,8.754739761352539
2026-09-03 20:00:00,30,M4,6.900365352630615
2026-09-03 20:00:00,60,M0,11.548660278320312
2026-09-03 20:00:00,60,M4,9.38889217376709
2026-09-03 20:00:00,90,M0,12.955037117004396
2026-09-03 20:00:00,90,M4,10.77077865600586
2026-09-03 20:00:00,120,M0,15.436347007751465
2026-09-03 20:00:00,120,M4,12.346549034118652
2026-09-03 20:00:00,150,M0,16.522449493408203
2026-09-03 20:00:00,150,M4,13.362276077270508
2026-09-03 20:00:00,180,M0,17.37356948852539
2026-09-03 20:00:00,180,M4,14.301224708557127
2026-09-03 20:00:00,210,M0,18.3510856628418
2026-09-03 20:00:00,210,M4,15.351899147033691
2026-09-03 20:00:00,240,M0,19.603191375732425
2026-09-03 20:00:00,240,M4,16.27051544189453
2026-09-03 20:00:00,270,M0,20.820117950439453
2026-09-03 20:00:00,270,M4,17.5613956451416
2026-09-03 20:00:00,300,M0,22.584213256835938
2026-09-03 20:00:00,300,M4,18.60029602050781
2026-09-03 20:00:00,330,M0,23.543006896972656
2026-09-03 20:00:00,330,M4,19.31009101867676
2026-09-03 20:00:00,360,M0,24.53812789916992
2026-09-03 20:00:00,360,M4,19.91679000854492
2026-09-04 01:00:00,30,M0,11.03831958770752
2026-09-04 01:00:00,30,M4,8.672051429748535
2026-09-04 01:00:00,60,M0,14.162160873413086
2026-09-04 01:00:00,60,M4,10.940671920776367
2026-09-04 01:00:00,90,M0,16.44881820678711
2026-09-04 01:00:00,90,M4,12.892930030822754
2026-09-04 01:00:00,120,M0,18.26537704467773
2026-09-04 01:00:00,120,M4,14.394113540649414
2026-09-04 01:00:00,150,M0,19.499919891357425
2026-09-04 01:00:00,150,M4,16.072742462158203
2026-09-04 01:00:00,180,M0,20.320011138916016
2026-09-04 01:00:00,180,M4,17.305866241455078
2026-09-04 01:00:00,210,M0,21.18664932250977
2026-09-04 01:00:00,210,M4,18.682350158691406
2026-09-04 01:00:00,240,M0,22.375564575195312
2026-09-04 01:00:00,240,M4,20.12198257446289
2026-09-04 01:00:00,270,M0,23.248804092407227
2026-09-04 01:00:00,270,M4,21.498329162597656
2026-09-04 01:00:00,330,M0,24.117067337036133
2026-09-04 01:00:00,330,M4,24.017662048339844
2026-09-04 01:00:00,360,M0,24.721338272094727
2026-09-04 01:00:00,360,M4,25.09027671813965
2026-09-04 03:00:00,30,M0,10.965846061706545
2026-09-04 03:00:00,30,M4,8.649924278259277
2026-09-04 03:00:00,60,M0,13.696667671203612
2026-09-04 03:00:00,60,M4,11.03937530517578
2026-09-04 03:00:00,90,M0,15.354960441589355
2026-09-04 03:00:00,90,M4,12.759523391723633
2026-09-04 03:00:00,120,M0,16.99884033203125
2026-09-04 03:00:00,120,M4,14.523324966430664
2026-09-04 03:00:00,150,M0,18.26021385192871
2026-09-04 03:00:00,150,M4,16.018383026123047
2026-09-04 03:00:00,210,M0,20.544546127319336
2026-09-04 03:00:00,210,M4,19.225839614868164
2026-09-04 03:00:00,240,M0,21.75552558898925
2026-09-04 03:00:00,240,M4,20.669506072998047
2026-09-04 03:00:00,270,M0,23.300949096679688
2026-09-04 03:00:00,270,M4,21.902507781982425
2026-09-04 03:00:00,300,M0,24.81975746154785
2026-09-04 03:00:00,300,M4,23.22702407836914
2026-09-04 03:00:00,330,M0,26.51166725158692
2026-09-04 03:00:00,330,M4,24.07927131652832
2026-09-04 03:00:00,360,M0,27.260210037231445
2026-09-04 03:00:00,360,M4,24.82569694519043
2026-09-04 04:00:00,30,M0,11.14702606201172
2026-09-04 04:00:00,30,M4,8.74094009399414
2026-09-04 04:00:00,60,M0,14.115272521972656
2026-09-04 04:00:00,60,M4,11.280564308166504
2026-09-04 04:00:00,90,M0,15.981700897216797
2026-09-04 04:00:00,90,M4,13.09477424621582
2026-09-04 04:00:00,150,M0,18.794824600219727
2026-09-04 04:00:00,150,M4,16.571027755737305
2026-09-04 04:00:00,180,M0,20.65293312072754
2026-09-04 04:00:00,180,M4,18.354337692260746
2026-09-04 04:00:00,210,M0,22.272968292236328
2026-09-04 04:00:00,210,M4,19.988815307617188
2026-09-04 04:00:00,240,M0,24.15970039367676
2026-09-04 04:00:00,240,M4,21.524301528930664
2026-09-04 04:00:00,270,M0,26.060029983520508
2026-09-04 04:00:00,270,M4,22.52777099609375
2026-09-04 04:00:00,300,M0,26.962207794189453
2026-09-04 04:00:00,300,M4,23.290584564208984
2026-09-04 04:00:00,330,M0,31.04416275024414
2026-09-04 04:00:00,330,M4,24.0230712890625
2026-09-04 04:00:00,360,M0,30.54378700256348
2026-09-04 04:00:00,360,M4,22.99189567565918
2026-09-04 05:00:00,30,M0,12.15405559539795
2026-09-04 05:00:00,30,M4,9.51725959777832
2026-09-04 05:00:00,90,M0,16.971553802490234
2026-09-04 05:00:00,90,M4,14.135994911193848
2026-09-04 05:00:00,120,M0,19.00221061706543
2026-09-04 05:00:00,120,M4,16.145103454589844
2026-09-04 05:00:00,150,M0,20.927698135375977
2026-09-04 05:00:00,150,M4,18.09111785888672
2026-09-04 05:00:00,180,M0,23.197071075439453
2026-09-04 05:00:00,180,M4,20.13532257080078
2026-09-04 05:00:00,210,M0,25.238405227661133
2026-09-04 05:00:00,210,M4,21.674842834472656
2026-09-04 05:00:00,240,M0,26.56683158874512
2026-09-04 05:00:00,240,M4,22.6661376953125
2026-09-04 05:00:00,270,M0,30.580434799194336
2026-09-04 05:00:00,270,M4,23.669620513916016
2026-09-04 05:00:00,300,M0,30.2662410736084
2026-09-04 05:00:00,300,M4,23.22924423217773
2026-09-04 05:00:00,330,M0,29.90827178955078
2026-09-04 05:00:00,330,M4,24.08480262756348
2026-09-04 05:00:00,360,M0,30.251258850097656
2026-09-04 05:00:00,360,M4,24.57661819458008
2026-09-04 07:00:00,30,M0,13.77713108062744
2026-09-04 07:00:00,30,M4,10.388906478881836
2026-09-04 07:00:00,60,M0,17.725749969482422
2026-09-04 07:00:00,60,M4,13.614460945129396
2026-09-04 07:00:00,90,M0,20.724271774291992
2026-09-04 07:00:00,90,M4,16.37781524658203
2026-09-04 07:00:00,120,M0,22.86560440063477
2026-09-04 07:00:00,120,M4,18.28721237182617
2026-09-04 07:00:00,150,M0,27.17084503173828
2026-09-04 07:00:00,150,M4,21.597936630249023
2026-09-04 07:00:00,180,M0,28.23617553710937
2026-09-04 07:00:00,180,M4,22.429563522338867
2026-09-04 07:00:00,210,M0,28.12010383605957
2026-09-04 07:00:00,210,M4,21.868667602539062
2026-09-04 07:00:00,240,M0,28.5418643951416
2026-09-04 07:00:00,240,M4,22.256715774536133
2026-09-04 07:00:00,270,M0,28.12548828125
2026-09-04 07:00:00,270,M4,22.03685760498047
2026-09-04 07:00:00,300,M0,28.792543411254883
2026-09-04 07:00:00,300,M4,22.7165584564209
2026-09-04 07:00:00,330,M0,28.4718017578125
2026-09-04 07:00:00,330,M4,22.88838577270508
2026-09-04 07:00:00,360,M0,28.379920959472656
2026-09-04 07:00:00,360,M4,23.121337890625
2026-09-04 08:00:00,30,M0,14.752418518066406
2026-09-04 08:00:00,30,M4,11.055255889892578
2026-09-04 08:00:00,60,M0,18.35563087463379
2026-09-04 08:00:00,60,M4,14.357505798339844
2026-09-04 08:00:00,90,M0,23.45752143859864
2026-09-04 08:00:00,90,M4,18.48920631408692
2026-09-04 08:00:00,120,M0,25.41462135314941
2026-09-04 08:00:00,120,M4,20.615488052368164
2026-09-04 08:00:00,150,M0,25.59514808654785
2026-09-04 08:00:00,150,M4,19.990407943725582
2026-09-04 08:00:00,180,M0,26.652910232543945
2026-09-04 08:00:00,180,M4,20.2680892944336
2026-09-04 08:00:00,210,M0,26.524099349975582
2026-09-04 08:00:00,210,M4,20.16722297668457
2026-09-04 08:00:00,240,M0,27.135404586791992
2026-09-04 08:00:00,240,M4,20.724464416503903
2026-09-04 08:00:00,270,M0,26.96290779113769
2026-09-04 08:00:00,270,M4,20.99348831176757
2026-09-04 08:00:00,300,M0,26.999116897583008
2026-09-04 08:00:00,300,M4,21.42839813232422
2026-09-04 08:00:00,330,M0,26.649778366088867
2026-09-04 08:00:00,330,M4,21.40969657897949
2026-09-04 08:00:00,360,M0,27.1335563659668
2026-09-04 08:00:00,360,M4,21.672914505004883
2026-09-04 09:00:00,30,M0,16.56772232055664
2026-09-04 09:00:00,30,M4,13.80811595916748
2026-09-04 09:00:00,60,M0,20.6203842163086
2026-09-04 09:00:00,60,M4,17.319805145263672
2026-09-04 09:00:00,90,M0,22.266014099121094
2026-09-04 09:00:00,90,M4,16.909868240356445
2026-09-04 09:00:00,120,M0,23.65802001953125
2026-09-04 09:00:00,120,M4,17.713857650756836
2026-09-04 09:00:00,150,M0,24.32378196716309
2026-09-04 09:00:00,150,M4,18.109752655029297
2026-09-04 09:00:00,180,M0,25.378795623779297
2026-09-04 09:00:00,180,M4,18.94390296936035
2026-09-04 09:00:00,210,M0,25.42831039428711
2026-09-04 09:00:00,210,M4,19.426313400268555
2026-09-04 09:00:00,240,M0,25.612363815307617
2026-09-04 09:00:00,240,M4,19.93656349182129
2026-09-04 09:00:00,270,M0,25.72120475769043
2026-09-04 09:00:00,270,M4,19.850000381469727
2026-09-04 09:00:00,300,M0,26.086715698242188
2026-09-04 09:00:00,300,M4,20.263885498046875
2026-09-04 09:00:00,330,M0,26.44930458068848
2026-09-04 09:00:00,330,M4,20.13548851013184
2026-09-04 09:00:00,360,M0,27.54011917114257
2026-09-04 09:00:00,360,M4,20.5700798034668
2026-09-04 10:00:00,30,M0,16.326438903808594
2026-09-04 10:00:00,30,M4,12.212182998657228
2026-09-04 10:00:00,60,M0,19.97495079040528
2026-09-04 10:00:00,60,M4,14.274822235107422
2026-09-04 10:00:00,90,M0,21.366485595703125
2026-09-04 10:00:00,90,M4,15.562575340270996
2026-09-04 10:00:00,120,M0,22.58257102966309
2026-09-04 10:00:00,120,M4,16.55485725402832
2026-09-04 10:00:00,150,M0,22.927051544189453
2026-09-04 10:00:00,150,M4,17.462543487548828
2026-09-04 10:00:00,180,M0,23.34234046936035
2026-09-04 10:00:00,180,M4,18.17247200012207
2026-09-04 10:00:00,210,M0,23.15122985839844
2026-09-04 10:00:00,210,M4,18.262977600097656
2026-09-04 10:00:00,240,M0,23.778409957885746
2026-09-04 10:00:00,240,M4,18.93797874450684
2026-09-04 10:00:00,270,M0,23.97307586669922
2026-09-04 10:00:00,270,M4,19.158973693847656
2026-09-04 10:00:00,300,M0,24.95747184753418
2026-09-04 10:00:00,300,M4,20.041791915893555
2026-09-04 10:00:00,330,M0,25.106279373168945
2026-09-04 10:00:00,330,M4,21.01119804382324
2026-09-04 10:00:00,360,M0,25.628562927246094
2026-09-04 10:00:00,360,M4,21.74688720703125
2026-09-04 11:00:00,30,M0,12.716111183166504
2026-09-04 11:00:00,30,M4,9.67326831817627
2026-09-04 11:00:00,60,M0,16.265125274658203
2026-09-04 11:00:00,60,M4,12.35795783996582
2026-09-04 11:00:00,90,M0,18.381357192993164
2026-09-04 11:00:00,90,M4,14.103312492370604
2026-09-04 11:00:00,120,M0,19.75382423400879
2026-09-04 11:00:00,120,M4,15.296056747436523
2026-09-04 11:00:00,150,M0,20.67632484436035
2026-09-04 11:00:00,150,M4,15.810141563415527
2026-09-04 11:00:00,180,M0,21.77893829345703
2026-09-04 11:00:00,180,M4,16.70123863220215
2026-09-04 11:00:00,210,M0,22.342735290527344
2026-09-04 11:00:00,210,M4,16.957319259643555
2026-09-04 11:00:00,240,M0,23.483930587768555
2026-09-04 11:00:00,240,M4,17.52912139892578
2026-09-04 11:00:00,270,M0,23.84248733520508
2026-09-04 11:00:00,270,M4,18.58361053466797
2026-09-04 11:00:00,300,M0,24.46074104309082
2026-09-04 11:00:00,300,M4,19.493099212646484
2026-09-04 11:00:00,330,M0,25.21420669555664
2026-09-04 11:00:00,330,M4,20.690837860107425
2026-09-04 11:00:00,360,M0,26.12983703613281
2026-09-04 11:00:00,360,M4,22.266632080078125
2026-09-04 12:00:00,30,M0,12.294951438903809
2026-09-04 12:00:00,30,M4,9.45049285888672
2026-09-04 12:00:00,60,M0,15.649991035461426
2026-09-04 12:00:00,60,M4,12.2999849319458
2026-09-04 12:00:00,90,M0,17.97592544555664
2026-09-04 12:00:00,90,M4,14.048857688903809
2026-09-04 12:00:00,120,M0,19.80795860290528
2026-09-04 12:00:00,120,M4,15.363641738891602
2026-09-04 12:00:00,150,M0,20.61115837097168
2026-09-04 12:00:00,150,M4,16.066553115844727
2026-09-04 12:00:00,180,M0,21.645771026611328
2026-09-04 12:00:00,180,M4,16.790693283081055
2026-09-04 12:00:00,210,M0,22.213468551635746
2026-09-04 12:00:00,210,M4,17.9573974609375
2026-09-04 12:00:00,240,M0,22.71454811096192
2026-09-04 12:00:00,240,M4,18.660947799682617
2026-09-04 12:00:00,270,M0,23.633338928222656
2026-09-04 12:00:00,270,M4,20.18496322631836
2026-09-04 12:00:00,300,M0,25.014015197753903
2026-09-04 12:00:00,300,M4,21.884721755981445
2026-09-04 12:00:00,330,M0,25.822572708129883
2026-09-04 12:00:00,330,M4,23.501373291015625
2026-09-04 12:00:00,360,M0,26.938838958740234
2026-09-04 12:00:00,360,M4,24.933713912963867
2026-09-04 14:00:00,30,M0,11.79722499847412
2026-09-04 14:00:00,30,M4,9.057765007019045
2026-09-04 14:00:00,60,M0,15.365744590759276
2026-09-04 14:00:00,60,M4,12.089323043823242
2026-09-04 14:00:00,90,M0,17.348447799682617
2026-09-04 14:00:00,90,M4,14.282941818237305
2026-09-04 14:00:00,120,M0,18.545482635498047
2026-09-04 14:00:00,120,M4,15.622602462768556
2026-09-04 14:00:00,150,M0,19.83535385131836
2026-09-04 14:00:00,150,M4,17.144454956054688
2026-09-04 14:00:00,180,M0,21.549373626708984
2026-09-04 14:00:00,180,M4,18.68181800842285
2026-09-04 14:00:00,210,M0,22.78915023803711
2026-09-04 14:00:00,210,M4,20.008852005004883
2026-09-04 14:00:00,240,M0,23.74989318847656
2026-09-04 14:00:00,240,M4,21.11153030395508
2026-09-04 14:00:00,270,M0,24.10222625732422
2026-09-04 14:00:00,270,M4,21.876474380493164
2026-09-04 14:00:00,300,M0,24.43850326538086
2026-09-04 14:00:00,300,M4,22.681758880615234
2026-09-04 14:00:00,330,M0,25.519975662231445
2026-09-04 14:00:00,330,M4,23.74013900756836
2026-09-04 14:00:00,360,M0,26.8095703125
2026-09-04 14:00:00,360,M4,24.43953323364257
2026-09-04 16:00:00,30,M0,12.522387504577637
2026-09-04 16:00:00,30,M4,9.942182540893556
2026-09-04 16:00:00,60,M0,16.512855529785156
2026-09-04 16:00:00,60,M4,13.525568962097168
2026-09-04 16:00:00,90,M0,18.87227439880371
2026-09-04 16:00:00,90,M4,15.883587837219238
2026-09-04 16:00:00,120,M0,20.528743743896484
2026-09-04 16:00:00,120,M4,17.408405303955078
2026-09-04 16:00:00,150,M0,21.22530937194824
2026-09-04 16:00:00,150,M4,18.26034545898437
2026-09-04 16:00:00,180,M0,22.19649124145508
2026-09-04 16:00:00,180,M4,19.284238815307617
2026-09-04 16:00:00,210,M0,23.39061164855957
2026-09-04 16:00:00,210,M4,20.45227432250977
2026-09-04 16:00:00,240,M0,24.54343032836914
2026-09-04 16:00:00,240,M4,21.148494720458984
2026-09-04 16:00:00,270,M0,25.4429931640625
2026-09-04 16:00:00,270,M4,21.89939308166504
2026-09-04 16:00:00,300,M0,25.69907188415528
2026-09-04 16:00:00,300,M4,21.546003341674805
2026-09-04 16:00:00,330,M0,27.701845169067383
2026-09-04 16:00:00,330,M4,22.722383499145508
2026-09-04 16:00:00,360,M0,28.257810592651367
2026-09-04 16:00:00,360,M4,24.372453689575195
2026-09-04 17:00:00,30,M0,12.88527774810791
2026-09-04 17:00:00,30,M4,10.385977745056152
2026-09-04 17:00:00,60,M0,16.743385314941406
2026-09-04 17:00:00,60,M4,13.698784828186035
2026-09-04 17:00:00,90,M0,18.709678649902344
2026-09-04 17:00:00,90,M4,15.759394645690918
2026-09-04 17:00:00,120,M0,20.418418884277344
2026-09-04 17:00:00,120,M4,17.650650024414062
2026-09-04 17:00:00,150,M0,21.89168357849121
2026-09-04 17:00:00,150,M4,19.34980583190918
2026-09-04 17:00:00,180,M0,23.511842727661133
2026-09-04 17:00:00,180,M4,20.670305252075195
2026-09-04 17:00:00,210,M0,24.353458404541016
2026-09-04 17:00:00,210,M4,21.81493759155273
2026-09-04 17:00:00,240,M0,25.193925857543945
2026-09-04 17:00:00,240,M4,22.49471664428711
2026-09-04 17:00:00,270,M0,26.69368362426757
2026-09-04 17:00:00,270,M4,23.803510665893555
2026-09-04 17:00:00,300,M0,26.83603477478028
2026-09-04 17:00:00,300,M4,24.837156295776367
2026-09-04 17:00:00,330,M0,28.275299072265625
2026-09-04 17:00:00,330,M4,25.003530502319336
2026-09-04 17:00:00,360,M0,29.006153106689453
2026-09-04 17:00:00,360,M4,25.08550071716309
2026-09-04 19:00:00,30,M0,13.309778213500977
2026-09-04 19:00:00,30,M4,10.543007850646973
2026-09-04 19:00:00,60,M0,17.444765090942383
2026-09-04 19:00:00,60,M4,14.03532600402832
2026-09-04 19:00:00,90,M0,19.93711280822754
2026-09-04 19:00:00,90,M4,16.609237670898438
2026-09-04 19:00:00,120,M0,22.17499732971192
2026-09-04 19:00:00,120,M4,18.48155403137207
2026-09-04 19:00:00,150,M0,24.262496948242188
2026-09-04 19:00:00,150,M4,20.40707778930664
2026-09-04 19:00:00,180,M0,24.49992179870605
2026-09-04 19:00:00,180,M4,22.4748477935791
2026-09-04 19:00:00,210,M0,25.92268180847168
2026-09-04 19:00:00,210,M4,23.373767852783203
2026-09-04 19:00:00,240,M0,26.58233642578125
2026-09-04 19:00:00,240,M4,23.6886043548584
2026-09-04 19:00:00,270,M0,27.64278030395508
2026-09-04 19:00:00,270,M4,24.08027458190918
2026-09-04 19:00:00,300,M0,28.3484001159668
2026-09-04 19:00:00,300,M4,24.30096244812012
2026-09-04 19:00:00,330,M0,29.414939880371094
2026-09-04 19:00:00,330,M4,24.58994102478028
2026-09-04 19:00:00,360,M0,30.94149208068848
2026-09-04 19:00:00,360,M4,24.88136482238769
2026-09-04 21:10:00,30,M0,14.764508247375488
2026-09-04 21:10:00,30,M4,12.08119010925293
2026-09-04 21:10:00,60,M0,19.70970344543457
2026-09-04 21:10:00,60,M4,16.60328483581543
2026-09-04 21:10:00,90,M0,22.19117546081543
2026-09-04 21:10:00,90,M4,18.494903564453125
2026-09-04 21:10:00,120,M0,23.38189125061035
2026-09-04 21:10:00,120,M4,19.72583770751953
2026-09-04 21:10:00,150,M0,24.88127899169922
2026-09-04 21:10:00,150,M4,20.939382553100582
2026-09-04 21:10:00,180,M0,25.635995864868164
2026-09-04 21:10:00,180,M4,21.68754005432129
2026-09-04 21:10:00,210,M0,27.091466903686523
2026-09-04 21:10:00,210,M4,22.961746215820312
2026-09-04 21:10:00,240,M0,28.746171951293945
2026-09-04 21:10:00,240,M4,24.264318466186523
2026-09-04 21:10:00,270,M0,30.39916038513184
2026-09-04 21:10:00,270,M4,25.36273002624512
2026-09-04 21:10:00,300,M0,31.438098907470703
2026-09-04 21:10:00,300,M4,26.02797508239746
2026-09-04 21:10:00,330,M0,32.478912353515625
2026-09-04 21:10:00,330,M4,26.72539710998535
2026-09-04 21:10:00,360,M0,33.163753509521484
2026-09-04 21:10:00,360,M4,27.17363929748535
2026-09-04 22:00:00,30,M0,15.58093547821045
2026-09-04 22:00:00,30,M4,13.095609664916992
2026-09-04 22:00:00,60,M0,19.13684463500977
2026-09-04 22:00:00,60,M4,15.72347927093506
2026-09-04 22:00:00,90,M0,21.656539916992188
2026-09-04 22:00:00,90,M4,17.440420150756836
2026-09-04 22:00:00,120,M0,23.286544799804688
2026-09-04 22:00:00,120,M4,18.62287330627441
2026-09-04 22:00:00,150,M0,25.34946823120117
2026-09-04 22:00:00,150,M4,19.97208595275879
2026-09-04 22:00:00,180,M0,27.6696891784668
2026-09-04 22:00:00,180,M4,21.83821678161621
2026-09-04 22:00:00,210,M0,29.91848564147949
2026-09-04 22:00:00,210,M4,23.706409454345703
2026-09-04 22:00:00,240,M0,31.0685977935791
2026-09-04 22:00:00,240,M4,24.94915580749512
2026-09-04 22:00:00,270,M0,32.02301025390625
2026-09-04 22:00:00,270,M4,25.812917709350582
2026-09-04 22:00:00,300,M0,32.38174057006836
2026-09-04 22:00:00,300,M4,26.11260032653809
2026-09-04 22:00:00,330,M0,32.76770782470703
2026-09-04 22:00:00,330,M4,26.30624961853028
2026-09-04 22:00:00,360,M0,33.28995132446289
2026-09-04 22:00:00,360,M4,26.193248748779297
2026-09-04 23:00:00,30,M0,14.266481399536133
2026-09-04 23:00:00,30,M4,11.400450706481934
2026-09-04 23:00:00,60,M0,18.15554618835449
2026-09-04 23:00:00,60,M4,14.51768684387207
2026-09-04 23:00:00,90,M0,21.306394577026367
2026-09-04 23:00:00,90,M4,16.90595245361328
2026-09-04 23:00:00,120,M0,23.78162384033203
2026-09-04 23:00:00,120,M4,18.99300575256348
2026-09-04 23:00:00,150,M0,26.413219451904297
2026-09-04 23:00:00,150,M4,20.90927696228028
2026-09-04 23:00:00,180,M0,27.94391822814941
2026-09-04 23:00:00,180,M4,22.35556602478028
2026-09-04 23:00:00,210,M0,29.048513412475582
2026-09-04 23:00:00,210,M4,23.58624267578125
2026-09-04 23:00:00,240,M0,29.57729721069336
2026-09-04 23:00:00,240,M4,24.14064216613769
2026-09-04 23:00:00,270,M0,30.14276123046875
2026-09-04 23:00:00,270,M4,24.406009674072266
2026-09-04 23:00:00,300,M0,30.68840980529785
2026-09-04 23:00:00,300,M4,24.627513885498047
2026-09-04 23:00:00,330,M0,31.1385440826416
2026-09-04 23:00:00,330,M4,24.889015197753903
2026-09-04 23:00:00,360,M0,31.405536651611328
2026-09-04 23:00:00,360,M4,25.32773399353028
2026-09-05 00:40:00,30,M0,14.571454048156738
2026-09-05 00:40:00,30,M4,11.255492210388184
2026-09-05 00:40:00,60,M0,19.308490753173828
2026-09-05 00:40:00,60,M4,14.720429420471191
2026-09-05 00:40:00,90,M0,22.251832962036133
2026-09-05 00:40:00,90,M4,17.196813583374023
2026-09-05 00:40:00,120,M0,24.06936454772949
2026-09-05 00:40:00,120,M4,18.580078125
2026-09-05 00:40:00,150,M0,25.26133346557617
2026-09-05 00:40:00,150,M4,19.968063354492188
2026-09-05 00:40:00,180,M0,26.07211303710937
2026-09-05 00:40:00,180,M4,21.059701919555664
2026-09-05 00:40:00,210,M0,26.602439880371094
2026-09-05 00:40:00,210,M4,21.88267707824707
2026-09-05 00:40:00,240,M0,27.25418472290039
2026-09-05 00:40:00,240,M4,22.461952209472656
2026-09-05 00:40:00,270,M0,28.001941680908203
2026-09-05 00:40:00,270,M4,23.103797912597656
2026-09-05 00:40:00,300,M0,28.60855865478516
2026-09-05 00:40:00,300,M4,23.75918197631836
2026-09-05 00:40:00,330,M0,29.06954765319824
2026-09-05 00:40:00,330,M4,24.03133583068848
2026-09-05 00:40:00,360,M0,29.04855728149414
2026-09-05 00:40:00,360,M4,24.448562622070312
2026-09-05 02:00:00,30,M0,14.326533317565918
2026-09-05 02:00:00,30,M4,11.3887357711792
2026-09-05 02:00:00,60,M0,17.97585678100586
2026-09-05 02:00:00,60,M4,14.636669158935549
2026-09-05 02:00:00,90,M0,20.27046585083008
2026-09-05 02:00:00,90,M4,17.223163604736328
2026-09-05 02:00:00,120,M0,21.77925682067871
2026-09-05 02:00:00,120,M4,18.90492820739746
2026-09-05 02:00:00,150,M0,22.93013000488281
2026-09-05 02:00:00,150,M4,20.051795959472656
2026-09-05 02:00:00,180,M0,24.002859115600582
2026-09-05 02:00:00,180,M4,20.71930313110352
2026-09-05 02:00:00,210,M0,24.949064254760746
2026-09-05 02:00:00,210,M4,21.578882217407227
2026-09-05 02:00:00,270,M0,26.21595001220703
2026-09-05 02:00:00,270,M4,22.8638858795166
2026-09-05 02:00:00,300,M0,26.63461303710937
2026-09-05 02:00:00,300,M4,23.52549171447754
2026-09-05 02:00:00,330,M0,27.504207611083984
2026-09-05 02:00:00,330,M4,24.14110565185547
2026-09-05 02:00:00,360,M0,27.814414978027344
2026-09-05 02:00:00,360,M4,24.231348037719727
2026-09-05 04:00:00,30,M0,13.258212089538574
2026-09-05 04:00:00,30,M4,10.616012573242188
2026-09-05 04:00:00,60,M0,16.926918029785156
2026-09-05 04:00:00,60,M4,13.780506134033203
2026-09-05 04:00:00,90,M0,19.423873901367188
2026-09-05 04:00:00,90,M4,15.8453950881958
2026-09-05 04:00:00,150,M0,22.87102699279785
2026-09-05 04:00:00,150,M4,19.2811222076416
2026-09-05 04:00:00,180,M0,24.091352462768555
2026-09-05 04:00:00,180,M4,20.445104598999023
2026-09-05 04:00:00,210,M0,25.32671356201172
2026-09-05 04:00:00,210,M4,21.59955596923828
2026-09-05 04:00:00,240,M0,26.03847885131836
2026-09-05 04:00:00,240,M4,22.269760131835938
2026-09-05 04:00:00,270,M0,26.856231689453125
2026-09-05 04:00:00,270,M4,22.69290351867676
2026-09-05 04:00:00,300,M0,27.709318161010746
2026-09-05 04:00:00,300,M4,23.472469329833984
2026-09-05 04:00:00,330,M0,28.38753318786621
2026-09-05 04:00:00,330,M4,24.44191551208496
2026-09-05 04:00:00,360,M0,30.06843376159668
2026-09-05 04:00:00,360,M4,25.537322998046875
2026-09-05 09:20:00,30,M0,16.330888748168945
2026-09-05 09:20:00,30,M4,13.762908935546877
2026-09-05 09:20:00,60,M0,19.757556915283203
2026-09-05 09:20:00,60,M4,15.151721000671388
2026-09-05 09:20:00,90,M0,22.188814163208008
2026-09-05 09:20:00,90,M4,16.783742904663086
2026-09-05 09:20:00,120,M0,23.20086479187012
2026-09-05 09:20:00,120,M4,16.63465690612793
2026-09-05 09:20:00,150,M0,24.130678176879883
2026-09-05 09:20:00,150,M4,17.595081329345703
2026-09-05 09:20:00,180,M0,24.79191017150879
2026-09-05 09:20:00,180,M4,18.17353248596192
2026-09-05 09:20:00,210,M0,25.545753479003903
2026-09-05 09:20:00,210,M4,19.4064884185791
2026-09-05 09:20:00,240,M0,25.87290382385254
2026-09-05 09:20:00,240,M4,19.95224952697754
2026-09-05 09:20:00,270,M0,26.34668159484864
2026-09-05 09:20:00,270,M4,21.18265724182129
2026-09-05 09:20:00,300,M0,26.139856338500977
2026-09-05 09:20:00,300,M4,21.3344669342041
2026-09-05 09:20:00,330,M0,26.24858856201172
2026-09-05 09:20:00,330,M4,21.77530670166016
2026-09-05 09:20:00,360,M0,26.48384666442871
2026-09-05 09:20:00,360,M4,22.80281639099121
2026-09-05 12:00:00,30,M0,10.942395210266112
2026-09-05 12:00:00,30,M4,8.802221298217773
2026-09-05 12:00:00,60,M0,14.142355918884276
2026-09-05 12:00:00,60,M4,11.536103248596191
2026-09-05 12:00:00,90,M0,16.442934036254883
2026-09-05 12:00:00,90,M4,13.9822998046875
2026-09-05 12:00:00,120,M0,18.03330993652344
2026-09-05 12:00:00,120,M4,15.356365203857422
2026-09-05 12:00:00,150,M0,18.96532440185547
2026-09-05 12:00:00,150,M4,16.47187614440918
2026-09-05 12:00:00,180,M0,20.01593399047852
2026-09-05 12:00:00,180,M4,16.807363510131836
2026-09-05 12:00:00,210,M0,21.114158630371094
2026-09-05 12:00:00,210,M4,18.23937225341797
2026-09-05 12:00:00,240,M0,21.574886322021484
2026-09-05 12:00:00,240,M4,18.82217597961425
2026-09-05 12:00:00,270,M0,22.673974990844727
2026-09-05 12:00:00,270,M4,20.57029914855957
2026-09-05 12:00:00,300,M0,24.368528366088867
2026-09-05 12:00:00,300,M4,21.734020233154297
2026-09-05 12:00:00,330,M0,25.23694229125977
2026-09-05 12:00:00,330,M4,22.69125938415528
2026-09-05 12:00:00,360,M0,26.10466957092285
2026-09-05 12:00:00,360,M4,23.33548927307129
2026-09-05 13:00:00,30,M0,10.831076622009276
2026-09-05 13:00:00,30,M4,8.879517555236816
2026-09-05 13:00:00,60,M0,14.535816192626951
2026-09-05 13:00:00,60,M4,11.93130588531494
2026-09-05 13:00:00,90,M0,16.769731521606445
2026-09-05 13:00:00,90,M4,13.888861656188965
2026-09-05 13:00:00,120,M0,18.434476852416992
2026-09-05 13:00:00,120,M4,15.028054237365724
2026-09-05 13:00:00,150,M0,19.57575225830078
2026-09-05 13:00:00,150,M4,16.402477264404297
2026-09-05 13:00:00,180,M0,20.74699592590332
2026-09-05 13:00:00,180,M4,17.00275230407715
2026-09-05 13:00:00,210,M0,21.854246139526367
2026-09-05 13:00:00,210,M4,18.611980438232425
2026-09-05 13:00:00,240,M0,23.509361267089844
2026-09-05 13:00:00,240,M4,20.119962692260746
2026-09-05 13:00:00,270,M0,24.201562881469727
2026-09-05 13:00:00,270,M4,21.234560012817383
2026-09-05 13:00:00,300,M0,25.216426849365234
2026-09-05 13:00:00,300,M4,21.971826553344727
2026-09-05 13:00:00,330,M0,25.807472229003903
2026-09-05 13:00:00,330,M4,22.553409576416016
2026-09-05 13:00:00,360,M0,26.015195846557617
2026-09-05 13:00:00,360,M4,22.66746711730957
2026-09-05 14:00:00,30,M0,10.862577438354492
2026-09-05 14:00:00,30,M4,8.818517684936523
2026-09-05 14:00:00,60,M0,14.56145191192627
2026-09-05 14:00:00,60,M4,11.75839900970459
2026-09-05 14:00:00,90,M0,16.60649299621582
2026-09-05 14:00:00,90,M4,13.85348415374756
2026-09-05 14:00:00,120,M0,18.108856201171875
2026-09-05 14:00:00,120,M4,15.169419288635254
2026-09-05 14:00:00,150,M0,19.42384910583496
2026-09-05 14:00:00,150,M4,16.858562469482422
2026-09-05 14:00:00,180,M0,21.108755111694336
2026-09-05 14:00:00,180,M4,18.608190536499023
2026-09-05 14:00:00,210,M0,22.07528305053711
2026-09-05 14:00:00,210,M4,19.68448638916016
2026-09-05 14:00:00,240,M0,23.312519073486328
2026-09-05 14:00:00,240,M4,20.730424880981445
2026-09-05 14:00:00,270,M0,24.28025245666504
2026-09-05 14:00:00,270,M4,21.71536064147949
2026-09-05 14:00:00,300,M0,24.557172775268555
2026-09-05 14:00:00,300,M4,22.25145721435547
2026-09-05 14:00:00,330,M0,24.836301803588867
2026-09-05 14:00:00,330,M4,23.03270149230957
2026-09-05 14:00:00,360,M0,25.40973663330078
2026-09-05 14:00:00,360,M4,23.856977462768555
2026-09-05 16:20:00,30,M0,11.711073875427246
2026-09-05 16:20:00,30,M4,9.843775749206545
2026-09-05 16:20:00,60,M0,15.798779487609863
2026-09-05 16:20:00,60,M4,13.697970390319824
2026-09-05 16:20:00,90,M0,17.743560791015625
2026-09-05 16:20:00,90,M4,15.757803916931152
2026-09-05 16:20:00,120,M0,19.66291046142578
2026-09-05 16:20:00,120,M4,17.68136215209961
2026-09-05 16:20:00,150,M0,21.162158966064453
2026-09-05 16:20:00,150,M4,18.8941707611084
2026-09-05 16:20:00,180,M0,22.426172256469727
2026-09-05 16:20:00,180,M4,19.98078727722168
2026-09-05 16:20:00,210,M0,23.117883682250977
2026-09-05 16:20:00,210,M4,21.20794486999512
2026-09-05 16:20:00,240,M0,24.25707626342773
2026-09-05 16:20:00,240,M4,22.591766357421875
2026-09-05 16:20:00,270,M0,25.042953491210938
2026-09-05 16:20:00,270,M4,23.75676345825196
2026-09-05 16:20:00,300,M0,25.963441848754883
2026-09-05 16:20:00,300,M4,25.20395851135254
2026-09-05 16:20:00,330,M0,26.772241592407227
2026-09-05 16:20:00,330,M4,25.38317108154297
2026-09-05 16:20:00,360,M0,27.462520599365234
2026-09-05 16:20:00,360,M4,25.64642906188965
2026-09-05 18:00:00,30,M0,12.357402801513672
2026-09-05 18:00:00,30,M4,9.789591789245604
2026-09-05 18:00:00,60,M0,16.25996971130371
2026-09-05 18:00:00,60,M4,13.165623664855955
2026-09-05 18:00:00,90,M0,18.535926818847656
2026-09-05 18:00:00,90,M4,15.6054048538208
2026-09-05 18:00:00,120,M0,20.282447814941406
2026-09-05 18:00:00,120,M4,17.7863712310791
2026-09-05 18:00:00,150,M0,21.658775329589844
2026-09-05 18:00:00,150,M4,19.77240943908692
2026-09-05 18:00:00,180,M0,23.099353790283203
2026-09-05 18:00:00,180,M4,21.81511116027832
2026-09-05 18:00:00,210,M0,23.69916534423828
2026-09-05 18:00:00,210,M4,23.134620666503903
2026-09-05 18:00:00,240,M0,25.070310592651367
2026-09-05 18:00:00,240,M4,23.51520729064941
2026-09-05 18:00:00,270,M0,26.343965530395508
2026-09-05 18:00:00,270,M4,24.866498947143555
2026-09-05 18:00:00,300,M0,26.683639526367188
2026-09-05 18:00:00,300,M4,25.747528076171875
2026-09-05 18:00:00,330,M0,26.740108489990234
2026-09-05 18:00:00,330,M4,25.745649337768555
2026-09-05 18:00:00,360,M0,26.98205947875977
2026-09-05 18:00:00,360,M4,25.70105743408203
2026-09-05 19:10:00,30,M0,11.993618965148926
2026-09-05 19:10:00,30,M4,9.52956199645996
2026-09-05 19:10:00,60,M0,16.11095428466797
2026-09-05 19:10:00,60,M4,13.180059432983398
2026-09-05 19:10:00,90,M0,19.00836944580078
2026-09-05 19:10:00,90,M4,16.008039474487305
2026-09-05 19:10:00,120,M0,20.85774803161621
2026-09-05 19:10:00,120,M4,18.41109848022461
2026-09-05 19:10:00,150,M0,22.47215843200684
2026-09-05 19:10:00,150,M4,20.115219116210938
2026-09-05 19:10:00,180,M0,24.33851432800293
2026-09-05 19:10:00,180,M4,21.559606552124023
2026-09-05 19:10:00,210,M0,25.28453254699707
2026-09-05 19:10:00,210,M4,23.07655143737793
2026-09-05 19:10:00,240,M0,25.55401992797852
2026-09-05 19:10:00,240,M4,23.97319984436035
2026-09-05 19:10:00,270,M0,25.666841506958008
2026-09-05 19:10:00,270,M4,24.056459426879883
2026-09-05 19:10:00,300,M0,25.99176025390625
2026-09-05 19:10:00,300,M4,24.147125244140625
2026-09-05 19:10:00,330,M0,27.11659240722656
2026-09-05 19:10:00,330,M4,24.200889587402344
2026-09-05 19:10:00,360,M0,28.96773910522461
2026-09-05 19:10:00,360,M4,25.0765438079834
2026-09-05 21:00:00,30,M0,13.794229507446287
2026-09-05 21:00:00,30,M4,11.621987342834473
2026-09-05 21:00:00,60,M0,17.922780990600586
2026-09-05 21:00:00,60,M4,15.238330841064451
2026-09-05 21:00:00,90,M0,20.9986572265625
2026-09-05 21:00:00,90,M4,18.040042877197266
2026-09-05 21:00:00,120,M0,21.984594345092773
2026-09-05 21:00:00,120,M4,19.714868545532227
2026-09-05 21:00:00,150,M0,22.203346252441406
2026-09-05 21:00:00,150,M4,20.51045227050781
2026-09-05 21:00:00,180,M0,22.7364501953125
2026-09-05 21:00:00,180,M4,21.19574737548828
2026-09-05 21:00:00,210,M0,23.913047790527344
2026-09-05 21:00:00,210,M4,21.95981216430664
2026-09-05 21:00:00,240,M0,26.052526473999023
2026-09-05 21:00:00,240,M4,23.272247314453125
2026-09-05 21:00:00,270,M0,27.979637145996094
2026-09-05 21:00:00,270,M4,24.408735275268555
2026-09-05 21:00:00,300,M0,29.278562545776367
2026-09-05 21:00:00,300,M4,25.50230598449707
2026-09-05 21:00:00,330,M0,29.81990623474121
2026-09-05 21:00:00,330,M4,25.900375366210938
2026-09-05 21:00:00,360,M0,30.30862808227539
2026-09-05 21:00:00,360,M4,26.268123626708984
2026-09-05 23:00:00,30,M0,13.267340660095217
2026-09-05 23:00:00,30,M4,10.420648574829102
2026-09-05 23:00:00,60,M0,17.490407943725586
2026-09-05 23:00:00,60,M4,14.080069541931152
2026-09-05 23:00:00,90,M0,20.541820526123047
2026-09-05 23:00:00,90,M4,16.92877769470215
2026-09-05 23:00:00,120,M0,23.39701271057129
2026-09-05 23:00:00,120,M4,19.48813247680664
2026-09-05 23:00:00,150,M0,25.71745491027832
2026-09-05 23:00:00,150,M4,21.593486785888672
2026-09-05 23:00:00,180,M0,27.40839958190918
2026-09-05 23:00:00,180,M4,23.02445411682129
2026-09-05 23:00:00,210,M0,27.941802978515625
2026-09-05 23:00:00,210,M4,23.9951400756836
2026-09-05 23:00:00,240,M0,28.70171165466309
2026-09-05 23:00:00,240,M4,24.97496223449707
2026-09-05 23:00:00,270,M0,29.483055114746094
2026-09-05 23:00:00,270,M4,25.65062141418457
2026-09-05 23:00:00,300,M0,30.606504440307617
2026-09-05 23:00:00,300,M4,26.324766159057617
2026-09-05 23:00:00,330,M0,31.14616203308105
2026-09-05 23:00:00,330,M4,26.924835205078125
2026-09-05 23:00:00,360,M0,31.56875991821289
2026-09-05 23:00:00,360,M4,27.27915382385254
2026-09-06 00:00:00,30,M0,13.681310653686523
2026-09-06 00:00:00,30,M4,10.601442337036133
2026-09-06 00:00:00,60,M0,19.19318580627441
2026-09-06 00:00:00,60,M4,15.19907569885254
2026-09-06 00:00:00,90,M0,22.711469650268555
2026-09-06 00:00:00,90,M4,18.219467163085938
2026-09-06 00:00:00,120,M0,25.024320602416992
2026-09-06 00:00:00,120,M4,20.341083526611328
2026-09-06 00:00:00,150,M0,26.139535903930664
2026-09-06 00:00:00,150,M4,21.86021423339844
2026-09-06 00:00:00,180,M0,27.21152877807617
2026-09-06 00:00:00,180,M4,23.242172241210938
2026-09-06 00:00:00,210,M0,28.00864219665528
2026-09-06 00:00:00,210,M4,24.214824676513672
2026-09-06 00:00:00,240,M0,29.373952865600582
2026-09-06 00:00:00,240,M4,24.92949676513672
2026-09-06 00:00:00,270,M0,30.02567481994629
2026-09-06 00:00:00,270,M4,25.71689414978028
2026-09-06 00:00:00,300,M0,30.39085960388184
2026-09-06 00:00:00,300,M4,26.480812072753903
2026-09-06 00:00:00,330,M0,30.774662017822266
2026-09-06 00:00:00,330,M4,27.097654342651367
2026-09-06 01:00:00,30,M0,14.603293418884276
2026-09-06 01:00:00,30,M4,11.149731636047363
2026-09-06 01:00:00,60,M0,19.15488815307617
2026-09-06 01:00:00,60,M4,14.97137451171875
2026-09-06 01:00:00,90,M0,21.52292251586914
2026-09-06 01:00:00,90,M4,17.545494079589844
2026-09-06 01:00:00,120,M0,23.472251892089844
2026-09-06 01:00:00,120,M4,19.708208084106445
2026-09-06 01:00:00,150,M0,24.77642250061035
2026-09-06 01:00:00,150,M4,21.36852264404297
2026-09-06 01:00:00,180,M0,26.23237037658692
2026-09-06 01:00:00,180,M4,22.455684661865234
2026-09-06 01:00:00,210,M0,27.33185195922852
2026-09-06 01:00:00,210,M4,23.47636604309082
2026-09-06 01:00:00,240,M0,28.06670188903809
2026-09-06 01:00:00,240,M4,24.18225479125977
2026-09-06 01:00:00,270,M0,28.753171920776367
2026-09-06 01:00:00,270,M4,24.801414489746094
2026-09-06 01:00:00,330,M0,28.72287940979004
2026-09-06 01:00:00,330,M4,25.9311752319336
2026-09-06 01:00:00,360,M0,28.52582740783692
2026-09-06 01:00:00,360,M4,26.21822929382324
2026-09-06 08:00:00,30,M0,14.486892700195312
2026-09-06 08:00:00,30,M4,10.90673828125
2026-09-06 08:00:00,60,M0,18.512470245361328
2026-09-06 08:00:00,60,M4,14.497845649719238
2026-09-06 08:00:00,90,M0,21.252864837646484
2026-09-06 08:00:00,90,M4,16.847614288330078
2026-09-06 08:00:00,120,M0,22.946870803833008
2026-09-06 08:00:00,120,M4,17.201467514038086
2026-09-06 08:00:00,150,M0,23.191436767578125
2026-09-06 08:00:00,150,M4,17.650392532348633
2026-09-06 08:00:00,180,M0,23.80099296569824
2026-09-06 08:00:00,180,M4,18.01827812194824
2026-09-06 08:00:00,210,M0,24.697498321533203
2026-09-06 08:00:00,210,M4,18.664669036865234
2026-09-06 08:00:00,240,M0,25.19686889648437
2026-09-06 08:00:00,240,M4,19.014572143554688
2026-09-06 08:00:00,270,M0,25.30038833618164
2026-09-06 08:00:00,270,M4,19.57617378234864
2026-09-06 08:00:00,300,M0,25.69764518737793
2026-09-06 08:00:00,300,M4,19.86050796508789
2026-09-06 08:00:00,330,M0,26.213422775268555
2026-09-06 08:00:00,330,M4,19.968280792236328
2026-09-06 08:00:00,360,M0,26.850133895874023
2026-09-06 08:00:00,360,M4,20.064870834350582
2026-09-06 09:00:00,30,M0,15.335515975952148
2026-09-06 09:00:00,30,M4,13.436200141906738
2026-09-06 09:00:00,60,M0,18.455717086791992
2026-09-06 09:00:00,60,M4,14.774194717407228
2026-09-06 09:00:00,90,M0,20.483510971069336
2026-09-06 09:00:00,90,M4,15.567190170288086
2026-09-06 09:00:00,120,M0,21.45305633544922
2026-09-06 09:00:00,120,M4,16.0388126373291
2026-09-06 09:00:00,150,M0,22.448978424072266
2026-09-06 09:00:00,150,M4,16.728700637817383
2026-09-06 09:00:00,180,M0,23.04831314086914
2026-09-06 09:00:00,180,M4,17.255157470703125
2026-09-06 09:00:00,210,M0,23.57756996154785
2026-09-06 09:00:00,210,M4,17.936222076416016
2026-09-06 09:00:00,240,M0,24.09804916381836
2026-09-06 09:00:00,240,M4,18.390775680541992
2026-09-06 09:00:00,270,M0,24.71013641357422
2026-09-06 09:00:00,270,M4,18.766645431518555
2026-09-06 09:00:00,300,M0,25.531856536865234
2026-09-06 09:00:00,300,M4,19.007810592651367
2026-09-06 09:00:00,330,M0,26.466947555541992
2026-09-06 09:00:00,330,M4,19.2800521850586
2026-09-06 09:00:00,360,M0,27.290864944458008
2026-09-06 09:00:00,360,M4,19.513784408569336
2026-09-06 10:00:00,30,M0,14.378857612609863
2026-09-06 10:00:00,30,M4,10.567822456359863
2026-09-06 10:00:00,60,M0,16.825498580932617
2026-09-06 10:00:00,60,M4,12.648454666137695
2026-09-06 10:00:00,90,M0,18.49287986755371
2026-09-06 10:00:00,90,M4,14.57504940032959
2026-09-06 10:00:00,120,M0,19.369604110717773
2026-09-06 10:00:00,120,M4,15.637720108032228
2026-09-06 10:00:00,150,M0,19.967565536499023
2026-09-06 10:00:00,150,M4,16.60944366455078
2026-09-06 10:00:00,180,M0,20.406373977661133
2026-09-06 10:00:00,180,M4,17.382564544677734
2026-09-06 10:00:00,210,M0,20.881303787231445
2026-09-06 10:00:00,210,M4,18.09284782409668
2026-09-06 10:00:00,240,M0,21.5672550201416
2026-09-06 10:00:00,240,M4,18.634286880493164
2026-09-06 10:00:00,270,M0,22.27149200439453
2026-09-06 10:00:00,270,M4,19.28896713256836
2026-09-06 10:00:00,300,M0,22.861007690429688
2026-09-06 10:00:00,300,M4,19.69228172302246
2026-09-06 10:00:00,330,M0,23.702173233032227
2026-09-06 10:00:00,330,M4,20.867555618286133
2026-09-06 10:00:00,360,M0,24.388675689697266
2026-09-06 10:00:00,360,M4,21.41939926147461
2026-09-06 11:00:00,30,M0,11.59908390045166
2026-09-06 11:00:00,30,M4,9.078513145446776
2026-09-06 11:00:00,60,M0,14.518423080444336
2026-09-06 11:00:00,60,M4,11.717158317565918
2026-09-06 11:00:00,90,M0,16.30680274963379
2026-09-06 11:00:00,90,M4,13.620145797729492
2026-09-06 11:00:00,120,M0,17.67961883544922
2026-09-06 11:00:00,120,M4,15.059233665466309
2026-09-06 11:00:00,150,M0,18.658710479736328
2026-09-06 11:00:00,150,M4,15.940868377685549
2026-09-06 11:00:00,180,M0,19.46651268005371
2026-09-06 11:00:00,180,M4,16.67440414428711
2026-09-06 11:00:00,210,M0,20.29804992675781
2026-09-06 11:00:00,210,M4,17.3388671875
2026-09-06 11:00:00,240,M0,20.9316463470459
2026-09-06 11:00:00,240,M4,17.59699821472168
2026-09-06 11:00:00,270,M0,21.845422744750977
2026-09-06 11:00:00,270,M4,18.291486740112305
2026-09-06 11:00:00,300,M0,22.43161392211914
2026-09-06 11:00:00,300,M4,18.559160232543945
2026-09-06 11:00:00,330,M0,23.051570892333984
2026-09-06 11:00:00,330,M4,19.407670974731445
2026-09-06 11:00:00,360,M0,23.75008583068848
2026-09-06 11:00:00,360,M4,20.68886947631836
2026-09-06 12:00:00,30,M0,11.27341651916504
2026-09-06 12:00:00,30,M4,8.590721130371094
2026-09-06 12:00:00,60,M0,14.24126148223877
2026-09-06 12:00:00,60,M4,10.841572761535645
2026-09-06 12:00:00,90,M0,15.988641738891602
2026-09-06 12:00:00,90,M4,12.328585624694824
2026-09-06 12:00:00,120,M0,17.42518424987793
2026-09-06 12:00:00,120,M4,13.312021255493164
2026-09-06 12:00:00,150,M0,18.316267013549805
2026-09-06 12:00:00,150,M4,14.187219619750977
2026-09-06 12:00:00,180,M0,19.21234130859375
2026-09-06 12:00:00,180,M4,14.78959846496582
2026-09-06 12:00:00,210,M0,20.151996612548828
2026-09-06 12:00:00,210,M4,15.885608673095703
2026-09-06 12:00:00,240,M0,20.751893997192383
2026-09-06 12:00:00,240,M4,16.495094299316406
2026-09-06 12:00:00,270,M0,21.43055725097656
2026-09-06 12:00:00,270,M4,17.623056411743164
2026-09-06 12:00:00,300,M0,22.133808135986328
2026-09-06 12:00:00,300,M4,19.11507225036621
2026-09-06 12:00:00,330,M0,23.089120864868164
2026-09-06 12:00:00,330,M4,20.231077194213867
2026-09-06 12:00:00,360,M0,23.99394989013672
2026-09-06 12:00:00,360,M4,21.21651268005371
2026-09-06 17:00:00,30,M0,11.168935775756836
2026-09-06 17:00:00,30,M4,8.819733619689941
2026-09-06 17:00:00,60,M0,14.33346462249756
2026-09-06 17:00:00,60,M4,11.72887897491455
2026-09-06 17:00:00,90,M0,15.897801399230955
2026-09-06 17:00:00,90,M4,13.443096160888672
2026-09-06 17:00:00,120,M0,17.575557708740234
2026-09-06 17:00:00,120,M4,15.120993614196776
2026-09-06 17:00:00,150,M0,18.83702087402344
2026-09-06 17:00:00,150,M4,16.58376121520996
2026-09-06 17:00:00,180,M0,20.020484924316406
2026-09-06 17:00:00,180,M4,17.700895309448242
2026-09-06 17:00:00,210,M0,21.10860252380371
2026-09-06 17:00:00,210,M4,18.27835273742676
2026-09-06 17:00:00,240,M0,22.408918380737305
2026-09-06 17:00:00,240,M4,18.73895835876465
2026-09-06 17:00:00,270,M0,23.499462127685547
2026-09-06 17:00:00,270,M4,19.32676124572754
2026-09-06 17:00:00,300,M0,24.99860954284668
2026-09-06 17:00:00,300,M4,20.548797607421875
2026-09-06 17:00:00,330,M0,25.949419021606445
2026-09-06 17:00:00,330,M4,21.29228401184082
2026-09-06 17:00:00,360,M0,26.66897201538086
2026-09-06 17:00:00,360,M4,21.83853912353516
2026-09-06 20:00:00,30,M0,12.271681785583496
2026-09-06 20:00:00,30,M4,9.408329963684082
2026-09-06 20:00:00,60,M0,16.53539276123047
2026-09-06 20:00:00,60,M4,12.910640716552734
2026-09-06 20:00:00,90,M0,19.13752174377441
2026-09-06 20:00:00,90,M4,14.947720527648926
2026-09-06 20:00:00,120,M0,20.907032012939453
2026-09-06 20:00:00,120,M4,16.052480697631836
2026-09-06 20:00:00,150,M0,22.06266593933105
2026-09-06 20:00:00,150,M4,17.688520431518555
2026-09-06 20:00:00,180,M0,22.796741485595703
2026-09-06 20:00:00,180,M4,18.60453414916992
2026-09-06 20:00:00,210,M0,22.96150588989257
2026-09-06 20:00:00,210,M4,19.59103202819824
2026-09-06 20:00:00,240,M0,23.55618095397949
2026-09-06 20:00:00,240,M4,20.43163299560547
2026-09-06 20:00:00,270,M0,24.96773147583008
2026-09-06 20:00:00,270,M4,21.821195602416992
2026-09-06 20:00:00,300,M0,26.83729553222656
2026-09-06 20:00:00,300,M4,23.18364143371582
2026-09-06 20:00:00,330,M0,27.6169548034668
2026-09-06 20:00:00,330,M4,24.12681007385254
2026-09-06 20:00:00,360,M0,28.58767890930176
2026-09-06 20:00:00,360,M4,24.78761482238769
2026-09-06 22:00:00,30,M0,14.522476196289062
2026-09-06 22:00:00,30,M4,11.640262603759766
2026-09-06 22:00:00,60,M0,17.30758285522461
2026-09-06 22:00:00,60,M4,14.377264976501465
2026-09-06 22:00:00,90,M0,19.173009872436523
2026-09-06 22:00:00,90,M4,16.171062469482422
2026-09-06 22:00:00,120,M0,20.825061798095703
2026-09-06 22:00:00,120,M4,17.61289405822754
2026-09-06 22:00:00,150,M0,22.707319259643555
2026-09-06 22:00:00,150,M4,19.30413055419922
2026-09-06 22:00:00,180,M0,24.62387084960937
2026-09-06 22:00:00,180,M4,20.792123794555664
2026-09-06 22:00:00,210,M0,25.86295890808105
2026-09-06 22:00:00,210,M4,21.979869842529297
2026-09-06 22:00:00,240,M0,26.798805236816406
2026-09-06 22:00:00,240,M4,23.014806747436523
2026-09-06 22:00:00,270,M0,27.774518966674805
2026-09-06 22:00:00,270,M4,23.804914474487305
2026-09-06 22:00:00,300,M0,28.28766250610352
2026-09-06 22:00:00,300,M4,24.35994529724121
2026-09-06 22:00:00,330,M0,28.67366981506348
2026-09-06 22:00:00,330,M4,25.05102157592773
2026-09-06 22:00:00,360,M0,28.87251281738281
2026-09-06 22:00:00,360,M4,25.68497085571289
2026-09-06 23:00:00,30,M0,13.327095985412598
2026-09-06 23:00:00,30,M4,10.353927612304688
2026-09-06 23:00:00,60,M0,17.147167205810547
2026-09-06 23:00:00,60,M4,13.464681625366213
2026-09-06 23:00:00,90,M0,20.02617645263672
2026-09-06 23:00:00,90,M4,16.117481231689453
2026-09-06 23:00:00,120,M0,22.252439498901367
2026-09-06 23:00:00,120,M4,18.41813850402832
2026-09-06 23:00:00,150,M0,23.977689743041992
2026-09-06 23:00:00,150,M4,20.26676750183105
2026-09-06 23:00:00,180,M0,25.185028076171875
2026-09-06 23:00:00,180,M4,21.79570579528809
2026-09-06 23:00:00,210,M0,26.275634765625
2026-09-06 23:00:00,210,M4,22.802677154541016
2026-09-06 23:00:00,240,M0,26.988046646118164
2026-09-06 23:00:00,240,M4,23.56577682495117
2026-09-06 23:00:00,270,M0,27.37946128845215
2026-09-06 23:00:00,270,M4,24.499963760375977
2026-09-06 23:00:00,300,M0,27.76050567626953
2026-09-06 23:00:00,300,M4,25.238983154296875
2026-09-06 23:00:00,330,M0,28.741209030151367
2026-09-06 23:00:00,330,M4,26.06171417236328
2026-09-06 23:00:00,360,M0,29.03173828125
2026-09-06 23:00:00,360,M4,26.55221176147461
2026-09-07 00:00:00,30,M0,13.662010192871094
2026-09-07 00:00:00,30,M4,10.532967567443848
2026-09-07 00:00:00,60,M0,18.145885467529297
2026-09-07 00:00:00,60,M4,14.308022499084473
2026-09-07 00:00:00,90,M0,20.79129219055176
2026-09-07 00:00:00,90,M4,16.852191925048828
2026-09-07 00:00:00,120,M0,22.69019317626953
2026-09-07 00:00:00,120,M4,18.84589195251465
2026-09-07 00:00:00,150,M0,24.21958541870117
2026-09-07 00:00:00,150,M4,20.22060203552246
2026-09-07 00:00:00,180,M0,25.2244930267334
2026-09-07 00:00:00,180,M4,21.43800544738769
2026-09-07 00:00:00,210,M0,25.91242027282715
2026-09-07 00:00:00,210,M4,22.70160484313965
2026-09-07 00:00:00,240,M0,26.74498748779297
2026-09-07 00:00:00,240,M4,23.895471572875977
2026-09-07 00:00:00,270,M0,27.73836708068848
2026-09-07 00:00:00,270,M4,25.219030380249023
2026-09-07 00:00:00,300,M0,28.466293334960938
2026-09-07 00:00:00,300,M4,26.22933006286621
2026-09-07 00:00:00,330,M0,29.0602970123291
2026-09-07 00:00:00,330,M4,26.986644744873047
2026-09-07 01:00:00,30,M0,14.106518745422363
2026-09-07 01:00:00,30,M4,10.98917293548584
2026-09-07 01:00:00,60,M0,18.2336540222168
2026-09-07 01:00:00,60,M4,14.643780708312988
2026-09-07 01:00:00,90,M0,20.665302276611328
2026-09-07 01:00:00,90,M4,16.95659828186035
2026-09-07 01:00:00,120,M0,22.4691162109375
2026-09-07 01:00:00,120,M4,18.978458404541016
2026-09-07 01:00:00,150,M0,23.92402458190918
2026-09-07 01:00:00,150,M4,20.74668312072754
2026-09-07 01:00:00,180,M0,24.79059791564941
2026-09-07 01:00:00,180,M4,22.02786636352539
2026-09-07 01:00:00,210,M0,25.729955673217773
2026-09-07 01:00:00,210,M4,23.416336059570312
2026-09-07 01:00:00,240,M0,26.63361930847168
2026-09-07 01:00:00,240,M4,24.46392059326172
2026-09-07 01:00:00,270,M0,27.63456344604492
2026-09-07 01:00:00,270,M4,25.36603736877441
2026-09-07 01:00:00,330,M0,29.076736450195312
2026-09-07 01:00:00,330,M4,26.27634620666504
2026-09-07 01:00:00,360,M0,29.938268661499023
2026-09-07 01:00:00,360,M4,26.56389045715332
2026-09-07 02:00:00,30,M0,13.983687400817873
2026-09-07 02:00:00,30,M4,10.80101203918457
2026-09-07 02:00:00,60,M0,18.08125305175781
2026-09-07 02:00:00,60,M4,14.280521392822266
2026-09-07 02:00:00,90,M0,20.80545234680176
2026-09-07 02:00:00,90,M4,16.669763565063477
2026-09-07 02:00:00,120,M0,22.679807662963867
2026-09-07 02:00:00,120,M4,18.57755470275879
2026-09-07 02:00:00,150,M0,24.088926315307617
2026-09-07 02:00:00,150,M4,20.34489250183105
2026-09-07 02:00:00,180,M0,25.206382751464844
2026-09-07 02:00:00,180,M4,21.803709030151367
2026-09-07 02:00:00,210,M0,26.115467071533203
2026-09-07 02:00:00,210,M4,22.879688262939453
2026-09-07 02:00:00,270,M0,28.4414176940918
2026-09-07 02:00:00,270,M4,24.310285568237305
2026-09-07 02:00:00,300,M0,29.46722412109375
2026-09-07 02:00:00,300,M4,25.00324249267578
2026-09-07 02:00:00,330,M0,30.33822250366211
2026-09-07 02:00:00,330,M4,25.536365509033203
2026-09-07 02:00:00,360,M0,31.041486740112305
2026-09-07 02:00:00,360,M4,26.332490921020508
2026-09-07 03:00:00,30,M0,14.231083869934082
2026-09-07 03:00:00,30,M4,11.094377517700195
2026-09-07 03:00:00,60,M0,18.29384422302246
2026-09-07 03:00:00,60,M4,14.276628494262695
2026-09-07 03:00:00,90,M0,20.813100814819336
2026-09-07 03:00:00,90,M4,16.57148551940918
2026-09-07 03:00:00,120,M0,22.70779800415039
2026-09-07 03:00:00,120,M4,18.231979370117188
2026-09-07 03:00:00,150,M0,24.17960548400879
2026-09-07 03:00:00,150,M4,19.59444236755371
2026-09-07 03:00:00,210,M0,26.39966583251953
2026-09-07 03:00:00,210,M4,21.741605758666992
2026-09-07 03:00:00,240,M0,27.57934761047364
2026-09-07 03:00:00,240,M4,23.03126335144043
2026-09-07 03:00:00,270,M0,28.57752799987793
2026-09-07 03:00:00,270,M4,24.069738388061523
2026-09-07 03:00:00,300,M0,29.51889419555664
2026-09-07 03:00:00,300,M4,25.02831077575684
2026-09-07 03:00:00,330,M0,30.71063041687012
2026-09-07 03:00:00,330,M4,25.74873161315918
2026-09-07 03:00:00,360,M0,33.380828857421875
2026-09-07 03:00:00,360,M4,26.494447708129883
2026-09-07 04:00:00,30,M0,14.001297950744627
2026-09-07 04:00:00,30,M4,10.906197547912598
2026-09-07 04:00:00,60,M0,18.05752754211425
2026-09-07 04:00:00,60,M4,13.930319786071776
2026-09-07 04:00:00,90,M0,20.56062698364257
2026-09-07 04:00:00,90,M4,16.12714385986328
2026-09-07 04:00:00,150,M0,23.618797302246094
2026-09-07 04:00:00,150,M4,19.175004959106445
2026-09-07 04:00:00,180,M0,25.261255264282227
2026-09-07 04:00:00,180,M4,20.428991317749023
2026-09-07 04:00:00,210,M0,26.480297088623047
2026-09-07 04:00:00,210,M4,21.23255729675293
2026-09-07 04:00:00,240,M0,27.7614688873291
2026-09-07 04:00:00,240,M4,22.34162712097168
2026-09-07 04:00:00,270,M0,29.37226676940918
2026-09-07 04:00:00,270,M4,23.170764923095703
2026-09-07 04:00:00,300,M0,31.79895782470703
2026-09-07 04:00:00,300,M4,23.84530067443848
2026-09-07 04:00:00,330,M0,32.689579010009766
2026-09-07 04:00:00,330,M4,25.60870933532715
2026-09-07 04:00:00,360,M0,33.227779388427734
2026-09-07 04:00:00,360,M4,26.67409896850586
2026-09-07 05:00:00,30,M0,14.411986351013184
2026-09-07 05:00:00,30,M4,11.094677925109863
2026-09-07 05:00:00,90,M0,20.498159408569336
2026-09-07 05:00:00,90,M4,16.38765525817871
2026-09-07 05:00:00,120,M0,22.72502899169922
2026-09-07 05:00:00,120,M4,18.38817405700684
2026-09-07 05:00:00,150,M0,24.24088859558105
2026-09-07 05:00:00,150,M4,19.69198226928711
2026-09-07 05:00:00,180,M0,25.961170196533203
2026-09-07 05:00:00,180,M4,20.947322845458984
2026-09-07 05:00:00,210,M0,27.67231178283692
2026-09-07 05:00:00,210,M4,22.00533866882324
2026-09-07 05:00:00,240,M0,30.26321220397949
2026-09-07 05:00:00,240,M4,22.95089340209961
2026-09-07 05:00:00,270,M0,31.331960678100582
2026-09-07 05:00:00,270,M4,25.02462387084961
2026-09-07 05:00:00,300,M0,32.54051971435547
2026-09-07 05:00:00,300,M4,24.859724044799805
2026-09-07 05:00:00,330,M0,33.224952697753906
2026-09-07 05:00:00,330,M4,24.998414993286133
2026-09-07 05:00:00,360,M0,34.02000045776367
2026-09-07 05:00:00,360,M4,25.621950149536133
2026-09-07 07:00:00,30,M0,15.19495964050293
2026-09-07 07:00:00,30,M4,11.508928298950195
2026-09-07 07:00:00,60,M0,20.00468063354492
2026-09-07 07:00:00,60,M4,15.063118934631348
2026-09-07 07:00:00,90,M0,23.34659767150879
2026-09-07 07:00:00,90,M4,17.54206085205078
2026-09-07 07:00:00,120,M0,25.74683952331543
2026-09-07 07:00:00,120,M4,19.66653823852539
2026-09-07 07:00:00,150,M0,28.40635108947754
2026-09-07 07:00:00,150,M4,22.40422439575196
2026-09-07 07:00:00,180,M0,29.376296997070312
2026-09-07 07:00:00,180,M4,22.58283042907715
2026-09-07 07:00:00,210,M0,30.22796058654785
2026-09-07 07:00:00,210,M4,22.68356132507324
2026-09-07 07:00:00,240,M0,31.21858787536621
2026-09-07 07:00:00,240,M4,23.044721603393555
2026-09-07 07:00:00,270,M0,31.233970642089844
2026-09-07 07:00:00,270,M4,23.17618179321289
2026-09-07 07:00:00,300,M0,31.62500762939453
2026-09-07 07:00:00,300,M4,23.916976928710938
2026-09-07 07:00:00,330,M0,31.672237396240234
2026-09-07 07:00:00,330,M4,25.005447387695312
2026-09-07 07:00:00,360,M0,32.147247314453125
2026-09-07 07:00:00,360,M4,26.058088302612305
2026-09-07 08:00:00,30,M0,15.614542961120604
2026-09-07 08:00:00,30,M4,11.907261848449709
2026-09-07 08:00:00,60,M0,20.28084373474121
2026-09-07 08:00:00,60,M4,16.334247589111328
2026-09-07 08:00:00,90,M0,24.64068603515625
2026-09-07 08:00:00,90,M4,19.46453094482422
2026-09-07 08:00:00,120,M0,26.95780563354492
2026-09-07 08:00:00,120,M4,19.88411521911621
2026-09-07 08:00:00,150,M0,27.852508544921875
2026-09-07 08:00:00,150,M4,19.86672019958496
2026-09-07 08:00:00,180,M0,28.8355712890625
2026-09-07 08:00:00,180,M4,20.320619583129883
2026-09-07 08:00:00,210,M0,29.39213180541992
2026-09-07 08:00:00,210,M4,20.667625427246094
2026-09-07 08:00:00,240,M0,29.8252182006836
2026-09-07 08:00:00,240,M4,21.43568229675293
2026-09-07 08:00:00,270,M0,29.88121223449707
2026-09-07 08:00:00,270,M4,22.638193130493164
2026-09-07 08:00:00,300,M0,30.34401512145996
2026-09-07 08:00:00,300,M4,23.46386909484864
2026-09-07 08:00:00,330,M0,30.45069122314453
2026-09-07 08:00:00,330,M4,24.267539978027344
2026-09-07 08:00:00,360,M0,31.027698516845703
2026-09-07 08:00:00,360,M4,25.290395736694336
2026-09-07 09:00:00,30,M0,18.32007598876953
2026-09-07 09:00:00,30,M4,15.549442291259766
2026-09-07 09:00:00,60,M0,22.372068405151367
2026-09-07 09:00:00,60,M4,18.155288696289062
2026-09-07 09:00:00,90,M0,24.747013092041016
2026-09-07 09:00:00,90,M4,18.54084014892578
2026-09-07 09:00:00,120,M0,26.471391677856445
2026-09-07 09:00:00,120,M4,19.13080787658692
2026-09-07 09:00:00,150,M0,27.2644157409668
2026-09-07 09:00:00,150,M4,19.34010887145996
2026-09-07 09:00:00,180,M0,28.23981666564941
2026-09-07 09:00:00,180,M4,20.04637718200684
2026-09-07 09:00:00,210,M0,28.882726669311523
2026-09-07 09:00:00,210,M4,20.952939987182617
2026-09-07 09:00:00,240,M0,29.53578186035156
2026-09-07 09:00:00,240,M4,21.72304916381836
2026-09-07 09:00:00,270,M0,29.570987701416016
2026-09-07 09:00:00,270,M4,22.456205368041992
2026-09-07 09:00:00,300,M0,29.740537643432617
2026-09-07 09:00:00,300,M4,23.4284782409668
2026-09-07 09:00:00,330,M0,30.0922966003418
2026-09-07 09:00:00,330,M4,24.192459106445312
2026-09-07 09:00:00,360,M0,30.23349571228028
2026-09-07 09:00:00,360,M4,24.741146087646484
2026-09-07 10:10:00,30,M0,15.817914962768556
2026-09-07 10:10:00,30,M4,11.846232414245604
2026-09-07 10:10:00,60,M0,19.47418212890625
2026-09-07 10:10:00,60,M4,14.169565200805664
2026-09-07 10:10:00,90,M0,21.62306404113769
2026-09-07 10:10:00,90,M4,15.757091522216797
2026-09-07 10:10:00,120,M0,23.201772689819336
2026-09-07 10:10:00,120,M4,17.045978546142578
2026-09-07 10:10:00,150,M0,23.609676361083984
2026-09-07 10:10:00,150,M4,18.148197174072266
2026-09-07 10:10:00,180,M0,24.36202049255371
2026-09-07 10:10:00,180,M4,18.75606155395508
2026-09-07 10:10:00,210,M0,25.45418930053711
2026-09-07 10:10:00,210,M4,19.87140655517578
2026-09-07 10:10:00,240,M0,25.90390586853028
2026-09-07 10:10:00,240,M4,20.52961540222168
2026-09-07 10:10:00,270,M0,26.66061210632324
2026-09-07 10:10:00,270,M4,21.282474517822266
2026-09-07 10:10:00,300,M0,27.2081241607666
2026-09-07 10:10:00,300,M4,22.04792594909668
2026-09-07 10:10:00,330,M0,27.43124961853028
2026-09-07 10:10:00,330,M4,22.358627319335938
2026-09-07 10:10:00,360,M0,27.41373634338379
2026-09-07 10:10:00,360,M4,22.835315704345703
2026-09-07 11:30:00,30,M0,12.604456901550291
2026-09-07 11:30:00,30,M4,9.706534385681152
2026-09-07 11:30:00,60,M0,16.170848846435547
2026-09-07 11:30:00,60,M4,12.571776390075684
2026-09-07 11:30:00,90,M0,18.46733283996582
2026-09-07 11:30:00,90,M4,14.319864273071287
2026-09-07 11:30:00,120,M0,19.722148895263672
2026-09-07 11:30:00,120,M4,15.214056968688965
2026-09-07 11:30:00,150,M0,21.1339054107666
2026-09-07 11:30:00,150,M4,16.231197357177734
2026-09-07 11:30:00,180,M0,22.006628036499023
2026-09-07 11:30:00,180,M4,16.930683135986328
2026-09-07 11:30:00,210,M0,22.65364456176757
2026-09-07 11:30:00,210,M4,17.849027633666992
2026-09-07 11:30:00,240,M0,23.749267578125
2026-09-07 11:30:00,240,M4,18.84979820251465
2026-09-07 11:30:00,270,M0,24.36704635620117
2026-09-07 11:30:00,270,M4,19.96442031860352
2026-09-07 11:30:00,300,M0,24.88365364074707
2026-09-07 11:30:00,300,M4,20.90580177307129
2026-09-07 11:30:00,330,M0,25.2778377532959
2026-09-07 11:30:00,330,M4,22.032554626464844
2026-09-07 11:30:00,360,M0,26.07397079467773
2026-09-07 11:30:00,360,M4,22.995237350463867
2026-09-07 12:00:00,30,M0,12.1441650390625
2026-09-07 12:00:00,30,M4,9.43178653717041
2026-09-07 12:00:00,60,M0,16.142969131469727
2026-09-07 12:00:00,60,M4,12.446020126342772
2026-09-07 12:00:00,90,M0,18.12492752075196
2026-09-07 12:00:00,90,M4,13.982258796691896
2026-09-07 12:00:00,120,M0,19.927040100097656
2026-09-07 12:00:00,120,M4,15.132501602172852
2026-09-07 12:00:00,150,M0,20.70943260192871
2026-09-07 12:00:00,150,M4,15.77064037322998
2026-09-07 12:00:00,180,M0,21.58523178100586
2026-09-07 12:00:00,180,M4,16.898595809936523
2026-09-07 12:00:00,210,M0,22.978382110595703
2026-09-07 12:00:00,210,M4,18.06429672241211
2026-09-07 12:00:00,240,M0,23.920997619628903
2026-09-07 12:00:00,240,M4,19.38409996032715
2026-09-07 12:00:00,270,M0,24.30109214782715
2026-09-07 12:00:00,270,M4,20.609336853027344
2026-09-07 12:00:00,300,M0,24.664390563964844
2026-09-07 12:00:00,300,M4,21.89249610900879
2026-09-07 12:00:00,330,M0,25.60264205932617
2026-09-07 12:00:00,330,M4,23.16519927978516
2026-09-07 12:00:00,360,M0,27.12847137451172
2026-09-07 12:00:00,360,M4,24.328330993652344
2026-09-07 13:00:00,30,M0,12.213126182556152
2026-09-07 13:00:00,30,M4,9.655234336853027
2026-09-07 13:00:00,60,M0,15.65188980102539
2026-09-07 13:00:00,60,M4,12.385165214538574
2026-09-07 13:00:00,90,M0,17.3847599029541
2026-09-07 13:00:00,90,M4,13.735876083374023
2026-09-07 13:00:00,120,M0,18.62391662597656
2026-09-07 13:00:00,120,M4,15.127524375915527
2026-09-07 13:00:00,150,M0,20.09334945678711
2026-09-07 13:00:00,150,M4,16.308982849121094
2026-09-07 13:00:00,180,M0,21.48995018005371
2026-09-07 13:00:00,180,M4,17.68545150756836
2026-09-07 13:00:00,210,M0,22.29982185363769
2026-09-07 13:00:00,210,M4,19.205041885375977
2026-09-07 13:00:00,240,M0,23.06583976745605
2026-09-07 13:00:00,240,M4,20.640993118286133
2026-09-07 13:00:00,270,M0,23.783910751342773
2026-09-07 13:00:00,270,M4,21.89703750610352
2026-09-07 13:00:00,300,M0,25.28724479675293
2026-09-07 13:00:00,300,M4,23.03897857666016
2026-09-07 13:00:00,330,M0,26.23334503173828
2026-09-07 13:00:00,330,M4,24.0498046875
2026-09-07 13:00:00,360,M0,27.330034255981445
2026-09-07 13:00:00,360,M4,24.48112678527832
2026-09-07 15:00:00,30,M0,11.886614799499512
2026-09-07 15:00:00,30,M4,9.228911399841309
2026-09-07 15:00:00,60,M0,15.386502265930176
2026-09-07 15:00:00,60,M4,11.954864501953123
2026-09-07 15:00:00,90,M0,17.229589462280273
2026-09-07 15:00:00,90,M4,13.859855651855469
2026-09-07 15:00:00,120,M0,18.57927131652832
2026-09-07 15:00:00,120,M4,15.763157844543455
2026-09-07 15:00:00,150,M0,19.64445304870605
2026-09-07 15:00:00,150,M4,17.24835777282715
2026-09-07 15:00:00,180,M0,21.526445388793945
2026-09-07 15:00:00,180,M4,19.03769302368164
2026-09-07 15:00:00,210,M0,22.43589210510254
2026-09-07 15:00:00,210,M4,20.237518310546875
2026-09-07 15:00:00,240,M0,23.647380828857425
2026-09-07 15:00:00,240,M4,21.29191398620605
2026-09-07 15:00:00,270,M0,24.79356575012207
2026-09-07 15:00:00,270,M4,22.190385818481445
2026-09-07 15:00:00,300,M0,26.28322029113769
2026-09-07 15:00:00,300,M4,23.32271194458008
2026-09-07 15:00:00,330,M0,27.326644897460938
2026-09-07 15:00:00,330,M4,24.15222549438477
2026-09-07 15:00:00,360,M0,28.44169807434082
2026-09-07 15:00:00,360,M4,24.574064254760746
2026-09-07 16:00:00,30,M0,11.557278633117676
2026-09-07 16:00:00,30,M4,9.186908721923828
2026-09-07 16:00:00,60,M0,14.763962745666504
2026-09-07 16:00:00,60,M4,12.278308868408203
2026-09-07 16:00:00,90,M0,16.638790130615234
2026-09-07 16:00:00,90,M4,14.294209480285645
2026-09-07 16:00:00,120,M0,18.74733161926269
2026-09-07 16:00:00,120,M4,16.262741088867188
2026-09-07 16:00:00,150,M0,20.264694213867188
2026-09-07 16:00:00,150,M4,17.97528839111328
2026-09-07 16:00:00,180,M0,21.65914535522461
2026-09-07 16:00:00,180,M4,19.254846572875977
2026-09-07 16:00:00,210,M0,22.64619827270508
2026-09-07 16:00:00,210,M4,20.28938674926757
2026-09-07 16:00:00,240,M0,24.23775291442871
2026-09-07 16:00:00,240,M4,21.456275939941406
2026-09-07 16:00:00,270,M0,25.71663284301757
2026-09-07 16:00:00,270,M4,22.67623710632324
2026-09-07 16:00:00,300,M0,26.818405151367188
2026-09-07 16:00:00,300,M4,23.68701171875
2026-09-07 16:00:00,330,M0,27.918306350708008
2026-09-07 16:00:00,330,M4,24.481294631958008
2026-09-07 16:00:00,360,M0,28.77300071716309
2026-09-07 16:00:00,360,M4,24.9534854888916
2026-09-07 17:00:00,30,M0,10.841266632080078
2026-09-07 17:00:00,30,M4,8.817692756652832
2026-09-07 17:00:00,60,M0,14.811124801635742
2026-09-07 17:00:00,60,M4,12.162014961242676
2026-09-07 17:00:00,90,M0,16.933025360107422
2026-09-07 17:00:00,90,M4,14.404102325439451
2026-09-07 17:00:00,120,M0,19.10538673400879
2026-09-07 17:00:00,120,M4,15.940768241882324
2026-09-07 17:00:00,150,M0,20.30223274230957
2026-09-07 17:00:00,150,M4,17.014604568481445
2026-09-07 17:00:00,180,M0,21.930797576904297
2026-09-07 17:00:00,180,M4,18.38287353515625
2026-09-07 17:00:00,210,M0,23.40508079528809
2026-09-07 17:00:00,210,M4,19.676721572875977
2026-09-07 17:00:00,240,M0,24.693567276000977
2026-09-07 17:00:00,240,M4,20.253292083740234
2026-09-07 17:00:00,270,M0,26.052143096923828
2026-09-07 17:00:00,270,M4,20.900436401367188
2026-09-07 17:00:00,300,M0,27.35300064086914
2026-09-07 17:00:00,300,M4,21.397735595703125
2026-09-07 17:00:00,330,M0,30.02243423461914
2026-09-07 17:00:00,330,M4,22.560775756835938
2026-09-07 17:00:00,360,M0,31.469369888305664
2026-09-07 17:00:00,360,M4,23.615625381469727
2026-09-07 19:00:00,30,M0,11.371186256408691
2026-09-07 19:00:00,30,M4,8.687698364257812
2026-09-07 19:00:00,60,M0,15.18511199951172
2026-09-07 19:00:00,60,M4,11.4984712600708
2026-09-07 19:00:00,90,M0,17.75535011291504
2026-09-07 19:00:00,90,M4,13.651297569274902
2026-09-07 19:00:00,120,M0,19.38622283935547
2026-09-07 19:00:00,120,M4,15.306405067443848
2026-09-07 19:00:00,150,M0,21.341083526611328
2026-09-07 19:00:00,150,M4,16.74748992919922
2026-09-07 19:00:00,180,M0,23.04051780700684
2026-09-07 19:00:00,180,M4,17.82623863220215
2026-09-07 19:00:00,210,M0,25.610706329345703
2026-09-07 19:00:00,210,M4,19.322513580322266
2026-09-07 19:00:00,240,M0,26.982622146606445
2026-09-07 19:00:00,240,M4,19.86534118652344
2026-09-07 19:00:00,270,M0,27.941694259643555
2026-09-07 19:00:00,270,M4,20.54423141479492
2026-09-07 19:00:00,300,M0,28.669898986816406
2026-09-07 19:00:00,300,M4,21.303157806396484
2026-09-07 19:00:00,330,M0,29.944412231445312
2026-09-07 19:00:00,330,M4,22.228918075561523
2026-09-07 19:00:00,360,M0,30.61694526672364
2026-09-07 19:00:00,360,M4,23.0003604888916
2026-09-07 20:00:00,30,M0,11.568522453308104
2026-09-07 20:00:00,30,M4,9.041292190551758
2026-09-07 20:00:00,60,M0,15.739639282226562
2026-09-07 20:00:00,60,M4,12.12821102142334
2026-09-07 20:00:00,90,M0,18.732959747314453
2026-09-07 20:00:00,90,M4,14.558320045471191
2026-09-07 20:00:00,120,M0,20.559629440307617
2026-09-07 20:00:00,120,M4,15.919353485107422
2026-09-07 20:00:00,150,M0,22.775712966918945
2026-09-07 20:00:00,150,M4,17.17753028869629
2026-09-07 20:00:00,180,M0,24.136335372924805
2026-09-07 20:00:00,180,M4,17.65117835998535
2026-09-07 20:00:00,210,M0,25.39927864074707
2026-09-07 20:00:00,210,M4,18.788236618041992
2026-09-07 20:00:00,240,M0,26.2813777923584
2026-09-07 20:00:00,240,M4,19.96784210205078
2026-09-07 20:00:00,270,M0,27.71071052551269
2026-09-07 20:00:00,270,M4,21.163253784179688
2026-09-07 20:00:00,300,M0,28.601768493652344
2026-09-07 20:00:00,300,M4,22.219467163085938
2026-09-07 20:00:00,330,M0,29.806291580200195
2026-09-07 20:00:00,330,M4,23.02751541137696
2026-09-07 20:00:00,360,M0,30.80702209472656
2026-09-07 20:00:00,360,M4,23.83409881591797
2026-09-07 21:00:00,30,M0,13.08110237121582
2026-09-07 21:00:00,30,M4,10.203857421875
2026-09-07 21:00:00,60,M0,16.83619499206543
2026-09-07 21:00:00,60,M4,13.032648086547852
2026-09-07 21:00:00,90,M0,19.55867576599121
2026-09-07 21:00:00,90,M4,14.990461349487305
2026-09-07 21:00:00,120,M0,20.86054801940918
2026-09-07 21:00:00,120,M4,15.690183639526367
2026-09-07 21:00:00,150,M0,22.17260932922364
2026-09-07 21:00:00,150,M4,16.852245330810547
2026-09-07 21:00:00,180,M0,23.513648986816406
2026-09-07 21:00:00,180,M4,17.91118812561035
2026-09-07 21:00:00,210,M0,24.831249237060547
2026-09-07 21:00:00,210,M4,18.889869689941406
2026-09-07 21:00:00,240,M0,25.952993392944336
2026-09-07 21:00:00,240,M4,19.78107070922852
2026-09-07 21:00:00,270,M0,27.24478530883789
2026-09-07 21:00:00,270,M4,20.47908973693848
2026-09-07 21:00:00,300,M0,28.4295597076416
2026-09-07 21:00:00,300,M4,21.41444396972656
2026-09-07 21:00:00,330,M0,30.48114967346192
2026-09-07 21:00:00,330,M4,22.752735137939453
2026-09-07 21:00:00,360,M0,31.98322296142578
2026-09-07 21:00:00,360,M4,23.938705444335938
2026-09-07 23:00:00,30,M0,12.221364974975586
2026-09-07 23:00:00,30,M4,9.324625968933104
2026-09-07 23:00:00,60,M0,15.948097229003906
2026-09-07 23:00:00,60,M4,12.180953979492188
2026-09-07 23:00:00,90,M0,18.492063522338867
2026-09-07 23:00:00,90,M4,14.339612007141112
2026-09-07 23:00:00,120,M0,20.387670516967773
2026-09-07 23:00:00,120,M4,16.022199630737305
2026-09-07 23:00:00,150,M0,21.595718383789062
2026-09-07 23:00:00,150,M4,17.354835510253906
2026-09-07 23:00:00,180,M0,23.043825149536133
2026-09-07 23:00:00,180,M4,18.699636459350582
2026-09-07 23:00:00,210,M0,25.166400909423828
2026-09-07 23:00:00,210,M4,20.09067344665528
2026-09-07 23:00:00,240,M0,26.57745361328125
2026-09-07 23:00:00,240,M4,21.40660285949707
2026-09-07 23:00:00,270,M0,27.901723861694336
2026-09-07 23:00:00,270,M4,22.717029571533203
2026-09-07 23:00:00,300,M0,29.361486434936523
2026-09-07 23:00:00,300,M4,24.355728149414062
2026-09-07 23:00:00,330,M0,30.37795639038086
2026-09-07 23:00:00,330,M4,25.99614906311035
2026-09-07 23:00:00,360,M0,31.37188720703125
2026-09-07 23:00:00,360,M4,27.583526611328125
2026-09-08 00:00:00,30,M0,12.357950210571287
2026-09-08 00:00:00,30,M4,9.279006004333496
2026-09-08 00:00:00,60,M0,16.082353591918945
2026-09-08 00:00:00,60,M4,12.143192291259766
2026-09-08 00:00:00,90,M0,18.184812545776367
2026-09-08 00:00:00,90,M4,14.29751968383789
2026-09-08 00:00:00,120,M0,20.13567352294922
2026-09-08 00:00:00,120,M4,16.459758758544922
2026-09-08 00:00:00,150,M0,22.66324043273925
2026-09-08 00:00:00,150,M4,18.429277420043945
2026-09-08 00:00:00,180,M0,24.40091323852539
2026-09-08 00:00:00,180,M4,19.91011428833008
2026-09-08 00:00:00,210,M0,26.18835830688477
2026-09-08 00:00:00,210,M4,21.118858337402344
2026-09-08 00:00:00,240,M0,28.020320892333984
2026-09-08 00:00:00,240,M4,22.57282447814941
2026-09-08 00:00:00,270,M0,29.562744140625
2026-09-08 00:00:00,270,M4,24.10274887084961
2026-09-08 00:00:00,300,M0,30.83090782165528
2026-09-08 00:00:00,300,M4,25.716686248779297
2026-09-08 00:00:00,330,M0,31.745235443115234
2026-09-08 00:00:00,330,M4,27.036340713500977
2026-09-08 01:00:00,30,M0,12.87613582611084
2026-09-08 01:00:00,30,M4,9.88040542602539
2026-09-08 01:00:00,60,M0,16.666030883789062
2026-09-08 01:00:00,60,M4,13.241524696350098
2026-09-08 01:00:00,90,M0,19.33659172058105
2026-09-08 01:00:00,90,M4,15.904525756835938
2026-09-08 01:00:00,120,M0,21.728992462158203
2026-09-08 01:00:00,120,M4,17.880088806152344
2026-09-08 01:00:00,150,M0,23.710826873779297
2026-09-08 01:00:00,150,M4,19.72373008728028
2026-09-08 01:00:00,180,M0,25.7392520904541
2026-09-08 01:00:00,180,M4,21.51742553710937
2026-09-08 01:00:00,210,M0,27.626022338867188
2026-09-08 01:00:00,210,M4,23.142269134521484
2026-09-08 01:00:00,240,M0,29.24903678894043
2026-09-08 01:00:00,240,M4,24.83260726928711
2026-09-08 01:00:00,270,M0,30.42104148864746
2026-09-08 01:00:00,270,M4,26.216217041015625
2026-09-08 01:00:00,330,M0,33.0423469543457
2026-09-08 01:00:00,330,M4,28.88820075988769
2026-09-08 01:00:00,360,M0,33.85139083862305
2026-09-08 01:00:00,360,M4,29.796384811401367
2026-09-08 02:00:00,30,M0,13.87345027923584
2026-09-08 02:00:00,30,M4,10.595592498779297
2026-09-08 02:00:00,60,M0,17.8572940826416
2026-09-08 02:00:00,60,M4,13.929326057434082
2026-09-08 02:00:00,90,M0,20.70326042175293
2026-09-08 02:00:00,90,M4,16.269332885742188
2026-09-08 02:00:00,120,M0,23.11750602722168
2026-09-08 02:00:00,120,M4,18.27828598022461
2026-09-08 02:00:00,150,M0,25.288000106811523
2026-09-08 02:00:00,150,M4,20.24795722961425
2026-09-08 02:00:00,180,M0,27.23544692993164
2026-09-08 02:00:00,180,M4,22.08224105834961
2026-09-08 02:00:00,210,M0,28.65525245666504
2026-09-08 02:00:00,210,M4,23.57030868530273
2026-09-08 02:00:00,270,M0,31.634986877441406
2026-09-08 02:00:00,270,M4,26.61587715148925
2026-09-08 02:00:00,300,M0,32.64124298095703
2026-09-08 02:00:00,300,M4,27.780506134033203
2026-09-08 02:00:00,330,M0,33.48918914794922
2026-09-08 02:00:00,330,M4,28.539684295654297
2026-09-08 02:00:00,360,M0,34.52690887451172
2026-09-08 02:00:00,360,M4,29.316246032714844
2026-09-08 03:00:00,30,M0,14.108426094055176
2026-09-08 03:00:00,30,M4,10.613189697265623
2026-09-08 03:00:00,60,M0,18.271657943725582
2026-09-08 03:00:00,60,M4,13.833595275878906
2026-09-08 03:00:00,90,M0,21.042444229125977
2026-09-08 03:00:00,90,M4,16.29425811767578
2026-09-08 03:00:00,120,M0,23.28200912475586
2026-09-08 03:00:00,120,M4,18.63119506835937
2026-09-08 03:00:00,150,M0,24.974853515625
2026-09-08 03:00:00,150,M4,20.464588165283203
2026-09-08 03:00:00,210,M0,28.77073097229004
2026-09-08 03:00:00,210,M4,24.129920959472656
2026-09-08 03:00:00,240,M0,30.43407440185547
2026-09-08 03:00:00,240,M4,25.93344688415528
2026-09-08 03:00:00,270,M0,31.87664222717285
2026-09-08 03:00:00,270,M4,27.12442970275879
2026-09-08 03:00:00,300,M0,33.344661712646484
2026-09-08 03:00:00,300,M4,28.159229278564453
2026-09-08 03:00:00,330,M0,34.828739166259766
2026-09-08 03:00:00,330,M4,29.37126350402832
2026-09-08 03:00:00,360,M0,36.52494430541992
2026-09-08 03:00:00,360,M4,30.89951133728028
2026-09-08 07:00:00,30,M0,14.209975242614746
2026-09-08 07:00:00,30,M4,10.710515975952148
2026-09-08 07:00:00,60,M0,18.446765899658203
2026-09-08 07:00:00,60,M4,13.778267860412598
2026-09-08 07:00:00,90,M0,21.98471069335937
2026-09-08 07:00:00,90,M4,16.434005737304688
2026-09-08 07:00:00,120,M0,25.277050018310547
2026-09-08 07:00:00,120,M4,19.098533630371094
2026-09-08 07:00:00,150,M0,26.97471618652344
2026-09-08 07:00:00,150,M4,20.92416763305664
2026-09-08 07:00:00,180,M0,29.0611572265625
2026-09-08 07:00:00,180,M4,20.42216682434082
2026-09-08 07:00:00,210,M0,31.470775604248047
2026-09-08 07:00:00,210,M4,20.72496032714844
2026-09-08 07:00:00,240,M0,33.135581970214844
2026-09-08 07:00:00,240,M4,20.98196792602539
2026-09-08 07:00:00,270,M0,33.7921142578125
2026-09-08 07:00:00,270,M4,21.378820419311523
2026-09-08 07:00:00,300,M0,34.62493896484375
2026-09-08 07:00:00,300,M4,21.782350540161133
2026-09-08 07:00:00,330,M0,35.17954635620117
2026-09-08 07:00:00,330,M4,22.875144958496094
2026-09-08 07:00:00,360,M0,35.729393005371094
2026-09-08 07:00:00,360,M4,23.632789611816406
2026-09-08 07:50:00,30,M0,14.061723709106444
2026-09-08 07:50:00,30,M4,10.558420181274414
2026-09-08 07:50:00,60,M0,18.615602493286133
2026-09-08 07:50:00,60,M4,13.854131698608398
2026-09-08 07:50:00,90,M0,21.18666648864746
2026-09-08 07:50:00,90,M4,17.03082275390625
2026-09-08 07:50:00,120,M0,23.666154861450195
2026-09-08 07:50:00,120,M4,17.799697875976562
2026-09-08 07:50:00,150,M0,26.03084754943848
2026-09-08 07:50:00,150,M4,17.926513671875
2026-09-08 07:50:00,180,M0,28.052295684814453
2026-09-08 07:50:00,180,M4,18.896944046020508
2026-09-08 07:50:00,210,M0,29.322586059570312
2026-09-08 07:50:00,210,M4,18.689224243164062
2026-09-08 07:50:00,240,M0,30.20431327819824
2026-09-08 07:50:00,240,M4,19.536226272583008
2026-09-08 07:50:00,270,M0,31.2294921875
2026-09-08 07:50:00,270,M4,20.02578926086425
2026-09-08 07:50:00,300,M0,31.673385620117188
2026-09-08 07:50:00,300,M4,21.309925079345703
2026-09-08 07:50:00,330,M0,31.910982131958008
2026-09-08 07:50:00,330,M4,21.30648231506348
2026-09-08 07:50:00,360,M0,32.011695861816406
2026-09-08 07:50:00,360,M4,21.901790618896484
2026-09-08 08:30:00,30,M0,14.045135498046877
2026-09-08 08:30:00,30,M4,10.750142097473145
2026-09-08 08:30:00,60,M0,16.8640079498291
2026-09-08 08:30:00,60,M4,14.848468780517578
2026-09-08 08:30:00,90,M0,20.27824211120605
2026-09-08 08:30:00,90,M4,15.359339714050291
2026-09-08 08:30:00,120,M0,22.51008415222168
2026-09-08 08:30:00,120,M4,16.19948959350586
2026-09-08 08:30:00,150,M0,24.508909225463867
2026-09-08 08:30:00,150,M4,17.03756332397461
2026-09-08 08:30:00,180,M0,25.799427032470703
2026-09-08 08:30:00,180,M4,17.80872917175293
2026-09-08 08:30:00,210,M0,27.00041961669922
2026-09-08 08:30:00,210,M4,18.3198471069336
2026-09-08 08:30:00,240,M0,28.03206825256348
2026-09-08 08:30:00,240,M4,19.399906158447266
2026-09-08 08:30:00,270,M0,28.688310623168945
2026-09-08 08:30:00,270,M4,20.23699378967285
2026-09-08 08:30:00,300,M0,29.08480834960937
2026-09-08 08:30:00,300,M4,20.672229766845703
2026-09-08 08:30:00,330,M0,29.141944885253903
2026-09-08 08:30:00,330,M4,21.053380966186523
2026-09-08 08:30:00,360,M0,29.41847419738769
2026-09-08 08:30:00,360,M4,21.920372009277344
2026-09-08 09:00:00,30,M0,13.53748607635498
2026-09-08 09:00:00,30,M4,12.101560592651367
2026-09-08 09:00:00,60,M0,16.372995376586914
2026-09-08 09:00:00,60,M4,13.131531715393066
2026-09-08 09:00:00,120,M0,21.351016998291016
2026-09-08 09:00:00,120,M4,14.63316822052002
2026-09-08 09:00:00,150,M0,23.02977561950684
2026-09-08 09:00:00,150,M4,15.588595390319824
2026-09-08 09:00:00,180,M0,24.273792266845703
2026-09-08 09:00:00,180,M4,16.318708419799805
2026-09-08 09:00:00,210,M0,25.494020462036133
2026-09-08 09:00:00,210,M4,17.57615852355957
2026-09-08 09:00:00,240,M0,26.347900390625
2026-09-08 09:00:00,240,M4,18.60444641113281
2026-09-08 09:00:00,270,M0,27.13057518005371
2026-09-08 09:00:00,270,M4,19.39510536193848
2026-09-08 09:00:00,300,M0,27.592405319213867
2026-09-08 09:00:00,300,M4,20.18230438232422
2026-09-08 09:00:00,330,M0,27.875965118408203
2026-09-08 09:00:00,330,M4,21.288908004760746
2026-09-08 09:00:00,360,M0,28.014938354492188
2026-09-08 09:00:00,360,M4,22.08886337280273
2026-09-08 10:00:00,30,M0,11.291897773742676
2026-09-08 10:00:00,30,M4,8.601438522338867
2026-09-08 10:00:00,60,M0,14.814998626708984
2026-09-08 10:00:00,60,M4,11.131510734558104
2026-09-08 10:00:00,90,M0,17.29029655456543
2026-09-08 10:00:00,90,M4,12.850183486938477
2026-09-08 10:00:00,120,M0,19.07283592224121
2026-09-08 10:00:00,120,M4,13.94815158843994
2026-09-08 10:00:00,150,M0,20.49729347229004
2026-09-08 10:00:00,150,M4,15.46058750152588
2026-09-08 10:00:00,180,M0,21.60123443603516
2026-09-08 10:00:00,180,M4,16.922395706176758
2026-09-08 10:00:00,210,M0,22.387256622314453
2026-09-08 10:00:00,210,M4,17.858720779418945
2026-09-08 10:00:00,240,M0,23.1829833984375
2026-09-08 10:00:00,240,M4,18.7191219329834
2026-09-08 10:00:00,270,M0,23.617462158203125
2026-09-08 10:00:00,270,M4,19.809309005737305
2026-09-08 10:00:00,300,M0,23.77863121032715
2026-09-08 10:00:00,300,M4,20.64948463439941
2026-09-08 10:00:00,330,M0,23.97629165649414
2026-09-08 10:00:00,330,M4,21.051239013671875
2026-09-08 10:00:00,360,M0,24.60378837585449
2026-09-08 10:00:00,360,M4,21.92694854736328
2026-09-08 11:00:00,30,M0,10.330036163330078
2026-09-08 11:00:00,30,M4,8.152570724487305
2026-09-08 11:00:00,60,M0,13.430048942565918
2026-09-08 11:00:00,60,M4,10.47537326812744
2026-09-08 11:00:00,90,M0,15.608570098876951
2026-09-08 11:00:00,90,M4,12.191760063171388
2026-09-08 11:00:00,120,M0,17.13863182067871
2026-09-08 11:00:00,120,M4,13.431657791137695
2026-09-08 11:00:00,150,M0,18.22092056274414
2026-09-08 11:00:00,150,M4,14.432597160339355
2026-09-08 11:00:00,180,M0,19.60391426086425
2026-09-08 11:00:00,180,M4,15.679150581359863
2026-09-08 11:00:00,210,M0,20.72010612487793
2026-09-08 11:00:00,210,M4,17.203527450561523
2026-09-08 11:00:00,240,M0,21.49475860595703
2026-09-08 11:00:00,240,M4,18.027692794799805
2026-09-08 11:00:00,270,M0,22.033052444458008
2026-09-08 11:00:00,270,M4,18.45838928222656
2026-09-08 11:00:00,300,M0,22.895994186401367
2026-09-08 11:00:00,300,M4,19.15463256835937
2026-09-08 11:00:00,330,M0,24.190553665161133
2026-09-08 11:00:00,330,M4,20.50484848022461
2026-09-08 11:00:00,360,M0,25.677677154541016
2026-09-08 11:00:00,360,M4,21.99825668334961
2026-09-08 12:00:00,30,M0,10.107439041137695
2026-09-08 12:00:00,30,M4,7.680309772491455
2026-09-08 12:00:00,60,M0,12.77761459350586
2026-09-08 12:00:00,60,M4,10.057198524475098
2026-09-08 12:00:00,90,M0,14.592695236206056
2026-09-08 12:00:00,90,M4,11.535476684570312
2026-09-08 12:00:00,120,M0,16.472858428955078
2026-09-08 12:00:00,120,M4,12.95701026916504
2026-09-08 12:00:00,150,M0,18.12503242492676
2026-09-08 12:00:00,150,M4,14.184895515441896
2026-09-08 12:00:00,180,M0,19.19588851928711
2026-09-08 12:00:00,180,M4,15.017926216125488
2026-09-08 12:00:00,210,M0,20.400882720947266
2026-09-08 12:00:00,210,M4,15.421269416809082
2026-09-08 12:00:00,240,M0,21.40235137939453
2026-09-08 12:00:00,240,M4,16.158157348632812
2026-09-08 12:00:00,270,M0,22.76565933227539
2026-09-08 12:00:00,270,M4,17.252809524536133
2026-09-08 12:00:00,300,M0,24.5473575592041
2026-09-08 12:00:00,300,M4,18.359840393066406
2026-09-08 12:00:00,330,M0,25.94470596313477
2026-09-08 12:00:00,330,M4,19.73723030090332
2026-09-08 12:00:00,360,M0,26.92715644836425
2026-09-08 12:00:00,360,M4,20.989017486572266
2026-09-08 13:00:00,30,M0,8.950188636779785
2026-09-08 13:00:00,30,M4,6.9591898918151855
2026-09-08 13:00:00,60,M0,12.225634574890137
2026-09-08 13:00:00,60,M4,9.590152740478516
2026-09-08 13:00:00,90,M0,14.50131607055664
2026-09-08 13:00:00,90,M4,11.446646690368652
2026-09-08 13:00:00,120,M0,16.26296043395996
2026-09-08 13:00:00,120,M4,12.643657684326172
2026-09-08 13:00:00,150,M0,17.636775970458984
2026-09-08 13:00:00,150,M4,13.52659797668457
2026-09-08 13:00:00,180,M0,19.19634246826172
2026-09-08 13:00:00,180,M4,14.468244552612305
2026-09-08 13:00:00,210,M0,20.7992000579834
2026-09-08 13:00:00,210,M4,15.92551326751709
2026-09-08 13:00:00,240,M0,22.52052497863769
2026-09-08 13:00:00,240,M4,17.335826873779297
2026-09-08 13:00:00,270,M0,24.369016647338867
2026-09-08 13:00:00,270,M4,18.52516746520996
2026-09-08 13:00:00,300,M0,25.75310707092285
2026-09-08 13:00:00,300,M4,19.347206115722656
2026-09-08 13:00:00,330,M0,27.061742782592773
2026-09-08 13:00:00,330,M4,20.360713958740234
2026-09-08 13:00:00,360,M0,28.230825424194336
2026-09-08 13:00:00,360,M4,21.32008171081543
2026-09-08 14:00:00,30,M0,9.28550624847412
2026-09-08 14:00:00,30,M4,7.374376773834228
2026-09-08 14:00:00,60,M0,12.07420253753662
2026-09-08 14:00:00,60,M4,9.471020698547363
2026-09-08 14:00:00,90,M0,14.04990291595459
2026-09-08 14:00:00,90,M4,10.90645694732666
2026-09-08 14:00:00,120,M0,15.851102828979492
2026-09-08 14:00:00,120,M4,12.345014572143556
2026-09-08 14:00:00,150,M0,17.36295509338379
2026-09-08 14:00:00,150,M4,13.830402374267578
2026-09-08 14:00:00,180,M0,19.573320388793945
2026-09-08 14:00:00,180,M4,15.317307472229004
2026-09-08 14:00:00,210,M0,21.373027801513672
2026-09-08 14:00:00,210,M4,16.470943450927734
2026-09-08 14:00:00,240,M0,22.829673767089844
2026-09-08 14:00:00,240,M4,17.322193145751953
2026-09-08 14:00:00,270,M0,24.200395584106445
2026-09-08 14:00:00,270,M4,18.430774688720703
2026-09-08 14:00:00,300,M0,25.50746726989746
2026-09-08 14:00:00,300,M4,19.41912651062012
2026-09-08 14:00:00,330,M0,26.981708526611328
2026-09-08 14:00:00,330,M4,20.385421752929688
2026-09-08 14:00:00,360,M0,28.615488052368164
2026-09-08 14:00:00,360,M4,21.84658432006836
2026-09-08 15:00:00,30,M0,9.025188446044922
2026-09-08 15:00:00,30,M4,7.045848846435547
2026-09-08 15:00:00,60,M0,11.936690330505373
2026-09-08 15:00:00,60,M4,9.309808731079102
2026-09-08 15:00:00,90,M0,13.920889854431152
2026-09-08 15:00:00,90,M4,11.09160041809082
2026-09-08 15:00:00,120,M0,16.312376022338867
2026-09-08 15:00:00,120,M4,13.122557640075684
2026-09-08 15:00:00,150,M0,18.03614616394043
2026-09-08 15:00:00,150,M4,14.589959144592283
2026-09-08 15:00:00,180,M0,19.663158416748047
2026-09-08 15:00:00,180,M4,15.822835922241213
2026-09-08 15:00:00,210,M0,21.21532821655273
2026-09-08 15:00:00,210,M4,16.9483699798584
2026-09-08 15:00:00,240,M0,22.93102264404297
2026-09-08 15:00:00,240,M4,17.88871192932129
2026-09-08 15:00:00,270,M0,24.509151458740234
2026-09-08 15:00:00,270,M4,18.806785583496094
2026-09-08 15:00:00,300,M0,26.291797637939453
2026-09-08 15:00:00,300,M4,20.13422584533692
2026-09-08 15:00:00,330,M0,27.74138259887696
2026-09-08 15:00:00,330,M4,21.178173065185547
2026-09-08 15:00:00,360,M0,28.483680725097656
2026-09-08 15:00:00,360,M4,21.83592414855957
2026-09-08 18:00:00,30,M0,9.360745429992676
2026-09-08 18:00:00,30,M4,7.321191310882568
2026-09-08 18:00:00,60,M0,13.109253883361816
2026-09-08 18:00:00,60,M4,9.937875747680664
2026-09-08 18:00:00,90,M0,15.914040565490724
2026-09-08 18:00:00,90,M4,12.13881015777588
2026-09-08 18:00:00,120,M0,18.598344802856445
2026-09-08 18:00:00,120,M4,14.334997177124023
2026-09-08 18:00:00,150,M0,20.551700592041016
2026-09-08 18:00:00,150,M4,15.62515354156494
2026-09-08 18:00:00,180,M0,22.11683464050293
2026-09-08 18:00:00,180,M4,16.68524932861328
2026-09-08 18:00:00,210,M0,23.992168426513672
2026-09-08 18:00:00,210,M4,17.999053955078125
2026-09-08 18:00:00,240,M0,26.89864730834961
2026-09-08 18:00:00,240,M4,19.855688095092773
2026-09-08 18:00:00,270,M0,27.90735244750977
2026-09-08 18:00:00,270,M4,20.575851440429688
2026-09-08 18:00:00,300,M0,28.70645904541016
2026-09-08 18:00:00,300,M4,21.021106719970703
2026-09-08 18:00:00,330,M0,29.56270217895508
2026-09-08 18:00:00,330,M4,21.624984741210938
2026-09-08 18:00:00,360,M0,30.05528450012207
2026-09-08 18:00:00,360,M4,21.75641822814941
2026-09-08 20:00:00,30,M0,10.73217487335205
2026-09-08 20:00:00,30,M4,8.194453239440918
2026-09-08 20:00:00,60,M0,14.55350112915039
2026-09-08 20:00:00,60,M4,10.960389137268066
2026-09-08 20:00:00,90,M0,17.82974624633789
2026-09-08 20:00:00,90,M4,13.463194847106934
2026-09-08 20:00:00,120,M0,21.31299591064453
2026-09-08 20:00:00,120,M4,16.40933609008789
2026-09-08 20:00:00,150,M0,23.042236328125
2026-09-08 20:00:00,150,M4,17.368366241455078
2026-09-08 20:00:00,180,M0,23.7899169921875
2026-09-08 20:00:00,180,M4,17.743471145629883
2026-09-08 20:00:00,210,M0,24.90740776062012
2026-09-08 20:00:00,210,M4,18.167675018310547
2026-09-08 20:00:00,240,M0,25.707801818847656
2026-09-08 20:00:00,240,M4,18.401029586791992
2026-09-08 20:00:00,270,M0,26.61949348449707
2026-09-08 20:00:00,270,M4,18.533655166625977
2026-09-08 20:00:00,300,M0,27.92435836791992
2026-09-08 20:00:00,300,M4,19.26719093322754
2026-09-08 20:00:00,330,M0,28.842533111572266
2026-09-08 20:00:00,330,M4,20.046539306640625
2026-09-08 20:00:00,360,M0,29.62163543701172
2026-09-08 20:00:00,360,M4,21.234283447265625
2026-09-08 21:00:00,30,M0,11.381776809692385
2026-09-08 21:00:00,30,M4,9.346203804016112
2026-09-08 21:00:00,60,M0,15.655563354492188
2026-09-08 21:00:00,60,M4,12.462230682373049
2026-09-08 21:00:00,90,M0,18.3881893157959
2026-09-08 21:00:00,90,M4,14.389323234558104
2026-09-08 21:00:00,120,M0,19.81134986877441
2026-09-08 21:00:00,120,M4,14.749330520629885
2026-09-08 21:00:00,150,M0,20.85430908203125
2026-09-08 21:00:00,150,M4,15.33839225769043
2026-09-08 21:00:00,180,M0,22.19780158996582
2026-09-08 21:00:00,180,M4,16.182296752929688
2026-09-08 21:00:00,210,M0,23.52156448364257
2026-09-08 21:00:00,210,M4,16.876811981201172
2026-09-08 21:00:00,240,M0,24.9831657409668
2026-09-08 21:00:00,240,M4,17.881399154663086
2026-09-08 21:00:00,270,M0,26.14385032653809
2026-09-08 21:00:00,270,M4,18.935901641845703
2026-09-08 21:00:00,300,M0,27.31893348693848
2026-09-08 21:00:00,300,M4,20.454418182373047
2026-09-08 21:00:00,330,M0,28.71882057189941
2026-09-08 21:00:00,330,M4,21.678165435791016
2026-09-08 21:00:00,360,M0,30.20069122314453
2026-09-08 21:00:00,360,M4,23.276859283447266
2026-09-08 23:00:00,30,M0,10.775686264038086
2026-09-08 23:00:00,30,M4,8.450240135192871
2026-09-08 23:00:00,60,M0,14.129697799682615
2026-09-08 23:00:00,60,M4,11.112383842468262
2026-09-08 23:00:00,90,M0,16.282014846801758
2026-09-08 23:00:00,90,M4,12.935587882995604
2026-09-08 23:00:00,120,M0,18.7441349029541
2026-09-08 23:00:00,120,M4,14.841636657714844
2026-09-08 23:00:00,150,M0,20.851905822753903
2026-09-08 23:00:00,150,M4,16.375600814819336
2026-09-08 23:00:00,180,M0,22.562036514282227
2026-09-08 23:00:00,180,M4,17.993459701538086
2026-09-08 23:00:00,210,M0,23.954879760742188
2026-09-08 23:00:00,210,M4,19.253660202026367
2026-09-08 23:00:00,240,M0,25.36499214172364
2026-09-08 23:00:00,240,M4,20.586544036865234
2026-09-08 23:00:00,270,M0,26.427947998046875
2026-09-08 23:00:00,270,M4,21.44622230529785
2026-09-08 23:00:00,300,M0,27.81863212585449
2026-09-08 23:00:00,300,M4,22.741601943969727
2026-09-08 23:00:00,330,M0,29.50067138671875
2026-09-08 23:00:00,330,M4,24.5566463470459
2026-09-08 23:00:00,360,M0,30.576948165893555
2026-09-08 23:00:00,360,M4,26.1059513092041
2026-09-09 00:00:00,30,M0,11.288408279418944
2026-09-09 00:00:00,30,M4,8.814452171325684
2026-09-09 00:00:00,60,M0,15.179396629333496
2026-09-09 00:00:00,60,M4,11.98225212097168
2026-09-09 00:00:00,90,M0,17.947372436523438
2026-09-09 00:00:00,90,M4,14.180702209472656
2026-09-09 00:00:00,120,M0,20.262903213500977
2026-09-09 00:00:00,120,M4,16.145288467407227
2026-09-09 00:00:00,150,M0,22.152294158935547
2026-09-09 00:00:00,150,M4,17.720561981201172
2026-09-09 00:00:00,180,M0,23.80720901489257
2026-09-09 00:00:00,180,M4,19.18798446655273
2026-09-09 00:00:00,210,M0,24.90809440612793
2026-09-09 00:00:00,210,M4,20.054489135742188
2026-09-09 00:00:00,240,M0,26.190332412719727
2026-09-09 00:00:00,240,M4,21.228370666503903
2026-09-09 00:00:00,270,M0,27.732479095458984
2026-09-09 00:00:00,270,M4,22.763294219970703
2026-09-09 00:00:00,300,M0,29.059595108032227
2026-09-09 00:00:00,300,M4,24.11104393005371
2026-09-09 00:00:00,330,M0,29.827056884765625
2026-09-09 00:00:00,330,M4,24.943262100219727
2026-09-09 03:00:00,30,M0,12.356828689575195
2026-09-09 03:00:00,30,M4,9.726211547851562
2026-09-09 03:00:00,60,M0,16.35068702697754
2026-09-09 03:00:00,60,M4,13.210820198059082
2026-09-09 03:00:00,90,M0,19.47616577148437
2026-09-09 03:00:00,90,M4,16.040449142456055
2026-09-09 03:00:00,120,M0,22.262434005737305
2026-09-09 03:00:00,120,M4,18.26845359802246
2026-09-09 03:00:00,150,M0,24.10435104370117
2026-09-09 03:00:00,150,M4,20.02339553833008
2026-09-09 03:00:00,210,M0,26.541200637817383
2026-09-09 03:00:00,210,M4,22.66510581970215
2026-09-09 03:00:00,240,M0,26.82269859313965
2026-09-09 03:00:00,240,M4,23.08717536926269
2026-09-09 03:00:00,270,M0,26.86909866333008
2026-09-09 03:00:00,270,M4,23.01161003112793
2026-09-09 03:00:00,300,M0,27.1427059173584
2026-09-09 03:00:00,300,M4,23.38254165649414
2026-09-09 03:00:00,330,M0,27.353540420532227
2026-09-09 03:00:00,330,M4,24.659385681152344
2026-09-09 03:00:00,360,M0,28.2270622253418
2026-09-09 03:00:00,360,M4,26.064191818237305
2026-09-09 04:00:00,30,M0,13.442623138427734
2026-09-09 04:00:00,30,M4,10.456334114074709
2026-09-09 04:00:00,60,M0,17.76141357421875
2026-09-09 04:00:00,60,M4,13.82483959197998
2026-09-09 04:00:00,90,M0,20.18540954589844
2026-09-09 04:00:00,90,M4,16.068084716796875
2026-09-09 04:00:00,150,M0,23.57766342163086
2026-09-09 04:00:00,150,M4,19.47930335998535
2026-09-09 04:00:00,180,M0,24.356735229492188
2026-09-09 04:00:00,180,M4,20.63682556152344
2026-09-09 04:00:00,210,M0,24.90105438232422
2026-09-09 04:00:00,210,M4,21.54244613647461
2026-09-09 04:00:00,240,M0,25.87167358398437
2026-09-09 04:00:00,240,M4,22.589111328125
2026-09-09 04:00:00,270,M0,26.71381187438965
2026-09-09 04:00:00,270,M4,24.129955291748047
2026-09-09 04:00:00,300,M0,27.956398010253903
2026-09-09 04:00:00,300,M4,25.576770782470703
2026-09-09 04:00:00,330,M0,29.74004173278809
2026-09-09 04:00:00,330,M4,28.197021484375
2026-09-09 04:00:00,360,M0,30.327545166015625
2026-09-09 04:00:00,360,M4,27.91777801513672
2026-09-09 05:00:00,30,M0,13.853506088256836
2026-09-09 05:00:00,30,M4,10.914032936096191
2026-09-09 05:00:00,90,M0,19.81968116760254
2026-09-09 05:00:00,90,M4,16.46235466003418
2026-09-09 05:00:00,120,M0,21.6322078704834
2026-09-09 05:00:00,120,M4,18.493701934814453
2026-09-09 05:00:00,150,M0,23.21283912658692
2026-09-09 05:00:00,150,M4,20.46527862548828
2026-09-09 05:00:00,180,M0,24.81531143188477
2026-09-09 05:00:00,180,M4,22.265628814697266
2026-09-09 05:00:00,210,M0,26.22113037109375
2026-09-09 05:00:00,210,M4,24.210834503173828
2026-09-09 05:00:00,240,M0,27.390459060668945
2026-09-09 05:00:00,240,M4,25.633649826049805
2026-09-09 05:00:00,270,M0,30.040781021118164
2026-09-09 05:00:00,270,M4,28.657135009765625
2026-09-09 05:00:00,300,M0,30.75995635986328
2026-09-09 05:00:00,300,M4,29.02388572692871
2026-09-09 05:00:00,330,M0,31.535219192504883
2026-09-09 05:00:00,330,M4,30.2741756439209
2026-09-09 05:00:00,360,M0,31.15751266479492
2026-09-09 05:00:00,360,M4,30.37244415283203
2026-09-09 07:00:00,30,M0,14.006093978881836
2026-09-09 07:00:00,30,M4,10.699970245361328
2026-09-09 07:00:00,60,M0,17.822132110595703
2026-09-09 07:00:00,60,M4,13.737092971801758
2026-09-09 07:00:00,90,M0,20.646583557128903
2026-09-09 07:00:00,90,M4,16.140708923339844
2026-09-09 07:00:00,120,M0,22.8134994506836
2026-09-09 07:00:00,120,M4,18.712093353271484
2026-09-09 07:00:00,150,M0,26.333017349243164
2026-09-09 07:00:00,150,M4,22.17645835876465
2026-09-09 07:00:00,180,M0,27.699180603027344
2026-09-09 07:00:00,180,M4,23.771753311157227
2026-09-09 07:00:00,210,M0,29.133201599121094
2026-09-09 07:00:00,210,M4,25.06403923034668
2026-09-09 07:00:00,240,M0,29.509002685546875
2026-09-09 07:00:00,240,M4,25.73019218444824
2026-09-09 07:00:00,270,M0,30.756162643432617
2026-09-09 07:00:00,270,M4,26.59946250915528
2026-09-09 07:00:00,300,M0,31.33856964111328
2026-09-09 07:00:00,300,M4,27.35498046875
2026-09-09 07:00:00,330,M0,31.44057273864746
2026-09-09 07:00:00,330,M4,28.17665672302246
2026-09-09 07:00:00,360,M0,31.8455810546875
2026-09-09 07:00:00,360,M4,28.81161880493164
2026-09-09 08:00:00,30,M0,13.659207344055176
2026-09-09 08:00:00,30,M4,10.794221878051758
2026-09-09 08:00:00,60,M0,17.154645919799805
2026-09-09 08:00:00,60,M4,14.581642150878906
2026-09-09 08:00:00,90,M0,21.530616760253903
2026-09-09 08:00:00,90,M4,18.289939880371094
2026-09-09 08:00:00,120,M0,23.73615074157715
2026-09-09 08:00:00,120,M4,20.4980697631836
2026-09-09 08:00:00,150,M0,25.75986099243164
2026-09-09 08:00:00,150,M4,22.387022018432617
2026-09-09 08:00:00,180,M0,26.612911224365234
2026-09-09 08:00:00,180,M4,23.562774658203125
2026-09-09 08:00:00,210,M0,28.05101776123047
2026-09-09 08:00:00,210,M4,24.58769416809082
2026-09-09 08:00:00,240,M0,28.96573829650879
2026-09-09 08:00:00,240,M4,25.39299774169922
2026-09-09 08:00:00,270,M0,29.309568405151367
2026-09-09 08:00:00,270,M4,26.31058692932129
2026-09-09 08:00:00,300,M0,29.96164894104004
2026-09-09 08:00:00,300,M4,26.874038696289062
2026-09-09 08:00:00,330,M0,30.267343521118164
2026-09-09 08:00:00,330,M4,27.5298080444336
2026-09-09 08:00:00,360,M0,30.36567687988281
2026-09-09 08:00:00,360,M4,27.928590774536133
2026-09-09 10:00:00,30,M0,15.729341506958008
2026-09-09 10:00:00,30,M4,12.001358032226562
2026-09-09 10:00:00,60,M0,19.19682884216309
2026-09-09 10:00:00,60,M4,15.107625007629396
2026-09-09 10:00:00,90,M0,21.50761985778809
2026-09-09 10:00:00,90,M4,17.26835060119629
2026-09-09 10:00:00,120,M0,22.99738311767578
2026-09-09 10:00:00,120,M4,18.780073165893555
2026-09-09 10:00:00,150,M0,24.450395584106445
2026-09-09 10:00:00,150,M4,20.334022521972656
2026-09-09 10:00:00,180,M0,25.899377822875977
2026-09-09 10:00:00,180,M4,21.779815673828125
2026-09-09 10:00:00,210,M0,26.88759422302246
2026-09-09 10:00:00,210,M4,22.91550636291504
2026-09-09 10:00:00,240,M0,27.67772674560547
2026-09-09 10:00:00,240,M4,23.612037658691406
2026-09-09 10:00:00,270,M0,27.808151245117188
2026-09-09 10:00:00,270,M4,24.4205265045166
2026-09-09 10:00:00,300,M0,28.1484317779541
2026-09-09 10:00:00,300,M4,24.6700496673584
2026-09-09 10:00:00,330,M0,28.402069091796875
2026-09-09 10:00:00,330,M4,24.92442512512207
2026-09-09 10:00:00,360,M0,29.232515335083008
2026-09-09 10:00:00,360,M4,25.13042259216309
2026-09-09 10:20:00,30,M0,13.881994247436523
2026-09-09 10:20:00,30,M4,11.205574989318848
2026-09-09 10:20:00,60,M0,17.57431411743164
2026-09-09 10:20:00,60,M4,14.206926345825195
2026-09-09 10:20:00,90,M0,19.83113479614257
2026-09-09 10:20:00,90,M4,16.134939193725586
2026-09-09 10:20:00,120,M0,21.245725631713867
2026-09-09 10:20:00,120,M4,17.532533645629883
2026-09-09 10:20:00,150,M0,22.986644744873047
2026-09-09 10:20:00,150,M4,18.89033317565918
2026-09-09 10:20:00,180,M0,24.21889305114746
2026-09-09 10:20:00,180,M4,20.53188133239746
2026-09-09 10:20:00,210,M0,25.021333694458008
2026-09-09 10:20:00,210,M4,21.51880645751953
2026-09-09 10:20:00,240,M0,25.611915588378903
2026-09-09 10:20:00,240,M4,22.52623176574707
2026-09-09 10:20:00,270,M0,25.39096069335937
2026-09-09 10:20:00,270,M4,23.063705444335938
2026-09-09 10:20:00,300,M0,25.742965698242188
2026-09-09 10:20:00,300,M4,23.55909538269043
2026-09-09 10:20:00,330,M0,25.98573875427246
2026-09-09 10:20:00,330,M4,23.81499290466309
2026-09-09 10:20:00,360,M0,26.57536506652832
2026-09-09 10:20:00,360,M4,24.068588256835938
2026-09-09 11:00:00,30,M0,12.80808162689209
2026-09-09 11:00:00,30,M4,10.227486610412598
2026-09-09 11:00:00,60,M0,16.65286636352539
2026-09-09 11:00:00,60,M4,13.578271865844728
2026-09-09 11:00:00,90,M0,18.977313995361328
2026-09-09 11:00:00,90,M4,15.852624893188477
2026-09-09 11:00:00,120,M0,20.521615982055664
2026-09-09 11:00:00,120,M4,17.513935089111328
2026-09-09 11:00:00,150,M0,22.20758056640625
2026-09-09 11:00:00,150,M4,19.36785888671875
2026-09-09 11:00:00,180,M0,23.28309440612793
2026-09-09 11:00:00,180,M4,20.512331008911133
2026-09-09 11:00:00,210,M0,23.53265190124512
2026-09-09 11:00:00,210,M4,21.868135452270508
2026-09-09 11:00:00,240,M0,23.44618797302246
2026-09-09 11:00:00,240,M4,22.62334251403809
2026-09-09 11:00:00,270,M0,23.681520462036133
2026-09-09 11:00:00,270,M4,23.19362068176269
2026-09-09 11:00:00,300,M0,24.230928421020508
2026-09-09 11:00:00,300,M4,23.66777229309082
2026-09-09 11:00:00,330,M0,24.429414749145508
2026-09-09 11:00:00,330,M4,24.09678077697754
2026-09-09 11:00:00,360,M0,25.12441062927246
2026-09-09 11:00:00,360,M4,25.35078239440918
2026-09-09 12:00:00,30,M0,12.556716918945312
2026-09-09 12:00:00,30,M4,9.745936393737791
2026-09-09 12:00:00,60,M0,15.910409927368164
2026-09-09 12:00:00,60,M4,12.762449264526367
2026-09-09 12:00:00,90,M0,18.33729553222656
2026-09-09 12:00:00,90,M4,14.85293197631836
2026-09-09 12:00:00,120,M0,20.00726127624512
2026-09-09 12:00:00,120,M4,16.32596206665039
2026-09-09 12:00:00,150,M0,20.806814193725582
2026-09-09 12:00:00,150,M4,17.691307067871094
2026-09-09 12:00:00,180,M0,21.286958694458008
2026-09-09 12:00:00,180,M4,18.71994972229004
2026-09-09 12:00:00,210,M0,21.46928596496582
2026-09-09 12:00:00,210,M4,19.64796638488769
2026-09-09 12:00:00,240,M0,21.96675491333008
2026-09-09 12:00:00,240,M4,20.75436019897461
2026-09-09 12:00:00,270,M0,22.433500289916992
2026-09-09 12:00:00,270,M4,21.390888214111328
2026-09-09 12:00:00,300,M0,23.39985466003418
2026-09-09 12:00:00,300,M4,22.45867156982422
2026-09-09 12:00:00,330,M0,23.82021713256836
2026-09-09 12:00:00,330,M4,23.224672317504883
2026-09-09 12:00:00,360,M0,24.515106201171875
2026-09-09 12:00:00,360,M4,24.06209182739257
2026-09-09 13:10:00,30,M0,12.114105224609377
2026-09-09 13:10:00,30,M4,9.663641929626465
2026-09-09 13:10:00,60,M0,15.769083976745604
2026-09-09 13:10:00,60,M4,12.703791618347168
2026-09-09 13:10:00,90,M0,17.54360580444336
2026-09-09 13:10:00,90,M4,14.453133583068848
2026-09-09 13:10:00,120,M0,18.51877212524414
2026-09-09 13:10:00,120,M4,16.084516525268555
2026-09-09 13:10:00,150,M0,18.916099548339844
2026-09-09 13:10:00,150,M4,17.350433349609375
2026-09-09 13:10:00,180,M0,19.86140823364257
2026-09-09 13:10:00,180,M4,18.856002807617188
2026-09-09 13:10:00,210,M0,20.36041641235352
2026-09-09 13:10:00,210,M4,19.74295234680176
2026-09-09 13:10:00,240,M0,21.5059757232666
2026-09-09 13:10:00,240,M4,21.23782730102539
2026-09-09 13:10:00,270,M0,22.782928466796875
2026-09-09 13:10:00,270,M4,22.220842361450195
2026-09-09 13:10:00,300,M0,23.52324485778809
2026-09-09 13:10:00,300,M4,23.09742546081543
2026-09-09 13:10:00,330,M0,24.115217208862305
2026-09-09 13:10:00,330,M4,23.913259506225582
2026-09-09 13:10:00,360,M0,24.886133193969727
2026-09-09 13:10:00,360,M4,24.84261703491211
2026-09-09 14:10:00,30,M0,11.84622573852539
2026-09-09 14:10:00,30,M4,9.357056617736816
2026-09-09 14:10:00,60,M0,15.182831764221191
2026-09-09 14:10:00,60,M4,12.544727325439451
2026-09-09 14:10:00,90,M0,16.764331817626953
2026-09-09 14:10:00,90,M4,14.596916198730469
2026-09-09 14:10:00,120,M0,18.19257164001465
2026-09-09 14:10:00,120,M4,16.478031158447266
2026-09-09 14:10:00,150,M0,19.086196899414062
2026-09-09 14:10:00,150,M4,17.717790603637695
2026-09-09 14:10:00,180,M0,20.827327728271484
2026-09-09 14:10:00,180,M4,19.19560432434082
2026-09-09 14:10:00,210,M0,21.969602584838867
2026-09-09 14:10:00,210,M4,20.2272891998291
2026-09-09 14:10:00,240,M0,22.604785919189453
2026-09-09 14:10:00,240,M4,20.85532569885254
2026-09-09 14:10:00,270,M0,23.271312713623047
2026-09-09 14:10:00,270,M4,21.50904655456543
2026-09-09 14:10:00,300,M0,24.018213272094727
2026-09-09 14:10:00,300,M4,22.27325439453125
2026-09-09 14:10:00,330,M0,24.75642967224121
2026-09-09 14:10:00,330,M4,23.091766357421875
2026-09-09 14:10:00,360,M0,25.4218978881836
2026-09-09 14:10:00,360,M4,24.079465866088867
2026-09-09 15:00:00,30,M0,11.529376983642578
2026-09-09 15:00:00,30,M4,9.014887809753418
2026-09-09 15:00:00,60,M0,14.56099796295166
2026-09-09 15:00:00,60,M4,11.4859619140625
2026-09-09 15:00:00,90,M0,16.372360229492188
2026-09-09 15:00:00,90,M4,13.55128288269043
2026-09-09 15:00:00,120,M0,18.67274475097656
2026-09-09 15:00:00,120,M4,15.662575721740724
2026-09-09 15:00:00,150,M0,19.993871688842773
2026-09-09 15:00:00,150,M4,16.942167282104492
2026-09-09 15:00:00,180,M0,21.305599212646484
2026-09-09 15:00:00,180,M4,17.791893005371094
2026-09-09 15:00:00,210,M0,21.946104049682617
2026-09-09 15:00:00,210,M4,18.385290145874023
2026-09-09 15:00:00,240,M0,22.38121032714844
2026-09-09 15:00:00,240,M4,19.09677696228028
2026-09-09 15:00:00,270,M0,23.20591163635254
2026-09-09 15:00:00,270,M4,19.935604095458984
2026-09-09 15:00:00,300,M0,24.07942771911621
2026-09-09 15:00:00,300,M4,20.885303497314453
2026-09-09 15:00:00,330,M0,24.98326873779297
2026-09-09 15:00:00,330,M4,21.87335777282715
2026-09-09 15:00:00,360,M0,25.8365478515625
2026-09-09 15:00:00,360,M4,23.065731048583984
2026-09-09 16:00:00,30,M0,10.882616996765137
2026-09-09 16:00:00,30,M4,8.799524307250977
2026-09-09 16:00:00,60,M0,14.611746788024902
2026-09-09 16:00:00,60,M4,12.028440475463867
2026-09-09 16:00:00,90,M0,16.605682373046875
2026-09-09 16:00:00,90,M4,13.933958053588867
2026-09-09 16:00:00,120,M0,18.20073890686035
2026-09-09 16:00:00,120,M4,15.090303421020508
2026-09-09 16:00:00,150,M0,19.27235221862793
2026-09-09 16:00:00,150,M4,15.78646183013916
2026-09-09 16:00:00,180,M0,20.073076248168945
2026-09-09 16:00:00,180,M4,16.43819236755371
2026-09-09 16:00:00,210,M0,21.23795890808105
2026-09-09 16:00:00,210,M4,17.261898040771484
2026-09-09 16:00:00,240,M0,21.98876571655273
2026-09-09 16:00:00,240,M4,18.06206512451172
2026-09-09 16:00:00,270,M0,22.458721160888672
2026-09-09 16:00:00,270,M4,18.88782501220703
2026-09-09 16:00:00,300,M0,23.38445472717285
2026-09-09 16:00:00,300,M4,19.786911010742188
2026-09-09 16:00:00,330,M0,24.341020584106445
2026-09-09 16:00:00,330,M4,20.515888214111328
2026-09-09 16:00:00,360,M0,25.647993087768555
2026-09-09 16:00:00,360,M4,21.490478515625
2026-09-09 17:00:00,30,M0,10.822579383850098
2026-09-09 17:00:00,30,M4,8.99269962310791
2026-09-09 17:00:00,60,M0,14.326422691345217
2026-09-09 17:00:00,60,M4,11.604628562927246
2026-09-09 17:00:00,90,M0,16.120872497558594
2026-09-09 17:00:00,90,M4,12.9193754196167
2026-09-09 17:00:00,120,M0,17.42862319946289
2026-09-09 17:00:00,120,M4,13.817195892333984
2026-09-09 17:00:00,150,M0,18.66365623474121
2026-09-09 17:00:00,150,M4,14.722784996032717
2026-09-09 17:00:00,180,M0,19.402267456054688
2026-09-09 17:00:00,180,M4,15.535318374633787
2026-09-09 17:00:00,210,M0,19.74837684631348
2026-09-09 17:00:00,210,M4,16.27982521057129
2026-09-09 17:00:00,240,M0,20.99043655395508
2026-09-09 17:00:00,240,M4,17.132410049438477
2026-09-09 17:00:00,270,M0,22.027347564697266
2026-09-09 17:00:00,270,M4,17.927793502807617
2026-09-09 17:00:00,300,M0,23.39664649963379
2026-09-09 17:00:00,300,M4,19.09843063354492
2026-09-09 17:00:00,330,M0,24.148548126220703
2026-09-09 17:00:00,330,M4,19.46866226196289
2026-09-09 17:00:00,360,M0,24.79060935974121
2026-09-09 17:00:00,360,M4,20.04774475097656
2026-09-09 21:00:00,30,M0,9.193907737731934
2026-09-09 21:00:00,30,M4,7.62626314163208
2026-09-09 21:00:00,60,M0,11.892332077026367
2026-09-09 21:00:00,60,M4,10.130160331726074
2026-09-09 21:00:00,90,M0,13.397539138793944
2026-09-09 21:00:00,90,M4,10.638818740844728
2026-09-09 21:00:00,120,M0,14.335026741027832
2026-09-09 21:00:00,120,M4,11.51434326171875
2026-09-09 21:00:00,150,M0,15.152559280395508
2026-09-09 21:00:00,150,M4,12.255119323730469
2026-09-09 21:00:00,180,M0,15.956430435180664
2026-09-09 21:00:00,180,M4,13.387309074401855
2026-09-09 21:00:00,210,M0,16.90190315246582
2026-09-09 21:00:00,210,M4,14.2598295211792
2026-09-09 21:00:00,240,M0,18.05059814453125
2026-09-09 21:00:00,240,M4,15.491209030151367
2026-09-09 21:00:00,270,M0,19.32820701599121
2026-09-09 21:00:00,270,M4,16.825069427490234
2026-09-09 21:00:00,300,M0,20.78902244567871
2026-09-09 21:00:00,300,M4,18.113021850585938
2026-09-09 21:00:00,330,M0,22.44709587097168
2026-09-09 21:00:00,330,M4,19.35993385314941
2026-09-09 21:00:00,360,M0,23.95598030090332
2026-09-09 21:00:00,360,M4,20.68364906311035
2026-09-10 01:00:00,30,M0,7.910633563995361
2026-09-10 01:00:00,30,M4,6.241132736206055
2026-09-10 01:00:00,60,M0,10.667061805725098
2026-09-10 01:00:00,60,M4,8.399293899536133
2026-09-10 01:00:00,90,M0,12.618507385253906
2026-09-10 01:00:00,90,M4,10.068065643310549
2026-09-10 01:00:00,120,M0,14.705652236938477
2026-09-10 01:00:00,120,M4,11.70483684539795
2026-09-10 01:00:00,150,M0,16.13138771057129
2026-09-10 01:00:00,150,M4,12.842041969299316
2026-09-10 01:00:00,180,M0,17.614912033081055
2026-09-10 01:00:00,180,M4,13.826199531555176
2026-09-10 01:00:00,210,M0,18.89914894104004
2026-09-10 01:00:00,210,M4,14.792454719543455
2026-09-10 01:00:00,240,M0,19.47983169555664
2026-09-10 01:00:00,240,M4,15.76430892944336
2026-09-10 01:00:00,270,M0,19.920289993286133
2026-09-10 01:00:00,270,M4,16.625646591186523
2026-09-10 01:00:00,330,M0,19.89113998413086
2026-09-10 01:00:00,330,M4,17.725149154663086
2026-09-10 01:00:00,360,M0,20.09393310546875
2026-09-10 01:00:00,360,M4,17.8012638092041
2026-09-10 02:00:00,30,M0,8.415574073791504
2026-09-10 02:00:00,30,M4,6.833859443664551
2026-09-10 02:00:00,60,M0,11.70047378540039
2026-09-10 02:00:00,60,M4,9.564536094665527
2026-09-10 02:00:00,90,M0,13.599871635437012
2026-09-10 02:00:00,90,M4,11.20157241821289
2026-09-10 02:00:00,120,M0,15.095192909240724
2026-09-10 02:00:00,120,M4,12.373130798339844
2026-09-10 02:00:00,150,M0,16.353914260864258
2026-09-10 02:00:00,150,M4,13.41428279876709
2026-09-10 02:00:00,180,M0,17.12714385986328
2026-09-10 02:00:00,180,M4,14.57923984527588
2026-09-10 02:00:00,210,M0,17.752273559570312
2026-09-10 02:00:00,210,M4,15.710693359375
2026-09-10 02:00:00,270,M0,18.441999435424805
2026-09-10 02:00:00,270,M4,17.016977310180664
2026-09-10 02:00:00,300,M0,18.65511512756348
2026-09-10 02:00:00,300,M4,17.458101272583008
2026-09-10 02:00:00,330,M0,19.01212310791016
2026-09-10 02:00:00,330,M4,18.224098205566406
2026-09-10 02:00:00,360,M0,19.490568161010746
2026-09-10 02:00:00,360,M4,18.87532997131348
2026-09-10 03:00:00,30,M0,8.57036304473877
2026-09-10 03:00:00,30,M4,6.865212917327881
2026-09-10 03:00:00,60,M0,11.49009609222412
2026-09-10 03:00:00,60,M4,9.066153526306152
2026-09-10 03:00:00,90,M0,13.396954536437988
2026-09-10 03:00:00,90,M4,10.687555313110352
2026-09-10 03:00:00,120,M0,14.430243492126465
2026-09-10 03:00:00,120,M4,12.230703353881836
2026-09-10 03:00:00,150,M0,15.392936706542969
2026-09-10 03:00:00,150,M4,13.528883934020996
2026-09-10 03:00:00,210,M0,16.748903274536133
2026-09-10 03:00:00,210,M4,15.366496086120604
2026-09-10 03:00:00,240,M0,17.199493408203125
2026-09-10 03:00:00,240,M4,15.91185188293457
2026-09-10 03:00:00,270,M0,17.8282413482666
2026-09-10 03:00:00,270,M4,16.63167953491211
2026-09-10 03:00:00,300,M0,18.628442764282227
2026-09-10 03:00:00,300,M4,17.50210952758789
2026-09-10 03:00:00,330,M0,19.757305145263672
2026-09-10 03:00:00,330,M4,18.115339279174805
2026-09-10 03:00:00,360,M0,20.52371025085449
2026-09-10 03:00:00,360,M4,19.368736267089844
2026-09-10 05:00:00,30,M0,8.987382888793945
2026-09-10 05:00:00,30,M4,7.284119606018066
2026-09-10 05:00:00,90,M0,13.278765678405762
2026-09-10 05:00:00,90,M4,11.212858200073242
2026-09-10 05:00:00,120,M0,14.7811918258667
2026-09-10 05:00:00,120,M4,12.347328186035156
2026-09-10 05:00:00,150,M0,15.976157188415527
2026-09-10 05:00:00,150,M4,13.511578559875488
2026-09-10 05:00:00,180,M0,17.178409576416016
2026-09-10 05:00:00,180,M4,14.599079132080078
2026-09-10 05:00:00,210,M0,18.37262535095215
2026-09-10 05:00:00,210,M4,15.555362701416016
2026-09-10 05:00:00,240,M0,19.364675521850582
2026-09-10 05:00:00,240,M4,16.852622985839844
2026-09-10 05:00:00,270,M0,20.73592758178711
2026-09-10 05:00:00,270,M4,18.76504135131836
2026-09-10 05:00:00,300,M0,22.6267032623291
2026-09-10 05:00:00,300,M4,20.221052169799805
2026-09-10 05:00:00,330,M0,22.59294891357422
2026-09-10 05:00:00,330,M4,19.89096450805664
2026-09-10 05:00:00,360,M0,23.49790573120117
2026-09-10 05:00:00,360,M4,20.33843040466309
2026-09-10 07:00:00,30,M0,8.99335765838623
2026-09-10 07:00:00,30,M4,7.119649887084961
2026-09-10 07:00:00,60,M0,11.697790145874023
2026-09-10 07:00:00,60,M4,9.215291976928713
2026-09-10 07:00:00,90,M0,14.01894187927246
2026-09-10 07:00:00,90,M4,10.806195259094238
2026-09-10 07:00:00,120,M0,15.389229774475098
2026-09-10 07:00:00,120,M4,12.439933776855469
2026-09-10 07:00:00,150,M0,17.064443588256836
2026-09-10 07:00:00,150,M4,14.163641929626465
2026-09-10 07:00:00,180,M0,19.17964553833008
2026-09-10 07:00:00,180,M4,15.433347702026367
2026-09-10 07:00:00,210,M0,19.149682998657227
2026-09-10 07:00:00,210,M4,15.419074058532717
2026-09-10 07:00:00,240,M0,20.077844619750977
2026-09-10 07:00:00,240,M4,15.83395767211914
2026-09-10 07:00:00,270,M0,21.139175415039062
2026-09-10 07:00:00,270,M4,16.631498336791992
2026-09-10 07:00:00,300,M0,22.017309188842773
2026-09-10 07:00:00,300,M4,17.02695083618164
2026-09-10 07:00:00,330,M0,22.570520401000977
2026-09-10 07:00:00,330,M4,17.63839340209961
2026-09-10 07:00:00,360,M0,22.688108444213867
2026-09-10 07:00:00,360,M4,17.96710777282715
2026-09-10 08:00:00,30,M0,9.435880661010742
2026-09-10 08:00:00,30,M4,7.349834442138672
2026-09-10 08:00:00,60,M0,12.183799743652344
2026-09-10 08:00:00,60,M4,9.89232349395752
2026-09-10 08:00:00,90,M0,14.47360610961914
2026-09-10 08:00:00,90,M4,12.330434799194336
2026-09-10 08:00:00,120,M0,16.551416397094727
2026-09-10 08:00:00,120,M4,13.922901153564451
2026-09-10 08:00:00,150,M0,16.994003295898438
2026-09-10 08:00:00,150,M4,14.129870414733888
2026-09-10 08:00:00,180,M0,17.776752471923828
2026-09-10 08:00:00,180,M4,14.849879264831545
2026-09-10 08:00:00,210,M0,19.120763778686523
2026-09-10 08:00:00,210,M4,15.92668628692627
2026-09-10 08:00:00,240,M0,19.91129875183105
2026-09-10 08:00:00,240,M4,16.349763870239258
2026-09-10 08:00:00,270,M0,20.587142944335938
2026-09-10 08:00:00,270,M4,17.089344024658203
2026-09-10 08:00:00,300,M0,20.69611167907715
2026-09-10 08:00:00,300,M4,17.38471031188965
2026-09-10 08:00:00,330,M0,21.20382499694824
2026-09-10 08:00:00,330,M4,18.1000919342041
2026-09-10 08:00:00,360,M0,21.53529357910156
2026-09-10 08:00:00,360,M4,18.29927635192871
2026-09-10 09:00:00,30,M0,9.768657684326172
2026-09-10 09:00:00,30,M4,8.529170036315918
2026-09-10 09:00:00,60,M0,12.220050811767578
2026-09-10 09:00:00,60,M4,10.57966136932373
2026-09-10 09:00:00,90,M0,13.76955795288086
2026-09-10 09:00:00,90,M4,11.308955192565918
2026-09-10 09:00:00,120,M0,14.929652214050291
2026-09-10 09:00:00,120,M4,12.226150512695312
2026-09-10 09:00:00,150,M0,16.316923141479492
2026-09-10 09:00:00,150,M4,13.34907054901123
2026-09-10 09:00:00,180,M0,17.181974411010742
2026-09-10 09:00:00,180,M4,14.002023696899414
2026-09-10 09:00:00,210,M0,18.022994995117188
2026-09-10 09:00:00,210,M4,14.91197395324707
2026-09-10 09:00:00,240,M0,18.50925064086914
2026-09-10 09:00:00,240,M4,15.382172584533691
2026-09-10 09:00:00,270,M0,19.36826705932617
2026-09-10 09:00:00,270,M4,16.101051330566406
2026-09-10 09:00:00,300,M0,20.03218650817871
2026-09-10 09:00:00,300,M4,16.594268798828125
2026-09-10 09:00:00,330,M0,20.73596954345703
2026-09-10 09:00:00,330,M4,17.706329345703125
2026-09-10 09:00:00,360,M0,21.25979232788086
2026-09-10 09:00:00,360,M4,18.35002517700196
2026-09-10 10:20:00,30,M0,9.22852611541748
2026-09-10 10:20:00,30,M4,7.414679050445557
2026-09-10 10:20:00,60,M0,11.412550926208496
2026-09-10 10:20:00,60,M4,9.123388290405272
2026-09-10 10:20:00,90,M0,13.416366577148438
2026-09-10 10:20:00,90,M4,10.82547378540039
2026-09-10 10:20:00,120,M0,13.996642112731934
2026-09-10 10:20:00,120,M4,11.673033714294434
2026-09-10 10:20:00,150,M0,15.048792839050291
2026-09-10 10:20:00,150,M4,12.598936080932615
2026-09-10 10:20:00,180,M0,15.75827980041504
2026-09-10 10:20:00,180,M4,13.147873878479004
2026-09-10 10:20:00,210,M0,17.14980125427246
2026-09-10 10:20:00,210,M4,13.83945655822754
2026-09-10 10:20:00,240,M0,17.702037811279297
2026-09-10 10:20:00,240,M4,14.628479957580566
2026-09-10 10:20:00,270,M0,18.65530586242676
2026-09-10 10:20:00,270,M4,15.937785148620604
2026-09-10 10:20:00,300,M0,19.26453399658203
2026-09-10 10:20:00,300,M4,16.26889419555664
2026-09-10 10:20:00,330,M0,19.979978561401367
2026-09-10 10:20:00,330,M4,16.78449821472168
2026-09-10 10:20:00,360,M0,20.409364700317383
2026-09-10 10:20:00,360,M4,17.298137664794922
2026-09-10 11:00:00,30,M0,8.392056465148926
2026-09-10 11:00:00,30,M4,6.760250091552734
2026-09-10 11:00:00,60,M0,10.92434310913086
2026-09-10 11:00:00,60,M4,8.95398235321045
2026-09-10 11:00:00,90,M0,12.5621337890625
2026-09-10 11:00:00,90,M4,10.459550857543944
2026-09-10 11:00:00,120,M0,13.740132331848145
2026-09-10 11:00:00,120,M4,11.420777320861816
2026-09-10 11:00:00,150,M0,15.066469192504885
2026-09-10 11:00:00,150,M4,12.404911041259766
2026-09-10 11:00:00,180,M0,15.844988822937012
2026-09-10 11:00:00,180,M4,13.292848587036133
2026-09-10 11:00:00,210,M0,16.736766815185547
2026-09-10 11:00:00,210,M4,14.802934646606444
2026-09-10 11:00:00,240,M0,17.688724517822266
2026-09-10 11:00:00,240,M4,15.801881790161133
2026-09-10 11:00:00,270,M0,18.60634422302246
2026-09-10 11:00:00,270,M4,16.404775619506836
2026-09-10 11:00:00,300,M0,19.18766021728516
2026-09-10 11:00:00,300,M4,16.91683578491211
2026-09-10 11:00:00,330,M0,20.01965713500977
2026-09-10 11:00:00,330,M4,17.87898063659668
2026-09-10 11:00:00,360,M0,20.69000816345215
2026-09-10 11:00:00,360,M4,18.978668212890625
2026-09-10 12:00:00,30,M0,8.268624305725098
2026-09-10 12:00:00,30,M4,6.5345845222473145
2026-09-10 12:00:00,60,M0,11.015796661376951
2026-09-10 12:00:00,60,M4,8.853754043579102
2026-09-10 12:00:00,90,M0,13.067923545837402
2026-09-10 12:00:00,90,M4,10.68263053894043
2026-09-10 12:00:00,120,M0,14.306455612182615
2026-09-10 12:00:00,120,M4,11.790867805480955
2026-09-10 12:00:00,150,M0,15.365169525146484
2026-09-10 12:00:00,150,M4,13.220281600952148
2026-09-10 12:00:00,180,M0,16.55629539489746
2026-09-10 12:00:00,180,M4,14.262334823608398
2026-09-10 12:00:00,210,M0,17.38300895690918
2026-09-10 12:00:00,210,M4,14.99923610687256
2026-09-10 12:00:00,240,M0,18.36692237854004
2026-09-10 12:00:00,240,M4,15.60483455657959
2026-09-10 12:00:00,270,M0,19.19207572937012
2026-09-10 12:00:00,270,M4,16.415700912475586
2026-09-10 12:00:00,300,M0,19.90244102478028
2026-09-10 12:00:00,300,M4,17.56765365600586
2026-09-10 12:00:00,330,M0,20.77789688110352
2026-09-10 12:00:00,330,M4,18.477352142333984
2026-09-10 12:00:00,360,M0,21.667457580566406
2026-09-10 12:00:00,360,M4,18.917938232421875
2026-09-10 14:00:00,30,M0,8.700775146484375
2026-09-10 14:00:00,30,M4,6.941926002502441
2026-09-10 14:00:00,60,M0,11.654454231262209
2026-09-10 14:00:00,60,M4,9.470122337341309
2026-09-10 14:00:00,90,M0,13.231654167175291
2026-09-10 14:00:00,90,M4,11.030762672424316
2026-09-10 14:00:00,120,M0,14.646923065185549
2026-09-10 14:00:00,120,M4,12.303018569946287
2026-09-10 14:00:00,150,M0,15.988713264465332
2026-09-10 14:00:00,150,M4,13.203192710876465
2026-09-10 14:00:00,180,M0,17.36441993713379
2026-09-10 14:00:00,180,M4,14.654256820678713
2026-09-10 14:00:00,210,M0,18.41548156738281
2026-09-10 14:00:00,210,M4,15.82419490814209
2026-09-10 14:00:00,240,M0,19.356006622314453
2026-09-10 14:00:00,240,M4,16.78671646118164
2026-09-10 14:00:00,270,M0,20.33523368835449
2026-09-10 14:00:00,270,M4,18.10732078552246
2026-09-10 14:00:00,300,M0,20.99371337890625
2026-09-10 14:00:00,300,M4,19.296348571777344
2026-09-10 14:00:00,330,M0,21.666784286499023
2026-09-10 14:00:00,330,M4,20.18552017211914
2026-09-10 14:00:00,360,M0,22.50064849853516
2026-09-10 14:00:00,360,M4,20.782114028930664
2026-09-10 15:00:00,30,M0,9.268572807312012
2026-09-10 15:00:00,30,M4,7.182833194732666
2026-09-10 15:00:00,60,M0,12.58090114593506
2026-09-10 15:00:00,60,M4,9.89684009552002
2026-09-10 15:00:00,90,M0,14.51266384124756
2026-09-10 15:00:00,90,M4,11.588135719299316
2026-09-10 15:00:00,120,M0,16.370248794555664
2026-09-10 15:00:00,120,M4,13.055312156677246
2026-09-10 15:00:00,150,M0,17.596616744995117
2026-09-10 15:00:00,150,M4,14.306200981140137
2026-09-10 15:00:00,180,M0,18.562110900878903
2026-09-10 15:00:00,180,M4,15.323365211486816
2026-09-10 15:00:00,210,M0,19.70381164550781
2026-09-10 15:00:00,210,M4,16.542682647705078
2026-09-10 15:00:00,240,M0,20.712162017822266
2026-09-10 15:00:00,240,M4,17.650671005249023
2026-09-10 15:00:00,270,M0,21.43687438964844
2026-09-10 15:00:00,270,M4,18.46979713439941
2026-09-10 15:00:00,300,M0,21.968505859375
2026-09-10 15:00:00,300,M4,19.07668113708496
2026-09-10 15:00:00,330,M0,22.38100814819336
2026-09-10 15:00:00,330,M4,19.90319061279297
2026-09-10 15:00:00,360,M0,22.922731399536133
2026-09-10 15:00:00,360,M4,20.648042678833008
2026-09-10 16:00:00,30,M0,9.625244140625
2026-09-10 16:00:00,30,M4,7.353610992431641
2026-09-10 16:00:00,60,M0,12.725444793701172
2026-09-10 16:00:00,60,M4,10.024409294128418
2026-09-10 16:00:00,90,M0,15.07746696472168
2026-09-10 16:00:00,90,M4,11.920254707336426
2026-09-10 16:00:00,120,M0,16.33542251586914
2026-09-10 16:00:00,120,M4,12.97764778137207
2026-09-10 16:00:00,150,M0,17.780874252319336
2026-09-10 16:00:00,150,M4,14.471209526062012
2026-09-10 16:00:00,180,M0,19.23542213439941
2026-09-10 16:00:00,180,M4,15.772156715393066
2026-09-10 16:00:00,210,M0,20.42650413513184
2026-09-10 16:00:00,210,M4,17.01903533935547
2026-09-10 16:00:00,240,M0,21.20439910888672
2026-09-10 16:00:00,240,M4,17.975732803344727
2026-09-10 16:00:00,270,M0,21.751081466674805
2026-09-10 16:00:00,270,M4,19.03891372680664
2026-09-10 16:00:00,300,M0,22.33896255493164
2026-09-10 16:00:00,300,M4,19.66789436340332
2026-09-10 16:00:00,330,M0,23.762346267700195
2026-09-10 16:00:00,330,M4,20.9604549407959
2026-09-10 16:00:00,360,M0,24.28993034362793
2026-09-10 16:00:00,360,M4,20.83722496032715
2026-09-10 18:00:00,30,M0,10.005602836608888
2026-09-10 18:00:00,30,M4,7.734508514404297
2026-09-10 18:00:00,60,M0,13.027600288391112
2026-09-10 18:00:00,60,M4,10.443075180053713
2026-09-10 18:00:00,90,M0,15.347678184509276
2026-09-10 18:00:00,90,M4,12.559237480163574
2026-09-10 18:00:00,120,M0,17.00189208984375
2026-09-10 18:00:00,120,M4,14.337854385375977
2026-09-10 18:00:00,150,M0,18.31985855102539
2026-09-10 18:00:00,150,M4,16.048906326293945
2026-09-10 18:00:00,180,M0,19.43667793273925
2026-09-10 18:00:00,180,M4,17.22539520263672
2026-09-10 18:00:00,210,M0,21.216524124145508
2026-09-10 18:00:00,210,M4,18.86498260498047
2026-09-10 18:00:00,240,M0,22.39187431335449
2026-09-10 18:00:00,240,M4,19.228872299194336
2026-09-10 18:00:00,270,M0,23.425264358520508
2026-09-10 18:00:00,270,M4,20.13071823120117
2026-09-10 18:00:00,300,M0,24.400577545166016
2026-09-10 18:00:00,300,M4,20.78890419006348
2026-09-10 18:00:00,330,M0,25.157501220703125
2026-09-10 18:00:00,330,M4,21.46284484863281
2026-09-10 18:00:00,360,M0,25.27054023742676
2026-09-10 18:00:00,360,M4,22.09336853027344
2026-09-10 19:00:00,30,M0,10.27109718322754
2026-09-10 19:00:00,30,M4,7.941731929779053
2026-09-10 19:00:00,60,M0,13.61253833770752
2026-09-10 19:00:00,60,M4,10.851981163024902
2026-09-10 19:00:00,90,M0,15.583776473999023
2026-09-10 19:00:00,90,M4,12.935102462768556
2026-09-10 19:00:00,120,M0,17.25076675415039
2026-09-10 19:00:00,120,M4,14.568429946899414
2026-09-10 19:00:00,150,M0,19.64981842041016
2026-09-10 19:00:00,150,M4,16.024322509765625
2026-09-10 19:00:00,180,M0,21.23795890808105
2026-09-10 19:00:00,180,M4,17.129358291625977
2026-09-10 19:00:00,210,M0,22.330217361450195
2026-09-10 19:00:00,210,M4,18.13919448852539
2026-09-10 19:00:00,240,M0,23.25874137878418
2026-09-10 19:00:00,240,M4,18.72486114501953
2026-09-10 19:00:00,270,M0,24.031309127807617
2026-09-10 19:00:00,270,M4,19.44487953186035
2026-09-10 19:00:00,300,M0,24.44061279296875
2026-09-10 19:00:00,300,M4,19.853609085083008
2026-09-10 19:00:00,330,M0,24.72284507751465
2026-09-10 19:00:00,330,M4,20.17856979370117
2026-09-10 19:00:00,360,M0,25.38631629943848
2026-09-10 19:00:00,360,M4,20.73882484436035
2026-09-10 20:00:00,30,M0,10.769929885864258
2026-09-10 20:00:00,30,M4,8.397738456726074
2026-09-10 20:00:00,60,M0,13.764793395996094
2026-09-10 20:00:00,60,M4,11.009048461914062
2026-09-10 20:00:00,90,M0,16.747655868530273
2026-09-10 20:00:00,90,M4,13.693716049194336
2026-09-10 20:00:00,120,M0,19.154016494750977
2026-09-10 20:00:00,120,M4,15.276772499084473
2026-09-10 20:00:00,150,M0,20.672340393066406
2026-09-10 20:00:00,150,M4,16.285005569458008
2026-09-10 20:00:00,180,M0,21.68124961853028
2026-09-10 20:00:00,180,M4,16.755290985107422
2026-09-10 20:00:00,210,M0,22.464784622192383
2026-09-10 20:00:00,210,M4,17.571664810180664
2026-09-10 20:00:00,240,M0,22.9088077545166
2026-09-10 20:00:00,240,M4,18.14507102966309
2026-09-10 20:00:00,270,M0,23.46040916442871
2026-09-10 20:00:00,270,M4,18.85257339477539
2026-09-10 20:00:00,300,M0,24.23773765563965
2026-09-10 20:00:00,300,M4,19.63654136657715
2026-09-10 20:00:00,330,M0,24.744909286499023
2026-09-10 20:00:00,330,M4,20.281810760498047
2026-09-10 20:00:00,360,M0,25.82177352905273
2026-09-10 20:00:00,360,M4,21.151599884033203
2026-09-10 21:00:00,30,M0,11.995108604431152
2026-09-10 21:00:00,30,M4,9.912297248840332
2026-09-10 21:00:00,60,M0,16.148927688598633
2026-09-10 21:00:00,60,M4,12.972516059875488
2026-09-10 21:00:00,90,M0,18.48150062561035
2026-09-10 21:00:00,90,M4,14.26320743560791
2026-09-10 21:00:00,120,M0,19.817073822021484
2026-09-10 21:00:00,120,M4,15.09336280822754
2026-09-10 21:00:00,150,M0,21.103700637817383
2026-09-10 21:00:00,150,M4,15.795422554016112
2026-09-10 21:00:00,180,M0,21.813758850097656
2026-09-10 21:00:00,180,M4,16.439708709716797
2026-09-10 21:00:00,210,M0,22.481948852539062
2026-09-10 21:00:00,210,M4,17.155118942260742
2026-09-10 21:00:00,240,M0,23.392730712890625
2026-09-10 21:00:00,240,M4,18.00682830810547
2026-09-10 21:00:00,270,M0,23.856019973754883
2026-09-10 21:00:00,270,M4,18.82379722595215
2026-09-10 21:00:00,300,M0,24.91580581665039
2026-09-10 21:00:00,300,M4,19.64155960083008
2026-09-10 21:00:00,330,M0,26.243295669555664
2026-09-10 21:00:00,330,M4,20.63944435119629
2026-09-10 21:00:00,360,M0,27.629995346069336
2026-09-10 21:00:00,360,M4,21.34834289550781
2026-09-10 22:00:00,30,M0,12.313833236694336
2026-09-10 22:00:00,30,M4,10.467844009399414
2026-09-10 22:00:00,60,M0,15.277835845947266
2026-09-10 22:00:00,60,M4,12.28465461730957
2026-09-10 22:00:00,90,M0,17.107566833496094
2026-09-10 22:00:00,90,M4,13.662846565246582
2026-09-10 22:00:00,120,M0,18.105602264404297
2026-09-10 22:00:00,120,M4,14.44553565979004
2026-09-10 22:00:00,150,M0,19.239301681518555
2026-09-10 22:00:00,150,M4,15.20346450805664
2026-09-10 22:00:00,180,M0,20.334692001342773
2026-09-10 22:00:00,180,M4,16.028804779052734
2026-09-10 22:00:00,210,M0,20.975645065307617
2026-09-10 22:00:00,210,M4,16.93075942993164
2026-09-10 22:00:00,240,M0,22.00871086120605
2026-09-10 22:00:00,240,M4,17.744457244873047
2026-09-10 22:00:00,270,M0,23.41766929626465
2026-09-10 22:00:00,270,M4,18.72833251953125
2026-09-10 22:00:00,300,M0,24.636632919311523
2026-09-10 22:00:00,300,M4,19.722393035888672
2026-09-10 22:00:00,330,M0,25.84221267700196
2026-09-10 22:00:00,330,M4,20.493135452270508
2026-09-10 22:00:00,360,M0,27.15160179138184
2026-09-10 22:00:00,360,M4,21.087390899658203
2026-09-11 02:00:00,30,M0,10.54025936126709
2026-09-11 02:00:00,30,M4,8.430367469787598
2026-09-11 02:00:00,60,M0,13.704144477844238
2026-09-11 02:00:00,60,M4,11.12276554107666
2026-09-11 02:00:00,90,M0,15.884597778320312
2026-09-11 02:00:00,90,M4,13.078612327575684
2026-09-11 02:00:00,120,M0,18.065448760986328
2026-09-11 02:00:00,120,M4,14.982539176940918
2026-09-11 02:00:00,150,M0,20.14012908935547
2026-09-11 02:00:00,150,M4,16.886091232299805
2026-09-11 02:00:00,180,M0,22.602251052856445
2026-09-11 02:00:00,180,M4,18.958398818969727
2026-09-11 02:00:00,210,M0,24.71706962585449
2026-09-11 02:00:00,210,M4,20.93149185180664
2026-09-11 02:00:00,270,M0,27.38609313964844
2026-09-11 02:00:00,270,M4,23.494665145874023
2026-09-11 02:00:00,300,M0,27.88786506652832
2026-09-11 02:00:00,300,M4,24.12237548828125
2026-09-11 02:00:00,330,M0,28.435531616210938
2026-09-11 02:00:00,330,M4,24.588115692138672
2026-09-11 02:00:00,360,M0,28.38471031188965
2026-09-11 02:00:00,360,M4,24.794696807861328
2026-09-11 04:00:00,30,M0,12.177868843078612
2026-09-11 04:00:00,30,M4,9.848173141479492
2026-09-11 04:00:00,60,M0,16.433910369873047
2026-09-11 04:00:00,60,M4,13.413809776306152
2026-09-11 04:00:00,90,M0,19.75503921508789
2026-09-11 04:00:00,90,M4,16.23897933959961
2026-09-11 04:00:00,150,M0,23.560646057128903
2026-09-11 04:00:00,150,M4,19.260648727416992
2026-09-11 04:00:00,180,M0,24.65724372863769
2026-09-11 04:00:00,180,M4,20.10713577270508
2026-09-11 04:00:00,210,M0,25.91685676574707
2026-09-11 04:00:00,210,M4,20.99437713623047
2026-09-11 04:00:00,240,M0,26.595155715942383
2026-09-11 04:00:00,240,M4,21.786226272583008
2026-09-11 04:00:00,270,M0,27.335205078125
2026-09-11 04:00:00,270,M4,22.50686454772949
2026-09-11 04:00:00,300,M0,29.07574844360352
2026-09-11 04:00:00,300,M4,24.39552879333496
2026-09-11 07:00:00,30,M0,13.802168846130373
2026-09-11 07:00:00,30,M4,10.742182731628418
2026-09-11 07:00:00,60,M0,17.40529441833496
2026-09-11 07:00:00,60,M4,13.53670597076416
2026-09-11 07:00:00,90,M0,20.41436004638672
2026-09-11 07:00:00,90,M4,15.96829605102539
2026-09-11 07:00:00,120,M0,23.368793487548828
2026-09-11 07:00:00,120,M4,18.41630744934082
2026-09-11 07:00:00,210,M0,27.70427894592285
2026-09-11 07:00:00,210,M4,20.20577812194824
2026-09-11 07:00:00,240,M0,28.3774471282959
2026-09-11 07:00:00,240,M4,20.32537269592285
2026-09-11 07:00:00,270,M0,29.18367958068848
2026-09-11 07:00:00,270,M4,20.671836853027344
2026-09-11 07:00:00,300,M0,29.98433494567871
2026-09-11 07:00:00,300,M4,21.4133529663086
2026-09-11 07:00:00,330,M0,30.86523056030273
2026-09-11 07:00:00,330,M4,22.42481231689453
2026-09-11 07:00:00,360,M0,31.577184677124023
2026-09-11 07:00:00,360,M4,23.37806510925293
2026-09-11 08:00:00,30,M0,14.24105453491211
2026-09-11 08:00:00,30,M4,11.096024513244627
2026-09-11 08:00:00,60,M0,18.12700462341309
2026-09-11 08:00:00,60,M4,14.469597816467283
2026-09-11 08:00:00,150,M0,24.07155990600586
2026-09-11 08:00:00,150,M4,16.888025283813477
2026-09-11 08:00:00,180,M0,24.95807456970215
2026-09-11 08:00:00,180,M4,17.20122528076172
2026-09-11 08:00:00,210,M0,25.95787239074707
2026-09-11 08:00:00,210,M4,17.973176956176758
2026-09-11 08:00:00,240,M0,26.7484188079834
2026-09-11 08:00:00,240,M4,18.851213455200195
2026-09-11 08:00:00,270,M0,27.58922004699707
2026-09-11 08:00:00,270,M4,19.916454315185547
2026-09-11 08:00:00,300,M0,28.30194091796875
2026-09-11 08:00:00,300,M4,21.062593460083008
2026-09-11 08:00:00,330,M0,29.235153198242188
2026-09-11 08:00:00,330,M4,22.44391632080078
2026-09-11 08:00:00,360,M0,29.700231552124023
2026-09-11 08:00:00,360,M4,23.113052368164062
2026-09-11 12:00:00,30,M0,11.784567832946776
2026-09-11 12:00:00,30,M4,9.207374572753906
2026-09-11 12:00:00,60,M0,14.507293701171877
2026-09-11 12:00:00,60,M4,11.84162425994873
2026-09-11 12:00:00,90,M0,16.749670028686523
2026-09-11 12:00:00,90,M4,13.981968879699709
2026-09-11 12:00:00,120,M0,17.914106369018555
2026-09-11 12:00:00,120,M4,14.969197273254396
2026-09-11 12:00:00,150,M0,19.26744270324707
2026-09-11 12:00:00,150,M4,16.10906219482422
2026-09-11 12:00:00,180,M0,20.596439361572266
2026-09-11 12:00:00,180,M4,17.14820671081543
2026-09-11 12:00:00,210,M0,21.475605010986328
2026-09-11 12:00:00,210,M4,18.319292068481445
2026-09-11 12:00:00,240,M0,22.216646194458008
2026-09-11 12:00:00,240,M4,19.46487808227539
2026-09-11 12:00:00,270,M0,23.260053634643555
2026-09-11 12:00:00,270,M4,20.67259407043457
2026-09-11 12:00:00,300,M0,24.18492126464844
2026-09-11 12:00:00,300,M4,21.7509822845459
2026-09-11 12:00:00,330,M0,25.13789176940918
2026-09-11 12:00:00,330,M4,22.8332748413086
2026-09-11 12:00:00,360,M0,25.987585067749023
2026-09-11 12:00:00,360,M4,23.56935310363769
2026-09-11 15:00:00,30,M0,11.39893913269043
2026-09-11 15:00:00,30,M4,8.96865463256836
2026-09-11 15:00:00,60,M0,14.341692924499512
2026-09-11 15:00:00,60,M4,11.65074062347412
2026-09-11 15:00:00,90,M0,16.30093765258789
2026-09-11 15:00:00,90,M4,13.588772773742676
2026-09-11 15:00:00,120,M0,18.32723999023437
2026-09-11 15:00:00,120,M4,15.163583755493164
2026-09-11 15:00:00,150,M0,19.91540908813477
2026-09-11 15:00:00,150,M4,16.741771697998047
2026-09-11 15:00:00,180,M0,21.06977844238281
2026-09-11 15:00:00,180,M4,17.885671615600586
2026-09-11 15:00:00,210,M0,22.148067474365234
2026-09-11 15:00:00,210,M4,18.968753814697266
2026-09-11 15:00:00,240,M0,23.160133361816406
2026-09-11 15:00:00,240,M4,20.118986129760746
2026-09-11 15:00:00,270,M0,24.285194396972656
2026-09-11 15:00:00,270,M4,21.436681747436523
2026-09-11 15:00:00,300,M0,25.4314022064209
2026-09-11 15:00:00,300,M4,22.953022003173828
2026-09-11 15:00:00,330,M0,26.312280654907227
2026-09-11 15:00:00,330,M4,24.372209548950195
2026-09-11 15:00:00,360,M0,27.429780960083008
2026-09-11 15:00:00,360,M4,25.59418487548828
2026-09-11 16:00:00,30,M0,11.916634559631348
2026-09-11 16:00:00,30,M4,9.439799308776855
2026-09-11 16:00:00,60,M0,15.109437942504885
2026-09-11 16:00:00,60,M4,12.348556518554688
2026-09-11 16:00:00,90,M0,17.013641357421875
2026-09-11 16:00:00,90,M4,14.263975143432615
2026-09-11 16:00:00,120,M0,18.762615203857425
2026-09-11 16:00:00,120,M4,15.596732139587402
2026-09-11 16:00:00,150,M0,20.272430419921875
2026-09-11 16:00:00,150,M4,16.90251922607422
2026-09-11 16:00:00,180,M0,21.281095504760746
2026-09-11 16:00:00,180,M4,18.118581771850582
2026-09-11 16:00:00,210,M0,22.49244499206543
2026-09-11 16:00:00,210,M4,19.745437622070312
2026-09-11 16:00:00,240,M0,23.98040199279785
2026-09-11 16:00:00,240,M4,21.34479522705078
2026-09-11 16:00:00,270,M0,25.298444747924805
2026-09-11 16:00:00,270,M4,23.04934310913086
2026-09-11 16:00:00,300,M0,26.301990509033203
2026-09-11 16:00:00,300,M4,24.71763038635254
2026-09-11 16:00:00,330,M0,28.422542572021484
2026-09-11 16:00:00,330,M4,26.56949615478516
2026-09-11 16:00:00,360,M0,30.57658195495605
2026-09-11 16:00:00,360,M4,27.958553314208984
2026-09-11 17:10:00,30,M0,11.19809913635254
2026-09-11 17:10:00,30,M4,8.518856048583984
2026-09-11 17:10:00,60,M0,14.377702713012695
2026-09-11 17:10:00,60,M4,11.12545394897461
2026-09-11 17:10:00,90,M0,16.4371395111084
2026-09-11 17:10:00,90,M4,13.05227279663086
2026-09-11 17:10:00,120,M0,18.314332962036133
2026-09-11 17:10:00,120,M4,14.973827362060549
2026-09-11 17:10:00,150,M0,20.20681381225586
2026-09-11 17:10:00,150,M4,16.864421844482422
2026-09-11 17:10:00,180,M0,22.065629959106445
2026-09-11 17:10:00,180,M4,18.640987396240234
2026-09-11 17:10:00,210,M0,23.3577880859375
2026-09-11 17:10:00,210,M4,20.2828426361084
2026-09-11 17:10:00,240,M0,24.85764503479004
2026-09-11 17:10:00,240,M4,21.86754035949707
2026-09-11 17:10:00,270,M0,26.727081298828125
2026-09-11 17:10:00,270,M4,23.291654586791992
2026-09-11 17:10:00,300,M0,29.30167579650879
2026-09-11 17:10:00,300,M4,24.87193298339844
2026-09-11 17:10:00,330,M0,29.146947860717773
2026-09-11 17:10:00,330,M4,25.433801651000977
2026-09-11 17:10:00,360,M0,30.190921783447266
2026-09-11 17:10:00,360,M4,26.299713134765625
2026-09-11 18:00:00,30,M0,11.191075325012209
2026-09-11 18:00:00,30,M4,8.66568660736084
2026-09-11 18:00:00,60,M0,14.659141540527344
2026-09-11 18:00:00,60,M4,11.690673828125
2026-09-11 18:00:00,90,M0,16.92405891418457
2026-09-11 18:00:00,90,M4,13.971046447753906
2026-09-11 18:00:00,120,M0,19.07655334472656
2026-09-11 18:00:00,120,M4,15.947254180908203
2026-09-11 18:00:00,150,M0,21.015100479125977
2026-09-11 18:00:00,150,M4,17.69154167175293
2026-09-11 18:00:00,180,M0,22.508197784423828
2026-09-11 18:00:00,180,M4,19.35578727722168
2026-09-11 18:00:00,210,M0,24.550371170043945
2026-09-11 18:00:00,210,M4,20.980274200439453
2026-09-11 18:00:00,240,M0,26.84164428710937
2026-09-11 18:00:00,240,M4,22.208646774291992
2026-09-11 18:00:00,270,M0,27.50219345092773
2026-09-11 18:00:00,270,M4,23.33051300048828
2026-09-11 18:00:00,300,M0,28.387523651123047
2026-09-11 18:00:00,300,M4,24.621946334838867
2026-09-11 18:00:00,330,M0,29.229530334472656
2026-09-11 18:00:00,330,M4,25.92582130432129
2026-09-11 18:00:00,360,M0,30.45754814147949
2026-09-11 18:00:00,360,M4,27.18507575988769
2026-09-11 20:00:00,30,M0,11.718243598937988
2026-09-11 20:00:00,30,M4,9.163171768188477
2026-09-11 20:00:00,60,M0,15.547159194946287
2026-09-11 20:00:00,60,M4,12.379752159118652
2026-09-11 20:00:00,90,M0,18.911327362060547
2026-09-11 20:00:00,90,M4,15.478676795959473
2026-09-11 20:00:00,120,M0,21.61212921142578
2026-09-11 20:00:00,120,M4,17.583250045776367
2026-09-11 20:00:00,150,M0,22.688459396362305
2026-09-11 20:00:00,150,M4,19.05309295654297
2026-09-11 20:00:00,180,M0,23.821413040161133
2026-09-11 20:00:00,180,M4,20.375444412231445
2026-09-11 20:00:00,210,M0,25.24922561645508
2026-09-11 20:00:00,210,M4,22.14219665527344
2026-09-11 20:00:00,240,M0,26.692686080932617
2026-09-11 20:00:00,240,M4,23.7050838470459
2026-09-11 20:00:00,270,M0,27.86409950256348
2026-09-11 20:00:00,270,M4,25.5332145690918
2026-09-11 20:00:00,300,M0,29.44931411743164
2026-09-11 20:00:00,300,M4,26.74887466430664
2026-09-11 20:00:00,330,M0,30.00445938110352
2026-09-11 20:00:00,330,M4,28.02971649169922
2026-09-11 20:00:00,360,M0,31.13373374938965
2026-09-11 20:00:00,360,M4,29.11483764648437
2026-09-11 21:00:00,30,M0,13.216933250427246
2026-09-11 21:00:00,30,M4,10.741639137268066
2026-09-11 21:00:00,60,M0,17.617431640625
2026-09-11 21:00:00,60,M4,14.30080509185791
2026-09-11 21:00:00,90,M0,19.46743965148925
2026-09-11 21:00:00,90,M4,16.275318145751953
2026-09-11 21:00:00,120,M0,21.559066772460938
2026-09-11 21:00:00,120,M4,17.77285385131836
2026-09-11 21:00:00,150,M0,23.384626388549805
2026-09-11 21:00:00,150,M4,19.44732666015625
2026-09-11 21:00:00,180,M0,24.9602279663086
2026-09-11 21:00:00,180,M4,21.004016876220703
2026-09-11 21:00:00,210,M0,26.661909103393555
2026-09-11 21:00:00,210,M4,22.9210205078125
2026-09-11 21:00:00,240,M0,28.476207733154297
2026-09-11 21:00:00,240,M4,24.3768253326416
2026-09-11 21:00:00,270,M0,29.21670150756836
2026-09-11 21:00:00,270,M4,25.546985626220703
2026-09-11 21:00:00,300,M0,30.26987075805664
2026-09-11 21:00:00,300,M4,26.476560592651367
2026-09-11 21:00:00,330,M0,31.35894775390625
2026-09-11 21:00:00,330,M4,27.721031188964844
2026-09-11 21:00:00,360,M0,32.9133415222168
2026-09-11 21:00:00,360,M4,29.20523452758789
2026-09-11 22:00:00,30,M0,13.8951997756958
2026-09-11 22:00:00,30,M4,11.931933403015137
2026-09-11 22:00:00,60,M0,17.371850967407227
2026-09-11 22:00:00,60,M4,14.58166217803955
2026-09-11 22:00:00,90,M0,19.91363525390625
2026-09-11 22:00:00,90,M4,16.70958709716797
2026-09-11 22:00:00,120,M0,22.351930618286133
2026-09-11 22:00:00,120,M4,18.71686363220215
2026-09-11 22:00:00,150,M0,24.8687686920166
2026-09-11 22:00:00,150,M4,20.52651596069336
2026-09-11 22:00:00,180,M0,26.79234504699707
2026-09-11 22:00:00,180,M4,21.98029327392578
2026-09-11 22:00:00,210,M0,28.01488876342773
2026-09-11 22:00:00,210,M4,23.36997032165528
2026-09-11 22:00:00,240,M0,29.265703201293945
2026-09-11 22:00:00,240,M4,24.546499252319336
2026-09-11 22:00:00,270,M0,30.464893341064453
2026-09-11 22:00:00,270,M4,26.166690826416016
2026-09-11 22:00:00,300,M0,32.028961181640625
2026-09-11 22:00:00,300,M4,27.73005104064941
2026-09-11 22:00:00,330,M0,33.2275390625
2026-09-11 22:00:00,330,M4,28.73130416870117
2026-09-11 22:00:00,360,M0,33.405879974365234
2026-09-11 22:00:00,360,M4,29.769363403320312
2026-09-12 01:00:00,30,M0,14.255444526672363
2026-09-12 01:00:00,30,M4,11.36430835723877
2026-09-12 01:00:00,60,M0,18.656757354736328
2026-09-12 01:00:00,60,M4,15.024385452270508
2026-09-12 01:00:00,90,M0,21.557233810424805
2026-09-12 01:00:00,90,M4,18.091215133666992
2026-09-12 01:00:00,120,M0,24.26168441772461
2026-09-12 01:00:00,120,M4,20.757184982299805
2026-09-12 01:00:00,180,M0,28.338607788085938
2026-09-12 01:00:00,180,M4,24.710693359375
2026-09-12 01:00:00,210,M0,29.845224380493164
2026-09-12 01:00:00,210,M4,25.9945068359375
2026-09-12 01:00:00,240,M0,31.20777130126953
2026-09-12 01:00:00,240,M4,26.803939819335938
2026-09-12 01:00:00,270,M0,32.26340103149414
2026-09-12 01:00:00,270,M4,27.725086212158203
2026-09-12 01:00:00,330,M0,34.21269989013672
2026-09-12 01:00:00,330,M4,29.30809783935547
2026-09-12 01:00:00,360,M0,34.86237716674805
2026-09-12 01:00:00,360,M4,29.860260009765625
2026-09-12 03:00:00,30,M0,14.806636810302734
2026-09-12 03:00:00,30,M4,11.541044235229492
2026-09-12 03:00:00,60,M0,19.109207153320312
2026-09-12 03:00:00,60,M4,15.033069610595703
2026-09-12 03:00:00,90,M0,22.14037322998047
2026-09-12 03:00:00,90,M4,17.727500915527344
2026-09-12 03:00:00,120,M0,24.89971923828125
2026-09-12 03:00:00,120,M4,20.163799285888672
2026-09-12 03:00:00,150,M0,26.867416381835938
2026-09-12 03:00:00,150,M4,22.001230239868164
2026-09-12 03:00:00,210,M0,29.852108001708984
2026-09-12 03:00:00,210,M4,24.72345924377441
2026-09-12 03:00:00,240,M0,31.102054595947266
2026-09-12 03:00:00,240,M4,25.89672088623047
2026-09-12 03:00:00,270,M0,32.57933807373047
2026-09-12 03:00:00,270,M4,26.81723403930664
2026-09-12 03:00:00,300,M0,33.46844482421875
2026-09-12 03:00:00,300,M4,27.639896392822266
2026-09-12 03:00:00,330,M0,34.863372802734375
2026-09-12 03:00:00,330,M4,28.557748794555664
2026-09-12 03:00:00,360,M0,37.15679168701172
2026-09-12 03:00:00,360,M4,29.667600631713867
2026-09-12 04:00:00,30,M0,14.79381275177002
2026-09-12 04:00:00,30,M4,11.604819297790527
2026-09-12 04:00:00,60,M0,19.09385871887207
2026-09-12 04:00:00,60,M4,15.0791654586792
2026-09-12 04:00:00,90,M0,22.060760498046875
2026-09-12 04:00:00,90,M4,17.584087371826172
2026-09-12 04:00:00,150,M0,26.35174369812012
2026-09-12 04:00:00,150,M4,21.103654861450195
2026-09-12 04:00:00,180,M0,27.99851417541504
2026-09-12 04:00:00,180,M4,22.48200035095215
2026-09-12 04:00:00,210,M0,30.110774993896484
2026-09-12 04:00:00,210,M4,23.68645668029785
2026-09-12 04:00:00,240,M0,31.53913307189941
2026-09-12 04:00:00,240,M4,24.6911849975586
2026-09-12 04:00:00,270,M0,33.39487838745117
2026-09-12 04:00:00,270,M4,25.732295989990234
2026-09-12 04:00:00,300,M0,35.437313079833984
2026-09-12 04:00:00,300,M4,27.502479553222656
2026-09-12 04:00:00,330,M0,35.954959869384766
2026-09-12 04:00:00,330,M4,27.46580696105957
2026-09-12 04:00:00,360,M0,36.15512466430664
2026-09-12 04:00:00,360,M4,28.148155212402344
2026-09-12 05:10:00,30,M0,15.338918685913086
2026-09-12 05:10:00,30,M4,11.952777862548828
2026-09-12 05:10:00,60,M0,19.809860229492188
2026-09-12 05:10:00,60,M4,15.453478813171388
2026-09-12 05:10:00,90,M0,22.873674392700195
2026-09-12 05:10:00,90,M4,18.07457733154297
2026-09-12 05:10:00,120,M0,25.17180061340332
2026-09-12 05:10:00,120,M4,20.1811466217041
2026-09-12 05:10:00,150,M0,27.693214416503903
2026-09-12 05:10:00,150,M4,21.83440971374512
2026-09-12 05:10:00,180,M0,29.559757232666016
2026-09-12 05:10:00,180,M4,23.38377952575684
2026-09-12 05:10:00,210,M0,31.60901641845703
2026-09-12 05:10:00,210,M4,24.57638931274414
2026-09-12 05:10:00,240,M0,34.287750244140625
2026-09-12 05:10:00,240,M4,26.577167510986328
2026-09-12 05:10:00,270,M0,34.290496826171875
2026-09-12 05:10:00,270,M4,25.51689338684082
2026-09-12 05:10:00,300,M0,34.86674118041992
2026-09-12 05:10:00,300,M4,27.823165893554688
2026-09-12 05:10:00,330,M0,35.68275451660156
2026-09-12 05:10:00,330,M4,29.15391159057617
2026-09-12 05:10:00,360,M0,36.807804107666016
2026-09-12 05:10:00,360,M4,31.07275581359864
2026-09-12 07:00:00,30,M0,16.289615631103516
2026-09-12 07:00:00,30,M4,12.182374954223633
2026-09-12 07:00:00,60,M0,21.20318603515625
2026-09-12 07:00:00,60,M4,15.659271240234377
2026-09-12 07:00:00,90,M0,24.52961540222168
2026-09-12 07:00:00,90,M4,18.22454261779785
2026-09-12 07:00:00,120,M0,27.888591766357425
2026-09-12 07:00:00,120,M4,20.797054290771484
2026-09-12 07:00:00,150,M0,29.96261978149414
2026-09-12 07:00:00,150,M4,22.235483169555664
2026-09-12 07:00:00,180,M0,30.746797561645508
2026-09-12 07:00:00,180,M4,22.26421165466309
2026-09-12 07:00:00,210,M0,32.41108322143555
2026-09-12 07:00:00,210,M4,24.822311401367188
2026-09-12 07:00:00,240,M0,33.36668014526367
2026-09-12 07:00:00,240,M4,26.703901290893555
2026-09-12 07:00:00,270,M0,33.866905212402344
2026-09-12 07:00:00,270,M4,27.931861877441406
2026-09-12 07:00:00,300,M0,35.156158447265625
2026-09-12 07:00:00,300,M4,29.409160614013672
2026-09-12 07:00:00,330,M0,35.756324768066406
2026-09-12 07:00:00,330,M4,29.533105850219727
2026-09-12 07:00:00,360,M0,36.49298858642578
2026-09-12 07:00:00,360,M4,30.52992057800293
2026-09-12 09:00:00,30,M0,18.970870971679688
2026-09-12 09:00:00,30,M4,15.267281532287598
2026-09-12 09:00:00,60,M0,22.1464958190918
2026-09-12 09:00:00,60,M4,17.813989639282227
2026-09-12 09:00:00,90,M0,25.23761940002441
2026-09-12 09:00:00,90,M4,18.7440242767334
2026-09-12 09:00:00,120,M0,27.734458923339844
2026-09-12 09:00:00,120,M4,20.63489151000977
2026-09-12 09:00:00,150,M0,29.12809181213379
2026-09-12 09:00:00,150,M4,21.958051681518555
2026-09-12 09:00:00,180,M0,30.94249153137207
2026-09-12 09:00:00,180,M4,23.14901733398437
2026-09-12 09:00:00,210,M0,32.0065803527832
2026-09-12 09:00:00,210,M4,23.63080406188965
2026-09-12 09:00:00,240,M0,33.27291488647461
2026-09-12 09:00:00,240,M4,24.274402618408203
2026-09-12 09:00:00,270,M0,33.23406982421875
2026-09-12 09:00:00,270,M4,24.263931274414062
2026-09-12 09:00:00,300,M0,33.82999801635742
2026-09-12 09:00:00,300,M4,24.658767700195312
2026-09-12 09:00:00,330,M0,34.26688003540039
2026-09-12 09:00:00,330,M4,25.387615203857425
2026-09-12 09:00:00,360,M0,35.44242858886719
2026-09-12 09:00:00,360,M4,25.72890853881836
2026-09-12 10:00:00,30,M0,18.86298561096192
2026-09-12 10:00:00,30,M4,13.354844093322754
2026-09-12 10:00:00,60,M0,23.70094871520996
2026-09-12 10:00:00,60,M4,16.433256149291992
2026-09-12 10:00:00,90,M0,26.338987350463867
2026-09-12 10:00:00,90,M4,18.78288459777832
2026-09-12 10:00:00,120,M0,28.59231758117676
2026-09-12 10:00:00,120,M4,20.36472511291504
2026-09-12 10:00:00,150,M0,29.67728614807129
2026-09-12 10:00:00,150,M4,21.51042556762696
2026-09-12 10:00:00,180,M0,31.51659774780273
2026-09-12 10:00:00,180,M4,22.697959899902344
2026-09-12 10:00:00,210,M0,31.67996597290039
2026-09-12 10:00:00,210,M4,23.37006378173828
2026-09-12 10:00:00,240,M0,33.052608489990234
2026-09-12 10:00:00,240,M4,23.85109138488769
2026-09-12 10:00:00,270,M0,34.0448112487793
2026-09-12 10:00:00,270,M4,24.66548156738281
2026-09-12 10:00:00,300,M0,35.52167510986328
2026-09-12 10:00:00,300,M4,25.34549903869629
2026-09-12 10:00:00,330,M0,36.248172760009766
2026-09-12 10:00:00,330,M4,25.830049514770508
2026-09-12 10:00:00,360,M0,37.192359924316406
2026-09-12 10:00:00,360,M4,26.371807098388672
2026-09-12 11:00:00,30,M0,15.762709617614746
2026-09-12 11:00:00,30,M4,12.048903465270996
2026-09-12 11:00:00,60,M0,19.94117927551269
2026-09-12 11:00:00,60,M4,15.142206192016602
2026-09-12 11:00:00,90,M0,22.281822204589844
2026-09-12 11:00:00,90,M4,16.95999526977539
2026-09-12 11:00:00,120,M0,24.64739227294922
2026-09-12 11:00:00,120,M4,18.455638885498047
2026-09-12 11:00:00,150,M0,25.96146583557129
2026-09-12 11:00:00,150,M4,19.611347198486328
2026-09-12 11:00:00,180,M0,27.345748901367188
2026-09-12 11:00:00,180,M4,20.64728736877441
2026-09-12 11:00:00,210,M0,28.31274032592773
2026-09-12 11:00:00,210,M4,22.167903900146484
2026-09-12 11:00:00,240,M0,29.7600154876709
2026-09-12 11:00:00,240,M4,23.55492782592773
2026-09-12 11:00:00,270,M0,30.70345497131348
2026-09-12 11:00:00,270,M4,24.669658660888672
2026-09-12 11:00:00,300,M0,31.78852081298828
2026-09-12 11:00:00,300,M4,25.378963470458984
2026-09-12 11:00:00,330,M0,32.208675384521484
2026-09-12 11:00:00,330,M4,26.097946166992188
2026-09-12 11:00:00,360,M0,33.341392517089844
2026-09-12 11:00:00,360,M4,26.861391067504883
2026-09-12 13:00:00,30,M0,14.666479110717772
2026-09-12 13:00:00,30,M4,11.0606050491333
2026-09-12 13:00:00,60,M0,19.030563354492188
2026-09-12 13:00:00,60,M4,13.878664016723633
2026-09-12 13:00:00,90,M0,21.843862533569336
2026-09-12 13:00:00,90,M4,16.29853630065918
2026-09-12 13:00:00,120,M0,23.916481018066406
2026-09-12 13:00:00,120,M4,17.85235023498535
2026-09-12 13:00:00,150,M0,25.26983642578125
2026-09-12 13:00:00,150,M4,19.50594520568848
2026-09-12 13:00:00,180,M0,26.91111183166504
2026-09-12 13:00:00,180,M4,20.59433937072754
2026-09-12 13:00:00,210,M0,27.67186737060547
2026-09-12 13:00:00,210,M4,21.89131164550781
2026-09-12 13:00:00,240,M0,29.0379695892334
2026-09-12 13:00:00,240,M4,22.88221549987793
2026-09-12 13:00:00,270,M0,29.08068084716797
2026-09-12 13:00:00,270,M4,23.570735931396484
2026-09-12 13:00:00,300,M0,29.541179656982425
2026-09-12 13:00:00,300,M4,24.06197929382324
2026-09-12 13:00:00,330,M0,30.18916320800781
2026-09-12 13:00:00,330,M4,24.92344665527344
2026-09-12 13:00:00,360,M0,31.2279052734375
2026-09-12 13:00:00,360,M4,25.548154830932617
2026-09-12 14:10:00,30,M0,14.56361198425293
2026-09-12 14:10:00,30,M4,10.861753463745115
2026-09-12 14:10:00,60,M0,18.82512664794922
2026-09-12 14:10:00,60,M4,14.029476165771484
2026-09-12 14:10:00,90,M0,21.511653900146484
2026-09-12 14:10:00,90,M4,16.344655990600586
2026-09-12 14:10:00,120,M0,23.8629093170166
2026-09-12 14:10:00,120,M4,17.976768493652344
2026-09-12 14:10:00,150,M0,25.562789916992188
2026-09-12 14:10:00,150,M4,20.1058349609375
2026-09-12 14:10:00,180,M0,27.000564575195312
2026-09-12 14:10:00,180,M4,21.36647224426269
2026-09-12 14:10:00,210,M0,27.4890079498291
2026-09-12 14:10:00,210,M4,22.32069206237793
2026-09-12 14:10:00,240,M0,27.96040916442871
2026-09-12 14:10:00,240,M4,22.8857364654541
2026-09-12 14:10:00,270,M0,28.81951141357422
2026-09-12 14:10:00,270,M4,24.23108673095703
2026-09-12 14:10:00,300,M0,29.78918838500977
2026-09-12 14:10:00,300,M4,24.72315216064453
2026-09-12 14:10:00,330,M0,30.767210006713867
2026-09-12 14:10:00,330,M4,25.78411293029785
2026-09-12 14:10:00,360,M0,31.52206420898437
2026-09-12 14:10:00,360,M4,26.15792655944824
2026-09-12 16:00:00,30,M0,14.506275177001951
2026-09-12 16:00:00,30,M4,10.927165031433104
2026-09-12 16:00:00,60,M0,18.496007919311523
2026-09-12 16:00:00,60,M4,13.876115798950195
2026-09-12 16:00:00,90,M0,20.66643524169922
2026-09-12 16:00:00,90,M4,15.540526390075684
2026-09-12 16:00:00,120,M0,21.956274032592773
2026-09-12 16:00:00,120,M4,16.60390853881836
2026-09-12 16:00:00,150,M0,23.205949783325195
2026-09-12 16:00:00,150,M4,17.778076171875
2026-09-12 16:00:00,180,M0,23.97721672058105
2026-09-12 16:00:00,180,M4,18.55405807495117
2026-09-12 16:00:00,210,M0,24.55984115600586
2026-09-12 16:00:00,210,M4,19.70419883728028
2026-09-12 16:00:00,240,M0,25.866849899291992
2026-09-12 16:00:00,240,M4,20.33950424194336
2026-09-12 16:00:00,270,M0,26.98663711547852
2026-09-12 16:00:00,270,M4,21.384111404418945
2026-09-12 16:00:00,300,M0,28.16830825805664
2026-09-12 16:00:00,300,M4,22.352882385253903
2026-09-12 16:00:00,330,M0,29.281957626342773
2026-09-12 16:00:00,330,M4,23.144790649414062
2026-09-12 16:00:00,360,M0,30.055015563964844
2026-09-12 16:00:00,360,M4,23.4586124420166
2026-09-12 18:00:00,30,M0,13.553447723388672
2026-09-12 18:00:00,30,M4,10.281286239624023
2026-09-12 18:00:00,60,M0,16.709434509277344
2026-09-12 18:00:00,60,M4,12.674960136413574
2026-09-12 18:00:00,90,M0,19.057920455932617
2026-09-12 18:00:00,90,M4,14.831148147583008
2026-09-12 18:00:00,120,M0,20.35268211364746
2026-09-12 18:00:00,120,M4,16.072158813476562
2026-09-12 18:00:00,150,M0,21.98310661315918
2026-09-12 18:00:00,150,M4,17.70281410217285
2026-09-12 18:00:00,180,M0,23.45760726928711
2026-09-12 18:00:00,180,M4,19.088106155395508
2026-09-12 18:00:00,210,M0,24.52236557006836
2026-09-12 18:00:00,210,M4,20.20603370666504
2026-09-12 18:00:00,240,M0,25.89957046508789
2026-09-12 18:00:00,240,M4,20.98366928100586
2026-09-12 18:00:00,270,M0,28.339067459106445
2026-09-12 18:00:00,270,M4,23.06282424926757
2026-09-12 18:00:00,300,M0,29.82553672790528
2026-09-12 18:00:00,300,M4,23.861879348754883
2026-09-12 18:00:00,330,M0,30.90925979614257
2026-09-12 18:00:00,330,M4,24.94773292541504
2026-09-12 18:00:00,360,M0,31.66926002502441
2026-09-12 18:00:00,360,M4,25.972244262695312
2026-09-12 19:00:00,30,M0,13.355850219726562
2026-09-12 19:00:00,30,M4,10.096351623535156
2026-09-12 19:00:00,60,M0,16.6396484375
2026-09-12 19:00:00,60,M4,12.277819633483888
2026-09-12 19:00:00,90,M0,19.00281524658203
2026-09-12 19:00:00,90,M4,14.342243194580078
2026-09-12 19:00:00,120,M0,20.86993408203125
2026-09-12 19:00:00,120,M4,15.927531242370604
2026-09-12 19:00:00,150,M0,22.517396926879883
2026-09-12 19:00:00,150,M4,17.3558292388916
2026-09-12 19:00:00,180,M0,23.62868309020996
2026-09-12 19:00:00,180,M4,18.18726921081543
2026-09-12 19:00:00,210,M0,26.32372283935547
2026-09-12 19:00:00,210,M4,20.510332107543945
2026-09-12 19:00:00,240,M0,28.27828598022461
2026-09-12 19:00:00,240,M4,21.65035820007324
2026-09-12 19:00:00,270,M0,29.653610229492188
2026-09-12 19:00:00,270,M4,23.0283260345459
2026-09-12 19:00:00,300,M0,30.572423934936523
2026-09-12 19:00:00,300,M4,24.42497444152832
2026-09-12 19:00:00,330,M0,31.48434066772461
2026-09-12 19:00:00,330,M4,25.299768447875977
2026-09-12 19:00:00,360,M0,32.35562896728516
2026-09-12 19:00:00,360,M4,26.169288635253903
2026-09-12 22:00:00,30,M0,15.239947319030762
2026-09-12 22:00:00,30,M4,12.383784294128418
2026-09-12 22:00:00,60,M0,18.89712142944336
2026-09-12 22:00:00,60,M4,14.791898727416992
2026-09-12 22:00:00,90,M0,21.695674896240234
2026-09-12 22:00:00,90,M4,16.748340606689453
2026-09-12 22:00:00,120,M0,23.5761833190918
2026-09-12 22:00:00,120,M4,18.38081932067871
2026-09-12 22:00:00,150,M0,25.456329345703125
2026-09-12 22:00:00,150,M4,19.661975860595703
2026-09-12 22:00:00,180,M0,27.146596908569336
2026-09-12 22:00:00,180,M4,20.759708404541016
2026-09-12 22:00:00,210,M0,28.51056289672852
2026-09-12 22:00:00,210,M4,21.62947463989257
2026-09-12 22:00:00,240,M0,29.844820022583008
2026-09-12 22:00:00,240,M4,22.19628143310547
2026-09-12 22:00:00,270,M0,30.88629722595215
2026-09-12 22:00:00,270,M4,23.14717483520508
2026-09-12 22:00:00,300,M0,31.67167854309082
2026-09-12 22:00:00,300,M4,23.79251289367676
2026-09-12 22:00:00,330,M0,32.126502990722656
2026-09-12 22:00:00,330,M4,24.78835868835449
2026-09-12 22:00:00,360,M0,32.10562896728516
2026-09-12 22:00:00,360,M4,25.81897735595703
2026-09-12 23:00:00,30,M0,13.271842002868652
2026-09-12 23:00:00,30,M4,9.892191886901855
2026-09-12 23:00:00,60,M0,17.133174896240234
2026-09-12 23:00:00,60,M4,13.139545440673828
2026-09-12 23:00:00,90,M0,20.02125358581543
2026-09-12 23:00:00,90,M4,15.36378002166748
2026-09-12 23:00:00,120,M0,22.14765930175781
2026-09-12 23:00:00,120,M4,17.189598083496094
2026-09-12 23:00:00,150,M0,24.08736991882324
2026-09-12 23:00:00,150,M4,18.74950218200684
2026-09-12 23:00:00,180,M0,26.135154724121094
2026-09-12 23:00:00,180,M4,19.99625587463379
2026-09-12 23:00:00,210,M0,27.911975860595703
2026-09-12 23:00:00,210,M4,21.32728385925293
2026-09-12 23:00:00,240,M0,29.310375213623047
2026-09-12 23:00:00,240,M4,22.12282943725586
2026-09-12 23:00:00,270,M0,30.65634155273437
2026-09-12 23:00:00,270,M4,22.9862003326416
2026-09-12 23:00:00,300,M0,31.178979873657227
2026-09-12 23:00:00,300,M4,24.222177505493164
2026-09-12 23:00:00,330,M0,31.07358932495117
2026-09-12 23:00:00,330,M4,25.196157455444336
2026-09-12 23:00:00,360,M0,30.995105743408203
2026-09-12 23:00:00,360,M4,25.72520446777344
2026-09-13 01:00:00,30,M0,13.589481353759766
2026-09-13 01:00:00,30,M4,10.067028045654297
2026-09-13 01:00:00,60,M0,17.925949096679688
2026-09-13 01:00:00,60,M4,13.25119972229004
2026-09-13 01:00:00,90,M0,20.979156494140625
2026-09-13 01:00:00,90,M4,15.329534530639648
2026-09-13 01:00:00,120,M0,23.579648971557617
2026-09-13 01:00:00,120,M4,16.740201950073242
2026-09-13 01:00:00,150,M0,25.428316116333008
2026-09-13 01:00:00,150,M4,18.06805992126465
2026-09-13 01:00:00,180,M0,27.303207397460938
2026-09-13 01:00:00,180,M4,19.55729103088379
2026-09-13 01:00:00,210,M0,28.249832153320312
2026-09-13 01:00:00,210,M4,20.447057723999023
2026-09-13 01:00:00,240,M0,28.824432373046875
2026-09-13 01:00:00,240,M4,20.89873504638672
2026-09-13 01:00:00,270,M0,29.48228645324707
2026-09-13 01:00:00,270,M4,21.66212272644043
2026-09-13 01:00:00,330,M0,30.400075912475582
2026-09-13 01:00:00,330,M4,23.3814640045166
2026-09-13 01:00:00,360,M0,30.309526443481445
2026-09-13 01:00:00,360,M4,23.871124267578125
2026-09-13 02:00:00,30,M0,13.975430488586426
2026-09-13 02:00:00,30,M4,10.358112335205078
2026-09-13 02:00:00,60,M0,18.24938201904297
2026-09-13 02:00:00,60,M4,13.116506576538086
2026-09-13 02:00:00,90,M0,21.30712127685547
2026-09-13 02:00:00,90,M4,15.077110290527344
2026-09-13 02:00:00,120,M0,23.805587768554688
2026-09-13 02:00:00,120,M4,16.93926239013672
2026-09-13 02:00:00,150,M0,25.14460182189941
2026-09-13 02:00:00,150,M4,18.23501777648925
2026-09-13 02:00:00,180,M0,26.401216506958008
2026-09-13 02:00:00,180,M4,19.09766960144043
2026-09-13 02:00:00,210,M0,27.30360412597656
2026-09-13 02:00:00,210,M4,20.115449905395508
2026-09-13 02:00:00,270,M0,28.53693580627441
2026-09-13 02:00:00,270,M4,22.07282066345215
2026-09-13 02:00:00,300,M0,28.66390037536621
2026-09-13 02:00:00,300,M4,22.780982971191406
2026-09-13 02:00:00,330,M0,29.10717010498047
2026-09-13 02:00:00,330,M4,23.96634101867676
2026-09-13 02:00:00,360,M0,29.36836624145508
2026-09-13 02:00:00,360,M4,25.112977981567383
2026-09-13 04:00:00,30,M0,13.952363967895508
2026-09-13 04:00:00,30,M4,10.380160331726074
2026-09-13 04:00:00,60,M0,17.743864059448242
2026-09-13 04:00:00,60,M4,12.774373054504396
2026-09-13 04:00:00,90,M0,19.57483673095703
2026-09-13 04:00:00,90,M4,14.290365219116213
2026-09-13 04:00:00,150,M0,22.387853622436523
2026-09-13 04:00:00,150,M4,17.350900650024414
2026-09-13 04:00:00,180,M0,23.31206512451172
2026-09-13 04:00:00,180,M4,18.507488250732425
2026-09-13 04:00:00,210,M0,24.4057731628418
2026-09-13 04:00:00,210,M4,20.050167083740234
2026-09-13 04:00:00,240,M0,25.4563217163086
2026-09-13 04:00:00,240,M4,21.84869384765625
2026-09-13 04:00:00,270,M0,26.318315505981445
2026-09-13 04:00:00,270,M4,23.123491287231445
2026-09-13 04:00:00,300,M0,27.17976760864257
2026-09-13 04:00:00,300,M4,24.396453857421875
2026-09-13 04:00:00,330,M0,28.69373321533203
2026-09-13 04:00:00,330,M4,25.89295768737793
2026-09-13 04:00:00,360,M0,30.24631690979004
2026-09-13 04:00:00,360,M4,27.713951110839844
2026-09-13 05:00:00,30,M0,13.468807220458984
2026-09-13 05:00:00,30,M4,10.201969146728516
2026-09-13 05:00:00,90,M0,19.072406768798828
2026-09-13 05:00:00,90,M4,14.876075744628906
2026-09-13 05:00:00,120,M0,20.83247375488281
2026-09-13 05:00:00,120,M4,16.44601821899414
2026-09-13 05:00:00,150,M0,22.42926979064941
2026-09-13 05:00:00,150,M4,18.10370445251465
2026-09-13 05:00:00,180,M0,23.995668411254883
2026-09-13 05:00:00,180,M4,19.86279487609864
2026-09-13 05:00:00,210,M0,25.25656509399414
2026-09-13 05:00:00,210,M4,21.09454727172852
2026-09-13 05:00:00,240,M0,26.23225212097168
2026-09-13 05:00:00,240,M4,22.119985580444336
2026-09-13 05:00:00,270,M0,27.798582077026367
2026-09-13 05:00:00,270,M4,23.3447208404541
2026-09-13 05:00:00,300,M0,29.673831939697266
2026-09-13 05:00:00,300,M4,25.040958404541016
2026-09-13 05:00:00,330,M0,32.2664680480957
2026-09-13 05:00:00,330,M4,25.583955764770508
2026-09-13 05:00:00,360,M0,33.13813781738281
2026-09-13 05:00:00,360,M4,26.519392013549805
2026-09-13 07:00:00,30,M0,13.562466621398926
2026-09-13 07:00:00,30,M4,10.33973503112793
2026-09-13 07:00:00,60,M0,17.327451705932617
2026-09-13 07:00:00,60,M4,12.84093189239502
2026-09-13 07:00:00,90,M0,20.139976501464844
2026-09-13 07:00:00,90,M4,14.821943283081056
2026-09-13 07:00:00,120,M0,22.083166122436523
2026-09-13 07:00:00,120,M4,16.383960723876953
2026-09-13 07:00:00,150,M0,24.18866729736328
2026-09-13 07:00:00,150,M4,18.432355880737305
2026-09-13 07:00:00,180,M0,26.00708198547364
2026-09-13 07:00:00,180,M4,19.723522186279297
2026-09-13 07:00:00,210,M0,28.65180778503418
2026-09-13 07:00:00,210,M4,19.736047744750977
2026-09-13 07:00:00,240,M0,29.77389144897461
2026-09-13 07:00:00,240,M4,19.96167182922364
2026-09-13 07:00:00,270,M0,30.190147399902344
2026-09-13 07:00:00,270,M4,20.077775955200195
2026-09-13 07:00:00,300,M0,31.282989501953125
2026-09-13 07:00:00,300,M4,20.643138885498047
2026-09-13 07:00:00,330,M0,31.973936080932617
2026-09-13 07:00:00,330,M4,21.418251037597656
2026-09-13 07:00:00,360,M0,33.2603759765625
2026-09-13 07:00:00,360,M4,21.639856338500977
2026-09-13 10:00:00,30,M0,15.216460227966309
2026-09-13 10:00:00,30,M4,10.5870361328125
2026-09-13 10:00:00,60,M0,18.94516944885254
2026-09-13 10:00:00,60,M4,13.085200309753418
2026-09-13 10:00:00,90,M0,20.97901153564453
2026-09-13 10:00:00,90,M4,15.094172477722168
2026-09-13 10:00:00,120,M0,22.85665512084961
2026-09-13 10:00:00,120,M4,16.53893280029297
2026-09-13 10:00:00,150,M0,23.58596611022949
2026-09-13 10:00:00,150,M4,18.050432205200195
2026-09-13 10:00:00,180,M0,24.51604461669922
2026-09-13 10:00:00,180,M4,18.344236373901367
2026-09-13 10:00:00,210,M0,25.86549186706543
2026-09-13 10:00:00,210,M4,19.435930252075195
2026-09-13 10:00:00,240,M0,27.480587005615234
2026-09-13 10:00:00,240,M4,19.46725082397461
2026-09-13 10:00:00,270,M0,28.16252517700196
2026-09-13 10:00:00,270,M4,19.52466011047364
2026-09-13 10:00:00,300,M0,28.89872169494629
2026-09-13 10:00:00,300,M4,19.387943267822266
2026-09-13 10:00:00,330,M0,29.734350204467773
2026-09-13 10:00:00,330,M4,20.32563209533692
2026-09-13 10:00:00,360,M0,30.51448440551757
2026-09-13 10:00:00,360,M4,21.1296443939209
2026-09-13 11:00:00,30,M0,12.004804611206056
2026-09-13 11:00:00,30,M4,9.658259391784668
2026-09-13 11:00:00,60,M0,15.653285026550291
2026-09-13 11:00:00,60,M4,12.398481369018556
2026-09-13 11:00:00,90,M0,17.8327579498291
2026-09-13 11:00:00,90,M4,14.546137809753418
2026-09-13 11:00:00,120,M0,19.33696746826172
2026-09-13 11:00:00,120,M4,15.29990577697754
2026-09-13 11:00:00,150,M0,20.64166259765625
2026-09-13 11:00:00,150,M4,16.803800582885742
2026-09-13 11:00:00,180,M0,22.053674697875977
2026-09-13 11:00:00,180,M4,17.38385772705078
2026-09-13 11:00:00,210,M0,23.12266159057617
2026-09-13 11:00:00,210,M4,18.136762619018555
2026-09-13 11:00:00,240,M0,24.1347599029541
2026-09-13 11:00:00,240,M4,18.477821350097656
2026-09-13 11:00:00,270,M0,25.196924209594727
2026-09-13 11:00:00,270,M4,19.53096389770508
2026-09-13 11:00:00,300,M0,26.228967666625977
2026-09-13 11:00:00,300,M4,20.368370056152344
2026-09-13 11:00:00,330,M0,26.983911514282227
2026-09-13 11:00:00,330,M4,21.332046508789062
2026-09-13 11:00:00,360,M0,27.77669715881348
2026-09-13 11:00:00,360,M4,22.14851760864257
2026-09-13 12:00:00,30,M0,12.192290306091309
2026-09-13 12:00:00,30,M4,9.709429740905762
2026-09-13 12:00:00,60,M0,15.594429969787598
2026-09-13 12:00:00,60,M4,11.89338493347168
2026-09-13 12:00:00,90,M0,17.866270065307617
2026-09-13 12:00:00,90,M4,14.20183563232422
2026-09-13 12:00:00,120,M0,19.540027618408203
2026-09-13 12:00:00,120,M4,15.252082824707031
2026-09-13 12:00:00,150,M0,20.70319938659668
2026-09-13 12:00:00,150,M4,16.156469345092773
2026-09-13 12:00:00,180,M0,21.63920021057129
2026-09-13 12:00:00,180,M4,16.381515502929688
2026-09-13 12:00:00,210,M0,22.976957321166992
2026-09-13 12:00:00,210,M4,17.389320373535156
2026-09-13 12:00:00,240,M0,24.363210678100582
2026-09-13 12:00:00,240,M4,18.137380599975582
2026-09-13 12:00:00,270,M0,25.215545654296875
2026-09-13 12:00:00,270,M4,18.891498565673828
2026-09-13 12:00:00,300,M0,26.45871353149414
2026-09-13 12:00:00,300,M4,19.32649612426757
2026-09-13 12:00:00,330,M0,27.480224609375
2026-09-13 12:00:00,330,M4,20.186634063720703
2026-09-13 12:00:00,360,M0,27.949678421020508
2026-09-13 12:00:00,360,M4,20.856204986572266
2026-09-13 13:00:00,30,M0,12.230254173278809
2026-09-13 13:00:00,30,M4,9.547452926635742
2026-09-13 13:00:00,60,M0,15.586597442626951
2026-09-13 13:00:00,60,M4,12.195988655090332
2026-09-13 13:00:00,90,M0,17.563392639160156
2026-09-13 13:00:00,90,M4,13.903987884521484
2026-09-13 13:00:00,120,M0,19.054903030395508
2026-09-13 13:00:00,120,M4,14.983461380004885
2026-09-13 13:00:00,150,M0,20.41611289978028
2026-09-13 13:00:00,150,M4,16.255666732788086
2026-09-13 13:00:00,180,M0,21.978179931640625
2026-09-13 13:00:00,180,M4,17.308412551879883
2026-09-13 13:00:00,210,M0,22.916400909423828
2026-09-13 13:00:00,210,M4,18.12315368652344
2026-09-13 13:00:00,240,M0,24.14022445678711
2026-09-13 13:00:00,240,M4,18.513399124145508
2026-09-13 13:00:00,270,M0,25.25369453430176
2026-09-13 13:00:00,270,M4,19.22460174560547
2026-09-13 13:00:00,300,M0,26.181507110595703
2026-09-13 13:00:00,300,M4,19.84984016418457
2026-09-13 13:00:00,330,M0,27.18379783630371
2026-09-13 13:00:00,330,M4,20.71916580200196
2026-09-13 13:00:00,360,M0,27.425161361694336
2026-09-13 13:00:00,360,M4,20.81096267700196
2026-09-13 15:00:00,30,M0,11.330218315124512
2026-09-13 15:00:00,30,M4,9.126214981079102
2026-09-13 15:00:00,60,M0,14.444157600402832
2026-09-13 15:00:00,60,M4,11.55374526977539
2026-09-13 15:00:00,90,M0,16.198144912719727
2026-09-13 15:00:00,90,M4,13.21955108642578
2026-09-13 15:00:00,120,M0,18.202037811279297
2026-09-13 15:00:00,120,M4,14.28198528289795
2026-09-13 15:00:00,150,M0,19.885501861572266
2026-09-13 15:00:00,150,M4,15.473323822021484
2026-09-13 15:00:00,180,M0,21.2172794342041
2026-09-13 15:00:00,180,M4,16.369003295898438
2026-09-13 15:00:00,210,M0,22.5388240814209
2026-09-13 15:00:00,210,M4,17.32042121887207
2026-09-13 15:00:00,240,M0,23.2187557220459
2026-09-13 15:00:00,240,M4,17.509807586669922
2026-09-13 15:00:00,270,M0,24.052125930786133
2026-09-13 15:00:00,270,M4,17.98950958251953
2026-09-13 15:00:00,300,M0,24.555381774902344
2026-09-13 15:00:00,300,M4,18.4799861907959
2026-09-13 15:00:00,330,M0,25.08000564575196
2026-09-13 15:00:00,330,M4,18.92606544494629
2026-09-13 15:00:00,360,M0,25.89942741394043
2026-09-13 15:00:00,360,M4,19.269567489624023
2026-09-13 17:00:00,30,M0,10.944253921508787
2026-09-13 17:00:00,30,M4,8.656025886535645
2026-09-13 17:00:00,60,M0,14.074013710021973
2026-09-13 17:00:00,60,M4,11.176494598388672
2026-09-13 17:00:00,90,M0,16.425994873046875
2026-09-13 17:00:00,90,M4,13.198261260986328
2026-09-13 17:00:00,120,M0,17.725791931152344
2026-09-13 17:00:00,120,M4,14.072760581970217
2026-09-13 17:00:00,150,M0,18.85819435119629
2026-09-13 17:00:00,150,M4,14.947049140930176
2026-09-13 17:00:00,180,M0,19.72472381591797
2026-09-13 17:00:00,180,M4,15.729281425476074
2026-09-13 17:00:00,210,M0,20.797224044799805
2026-09-13 17:00:00,210,M4,16.294485092163086
2026-09-13 17:00:00,240,M0,22.228837966918945
2026-09-13 17:00:00,240,M4,16.958280563354492
2026-09-13 17:00:00,270,M0,23.503284454345703
2026-09-13 17:00:00,270,M4,17.70429801940918
2026-09-13 17:00:00,300,M0,25.0429630279541
2026-09-13 17:00:00,300,M4,19.01970291137696
2026-09-13 17:00:00,330,M0,26.078996658325195
2026-09-13 17:00:00,330,M4,19.213356018066406
2026-09-13 17:00:00,360,M0,26.75382423400879
2026-09-13 17:00:00,360,M4,19.725112915039062
2026-09-13 19:00:00,30,M0,10.53928279876709
2026-09-13 19:00:00,30,M4,8.394691467285156
2026-09-13 19:00:00,60,M0,13.407024383544922
2026-09-13 19:00:00,60,M4,11.114151000976562
2026-09-13 19:00:00,90,M0,15.45981216430664
2026-09-13 19:00:00,90,M4,12.90073299407959
2026-09-13 19:00:00,120,M0,17.70993995666504
2026-09-13 19:00:00,120,M4,14.47384548187256
2026-09-13 19:00:00,150,M0,19.86390686035156
2026-09-13 19:00:00,150,M4,15.725482940673828
2026-09-13 19:00:00,180,M0,21.67252922058105
2026-09-13 19:00:00,180,M4,17.198368072509766
2026-09-13 19:00:00,210,M0,22.962114334106445
2026-09-13 19:00:00,210,M4,17.96385955810547
2026-09-13 19:00:00,240,M0,24.25034141540528
2026-09-13 19:00:00,240,M4,18.657772064208984
2026-09-13 19:00:00,270,M0,25.362340927124023
2026-09-13 19:00:00,270,M4,19.0346908569336
2026-09-13 19:00:00,300,M0,26.68825912475586
2026-09-13 19:00:00,300,M4,19.584253311157227
2026-09-13 19:00:00,330,M0,28.237041473388672
2026-09-13 19:00:00,330,M4,20.16389846801757
2026-09-13 19:00:00,360,M0,29.47933387756348
2026-09-13 19:00:00,360,M4,20.68877601623535
2026-09-13 20:00:00,30,M0,10.469039916992188
2026-09-13 20:00:00,30,M4,8.412396430969238
2026-09-13 20:00:00,60,M0,14.052892684936523
2026-09-13 20:00:00,60,M4,11.433731079101562
2026-09-13 20:00:00,90,M0,17.317630767822266
2026-09-13 20:00:00,90,M4,13.576285362243652
2026-09-13 20:00:00,120,M0,19.684919357299805
2026-09-13 20:00:00,120,M4,15.719138145446776
2026-09-13 20:00:00,150,M0,21.003772735595703
2026-09-13 20:00:00,150,M4,16.076316833496094
2026-09-13 20:00:00,180,M0,22.312889099121094
2026-09-13 20:00:00,180,M4,16.6926212310791
2026-09-13 20:00:00,210,M0,23.664766311645508
2026-09-13 20:00:00,210,M4,17.34185218811035
2026-09-13 20:00:00,240,M0,25.07293128967285
2026-09-13 20:00:00,240,M4,18.30437088012696
2026-09-13 20:00:00,270,M0,26.64686393737793
2026-09-13 20:00:00,270,M4,19.24347305297852
2026-09-13 20:00:00,300,M0,28.23788833618164
2026-09-13 20:00:00,300,M4,19.99138832092285
2026-09-13 21:00:00,30,M0,11.928162574768066
2026-09-13 21:00:00,30,M4,9.551589965820312
2026-09-13 21:00:00,60,M0,15.44593906402588
2026-09-13 21:00:00,60,M4,12.541088104248049
2026-09-13 21:00:00,90,M0,17.617780685424805
2026-09-13 21:00:00,90,M4,13.749794006347656
2026-09-13 21:00:00,120,M0,19.06626510620117
2026-09-13 21:00:00,120,M4,14.993114471435549
2026-09-13 21:00:00,150,M0,20.623836517333984
2026-09-13 21:00:00,150,M4,15.831427574157717
2026-09-13 21:00:00,180,M0,22.36443901062012
2026-09-13 21:00:00,180,M4,16.9384765625
2026-09-13 21:00:00,210,M0,24.263540267944336
2026-09-13 21:00:00,210,M4,18.162458419799805
2026-09-13 21:00:00,240,M0,26.04763412475586
2026-09-13 21:00:00,240,M4,19.26175880432129
2026-09-13 21:00:00,270,M0,26.86341667175293
2026-09-13 21:00:00,270,M4,19.972551345825195
2026-09-13 21:00:00,330,M0,27.74872589111328
2026-09-13 21:00:00,330,M4,20.991634368896484
2026-09-13 21:00:00,360,M0,28.72940826416016
2026-09-13 21:00:00,360,M4,21.383560180664062
2026-09-13 23:00:00,30,M0,10.611686706542969
2026-09-13 23:00:00,30,M4,8.507641792297363
2026-09-13 23:00:00,60,M0,14.204840660095217
2026-09-13 23:00:00,60,M4,11.308232307434082
2026-09-13 23:00:00,90,M0,17.29833984375
2026-09-13 23:00:00,90,M4,13.491270065307615
2026-09-13 23:00:00,120,M0,19.852094650268555
2026-09-13 23:00:00,120,M4,15.23242473602295
2026-09-13 23:00:00,150,M0,21.60932922363281
2026-09-13 23:00:00,150,M4,16.474441528320312
2026-09-13 23:00:00,180,M0,22.84657287597656
2026-09-13 23:00:00,180,M4,17.438886642456055
2026-09-13 23:00:00,210,M0,23.366287231445312
2026-09-13 23:00:00,210,M4,17.797929763793945
2026-09-13 23:00:00,240,M0,23.87333869934082
2026-09-13 23:00:00,240,M4,18.38070297241211
2026-09-13 23:00:00,270,M0,24.81082534790039
2026-09-13 23:00:00,270,M4,19.27906608581543
2026-09-13 23:00:00,300,M0,26.197921752929688
2026-09-13 23:00:00,300,M4,20.545827865600582
2026-09-13 23:00:00,330,M0,28.02267074584961
2026-09-13 23:00:00,330,M4,21.698930740356445
2026-09-13 23:00:00,360,M0,29.119579315185547
2026-09-13 23:00:00,360,M4,22.608362197875977
2026-09-14 02:00:00,30,M0,11.219457626342772
2026-09-14 02:00:00,30,M4,8.992862701416016
2026-09-14 02:00:00,60,M0,14.024181365966797
2026-09-14 02:00:00,60,M4,11.461698532104492
2026-09-14 02:00:00,90,M0,16.238237380981445
2026-09-14 02:00:00,90,M4,13.526039123535156
2026-09-14 02:00:00,120,M0,18.21867561340332
2026-09-14 02:00:00,120,M4,15.425814628601074
2026-09-14 02:00:00,150,M0,20.24902534484864
2026-09-14 02:00:00,150,M4,17.404909133911133
2026-09-14 02:00:00,180,M0,21.836498260498047
2026-09-14 02:00:00,180,M4,19.31059455871582
2026-09-14 02:00:00,210,M0,23.03097343444824
2026-09-14 02:00:00,210,M4,20.490222930908203
2026-09-14 02:00:00,270,M0,24.80122756958008
2026-09-14 02:00:00,270,M4,22.24594116210937
2026-09-14 02:00:00,300,M0,25.65010452270508
2026-09-14 02:00:00,300,M4,22.689329147338867
2026-09-14 02:00:00,330,M0,26.1927547454834
2026-09-14 02:00:00,330,M4,22.56679344177246
2026-09-14 02:00:00,360,M0,26.905139923095703
2026-09-14 02:00:00,360,M4,22.264812469482425
2026-09-14 03:00:00,30,M0,11.70305633544922
2026-09-14 03:00:00,30,M4,9.404434204101562
2026-09-14 03:00:00,60,M0,15.390241622924805
2026-09-14 03:00:00,60,M4,12.306806564331056
2026-09-14 03:00:00,90,M0,18.32921600341797
2026-09-14 03:00:00,90,M4,14.585000038146973
2026-09-14 03:00:00,120,M0,20.21928977966309
2026-09-14 03:00:00,120,M4,16.721309661865234
2026-09-14 03:00:00,150,M0,21.658632278442383
2026-09-14 03:00:00,150,M4,18.14594841003418
2026-09-14 03:00:00,210,M0,23.094301223754883
2026-09-14 03:00:00,210,M4,20.68582534790039
2026-09-14 03:00:00,240,M0,23.78654289245605
2026-09-14 03:00:00,240,M4,21.515567779541016
2026-09-14 03:00:00,270,M0,24.37373733520508
2026-09-14 03:00:00,270,M4,21.503494262695312
2026-09-14 03:00:00,300,M0,25.202417373657227
2026-09-14 03:00:00,300,M4,21.32329368591309
2026-09-14 03:00:00,330,M0,25.59195137023925
2026-09-14 03:00:00,330,M4,21.16569328308105
2026-09-14 03:00:00,360,M0,26.114452362060547
2026-09-14 03:00:00,360,M4,21.85717964172364
2026-09-14 05:00:00,30,M0,12.676246643066406
2026-09-14 05:00:00,30,M4,9.861424446105955
2026-09-14 05:00:00,90,M0,17.649736404418945
2026-09-14 05:00:00,90,M4,14.173118591308594
2026-09-14 05:00:00,120,M0,19.434106826782227
2026-09-14 05:00:00,120,M4,15.770005226135254
2026-09-14 05:00:00,150,M0,21.30504608154297
2026-09-14 05:00:00,150,M4,17.15528678894043
2026-09-14 05:00:00,180,M0,23.17589569091797
2026-09-14 05:00:00,180,M4,18.58060646057129
2026-09-14 05:00:00,210,M0,24.69009590148925
2026-09-14 05:00:00,210,M4,19.85124969482422
2026-09-14 05:00:00,240,M0,25.35507583618164
2026-09-14 05:00:00,240,M4,20.62578010559082
2026-09-14 05:00:00,270,M0,28.33128929138184
2026-09-14 05:00:00,270,M4,22.3674545288086
2026-09-14 05:00:00,300,M0,29.98186111450196
2026-09-14 05:00:00,300,M4,22.62942695617676
2026-09-14 05:00:00,330,M0,30.14559936523437
2026-09-14 05:00:00,330,M4,22.0549430847168
2026-09-14 05:00:00,360,M0,30.72275733947754
2026-09-14 05:00:00,360,M4,21.974506378173828
2026-09-14 07:00:00,30,M0,12.951553344726562
2026-09-14 07:00:00,30,M4,9.942387580871582
2026-09-14 07:00:00,60,M0,16.87456703186035
2026-09-14 07:00:00,60,M4,12.425113677978516
2026-09-14 07:00:00,90,M0,19.764198303222656
2026-09-14 07:00:00,90,M4,14.230912208557127
2026-09-14 07:00:00,120,M0,21.02144241333008
2026-09-14 07:00:00,120,M4,15.237954139709473
2026-09-14 07:00:00,150,M0,24.10946655273437
2026-09-14 07:00:00,150,M4,16.42245101928711
2026-09-14 07:00:00,180,M0,25.97298812866211
2026-09-14 07:00:00,180,M4,16.528356552124023
2026-09-14 07:00:00,210,M0,26.685157775878903
2026-09-14 07:00:00,210,M4,16.805744171142578
2026-09-14 07:00:00,240,M0,27.558380126953125
2026-09-14 07:00:00,240,M4,17.004247665405273
2026-09-14 07:00:00,270,M0,28.65249824523925
2026-09-14 07:00:00,270,M4,17.623523712158203
2026-09-14 07:00:00,300,M0,29.475875854492188
2026-09-14 07:00:00,300,M4,18.10780334472656
2026-09-14 07:00:00,330,M0,30.324893951416016
2026-09-14 07:00:00,330,M4,19.15694046020508
2026-09-14 07:00:00,360,M0,31.09646987915039
2026-09-14 07:00:00,360,M4,20.04433822631836
2026-09-14 08:00:00,30,M0,12.4945707321167
2026-09-14 08:00:00,30,M4,9.847016334533691
2026-09-14 08:00:00,60,M0,14.781651496887209
2026-09-14 08:00:00,60,M4,12.314634323120115
2026-09-14 08:00:00,90,M0,18.4072380065918
2026-09-14 08:00:00,90,M4,13.799571990966797
2026-09-14 08:00:00,120,M0,20.58238983154297
2026-09-14 08:00:00,120,M4,14.282832145690918
2026-09-14 08:00:00,150,M0,21.45802497863769
2026-09-14 08:00:00,150,M4,14.642182350158691
2026-09-14 08:00:00,180,M0,22.422237396240234
2026-09-14 08:00:00,180,M4,15.034513473510742
2026-09-14 08:00:00,210,M0,23.633468627929688
2026-09-14 08:00:00,210,M4,15.904662132263184
2026-09-14 08:00:00,240,M0,24.344032287597656
2026-09-14 08:00:00,240,M4,16.419708251953125
2026-09-14 08:00:00,270,M0,25.343822479248047
2026-09-14 08:00:00,270,M4,17.501251220703125
2026-09-14 08:00:00,300,M0,26.16397476196289
2026-09-14 08:00:00,300,M4,18.546714782714844
2026-09-14 08:00:00,330,M0,27.06380271911621
2026-09-14 08:00:00,330,M4,19.58914566040039
2026-09-14 08:00:00,360,M0,27.568565368652344
2026-09-14 08:00:00,360,M4,20.50825500488281
2026-09-14 10:00:00,30,M0,11.25861644744873
2026-09-14 10:00:00,30,M4,8.626066207885742
2026-09-14 10:00:00,60,M0,14.152587890625
2026-09-14 10:00:00,60,M4,10.541836738586426
2026-09-14 10:00:00,90,M0,16.181503295898438
2026-09-14 10:00:00,90,M4,12.434940338134766
2026-09-14 10:00:00,120,M0,17.27027702331543
2026-09-14 10:00:00,120,M4,13.287715911865234
2026-09-14 10:00:00,150,M0,18.38851547241211
2026-09-14 10:00:00,150,M4,14.725577354431152
2026-09-14 10:00:00,180,M0,19.80178451538086
2026-09-14 10:00:00,180,M4,15.706294059753418
2026-09-14 10:00:00,210,M0,20.787092208862305
2026-09-14 10:00:00,210,M4,16.691652297973633
2026-09-14 10:00:00,240,M0,21.68211936950684
2026-09-14 10:00:00,240,M4,17.32147979736328
2026-09-14 10:00:00,270,M0,22.500789642333984
2026-09-14 10:00:00,270,M4,18.528175354003903
2026-09-14 10:00:00,300,M0,22.67107582092285
2026-09-14 10:00:00,300,M4,19.12451171875
2026-09-14 10:00:00,330,M0,22.914804458618164
2026-09-14 10:00:00,330,M4,19.468551635742188
2026-09-14 10:00:00,360,M0,22.90689849853516
2026-09-14 10:00:00,360,M4,19.7409725189209
2026-09-14 11:00:00,30,M0,9.485197067260742
2026-09-14 11:00:00,30,M4,7.566996097564697
2026-09-14 11:00:00,60,M0,11.768911361694336
2026-09-14 11:00:00,60,M4,9.61789894104004
2026-09-14 11:00:00,90,M0,13.877792358398438
2026-09-14 11:00:00,90,M4,11.567078590393066
2026-09-14 11:00:00,120,M0,15.681547164916992
2026-09-14 11:00:00,120,M4,12.989554405212402
2026-09-14 11:00:00,150,M0,16.906023025512695
2026-09-14 11:00:00,150,M4,14.231261253356934
2026-09-14 11:00:00,180,M0,18.025007247924805
2026-09-14 11:00:00,180,M4,15.017281532287598
2026-09-14 11:00:00,210,M0,19.384883880615234
2026-09-14 11:00:00,210,M4,16.309417724609375
2026-09-14 11:00:00,240,M0,20.05722999572754
2026-09-14 11:00:00,240,M4,17.087663650512695
2026-09-14 11:00:00,270,M0,20.56789779663086
2026-09-14 11:00:00,270,M4,17.86456871032715
2026-09-14 11:00:00,300,M0,20.848264694213867
2026-09-14 11:00:00,300,M4,18.497182846069336
2026-09-14 11:00:00,330,M0,21.79668617248535
2026-09-14 11:00:00,330,M4,19.46467399597168
2026-09-14 11:00:00,360,M0,22.30245018005371
2026-09-14 11:00:00,360,M4,20.37872695922852
2026-09-14 12:00:00,30,M0,9.3397855758667
2026-09-14 12:00:00,30,M4,7.45218563079834
2026-09-14 12:00:00,60,M0,12.05899143218994
2026-09-14 12:00:00,60,M4,9.811488151550291
2026-09-14 12:00:00,90,M0,13.931556701660156
2026-09-14 12:00:00,90,M4,11.399534225463867
2026-09-14 12:00:00,120,M0,15.385553359985352
2026-09-14 12:00:00,120,M4,12.45256805419922
2026-09-14 12:00:00,150,M0,17.180971145629883
2026-09-14 12:00:00,150,M4,14.11042594909668
2026-09-14 12:00:00,180,M0,17.9873104095459
2026-09-14 12:00:00,180,M4,15.008570671081545
2026-09-14 12:00:00,210,M0,18.762136459350582
2026-09-14 12:00:00,210,M4,15.927414894104004
2026-09-14 12:00:00,240,M0,19.42747688293457
2026-09-14 12:00:00,240,M4,16.518718719482422
2026-09-14 12:00:00,270,M0,20.340415954589844
2026-09-14 12:00:00,270,M4,17.353647232055664
2026-09-14 12:00:00,300,M0,20.99868392944336
2026-09-14 12:00:00,300,M4,18.425518035888672
2026-09-14 12:00:00,330,M0,21.75628471374512
2026-09-14 12:00:00,330,M4,19.300434112548828
2026-09-14 12:00:00,360,M0,22.244064331054688
2026-09-14 12:00:00,360,M4,19.748809814453125
2026-09-14 15:00:00,30,M0,9.580124855041504
2026-09-14 15:00:00,30,M4,7.5487542152404785
2026-09-14 15:00:00,60,M0,12.07111358642578
2026-09-14 15:00:00,60,M4,9.895001411437988
2026-09-14 15:00:00,90,M0,14.213173866271973
2026-09-14 15:00:00,90,M4,11.703328132629396
2026-09-14 15:00:00,120,M0,15.550629615783691
2026-09-14 15:00:00,120,M4,13.151778221130373
2026-09-14 15:00:00,150,M0,16.93500518798828
2026-09-14 15:00:00,150,M4,14.381760597229004
2026-09-14 15:00:00,180,M0,17.806596755981445
2026-09-14 15:00:00,180,M4,15.078814506530762
2026-09-14 15:00:00,210,M0,18.90717124938965
2026-09-14 15:00:00,210,M4,15.993047714233398
2026-09-14 15:00:00,240,M0,20.017032623291016
2026-09-14 15:00:00,240,M4,16.862808227539062
2026-09-14 15:00:00,270,M0,21.076765060424805
2026-09-14 15:00:00,270,M4,17.726823806762695
2026-09-14 15:00:00,300,M0,21.72328186035156
2026-09-14 15:00:00,300,M4,18.287952423095703
2026-09-14 15:00:00,330,M0,22.232141494750977
2026-09-14 15:00:00,330,M4,19.045747756958008
2026-09-14 15:00:00,360,M0,22.66083717346192
2026-09-14 15:00:00,360,M4,19.30686378479004
2026-09-14 16:10:00,30,M0,10.50721836090088
2026-09-14 16:10:00,30,M4,8.385327339172363
2026-09-14 16:10:00,60,M0,13.453489303588867
2026-09-14 16:10:00,60,M4,11.160935401916504
2026-09-14 16:10:00,90,M0,15.252562522888184
2026-09-14 16:10:00,90,M4,12.912253379821776
2026-09-14 16:10:00,120,M0,16.30365562438965
2026-09-14 16:10:00,120,M4,14.100274085998535
2026-09-14 16:10:00,150,M0,17.493738174438477
2026-09-14 16:10:00,150,M4,15.431608200073242
2026-09-14 16:10:00,180,M0,18.742956161499023
2026-09-14 16:10:00,180,M4,16.504772186279297
2026-09-14 16:10:00,210,M0,20.04678726196289
2026-09-14 16:10:00,210,M4,17.683731079101562
2026-09-14 16:10:00,240,M0,20.843555450439453
2026-09-14 16:10:00,240,M4,18.560117721557617
2026-09-14 16:10:00,270,M0,21.692291259765625
2026-09-14 16:10:00,270,M4,19.486602783203125
2026-09-14 16:10:00,300,M0,22.30708312988281
2026-09-14 16:10:00,300,M4,19.98756599426269
2026-09-14 16:10:00,330,M0,23.38387489318848
2026-09-14 16:10:00,330,M4,21.17177963256836
2026-09-14 16:10:00,360,M0,24.96224975585937
2026-09-14 16:10:00,360,M4,21.89642906188965
2026-09-14 17:00:00,30,M0,11.0137357711792
2026-09-14 17:00:00,30,M4,8.774332046508789
2026-09-14 17:00:00,60,M0,13.7770357131958
2026-09-14 17:00:00,60,M4,11.32374095916748
2026-09-14 17:00:00,90,M0,15.340858459472656
2026-09-14 17:00:00,90,M4,12.97120761871338
2026-09-14 17:00:00,120,M0,17.07285499572754
2026-09-14 17:00:00,120,M4,14.439184188842772
2026-09-14 17:00:00,150,M0,18.71560859680176
2026-09-14 17:00:00,150,M4,15.887272834777832
2026-09-14 17:00:00,180,M0,19.900955200195312
2026-09-14 17:00:00,180,M4,16.947175979614258
2026-09-14 17:00:00,210,M0,20.73739242553711
2026-09-14 17:00:00,210,M4,17.9437255859375
2026-09-14 17:00:00,240,M0,21.45442008972168
2026-09-14 17:00:00,240,M4,18.349496841430664
2026-09-14 17:00:00,270,M0,22.6195011138916
2026-09-14 17:00:00,270,M4,19.87646102905273
2026-09-14 17:00:00,300,M0,24.17150115966797
2026-09-14 17:00:00,300,M4,20.843042373657227
2026-09-14 17:00:00,330,M0,23.96673011779785
2026-09-14 17:00:00,330,M4,21.42038917541504
2026-09-14 17:00:00,360,M0,23.620073318481445
2026-09-14 17:00:00,360,M4,21.066781997680664
2026-09-14 19:00:00,30,M0,11.780624389648438
2026-09-14 19:00:00,30,M4,9.347399711608888
2026-09-14 19:00:00,60,M0,15.094221115112305
2026-09-14 19:00:00,60,M4,12.099039077758787
2026-09-14 19:00:00,90,M0,17.42603874206543
2026-09-14 19:00:00,90,M4,14.184088706970217
2026-09-14 19:00:00,120,M0,18.97533416748047
2026-09-14 19:00:00,120,M4,15.503664016723633
2026-09-14 19:00:00,150,M0,20.90548324584961
2026-09-14 19:00:00,150,M4,17.0056095123291
2026-09-14 19:00:00,180,M0,22.63003921508789
2026-09-14 19:00:00,180,M4,18.41275215148925
2026-09-14 19:00:00,210,M0,22.618120193481445
2026-09-14 19:00:00,210,M4,18.91086196899414
2026-09-14 19:00:00,240,M0,22.34258270263672
2026-09-14 19:00:00,240,M4,18.41927719116211
2026-09-14 19:00:00,270,M0,22.35507202148437
2026-09-14 19:00:00,270,M4,18.25967597961425
2026-09-14 19:00:00,300,M0,22.38600730895996
2026-09-14 19:00:00,300,M4,18.096820831298828
2026-09-14 19:00:00,330,M0,22.63738250732422
2026-09-14 19:00:00,330,M4,18.2749080657959
2026-09-14 19:00:00,360,M0,23.23773765563965
2026-09-14 19:00:00,360,M4,18.88431167602539
2026-09-14 21:00:00,30,M0,12.541507720947266
2026-09-14 21:00:00,30,M4,10.420183181762695
2026-09-14 21:00:00,60,M0,16.151466369628906
2026-09-14 21:00:00,60,M4,14.035619735717772
2026-09-14 21:00:00,90,M0,18.31387519836425
2026-09-14 21:00:00,90,M4,14.671969413757324
2026-09-14 21:00:00,120,M0,18.35568618774414
2026-09-14 21:00:00,120,M4,15.027806282043455
2026-09-14 21:00:00,150,M0,18.50833511352539
2026-09-14 21:00:00,150,M4,15.423336029052734
2026-09-14 21:00:00,180,M0,19.051671981811523
2026-09-14 21:00:00,180,M4,15.869036674499512
2026-09-14 21:00:00,210,M0,19.755401611328125
2026-09-14 21:00:00,210,M4,16.258880615234375
2026-09-14 21:00:00,240,M0,21.089649200439453
2026-09-14 21:00:00,240,M4,17.069116592407227
2026-09-14 21:00:00,270,M0,21.93321990966797
2026-09-14 21:00:00,270,M4,17.859962463378906
2026-09-14 21:00:00,300,M0,23.11544418334961
2026-09-14 21:00:00,300,M4,18.71699905395508
2026-09-14 21:00:00,330,M0,23.874759674072266
2026-09-14 21:00:00,330,M4,19.856584548950195
2026-09-14 21:00:00,360,M0,24.56867218017578
2026-09-14 21:00:00,360,M4,20.92413902282715
2026-09-15 00:00:00,30,M0,11.388141632080078
2026-09-15 00:00:00,30,M4,8.922124862670898
2026-09-15 00:00:00,60,M0,14.74126148223877
2026-09-15 00:00:00,60,M4,11.748239517211914
2026-09-15 00:00:00,90,M0,16.900400161743164
2026-09-15 00:00:00,90,M4,13.619260787963867
2026-09-15 00:00:00,120,M0,18.750688552856445
2026-09-15 00:00:00,120,M4,15.27926540374756
2026-09-15 00:00:00,150,M0,20.109424591064453
2026-09-15 00:00:00,150,M4,16.677703857421875
2026-09-15 00:00:00,180,M0,21.245031356811523
2026-09-15 00:00:00,180,M4,17.956947326660156
2026-09-15 00:00:00,210,M0,21.952104568481445
2026-09-15 00:00:00,210,M4,19.15489959716797
2026-09-15 00:00:00,240,M0,23.27757453918457
2026-09-15 00:00:00,240,M4,20.361364364624023
2026-09-15 00:00:00,270,M0,24.47865104675293
2026-09-15 00:00:00,270,M4,21.101694107055664
2026-09-15 00:00:00,300,M0,25.43557929992676
2026-09-15 00:00:00,300,M4,21.68716049194336
2026-09-15 00:00:00,330,M0,26.293407440185547
2026-09-15 00:00:00,330,M4,22.097660064697266
2026-09-15 02:00:00,30,M0,11.530816078186035
2026-09-15 02:00:00,30,M4,9.353559494018556
2026-09-15 02:00:00,60,M0,14.53459644317627
2026-09-15 02:00:00,60,M4,11.759711265563965
2026-09-15 02:00:00,90,M0,16.584388732910156
2026-09-15 02:00:00,90,M4,13.45269012451172
2026-09-15 02:00:00,120,M0,18.4600887298584
2026-09-15 02:00:00,120,M4,14.983698844909668
2026-09-15 02:00:00,150,M0,19.98749351501465
2026-09-15 02:00:00,150,M4,16.334566116333008
2026-09-15 02:00:00,180,M0,21.29450798034668
2026-09-15 02:00:00,180,M4,17.40438461303711
2026-09-15 02:00:00,210,M0,22.406879425048828
2026-09-15 02:00:00,210,M4,18.47670555114746
2026-09-15 02:00:00,270,M0,23.758922576904297
2026-09-15 02:00:00,270,M4,20.06513214111328
2026-09-15 02:00:00,300,M0,24.018310546875
2026-09-15 02:00:00,300,M4,20.74286460876465
2026-09-15 02:00:00,330,M0,24.568662643432617
2026-09-15 02:00:00,330,M4,21.563650131225582
2026-09-15 02:00:00,360,M0,25.00435256958008
2026-09-15 02:00:00,360,M4,22.27165412902832
2026-09-15 05:00:00,30,M0,12.177139282226562
2026-09-15 05:00:00,30,M4,9.613679885864258
2026-09-15 05:00:00,90,M0,17.78204917907715
2026-09-15 05:00:00,90,M4,13.80848789215088
2026-09-15 05:00:00,120,M0,19.42241477966309
2026-09-15 05:00:00,120,M4,15.48097038269043
2026-09-15 05:00:00,150,M0,20.760438919067383
2026-09-15 05:00:00,150,M4,16.994869232177734
2026-09-15 05:00:00,180,M0,21.6072006225586
2026-09-15 05:00:00,180,M4,18.31879425048828
2026-09-15 05:00:00,210,M0,22.314353942871094
2026-09-15 05:00:00,210,M4,19.562923431396484
2026-09-15 05:00:00,240,M0,23.62688446044922
2026-09-15 05:00:00,240,M4,20.83037376403809
2026-09-15 05:00:00,270,M0,25.96712684631348
2026-09-15 05:00:00,270,M4,22.14122772216797
2026-09-15 05:00:00,300,M0,24.69098281860352
2026-09-15 05:00:00,300,M4,22.19590187072754
2026-09-15 05:00:00,330,M0,25.76470184326172
2026-09-15 05:00:00,330,M4,24.206653594970703
2026-09-15 05:00:00,360,M0,25.84510040283203
2026-09-15 05:00:00,360,M4,25.02812385559082
2026-09-15 07:00:00,30,M0,12.36268424987793
2026-09-15 07:00:00,30,M4,9.33271026611328
2026-09-15 07:00:00,60,M0,15.462448120117188
2026-09-15 07:00:00,60,M4,11.659941673278809
2026-09-15 07:00:00,90,M0,17.395980834960938
2026-09-15 07:00:00,90,M4,13.74431324005127
2026-09-15 07:00:00,120,M0,19.51462173461914
2026-09-15 07:00:00,120,M4,15.6538667678833
2026-09-15 07:00:00,150,M0,21.938953399658203
2026-09-15 07:00:00,150,M4,16.99463653564453
2026-09-15 07:00:00,180,M0,21.520479202270508
2026-09-15 07:00:00,180,M4,16.91525650024414
2026-09-15 07:00:00,210,M0,22.624399185180664
2026-09-15 07:00:00,210,M4,18.464902877807617
2026-09-15 07:00:00,240,M0,22.78037452697754
2026-09-15 07:00:00,240,M4,18.88959693908692
2026-09-15 07:00:00,270,M0,23.81421661376953
2026-09-15 07:00:00,270,M4,20.144983291625977
2026-09-15 07:00:00,300,M0,24.252330780029297
2026-09-15 07:00:00,300,M4,20.954957962036133
2026-09-15 07:00:00,330,M0,24.987409591674805
2026-09-15 07:00:00,330,M4,21.915626525878903
2026-09-15 07:00:00,360,M0,25.50702476501465
2026-09-15 07:00:00,360,M4,22.54837989807129
2026-09-15 08:00:00,30,M0,11.935386657714844
2026-09-15 08:00:00,30,M4,9.130433082580566
2026-09-15 08:00:00,60,M0,15.201926231384276
2026-09-15 08:00:00,60,M4,12.467888832092283
2026-09-15 08:00:00,90,M0,19.20165634155273
2026-09-15 08:00:00,90,M4,14.715021133422852
2026-09-15 08:00:00,120,M0,19.378780364990234
2026-09-15 08:00:00,120,M4,15.256967544555664
2026-09-15 08:00:00,150,M0,20.922691345214844
2026-09-15 08:00:00,150,M4,16.142183303833008
2026-09-15 08:00:00,180,M0,20.870723724365234
2026-09-15 08:00:00,180,M4,15.995233535766602
2026-09-15 08:00:00,210,M0,21.545469284057617
2026-09-15 08:00:00,210,M4,17.159011840820312
2026-09-15 08:00:00,240,M0,21.9529972076416
2026-09-15 08:00:00,240,M4,17.47553062438965
2026-09-15 08:00:00,270,M0,22.973466873168945
2026-09-15 08:00:00,270,M4,18.50718116760254
2026-09-15 08:00:00,300,M0,23.66910171508789
2026-09-15 08:00:00,300,M4,18.905839920043945
2026-09-15 08:00:00,330,M0,24.31736946105957
2026-09-15 08:00:00,330,M4,19.91731834411621
2026-09-15 08:00:00,360,M0,24.784893035888672
2026-09-15 08:00:00,360,M4,20.28801918029785
2026-09-15 10:00:00,30,M0,14.018318176269531
2026-09-15 10:00:00,30,M4,10.84308910369873
2026-09-15 10:00:00,60,M0,16.401384353637695
2026-09-15 10:00:00,60,M4,11.427141189575195
2026-09-15 10:00:00,90,M0,18.74071311950684
2026-09-15 10:00:00,90,M4,13.373483657836914
2026-09-15 10:00:00,120,M0,20.22589111328125
2026-09-15 10:00:00,120,M4,14.194331169128418
2026-09-15 10:00:00,150,M0,21.61550712585449
2026-09-15 10:00:00,150,M4,15.653953552246094
2026-09-15 10:00:00,180,M0,22.55301284790039
2026-09-15 10:00:00,180,M4,16.31843376159668
2026-09-15 10:00:00,210,M0,23.107789993286133
2026-09-15 10:00:00,210,M4,17.47648811340332
2026-09-15 10:00:00,240,M0,23.664047241210938
2026-09-15 10:00:00,240,M4,17.75883674621582
2026-09-15 10:00:00,270,M0,24.092851638793945
2026-09-15 10:00:00,270,M4,18.6910343170166
2026-09-15 10:00:00,300,M0,24.24085998535156
2026-09-15 10:00:00,300,M4,18.55032730102539
2026-09-15 10:00:00,330,M0,24.67707633972168
2026-09-15 10:00:00,330,M4,19.3002872467041
2026-09-15 10:00:00,360,M0,24.864973068237305
2026-09-15 10:00:00,360,M4,19.528114318847656
2026-09-15 10:40:00,30,M0,12.967835426330566
2026-09-15 10:40:00,30,M4,10.023035049438477
2026-09-15 10:40:00,60,M0,15.523783683776855
2026-09-15 10:40:00,60,M4,11.907303810119627
2026-09-15 10:40:00,90,M0,17.715015411376953
2026-09-15 10:40:00,90,M4,13.64516830444336
2026-09-15 10:40:00,120,M0,18.82791519165039
2026-09-15 10:40:00,120,M4,14.99279499053955
2026-09-15 10:40:00,150,M0,20.042240142822266
2026-09-15 10:40:00,150,M4,15.987295150756836
2026-09-15 10:40:00,180,M0,20.88774871826172
2026-09-15 10:40:00,180,M4,16.849565505981445
2026-09-15 10:40:00,210,M0,21.91756248474121
2026-09-15 10:40:00,210,M4,17.277549743652344
2026-09-15 10:40:00,240,M0,22.739294052124023
2026-09-15 10:40:00,240,M4,17.89842414855957
2026-09-15 10:40:00,270,M0,23.181713104248047
2026-09-15 10:40:00,270,M4,18.06147193908692
2026-09-15 10:40:00,300,M0,23.68012809753418
2026-09-15 10:40:00,300,M4,18.573631286621094
2026-09-15 10:40:00,330,M0,24.103832244873047
2026-09-15 10:40:00,330,M4,18.874874114990234
2026-09-15 10:40:00,360,M0,24.775331497192383
2026-09-15 10:40:00,360,M4,19.746841430664062
2026-09-15 11:00:00,30,M0,10.861992835998535
2026-09-15 11:00:00,30,M4,8.481363296508789
2026-09-15 11:00:00,60,M0,13.625377655029297
2026-09-15 11:00:00,60,M4,10.872113227844238
2026-09-15 11:00:00,90,M0,15.54147243499756
2026-09-15 11:00:00,90,M4,12.795194625854492
2026-09-15 11:00:00,120,M0,16.703018188476562
2026-09-15 11:00:00,120,M4,14.145456314086914
2026-09-15 11:00:00,150,M0,17.935916900634766
2026-09-15 11:00:00,150,M4,15.324007034301758
2026-09-15 11:00:00,180,M0,18.745668411254883
2026-09-15 11:00:00,180,M4,15.805170059204102
2026-09-15 11:00:00,210,M0,20.028785705566406
2026-09-15 11:00:00,210,M4,16.710859298706055
2026-09-15 11:00:00,240,M0,20.41609573364257
2026-09-15 11:00:00,240,M4,16.8084716796875
2026-09-15 11:00:00,270,M0,21.268943786621094
2026-09-15 11:00:00,270,M4,17.276708602905273
2026-09-15 11:00:00,300,M0,21.24799537658692
2026-09-15 11:00:00,300,M4,17.202348709106445
2026-09-15 11:00:00,330,M0,21.926097869873047
2026-09-15 11:00:00,330,M4,17.756546020507812
2026-09-15 11:00:00,360,M0,22.12757110595703
2026-09-15 11:00:00,360,M4,18.23967742919922
2026-09-15 12:00:00,30,M0,10.258329391479492
2026-09-15 12:00:00,30,M4,7.92607831954956
2026-09-15 12:00:00,60,M0,12.711885452270508
2026-09-15 12:00:00,60,M4,10.266813278198242
2026-09-15 12:00:00,90,M0,14.410636901855469
2026-09-15 12:00:00,90,M4,12.26363468170166
2026-09-15 12:00:00,120,M0,15.620745658874512
2026-09-15 12:00:00,120,M4,13.380531311035156
2026-09-15 12:00:00,150,M0,17.262056350708008
2026-09-15 12:00:00,150,M4,14.702140808105469
2026-09-15 12:00:00,180,M0,18.2814884185791
2026-09-15 12:00:00,180,M4,15.05197048187256
2026-09-15 12:00:00,210,M0,19.46687698364257
2026-09-15 12:00:00,210,M4,15.76484489440918
2026-09-15 12:00:00,240,M0,19.861474990844727
2026-09-15 12:00:00,240,M4,15.73698902130127
2026-09-15 12:00:00,270,M0,20.54923248291016
2026-09-15 12:00:00,270,M4,16.328432083129883
2026-09-15 12:00:00,300,M0,21.107141494750977
2026-09-15 12:00:00,300,M4,16.869884490966797
2026-09-15 12:00:00,330,M0,21.837989807128903
2026-09-15 12:00:00,330,M4,17.638134002685547
2026-09-15 12:00:00,360,M0,22.214445114135746
2026-09-15 12:00:00,360,M4,18.01469993591309
2026-09-15 16:00:00,30,M0,9.24406909942627
2026-09-15 16:00:00,30,M4,7.468859672546387
2026-09-15 16:00:00,60,M0,12.274494171142578
2026-09-15 16:00:00,60,M4,10.113851547241213
2026-09-15 16:00:00,90,M0,13.866881370544434
2026-09-15 16:00:00,90,M4,11.53217315673828
2026-09-15 16:00:00,120,M0,15.356244087219238
2026-09-15 16:00:00,120,M4,12.492408752441406
2026-09-15 16:00:00,150,M0,16.76468276977539
2026-09-15 16:00:00,150,M4,13.735397338867188
2026-09-15 16:00:00,180,M0,17.615697860717773
2026-09-15 16:00:00,180,M4,14.421743392944336
2026-09-15 16:00:00,210,M0,18.699098587036133
2026-09-15 16:00:00,210,M4,15.220969200134276
2026-09-15 16:00:00,240,M0,19.856416702270508
2026-09-15 16:00:00,240,M4,15.47819709777832
2026-09-15 16:00:00,270,M0,21.14705467224121
2026-09-15 16:00:00,270,M4,16.362239837646484
2026-09-15 16:00:00,300,M0,22.37285423278809
2026-09-15 16:00:00,300,M4,16.881805419921875
2026-09-15 16:00:00,330,M0,23.10835266113281
2026-09-15 16:00:00,330,M4,17.832059860229492
2026-09-15 16:00:00,360,M0,24.568523406982425
2026-09-15 16:00:00,360,M4,18.654033660888672
2026-09-15 17:00:00,30,M0,9.31199550628662
2026-09-15 17:00:00,30,M4,7.556290149688721
2026-09-15 17:00:00,60,M0,11.990599632263184
2026-09-15 17:00:00,60,M4,9.657039642333984
2026-09-15 17:00:00,90,M0,13.762445449829102
2026-09-15 17:00:00,90,M4,11.326354026794434
2026-09-15 17:00:00,120,M0,15.187094688415527
2026-09-15 17:00:00,120,M4,12.58487319946289
2026-09-15 17:00:00,150,M0,16.45682716369629
2026-09-15 17:00:00,150,M4,13.777545928955078
2026-09-15 17:00:00,180,M0,17.833492279052734
2026-09-15 17:00:00,180,M4,14.847797393798828
2026-09-15 17:00:00,210,M0,19.331199645996094
2026-09-15 17:00:00,210,M4,16.118694305419922
2026-09-15 17:00:00,240,M0,20.79132843017578
2026-09-15 17:00:00,240,M4,16.94867706298828
2026-09-15 17:00:00,270,M0,21.50910377502441
2026-09-15 17:00:00,270,M4,17.68183135986328
2026-09-15 17:00:00,300,M0,23.11040496826172
2026-09-15 17:00:00,300,M4,17.948654174804688
2026-09-15 17:00:00,330,M0,23.767452239990234
2026-09-15 17:00:00,330,M4,19.2670955657959
2026-09-15 17:00:00,360,M0,24.03870391845703
2026-09-15 17:00:00,360,M4,20.091583251953125
2026-09-15 18:00:00,30,M0,9.29495906829834
2026-09-15 18:00:00,30,M4,7.463844299316406
2026-09-15 18:00:00,60,M0,11.696389198303224
2026-09-15 18:00:00,60,M4,9.66080093383789
2026-09-15 18:00:00,90,M0,13.396832466125488
2026-09-15 18:00:00,90,M4,11.323851585388184
2026-09-15 18:00:00,120,M0,14.981637001037598
2026-09-15 18:00:00,120,M4,12.578387260437012
2026-09-15 18:00:00,150,M0,16.929431915283203
2026-09-15 18:00:00,150,M4,14.294529914855955
2026-09-15 18:00:00,180,M0,18.61550521850586
2026-09-15 18:00:00,180,M4,15.534432411193848
2026-09-15 18:00:00,210,M0,19.4185848236084
2026-09-15 18:00:00,210,M4,16.29242515563965
2026-09-15 18:00:00,240,M0,21.016578674316406
2026-09-15 18:00:00,240,M4,17.258716583251953
2026-09-15 18:00:00,270,M0,21.668888092041016
2026-09-15 18:00:00,270,M4,17.87638282775879
2026-09-15 18:00:00,300,M0,22.132265090942383
2026-09-15 18:00:00,300,M4,18.55023956298828
2026-09-15 18:00:00,330,M0,21.976634979248047
2026-09-15 18:00:00,330,M4,18.63470458984375
2026-09-15 18:00:00,360,M0,22.01582717895508
2026-09-15 18:00:00,360,M4,18.706981658935547
2026-09-15 19:00:00,30,M0,9.28108024597168
2026-09-15 19:00:00,30,M4,7.509970188140869
2026-09-15 19:00:00,60,M0,11.718542098999023
2026-09-15 19:00:00,60,M4,9.887737274169922
2026-09-15 19:00:00,90,M0,13.897381782531738
2026-09-15 19:00:00,90,M4,11.99129867553711
2026-09-15 19:00:00,120,M0,16.036670684814453
2026-09-15 19:00:00,120,M4,13.59102725982666
2026-09-15 19:00:00,150,M0,17.472524642944336
2026-09-15 19:00:00,150,M4,14.5404691696167
2026-09-15 19:00:00,180,M0,18.98515892028809
2026-09-15 19:00:00,180,M4,15.693921089172363
2026-09-15 19:00:00,210,M0,19.90057373046875
2026-09-15 19:00:00,210,M4,16.5036678314209
2026-09-15 19:00:00,240,M0,20.54729461669922
2026-09-15 19:00:00,240,M4,17.328105926513672
2026-09-15 19:00:00,270,M0,20.585737228393555
2026-09-15 19:00:00,270,M4,17.61979103088379
2026-09-15 19:00:00,300,M0,20.75325393676757
2026-09-15 19:00:00,300,M4,17.98238754272461
2026-09-15 19:00:00,330,M0,21.199434280395508
2026-09-15 19:00:00,330,M4,18.2805118560791
2026-09-15 19:00:00,360,M0,22.357816696166992
2026-09-15 19:00:00,360,M4,19.01164627075196
2026-09-15 20:00:00,30,M0,9.300326347351074
2026-09-15 20:00:00,30,M4,7.517460346221924
2026-09-15 20:00:00,60,M0,12.232526779174805
2026-09-15 20:00:00,60,M4,9.929457664489746
2026-09-15 20:00:00,90,M0,14.274253845214844
2026-09-15 20:00:00,90,M4,12.06314182281494
2026-09-15 20:00:00,120,M0,15.70661735534668
2026-09-15 20:00:00,120,M4,13.518437385559082
2026-09-15 20:00:00,150,M0,17.079139709472656
2026-09-15 20:00:00,150,M4,14.151562690734863
2026-09-15 20:00:00,180,M0,17.99049186706543
2026-09-15 20:00:00,180,M4,15.116016387939451
2026-09-15 20:00:00,210,M0,18.43451881408692
2026-09-15 20:00:00,210,M4,15.91965675354004
2026-09-15 20:00:00,240,M0,18.92848777770996
2026-09-15 20:00:00,240,M4,16.32821273803711
2026-09-15 20:00:00,270,M0,19.672832489013672
2026-09-15 20:00:00,270,M4,17.37993621826172
2026-09-15 20:00:00,300,M0,20.79397773742676
2026-09-15 20:00:00,300,M4,18.18153381347656
2026-09-15 20:00:00,330,M0,21.21478080749512
2026-09-15 20:00:00,330,M4,19.303510665893555
2026-09-15 20:00:00,360,M0,22.39299774169922
2026-09-15 20:00:00,360,M4,19.639610290527344
2026-09-15 21:00:00,30,M0,10.02810287475586
2026-09-15 21:00:00,30,M4,8.361506462097168
2026-09-15 21:00:00,60,M0,12.78846836090088
2026-09-15 21:00:00,60,M4,10.846402168273926
2026-09-15 21:00:00,90,M0,14.598432540893556
2026-09-15 21:00:00,90,M4,12.096990585327148
2026-09-15 21:00:00,120,M0,15.771302223205566
2026-09-15 21:00:00,120,M4,13.464363098144531
2026-09-15 21:00:00,150,M0,16.545181274414062
2026-09-15 21:00:00,150,M4,14.404339790344238
2026-09-15 21:00:00,180,M0,17.203794479370117
2026-09-15 21:00:00,180,M4,14.981928825378418
2026-09-15 21:00:00,210,M0,18.166763305664062
2026-09-15 21:00:00,210,M4,15.93943977355957
2026-09-15 21:00:00,240,M0,19.5075798034668
2026-09-15 21:00:00,240,M4,16.98412322998047
2026-09-15 21:00:00,270,M0,20.142379760742188
2026-09-15 21:00:00,270,M4,18.09444236755371
2026-09-15 21:00:00,300,M0,21.53256225585937
2026-09-15 21:00:00,300,M4,19.201555252075195
2026-09-15 21:00:00,330,M0,22.262592315673828
2026-09-15 21:00:00,330,M4,20.22306060791016
2026-09-15 21:00:00,360,M0,24.19193649291992
2026-09-15 21:00:00,360,M4,21.632474899291992
2026-09-15 22:00:00,30,M0,11.798315048217772
2026-09-15 22:00:00,30,M4,10.176584243774414
2026-09-15 22:00:00,60,M0,14.404093742370604
2026-09-15 22:00:00,60,M4,11.849671363830566
2026-09-15 22:00:00,90,M0,15.94667148590088
2026-09-15 22:00:00,90,M4,12.905058860778809
2026-09-15 22:00:00,120,M0,16.827388763427734
2026-09-15 22:00:00,120,M4,13.601407051086426
2026-09-15 22:00:00,150,M0,17.562061309814453
2026-09-15 22:00:00,150,M4,14.531147956848145
2026-09-15 22:00:00,180,M0,18.732421875
2026-09-15 22:00:00,180,M4,15.49808406829834
2026-09-15 22:00:00,210,M0,19.57088851928711
2026-09-15 22:00:00,210,M4,16.802947998046875
2026-09-15 22:00:00,240,M0,20.92863655090332
2026-09-15 22:00:00,240,M4,17.88434410095215
2026-09-15 22:00:00,270,M0,21.630903244018555
2026-09-15 22:00:00,270,M4,18.825069427490234
2026-09-15 22:00:00,300,M0,23.35237503051757
2026-09-15 22:00:00,300,M4,20.036073684692383
2026-09-15 22:00:00,330,M0,24.581382751464844
2026-09-15 22:00:00,330,M4,20.733318328857425
2026-09-15 22:00:00,360,M0,26.097396850585938
2026-09-15 22:00:00,360,M4,21.420907974243164
2026-09-15 23:00:00,30,M0,10.624765396118164
2026-09-15 23:00:00,30,M4,8.517951965332031
2026-09-15 23:00:00,60,M0,13.245603561401367
2026-09-15 23:00:00,60,M4,10.914648056030272
2026-09-15 23:00:00,90,M0,15.12881088256836
2026-09-15 23:00:00,90,M4,13.048038482666016
2026-09-15 23:00:00,120,M0,16.63484001159668
2026-09-15 23:00:00,120,M4,14.285834312438965
2026-09-15 23:00:00,150,M0,17.91640853881836
2026-09-15 23:00:00,150,M4,15.732205390930176
2026-09-15 23:00:00,180,M0,19.324695587158203
2026-09-15 23:00:00,180,M4,16.673688888549805
2026-09-15 23:00:00,210,M0,20.43561363220215
2026-09-15 23:00:00,210,M4,17.817058563232422
2026-09-15 23:00:00,240,M0,21.905303955078125
2026-09-15 23:00:00,240,M4,19.122190475463867
2026-09-15 23:00:00,270,M0,22.849336624145508
2026-09-15 23:00:00,270,M4,20.059059143066406
2026-09-15 23:00:00,300,M0,24.301916122436523
2026-09-15 23:00:00,300,M4,20.983253479003903
2026-09-15 23:00:00,330,M0,25.50702667236328
2026-09-15 23:00:00,330,M4,21.59173583984375
2026-09-15 23:00:00,360,M0,27.071208953857425
2026-09-15 23:00:00,360,M4,22.419265747070312
2026-09-16 00:00:00,30,M0,10.139636993408203
2026-09-16 00:00:00,30,M4,8.02370834350586
2026-09-16 00:00:00,60,M0,12.867635726928713
2026-09-16 00:00:00,60,M4,10.55027198791504
2026-09-16 00:00:00,90,M0,14.778958320617676
2026-09-16 00:00:00,90,M4,12.73284912109375
2026-09-16 00:00:00,120,M0,16.784494400024414
2026-09-16 00:00:00,120,M4,14.209257125854492
2026-09-16 00:00:00,150,M0,18.36556053161621
2026-09-16 00:00:00,150,M4,15.80868911743164
2026-09-16 00:00:00,180,M0,19.97854423522949
2026-09-16 00:00:00,180,M4,17.397945404052734
2026-09-16 00:00:00,210,M0,21.294578552246094
2026-09-16 00:00:00,210,M4,18.6599178314209
2026-09-16 00:00:00,240,M0,22.9780502319336
2026-09-16 00:00:00,240,M4,19.66271209716797
2026-09-16 00:00:00,270,M0,24.37333869934082
2026-09-16 00:00:00,270,M4,20.58380889892578
2026-09-16 00:00:00,300,M0,26.012449264526367
2026-09-16 00:00:00,300,M4,21.44131851196289
2026-09-16 00:00:00,330,M0,26.928054809570312
2026-09-16 00:00:00,330,M4,22.09341049194336
2026-09-16 01:00:00,30,M0,10.808584213256836
2026-09-16 01:00:00,30,M4,8.479426383972168
2026-09-16 01:00:00,60,M0,13.6002836227417
2026-09-16 01:00:00,60,M4,10.732748985290527
2026-09-16 01:00:00,90,M0,15.812280654907228
2026-09-16 01:00:00,90,M4,12.594192504882812
2026-09-16 01:00:00,120,M0,18.13534164428711
2026-09-16 01:00:00,120,M4,14.215307235717772
2026-09-16 01:00:00,150,M0,19.73737525939941
2026-09-16 01:00:00,150,M4,15.78895092010498
2026-09-16 01:00:00,180,M0,21.60919952392578
2026-09-16 01:00:00,180,M4,16.93092155456543
2026-09-16 01:00:00,210,M0,23.130334854125977
2026-09-16 01:00:00,210,M4,18.130630493164062
2026-09-16 01:00:00,240,M0,24.859668731689453
2026-09-16 01:00:00,240,M4,19.362548828125
2026-09-16 01:00:00,270,M0,25.56487464904785
2026-09-16 01:00:00,270,M4,20.17287826538086
2026-09-16 01:00:00,330,M0,26.85391616821289
2026-09-16 01:00:00,330,M4,21.61484909057617
2026-09-16 01:00:00,360,M0,27.48615264892578
2026-09-16 01:00:00,360,M4,22.20992660522461
2026-09-16 02:00:00,30,M0,11.288732528686523
2026-09-16 02:00:00,30,M4,8.904417037963867
2026-09-16 02:00:00,60,M0,14.310232162475586
2026-09-16 02:00:00,60,M4,11.232491493225098
2026-09-16 02:00:00,90,M0,16.414268493652344
2026-09-16 02:00:00,90,M4,13.071759223937988
2026-09-16 02:00:00,120,M0,18.3915958404541
2026-09-16 02:00:00,120,M4,14.189590454101562
2026-09-16 02:00:00,150,M0,20.063461303710938
2026-09-16 02:00:00,150,M4,15.207666397094728
2026-09-16 02:00:00,180,M0,21.94064140319824
2026-09-16 02:00:00,180,M4,16.176101684570312
2026-09-16 02:00:00,210,M0,23.368696212768555
2026-09-16 02:00:00,210,M4,17.245580673217773
2026-09-16 02:00:00,270,M0,24.74903678894043
2026-09-16 02:00:00,270,M4,18.934858322143555
2026-09-16 02:00:00,300,M0,25.77199935913086
2026-09-16 02:00:00,300,M4,19.39877319335937
2026-09-16 02:00:00,330,M0,26.440773010253903
2026-09-16 02:00:00,330,M4,19.598783493041992
2026-09-16 02:00:00,360,M0,27.03632545471192
2026-09-16 02:00:00,360,M4,20.1050033569336
2026-09-16 03:00:00,30,M0,11.194918632507324
2026-09-16 03:00:00,30,M4,8.832131385803223
2026-09-16 03:00:00,60,M0,13.96213722229004
2026-09-16 03:00:00,60,M4,10.974568367004396
2026-09-16 03:00:00,90,M0,16.171117782592773
2026-09-16 03:00:00,90,M4,12.893715858459473
2026-09-16 03:00:00,120,M0,18.68931770324707
2026-09-16 03:00:00,120,M4,14.384660720825195
2026-09-16 03:00:00,150,M0,20.53400039672852
2026-09-16 03:00:00,150,M4,15.559649467468262
2026-09-16 03:00:00,210,M0,23.030567169189453
2026-09-16 03:00:00,210,M4,17.593534469604492
2026-09-16 03:00:00,240,M0,24.11079216003418
2026-09-16 03:00:00,240,M4,18.42106437683105
2026-09-16 03:00:00,270,M0,25.31097984313965
2026-09-16 03:00:00,270,M4,19.11465644836425
2026-09-16 03:00:00,300,M0,25.835525512695312
2026-09-16 03:00:00,300,M4,19.503116607666016
2026-09-16 03:00:00,330,M0,26.43208312988281
2026-09-16 03:00:00,330,M4,19.91116714477539
2026-09-16 03:00:00,360,M0,27.60956764221192
2026-09-16 03:00:00,360,M4,20.714080810546875
2026-09-16 04:00:00,30,M0,11.441612243652344
2026-09-16 04:00:00,30,M4,9.028474807739258
2026-09-16 04:00:00,60,M0,14.41969394683838
2026-09-16 04:00:00,60,M4,11.290508270263672
2026-09-16 04:00:00,90,M0,16.73818588256836
2026-09-16 04:00:00,90,M4,13.027595520019531
2026-09-16 04:00:00,150,M0,20.426204681396484
2026-09-16 04:00:00,150,M4,15.733510971069336
2026-09-16 04:00:00,180,M0,21.80440902709961
2026-09-16 04:00:00,180,M4,16.56192398071289
2026-09-16 04:00:00,210,M0,23.214054107666016
2026-09-16 04:00:00,210,M4,17.489017486572266
2026-09-16 04:00:00,240,M0,24.32282447814941
2026-09-16 04:00:00,240,M4,17.972314834594727
2026-09-16 04:00:00,270,M0,25.060266494750977
2026-09-16 04:00:00,270,M4,18.71330070495605
2026-09-16 04:00:00,300,M0,26.546987533569336
2026-09-16 04:00:00,300,M4,19.264116287231445
2026-09-16 04:00:00,330,M0,28.93982696533203
2026-09-16 04:00:00,330,M4,20.587522506713867
2026-09-16 04:00:00,360,M0,29.560636520385746
2026-09-16 04:00:00,360,M4,22.34775352478028
2026-09-16 05:00:00,30,M0,11.95191764831543
2026-09-16 05:00:00,30,M4,9.311344146728516
2026-09-16 05:00:00,90,M0,16.957345962524414
2026-09-16 05:00:00,90,M4,13.141488075256348
2026-09-16 05:00:00,120,M0,18.94139289855957
2026-09-16 05:00:00,120,M4,14.316967964172363
2026-09-16 05:00:00,150,M0,20.4585189819336
2026-09-16 05:00:00,150,M4,15.419476509094238
2026-09-16 05:00:00,180,M0,21.848051071166992
2026-09-16 05:00:00,180,M4,16.338008880615234
2026-09-16 05:00:00,210,M0,22.825115203857425
2026-09-16 05:00:00,210,M4,17.289003372192383
2026-09-16 05:00:00,240,M0,24.459936141967773
2026-09-16 05:00:00,240,M4,18.14095115661621
2026-09-16 05:00:00,270,M0,26.79507637023925
2026-09-16 05:00:00,270,M4,19.603160858154297
2026-09-16 05:00:00,300,M0,27.286874771118164
2026-09-16 05:00:00,300,M4,21.08124351501465
2026-09-16 05:00:00,330,M0,27.625995635986328
2026-09-16 05:00:00,330,M4,22.842084884643555
2026-09-16 05:00:00,360,M0,27.64920425415039
2026-09-16 05:00:00,360,M4,23.279090881347656
2026-09-16 07:00:00,30,M0,11.69813060760498
2026-09-16 07:00:00,30,M4,9.161173820495604
2026-09-16 07:00:00,60,M0,14.61205768585205
2026-09-16 07:00:00,60,M4,11.148555755615234
2026-09-16 07:00:00,90,M0,16.446277618408203
2026-09-16 07:00:00,90,M4,13.045735359191896
2026-09-16 07:00:00,120,M0,18.1087589263916
2026-09-16 07:00:00,120,M4,14.300084114074709
2026-09-16 07:00:00,150,M0,20.55707359313965
2026-09-16 07:00:00,150,M4,15.335896492004396
2026-09-16 07:00:00,180,M0,21.968420028686523
2026-09-16 07:00:00,180,M4,16.910228729248047
2026-09-16 07:00:00,210,M0,23.248380661010746
2026-09-16 07:00:00,210,M4,19.29489517211914
2026-09-16 07:00:00,240,M0,23.317153930664062
2026-09-16 07:00:00,240,M4,19.752769470214844
2026-09-16 07:00:00,270,M0,24.573644638061523
2026-09-16 07:00:00,270,M4,20.83298683166504
2026-09-16 07:00:00,300,M0,25.39567947387696
2026-09-16 07:00:00,300,M4,21.428667068481445
2026-09-16 07:00:00,330,M0,26.080835342407227
2026-09-16 07:00:00,330,M4,21.94930458068848
2026-09-16 07:00:00,360,M0,27.29746437072754
2026-09-16 07:00:00,360,M4,22.79881477355957
2026-09-16 08:00:00,30,M0,11.920259475708008
2026-09-16 08:00:00,30,M4,9.778165817260742
2026-09-16 08:00:00,60,M0,14.258986473083496
2026-09-16 08:00:00,60,M4,12.351040840148926
2026-09-16 08:00:00,90,M0,17.305320739746094
2026-09-16 08:00:00,90,M4,13.772039413452148
2026-09-16 08:00:00,120,M0,19.208589553833008
2026-09-16 08:00:00,120,M4,15.437088966369627
2026-09-16 08:00:00,150,M0,21.06895065307617
2026-09-16 08:00:00,150,M4,17.703426361083984
2026-09-16 08:00:00,180,M0,21.288089752197266
2026-09-16 08:00:00,180,M4,17.57691764831543
2026-09-16 08:00:00,210,M0,22.763351440429688
2026-09-16 08:00:00,210,M4,18.67397689819336
2026-09-16 08:00:00,240,M0,23.56133079528809
2026-09-16 08:00:00,240,M4,18.681316375732425
2026-09-16 08:00:00,270,M0,24.22436141967773
2026-09-16 08:00:00,270,M4,19.423646926879883
2026-09-16 08:00:00,300,M0,25.294103622436523
2026-09-16 08:00:00,300,M4,19.82206344604492
2026-09-16 08:00:00,330,M0,25.92548561096192
2026-09-16 08:00:00,330,M4,20.207672119140625
2026-09-16 08:00:00,360,M0,26.460464477539062
2026-09-16 08:00:00,360,M4,20.53840065002441
2026-09-16 08:20:00,30,M0,12.275195121765137
2026-09-16 08:20:00,30,M4,10.501768112182615
2026-09-16 08:20:00,60,M0,14.70191478729248
2026-09-16 08:20:00,60,M4,12.48413372039795
2026-09-16 08:20:00,90,M0,19.15690422058105
2026-09-16 08:20:00,90,M4,15.633722305297852
2026-09-16 08:20:00,120,M0,20.06660270690918
2026-09-16 08:20:00,120,M4,17.1226749420166
2026-09-16 08:20:00,150,M0,22.06103134155273
2026-09-16 08:20:00,150,M4,19.331483840942383
2026-09-16 08:20:00,180,M0,21.952051162719727
2026-09-16 08:20:00,180,M4,18.662717819213867
2026-09-16 08:20:00,210,M0,23.075889587402344
2026-09-16 08:20:00,210,M4,19.72821807861328
2026-09-16 08:20:00,240,M0,23.89423179626465
2026-09-16 08:20:00,240,M4,19.473125457763672
2026-09-16 08:20:00,270,M0,24.4891300201416
2026-09-16 08:20:00,270,M4,20.287330627441406
2026-09-16 08:20:00,300,M0,25.5151309967041
2026-09-16 08:20:00,300,M4,20.25518798828125
2026-09-16 08:20:00,330,M0,25.811857223510746
2026-09-16 08:20:00,330,M4,20.76664161682129
2026-09-16 08:20:00,360,M0,26.116668701171875
2026-09-16 08:20:00,360,M4,20.91045188903809
2026-09-16 08:30:00,30,M0,12.38988971710205
2026-09-16 08:30:00,30,M4,11.069868087768556
2026-09-16 08:30:00,60,M0,15.875849723815918
2026-09-16 08:30:00,60,M4,13.402155876159668
2026-09-16 08:30:00,90,M0,18.684011459350582
2026-09-16 08:30:00,90,M4,14.954353332519531
2026-09-16 08:30:00,120,M0,20.926294326782227
2026-09-16 08:30:00,120,M4,17.956710815429688
2026-09-16 08:30:00,150,M0,21.149757385253903
2026-09-16 08:30:00,150,M4,17.94918441772461
2026-09-16 08:30:00,180,M0,22.668113708496094
2026-09-16 08:30:00,180,M4,19.100229263305664
2026-09-16 08:30:00,210,M0,23.595741271972656
2026-09-16 08:30:00,210,M4,19.175939559936523
2026-09-16 08:30:00,240,M0,24.50204467773437
2026-09-16 08:30:00,240,M4,19.8283634185791
2026-09-16 08:30:00,270,M0,25.445131301879883
2026-09-16 08:30:00,270,M4,20.19336128234864
2026-09-16 08:30:00,300,M0,25.98417091369629
2026-09-16 08:30:00,300,M4,20.547718048095703
2026-09-16 08:30:00,330,M0,26.563520431518555
2026-09-16 08:30:00,330,M4,20.810863494873047
2026-09-16 08:30:00,360,M0,26.60478782653809
2026-09-16 08:30:00,360,M4,21.290599822998047
2026-09-16 09:50:00,30,M0,14.620036125183104
2026-09-16 09:50:00,30,M4,11.90191650390625
2026-09-16 09:50:00,60,M0,17.822084426879883
2026-09-16 09:50:00,60,M4,14.379016876220703
2026-09-16 09:50:00,90,M0,19.15525245666504
2026-09-16 09:50:00,90,M4,14.596094131469728
2026-09-16 09:50:00,120,M0,20.33475685119629
2026-09-16 09:50:00,120,M4,15.732373237609863
2026-09-16 09:50:00,150,M0,21.69854736328125
2026-09-16 09:50:00,150,M4,16.496673583984375
2026-09-16 09:50:00,180,M0,22.320356369018555
2026-09-16 09:50:00,180,M4,17.643356323242188
2026-09-16 09:50:00,210,M0,23.4931869506836
2026-09-16 09:50:00,210,M4,18.52276611328125
2026-09-16 09:50:00,240,M0,24.00440216064453
2026-09-16 09:50:00,240,M4,19.33519172668457
2026-09-16 09:50:00,270,M0,24.61472511291504
2026-09-16 09:50:00,270,M4,19.763164520263672
2026-09-16 09:50:00,300,M0,24.82431030273437
2026-09-16 09:50:00,300,M4,20.87412643432617
2026-09-16 09:50:00,330,M0,25.788162231445312
2026-09-16 09:50:00,330,M4,21.939682006835938
2026-09-16 09:50:00,360,M0,26.5538330078125
2026-09-16 09:50:00,360,M4,23.37050437927246
2026-09-16 11:00:00,30,M0,10.364060401916504
2026-09-16 11:00:00,30,M4,8.609058380126953
2026-09-16 11:00:00,60,M0,13.465418815612791
2026-09-16 11:00:00,60,M4,11.218194007873535
2026-09-16 11:00:00,90,M0,15.791881561279297
2026-09-16 11:00:00,90,M4,13.230920791625977
2026-09-16 11:00:00,120,M0,17.717622756958008
2026-09-16 11:00:00,120,M4,14.932900428771973
2026-09-16 11:00:00,150,M0,18.71645736694336
2026-09-16 11:00:00,150,M4,16.105356216430664
2026-09-16 11:00:00,180,M0,19.41685485839844
2026-09-16 11:00:00,180,M4,16.925220489501953
2026-09-16 11:00:00,210,M0,19.88036155700684
2026-09-16 11:00:00,210,M4,17.643407821655273
2026-09-16 11:00:00,240,M0,20.738399505615234
2026-09-16 11:00:00,240,M4,18.71964263916016
2026-09-16 11:00:00,270,M0,21.974685668945312
2026-09-16 11:00:00,270,M4,20.21812057495117
2026-09-16 11:00:00,300,M0,23.045284271240234
2026-09-16 11:00:00,300,M4,21.22783470153809
2026-09-16 11:00:00,330,M0,23.6208438873291
2026-09-16 11:00:00,330,M4,22.41108131408692
2026-09-16 11:00:00,360,M0,23.879920959472656
2026-09-16 11:00:00,360,M4,22.906044006347656
2026-09-16 13:00:00,30,M0,11.160388946533203
2026-09-16 13:00:00,30,M4,9.013261795043944
2026-09-16 13:00:00,60,M0,14.253528594970703
2026-09-16 13:00:00,60,M4,11.89813995361328
2026-09-16 13:00:00,90,M0,16.474517822265625
2026-09-16 13:00:00,90,M4,13.955449104309082
2026-09-16 13:00:00,120,M0,17.986764907836914
2026-09-16 13:00:00,120,M4,15.305587768554688
2026-09-16 13:00:00,150,M0,19.378284454345703
2026-09-16 13:00:00,150,M4,16.761430740356445
2026-09-16 13:00:00,180,M0,20.55228805541992
2026-09-16 13:00:00,180,M4,17.931123733520508
2026-09-16 13:00:00,210,M0,21.24319076538086
2026-09-16 13:00:00,210,M4,19.207704544067383
2026-09-16 13:00:00,240,M0,21.674823760986328
2026-09-16 13:00:00,240,M4,19.98335838317871
2026-09-16 13:00:00,270,M0,21.966800689697266
2026-09-16 13:00:00,270,M4,20.73865127563477
2026-09-16 13:00:00,300,M0,22.29445457458496
2026-09-16 13:00:00,300,M4,21.62496757507324
2026-09-16 13:00:00,330,M0,22.902856826782227
2026-09-16 13:00:00,330,M4,22.509096145629883
2026-09-16 13:00:00,360,M0,23.66539192199707
2026-09-16 13:00:00,360,M4,23.493120193481445
2026-09-16 15:10:00,30,M0,11.857319831848145
2026-09-16 15:10:00,30,M4,9.416340827941896
2026-09-16 15:10:00,60,M0,15.370139122009276
2026-09-16 15:10:00,60,M4,12.109349250793455
2026-09-16 15:10:00,90,M0,17.603742599487305
2026-09-16 15:10:00,90,M4,14.366860389709473
2026-09-16 15:10:00,120,M0,19.2107162475586
2026-09-16 15:10:00,120,M4,15.961336135864258
2026-09-16 15:10:00,150,M0,20.18511962890625
2026-09-16 15:10:00,150,M4,17.182331085205078
2026-09-16 15:10:00,180,M0,20.95277976989746
2026-09-16 15:10:00,180,M4,18.18941307067871
2026-09-16 15:10:00,210,M0,21.64219284057617
2026-09-16 15:10:00,210,M4,19.20999336242676
2026-09-16 15:10:00,240,M0,22.365516662597656
2026-09-16 15:10:00,240,M4,20.17124366760254
2026-09-16 15:10:00,270,M0,22.944316864013672
2026-09-16 15:10:00,270,M4,21.08978271484375
2026-09-16 15:10:00,300,M0,23.733373641967773
2026-09-16 15:10:00,300,M4,22.292705535888672
2026-09-16 15:10:00,330,M0,23.923402786254883
2026-09-16 15:10:00,330,M4,23.351093292236328
2026-09-16 15:10:00,360,M0,24.6667709350586
2026-09-16 15:10:00,360,M4,24.16899681091309
2026-09-16 17:00:00,30,M0,11.218010902404783
2026-09-16 17:00:00,30,M4,9.41064739227295
2026-09-16 17:00:00,60,M0,14.414345741271973
2026-09-16 17:00:00,60,M4,12.229891777038574
2026-09-16 17:00:00,90,M0,16.350008010864258
2026-09-16 17:00:00,90,M4,14.178990364074709
2026-09-16 17:00:00,120,M0,17.838321685791016
2026-09-16 17:00:00,120,M4,15.744336128234863
2026-09-16 17:00:00,150,M0,19.049711227416992
2026-09-16 17:00:00,150,M4,16.678377151489258
2026-09-16 17:00:00,180,M0,20.16025733947754
2026-09-16 17:00:00,180,M4,17.626022338867188
2026-09-16 17:00:00,210,M0,21.014089584350582
2026-09-16 17:00:00,210,M4,18.78147315979004
2026-09-16 17:00:00,240,M0,21.83864402770996
2026-09-16 17:00:00,240,M4,19.81618881225586
2026-09-16 17:00:00,270,M0,23.162805557250977
2026-09-16 17:00:00,270,M4,20.77134323120117
2026-09-16 17:00:00,300,M0,24.168598175048828
2026-09-16 17:00:00,300,M4,20.97150039672852
2026-09-16 17:00:00,330,M0,24.620681762695312
2026-09-16 17:00:00,330,M4,21.753108978271484
2026-09-16 17:00:00,360,M0,26.24771308898925
2026-09-16 17:00:00,360,M4,23.28125762939453
2026-09-16 18:00:00,30,M0,11.286603927612305
2026-09-16 18:00:00,30,M4,9.283041000366213
2026-09-16 18:00:00,60,M0,14.634443283081056
2026-09-16 18:00:00,60,M4,12.24859619140625
2026-09-16 18:00:00,90,M0,16.574007034301758
2026-09-16 18:00:00,90,M4,13.973869323730469
2026-09-16 18:00:00,120,M0,17.9581298828125
2026-09-16 18:00:00,120,M4,15.294203758239746
2026-09-16 18:00:00,150,M0,19.134016036987305
2026-09-16 18:00:00,150,M4,16.44618797302246
2026-09-16 18:00:00,180,M0,20.516332626342773
2026-09-16 18:00:00,180,M4,17.56990623474121
2026-09-16 18:00:00,210,M0,22.236093521118164
2026-09-16 18:00:00,210,M4,18.554101943969727
2026-09-16 18:00:00,240,M0,23.0751895904541
2026-09-16 18:00:00,240,M4,18.83056259155273
2026-09-16 18:00:00,270,M0,23.78487968444824
2026-09-16 18:00:00,270,M4,19.67811584472656
2026-09-16 18:00:00,300,M0,25.26105690002441
2026-09-16 18:00:00,300,M4,21.0839958190918
2026-09-16 18:00:00,330,M0,25.614606857299805
2026-09-16 18:00:00,330,M4,21.60938835144043
2026-09-16 18:00:00,360,M0,25.433881759643555
2026-09-16 18:00:00,360,M4,21.864999771118164
2026-09-16 20:00:00,30,M0,11.820585250854492
2026-09-16 20:00:00,30,M4,9.434853553771973
2026-09-16 20:00:00,60,M0,14.940475463867188
2026-09-16 20:00:00,60,M4,12.40110969543457
2026-09-16 20:00:00,90,M0,17.675735473632812
2026-09-16 20:00:00,90,M4,14.71329402923584
2026-09-16 20:00:00,120,M0,19.226436614990234
2026-09-16 20:00:00,120,M4,16.174575805664062
2026-09-16 20:00:00,150,M0,20.81138801574707
2026-09-16 20:00:00,150,M4,17.675174713134766
2026-09-16 20:00:00,180,M0,22.39727210998535
2026-09-16 20:00:00,180,M4,19.17917823791504
2026-09-16 20:00:00,210,M0,23.05780792236328
2026-09-16 20:00:00,210,M4,19.607067108154297
2026-09-16 20:00:00,240,M0,23.31847381591797
2026-09-16 20:00:00,240,M4,19.851118087768555
2026-09-16 20:00:00,270,M0,23.79481506347656
2026-09-16 20:00:00,270,M4,20.07402610778809
2026-09-16 20:00:00,300,M0,24.596439361572266
2026-09-16 20:00:00,300,M4,20.598447799682617
2026-09-16 20:00:00,330,M0,24.703155517578125
2026-09-16 20:00:00,330,M4,21.33097076416016
2026-09-16 20:00:00,360,M0,25.215845108032227
2026-09-16 20:00:00,360,M4,21.75490951538086
2026-09-16 21:00:00,30,M0,13.12476634979248
2026-09-16 21:00:00,30,M4,10.960319519042969
2026-09-16 21:00:00,60,M0,16.633089065551758
2026-09-16 21:00:00,60,M4,13.528703689575195
2026-09-16 21:00:00,90,M0,19.0472469329834
2026-09-16 21:00:00,90,M4,15.71823787689209
2026-09-16 21:00:00,120,M0,20.881511688232425
2026-09-16 21:00:00,120,M4,17.654708862304688
2026-09-16 21:00:00,150,M0,21.719602584838867
2026-09-16 21:00:00,150,M4,18.517263412475582
2026-09-16 21:00:00,180,M0,22.16048812866211
2026-09-16 21:00:00,180,M4,19.137359619140625
2026-09-16 21:00:00,210,M0,22.574604034423828
2026-09-16 21:00:00,210,M4,19.62981605529785
2026-09-16 21:00:00,240,M0,23.53498268127441
2026-09-16 21:00:00,240,M4,20.28178977966309
2026-09-16 21:00:00,270,M0,24.00961685180664
2026-09-16 21:00:00,270,M4,21.11479759216309
2026-09-16 21:00:00,300,M0,24.55508613586425
2026-09-16 21:00:00,300,M4,21.55619239807129
2026-09-16 21:00:00,330,M0,25.27678108215332
2026-09-16 21:00:00,330,M4,22.065473556518555
2026-09-16 21:00:00,360,M0,26.02126884460449
2026-09-16 21:00:00,360,M4,22.504291534423828
2026-09-16 22:00:00,30,M0,14.04565143585205
2026-09-16 22:00:00,30,M4,13.52825164794922
2026-09-16 22:00:00,60,M0,17.335838317871094
2026-09-16 22:00:00,60,M4,15.476365089416504
2026-09-16 22:00:00,90,M0,18.88359260559082
2026-09-16 22:00:00,90,M4,16.432079315185547
2026-09-16 22:00:00,120,M0,20.139806747436523
2026-09-16 22:00:00,120,M4,17.351276397705078
2026-09-16 22:00:00,150,M0,21.03502655029297
2026-09-16 22:00:00,150,M4,18.21802520751953
2026-09-16 22:00:00,180,M0,22.308609008789062
2026-09-16 22:00:00,180,M4,19.135772705078125
2026-09-16 22:00:00,210,M0,23.18612098693848
2026-09-16 22:00:00,210,M4,20.11039352416992
2026-09-16 22:00:00,240,M0,24.054197311401367
2026-09-16 22:00:00,240,M4,20.516826629638672
2026-09-16 22:00:00,270,M0,24.73554039001465
2026-09-16 22:00:00,270,M4,21.268930435180664
2026-09-16 22:00:00,300,M0,25.43895721435547
2026-09-16 22:00:00,300,M4,22.367231369018555
2026-09-16 22:00:00,330,M0,26.231002807617188
2026-09-16 22:00:00,330,M4,23.437862396240234
2026-09-16 22:00:00,360,M0,26.97966384887696
2026-09-16 22:00:00,360,M4,24.099891662597656
2026-09-17 01:00:00,30,M0,12.09230136871338
2026-09-17 01:00:00,30,M4,9.431377410888672
2026-09-17 01:00:00,60,M0,16.09287452697754
2026-09-17 01:00:00,60,M4,12.206098556518556
2026-09-17 01:00:00,90,M0,18.613964080810547
2026-09-17 01:00:00,90,M4,14.04735279083252
2026-09-17 01:00:00,120,M0,20.27043342590332
2026-09-17 01:00:00,120,M4,15.475296020507812
2026-09-17 01:00:00,150,M0,21.53753089904785
2026-09-17 01:00:00,150,M4,16.711149215698242
2026-09-17 01:00:00,180,M0,22.87043190002441
2026-09-17 01:00:00,180,M4,17.67253303527832
2026-09-17 01:00:00,210,M0,24.48350143432617
2026-09-17 01:00:00,210,M4,18.4765625
2026-09-17 01:00:00,240,M0,25.04793739318848
2026-09-17 01:00:00,240,M4,19.29693031311035
2026-09-17 01:00:00,270,M0,25.757299423217773
2026-09-17 01:00:00,270,M4,19.815427780151367
2026-09-17 01:00:00,330,M0,27.20342254638672
2026-09-17 01:00:00,330,M4,20.687219619750977
2026-09-17 01:00:00,360,M0,27.68238067626953
2026-09-17 01:00:00,360,M4,21.395193099975582
2026-09-17 02:00:00,30,M0,11.998533248901367
2026-09-17 02:00:00,30,M4,9.20103931427002
2026-09-17 02:00:00,60,M0,15.442797660827637
2026-09-17 02:00:00,60,M4,11.998590469360352
2026-09-17 02:00:00,90,M0,17.744787216186523
2026-09-17 02:00:00,90,M4,13.872268676757812
2026-09-17 02:00:00,120,M0,19.673416137695312
2026-09-17 02:00:00,120,M4,15.150883674621582
2026-09-17 02:00:00,150,M0,21.526592254638672
2026-09-17 02:00:00,150,M4,16.22540283203125
2026-09-17 02:00:00,180,M0,22.544321060180664
2026-09-17 02:00:00,180,M4,16.778047561645508
2026-09-17 02:00:00,210,M0,23.63836479187012
2026-09-17 02:00:00,210,M4,17.331266403198242
2026-09-17 02:00:00,270,M0,25.672521591186523
2026-09-17 02:00:00,270,M4,18.362096786499023
2026-09-17 02:00:00,300,M0,26.34573554992676
2026-09-17 02:00:00,300,M4,19.067440032958984
2026-09-17 02:00:00,330,M0,27.22055625915528
2026-09-17 02:00:00,330,M4,19.55699348449707
2026-09-17 02:00:00,360,M0,27.45846939086914
2026-09-17 02:00:00,360,M4,20.1934871673584
2026-09-17 03:00:00,30,M0,12.13121509552002
2026-09-17 03:00:00,30,M4,9.31989288330078
2026-09-17 03:00:00,60,M0,15.80831241607666
2026-09-17 03:00:00,60,M4,12.16010856628418
2026-09-17 03:00:00,90,M0,18.14670181274414
2026-09-17 03:00:00,90,M4,13.94942569732666
2026-09-17 03:00:00,120,M0,19.53520774841309
2026-09-17 03:00:00,120,M4,14.951394081115724
2026-09-17 03:00:00,150,M0,20.95639419555664
2026-09-17 03:00:00,150,M4,15.708500862121582
2026-09-17 03:00:00,210,M0,23.407201766967773
2026-09-17 03:00:00,210,M4,16.998191833496094
2026-09-17 03:00:00,240,M0,24.530176162719727
2026-09-17 03:00:00,240,M4,17.749530792236328
2026-09-17 03:00:00,270,M0,25.66006851196289
2026-09-17 03:00:00,270,M4,18.346195220947266
2026-09-17 03:00:00,300,M0,25.94904136657715
2026-09-17 03:00:00,300,M4,18.784915924072266
2026-09-17 03:00:00,330,M0,25.95281219482422
2026-09-17 03:00:00,330,M4,19.64007377624512
2026-09-17 03:00:00,360,M0,26.334964752197266
2026-09-17 03:00:00,360,M4,20.71567344665528
2026-09-17 04:00:00,30,M0,12.778858184814451
2026-09-17 04:00:00,30,M4,9.7269287109375
2026-09-17 04:00:00,60,M0,15.77087688446045
2026-09-17 04:00:00,60,M4,11.828930854797363
2026-09-17 04:00:00,90,M0,17.876474380493164
2026-09-17 04:00:00,90,M4,13.309412002563477
2026-09-17 04:00:00,150,M0,20.80926513671875
2026-09-17 04:00:00,150,M4,15.01750659942627
2026-09-17 04:00:00,180,M0,22.071022033691406
2026-09-17 04:00:00,180,M4,15.755264282226562
2026-09-17 04:00:00,210,M0,23.408918380737305
2026-09-17 04:00:00,210,M4,16.487062454223633
2026-09-17 04:00:00,240,M0,23.92979431152344
2026-09-17 04:00:00,240,M4,16.99530601501465
2026-09-17 04:00:00,270,M0,24.10157966613769
2026-09-17 04:00:00,270,M4,17.889841079711914
2026-09-17 04:00:00,300,M0,24.42351531982422
2026-09-17 04:00:00,300,M4,18.749067306518555
2026-09-17 04:00:00,330,M0,24.881059646606445
2026-09-17 04:00:00,330,M4,19.82480812072754
2026-09-17 04:00:00,360,M0,25.433692932128903
2026-09-17 04:00:00,360,M4,21.104900360107425
2026-09-17 07:00:00,30,M0,13.119898796081545
2026-09-17 07:00:00,30,M4,9.858044624328612
2026-09-17 07:00:00,60,M0,15.933929443359377
2026-09-17 07:00:00,60,M4,11.9564847946167
2026-09-17 07:00:00,90,M0,17.782087326049805
2026-09-17 07:00:00,90,M4,13.65510082244873
2026-09-17 07:00:00,120,M0,19.025650024414062
2026-09-17 07:00:00,120,M4,15.324023246765137
2026-09-17 07:00:00,150,M0,19.84337615966797
2026-09-17 07:00:00,150,M4,16.096723556518555
2026-09-17 07:00:00,180,M0,20.81249618530273
2026-09-17 07:00:00,180,M4,17.559568405151367
2026-09-17 07:00:00,210,M0,21.51035118103028
2026-09-17 07:00:00,210,M4,18.76631546020508
2026-09-17 07:00:00,240,M0,21.88465118408203
2026-09-17 07:00:00,240,M4,19.49100685119629
2026-09-17 07:00:00,270,M0,22.40522003173828
2026-09-17 07:00:00,270,M4,19.794967651367188
2026-09-17 07:00:00,300,M0,22.963274002075195
2026-09-17 07:00:00,300,M4,20.362642288208008
2026-09-17 07:00:00,330,M0,23.84693145751953
2026-09-17 07:00:00,330,M4,20.703887939453125
2026-09-17 07:00:00,360,M0,24.49942779541016
2026-09-17 07:00:00,360,M4,21.476787567138672
2026-09-17 07:30:00,30,M0,13.026107788085938
2026-09-17 07:30:00,30,M4,9.830604553222656
2026-09-17 07:30:00,60,M0,15.985044479370115
2026-09-17 07:30:00,60,M4,12.438241958618164
2026-09-17 07:30:00,90,M0,17.76070785522461
2026-09-17 07:30:00,90,M4,14.238842010498049
2026-09-17 07:30:00,120,M0,18.85208511352539
2026-09-17 07:30:00,120,M4,15.44742202758789
2026-09-17 07:30:00,150,M0,19.9594955444336
2026-09-17 07:30:00,150,M4,16.897356033325195
2026-09-17 07:30:00,180,M0,21.05586624145508
2026-09-17 07:30:00,180,M4,18.264144897460938
2026-09-17 07:30:00,210,M0,21.626558303833008
2026-09-17 07:30:00,210,M4,19.02865028381348
2026-09-17 07:30:00,240,M0,22.151382446289062
2026-09-17 07:30:00,240,M4,19.37005424499512
2026-09-17 07:30:00,270,M0,22.702083587646484
2026-09-17 07:30:00,270,M4,20.0284366607666
2026-09-17 07:30:00,300,M0,23.488672256469727
2026-09-17 07:30:00,300,M4,20.5149154663086
2026-09-17 07:30:00,330,M0,24.23857688903809
2026-09-17 07:30:00,330,M4,21.385984420776367
2026-09-17 07:30:00,360,M0,24.62346839904785
2026-09-17 07:30:00,360,M4,21.63578224182129
2026-09-17 08:10:00,30,M0,13.358565330505373
2026-09-17 08:10:00,30,M4,10.57320499420166
2026-09-17 08:10:00,60,M0,15.683917045593262
2026-09-17 08:10:00,60,M4,12.662590980529783
2026-09-17 08:10:00,90,M0,17.28115463256836
2026-09-17 08:10:00,90,M4,14.25013542175293
2026-09-17 08:10:00,120,M0,18.72934532165528
2026-09-17 08:10:00,120,M4,15.688819885253906
2026-09-17 08:10:00,150,M0,20.22144889831543
2026-09-17 08:10:00,150,M4,16.68183708190918
2026-09-17 08:10:00,180,M0,20.8863525390625
2026-09-17 08:10:00,180,M4,17.293750762939453
2026-09-17 08:10:00,210,M0,21.7487907409668
2026-09-17 08:10:00,210,M4,18.12532997131348
2026-09-17 08:10:00,240,M0,22.258197784423828
2026-09-17 08:10:00,240,M4,18.70329475402832
2026-09-17 08:10:00,270,M0,22.9211654663086
2026-09-17 08:10:00,270,M4,19.52450561523437
2026-09-17 08:10:00,300,M0,23.662227630615234
2026-09-17 08:10:00,300,M4,20.38579368591309
2026-09-17 08:10:00,330,M0,24.14544105529785
2026-09-17 08:10:00,330,M4,20.907432556152344
2026-09-17 08:10:00,360,M0,24.742395401000977
2026-09-17 08:10:00,360,M4,21.412050247192383
2026-09-17 09:00:00,30,M0,13.642936706542969
2026-09-17 09:00:00,30,M4,11.342985153198242
2026-09-17 09:00:00,60,M0,16.017593383789062
2026-09-17 09:00:00,60,M4,13.04295539855957
2026-09-17 09:00:00,90,M0,17.849864959716797
2026-09-17 09:00:00,90,M4,14.116802215576172
2026-09-17 09:00:00,120,M0,18.80669403076172
2026-09-17 09:00:00,120,M4,14.814419746398926
2026-09-17 09:00:00,150,M0,19.744394302368164
2026-09-17 09:00:00,150,M4,15.730585098266602
2026-09-17 09:00:00,180,M0,20.3847599029541
2026-09-17 09:00:00,180,M4,16.243663787841797
2026-09-17 09:00:00,210,M0,21.31874656677246
2026-09-17 09:00:00,210,M4,17.120882034301758
2026-09-17 09:00:00,240,M0,22.02587127685547
2026-09-17 09:00:00,240,M4,18.001224517822266
2026-09-17 09:00:00,270,M0,22.43175506591797
2026-09-17 09:00:00,270,M4,18.651655197143555
2026-09-17 09:00:00,300,M0,22.87749671936035
2026-09-17 09:00:00,300,M4,19.28543281555176
2026-09-17 09:00:00,330,M0,23.64634132385254
2026-09-17 09:00:00,330,M4,19.89476203918457
2026-09-17 09:00:00,360,M0,24.3817138671875
2026-09-17 09:00:00,360,M4,20.214017868041992
2026-09-17 10:00:00,30,M0,13.056112289428713
2026-09-17 10:00:00,30,M4,10.182671546936035
2026-09-17 10:00:00,60,M0,15.624552726745604
2026-09-17 10:00:00,60,M4,11.902021408081056
2026-09-17 10:00:00,90,M0,17.228260040283203
2026-09-17 10:00:00,90,M4,13.443316459655762
2026-09-17 10:00:00,120,M0,18.41993904113769
2026-09-17 10:00:00,120,M4,14.229362487792969
2026-09-17 10:00:00,150,M0,19.615009307861328
2026-09-17 10:00:00,150,M4,15.32398796081543
2026-09-17 10:00:00,180,M0,20.35982894897461
2026-09-17 10:00:00,180,M4,16.24915885925293
2026-09-17 10:00:00,210,M0,20.905113220214844
2026-09-17 10:00:00,210,M4,16.955617904663086
2026-09-17 10:00:00,240,M0,21.381807327270508
2026-09-17 10:00:00,240,M4,17.52988624572754
2026-09-17 10:00:00,270,M0,22.025768280029297
2026-09-17 10:00:00,270,M4,18.166732788085938
2026-09-17 10:00:00,300,M0,22.826261520385746
2026-09-17 10:00:00,300,M4,18.69751167297364
2026-09-17 10:00:00,330,M0,23.548389434814453
2026-09-17 10:00:00,330,M4,19.09225273132324
2026-09-17 10:00:00,360,M0,23.75992584228516
2026-09-17 10:00:00,360,M4,19.58874893188477
2026-09-17 10:50:00,30,M0,11.739361763000488
2026-09-17 10:50:00,30,M4,9.411978721618652
2026-09-17 10:50:00,60,M0,14.496458053588867
2026-09-17 10:50:00,60,M4,11.710712432861328
2026-09-17 10:50:00,90,M0,16.277406692504883
2026-09-17 10:50:00,90,M4,13.390998840332031
2026-09-17 10:50:00,120,M0,17.19939613342285
2026-09-17 10:50:00,120,M4,14.466812133789062
2026-09-17 10:50:00,150,M0,17.982168197631836
2026-09-17 10:50:00,150,M4,15.312827110290527
2026-09-17 10:50:00,180,M0,18.557830810546875
2026-09-17 10:50:00,180,M4,15.996048927307127
2026-09-17 10:50:00,210,M0,19.35016822814941
2026-09-17 10:50:00,210,M4,16.63929557800293
2026-09-17 10:50:00,240,M0,20.14114761352539
2026-09-17 10:50:00,240,M4,17.385452270507812
2026-09-17 10:50:00,270,M0,20.87443923950196
2026-09-17 10:50:00,270,M4,17.84059715270996
2026-09-17 10:50:00,300,M0,21.88789176940918
2026-09-17 10:50:00,300,M4,18.396705627441406
2026-09-17 10:50:00,330,M0,22.456844329833984
2026-09-17 10:50:00,330,M4,19.044958114624023
2026-09-17 10:50:00,360,M0,23.40325927734375
2026-09-17 10:50:00,360,M4,19.929012298583984
2026-09-17 11:00:00,30,M0,11.353719711303713
2026-09-17 11:00:00,30,M4,8.874690055847168
2026-09-17 11:00:00,60,M0,14.055843353271484
2026-09-17 11:00:00,60,M4,11.177029609680176
2026-09-17 11:00:00,90,M0,15.75788116455078
2026-09-17 11:00:00,90,M4,12.805034637451172
2026-09-17 11:00:00,120,M0,16.72888946533203
2026-09-17 11:00:00,120,M4,13.900970458984377
2026-09-17 11:00:00,150,M0,17.624231338500977
2026-09-17 11:00:00,150,M4,14.693148612976074
2026-09-17 11:00:00,180,M0,18.210845947265625
2026-09-17 11:00:00,180,M4,15.399699211120604
2026-09-17 11:00:00,210,M0,19.02017593383789
2026-09-17 11:00:00,210,M4,16.187875747680664
2026-09-17 11:00:00,240,M0,19.74970245361328
2026-09-17 11:00:00,240,M4,16.90804672241211
2026-09-17 11:00:00,270,M0,20.679637908935547
2026-09-17 11:00:00,270,M4,17.423484802246094
2026-09-17 11:00:00,300,M0,21.20494842529297
2026-09-17 11:00:00,300,M4,17.878082275390625
2026-09-17 11:00:00,330,M0,21.91918182373047
2026-09-17 11:00:00,330,M4,18.50457572937012
2026-09-17 11:00:00,360,M0,23.002256393432617
2026-09-17 11:00:00,360,M4,19.474884033203125
2026-09-17 12:00:00,30,M0,11.116951942443848
2026-09-17 12:00:00,30,M4,8.647261619567871
2026-09-17 12:00:00,60,M0,13.761917114257812
2026-09-17 12:00:00,60,M4,10.822824478149414
2026-09-17 12:00:00,90,M0,15.125092506408691
2026-09-17 12:00:00,90,M4,12.239139556884766
2026-09-17 12:00:00,120,M0,16.188432693481445
2026-09-17 12:00:00,120,M4,13.357673645019531
2026-09-17 12:00:00,150,M0,17.279502868652344
2026-09-17 12:00:00,150,M4,14.35728645324707
2026-09-17 12:00:00,180,M0,18.24502182006836
2026-09-17 12:00:00,180,M4,15.180903434753418
2026-09-17 12:00:00,210,M0,19.070350646972656
2026-09-17 12:00:00,210,M4,15.886041641235352
2026-09-17 12:00:00,240,M0,19.71307373046875
2026-09-17 12:00:00,240,M4,16.353830337524414
2026-09-17 12:00:00,270,M0,20.461870193481445
2026-09-17 12:00:00,270,M4,17.076154708862305
2026-09-17 12:00:00,300,M0,21.588586807250977
2026-09-17 12:00:00,300,M4,17.882308959960938
2026-09-17 12:00:00,330,M0,22.25041007995605
2026-09-17 12:00:00,330,M4,18.638872146606445
2026-09-17 12:00:00,360,M0,22.59783744812012
2026-09-17 12:00:00,360,M4,19.30512237548828
2026-09-17 13:00:00,30,M0,10.57874584197998
2026-09-17 13:00:00,30,M4,8.229907035827637
2026-09-17 13:00:00,60,M0,13.177937507629396
2026-09-17 13:00:00,60,M4,10.538861274719238
2026-09-17 13:00:00,90,M0,14.592466354370115
2026-09-17 13:00:00,90,M4,12.11058235168457
2026-09-17 13:00:00,120,M0,15.998394012451172
2026-09-17 13:00:00,120,M4,13.26132583618164
2026-09-17 13:00:00,150,M0,17.234479904174805
2026-09-17 13:00:00,150,M4,14.260293960571287
2026-09-17 13:00:00,180,M0,18.034887313842773
2026-09-17 13:00:00,180,M4,15.066718101501465
2026-09-17 13:00:00,210,M0,18.93400955200196
2026-09-17 13:00:00,210,M4,16.110292434692383
2026-09-17 13:00:00,240,M0,20.1943588256836
2026-09-17 13:00:00,240,M4,17.11731719970703
2026-09-17 13:00:00,270,M0,20.85734367370605
2026-09-17 13:00:00,270,M4,17.99461555480957
2026-09-17 13:00:00,300,M0,21.07908058166504
2026-09-17 13:00:00,300,M4,18.71127700805664
2026-09-17 13:00:00,330,M0,21.734167098999023
2026-09-17 13:00:00,330,M4,19.53262710571289
2026-09-17 13:00:00,360,M0,21.918163299560547
2026-09-17 13:00:00,360,M4,20.20465850830078
2026-09-17 14:00:00,30,M0,10.722126960754396
2026-09-17 14:00:00,30,M4,8.328164100646973
2026-09-17 14:00:00,60,M0,13.559807777404783
2026-09-17 14:00:00,60,M4,10.812609672546388
2026-09-17 14:00:00,90,M0,15.227182388305664
2026-09-17 14:00:00,90,M4,12.384071350097656
2026-09-17 14:00:00,120,M0,16.577146530151367
2026-09-17 14:00:00,120,M4,13.662860870361328
2026-09-17 14:00:00,150,M0,17.73202896118164
2026-09-17 14:00:00,150,M4,14.788986206054688
2026-09-17 14:00:00,180,M0,19.133893966674805
2026-09-17 14:00:00,180,M4,16.03699493408203
2026-09-17 14:00:00,210,M0,19.918514251708984
2026-09-17 14:00:00,210,M4,17.09969139099121
2026-09-17 14:00:00,240,M0,20.30703926086425
2026-09-17 14:00:00,240,M4,17.960153579711914
2026-09-17 14:00:00,270,M0,20.859071731567383
2026-09-17 14:00:00,270,M4,18.88016128540039
2026-09-17 14:00:00,300,M0,21.20579719543457
2026-09-17 14:00:00,300,M4,19.533784866333008
2026-09-17 14:00:00,330,M0,21.81874656677246
2026-09-17 14:00:00,330,M4,20.303943634033203
2026-09-17 14:00:00,360,M0,22.454435348510746
2026-09-17 14:00:00,360,M4,20.95145606994629
2026-09-17 18:00:00,30,M0,9.480270385742188
2026-09-17 18:00:00,30,M4,7.598913669586182
2026-09-17 18:00:00,60,M0,12.047030448913574
2026-09-17 18:00:00,60,M4,10.144783020019531
2026-09-17 18:00:00,90,M0,13.43075180053711
2026-09-17 18:00:00,90,M4,11.96627426147461
2026-09-17 18:00:00,120,M0,14.849653244018556
2026-09-17 18:00:00,120,M4,13.613733291625977
2026-09-17 18:00:00,150,M0,16.043933868408203
2026-09-17 18:00:00,150,M4,15.120231628417969
2026-09-17 18:00:00,180,M0,17.530057907104492
2026-09-17 18:00:00,180,M4,16.6480770111084
2026-09-17 18:00:00,210,M0,18.999719619750977
2026-09-17 18:00:00,210,M4,17.79784393310547
2026-09-17 18:00:00,240,M0,20.319833755493164
2026-09-17 18:00:00,240,M4,19.019350051879883
2026-09-17 18:00:00,270,M0,21.05032157897949
2026-09-17 18:00:00,270,M4,20.26178550720215
2026-09-17 18:00:00,300,M0,23.32568359375
2026-09-17 18:00:00,300,M4,21.60557746887207
2026-09-17 18:00:00,330,M0,23.39628219604492
2026-09-17 18:00:00,330,M4,21.61359596252441
2026-09-17 18:00:00,360,M0,23.977941513061523
2026-09-17 18:00:00,360,M4,22.164411544799805
2026-09-17 19:00:00,30,M0,9.571582794189451
2026-09-17 19:00:00,30,M4,7.703450679779053
2026-09-17 19:00:00,60,M0,12.338202476501465
2026-09-17 19:00:00,60,M4,10.174691200256348
2026-09-17 19:00:00,90,M0,14.294734954833984
2026-09-17 19:00:00,90,M4,12.06661605834961
2026-09-17 19:00:00,120,M0,16.252450942993164
2026-09-17 19:00:00,120,M4,13.860815048217772
2026-09-17 19:00:00,150,M0,18.133106231689453
2026-09-17 19:00:00,150,M4,15.58335781097412
2026-09-17 19:00:00,180,M0,19.34626007080078
2026-09-17 19:00:00,180,M4,16.891023635864258
2026-09-17 19:00:00,210,M0,20.46770668029785
2026-09-17 19:00:00,210,M4,18.75449562072754
2026-09-17 19:00:00,240,M0,22.48828125
2026-09-17 19:00:00,240,M4,20.45882797241211
2026-09-17 19:00:00,270,M0,22.64080047607422
2026-09-17 19:00:00,270,M4,20.75051689147949
2026-09-17 19:00:00,300,M0,23.44262313842773
2026-09-17 19:00:00,300,M4,21.48976325988769
2026-09-17 19:00:00,330,M0,23.565303802490234
2026-09-17 19:00:00,330,M4,21.645225524902344
2026-09-17 19:00:00,360,M0,24.058757781982425
2026-09-17 19:00:00,360,M4,22.23878288269043
2026-09-17 20:00:00,30,M0,9.542522430419922
2026-09-17 20:00:00,30,M4,7.849979400634766
2026-09-17 20:00:00,60,M0,12.740548133850098
2026-09-17 20:00:00,60,M4,10.84451389312744
2026-09-17 20:00:00,90,M0,15.818572998046877
2026-09-17 20:00:00,90,M4,13.371192932128906
2026-09-17 20:00:00,120,M0,17.678518295288086
2026-09-17 20:00:00,120,M4,15.104881286621094
2026-09-17 20:00:00,150,M0,18.96114158630371
2026-09-17 20:00:00,150,M4,16.86776351928711
2026-09-17 20:00:00,180,M0,20.96876335144043
2026-09-17 20:00:00,180,M4,18.344661712646484
2026-09-17 20:00:00,210,M0,21.4757137298584
2026-09-17 20:00:00,210,M4,18.5964412689209
2026-09-17 20:00:00,240,M0,22.345882415771484
2026-09-17 20:00:00,240,M4,19.44072151184082
2026-09-17 20:00:00,270,M0,22.850473403930664
2026-09-17 20:00:00,270,M4,19.752662658691406
2026-09-17 20:00:00,300,M0,23.628780364990234
2026-09-17 20:00:00,300,M4,20.373931884765625
2026-09-17 20:00:00,330,M0,23.618728637695312
2026-09-17 20:00:00,330,M4,20.60053443908692
2026-09-17 20:00:00,360,M0,24.139249801635746
2026-09-17 20:00:00,360,M4,20.96845436096192
2026-09-17 21:00:00,30,M0,11.25390911102295
2026-09-17 21:00:00,30,M4,9.789654731750488
2026-09-17 21:00:00,60,M0,15.061972618103027
2026-09-17 21:00:00,60,M4,12.82453727722168
2026-09-17 21:00:00,90,M0,17.070743560791016
2026-09-17 21:00:00,90,M4,14.973074913024902
2026-09-17 21:00:00,120,M0,18.931394577026367
2026-09-17 21:00:00,120,M4,16.394620895385742
2026-09-17 21:00:00,150,M0,19.524736404418945
2026-09-17 21:00:00,150,M4,17.104061126708984
2026-09-17 21:00:00,180,M0,20.52735137939453
2026-09-17 21:00:00,180,M4,18.22497940063477
2026-09-17 21:00:00,210,M0,21.20111846923828
2026-09-17 21:00:00,210,M4,18.842693328857425
2026-09-17 21:00:00,240,M0,22.29541015625
2026-09-17 21:00:00,240,M4,19.699182510375977
2026-09-17 21:00:00,270,M0,22.672910690307617
2026-09-17 21:00:00,270,M4,20.28846740722656
2026-09-17 21:00:00,300,M0,23.537841796875
2026-09-17 21:00:00,300,M4,20.91325759887696
2026-09-17 21:00:00,330,M0,23.953500747680664
2026-09-17 21:00:00,330,M4,21.517492294311523
2026-09-17 21:00:00,360,M0,24.592592239379883
2026-09-17 21:00:00,360,M4,21.96560478210449
2026-09-17 22:00:00,30,M0,12.236700057983398
2026-09-17 22:00:00,30,M4,11.390493392944336
2026-09-17 22:00:00,60,M0,15.706659317016602
2026-09-17 22:00:00,60,M4,13.85657787322998
2026-09-17 22:00:00,90,M0,17.153152465820312
2026-09-17 22:00:00,90,M4,14.746940612792969
2026-09-17 22:00:00,120,M0,18.335044860839844
2026-09-17 22:00:00,120,M4,15.950162887573242
2026-09-17 22:00:00,150,M0,19.62463760375977
2026-09-17 22:00:00,150,M4,16.725826263427734
2026-09-17 22:00:00,180,M0,20.88452339172364
2026-09-17 22:00:00,180,M4,17.929073333740234
2026-09-17 22:00:00,210,M0,21.817346572875977
2026-09-17 22:00:00,210,M4,18.818017959594727
2026-09-17 22:00:00,240,M0,23.006681442260746
2026-09-17 22:00:00,240,M4,19.66304588317871
2026-09-17 22:00:00,270,M0,23.784385681152344
2026-09-17 22:00:00,270,M4,20.392967224121094
2026-09-17 22:00:00,300,M0,24.591535568237305
2026-09-17 22:00:00,300,M4,21.045419692993164
2026-09-17 22:00:00,330,M0,25.164390563964844
2026-09-17 22:00:00,330,M4,21.57783889770508
2026-09-17 22:00:00,360,M0,25.88740921020508
2026-09-17 22:00:00,360,M4,22.406963348388672
2026-09-18 00:00:00,30,M0,10.98592758178711
2026-09-18 00:00:00,30,M4,9.21914005279541
2026-09-18 00:00:00,60,M0,14.19637393951416
2026-09-18 00:00:00,60,M4,11.413215637207031
2026-09-18 00:00:00,90,M0,16.298547744750977
2026-09-18 00:00:00,90,M4,13.367572784423828
2026-09-18 00:00:00,120,M0,18.15969657897949
2026-09-18 00:00:00,120,M4,15.180622100830078
2026-09-18 00:00:00,150,M0,19.48383140563965
2026-09-18 00:00:00,150,M4,16.812744140625
2026-09-18 00:00:00,180,M0,20.783843994140625
2026-09-18 00:00:00,180,M4,18.188037872314453
2026-09-18 00:00:00,210,M0,22.035099029541016
2026-09-18 00:00:00,210,M4,19.44599723815918
2026-09-18 00:00:00,240,M0,23.081348419189453
2026-09-18 00:00:00,240,M4,20.46486473083496
2026-09-18 00:00:00,270,M0,24.1782169342041
2026-09-18 00:00:00,270,M4,20.818878173828125
2026-09-18 00:00:00,300,M0,25.130203247070312
2026-09-18 00:00:00,300,M4,21.038434982299805
2026-09-18 00:00:00,330,M0,25.88639068603516
2026-09-18 00:00:00,330,M4,21.219051361083984
2026-09-18 05:00:00,30,M0,11.049917221069336
2026-09-18 05:00:00,30,M4,8.689716339111328
2026-09-18 05:00:00,90,M0,15.32275104522705
2026-09-18 05:00:00,90,M4,12.436029434204102
2026-09-18 05:00:00,120,M0,16.704660415649414
2026-09-18 05:00:00,120,M4,13.95268726348877
2026-09-18 05:00:00,150,M0,18.174776077270508
2026-09-18 05:00:00,150,M4,15.38244915008545
2026-09-18 05:00:00,180,M0,19.714767456054688
2026-09-18 05:00:00,180,M4,16.951066970825195
2026-09-18 05:00:00,210,M0,21.397136688232425
2026-09-18 05:00:00,210,M4,18.49755477905273
2026-09-18 05:00:00,240,M0,22.73312187194824
2026-09-18 05:00:00,240,M4,20.173784255981445
2026-09-18 05:00:00,270,M0,26.323034286499023
2026-09-18 05:00:00,270,M4,21.918785095214844
2026-09-18 05:00:00,300,M0,26.64168930053711
2026-09-18 05:00:00,300,M4,22.657678604125977
2026-09-18 05:00:00,330,M0,28.15435028076172
2026-09-18 05:00:00,330,M4,23.453264236450195
2026-09-18 05:00:00,360,M0,29.468873977661133
2026-09-18 05:00:00,360,M4,24.903697967529297
2026-09-18 07:00:00,30,M0,11.129536628723145
2026-09-18 07:00:00,30,M4,8.805586814880371
2026-09-18 07:00:00,60,M0,14.465042114257812
2026-09-18 07:00:00,60,M4,11.626676559448242
2026-09-18 07:00:00,90,M0,16.938701629638672
2026-09-18 07:00:00,90,M4,13.77686882019043
2026-09-18 07:00:00,120,M0,18.934194564819336
2026-09-18 07:00:00,120,M4,15.913301467895508
2026-09-18 07:00:00,150,M0,22.52665138244629
2026-09-18 07:00:00,150,M4,18.130332946777344
2026-09-18 07:00:00,180,M0,23.236064910888672
2026-09-18 07:00:00,180,M4,18.96065139770508
2026-09-18 07:00:00,210,M0,25.425106048583984
2026-09-18 07:00:00,210,M4,20.24342536926269
2026-09-18 07:00:00,240,M0,27.358787536621094
2026-09-18 07:00:00,240,M4,21.79361724853516
2026-09-18 07:00:00,270,M0,28.77076530456543
2026-09-18 07:00:00,270,M4,22.817665100097656
2026-09-18 07:00:00,300,M0,29.911352157592773
2026-09-18 07:00:00,300,M4,23.620615005493164
2026-09-18 07:00:00,330,M0,31.01189613342285
2026-09-18 07:00:00,330,M4,24.535306930541992
2026-09-18 07:00:00,360,M0,32.06756591796875
2026-09-18 07:00:00,360,M4,25.19585609436035
2026-09-18 08:10:00,30,M0,11.95572566986084
2026-09-18 08:10:00,30,M4,9.809126853942873
2026-09-18 08:10:00,60,M0,14.95665454864502
2026-09-18 08:10:00,60,M4,12.847448348999023
2026-09-18 08:10:00,90,M0,19.659198760986328
2026-09-18 08:10:00,90,M4,16.684404373168945
2026-09-18 08:10:00,120,M0,21.34440994262696
2026-09-18 08:10:00,120,M4,17.917072296142578
2026-09-18 08:10:00,150,M0,23.1534366607666
2026-09-18 08:10:00,150,M4,19.29497337341309
2026-09-18 08:10:00,180,M0,25.01652908325196
2026-09-18 08:10:00,180,M4,21.03747940063477
2026-09-18 08:10:00,210,M0,26.414213180541992
2026-09-18 08:10:00,210,M4,22.08477210998535
2026-09-18 08:10:00,240,M0,27.828584671020508
2026-09-18 08:10:00,240,M4,22.942014694213867
2026-09-18 08:10:00,270,M0,29.017940521240234
2026-09-18 08:10:00,270,M4,23.666410446166992
2026-09-18 08:10:00,300,M0,30.23701477050781
2026-09-18 08:10:00,300,M4,24.200489044189453
2026-09-18 08:10:00,330,M0,31.34227180480957
2026-09-18 08:10:00,330,M4,24.921669006347656
2026-09-18 08:10:00,360,M0,32.81463623046875
2026-09-18 08:10:00,360,M4,25.861936569213867
2026-09-18 09:00:00,30,M0,13.909462928771973
2026-09-18 09:00:00,30,M4,11.853118896484377
2026-09-18 09:00:00,60,M0,16.793615341186523
2026-09-18 09:00:00,60,M4,13.887018203735352
2026-09-18 09:00:00,90,M0,19.544755935668945
2026-09-18 09:00:00,90,M4,15.81875705718994
2026-09-18 09:00:00,120,M0,22.021915435791016
2026-09-18 09:00:00,120,M4,17.979820251464844
2026-09-18 09:00:00,150,M0,23.8619327545166
2026-09-18 09:00:00,150,M4,19.4770736694336
2026-09-18 09:00:00,180,M0,25.25201988220215
2026-09-18 09:00:00,180,M4,20.955366134643555
2026-09-18 09:00:00,210,M0,26.32693862915039
2026-09-18 09:00:00,210,M4,22.418800354003903
2026-09-18 09:00:00,240,M0,27.602088928222656
2026-09-18 09:00:00,240,M4,23.3615779876709
2026-09-18 09:00:00,270,M0,28.730058670043945
2026-09-18 09:00:00,270,M4,23.91153907775879
2026-09-18 09:00:00,300,M0,30.17232894897461
2026-09-18 09:00:00,300,M4,24.793928146362305
2026-09-18 09:00:00,330,M0,31.614595413208008
2026-09-18 09:00:00,330,M4,25.60654258728028
2026-09-18 09:00:00,360,M0,32.795928955078125
2026-09-18 09:00:00,360,M4,26.38309669494629
2026-09-18 10:20:00,30,M0,11.544737815856934
2026-09-18 10:20:00,30,M4,9.2750244140625
2026-09-18 10:20:00,60,M0,15.714788436889648
2026-09-18 10:20:00,60,M4,12.780137062072754
2026-09-18 10:20:00,90,M0,18.269433975219727
2026-09-18 10:20:00,90,M4,15.077624320983888
2026-09-18 10:20:00,120,M0,20.48328971862793
2026-09-18 10:20:00,120,M4,17.245189666748047
2026-09-18 10:20:00,150,M0,22.21661949157715
2026-09-18 10:20:00,150,M4,18.55273628234864
2026-09-18 10:20:00,180,M0,23.665298461914062
2026-09-18 10:20:00,180,M4,19.50113296508789
2026-09-18 10:20:00,210,M0,25.02137756347656
2026-09-18 10:20:00,210,M4,20.447370529174805
2026-09-18 10:20:00,240,M0,26.839717864990234
2026-09-18 10:20:00,240,M4,21.75791549682617
2026-09-18 10:20:00,270,M0,28.19365692138672
2026-09-18 10:20:00,270,M4,22.83765411376953
2026-09-18 10:20:00,300,M0,29.56478500366211
2026-09-18 10:20:00,300,M4,23.91983795166016
2026-09-18 10:20:00,330,M0,30.590478897094727
2026-09-18 10:20:00,330,M4,25.01795768737793
2026-09-18 10:20:00,360,M0,31.80208969116211
2026-09-18 10:20:00,360,M4,26.03341293334961
2026-09-18 11:00:00,30,M0,11.502081871032717
2026-09-18 11:00:00,30,M4,9.821770668029783
2026-09-18 11:00:00,60,M0,15.262835502624512
2026-09-18 11:00:00,60,M4,12.967101097106934
2026-09-18 11:00:00,90,M0,17.881288528442383
2026-09-18 11:00:00,90,M4,15.409395217895508
2026-09-18 11:00:00,120,M0,19.71500587463379
2026-09-18 11:00:00,120,M4,16.912343978881836
2026-09-18 11:00:00,150,M0,21.507871627807617
2026-09-18 11:00:00,150,M4,18.19795227050781
2026-09-18 11:00:00,180,M0,23.360050201416016
2026-09-18 11:00:00,180,M4,19.645883560180664
2026-09-18 11:00:00,210,M0,25.11858558654785
2026-09-18 11:00:00,210,M4,21.10532188415528
2026-09-18 11:00:00,240,M0,27.00121307373047
2026-09-18 11:00:00,240,M4,22.492122650146484
2026-09-18 11:00:00,270,M0,28.208858489990234
2026-09-18 11:00:00,270,M4,23.44132423400879
2026-09-18 11:00:00,300,M0,29.4730224609375
2026-09-18 11:00:00,300,M4,24.45577621459961
2026-09-18 11:00:00,330,M0,30.256330490112305
2026-09-18 11:00:00,330,M4,25.336952209472656
2026-09-18 11:00:00,360,M0,31.716938018798828
2026-09-18 11:00:00,360,M4,26.11672592163086
2026-09-18 12:00:00,30,M0,11.94145965576172
2026-09-18 12:00:00,30,M4,9.268896102905272
2026-09-18 12:00:00,60,M0,15.43226432800293
2026-09-18 12:00:00,60,M4,11.96766185760498
2026-09-18 12:00:00,90,M0,17.699033737182617
2026-09-18 12:00:00,90,M4,14.117605209350586
2026-09-18 12:00:00,120,M0,20.14021682739257
2026-09-18 12:00:00,120,M4,16.169553756713867
2026-09-18 12:00:00,150,M0,21.93982696533203
2026-09-18 12:00:00,150,M4,18.19085121154785
2026-09-18 12:00:00,180,M0,24.022029876708984
2026-09-18 12:00:00,180,M4,20.113353729248047
2026-09-18 12:00:00,210,M0,25.513086318969727
2026-09-18 12:00:00,210,M4,21.64386749267578
2026-09-18 12:00:00,240,M0,26.919816970825195
2026-09-18 12:00:00,240,M4,23.14552116394043
2026-09-18 12:00:00,270,M0,27.978412628173828
2026-09-18 12:00:00,270,M4,24.490215301513672
2026-09-18 12:00:00,300,M0,29.50931167602539
2026-09-18 12:00:00,300,M4,25.430971145629883
2026-09-18 12:00:00,330,M0,30.02812385559082
2026-09-18 12:00:00,330,M4,26.27330780029297
2026-09-18 12:00:00,360,M0,30.74486923217773
2026-09-18 12:00:00,360,M4,27.01254844665528
2026-09-18 13:00:00,30,M0,11.898649215698242
2026-09-18 13:00:00,30,M4,9.480833053588867
2026-09-18 13:00:00,60,M0,15.671189308166504
2026-09-18 13:00:00,60,M4,12.82650089263916
2026-09-18 13:00:00,90,M0,18.27788352966309
2026-09-18 13:00:00,90,M4,15.41335105895996
2026-09-18 13:00:00,120,M0,20.674863815307617
2026-09-18 13:00:00,120,M4,17.56656265258789
2026-09-18 13:00:00,150,M0,22.274917602539062
2026-09-18 13:00:00,150,M4,19.27325439453125
2026-09-18 13:00:00,180,M0,23.535654067993164
2026-09-18 13:00:00,180,M4,20.4263916015625
2026-09-18 13:00:00,210,M0,24.61404228210449
2026-09-18 13:00:00,210,M4,21.839763641357425
2026-09-18 13:00:00,240,M0,26.602924346923828
2026-09-18 13:00:00,240,M4,22.91757202148437
2026-09-18 13:00:00,270,M0,27.397485733032227
2026-09-18 13:00:00,270,M4,23.8554916381836
2026-09-18 13:00:00,300,M0,28.417932510375977
2026-09-18 13:00:00,300,M4,24.83548355102539
2026-09-18 13:00:00,330,M0,29.41221809387207
2026-09-18 13:00:00,330,M4,25.80420684814453
2026-09-18 13:00:00,360,M0,30.459327697753903
2026-09-18 13:00:00,360,M4,26.54302215576172
2026-09-18 14:00:00,30,M0,12.383853912353516
2026-09-18 14:00:00,30,M4,10.133880615234377
2026-09-18 14:00:00,60,M0,16.447093963623047
2026-09-18 14:00:00,60,M4,13.83176326751709
2026-09-18 14:00:00,90,M0,19.069032669067383
2026-09-18 14:00:00,90,M4,16.484607696533203
2026-09-18 14:00:00,120,M0,20.509981155395508
2026-09-18 14:00:00,120,M4,18.188766479492188
2026-09-18 14:00:00,150,M0,21.884395599365234
2026-09-18 14:00:00,150,M4,19.578161239624023
2026-09-18 14:00:00,180,M0,23.935911178588867
2026-09-18 14:00:00,180,M4,21.536766052246094
2026-09-18 14:00:00,210,M0,24.85810279846192
2026-09-18 14:00:00,210,M4,22.982839584350582
2026-09-18 14:00:00,240,M0,25.86905097961425
2026-09-18 14:00:00,240,M4,24.59105110168457
2026-09-18 14:00:00,270,M0,26.93187141418457
2026-09-18 14:00:00,270,M4,25.71632575988769
2026-09-18 14:00:00,300,M0,28.221710205078125
2026-09-18 14:00:00,300,M4,26.71222686767578
2026-09-18 14:00:00,330,M0,29.44487953186035
2026-09-18 14:00:00,330,M4,27.68328857421875
2026-09-18 14:00:00,360,M0,30.66768455505371
2026-09-18 14:00:00,360,M4,28.293846130371094
2026-09-18 15:00:00,30,M0,12.752677917480469
2026-09-18 15:00:00,30,M4,10.488083839416504
2026-09-18 15:00:00,60,M0,16.993200302124023
2026-09-18 15:00:00,60,M4,14.050764083862305
2026-09-18 15:00:00,90,M0,19.22610664367676
2026-09-18 15:00:00,90,M4,16.33055305480957
2026-09-18 15:00:00,120,M0,22.02915573120117
2026-09-18 15:00:00,120,M4,19.08025932312012
2026-09-18 15:00:00,150,M0,23.02945709228516
2026-09-18 15:00:00,150,M4,20.77201271057129
2026-09-18 15:00:00,180,M0,24.243120193481445
2026-09-18 15:00:00,180,M4,22.26156997680664
2026-09-18 15:00:00,210,M0,25.211071014404297
2026-09-18 15:00:00,210,M4,23.50212860107422
2026-09-18 15:00:00,240,M0,26.61104393005371
2026-09-18 15:00:00,240,M4,24.52421760559082
2026-09-18 15:00:00,270,M0,27.852508544921875
2026-09-18 15:00:00,270,M4,25.3363037109375
2026-09-18 15:00:00,300,M0,28.746532440185547
2026-09-18 15:00:00,300,M4,26.26202392578125
2026-09-18 15:00:00,330,M0,29.531753540039062
2026-09-18 15:00:00,330,M4,26.98013496398925
2026-09-18 15:00:00,360,M0,30.23273658752441
2026-09-18 15:00:00,360,M4,27.60333824157715
2026-09-18 16:00:00,30,M0,13.128605842590332
2026-09-18 16:00:00,30,M4,10.749918937683104
2026-09-18 16:00:00,60,M0,18.443471908569336
2026-09-18 16:00:00,60,M4,15.1654052734375
2026-09-18 16:00:00,90,M0,20.3633041381836
2026-09-18 16:00:00,90,M4,17.342390060424805
2026-09-18 16:00:00,120,M0,22.04583740234375
2026-09-18 16:00:00,120,M4,19.102182388305664
2026-09-18 16:00:00,150,M0,23.296804428100582
2026-09-18 16:00:00,150,M4,20.700544357299805
2026-09-18 16:00:00,180,M0,24.431411743164062
2026-09-18 16:00:00,180,M4,21.906015396118164
2026-09-18 16:00:00,210,M0,25.50792121887207
2026-09-18 16:00:00,210,M4,22.943422317504883
2026-09-18 16:00:00,240,M0,26.78447723388672
2026-09-18 16:00:00,240,M4,24.062469482421875
2026-09-18 16:00:00,270,M0,27.4787654876709
2026-09-18 16:00:00,270,M4,24.88601303100586
2026-09-18 16:00:00,300,M0,28.22164535522461
2026-09-18 16:00:00,300,M4,25.555828094482425
2026-09-18 16:00:00,330,M0,29.416597366333008
2026-09-18 16:00:00,330,M4,25.757970809936523
2026-09-18 16:00:00,360,M0,31.130266189575195
2026-09-18 16:00:00,360,M4,26.17407989501953
2026-09-18 17:00:00,30,M0,13.259279251098633
2026-09-18 17:00:00,30,M4,11.44469165802002
2026-09-18 17:00:00,60,M0,17.37007713317871
2026-09-18 17:00:00,60,M4,14.870619773864746
2026-09-18 17:00:00,90,M0,19.4342098236084
2026-09-18 17:00:00,90,M4,16.92073631286621
2026-09-18 17:00:00,120,M0,21.231353759765625
2026-09-18 17:00:00,120,M4,18.687545776367188
2026-09-18 17:00:00,150,M0,22.44121742248535
2026-09-18 17:00:00,150,M4,20.22541236877441
2026-09-18 17:00:00,180,M0,24.097936630249023
2026-09-18 17:00:00,180,M4,21.832748413085938
2026-09-18 17:00:00,210,M0,25.02146339416504
2026-09-18 17:00:00,210,M4,22.992977142333984
2026-09-18 17:00:00,240,M0,25.800106048583984
2026-09-18 17:00:00,240,M4,24.123401641845703
2026-09-18 17:00:00,270,M0,27.429235458374023
2026-09-18 17:00:00,270,M4,25.012920379638672
2026-09-18 17:00:00,300,M0,28.9349308013916
2026-09-18 17:00:00,300,M4,25.38538360595703
2026-09-18 17:00:00,330,M0,30.267108917236328
2026-09-18 17:00:00,330,M4,26.287994384765625
2026-09-18 17:00:00,360,M0,31.581886291503903
2026-09-18 17:00:00,360,M4,27.293577194213867
2026-09-18 18:00:00,30,M0,13.271587371826172
2026-09-18 18:00:00,30,M4,10.70980453491211
2026-09-18 18:00:00,60,M0,17.047269821166992
2026-09-18 18:00:00,60,M4,14.011153221130373
2026-09-18 18:00:00,90,M0,19.071683883666992
2026-09-18 18:00:00,90,M4,16.4749698638916
2026-09-18 18:00:00,120,M0,20.903926849365234
2026-09-18 18:00:00,120,M4,18.80790901184082
2026-09-18 18:00:00,150,M0,22.36040306091309
2026-09-18 18:00:00,150,M4,20.721582412719727
2026-09-18 18:00:00,180,M0,23.77083969116211
2026-09-18 18:00:00,180,M4,22.241792678833008
2026-09-18 18:00:00,210,M0,25.418731689453125
2026-09-18 18:00:00,210,M4,23.74566078186035
2026-09-18 18:00:00,240,M0,27.15499496459961
2026-09-18 18:00:00,240,M4,24.43272018432617
2026-09-18 18:00:00,270,M0,28.90606117248535
2026-09-18 18:00:00,270,M4,25.600160598754883
2026-09-18 18:00:00,300,M0,30.34788703918457
2026-09-18 18:00:00,300,M4,26.16462135314941
2026-09-18 18:00:00,330,M0,31.265283584594727
2026-09-18 18:00:00,330,M4,26.615943908691406
2026-09-18 18:00:00,360,M0,31.66147232055664
2026-09-18 18:00:00,360,M4,26.66643142700196
2026-09-18 20:00:00,30,M0,13.107391357421877
2026-09-18 20:00:00,30,M4,10.805547714233398
2026-09-18 20:00:00,60,M0,17.135046005249023
2026-09-18 20:00:00,60,M4,14.345392227172852
2026-09-18 20:00:00,90,M0,20.11344718933105
2026-09-18 20:00:00,90,M4,17.204816818237305
2026-09-18 20:00:00,120,M0,22.091856002807617
2026-09-18 20:00:00,120,M4,18.72774887084961
2026-09-18 20:00:00,150,M0,24.21969413757324
2026-09-18 20:00:00,150,M4,20.474609375
2026-09-18 20:00:00,180,M0,26.162696838378903
2026-09-18 20:00:00,180,M4,21.843965530395508
2026-09-18 20:00:00,210,M0,27.57659721374512
2026-09-18 20:00:00,210,M4,23.09149169921875
2026-09-18 20:00:00,240,M0,28.16952133178711
2026-09-18 20:00:00,240,M4,23.62002182006836
2026-09-18 20:00:00,270,M0,29.196081161499023
2026-09-18 20:00:00,270,M4,24.13842010498047
2026-09-18 20:00:00,300,M0,30.438152313232425
2026-09-18 20:00:00,300,M4,24.645193099975582
2026-09-18 20:00:00,330,M0,31.312463760375977
2026-09-18 20:00:00,330,M4,24.902973175048828
2026-09-18 20:00:00,360,M0,31.766849517822266
2026-09-18 20:00:00,360,M4,24.788593292236328
2026-09-18 21:00:00,30,M0,14.314976692199709
2026-09-18 21:00:00,30,M4,12.069697380065918
2026-09-18 21:00:00,60,M0,18.194185256958008
2026-09-18 21:00:00,60,M4,15.298409461975098
2026-09-18 21:00:00,90,M0,21.28451919555664
2026-09-18 21:00:00,90,M4,17.770465850830078
2026-09-18 21:00:00,120,M0,23.31439971923828
2026-09-18 21:00:00,120,M4,19.6775016784668
2026-09-18 21:00:00,150,M0,24.879688262939453
2026-09-18 21:00:00,150,M4,21.03037071228028
2026-09-18 21:00:00,180,M0,26.18989562988281
2026-09-18 21:00:00,180,M4,21.72027587890625
2026-09-18 21:00:00,210,M0,27.33090782165528
2026-09-18 21:00:00,210,M4,22.29144287109375
2026-09-18 21:00:00,240,M0,28.857505798339844
2026-09-18 21:00:00,240,M4,22.88080406188965
2026-09-18 21:00:00,270,M0,29.59357452392578
2026-09-18 21:00:00,270,M4,23.14556121826172
2026-09-18 21:00:00,300,M0,30.28279495239257
2026-09-18 21:00:00,300,M4,23.16927719116211
2026-09-18 21:00:00,330,M0,30.89773368835449
2026-09-18 21:00:00,330,M4,23.1446475982666
2026-09-18 21:00:00,360,M0,31.27799415588379
2026-09-18 21:00:00,360,M4,23.14944648742676
2026-09-19 02:00:00,30,M0,12.412755966186523
2026-09-19 02:00:00,30,M4,10.013928413391112
2026-09-19 02:00:00,60,M0,16.260534286499023
2026-09-19 02:00:00,60,M4,13.171619415283203
2026-09-19 02:00:00,90,M0,18.7683162689209
2026-09-19 02:00:00,90,M4,15.109965324401855
2026-09-19 02:00:00,120,M0,21.10222244262696
2026-09-19 02:00:00,120,M4,16.91182518005371
2026-09-19 02:00:00,150,M0,23.02737617492676
2026-09-19 02:00:00,150,M4,18.69266128540039
2026-09-19 02:00:00,180,M0,24.72309875488281
2026-09-19 02:00:00,180,M4,19.9863395690918
2026-09-19 02:00:00,210,M0,25.75672149658203
2026-09-19 02:00:00,210,M4,20.671953201293945
2026-09-19 02:00:00,270,M0,27.369415283203125
2026-09-19 02:00:00,270,M4,21.36273765563965
2026-09-19 02:00:00,300,M0,28.063072204589844
2026-09-19 02:00:00,300,M4,21.695293426513672
2026-09-19 02:00:00,330,M0,28.709861755371094
2026-09-19 02:00:00,330,M4,22.311506271362305
2026-09-19 02:00:00,360,M0,29.47146415710449
2026-09-19 02:00:00,360,M4,22.76205444335937
2026-09-19 03:00:00,30,M0,12.39479923248291
2026-09-19 03:00:00,30,M4,9.93154239654541
2026-09-19 03:00:00,60,M0,16.632863998413086
2026-09-19 03:00:00,60,M4,13.077398300170898
2026-09-19 03:00:00,90,M0,19.42009735107422
2026-09-19 03:00:00,90,M4,15.199596405029297
2026-09-19 03:00:00,120,M0,21.506227493286133
2026-09-19 03:00:00,120,M4,16.850875854492188
2026-09-19 03:00:00,150,M0,22.910552978515625
2026-09-19 03:00:00,150,M4,17.794588088989258
2026-09-19 03:00:00,210,M0,25.244909286499023
2026-09-19 03:00:00,210,M4,19.512771606445312
2026-09-19 03:00:00,240,M0,26.37859344482422
2026-09-19 03:00:00,240,M4,20.22880172729492
2026-09-19 03:00:00,270,M0,27.58123207092285
2026-09-19 03:00:00,270,M4,21.13193130493164
2026-09-19 03:00:00,300,M0,28.60820198059082
2026-09-19 03:00:00,300,M4,21.7465877532959
2026-09-19 03:00:00,330,M0,29.890045166015625
2026-09-19 03:00:00,330,M4,22.832305908203125
2026-09-19 03:00:00,360,M0,31.09287071228028
2026-09-19 03:00:00,360,M4,23.649438858032227
2026-09-19 04:00:00,30,M0,12.82457160949707
2026-09-19 04:00:00,30,M4,10.0534029006958
2026-09-19 04:00:00,60,M0,16.431209564208984
2026-09-19 04:00:00,60,M4,12.543360710144045
2026-09-19 04:00:00,90,M0,18.72279167175293
2026-09-19 04:00:00,90,M4,13.962087631225586
2026-09-19 04:00:00,150,M0,21.95941162109375
2026-09-19 04:00:00,150,M4,15.98203182220459
2026-09-19 04:00:00,180,M0,23.5179500579834
2026-09-19 04:00:00,180,M4,17.30023193359375
2026-09-19 04:00:00,210,M0,25.113914489746094
2026-09-19 04:00:00,210,M4,18.72284698486328
2026-09-19 04:00:00,240,M0,26.584192276000977
2026-09-19 04:00:00,240,M4,19.60863494873047
2026-09-19 04:00:00,270,M0,28.532760620117188
2026-09-19 04:00:00,270,M4,20.498167037963867
2026-09-19 04:00:00,300,M0,30.03290367126465
2026-09-19 04:00:00,300,M4,21.80150032043457
2026-09-19 04:00:00,330,M0,31.693389892578125
2026-09-19 04:00:00,330,M4,23.33709716796875
2026-09-19 04:00:00,360,M0,32.69211196899414
2026-09-19 04:00:00,360,M4,23.298463821411133
2026-09-19 05:00:00,30,M0,12.196109771728516
2026-09-19 05:00:00,30,M4,9.71275234222412
2026-09-19 05:00:00,90,M0,17.530227661132812
2026-09-19 05:00:00,90,M4,13.45590591430664
2026-09-19 05:00:00,120,M0,19.86745262145996
2026-09-19 05:00:00,120,M4,15.224766731262209
2026-09-19 05:00:00,150,M0,21.980188369750977
2026-09-19 05:00:00,150,M4,17.07737159729004
2026-09-19 05:00:00,180,M0,23.916297912597656
2026-09-19 05:00:00,180,M4,18.31097412109375
2026-09-19 05:00:00,210,M0,26.065147399902344
2026-09-19 05:00:00,210,M4,19.20742416381836
2026-09-19 05:00:00,240,M0,27.879535675048828
2026-09-19 05:00:00,240,M4,20.83666229248047
2026-09-19 05:00:00,270,M0,29.74549102783203
2026-09-19 05:00:00,270,M4,21.196918487548828
2026-09-19 05:00:00,300,M0,30.86394119262696
2026-09-19 05:00:00,300,M4,21.027250289916992
2026-09-19 05:00:00,330,M0,31.19954490661621
2026-09-19 05:00:00,330,M4,21.476232528686523
2026-09-19 05:00:00,360,M0,32.53243637084961
2026-09-19 05:00:00,360,M4,22.39027214050293
2026-09-19 07:00:00,30,M0,12.927550315856934
2026-09-19 07:00:00,30,M4,10.055692672729492
2026-09-19 07:00:00,60,M0,16.840526580810547
2026-09-19 07:00:00,60,M4,12.535958290100098
2026-09-19 07:00:00,90,M0,19.726900100708008
2026-09-19 07:00:00,90,M4,14.345932960510254
2026-09-19 07:00:00,120,M0,22.05070304870605
2026-09-19 07:00:00,120,M4,16.361116409301758
2026-09-19 07:00:00,150,M0,24.91133499145508
2026-09-19 07:00:00,150,M4,17.090042114257812
2026-09-19 07:00:00,180,M0,25.918725967407227
2026-09-19 07:00:00,180,M4,17.052078247070312
2026-09-19 07:00:00,210,M0,27.21273422241211
2026-09-19 07:00:00,210,M4,17.767663955688477
2026-09-19 07:00:00,240,M0,28.690692901611328
2026-09-19 07:00:00,240,M4,18.57781791687012
2026-09-19 07:00:00,270,M0,28.939292907714844
2026-09-19 07:00:00,270,M4,19.12164688110352
2026-09-19 07:00:00,300,M0,29.77631187438965
2026-09-19 07:00:00,300,M4,20.38054847717285
2026-09-19 07:00:00,330,M0,30.40963363647461
2026-09-19 07:00:00,330,M4,21.4886474609375
2026-09-19 07:00:00,360,M0,31.88267707824707
2026-09-19 07:00:00,360,M4,22.85636138916016
2026-09-19 08:00:00,30,M0,14.00873565673828
2026-09-19 08:00:00,30,M4,10.969995498657228
2026-09-19 08:00:00,60,M0,17.257810592651367
2026-09-19 08:00:00,60,M4,13.783417701721191
2026-09-19 08:00:00,90,M0,20.51826477050781
2026-09-19 08:00:00,90,M4,14.738842964172363
2026-09-19 08:00:00,120,M0,22.220779418945312
2026-09-19 08:00:00,120,M4,15.56244945526123
2026-09-19 08:00:00,150,M0,23.52404022216797
2026-09-19 08:00:00,150,M4,16.432369232177734
2026-09-19 08:00:00,180,M0,25.308597564697266
2026-09-19 08:00:00,180,M4,17.377653121948242
2026-09-19 08:00:00,210,M0,25.981592178344727
2026-09-19 08:00:00,210,M4,17.804994583129883
2026-09-19 08:00:00,240,M0,27.112627029418945
2026-09-19 08:00:00,240,M4,18.87921905517578
2026-09-19 08:00:00,270,M0,27.86150550842285
2026-09-19 08:00:00,270,M4,20.021211624145508
2026-09-19 08:00:00,300,M0,29.355398178100582
2026-09-19 08:00:00,300,M4,21.620933532714844
2026-09-19 08:00:00,330,M0,30.461641311645508
2026-09-19 08:00:00,330,M4,23.01618194580078
2026-09-19 08:00:00,360,M0,31.86579322814941
2026-09-19 08:00:00,360,M4,24.16493034362793
2026-09-19 09:00:00,30,M0,15.248592376708984
2026-09-19 09:00:00,30,M4,12.111550331115724
2026-09-19 09:00:00,60,M0,18.380353927612305
2026-09-19 09:00:00,60,M4,13.43517780303955
2026-09-19 09:00:00,90,M0,20.601402282714844
2026-09-19 09:00:00,90,M4,14.855339050292969
2026-09-19 09:00:00,120,M0,22.686429977416992
2026-09-19 09:00:00,120,M4,16.228273391723633
2026-09-19 09:00:00,150,M0,23.89987564086914
2026-09-19 09:00:00,150,M4,17.134679794311523
2026-09-19 09:00:00,180,M0,25.379207611083984
2026-09-19 09:00:00,180,M4,18.376197814941406
2026-09-19 09:00:00,210,M0,26.57474136352539
2026-09-19 09:00:00,210,M4,19.582176208496094
2026-09-19 09:00:00,240,M0,28.25745010375977
2026-09-19 09:00:00,240,M4,21.07563018798828
2026-09-19 09:00:00,270,M0,29.57590675354004
2026-09-19 09:00:00,270,M4,22.4639835357666
2026-09-19 09:00:00,300,M0,30.910350799560547
2026-09-19 09:00:00,300,M4,23.429931640625
2026-09-19 09:00:00,330,M0,31.66142463684082
2026-09-19 09:00:00,330,M4,24.03955078125
2026-09-19 09:00:00,360,M0,32.5634880065918
2026-09-19 09:00:00,360,M4,24.9688720703125
2026-09-19 09:30:00,30,M0,13.09831714630127
2026-09-19 09:30:00,30,M4,10.042442321777344
2026-09-19 09:30:00,60,M0,16.192453384399414
2026-09-19 09:30:00,60,M4,12.12003231048584
2026-09-19 09:30:00,90,M0,18.33266830444336
2026-09-19 09:30:00,90,M4,13.999519348144531
2026-09-19 09:30:00,120,M0,19.59600830078125
2026-09-19 09:30:00,120,M4,15.392637252807615
2026-09-19 09:30:00,150,M0,21.07625389099121
2026-09-19 09:30:00,150,M4,16.62128257751465
2026-09-19 09:30:00,180,M0,22.30867576599121
2026-09-19 09:30:00,180,M4,17.958478927612305
2026-09-19 09:30:00,210,M0,24.1917781829834
2026-09-19 09:30:00,210,M4,19.459209442138672
2026-09-19 09:30:00,240,M0,25.72781181335449
2026-09-19 09:30:00,240,M4,21.12189292907715
2026-09-19 09:30:00,270,M0,27.28218460083008
2026-09-19 09:30:00,270,M4,22.167856216430664
2026-09-19 09:30:00,300,M0,28.018686294555664
2026-09-19 09:30:00,300,M4,23.07271194458008
2026-09-19 09:30:00,330,M0,29.33018112182617
2026-09-19 09:30:00,330,M4,24.32372283935547
2026-09-19 09:30:00,360,M0,29.71717071533203
2026-09-19 09:30:00,360,M4,25.36520004272461
2026-09-19 10:00:00,30,M0,11.79841136932373
2026-09-19 10:00:00,30,M4,9.72301959991455
2026-09-19 10:00:00,60,M0,15.654826164245604
2026-09-19 10:00:00,60,M4,12.529518127441406
2026-09-19 10:00:00,90,M0,17.682598114013672
2026-09-19 10:00:00,90,M4,14.407344818115234
2026-09-19 10:00:00,120,M0,19.568788528442383
2026-09-19 10:00:00,120,M4,15.922160148620604
2026-09-19 10:00:00,150,M0,21.20676612854004
2026-09-19 10:00:00,150,M4,17.270788192749023
2026-09-19 10:00:00,180,M0,22.866455078125
2026-09-19 10:00:00,180,M4,18.637420654296875
2026-09-19 10:00:00,210,M0,24.60932922363281
2026-09-19 10:00:00,210,M4,19.99036026000977
2026-09-19 10:00:00,240,M0,26.33894729614257
2026-09-19 10:00:00,240,M4,21.05892372131348
2026-09-19 10:00:00,270,M0,27.197586059570312
2026-09-19 10:00:00,270,M4,22.26287841796875
2026-09-19 10:00:00,300,M0,28.66423797607422
2026-09-19 10:00:00,300,M4,23.64318084716797
2026-09-19 10:00:00,330,M0,29.22648429870605
2026-09-19 10:00:00,330,M4,24.292760848999023
2026-09-19 10:00:00,360,M0,30.40951538085937
2026-09-19 10:00:00,360,M4,25.026479721069336
2026-09-19 11:00:00,30,M0,12.161169052124023
2026-09-19 11:00:00,30,M4,9.639533042907717
2026-09-19 11:00:00,60,M0,15.724335670471191
2026-09-19 11:00:00,60,M4,12.411571502685549
2026-09-19 11:00:00,90,M0,17.790281295776367
2026-09-19 11:00:00,90,M4,14.413990020751951
2026-09-19 11:00:00,120,M0,19.961105346679688
2026-09-19 11:00:00,120,M4,16.17946434020996
2026-09-19 11:00:00,150,M0,21.98028564453125
2026-09-19 11:00:00,150,M4,17.578523635864258
2026-09-19 11:00:00,180,M0,23.960681915283203
2026-09-19 11:00:00,180,M4,19.02668571472168
2026-09-19 11:00:00,210,M0,24.96516799926757
2026-09-19 11:00:00,210,M4,20.50864028930664
2026-09-19 11:00:00,240,M0,26.28976821899414
2026-09-19 11:00:00,240,M4,22.16122436523437
2026-09-19 11:00:00,270,M0,26.7578067779541
2026-09-19 11:00:00,270,M4,23.223926544189453
2026-09-19 11:00:00,300,M0,28.29313850402832
2026-09-19 11:00:00,300,M4,24.325847625732425
2026-09-19 11:00:00,330,M0,29.56205940246582
2026-09-19 11:00:00,330,M4,25.219202041625977
2026-09-19 11:00:00,360,M0,30.986684799194336
2026-09-19 11:00:00,360,M4,25.96567916870117
2026-09-19 12:00:00,30,M0,11.934125900268556
2026-09-19 12:00:00,30,M4,9.37496566772461
2026-09-19 12:00:00,60,M0,15.584407806396484
2026-09-19 12:00:00,60,M4,12.421101570129396
2026-09-19 12:00:00,90,M0,17.707534790039062
2026-09-19 12:00:00,90,M4,14.574884414672852
2026-09-19 12:00:00,120,M0,20.39069938659668
2026-09-19 12:00:00,120,M4,16.779081344604492
2026-09-19 12:00:00,150,M0,21.728614807128903
2026-09-19 12:00:00,150,M4,18.85553359985352
2026-09-19 12:00:00,180,M0,23.320987701416016
2026-09-19 12:00:00,180,M4,21.07851791381836
2026-09-19 12:00:00,210,M0,24.208385467529297
2026-09-19 12:00:00,210,M4,22.68458747863769
2026-09-19 12:00:00,240,M0,25.801071166992188
2026-09-19 12:00:00,240,M4,24.480432510375977
2026-09-19 12:00:00,270,M0,26.998533248901367
2026-09-19 12:00:00,270,M4,25.46982192993164
2026-09-19 12:00:00,300,M0,28.697309494018555
2026-09-19 12:00:00,300,M4,26.28531646728516
2026-09-19 12:00:00,330,M0,29.79043197631836
2026-09-19 12:00:00,330,M4,26.688207626342773
2026-09-19 12:00:00,360,M0,31.092885971069336
2026-09-19 12:00:00,360,M4,27.589529037475582
2026-09-19 17:00:00,30,M0,13.517792701721191
2026-09-19 17:00:00,30,M4,10.520705223083496
2026-09-19 17:00:00,60,M0,17.70402717590332
2026-09-19 17:00:00,60,M4,13.786591529846191
2026-09-19 17:00:00,90,M0,20.08675193786621
2026-09-19 17:00:00,90,M4,15.922972679138184
2026-09-19 17:00:00,120,M0,22.3178768157959
2026-09-19 17:00:00,120,M4,17.726953506469727
2026-09-19 17:00:00,150,M0,24.19264030456543
2026-09-19 17:00:00,150,M4,19.2160758972168
2026-09-19 17:00:00,180,M0,25.59258270263672
2026-09-19 17:00:00,180,M4,20.3763427734375
2026-09-19 17:00:00,210,M0,26.55030632019043
2026-09-19 17:00:00,210,M4,20.96191596984864
2026-09-19 17:00:00,240,M0,27.659086227416992
2026-09-19 17:00:00,240,M4,21.461837768554688
2026-09-19 17:00:00,270,M0,28.660869598388672
2026-09-19 17:00:00,270,M4,21.880130767822266
2026-09-19 17:00:00,300,M0,29.893558502197266
2026-09-19 17:00:00,300,M4,22.79005622863769
2026-09-19 17:00:00,330,M0,30.58534049987793
2026-09-19 17:00:00,330,M4,23.33895874023437
2026-09-19 17:00:00,360,M0,32.6571159362793
2026-09-19 17:00:00,360,M4,24.097501754760746
2026-09-19 18:00:00,30,M0,12.993885040283203
2026-09-19 18:00:00,30,M4,10.172204971313477
2026-09-19 18:00:00,60,M0,16.945064544677734
2026-09-19 18:00:00,60,M4,13.372366905212402
2026-09-19 18:00:00,90,M0,19.64926719665528
2026-09-19 18:00:00,90,M4,15.496856689453123
2026-09-19 18:00:00,120,M0,21.62742042541504
2026-09-19 18:00:00,120,M4,17.112285614013672
2026-09-19 18:00:00,150,M0,22.974504470825195
2026-09-19 18:00:00,150,M4,18.209135055541992
2026-09-19 18:00:00,180,M0,24.826330184936523
2026-09-19 18:00:00,180,M4,19.274322509765625
2026-09-19 18:00:00,210,M0,26.339773178100582
2026-09-19 18:00:00,210,M4,20.16402053833008
2026-09-19 18:00:00,240,M0,28.0151424407959
2026-09-19 18:00:00,240,M4,21.3803653717041
2026-09-19 18:00:00,270,M0,29.01073265075684
2026-09-19 18:00:00,270,M4,22.3792667388916
2026-09-19 18:00:00,300,M0,31.100547790527344
2026-09-19 18:00:00,300,M4,23.32399559020996
2026-09-19 18:00:00,330,M0,31.81389045715332
2026-09-19 18:00:00,330,M4,23.850133895874023
2026-09-19 18:00:00,360,M0,32.144710540771484
2026-09-19 18:00:00,360,M4,24.195703506469727
2026-09-19 19:00:00,30,M0,12.7266263961792
2026-09-19 19:00:00,30,M4,10.037415504455566
2026-09-19 19:00:00,60,M0,16.7182559967041
2026-09-19 19:00:00,60,M4,13.23586082458496
2026-09-19 19:00:00,90,M0,18.59942626953125
2026-09-19 19:00:00,90,M4,15.148326873779297
2026-09-19 19:00:00,120,M0,21.120624542236328
2026-09-19 19:00:00,120,M4,16.917922973632812
2026-09-19 19:00:00,150,M0,23.1032772064209
2026-09-19 19:00:00,150,M4,17.999553680419922
2026-09-19 19:00:00,180,M0,25.267032623291016
2026-09-19 19:00:00,180,M4,19.61201286315918
2026-09-19 19:00:00,210,M0,26.79478073120117
2026-09-19 19:00:00,210,M4,21.117074966430664
2026-09-19 19:00:00,240,M0,28.98624992370605
2026-09-19 19:00:00,240,M4,21.418886184692383
2026-09-19 19:00:00,270,M0,29.897499084472656
2026-09-19 19:00:00,270,M4,22.00897979736328
2026-09-19 19:00:00,300,M0,30.294063568115234
2026-09-19 19:00:00,300,M4,22.68815803527832
2026-09-19 19:00:00,330,M0,30.62214088439941
2026-09-19 19:00:00,330,M4,23.74561882019043
2026-09-19 19:00:00,360,M0,31.33850860595703
2026-09-19 19:00:00,360,M4,24.8116397857666
2026-09-19 23:00:00,30,M0,13.22270393371582
2026-09-19 23:00:00,30,M4,10.474502563476562
2026-09-19 23:00:00,60,M0,17.59083366394043
2026-09-19 23:00:00,60,M4,13.981283187866213
2026-09-19 23:00:00,90,M0,20.28664207458496
2026-09-19 23:00:00,90,M4,16.708955764770508
2026-09-19 23:00:00,120,M0,22.31085205078125
2026-09-19 23:00:00,120,M4,19.08330535888672
2026-09-19 23:00:00,150,M0,24.50542640686035
2026-09-19 23:00:00,150,M4,20.90947151184082
2026-09-19 23:00:00,180,M0,25.92764472961425
2026-09-19 23:00:00,180,M4,22.16437721252441
2026-09-19 23:00:00,210,M0,26.881160736083984
2026-09-19 23:00:00,210,M4,23.533506393432617
2026-09-19 23:00:00,240,M0,27.75145721435547
2026-09-19 23:00:00,240,M4,24.73422622680664
2026-09-19 23:00:00,270,M0,28.323421478271484
2026-09-19 23:00:00,270,M4,25.86355400085449
2026-09-19 23:00:00,300,M0,28.690662384033203
2026-09-19 23:00:00,300,M4,26.92082405090332
2026-09-19 23:00:00,330,M0,28.9192008972168
2026-09-19 23:00:00,330,M4,27.90959930419922
2026-09-19 23:00:00,360,M0,29.19507598876953
2026-09-19 23:00:00,360,M4,28.577411651611328
2026-09-20 00:00:00,30,M0,13.30912971496582
2026-09-20 00:00:00,30,M4,10.324713706970217
2026-09-20 00:00:00,60,M0,17.904998779296875
2026-09-20 00:00:00,60,M4,14.112034797668455
2026-09-20 00:00:00,90,M0,20.86219024658203
2026-09-20 00:00:00,90,M4,16.971952438354492
2026-09-20 00:00:00,120,M0,23.35589408874512
2026-09-20 00:00:00,120,M4,19.052085876464844
2026-09-20 00:00:00,150,M0,24.801549911499023
2026-09-20 00:00:00,150,M4,20.948711395263672
2026-09-20 00:00:00,180,M0,25.954565048217773
2026-09-20 00:00:00,180,M4,22.442506790161133
2026-09-20 00:00:00,210,M0,26.670896530151367
2026-09-20 00:00:00,210,M4,23.506351470947266
2026-09-20 00:00:00,240,M0,27.538286209106445
2026-09-20 00:00:00,240,M4,24.45218276977539
2026-09-20 00:00:00,270,M0,27.889328002929688
2026-09-20 00:00:00,270,M4,25.264509201049805
2026-09-20 00:00:00,300,M0,28.502599716186523
2026-09-20 00:00:00,300,M4,26.05475616455078
2026-09-20 00:00:00,330,M0,28.895437240600582
2026-09-20 00:00:00,330,M4,27.17017364501953
2026-09-20 01:00:00,30,M0,13.414610862731934
2026-09-20 01:00:00,30,M4,10.59336280822754
2026-09-20 01:00:00,60,M0,18.333271026611328
2026-09-20 01:00:00,60,M4,14.423479080200195
2026-09-20 01:00:00,90,M0,21.3874740600586
2026-09-20 01:00:00,90,M4,17.195457458496094
2026-09-20 01:00:00,120,M0,23.59668731689453
2026-09-20 01:00:00,120,M4,19.267858505249023
2026-09-20 01:00:00,150,M0,25.01776695251465
2026-09-20 01:00:00,150,M4,20.76771354675293
2026-09-20 01:00:00,180,M0,26.31964111328125
2026-09-20 01:00:00,180,M4,21.65332794189453
2026-09-20 01:00:00,210,M0,27.13154983520508
2026-09-20 01:00:00,210,M4,22.07691764831543
2026-09-20 01:00:00,240,M0,27.911678314208984
2026-09-20 01:00:00,240,M4,22.703027725219727
2026-09-20 01:00:00,270,M0,28.681150436401367
2026-09-20 01:00:00,270,M4,23.64453887939453
2026-09-20 01:00:00,330,M0,29.64090919494629
2026-09-20 01:00:00,330,M4,25.704252243041992
2026-09-20 01:00:00,360,M0,30.38510704040528
2026-09-20 01:00:00,360,M4,26.40962028503418
2026-09-20 02:00:00,30,M0,13.903216361999512
2026-09-20 02:00:00,30,M4,10.89854335784912
2026-09-20 02:00:00,60,M0,18.424545288085938
2026-09-20 02:00:00,60,M4,14.828607559204102
2026-09-20 02:00:00,90,M0,20.864187240600582
2026-09-20 02:00:00,90,M4,17.284317016601562
2026-09-20 02:00:00,120,M0,23.57159423828125
2026-09-20 02:00:00,120,M4,19.00991439819336
2026-09-20 02:00:00,150,M0,25.20157623291016
2026-09-20 02:00:00,150,M4,19.808687210083008
2026-09-20 02:00:00,180,M0,26.09635734558105
2026-09-20 02:00:00,180,M4,20.6319637298584
2026-09-20 02:00:00,210,M0,27.297096252441406
2026-09-20 02:00:00,210,M4,21.658864974975582
2026-09-20 02:00:00,270,M0,28.71313667297364
2026-09-20 02:00:00,270,M4,23.54170799255371
2026-09-20 02:00:00,300,M0,29.77924919128418
2026-09-20 02:00:00,300,M4,24.383827209472656
2026-09-20 02:00:00,330,M0,30.99343490600586
2026-09-20 02:00:00,330,M4,25.322134017944336
2026-09-20 02:00:00,360,M0,32.04587173461914
2026-09-20 02:00:00,360,M4,26.365211486816406
2026-09-20 04:00:00,30,M0,13.938194274902344
2026-09-20 04:00:00,30,M4,10.72770881652832
2026-09-20 04:00:00,60,M0,18.282337188720703
2026-09-20 04:00:00,60,M4,14.045793533325195
2026-09-20 04:00:00,90,M0,20.95920181274414
2026-09-20 04:00:00,90,M4,16.325332641601562
2026-09-20 04:00:00,150,M0,24.485837936401367
2026-09-20 04:00:00,150,M4,19.528648376464844
2026-09-20 04:00:00,180,M0,25.808671951293945
2026-09-20 04:00:00,180,M4,20.442800521850582
2026-09-20 04:00:00,210,M0,27.194873809814453
2026-09-20 04:00:00,210,M4,21.4820499420166
2026-09-20 04:00:00,240,M0,28.936582565307617
2026-09-20 04:00:00,240,M4,22.580411911010746
2026-09-20 04:00:00,270,M0,30.41712188720703
2026-09-20 04:00:00,270,M4,23.86799430847168
2026-09-20 04:00:00,300,M0,32.04412841796875
2026-09-20 04:00:00,300,M4,23.87003517150879
2026-09-20 04:00:00,330,M0,32.63810729980469
2026-09-20 04:00:00,330,M4,26.00647735595703
2026-09-20 04:00:00,360,M0,34.25047302246094
2026-09-20 04:00:00,360,M4,27.15922164916992
2026-09-20 07:00:00,30,M0,13.99393081665039
2026-09-20 07:00:00,30,M4,10.552988052368164
2026-09-20 07:00:00,60,M0,17.979656219482422
2026-09-20 07:00:00,60,M4,13.25578784942627
2026-09-20 07:00:00,90,M0,21.259031295776367
2026-09-20 07:00:00,90,M4,15.828545570373535
2026-09-20 07:00:00,120,M0,22.943199157714844
2026-09-20 07:00:00,120,M4,17.6284122467041
2026-09-20 07:00:00,150,M0,25.38616752624512
2026-09-20 07:00:00,150,M4,17.86460304260254
2026-09-20 07:00:00,180,M0,27.569721221923828
2026-09-20 07:00:00,180,M4,19.41683959960937
2026-09-20 07:00:00,210,M0,29.03190040588379
2026-09-20 07:00:00,210,M4,21.207857131958008
2026-09-20 07:00:00,240,M0,29.849985122680664
2026-09-20 07:00:00,240,M4,20.81593132019043
2026-09-20 07:00:00,270,M0,30.30570411682129
2026-09-20 07:00:00,270,M4,22.078039169311523
2026-09-20 07:00:00,300,M0,31.05873107910156
2026-09-20 07:00:00,300,M4,22.7070369720459
2026-09-20 07:00:00,330,M0,31.1912841796875
2026-09-20 07:00:00,330,M4,23.8267822265625
2026-09-20 07:00:00,360,M0,31.42405128479004
2026-09-20 07:00:00,360,M4,24.78155517578125
2026-09-20 09:00:00,30,M0,14.100088119506836
2026-09-20 09:00:00,30,M4,11.475045204162598
2026-09-20 09:00:00,60,M0,17.9686222076416
2026-09-20 09:00:00,60,M4,13.274184226989746
2026-09-20 09:00:00,90,M0,21.467851638793945
2026-09-20 09:00:00,90,M4,15.80614948272705
2026-09-20 09:00:00,120,M0,22.93219757080078
2026-09-20 09:00:00,120,M4,16.266136169433594
2026-09-20 09:00:00,150,M0,23.92702293395996
2026-09-20 09:00:00,150,M4,17.032716751098633
2026-09-20 09:00:00,180,M0,24.409887313842773
2026-09-20 09:00:00,180,M4,17.331392288208008
2026-09-20 09:00:00,210,M0,24.876819610595703
2026-09-20 09:00:00,210,M4,17.895933151245117
2026-09-20 09:00:00,240,M0,25.801654815673828
2026-09-20 09:00:00,240,M4,18.536785125732425
2026-09-20 09:00:00,270,M0,27.051464080810547
2026-09-20 09:00:00,270,M4,19.63974571228028
2026-09-20 09:00:00,300,M0,28.222442626953125
2026-09-20 09:00:00,300,M4,20.69559669494629
2026-09-20 09:00:00,330,M0,29.00010108947754
2026-09-20 09:00:00,330,M4,22.02181053161621
2026-09-20 09:00:00,360,M0,29.541410446166992
2026-09-20 09:00:00,360,M4,23.25727653503418
2026-09-20 09:50:00,30,M0,13.89081573486328
2026-09-20 09:50:00,30,M4,11.374160766601562
2026-09-20 09:50:00,60,M0,16.341882705688477
2026-09-20 09:50:00,60,M4,13.605328559875488
2026-09-20 09:50:00,90,M0,20.04366111755371
2026-09-20 09:50:00,90,M4,14.89863109588623
2026-09-20 09:50:00,120,M0,21.25027847290039
2026-09-20 09:50:00,120,M4,16.381248474121094
2026-09-20 09:50:00,150,M0,23.099891662597656
2026-09-20 09:50:00,150,M4,17.495168685913086
2026-09-20 09:50:00,180,M0,24.281253814697266
2026-09-20 09:50:00,180,M4,18.923030853271484
2026-09-20 09:50:00,210,M0,25.82819175720215
2026-09-20 09:50:00,210,M4,19.779714584350582
2026-09-20 09:50:00,240,M0,26.8394832611084
2026-09-20 09:50:00,240,M4,21.09827995300293
2026-09-20 09:50:00,270,M0,27.60587882995605
2026-09-20 09:50:00,270,M4,21.87201881408692
2026-09-20 09:50:00,300,M0,28.03347587585449
2026-09-20 09:50:00,300,M4,23.25979232788086
2026-09-20 09:50:00,330,M0,28.555160522460938
2026-09-20 09:50:00,330,M4,23.98068618774414
2026-09-20 09:50:00,360,M0,28.89896774291992
2026-09-20 09:50:00,360,M4,25.28533363342285
2026-09-20 11:00:00,30,M0,10.659266471862791
2026-09-20 11:00:00,30,M4,8.706669807434082
2026-09-20 11:00:00,60,M0,13.695417404174805
2026-09-20 11:00:00,60,M4,11.404863357543944
2026-09-20 11:00:00,90,M0,15.843864440917969
2026-09-20 11:00:00,90,M4,13.36767864227295
2026-09-20 11:00:00,120,M0,17.343067169189453
2026-09-20 11:00:00,120,M4,14.759855270385742
2026-09-20 11:00:00,150,M0,19.08709526062012
2026-09-20 11:00:00,150,M4,16.023893356323242
2026-09-20 11:00:00,180,M0,20.61277198791504
2026-09-20 11:00:00,180,M4,17.1522274017334
2026-09-20 11:00:00,210,M0,21.718202590942383
2026-09-20 11:00:00,210,M4,18.39354133605957
2026-09-20 11:00:00,240,M0,22.43441390991211
2026-09-20 11:00:00,240,M4,19.38365173339844
2026-09-20 11:00:00,270,M0,22.944494247436523
2026-09-20 11:00:00,270,M4,20.24375343322754
2026-09-20 11:00:00,300,M0,23.77265167236328
2026-09-20 11:00:00,300,M4,20.992286682128903
2026-09-20 11:00:00,330,M0,24.677824020385746
2026-09-20 11:00:00,330,M4,22.40753555297852
2026-09-20 11:00:00,360,M0,25.59952545166016
2026-09-20 11:00:00,360,M4,23.294113159179688
2026-09-20 12:10:00,30,M0,10.858352661132812
2026-09-20 12:10:00,30,M4,8.45414924621582
2026-09-20 12:10:00,60,M0,13.761682510375977
2026-09-20 12:10:00,60,M4,10.872955322265623
2026-09-20 12:10:00,90,M0,16.032114028930664
2026-09-20 12:10:00,90,M4,13.180466651916504
2026-09-20 12:10:00,120,M0,17.990922927856445
2026-09-20 12:10:00,120,M4,14.816231727600098
2026-09-20 12:10:00,150,M0,19.55732536315918
2026-09-20 12:10:00,150,M4,16.565446853637695
2026-09-20 12:10:00,180,M0,20.25751495361328
2026-09-20 12:10:00,180,M4,17.4426326751709
2026-09-20 12:10:00,210,M0,21.03343963623047
2026-09-20 12:10:00,210,M4,18.59727096557617
2026-09-20 12:10:00,240,M0,22.075897216796875
2026-09-20 12:10:00,240,M4,19.50048828125
2026-09-20 12:10:00,270,M0,23.13636779785156
2026-09-20 12:10:00,270,M4,21.14170837402344
2026-09-20 12:10:00,300,M0,23.885150909423828
2026-09-20 12:10:00,300,M4,22.30731773376465
2026-09-20 12:10:00,330,M0,24.818458557128903
2026-09-20 12:10:00,330,M4,23.96692657470703
2026-09-20 12:10:00,360,M0,25.56041145324707
2026-09-20 12:10:00,360,M4,25.258207321166992
2026-09-20 14:00:00,30,M0,11.105538368225098
2026-09-20 14:00:00,30,M4,8.909398078918457
2026-09-20 14:00:00,60,M0,14.158164978027344
2026-09-20 14:00:00,60,M4,11.581289291381836
2026-09-20 14:00:00,90,M0,15.752493858337402
2026-09-20 14:00:00,90,M4,13.354671478271484
2026-09-20 14:00:00,120,M0,16.91997718811035
2026-09-20 14:00:00,120,M4,14.480250358581545
2026-09-20 14:00:00,150,M0,18.635826110839844
2026-09-20 14:00:00,150,M4,16.18206787109375
2026-09-20 14:00:00,180,M0,20.02173042297364
2026-09-20 14:00:00,180,M4,17.483999252319336
2026-09-20 14:00:00,210,M0,21.132831573486328
2026-09-20 14:00:00,210,M4,19.031124114990234
2026-09-20 14:00:00,240,M0,21.94968605041504
2026-09-20 14:00:00,240,M4,20.49478340148925
2026-09-20 14:00:00,270,M0,22.30167961120605
2026-09-20 14:00:00,270,M4,21.449779510498047
2026-09-20 14:00:00,300,M0,22.77899169921875
2026-09-20 14:00:00,300,M4,22.34395217895508
2026-09-20 14:00:00,330,M0,23.37742805480957
2026-09-20 14:00:00,330,M4,23.31138801574707
2026-09-20 14:00:00,360,M0,23.931501388549805
2026-09-20 14:00:00,360,M4,24.49840545654297
2026-09-20 15:00:00,30,M0,10.599276542663574
2026-09-20 15:00:00,30,M4,8.466358184814453
2026-09-20 15:00:00,60,M0,13.314599990844728
2026-09-20 15:00:00,60,M4,10.759133338928224
2026-09-20 15:00:00,90,M0,15.632455825805664
2026-09-20 15:00:00,90,M4,12.93017578125
2026-09-20 15:00:00,120,M0,17.56452751159668
2026-09-20 15:00:00,120,M4,14.691691398620604
2026-09-20 15:00:00,150,M0,19.379507064819336
2026-09-20 15:00:00,150,M4,16.565210342407227
2026-09-20 15:00:00,180,M0,20.70932579040528
2026-09-20 15:00:00,180,M4,18.12456512451172
2026-09-20 15:00:00,210,M0,21.388103485107425
2026-09-20 15:00:00,210,M4,19.220325469970703
2026-09-20 15:00:00,240,M0,21.902109146118164
2026-09-20 15:00:00,240,M4,20.29395866394043
2026-09-20 15:00:00,270,M0,22.43672752380371
2026-09-20 15:00:00,270,M4,21.562896728515625
2026-09-20 15:00:00,300,M0,23.028057098388672
2026-09-20 15:00:00,300,M4,22.968461990356445
2026-09-20 15:00:00,330,M0,23.35447120666504
2026-09-20 15:00:00,330,M4,24.362207412719727
2026-09-20 15:00:00,360,M0,23.90562438964844
2026-09-20 15:00:00,360,M4,25.61675071716309
2026-09-20 16:00:00,30,M0,10.288655281066896
2026-09-20 16:00:00,30,M4,8.337875366210938
2026-09-20 16:00:00,60,M0,13.91615390777588
2026-09-20 16:00:00,60,M4,11.612128257751465
2026-09-20 16:00:00,90,M0,16.586915969848633
2026-09-20 16:00:00,90,M4,13.980313301086426
2026-09-20 16:00:00,120,M0,18.39211082458496
2026-09-20 16:00:00,120,M4,15.786474227905272
2026-09-20 16:00:00,150,M0,19.624038696289062
2026-09-20 16:00:00,150,M4,17.224456787109375
2026-09-20 16:00:00,180,M0,20.64649772644043
2026-09-20 16:00:00,180,M4,18.66448974609375
2026-09-20 16:00:00,210,M0,21.36541175842285
2026-09-20 16:00:00,210,M4,20.02827835083008
2026-09-20 16:00:00,240,M0,21.90021705627441
2026-09-20 16:00:00,240,M4,21.25045394897461
2026-09-20 16:00:00,270,M0,22.4323959350586
2026-09-20 16:00:00,270,M4,22.55246925354004
2026-09-20 16:00:00,300,M0,22.757719039916992
2026-09-20 16:00:00,300,M4,23.611309051513672
2026-09-20 16:00:00,330,M0,23.54627227783203
2026-09-20 16:00:00,330,M4,24.70267105102539
2026-09-20 16:00:00,360,M0,24.559249877929688
2026-09-20 16:00:00,360,M4,25.503145217895508
2026-09-20 17:00:00,30,M0,10.878215789794922
2026-09-20 17:00:00,30,M4,8.93724536895752
2026-09-20 17:00:00,60,M0,14.2631196975708
2026-09-20 17:00:00,60,M4,11.974180221557615
2026-09-20 17:00:00,90,M0,16.150300979614258
2026-09-20 17:00:00,90,M4,13.988268852233888
2026-09-20 17:00:00,120,M0,17.746274948120117
2026-09-20 17:00:00,120,M4,16.003707885742188
2026-09-20 17:00:00,150,M0,18.972288131713867
2026-09-20 17:00:00,150,M4,17.620763778686523
2026-09-20 17:00:00,180,M0,19.882923126220703
2026-09-20 17:00:00,180,M4,19.269556045532227
2026-09-20 17:00:00,210,M0,20.59007835388184
2026-09-20 17:00:00,210,M4,20.88224601745605
2026-09-20 17:00:00,240,M0,21.379175186157227
2026-09-20 17:00:00,240,M4,22.213531494140625
2026-09-20 17:00:00,270,M0,22.539905548095703
2026-09-20 17:00:00,270,M4,23.69232177734375
2026-09-20 17:00:00,300,M0,22.91525650024414
2026-09-20 17:00:00,300,M4,24.367815017700195
2026-09-20 17:00:00,330,M0,25.532855987548828
2026-09-20 17:00:00,330,M4,26.09204864501953
2026-09-20 17:00:00,360,M0,26.304800033569336
2026-09-20 17:00:00,360,M4,26.9236068725586
2026-09-20 18:00:00,30,M0,10.63765811920166
2026-09-20 18:00:00,30,M4,8.708151817321777
2026-09-20 18:00:00,60,M0,14.07010269165039
2026-09-20 18:00:00,60,M4,11.4844970703125
2026-09-20 18:00:00,90,M0,15.994111061096191
2026-09-20 18:00:00,90,M4,13.511871337890623
2026-09-20 18:00:00,120,M0,17.448150634765625
2026-09-20 18:00:00,120,M4,15.217750549316406
2026-09-20 18:00:00,150,M0,18.32132148742676
2026-09-20 18:00:00,150,M4,16.84369659423828
2026-09-20 18:00:00,180,M0,19.375259399414062
2026-09-20 18:00:00,180,M4,18.391231536865234
2026-09-20 18:00:00,210,M0,20.866172790527344
2026-09-20 18:00:00,210,M4,20.115873336791992
2026-09-20 18:00:00,240,M0,21.5556640625
2026-09-20 18:00:00,240,M4,21.13202476501465
2026-09-20 18:00:00,270,M0,24.349233627319336
2026-09-20 18:00:00,270,M4,23.148143768310547
2026-09-20 18:00:00,300,M0,25.437271118164062
2026-09-20 18:00:00,300,M4,24.45526123046875
2026-09-20 18:00:00,330,M0,26.549718856811523
2026-09-20 18:00:00,330,M4,25.57451438903809
2026-09-20 18:00:00,360,M0,27.260143280029297
2026-09-20 18:00:00,360,M4,26.015316009521484
2026-09-20 19:00:00,30,M0,10.43238925933838
2026-09-20 19:00:00,30,M4,8.542753219604492
2026-09-20 19:00:00,60,M0,13.314499855041504
2026-09-20 19:00:00,60,M4,11.4302396774292
2026-09-20 19:00:00,90,M0,15.222021102905272
2026-09-20 19:00:00,90,M4,13.837027549743652
2026-09-20 19:00:00,120,M0,16.826969146728516
2026-09-20 19:00:00,120,M4,15.808274269104004
2026-09-20 19:00:00,150,M0,18.409048080444336
2026-09-20 19:00:00,150,M4,17.573040008544922
2026-09-20 19:00:00,180,M0,19.83248710632324
2026-09-20 19:00:00,180,M4,19.22411346435547
2026-09-20 19:00:00,210,M0,22.43344116210937
2026-09-20 19:00:00,210,M4,21.60043907165528
2026-09-20 19:00:00,240,M0,23.766998291015625
2026-09-20 19:00:00,240,M4,22.92720413208008
2026-09-20 19:00:00,270,M0,25.11678504943848
2026-09-20 19:00:00,270,M4,23.933496475219727
2026-09-20 19:00:00,300,M0,25.892295837402344
2026-09-20 19:00:00,300,M4,24.55970573425293
2026-09-20 19:00:00,330,M0,26.801313400268555
2026-09-20 19:00:00,330,M4,25.33495712280273
2026-09-20 19:00:00,360,M0,27.851486206054688
2026-09-20 19:00:00,360,M4,25.665102005004883
2026-09-20 21:00:00,30,M0,12.131839752197266
2026-09-20 21:00:00,30,M4,10.053956031799316
2026-09-20 21:00:00,60,M0,15.722126960754396
2026-09-20 21:00:00,60,M4,13.6678466796875
2026-09-20 21:00:00,90,M0,19.30719375610352
2026-09-20 21:00:00,90,M4,17.114459991455078
2026-09-20 21:00:00,120,M0,20.71580696105957
2026-09-20 21:00:00,120,M4,18.9228572845459
2026-09-20 21:00:00,150,M0,22.01480293273925
2026-09-20 21:00:00,150,M4,20.46568298339844
2026-09-20 21:00:00,180,M0,22.811084747314453
2026-09-20 21:00:00,180,M4,21.523605346679688
2026-09-20 21:00:00,210,M0,24.041996002197266
2026-09-20 21:00:00,210,M4,22.75527000427246
2026-09-20 21:00:00,240,M0,25.4655704498291
2026-09-20 21:00:00,240,M4,23.680320739746094
2026-09-20 21:00:00,270,M0,26.57061195373535
2026-09-20 21:00:00,270,M4,24.264799118041992
2026-09-20 21:00:00,300,M0,27.124834060668945
2026-09-20 21:00:00,300,M4,24.46868705749512
2026-09-20 21:00:00,330,M0,28.210464477539062
2026-09-20 21:00:00,330,M4,25.16293334960937
2026-09-20 21:00:00,360,M0,29.241649627685547
2026-09-20 21:00:00,360,M4,26.08994483947754
2026-09-20 22:00:00,30,M0,14.947728157043455
2026-09-20 22:00:00,30,M4,13.49022102355957
2026-09-20 22:00:00,60,M0,18.1438045501709
2026-09-20 22:00:00,60,M4,16.095888137817383
2026-09-20 22:00:00,90,M0,20.29929542541504
2026-09-20 22:00:00,90,M4,18.34666633605957
2026-09-20 22:00:00,120,M0,21.55670547485352
2026-09-20 22:00:00,120,M4,19.900291442871094
2026-09-20 22:00:00,150,M0,22.89946174621582
2026-09-20 22:00:00,150,M4,21.25404167175293
2026-09-20 22:00:00,180,M0,24.24836540222168
2026-09-20 22:00:00,180,M4,22.44489860534668
2026-09-20 22:00:00,210,M0,25.594810485839844
2026-09-20 22:00:00,210,M4,23.493144989013672
2026-09-20 22:00:00,240,M0,26.46299934387207
2026-09-20 22:00:00,240,M4,24.08940696716309
2026-09-20 22:00:00,270,M0,27.640869140625
2026-09-20 22:00:00,270,M4,24.867664337158203
2026-09-20 22:00:00,300,M0,28.81884384155273
2026-09-20 22:00:00,300,M4,25.642581939697266
2026-09-20 22:00:00,330,M0,29.52853775024414
2026-09-20 22:00:00,330,M4,26.46680450439453
2026-09-20 22:00:00,360,M0,30.09502220153809
2026-09-20 22:00:00,360,M4,27.424888610839844
2026-09-21 00:00:00,30,M0,12.781322479248049
2026-09-21 00:00:00,30,M4,10.02183437347412
2026-09-21 00:00:00,60,M0,17.467491149902344
2026-09-21 00:00:00,60,M4,14.114782333374023
2026-09-21 00:00:00,90,M0,20.44514846801757
2026-09-21 00:00:00,90,M4,17.059701919555664
2026-09-21 00:00:00,120,M0,22.25969886779785
2026-09-21 00:00:00,120,M4,18.99483299255371
2026-09-21 00:00:00,150,M0,23.62997055053711
2026-09-21 00:00:00,150,M4,20.694557189941406
2026-09-21 00:00:00,180,M0,24.87188720703125
2026-09-21 00:00:00,180,M4,22.434545516967773
2026-09-21 00:00:00,210,M0,26.02603530883789
2026-09-21 00:00:00,210,M4,24.009090423583984
2026-09-21 00:00:00,240,M0,27.17840576171875
2026-09-21 00:00:00,240,M4,25.36872100830078
2026-09-21 00:00:00,270,M0,27.81438446044922
2026-09-21 00:00:00,270,M4,26.10913276672364
2026-09-21 00:00:00,300,M0,28.620899200439453
2026-09-21 00:00:00,300,M4,26.63728904724121
2026-09-21 00:00:00,330,M0,29.376691818237305
2026-09-21 00:00:00,330,M4,27.171030044555664
2026-09-21 01:00:00,30,M0,12.939886093139648
2026-09-21 01:00:00,30,M4,9.878617286682127
2026-09-21 01:00:00,60,M0,16.561779022216797
2026-09-21 01:00:00,60,M4,12.857890129089355
2026-09-21 01:00:00,90,M0,19.05770301818848
2026-09-21 01:00:00,90,M4,15.016046524047852
2026-09-21 01:00:00,120,M0,21.1635856628418
2026-09-21 01:00:00,120,M4,16.919353485107422
2026-09-21 01:00:00,150,M0,22.504684448242188
2026-09-21 01:00:00,150,M4,18.56243705749512
2026-09-21 01:00:00,180,M0,23.66509056091309
2026-09-21 01:00:00,180,M4,20.152204513549805
2026-09-21 01:00:00,210,M0,24.74129867553711
2026-09-21 01:00:00,210,M4,21.49130630493164
2026-09-21 01:00:00,240,M0,26.12055969238281
2026-09-21 01:00:00,240,M4,22.751440048217773
2026-09-21 01:00:00,270,M0,26.985933303833008
2026-09-21 01:00:00,270,M4,24.05845832824707
2026-09-21 01:00:00,330,M0,27.76485252380371
2026-09-21 01:00:00,330,M4,25.68691062927246
2026-09-21 01:00:00,360,M0,28.007417678833008
2026-09-21 01:00:00,360,M4,26.14487648010254
2026-09-21 02:00:00,30,M0,12.439231872558594
2026-09-21 02:00:00,30,M4,9.726442337036133
2026-09-21 02:00:00,60,M0,16.073476791381836
2026-09-21 02:00:00,60,M4,12.95888900756836
2026-09-21 02:00:00,90,M0,18.194259643554688
2026-09-21 02:00:00,90,M4,15.128231048583984
2026-09-21 02:00:00,120,M0,20.0040283203125
2026-09-21 02:00:00,120,M4,16.83110809326172
2026-09-21 02:00:00,150,M0,21.58533096313477
2026-09-21 02:00:00,150,M4,18.35390281677246
2026-09-21 02:00:00,180,M0,23.06707572937012
2026-09-21 02:00:00,180,M4,19.887779235839844
2026-09-21 02:00:00,210,M0,24.316282272338867
2026-09-21 02:00:00,210,M4,21.57223129272461
2026-09-21 02:00:00,270,M0,25.736270904541016
2026-09-21 02:00:00,270,M4,23.10047912597656
2026-09-21 02:00:00,300,M0,26.03682518005371
2026-09-21 02:00:00,300,M4,23.68507575988769
2026-09-21 02:00:00,330,M0,26.30219459533692
2026-09-21 02:00:00,330,M4,23.74866485595703
2026-09-21 02:00:00,360,M0,26.39507102966309
2026-09-21 02:00:00,360,M4,24.1169376373291
2026-09-21 03:00:00,30,M0,12.269732475280762
2026-09-21 03:00:00,30,M4,9.519895553588867
2026-09-21 03:00:00,60,M0,15.999031066894531
2026-09-21 03:00:00,60,M4,12.749103546142578
2026-09-21 03:00:00,90,M0,18.567333221435547
2026-09-21 03:00:00,90,M4,15.194628715515137
2026-09-21 03:00:00,120,M0,20.893861770629883
2026-09-21 03:00:00,120,M4,17.244182586669922
2026-09-21 03:00:00,150,M0,22.84547233581543
2026-09-21 03:00:00,150,M4,19.103546142578125
2026-09-21 03:00:00,210,M0,25.32793617248535
2026-09-21 03:00:00,210,M4,20.95960807800293
2026-09-21 03:00:00,240,M0,25.75173759460449
2026-09-21 03:00:00,240,M4,21.73817443847656
2026-09-21 03:00:00,270,M0,25.98976325988769
2026-09-21 03:00:00,270,M4,21.97253799438477
2026-09-21 03:00:00,300,M0,26.163673400878903
2026-09-21 03:00:00,300,M4,22.49598503112793
2026-09-21 03:00:00,330,M0,26.28437614440918
2026-09-21 03:00:00,330,M4,23.431394577026367
2026-09-21 03:00:00,360,M0,27.47007179260254
2026-09-21 03:00:00,360,M4,24.294193267822266
2026-09-21 04:00:00,30,M0,12.602302551269531
2026-09-21 04:00:00,30,M4,9.9393949508667
2026-09-21 04:00:00,60,M0,16.7168025970459
2026-09-21 04:00:00,60,M4,13.268227577209473
2026-09-21 04:00:00,90,M0,19.40425109863281
2026-09-21 04:00:00,90,M4,15.774548530578612
2026-09-21 04:00:00,150,M0,22.72781562805176
2026-09-21 04:00:00,150,M4,18.48626708984375
2026-09-21 04:00:00,180,M0,23.72699737548828
2026-09-21 04:00:00,180,M4,19.33637046813965
2026-09-21 04:00:00,210,M0,24.54657745361328
2026-09-21 04:00:00,210,M4,19.96097183227539
2026-09-21 04:00:00,240,M0,25.217086791992188
2026-09-21 04:00:00,240,M4,20.35432815551757
2026-09-21 04:00:00,270,M0,25.705432891845703
2026-09-21 04:00:00,270,M4,20.901105880737305
2026-09-21 04:00:00,300,M0,27.27314567565918
2026-09-21 04:00:00,300,M4,21.489044189453125
2026-09-21 04:00:00,330,M0,28.00818252563477
2026-09-21 04:00:00,330,M4,22.1679744720459
2026-09-21 04:00:00,360,M0,27.43296813964844
2026-09-21 04:00:00,360,M4,22.49812889099121
2026-09-21 05:00:00,30,M0,12.952437400817873
2026-09-21 05:00:00,30,M4,10.350566864013672
2026-09-21 05:00:00,90,M0,18.54436111450196
2026-09-21 05:00:00,90,M4,14.988388061523438
2026-09-21 05:00:00,120,M0,20.00870704650879
2026-09-21 05:00:00,120,M4,16.291671752929688
2026-09-21 05:00:00,150,M0,21.406967163085938
2026-09-21 05:00:00,150,M4,17.32949447631836
2026-09-21 05:00:00,180,M0,22.78345489501953
2026-09-21 05:00:00,180,M4,18.26280403137207
2026-09-21 05:00:00,210,M0,23.555070877075195
2026-09-21 05:00:00,210,M4,19.182769775390625
2026-09-21 05:00:00,240,M0,24.99616241455078
2026-09-21 05:00:00,240,M4,20.526241302490234
2026-09-21 05:00:00,270,M0,26.19562149047852
2026-09-21 05:00:00,270,M4,21.053146362304688
2026-09-21 05:00:00,300,M0,26.251941680908203
2026-09-21 05:00:00,300,M4,21.98832130432129
2026-09-21 05:00:00,330,M0,26.29423141479492
2026-09-21 05:00:00,330,M4,22.93539810180664
2026-09-21 05:00:00,360,M0,26.44980812072754
2026-09-21 05:00:00,360,M4,23.761594772338867
2026-09-21 07:00:00,30,M0,11.214844703674316
2026-09-21 07:00:00,30,M4,8.939973831176758
2026-09-21 07:00:00,60,M0,14.68704605102539
2026-09-21 07:00:00,60,M4,11.24910831451416
2026-09-21 07:00:00,90,M0,16.89772605895996
2026-09-21 07:00:00,90,M4,12.835055351257324
2026-09-21 07:00:00,120,M0,18.85958671569824
2026-09-21 07:00:00,120,M4,13.92428493499756
2026-09-21 07:00:00,150,M0,20.142078399658203
2026-09-21 07:00:00,150,M4,14.26288890838623
2026-09-21 07:00:00,180,M0,21.347820281982425
2026-09-21 07:00:00,180,M4,14.827902793884276
2026-09-21 07:00:00,210,M0,21.75421714782715
2026-09-21 07:00:00,210,M4,15.786121368408203
2026-09-21 07:00:00,240,M0,22.1822566986084
2026-09-21 07:00:00,240,M4,16.324087142944336
2026-09-21 07:00:00,270,M0,22.61334228515625
2026-09-21 07:00:00,270,M4,17.12312889099121
2026-09-21 07:00:00,300,M0,22.666622161865234
2026-09-21 07:00:00,300,M4,17.391767501831055
2026-09-21 07:00:00,330,M0,23.281110763549805
2026-09-21 07:00:00,330,M4,18.16217613220215
2026-09-21 07:00:00,360,M0,23.864870071411133
2026-09-21 07:00:00,360,M4,18.73666954040528
2026-09-21 10:00:00,30,M0,8.202669143676758
2026-09-21 10:00:00,30,M4,7.067155361175537
2026-09-21 10:00:00,60,M0,10.20067310333252
2026-09-21 10:00:00,60,M4,8.917597770690918
2026-09-21 10:00:00,90,M0,11.858318328857422
2026-09-21 10:00:00,90,M4,10.43769645690918
2026-09-21 10:00:00,120,M0,12.608196258544922
2026-09-21 10:00:00,120,M4,10.843320846557615
2026-09-21 10:00:00,150,M0,13.59605312347412
2026-09-21 10:00:00,150,M4,12.046042442321776
2026-09-21 10:00:00,180,M0,14.076966285705566
2026-09-21 10:00:00,180,M4,12.733426094055176
2026-09-21 10:00:00,210,M0,14.748990058898926
2026-09-21 10:00:00,210,M4,14.056148529052734
2026-09-21 10:00:00,240,M0,15.234160423278809
2026-09-21 10:00:00,240,M4,14.82802677154541
2026-09-21 10:00:00,270,M0,15.77657699584961
2026-09-21 10:00:00,270,M4,15.96312427520752
2026-09-21 10:00:00,300,M0,16.030086517333984
2026-09-21 10:00:00,300,M4,16.619356155395508
2026-09-21 10:00:00,330,M0,16.546838760375977
2026-09-21 10:00:00,330,M4,17.35235595703125
2026-09-21 10:00:00,360,M0,16.717391967773438
2026-09-21 10:00:00,360,M4,17.608705520629883
2026-09-21 11:00:00,30,M0,7.335536956787109
2026-09-21 11:00:00,30,M4,5.892356872558594
2026-09-21 11:00:00,60,M0,9.381906509399414
2026-09-21 11:00:00,60,M4,7.703090190887451
2026-09-21 11:00:00,90,M0,10.65982723236084
2026-09-21 11:00:00,90,M4,9.379362106323242
2026-09-21 11:00:00,120,M0,11.371353149414062
2026-09-21 11:00:00,120,M4,10.47602081298828
2026-09-21 11:00:00,150,M0,12.229168891906738
2026-09-21 11:00:00,150,M4,11.982670783996582
2026-09-21 11:00:00,180,M0,12.794885635375977
2026-09-21 11:00:00,180,M4,12.744384765625
2026-09-21 11:00:00,210,M0,13.768508911132812
2026-09-21 11:00:00,210,M4,14.01498317718506
2026-09-21 11:00:00,240,M0,14.063065528869627
2026-09-21 11:00:00,240,M4,14.613598823547363
2026-09-21 11:00:00,270,M0,14.614249229431152
2026-09-21 11:00:00,270,M4,15.203368186950684
2026-09-21 11:00:00,300,M0,14.916504859924316
2026-09-21 11:00:00,300,M4,15.005362510681152
2026-09-21 11:00:00,330,M0,15.427456855773926
2026-09-21 11:00:00,330,M4,15.888035774230955
2026-09-21 11:00:00,360,M0,15.740081787109377
2026-09-21 11:00:00,360,M4,16.33572006225586
2026-09-21 11:50:00,30,M0,7.510342121124268
2026-09-21 11:50:00,30,M4,6.075485706329346
2026-09-21 11:50:00,60,M0,9.68992805480957
2026-09-21 11:50:00,60,M4,8.270520210266113
2026-09-21 11:50:00,90,M0,11.172664642333984
2026-09-21 11:50:00,90,M4,9.833582878112791
2026-09-21 11:50:00,120,M0,12.043427467346191
2026-09-21 11:50:00,120,M4,11.251596450805664
2026-09-21 11:50:00,150,M0,12.992626190185549
2026-09-21 11:50:00,150,M4,12.164002418518066
2026-09-21 11:50:00,180,M0,13.62602996826172
2026-09-21 11:50:00,180,M4,13.1368989944458
2026-09-21 11:50:00,210,M0,14.277097702026367
2026-09-21 11:50:00,210,M4,13.540074348449709
2026-09-21 11:50:00,240,M0,14.629925727844238
2026-09-21 11:50:00,240,M4,14.3093900680542
2026-09-21 11:50:00,270,M0,15.174497604370115
2026-09-21 11:50:00,270,M4,14.568096160888672
2026-09-21 11:50:00,300,M0,15.786425590515137
2026-09-21 11:50:00,300,M4,15.891355514526367
2026-09-21 11:50:00,330,M0,16.22148323059082
2026-09-21 11:50:00,330,M4,16.3720760345459
2026-09-21 11:50:00,360,M0,16.64942741394043
2026-09-21 11:50:00,360,M4,17.437965393066406
2026-09-21 12:00:00,30,M0,7.114459037780762
2026-09-21 12:00:00,30,M4,5.85889196395874
2026-09-21 12:00:00,60,M0,9.003646850585938
2026-09-21 12:00:00,60,M4,7.664037227630615
2026-09-21 12:00:00,90,M0,10.41463851928711
2026-09-21 12:00:00,90,M4,9.37580680847168
2026-09-21 12:00:00,120,M0,11.207430839538574
2026-09-21 12:00:00,120,M4,10.342665672302246
2026-09-21 12:00:00,150,M0,12.084257125854492
2026-09-21 12:00:00,150,M4,11.619832038879396
2026-09-21 12:00:00,180,M0,12.568655967712402
2026-09-21 12:00:00,180,M4,12.332120895385742
2026-09-21 12:00:00,210,M0,13.321074485778809
2026-09-21 12:00:00,210,M4,13.210251808166504
2026-09-21 12:00:00,240,M0,13.66175937652588
2026-09-21 12:00:00,240,M4,13.484695434570312
2026-09-21 12:00:00,270,M0,14.320301055908203
2026-09-21 12:00:00,270,M4,14.48454475402832
2026-09-21 12:00:00,300,M0,14.631684303283691
2026-09-21 12:00:00,300,M4,14.979741096496582
2026-09-21 12:00:00,330,M0,15.124120712280272
2026-09-21 12:00:00,330,M4,15.912236213684082
2026-09-21 12:00:00,360,M0,15.601929664611816
2026-09-21 12:00:00,360,M4,16.62116241455078
2026-09-21 13:00:00,30,M0,6.798566818237305
2026-09-21 13:00:00,30,M4,5.690061569213867
2026-09-21 13:00:00,60,M0,8.960951805114746
2026-09-21 13:00:00,60,M4,7.601979732513428
2026-09-21 13:00:00,90,M0,10.497607231140137
2026-09-21 13:00:00,90,M4,9.153132438659668
2026-09-21 13:00:00,120,M0,11.433831214904783
2026-09-21 13:00:00,120,M4,10.090743064880373
2026-09-21 13:00:00,150,M0,12.33428192138672
2026-09-21 13:00:00,150,M4,11.099782943725586
2026-09-21 13:00:00,180,M0,12.760576248168944
2026-09-21 13:00:00,180,M4,11.574609756469728
2026-09-21 13:00:00,210,M0,13.453632354736328
2026-09-21 13:00:00,210,M4,12.689947128295898
2026-09-21 13:00:00,240,M0,14.004032135009766
2026-09-21 13:00:00,240,M4,13.230768203735352
2026-09-21 13:00:00,270,M0,14.67459487915039
2026-09-21 13:00:00,270,M4,14.31542682647705
2026-09-21 13:00:00,300,M0,15.186139106750488
2026-09-21 13:00:00,300,M4,15.171732902526855
2026-09-21 13:00:00,330,M0,15.762523651123049
2026-09-21 13:00:00,330,M4,16.23015594482422
2026-09-21 13:00:00,360,M0,16.07181167602539
2026-09-21 13:00:00,360,M4,16.807802200317383
2026-09-21 14:00:00,30,M0,6.4829936027526855
2026-09-21 14:00:00,30,M4,5.4236555099487305
2026-09-21 14:00:00,60,M0,8.547355651855469
2026-09-21 14:00:00,60,M4,7.24622106552124
2026-09-21 14:00:00,90,M0,9.926579475402832
2026-09-21 14:00:00,90,M4,8.668549537658691
2026-09-21 14:00:00,120,M0,10.84774112701416
2026-09-21 14:00:00,120,M4,9.668371200561523
2026-09-21 14:00:00,150,M0,12.035614013671877
2026-09-21 14:00:00,150,M4,11.153703689575195
2026-09-21 14:00:00,180,M0,13.078877449035645
2026-09-21 14:00:00,180,M4,12.313117027282717
2026-09-21 14:00:00,210,M0,13.923566818237305
2026-09-21 14:00:00,210,M4,13.713306427001951
2026-09-21 14:00:00,240,M0,14.563563346862791
2026-09-21 14:00:00,240,M4,14.547866821289062
2026-09-21 14:00:00,270,M0,15.466724395751951
2026-09-21 14:00:00,270,M4,15.702422142028809
2026-09-21 14:00:00,300,M0,15.73893928527832
2026-09-21 14:00:00,300,M4,16.162744522094727
2026-09-21 14:00:00,330,M0,16.314496994018555
2026-09-21 14:00:00,330,M4,17.140338897705078
2026-09-21 14:00:00,360,M0,16.456520080566406
2026-09-21 14:00:00,360,M4,17.677810668945312
2026-09-21 17:00:00,30,M0,6.625866889953613
2026-09-21 17:00:00,30,M4,5.654175281524658
2026-09-21 17:00:00,60,M0,8.86522388458252
2026-09-21 17:00:00,60,M4,7.794124126434326
2026-09-21 17:00:00,90,M0,10.436239242553713
2026-09-21 17:00:00,90,M4,9.558145523071287
2026-09-21 17:00:00,120,M0,11.210439682006836
2026-09-21 17:00:00,120,M4,10.519352912902832
2026-09-21 17:00:00,150,M0,12.167986869812012
2026-09-21 17:00:00,150,M4,11.683740615844728
2026-09-21 17:00:00,180,M0,12.925838470458984
2026-09-21 17:00:00,180,M4,12.77090835571289
2026-09-21 17:00:00,210,M0,13.432175636291504
2026-09-21 17:00:00,210,M4,13.778292655944824
2026-09-21 17:00:00,240,M0,13.841645240783691
2026-09-21 17:00:00,240,M4,14.328338623046877
2026-09-21 17:00:00,270,M0,14.841039657592772
2026-09-21 17:00:00,270,M4,15.122224807739258
2026-09-21 17:00:00,300,M0,16.488094329833984
2026-09-21 17:00:00,300,M4,15.886467933654783
2026-09-21 17:00:00,330,M0,18.04813003540039
2026-09-21 17:00:00,330,M4,16.59295082092285
2026-09-21 17:00:00,360,M0,17.461231231689453
2026-09-21 17:00:00,360,M4,16.910165786743164
2026-09-21 19:00:00,30,M0,6.8073248863220215
2026-09-21 19:00:00,30,M4,5.683384418487549
2026-09-21 19:00:00,60,M0,9.254087448120115
2026-09-21 19:00:00,60,M4,7.849259853363037
2026-09-21 19:00:00,90,M0,10.703747749328612
2026-09-21 19:00:00,90,M4,9.426226615905762
2026-09-21 19:00:00,120,M0,11.653853416442873
2026-09-21 19:00:00,120,M4,10.632925033569336
2026-09-21 19:00:00,150,M0,12.564332962036133
2026-09-21 19:00:00,150,M4,12.024826049804688
2026-09-21 19:00:00,180,M0,14.521195411682127
2026-09-21 19:00:00,180,M4,13.968827247619627
2026-09-21 19:00:00,210,M0,16.199382781982422
2026-09-21 19:00:00,210,M4,14.847844123840332
2026-09-21 19:00:00,240,M0,16.1903076171875
2026-09-21 19:00:00,240,M4,15.940629959106444
2026-09-21 19:00:00,270,M0,16.557056427001953
2026-09-21 19:00:00,270,M4,16.741134643554688
2026-09-21 19:00:00,300,M0,17.287622451782227
2026-09-21 19:00:00,300,M4,17.36910057067871
2026-09-21 19:00:00,330,M0,17.81536102294922
2026-09-21 19:00:00,330,M4,18.338998794555664
2026-09-21 19:00:00,360,M0,18.453039169311523
2026-09-21 19:00:00,360,M4,18.996810913085938
2026-09-21 20:00:00,30,M0,6.837594032287598
2026-09-21 20:00:00,30,M4,5.637042045593262
2026-09-21 20:00:00,60,M0,9.17906665802002
2026-09-21 20:00:00,60,M4,7.757699966430664
2026-09-21 20:00:00,90,M0,10.799087524414062
2026-09-21 20:00:00,90,M4,9.707037925720217
2026-09-21 20:00:00,120,M0,12.984833717346191
2026-09-21 20:00:00,120,M4,12.02710247039795
2026-09-21 20:00:00,150,M0,14.989285469055176
2026-09-21 20:00:00,150,M4,13.517704010009766
2026-09-21 20:00:00,180,M0,15.118570327758787
2026-09-21 20:00:00,180,M4,14.384295463562012
2026-09-21 20:00:00,210,M0,15.688544273376465
2026-09-21 20:00:00,210,M4,15.25216293334961
2026-09-21 20:00:00,240,M0,16.53256607055664
2026-09-21 20:00:00,240,M4,16.09463882446289
2026-09-21 20:00:00,270,M0,17.227317810058594
2026-09-21 20:00:00,270,M4,17.1820125579834
2026-09-21 20:00:00,300,M0,18.047367095947266
2026-09-21 20:00:00,300,M4,17.937410354614258
2026-09-21 20:00:00,330,M0,18.38447570800781
2026-09-21 20:00:00,330,M4,18.57375717163086
2026-09-21 20:00:00,360,M0,18.86224174499512
2026-09-21 20:00:00,360,M4,19.0581169128418
2026-09-21 21:00:00,30,M0,7.375766754150391
2026-09-21 21:00:00,30,M4,6.390585899353027
2026-09-21 21:00:00,60,M0,10.876665115356444
2026-09-21 21:00:00,60,M4,9.789963722229004
2026-09-21 21:00:00,90,M0,13.553685188293455
2026-09-21 21:00:00,90,M4,12.2144193649292
2026-09-21 21:00:00,120,M0,13.944520950317385
2026-09-21 21:00:00,120,M4,12.870635986328123
2026-09-21 21:00:00,150,M0,14.63413906097412
2026-09-21 21:00:00,150,M4,13.774508476257324
2026-09-21 21:00:00,180,M0,15.632712364196776
2026-09-21 21:00:00,180,M4,14.724645614624023
2026-09-21 21:00:00,210,M0,16.756576538085938
2026-09-21 21:00:00,210,M4,15.761921882629396
2026-09-21 21:00:00,240,M0,17.59716033935547
2026-09-21 21:00:00,240,M4,16.612239837646484
2026-09-21 21:00:00,270,M0,17.952041625976562
2026-09-21 21:00:00,270,M4,17.269128799438477
2026-09-21 21:00:00,300,M0,18.36697196960449
2026-09-21 21:00:00,300,M4,17.843812942504883
2026-09-21 21:00:00,330,M0,18.923887252807617
2026-09-21 21:00:00,330,M4,18.67213249206543
2026-09-21 21:00:00,360,M0,19.640287399291992
2026-09-21 21:00:00,360,M4,19.37457275390625
2026-09-21 22:00:00,30,M0,10.398212432861328
2026-09-21 22:00:00,30,M4,9.539752006530762
2026-09-21 22:00:00,60,M0,12.182226181030272
2026-09-21 22:00:00,60,M4,11.062705039978027
2026-09-21 22:00:00,90,M0,13.62348175048828
2026-09-21 22:00:00,90,M4,12.325531005859377
2026-09-21 22:00:00,120,M0,15.037765502929688
2026-09-21 22:00:00,120,M4,13.480949401855469
2026-09-21 22:00:00,150,M0,16.423837661743164
2026-09-21 22:00:00,150,M4,14.54028606414795
2026-09-21 22:00:00,180,M0,17.50222396850586
2026-09-21 22:00:00,180,M4,15.432381629943848
2026-09-21 22:00:00,210,M0,18.041162490844727
2026-09-21 22:00:00,210,M4,16.13980484008789
2026-09-21 22:00:00,240,M0,18.68634986877441
2026-09-21 22:00:00,240,M4,16.904970169067383
2026-09-21 22:00:00,270,M0,19.36149787902832
2026-09-21 22:00:00,270,M4,18.12623405456543
2026-09-21 22:00:00,300,M0,20.17822456359864
2026-09-21 22:00:00,300,M4,19.259796142578125
2026-09-21 22:00:00,330,M0,20.661163330078125
2026-09-21 22:00:00,330,M4,20.045881271362305
2026-09-21 22:00:00,360,M0,21.17064666748047
2026-09-21 22:00:00,360,M4,20.329864501953125
2026-09-21 23:00:00,30,M0,8.266260147094727
2026-09-21 23:00:00,30,M4,6.976146697998047
2026-09-21 23:00:00,60,M0,11.273477554321287
2026-09-21 23:00:00,60,M4,9.589662551879885
2026-09-21 23:00:00,90,M0,13.505105018615724
2026-09-21 23:00:00,90,M4,11.383176803588867
2026-09-21 23:00:00,120,M0,15.03273105621338
2026-09-21 23:00:00,120,M4,12.693211555480955
2026-09-21 23:00:00,150,M0,16.01555061340332
2026-09-21 23:00:00,150,M4,13.541701316833496
2026-09-21 23:00:00,180,M0,16.700727462768555
2026-09-21 23:00:00,180,M4,14.478611946105955
2026-09-21 23:00:00,210,M0,17.651208877563477
2026-09-21 23:00:00,210,M4,15.80788230895996
2026-09-21 23:00:00,240,M0,18.36540603637696
2026-09-21 23:00:00,240,M4,17.09473991394043
2026-09-21 23:00:00,270,M0,18.947864532470703
2026-09-21 23:00:00,270,M4,18.10330581665039
2026-09-21 23:00:00,300,M0,19.62527084350586
2026-09-21 23:00:00,300,M4,18.92205238342285
2026-09-21 23:00:00,330,M0,20.09105491638184
2026-09-21 23:00:00,330,M4,19.336870193481445
2026-09-21 23:00:00,360,M0,20.67421531677246
2026-09-21 23:00:00,360,M4,19.950986862182617
2026-09-22 00:10:00,30,M0,8.419523239135742
2026-09-22 00:10:00,30,M4,6.856695175170898
2026-09-22 00:10:00,60,M0,11.36314296722412
2026-09-22 00:10:00,60,M4,9.583578109741213
2026-09-22 00:10:00,90,M0,13.041680335998535
2026-09-22 00:10:00,90,M4,11.164642333984377
2026-09-22 00:10:00,120,M0,14.256791114807127
2026-09-22 00:10:00,120,M4,12.536337852478027
2026-09-22 00:10:00,150,M0,15.423065185546877
2026-09-22 00:10:00,150,M4,13.843805313110352
2026-09-22 00:10:00,180,M0,16.435741424560547
2026-09-22 00:10:00,180,M4,14.978610038757324
2026-09-22 00:10:00,210,M0,17.239360809326172
2026-09-22 00:10:00,210,M4,15.925881385803224
2026-09-22 00:10:00,240,M0,17.971752166748047
2026-09-22 00:10:00,240,M4,16.40251350402832
2026-09-22 00:10:00,270,M0,18.833097457885746
2026-09-22 00:10:00,270,M4,16.787729263305664
2026-09-22 00:10:00,300,M0,19.54080581665039
2026-09-22 00:10:00,300,M4,17.478530883789062
2026-09-22 00:10:00,330,M0,20.07546615600586
2026-09-22 00:10:00,330,M4,18.212949752807617
2026-09-22 00:10:00,360,M0,20.206581115722656
2026-09-22 00:10:00,360,M4,18.470230102539062
2026-09-22 01:00:00,30,M0,8.386672019958496
2026-09-22 01:00:00,30,M4,7.185328960418701
2026-09-22 01:00:00,60,M0,10.940454483032228
2026-09-22 01:00:00,60,M4,9.616751670837402
2026-09-22 01:00:00,90,M0,12.73731517791748
2026-09-22 01:00:00,90,M4,11.539766311645508
2026-09-22 01:00:00,120,M0,14.309925079345703
2026-09-22 01:00:00,120,M4,13.117466926574709
2026-09-22 01:00:00,150,M0,15.315529823303224
2026-09-22 01:00:00,150,M4,14.402254104614258
2026-09-22 01:00:00,180,M0,16.310787200927734
2026-09-22 01:00:00,180,M4,15.380244255065918
2026-09-22 01:00:00,210,M0,17.438846588134766
2026-09-22 01:00:00,210,M4,16.176353454589844
2026-09-22 01:00:00,240,M0,18.489988327026367
2026-09-22 01:00:00,240,M4,17.23065948486328
2026-09-22 01:00:00,270,M0,19.29840850830078
2026-09-22 01:00:00,270,M4,17.974681854248047
2026-09-22 01:00:00,330,M0,20.00973129272461
2026-09-22 01:00:00,330,M4,18.727169036865234
2026-09-22 01:00:00,360,M0,20.0452938079834
2026-09-22 01:00:00,360,M4,19.19641494750977
2026-09-22 02:00:00,30,M0,7.9851813316345215
2026-09-22 02:00:00,30,M4,6.798405647277832
2026-09-22 02:00:00,60,M0,10.807618141174316
2026-09-22 02:00:00,60,M4,9.66905117034912
2026-09-22 02:00:00,90,M0,12.62181568145752
2026-09-22 02:00:00,90,M4,11.460646629333496
2026-09-22 02:00:00,120,M0,14.05825424194336
2026-09-22 02:00:00,120,M4,12.682897567749023
2026-09-22 02:00:00,150,M0,15.441096305847168
2026-09-22 02:00:00,150,M4,13.628613471984863
2026-09-22 02:00:00,180,M0,16.738906860351562
2026-09-22 02:00:00,180,M4,14.889076232910156
2026-09-22 02:00:00,210,M0,17.917036056518555
2026-09-22 02:00:00,210,M4,15.98993968963623
2026-09-22 02:00:00,270,M0,19.11216735839844
2026-09-22 02:00:00,270,M4,17.15525245666504
2026-09-22 02:00:00,300,M0,19.466920852661133
2026-09-22 02:00:00,300,M4,17.840417861938477
2026-09-22 02:00:00,330,M0,19.874168395996094
2026-09-22 02:00:00,330,M4,18.530969619750977
2026-09-22 02:00:00,360,M0,19.98917579650879
2026-09-22 02:00:00,360,M4,19.21088600158692
2026-09-22 03:00:00,30,M0,8.393054008483887
2026-09-22 03:00:00,30,M4,7.045682907104492
2026-09-22 03:00:00,60,M0,11.53892993927002
2026-09-22 03:00:00,60,M4,9.799989700317385
2026-09-22 03:00:00,90,M0,13.692831039428713
2026-09-22 03:00:00,90,M4,11.715805053710938
2026-09-22 03:00:00,120,M0,15.502212524414062
2026-09-22 03:00:00,120,M4,13.289814949035645
2026-09-22 03:00:00,150,M0,16.978805541992188
2026-09-22 03:00:00,150,M4,14.335125923156738
2026-09-22 03:00:00,210,M0,18.72014236450196
2026-09-22 03:00:00,210,M4,15.743916511535645
2026-09-22 03:00:00,240,M0,19.43487548828125
2026-09-22 03:00:00,240,M4,16.451257705688477
2026-09-22 03:00:00,270,M0,19.96327781677246
2026-09-22 03:00:00,270,M4,17.03731346130371
2026-09-22 03:00:00,300,M0,19.88936996459961
2026-09-22 03:00:00,300,M4,17.484464645385742
2026-09-22 03:00:00,330,M0,20.358867645263672
2026-09-22 03:00:00,330,M4,18.022071838378903
2026-09-22 03:00:00,360,M0,21.996898651123047
2026-09-22 03:00:00,360,M4,19.683250427246094
2026-09-22 04:00:00,30,M0,9.147542953491213
2026-09-22 04:00:00,30,M4,7.525604724884033
2026-09-22 04:00:00,60,M0,12.28861141204834
2026-09-22 04:00:00,60,M4,9.976834297180176
2026-09-22 04:00:00,90,M0,14.258809089660645
2026-09-22 04:00:00,90,M4,11.656753540039062
2026-09-22 04:00:00,150,M0,16.723466873168945
2026-09-22 04:00:00,150,M4,13.542924880981444
2026-09-22 04:00:00,180,M0,17.600997924804688
2026-09-22 04:00:00,180,M4,14.217256546020508
2026-09-22 04:00:00,210,M0,18.26997756958008
2026-09-22 04:00:00,210,M4,14.89552879333496
2026-09-22 04:00:00,240,M0,18.57038307189941
2026-09-22 04:00:00,240,M4,15.478116989135742
2026-09-22 04:00:00,270,M0,19.25800323486328
2026-09-22 04:00:00,270,M4,15.871843338012695
2026-09-22 04:00:00,300,M0,20.898128509521484
2026-09-22 04:00:00,300,M4,17.327239990234375
2026-09-22 04:00:00,330,M0,21.336196899414062
2026-09-22 04:00:00,330,M4,17.876537322998047
2026-09-22 04:00:00,360,M0,21.076152801513672
2026-09-22 04:00:00,360,M4,18.32210922241211
2026-09-22 07:00:00,30,M0,8.826555252075195
2026-09-22 07:00:00,30,M4,7.115594387054443
2026-09-22 07:00:00,60,M0,11.15423583984375
2026-09-22 07:00:00,60,M4,8.996665000915527
2026-09-22 07:00:00,90,M0,12.86367130279541
2026-09-22 07:00:00,90,M4,10.400891304016112
2026-09-22 07:00:00,120,M0,14.732290267944336
2026-09-22 07:00:00,120,M4,12.086507797241213
2026-09-22 07:00:00,150,M0,16.17948341369629
2026-09-22 07:00:00,150,M4,13.19908618927002
2026-09-22 07:00:00,180,M0,16.699981689453125
2026-09-22 07:00:00,180,M4,13.967206954956056
2026-09-22 07:00:00,210,M0,17.44564437866211
2026-09-22 07:00:00,210,M4,15.270639419555664
2026-09-22 07:00:00,240,M0,17.45395278930664
2026-09-22 07:00:00,240,M4,16.437915802001953
2026-09-22 07:00:00,270,M0,18.48537826538086
2026-09-22 07:00:00,270,M4,18.03539085388184
2026-09-22 07:00:00,300,M0,18.87946128845215
2026-09-22 07:00:00,300,M4,19.268009185791016
2026-09-22 07:00:00,330,M0,19.63685417175293
2026-09-22 07:00:00,330,M4,20.49692916870117
2026-09-22 07:00:00,360,M0,19.906530380249023
2026-09-22 07:00:00,360,M4,21.5107479095459
2026-09-22 08:00:00,30,M0,8.30081844329834
2026-09-22 08:00:00,30,M4,6.851722717285156
2026-09-22 08:00:00,60,M0,10.988178253173828
2026-09-22 08:00:00,60,M4,9.669509887695312
2026-09-22 08:00:00,90,M0,13.064486503601074
2026-09-22 08:00:00,90,M4,11.13213062286377
2026-09-22 08:00:00,120,M0,13.958760261535645
2026-09-22 08:00:00,120,M4,11.629182815551758
2026-09-22 08:00:00,150,M0,15.381509780883787
2026-09-22 08:00:00,150,M4,13.373649597167969
2026-09-22 08:00:00,180,M0,15.745909690856934
2026-09-22 08:00:00,180,M4,14.741584777832031
2026-09-22 08:00:00,210,M0,16.866199493408203
2026-09-22 08:00:00,210,M4,16.652437210083008
2026-09-22 08:00:00,240,M0,17.342884063720703
2026-09-22 08:00:00,240,M4,17.87146759033203
2026-09-22 08:00:00,270,M0,18.30021095275879
2026-09-22 08:00:00,270,M4,19.348955154418945
2026-09-22 08:00:00,300,M0,18.729135513305664
2026-09-22 08:00:00,300,M4,20.59154319763184
2026-09-22 08:00:00,330,M0,19.60049057006836
2026-09-22 08:00:00,330,M4,21.93663787841797
2026-09-22 08:00:00,360,M0,20.367881774902344
2026-09-22 08:00:00,360,M4,23.017654418945312
2026-09-22 09:00:00,30,M0,9.378496170043944
2026-09-22 09:00:00,30,M4,8.479393005371094
2026-09-22 09:00:00,60,M0,11.235661506652832
2026-09-22 09:00:00,60,M4,9.277283668518066
2026-09-22 09:00:00,90,M0,13.672944068908691
2026-09-22 09:00:00,90,M4,11.498160362243652
2026-09-22 09:00:00,120,M0,14.371833801269531
2026-09-22 09:00:00,120,M4,12.69625473022461
2026-09-22 09:00:00,150,M0,15.721343040466309
2026-09-22 09:00:00,150,M4,14.669276237487791
2026-09-22 09:00:00,180,M0,16.39617347717285
2026-09-22 09:00:00,180,M4,15.943754196166992
2026-09-22 09:00:00,210,M0,17.323814392089844
2026-09-22 09:00:00,210,M4,17.49863624572754
2026-09-22 09:00:00,240,M0,17.84062385559082
2026-09-22 09:00:00,240,M4,18.644899368286133
2026-09-22 09:00:00,270,M0,18.79339599609375
2026-09-22 09:00:00,270,M4,19.97236633300781
2026-09-22 09:00:00,300,M0,19.975791931152344
2026-09-22 09:00:00,300,M4,20.995500564575195
2026-09-22 09:00:00,330,M0,21.44538307189941
2026-09-22 09:00:00,330,M4,22.2169189453125
2026-09-22 09:00:00,360,M0,23.028453826904297
2026-09-22 09:00:00,360,M4,23.657678604125977
2026-09-22 10:00:00,30,M0,8.201892852783203
2026-09-22 10:00:00,30,M4,7.085890293121338
2026-09-22 10:00:00,60,M0,10.889477729797363
2026-09-22 10:00:00,60,M4,9.207205772399902
2026-09-22 10:00:00,90,M0,13.207871437072754
2026-09-22 10:00:00,90,M4,11.57792854309082
2026-09-22 10:00:00,120,M0,14.313518524169922
2026-09-22 10:00:00,120,M4,12.768502235412598
2026-09-22 10:00:00,150,M0,15.581707000732422
2026-09-22 10:00:00,150,M4,14.101012229919434
2026-09-22 10:00:00,180,M0,16.244985580444336
2026-09-22 10:00:00,180,M4,14.96066188812256
2026-09-22 10:00:00,210,M0,17.26202964782715
2026-09-22 10:00:00,210,M4,16.265470504760742
2026-09-22 10:00:00,240,M0,18.33475875854492
2026-09-22 10:00:00,240,M4,17.474140167236328
2026-09-22 10:00:00,270,M0,19.894115447998047
2026-09-22 10:00:00,270,M4,19.01298141479492
2026-09-22 10:00:00,300,M0,21.81398582458496
2026-09-22 10:00:00,300,M4,20.478960037231445
2026-09-22 10:00:00,330,M0,23.28716468811035
2026-09-22 10:00:00,330,M4,21.87673759460449
2026-09-22 10:00:00,360,M0,23.67978286743164
2026-09-22 10:00:00,360,M4,22.72386741638184
2026-09-22 10:40:00,30,M0,8.60590648651123
2026-09-22 10:40:00,30,M4,7.269161224365234
2026-09-22 10:40:00,60,M0,11.457955360412598
2026-09-22 10:40:00,60,M4,9.886741638183594
2026-09-22 10:40:00,90,M0,13.081602096557615
2026-09-22 10:40:00,90,M4,11.220962524414062
2026-09-22 10:40:00,120,M0,14.55516529083252
2026-09-22 10:40:00,120,M4,12.528685569763184
2026-09-22 10:40:00,150,M0,15.59073257446289
2026-09-22 10:40:00,150,M4,13.56475067138672
2026-09-22 10:40:00,180,M0,16.74231719970703
2026-09-22 10:40:00,180,M4,14.939453125
2026-09-22 10:40:00,210,M0,18.288047790527344
2026-09-22 10:40:00,210,M4,16.443763732910156
2026-09-22 10:40:00,240,M0,20.064716339111328
2026-09-22 10:40:00,240,M4,18.262454986572266
2026-09-22 10:40:00,270,M0,21.58011054992676
2026-09-22 10:40:00,270,M4,20.163021087646484
2026-09-22 10:40:00,300,M0,22.751577377319336
2026-09-22 10:40:00,300,M4,21.74551582336425
2026-09-22 10:40:00,330,M0,23.37153053283692
2026-09-22 10:40:00,330,M4,22.76465606689453
2026-09-22 10:40:00,360,M0,24.021907806396484
2026-09-22 10:40:00,360,M4,23.65365028381348
2026-09-22 11:00:00,30,M0,8.282011032104492
2026-09-22 11:00:00,30,M4,6.790297031402588
2026-09-22 11:00:00,60,M0,10.995230674743652
2026-09-22 11:00:00,60,M4,9.099451065063477
2026-09-22 11:00:00,90,M0,12.963090896606444
2026-09-22 11:00:00,90,M4,10.93405532836914
2026-09-22 11:00:00,120,M0,14.258748054504396
2026-09-22 11:00:00,120,M4,12.230132102966309
2026-09-22 11:00:00,150,M0,15.599196434020996
2026-09-22 11:00:00,150,M4,13.55861759185791
2026-09-22 11:00:00,180,M0,17.18354034423828
2026-09-22 11:00:00,180,M4,14.987646102905272
2026-09-22 11:00:00,210,M0,18.696372985839844
2026-09-22 11:00:00,210,M4,16.933753967285156
2026-09-22 11:00:00,240,M0,20.49593544006348
2026-09-22 11:00:00,240,M4,18.855199813842773
2026-09-22 11:00:00,270,M0,22.00758934020996
2026-09-22 11:00:00,270,M4,20.643478393554688
2026-09-22 11:00:00,300,M0,22.62701988220215
2026-09-22 11:00:00,300,M4,21.84685134887696
2026-09-22 11:00:00,330,M0,23.501941680908203
2026-09-22 11:00:00,330,M4,22.988882064819336
2026-09-22 11:00:00,360,M0,24.72176742553711
2026-09-22 11:00:00,360,M4,24.716157913208008
2026-09-22 12:00:00,30,M0,8.420097351074219
2026-09-22 12:00:00,30,M4,6.790676593780518
2026-09-22 12:00:00,60,M0,11.126376152038574
2026-09-22 12:00:00,60,M4,9.152792930603027
2026-09-22 12:00:00,90,M0,12.994044303894045
2026-09-22 12:00:00,90,M4,11.008865356445312
2026-09-22 12:00:00,120,M0,14.922829627990724
2026-09-22 12:00:00,120,M4,12.74986743927002
2026-09-22 12:00:00,150,M0,16.812347412109375
2026-09-22 12:00:00,150,M4,14.859530448913574
2026-09-22 12:00:00,180,M0,18.663206100463867
2026-09-22 12:00:00,180,M4,16.9051513671875
2026-09-22 12:00:00,210,M0,20.26819229125977
2026-09-22 12:00:00,210,M4,18.6110897064209
2026-09-22 12:00:00,240,M0,21.38900756835937
2026-09-22 12:00:00,240,M4,19.496076583862305
2026-09-22 12:00:00,270,M0,22.281723022460938
2026-09-22 12:00:00,270,M4,20.691387176513672
2026-09-22 12:00:00,300,M0,23.863582611083984
2026-09-22 12:00:00,300,M4,22.541406631469727
2026-09-22 12:00:00,330,M0,24.64678001403809
2026-09-22 12:00:00,330,M4,23.675968170166016
2026-09-22 12:00:00,360,M0,25.43972396850586
2026-09-22 12:00:00,360,M4,24.30063247680664
2026-09-22 13:00:00,30,M0,8.35258674621582
2026-09-22 13:00:00,30,M4,6.823012351989746
2026-09-22 13:00:00,60,M0,11.669954299926758
2026-09-22 13:00:00,60,M4,9.622207641601562
2026-09-22 13:00:00,90,M0,14.381723403930664
2026-09-22 13:00:00,90,M4,12.369117736816406
2026-09-22 13:00:00,120,M0,16.651521682739258
2026-09-22 13:00:00,120,M4,14.69517993927002
2026-09-22 13:00:00,150,M0,18.59721946716309
2026-09-22 13:00:00,150,M4,16.809030532836914
2026-09-22 13:00:00,180,M0,20.02737617492676
2026-09-22 13:00:00,180,M4,17.926651000976562
2026-09-22 13:00:00,210,M0,21.20274543762207
2026-09-22 13:00:00,210,M4,19.144182205200195
2026-09-22 13:00:00,240,M0,22.93897247314453
2026-09-22 13:00:00,240,M4,20.70249938964844
2026-09-22 13:00:00,270,M0,23.78828430175781
2026-09-22 13:00:00,270,M4,21.87119102478028
2026-09-22 13:00:00,300,M0,24.73012924194336
2026-09-22 13:00:00,300,M4,22.64946746826172
2026-09-22 13:00:00,330,M0,24.744903564453125
2026-09-22 13:00:00,330,M4,23.35039520263672
2026-09-22 13:00:00,360,M0,25.193199157714844
2026-09-22 13:00:00,360,M4,24.036720275878903
2026-09-22 15:00:00,30,M0,10.593610763549805
2026-09-22 15:00:00,30,M4,8.591285705566406
2026-09-22 15:00:00,60,M0,14.139851570129396
2026-09-22 15:00:00,60,M4,11.299323081970217
2026-09-22 15:00:00,90,M0,16.162084579467773
2026-09-22 15:00:00,90,M4,13.421148300170898
2026-09-22 15:00:00,120,M0,18.577173233032227
2026-09-22 15:00:00,120,M4,15.668086051940918
2026-09-22 15:00:00,150,M0,19.95704460144043
2026-09-22 15:00:00,150,M4,17.39431381225586
2026-09-22 15:00:00,180,M0,21.462081909179688
2026-09-22 15:00:00,180,M4,18.60742378234864
2026-09-22 15:00:00,210,M0,22.185836791992188
2026-09-22 15:00:00,210,M4,19.648738861083984
2026-09-22 15:00:00,240,M0,23.03616714477539
2026-09-22 15:00:00,240,M4,20.6116886138916
2026-09-22 15:00:00,270,M0,23.7961483001709
2026-09-22 15:00:00,270,M4,21.96609878540039
2026-09-22 15:00:00,300,M0,24.30714988708496
2026-09-22 15:00:00,300,M4,22.70783042907715
2026-09-22 15:00:00,330,M0,24.813377380371094
2026-09-22 15:00:00,330,M4,23.997678756713867
2026-09-22 15:00:00,360,M0,25.66917610168457
2026-09-22 15:00:00,360,M4,24.43729591369629
2026-09-22 16:00:00,30,M0,10.370901107788086
2026-09-22 16:00:00,30,M4,8.476595878601074
2026-09-22 16:00:00,60,M0,14.312055587768556
2026-09-22 16:00:00,60,M4,12.170713424682615
2026-09-22 16:00:00,90,M0,16.460901260375977
2026-09-22 16:00:00,90,M4,14.370565414428713
2026-09-22 16:00:00,120,M0,18.28365707397461
2026-09-22 16:00:00,120,M4,15.97863483428955
2026-09-22 16:00:00,150,M0,19.25512886047364
2026-09-22 16:00:00,150,M4,17.309371948242188
2026-09-22 16:00:00,180,M0,20.440092086791992
2026-09-22 16:00:00,180,M4,18.308916091918945
2026-09-22 16:00:00,210,M0,21.53796768188477
2026-09-22 16:00:00,210,M4,19.41167640686035
2026-09-22 16:00:00,240,M0,22.2497673034668
2026-09-22 16:00:00,240,M4,20.05122184753418
2026-09-22 16:00:00,270,M0,23.06713485717773
2026-09-22 16:00:00,270,M4,21.403289794921875
2026-09-22 16:00:00,300,M0,23.963600158691406
2026-09-22 16:00:00,300,M4,22.36900520324707
2026-09-22 16:00:00,330,M0,24.6563663482666
2026-09-22 16:00:00,330,M4,23.34804916381836
2026-09-22 16:00:00,360,M0,26.30535316467285
2026-09-22 16:00:00,360,M4,25.2684268951416
2026-09-22 17:00:00,30,M0,10.610492706298828
2026-09-22 17:00:00,30,M4,9.291340827941896
2026-09-22 17:00:00,60,M0,14.015694618225098
2026-09-22 17:00:00,60,M4,12.732667922973633
2026-09-22 17:00:00,90,M0,15.92030906677246
2026-09-22 17:00:00,90,M4,15.178123474121094
2026-09-22 17:00:00,120,M0,17.577617645263672
2026-09-22 17:00:00,120,M4,16.790245056152344
2026-09-22 17:00:00,150,M0,18.772018432617188
2026-09-22 17:00:00,150,M4,18.169479370117188
2026-09-22 17:00:00,180,M0,20.26933860778809
2026-09-22 17:00:00,180,M4,18.97676086425781
2026-09-22 17:00:00,210,M0,21.341516494750977
2026-09-22 17:00:00,210,M4,20.16622543334961
2026-09-22 17:00:00,240,M0,22.252910614013672
2026-09-22 17:00:00,240,M4,21.060338973999023
2026-09-22 17:00:00,270,M0,22.85634994506836
2026-09-22 17:00:00,270,M4,21.80221176147461
2026-09-22 17:00:00,300,M0,24.496746063232425
2026-09-22 17:00:00,300,M4,23.796592712402344
2026-09-22 17:00:00,330,M0,25.90414047241211
2026-09-22 17:00:00,330,M4,25.46330451965332
2026-09-22 17:00:00,360,M0,26.109113693237305
2026-09-22 17:00:00,360,M4,25.96953010559082
2026-09-22 18:00:00,30,M0,10.661356925964355
2026-09-22 18:00:00,30,M4,8.863142013549805
2026-09-22 18:00:00,60,M0,14.037070274353027
2026-09-22 18:00:00,60,M4,12.194607734680176
2026-09-22 18:00:00,90,M0,16.101804733276367
2026-09-22 18:00:00,90,M4,14.563648223876951
2026-09-22 18:00:00,120,M0,18.015172958374023
2026-09-22 18:00:00,120,M4,16.167293548583984
2026-09-22 18:00:00,150,M0,19.356321334838867
2026-09-22 18:00:00,150,M4,17.741758346557617
2026-09-22 18:00:00,180,M0,20.55987548828125
2026-09-22 18:00:00,180,M4,19.075794219970703
2026-09-22 18:00:00,210,M0,21.432079315185547
2026-09-22 18:00:00,210,M4,20.28668594360352
2026-09-22 18:00:00,240,M0,23.38984680175781
2026-09-22 18:00:00,240,M4,22.22674560546875
2026-09-22 18:00:00,270,M0,24.84021759033203
2026-09-22 18:00:00,270,M4,23.392221450805664
2026-09-22 18:00:00,300,M0,25.06296730041504
2026-09-22 18:00:00,300,M4,24.052114486694336
2026-09-22 18:00:00,330,M0,25.317283630371094
2026-09-22 18:00:00,330,M4,24.5120792388916
2026-09-22 18:00:00,360,M0,26.15692138671875
2026-09-22 18:00:00,360,M4,25.471792221069336
2026-09-22 19:00:00,30,M0,10.964489936828612
2026-09-22 19:00:00,30,M4,9.07909870147705
2026-09-22 19:00:00,60,M0,14.51638126373291
2026-09-22 19:00:00,60,M4,12.1666841506958
2026-09-22 19:00:00,90,M0,16.581701278686523
2026-09-22 19:00:00,90,M4,14.430048942565918
2026-09-22 19:00:00,120,M0,18.392410278320312
2026-09-22 19:00:00,120,M4,16.22242546081543
2026-09-22 19:00:00,150,M0,19.468994140625
2026-09-22 19:00:00,150,M4,17.9228572845459
2026-09-22 19:00:00,180,M0,22.039134979248047
2026-09-22 19:00:00,180,M4,20.55838966369629
2026-09-22 19:00:00,210,M0,23.655054092407227
2026-09-22 19:00:00,210,M4,22.23490524291992
2026-09-22 19:00:00,240,M0,23.87340545654297
2026-09-22 19:00:00,240,M4,22.66144371032715
2026-09-22 19:00:00,270,M0,24.14896774291992
2026-09-22 19:00:00,270,M4,23.22982215881348
2026-09-22 19:00:00,300,M0,24.910873413085938
2026-09-22 19:00:00,300,M4,24.11784744262696
2026-09-22 19:00:00,330,M0,25.53336334228516
2026-09-22 19:00:00,330,M4,24.45701789855957
2026-09-22 19:00:00,360,M0,26.63573265075684
2026-09-22 19:00:00,360,M4,24.80210304260254
2026-09-22 20:00:00,30,M0,11.135336875915527
2026-09-22 20:00:00,30,M4,9.000892639160156
2026-09-22 20:00:00,60,M0,14.546327590942385
2026-09-22 20:00:00,60,M4,12.182632446289062
2026-09-22 20:00:00,90,M0,16.896682739257812
2026-09-22 20:00:00,90,M4,14.877120971679688
2026-09-22 20:00:00,120,M0,19.737499237060547
2026-09-22 20:00:00,120,M4,17.516084671020508
2026-09-22 20:00:00,150,M0,21.869047164916992
2026-09-22 20:00:00,150,M4,19.80702209472656
2026-09-22 20:00:00,180,M0,22.004779815673828
2026-09-22 20:00:00,180,M4,20.46451187133789
2026-09-22 20:00:00,210,M0,22.40464210510254
2026-09-22 20:00:00,210,M4,21.38290405273437
2026-09-22 20:00:00,240,M0,23.33874893188477
2026-09-22 20:00:00,240,M4,22.82697296142578
2026-09-22 20:00:00,270,M0,23.997634887695312
2026-09-22 20:00:00,270,M4,23.686655044555664
2026-09-22 20:00:00,300,M0,24.986528396606445
2026-09-22 20:00:00,300,M4,24.598108291625977
2026-09-22 20:00:00,330,M0,25.85050392150879
2026-09-22 20:00:00,330,M4,25.2393798828125
2026-09-22 20:00:00,360,M0,26.454137802124023
2026-09-22 20:00:00,360,M4,26.015758514404297
2026-09-22 21:00:00,30,M0,12.062891006469728
2026-09-22 21:00:00,30,M4,10.089120864868164
2026-09-22 21:00:00,60,M0,16.437564849853516
2026-09-22 21:00:00,60,M4,13.562920570373535
2026-09-22 21:00:00,90,M0,19.07186889648437
2026-09-22 21:00:00,90,M4,15.977222442626951
2026-09-22 21:00:00,120,M0,19.608871459960938
2026-09-22 21:00:00,120,M4,17.22760581970215
2026-09-22 21:00:00,150,M0,20.50551414489746
2026-09-22 21:00:00,150,M4,18.44873809814453
2026-09-22 21:00:00,180,M0,21.836410522460938
2026-09-22 21:00:00,180,M4,20.029417037963867
2026-09-22 21:00:00,210,M0,22.67400932312012
2026-09-22 21:00:00,210,M4,20.963239669799805
2026-09-22 21:00:00,240,M0,23.69892120361328
2026-09-22 21:00:00,240,M4,21.98626708984375
2026-09-22 21:00:00,270,M0,24.6629638671875
2026-09-22 21:00:00,270,M4,22.685651779174805
2026-09-22 21:00:00,300,M0,25.22712516784668
2026-09-22 21:00:00,300,M4,23.489490509033203
2026-09-22 21:00:00,330,M0,26.058019638061523
2026-09-22 21:00:00,330,M4,24.21312141418457
2026-09-22 21:00:00,360,M0,26.796464920043945
2026-09-22 21:00:00,360,M4,25.561080932617188
2026-09-22 22:00:00,30,M0,14.585317611694336
2026-09-22 22:00:00,30,M4,12.53603172302246
2026-09-22 22:00:00,60,M0,17.06252670288086
2026-09-22 22:00:00,60,M4,14.51951026916504
2026-09-22 22:00:00,90,M0,18.92586135864257
2026-09-22 22:00:00,90,M4,16.4219970703125
2026-09-22 22:00:00,120,M0,20.46742248535156
2026-09-22 22:00:00,120,M4,18.284648895263672
2026-09-22 22:00:00,150,M0,21.790132522583008
2026-09-22 22:00:00,150,M4,19.54877471923828
2026-09-22 22:00:00,180,M0,22.968997955322266
2026-09-22 22:00:00,180,M4,20.860137939453125
2026-09-22 22:00:00,210,M0,24.07456588745117
2026-09-22 22:00:00,210,M4,21.859355926513672
2026-09-22 22:00:00,240,M0,24.55395126342773
2026-09-22 22:00:00,240,M4,22.771596908569336
2026-09-22 22:00:00,270,M0,25.074382781982425
2026-09-22 22:00:00,270,M4,23.60120010375977
2026-09-22 22:00:00,300,M0,25.771955490112305
2026-09-22 22:00:00,300,M4,25.08482551574707
2026-09-22 22:00:00,330,M0,26.183876037597656
2026-09-22 22:00:00,330,M4,26.208471298217773
2026-09-22 22:00:00,360,M0,26.894899368286133
2026-09-22 22:00:00,360,M4,26.769262313842773
2026-09-22 23:00:00,30,M0,12.224390983581545
2026-09-22 23:00:00,30,M4,10.084734916687012
2026-09-22 23:00:00,60,M0,15.631211280822754
2026-09-22 23:00:00,60,M4,13.42267608642578
2026-09-22 23:00:00,90,M0,18.06534004211425
2026-09-22 23:00:00,90,M4,15.885584831237791
2026-09-22 23:00:00,120,M0,19.88584518432617
2026-09-22 23:00:00,120,M4,17.755765914916992
2026-09-22 23:00:00,150,M0,21.473609924316406
2026-09-22 23:00:00,150,M4,19.495454788208008
2026-09-22 23:00:00,180,M0,22.67803955078125
2026-09-22 23:00:00,180,M4,20.91238021850586
2026-09-22 23:00:00,210,M0,23.27952003479004
2026-09-22 23:00:00,210,M4,21.921300888061523
2026-09-22 23:00:00,240,M0,24.21310043334961
2026-09-22 23:00:00,240,M4,23.207841873168945
2026-09-22 23:00:00,270,M0,24.942646026611328
2026-09-22 23:00:00,270,M4,24.28340721130371
2026-09-22 23:00:00,300,M0,25.906476974487305
2026-09-22 23:00:00,300,M4,25.417526245117188
2026-09-22 23:00:00,330,M0,26.93065643310547
2026-09-22 23:00:00,330,M4,26.20488929748535
2026-09-22 23:00:00,360,M0,28.29371833801269
2026-09-22 23:00:00,360,M4,26.924535751342773
2026-09-23 00:00:00,30,M0,11.736723899841309
2026-09-23 00:00:00,30,M4,9.640052795410156
2026-09-23 00:00:00,60,M0,15.75400161743164
2026-09-23 00:00:00,60,M4,13.22883415222168
2026-09-23 00:00:00,90,M0,17.97032928466797
2026-09-23 00:00:00,90,M4,15.731658935546877
2026-09-23 00:00:00,120,M0,19.77543830871582
2026-09-23 00:00:00,120,M4,17.59987449645996
2026-09-23 00:00:00,150,M0,20.992481231689453
2026-09-23 00:00:00,150,M4,19.13602638244629
2026-09-23 00:00:00,180,M0,22.458669662475582
2026-09-23 00:00:00,180,M4,20.908781051635746
2026-09-23 00:00:00,210,M0,23.56717109680176
2026-09-23 00:00:00,210,M4,22.34548568725586
2026-09-23 00:00:00,240,M0,24.643653869628903
2026-09-23 00:00:00,240,M4,23.785722732543945
2026-09-23 00:00:00,270,M0,25.902820587158203
2026-09-23 00:00:00,270,M4,24.487255096435547
2026-09-23 00:00:00,300,M0,27.18976211547852
2026-09-23 00:00:00,300,M4,25.22344970703125
2026-09-23 00:00:00,330,M0,28.780029296875
2026-09-23 00:00:00,330,M4,26.44119453430176
2026-09-23 01:00:00,30,M0,12.150050163269045
2026-09-23 01:00:00,30,M4,9.860191345214844
2026-09-23 01:00:00,60,M0,15.892160415649414
2026-09-23 01:00:00,60,M4,13.397343635559082
2026-09-23 01:00:00,90,M0,17.925201416015625
2026-09-23 01:00:00,90,M4,15.85254955291748
2026-09-23 01:00:00,120,M0,19.908077239990234
2026-09-23 01:00:00,120,M4,17.903732299804688
2026-09-23 01:00:00,150,M0,21.388566970825195
2026-09-23 01:00:00,150,M4,19.477575302124023
2026-09-23 01:00:00,180,M0,23.204879760742188
2026-09-23 01:00:00,180,M4,21.34080696105957
2026-09-23 01:00:00,210,M0,24.802705764770508
2026-09-23 01:00:00,210,M4,22.60214805603028
2026-09-23 01:00:00,240,M0,26.02277565002441
2026-09-23 01:00:00,240,M4,23.66136360168457
2026-09-23 01:00:00,270,M0,27.59874153137207
2026-09-23 01:00:00,270,M4,24.77956771850586
2026-09-23 01:00:00,330,M0,30.0009994506836
2026-09-23 01:00:00,330,M4,26.737268447875977
2026-09-23 01:00:00,360,M0,31.09316062927246
2026-09-23 01:00:00,360,M4,27.698217391967773
2026-09-23 02:00:00,30,M0,12.17620849609375
2026-09-23 02:00:00,30,M4,10.006709098815918
2026-09-23 02:00:00,60,M0,16.09696388244629
2026-09-23 02:00:00,60,M4,13.436970710754396
2026-09-23 02:00:00,90,M0,18.494665145874023
2026-09-23 02:00:00,90,M4,15.80178165435791
2026-09-23 02:00:00,120,M0,20.96550941467285
2026-09-23 02:00:00,120,M4,17.965272903442383
2026-09-23 02:00:00,150,M0,22.97968864440918
2026-09-23 02:00:00,150,M4,19.62113380432129
2026-09-23 02:00:00,180,M0,24.725318908691406
2026-09-23 02:00:00,180,M4,21.10332298278809
2026-09-23 02:00:00,210,M0,26.72310447692871
2026-09-23 02:00:00,210,M4,22.718690872192383
2026-09-23 02:00:00,270,M0,29.12538719177246
2026-09-23 02:00:00,270,M4,24.967012405395508
2026-09-23 02:00:00,300,M0,29.88070106506348
2026-09-23 02:00:00,300,M4,26.07774543762207
2026-09-23 02:00:00,330,M0,30.91507148742676
2026-09-23 02:00:00,330,M4,27.03180694580078
2026-09-23 02:00:00,360,M0,32.2650146484375
2026-09-23 02:00:00,360,M4,28.06340789794922
2026-09-23 03:00:00,30,M0,12.607714653015137
2026-09-23 03:00:00,30,M4,10.130096435546877
2026-09-23 03:00:00,60,M0,16.70456886291504
2026-09-23 03:00:00,60,M4,13.630609512329102
2026-09-23 03:00:00,90,M0,19.840341567993164
2026-09-23 03:00:00,90,M4,16.094425201416016
2026-09-23 03:00:00,120,M0,22.176494598388672
2026-09-23 03:00:00,120,M4,18.087865829467773
2026-09-23 03:00:00,150,M0,24.82908058166504
2026-09-23 03:00:00,150,M4,20.304101943969727
2026-09-23 03:00:00,210,M0,28.59675025939941
2026-09-23 03:00:00,210,M4,23.39072036743164
2026-09-23 03:00:00,240,M0,29.68449211120605
2026-09-23 03:00:00,240,M4,24.75276565551757
2026-09-23 03:00:00,270,M0,30.76246452331543
2026-09-23 03:00:00,270,M4,25.97191047668457
2026-09-23 03:00:00,300,M0,32.136810302734375
2026-09-23 03:00:00,300,M4,26.97355079650879
2026-09-23 03:00:00,330,M0,33.700687408447266
2026-09-23 03:00:00,330,M4,28.10726356506348
2026-09-23 03:00:00,360,M0,34.754878997802734
2026-09-23 03:00:00,360,M4,29.04170799255371
2026-09-23 04:00:00,30,M0,13.59878635406494
2026-09-23 04:00:00,30,M4,10.759618759155272
2026-09-23 04:00:00,60,M0,17.717634201049805
2026-09-23 04:00:00,60,M4,14.12829875946045
2026-09-23 04:00:00,90,M0,21.455730438232425
2026-09-23 04:00:00,90,M4,17.218910217285156
2026-09-23 04:00:00,150,M0,26.861587524414062
2026-09-23 04:00:00,150,M4,21.547758102416992
2026-09-23 04:00:00,180,M0,28.59329414367676
2026-09-23 04:00:00,180,M4,23.16954040527344
2026-09-23 04:00:00,210,M0,30.11252784729004
2026-09-23 04:00:00,210,M4,24.411041259765625
2026-09-23 04:00:00,240,M0,31.74994659423828
2026-09-23 04:00:00,240,M4,25.54249382019043
2026-09-23 04:00:00,270,M0,34.03874969482422
2026-09-23 04:00:00,270,M4,26.93685340881348
2026-09-23 04:00:00,300,M0,35.17462158203125
2026-09-23 04:00:00,300,M4,27.759157180786133
2026-09-23 04:00:00,330,M0,37.77912521362305
2026-09-23 04:00:00,330,M4,28.36269187927246
2026-09-23 04:00:00,360,M0,37.27751159667969
2026-09-23 04:00:00,360,M4,28.32428550720215
2026-09-23 07:00:00,30,M0,15.769118309020996
2026-09-23 07:00:00,30,M4,11.991957664489746
2026-09-23 07:00:00,60,M0,20.522485733032227
2026-09-23 07:00:00,60,M4,14.932454109191896
2026-09-23 07:00:00,90,M0,24.027982711791992
2026-09-23 07:00:00,90,M4,17.557558059692383
2026-09-23 07:00:00,120,M0,27.47336769104004
2026-09-23 07:00:00,120,M4,19.602388381958008
2026-09-23 07:00:00,150,M0,30.717920303344727
2026-09-23 07:00:00,150,M4,20.683439254760746
2026-09-23 07:00:00,180,M0,31.25074005126953
2026-09-23 07:00:00,180,M4,21.502580642700195
2026-09-23 07:00:00,210,M0,32.23411560058594
2026-09-23 07:00:00,210,M4,22.81160926818848
2026-09-23 07:00:00,240,M0,32.647403717041016
2026-09-23 07:00:00,240,M4,23.948713302612305
2026-09-23 07:00:00,270,M0,34.148887634277344
2026-09-23 07:00:00,270,M4,25.41884422302246
2026-09-23 07:00:00,300,M0,34.859737396240234
2026-09-23 07:00:00,300,M4,26.312721252441406
2026-09-23 07:00:00,330,M0,36.65861129760742
2026-09-23 07:00:00,330,M4,27.35483932495117
2026-09-23 07:00:00,360,M0,38.03189086914063
2026-09-23 07:00:00,360,M4,28.357999801635746
2026-09-23 08:00:00,30,M0,15.90877628326416
2026-09-23 08:00:00,30,M4,12.52886199951172
2026-09-23 08:00:00,60,M0,20.72066879272461
2026-09-23 08:00:00,60,M4,16.116079330444336
2026-09-23 08:00:00,90,M0,24.847597122192383
2026-09-23 08:00:00,90,M4,17.639041900634766
2026-09-23 08:00:00,120,M0,26.52460670471192
2026-09-23 08:00:00,120,M4,18.78212547302246
2026-09-23 08:00:00,150,M0,28.12491798400879
2026-09-23 08:00:00,150,M4,20.273155212402344
2026-09-23 08:00:00,180,M0,28.88015365600586
2026-09-23 08:00:00,180,M4,21.353918075561523
2026-09-23 08:00:00,210,M0,30.71470832824707
2026-09-23 08:00:00,210,M4,23.010292053222656
2026-09-23 08:00:00,240,M0,31.36139488220215
2026-09-23 08:00:00,240,M4,23.88842964172364
2026-09-23 08:00:00,270,M0,32.97840118408203
2026-09-23 08:00:00,270,M4,25.039854049682617
2026-09-23 08:00:00,300,M0,34.45919418334961
2026-09-23 08:00:00,300,M4,26.0317440032959
2026-09-23 08:00:00,330,M0,36.18196487426758
2026-09-23 08:00:00,330,M4,26.8846378326416
2026-09-23 08:00:00,360,M0,38.15658950805664
2026-09-23 08:00:00,360,M4,27.673564910888672
2026-09-23 09:00:00,30,M0,18.020078659057617
2026-09-23 09:00:00,30,M4,14.736570358276367
2026-09-23 09:00:00,60,M0,21.173179626464844
2026-09-23 09:00:00,60,M4,15.993574142456056
2026-09-23 09:00:00,90,M0,23.95489883422852
2026-09-23 09:00:00,90,M4,17.932748794555664
2026-09-23 09:00:00,120,M0,25.74518585205078
2026-09-23 09:00:00,120,M4,19.099225997924805
2026-09-23 09:00:00,150,M0,27.574573516845703
2026-09-23 09:00:00,150,M4,20.946027755737305
2026-09-23 09:00:00,180,M0,29.47064208984375
2026-09-23 09:00:00,180,M4,21.80037498474121
2026-09-23 09:00:00,210,M0,31.41047477722168
2026-09-23 09:00:00,210,M4,23.23455810546875
2026-09-23 09:00:00,240,M0,33.270484924316406
2026-09-23 09:00:00,240,M4,24.268911361694336
2026-09-23 09:00:00,270,M0,34.7276611328125
2026-09-23 09:00:00,270,M4,25.36059761047364
2026-09-23 09:00:00,300,M0,36.76464080810547
2026-09-23 09:00:00,300,M4,26.26395034790039
2026-09-23 09:00:00,330,M0,37.96063995361328
2026-09-23 09:00:00,330,M4,26.66360282897949
2026-09-23 09:00:00,360,M0,39.86505889892578
2026-09-23 09:00:00,360,M4,27.89737129211425
2026-09-23 10:00:00,30,M0,14.461853981018066
2026-09-23 10:00:00,30,M4,11.634879112243652
2026-09-23 10:00:00,60,M0,18.59416389465332
2026-09-23 10:00:00,60,M4,14.711275100708008
2026-09-23 10:00:00,90,M0,21.57813835144043
2026-09-23 10:00:00,90,M4,17.302387237548828
2026-09-23 10:00:00,120,M0,23.67242431640625
2026-09-23 10:00:00,120,M4,18.44525146484375
2026-09-23 10:00:00,150,M0,26.14292335510254
2026-09-23 10:00:00,150,M4,20.43372344970703
2026-09-23 10:00:00,180,M0,28.50761985778809
2026-09-23 10:00:00,180,M4,21.759109497070312
2026-09-23 10:00:00,210,M0,30.341367721557617
2026-09-23 10:00:00,210,M4,23.17246437072754
2026-09-23 10:00:00,240,M0,32.863285064697266
2026-09-23 10:00:00,240,M4,23.884740829467773
2026-09-23 10:00:00,270,M0,34.364585876464844
2026-09-23 10:00:00,270,M4,24.39508438110352
2026-09-23 10:00:00,300,M0,36.64363479614258
2026-09-23 10:00:00,300,M4,25.425525665283203
2026-09-23 10:00:00,330,M0,38.2015380859375
2026-09-23 10:00:00,330,M4,26.79363441467285
2026-09-23 10:00:00,360,M0,40.52443313598633
2026-09-23 10:00:00,360,M4,28.0605525970459
2026-09-23 10:50:00,30,M0,14.803570747375488
2026-09-23 10:50:00,30,M4,11.301125526428224
2026-09-23 10:50:00,60,M0,18.741600036621094
2026-09-23 10:50:00,60,M4,14.336466789245604
2026-09-23 10:50:00,90,M0,21.87099266052246
2026-09-23 10:50:00,90,M4,16.66333770751953
2026-09-23 10:50:00,120,M0,24.219253540039062
2026-09-23 10:50:00,120,M4,18.986303329467773
2026-09-23 10:50:00,150,M0,27.06242561340332
2026-09-23 10:50:00,150,M4,20.52584648132324
2026-09-23 10:50:00,180,M0,28.736162185668945
2026-09-23 10:50:00,180,M4,21.6237735748291
2026-09-23 10:50:00,210,M0,31.71663856506348
2026-09-23 10:50:00,210,M4,22.43594741821289
2026-09-23 10:50:00,240,M0,33.34946060180664
2026-09-23 10:50:00,240,M4,23.04252052307129
2026-09-23 10:50:00,270,M0,35.85523986816406
2026-09-23 10:50:00,270,M4,24.1522274017334
2026-09-23 10:50:00,300,M0,37.05853271484375
2026-09-23 10:50:00,300,M4,25.32725524902344
2026-09-23 10:50:00,330,M0,39.78654479980469
2026-09-23 10:50:00,330,M4,26.759605407714844
2026-09-23 10:50:00,360,M0,41.521087646484375
2026-09-23 10:50:00,360,M4,27.44828224182129
2026-09-23 11:00:00,30,M0,14.742368698120115
2026-09-23 11:00:00,30,M4,11.08366584777832
2026-09-23 11:00:00,60,M0,18.98665237426757
2026-09-23 11:00:00,60,M4,14.070283889770508
2026-09-23 11:00:00,90,M0,22.208194732666016
2026-09-23 11:00:00,90,M4,16.760028839111328
2026-09-23 11:00:00,120,M0,25.09669685363769
2026-09-23 11:00:00,120,M4,19.008834838867188
2026-09-23 11:00:00,150,M0,27.343334197998047
2026-09-23 11:00:00,150,M4,20.46569061279297
2026-09-23 11:00:00,180,M0,29.967931747436523
2026-09-23 11:00:00,180,M4,21.541189193725582
2026-09-23 11:00:00,210,M0,32.064815521240234
2026-09-23 11:00:00,210,M4,22.27349090576172
2026-09-23 11:00:00,240,M0,34.75679397583008
2026-09-23 11:00:00,240,M4,23.41920280456543
2026-09-23 11:00:00,270,M0,36.04198455810547
2026-09-23 11:00:00,270,M4,24.71115493774414
2026-09-23 11:00:00,300,M0,38.174560546875
2026-09-23 11:00:00,300,M4,26.21754646301269
2026-09-23 11:00:00,330,M0,40.08546829223633
2026-09-23 11:00:00,330,M4,27.195283889770508
2026-09-23 11:00:00,360,M0,42.61905670166016
2026-09-23 11:00:00,360,M4,28.14730453491211
2026-09-23 12:00:00,30,M0,14.703003883361816
2026-09-23 12:00:00,30,M4,11.081278800964355
2026-09-23 12:00:00,60,M0,19.06454086303711
2026-09-23 12:00:00,60,M4,14.335527420043944
2026-09-23 12:00:00,90,M0,22.38932037353516
2026-09-23 12:00:00,90,M4,16.618572235107422
2026-09-23 12:00:00,120,M0,25.50212860107422
2026-09-23 12:00:00,120,M4,18.208404541015625
2026-09-23 12:00:00,150,M0,27.953102111816406
2026-09-23 12:00:00,150,M4,19.5522575378418
2026-09-23 12:00:00,180,M0,30.966842651367188
2026-09-23 12:00:00,180,M4,21.002370834350582
2026-09-23 12:00:00,210,M0,32.73078536987305
2026-09-23 12:00:00,210,M4,22.330049514770508
2026-09-23 12:00:00,240,M0,35.06121063232422
2026-09-23 12:00:00,240,M4,23.315645217895508
2026-09-23 12:00:00,270,M0,36.77614212036133
2026-09-23 12:00:00,270,M4,23.898902893066406
2026-09-23 12:00:00,300,M0,39.42301559448242
2026-09-23 12:00:00,300,M4,24.537797927856445
2026-09-23 12:00:00,330,M0,41.42271423339844
2026-09-23 12:00:00,330,M4,25.560710906982425
2026-09-23 12:00:00,360,M0,42.65363311767578
2026-09-23 12:00:00,360,M4,26.38245391845703
2026-09-23 13:00:00,30,M0,14.671175003051758
2026-09-23 13:00:00,30,M4,11.060861587524414
2026-09-23 13:00:00,60,M0,19.262794494628903
2026-09-23 13:00:00,60,M4,13.959768295288086
2026-09-23 13:00:00,90,M0,22.21016311645508
2026-09-23 13:00:00,90,M4,16.315134048461914
2026-09-23 13:00:00,120,M0,25.33298110961914
2026-09-23 13:00:00,120,M4,18.29676628112793
2026-09-23 13:00:00,150,M0,27.467426300048828
2026-09-23 13:00:00,150,M4,20.242403030395508
2026-09-23 13:00:00,180,M0,30.059402465820312
2026-09-23 13:00:00,180,M4,21.545042037963867
2026-09-23 13:00:00,210,M0,32.025169372558594
2026-09-23 13:00:00,210,M4,22.62947654724121
2026-09-23 13:00:00,240,M0,34.94847869873047
2026-09-23 13:00:00,240,M4,23.338245391845703
2026-09-23 13:00:00,270,M0,37.0904655456543
2026-09-23 13:00:00,270,M4,24.33725929260254
2026-09-23 13:00:00,300,M0,38.93739700317383
2026-09-23 13:00:00,300,M4,25.133544921875
2026-09-23 13:00:00,330,M0,39.88351058959961
2026-09-23 13:00:00,330,M4,25.860248565673828
2026-09-23 13:00:00,360,M0,40.65511703491211
2026-09-23 13:00:00,360,M4,26.50404930114746
2026-09-23 14:00:00,30,M0,14.24515438079834
2026-09-23 14:00:00,30,M4,10.796128273010254
2026-09-23 14:00:00,60,M0,18.748703002929688
2026-09-23 14:00:00,60,M4,13.85826015472412
2026-09-23 14:00:00,90,M0,21.78230857849121
2026-09-23 14:00:00,90,M4,16.386245727539062
2026-09-23 14:00:00,120,M0,24.31807327270508
2026-09-23 14:00:00,120,M4,18.06005096435547
2026-09-23 14:00:00,150,M0,26.692523956298828
2026-09-23 14:00:00,150,M4,19.65293312072754
2026-09-23 14:00:00,180,M0,29.86374855041504
2026-09-23 14:00:00,180,M4,21.064266204833984
2026-09-23 14:00:00,210,M0,32.29440689086914
2026-09-23 14:00:00,210,M4,22.34939193725586
2026-09-23 14:00:00,240,M0,34.64558029174805
2026-09-23 14:00:00,240,M4,23.368858337402344
2026-09-23 14:00:00,270,M0,36.05835723876953
2026-09-23 14:00:00,270,M4,24.052410125732425
2026-09-23 14:00:00,300,M0,37.3791389465332
2026-09-23 14:00:00,300,M4,24.59391021728516
2026-09-23 14:00:00,330,M0,38.01648712158203
2026-09-23 14:00:00,330,M4,24.89802932739257
2026-09-23 14:00:00,360,M0,38.88756561279297
2026-09-23 14:00:00,360,M4,25.77705955505371
2026-09-23 15:00:00,30,M0,14.594494819641112
2026-09-23 15:00:00,30,M4,10.9114990234375
2026-09-23 15:00:00,60,M0,19.058788299560547
2026-09-23 15:00:00,60,M4,14.131975173950195
2026-09-23 15:00:00,90,M0,21.67885971069336
2026-09-23 15:00:00,90,M4,16.128952026367188
2026-09-23 15:00:00,120,M0,25.316375732421875
2026-09-23 15:00:00,120,M4,18.068878173828125
2026-09-23 15:00:00,150,M0,27.75528907775879
2026-09-23 15:00:00,150,M4,19.1920108795166
2026-09-23 15:00:00,180,M0,30.570987701416016
2026-09-23 15:00:00,180,M4,20.42340850830078
2026-09-23 15:00:00,210,M0,32.27471160888672
2026-09-23 15:00:00,210,M4,21.58367729187012
2026-09-23 15:00:00,240,M0,33.78837585449219
2026-09-23 15:00:00,240,M4,22.4791202545166
2026-09-23 15:00:00,270,M0,34.861900329589844
2026-09-23 15:00:00,270,M4,23.13203430175781
2026-09-23 15:00:00,300,M0,36.31402969360352
2026-09-23 15:00:00,300,M4,23.89701461791992
2026-09-23 15:00:00,330,M0,37.142765045166016
2026-09-23 15:00:00,330,M4,24.522993087768555
2026-09-23 15:00:00,360,M0,37.77982711791992
2026-09-23 15:00:00,360,M4,24.79969787597656
2026-09-23 16:00:00,30,M0,14.14106273651123
2026-09-23 16:00:00,30,M4,10.941222190856934
2026-09-23 16:00:00,60,M0,19.76988220214844
2026-09-23 16:00:00,60,M4,14.71095085144043
2026-09-23 16:00:00,90,M0,22.90223693847656
2026-09-23 16:00:00,90,M4,16.70789909362793
2026-09-23 16:00:00,120,M0,25.730224609375
2026-09-23 16:00:00,120,M4,18.40312385559082
2026-09-23 16:00:00,150,M0,27.793359756469727
2026-09-23 16:00:00,150,M4,19.756059646606445
2026-09-23 16:00:00,180,M0,29.738264083862305
2026-09-23 16:00:00,180,M4,20.686298370361328
2026-09-23 16:00:00,210,M0,31.09113883972168
2026-09-23 16:00:00,210,M4,21.36345863342285
2026-09-23 16:00:00,240,M0,32.913604736328125
2026-09-23 16:00:00,240,M4,22.140331268310547
2026-09-23 16:00:00,270,M0,34.00083923339844
2026-09-23 16:00:00,270,M4,22.864809036254883
2026-09-23 16:00:00,300,M0,34.767513275146484
2026-09-23 16:00:00,300,M4,23.11389541625977
2026-09-23 16:00:00,330,M0,35.8105583190918
2026-09-23 16:00:00,330,M4,23.526029586791992
2026-09-23 16:00:00,360,M0,36.48893356323242
2026-09-23 16:00:00,360,M4,24.31957244873047
2026-09-23 17:00:00,30,M0,14.142348289489746
2026-09-23 17:00:00,30,M4,10.846071243286133
2026-09-23 17:00:00,60,M0,18.667705535888672
2026-09-23 17:00:00,60,M4,13.99410629272461
2026-09-23 17:00:00,90,M0,21.50726890563965
2026-09-23 17:00:00,90,M4,16.219022750854492
2026-09-23 17:00:00,120,M0,23.69199180603028
2026-09-23 17:00:00,120,M4,17.693450927734375
2026-09-23 17:00:00,150,M0,25.4925479888916
2026-09-23 17:00:00,150,M4,18.914627075195312
2026-09-23 17:00:00,180,M0,27.588098526000977
2026-09-23 17:00:00,180,M4,19.89599800109864
2026-09-23 17:00:00,210,M0,28.967514038085938
2026-09-23 17:00:00,210,M4,20.489540100097656
2026-09-23 17:00:00,240,M0,29.90755844116211
2026-09-23 17:00:00,240,M4,20.73589324951172
2026-09-23 17:00:00,270,M0,31.038686752319336
2026-09-23 17:00:00,270,M4,20.866180419921875
2026-09-23 17:00:00,300,M0,32.44621276855469
2026-09-23 17:00:00,300,M4,21.740806579589844
2026-09-23 17:00:00,330,M0,32.515018463134766
2026-09-23 17:00:00,330,M4,22.20463180541992
2026-09-23 17:00:00,360,M0,33.6101188659668
2026-09-23 17:00:00,360,M4,23.43556022644043
2026-09-23 18:00:00,30,M0,13.83541774749756
2026-09-23 18:00:00,30,M4,10.50801944732666
2026-09-23 18:00:00,60,M0,17.850234985351562
2026-09-23 18:00:00,60,M4,13.473249435424805
2026-09-23 18:00:00,90,M0,20.02314567565918
2026-09-23 18:00:00,90,M4,15.318855285644531
2026-09-23 18:00:00,120,M0,22.05144691467285
2026-09-23 18:00:00,120,M4,17.018962860107422
2026-09-23 18:00:00,150,M0,23.99761962890625
2026-09-23 18:00:00,150,M4,18.154541015625
2026-09-23 18:00:00,180,M0,25.58802795410156
2026-09-23 18:00:00,180,M4,19.07541275024414
2026-09-23 18:00:00,210,M0,27.396089553833008
2026-09-23 18:00:00,210,M4,19.53057098388672
2026-09-23 18:00:00,240,M0,28.54338836669922
2026-09-23 18:00:00,240,M4,20.60097312927246
2026-09-23 18:00:00,270,M0,28.87957000732422
2026-09-23 18:00:00,270,M4,20.95738983154297
2026-09-23 18:00:00,300,M0,30.19796562194824
2026-09-23 18:00:00,300,M4,22.18375396728516
2026-09-23 18:00:00,330,M0,30.76909065246582
2026-09-23 18:00:00,330,M4,22.463111877441406
2026-09-23 18:00:00,360,M0,31.658815383911133
2026-09-23 18:00:00,360,M4,22.587589263916016
2026-09-23 20:00:00,30,M0,13.242287635803224
2026-09-23 20:00:00,30,M4,9.95595932006836
2026-09-23 20:00:00,60,M0,17.029804229736328
2026-09-23 20:00:00,60,M4,12.798081398010254
2026-09-23 20:00:00,90,M0,20.00835609436035
2026-09-23 20:00:00,90,M4,14.90599536895752
2026-09-23 20:00:00,120,M0,22.046113967895508
2026-09-23 20:00:00,120,M4,16.081485748291016
2026-09-23 20:00:00,150,M0,23.135210037231445
2026-09-23 20:00:00,150,M4,17.10062599182129
2026-09-23 20:00:00,180,M0,24.557846069335938
2026-09-23 20:00:00,180,M4,18.277851104736328
2026-09-23 20:00:00,210,M0,25.20425605773925
2026-09-23 20:00:00,210,M4,18.82716560363769
2026-09-23 20:00:00,240,M0,26.56986618041992
2026-09-23 20:00:00,240,M4,19.242130279541016
2026-09-23 20:00:00,270,M0,28.012710571289062
2026-09-23 20:00:00,270,M4,19.79975128173828
2026-09-23 20:00:00,300,M0,30.012590408325195
2026-09-23 20:00:00,300,M4,20.431060791015625
2026-09-23 20:00:00,330,M0,31.91461181640625
2026-09-23 20:00:00,330,M4,21.61905670166016
2026-09-23 20:00:00,360,M0,33.134735107421875
2026-09-23 20:00:00,360,M4,22.614370346069336
2026-09-23 22:00:00,30,M0,15.005575180053713
2026-09-23 22:00:00,30,M4,11.84993839263916
2026-09-23 22:00:00,60,M0,17.887176513671875
2026-09-23 22:00:00,60,M4,14.409676551818848
2026-09-23 22:00:00,90,M0,20.19877052307129
2026-09-23 22:00:00,90,M4,16.19043731689453
2026-09-23 22:00:00,120,M0,22.498735427856445
2026-09-23 22:00:00,120,M4,17.555227279663086
2026-09-23 22:00:00,150,M0,24.548078536987305
2026-09-23 22:00:00,150,M4,18.87446975708008
2026-09-23 22:00:00,180,M0,26.69296836853028
2026-09-23 22:00:00,180,M4,19.704469680786133
2026-09-23 22:00:00,210,M0,28.46674156188965
2026-09-23 22:00:00,210,M4,20.547452926635746
2026-09-23 22:00:00,240,M0,29.924692153930664
2026-09-23 22:00:00,240,M4,21.122034072875977
2026-09-23 22:00:00,270,M0,31.240324020385746
2026-09-23 22:00:00,270,M4,21.610822677612305
2026-09-23 22:00:00,300,M0,32.40403366088867
2026-09-23 22:00:00,300,M4,21.95645523071289
2026-09-23 22:00:00,330,M0,33.056453704833984
2026-09-23 22:00:00,330,M4,22.20614242553711
2026-09-23 22:00:00,360,M0,33.62356185913086
2026-09-23 22:00:00,360,M4,22.40285873413086
2026-09-23 23:00:00,30,M0,13.408272743225098
2026-09-23 23:00:00,30,M4,9.946462631225586
2026-09-23 23:00:00,60,M0,17.431087493896484
2026-09-23 23:00:00,60,M4,13.289770126342772
2026-09-23 23:00:00,90,M0,20.82370376586914
2026-09-23 23:00:00,90,M4,15.641301155090332
2026-09-23 23:00:00,120,M0,23.47660255432129
2026-09-23 23:00:00,120,M4,17.343204498291016
2026-09-23 23:00:00,150,M0,26.33275604248047
2026-09-23 23:00:00,150,M4,19.00712776184082
2026-09-23 23:00:00,180,M0,28.37063407897949
2026-09-23 23:00:00,180,M4,19.918676376342773
2026-09-23 23:00:00,210,M0,29.804479598999023
2026-09-23 23:00:00,210,M4,20.590187072753903
2026-09-23 23:00:00,240,M0,30.937068939208984
2026-09-23 23:00:00,240,M4,21.05045509338379
2026-09-23 23:00:00,270,M0,31.686559677124023
2026-09-23 23:00:00,270,M4,21.01666831970215
2026-09-23 23:00:00,300,M0,32.36305618286133
2026-09-23 23:00:00,300,M4,20.893442153930664
2026-09-23 23:00:00,330,M0,32.9307746887207
2026-09-23 23:00:00,330,M4,20.95923042297364
2026-09-23 23:00:00,360,M0,33.01946258544922
2026-09-23 23:00:00,360,M4,21.18148422241211
2026-09-24 00:00:00,30,M0,13.982434272766112
2026-09-24 00:00:00,30,M4,10.145150184631348
2026-09-24 00:00:00,60,M0,18.13949203491211
2026-09-24 00:00:00,60,M4,13.033636093139648
2026-09-24 00:00:00,90,M0,21.671056747436523
2026-09-24 00:00:00,90,M4,15.394742965698242
2026-09-24 00:00:00,120,M0,23.939565658569336
2026-09-24 00:00:00,120,M4,17.057653427124023
2026-09-24 00:00:00,150,M0,26.05101203918457
2026-09-24 00:00:00,150,M4,18.17749786376953
2026-09-24 00:00:00,180,M0,27.88690948486328
2026-09-24 00:00:00,180,M4,18.87813186645508
2026-09-24 00:00:00,210,M0,28.80576705932617
2026-09-24 00:00:00,210,M4,19.18295288085937
2026-09-24 00:00:00,240,M0,29.835731506347656
2026-09-24 00:00:00,240,M4,19.334867477416992
2026-09-24 00:00:00,270,M0,30.75961685180664
2026-09-24 00:00:00,270,M4,19.60190200805664
2026-09-24 00:00:00,300,M0,31.149864196777344
2026-09-24 00:00:00,300,M4,19.92662239074707
2026-09-24 00:00:00,330,M0,31.773462295532227
2026-09-24 00:00:00,330,M4,20.35027313232422
2026-09-24 01:00:00,30,M0,14.309822082519531
2026-09-24 01:00:00,30,M4,10.349807739257812
2026-09-24 01:00:00,60,M0,18.117963790893555
2026-09-24 01:00:00,60,M4,13.122276306152344
2026-09-24 01:00:00,90,M0,21.00577735900879
2026-09-24 01:00:00,90,M4,15.155313491821287
2026-09-24 01:00:00,120,M0,22.95948982238769
2026-09-24 01:00:00,120,M4,16.609899520874023
2026-09-24 01:00:00,150,M0,24.56783676147461
2026-09-24 01:00:00,150,M4,17.43440818786621
2026-09-24 01:00:00,180,M0,25.805116653442383
2026-09-24 01:00:00,180,M4,17.898576736450195
2026-09-24 01:00:00,210,M0,26.74702262878418
2026-09-24 01:00:00,210,M4,18.312604904174805
2026-09-24 01:00:00,240,M0,27.52494239807129
2026-09-24 01:00:00,240,M4,18.6212215423584
2026-09-24 01:00:00,270,M0,28.33579063415528
2026-09-24 01:00:00,270,M4,18.964672088623047
2026-09-24 01:00:00,330,M0,29.419639587402344
2026-09-24 01:00:00,330,M4,19.244403839111328
2026-09-24 01:00:00,360,M0,30.295684814453125
2026-09-24 01:00:00,360,M4,19.62181282043457
2026-09-24 02:00:00,30,M0,13.99146556854248
2026-09-24 02:00:00,30,M4,10.176528930664062
2026-09-24 02:00:00,60,M0,17.950153350830078
2026-09-24 02:00:00,60,M4,13.209869384765623
2026-09-24 02:00:00,90,M0,20.400775909423828
2026-09-24 02:00:00,90,M4,14.889270782470703
2026-09-24 02:00:00,120,M0,22.08807373046875
2026-09-24 02:00:00,120,M4,15.846108436584473
2026-09-24 02:00:00,150,M0,23.552391052246094
2026-09-24 02:00:00,150,M4,16.56977081298828
2026-09-24 02:00:00,180,M0,24.29160499572754
2026-09-24 02:00:00,180,M4,16.98306655883789
2026-09-24 02:00:00,210,M0,25.223276138305664
2026-09-24 02:00:00,210,M4,17.432397842407227
2026-09-24 02:00:00,270,M0,26.659496307373047
2026-09-24 02:00:00,270,M4,17.571496963500977
2026-09-24 02:00:00,300,M0,27.61263656616211
2026-09-24 02:00:00,300,M4,18.002099990844727
2026-09-24 02:00:00,330,M0,28.05941200256348
2026-09-24 02:00:00,330,M4,18.30935287475586
2026-09-24 02:00:00,360,M0,28.60406494140625
2026-09-24 02:00:00,360,M4,19.057449340820312
2026-09-24 03:00:00,30,M0,14.073742866516112
2026-09-24 03:00:00,30,M4,10.17708683013916
2026-09-24 03:00:00,60,M0,17.593820571899414
2026-09-24 03:00:00,60,M4,12.588597297668455
2026-09-24 03:00:00,90,M0,19.88677406311035
2026-09-24 03:00:00,90,M4,14.270547866821287
2026-09-24 03:00:00,120,M0,21.4421329498291
2026-09-24 03:00:00,120,M4,15.327536582946776
2026-09-24 03:00:00,150,M0,22.801721572875977
2026-09-24 03:00:00,150,M4,16.03317642211914
2026-09-24 03:00:00,210,M0,24.879230499267575
2026-09-24 03:00:00,210,M4,16.590673446655273
2026-09-24 03:00:00,240,M0,25.89798927307129
2026-09-24 03:00:00,240,M4,17.055309295654297
2026-09-24 03:00:00,270,M0,26.83946418762207
2026-09-24 03:00:00,270,M4,17.31128692626953
2026-09-24 03:00:00,300,M0,27.11647605895996
2026-09-24 03:00:00,300,M4,17.82395362854004
2026-09-24 03:00:00,330,M0,28.38920783996582
2026-09-24 03:00:00,330,M4,18.95906639099121
2026-09-24 03:00:00,360,M0,28.68087577819824
2026-09-24 03:00:00,360,M4,18.67290496826172
2026-09-24 04:00:00,30,M0,14.132851600646973
2026-09-24 04:00:00,30,M4,10.080220222473145
2026-09-24 04:00:00,60,M0,17.939912796020508
2026-09-24 04:00:00,60,M4,12.825926780700684
2026-09-24 04:00:00,90,M0,19.93433380126953
2026-09-24 04:00:00,90,M4,14.46496295928955
2026-09-24 04:00:00,150,M0,22.720293045043945
2026-09-24 04:00:00,150,M4,15.799668312072754
2026-09-24 04:00:00,180,M0,24.128488540649414
2026-09-24 04:00:00,180,M4,16.525609970092773
2026-09-24 04:00:00,210,M0,25.29825210571289
2026-09-24 04:00:00,210,M4,16.883447647094727
2026-09-24 04:00:00,240,M0,25.97714614868164
2026-09-24 04:00:00,240,M4,17.45960807800293
2026-09-24 04:00:00,270,M0,27.003856658935547
2026-09-24 04:00:00,270,M4,18.02996063232422
2026-09-24 04:00:00,300,M0,26.940765380859375
2026-09-24 04:00:00,300,M4,17.83039665222168
2026-09-24 04:00:00,330,M0,27.411592483520508
2026-09-24 04:00:00,330,M4,18.136411666870117
2026-09-24 04:00:00,360,M0,29.05872917175293
2026-09-24 04:00:00,360,M4,19.677234649658203
