valid_kst,city,model,run_utc,step_h,lead_day,var,fcst,obs,err
2026-10-01 00:00:00,강릉,ECMWF,2026-09-30 12:00:00,3,0,dswrf,0.0,,
2026-10-01 00:00:00,강릉,ECMWF,2026-09-30 12:00:00,3,0,t2m,21.6,23.6,-2.0
2026-10-01 00:00:00,강릉,ECMWF,2026-09-30 12:00:00,3,0,tcc,65.0,90.0,-25.0
2026-10-01 00:00:00,강릉,ECMWF,2026-09-29 12:00:00,27,1,dswrf,0.0,,
2026-10-01 00:00:00,강릉,ECMWF,2026-09-29 12:00:00,27,1,t2m,21.1,23.6,-2.5
2026-10-01 00:00:00,강릉,ECMWF,2026-09-29 12:00:00,27,1,tcc,59.0,90.0,-31.0
2026-10-01 00:00:00,강릉,ECMWF,2026-09-28 12:00:00,51,2,dswrf,0.0,,
2026-10-01 00:00:00,강릉,ECMWF,2026-09-28 12:00:00,51,2,t2m,21.0,23.6,-2.6
2026-10-01 00:00:00,강릉,ECMWF,2026-09-28 12:00:00,51,2,tcc,24.0,90.0,-66.0
2026-10-01 00:00:00,강릉,ECMWF,2026-09-28 00:00:00,63,2,dswrf,0.0,,
2026-10-01 00:00:00,강릉,ECMWF,2026-09-28 00:00:00,63,2,t2m,21.3,23.6,-2.3
2026-10-01 00:00:00,강릉,ECMWF,2026-09-28 00:00:00,63,2,tcc,41.0,90.0,-49.0
2026-10-01 00:00:00,강릉,ECMWF,2026-09-27 12:00:00,75,3,dswrf,0.0,,
2026-10-01 00:00:00,강릉,ECMWF,2026-09-27 12:00:00,75,3,t2m,20.3,23.6,-3.3
2026-10-01 00:00:00,강릉,ECMWF,2026-09-27 12:00:00,75,3,tcc,30.0,90.0,-60.0
2026-10-01 00:00:00,강릉,ECMWF,2026-09-26 12:00:00,99,4,dswrf,0.0,,
2026-10-01 00:00:00,강릉,ECMWF,2026-09-26 12:00:00,99,4,t2m,20.0,23.6,-3.6
2026-10-01 00:00:00,강릉,ECMWF,2026-09-26 12:00:00,99,4,tcc,10.0,90.0,-80.0
2026-10-01 00:00:00,강릉,ECMWF,2026-09-25 12:00:00,123,5,dswrf,0.0,,
2026-10-01 00:00:00,강릉,ECMWF,2026-09-25 12:00:00,123,5,t2m,19.9,23.6,-3.7
2026-10-01 00:00:00,강릉,ECMWF,2026-09-25 12:00:00,123,5,tcc,17.0,90.0,-73.0
2026-10-01 00:00:00,강릉,GFS,2026-09-30 12:00:00,3,0,dswrf,0.0,,
2026-10-01 00:00:00,강릉,GFS,2026-09-30 12:00:00,3,0,t2m,21.2,23.6,-2.4
2026-10-01 00:00:00,강릉,GFS,2026-09-30 12:00:00,3,0,tcc,87.0,90.0,-3.0
2026-10-01 00:00:00,강릉,GFS,2026-09-30 00:00:00,15,0,dswrf,0.0,,
2026-10-01 00:00:00,강릉,GFS,2026-09-30 00:00:00,15,0,t2m,21.2,23.6,-2.4
2026-10-01 00:00:00,강릉,GFS,2026-09-30 00:00:00,15,0,tcc,100.0,90.0,10.0
2026-10-01 00:00:00,강릉,GFS,2026-09-29 18:00:00,21,0,dswrf,0.0,,
2026-10-01 00:00:00,강릉,GFS,2026-09-29 18:00:00,21,0,t2m,21.6,23.6,-2.0
2026-10-01 00:00:00,강릉,GFS,2026-09-29 18:00:00,21,0,tcc,98.0,90.0,8.0
2026-10-01 00:00:00,강릉,GFS,2026-09-29 12:00:00,27,1,dswrf,0.0,,
2026-10-01 00:00:00,강릉,GFS,2026-09-29 12:00:00,27,1,t2m,21.5,23.6,-2.1
2026-10-01 00:00:00,강릉,GFS,2026-09-29 12:00:00,27,1,tcc,85.0,90.0,-5.0
2026-10-01 00:00:00,강릉,GFS,2026-09-29 00:00:00,39,1,dswrf,0.0,,
2026-10-01 00:00:00,강릉,GFS,2026-09-29 00:00:00,39,1,t2m,21.7,23.6,-1.9
2026-10-01 00:00:00,강릉,GFS,2026-09-29 00:00:00,39,1,tcc,100.0,90.0,10.0
2026-10-01 00:00:00,강릉,GFS,2026-09-28 18:00:00,45,1,dswrf,0.0,,
2026-10-01 00:00:00,강릉,GFS,2026-09-28 18:00:00,45,1,t2m,21.4,23.6,-2.2
2026-10-01 00:00:00,강릉,GFS,2026-09-28 18:00:00,45,1,tcc,100.0,90.0,10.0
2026-10-01 00:00:00,강릉,GFS,2026-09-28 12:00:00,51,2,dswrf,0.0,,
2026-10-01 00:00:00,강릉,GFS,2026-09-28 12:00:00,51,2,t2m,21.4,23.6,-2.2
2026-10-01 00:00:00,강릉,GFS,2026-09-28 12:00:00,51,2,tcc,99.0,90.0,9.0
2026-10-01 00:00:00,강릉,GFS,2026-09-28 00:00:00,63,2,dswrf,0.0,,
2026-10-01 00:00:00,강릉,GFS,2026-09-28 00:00:00,63,2,t2m,20.9,23.6,-2.7
2026-10-01 00:00:00,강릉,GFS,2026-09-28 00:00:00,63,2,tcc,100.0,90.0,10.0
2026-10-01 00:00:00,강릉,GFS,2026-09-27 18:00:00,69,2,dswrf,0.0,,
2026-10-01 00:00:00,강릉,GFS,2026-09-27 18:00:00,69,2,t2m,20.9,23.6,-2.7
2026-10-01 00:00:00,강릉,GFS,2026-09-27 18:00:00,69,2,tcc,91.0,90.0,1.0
2026-10-01 00:00:00,강릉,GFS,2026-09-27 12:00:00,75,3,dswrf,0.0,,
2026-10-01 00:00:00,강릉,GFS,2026-09-27 12:00:00,75,3,t2m,21.2,23.6,-2.4
2026-10-01 00:00:00,강릉,GFS,2026-09-27 12:00:00,75,3,tcc,86.0,90.0,-4.0
2026-10-01 00:00:00,강릉,GFS,2026-09-27 00:00:00,87,3,dswrf,0.0,,
2026-10-01 00:00:00,강릉,GFS,2026-09-27 00:00:00,87,3,t2m,21.2,23.6,-2.4
2026-10-01 00:00:00,강릉,GFS,2026-09-27 00:00:00,87,3,tcc,99.0,90.0,9.0
2026-10-01 00:00:00,강릉,GFS,2026-09-26 18:00:00,93,3,dswrf,0.0,,
2026-10-01 00:00:00,강릉,GFS,2026-09-26 18:00:00,93,3,t2m,21.3,23.6,-2.3
2026-10-01 00:00:00,강릉,GFS,2026-09-26 18:00:00,93,3,tcc,98.0,90.0,8.0
2026-10-01 00:00:00,강릉,GFS,2026-09-26 00:00:00,111,4,dswrf,0.0,,
2026-10-01 00:00:00,강릉,GFS,2026-09-26 00:00:00,111,4,t2m,20.0,23.6,-3.6
2026-10-01 00:00:00,강릉,GFS,2026-09-26 00:00:00,111,4,tcc,100.0,90.0,10.0
2026-10-01 00:00:00,강릉,GFS,2026-09-25 18:00:00,117,4,dswrf,0.0,,
2026-10-01 00:00:00,강릉,GFS,2026-09-25 18:00:00,117,4,t2m,20.6,23.6,-3.0
2026-10-01 00:00:00,강릉,GFS,2026-09-25 18:00:00,117,4,tcc,100.0,90.0,10.0
2026-10-01 00:00:00,강릉,KIM,2026-09-30 12:00:00,3,0,dswrf,0.0,,
2026-10-01 00:00:00,강릉,KIM,2026-09-30 12:00:00,3,0,t2m,20.3,23.6,-3.3
2026-10-01 00:00:00,강릉,KIM,2026-09-30 12:00:00,3,0,tcc,94.0,90.0,4.0
2026-10-01 00:00:00,강릉,KIM,2026-09-30 00:00:00,15,0,dswrf,0.0,,
2026-10-01 00:00:00,강릉,KIM,2026-09-30 00:00:00,15,0,t2m,20.7,23.6,-2.9
2026-10-01 00:00:00,강릉,KIM,2026-09-30 00:00:00,15,0,tcc,74.0,90.0,-16.0
2026-10-01 00:00:00,강릉,KIM,2026-09-29 12:00:00,27,1,dswrf,-0.0,,
2026-10-01 00:00:00,강릉,KIM,2026-09-29 12:00:00,27,1,t2m,20.9,23.6,-2.7
2026-10-01 00:00:00,강릉,KIM,2026-09-29 12:00:00,27,1,tcc,78.0,90.0,-12.0
2026-10-01 00:00:00,강릉,KIM,2026-09-29 00:00:00,39,1,dswrf,-0.0,,
2026-10-01 00:00:00,강릉,KIM,2026-09-29 00:00:00,39,1,t2m,21.0,23.6,-2.6
2026-10-01 00:00:00,강릉,KIM,2026-09-29 00:00:00,39,1,tcc,60.0,90.0,-30.0
2026-10-01 00:00:00,강릉,KIM,2026-09-28 12:00:00,51,2,dswrf,0.0,,
2026-10-01 00:00:00,강릉,KIM,2026-09-28 12:00:00,51,2,t2m,20.6,23.6,-3.0
2026-10-01 00:00:00,강릉,KIM,2026-09-28 12:00:00,51,2,tcc,66.0,90.0,-24.0
2026-10-01 00:00:00,강릉,KIM,2026-09-28 00:00:00,63,2,dswrf,0.0,,
2026-10-01 00:00:00,강릉,KIM,2026-09-28 00:00:00,63,2,t2m,20.5,23.6,-3.1
2026-10-01 00:00:00,강릉,KIM,2026-09-28 00:00:00,63,2,tcc,76.0,90.0,-14.0
2026-10-01 00:00:00,강릉,KIM,2026-09-27 12:00:00,75,3,dswrf,-0.0,,
2026-10-01 00:00:00,강릉,KIM,2026-09-27 12:00:00,75,3,t2m,18.6,23.6,-5.0
2026-10-01 00:00:00,강릉,KIM,2026-09-27 12:00:00,75,3,tcc,94.0,90.0,4.0
2026-10-01 00:00:00,강릉,KIM,2026-09-27 00:00:00,87,3,dswrf,-0.0,,
2026-10-01 00:00:00,강릉,KIM,2026-09-27 00:00:00,87,3,t2m,19.1,23.6,-4.5
2026-10-01 00:00:00,강릉,KIM,2026-09-27 00:00:00,87,3,tcc,45.0,90.0,-45.0
2026-10-01 00:00:00,강릉,KIM,2026-09-26 12:00:00,99,4,dswrf,0.0,,
2026-10-01 00:00:00,강릉,KIM,2026-09-26 12:00:00,99,4,t2m,16.8,23.6,-6.8
2026-10-01 00:00:00,강릉,KIM,2026-09-26 12:00:00,99,4,tcc,0.0,90.0,-90.0
2026-10-01 00:00:00,강릉,KIM,2026-09-26 00:00:00,111,4,dswrf,-0.0,,
2026-10-01 00:00:00,강릉,KIM,2026-09-26 00:00:00,111,4,t2m,17.1,23.6,-6.5
2026-10-01 00:00:00,강릉,KIM,2026-09-26 00:00:00,111,4,tcc,0.0,90.0,-90.0
2026-10-01 00:00:00,광주,ECMWF,2026-09-30 12:00:00,3,0,dswrf,0.0,,
2026-10-01 00:00:00,광주,ECMWF,2026-09-30 12:00:00,3,0,t2m,16.8,19.7,-2.9
2026-10-01 00:00:00,광주,ECMWF,2026-09-30 12:00:00,3,0,tcc,39.0,30.0,9.0
2026-10-01 00:00:00,광주,ECMWF,2026-09-29 12:00:00,27,1,dswrf,0.0,,
2026-10-01 00:00:00,광주,ECMWF,2026-09-29 12:00:00,27,1,t2m,17.0,19.7,-2.7
2026-10-01 00:00:00,광주,ECMWF,2026-09-29 12:00:00,27,1,tcc,87.0,30.0,57.0
2026-10-01 00:00:00,광주,ECMWF,2026-09-28 12:00:00,51,2,dswrf,0.0,,
2026-10-01 00:00:00,광주,ECMWF,2026-09-28 12:00:00,51,2,t2m,16.8,19.7,-2.9
2026-10-01 00:00:00,광주,ECMWF,2026-09-28 12:00:00,51,2,tcc,100.0,30.0,70.0
2026-10-01 00:00:00,광주,ECMWF,2026-09-28 00:00:00,63,2,dswrf,0.0,,
2026-10-01 00:00:00,광주,ECMWF,2026-09-28 00:00:00,63,2,t2m,16.6,19.7,-3.1
2026-10-01 00:00:00,광주,ECMWF,2026-09-28 00:00:00,63,2,tcc,93.0,30.0,63.0
2026-10-01 00:00:00,광주,ECMWF,2026-09-27 12:00:00,75,3,dswrf,0.0,,
2026-10-01 00:00:00,광주,ECMWF,2026-09-27 12:00:00,75,3,t2m,16.8,19.7,-2.9
2026-10-01 00:00:00,광주,ECMWF,2026-09-27 12:00:00,75,3,tcc,99.0,30.0,69.0
2026-10-01 00:00:00,광주,ECMWF,2026-09-26 12:00:00,99,4,dswrf,0.0,,
2026-10-01 00:00:00,광주,ECMWF,2026-09-26 12:00:00,99,4,t2m,19.3,19.7,-0.4
2026-10-01 00:00:00,광주,ECMWF,2026-09-26 12:00:00,99,4,tcc,98.0,30.0,68.0
2026-10-01 00:00:00,광주,ECMWF,2026-09-25 12:00:00,123,5,dswrf,0.0,,
2026-10-01 00:00:00,광주,ECMWF,2026-09-25 12:00:00,123,5,t2m,16.7,19.7,-3.0
2026-10-01 00:00:00,광주,ECMWF,2026-09-25 12:00:00,123,5,tcc,89.0,30.0,59.0
2026-10-01 00:00:00,광주,GFS,2026-09-30 12:00:00,3,0,dswrf,0.0,,
2026-10-01 00:00:00,광주,GFS,2026-09-30 12:00:00,3,0,t2m,17.2,19.7,-2.5
2026-10-01 00:00:00,광주,GFS,2026-09-30 12:00:00,3,0,tcc,72.0,30.0,42.0
2026-10-01 00:00:00,광주,GFS,2026-09-30 00:00:00,15,0,dswrf,0.0,,
2026-10-01 00:00:00,광주,GFS,2026-09-30 00:00:00,15,0,t2m,16.4,19.7,-3.3
2026-10-01 00:00:00,광주,GFS,2026-09-30 00:00:00,15,0,tcc,60.0,30.0,30.0
2026-10-01 00:00:00,광주,GFS,2026-09-29 18:00:00,21,0,dswrf,0.0,,
2026-10-01 00:00:00,광주,GFS,2026-09-29 18:00:00,21,0,t2m,16.5,19.7,-3.2
2026-10-01 00:00:00,광주,GFS,2026-09-29 18:00:00,21,0,tcc,68.0,30.0,38.0
2026-10-01 00:00:00,광주,GFS,2026-09-29 12:00:00,27,1,dswrf,0.0,,
2026-10-01 00:00:00,광주,GFS,2026-09-29 12:00:00,27,1,t2m,16.5,19.7,-3.2
2026-10-01 00:00:00,광주,GFS,2026-09-29 12:00:00,27,1,tcc,62.0,30.0,32.0
2026-10-01 00:00:00,광주,GFS,2026-09-29 00:00:00,39,1,dswrf,0.0,,
2026-10-01 00:00:00,광주,GFS,2026-09-29 00:00:00,39,1,t2m,16.3,19.7,-3.4
2026-10-01 00:00:00,광주,GFS,2026-09-29 00:00:00,39,1,tcc,90.0,30.0,60.0
2026-10-01 00:00:00,광주,GFS,2026-09-28 18:00:00,45,1,dswrf,0.0,,
2026-10-01 00:00:00,광주,GFS,2026-09-28 18:00:00,45,1,t2m,15.8,19.7,-3.9
2026-10-01 00:00:00,광주,GFS,2026-09-28 18:00:00,45,1,tcc,92.0,30.0,62.0
2026-10-01 00:00:00,광주,GFS,2026-09-28 12:00:00,51,2,dswrf,0.0,,
2026-10-01 00:00:00,광주,GFS,2026-09-28 12:00:00,51,2,t2m,16.3,19.7,-3.4
2026-10-01 00:00:00,광주,GFS,2026-09-28 12:00:00,51,2,tcc,76.0,30.0,46.0
2026-10-01 00:00:00,광주,GFS,2026-09-28 00:00:00,63,2,dswrf,0.0,,
2026-10-01 00:00:00,광주,GFS,2026-09-28 00:00:00,63,2,t2m,15.6,19.7,-4.1
2026-10-01 00:00:00,광주,GFS,2026-09-28 00:00:00,63,2,tcc,77.0,30.0,47.0
2026-10-01 00:00:00,광주,GFS,2026-09-27 18:00:00,69,2,dswrf,0.0,,
2026-10-01 00:00:00,광주,GFS,2026-09-27 18:00:00,69,2,t2m,15.9,19.7,-3.8
2026-10-01 00:00:00,광주,GFS,2026-09-27 18:00:00,69,2,tcc,83.0,30.0,53.0
2026-10-01 00:00:00,광주,GFS,2026-09-27 12:00:00,75,3,dswrf,0.0,,
2026-10-01 00:00:00,광주,GFS,2026-09-27 12:00:00,75,3,t2m,17.5,19.7,-2.2
2026-10-01 00:00:00,광주,GFS,2026-09-27 12:00:00,75,3,tcc,93.0,30.0,63.0
2026-10-01 00:00:00,광주,GFS,2026-09-27 00:00:00,87,3,dswrf,0.0,,
2026-10-01 00:00:00,광주,GFS,2026-09-27 00:00:00,87,3,t2m,17.3,19.7,-2.4
2026-10-01 00:00:00,광주,GFS,2026-09-27 00:00:00,87,3,tcc,98.0,30.0,68.0
2026-10-01 00:00:00,광주,GFS,2026-09-26 18:00:00,93,3,dswrf,0.0,,
2026-10-01 00:00:00,광주,GFS,2026-09-26 18:00:00,93,3,t2m,17.1,19.7,-2.6
2026-10-01 00:00:00,광주,GFS,2026-09-26 18:00:00,93,3,tcc,98.0,30.0,68.0
2026-10-01 00:00:00,광주,GFS,2026-09-26 00:00:00,111,4,dswrf,0.0,,
2026-10-01 00:00:00,광주,GFS,2026-09-26 00:00:00,111,4,t2m,14.9,19.7,-4.8
2026-10-01 00:00:00,광주,GFS,2026-09-26 00:00:00,111,4,tcc,84.0,30.0,54.0
2026-10-01 00:00:00,광주,GFS,2026-09-25 18:00:00,117,4,dswrf,0.0,,
2026-10-01 00:00:00,광주,GFS,2026-09-25 18:00:00,117,4,t2m,15.0,19.7,-4.7
2026-10-01 00:00:00,광주,GFS,2026-09-25 18:00:00,117,4,tcc,42.0,30.0,12.0
2026-10-01 00:00:00,광주,KIM,2026-09-30 12:00:00,3,0,dswrf,0.0,,
2026-10-01 00:00:00,광주,KIM,2026-09-30 12:00:00,3,0,t2m,17.9,19.7,-1.8
2026-10-01 00:00:00,광주,KIM,2026-09-30 12:00:00,3,0,tcc,41.0,30.0,11.0
2026-10-01 00:00:00,광주,KIM,2026-09-30 00:00:00,15,0,dswrf,0.0,,
2026-10-01 00:00:00,광주,KIM,2026-09-30 00:00:00,15,0,t2m,18.0,19.7,-1.7
2026-10-01 00:00:00,광주,KIM,2026-09-30 00:00:00,15,0,tcc,75.0,30.0,45.0
2026-10-01 00:00:00,광주,KIM,2026-09-29 12:00:00,27,1,dswrf,-0.0,,
2026-10-01 00:00:00,광주,KIM,2026-09-29 12:00:00,27,1,t2m,17.6,19.7,-2.1
2026-10-01 00:00:00,광주,KIM,2026-09-29 12:00:00,27,1,tcc,42.0,30.0,12.0
2026-10-01 00:00:00,광주,KIM,2026-09-29 00:00:00,39,1,dswrf,-0.0,,
2026-10-01 00:00:00,광주,KIM,2026-09-29 00:00:00,39,1,t2m,17.8,19.7,-1.9
2026-10-01 00:00:00,광주,KIM,2026-09-29 00:00:00,39,1,tcc,96.0,30.0,66.0
2026-10-01 00:00:00,광주,KIM,2026-09-28 12:00:00,51,2,dswrf,0.0,,
2026-10-01 00:00:00,광주,KIM,2026-09-28 12:00:00,51,2,t2m,18.4,19.7,-1.3
2026-10-01 00:00:00,광주,KIM,2026-09-28 12:00:00,51,2,tcc,96.0,30.0,66.0
2026-10-01 00:00:00,광주,KIM,2026-09-28 00:00:00,63,2,dswrf,0.0,,
2026-10-01 00:00:00,광주,KIM,2026-09-28 00:00:00,63,2,t2m,18.1,19.7,-1.6
2026-10-01 00:00:00,광주,KIM,2026-09-28 00:00:00,63,2,tcc,76.0,30.0,46.0
2026-10-01 00:00:00,광주,KIM,2026-09-27 12:00:00,75,3,dswrf,-0.0,,
2026-10-01 00:00:00,광주,KIM,2026-09-27 12:00:00,75,3,t2m,20.0,19.7,0.3
2026-10-01 00:00:00,광주,KIM,2026-09-27 12:00:00,75,3,tcc,93.0,30.0,63.0
2026-10-01 00:00:00,광주,KIM,2026-09-27 00:00:00,87,3,dswrf,-0.0,,
2026-10-01 00:00:00,광주,KIM,2026-09-27 00:00:00,87,3,t2m,19.1,19.7,-0.6
2026-10-01 00:00:00,광주,KIM,2026-09-27 00:00:00,87,3,tcc,89.0,30.0,59.0
2026-10-01 00:00:00,광주,KIM,2026-09-26 12:00:00,99,4,dswrf,0.0,,
2026-10-01 00:00:00,광주,KIM,2026-09-26 12:00:00,99,4,t2m,19.2,19.7,-0.5
2026-10-01 00:00:00,광주,KIM,2026-09-26 12:00:00,99,4,tcc,95.0,30.0,65.0
2026-10-01 00:00:00,광주,KIM,2026-09-26 00:00:00,111,4,dswrf,-0.0,,
2026-10-01 00:00:00,광주,KIM,2026-09-26 00:00:00,111,4,t2m,19.3,19.7,-0.4
2026-10-01 00:00:00,광주,KIM,2026-09-26 00:00:00,111,4,tcc,53.0,30.0,23.0
2026-10-01 00:00:00,대구,ECMWF,2026-09-30 12:00:00,3,0,dswrf,0.0,,
2026-10-01 00:00:00,대구,ECMWF,2026-09-30 12:00:00,3,0,t2m,17.9,21.3,-3.4
2026-10-01 00:00:00,대구,ECMWF,2026-09-30 12:00:00,3,0,tcc,2.0,0.0,2.0
2026-10-01 00:00:00,대구,ECMWF,2026-09-29 12:00:00,27,1,dswrf,0.0,,
2026-10-01 00:00:00,대구,ECMWF,2026-09-29 12:00:00,27,1,t2m,16.9,21.3,-4.4
2026-10-01 00:00:00,대구,ECMWF,2026-09-29 12:00:00,27,1,tcc,40.0,0.0,40.0
2026-10-01 00:00:00,대구,ECMWF,2026-09-28 12:00:00,51,2,dswrf,0.0,,
2026-10-01 00:00:00,대구,ECMWF,2026-09-28 12:00:00,51,2,t2m,17.7,21.3,-3.6
2026-10-01 00:00:00,대구,ECMWF,2026-09-28 12:00:00,51,2,tcc,81.0,0.0,81.0
2026-10-01 00:00:00,대구,ECMWF,2026-09-28 00:00:00,63,2,dswrf,0.0,,
2026-10-01 00:00:00,대구,ECMWF,2026-09-28 00:00:00,63,2,t2m,17.2,21.3,-4.1
2026-10-01 00:00:00,대구,ECMWF,2026-09-28 00:00:00,63,2,tcc,63.0,0.0,63.0
2026-10-01 00:00:00,대구,ECMWF,2026-09-27 12:00:00,75,3,dswrf,0.0,,
2026-10-01 00:00:00,대구,ECMWF,2026-09-27 12:00:00,75,3,t2m,17.1,21.3,-4.2
2026-10-01 00:00:00,대구,ECMWF,2026-09-27 12:00:00,75,3,tcc,60.0,0.0,60.0
2026-10-01 00:00:00,대구,ECMWF,2026-09-26 12:00:00,99,4,dswrf,0.0,,
2026-10-01 00:00:00,대구,ECMWF,2026-09-26 12:00:00,99,4,t2m,17.6,21.3,-3.7
2026-10-01 00:00:00,대구,ECMWF,2026-09-26 12:00:00,99,4,tcc,36.0,0.0,36.0
2026-10-01 00:00:00,대구,ECMWF,2026-09-25 12:00:00,123,5,dswrf,0.0,,
2026-10-01 00:00:00,대구,ECMWF,2026-09-25 12:00:00,123,5,t2m,17.5,21.3,-3.8
2026-10-01 00:00:00,대구,ECMWF,2026-09-25 12:00:00,123,5,tcc,65.0,0.0,65.0
2026-10-01 00:00:00,대구,GFS,2026-09-30 12:00:00,3,0,dswrf,0.0,,
2026-10-01 00:00:00,대구,GFS,2026-09-30 12:00:00,3,0,t2m,17.0,21.3,-4.3
2026-10-01 00:00:00,대구,GFS,2026-09-30 12:00:00,3,0,tcc,7.0,0.0,7.0
2026-10-01 00:00:00,대구,GFS,2026-09-30 00:00:00,15,0,dswrf,0.0,,
2026-10-01 00:00:00,대구,GFS,2026-09-30 00:00:00,15,0,t2m,16.5,21.3,-4.8
2026-10-01 00:00:00,대구,GFS,2026-09-30 00:00:00,15,0,tcc,6.0,0.0,6.0
2026-10-01 00:00:00,대구,GFS,2026-09-29 18:00:00,21,0,dswrf,0.0,,
2026-10-01 00:00:00,대구,GFS,2026-09-29 18:00:00,21,0,t2m,16.1,21.3,-5.2
2026-10-01 00:00:00,대구,GFS,2026-09-29 18:00:00,21,0,tcc,53.0,0.0,53.0
2026-10-01 00:00:00,대구,GFS,2026-09-29 12:00:00,27,1,dswrf,0.0,,
2026-10-01 00:00:00,대구,GFS,2026-09-29 12:00:00,27,1,t2m,16.3,21.3,-5.0
2026-10-01 00:00:00,대구,GFS,2026-09-29 12:00:00,27,1,tcc,44.0,0.0,44.0
2026-10-01 00:00:00,대구,GFS,2026-09-29 00:00:00,39,1,dswrf,0.0,,
2026-10-01 00:00:00,대구,GFS,2026-09-29 00:00:00,39,1,t2m,16.1,21.3,-5.2
2026-10-01 00:00:00,대구,GFS,2026-09-29 00:00:00,39,1,tcc,54.0,0.0,54.0
2026-10-01 00:00:00,대구,GFS,2026-09-28 18:00:00,45,1,dswrf,0.0,,
2026-10-01 00:00:00,대구,GFS,2026-09-28 18:00:00,45,1,t2m,16.5,21.3,-4.8
2026-10-01 00:00:00,대구,GFS,2026-09-28 18:00:00,45,1,tcc,81.0,0.0,81.0
2026-10-01 00:00:00,대구,GFS,2026-09-28 12:00:00,51,2,dswrf,0.0,,
2026-10-01 00:00:00,대구,GFS,2026-09-28 12:00:00,51,2,t2m,15.8,21.3,-5.5
2026-10-01 00:00:00,대구,GFS,2026-09-28 12:00:00,51,2,tcc,78.0,0.0,78.0
2026-10-01 00:00:00,대구,GFS,2026-09-28 00:00:00,63,2,dswrf,0.0,,
2026-10-01 00:00:00,대구,GFS,2026-09-28 00:00:00,63,2,t2m,15.1,21.3,-6.2
2026-10-01 00:00:00,대구,GFS,2026-09-28 00:00:00,63,2,tcc,92.0,0.0,92.0
2026-10-01 00:00:00,대구,GFS,2026-09-27 18:00:00,69,2,dswrf,0.0,,
2026-10-01 00:00:00,대구,GFS,2026-09-27 18:00:00,69,2,t2m,14.9,21.3,-6.4
2026-10-01 00:00:00,대구,GFS,2026-09-27 18:00:00,69,2,tcc,68.0,0.0,68.0
2026-10-01 00:00:00,대구,GFS,2026-09-27 12:00:00,75,3,dswrf,0.0,,
2026-10-01 00:00:00,대구,GFS,2026-09-27 12:00:00,75,3,t2m,15.7,21.3,-5.6
2026-10-01 00:00:00,대구,GFS,2026-09-27 12:00:00,75,3,tcc,59.0,0.0,59.0
2026-10-01 00:00:00,대구,GFS,2026-09-27 00:00:00,87,3,dswrf,0.0,,
2026-10-01 00:00:00,대구,GFS,2026-09-27 00:00:00,87,3,t2m,15.4,21.3,-5.9
2026-10-01 00:00:00,대구,GFS,2026-09-27 00:00:00,87,3,tcc,71.0,0.0,71.0
2026-10-01 00:00:00,대구,GFS,2026-09-26 18:00:00,93,3,dswrf,0.0,,
2026-10-01 00:00:00,대구,GFS,2026-09-26 18:00:00,93,3,t2m,16.0,21.3,-5.3
2026-10-01 00:00:00,대구,GFS,2026-09-26 18:00:00,93,3,tcc,97.0,0.0,97.0
2026-10-01 00:00:00,대구,GFS,2026-09-26 00:00:00,111,4,dswrf,0.0,,
2026-10-01 00:00:00,대구,GFS,2026-09-26 00:00:00,111,4,t2m,16.1,21.3,-5.2
2026-10-01 00:00:00,대구,GFS,2026-09-26 00:00:00,111,4,tcc,84.0,0.0,84.0
2026-10-01 00:00:00,대구,GFS,2026-09-25 18:00:00,117,4,dswrf,0.0,,
2026-10-01 00:00:00,대구,GFS,2026-09-25 18:00:00,117,4,t2m,16.5,21.3,-4.8
2026-10-01 00:00:00,대구,GFS,2026-09-25 18:00:00,117,4,tcc,91.0,0.0,91.0
2026-10-01 00:00:00,대구,KIM,2026-09-30 12:00:00,3,0,dswrf,0.0,,
2026-10-01 00:00:00,대구,KIM,2026-09-30 12:00:00,3,0,t2m,19.0,21.3,-2.3
2026-10-01 00:00:00,대구,KIM,2026-09-30 12:00:00,3,0,tcc,1.0,0.0,1.0
2026-10-01 00:00:00,대구,KIM,2026-09-30 00:00:00,15,0,dswrf,0.0,,
2026-10-01 00:00:00,대구,KIM,2026-09-30 00:00:00,15,0,t2m,18.8,21.3,-2.5
2026-10-01 00:00:00,대구,KIM,2026-09-30 00:00:00,15,0,tcc,13.0,0.0,13.0
2026-10-01 00:00:00,대구,KIM,2026-09-29 12:00:00,27,1,dswrf,-0.0,,
2026-10-01 00:00:00,대구,KIM,2026-09-29 12:00:00,27,1,t2m,18.9,21.3,-2.4
2026-10-01 00:00:00,대구,KIM,2026-09-29 12:00:00,27,1,tcc,11.0,0.0,11.0
2026-10-01 00:00:00,대구,KIM,2026-09-29 00:00:00,39,1,dswrf,-0.0,,
2026-10-01 00:00:00,대구,KIM,2026-09-29 00:00:00,39,1,t2m,18.6,21.3,-2.7
2026-10-01 00:00:00,대구,KIM,2026-09-29 00:00:00,39,1,tcc,28.0,0.0,28.0
2026-10-01 00:00:00,대구,KIM,2026-09-28 12:00:00,51,2,dswrf,0.0,,
2026-10-01 00:00:00,대구,KIM,2026-09-28 12:00:00,51,2,t2m,18.6,21.3,-2.7
2026-10-01 00:00:00,대구,KIM,2026-09-28 12:00:00,51,2,tcc,19.0,0.0,19.0
2026-10-01 00:00:00,대구,KIM,2026-09-28 00:00:00,63,2,dswrf,0.0,,
2026-10-01 00:00:00,대구,KIM,2026-09-28 00:00:00,63,2,t2m,18.8,21.3,-2.5
2026-10-01 00:00:00,대구,KIM,2026-09-28 00:00:00,63,2,tcc,31.0,0.0,31.0
2026-10-01 00:00:00,대구,KIM,2026-09-27 12:00:00,75,3,dswrf,-0.0,,
2026-10-01 00:00:00,대구,KIM,2026-09-27 12:00:00,75,3,t2m,19.0,21.3,-2.3
2026-10-01 00:00:00,대구,KIM,2026-09-27 12:00:00,75,3,tcc,41.0,0.0,41.0
2026-10-01 00:00:00,대구,KIM,2026-09-27 00:00:00,87,3,dswrf,-0.0,,
2026-10-01 00:00:00,대구,KIM,2026-09-27 00:00:00,87,3,t2m,19.6,21.3,-1.7
2026-10-01 00:00:00,대구,KIM,2026-09-27 00:00:00,87,3,tcc,54.0,0.0,54.0
2026-10-01 00:00:00,대구,KIM,2026-09-26 12:00:00,99,4,dswrf,0.0,,
2026-10-01 00:00:00,대구,KIM,2026-09-26 12:00:00,99,4,t2m,19.8,21.3,-1.5
2026-10-01 00:00:00,대구,KIM,2026-09-26 12:00:00,99,4,tcc,83.0,0.0,83.0
2026-10-01 00:00:00,대구,KIM,2026-09-26 00:00:00,111,4,dswrf,-0.0,,
2026-10-01 00:00:00,대구,KIM,2026-09-26 00:00:00,111,4,t2m,18.8,21.3,-2.5
2026-10-01 00:00:00,대구,KIM,2026-09-26 00:00:00,111,4,tcc,18.0,0.0,18.0
2026-10-01 00:00:00,대전,ECMWF,2026-09-30 12:00:00,3,0,dswrf,0.0,,
2026-10-01 00:00:00,대전,ECMWF,2026-09-30 12:00:00,3,0,t2m,16.7,19.3,-2.6
2026-10-01 00:00:00,대전,ECMWF,2026-09-30 12:00:00,3,0,tcc,52.0,70.0,-18.0
2026-10-01 00:00:00,대전,ECMWF,2026-09-29 12:00:00,27,1,dswrf,0.0,,
2026-10-01 00:00:00,대전,ECMWF,2026-09-29 12:00:00,27,1,t2m,18.4,19.3,-0.9
2026-10-01 00:00:00,대전,ECMWF,2026-09-29 12:00:00,27,1,tcc,71.0,70.0,1.0
2026-10-01 00:00:00,대전,ECMWF,2026-09-28 12:00:00,51,2,dswrf,0.0,,
2026-10-01 00:00:00,대전,ECMWF,2026-09-28 12:00:00,51,2,t2m,18.6,19.3,-0.7
2026-10-01 00:00:00,대전,ECMWF,2026-09-28 12:00:00,51,2,tcc,74.0,70.0,4.0
2026-10-01 00:00:00,대전,ECMWF,2026-09-28 00:00:00,63,2,dswrf,0.0,,
2026-10-01 00:00:00,대전,ECMWF,2026-09-28 00:00:00,63,2,t2m,18.0,19.3,-1.3
2026-10-01 00:00:00,대전,ECMWF,2026-09-28 00:00:00,63,2,tcc,99.0,70.0,29.0
2026-10-01 00:00:00,대전,ECMWF,2026-09-27 12:00:00,75,3,dswrf,0.0,,
2026-10-01 00:00:00,대전,ECMWF,2026-09-27 12:00:00,75,3,t2m,17.8,19.3,-1.5
2026-10-01 00:00:00,대전,ECMWF,2026-09-27 12:00:00,75,3,tcc,99.0,70.0,29.0
2026-10-01 00:00:00,대전,ECMWF,2026-09-26 12:00:00,99,4,dswrf,0.0,,
2026-10-01 00:00:00,대전,ECMWF,2026-09-26 12:00:00,99,4,t2m,17.2,19.3,-2.1
2026-10-01 00:00:00,대전,ECMWF,2026-09-26 12:00:00,99,4,tcc,83.0,70.0,13.0
2026-10-01 00:00:00,대전,ECMWF,2026-09-25 12:00:00,123,5,dswrf,0.0,,
2026-10-01 00:00:00,대전,ECMWF,2026-09-25 12:00:00,123,5,t2m,17.3,19.3,-2.0
2026-10-01 00:00:00,대전,ECMWF,2026-09-25 12:00:00,123,5,tcc,75.0,70.0,5.0
2026-10-01 00:00:00,대전,GFS,2026-09-30 12:00:00,3,0,dswrf,0.0,,
2026-10-01 00:00:00,대전,GFS,2026-09-30 12:00:00,3,0,t2m,18.3,19.3,-1.0
2026-10-01 00:00:00,대전,GFS,2026-09-30 12:00:00,3,0,tcc,93.0,70.0,23.0
2026-10-01 00:00:00,대전,GFS,2026-09-30 00:00:00,15,0,dswrf,0.0,,
2026-10-01 00:00:00,대전,GFS,2026-09-30 00:00:00,15,0,t2m,17.5,19.3,-1.8
2026-10-01 00:00:00,대전,GFS,2026-09-30 00:00:00,15,0,tcc,100.0,70.0,30.0
2026-10-01 00:00:00,대전,GFS,2026-09-29 18:00:00,21,0,dswrf,0.0,,
2026-10-01 00:00:00,대전,GFS,2026-09-29 18:00:00,21,0,t2m,17.8,19.3,-1.5
2026-10-01 00:00:00,대전,GFS,2026-09-29 18:00:00,21,0,tcc,95.0,70.0,25.0
2026-10-01 00:00:00,대전,GFS,2026-09-29 12:00:00,27,1,dswrf,0.0,,
2026-10-01 00:00:00,대전,GFS,2026-09-29 12:00:00,27,1,t2m,17.6,19.3,-1.7
2026-10-01 00:00:00,대전,GFS,2026-09-29 12:00:00,27,1,tcc,93.0,70.0,23.0
2026-10-01 00:00:00,대전,GFS,2026-09-29 00:00:00,39,1,dswrf,0.0,,
2026-10-01 00:00:00,대전,GFS,2026-09-29 00:00:00,39,1,t2m,17.8,19.3,-1.5
2026-10-01 00:00:00,대전,GFS,2026-09-29 00:00:00,39,1,tcc,99.0,70.0,29.0
2026-10-01 00:00:00,대전,GFS,2026-09-28 18:00:00,45,1,dswrf,0.0,,
2026-10-01 00:00:00,대전,GFS,2026-09-28 18:00:00,45,1,t2m,17.5,19.3,-1.8
2026-10-01 00:00:00,대전,GFS,2026-09-28 18:00:00,45,1,tcc,97.0,70.0,27.0
2026-10-01 00:00:00,대전,GFS,2026-09-28 12:00:00,51,2,dswrf,0.0,,
2026-10-01 00:00:00,대전,GFS,2026-09-28 12:00:00,51,2,t2m,17.3,19.3,-2.0
2026-10-01 00:00:00,대전,GFS,2026-09-28 12:00:00,51,2,tcc,99.0,70.0,29.0
2026-10-01 00:00:00,대전,GFS,2026-09-28 00:00:00,63,2,dswrf,0.0,,
2026-10-01 00:00:00,대전,GFS,2026-09-28 00:00:00,63,2,t2m,16.7,19.3,-2.6
2026-10-01 00:00:00,대전,GFS,2026-09-28 00:00:00,63,2,tcc,94.0,70.0,24.0
2026-10-01 00:00:00,대전,GFS,2026-09-27 18:00:00,69,2,dswrf,0.0,,
2026-10-01 00:00:00,대전,GFS,2026-09-27 18:00:00,69,2,t2m,16.9,19.3,-2.4
2026-10-01 00:00:00,대전,GFS,2026-09-27 18:00:00,69,2,tcc,87.0,70.0,17.0
2026-10-01 00:00:00,대전,GFS,2026-09-27 12:00:00,75,3,dswrf,0.0,,
2026-10-01 00:00:00,대전,GFS,2026-09-27 12:00:00,75,3,t2m,17.6,19.3,-1.7
2026-10-01 00:00:00,대전,GFS,2026-09-27 12:00:00,75,3,tcc,86.0,70.0,16.0
2026-10-01 00:00:00,대전,GFS,2026-09-27 00:00:00,87,3,dswrf,0.0,,
2026-10-01 00:00:00,대전,GFS,2026-09-27 00:00:00,87,3,t2m,17.3,19.3,-2.0
2026-10-01 00:00:00,대전,GFS,2026-09-27 00:00:00,87,3,tcc,82.0,70.0,12.0
2026-10-01 00:00:00,대전,GFS,2026-09-26 18:00:00,93,3,dswrf,0.0,,
2026-10-01 00:00:00,대전,GFS,2026-09-26 18:00:00,93,3,t2m,17.2,19.3,-2.1
2026-10-01 00:00:00,대전,GFS,2026-09-26 18:00:00,93,3,tcc,76.0,70.0,6.0
2026-10-01 00:00:00,대전,GFS,2026-09-26 00:00:00,111,4,dswrf,0.0,,
2026-10-01 00:00:00,대전,GFS,2026-09-26 00:00:00,111,4,t2m,17.2,19.3,-2.1
2026-10-01 00:00:00,대전,GFS,2026-09-26 00:00:00,111,4,tcc,96.0,70.0,26.0
2026-10-01 00:00:00,대전,GFS,2026-09-25 18:00:00,117,4,dswrf,0.0,,
2026-10-01 00:00:00,대전,GFS,2026-09-25 18:00:00,117,4,t2m,17.2,19.3,-2.1
2026-10-01 00:00:00,대전,GFS,2026-09-25 18:00:00,117,4,tcc,91.0,70.0,21.0
2026-10-01 00:00:00,대전,KIM,2026-09-30 12:00:00,3,0,dswrf,0.0,,
2026-10-01 00:00:00,대전,KIM,2026-09-30 12:00:00,3,0,t2m,18.3,19.3,-1.0
2026-10-01 00:00:00,대전,KIM,2026-09-30 12:00:00,3,0,tcc,98.0,70.0,28.0
2026-10-01 00:00:00,대전,KIM,2026-09-30 00:00:00,15,0,dswrf,0.0,,
2026-10-01 00:00:00,대전,KIM,2026-09-30 00:00:00,15,0,t2m,19.3,19.3,0.0
2026-10-01 00:00:00,대전,KIM,2026-09-30 00:00:00,15,0,tcc,100.0,70.0,30.0
2026-10-01 00:00:00,대전,KIM,2026-09-29 12:00:00,27,1,dswrf,-0.0,,
2026-10-01 00:00:00,대전,KIM,2026-09-29 12:00:00,27,1,t2m,18.5,19.3,-0.8
2026-10-01 00:00:00,대전,KIM,2026-09-29 12:00:00,27,1,tcc,100.0,70.0,30.0
2026-10-01 00:00:00,대전,KIM,2026-09-29 00:00:00,39,1,dswrf,-0.0,,
2026-10-01 00:00:00,대전,KIM,2026-09-29 00:00:00,39,1,t2m,18.8,19.3,-0.5
2026-10-01 00:00:00,대전,KIM,2026-09-29 00:00:00,39,1,tcc,100.0,70.0,30.0
2026-10-01 00:00:00,대전,KIM,2026-09-28 12:00:00,51,2,dswrf,0.0,,
2026-10-01 00:00:00,대전,KIM,2026-09-28 12:00:00,51,2,t2m,18.7,19.3,-0.6
2026-10-01 00:00:00,대전,KIM,2026-09-28 12:00:00,51,2,tcc,76.0,70.0,6.0
2026-10-01 00:00:00,대전,KIM,2026-09-28 00:00:00,63,2,dswrf,0.0,,
2026-10-01 00:00:00,대전,KIM,2026-09-28 00:00:00,63,2,t2m,19.1,19.3,-0.2
2026-10-01 00:00:00,대전,KIM,2026-09-28 00:00:00,63,2,tcc,82.0,70.0,12.0
2026-10-01 00:00:00,대전,KIM,2026-09-27 12:00:00,75,3,dswrf,-0.0,,
2026-10-01 00:00:00,대전,KIM,2026-09-27 12:00:00,75,3,t2m,17.2,19.3,-2.1
2026-10-01 00:00:00,대전,KIM,2026-09-27 12:00:00,75,3,tcc,24.0,70.0,-46.0
2026-10-01 00:00:00,대전,KIM,2026-09-27 00:00:00,87,3,dswrf,-0.0,,
2026-10-01 00:00:00,대전,KIM,2026-09-27 00:00:00,87,3,t2m,17.7,19.3,-1.6
2026-10-01 00:00:00,대전,KIM,2026-09-27 00:00:00,87,3,tcc,87.0,70.0,17.0
2026-10-01 00:00:00,대전,KIM,2026-09-26 12:00:00,99,4,dswrf,0.0,,
2026-10-01 00:00:00,대전,KIM,2026-09-26 12:00:00,99,4,t2m,15.7,19.3,-3.6
2026-10-01 00:00:00,대전,KIM,2026-09-26 12:00:00,99,4,tcc,6.0,70.0,-64.0
2026-10-01 00:00:00,대전,KIM,2026-09-26 00:00:00,111,4,dswrf,-0.0,,
2026-10-01 00:00:00,대전,KIM,2026-09-26 00:00:00,111,4,t2m,15.4,19.3,-3.9
2026-10-01 00:00:00,대전,KIM,2026-09-26 00:00:00,111,4,tcc,0.0,70.0,-70.0
2026-10-01 00:00:00,부산,ECMWF,2026-09-30 12:00:00,3,0,dswrf,0.0,,
2026-10-01 00:00:00,부산,ECMWF,2026-09-30 12:00:00,3,0,t2m,23.7,21.8,1.9
2026-10-01 00:00:00,부산,ECMWF,2026-09-30 12:00:00,3,0,tcc,5.0,50.0,-45.0
2026-10-01 00:00:00,부산,ECMWF,2026-09-29 12:00:00,27,1,dswrf,0.0,,
2026-10-01 00:00:00,부산,ECMWF,2026-09-29 12:00:00,27,1,t2m,23.2,21.8,1.4
2026-10-01 00:00:00,부산,ECMWF,2026-09-29 12:00:00,27,1,tcc,27.0,50.0,-23.0
2026-10-01 00:00:00,부산,ECMWF,2026-09-28 12:00:00,51,2,dswrf,0.0,,
2026-10-01 00:00:00,부산,ECMWF,2026-09-28 12:00:00,51,2,t2m,23.3,21.8,1.5
2026-10-01 00:00:00,부산,ECMWF,2026-09-28 12:00:00,51,2,tcc,93.0,50.0,43.0
2026-10-01 00:00:00,부산,ECMWF,2026-09-28 00:00:00,63,2,dswrf,0.0,,
2026-10-01 00:00:00,부산,ECMWF,2026-09-28 00:00:00,63,2,t2m,23.3,21.8,1.5
2026-10-01 00:00:00,부산,ECMWF,2026-09-28 00:00:00,63,2,tcc,14.0,50.0,-36.0
2026-10-01 00:00:00,부산,ECMWF,2026-09-27 12:00:00,75,3,dswrf,0.0,,
2026-10-01 00:00:00,부산,ECMWF,2026-09-27 12:00:00,75,3,t2m,23.3,21.8,1.5
2026-10-01 00:00:00,부산,ECMWF,2026-09-27 12:00:00,75,3,tcc,27.0,50.0,-23.0
2026-10-01 00:00:00,부산,ECMWF,2026-09-26 12:00:00,99,4,dswrf,0.0,,
2026-10-01 00:00:00,부산,ECMWF,2026-09-26 12:00:00,99,4,t2m,23.4,21.8,1.6
2026-10-01 00:00:00,부산,ECMWF,2026-09-26 12:00:00,99,4,tcc,66.0,50.0,16.0
2026-10-01 00:00:00,부산,ECMWF,2026-09-25 12:00:00,123,5,dswrf,0.0,,
2026-10-01 00:00:00,부산,ECMWF,2026-09-25 12:00:00,123,5,t2m,23.7,21.8,1.9
2026-10-01 00:00:00,부산,ECMWF,2026-09-25 12:00:00,123,5,tcc,45.0,50.0,-5.0
2026-10-01 00:00:00,부산,GFS,2026-09-30 12:00:00,3,0,dswrf,0.0,,
2026-10-01 00:00:00,부산,GFS,2026-09-30 12:00:00,3,0,t2m,23.1,21.8,1.3
2026-10-01 00:00:00,부산,GFS,2026-09-30 12:00:00,3,0,tcc,3.0,50.0,-47.0
2026-10-01 00:00:00,부산,GFS,2026-09-30 00:00:00,15,0,dswrf,0.0,,
2026-10-01 00:00:00,부산,GFS,2026-09-30 00:00:00,15,0,t2m,23.0,21.8,1.2
2026-10-01 00:00:00,부산,GFS,2026-09-30 00:00:00,15,0,tcc,20.0,50.0,-30.0
2026-10-01 00:00:00,부산,GFS,2026-09-29 18:00:00,21,0,dswrf,0.0,,
2026-10-01 00:00:00,부산,GFS,2026-09-29 18:00:00,21,0,t2m,22.9,21.8,1.1
2026-10-01 00:00:00,부산,GFS,2026-09-29 18:00:00,21,0,tcc,4.0,50.0,-46.0
2026-10-01 00:00:00,부산,GFS,2026-09-29 12:00:00,27,1,dswrf,0.0,,
2026-10-01 00:00:00,부산,GFS,2026-09-29 12:00:00,27,1,t2m,22.8,21.8,1.0
2026-10-01 00:00:00,부산,GFS,2026-09-29 12:00:00,27,1,tcc,8.0,50.0,-42.0
2026-10-01 00:00:00,부산,GFS,2026-09-29 00:00:00,39,1,dswrf,0.0,,
2026-10-01 00:00:00,부산,GFS,2026-09-29 00:00:00,39,1,t2m,22.9,21.8,1.1
2026-10-01 00:00:00,부산,GFS,2026-09-29 00:00:00,39,1,tcc,19.0,50.0,-31.0
2026-10-01 00:00:00,부산,GFS,2026-09-28 18:00:00,45,1,dswrf,0.0,,
2026-10-01 00:00:00,부산,GFS,2026-09-28 18:00:00,45,1,t2m,22.8,21.8,1.0
2026-10-01 00:00:00,부산,GFS,2026-09-28 18:00:00,45,1,tcc,11.0,50.0,-39.0
2026-10-01 00:00:00,부산,GFS,2026-09-28 12:00:00,51,2,dswrf,0.0,,
2026-10-01 00:00:00,부산,GFS,2026-09-28 12:00:00,51,2,t2m,22.8,21.8,1.0
2026-10-01 00:00:00,부산,GFS,2026-09-28 12:00:00,51,2,tcc,57.0,50.0,7.0
2026-10-01 00:00:00,부산,GFS,2026-09-28 00:00:00,63,2,dswrf,0.0,,
2026-10-01 00:00:00,부산,GFS,2026-09-28 00:00:00,63,2,t2m,22.8,21.8,1.0
2026-10-01 00:00:00,부산,GFS,2026-09-28 00:00:00,63,2,tcc,49.0,50.0,-1.0
2026-10-01 00:00:00,부산,GFS,2026-09-27 18:00:00,69,2,dswrf,0.0,,
2026-10-01 00:00:00,부산,GFS,2026-09-27 18:00:00,69,2,t2m,22.7,21.8,0.9
2026-10-01 00:00:00,부산,GFS,2026-09-27 18:00:00,69,2,tcc,13.0,50.0,-37.0
2026-10-01 00:00:00,부산,GFS,2026-09-27 12:00:00,75,3,dswrf,0.0,,
2026-10-01 00:00:00,부산,GFS,2026-09-27 12:00:00,75,3,t2m,22.8,21.8,1.0
2026-10-01 00:00:00,부산,GFS,2026-09-27 12:00:00,75,3,tcc,2.0,50.0,-48.0
2026-10-01 00:00:00,부산,GFS,2026-09-27 00:00:00,87,3,dswrf,0.0,,
2026-10-01 00:00:00,부산,GFS,2026-09-27 00:00:00,87,3,t2m,22.9,21.8,1.1
2026-10-01 00:00:00,부산,GFS,2026-09-27 00:00:00,87,3,tcc,5.0,50.0,-45.0
2026-10-01 00:00:00,부산,GFS,2026-09-26 18:00:00,93,3,dswrf,0.0,,
2026-10-01 00:00:00,부산,GFS,2026-09-26 18:00:00,93,3,t2m,22.8,21.8,1.0
2026-10-01 00:00:00,부산,GFS,2026-09-26 18:00:00,93,3,tcc,24.0,50.0,-26.0
2026-10-01 00:00:00,부산,GFS,2026-09-26 00:00:00,111,4,dswrf,0.0,,
2026-10-01 00:00:00,부산,GFS,2026-09-26 00:00:00,111,4,t2m,22.8,21.8,1.0
2026-10-01 00:00:00,부산,GFS,2026-09-26 00:00:00,111,4,tcc,73.0,50.0,23.0
2026-10-01 00:00:00,부산,GFS,2026-09-25 18:00:00,117,4,dswrf,0.0,,
2026-10-01 00:00:00,부산,GFS,2026-09-25 18:00:00,117,4,t2m,22.9,21.8,1.1
2026-10-01 00:00:00,부산,GFS,2026-09-25 18:00:00,117,4,tcc,39.0,50.0,-11.0
2026-10-01 00:00:00,부산,KIM,2026-09-30 12:00:00,3,0,dswrf,0.0,,
2026-10-01 00:00:00,부산,KIM,2026-09-30 12:00:00,3,0,t2m,20.0,21.8,-1.8
2026-10-01 00:00:00,부산,KIM,2026-09-30 12:00:00,3,0,tcc,8.0,50.0,-42.0
2026-10-01 00:00:00,부산,KIM,2026-09-30 00:00:00,15,0,dswrf,0.0,,
2026-10-01 00:00:00,부산,KIM,2026-09-30 00:00:00,15,0,t2m,19.9,21.8,-1.9
2026-10-01 00:00:00,부산,KIM,2026-09-30 00:00:00,15,0,tcc,16.0,50.0,-34.0
2026-10-01 00:00:00,부산,KIM,2026-09-29 12:00:00,27,1,dswrf,-0.0,,
2026-10-01 00:00:00,부산,KIM,2026-09-29 12:00:00,27,1,t2m,20.3,21.8,-1.5
2026-10-01 00:00:00,부산,KIM,2026-09-29 12:00:00,27,1,tcc,8.0,50.0,-42.0
2026-10-01 00:00:00,부산,KIM,2026-09-29 00:00:00,39,1,dswrf,-0.0,,
2026-10-01 00:00:00,부산,KIM,2026-09-29 00:00:00,39,1,t2m,20.4,21.8,-1.4
2026-10-01 00:00:00,부산,KIM,2026-09-29 00:00:00,39,1,tcc,60.0,50.0,10.0
2026-10-01 00:00:00,부산,KIM,2026-09-28 12:00:00,51,2,dswrf,0.0,,
2026-10-01 00:00:00,부산,KIM,2026-09-28 12:00:00,51,2,t2m,20.0,21.8,-1.8
2026-10-01 00:00:00,부산,KIM,2026-09-28 12:00:00,51,2,tcc,45.0,50.0,-5.0
2026-10-01 00:00:00,부산,KIM,2026-09-28 00:00:00,63,2,dswrf,0.0,,
2026-10-01 00:00:00,부산,KIM,2026-09-28 00:00:00,63,2,t2m,19.5,21.8,-2.3
2026-10-01 00:00:00,부산,KIM,2026-09-28 00:00:00,63,2,tcc,0.0,50.0,-50.0
2026-10-01 00:00:00,부산,KIM,2026-09-27 12:00:00,75,3,dswrf,-0.0,,
2026-10-01 00:00:00,부산,KIM,2026-09-27 12:00:00,75,3,t2m,19.8,21.8,-2.0
2026-10-01 00:00:00,부산,KIM,2026-09-27 12:00:00,75,3,tcc,3.0,50.0,-47.0
2026-10-01 00:00:00,부산,KIM,2026-09-27 00:00:00,87,3,dswrf,-0.0,,
2026-10-01 00:00:00,부산,KIM,2026-09-27 00:00:00,87,3,t2m,20.4,21.8,-1.4
2026-10-01 00:00:00,부산,KIM,2026-09-27 00:00:00,87,3,tcc,3.0,50.0,-47.0
2026-10-01 00:00:00,부산,KIM,2026-09-26 12:00:00,99,4,dswrf,0.0,,
2026-10-01 00:00:00,부산,KIM,2026-09-26 12:00:00,99,4,t2m,19.7,21.8,-2.1
2026-10-01 00:00:00,부산,KIM,2026-09-26 12:00:00,99,4,tcc,15.0,50.0,-35.0
2026-10-01 00:00:00,부산,KIM,2026-09-26 00:00:00,111,4,dswrf,-0.0,,
2026-10-01 00:00:00,부산,KIM,2026-09-26 00:00:00,111,4,t2m,20.2,21.8,-1.6
2026-10-01 00:00:00,부산,KIM,2026-09-26 00:00:00,111,4,tcc,14.0,50.0,-36.0
2026-10-01 00:00:00,서울,ECMWF,2026-09-30 12:00:00,3,0,dswrf,0.0,,
2026-10-01 00:00:00,서울,ECMWF,2026-09-30 12:00:00,3,0,t2m,18.9,18.4,0.5
2026-10-01 00:00:00,서울,ECMWF,2026-09-30 12:00:00,3,0,tcc,99.0,80.0,19.0
2026-10-01 00:00:00,서울,ECMWF,2026-09-29 12:00:00,27,1,dswrf,0.0,,
2026-10-01 00:00:00,서울,ECMWF,2026-09-29 12:00:00,27,1,t2m,17.1,18.4,-1.3
2026-10-01 00:00:00,서울,ECMWF,2026-09-29 12:00:00,27,1,tcc,39.0,80.0,-41.0
2026-10-01 00:00:00,서울,ECMWF,2026-09-28 12:00:00,51,2,dswrf,0.0,,
2026-10-01 00:00:00,서울,ECMWF,2026-09-28 12:00:00,51,2,t2m,16.9,18.4,-1.5
2026-10-01 00:00:00,서울,ECMWF,2026-09-28 12:00:00,51,2,tcc,5.0,80.0,-75.0
2026-10-01 00:00:00,서울,ECMWF,2026-09-28 00:00:00,63,2,dswrf,0.0,,
2026-10-01 00:00:00,서울,ECMWF,2026-09-28 00:00:00,63,2,t2m,17.1,18.4,-1.3
2026-10-01 00:00:00,서울,ECMWF,2026-09-28 00:00:00,63,2,tcc,8.0,80.0,-72.0
2026-10-01 00:00:00,서울,ECMWF,2026-09-27 12:00:00,75,3,dswrf,0.0,,
2026-10-01 00:00:00,서울,ECMWF,2026-09-27 12:00:00,75,3,t2m,17.1,18.4,-1.3
2026-10-01 00:00:00,서울,ECMWF,2026-09-27 12:00:00,75,3,tcc,3.0,80.0,-77.0
2026-10-01 00:00:00,서울,ECMWF,2026-09-26 12:00:00,99,4,dswrf,0.0,,
2026-10-01 00:00:00,서울,ECMWF,2026-09-26 12:00:00,99,4,t2m,16.3,18.4,-2.1
2026-10-01 00:00:00,서울,ECMWF,2026-09-26 12:00:00,99,4,tcc,0.0,80.0,-80.0
2026-10-01 00:00:00,서울,ECMWF,2026-09-25 12:00:00,123,5,dswrf,0.0,,
2026-10-01 00:00:00,서울,ECMWF,2026-09-25 12:00:00,123,5,t2m,16.3,18.4,-2.1
2026-10-01 00:00:00,서울,ECMWF,2026-09-25 12:00:00,123,5,tcc,3.0,80.0,-77.0
2026-10-01 00:00:00,서울,GFS,2026-09-30 12:00:00,3,0,dswrf,0.0,,
2026-10-01 00:00:00,서울,GFS,2026-09-30 12:00:00,3,0,t2m,18.8,18.4,0.4
2026-10-01 00:00:00,서울,GFS,2026-09-30 12:00:00,3,0,tcc,95.0,80.0,15.0
2026-10-01 00:00:00,서울,GFS,2026-09-30 00:00:00,15,0,dswrf,0.0,,
2026-10-01 00:00:00,서울,GFS,2026-09-30 00:00:00,15,0,t2m,18.3,18.4,-0.1
2026-10-01 00:00:00,서울,GFS,2026-09-30 00:00:00,15,0,tcc,98.0,80.0,18.0
2026-10-01 00:00:00,서울,GFS,2026-09-29 18:00:00,21,0,dswrf,0.0,,
2026-10-01 00:00:00,서울,GFS,2026-09-29 18:00:00,21,0,t2m,17.7,18.4,-0.7
2026-10-01 00:00:00,서울,GFS,2026-09-29 18:00:00,21,0,tcc,95.0,80.0,15.0
2026-10-01 00:00:00,서울,GFS,2026-09-29 12:00:00,27,1,dswrf,0.0,,
2026-10-01 00:00:00,서울,GFS,2026-09-29 12:00:00,27,1,t2m,17.7,18.4,-0.7
2026-10-01 00:00:00,서울,GFS,2026-09-29 12:00:00,27,1,tcc,88.0,80.0,8.0
2026-10-01 00:00:00,서울,GFS,2026-09-29 00:00:00,39,1,dswrf,0.0,,
2026-10-01 00:00:00,서울,GFS,2026-09-29 00:00:00,39,1,t2m,17.5,18.4,-0.9
2026-10-01 00:00:00,서울,GFS,2026-09-29 00:00:00,39,1,tcc,65.0,80.0,-15.0
2026-10-01 00:00:00,서울,GFS,2026-09-28 18:00:00,45,1,dswrf,0.0,,
2026-10-01 00:00:00,서울,GFS,2026-09-28 18:00:00,45,1,t2m,18.1,18.4,-0.3
2026-10-01 00:00:00,서울,GFS,2026-09-28 18:00:00,45,1,tcc,89.0,80.0,9.0
2026-10-01 00:00:00,서울,GFS,2026-09-28 12:00:00,51,2,dswrf,0.0,,
2026-10-01 00:00:00,서울,GFS,2026-09-28 12:00:00,51,2,t2m,17.8,18.4,-0.6
2026-10-01 00:00:00,서울,GFS,2026-09-28 12:00:00,51,2,tcc,52.0,80.0,-28.0
2026-10-01 00:00:00,서울,GFS,2026-09-28 00:00:00,63,2,dswrf,0.0,,
2026-10-01 00:00:00,서울,GFS,2026-09-28 00:00:00,63,2,t2m,17.7,18.4,-0.7
2026-10-01 00:00:00,서울,GFS,2026-09-28 00:00:00,63,2,tcc,69.0,80.0,-11.0
2026-10-01 00:00:00,서울,GFS,2026-09-27 18:00:00,69,2,dswrf,0.0,,
2026-10-01 00:00:00,서울,GFS,2026-09-27 18:00:00,69,2,t2m,17.6,18.4,-0.8
2026-10-01 00:00:00,서울,GFS,2026-09-27 18:00:00,69,2,tcc,6.0,80.0,-74.0
2026-10-01 00:00:00,서울,GFS,2026-09-27 12:00:00,75,3,dswrf,0.0,,
2026-10-01 00:00:00,서울,GFS,2026-09-27 12:00:00,75,3,t2m,17.5,18.4,-0.9
2026-10-01 00:00:00,서울,GFS,2026-09-27 12:00:00,75,3,tcc,64.0,80.0,-16.0
2026-10-01 00:00:00,서울,GFS,2026-09-27 00:00:00,87,3,dswrf,0.0,,
2026-10-01 00:00:00,서울,GFS,2026-09-27 00:00:00,87,3,t2m,16.6,18.4,-1.8
2026-10-01 00:00:00,서울,GFS,2026-09-27 00:00:00,87,3,tcc,32.0,80.0,-48.0
2026-10-01 00:00:00,서울,GFS,2026-09-26 18:00:00,93,3,dswrf,0.0,,
2026-10-01 00:00:00,서울,GFS,2026-09-26 18:00:00,93,3,t2m,16.8,18.4,-1.6
2026-10-01 00:00:00,서울,GFS,2026-09-26 18:00:00,93,3,tcc,1.0,80.0,-79.0
2026-10-01 00:00:00,서울,GFS,2026-09-26 00:00:00,111,4,dswrf,0.0,,
2026-10-01 00:00:00,서울,GFS,2026-09-26 00:00:00,111,4,t2m,17.9,18.4,-0.5
2026-10-01 00:00:00,서울,GFS,2026-09-26 00:00:00,111,4,tcc,88.0,80.0,8.0
2026-10-01 00:00:00,서울,GFS,2026-09-25 18:00:00,117,4,dswrf,0.0,,
2026-10-01 00:00:00,서울,GFS,2026-09-25 18:00:00,117,4,t2m,18.7,18.4,0.3
2026-10-01 00:00:00,서울,GFS,2026-09-25 18:00:00,117,4,tcc,91.0,80.0,11.0
2026-10-01 00:00:00,서울,KIM,2026-09-30 12:00:00,3,0,dswrf,0.0,,
2026-10-01 00:00:00,서울,KIM,2026-09-30 12:00:00,3,0,t2m,15.9,18.4,-2.5
2026-10-01 00:00:00,서울,KIM,2026-09-30 12:00:00,3,0,tcc,89.0,80.0,9.0
2026-10-01 00:00:00,서울,KIM,2026-09-30 00:00:00,15,0,dswrf,0.0,,
2026-10-01 00:00:00,서울,KIM,2026-09-30 00:00:00,15,0,t2m,15.3,18.4,-3.1
2026-10-01 00:00:00,서울,KIM,2026-09-30 00:00:00,15,0,tcc,96.0,80.0,16.0
2026-10-01 00:00:00,서울,KIM,2026-09-29 12:00:00,27,1,dswrf,-0.0,,
2026-10-01 00:00:00,서울,KIM,2026-09-29 12:00:00,27,1,t2m,14.1,18.4,-4.3
2026-10-01 00:00:00,서울,KIM,2026-09-29 12:00:00,27,1,tcc,85.0,80.0,5.0
2026-10-01 00:00:00,서울,KIM,2026-09-29 00:00:00,39,1,dswrf,-0.0,,
2026-10-01 00:00:00,서울,KIM,2026-09-29 00:00:00,39,1,t2m,15.6,18.4,-2.8
2026-10-01 00:00:00,서울,KIM,2026-09-29 00:00:00,39,1,tcc,26.0,80.0,-54.0
2026-10-01 00:00:00,서울,KIM,2026-09-28 12:00:00,51,2,dswrf,0.0,,
2026-10-01 00:00:00,서울,KIM,2026-09-28 12:00:00,51,2,t2m,14.7,18.4,-3.7
2026-10-01 00:00:00,서울,KIM,2026-09-28 12:00:00,51,2,tcc,5.0,80.0,-75.0
2026-10-01 00:00:00,서울,KIM,2026-09-28 00:00:00,63,2,dswrf,0.0,,
2026-10-01 00:00:00,서울,KIM,2026-09-28 00:00:00,63,2,t2m,15.1,18.4,-3.3
2026-10-01 00:00:00,서울,KIM,2026-09-28 00:00:00,63,2,tcc,19.0,80.0,-61.0
2026-10-01 00:00:00,서울,KIM,2026-09-27 12:00:00,75,3,dswrf,-0.0,,
2026-10-01 00:00:00,서울,KIM,2026-09-27 12:00:00,75,3,t2m,12.8,18.4,-5.6
2026-10-01 00:00:00,서울,KIM,2026-09-27 12:00:00,75,3,tcc,99.0,80.0,19.0
2026-10-01 00:00:00,서울,KIM,2026-09-27 00:00:00,87,3,dswrf,-0.0,,
2026-10-01 00:00:00,서울,KIM,2026-09-27 00:00:00,87,3,t2m,14.6,18.4,-3.8
2026-10-01 00:00:00,서울,KIM,2026-09-27 00:00:00,87,3,tcc,55.0,80.0,-25.0
2026-10-01 00:00:00,서울,KIM,2026-09-26 12:00:00,99,4,dswrf,0.0,,
2026-10-01 00:00:00,서울,KIM,2026-09-26 12:00:00,99,4,t2m,12.5,18.4,-5.9
2026-10-01 00:00:00,서울,KIM,2026-09-26 12:00:00,99,4,tcc,2.0,80.0,-78.0
2026-10-01 00:00:00,서울,KIM,2026-09-26 00:00:00,111,4,dswrf,-0.0,,
2026-10-01 00:00:00,서울,KIM,2026-09-26 00:00:00,111,4,t2m,12.5,18.4,-5.9
2026-10-01 00:00:00,서울,KIM,2026-09-26 00:00:00,111,4,tcc,0.0,80.0,-80.0
2026-10-01 00:00:00,수원,ECMWF,2026-09-30 12:00:00,3,0,dswrf,0.0,,
2026-10-01 00:00:00,수원,ECMWF,2026-09-30 12:00:00,3,0,t2m,19.3,19.6,-0.3
2026-10-01 00:00:00,수원,ECMWF,2026-09-30 12:00:00,3,0,tcc,100.0,80.0,20.0
2026-10-01 00:00:00,수원,ECMWF,2026-09-29 12:00:00,27,1,dswrf,0.0,,
2026-10-01 00:00:00,수원,ECMWF,2026-09-29 12:00:00,27,1,t2m,17.1,19.6,-2.5
2026-10-01 00:00:00,수원,ECMWF,2026-09-29 12:00:00,27,1,tcc,28.0,80.0,-52.0
2026-10-01 00:00:00,수원,ECMWF,2026-09-28 12:00:00,51,2,dswrf,0.0,,
2026-10-01 00:00:00,수원,ECMWF,2026-09-28 12:00:00,51,2,t2m,16.5,19.6,-3.1
2026-10-01 00:00:00,수원,ECMWF,2026-09-28 12:00:00,51,2,tcc,7.0,80.0,-73.0
2026-10-01 00:00:00,수원,ECMWF,2026-09-28 00:00:00,63,2,dswrf,0.0,,
2026-10-01 00:00:00,수원,ECMWF,2026-09-28 00:00:00,63,2,t2m,16.6,19.6,-3.0
2026-10-01 00:00:00,수원,ECMWF,2026-09-28 00:00:00,63,2,tcc,20.0,80.0,-60.0
2026-10-01 00:00:00,수원,ECMWF,2026-09-27 12:00:00,75,3,dswrf,0.0,,
2026-10-01 00:00:00,수원,ECMWF,2026-09-27 12:00:00,75,3,t2m,16.9,19.6,-2.7
2026-10-01 00:00:00,수원,ECMWF,2026-09-27 12:00:00,75,3,tcc,21.0,80.0,-59.0
2026-10-01 00:00:00,수원,ECMWF,2026-09-26 12:00:00,99,4,dswrf,0.0,,
2026-10-01 00:00:00,수원,ECMWF,2026-09-26 12:00:00,99,4,t2m,16.1,19.6,-3.5
2026-10-01 00:00:00,수원,ECMWF,2026-09-26 12:00:00,99,4,tcc,2.0,80.0,-78.0
2026-10-01 00:00:00,수원,ECMWF,2026-09-25 12:00:00,123,5,dswrf,0.0,,
2026-10-01 00:00:00,수원,ECMWF,2026-09-25 12:00:00,123,5,t2m,15.7,19.6,-3.9
2026-10-01 00:00:00,수원,ECMWF,2026-09-25 12:00:00,123,5,tcc,10.0,80.0,-70.0
2026-10-01 00:00:00,수원,GFS,2026-09-30 12:00:00,3,0,dswrf,0.0,,
2026-10-01 00:00:00,수원,GFS,2026-09-30 12:00:00,3,0,t2m,18.5,19.6,-1.1
2026-10-01 00:00:00,수원,GFS,2026-09-30 12:00:00,3,0,tcc,83.0,80.0,3.0
2026-10-01 00:00:00,수원,GFS,2026-09-30 00:00:00,15,0,dswrf,0.0,,
2026-10-01 00:00:00,수원,GFS,2026-09-30 00:00:00,15,0,t2m,18.2,19.6,-1.4
2026-10-01 00:00:00,수원,GFS,2026-09-30 00:00:00,15,0,tcc,90.0,80.0,10.0
2026-10-01 00:00:00,수원,GFS,2026-09-29 18:00:00,21,0,dswrf,0.0,,
2026-10-01 00:00:00,수원,GFS,2026-09-29 18:00:00,21,0,t2m,18.0,19.6,-1.6
2026-10-01 00:00:00,수원,GFS,2026-09-29 18:00:00,21,0,tcc,96.0,80.0,16.0
2026-10-01 00:00:00,수원,GFS,2026-09-29 12:00:00,27,1,dswrf,0.0,,
2026-10-01 00:00:00,수원,GFS,2026-09-29 12:00:00,27,1,t2m,18.0,19.6,-1.6
2026-10-01 00:00:00,수원,GFS,2026-09-29 12:00:00,27,1,tcc,80.0,80.0,0.0
2026-10-01 00:00:00,수원,GFS,2026-09-29 00:00:00,39,1,dswrf,0.0,,
2026-10-01 00:00:00,수원,GFS,2026-09-29 00:00:00,39,1,t2m,17.5,19.6,-2.1
2026-10-01 00:00:00,수원,GFS,2026-09-29 00:00:00,39,1,tcc,89.0,80.0,9.0
2026-10-01 00:00:00,수원,GFS,2026-09-28 18:00:00,45,1,dswrf,0.0,,
2026-10-01 00:00:00,수원,GFS,2026-09-28 18:00:00,45,1,t2m,18.0,19.6,-1.6
2026-10-01 00:00:00,수원,GFS,2026-09-28 18:00:00,45,1,tcc,93.0,80.0,13.0
2026-10-01 00:00:00,수원,GFS,2026-09-28 12:00:00,51,2,dswrf,0.0,,
2026-10-01 00:00:00,수원,GFS,2026-09-28 12:00:00,51,2,t2m,17.8,19.6,-1.8
2026-10-01 00:00:00,수원,GFS,2026-09-28 12:00:00,51,2,tcc,55.0,80.0,-25.0
2026-10-01 00:00:00,수원,GFS,2026-09-28 00:00:00,63,2,dswrf,0.0,,
2026-10-01 00:00:00,수원,GFS,2026-09-28 00:00:00,63,2,t2m,18.2,19.6,-1.4
2026-10-01 00:00:00,수원,GFS,2026-09-28 00:00:00,63,2,tcc,63.0,80.0,-17.0
2026-10-01 00:00:00,수원,GFS,2026-09-27 18:00:00,69,2,dswrf,0.0,,
2026-10-01 00:00:00,수원,GFS,2026-09-27 18:00:00,69,2,t2m,17.7,19.6,-1.9
2026-10-01 00:00:00,수원,GFS,2026-09-27 18:00:00,69,2,tcc,21.0,80.0,-59.0
2026-10-01 00:00:00,수원,GFS,2026-09-27 12:00:00,75,3,dswrf,0.0,,
2026-10-01 00:00:00,수원,GFS,2026-09-27 12:00:00,75,3,t2m,17.8,19.6,-1.8
2026-10-01 00:00:00,수원,GFS,2026-09-27 12:00:00,75,3,tcc,82.0,80.0,2.0
2026-10-01 00:00:00,수원,GFS,2026-09-27 00:00:00,87,3,dswrf,0.0,,
2026-10-01 00:00:00,수원,GFS,2026-09-27 00:00:00,87,3,t2m,17.0,19.6,-2.6
2026-10-01 00:00:00,수원,GFS,2026-09-27 00:00:00,87,3,tcc,61.0,80.0,-19.0
2026-10-01 00:00:00,수원,GFS,2026-09-26 18:00:00,93,3,dswrf,0.0,,
2026-10-01 00:00:00,수원,GFS,2026-09-26 18:00:00,93,3,t2m,17.1,19.6,-2.5
2026-10-01 00:00:00,수원,GFS,2026-09-26 18:00:00,93,3,tcc,7.0,80.0,-73.0
2026-10-01 00:00:00,수원,GFS,2026-09-26 00:00:00,111,4,dswrf,0.0,,
2026-10-01 00:00:00,수원,GFS,2026-09-26 00:00:00,111,4,t2m,18.0,19.6,-1.6
2026-10-01 00:00:00,수원,GFS,2026-09-26 00:00:00,111,4,tcc,100.0,80.0,20.0
2026-10-01 00:00:00,수원,GFS,2026-09-25 18:00:00,117,4,dswrf,0.0,,
2026-10-01 00:00:00,수원,GFS,2026-09-25 18:00:00,117,4,t2m,18.7,19.6,-0.9
2026-10-01 00:00:00,수원,GFS,2026-09-25 18:00:00,117,4,tcc,75.0,80.0,-5.0
2026-10-01 00:00:00,수원,KIM,2026-09-30 12:00:00,3,0,dswrf,0.0,,
2026-10-01 00:00:00,수원,KIM,2026-09-30 12:00:00,3,0,t2m,17.0,19.6,-2.6
2026-10-01 00:00:00,수원,KIM,2026-09-30 12:00:00,3,0,tcc,78.0,80.0,-2.0
2026-10-01 00:00:00,수원,KIM,2026-09-30 00:00:00,15,0,dswrf,0.0,,
2026-10-01 00:00:00,수원,KIM,2026-09-30 00:00:00,15,0,t2m,16.5,19.6,-3.1
2026-10-01 00:00:00,수원,KIM,2026-09-30 00:00:00,15,0,tcc,99.0,80.0,19.0
2026-10-01 00:00:00,수원,KIM,2026-09-29 12:00:00,27,1,dswrf,-0.0,,
2026-10-01 00:00:00,수원,KIM,2026-09-29 12:00:00,27,1,t2m,15.9,19.6,-3.7
2026-10-01 00:00:00,수원,KIM,2026-09-29 12:00:00,27,1,tcc,77.0,80.0,-3.0
2026-10-01 00:00:00,수원,KIM,2026-09-29 00:00:00,39,1,dswrf,-0.0,,
2026-10-01 00:00:00,수원,KIM,2026-09-29 00:00:00,39,1,t2m,16.8,19.6,-2.8
2026-10-01 00:00:00,수원,KIM,2026-09-29 00:00:00,39,1,tcc,53.0,80.0,-27.0
2026-10-01 00:00:00,수원,KIM,2026-09-28 12:00:00,51,2,dswrf,0.0,,
2026-10-01 00:00:00,수원,KIM,2026-09-28 12:00:00,51,2,t2m,15.3,19.6,-4.3
2026-10-01 00:00:00,수원,KIM,2026-09-28 12:00:00,51,2,tcc,18.0,80.0,-62.0
2026-10-01 00:00:00,수원,KIM,2026-09-28 00:00:00,63,2,dswrf,0.0,,
2026-10-01 00:00:00,수원,KIM,2026-09-28 00:00:00,63,2,t2m,15.6,19.6,-4.0
2026-10-01 00:00:00,수원,KIM,2026-09-28 00:00:00,63,2,tcc,15.0,80.0,-65.0
2026-10-01 00:00:00,수원,KIM,2026-09-27 12:00:00,75,3,dswrf,-0.0,,
2026-10-01 00:00:00,수원,KIM,2026-09-27 12:00:00,75,3,t2m,13.7,19.6,-5.9
2026-10-01 00:00:00,수원,KIM,2026-09-27 12:00:00,75,3,tcc,95.0,80.0,15.0
2026-10-01 00:00:00,수원,KIM,2026-09-27 00:00:00,87,3,dswrf,-0.0,,
2026-10-01 00:00:00,수원,KIM,2026-09-27 00:00:00,87,3,t2m,14.9,19.6,-4.7
2026-10-01 00:00:00,수원,KIM,2026-09-27 00:00:00,87,3,tcc,43.0,80.0,-37.0
2026-10-01 00:00:00,수원,KIM,2026-09-26 12:00:00,99,4,dswrf,0.0,,
2026-10-01 00:00:00,수원,KIM,2026-09-26 12:00:00,99,4,t2m,13.2,19.6,-6.4
2026-10-01 00:00:00,수원,KIM,2026-09-26 12:00:00,99,4,tcc,4.0,80.0,-76.0
2026-10-01 00:00:00,수원,KIM,2026-09-26 00:00:00,111,4,dswrf,-0.0,,
2026-10-01 00:00:00,수원,KIM,2026-09-26 00:00:00,111,4,t2m,12.7,19.6,-6.9
2026-10-01 00:00:00,수원,KIM,2026-09-26 00:00:00,111,4,tcc,0.0,80.0,-80.0
2026-10-01 00:00:00,인천,ECMWF,2026-09-30 12:00:00,3,0,dswrf,0.0,,
2026-10-01 00:00:00,인천,ECMWF,2026-09-30 12:00:00,3,0,t2m,18.8,18.4,0.4
2026-10-01 00:00:00,인천,ECMWF,2026-09-30 12:00:00,3,0,tcc,97.0,100.0,-3.0
2026-10-01 00:00:00,인천,ECMWF,2026-09-29 12:00:00,27,1,dswrf,0.0,,
2026-10-01 00:00:00,인천,ECMWF,2026-09-29 12:00:00,27,1,t2m,17.0,18.4,-1.4
2026-10-01 00:00:00,인천,ECMWF,2026-09-29 12:00:00,27,1,tcc,56.0,100.0,-44.0
2026-10-01 00:00:00,인천,ECMWF,2026-09-28 12:00:00,51,2,dswrf,0.0,,
2026-10-01 00:00:00,인천,ECMWF,2026-09-28 12:00:00,51,2,t2m,16.8,18.4,-1.6
2026-10-01 00:00:00,인천,ECMWF,2026-09-28 12:00:00,51,2,tcc,2.0,100.0,-98.0
2026-10-01 00:00:00,인천,ECMWF,2026-09-28 00:00:00,63,2,dswrf,0.0,,
2026-10-01 00:00:00,인천,ECMWF,2026-09-28 00:00:00,63,2,t2m,16.9,18.4,-1.5
2026-10-01 00:00:00,인천,ECMWF,2026-09-28 00:00:00,63,2,tcc,10.0,100.0,-90.0
2026-10-01 00:00:00,인천,ECMWF,2026-09-27 12:00:00,75,3,dswrf,0.0,,
2026-10-01 00:00:00,인천,ECMWF,2026-09-27 12:00:00,75,3,t2m,17.2,18.4,-1.2
2026-10-01 00:00:00,인천,ECMWF,2026-09-27 12:00:00,75,3,tcc,1.0,100.0,-99.0
2026-10-01 00:00:00,인천,ECMWF,2026-09-26 12:00:00,99,4,dswrf,0.0,,
2026-10-01 00:00:00,인천,ECMWF,2026-09-26 12:00:00,99,4,t2m,16.7,18.4,-1.7
2026-10-01 00:00:00,인천,ECMWF,2026-09-26 12:00:00,99,4,tcc,0.0,100.0,-100.0
2026-10-01 00:00:00,인천,ECMWF,2026-09-25 12:00:00,123,5,dswrf,0.0,,
2026-10-01 00:00:00,인천,ECMWF,2026-09-25 12:00:00,123,5,t2m,16.6,18.4,-1.8
2026-10-01 00:00:00,인천,ECMWF,2026-09-25 12:00:00,123,5,tcc,5.0,100.0,-95.0
2026-10-01 00:00:00,인천,GFS,2026-09-30 12:00:00,3,0,dswrf,0.0,,
2026-10-01 00:00:00,인천,GFS,2026-09-30 12:00:00,3,0,t2m,18.8,18.4,0.4
2026-10-01 00:00:00,인천,GFS,2026-09-30 12:00:00,3,0,tcc,99.0,100.0,-1.0
2026-10-01 00:00:00,인천,GFS,2026-09-30 00:00:00,15,0,dswrf,0.0,,
2026-10-01 00:00:00,인천,GFS,2026-09-30 00:00:00,15,0,t2m,18.1,18.4,-0.3
2026-10-01 00:00:00,인천,GFS,2026-09-30 00:00:00,15,0,tcc,98.0,100.0,-2.0
2026-10-01 00:00:00,인천,GFS,2026-09-29 18:00:00,21,0,dswrf,0.0,,
2026-10-01 00:00:00,인천,GFS,2026-09-29 18:00:00,21,0,t2m,17.7,18.4,-0.7
2026-10-01 00:00:00,인천,GFS,2026-09-29 18:00:00,21,0,tcc,99.0,100.0,-1.0
2026-10-01 00:00:00,인천,GFS,2026-09-29 12:00:00,27,1,dswrf,0.0,,
2026-10-01 00:00:00,인천,GFS,2026-09-29 12:00:00,27,1,t2m,17.8,18.4,-0.6
2026-10-01 00:00:00,인천,GFS,2026-09-29 12:00:00,27,1,tcc,93.0,100.0,-7.0
2026-10-01 00:00:00,인천,GFS,2026-09-29 00:00:00,39,1,dswrf,0.0,,
2026-10-01 00:00:00,인천,GFS,2026-09-29 00:00:00,39,1,t2m,17.1,18.4,-1.3
2026-10-01 00:00:00,인천,GFS,2026-09-29 00:00:00,39,1,tcc,79.0,100.0,-21.0
2026-10-01 00:00:00,인천,GFS,2026-09-28 18:00:00,45,1,dswrf,0.0,,
2026-10-01 00:00:00,인천,GFS,2026-09-28 18:00:00,45,1,t2m,17.8,18.4,-0.6
2026-10-01 00:00:00,인천,GFS,2026-09-28 18:00:00,45,1,tcc,91.0,100.0,-9.0
2026-10-01 00:00:00,인천,GFS,2026-09-28 12:00:00,51,2,dswrf,0.0,,
2026-10-01 00:00:00,인천,GFS,2026-09-28 12:00:00,51,2,t2m,17.5,18.4,-0.9
2026-10-01 00:00:00,인천,GFS,2026-09-28 12:00:00,51,2,tcc,57.0,100.0,-43.0
2026-10-01 00:00:00,인천,GFS,2026-09-28 00:00:00,63,2,dswrf,0.0,,
2026-10-01 00:00:00,인천,GFS,2026-09-28 00:00:00,63,2,t2m,17.6,18.4,-0.8
2026-10-01 00:00:00,인천,GFS,2026-09-28 00:00:00,63,2,tcc,75.0,100.0,-25.0
2026-10-01 00:00:00,인천,GFS,2026-09-27 18:00:00,69,2,dswrf,0.0,,
2026-10-01 00:00:00,인천,GFS,2026-09-27 18:00:00,69,2,t2m,17.7,18.4,-0.7
2026-10-01 00:00:00,인천,GFS,2026-09-27 18:00:00,69,2,tcc,2.0,100.0,-98.0
2026-10-01 00:00:00,인천,GFS,2026-09-27 12:00:00,75,3,dswrf,0.0,,
2026-10-01 00:00:00,인천,GFS,2026-09-27 12:00:00,75,3,t2m,17.7,18.4,-0.7
2026-10-01 00:00:00,인천,GFS,2026-09-27 12:00:00,75,3,tcc,52.0,100.0,-48.0
2026-10-01 00:00:00,인천,GFS,2026-09-27 00:00:00,87,3,dswrf,0.0,,
2026-10-01 00:00:00,인천,GFS,2026-09-27 00:00:00,87,3,t2m,17.1,18.4,-1.3
2026-10-01 00:00:00,인천,GFS,2026-09-27 00:00:00,87,3,tcc,9.0,100.0,-91.0
2026-10-01 00:00:00,인천,GFS,2026-09-26 18:00:00,93,3,dswrf,0.0,,
2026-10-01 00:00:00,인천,GFS,2026-09-26 18:00:00,93,3,t2m,17.0,18.4,-1.4
2026-10-01 00:00:00,인천,GFS,2026-09-26 18:00:00,93,3,tcc,1.0,100.0,-99.0
2026-10-01 00:00:00,인천,GFS,2026-09-26 00:00:00,111,4,dswrf,0.0,,
2026-10-01 00:00:00,인천,GFS,2026-09-26 00:00:00,111,4,t2m,18.0,18.4,-0.4
2026-10-01 00:00:00,인천,GFS,2026-09-26 00:00:00,111,4,tcc,69.0,100.0,-31.0
2026-10-01 00:00:00,인천,GFS,2026-09-25 18:00:00,117,4,dswrf,0.0,,
2026-10-01 00:00:00,인천,GFS,2026-09-25 18:00:00,117,4,t2m,18.2,18.4,-0.2
2026-10-01 00:00:00,인천,GFS,2026-09-25 18:00:00,117,4,tcc,85.0,100.0,-15.0
2026-10-01 00:00:00,인천,KIM,2026-09-30 12:00:00,3,0,dswrf,0.0,,
2026-10-01 00:00:00,인천,KIM,2026-09-30 12:00:00,3,0,t2m,16.2,18.4,-2.2
2026-10-01 00:00:00,인천,KIM,2026-09-30 12:00:00,3,0,tcc,93.0,100.0,-7.0
2026-10-01 00:00:00,인천,KIM,2026-09-30 00:00:00,15,0,dswrf,0.0,,
2026-10-01 00:00:00,인천,KIM,2026-09-30 00:00:00,15,0,t2m,15.5,18.4,-2.9
2026-10-01 00:00:00,인천,KIM,2026-09-30 00:00:00,15,0,tcc,99.0,100.0,-1.0
2026-10-01 00:00:00,인천,KIM,2026-09-29 12:00:00,27,1,dswrf,-0.0,,
2026-10-01 00:00:00,인천,KIM,2026-09-29 12:00:00,27,1,t2m,14.9,18.4,-3.5
2026-10-01 00:00:00,인천,KIM,2026-09-29 12:00:00,27,1,tcc,91.0,100.0,-9.0
2026-10-01 00:00:00,인천,KIM,2026-09-29 00:00:00,39,1,dswrf,-0.0,,
2026-10-01 00:00:00,인천,KIM,2026-09-29 00:00:00,39,1,t2m,15.5,18.4,-2.9
2026-10-01 00:00:00,인천,KIM,2026-09-29 00:00:00,39,1,tcc,51.0,100.0,-49.0
2026-10-01 00:00:00,인천,KIM,2026-09-28 12:00:00,51,2,dswrf,0.0,,
2026-10-01 00:00:00,인천,KIM,2026-09-28 12:00:00,51,2,t2m,14.4,18.4,-4.0
2026-10-01 00:00:00,인천,KIM,2026-09-28 12:00:00,51,2,tcc,2.0,100.0,-98.0
2026-10-01 00:00:00,인천,KIM,2026-09-28 00:00:00,63,2,dswrf,0.0,,
2026-10-01 00:00:00,인천,KIM,2026-09-28 00:00:00,63,2,t2m,15.3,18.4,-3.1
2026-10-01 00:00:00,인천,KIM,2026-09-28 00:00:00,63,2,tcc,12.0,100.0,-88.0
2026-10-01 00:00:00,인천,KIM,2026-09-27 12:00:00,75,3,dswrf,-0.0,,
2026-10-01 00:00:00,인천,KIM,2026-09-27 12:00:00,75,3,t2m,13.6,18.4,-4.8
2026-10-01 00:00:00,인천,KIM,2026-09-27 12:00:00,75,3,tcc,98.0,100.0,-2.0
2026-10-01 00:00:00,인천,KIM,2026-09-27 00:00:00,87,3,dswrf,-0.0,,
2026-10-01 00:00:00,인천,KIM,2026-09-27 00:00:00,87,3,t2m,15.1,18.4,-3.3
2026-10-01 00:00:00,인천,KIM,2026-09-27 00:00:00,87,3,tcc,50.0,100.0,-50.0
2026-10-01 00:00:00,인천,KIM,2026-09-26 12:00:00,99,4,dswrf,0.0,,
2026-10-01 00:00:00,인천,KIM,2026-09-26 12:00:00,99,4,t2m,13.4,18.4,-5.0
2026-10-01 00:00:00,인천,KIM,2026-09-26 12:00:00,99,4,tcc,11.0,100.0,-89.0
2026-10-01 00:00:00,인천,KIM,2026-09-26 00:00:00,111,4,dswrf,-0.0,,
2026-10-01 00:00:00,인천,KIM,2026-09-26 00:00:00,111,4,t2m,12.8,18.4,-5.6
2026-10-01 00:00:00,인천,KIM,2026-09-26 00:00:00,111,4,tcc,0.0,100.0,-100.0
2026-10-01 00:00:00,전주,ECMWF,2026-09-30 12:00:00,3,0,dswrf,0.0,,
2026-10-01 00:00:00,전주,ECMWF,2026-09-30 12:00:00,3,0,t2m,17.6,19.1,-1.5
2026-10-01 00:00:00,전주,ECMWF,2026-09-30 12:00:00,3,0,tcc,47.0,60.0,-13.0
2026-10-01 00:00:00,전주,ECMWF,2026-09-29 12:00:00,27,1,dswrf,0.0,,
2026-10-01 00:00:00,전주,ECMWF,2026-09-29 12:00:00,27,1,t2m,18.7,19.1,-0.4
2026-10-01 00:00:00,전주,ECMWF,2026-09-29 12:00:00,27,1,tcc,97.0,60.0,37.0
2026-10-01 00:00:00,전주,ECMWF,2026-09-28 12:00:00,51,2,dswrf,0.0,,
2026-10-01 00:00:00,전주,ECMWF,2026-09-28 12:00:00,51,2,t2m,18.9,19.1,-0.2
2026-10-01 00:00:00,전주,ECMWF,2026-09-28 12:00:00,51,2,tcc,100.0,60.0,40.0
2026-10-01 00:00:00,전주,ECMWF,2026-09-28 00:00:00,63,2,dswrf,0.0,,
2026-10-01 00:00:00,전주,ECMWF,2026-09-28 00:00:00,63,2,t2m,17.4,19.1,-1.7
2026-10-01 00:00:00,전주,ECMWF,2026-09-28 00:00:00,63,2,tcc,99.0,60.0,39.0
2026-10-01 00:00:00,전주,ECMWF,2026-09-27 12:00:00,75,3,dswrf,0.0,,
2026-10-01 00:00:00,전주,ECMWF,2026-09-27 12:00:00,75,3,t2m,18.3,19.1,-0.8
2026-10-01 00:00:00,전주,ECMWF,2026-09-27 12:00:00,75,3,tcc,100.0,60.0,40.0
2026-10-01 00:00:00,전주,ECMWF,2026-09-26 12:00:00,99,4,dswrf,0.0,,
2026-10-01 00:00:00,전주,ECMWF,2026-09-26 12:00:00,99,4,t2m,18.1,19.1,-1.0
2026-10-01 00:00:00,전주,ECMWF,2026-09-26 12:00:00,99,4,tcc,95.0,60.0,35.0
2026-10-01 00:00:00,전주,ECMWF,2026-09-25 12:00:00,123,5,dswrf,0.0,,
2026-10-01 00:00:00,전주,ECMWF,2026-09-25 12:00:00,123,5,t2m,17.5,19.1,-1.6
2026-10-01 00:00:00,전주,ECMWF,2026-09-25 12:00:00,123,5,tcc,99.0,60.0,39.0
2026-10-01 00:00:00,전주,GFS,2026-09-30 12:00:00,3,0,dswrf,0.0,,
2026-10-01 00:00:00,전주,GFS,2026-09-30 12:00:00,3,0,t2m,17.4,19.1,-1.7
2026-10-01 00:00:00,전주,GFS,2026-09-30 12:00:00,3,0,tcc,90.0,60.0,30.0
2026-10-01 00:00:00,전주,GFS,2026-09-30 00:00:00,15,0,dswrf,0.0,,
2026-10-01 00:00:00,전주,GFS,2026-09-30 00:00:00,15,0,t2m,18.1,19.1,-1.0
2026-10-01 00:00:00,전주,GFS,2026-09-30 00:00:00,15,0,tcc,89.0,60.0,29.0
2026-10-01 00:00:00,전주,GFS,2026-09-29 18:00:00,21,0,dswrf,0.0,,
2026-10-01 00:00:00,전주,GFS,2026-09-29 18:00:00,21,0,t2m,18.3,19.1,-0.8
2026-10-01 00:00:00,전주,GFS,2026-09-29 18:00:00,21,0,tcc,97.0,60.0,37.0
2026-10-01 00:00:00,전주,GFS,2026-09-29 12:00:00,27,1,dswrf,0.0,,
2026-10-01 00:00:00,전주,GFS,2026-09-29 12:00:00,27,1,t2m,17.8,19.1,-1.3
2026-10-01 00:00:00,전주,GFS,2026-09-29 12:00:00,27,1,tcc,97.0,60.0,37.0
2026-10-01 00:00:00,전주,GFS,2026-09-29 00:00:00,39,1,dswrf,0.0,,
2026-10-01 00:00:00,전주,GFS,2026-09-29 00:00:00,39,1,t2m,17.8,19.1,-1.3
2026-10-01 00:00:00,전주,GFS,2026-09-29 00:00:00,39,1,tcc,95.0,60.0,35.0
2026-10-01 00:00:00,전주,GFS,2026-09-28 18:00:00,45,1,dswrf,0.0,,
2026-10-01 00:00:00,전주,GFS,2026-09-28 18:00:00,45,1,t2m,17.5,19.1,-1.6
2026-10-01 00:00:00,전주,GFS,2026-09-28 18:00:00,45,1,tcc,98.0,60.0,38.0
2026-10-01 00:00:00,전주,GFS,2026-09-28 12:00:00,51,2,dswrf,0.0,,
2026-10-01 00:00:00,전주,GFS,2026-09-28 12:00:00,51,2,t2m,18.6,19.1,-0.5
2026-10-01 00:00:00,전주,GFS,2026-09-28 12:00:00,51,2,tcc,100.0,60.0,40.0
2026-10-01 00:00:00,전주,GFS,2026-09-28 00:00:00,63,2,dswrf,0.0,,
2026-10-01 00:00:00,전주,GFS,2026-09-28 00:00:00,63,2,t2m,17.9,19.1,-1.2
2026-10-01 00:00:00,전주,GFS,2026-09-28 00:00:00,63,2,tcc,99.0,60.0,39.0
2026-10-01 00:00:00,전주,GFS,2026-09-27 18:00:00,69,2,dswrf,0.0,,
2026-10-01 00:00:00,전주,GFS,2026-09-27 18:00:00,69,2,t2m,17.9,19.1,-1.2
2026-10-01 00:00:00,전주,GFS,2026-09-27 18:00:00,69,2,tcc,99.0,60.0,39.0
2026-10-01 00:00:00,전주,GFS,2026-09-27 12:00:00,75,3,dswrf,0.0,,
2026-10-01 00:00:00,전주,GFS,2026-09-27 12:00:00,75,3,t2m,18.1,19.1,-1.0
2026-10-01 00:00:00,전주,GFS,2026-09-27 12:00:00,75,3,tcc,93.0,60.0,33.0
2026-10-01 00:00:00,전주,GFS,2026-09-27 00:00:00,87,3,dswrf,0.0,,
2026-10-01 00:00:00,전주,GFS,2026-09-27 00:00:00,87,3,t2m,18.1,19.1,-1.0
2026-10-01 00:00:00,전주,GFS,2026-09-27 00:00:00,87,3,tcc,97.0,60.0,37.0
2026-10-01 00:00:00,전주,GFS,2026-09-26 18:00:00,93,3,dswrf,0.0,,
2026-10-01 00:00:00,전주,GFS,2026-09-26 18:00:00,93,3,t2m,18.1,19.1,-1.0
2026-10-01 00:00:00,전주,GFS,2026-09-26 18:00:00,93,3,tcc,91.0,60.0,31.0
2026-10-01 00:00:00,전주,GFS,2026-09-26 00:00:00,111,4,dswrf,0.0,,
2026-10-01 00:00:00,전주,GFS,2026-09-26 00:00:00,111,4,t2m,16.9,19.1,-2.2
2026-10-01 00:00:00,전주,GFS,2026-09-26 00:00:00,111,4,tcc,90.0,60.0,30.0
2026-10-01 00:00:00,전주,GFS,2026-09-25 18:00:00,117,4,dswrf,0.0,,
2026-10-01 00:00:00,전주,GFS,2026-09-25 18:00:00,117,4,t2m,16.2,19.1,-2.9
2026-10-01 00:00:00,전주,GFS,2026-09-25 18:00:00,117,4,tcc,74.0,60.0,14.0
2026-10-01 00:00:00,전주,KIM,2026-09-30 12:00:00,3,0,dswrf,0.0,,
2026-10-01 00:00:00,전주,KIM,2026-09-30 12:00:00,3,0,t2m,18.0,19.1,-1.1
2026-10-01 00:00:00,전주,KIM,2026-09-30 12:00:00,3,0,tcc,86.0,60.0,26.0
2026-10-01 00:00:00,전주,KIM,2026-09-30 00:00:00,15,0,dswrf,0.0,,
2026-10-01 00:00:00,전주,KIM,2026-09-30 00:00:00,15,0,t2m,18.1,19.1,-1.0
2026-10-01 00:00:00,전주,KIM,2026-09-30 00:00:00,15,0,tcc,96.0,60.0,36.0
2026-10-01 00:00:00,전주,KIM,2026-09-29 12:00:00,27,1,dswrf,-0.0,,
2026-10-01 00:00:00,전주,KIM,2026-09-29 12:00:00,27,1,t2m,17.9,19.1,-1.2
2026-10-01 00:00:00,전주,KIM,2026-09-29 12:00:00,27,1,tcc,97.0,60.0,37.0
2026-10-01 00:00:00,전주,KIM,2026-09-29 00:00:00,39,1,dswrf,-0.0,,
2026-10-01 00:00:00,전주,KIM,2026-09-29 00:00:00,39,1,t2m,18.7,19.1,-0.4
2026-10-01 00:00:00,전주,KIM,2026-09-29 00:00:00,39,1,tcc,100.0,60.0,40.0
2026-10-01 00:00:00,전주,KIM,2026-09-28 12:00:00,51,2,dswrf,0.0,,
2026-10-01 00:00:00,전주,KIM,2026-09-28 12:00:00,51,2,t2m,19.1,19.1,0.0
2026-10-01 00:00:00,전주,KIM,2026-09-28 12:00:00,51,2,tcc,97.0,60.0,37.0
2026-10-01 00:00:00,전주,KIM,2026-09-28 00:00:00,63,2,dswrf,0.0,,
2026-10-01 00:00:00,전주,KIM,2026-09-28 00:00:00,63,2,t2m,19.0,19.1,-0.1
2026-10-01 00:00:00,전주,KIM,2026-09-28 00:00:00,63,2,tcc,94.0,60.0,34.0
2026-10-01 00:00:00,전주,KIM,2026-09-27 12:00:00,75,3,dswrf,-0.0,,
2026-10-01 00:00:00,전주,KIM,2026-09-27 12:00:00,75,3,t2m,19.6,19.1,0.5
2026-10-01 00:00:00,전주,KIM,2026-09-27 12:00:00,75,3,tcc,32.0,60.0,-28.0
2026-10-01 00:00:00,전주,KIM,2026-09-27 00:00:00,87,3,dswrf,-0.0,,
2026-10-01 00:00:00,전주,KIM,2026-09-27 00:00:00,87,3,t2m,19.8,19.1,0.7
2026-10-01 00:00:00,전주,KIM,2026-09-27 00:00:00,87,3,tcc,99.0,60.0,39.0
2026-10-01 00:00:00,전주,KIM,2026-09-26 12:00:00,99,4,dswrf,0.0,,
2026-10-01 00:00:00,전주,KIM,2026-09-26 12:00:00,99,4,t2m,17.2,19.1,-1.9
2026-10-01 00:00:00,전주,KIM,2026-09-26 12:00:00,99,4,tcc,35.0,60.0,-25.0
2026-10-01 00:00:00,전주,KIM,2026-09-26 00:00:00,111,4,dswrf,-0.0,,
2026-10-01 00:00:00,전주,KIM,2026-09-26 00:00:00,111,4,t2m,17.1,19.1,-2.0
2026-10-01 00:00:00,전주,KIM,2026-09-26 00:00:00,111,4,tcc,2.0,60.0,-58.0
2026-10-01 00:00:00,제주,ECMWF,2026-09-30 12:00:00,3,0,dswrf,0.0,,
2026-10-01 00:00:00,제주,ECMWF,2026-09-30 12:00:00,3,0,t2m,21.6,23.1,-1.5
2026-10-01 00:00:00,제주,ECMWF,2026-09-30 12:00:00,3,0,tcc,70.0,100.0,-30.0
2026-10-01 00:00:00,제주,ECMWF,2026-09-29 12:00:00,27,1,dswrf,0.0,,
2026-10-01 00:00:00,제주,ECMWF,2026-09-29 12:00:00,27,1,t2m,21.0,23.1,-2.1
2026-10-01 00:00:00,제주,ECMWF,2026-09-29 12:00:00,27,1,tcc,48.0,100.0,-52.0
2026-10-01 00:00:00,제주,ECMWF,2026-09-28 12:00:00,51,2,dswrf,0.0,,
2026-10-01 00:00:00,제주,ECMWF,2026-09-28 12:00:00,51,2,t2m,20.8,23.1,-2.3
2026-10-01 00:00:00,제주,ECMWF,2026-09-28 12:00:00,51,2,tcc,35.0,100.0,-65.0
2026-10-01 00:00:00,제주,ECMWF,2026-09-28 00:00:00,63,2,dswrf,0.0,,
2026-10-01 00:00:00,제주,ECMWF,2026-09-28 00:00:00,63,2,t2m,20.7,23.1,-2.4
2026-10-01 00:00:00,제주,ECMWF,2026-09-28 00:00:00,63,2,tcc,58.0,100.0,-42.0
2026-10-01 00:00:00,제주,ECMWF,2026-09-27 12:00:00,75,3,dswrf,0.0,,
2026-10-01 00:00:00,제주,ECMWF,2026-09-27 12:00:00,75,3,t2m,20.9,23.1,-2.2
2026-10-01 00:00:00,제주,ECMWF,2026-09-27 12:00:00,75,3,tcc,34.0,100.0,-66.0
2026-10-01 00:00:00,제주,ECMWF,2026-09-26 12:00:00,99,4,dswrf,0.0,,
2026-10-01 00:00:00,제주,ECMWF,2026-09-26 12:00:00,99,4,t2m,19.8,23.1,-3.3
2026-10-01 00:00:00,제주,ECMWF,2026-09-26 12:00:00,99,4,tcc,55.0,100.0,-45.0
2026-10-01 00:00:00,제주,ECMWF,2026-09-25 12:00:00,123,5,dswrf,0.0,,
2026-10-01 00:00:00,제주,ECMWF,2026-09-25 12:00:00,123,5,t2m,19.8,23.1,-3.3
2026-10-01 00:00:00,제주,ECMWF,2026-09-25 12:00:00,123,5,tcc,71.0,100.0,-29.0
2026-10-01 00:00:00,제주,GFS,2026-09-30 12:00:00,3,0,dswrf,0.0,,
2026-10-01 00:00:00,제주,GFS,2026-09-30 12:00:00,3,0,t2m,21.5,23.1,-1.6
2026-10-01 00:00:00,제주,GFS,2026-09-30 12:00:00,3,0,tcc,47.0,100.0,-53.0
2026-10-01 00:00:00,제주,GFS,2026-09-30 00:00:00,15,0,dswrf,0.0,,
2026-10-01 00:00:00,제주,GFS,2026-09-30 00:00:00,15,0,t2m,20.7,23.1,-2.4
2026-10-01 00:00:00,제주,GFS,2026-09-30 00:00:00,15,0,tcc,2.0,100.0,-98.0
2026-10-01 00:00:00,제주,GFS,2026-09-29 18:00:00,21,0,dswrf,0.0,,
2026-10-01 00:00:00,제주,GFS,2026-09-29 18:00:00,21,0,t2m,20.7,23.1,-2.4
2026-10-01 00:00:00,제주,GFS,2026-09-29 18:00:00,21,0,tcc,8.0,100.0,-92.0
2026-10-01 00:00:00,제주,GFS,2026-09-29 12:00:00,27,1,dswrf,0.0,,
2026-10-01 00:00:00,제주,GFS,2026-09-29 12:00:00,27,1,t2m,20.5,23.1,-2.6
2026-10-01 00:00:00,제주,GFS,2026-09-29 12:00:00,27,1,tcc,12.0,100.0,-88.0
2026-10-01 00:00:00,제주,GFS,2026-09-29 00:00:00,39,1,dswrf,0.0,,
2026-10-01 00:00:00,제주,GFS,2026-09-29 00:00:00,39,1,t2m,20.6,23.1,-2.5
2026-10-01 00:00:00,제주,GFS,2026-09-29 00:00:00,39,1,tcc,22.0,100.0,-78.0
2026-10-01 00:00:00,제주,GFS,2026-09-28 18:00:00,45,1,dswrf,0.0,,
2026-10-01 00:00:00,제주,GFS,2026-09-28 18:00:00,45,1,t2m,20.4,23.1,-2.7
2026-10-01 00:00:00,제주,GFS,2026-09-28 18:00:00,45,1,tcc,41.0,100.0,-59.0
2026-10-01 00:00:00,제주,GFS,2026-09-28 12:00:00,51,2,dswrf,0.0,,
2026-10-01 00:00:00,제주,GFS,2026-09-28 12:00:00,51,2,t2m,20.3,23.1,-2.8
2026-10-01 00:00:00,제주,GFS,2026-09-28 12:00:00,51,2,tcc,30.0,100.0,-70.0
2026-10-01 00:00:00,제주,GFS,2026-09-28 00:00:00,63,2,dswrf,0.0,,
2026-10-01 00:00:00,제주,GFS,2026-09-28 00:00:00,63,2,t2m,20.4,23.1,-2.7
2026-10-01 00:00:00,제주,GFS,2026-09-28 00:00:00,63,2,tcc,44.0,100.0,-56.0
2026-10-01 00:00:00,제주,GFS,2026-09-27 18:00:00,69,2,dswrf,0.0,,
2026-10-01 00:00:00,제주,GFS,2026-09-27 18:00:00,69,2,t2m,20.3,23.1,-2.8
2026-10-01 00:00:00,제주,GFS,2026-09-27 18:00:00,69,2,tcc,4.0,100.0,-96.0
2026-10-01 00:00:00,제주,GFS,2026-09-27 12:00:00,75,3,dswrf,0.0,,
2026-10-01 00:00:00,제주,GFS,2026-09-27 12:00:00,75,3,t2m,19.7,23.1,-3.4
2026-10-01 00:00:00,제주,GFS,2026-09-27 12:00:00,75,3,tcc,5.0,100.0,-95.0
2026-10-01 00:00:00,제주,GFS,2026-09-27 00:00:00,87,3,dswrf,0.0,,
2026-10-01 00:00:00,제주,GFS,2026-09-27 00:00:00,87,3,t2m,19.5,23.1,-3.6
2026-10-01 00:00:00,제주,GFS,2026-09-27 00:00:00,87,3,tcc,4.0,100.0,-96.0
2026-10-01 00:00:00,제주,GFS,2026-09-26 18:00:00,93,3,dswrf,0.0,,
2026-10-01 00:00:00,제주,GFS,2026-09-26 18:00:00,93,3,t2m,19.4,23.1,-3.7
2026-10-01 00:00:00,제주,GFS,2026-09-26 18:00:00,93,3,tcc,3.0,100.0,-97.0
2026-10-01 00:00:00,제주,GFS,2026-09-26 00:00:00,111,4,dswrf,0.0,,
2026-10-01 00:00:00,제주,GFS,2026-09-26 00:00:00,111,4,t2m,19.9,23.1,-3.2
2026-10-01 00:00:00,제주,GFS,2026-09-26 00:00:00,111,4,tcc,9.0,100.0,-91.0
2026-10-01 00:00:00,제주,GFS,2026-09-25 18:00:00,117,4,dswrf,0.0,,
2026-10-01 00:00:00,제주,GFS,2026-09-25 18:00:00,117,4,t2m,20.3,23.1,-2.8
2026-10-01 00:00:00,제주,GFS,2026-09-25 18:00:00,117,4,tcc,45.0,100.0,-55.0
2026-10-01 00:00:00,제주,KIM,2026-09-30 12:00:00,3,0,dswrf,0.0,,
2026-10-01 00:00:00,제주,KIM,2026-09-30 12:00:00,3,0,t2m,22.5,23.1,-0.6
2026-10-01 00:00:00,제주,KIM,2026-09-30 12:00:00,3,0,tcc,93.0,100.0,-7.0
2026-10-01 00:00:00,제주,KIM,2026-09-30 00:00:00,15,0,dswrf,0.0,,
2026-10-01 00:00:00,제주,KIM,2026-09-30 00:00:00,15,0,t2m,22.8,23.1,-0.3
2026-10-01 00:00:00,제주,KIM,2026-09-30 00:00:00,15,0,tcc,78.0,100.0,-22.0
2026-10-01 00:00:00,제주,KIM,2026-09-29 12:00:00,27,1,dswrf,-0.0,,
2026-10-01 00:00:00,제주,KIM,2026-09-29 12:00:00,27,1,t2m,22.7,23.1,-0.4
2026-10-01 00:00:00,제주,KIM,2026-09-29 12:00:00,27,1,tcc,82.0,100.0,-18.0
2026-10-01 00:00:00,제주,KIM,2026-09-29 00:00:00,39,1,dswrf,-0.0,,
2026-10-01 00:00:00,제주,KIM,2026-09-29 00:00:00,39,1,t2m,22.5,23.1,-0.6
2026-10-01 00:00:00,제주,KIM,2026-09-29 00:00:00,39,1,tcc,82.0,100.0,-18.0
2026-10-01 00:00:00,제주,KIM,2026-09-28 12:00:00,51,2,dswrf,0.0,,
2026-10-01 00:00:00,제주,KIM,2026-09-28 12:00:00,51,2,t2m,22.9,23.1,-0.2
2026-10-01 00:00:00,제주,KIM,2026-09-28 12:00:00,51,2,tcc,81.0,100.0,-19.0
2026-10-01 00:00:00,제주,KIM,2026-09-28 00:00:00,63,2,dswrf,0.0,,
2026-10-01 00:00:00,제주,KIM,2026-09-28 00:00:00,63,2,t2m,22.2,23.1,-0.9
2026-10-01 00:00:00,제주,KIM,2026-09-28 00:00:00,63,2,tcc,69.0,100.0,-31.0
2026-10-01 00:00:00,제주,KIM,2026-09-27 12:00:00,75,3,dswrf,-0.0,,
2026-10-01 00:00:00,제주,KIM,2026-09-27 12:00:00,75,3,t2m,22.5,23.1,-0.6
2026-10-01 00:00:00,제주,KIM,2026-09-27 12:00:00,75,3,tcc,1.0,100.0,-99.0
2026-10-01 00:00:00,제주,KIM,2026-09-27 00:00:00,87,3,dswrf,-0.0,,
2026-10-01 00:00:00,제주,KIM,2026-09-27 00:00:00,87,3,t2m,22.8,23.1,-0.3
2026-10-01 00:00:00,제주,KIM,2026-09-27 00:00:00,87,3,tcc,98.0,100.0,-2.0
2026-10-01 00:00:00,제주,KIM,2026-09-26 12:00:00,99,4,dswrf,0.0,,
2026-10-01 00:00:00,제주,KIM,2026-09-26 12:00:00,99,4,t2m,22.7,23.1,-0.4
2026-10-01 00:00:00,제주,KIM,2026-09-26 12:00:00,99,4,tcc,86.0,100.0,-14.0
2026-10-01 00:00:00,제주,KIM,2026-09-26 00:00:00,111,4,dswrf,-0.0,,
2026-10-01 00:00:00,제주,KIM,2026-09-26 00:00:00,111,4,t2m,22.8,23.1,-0.3
2026-10-01 00:00:00,제주,KIM,2026-09-26 00:00:00,111,4,tcc,67.0,100.0,-33.0
2026-10-01 03:00:00,강릉,ECMWF,2026-09-30 12:00:00,6,0,dswrf,0.0,,
2026-10-01 03:00:00,강릉,ECMWF,2026-09-30 12:00:00,6,0,t2m,20.0,22.5,-2.5
2026-10-01 03:00:00,강릉,ECMWF,2026-09-30 12:00:00,6,0,tcc,68.0,100.0,-32.0
2026-10-01 03:00:00,강릉,ECMWF,2026-09-29 12:00:00,30,1,dswrf,0.0,,
2026-10-01 03:00:00,강릉,ECMWF,2026-09-29 12:00:00,30,1,t2m,18.0,22.5,-4.5
2026-10-01 03:00:00,강릉,ECMWF,2026-09-29 12:00:00,30,1,tcc,74.0,100.0,-26.0
2026-10-01 03:00:00,강릉,ECMWF,2026-09-28 12:00:00,54,2,dswrf,0.0,,
2026-10-01 03:00:00,강릉,ECMWF,2026-09-28 12:00:00,54,2,t2m,18.3,22.5,-4.2
2026-10-01 03:00:00,강릉,ECMWF,2026-09-28 12:00:00,54,2,tcc,0.0,100.0,-100.0
2026-10-01 03:00:00,강릉,ECMWF,2026-09-28 00:00:00,66,2,dswrf,0.0,,
2026-10-01 03:00:00,강릉,ECMWF,2026-09-28 00:00:00,66,2,t2m,18.5,22.5,-4.0
2026-10-01 03:00:00,강릉,ECMWF,2026-09-28 00:00:00,66,2,tcc,3.0,100.0,-97.0
2026-10-01 03:00:00,강릉,ECMWF,2026-09-27 12:00:00,78,3,dswrf,0.0,,
2026-10-01 03:00:00,강릉,ECMWF,2026-09-27 12:00:00,78,3,t2m,17.5,22.5,-5.0
2026-10-01 03:00:00,강릉,ECMWF,2026-09-27 12:00:00,78,3,tcc,4.0,100.0,-96.0
2026-10-01 03:00:00,강릉,ECMWF,2026-09-26 12:00:00,102,4,dswrf,0.0,,
2026-10-01 03:00:00,강릉,ECMWF,2026-09-26 12:00:00,102,4,t2m,16.8,22.5,-5.7
2026-10-01 03:00:00,강릉,ECMWF,2026-09-26 12:00:00,102,4,tcc,0.0,100.0,-100.0
2026-10-01 03:00:00,강릉,ECMWF,2026-09-25 12:00:00,126,5,dswrf,0.0,,
2026-10-01 03:00:00,강릉,ECMWF,2026-09-25 12:00:00,126,5,t2m,17.3,22.5,-5.2
2026-10-01 03:00:00,강릉,ECMWF,2026-09-25 12:00:00,126,5,tcc,6.0,100.0,-94.0
2026-10-01 03:00:00,강릉,ECMWF,2026-09-24 12:00:00,150,6,dswrf,0.0,,
2026-10-01 03:00:00,강릉,ECMWF,2026-09-24 12:00:00,150,6,t2m,15.3,22.5,-7.2
2026-10-01 03:00:00,강릉,ECMWF,2026-09-24 12:00:00,150,6,tcc,0.0,100.0,-100.0
2026-10-01 03:00:00,강릉,ECMWF,2026-09-23 12:00:00,174,7,dswrf,0.0,,
2026-10-01 03:00:00,강릉,ECMWF,2026-09-23 12:00:00,174,7,t2m,12.2,22.5,-10.3
2026-10-01 03:00:00,강릉,ECMWF,2026-09-23 12:00:00,174,7,tcc,3.0,100.0,-97.0
2026-10-01 03:00:00,강릉,ECMWF,2026-09-22 12:00:00,198,8,dswrf,0.0,,
2026-10-01 03:00:00,강릉,ECMWF,2026-09-22 12:00:00,198,8,t2m,12.0,22.5,-10.5
2026-10-01 03:00:00,강릉,ECMWF,2026-09-22 12:00:00,198,8,tcc,0.0,100.0,-100.0
2026-10-01 03:00:00,강릉,ECMWF,2026-09-21 12:00:00,222,9,dswrf,0.0,,
2026-10-01 03:00:00,강릉,ECMWF,2026-09-21 12:00:00,222,9,t2m,14.0,22.5,-8.5
2026-10-01 03:00:00,강릉,ECMWF,2026-09-21 12:00:00,222,9,tcc,36.0,100.0,-64.0
2026-10-01 03:00:00,강릉,GFS,2026-09-30 18:00:00,0,0,t2m,20.2,22.5,-2.3
2026-10-01 03:00:00,강릉,GFS,2026-09-30 18:00:00,0,0,tcc,100.0,100.0,0.0
2026-10-01 03:00:00,강릉,GFS,2026-09-30 12:00:00,6,0,dswrf,0.0,,
2026-10-01 03:00:00,강릉,GFS,2026-09-30 12:00:00,6,0,t2m,19.8,22.5,-2.7
2026-10-01 03:00:00,강릉,GFS,2026-09-30 12:00:00,6,0,tcc,99.0,100.0,-1.0
2026-10-01 03:00:00,강릉,GFS,2026-09-30 00:00:00,18,0,dswrf,0.0,,
2026-10-01 03:00:00,강릉,GFS,2026-09-30 00:00:00,18,0,t2m,19.9,22.5,-2.6
2026-10-01 03:00:00,강릉,GFS,2026-09-30 00:00:00,18,0,tcc,100.0,100.0,0.0
2026-10-01 03:00:00,강릉,GFS,2026-09-29 18:00:00,24,1,dswrf,0.0,,
2026-10-01 03:00:00,강릉,GFS,2026-09-29 18:00:00,24,1,t2m,19.0,22.5,-3.5
2026-10-01 03:00:00,강릉,GFS,2026-09-29 18:00:00,24,1,tcc,100.0,100.0,0.0
2026-10-01 03:00:00,강릉,GFS,2026-09-29 12:00:00,30,1,dswrf,0.0,,
2026-10-01 03:00:00,강릉,GFS,2026-09-29 12:00:00,30,1,t2m,19.1,22.5,-3.4
2026-10-01 03:00:00,강릉,GFS,2026-09-29 12:00:00,30,1,tcc,100.0,100.0,0.0
2026-10-01 03:00:00,강릉,GFS,2026-09-29 00:00:00,42,1,dswrf,0.0,,
2026-10-01 03:00:00,강릉,GFS,2026-09-29 00:00:00,42,1,t2m,20.2,22.5,-2.3
2026-10-01 03:00:00,강릉,GFS,2026-09-29 00:00:00,42,1,tcc,100.0,100.0,0.0
2026-10-01 03:00:00,강릉,GFS,2026-09-28 18:00:00,48,2,dswrf,0.0,,
2026-10-01 03:00:00,강릉,GFS,2026-09-28 18:00:00,48,2,t2m,21.0,22.5,-1.5
2026-10-01 03:00:00,강릉,GFS,2026-09-28 18:00:00,48,2,tcc,100.0,100.0,0.0
2026-10-01 03:00:00,강릉,GFS,2026-09-28 12:00:00,54,2,dswrf,0.0,,
2026-10-01 03:00:00,강릉,GFS,2026-09-28 12:00:00,54,2,t2m,19.9,22.5,-2.6
2026-10-01 03:00:00,강릉,GFS,2026-09-28 12:00:00,54,2,tcc,100.0,100.0,0.0
2026-10-01 03:00:00,강릉,GFS,2026-09-28 00:00:00,66,2,dswrf,0.0,,
2026-10-01 03:00:00,강릉,GFS,2026-09-28 00:00:00,66,2,t2m,19.5,22.5,-3.0
2026-10-01 03:00:00,강릉,GFS,2026-09-28 00:00:00,66,2,tcc,98.0,100.0,-2.0
2026-10-01 03:00:00,강릉,GFS,2026-09-27 18:00:00,72,3,dswrf,0.0,,
2026-10-01 03:00:00,강릉,GFS,2026-09-27 18:00:00,72,3,t2m,17.8,22.5,-4.7
2026-10-01 03:00:00,강릉,GFS,2026-09-27 18:00:00,72,3,tcc,4.0,100.0,-96.0
2026-10-01 03:00:00,강릉,GFS,2026-09-27 12:00:00,78,3,dswrf,0.0,,
2026-10-01 03:00:00,강릉,GFS,2026-09-27 12:00:00,78,3,t2m,18.2,22.5,-4.3
2026-10-01 03:00:00,강릉,GFS,2026-09-27 12:00:00,78,3,tcc,92.0,100.0,-8.0
2026-10-01 03:00:00,강릉,GFS,2026-09-27 00:00:00,90,3,dswrf,0.0,,
2026-10-01 03:00:00,강릉,GFS,2026-09-27 00:00:00,90,3,t2m,17.5,22.5,-5.0
2026-10-01 03:00:00,강릉,GFS,2026-09-27 00:00:00,90,3,tcc,74.0,100.0,-26.0
2026-10-01 03:00:00,강릉,GFS,2026-09-26 18:00:00,96,4,dswrf,0.0,,
2026-10-01 03:00:00,강릉,GFS,2026-09-26 18:00:00,96,4,t2m,16.4,22.5,-6.1
2026-10-01 03:00:00,강릉,GFS,2026-09-26 18:00:00,96,4,tcc,15.0,100.0,-85.0
2026-10-01 03:00:00,강릉,GFS,2026-09-26 00:00:00,114,4,dswrf,0.0,,
2026-10-01 03:00:00,강릉,GFS,2026-09-26 00:00:00,114,4,t2m,19.8,22.5,-2.7
2026-10-01 03:00:00,강릉,GFS,2026-09-26 00:00:00,114,4,tcc,87.0,100.0,-13.0
2026-10-01 03:00:00,강릉,GFS,2026-09-25 18:00:00,120,5,dswrf,0.0,,
2026-10-01 03:00:00,강릉,GFS,2026-09-25 18:00:00,120,5,t2m,20.4,22.5,-2.1
2026-10-01 03:00:00,강릉,GFS,2026-09-25 18:00:00,120,5,tcc,100.0,100.0,0.0
2026-10-01 03:00:00,강릉,KIM,2026-09-30 12:00:00,6,0,dswrf,0.0,,
2026-10-01 03:00:00,강릉,KIM,2026-09-30 12:00:00,6,0,t2m,19.0,22.5,-3.5
2026-10-01 03:00:00,강릉,KIM,2026-09-30 12:00:00,6,0,tcc,91.0,100.0,-9.0
2026-10-01 03:00:00,강릉,KIM,2026-09-30 00:00:00,18,0,dswrf,0.0,,
2026-10-01 03:00:00,강릉,KIM,2026-09-30 00:00:00,18,0,t2m,17.2,22.5,-5.3
2026-10-01 03:00:00,강릉,KIM,2026-09-30 00:00:00,18,0,tcc,56.0,100.0,-44.0
2026-10-01 03:00:00,강릉,KIM,2026-09-29 12:00:00,30,1,dswrf,-0.0,,
2026-10-01 03:00:00,강릉,KIM,2026-09-29 12:00:00,30,1,t2m,17.3,22.5,-5.2
2026-10-01 03:00:00,강릉,KIM,2026-09-29 12:00:00,30,1,tcc,82.0,100.0,-18.0
2026-10-01 03:00:00,강릉,KIM,2026-09-29 00:00:00,42,1,dswrf,-0.0,,
2026-10-01 03:00:00,강릉,KIM,2026-09-29 00:00:00,42,1,t2m,16.9,22.5,-5.6
2026-10-01 03:00:00,강릉,KIM,2026-09-29 00:00:00,42,1,tcc,34.0,100.0,-66.0
2026-10-01 03:00:00,강릉,KIM,2026-09-28 12:00:00,54,2,dswrf,0.0,,
2026-10-01 03:00:00,강릉,KIM,2026-09-28 12:00:00,54,2,t2m,16.3,22.5,-6.2
2026-10-01 03:00:00,강릉,KIM,2026-09-28 12:00:00,54,2,tcc,29.0,100.0,-71.0
2026-10-01 03:00:00,강릉,KIM,2026-09-28 00:00:00,66,2,dswrf,0.0,,
2026-10-01 03:00:00,강릉,KIM,2026-09-28 00:00:00,66,2,t2m,16.9,22.5,-5.6
2026-10-01 03:00:00,강릉,KIM,2026-09-28 00:00:00,66,2,tcc,52.0,100.0,-48.0
2026-10-01 03:00:00,강릉,KIM,2026-09-27 12:00:00,78,3,dswrf,0.0,,
2026-10-01 03:00:00,강릉,KIM,2026-09-27 12:00:00,78,3,t2m,15.9,22.5,-6.6
2026-10-01 03:00:00,강릉,KIM,2026-09-27 12:00:00,78,3,tcc,35.0,100.0,-65.0
2026-10-01 03:00:00,강릉,KIM,2026-09-27 00:00:00,90,3,dswrf,-0.0,,
2026-10-01 03:00:00,강릉,KIM,2026-09-27 00:00:00,90,3,t2m,15.9,22.5,-6.6
2026-10-01 03:00:00,강릉,KIM,2026-09-27 00:00:00,90,3,tcc,2.0,100.0,-98.0
2026-10-01 03:00:00,강릉,KIM,2026-09-26 12:00:00,102,4,dswrf,0.0,,
2026-10-01 03:00:00,강릉,KIM,2026-09-26 12:00:00,102,4,t2m,14.5,22.5,-8.0
2026-10-01 03:00:00,강릉,KIM,2026-09-26 12:00:00,102,4,tcc,0.0,100.0,-100.0
2026-10-01 03:00:00,강릉,KIM,2026-09-26 00:00:00,114,4,dswrf,-0.0,,
2026-10-01 03:00:00,강릉,KIM,2026-09-26 00:00:00,114,4,t2m,14.4,22.5,-8.1
2026-10-01 03:00:00,강릉,KIM,2026-09-26 00:00:00,114,4,tcc,0.0,100.0,-100.0
2026-10-01 03:00:00,광주,ECMWF,2026-09-30 12:00:00,6,0,dswrf,0.0,,
2026-10-01 03:00:00,광주,ECMWF,2026-09-30 12:00:00,6,0,t2m,18.8,20.0,-1.2
2026-10-01 03:00:00,광주,ECMWF,2026-09-30 12:00:00,6,0,tcc,91.0,80.0,11.0
2026-10-01 03:00:00,광주,ECMWF,2026-09-29 12:00:00,30,1,dswrf,0.0,,
2026-10-01 03:00:00,광주,ECMWF,2026-09-29 12:00:00,30,1,t2m,19.0,20.0,-1.0
2026-10-01 03:00:00,광주,ECMWF,2026-09-29 12:00:00,30,1,tcc,74.0,80.0,-6.0
2026-10-01 03:00:00,광주,ECMWF,2026-09-28 12:00:00,54,2,dswrf,0.0,,
2026-10-01 03:00:00,광주,ECMWF,2026-09-28 12:00:00,54,2,t2m,19.3,20.0,-0.7
2026-10-01 03:00:00,광주,ECMWF,2026-09-28 12:00:00,54,2,tcc,60.0,80.0,-20.0
2026-10-01 03:00:00,광주,ECMWF,2026-09-28 00:00:00,66,2,dswrf,0.0,,
2026-10-01 03:00:00,광주,ECMWF,2026-09-28 00:00:00,66,2,t2m,19.3,20.0,-0.7
2026-10-01 03:00:00,광주,ECMWF,2026-09-28 00:00:00,66,2,tcc,54.0,80.0,-26.0
2026-10-01 03:00:00,광주,ECMWF,2026-09-27 12:00:00,78,3,dswrf,0.0,,
2026-10-01 03:00:00,광주,ECMWF,2026-09-27 12:00:00,78,3,t2m,19.4,20.0,-0.6
2026-10-01 03:00:00,광주,ECMWF,2026-09-27 12:00:00,78,3,tcc,76.0,80.0,-4.0
2026-10-01 03:00:00,광주,ECMWF,2026-09-26 12:00:00,102,4,dswrf,0.0,,
2026-10-01 03:00:00,광주,ECMWF,2026-09-26 12:00:00,102,4,t2m,17.7,20.0,-2.3
2026-10-01 03:00:00,광주,ECMWF,2026-09-26 12:00:00,102,4,tcc,97.0,80.0,17.0
2026-10-01 03:00:00,광주,ECMWF,2026-09-25 12:00:00,126,5,dswrf,0.0,,
2026-10-01 03:00:00,광주,ECMWF,2026-09-25 12:00:00,126,5,t2m,18.6,20.0,-1.4
2026-10-01 03:00:00,광주,ECMWF,2026-09-25 12:00:00,126,5,tcc,57.0,80.0,-23.0
2026-10-01 03:00:00,광주,ECMWF,2026-09-24 12:00:00,150,6,dswrf,0.0,,
2026-10-01 03:00:00,광주,ECMWF,2026-09-24 12:00:00,150,6,t2m,16.7,20.0,-3.3
2026-10-01 03:00:00,광주,ECMWF,2026-09-24 12:00:00,150,6,tcc,70.0,80.0,-10.0
2026-10-01 03:00:00,광주,ECMWF,2026-09-23 12:00:00,174,7,dswrf,0.0,,
2026-10-01 03:00:00,광주,ECMWF,2026-09-23 12:00:00,174,7,t2m,15.1,20.0,-4.9
2026-10-01 03:00:00,광주,ECMWF,2026-09-23 12:00:00,174,7,tcc,89.0,80.0,9.0
2026-10-01 03:00:00,광주,ECMWF,2026-09-22 12:00:00,198,8,dswrf,0.0,,
2026-10-01 03:00:00,광주,ECMWF,2026-09-22 12:00:00,198,8,t2m,12.5,20.0,-7.5
2026-10-01 03:00:00,광주,ECMWF,2026-09-22 12:00:00,198,8,tcc,58.0,80.0,-22.0
2026-10-01 03:00:00,광주,ECMWF,2026-09-21 12:00:00,222,9,dswrf,0.0,,
2026-10-01 03:00:00,광주,ECMWF,2026-09-21 12:00:00,222,9,t2m,16.6,20.0,-3.4
2026-10-01 03:00:00,광주,ECMWF,2026-09-21 12:00:00,222,9,tcc,95.0,80.0,15.0
2026-10-01 03:00:00,광주,GFS,2026-09-30 18:00:00,0,0,t2m,18.3,20.0,-1.7
2026-10-01 03:00:00,광주,GFS,2026-09-30 18:00:00,0,0,tcc,90.0,80.0,10.0
2026-10-01 03:00:00,광주,GFS,2026-09-30 12:00:00,6,0,dswrf,0.0,,
2026-10-01 03:00:00,광주,GFS,2026-09-30 12:00:00,6,0,t2m,18.2,20.0,-1.8
2026-10-01 03:00:00,광주,GFS,2026-09-30 12:00:00,6,0,tcc,92.0,80.0,12.0
2026-10-01 03:00:00,광주,GFS,2026-09-30 00:00:00,18,0,dswrf,0.0,,
2026-10-01 03:00:00,광주,GFS,2026-09-30 00:00:00,18,0,t2m,17.9,20.0,-2.1
2026-10-01 03:00:00,광주,GFS,2026-09-30 00:00:00,18,0,tcc,86.0,80.0,6.0
2026-10-01 03:00:00,광주,GFS,2026-09-29 18:00:00,24,1,dswrf,0.0,,
2026-10-01 03:00:00,광주,GFS,2026-09-29 18:00:00,24,1,t2m,17.3,20.0,-2.7
2026-10-01 03:00:00,광주,GFS,2026-09-29 18:00:00,24,1,tcc,53.0,80.0,-27.0
2026-10-01 03:00:00,광주,GFS,2026-09-29 12:00:00,30,1,dswrf,0.0,,
2026-10-01 03:00:00,광주,GFS,2026-09-29 12:00:00,30,1,t2m,17.4,20.0,-2.6
2026-10-01 03:00:00,광주,GFS,2026-09-29 12:00:00,30,1,tcc,78.0,80.0,-2.0
2026-10-01 03:00:00,광주,GFS,2026-09-29 00:00:00,42,1,dswrf,0.0,,
2026-10-01 03:00:00,광주,GFS,2026-09-29 00:00:00,42,1,t2m,16.5,20.0,-3.5
2026-10-01 03:00:00,광주,GFS,2026-09-29 00:00:00,42,1,tcc,91.0,80.0,11.0
2026-10-01 03:00:00,광주,GFS,2026-09-28 18:00:00,48,2,dswrf,0.0,,
2026-10-01 03:00:00,광주,GFS,2026-09-28 18:00:00,48,2,t2m,17.8,20.0,-2.2
2026-10-01 03:00:00,광주,GFS,2026-09-28 18:00:00,48,2,tcc,100.0,80.0,20.0
2026-10-01 03:00:00,광주,GFS,2026-09-28 12:00:00,54,2,dswrf,0.0,,
2026-10-01 03:00:00,광주,GFS,2026-09-28 12:00:00,54,2,t2m,17.2,20.0,-2.8
2026-10-01 03:00:00,광주,GFS,2026-09-28 12:00:00,54,2,tcc,99.0,80.0,19.0
2026-10-01 03:00:00,광주,GFS,2026-09-28 00:00:00,66,2,dswrf,0.0,,
2026-10-01 03:00:00,광주,GFS,2026-09-28 00:00:00,66,2,t2m,17.5,20.0,-2.5
2026-10-01 03:00:00,광주,GFS,2026-09-28 00:00:00,66,2,tcc,86.0,80.0,6.0
2026-10-01 03:00:00,광주,GFS,2026-09-27 18:00:00,72,3,dswrf,0.0,,
2026-10-01 03:00:00,광주,GFS,2026-09-27 18:00:00,72,3,t2m,16.4,20.0,-3.6
2026-10-01 03:00:00,광주,GFS,2026-09-27 18:00:00,72,3,tcc,70.0,80.0,-10.0
2026-10-01 03:00:00,광주,GFS,2026-09-27 12:00:00,78,3,dswrf,0.0,,
2026-10-01 03:00:00,광주,GFS,2026-09-27 12:00:00,78,3,t2m,15.8,20.0,-4.2
2026-10-01 03:00:00,광주,GFS,2026-09-27 12:00:00,78,3,tcc,25.0,80.0,-55.0
2026-10-01 03:00:00,광주,GFS,2026-09-27 00:00:00,90,3,dswrf,0.0,,
2026-10-01 03:00:00,광주,GFS,2026-09-27 00:00:00,90,3,t2m,15.1,20.0,-4.9
2026-10-01 03:00:00,광주,GFS,2026-09-27 00:00:00,90,3,tcc,81.0,80.0,1.0
2026-10-01 03:00:00,광주,GFS,2026-09-26 18:00:00,96,4,dswrf,0.0,,
2026-10-01 03:00:00,광주,GFS,2026-09-26 18:00:00,96,4,t2m,15.3,20.0,-4.7
2026-10-01 03:00:00,광주,GFS,2026-09-26 18:00:00,96,4,tcc,32.0,80.0,-48.0
2026-10-01 03:00:00,광주,GFS,2026-09-26 00:00:00,114,4,dswrf,0.0,,
2026-10-01 03:00:00,광주,GFS,2026-09-26 00:00:00,114,4,t2m,16.9,20.0,-3.1
2026-10-01 03:00:00,광주,GFS,2026-09-26 00:00:00,114,4,tcc,100.0,80.0,20.0
2026-10-01 03:00:00,광주,GFS,2026-09-25 18:00:00,120,5,dswrf,0.0,,
2026-10-01 03:00:00,광주,GFS,2026-09-25 18:00:00,120,5,t2m,14.8,20.0,-5.2
2026-10-01 03:00:00,광주,GFS,2026-09-25 18:00:00,120,5,tcc,87.0,80.0,7.0
2026-10-01 03:00:00,광주,KIM,2026-09-30 12:00:00,6,0,dswrf,0.0,,
2026-10-01 03:00:00,광주,KIM,2026-09-30 12:00:00,6,0,t2m,18.8,20.0,-1.2
2026-10-01 03:00:00,광주,KIM,2026-09-30 12:00:00,6,0,tcc,99.0,80.0,19.0
2026-10-01 03:00:00,광주,KIM,2026-09-30 00:00:00,18,0,dswrf,0.0,,
2026-10-01 03:00:00,광주,KIM,2026-09-30 00:00:00,18,0,t2m,19.3,20.0,-0.7
2026-10-01 03:00:00,광주,KIM,2026-09-30 00:00:00,18,0,tcc,98.0,80.0,18.0
2026-10-01 03:00:00,광주,KIM,2026-09-29 12:00:00,30,1,dswrf,-0.0,,
2026-10-01 03:00:00,광주,KIM,2026-09-29 12:00:00,30,1,t2m,18.9,20.0,-1.1
2026-10-01 03:00:00,광주,KIM,2026-09-29 12:00:00,30,1,tcc,100.0,80.0,20.0
2026-10-01 03:00:00,광주,KIM,2026-09-29 00:00:00,42,1,dswrf,-0.0,,
2026-10-01 03:00:00,광주,KIM,2026-09-29 00:00:00,42,1,t2m,18.9,20.0,-1.1
2026-10-01 03:00:00,광주,KIM,2026-09-29 00:00:00,42,1,tcc,97.0,80.0,17.0
2026-10-01 03:00:00,광주,KIM,2026-09-28 12:00:00,54,2,dswrf,0.0,,
2026-10-01 03:00:00,광주,KIM,2026-09-28 12:00:00,54,2,t2m,18.2,20.0,-1.8
2026-10-01 03:00:00,광주,KIM,2026-09-28 12:00:00,54,2,tcc,92.0,80.0,12.0
2026-10-01 03:00:00,광주,KIM,2026-09-28 00:00:00,66,2,dswrf,0.0,,
2026-10-01 03:00:00,광주,KIM,2026-09-28 00:00:00,66,2,t2m,18.9,20.0,-1.1
2026-10-01 03:00:00,광주,KIM,2026-09-28 00:00:00,66,2,tcc,58.0,80.0,-22.0
2026-10-01 03:00:00,광주,KIM,2026-09-27 12:00:00,78,3,dswrf,0.0,,
2026-10-01 03:00:00,광주,KIM,2026-09-27 12:00:00,78,3,t2m,17.3,20.0,-2.7
2026-10-01 03:00:00,광주,KIM,2026-09-27 12:00:00,78,3,tcc,69.0,80.0,-11.0
2026-10-01 03:00:00,광주,KIM,2026-09-27 00:00:00,90,3,dswrf,-0.0,,
2026-10-01 03:00:00,광주,KIM,2026-09-27 00:00:00,90,3,t2m,18.3,20.0,-1.7
2026-10-01 03:00:00,광주,KIM,2026-09-27 00:00:00,90,3,tcc,90.0,80.0,10.0
2026-10-01 03:00:00,광주,KIM,2026-09-26 12:00:00,102,4,dswrf,0.0,,
2026-10-01 03:00:00,광주,KIM,2026-09-26 12:00:00,102,4,t2m,17.4,20.0,-2.6
2026-10-01 03:00:00,광주,KIM,2026-09-26 12:00:00,102,4,tcc,50.0,80.0,-30.0
2026-10-01 03:00:00,광주,KIM,2026-09-26 00:00:00,114,4,dswrf,-0.0,,
2026-10-01 03:00:00,광주,KIM,2026-09-26 00:00:00,114,4,t2m,15.8,20.0,-4.2
2026-10-01 03:00:00,광주,KIM,2026-09-26 00:00:00,114,4,tcc,31.0,80.0,-49.0
2026-10-01 03:00:00,대구,ECMWF,2026-09-30 12:00:00,6,0,dswrf,0.0,,
2026-10-01 03:00:00,대구,ECMWF,2026-09-30 12:00:00,6,0,t2m,17.6,19.2,-1.6
2026-10-01 03:00:00,대구,ECMWF,2026-09-30 12:00:00,6,0,tcc,81.0,80.0,1.0
2026-10-01 03:00:00,대구,ECMWF,2026-09-29 12:00:00,30,1,dswrf,0.0,,
2026-10-01 03:00:00,대구,ECMWF,2026-09-29 12:00:00,30,1,t2m,18.0,19.2,-1.2
2026-10-01 03:00:00,대구,ECMWF,2026-09-29 12:00:00,30,1,tcc,26.0,80.0,-54.0
2026-10-01 03:00:00,대구,ECMWF,2026-09-28 12:00:00,54,2,dswrf,0.0,,
2026-10-01 03:00:00,대구,ECMWF,2026-09-28 12:00:00,54,2,t2m,18.1,19.2,-1.1
2026-10-01 03:00:00,대구,ECMWF,2026-09-28 12:00:00,54,2,tcc,24.0,80.0,-56.0
2026-10-01 03:00:00,대구,ECMWF,2026-09-28 00:00:00,66,2,dswrf,0.0,,
2026-10-01 03:00:00,대구,ECMWF,2026-09-28 00:00:00,66,2,t2m,18.2,19.2,-1.0
2026-10-01 03:00:00,대구,ECMWF,2026-09-28 00:00:00,66,2,tcc,44.0,80.0,-36.0
2026-10-01 03:00:00,대구,ECMWF,2026-09-27 12:00:00,78,3,dswrf,0.0,,
2026-10-01 03:00:00,대구,ECMWF,2026-09-27 12:00:00,78,3,t2m,17.5,19.2,-1.7
2026-10-01 03:00:00,대구,ECMWF,2026-09-27 12:00:00,78,3,tcc,47.0,80.0,-33.0
2026-10-01 03:00:00,대구,ECMWF,2026-09-26 12:00:00,102,4,dswrf,0.0,,
2026-10-01 03:00:00,대구,ECMWF,2026-09-26 12:00:00,102,4,t2m,16.6,19.2,-2.6
2026-10-01 03:00:00,대구,ECMWF,2026-09-26 12:00:00,102,4,tcc,45.0,80.0,-35.0
2026-10-01 03:00:00,대구,ECMWF,2026-09-25 12:00:00,126,5,dswrf,0.0,,
2026-10-01 03:00:00,대구,ECMWF,2026-09-25 12:00:00,126,5,t2m,17.2,19.2,-2.0
2026-10-01 03:00:00,대구,ECMWF,2026-09-25 12:00:00,126,5,tcc,19.0,80.0,-61.0
2026-10-01 03:00:00,대구,ECMWF,2026-09-24 12:00:00,150,6,dswrf,0.0,,
2026-10-01 03:00:00,대구,ECMWF,2026-09-24 12:00:00,150,6,t2m,16.6,19.2,-2.6
2026-10-01 03:00:00,대구,ECMWF,2026-09-24 12:00:00,150,6,tcc,55.0,80.0,-25.0
2026-10-01 03:00:00,대구,ECMWF,2026-09-23 12:00:00,174,7,dswrf,0.0,,
2026-10-01 03:00:00,대구,ECMWF,2026-09-23 12:00:00,174,7,t2m,12.8,19.2,-6.4
2026-10-01 03:00:00,대구,ECMWF,2026-09-23 12:00:00,174,7,tcc,75.0,80.0,-5.0
2026-10-01 03:00:00,대구,ECMWF,2026-09-22 12:00:00,198,8,dswrf,0.0,,
2026-10-01 03:00:00,대구,ECMWF,2026-09-22 12:00:00,198,8,t2m,11.4,19.2,-7.8
2026-10-01 03:00:00,대구,ECMWF,2026-09-22 12:00:00,198,8,tcc,21.0,80.0,-59.0
2026-10-01 03:00:00,대구,ECMWF,2026-09-21 12:00:00,222,9,dswrf,0.0,,
2026-10-01 03:00:00,대구,ECMWF,2026-09-21 12:00:00,222,9,t2m,15.0,19.2,-4.2
2026-10-01 03:00:00,대구,ECMWF,2026-09-21 12:00:00,222,9,tcc,89.0,80.0,9.0
2026-10-01 03:00:00,대구,GFS,2026-09-30 18:00:00,0,0,t2m,16.2,19.2,-3.0
2026-10-01 03:00:00,대구,GFS,2026-09-30 18:00:00,0,0,tcc,99.0,80.0,19.0
2026-10-01 03:00:00,대구,GFS,2026-09-30 12:00:00,6,0,dswrf,0.0,,
2026-10-01 03:00:00,대구,GFS,2026-09-30 12:00:00,6,0,t2m,16.0,19.2,-3.2
2026-10-01 03:00:00,대구,GFS,2026-09-30 12:00:00,6,0,tcc,94.0,80.0,14.0
2026-10-01 03:00:00,대구,GFS,2026-09-30 00:00:00,18,0,dswrf,0.0,,
2026-10-01 03:00:00,대구,GFS,2026-09-30 00:00:00,18,0,t2m,15.7,19.2,-3.5
2026-10-01 03:00:00,대구,GFS,2026-09-30 00:00:00,18,0,tcc,45.0,80.0,-35.0
2026-10-01 03:00:00,대구,GFS,2026-09-29 18:00:00,24,1,dswrf,0.0,,
2026-10-01 03:00:00,대구,GFS,2026-09-29 18:00:00,24,1,t2m,16.0,19.2,-3.2
2026-10-01 03:00:00,대구,GFS,2026-09-29 18:00:00,24,1,tcc,43.0,80.0,-37.0
2026-10-01 03:00:00,대구,GFS,2026-09-29 12:00:00,30,1,dswrf,0.0,,
2026-10-01 03:00:00,대구,GFS,2026-09-29 12:00:00,30,1,t2m,15.3,19.2,-3.9
2026-10-01 03:00:00,대구,GFS,2026-09-29 12:00:00,30,1,tcc,98.0,80.0,18.0
2026-10-01 03:00:00,대구,GFS,2026-09-29 00:00:00,42,1,dswrf,0.0,,
2026-10-01 03:00:00,대구,GFS,2026-09-29 00:00:00,42,1,t2m,15.8,19.2,-3.4
2026-10-01 03:00:00,대구,GFS,2026-09-29 00:00:00,42,1,tcc,96.0,80.0,16.0
2026-10-01 03:00:00,대구,GFS,2026-09-28 18:00:00,48,2,dswrf,0.0,,
2026-10-01 03:00:00,대구,GFS,2026-09-28 18:00:00,48,2,t2m,16.8,19.2,-2.4
2026-10-01 03:00:00,대구,GFS,2026-09-28 18:00:00,48,2,tcc,97.0,80.0,17.0
2026-10-01 03:00:00,대구,GFS,2026-09-28 12:00:00,54,2,dswrf,0.0,,
2026-10-01 03:00:00,대구,GFS,2026-09-28 12:00:00,54,2,t2m,15.9,19.2,-3.3
2026-10-01 03:00:00,대구,GFS,2026-09-28 12:00:00,54,2,tcc,95.0,80.0,15.0
2026-10-01 03:00:00,대구,GFS,2026-09-28 00:00:00,66,2,dswrf,0.0,,
2026-10-01 03:00:00,대구,GFS,2026-09-28 00:00:00,66,2,t2m,16.2,19.2,-3.0
2026-10-01 03:00:00,대구,GFS,2026-09-28 00:00:00,66,2,tcc,92.0,80.0,12.0
2026-10-01 03:00:00,대구,GFS,2026-09-27 18:00:00,72,3,dswrf,0.0,,
2026-10-01 03:00:00,대구,GFS,2026-09-27 18:00:00,72,3,t2m,15.7,19.2,-3.5
2026-10-01 03:00:00,대구,GFS,2026-09-27 18:00:00,72,3,tcc,58.0,80.0,-22.0
2026-10-01 03:00:00,대구,GFS,2026-09-27 12:00:00,78,3,dswrf,0.0,,
2026-10-01 03:00:00,대구,GFS,2026-09-27 12:00:00,78,3,t2m,16.4,19.2,-2.8
2026-10-01 03:00:00,대구,GFS,2026-09-27 12:00:00,78,3,tcc,66.0,80.0,-14.0
2026-10-01 03:00:00,대구,GFS,2026-09-27 00:00:00,90,3,dswrf,0.0,,
2026-10-01 03:00:00,대구,GFS,2026-09-27 00:00:00,90,3,t2m,15.4,19.2,-3.8
2026-10-01 03:00:00,대구,GFS,2026-09-27 00:00:00,90,3,tcc,85.0,80.0,5.0
2026-10-01 03:00:00,대구,GFS,2026-09-26 18:00:00,96,4,dswrf,0.0,,
2026-10-01 03:00:00,대구,GFS,2026-09-26 18:00:00,96,4,t2m,16.4,19.2,-2.8
2026-10-01 03:00:00,대구,GFS,2026-09-26 18:00:00,96,4,tcc,89.0,80.0,9.0
2026-10-01 03:00:00,대구,GFS,2026-09-26 00:00:00,114,4,dswrf,0.0,,
2026-10-01 03:00:00,대구,GFS,2026-09-26 00:00:00,114,4,t2m,15.9,19.2,-3.3
2026-10-01 03:00:00,대구,GFS,2026-09-26 00:00:00,114,4,tcc,100.0,80.0,20.0
2026-10-01 03:00:00,대구,GFS,2026-09-25 18:00:00,120,5,dswrf,0.0,,
2026-10-01 03:00:00,대구,GFS,2026-09-25 18:00:00,120,5,t2m,15.9,19.2,-3.3
2026-10-01 03:00:00,대구,GFS,2026-09-25 18:00:00,120,5,tcc,100.0,80.0,20.0
2026-10-01 03:00:00,대구,KIM,2026-09-30 12:00:00,6,0,dswrf,0.0,,
2026-10-01 03:00:00,대구,KIM,2026-09-30 12:00:00,6,0,t2m,17.8,19.2,-1.4
2026-10-01 03:00:00,대구,KIM,2026-09-30 12:00:00,6,0,tcc,68.0,80.0,-12.0
2026-10-01 03:00:00,대구,KIM,2026-09-30 00:00:00,18,0,dswrf,0.0,,
2026-10-01 03:00:00,대구,KIM,2026-09-30 00:00:00,18,0,t2m,18.0,19.2,-1.2
2026-10-01 03:00:00,대구,KIM,2026-09-30 00:00:00,18,0,tcc,43.0,80.0,-37.0
2026-10-01 03:00:00,대구,KIM,2026-09-29 12:00:00,30,1,dswrf,-0.0,,
2026-10-01 03:00:00,대구,KIM,2026-09-29 12:00:00,30,1,t2m,17.6,19.2,-1.6
2026-10-01 03:00:00,대구,KIM,2026-09-29 12:00:00,30,1,tcc,80.0,80.0,0.0
2026-10-01 03:00:00,대구,KIM,2026-09-29 00:00:00,42,1,dswrf,-0.0,,
2026-10-01 03:00:00,대구,KIM,2026-09-29 00:00:00,42,1,t2m,17.9,19.2,-1.3
2026-10-01 03:00:00,대구,KIM,2026-09-29 00:00:00,42,1,tcc,47.0,80.0,-33.0
2026-10-01 03:00:00,대구,KIM,2026-09-28 12:00:00,54,2,dswrf,0.0,,
2026-10-01 03:00:00,대구,KIM,2026-09-28 12:00:00,54,2,t2m,17.4,19.2,-1.8
2026-10-01 03:00:00,대구,KIM,2026-09-28 12:00:00,54,2,tcc,30.0,80.0,-50.0
2026-10-01 03:00:00,대구,KIM,2026-09-28 00:00:00,66,2,dswrf,0.0,,
2026-10-01 03:00:00,대구,KIM,2026-09-28 00:00:00,66,2,t2m,17.6,19.2,-1.6
2026-10-01 03:00:00,대구,KIM,2026-09-28 00:00:00,66,2,tcc,59.0,80.0,-21.0
2026-10-01 03:00:00,대구,KIM,2026-09-27 12:00:00,78,3,dswrf,0.0,,
2026-10-01 03:00:00,대구,KIM,2026-09-27 12:00:00,78,3,t2m,16.9,19.2,-2.3
2026-10-01 03:00:00,대구,KIM,2026-09-27 12:00:00,78,3,tcc,14.0,80.0,-66.0
2026-10-01 03:00:00,대구,KIM,2026-09-27 00:00:00,90,3,dswrf,-0.0,,
2026-10-01 03:00:00,대구,KIM,2026-09-27 00:00:00,90,3,t2m,17.9,19.2,-1.3
2026-10-01 03:00:00,대구,KIM,2026-09-27 00:00:00,90,3,tcc,45.0,80.0,-35.0
2026-10-01 03:00:00,대구,KIM,2026-09-26 12:00:00,102,4,dswrf,0.0,,
2026-10-01 03:00:00,대구,KIM,2026-09-26 12:00:00,102,4,t2m,15.5,19.2,-3.7
2026-10-01 03:00:00,대구,KIM,2026-09-26 12:00:00,102,4,tcc,0.0,80.0,-80.0
2026-10-01 03:00:00,대구,KIM,2026-09-26 00:00:00,114,4,dswrf,-0.0,,
2026-10-01 03:00:00,대구,KIM,2026-09-26 00:00:00,114,4,t2m,14.8,19.2,-4.4
2026-10-01 03:00:00,대구,KIM,2026-09-26 00:00:00,114,4,tcc,0.0,80.0,-80.0
2026-10-01 03:00:00,대전,ECMWF,2026-09-30 12:00:00,6,0,dswrf,0.0,,
2026-10-01 03:00:00,대전,ECMWF,2026-09-30 12:00:00,6,0,t2m,17.4,19.2,-1.8
2026-10-01 03:00:00,대전,ECMWF,2026-09-30 12:00:00,6,0,tcc,89.0,100.0,-11.0
2026-10-01 03:00:00,대전,ECMWF,2026-09-29 12:00:00,30,1,dswrf,0.0,,
2026-10-01 03:00:00,대전,ECMWF,2026-09-29 12:00:00,30,1,t2m,16.0,19.2,-3.2
2026-10-01 03:00:00,대전,ECMWF,2026-09-29 12:00:00,30,1,tcc,25.0,100.0,-75.0
2026-10-01 03:00:00,대전,ECMWF,2026-09-28 12:00:00,54,2,dswrf,0.0,,
2026-10-01 03:00:00,대전,ECMWF,2026-09-28 12:00:00,54,2,t2m,15.5,19.2,-3.7
2026-10-01 03:00:00,대전,ECMWF,2026-09-28 12:00:00,54,2,tcc,6.0,100.0,-94.0
2026-10-01 03:00:00,대전,ECMWF,2026-09-28 00:00:00,66,2,dswrf,0.0,,
2026-10-01 03:00:00,대전,ECMWF,2026-09-28 00:00:00,66,2,t2m,17.5,19.2,-1.7
2026-10-01 03:00:00,대전,ECMWF,2026-09-28 00:00:00,66,2,tcc,22.0,100.0,-78.0
2026-10-01 03:00:00,대전,ECMWF,2026-09-27 12:00:00,78,3,dswrf,0.0,,
2026-10-01 03:00:00,대전,ECMWF,2026-09-27 12:00:00,78,3,t2m,17.0,19.2,-2.2
2026-10-01 03:00:00,대전,ECMWF,2026-09-27 12:00:00,78,3,tcc,35.0,100.0,-65.0
2026-10-01 03:00:00,대전,ECMWF,2026-09-26 12:00:00,102,4,dswrf,0.0,,
2026-10-01 03:00:00,대전,ECMWF,2026-09-26 12:00:00,102,4,t2m,15.8,19.2,-3.4
2026-10-01 03:00:00,대전,ECMWF,2026-09-26 12:00:00,102,4,tcc,24.0,100.0,-76.0
2026-10-01 03:00:00,대전,ECMWF,2026-09-25 12:00:00,126,5,dswrf,0.0,,
2026-10-01 03:00:00,대전,ECMWF,2026-09-25 12:00:00,126,5,t2m,16.2,19.2,-3.0
2026-10-01 03:00:00,대전,ECMWF,2026-09-25 12:00:00,126,5,tcc,23.0,100.0,-77.0
2026-10-01 03:00:00,대전,ECMWF,2026-09-24 12:00:00,150,6,dswrf,0.0,,
2026-10-01 03:00:00,대전,ECMWF,2026-09-24 12:00:00,150,6,t2m,14.2,19.2,-5.0
2026-10-01 03:00:00,대전,ECMWF,2026-09-24 12:00:00,150,6,tcc,14.0,100.0,-86.0
2026-10-01 03:00:00,대전,ECMWF,2026-09-23 12:00:00,174,7,dswrf,0.0,,
2026-10-01 03:00:00,대전,ECMWF,2026-09-23 12:00:00,174,7,t2m,11.5,19.2,-7.7
2026-10-01 03:00:00,대전,ECMWF,2026-09-23 12:00:00,174,7,tcc,13.0,100.0,-87.0
2026-10-01 03:00:00,대전,ECMWF,2026-09-22 12:00:00,198,8,dswrf,0.0,,
2026-10-01 03:00:00,대전,ECMWF,2026-09-22 12:00:00,198,8,t2m,11.0,19.2,-8.2
2026-10-01 03:00:00,대전,ECMWF,2026-09-22 12:00:00,198,8,tcc,5.0,100.0,-95.0
2026-10-01 03:00:00,대전,ECMWF,2026-09-21 12:00:00,222,9,dswrf,0.0,,
2026-10-01 03:00:00,대전,ECMWF,2026-09-21 12:00:00,222,9,t2m,13.4,19.2,-5.8
2026-10-01 03:00:00,대전,ECMWF,2026-09-21 12:00:00,222,9,tcc,80.0,100.0,-20.0
2026-10-01 03:00:00,대전,GFS,2026-09-30 18:00:00,0,0,t2m,17.8,19.2,-1.4
2026-10-01 03:00:00,대전,GFS,2026-09-30 18:00:00,0,0,tcc,98.0,100.0,-2.0
2026-10-01 03:00:00,대전,GFS,2026-09-30 12:00:00,6,0,dswrf,0.0,,
2026-10-01 03:00:00,대전,GFS,2026-09-30 12:00:00,6,0,t2m,17.1,19.2,-2.1
2026-10-01 03:00:00,대전,GFS,2026-09-30 12:00:00,6,0,tcc,97.0,100.0,-3.0
2026-10-01 03:00:00,대전,GFS,2026-09-30 00:00:00,18,0,dswrf,0.0,,
2026-10-01 03:00:00,대전,GFS,2026-09-30 00:00:00,18,0,t2m,16.4,19.2,-2.8
2026-10-01 03:00:00,대전,GFS,2026-09-30 00:00:00,18,0,tcc,83.0,100.0,-17.0
2026-10-01 03:00:00,대전,GFS,2026-09-29 18:00:00,24,1,dswrf,0.0,,
2026-10-01 03:00:00,대전,GFS,2026-09-29 18:00:00,24,1,t2m,15.0,19.2,-4.2
2026-10-01 03:00:00,대전,GFS,2026-09-29 18:00:00,24,1,tcc,96.0,100.0,-4.0
2026-10-01 03:00:00,대전,GFS,2026-09-29 12:00:00,30,1,dswrf,0.0,,
2026-10-01 03:00:00,대전,GFS,2026-09-29 12:00:00,30,1,t2m,14.8,19.2,-4.4
2026-10-01 03:00:00,대전,GFS,2026-09-29 12:00:00,30,1,tcc,99.0,100.0,-1.0
2026-10-01 03:00:00,대전,GFS,2026-09-29 00:00:00,42,1,dswrf,0.0,,
2026-10-01 03:00:00,대전,GFS,2026-09-29 00:00:00,42,1,t2m,14.9,19.2,-4.3
2026-10-01 03:00:00,대전,GFS,2026-09-29 00:00:00,42,1,tcc,79.0,100.0,-21.0
2026-10-01 03:00:00,대전,GFS,2026-09-28 18:00:00,48,2,dswrf,0.0,,
2026-10-01 03:00:00,대전,GFS,2026-09-28 18:00:00,48,2,t2m,16.4,19.2,-2.8
2026-10-01 03:00:00,대전,GFS,2026-09-28 18:00:00,48,2,tcc,99.0,100.0,-1.0
2026-10-01 03:00:00,대전,GFS,2026-09-28 12:00:00,54,2,dswrf,0.0,,
2026-10-01 03:00:00,대전,GFS,2026-09-28 12:00:00,54,2,t2m,15.2,19.2,-4.0
2026-10-01 03:00:00,대전,GFS,2026-09-28 12:00:00,54,2,tcc,82.0,100.0,-18.0
2026-10-01 03:00:00,대전,GFS,2026-09-28 00:00:00,66,2,dswrf,0.0,,
2026-10-01 03:00:00,대전,GFS,2026-09-28 00:00:00,66,2,t2m,14.0,19.2,-5.2
2026-10-01 03:00:00,대전,GFS,2026-09-28 00:00:00,66,2,tcc,85.0,100.0,-15.0
2026-10-01 03:00:00,대전,GFS,2026-09-27 18:00:00,72,3,dswrf,0.0,,
2026-10-01 03:00:00,대전,GFS,2026-09-27 18:00:00,72,3,t2m,13.4,19.2,-5.8
2026-10-01 03:00:00,대전,GFS,2026-09-27 18:00:00,72,3,tcc,6.0,100.0,-94.0
2026-10-01 03:00:00,대전,GFS,2026-09-27 12:00:00,78,3,dswrf,0.0,,
2026-10-01 03:00:00,대전,GFS,2026-09-27 12:00:00,78,3,t2m,13.8,19.2,-5.4
2026-10-01 03:00:00,대전,GFS,2026-09-27 12:00:00,78,3,tcc,65.0,100.0,-35.0
2026-10-01 03:00:00,대전,GFS,2026-09-27 00:00:00,90,3,dswrf,0.0,,
2026-10-01 03:00:00,대전,GFS,2026-09-27 00:00:00,90,3,t2m,13.1,19.2,-6.1
2026-10-01 03:00:00,대전,GFS,2026-09-27 00:00:00,90,3,tcc,85.0,100.0,-15.0
2026-10-01 03:00:00,대전,GFS,2026-09-26 18:00:00,96,4,dswrf,0.0,,
2026-10-01 03:00:00,대전,GFS,2026-09-26 18:00:00,96,4,t2m,13.0,19.2,-6.2
2026-10-01 03:00:00,대전,GFS,2026-09-26 18:00:00,96,4,tcc,3.0,100.0,-97.0
2026-10-01 03:00:00,대전,GFS,2026-09-26 00:00:00,114,4,dswrf,0.0,,
2026-10-01 03:00:00,대전,GFS,2026-09-26 00:00:00,114,4,t2m,16.7,19.2,-2.5
2026-10-01 03:00:00,대전,GFS,2026-09-26 00:00:00,114,4,tcc,98.0,100.0,-2.0
2026-10-01 03:00:00,대전,GFS,2026-09-25 18:00:00,120,5,dswrf,0.0,,
2026-10-01 03:00:00,대전,GFS,2026-09-25 18:00:00,120,5,t2m,16.4,19.2,-2.8
2026-10-01 03:00:00,대전,GFS,2026-09-25 18:00:00,120,5,tcc,95.0,100.0,-5.0
2026-10-01 03:00:00,대전,KIM,2026-09-30 12:00:00,6,0,dswrf,0.0,,
2026-10-01 03:00:00,대전,KIM,2026-09-30 12:00:00,6,0,t2m,17.1,19.2,-2.1
2026-10-01 03:00:00,대전,KIM,2026-09-30 12:00:00,6,0,tcc,97.0,100.0,-3.0
2026-10-01 03:00:00,대전,KIM,2026-09-30 00:00:00,18,0,dswrf,0.0,,
2026-10-01 03:00:00,대전,KIM,2026-09-30 00:00:00,18,0,t2m,15.9,19.2,-3.3
2026-10-01 03:00:00,대전,KIM,2026-09-30 00:00:00,18,0,tcc,98.0,100.0,-2.0
2026-10-01 03:00:00,대전,KIM,2026-09-29 12:00:00,30,1,dswrf,-0.0,,
2026-10-01 03:00:00,대전,KIM,2026-09-29 12:00:00,30,1,t2m,15.9,19.2,-3.3
2026-10-01 03:00:00,대전,KIM,2026-09-29 12:00:00,30,1,tcc,95.0,100.0,-5.0
2026-10-01 03:00:00,대전,KIM,2026-09-29 00:00:00,42,1,dswrf,-0.0,,
2026-10-01 03:00:00,대전,KIM,2026-09-29 00:00:00,42,1,t2m,16.5,19.2,-2.7
2026-10-01 03:00:00,대전,KIM,2026-09-29 00:00:00,42,1,tcc,59.0,100.0,-41.0
2026-10-01 03:00:00,대전,KIM,2026-09-28 12:00:00,54,2,dswrf,0.0,,
2026-10-01 03:00:00,대전,KIM,2026-09-28 12:00:00,54,2,t2m,14.9,19.2,-4.3
2026-10-01 03:00:00,대전,KIM,2026-09-28 12:00:00,54,2,tcc,29.0,100.0,-71.0
2026-10-01 03:00:00,대전,KIM,2026-09-28 00:00:00,66,2,dswrf,0.0,,
2026-10-01 03:00:00,대전,KIM,2026-09-28 00:00:00,66,2,t2m,16.0,19.2,-3.2
2026-10-01 03:00:00,대전,KIM,2026-09-28 00:00:00,66,2,tcc,40.0,100.0,-60.0
2026-10-01 03:00:00,대전,KIM,2026-09-27 12:00:00,78,3,dswrf,0.0,,
2026-10-01 03:00:00,대전,KIM,2026-09-27 12:00:00,78,3,t2m,14.2,19.2,-5.0
2026-10-01 03:00:00,대전,KIM,2026-09-27 12:00:00,78,3,tcc,80.0,100.0,-20.0
2026-10-01 03:00:00,대전,KIM,2026-09-27 00:00:00,90,3,dswrf,-0.0,,
2026-10-01 03:00:00,대전,KIM,2026-09-27 00:00:00,90,3,t2m,14.7,19.2,-4.5
2026-10-01 03:00:00,대전,KIM,2026-09-27 00:00:00,90,3,tcc,27.0,100.0,-73.0
2026-10-01 03:00:00,대전,KIM,2026-09-26 12:00:00,102,4,dswrf,0.0,,
2026-10-01 03:00:00,대전,KIM,2026-09-26 12:00:00,102,4,t2m,12.6,19.2,-6.6
2026-10-01 03:00:00,대전,KIM,2026-09-26 12:00:00,102,4,tcc,8.0,100.0,-92.0
2026-10-01 03:00:00,대전,KIM,2026-09-26 00:00:00,114,4,dswrf,-0.0,,
2026-10-01 03:00:00,대전,KIM,2026-09-26 00:00:00,114,4,t2m,12.2,19.2,-7.0
2026-10-01 03:00:00,대전,KIM,2026-09-26 00:00:00,114,4,tcc,0.0,100.0,-100.0
2026-10-01 03:00:00,부산,ECMWF,2026-09-30 12:00:00,6,0,dswrf,0.0,,
2026-10-01 03:00:00,부산,ECMWF,2026-09-30 12:00:00,6,0,t2m,22.5,21.2,1.3
2026-10-01 03:00:00,부산,ECMWF,2026-09-30 12:00:00,6,0,tcc,54.0,30.0,24.0
2026-10-01 03:00:00,부산,ECMWF,2026-09-29 12:00:00,30,1,dswrf,0.0,,
2026-10-01 03:00:00,부산,ECMWF,2026-09-29 12:00:00,30,1,t2m,21.6,21.2,0.4
2026-10-01 03:00:00,부산,ECMWF,2026-09-29 12:00:00,30,1,tcc,21.0,30.0,-9.0
2026-10-01 03:00:00,부산,ECMWF,2026-09-28 12:00:00,54,2,dswrf,0.0,,
2026-10-01 03:00:00,부산,ECMWF,2026-09-28 12:00:00,54,2,t2m,21.9,21.2,0.7
2026-10-01 03:00:00,부산,ECMWF,2026-09-28 12:00:00,54,2,tcc,82.0,30.0,52.0
2026-10-01 03:00:00,부산,ECMWF,2026-09-28 00:00:00,66,2,dswrf,0.0,,
2026-10-01 03:00:00,부산,ECMWF,2026-09-28 00:00:00,66,2,t2m,22.5,21.2,1.3
2026-10-01 03:00:00,부산,ECMWF,2026-09-28 00:00:00,66,2,tcc,54.0,30.0,24.0
2026-10-01 03:00:00,부산,ECMWF,2026-09-27 12:00:00,78,3,dswrf,0.0,,
2026-10-01 03:00:00,부산,ECMWF,2026-09-27 12:00:00,78,3,t2m,21.9,21.2,0.7
2026-10-01 03:00:00,부산,ECMWF,2026-09-27 12:00:00,78,3,tcc,33.0,30.0,3.0
2026-10-01 03:00:00,부산,ECMWF,2026-09-26 12:00:00,102,4,dswrf,0.0,,
2026-10-01 03:00:00,부산,ECMWF,2026-09-26 12:00:00,102,4,t2m,22.3,21.2,1.1
2026-10-01 03:00:00,부산,ECMWF,2026-09-26 12:00:00,102,4,tcc,53.0,30.0,23.0
2026-10-01 03:00:00,부산,ECMWF,2026-09-25 12:00:00,126,5,dswrf,0.0,,
2026-10-01 03:00:00,부산,ECMWF,2026-09-25 12:00:00,126,5,t2m,22.0,21.2,0.8
2026-10-01 03:00:00,부산,ECMWF,2026-09-25 12:00:00,126,5,tcc,38.0,30.0,8.0
2026-10-01 03:00:00,부산,ECMWF,2026-09-24 12:00:00,150,6,dswrf,0.0,,
2026-10-01 03:00:00,부산,ECMWF,2026-09-24 12:00:00,150,6,t2m,21.9,21.2,0.7
2026-10-01 03:00:00,부산,ECMWF,2026-09-24 12:00:00,150,6,tcc,50.0,30.0,20.0
2026-10-01 03:00:00,부산,ECMWF,2026-09-23 12:00:00,174,7,dswrf,0.0,,
2026-10-01 03:00:00,부산,ECMWF,2026-09-23 12:00:00,174,7,t2m,17.9,21.2,-3.3
2026-10-01 03:00:00,부산,ECMWF,2026-09-23 12:00:00,174,7,tcc,96.0,30.0,66.0
2026-10-01 03:00:00,부산,ECMWF,2026-09-22 12:00:00,198,8,dswrf,0.0,,
2026-10-01 03:00:00,부산,ECMWF,2026-09-22 12:00:00,198,8,t2m,16.9,21.2,-4.3
2026-10-01 03:00:00,부산,ECMWF,2026-09-22 12:00:00,198,8,tcc,90.0,30.0,60.0
2026-10-01 03:00:00,부산,ECMWF,2026-09-21 12:00:00,222,9,dswrf,0.0,,
2026-10-01 03:00:00,부산,ECMWF,2026-09-21 12:00:00,222,9,t2m,19.8,21.2,-1.4
2026-10-01 03:00:00,부산,ECMWF,2026-09-21 12:00:00,222,9,tcc,85.0,30.0,55.0
2026-10-01 03:00:00,부산,GFS,2026-09-30 18:00:00,0,0,t2m,22.5,21.2,1.3
2026-10-01 03:00:00,부산,GFS,2026-09-30 18:00:00,0,0,tcc,39.0,30.0,9.0
2026-10-01 03:00:00,부산,GFS,2026-09-30 12:00:00,6,0,dswrf,0.0,,
2026-10-01 03:00:00,부산,GFS,2026-09-30 12:00:00,6,0,t2m,22.4,21.2,1.2
2026-10-01 03:00:00,부산,GFS,2026-09-30 12:00:00,6,0,tcc,36.0,30.0,6.0
2026-10-01 03:00:00,부산,GFS,2026-09-30 00:00:00,18,0,dswrf,0.0,,
2026-10-01 03:00:00,부산,GFS,2026-09-30 00:00:00,18,0,t2m,22.2,21.2,1.0
2026-10-01 03:00:00,부산,GFS,2026-09-30 00:00:00,18,0,tcc,11.0,30.0,-19.0
2026-10-01 03:00:00,부산,GFS,2026-09-29 18:00:00,24,1,dswrf,0.0,,
2026-10-01 03:00:00,부산,GFS,2026-09-29 18:00:00,24,1,t2m,22.0,21.2,0.8
2026-10-01 03:00:00,부산,GFS,2026-09-29 18:00:00,24,1,tcc,12.0,30.0,-18.0
2026-10-01 03:00:00,부산,GFS,2026-09-29 12:00:00,30,1,dswrf,0.0,,
2026-10-01 03:00:00,부산,GFS,2026-09-29 12:00:00,30,1,t2m,21.9,21.2,0.7
2026-10-01 03:00:00,부산,GFS,2026-09-29 12:00:00,30,1,tcc,28.0,30.0,-2.0
2026-10-01 03:00:00,부산,GFS,2026-09-29 00:00:00,42,1,dswrf,0.0,,
2026-10-01 03:00:00,부산,GFS,2026-09-29 00:00:00,42,1,t2m,22.0,21.2,0.8
2026-10-01 03:00:00,부산,GFS,2026-09-29 00:00:00,42,1,tcc,33.0,30.0,3.0
2026-10-01 03:00:00,부산,GFS,2026-09-28 18:00:00,48,2,dswrf,0.0,,
2026-10-01 03:00:00,부산,GFS,2026-09-28 18:00:00,48,2,t2m,22.3,21.2,1.1
2026-10-01 03:00:00,부산,GFS,2026-09-28 18:00:00,48,2,tcc,74.0,30.0,44.0
2026-10-01 03:00:00,부산,GFS,2026-09-28 12:00:00,54,2,dswrf,0.0,,
2026-10-01 03:00:00,부산,GFS,2026-09-28 12:00:00,54,2,t2m,22.0,21.2,0.8
2026-10-01 03:00:00,부산,GFS,2026-09-28 12:00:00,54,2,tcc,26.0,30.0,-4.0
2026-10-01 03:00:00,부산,GFS,2026-09-28 00:00:00,66,2,dswrf,0.0,,
2026-10-01 03:00:00,부산,GFS,2026-09-28 00:00:00,66,2,t2m,22.0,21.2,0.8
2026-10-01 03:00:00,부산,GFS,2026-09-28 00:00:00,66,2,tcc,36.0,30.0,6.0
2026-10-01 03:00:00,부산,GFS,2026-09-27 18:00:00,72,3,dswrf,0.0,,
2026-10-01 03:00:00,부산,GFS,2026-09-27 18:00:00,72,3,t2m,21.7,21.2,0.5
2026-10-01 03:00:00,부산,GFS,2026-09-27 18:00:00,72,3,tcc,25.0,30.0,-5.0
2026-10-01 03:00:00,부산,GFS,2026-09-27 12:00:00,78,3,dswrf,0.0,,
2026-10-01 03:00:00,부산,GFS,2026-09-27 12:00:00,78,3,t2m,21.9,21.2,0.7
2026-10-01 03:00:00,부산,GFS,2026-09-27 12:00:00,78,3,tcc,6.0,30.0,-24.0
2026-10-01 03:00:00,부산,GFS,2026-09-27 00:00:00,90,3,dswrf,0.0,,
2026-10-01 03:00:00,부산,GFS,2026-09-27 00:00:00,90,3,t2m,21.9,21.2,0.7
2026-10-01 03:00:00,부산,GFS,2026-09-27 00:00:00,90,3,tcc,60.0,30.0,30.0
2026-10-01 03:00:00,부산,GFS,2026-09-26 18:00:00,96,4,dswrf,0.0,,
2026-10-01 03:00:00,부산,GFS,2026-09-26 18:00:00,96,4,t2m,21.8,21.2,0.6
2026-10-01 03:00:00,부산,GFS,2026-09-26 18:00:00,96,4,tcc,32.0,30.0,2.0
2026-10-01 03:00:00,부산,GFS,2026-09-26 00:00:00,114,4,dswrf,0.0,,
2026-10-01 03:00:00,부산,GFS,2026-09-26 00:00:00,114,4,t2m,22.2,21.2,1.0
2026-10-01 03:00:00,부산,GFS,2026-09-26 00:00:00,114,4,tcc,79.0,30.0,49.0
2026-10-01 03:00:00,부산,GFS,2026-09-25 18:00:00,120,5,dswrf,0.0,,
2026-10-01 03:00:00,부산,GFS,2026-09-25 18:00:00,120,5,t2m,22.3,21.2,1.1
2026-10-01 03:00:00,부산,GFS,2026-09-25 18:00:00,120,5,tcc,68.0,30.0,38.0
2026-10-01 03:00:00,부산,KIM,2026-09-30 12:00:00,6,0,dswrf,0.0,,
2026-10-01 03:00:00,부산,KIM,2026-09-30 12:00:00,6,0,t2m,19.3,21.2,-1.9
2026-10-01 03:00:00,부산,KIM,2026-09-30 12:00:00,6,0,tcc,7.0,30.0,-23.0
2026-10-01 03:00:00,부산,KIM,2026-09-30 00:00:00,18,0,dswrf,0.0,,
2026-10-01 03:00:00,부산,KIM,2026-09-30 00:00:00,18,0,t2m,19.2,21.2,-2.0
2026-10-01 03:00:00,부산,KIM,2026-09-30 00:00:00,18,0,tcc,14.0,30.0,-16.0
2026-10-01 03:00:00,부산,KIM,2026-09-29 12:00:00,30,1,dswrf,-0.0,,
2026-10-01 03:00:00,부산,KIM,2026-09-29 12:00:00,30,1,t2m,19.4,21.2,-1.8
2026-10-01 03:00:00,부산,KIM,2026-09-29 12:00:00,30,1,tcc,8.0,30.0,-22.0
2026-10-01 03:00:00,부산,KIM,2026-09-29 00:00:00,42,1,dswrf,-0.0,,
2026-10-01 03:00:00,부산,KIM,2026-09-29 00:00:00,42,1,t2m,19.4,21.2,-1.8
2026-10-01 03:00:00,부산,KIM,2026-09-29 00:00:00,42,1,tcc,36.0,30.0,6.0
2026-10-01 03:00:00,부산,KIM,2026-09-28 12:00:00,54,2,dswrf,0.0,,
2026-10-01 03:00:00,부산,KIM,2026-09-28 12:00:00,54,2,t2m,18.6,21.2,-2.6
2026-10-01 03:00:00,부산,KIM,2026-09-28 12:00:00,54,2,tcc,40.0,30.0,10.0
2026-10-01 03:00:00,부산,KIM,2026-09-28 00:00:00,66,2,dswrf,0.0,,
2026-10-01 03:00:00,부산,KIM,2026-09-28 00:00:00,66,2,t2m,18.5,21.2,-2.7
2026-10-01 03:00:00,부산,KIM,2026-09-28 00:00:00,66,2,tcc,9.0,30.0,-21.0
2026-10-01 03:00:00,부산,KIM,2026-09-27 12:00:00,78,3,dswrf,0.0,,
2026-10-01 03:00:00,부산,KIM,2026-09-27 12:00:00,78,3,t2m,19.8,21.2,-1.4
2026-10-01 03:00:00,부산,KIM,2026-09-27 12:00:00,78,3,tcc,20.0,30.0,-10.0
2026-10-01 03:00:00,부산,KIM,2026-09-27 00:00:00,90,3,dswrf,-0.0,,
2026-10-01 03:00:00,부산,KIM,2026-09-27 00:00:00,90,3,t2m,19.5,21.2,-1.7
2026-10-01 03:00:00,부산,KIM,2026-09-27 00:00:00,90,3,tcc,13.0,30.0,-17.0
2026-10-01 03:00:00,부산,KIM,2026-09-26 12:00:00,102,4,dswrf,0.0,,
2026-10-01 03:00:00,부산,KIM,2026-09-26 12:00:00,102,4,t2m,19.3,21.2,-1.9
2026-10-01 03:00:00,부산,KIM,2026-09-26 12:00:00,102,4,tcc,26.0,30.0,-4.0
2026-10-01 03:00:00,부산,KIM,2026-09-26 00:00:00,114,4,dswrf,-0.0,,
2026-10-01 03:00:00,부산,KIM,2026-09-26 00:00:00,114,4,t2m,19.0,21.2,-2.2
2026-10-01 03:00:00,부산,KIM,2026-09-26 00:00:00,114,4,tcc,11.0,30.0,-19.0
2026-10-01 03:00:00,서울,ECMWF,2026-09-30 12:00:00,6,0,dswrf,0.0,,
2026-10-01 03:00:00,서울,ECMWF,2026-09-30 12:00:00,6,0,t2m,16.3,16.4,-0.1
2026-10-01 03:00:00,서울,ECMWF,2026-09-30 12:00:00,6,0,tcc,76.0,100.0,-24.0
2026-10-01 03:00:00,서울,ECMWF,2026-09-29 12:00:00,30,1,dswrf,0.0,,
2026-10-01 03:00:00,서울,ECMWF,2026-09-29 12:00:00,30,1,t2m,15.2,16.4,-1.2
2026-10-01 03:00:00,서울,ECMWF,2026-09-29 12:00:00,30,1,tcc,94.0,100.0,-6.0
2026-10-01 03:00:00,서울,ECMWF,2026-09-28 12:00:00,54,2,dswrf,0.0,,
2026-10-01 03:00:00,서울,ECMWF,2026-09-28 12:00:00,54,2,t2m,14.6,16.4,-1.8
2026-10-01 03:00:00,서울,ECMWF,2026-09-28 12:00:00,54,2,tcc,0.0,100.0,-100.0
2026-10-01 03:00:00,서울,ECMWF,2026-09-28 00:00:00,66,2,dswrf,0.0,,
2026-10-01 03:00:00,서울,ECMWF,2026-09-28 00:00:00,66,2,t2m,14.7,16.4,-1.7
2026-10-01 03:00:00,서울,ECMWF,2026-09-28 00:00:00,66,2,tcc,0.0,100.0,-100.0
2026-10-01 03:00:00,서울,ECMWF,2026-09-27 12:00:00,78,3,dswrf,0.0,,
2026-10-01 03:00:00,서울,ECMWF,2026-09-27 12:00:00,78,3,t2m,14.6,16.4,-1.8
2026-10-01 03:00:00,서울,ECMWF,2026-09-27 12:00:00,78,3,tcc,0.0,100.0,-100.0
2026-10-01 03:00:00,서울,ECMWF,2026-09-26 12:00:00,102,4,dswrf,0.0,,
2026-10-01 03:00:00,서울,ECMWF,2026-09-26 12:00:00,102,4,t2m,14.4,16.4,-2.0
2026-10-01 03:00:00,서울,ECMWF,2026-09-26 12:00:00,102,4,tcc,0.0,100.0,-100.0
2026-10-01 03:00:00,서울,ECMWF,2026-09-25 12:00:00,126,5,dswrf,0.0,,
2026-10-01 03:00:00,서울,ECMWF,2026-09-25 12:00:00,126,5,t2m,14.4,16.4,-2.0
2026-10-01 03:00:00,서울,ECMWF,2026-09-25 12:00:00,126,5,tcc,0.0,100.0,-100.0
2026-10-01 03:00:00,서울,ECMWF,2026-09-24 12:00:00,150,6,dswrf,0.0,,
2026-10-01 03:00:00,서울,ECMWF,2026-09-24 12:00:00,150,6,t2m,14.3,16.4,-2.1
2026-10-01 03:00:00,서울,ECMWF,2026-09-24 12:00:00,150,6,tcc,0.0,100.0,-100.0
2026-10-01 03:00:00,서울,ECMWF,2026-09-23 12:00:00,174,7,dswrf,0.0,,
2026-10-01 03:00:00,서울,ECMWF,2026-09-23 12:00:00,174,7,t2m,12.8,16.4,-3.6
2026-10-01 03:00:00,서울,ECMWF,2026-09-23 12:00:00,174,7,tcc,0.0,100.0,-100.0
2026-10-01 03:00:00,서울,ECMWF,2026-09-22 12:00:00,198,8,dswrf,0.0,,
2026-10-01 03:00:00,서울,ECMWF,2026-09-22 12:00:00,198,8,t2m,11.5,16.4,-4.9
2026-10-01 03:00:00,서울,ECMWF,2026-09-22 12:00:00,198,8,tcc,0.0,100.0,-100.0
2026-10-01 03:00:00,서울,ECMWF,2026-09-21 12:00:00,222,9,dswrf,0.0,,
2026-10-01 03:00:00,서울,ECMWF,2026-09-21 12:00:00,222,9,t2m,13.6,16.4,-2.8
2026-10-01 03:00:00,서울,ECMWF,2026-09-21 12:00:00,222,9,tcc,46.0,100.0,-54.0
2026-10-01 03:00:00,서울,GFS,2026-09-30 18:00:00,0,0,t2m,17.1,16.4,0.7
2026-10-01 03:00:00,서울,GFS,2026-09-30 18:00:00,0,0,tcc,96.0,100.0,-4.0
2026-10-01 03:00:00,서울,GFS,2026-09-30 12:00:00,6,0,dswrf,0.0,,
2026-10-01 03:00:00,서울,GFS,2026-09-30 12:00:00,6,0,t2m,16.9,16.4,0.5
2026-10-01 03:00:00,서울,GFS,2026-09-30 12:00:00,6,0,tcc,98.0,100.0,-2.0
2026-10-01 03:00:00,서울,GFS,2026-09-30 00:00:00,18,0,dswrf,0.0,,
2026-10-01 03:00:00,서울,GFS,2026-09-30 00:00:00,18,0,t2m,16.5,16.4,0.1
2026-10-01 03:00:00,서울,GFS,2026-09-30 00:00:00,18,0,tcc,79.0,100.0,-21.0
2026-10-01 03:00:00,서울,GFS,2026-09-29 18:00:00,24,1,dswrf,0.0,,
2026-10-01 03:00:00,서울,GFS,2026-09-29 18:00:00,24,1,t2m,16.3,16.4,-0.1
2026-10-01 03:00:00,서울,GFS,2026-09-29 18:00:00,24,1,tcc,82.0,100.0,-18.0
2026-10-01 03:00:00,서울,GFS,2026-09-29 12:00:00,30,1,dswrf,0.0,,
2026-10-01 03:00:00,서울,GFS,2026-09-29 12:00:00,30,1,t2m,16.4,16.4,0.0
2026-10-01 03:00:00,서울,GFS,2026-09-29 12:00:00,30,1,tcc,96.0,100.0,-4.0
2026-10-01 03:00:00,서울,GFS,2026-09-29 00:00:00,42,1,dswrf,0.0,,
2026-10-01 03:00:00,서울,GFS,2026-09-29 00:00:00,42,1,t2m,16.4,16.4,0.0
2026-10-01 03:00:00,서울,GFS,2026-09-29 00:00:00,42,1,tcc,86.0,100.0,-14.0
2026-10-01 03:00:00,서울,GFS,2026-09-28 18:00:00,48,2,dswrf,0.0,,
2026-10-01 03:00:00,서울,GFS,2026-09-28 18:00:00,48,2,t2m,17.1,16.4,0.7
2026-10-01 03:00:00,서울,GFS,2026-09-28 18:00:00,48,2,tcc,98.0,100.0,-2.0
2026-10-01 03:00:00,서울,GFS,2026-09-28 12:00:00,54,2,dswrf,0.0,,
2026-10-01 03:00:00,서울,GFS,2026-09-28 12:00:00,54,2,t2m,16.5,16.4,0.1
2026-10-01 03:00:00,서울,GFS,2026-09-28 12:00:00,54,2,tcc,86.0,100.0,-14.0
2026-10-01 03:00:00,서울,GFS,2026-09-28 00:00:00,66,2,dswrf,0.0,,
2026-10-01 03:00:00,서울,GFS,2026-09-28 00:00:00,66,2,t2m,16.3,16.4,-0.1
2026-10-01 03:00:00,서울,GFS,2026-09-28 00:00:00,66,2,tcc,56.0,100.0,-44.0
2026-10-01 03:00:00,서울,GFS,2026-09-27 18:00:00,72,3,dswrf,0.0,,
2026-10-01 03:00:00,서울,GFS,2026-09-27 18:00:00,72,3,t2m,15.9,16.4,-0.5
2026-10-01 03:00:00,서울,GFS,2026-09-27 18:00:00,72,3,tcc,2.0,100.0,-98.0
2026-10-01 03:00:00,서울,GFS,2026-09-27 12:00:00,78,3,dswrf,0.0,,
2026-10-01 03:00:00,서울,GFS,2026-09-27 12:00:00,78,3,t2m,15.9,16.4,-0.5
2026-10-01 03:00:00,서울,GFS,2026-09-27 12:00:00,78,3,tcc,84.0,100.0,-16.0
2026-10-01 03:00:00,서울,GFS,2026-09-27 00:00:00,90,3,dswrf,0.0,,
2026-10-01 03:00:00,서울,GFS,2026-09-27 00:00:00,90,3,t2m,15.8,16.4,-0.6
2026-10-01 03:00:00,서울,GFS,2026-09-27 00:00:00,90,3,tcc,0.0,100.0,-100.0
2026-10-01 03:00:00,서울,GFS,2026-09-26 18:00:00,96,4,dswrf,0.0,,
2026-10-01 03:00:00,서울,GFS,2026-09-26 18:00:00,96,4,t2m,15.8,16.4,-0.6
2026-10-01 03:00:00,서울,GFS,2026-09-26 18:00:00,96,4,tcc,0.0,100.0,-100.0
2026-10-01 03:00:00,서울,GFS,2026-09-26 00:00:00,114,4,dswrf,0.0,,
2026-10-01 03:00:00,서울,GFS,2026-09-26 00:00:00,114,4,t2m,16.4,16.4,0.0
2026-10-01 03:00:00,서울,GFS,2026-09-26 00:00:00,114,4,tcc,58.0,100.0,-42.0
2026-10-01 03:00:00,서울,GFS,2026-09-25 18:00:00,120,5,dswrf,0.0,,
2026-10-01 03:00:00,서울,GFS,2026-09-25 18:00:00,120,5,t2m,16.7,16.4,0.3
2026-10-01 03:00:00,서울,GFS,2026-09-25 18:00:00,120,5,tcc,86.0,100.0,-14.0
2026-10-01 03:00:00,서울,KIM,2026-09-30 12:00:00,6,0,dswrf,0.0,,
2026-10-01 03:00:00,서울,KIM,2026-09-30 12:00:00,6,0,t2m,13.2,16.4,-3.2
2026-10-01 03:00:00,서울,KIM,2026-09-30 12:00:00,6,0,tcc,95.0,100.0,-5.0
2026-10-01 03:00:00,서울,KIM,2026-09-30 00:00:00,18,0,dswrf,0.0,,
2026-10-01 03:00:00,서울,KIM,2026-09-30 00:00:00,18,0,t2m,13.0,16.4,-3.4
2026-10-01 03:00:00,서울,KIM,2026-09-30 00:00:00,18,0,tcc,80.0,100.0,-20.0
2026-10-01 03:00:00,서울,KIM,2026-09-29 12:00:00,30,1,dswrf,-0.0,,
2026-10-01 03:00:00,서울,KIM,2026-09-29 12:00:00,30,1,t2m,12.5,16.4,-3.9
2026-10-01 03:00:00,서울,KIM,2026-09-29 12:00:00,30,1,tcc,98.0,100.0,-2.0
2026-10-01 03:00:00,서울,KIM,2026-09-29 00:00:00,42,1,dswrf,-0.0,,
2026-10-01 03:00:00,서울,KIM,2026-09-29 00:00:00,42,1,t2m,12.9,16.4,-3.5
2026-10-01 03:00:00,서울,KIM,2026-09-29 00:00:00,42,1,tcc,43.0,100.0,-57.0
2026-10-01 03:00:00,서울,KIM,2026-09-28 12:00:00,54,2,dswrf,0.0,,
2026-10-01 03:00:00,서울,KIM,2026-09-28 12:00:00,54,2,t2m,11.9,16.4,-4.5
2026-10-01 03:00:00,서울,KIM,2026-09-28 12:00:00,54,2,tcc,55.0,100.0,-45.0
2026-10-01 03:00:00,서울,KIM,2026-09-28 00:00:00,66,2,dswrf,0.0,,
2026-10-01 03:00:00,서울,KIM,2026-09-28 00:00:00,66,2,t2m,12.7,16.4,-3.7
2026-10-01 03:00:00,서울,KIM,2026-09-28 00:00:00,66,2,tcc,93.0,100.0,-7.0
2026-10-01 03:00:00,서울,KIM,2026-09-27 12:00:00,78,3,dswrf,0.0,,
2026-10-01 03:00:00,서울,KIM,2026-09-27 12:00:00,78,3,t2m,10.8,16.4,-5.6
2026-10-01 03:00:00,서울,KIM,2026-09-27 12:00:00,78,3,tcc,93.0,100.0,-7.0
2026-10-01 03:00:00,서울,KIM,2026-09-27 00:00:00,90,3,dswrf,-0.0,,
2026-10-01 03:00:00,서울,KIM,2026-09-27 00:00:00,90,3,t2m,11.7,16.4,-4.7
2026-10-01 03:00:00,서울,KIM,2026-09-27 00:00:00,90,3,tcc,0.0,100.0,-100.0
2026-10-01 03:00:00,서울,KIM,2026-09-26 12:00:00,102,4,dswrf,0.0,,
2026-10-01 03:00:00,서울,KIM,2026-09-26 12:00:00,102,4,t2m,10.8,16.4,-5.6
2026-10-01 03:00:00,서울,KIM,2026-09-26 12:00:00,102,4,tcc,7.0,100.0,-93.0
2026-10-01 03:00:00,서울,KIM,2026-09-26 00:00:00,114,4,dswrf,-0.0,,
2026-10-01 03:00:00,서울,KIM,2026-09-26 00:00:00,114,4,t2m,10.2,16.4,-6.2
2026-10-01 03:00:00,서울,KIM,2026-09-26 00:00:00,114,4,tcc,0.0,100.0,-100.0
2026-10-01 03:00:00,수원,ECMWF,2026-09-30 12:00:00,6,0,dswrf,0.0,,
2026-10-01 03:00:00,수원,ECMWF,2026-09-30 12:00:00,6,0,t2m,16.2,17.1,-0.9
2026-10-01 03:00:00,수원,ECMWF,2026-09-30 12:00:00,6,0,tcc,91.0,100.0,-9.0
2026-10-01 03:00:00,수원,ECMWF,2026-09-29 12:00:00,30,1,dswrf,0.0,,
2026-10-01 03:00:00,수원,ECMWF,2026-09-29 12:00:00,30,1,t2m,15.0,17.1,-2.1
2026-10-01 03:00:00,수원,ECMWF,2026-09-29 12:00:00,30,1,tcc,73.0,100.0,-27.0
2026-10-01 03:00:00,수원,ECMWF,2026-09-28 12:00:00,54,2,dswrf,0.0,,
2026-10-01 03:00:00,수원,ECMWF,2026-09-28 12:00:00,54,2,t2m,14.7,17.1,-2.4
2026-10-01 03:00:00,수원,ECMWF,2026-09-28 12:00:00,54,2,tcc,0.0,100.0,-100.0
2026-10-01 03:00:00,수원,ECMWF,2026-09-28 00:00:00,66,2,dswrf,0.0,,
2026-10-01 03:00:00,수원,ECMWF,2026-09-28 00:00:00,66,2,t2m,14.6,17.1,-2.5
2026-10-01 03:00:00,수원,ECMWF,2026-09-28 00:00:00,66,2,tcc,0.0,100.0,-100.0
2026-10-01 03:00:00,수원,ECMWF,2026-09-27 12:00:00,78,3,dswrf,0.0,,
2026-10-01 03:00:00,수원,ECMWF,2026-09-27 12:00:00,78,3,t2m,14.3,17.1,-2.8
2026-10-01 03:00:00,수원,ECMWF,2026-09-27 12:00:00,78,3,tcc,1.0,100.0,-99.0
2026-10-01 03:00:00,수원,ECMWF,2026-09-26 12:00:00,102,4,dswrf,0.0,,
2026-10-01 03:00:00,수원,ECMWF,2026-09-26 12:00:00,102,4,t2m,14.3,17.1,-2.8
2026-10-01 03:00:00,수원,ECMWF,2026-09-26 12:00:00,102,4,tcc,3.0,100.0,-97.0
2026-10-01 03:00:00,수원,ECMWF,2026-09-25 12:00:00,126,5,dswrf,0.0,,
2026-10-01 03:00:00,수원,ECMWF,2026-09-25 12:00:00,126,5,t2m,14.1,17.1,-3.0
2026-10-01 03:00:00,수원,ECMWF,2026-09-25 12:00:00,126,5,tcc,1.0,100.0,-99.0
2026-10-01 03:00:00,수원,ECMWF,2026-09-24 12:00:00,150,6,dswrf,0.0,,
2026-10-01 03:00:00,수원,ECMWF,2026-09-24 12:00:00,150,6,t2m,14.6,17.1,-2.5
2026-10-01 03:00:00,수원,ECMWF,2026-09-24 12:00:00,150,6,tcc,0.0,100.0,-100.0
2026-10-01 03:00:00,수원,ECMWF,2026-09-23 12:00:00,174,7,dswrf,0.0,,
2026-10-01 03:00:00,수원,ECMWF,2026-09-23 12:00:00,174,7,t2m,12.0,17.1,-5.1
2026-10-01 03:00:00,수원,ECMWF,2026-09-23 12:00:00,174,7,tcc,1.0,100.0,-99.0
2026-10-01 03:00:00,수원,ECMWF,2026-09-22 12:00:00,198,8,dswrf,0.0,,
2026-10-01 03:00:00,수원,ECMWF,2026-09-22 12:00:00,198,8,t2m,11.3,17.1,-5.8
2026-10-01 03:00:00,수원,ECMWF,2026-09-22 12:00:00,198,8,tcc,0.0,100.0,-100.0
2026-10-01 03:00:00,수원,ECMWF,2026-09-21 12:00:00,222,9,dswrf,0.0,,
2026-10-01 03:00:00,수원,ECMWF,2026-09-21 12:00:00,222,9,t2m,12.3,17.1,-4.8
2026-10-01 03:00:00,수원,ECMWF,2026-09-21 12:00:00,222,9,tcc,45.0,100.0,-55.0
2026-10-01 03:00:00,수원,GFS,2026-09-30 18:00:00,0,0,t2m,17.5,17.1,0.4
2026-10-01 03:00:00,수원,GFS,2026-09-30 18:00:00,0,0,tcc,98.0,100.0,-2.0
2026-10-01 03:00:00,수원,GFS,2026-09-30 12:00:00,6,0,dswrf,0.0,,
2026-10-01 03:00:00,수원,GFS,2026-09-30 12:00:00,6,0,t2m,17.5,17.1,0.4
2026-10-01 03:00:00,수원,GFS,2026-09-30 12:00:00,6,0,tcc,100.0,100.0,0.0
2026-10-01 03:00:00,수원,GFS,2026-09-30 00:00:00,18,0,dswrf,0.0,,
2026-10-01 03:00:00,수원,GFS,2026-09-30 00:00:00,18,0,t2m,16.9,17.1,-0.2
2026-10-01 03:00:00,수원,GFS,2026-09-30 00:00:00,18,0,tcc,92.0,100.0,-8.0
2026-10-01 03:00:00,수원,GFS,2026-09-29 18:00:00,24,1,dswrf,0.0,,
2026-10-01 03:00:00,수원,GFS,2026-09-29 18:00:00,24,1,t2m,16.5,17.1,-0.6
2026-10-01 03:00:00,수원,GFS,2026-09-29 18:00:00,24,1,tcc,76.0,100.0,-24.0
2026-10-01 03:00:00,수원,GFS,2026-09-29 12:00:00,30,1,dswrf,0.0,,
2026-10-01 03:00:00,수원,GFS,2026-09-29 12:00:00,30,1,t2m,16.7,17.1,-0.4
2026-10-01 03:00:00,수원,GFS,2026-09-29 12:00:00,30,1,tcc,95.0,100.0,-5.0
2026-10-01 03:00:00,수원,GFS,2026-09-29 00:00:00,42,1,dswrf,0.0,,
2026-10-01 03:00:00,수원,GFS,2026-09-29 00:00:00,42,1,t2m,16.5,17.1,-0.6
2026-10-01 03:00:00,수원,GFS,2026-09-29 00:00:00,42,1,tcc,90.0,100.0,-10.0
2026-10-01 03:00:00,수원,GFS,2026-09-28 18:00:00,48,2,dswrf,0.0,,
2026-10-01 03:00:00,수원,GFS,2026-09-28 18:00:00,48,2,t2m,17.1,17.1,0.0
2026-10-01 03:00:00,수원,GFS,2026-09-28 18:00:00,48,2,tcc,100.0,100.0,0.0
2026-10-01 03:00:00,수원,GFS,2026-09-28 12:00:00,54,2,dswrf,0.0,,
2026-10-01 03:00:00,수원,GFS,2026-09-28 12:00:00,54,2,t2m,16.5,17.1,-0.6
2026-10-01 03:00:00,수원,GFS,2026-09-28 12:00:00,54,2,tcc,86.0,100.0,-14.0
2026-10-01 03:00:00,수원,GFS,2026-09-28 00:00:00,66,2,dswrf,0.0,,
2026-10-01 03:00:00,수원,GFS,2026-09-28 00:00:00,66,2,t2m,16.3,17.1,-0.8
2026-10-01 03:00:00,수원,GFS,2026-09-28 00:00:00,66,2,tcc,81.0,100.0,-19.0
2026-10-01 03:00:00,수원,GFS,2026-09-27 18:00:00,72,3,dswrf,0.0,,
2026-10-01 03:00:00,수원,GFS,2026-09-27 18:00:00,72,3,t2m,16.1,17.1,-1.0
2026-10-01 03:00:00,수원,GFS,2026-09-27 18:00:00,72,3,tcc,3.0,100.0,-97.0
2026-10-01 03:00:00,수원,GFS,2026-09-27 12:00:00,78,3,dswrf,0.0,,
2026-10-01 03:00:00,수원,GFS,2026-09-27 12:00:00,78,3,t2m,16.5,17.1,-0.6
2026-10-01 03:00:00,수원,GFS,2026-09-27 12:00:00,78,3,tcc,91.0,100.0,-9.0
2026-10-01 03:00:00,수원,GFS,2026-09-27 00:00:00,90,3,dswrf,0.0,,
2026-10-01 03:00:00,수원,GFS,2026-09-27 00:00:00,90,3,t2m,15.9,17.1,-1.2
2026-10-01 03:00:00,수원,GFS,2026-09-27 00:00:00,90,3,tcc,1.0,100.0,-99.0
2026-10-01 03:00:00,수원,GFS,2026-09-26 18:00:00,96,4,dswrf,0.0,,
2026-10-01 03:00:00,수원,GFS,2026-09-26 18:00:00,96,4,t2m,15.8,17.1,-1.3
2026-10-01 03:00:00,수원,GFS,2026-09-26 18:00:00,96,4,tcc,0.0,100.0,-100.0
2026-10-01 03:00:00,수원,GFS,2026-09-26 00:00:00,114,4,dswrf,0.0,,
2026-10-01 03:00:00,수원,GFS,2026-09-26 00:00:00,114,4,t2m,16.7,17.1,-0.4
2026-10-01 03:00:00,수원,GFS,2026-09-26 00:00:00,114,4,tcc,91.0,100.0,-9.0
2026-10-01 03:00:00,수원,GFS,2026-09-25 18:00:00,120,5,dswrf,0.0,,
2026-10-01 03:00:00,수원,GFS,2026-09-25 18:00:00,120,5,t2m,16.8,17.1,-0.3
2026-10-01 03:00:00,수원,GFS,2026-09-25 18:00:00,120,5,tcc,84.0,100.0,-16.0
2026-10-01 03:00:00,수원,KIM,2026-09-30 12:00:00,6,0,dswrf,0.0,,
2026-10-01 03:00:00,수원,KIM,2026-09-30 12:00:00,6,0,t2m,14.3,17.1,-2.8
2026-10-01 03:00:00,수원,KIM,2026-09-30 12:00:00,6,0,tcc,94.0,100.0,-6.0
2026-10-01 03:00:00,수원,KIM,2026-09-30 00:00:00,18,0,dswrf,0.0,,
2026-10-01 03:00:00,수원,KIM,2026-09-30 00:00:00,18,0,t2m,14.1,17.1,-3.0
2026-10-01 03:00:00,수원,KIM,2026-09-30 00:00:00,18,0,tcc,63.0,100.0,-37.0
2026-10-01 03:00:00,수원,KIM,2026-09-29 12:00:00,30,1,dswrf,-0.0,,
2026-10-01 03:00:00,수원,KIM,2026-09-29 12:00:00,30,1,t2m,13.2,17.1,-3.9
2026-10-01 03:00:00,수원,KIM,2026-09-29 12:00:00,30,1,tcc,97.0,100.0,-3.0
2026-10-01 03:00:00,수원,KIM,2026-09-29 00:00:00,42,1,dswrf,-0.0,,
2026-10-01 03:00:00,수원,KIM,2026-09-29 00:00:00,42,1,t2m,13.6,17.1,-3.5
2026-10-01 03:00:00,수원,KIM,2026-09-29 00:00:00,42,1,tcc,11.0,100.0,-89.0
2026-10-01 03:00:00,수원,KIM,2026-09-28 12:00:00,54,2,dswrf,0.0,,
2026-10-01 03:00:00,수원,KIM,2026-09-28 12:00:00,54,2,t2m,12.1,17.1,-5.0
2026-10-01 03:00:00,수원,KIM,2026-09-28 12:00:00,54,2,tcc,76.0,100.0,-24.0
2026-10-01 03:00:00,수원,KIM,2026-09-28 00:00:00,66,2,dswrf,0.0,,
2026-10-01 03:00:00,수원,KIM,2026-09-28 00:00:00,66,2,t2m,13.2,17.1,-3.9
2026-10-01 03:00:00,수원,KIM,2026-09-28 00:00:00,66,2,tcc,90.0,100.0,-10.0
2026-10-01 03:00:00,수원,KIM,2026-09-27 12:00:00,78,3,dswrf,0.0,,
2026-10-01 03:00:00,수원,KIM,2026-09-27 12:00:00,78,3,t2m,11.3,17.1,-5.8
2026-10-01 03:00:00,수원,KIM,2026-09-27 12:00:00,78,3,tcc,76.0,100.0,-24.0
2026-10-01 03:00:00,수원,KIM,2026-09-27 00:00:00,90,3,dswrf,-0.0,,
2026-10-01 03:00:00,수원,KIM,2026-09-27 00:00:00,90,3,t2m,12.5,17.1,-4.6
2026-10-01 03:00:00,수원,KIM,2026-09-27 00:00:00,90,3,tcc,0.0,100.0,-100.0
2026-10-01 03:00:00,수원,KIM,2026-09-26 12:00:00,102,4,dswrf,0.0,,
2026-10-01 03:00:00,수원,KIM,2026-09-26 12:00:00,102,4,t2m,12.1,17.1,-5.0
2026-10-01 03:00:00,수원,KIM,2026-09-26 12:00:00,102,4,tcc,30.0,100.0,-70.0
2026-10-01 03:00:00,수원,KIM,2026-09-26 00:00:00,114,4,dswrf,-0.0,,
2026-10-01 03:00:00,수원,KIM,2026-09-26 00:00:00,114,4,t2m,10.9,17.1,-6.2
2026-10-01 03:00:00,수원,KIM,2026-09-26 00:00:00,114,4,tcc,0.0,100.0,-100.0
2026-10-01 03:00:00,인천,ECMWF,2026-09-30 12:00:00,6,0,dswrf,0.0,,
2026-10-01 03:00:00,인천,ECMWF,2026-09-30 12:00:00,6,0,t2m,16.2,16.8,-0.6
2026-10-01 03:00:00,인천,ECMWF,2026-09-30 12:00:00,6,0,tcc,79.0,100.0,-21.0
2026-10-01 03:00:00,인천,ECMWF,2026-09-29 12:00:00,30,1,dswrf,0.0,,
2026-10-01 03:00:00,인천,ECMWF,2026-09-29 12:00:00,30,1,t2m,15.0,16.8,-1.8
2026-10-01 03:00:00,인천,ECMWF,2026-09-29 12:00:00,30,1,tcc,97.0,100.0,-3.0
2026-10-01 03:00:00,인천,ECMWF,2026-09-28 12:00:00,54,2,dswrf,0.0,,
2026-10-01 03:00:00,인천,ECMWF,2026-09-28 12:00:00,54,2,t2m,14.1,16.8,-2.7
2026-10-01 03:00:00,인천,ECMWF,2026-09-28 12:00:00,54,2,tcc,0.0,100.0,-100.0
2026-10-01 03:00:00,인천,ECMWF,2026-09-28 00:00:00,66,2,dswrf,0.0,,
2026-10-01 03:00:00,인천,ECMWF,2026-09-28 00:00:00,66,2,t2m,14.3,16.8,-2.5
2026-10-01 03:00:00,인천,ECMWF,2026-09-28 00:00:00,66,2,tcc,0.0,100.0,-100.0
2026-10-01 03:00:00,인천,ECMWF,2026-09-27 12:00:00,78,3,dswrf,0.0,,
2026-10-01 03:00:00,인천,ECMWF,2026-09-27 12:00:00,78,3,t2m,14.0,16.8,-2.8
2026-10-01 03:00:00,인천,ECMWF,2026-09-27 12:00:00,78,3,tcc,0.0,100.0,-100.0
2026-10-01 03:00:00,인천,ECMWF,2026-09-26 12:00:00,102,4,dswrf,0.0,,
2026-10-01 03:00:00,인천,ECMWF,2026-09-26 12:00:00,102,4,t2m,14.3,16.8,-2.5
2026-10-01 03:00:00,인천,ECMWF,2026-09-26 12:00:00,102,4,tcc,0.0,100.0,-100.0
2026-10-01 03:00:00,인천,ECMWF,2026-09-25 12:00:00,126,5,dswrf,0.0,,
2026-10-01 03:00:00,인천,ECMWF,2026-09-25 12:00:00,126,5,t2m,14.4,16.8,-2.4
2026-10-01 03:00:00,인천,ECMWF,2026-09-25 12:00:00,126,5,tcc,0.0,100.0,-100.0
2026-10-01 03:00:00,인천,ECMWF,2026-09-24 12:00:00,150,6,dswrf,0.0,,
2026-10-01 03:00:00,인천,ECMWF,2026-09-24 12:00:00,150,6,t2m,14.4,16.8,-2.4
2026-10-01 03:00:00,인천,ECMWF,2026-09-24 12:00:00,150,6,tcc,0.0,100.0,-100.0
2026-10-01 03:00:00,인천,ECMWF,2026-09-23 12:00:00,174,7,dswrf,0.0,,
2026-10-01 03:00:00,인천,ECMWF,2026-09-23 12:00:00,174,7,t2m,12.7,16.8,-4.1
2026-10-01 03:00:00,인천,ECMWF,2026-09-23 12:00:00,174,7,tcc,0.0,100.0,-100.0
2026-10-01 03:00:00,인천,ECMWF,2026-09-22 12:00:00,198,8,dswrf,0.0,,
2026-10-01 03:00:00,인천,ECMWF,2026-09-22 12:00:00,198,8,t2m,11.7,16.8,-5.1
2026-10-01 03:00:00,인천,ECMWF,2026-09-22 12:00:00,198,8,tcc,1.0,100.0,-99.0
2026-10-01 03:00:00,인천,ECMWF,2026-09-21 12:00:00,222,9,dswrf,0.0,,
2026-10-01 03:00:00,인천,ECMWF,2026-09-21 12:00:00,222,9,t2m,14.0,16.8,-2.8
2026-10-01 03:00:00,인천,ECMWF,2026-09-21 12:00:00,222,9,tcc,56.0,100.0,-44.0
2026-10-01 03:00:00,인천,GFS,2026-09-30 18:00:00,0,0,t2m,17.2,16.8,0.4
2026-10-01 03:00:00,인천,GFS,2026-09-30 18:00:00,0,0,tcc,99.0,100.0,-1.0
2026-10-01 03:00:00,인천,GFS,2026-09-30 12:00:00,6,0,dswrf,0.0,,
2026-10-01 03:00:00,인천,GFS,2026-09-30 12:00:00,6,0,t2m,17.2,16.8,0.4
2026-10-01 03:00:00,인천,GFS,2026-09-30 12:00:00,6,0,tcc,99.0,100.0,-1.0
2026-10-01 03:00:00,인천,GFS,2026-09-30 00:00:00,18,0,dswrf,0.0,,
2026-10-01 03:00:00,인천,GFS,2026-09-30 00:00:00,18,0,t2m,16.8,16.8,0.0
2026-10-01 03:00:00,인천,GFS,2026-09-30 00:00:00,18,0,tcc,94.0,100.0,-6.0
2026-10-01 03:00:00,인천,GFS,2026-09-29 18:00:00,24,1,dswrf,0.0,,
2026-10-01 03:00:00,인천,GFS,2026-09-29 18:00:00,24,1,t2m,16.6,16.8,-0.2
2026-10-01 03:00:00,인천,GFS,2026-09-29 18:00:00,24,1,tcc,74.0,100.0,-26.0
2026-10-01 03:00:00,인천,GFS,2026-09-29 12:00:00,30,1,dswrf,0.0,,
2026-10-01 03:00:00,인천,GFS,2026-09-29 12:00:00,30,1,t2m,16.6,16.8,-0.2
2026-10-01 03:00:00,인천,GFS,2026-09-29 12:00:00,30,1,tcc,99.0,100.0,-1.0
2026-10-01 03:00:00,인천,GFS,2026-09-29 00:00:00,42,1,dswrf,0.0,,
2026-10-01 03:00:00,인천,GFS,2026-09-29 00:00:00,42,1,t2m,16.6,16.8,-0.2
2026-10-01 03:00:00,인천,GFS,2026-09-29 00:00:00,42,1,tcc,99.0,100.0,-1.0
2026-10-01 03:00:00,인천,GFS,2026-09-28 18:00:00,48,2,dswrf,0.0,,
2026-10-01 03:00:00,인천,GFS,2026-09-28 18:00:00,48,2,t2m,17.3,16.8,0.5
2026-10-01 03:00:00,인천,GFS,2026-09-28 18:00:00,48,2,tcc,92.0,100.0,-8.0
2026-10-01 03:00:00,인천,GFS,2026-09-28 12:00:00,54,2,dswrf,0.0,,
2026-10-01 03:00:00,인천,GFS,2026-09-28 12:00:00,54,2,t2m,16.6,16.8,-0.2
2026-10-01 03:00:00,인천,GFS,2026-09-28 12:00:00,54,2,tcc,86.0,100.0,-14.0
2026-10-01 03:00:00,인천,GFS,2026-09-28 00:00:00,66,2,dswrf,0.0,,
2026-10-01 03:00:00,인천,GFS,2026-09-28 00:00:00,66,2,t2m,16.6,16.8,-0.2
2026-10-01 03:00:00,인천,GFS,2026-09-28 00:00:00,66,2,tcc,52.0,100.0,-48.0
2026-10-01 03:00:00,인천,GFS,2026-09-27 18:00:00,72,3,dswrf,0.0,,
2026-10-01 03:00:00,인천,GFS,2026-09-27 18:00:00,72,3,t2m,16.2,16.8,-0.6
2026-10-01 03:00:00,인천,GFS,2026-09-27 18:00:00,72,3,tcc,14.0,100.0,-86.0
2026-10-01 03:00:00,인천,GFS,2026-09-27 12:00:00,78,3,dswrf,0.0,,
2026-10-01 03:00:00,인천,GFS,2026-09-27 12:00:00,78,3,t2m,16.3,16.8,-0.5
2026-10-01 03:00:00,인천,GFS,2026-09-27 12:00:00,78,3,tcc,66.0,100.0,-34.0
2026-10-01 03:00:00,인천,GFS,2026-09-27 00:00:00,90,3,dswrf,0.0,,
2026-10-01 03:00:00,인천,GFS,2026-09-27 00:00:00,90,3,t2m,16.2,16.8,-0.6
2026-10-01 03:00:00,인천,GFS,2026-09-27 00:00:00,90,3,tcc,0.0,100.0,-100.0
2026-10-01 03:00:00,인천,GFS,2026-09-26 18:00:00,96,4,dswrf,0.0,,
2026-10-01 03:00:00,인천,GFS,2026-09-26 18:00:00,96,4,t2m,16.1,16.8,-0.7
2026-10-01 03:00:00,인천,GFS,2026-09-26 18:00:00,96,4,tcc,0.0,100.0,-100.0
2026-10-01 03:00:00,인천,GFS,2026-09-26 00:00:00,114,4,dswrf,0.0,,
2026-10-01 03:00:00,인천,GFS,2026-09-26 00:00:00,114,4,t2m,16.6,16.8,-0.2
2026-10-01 03:00:00,인천,GFS,2026-09-26 00:00:00,114,4,tcc,41.0,100.0,-59.0
2026-10-01 03:00:00,인천,GFS,2026-09-25 18:00:00,120,5,dswrf,0.0,,
2026-10-01 03:00:00,인천,GFS,2026-09-25 18:00:00,120,5,t2m,16.8,16.8,0.0
2026-10-01 03:00:00,인천,GFS,2026-09-25 18:00:00,120,5,tcc,92.0,100.0,-8.0
2026-10-01 03:00:00,인천,KIM,2026-09-30 12:00:00,6,0,dswrf,0.0,,
2026-10-01 03:00:00,인천,KIM,2026-09-30 12:00:00,6,0,t2m,14.0,16.8,-2.8
2026-10-01 03:00:00,인천,KIM,2026-09-30 12:00:00,6,0,tcc,96.0,100.0,-4.0
2026-10-01 03:00:00,인천,KIM,2026-09-30 00:00:00,18,0,dswrf,0.0,,
2026-10-01 03:00:00,인천,KIM,2026-09-30 00:00:00,18,0,t2m,13.1,16.8,-3.7
2026-10-01 03:00:00,인천,KIM,2026-09-30 00:00:00,18,0,tcc,86.0,100.0,-14.0
2026-10-01 03:00:00,인천,KIM,2026-09-29 12:00:00,30,1,dswrf,-0.0,,
2026-10-01 03:00:00,인천,KIM,2026-09-29 12:00:00,30,1,t2m,12.7,16.8,-4.1
2026-10-01 03:00:00,인천,KIM,2026-09-29 12:00:00,30,1,tcc,96.0,100.0,-4.0
2026-10-01 03:00:00,인천,KIM,2026-09-29 00:00:00,42,1,dswrf,-0.0,,
2026-10-01 03:00:00,인천,KIM,2026-09-29 00:00:00,42,1,t2m,12.4,16.8,-4.4
2026-10-01 03:00:00,인천,KIM,2026-09-29 00:00:00,42,1,tcc,54.0,100.0,-46.0
2026-10-01 03:00:00,인천,KIM,2026-09-28 12:00:00,54,2,dswrf,0.0,,
2026-10-01 03:00:00,인천,KIM,2026-09-28 12:00:00,54,2,t2m,11.3,16.8,-5.5
2026-10-01 03:00:00,인천,KIM,2026-09-28 12:00:00,54,2,tcc,52.0,100.0,-48.0
2026-10-01 03:00:00,인천,KIM,2026-09-28 00:00:00,66,2,dswrf,0.0,,
2026-10-01 03:00:00,인천,KIM,2026-09-28 00:00:00,66,2,t2m,12.6,16.8,-4.2
2026-10-01 03:00:00,인천,KIM,2026-09-28 00:00:00,66,2,tcc,92.0,100.0,-8.0
2026-10-01 03:00:00,인천,KIM,2026-09-27 12:00:00,78,3,dswrf,0.0,,
2026-10-01 03:00:00,인천,KIM,2026-09-27 12:00:00,78,3,t2m,11.5,16.8,-5.3
2026-10-01 03:00:00,인천,KIM,2026-09-27 12:00:00,78,3,tcc,90.0,100.0,-10.0
2026-10-01 03:00:00,인천,KIM,2026-09-27 00:00:00,90,3,dswrf,-0.0,,
2026-10-01 03:00:00,인천,KIM,2026-09-27 00:00:00,90,3,t2m,11.6,16.8,-5.2
2026-10-01 03:00:00,인천,KIM,2026-09-27 00:00:00,90,3,tcc,0.0,100.0,-100.0
2026-10-01 03:00:00,인천,KIM,2026-09-26 12:00:00,102,4,dswrf,0.0,,
2026-10-01 03:00:00,인천,KIM,2026-09-26 12:00:00,102,4,t2m,11.6,16.8,-5.2
2026-10-01 03:00:00,인천,KIM,2026-09-26 12:00:00,102,4,tcc,17.0,100.0,-83.0
2026-10-01 03:00:00,인천,KIM,2026-09-26 00:00:00,114,4,dswrf,-0.0,,
2026-10-01 03:00:00,인천,KIM,2026-09-26 00:00:00,114,4,t2m,10.3,16.8,-6.5
2026-10-01 03:00:00,인천,KIM,2026-09-26 00:00:00,114,4,tcc,0.0,100.0,-100.0
2026-10-01 03:00:00,전주,ECMWF,2026-09-30 12:00:00,6,0,dswrf,0.0,,
2026-10-01 03:00:00,전주,ECMWF,2026-09-30 12:00:00,6,0,t2m,18.7,18.9,-0.2
2026-10-01 03:00:00,전주,ECMWF,2026-09-30 12:00:00,6,0,tcc,85.0,100.0,-15.0
2026-10-01 03:00:00,전주,ECMWF,2026-09-29 12:00:00,30,1,dswrf,0.0,,
2026-10-01 03:00:00,전주,ECMWF,2026-09-29 12:00:00,30,1,t2m,17.7,18.9,-1.2
2026-10-01 03:00:00,전주,ECMWF,2026-09-29 12:00:00,30,1,tcc,41.0,100.0,-59.0
2026-10-01 03:00:00,전주,ECMWF,2026-09-28 12:00:00,54,2,dswrf,0.0,,
2026-10-01 03:00:00,전주,ECMWF,2026-09-28 12:00:00,54,2,t2m,18.5,18.9,-0.4
2026-10-01 03:00:00,전주,ECMWF,2026-09-28 12:00:00,54,2,tcc,28.0,100.0,-72.0
2026-10-01 03:00:00,전주,ECMWF,2026-09-28 00:00:00,66,2,dswrf,0.0,,
2026-10-01 03:00:00,전주,ECMWF,2026-09-28 00:00:00,66,2,t2m,18.8,18.9,-0.1
2026-10-01 03:00:00,전주,ECMWF,2026-09-28 00:00:00,66,2,tcc,28.0,100.0,-72.0
2026-10-01 03:00:00,전주,ECMWF,2026-09-27 12:00:00,78,3,dswrf,0.0,,
2026-10-01 03:00:00,전주,ECMWF,2026-09-27 12:00:00,78,3,t2m,19.0,18.9,0.1
2026-10-01 03:00:00,전주,ECMWF,2026-09-27 12:00:00,78,3,tcc,56.0,100.0,-44.0
2026-10-01 03:00:00,전주,ECMWF,2026-09-26 12:00:00,102,4,dswrf,0.0,,
2026-10-01 03:00:00,전주,ECMWF,2026-09-26 12:00:00,102,4,t2m,17.7,18.9,-1.2
2026-10-01 03:00:00,전주,ECMWF,2026-09-26 12:00:00,102,4,tcc,74.0,100.0,-26.0
2026-10-01 03:00:00,전주,ECMWF,2026-09-25 12:00:00,126,5,dswrf,0.0,,
2026-10-01 03:00:00,전주,ECMWF,2026-09-25 12:00:00,126,5,t2m,18.5,18.9,-0.4
2026-10-01 03:00:00,전주,ECMWF,2026-09-25 12:00:00,126,5,tcc,39.0,100.0,-61.0
2026-10-01 03:00:00,전주,ECMWF,2026-09-24 12:00:00,150,6,dswrf,0.0,,
2026-10-01 03:00:00,전주,ECMWF,2026-09-24 12:00:00,150,6,t2m,15.4,18.9,-3.5
2026-10-01 03:00:00,전주,ECMWF,2026-09-24 12:00:00,150,6,tcc,52.0,100.0,-48.0
2026-10-01 03:00:00,전주,ECMWF,2026-09-23 12:00:00,174,7,dswrf,0.0,,
2026-10-01 03:00:00,전주,ECMWF,2026-09-23 12:00:00,174,7,t2m,13.1,18.9,-5.8
2026-10-01 03:00:00,전주,ECMWF,2026-09-23 12:00:00,174,7,tcc,43.0,100.0,-57.0
2026-10-01 03:00:00,전주,ECMWF,2026-09-22 12:00:00,198,8,dswrf,0.0,,
2026-10-01 03:00:00,전주,ECMWF,2026-09-22 12:00:00,198,8,t2m,11.8,18.9,-7.1
2026-10-01 03:00:00,전주,ECMWF,2026-09-22 12:00:00,198,8,tcc,8.0,100.0,-92.0
2026-10-01 03:00:00,전주,ECMWF,2026-09-21 12:00:00,222,9,dswrf,0.0,,
2026-10-01 03:00:00,전주,ECMWF,2026-09-21 12:00:00,222,9,t2m,16.9,18.9,-2.0
2026-10-01 03:00:00,전주,ECMWF,2026-09-21 12:00:00,222,9,tcc,83.0,100.0,-17.0
2026-10-01 03:00:00,전주,GFS,2026-09-30 18:00:00,0,0,t2m,18.7,18.9,-0.2
2026-10-01 03:00:00,전주,GFS,2026-09-30 18:00:00,0,0,tcc,99.0,100.0,-1.0
2026-10-01 03:00:00,전주,GFS,2026-09-30 12:00:00,6,0,dswrf,0.0,,
2026-10-01 03:00:00,전주,GFS,2026-09-30 12:00:00,6,0,t2m,18.5,18.9,-0.4
2026-10-01 03:00:00,전주,GFS,2026-09-30 12:00:00,6,0,tcc,99.0,100.0,-1.0
2026-10-01 03:00:00,전주,GFS,2026-09-30 00:00:00,18,0,dswrf,0.0,,
2026-10-01 03:00:00,전주,GFS,2026-09-30 00:00:00,18,0,t2m,17.8,18.9,-1.1
2026-10-01 03:00:00,전주,GFS,2026-09-30 00:00:00,18,0,tcc,79.0,100.0,-21.0
2026-10-01 03:00:00,전주,GFS,2026-09-29 18:00:00,24,1,dswrf,0.0,,
2026-10-01 03:00:00,전주,GFS,2026-09-29 18:00:00,24,1,t2m,17.6,18.9,-1.3
2026-10-01 03:00:00,전주,GFS,2026-09-29 18:00:00,24,1,tcc,73.0,100.0,-27.0
2026-10-01 03:00:00,전주,GFS,2026-09-29 12:00:00,30,1,dswrf,0.0,,
2026-10-01 03:00:00,전주,GFS,2026-09-29 12:00:00,30,1,t2m,17.2,18.9,-1.7
2026-10-01 03:00:00,전주,GFS,2026-09-29 12:00:00,30,1,tcc,94.0,100.0,-6.0
2026-10-01 03:00:00,전주,GFS,2026-09-29 00:00:00,42,1,dswrf,0.0,,
2026-10-01 03:00:00,전주,GFS,2026-09-29 00:00:00,42,1,t2m,17.9,18.9,-1.0
2026-10-01 03:00:00,전주,GFS,2026-09-29 00:00:00,42,1,tcc,95.0,100.0,-5.0
2026-10-01 03:00:00,전주,GFS,2026-09-28 18:00:00,48,2,dswrf,0.0,,
2026-10-01 03:00:00,전주,GFS,2026-09-28 18:00:00,48,2,t2m,18.1,18.9,-0.8
2026-10-01 03:00:00,전주,GFS,2026-09-28 18:00:00,48,2,tcc,96.0,100.0,-4.0
2026-10-01 03:00:00,전주,GFS,2026-09-28 12:00:00,54,2,dswrf,0.0,,
2026-10-01 03:00:00,전주,GFS,2026-09-28 12:00:00,54,2,t2m,17.7,18.9,-1.2
2026-10-01 03:00:00,전주,GFS,2026-09-28 12:00:00,54,2,tcc,98.0,100.0,-2.0
2026-10-01 03:00:00,전주,GFS,2026-09-28 00:00:00,66,2,dswrf,0.0,,
2026-10-01 03:00:00,전주,GFS,2026-09-28 00:00:00,66,2,t2m,17.5,18.9,-1.4
2026-10-01 03:00:00,전주,GFS,2026-09-28 00:00:00,66,2,tcc,70.0,100.0,-30.0
2026-10-01 03:00:00,전주,GFS,2026-09-27 18:00:00,72,3,dswrf,0.0,,
2026-10-01 03:00:00,전주,GFS,2026-09-27 18:00:00,72,3,t2m,15.0,18.9,-3.9
2026-10-01 03:00:00,전주,GFS,2026-09-27 18:00:00,72,3,tcc,39.0,100.0,-61.0
2026-10-01 03:00:00,전주,GFS,2026-09-27 12:00:00,78,3,dswrf,0.0,,
2026-10-01 03:00:00,전주,GFS,2026-09-27 12:00:00,78,3,t2m,14.5,18.9,-4.4
2026-10-01 03:00:00,전주,GFS,2026-09-27 12:00:00,78,3,tcc,69.0,100.0,-31.0
2026-10-01 03:00:00,전주,GFS,2026-09-27 00:00:00,90,3,dswrf,0.0,,
2026-10-01 03:00:00,전주,GFS,2026-09-27 00:00:00,90,3,t2m,15.5,18.9,-3.4
2026-10-01 03:00:00,전주,GFS,2026-09-27 00:00:00,90,3,tcc,90.0,100.0,-10.0
2026-10-01 03:00:00,전주,GFS,2026-09-26 18:00:00,96,4,dswrf,0.0,,
2026-10-01 03:00:00,전주,GFS,2026-09-26 18:00:00,96,4,t2m,16.0,18.9,-2.9
2026-10-01 03:00:00,전주,GFS,2026-09-26 18:00:00,96,4,tcc,16.0,100.0,-84.0
2026-10-01 03:00:00,전주,GFS,2026-09-26 00:00:00,114,4,dswrf,0.0,,
2026-10-01 03:00:00,전주,GFS,2026-09-26 00:00:00,114,4,t2m,17.6,18.9,-1.3
2026-10-01 03:00:00,전주,GFS,2026-09-26 00:00:00,114,4,tcc,92.0,100.0,-8.0
2026-10-01 03:00:00,전주,GFS,2026-09-25 18:00:00,120,5,dswrf,0.0,,
2026-10-01 03:00:00,전주,GFS,2026-09-25 18:00:00,120,5,t2m,17.6,18.9,-1.3
2026-10-01 03:00:00,전주,GFS,2026-09-25 18:00:00,120,5,tcc,99.0,100.0,-1.0
2026-10-01 03:00:00,전주,KIM,2026-09-30 12:00:00,6,0,dswrf,0.0,,
2026-10-01 03:00:00,전주,KIM,2026-09-30 12:00:00,6,0,t2m,18.8,18.9,-0.1
2026-10-01 03:00:00,전주,KIM,2026-09-30 12:00:00,6,0,tcc,99.0,100.0,-1.0
2026-10-01 03:00:00,전주,KIM,2026-09-30 00:00:00,18,0,dswrf,0.0,,
2026-10-01 03:00:00,전주,KIM,2026-09-30 00:00:00,18,0,t2m,18.4,18.9,-0.5
2026-10-01 03:00:00,전주,KIM,2026-09-30 00:00:00,18,0,tcc,99.0,100.0,-1.0
2026-10-01 03:00:00,전주,KIM,2026-09-29 12:00:00,30,1,dswrf,-0.0,,
2026-10-01 03:00:00,전주,KIM,2026-09-29 12:00:00,30,1,t2m,18.0,18.9,-0.9
2026-10-01 03:00:00,전주,KIM,2026-09-29 12:00:00,30,1,tcc,97.0,100.0,-3.0
2026-10-01 03:00:00,전주,KIM,2026-09-29 00:00:00,42,1,dswrf,-0.0,,
2026-10-01 03:00:00,전주,KIM,2026-09-29 00:00:00,42,1,t2m,17.9,18.9,-1.0
2026-10-01 03:00:00,전주,KIM,2026-09-29 00:00:00,42,1,tcc,98.0,100.0,-2.0
2026-10-01 03:00:00,전주,KIM,2026-09-28 12:00:00,54,2,dswrf,0.0,,
2026-10-01 03:00:00,전주,KIM,2026-09-28 12:00:00,54,2,t2m,17.5,18.9,-1.4
2026-10-01 03:00:00,전주,KIM,2026-09-28 12:00:00,54,2,tcc,87.0,100.0,-13.0
2026-10-01 03:00:00,전주,KIM,2026-09-28 00:00:00,66,2,dswrf,0.0,,
2026-10-01 03:00:00,전주,KIM,2026-09-28 00:00:00,66,2,t2m,17.1,18.9,-1.8
2026-10-01 03:00:00,전주,KIM,2026-09-28 00:00:00,66,2,tcc,63.0,100.0,-37.0
2026-10-01 03:00:00,전주,KIM,2026-09-27 12:00:00,78,3,dswrf,0.0,,
2026-10-01 03:00:00,전주,KIM,2026-09-27 12:00:00,78,3,t2m,15.8,18.9,-3.1
2026-10-01 03:00:00,전주,KIM,2026-09-27 12:00:00,78,3,tcc,72.0,100.0,-28.0
2026-10-01 03:00:00,전주,KIM,2026-09-27 00:00:00,90,3,dswrf,-0.0,,
2026-10-01 03:00:00,전주,KIM,2026-09-27 00:00:00,90,3,t2m,17.9,18.9,-1.0
2026-10-01 03:00:00,전주,KIM,2026-09-27 00:00:00,90,3,tcc,66.0,100.0,-34.0
2026-10-01 03:00:00,전주,KIM,2026-09-26 12:00:00,102,4,dswrf,0.0,,
2026-10-01 03:00:00,전주,KIM,2026-09-26 12:00:00,102,4,t2m,14.3,18.9,-4.6
2026-10-01 03:00:00,전주,KIM,2026-09-26 12:00:00,102,4,tcc,2.0,100.0,-98.0
2026-10-01 03:00:00,전주,KIM,2026-09-26 00:00:00,114,4,dswrf,-0.0,,
2026-10-01 03:00:00,전주,KIM,2026-09-26 00:00:00,114,4,t2m,13.9,18.9,-5.0
2026-10-01 03:00:00,전주,KIM,2026-09-26 00:00:00,114,4,tcc,7.0,100.0,-93.0
2026-10-01 03:00:00,제주,ECMWF,2026-09-30 12:00:00,6,0,dswrf,0.0,,
2026-10-01 03:00:00,제주,ECMWF,2026-09-30 12:00:00,6,0,t2m,21.0,23.0,-2.0
2026-10-01 03:00:00,제주,ECMWF,2026-09-30 12:00:00,6,0,tcc,33.0,80.0,-47.0
2026-10-01 03:00:00,제주,ECMWF,2026-09-29 12:00:00,30,1,dswrf,0.0,,
2026-10-01 03:00:00,제주,ECMWF,2026-09-29 12:00:00,30,1,t2m,20.7,23.0,-2.3
2026-10-01 03:00:00,제주,ECMWF,2026-09-29 12:00:00,30,1,tcc,26.0,80.0,-54.0
2026-10-01 03:00:00,제주,ECMWF,2026-09-28 12:00:00,54,2,dswrf,0.0,,
2026-10-01 03:00:00,제주,ECMWF,2026-09-28 12:00:00,54,2,t2m,19.6,23.0,-3.4
2026-10-01 03:00:00,제주,ECMWF,2026-09-28 12:00:00,54,2,tcc,21.0,80.0,-59.0
2026-10-01 03:00:00,제주,ECMWF,2026-09-28 00:00:00,66,2,dswrf,0.0,,
2026-10-01 03:00:00,제주,ECMWF,2026-09-28 00:00:00,66,2,t2m,21.1,23.0,-1.9
2026-10-01 03:00:00,제주,ECMWF,2026-09-28 00:00:00,66,2,tcc,43.0,80.0,-37.0
2026-10-01 03:00:00,제주,ECMWF,2026-09-27 12:00:00,78,3,dswrf,0.0,,
2026-10-01 03:00:00,제주,ECMWF,2026-09-27 12:00:00,78,3,t2m,20.8,23.0,-2.2
2026-10-01 03:00:00,제주,ECMWF,2026-09-27 12:00:00,78,3,tcc,27.0,80.0,-53.0
2026-10-01 03:00:00,제주,ECMWF,2026-09-26 12:00:00,102,4,dswrf,0.0,,
2026-10-01 03:00:00,제주,ECMWF,2026-09-26 12:00:00,102,4,t2m,19.9,23.0,-3.1
2026-10-01 03:00:00,제주,ECMWF,2026-09-26 12:00:00,102,4,tcc,95.0,80.0,15.0
2026-10-01 03:00:00,제주,ECMWF,2026-09-25 12:00:00,126,5,dswrf,0.0,,
2026-10-01 03:00:00,제주,ECMWF,2026-09-25 12:00:00,126,5,t2m,20.3,23.0,-2.7
2026-10-01 03:00:00,제주,ECMWF,2026-09-25 12:00:00,126,5,tcc,98.0,80.0,18.0
2026-10-01 03:00:00,제주,ECMWF,2026-09-24 12:00:00,150,6,dswrf,0.0,,
2026-10-01 03:00:00,제주,ECMWF,2026-09-24 12:00:00,150,6,t2m,20.7,23.0,-2.3
2026-10-01 03:00:00,제주,ECMWF,2026-09-24 12:00:00,150,6,tcc,82.0,80.0,2.0
2026-10-01 03:00:00,제주,ECMWF,2026-09-23 12:00:00,174,7,dswrf,0.0,,
2026-10-01 03:00:00,제주,ECMWF,2026-09-23 12:00:00,174,7,t2m,18.5,23.0,-4.5
2026-10-01 03:00:00,제주,ECMWF,2026-09-23 12:00:00,174,7,tcc,93.0,80.0,13.0
2026-10-01 03:00:00,제주,ECMWF,2026-09-22 12:00:00,198,8,dswrf,0.0,,
2026-10-01 03:00:00,제주,ECMWF,2026-09-22 12:00:00,198,8,t2m,18.6,23.0,-4.4
2026-10-01 03:00:00,제주,ECMWF,2026-09-22 12:00:00,198,8,tcc,99.0,80.0,19.0
2026-10-01 03:00:00,제주,ECMWF,2026-09-21 12:00:00,222,9,dswrf,0.0,,
2026-10-01 03:00:00,제주,ECMWF,2026-09-21 12:00:00,222,9,t2m,19.1,23.0,-3.9
2026-10-01 03:00:00,제주,ECMWF,2026-09-21 12:00:00,222,9,tcc,29.0,80.0,-51.0
2026-10-01 03:00:00,제주,GFS,2026-09-30 18:00:00,0,0,t2m,20.7,23.0,-2.3
2026-10-01 03:00:00,제주,GFS,2026-09-30 18:00:00,0,0,tcc,21.0,80.0,-59.0
2026-10-01 03:00:00,제주,GFS,2026-09-30 12:00:00,6,0,dswrf,0.0,,
2026-10-01 03:00:00,제주,GFS,2026-09-30 12:00:00,6,0,t2m,20.7,23.0,-2.3
2026-10-01 03:00:00,제주,GFS,2026-09-30 12:00:00,6,0,tcc,25.0,80.0,-55.0
2026-10-01 03:00:00,제주,GFS,2026-09-30 00:00:00,18,0,dswrf,0.0,,
2026-10-01 03:00:00,제주,GFS,2026-09-30 00:00:00,18,0,t2m,20.3,23.0,-2.7
2026-10-01 03:00:00,제주,GFS,2026-09-30 00:00:00,18,0,tcc,7.0,80.0,-73.0
2026-10-01 03:00:00,제주,GFS,2026-09-29 18:00:00,24,1,dswrf,0.0,,
2026-10-01 03:00:00,제주,GFS,2026-09-29 18:00:00,24,1,t2m,20.2,23.0,-2.8
2026-10-01 03:00:00,제주,GFS,2026-09-29 18:00:00,24,1,tcc,25.0,80.0,-55.0
2026-10-01 03:00:00,제주,GFS,2026-09-29 12:00:00,30,1,dswrf,0.0,,
2026-10-01 03:00:00,제주,GFS,2026-09-29 12:00:00,30,1,t2m,20.2,23.0,-2.8
2026-10-01 03:00:00,제주,GFS,2026-09-29 12:00:00,30,1,tcc,14.0,80.0,-66.0
2026-10-01 03:00:00,제주,GFS,2026-09-29 00:00:00,42,1,dswrf,0.0,,
2026-10-01 03:00:00,제주,GFS,2026-09-29 00:00:00,42,1,t2m,20.2,23.0,-2.8
2026-10-01 03:00:00,제주,GFS,2026-09-29 00:00:00,42,1,tcc,78.0,80.0,-2.0
2026-10-01 03:00:00,제주,GFS,2026-09-28 18:00:00,48,2,dswrf,0.0,,
2026-10-01 03:00:00,제주,GFS,2026-09-28 18:00:00,48,2,t2m,20.2,23.0,-2.8
2026-10-01 03:00:00,제주,GFS,2026-09-28 18:00:00,48,2,tcc,48.0,80.0,-32.0
2026-10-01 03:00:00,제주,GFS,2026-09-28 12:00:00,54,2,dswrf,0.0,,
2026-10-01 03:00:00,제주,GFS,2026-09-28 12:00:00,54,2,t2m,19.7,23.0,-3.3
2026-10-01 03:00:00,제주,GFS,2026-09-28 12:00:00,54,2,tcc,30.0,80.0,-50.0
2026-10-01 03:00:00,제주,GFS,2026-09-28 00:00:00,66,2,dswrf,0.0,,
2026-10-01 03:00:00,제주,GFS,2026-09-28 00:00:00,66,2,t2m,20.2,23.0,-2.8
2026-10-01 03:00:00,제주,GFS,2026-09-28 00:00:00,66,2,tcc,90.0,80.0,10.0
2026-10-01 03:00:00,제주,GFS,2026-09-27 18:00:00,72,3,dswrf,0.0,,
2026-10-01 03:00:00,제주,GFS,2026-09-27 18:00:00,72,3,t2m,19.6,23.0,-3.4
2026-10-01 03:00:00,제주,GFS,2026-09-27 18:00:00,72,3,tcc,51.0,80.0,-29.0
2026-10-01 03:00:00,제주,GFS,2026-09-27 12:00:00,78,3,dswrf,0.0,,
2026-10-01 03:00:00,제주,GFS,2026-09-27 12:00:00,78,3,t2m,20.2,23.0,-2.8
2026-10-01 03:00:00,제주,GFS,2026-09-27 12:00:00,78,3,tcc,80.0,80.0,0.0
2026-10-01 03:00:00,제주,GFS,2026-09-27 00:00:00,90,3,dswrf,0.0,,
2026-10-01 03:00:00,제주,GFS,2026-09-27 00:00:00,90,3,t2m,19.7,23.0,-3.3
2026-10-01 03:00:00,제주,GFS,2026-09-27 00:00:00,90,3,tcc,79.0,80.0,-1.0
2026-10-01 03:00:00,제주,GFS,2026-09-26 18:00:00,96,4,dswrf,0.0,,
2026-10-01 03:00:00,제주,GFS,2026-09-26 18:00:00,96,4,t2m,19.6,23.0,-3.4
2026-10-01 03:00:00,제주,GFS,2026-09-26 18:00:00,96,4,tcc,68.0,80.0,-12.0
2026-10-01 03:00:00,제주,GFS,2026-09-26 00:00:00,114,4,dswrf,0.0,,
2026-10-01 03:00:00,제주,GFS,2026-09-26 00:00:00,114,4,t2m,19.4,23.0,-3.6
2026-10-01 03:00:00,제주,GFS,2026-09-26 00:00:00,114,4,tcc,22.0,80.0,-58.0
2026-10-01 03:00:00,제주,GFS,2026-09-25 18:00:00,120,5,dswrf,0.0,,
2026-10-01 03:00:00,제주,GFS,2026-09-25 18:00:00,120,5,t2m,19.9,23.0,-3.1
2026-10-01 03:00:00,제주,GFS,2026-09-25 18:00:00,120,5,tcc,10.0,80.0,-70.0
2026-10-01 03:00:00,제주,KIM,2026-09-30 12:00:00,6,0,dswrf,0.0,,
2026-10-01 03:00:00,제주,KIM,2026-09-30 12:00:00,6,0,t2m,22.2,23.0,-0.8
2026-10-01 03:00:00,제주,KIM,2026-09-30 12:00:00,6,0,tcc,93.0,80.0,13.0
2026-10-01 03:00:00,제주,KIM,2026-09-30 00:00:00,18,0,dswrf,0.0,,
2026-10-01 03:00:00,제주,KIM,2026-09-30 00:00:00,18,0,t2m,22.5,23.0,-0.5
2026-10-01 03:00:00,제주,KIM,2026-09-30 00:00:00,18,0,tcc,82.0,80.0,2.0
2026-10-01 03:00:00,제주,KIM,2026-09-29 12:00:00,30,1,dswrf,-0.0,,
2026-10-01 03:00:00,제주,KIM,2026-09-29 12:00:00,30,1,t2m,22.1,23.0,-0.9
2026-10-01 03:00:00,제주,KIM,2026-09-29 12:00:00,30,1,tcc,50.0,80.0,-30.0
2026-10-01 03:00:00,제주,KIM,2026-09-29 00:00:00,42,1,dswrf,-0.0,,
2026-10-01 03:00:00,제주,KIM,2026-09-29 00:00:00,42,1,t2m,22.5,23.0,-0.5
2026-10-01 03:00:00,제주,KIM,2026-09-29 00:00:00,42,1,tcc,96.0,80.0,16.0
2026-10-01 03:00:00,제주,KIM,2026-09-28 12:00:00,54,2,dswrf,0.0,,
2026-10-01 03:00:00,제주,KIM,2026-09-28 12:00:00,54,2,t2m,22.4,23.0,-0.6
2026-10-01 03:00:00,제주,KIM,2026-09-28 12:00:00,54,2,tcc,90.0,80.0,10.0
2026-10-01 03:00:00,제주,KIM,2026-09-28 00:00:00,66,2,dswrf,0.0,,
2026-10-01 03:00:00,제주,KIM,2026-09-28 00:00:00,66,2,t2m,22.2,23.0,-0.8
2026-10-01 03:00:00,제주,KIM,2026-09-28 00:00:00,66,2,tcc,70.0,80.0,-10.0
2026-10-01 03:00:00,제주,KIM,2026-09-27 12:00:00,78,3,dswrf,0.0,,
2026-10-01 03:00:00,제주,KIM,2026-09-27 12:00:00,78,3,t2m,22.4,23.0,-0.6
2026-10-01 03:00:00,제주,KIM,2026-09-27 12:00:00,78,3,tcc,62.0,80.0,-18.0
2026-10-01 03:00:00,제주,KIM,2026-09-27 00:00:00,90,3,dswrf,-0.0,,
2026-10-01 03:00:00,제주,KIM,2026-09-27 00:00:00,90,3,t2m,22.6,23.0,-0.4
2026-10-01 03:00:00,제주,KIM,2026-09-27 00:00:00,90,3,tcc,100.0,80.0,20.0
2026-10-01 03:00:00,제주,KIM,2026-09-26 12:00:00,102,4,dswrf,0.0,,
2026-10-01 03:00:00,제주,KIM,2026-09-26 12:00:00,102,4,t2m,22.1,23.0,-0.9
2026-10-01 03:00:00,제주,KIM,2026-09-26 12:00:00,102,4,tcc,96.0,80.0,16.0
2026-10-01 03:00:00,제주,KIM,2026-09-26 00:00:00,114,4,dswrf,-0.0,,
2026-10-01 03:00:00,제주,KIM,2026-09-26 00:00:00,114,4,t2m,22.0,23.0,-1.0
2026-10-01 03:00:00,제주,KIM,2026-09-26 00:00:00,114,4,tcc,98.0,80.0,18.0
2026-10-01 06:00:00,강릉,ECMWF,2026-09-30 12:00:00,9,0,dswrf,0.0,,
2026-10-01 06:00:00,강릉,ECMWF,2026-09-30 12:00:00,9,0,t2m,17.8,19.4,-1.6
2026-10-01 06:00:00,강릉,ECMWF,2026-09-30 12:00:00,9,0,tcc,78.0,100.0,-22.0
2026-10-01 06:00:00,강릉,ECMWF,2026-09-29 12:00:00,33,1,dswrf,0.0,,
2026-10-01 06:00:00,강릉,ECMWF,2026-09-29 12:00:00,33,1,t2m,15.8,19.4,-3.6
2026-10-01 06:00:00,강릉,ECMWF,2026-09-29 12:00:00,33,1,tcc,89.0,100.0,-11.0
2026-10-01 06:00:00,강릉,ECMWF,2026-09-28 12:00:00,57,2,dswrf,0.0,,
2026-10-01 06:00:00,강릉,ECMWF,2026-09-28 12:00:00,57,2,t2m,14.0,19.4,-5.4
2026-10-01 06:00:00,강릉,ECMWF,2026-09-28 12:00:00,57,2,tcc,0.0,100.0,-100.0
2026-10-01 06:00:00,강릉,ECMWF,2026-09-28 00:00:00,69,2,dswrf,0.0,,
2026-10-01 06:00:00,강릉,ECMWF,2026-09-28 00:00:00,69,2,t2m,14.8,19.4,-4.6
2026-10-01 06:00:00,강릉,ECMWF,2026-09-28 00:00:00,69,2,tcc,0.0,100.0,-100.0
2026-10-01 06:00:00,강릉,ECMWF,2026-09-27 12:00:00,81,3,dswrf,0.0,,
2026-10-01 06:00:00,강릉,ECMWF,2026-09-27 12:00:00,81,3,t2m,14.4,19.4,-5.0
2026-10-01 06:00:00,강릉,ECMWF,2026-09-27 12:00:00,81,3,tcc,0.0,100.0,-100.0
2026-10-01 06:00:00,강릉,ECMWF,2026-09-26 12:00:00,105,4,dswrf,0.0,,
2026-10-01 06:00:00,강릉,ECMWF,2026-09-26 12:00:00,105,4,t2m,14.1,19.4,-5.3
2026-10-01 06:00:00,강릉,ECMWF,2026-09-26 12:00:00,105,4,tcc,0.0,100.0,-100.0
2026-10-01 06:00:00,강릉,ECMWF,2026-09-25 12:00:00,129,5,dswrf,0.0,,
2026-10-01 06:00:00,강릉,ECMWF,2026-09-25 12:00:00,129,5,t2m,14.8,19.4,-4.6
2026-10-01 06:00:00,강릉,ECMWF,2026-09-25 12:00:00,129,5,tcc,1.0,100.0,-99.0
2026-10-01 06:00:00,강릉,GFS,2026-09-30 18:00:00,3,0,dswrf,0.0,,
2026-10-01 06:00:00,강릉,GFS,2026-09-30 18:00:00,3,0,t2m,19.3,19.4,-0.1
2026-10-01 06:00:00,강릉,GFS,2026-09-30 18:00:00,3,0,tcc,91.0,100.0,-9.0
2026-10-01 06:00:00,강릉,GFS,2026-09-30 12:00:00,9,0,dswrf,0.0,,
2026-10-01 06:00:00,강릉,GFS,2026-09-30 12:00:00,9,0,t2m,18.0,19.4,-1.4
2026-10-01 06:00:00,강릉,GFS,2026-09-30 12:00:00,9,0,tcc,93.0,100.0,-7.0
2026-10-01 06:00:00,강릉,GFS,2026-09-30 00:00:00,21,0,dswrf,0.0,,
2026-10-01 06:00:00,강릉,GFS,2026-09-30 00:00:00,21,0,t2m,16.4,19.4,-3.0
2026-10-01 06:00:00,강릉,GFS,2026-09-30 00:00:00,21,0,tcc,100.0,100.0,0.0
2026-10-01 06:00:00,강릉,GFS,2026-09-29 18:00:00,27,1,dswrf,0.0,,
2026-10-01 06:00:00,강릉,GFS,2026-09-29 18:00:00,27,1,t2m,16.2,19.4,-3.2
2026-10-01 06:00:00,강릉,GFS,2026-09-29 18:00:00,27,1,tcc,99.0,100.0,-1.0
2026-10-01 06:00:00,강릉,GFS,2026-09-29 12:00:00,33,1,dswrf,0.0,,
2026-10-01 06:00:00,강릉,GFS,2026-09-29 12:00:00,33,1,t2m,16.8,19.4,-2.6
2026-10-01 06:00:00,강릉,GFS,2026-09-29 12:00:00,33,1,tcc,98.0,100.0,-2.0
2026-10-01 06:00:00,강릉,GFS,2026-09-29 00:00:00,45,1,dswrf,0.0,,
2026-10-01 06:00:00,강릉,GFS,2026-09-29 00:00:00,45,1,t2m,17.9,19.4,-1.5
2026-10-01 06:00:00,강릉,GFS,2026-09-29 00:00:00,45,1,tcc,96.0,100.0,-4.0
2026-10-01 06:00:00,강릉,GFS,2026-09-28 18:00:00,51,2,dswrf,0.0,,
2026-10-01 06:00:00,강릉,GFS,2026-09-28 18:00:00,51,2,t2m,18.6,19.4,-0.8
2026-10-01 06:00:00,강릉,GFS,2026-09-28 18:00:00,51,2,tcc,98.0,100.0,-2.0
2026-10-01 06:00:00,강릉,GFS,2026-09-28 12:00:00,57,2,dswrf,0.0,,
2026-10-01 06:00:00,강릉,GFS,2026-09-28 12:00:00,57,2,t2m,16.5,19.4,-2.9
2026-10-01 06:00:00,강릉,GFS,2026-09-28 12:00:00,57,2,tcc,53.0,100.0,-47.0
2026-10-01 06:00:00,강릉,GFS,2026-09-28 00:00:00,69,2,dswrf,0.0,,
2026-10-01 06:00:00,강릉,GFS,2026-09-28 00:00:00,69,2,t2m,15.9,19.4,-3.5
2026-10-01 06:00:00,강릉,GFS,2026-09-28 00:00:00,69,2,tcc,55.0,100.0,-45.0
2026-10-01 06:00:00,강릉,GFS,2026-09-27 18:00:00,75,3,dswrf,0.0,,
2026-10-01 06:00:00,강릉,GFS,2026-09-27 18:00:00,75,3,t2m,14.5,19.4,-4.9
2026-10-01 06:00:00,강릉,GFS,2026-09-27 18:00:00,75,3,tcc,11.0,100.0,-89.0
2026-10-01 06:00:00,강릉,GFS,2026-09-27 12:00:00,81,3,dswrf,0.0,,
2026-10-01 06:00:00,강릉,GFS,2026-09-27 12:00:00,81,3,t2m,15.8,19.4,-3.6
2026-10-01 06:00:00,강릉,GFS,2026-09-27 12:00:00,81,3,tcc,98.0,100.0,-2.0
2026-10-01 06:00:00,강릉,GFS,2026-09-27 00:00:00,93,3,dswrf,0.0,,
2026-10-01 06:00:00,강릉,GFS,2026-09-27 00:00:00,93,3,t2m,14.3,19.4,-5.1
2026-10-01 06:00:00,강릉,GFS,2026-09-27 00:00:00,93,3,tcc,18.0,100.0,-82.0
2026-10-01 06:00:00,강릉,GFS,2026-09-26 18:00:00,99,4,dswrf,0.0,,
2026-10-01 06:00:00,강릉,GFS,2026-09-26 18:00:00,99,4,t2m,14.0,19.4,-5.4
2026-10-01 06:00:00,강릉,GFS,2026-09-26 18:00:00,99,4,tcc,18.0,100.0,-82.0
2026-10-01 06:00:00,강릉,GFS,2026-09-26 00:00:00,117,4,dswrf,0.0,,
2026-10-01 06:00:00,강릉,GFS,2026-09-26 00:00:00,117,4,t2m,16.0,19.4,-3.4
2026-10-01 06:00:00,강릉,GFS,2026-09-26 00:00:00,117,4,tcc,24.0,100.0,-76.0
2026-10-01 06:00:00,강릉,KIM,2026-09-30 12:00:00,9,0,dswrf,0.0,,
2026-10-01 06:00:00,강릉,KIM,2026-09-30 12:00:00,9,0,t2m,16.8,19.4,-2.6
2026-10-01 06:00:00,강릉,KIM,2026-09-30 12:00:00,9,0,tcc,82.0,100.0,-18.0
2026-10-01 06:00:00,강릉,KIM,2026-09-30 00:00:00,21,0,dswrf,0.0,,
2026-10-01 06:00:00,강릉,KIM,2026-09-30 00:00:00,21,0,t2m,15.7,19.4,-3.7
2026-10-01 06:00:00,강릉,KIM,2026-09-30 00:00:00,21,0,tcc,30.0,100.0,-70.0
2026-10-01 06:00:00,강릉,KIM,2026-09-29 12:00:00,33,1,dswrf,0.0,,
2026-10-01 06:00:00,강릉,KIM,2026-09-29 12:00:00,33,1,t2m,15.8,19.4,-3.6
2026-10-01 06:00:00,강릉,KIM,2026-09-29 12:00:00,33,1,tcc,80.0,100.0,-20.0
2026-10-01 06:00:00,강릉,KIM,2026-09-29 00:00:00,45,1,dswrf,0.0,,
2026-10-01 06:00:00,강릉,KIM,2026-09-29 00:00:00,45,1,t2m,14.3,19.4,-5.1
2026-10-01 06:00:00,강릉,KIM,2026-09-29 00:00:00,45,1,tcc,24.0,100.0,-76.0
2026-10-01 06:00:00,강릉,KIM,2026-09-28 12:00:00,57,2,dswrf,0.0,,
2026-10-01 06:00:00,강릉,KIM,2026-09-28 12:00:00,57,2,t2m,13.7,19.4,-5.7
2026-10-01 06:00:00,강릉,KIM,2026-09-28 12:00:00,57,2,tcc,4.0,100.0,-96.0
2026-10-01 06:00:00,강릉,KIM,2026-09-28 00:00:00,69,2,dswrf,0.0,,
2026-10-01 06:00:00,강릉,KIM,2026-09-28 00:00:00,69,2,t2m,14.8,19.4,-4.6
2026-10-01 06:00:00,강릉,KIM,2026-09-28 00:00:00,69,2,tcc,34.0,100.0,-66.0
2026-10-01 06:00:00,강릉,KIM,2026-09-27 12:00:00,81,3,dswrf,0.0,,
2026-10-01 06:00:00,강릉,KIM,2026-09-27 12:00:00,81,3,t2m,14.1,19.4,-5.3
2026-10-01 06:00:00,강릉,KIM,2026-09-27 12:00:00,81,3,tcc,8.0,100.0,-92.0
2026-10-01 06:00:00,강릉,KIM,2026-09-27 00:00:00,93,3,dswrf,-0.0,,
2026-10-01 06:00:00,강릉,KIM,2026-09-27 00:00:00,93,3,t2m,14.2,19.4,-5.2
2026-10-01 06:00:00,강릉,KIM,2026-09-27 00:00:00,93,3,tcc,0.0,100.0,-100.0
2026-10-01 06:00:00,강릉,KIM,2026-09-26 12:00:00,105,4,dswrf,0.0,,
2026-10-01 06:00:00,강릉,KIM,2026-09-26 12:00:00,105,4,t2m,13.5,19.4,-5.9
2026-10-01 06:00:00,강릉,KIM,2026-09-26 12:00:00,105,4,tcc,0.0,100.0,-100.0
2026-10-01 06:00:00,강릉,KIM,2026-09-26 00:00:00,117,4,dswrf,0.0,,
2026-10-01 06:00:00,강릉,KIM,2026-09-26 00:00:00,117,4,t2m,12.8,19.4,-6.6
2026-10-01 06:00:00,강릉,KIM,2026-09-26 00:00:00,117,4,tcc,2.0,100.0,-98.0
2026-10-01 06:00:00,광주,ECMWF,2026-09-30 12:00:00,9,0,dswrf,0.0,,
2026-10-01 06:00:00,광주,ECMWF,2026-09-30 12:00:00,9,0,t2m,17.5,19.8,-2.3
2026-10-01 06:00:00,광주,ECMWF,2026-09-30 12:00:00,9,0,tcc,100.0,100.0,0.0
2026-10-01 06:00:00,광주,ECMWF,2026-09-29 12:00:00,33,1,dswrf,0.0,,
2026-10-01 06:00:00,광주,ECMWF,2026-09-29 12:00:00,33,1,t2m,15.8,19.8,-4.0
2026-10-01 06:00:00,광주,ECMWF,2026-09-29 12:00:00,33,1,tcc,97.0,100.0,-3.0
2026-10-01 06:00:00,광주,ECMWF,2026-09-28 12:00:00,57,2,dswrf,0.0,,
2026-10-01 06:00:00,광주,ECMWF,2026-09-28 12:00:00,57,2,t2m,15.9,19.8,-3.9
2026-10-01 06:00:00,광주,ECMWF,2026-09-28 12:00:00,57,2,tcc,3.0,100.0,-97.0
2026-10-01 06:00:00,광주,ECMWF,2026-09-28 00:00:00,69,2,dswrf,0.0,,
2026-10-01 06:00:00,광주,ECMWF,2026-09-28 00:00:00,69,2,t2m,16.1,19.8,-3.7
2026-10-01 06:00:00,광주,ECMWF,2026-09-28 00:00:00,69,2,tcc,3.0,100.0,-97.0
2026-10-01 06:00:00,광주,ECMWF,2026-09-27 12:00:00,81,3,dswrf,0.0,,
2026-10-01 06:00:00,광주,ECMWF,2026-09-27 12:00:00,81,3,t2m,16.2,19.8,-3.6
2026-10-01 06:00:00,광주,ECMWF,2026-09-27 12:00:00,81,3,tcc,3.0,100.0,-97.0
2026-10-01 06:00:00,광주,ECMWF,2026-09-26 12:00:00,105,4,dswrf,0.0,,
2026-10-01 06:00:00,광주,ECMWF,2026-09-26 12:00:00,105,4,t2m,15.6,19.8,-4.2
2026-10-01 06:00:00,광주,ECMWF,2026-09-26 12:00:00,105,4,tcc,21.0,100.0,-79.0
2026-10-01 06:00:00,광주,ECMWF,2026-09-25 12:00:00,129,5,dswrf,0.0,,
2026-10-01 06:00:00,광주,ECMWF,2026-09-25 12:00:00,129,5,t2m,16.3,19.8,-3.5
2026-10-01 06:00:00,광주,ECMWF,2026-09-25 12:00:00,129,5,tcc,26.0,100.0,-74.0
2026-10-01 06:00:00,광주,GFS,2026-09-30 18:00:00,3,0,dswrf,0.0,,
2026-10-01 06:00:00,광주,GFS,2026-09-30 18:00:00,3,0,t2m,17.5,19.8,-2.3
2026-10-01 06:00:00,광주,GFS,2026-09-30 18:00:00,3,0,tcc,84.0,100.0,-16.0
2026-10-01 06:00:00,광주,GFS,2026-09-30 12:00:00,9,0,dswrf,0.0,,
2026-10-01 06:00:00,광주,GFS,2026-09-30 12:00:00,9,0,t2m,16.7,19.8,-3.1
2026-10-01 06:00:00,광주,GFS,2026-09-30 12:00:00,9,0,tcc,78.0,100.0,-22.0
2026-10-01 06:00:00,광주,GFS,2026-09-30 00:00:00,21,0,dswrf,0.0,,
2026-10-01 06:00:00,광주,GFS,2026-09-30 00:00:00,21,0,t2m,15.5,19.8,-4.3
2026-10-01 06:00:00,광주,GFS,2026-09-30 00:00:00,21,0,tcc,95.0,100.0,-5.0
2026-10-01 06:00:00,광주,GFS,2026-09-29 18:00:00,27,1,dswrf,0.0,,
2026-10-01 06:00:00,광주,GFS,2026-09-29 18:00:00,27,1,t2m,14.5,19.8,-5.3
2026-10-01 06:00:00,광주,GFS,2026-09-29 18:00:00,27,1,tcc,41.0,100.0,-59.0
2026-10-01 06:00:00,광주,GFS,2026-09-29 12:00:00,33,1,dswrf,0.0,,
2026-10-01 06:00:00,광주,GFS,2026-09-29 12:00:00,33,1,t2m,15.6,19.8,-4.2
2026-10-01 06:00:00,광주,GFS,2026-09-29 12:00:00,33,1,tcc,78.0,100.0,-22.0
2026-10-01 06:00:00,광주,GFS,2026-09-29 00:00:00,45,1,dswrf,0.0,,
2026-10-01 06:00:00,광주,GFS,2026-09-29 00:00:00,45,1,t2m,16.2,19.8,-3.6
2026-10-01 06:00:00,광주,GFS,2026-09-29 00:00:00,45,1,tcc,100.0,100.0,0.0
2026-10-01 06:00:00,광주,GFS,2026-09-28 18:00:00,51,2,dswrf,0.0,,
2026-10-01 06:00:00,광주,GFS,2026-09-28 18:00:00,51,2,t2m,16.8,19.8,-3.0
2026-10-01 06:00:00,광주,GFS,2026-09-28 18:00:00,51,2,tcc,94.0,100.0,-6.0
2026-10-01 06:00:00,광주,GFS,2026-09-28 12:00:00,57,2,dswrf,0.0,,
2026-10-01 06:00:00,광주,GFS,2026-09-28 12:00:00,57,2,t2m,15.1,19.8,-4.7
2026-10-01 06:00:00,광주,GFS,2026-09-28 12:00:00,57,2,tcc,67.0,100.0,-33.0
2026-10-01 06:00:00,광주,GFS,2026-09-28 00:00:00,69,2,dswrf,0.0,,
2026-10-01 06:00:00,광주,GFS,2026-09-28 00:00:00,69,2,t2m,14.3,19.8,-5.5
2026-10-01 06:00:00,광주,GFS,2026-09-28 00:00:00,69,2,tcc,95.0,100.0,-5.0
2026-10-01 06:00:00,광주,GFS,2026-09-27 18:00:00,75,3,dswrf,0.0,,
2026-10-01 06:00:00,광주,GFS,2026-09-27 18:00:00,75,3,t2m,13.5,19.8,-6.3
2026-10-01 06:00:00,광주,GFS,2026-09-27 18:00:00,75,3,tcc,31.0,100.0,-69.0
2026-10-01 06:00:00,광주,GFS,2026-09-27 12:00:00,81,3,dswrf,0.0,,
2026-10-01 06:00:00,광주,GFS,2026-09-27 12:00:00,81,3,t2m,13.5,19.8,-6.3
2026-10-01 06:00:00,광주,GFS,2026-09-27 12:00:00,81,3,tcc,78.0,100.0,-22.0
2026-10-01 06:00:00,광주,GFS,2026-09-27 00:00:00,93,3,dswrf,0.0,,
2026-10-01 06:00:00,광주,GFS,2026-09-27 00:00:00,93,3,t2m,12.9,19.8,-6.9
2026-10-01 06:00:00,광주,GFS,2026-09-27 00:00:00,93,3,tcc,32.0,100.0,-68.0
2026-10-01 06:00:00,광주,GFS,2026-09-26 18:00:00,99,4,dswrf,0.0,,
2026-10-01 06:00:00,광주,GFS,2026-09-26 18:00:00,99,4,t2m,12.4,19.8,-7.4
2026-10-01 06:00:00,광주,GFS,2026-09-26 18:00:00,99,4,tcc,3.0,100.0,-97.0
2026-10-01 06:00:00,광주,GFS,2026-09-26 00:00:00,117,4,dswrf,0.0,,
2026-10-01 06:00:00,광주,GFS,2026-09-26 00:00:00,117,4,t2m,15.6,19.8,-4.2
2026-10-01 06:00:00,광주,GFS,2026-09-26 00:00:00,117,4,tcc,97.0,100.0,-3.0
2026-10-01 06:00:00,광주,KIM,2026-09-30 12:00:00,9,0,dswrf,0.0,,
2026-10-01 06:00:00,광주,KIM,2026-09-30 12:00:00,9,0,t2m,17.4,19.8,-2.4
2026-10-01 06:00:00,광주,KIM,2026-09-30 12:00:00,9,0,tcc,98.0,100.0,-2.0
2026-10-01 06:00:00,광주,KIM,2026-09-30 00:00:00,21,0,dswrf,0.0,,
2026-10-01 06:00:00,광주,KIM,2026-09-30 00:00:00,21,0,t2m,16.8,19.8,-3.0
2026-10-01 06:00:00,광주,KIM,2026-09-30 00:00:00,21,0,tcc,81.0,100.0,-19.0
2026-10-01 06:00:00,광주,KIM,2026-09-29 12:00:00,33,1,dswrf,0.0,,
2026-10-01 06:00:00,광주,KIM,2026-09-29 12:00:00,33,1,t2m,16.7,19.8,-3.1
2026-10-01 06:00:00,광주,KIM,2026-09-29 12:00:00,33,1,tcc,95.0,100.0,-5.0
2026-10-01 06:00:00,광주,KIM,2026-09-29 00:00:00,45,1,dswrf,0.0,,
2026-10-01 06:00:00,광주,KIM,2026-09-29 00:00:00,45,1,t2m,16.4,19.8,-3.4
2026-10-01 06:00:00,광주,KIM,2026-09-29 00:00:00,45,1,tcc,53.0,100.0,-47.0
2026-10-01 06:00:00,광주,KIM,2026-09-28 12:00:00,57,2,dswrf,0.0,,
2026-10-01 06:00:00,광주,KIM,2026-09-28 12:00:00,57,2,t2m,15.2,19.8,-4.6
2026-10-01 06:00:00,광주,KIM,2026-09-28 12:00:00,57,2,tcc,55.0,100.0,-45.0
2026-10-01 06:00:00,광주,KIM,2026-09-28 00:00:00,69,2,dswrf,0.0,,
2026-10-01 06:00:00,광주,KIM,2026-09-28 00:00:00,69,2,t2m,16.0,19.8,-3.8
2026-10-01 06:00:00,광주,KIM,2026-09-28 00:00:00,69,2,tcc,34.0,100.0,-66.0
2026-10-01 06:00:00,광주,KIM,2026-09-27 12:00:00,81,3,dswrf,0.0,,
2026-10-01 06:00:00,광주,KIM,2026-09-27 12:00:00,81,3,t2m,15.3,19.8,-4.5
2026-10-01 06:00:00,광주,KIM,2026-09-27 12:00:00,81,3,tcc,32.0,100.0,-68.0
2026-10-01 06:00:00,광주,KIM,2026-09-27 00:00:00,93,3,dswrf,-0.0,,
2026-10-01 06:00:00,광주,KIM,2026-09-27 00:00:00,93,3,t2m,16.1,19.8,-3.7
2026-10-01 06:00:00,광주,KIM,2026-09-27 00:00:00,93,3,tcc,69.0,100.0,-31.0
2026-10-01 06:00:00,광주,KIM,2026-09-26 12:00:00,105,4,dswrf,0.0,,
2026-10-01 06:00:00,광주,KIM,2026-09-26 12:00:00,105,4,t2m,14.8,19.8,-5.0
2026-10-01 06:00:00,광주,KIM,2026-09-26 12:00:00,105,4,tcc,68.0,100.0,-32.0
2026-10-01 06:00:00,광주,KIM,2026-09-26 00:00:00,117,4,dswrf,0.0,,
2026-10-01 06:00:00,광주,KIM,2026-09-26 00:00:00,117,4,t2m,13.7,19.8,-6.1
2026-10-01 06:00:00,광주,KIM,2026-09-26 00:00:00,117,4,tcc,0.0,100.0,-100.0
2026-10-01 06:00:00,대구,ECMWF,2026-09-30 12:00:00,9,0,dswrf,0.0,,
2026-10-01 06:00:00,대구,ECMWF,2026-09-30 12:00:00,9,0,t2m,17.0,20.9,-3.9
2026-10-01 06:00:00,대구,ECMWF,2026-09-30 12:00:00,9,0,tcc,95.0,100.0,-5.0
2026-10-01 06:00:00,대구,ECMWF,2026-09-29 12:00:00,33,1,dswrf,0.0,,
2026-10-01 06:00:00,대구,ECMWF,2026-09-29 12:00:00,33,1,t2m,14.9,20.9,-6.0
2026-10-01 06:00:00,대구,ECMWF,2026-09-29 12:00:00,33,1,tcc,94.0,100.0,-6.0
2026-10-01 06:00:00,대구,ECMWF,2026-09-28 12:00:00,57,2,dswrf,0.0,,
2026-10-01 06:00:00,대구,ECMWF,2026-09-28 12:00:00,57,2,t2m,14.9,20.9,-6.0
2026-10-01 06:00:00,대구,ECMWF,2026-09-28 12:00:00,57,2,tcc,17.0,100.0,-83.0
2026-10-01 06:00:00,대구,ECMWF,2026-09-28 00:00:00,69,2,dswrf,0.0,,
2026-10-01 06:00:00,대구,ECMWF,2026-09-28 00:00:00,69,2,t2m,15.0,20.9,-5.9
2026-10-01 06:00:00,대구,ECMWF,2026-09-28 00:00:00,69,2,tcc,1.0,100.0,-99.0
2026-10-01 06:00:00,대구,ECMWF,2026-09-27 12:00:00,81,3,dswrf,0.0,,
2026-10-01 06:00:00,대구,ECMWF,2026-09-27 12:00:00,81,3,t2m,15.2,20.9,-5.7
2026-10-01 06:00:00,대구,ECMWF,2026-09-27 12:00:00,81,3,tcc,1.0,100.0,-99.0
2026-10-01 06:00:00,대구,ECMWF,2026-09-26 12:00:00,105,4,dswrf,0.0,,
2026-10-01 06:00:00,대구,ECMWF,2026-09-26 12:00:00,105,4,t2m,14.2,20.9,-6.7
2026-10-01 06:00:00,대구,ECMWF,2026-09-26 12:00:00,105,4,tcc,3.0,100.0,-97.0
2026-10-01 06:00:00,대구,ECMWF,2026-09-25 12:00:00,129,5,dswrf,0.0,,
2026-10-01 06:00:00,대구,ECMWF,2026-09-25 12:00:00,129,5,t2m,15.2,20.9,-5.7
2026-10-01 06:00:00,대구,ECMWF,2026-09-25 12:00:00,129,5,tcc,4.0,100.0,-96.0
2026-10-01 06:00:00,대구,GFS,2026-09-30 18:00:00,3,0,dswrf,0.0,,
2026-10-01 06:00:00,대구,GFS,2026-09-30 18:00:00,3,0,t2m,16.1,20.9,-4.8
2026-10-01 06:00:00,대구,GFS,2026-09-30 18:00:00,3,0,tcc,99.0,100.0,-1.0
2026-10-01 06:00:00,대구,GFS,2026-09-30 12:00:00,9,0,dswrf,0.0,,
2026-10-01 06:00:00,대구,GFS,2026-09-30 12:00:00,9,0,t2m,15.4,20.9,-5.5
2026-10-01 06:00:00,대구,GFS,2026-09-30 12:00:00,9,0,tcc,99.0,100.0,-1.0
2026-10-01 06:00:00,대구,GFS,2026-09-30 00:00:00,21,0,dswrf,0.0,,
2026-10-01 06:00:00,대구,GFS,2026-09-30 00:00:00,21,0,t2m,14.9,20.9,-6.0
2026-10-01 06:00:00,대구,GFS,2026-09-30 00:00:00,21,0,tcc,92.0,100.0,-8.0
2026-10-01 06:00:00,대구,GFS,2026-09-29 18:00:00,27,1,dswrf,0.0,,
2026-10-01 06:00:00,대구,GFS,2026-09-29 18:00:00,27,1,t2m,14.3,20.9,-6.6
2026-10-01 06:00:00,대구,GFS,2026-09-29 18:00:00,27,1,tcc,94.0,100.0,-6.0
2026-10-01 06:00:00,대구,GFS,2026-09-29 12:00:00,33,1,dswrf,0.0,,
2026-10-01 06:00:00,대구,GFS,2026-09-29 12:00:00,33,1,t2m,14.1,20.9,-6.8
2026-10-01 06:00:00,대구,GFS,2026-09-29 12:00:00,33,1,tcc,96.0,100.0,-4.0
2026-10-01 06:00:00,대구,GFS,2026-09-29 00:00:00,45,1,dswrf,0.0,,
2026-10-01 06:00:00,대구,GFS,2026-09-29 00:00:00,45,1,t2m,15.5,20.9,-5.4
2026-10-01 06:00:00,대구,GFS,2026-09-29 00:00:00,45,1,tcc,100.0,100.0,0.0
2026-10-01 06:00:00,대구,GFS,2026-09-28 18:00:00,51,2,dswrf,0.0,,
2026-10-01 06:00:00,대구,GFS,2026-09-28 18:00:00,51,2,t2m,16.2,20.9,-4.7
2026-10-01 06:00:00,대구,GFS,2026-09-28 18:00:00,51,2,tcc,99.0,100.0,-1.0
2026-10-01 06:00:00,대구,GFS,2026-09-28 12:00:00,57,2,dswrf,0.0,,
2026-10-01 06:00:00,대구,GFS,2026-09-28 12:00:00,57,2,t2m,14.7,20.9,-6.2
2026-10-01 06:00:00,대구,GFS,2026-09-28 12:00:00,57,2,tcc,93.0,100.0,-7.0
2026-10-01 06:00:00,대구,GFS,2026-09-28 00:00:00,69,2,dswrf,0.0,,
2026-10-01 06:00:00,대구,GFS,2026-09-28 00:00:00,69,2,t2m,13.5,20.9,-7.4
2026-10-01 06:00:00,대구,GFS,2026-09-28 00:00:00,69,2,tcc,76.0,100.0,-24.0
2026-10-01 06:00:00,대구,GFS,2026-09-27 18:00:00,75,3,dswrf,0.0,,
2026-10-01 06:00:00,대구,GFS,2026-09-27 18:00:00,75,3,t2m,12.2,20.9,-8.7
2026-10-01 06:00:00,대구,GFS,2026-09-27 18:00:00,75,3,tcc,6.0,100.0,-94.0
2026-10-01 06:00:00,대구,GFS,2026-09-27 12:00:00,81,3,dswrf,0.0,,
2026-10-01 06:00:00,대구,GFS,2026-09-27 12:00:00,81,3,t2m,12.8,20.9,-8.1
2026-10-01 06:00:00,대구,GFS,2026-09-27 12:00:00,81,3,tcc,71.0,100.0,-29.0
2026-10-01 06:00:00,대구,GFS,2026-09-27 00:00:00,93,3,dswrf,0.0,,
2026-10-01 06:00:00,대구,GFS,2026-09-27 00:00:00,93,3,t2m,13.1,20.9,-7.8
2026-10-01 06:00:00,대구,GFS,2026-09-27 00:00:00,93,3,tcc,71.0,100.0,-29.0
2026-10-01 06:00:00,대구,GFS,2026-09-26 18:00:00,99,4,dswrf,0.0,,
2026-10-01 06:00:00,대구,GFS,2026-09-26 18:00:00,99,4,t2m,12.3,20.9,-8.6
2026-10-01 06:00:00,대구,GFS,2026-09-26 18:00:00,99,4,tcc,9.0,100.0,-91.0
2026-10-01 06:00:00,대구,GFS,2026-09-26 00:00:00,117,4,dswrf,0.0,,
2026-10-01 06:00:00,대구,GFS,2026-09-26 00:00:00,117,4,t2m,15.8,20.9,-5.1
2026-10-01 06:00:00,대구,GFS,2026-09-26 00:00:00,117,4,tcc,100.0,100.0,0.0
2026-10-01 06:00:00,대구,KIM,2026-09-30 12:00:00,9,0,dswrf,0.0,,
2026-10-01 06:00:00,대구,KIM,2026-09-30 12:00:00,9,0,t2m,17.0,20.9,-3.9
2026-10-01 06:00:00,대구,KIM,2026-09-30 12:00:00,9,0,tcc,66.0,100.0,-34.0
2026-10-01 06:00:00,대구,KIM,2026-09-30 00:00:00,21,0,dswrf,0.0,,
2026-10-01 06:00:00,대구,KIM,2026-09-30 00:00:00,21,0,t2m,15.5,20.9,-5.4
2026-10-01 06:00:00,대구,KIM,2026-09-30 00:00:00,21,0,tcc,85.0,100.0,-15.0
2026-10-01 06:00:00,대구,KIM,2026-09-29 12:00:00,33,1,dswrf,0.0,,
2026-10-01 06:00:00,대구,KIM,2026-09-29 12:00:00,33,1,t2m,14.7,20.9,-6.2
2026-10-01 06:00:00,대구,KIM,2026-09-29 12:00:00,33,1,tcc,74.0,100.0,-26.0
2026-10-01 06:00:00,대구,KIM,2026-09-29 00:00:00,45,1,dswrf,0.0,,
2026-10-01 06:00:00,대구,KIM,2026-09-29 00:00:00,45,1,t2m,15.0,20.9,-5.9
2026-10-01 06:00:00,대구,KIM,2026-09-29 00:00:00,45,1,tcc,14.0,100.0,-86.0
2026-10-01 06:00:00,대구,KIM,2026-09-28 12:00:00,57,2,dswrf,0.0,,
2026-10-01 06:00:00,대구,KIM,2026-09-28 12:00:00,57,2,t2m,13.9,20.9,-7.0
2026-10-01 06:00:00,대구,KIM,2026-09-28 12:00:00,57,2,tcc,14.0,100.0,-86.0
2026-10-01 06:00:00,대구,KIM,2026-09-28 00:00:00,69,2,dswrf,0.0,,
2026-10-01 06:00:00,대구,KIM,2026-09-28 00:00:00,69,2,t2m,15.1,20.9,-5.8
2026-10-01 06:00:00,대구,KIM,2026-09-28 00:00:00,69,2,tcc,40.0,100.0,-60.0
2026-10-01 06:00:00,대구,KIM,2026-09-27 12:00:00,81,3,dswrf,0.0,,
2026-10-01 06:00:00,대구,KIM,2026-09-27 12:00:00,81,3,t2m,14.3,20.9,-6.6
2026-10-01 06:00:00,대구,KIM,2026-09-27 12:00:00,81,3,tcc,59.0,100.0,-41.0
2026-10-01 06:00:00,대구,KIM,2026-09-27 00:00:00,93,3,dswrf,-0.0,,
2026-10-01 06:00:00,대구,KIM,2026-09-27 00:00:00,93,3,t2m,14.9,20.9,-6.0
2026-10-01 06:00:00,대구,KIM,2026-09-27 00:00:00,93,3,tcc,0.0,100.0,-100.0
2026-10-01 06:00:00,대구,KIM,2026-09-26 12:00:00,105,4,dswrf,0.0,,
2026-10-01 06:00:00,대구,KIM,2026-09-26 12:00:00,105,4,t2m,13.3,20.9,-7.6
2026-10-01 06:00:00,대구,KIM,2026-09-26 12:00:00,105,4,tcc,62.0,100.0,-38.0
2026-10-01 06:00:00,대구,KIM,2026-09-26 00:00:00,117,4,dswrf,0.0,,
2026-10-01 06:00:00,대구,KIM,2026-09-26 00:00:00,117,4,t2m,12.4,20.9,-8.5
2026-10-01 06:00:00,대구,KIM,2026-09-26 00:00:00,117,4,tcc,0.0,100.0,-100.0
2026-10-01 06:00:00,대전,ECMWF,2026-09-30 12:00:00,9,0,dswrf,0.0,,
2026-10-01 06:00:00,대전,ECMWF,2026-09-30 12:00:00,9,0,t2m,15.4,16.9,-1.5
2026-10-01 06:00:00,대전,ECMWF,2026-09-30 12:00:00,9,0,tcc,97.0,100.0,-3.0
2026-10-01 06:00:00,대전,ECMWF,2026-09-29 12:00:00,33,1,dswrf,0.0,,
2026-10-01 06:00:00,대전,ECMWF,2026-09-29 12:00:00,33,1,t2m,14.3,16.9,-2.6
2026-10-01 06:00:00,대전,ECMWF,2026-09-29 12:00:00,33,1,tcc,100.0,100.0,0.0
2026-10-01 06:00:00,대전,ECMWF,2026-09-28 12:00:00,57,2,dswrf,0.0,,
2026-10-01 06:00:00,대전,ECMWF,2026-09-28 12:00:00,57,2,t2m,13.1,16.9,-3.8
2026-10-01 06:00:00,대전,ECMWF,2026-09-28 12:00:00,57,2,tcc,0.0,100.0,-100.0
2026-10-01 06:00:00,대전,ECMWF,2026-09-28 00:00:00,69,2,dswrf,0.0,,
2026-10-01 06:00:00,대전,ECMWF,2026-09-28 00:00:00,69,2,t2m,13.7,16.9,-3.2
2026-10-01 06:00:00,대전,ECMWF,2026-09-28 00:00:00,69,2,tcc,0.0,100.0,-100.0
2026-10-01 06:00:00,대전,ECMWF,2026-09-27 12:00:00,81,3,dswrf,0.0,,
2026-10-01 06:00:00,대전,ECMWF,2026-09-27 12:00:00,81,3,t2m,13.3,16.9,-3.6
2026-10-01 06:00:00,대전,ECMWF,2026-09-27 12:00:00,81,3,tcc,0.0,100.0,-100.0
2026-10-01 06:00:00,대전,ECMWF,2026-09-26 12:00:00,105,4,dswrf,0.0,,
2026-10-01 06:00:00,대전,ECMWF,2026-09-26 12:00:00,105,4,t2m,12.8,16.9,-4.1
2026-10-01 06:00:00,대전,ECMWF,2026-09-26 12:00:00,105,4,tcc,2.0,100.0,-98.0
2026-10-01 06:00:00,대전,ECMWF,2026-09-25 12:00:00,129,5,dswrf,0.0,,
2026-10-01 06:00:00,대전,ECMWF,2026-09-25 12:00:00,129,5,t2m,13.3,16.9,-3.6
2026-10-01 06:00:00,대전,ECMWF,2026-09-25 12:00:00,129,5,tcc,1.0,100.0,-99.0
2026-10-01 06:00:00,대전,GFS,2026-09-30 18:00:00,3,0,dswrf,0.0,,
2026-10-01 06:00:00,대전,GFS,2026-09-30 18:00:00,3,0,t2m,15.3,16.9,-1.6
2026-10-01 06:00:00,대전,GFS,2026-09-30 18:00:00,3,0,tcc,89.0,100.0,-11.0
2026-10-01 06:00:00,대전,GFS,2026-09-30 12:00:00,9,0,dswrf,0.0,,
2026-10-01 06:00:00,대전,GFS,2026-09-30 12:00:00,9,0,t2m,15.0,16.9,-1.9
2026-10-01 06:00:00,대전,GFS,2026-09-30 12:00:00,9,0,tcc,83.0,100.0,-17.0
2026-10-01 06:00:00,대전,GFS,2026-09-30 00:00:00,21,0,dswrf,0.0,,
2026-10-01 06:00:00,대전,GFS,2026-09-30 00:00:00,21,0,t2m,14.5,16.9,-2.4
2026-10-01 06:00:00,대전,GFS,2026-09-30 00:00:00,21,0,tcc,96.0,100.0,-4.0
2026-10-01 06:00:00,대전,GFS,2026-09-29 18:00:00,27,1,dswrf,0.0,,
2026-10-01 06:00:00,대전,GFS,2026-09-29 18:00:00,27,1,t2m,12.4,16.9,-4.5
2026-10-01 06:00:00,대전,GFS,2026-09-29 18:00:00,27,1,tcc,10.0,100.0,-90.0
2026-10-01 06:00:00,대전,GFS,2026-09-29 12:00:00,33,1,dswrf,0.0,,
2026-10-01 06:00:00,대전,GFS,2026-09-29 12:00:00,33,1,t2m,13.2,16.9,-3.7
2026-10-01 06:00:00,대전,GFS,2026-09-29 12:00:00,33,1,tcc,62.0,100.0,-38.0
2026-10-01 06:00:00,대전,GFS,2026-09-29 00:00:00,45,1,dswrf,0.0,,
2026-10-01 06:00:00,대전,GFS,2026-09-29 00:00:00,45,1,t2m,14.4,16.9,-2.5
2026-10-01 06:00:00,대전,GFS,2026-09-29 00:00:00,45,1,tcc,98.0,100.0,-2.0
2026-10-01 06:00:00,대전,GFS,2026-09-28 18:00:00,51,2,dswrf,0.0,,
2026-10-01 06:00:00,대전,GFS,2026-09-28 18:00:00,51,2,t2m,15.1,16.9,-1.8
2026-10-01 06:00:00,대전,GFS,2026-09-28 18:00:00,51,2,tcc,93.0,100.0,-7.0
2026-10-01 06:00:00,대전,GFS,2026-09-28 12:00:00,57,2,dswrf,0.0,,
2026-10-01 06:00:00,대전,GFS,2026-09-28 12:00:00,57,2,t2m,12.3,16.9,-4.6
2026-10-01 06:00:00,대전,GFS,2026-09-28 12:00:00,57,2,tcc,28.0,100.0,-72.0
2026-10-01 06:00:00,대전,GFS,2026-09-28 00:00:00,69,2,dswrf,0.0,,
2026-10-01 06:00:00,대전,GFS,2026-09-28 00:00:00,69,2,t2m,11.6,16.9,-5.3
2026-10-01 06:00:00,대전,GFS,2026-09-28 00:00:00,69,2,tcc,74.0,100.0,-26.0
2026-10-01 06:00:00,대전,GFS,2026-09-27 18:00:00,75,3,dswrf,0.0,,
2026-10-01 06:00:00,대전,GFS,2026-09-27 18:00:00,75,3,t2m,11.3,16.9,-5.6
2026-10-01 06:00:00,대전,GFS,2026-09-27 18:00:00,75,3,tcc,44.0,100.0,-56.0
2026-10-01 06:00:00,대전,GFS,2026-09-27 12:00:00,81,3,dswrf,0.0,,
2026-10-01 06:00:00,대전,GFS,2026-09-27 12:00:00,81,3,t2m,12.1,16.9,-4.8
2026-10-01 06:00:00,대전,GFS,2026-09-27 12:00:00,81,3,tcc,78.0,100.0,-22.0
2026-10-01 06:00:00,대전,GFS,2026-09-27 00:00:00,93,3,dswrf,0.0,,
2026-10-01 06:00:00,대전,GFS,2026-09-27 00:00:00,93,3,t2m,11.3,16.9,-5.6
2026-10-01 06:00:00,대전,GFS,2026-09-27 00:00:00,93,3,tcc,1.0,100.0,-99.0
2026-10-01 06:00:00,대전,GFS,2026-09-26 18:00:00,99,4,dswrf,0.0,,
2026-10-01 06:00:00,대전,GFS,2026-09-26 18:00:00,99,4,t2m,11.1,16.9,-5.8
2026-10-01 06:00:00,대전,GFS,2026-09-26 18:00:00,99,4,tcc,0.0,100.0,-100.0
2026-10-01 06:00:00,대전,GFS,2026-09-26 00:00:00,117,4,dswrf,0.0,,
2026-10-01 06:00:00,대전,GFS,2026-09-26 00:00:00,117,4,t2m,13.6,16.9,-3.3
2026-10-01 06:00:00,대전,GFS,2026-09-26 00:00:00,117,4,tcc,77.0,100.0,-23.0
2026-10-01 06:00:00,대전,KIM,2026-09-30 12:00:00,9,0,dswrf,0.0,,
2026-10-01 06:00:00,대전,KIM,2026-09-30 12:00:00,9,0,t2m,14.7,16.9,-2.2
2026-10-01 06:00:00,대전,KIM,2026-09-30 12:00:00,9,0,tcc,74.0,100.0,-26.0
2026-10-01 06:00:00,대전,KIM,2026-09-30 00:00:00,21,0,dswrf,0.0,,
2026-10-01 06:00:00,대전,KIM,2026-09-30 00:00:00,21,0,t2m,14.0,16.9,-2.9
2026-10-01 06:00:00,대전,KIM,2026-09-30 00:00:00,21,0,tcc,41.0,100.0,-59.0
2026-10-01 06:00:00,대전,KIM,2026-09-29 12:00:00,33,1,dswrf,0.0,,
2026-10-01 06:00:00,대전,KIM,2026-09-29 12:00:00,33,1,t2m,13.7,16.9,-3.2
2026-10-01 06:00:00,대전,KIM,2026-09-29 12:00:00,33,1,tcc,84.0,100.0,-16.0
2026-10-01 06:00:00,대전,KIM,2026-09-29 00:00:00,45,1,dswrf,0.0,,
2026-10-01 06:00:00,대전,KIM,2026-09-29 00:00:00,45,1,t2m,13.2,16.9,-3.7
2026-10-01 06:00:00,대전,KIM,2026-09-29 00:00:00,45,1,tcc,3.0,100.0,-97.0
2026-10-01 06:00:00,대전,KIM,2026-09-28 12:00:00,57,2,dswrf,0.0,,
2026-10-01 06:00:00,대전,KIM,2026-09-28 12:00:00,57,2,t2m,12.1,16.9,-4.8
2026-10-01 06:00:00,대전,KIM,2026-09-28 12:00:00,57,2,tcc,0.0,100.0,-100.0
2026-10-01 06:00:00,대전,KIM,2026-09-28 00:00:00,69,2,dswrf,0.0,,
2026-10-01 06:00:00,대전,KIM,2026-09-28 00:00:00,69,2,t2m,13.0,16.9,-3.9
2026-10-01 06:00:00,대전,KIM,2026-09-28 00:00:00,69,2,tcc,43.0,100.0,-57.0
2026-10-01 06:00:00,대전,KIM,2026-09-27 12:00:00,81,3,dswrf,0.0,,
2026-10-01 06:00:00,대전,KIM,2026-09-27 12:00:00,81,3,t2m,12.7,16.9,-4.2
2026-10-01 06:00:00,대전,KIM,2026-09-27 12:00:00,81,3,tcc,54.0,100.0,-46.0
2026-10-01 06:00:00,대전,KIM,2026-09-27 00:00:00,93,3,dswrf,-0.0,,
2026-10-01 06:00:00,대전,KIM,2026-09-27 00:00:00,93,3,t2m,12.7,16.9,-4.2
2026-10-01 06:00:00,대전,KIM,2026-09-27 00:00:00,93,3,tcc,5.0,100.0,-95.0
2026-10-01 06:00:00,대전,KIM,2026-09-26 12:00:00,105,4,dswrf,0.0,,
2026-10-01 06:00:00,대전,KIM,2026-09-26 12:00:00,105,4,t2m,11.1,16.9,-5.8
2026-10-01 06:00:00,대전,KIM,2026-09-26 12:00:00,105,4,tcc,80.0,100.0,-20.0
2026-10-01 06:00:00,대전,KIM,2026-09-26 00:00:00,117,4,dswrf,0.0,,
2026-10-01 06:00:00,대전,KIM,2026-09-26 00:00:00,117,4,t2m,10.0,16.9,-6.9
2026-10-01 06:00:00,대전,KIM,2026-09-26 00:00:00,117,4,tcc,1.0,100.0,-99.0
2026-10-01 06:00:00,부산,ECMWF,2026-09-30 12:00:00,9,0,dswrf,0.0,,
2026-10-01 06:00:00,부산,ECMWF,2026-09-30 12:00:00,9,0,t2m,21.3,20.4,0.9
2026-10-01 06:00:00,부산,ECMWF,2026-09-30 12:00:00,9,0,tcc,68.0,70.0,-2.0
2026-10-01 06:00:00,부산,ECMWF,2026-09-29 12:00:00,33,1,dswrf,0.0,,
2026-10-01 06:00:00,부산,ECMWF,2026-09-29 12:00:00,33,1,t2m,20.8,20.4,0.4
2026-10-01 06:00:00,부산,ECMWF,2026-09-29 12:00:00,33,1,tcc,97.0,70.0,27.0
2026-10-01 06:00:00,부산,ECMWF,2026-09-28 12:00:00,57,2,dswrf,0.0,,
2026-10-01 06:00:00,부산,ECMWF,2026-09-28 12:00:00,57,2,t2m,21.1,20.4,0.7
2026-10-01 06:00:00,부산,ECMWF,2026-09-28 12:00:00,57,2,tcc,53.0,70.0,-17.0
2026-10-01 06:00:00,부산,ECMWF,2026-09-28 00:00:00,69,2,dswrf,0.0,,
2026-10-01 06:00:00,부산,ECMWF,2026-09-28 00:00:00,69,2,t2m,20.8,20.4,0.4
2026-10-01 06:00:00,부산,ECMWF,2026-09-28 00:00:00,69,2,tcc,6.0,70.0,-64.0
2026-10-01 06:00:00,부산,ECMWF,2026-09-27 12:00:00,81,3,dswrf,0.0,,
2026-10-01 06:00:00,부산,ECMWF,2026-09-27 12:00:00,81,3,t2m,21.0,20.4,0.6
2026-10-01 06:00:00,부산,ECMWF,2026-09-27 12:00:00,81,3,tcc,34.0,70.0,-36.0
2026-10-01 06:00:00,부산,ECMWF,2026-09-26 12:00:00,105,4,dswrf,0.0,,
2026-10-01 06:00:00,부산,ECMWF,2026-09-26 12:00:00,105,4,t2m,20.8,20.4,0.4
2026-10-01 06:00:00,부산,ECMWF,2026-09-26 12:00:00,105,4,tcc,67.0,70.0,-3.0
2026-10-01 06:00:00,부산,ECMWF,2026-09-25 12:00:00,129,5,dswrf,0.0,,
2026-10-01 06:00:00,부산,ECMWF,2026-09-25 12:00:00,129,5,t2m,20.8,20.4,0.4
2026-10-01 06:00:00,부산,ECMWF,2026-09-25 12:00:00,129,5,tcc,53.0,70.0,-17.0
2026-10-01 06:00:00,부산,GFS,2026-09-30 18:00:00,3,0,dswrf,0.0,,
2026-10-01 06:00:00,부산,GFS,2026-09-30 18:00:00,3,0,t2m,21.6,20.4,1.2
2026-10-01 06:00:00,부산,GFS,2026-09-30 18:00:00,3,0,tcc,56.0,70.0,-14.0
2026-10-01 06:00:00,부산,GFS,2026-09-30 12:00:00,9,0,dswrf,0.0,,
2026-10-01 06:00:00,부산,GFS,2026-09-30 12:00:00,9,0,t2m,21.3,20.4,0.9
2026-10-01 06:00:00,부산,GFS,2026-09-30 12:00:00,9,0,tcc,76.0,70.0,6.0
2026-10-01 06:00:00,부산,GFS,2026-09-30 00:00:00,21,0,dswrf,0.0,,
2026-10-01 06:00:00,부산,GFS,2026-09-30 00:00:00,21,0,t2m,20.7,20.4,0.3
2026-10-01 06:00:00,부산,GFS,2026-09-30 00:00:00,21,0,tcc,31.0,70.0,-39.0
2026-10-01 06:00:00,부산,GFS,2026-09-29 18:00:00,27,1,dswrf,0.0,,
2026-10-01 06:00:00,부산,GFS,2026-09-29 18:00:00,27,1,t2m,20.9,20.4,0.5
2026-10-01 06:00:00,부산,GFS,2026-09-29 18:00:00,27,1,tcc,44.0,70.0,-26.0
2026-10-01 06:00:00,부산,GFS,2026-09-29 12:00:00,33,1,dswrf,0.0,,
2026-10-01 06:00:00,부산,GFS,2026-09-29 12:00:00,33,1,t2m,20.9,20.4,0.5
2026-10-01 06:00:00,부산,GFS,2026-09-29 12:00:00,33,1,tcc,52.0,70.0,-18.0
2026-10-01 06:00:00,부산,GFS,2026-09-29 00:00:00,45,1,dswrf,0.0,,
2026-10-01 06:00:00,부산,GFS,2026-09-29 00:00:00,45,1,t2m,21.3,20.4,0.9
2026-10-01 06:00:00,부산,GFS,2026-09-29 00:00:00,45,1,tcc,88.0,70.0,18.0
2026-10-01 06:00:00,부산,GFS,2026-09-28 18:00:00,51,2,dswrf,0.0,,
2026-10-01 06:00:00,부산,GFS,2026-09-28 18:00:00,51,2,t2m,21.5,20.4,1.1
2026-10-01 06:00:00,부산,GFS,2026-09-28 18:00:00,51,2,tcc,99.0,70.0,29.0
2026-10-01 06:00:00,부산,GFS,2026-09-28 12:00:00,57,2,dswrf,0.0,,
2026-10-01 06:00:00,부산,GFS,2026-09-28 12:00:00,57,2,t2m,21.0,20.4,0.6
2026-10-01 06:00:00,부산,GFS,2026-09-28 12:00:00,57,2,tcc,71.0,70.0,1.0
2026-10-01 06:00:00,부산,GFS,2026-09-28 00:00:00,69,2,dswrf,0.0,,
2026-10-01 06:00:00,부산,GFS,2026-09-28 00:00:00,69,2,t2m,20.9,20.4,0.5
2026-10-01 06:00:00,부산,GFS,2026-09-28 00:00:00,69,2,tcc,73.0,70.0,3.0
2026-10-01 06:00:00,부산,GFS,2026-09-27 18:00:00,75,3,dswrf,0.0,,
2026-10-01 06:00:00,부산,GFS,2026-09-27 18:00:00,75,3,t2m,20.5,20.4,0.1
2026-10-01 06:00:00,부산,GFS,2026-09-27 18:00:00,75,3,tcc,57.0,70.0,-13.0
2026-10-01 06:00:00,부산,GFS,2026-09-27 12:00:00,81,3,dswrf,0.0,,
2026-10-01 06:00:00,부산,GFS,2026-09-27 12:00:00,81,3,t2m,20.4,20.4,0.0
2026-10-01 06:00:00,부산,GFS,2026-09-27 12:00:00,81,3,tcc,8.0,70.0,-62.0
2026-10-01 06:00:00,부산,GFS,2026-09-27 00:00:00,93,3,dswrf,0.0,,
2026-10-01 06:00:00,부산,GFS,2026-09-27 00:00:00,93,3,t2m,20.6,20.4,0.2
2026-10-01 06:00:00,부산,GFS,2026-09-27 00:00:00,93,3,tcc,26.0,70.0,-44.0
2026-10-01 06:00:00,부산,GFS,2026-09-26 18:00:00,99,4,dswrf,0.0,,
2026-10-01 06:00:00,부산,GFS,2026-09-26 18:00:00,99,4,t2m,20.3,20.4,-0.1
2026-10-01 06:00:00,부산,GFS,2026-09-26 18:00:00,99,4,tcc,22.0,70.0,-48.0
2026-10-01 06:00:00,부산,GFS,2026-09-26 00:00:00,117,4,dswrf,0.0,,
2026-10-01 06:00:00,부산,GFS,2026-09-26 00:00:00,117,4,t2m,21.5,20.4,1.1
2026-10-01 06:00:00,부산,GFS,2026-09-26 00:00:00,117,4,tcc,100.0,70.0,30.0
2026-10-01 06:00:00,부산,KIM,2026-09-30 12:00:00,9,0,dswrf,0.0,,
2026-10-01 06:00:00,부산,KIM,2026-09-30 12:00:00,9,0,t2m,18.8,20.4,-1.6
2026-10-01 06:00:00,부산,KIM,2026-09-30 12:00:00,9,0,tcc,87.0,70.0,17.0
2026-10-01 06:00:00,부산,KIM,2026-09-30 00:00:00,21,0,dswrf,0.0,,
2026-10-01 06:00:00,부산,KIM,2026-09-30 00:00:00,21,0,t2m,18.6,20.4,-1.8
2026-10-01 06:00:00,부산,KIM,2026-09-30 00:00:00,21,0,tcc,11.0,70.0,-59.0
2026-10-01 06:00:00,부산,KIM,2026-09-29 12:00:00,33,1,dswrf,0.0,,
2026-10-01 06:00:00,부산,KIM,2026-09-29 12:00:00,33,1,t2m,18.3,20.4,-2.1
2026-10-01 06:00:00,부산,KIM,2026-09-29 12:00:00,33,1,tcc,27.0,70.0,-43.0
2026-10-01 06:00:00,부산,KIM,2026-09-29 00:00:00,45,1,dswrf,0.0,,
2026-10-01 06:00:00,부산,KIM,2026-09-29 00:00:00,45,1,t2m,18.3,20.4,-2.1
2026-10-01 06:00:00,부산,KIM,2026-09-29 00:00:00,45,1,tcc,57.0,70.0,-13.0
2026-10-01 06:00:00,부산,KIM,2026-09-28 12:00:00,57,2,dswrf,0.0,,
2026-10-01 06:00:00,부산,KIM,2026-09-28 12:00:00,57,2,t2m,17.7,20.4,-2.7
2026-10-01 06:00:00,부산,KIM,2026-09-28 12:00:00,57,2,tcc,1.0,70.0,-69.0
2026-10-01 06:00:00,부산,KIM,2026-09-28 00:00:00,69,2,dswrf,0.0,,
2026-10-01 06:00:00,부산,KIM,2026-09-28 00:00:00,69,2,t2m,18.4,20.4,-2.0
2026-10-01 06:00:00,부산,KIM,2026-09-28 00:00:00,69,2,tcc,14.0,70.0,-56.0
2026-10-01 06:00:00,부산,KIM,2026-09-27 12:00:00,81,3,dswrf,0.0,,
2026-10-01 06:00:00,부산,KIM,2026-09-27 12:00:00,81,3,t2m,17.5,20.4,-2.9
2026-10-01 06:00:00,부산,KIM,2026-09-27 12:00:00,81,3,tcc,0.0,70.0,-70.0
2026-10-01 06:00:00,부산,KIM,2026-09-27 00:00:00,93,3,dswrf,-0.0,,
2026-10-01 06:00:00,부산,KIM,2026-09-27 00:00:00,93,3,t2m,18.5,20.4,-1.9
2026-10-01 06:00:00,부산,KIM,2026-09-27 00:00:00,93,3,tcc,24.0,70.0,-46.0
2026-10-01 06:00:00,부산,KIM,2026-09-26 12:00:00,105,4,dswrf,0.0,,
2026-10-01 06:00:00,부산,KIM,2026-09-26 12:00:00,105,4,t2m,16.4,20.4,-4.0
2026-10-01 06:00:00,부산,KIM,2026-09-26 12:00:00,105,4,tcc,1.0,70.0,-69.0
2026-10-01 06:00:00,부산,KIM,2026-09-26 00:00:00,117,4,dswrf,0.0,,
2026-10-01 06:00:00,부산,KIM,2026-09-26 00:00:00,117,4,t2m,15.4,20.4,-5.0
2026-10-01 06:00:00,부산,KIM,2026-09-26 00:00:00,117,4,tcc,0.0,70.0,-70.0
2026-10-01 06:00:00,서울,ECMWF,2026-09-30 12:00:00,9,0,dswrf,0.0,,
2026-10-01 06:00:00,서울,ECMWF,2026-09-30 12:00:00,9,0,t2m,14.3,14.9,-0.6
2026-10-01 06:00:00,서울,ECMWF,2026-09-30 12:00:00,9,0,tcc,56.0,70.0,-14.0
2026-10-01 06:00:00,서울,ECMWF,2026-09-29 12:00:00,33,1,dswrf,0.0,,
2026-10-01 06:00:00,서울,ECMWF,2026-09-29 12:00:00,33,1,t2m,13.8,14.9,-1.1
2026-10-01 06:00:00,서울,ECMWF,2026-09-29 12:00:00,33,1,tcc,28.0,70.0,-42.0
2026-10-01 06:00:00,서울,ECMWF,2026-09-28 12:00:00,57,2,dswrf,0.0,,
2026-10-01 06:00:00,서울,ECMWF,2026-09-28 12:00:00,57,2,t2m,12.0,14.9,-2.9
2026-10-01 06:00:00,서울,ECMWF,2026-09-28 12:00:00,57,2,tcc,0.0,70.0,-70.0
2026-10-01 06:00:00,서울,ECMWF,2026-09-28 00:00:00,69,2,dswrf,0.0,,
2026-10-01 06:00:00,서울,ECMWF,2026-09-28 00:00:00,69,2,t2m,12.2,14.9,-2.7
2026-10-01 06:00:00,서울,ECMWF,2026-09-28 00:00:00,69,2,tcc,0.0,70.0,-70.0
2026-10-01 06:00:00,서울,ECMWF,2026-09-27 12:00:00,81,3,dswrf,0.0,,
2026-10-01 06:00:00,서울,ECMWF,2026-09-27 12:00:00,81,3,t2m,12.3,14.9,-2.6
2026-10-01 06:00:00,서울,ECMWF,2026-09-27 12:00:00,81,3,tcc,0.0,70.0,-70.0
2026-10-01 06:00:00,서울,ECMWF,2026-09-26 12:00:00,105,4,dswrf,0.0,,
2026-10-01 06:00:00,서울,ECMWF,2026-09-26 12:00:00,105,4,t2m,12.5,14.9,-2.4
2026-10-01 06:00:00,서울,ECMWF,2026-09-26 12:00:00,105,4,tcc,0.0,70.0,-70.0
2026-10-01 06:00:00,서울,ECMWF,2026-09-25 12:00:00,129,5,dswrf,0.0,,
2026-10-01 06:00:00,서울,ECMWF,2026-09-25 12:00:00,129,5,t2m,12.3,14.9,-2.6
2026-10-01 06:00:00,서울,ECMWF,2026-09-25 12:00:00,129,5,tcc,0.0,70.0,-70.0
2026-10-01 06:00:00,서울,GFS,2026-09-30 18:00:00,3,0,dswrf,0.0,,
2026-10-01 06:00:00,서울,GFS,2026-09-30 18:00:00,3,0,t2m,15.8,14.9,0.9
2026-10-01 06:00:00,서울,GFS,2026-09-30 18:00:00,3,0,tcc,100.0,70.0,30.0
2026-10-01 06:00:00,서울,GFS,2026-09-30 12:00:00,9,0,dswrf,0.0,,
2026-10-01 06:00:00,서울,GFS,2026-09-30 12:00:00,9,0,t2m,16.0,14.9,1.1
2026-10-01 06:00:00,서울,GFS,2026-09-30 12:00:00,9,0,tcc,99.0,70.0,29.0
2026-10-01 06:00:00,서울,GFS,2026-09-30 00:00:00,21,0,dswrf,0.0,,
2026-10-01 06:00:00,서울,GFS,2026-09-30 00:00:00,21,0,t2m,15.8,14.9,0.9
2026-10-01 06:00:00,서울,GFS,2026-09-30 00:00:00,21,0,tcc,68.0,70.0,-2.0
2026-10-01 06:00:00,서울,GFS,2026-09-29 18:00:00,27,1,dswrf,0.0,,
2026-10-01 06:00:00,서울,GFS,2026-09-29 18:00:00,27,1,t2m,15.3,14.9,0.4
2026-10-01 06:00:00,서울,GFS,2026-09-29 18:00:00,27,1,tcc,5.0,70.0,-65.0
2026-10-01 06:00:00,서울,GFS,2026-09-29 12:00:00,33,1,dswrf,0.0,,
2026-10-01 06:00:00,서울,GFS,2026-09-29 12:00:00,33,1,t2m,15.6,14.9,0.7
2026-10-01 06:00:00,서울,GFS,2026-09-29 12:00:00,33,1,tcc,21.0,70.0,-49.0
2026-10-01 06:00:00,서울,GFS,2026-09-29 00:00:00,45,1,dswrf,0.0,,
2026-10-01 06:00:00,서울,GFS,2026-09-29 00:00:00,45,1,t2m,15.5,14.9,0.6
2026-10-01 06:00:00,서울,GFS,2026-09-29 00:00:00,45,1,tcc,18.0,70.0,-52.0
2026-10-01 06:00:00,서울,GFS,2026-09-28 18:00:00,51,2,dswrf,0.0,,
2026-10-01 06:00:00,서울,GFS,2026-09-28 18:00:00,51,2,t2m,16.0,14.9,1.1
2026-10-01 06:00:00,서울,GFS,2026-09-28 18:00:00,51,2,tcc,55.0,70.0,-15.0
2026-10-01 06:00:00,서울,GFS,2026-09-28 12:00:00,57,2,dswrf,0.0,,
2026-10-01 06:00:00,서울,GFS,2026-09-28 12:00:00,57,2,t2m,15.2,14.9,0.3
2026-10-01 06:00:00,서울,GFS,2026-09-28 12:00:00,57,2,tcc,5.0,70.0,-65.0
2026-10-01 06:00:00,서울,GFS,2026-09-28 00:00:00,69,2,dswrf,0.0,,
2026-10-01 06:00:00,서울,GFS,2026-09-28 00:00:00,69,2,t2m,15.1,14.9,0.2
2026-10-01 06:00:00,서울,GFS,2026-09-28 00:00:00,69,2,tcc,43.0,70.0,-27.0
2026-10-01 06:00:00,서울,GFS,2026-09-27 18:00:00,75,3,dswrf,0.0,,
2026-10-01 06:00:00,서울,GFS,2026-09-27 18:00:00,75,3,t2m,14.7,14.9,-0.2
2026-10-01 06:00:00,서울,GFS,2026-09-27 18:00:00,75,3,tcc,13.0,70.0,-57.0
2026-10-01 06:00:00,서울,GFS,2026-09-27 12:00:00,81,3,dswrf,0.0,,
2026-10-01 06:00:00,서울,GFS,2026-09-27 12:00:00,81,3,t2m,14.9,14.9,0.0
2026-10-01 06:00:00,서울,GFS,2026-09-27 12:00:00,81,3,tcc,3.0,70.0,-67.0
2026-10-01 06:00:00,서울,GFS,2026-09-27 00:00:00,93,3,dswrf,0.0,,
2026-10-01 06:00:00,서울,GFS,2026-09-27 00:00:00,93,3,t2m,14.9,14.9,0.0
2026-10-01 06:00:00,서울,GFS,2026-09-27 00:00:00,93,3,tcc,0.0,70.0,-70.0
2026-10-01 06:00:00,서울,GFS,2026-09-26 18:00:00,99,4,dswrf,0.0,,
2026-10-01 06:00:00,서울,GFS,2026-09-26 18:00:00,99,4,t2m,14.8,14.9,-0.1
2026-10-01 06:00:00,서울,GFS,2026-09-26 18:00:00,99,4,tcc,0.0,70.0,-70.0
2026-10-01 06:00:00,서울,GFS,2026-09-26 00:00:00,117,4,dswrf,0.0,,
2026-10-01 06:00:00,서울,GFS,2026-09-26 00:00:00,117,4,t2m,15.3,14.9,0.4
2026-10-01 06:00:00,서울,GFS,2026-09-26 00:00:00,117,4,tcc,1.0,70.0,-69.0
2026-10-01 06:00:00,서울,KIM,2026-09-30 12:00:00,9,0,dswrf,0.0,,
2026-10-01 06:00:00,서울,KIM,2026-09-30 12:00:00,9,0,t2m,11.8,14.9,-3.1
2026-10-01 06:00:00,서울,KIM,2026-09-30 12:00:00,9,0,tcc,86.0,70.0,16.0
2026-10-01 06:00:00,서울,KIM,2026-09-30 00:00:00,21,0,dswrf,0.0,,
2026-10-01 06:00:00,서울,KIM,2026-09-30 00:00:00,21,0,t2m,10.8,14.9,-4.1
2026-10-01 06:00:00,서울,KIM,2026-09-30 00:00:00,21,0,tcc,0.0,70.0,-70.0
2026-10-01 06:00:00,서울,KIM,2026-09-29 12:00:00,33,1,dswrf,0.0,,
2026-10-01 06:00:00,서울,KIM,2026-09-29 12:00:00,33,1,t2m,11.2,14.9,-3.7
2026-10-01 06:00:00,서울,KIM,2026-09-29 12:00:00,33,1,tcc,2.0,70.0,-68.0
2026-10-01 06:00:00,서울,KIM,2026-09-29 00:00:00,45,1,dswrf,0.0,,
2026-10-01 06:00:00,서울,KIM,2026-09-29 00:00:00,45,1,t2m,10.4,14.9,-4.5
2026-10-01 06:00:00,서울,KIM,2026-09-29 00:00:00,45,1,tcc,43.0,70.0,-27.0
2026-10-01 06:00:00,서울,KIM,2026-09-28 12:00:00,57,2,dswrf,0.0,,
2026-10-01 06:00:00,서울,KIM,2026-09-28 12:00:00,57,2,t2m,9.3,14.9,-5.6
2026-10-01 06:00:00,서울,KIM,2026-09-28 12:00:00,57,2,tcc,0.0,70.0,-70.0
2026-10-01 06:00:00,서울,KIM,2026-09-28 00:00:00,69,2,dswrf,0.0,,
2026-10-01 06:00:00,서울,KIM,2026-09-28 00:00:00,69,2,t2m,10.9,14.9,-4.0
2026-10-01 06:00:00,서울,KIM,2026-09-28 00:00:00,69,2,tcc,8.0,70.0,-62.0
2026-10-01 06:00:00,서울,KIM,2026-09-27 12:00:00,81,3,dswrf,0.0,,
2026-10-01 06:00:00,서울,KIM,2026-09-27 12:00:00,81,3,t2m,9.3,14.9,-5.6
2026-10-01 06:00:00,서울,KIM,2026-09-27 12:00:00,81,3,tcc,0.0,70.0,-70.0
2026-10-01 06:00:00,서울,KIM,2026-09-27 00:00:00,93,3,dswrf,-0.0,,
2026-10-01 06:00:00,서울,KIM,2026-09-27 00:00:00,93,3,t2m,9.4,14.9,-5.5
2026-10-01 06:00:00,서울,KIM,2026-09-27 00:00:00,93,3,tcc,0.0,70.0,-70.0
2026-10-01 06:00:00,서울,KIM,2026-09-26 12:00:00,105,4,dswrf,0.0,,
2026-10-01 06:00:00,서울,KIM,2026-09-26 12:00:00,105,4,t2m,8.6,14.9,-6.3
2026-10-01 06:00:00,서울,KIM,2026-09-26 12:00:00,105,4,tcc,10.0,70.0,-60.0
2026-10-01 06:00:00,서울,KIM,2026-09-26 00:00:00,117,4,dswrf,0.0,,
2026-10-01 06:00:00,서울,KIM,2026-09-26 00:00:00,117,4,t2m,8.0,14.9,-6.9
2026-10-01 06:00:00,서울,KIM,2026-09-26 00:00:00,117,4,tcc,0.0,70.0,-70.0
2026-10-01 06:00:00,수원,ECMWF,2026-09-30 12:00:00,9,0,dswrf,0.0,,
2026-10-01 06:00:00,수원,ECMWF,2026-09-30 12:00:00,9,0,t2m,14.4,15.6,-1.2
2026-10-01 06:00:00,수원,ECMWF,2026-09-30 12:00:00,9,0,tcc,74.0,70.0,4.0
2026-10-01 06:00:00,수원,ECMWF,2026-09-29 12:00:00,33,1,dswrf,0.0,,
2026-10-01 06:00:00,수원,ECMWF,2026-09-29 12:00:00,33,1,t2m,13.8,15.6,-1.8
2026-10-01 06:00:00,수원,ECMWF,2026-09-29 12:00:00,33,1,tcc,57.0,70.0,-13.0
2026-10-01 06:00:00,수원,ECMWF,2026-09-28 12:00:00,57,2,dswrf,0.0,,
2026-10-01 06:00:00,수원,ECMWF,2026-09-28 12:00:00,57,2,t2m,11.1,15.6,-4.5
2026-10-01 06:00:00,수원,ECMWF,2026-09-28 12:00:00,57,2,tcc,0.0,70.0,-70.0
2026-10-01 06:00:00,수원,ECMWF,2026-09-28 00:00:00,69,2,dswrf,0.0,,
2026-10-01 06:00:00,수원,ECMWF,2026-09-28 00:00:00,69,2,t2m,11.4,15.6,-4.2
2026-10-01 06:00:00,수원,ECMWF,2026-09-28 00:00:00,69,2,tcc,0.0,70.0,-70.0
2026-10-01 06:00:00,수원,ECMWF,2026-09-27 12:00:00,81,3,dswrf,0.0,,
2026-10-01 06:00:00,수원,ECMWF,2026-09-27 12:00:00,81,3,t2m,11.6,15.6,-4.0
2026-10-01 06:00:00,수원,ECMWF,2026-09-27 12:00:00,81,3,tcc,0.0,70.0,-70.0
2026-10-01 06:00:00,수원,ECMWF,2026-09-26 12:00:00,105,4,dswrf,0.0,,
2026-10-01 06:00:00,수원,ECMWF,2026-09-26 12:00:00,105,4,t2m,11.4,15.6,-4.2
2026-10-01 06:00:00,수원,ECMWF,2026-09-26 12:00:00,105,4,tcc,1.0,70.0,-69.0
2026-10-01 06:00:00,수원,ECMWF,2026-09-25 12:00:00,129,5,dswrf,0.0,,
2026-10-01 06:00:00,수원,ECMWF,2026-09-25 12:00:00,129,5,t2m,11.7,15.6,-3.9
2026-10-01 06:00:00,수원,ECMWF,2026-09-25 12:00:00,129,5,tcc,0.0,70.0,-70.0
2026-10-01 06:00:00,수원,GFS,2026-09-30 18:00:00,3,0,dswrf,0.0,,
2026-10-01 06:00:00,수원,GFS,2026-09-30 18:00:00,3,0,t2m,16.0,15.6,0.4
2026-10-01 06:00:00,수원,GFS,2026-09-30 18:00:00,3,0,tcc,97.0,70.0,27.0
2026-10-01 06:00:00,수원,GFS,2026-09-30 12:00:00,9,0,dswrf,0.0,,
2026-10-01 06:00:00,수원,GFS,2026-09-30 12:00:00,9,0,t2m,16.2,15.6,0.6
2026-10-01 06:00:00,수원,GFS,2026-09-30 12:00:00,9,0,tcc,87.0,70.0,17.0
2026-10-01 06:00:00,수원,GFS,2026-09-30 00:00:00,21,0,dswrf,0.0,,
2026-10-01 06:00:00,수원,GFS,2026-09-30 00:00:00,21,0,t2m,15.7,15.6,0.1
2026-10-01 06:00:00,수원,GFS,2026-09-30 00:00:00,21,0,tcc,74.0,70.0,4.0
2026-10-01 06:00:00,수원,GFS,2026-09-29 18:00:00,27,1,dswrf,0.0,,
2026-10-01 06:00:00,수원,GFS,2026-09-29 18:00:00,27,1,t2m,15.4,15.6,-0.2
2026-10-01 06:00:00,수원,GFS,2026-09-29 18:00:00,27,1,tcc,7.0,70.0,-63.0
2026-10-01 06:00:00,수원,GFS,2026-09-29 12:00:00,33,1,dswrf,0.0,,
2026-10-01 06:00:00,수원,GFS,2026-09-29 12:00:00,33,1,t2m,16.1,15.6,0.5
2026-10-01 06:00:00,수원,GFS,2026-09-29 12:00:00,33,1,tcc,24.0,70.0,-46.0
2026-10-01 06:00:00,수원,GFS,2026-09-29 00:00:00,45,1,dswrf,0.0,,
2026-10-01 06:00:00,수원,GFS,2026-09-29 00:00:00,45,1,t2m,15.6,15.6,0.0
2026-10-01 06:00:00,수원,GFS,2026-09-29 00:00:00,45,1,tcc,30.0,70.0,-40.0
2026-10-01 06:00:00,수원,GFS,2026-09-28 18:00:00,51,2,dswrf,0.0,,
2026-10-01 06:00:00,수원,GFS,2026-09-28 18:00:00,51,2,t2m,16.0,15.6,0.4
2026-10-01 06:00:00,수원,GFS,2026-09-28 18:00:00,51,2,tcc,55.0,70.0,-15.0
2026-10-01 06:00:00,수원,GFS,2026-09-28 12:00:00,57,2,dswrf,0.0,,
2026-10-01 06:00:00,수원,GFS,2026-09-28 12:00:00,57,2,t2m,15.2,15.6,-0.4
2026-10-01 06:00:00,수원,GFS,2026-09-28 12:00:00,57,2,tcc,5.0,70.0,-65.0
2026-10-01 06:00:00,수원,GFS,2026-09-28 00:00:00,69,2,dswrf,0.0,,
2026-10-01 06:00:00,수원,GFS,2026-09-28 00:00:00,69,2,t2m,15.2,15.6,-0.4
2026-10-01 06:00:00,수원,GFS,2026-09-28 00:00:00,69,2,tcc,35.0,70.0,-35.0
2026-10-01 06:00:00,수원,GFS,2026-09-27 18:00:00,75,3,dswrf,0.0,,
2026-10-01 06:00:00,수원,GFS,2026-09-27 18:00:00,75,3,t2m,14.7,15.6,-0.9
2026-10-01 06:00:00,수원,GFS,2026-09-27 18:00:00,75,3,tcc,29.0,70.0,-41.0
2026-10-01 06:00:00,수원,GFS,2026-09-27 12:00:00,81,3,dswrf,0.0,,
2026-10-01 06:00:00,수원,GFS,2026-09-27 12:00:00,81,3,t2m,15.1,15.6,-0.5
2026-10-01 06:00:00,수원,GFS,2026-09-27 12:00:00,81,3,tcc,4.0,70.0,-66.0
2026-10-01 06:00:00,수원,GFS,2026-09-27 00:00:00,93,3,dswrf,0.0,,
2026-10-01 06:00:00,수원,GFS,2026-09-27 00:00:00,93,3,t2m,14.9,15.6,-0.7
2026-10-01 06:00:00,수원,GFS,2026-09-27 00:00:00,93,3,tcc,0.0,70.0,-70.0
2026-10-01 06:00:00,수원,GFS,2026-09-26 18:00:00,99,4,dswrf,0.0,,
2026-10-01 06:00:00,수원,GFS,2026-09-26 18:00:00,99,4,t2m,14.8,15.6,-0.8
2026-10-01 06:00:00,수원,GFS,2026-09-26 18:00:00,99,4,tcc,1.0,70.0,-69.0
2026-10-01 06:00:00,수원,GFS,2026-09-26 00:00:00,117,4,dswrf,0.0,,
2026-10-01 06:00:00,수원,GFS,2026-09-26 00:00:00,117,4,t2m,15.4,15.6,-0.2
2026-10-01 06:00:00,수원,GFS,2026-09-26 00:00:00,117,4,tcc,4.0,70.0,-66.0
2026-10-01 06:00:00,수원,KIM,2026-09-30 12:00:00,9,0,dswrf,0.0,,
2026-10-01 06:00:00,수원,KIM,2026-09-30 12:00:00,9,0,t2m,12.4,15.6,-3.2
2026-10-01 06:00:00,수원,KIM,2026-09-30 12:00:00,9,0,tcc,85.0,70.0,15.0
2026-10-01 06:00:00,수원,KIM,2026-09-30 00:00:00,21,0,dswrf,0.0,,
2026-10-01 06:00:00,수원,KIM,2026-09-30 00:00:00,21,0,t2m,11.7,15.6,-3.9
2026-10-01 06:00:00,수원,KIM,2026-09-30 00:00:00,21,0,tcc,2.0,70.0,-68.0
2026-10-01 06:00:00,수원,KIM,2026-09-29 12:00:00,33,1,dswrf,0.0,,
2026-10-01 06:00:00,수원,KIM,2026-09-29 12:00:00,33,1,t2m,12.0,15.6,-3.6
2026-10-01 06:00:00,수원,KIM,2026-09-29 12:00:00,33,1,tcc,25.0,70.0,-45.0
2026-10-01 06:00:00,수원,KIM,2026-09-29 00:00:00,45,1,dswrf,0.0,,
2026-10-01 06:00:00,수원,KIM,2026-09-29 00:00:00,45,1,t2m,10.9,15.6,-4.7
2026-10-01 06:00:00,수원,KIM,2026-09-29 00:00:00,45,1,tcc,72.0,70.0,2.0
2026-10-01 06:00:00,수원,KIM,2026-09-28 12:00:00,57,2,dswrf,0.0,,
2026-10-01 06:00:00,수원,KIM,2026-09-28 12:00:00,57,2,t2m,9.9,15.6,-5.7
2026-10-01 06:00:00,수원,KIM,2026-09-28 12:00:00,57,2,tcc,0.0,70.0,-70.0
2026-10-01 06:00:00,수원,KIM,2026-09-28 00:00:00,69,2,dswrf,0.0,,
2026-10-01 06:00:00,수원,KIM,2026-09-28 00:00:00,69,2,t2m,11.1,15.6,-4.5
2026-10-01 06:00:00,수원,KIM,2026-09-28 00:00:00,69,2,tcc,35.0,70.0,-35.0
2026-10-01 06:00:00,수원,KIM,2026-09-27 12:00:00,81,3,dswrf,0.0,,
2026-10-01 06:00:00,수원,KIM,2026-09-27 12:00:00,81,3,t2m,9.8,15.6,-5.8
2026-10-01 06:00:00,수원,KIM,2026-09-27 12:00:00,81,3,tcc,10.0,70.0,-60.0
2026-10-01 06:00:00,수원,KIM,2026-09-27 00:00:00,93,3,dswrf,-0.0,,
2026-10-01 06:00:00,수원,KIM,2026-09-27 00:00:00,93,3,t2m,9.8,15.6,-5.8
2026-10-01 06:00:00,수원,KIM,2026-09-27 00:00:00,93,3,tcc,0.0,70.0,-70.0
2026-10-01 06:00:00,수원,KIM,2026-09-26 12:00:00,105,4,dswrf,0.0,,
2026-10-01 06:00:00,수원,KIM,2026-09-26 12:00:00,105,4,t2m,9.6,15.6,-6.0
2026-10-01 06:00:00,수원,KIM,2026-09-26 12:00:00,105,4,tcc,22.0,70.0,-48.0
2026-10-01 06:00:00,수원,KIM,2026-09-26 00:00:00,117,4,dswrf,0.0,,
2026-10-01 06:00:00,수원,KIM,2026-09-26 00:00:00,117,4,t2m,8.6,15.6,-7.0
2026-10-01 06:00:00,수원,KIM,2026-09-26 00:00:00,117,4,tcc,3.0,70.0,-67.0
2026-10-01 06:00:00,인천,ECMWF,2026-09-30 12:00:00,9,0,dswrf,0.0,,
2026-10-01 06:00:00,인천,ECMWF,2026-09-30 12:00:00,9,0,t2m,14.1,14.9,-0.8
2026-10-01 06:00:00,인천,ECMWF,2026-09-30 12:00:00,9,0,tcc,42.0,30.0,12.0
2026-10-01 06:00:00,인천,ECMWF,2026-09-29 12:00:00,33,1,dswrf,0.0,,
2026-10-01 06:00:00,인천,ECMWF,2026-09-29 12:00:00,33,1,t2m,13.1,14.9,-1.8
2026-10-01 06:00:00,인천,ECMWF,2026-09-29 12:00:00,33,1,tcc,23.0,30.0,-7.0
2026-10-01 06:00:00,인천,ECMWF,2026-09-28 12:00:00,57,2,dswrf,0.0,,
2026-10-01 06:00:00,인천,ECMWF,2026-09-28 12:00:00,57,2,t2m,11.4,14.9,-3.5
2026-10-01 06:00:00,인천,ECMWF,2026-09-28 12:00:00,57,2,tcc,0.0,30.0,-30.0
2026-10-01 06:00:00,인천,ECMWF,2026-09-28 00:00:00,69,2,dswrf,0.0,,
2026-10-01 06:00:00,인천,ECMWF,2026-09-28 00:00:00,69,2,t2m,11.4,14.9,-3.5
2026-10-01 06:00:00,인천,ECMWF,2026-09-28 00:00:00,69,2,tcc,0.0,30.0,-30.0
2026-10-01 06:00:00,인천,ECMWF,2026-09-27 12:00:00,81,3,dswrf,0.0,,
2026-10-01 06:00:00,인천,ECMWF,2026-09-27 12:00:00,81,3,t2m,11.5,14.9,-3.4
2026-10-01 06:00:00,인천,ECMWF,2026-09-27 12:00:00,81,3,tcc,0.0,30.0,-30.0
2026-10-01 06:00:00,인천,ECMWF,2026-09-26 12:00:00,105,4,dswrf,0.0,,
2026-10-01 06:00:00,인천,ECMWF,2026-09-26 12:00:00,105,4,t2m,11.9,14.9,-3.0
2026-10-01 06:00:00,인천,ECMWF,2026-09-26 12:00:00,105,4,tcc,1.0,30.0,-29.0
2026-10-01 06:00:00,인천,ECMWF,2026-09-25 12:00:00,129,5,dswrf,0.0,,
2026-10-01 06:00:00,인천,ECMWF,2026-09-25 12:00:00,129,5,t2m,11.7,14.9,-3.2
2026-10-01 06:00:00,인천,ECMWF,2026-09-25 12:00:00,129,5,tcc,0.0,30.0,-30.0
2026-10-01 06:00:00,인천,GFS,2026-09-30 18:00:00,3,0,dswrf,0.0,,
2026-10-01 06:00:00,인천,GFS,2026-09-30 18:00:00,3,0,t2m,15.9,14.9,1.0
2026-10-01 06:00:00,인천,GFS,2026-09-30 18:00:00,3,0,tcc,98.0,30.0,68.0
2026-10-01 06:00:00,인천,GFS,2026-09-30 12:00:00,9,0,dswrf,0.0,,
2026-10-01 06:00:00,인천,GFS,2026-09-30 12:00:00,9,0,t2m,16.2,14.9,1.3
2026-10-01 06:00:00,인천,GFS,2026-09-30 12:00:00,9,0,tcc,98.0,30.0,68.0
2026-10-01 06:00:00,인천,GFS,2026-09-30 00:00:00,21,0,dswrf,0.0,,
2026-10-01 06:00:00,인천,GFS,2026-09-30 00:00:00,21,0,t2m,16.2,14.9,1.3
2026-10-01 06:00:00,인천,GFS,2026-09-30 00:00:00,21,0,tcc,46.0,30.0,16.0
2026-10-01 06:00:00,인천,GFS,2026-09-29 18:00:00,27,1,dswrf,0.0,,
2026-10-01 06:00:00,인천,GFS,2026-09-29 18:00:00,27,1,t2m,15.8,14.9,0.9
2026-10-01 06:00:00,인천,GFS,2026-09-29 18:00:00,27,1,tcc,5.0,30.0,-25.0
2026-10-01 06:00:00,인천,GFS,2026-09-29 12:00:00,33,1,dswrf,0.0,,
2026-10-01 06:00:00,인천,GFS,2026-09-29 12:00:00,33,1,t2m,16.0,14.9,1.1
2026-10-01 06:00:00,인천,GFS,2026-09-29 12:00:00,33,1,tcc,5.0,30.0,-25.0
2026-10-01 06:00:00,인천,GFS,2026-09-29 00:00:00,45,1,dswrf,0.0,,
2026-10-01 06:00:00,인천,GFS,2026-09-29 00:00:00,45,1,t2m,15.8,14.9,0.9
2026-10-01 06:00:00,인천,GFS,2026-09-29 00:00:00,45,1,tcc,5.0,30.0,-25.0
2026-10-01 06:00:00,인천,GFS,2026-09-28 18:00:00,51,2,dswrf,0.0,,
2026-10-01 06:00:00,인천,GFS,2026-09-28 18:00:00,51,2,t2m,16.4,14.9,1.5
2026-10-01 06:00:00,인천,GFS,2026-09-28 18:00:00,51,2,tcc,64.0,30.0,34.0
2026-10-01 06:00:00,인천,GFS,2026-09-28 12:00:00,57,2,dswrf,0.0,,
2026-10-01 06:00:00,인천,GFS,2026-09-28 12:00:00,57,2,t2m,15.6,14.9,0.7
2026-10-01 06:00:00,인천,GFS,2026-09-28 12:00:00,57,2,tcc,11.0,30.0,-19.0
2026-10-01 06:00:00,인천,GFS,2026-09-28 00:00:00,69,2,dswrf,0.0,,
2026-10-01 06:00:00,인천,GFS,2026-09-28 00:00:00,69,2,t2m,15.7,14.9,0.8
2026-10-01 06:00:00,인천,GFS,2026-09-28 00:00:00,69,2,tcc,28.0,30.0,-2.0
2026-10-01 06:00:00,인천,GFS,2026-09-27 18:00:00,75,3,dswrf,0.0,,
2026-10-01 06:00:00,인천,GFS,2026-09-27 18:00:00,75,3,t2m,15.2,14.9,0.3
2026-10-01 06:00:00,인천,GFS,2026-09-27 18:00:00,75,3,tcc,0.0,30.0,-30.0
2026-10-01 06:00:00,인천,GFS,2026-09-27 12:00:00,81,3,dswrf,0.0,,
2026-10-01 06:00:00,인천,GFS,2026-09-27 12:00:00,81,3,t2m,15.5,14.9,0.6
2026-10-01 06:00:00,인천,GFS,2026-09-27 12:00:00,81,3,tcc,1.0,30.0,-29.0
2026-10-01 06:00:00,인천,GFS,2026-09-27 00:00:00,93,3,dswrf,0.0,,
2026-10-01 06:00:00,인천,GFS,2026-09-27 00:00:00,93,3,t2m,15.5,14.9,0.6
2026-10-01 06:00:00,인천,GFS,2026-09-27 00:00:00,93,3,tcc,0.0,30.0,-30.0
2026-10-01 06:00:00,인천,GFS,2026-09-26 18:00:00,99,4,dswrf,0.0,,
2026-10-01 06:00:00,인천,GFS,2026-09-26 18:00:00,99,4,t2m,15.3,14.9,0.4
2026-10-01 06:00:00,인천,GFS,2026-09-26 18:00:00,99,4,tcc,0.0,30.0,-30.0
2026-10-01 06:00:00,인천,GFS,2026-09-26 00:00:00,117,4,dswrf,0.0,,
2026-10-01 06:00:00,인천,GFS,2026-09-26 00:00:00,117,4,t2m,15.6,14.9,0.7
2026-10-01 06:00:00,인천,GFS,2026-09-26 00:00:00,117,4,tcc,0.0,30.0,-30.0
2026-10-01 06:00:00,인천,KIM,2026-09-30 12:00:00,9,0,dswrf,0.0,,
2026-10-01 06:00:00,인천,KIM,2026-09-30 12:00:00,9,0,t2m,11.8,14.9,-3.1
2026-10-01 06:00:00,인천,KIM,2026-09-30 12:00:00,9,0,tcc,85.0,30.0,55.0
2026-10-01 06:00:00,인천,KIM,2026-09-30 00:00:00,21,0,dswrf,0.0,,
2026-10-01 06:00:00,인천,KIM,2026-09-30 00:00:00,21,0,t2m,10.6,14.9,-4.3
2026-10-01 06:00:00,인천,KIM,2026-09-30 00:00:00,21,0,tcc,0.0,30.0,-30.0
2026-10-01 06:00:00,인천,KIM,2026-09-29 12:00:00,33,1,dswrf,0.0,,
2026-10-01 06:00:00,인천,KIM,2026-09-29 12:00:00,33,1,t2m,10.9,14.9,-4.0
2026-10-01 06:00:00,인천,KIM,2026-09-29 12:00:00,33,1,tcc,6.0,30.0,-24.0
2026-10-01 06:00:00,인천,KIM,2026-09-29 00:00:00,45,1,dswrf,0.0,,
2026-10-01 06:00:00,인천,KIM,2026-09-29 00:00:00,45,1,t2m,10.0,14.9,-4.9
2026-10-01 06:00:00,인천,KIM,2026-09-29 00:00:00,45,1,tcc,56.0,30.0,26.0
2026-10-01 06:00:00,인천,KIM,2026-09-28 12:00:00,57,2,dswrf,0.0,,
2026-10-01 06:00:00,인천,KIM,2026-09-28 12:00:00,57,2,t2m,9.0,14.9,-5.9
2026-10-01 06:00:00,인천,KIM,2026-09-28 12:00:00,57,2,tcc,0.0,30.0,-30.0
2026-10-01 06:00:00,인천,KIM,2026-09-28 00:00:00,69,2,dswrf,0.0,,
2026-10-01 06:00:00,인천,KIM,2026-09-28 00:00:00,69,2,t2m,10.5,14.9,-4.4
2026-10-01 06:00:00,인천,KIM,2026-09-28 00:00:00,69,2,tcc,6.0,30.0,-24.0
2026-10-01 06:00:00,인천,KIM,2026-09-27 12:00:00,81,3,dswrf,0.0,,
2026-10-01 06:00:00,인천,KIM,2026-09-27 12:00:00,81,3,t2m,9.6,14.9,-5.3
2026-10-01 06:00:00,인천,KIM,2026-09-27 12:00:00,81,3,tcc,0.0,30.0,-30.0
2026-10-01 06:00:00,인천,KIM,2026-09-27 00:00:00,93,3,dswrf,-0.0,,
2026-10-01 06:00:00,인천,KIM,2026-09-27 00:00:00,93,3,t2m,9.5,14.9,-5.4
2026-10-01 06:00:00,인천,KIM,2026-09-27 00:00:00,93,3,tcc,0.0,30.0,-30.0
2026-10-01 06:00:00,인천,KIM,2026-09-26 12:00:00,105,4,dswrf,0.0,,
2026-10-01 06:00:00,인천,KIM,2026-09-26 12:00:00,105,4,t2m,9.1,14.9,-5.8
2026-10-01 06:00:00,인천,KIM,2026-09-26 12:00:00,105,4,tcc,20.0,30.0,-10.0
2026-10-01 06:00:00,인천,KIM,2026-09-26 00:00:00,117,4,dswrf,0.0,,
2026-10-01 06:00:00,인천,KIM,2026-09-26 00:00:00,117,4,t2m,8.4,14.9,-6.5
2026-10-01 06:00:00,인천,KIM,2026-09-26 00:00:00,117,4,tcc,1.0,30.0,-29.0
2026-10-01 06:00:00,전주,ECMWF,2026-09-30 12:00:00,9,0,dswrf,0.0,,
2026-10-01 06:00:00,전주,ECMWF,2026-09-30 12:00:00,9,0,t2m,17.3,17.4,-0.1
2026-10-01 06:00:00,전주,ECMWF,2026-09-30 12:00:00,9,0,tcc,100.0,100.0,0.0
2026-10-01 06:00:00,전주,ECMWF,2026-09-29 12:00:00,33,1,dswrf,0.0,,
2026-10-01 06:00:00,전주,ECMWF,2026-09-29 12:00:00,33,1,t2m,15.8,17.4,-1.6
2026-10-01 06:00:00,전주,ECMWF,2026-09-29 12:00:00,33,1,tcc,97.0,100.0,-3.0
2026-10-01 06:00:00,전주,ECMWF,2026-09-28 12:00:00,57,2,dswrf,0.0,,
2026-10-01 06:00:00,전주,ECMWF,2026-09-28 12:00:00,57,2,t2m,15.0,17.4,-2.4
2026-10-01 06:00:00,전주,ECMWF,2026-09-28 12:00:00,57,2,tcc,1.0,100.0,-99.0
2026-10-01 06:00:00,전주,ECMWF,2026-09-28 00:00:00,69,2,dswrf,0.0,,
2026-10-01 06:00:00,전주,ECMWF,2026-09-28 00:00:00,69,2,t2m,15.6,17.4,-1.8
2026-10-01 06:00:00,전주,ECMWF,2026-09-28 00:00:00,69,2,tcc,1.0,100.0,-99.0
2026-10-01 06:00:00,전주,ECMWF,2026-09-27 12:00:00,81,3,dswrf,0.0,,
2026-10-01 06:00:00,전주,ECMWF,2026-09-27 12:00:00,81,3,t2m,15.1,17.4,-2.3
2026-10-01 06:00:00,전주,ECMWF,2026-09-27 12:00:00,81,3,tcc,1.0,100.0,-99.0
2026-10-01 06:00:00,전주,ECMWF,2026-09-26 12:00:00,105,4,dswrf,0.0,,
2026-10-01 06:00:00,전주,ECMWF,2026-09-26 12:00:00,105,4,t2m,15.4,17.4,-2.0
2026-10-01 06:00:00,전주,ECMWF,2026-09-26 12:00:00,105,4,tcc,17.0,100.0,-83.0
2026-10-01 06:00:00,전주,ECMWF,2026-09-25 12:00:00,129,5,dswrf,0.0,,
2026-10-01 06:00:00,전주,ECMWF,2026-09-25 12:00:00,129,5,t2m,15.5,17.4,-1.9
2026-10-01 06:00:00,전주,ECMWF,2026-09-25 12:00:00,129,5,tcc,7.0,100.0,-93.0
2026-10-01 06:00:00,전주,GFS,2026-09-30 18:00:00,3,0,dswrf,0.0,,
2026-10-01 06:00:00,전주,GFS,2026-09-30 18:00:00,3,0,t2m,16.7,17.4,-0.7
2026-10-01 06:00:00,전주,GFS,2026-09-30 18:00:00,3,0,tcc,95.0,100.0,-5.0
2026-10-01 06:00:00,전주,GFS,2026-09-30 12:00:00,9,0,dswrf,0.0,,
2026-10-01 06:00:00,전주,GFS,2026-09-30 12:00:00,9,0,t2m,16.2,17.4,-1.2
2026-10-01 06:00:00,전주,GFS,2026-09-30 12:00:00,9,0,tcc,91.0,100.0,-9.0
2026-10-01 06:00:00,전주,GFS,2026-09-30 00:00:00,21,0,dswrf,0.0,,
2026-10-01 06:00:00,전주,GFS,2026-09-30 00:00:00,21,0,t2m,15.2,17.4,-2.2
2026-10-01 06:00:00,전주,GFS,2026-09-30 00:00:00,21,0,tcc,98.0,100.0,-2.0
2026-10-01 06:00:00,전주,GFS,2026-09-29 18:00:00,27,1,dswrf,0.0,,
2026-10-01 06:00:00,전주,GFS,2026-09-29 18:00:00,27,1,t2m,14.9,17.4,-2.5
2026-10-01 06:00:00,전주,GFS,2026-09-29 18:00:00,27,1,tcc,44.0,100.0,-56.0
2026-10-01 06:00:00,전주,GFS,2026-09-29 12:00:00,33,1,dswrf,0.0,,
2026-10-01 06:00:00,전주,GFS,2026-09-29 12:00:00,33,1,t2m,14.6,17.4,-2.8
2026-10-01 06:00:00,전주,GFS,2026-09-29 12:00:00,33,1,tcc,88.0,100.0,-12.0
2026-10-01 06:00:00,전주,GFS,2026-09-29 00:00:00,45,1,dswrf,0.0,,
2026-10-01 06:00:00,전주,GFS,2026-09-29 00:00:00,45,1,t2m,16.0,17.4,-1.4
2026-10-01 06:00:00,전주,GFS,2026-09-29 00:00:00,45,1,tcc,100.0,100.0,0.0
2026-10-01 06:00:00,전주,GFS,2026-09-28 18:00:00,51,2,dswrf,0.0,,
2026-10-01 06:00:00,전주,GFS,2026-09-28 18:00:00,51,2,t2m,16.1,17.4,-1.3
2026-10-01 06:00:00,전주,GFS,2026-09-28 18:00:00,51,2,tcc,96.0,100.0,-4.0
2026-10-01 06:00:00,전주,GFS,2026-09-28 12:00:00,57,2,dswrf,0.0,,
2026-10-01 06:00:00,전주,GFS,2026-09-28 12:00:00,57,2,t2m,14.9,17.4,-2.5
2026-10-01 06:00:00,전주,GFS,2026-09-28 12:00:00,57,2,tcc,39.0,100.0,-61.0
2026-10-01 06:00:00,전주,GFS,2026-09-28 00:00:00,69,2,dswrf,0.0,,
2026-10-01 06:00:00,전주,GFS,2026-09-28 00:00:00,69,2,t2m,13.3,17.4,-4.1
2026-10-01 06:00:00,전주,GFS,2026-09-28 00:00:00,69,2,tcc,94.0,100.0,-6.0
2026-10-01 06:00:00,전주,GFS,2026-09-27 18:00:00,75,3,dswrf,0.0,,
2026-10-01 06:00:00,전주,GFS,2026-09-27 18:00:00,75,3,t2m,12.5,17.4,-4.9
2026-10-01 06:00:00,전주,GFS,2026-09-27 18:00:00,75,3,tcc,38.0,100.0,-62.0
2026-10-01 06:00:00,전주,GFS,2026-09-27 12:00:00,81,3,dswrf,0.0,,
2026-10-01 06:00:00,전주,GFS,2026-09-27 12:00:00,81,3,t2m,13.1,17.4,-4.3
2026-10-01 06:00:00,전주,GFS,2026-09-27 12:00:00,81,3,tcc,87.0,100.0,-13.0
2026-10-01 06:00:00,전주,GFS,2026-09-27 00:00:00,93,3,dswrf,0.0,,
2026-10-01 06:00:00,전주,GFS,2026-09-27 00:00:00,93,3,t2m,12.6,17.4,-4.8
2026-10-01 06:00:00,전주,GFS,2026-09-27 00:00:00,93,3,tcc,4.0,100.0,-96.0
2026-10-01 06:00:00,전주,GFS,2026-09-26 18:00:00,99,4,dswrf,0.0,,
2026-10-01 06:00:00,전주,GFS,2026-09-26 18:00:00,99,4,t2m,12.1,17.4,-5.3
2026-10-01 06:00:00,전주,GFS,2026-09-26 18:00:00,99,4,tcc,1.0,100.0,-99.0
2026-10-01 06:00:00,전주,GFS,2026-09-26 00:00:00,117,4,dswrf,0.0,,
2026-10-01 06:00:00,전주,GFS,2026-09-26 00:00:00,117,4,t2m,14.6,17.4,-2.8
2026-10-01 06:00:00,전주,GFS,2026-09-26 00:00:00,117,4,tcc,90.0,100.0,-10.0
2026-10-01 06:00:00,전주,KIM,2026-09-30 12:00:00,9,0,dswrf,0.0,,
2026-10-01 06:00:00,전주,KIM,2026-09-30 12:00:00,9,0,t2m,16.1,17.4,-1.3
2026-10-01 06:00:00,전주,KIM,2026-09-30 12:00:00,9,0,tcc,88.0,100.0,-12.0
2026-10-01 06:00:00,전주,KIM,2026-09-30 00:00:00,21,0,dswrf,0.0,,
2026-10-01 06:00:00,전주,KIM,2026-09-30 00:00:00,21,0,t2m,15.3,17.4,-2.1
2026-10-01 06:00:00,전주,KIM,2026-09-30 00:00:00,21,0,tcc,79.0,100.0,-21.0
2026-10-01 06:00:00,전주,KIM,2026-09-29 12:00:00,33,1,dswrf,0.0,,
2026-10-01 06:00:00,전주,KIM,2026-09-29 12:00:00,33,1,t2m,14.5,17.4,-2.9
2026-10-01 06:00:00,전주,KIM,2026-09-29 12:00:00,33,1,tcc,89.0,100.0,-11.0
2026-10-01 06:00:00,전주,KIM,2026-09-29 00:00:00,45,1,dswrf,0.0,,
2026-10-01 06:00:00,전주,KIM,2026-09-29 00:00:00,45,1,t2m,13.9,17.4,-3.5
2026-10-01 06:00:00,전주,KIM,2026-09-29 00:00:00,45,1,tcc,20.0,100.0,-80.0
2026-10-01 06:00:00,전주,KIM,2026-09-28 12:00:00,57,2,dswrf,0.0,,
2026-10-01 06:00:00,전주,KIM,2026-09-28 12:00:00,57,2,t2m,13.8,17.4,-3.6
2026-10-01 06:00:00,전주,KIM,2026-09-28 12:00:00,57,2,tcc,13.0,100.0,-87.0
2026-10-01 06:00:00,전주,KIM,2026-09-28 00:00:00,69,2,dswrf,0.0,,
2026-10-01 06:00:00,전주,KIM,2026-09-28 00:00:00,69,2,t2m,14.6,17.4,-2.8
2026-10-01 06:00:00,전주,KIM,2026-09-28 00:00:00,69,2,tcc,30.0,100.0,-70.0
2026-10-01 06:00:00,전주,KIM,2026-09-27 12:00:00,81,3,dswrf,0.0,,
2026-10-01 06:00:00,전주,KIM,2026-09-27 12:00:00,81,3,t2m,14.1,17.4,-3.3
2026-10-01 06:00:00,전주,KIM,2026-09-27 12:00:00,81,3,tcc,44.0,100.0,-56.0
2026-10-01 06:00:00,전주,KIM,2026-09-27 00:00:00,93,3,dswrf,-0.0,,
2026-10-01 06:00:00,전주,KIM,2026-09-27 00:00:00,93,3,t2m,15.1,17.4,-2.3
2026-10-01 06:00:00,전주,KIM,2026-09-27 00:00:00,93,3,tcc,33.0,100.0,-67.0
2026-10-01 06:00:00,전주,KIM,2026-09-26 12:00:00,105,4,dswrf,0.0,,
2026-10-01 06:00:00,전주,KIM,2026-09-26 12:00:00,105,4,t2m,12.4,17.4,-5.0
2026-10-01 06:00:00,전주,KIM,2026-09-26 12:00:00,105,4,tcc,81.0,100.0,-19.0
2026-10-01 06:00:00,전주,KIM,2026-09-26 00:00:00,117,4,dswrf,0.0,,
2026-10-01 06:00:00,전주,KIM,2026-09-26 00:00:00,117,4,t2m,11.5,17.4,-5.9
2026-10-01 06:00:00,전주,KIM,2026-09-26 00:00:00,117,4,tcc,0.0,100.0,-100.0
2026-10-01 06:00:00,제주,ECMWF,2026-09-30 12:00:00,9,0,dswrf,0.0,,
2026-10-01 06:00:00,제주,ECMWF,2026-09-30 12:00:00,9,0,t2m,20.5,22.7,-2.2
2026-10-01 06:00:00,제주,ECMWF,2026-09-30 12:00:00,9,0,tcc,38.0,90.0,-52.0
2026-10-01 06:00:00,제주,ECMWF,2026-09-29 12:00:00,33,1,dswrf,0.0,,
2026-10-01 06:00:00,제주,ECMWF,2026-09-29 12:00:00,33,1,t2m,19.9,22.7,-2.8
2026-10-01 06:00:00,제주,ECMWF,2026-09-29 12:00:00,33,1,tcc,43.0,90.0,-47.0
2026-10-01 06:00:00,제주,ECMWF,2026-09-28 12:00:00,57,2,dswrf,0.0,,
2026-10-01 06:00:00,제주,ECMWF,2026-09-28 12:00:00,57,2,t2m,20.7,22.7,-2.0
2026-10-01 06:00:00,제주,ECMWF,2026-09-28 12:00:00,57,2,tcc,35.0,90.0,-55.0
2026-10-01 06:00:00,제주,ECMWF,2026-09-28 00:00:00,69,2,dswrf,0.0,,
2026-10-01 06:00:00,제주,ECMWF,2026-09-28 00:00:00,69,2,t2m,20.1,22.7,-2.6
2026-10-01 06:00:00,제주,ECMWF,2026-09-28 00:00:00,69,2,tcc,42.0,90.0,-48.0
2026-10-01 06:00:00,제주,ECMWF,2026-09-27 12:00:00,81,3,dswrf,0.0,,
2026-10-01 06:00:00,제주,ECMWF,2026-09-27 12:00:00,81,3,t2m,20.0,22.7,-2.7
2026-10-01 06:00:00,제주,ECMWF,2026-09-27 12:00:00,81,3,tcc,69.0,90.0,-21.0
2026-10-01 06:00:00,제주,ECMWF,2026-09-26 12:00:00,105,4,dswrf,0.0,,
2026-10-01 06:00:00,제주,ECMWF,2026-09-26 12:00:00,105,4,t2m,20.7,22.7,-2.0
2026-10-01 06:00:00,제주,ECMWF,2026-09-26 12:00:00,105,4,tcc,63.0,90.0,-27.0
2026-10-01 06:00:00,제주,ECMWF,2026-09-25 12:00:00,129,5,dswrf,0.0,,
2026-10-01 06:00:00,제주,ECMWF,2026-09-25 12:00:00,129,5,t2m,20.7,22.7,-2.0
2026-10-01 06:00:00,제주,ECMWF,2026-09-25 12:00:00,129,5,tcc,78.0,90.0,-12.0
2026-10-01 06:00:00,제주,GFS,2026-09-30 18:00:00,3,0,dswrf,0.0,,
2026-10-01 06:00:00,제주,GFS,2026-09-30 18:00:00,3,0,t2m,19.9,22.7,-2.8
2026-10-01 06:00:00,제주,GFS,2026-09-30 18:00:00,3,0,tcc,41.0,90.0,-49.0
2026-10-01 06:00:00,제주,GFS,2026-09-30 12:00:00,9,0,dswrf,0.0,,
2026-10-01 06:00:00,제주,GFS,2026-09-30 12:00:00,9,0,t2m,19.7,22.7,-3.0
2026-10-01 06:00:00,제주,GFS,2026-09-30 12:00:00,9,0,tcc,54.0,90.0,-36.0
2026-10-01 06:00:00,제주,GFS,2026-09-30 00:00:00,21,0,dswrf,0.0,,
2026-10-01 06:00:00,제주,GFS,2026-09-30 00:00:00,21,0,t2m,19.1,22.7,-3.6
2026-10-01 06:00:00,제주,GFS,2026-09-30 00:00:00,21,0,tcc,49.0,90.0,-41.0
2026-10-01 06:00:00,제주,GFS,2026-09-29 18:00:00,27,1,dswrf,0.0,,
2026-10-01 06:00:00,제주,GFS,2026-09-29 18:00:00,27,1,t2m,18.6,22.7,-4.1
2026-10-01 06:00:00,제주,GFS,2026-09-29 18:00:00,27,1,tcc,27.0,90.0,-63.0
2026-10-01 06:00:00,제주,GFS,2026-09-29 12:00:00,33,1,dswrf,0.0,,
2026-10-01 06:00:00,제주,GFS,2026-09-29 12:00:00,33,1,t2m,18.9,22.7,-3.8
2026-10-01 06:00:00,제주,GFS,2026-09-29 12:00:00,33,1,tcc,38.0,90.0,-52.0
2026-10-01 06:00:00,제주,GFS,2026-09-29 00:00:00,45,1,dswrf,0.0,,
2026-10-01 06:00:00,제주,GFS,2026-09-29 00:00:00,45,1,t2m,19.4,22.7,-3.3
2026-10-01 06:00:00,제주,GFS,2026-09-29 00:00:00,45,1,tcc,100.0,90.0,10.0
2026-10-01 06:00:00,제주,GFS,2026-09-28 18:00:00,51,2,dswrf,0.0,,
2026-10-01 06:00:00,제주,GFS,2026-09-28 18:00:00,51,2,t2m,19.8,22.7,-2.9
2026-10-01 06:00:00,제주,GFS,2026-09-28 18:00:00,51,2,tcc,97.0,90.0,7.0
2026-10-01 06:00:00,제주,GFS,2026-09-28 12:00:00,57,2,dswrf,0.0,,
2026-10-01 06:00:00,제주,GFS,2026-09-28 12:00:00,57,2,t2m,19.1,22.7,-3.6
2026-10-01 06:00:00,제주,GFS,2026-09-28 12:00:00,57,2,tcc,82.0,90.0,-8.0
2026-10-01 06:00:00,제주,GFS,2026-09-28 00:00:00,69,2,dswrf,0.0,,
2026-10-01 06:00:00,제주,GFS,2026-09-28 00:00:00,69,2,t2m,19.1,22.7,-3.6
2026-10-01 06:00:00,제주,GFS,2026-09-28 00:00:00,69,2,tcc,72.0,90.0,-18.0
2026-10-01 06:00:00,제주,GFS,2026-09-27 18:00:00,75,3,dswrf,0.0,,
2026-10-01 06:00:00,제주,GFS,2026-09-27 18:00:00,75,3,t2m,18.8,22.7,-3.9
2026-10-01 06:00:00,제주,GFS,2026-09-27 18:00:00,75,3,tcc,37.0,90.0,-53.0
2026-10-01 06:00:00,제주,GFS,2026-09-27 12:00:00,81,3,dswrf,0.0,,
2026-10-01 06:00:00,제주,GFS,2026-09-27 12:00:00,81,3,t2m,18.9,22.7,-3.8
2026-10-01 06:00:00,제주,GFS,2026-09-27 12:00:00,81,3,tcc,33.0,90.0,-57.0
2026-10-01 06:00:00,제주,GFS,2026-09-27 00:00:00,93,3,dswrf,0.0,,
2026-10-01 06:00:00,제주,GFS,2026-09-27 00:00:00,93,3,t2m,18.4,22.7,-4.3
2026-10-01 06:00:00,제주,GFS,2026-09-27 00:00:00,93,3,tcc,13.0,90.0,-77.0
2026-10-01 06:00:00,제주,GFS,2026-09-26 18:00:00,99,4,dswrf,0.0,,
2026-10-01 06:00:00,제주,GFS,2026-09-26 18:00:00,99,4,t2m,18.2,22.7,-4.5
2026-10-01 06:00:00,제주,GFS,2026-09-26 18:00:00,99,4,tcc,30.0,90.0,-60.0
2026-10-01 06:00:00,제주,GFS,2026-09-26 00:00:00,117,4,dswrf,0.0,,
2026-10-01 06:00:00,제주,GFS,2026-09-26 00:00:00,117,4,t2m,19.4,22.7,-3.3
2026-10-01 06:00:00,제주,GFS,2026-09-26 00:00:00,117,4,tcc,65.0,90.0,-25.0
2026-10-01 06:00:00,제주,KIM,2026-09-30 12:00:00,9,0,dswrf,0.0,,
2026-10-01 06:00:00,제주,KIM,2026-09-30 12:00:00,9,0,t2m,21.8,22.7,-0.9
2026-10-01 06:00:00,제주,KIM,2026-09-30 12:00:00,9,0,tcc,96.0,90.0,6.0
2026-10-01 06:00:00,제주,KIM,2026-09-30 00:00:00,21,0,dswrf,0.0,,
2026-10-01 06:00:00,제주,KIM,2026-09-30 00:00:00,21,0,t2m,21.7,22.7,-1.0
2026-10-01 06:00:00,제주,KIM,2026-09-30 00:00:00,21,0,tcc,87.0,90.0,-3.0
2026-10-01 06:00:00,제주,KIM,2026-09-29 12:00:00,33,1,dswrf,0.0,,
2026-10-01 06:00:00,제주,KIM,2026-09-29 12:00:00,33,1,t2m,21.4,22.7,-1.3
2026-10-01 06:00:00,제주,KIM,2026-09-29 12:00:00,33,1,tcc,92.0,90.0,2.0
2026-10-01 06:00:00,제주,KIM,2026-09-29 00:00:00,45,1,dswrf,0.0,,
2026-10-01 06:00:00,제주,KIM,2026-09-29 00:00:00,45,1,t2m,21.5,22.7,-1.2
2026-10-01 06:00:00,제주,KIM,2026-09-29 00:00:00,45,1,tcc,96.0,90.0,6.0
2026-10-01 06:00:00,제주,KIM,2026-09-28 12:00:00,57,2,dswrf,0.0,,
2026-10-01 06:00:00,제주,KIM,2026-09-28 12:00:00,57,2,t2m,21.2,22.7,-1.5
2026-10-01 06:00:00,제주,KIM,2026-09-28 12:00:00,57,2,tcc,99.0,90.0,9.0
2026-10-01 06:00:00,제주,KIM,2026-09-28 00:00:00,69,2,dswrf,0.0,,
2026-10-01 06:00:00,제주,KIM,2026-09-28 00:00:00,69,2,t2m,21.4,22.7,-1.3
2026-10-01 06:00:00,제주,KIM,2026-09-28 00:00:00,69,2,tcc,96.0,90.0,6.0
2026-10-01 06:00:00,제주,KIM,2026-09-27 12:00:00,81,3,dswrf,0.0,,
2026-10-01 06:00:00,제주,KIM,2026-09-27 12:00:00,81,3,t2m,21.3,22.7,-1.4
2026-10-01 06:00:00,제주,KIM,2026-09-27 12:00:00,81,3,tcc,93.0,90.0,3.0
2026-10-01 06:00:00,제주,KIM,2026-09-27 00:00:00,93,3,dswrf,-0.0,,
2026-10-01 06:00:00,제주,KIM,2026-09-27 00:00:00,93,3,t2m,21.4,22.7,-1.3
2026-10-01 06:00:00,제주,KIM,2026-09-27 00:00:00,93,3,tcc,95.0,90.0,5.0
2026-10-01 06:00:00,제주,KIM,2026-09-26 12:00:00,105,4,dswrf,0.0,,
2026-10-01 06:00:00,제주,KIM,2026-09-26 12:00:00,105,4,t2m,20.9,22.7,-1.8
2026-10-01 06:00:00,제주,KIM,2026-09-26 12:00:00,105,4,tcc,76.0,90.0,-14.0
2026-10-01 06:00:00,제주,KIM,2026-09-26 00:00:00,117,4,dswrf,0.0,,
2026-10-01 06:00:00,제주,KIM,2026-09-26 00:00:00,117,4,t2m,20.4,22.7,-2.3
2026-10-01 06:00:00,제주,KIM,2026-09-26 00:00:00,117,4,tcc,54.0,90.0,-36.0
2026-10-01 09:00:00,강릉,ECMWF,2026-09-30 12:00:00,12,0,dswrf,150.0,137.04,12.96
2026-10-01 09:00:00,강릉,ECMWF,2026-09-30 12:00:00,12,0,t2m,18.6,19.3,-0.7
2026-10-01 09:00:00,강릉,ECMWF,2026-09-30 12:00:00,12,0,tcc,18.0,50.0,-32.0
2026-10-01 09:00:00,강릉,ECMWF,2026-09-29 12:00:00,36,1,dswrf,164.0,137.04,26.96
2026-10-01 09:00:00,강릉,ECMWF,2026-09-29 12:00:00,36,1,t2m,18.1,19.3,-1.2
2026-10-01 09:00:00,강릉,ECMWF,2026-09-29 12:00:00,36,1,tcc,65.0,50.0,15.0
2026-10-01 09:00:00,강릉,ECMWF,2026-09-28 12:00:00,60,2,dswrf,197.0,137.04,59.96
2026-10-01 09:00:00,강릉,ECMWF,2026-09-28 12:00:00,60,2,t2m,17.8,19.3,-1.5
2026-10-01 09:00:00,강릉,ECMWF,2026-09-28 12:00:00,60,2,tcc,0.0,50.0,-50.0
2026-10-01 09:00:00,강릉,ECMWF,2026-09-28 00:00:00,72,3,dswrf,198.0,137.04,60.96
2026-10-01 09:00:00,강릉,ECMWF,2026-09-28 00:00:00,72,3,t2m,17.9,19.3,-1.4
2026-10-01 09:00:00,강릉,ECMWF,2026-09-28 00:00:00,72,3,tcc,0.0,50.0,-50.0
2026-10-01 09:00:00,강릉,ECMWF,2026-09-27 12:00:00,84,3,dswrf,198.0,137.04,60.96
2026-10-01 09:00:00,강릉,ECMWF,2026-09-27 12:00:00,84,3,t2m,17.9,19.3,-1.4
2026-10-01 09:00:00,강릉,ECMWF,2026-09-27 12:00:00,84,3,tcc,1.0,50.0,-49.0
2026-10-01 09:00:00,강릉,ECMWF,2026-09-26 12:00:00,108,4,dswrf,199.0,137.04,61.96
2026-10-01 09:00:00,강릉,ECMWF,2026-09-26 12:00:00,108,4,t2m,17.2,19.3,-2.1
2026-10-01 09:00:00,강릉,ECMWF,2026-09-26 12:00:00,108,4,tcc,0.0,50.0,-50.0
2026-10-01 09:00:00,강릉,ECMWF,2026-09-25 12:00:00,132,5,dswrf,198.0,137.04,60.96
2026-10-01 09:00:00,강릉,ECMWF,2026-09-25 12:00:00,132,5,t2m,17.6,19.3,-1.7
2026-10-01 09:00:00,강릉,ECMWF,2026-09-25 12:00:00,132,5,tcc,0.0,50.0,-50.0
2026-10-01 09:00:00,강릉,ECMWF,2026-09-24 12:00:00,156,6,dswrf,99.0,,
2026-10-01 09:00:00,강릉,ECMWF,2026-09-24 12:00:00,156,6,t2m,17.5,19.3,-1.8
2026-10-01 09:00:00,강릉,ECMWF,2026-09-24 12:00:00,156,6,tcc,0.0,50.0,-50.0
2026-10-01 09:00:00,강릉,ECMWF,2026-09-23 12:00:00,180,7,dswrf,100.0,,
2026-10-01 09:00:00,강릉,ECMWF,2026-09-23 12:00:00,180,7,t2m,16.7,19.3,-2.6
2026-10-01 09:00:00,강릉,ECMWF,2026-09-23 12:00:00,180,7,tcc,0.0,50.0,-50.0
2026-10-01 09:00:00,강릉,ECMWF,2026-09-22 12:00:00,204,8,dswrf,97.0,,
2026-10-01 09:00:00,강릉,ECMWF,2026-09-22 12:00:00,204,8,t2m,16.8,19.3,-2.5
2026-10-01 09:00:00,강릉,ECMWF,2026-09-22 12:00:00,204,8,tcc,0.0,50.0,-50.0
2026-10-01 09:00:00,강릉,ECMWF,2026-09-21 12:00:00,228,9,dswrf,92.0,,
2026-10-01 09:00:00,강릉,ECMWF,2026-09-21 12:00:00,228,9,t2m,16.4,19.3,-2.9
2026-10-01 09:00:00,강릉,ECMWF,2026-09-21 12:00:00,228,9,tcc,21.0,50.0,-29.0
2026-10-01 09:00:00,강릉,GFS,2026-10-01 00:00:00,0,0,t2m,19.0,19.3,-0.3
2026-10-01 09:00:00,강릉,GFS,2026-10-01 00:00:00,0,0,tcc,61.0,50.0,11.0
2026-10-01 09:00:00,강릉,GFS,2026-09-30 18:00:00,6,0,dswrf,153.0,137.04,15.96
2026-10-01 09:00:00,강릉,GFS,2026-09-30 18:00:00,6,0,t2m,19.3,19.3,0.0
2026-10-01 09:00:00,강릉,GFS,2026-09-30 18:00:00,6,0,tcc,66.0,50.0,16.0
2026-10-01 09:00:00,강릉,GFS,2026-09-30 12:00:00,12,0,dswrf,159.0,137.04,21.96
2026-10-01 09:00:00,강릉,GFS,2026-09-30 12:00:00,12,0,t2m,18.6,19.3,-0.7
2026-10-01 09:00:00,강릉,GFS,2026-09-30 12:00:00,12,0,tcc,35.0,50.0,-15.0
2026-10-01 09:00:00,강릉,GFS,2026-09-30 00:00:00,24,1,dswrf,174.0,137.04,36.96
2026-10-01 09:00:00,강릉,GFS,2026-09-30 00:00:00,24,1,t2m,17.7,19.3,-1.6
2026-10-01 09:00:00,강릉,GFS,2026-09-30 00:00:00,24,1,tcc,4.0,50.0,-46.0
2026-10-01 09:00:00,강릉,GFS,2026-09-29 18:00:00,30,1,dswrf,185.0,137.04,47.96
2026-10-01 09:00:00,강릉,GFS,2026-09-29 18:00:00,30,1,t2m,17.2,19.3,-2.1
2026-10-01 09:00:00,강릉,GFS,2026-09-29 18:00:00,30,1,tcc,5.0,50.0,-45.0
2026-10-01 09:00:00,강릉,GFS,2026-09-29 12:00:00,36,1,dswrf,183.0,137.04,45.96
2026-10-01 09:00:00,강릉,GFS,2026-09-29 12:00:00,36,1,t2m,17.7,19.3,-1.6
2026-10-01 09:00:00,강릉,GFS,2026-09-29 12:00:00,36,1,tcc,23.0,50.0,-27.0
2026-10-01 09:00:00,강릉,GFS,2026-09-29 00:00:00,48,2,dswrf,174.0,137.04,36.96
2026-10-01 09:00:00,강릉,GFS,2026-09-29 00:00:00,48,2,t2m,18.4,19.3,-0.9
2026-10-01 09:00:00,강릉,GFS,2026-09-29 00:00:00,48,2,tcc,5.0,50.0,-45.0
2026-10-01 09:00:00,강릉,GFS,2026-09-28 18:00:00,54,2,dswrf,143.0,137.04,5.96
2026-10-01 09:00:00,강릉,GFS,2026-09-28 18:00:00,54,2,t2m,18.6,19.3,-0.7
2026-10-01 09:00:00,강릉,GFS,2026-09-28 18:00:00,54,2,tcc,43.0,50.0,-7.0
2026-10-01 09:00:00,강릉,GFS,2026-09-28 12:00:00,60,2,dswrf,184.0,137.04,46.96
2026-10-01 09:00:00,강릉,GFS,2026-09-28 12:00:00,60,2,t2m,17.5,19.3,-1.8
2026-10-01 09:00:00,강릉,GFS,2026-09-28 12:00:00,60,2,tcc,2.0,50.0,-48.0
2026-10-01 09:00:00,강릉,GFS,2026-09-28 00:00:00,72,3,dswrf,184.0,137.04,46.96
2026-10-01 09:00:00,강릉,GFS,2026-09-28 00:00:00,72,3,t2m,17.1,19.3,-2.2
2026-10-01 09:00:00,강릉,GFS,2026-09-28 00:00:00,72,3,tcc,3.0,50.0,-47.0
2026-10-01 09:00:00,강릉,GFS,2026-09-27 18:00:00,78,3,dswrf,192.0,137.04,54.96
2026-10-01 09:00:00,강릉,GFS,2026-09-27 18:00:00,78,3,t2m,16.6,19.3,-2.7
2026-10-01 09:00:00,강릉,GFS,2026-09-27 18:00:00,78,3,tcc,17.0,50.0,-33.0
2026-10-01 09:00:00,강릉,GFS,2026-09-27 12:00:00,84,3,dswrf,186.0,137.04,48.96
2026-10-01 09:00:00,강릉,GFS,2026-09-27 12:00:00,84,3,t2m,17.3,19.3,-2.0
2026-10-01 09:00:00,강릉,GFS,2026-09-27 12:00:00,84,3,tcc,2.0,50.0,-48.0
2026-10-01 09:00:00,강릉,GFS,2026-09-27 00:00:00,96,4,dswrf,192.0,137.04,54.96
2026-10-01 09:00:00,강릉,GFS,2026-09-27 00:00:00,96,4,t2m,16.5,19.3,-2.8
2026-10-01 09:00:00,강릉,GFS,2026-09-27 00:00:00,96,4,tcc,0.0,50.0,-50.0
2026-10-01 09:00:00,강릉,GFS,2026-09-26 18:00:00,102,4,dswrf,191.0,137.04,53.96
2026-10-01 09:00:00,강릉,GFS,2026-09-26 18:00:00,102,4,t2m,16.7,19.3,-2.6
2026-10-01 09:00:00,강릉,GFS,2026-09-26 18:00:00,102,4,tcc,12.0,50.0,-38.0
2026-10-01 09:00:00,강릉,GFS,2026-09-26 00:00:00,120,5,dswrf,185.0,137.04,47.96
2026-10-01 09:00:00,강릉,GFS,2026-09-26 00:00:00,120,5,t2m,17.5,19.3,-1.8
2026-10-01 09:00:00,강릉,GFS,2026-09-26 00:00:00,120,5,tcc,0.0,50.0,-50.0
2026-10-01 09:00:00,강릉,GFS,2026-09-25 18:00:00,126,5,dswrf,87.0,,
2026-10-01 09:00:00,강릉,GFS,2026-09-25 18:00:00,126,5,t2m,18.2,19.3,-1.1
2026-10-01 09:00:00,강릉,GFS,2026-09-25 18:00:00,126,5,tcc,3.0,50.0,-47.0
2026-10-01 09:00:00,강릉,GFS,2026-09-25 12:00:00,132,5,dswrf,92.0,,
2026-10-01 09:00:00,강릉,GFS,2026-09-25 12:00:00,132,5,t2m,18.2,19.3,-1.1
2026-10-01 09:00:00,강릉,GFS,2026-09-25 12:00:00,132,5,tcc,0.0,50.0,-50.0
2026-10-01 09:00:00,강릉,GFS,2026-09-25 00:00:00,144,6,dswrf,92.0,,
2026-10-01 09:00:00,강릉,GFS,2026-09-25 00:00:00,144,6,t2m,17.7,19.3,-1.6
2026-10-01 09:00:00,강릉,GFS,2026-09-25 00:00:00,144,6,tcc,0.0,50.0,-50.0
2026-10-01 09:00:00,강릉,GFS,2026-09-24 18:00:00,150,6,dswrf,55.0,,
2026-10-01 09:00:00,강릉,GFS,2026-09-24 18:00:00,150,6,t2m,15.9,19.3,-3.4
2026-10-01 09:00:00,강릉,GFS,2026-09-24 18:00:00,150,6,tcc,100.0,50.0,50.0
2026-10-01 09:00:00,강릉,GFS,2026-09-24 12:00:00,156,6,dswrf,60.0,,
2026-10-01 09:00:00,강릉,GFS,2026-09-24 12:00:00,156,6,t2m,17.0,19.3,-2.3
2026-10-01 09:00:00,강릉,GFS,2026-09-24 12:00:00,156,6,tcc,100.0,50.0,50.0
2026-10-01 09:00:00,강릉,GFS,2026-09-24 00:00:00,168,7,dswrf,97.0,,
2026-10-01 09:00:00,강릉,GFS,2026-09-24 00:00:00,168,7,t2m,16.2,19.3,-3.1
2026-10-01 09:00:00,강릉,GFS,2026-09-24 00:00:00,168,7,tcc,9.0,50.0,-41.0
2026-10-01 09:00:00,강릉,GFS,2026-09-23 18:00:00,174,7,dswrf,96.0,,
2026-10-01 09:00:00,강릉,GFS,2026-09-23 18:00:00,174,7,t2m,15.8,19.3,-3.5
2026-10-01 09:00:00,강릉,GFS,2026-09-23 18:00:00,174,7,tcc,2.0,50.0,-48.0
2026-10-01 09:00:00,강릉,GFS,2026-09-23 12:00:00,180,7,dswrf,69.0,,
2026-10-01 09:00:00,강릉,GFS,2026-09-23 12:00:00,180,7,t2m,15.0,19.3,-4.3
2026-10-01 09:00:00,강릉,GFS,2026-09-23 12:00:00,180,7,tcc,98.0,50.0,48.0
2026-10-01 09:00:00,강릉,GFS,2026-09-23 00:00:00,192,8,dswrf,40.0,,
2026-10-01 09:00:00,강릉,GFS,2026-09-23 00:00:00,192,8,t2m,20.0,19.3,0.7
2026-10-01 09:00:00,강릉,GFS,2026-09-23 00:00:00,192,8,tcc,100.0,50.0,50.0
2026-10-01 09:00:00,강릉,GFS,2026-09-22 18:00:00,198,8,dswrf,29.0,,
2026-10-01 09:00:00,강릉,GFS,2026-09-22 18:00:00,198,8,t2m,19.0,19.3,-0.3
2026-10-01 09:00:00,강릉,GFS,2026-09-22 18:00:00,198,8,tcc,96.0,50.0,46.0
2026-10-01 09:00:00,강릉,GFS,2026-09-22 12:00:00,204,8,dswrf,91.0,,
2026-10-01 09:00:00,강릉,GFS,2026-09-22 12:00:00,204,8,t2m,20.9,19.3,1.6
2026-10-01 09:00:00,강릉,GFS,2026-09-22 12:00:00,204,8,tcc,0.0,50.0,-50.0
2026-10-01 09:00:00,강릉,GFS,2026-09-22 00:00:00,216,9,dswrf,89.0,,
2026-10-01 09:00:00,강릉,GFS,2026-09-22 00:00:00,216,9,t2m,17.8,19.3,-1.5
2026-10-01 09:00:00,강릉,GFS,2026-09-22 00:00:00,216,9,tcc,4.0,50.0,-46.0
2026-10-01 09:00:00,강릉,GFS,2026-09-21 18:00:00,222,9,dswrf,89.0,,
2026-10-01 09:00:00,강릉,GFS,2026-09-21 18:00:00,222,9,t2m,18.5,19.3,-0.8
2026-10-01 09:00:00,강릉,GFS,2026-09-21 18:00:00,222,9,tcc,1.0,50.0,-49.0
2026-10-01 09:00:00,강릉,GFS,2026-09-21 12:00:00,228,9,dswrf,95.0,,
2026-10-01 09:00:00,강릉,GFS,2026-09-21 12:00:00,228,9,t2m,16.2,19.3,-3.1
2026-10-01 09:00:00,강릉,GFS,2026-09-21 12:00:00,228,9,tcc,0.0,50.0,-50.0
2026-10-01 09:00:00,강릉,GFS,2026-09-21 00:00:00,240,10,dswrf,27.0,,
2026-10-01 09:00:00,강릉,GFS,2026-09-21 00:00:00,240,10,t2m,19.7,19.3,0.4
2026-10-01 09:00:00,강릉,GFS,2026-09-21 00:00:00,240,10,tcc,100.0,50.0,50.0
2026-10-01 09:00:00,강릉,KIM,2026-10-01 00:00:00,0,0,t2m,17.4,19.3,-1.9
2026-10-01 09:00:00,강릉,KIM,2026-10-01 00:00:00,0,0,tcc,37.0,50.0,-13.0
2026-10-01 09:00:00,강릉,KIM,2026-09-30 12:00:00,12,0,dswrf,97.0,137.04,-40.04
2026-10-01 09:00:00,강릉,KIM,2026-09-30 12:00:00,12,0,t2m,17.6,19.3,-1.7
2026-10-01 09:00:00,강릉,KIM,2026-09-30 12:00:00,12,0,tcc,29.0,50.0,-21.0
2026-10-01 09:00:00,강릉,KIM,2026-09-30 00:00:00,24,1,dswrf,177.0,137.04,39.96
2026-10-01 09:00:00,강릉,KIM,2026-09-30 00:00:00,24,1,t2m,17.7,19.3,-1.6
2026-10-01 09:00:00,강릉,KIM,2026-09-30 00:00:00,24,1,tcc,0.0,50.0,-50.0
2026-10-01 09:00:00,강릉,KIM,2026-09-29 12:00:00,36,1,dswrf,158.0,137.04,20.96
2026-10-01 09:00:00,강릉,KIM,2026-09-29 12:00:00,36,1,t2m,17.3,19.3,-2.0
2026-10-01 09:00:00,강릉,KIM,2026-09-29 12:00:00,36,1,tcc,2.0,50.0,-48.0
2026-10-01 09:00:00,강릉,KIM,2026-09-29 00:00:00,48,2,dswrf,182.0,137.04,44.96
2026-10-01 09:00:00,강릉,KIM,2026-09-29 00:00:00,48,2,t2m,17.4,19.3,-1.9
2026-10-01 09:00:00,강릉,KIM,2026-09-29 00:00:00,48,2,tcc,36.0,50.0,-14.0
2026-10-01 09:00:00,강릉,KIM,2026-09-28 12:00:00,60,2,dswrf,183.0,137.04,45.96
2026-10-01 09:00:00,강릉,KIM,2026-09-28 12:00:00,60,2,t2m,16.6,19.3,-2.7
2026-10-01 09:00:00,강릉,KIM,2026-09-28 12:00:00,60,2,tcc,3.0,50.0,-47.0
2026-10-01 09:00:00,강릉,KIM,2026-09-28 00:00:00,72,3,dswrf,182.0,137.04,44.96
2026-10-01 09:00:00,강릉,KIM,2026-09-28 00:00:00,72,3,t2m,17.1,19.3,-2.2
2026-10-01 09:00:00,강릉,KIM,2026-09-28 00:00:00,72,3,tcc,24.0,50.0,-26.0
2026-10-01 09:00:00,강릉,KIM,2026-09-27 12:00:00,84,3,dswrf,179.0,137.04,41.96
2026-10-01 09:00:00,강릉,KIM,2026-09-27 12:00:00,84,3,t2m,16.7,19.3,-2.6
2026-10-01 09:00:00,강릉,KIM,2026-09-27 12:00:00,84,3,tcc,15.0,50.0,-35.0
2026-10-01 09:00:00,강릉,KIM,2026-09-27 00:00:00,96,4,dswrf,183.0,137.04,45.96
2026-10-01 09:00:00,강릉,KIM,2026-09-27 00:00:00,96,4,t2m,17.1,19.3,-2.2
2026-10-01 09:00:00,강릉,KIM,2026-09-27 00:00:00,96,4,tcc,0.0,50.0,-50.0
2026-10-01 09:00:00,강릉,KIM,2026-09-26 12:00:00,108,4,dswrf,184.0,137.04,46.96
2026-10-01 09:00:00,강릉,KIM,2026-09-26 12:00:00,108,4,t2m,16.5,19.3,-2.8
2026-10-01 09:00:00,강릉,KIM,2026-09-26 12:00:00,108,4,tcc,0.0,50.0,-50.0
2026-10-01 09:00:00,강릉,KIM,2026-09-26 00:00:00,120,5,dswrf,182.0,137.04,44.96
2026-10-01 09:00:00,강릉,KIM,2026-09-26 00:00:00,120,5,t2m,16.2,19.3,-3.1
2026-10-01 09:00:00,강릉,KIM,2026-09-26 00:00:00,120,5,tcc,4.0,50.0,-46.0
2026-10-01 09:00:00,강릉,KIM,2026-09-25 12:00:00,132,5,t2m,17.1,19.3,-2.2
2026-10-01 09:00:00,강릉,KIM,2026-09-25 12:00:00,132,5,tcc,0.0,50.0,-50.0
2026-10-01 09:00:00,강릉,KIM,2026-09-25 00:00:00,144,6,t2m,16.7,19.3,-2.6
2026-10-01 09:00:00,강릉,KIM,2026-09-25 00:00:00,144,6,tcc,22.0,50.0,-28.0
2026-10-01 09:00:00,강릉,KIM,2026-09-24 12:00:00,156,6,t2m,16.2,19.3,-3.1
2026-10-01 09:00:00,강릉,KIM,2026-09-24 12:00:00,156,6,tcc,81.0,50.0,31.0
2026-10-01 09:00:00,강릉,KIM,2026-09-24 00:00:00,168,7,t2m,15.3,19.3,-4.0
2026-10-01 09:00:00,강릉,KIM,2026-09-24 00:00:00,168,7,tcc,30.0,50.0,-20.0
2026-10-01 09:00:00,강릉,KIM,2026-09-23 12:00:00,180,7,t2m,16.1,19.3,-3.2
2026-10-01 09:00:00,강릉,KIM,2026-09-23 12:00:00,180,7,tcc,0.0,50.0,-50.0
2026-10-01 09:00:00,강릉,KIM,2026-09-23 00:00:00,192,8,t2m,15.7,19.3,-3.6
2026-10-01 09:00:00,강릉,KIM,2026-09-23 00:00:00,192,8,tcc,4.0,50.0,-46.0
2026-10-01 09:00:00,강릉,KIM,2026-09-22 12:00:00,204,8,t2m,18.3,19.3,-1.0
2026-10-01 09:00:00,강릉,KIM,2026-09-22 12:00:00,204,8,tcc,0.0,50.0,-50.0
2026-10-01 09:00:00,강릉,KIM,2026-09-22 00:00:00,216,9,t2m,19.8,19.3,0.5
2026-10-01 09:00:00,강릉,KIM,2026-09-22 00:00:00,216,9,tcc,32.0,50.0,-18.0
2026-10-01 09:00:00,강릉,KIM,2026-09-21 12:00:00,228,9,t2m,17.2,19.3,-2.1
2026-10-01 09:00:00,강릉,KIM,2026-09-21 12:00:00,228,9,tcc,0.0,50.0,-50.0
2026-10-01 09:00:00,강릉,KIM,2026-09-21 00:00:00,240,10,t2m,16.9,19.3,-2.4
2026-10-01 09:00:00,강릉,KIM,2026-09-21 00:00:00,240,10,tcc,1.0,50.0,-49.0
2026-10-01 09:00:00,강릉,KIM,2026-09-20 12:00:00,252,10,t2m,22.4,19.3,3.1
2026-10-01 09:00:00,강릉,KIM,2026-09-20 12:00:00,252,10,tcc,0.0,50.0,-50.0
2026-10-01 09:00:00,강릉,KIM,2026-09-19 12:00:00,276,11,t2m,20.1,19.3,0.8
2026-10-01 09:00:00,강릉,KIM,2026-09-19 12:00:00,276,11,tcc,99.0,50.0,49.0
2026-10-01 09:00:00,강릉,KIM,2026-09-19 00:00:00,288,12,t2m,23.3,19.3,4.0
2026-10-01 09:00:00,강릉,KIM,2026-09-19 00:00:00,288,12,tcc,98.0,50.0,48.0
2026-10-01 09:00:00,광주,ECMWF,2026-09-30 12:00:00,12,0,dswrf,60.0,79.63,-19.63
2026-10-01 09:00:00,광주,ECMWF,2026-09-30 12:00:00,12,0,t2m,17.7,19.6,-1.9
2026-10-01 09:00:00,광주,ECMWF,2026-09-30 12:00:00,12,0,tcc,51.0,90.0,-39.0
2026-10-01 09:00:00,광주,ECMWF,2026-09-29 12:00:00,36,1,dswrf,70.0,79.63,-9.63
2026-10-01 09:00:00,광주,ECMWF,2026-09-29 12:00:00,36,1,t2m,16.6,19.6,-3.0
2026-10-01 09:00:00,광주,ECMWF,2026-09-29 12:00:00,36,1,tcc,40.0,90.0,-50.0
2026-10-01 09:00:00,광주,ECMWF,2026-09-28 12:00:00,60,2,dswrf,169.0,79.63,89.37
2026-10-01 09:00:00,광주,ECMWF,2026-09-28 12:00:00,60,2,t2m,17.4,19.6,-2.2
2026-10-01 09:00:00,광주,ECMWF,2026-09-28 12:00:00,60,2,tcc,18.0,90.0,-72.0
2026-10-01 09:00:00,광주,ECMWF,2026-09-28 00:00:00,72,3,dswrf,174.0,79.63,94.37
2026-10-01 09:00:00,광주,ECMWF,2026-09-28 00:00:00,72,3,t2m,17.2,19.6,-2.4
2026-10-01 09:00:00,광주,ECMWF,2026-09-28 00:00:00,72,3,tcc,0.0,90.0,-90.0
2026-10-01 09:00:00,광주,ECMWF,2026-09-27 12:00:00,84,3,dswrf,174.0,79.63,94.37
2026-10-01 09:00:00,광주,ECMWF,2026-09-27 12:00:00,84,3,t2m,17.5,19.6,-2.1
2026-10-01 09:00:00,광주,ECMWF,2026-09-27 12:00:00,84,3,tcc,0.0,90.0,-90.0
2026-10-01 09:00:00,광주,ECMWF,2026-09-26 12:00:00,108,4,dswrf,173.0,79.63,93.37
2026-10-01 09:00:00,광주,ECMWF,2026-09-26 12:00:00,108,4,t2m,18.1,19.6,-1.5
2026-10-01 09:00:00,광주,ECMWF,2026-09-26 12:00:00,108,4,tcc,0.0,90.0,-90.0
2026-10-01 09:00:00,광주,ECMWF,2026-09-25 12:00:00,132,5,dswrf,173.0,79.63,93.37
2026-10-01 09:00:00,광주,ECMWF,2026-09-25 12:00:00,132,5,t2m,18.0,19.6,-1.6
2026-10-01 09:00:00,광주,ECMWF,2026-09-25 12:00:00,132,5,tcc,4.0,90.0,-86.0
2026-10-01 09:00:00,광주,ECMWF,2026-09-24 12:00:00,156,6,dswrf,90.0,,
2026-10-01 09:00:00,광주,ECMWF,2026-09-24 12:00:00,156,6,t2m,17.0,19.6,-2.6
2026-10-01 09:00:00,광주,ECMWF,2026-09-24 12:00:00,156,6,tcc,0.0,90.0,-90.0
2026-10-01 09:00:00,광주,ECMWF,2026-09-23 12:00:00,180,7,dswrf,90.0,,
2026-10-01 09:00:00,광주,ECMWF,2026-09-23 12:00:00,180,7,t2m,16.7,19.6,-2.9
2026-10-01 09:00:00,광주,ECMWF,2026-09-23 12:00:00,180,7,tcc,1.0,90.0,-89.0
2026-10-01 09:00:00,광주,ECMWF,2026-09-22 12:00:00,204,8,dswrf,90.0,,
2026-10-01 09:00:00,광주,ECMWF,2026-09-22 12:00:00,204,8,t2m,16.1,19.6,-3.5
2026-10-01 09:00:00,광주,ECMWF,2026-09-22 12:00:00,204,8,tcc,0.0,90.0,-90.0
2026-10-01 09:00:00,광주,ECMWF,2026-09-21 12:00:00,228,9,dswrf,47.0,,
2026-10-01 09:00:00,광주,ECMWF,2026-09-21 12:00:00,228,9,t2m,17.7,19.6,-1.9
2026-10-01 09:00:00,광주,ECMWF,2026-09-21 12:00:00,228,9,tcc,98.0,90.0,8.0
2026-10-01 09:00:00,광주,GFS,2026-10-01 00:00:00,0,0,t2m,17.8,19.6,-1.8
2026-10-01 09:00:00,광주,GFS,2026-10-01 00:00:00,0,0,tcc,70.0,90.0,-20.0
2026-10-01 09:00:00,광주,GFS,2026-09-30 18:00:00,6,0,dswrf,46.0,79.63,-33.63
2026-10-01 09:00:00,광주,GFS,2026-09-30 18:00:00,6,0,t2m,17.2,19.6,-2.4
2026-10-01 09:00:00,광주,GFS,2026-09-30 18:00:00,6,0,tcc,79.0,90.0,-11.0
2026-10-01 09:00:00,광주,GFS,2026-09-30 12:00:00,12,0,dswrf,66.0,79.63,-13.63
2026-10-01 09:00:00,광주,GFS,2026-09-30 12:00:00,12,0,t2m,17.0,19.6,-2.6
2026-10-01 09:00:00,광주,GFS,2026-09-30 12:00:00,12,0,tcc,60.0,90.0,-30.0
2026-10-01 09:00:00,광주,GFS,2026-09-30 00:00:00,24,1,dswrf,125.0,79.63,45.37
2026-10-01 09:00:00,광주,GFS,2026-09-30 00:00:00,24,1,t2m,16.9,19.6,-2.7
2026-10-01 09:00:00,광주,GFS,2026-09-30 00:00:00,24,1,tcc,71.0,90.0,-19.0
2026-10-01 09:00:00,광주,GFS,2026-09-29 18:00:00,30,1,dswrf,56.0,79.63,-23.63
2026-10-01 09:00:00,광주,GFS,2026-09-29 18:00:00,30,1,t2m,15.4,19.6,-4.2
2026-10-01 09:00:00,광주,GFS,2026-09-29 18:00:00,30,1,tcc,17.0,90.0,-73.0
2026-10-01 09:00:00,광주,GFS,2026-09-29 12:00:00,36,1,dswrf,140.0,79.63,60.37
2026-10-01 09:00:00,광주,GFS,2026-09-29 12:00:00,36,1,t2m,16.7,19.6,-2.9
2026-10-01 09:00:00,광주,GFS,2026-09-29 12:00:00,36,1,tcc,60.0,90.0,-30.0
2026-10-01 09:00:00,광주,GFS,2026-09-29 00:00:00,48,2,dswrf,26.0,79.63,-53.63
2026-10-01 09:00:00,광주,GFS,2026-09-29 00:00:00,48,2,t2m,15.7,19.6,-3.9
2026-10-01 09:00:00,광주,GFS,2026-09-29 00:00:00,48,2,tcc,100.0,90.0,10.0
2026-10-01 09:00:00,광주,GFS,2026-09-28 18:00:00,54,2,dswrf,27.0,79.63,-52.63
2026-10-01 09:00:00,광주,GFS,2026-09-28 18:00:00,54,2,t2m,15.7,19.6,-3.9
2026-10-01 09:00:00,광주,GFS,2026-09-28 18:00:00,54,2,tcc,100.0,90.0,10.0
2026-10-01 09:00:00,광주,GFS,2026-09-28 12:00:00,60,2,dswrf,154.0,79.63,74.37
2026-10-01 09:00:00,광주,GFS,2026-09-28 12:00:00,60,2,t2m,16.9,19.6,-2.7
2026-10-01 09:00:00,광주,GFS,2026-09-28 12:00:00,60,2,tcc,34.0,90.0,-56.0
2026-10-01 09:00:00,광주,GFS,2026-09-28 00:00:00,72,3,dswrf,157.0,79.63,77.37
2026-10-01 09:00:00,광주,GFS,2026-09-28 00:00:00,72,3,t2m,16.5,19.6,-3.1
2026-10-01 09:00:00,광주,GFS,2026-09-28 00:00:00,72,3,tcc,5.0,90.0,-85.0
2026-10-01 09:00:00,광주,GFS,2026-09-27 18:00:00,78,3,dswrf,169.0,79.63,89.37
2026-10-01 09:00:00,광주,GFS,2026-09-27 18:00:00,78,3,t2m,16.3,19.6,-3.3
2026-10-01 09:00:00,광주,GFS,2026-09-27 18:00:00,78,3,tcc,5.0,90.0,-85.0
2026-10-01 09:00:00,광주,GFS,2026-09-27 12:00:00,84,3,dswrf,158.0,79.63,78.37
2026-10-01 09:00:00,광주,GFS,2026-09-27 12:00:00,84,3,t2m,16.7,19.6,-2.9
2026-10-01 09:00:00,광주,GFS,2026-09-27 12:00:00,84,3,tcc,8.0,90.0,-82.0
2026-10-01 09:00:00,광주,GFS,2026-09-27 00:00:00,96,4,dswrf,161.0,79.63,81.37
2026-10-01 09:00:00,광주,GFS,2026-09-27 00:00:00,96,4,t2m,16.3,19.6,-3.3
2026-10-01 09:00:00,광주,GFS,2026-09-27 00:00:00,96,4,tcc,3.0,90.0,-87.0
2026-10-01 09:00:00,광주,GFS,2026-09-26 18:00:00,102,4,dswrf,170.0,79.63,90.37
2026-10-01 09:00:00,광주,GFS,2026-09-26 18:00:00,102,4,t2m,16.3,19.6,-3.3
2026-10-01 09:00:00,광주,GFS,2026-09-26 18:00:00,102,4,tcc,0.0,90.0,-90.0
2026-10-01 09:00:00,광주,GFS,2026-09-26 00:00:00,120,5,dswrf,148.0,79.63,68.37
2026-10-01 09:00:00,광주,GFS,2026-09-26 00:00:00,120,5,t2m,17.7,19.6,-1.9
2026-10-01 09:00:00,광주,GFS,2026-09-26 00:00:00,120,5,tcc,57.0,90.0,-33.0
2026-10-01 09:00:00,광주,GFS,2026-09-25 18:00:00,126,5,dswrf,74.0,,
2026-10-01 09:00:00,광주,GFS,2026-09-25 18:00:00,126,5,t2m,17.6,19.6,-2.0
2026-10-01 09:00:00,광주,GFS,2026-09-25 18:00:00,126,5,tcc,86.0,90.0,-4.0
2026-10-01 09:00:00,광주,GFS,2026-09-25 12:00:00,132,5,dswrf,79.0,,
2026-10-01 09:00:00,광주,GFS,2026-09-25 12:00:00,132,5,t2m,16.8,19.6,-2.8
2026-10-01 09:00:00,광주,GFS,2026-09-25 12:00:00,132,5,tcc,4.0,90.0,-86.0
2026-10-01 09:00:00,광주,GFS,2026-09-25 00:00:00,144,6,dswrf,82.0,,
2026-10-01 09:00:00,광주,GFS,2026-09-25 00:00:00,144,6,t2m,16.5,19.6,-3.1
2026-10-01 09:00:00,광주,GFS,2026-09-25 00:00:00,144,6,tcc,45.0,90.0,-45.0
2026-10-01 09:00:00,광주,GFS,2026-09-24 18:00:00,150,6,dswrf,69.0,,
2026-10-01 09:00:00,광주,GFS,2026-09-24 18:00:00,150,6,t2m,15.0,19.6,-4.6
2026-10-01 09:00:00,광주,GFS,2026-09-24 18:00:00,150,6,tcc,77.0,90.0,-13.0
2026-10-01 09:00:00,광주,GFS,2026-09-24 12:00:00,156,6,dswrf,35.0,,
2026-10-01 09:00:00,광주,GFS,2026-09-24 12:00:00,156,6,t2m,15.0,19.6,-4.6
2026-10-01 09:00:00,광주,GFS,2026-09-24 12:00:00,156,6,tcc,100.0,90.0,10.0
2026-10-01 09:00:00,광주,GFS,2026-09-24 00:00:00,168,7,dswrf,84.0,,
2026-10-01 09:00:00,광주,GFS,2026-09-24 00:00:00,168,7,t2m,15.1,19.6,-4.5
2026-10-01 09:00:00,광주,GFS,2026-09-24 00:00:00,168,7,tcc,64.0,90.0,-26.0
2026-10-01 09:00:00,광주,GFS,2026-09-23 18:00:00,174,7,dswrf,88.0,,
2026-10-01 09:00:00,광주,GFS,2026-09-23 18:00:00,174,7,t2m,15.4,19.6,-4.2
2026-10-01 09:00:00,광주,GFS,2026-09-23 18:00:00,174,7,tcc,0.0,90.0,-90.0
2026-10-01 09:00:00,광주,GFS,2026-09-23 12:00:00,180,7,dswrf,62.0,,
2026-10-01 09:00:00,광주,GFS,2026-09-23 12:00:00,180,7,t2m,14.2,19.6,-5.4
2026-10-01 09:00:00,광주,GFS,2026-09-23 12:00:00,180,7,tcc,96.0,90.0,6.0
2026-10-01 09:00:00,광주,GFS,2026-09-23 00:00:00,192,8,dswrf,32.0,,
2026-10-01 09:00:00,광주,GFS,2026-09-23 00:00:00,192,8,t2m,18.9,19.6,-0.7
2026-10-01 09:00:00,광주,GFS,2026-09-23 00:00:00,192,8,tcc,100.0,90.0,10.0
2026-10-01 09:00:00,광주,GFS,2026-09-22 18:00:00,198,8,dswrf,6.0,,
2026-10-01 09:00:00,광주,GFS,2026-09-22 18:00:00,198,8,t2m,16.3,19.6,-3.3
2026-10-01 09:00:00,광주,GFS,2026-09-22 18:00:00,198,8,tcc,100.0,90.0,10.0
2026-10-01 09:00:00,광주,GFS,2026-09-22 12:00:00,204,8,dswrf,85.0,,
2026-10-01 09:00:00,광주,GFS,2026-09-22 12:00:00,204,8,t2m,19.9,19.6,0.3
2026-10-01 09:00:00,광주,GFS,2026-09-22 12:00:00,204,8,tcc,0.0,90.0,-90.0
2026-10-01 09:00:00,광주,GFS,2026-09-22 00:00:00,216,9,dswrf,89.0,,
2026-10-01 09:00:00,광주,GFS,2026-09-22 00:00:00,216,9,t2m,14.5,19.6,-5.1
2026-10-01 09:00:00,광주,GFS,2026-09-22 00:00:00,216,9,tcc,19.0,90.0,-71.0
2026-10-01 09:00:00,광주,GFS,2026-09-21 18:00:00,222,9,dswrf,84.0,,
2026-10-01 09:00:00,광주,GFS,2026-09-21 18:00:00,222,9,t2m,15.2,19.6,-4.4
2026-10-01 09:00:00,광주,GFS,2026-09-21 18:00:00,222,9,tcc,37.0,90.0,-53.0
2026-10-01 09:00:00,광주,GFS,2026-09-21 12:00:00,228,9,dswrf,78.0,,
2026-10-01 09:00:00,광주,GFS,2026-09-21 12:00:00,228,9,t2m,15.6,19.6,-4.0
2026-10-01 09:00:00,광주,GFS,2026-09-21 12:00:00,228,9,tcc,70.0,90.0,-20.0
2026-10-01 09:00:00,광주,GFS,2026-09-21 00:00:00,240,10,dswrf,6.0,,
2026-10-01 09:00:00,광주,GFS,2026-09-21 00:00:00,240,10,t2m,17.5,19.6,-2.1
2026-10-01 09:00:00,광주,GFS,2026-09-21 00:00:00,240,10,tcc,100.0,90.0,10.0
2026-10-01 09:00:00,광주,KIM,2026-10-01 00:00:00,0,0,t2m,18.1,19.6,-1.5
2026-10-01 09:00:00,광주,KIM,2026-10-01 00:00:00,0,0,tcc,91.0,90.0,1.0
2026-10-01 09:00:00,광주,KIM,2026-09-30 12:00:00,12,0,dswrf,57.0,79.63,-22.63
2026-10-01 09:00:00,광주,KIM,2026-09-30 12:00:00,12,0,t2m,16.8,19.6,-2.8
2026-10-01 09:00:00,광주,KIM,2026-09-30 12:00:00,12,0,tcc,95.0,90.0,5.0
2026-10-01 09:00:00,광주,KIM,2026-09-30 00:00:00,24,1,dswrf,154.0,79.63,74.37
2026-10-01 09:00:00,광주,KIM,2026-09-30 00:00:00,24,1,t2m,17.3,19.6,-2.3
2026-10-01 09:00:00,광주,KIM,2026-09-30 00:00:00,24,1,tcc,76.0,90.0,-14.0
2026-10-01 09:00:00,광주,KIM,2026-09-29 12:00:00,36,1,dswrf,142.0,79.63,62.37
2026-10-01 09:00:00,광주,KIM,2026-09-29 12:00:00,36,1,t2m,16.7,19.6,-2.9
2026-10-01 09:00:00,광주,KIM,2026-09-29 12:00:00,36,1,tcc,54.0,90.0,-36.0
2026-10-01 09:00:00,광주,KIM,2026-09-29 00:00:00,48,2,dswrf,119.0,79.63,39.37
2026-10-01 09:00:00,광주,KIM,2026-09-29 00:00:00,48,2,t2m,16.1,19.6,-3.5
2026-10-01 09:00:00,광주,KIM,2026-09-29 00:00:00,48,2,tcc,96.0,90.0,6.0
2026-10-01 09:00:00,광주,KIM,2026-09-28 12:00:00,60,2,dswrf,156.0,79.63,76.37
2026-10-01 09:00:00,광주,KIM,2026-09-28 12:00:00,60,2,t2m,16.0,19.6,-3.6
2026-10-01 09:00:00,광주,KIM,2026-09-28 12:00:00,60,2,tcc,19.0,90.0,-71.0
2026-10-01 09:00:00,광주,KIM,2026-09-28 00:00:00,72,3,dswrf,155.0,79.63,75.37
2026-10-01 09:00:00,광주,KIM,2026-09-28 00:00:00,72,3,t2m,16.4,19.6,-3.2
2026-10-01 09:00:00,광주,KIM,2026-09-28 00:00:00,72,3,tcc,0.0,90.0,-90.0
2026-10-01 09:00:00,광주,KIM,2026-09-27 12:00:00,84,3,dswrf,146.0,79.63,66.37
2026-10-01 09:00:00,광주,KIM,2026-09-27 12:00:00,84,3,t2m,17.5,19.6,-2.1
2026-10-01 09:00:00,광주,KIM,2026-09-27 12:00:00,84,3,tcc,5.0,90.0,-85.0
2026-10-01 09:00:00,광주,KIM,2026-09-27 00:00:00,96,4,dswrf,150.0,79.63,70.37
2026-10-01 09:00:00,광주,KIM,2026-09-27 00:00:00,96,4,t2m,17.7,19.6,-1.9
2026-10-01 09:00:00,광주,KIM,2026-09-27 00:00:00,96,4,tcc,22.0,90.0,-68.0
2026-10-01 09:00:00,광주,KIM,2026-09-26 12:00:00,108,4,dswrf,140.0,79.63,60.37
2026-10-01 09:00:00,광주,KIM,2026-09-26 12:00:00,108,4,t2m,17.1,19.6,-2.5
2026-10-01 09:00:00,광주,KIM,2026-09-26 12:00:00,108,4,tcc,47.0,90.0,-43.0
2026-10-01 09:00:00,광주,KIM,2026-09-26 00:00:00,120,5,dswrf,162.0,79.63,82.37
2026-10-01 09:00:00,광주,KIM,2026-09-26 00:00:00,120,5,t2m,16.0,19.6,-3.6
2026-10-01 09:00:00,광주,KIM,2026-09-26 00:00:00,120,5,tcc,4.0,90.0,-86.0
2026-10-01 09:00:00,광주,KIM,2026-09-25 12:00:00,132,5,t2m,16.9,19.6,-2.7
2026-10-01 09:00:00,광주,KIM,2026-09-25 12:00:00,132,5,tcc,63.0,90.0,-27.0
2026-10-01 09:00:00,광주,KIM,2026-09-25 00:00:00,144,6,t2m,16.8,19.6,-2.8
2026-10-01 09:00:00,광주,KIM,2026-09-25 00:00:00,144,6,tcc,81.0,90.0,-9.0
2026-10-01 09:00:00,광주,KIM,2026-09-24 12:00:00,156,6,t2m,16.0,19.6,-3.6
2026-10-01 09:00:00,광주,KIM,2026-09-24 12:00:00,156,6,tcc,79.0,90.0,-11.0
2026-10-01 09:00:00,광주,KIM,2026-09-24 00:00:00,168,7,t2m,15.2,19.6,-4.4
2026-10-01 09:00:00,광주,KIM,2026-09-24 00:00:00,168,7,tcc,53.0,90.0,-37.0
2026-10-01 09:00:00,광주,KIM,2026-09-23 12:00:00,180,7,t2m,16.6,19.6,-3.0
2026-10-01 09:00:00,광주,KIM,2026-09-23 12:00:00,180,7,tcc,74.0,90.0,-16.0
2026-10-01 09:00:00,광주,KIM,2026-09-23 00:00:00,192,8,t2m,13.5,19.6,-6.1
2026-10-01 09:00:00,광주,KIM,2026-09-23 00:00:00,192,8,tcc,94.0,90.0,4.0
2026-10-01 09:00:00,광주,KIM,2026-09-22 12:00:00,204,8,t2m,18.9,19.6,-0.7
2026-10-01 09:00:00,광주,KIM,2026-09-22 12:00:00,204,8,tcc,11.0,90.0,-79.0
2026-10-01 09:00:00,광주,KIM,2026-09-22 00:00:00,216,9,t2m,17.9,19.6,-1.7
2026-10-01 09:00:00,광주,KIM,2026-09-22 00:00:00,216,9,tcc,98.0,90.0,8.0
2026-10-01 09:00:00,광주,KIM,2026-09-21 12:00:00,228,9,t2m,17.7,19.6,-1.9
2026-10-01 09:00:00,광주,KIM,2026-09-21 12:00:00,228,9,tcc,32.0,90.0,-58.0
2026-10-01 09:00:00,광주,KIM,2026-09-21 00:00:00,240,10,t2m,17.8,19.6,-1.8
2026-10-01 09:00:00,광주,KIM,2026-09-21 00:00:00,240,10,tcc,7.0,90.0,-83.0
2026-10-01 09:00:00,광주,KIM,2026-09-20 12:00:00,252,10,t2m,18.6,19.6,-1.0
2026-10-01 09:00:00,광주,KIM,2026-09-20 12:00:00,252,10,tcc,100.0,90.0,10.0
2026-10-01 09:00:00,광주,KIM,2026-09-19 12:00:00,276,11,t2m,18.8,19.6,-0.8
2026-10-01 09:00:00,광주,KIM,2026-09-19 12:00:00,276,11,tcc,83.0,90.0,-7.0
2026-10-01 09:00:00,광주,KIM,2026-09-19 00:00:00,288,12,t2m,20.2,19.6,0.6
2026-10-01 09:00:00,광주,KIM,2026-09-19 00:00:00,288,12,tcc,100.0,90.0,10.0
2026-10-01 09:00:00,대구,ECMWF,2026-09-30 12:00:00,12,0,dswrf,63.0,49.07,13.93
2026-10-01 09:00:00,대구,ECMWF,2026-09-30 12:00:00,12,0,t2m,16.8,21.6,-4.8
2026-10-01 09:00:00,대구,ECMWF,2026-09-30 12:00:00,12,0,tcc,60.0,90.0,-30.0
2026-10-01 09:00:00,대구,ECMWF,2026-09-29 12:00:00,36,1,dswrf,68.0,49.07,18.93
2026-10-01 09:00:00,대구,ECMWF,2026-09-29 12:00:00,36,1,t2m,14.9,21.6,-6.7
2026-10-01 09:00:00,대구,ECMWF,2026-09-29 12:00:00,36,1,tcc,94.0,90.0,4.0
2026-10-01 09:00:00,대구,ECMWF,2026-09-28 12:00:00,60,2,dswrf,190.0,49.07,140.93
2026-10-01 09:00:00,대구,ECMWF,2026-09-28 12:00:00,60,2,t2m,16.4,21.6,-5.2
2026-10-01 09:00:00,대구,ECMWF,2026-09-28 12:00:00,60,2,tcc,0.0,90.0,-90.0
2026-10-01 09:00:00,대구,ECMWF,2026-09-28 00:00:00,72,3,dswrf,193.0,49.07,143.93
2026-10-01 09:00:00,대구,ECMWF,2026-09-28 00:00:00,72,3,t2m,16.1,21.6,-5.5
2026-10-01 09:00:00,대구,ECMWF,2026-09-28 00:00:00,72,3,tcc,0.0,90.0,-90.0
2026-10-01 09:00:00,대구,ECMWF,2026-09-27 12:00:00,84,3,dswrf,193.0,49.07,143.93
2026-10-01 09:00:00,대구,ECMWF,2026-09-27 12:00:00,84,3,t2m,16.1,21.6,-5.5
2026-10-01 09:00:00,대구,ECMWF,2026-09-27 12:00:00,84,3,tcc,0.0,90.0,-90.0
2026-10-01 09:00:00,대구,ECMWF,2026-09-26 12:00:00,108,4,dswrf,196.0,49.07,146.93
2026-10-01 09:00:00,대구,ECMWF,2026-09-26 12:00:00,108,4,t2m,15.6,21.6,-6.0
2026-10-01 09:00:00,대구,ECMWF,2026-09-26 12:00:00,108,4,tcc,0.0,90.0,-90.0
2026-10-01 09:00:00,대구,ECMWF,2026-09-25 12:00:00,132,5,dswrf,193.0,49.07,143.93
2026-10-01 09:00:00,대구,ECMWF,2026-09-25 12:00:00,132,5,t2m,16.0,21.6,-5.6
2026-10-01 09:00:00,대구,ECMWF,2026-09-25 12:00:00,132,5,tcc,2.0,90.0,-88.0
2026-10-01 09:00:00,대구,ECMWF,2026-09-24 12:00:00,156,6,dswrf,101.0,,
2026-10-01 09:00:00,대구,ECMWF,2026-09-24 12:00:00,156,6,t2m,16.1,21.6,-5.5
2026-10-01 09:00:00,대구,ECMWF,2026-09-24 12:00:00,156,6,tcc,0.0,90.0,-90.0
2026-10-01 09:00:00,대구,ECMWF,2026-09-23 12:00:00,180,7,dswrf,102.0,,
2026-10-01 09:00:00,대구,ECMWF,2026-09-23 12:00:00,180,7,t2m,15.1,21.6,-6.5
2026-10-01 09:00:00,대구,ECMWF,2026-09-23 12:00:00,180,7,tcc,0.0,90.0,-90.0
2026-10-01 09:00:00,대구,ECMWF,2026-09-22 12:00:00,204,8,dswrf,101.0,,
2026-10-01 09:00:00,대구,ECMWF,2026-09-22 12:00:00,204,8,t2m,14.6,21.6,-7.0
2026-10-01 09:00:00,대구,ECMWF,2026-09-22 12:00:00,204,8,tcc,0.0,90.0,-90.0
2026-10-01 09:00:00,대구,ECMWF,2026-09-21 12:00:00,228,9,dswrf,61.0,,
2026-10-01 09:00:00,대구,ECMWF,2026-09-21 12:00:00,228,9,t2m,15.3,21.6,-6.3
2026-10-01 09:00:00,대구,ECMWF,2026-09-21 12:00:00,228,9,tcc,81.0,90.0,-9.0
2026-10-01 09:00:00,대구,GFS,2026-10-01 00:00:00,0,0,t2m,17.8,21.6,-3.8
2026-10-01 09:00:00,대구,GFS,2026-10-01 00:00:00,0,0,tcc,80.0,90.0,-10.0
2026-10-01 09:00:00,대구,GFS,2026-09-30 18:00:00,6,0,dswrf,96.0,49.07,46.93
2026-10-01 09:00:00,대구,GFS,2026-09-30 18:00:00,6,0,t2m,18.4,21.6,-3.2
2026-10-01 09:00:00,대구,GFS,2026-09-30 18:00:00,6,0,tcc,88.0,90.0,-2.0
2026-10-01 09:00:00,대구,GFS,2026-09-30 12:00:00,12,0,dswrf,43.0,49.07,-6.07
2026-10-01 09:00:00,대구,GFS,2026-09-30 12:00:00,12,0,t2m,16.4,21.6,-5.2
2026-10-01 09:00:00,대구,GFS,2026-09-30 12:00:00,12,0,tcc,86.0,90.0,-4.0
2026-10-01 09:00:00,대구,GFS,2026-09-30 00:00:00,24,1,dswrf,75.0,49.07,25.93
2026-10-01 09:00:00,대구,GFS,2026-09-30 00:00:00,24,1,t2m,15.8,21.6,-5.8
2026-10-01 09:00:00,대구,GFS,2026-09-30 00:00:00,24,1,tcc,93.0,90.0,3.0
2026-10-01 09:00:00,대구,GFS,2026-09-29 18:00:00,30,1,dswrf,161.0,49.07,111.93
2026-10-01 09:00:00,대구,GFS,2026-09-29 18:00:00,30,1,t2m,16.6,21.6,-5.0
2026-10-01 09:00:00,대구,GFS,2026-09-29 18:00:00,30,1,tcc,12.0,90.0,-78.0
2026-10-01 09:00:00,대구,GFS,2026-09-29 12:00:00,36,1,dswrf,135.0,49.07,85.93
2026-10-01 09:00:00,대구,GFS,2026-09-29 12:00:00,36,1,t2m,16.3,21.6,-5.3
2026-10-01 09:00:00,대구,GFS,2026-09-29 12:00:00,36,1,tcc,57.0,90.0,-33.0
2026-10-01 09:00:00,대구,GFS,2026-09-29 00:00:00,48,2,dswrf,12.0,49.07,-37.07
2026-10-01 09:00:00,대구,GFS,2026-09-29 00:00:00,48,2,t2m,14.3,21.6,-7.3
2026-10-01 09:00:00,대구,GFS,2026-09-29 00:00:00,48,2,tcc,100.0,90.0,10.0
2026-10-01 09:00:00,대구,GFS,2026-09-28 18:00:00,54,2,dswrf,19.0,49.07,-30.07
2026-10-01 09:00:00,대구,GFS,2026-09-28 18:00:00,54,2,t2m,14.9,21.6,-6.7
2026-10-01 09:00:00,대구,GFS,2026-09-28 18:00:00,54,2,tcc,99.0,90.0,9.0
2026-10-01 09:00:00,대구,GFS,2026-09-28 12:00:00,60,2,dswrf,73.0,49.07,23.93
2026-10-01 09:00:00,대구,GFS,2026-09-28 12:00:00,60,2,t2m,15.6,21.6,-6.0
2026-10-01 09:00:00,대구,GFS,2026-09-28 12:00:00,60,2,tcc,65.0,90.0,-25.0
2026-10-01 09:00:00,대구,GFS,2026-09-28 00:00:00,72,3,dswrf,179.0,49.07,129.93
2026-10-01 09:00:00,대구,GFS,2026-09-28 00:00:00,72,3,t2m,16.0,21.6,-5.6
2026-10-01 09:00:00,대구,GFS,2026-09-28 00:00:00,72,3,tcc,39.0,90.0,-51.0
2026-10-01 09:00:00,대구,GFS,2026-09-27 18:00:00,78,3,dswrf,186.0,49.07,136.93
2026-10-01 09:00:00,대구,GFS,2026-09-27 18:00:00,78,3,t2m,15.7,21.6,-5.9
2026-10-01 09:00:00,대구,GFS,2026-09-27 18:00:00,78,3,tcc,5.0,90.0,-85.0
2026-10-01 09:00:00,대구,GFS,2026-09-27 12:00:00,84,3,dswrf,170.0,49.07,120.93
2026-10-01 09:00:00,대구,GFS,2026-09-27 12:00:00,84,3,t2m,16.2,21.6,-5.4
2026-10-01 09:00:00,대구,GFS,2026-09-27 12:00:00,84,3,tcc,34.0,90.0,-56.0
2026-10-01 09:00:00,대구,GFS,2026-09-27 00:00:00,96,4,dswrf,186.0,49.07,136.93
2026-10-01 09:00:00,대구,GFS,2026-09-27 00:00:00,96,4,t2m,15.6,21.6,-6.0
2026-10-01 09:00:00,대구,GFS,2026-09-27 00:00:00,96,4,tcc,24.0,90.0,-66.0
2026-10-01 09:00:00,대구,GFS,2026-09-26 18:00:00,102,4,dswrf,188.0,49.07,138.93
2026-10-01 09:00:00,대구,GFS,2026-09-26 18:00:00,102,4,t2m,15.6,21.6,-6.0
2026-10-01 09:00:00,대구,GFS,2026-09-26 18:00:00,102,4,tcc,2.0,90.0,-88.0
2026-10-01 09:00:00,대구,GFS,2026-09-26 00:00:00,120,5,dswrf,139.0,49.07,89.93
2026-10-01 09:00:00,대구,GFS,2026-09-26 00:00:00,120,5,t2m,17.5,21.6,-4.1
2026-10-01 09:00:00,대구,GFS,2026-09-26 00:00:00,120,5,tcc,82.0,90.0,-8.0
2026-10-01 09:00:00,대구,GFS,2026-09-25 18:00:00,126,5,dswrf,65.0,,
2026-10-01 09:00:00,대구,GFS,2026-09-25 18:00:00,126,5,t2m,17.8,21.6,-3.8
2026-10-01 09:00:00,대구,GFS,2026-09-25 18:00:00,126,5,tcc,97.0,90.0,7.0
2026-10-01 09:00:00,대구,GFS,2026-09-25 12:00:00,132,5,dswrf,76.0,,
2026-10-01 09:00:00,대구,GFS,2026-09-25 12:00:00,132,5,t2m,17.0,21.6,-4.6
2026-10-01 09:00:00,대구,GFS,2026-09-25 12:00:00,132,5,tcc,22.0,90.0,-68.0
2026-10-01 09:00:00,대구,GFS,2026-09-25 00:00:00,144,6,dswrf,79.0,,
2026-10-01 09:00:00,대구,GFS,2026-09-25 00:00:00,144,6,t2m,16.0,21.6,-5.6
2026-10-01 09:00:00,대구,GFS,2026-09-25 00:00:00,144,6,tcc,98.0,90.0,8.0
2026-10-01 09:00:00,대구,GFS,2026-09-24 18:00:00,150,6,dswrf,65.0,,
2026-10-01 09:00:00,대구,GFS,2026-09-24 18:00:00,150,6,t2m,14.1,21.6,-7.5
2026-10-01 09:00:00,대구,GFS,2026-09-24 18:00:00,150,6,tcc,99.0,90.0,9.0
2026-10-01 09:00:00,대구,GFS,2026-09-24 12:00:00,156,6,dswrf,27.0,,
2026-10-01 09:00:00,대구,GFS,2026-09-24 12:00:00,156,6,t2m,14.4,21.6,-7.2
2026-10-01 09:00:00,대구,GFS,2026-09-24 12:00:00,156,6,tcc,100.0,90.0,10.0
2026-10-01 09:00:00,대구,GFS,2026-09-24 00:00:00,168,7,dswrf,92.0,,
2026-10-01 09:00:00,대구,GFS,2026-09-24 00:00:00,168,7,t2m,14.2,21.6,-7.4
2026-10-01 09:00:00,대구,GFS,2026-09-24 00:00:00,168,7,tcc,53.0,90.0,-37.0
2026-10-01 09:00:00,대구,GFS,2026-09-23 18:00:00,174,7,dswrf,98.0,,
2026-10-01 09:00:00,대구,GFS,2026-09-23 18:00:00,174,7,t2m,14.4,21.6,-7.2
2026-10-01 09:00:00,대구,GFS,2026-09-23 18:00:00,174,7,tcc,13.0,90.0,-77.0
2026-10-01 09:00:00,대구,GFS,2026-09-23 12:00:00,180,7,dswrf,64.0,,
2026-10-01 09:00:00,대구,GFS,2026-09-23 12:00:00,180,7,t2m,12.6,21.6,-9.0
2026-10-01 09:00:00,대구,GFS,2026-09-23 12:00:00,180,7,tcc,87.0,90.0,-3.0
2026-10-01 09:00:00,대구,GFS,2026-09-23 00:00:00,192,8,dswrf,21.0,,
2026-10-01 09:00:00,대구,GFS,2026-09-23 00:00:00,192,8,t2m,19.3,21.6,-2.3
2026-10-01 09:00:00,대구,GFS,2026-09-23 00:00:00,192,8,tcc,100.0,90.0,10.0
2026-10-01 09:00:00,대구,GFS,2026-09-22 18:00:00,198,8,dswrf,30.0,,
2026-10-01 09:00:00,대구,GFS,2026-09-22 18:00:00,198,8,t2m,18.9,21.6,-2.7
2026-10-01 09:00:00,대구,GFS,2026-09-22 18:00:00,198,8,tcc,100.0,90.0,10.0
2026-10-01 09:00:00,대구,GFS,2026-09-22 12:00:00,204,8,dswrf,92.0,,
2026-10-01 09:00:00,대구,GFS,2026-09-22 12:00:00,204,8,t2m,18.8,21.6,-2.8
2026-10-01 09:00:00,대구,GFS,2026-09-22 12:00:00,204,8,tcc,11.0,90.0,-79.0
2026-10-01 09:00:00,대구,GFS,2026-09-22 00:00:00,216,9,dswrf,90.0,,
2026-10-01 09:00:00,대구,GFS,2026-09-22 00:00:00,216,9,t2m,15.7,21.6,-5.9
2026-10-01 09:00:00,대구,GFS,2026-09-22 00:00:00,216,9,tcc,64.0,90.0,-26.0
2026-10-01 09:00:00,대구,GFS,2026-09-21 18:00:00,222,9,dswrf,96.0,,
2026-10-01 09:00:00,대구,GFS,2026-09-21 18:00:00,222,9,t2m,16.0,21.6,-5.6
2026-10-01 09:00:00,대구,GFS,2026-09-21 18:00:00,222,9,tcc,4.0,90.0,-86.0
2026-10-01 09:00:00,대구,GFS,2026-09-21 12:00:00,228,9,dswrf,81.0,,
2026-10-01 09:00:00,대구,GFS,2026-09-21 12:00:00,228,9,t2m,13.9,21.6,-7.7
2026-10-01 09:00:00,대구,GFS,2026-09-21 12:00:00,228,9,tcc,88.0,90.0,-2.0
2026-10-01 09:00:00,대구,GFS,2026-09-21 00:00:00,240,10,dswrf,25.0,,
2026-10-01 09:00:00,대구,GFS,2026-09-21 00:00:00,240,10,t2m,18.2,21.6,-3.4
2026-10-01 09:00:00,대구,GFS,2026-09-21 00:00:00,240,10,tcc,100.0,90.0,10.0
2026-10-01 09:00:00,대구,KIM,2026-10-01 00:00:00,0,0,t2m,17.8,21.6,-3.8
2026-10-01 09:00:00,대구,KIM,2026-10-01 00:00:00,0,0,tcc,71.0,90.0,-19.0
2026-10-01 09:00:00,대구,KIM,2026-09-30 12:00:00,12,0,dswrf,132.0,49.07,82.93
2026-10-01 09:00:00,대구,KIM,2026-09-30 12:00:00,12,0,t2m,16.7,21.6,-4.9
2026-10-01 09:00:00,대구,KIM,2026-09-30 12:00:00,12,0,tcc,69.0,90.0,-21.0
2026-10-01 09:00:00,대구,KIM,2026-09-30 00:00:00,24,1,dswrf,148.0,49.07,98.93
2026-10-01 09:00:00,대구,KIM,2026-09-30 00:00:00,24,1,t2m,15.9,21.6,-5.7
2026-10-01 09:00:00,대구,KIM,2026-09-30 00:00:00,24,1,tcc,38.0,90.0,-52.0
2026-10-01 09:00:00,대구,KIM,2026-09-29 12:00:00,36,1,dswrf,167.0,49.07,117.93
2026-10-01 09:00:00,대구,KIM,2026-09-29 12:00:00,36,1,t2m,15.4,21.6,-6.2
2026-10-01 09:00:00,대구,KIM,2026-09-29 12:00:00,36,1,tcc,47.0,90.0,-43.0
2026-10-01 09:00:00,대구,KIM,2026-09-29 00:00:00,48,2,dswrf,163.0,49.07,113.93
2026-10-01 09:00:00,대구,KIM,2026-09-29 00:00:00,48,2,t2m,14.9,21.6,-6.7
2026-10-01 09:00:00,대구,KIM,2026-09-29 00:00:00,48,2,tcc,73.0,90.0,-17.0
2026-10-01 09:00:00,대구,KIM,2026-09-28 12:00:00,60,2,dswrf,177.0,49.07,127.93
2026-10-01 09:00:00,대구,KIM,2026-09-28 12:00:00,60,2,t2m,14.4,21.6,-7.2
2026-10-01 09:00:00,대구,KIM,2026-09-28 12:00:00,60,2,tcc,32.0,90.0,-58.0
2026-10-01 09:00:00,대구,KIM,2026-09-28 00:00:00,72,3,dswrf,176.0,49.07,126.93
2026-10-01 09:00:00,대구,KIM,2026-09-28 00:00:00,72,3,t2m,15.1,21.6,-6.5
2026-10-01 09:00:00,대구,KIM,2026-09-28 00:00:00,72,3,tcc,1.0,90.0,-89.0
2026-10-01 09:00:00,대구,KIM,2026-09-27 12:00:00,84,3,dswrf,162.0,49.07,112.93
2026-10-01 09:00:00,대구,KIM,2026-09-27 12:00:00,84,3,t2m,15.6,21.6,-6.0
2026-10-01 09:00:00,대구,KIM,2026-09-27 12:00:00,84,3,tcc,18.0,90.0,-72.0
2026-10-01 09:00:00,대구,KIM,2026-09-27 00:00:00,96,4,dswrf,178.0,49.07,128.93
2026-10-01 09:00:00,대구,KIM,2026-09-27 00:00:00,96,4,t2m,15.9,21.6,-5.7
2026-10-01 09:00:00,대구,KIM,2026-09-27 00:00:00,96,4,tcc,0.0,90.0,-90.0
2026-10-01 09:00:00,대구,KIM,2026-09-26 12:00:00,108,4,dswrf,182.0,49.07,132.93
2026-10-01 09:00:00,대구,KIM,2026-09-26 12:00:00,108,4,t2m,15.1,21.6,-6.5
2026-10-01 09:00:00,대구,KIM,2026-09-26 12:00:00,108,4,tcc,71.0,90.0,-19.0
2026-10-01 09:00:00,대구,KIM,2026-09-26 00:00:00,120,5,dswrf,191.0,49.07,141.93
2026-10-01 09:00:00,대구,KIM,2026-09-26 00:00:00,120,5,t2m,14.3,21.6,-7.3
2026-10-01 09:00:00,대구,KIM,2026-09-26 00:00:00,120,5,tcc,19.0,90.0,-71.0
2026-10-01 09:00:00,대구,KIM,2026-09-25 12:00:00,132,5,t2m,15.6,21.6,-6.0
2026-10-01 09:00:00,대구,KIM,2026-09-25 12:00:00,132,5,tcc,1.0,90.0,-89.0
2026-10-01 09:00:00,대구,KIM,2026-09-25 00:00:00,144,6,t2m,15.9,21.6,-5.7
2026-10-01 09:00:00,대구,KIM,2026-09-25 00:00:00,144,6,tcc,88.0,90.0,-2.0
2026-10-01 09:00:00,대구,KIM,2026-09-24 12:00:00,156,6,t2m,15.8,21.6,-5.8
2026-10-01 09:00:00,대구,KIM,2026-09-24 12:00:00,156,6,tcc,81.0,90.0,-9.0
2026-10-01 09:00:00,대구,KIM,2026-09-24 00:00:00,168,7,t2m,13.5,21.6,-8.1
2026-10-01 09:00:00,대구,KIM,2026-09-24 00:00:00,168,7,tcc,62.0,90.0,-28.0
2026-10-01 09:00:00,대구,KIM,2026-09-23 12:00:00,180,7,t2m,14.4,21.6,-7.2
2026-10-01 09:00:00,대구,KIM,2026-09-23 12:00:00,180,7,tcc,73.0,90.0,-17.0
2026-10-01 09:00:00,대구,KIM,2026-09-23 00:00:00,192,8,t2m,12.2,21.6,-9.4
2026-10-01 09:00:00,대구,KIM,2026-09-23 00:00:00,192,8,tcc,68.0,90.0,-22.0
2026-10-01 09:00:00,대구,KIM,2026-09-22 12:00:00,204,8,t2m,16.8,21.6,-4.8
2026-10-01 09:00:00,대구,KIM,2026-09-22 12:00:00,204,8,tcc,2.0,90.0,-88.0
2026-10-01 09:00:00,대구,KIM,2026-09-22 00:00:00,216,9,t2m,17.0,21.6,-4.6
2026-10-01 09:00:00,대구,KIM,2026-09-22 00:00:00,216,9,tcc,99.0,90.0,9.0
2026-10-01 09:00:00,대구,KIM,2026-09-21 12:00:00,228,9,t2m,15.1,21.6,-6.5
2026-10-01 09:00:00,대구,KIM,2026-09-21 12:00:00,228,9,tcc,40.0,90.0,-50.0
2026-10-01 09:00:00,대구,KIM,2026-09-21 00:00:00,240,10,t2m,15.6,21.6,-6.0
2026-10-01 09:00:00,대구,KIM,2026-09-21 00:00:00,240,10,tcc,0.0,90.0,-90.0
2026-10-01 09:00:00,대구,KIM,2026-09-20 12:00:00,252,10,t2m,19.1,21.6,-2.5
2026-10-01 09:00:00,대구,KIM,2026-09-20 12:00:00,252,10,tcc,88.0,90.0,-2.0
2026-10-01 09:00:00,대구,KIM,2026-09-19 12:00:00,276,11,t2m,17.6,21.6,-4.0
2026-10-01 09:00:00,대구,KIM,2026-09-19 12:00:00,276,11,tcc,98.0,90.0,8.0
2026-10-01 09:00:00,대구,KIM,2026-09-19 00:00:00,288,12,t2m,20.0,21.6,-1.6
2026-10-01 09:00:00,대구,KIM,2026-09-19 00:00:00,288,12,tcc,98.0,90.0,8.0
2026-10-01 09:00:00,대전,ECMWF,2026-09-30 12:00:00,12,0,dswrf,67.0,95.37,-28.37
2026-10-01 09:00:00,대전,ECMWF,2026-09-30 12:00:00,12,0,t2m,16.0,17.5,-1.5
2026-10-01 09:00:00,대전,ECMWF,2026-09-30 12:00:00,12,0,tcc,67.0,90.0,-23.0
2026-10-01 09:00:00,대전,ECMWF,2026-09-29 12:00:00,36,1,dswrf,65.0,95.37,-30.37
2026-10-01 09:00:00,대전,ECMWF,2026-09-29 12:00:00,36,1,t2m,14.9,17.5,-2.6
2026-10-01 09:00:00,대전,ECMWF,2026-09-29 12:00:00,36,1,tcc,94.0,90.0,4.0
2026-10-01 09:00:00,대전,ECMWF,2026-09-28 12:00:00,60,2,dswrf,180.0,95.37,84.63
2026-10-01 09:00:00,대전,ECMWF,2026-09-28 12:00:00,60,2,t2m,15.4,17.5,-2.1
2026-10-01 09:00:00,대전,ECMWF,2026-09-28 12:00:00,60,2,tcc,0.0,90.0,-90.0
2026-10-01 09:00:00,대전,ECMWF,2026-09-28 00:00:00,72,3,dswrf,180.0,95.37,84.63
2026-10-01 09:00:00,대전,ECMWF,2026-09-28 00:00:00,72,3,t2m,15.3,17.5,-2.2
2026-10-01 09:00:00,대전,ECMWF,2026-09-28 00:00:00,72,3,tcc,2.0,90.0,-88.0
2026-10-01 09:00:00,대전,ECMWF,2026-09-27 12:00:00,84,3,dswrf,178.0,95.37,82.63
2026-10-01 09:00:00,대전,ECMWF,2026-09-27 12:00:00,84,3,t2m,15.6,17.5,-1.9
2026-10-01 09:00:00,대전,ECMWF,2026-09-27 12:00:00,84,3,tcc,1.0,90.0,-89.0
2026-10-01 09:00:00,대전,ECMWF,2026-09-26 12:00:00,108,4,dswrf,176.0,95.37,80.63
2026-10-01 09:00:00,대전,ECMWF,2026-09-26 12:00:00,108,4,t2m,16.2,17.5,-1.3
2026-10-01 09:00:00,대전,ECMWF,2026-09-26 12:00:00,108,4,tcc,1.0,90.0,-89.0
2026-10-01 09:00:00,대전,ECMWF,2026-09-25 12:00:00,132,5,dswrf,177.0,95.37,81.63
2026-10-01 09:00:00,대전,ECMWF,2026-09-25 12:00:00,132,5,t2m,15.6,17.5,-1.9
2026-10-01 09:00:00,대전,ECMWF,2026-09-25 12:00:00,132,5,tcc,3.0,90.0,-87.0
2026-10-01 09:00:00,대전,ECMWF,2026-09-24 12:00:00,156,6,dswrf,91.0,,
2026-10-01 09:00:00,대전,ECMWF,2026-09-24 12:00:00,156,6,t2m,16.4,17.5,-1.1
2026-10-01 09:00:00,대전,ECMWF,2026-09-24 12:00:00,156,6,tcc,0.0,90.0,-90.0
2026-10-01 09:00:00,대전,ECMWF,2026-09-23 12:00:00,180,7,dswrf,89.0,,
2026-10-01 09:00:00,대전,ECMWF,2026-09-23 12:00:00,180,7,t2m,15.6,17.5,-1.9
2026-10-01 09:00:00,대전,ECMWF,2026-09-23 12:00:00,180,7,tcc,0.0,90.0,-90.0
2026-10-01 09:00:00,대전,ECMWF,2026-09-22 12:00:00,204,8,dswrf,88.0,,
2026-10-01 09:00:00,대전,ECMWF,2026-09-22 12:00:00,204,8,t2m,15.5,17.5,-2.0
2026-10-01 09:00:00,대전,ECMWF,2026-09-22 12:00:00,204,8,tcc,0.0,90.0,-90.0
2026-10-01 09:00:00,대전,ECMWF,2026-09-21 12:00:00,228,9,dswrf,72.0,,
2026-10-01 09:00:00,대전,ECMWF,2026-09-21 12:00:00,228,9,t2m,16.5,17.5,-1.0
2026-10-01 09:00:00,대전,ECMWF,2026-09-21 12:00:00,228,9,tcc,95.0,90.0,5.0
2026-10-01 09:00:00,대전,GFS,2026-10-01 00:00:00,0,0,t2m,15.9,17.5,-1.6
2026-10-01 09:00:00,대전,GFS,2026-10-01 00:00:00,0,0,tcc,96.0,90.0,6.0
2026-10-01 09:00:00,대전,GFS,2026-09-30 18:00:00,6,0,dswrf,67.0,95.37,-28.37
2026-10-01 09:00:00,대전,GFS,2026-09-30 18:00:00,6,0,t2m,15.8,17.5,-1.7
2026-10-01 09:00:00,대전,GFS,2026-09-30 18:00:00,6,0,tcc,89.0,90.0,-1.0
2026-10-01 09:00:00,대전,GFS,2026-09-30 12:00:00,12,0,dswrf,72.0,95.37,-23.37
2026-10-01 09:00:00,대전,GFS,2026-09-30 12:00:00,12,0,t2m,16.2,17.5,-1.3
2026-10-01 09:00:00,대전,GFS,2026-09-30 12:00:00,12,0,tcc,89.0,90.0,-1.0
2026-10-01 09:00:00,대전,GFS,2026-09-30 00:00:00,24,1,dswrf,156.0,95.37,60.63
2026-10-01 09:00:00,대전,GFS,2026-09-30 00:00:00,24,1,t2m,16.6,17.5,-0.9
2026-10-01 09:00:00,대전,GFS,2026-09-30 00:00:00,24,1,tcc,25.0,90.0,-65.0
2026-10-01 09:00:00,대전,GFS,2026-09-29 18:00:00,30,1,dswrf,138.0,95.37,42.63
2026-10-01 09:00:00,대전,GFS,2026-09-29 18:00:00,30,1,t2m,15.9,17.5,-1.6
2026-10-01 09:00:00,대전,GFS,2026-09-29 18:00:00,30,1,tcc,28.0,90.0,-62.0
2026-10-01 09:00:00,대전,GFS,2026-09-29 12:00:00,36,1,dswrf,168.0,95.37,72.63
2026-10-01 09:00:00,대전,GFS,2026-09-29 12:00:00,36,1,t2m,16.4,17.5,-1.1
2026-10-01 09:00:00,대전,GFS,2026-09-29 12:00:00,36,1,tcc,25.0,90.0,-65.0
2026-10-01 09:00:00,대전,GFS,2026-09-29 00:00:00,48,2,dswrf,88.0,95.37,-7.37
2026-10-01 09:00:00,대전,GFS,2026-09-29 00:00:00,48,2,t2m,16.3,17.5,-1.2
2026-10-01 09:00:00,대전,GFS,2026-09-29 00:00:00,48,2,tcc,52.0,90.0,-38.0
2026-10-01 09:00:00,대전,GFS,2026-09-28 18:00:00,54,2,dswrf,154.0,95.37,58.63
2026-10-01 09:00:00,대전,GFS,2026-09-28 18:00:00,54,2,t2m,17.1,17.5,-0.4
2026-10-01 09:00:00,대전,GFS,2026-09-28 18:00:00,54,2,tcc,50.0,90.0,-40.0
2026-10-01 09:00:00,대전,GFS,2026-09-28 12:00:00,60,2,dswrf,167.0,95.37,71.63
2026-10-01 09:00:00,대전,GFS,2026-09-28 12:00:00,60,2,t2m,16.6,17.5,-0.9
2026-10-01 09:00:00,대전,GFS,2026-09-28 12:00:00,60,2,tcc,4.0,90.0,-86.0
2026-10-01 09:00:00,대전,GFS,2026-09-28 00:00:00,72,3,dswrf,175.0,95.37,79.63
2026-10-01 09:00:00,대전,GFS,2026-09-28 00:00:00,72,3,t2m,16.3,17.5,-1.2
2026-10-01 09:00:00,대전,GFS,2026-09-28 00:00:00,72,3,tcc,0.0,90.0,-90.0
2026-10-01 09:00:00,대전,GFS,2026-09-27 18:00:00,78,3,dswrf,177.0,95.37,81.63
2026-10-01 09:00:00,대전,GFS,2026-09-27 18:00:00,78,3,t2m,16.0,17.5,-1.5
2026-10-01 09:00:00,대전,GFS,2026-09-27 18:00:00,78,3,tcc,14.0,90.0,-76.0
2026-10-01 09:00:00,대전,GFS,2026-09-27 12:00:00,84,3,dswrf,165.0,95.37,69.63
2026-10-01 09:00:00,대전,GFS,2026-09-27 12:00:00,84,3,t2m,16.3,17.5,-1.2
2026-10-01 09:00:00,대전,GFS,2026-09-27 12:00:00,84,3,tcc,4.0,90.0,-86.0
2026-10-01 09:00:00,대전,GFS,2026-09-27 00:00:00,96,4,dswrf,171.0,95.37,75.63
2026-10-01 09:00:00,대전,GFS,2026-09-27 00:00:00,96,4,t2m,15.9,17.5,-1.6
2026-10-01 09:00:00,대전,GFS,2026-09-27 00:00:00,96,4,tcc,0.0,90.0,-90.0
2026-10-01 09:00:00,대전,GFS,2026-09-26 18:00:00,102,4,dswrf,173.0,95.37,77.63
2026-10-01 09:00:00,대전,GFS,2026-09-26 18:00:00,102,4,t2m,15.7,17.5,-1.8
2026-10-01 09:00:00,대전,GFS,2026-09-26 18:00:00,102,4,tcc,1.0,90.0,-89.0
2026-10-01 09:00:00,대전,GFS,2026-09-26 00:00:00,120,5,dswrf,161.0,95.37,65.63
2026-10-01 09:00:00,대전,GFS,2026-09-26 00:00:00,120,5,t2m,16.4,17.5,-1.1
2026-10-01 09:00:00,대전,GFS,2026-09-26 00:00:00,120,5,tcc,34.0,90.0,-56.0
2026-10-01 09:00:00,대전,GFS,2026-09-25 18:00:00,126,5,dswrf,79.0,,
2026-10-01 09:00:00,대전,GFS,2026-09-25 18:00:00,126,5,t2m,16.3,17.5,-1.2
2026-10-01 09:00:00,대전,GFS,2026-09-25 18:00:00,126,5,tcc,81.0,90.0,-9.0
2026-10-01 09:00:00,대전,GFS,2026-09-25 12:00:00,132,5,dswrf,83.0,,
2026-10-01 09:00:00,대전,GFS,2026-09-25 12:00:00,132,5,t2m,15.9,17.5,-1.6
2026-10-01 09:00:00,대전,GFS,2026-09-25 12:00:00,132,5,tcc,0.0,90.0,-90.0
2026-10-01 09:00:00,대전,GFS,2026-09-25 00:00:00,144,6,dswrf,81.0,,
2026-10-01 09:00:00,대전,GFS,2026-09-25 00:00:00,144,6,t2m,15.7,17.5,-1.8
2026-10-01 09:00:00,대전,GFS,2026-09-25 00:00:00,144,6,tcc,45.0,90.0,-45.0
2026-10-01 09:00:00,대전,GFS,2026-09-24 18:00:00,150,6,dswrf,54.0,,
2026-10-01 09:00:00,대전,GFS,2026-09-24 18:00:00,150,6,t2m,14.7,17.5,-2.8
2026-10-01 09:00:00,대전,GFS,2026-09-24 18:00:00,150,6,tcc,98.0,90.0,8.0
2026-10-01 09:00:00,대전,GFS,2026-09-24 12:00:00,156,6,dswrf,45.0,,
2026-10-01 09:00:00,대전,GFS,2026-09-24 12:00:00,156,6,t2m,14.9,17.5,-2.6
2026-10-01 09:00:00,대전,GFS,2026-09-24 12:00:00,156,6,tcc,100.0,90.0,10.0
2026-10-01 09:00:00,대전,GFS,2026-09-24 00:00:00,168,7,dswrf,86.0,,
2026-10-01 09:00:00,대전,GFS,2026-09-24 00:00:00,168,7,t2m,15.2,17.5,-2.3
2026-10-01 09:00:00,대전,GFS,2026-09-24 00:00:00,168,7,tcc,66.0,90.0,-24.0
2026-10-01 09:00:00,대전,GFS,2026-09-23 18:00:00,174,7,dswrf,86.0,,
2026-10-01 09:00:00,대전,GFS,2026-09-23 18:00:00,174,7,t2m,15.8,17.5,-1.7
2026-10-01 09:00:00,대전,GFS,2026-09-23 18:00:00,174,7,tcc,1.0,90.0,-89.0
2026-10-01 09:00:00,대전,GFS,2026-09-23 12:00:00,180,7,dswrf,38.0,,
2026-10-01 09:00:00,대전,GFS,2026-09-23 12:00:00,180,7,t2m,12.7,17.5,-4.8
2026-10-01 09:00:00,대전,GFS,2026-09-23 12:00:00,180,7,tcc,100.0,90.0,10.0
2026-10-01 09:00:00,대전,GFS,2026-09-23 00:00:00,192,8,dswrf,38.0,,
2026-10-01 09:00:00,대전,GFS,2026-09-23 00:00:00,192,8,t2m,18.1,17.5,0.6
2026-10-01 09:00:00,대전,GFS,2026-09-23 00:00:00,192,8,tcc,100.0,90.0,10.0
2026-10-01 09:00:00,대전,GFS,2026-09-22 18:00:00,198,8,dswrf,19.0,,
2026-10-01 09:00:00,대전,GFS,2026-09-22 18:00:00,198,8,t2m,16.1,17.5,-1.4
2026-10-01 09:00:00,대전,GFS,2026-09-22 18:00:00,198,8,tcc,100.0,90.0,10.0
2026-10-01 09:00:00,대전,GFS,2026-09-22 12:00:00,204,8,dswrf,84.0,,
2026-10-01 09:00:00,대전,GFS,2026-09-22 12:00:00,204,8,t2m,19.1,17.5,1.6
2026-10-01 09:00:00,대전,GFS,2026-09-22 12:00:00,204,8,tcc,52.0,90.0,-38.0
2026-10-01 09:00:00,대전,GFS,2026-09-22 00:00:00,216,9,dswrf,81.0,,
2026-10-01 09:00:00,대전,GFS,2026-09-22 00:00:00,216,9,t2m,14.6,17.5,-2.9
2026-10-01 09:00:00,대전,GFS,2026-09-22 00:00:00,216,9,tcc,69.0,90.0,-21.0
2026-10-01 09:00:00,대전,GFS,2026-09-21 18:00:00,222,9,dswrf,89.0,,
2026-10-01 09:00:00,대전,GFS,2026-09-21 18:00:00,222,9,t2m,15.8,17.5,-1.7
2026-10-01 09:00:00,대전,GFS,2026-09-21 18:00:00,222,9,tcc,3.0,90.0,-87.0
2026-10-01 09:00:00,대전,GFS,2026-09-21 12:00:00,228,9,dswrf,85.0,,
2026-10-01 09:00:00,대전,GFS,2026-09-21 12:00:00,228,9,t2m,15.7,17.5,-1.8
2026-10-01 09:00:00,대전,GFS,2026-09-21 12:00:00,228,9,tcc,0.0,90.0,-90.0
2026-10-01 09:00:00,대전,GFS,2026-09-21 00:00:00,240,10,dswrf,62.0,,
2026-10-01 09:00:00,대전,GFS,2026-09-21 00:00:00,240,10,t2m,17.9,17.5,0.4
2026-10-01 09:00:00,대전,GFS,2026-09-21 00:00:00,240,10,tcc,99.0,90.0,9.0
2026-10-01 09:00:00,대전,KIM,2026-10-01 00:00:00,0,0,t2m,16.3,17.5,-1.2
2026-10-01 09:00:00,대전,KIM,2026-10-01 00:00:00,0,0,tcc,26.0,90.0,-64.0
2026-10-01 09:00:00,대전,KIM,2026-09-30 12:00:00,12,0,dswrf,105.0,95.37,9.63
2026-10-01 09:00:00,대전,KIM,2026-09-30 12:00:00,12,0,t2m,15.0,17.5,-2.5
2026-10-01 09:00:00,대전,KIM,2026-09-30 12:00:00,12,0,tcc,96.0,90.0,6.0
2026-10-01 09:00:00,대전,KIM,2026-09-30 00:00:00,24,1,dswrf,153.0,95.37,57.63
2026-10-01 09:00:00,대전,KIM,2026-09-30 00:00:00,24,1,t2m,15.0,17.5,-2.5
2026-10-01 09:00:00,대전,KIM,2026-09-30 00:00:00,24,1,tcc,23.0,90.0,-67.0
2026-10-01 09:00:00,대전,KIM,2026-09-29 12:00:00,36,1,dswrf,151.0,95.37,55.63
2026-10-01 09:00:00,대전,KIM,2026-09-29 12:00:00,36,1,t2m,14.8,17.5,-2.7
2026-10-01 09:00:00,대전,KIM,2026-09-29 12:00:00,36,1,tcc,22.0,90.0,-68.0
2026-10-01 09:00:00,대전,KIM,2026-09-29 00:00:00,48,2,dswrf,169.0,95.37,73.63
2026-10-01 09:00:00,대전,KIM,2026-09-29 00:00:00,48,2,t2m,14.6,17.5,-2.9
2026-10-01 09:00:00,대전,KIM,2026-09-29 00:00:00,48,2,tcc,12.0,90.0,-78.0
2026-10-01 09:00:00,대전,KIM,2026-09-28 12:00:00,60,2,dswrf,167.0,95.37,71.63
2026-10-01 09:00:00,대전,KIM,2026-09-28 12:00:00,60,2,t2m,14.3,17.5,-3.2
2026-10-01 09:00:00,대전,KIM,2026-09-28 12:00:00,60,2,tcc,0.0,90.0,-90.0
2026-10-01 09:00:00,대전,KIM,2026-09-28 00:00:00,72,3,dswrf,165.0,95.37,69.63
2026-10-01 09:00:00,대전,KIM,2026-09-28 00:00:00,72,3,t2m,14.6,17.5,-2.9
2026-10-01 09:00:00,대전,KIM,2026-09-28 00:00:00,72,3,tcc,0.0,90.0,-90.0
2026-10-01 09:00:00,대전,KIM,2026-09-27 12:00:00,84,3,dswrf,163.0,95.37,67.63
2026-10-01 09:00:00,대전,KIM,2026-09-27 12:00:00,84,3,t2m,15.2,17.5,-2.3
2026-10-01 09:00:00,대전,KIM,2026-09-27 12:00:00,84,3,tcc,50.0,90.0,-40.0
2026-10-01 09:00:00,대전,KIM,2026-09-27 00:00:00,96,4,dswrf,168.0,95.37,72.63
2026-10-01 09:00:00,대전,KIM,2026-09-27 00:00:00,96,4,t2m,15.4,17.5,-2.1
2026-10-01 09:00:00,대전,KIM,2026-09-27 00:00:00,96,4,tcc,0.0,90.0,-90.0
2026-10-01 09:00:00,대전,KIM,2026-09-26 12:00:00,108,4,dswrf,167.0,95.37,71.63
2026-10-01 09:00:00,대전,KIM,2026-09-26 12:00:00,108,4,t2m,14.6,17.5,-2.9
2026-10-01 09:00:00,대전,KIM,2026-09-26 12:00:00,108,4,tcc,3.0,90.0,-87.0
2026-10-01 09:00:00,대전,KIM,2026-09-26 00:00:00,120,5,dswrf,169.0,95.37,73.63
2026-10-01 09:00:00,대전,KIM,2026-09-26 00:00:00,120,5,t2m,14.1,17.5,-3.4
2026-10-01 09:00:00,대전,KIM,2026-09-26 00:00:00,120,5,tcc,21.0,90.0,-69.0
2026-10-01 09:00:00,대전,KIM,2026-09-25 12:00:00,132,5,t2m,15.0,17.5,-2.5
2026-10-01 09:00:00,대전,KIM,2026-09-25 12:00:00,132,5,tcc,47.0,90.0,-43.0
2026-10-01 09:00:00,대전,KIM,2026-09-25 00:00:00,144,6,t2m,14.9,17.5,-2.6
2026-10-01 09:00:00,대전,KIM,2026-09-25 00:00:00,144,6,tcc,56.0,90.0,-34.0
2026-10-01 09:00:00,대전,KIM,2026-09-24 12:00:00,156,6,t2m,15.4,17.5,-2.1
2026-10-01 09:00:00,대전,KIM,2026-09-24 12:00:00,156,6,tcc,58.0,90.0,-32.0
2026-10-01 09:00:00,대전,KIM,2026-09-24 00:00:00,168,7,t2m,13.7,17.5,-3.8
2026-10-01 09:00:00,대전,KIM,2026-09-24 00:00:00,168,7,tcc,38.0,90.0,-52.0
2026-10-01 09:00:00,대전,KIM,2026-09-23 12:00:00,180,7,t2m,14.9,17.5,-2.6
2026-10-01 09:00:00,대전,KIM,2026-09-23 12:00:00,180,7,tcc,20.0,90.0,-70.0
2026-10-01 09:00:00,대전,KIM,2026-09-23 00:00:00,192,8,t2m,12.4,17.5,-5.1
2026-10-01 09:00:00,대전,KIM,2026-09-23 00:00:00,192,8,tcc,87.0,90.0,-3.0
2026-10-01 09:00:00,대전,KIM,2026-09-22 12:00:00,204,8,t2m,18.1,17.5,0.6
2026-10-01 09:00:00,대전,KIM,2026-09-22 12:00:00,204,8,tcc,9.0,90.0,-81.0
2026-10-01 09:00:00,대전,KIM,2026-09-22 00:00:00,216,9,t2m,16.3,17.5,-1.2
2026-10-01 09:00:00,대전,KIM,2026-09-22 00:00:00,216,9,tcc,18.0,90.0,-72.0
2026-10-01 09:00:00,대전,KIM,2026-09-21 12:00:00,228,9,t2m,15.0,17.5,-2.5
2026-10-01 09:00:00,대전,KIM,2026-09-21 12:00:00,228,9,tcc,0.0,90.0,-90.0
2026-10-01 09:00:00,대전,KIM,2026-09-21 00:00:00,240,10,t2m,15.8,17.5,-1.7
2026-10-01 09:00:00,대전,KIM,2026-09-21 00:00:00,240,10,tcc,11.0,90.0,-79.0
2026-10-01 09:00:00,대전,KIM,2026-09-20 12:00:00,252,10,t2m,19.1,17.5,1.6
2026-10-01 09:00:00,대전,KIM,2026-09-20 12:00:00,252,10,tcc,76.0,90.0,-14.0
2026-10-01 09:00:00,대전,KIM,2026-09-19 12:00:00,276,11,t2m,16.1,17.5,-1.4
2026-10-01 09:00:00,대전,KIM,2026-09-19 12:00:00,276,11,tcc,100.0,90.0,10.0
2026-10-01 09:00:00,대전,KIM,2026-09-19 00:00:00,288,12,t2m,18.1,17.5,0.6
2026-10-01 09:00:00,대전,KIM,2026-09-19 00:00:00,288,12,tcc,97.0,90.0,7.0
2026-10-01 09:00:00,부산,ECMWF,2026-09-30 12:00:00,12,0,dswrf,75.0,95.37,-20.37
2026-10-01 09:00:00,부산,ECMWF,2026-09-30 12:00:00,12,0,t2m,21.1,22.6,-1.5
2026-10-01 09:00:00,부산,ECMWF,2026-09-30 12:00:00,12,0,tcc,92.0,90.0,2.0
2026-10-01 09:00:00,부산,ECMWF,2026-09-29 12:00:00,36,1,dswrf,65.0,95.37,-30.37
2026-10-01 09:00:00,부산,ECMWF,2026-09-29 12:00:00,36,1,t2m,19.8,22.6,-2.8
2026-10-01 09:00:00,부산,ECMWF,2026-09-29 12:00:00,36,1,tcc,81.0,90.0,-9.0
2026-10-01 09:00:00,부산,ECMWF,2026-09-28 12:00:00,60,2,dswrf,186.0,95.37,90.63
2026-10-01 09:00:00,부산,ECMWF,2026-09-28 12:00:00,60,2,t2m,20.4,22.6,-2.2
2026-10-01 09:00:00,부산,ECMWF,2026-09-28 12:00:00,60,2,tcc,2.0,90.0,-88.0
2026-10-01 09:00:00,부산,ECMWF,2026-09-28 00:00:00,72,3,dswrf,187.0,95.37,91.63
2026-10-01 09:00:00,부산,ECMWF,2026-09-28 00:00:00,72,3,t2m,20.5,22.6,-2.1
2026-10-01 09:00:00,부산,ECMWF,2026-09-28 00:00:00,72,3,tcc,1.0,90.0,-89.0
2026-10-01 09:00:00,부산,ECMWF,2026-09-27 12:00:00,84,3,dswrf,184.0,95.37,88.63
2026-10-01 09:00:00,부산,ECMWF,2026-09-27 12:00:00,84,3,t2m,20.7,22.6,-1.9
2026-10-01 09:00:00,부산,ECMWF,2026-09-27 12:00:00,84,3,tcc,2.0,90.0,-88.0
2026-10-01 09:00:00,부산,ECMWF,2026-09-26 12:00:00,108,4,dswrf,185.0,95.37,89.63
2026-10-01 09:00:00,부산,ECMWF,2026-09-26 12:00:00,108,4,t2m,19.9,22.6,-2.7
2026-10-01 09:00:00,부산,ECMWF,2026-09-26 12:00:00,108,4,tcc,2.0,90.0,-88.0
2026-10-01 09:00:00,부산,ECMWF,2026-09-25 12:00:00,132,5,dswrf,178.0,95.37,82.63
2026-10-01 09:00:00,부산,ECMWF,2026-09-25 12:00:00,132,5,t2m,20.7,22.6,-1.9
2026-10-01 09:00:00,부산,ECMWF,2026-09-25 12:00:00,132,5,tcc,32.0,90.0,-58.0
2026-10-01 09:00:00,부산,ECMWF,2026-09-24 12:00:00,156,6,dswrf,96.0,,
2026-10-01 09:00:00,부산,ECMWF,2026-09-24 12:00:00,156,6,t2m,19.3,22.6,-3.3
2026-10-01 09:00:00,부산,ECMWF,2026-09-24 12:00:00,156,6,tcc,0.0,90.0,-90.0
2026-10-01 09:00:00,부산,ECMWF,2026-09-23 12:00:00,180,7,dswrf,97.0,,
2026-10-01 09:00:00,부산,ECMWF,2026-09-23 12:00:00,180,7,t2m,17.2,22.6,-5.4
2026-10-01 09:00:00,부산,ECMWF,2026-09-23 12:00:00,180,7,tcc,14.0,90.0,-76.0
2026-10-01 09:00:00,부산,ECMWF,2026-09-22 12:00:00,204,8,dswrf,84.0,,
2026-10-01 09:00:00,부산,ECMWF,2026-09-22 12:00:00,204,8,t2m,16.8,22.6,-5.8
2026-10-01 09:00:00,부산,ECMWF,2026-09-22 12:00:00,204,8,tcc,41.0,90.0,-49.0
2026-10-01 09:00:00,부산,ECMWF,2026-09-21 12:00:00,228,9,dswrf,76.0,,
2026-10-01 09:00:00,부산,ECMWF,2026-09-21 12:00:00,228,9,t2m,18.3,22.6,-4.3
2026-10-01 09:00:00,부산,ECMWF,2026-09-21 12:00:00,228,9,tcc,88.0,90.0,-2.0
2026-10-01 09:00:00,부산,GFS,2026-10-01 00:00:00,0,0,t2m,22.9,22.6,0.3
2026-10-01 09:00:00,부산,GFS,2026-10-01 00:00:00,0,0,tcc,82.0,90.0,-8.0
2026-10-01 09:00:00,부산,GFS,2026-09-30 18:00:00,6,0,dswrf,120.0,95.37,24.63
2026-10-01 09:00:00,부산,GFS,2026-09-30 18:00:00,6,0,t2m,23.0,22.6,0.4
2026-10-01 09:00:00,부산,GFS,2026-09-30 18:00:00,6,0,tcc,78.0,90.0,-12.0
2026-10-01 09:00:00,부산,GFS,2026-09-30 12:00:00,12,0,dswrf,51.0,95.37,-44.37
2026-10-01 09:00:00,부산,GFS,2026-09-30 12:00:00,12,0,t2m,21.9,22.6,-0.7
2026-10-01 09:00:00,부산,GFS,2026-09-30 12:00:00,12,0,tcc,88.0,90.0,-2.0
2026-10-01 09:00:00,부산,GFS,2026-09-30 00:00:00,24,1,dswrf,115.0,95.37,19.63
2026-10-01 09:00:00,부산,GFS,2026-09-30 00:00:00,24,1,t2m,20.8,22.6,-1.8
2026-10-01 09:00:00,부산,GFS,2026-09-30 00:00:00,24,1,tcc,27.0,90.0,-63.0
2026-10-01 09:00:00,부산,GFS,2026-09-29 18:00:00,30,1,dswrf,174.0,95.37,78.63
2026-10-01 09:00:00,부산,GFS,2026-09-29 18:00:00,30,1,t2m,21.0,22.6,-1.6
2026-10-01 09:00:00,부산,GFS,2026-09-29 18:00:00,30,1,tcc,23.0,90.0,-67.0
2026-10-01 09:00:00,부산,GFS,2026-09-29 12:00:00,36,1,dswrf,106.0,95.37,10.63
2026-10-01 09:00:00,부산,GFS,2026-09-29 12:00:00,36,1,t2m,21.0,22.6,-1.6
2026-10-01 09:00:00,부산,GFS,2026-09-29 12:00:00,36,1,tcc,90.0,90.0,0.0
2026-10-01 09:00:00,부산,GFS,2026-09-29 00:00:00,48,2,dswrf,33.0,95.37,-62.37
2026-10-01 09:00:00,부산,GFS,2026-09-29 00:00:00,48,2,t2m,21.5,22.6,-1.1
2026-10-01 09:00:00,부산,GFS,2026-09-29 00:00:00,48,2,tcc,99.0,90.0,9.0
2026-10-01 09:00:00,부산,GFS,2026-09-28 18:00:00,54,2,dswrf,44.0,95.37,-51.37
2026-10-01 09:00:00,부산,GFS,2026-09-28 18:00:00,54,2,t2m,21.5,22.6,-1.1
2026-10-01 09:00:00,부산,GFS,2026-09-28 18:00:00,54,2,tcc,97.0,90.0,7.0
2026-10-01 09:00:00,부산,GFS,2026-09-28 12:00:00,60,2,dswrf,160.0,95.37,64.63
2026-10-01 09:00:00,부산,GFS,2026-09-28 12:00:00,60,2,t2m,21.2,22.6,-1.4
2026-10-01 09:00:00,부산,GFS,2026-09-28 12:00:00,60,2,tcc,70.0,90.0,-20.0
2026-10-01 09:00:00,부산,GFS,2026-09-28 00:00:00,72,3,dswrf,149.0,95.37,53.63
2026-10-01 09:00:00,부산,GFS,2026-09-28 00:00:00,72,3,t2m,20.9,22.6,-1.7
2026-10-01 09:00:00,부산,GFS,2026-09-28 00:00:00,72,3,tcc,91.0,90.0,1.0
2026-10-01 09:00:00,부산,GFS,2026-09-27 18:00:00,78,3,dswrf,185.0,95.37,89.63
2026-10-01 09:00:00,부산,GFS,2026-09-27 18:00:00,78,3,t2m,20.1,22.6,-2.5
2026-10-01 09:00:00,부산,GFS,2026-09-27 18:00:00,78,3,tcc,8.0,90.0,-82.0
2026-10-01 09:00:00,부산,GFS,2026-09-27 12:00:00,84,3,dswrf,189.0,95.37,93.63
2026-10-01 09:00:00,부산,GFS,2026-09-27 12:00:00,84,3,t2m,20.6,22.6,-2.0
2026-10-01 09:00:00,부산,GFS,2026-09-27 12:00:00,84,3,tcc,10.0,90.0,-80.0
2026-10-01 09:00:00,부산,GFS,2026-09-27 00:00:00,96,4,dswrf,186.0,95.37,90.63
2026-10-01 09:00:00,부산,GFS,2026-09-27 00:00:00,96,4,t2m,20.2,22.6,-2.4
2026-10-01 09:00:00,부산,GFS,2026-09-27 00:00:00,96,4,tcc,72.0,90.0,-18.0
2026-10-01 09:00:00,부산,GFS,2026-09-26 18:00:00,102,4,dswrf,187.0,95.37,91.63
2026-10-01 09:00:00,부산,GFS,2026-09-26 18:00:00,102,4,t2m,20.3,22.6,-2.3
2026-10-01 09:00:00,부산,GFS,2026-09-26 18:00:00,102,4,tcc,16.0,90.0,-74.0
2026-10-01 09:00:00,부산,GFS,2026-09-26 00:00:00,120,5,dswrf,128.0,95.37,32.63
2026-10-01 09:00:00,부산,GFS,2026-09-26 00:00:00,120,5,t2m,21.7,22.6,-0.9
2026-10-01 09:00:00,부산,GFS,2026-09-26 00:00:00,120,5,tcc,96.0,90.0,6.0
2026-10-01 09:00:00,부산,GFS,2026-09-25 18:00:00,126,5,dswrf,60.0,,
2026-10-01 09:00:00,부산,GFS,2026-09-25 18:00:00,126,5,t2m,21.7,22.6,-0.9
2026-10-01 09:00:00,부산,GFS,2026-09-25 18:00:00,126,5,tcc,93.0,90.0,3.0
2026-10-01 09:00:00,부산,GFS,2026-09-25 12:00:00,132,5,dswrf,56.0,,
2026-10-01 09:00:00,부산,GFS,2026-09-25 12:00:00,132,5,t2m,21.6,22.6,-1.0
2026-10-01 09:00:00,부산,GFS,2026-09-25 12:00:00,132,5,tcc,59.0,90.0,-31.0
2026-10-01 09:00:00,부산,GFS,2026-09-25 00:00:00,144,6,dswrf,85.0,,
2026-10-01 09:00:00,부산,GFS,2026-09-25 00:00:00,144,6,t2m,21.4,22.6,-1.2
2026-10-01 09:00:00,부산,GFS,2026-09-25 00:00:00,144,6,tcc,43.0,90.0,-47.0
2026-10-01 09:00:00,부산,GFS,2026-09-24 18:00:00,150,6,dswrf,30.0,,
2026-10-01 09:00:00,부산,GFS,2026-09-24 18:00:00,150,6,t2m,18.6,22.6,-4.0
2026-10-01 09:00:00,부산,GFS,2026-09-24 18:00:00,150,6,tcc,100.0,90.0,10.0
2026-10-01 09:00:00,부산,GFS,2026-09-24 12:00:00,156,6,dswrf,6.0,,
2026-10-01 09:00:00,부산,GFS,2026-09-24 12:00:00,156,6,t2m,20.3,22.6,-2.3
2026-10-01 09:00:00,부산,GFS,2026-09-24 12:00:00,156,6,tcc,100.0,90.0,10.0
2026-10-01 09:00:00,부산,GFS,2026-09-24 00:00:00,168,7,dswrf,97.0,,
2026-10-01 09:00:00,부산,GFS,2026-09-24 00:00:00,168,7,t2m,17.7,22.6,-4.9
2026-10-01 09:00:00,부산,GFS,2026-09-24 00:00:00,168,7,tcc,37.0,90.0,-53.0
2026-10-01 09:00:00,부산,GFS,2026-09-23 18:00:00,174,7,dswrf,46.0,,
2026-10-01 09:00:00,부산,GFS,2026-09-23 18:00:00,174,7,t2m,18.1,22.6,-4.5
2026-10-01 09:00:00,부산,GFS,2026-09-23 18:00:00,174,7,tcc,57.0,90.0,-33.0
2026-10-01 09:00:00,부산,GFS,2026-09-23 12:00:00,180,7,dswrf,26.0,,
2026-10-01 09:00:00,부산,GFS,2026-09-23 12:00:00,180,7,t2m,17.7,22.6,-4.9
2026-10-01 09:00:00,부산,GFS,2026-09-23 12:00:00,180,7,tcc,100.0,90.0,10.0
2026-10-01 09:00:00,부산,GFS,2026-09-23 00:00:00,192,8,dswrf,12.0,,
2026-10-01 09:00:00,부산,GFS,2026-09-23 00:00:00,192,8,t2m,20.9,22.6,-1.7
2026-10-01 09:00:00,부산,GFS,2026-09-23 00:00:00,192,8,tcc,100.0,90.0,10.0
2026-10-01 09:00:00,부산,GFS,2026-09-22 18:00:00,198,8,dswrf,9.0,,
2026-10-01 09:00:00,부산,GFS,2026-09-22 18:00:00,198,8,t2m,22.2,22.6,-0.4
2026-10-01 09:00:00,부산,GFS,2026-09-22 18:00:00,198,8,tcc,100.0,90.0,10.0
2026-10-01 09:00:00,부산,GFS,2026-09-22 12:00:00,204,8,dswrf,96.0,,
2026-10-01 09:00:00,부산,GFS,2026-09-22 12:00:00,204,8,t2m,21.2,22.6,-1.4
2026-10-01 09:00:00,부산,GFS,2026-09-22 12:00:00,204,8,tcc,0.0,90.0,-90.0
2026-10-01 09:00:00,부산,GFS,2026-09-22 00:00:00,216,9,dswrf,96.0,,
2026-10-01 09:00:00,부산,GFS,2026-09-22 00:00:00,216,9,t2m,19.1,22.6,-3.5
2026-10-01 09:00:00,부산,GFS,2026-09-22 00:00:00,216,9,tcc,11.0,90.0,-79.0
2026-10-01 09:00:00,부산,GFS,2026-09-21 18:00:00,222,9,dswrf,89.0,,
2026-10-01 09:00:00,부산,GFS,2026-09-21 18:00:00,222,9,t2m,20.0,22.6,-2.6
2026-10-01 09:00:00,부산,GFS,2026-09-21 18:00:00,222,9,tcc,85.0,90.0,-5.0
2026-10-01 09:00:00,부산,GFS,2026-09-21 12:00:00,228,9,dswrf,45.0,,
2026-10-01 09:00:00,부산,GFS,2026-09-21 12:00:00,228,9,t2m,19.1,22.6,-3.5
2026-10-01 09:00:00,부산,GFS,2026-09-21 12:00:00,228,9,tcc,99.0,90.0,9.0
2026-10-01 09:00:00,부산,GFS,2026-09-21 00:00:00,240,10,dswrf,4.0,,
2026-10-01 09:00:00,부산,GFS,2026-09-21 00:00:00,240,10,t2m,22.1,22.6,-0.5
2026-10-01 09:00:00,부산,GFS,2026-09-21 00:00:00,240,10,tcc,100.0,90.0,10.0
2026-10-01 09:00:00,부산,KIM,2026-10-01 00:00:00,0,0,t2m,22.2,22.6,-0.4
2026-10-01 09:00:00,부산,KIM,2026-10-01 00:00:00,0,0,tcc,68.0,90.0,-22.0
2026-10-01 09:00:00,부산,KIM,2026-09-30 12:00:00,12,0,dswrf,153.0,95.37,57.63
2026-10-01 09:00:00,부산,KIM,2026-09-30 12:00:00,12,0,t2m,21.4,22.6,-1.2
2026-10-01 09:00:00,부산,KIM,2026-09-30 12:00:00,12,0,tcc,59.0,90.0,-31.0
2026-10-01 09:00:00,부산,KIM,2026-09-30 00:00:00,24,1,dswrf,165.0,95.37,69.63
2026-10-01 09:00:00,부산,KIM,2026-09-30 00:00:00,24,1,t2m,20.4,22.6,-2.2
2026-10-01 09:00:00,부산,KIM,2026-09-30 00:00:00,24,1,tcc,20.0,90.0,-70.0
2026-10-01 09:00:00,부산,KIM,2026-09-29 12:00:00,36,1,dswrf,167.0,95.37,71.63
2026-10-01 09:00:00,부산,KIM,2026-09-29 12:00:00,36,1,t2m,19.5,22.6,-3.1
2026-10-01 09:00:00,부산,KIM,2026-09-29 12:00:00,36,1,tcc,2.0,90.0,-88.0
2026-10-01 09:00:00,부산,KIM,2026-09-29 00:00:00,48,2,dswrf,169.0,95.37,73.63
2026-10-01 09:00:00,부산,KIM,2026-09-29 00:00:00,48,2,t2m,19.5,22.6,-3.1
2026-10-01 09:00:00,부산,KIM,2026-09-29 00:00:00,48,2,tcc,12.0,90.0,-78.0
2026-10-01 09:00:00,부산,KIM,2026-09-28 12:00:00,60,2,dswrf,174.0,95.37,78.63
2026-10-01 09:00:00,부산,KIM,2026-09-28 12:00:00,60,2,t2m,18.9,22.6,-3.7
2026-10-01 09:00:00,부산,KIM,2026-09-28 12:00:00,60,2,tcc,0.0,90.0,-90.0
2026-10-01 09:00:00,부산,KIM,2026-09-28 00:00:00,72,3,dswrf,174.0,95.37,78.63
2026-10-01 09:00:00,부산,KIM,2026-09-28 00:00:00,72,3,t2m,20.1,22.6,-2.5
2026-10-01 09:00:00,부산,KIM,2026-09-28 00:00:00,72,3,tcc,0.0,90.0,-90.0
2026-10-01 09:00:00,부산,KIM,2026-09-27 12:00:00,84,3,dswrf,173.0,95.37,77.63
2026-10-01 09:00:00,부산,KIM,2026-09-27 12:00:00,84,3,t2m,19.8,22.6,-2.8
2026-10-01 09:00:00,부산,KIM,2026-09-27 12:00:00,84,3,tcc,3.0,90.0,-87.0
2026-10-01 09:00:00,부산,KIM,2026-09-27 00:00:00,96,4,dswrf,172.0,95.37,76.63
2026-10-01 09:00:00,부산,KIM,2026-09-27 00:00:00,96,4,t2m,20.7,22.6,-1.9
2026-10-01 09:00:00,부산,KIM,2026-09-27 00:00:00,96,4,tcc,3.0,90.0,-87.0
2026-10-01 09:00:00,부산,KIM,2026-09-26 12:00:00,108,4,dswrf,176.0,95.37,80.63
2026-10-01 09:00:00,부산,KIM,2026-09-26 12:00:00,108,4,t2m,18.8,22.6,-3.8
2026-10-01 09:00:00,부산,KIM,2026-09-26 12:00:00,108,4,tcc,4.0,90.0,-86.0
2026-10-01 09:00:00,부산,KIM,2026-09-26 00:00:00,120,5,dswrf,183.0,95.37,87.63
2026-10-01 09:00:00,부산,KIM,2026-09-26 00:00:00,120,5,t2m,17.7,22.6,-4.9
2026-10-01 09:00:00,부산,KIM,2026-09-26 00:00:00,120,5,tcc,0.0,90.0,-90.0
2026-10-01 09:00:00,부산,KIM,2026-09-25 12:00:00,132,5,t2m,20.1,22.6,-2.5
2026-10-01 09:00:00,부산,KIM,2026-09-25 12:00:00,132,5,tcc,7.0,90.0,-83.0
2026-10-01 09:00:00,부산,KIM,2026-09-25 00:00:00,144,6,t2m,20.2,22.6,-2.4
2026-10-01 09:00:00,부산,KIM,2026-09-25 00:00:00,144,6,tcc,84.0,90.0,-6.0
2026-10-01 09:00:00,부산,KIM,2026-09-24 12:00:00,156,6,t2m,16.9,22.6,-5.7
2026-10-01 09:00:00,부산,KIM,2026-09-24 12:00:00,156,6,tcc,94.0,90.0,4.0
2026-10-01 09:00:00,부산,KIM,2026-09-24 00:00:00,168,7,t2m,16.1,22.6,-6.5
2026-10-01 09:00:00,부산,KIM,2026-09-24 00:00:00,168,7,tcc,90.0,90.0,0.0
2026-10-01 09:00:00,부산,KIM,2026-09-23 12:00:00,180,7,t2m,17.3,22.6,-5.3
2026-10-01 09:00:00,부산,KIM,2026-09-23 12:00:00,180,7,tcc,77.0,90.0,-13.0
2026-10-01 09:00:00,부산,KIM,2026-09-23 00:00:00,192,8,t2m,15.5,22.6,-7.1
2026-10-01 09:00:00,부산,KIM,2026-09-23 00:00:00,192,8,tcc,70.0,90.0,-20.0
2026-10-01 09:00:00,부산,KIM,2026-09-22 12:00:00,204,8,t2m,18.0,22.6,-4.6
2026-10-01 09:00:00,부산,KIM,2026-09-22 12:00:00,204,8,tcc,15.0,90.0,-75.0
2026-10-01 09:00:00,부산,KIM,2026-09-22 00:00:00,216,9,t2m,21.5,22.6,-1.1
2026-10-01 09:00:00,부산,KIM,2026-09-22 00:00:00,216,9,tcc,94.0,90.0,4.0
2026-10-01 09:00:00,부산,KIM,2026-09-21 12:00:00,228,9,t2m,17.7,22.6,-4.9
2026-10-01 09:00:00,부산,KIM,2026-09-21 12:00:00,228,9,tcc,46.0,90.0,-44.0
2026-10-01 09:00:00,부산,KIM,2026-09-21 00:00:00,240,10,t2m,18.7,22.6,-3.9
2026-10-01 09:00:00,부산,KIM,2026-09-21 00:00:00,240,10,tcc,0.0,90.0,-90.0
2026-10-01 09:00:00,부산,KIM,2026-09-20 12:00:00,252,10,t2m,21.3,22.6,-1.3
2026-10-01 09:00:00,부산,KIM,2026-09-20 12:00:00,252,10,tcc,89.0,90.0,-1.0
2026-10-01 09:00:00,부산,KIM,2026-09-19 12:00:00,276,11,t2m,22.0,22.6,-0.6
2026-10-01 09:00:00,부산,KIM,2026-09-19 12:00:00,276,11,tcc,40.0,90.0,-50.0
2026-10-01 09:00:00,부산,KIM,2026-09-19 00:00:00,288,12,t2m,22.8,22.6,0.2
2026-10-01 09:00:00,부산,KIM,2026-09-19 00:00:00,288,12,tcc,88.0,90.0,-2.0
2026-10-01 09:00:00,서울,ECMWF,2026-09-30 12:00:00,12,0,dswrf,165.0,150.93,14.07
2026-10-01 09:00:00,서울,ECMWF,2026-09-30 12:00:00,12,0,t2m,16.7,16.0,0.7
2026-10-01 09:00:00,서울,ECMWF,2026-09-30 12:00:00,12,0,tcc,13.0,50.0,-37.0
2026-10-01 09:00:00,서울,ECMWF,2026-09-29 12:00:00,36,1,dswrf,110.0,150.93,-40.93
2026-10-01 09:00:00,서울,ECMWF,2026-09-29 12:00:00,36,1,t2m,15.3,16.0,-0.7
2026-10-01 09:00:00,서울,ECMWF,2026-09-29 12:00:00,36,1,tcc,13.0,50.0,-37.0
2026-10-01 09:00:00,서울,ECMWF,2026-09-28 12:00:00,60,2,dswrf,175.0,150.93,24.07
2026-10-01 09:00:00,서울,ECMWF,2026-09-28 12:00:00,60,2,t2m,15.2,16.0,-0.8
2026-10-01 09:00:00,서울,ECMWF,2026-09-28 12:00:00,60,2,tcc,0.0,50.0,-50.0
2026-10-01 09:00:00,서울,ECMWF,2026-09-28 00:00:00,72,3,dswrf,177.0,150.93,26.07
2026-10-01 09:00:00,서울,ECMWF,2026-09-28 00:00:00,72,3,t2m,15.1,16.0,-0.9
2026-10-01 09:00:00,서울,ECMWF,2026-09-28 00:00:00,72,3,tcc,1.0,50.0,-49.0
2026-10-01 09:00:00,서울,ECMWF,2026-09-27 12:00:00,84,3,dswrf,176.0,150.93,25.07
2026-10-01 09:00:00,서울,ECMWF,2026-09-27 12:00:00,84,3,t2m,15.2,16.0,-0.8
2026-10-01 09:00:00,서울,ECMWF,2026-09-27 12:00:00,84,3,tcc,0.0,50.0,-50.0
2026-10-01 09:00:00,서울,ECMWF,2026-09-26 12:00:00,108,4,dswrf,171.0,150.93,20.07
2026-10-01 09:00:00,서울,ECMWF,2026-09-26 12:00:00,108,4,t2m,16.8,16.0,0.8
2026-10-01 09:00:00,서울,ECMWF,2026-09-26 12:00:00,108,4,tcc,0.0,50.0,-50.0
2026-10-01 09:00:00,서울,ECMWF,2026-09-25 12:00:00,132,5,dswrf,172.0,150.93,21.07
2026-10-01 09:00:00,서울,ECMWF,2026-09-25 12:00:00,132,5,t2m,16.3,16.0,0.3
2026-10-01 09:00:00,서울,ECMWF,2026-09-25 12:00:00,132,5,tcc,0.0,50.0,-50.0
2026-10-01 09:00:00,서울,ECMWF,2026-09-24 12:00:00,156,6,dswrf,86.0,,
2026-10-01 09:00:00,서울,ECMWF,2026-09-24 12:00:00,156,6,t2m,16.4,16.0,0.4
2026-10-01 09:00:00,서울,ECMWF,2026-09-24 12:00:00,156,6,tcc,0.0,50.0,-50.0
2026-10-01 09:00:00,서울,ECMWF,2026-09-23 12:00:00,180,7,dswrf,86.0,,
2026-10-01 09:00:00,서울,ECMWF,2026-09-23 12:00:00,180,7,t2m,15.7,16.0,-0.3
2026-10-01 09:00:00,서울,ECMWF,2026-09-23 12:00:00,180,7,tcc,0.0,50.0,-50.0
2026-10-01 09:00:00,서울,ECMWF,2026-09-22 12:00:00,204,8,dswrf,85.0,,
2026-10-01 09:00:00,서울,ECMWF,2026-09-22 12:00:00,204,8,t2m,14.9,16.0,-1.1
2026-10-01 09:00:00,서울,ECMWF,2026-09-22 12:00:00,204,8,tcc,0.0,50.0,-50.0
2026-10-01 09:00:00,서울,ECMWF,2026-09-21 12:00:00,228,9,dswrf,79.0,,
2026-10-01 09:00:00,서울,ECMWF,2026-09-21 12:00:00,228,9,t2m,14.8,16.0,-1.2
2026-10-01 09:00:00,서울,ECMWF,2026-09-21 12:00:00,228,9,tcc,13.0,50.0,-37.0
2026-10-01 09:00:00,서울,GFS,2026-10-01 00:00:00,0,0,t2m,17.8,16.0,1.8
2026-10-01 09:00:00,서울,GFS,2026-10-01 00:00:00,0,0,tcc,51.0,50.0,1.0
2026-10-01 09:00:00,서울,GFS,2026-09-30 18:00:00,6,0,dswrf,158.0,150.93,7.07
2026-10-01 09:00:00,서울,GFS,2026-09-30 18:00:00,6,0,t2m,17.8,16.0,1.8
2026-10-01 09:00:00,서울,GFS,2026-09-30 18:00:00,6,0,tcc,46.0,50.0,-4.0
2026-10-01 09:00:00,서울,GFS,2026-09-30 12:00:00,12,0,dswrf,168.0,150.93,17.07
2026-10-01 09:00:00,서울,GFS,2026-09-30 12:00:00,12,0,t2m,18.0,16.0,2.0
2026-10-01 09:00:00,서울,GFS,2026-09-30 12:00:00,12,0,tcc,16.0,50.0,-34.0
2026-10-01 09:00:00,서울,GFS,2026-09-30 00:00:00,24,1,dswrf,171.0,150.93,20.07
2026-10-01 09:00:00,서울,GFS,2026-09-30 00:00:00,24,1,t2m,18.0,16.0,2.0
2026-10-01 09:00:00,서울,GFS,2026-09-30 00:00:00,24,1,tcc,12.0,50.0,-38.0
2026-10-01 09:00:00,서울,GFS,2026-09-29 18:00:00,30,1,dswrf,171.0,150.93,20.07
2026-10-01 09:00:00,서울,GFS,2026-09-29 18:00:00,30,1,t2m,17.7,16.0,1.7
2026-10-01 09:00:00,서울,GFS,2026-09-29 18:00:00,30,1,tcc,0.0,50.0,-50.0
2026-10-01 09:00:00,서울,GFS,2026-09-29 12:00:00,36,1,dswrf,171.0,150.93,20.07
2026-10-01 09:00:00,서울,GFS,2026-09-29 12:00:00,36,1,t2m,17.8,16.0,1.8
2026-10-01 09:00:00,서울,GFS,2026-09-29 12:00:00,36,1,tcc,1.0,50.0,-49.0
2026-10-01 09:00:00,서울,GFS,2026-09-29 00:00:00,48,2,dswrf,171.0,150.93,20.07
2026-10-01 09:00:00,서울,GFS,2026-09-29 00:00:00,48,2,t2m,18.0,16.0,2.0
2026-10-01 09:00:00,서울,GFS,2026-09-29 00:00:00,48,2,tcc,4.0,50.0,-46.0
2026-10-01 09:00:00,서울,GFS,2026-09-28 18:00:00,54,2,dswrf,169.0,150.93,18.07
2026-10-01 09:00:00,서울,GFS,2026-09-28 18:00:00,54,2,t2m,18.2,16.0,2.2
2026-10-01 09:00:00,서울,GFS,2026-09-28 18:00:00,54,2,tcc,5.0,50.0,-45.0
2026-10-01 09:00:00,서울,GFS,2026-09-28 12:00:00,60,2,dswrf,173.0,150.93,22.07
2026-10-01 09:00:00,서울,GFS,2026-09-28 12:00:00,60,2,t2m,17.8,16.0,1.8
2026-10-01 09:00:00,서울,GFS,2026-09-28 12:00:00,60,2,tcc,0.0,50.0,-50.0
2026-10-01 09:00:00,서울,GFS,2026-09-28 00:00:00,72,3,dswrf,173.0,150.93,22.07
2026-10-01 09:00:00,서울,GFS,2026-09-28 00:00:00,72,3,t2m,17.6,16.0,1.6
2026-10-01 09:00:00,서울,GFS,2026-09-28 00:00:00,72,3,tcc,0.0,50.0,-50.0
2026-10-01 09:00:00,서울,GFS,2026-09-27 18:00:00,78,3,dswrf,172.0,150.93,21.07
2026-10-01 09:00:00,서울,GFS,2026-09-27 18:00:00,78,3,t2m,17.4,16.0,1.4
2026-10-01 09:00:00,서울,GFS,2026-09-27 18:00:00,78,3,tcc,0.0,50.0,-50.0
2026-10-01 09:00:00,서울,GFS,2026-09-27 12:00:00,84,3,dswrf,170.0,150.93,19.07
2026-10-01 09:00:00,서울,GFS,2026-09-27 12:00:00,84,3,t2m,17.8,16.0,1.8
2026-10-01 09:00:00,서울,GFS,2026-09-27 12:00:00,84,3,tcc,0.0,50.0,-50.0
2026-10-01 09:00:00,서울,GFS,2026-09-27 00:00:00,96,4,dswrf,169.0,150.93,18.07
2026-10-01 09:00:00,서울,GFS,2026-09-27 00:00:00,96,4,t2m,17.7,16.0,1.7
2026-10-01 09:00:00,서울,GFS,2026-09-27 00:00:00,96,4,tcc,0.0,50.0,-50.0
2026-10-01 09:00:00,서울,GFS,2026-09-26 18:00:00,102,4,dswrf,171.0,150.93,20.07
2026-10-01 09:00:00,서울,GFS,2026-09-26 18:00:00,102,4,t2m,17.3,16.0,1.3
2026-10-01 09:00:00,서울,GFS,2026-09-26 18:00:00,102,4,tcc,0.0,50.0,-50.0
2026-10-01 09:00:00,서울,GFS,2026-09-26 00:00:00,120,5,dswrf,172.0,150.93,21.07
2026-10-01 09:00:00,서울,GFS,2026-09-26 00:00:00,120,5,t2m,17.4,16.0,1.4
2026-10-01 09:00:00,서울,GFS,2026-09-26 00:00:00,120,5,tcc,0.0,50.0,-50.0
2026-10-01 09:00:00,서울,GFS,2026-09-25 18:00:00,126,5,dswrf,87.0,,
2026-10-01 09:00:00,서울,GFS,2026-09-25 18:00:00,126,5,t2m,17.5,16.0,1.5
2026-10-01 09:00:00,서울,GFS,2026-09-25 18:00:00,126,5,tcc,0.0,50.0,-50.0
2026-10-01 09:00:00,서울,GFS,2026-09-25 12:00:00,132,5,dswrf,88.0,,
2026-10-01 09:00:00,서울,GFS,2026-09-25 12:00:00,132,5,t2m,17.0,16.0,1.0
2026-10-01 09:00:00,서울,GFS,2026-09-25 12:00:00,132,5,tcc,0.0,50.0,-50.0
2026-10-01 09:00:00,서울,GFS,2026-09-25 00:00:00,144,6,dswrf,87.0,,
2026-10-01 09:00:00,서울,GFS,2026-09-25 00:00:00,144,6,t2m,17.2,16.0,1.2
2026-10-01 09:00:00,서울,GFS,2026-09-25 00:00:00,144,6,tcc,0.0,50.0,-50.0
2026-10-01 09:00:00,서울,GFS,2026-09-24 18:00:00,150,6,dswrf,67.0,,
2026-10-01 09:00:00,서울,GFS,2026-09-24 18:00:00,150,6,t2m,16.3,16.0,0.3
2026-10-01 09:00:00,서울,GFS,2026-09-24 18:00:00,150,6,tcc,100.0,50.0,50.0
2026-10-01 09:00:00,서울,GFS,2026-09-24 12:00:00,156,6,dswrf,73.0,,
2026-10-01 09:00:00,서울,GFS,2026-09-24 12:00:00,156,6,t2m,16.6,16.0,0.6
2026-10-01 09:00:00,서울,GFS,2026-09-24 12:00:00,156,6,tcc,87.0,50.0,37.0
2026-10-01 09:00:00,서울,GFS,2026-09-24 00:00:00,168,7,dswrf,86.0,,
2026-10-01 09:00:00,서울,GFS,2026-09-24 00:00:00,168,7,t2m,17.1,16.0,1.1
2026-10-01 09:00:00,서울,GFS,2026-09-24 00:00:00,168,7,tcc,2.0,50.0,-48.0
2026-10-01 09:00:00,서울,GFS,2026-09-23 18:00:00,174,7,dswrf,86.0,,
2026-10-01 09:00:00,서울,GFS,2026-09-23 18:00:00,174,7,t2m,16.6,16.0,0.6
2026-10-01 09:00:00,서울,GFS,2026-09-23 18:00:00,174,7,tcc,1.0,50.0,-49.0
2026-10-01 09:00:00,서울,GFS,2026-09-23 12:00:00,180,7,dswrf,71.0,,
2026-10-01 09:00:00,서울,GFS,2026-09-23 12:00:00,180,7,t2m,14.8,16.0,-1.2
2026-10-01 09:00:00,서울,GFS,2026-09-23 12:00:00,180,7,tcc,84.0,50.0,34.0
2026-10-01 09:00:00,서울,GFS,2026-09-23 00:00:00,192,8,dswrf,34.0,,
2026-10-01 09:00:00,서울,GFS,2026-09-23 00:00:00,192,8,t2m,17.7,16.0,1.7
2026-10-01 09:00:00,서울,GFS,2026-09-23 00:00:00,192,8,tcc,100.0,50.0,50.0
2026-10-01 09:00:00,서울,GFS,2026-09-22 18:00:00,198,8,dswrf,40.0,,
2026-10-01 09:00:00,서울,GFS,2026-09-22 18:00:00,198,8,t2m,18.5,16.0,2.5
2026-10-01 09:00:00,서울,GFS,2026-09-22 18:00:00,198,8,tcc,100.0,50.0,50.0
2026-10-01 09:00:00,서울,GFS,2026-09-22 12:00:00,204,8,dswrf,80.0,,
2026-10-01 09:00:00,서울,GFS,2026-09-22 12:00:00,204,8,t2m,20.0,16.0,4.0
2026-10-01 09:00:00,서울,GFS,2026-09-22 12:00:00,204,8,tcc,5.0,50.0,-45.0
2026-10-01 09:00:00,서울,GFS,2026-09-22 00:00:00,216,9,dswrf,84.0,,
2026-10-01 09:00:00,서울,GFS,2026-09-22 00:00:00,216,9,t2m,16.5,16.0,0.5
2026-10-01 09:00:00,서울,GFS,2026-09-22 00:00:00,216,9,tcc,98.0,50.0,48.0
2026-10-01 09:00:00,서울,GFS,2026-09-21 18:00:00,222,9,dswrf,85.0,,
2026-10-01 09:00:00,서울,GFS,2026-09-21 18:00:00,222,9,t2m,16.8,16.0,0.8
2026-10-01 09:00:00,서울,GFS,2026-09-21 18:00:00,222,9,tcc,0.0,50.0,-50.0
2026-10-01 09:00:00,서울,GFS,2026-09-21 12:00:00,228,9,dswrf,81.0,,
2026-10-01 09:00:00,서울,GFS,2026-09-21 12:00:00,228,9,t2m,18.3,16.0,2.3
2026-10-01 09:00:00,서울,GFS,2026-09-21 12:00:00,228,9,tcc,3.0,50.0,-47.0
2026-10-01 09:00:00,서울,GFS,2026-09-21 00:00:00,240,10,dswrf,49.0,,
2026-10-01 09:00:00,서울,GFS,2026-09-21 00:00:00,240,10,t2m,17.8,16.0,1.8
2026-10-01 09:00:00,서울,GFS,2026-09-21 00:00:00,240,10,tcc,100.0,50.0,50.0
2026-10-01 09:00:00,서울,KIM,2026-10-01 00:00:00,0,0,t2m,15.5,16.0,-0.5
2026-10-01 09:00:00,서울,KIM,2026-10-01 00:00:00,0,0,tcc,6.0,50.0,-44.0
2026-10-01 09:00:00,서울,KIM,2026-09-30 12:00:00,12,0,dswrf,149.0,150.93,-1.93
2026-10-01 09:00:00,서울,KIM,2026-09-30 12:00:00,12,0,t2m,14.8,16.0,-1.2
2026-10-01 09:00:00,서울,KIM,2026-09-30 12:00:00,12,0,tcc,0.0,50.0,-50.0
2026-10-01 09:00:00,서울,KIM,2026-09-30 00:00:00,24,1,dswrf,162.0,150.93,11.07
2026-10-01 09:00:00,서울,KIM,2026-09-30 00:00:00,24,1,t2m,14.2,16.0,-1.8
2026-10-01 09:00:00,서울,KIM,2026-09-30 00:00:00,24,1,tcc,0.0,50.0,-50.0
2026-10-01 09:00:00,서울,KIM,2026-09-29 12:00:00,36,1,dswrf,163.0,150.93,12.07
2026-10-01 09:00:00,서울,KIM,2026-09-29 12:00:00,36,1,t2m,14.3,16.0,-1.7
2026-10-01 09:00:00,서울,KIM,2026-09-29 12:00:00,36,1,tcc,0.0,50.0,-50.0
2026-10-01 09:00:00,서울,KIM,2026-09-29 00:00:00,48,2,dswrf,163.0,150.93,12.07
2026-10-01 09:00:00,서울,KIM,2026-09-29 00:00:00,48,2,t2m,14.1,16.0,-1.9
2026-10-01 09:00:00,서울,KIM,2026-09-29 00:00:00,48,2,tcc,3.0,50.0,-47.0
2026-10-01 09:00:00,서울,KIM,2026-09-28 12:00:00,60,2,dswrf,164.0,150.93,13.07
2026-10-01 09:00:00,서울,KIM,2026-09-28 12:00:00,60,2,t2m,13.7,16.0,-2.3
2026-10-01 09:00:00,서울,KIM,2026-09-28 12:00:00,60,2,tcc,0.0,50.0,-50.0
2026-10-01 09:00:00,서울,KIM,2026-09-28 00:00:00,72,3,dswrf,163.0,150.93,12.07
2026-10-01 09:00:00,서울,KIM,2026-09-28 00:00:00,72,3,t2m,13.9,16.0,-2.1
2026-10-01 09:00:00,서울,KIM,2026-09-28 00:00:00,72,3,tcc,0.0,50.0,-50.0
2026-10-01 09:00:00,서울,KIM,2026-09-27 12:00:00,84,3,dswrf,161.0,150.93,10.07
2026-10-01 09:00:00,서울,KIM,2026-09-27 12:00:00,84,3,t2m,14.6,16.0,-1.4
2026-10-01 09:00:00,서울,KIM,2026-09-27 12:00:00,84,3,tcc,0.0,50.0,-50.0
2026-10-01 09:00:00,서울,KIM,2026-09-27 00:00:00,96,4,dswrf,164.0,150.93,13.07
2026-10-01 09:00:00,서울,KIM,2026-09-27 00:00:00,96,4,t2m,14.3,16.0,-1.7
2026-10-01 09:00:00,서울,KIM,2026-09-27 00:00:00,96,4,tcc,0.0,50.0,-50.0
2026-10-01 09:00:00,서울,KIM,2026-09-26 12:00:00,108,4,dswrf,161.0,150.93,10.07
2026-10-01 09:00:00,서울,KIM,2026-09-26 12:00:00,108,4,t2m,14.2,16.0,-1.8
2026-10-01 09:00:00,서울,KIM,2026-09-26 12:00:00,108,4,tcc,0.0,50.0,-50.0
2026-10-01 09:00:00,서울,KIM,2026-09-26 00:00:00,120,5,dswrf,163.0,150.93,12.07
2026-10-01 09:00:00,서울,KIM,2026-09-26 00:00:00,120,5,t2m,13.9,16.0,-2.1
2026-10-01 09:00:00,서울,KIM,2026-09-26 00:00:00,120,5,tcc,12.0,50.0,-38.0
2026-10-01 09:00:00,서울,KIM,2026-09-25 12:00:00,132,5,t2m,14.3,16.0,-1.7
2026-10-01 09:00:00,서울,KIM,2026-09-25 12:00:00,132,5,tcc,0.0,50.0,-50.0
2026-10-01 09:00:00,서울,KIM,2026-09-25 00:00:00,144,6,t2m,14.4,16.0,-1.6
2026-10-01 09:00:00,서울,KIM,2026-09-25 00:00:00,144,6,tcc,1.0,50.0,-49.0
2026-10-01 09:00:00,서울,KIM,2026-09-24 12:00:00,156,6,t2m,14.1,16.0,-1.9
2026-10-01 09:00:00,서울,KIM,2026-09-24 12:00:00,156,6,tcc,80.0,50.0,30.0
2026-10-01 09:00:00,서울,KIM,2026-09-24 00:00:00,168,7,t2m,13.7,16.0,-2.3
2026-10-01 09:00:00,서울,KIM,2026-09-24 00:00:00,168,7,tcc,1.0,50.0,-49.0
2026-10-01 09:00:00,서울,KIM,2026-09-23 12:00:00,180,7,t2m,15.1,16.0,-0.9
2026-10-01 09:00:00,서울,KIM,2026-09-23 12:00:00,180,7,tcc,0.0,50.0,-50.0
2026-10-01 09:00:00,서울,KIM,2026-09-23 00:00:00,192,8,t2m,12.3,16.0,-3.7
2026-10-01 09:00:00,서울,KIM,2026-09-23 00:00:00,192,8,tcc,0.0,50.0,-50.0
2026-10-01 09:00:00,서울,KIM,2026-09-22 12:00:00,204,8,t2m,16.5,16.0,0.5
2026-10-01 09:00:00,서울,KIM,2026-09-22 12:00:00,204,8,tcc,3.0,50.0,-47.0
2026-10-01 09:00:00,서울,KIM,2026-09-22 00:00:00,216,9,t2m,18.1,16.0,2.1
2026-10-01 09:00:00,서울,KIM,2026-09-22 00:00:00,216,9,tcc,2.0,50.0,-48.0
2026-10-01 09:00:00,서울,KIM,2026-09-21 12:00:00,228,9,t2m,14.8,16.0,-1.2
2026-10-01 09:00:00,서울,KIM,2026-09-21 12:00:00,228,9,tcc,0.0,50.0,-50.0
2026-10-01 09:00:00,서울,KIM,2026-09-21 00:00:00,240,10,t2m,14.0,16.0,-2.0
2026-10-01 09:00:00,서울,KIM,2026-09-21 00:00:00,240,10,tcc,8.0,50.0,-42.0
2026-10-01 09:00:00,서울,KIM,2026-09-20 12:00:00,252,10,t2m,19.0,16.0,3.0
2026-10-01 09:00:00,서울,KIM,2026-09-20 12:00:00,252,10,tcc,34.0,50.0,-16.0
2026-10-01 09:00:00,서울,KIM,2026-09-19 12:00:00,276,11,t2m,17.4,16.0,1.4
2026-10-01 09:00:00,서울,KIM,2026-09-19 12:00:00,276,11,tcc,97.0,50.0,47.0
2026-10-01 09:00:00,서울,KIM,2026-09-19 00:00:00,288,12,t2m,18.0,16.0,2.0
2026-10-01 09:00:00,서울,KIM,2026-09-19 00:00:00,288,12,tcc,98.0,50.0,48.0
2026-10-01 09:00:00,수원,ECMWF,2026-09-30 12:00:00,12,0,dswrf,152.0,123.15,28.85
2026-10-01 09:00:00,수원,ECMWF,2026-09-30 12:00:00,12,0,t2m,16.6,17.2,-0.6
2026-10-01 09:00:00,수원,ECMWF,2026-09-30 12:00:00,12,0,tcc,30.0,70.0,-40.0
2026-10-01 09:00:00,수원,ECMWF,2026-09-29 12:00:00,36,1,dswrf,151.0,123.15,27.85
2026-10-01 09:00:00,수원,ECMWF,2026-09-29 12:00:00,36,1,t2m,15.9,17.2,-1.3
2026-10-01 09:00:00,수원,ECMWF,2026-09-29 12:00:00,36,1,tcc,19.0,70.0,-51.0
2026-10-01 09:00:00,수원,ECMWF,2026-09-28 12:00:00,60,2,dswrf,176.0,123.15,52.85
2026-10-01 09:00:00,수원,ECMWF,2026-09-28 12:00:00,60,2,t2m,15.3,17.2,-1.9
2026-10-01 09:00:00,수원,ECMWF,2026-09-28 12:00:00,60,2,tcc,0.0,70.0,-70.0
2026-10-01 09:00:00,수원,ECMWF,2026-09-28 00:00:00,72,3,dswrf,178.0,123.15,54.85
2026-10-01 09:00:00,수원,ECMWF,2026-09-28 00:00:00,72,3,t2m,15.3,17.2,-1.9
2026-10-01 09:00:00,수원,ECMWF,2026-09-28 00:00:00,72,3,tcc,1.0,70.0,-69.0
2026-10-01 09:00:00,수원,ECMWF,2026-09-27 12:00:00,84,3,dswrf,178.0,123.15,54.85
2026-10-01 09:00:00,수원,ECMWF,2026-09-27 12:00:00,84,3,t2m,15.3,17.2,-1.9
2026-10-01 09:00:00,수원,ECMWF,2026-09-27 12:00:00,84,3,tcc,0.0,70.0,-70.0
2026-10-01 09:00:00,수원,ECMWF,2026-09-26 12:00:00,108,4,dswrf,172.0,123.15,48.85
2026-10-01 09:00:00,수원,ECMWF,2026-09-26 12:00:00,108,4,t2m,16.5,17.2,-0.7
2026-10-01 09:00:00,수원,ECMWF,2026-09-26 12:00:00,108,4,tcc,0.0,70.0,-70.0
2026-10-01 09:00:00,수원,ECMWF,2026-09-25 12:00:00,132,5,dswrf,174.0,123.15,50.85
2026-10-01 09:00:00,수원,ECMWF,2026-09-25 12:00:00,132,5,t2m,16.3,17.2,-0.9
2026-10-01 09:00:00,수원,ECMWF,2026-09-25 12:00:00,132,5,tcc,1.0,70.0,-69.0
2026-10-01 09:00:00,수원,ECMWF,2026-09-24 12:00:00,156,6,dswrf,86.0,,
2026-10-01 09:00:00,수원,ECMWF,2026-09-24 12:00:00,156,6,t2m,17.0,17.2,-0.2
2026-10-01 09:00:00,수원,ECMWF,2026-09-24 12:00:00,156,6,tcc,1.0,70.0,-69.0
2026-10-01 09:00:00,수원,ECMWF,2026-09-23 12:00:00,180,7,dswrf,87.0,,
2026-10-01 09:00:00,수원,ECMWF,2026-09-23 12:00:00,180,7,t2m,16.2,17.2,-1.0
2026-10-01 09:00:00,수원,ECMWF,2026-09-23 12:00:00,180,7,tcc,0.0,70.0,-70.0
2026-10-01 09:00:00,수원,ECMWF,2026-09-22 12:00:00,204,8,dswrf,86.0,,
2026-10-01 09:00:00,수원,ECMWF,2026-09-22 12:00:00,204,8,t2m,16.0,17.2,-1.2
2026-10-01 09:00:00,수원,ECMWF,2026-09-22 12:00:00,204,8,tcc,0.0,70.0,-70.0
2026-10-01 09:00:00,수원,ECMWF,2026-09-21 12:00:00,228,9,dswrf,75.0,,
2026-10-01 09:00:00,수원,ECMWF,2026-09-21 12:00:00,228,9,t2m,15.1,17.2,-2.1
2026-10-01 09:00:00,수원,ECMWF,2026-09-21 12:00:00,228,9,tcc,45.0,70.0,-25.0
2026-10-01 09:00:00,수원,GFS,2026-10-01 00:00:00,0,0,t2m,17.9,17.2,0.7
2026-10-01 09:00:00,수원,GFS,2026-10-01 00:00:00,0,0,tcc,68.0,70.0,-2.0
2026-10-01 09:00:00,수원,GFS,2026-09-30 18:00:00,6,0,dswrf,162.0,123.15,38.85
2026-10-01 09:00:00,수원,GFS,2026-09-30 18:00:00,6,0,t2m,17.9,17.2,0.7
2026-10-01 09:00:00,수원,GFS,2026-09-30 18:00:00,6,0,tcc,63.0,70.0,-7.0
2026-10-01 09:00:00,수원,GFS,2026-09-30 12:00:00,12,0,dswrf,166.0,123.15,42.85
2026-10-01 09:00:00,수원,GFS,2026-09-30 12:00:00,12,0,t2m,18.1,17.2,0.9
2026-10-01 09:00:00,수원,GFS,2026-09-30 12:00:00,12,0,tcc,17.0,70.0,-53.0
2026-10-01 09:00:00,수원,GFS,2026-09-30 00:00:00,24,1,dswrf,167.0,123.15,43.85
2026-10-01 09:00:00,수원,GFS,2026-09-30 00:00:00,24,1,t2m,17.9,17.2,0.7
2026-10-01 09:00:00,수원,GFS,2026-09-30 00:00:00,24,1,tcc,12.0,70.0,-58.0
2026-10-01 09:00:00,수원,GFS,2026-09-29 18:00:00,30,1,dswrf,169.0,123.15,45.85
2026-10-01 09:00:00,수원,GFS,2026-09-29 18:00:00,30,1,t2m,17.6,17.2,0.4
2026-10-01 09:00:00,수원,GFS,2026-09-29 18:00:00,30,1,tcc,2.0,70.0,-68.0
2026-10-01 09:00:00,수원,GFS,2026-09-29 12:00:00,36,1,dswrf,168.0,123.15,44.85
2026-10-01 09:00:00,수원,GFS,2026-09-29 12:00:00,36,1,t2m,17.7,17.2,0.5
2026-10-01 09:00:00,수원,GFS,2026-09-29 12:00:00,36,1,tcc,2.0,70.0,-68.0
2026-10-01 09:00:00,수원,GFS,2026-09-29 00:00:00,48,2,dswrf,167.0,123.15,43.85
2026-10-01 09:00:00,수원,GFS,2026-09-29 00:00:00,48,2,t2m,17.9,17.2,0.7
2026-10-01 09:00:00,수원,GFS,2026-09-29 00:00:00,48,2,tcc,19.0,70.0,-51.0
2026-10-01 09:00:00,수원,GFS,2026-09-28 18:00:00,54,2,dswrf,157.0,123.15,33.85
2026-10-01 09:00:00,수원,GFS,2026-09-28 18:00:00,54,2,t2m,18.1,17.2,0.9
2026-10-01 09:00:00,수원,GFS,2026-09-28 18:00:00,54,2,tcc,27.0,70.0,-43.0
2026-10-01 09:00:00,수원,GFS,2026-09-28 12:00:00,60,2,dswrf,172.0,123.15,48.85
2026-10-01 09:00:00,수원,GFS,2026-09-28 12:00:00,60,2,t2m,17.8,17.2,0.6
2026-10-01 09:00:00,수원,GFS,2026-09-28 12:00:00,60,2,tcc,0.0,70.0,-70.0
2026-10-01 09:00:00,수원,GFS,2026-09-28 00:00:00,72,3,dswrf,172.0,123.15,48.85
2026-10-01 09:00:00,수원,GFS,2026-09-28 00:00:00,72,3,t2m,17.8,17.2,0.6
2026-10-01 09:00:00,수원,GFS,2026-09-28 00:00:00,72,3,tcc,0.0,70.0,-70.0
2026-10-01 09:00:00,수원,GFS,2026-09-27 18:00:00,78,3,dswrf,171.0,123.15,47.85
2026-10-01 09:00:00,수원,GFS,2026-09-27 18:00:00,78,3,t2m,17.6,17.2,0.4
2026-10-01 09:00:00,수원,GFS,2026-09-27 18:00:00,78,3,tcc,0.0,70.0,-70.0
2026-10-01 09:00:00,수원,GFS,2026-09-27 12:00:00,84,3,dswrf,169.0,123.15,45.85
2026-10-01 09:00:00,수원,GFS,2026-09-27 12:00:00,84,3,t2m,18.1,17.2,0.9
2026-10-01 09:00:00,수원,GFS,2026-09-27 12:00:00,84,3,tcc,0.0,70.0,-70.0
2026-10-01 09:00:00,수원,GFS,2026-09-27 00:00:00,96,4,dswrf,168.0,123.15,44.85
2026-10-01 09:00:00,수원,GFS,2026-09-27 00:00:00,96,4,t2m,17.8,17.2,0.6
2026-10-01 09:00:00,수원,GFS,2026-09-27 00:00:00,96,4,tcc,0.0,70.0,-70.0
2026-10-01 09:00:00,수원,GFS,2026-09-26 18:00:00,102,4,dswrf,170.0,123.15,46.85
2026-10-01 09:00:00,수원,GFS,2026-09-26 18:00:00,102,4,t2m,17.4,17.2,0.2
2026-10-01 09:00:00,수원,GFS,2026-09-26 18:00:00,102,4,tcc,1.0,70.0,-69.0
2026-10-01 09:00:00,수원,GFS,2026-09-26 00:00:00,120,5,dswrf,170.0,123.15,46.85
2026-10-01 09:00:00,수원,GFS,2026-09-26 00:00:00,120,5,t2m,17.4,17.2,0.2
2026-10-01 09:00:00,수원,GFS,2026-09-26 00:00:00,120,5,tcc,0.0,70.0,-70.0
2026-10-01 09:00:00,수원,GFS,2026-09-25 18:00:00,126,5,dswrf,85.0,,
2026-10-01 09:00:00,수원,GFS,2026-09-25 18:00:00,126,5,t2m,17.4,17.2,0.2
2026-10-01 09:00:00,수원,GFS,2026-09-25 18:00:00,126,5,tcc,1.0,70.0,-69.0
2026-10-01 09:00:00,수원,GFS,2026-09-25 12:00:00,132,5,dswrf,87.0,,
2026-10-01 09:00:00,수원,GFS,2026-09-25 12:00:00,132,5,t2m,16.9,17.2,-0.3
2026-10-01 09:00:00,수원,GFS,2026-09-25 12:00:00,132,5,tcc,0.0,70.0,-70.0
2026-10-01 09:00:00,수원,GFS,2026-09-25 00:00:00,144,6,dswrf,87.0,,
2026-10-01 09:00:00,수원,GFS,2026-09-25 00:00:00,144,6,t2m,17.2,17.2,0.0
2026-10-01 09:00:00,수원,GFS,2026-09-25 00:00:00,144,6,tcc,0.0,70.0,-70.0
2026-10-01 09:00:00,수원,GFS,2026-09-24 18:00:00,150,6,dswrf,63.0,,
2026-10-01 09:00:00,수원,GFS,2026-09-24 18:00:00,150,6,t2m,16.3,17.2,-0.9
2026-10-01 09:00:00,수원,GFS,2026-09-24 18:00:00,150,6,tcc,100.0,70.0,30.0
2026-10-01 09:00:00,수원,GFS,2026-09-24 12:00:00,156,6,dswrf,62.0,,
2026-10-01 09:00:00,수원,GFS,2026-09-24 12:00:00,156,6,t2m,16.7,17.2,-0.5
2026-10-01 09:00:00,수원,GFS,2026-09-24 12:00:00,156,6,tcc,100.0,70.0,30.0
2026-10-01 09:00:00,수원,GFS,2026-09-24 00:00:00,168,7,dswrf,85.0,,
2026-10-01 09:00:00,수원,GFS,2026-09-24 00:00:00,168,7,t2m,17.1,17.2,-0.1
2026-10-01 09:00:00,수원,GFS,2026-09-24 00:00:00,168,7,tcc,3.0,70.0,-67.0
2026-10-01 09:00:00,수원,GFS,2026-09-23 18:00:00,174,7,dswrf,85.0,,
2026-10-01 09:00:00,수원,GFS,2026-09-23 18:00:00,174,7,t2m,16.7,17.2,-0.5
2026-10-01 09:00:00,수원,GFS,2026-09-23 18:00:00,174,7,tcc,1.0,70.0,-69.0
2026-10-01 09:00:00,수원,GFS,2026-09-23 12:00:00,180,7,dswrf,60.0,,
2026-10-01 09:00:00,수원,GFS,2026-09-23 12:00:00,180,7,t2m,15.0,17.2,-2.2
2026-10-01 09:00:00,수원,GFS,2026-09-23 12:00:00,180,7,tcc,95.0,70.0,25.0
2026-10-01 09:00:00,수원,GFS,2026-09-23 00:00:00,192,8,dswrf,32.0,,
2026-10-01 09:00:00,수원,GFS,2026-09-23 00:00:00,192,8,t2m,18.0,17.2,0.8
2026-10-01 09:00:00,수원,GFS,2026-09-23 00:00:00,192,8,tcc,100.0,70.0,30.0
2026-10-01 09:00:00,수원,GFS,2026-09-22 18:00:00,198,8,dswrf,30.0,,
2026-10-01 09:00:00,수원,GFS,2026-09-22 18:00:00,198,8,t2m,18.6,17.2,1.4
2026-10-01 09:00:00,수원,GFS,2026-09-22 18:00:00,198,8,tcc,100.0,70.0,30.0
2026-10-01 09:00:00,수원,GFS,2026-09-22 12:00:00,204,8,dswrf,80.0,,
2026-10-01 09:00:00,수원,GFS,2026-09-22 12:00:00,204,8,t2m,19.7,17.2,2.5
2026-10-01 09:00:00,수원,GFS,2026-09-22 12:00:00,204,8,tcc,31.0,70.0,-39.0
2026-10-01 09:00:00,수원,GFS,2026-09-22 00:00:00,216,9,dswrf,81.0,,
2026-10-01 09:00:00,수원,GFS,2026-09-22 00:00:00,216,9,t2m,16.1,17.2,-1.1
2026-10-01 09:00:00,수원,GFS,2026-09-22 00:00:00,216,9,tcc,95.0,70.0,25.0
2026-10-01 09:00:00,수원,GFS,2026-09-21 18:00:00,222,9,dswrf,85.0,,
2026-10-01 09:00:00,수원,GFS,2026-09-21 18:00:00,222,9,t2m,16.8,17.2,-0.4
2026-10-01 09:00:00,수원,GFS,2026-09-21 18:00:00,222,9,tcc,0.0,70.0,-70.0
2026-10-01 09:00:00,수원,GFS,2026-09-21 12:00:00,228,9,dswrf,80.0,,
2026-10-01 09:00:00,수원,GFS,2026-09-21 12:00:00,228,9,t2m,18.3,17.2,1.1
2026-10-01 09:00:00,수원,GFS,2026-09-21 12:00:00,228,9,tcc,4.0,70.0,-66.0
2026-10-01 09:00:00,수원,GFS,2026-09-21 00:00:00,240,10,dswrf,33.0,,
2026-10-01 09:00:00,수원,GFS,2026-09-21 00:00:00,240,10,t2m,17.7,17.2,0.5
2026-10-01 09:00:00,수원,GFS,2026-09-21 00:00:00,240,10,tcc,100.0,70.0,30.0
2026-10-01 09:00:00,수원,KIM,2026-10-01 00:00:00,0,0,t2m,15.6,17.2,-1.6
2026-10-01 09:00:00,수원,KIM,2026-10-01 00:00:00,0,0,tcc,30.0,70.0,-40.0
2026-10-01 09:00:00,수원,KIM,2026-09-30 12:00:00,12,0,dswrf,109.0,123.15,-14.15
2026-10-01 09:00:00,수원,KIM,2026-09-30 12:00:00,12,0,t2m,15.0,17.2,-2.2
2026-10-01 09:00:00,수원,KIM,2026-09-30 12:00:00,12,0,tcc,12.0,70.0,-58.0
2026-10-01 09:00:00,수원,KIM,2026-09-30 00:00:00,24,1,dswrf,158.0,123.15,34.85
2026-10-01 09:00:00,수원,KIM,2026-09-30 00:00:00,24,1,t2m,14.8,17.2,-2.4
2026-10-01 09:00:00,수원,KIM,2026-09-30 00:00:00,24,1,tcc,0.0,70.0,-70.0
2026-10-01 09:00:00,수원,KIM,2026-09-29 12:00:00,36,1,dswrf,158.0,123.15,34.85
2026-10-01 09:00:00,수원,KIM,2026-09-29 12:00:00,36,1,t2m,14.7,17.2,-2.5
2026-10-01 09:00:00,수원,KIM,2026-09-29 12:00:00,36,1,tcc,0.0,70.0,-70.0
2026-10-01 09:00:00,수원,KIM,2026-09-29 00:00:00,48,2,dswrf,161.0,123.15,37.85
2026-10-01 09:00:00,수원,KIM,2026-09-29 00:00:00,48,2,t2m,14.5,17.2,-2.7
2026-10-01 09:00:00,수원,KIM,2026-09-29 00:00:00,48,2,tcc,16.0,70.0,-54.0
2026-10-01 09:00:00,수원,KIM,2026-09-28 12:00:00,60,2,dswrf,162.0,123.15,38.85
2026-10-01 09:00:00,수원,KIM,2026-09-28 12:00:00,60,2,t2m,14.1,17.2,-3.1
2026-10-01 09:00:00,수원,KIM,2026-09-28 12:00:00,60,2,tcc,0.0,70.0,-70.0
2026-10-01 09:00:00,수원,KIM,2026-09-28 00:00:00,72,3,dswrf,160.0,123.15,36.85
2026-10-01 09:00:00,수원,KIM,2026-09-28 00:00:00,72,3,t2m,14.3,17.2,-2.9
2026-10-01 09:00:00,수원,KIM,2026-09-28 00:00:00,72,3,tcc,0.0,70.0,-70.0
2026-10-01 09:00:00,수원,KIM,2026-09-27 12:00:00,84,3,dswrf,158.0,123.15,34.85
2026-10-01 09:00:00,수원,KIM,2026-09-27 12:00:00,84,3,t2m,15.2,17.2,-2.0
2026-10-01 09:00:00,수원,KIM,2026-09-27 12:00:00,84,3,tcc,0.0,70.0,-70.0
2026-10-01 09:00:00,수원,KIM,2026-09-27 00:00:00,96,4,dswrf,161.0,123.15,37.85
2026-10-01 09:00:00,수원,KIM,2026-09-27 00:00:00,96,4,t2m,14.9,17.2,-2.3
2026-10-01 09:00:00,수원,KIM,2026-09-27 00:00:00,96,4,tcc,0.0,70.0,-70.0
2026-10-01 09:00:00,수원,KIM,2026-09-26 12:00:00,108,4,dswrf,159.0,123.15,35.85
2026-10-01 09:00:00,수원,KIM,2026-09-26 12:00:00,108,4,t2m,15.1,17.2,-2.1
2026-10-01 09:00:00,수원,KIM,2026-09-26 12:00:00,108,4,tcc,1.0,70.0,-69.0
2026-10-01 09:00:00,수원,KIM,2026-09-26 00:00:00,120,5,dswrf,160.0,123.15,36.85
2026-10-01 09:00:00,수원,KIM,2026-09-26 00:00:00,120,5,t2m,14.2,17.2,-3.0
2026-10-01 09:00:00,수원,KIM,2026-09-26 00:00:00,120,5,tcc,5.0,70.0,-65.0
2026-10-01 09:00:00,수원,KIM,2026-09-25 12:00:00,132,5,t2m,14.8,17.2,-2.4
2026-10-01 09:00:00,수원,KIM,2026-09-25 12:00:00,132,5,tcc,0.0,70.0,-70.0
2026-10-01 09:00:00,수원,KIM,2026-09-25 00:00:00,144,6,t2m,14.7,17.2,-2.5
2026-10-01 09:00:00,수원,KIM,2026-09-25 00:00:00,144,6,tcc,20.0,70.0,-50.0
2026-10-01 09:00:00,수원,KIM,2026-09-24 12:00:00,156,6,t2m,14.7,17.2,-2.5
2026-10-01 09:00:00,수원,KIM,2026-09-24 12:00:00,156,6,tcc,67.0,70.0,-3.0
2026-10-01 09:00:00,수원,KIM,2026-09-24 00:00:00,168,7,t2m,14.3,17.2,-2.9
2026-10-01 09:00:00,수원,KIM,2026-09-24 00:00:00,168,7,tcc,4.0,70.0,-66.0
2026-10-01 09:00:00,수원,KIM,2026-09-23 12:00:00,180,7,t2m,16.3,17.2,-0.9
2026-10-01 09:00:00,수원,KIM,2026-09-23 12:00:00,180,7,tcc,0.0,70.0,-70.0
2026-10-01 09:00:00,수원,KIM,2026-09-23 00:00:00,192,8,t2m,12.9,17.2,-4.3
2026-10-01 09:00:00,수원,KIM,2026-09-23 00:00:00,192,8,tcc,24.0,70.0,-46.0
2026-10-01 09:00:00,수원,KIM,2026-09-22 12:00:00,204,8,t2m,17.6,17.2,0.4
2026-10-01 09:00:00,수원,KIM,2026-09-22 12:00:00,204,8,tcc,24.0,70.0,-46.0
2026-10-01 09:00:00,수원,KIM,2026-09-22 00:00:00,216,9,t2m,18.7,17.2,1.5
2026-10-01 09:00:00,수원,KIM,2026-09-22 00:00:00,216,9,tcc,3.0,70.0,-67.0
2026-10-01 09:00:00,수원,KIM,2026-09-21 12:00:00,228,9,t2m,15.6,17.2,-1.6
2026-10-01 09:00:00,수원,KIM,2026-09-21 12:00:00,228,9,tcc,0.0,70.0,-70.0
2026-10-01 09:00:00,수원,KIM,2026-09-21 00:00:00,240,10,t2m,15.0,17.2,-2.2
2026-10-01 09:00:00,수원,KIM,2026-09-21 00:00:00,240,10,tcc,15.0,70.0,-55.0
2026-10-01 09:00:00,수원,KIM,2026-09-20 12:00:00,252,10,t2m,19.4,17.2,2.2
2026-10-01 09:00:00,수원,KIM,2026-09-20 12:00:00,252,10,tcc,14.0,70.0,-56.0
2026-10-01 09:00:00,수원,KIM,2026-09-19 12:00:00,276,11,t2m,18.0,17.2,0.8
2026-10-01 09:00:00,수원,KIM,2026-09-19 12:00:00,276,11,tcc,100.0,70.0,30.0
2026-10-01 09:00:00,수원,KIM,2026-09-19 00:00:00,288,12,t2m,18.2,17.2,1.0
2026-10-01 09:00:00,수원,KIM,2026-09-19 00:00:00,288,12,tcc,100.0,70.0,30.0
2026-10-01 09:00:00,인천,ECMWF,2026-09-30 12:00:00,12,0,dswrf,167.0,131.48,35.52
2026-10-01 09:00:00,인천,ECMWF,2026-09-30 12:00:00,12,0,t2m,16.5,16.5,0.0
2026-10-01 09:00:00,인천,ECMWF,2026-09-30 12:00:00,12,0,tcc,11.0,30.0,-19.0
2026-10-01 09:00:00,인천,ECMWF,2026-09-29 12:00:00,36,1,dswrf,125.0,131.48,-6.48
2026-10-01 09:00:00,인천,ECMWF,2026-09-29 12:00:00,36,1,t2m,15.6,16.5,-0.9
2026-10-01 09:00:00,인천,ECMWF,2026-09-29 12:00:00,36,1,tcc,4.0,30.0,-26.0
2026-10-01 09:00:00,인천,ECMWF,2026-09-28 12:00:00,60,2,dswrf,173.0,131.48,41.52
2026-10-01 09:00:00,인천,ECMWF,2026-09-28 12:00:00,60,2,t2m,14.9,16.5,-1.6
2026-10-01 09:00:00,인천,ECMWF,2026-09-28 12:00:00,60,2,tcc,0.0,30.0,-30.0
2026-10-01 09:00:00,인천,ECMWF,2026-09-28 00:00:00,72,3,dswrf,174.0,131.48,42.52
2026-10-01 09:00:00,인천,ECMWF,2026-09-28 00:00:00,72,3,t2m,15.0,16.5,-1.5
2026-10-01 09:00:00,인천,ECMWF,2026-09-28 00:00:00,72,3,tcc,2.0,30.0,-28.0
2026-10-01 09:00:00,인천,ECMWF,2026-09-27 12:00:00,84,3,dswrf,174.0,131.48,42.52
2026-10-01 09:00:00,인천,ECMWF,2026-09-27 12:00:00,84,3,t2m,15.2,16.5,-1.3
2026-10-01 09:00:00,인천,ECMWF,2026-09-27 12:00:00,84,3,tcc,0.0,30.0,-30.0
2026-10-01 09:00:00,인천,ECMWF,2026-09-26 12:00:00,108,4,dswrf,168.0,131.48,36.52
2026-10-01 09:00:00,인천,ECMWF,2026-09-26 12:00:00,108,4,t2m,17.2,16.5,0.7
2026-10-01 09:00:00,인천,ECMWF,2026-09-26 12:00:00,108,4,tcc,0.0,30.0,-30.0
2026-10-01 09:00:00,인천,ECMWF,2026-09-25 12:00:00,132,5,dswrf,168.0,131.48,36.52
2026-10-01 09:00:00,인천,ECMWF,2026-09-25 12:00:00,132,5,t2m,16.9,16.5,0.4
2026-10-01 09:00:00,인천,ECMWF,2026-09-25 12:00:00,132,5,tcc,3.0,30.0,-27.0
2026-10-01 09:00:00,인천,ECMWF,2026-09-24 12:00:00,156,6,dswrf,84.0,,
2026-10-01 09:00:00,인천,ECMWF,2026-09-24 12:00:00,156,6,t2m,17.2,16.5,0.7
2026-10-01 09:00:00,인천,ECMWF,2026-09-24 12:00:00,156,6,tcc,0.0,30.0,-30.0
2026-10-01 09:00:00,인천,ECMWF,2026-09-23 12:00:00,180,7,dswrf,85.0,,
2026-10-01 09:00:00,인천,ECMWF,2026-09-23 12:00:00,180,7,t2m,16.3,16.5,-0.2
2026-10-01 09:00:00,인천,ECMWF,2026-09-23 12:00:00,180,7,tcc,0.0,30.0,-30.0
2026-10-01 09:00:00,인천,ECMWF,2026-09-22 12:00:00,204,8,dswrf,83.0,,
2026-10-01 09:00:00,인천,ECMWF,2026-09-22 12:00:00,204,8,t2m,16.0,16.5,-0.5
2026-10-01 09:00:00,인천,ECMWF,2026-09-22 12:00:00,204,8,tcc,0.0,30.0,-30.0
2026-10-01 09:00:00,인천,ECMWF,2026-09-21 12:00:00,228,9,dswrf,77.0,,
2026-10-01 09:00:00,인천,ECMWF,2026-09-21 12:00:00,228,9,t2m,15.5,16.5,-1.0
2026-10-01 09:00:00,인천,ECMWF,2026-09-21 12:00:00,228,9,tcc,2.0,30.0,-28.0
2026-10-01 09:00:00,인천,GFS,2026-10-01 00:00:00,0,0,t2m,17.7,16.5,1.2
2026-10-01 09:00:00,인천,GFS,2026-10-01 00:00:00,0,0,tcc,22.0,30.0,-8.0
2026-10-01 09:00:00,인천,GFS,2026-09-30 18:00:00,6,0,dswrf,157.0,131.48,25.52
2026-10-01 09:00:00,인천,GFS,2026-09-30 18:00:00,6,0,t2m,17.6,16.5,1.1
2026-10-01 09:00:00,인천,GFS,2026-09-30 18:00:00,6,0,tcc,18.0,30.0,-12.0
2026-10-01 09:00:00,인천,GFS,2026-09-30 12:00:00,12,0,dswrf,165.0,131.48,33.52
2026-10-01 09:00:00,인천,GFS,2026-09-30 12:00:00,12,0,t2m,17.9,16.5,1.4
2026-10-01 09:00:00,인천,GFS,2026-09-30 12:00:00,12,0,tcc,2.0,30.0,-28.0
2026-10-01 09:00:00,인천,GFS,2026-09-30 00:00:00,24,1,dswrf,167.0,131.48,35.52
2026-10-01 09:00:00,인천,GFS,2026-09-30 00:00:00,24,1,t2m,17.8,16.5,1.3
2026-10-01 09:00:00,인천,GFS,2026-09-30 00:00:00,24,1,tcc,19.0,30.0,-11.0
2026-10-01 09:00:00,인천,GFS,2026-09-29 18:00:00,30,1,dswrf,168.0,131.48,36.52
2026-10-01 09:00:00,인천,GFS,2026-09-29 18:00:00,30,1,t2m,17.6,16.5,1.1
2026-10-01 09:00:00,인천,GFS,2026-09-29 18:00:00,30,1,tcc,0.0,30.0,-30.0
2026-10-01 09:00:00,인천,GFS,2026-09-29 12:00:00,36,1,dswrf,168.0,131.48,36.52
2026-10-01 09:00:00,인천,GFS,2026-09-29 12:00:00,36,1,t2m,17.6,16.5,1.1
2026-10-01 09:00:00,인천,GFS,2026-09-29 12:00:00,36,1,tcc,0.0,30.0,-30.0
2026-10-01 09:00:00,인천,GFS,2026-09-29 00:00:00,48,2,dswrf,168.0,131.48,36.52
2026-10-01 09:00:00,인천,GFS,2026-09-29 00:00:00,48,2,t2m,17.8,16.5,1.3
2026-10-01 09:00:00,인천,GFS,2026-09-29 00:00:00,48,2,tcc,0.0,30.0,-30.0
2026-10-01 09:00:00,인천,GFS,2026-09-28 18:00:00,54,2,dswrf,161.0,131.48,29.52
2026-10-01 09:00:00,인천,GFS,2026-09-28 18:00:00,54,2,t2m,18.1,16.5,1.6
2026-10-01 09:00:00,인천,GFS,2026-09-28 18:00:00,54,2,tcc,1.0,30.0,-29.0
2026-10-01 09:00:00,인천,GFS,2026-09-28 12:00:00,60,2,dswrf,169.0,131.48,37.52
2026-10-01 09:00:00,인천,GFS,2026-09-28 12:00:00,60,2,t2m,17.7,16.5,1.2
2026-10-01 09:00:00,인천,GFS,2026-09-28 12:00:00,60,2,tcc,0.0,30.0,-30.0
2026-10-01 09:00:00,인천,GFS,2026-09-28 00:00:00,72,3,dswrf,169.0,131.48,37.52
2026-10-01 09:00:00,인천,GFS,2026-09-28 00:00:00,72,3,t2m,17.9,16.5,1.4
2026-10-01 09:00:00,인천,GFS,2026-09-28 00:00:00,72,3,tcc,0.0,30.0,-30.0
2026-10-01 09:00:00,인천,GFS,2026-09-27 18:00:00,78,3,dswrf,168.0,131.48,36.52
2026-10-01 09:00:00,인천,GFS,2026-09-27 18:00:00,78,3,t2m,17.8,16.5,1.3
2026-10-01 09:00:00,인천,GFS,2026-09-27 18:00:00,78,3,tcc,0.0,30.0,-30.0
2026-10-01 09:00:00,인천,GFS,2026-09-27 12:00:00,84,3,dswrf,166.0,131.48,34.52
2026-10-01 09:00:00,인천,GFS,2026-09-27 12:00:00,84,3,t2m,18.5,16.5,2.0
2026-10-01 09:00:00,인천,GFS,2026-09-27 12:00:00,84,3,tcc,0.0,30.0,-30.0
2026-10-01 09:00:00,인천,GFS,2026-09-27 00:00:00,96,4,dswrf,165.0,131.48,33.52
2026-10-01 09:00:00,인천,GFS,2026-09-27 00:00:00,96,4,t2m,18.2,16.5,1.7
2026-10-01 09:00:00,인천,GFS,2026-09-27 00:00:00,96,4,tcc,1.0,30.0,-29.0
2026-10-01 09:00:00,인천,GFS,2026-09-26 18:00:00,102,4,dswrf,167.0,131.48,35.52
2026-10-01 09:00:00,인천,GFS,2026-09-26 18:00:00,102,4,t2m,17.5,16.5,1.0
2026-10-01 09:00:00,인천,GFS,2026-09-26 18:00:00,102,4,tcc,0.0,30.0,-30.0
2026-10-01 09:00:00,인천,GFS,2026-09-26 00:00:00,120,5,dswrf,170.0,131.48,38.52
2026-10-01 09:00:00,인천,GFS,2026-09-26 00:00:00,120,5,t2m,17.3,16.5,0.8
2026-10-01 09:00:00,인천,GFS,2026-09-26 00:00:00,120,5,tcc,0.0,30.0,-30.0
2026-10-01 09:00:00,인천,GFS,2026-09-25 18:00:00,126,5,dswrf,86.0,,
2026-10-01 09:00:00,인천,GFS,2026-09-25 18:00:00,126,5,t2m,17.2,16.5,0.7
2026-10-01 09:00:00,인천,GFS,2026-09-25 18:00:00,126,5,tcc,0.0,30.0,-30.0
2026-10-01 09:00:00,인천,GFS,2026-09-25 12:00:00,132,5,dswrf,86.0,,
2026-10-01 09:00:00,인천,GFS,2026-09-25 12:00:00,132,5,t2m,17.0,16.5,0.5
2026-10-01 09:00:00,인천,GFS,2026-09-25 12:00:00,132,5,tcc,0.0,30.0,-30.0
2026-10-01 09:00:00,인천,GFS,2026-09-25 00:00:00,144,6,dswrf,86.0,,
2026-10-01 09:00:00,인천,GFS,2026-09-25 00:00:00,144,6,t2m,17.1,16.5,0.6
2026-10-01 09:00:00,인천,GFS,2026-09-25 00:00:00,144,6,tcc,0.0,30.0,-30.0
2026-10-01 09:00:00,인천,GFS,2026-09-24 18:00:00,150,6,dswrf,70.0,,
2026-10-01 09:00:00,인천,GFS,2026-09-24 18:00:00,150,6,t2m,16.5,16.5,0.0
2026-10-01 09:00:00,인천,GFS,2026-09-24 18:00:00,150,6,tcc,90.0,30.0,60.0
2026-10-01 09:00:00,인천,GFS,2026-09-24 12:00:00,156,6,dswrf,75.0,,
2026-10-01 09:00:00,인천,GFS,2026-09-24 12:00:00,156,6,t2m,16.6,16.5,0.1
2026-10-01 09:00:00,인천,GFS,2026-09-24 12:00:00,156,6,tcc,54.0,30.0,24.0
2026-10-01 09:00:00,인천,GFS,2026-09-24 00:00:00,168,7,dswrf,84.0,,
2026-10-01 09:00:00,인천,GFS,2026-09-24 00:00:00,168,7,t2m,17.6,16.5,1.1
2026-10-01 09:00:00,인천,GFS,2026-09-24 00:00:00,168,7,tcc,0.0,30.0,-30.0
2026-10-01 09:00:00,인천,GFS,2026-09-23 18:00:00,174,7,dswrf,84.0,,
2026-10-01 09:00:00,인천,GFS,2026-09-23 18:00:00,174,7,t2m,16.7,16.5,0.2
2026-10-01 09:00:00,인천,GFS,2026-09-23 18:00:00,174,7,tcc,0.0,30.0,-30.0
2026-10-01 09:00:00,인천,GFS,2026-09-23 12:00:00,180,7,dswrf,70.0,,
2026-10-01 09:00:00,인천,GFS,2026-09-23 12:00:00,180,7,t2m,15.2,16.5,-1.3
2026-10-01 09:00:00,인천,GFS,2026-09-23 12:00:00,180,7,tcc,59.0,30.0,29.0
2026-10-01 09:00:00,인천,GFS,2026-09-23 00:00:00,192,8,dswrf,32.0,,
2026-10-01 09:00:00,인천,GFS,2026-09-23 00:00:00,192,8,t2m,17.6,16.5,1.1
2026-10-01 09:00:00,인천,GFS,2026-09-23 00:00:00,192,8,tcc,100.0,30.0,70.0
2026-10-01 09:00:00,인천,GFS,2026-09-22 18:00:00,198,8,dswrf,45.0,,
2026-10-01 09:00:00,인천,GFS,2026-09-22 18:00:00,198,8,t2m,18.1,16.5,1.6
2026-10-01 09:00:00,인천,GFS,2026-09-22 18:00:00,198,8,tcc,100.0,30.0,70.0
2026-10-01 09:00:00,인천,GFS,2026-09-22 12:00:00,204,8,dswrf,79.0,,
2026-10-01 09:00:00,인천,GFS,2026-09-22 12:00:00,204,8,t2m,20.4,16.5,3.9
2026-10-01 09:00:00,인천,GFS,2026-09-22 12:00:00,204,8,tcc,34.0,30.0,4.0
2026-10-01 09:00:00,인천,GFS,2026-09-22 00:00:00,216,9,dswrf,81.0,,
2026-10-01 09:00:00,인천,GFS,2026-09-22 00:00:00,216,9,t2m,16.8,16.5,0.3
2026-10-01 09:00:00,인천,GFS,2026-09-22 00:00:00,216,9,tcc,85.0,30.0,55.0
2026-10-01 09:00:00,인천,GFS,2026-09-21 18:00:00,222,9,dswrf,84.0,,
2026-10-01 09:00:00,인천,GFS,2026-09-21 18:00:00,222,9,t2m,16.8,16.5,0.3
2026-10-01 09:00:00,인천,GFS,2026-09-21 18:00:00,222,9,tcc,0.0,30.0,-30.0
2026-10-01 09:00:00,인천,GFS,2026-09-21 12:00:00,228,9,dswrf,80.0,,
2026-10-01 09:00:00,인천,GFS,2026-09-21 12:00:00,228,9,t2m,19.0,16.5,2.5
2026-10-01 09:00:00,인천,GFS,2026-09-21 12:00:00,228,9,tcc,3.0,30.0,-27.0
2026-10-01 09:00:00,인천,GFS,2026-09-21 00:00:00,240,10,dswrf,51.0,,
2026-10-01 09:00:00,인천,GFS,2026-09-21 00:00:00,240,10,t2m,17.9,16.5,1.4
2026-10-01 09:00:00,인천,GFS,2026-09-21 00:00:00,240,10,tcc,100.0,30.0,70.0
2026-10-01 09:00:00,인천,KIM,2026-10-01 00:00:00,0,0,t2m,15.0,16.5,-1.5
2026-10-01 09:00:00,인천,KIM,2026-10-01 00:00:00,0,0,tcc,4.0,30.0,-26.0
2026-10-01 09:00:00,인천,KIM,2026-09-30 12:00:00,12,0,dswrf,146.0,131.48,14.52
2026-10-01 09:00:00,인천,KIM,2026-09-30 12:00:00,12,0,t2m,14.2,16.5,-2.3
2026-10-01 09:00:00,인천,KIM,2026-09-30 12:00:00,12,0,tcc,0.0,30.0,-30.0
2026-10-01 09:00:00,인천,KIM,2026-09-30 00:00:00,24,1,dswrf,153.0,131.48,21.52
2026-10-01 09:00:00,인천,KIM,2026-09-30 00:00:00,24,1,t2m,13.7,16.5,-2.8
2026-10-01 09:00:00,인천,KIM,2026-09-30 00:00:00,24,1,tcc,0.0,30.0,-30.0
2026-10-01 09:00:00,인천,KIM,2026-09-29 12:00:00,36,1,dswrf,154.0,131.48,22.52
2026-10-01 09:00:00,인천,KIM,2026-09-29 12:00:00,36,1,t2m,13.7,16.5,-2.8
2026-10-01 09:00:00,인천,KIM,2026-09-29 12:00:00,36,1,tcc,0.0,30.0,-30.0
2026-10-01 09:00:00,인천,KIM,2026-09-29 00:00:00,48,2,dswrf,154.0,131.48,22.52
2026-10-01 09:00:00,인천,KIM,2026-09-29 00:00:00,48,2,t2m,13.7,16.5,-2.8
2026-10-01 09:00:00,인천,KIM,2026-09-29 00:00:00,48,2,tcc,8.0,30.0,-22.0
2026-10-01 09:00:00,인천,KIM,2026-09-28 12:00:00,60,2,dswrf,155.0,131.48,23.52
2026-10-01 09:00:00,인천,KIM,2026-09-28 12:00:00,60,2,t2m,13.1,16.5,-3.4
2026-10-01 09:00:00,인천,KIM,2026-09-28 12:00:00,60,2,tcc,0.0,30.0,-30.0
2026-10-01 09:00:00,인천,KIM,2026-09-28 00:00:00,72,3,dswrf,154.0,131.48,22.52
2026-10-01 09:00:00,인천,KIM,2026-09-28 00:00:00,72,3,t2m,13.5,16.5,-3.0
2026-10-01 09:00:00,인천,KIM,2026-09-28 00:00:00,72,3,tcc,0.0,30.0,-30.0
2026-10-01 09:00:00,인천,KIM,2026-09-27 12:00:00,84,3,dswrf,151.0,131.48,19.52
2026-10-01 09:00:00,인천,KIM,2026-09-27 12:00:00,84,3,t2m,14.1,16.5,-2.4
2026-10-01 09:00:00,인천,KIM,2026-09-27 12:00:00,84,3,tcc,0.0,30.0,-30.0
2026-10-01 09:00:00,인천,KIM,2026-09-27 00:00:00,96,4,dswrf,154.0,131.48,22.52
2026-10-01 09:00:00,인천,KIM,2026-09-27 00:00:00,96,4,t2m,14.2,16.5,-2.3
2026-10-01 09:00:00,인천,KIM,2026-09-27 00:00:00,96,4,tcc,0.0,30.0,-30.0
2026-10-01 09:00:00,인천,KIM,2026-09-26 12:00:00,108,4,dswrf,152.0,131.48,20.52
2026-10-01 09:00:00,인천,KIM,2026-09-26 12:00:00,108,4,t2m,14.3,16.5,-2.2
2026-10-01 09:00:00,인천,KIM,2026-09-26 12:00:00,108,4,tcc,0.0,30.0,-30.0
2026-10-01 09:00:00,인천,KIM,2026-09-26 00:00:00,120,5,dswrf,152.0,131.48,20.52
2026-10-01 09:00:00,인천,KIM,2026-09-26 00:00:00,120,5,t2m,13.5,16.5,-3.0
2026-10-01 09:00:00,인천,KIM,2026-09-26 00:00:00,120,5,tcc,39.0,30.0,9.0
2026-10-01 09:00:00,인천,KIM,2026-09-25 12:00:00,132,5,t2m,13.8,16.5,-2.7
2026-10-01 09:00:00,인천,KIM,2026-09-25 12:00:00,132,5,tcc,0.0,30.0,-30.0
2026-10-01 09:00:00,인천,KIM,2026-09-25 00:00:00,144,6,t2m,13.7,16.5,-2.8
2026-10-01 09:00:00,인천,KIM,2026-09-25 00:00:00,144,6,tcc,0.0,30.0,-30.0
2026-10-01 09:00:00,인천,KIM,2026-09-24 12:00:00,156,6,t2m,14.1,16.5,-2.4
2026-10-01 09:00:00,인천,KIM,2026-09-24 12:00:00,156,6,tcc,69.0,30.0,39.0
2026-10-01 09:00:00,인천,KIM,2026-09-24 00:00:00,168,7,t2m,13.7,16.5,-2.8
2026-10-01 09:00:00,인천,KIM,2026-09-24 00:00:00,168,7,tcc,18.0,30.0,-12.0
2026-10-01 09:00:00,인천,KIM,2026-09-23 12:00:00,180,7,t2m,16.5,16.5,0.0
2026-10-01 09:00:00,인천,KIM,2026-09-23 12:00:00,180,7,tcc,0.0,30.0,-30.0
2026-10-01 09:00:00,인천,KIM,2026-09-23 00:00:00,192,8,t2m,12.4,16.5,-4.1
2026-10-01 09:00:00,인천,KIM,2026-09-23 00:00:00,192,8,tcc,0.0,30.0,-30.0
2026-10-01 09:00:00,인천,KIM,2026-09-22 12:00:00,204,8,t2m,16.5,16.5,0.0
2026-10-01 09:00:00,인천,KIM,2026-09-22 12:00:00,204,8,tcc,20.0,30.0,-10.0
2026-10-01 09:00:00,인천,KIM,2026-09-22 00:00:00,216,9,t2m,19.3,16.5,2.8
2026-10-01 09:00:00,인천,KIM,2026-09-22 00:00:00,216,9,tcc,0.0,30.0,-30.0
2026-10-01 09:00:00,인천,KIM,2026-09-21 12:00:00,228,9,t2m,15.2,16.5,-1.3
2026-10-01 09:00:00,인천,KIM,2026-09-21 12:00:00,228,9,tcc,0.0,30.0,-30.0
2026-10-01 09:00:00,인천,KIM,2026-09-21 00:00:00,240,10,t2m,14.3,16.5,-2.2
2026-10-01 09:00:00,인천,KIM,2026-09-21 00:00:00,240,10,tcc,21.0,30.0,-9.0
2026-10-01 09:00:00,인천,KIM,2026-09-20 12:00:00,252,10,t2m,18.9,16.5,2.4
2026-10-01 09:00:00,인천,KIM,2026-09-20 12:00:00,252,10,tcc,47.0,30.0,17.0
2026-10-01 09:00:00,인천,KIM,2026-09-19 12:00:00,276,11,t2m,16.6,16.5,0.1
2026-10-01 09:00:00,인천,KIM,2026-09-19 12:00:00,276,11,tcc,96.0,30.0,66.0
2026-10-01 09:00:00,인천,KIM,2026-09-19 00:00:00,288,12,t2m,19.2,16.5,2.7
2026-10-01 09:00:00,인천,KIM,2026-09-19 00:00:00,288,12,tcc,94.0,30.0,64.0
2026-10-01 09:00:00,전주,ECMWF,2026-09-30 12:00:00,12,0,dswrf,106.0,84.26,21.74
2026-10-01 09:00:00,전주,ECMWF,2026-09-30 12:00:00,12,0,t2m,17.5,17.8,-0.3
2026-10-01 09:00:00,전주,ECMWF,2026-09-30 12:00:00,12,0,tcc,47.0,90.0,-43.0
2026-10-01 09:00:00,전주,ECMWF,2026-09-29 12:00:00,36,1,dswrf,74.0,84.26,-10.26
2026-10-01 09:00:00,전주,ECMWF,2026-09-29 12:00:00,36,1,t2m,16.0,17.8,-1.8
2026-10-01 09:00:00,전주,ECMWF,2026-09-29 12:00:00,36,1,tcc,83.0,90.0,-7.0
2026-10-01 09:00:00,전주,ECMWF,2026-09-28 12:00:00,60,2,dswrf,172.0,84.26,87.74
2026-10-01 09:00:00,전주,ECMWF,2026-09-28 12:00:00,60,2,t2m,16.3,17.8,-1.5
2026-10-01 09:00:00,전주,ECMWF,2026-09-28 12:00:00,60,2,tcc,1.0,90.0,-89.0
2026-10-01 09:00:00,전주,ECMWF,2026-09-28 00:00:00,72,3,dswrf,174.0,84.26,89.74
2026-10-01 09:00:00,전주,ECMWF,2026-09-28 00:00:00,72,3,t2m,16.2,17.8,-1.6
2026-10-01 09:00:00,전주,ECMWF,2026-09-28 00:00:00,72,3,tcc,1.0,90.0,-89.0
2026-10-01 09:00:00,전주,ECMWF,2026-09-27 12:00:00,84,3,dswrf,173.0,84.26,88.74
2026-10-01 09:00:00,전주,ECMWF,2026-09-27 12:00:00,84,3,t2m,16.4,17.8,-1.4
2026-10-01 09:00:00,전주,ECMWF,2026-09-27 12:00:00,84,3,tcc,0.0,90.0,-90.0
2026-10-01 09:00:00,전주,ECMWF,2026-09-26 12:00:00,108,4,dswrf,172.0,84.26,87.74
2026-10-01 09:00:00,전주,ECMWF,2026-09-26 12:00:00,108,4,t2m,16.9,17.8,-0.9
2026-10-01 09:00:00,전주,ECMWF,2026-09-26 12:00:00,108,4,tcc,0.0,90.0,-90.0
2026-10-01 09:00:00,전주,ECMWF,2026-09-25 12:00:00,132,5,dswrf,172.0,84.26,87.74
2026-10-01 09:00:00,전주,ECMWF,2026-09-25 12:00:00,132,5,t2m,16.7,17.8,-1.1
2026-10-01 09:00:00,전주,ECMWF,2026-09-25 12:00:00,132,5,tcc,3.0,90.0,-87.0
2026-10-01 09:00:00,전주,ECMWF,2026-09-24 12:00:00,156,6,dswrf,89.0,,
2026-10-01 09:00:00,전주,ECMWF,2026-09-24 12:00:00,156,6,t2m,17.0,17.8,-0.8
2026-10-01 09:00:00,전주,ECMWF,2026-09-24 12:00:00,156,6,tcc,0.0,90.0,-90.0
2026-10-01 09:00:00,전주,ECMWF,2026-09-23 12:00:00,180,7,dswrf,88.0,,
2026-10-01 09:00:00,전주,ECMWF,2026-09-23 12:00:00,180,7,t2m,16.5,17.8,-1.3
2026-10-01 09:00:00,전주,ECMWF,2026-09-23 12:00:00,180,7,tcc,1.0,90.0,-89.0
2026-10-01 09:00:00,전주,ECMWF,2026-09-22 12:00:00,204,8,dswrf,88.0,,
2026-10-01 09:00:00,전주,ECMWF,2026-09-22 12:00:00,204,8,t2m,16.3,17.8,-1.5
2026-10-01 09:00:00,전주,ECMWF,2026-09-22 12:00:00,204,8,tcc,0.0,90.0,-90.0
2026-10-01 09:00:00,전주,ECMWF,2026-09-21 12:00:00,228,9,dswrf,52.0,,
2026-10-01 09:00:00,전주,ECMWF,2026-09-21 12:00:00,228,9,t2m,17.6,17.8,-0.2
2026-10-01 09:00:00,전주,ECMWF,2026-09-21 12:00:00,228,9,tcc,95.0,90.0,5.0
2026-10-01 09:00:00,전주,GFS,2026-10-01 00:00:00,0,0,t2m,16.9,17.8,-0.9
2026-10-01 09:00:00,전주,GFS,2026-10-01 00:00:00,0,0,tcc,79.0,90.0,-11.0
2026-10-01 09:00:00,전주,GFS,2026-09-30 18:00:00,6,0,dswrf,110.0,84.26,25.74
2026-10-01 09:00:00,전주,GFS,2026-09-30 18:00:00,6,0,t2m,17.0,17.8,-0.8
2026-10-01 09:00:00,전주,GFS,2026-09-30 18:00:00,6,0,tcc,78.0,90.0,-12.0
2026-10-01 09:00:00,전주,GFS,2026-09-30 12:00:00,12,0,dswrf,147.0,84.26,62.74
2026-10-01 09:00:00,전주,GFS,2026-09-30 12:00:00,12,0,t2m,17.3,17.8,-0.5
2026-10-01 09:00:00,전주,GFS,2026-09-30 12:00:00,12,0,tcc,74.0,90.0,-16.0
2026-10-01 09:00:00,전주,GFS,2026-09-30 00:00:00,24,1,dswrf,143.0,84.26,58.74
2026-10-01 09:00:00,전주,GFS,2026-09-30 00:00:00,24,1,t2m,16.8,17.8,-1.0
2026-10-01 09:00:00,전주,GFS,2026-09-30 00:00:00,24,1,tcc,60.0,90.0,-30.0
2026-10-01 09:00:00,전주,GFS,2026-09-29 18:00:00,30,1,dswrf,162.0,84.26,77.74
2026-10-01 09:00:00,전주,GFS,2026-09-29 18:00:00,30,1,t2m,16.4,17.8,-1.4
2026-10-01 09:00:00,전주,GFS,2026-09-29 18:00:00,30,1,tcc,13.0,90.0,-77.0
2026-10-01 09:00:00,전주,GFS,2026-09-29 12:00:00,36,1,dswrf,161.0,84.26,76.74
2026-10-01 09:00:00,전주,GFS,2026-09-29 12:00:00,36,1,t2m,16.6,17.8,-1.2
2026-10-01 09:00:00,전주,GFS,2026-09-29 12:00:00,36,1,tcc,53.0,90.0,-37.0
2026-10-01 09:00:00,전주,GFS,2026-09-29 00:00:00,48,2,dswrf,103.0,84.26,18.74
2026-10-01 09:00:00,전주,GFS,2026-09-29 00:00:00,48,2,t2m,16.9,17.8,-0.9
2026-10-01 09:00:00,전주,GFS,2026-09-29 00:00:00,48,2,tcc,88.0,90.0,-2.0
2026-10-01 09:00:00,전주,GFS,2026-09-28 18:00:00,54,2,dswrf,87.0,84.26,2.74
2026-10-01 09:00:00,전주,GFS,2026-09-28 18:00:00,54,2,t2m,17.1,17.8,-0.7
2026-10-01 09:00:00,전주,GFS,2026-09-28 18:00:00,54,2,tcc,86.0,90.0,-4.0
2026-10-01 09:00:00,전주,GFS,2026-09-28 12:00:00,60,2,dswrf,164.0,84.26,79.74
2026-10-01 09:00:00,전주,GFS,2026-09-28 12:00:00,60,2,t2m,16.8,17.8,-1.0
2026-10-01 09:00:00,전주,GFS,2026-09-28 12:00:00,60,2,tcc,11.0,90.0,-79.0
2026-10-01 09:00:00,전주,GFS,2026-09-28 00:00:00,72,3,dswrf,165.0,84.26,80.74
2026-10-01 09:00:00,전주,GFS,2026-09-28 00:00:00,72,3,t2m,16.4,17.8,-1.4
2026-10-01 09:00:00,전주,GFS,2026-09-28 00:00:00,72,3,tcc,3.0,90.0,-87.0
2026-10-01 09:00:00,전주,GFS,2026-09-27 18:00:00,78,3,dswrf,168.0,84.26,83.74
2026-10-01 09:00:00,전주,GFS,2026-09-27 18:00:00,78,3,t2m,16.3,17.8,-1.5
2026-10-01 09:00:00,전주,GFS,2026-09-27 18:00:00,78,3,tcc,5.0,90.0,-85.0
2026-10-01 09:00:00,전주,GFS,2026-09-27 12:00:00,84,3,dswrf,161.0,84.26,76.74
2026-10-01 09:00:00,전주,GFS,2026-09-27 12:00:00,84,3,t2m,16.6,17.8,-1.2
2026-10-01 09:00:00,전주,GFS,2026-09-27 12:00:00,84,3,tcc,5.0,90.0,-85.0
2026-10-01 09:00:00,전주,GFS,2026-09-27 00:00:00,96,4,dswrf,165.0,84.26,80.74
2026-10-01 09:00:00,전주,GFS,2026-09-27 00:00:00,96,4,t2m,16.5,17.8,-1.3
2026-10-01 09:00:00,전주,GFS,2026-09-27 00:00:00,96,4,tcc,1.0,90.0,-89.0
2026-10-01 09:00:00,전주,GFS,2026-09-26 18:00:00,102,4,dswrf,168.0,84.26,83.74
2026-10-01 09:00:00,전주,GFS,2026-09-26 18:00:00,102,4,t2m,16.2,17.8,-1.6
2026-10-01 09:00:00,전주,GFS,2026-09-26 18:00:00,102,4,tcc,0.0,90.0,-90.0
2026-10-01 09:00:00,전주,GFS,2026-09-26 00:00:00,120,5,dswrf,159.0,84.26,74.74
2026-10-01 09:00:00,전주,GFS,2026-09-26 00:00:00,120,5,t2m,17.3,17.8,-0.5
2026-10-01 09:00:00,전주,GFS,2026-09-26 00:00:00,120,5,tcc,58.0,90.0,-32.0
2026-10-01 09:00:00,전주,GFS,2026-09-25 18:00:00,126,5,dswrf,66.0,,
2026-10-01 09:00:00,전주,GFS,2026-09-25 18:00:00,126,5,t2m,16.9,17.8,-0.9
2026-10-01 09:00:00,전주,GFS,2026-09-25 18:00:00,126,5,tcc,92.0,90.0,2.0
2026-10-01 09:00:00,전주,GFS,2026-09-25 12:00:00,132,5,dswrf,82.0,,
2026-10-01 09:00:00,전주,GFS,2026-09-25 12:00:00,132,5,t2m,16.5,17.8,-1.3
2026-10-01 09:00:00,전주,GFS,2026-09-25 12:00:00,132,5,tcc,1.0,90.0,-89.0
2026-10-01 09:00:00,전주,GFS,2026-09-25 00:00:00,144,6,dswrf,79.0,,
2026-10-01 09:00:00,전주,GFS,2026-09-25 00:00:00,144,6,t2m,16.2,17.8,-1.6
2026-10-01 09:00:00,전주,GFS,2026-09-25 00:00:00,144,6,tcc,30.0,90.0,-60.0
2026-10-01 09:00:00,전주,GFS,2026-09-24 18:00:00,150,6,dswrf,48.0,,
2026-10-01 09:00:00,전주,GFS,2026-09-24 18:00:00,150,6,t2m,15.3,17.8,-2.5
2026-10-01 09:00:00,전주,GFS,2026-09-24 18:00:00,150,6,tcc,99.0,90.0,9.0
2026-10-01 09:00:00,전주,GFS,2026-09-24 12:00:00,156,6,dswrf,42.0,,
2026-10-01 09:00:00,전주,GFS,2026-09-24 12:00:00,156,6,t2m,15.4,17.8,-2.4
2026-10-01 09:00:00,전주,GFS,2026-09-24 12:00:00,156,6,tcc,100.0,90.0,10.0
2026-10-01 09:00:00,전주,GFS,2026-09-24 00:00:00,168,7,dswrf,83.0,,
2026-10-01 09:00:00,전주,GFS,2026-09-24 00:00:00,168,7,t2m,15.6,17.8,-2.2
2026-10-01 09:00:00,전주,GFS,2026-09-24 00:00:00,168,7,tcc,21.0,90.0,-69.0
2026-10-01 09:00:00,전주,GFS,2026-09-23 18:00:00,174,7,dswrf,86.0,,
2026-10-01 09:00:00,전주,GFS,2026-09-23 18:00:00,174,7,t2m,16.3,17.8,-1.5
2026-10-01 09:00:00,전주,GFS,2026-09-23 18:00:00,174,7,tcc,0.0,90.0,-90.0
2026-10-01 09:00:00,전주,GFS,2026-09-23 12:00:00,180,7,dswrf,49.0,,
2026-10-01 09:00:00,전주,GFS,2026-09-23 12:00:00,180,7,t2m,14.1,17.8,-3.7
2026-10-01 09:00:00,전주,GFS,2026-09-23 12:00:00,180,7,tcc,99.0,90.0,9.0
2026-10-01 09:00:00,전주,GFS,2026-09-23 00:00:00,192,8,dswrf,20.0,,
2026-10-01 09:00:00,전주,GFS,2026-09-23 00:00:00,192,8,t2m,18.4,17.8,0.6
2026-10-01 09:00:00,전주,GFS,2026-09-23 00:00:00,192,8,tcc,100.0,90.0,10.0
2026-10-01 09:00:00,전주,GFS,2026-09-22 18:00:00,198,8,dswrf,21.0,,
2026-10-01 09:00:00,전주,GFS,2026-09-22 18:00:00,198,8,t2m,16.1,17.8,-1.7
2026-10-01 09:00:00,전주,GFS,2026-09-22 18:00:00,198,8,tcc,100.0,90.0,10.0
2026-10-01 09:00:00,전주,GFS,2026-09-22 12:00:00,204,8,dswrf,83.0,,
2026-10-01 09:00:00,전주,GFS,2026-09-22 12:00:00,204,8,t2m,19.7,17.8,1.9
2026-10-01 09:00:00,전주,GFS,2026-09-22 12:00:00,204,8,tcc,1.0,90.0,-89.0
2026-10-01 09:00:00,전주,GFS,2026-09-22 00:00:00,216,9,dswrf,83.0,,
2026-10-01 09:00:00,전주,GFS,2026-09-22 00:00:00,216,9,t2m,14.7,17.8,-3.1
2026-10-01 09:00:00,전주,GFS,2026-09-22 00:00:00,216,9,tcc,76.0,90.0,-14.0
2026-10-01 09:00:00,전주,GFS,2026-09-21 18:00:00,222,9,dswrf,88.0,,
2026-10-01 09:00:00,전주,GFS,2026-09-21 18:00:00,222,9,t2m,15.3,17.8,-2.5
2026-10-01 09:00:00,전주,GFS,2026-09-21 18:00:00,222,9,tcc,5.0,90.0,-85.0
2026-10-01 09:00:00,전주,GFS,2026-09-21 12:00:00,228,9,dswrf,77.0,,
2026-10-01 09:00:00,전주,GFS,2026-09-21 12:00:00,228,9,t2m,16.1,17.8,-1.7
2026-10-01 09:00:00,전주,GFS,2026-09-21 12:00:00,228,9,tcc,35.0,90.0,-55.0
2026-10-01 09:00:00,전주,GFS,2026-09-21 00:00:00,240,10,dswrf,51.0,,
2026-10-01 09:00:00,전주,GFS,2026-09-21 00:00:00,240,10,t2m,19.2,17.8,1.4
2026-10-01 09:00:00,전주,GFS,2026-09-21 00:00:00,240,10,tcc,98.0,90.0,8.0
2026-10-01 09:00:00,전주,KIM,2026-10-01 00:00:00,0,0,t2m,17.3,17.8,-0.5
2026-10-01 09:00:00,전주,KIM,2026-10-01 00:00:00,0,0,tcc,54.0,90.0,-36.0
2026-10-01 09:00:00,전주,KIM,2026-09-30 12:00:00,12,0,dswrf,107.0,84.26,22.74
2026-10-01 09:00:00,전주,KIM,2026-09-30 12:00:00,12,0,t2m,16.2,17.8,-1.6
2026-10-01 09:00:00,전주,KIM,2026-09-30 12:00:00,12,0,tcc,92.0,90.0,2.0
2026-10-01 09:00:00,전주,KIM,2026-09-30 00:00:00,24,1,dswrf,145.0,84.26,60.74
2026-10-01 09:00:00,전주,KIM,2026-09-30 00:00:00,24,1,t2m,16.1,17.8,-1.7
2026-10-01 09:00:00,전주,KIM,2026-09-30 00:00:00,24,1,tcc,61.0,90.0,-29.0
2026-10-01 09:00:00,전주,KIM,2026-09-29 12:00:00,36,1,dswrf,86.0,84.26,1.74
2026-10-01 09:00:00,전주,KIM,2026-09-29 12:00:00,36,1,t2m,15.0,17.8,-2.8
2026-10-01 09:00:00,전주,KIM,2026-09-29 12:00:00,36,1,tcc,72.0,90.0,-18.0
2026-10-01 09:00:00,전주,KIM,2026-09-29 00:00:00,48,2,dswrf,146.0,84.26,61.74
2026-10-01 09:00:00,전주,KIM,2026-09-29 00:00:00,48,2,t2m,15.1,17.8,-2.7
2026-10-01 09:00:00,전주,KIM,2026-09-29 00:00:00,48,2,tcc,58.0,90.0,-32.0
2026-10-01 09:00:00,전주,KIM,2026-09-28 12:00:00,60,2,dswrf,157.0,84.26,72.74
2026-10-01 09:00:00,전주,KIM,2026-09-28 12:00:00,60,2,t2m,15.0,17.8,-2.8
2026-10-01 09:00:00,전주,KIM,2026-09-28 12:00:00,60,2,tcc,15.0,90.0,-75.0
2026-10-01 09:00:00,전주,KIM,2026-09-28 00:00:00,72,3,dswrf,159.0,84.26,74.74
2026-10-01 09:00:00,전주,KIM,2026-09-28 00:00:00,72,3,t2m,15.2,17.8,-2.6
2026-10-01 09:00:00,전주,KIM,2026-09-28 00:00:00,72,3,tcc,0.0,90.0,-90.0
2026-10-01 09:00:00,전주,KIM,2026-09-27 12:00:00,84,3,dswrf,154.0,84.26,69.74
2026-10-01 09:00:00,전주,KIM,2026-09-27 12:00:00,84,3,t2m,16.5,17.8,-1.3
2026-10-01 09:00:00,전주,KIM,2026-09-27 12:00:00,84,3,tcc,48.0,90.0,-42.0
2026-10-01 09:00:00,전주,KIM,2026-09-27 00:00:00,96,4,dswrf,160.0,84.26,75.74
2026-10-01 09:00:00,전주,KIM,2026-09-27 00:00:00,96,4,t2m,16.5,17.8,-1.3
2026-10-01 09:00:00,전주,KIM,2026-09-27 00:00:00,96,4,tcc,0.0,90.0,-90.0
2026-10-01 09:00:00,전주,KIM,2026-09-26 12:00:00,108,4,dswrf,152.0,84.26,67.74
2026-10-01 09:00:00,전주,KIM,2026-09-26 12:00:00,108,4,t2m,15.9,17.8,-1.9
2026-10-01 09:00:00,전주,KIM,2026-09-26 12:00:00,108,4,tcc,1.0,90.0,-89.0
2026-10-01 09:00:00,전주,KIM,2026-09-26 00:00:00,120,5,dswrf,163.0,84.26,78.74
2026-10-01 09:00:00,전주,KIM,2026-09-26 00:00:00,120,5,t2m,14.9,17.8,-2.9
2026-10-01 09:00:00,전주,KIM,2026-09-26 00:00:00,120,5,tcc,22.0,90.0,-68.0
2026-10-01 09:00:00,전주,KIM,2026-09-25 12:00:00,132,5,t2m,15.9,17.8,-1.9
2026-10-01 09:00:00,전주,KIM,2026-09-25 12:00:00,132,5,tcc,77.0,90.0,-13.0
2026-10-01 09:00:00,전주,KIM,2026-09-25 00:00:00,144,6,t2m,15.5,17.8,-2.3
2026-10-01 09:00:00,전주,KIM,2026-09-25 00:00:00,144,6,tcc,67.0,90.0,-23.0
2026-10-01 09:00:00,전주,KIM,2026-09-24 12:00:00,156,6,t2m,16.2,17.8,-1.6
2026-10-01 09:00:00,전주,KIM,2026-09-24 12:00:00,156,6,tcc,68.0,90.0,-22.0
2026-10-01 09:00:00,전주,KIM,2026-09-24 00:00:00,168,7,t2m,14.8,17.8,-3.0
2026-10-01 09:00:00,전주,KIM,2026-09-24 00:00:00,168,7,tcc,24.0,90.0,-66.0
2026-10-01 09:00:00,전주,KIM,2026-09-23 12:00:00,180,7,t2m,16.2,17.8,-1.6
2026-10-01 09:00:00,전주,KIM,2026-09-23 12:00:00,180,7,tcc,64.0,90.0,-26.0
2026-10-01 09:00:00,전주,KIM,2026-09-23 00:00:00,192,8,t2m,12.8,17.8,-5.0
2026-10-01 09:00:00,전주,KIM,2026-09-23 00:00:00,192,8,tcc,91.0,90.0,1.0
2026-10-01 09:00:00,전주,KIM,2026-09-22 12:00:00,204,8,t2m,18.3,17.8,0.5
2026-10-01 09:00:00,전주,KIM,2026-09-22 12:00:00,204,8,tcc,3.0,90.0,-87.0
2026-10-01 09:00:00,전주,KIM,2026-09-22 00:00:00,216,9,t2m,17.2,17.8,-0.6
2026-10-01 09:00:00,전주,KIM,2026-09-22 00:00:00,216,9,tcc,53.0,90.0,-37.0
2026-10-01 09:00:00,전주,KIM,2026-09-21 12:00:00,228,9,t2m,16.1,17.8,-1.7
2026-10-01 09:00:00,전주,KIM,2026-09-21 12:00:00,228,9,tcc,2.0,90.0,-88.0
2026-10-01 09:00:00,전주,KIM,2026-09-21 00:00:00,240,10,t2m,17.1,17.8,-0.7
2026-10-01 09:00:00,전주,KIM,2026-09-21 00:00:00,240,10,tcc,0.0,90.0,-90.0
2026-10-01 09:00:00,전주,KIM,2026-09-20 12:00:00,252,10,t2m,19.5,17.8,1.7
2026-10-01 09:00:00,전주,KIM,2026-09-20 12:00:00,252,10,tcc,99.0,90.0,9.0
2026-10-01 09:00:00,전주,KIM,2026-09-19 12:00:00,276,11,t2m,18.1,17.8,0.3
2026-10-01 09:00:00,전주,KIM,2026-09-19 12:00:00,276,11,tcc,100.0,90.0,10.0
2026-10-01 09:00:00,전주,KIM,2026-09-19 00:00:00,288,12,t2m,20.4,17.8,2.6
2026-10-01 09:00:00,전주,KIM,2026-09-19 00:00:00,288,12,tcc,94.0,90.0,4.0
2026-10-01 09:00:00,제주,ECMWF,2026-09-30 12:00:00,12,0,dswrf,142.0,25.93,116.07
2026-10-01 09:00:00,제주,ECMWF,2026-09-30 12:00:00,12,0,t2m,20.7,22.7,-2.0
2026-10-01 09:00:00,제주,ECMWF,2026-09-30 12:00:00,12,0,tcc,28.0,100.0,-72.0
2026-10-01 09:00:00,제주,ECMWF,2026-09-29 12:00:00,36,1,dswrf,129.0,25.93,103.07
2026-10-01 09:00:00,제주,ECMWF,2026-09-29 12:00:00,36,1,t2m,19.8,22.7,-2.9
2026-10-01 09:00:00,제주,ECMWF,2026-09-29 12:00:00,36,1,tcc,48.0,100.0,-52.0
2026-10-01 09:00:00,제주,ECMWF,2026-09-28 12:00:00,60,2,dswrf,105.0,25.93,79.07
2026-10-01 09:00:00,제주,ECMWF,2026-09-28 12:00:00,60,2,t2m,19.7,22.7,-3.0
2026-10-01 09:00:00,제주,ECMWF,2026-09-28 12:00:00,60,2,tcc,13.0,100.0,-87.0
2026-10-01 09:00:00,제주,ECMWF,2026-09-28 00:00:00,72,3,dswrf,104.0,25.93,78.07
2026-10-01 09:00:00,제주,ECMWF,2026-09-28 00:00:00,72,3,t2m,19.6,22.7,-3.1
2026-10-01 09:00:00,제주,ECMWF,2026-09-28 00:00:00,72,3,tcc,21.0,100.0,-79.0
2026-10-01 09:00:00,제주,ECMWF,2026-09-27 12:00:00,84,3,dswrf,96.0,25.93,70.07
2026-10-01 09:00:00,제주,ECMWF,2026-09-27 12:00:00,84,3,t2m,19.8,22.7,-2.9
2026-10-01 09:00:00,제주,ECMWF,2026-09-27 12:00:00,84,3,tcc,15.0,100.0,-85.0
2026-10-01 09:00:00,제주,ECMWF,2026-09-26 12:00:00,108,4,dswrf,142.0,25.93,116.07
2026-10-01 09:00:00,제주,ECMWF,2026-09-26 12:00:00,108,4,t2m,20.5,22.7,-2.2
2026-10-01 09:00:00,제주,ECMWF,2026-09-26 12:00:00,108,4,tcc,15.0,100.0,-85.0
2026-10-01 09:00:00,제주,ECMWF,2026-09-25 12:00:00,132,5,dswrf,113.0,25.93,87.07
2026-10-01 09:00:00,제주,ECMWF,2026-09-25 12:00:00,132,5,t2m,20.5,22.7,-2.2
2026-10-01 09:00:00,제주,ECMWF,2026-09-25 12:00:00,132,5,tcc,40.0,100.0,-60.0
2026-10-01 09:00:00,제주,ECMWF,2026-09-24 12:00:00,156,6,dswrf,77.0,,
2026-10-01 09:00:00,제주,ECMWF,2026-09-24 12:00:00,156,6,t2m,19.9,22.7,-2.8
2026-10-01 09:00:00,제주,ECMWF,2026-09-24 12:00:00,156,6,tcc,30.0,100.0,-70.0
2026-10-01 09:00:00,제주,ECMWF,2026-09-23 12:00:00,180,7,dswrf,29.0,,
2026-10-01 09:00:00,제주,ECMWF,2026-09-23 12:00:00,180,7,t2m,18.0,22.7,-4.7
2026-10-01 09:00:00,제주,ECMWF,2026-09-23 12:00:00,180,7,tcc,96.0,100.0,-4.0
2026-10-01 09:00:00,제주,ECMWF,2026-09-22 12:00:00,204,8,dswrf,16.0,,
2026-10-01 09:00:00,제주,ECMWF,2026-09-22 12:00:00,204,8,t2m,16.7,22.7,-6.0
2026-10-01 09:00:00,제주,ECMWF,2026-09-22 12:00:00,204,8,tcc,99.0,100.0,-1.0
2026-10-01 09:00:00,제주,ECMWF,2026-09-21 12:00:00,228,9,dswrf,25.0,,
2026-10-01 09:00:00,제주,ECMWF,2026-09-21 12:00:00,228,9,t2m,18.7,22.7,-4.0
2026-10-01 09:00:00,제주,ECMWF,2026-09-21 12:00:00,228,9,tcc,92.0,100.0,-8.0
2026-10-01 09:00:00,제주,GFS,2026-10-01 00:00:00,0,0,t2m,20.2,22.7,-2.5
2026-10-01 09:00:00,제주,GFS,2026-10-01 00:00:00,0,0,tcc,22.0,100.0,-78.0
2026-10-01 09:00:00,제주,GFS,2026-09-30 18:00:00,6,0,dswrf,56.0,25.93,30.07
2026-10-01 09:00:00,제주,GFS,2026-09-30 18:00:00,6,0,t2m,20.1,22.7,-2.6
2026-10-01 09:00:00,제주,GFS,2026-09-30 18:00:00,6,0,tcc,27.0,100.0,-73.0
2026-10-01 09:00:00,제주,GFS,2026-09-30 12:00:00,12,0,dswrf,57.0,25.93,31.07
2026-10-01 09:00:00,제주,GFS,2026-09-30 12:00:00,12,0,t2m,19.6,22.7,-3.1
2026-10-01 09:00:00,제주,GFS,2026-09-30 12:00:00,12,0,tcc,24.0,100.0,-76.0
2026-10-01 09:00:00,제주,GFS,2026-09-30 00:00:00,24,1,dswrf,116.0,25.93,90.07
2026-10-01 09:00:00,제주,GFS,2026-09-30 00:00:00,24,1,t2m,19.0,22.7,-3.7
2026-10-01 09:00:00,제주,GFS,2026-09-30 00:00:00,24,1,tcc,33.0,100.0,-67.0
2026-10-01 09:00:00,제주,GFS,2026-09-29 18:00:00,30,1,dswrf,166.0,25.93,140.07
2026-10-01 09:00:00,제주,GFS,2026-09-29 18:00:00,30,1,t2m,18.8,22.7,-3.9
2026-10-01 09:00:00,제주,GFS,2026-09-29 18:00:00,30,1,tcc,50.0,100.0,-50.0
2026-10-01 09:00:00,제주,GFS,2026-09-29 12:00:00,36,1,dswrf,159.0,25.93,133.07
2026-10-01 09:00:00,제주,GFS,2026-09-29 12:00:00,36,1,t2m,18.8,22.7,-3.9
2026-10-01 09:00:00,제주,GFS,2026-09-29 12:00:00,36,1,tcc,29.0,100.0,-71.0
2026-10-01 09:00:00,제주,GFS,2026-09-29 00:00:00,48,2,dswrf,58.0,25.93,32.07
2026-10-01 09:00:00,제주,GFS,2026-09-29 00:00:00,48,2,t2m,18.7,22.7,-4.0
2026-10-01 09:00:00,제주,GFS,2026-09-29 00:00:00,48,2,tcc,58.0,100.0,-42.0
2026-10-01 09:00:00,제주,GFS,2026-09-28 18:00:00,54,2,dswrf,28.0,25.93,2.07
2026-10-01 09:00:00,제주,GFS,2026-09-28 18:00:00,54,2,t2m,18.7,22.7,-4.0
2026-10-01 09:00:00,제주,GFS,2026-09-28 18:00:00,54,2,tcc,74.0,100.0,-26.0
2026-10-01 09:00:00,제주,GFS,2026-09-28 12:00:00,60,2,dswrf,90.0,25.93,64.07
2026-10-01 09:00:00,제주,GFS,2026-09-28 12:00:00,60,2,t2m,18.9,22.7,-3.8
2026-10-01 09:00:00,제주,GFS,2026-09-28 12:00:00,60,2,tcc,92.0,100.0,-8.0
2026-10-01 09:00:00,제주,GFS,2026-09-28 00:00:00,72,3,dswrf,151.0,25.93,125.07
2026-10-01 09:00:00,제주,GFS,2026-09-28 00:00:00,72,3,t2m,19.0,22.7,-3.7
2026-10-01 09:00:00,제주,GFS,2026-09-28 00:00:00,72,3,tcc,8.0,100.0,-92.0
2026-10-01 09:00:00,제주,GFS,2026-09-27 18:00:00,78,3,dswrf,167.0,25.93,141.07
2026-10-01 09:00:00,제주,GFS,2026-09-27 18:00:00,78,3,t2m,18.7,22.7,-4.0
2026-10-01 09:00:00,제주,GFS,2026-09-27 18:00:00,78,3,tcc,5.0,100.0,-95.0
2026-10-01 09:00:00,제주,GFS,2026-09-27 12:00:00,84,3,dswrf,171.0,25.93,145.07
2026-10-01 09:00:00,제주,GFS,2026-09-27 12:00:00,84,3,t2m,19.2,22.7,-3.5
2026-10-01 09:00:00,제주,GFS,2026-09-27 12:00:00,84,3,tcc,50.0,100.0,-50.0
2026-10-01 09:00:00,제주,GFS,2026-09-27 00:00:00,96,4,dswrf,129.0,25.93,103.07
2026-10-01 09:00:00,제주,GFS,2026-09-27 00:00:00,96,4,t2m,18.4,22.7,-4.3
2026-10-01 09:00:00,제주,GFS,2026-09-27 00:00:00,96,4,tcc,14.0,100.0,-86.0
2026-10-01 09:00:00,제주,GFS,2026-09-26 18:00:00,102,4,dswrf,168.0,25.93,142.07
2026-10-01 09:00:00,제주,GFS,2026-09-26 18:00:00,102,4,t2m,18.2,22.7,-4.5
2026-10-01 09:00:00,제주,GFS,2026-09-26 18:00:00,102,4,tcc,6.0,100.0,-94.0
2026-10-01 09:00:00,제주,GFS,2026-09-26 00:00:00,120,5,dswrf,105.0,25.93,79.07
2026-10-01 09:00:00,제주,GFS,2026-09-26 00:00:00,120,5,t2m,19.1,22.7,-3.6
2026-10-01 09:00:00,제주,GFS,2026-09-26 00:00:00,120,5,tcc,33.0,100.0,-67.0
2026-10-01 09:00:00,제주,GFS,2026-09-25 18:00:00,126,5,dswrf,54.0,,
2026-10-01 09:00:00,제주,GFS,2026-09-25 18:00:00,126,5,t2m,19.6,22.7,-3.1
2026-10-01 09:00:00,제주,GFS,2026-09-25 18:00:00,126,5,tcc,45.0,100.0,-55.0
2026-10-01 09:00:00,제주,GFS,2026-09-25 12:00:00,132,5,dswrf,11.0,,
2026-10-01 09:00:00,제주,GFS,2026-09-25 12:00:00,132,5,t2m,18.7,22.7,-4.0
2026-10-01 09:00:00,제주,GFS,2026-09-25 12:00:00,132,5,tcc,89.0,100.0,-11.0
2026-10-01 09:00:00,제주,GFS,2026-09-25 00:00:00,144,6,dswrf,87.0,,
2026-10-01 09:00:00,제주,GFS,2026-09-25 00:00:00,144,6,t2m,18.5,22.7,-4.2
2026-10-01 09:00:00,제주,GFS,2026-09-25 00:00:00,144,6,tcc,6.0,100.0,-94.0
2026-10-01 09:00:00,제주,GFS,2026-09-24 18:00:00,150,6,dswrf,43.0,,
2026-10-01 09:00:00,제주,GFS,2026-09-24 18:00:00,150,6,t2m,17.6,22.7,-5.1
2026-10-01 09:00:00,제주,GFS,2026-09-24 18:00:00,150,6,tcc,90.0,100.0,-10.0
2026-10-01 09:00:00,제주,GFS,2026-09-24 12:00:00,156,6,dswrf,70.0,,
2026-10-01 09:00:00,제주,GFS,2026-09-24 12:00:00,156,6,t2m,17.7,22.7,-5.0
2026-10-01 09:00:00,제주,GFS,2026-09-24 12:00:00,156,6,tcc,80.0,100.0,-20.0
2026-10-01 09:00:00,제주,GFS,2026-09-24 00:00:00,168,7,dswrf,91.0,,
2026-10-01 09:00:00,제주,GFS,2026-09-24 00:00:00,168,7,t2m,16.8,22.7,-5.9
2026-10-01 09:00:00,제주,GFS,2026-09-24 00:00:00,168,7,tcc,5.0,100.0,-95.0
2026-10-01 09:00:00,제주,GFS,2026-09-23 18:00:00,174,7,dswrf,65.0,,
2026-10-01 09:00:00,제주,GFS,2026-09-23 18:00:00,174,7,t2m,17.3,22.7,-5.4
2026-10-01 09:00:00,제주,GFS,2026-09-23 18:00:00,174,7,tcc,100.0,100.0,0.0
2026-10-01 09:00:00,제주,GFS,2026-09-23 12:00:00,180,7,dswrf,8.0,,
2026-10-01 09:00:00,제주,GFS,2026-09-23 12:00:00,180,7,t2m,15.8,22.7,-6.9
2026-10-01 09:00:00,제주,GFS,2026-09-23 12:00:00,180,7,tcc,100.0,100.0,0.0
2026-10-01 09:00:00,제주,GFS,2026-09-23 00:00:00,192,8,dswrf,6.0,,
2026-10-01 09:00:00,제주,GFS,2026-09-23 00:00:00,192,8,t2m,19.0,22.7,-3.7
2026-10-01 09:00:00,제주,GFS,2026-09-23 00:00:00,192,8,tcc,100.0,100.0,0.0
2026-10-01 09:00:00,제주,GFS,2026-09-22 18:00:00,198,8,dswrf,7.0,,
2026-10-01 09:00:00,제주,GFS,2026-09-22 18:00:00,198,8,t2m,20.4,22.7,-2.3
2026-10-01 09:00:00,제주,GFS,2026-09-22 18:00:00,198,8,tcc,100.0,100.0,0.0
2026-10-01 09:00:00,제주,GFS,2026-09-22 12:00:00,204,8,dswrf,92.0,,
2026-10-01 09:00:00,제주,GFS,2026-09-22 12:00:00,204,8,t2m,23.3,22.7,0.6
2026-10-01 09:00:00,제주,GFS,2026-09-22 12:00:00,204,8,tcc,2.0,100.0,-98.0
2026-10-01 09:00:00,제주,GFS,2026-09-22 00:00:00,216,9,dswrf,96.0,,
2026-10-01 09:00:00,제주,GFS,2026-09-22 00:00:00,216,9,t2m,17.8,22.7,-4.9
2026-10-01 09:00:00,제주,GFS,2026-09-22 00:00:00,216,9,tcc,5.0,100.0,-95.0
2026-10-01 09:00:00,제주,GFS,2026-09-21 18:00:00,222,9,dswrf,91.0,,
2026-10-01 09:00:00,제주,GFS,2026-09-21 18:00:00,222,9,t2m,18.3,22.7,-4.4
2026-10-01 09:00:00,제주,GFS,2026-09-21 18:00:00,222,9,tcc,42.0,100.0,-58.0
2026-10-01 09:00:00,제주,GFS,2026-09-21 12:00:00,228,9,dswrf,65.0,,
2026-10-01 09:00:00,제주,GFS,2026-09-21 12:00:00,228,9,t2m,17.2,22.7,-5.5
2026-10-01 09:00:00,제주,GFS,2026-09-21 12:00:00,228,9,tcc,54.0,100.0,-46.0
2026-10-01 09:00:00,제주,GFS,2026-09-21 00:00:00,240,10,dswrf,3.0,,
2026-10-01 09:00:00,제주,GFS,2026-09-21 00:00:00,240,10,t2m,19.9,22.7,-2.8
2026-10-01 09:00:00,제주,GFS,2026-09-21 00:00:00,240,10,tcc,96.0,100.0,-4.0
2026-10-01 09:00:00,제주,KIM,2026-10-01 00:00:00,0,0,t2m,21.2,22.7,-1.5
2026-10-01 09:00:00,제주,KIM,2026-10-01 00:00:00,0,0,tcc,34.0,100.0,-66.0
2026-10-01 09:00:00,제주,KIM,2026-09-30 12:00:00,12,0,dswrf,85.0,25.93,59.07
2026-10-01 09:00:00,제주,KIM,2026-09-30 12:00:00,12,0,t2m,21.1,22.7,-1.6
2026-10-01 09:00:00,제주,KIM,2026-09-30 12:00:00,12,0,tcc,87.0,100.0,-13.0
2026-10-01 09:00:00,제주,KIM,2026-09-30 00:00:00,24,1,dswrf,98.0,25.93,72.07
2026-10-01 09:00:00,제주,KIM,2026-09-30 00:00:00,24,1,t2m,21.0,22.7,-1.7
2026-10-01 09:00:00,제주,KIM,2026-09-30 00:00:00,24,1,tcc,57.0,100.0,-43.0
2026-10-01 09:00:00,제주,KIM,2026-09-29 12:00:00,36,1,dswrf,141.0,25.93,115.07
2026-10-01 09:00:00,제주,KIM,2026-09-29 12:00:00,36,1,t2m,20.7,22.7,-2.0
2026-10-01 09:00:00,제주,KIM,2026-09-29 12:00:00,36,1,tcc,94.0,100.0,-6.0
2026-10-01 09:00:00,제주,KIM,2026-09-29 00:00:00,48,2,dswrf,89.0,25.93,63.07
2026-10-01 09:00:00,제주,KIM,2026-09-29 00:00:00,48,2,t2m,20.3,22.7,-2.4
2026-10-01 09:00:00,제주,KIM,2026-09-29 00:00:00,48,2,tcc,97.0,100.0,-3.0
2026-10-01 09:00:00,제주,KIM,2026-09-28 12:00:00,60,2,dswrf,55.0,25.93,29.07
2026-10-01 09:00:00,제주,KIM,2026-09-28 12:00:00,60,2,t2m,20.1,22.7,-2.6
2026-10-01 09:00:00,제주,KIM,2026-09-28 12:00:00,60,2,tcc,48.0,100.0,-52.0
2026-10-01 09:00:00,제주,KIM,2026-09-28 00:00:00,72,3,dswrf,101.0,25.93,75.07
2026-10-01 09:00:00,제주,KIM,2026-09-28 00:00:00,72,3,t2m,20.0,22.7,-2.7
2026-10-01 09:00:00,제주,KIM,2026-09-28 00:00:00,72,3,tcc,45.0,100.0,-55.0
2026-10-01 09:00:00,제주,KIM,2026-09-27 12:00:00,84,3,dswrf,143.0,25.93,117.07
2026-10-01 09:00:00,제주,KIM,2026-09-27 12:00:00,84,3,t2m,20.1,22.7,-2.6
2026-10-01 09:00:00,제주,KIM,2026-09-27 12:00:00,84,3,tcc,41.0,100.0,-59.0
2026-10-01 09:00:00,제주,KIM,2026-09-27 00:00:00,96,4,dswrf,103.0,25.93,77.07
2026-10-01 09:00:00,제주,KIM,2026-09-27 00:00:00,96,4,t2m,20.6,22.7,-2.1
2026-10-01 09:00:00,제주,KIM,2026-09-27 00:00:00,96,4,tcc,72.0,100.0,-28.0
2026-10-01 09:00:00,제주,KIM,2026-09-26 12:00:00,108,4,dswrf,102.0,25.93,76.07
2026-10-01 09:00:00,제주,KIM,2026-09-26 12:00:00,108,4,t2m,19.9,22.7,-2.8
2026-10-01 09:00:00,제주,KIM,2026-09-26 12:00:00,108,4,tcc,50.0,100.0,-50.0
2026-10-01 09:00:00,제주,KIM,2026-09-26 00:00:00,120,5,dswrf,153.0,25.93,127.07
2026-10-01 09:00:00,제주,KIM,2026-09-26 00:00:00,120,5,t2m,19.2,22.7,-3.5
2026-10-01 09:00:00,제주,KIM,2026-09-26 00:00:00,120,5,tcc,19.0,100.0,-81.0
2026-10-01 09:00:00,제주,KIM,2026-09-25 12:00:00,132,5,t2m,20.8,22.7,-1.9
2026-10-01 09:00:00,제주,KIM,2026-09-25 12:00:00,132,5,tcc,26.0,100.0,-74.0
2026-10-01 09:00:00,제주,KIM,2026-09-25 00:00:00,144,6,t2m,21.2,22.7,-1.5
2026-10-01 09:00:00,제주,KIM,2026-09-25 00:00:00,144,6,tcc,99.0,100.0,-1.0
2026-10-01 09:00:00,제주,KIM,2026-09-24 12:00:00,156,6,t2m,19.8,22.7,-2.9
2026-10-01 09:00:00,제주,KIM,2026-09-24 12:00:00,156,6,tcc,86.0,100.0,-14.0
2026-10-01 09:00:00,제주,KIM,2026-09-24 00:00:00,168,7,t2m,18.3,22.7,-4.4
2026-10-01 09:00:00,제주,KIM,2026-09-24 00:00:00,168,7,tcc,90.0,100.0,-10.0
2026-10-01 09:00:00,제주,KIM,2026-09-23 12:00:00,180,7,t2m,20.5,22.7,-2.2
2026-10-01 09:00:00,제주,KIM,2026-09-23 12:00:00,180,7,tcc,95.0,100.0,-5.0
2026-10-01 09:00:00,제주,KIM,2026-09-23 00:00:00,192,8,t2m,17.8,22.7,-4.9
2026-10-01 09:00:00,제주,KIM,2026-09-23 00:00:00,192,8,tcc,97.0,100.0,-3.0
2026-10-01 09:00:00,제주,KIM,2026-09-22 12:00:00,204,8,t2m,20.8,22.7,-1.9
2026-10-01 09:00:00,제주,KIM,2026-09-22 12:00:00,204,8,tcc,1.0,100.0,-99.0
2026-10-01 09:00:00,제주,KIM,2026-09-22 00:00:00,216,9,t2m,22.4,22.7,-0.3
2026-10-01 09:00:00,제주,KIM,2026-09-22 00:00:00,216,9,tcc,100.0,100.0,0.0
2026-10-01 09:00:00,제주,KIM,2026-09-21 12:00:00,228,9,t2m,21.3,22.7,-1.4
2026-10-01 09:00:00,제주,KIM,2026-09-21 12:00:00,228,9,tcc,99.0,100.0,-1.0
2026-10-01 09:00:00,제주,KIM,2026-09-21 00:00:00,240,10,t2m,20.6,22.7,-2.1
2026-10-01 09:00:00,제주,KIM,2026-09-21 00:00:00,240,10,tcc,14.0,100.0,-86.0
2026-10-01 09:00:00,제주,KIM,2026-09-20 12:00:00,252,10,t2m,23.2,22.7,0.5
2026-10-01 09:00:00,제주,KIM,2026-09-20 12:00:00,252,10,tcc,81.0,100.0,-19.0
2026-10-01 09:00:00,제주,KIM,2026-09-19 12:00:00,276,11,t2m,22.5,22.7,-0.2
2026-10-01 09:00:00,제주,KIM,2026-09-19 12:00:00,276,11,tcc,65.0,100.0,-35.0
2026-10-01 09:00:00,제주,KIM,2026-09-19 00:00:00,288,12,t2m,23.9,22.7,1.2
2026-10-01 09:00:00,제주,KIM,2026-09-19 00:00:00,288,12,tcc,100.0,100.0,0.0
2026-10-01 12:00:00,강릉,ECMWF,2026-09-30 12:00:00,15,0,dswrf,660.0,614.81,45.19
2026-10-01 12:00:00,강릉,ECMWF,2026-09-30 12:00:00,15,0,t2m,19.8,20.3,-0.5
2026-10-01 12:00:00,강릉,ECMWF,2026-09-30 12:00:00,15,0,tcc,3.0,30.0,-27.0
2026-10-01 12:00:00,강릉,ECMWF,2026-09-29 12:00:00,39,1,dswrf,608.0,614.81,-6.81
2026-10-01 12:00:00,강릉,ECMWF,2026-09-29 12:00:00,39,1,t2m,20.1,20.3,-0.2
2026-10-01 12:00:00,강릉,ECMWF,2026-09-29 12:00:00,39,1,tcc,2.0,30.0,-28.0
2026-10-01 12:00:00,강릉,ECMWF,2026-09-28 12:00:00,63,2,dswrf,686.0,614.81,71.19
2026-10-01 12:00:00,강릉,ECMWF,2026-09-28 12:00:00,63,2,t2m,20.4,20.3,0.1
2026-10-01 12:00:00,강릉,ECMWF,2026-09-28 12:00:00,63,2,tcc,1.0,30.0,-29.0
2026-10-01 12:00:00,강릉,ECMWF,2026-09-28 00:00:00,75,3,dswrf,689.0,614.81,74.19
2026-10-01 12:00:00,강릉,ECMWF,2026-09-28 00:00:00,75,3,t2m,20.5,20.3,0.2
2026-10-01 12:00:00,강릉,ECMWF,2026-09-28 00:00:00,75,3,tcc,0.0,30.0,-30.0
2026-10-01 12:00:00,강릉,ECMWF,2026-09-27 12:00:00,87,3,dswrf,687.0,614.81,72.19
2026-10-01 12:00:00,강릉,ECMWF,2026-09-27 12:00:00,87,3,t2m,20.4,20.3,0.1
2026-10-01 12:00:00,강릉,ECMWF,2026-09-27 12:00:00,87,3,tcc,0.0,30.0,-30.0
2026-10-01 12:00:00,강릉,ECMWF,2026-09-26 12:00:00,111,4,dswrf,684.0,614.81,69.19
2026-10-01 12:00:00,강릉,ECMWF,2026-09-26 12:00:00,111,4,t2m,20.7,20.3,0.4
2026-10-01 12:00:00,강릉,ECMWF,2026-09-26 12:00:00,111,4,tcc,0.0,30.0,-30.0
2026-10-01 12:00:00,강릉,ECMWF,2026-09-25 12:00:00,135,5,dswrf,683.0,614.81,68.19
2026-10-01 12:00:00,강릉,ECMWF,2026-09-25 12:00:00,135,5,t2m,20.7,20.3,0.4
2026-10-01 12:00:00,강릉,ECMWF,2026-09-25 12:00:00,135,5,tcc,0.0,30.0,-30.0
2026-10-01 12:00:00,강릉,GFS,2026-10-01 00:00:00,3,0,dswrf,630.0,614.81,15.19
2026-10-01 12:00:00,강릉,GFS,2026-10-01 00:00:00,3,0,t2m,19.0,20.3,-1.3
2026-10-01 12:00:00,강릉,GFS,2026-10-01 00:00:00,3,0,tcc,3.0,30.0,-27.0
2026-10-01 12:00:00,강릉,GFS,2026-09-30 18:00:00,9,0,dswrf,637.0,614.81,22.19
2026-10-01 12:00:00,강릉,GFS,2026-09-30 18:00:00,9,0,t2m,19.6,20.3,-0.7
2026-10-01 12:00:00,강릉,GFS,2026-09-30 18:00:00,9,0,tcc,2.0,30.0,-28.0
2026-10-01 12:00:00,강릉,GFS,2026-09-30 12:00:00,15,0,dswrf,652.0,614.81,37.19
2026-10-01 12:00:00,강릉,GFS,2026-09-30 12:00:00,15,0,t2m,19.2,20.3,-1.1
2026-10-01 12:00:00,강릉,GFS,2026-09-30 12:00:00,15,0,tcc,0.0,30.0,-30.0
2026-10-01 12:00:00,강릉,GFS,2026-09-30 00:00:00,27,1,dswrf,662.0,614.81,47.19
2026-10-01 12:00:00,강릉,GFS,2026-09-30 00:00:00,27,1,t2m,20.0,20.3,-0.3
2026-10-01 12:00:00,강릉,GFS,2026-09-30 00:00:00,27,1,tcc,0.0,30.0,-30.0
2026-10-01 12:00:00,강릉,GFS,2026-09-29 18:00:00,33,1,dswrf,669.0,614.81,54.19
2026-10-01 12:00:00,강릉,GFS,2026-09-29 18:00:00,33,1,t2m,19.4,20.3,-0.9
2026-10-01 12:00:00,강릉,GFS,2026-09-29 18:00:00,33,1,tcc,10.0,30.0,-20.0
2026-10-01 12:00:00,강릉,GFS,2026-09-29 12:00:00,39,1,dswrf,665.0,614.81,50.19
2026-10-01 12:00:00,강릉,GFS,2026-09-29 12:00:00,39,1,t2m,19.3,20.3,-1.0
2026-10-01 12:00:00,강릉,GFS,2026-09-29 12:00:00,39,1,tcc,50.0,30.0,20.0
2026-10-01 12:00:00,강릉,GFS,2026-09-29 00:00:00,51,2,dswrf,662.0,614.81,47.19
2026-10-01 12:00:00,강릉,GFS,2026-09-29 00:00:00,51,2,t2m,19.5,20.3,-0.8
2026-10-01 12:00:00,강릉,GFS,2026-09-29 00:00:00,51,2,tcc,0.0,30.0,-30.0
2026-10-01 12:00:00,강릉,GFS,2026-09-28 18:00:00,57,2,dswrf,665.0,614.81,50.19
2026-10-01 12:00:00,강릉,GFS,2026-09-28 18:00:00,57,2,t2m,20.4,20.3,0.1
2026-10-01 12:00:00,강릉,GFS,2026-09-28 18:00:00,57,2,tcc,3.0,30.0,-27.0
2026-10-01 12:00:00,강릉,GFS,2026-09-28 12:00:00,63,2,dswrf,674.0,614.81,59.19
2026-10-01 12:00:00,강릉,GFS,2026-09-28 12:00:00,63,2,t2m,19.9,20.3,-0.4
2026-10-01 12:00:00,강릉,GFS,2026-09-28 12:00:00,63,2,tcc,0.0,30.0,-30.0
2026-10-01 12:00:00,강릉,GFS,2026-09-28 00:00:00,75,3,dswrf,678.0,614.81,63.19
2026-10-01 12:00:00,강릉,GFS,2026-09-28 00:00:00,75,3,t2m,20.1,20.3,-0.2
2026-10-01 12:00:00,강릉,GFS,2026-09-28 00:00:00,75,3,tcc,0.0,30.0,-30.0
2026-10-01 12:00:00,강릉,GFS,2026-09-27 18:00:00,81,3,dswrf,677.0,614.81,62.19
2026-10-01 12:00:00,강릉,GFS,2026-09-27 18:00:00,81,3,t2m,20.1,20.3,-0.2
2026-10-01 12:00:00,강릉,GFS,2026-09-27 18:00:00,81,3,tcc,0.0,30.0,-30.0
2026-10-01 12:00:00,강릉,GFS,2026-09-27 12:00:00,87,3,dswrf,676.0,614.81,61.19
2026-10-01 12:00:00,강릉,GFS,2026-09-27 12:00:00,87,3,t2m,20.1,20.3,-0.2
2026-10-01 12:00:00,강릉,GFS,2026-09-27 12:00:00,87,3,tcc,0.0,30.0,-30.0
2026-10-01 12:00:00,강릉,GFS,2026-09-27 00:00:00,99,4,dswrf,676.0,614.81,61.19
2026-10-01 12:00:00,강릉,GFS,2026-09-27 00:00:00,99,4,t2m,19.6,20.3,-0.7
2026-10-01 12:00:00,강릉,GFS,2026-09-27 00:00:00,99,4,tcc,0.0,30.0,-30.0
2026-10-01 12:00:00,강릉,GFS,2026-09-26 18:00:00,105,4,dswrf,676.0,614.81,61.19
2026-10-01 12:00:00,강릉,GFS,2026-09-26 18:00:00,105,4,t2m,19.4,20.3,-0.9
2026-10-01 12:00:00,강릉,GFS,2026-09-26 18:00:00,105,4,tcc,0.0,30.0,-30.0
2026-10-01 12:00:00,강릉,KIM,2026-10-01 00:00:00,3,0,dswrf,611.0,614.81,-3.81
2026-10-01 12:00:00,강릉,KIM,2026-10-01 00:00:00,3,0,t2m,19.8,20.3,-0.5
2026-10-01 12:00:00,강릉,KIM,2026-10-01 00:00:00,3,0,tcc,0.0,30.0,-30.0
2026-10-01 12:00:00,강릉,KIM,2026-09-30 12:00:00,15,0,dswrf,621.0,614.81,6.19
2026-10-01 12:00:00,강릉,KIM,2026-09-30 12:00:00,15,0,t2m,20.4,20.3,0.1
2026-10-01 12:00:00,강릉,KIM,2026-09-30 12:00:00,15,0,tcc,1.0,30.0,-29.0
2026-10-01 12:00:00,강릉,KIM,2026-09-30 00:00:00,27,1,dswrf,662.0,614.81,47.19
2026-10-01 12:00:00,강릉,KIM,2026-09-30 00:00:00,27,1,t2m,20.0,20.3,-0.3
2026-10-01 12:00:00,강릉,KIM,2026-09-30 00:00:00,27,1,tcc,0.0,30.0,-30.0
2026-10-01 12:00:00,강릉,KIM,2026-09-29 12:00:00,39,1,dswrf,664.0,614.81,49.19
2026-10-01 12:00:00,강릉,KIM,2026-09-29 12:00:00,39,1,t2m,19.8,20.3,-0.5
2026-10-01 12:00:00,강릉,KIM,2026-09-29 12:00:00,39,1,tcc,0.0,30.0,-30.0
2026-10-01 12:00:00,강릉,KIM,2026-09-29 00:00:00,51,2,dswrf,668.0,614.81,53.19
2026-10-01 12:00:00,강릉,KIM,2026-09-29 00:00:00,51,2,t2m,20.0,20.3,-0.3
2026-10-01 12:00:00,강릉,KIM,2026-09-29 00:00:00,51,2,tcc,0.0,30.0,-30.0
2026-10-01 12:00:00,강릉,KIM,2026-09-28 12:00:00,63,2,dswrf,671.0,614.81,56.19
2026-10-01 12:00:00,강릉,KIM,2026-09-28 12:00:00,63,2,t2m,19.2,20.3,-1.1
2026-10-01 12:00:00,강릉,KIM,2026-09-28 12:00:00,63,2,tcc,0.0,30.0,-30.0
2026-10-01 12:00:00,강릉,KIM,2026-09-28 00:00:00,75,3,dswrf,657.0,614.81,42.19
2026-10-01 12:00:00,강릉,KIM,2026-09-28 00:00:00,75,3,t2m,19.0,20.3,-1.3
2026-10-01 12:00:00,강릉,KIM,2026-09-28 00:00:00,75,3,tcc,7.0,30.0,-23.0
2026-10-01 12:00:00,강릉,KIM,2026-09-27 12:00:00,87,3,dswrf,665.0,614.81,50.19
2026-10-01 12:00:00,강릉,KIM,2026-09-27 12:00:00,87,3,t2m,19.2,20.3,-1.1
2026-10-01 12:00:00,강릉,KIM,2026-09-27 12:00:00,87,3,tcc,4.0,30.0,-26.0
2026-10-01 12:00:00,강릉,KIM,2026-09-27 00:00:00,99,4,dswrf,671.0,614.81,56.19
2026-10-01 12:00:00,강릉,KIM,2026-09-27 00:00:00,99,4,t2m,19.6,20.3,-0.7
2026-10-01 12:00:00,강릉,KIM,2026-09-27 00:00:00,99,4,tcc,0.0,30.0,-30.0
2026-10-01 12:00:00,강릉,KIM,2026-09-26 12:00:00,111,4,dswrf,672.0,614.81,57.19
2026-10-01 12:00:00,강릉,KIM,2026-09-26 12:00:00,111,4,t2m,19.1,20.3,-1.2
2026-10-01 12:00:00,강릉,KIM,2026-09-26 12:00:00,111,4,tcc,0.0,30.0,-30.0
2026-10-01 12:00:00,광주,ECMWF,2026-09-30 12:00:00,15,0,dswrf,628.0,463.89,164.11
2026-10-01 12:00:00,광주,ECMWF,2026-09-30 12:00:00,15,0,t2m,20.8,22.0,-1.2
2026-10-01 12:00:00,광주,ECMWF,2026-09-30 12:00:00,15,0,tcc,10.0,70.0,-60.0
2026-10-01 12:00:00,광주,ECMWF,2026-09-29 12:00:00,39,1,dswrf,639.0,463.89,175.11
2026-10-01 12:00:00,광주,ECMWF,2026-09-29 12:00:00,39,1,t2m,19.7,22.0,-2.3
2026-10-01 12:00:00,광주,ECMWF,2026-09-29 12:00:00,39,1,tcc,5.0,70.0,-65.0
2026-10-01 12:00:00,광주,ECMWF,2026-09-28 12:00:00,63,2,dswrf,671.0,463.89,207.11
2026-10-01 12:00:00,광주,ECMWF,2026-09-28 12:00:00,63,2,t2m,20.2,22.0,-1.8
2026-10-01 12:00:00,광주,ECMWF,2026-09-28 12:00:00,63,2,tcc,5.0,70.0,-65.0
2026-10-01 12:00:00,광주,ECMWF,2026-09-28 00:00:00,75,3,dswrf,679.0,463.89,215.11
2026-10-01 12:00:00,광주,ECMWF,2026-09-28 00:00:00,75,3,t2m,19.9,22.0,-2.1
2026-10-01 12:00:00,광주,ECMWF,2026-09-28 00:00:00,75,3,tcc,34.0,70.0,-36.0
2026-10-01 12:00:00,광주,ECMWF,2026-09-27 12:00:00,87,3,dswrf,679.0,463.89,215.11
2026-10-01 12:00:00,광주,ECMWF,2026-09-27 12:00:00,87,3,t2m,19.8,22.0,-2.2
2026-10-01 12:00:00,광주,ECMWF,2026-09-27 12:00:00,87,3,tcc,2.0,70.0,-68.0
2026-10-01 12:00:00,광주,ECMWF,2026-09-26 12:00:00,111,4,dswrf,677.0,463.89,213.11
2026-10-01 12:00:00,광주,ECMWF,2026-09-26 12:00:00,111,4,t2m,20.6,22.0,-1.4
2026-10-01 12:00:00,광주,ECMWF,2026-09-26 12:00:00,111,4,tcc,12.0,70.0,-58.0
2026-10-01 12:00:00,광주,ECMWF,2026-09-25 12:00:00,135,5,dswrf,675.0,463.89,211.11
2026-10-01 12:00:00,광주,ECMWF,2026-09-25 12:00:00,135,5,t2m,20.0,22.0,-2.0
2026-10-01 12:00:00,광주,ECMWF,2026-09-25 12:00:00,135,5,tcc,37.0,70.0,-33.0
2026-10-01 12:00:00,광주,GFS,2026-10-01 00:00:00,3,0,dswrf,584.0,463.89,120.11
2026-10-01 12:00:00,광주,GFS,2026-10-01 00:00:00,3,0,t2m,19.9,22.0,-2.1
2026-10-01 12:00:00,광주,GFS,2026-10-01 00:00:00,3,0,tcc,64.0,70.0,-6.0
2026-10-01 12:00:00,광주,GFS,2026-09-30 18:00:00,9,0,dswrf,534.0,463.89,70.11
2026-10-01 12:00:00,광주,GFS,2026-09-30 18:00:00,9,0,t2m,19.5,22.0,-2.5
2026-10-01 12:00:00,광주,GFS,2026-09-30 18:00:00,9,0,tcc,68.0,70.0,-2.0
2026-10-01 12:00:00,광주,GFS,2026-09-30 12:00:00,15,0,dswrf,531.0,463.89,67.11
2026-10-01 12:00:00,광주,GFS,2026-09-30 12:00:00,15,0,t2m,19.5,22.0,-2.5
2026-10-01 12:00:00,광주,GFS,2026-09-30 12:00:00,15,0,tcc,66.0,70.0,-4.0
2026-10-01 12:00:00,광주,GFS,2026-09-30 00:00:00,27,1,dswrf,563.0,463.89,99.11
2026-10-01 12:00:00,광주,GFS,2026-09-30 00:00:00,27,1,t2m,19.1,22.0,-2.9
2026-10-01 12:00:00,광주,GFS,2026-09-30 00:00:00,27,1,tcc,19.0,70.0,-51.0
2026-10-01 12:00:00,광주,GFS,2026-09-29 18:00:00,33,1,dswrf,653.0,463.89,189.11
2026-10-01 12:00:00,광주,GFS,2026-09-29 18:00:00,33,1,t2m,19.4,22.0,-2.6
2026-10-01 12:00:00,광주,GFS,2026-09-29 18:00:00,33,1,tcc,13.0,70.0,-57.0
2026-10-01 12:00:00,광주,GFS,2026-09-29 12:00:00,39,1,dswrf,645.0,463.89,181.11
2026-10-01 12:00:00,광주,GFS,2026-09-29 12:00:00,39,1,t2m,19.4,22.0,-2.6
2026-10-01 12:00:00,광주,GFS,2026-09-29 12:00:00,39,1,tcc,5.0,70.0,-65.0
2026-10-01 12:00:00,광주,GFS,2026-09-29 00:00:00,51,2,dswrf,460.0,463.89,-3.89
2026-10-01 12:00:00,광주,GFS,2026-09-29 00:00:00,51,2,t2m,19.8,22.0,-2.2
2026-10-01 12:00:00,광주,GFS,2026-09-29 00:00:00,51,2,tcc,45.0,70.0,-25.0
2026-10-01 12:00:00,광주,GFS,2026-09-28 18:00:00,57,2,dswrf,192.0,463.89,-271.89
2026-10-01 12:00:00,광주,GFS,2026-09-28 18:00:00,57,2,t2m,17.7,22.0,-4.3
2026-10-01 12:00:00,광주,GFS,2026-09-28 18:00:00,57,2,tcc,72.0,70.0,2.0
2026-10-01 12:00:00,광주,GFS,2026-09-28 12:00:00,63,2,dswrf,657.0,463.89,193.11
2026-10-01 12:00:00,광주,GFS,2026-09-28 12:00:00,63,2,t2m,19.7,22.0,-2.3
2026-10-01 12:00:00,광주,GFS,2026-09-28 12:00:00,63,2,tcc,5.0,70.0,-65.0
2026-10-01 12:00:00,광주,GFS,2026-09-28 00:00:00,75,3,dswrf,674.0,463.89,210.11
2026-10-01 12:00:00,광주,GFS,2026-09-28 00:00:00,75,3,t2m,19.1,22.0,-2.9
2026-10-01 12:00:00,광주,GFS,2026-09-28 00:00:00,75,3,tcc,13.0,70.0,-57.0
2026-10-01 12:00:00,광주,GFS,2026-09-27 18:00:00,81,3,dswrf,680.0,463.89,216.11
2026-10-01 12:00:00,광주,GFS,2026-09-27 18:00:00,81,3,t2m,18.8,22.0,-3.2
2026-10-01 12:00:00,광주,GFS,2026-09-27 18:00:00,81,3,tcc,1.0,70.0,-69.0
2026-10-01 12:00:00,광주,GFS,2026-09-27 12:00:00,87,3,dswrf,668.0,463.89,204.11
2026-10-01 12:00:00,광주,GFS,2026-09-27 12:00:00,87,3,t2m,19.5,22.0,-2.5
2026-10-01 12:00:00,광주,GFS,2026-09-27 12:00:00,87,3,tcc,3.0,70.0,-67.0
2026-10-01 12:00:00,광주,GFS,2026-09-27 00:00:00,99,4,dswrf,665.0,463.89,201.11
2026-10-01 12:00:00,광주,GFS,2026-09-27 00:00:00,99,4,t2m,19.0,22.0,-3.0
2026-10-01 12:00:00,광주,GFS,2026-09-27 00:00:00,99,4,tcc,0.0,70.0,-70.0
2026-10-01 12:00:00,광주,GFS,2026-09-26 18:00:00,105,4,dswrf,668.0,463.89,204.11
2026-10-01 12:00:00,광주,GFS,2026-09-26 18:00:00,105,4,t2m,19.3,22.0,-2.7
2026-10-01 12:00:00,광주,GFS,2026-09-26 18:00:00,105,4,tcc,13.0,70.0,-57.0
2026-10-01 12:00:00,광주,KIM,2026-10-01 00:00:00,3,0,dswrf,451.0,463.89,-12.89
2026-10-01 12:00:00,광주,KIM,2026-10-01 00:00:00,3,0,t2m,21.1,22.0,-0.9
2026-10-01 12:00:00,광주,KIM,2026-10-01 00:00:00,3,0,tcc,4.0,70.0,-66.0
2026-10-01 12:00:00,광주,KIM,2026-09-30 12:00:00,15,0,dswrf,482.0,463.89,18.11
2026-10-01 12:00:00,광주,KIM,2026-09-30 12:00:00,15,0,t2m,19.9,22.0,-2.1
2026-10-01 12:00:00,광주,KIM,2026-09-30 12:00:00,15,0,tcc,57.0,70.0,-13.0
2026-10-01 12:00:00,광주,KIM,2026-09-30 00:00:00,27,1,dswrf,615.0,463.89,151.11
2026-10-01 12:00:00,광주,KIM,2026-09-30 00:00:00,27,1,t2m,20.0,22.0,-2.0
2026-10-01 12:00:00,광주,KIM,2026-09-30 00:00:00,27,1,tcc,89.0,70.0,19.0
2026-10-01 12:00:00,광주,KIM,2026-09-29 12:00:00,39,1,dswrf,642.0,463.89,178.11
2026-10-01 12:00:00,광주,KIM,2026-09-29 12:00:00,39,1,t2m,19.1,22.0,-2.9
2026-10-01 12:00:00,광주,KIM,2026-09-29 12:00:00,39,1,tcc,1.0,70.0,-69.0
2026-10-01 12:00:00,광주,KIM,2026-09-29 00:00:00,51,2,dswrf,510.0,463.89,46.11
2026-10-01 12:00:00,광주,KIM,2026-09-29 00:00:00,51,2,t2m,18.6,22.0,-3.4
2026-10-01 12:00:00,광주,KIM,2026-09-29 00:00:00,51,2,tcc,44.0,70.0,-26.0
2026-10-01 12:00:00,광주,KIM,2026-09-28 12:00:00,63,2,dswrf,649.0,463.89,185.11
2026-10-01 12:00:00,광주,KIM,2026-09-28 12:00:00,63,2,t2m,19.1,22.0,-2.9
2026-10-01 12:00:00,광주,KIM,2026-09-28 12:00:00,63,2,tcc,1.0,70.0,-69.0
2026-10-01 12:00:00,광주,KIM,2026-09-28 00:00:00,75,3,dswrf,650.0,463.89,186.11
2026-10-01 12:00:00,광주,KIM,2026-09-28 00:00:00,75,3,t2m,19.3,22.0,-2.7
2026-10-01 12:00:00,광주,KIM,2026-09-28 00:00:00,75,3,tcc,0.0,70.0,-70.0
2026-10-01 12:00:00,광주,KIM,2026-09-27 12:00:00,87,3,dswrf,623.0,463.89,159.11
2026-10-01 12:00:00,광주,KIM,2026-09-27 12:00:00,87,3,t2m,20.4,22.0,-1.6
2026-10-01 12:00:00,광주,KIM,2026-09-27 12:00:00,87,3,tcc,13.0,70.0,-57.0
2026-10-01 12:00:00,광주,KIM,2026-09-27 00:00:00,99,4,dswrf,655.0,463.89,191.11
2026-10-01 12:00:00,광주,KIM,2026-09-27 00:00:00,99,4,t2m,20.4,22.0,-1.6
2026-10-01 12:00:00,광주,KIM,2026-09-27 00:00:00,99,4,tcc,0.0,70.0,-70.0
2026-10-01 12:00:00,광주,KIM,2026-09-26 12:00:00,111,4,dswrf,615.0,463.89,151.11
2026-10-01 12:00:00,광주,KIM,2026-09-26 12:00:00,111,4,t2m,20.2,22.0,-1.8
2026-10-01 12:00:00,광주,KIM,2026-09-26 12:00:00,111,4,tcc,19.0,70.0,-51.0
2026-10-01 12:00:00,대구,ECMWF,2026-09-30 12:00:00,15,0,dswrf,567.0,427.78,139.22
2026-10-01 12:00:00,대구,ECMWF,2026-09-30 12:00:00,15,0,t2m,19.6,22.2,-2.6
2026-10-01 12:00:00,대구,ECMWF,2026-09-30 12:00:00,15,0,tcc,20.0,60.0,-40.0
2026-10-01 12:00:00,대구,ECMWF,2026-09-29 12:00:00,39,1,dswrf,178.0,427.78,-249.78
2026-10-01 12:00:00,대구,ECMWF,2026-09-29 12:00:00,39,1,t2m,15.7,22.2,-6.5
2026-10-01 12:00:00,대구,ECMWF,2026-09-29 12:00:00,39,1,tcc,95.0,60.0,35.0
2026-10-01 12:00:00,대구,ECMWF,2026-09-28 12:00:00,63,2,dswrf,691.0,427.78,263.22
2026-10-01 12:00:00,대구,ECMWF,2026-09-28 12:00:00,63,2,t2m,19.9,22.2,-2.3
2026-10-01 12:00:00,대구,ECMWF,2026-09-28 12:00:00,63,2,tcc,3.0,60.0,-57.0
2026-10-01 12:00:00,대구,ECMWF,2026-09-28 00:00:00,75,3,dswrf,697.0,427.78,269.22
2026-10-01 12:00:00,대구,ECMWF,2026-09-28 00:00:00,75,3,t2m,19.4,22.2,-2.8
2026-10-01 12:00:00,대구,ECMWF,2026-09-28 00:00:00,75,3,tcc,5.0,60.0,-55.0
2026-10-01 12:00:00,대구,ECMWF,2026-09-27 12:00:00,87,3,dswrf,697.0,427.78,269.22
2026-10-01 12:00:00,대구,ECMWF,2026-09-27 12:00:00,87,3,t2m,19.2,22.2,-3.0
2026-10-01 12:00:00,대구,ECMWF,2026-09-27 12:00:00,87,3,tcc,3.0,60.0,-57.0
2026-10-01 12:00:00,대구,ECMWF,2026-09-26 12:00:00,111,4,dswrf,702.0,427.78,274.22
2026-10-01 12:00:00,대구,ECMWF,2026-09-26 12:00:00,111,4,t2m,18.7,22.2,-3.5
2026-10-01 12:00:00,대구,ECMWF,2026-09-26 12:00:00,111,4,tcc,0.0,60.0,-60.0
2026-10-01 12:00:00,대구,ECMWF,2026-09-25 12:00:00,135,5,dswrf,699.0,427.78,271.22
2026-10-01 12:00:00,대구,ECMWF,2026-09-25 12:00:00,135,5,t2m,18.8,22.2,-3.4
2026-10-01 12:00:00,대구,ECMWF,2026-09-25 12:00:00,135,5,tcc,29.0,60.0,-31.0
2026-10-01 12:00:00,대구,GFS,2026-10-01 00:00:00,3,0,dswrf,507.0,427.78,79.22
2026-10-01 12:00:00,대구,GFS,2026-10-01 00:00:00,3,0,t2m,20.3,22.2,-1.9
2026-10-01 12:00:00,대구,GFS,2026-10-01 00:00:00,3,0,tcc,92.0,60.0,32.0
2026-10-01 12:00:00,대구,GFS,2026-09-30 18:00:00,9,0,dswrf,580.0,427.78,152.22
2026-10-01 12:00:00,대구,GFS,2026-09-30 18:00:00,9,0,t2m,20.9,22.2,-1.3
2026-10-01 12:00:00,대구,GFS,2026-09-30 18:00:00,9,0,tcc,94.0,60.0,34.0
2026-10-01 12:00:00,대구,GFS,2026-09-30 12:00:00,15,0,dswrf,589.0,427.78,161.22
2026-10-01 12:00:00,대구,GFS,2026-09-30 12:00:00,15,0,t2m,20.3,22.2,-1.9
2026-10-01 12:00:00,대구,GFS,2026-09-30 12:00:00,15,0,tcc,92.0,60.0,32.0
2026-10-01 12:00:00,대구,GFS,2026-09-30 00:00:00,27,1,dswrf,422.0,427.78,-5.78
2026-10-01 12:00:00,대구,GFS,2026-09-30 00:00:00,27,1,t2m,19.9,22.2,-2.3
2026-10-01 12:00:00,대구,GFS,2026-09-30 00:00:00,27,1,tcc,54.0,60.0,-6.0
2026-10-01 12:00:00,대구,GFS,2026-09-29 18:00:00,33,1,dswrf,638.0,427.78,210.22
2026-10-01 12:00:00,대구,GFS,2026-09-29 18:00:00,33,1,t2m,19.4,22.2,-2.8
2026-10-01 12:00:00,대구,GFS,2026-09-29 18:00:00,33,1,tcc,37.0,60.0,-23.0
2026-10-01 12:00:00,대구,GFS,2026-09-29 12:00:00,39,1,dswrf,653.0,427.78,225.22
2026-10-01 12:00:00,대구,GFS,2026-09-29 12:00:00,39,1,t2m,19.9,22.2,-2.3
2026-10-01 12:00:00,대구,GFS,2026-09-29 12:00:00,39,1,tcc,51.0,60.0,-9.0
2026-10-01 12:00:00,대구,GFS,2026-09-29 00:00:00,51,2,dswrf,153.0,427.78,-274.78
2026-10-01 12:00:00,대구,GFS,2026-09-29 00:00:00,51,2,t2m,16.6,22.2,-5.6
2026-10-01 12:00:00,대구,GFS,2026-09-29 00:00:00,51,2,tcc,60.0,60.0,0.0
2026-10-01 12:00:00,대구,GFS,2026-09-28 18:00:00,57,2,dswrf,364.0,427.78,-63.78
2026-10-01 12:00:00,대구,GFS,2026-09-28 18:00:00,57,2,t2m,19.4,22.2,-2.8
2026-10-01 12:00:00,대구,GFS,2026-09-28 18:00:00,57,2,tcc,67.0,60.0,7.0
2026-10-01 12:00:00,대구,GFS,2026-09-28 12:00:00,63,2,dswrf,648.0,427.78,220.22
2026-10-01 12:00:00,대구,GFS,2026-09-28 12:00:00,63,2,t2m,19.8,22.2,-2.4
2026-10-01 12:00:00,대구,GFS,2026-09-28 12:00:00,63,2,tcc,4.0,60.0,-56.0
2026-10-01 12:00:00,대구,GFS,2026-09-28 00:00:00,75,3,dswrf,682.0,427.78,254.22
2026-10-01 12:00:00,대구,GFS,2026-09-28 00:00:00,75,3,t2m,19.3,22.2,-2.9
2026-10-01 12:00:00,대구,GFS,2026-09-28 00:00:00,75,3,tcc,15.0,60.0,-45.0
2026-10-01 12:00:00,대구,GFS,2026-09-27 18:00:00,81,3,dswrf,690.0,427.78,262.22
2026-10-01 12:00:00,대구,GFS,2026-09-27 18:00:00,81,3,t2m,19.0,22.2,-3.2
2026-10-01 12:00:00,대구,GFS,2026-09-27 18:00:00,81,3,tcc,1.0,60.0,-59.0
2026-10-01 12:00:00,대구,GFS,2026-09-27 12:00:00,87,3,dswrf,678.0,427.78,250.22
2026-10-01 12:00:00,대구,GFS,2026-09-27 12:00:00,87,3,t2m,19.1,22.2,-3.1
2026-10-01 12:00:00,대구,GFS,2026-09-27 12:00:00,87,3,tcc,1.0,60.0,-59.0
2026-10-01 12:00:00,대구,GFS,2026-09-27 00:00:00,99,4,dswrf,680.0,427.78,252.22
2026-10-01 12:00:00,대구,GFS,2026-09-27 00:00:00,99,4,t2m,18.8,22.2,-3.4
2026-10-01 12:00:00,대구,GFS,2026-09-27 00:00:00,99,4,tcc,0.0,60.0,-60.0
2026-10-01 12:00:00,대구,GFS,2026-09-26 18:00:00,105,4,dswrf,680.0,427.78,252.22
2026-10-01 12:00:00,대구,GFS,2026-09-26 18:00:00,105,4,t2m,19.3,22.2,-2.9
2026-10-01 12:00:00,대구,GFS,2026-09-26 18:00:00,105,4,tcc,3.0,60.0,-57.0
2026-10-01 12:00:00,대구,KIM,2026-10-01 00:00:00,3,0,dswrf,639.0,427.78,211.22
2026-10-01 12:00:00,대구,KIM,2026-10-01 00:00:00,3,0,t2m,20.1,22.2,-2.1
2026-10-01 12:00:00,대구,KIM,2026-10-01 00:00:00,3,0,tcc,61.0,60.0,1.0
2026-10-01 12:00:00,대구,KIM,2026-09-30 12:00:00,15,0,dswrf,642.0,427.78,214.22
2026-10-01 12:00:00,대구,KIM,2026-09-30 12:00:00,15,0,t2m,19.3,22.2,-2.9
2026-10-01 12:00:00,대구,KIM,2026-09-30 12:00:00,15,0,tcc,51.0,60.0,-9.0
2026-10-01 12:00:00,대구,KIM,2026-09-30 00:00:00,27,1,dswrf,616.0,427.78,188.22
2026-10-01 12:00:00,대구,KIM,2026-09-30 00:00:00,27,1,t2m,18.9,22.2,-3.3
2026-10-01 12:00:00,대구,KIM,2026-09-30 00:00:00,27,1,tcc,54.0,60.0,-6.0
2026-10-01 12:00:00,대구,KIM,2026-09-29 12:00:00,39,1,dswrf,656.0,427.78,228.22
2026-10-01 12:00:00,대구,KIM,2026-09-29 12:00:00,39,1,t2m,18.4,22.2,-3.8
2026-10-01 12:00:00,대구,KIM,2026-09-29 12:00:00,39,1,tcc,0.0,60.0,-60.0
2026-10-01 12:00:00,대구,KIM,2026-09-29 00:00:00,51,2,dswrf,665.0,427.78,237.22
2026-10-01 12:00:00,대구,KIM,2026-09-29 00:00:00,51,2,t2m,18.6,22.2,-3.6
2026-10-01 12:00:00,대구,KIM,2026-09-29 00:00:00,51,2,tcc,39.0,60.0,-21.0
2026-10-01 12:00:00,대구,KIM,2026-09-28 12:00:00,63,2,dswrf,686.0,427.78,258.22
2026-10-01 12:00:00,대구,KIM,2026-09-28 12:00:00,63,2,t2m,18.3,22.2,-3.9
2026-10-01 12:00:00,대구,KIM,2026-09-28 12:00:00,63,2,tcc,0.0,60.0,-60.0
2026-10-01 12:00:00,대구,KIM,2026-09-28 00:00:00,75,3,dswrf,683.0,427.78,255.22
2026-10-01 12:00:00,대구,KIM,2026-09-28 00:00:00,75,3,t2m,18.2,22.2,-4.0
2026-10-01 12:00:00,대구,KIM,2026-09-28 00:00:00,75,3,tcc,0.0,60.0,-60.0
2026-10-01 12:00:00,대구,KIM,2026-09-27 12:00:00,87,3,dswrf,677.0,427.78,249.22
2026-10-01 12:00:00,대구,KIM,2026-09-27 12:00:00,87,3,t2m,18.8,22.2,-3.4
2026-10-01 12:00:00,대구,KIM,2026-09-27 12:00:00,87,3,tcc,2.0,60.0,-58.0
2026-10-01 12:00:00,대구,KIM,2026-09-27 00:00:00,99,4,dswrf,695.0,427.78,267.22
2026-10-01 12:00:00,대구,KIM,2026-09-27 00:00:00,99,4,t2m,18.8,22.2,-3.4
2026-10-01 12:00:00,대구,KIM,2026-09-27 00:00:00,99,4,tcc,0.0,60.0,-60.0
2026-10-01 12:00:00,대구,KIM,2026-09-26 12:00:00,111,4,dswrf,693.0,427.78,265.22
2026-10-01 12:00:00,대구,KIM,2026-09-26 12:00:00,111,4,t2m,18.0,22.2,-4.2
2026-10-01 12:00:00,대구,KIM,2026-09-26 12:00:00,111,4,tcc,8.0,60.0,-52.0
2026-10-01 12:00:00,대전,ECMWF,2026-09-30 12:00:00,15,0,dswrf,490.0,398.15,91.85
2026-10-01 12:00:00,대전,ECMWF,2026-09-30 12:00:00,15,0,t2m,18.9,20.1,-1.2
2026-10-01 12:00:00,대전,ECMWF,2026-09-30 12:00:00,15,0,tcc,40.0,80.0,-40.0
2026-10-01 12:00:00,대전,ECMWF,2026-09-29 12:00:00,39,1,dswrf,567.0,398.15,168.85
2026-10-01 12:00:00,대전,ECMWF,2026-09-29 12:00:00,39,1,t2m,18.9,20.1,-1.2
2026-10-01 12:00:00,대전,ECMWF,2026-09-29 12:00:00,39,1,tcc,17.0,80.0,-63.0
2026-10-01 12:00:00,대전,ECMWF,2026-09-28 12:00:00,63,2,dswrf,677.0,398.15,278.85
2026-10-01 12:00:00,대전,ECMWF,2026-09-28 12:00:00,63,2,t2m,19.0,20.1,-1.1
2026-10-01 12:00:00,대전,ECMWF,2026-09-28 12:00:00,63,2,tcc,14.0,80.0,-66.0
2026-10-01 12:00:00,대전,ECMWF,2026-09-28 00:00:00,75,3,dswrf,688.0,398.15,289.85
2026-10-01 12:00:00,대전,ECMWF,2026-09-28 00:00:00,75,3,t2m,18.7,20.1,-1.4
2026-10-01 12:00:00,대전,ECMWF,2026-09-28 00:00:00,75,3,tcc,38.0,80.0,-42.0
2026-10-01 12:00:00,대전,ECMWF,2026-09-27 12:00:00,87,3,dswrf,689.0,398.15,290.85
2026-10-01 12:00:00,대전,ECMWF,2026-09-27 12:00:00,87,3,t2m,18.8,20.1,-1.3
2026-10-01 12:00:00,대전,ECMWF,2026-09-27 12:00:00,87,3,tcc,14.0,80.0,-66.0
2026-10-01 12:00:00,대전,ECMWF,2026-09-26 12:00:00,111,4,dswrf,668.0,398.15,269.85
2026-10-01 12:00:00,대전,ECMWF,2026-09-26 12:00:00,111,4,t2m,19.4,20.1,-0.7
2026-10-01 12:00:00,대전,ECMWF,2026-09-26 12:00:00,111,4,tcc,7.0,80.0,-73.0
2026-10-01 12:00:00,대전,ECMWF,2026-09-25 12:00:00,135,5,dswrf,660.0,398.15,261.85
2026-10-01 12:00:00,대전,ECMWF,2026-09-25 12:00:00,135,5,t2m,19.6,20.1,-0.5
2026-10-01 12:00:00,대전,ECMWF,2026-09-25 12:00:00,135,5,tcc,17.0,80.0,-63.0
2026-10-01 12:00:00,대전,GFS,2026-10-01 00:00:00,3,0,dswrf,270.0,398.15,-128.15
2026-10-01 12:00:00,대전,GFS,2026-10-01 00:00:00,3,0,t2m,17.6,20.1,-2.5
2026-10-01 12:00:00,대전,GFS,2026-10-01 00:00:00,3,0,tcc,80.0,80.0,0.0
2026-10-01 12:00:00,대전,GFS,2026-09-30 18:00:00,9,0,dswrf,449.0,398.15,50.85
2026-10-01 12:00:00,대전,GFS,2026-09-30 18:00:00,9,0,t2m,19.1,20.1,-1.0
2026-10-01 12:00:00,대전,GFS,2026-09-30 18:00:00,9,0,tcc,51.0,80.0,-29.0
2026-10-01 12:00:00,대전,GFS,2026-09-30 12:00:00,15,0,dswrf,484.0,398.15,85.85
2026-10-01 12:00:00,대전,GFS,2026-09-30 12:00:00,15,0,t2m,19.8,20.1,-0.3
2026-10-01 12:00:00,대전,GFS,2026-09-30 12:00:00,15,0,tcc,29.0,80.0,-51.0
2026-10-01 12:00:00,대전,GFS,2026-09-30 00:00:00,27,1,dswrf,626.0,398.15,227.85
2026-10-01 12:00:00,대전,GFS,2026-09-30 00:00:00,27,1,t2m,19.5,20.1,-0.6
2026-10-01 12:00:00,대전,GFS,2026-09-30 00:00:00,27,1,tcc,75.0,80.0,-5.0
2026-10-01 12:00:00,대전,GFS,2026-09-29 18:00:00,33,1,dswrf,652.0,398.15,253.85
2026-10-01 12:00:00,대전,GFS,2026-09-29 18:00:00,33,1,t2m,19.4,20.1,-0.7
2026-10-01 12:00:00,대전,GFS,2026-09-29 18:00:00,33,1,tcc,12.0,80.0,-68.0
2026-10-01 12:00:00,대전,GFS,2026-09-29 12:00:00,39,1,dswrf,654.0,398.15,255.85
2026-10-01 12:00:00,대전,GFS,2026-09-29 12:00:00,39,1,t2m,19.4,20.1,-0.7
2026-10-01 12:00:00,대전,GFS,2026-09-29 12:00:00,39,1,tcc,67.0,80.0,-13.0
2026-10-01 12:00:00,대전,GFS,2026-09-29 00:00:00,51,2,dswrf,657.0,398.15,258.85
2026-10-01 12:00:00,대전,GFS,2026-09-29 00:00:00,51,2,t2m,19.8,20.1,-0.3
2026-10-01 12:00:00,대전,GFS,2026-09-29 00:00:00,51,2,tcc,21.0,80.0,-59.0
2026-10-01 12:00:00,대전,GFS,2026-09-28 18:00:00,57,2,dswrf,645.0,398.15,246.85
2026-10-01 12:00:00,대전,GFS,2026-09-28 18:00:00,57,2,t2m,19.7,20.1,-0.4
2026-10-01 12:00:00,대전,GFS,2026-09-28 18:00:00,57,2,tcc,6.0,80.0,-74.0
2026-10-01 12:00:00,대전,GFS,2026-09-28 12:00:00,63,2,dswrf,671.0,398.15,272.85
2026-10-01 12:00:00,대전,GFS,2026-09-28 12:00:00,63,2,t2m,20.0,20.1,-0.1
2026-10-01 12:00:00,대전,GFS,2026-09-28 12:00:00,63,2,tcc,2.0,80.0,-78.0
2026-10-01 12:00:00,대전,GFS,2026-09-28 00:00:00,75,3,dswrf,675.0,398.15,276.85
2026-10-01 12:00:00,대전,GFS,2026-09-28 00:00:00,75,3,t2m,20.2,20.1,0.1
2026-10-01 12:00:00,대전,GFS,2026-09-28 00:00:00,75,3,tcc,21.0,80.0,-59.0
2026-10-01 12:00:00,대전,GFS,2026-09-27 18:00:00,81,3,dswrf,667.0,398.15,268.85
2026-10-01 12:00:00,대전,GFS,2026-09-27 18:00:00,81,3,t2m,20.0,20.1,-0.1
2026-10-01 12:00:00,대전,GFS,2026-09-27 18:00:00,81,3,tcc,0.0,80.0,-80.0
2026-10-01 12:00:00,대전,GFS,2026-09-27 12:00:00,87,3,dswrf,668.0,398.15,269.85
2026-10-01 12:00:00,대전,GFS,2026-09-27 12:00:00,87,3,t2m,20.4,20.1,0.3
2026-10-01 12:00:00,대전,GFS,2026-09-27 12:00:00,87,3,tcc,0.0,80.0,-80.0
2026-10-01 12:00:00,대전,GFS,2026-09-27 00:00:00,99,4,dswrf,661.0,398.15,262.85
2026-10-01 12:00:00,대전,GFS,2026-09-27 00:00:00,99,4,t2m,20.0,20.1,-0.1
2026-10-01 12:00:00,대전,GFS,2026-09-27 00:00:00,99,4,tcc,1.0,80.0,-79.0
2026-10-01 12:00:00,대전,GFS,2026-09-26 18:00:00,105,4,dswrf,671.0,398.15,272.85
2026-10-01 12:00:00,대전,GFS,2026-09-26 18:00:00,105,4,t2m,19.6,20.1,-0.5
2026-10-01 12:00:00,대전,GFS,2026-09-26 18:00:00,105,4,tcc,4.0,80.0,-76.0
2026-10-01 12:00:00,대전,KIM,2026-10-01 00:00:00,3,0,dswrf,622.0,398.15,223.85
2026-10-01 12:00:00,대전,KIM,2026-10-01 00:00:00,3,0,t2m,19.4,20.1,-0.7
2026-10-01 12:00:00,대전,KIM,2026-10-01 00:00:00,3,0,tcc,12.0,80.0,-68.0
2026-10-01 12:00:00,대전,KIM,2026-09-30 12:00:00,15,0,dswrf,302.0,398.15,-96.15
2026-10-01 12:00:00,대전,KIM,2026-09-30 12:00:00,15,0,t2m,17.3,20.1,-2.8
2026-10-01 12:00:00,대전,KIM,2026-09-30 12:00:00,15,0,tcc,23.0,80.0,-57.0
2026-10-01 12:00:00,대전,KIM,2026-09-30 00:00:00,27,1,dswrf,654.0,398.15,255.85
2026-10-01 12:00:00,대전,KIM,2026-09-30 00:00:00,27,1,t2m,18.5,20.1,-1.6
2026-10-01 12:00:00,대전,KIM,2026-09-30 00:00:00,27,1,tcc,1.0,80.0,-79.0
2026-10-01 12:00:00,대전,KIM,2026-09-29 12:00:00,39,1,dswrf,654.0,398.15,255.85
2026-10-01 12:00:00,대전,KIM,2026-09-29 12:00:00,39,1,t2m,18.2,20.1,-1.9
2026-10-01 12:00:00,대전,KIM,2026-09-29 12:00:00,39,1,tcc,0.0,80.0,-80.0
2026-10-01 12:00:00,대전,KIM,2026-09-29 00:00:00,51,2,dswrf,662.0,398.15,263.85
2026-10-01 12:00:00,대전,KIM,2026-09-29 00:00:00,51,2,t2m,18.2,20.1,-1.9
2026-10-01 12:00:00,대전,KIM,2026-09-29 00:00:00,51,2,tcc,0.0,80.0,-80.0
2026-10-01 12:00:00,대전,KIM,2026-09-28 12:00:00,63,2,dswrf,678.0,398.15,279.85
2026-10-01 12:00:00,대전,KIM,2026-09-28 12:00:00,63,2,t2m,18.0,20.1,-2.1
2026-10-01 12:00:00,대전,KIM,2026-09-28 12:00:00,63,2,tcc,0.0,80.0,-80.0
2026-10-01 12:00:00,대전,KIM,2026-09-28 00:00:00,75,3,dswrf,667.0,398.15,268.85
2026-10-01 12:00:00,대전,KIM,2026-09-28 00:00:00,75,3,t2m,17.9,20.1,-2.2
2026-10-01 12:00:00,대전,KIM,2026-09-28 00:00:00,75,3,tcc,0.0,80.0,-80.0
2026-10-01 12:00:00,대전,KIM,2026-09-27 12:00:00,87,3,dswrf,637.0,398.15,238.85
2026-10-01 12:00:00,대전,KIM,2026-09-27 12:00:00,87,3,t2m,18.7,20.1,-1.4
2026-10-01 12:00:00,대전,KIM,2026-09-27 12:00:00,87,3,tcc,0.0,80.0,-80.0
2026-10-01 12:00:00,대전,KIM,2026-09-27 00:00:00,99,4,dswrf,669.0,398.15,270.85
2026-10-01 12:00:00,대전,KIM,2026-09-27 00:00:00,99,4,t2m,18.6,20.1,-1.5
2026-10-01 12:00:00,대전,KIM,2026-09-27 00:00:00,99,4,tcc,0.0,80.0,-80.0
2026-10-01 12:00:00,대전,KIM,2026-09-26 12:00:00,111,4,dswrf,661.0,398.15,262.85
2026-10-01 12:00:00,대전,KIM,2026-09-26 12:00:00,111,4,t2m,18.6,20.1,-1.5
2026-10-01 12:00:00,대전,KIM,2026-09-26 12:00:00,111,4,tcc,2.0,80.0,-78.0
2026-10-01 12:00:00,부산,ECMWF,2026-09-30 12:00:00,15,0,dswrf,459.0,287.04,171.96
2026-10-01 12:00:00,부산,ECMWF,2026-09-30 12:00:00,15,0,t2m,22.6,24.5,-1.9
2026-10-01 12:00:00,부산,ECMWF,2026-09-30 12:00:00,15,0,tcc,36.0,90.0,-54.0
2026-10-01 12:00:00,부산,ECMWF,2026-09-29 12:00:00,39,1,dswrf,526.0,287.04,238.96
2026-10-01 12:00:00,부산,ECMWF,2026-09-29 12:00:00,39,1,t2m,21.4,24.5,-3.1
2026-10-01 12:00:00,부산,ECMWF,2026-09-29 12:00:00,39,1,tcc,5.0,90.0,-85.0
2026-10-01 12:00:00,부산,ECMWF,2026-09-28 12:00:00,63,2,dswrf,667.0,287.04,379.96
2026-10-01 12:00:00,부산,ECMWF,2026-09-28 12:00:00,63,2,t2m,22.4,24.5,-2.1
2026-10-01 12:00:00,부산,ECMWF,2026-09-28 12:00:00,63,2,tcc,0.0,90.0,-90.0
2026-10-01 12:00:00,부산,ECMWF,2026-09-28 00:00:00,75,3,dswrf,668.0,287.04,380.96
2026-10-01 12:00:00,부산,ECMWF,2026-09-28 00:00:00,75,3,t2m,22.0,24.5,-2.5
2026-10-01 12:00:00,부산,ECMWF,2026-09-28 00:00:00,75,3,tcc,2.0,90.0,-88.0
2026-10-01 12:00:00,부산,ECMWF,2026-09-27 12:00:00,87,3,dswrf,670.0,287.04,382.96
2026-10-01 12:00:00,부산,ECMWF,2026-09-27 12:00:00,87,3,t2m,21.9,24.5,-2.6
2026-10-01 12:00:00,부산,ECMWF,2026-09-27 12:00:00,87,3,tcc,1.0,90.0,-89.0
2026-10-01 12:00:00,부산,ECMWF,2026-09-26 12:00:00,111,4,dswrf,682.0,287.04,394.96
2026-10-01 12:00:00,부산,ECMWF,2026-09-26 12:00:00,111,4,t2m,20.9,24.5,-3.6
2026-10-01 12:00:00,부산,ECMWF,2026-09-26 12:00:00,111,4,tcc,0.0,90.0,-90.0
2026-10-01 12:00:00,부산,ECMWF,2026-09-25 12:00:00,135,5,dswrf,682.0,287.04,394.96
2026-10-01 12:00:00,부산,ECMWF,2026-09-25 12:00:00,135,5,t2m,21.3,24.5,-3.2
2026-10-01 12:00:00,부산,ECMWF,2026-09-25 12:00:00,135,5,tcc,2.0,90.0,-88.0
2026-10-01 12:00:00,부산,GFS,2026-10-01 00:00:00,3,0,dswrf,268.0,287.04,-19.04
2026-10-01 12:00:00,부산,GFS,2026-10-01 00:00:00,3,0,t2m,23.0,24.5,-1.5
2026-10-01 12:00:00,부산,GFS,2026-10-01 00:00:00,3,0,tcc,42.0,90.0,-48.0
2026-10-01 12:00:00,부산,GFS,2026-09-30 18:00:00,9,0,dswrf,286.0,287.04,-1.04
2026-10-01 12:00:00,부산,GFS,2026-09-30 18:00:00,9,0,t2m,22.9,24.5,-1.6
2026-10-01 12:00:00,부산,GFS,2026-09-30 18:00:00,9,0,tcc,57.0,90.0,-33.0
2026-10-01 12:00:00,부산,GFS,2026-09-30 12:00:00,15,0,dswrf,338.0,287.04,50.96
2026-10-01 12:00:00,부산,GFS,2026-09-30 12:00:00,15,0,t2m,22.2,24.5,-2.3
2026-10-01 12:00:00,부산,GFS,2026-09-30 12:00:00,15,0,tcc,77.0,90.0,-13.0
2026-10-01 12:00:00,부산,GFS,2026-09-30 00:00:00,27,1,dswrf,645.0,287.04,357.96
2026-10-01 12:00:00,부산,GFS,2026-09-30 00:00:00,27,1,t2m,23.0,24.5,-1.5
2026-10-01 12:00:00,부산,GFS,2026-09-30 00:00:00,27,1,tcc,6.0,90.0,-84.0
2026-10-01 12:00:00,부산,GFS,2026-09-29 18:00:00,33,1,dswrf,651.0,287.04,363.96
2026-10-01 12:00:00,부산,GFS,2026-09-29 18:00:00,33,1,t2m,22.8,24.5,-1.7
2026-10-01 12:00:00,부산,GFS,2026-09-29 18:00:00,33,1,tcc,10.0,90.0,-80.0
2026-10-01 12:00:00,부산,GFS,2026-09-29 12:00:00,39,1,dswrf,524.0,287.04,236.96
2026-10-01 12:00:00,부산,GFS,2026-09-29 12:00:00,39,1,t2m,22.7,24.5,-1.8
2026-10-01 12:00:00,부산,GFS,2026-09-29 12:00:00,39,1,tcc,10.0,90.0,-80.0
2026-10-01 12:00:00,부산,GFS,2026-09-29 00:00:00,51,2,dswrf,209.0,287.04,-78.04
2026-10-01 12:00:00,부산,GFS,2026-09-29 00:00:00,51,2,t2m,21.1,24.5,-3.4
2026-10-01 12:00:00,부산,GFS,2026-09-29 00:00:00,51,2,tcc,84.0,90.0,-6.0
2026-10-01 12:00:00,부산,GFS,2026-09-28 18:00:00,57,2,dswrf,202.0,287.04,-85.04
2026-10-01 12:00:00,부산,GFS,2026-09-28 18:00:00,57,2,t2m,21.8,24.5,-2.7
2026-10-01 12:00:00,부산,GFS,2026-09-28 18:00:00,57,2,tcc,67.0,90.0,-23.0
2026-10-01 12:00:00,부산,GFS,2026-09-28 12:00:00,63,2,dswrf,603.0,287.04,315.96
2026-10-01 12:00:00,부산,GFS,2026-09-28 12:00:00,63,2,t2m,22.5,24.5,-2.0
2026-10-01 12:00:00,부산,GFS,2026-09-28 12:00:00,63,2,tcc,32.0,90.0,-58.0
2026-10-01 12:00:00,부산,GFS,2026-09-28 00:00:00,75,3,dswrf,592.0,287.04,304.96
2026-10-01 12:00:00,부산,GFS,2026-09-28 00:00:00,75,3,t2m,22.1,24.5,-2.4
2026-10-01 12:00:00,부산,GFS,2026-09-28 00:00:00,75,3,tcc,5.0,90.0,-85.0
2026-10-01 12:00:00,부산,GFS,2026-09-27 18:00:00,81,3,dswrf,689.0,287.04,401.96
2026-10-01 12:00:00,부산,GFS,2026-09-27 18:00:00,81,3,t2m,21.7,24.5,-2.8
2026-10-01 12:00:00,부산,GFS,2026-09-27 18:00:00,81,3,tcc,10.0,90.0,-80.0
2026-10-01 12:00:00,부산,GFS,2026-09-27 12:00:00,87,3,dswrf,679.0,287.04,391.96
2026-10-01 12:00:00,부산,GFS,2026-09-27 12:00:00,87,3,t2m,22.0,24.5,-2.5
2026-10-01 12:00:00,부산,GFS,2026-09-27 12:00:00,87,3,tcc,3.0,90.0,-87.0
2026-10-01 12:00:00,부산,GFS,2026-09-27 00:00:00,99,4,dswrf,662.0,287.04,374.96
2026-10-01 12:00:00,부산,GFS,2026-09-27 00:00:00,99,4,t2m,21.5,24.5,-3.0
2026-10-01 12:00:00,부산,GFS,2026-09-27 00:00:00,99,4,tcc,3.0,90.0,-87.0
2026-10-01 12:00:00,부산,GFS,2026-09-26 18:00:00,105,4,dswrf,676.0,287.04,388.96
2026-10-01 12:00:00,부산,GFS,2026-09-26 18:00:00,105,4,t2m,22.0,24.5,-2.5
2026-10-01 12:00:00,부산,GFS,2026-09-26 18:00:00,105,4,tcc,17.0,90.0,-73.0
2026-10-01 12:00:00,부산,KIM,2026-10-01 00:00:00,3,0,dswrf,420.0,287.04,132.96
2026-10-01 12:00:00,부산,KIM,2026-10-01 00:00:00,3,0,t2m,23.1,24.5,-1.4
2026-10-01 12:00:00,부산,KIM,2026-10-01 00:00:00,3,0,tcc,97.0,90.0,7.0
2026-10-01 12:00:00,부산,KIM,2026-09-30 12:00:00,15,0,dswrf,565.0,287.04,277.96
2026-10-01 12:00:00,부산,KIM,2026-09-30 12:00:00,15,0,t2m,24.4,24.5,-0.1
2026-10-01 12:00:00,부산,KIM,2026-09-30 12:00:00,15,0,tcc,26.0,90.0,-64.0
2026-10-01 12:00:00,부산,KIM,2026-09-30 00:00:00,27,1,dswrf,651.0,287.04,363.96
2026-10-01 12:00:00,부산,KIM,2026-09-30 00:00:00,27,1,t2m,24.2,24.5,-0.3
2026-10-01 12:00:00,부산,KIM,2026-09-30 00:00:00,27,1,tcc,16.0,90.0,-74.0
2026-10-01 12:00:00,부산,KIM,2026-09-29 12:00:00,39,1,dswrf,653.0,287.04,365.96
2026-10-01 12:00:00,부산,KIM,2026-09-29 12:00:00,39,1,t2m,23.2,24.5,-1.3
2026-10-01 12:00:00,부산,KIM,2026-09-29 12:00:00,39,1,tcc,1.0,90.0,-89.0
2026-10-01 12:00:00,부산,KIM,2026-09-29 00:00:00,51,2,dswrf,646.0,287.04,358.96
2026-10-01 12:00:00,부산,KIM,2026-09-29 00:00:00,51,2,t2m,22.7,24.5,-1.8
2026-10-01 12:00:00,부산,KIM,2026-09-29 00:00:00,51,2,tcc,2.0,90.0,-88.0
2026-10-01 12:00:00,부산,KIM,2026-09-28 12:00:00,63,2,dswrf,663.0,287.04,375.96
2026-10-01 12:00:00,부산,KIM,2026-09-28 12:00:00,63,2,t2m,22.8,24.5,-1.7
2026-10-01 12:00:00,부산,KIM,2026-09-28 12:00:00,63,2,tcc,0.0,90.0,-90.0
2026-10-01 12:00:00,부산,KIM,2026-09-28 00:00:00,75,3,dswrf,659.0,287.04,371.96
2026-10-01 12:00:00,부산,KIM,2026-09-28 00:00:00,75,3,t2m,22.6,24.5,-1.9
2026-10-01 12:00:00,부산,KIM,2026-09-28 00:00:00,75,3,tcc,0.0,90.0,-90.0
2026-10-01 12:00:00,부산,KIM,2026-09-27 12:00:00,87,3,dswrf,655.0,287.04,367.96
2026-10-01 12:00:00,부산,KIM,2026-09-27 12:00:00,87,3,t2m,23.2,24.5,-1.3
2026-10-01 12:00:00,부산,KIM,2026-09-27 12:00:00,87,3,tcc,0.0,90.0,-90.0
2026-10-01 12:00:00,부산,KIM,2026-09-27 00:00:00,99,4,dswrf,650.0,287.04,362.96
2026-10-01 12:00:00,부산,KIM,2026-09-27 00:00:00,99,4,t2m,23.9,24.5,-0.6
2026-10-01 12:00:00,부산,KIM,2026-09-27 00:00:00,99,4,tcc,0.0,90.0,-90.0
2026-10-01 12:00:00,부산,KIM,2026-09-26 12:00:00,111,4,dswrf,676.0,287.04,388.96
2026-10-01 12:00:00,부산,KIM,2026-09-26 12:00:00,111,4,t2m,22.1,24.5,-2.4
2026-10-01 12:00:00,부산,KIM,2026-09-26 12:00:00,111,4,tcc,29.0,90.0,-61.0
2026-10-01 12:00:00,서울,ECMWF,2026-09-30 12:00:00,15,0,dswrf,665.0,694.44,-29.44
2026-10-01 12:00:00,서울,ECMWF,2026-09-30 12:00:00,15,0,t2m,20.5,20.4,0.1
2026-10-01 12:00:00,서울,ECMWF,2026-09-30 12:00:00,15,0,tcc,23.0,0.0,23.0
2026-10-01 12:00:00,서울,ECMWF,2026-09-29 12:00:00,39,1,dswrf,664.0,694.44,-30.44
2026-10-01 12:00:00,서울,ECMWF,2026-09-29 12:00:00,39,1,t2m,20.0,20.4,-0.4
2026-10-01 12:00:00,서울,ECMWF,2026-09-29 12:00:00,39,1,tcc,3.0,0.0,3.0
2026-10-01 12:00:00,서울,ECMWF,2026-09-28 12:00:00,63,2,dswrf,670.0,694.44,-24.44
2026-10-01 12:00:00,서울,ECMWF,2026-09-28 12:00:00,63,2,t2m,19.7,20.4,-0.7
2026-10-01 12:00:00,서울,ECMWF,2026-09-28 12:00:00,63,2,tcc,1.0,0.0,1.0
2026-10-01 12:00:00,서울,ECMWF,2026-09-28 00:00:00,75,3,dswrf,671.0,694.44,-23.44
2026-10-01 12:00:00,서울,ECMWF,2026-09-28 00:00:00,75,3,t2m,19.4,20.4,-1.0
2026-10-01 12:00:00,서울,ECMWF,2026-09-28 00:00:00,75,3,tcc,1.0,0.0,1.0
2026-10-01 12:00:00,서울,ECMWF,2026-09-27 12:00:00,87,3,dswrf,664.0,694.44,-30.44
2026-10-01 12:00:00,서울,ECMWF,2026-09-27 12:00:00,87,3,t2m,19.7,20.4,-0.7
2026-10-01 12:00:00,서울,ECMWF,2026-09-27 12:00:00,87,3,tcc,1.0,0.0,1.0
2026-10-01 12:00:00,서울,ECMWF,2026-09-26 12:00:00,111,4,dswrf,653.0,694.44,-41.44
2026-10-01 12:00:00,서울,ECMWF,2026-09-26 12:00:00,111,4,t2m,20.4,20.4,0.0
2026-10-01 12:00:00,서울,ECMWF,2026-09-26 12:00:00,111,4,tcc,14.0,0.0,14.0
2026-10-01 12:00:00,서울,ECMWF,2026-09-25 12:00:00,135,5,dswrf,646.0,694.44,-48.44
2026-10-01 12:00:00,서울,ECMWF,2026-09-25 12:00:00,135,5,t2m,20.2,20.4,-0.2
2026-10-01 12:00:00,서울,ECMWF,2026-09-25 12:00:00,135,5,tcc,2.0,0.0,2.0
2026-10-01 12:00:00,서울,GFS,2026-10-01 00:00:00,3,0,dswrf,666.0,694.44,-28.44
2026-10-01 12:00:00,서울,GFS,2026-10-01 00:00:00,3,0,t2m,20.8,20.4,0.4
2026-10-01 12:00:00,서울,GFS,2026-10-01 00:00:00,3,0,tcc,0.0,0.0,0.0
2026-10-01 12:00:00,서울,GFS,2026-09-30 18:00:00,9,0,dswrf,669.0,694.44,-25.44
2026-10-01 12:00:00,서울,GFS,2026-09-30 18:00:00,9,0,t2m,21.0,20.4,0.6
2026-10-01 12:00:00,서울,GFS,2026-09-30 18:00:00,9,0,tcc,0.0,0.0,0.0
2026-10-01 12:00:00,서울,GFS,2026-09-30 12:00:00,15,0,dswrf,669.0,694.44,-25.44
2026-10-01 12:00:00,서울,GFS,2026-09-30 12:00:00,15,0,t2m,21.0,20.4,0.6
2026-10-01 12:00:00,서울,GFS,2026-09-30 12:00:00,15,0,tcc,0.0,0.0,0.0
2026-10-01 12:00:00,서울,GFS,2026-09-30 00:00:00,27,1,dswrf,660.0,694.44,-34.44
2026-10-01 12:00:00,서울,GFS,2026-09-30 00:00:00,27,1,t2m,20.9,20.4,0.5
2026-10-01 12:00:00,서울,GFS,2026-09-30 00:00:00,27,1,tcc,1.0,0.0,1.0
2026-10-01 12:00:00,서울,GFS,2026-09-29 18:00:00,33,1,dswrf,661.0,694.44,-33.44
2026-10-01 12:00:00,서울,GFS,2026-09-29 18:00:00,33,1,t2m,20.8,20.4,0.4
2026-10-01 12:00:00,서울,GFS,2026-09-29 18:00:00,33,1,tcc,4.0,0.0,4.0
2026-10-01 12:00:00,서울,GFS,2026-09-29 12:00:00,39,1,dswrf,648.0,694.44,-46.44
2026-10-01 12:00:00,서울,GFS,2026-09-29 12:00:00,39,1,t2m,20.8,20.4,0.4
2026-10-01 12:00:00,서울,GFS,2026-09-29 12:00:00,39,1,tcc,51.0,0.0,51.0
2026-10-01 12:00:00,서울,GFS,2026-09-29 00:00:00,51,2,dswrf,663.0,694.44,-31.44
2026-10-01 12:00:00,서울,GFS,2026-09-29 00:00:00,51,2,t2m,21.1,20.4,0.7
2026-10-01 12:00:00,서울,GFS,2026-09-29 00:00:00,51,2,tcc,4.0,0.0,4.0
2026-10-01 12:00:00,서울,GFS,2026-09-28 18:00:00,57,2,dswrf,660.0,694.44,-34.44
2026-10-01 12:00:00,서울,GFS,2026-09-28 18:00:00,57,2,t2m,21.1,20.4,0.7
2026-10-01 12:00:00,서울,GFS,2026-09-28 18:00:00,57,2,tcc,3.0,0.0,3.0
2026-10-01 12:00:00,서울,GFS,2026-09-28 12:00:00,63,2,dswrf,661.0,694.44,-33.44
2026-10-01 12:00:00,서울,GFS,2026-09-28 12:00:00,63,2,t2m,21.5,20.4,1.1
2026-10-01 12:00:00,서울,GFS,2026-09-28 12:00:00,63,2,tcc,0.0,0.0,0.0
2026-10-01 12:00:00,서울,GFS,2026-09-28 00:00:00,75,3,dswrf,662.0,694.44,-32.44
2026-10-01 12:00:00,서울,GFS,2026-09-28 00:00:00,75,3,t2m,21.6,20.4,1.2
2026-10-01 12:00:00,서울,GFS,2026-09-28 00:00:00,75,3,tcc,0.0,0.0,0.0
2026-10-01 12:00:00,서울,GFS,2026-09-27 18:00:00,81,3,dswrf,656.0,694.44,-38.44
2026-10-01 12:00:00,서울,GFS,2026-09-27 18:00:00,81,3,t2m,21.4,20.4,1.0
2026-10-01 12:00:00,서울,GFS,2026-09-27 18:00:00,81,3,tcc,0.0,0.0,0.0
2026-10-01 12:00:00,서울,GFS,2026-09-27 12:00:00,87,3,dswrf,654.0,694.44,-40.44
2026-10-01 12:00:00,서울,GFS,2026-09-27 12:00:00,87,3,t2m,21.1,20.4,0.7
2026-10-01 12:00:00,서울,GFS,2026-09-27 12:00:00,87,3,tcc,0.0,0.0,0.0
2026-10-01 12:00:00,서울,GFS,2026-09-27 00:00:00,99,4,dswrf,653.0,694.44,-41.44
2026-10-01 12:00:00,서울,GFS,2026-09-27 00:00:00,99,4,t2m,21.2,20.4,0.8
2026-10-01 12:00:00,서울,GFS,2026-09-27 00:00:00,99,4,tcc,0.0,0.0,0.0
2026-10-01 12:00:00,서울,GFS,2026-09-26 18:00:00,105,4,dswrf,658.0,694.44,-36.44
2026-10-01 12:00:00,서울,GFS,2026-09-26 18:00:00,105,4,t2m,21.1,20.4,0.7
2026-10-01 12:00:00,서울,GFS,2026-09-26 18:00:00,105,4,tcc,0.0,0.0,0.0
2026-10-01 12:00:00,서울,KIM,2026-10-01 00:00:00,3,0,dswrf,659.0,694.44,-35.44
2026-10-01 12:00:00,서울,KIM,2026-10-01 00:00:00,3,0,t2m,19.1,20.4,-1.3
2026-10-01 12:00:00,서울,KIM,2026-10-01 00:00:00,3,0,tcc,0.0,0.0,0.0
2026-10-01 12:00:00,서울,KIM,2026-09-30 12:00:00,15,0,dswrf,660.0,694.44,-34.44
2026-10-01 12:00:00,서울,KIM,2026-09-30 12:00:00,15,0,t2m,18.7,20.4,-1.7
2026-10-01 12:00:00,서울,KIM,2026-09-30 12:00:00,15,0,tcc,1.0,0.0,1.0
2026-10-01 12:00:00,서울,KIM,2026-09-30 00:00:00,27,1,dswrf,661.0,694.44,-33.44
2026-10-01 12:00:00,서울,KIM,2026-09-30 00:00:00,27,1,t2m,18.7,20.4,-1.7
2026-10-01 12:00:00,서울,KIM,2026-09-30 00:00:00,27,1,tcc,0.0,0.0,0.0
2026-10-01 12:00:00,서울,KIM,2026-09-29 12:00:00,39,1,dswrf,662.0,694.44,-32.44
2026-10-01 12:00:00,서울,KIM,2026-09-29 12:00:00,39,1,t2m,18.6,20.4,-1.8
2026-10-01 12:00:00,서울,KIM,2026-09-29 12:00:00,39,1,tcc,0.0,0.0,0.0
2026-10-01 12:00:00,서울,KIM,2026-09-29 00:00:00,51,2,dswrf,661.0,694.44,-33.44
2026-10-01 12:00:00,서울,KIM,2026-09-29 00:00:00,51,2,t2m,18.7,20.4,-1.7
2026-10-01 12:00:00,서울,KIM,2026-09-29 00:00:00,51,2,tcc,0.0,0.0,0.0
2026-10-01 12:00:00,서울,KIM,2026-09-28 12:00:00,63,2,dswrf,659.0,694.44,-35.44
2026-10-01 12:00:00,서울,KIM,2026-09-28 12:00:00,63,2,t2m,18.5,20.4,-1.9
2026-10-01 12:00:00,서울,KIM,2026-09-28 12:00:00,63,2,tcc,0.0,0.0,0.0
2026-10-01 12:00:00,서울,KIM,2026-09-28 00:00:00,75,3,dswrf,662.0,694.44,-32.44
2026-10-01 12:00:00,서울,KIM,2026-09-28 00:00:00,75,3,t2m,18.2,20.4,-2.2
2026-10-01 12:00:00,서울,KIM,2026-09-28 00:00:00,75,3,tcc,0.0,0.0,0.0
2026-10-01 12:00:00,서울,KIM,2026-09-27 12:00:00,87,3,dswrf,652.0,694.44,-42.44
2026-10-01 12:00:00,서울,KIM,2026-09-27 12:00:00,87,3,t2m,19.1,20.4,-1.3
2026-10-01 12:00:00,서울,KIM,2026-09-27 12:00:00,87,3,tcc,0.0,0.0,0.0
2026-10-01 12:00:00,서울,KIM,2026-09-27 00:00:00,99,4,dswrf,657.0,694.44,-37.44
2026-10-01 12:00:00,서울,KIM,2026-09-27 00:00:00,99,4,t2m,19.2,20.4,-1.2
2026-10-01 12:00:00,서울,KIM,2026-09-27 00:00:00,99,4,tcc,0.0,0.0,0.0
2026-10-01 12:00:00,서울,KIM,2026-09-26 12:00:00,111,4,dswrf,649.0,694.44,-45.44
2026-10-01 12:00:00,서울,KIM,2026-09-26 12:00:00,111,4,t2m,19.1,20.4,-1.3
2026-10-01 12:00:00,서울,KIM,2026-09-26 12:00:00,111,4,tcc,0.0,0.0,0.0
2026-10-01 12:00:00,수원,ECMWF,2026-09-30 12:00:00,15,0,dswrf,666.0,603.7,62.3
2026-10-01 12:00:00,수원,ECMWF,2026-09-30 12:00:00,15,0,t2m,20.5,19.9,0.6
2026-10-01 12:00:00,수원,ECMWF,2026-09-30 12:00:00,15,0,tcc,26.0,0.0,26.0
2026-10-01 12:00:00,수원,ECMWF,2026-09-29 12:00:00,39,1,dswrf,656.0,603.7,52.3
2026-10-01 12:00:00,수원,ECMWF,2026-09-29 12:00:00,39,1,t2m,20.1,19.9,0.2
2026-10-01 12:00:00,수원,ECMWF,2026-09-29 12:00:00,39,1,tcc,2.0,0.0,2.0
2026-10-01 12:00:00,수원,ECMWF,2026-09-28 12:00:00,63,2,dswrf,672.0,603.7,68.3
2026-10-01 12:00:00,수원,ECMWF,2026-09-28 12:00:00,63,2,t2m,19.7,19.9,-0.2
2026-10-01 12:00:00,수원,ECMWF,2026-09-28 12:00:00,63,2,tcc,1.0,0.0,1.0
2026-10-01 12:00:00,수원,ECMWF,2026-09-28 00:00:00,75,3,dswrf,674.0,603.7,70.3
2026-10-01 12:00:00,수원,ECMWF,2026-09-28 00:00:00,75,3,t2m,19.4,19.9,-0.5
2026-10-01 12:00:00,수원,ECMWF,2026-09-28 00:00:00,75,3,tcc,6.0,0.0,6.0
2026-10-01 12:00:00,수원,ECMWF,2026-09-27 12:00:00,87,3,dswrf,668.0,603.7,64.3
2026-10-01 12:00:00,수원,ECMWF,2026-09-27 12:00:00,87,3,t2m,19.7,19.9,-0.2
2026-10-01 12:00:00,수원,ECMWF,2026-09-27 12:00:00,87,3,tcc,3.0,0.0,3.0
2026-10-01 12:00:00,수원,ECMWF,2026-09-26 12:00:00,111,4,dswrf,653.0,603.7,49.3
2026-10-01 12:00:00,수원,ECMWF,2026-09-26 12:00:00,111,4,t2m,20.4,19.9,0.5
2026-10-01 12:00:00,수원,ECMWF,2026-09-26 12:00:00,111,4,tcc,5.0,0.0,5.0
2026-10-01 12:00:00,수원,ECMWF,2026-09-25 12:00:00,135,5,dswrf,633.0,603.7,29.3
2026-10-01 12:00:00,수원,ECMWF,2026-09-25 12:00:00,135,5,t2m,20.2,19.9,0.3
2026-10-01 12:00:00,수원,ECMWF,2026-09-25 12:00:00,135,5,tcc,3.0,0.0,3.0
2026-10-01 12:00:00,수원,GFS,2026-10-01 00:00:00,3,0,dswrf,652.0,603.7,48.3
2026-10-01 12:00:00,수원,GFS,2026-10-01 00:00:00,3,0,t2m,20.8,19.9,0.9
2026-10-01 12:00:00,수원,GFS,2026-10-01 00:00:00,3,0,tcc,0.0,0.0,0.0
2026-10-01 12:00:00,수원,GFS,2026-09-30 18:00:00,9,0,dswrf,659.0,603.7,55.3
2026-10-01 12:00:00,수원,GFS,2026-09-30 18:00:00,9,0,t2m,21.1,19.9,1.2
2026-10-01 12:00:00,수원,GFS,2026-09-30 18:00:00,9,0,tcc,0.0,0.0,0.0
2026-10-01 12:00:00,수원,GFS,2026-09-30 12:00:00,15,0,dswrf,664.0,603.7,60.3
2026-10-01 12:00:00,수원,GFS,2026-09-30 12:00:00,15,0,t2m,21.0,19.9,1.1
2026-10-01 12:00:00,수원,GFS,2026-09-30 12:00:00,15,0,tcc,0.0,0.0,0.0
2026-10-01 12:00:00,수원,GFS,2026-09-30 00:00:00,27,1,dswrf,653.0,603.7,49.3
2026-10-01 12:00:00,수원,GFS,2026-09-30 00:00:00,27,1,t2m,20.7,19.9,0.8
2026-10-01 12:00:00,수원,GFS,2026-09-30 00:00:00,27,1,tcc,2.0,0.0,2.0
2026-10-01 12:00:00,수원,GFS,2026-09-29 18:00:00,33,1,dswrf,660.0,603.7,56.3
2026-10-01 12:00:00,수원,GFS,2026-09-29 18:00:00,33,1,t2m,20.5,19.9,0.6
2026-10-01 12:00:00,수원,GFS,2026-09-29 18:00:00,33,1,tcc,4.0,0.0,4.0
2026-10-01 12:00:00,수원,GFS,2026-09-29 12:00:00,39,1,dswrf,659.0,603.7,55.3
2026-10-01 12:00:00,수원,GFS,2026-09-29 12:00:00,39,1,t2m,20.6,19.9,0.7
2026-10-01 12:00:00,수원,GFS,2026-09-29 12:00:00,39,1,tcc,39.0,0.0,39.0
2026-10-01 12:00:00,수원,GFS,2026-09-29 00:00:00,51,2,dswrf,662.0,603.7,58.3
2026-10-01 12:00:00,수원,GFS,2026-09-29 00:00:00,51,2,t2m,20.9,19.9,1.0
2026-10-01 12:00:00,수원,GFS,2026-09-29 00:00:00,51,2,tcc,5.0,0.0,5.0
2026-10-01 12:00:00,수원,GFS,2026-09-28 18:00:00,57,2,dswrf,660.0,603.7,56.3
2026-10-01 12:00:00,수원,GFS,2026-09-28 18:00:00,57,2,t2m,20.8,19.9,0.9
2026-10-01 12:00:00,수원,GFS,2026-09-28 18:00:00,57,2,tcc,5.0,0.0,5.0
2026-10-01 12:00:00,수원,GFS,2026-09-28 12:00:00,63,2,dswrf,659.0,603.7,55.3
2026-10-01 12:00:00,수원,GFS,2026-09-28 12:00:00,63,2,t2m,21.2,19.9,1.3
2026-10-01 12:00:00,수원,GFS,2026-09-28 12:00:00,63,2,tcc,0.0,0.0,0.0
2026-10-01 12:00:00,수원,GFS,2026-09-28 00:00:00,75,3,dswrf,658.0,603.7,54.3
2026-10-01 12:00:00,수원,GFS,2026-09-28 00:00:00,75,3,t2m,21.2,19.9,1.3
2026-10-01 12:00:00,수원,GFS,2026-09-28 00:00:00,75,3,tcc,0.0,0.0,0.0
2026-10-01 12:00:00,수원,GFS,2026-09-27 18:00:00,81,3,dswrf,653.0,603.7,49.3
2026-10-01 12:00:00,수원,GFS,2026-09-27 18:00:00,81,3,t2m,21.1,19.9,1.2
2026-10-01 12:00:00,수원,GFS,2026-09-27 18:00:00,81,3,tcc,0.0,0.0,0.0
2026-10-01 12:00:00,수원,GFS,2026-09-27 12:00:00,87,3,dswrf,649.0,603.7,45.3
2026-10-01 12:00:00,수원,GFS,2026-09-27 12:00:00,87,3,t2m,20.9,19.9,1.0
2026-10-01 12:00:00,수원,GFS,2026-09-27 12:00:00,87,3,tcc,0.0,0.0,0.0
2026-10-01 12:00:00,수원,GFS,2026-09-27 00:00:00,99,4,dswrf,649.0,603.7,45.3
2026-10-01 12:00:00,수원,GFS,2026-09-27 00:00:00,99,4,t2m,20.8,19.9,0.9
2026-10-01 12:00:00,수원,GFS,2026-09-27 00:00:00,99,4,tcc,0.0,0.0,0.0
2026-10-01 12:00:00,수원,GFS,2026-09-26 18:00:00,105,4,dswrf,657.0,603.7,53.3
2026-10-01 12:00:00,수원,GFS,2026-09-26 18:00:00,105,4,t2m,20.7,19.9,0.8
2026-10-01 12:00:00,수원,GFS,2026-09-26 18:00:00,105,4,tcc,0.0,0.0,0.0
2026-10-01 12:00:00,수원,KIM,2026-10-01 00:00:00,3,0,dswrf,631.0,603.7,27.3
2026-10-01 12:00:00,수원,KIM,2026-10-01 00:00:00,3,0,t2m,19.5,19.9,-0.4
2026-10-01 12:00:00,수원,KIM,2026-10-01 00:00:00,3,0,tcc,0.0,0.0,0.0
2026-10-01 12:00:00,수원,KIM,2026-09-30 12:00:00,15,0,dswrf,646.0,603.7,42.3
2026-10-01 12:00:00,수원,KIM,2026-09-30 12:00:00,15,0,t2m,19.2,19.9,-0.7
2026-10-01 12:00:00,수원,KIM,2026-09-30 12:00:00,15,0,tcc,4.0,0.0,4.0
2026-10-01 12:00:00,수원,KIM,2026-09-30 00:00:00,27,1,dswrf,659.0,603.7,55.3
2026-10-01 12:00:00,수원,KIM,2026-09-30 00:00:00,27,1,t2m,19.1,19.9,-0.8
2026-10-01 12:00:00,수원,KIM,2026-09-30 00:00:00,27,1,tcc,0.0,0.0,0.0
2026-10-01 12:00:00,수원,KIM,2026-09-29 12:00:00,39,1,dswrf,663.0,603.7,59.3
2026-10-01 12:00:00,수원,KIM,2026-09-29 12:00:00,39,1,t2m,19.0,19.9,-0.9
2026-10-01 12:00:00,수원,KIM,2026-09-29 12:00:00,39,1,tcc,0.0,0.0,0.0
2026-10-01 12:00:00,수원,KIM,2026-09-29 00:00:00,51,2,dswrf,663.0,603.7,59.3
2026-10-01 12:00:00,수원,KIM,2026-09-29 00:00:00,51,2,t2m,19.0,19.9,-0.9
2026-10-01 12:00:00,수원,KIM,2026-09-29 00:00:00,51,2,tcc,0.0,0.0,0.0
2026-10-01 12:00:00,수원,KIM,2026-09-28 12:00:00,63,2,dswrf,661.0,603.7,57.3
2026-10-01 12:00:00,수원,KIM,2026-09-28 12:00:00,63,2,t2m,18.6,19.9,-1.3
2026-10-01 12:00:00,수원,KIM,2026-09-28 12:00:00,63,2,tcc,0.0,0.0,0.0
2026-10-01 12:00:00,수원,KIM,2026-09-28 00:00:00,75,3,dswrf,662.0,603.7,58.3
2026-10-01 12:00:00,수원,KIM,2026-09-28 00:00:00,75,3,t2m,18.6,19.9,-1.3
2026-10-01 12:00:00,수원,KIM,2026-09-28 00:00:00,75,3,tcc,0.0,0.0,0.0
2026-10-01 12:00:00,수원,KIM,2026-09-27 12:00:00,87,3,dswrf,650.0,603.7,46.3
2026-10-01 12:00:00,수원,KIM,2026-09-27 12:00:00,87,3,t2m,19.3,19.9,-0.6
2026-10-01 12:00:00,수원,KIM,2026-09-27 12:00:00,87,3,tcc,0.0,0.0,0.0
2026-10-01 12:00:00,수원,KIM,2026-09-27 00:00:00,99,4,dswrf,659.0,603.7,55.3
2026-10-01 12:00:00,수원,KIM,2026-09-27 00:00:00,99,4,t2m,19.3,19.9,-0.6
2026-10-01 12:00:00,수원,KIM,2026-09-27 00:00:00,99,4,tcc,0.0,0.0,0.0
2026-10-01 12:00:00,수원,KIM,2026-09-26 12:00:00,111,4,dswrf,650.0,603.7,46.3
2026-10-01 12:00:00,수원,KIM,2026-09-26 12:00:00,111,4,t2m,19.2,19.9,-0.7
2026-10-01 12:00:00,수원,KIM,2026-09-26 12:00:00,111,4,tcc,0.0,0.0,0.0
2026-10-01 12:00:00,인천,ECMWF,2026-09-30 12:00:00,15,0,dswrf,662.0,674.07,-12.07
2026-10-01 12:00:00,인천,ECMWF,2026-09-30 12:00:00,15,0,t2m,20.9,20.3,0.6
2026-10-01 12:00:00,인천,ECMWF,2026-09-30 12:00:00,15,0,tcc,23.0,0.0,23.0
2026-10-01 12:00:00,인천,ECMWF,2026-09-29 12:00:00,39,1,dswrf,660.0,674.07,-14.07
2026-10-01 12:00:00,인천,ECMWF,2026-09-29 12:00:00,39,1,t2m,20.4,20.3,0.1
2026-10-01 12:00:00,인천,ECMWF,2026-09-29 12:00:00,39,1,tcc,5.0,0.0,5.0
2026-10-01 12:00:00,인천,ECMWF,2026-09-28 12:00:00,63,2,dswrf,665.0,674.07,-9.07
2026-10-01 12:00:00,인천,ECMWF,2026-09-28 12:00:00,63,2,t2m,20.1,20.3,-0.2
2026-10-01 12:00:00,인천,ECMWF,2026-09-28 12:00:00,63,2,tcc,3.0,0.0,3.0
2026-10-01 12:00:00,인천,ECMWF,2026-09-28 00:00:00,75,3,dswrf,666.0,674.07,-8.07
2026-10-01 12:00:00,인천,ECMWF,2026-09-28 00:00:00,75,3,t2m,19.8,20.3,-0.5
2026-10-01 12:00:00,인천,ECMWF,2026-09-28 00:00:00,75,3,tcc,1.0,0.0,1.0
2026-10-01 12:00:00,인천,ECMWF,2026-09-27 12:00:00,87,3,dswrf,657.0,674.07,-17.07
2026-10-01 12:00:00,인천,ECMWF,2026-09-27 12:00:00,87,3,t2m,20.3,20.3,0.0
2026-10-01 12:00:00,인천,ECMWF,2026-09-27 12:00:00,87,3,tcc,6.0,0.0,6.0
2026-10-01 12:00:00,인천,ECMWF,2026-09-26 12:00:00,111,4,dswrf,649.0,674.07,-25.07
2026-10-01 12:00:00,인천,ECMWF,2026-09-26 12:00:00,111,4,t2m,20.8,20.3,0.5
2026-10-01 12:00:00,인천,ECMWF,2026-09-26 12:00:00,111,4,tcc,7.0,0.0,7.0
2026-10-01 12:00:00,인천,ECMWF,2026-09-25 12:00:00,135,5,dswrf,641.0,674.07,-33.07
2026-10-01 12:00:00,인천,ECMWF,2026-09-25 12:00:00,135,5,t2m,20.6,20.3,0.3
2026-10-01 12:00:00,인천,ECMWF,2026-09-25 12:00:00,135,5,tcc,2.0,0.0,2.0
2026-10-01 12:00:00,인천,GFS,2026-10-01 00:00:00,3,0,dswrf,665.0,674.07,-9.07
2026-10-01 12:00:00,인천,GFS,2026-10-01 00:00:00,3,0,t2m,20.3,20.3,0.0
2026-10-01 12:00:00,인천,GFS,2026-10-01 00:00:00,3,0,tcc,0.0,0.0,0.0
2026-10-01 12:00:00,인천,GFS,2026-09-30 18:00:00,9,0,dswrf,667.0,674.07,-7.07
2026-10-01 12:00:00,인천,GFS,2026-09-30 18:00:00,9,0,t2m,20.5,20.3,0.2
2026-10-01 12:00:00,인천,GFS,2026-09-30 18:00:00,9,0,tcc,0.0,0.0,0.0
2026-10-01 12:00:00,인천,GFS,2026-09-30 12:00:00,15,0,dswrf,665.0,674.07,-9.07
2026-10-01 12:00:00,인천,GFS,2026-09-30 12:00:00,15,0,t2m,20.6,20.3,0.3
2026-10-01 12:00:00,인천,GFS,2026-09-30 12:00:00,15,0,tcc,0.0,0.0,0.0
2026-10-01 12:00:00,인천,GFS,2026-09-30 00:00:00,27,1,dswrf,657.0,674.07,-17.07
2026-10-01 12:00:00,인천,GFS,2026-09-30 00:00:00,27,1,t2m,20.7,20.3,0.4
2026-10-01 12:00:00,인천,GFS,2026-09-30 00:00:00,27,1,tcc,13.0,0.0,13.0
2026-10-01 12:00:00,인천,GFS,2026-09-29 18:00:00,33,1,dswrf,652.0,674.07,-22.07
2026-10-01 12:00:00,인천,GFS,2026-09-29 18:00:00,33,1,t2m,20.6,20.3,0.3
2026-10-01 12:00:00,인천,GFS,2026-09-29 18:00:00,33,1,tcc,5.0,0.0,5.0
2026-10-01 12:00:00,인천,GFS,2026-09-29 12:00:00,39,1,dswrf,643.0,674.07,-31.07
2026-10-01 12:00:00,인천,GFS,2026-09-29 12:00:00,39,1,t2m,20.6,20.3,0.3
2026-10-01 12:00:00,인천,GFS,2026-09-29 12:00:00,39,1,tcc,49.0,0.0,49.0
2026-10-01 12:00:00,인천,GFS,2026-09-29 00:00:00,51,2,dswrf,657.0,674.07,-17.07
2026-10-01 12:00:00,인천,GFS,2026-09-29 00:00:00,51,2,t2m,20.9,20.3,0.6
2026-10-01 12:00:00,인천,GFS,2026-09-29 00:00:00,51,2,tcc,3.0,0.0,3.0
2026-10-01 12:00:00,인천,GFS,2026-09-28 18:00:00,57,2,dswrf,656.0,674.07,-18.07
2026-10-01 12:00:00,인천,GFS,2026-09-28 18:00:00,57,2,t2m,20.9,20.3,0.6
2026-10-01 12:00:00,인천,GFS,2026-09-28 18:00:00,57,2,tcc,3.0,0.0,3.0
2026-10-01 12:00:00,인천,GFS,2026-09-28 12:00:00,63,2,dswrf,655.0,674.07,-19.07
2026-10-01 12:00:00,인천,GFS,2026-09-28 12:00:00,63,2,t2m,21.3,20.3,1.0
2026-10-01 12:00:00,인천,GFS,2026-09-28 12:00:00,63,2,tcc,0.0,0.0,0.0
2026-10-01 12:00:00,인천,GFS,2026-09-28 00:00:00,75,3,dswrf,656.0,674.07,-18.07
2026-10-01 12:00:00,인천,GFS,2026-09-28 00:00:00,75,3,t2m,21.4,20.3,1.1
2026-10-01 12:00:00,인천,GFS,2026-09-28 00:00:00,75,3,tcc,0.0,0.0,0.0
2026-10-01 12:00:00,인천,GFS,2026-09-27 18:00:00,81,3,dswrf,651.0,674.07,-23.07
2026-10-01 12:00:00,인천,GFS,2026-09-27 18:00:00,81,3,t2m,21.0,20.3,0.7
2026-10-01 12:00:00,인천,GFS,2026-09-27 18:00:00,81,3,tcc,0.0,0.0,0.0
2026-10-01 12:00:00,인천,GFS,2026-09-27 12:00:00,87,3,dswrf,649.0,674.07,-25.07
2026-10-01 12:00:00,인천,GFS,2026-09-27 12:00:00,87,3,t2m,20.8,20.3,0.5
2026-10-01 12:00:00,인천,GFS,2026-09-27 12:00:00,87,3,tcc,0.0,0.0,0.0
2026-10-01 12:00:00,인천,GFS,2026-09-27 00:00:00,99,4,dswrf,648.0,674.07,-26.07
2026-10-01 12:00:00,인천,GFS,2026-09-27 00:00:00,99,4,t2m,20.8,20.3,0.5
2026-10-01 12:00:00,인천,GFS,2026-09-27 00:00:00,99,4,tcc,1.0,0.0,1.0
2026-10-01 12:00:00,인천,GFS,2026-09-26 18:00:00,105,4,dswrf,652.0,674.07,-22.07
2026-10-01 12:00:00,인천,GFS,2026-09-26 18:00:00,105,4,t2m,20.8,20.3,0.5
2026-10-01 12:00:00,인천,GFS,2026-09-26 18:00:00,105,4,tcc,0.0,0.0,0.0
2026-10-01 12:00:00,인천,KIM,2026-10-01 00:00:00,3,0,dswrf,643.0,674.07,-31.07
2026-10-01 12:00:00,인천,KIM,2026-10-01 00:00:00,3,0,t2m,18.9,20.3,-1.4
2026-10-01 12:00:00,인천,KIM,2026-10-01 00:00:00,3,0,tcc,0.0,0.0,0.0
2026-10-01 12:00:00,인천,KIM,2026-09-30 12:00:00,15,0,dswrf,643.0,674.07,-31.07
2026-10-01 12:00:00,인천,KIM,2026-09-30 12:00:00,15,0,t2m,18.7,20.3,-1.6
2026-10-01 12:00:00,인천,KIM,2026-09-30 12:00:00,15,0,tcc,2.0,0.0,2.0
2026-10-01 12:00:00,인천,KIM,2026-09-30 00:00:00,27,1,dswrf,643.0,674.07,-31.07
2026-10-01 12:00:00,인천,KIM,2026-09-30 00:00:00,27,1,t2m,18.4,20.3,-1.9
2026-10-01 12:00:00,인천,KIM,2026-09-30 00:00:00,27,1,tcc,0.0,0.0,0.0
2026-10-01 12:00:00,인천,KIM,2026-09-29 12:00:00,39,1,dswrf,644.0,674.07,-30.07
2026-10-01 12:00:00,인천,KIM,2026-09-29 12:00:00,39,1,t2m,18.3,20.3,-2.0
2026-10-01 12:00:00,인천,KIM,2026-09-29 12:00:00,39,1,tcc,0.0,0.0,0.0
2026-10-01 12:00:00,인천,KIM,2026-09-29 00:00:00,51,2,dswrf,643.0,674.07,-31.07
2026-10-01 12:00:00,인천,KIM,2026-09-29 00:00:00,51,2,t2m,18.3,20.3,-2.0
2026-10-01 12:00:00,인천,KIM,2026-09-29 00:00:00,51,2,tcc,0.0,0.0,0.0
2026-10-01 12:00:00,인천,KIM,2026-09-28 12:00:00,63,2,dswrf,640.0,674.07,-34.07
2026-10-01 12:00:00,인천,KIM,2026-09-28 12:00:00,63,2,t2m,18.1,20.3,-2.2
2026-10-01 12:00:00,인천,KIM,2026-09-28 12:00:00,63,2,tcc,0.0,0.0,0.0
2026-10-01 12:00:00,인천,KIM,2026-09-28 00:00:00,75,3,dswrf,644.0,674.07,-30.07
2026-10-01 12:00:00,인천,KIM,2026-09-28 00:00:00,75,3,t2m,18.1,20.3,-2.2
2026-10-01 12:00:00,인천,KIM,2026-09-28 00:00:00,75,3,tcc,0.0,0.0,0.0
2026-10-01 12:00:00,인천,KIM,2026-09-27 12:00:00,87,3,dswrf,632.0,674.07,-42.07
2026-10-01 12:00:00,인천,KIM,2026-09-27 12:00:00,87,3,t2m,18.8,20.3,-1.5
2026-10-01 12:00:00,인천,KIM,2026-09-27 12:00:00,87,3,tcc,0.0,0.0,0.0
2026-10-01 12:00:00,인천,KIM,2026-09-27 00:00:00,99,4,dswrf,636.0,674.07,-38.07
2026-10-01 12:00:00,인천,KIM,2026-09-27 00:00:00,99,4,t2m,19.0,20.3,-1.3
2026-10-01 12:00:00,인천,KIM,2026-09-27 00:00:00,99,4,tcc,0.0,0.0,0.0
2026-10-01 12:00:00,인천,KIM,2026-09-26 12:00:00,111,4,dswrf,631.0,674.07,-43.07
2026-10-01 12:00:00,인천,KIM,2026-09-26 12:00:00,111,4,t2m,18.9,20.3,-1.4
2026-10-01 12:00:00,인천,KIM,2026-09-26 12:00:00,111,4,tcc,0.0,0.0,0.0
2026-10-01 12:00:00,전주,ECMWF,2026-09-30 12:00:00,15,0,dswrf,591.0,487.04,103.96
2026-10-01 12:00:00,전주,ECMWF,2026-09-30 12:00:00,15,0,t2m,19.6,20.4,-0.8
2026-10-01 12:00:00,전주,ECMWF,2026-09-30 12:00:00,15,0,tcc,51.0,80.0,-29.0
2026-10-01 12:00:00,전주,ECMWF,2026-09-29 12:00:00,39,1,dswrf,534.0,487.04,46.96
2026-10-01 12:00:00,전주,ECMWF,2026-09-29 12:00:00,39,1,t2m,18.9,20.4,-1.5
2026-10-01 12:00:00,전주,ECMWF,2026-09-29 12:00:00,39,1,tcc,9.0,80.0,-71.0
2026-10-01 12:00:00,전주,ECMWF,2026-09-28 12:00:00,63,2,dswrf,671.0,487.04,183.96
2026-10-01 12:00:00,전주,ECMWF,2026-09-28 12:00:00,63,2,t2m,19.1,20.4,-1.3
2026-10-01 12:00:00,전주,ECMWF,2026-09-28 12:00:00,63,2,tcc,4.0,80.0,-76.0
2026-10-01 12:00:00,전주,ECMWF,2026-09-28 00:00:00,75,3,dswrf,681.0,487.04,193.96
2026-10-01 12:00:00,전주,ECMWF,2026-09-28 00:00:00,75,3,t2m,18.7,20.4,-1.7
2026-10-01 12:00:00,전주,ECMWF,2026-09-28 00:00:00,75,3,tcc,44.0,80.0,-36.0
2026-10-01 12:00:00,전주,ECMWF,2026-09-27 12:00:00,87,3,dswrf,681.0,487.04,193.96
2026-10-01 12:00:00,전주,ECMWF,2026-09-27 12:00:00,87,3,t2m,18.8,20.4,-1.6
2026-10-01 12:00:00,전주,ECMWF,2026-09-27 12:00:00,87,3,tcc,8.0,80.0,-72.0
2026-10-01 12:00:00,전주,ECMWF,2026-09-26 12:00:00,111,4,dswrf,667.0,487.04,179.96
2026-10-01 12:00:00,전주,ECMWF,2026-09-26 12:00:00,111,4,t2m,19.8,20.4,-0.6
2026-10-01 12:00:00,전주,ECMWF,2026-09-26 12:00:00,111,4,tcc,6.0,80.0,-74.0
2026-10-01 12:00:00,전주,ECMWF,2026-09-25 12:00:00,135,5,dswrf,669.0,487.04,181.96
2026-10-01 12:00:00,전주,ECMWF,2026-09-25 12:00:00,135,5,t2m,19.7,20.4,-0.7
2026-10-01 12:00:00,전주,ECMWF,2026-09-25 12:00:00,135,5,tcc,62.0,80.0,-18.0
2026-10-01 12:00:00,전주,GFS,2026-10-01 00:00:00,3,0,dswrf,299.0,487.04,-188.04
2026-10-01 12:00:00,전주,GFS,2026-10-01 00:00:00,3,0,t2m,16.5,20.4,-3.9
2026-10-01 12:00:00,전주,GFS,2026-10-01 00:00:00,3,0,tcc,99.0,80.0,19.0
2026-10-01 12:00:00,전주,GFS,2026-09-30 18:00:00,9,0,dswrf,267.0,487.04,-220.04
2026-10-01 12:00:00,전주,GFS,2026-09-30 18:00:00,9,0,t2m,16.1,20.4,-4.3
2026-10-01 12:00:00,전주,GFS,2026-09-30 18:00:00,9,0,tcc,98.0,80.0,18.0
2026-10-01 12:00:00,전주,GFS,2026-09-30 12:00:00,15,0,dswrf,269.0,487.04,-218.04
2026-10-01 12:00:00,전주,GFS,2026-09-30 12:00:00,15,0,t2m,16.6,20.4,-3.8
2026-10-01 12:00:00,전주,GFS,2026-09-30 12:00:00,15,0,tcc,78.0,80.0,-2.0
2026-10-01 12:00:00,전주,GFS,2026-09-30 00:00:00,27,1,dswrf,594.0,487.04,106.96
2026-10-01 12:00:00,전주,GFS,2026-09-30 00:00:00,27,1,t2m,19.4,20.4,-1.0
2026-10-01 12:00:00,전주,GFS,2026-09-30 00:00:00,27,1,tcc,62.0,80.0,-18.0
2026-10-01 12:00:00,전주,GFS,2026-09-29 18:00:00,33,1,dswrf,635.0,487.04,147.96
2026-10-01 12:00:00,전주,GFS,2026-09-29 18:00:00,33,1,t2m,19.2,20.4,-1.2
2026-10-01 12:00:00,전주,GFS,2026-09-29 18:00:00,33,1,tcc,38.0,80.0,-42.0
2026-10-01 12:00:00,전주,GFS,2026-09-29 12:00:00,39,1,dswrf,631.0,487.04,143.96
2026-10-01 12:00:00,전주,GFS,2026-09-29 12:00:00,39,1,t2m,19.2,20.4,-1.2
2026-10-01 12:00:00,전주,GFS,2026-09-29 12:00:00,39,1,tcc,32.0,80.0,-48.0
2026-10-01 12:00:00,전주,GFS,2026-09-29 00:00:00,51,2,dswrf,483.0,487.04,-4.04
2026-10-01 12:00:00,전주,GFS,2026-09-29 00:00:00,51,2,t2m,19.8,20.4,-0.6
2026-10-01 12:00:00,전주,GFS,2026-09-29 00:00:00,51,2,tcc,12.0,80.0,-68.0
2026-10-01 12:00:00,전주,GFS,2026-09-28 18:00:00,57,2,dswrf,572.0,487.04,84.96
2026-10-01 12:00:00,전주,GFS,2026-09-28 18:00:00,57,2,t2m,19.6,20.4,-0.8
2026-10-01 12:00:00,전주,GFS,2026-09-28 18:00:00,57,2,tcc,26.0,80.0,-54.0
2026-10-01 12:00:00,전주,GFS,2026-09-28 12:00:00,63,2,dswrf,662.0,487.04,174.96
2026-10-01 12:00:00,전주,GFS,2026-09-28 12:00:00,63,2,t2m,19.7,20.4,-0.7
2026-10-01 12:00:00,전주,GFS,2026-09-28 12:00:00,63,2,tcc,4.0,80.0,-76.0
2026-10-01 12:00:00,전주,GFS,2026-09-28 00:00:00,75,3,dswrf,675.0,487.04,187.96
2026-10-01 12:00:00,전주,GFS,2026-09-28 00:00:00,75,3,t2m,19.4,20.4,-1.0
2026-10-01 12:00:00,전주,GFS,2026-09-28 00:00:00,75,3,tcc,29.0,80.0,-51.0
2026-10-01 12:00:00,전주,GFS,2026-09-27 18:00:00,81,3,dswrf,675.0,487.04,187.96
2026-10-01 12:00:00,전주,GFS,2026-09-27 18:00:00,81,3,t2m,19.4,20.4,-1.0
2026-10-01 12:00:00,전주,GFS,2026-09-27 18:00:00,81,3,tcc,0.0,80.0,-80.0
2026-10-01 12:00:00,전주,GFS,2026-09-27 12:00:00,87,3,dswrf,666.0,487.04,178.96
2026-10-01 12:00:00,전주,GFS,2026-09-27 12:00:00,87,3,t2m,19.6,20.4,-0.8
2026-10-01 12:00:00,전주,GFS,2026-09-27 12:00:00,87,3,tcc,0.0,80.0,-80.0
2026-10-01 12:00:00,전주,GFS,2026-09-27 00:00:00,99,4,dswrf,662.0,487.04,174.96
2026-10-01 12:00:00,전주,GFS,2026-09-27 00:00:00,99,4,t2m,19.7,20.4,-0.7
2026-10-01 12:00:00,전주,GFS,2026-09-27 00:00:00,99,4,tcc,0.0,80.0,-80.0
2026-10-01 12:00:00,전주,GFS,2026-09-26 18:00:00,105,4,dswrf,668.0,487.04,180.96
2026-10-01 12:00:00,전주,GFS,2026-09-26 18:00:00,105,4,t2m,18.9,20.4,-1.5
2026-10-01 12:00:00,전주,GFS,2026-09-26 18:00:00,105,4,tcc,6.0,80.0,-74.0
2026-10-01 12:00:00,전주,KIM,2026-10-01 00:00:00,3,0,dswrf,620.0,487.04,132.96
2026-10-01 12:00:00,전주,KIM,2026-10-01 00:00:00,3,0,t2m,19.8,20.4,-0.6
2026-10-01 12:00:00,전주,KIM,2026-10-01 00:00:00,3,0,tcc,31.0,80.0,-49.0
2026-10-01 12:00:00,전주,KIM,2026-09-30 12:00:00,15,0,dswrf,552.0,487.04,64.96
2026-10-01 12:00:00,전주,KIM,2026-09-30 12:00:00,15,0,t2m,18.2,20.4,-2.2
2026-10-01 12:00:00,전주,KIM,2026-09-30 12:00:00,15,0,tcc,48.0,80.0,-32.0
2026-10-01 12:00:00,전주,KIM,2026-09-30 00:00:00,27,1,dswrf,608.0,487.04,120.96
2026-10-01 12:00:00,전주,KIM,2026-09-30 00:00:00,27,1,t2m,18.9,20.4,-1.5
2026-10-01 12:00:00,전주,KIM,2026-09-30 00:00:00,27,1,tcc,39.0,80.0,-41.0
2026-10-01 12:00:00,전주,KIM,2026-09-29 12:00:00,39,1,dswrf,496.0,487.04,8.96
2026-10-01 12:00:00,전주,KIM,2026-09-29 12:00:00,39,1,t2m,18.6,20.4,-1.8
2026-10-01 12:00:00,전주,KIM,2026-09-29 12:00:00,39,1,tcc,0.0,80.0,-80.0
2026-10-01 12:00:00,전주,KIM,2026-09-29 00:00:00,51,2,dswrf,589.0,487.04,101.96
2026-10-01 12:00:00,전주,KIM,2026-09-29 00:00:00,51,2,t2m,18.5,20.4,-1.9
2026-10-01 12:00:00,전주,KIM,2026-09-29 00:00:00,51,2,tcc,0.0,80.0,-80.0
2026-10-01 12:00:00,전주,KIM,2026-09-28 12:00:00,63,2,dswrf,660.0,487.04,172.96
2026-10-01 12:00:00,전주,KIM,2026-09-28 12:00:00,63,2,t2m,18.4,20.4,-2.0
2026-10-01 12:00:00,전주,KIM,2026-09-28 12:00:00,63,2,tcc,0.0,80.0,-80.0
2026-10-01 12:00:00,전주,KIM,2026-09-28 00:00:00,75,3,dswrf,655.0,487.04,167.96
2026-10-01 12:00:00,전주,KIM,2026-09-28 00:00:00,75,3,t2m,18.4,20.4,-2.0
2026-10-01 12:00:00,전주,KIM,2026-09-28 00:00:00,75,3,tcc,0.0,80.0,-80.0
2026-10-01 12:00:00,전주,KIM,2026-09-27 12:00:00,87,3,dswrf,609.0,487.04,121.96
2026-10-01 12:00:00,전주,KIM,2026-09-27 12:00:00,87,3,t2m,19.3,20.4,-1.1
2026-10-01 12:00:00,전주,KIM,2026-09-27 12:00:00,87,3,tcc,2.0,80.0,-78.0
2026-10-01 12:00:00,전주,KIM,2026-09-27 00:00:00,99,4,dswrf,662.0,487.04,174.96
2026-10-01 12:00:00,전주,KIM,2026-09-27 00:00:00,99,4,t2m,19.2,20.4,-1.2
2026-10-01 12:00:00,전주,KIM,2026-09-27 00:00:00,99,4,tcc,0.0,80.0,-80.0
2026-10-01 12:00:00,전주,KIM,2026-09-26 12:00:00,111,4,dswrf,642.0,487.04,154.96
2026-10-01 12:00:00,전주,KIM,2026-09-26 12:00:00,111,4,t2m,18.9,20.4,-1.5
2026-10-01 12:00:00,전주,KIM,2026-09-26 12:00:00,111,4,tcc,1.0,80.0,-79.0
2026-10-01 12:00:00,제주,ECMWF,2026-09-30 12:00:00,15,0,dswrf,497.0,333.33,163.67
2026-10-01 12:00:00,제주,ECMWF,2026-09-30 12:00:00,15,0,t2m,20.2,25.0,-4.8
2026-10-01 12:00:00,제주,ECMWF,2026-09-30 12:00:00,15,0,tcc,87.0,70.0,17.0
2026-10-01 12:00:00,제주,ECMWF,2026-09-29 12:00:00,39,1,dswrf,597.0,333.33,263.67
2026-10-01 12:00:00,제주,ECMWF,2026-09-29 12:00:00,39,1,t2m,20.1,25.0,-4.9
2026-10-01 12:00:00,제주,ECMWF,2026-09-29 12:00:00,39,1,tcc,14.0,70.0,-56.0
2026-10-01 12:00:00,제주,ECMWF,2026-09-28 12:00:00,63,2,dswrf,624.0,333.33,290.67
2026-10-01 12:00:00,제주,ECMWF,2026-09-28 12:00:00,63,2,t2m,20.3,25.0,-4.7
2026-10-01 12:00:00,제주,ECMWF,2026-09-28 12:00:00,63,2,tcc,17.0,70.0,-53.0
2026-10-01 12:00:00,제주,ECMWF,2026-09-28 00:00:00,75,3,dswrf,639.0,333.33,305.67
2026-10-01 12:00:00,제주,ECMWF,2026-09-28 00:00:00,75,3,t2m,20.2,25.0,-4.8
2026-10-01 12:00:00,제주,ECMWF,2026-09-28 00:00:00,75,3,tcc,14.0,70.0,-56.0
2026-10-01 12:00:00,제주,ECMWF,2026-09-27 12:00:00,87,3,dswrf,590.0,333.33,256.67
2026-10-01 12:00:00,제주,ECMWF,2026-09-27 12:00:00,87,3,t2m,20.2,25.0,-4.8
2026-10-01 12:00:00,제주,ECMWF,2026-09-27 12:00:00,87,3,tcc,12.0,70.0,-58.0
2026-10-01 12:00:00,제주,ECMWF,2026-09-26 12:00:00,111,4,dswrf,616.0,333.33,282.67
2026-10-01 12:00:00,제주,ECMWF,2026-09-26 12:00:00,111,4,t2m,20.9,25.0,-4.1
2026-10-01 12:00:00,제주,ECMWF,2026-09-26 12:00:00,111,4,tcc,20.0,70.0,-50.0
2026-10-01 12:00:00,제주,ECMWF,2026-09-25 12:00:00,135,5,dswrf,597.0,333.33,263.67
2026-10-01 12:00:00,제주,ECMWF,2026-09-25 12:00:00,135,5,t2m,20.5,25.0,-4.5
2026-10-01 12:00:00,제주,ECMWF,2026-09-25 12:00:00,135,5,tcc,13.0,70.0,-57.0
2026-10-01 12:00:00,제주,GFS,2026-10-01 00:00:00,3,0,dswrf,443.0,333.33,109.67
2026-10-01 12:00:00,제주,GFS,2026-10-01 00:00:00,3,0,t2m,20.3,25.0,-4.7
2026-10-01 12:00:00,제주,GFS,2026-10-01 00:00:00,3,0,tcc,29.0,70.0,-41.0
2026-10-01 12:00:00,제주,GFS,2026-09-30 18:00:00,9,0,dswrf,498.0,333.33,164.67
2026-10-01 12:00:00,제주,GFS,2026-09-30 18:00:00,9,0,t2m,20.5,25.0,-4.5
2026-10-01 12:00:00,제주,GFS,2026-09-30 18:00:00,9,0,tcc,16.0,70.0,-54.0
2026-10-01 12:00:00,제주,GFS,2026-09-30 12:00:00,15,0,dswrf,607.0,333.33,273.67
2026-10-01 12:00:00,제주,GFS,2026-09-30 12:00:00,15,0,t2m,20.3,25.0,-4.7
2026-10-01 12:00:00,제주,GFS,2026-09-30 12:00:00,15,0,tcc,5.0,70.0,-65.0
2026-10-01 12:00:00,제주,GFS,2026-09-30 00:00:00,27,1,dswrf,641.0,333.33,307.67
2026-10-01 12:00:00,제주,GFS,2026-09-30 00:00:00,27,1,t2m,19.8,25.0,-5.2
2026-10-01 12:00:00,제주,GFS,2026-09-30 00:00:00,27,1,tcc,5.0,70.0,-65.0
2026-10-01 12:00:00,제주,GFS,2026-09-29 18:00:00,33,1,dswrf,589.0,333.33,255.67
2026-10-01 12:00:00,제주,GFS,2026-09-29 18:00:00,33,1,t2m,19.0,25.0,-6.0
2026-10-01 12:00:00,제주,GFS,2026-09-29 18:00:00,33,1,tcc,7.0,70.0,-63.0
2026-10-01 12:00:00,제주,GFS,2026-09-29 12:00:00,39,1,dswrf,606.0,333.33,272.67
2026-10-01 12:00:00,제주,GFS,2026-09-29 12:00:00,39,1,t2m,19.7,25.0,-5.3
2026-10-01 12:00:00,제주,GFS,2026-09-29 12:00:00,39,1,tcc,6.0,70.0,-64.0
2026-10-01 12:00:00,제주,GFS,2026-09-29 00:00:00,51,2,dswrf,598.0,333.33,264.67
2026-10-01 12:00:00,제주,GFS,2026-09-29 00:00:00,51,2,t2m,19.6,25.0,-5.4
2026-10-01 12:00:00,제주,GFS,2026-09-29 00:00:00,51,2,tcc,6.0,70.0,-64.0
2026-10-01 12:00:00,제주,GFS,2026-09-28 18:00:00,57,2,dswrf,394.0,333.33,60.67
2026-10-01 12:00:00,제주,GFS,2026-09-28 18:00:00,57,2,t2m,19.6,25.0,-5.4
2026-10-01 12:00:00,제주,GFS,2026-09-28 18:00:00,57,2,tcc,8.0,70.0,-62.0
2026-10-01 12:00:00,제주,GFS,2026-09-28 12:00:00,63,2,dswrf,380.0,333.33,46.67
2026-10-01 12:00:00,제주,GFS,2026-09-28 12:00:00,63,2,t2m,19.8,25.0,-5.2
2026-10-01 12:00:00,제주,GFS,2026-09-28 12:00:00,63,2,tcc,27.0,70.0,-43.0
2026-10-01 12:00:00,제주,GFS,2026-09-28 00:00:00,75,3,dswrf,575.0,333.33,241.67
2026-10-01 12:00:00,제주,GFS,2026-09-28 00:00:00,75,3,t2m,18.9,25.0,-6.1
2026-10-01 12:00:00,제주,GFS,2026-09-28 00:00:00,75,3,tcc,47.0,70.0,-23.0
2026-10-01 12:00:00,제주,GFS,2026-09-27 18:00:00,81,3,dswrf,680.0,333.33,346.67
2026-10-01 12:00:00,제주,GFS,2026-09-27 18:00:00,81,3,t2m,19.5,25.0,-5.5
2026-10-01 12:00:00,제주,GFS,2026-09-27 18:00:00,81,3,tcc,6.0,70.0,-64.0
2026-10-01 12:00:00,제주,GFS,2026-09-27 12:00:00,87,3,dswrf,642.0,333.33,308.67
2026-10-01 12:00:00,제주,GFS,2026-09-27 12:00:00,87,3,t2m,18.9,25.0,-6.1
2026-10-01 12:00:00,제주,GFS,2026-09-27 12:00:00,87,3,tcc,8.0,70.0,-62.0
2026-10-01 12:00:00,제주,GFS,2026-09-27 00:00:00,99,4,dswrf,684.0,333.33,350.67
2026-10-01 12:00:00,제주,GFS,2026-09-27 00:00:00,99,4,t2m,19.3,25.0,-5.7
2026-10-01 12:00:00,제주,GFS,2026-09-27 00:00:00,99,4,tcc,4.0,70.0,-66.0
2026-10-01 12:00:00,제주,GFS,2026-09-26 18:00:00,105,4,dswrf,688.0,333.33,354.67
2026-10-01 12:00:00,제주,GFS,2026-09-26 18:00:00,105,4,t2m,19.1,25.0,-5.9
2026-10-01 12:00:00,제주,GFS,2026-09-26 18:00:00,105,4,tcc,7.0,70.0,-63.0
2026-10-01 12:00:00,제주,KIM,2026-10-01 00:00:00,3,0,dswrf,595.0,333.33,261.67
2026-10-01 12:00:00,제주,KIM,2026-10-01 00:00:00,3,0,t2m,21.2,25.0,-3.8
2026-10-01 12:00:00,제주,KIM,2026-10-01 00:00:00,3,0,tcc,43.0,70.0,-27.0
2026-10-01 12:00:00,제주,KIM,2026-09-30 12:00:00,15,0,dswrf,432.0,333.33,98.67
2026-10-01 12:00:00,제주,KIM,2026-09-30 12:00:00,15,0,t2m,20.6,25.0,-4.4
2026-10-01 12:00:00,제주,KIM,2026-09-30 12:00:00,15,0,tcc,85.0,70.0,15.0
2026-10-01 12:00:00,제주,KIM,2026-09-30 00:00:00,27,1,dswrf,628.0,333.33,294.67
2026-10-01 12:00:00,제주,KIM,2026-09-30 00:00:00,27,1,t2m,20.9,25.0,-4.1
2026-10-01 12:00:00,제주,KIM,2026-09-30 00:00:00,27,1,tcc,90.0,70.0,20.0
2026-10-01 12:00:00,제주,KIM,2026-09-29 12:00:00,39,1,dswrf,551.0,333.33,217.67
2026-10-01 12:00:00,제주,KIM,2026-09-29 12:00:00,39,1,t2m,20.2,25.0,-4.8
2026-10-01 12:00:00,제주,KIM,2026-09-29 12:00:00,39,1,tcc,29.0,70.0,-41.0
2026-10-01 12:00:00,제주,KIM,2026-09-29 00:00:00,51,2,dswrf,335.0,333.33,1.67
2026-10-01 12:00:00,제주,KIM,2026-09-29 00:00:00,51,2,t2m,19.7,25.0,-5.3
2026-10-01 12:00:00,제주,KIM,2026-09-29 00:00:00,51,2,tcc,87.0,70.0,17.0
2026-10-01 12:00:00,제주,KIM,2026-09-28 12:00:00,63,2,dswrf,623.0,333.33,289.67
2026-10-01 12:00:00,제주,KIM,2026-09-28 12:00:00,63,2,t2m,19.5,25.0,-5.5
2026-10-01 12:00:00,제주,KIM,2026-09-28 12:00:00,63,2,tcc,19.0,70.0,-51.0
2026-10-01 12:00:00,제주,KIM,2026-09-28 00:00:00,75,3,dswrf,637.0,333.33,303.67
2026-10-01 12:00:00,제주,KIM,2026-09-28 00:00:00,75,3,t2m,19.7,25.0,-5.3
2026-10-01 12:00:00,제주,KIM,2026-09-28 00:00:00,75,3,tcc,25.0,70.0,-45.0
2026-10-01 12:00:00,제주,KIM,2026-09-27 12:00:00,87,3,dswrf,641.0,333.33,307.67
2026-10-01 12:00:00,제주,KIM,2026-09-27 12:00:00,87,3,t2m,20.4,25.0,-4.6
2026-10-01 12:00:00,제주,KIM,2026-09-27 12:00:00,87,3,tcc,22.0,70.0,-48.0
2026-10-01 12:00:00,제주,KIM,2026-09-27 00:00:00,99,4,dswrf,560.0,333.33,226.67
2026-10-01 12:00:00,제주,KIM,2026-09-27 00:00:00,99,4,t2m,20.2,25.0,-4.8
2026-10-01 12:00:00,제주,KIM,2026-09-27 00:00:00,99,4,tcc,26.0,70.0,-44.0
2026-10-01 12:00:00,제주,KIM,2026-09-26 12:00:00,111,4,dswrf,637.0,333.33,303.67
2026-10-01 12:00:00,제주,KIM,2026-09-26 12:00:00,111,4,t2m,20.1,25.0,-4.9
2026-10-01 12:00:00,제주,KIM,2026-09-26 12:00:00,111,4,tcc,10.0,70.0,-60.0
2026-10-01 15:00:00,강릉,ECMWF,2026-09-30 12:00:00,18,0,dswrf,705.0,686.11,18.89
2026-10-01 15:00:00,강릉,ECMWF,2026-09-30 12:00:00,18,0,t2m,20.5,21.3,-0.8
2026-10-01 15:00:00,강릉,ECMWF,2026-09-30 12:00:00,18,0,tcc,32.0,0.0,32.0
2026-10-01 15:00:00,강릉,ECMWF,2026-09-29 12:00:00,42,1,dswrf,720.0,686.11,33.89
2026-10-01 15:00:00,강릉,ECMWF,2026-09-29 12:00:00,42,1,t2m,20.6,21.3,-0.7
2026-10-01 15:00:00,강릉,ECMWF,2026-09-29 12:00:00,42,1,tcc,9.0,0.0,9.0
2026-10-01 15:00:00,강릉,ECMWF,2026-09-28 12:00:00,66,2,dswrf,722.0,686.11,35.89
2026-10-01 15:00:00,강릉,ECMWF,2026-09-28 12:00:00,66,2,t2m,21.7,21.3,0.4
2026-10-01 15:00:00,강릉,ECMWF,2026-09-28 12:00:00,66,2,tcc,29.0,0.0,29.0
2026-10-01 15:00:00,강릉,ECMWF,2026-09-28 00:00:00,78,3,dswrf,725.0,686.11,38.89
2026-10-01 15:00:00,강릉,ECMWF,2026-09-28 00:00:00,78,3,t2m,22.2,21.3,0.9
2026-10-01 15:00:00,강릉,ECMWF,2026-09-28 00:00:00,78,3,tcc,2.0,0.0,2.0
2026-10-01 15:00:00,강릉,ECMWF,2026-09-27 12:00:00,90,3,dswrf,721.0,686.11,34.89
2026-10-01 15:00:00,강릉,ECMWF,2026-09-27 12:00:00,90,3,t2m,21.7,21.3,0.4
2026-10-01 15:00:00,강릉,ECMWF,2026-09-27 12:00:00,90,3,tcc,40.0,0.0,40.0
2026-10-01 15:00:00,강릉,ECMWF,2026-09-26 12:00:00,114,4,dswrf,713.0,686.11,26.89
2026-10-01 15:00:00,강릉,ECMWF,2026-09-26 12:00:00,114,4,t2m,22.0,21.3,0.7
2026-10-01 15:00:00,강릉,ECMWF,2026-09-26 12:00:00,114,4,tcc,1.0,0.0,1.0
2026-10-01 15:00:00,강릉,ECMWF,2026-09-25 12:00:00,138,5,dswrf,711.0,686.11,24.89
2026-10-01 15:00:00,강릉,ECMWF,2026-09-25 12:00:00,138,5,t2m,21.7,21.3,0.4
2026-10-01 15:00:00,강릉,ECMWF,2026-09-25 12:00:00,138,5,tcc,3.0,0.0,3.0
2026-10-01 15:00:00,강릉,ECMWF,2026-09-24 12:00:00,162,6,dswrf,700.0,650.46,49.54
2026-10-01 15:00:00,강릉,ECMWF,2026-09-24 12:00:00,162,6,t2m,21.5,21.3,0.2
2026-10-01 15:00:00,강릉,ECMWF,2026-09-24 12:00:00,162,6,tcc,0.0,0.0,0.0
2026-10-01 15:00:00,강릉,ECMWF,2026-09-23 12:00:00,186,7,dswrf,706.0,650.46,55.54
2026-10-01 15:00:00,강릉,ECMWF,2026-09-23 12:00:00,186,7,t2m,21.0,21.3,-0.3
2026-10-01 15:00:00,강릉,ECMWF,2026-09-23 12:00:00,186,7,tcc,0.0,0.0,0.0
2026-10-01 15:00:00,강릉,ECMWF,2026-09-22 12:00:00,210,8,dswrf,696.0,650.46,45.54
2026-10-01 15:00:00,강릉,ECMWF,2026-09-22 12:00:00,210,8,t2m,20.3,21.3,-1.0
2026-10-01 15:00:00,강릉,ECMWF,2026-09-22 12:00:00,210,8,tcc,0.0,0.0,0.0
2026-10-01 15:00:00,강릉,ECMWF,2026-09-21 12:00:00,234,9,dswrf,680.0,650.46,29.54
2026-10-01 15:00:00,강릉,ECMWF,2026-09-21 12:00:00,234,9,t2m,18.8,21.3,-2.5
2026-10-01 15:00:00,강릉,ECMWF,2026-09-21 12:00:00,234,9,tcc,6.0,0.0,6.0
2026-10-01 15:00:00,강릉,GFS,2026-10-01 00:00:00,6,0,dswrf,697.0,686.11,10.89
2026-10-01 15:00:00,강릉,GFS,2026-10-01 00:00:00,6,0,t2m,19.9,21.3,-1.4
2026-10-01 15:00:00,강릉,GFS,2026-10-01 00:00:00,6,0,tcc,17.0,0.0,17.0
2026-10-01 15:00:00,강릉,GFS,2026-09-30 18:00:00,12,0,dswrf,695.0,686.11,8.89
2026-10-01 15:00:00,강릉,GFS,2026-09-30 18:00:00,12,0,t2m,19.8,21.3,-1.5
2026-10-01 15:00:00,강릉,GFS,2026-09-30 18:00:00,12,0,tcc,0.0,0.0,0.0
2026-10-01 15:00:00,강릉,GFS,2026-09-30 12:00:00,18,0,dswrf,705.0,686.11,18.89
2026-10-01 15:00:00,강릉,GFS,2026-09-30 12:00:00,18,0,t2m,20.2,21.3,-1.1
2026-10-01 15:00:00,강릉,GFS,2026-09-30 12:00:00,18,0,tcc,0.0,0.0,0.0
2026-10-01 15:00:00,강릉,GFS,2026-09-30 00:00:00,30,1,dswrf,710.0,686.11,23.89
2026-10-01 15:00:00,강릉,GFS,2026-09-30 00:00:00,30,1,t2m,21.3,21.3,0.0
2026-10-01 15:00:00,강릉,GFS,2026-09-30 00:00:00,30,1,tcc,38.0,0.0,38.0
2026-10-01 15:00:00,강릉,GFS,2026-09-29 18:00:00,36,1,dswrf,709.0,686.11,22.89
2026-10-01 15:00:00,강릉,GFS,2026-09-29 18:00:00,36,1,t2m,20.6,21.3,-0.7
2026-10-01 15:00:00,강릉,GFS,2026-09-29 18:00:00,36,1,tcc,9.0,0.0,9.0
2026-10-01 15:00:00,강릉,GFS,2026-09-29 12:00:00,42,1,dswrf,686.0,686.11,-0.11
2026-10-01 15:00:00,강릉,GFS,2026-09-29 12:00:00,42,1,t2m,21.0,21.3,-0.3
2026-10-01 15:00:00,강릉,GFS,2026-09-29 12:00:00,42,1,tcc,25.0,0.0,25.0
2026-10-01 15:00:00,강릉,GFS,2026-09-29 00:00:00,54,2,dswrf,706.0,686.11,19.89
2026-10-01 15:00:00,강릉,GFS,2026-09-29 00:00:00,54,2,t2m,22.0,21.3,0.7
2026-10-01 15:00:00,강릉,GFS,2026-09-29 00:00:00,54,2,tcc,0.0,0.0,0.0
2026-10-01 15:00:00,강릉,GFS,2026-09-28 18:00:00,60,2,dswrf,711.0,686.11,24.89
2026-10-01 15:00:00,강릉,GFS,2026-09-28 18:00:00,60,2,t2m,22.0,21.3,0.7
2026-10-01 15:00:00,강릉,GFS,2026-09-28 18:00:00,60,2,tcc,1.0,0.0,1.0
2026-10-01 15:00:00,강릉,GFS,2026-09-28 12:00:00,66,2,dswrf,711.0,686.11,24.89
2026-10-01 15:00:00,강릉,GFS,2026-09-28 12:00:00,66,2,t2m,22.0,21.3,0.7
2026-10-01 15:00:00,강릉,GFS,2026-09-28 12:00:00,66,2,tcc,0.0,0.0,0.0
2026-10-01 15:00:00,강릉,GFS,2026-09-28 00:00:00,78,3,dswrf,716.0,686.11,29.89
2026-10-01 15:00:00,강릉,GFS,2026-09-28 00:00:00,78,3,t2m,21.8,21.3,0.5
2026-10-01 15:00:00,강릉,GFS,2026-09-28 00:00:00,78,3,tcc,0.0,0.0,0.0
2026-10-01 15:00:00,강릉,GFS,2026-09-27 18:00:00,84,3,dswrf,713.0,686.11,26.89
2026-10-01 15:00:00,강릉,GFS,2026-09-27 18:00:00,84,3,t2m,21.7,21.3,0.4
2026-10-01 15:00:00,강릉,GFS,2026-09-27 18:00:00,84,3,tcc,0.0,0.0,0.0
2026-10-01 15:00:00,강릉,GFS,2026-09-27 12:00:00,90,3,dswrf,710.0,686.11,23.89
2026-10-01 15:00:00,강릉,GFS,2026-09-27 12:00:00,90,3,t2m,22.1,21.3,0.8
2026-10-01 15:00:00,강릉,GFS,2026-09-27 12:00:00,90,3,tcc,0.0,0.0,0.0
2026-10-01 15:00:00,강릉,GFS,2026-09-27 00:00:00,102,4,dswrf,708.0,686.11,21.89
2026-10-01 15:00:00,강릉,GFS,2026-09-27 00:00:00,102,4,t2m,21.7,21.3,0.4
2026-10-01 15:00:00,강릉,GFS,2026-09-27 00:00:00,102,4,tcc,0.0,0.0,0.0
2026-10-01 15:00:00,강릉,GFS,2026-09-26 18:00:00,108,4,dswrf,709.0,686.11,22.89
2026-10-01 15:00:00,강릉,GFS,2026-09-26 18:00:00,108,4,t2m,20.9,21.3,-0.4
2026-10-01 15:00:00,강릉,GFS,2026-09-26 18:00:00,108,4,tcc,0.0,0.0,0.0
2026-10-01 15:00:00,강릉,KIM,2026-10-01 00:00:00,6,0,dswrf,694.0,686.11,7.89
2026-10-01 15:00:00,강릉,KIM,2026-10-01 00:00:00,6,0,t2m,21.0,21.3,-0.3
2026-10-01 15:00:00,강릉,KIM,2026-10-01 00:00:00,6,0,tcc,0.0,0.0,0.0
2026-10-01 15:00:00,강릉,KIM,2026-09-30 12:00:00,18,0,dswrf,700.0,686.11,13.89
2026-10-01 15:00:00,강릉,KIM,2026-09-30 12:00:00,18,0,t2m,21.7,21.3,0.4
2026-10-01 15:00:00,강릉,KIM,2026-09-30 12:00:00,18,0,tcc,0.0,0.0,0.0
2026-10-01 15:00:00,강릉,KIM,2026-09-30 00:00:00,30,1,dswrf,703.0,686.11,16.89
2026-10-01 15:00:00,강릉,KIM,2026-09-30 00:00:00,30,1,t2m,21.4,21.3,0.1
2026-10-01 15:00:00,강릉,KIM,2026-09-30 00:00:00,30,1,tcc,0.0,0.0,0.0
2026-10-01 15:00:00,강릉,KIM,2026-09-29 12:00:00,42,1,dswrf,704.0,686.11,17.89
2026-10-01 15:00:00,강릉,KIM,2026-09-29 12:00:00,42,1,t2m,21.4,21.3,0.1
2026-10-01 15:00:00,강릉,KIM,2026-09-29 12:00:00,42,1,tcc,0.0,0.0,0.0
2026-10-01 15:00:00,강릉,KIM,2026-09-29 00:00:00,54,2,dswrf,707.0,686.11,20.89
2026-10-01 15:00:00,강릉,KIM,2026-09-29 00:00:00,54,2,t2m,21.1,21.3,-0.2
2026-10-01 15:00:00,강릉,KIM,2026-09-29 00:00:00,54,2,tcc,0.0,0.0,0.0
2026-10-01 15:00:00,강릉,KIM,2026-09-28 12:00:00,66,2,dswrf,706.0,686.11,19.89
2026-10-01 15:00:00,강릉,KIM,2026-09-28 12:00:00,66,2,t2m,20.8,21.3,-0.5
2026-10-01 15:00:00,강릉,KIM,2026-09-28 12:00:00,66,2,tcc,0.0,0.0,0.0
2026-10-01 15:00:00,강릉,KIM,2026-09-28 00:00:00,78,3,dswrf,701.0,686.11,14.89
2026-10-01 15:00:00,강릉,KIM,2026-09-28 00:00:00,78,3,t2m,19.6,21.3,-1.7
2026-10-01 15:00:00,강릉,KIM,2026-09-28 00:00:00,78,3,tcc,0.0,0.0,0.0
2026-10-01 15:00:00,강릉,KIM,2026-09-27 12:00:00,90,3,dswrf,700.0,686.11,13.89
2026-10-01 15:00:00,강릉,KIM,2026-09-27 12:00:00,90,3,t2m,20.2,21.3,-1.1
2026-10-01 15:00:00,강릉,KIM,2026-09-27 12:00:00,90,3,tcc,0.0,0.0,0.0
2026-10-01 15:00:00,강릉,KIM,2026-09-27 00:00:00,102,4,dswrf,704.0,686.11,17.89
2026-10-01 15:00:00,강릉,KIM,2026-09-27 00:00:00,102,4,t2m,20.6,21.3,-0.7
2026-10-01 15:00:00,강릉,KIM,2026-09-27 00:00:00,102,4,tcc,0.0,0.0,0.0
2026-10-01 15:00:00,강릉,KIM,2026-09-26 12:00:00,114,4,dswrf,702.0,686.11,15.89
2026-10-01 15:00:00,강릉,KIM,2026-09-26 12:00:00,114,4,t2m,20.1,21.3,-1.2
2026-10-01 15:00:00,강릉,KIM,2026-09-26 12:00:00,114,4,tcc,0.0,0.0,0.0
2026-10-01 15:00:00,광주,ECMWF,2026-09-30 12:00:00,18,0,dswrf,587.0,659.26,-72.26
2026-10-01 15:00:00,광주,ECMWF,2026-09-30 12:00:00,18,0,t2m,19.5,23.5,-4.0
2026-10-01 15:00:00,광주,ECMWF,2026-09-30 12:00:00,18,0,tcc,26.0,10.0,16.0
2026-10-01 15:00:00,광주,ECMWF,2026-09-29 12:00:00,42,1,dswrf,739.0,659.26,79.74
2026-10-01 15:00:00,광주,ECMWF,2026-09-29 12:00:00,42,1,t2m,20.6,23.5,-2.9
2026-10-01 15:00:00,광주,ECMWF,2026-09-29 12:00:00,42,1,tcc,11.0,10.0,1.0
2026-10-01 15:00:00,광주,ECMWF,2026-09-28 12:00:00,66,2,dswrf,744.0,659.26,84.74
2026-10-01 15:00:00,광주,ECMWF,2026-09-28 12:00:00,66,2,t2m,20.7,23.5,-2.8
2026-10-01 15:00:00,광주,ECMWF,2026-09-28 12:00:00,66,2,tcc,40.0,10.0,30.0
2026-10-01 15:00:00,광주,ECMWF,2026-09-28 00:00:00,78,3,dswrf,737.0,659.26,77.74
2026-10-01 15:00:00,광주,ECMWF,2026-09-28 00:00:00,78,3,t2m,20.0,23.5,-3.5
2026-10-01 15:00:00,광주,ECMWF,2026-09-28 00:00:00,78,3,tcc,48.0,10.0,38.0
2026-10-01 15:00:00,광주,ECMWF,2026-09-27 12:00:00,90,3,dswrf,760.0,659.26,100.74
2026-10-01 15:00:00,광주,ECMWF,2026-09-27 12:00:00,90,3,t2m,19.8,23.5,-3.7
2026-10-01 15:00:00,광주,ECMWF,2026-09-27 12:00:00,90,3,tcc,31.0,10.0,21.0
2026-10-01 15:00:00,광주,ECMWF,2026-09-26 12:00:00,114,4,dswrf,722.0,659.26,62.74
2026-10-01 15:00:00,광주,ECMWF,2026-09-26 12:00:00,114,4,t2m,20.7,23.5,-2.8
2026-10-01 15:00:00,광주,ECMWF,2026-09-26 12:00:00,114,4,tcc,51.0,10.0,41.0
2026-10-01 15:00:00,광주,ECMWF,2026-09-25 12:00:00,138,5,dswrf,721.0,659.26,61.74
2026-10-01 15:00:00,광주,ECMWF,2026-09-25 12:00:00,138,5,t2m,20.0,23.5,-3.5
2026-10-01 15:00:00,광주,ECMWF,2026-09-25 12:00:00,138,5,tcc,77.0,10.0,67.0
2026-10-01 15:00:00,광주,ECMWF,2026-09-24 12:00:00,162,6,dswrf,709.0,561.57,147.43
2026-10-01 15:00:00,광주,ECMWF,2026-09-24 12:00:00,162,6,t2m,20.9,23.5,-2.6
2026-10-01 15:00:00,광주,ECMWF,2026-09-24 12:00:00,162,6,tcc,75.0,10.0,65.0
2026-10-01 15:00:00,광주,ECMWF,2026-09-23 12:00:00,186,7,dswrf,723.0,561.57,161.43
2026-10-01 15:00:00,광주,ECMWF,2026-09-23 12:00:00,186,7,t2m,21.2,23.5,-2.3
2026-10-01 15:00:00,광주,ECMWF,2026-09-23 12:00:00,186,7,tcc,0.0,10.0,-10.0
2026-10-01 15:00:00,광주,ECMWF,2026-09-22 12:00:00,210,8,dswrf,723.0,561.57,161.43
2026-10-01 15:00:00,광주,ECMWF,2026-09-22 12:00:00,210,8,t2m,21.3,23.5,-2.2
2026-10-01 15:00:00,광주,ECMWF,2026-09-22 12:00:00,210,8,tcc,1.0,10.0,-9.0
2026-10-01 15:00:00,광주,ECMWF,2026-09-21 12:00:00,234,9,dswrf,245.0,561.57,-316.57
2026-10-01 15:00:00,광주,ECMWF,2026-09-21 12:00:00,234,9,t2m,20.0,23.5,-3.5
2026-10-01 15:00:00,광주,ECMWF,2026-09-21 12:00:00,234,9,tcc,100.0,10.0,90.0
2026-10-01 15:00:00,광주,GFS,2026-10-01 00:00:00,6,0,dswrf,532.0,659.26,-127.26
2026-10-01 15:00:00,광주,GFS,2026-10-01 00:00:00,6,0,t2m,18.6,23.5,-4.9
2026-10-01 15:00:00,광주,GFS,2026-10-01 00:00:00,6,0,tcc,22.0,10.0,12.0
2026-10-01 15:00:00,광주,GFS,2026-09-30 18:00:00,12,0,dswrf,558.0,659.26,-101.26
2026-10-01 15:00:00,광주,GFS,2026-09-30 18:00:00,12,0,t2m,19.1,23.5,-4.4
2026-10-01 15:00:00,광주,GFS,2026-09-30 18:00:00,12,0,tcc,21.0,10.0,11.0
2026-10-01 15:00:00,광주,GFS,2026-09-30 12:00:00,18,0,dswrf,559.0,659.26,-100.26
2026-10-01 15:00:00,광주,GFS,2026-09-30 12:00:00,18,0,t2m,19.8,23.5,-3.7
2026-10-01 15:00:00,광주,GFS,2026-09-30 12:00:00,18,0,tcc,6.0,10.0,-4.0
2026-10-01 15:00:00,광주,GFS,2026-09-30 00:00:00,30,1,dswrf,721.0,659.26,61.74
2026-10-01 15:00:00,광주,GFS,2026-09-30 00:00:00,30,1,t2m,20.1,23.5,-3.4
2026-10-01 15:00:00,광주,GFS,2026-09-30 00:00:00,30,1,tcc,11.0,10.0,1.0
2026-10-01 15:00:00,광주,GFS,2026-09-29 18:00:00,36,1,dswrf,731.0,659.26,71.74
2026-10-01 15:00:00,광주,GFS,2026-09-29 18:00:00,36,1,t2m,19.8,23.5,-3.7
2026-10-01 15:00:00,광주,GFS,2026-09-29 18:00:00,36,1,tcc,21.0,10.0,11.0
2026-10-01 15:00:00,광주,GFS,2026-09-29 12:00:00,42,1,dswrf,728.0,659.26,68.74
2026-10-01 15:00:00,광주,GFS,2026-09-29 12:00:00,42,1,t2m,19.8,23.5,-3.7
2026-10-01 15:00:00,광주,GFS,2026-09-29 12:00:00,42,1,tcc,64.0,10.0,54.0
2026-10-01 15:00:00,광주,GFS,2026-09-29 00:00:00,54,2,dswrf,709.0,659.26,49.74
2026-10-01 15:00:00,광주,GFS,2026-09-29 00:00:00,54,2,t2m,20.3,23.5,-3.2
2026-10-01 15:00:00,광주,GFS,2026-09-29 00:00:00,54,2,tcc,59.0,10.0,49.0
2026-10-01 15:00:00,광주,GFS,2026-09-28 18:00:00,60,2,dswrf,706.0,659.26,46.74
2026-10-01 15:00:00,광주,GFS,2026-09-28 18:00:00,60,2,t2m,20.2,23.5,-3.3
2026-10-01 15:00:00,광주,GFS,2026-09-28 18:00:00,60,2,tcc,78.0,10.0,68.0
2026-10-01 15:00:00,광주,GFS,2026-09-28 12:00:00,66,2,dswrf,740.0,659.26,80.74
2026-10-01 15:00:00,광주,GFS,2026-09-28 12:00:00,66,2,t2m,20.5,23.5,-3.0
2026-10-01 15:00:00,광주,GFS,2026-09-28 12:00:00,66,2,tcc,19.0,10.0,9.0
2026-10-01 15:00:00,광주,GFS,2026-09-28 00:00:00,78,3,dswrf,747.0,659.26,87.74
2026-10-01 15:00:00,광주,GFS,2026-09-28 00:00:00,78,3,t2m,19.9,23.5,-3.6
2026-10-01 15:00:00,광주,GFS,2026-09-28 00:00:00,78,3,tcc,3.0,10.0,-7.0
2026-10-01 15:00:00,광주,GFS,2026-09-27 18:00:00,84,3,dswrf,746.0,659.26,86.74
2026-10-01 15:00:00,광주,GFS,2026-09-27 18:00:00,84,3,t2m,19.8,23.5,-3.7
2026-10-01 15:00:00,광주,GFS,2026-09-27 18:00:00,84,3,tcc,0.0,10.0,-10.0
2026-10-01 15:00:00,광주,GFS,2026-09-27 12:00:00,90,3,dswrf,740.0,659.26,80.74
2026-10-01 15:00:00,광주,GFS,2026-09-27 12:00:00,90,3,t2m,20.3,23.5,-3.2
2026-10-01 15:00:00,광주,GFS,2026-09-27 12:00:00,90,3,tcc,3.0,10.0,-7.0
2026-10-01 15:00:00,광주,GFS,2026-09-27 00:00:00,102,4,dswrf,736.0,659.26,76.74
2026-10-01 15:00:00,광주,GFS,2026-09-27 00:00:00,102,4,t2m,20.0,23.5,-3.5
2026-10-01 15:00:00,광주,GFS,2026-09-27 00:00:00,102,4,tcc,4.0,10.0,-6.0
2026-10-01 15:00:00,광주,GFS,2026-09-26 18:00:00,108,4,dswrf,737.0,659.26,77.74
2026-10-01 15:00:00,광주,GFS,2026-09-26 18:00:00,108,4,t2m,20.1,23.5,-3.4
2026-10-01 15:00:00,광주,GFS,2026-09-26 18:00:00,108,4,tcc,24.0,10.0,14.0
2026-10-01 15:00:00,광주,KIM,2026-10-01 00:00:00,6,0,dswrf,714.0,659.26,54.74
2026-10-01 15:00:00,광주,KIM,2026-10-01 00:00:00,6,0,t2m,21.6,23.5,-1.9
2026-10-01 15:00:00,광주,KIM,2026-10-01 00:00:00,6,0,tcc,7.0,10.0,-3.0
2026-10-01 15:00:00,광주,KIM,2026-09-30 12:00:00,18,0,dswrf,708.0,659.26,48.74
2026-10-01 15:00:00,광주,KIM,2026-09-30 12:00:00,18,0,t2m,20.2,23.5,-3.3
2026-10-01 15:00:00,광주,KIM,2026-09-30 12:00:00,18,0,tcc,1.0,10.0,-9.0
2026-10-01 15:00:00,광주,KIM,2026-09-30 00:00:00,30,1,dswrf,287.0,659.26,-372.26
2026-10-01 15:00:00,광주,KIM,2026-09-30 00:00:00,30,1,t2m,19.2,23.5,-4.3
2026-10-01 15:00:00,광주,KIM,2026-09-30 00:00:00,30,1,tcc,3.0,10.0,-7.0
2026-10-01 15:00:00,광주,KIM,2026-09-29 12:00:00,42,1,dswrf,727.0,659.26,67.74
2026-10-01 15:00:00,광주,KIM,2026-09-29 12:00:00,42,1,t2m,20.2,23.5,-3.3
2026-10-01 15:00:00,광주,KIM,2026-09-29 12:00:00,42,1,tcc,2.0,10.0,-8.0
2026-10-01 15:00:00,광주,KIM,2026-09-29 00:00:00,54,2,dswrf,698.0,659.26,38.74
2026-10-01 15:00:00,광주,KIM,2026-09-29 00:00:00,54,2,t2m,20.2,23.5,-3.3
2026-10-01 15:00:00,광주,KIM,2026-09-29 00:00:00,54,2,tcc,5.0,10.0,-5.0
2026-10-01 15:00:00,광주,KIM,2026-09-28 12:00:00,66,2,dswrf,731.0,659.26,71.74
2026-10-01 15:00:00,광주,KIM,2026-09-28 12:00:00,66,2,t2m,20.1,23.5,-3.4
2026-10-01 15:00:00,광주,KIM,2026-09-28 12:00:00,66,2,tcc,5.0,10.0,-5.0
2026-10-01 15:00:00,광주,KIM,2026-09-28 00:00:00,78,3,dswrf,733.0,659.26,73.74
2026-10-01 15:00:00,광주,KIM,2026-09-28 00:00:00,78,3,t2m,20.1,23.5,-3.4
2026-10-01 15:00:00,광주,KIM,2026-09-28 00:00:00,78,3,tcc,10.0,10.0,0.0
2026-10-01 15:00:00,광주,KIM,2026-09-27 12:00:00,90,3,dswrf,710.0,659.26,50.74
2026-10-01 15:00:00,광주,KIM,2026-09-27 12:00:00,90,3,t2m,21.1,23.5,-2.4
2026-10-01 15:00:00,광주,KIM,2026-09-27 12:00:00,90,3,tcc,0.0,10.0,-10.0
2026-10-01 15:00:00,광주,KIM,2026-09-27 00:00:00,102,4,dswrf,741.0,659.26,81.74
2026-10-01 15:00:00,광주,KIM,2026-09-27 00:00:00,102,4,t2m,20.5,23.5,-3.0
2026-10-01 15:00:00,광주,KIM,2026-09-27 00:00:00,102,4,tcc,10.0,10.0,0.0
2026-10-01 15:00:00,광주,KIM,2026-09-26 12:00:00,114,4,dswrf,715.0,659.26,55.74
2026-10-01 15:00:00,광주,KIM,2026-09-26 12:00:00,114,4,t2m,20.6,23.5,-2.9
2026-10-01 15:00:00,광주,KIM,2026-09-26 12:00:00,114,4,tcc,21.0,10.0,11.0
2026-10-01 15:00:00,대구,ECMWF,2026-09-30 12:00:00,18,0,dswrf,683.0,605.56,77.44
2026-10-01 15:00:00,대구,ECMWF,2026-09-30 12:00:00,18,0,t2m,21.0,23.9,-2.9
2026-10-01 15:00:00,대구,ECMWF,2026-09-30 12:00:00,18,0,tcc,3.0,30.0,-27.0
2026-10-01 15:00:00,대구,ECMWF,2026-09-29 12:00:00,42,1,dswrf,593.0,605.56,-12.56
2026-10-01 15:00:00,대구,ECMWF,2026-09-29 12:00:00,42,1,t2m,20.0,23.9,-3.9
2026-10-01 15:00:00,대구,ECMWF,2026-09-29 12:00:00,42,1,tcc,5.0,30.0,-25.0
2026-10-01 15:00:00,대구,ECMWF,2026-09-28 12:00:00,66,2,dswrf,736.0,605.56,130.44
2026-10-01 15:00:00,대구,ECMWF,2026-09-28 12:00:00,66,2,t2m,20.8,23.9,-3.1
2026-10-01 15:00:00,대구,ECMWF,2026-09-28 12:00:00,66,2,tcc,9.0,30.0,-21.0
2026-10-01 15:00:00,대구,ECMWF,2026-09-28 00:00:00,78,3,dswrf,747.0,605.56,141.44
2026-10-01 15:00:00,대구,ECMWF,2026-09-28 00:00:00,78,3,t2m,20.2,23.9,-3.7
2026-10-01 15:00:00,대구,ECMWF,2026-09-28 00:00:00,78,3,tcc,23.0,30.0,-7.0
2026-10-01 15:00:00,대구,ECMWF,2026-09-27 12:00:00,90,3,dswrf,753.0,605.56,147.44
2026-10-01 15:00:00,대구,ECMWF,2026-09-27 12:00:00,90,3,t2m,19.9,23.9,-4.0
2026-10-01 15:00:00,대구,ECMWF,2026-09-27 12:00:00,90,3,tcc,6.0,30.0,-24.0
2026-10-01 15:00:00,대구,ECMWF,2026-09-26 12:00:00,114,4,dswrf,745.0,605.56,139.44
2026-10-01 15:00:00,대구,ECMWF,2026-09-26 12:00:00,114,4,t2m,20.0,23.9,-3.9
2026-10-01 15:00:00,대구,ECMWF,2026-09-26 12:00:00,114,4,tcc,7.0,30.0,-23.0
2026-10-01 15:00:00,대구,ECMWF,2026-09-25 12:00:00,138,5,dswrf,727.0,605.56,121.44
2026-10-01 15:00:00,대구,ECMWF,2026-09-25 12:00:00,138,5,t2m,19.8,23.9,-4.1
2026-10-01 15:00:00,대구,ECMWF,2026-09-25 12:00:00,138,5,tcc,64.0,30.0,34.0
2026-10-01 15:00:00,대구,ECMWF,2026-09-24 12:00:00,162,6,dswrf,726.0,516.67,209.33
2026-10-01 15:00:00,대구,ECMWF,2026-09-24 12:00:00,162,6,t2m,21.4,23.9,-2.5
2026-10-01 15:00:00,대구,ECMWF,2026-09-24 12:00:00,162,6,tcc,30.0,30.0,0.0
2026-10-01 15:00:00,대구,ECMWF,2026-09-23 12:00:00,186,7,dswrf,736.0,516.67,219.33
2026-10-01 15:00:00,대구,ECMWF,2026-09-23 12:00:00,186,7,t2m,21.1,23.9,-2.8
2026-10-01 15:00:00,대구,ECMWF,2026-09-23 12:00:00,186,7,tcc,0.0,30.0,-30.0
2026-10-01 15:00:00,대구,ECMWF,2026-09-22 12:00:00,210,8,dswrf,729.0,516.67,212.33
2026-10-01 15:00:00,대구,ECMWF,2026-09-22 12:00:00,210,8,t2m,21.3,23.9,-2.6
2026-10-01 15:00:00,대구,ECMWF,2026-09-22 12:00:00,210,8,tcc,0.0,30.0,-30.0
2026-10-01 15:00:00,대구,ECMWF,2026-09-21 12:00:00,234,9,dswrf,556.0,516.67,39.33
2026-10-01 15:00:00,대구,ECMWF,2026-09-21 12:00:00,234,9,t2m,20.7,23.9,-3.2
2026-10-01 15:00:00,대구,ECMWF,2026-09-21 12:00:00,234,9,tcc,86.0,30.0,56.0
2026-10-01 15:00:00,대구,GFS,2026-10-01 00:00:00,6,0,dswrf,232.0,605.56,-373.56
2026-10-01 15:00:00,대구,GFS,2026-10-01 00:00:00,6,0,t2m,17.6,23.9,-6.3
2026-10-01 15:00:00,대구,GFS,2026-10-01 00:00:00,6,0,tcc,16.0,30.0,-14.0
2026-10-01 15:00:00,대구,GFS,2026-09-30 18:00:00,12,0,dswrf,263.0,605.56,-342.56
2026-10-01 15:00:00,대구,GFS,2026-09-30 18:00:00,12,0,t2m,18.7,23.9,-5.2
2026-10-01 15:00:00,대구,GFS,2026-09-30 18:00:00,12,0,tcc,15.0,30.0,-15.0
2026-10-01 15:00:00,대구,GFS,2026-09-30 12:00:00,18,0,dswrf,327.0,605.56,-278.56
2026-10-01 15:00:00,대구,GFS,2026-09-30 12:00:00,18,0,t2m,20.7,23.9,-3.2
2026-10-01 15:00:00,대구,GFS,2026-09-30 12:00:00,18,0,tcc,3.0,30.0,-27.0
2026-10-01 15:00:00,대구,GFS,2026-09-30 00:00:00,30,1,dswrf,705.0,605.56,99.44
2026-10-01 15:00:00,대구,GFS,2026-09-30 00:00:00,30,1,t2m,20.2,23.9,-3.7
2026-10-01 15:00:00,대구,GFS,2026-09-30 00:00:00,30,1,tcc,5.0,30.0,-25.0
2026-10-01 15:00:00,대구,GFS,2026-09-29 18:00:00,36,1,dswrf,718.0,605.56,112.44
2026-10-01 15:00:00,대구,GFS,2026-09-29 18:00:00,36,1,t2m,19.9,23.9,-4.0
2026-10-01 15:00:00,대구,GFS,2026-09-29 18:00:00,36,1,tcc,17.0,30.0,-13.0
2026-10-01 15:00:00,대구,GFS,2026-09-29 12:00:00,42,1,dswrf,710.0,605.56,104.44
2026-10-01 15:00:00,대구,GFS,2026-09-29 12:00:00,42,1,t2m,19.9,23.9,-4.0
2026-10-01 15:00:00,대구,GFS,2026-09-29 12:00:00,42,1,tcc,18.0,30.0,-12.0
2026-10-01 15:00:00,대구,GFS,2026-09-29 00:00:00,54,2,dswrf,697.0,605.56,91.44
2026-10-01 15:00:00,대구,GFS,2026-09-29 00:00:00,54,2,t2m,20.3,23.9,-3.6
2026-10-01 15:00:00,대구,GFS,2026-09-29 00:00:00,54,2,tcc,26.0,30.0,-4.0
2026-10-01 15:00:00,대구,GFS,2026-09-28 18:00:00,60,2,dswrf,677.0,605.56,71.44
2026-10-01 15:00:00,대구,GFS,2026-09-28 18:00:00,60,2,t2m,20.2,23.9,-3.7
2026-10-01 15:00:00,대구,GFS,2026-09-28 18:00:00,60,2,tcc,24.0,30.0,-6.0
2026-10-01 15:00:00,대구,GFS,2026-09-28 12:00:00,66,2,dswrf,732.0,605.56,126.44
2026-10-01 15:00:00,대구,GFS,2026-09-28 12:00:00,66,2,t2m,20.1,23.9,-3.8
2026-10-01 15:00:00,대구,GFS,2026-09-28 12:00:00,66,2,tcc,0.0,30.0,-30.0
2026-10-01 15:00:00,대구,GFS,2026-09-28 00:00:00,78,3,dswrf,739.0,605.56,133.44
2026-10-01 15:00:00,대구,GFS,2026-09-28 00:00:00,78,3,t2m,19.8,23.9,-4.1
2026-10-01 15:00:00,대구,GFS,2026-09-28 00:00:00,78,3,tcc,0.0,30.0,-30.0
2026-10-01 15:00:00,대구,GFS,2026-09-27 18:00:00,84,3,dswrf,738.0,605.56,132.44
2026-10-01 15:00:00,대구,GFS,2026-09-27 18:00:00,84,3,t2m,19.7,23.9,-4.2
2026-10-01 15:00:00,대구,GFS,2026-09-27 18:00:00,84,3,tcc,0.0,30.0,-30.0
2026-10-01 15:00:00,대구,GFS,2026-09-27 12:00:00,90,3,dswrf,733.0,605.56,127.44
2026-10-01 15:00:00,대구,GFS,2026-09-27 12:00:00,90,3,t2m,20.0,23.9,-3.9
2026-10-01 15:00:00,대구,GFS,2026-09-27 12:00:00,90,3,tcc,0.0,30.0,-30.0
2026-10-01 15:00:00,대구,GFS,2026-09-27 00:00:00,102,4,dswrf,734.0,605.56,128.44
2026-10-01 15:00:00,대구,GFS,2026-09-27 00:00:00,102,4,t2m,19.8,23.9,-4.1
2026-10-01 15:00:00,대구,GFS,2026-09-27 00:00:00,102,4,tcc,0.0,30.0,-30.0
2026-10-01 15:00:00,대구,GFS,2026-09-26 18:00:00,108,4,dswrf,733.0,605.56,127.44
2026-10-01 15:00:00,대구,GFS,2026-09-26 18:00:00,108,4,t2m,19.9,23.9,-4.0
2026-10-01 15:00:00,대구,GFS,2026-09-26 18:00:00,108,4,tcc,2.0,30.0,-28.0
2026-10-01 15:00:00,대구,KIM,2026-10-01 00:00:00,6,0,dswrf,656.0,605.56,50.44
2026-10-01 15:00:00,대구,KIM,2026-10-01 00:00:00,6,0,t2m,21.2,23.9,-2.7
2026-10-01 15:00:00,대구,KIM,2026-10-01 00:00:00,6,0,tcc,0.0,30.0,-30.0
2026-10-01 15:00:00,대구,KIM,2026-09-30 12:00:00,18,0,dswrf,723.0,605.56,117.44
2026-10-01 15:00:00,대구,KIM,2026-09-30 12:00:00,18,0,t2m,20.0,23.9,-3.9
2026-10-01 15:00:00,대구,KIM,2026-09-30 12:00:00,18,0,tcc,0.0,30.0,-30.0
2026-10-01 15:00:00,대구,KIM,2026-09-30 00:00:00,30,1,dswrf,670.0,605.56,64.44
2026-10-01 15:00:00,대구,KIM,2026-09-30 00:00:00,30,1,t2m,20.2,23.9,-3.7
2026-10-01 15:00:00,대구,KIM,2026-09-30 00:00:00,30,1,tcc,13.0,30.0,-17.0
2026-10-01 15:00:00,대구,KIM,2026-09-29 12:00:00,42,1,dswrf,735.0,605.56,129.44
2026-10-01 15:00:00,대구,KIM,2026-09-29 12:00:00,42,1,t2m,19.7,23.9,-4.2
2026-10-01 15:00:00,대구,KIM,2026-09-29 12:00:00,42,1,tcc,2.0,30.0,-28.0
2026-10-01 15:00:00,대구,KIM,2026-09-29 00:00:00,54,2,dswrf,753.0,605.56,147.44
2026-10-01 15:00:00,대구,KIM,2026-09-29 00:00:00,54,2,t2m,19.6,23.9,-4.3
2026-10-01 15:00:00,대구,KIM,2026-09-29 00:00:00,54,2,tcc,23.0,30.0,-7.0
2026-10-01 15:00:00,대구,KIM,2026-09-28 12:00:00,66,2,dswrf,756.0,605.56,150.44
2026-10-01 15:00:00,대구,KIM,2026-09-28 12:00:00,66,2,t2m,19.4,23.9,-4.5
2026-10-01 15:00:00,대구,KIM,2026-09-28 12:00:00,66,2,tcc,3.0,30.0,-27.0
2026-10-01 15:00:00,대구,KIM,2026-09-28 00:00:00,78,3,dswrf,752.0,605.56,146.44
2026-10-01 15:00:00,대구,KIM,2026-09-28 00:00:00,78,3,t2m,19.1,23.9,-4.8
2026-10-01 15:00:00,대구,KIM,2026-09-28 00:00:00,78,3,tcc,0.0,30.0,-30.0
2026-10-01 15:00:00,대구,KIM,2026-09-27 12:00:00,90,3,dswrf,738.0,605.56,132.44
2026-10-01 15:00:00,대구,KIM,2026-09-27 12:00:00,90,3,t2m,19.5,23.9,-4.4
2026-10-01 15:00:00,대구,KIM,2026-09-27 12:00:00,90,3,tcc,0.0,30.0,-30.0
2026-10-01 15:00:00,대구,KIM,2026-09-27 00:00:00,102,4,dswrf,758.0,605.56,152.44
2026-10-01 15:00:00,대구,KIM,2026-09-27 00:00:00,102,4,t2m,19.4,23.9,-4.5
2026-10-01 15:00:00,대구,KIM,2026-09-27 00:00:00,102,4,tcc,0.0,30.0,-30.0
2026-10-01 15:00:00,대구,KIM,2026-09-26 12:00:00,114,4,dswrf,750.0,605.56,144.44
2026-10-01 15:00:00,대구,KIM,2026-09-26 12:00:00,114,4,t2m,19.1,23.9,-4.8
2026-10-01 15:00:00,대구,KIM,2026-09-26 12:00:00,114,4,tcc,0.0,30.0,-30.0
2026-10-01 15:00:00,대전,ECMWF,2026-09-30 12:00:00,18,0,dswrf,662.0,737.04,-75.04
2026-10-01 15:00:00,대전,ECMWF,2026-09-30 12:00:00,18,0,t2m,20.5,22.6,-2.1
2026-10-01 15:00:00,대전,ECMWF,2026-09-30 12:00:00,18,0,tcc,7.0,0.0,7.0
2026-10-01 15:00:00,대전,ECMWF,2026-09-29 12:00:00,42,1,dswrf,731.0,737.04,-6.04
2026-10-01 15:00:00,대전,ECMWF,2026-09-29 12:00:00,42,1,t2m,20.1,22.6,-2.5
2026-10-01 15:00:00,대전,ECMWF,2026-09-29 12:00:00,42,1,tcc,43.0,0.0,43.0
2026-10-01 15:00:00,대전,ECMWF,2026-09-28 12:00:00,66,2,dswrf,738.0,737.04,0.96
2026-10-01 15:00:00,대전,ECMWF,2026-09-28 12:00:00,66,2,t2m,20.1,22.6,-2.5
2026-10-01 15:00:00,대전,ECMWF,2026-09-28 12:00:00,66,2,tcc,20.0,0.0,20.0
2026-10-01 15:00:00,대전,ECMWF,2026-09-28 00:00:00,78,3,dswrf,737.0,737.04,-0.04
2026-10-01 15:00:00,대전,ECMWF,2026-09-28 00:00:00,78,3,t2m,19.7,22.6,-2.9
2026-10-01 15:00:00,대전,ECMWF,2026-09-28 00:00:00,78,3,tcc,60.0,0.0,60.0
2026-10-01 15:00:00,대전,ECMWF,2026-09-27 12:00:00,90,3,dswrf,741.0,737.04,3.96
2026-10-01 15:00:00,대전,ECMWF,2026-09-27 12:00:00,90,3,t2m,19.8,22.6,-2.8
2026-10-01 15:00:00,대전,ECMWF,2026-09-27 12:00:00,90,3,tcc,32.0,0.0,32.0
2026-10-01 15:00:00,대전,ECMWF,2026-09-26 12:00:00,114,4,dswrf,716.0,737.04,-21.04
2026-10-01 15:00:00,대전,ECMWF,2026-09-26 12:00:00,114,4,t2m,20.1,22.6,-2.5
2026-10-01 15:00:00,대전,ECMWF,2026-09-26 12:00:00,114,4,tcc,7.0,0.0,7.0
2026-10-01 15:00:00,대전,ECMWF,2026-09-25 12:00:00,138,5,dswrf,711.0,737.04,-26.04
2026-10-01 15:00:00,대전,ECMWF,2026-09-25 12:00:00,138,5,t2m,20.2,22.6,-2.4
2026-10-01 15:00:00,대전,ECMWF,2026-09-25 12:00:00,138,5,tcc,13.0,0.0,13.0
2026-10-01 15:00:00,대전,ECMWF,2026-09-24 12:00:00,162,6,dswrf,704.0,567.59,136.41
2026-10-01 15:00:00,대전,ECMWF,2026-09-24 12:00:00,162,6,t2m,20.8,22.6,-1.8
2026-10-01 15:00:00,대전,ECMWF,2026-09-24 12:00:00,162,6,tcc,1.0,0.0,1.0
2026-10-01 15:00:00,대전,ECMWF,2026-09-23 12:00:00,186,7,dswrf,706.0,567.59,138.41
2026-10-01 15:00:00,대전,ECMWF,2026-09-23 12:00:00,186,7,t2m,20.0,22.6,-2.6
2026-10-01 15:00:00,대전,ECMWF,2026-09-23 12:00:00,186,7,tcc,0.0,0.0,0.0
2026-10-01 15:00:00,대전,ECMWF,2026-09-22 12:00:00,210,8,dswrf,705.0,567.59,137.41
2026-10-01 15:00:00,대전,ECMWF,2026-09-22 12:00:00,210,8,t2m,20.8,22.6,-1.8
2026-10-01 15:00:00,대전,ECMWF,2026-09-22 12:00:00,210,8,tcc,0.0,0.0,0.0
2026-10-01 15:00:00,대전,ECMWF,2026-09-21 12:00:00,234,9,dswrf,548.0,567.59,-19.59
2026-10-01 15:00:00,대전,ECMWF,2026-09-21 12:00:00,234,9,t2m,20.7,22.6,-1.9
2026-10-01 15:00:00,대전,ECMWF,2026-09-21 12:00:00,234,9,tcc,56.0,0.0,56.0
2026-10-01 15:00:00,대전,GFS,2026-10-01 00:00:00,6,0,dswrf,716.0,737.04,-21.04
2026-10-01 15:00:00,대전,GFS,2026-10-01 00:00:00,6,0,t2m,20.3,22.6,-2.3
2026-10-01 15:00:00,대전,GFS,2026-10-01 00:00:00,6,0,tcc,2.0,0.0,2.0
2026-10-01 15:00:00,대전,GFS,2026-09-30 18:00:00,12,0,dswrf,723.0,737.04,-14.04
2026-10-01 15:00:00,대전,GFS,2026-09-30 18:00:00,12,0,t2m,20.1,22.6,-2.5
2026-10-01 15:00:00,대전,GFS,2026-09-30 18:00:00,12,0,tcc,3.0,0.0,3.0
2026-10-01 15:00:00,대전,GFS,2026-09-30 12:00:00,18,0,dswrf,731.0,737.04,-6.04
2026-10-01 15:00:00,대전,GFS,2026-09-30 12:00:00,18,0,t2m,20.3,22.6,-2.3
2026-10-01 15:00:00,대전,GFS,2026-09-30 12:00:00,18,0,tcc,2.0,0.0,2.0
2026-10-01 15:00:00,대전,GFS,2026-09-30 00:00:00,30,1,dswrf,702.0,737.04,-35.04
2026-10-01 15:00:00,대전,GFS,2026-09-30 00:00:00,30,1,t2m,20.5,22.6,-2.1
2026-10-01 15:00:00,대전,GFS,2026-09-30 00:00:00,30,1,tcc,41.0,0.0,41.0
2026-10-01 15:00:00,대전,GFS,2026-09-29 18:00:00,36,1,dswrf,726.0,737.04,-11.04
2026-10-01 15:00:00,대전,GFS,2026-09-29 18:00:00,36,1,t2m,20.5,22.6,-2.1
2026-10-01 15:00:00,대전,GFS,2026-09-29 18:00:00,36,1,tcc,21.0,0.0,21.0
2026-10-01 15:00:00,대전,GFS,2026-09-29 12:00:00,42,1,dswrf,715.0,737.04,-22.04
2026-10-01 15:00:00,대전,GFS,2026-09-29 12:00:00,42,1,t2m,20.4,22.6,-2.2
2026-10-01 15:00:00,대전,GFS,2026-09-29 12:00:00,42,1,tcc,42.0,0.0,42.0
2026-10-01 15:00:00,대전,GFS,2026-09-29 00:00:00,54,2,dswrf,722.0,737.04,-15.04
2026-10-01 15:00:00,대전,GFS,2026-09-29 00:00:00,54,2,t2m,20.7,22.6,-1.9
2026-10-01 15:00:00,대전,GFS,2026-09-29 00:00:00,54,2,tcc,61.0,0.0,61.0
2026-10-01 15:00:00,대전,GFS,2026-09-28 18:00:00,60,2,dswrf,729.0,737.04,-8.04
2026-10-01 15:00:00,대전,GFS,2026-09-28 18:00:00,60,2,t2m,21.0,22.6,-1.6
2026-10-01 15:00:00,대전,GFS,2026-09-28 18:00:00,60,2,tcc,16.0,0.0,16.0
2026-10-01 15:00:00,대전,GFS,2026-09-28 12:00:00,66,2,dswrf,730.0,737.04,-7.04
2026-10-01 15:00:00,대전,GFS,2026-09-28 12:00:00,66,2,t2m,21.4,22.6,-1.2
2026-10-01 15:00:00,대전,GFS,2026-09-28 12:00:00,66,2,tcc,1.0,0.0,1.0
2026-10-01 15:00:00,대전,GFS,2026-09-28 00:00:00,78,3,dswrf,725.0,737.04,-12.04
2026-10-01 15:00:00,대전,GFS,2026-09-28 00:00:00,78,3,t2m,21.2,22.6,-1.4
2026-10-01 15:00:00,대전,GFS,2026-09-28 00:00:00,78,3,tcc,2.0,0.0,2.0
2026-10-01 15:00:00,대전,GFS,2026-09-27 18:00:00,84,3,dswrf,725.0,737.04,-12.04
2026-10-01 15:00:00,대전,GFS,2026-09-27 18:00:00,84,3,t2m,20.9,22.6,-1.7
2026-10-01 15:00:00,대전,GFS,2026-09-27 18:00:00,84,3,tcc,0.0,0.0,0.0
2026-10-01 15:00:00,대전,GFS,2026-09-27 12:00:00,90,3,dswrf,721.0,737.04,-16.04
2026-10-01 15:00:00,대전,GFS,2026-09-27 12:00:00,90,3,t2m,21.0,22.6,-1.6
2026-10-01 15:00:00,대전,GFS,2026-09-27 12:00:00,90,3,tcc,0.0,0.0,0.0
2026-10-01 15:00:00,대전,GFS,2026-09-27 00:00:00,102,4,dswrf,720.0,737.04,-17.04
2026-10-01 15:00:00,대전,GFS,2026-09-27 00:00:00,102,4,t2m,20.7,22.6,-1.9
2026-10-01 15:00:00,대전,GFS,2026-09-27 00:00:00,102,4,tcc,0.0,0.0,0.0
2026-10-01 15:00:00,대전,GFS,2026-09-26 18:00:00,108,4,dswrf,717.0,737.04,-20.04
2026-10-01 15:00:00,대전,GFS,2026-09-26 18:00:00,108,4,t2m,20.9,22.6,-1.7
2026-10-01 15:00:00,대전,GFS,2026-09-26 18:00:00,108,4,tcc,1.0,0.0,1.0
2026-10-01 15:00:00,대전,KIM,2026-10-01 00:00:00,6,0,dswrf,718.0,737.04,-19.04
2026-10-01 15:00:00,대전,KIM,2026-10-01 00:00:00,6,0,t2m,19.9,22.6,-2.7
2026-10-01 15:00:00,대전,KIM,2026-10-01 00:00:00,6,0,tcc,0.0,0.0,0.0
2026-10-01 15:00:00,대전,KIM,2026-09-30 12:00:00,18,0,dswrf,722.0,737.04,-15.04
2026-10-01 15:00:00,대전,KIM,2026-09-30 12:00:00,18,0,t2m,19.4,22.6,-3.2
2026-10-01 15:00:00,대전,KIM,2026-09-30 12:00:00,18,0,tcc,1.0,0.0,1.0
2026-10-01 15:00:00,대전,KIM,2026-09-30 00:00:00,30,1,dswrf,721.0,737.04,-16.04
2026-10-01 15:00:00,대전,KIM,2026-09-30 00:00:00,30,1,t2m,19.4,22.6,-3.2
2026-10-01 15:00:00,대전,KIM,2026-09-30 00:00:00,30,1,tcc,0.0,0.0,0.0
2026-10-01 15:00:00,대전,KIM,2026-09-29 12:00:00,42,1,dswrf,733.0,737.04,-4.04
2026-10-01 15:00:00,대전,KIM,2026-09-29 12:00:00,42,1,t2m,19.1,22.6,-3.5
2026-10-01 15:00:00,대전,KIM,2026-09-29 12:00:00,42,1,tcc,1.0,0.0,1.0
2026-10-01 15:00:00,대전,KIM,2026-09-29 00:00:00,54,2,dswrf,735.0,737.04,-2.04
2026-10-01 15:00:00,대전,KIM,2026-09-29 00:00:00,54,2,t2m,19.1,22.6,-3.5
2026-10-01 15:00:00,대전,KIM,2026-09-29 00:00:00,54,2,tcc,1.0,0.0,1.0
2026-10-01 15:00:00,대전,KIM,2026-09-28 12:00:00,66,2,dswrf,734.0,737.04,-3.04
2026-10-01 15:00:00,대전,KIM,2026-09-28 12:00:00,66,2,t2m,19.0,22.6,-3.6
2026-10-01 15:00:00,대전,KIM,2026-09-28 12:00:00,66,2,tcc,1.0,0.0,1.0
2026-10-01 15:00:00,대전,KIM,2026-09-28 00:00:00,78,3,dswrf,736.0,737.04,-1.04
2026-10-01 15:00:00,대전,KIM,2026-09-28 00:00:00,78,3,t2m,18.7,22.6,-3.9
2026-10-01 15:00:00,대전,KIM,2026-09-28 00:00:00,78,3,tcc,0.0,0.0,0.0
2026-10-01 15:00:00,대전,KIM,2026-09-27 12:00:00,90,3,dswrf,716.0,737.04,-21.04
2026-10-01 15:00:00,대전,KIM,2026-09-27 12:00:00,90,3,t2m,19.5,22.6,-3.1
2026-10-01 15:00:00,대전,KIM,2026-09-27 12:00:00,90,3,tcc,0.0,0.0,0.0
2026-10-01 15:00:00,대전,KIM,2026-09-27 00:00:00,102,4,dswrf,726.0,737.04,-11.04
2026-10-01 15:00:00,대전,KIM,2026-09-27 00:00:00,102,4,t2m,19.7,22.6,-2.9
2026-10-01 15:00:00,대전,KIM,2026-09-27 00:00:00,102,4,tcc,0.0,0.0,0.0
2026-10-01 15:00:00,대전,KIM,2026-09-26 12:00:00,114,4,dswrf,717.0,737.04,-20.04
2026-10-01 15:00:00,대전,KIM,2026-09-26 12:00:00,114,4,t2m,19.8,22.6,-2.8
2026-10-01 15:00:00,대전,KIM,2026-09-26 12:00:00,114,4,tcc,15.0,0.0,15.0
2026-10-01 15:00:00,부산,ECMWF,2026-09-30 12:00:00,18,0,dswrf,646.0,343.52,302.48
2026-10-01 15:00:00,부산,ECMWF,2026-09-30 12:00:00,18,0,t2m,24.4,23.4,1.0
2026-10-01 15:00:00,부산,ECMWF,2026-09-30 12:00:00,18,0,tcc,20.0,80.0,-60.0
2026-10-01 15:00:00,부산,ECMWF,2026-09-29 12:00:00,42,1,dswrf,719.0,343.52,375.48
2026-10-01 15:00:00,부산,ECMWF,2026-09-29 12:00:00,42,1,t2m,22.9,23.4,-0.5
2026-10-01 15:00:00,부산,ECMWF,2026-09-29 12:00:00,42,1,tcc,1.0,80.0,-79.0
2026-10-01 15:00:00,부산,ECMWF,2026-09-28 12:00:00,66,2,dswrf,721.0,343.52,377.48
2026-10-01 15:00:00,부산,ECMWF,2026-09-28 12:00:00,66,2,t2m,23.7,23.4,0.3
2026-10-01 15:00:00,부산,ECMWF,2026-09-28 12:00:00,66,2,tcc,21.0,80.0,-59.0
2026-10-01 15:00:00,부산,ECMWF,2026-09-28 00:00:00,78,3,dswrf,731.0,343.52,387.48
2026-10-01 15:00:00,부산,ECMWF,2026-09-28 00:00:00,78,3,t2m,23.1,23.4,-0.3
2026-10-01 15:00:00,부산,ECMWF,2026-09-28 00:00:00,78,3,tcc,33.0,80.0,-47.0
2026-10-01 15:00:00,부산,ECMWF,2026-09-27 12:00:00,90,3,dswrf,735.0,343.52,391.48
2026-10-01 15:00:00,부산,ECMWF,2026-09-27 12:00:00,90,3,t2m,22.8,23.4,-0.6
2026-10-01 15:00:00,부산,ECMWF,2026-09-27 12:00:00,90,3,tcc,1.0,80.0,-79.0
2026-10-01 15:00:00,부산,ECMWF,2026-09-26 12:00:00,114,4,dswrf,740.0,343.52,396.48
2026-10-01 15:00:00,부산,ECMWF,2026-09-26 12:00:00,114,4,t2m,22.1,23.4,-1.3
2026-10-01 15:00:00,부산,ECMWF,2026-09-26 12:00:00,114,4,tcc,6.0,80.0,-74.0
2026-10-01 15:00:00,부산,ECMWF,2026-09-25 12:00:00,138,5,dswrf,742.0,343.52,398.48
2026-10-01 15:00:00,부산,ECMWF,2026-09-25 12:00:00,138,5,t2m,22.4,23.4,-1.0
2026-10-01 15:00:00,부산,ECMWF,2026-09-25 12:00:00,138,5,tcc,4.0,80.0,-76.0
2026-10-01 15:00:00,부산,ECMWF,2026-09-24 12:00:00,162,6,dswrf,722.0,315.28,406.72
2026-10-01 15:00:00,부산,ECMWF,2026-09-24 12:00:00,162,6,t2m,23.0,23.4,-0.4
2026-10-01 15:00:00,부산,ECMWF,2026-09-24 12:00:00,162,6,tcc,9.0,80.0,-71.0
2026-10-01 15:00:00,부산,ECMWF,2026-09-23 12:00:00,186,7,dswrf,734.0,315.28,418.72
2026-10-01 15:00:00,부산,ECMWF,2026-09-23 12:00:00,186,7,t2m,22.7,23.4,-0.7
2026-10-01 15:00:00,부산,ECMWF,2026-09-23 12:00:00,186,7,tcc,0.0,80.0,-80.0
2026-10-01 15:00:00,부산,ECMWF,2026-09-22 12:00:00,210,8,dswrf,707.0,315.28,391.72
2026-10-01 15:00:00,부산,ECMWF,2026-09-22 12:00:00,210,8,t2m,20.7,23.4,-2.7
2026-10-01 15:00:00,부산,ECMWF,2026-09-22 12:00:00,210,8,tcc,57.0,80.0,-23.0
2026-10-01 15:00:00,부산,ECMWF,2026-09-21 12:00:00,234,9,dswrf,318.0,315.28,2.72
2026-10-01 15:00:00,부산,ECMWF,2026-09-21 12:00:00,234,9,t2m,21.3,23.4,-2.1
2026-10-01 15:00:00,부산,ECMWF,2026-09-21 12:00:00,234,9,tcc,93.0,80.0,13.0
2026-10-01 15:00:00,부산,GFS,2026-10-01 00:00:00,6,0,dswrf,504.0,343.52,160.48
2026-10-01 15:00:00,부산,GFS,2026-10-01 00:00:00,6,0,t2m,22.9,23.4,-0.5
2026-10-01 15:00:00,부산,GFS,2026-10-01 00:00:00,6,0,tcc,47.0,80.0,-33.0
2026-10-01 15:00:00,부산,GFS,2026-09-30 18:00:00,12,0,dswrf,412.0,343.52,68.48
2026-10-01 15:00:00,부산,GFS,2026-09-30 18:00:00,12,0,t2m,23.8,23.4,0.4
2026-10-01 15:00:00,부산,GFS,2026-09-30 18:00:00,12,0,tcc,31.0,80.0,-49.0
2026-10-01 15:00:00,부산,GFS,2026-09-30 12:00:00,18,0,dswrf,566.0,343.52,222.48
2026-10-01 15:00:00,부산,GFS,2026-09-30 12:00:00,18,0,t2m,24.4,23.4,1.0
2026-10-01 15:00:00,부산,GFS,2026-09-30 12:00:00,18,0,tcc,32.0,80.0,-48.0
2026-10-01 15:00:00,부산,GFS,2026-09-30 00:00:00,30,1,dswrf,714.0,343.52,370.48
2026-10-01 15:00:00,부산,GFS,2026-09-30 00:00:00,30,1,t2m,23.6,23.4,0.2
2026-10-01 15:00:00,부산,GFS,2026-09-30 00:00:00,30,1,tcc,15.0,80.0,-65.0
2026-10-01 15:00:00,부산,GFS,2026-09-29 18:00:00,36,1,dswrf,716.0,343.52,372.48
2026-10-01 15:00:00,부산,GFS,2026-09-29 18:00:00,36,1,t2m,23.8,23.4,0.4
2026-10-01 15:00:00,부산,GFS,2026-09-29 18:00:00,36,1,tcc,15.0,80.0,-65.0
2026-10-01 15:00:00,부산,GFS,2026-09-29 12:00:00,42,1,dswrf,714.0,343.52,370.48
2026-10-01 15:00:00,부산,GFS,2026-09-29 12:00:00,42,1,t2m,23.8,23.4,0.4
2026-10-01 15:00:00,부산,GFS,2026-09-29 12:00:00,42,1,tcc,15.0,80.0,-65.0
2026-10-01 15:00:00,부산,GFS,2026-09-29 00:00:00,54,2,dswrf,456.0,343.52,112.48
2026-10-01 15:00:00,부산,GFS,2026-09-29 00:00:00,54,2,t2m,22.4,23.4,-1.0
2026-10-01 15:00:00,부산,GFS,2026-09-29 00:00:00,54,2,tcc,64.0,80.0,-16.0
2026-10-01 15:00:00,부산,GFS,2026-09-28 18:00:00,60,2,dswrf,693.0,343.52,349.48
2026-10-01 15:00:00,부산,GFS,2026-09-28 18:00:00,60,2,t2m,22.6,23.4,-0.8
2026-10-01 15:00:00,부산,GFS,2026-09-28 18:00:00,60,2,tcc,40.0,80.0,-40.0
2026-10-01 15:00:00,부산,GFS,2026-09-28 12:00:00,66,2,dswrf,718.0,343.52,374.48
2026-10-01 15:00:00,부산,GFS,2026-09-28 12:00:00,66,2,t2m,23.4,23.4,0.0
2026-10-01 15:00:00,부산,GFS,2026-09-28 12:00:00,66,2,tcc,11.0,80.0,-69.0
2026-10-01 15:00:00,부산,GFS,2026-09-28 00:00:00,78,3,dswrf,735.0,343.52,391.48
2026-10-01 15:00:00,부산,GFS,2026-09-28 00:00:00,78,3,t2m,22.6,23.4,-0.8
2026-10-01 15:00:00,부산,GFS,2026-09-28 00:00:00,78,3,tcc,19.0,80.0,-61.0
2026-10-01 15:00:00,부산,GFS,2026-09-27 18:00:00,84,3,dswrf,749.0,343.52,405.48
2026-10-01 15:00:00,부산,GFS,2026-09-27 18:00:00,84,3,t2m,22.4,23.4,-1.0
2026-10-01 15:00:00,부산,GFS,2026-09-27 18:00:00,84,3,tcc,0.0,80.0,-80.0
2026-10-01 15:00:00,부산,GFS,2026-09-27 12:00:00,90,3,dswrf,741.0,343.52,397.48
2026-10-01 15:00:00,부산,GFS,2026-09-27 12:00:00,90,3,t2m,23.0,23.4,-0.4
2026-10-01 15:00:00,부산,GFS,2026-09-27 12:00:00,90,3,tcc,10.0,80.0,-70.0
2026-10-01 15:00:00,부산,GFS,2026-09-27 00:00:00,102,4,dswrf,737.0,343.52,393.48
2026-10-01 15:00:00,부산,GFS,2026-09-27 00:00:00,102,4,t2m,22.5,23.4,-0.9
2026-10-01 15:00:00,부산,GFS,2026-09-27 00:00:00,102,4,tcc,1.0,80.0,-79.0
2026-10-01 15:00:00,부산,GFS,2026-09-26 18:00:00,108,4,dswrf,734.0,343.52,390.48
2026-10-01 15:00:00,부산,GFS,2026-09-26 18:00:00,108,4,t2m,23.3,23.4,-0.1
2026-10-01 15:00:00,부산,GFS,2026-09-26 18:00:00,108,4,tcc,4.0,80.0,-76.0
2026-10-01 15:00:00,부산,KIM,2026-10-01 00:00:00,6,0,dswrf,363.0,343.52,19.48
2026-10-01 15:00:00,부산,KIM,2026-10-01 00:00:00,6,0,t2m,24.8,23.4,1.4
2026-10-01 15:00:00,부산,KIM,2026-10-01 00:00:00,6,0,tcc,0.0,80.0,-80.0
2026-10-01 15:00:00,부산,KIM,2026-09-30 12:00:00,18,0,dswrf,707.0,343.52,363.48
2026-10-01 15:00:00,부산,KIM,2026-09-30 12:00:00,18,0,t2m,24.6,23.4,1.2
2026-10-01 15:00:00,부산,KIM,2026-09-30 12:00:00,18,0,tcc,0.0,80.0,-80.0
2026-10-01 15:00:00,부산,KIM,2026-09-30 00:00:00,30,1,dswrf,707.0,343.52,363.48
2026-10-01 15:00:00,부산,KIM,2026-09-30 00:00:00,30,1,t2m,24.6,23.4,1.2
2026-10-01 15:00:00,부산,KIM,2026-09-30 00:00:00,30,1,tcc,5.0,80.0,-75.0
2026-10-01 15:00:00,부산,KIM,2026-09-29 12:00:00,42,1,dswrf,709.0,343.52,365.48
2026-10-01 15:00:00,부산,KIM,2026-09-29 12:00:00,42,1,t2m,23.7,23.4,0.3
2026-10-01 15:00:00,부산,KIM,2026-09-29 12:00:00,42,1,tcc,7.0,80.0,-73.0
2026-10-01 15:00:00,부산,KIM,2026-09-29 00:00:00,54,2,dswrf,720.0,343.52,376.48
2026-10-01 15:00:00,부산,KIM,2026-09-29 00:00:00,54,2,t2m,23.6,23.4,0.2
2026-10-01 15:00:00,부산,KIM,2026-09-29 00:00:00,54,2,tcc,2.0,80.0,-78.0
2026-10-01 15:00:00,부산,KIM,2026-09-28 12:00:00,66,2,dswrf,721.0,343.52,377.48
2026-10-01 15:00:00,부산,KIM,2026-09-28 12:00:00,66,2,t2m,23.7,23.4,0.3
2026-10-01 15:00:00,부산,KIM,2026-09-28 12:00:00,66,2,tcc,9.0,80.0,-71.0
2026-10-01 15:00:00,부산,KIM,2026-09-28 00:00:00,78,3,dswrf,717.0,343.52,373.48
2026-10-01 15:00:00,부산,KIM,2026-09-28 00:00:00,78,3,t2m,23.0,23.4,-0.4
2026-10-01 15:00:00,부산,KIM,2026-09-28 00:00:00,78,3,tcc,0.0,80.0,-80.0
2026-10-01 15:00:00,부산,KIM,2026-09-27 12:00:00,90,3,dswrf,716.0,343.52,372.48
2026-10-01 15:00:00,부산,KIM,2026-09-27 12:00:00,90,3,t2m,23.6,23.4,0.2
2026-10-01 15:00:00,부산,KIM,2026-09-27 12:00:00,90,3,tcc,0.0,80.0,-80.0
2026-10-01 15:00:00,부산,KIM,2026-09-27 00:00:00,102,4,dswrf,713.0,343.52,369.48
2026-10-01 15:00:00,부산,KIM,2026-09-27 00:00:00,102,4,t2m,23.8,23.4,0.4
2026-10-01 15:00:00,부산,KIM,2026-09-27 00:00:00,102,4,tcc,0.0,80.0,-80.0
2026-10-01 15:00:00,부산,KIM,2026-09-26 12:00:00,114,4,dswrf,730.0,343.52,386.48
2026-10-01 15:00:00,부산,KIM,2026-09-26 12:00:00,114,4,t2m,22.8,23.4,-0.6
2026-10-01 15:00:00,부산,KIM,2026-09-26 12:00:00,114,4,tcc,0.0,80.0,-80.0
2026-10-01 15:00:00,서울,ECMWF,2026-09-30 12:00:00,18,0,dswrf,718.0,765.74,-47.74
2026-10-01 15:00:00,서울,ECMWF,2026-09-30 12:00:00,18,0,t2m,21.3,21.8,-0.5
2026-10-01 15:00:00,서울,ECMWF,2026-09-30 12:00:00,18,0,tcc,39.0,0.0,39.0
2026-10-01 15:00:00,서울,ECMWF,2026-09-29 12:00:00,42,1,dswrf,728.0,765.74,-37.74
2026-10-01 15:00:00,서울,ECMWF,2026-09-29 12:00:00,42,1,t2m,20.9,21.8,-0.9
2026-10-01 15:00:00,서울,ECMWF,2026-09-29 12:00:00,42,1,tcc,30.0,0.0,30.0
2026-10-01 15:00:00,서울,ECMWF,2026-09-28 12:00:00,66,2,dswrf,723.0,765.74,-42.74
2026-10-01 15:00:00,서울,ECMWF,2026-09-28 12:00:00,66,2,t2m,20.5,21.8,-1.3
2026-10-01 15:00:00,서울,ECMWF,2026-09-28 12:00:00,66,2,tcc,75.0,0.0,75.0
2026-10-01 15:00:00,서울,ECMWF,2026-09-28 00:00:00,78,3,dswrf,724.0,765.74,-41.74
2026-10-01 15:00:00,서울,ECMWF,2026-09-28 00:00:00,78,3,t2m,20.3,21.8,-1.5
2026-10-01 15:00:00,서울,ECMWF,2026-09-28 00:00:00,78,3,tcc,25.0,0.0,25.0
2026-10-01 15:00:00,서울,ECMWF,2026-09-27 12:00:00,90,3,dswrf,628.0,765.74,-137.74
2026-10-01 15:00:00,서울,ECMWF,2026-09-27 12:00:00,90,3,t2m,20.6,21.8,-1.2
2026-10-01 15:00:00,서울,ECMWF,2026-09-27 12:00:00,90,3,tcc,51.0,0.0,51.0
2026-10-01 15:00:00,서울,ECMWF,2026-09-26 12:00:00,114,4,dswrf,703.0,765.74,-62.74
2026-10-01 15:00:00,서울,ECMWF,2026-09-26 12:00:00,114,4,t2m,20.7,21.8,-1.1
2026-10-01 15:00:00,서울,ECMWF,2026-09-26 12:00:00,114,4,tcc,11.0,0.0,11.0
2026-10-01 15:00:00,서울,ECMWF,2026-09-25 12:00:00,138,5,dswrf,713.0,765.74,-52.74
2026-10-01 15:00:00,서울,ECMWF,2026-09-25 12:00:00,138,5,t2m,20.4,21.8,-1.4
2026-10-01 15:00:00,서울,ECMWF,2026-09-25 12:00:00,138,5,tcc,2.0,0.0,2.0
2026-10-01 15:00:00,서울,ECMWF,2026-09-24 12:00:00,162,6,dswrf,689.0,730.09,-41.09
2026-10-01 15:00:00,서울,ECMWF,2026-09-24 12:00:00,162,6,t2m,19.9,21.8,-1.9
2026-10-01 15:00:00,서울,ECMWF,2026-09-24 12:00:00,162,6,tcc,0.0,0.0,0.0
2026-10-01 15:00:00,서울,ECMWF,2026-09-23 12:00:00,186,7,dswrf,695.0,730.09,-35.09
2026-10-01 15:00:00,서울,ECMWF,2026-09-23 12:00:00,186,7,t2m,20.1,21.8,-1.7
2026-10-01 15:00:00,서울,ECMWF,2026-09-23 12:00:00,186,7,tcc,0.0,0.0,0.0
2026-10-01 15:00:00,서울,ECMWF,2026-09-22 12:00:00,210,8,dswrf,689.0,730.09,-41.09
2026-10-01 15:00:00,서울,ECMWF,2026-09-22 12:00:00,210,8,t2m,20.4,21.8,-1.4
2026-10-01 15:00:00,서울,ECMWF,2026-09-22 12:00:00,210,8,tcc,0.0,0.0,0.0
2026-10-01 15:00:00,서울,ECMWF,2026-09-21 12:00:00,234,9,dswrf,684.0,730.09,-46.09
2026-10-01 15:00:00,서울,ECMWF,2026-09-21 12:00:00,234,9,t2m,20.8,21.8,-1.0
2026-10-01 15:00:00,서울,ECMWF,2026-09-21 12:00:00,234,9,tcc,0.0,0.0,0.0
2026-10-01 15:00:00,서울,GFS,2026-10-01 00:00:00,6,0,dswrf,734.0,765.74,-31.74
2026-10-01 15:00:00,서울,GFS,2026-10-01 00:00:00,6,0,t2m,21.7,21.8,-0.1
2026-10-01 15:00:00,서울,GFS,2026-10-01 00:00:00,6,0,tcc,3.0,0.0,3.0
2026-10-01 15:00:00,서울,GFS,2026-09-30 18:00:00,12,0,dswrf,736.0,765.74,-29.74
2026-10-01 15:00:00,서울,GFS,2026-09-30 18:00:00,12,0,t2m,21.6,21.8,-0.2
2026-10-01 15:00:00,서울,GFS,2026-09-30 18:00:00,12,0,tcc,1.0,0.0,1.0
2026-10-01 15:00:00,서울,GFS,2026-09-30 12:00:00,18,0,dswrf,734.0,765.74,-31.74
2026-10-01 15:00:00,서울,GFS,2026-09-30 12:00:00,18,0,t2m,21.7,21.8,-0.1
2026-10-01 15:00:00,서울,GFS,2026-09-30 12:00:00,18,0,tcc,1.0,0.0,1.0
2026-10-01 15:00:00,서울,GFS,2026-09-30 00:00:00,30,1,dswrf,722.0,765.74,-43.74
2026-10-01 15:00:00,서울,GFS,2026-09-30 00:00:00,30,1,t2m,21.9,21.8,0.1
2026-10-01 15:00:00,서울,GFS,2026-09-30 00:00:00,30,1,tcc,24.0,0.0,24.0
2026-10-01 15:00:00,서울,GFS,2026-09-29 18:00:00,36,1,dswrf,722.0,765.74,-43.74
2026-10-01 15:00:00,서울,GFS,2026-09-29 18:00:00,36,1,t2m,21.6,21.8,-0.2
2026-10-01 15:00:00,서울,GFS,2026-09-29 18:00:00,36,1,tcc,5.0,0.0,5.0
2026-10-01 15:00:00,서울,GFS,2026-09-29 12:00:00,42,1,dswrf,706.0,765.74,-59.74
2026-10-01 15:00:00,서울,GFS,2026-09-29 12:00:00,42,1,t2m,21.7,21.8,-0.1
2026-10-01 15:00:00,서울,GFS,2026-09-29 12:00:00,42,1,tcc,16.0,0.0,16.0
2026-10-01 15:00:00,서울,GFS,2026-09-29 00:00:00,54,2,dswrf,720.0,765.74,-45.74
2026-10-01 15:00:00,서울,GFS,2026-09-29 00:00:00,54,2,t2m,22.1,21.8,0.3
2026-10-01 15:00:00,서울,GFS,2026-09-29 00:00:00,54,2,tcc,4.0,0.0,4.0
2026-10-01 15:00:00,서울,GFS,2026-09-28 18:00:00,60,2,dswrf,720.0,765.74,-45.74
2026-10-01 15:00:00,서울,GFS,2026-09-28 18:00:00,60,2,t2m,22.4,21.8,0.6
2026-10-01 15:00:00,서울,GFS,2026-09-28 18:00:00,60,2,tcc,2.0,0.0,2.0
2026-10-01 15:00:00,서울,GFS,2026-09-28 12:00:00,66,2,dswrf,719.0,765.74,-46.74
2026-10-01 15:00:00,서울,GFS,2026-09-28 12:00:00,66,2,t2m,22.4,21.8,0.6
2026-10-01 15:00:00,서울,GFS,2026-09-28 12:00:00,66,2,tcc,1.0,0.0,1.0
2026-10-01 15:00:00,서울,GFS,2026-09-28 00:00:00,78,3,dswrf,723.0,765.74,-42.74
2026-10-01 15:00:00,서울,GFS,2026-09-28 00:00:00,78,3,t2m,21.9,21.8,0.1
2026-10-01 15:00:00,서울,GFS,2026-09-28 00:00:00,78,3,tcc,0.0,0.0,0.0
2026-10-01 15:00:00,서울,GFS,2026-09-27 18:00:00,84,3,dswrf,719.0,765.74,-46.74
2026-10-01 15:00:00,서울,GFS,2026-09-27 18:00:00,84,3,t2m,21.6,21.8,-0.2
2026-10-01 15:00:00,서울,GFS,2026-09-27 18:00:00,84,3,tcc,0.0,0.0,0.0
2026-10-01 15:00:00,서울,GFS,2026-09-27 12:00:00,90,3,dswrf,719.0,765.74,-46.74
2026-10-01 15:00:00,서울,GFS,2026-09-27 12:00:00,90,3,t2m,21.8,21.8,0.0
2026-10-01 15:00:00,서울,GFS,2026-09-27 12:00:00,90,3,tcc,0.0,0.0,0.0
2026-10-01 15:00:00,서울,GFS,2026-09-27 00:00:00,102,4,dswrf,717.0,765.74,-48.74
2026-10-01 15:00:00,서울,GFS,2026-09-27 00:00:00,102,4,t2m,21.7,21.8,-0.1
2026-10-01 15:00:00,서울,GFS,2026-09-27 00:00:00,102,4,tcc,0.0,0.0,0.0
2026-10-01 15:00:00,서울,GFS,2026-09-26 18:00:00,108,4,dswrf,717.0,765.74,-48.74
2026-10-01 15:00:00,서울,GFS,2026-09-26 18:00:00,108,4,t2m,22.1,21.8,0.3
2026-10-01 15:00:00,서울,GFS,2026-09-26 18:00:00,108,4,tcc,0.0,0.0,0.0
2026-10-01 15:00:00,서울,KIM,2026-10-01 00:00:00,6,0,dswrf,720.0,765.74,-45.74
2026-10-01 15:00:00,서울,KIM,2026-10-01 00:00:00,6,0,t2m,20.1,21.8,-1.7
2026-10-01 15:00:00,서울,KIM,2026-10-01 00:00:00,6,0,tcc,0.0,0.0,0.0
2026-10-01 15:00:00,서울,KIM,2026-09-30 12:00:00,18,0,dswrf,716.0,765.74,-49.74
2026-10-01 15:00:00,서울,KIM,2026-09-30 12:00:00,18,0,t2m,20.0,21.8,-1.8
2026-10-01 15:00:00,서울,KIM,2026-09-30 12:00:00,18,0,tcc,0.0,0.0,0.0
2026-10-01 15:00:00,서울,KIM,2026-09-30 00:00:00,30,1,dswrf,717.0,765.74,-48.74
2026-10-01 15:00:00,서울,KIM,2026-09-30 00:00:00,30,1,t2m,19.6,21.8,-2.2
2026-10-01 15:00:00,서울,KIM,2026-09-30 00:00:00,30,1,tcc,0.0,0.0,0.0
2026-10-01 15:00:00,서울,KIM,2026-09-29 12:00:00,42,1,dswrf,716.0,765.74,-49.74
2026-10-01 15:00:00,서울,KIM,2026-09-29 12:00:00,42,1,t2m,19.6,21.8,-2.2
2026-10-01 15:00:00,서울,KIM,2026-09-29 12:00:00,42,1,tcc,0.0,0.0,0.0
2026-10-01 15:00:00,서울,KIM,2026-09-29 00:00:00,54,2,dswrf,716.0,765.74,-49.74
2026-10-01 15:00:00,서울,KIM,2026-09-29 00:00:00,54,2,t2m,19.7,21.8,-2.1
2026-10-01 15:00:00,서울,KIM,2026-09-29 00:00:00,54,2,tcc,0.0,0.0,0.0
2026-10-01 15:00:00,서울,KIM,2026-09-28 12:00:00,66,2,dswrf,713.0,765.74,-52.74
2026-10-01 15:00:00,서울,KIM,2026-09-28 12:00:00,66,2,t2m,19.6,21.8,-2.2
2026-10-01 15:00:00,서울,KIM,2026-09-28 12:00:00,66,2,tcc,0.0,0.0,0.0
2026-10-01 15:00:00,서울,KIM,2026-09-28 00:00:00,78,3,dswrf,720.0,765.74,-45.74
2026-10-01 15:00:00,서울,KIM,2026-09-28 00:00:00,78,3,t2m,19.3,21.8,-2.5
2026-10-01 15:00:00,서울,KIM,2026-09-28 00:00:00,78,3,tcc,0.0,0.0,0.0
2026-10-01 15:00:00,서울,KIM,2026-09-27 12:00:00,90,3,dswrf,707.0,765.74,-58.74
2026-10-01 15:00:00,서울,KIM,2026-09-27 12:00:00,90,3,t2m,19.5,21.8,-2.3
2026-10-01 15:00:00,서울,KIM,2026-09-27 12:00:00,90,3,tcc,21.0,0.0,21.0
2026-10-01 15:00:00,서울,KIM,2026-09-27 00:00:00,102,4,dswrf,707.0,765.74,-58.74
2026-10-01 15:00:00,서울,KIM,2026-09-27 00:00:00,102,4,t2m,19.8,21.8,-2.0
2026-10-01 15:00:00,서울,KIM,2026-09-27 00:00:00,102,4,tcc,12.0,0.0,12.0
2026-10-01 15:00:00,서울,KIM,2026-09-26 12:00:00,114,4,dswrf,673.0,765.74,-92.74
2026-10-01 15:00:00,서울,KIM,2026-09-26 12:00:00,114,4,t2m,20.2,21.8,-1.6
2026-10-01 15:00:00,서울,KIM,2026-09-26 12:00:00,114,4,tcc,51.0,0.0,51.0
2026-10-01 15:00:00,수원,ECMWF,2026-09-30 12:00:00,18,0,dswrf,728.0,745.37,-17.37
2026-10-01 15:00:00,수원,ECMWF,2026-09-30 12:00:00,18,0,t2m,21.0,22.2,-1.2
2026-10-01 15:00:00,수원,ECMWF,2026-09-30 12:00:00,18,0,tcc,56.0,0.0,56.0
2026-10-01 15:00:00,수원,ECMWF,2026-09-29 12:00:00,42,1,dswrf,731.0,745.37,-14.37
2026-10-01 15:00:00,수원,ECMWF,2026-09-29 12:00:00,42,1,t2m,20.5,22.2,-1.7
2026-10-01 15:00:00,수원,ECMWF,2026-09-29 12:00:00,42,1,tcc,30.0,0.0,30.0
2026-10-01 15:00:00,수원,ECMWF,2026-09-28 12:00:00,66,2,dswrf,731.0,745.37,-14.37
2026-10-01 15:00:00,수원,ECMWF,2026-09-28 12:00:00,66,2,t2m,20.1,22.2,-2.1
2026-10-01 15:00:00,수원,ECMWF,2026-09-28 12:00:00,66,2,tcc,64.0,0.0,64.0
2026-10-01 15:00:00,수원,ECMWF,2026-09-28 00:00:00,78,3,dswrf,730.0,745.37,-15.37
2026-10-01 15:00:00,수원,ECMWF,2026-09-28 00:00:00,78,3,t2m,20.0,22.2,-2.2
2026-10-01 15:00:00,수원,ECMWF,2026-09-28 00:00:00,78,3,tcc,22.0,0.0,22.0
2026-10-01 15:00:00,수원,ECMWF,2026-09-27 12:00:00,90,3,dswrf,700.0,745.37,-45.37
2026-10-01 15:00:00,수원,ECMWF,2026-09-27 12:00:00,90,3,t2m,20.1,22.2,-2.1
2026-10-01 15:00:00,수원,ECMWF,2026-09-27 12:00:00,90,3,tcc,68.0,0.0,68.0
2026-10-01 15:00:00,수원,ECMWF,2026-09-26 12:00:00,114,4,dswrf,715.0,745.37,-30.37
2026-10-01 15:00:00,수원,ECMWF,2026-09-26 12:00:00,114,4,t2m,20.0,22.2,-2.2
2026-10-01 15:00:00,수원,ECMWF,2026-09-26 12:00:00,114,4,tcc,8.0,0.0,8.0
2026-10-01 15:00:00,수원,ECMWF,2026-09-25 12:00:00,138,5,dswrf,716.0,745.37,-29.37
2026-10-01 15:00:00,수원,ECMWF,2026-09-25 12:00:00,138,5,t2m,20.3,22.2,-1.9
2026-10-01 15:00:00,수원,ECMWF,2026-09-25 12:00:00,138,5,tcc,10.0,0.0,10.0
2026-10-01 15:00:00,수원,ECMWF,2026-09-24 12:00:00,162,6,dswrf,692.0,674.54,17.46
2026-10-01 15:00:00,수원,ECMWF,2026-09-24 12:00:00,162,6,t2m,20.6,22.2,-1.6
2026-10-01 15:00:00,수원,ECMWF,2026-09-24 12:00:00,162,6,tcc,0.0,0.0,0.0
2026-10-01 15:00:00,수원,ECMWF,2026-09-23 12:00:00,186,7,dswrf,698.0,674.54,23.46
2026-10-01 15:00:00,수원,ECMWF,2026-09-23 12:00:00,186,7,t2m,20.3,22.2,-1.9
2026-10-01 15:00:00,수원,ECMWF,2026-09-23 12:00:00,186,7,tcc,0.0,0.0,0.0
2026-10-01 15:00:00,수원,ECMWF,2026-09-22 12:00:00,210,8,dswrf,692.0,674.54,17.46
2026-10-01 15:00:00,수원,ECMWF,2026-09-22 12:00:00,210,8,t2m,20.7,22.2,-1.5
2026-10-01 15:00:00,수원,ECMWF,2026-09-22 12:00:00,210,8,tcc,0.0,0.0,0.0
2026-10-01 15:00:00,수원,ECMWF,2026-09-21 12:00:00,234,9,dswrf,683.0,674.54,8.46
2026-10-01 15:00:00,수원,ECMWF,2026-09-21 12:00:00,234,9,t2m,20.4,22.2,-1.8
2026-10-01 15:00:00,수원,ECMWF,2026-09-21 12:00:00,234,9,tcc,0.0,0.0,0.0
2026-10-01 15:00:00,수원,GFS,2026-10-01 00:00:00,6,0,dswrf,733.0,745.37,-12.37
2026-10-01 15:00:00,수원,GFS,2026-10-01 00:00:00,6,0,t2m,21.3,22.2,-0.9
2026-10-01 15:00:00,수원,GFS,2026-10-01 00:00:00,6,0,tcc,2.0,0.0,2.0
2026-10-01 15:00:00,수원,GFS,2026-09-30 18:00:00,12,0,dswrf,735.0,745.37,-10.37
2026-10-01 15:00:00,수원,GFS,2026-09-30 18:00:00,12,0,t2m,21.5,22.2,-0.7
2026-10-01 15:00:00,수원,GFS,2026-09-30 18:00:00,12,0,tcc,2.0,0.0,2.0
2026-10-01 15:00:00,수원,GFS,2026-09-30 12:00:00,18,0,dswrf,732.0,745.37,-13.37
2026-10-01 15:00:00,수원,GFS,2026-09-30 12:00:00,18,0,t2m,21.1,22.2,-1.1
2026-10-01 15:00:00,수원,GFS,2026-09-30 12:00:00,18,0,tcc,1.0,0.0,1.0
2026-10-01 15:00:00,수원,GFS,2026-09-30 00:00:00,30,1,dswrf,718.0,745.37,-27.37
2026-10-01 15:00:00,수원,GFS,2026-09-30 00:00:00,30,1,t2m,20.9,22.2,-1.3
2026-10-01 15:00:00,수원,GFS,2026-09-30 00:00:00,30,1,tcc,21.0,0.0,21.0
2026-10-01 15:00:00,수원,GFS,2026-09-29 18:00:00,36,1,dswrf,720.0,745.37,-25.37
2026-10-01 15:00:00,수원,GFS,2026-09-29 18:00:00,36,1,t2m,20.8,22.2,-1.4
2026-10-01 15:00:00,수원,GFS,2026-09-29 18:00:00,36,1,tcc,4.0,0.0,4.0
2026-10-01 15:00:00,수원,GFS,2026-09-29 12:00:00,42,1,dswrf,717.0,745.37,-28.37
2026-10-01 15:00:00,수원,GFS,2026-09-29 12:00:00,42,1,t2m,20.8,22.2,-1.4
2026-10-01 15:00:00,수원,GFS,2026-09-29 12:00:00,42,1,tcc,34.0,0.0,34.0
2026-10-01 15:00:00,수원,GFS,2026-09-29 00:00:00,54,2,dswrf,720.0,745.37,-25.37
2026-10-01 15:00:00,수원,GFS,2026-09-29 00:00:00,54,2,t2m,21.2,22.2,-1.0
2026-10-01 15:00:00,수원,GFS,2026-09-29 00:00:00,54,2,tcc,3.0,0.0,3.0
2026-10-01 15:00:00,수원,GFS,2026-09-28 18:00:00,60,2,dswrf,718.0,745.37,-27.37
2026-10-01 15:00:00,수원,GFS,2026-09-28 18:00:00,60,2,t2m,21.4,22.2,-0.8
2026-10-01 15:00:00,수원,GFS,2026-09-28 18:00:00,60,2,tcc,1.0,0.0,1.0
2026-10-01 15:00:00,수원,GFS,2026-09-28 12:00:00,66,2,dswrf,718.0,745.37,-27.37
2026-10-01 15:00:00,수원,GFS,2026-09-28 12:00:00,66,2,t2m,21.6,22.2,-0.6
2026-10-01 15:00:00,수원,GFS,2026-09-28 12:00:00,66,2,tcc,1.0,0.0,1.0
2026-10-01 15:00:00,수원,GFS,2026-09-28 00:00:00,78,3,dswrf,719.0,745.37,-26.37
2026-10-01 15:00:00,수원,GFS,2026-09-28 00:00:00,78,3,t2m,21.1,22.2,-1.1
2026-10-01 15:00:00,수원,GFS,2026-09-28 00:00:00,78,3,tcc,0.0,0.0,0.0
2026-10-01 15:00:00,수원,GFS,2026-09-27 18:00:00,84,3,dswrf,716.0,745.37,-29.37
2026-10-01 15:00:00,수원,GFS,2026-09-27 18:00:00,84,3,t2m,20.9,22.2,-1.3
2026-10-01 15:00:00,수원,GFS,2026-09-27 18:00:00,84,3,tcc,0.0,0.0,0.0
2026-10-01 15:00:00,수원,GFS,2026-09-27 12:00:00,90,3,dswrf,717.0,745.37,-28.37
2026-10-01 15:00:00,수원,GFS,2026-09-27 12:00:00,90,3,t2m,21.2,22.2,-1.0
2026-10-01 15:00:00,수원,GFS,2026-09-27 12:00:00,90,3,tcc,0.0,0.0,0.0
2026-10-01 15:00:00,수원,GFS,2026-09-27 00:00:00,102,4,dswrf,714.0,745.37,-31.37
2026-10-01 15:00:00,수원,GFS,2026-09-27 00:00:00,102,4,t2m,20.8,22.2,-1.4
2026-10-01 15:00:00,수원,GFS,2026-09-27 00:00:00,102,4,tcc,0.0,0.0,0.0
2026-10-01 15:00:00,수원,GFS,2026-09-26 18:00:00,108,4,dswrf,715.0,745.37,-30.37
2026-10-01 15:00:00,수원,GFS,2026-09-26 18:00:00,108,4,t2m,21.1,22.2,-1.1
2026-10-01 15:00:00,수원,GFS,2026-09-26 18:00:00,108,4,tcc,0.0,0.0,0.0
2026-10-01 15:00:00,수원,KIM,2026-10-01 00:00:00,6,0,dswrf,729.0,745.37,-16.37
2026-10-01 15:00:00,수원,KIM,2026-10-01 00:00:00,6,0,t2m,20.2,22.2,-2.0
2026-10-01 15:00:00,수원,KIM,2026-10-01 00:00:00,6,0,tcc,0.0,0.0,0.0
2026-10-01 15:00:00,수원,KIM,2026-09-30 12:00:00,18,0,dswrf,725.0,745.37,-20.37
2026-10-01 15:00:00,수원,KIM,2026-09-30 12:00:00,18,0,t2m,20.0,22.2,-2.2
2026-10-01 15:00:00,수원,KIM,2026-09-30 12:00:00,18,0,tcc,0.0,0.0,0.0
2026-10-01 15:00:00,수원,KIM,2026-09-30 00:00:00,30,1,dswrf,725.0,745.37,-20.37
2026-10-01 15:00:00,수원,KIM,2026-09-30 00:00:00,30,1,t2m,19.7,22.2,-2.5
2026-10-01 15:00:00,수원,KIM,2026-09-30 00:00:00,30,1,tcc,0.0,0.0,0.0
2026-10-01 15:00:00,수원,KIM,2026-09-29 12:00:00,42,1,dswrf,725.0,745.37,-20.37
2026-10-01 15:00:00,수원,KIM,2026-09-29 12:00:00,42,1,t2m,19.6,22.2,-2.6
2026-10-01 15:00:00,수원,KIM,2026-09-29 12:00:00,42,1,tcc,1.0,0.0,1.0
2026-10-01 15:00:00,수원,KIM,2026-09-29 00:00:00,54,2,dswrf,726.0,745.37,-19.37
2026-10-01 15:00:00,수원,KIM,2026-09-29 00:00:00,54,2,t2m,19.6,22.2,-2.6
2026-10-01 15:00:00,수원,KIM,2026-09-29 00:00:00,54,2,tcc,0.0,0.0,0.0
2026-10-01 15:00:00,수원,KIM,2026-09-28 12:00:00,66,2,dswrf,723.0,745.37,-22.37
2026-10-01 15:00:00,수원,KIM,2026-09-28 12:00:00,66,2,t2m,19.4,22.2,-2.8
2026-10-01 15:00:00,수원,KIM,2026-09-28 12:00:00,66,2,tcc,0.0,0.0,0.0
2026-10-01 15:00:00,수원,KIM,2026-09-28 00:00:00,78,3,dswrf,729.0,745.37,-16.37
2026-10-01 15:00:00,수원,KIM,2026-09-28 00:00:00,78,3,t2m,19.3,22.2,-2.9
2026-10-01 15:00:00,수원,KIM,2026-09-28 00:00:00,78,3,tcc,0.0,0.0,0.0
2026-10-01 15:00:00,수원,KIM,2026-09-27 12:00:00,90,3,dswrf,716.0,745.37,-29.37
2026-10-01 15:00:00,수원,KIM,2026-09-27 12:00:00,90,3,t2m,19.6,22.2,-2.6
2026-10-01 15:00:00,수원,KIM,2026-09-27 12:00:00,90,3,tcc,2.0,0.0,2.0
2026-10-01 15:00:00,수원,KIM,2026-09-27 00:00:00,102,4,dswrf,715.0,745.37,-30.37
2026-10-01 15:00:00,수원,KIM,2026-09-27 00:00:00,102,4,t2m,19.8,22.2,-2.4
2026-10-01 15:00:00,수원,KIM,2026-09-27 00:00:00,102,4,tcc,0.0,0.0,0.0
2026-10-01 15:00:00,수원,KIM,2026-09-26 12:00:00,114,4,dswrf,678.0,745.37,-67.37
2026-10-01 15:00:00,수원,KIM,2026-09-26 12:00:00,114,4,t2m,20.0,22.2,-2.2
2026-10-01 15:00:00,수원,KIM,2026-09-26 12:00:00,114,4,tcc,68.0,0.0,68.0
2026-10-01 15:00:00,인천,ECMWF,2026-09-30 12:00:00,18,0,dswrf,717.0,737.04,-20.04
2026-10-01 15:00:00,인천,ECMWF,2026-09-30 12:00:00,18,0,t2m,21.3,21.5,-0.2
2026-10-01 15:00:00,인천,ECMWF,2026-09-30 12:00:00,18,0,tcc,50.0,0.0,50.0
2026-10-01 15:00:00,인천,ECMWF,2026-09-29 12:00:00,42,1,dswrf,726.0,737.04,-11.04
2026-10-01 15:00:00,인천,ECMWF,2026-09-29 12:00:00,42,1,t2m,20.9,21.5,-0.6
2026-10-01 15:00:00,인천,ECMWF,2026-09-29 12:00:00,42,1,tcc,48.0,0.0,48.0
2026-10-01 15:00:00,인천,ECMWF,2026-09-28 12:00:00,66,2,dswrf,720.0,737.04,-17.04
2026-10-01 15:00:00,인천,ECMWF,2026-09-28 12:00:00,66,2,t2m,21.0,21.5,-0.5
2026-10-01 15:00:00,인천,ECMWF,2026-09-28 12:00:00,66,2,tcc,83.0,0.0,83.0
2026-10-01 15:00:00,인천,ECMWF,2026-09-28 00:00:00,78,3,dswrf,722.0,737.04,-15.04
2026-10-01 15:00:00,인천,ECMWF,2026-09-28 00:00:00,78,3,t2m,20.8,21.5,-0.7
2026-10-01 15:00:00,인천,ECMWF,2026-09-28 00:00:00,78,3,tcc,26.0,0.0,26.0
2026-10-01 15:00:00,인천,ECMWF,2026-09-27 12:00:00,90,3,dswrf,688.0,737.04,-49.04
2026-10-01 15:00:00,인천,ECMWF,2026-09-27 12:00:00,90,3,t2m,21.1,21.5,-0.4
2026-10-01 15:00:00,인천,ECMWF,2026-09-27 12:00:00,90,3,tcc,48.0,0.0,48.0
2026-10-01 15:00:00,인천,ECMWF,2026-09-26 12:00:00,114,4,dswrf,699.0,737.04,-38.04
2026-10-01 15:00:00,인천,ECMWF,2026-09-26 12:00:00,114,4,t2m,21.1,21.5,-0.4
2026-10-01 15:00:00,인천,ECMWF,2026-09-26 12:00:00,114,4,tcc,5.0,0.0,5.0
2026-10-01 15:00:00,인천,ECMWF,2026-09-25 12:00:00,138,5,dswrf,715.0,737.04,-22.04
2026-10-01 15:00:00,인천,ECMWF,2026-09-25 12:00:00,138,5,t2m,20.5,21.5,-1.0
2026-10-01 15:00:00,인천,ECMWF,2026-09-25 12:00:00,138,5,tcc,2.0,0.0,2.0
2026-10-01 15:00:00,인천,ECMWF,2026-09-24 12:00:00,162,6,dswrf,686.0,705.56,-19.56
2026-10-01 15:00:00,인천,ECMWF,2026-09-24 12:00:00,162,6,t2m,20.5,21.5,-1.0
2026-10-01 15:00:00,인천,ECMWF,2026-09-24 12:00:00,162,6,tcc,0.0,0.0,0.0
2026-10-01 15:00:00,인천,ECMWF,2026-09-23 12:00:00,186,7,dswrf,692.0,705.56,-13.56
2026-10-01 15:00:00,인천,ECMWF,2026-09-23 12:00:00,186,7,t2m,20.6,21.5,-0.9
2026-10-01 15:00:00,인천,ECMWF,2026-09-23 12:00:00,186,7,tcc,0.0,0.0,0.0
2026-10-01 15:00:00,인천,ECMWF,2026-09-22 12:00:00,210,8,dswrf,686.0,705.56,-19.56
2026-10-01 15:00:00,인천,ECMWF,2026-09-22 12:00:00,210,8,t2m,20.8,21.5,-0.7
2026-10-01 15:00:00,인천,ECMWF,2026-09-22 12:00:00,210,8,tcc,0.0,0.0,0.0
2026-10-01 15:00:00,인천,ECMWF,2026-09-21 12:00:00,234,9,dswrf,682.0,705.56,-23.56
2026-10-01 15:00:00,인천,ECMWF,2026-09-21 12:00:00,234,9,t2m,21.4,21.5,-0.1
2026-10-01 15:00:00,인천,ECMWF,2026-09-21 12:00:00,234,9,tcc,0.0,0.0,0.0
2026-10-01 15:00:00,인천,GFS,2026-10-01 00:00:00,6,0,dswrf,731.0,737.04,-6.04
2026-10-01 15:00:00,인천,GFS,2026-10-01 00:00:00,6,0,t2m,21.2,21.5,-0.3
2026-10-01 15:00:00,인천,GFS,2026-10-01 00:00:00,6,0,tcc,4.0,0.0,4.0
2026-10-01 15:00:00,인천,GFS,2026-09-30 18:00:00,12,0,dswrf,734.0,737.04,-3.04
2026-10-01 15:00:00,인천,GFS,2026-09-30 18:00:00,12,0,t2m,21.2,21.5,-0.3
2026-10-01 15:00:00,인천,GFS,2026-09-30 18:00:00,12,0,tcc,2.0,0.0,2.0
2026-10-01 15:00:00,인천,GFS,2026-09-30 12:00:00,18,0,dswrf,730.0,737.04,-7.04
2026-10-01 15:00:00,인천,GFS,2026-09-30 12:00:00,18,0,t2m,21.2,21.5,-0.3
2026-10-01 15:00:00,인천,GFS,2026-09-30 12:00:00,18,0,tcc,3.0,0.0,3.0
2026-10-01 15:00:00,인천,GFS,2026-09-30 00:00:00,30,1,dswrf,718.0,737.04,-19.04
2026-10-01 15:00:00,인천,GFS,2026-09-30 00:00:00,30,1,t2m,21.3,21.5,-0.2
2026-10-01 15:00:00,인천,GFS,2026-09-30 00:00:00,30,1,tcc,30.0,0.0,30.0
2026-10-01 15:00:00,인천,GFS,2026-09-29 18:00:00,36,1,dswrf,721.0,737.04,-16.04
2026-10-01 15:00:00,인천,GFS,2026-09-29 18:00:00,36,1,t2m,21.1,21.5,-0.4
2026-10-01 15:00:00,인천,GFS,2026-09-29 18:00:00,36,1,tcc,6.0,0.0,6.0
2026-10-01 15:00:00,인천,GFS,2026-09-29 12:00:00,42,1,dswrf,704.0,737.04,-33.04
2026-10-01 15:00:00,인천,GFS,2026-09-29 12:00:00,42,1,t2m,21.3,21.5,-0.2
2026-10-01 15:00:00,인천,GFS,2026-09-29 12:00:00,42,1,tcc,40.0,0.0,40.0
2026-10-01 15:00:00,인천,GFS,2026-09-29 00:00:00,54,2,dswrf,718.0,737.04,-19.04
2026-10-01 15:00:00,인천,GFS,2026-09-29 00:00:00,54,2,t2m,21.9,21.5,0.4
2026-10-01 15:00:00,인천,GFS,2026-09-29 00:00:00,54,2,tcc,10.0,0.0,10.0
2026-10-01 15:00:00,인천,GFS,2026-09-28 18:00:00,60,2,dswrf,718.0,737.04,-19.04
2026-10-01 15:00:00,인천,GFS,2026-09-28 18:00:00,60,2,t2m,22.1,21.5,0.6
2026-10-01 15:00:00,인천,GFS,2026-09-28 18:00:00,60,2,tcc,3.0,0.0,3.0
2026-10-01 15:00:00,인천,GFS,2026-09-28 12:00:00,66,2,dswrf,718.0,737.04,-19.04
2026-10-01 15:00:00,인천,GFS,2026-09-28 12:00:00,66,2,t2m,22.0,21.5,0.5
2026-10-01 15:00:00,인천,GFS,2026-09-28 12:00:00,66,2,tcc,4.0,0.0,4.0
2026-10-01 15:00:00,인천,GFS,2026-09-28 00:00:00,78,3,dswrf,721.0,737.04,-16.04
2026-10-01 15:00:00,인천,GFS,2026-09-28 00:00:00,78,3,t2m,21.6,21.5,0.1
2026-10-01 15:00:00,인천,GFS,2026-09-28 00:00:00,78,3,tcc,0.0,0.0,0.0
2026-10-01 15:00:00,인천,GFS,2026-09-27 18:00:00,84,3,dswrf,718.0,737.04,-19.04
2026-10-01 15:00:00,인천,GFS,2026-09-27 18:00:00,84,3,t2m,21.2,21.5,-0.3
2026-10-01 15:00:00,인천,GFS,2026-09-27 18:00:00,84,3,tcc,0.0,0.0,0.0
2026-10-01 15:00:00,인천,GFS,2026-09-27 12:00:00,90,3,dswrf,718.0,737.04,-19.04
2026-10-01 15:00:00,인천,GFS,2026-09-27 12:00:00,90,3,t2m,21.6,21.5,0.1
2026-10-01 15:00:00,인천,GFS,2026-09-27 12:00:00,90,3,tcc,0.0,0.0,0.0
2026-10-01 15:00:00,인천,GFS,2026-09-27 00:00:00,102,4,dswrf,715.0,737.04,-22.04
2026-10-01 15:00:00,인천,GFS,2026-09-27 00:00:00,102,4,t2m,21.4,21.5,-0.1
2026-10-01 15:00:00,인천,GFS,2026-09-27 00:00:00,102,4,tcc,0.0,0.0,0.0
2026-10-01 15:00:00,인천,GFS,2026-09-26 18:00:00,108,4,dswrf,715.0,737.04,-22.04
2026-10-01 15:00:00,인천,GFS,2026-09-26 18:00:00,108,4,t2m,21.7,21.5,0.2
2026-10-01 15:00:00,인천,GFS,2026-09-26 18:00:00,108,4,tcc,0.0,0.0,0.0
2026-10-01 15:00:00,인천,KIM,2026-10-01 00:00:00,6,0,dswrf,711.0,737.04,-26.04
2026-10-01 15:00:00,인천,KIM,2026-10-01 00:00:00,6,0,t2m,19.9,21.5,-1.6
2026-10-01 15:00:00,인천,KIM,2026-10-01 00:00:00,6,0,tcc,0.0,0.0,0.0
2026-10-01 15:00:00,인천,KIM,2026-09-30 12:00:00,18,0,dswrf,706.0,737.04,-31.04
2026-10-01 15:00:00,인천,KIM,2026-09-30 12:00:00,18,0,t2m,19.7,21.5,-1.8
2026-10-01 15:00:00,인천,KIM,2026-09-30 12:00:00,18,0,tcc,0.0,0.0,0.0
2026-10-01 15:00:00,인천,KIM,2026-09-30 00:00:00,30,1,dswrf,707.0,737.04,-30.04
2026-10-01 15:00:00,인천,KIM,2026-09-30 00:00:00,30,1,t2m,19.1,21.5,-2.4
2026-10-01 15:00:00,인천,KIM,2026-09-30 00:00:00,30,1,tcc,0.0,0.0,0.0
2026-10-01 15:00:00,인천,KIM,2026-09-29 12:00:00,42,1,dswrf,708.0,737.04,-29.04
2026-10-01 15:00:00,인천,KIM,2026-09-29 12:00:00,42,1,t2m,19.2,21.5,-2.3
2026-10-01 15:00:00,인천,KIM,2026-09-29 12:00:00,42,1,tcc,0.0,0.0,0.0
2026-10-01 15:00:00,인천,KIM,2026-09-29 00:00:00,54,2,dswrf,707.0,737.04,-30.04
2026-10-01 15:00:00,인천,KIM,2026-09-29 00:00:00,54,2,t2m,19.3,21.5,-2.2
2026-10-01 15:00:00,인천,KIM,2026-09-29 00:00:00,54,2,tcc,0.0,0.0,0.0
2026-10-01 15:00:00,인천,KIM,2026-09-28 12:00:00,66,2,dswrf,704.0,737.04,-33.04
2026-10-01 15:00:00,인천,KIM,2026-09-28 12:00:00,66,2,t2m,19.2,21.5,-2.3
2026-10-01 15:00:00,인천,KIM,2026-09-28 12:00:00,66,2,tcc,0.0,0.0,0.0
2026-10-01 15:00:00,인천,KIM,2026-09-28 00:00:00,78,3,dswrf,708.0,737.04,-29.04
2026-10-01 15:00:00,인천,KIM,2026-09-28 00:00:00,78,3,t2m,18.9,21.5,-2.6
2026-10-01 15:00:00,인천,KIM,2026-09-28 00:00:00,78,3,tcc,16.0,0.0,16.0
2026-10-01 15:00:00,인천,KIM,2026-09-27 12:00:00,90,3,dswrf,698.0,737.04,-39.04
2026-10-01 15:00:00,인천,KIM,2026-09-27 12:00:00,90,3,t2m,19.0,21.5,-2.5
2026-10-01 15:00:00,인천,KIM,2026-09-27 12:00:00,90,3,tcc,15.0,0.0,15.0
2026-10-01 15:00:00,인천,KIM,2026-09-27 00:00:00,102,4,dswrf,698.0,737.04,-39.04
2026-10-01 15:00:00,인천,KIM,2026-09-27 00:00:00,102,4,t2m,20.1,21.5,-1.4
2026-10-01 15:00:00,인천,KIM,2026-09-27 00:00:00,102,4,tcc,2.0,0.0,2.0
2026-10-01 15:00:00,인천,KIM,2026-09-26 12:00:00,114,4,dswrf,596.0,737.04,-141.04
2026-10-01 15:00:00,인천,KIM,2026-09-26 12:00:00,114,4,t2m,19.6,21.5,-1.9
2026-10-01 15:00:00,인천,KIM,2026-09-26 12:00:00,114,4,tcc,19.0,0.0,19.0
2026-10-01 15:00:00,전주,ECMWF,2026-09-30 12:00:00,18,0,dswrf,577.0,675.93,-98.93
2026-10-01 15:00:00,전주,ECMWF,2026-09-30 12:00:00,18,0,t2m,20.4,22.4,-2.0
2026-10-01 15:00:00,전주,ECMWF,2026-09-30 12:00:00,18,0,tcc,2.0,0.0,2.0
2026-10-01 15:00:00,전주,ECMWF,2026-09-29 12:00:00,42,1,dswrf,737.0,675.93,61.07
2026-10-01 15:00:00,전주,ECMWF,2026-09-29 12:00:00,42,1,t2m,20.3,22.4,-2.1
2026-10-01 15:00:00,전주,ECMWF,2026-09-29 12:00:00,42,1,tcc,20.0,0.0,20.0
2026-10-01 15:00:00,전주,ECMWF,2026-09-28 12:00:00,66,2,dswrf,736.0,675.93,60.07
2026-10-01 15:00:00,전주,ECMWF,2026-09-28 12:00:00,66,2,t2m,20.2,22.4,-2.2
2026-10-01 15:00:00,전주,ECMWF,2026-09-28 12:00:00,66,2,tcc,9.0,0.0,9.0
2026-10-01 15:00:00,전주,ECMWF,2026-09-28 00:00:00,78,3,dswrf,738.0,675.93,62.07
2026-10-01 15:00:00,전주,ECMWF,2026-09-28 00:00:00,78,3,t2m,20.0,22.4,-2.4
2026-10-01 15:00:00,전주,ECMWF,2026-09-28 00:00:00,78,3,tcc,45.0,0.0,45.0
2026-10-01 15:00:00,전주,ECMWF,2026-09-27 12:00:00,90,3,dswrf,748.0,675.93,72.07
2026-10-01 15:00:00,전주,ECMWF,2026-09-27 12:00:00,90,3,t2m,19.9,22.4,-2.5
2026-10-01 15:00:00,전주,ECMWF,2026-09-27 12:00:00,90,3,tcc,19.0,0.0,19.0
2026-10-01 15:00:00,전주,ECMWF,2026-09-26 12:00:00,114,4,dswrf,732.0,675.93,56.07
2026-10-01 15:00:00,전주,ECMWF,2026-09-26 12:00:00,114,4,t2m,20.2,22.4,-2.2
2026-10-01 15:00:00,전주,ECMWF,2026-09-26 12:00:00,114,4,tcc,14.0,0.0,14.0
2026-10-01 15:00:00,전주,ECMWF,2026-09-25 12:00:00,138,5,dswrf,658.0,675.93,-17.93
2026-10-01 15:00:00,전주,ECMWF,2026-09-25 12:00:00,138,5,t2m,20.2,22.4,-2.2
2026-10-01 15:00:00,전주,ECMWF,2026-09-25 12:00:00,138,5,tcc,45.0,0.0,45.0
2026-10-01 15:00:00,전주,ECMWF,2026-09-24 12:00:00,162,6,dswrf,699.0,581.48,117.52
2026-10-01 15:00:00,전주,ECMWF,2026-09-24 12:00:00,162,6,t2m,21.7,22.4,-0.7
2026-10-01 15:00:00,전주,ECMWF,2026-09-24 12:00:00,162,6,tcc,37.0,0.0,37.0
2026-10-01 15:00:00,전주,ECMWF,2026-09-23 12:00:00,186,7,dswrf,708.0,581.48,126.52
2026-10-01 15:00:00,전주,ECMWF,2026-09-23 12:00:00,186,7,t2m,21.1,22.4,-1.3
2026-10-01 15:00:00,전주,ECMWF,2026-09-23 12:00:00,186,7,tcc,0.0,0.0,0.0
2026-10-01 15:00:00,전주,ECMWF,2026-09-22 12:00:00,210,8,dswrf,709.0,581.48,127.52
2026-10-01 15:00:00,전주,ECMWF,2026-09-22 12:00:00,210,8,t2m,21.1,22.4,-1.3
2026-10-01 15:00:00,전주,ECMWF,2026-09-22 12:00:00,210,8,tcc,1.0,0.0,1.0
2026-10-01 15:00:00,전주,ECMWF,2026-09-21 12:00:00,234,9,dswrf,463.0,581.48,-118.48
2026-10-01 15:00:00,전주,ECMWF,2026-09-21 12:00:00,234,9,t2m,20.9,22.4,-1.5
2026-10-01 15:00:00,전주,ECMWF,2026-09-21 12:00:00,234,9,tcc,93.0,0.0,93.0
2026-10-01 15:00:00,전주,GFS,2026-10-01 00:00:00,6,0,dswrf,456.0,675.93,-219.93
2026-10-01 15:00:00,전주,GFS,2026-10-01 00:00:00,6,0,t2m,20.0,22.4,-2.4
2026-10-01 15:00:00,전주,GFS,2026-10-01 00:00:00,6,0,tcc,3.0,0.0,3.0
2026-10-01 15:00:00,전주,GFS,2026-09-30 18:00:00,12,0,dswrf,516.0,675.93,-159.93
2026-10-01 15:00:00,전주,GFS,2026-09-30 18:00:00,12,0,t2m,20.4,22.4,-2.0
2026-10-01 15:00:00,전주,GFS,2026-09-30 18:00:00,12,0,tcc,2.0,0.0,2.0
2026-10-01 15:00:00,전주,GFS,2026-09-30 12:00:00,18,0,dswrf,680.0,675.93,4.07
2026-10-01 15:00:00,전주,GFS,2026-09-30 12:00:00,18,0,t2m,20.5,22.4,-1.9
2026-10-01 15:00:00,전주,GFS,2026-09-30 12:00:00,18,0,tcc,2.0,0.0,2.0
2026-10-01 15:00:00,전주,GFS,2026-09-30 00:00:00,30,1,dswrf,712.0,675.93,36.07
2026-10-01 15:00:00,전주,GFS,2026-09-30 00:00:00,30,1,t2m,20.8,22.4,-1.6
2026-10-01 15:00:00,전주,GFS,2026-09-30 00:00:00,30,1,tcc,15.0,0.0,15.0
2026-10-01 15:00:00,전주,GFS,2026-09-29 18:00:00,36,1,dswrf,720.0,675.93,44.07
2026-10-01 15:00:00,전주,GFS,2026-09-29 18:00:00,36,1,t2m,20.5,22.4,-1.9
2026-10-01 15:00:00,전주,GFS,2026-09-29 18:00:00,36,1,tcc,50.0,0.0,50.0
2026-10-01 15:00:00,전주,GFS,2026-09-29 12:00:00,42,1,dswrf,704.0,675.93,28.07
2026-10-01 15:00:00,전주,GFS,2026-09-29 12:00:00,42,1,t2m,20.5,22.4,-1.9
2026-10-01 15:00:00,전주,GFS,2026-09-29 12:00:00,42,1,tcc,86.0,0.0,86.0
2026-10-01 15:00:00,전주,GFS,2026-09-29 00:00:00,54,2,dswrf,715.0,675.93,39.07
2026-10-01 15:00:00,전주,GFS,2026-09-29 00:00:00,54,2,t2m,20.9,22.4,-1.5
2026-10-01 15:00:00,전주,GFS,2026-09-29 00:00:00,54,2,tcc,87.0,0.0,87.0
2026-10-01 15:00:00,전주,GFS,2026-09-28 18:00:00,60,2,dswrf,725.0,675.93,49.07
2026-10-01 15:00:00,전주,GFS,2026-09-28 18:00:00,60,2,t2m,20.9,22.4,-1.5
2026-10-01 15:00:00,전주,GFS,2026-09-28 18:00:00,60,2,tcc,36.0,0.0,36.0
2026-10-01 15:00:00,전주,GFS,2026-09-28 12:00:00,66,2,dswrf,735.0,675.93,59.07
2026-10-01 15:00:00,전주,GFS,2026-09-28 12:00:00,66,2,t2m,21.1,22.4,-1.3
2026-10-01 15:00:00,전주,GFS,2026-09-28 12:00:00,66,2,tcc,4.0,0.0,4.0
2026-10-01 15:00:00,전주,GFS,2026-09-28 00:00:00,78,3,dswrf,735.0,675.93,59.07
2026-10-01 15:00:00,전주,GFS,2026-09-28 00:00:00,78,3,t2m,20.6,22.4,-1.8
2026-10-01 15:00:00,전주,GFS,2026-09-28 00:00:00,78,3,tcc,3.0,0.0,3.0
2026-10-01 15:00:00,전주,GFS,2026-09-27 18:00:00,84,3,dswrf,734.0,675.93,58.07
2026-10-01 15:00:00,전주,GFS,2026-09-27 18:00:00,84,3,t2m,20.8,22.4,-1.6
2026-10-01 15:00:00,전주,GFS,2026-09-27 18:00:00,84,3,tcc,0.0,0.0,0.0
2026-10-01 15:00:00,전주,GFS,2026-09-27 12:00:00,90,3,dswrf,730.0,675.93,54.07
2026-10-01 15:00:00,전주,GFS,2026-09-27 12:00:00,90,3,t2m,21.0,22.4,-1.4
2026-10-01 15:00:00,전주,GFS,2026-09-27 12:00:00,90,3,tcc,1.0,0.0,1.0
2026-10-01 15:00:00,전주,GFS,2026-09-27 00:00:00,102,4,dswrf,726.0,675.93,50.07
2026-10-01 15:00:00,전주,GFS,2026-09-27 00:00:00,102,4,t2m,20.5,22.4,-1.9
2026-10-01 15:00:00,전주,GFS,2026-09-27 00:00:00,102,4,tcc,1.0,0.0,1.0
2026-10-01 15:00:00,전주,GFS,2026-09-26 18:00:00,108,4,dswrf,721.0,675.93,45.07
2026-10-01 15:00:00,전주,GFS,2026-09-26 18:00:00,108,4,t2m,20.6,22.4,-1.8
2026-10-01 15:00:00,전주,GFS,2026-09-26 18:00:00,108,4,tcc,7.0,0.0,7.0
2026-10-01 15:00:00,전주,KIM,2026-10-01 00:00:00,6,0,dswrf,715.0,675.93,39.07
2026-10-01 15:00:00,전주,KIM,2026-10-01 00:00:00,6,0,t2m,20.6,22.4,-1.8
2026-10-01 15:00:00,전주,KIM,2026-10-01 00:00:00,6,0,tcc,1.0,0.0,1.0
2026-10-01 15:00:00,전주,KIM,2026-09-30 12:00:00,18,0,dswrf,691.0,675.93,15.07
2026-10-01 15:00:00,전주,KIM,2026-09-30 12:00:00,18,0,t2m,19.8,22.4,-2.6
2026-10-01 15:00:00,전주,KIM,2026-09-30 12:00:00,18,0,tcc,0.0,0.0,0.0
2026-10-01 15:00:00,전주,KIM,2026-09-30 00:00:00,30,1,dswrf,679.0,675.93,3.07
2026-10-01 15:00:00,전주,KIM,2026-09-30 00:00:00,30,1,t2m,20.0,22.4,-2.4
2026-10-01 15:00:00,전주,KIM,2026-09-30 00:00:00,30,1,tcc,9.0,0.0,9.0
2026-10-01 15:00:00,전주,KIM,2026-09-29 12:00:00,42,1,dswrf,734.0,675.93,58.07
2026-10-01 15:00:00,전주,KIM,2026-09-29 12:00:00,42,1,t2m,19.6,22.4,-2.8
2026-10-01 15:00:00,전주,KIM,2026-09-29 12:00:00,42,1,tcc,1.0,0.0,1.0
2026-10-01 15:00:00,전주,KIM,2026-09-29 00:00:00,54,2,dswrf,736.0,675.93,60.07
2026-10-01 15:00:00,전주,KIM,2026-09-29 00:00:00,54,2,t2m,19.8,22.4,-2.6
2026-10-01 15:00:00,전주,KIM,2026-09-29 00:00:00,54,2,tcc,15.0,0.0,15.0
2026-10-01 15:00:00,전주,KIM,2026-09-28 12:00:00,66,2,dswrf,744.0,675.93,68.07
2026-10-01 15:00:00,전주,KIM,2026-09-28 12:00:00,66,2,t2m,19.6,22.4,-2.8
2026-10-01 15:00:00,전주,KIM,2026-09-28 12:00:00,66,2,tcc,10.0,0.0,10.0
2026-10-01 15:00:00,전주,KIM,2026-09-28 00:00:00,78,3,dswrf,736.0,675.93,60.07
2026-10-01 15:00:00,전주,KIM,2026-09-28 00:00:00,78,3,t2m,19.3,22.4,-3.1
2026-10-01 15:00:00,전주,KIM,2026-09-28 00:00:00,78,3,tcc,7.0,0.0,7.0
2026-10-01 15:00:00,전주,KIM,2026-09-27 12:00:00,90,3,dswrf,718.0,675.93,42.07
2026-10-01 15:00:00,전주,KIM,2026-09-27 12:00:00,90,3,t2m,20.3,22.4,-2.1
2026-10-01 15:00:00,전주,KIM,2026-09-27 12:00:00,90,3,tcc,0.0,0.0,0.0
2026-10-01 15:00:00,전주,KIM,2026-09-27 00:00:00,102,4,dswrf,728.0,675.93,52.07
2026-10-01 15:00:00,전주,KIM,2026-09-27 00:00:00,102,4,t2m,20.1,22.4,-2.3
2026-10-01 15:00:00,전주,KIM,2026-09-27 00:00:00,102,4,tcc,2.0,0.0,2.0
2026-10-01 15:00:00,전주,KIM,2026-09-26 12:00:00,114,4,dswrf,722.0,675.93,46.07
2026-10-01 15:00:00,전주,KIM,2026-09-26 12:00:00,114,4,t2m,20.0,22.4,-2.4
2026-10-01 15:00:00,전주,KIM,2026-09-26 12:00:00,114,4,tcc,3.0,0.0,3.0
2026-10-01 15:00:00,제주,ECMWF,2026-09-30 12:00:00,18,0,dswrf,495.0,370.37,124.63
2026-10-01 15:00:00,제주,ECMWF,2026-09-30 12:00:00,18,0,t2m,20.4,23.7,-3.3
2026-10-01 15:00:00,제주,ECMWF,2026-09-30 12:00:00,18,0,tcc,16.0,90.0,-74.0
2026-10-01 15:00:00,제주,ECMWF,2026-09-29 12:00:00,42,1,dswrf,733.0,370.37,362.63
2026-10-01 15:00:00,제주,ECMWF,2026-09-29 12:00:00,42,1,t2m,19.7,23.7,-4.0
2026-10-01 15:00:00,제주,ECMWF,2026-09-29 12:00:00,42,1,tcc,31.0,90.0,-59.0
2026-10-01 15:00:00,제주,ECMWF,2026-09-28 12:00:00,66,2,dswrf,737.0,370.37,366.63
2026-10-01 15:00:00,제주,ECMWF,2026-09-28 12:00:00,66,2,t2m,20.0,23.7,-3.7
2026-10-01 15:00:00,제주,ECMWF,2026-09-28 12:00:00,66,2,tcc,9.0,90.0,-81.0
2026-10-01 15:00:00,제주,ECMWF,2026-09-28 00:00:00,78,3,dswrf,751.0,370.37,380.63
2026-10-01 15:00:00,제주,ECMWF,2026-09-28 00:00:00,78,3,t2m,19.6,23.7,-4.1
2026-10-01 15:00:00,제주,ECMWF,2026-09-28 00:00:00,78,3,tcc,79.0,90.0,-11.0
2026-10-01 15:00:00,제주,ECMWF,2026-09-27 12:00:00,90,3,dswrf,744.0,370.37,373.63
2026-10-01 15:00:00,제주,ECMWF,2026-09-27 12:00:00,90,3,t2m,20.0,23.7,-3.7
2026-10-01 15:00:00,제주,ECMWF,2026-09-27 12:00:00,90,3,tcc,26.0,90.0,-64.0
2026-10-01 15:00:00,제주,ECMWF,2026-09-26 12:00:00,114,4,dswrf,720.0,370.37,349.63
2026-10-01 15:00:00,제주,ECMWF,2026-09-26 12:00:00,114,4,t2m,20.0,23.7,-3.7
2026-10-01 15:00:00,제주,ECMWF,2026-09-26 12:00:00,114,4,tcc,9.0,90.0,-81.0
2026-10-01 15:00:00,제주,ECMWF,2026-09-25 12:00:00,138,5,dswrf,739.0,370.37,368.63
2026-10-01 15:00:00,제주,ECMWF,2026-09-25 12:00:00,138,5,t2m,19.8,23.7,-3.9
2026-10-01 15:00:00,제주,ECMWF,2026-09-25 12:00:00,138,5,tcc,41.0,90.0,-49.0
2026-10-01 15:00:00,제주,ECMWF,2026-09-24 12:00:00,162,6,dswrf,711.0,351.85,359.15
2026-10-01 15:00:00,제주,ECMWF,2026-09-24 12:00:00,162,6,t2m,19.6,23.7,-4.1
2026-10-01 15:00:00,제주,ECMWF,2026-09-24 12:00:00,162,6,tcc,2.0,90.0,-88.0
2026-10-01 15:00:00,제주,ECMWF,2026-09-23 12:00:00,186,7,dswrf,355.0,351.85,3.15
2026-10-01 15:00:00,제주,ECMWF,2026-09-23 12:00:00,186,7,t2m,18.8,23.7,-4.9
2026-10-01 15:00:00,제주,ECMWF,2026-09-23 12:00:00,186,7,tcc,4.0,90.0,-86.0
2026-10-01 15:00:00,제주,ECMWF,2026-09-22 12:00:00,210,8,dswrf,464.0,351.85,112.15
2026-10-01 15:00:00,제주,ECMWF,2026-09-22 12:00:00,210,8,t2m,18.0,23.7,-5.7
2026-10-01 15:00:00,제주,ECMWF,2026-09-22 12:00:00,210,8,tcc,95.0,90.0,5.0
2026-10-01 15:00:00,제주,ECMWF,2026-09-21 12:00:00,234,9,dswrf,504.0,351.85,152.15
2026-10-01 15:00:00,제주,ECMWF,2026-09-21 12:00:00,234,9,t2m,19.0,23.7,-4.7
2026-10-01 15:00:00,제주,ECMWF,2026-09-21 12:00:00,234,9,tcc,98.0,90.0,8.0
2026-10-01 15:00:00,제주,GFS,2026-10-01 00:00:00,6,0,dswrf,716.0,370.37,345.63
2026-10-01 15:00:00,제주,GFS,2026-10-01 00:00:00,6,0,t2m,20.0,23.7,-3.7
2026-10-01 15:00:00,제주,GFS,2026-10-01 00:00:00,6,0,tcc,5.0,90.0,-85.0
2026-10-01 15:00:00,제주,GFS,2026-09-30 18:00:00,12,0,dswrf,723.0,370.37,352.63
2026-10-01 15:00:00,제주,GFS,2026-09-30 18:00:00,12,0,t2m,19.7,23.7,-4.0
2026-10-01 15:00:00,제주,GFS,2026-09-30 18:00:00,12,0,tcc,5.0,90.0,-85.0
2026-10-01 15:00:00,제주,GFS,2026-09-30 12:00:00,18,0,dswrf,747.0,370.37,376.63
2026-10-01 15:00:00,제주,GFS,2026-09-30 12:00:00,18,0,t2m,20.1,23.7,-3.6
2026-10-01 15:00:00,제주,GFS,2026-09-30 12:00:00,18,0,tcc,4.0,90.0,-86.0
2026-10-01 15:00:00,제주,GFS,2026-09-30 00:00:00,30,1,dswrf,752.0,370.37,381.63
2026-10-01 15:00:00,제주,GFS,2026-09-30 00:00:00,30,1,t2m,19.4,23.7,-4.3
2026-10-01 15:00:00,제주,GFS,2026-09-30 00:00:00,30,1,tcc,6.0,90.0,-84.0
2026-10-01 15:00:00,제주,GFS,2026-09-29 18:00:00,36,1,dswrf,751.0,370.37,380.63
2026-10-01 15:00:00,제주,GFS,2026-09-29 18:00:00,36,1,t2m,19.1,23.7,-4.6
2026-10-01 15:00:00,제주,GFS,2026-09-29 18:00:00,36,1,tcc,42.0,90.0,-48.0
2026-10-01 15:00:00,제주,GFS,2026-09-29 12:00:00,42,1,dswrf,750.0,370.37,379.63
2026-10-01 15:00:00,제주,GFS,2026-09-29 12:00:00,42,1,t2m,19.2,23.7,-4.5
2026-10-01 15:00:00,제주,GFS,2026-09-29 12:00:00,42,1,tcc,15.0,90.0,-75.0
2026-10-01 15:00:00,제주,GFS,2026-09-29 00:00:00,54,2,dswrf,745.0,370.37,374.63
2026-10-01 15:00:00,제주,GFS,2026-09-29 00:00:00,54,2,t2m,19.3,23.7,-4.4
2026-10-01 15:00:00,제주,GFS,2026-09-29 00:00:00,54,2,tcc,51.0,90.0,-39.0
2026-10-01 15:00:00,제주,GFS,2026-09-28 18:00:00,60,2,dswrf,743.0,370.37,372.63
2026-10-01 15:00:00,제주,GFS,2026-09-28 18:00:00,60,2,t2m,19.1,23.7,-4.6
2026-10-01 15:00:00,제주,GFS,2026-09-28 18:00:00,60,2,tcc,9.0,90.0,-81.0
2026-10-01 15:00:00,제주,GFS,2026-09-28 12:00:00,66,2,dswrf,742.0,370.37,371.63
2026-10-01 15:00:00,제주,GFS,2026-09-28 12:00:00,66,2,t2m,19.4,23.7,-4.3
2026-10-01 15:00:00,제주,GFS,2026-09-28 12:00:00,66,2,tcc,18.0,90.0,-72.0
2026-10-01 15:00:00,제주,GFS,2026-09-28 00:00:00,78,3,dswrf,674.0,370.37,303.63
2026-10-01 15:00:00,제주,GFS,2026-09-28 00:00:00,78,3,t2m,19.1,23.7,-4.6
2026-10-01 15:00:00,제주,GFS,2026-09-28 00:00:00,78,3,tcc,10.0,90.0,-80.0
2026-10-01 15:00:00,제주,GFS,2026-09-27 18:00:00,84,3,dswrf,766.0,370.37,395.63
2026-10-01 15:00:00,제주,GFS,2026-09-27 18:00:00,84,3,t2m,19.0,23.7,-4.7
2026-10-01 15:00:00,제주,GFS,2026-09-27 18:00:00,84,3,tcc,5.0,90.0,-85.0
2026-10-01 15:00:00,제주,GFS,2026-09-27 12:00:00,90,3,dswrf,766.0,370.37,395.63
2026-10-01 15:00:00,제주,GFS,2026-09-27 12:00:00,90,3,t2m,19.4,23.7,-4.3
2026-10-01 15:00:00,제주,GFS,2026-09-27 12:00:00,90,3,tcc,4.0,90.0,-86.0
2026-10-01 15:00:00,제주,GFS,2026-09-27 00:00:00,102,4,dswrf,759.0,370.37,388.63
2026-10-01 15:00:00,제주,GFS,2026-09-27 00:00:00,102,4,t2m,19.4,23.7,-4.3
2026-10-01 15:00:00,제주,GFS,2026-09-27 00:00:00,102,4,tcc,2.0,90.0,-88.0
2026-10-01 15:00:00,제주,GFS,2026-09-26 18:00:00,108,4,dswrf,764.0,370.37,393.63
2026-10-01 15:00:00,제주,GFS,2026-09-26 18:00:00,108,4,t2m,19.0,23.7,-4.7
2026-10-01 15:00:00,제주,GFS,2026-09-26 18:00:00,108,4,tcc,3.0,90.0,-87.0
2026-10-01 15:00:00,제주,KIM,2026-10-01 00:00:00,6,0,dswrf,703.0,370.37,332.63
2026-10-01 15:00:00,제주,KIM,2026-10-01 00:00:00,6,0,t2m,20.8,23.7,-2.9
2026-10-01 15:00:00,제주,KIM,2026-10-01 00:00:00,6,0,tcc,17.0,90.0,-73.0
2026-10-01 15:00:00,제주,KIM,2026-09-30 12:00:00,18,0,dswrf,599.0,370.37,228.63
2026-10-01 15:00:00,제주,KIM,2026-09-30 12:00:00,18,0,t2m,20.3,23.7,-3.4
2026-10-01 15:00:00,제주,KIM,2026-09-30 12:00:00,18,0,tcc,35.0,90.0,-55.0
2026-10-01 15:00:00,제주,KIM,2026-09-30 00:00:00,30,1,dswrf,538.0,370.37,167.63
2026-10-01 15:00:00,제주,KIM,2026-09-30 00:00:00,30,1,t2m,20.6,23.7,-3.1
2026-10-01 15:00:00,제주,KIM,2026-09-30 00:00:00,30,1,tcc,19.0,90.0,-71.0
2026-10-01 15:00:00,제주,KIM,2026-09-29 12:00:00,42,1,dswrf,707.0,370.37,336.63
2026-10-01 15:00:00,제주,KIM,2026-09-29 12:00:00,42,1,t2m,20.3,23.7,-3.4
2026-10-01 15:00:00,제주,KIM,2026-09-29 12:00:00,42,1,tcc,35.0,90.0,-55.0
2026-10-01 15:00:00,제주,KIM,2026-09-29 00:00:00,54,2,dswrf,340.0,370.37,-30.37
2026-10-01 15:00:00,제주,KIM,2026-09-29 00:00:00,54,2,t2m,19.5,23.7,-4.2
2026-10-01 15:00:00,제주,KIM,2026-09-29 00:00:00,54,2,tcc,79.0,90.0,-11.0
2026-10-01 15:00:00,제주,KIM,2026-09-28 12:00:00,66,2,dswrf,677.0,370.37,306.63
2026-10-01 15:00:00,제주,KIM,2026-09-28 12:00:00,66,2,t2m,19.7,23.7,-4.0
2026-10-01 15:00:00,제주,KIM,2026-09-28 12:00:00,66,2,tcc,87.0,90.0,-3.0
2026-10-01 15:00:00,제주,KIM,2026-09-28 00:00:00,78,3,dswrf,716.0,370.37,345.63
2026-10-01 15:00:00,제주,KIM,2026-09-28 00:00:00,78,3,t2m,19.6,23.7,-4.1
2026-10-01 15:00:00,제주,KIM,2026-09-28 00:00:00,78,3,tcc,1.0,90.0,-89.0
2026-10-01 15:00:00,제주,KIM,2026-09-27 12:00:00,90,3,dswrf,716.0,370.37,345.63
2026-10-01 15:00:00,제주,KIM,2026-09-27 12:00:00,90,3,t2m,20.4,23.7,-3.3
2026-10-01 15:00:00,제주,KIM,2026-09-27 12:00:00,90,3,tcc,20.0,90.0,-70.0
2026-10-01 15:00:00,제주,KIM,2026-09-27 00:00:00,102,4,dswrf,708.0,370.37,337.63
2026-10-01 15:00:00,제주,KIM,2026-09-27 00:00:00,102,4,t2m,20.7,23.7,-3.0
2026-10-01 15:00:00,제주,KIM,2026-09-27 00:00:00,102,4,tcc,8.0,90.0,-82.0
2026-10-01 15:00:00,제주,KIM,2026-09-26 12:00:00,114,4,dswrf,717.0,370.37,346.63
2026-10-01 15:00:00,제주,KIM,2026-09-26 12:00:00,114,4,t2m,20.9,23.7,-2.8
2026-10-01 15:00:00,제주,KIM,2026-09-26 12:00:00,114,4,tcc,38.0,90.0,-52.0
2026-10-01 18:00:00,강릉,ECMWF,2026-09-30 12:00:00,21,0,dswrf,256.0,271.3,-15.3
2026-10-01 18:00:00,강릉,ECMWF,2026-09-30 12:00:00,21,0,t2m,18.8,18.9,-0.1
2026-10-01 18:00:00,강릉,ECMWF,2026-09-30 12:00:00,21,0,tcc,27.0,0.0,27.0
2026-10-01 18:00:00,강릉,ECMWF,2026-09-29 12:00:00,45,1,dswrf,269.0,271.3,-2.3
2026-10-01 18:00:00,강릉,ECMWF,2026-09-29 12:00:00,45,1,t2m,19.0,18.9,0.1
2026-10-01 18:00:00,강릉,ECMWF,2026-09-29 12:00:00,45,1,tcc,46.0,0.0,46.0
2026-10-01 18:00:00,강릉,ECMWF,2026-09-28 12:00:00,69,2,dswrf,246.0,271.3,-25.3
2026-10-01 18:00:00,강릉,ECMWF,2026-09-28 12:00:00,69,2,t2m,19.6,18.9,0.7
2026-10-01 18:00:00,강릉,ECMWF,2026-09-28 12:00:00,69,2,tcc,81.0,0.0,81.0
2026-10-01 18:00:00,강릉,ECMWF,2026-09-28 00:00:00,81,3,dswrf,270.0,271.3,-1.3
2026-10-01 18:00:00,강릉,ECMWF,2026-09-28 00:00:00,81,3,t2m,19.1,18.9,0.2
2026-10-01 18:00:00,강릉,ECMWF,2026-09-28 00:00:00,81,3,tcc,52.0,0.0,52.0
2026-10-01 18:00:00,강릉,ECMWF,2026-09-27 12:00:00,93,3,dswrf,237.0,271.3,-34.3
2026-10-01 18:00:00,강릉,ECMWF,2026-09-27 12:00:00,93,3,t2m,19.5,18.9,0.6
2026-10-01 18:00:00,강릉,ECMWF,2026-09-27 12:00:00,93,3,tcc,47.0,0.0,47.0
2026-10-01 18:00:00,강릉,ECMWF,2026-09-26 12:00:00,117,4,dswrf,266.0,271.3,-5.3
2026-10-01 18:00:00,강릉,ECMWF,2026-09-26 12:00:00,117,4,t2m,19.6,18.9,0.7
2026-10-01 18:00:00,강릉,ECMWF,2026-09-26 12:00:00,117,4,tcc,0.0,0.0,0.0
2026-10-01 18:00:00,강릉,ECMWF,2026-09-25 12:00:00,141,5,dswrf,268.0,271.3,-3.3
2026-10-01 18:00:00,강릉,ECMWF,2026-09-25 12:00:00,141,5,t2m,18.8,18.9,-0.1
2026-10-01 18:00:00,강릉,ECMWF,2026-09-25 12:00:00,141,5,tcc,2.0,0.0,2.0
2026-10-01 18:00:00,강릉,GFS,2026-10-01 00:00:00,9,0,dswrf,251.0,271.3,-20.3
2026-10-01 18:00:00,강릉,GFS,2026-10-01 00:00:00,9,0,t2m,19.1,18.9,0.2
2026-10-01 18:00:00,강릉,GFS,2026-10-01 00:00:00,9,0,tcc,24.0,0.0,24.0
2026-10-01 18:00:00,강릉,GFS,2026-09-30 18:00:00,15,0,dswrf,257.0,271.3,-14.3
2026-10-01 18:00:00,강릉,GFS,2026-09-30 18:00:00,15,0,t2m,19.1,18.9,0.2
2026-10-01 18:00:00,강릉,GFS,2026-09-30 18:00:00,15,0,tcc,4.0,0.0,4.0
2026-10-01 18:00:00,강릉,GFS,2026-09-30 12:00:00,21,0,dswrf,261.0,271.3,-10.3
2026-10-01 18:00:00,강릉,GFS,2026-09-30 12:00:00,21,0,t2m,18.7,18.9,-0.2
2026-10-01 18:00:00,강릉,GFS,2026-09-30 12:00:00,21,0,tcc,2.0,0.0,2.0
2026-10-01 18:00:00,강릉,GFS,2026-09-30 00:00:00,33,1,dswrf,256.0,271.3,-15.3
2026-10-01 18:00:00,강릉,GFS,2026-09-30 00:00:00,33,1,t2m,18.9,18.9,0.0
2026-10-01 18:00:00,강릉,GFS,2026-09-30 00:00:00,33,1,tcc,67.0,0.0,67.0
2026-10-01 18:00:00,강릉,GFS,2026-09-29 18:00:00,39,1,dswrf,258.0,271.3,-13.3
2026-10-01 18:00:00,강릉,GFS,2026-09-29 18:00:00,39,1,t2m,18.9,18.9,0.0
2026-10-01 18:00:00,강릉,GFS,2026-09-29 18:00:00,39,1,tcc,47.0,0.0,47.0
2026-10-01 18:00:00,강릉,GFS,2026-09-29 12:00:00,45,1,dswrf,255.0,271.3,-16.3
2026-10-01 18:00:00,강릉,GFS,2026-09-29 12:00:00,45,1,t2m,19.2,18.9,0.3
2026-10-01 18:00:00,강릉,GFS,2026-09-29 12:00:00,45,1,tcc,97.0,0.0,97.0
2026-10-01 18:00:00,강릉,GFS,2026-09-29 00:00:00,57,2,dswrf,259.0,271.3,-12.3
2026-10-01 18:00:00,강릉,GFS,2026-09-29 00:00:00,57,2,t2m,19.6,18.9,0.7
2026-10-01 18:00:00,강릉,GFS,2026-09-29 00:00:00,57,2,tcc,18.0,0.0,18.0
2026-10-01 18:00:00,강릉,GFS,2026-09-28 18:00:00,63,2,dswrf,261.0,271.3,-10.3
2026-10-01 18:00:00,강릉,GFS,2026-09-28 18:00:00,63,2,t2m,19.8,18.9,0.9
2026-10-01 18:00:00,강릉,GFS,2026-09-28 18:00:00,63,2,tcc,3.0,0.0,3.0
2026-10-01 18:00:00,강릉,GFS,2026-09-28 12:00:00,69,2,dswrf,260.0,271.3,-11.3
2026-10-01 18:00:00,강릉,GFS,2026-09-28 12:00:00,69,2,t2m,19.7,18.9,0.8
2026-10-01 18:00:00,강릉,GFS,2026-09-28 12:00:00,69,2,tcc,1.0,0.0,1.0
2026-10-01 18:00:00,강릉,GFS,2026-09-28 00:00:00,81,3,dswrf,262.0,271.3,-9.3
2026-10-01 18:00:00,강릉,GFS,2026-09-28 00:00:00,81,3,t2m,19.3,18.9,0.4
2026-10-01 18:00:00,강릉,GFS,2026-09-28 00:00:00,81,3,tcc,39.0,0.0,39.0
2026-10-01 18:00:00,강릉,GFS,2026-09-27 18:00:00,87,3,dswrf,260.0,271.3,-11.3
2026-10-01 18:00:00,강릉,GFS,2026-09-27 18:00:00,87,3,t2m,18.8,18.9,-0.1
2026-10-01 18:00:00,강릉,GFS,2026-09-27 18:00:00,87,3,tcc,0.0,0.0,0.0
2026-10-01 18:00:00,강릉,GFS,2026-09-27 12:00:00,93,3,dswrf,260.0,271.3,-11.3
2026-10-01 18:00:00,강릉,GFS,2026-09-27 12:00:00,93,3,t2m,18.6,18.9,-0.3
2026-10-01 18:00:00,강릉,GFS,2026-09-27 12:00:00,93,3,tcc,0.0,0.0,0.0
2026-10-01 18:00:00,강릉,GFS,2026-09-27 00:00:00,105,4,dswrf,259.0,271.3,-12.3
2026-10-01 18:00:00,강릉,GFS,2026-09-27 00:00:00,105,4,t2m,19.2,18.9,0.3
2026-10-01 18:00:00,강릉,GFS,2026-09-27 00:00:00,105,4,tcc,0.0,0.0,0.0
2026-10-01 18:00:00,강릉,GFS,2026-09-26 18:00:00,111,4,dswrf,259.0,271.3,-12.3
2026-10-01 18:00:00,강릉,GFS,2026-09-26 18:00:00,111,4,t2m,19.1,18.9,0.2
2026-10-01 18:00:00,강릉,GFS,2026-09-26 18:00:00,111,4,tcc,2.0,0.0,2.0
2026-10-01 18:00:00,강릉,KIM,2026-10-01 00:00:00,9,0,dswrf,248.0,271.3,-23.3
2026-10-01 18:00:00,강릉,KIM,2026-10-01 00:00:00,9,0,t2m,18.1,18.9,-0.8
2026-10-01 18:00:00,강릉,KIM,2026-10-01 00:00:00,9,0,tcc,3.0,0.0,3.0
2026-10-01 18:00:00,강릉,KIM,2026-09-30 12:00:00,21,0,dswrf,251.0,271.3,-20.3
2026-10-01 18:00:00,강릉,KIM,2026-09-30 12:00:00,21,0,t2m,17.6,18.9,-1.3
2026-10-01 18:00:00,강릉,KIM,2026-09-30 12:00:00,21,0,tcc,41.0,0.0,41.0
2026-10-01 18:00:00,강릉,KIM,2026-09-30 00:00:00,33,1,dswrf,252.0,271.3,-19.3
2026-10-01 18:00:00,강릉,KIM,2026-09-30 00:00:00,33,1,t2m,17.6,18.9,-1.3
2026-10-01 18:00:00,강릉,KIM,2026-09-30 00:00:00,33,1,tcc,0.0,0.0,0.0
2026-10-01 18:00:00,강릉,KIM,2026-09-29 12:00:00,45,1,dswrf,252.0,271.3,-19.3
2026-10-01 18:00:00,강릉,KIM,2026-09-29 12:00:00,45,1,t2m,17.5,18.9,-1.4
2026-10-01 18:00:00,강릉,KIM,2026-09-29 12:00:00,45,1,tcc,0.0,0.0,0.0
2026-10-01 18:00:00,강릉,KIM,2026-09-29 00:00:00,57,2,dswrf,252.0,271.3,-19.3
2026-10-01 18:00:00,강릉,KIM,2026-09-29 00:00:00,57,2,t2m,17.5,18.9,-1.4
2026-10-01 18:00:00,강릉,KIM,2026-09-29 00:00:00,57,2,tcc,0.0,0.0,0.0
2026-10-01 18:00:00,강릉,KIM,2026-09-28 12:00:00,69,2,dswrf,250.0,271.3,-21.3
2026-10-01 18:00:00,강릉,KIM,2026-09-28 12:00:00,69,2,t2m,17.5,18.9,-1.4
2026-10-01 18:00:00,강릉,KIM,2026-09-28 12:00:00,69,2,tcc,0.0,0.0,0.0
2026-10-01 18:00:00,강릉,KIM,2026-09-28 00:00:00,81,3,dswrf,249.0,271.3,-22.3
2026-10-01 18:00:00,강릉,KIM,2026-09-28 00:00:00,81,3,t2m,17.0,18.9,-1.9
2026-10-01 18:00:00,강릉,KIM,2026-09-28 00:00:00,81,3,tcc,0.0,0.0,0.0
2026-10-01 18:00:00,강릉,KIM,2026-09-27 12:00:00,93,3,dswrf,248.0,271.3,-23.3
2026-10-01 18:00:00,강릉,KIM,2026-09-27 12:00:00,93,3,t2m,17.2,18.9,-1.7
2026-10-01 18:00:00,강릉,KIM,2026-09-27 12:00:00,93,3,tcc,10.0,0.0,10.0
2026-10-01 18:00:00,강릉,KIM,2026-09-27 00:00:00,105,4,dswrf,249.0,271.3,-22.3
2026-10-01 18:00:00,강릉,KIM,2026-09-27 00:00:00,105,4,t2m,17.3,18.9,-1.6
2026-10-01 18:00:00,강릉,KIM,2026-09-27 00:00:00,105,4,tcc,11.0,0.0,11.0
2026-10-01 18:00:00,강릉,KIM,2026-09-26 12:00:00,117,4,dswrf,246.0,271.3,-25.3
2026-10-01 18:00:00,강릉,KIM,2026-09-26 12:00:00,117,4,t2m,17.4,18.9,-1.5
2026-10-01 18:00:00,강릉,KIM,2026-09-26 12:00:00,117,4,tcc,36.0,0.0,36.0
2026-10-01 18:00:00,광주,ECMWF,2026-09-30 12:00:00,21,0,dswrf,287.0,318.52,-31.52
2026-10-01 18:00:00,광주,ECMWF,2026-09-30 12:00:00,21,0,t2m,17.3,20.0,-2.7
2026-10-01 18:00:00,광주,ECMWF,2026-09-30 12:00:00,21,0,tcc,2.0,30.0,-28.0
2026-10-01 18:00:00,광주,ECMWF,2026-09-29 12:00:00,45,1,dswrf,304.0,318.52,-14.52
2026-10-01 18:00:00,광주,ECMWF,2026-09-29 12:00:00,45,1,t2m,17.1,20.0,-2.9
2026-10-01 18:00:00,광주,ECMWF,2026-09-29 12:00:00,45,1,tcc,13.0,30.0,-17.0
2026-10-01 18:00:00,광주,ECMWF,2026-09-28 12:00:00,69,2,dswrf,294.0,318.52,-24.52
2026-10-01 18:00:00,광주,ECMWF,2026-09-28 12:00:00,69,2,t2m,17.0,20.0,-3.0
2026-10-01 18:00:00,광주,ECMWF,2026-09-28 12:00:00,69,2,tcc,55.0,30.0,25.0
2026-10-01 18:00:00,광주,ECMWF,2026-09-28 00:00:00,81,3,dswrf,292.0,318.52,-26.52
2026-10-01 18:00:00,광주,ECMWF,2026-09-28 00:00:00,81,3,t2m,16.7,20.0,-3.3
2026-10-01 18:00:00,광주,ECMWF,2026-09-28 00:00:00,81,3,tcc,75.0,30.0,45.0
2026-10-01 18:00:00,광주,ECMWF,2026-09-27 12:00:00,93,3,dswrf,301.0,318.52,-17.52
2026-10-01 18:00:00,광주,ECMWF,2026-09-27 12:00:00,93,3,t2m,16.7,20.0,-3.3
2026-10-01 18:00:00,광주,ECMWF,2026-09-27 12:00:00,93,3,tcc,77.0,30.0,47.0
2026-10-01 18:00:00,광주,ECMWF,2026-09-26 12:00:00,117,4,dswrf,288.0,318.52,-30.52
2026-10-01 18:00:00,광주,ECMWF,2026-09-26 12:00:00,117,4,t2m,17.8,20.0,-2.2
2026-10-01 18:00:00,광주,ECMWF,2026-09-26 12:00:00,117,4,tcc,90.0,30.0,60.0
2026-10-01 18:00:00,광주,ECMWF,2026-09-25 12:00:00,141,5,dswrf,258.0,318.52,-60.52
2026-10-01 18:00:00,광주,ECMWF,2026-09-25 12:00:00,141,5,t2m,16.9,20.0,-3.1
2026-10-01 18:00:00,광주,ECMWF,2026-09-25 12:00:00,141,5,tcc,65.0,30.0,35.0
2026-10-01 18:00:00,광주,GFS,2026-10-01 00:00:00,9,0,dswrf,295.0,318.52,-23.52
2026-10-01 18:00:00,광주,GFS,2026-10-01 00:00:00,9,0,t2m,14.8,20.0,-5.2
2026-10-01 18:00:00,광주,GFS,2026-10-01 00:00:00,9,0,tcc,0.0,30.0,-30.0
2026-10-01 18:00:00,광주,GFS,2026-09-30 18:00:00,15,0,dswrf,295.0,318.52,-23.52
2026-10-01 18:00:00,광주,GFS,2026-09-30 18:00:00,15,0,t2m,15.0,20.0,-5.0
2026-10-01 18:00:00,광주,GFS,2026-09-30 18:00:00,15,0,tcc,6.0,30.0,-24.0
2026-10-01 18:00:00,광주,GFS,2026-09-30 12:00:00,21,0,dswrf,294.0,318.52,-24.52
2026-10-01 18:00:00,광주,GFS,2026-09-30 12:00:00,21,0,t2m,15.2,20.0,-4.8
2026-10-01 18:00:00,광주,GFS,2026-09-30 12:00:00,21,0,tcc,33.0,30.0,3.0
2026-10-01 18:00:00,광주,GFS,2026-09-30 00:00:00,33,1,dswrf,291.0,318.52,-27.52
2026-10-01 18:00:00,광주,GFS,2026-09-30 00:00:00,33,1,t2m,15.1,20.0,-4.9
2026-10-01 18:00:00,광주,GFS,2026-09-30 00:00:00,33,1,tcc,30.0,30.0,0.0
2026-10-01 18:00:00,광주,GFS,2026-09-29 18:00:00,39,1,dswrf,290.0,318.52,-28.52
2026-10-01 18:00:00,광주,GFS,2026-09-29 18:00:00,39,1,t2m,15.0,20.0,-5.0
2026-10-01 18:00:00,광주,GFS,2026-09-29 18:00:00,39,1,tcc,23.0,30.0,-7.0
2026-10-01 18:00:00,광주,GFS,2026-09-29 12:00:00,45,1,dswrf,266.0,318.52,-52.52
2026-10-01 18:00:00,광주,GFS,2026-09-29 12:00:00,45,1,t2m,15.3,20.0,-4.7
2026-10-01 18:00:00,광주,GFS,2026-09-29 12:00:00,45,1,tcc,59.0,30.0,29.0
2026-10-01 18:00:00,광주,GFS,2026-09-29 00:00:00,57,2,dswrf,227.0,318.52,-91.52
2026-10-01 18:00:00,광주,GFS,2026-09-29 00:00:00,57,2,t2m,16.0,20.0,-4.0
2026-10-01 18:00:00,광주,GFS,2026-09-29 00:00:00,57,2,tcc,91.0,30.0,61.0
2026-10-01 18:00:00,광주,GFS,2026-09-28 18:00:00,63,2,dswrf,279.0,318.52,-39.52
2026-10-01 18:00:00,광주,GFS,2026-09-28 18:00:00,63,2,t2m,15.6,20.0,-4.4
2026-10-01 18:00:00,광주,GFS,2026-09-28 18:00:00,63,2,tcc,80.0,30.0,50.0
2026-10-01 18:00:00,광주,GFS,2026-09-28 12:00:00,69,2,dswrf,296.0,318.52,-22.52
2026-10-01 18:00:00,광주,GFS,2026-09-28 12:00:00,69,2,t2m,16.2,20.0,-3.8
2026-10-01 18:00:00,광주,GFS,2026-09-28 12:00:00,69,2,tcc,61.0,30.0,31.0
2026-10-01 18:00:00,광주,GFS,2026-09-28 00:00:00,81,3,dswrf,296.0,318.52,-22.52
2026-10-01 18:00:00,광주,GFS,2026-09-28 00:00:00,81,3,t2m,15.7,20.0,-4.3
2026-10-01 18:00:00,광주,GFS,2026-09-28 00:00:00,81,3,tcc,79.0,30.0,49.0
2026-10-01 18:00:00,광주,GFS,2026-09-27 18:00:00,87,3,dswrf,295.0,318.52,-23.52
2026-10-01 18:00:00,광주,GFS,2026-09-27 18:00:00,87,3,t2m,15.9,20.0,-4.1
2026-10-01 18:00:00,광주,GFS,2026-09-27 18:00:00,87,3,tcc,1.0,30.0,-29.0
2026-10-01 18:00:00,광주,GFS,2026-09-27 12:00:00,93,3,dswrf,294.0,318.52,-24.52
2026-10-01 18:00:00,광주,GFS,2026-09-27 12:00:00,93,3,t2m,16.0,20.0,-4.0
2026-10-01 18:00:00,광주,GFS,2026-09-27 12:00:00,93,3,tcc,27.0,30.0,-3.0
2026-10-01 18:00:00,광주,GFS,2026-09-27 00:00:00,105,4,dswrf,294.0,318.52,-24.52
2026-10-01 18:00:00,광주,GFS,2026-09-27 00:00:00,105,4,t2m,15.6,20.0,-4.4
2026-10-01 18:00:00,광주,GFS,2026-09-27 00:00:00,105,4,tcc,12.0,30.0,-18.0
2026-10-01 18:00:00,광주,GFS,2026-09-26 18:00:00,111,4,dswrf,274.0,318.52,-44.52
2026-10-01 18:00:00,광주,GFS,2026-09-26 18:00:00,111,4,t2m,15.7,20.0,-4.3
2026-10-01 18:00:00,광주,GFS,2026-09-26 18:00:00,111,4,tcc,20.0,30.0,-10.0
2026-10-01 18:00:00,광주,KIM,2026-10-01 00:00:00,9,0,dswrf,284.0,318.52,-34.52
2026-10-01 18:00:00,광주,KIM,2026-10-01 00:00:00,9,0,t2m,17.6,20.0,-2.4
2026-10-01 18:00:00,광주,KIM,2026-10-01 00:00:00,9,0,tcc,1.0,30.0,-29.0
2026-10-01 18:00:00,광주,KIM,2026-09-30 12:00:00,21,0,dswrf,285.0,318.52,-33.52
2026-10-01 18:00:00,광주,KIM,2026-09-30 12:00:00,21,0,t2m,17.0,20.0,-3.0
2026-10-01 18:00:00,광주,KIM,2026-09-30 12:00:00,21,0,tcc,51.0,30.0,21.0
2026-10-01 18:00:00,광주,KIM,2026-09-30 00:00:00,33,1,dswrf,275.0,318.52,-43.52
2026-10-01 18:00:00,광주,KIM,2026-09-30 00:00:00,33,1,t2m,17.0,20.0,-3.0
2026-10-01 18:00:00,광주,KIM,2026-09-30 00:00:00,33,1,tcc,8.0,30.0,-22.0
2026-10-01 18:00:00,광주,KIM,2026-09-29 12:00:00,45,1,dswrf,290.0,318.52,-28.52
2026-10-01 18:00:00,광주,KIM,2026-09-29 12:00:00,45,1,t2m,16.9,20.0,-3.1
2026-10-01 18:00:00,광주,KIM,2026-09-29 12:00:00,45,1,tcc,90.0,30.0,60.0
2026-10-01 18:00:00,광주,KIM,2026-09-29 00:00:00,57,2,dswrf,293.0,318.52,-25.52
2026-10-01 18:00:00,광주,KIM,2026-09-29 00:00:00,57,2,t2m,16.8,20.0,-3.2
2026-10-01 18:00:00,광주,KIM,2026-09-29 00:00:00,57,2,tcc,18.0,30.0,-12.0
2026-10-01 18:00:00,광주,KIM,2026-09-28 12:00:00,69,2,dswrf,292.0,318.52,-26.52
2026-10-01 18:00:00,광주,KIM,2026-09-28 12:00:00,69,2,t2m,16.7,20.0,-3.3
2026-10-01 18:00:00,광주,KIM,2026-09-28 12:00:00,69,2,tcc,21.0,30.0,-9.0
2026-10-01 18:00:00,광주,KIM,2026-09-28 00:00:00,81,3,dswrf,290.0,318.52,-28.52
2026-10-01 18:00:00,광주,KIM,2026-09-28 00:00:00,81,3,t2m,16.8,20.0,-3.2
2026-10-01 18:00:00,광주,KIM,2026-09-28 00:00:00,81,3,tcc,0.0,30.0,-30.0
2026-10-01 18:00:00,광주,KIM,2026-09-27 12:00:00,93,3,dswrf,283.0,318.52,-35.52
2026-10-01 18:00:00,광주,KIM,2026-09-27 12:00:00,93,3,t2m,17.7,20.0,-2.3
2026-10-01 18:00:00,광주,KIM,2026-09-27 12:00:00,93,3,tcc,0.0,30.0,-30.0
2026-10-01 18:00:00,광주,KIM,2026-09-27 00:00:00,105,4,dswrf,289.0,318.52,-29.52
2026-10-01 18:00:00,광주,KIM,2026-09-27 00:00:00,105,4,t2m,17.5,20.0,-2.5
2026-10-01 18:00:00,광주,KIM,2026-09-27 00:00:00,105,4,tcc,0.0,30.0,-30.0
2026-10-01 18:00:00,광주,KIM,2026-09-26 12:00:00,117,4,dswrf,286.0,318.52,-32.52
2026-10-01 18:00:00,광주,KIM,2026-09-26 12:00:00,117,4,t2m,17.8,20.0,-2.2
2026-10-01 18:00:00,광주,KIM,2026-09-26 12:00:00,117,4,tcc,13.0,30.0,-17.0
2026-10-01 18:00:00,대구,ECMWF,2026-09-30 12:00:00,21,0,dswrf,283.0,296.3,-13.3
2026-10-01 18:00:00,대구,ECMWF,2026-09-30 12:00:00,21,0,t2m,16.8,21.4,-4.6
2026-10-01 18:00:00,대구,ECMWF,2026-09-30 12:00:00,21,0,tcc,4.0,0.0,4.0
2026-10-01 18:00:00,대구,ECMWF,2026-09-29 12:00:00,45,1,dswrf,285.0,296.3,-11.3
2026-10-01 18:00:00,대구,ECMWF,2026-09-29 12:00:00,45,1,t2m,16.0,21.4,-5.4
2026-10-01 18:00:00,대구,ECMWF,2026-09-29 12:00:00,45,1,tcc,3.0,0.0,3.0
2026-10-01 18:00:00,대구,ECMWF,2026-09-28 12:00:00,69,2,dswrf,286.0,296.3,-10.3
2026-10-01 18:00:00,대구,ECMWF,2026-09-28 12:00:00,69,2,t2m,16.3,21.4,-5.1
2026-10-01 18:00:00,대구,ECMWF,2026-09-28 12:00:00,69,2,tcc,9.0,0.0,9.0
2026-10-01 18:00:00,대구,ECMWF,2026-09-28 00:00:00,81,3,dswrf,289.0,296.3,-7.3
2026-10-01 18:00:00,대구,ECMWF,2026-09-28 00:00:00,81,3,t2m,15.8,21.4,-5.6
2026-10-01 18:00:00,대구,ECMWF,2026-09-28 00:00:00,81,3,tcc,43.0,0.0,43.0
2026-10-01 18:00:00,대구,ECMWF,2026-09-27 12:00:00,93,3,dswrf,288.0,296.3,-8.3
2026-10-01 18:00:00,대구,ECMWF,2026-09-27 12:00:00,93,3,t2m,16.0,21.4,-5.4
2026-10-01 18:00:00,대구,ECMWF,2026-09-27 12:00:00,93,3,tcc,37.0,0.0,37.0
2026-10-01 18:00:00,대구,ECMWF,2026-09-26 12:00:00,117,4,dswrf,281.0,296.3,-15.3
2026-10-01 18:00:00,대구,ECMWF,2026-09-26 12:00:00,117,4,t2m,17.2,21.4,-4.2
2026-10-01 18:00:00,대구,ECMWF,2026-09-26 12:00:00,117,4,tcc,28.0,0.0,28.0
2026-10-01 18:00:00,대구,ECMWF,2026-09-25 12:00:00,141,5,dswrf,264.0,296.3,-32.3
2026-10-01 18:00:00,대구,ECMWF,2026-09-25 12:00:00,141,5,t2m,17.1,21.4,-4.3
2026-10-01 18:00:00,대구,ECMWF,2026-09-25 12:00:00,141,5,tcc,63.0,0.0,63.0
2026-10-01 18:00:00,대구,GFS,2026-10-01 00:00:00,9,0,dswrf,268.0,296.3,-28.3
2026-10-01 18:00:00,대구,GFS,2026-10-01 00:00:00,9,0,t2m,14.4,21.4,-7.0
2026-10-01 18:00:00,대구,GFS,2026-10-01 00:00:00,9,0,tcc,3.0,0.0,3.0
2026-10-01 18:00:00,대구,GFS,2026-09-30 18:00:00,15,0,dswrf,268.0,296.3,-28.3
2026-10-01 18:00:00,대구,GFS,2026-09-30 18:00:00,15,0,t2m,14.5,21.4,-6.9
2026-10-01 18:00:00,대구,GFS,2026-09-30 18:00:00,15,0,tcc,53.0,0.0,53.0
2026-10-01 18:00:00,대구,GFS,2026-09-30 12:00:00,21,0,dswrf,271.0,296.3,-25.3
2026-10-01 18:00:00,대구,GFS,2026-09-30 12:00:00,21,0,t2m,14.4,21.4,-7.0
2026-10-01 18:00:00,대구,GFS,2026-09-30 12:00:00,21,0,tcc,3.0,0.0,3.0
2026-10-01 18:00:00,대구,GFS,2026-09-30 00:00:00,33,1,dswrf,272.0,296.3,-24.3
2026-10-01 18:00:00,대구,GFS,2026-09-30 00:00:00,33,1,t2m,14.4,21.4,-7.0
2026-10-01 18:00:00,대구,GFS,2026-09-30 00:00:00,33,1,tcc,5.0,0.0,5.0
2026-10-01 18:00:00,대구,GFS,2026-09-29 18:00:00,39,1,dswrf,271.0,296.3,-25.3
2026-10-01 18:00:00,대구,GFS,2026-09-29 18:00:00,39,1,t2m,14.4,21.4,-7.0
2026-10-01 18:00:00,대구,GFS,2026-09-29 18:00:00,39,1,tcc,5.0,0.0,5.0
2026-10-01 18:00:00,대구,GFS,2026-09-29 12:00:00,45,1,dswrf,271.0,296.3,-25.3
2026-10-01 18:00:00,대구,GFS,2026-09-29 12:00:00,45,1,t2m,14.4,21.4,-7.0
2026-10-01 18:00:00,대구,GFS,2026-09-29 12:00:00,45,1,tcc,42.0,0.0,42.0
2026-10-01 18:00:00,대구,GFS,2026-09-29 00:00:00,57,2,dswrf,265.0,296.3,-31.3
2026-10-01 18:00:00,대구,GFS,2026-09-29 00:00:00,57,2,t2m,14.5,21.4,-6.9
2026-10-01 18:00:00,대구,GFS,2026-09-29 00:00:00,57,2,tcc,64.0,0.0,64.0
2026-10-01 18:00:00,대구,GFS,2026-09-28 18:00:00,63,2,dswrf,272.0,296.3,-24.3
2026-10-01 18:00:00,대구,GFS,2026-09-28 18:00:00,63,2,t2m,14.8,21.4,-6.6
2026-10-01 18:00:00,대구,GFS,2026-09-28 18:00:00,63,2,tcc,14.0,0.0,14.0
2026-10-01 18:00:00,대구,GFS,2026-09-28 12:00:00,69,2,dswrf,275.0,296.3,-21.3
2026-10-01 18:00:00,대구,GFS,2026-09-28 12:00:00,69,2,t2m,14.9,21.4,-6.5
2026-10-01 18:00:00,대구,GFS,2026-09-28 12:00:00,69,2,tcc,5.0,0.0,5.0
2026-10-01 18:00:00,대구,GFS,2026-09-28 00:00:00,81,3,dswrf,274.0,296.3,-22.3
2026-10-01 18:00:00,대구,GFS,2026-09-28 00:00:00,81,3,t2m,15.0,21.4,-6.4
2026-10-01 18:00:00,대구,GFS,2026-09-28 00:00:00,81,3,tcc,17.0,0.0,17.0
2026-10-01 18:00:00,대구,GFS,2026-09-27 18:00:00,87,3,dswrf,271.0,296.3,-25.3
2026-10-01 18:00:00,대구,GFS,2026-09-27 18:00:00,87,3,t2m,15.0,21.4,-6.4
2026-10-01 18:00:00,대구,GFS,2026-09-27 18:00:00,87,3,tcc,19.0,0.0,19.0
2026-10-01 18:00:00,대구,GFS,2026-09-27 12:00:00,93,3,dswrf,270.0,296.3,-26.3
2026-10-01 18:00:00,대구,GFS,2026-09-27 12:00:00,93,3,t2m,15.4,21.4,-6.0
2026-10-01 18:00:00,대구,GFS,2026-09-27 12:00:00,93,3,tcc,2.0,0.0,2.0
2026-10-01 18:00:00,대구,GFS,2026-09-27 00:00:00,105,4,dswrf,270.0,296.3,-26.3
2026-10-01 18:00:00,대구,GFS,2026-09-27 00:00:00,105,4,t2m,15.0,21.4,-6.4
2026-10-01 18:00:00,대구,GFS,2026-09-27 00:00:00,105,4,tcc,0.0,0.0,0.0
2026-10-01 18:00:00,대구,GFS,2026-09-26 18:00:00,111,4,dswrf,273.0,296.3,-23.3
2026-10-01 18:00:00,대구,GFS,2026-09-26 18:00:00,111,4,t2m,14.4,21.4,-7.0
2026-10-01 18:00:00,대구,GFS,2026-09-26 18:00:00,111,4,tcc,3.0,0.0,3.0
2026-10-01 18:00:00,대구,KIM,2026-10-01 00:00:00,9,0,dswrf,270.0,296.3,-26.3
2026-10-01 18:00:00,대구,KIM,2026-10-01 00:00:00,9,0,t2m,17.2,21.4,-4.2
2026-10-01 18:00:00,대구,KIM,2026-10-01 00:00:00,9,0,tcc,2.0,0.0,2.0
2026-10-01 18:00:00,대구,KIM,2026-09-30 12:00:00,21,0,dswrf,270.0,296.3,-26.3
2026-10-01 18:00:00,대구,KIM,2026-09-30 12:00:00,21,0,t2m,16.5,21.4,-4.9
2026-10-01 18:00:00,대구,KIM,2026-09-30 12:00:00,21,0,tcc,1.0,0.0,1.0
2026-10-01 18:00:00,대구,KIM,2026-09-30 00:00:00,33,1,dswrf,270.0,296.3,-26.3
2026-10-01 18:00:00,대구,KIM,2026-09-30 00:00:00,33,1,t2m,16.3,21.4,-5.1
2026-10-01 18:00:00,대구,KIM,2026-09-30 00:00:00,33,1,tcc,21.0,0.0,21.0
2026-10-01 18:00:00,대구,KIM,2026-09-29 12:00:00,45,1,dswrf,279.0,296.3,-17.3
2026-10-01 18:00:00,대구,KIM,2026-09-29 12:00:00,45,1,t2m,16.0,21.4,-5.4
2026-10-01 18:00:00,대구,KIM,2026-09-29 12:00:00,45,1,tcc,35.0,0.0,35.0
2026-10-01 18:00:00,대구,KIM,2026-09-29 00:00:00,57,2,dswrf,280.0,296.3,-16.3
2026-10-01 18:00:00,대구,KIM,2026-09-29 00:00:00,57,2,t2m,15.8,21.4,-5.6
2026-10-01 18:00:00,대구,KIM,2026-09-29 00:00:00,57,2,tcc,8.0,0.0,8.0
2026-10-01 18:00:00,대구,KIM,2026-09-28 12:00:00,69,2,dswrf,281.0,296.3,-15.3
2026-10-01 18:00:00,대구,KIM,2026-09-28 12:00:00,69,2,t2m,15.5,21.4,-5.9
2026-10-01 18:00:00,대구,KIM,2026-09-28 12:00:00,69,2,tcc,0.0,0.0,0.0
2026-10-01 18:00:00,대구,KIM,2026-09-28 00:00:00,81,3,dswrf,281.0,296.3,-15.3
2026-10-01 18:00:00,대구,KIM,2026-09-28 00:00:00,81,3,t2m,15.4,21.4,-6.0
2026-10-01 18:00:00,대구,KIM,2026-09-28 00:00:00,81,3,tcc,0.0,0.0,0.0
2026-10-01 18:00:00,대구,KIM,2026-09-27 12:00:00,93,3,dswrf,272.0,296.3,-24.3
2026-10-01 18:00:00,대구,KIM,2026-09-27 12:00:00,93,3,t2m,16.2,21.4,-5.2
2026-10-01 18:00:00,대구,KIM,2026-09-27 12:00:00,93,3,tcc,0.0,0.0,0.0
2026-10-01 18:00:00,대구,KIM,2026-09-27 00:00:00,105,4,dswrf,279.0,296.3,-17.3
2026-10-01 18:00:00,대구,KIM,2026-09-27 00:00:00,105,4,t2m,16.0,21.4,-5.4
2026-10-01 18:00:00,대구,KIM,2026-09-27 00:00:00,105,4,tcc,0.0,0.0,0.0
2026-10-01 18:00:00,대구,KIM,2026-09-26 12:00:00,117,4,dswrf,275.0,296.3,-21.3
2026-10-01 18:00:00,대구,KIM,2026-09-26 12:00:00,117,4,t2m,16.2,21.4,-5.2
2026-10-01 18:00:00,대구,KIM,2026-09-26 12:00:00,117,4,tcc,6.0,0.0,6.0
2026-10-01 18:00:00,대전,ECMWF,2026-09-30 12:00:00,21,0,dswrf,298.0,312.96,-14.96
2026-10-01 18:00:00,대전,ECMWF,2026-09-30 12:00:00,21,0,t2m,16.1,18.3,-2.2
2026-10-01 18:00:00,대전,ECMWF,2026-09-30 12:00:00,21,0,tcc,18.0,0.0,18.0
2026-10-01 18:00:00,대전,ECMWF,2026-09-29 12:00:00,45,1,dswrf,286.0,312.96,-26.96
2026-10-01 18:00:00,대전,ECMWF,2026-09-29 12:00:00,45,1,t2m,16.5,18.3,-1.8
2026-10-01 18:00:00,대전,ECMWF,2026-09-29 12:00:00,45,1,tcc,21.0,0.0,21.0
2026-10-01 18:00:00,대전,ECMWF,2026-09-28 12:00:00,69,2,dswrf,296.0,312.96,-16.96
2026-10-01 18:00:00,대전,ECMWF,2026-09-28 12:00:00,69,2,t2m,16.3,18.3,-2.0
2026-10-01 18:00:00,대전,ECMWF,2026-09-28 12:00:00,69,2,tcc,59.0,0.0,59.0
2026-10-01 18:00:00,대전,ECMWF,2026-09-28 00:00:00,81,3,dswrf,279.0,312.96,-33.96
2026-10-01 18:00:00,대전,ECMWF,2026-09-28 00:00:00,81,3,t2m,16.2,18.3,-2.1
2026-10-01 18:00:00,대전,ECMWF,2026-09-28 00:00:00,81,3,tcc,32.0,0.0,32.0
2026-10-01 18:00:00,대전,ECMWF,2026-09-27 12:00:00,93,3,dswrf,287.0,312.96,-25.96
2026-10-01 18:00:00,대전,ECMWF,2026-09-27 12:00:00,93,3,t2m,16.9,18.3,-1.4
2026-10-01 18:00:00,대전,ECMWF,2026-09-27 12:00:00,93,3,tcc,34.0,0.0,34.0
2026-10-01 18:00:00,대전,ECMWF,2026-09-26 12:00:00,117,4,dswrf,295.0,312.96,-17.96
2026-10-01 18:00:00,대전,ECMWF,2026-09-26 12:00:00,117,4,t2m,16.7,18.3,-1.6
2026-10-01 18:00:00,대전,ECMWF,2026-09-26 12:00:00,117,4,tcc,8.0,0.0,8.0
2026-10-01 18:00:00,대전,ECMWF,2026-09-25 12:00:00,141,5,dswrf,292.0,312.96,-20.96
2026-10-01 18:00:00,대전,ECMWF,2026-09-25 12:00:00,141,5,t2m,16.4,18.3,-1.9
2026-10-01 18:00:00,대전,ECMWF,2026-09-25 12:00:00,141,5,tcc,24.0,0.0,24.0
2026-10-01 18:00:00,대전,GFS,2026-10-01 00:00:00,9,0,dswrf,291.0,312.96,-21.96
2026-10-01 18:00:00,대전,GFS,2026-10-01 00:00:00,9,0,t2m,14.2,18.3,-4.1
2026-10-01 18:00:00,대전,GFS,2026-10-01 00:00:00,9,0,tcc,1.0,0.0,1.0
2026-10-01 18:00:00,대전,GFS,2026-09-30 18:00:00,15,0,dswrf,292.0,312.96,-20.96
2026-10-01 18:00:00,대전,GFS,2026-09-30 18:00:00,15,0,t2m,14.2,18.3,-4.1
2026-10-01 18:00:00,대전,GFS,2026-09-30 18:00:00,15,0,tcc,23.0,0.0,23.0
2026-10-01 18:00:00,대전,GFS,2026-09-30 12:00:00,21,0,dswrf,290.0,312.96,-22.96
2026-10-01 18:00:00,대전,GFS,2026-09-30 12:00:00,21,0,t2m,14.5,18.3,-3.8
2026-10-01 18:00:00,대전,GFS,2026-09-30 12:00:00,21,0,tcc,3.0,0.0,3.0
2026-10-01 18:00:00,대전,GFS,2026-09-30 00:00:00,33,1,dswrf,282.0,312.96,-30.96
2026-10-01 18:00:00,대전,GFS,2026-09-30 00:00:00,33,1,t2m,15.4,18.3,-2.9
2026-10-01 18:00:00,대전,GFS,2026-09-30 00:00:00,33,1,tcc,29.0,0.0,29.0
2026-10-01 18:00:00,대전,GFS,2026-09-29 18:00:00,39,1,dswrf,277.0,312.96,-35.96
2026-10-01 18:00:00,대전,GFS,2026-09-29 18:00:00,39,1,t2m,15.5,18.3,-2.8
2026-10-01 18:00:00,대전,GFS,2026-09-29 18:00:00,39,1,tcc,27.0,0.0,27.0
2026-10-01 18:00:00,대전,GFS,2026-09-29 12:00:00,45,1,dswrf,274.0,312.96,-38.96
2026-10-01 18:00:00,대전,GFS,2026-09-29 12:00:00,45,1,t2m,15.7,18.3,-2.6
2026-10-01 18:00:00,대전,GFS,2026-09-29 12:00:00,45,1,tcc,73.0,0.0,73.0
2026-10-01 18:00:00,대전,GFS,2026-09-29 00:00:00,57,2,dswrf,254.0,312.96,-58.96
2026-10-01 18:00:00,대전,GFS,2026-09-29 00:00:00,57,2,t2m,16.1,18.3,-2.2
2026-10-01 18:00:00,대전,GFS,2026-09-29 00:00:00,57,2,tcc,90.0,0.0,90.0
2026-10-01 18:00:00,대전,GFS,2026-09-28 18:00:00,63,2,dswrf,280.0,312.96,-32.96
2026-10-01 18:00:00,대전,GFS,2026-09-28 18:00:00,63,2,t2m,15.6,18.3,-2.7
2026-10-01 18:00:00,대전,GFS,2026-09-28 18:00:00,63,2,tcc,23.0,0.0,23.0
2026-10-01 18:00:00,대전,GFS,2026-09-28 12:00:00,69,2,dswrf,285.0,312.96,-27.96
2026-10-01 18:00:00,대전,GFS,2026-09-28 12:00:00,69,2,t2m,15.4,18.3,-2.9
2026-10-01 18:00:00,대전,GFS,2026-09-28 12:00:00,69,2,tcc,16.0,0.0,16.0
2026-10-01 18:00:00,대전,GFS,2026-09-28 00:00:00,81,3,dswrf,285.0,312.96,-27.96
2026-10-01 18:00:00,대전,GFS,2026-09-28 00:00:00,81,3,t2m,15.5,18.3,-2.8
2026-10-01 18:00:00,대전,GFS,2026-09-28 00:00:00,81,3,tcc,22.0,0.0,22.0
2026-10-01 18:00:00,대전,GFS,2026-09-27 18:00:00,87,3,dswrf,285.0,312.96,-27.96
2026-10-01 18:00:00,대전,GFS,2026-09-27 18:00:00,87,3,t2m,15.5,18.3,-2.8
2026-10-01 18:00:00,대전,GFS,2026-09-27 18:00:00,87,3,tcc,19.0,0.0,19.0
2026-10-01 18:00:00,대전,GFS,2026-09-27 12:00:00,93,3,dswrf,284.0,312.96,-28.96
2026-10-01 18:00:00,대전,GFS,2026-09-27 12:00:00,93,3,t2m,15.1,18.3,-3.2
2026-10-01 18:00:00,대전,GFS,2026-09-27 12:00:00,93,3,tcc,48.0,0.0,48.0
2026-10-01 18:00:00,대전,GFS,2026-09-27 00:00:00,105,4,dswrf,281.0,312.96,-31.96
2026-10-01 18:00:00,대전,GFS,2026-09-27 00:00:00,105,4,t2m,15.6,18.3,-2.7
2026-10-01 18:00:00,대전,GFS,2026-09-27 00:00:00,105,4,tcc,0.0,0.0,0.0
2026-10-01 18:00:00,대전,GFS,2026-09-26 18:00:00,111,4,dswrf,274.0,312.96,-38.96
2026-10-01 18:00:00,대전,GFS,2026-09-26 18:00:00,111,4,t2m,15.3,18.3,-3.0
2026-10-01 18:00:00,대전,GFS,2026-09-26 18:00:00,111,4,tcc,59.0,0.0,59.0
2026-10-01 18:00:00,대전,KIM,2026-10-01 00:00:00,9,0,dswrf,278.0,312.96,-34.96
2026-10-01 18:00:00,대전,KIM,2026-10-01 00:00:00,9,0,t2m,15.8,18.3,-2.5
2026-10-01 18:00:00,대전,KIM,2026-10-01 00:00:00,9,0,tcc,36.0,0.0,36.0
2026-10-01 18:00:00,대전,KIM,2026-09-30 12:00:00,21,0,dswrf,277.0,312.96,-35.96
2026-10-01 18:00:00,대전,KIM,2026-09-30 12:00:00,21,0,t2m,15.9,18.3,-2.4
2026-10-01 18:00:00,대전,KIM,2026-09-30 12:00:00,21,0,tcc,23.0,0.0,23.0
2026-10-01 18:00:00,대전,KIM,2026-09-30 00:00:00,33,1,dswrf,278.0,312.96,-34.96
2026-10-01 18:00:00,대전,KIM,2026-09-30 00:00:00,33,1,t2m,15.6,18.3,-2.7
2026-10-01 18:00:00,대전,KIM,2026-09-30 00:00:00,33,1,tcc,28.0,0.0,28.0
2026-10-01 18:00:00,대전,KIM,2026-09-29 12:00:00,45,1,dswrf,278.0,312.96,-34.96
2026-10-01 18:00:00,대전,KIM,2026-09-29 12:00:00,45,1,t2m,15.4,18.3,-2.9
2026-10-01 18:00:00,대전,KIM,2026-09-29 12:00:00,45,1,tcc,13.0,0.0,13.0
2026-10-01 18:00:00,대전,KIM,2026-09-29 00:00:00,57,2,dswrf,280.0,312.96,-32.96
2026-10-01 18:00:00,대전,KIM,2026-09-29 00:00:00,57,2,t2m,15.6,18.3,-2.7
2026-10-01 18:00:00,대전,KIM,2026-09-29 00:00:00,57,2,tcc,0.0,0.0,0.0
2026-10-01 18:00:00,대전,KIM,2026-09-28 12:00:00,69,2,dswrf,279.0,312.96,-33.96
2026-10-01 18:00:00,대전,KIM,2026-09-28 12:00:00,69,2,t2m,15.7,18.3,-2.6
2026-10-01 18:00:00,대전,KIM,2026-09-28 12:00:00,69,2,tcc,0.0,0.0,0.0
2026-10-01 18:00:00,대전,KIM,2026-09-28 00:00:00,81,3,dswrf,279.0,312.96,-33.96
2026-10-01 18:00:00,대전,KIM,2026-09-28 00:00:00,81,3,t2m,15.3,18.3,-3.0
2026-10-01 18:00:00,대전,KIM,2026-09-28 00:00:00,81,3,tcc,22.0,0.0,22.0
2026-10-01 18:00:00,대전,KIM,2026-09-27 12:00:00,93,3,dswrf,273.0,312.96,-39.96
2026-10-01 18:00:00,대전,KIM,2026-09-27 12:00:00,93,3,t2m,16.6,18.3,-1.7
2026-10-01 18:00:00,대전,KIM,2026-09-27 12:00:00,93,3,tcc,0.0,0.0,0.0
2026-10-01 18:00:00,대전,KIM,2026-09-27 00:00:00,105,4,dswrf,273.0,312.96,-39.96
2026-10-01 18:00:00,대전,KIM,2026-09-27 00:00:00,105,4,t2m,17.2,18.3,-1.1
2026-10-01 18:00:00,대전,KIM,2026-09-27 00:00:00,105,4,tcc,7.0,0.0,7.0
2026-10-01 18:00:00,대전,KIM,2026-09-26 12:00:00,117,4,dswrf,252.0,312.96,-60.96
2026-10-01 18:00:00,대전,KIM,2026-09-26 12:00:00,117,4,t2m,17.2,18.3,-1.1
2026-10-01 18:00:00,대전,KIM,2026-09-26 12:00:00,117,4,tcc,87.0,0.0,87.0
2026-10-01 18:00:00,부산,ECMWF,2026-09-30 12:00:00,21,0,dswrf,264.0,93.52,170.48
2026-10-01 18:00:00,부산,ECMWF,2026-09-30 12:00:00,21,0,t2m,23.2,21.7,1.5
2026-10-01 18:00:00,부산,ECMWF,2026-09-30 12:00:00,21,0,tcc,1.0,30.0,-29.0
2026-10-01 18:00:00,부산,ECMWF,2026-09-29 12:00:00,45,1,dswrf,273.0,93.52,179.48
2026-10-01 18:00:00,부산,ECMWF,2026-09-29 12:00:00,45,1,t2m,21.9,21.7,0.2
2026-10-01 18:00:00,부산,ECMWF,2026-09-29 12:00:00,45,1,tcc,9.0,30.0,-21.0
2026-10-01 18:00:00,부산,ECMWF,2026-09-28 12:00:00,69,2,dswrf,274.0,93.52,180.48
2026-10-01 18:00:00,부산,ECMWF,2026-09-28 12:00:00,69,2,t2m,22.5,21.7,0.8
2026-10-01 18:00:00,부산,ECMWF,2026-09-28 12:00:00,69,2,tcc,53.0,30.0,23.0
2026-10-01 18:00:00,부산,ECMWF,2026-09-28 00:00:00,81,3,dswrf,254.0,93.52,160.48
2026-10-01 18:00:00,부산,ECMWF,2026-09-28 00:00:00,81,3,t2m,21.9,21.7,0.2
2026-10-01 18:00:00,부산,ECMWF,2026-09-28 00:00:00,81,3,tcc,56.0,30.0,26.0
2026-10-01 18:00:00,부산,ECMWF,2026-09-27 12:00:00,93,3,dswrf,286.0,93.52,192.48
2026-10-01 18:00:00,부산,ECMWF,2026-09-27 12:00:00,93,3,t2m,21.7,21.7,0.0
2026-10-01 18:00:00,부산,ECMWF,2026-09-27 12:00:00,93,3,tcc,15.0,30.0,-15.0
2026-10-01 18:00:00,부산,ECMWF,2026-09-26 12:00:00,117,4,dswrf,279.0,93.52,185.48
2026-10-01 18:00:00,부산,ECMWF,2026-09-26 12:00:00,117,4,t2m,22.9,21.7,1.2
2026-10-01 18:00:00,부산,ECMWF,2026-09-26 12:00:00,117,4,tcc,59.0,30.0,29.0
2026-10-01 18:00:00,부산,ECMWF,2026-09-25 12:00:00,141,5,dswrf,284.0,93.52,190.48
2026-10-01 18:00:00,부산,ECMWF,2026-09-25 12:00:00,141,5,t2m,22.3,21.7,0.6
2026-10-01 18:00:00,부산,ECMWF,2026-09-25 12:00:00,141,5,tcc,52.0,30.0,22.0
2026-10-01 18:00:00,부산,GFS,2026-10-01 00:00:00,9,0,dswrf,201.0,93.52,107.48
2026-10-01 18:00:00,부산,GFS,2026-10-01 00:00:00,9,0,t2m,22.1,21.7,0.4
2026-10-01 18:00:00,부산,GFS,2026-10-01 00:00:00,9,0,tcc,55.0,30.0,25.0
2026-10-01 18:00:00,부산,GFS,2026-09-30 18:00:00,15,0,dswrf,221.0,93.52,127.48
2026-10-01 18:00:00,부산,GFS,2026-09-30 18:00:00,15,0,t2m,22.8,21.7,1.1
2026-10-01 18:00:00,부산,GFS,2026-09-30 18:00:00,15,0,tcc,51.0,30.0,21.0
2026-10-01 18:00:00,부산,GFS,2026-09-30 12:00:00,21,0,dswrf,265.0,93.52,171.48
2026-10-01 18:00:00,부산,GFS,2026-09-30 12:00:00,21,0,t2m,22.7,21.7,1.0
2026-10-01 18:00:00,부산,GFS,2026-09-30 12:00:00,21,0,tcc,19.0,30.0,-11.0
2026-10-01 18:00:00,부산,GFS,2026-09-30 00:00:00,33,1,dswrf,268.0,93.52,174.48
2026-10-01 18:00:00,부산,GFS,2026-09-30 00:00:00,33,1,t2m,22.7,21.7,1.0
2026-10-01 18:00:00,부산,GFS,2026-09-30 00:00:00,33,1,tcc,6.0,30.0,-24.0
2026-10-01 18:00:00,부산,GFS,2026-09-29 18:00:00,39,1,dswrf,270.0,93.52,176.48
2026-10-01 18:00:00,부산,GFS,2026-09-29 18:00:00,39,1,t2m,22.0,21.7,0.3
2026-10-01 18:00:00,부산,GFS,2026-09-29 18:00:00,39,1,tcc,5.0,30.0,-25.0
2026-10-01 18:00:00,부산,GFS,2026-09-29 12:00:00,45,1,dswrf,269.0,93.52,175.48
2026-10-01 18:00:00,부산,GFS,2026-09-29 12:00:00,45,1,t2m,21.9,21.7,0.2
2026-10-01 18:00:00,부산,GFS,2026-09-29 12:00:00,45,1,tcc,6.0,30.0,-24.0
2026-10-01 18:00:00,부산,GFS,2026-09-29 00:00:00,57,2,dswrf,260.0,93.52,166.48
2026-10-01 18:00:00,부산,GFS,2026-09-29 00:00:00,57,2,t2m,22.3,21.7,0.6
2026-10-01 18:00:00,부산,GFS,2026-09-29 00:00:00,57,2,tcc,90.0,30.0,60.0
2026-10-01 18:00:00,부산,GFS,2026-09-28 18:00:00,63,2,dswrf,247.0,93.52,153.48
2026-10-01 18:00:00,부산,GFS,2026-09-28 18:00:00,63,2,t2m,22.3,21.7,0.6
2026-10-01 18:00:00,부산,GFS,2026-09-28 18:00:00,63,2,tcc,29.0,30.0,-1.0
2026-10-01 18:00:00,부산,GFS,2026-09-28 12:00:00,69,2,dswrf,280.0,93.52,186.48
2026-10-01 18:00:00,부산,GFS,2026-09-28 12:00:00,69,2,t2m,22.0,21.7,0.3
2026-10-01 18:00:00,부산,GFS,2026-09-28 12:00:00,69,2,tcc,2.0,30.0,-28.0
2026-10-01 18:00:00,부산,GFS,2026-09-28 00:00:00,81,3,dswrf,285.0,93.52,191.48
2026-10-01 18:00:00,부산,GFS,2026-09-28 00:00:00,81,3,t2m,21.7,21.7,0.0
2026-10-01 18:00:00,부산,GFS,2026-09-28 00:00:00,81,3,tcc,3.0,30.0,-27.0
2026-10-01 18:00:00,부산,GFS,2026-09-27 18:00:00,87,3,dswrf,286.0,93.52,192.48
2026-10-01 18:00:00,부산,GFS,2026-09-27 18:00:00,87,3,t2m,21.7,21.7,0.0
2026-10-01 18:00:00,부산,GFS,2026-09-27 18:00:00,87,3,tcc,0.0,30.0,-30.0
2026-10-01 18:00:00,부산,GFS,2026-09-27 12:00:00,93,3,dswrf,281.0,93.52,187.48
2026-10-01 18:00:00,부산,GFS,2026-09-27 12:00:00,93,3,t2m,21.9,21.7,0.2
2026-10-01 18:00:00,부산,GFS,2026-09-27 12:00:00,93,3,tcc,0.0,30.0,-30.0
2026-10-01 18:00:00,부산,GFS,2026-09-27 00:00:00,105,4,dswrf,282.0,93.52,188.48
2026-10-01 18:00:00,부산,GFS,2026-09-27 00:00:00,105,4,t2m,21.8,21.7,0.1
2026-10-01 18:00:00,부산,GFS,2026-09-27 00:00:00,105,4,tcc,0.0,30.0,-30.0
2026-10-01 18:00:00,부산,GFS,2026-09-26 18:00:00,111,4,dswrf,274.0,93.52,180.48
2026-10-01 18:00:00,부산,GFS,2026-09-26 18:00:00,111,4,t2m,22.2,21.7,0.5
2026-10-01 18:00:00,부산,GFS,2026-09-26 18:00:00,111,4,tcc,15.0,30.0,-15.0
2026-10-01 18:00:00,부산,KIM,2026-10-01 00:00:00,9,0,dswrf,252.0,93.52,158.48
2026-10-01 18:00:00,부산,KIM,2026-10-01 00:00:00,9,0,t2m,20.6,21.7,-1.1
2026-10-01 18:00:00,부산,KIM,2026-10-01 00:00:00,9,0,tcc,1.0,30.0,-29.0
2026-10-01 18:00:00,부산,KIM,2026-09-30 12:00:00,21,0,dswrf,254.0,93.52,160.48
2026-10-01 18:00:00,부산,KIM,2026-09-30 12:00:00,21,0,t2m,19.7,21.7,-2.0
2026-10-01 18:00:00,부산,KIM,2026-09-30 12:00:00,21,0,tcc,26.0,30.0,-4.0
2026-10-01 18:00:00,부산,KIM,2026-09-30 00:00:00,33,1,dswrf,256.0,93.52,162.48
2026-10-01 18:00:00,부산,KIM,2026-09-30 00:00:00,33,1,t2m,20.1,21.7,-1.6
2026-10-01 18:00:00,부산,KIM,2026-09-30 00:00:00,33,1,tcc,0.0,30.0,-30.0
2026-10-01 18:00:00,부산,KIM,2026-09-29 12:00:00,45,1,dswrf,259.0,93.52,165.48
2026-10-01 18:00:00,부산,KIM,2026-09-29 12:00:00,45,1,t2m,19.2,21.7,-2.5
2026-10-01 18:00:00,부산,KIM,2026-09-29 12:00:00,45,1,tcc,3.0,30.0,-27.0
2026-10-01 18:00:00,부산,KIM,2026-09-29 00:00:00,57,2,dswrf,262.0,93.52,168.48
2026-10-01 18:00:00,부산,KIM,2026-09-29 00:00:00,57,2,t2m,19.2,21.7,-2.5
2026-10-01 18:00:00,부산,KIM,2026-09-29 00:00:00,57,2,tcc,1.0,30.0,-29.0
2026-10-01 18:00:00,부산,KIM,2026-09-28 12:00:00,69,2,dswrf,260.0,93.52,166.48
2026-10-01 18:00:00,부산,KIM,2026-09-28 12:00:00,69,2,t2m,19.2,21.7,-2.5
2026-10-01 18:00:00,부산,KIM,2026-09-28 12:00:00,69,2,tcc,3.0,30.0,-27.0
2026-10-01 18:00:00,부산,KIM,2026-09-28 00:00:00,81,3,dswrf,262.0,93.52,168.48
2026-10-01 18:00:00,부산,KIM,2026-09-28 00:00:00,81,3,t2m,18.9,21.7,-2.8
2026-10-01 18:00:00,부산,KIM,2026-09-28 00:00:00,81,3,tcc,0.0,30.0,-30.0
2026-10-01 18:00:00,부산,KIM,2026-09-27 12:00:00,93,3,dswrf,258.0,93.52,164.48
2026-10-01 18:00:00,부산,KIM,2026-09-27 12:00:00,93,3,t2m,19.8,21.7,-1.9
2026-10-01 18:00:00,부산,KIM,2026-09-27 12:00:00,93,3,tcc,0.0,30.0,-30.0
2026-10-01 18:00:00,부산,KIM,2026-09-27 00:00:00,105,4,dswrf,265.0,93.52,171.48
2026-10-01 18:00:00,부산,KIM,2026-09-27 00:00:00,105,4,t2m,19.3,21.7,-2.4
2026-10-01 18:00:00,부산,KIM,2026-09-27 00:00:00,105,4,tcc,0.0,30.0,-30.0
2026-10-01 18:00:00,부산,KIM,2026-09-26 12:00:00,117,4,dswrf,263.0,93.52,169.48
2026-10-01 18:00:00,부산,KIM,2026-09-26 12:00:00,117,4,t2m,19.5,21.7,-2.2
2026-10-01 18:00:00,부산,KIM,2026-09-26 12:00:00,117,4,tcc,0.0,30.0,-30.0
2026-10-01 18:00:00,서울,ECMWF,2026-09-30 12:00:00,21,0,dswrf,284.0,320.37,-36.37
2026-10-01 18:00:00,서울,ECMWF,2026-09-30 12:00:00,21,0,t2m,19.6,19.5,0.1
2026-10-01 18:00:00,서울,ECMWF,2026-09-30 12:00:00,21,0,tcc,42.0,50.0,-8.0
2026-10-01 18:00:00,서울,ECMWF,2026-09-29 12:00:00,45,1,dswrf,281.0,320.37,-39.37
2026-10-01 18:00:00,서울,ECMWF,2026-09-29 12:00:00,45,1,t2m,19.0,19.5,-0.5
2026-10-01 18:00:00,서울,ECMWF,2026-09-29 12:00:00,45,1,tcc,72.0,50.0,22.0
2026-10-01 18:00:00,서울,ECMWF,2026-09-28 12:00:00,69,2,dswrf,246.0,320.37,-74.37
2026-10-01 18:00:00,서울,ECMWF,2026-09-28 12:00:00,69,2,t2m,19.4,19.5,-0.1
2026-10-01 18:00:00,서울,ECMWF,2026-09-28 12:00:00,69,2,tcc,92.0,50.0,42.0
2026-10-01 18:00:00,서울,ECMWF,2026-09-28 00:00:00,81,3,dswrf,266.0,320.37,-54.37
2026-10-01 18:00:00,서울,ECMWF,2026-09-28 00:00:00,81,3,t2m,19.1,19.5,-0.4
2026-10-01 18:00:00,서울,ECMWF,2026-09-28 00:00:00,81,3,tcc,65.0,50.0,15.0
2026-10-01 18:00:00,서울,ECMWF,2026-09-27 12:00:00,93,3,dswrf,256.0,320.37,-64.37
2026-10-01 18:00:00,서울,ECMWF,2026-09-27 12:00:00,93,3,t2m,18.4,19.5,-1.1
2026-10-01 18:00:00,서울,ECMWF,2026-09-27 12:00:00,93,3,tcc,66.0,50.0,16.0
2026-10-01 18:00:00,서울,ECMWF,2026-09-26 12:00:00,117,4,dswrf,273.0,320.37,-47.37
2026-10-01 18:00:00,서울,ECMWF,2026-09-26 12:00:00,117,4,t2m,18.4,19.5,-1.1
2026-10-01 18:00:00,서울,ECMWF,2026-09-26 12:00:00,117,4,tcc,2.0,50.0,-48.0
2026-10-01 18:00:00,서울,ECMWF,2026-09-25 12:00:00,141,5,dswrf,291.0,320.37,-29.37
2026-10-01 18:00:00,서울,ECMWF,2026-09-25 12:00:00,141,5,t2m,16.0,19.5,-3.5
2026-10-01 18:00:00,서울,ECMWF,2026-09-25 12:00:00,141,5,tcc,0.0,50.0,-50.0
2026-10-01 18:00:00,서울,GFS,2026-10-01 00:00:00,9,0,dswrf,288.0,320.37,-32.37
2026-10-01 18:00:00,서울,GFS,2026-10-01 00:00:00,9,0,t2m,19.7,19.5,0.2
2026-10-01 18:00:00,서울,GFS,2026-10-01 00:00:00,9,0,tcc,13.0,50.0,-37.0
2026-10-01 18:00:00,서울,GFS,2026-09-30 18:00:00,15,0,dswrf,289.0,320.37,-31.37
2026-10-01 18:00:00,서울,GFS,2026-09-30 18:00:00,15,0,t2m,19.6,19.5,0.1
2026-10-01 18:00:00,서울,GFS,2026-09-30 18:00:00,15,0,tcc,18.0,50.0,-32.0
2026-10-01 18:00:00,서울,GFS,2026-09-30 12:00:00,21,0,dswrf,287.0,320.37,-33.37
2026-10-01 18:00:00,서울,GFS,2026-09-30 12:00:00,21,0,t2m,19.7,19.5,0.2
2026-10-01 18:00:00,서울,GFS,2026-09-30 12:00:00,21,0,tcc,0.0,50.0,-50.0
2026-10-01 18:00:00,서울,GFS,2026-09-30 00:00:00,33,1,dswrf,282.0,320.37,-38.37
2026-10-01 18:00:00,서울,GFS,2026-09-30 00:00:00,33,1,t2m,19.9,19.5,0.4
2026-10-01 18:00:00,서울,GFS,2026-09-30 00:00:00,33,1,tcc,82.0,50.0,32.0
2026-10-01 18:00:00,서울,GFS,2026-09-29 18:00:00,39,1,dswrf,284.0,320.37,-36.37
2026-10-01 18:00:00,서울,GFS,2026-09-29 18:00:00,39,1,t2m,19.7,19.5,0.2
2026-10-01 18:00:00,서울,GFS,2026-09-29 18:00:00,39,1,tcc,58.0,50.0,8.0
2026-10-01 18:00:00,서울,GFS,2026-09-29 12:00:00,45,1,dswrf,266.0,320.37,-54.37
2026-10-01 18:00:00,서울,GFS,2026-09-29 12:00:00,45,1,t2m,19.7,19.5,0.2
2026-10-01 18:00:00,서울,GFS,2026-09-29 12:00:00,45,1,tcc,100.0,50.0,50.0
2026-10-01 18:00:00,서울,GFS,2026-09-29 00:00:00,57,2,dswrf,284.0,320.37,-36.37
2026-10-01 18:00:00,서울,GFS,2026-09-29 00:00:00,57,2,t2m,19.7,19.5,0.2
2026-10-01 18:00:00,서울,GFS,2026-09-29 00:00:00,57,2,tcc,25.0,50.0,-25.0
2026-10-01 18:00:00,서울,GFS,2026-09-28 18:00:00,63,2,dswrf,285.0,320.37,-35.37
2026-10-01 18:00:00,서울,GFS,2026-09-28 18:00:00,63,2,t2m,19.3,19.5,-0.2
2026-10-01 18:00:00,서울,GFS,2026-09-28 18:00:00,63,2,tcc,7.0,50.0,-43.0
2026-10-01 18:00:00,서울,GFS,2026-09-28 12:00:00,69,2,dswrf,285.0,320.37,-35.37
2026-10-01 18:00:00,서울,GFS,2026-09-28 12:00:00,69,2,t2m,19.4,19.5,-0.1
2026-10-01 18:00:00,서울,GFS,2026-09-28 12:00:00,69,2,tcc,1.0,50.0,-49.0
2026-10-01 18:00:00,서울,GFS,2026-09-28 00:00:00,81,3,dswrf,286.0,320.37,-34.37
2026-10-01 18:00:00,서울,GFS,2026-09-28 00:00:00,81,3,t2m,19.5,19.5,0.0
2026-10-01 18:00:00,서울,GFS,2026-09-28 00:00:00,81,3,tcc,26.0,50.0,-24.0
2026-10-01 18:00:00,서울,GFS,2026-09-27 18:00:00,87,3,dswrf,285.0,320.37,-35.37
2026-10-01 18:00:00,서울,GFS,2026-09-27 18:00:00,87,3,t2m,18.8,19.5,-0.7
2026-10-01 18:00:00,서울,GFS,2026-09-27 18:00:00,87,3,tcc,0.0,50.0,-50.0
2026-10-01 18:00:00,서울,GFS,2026-09-27 12:00:00,93,3,dswrf,285.0,320.37,-35.37
2026-10-01 18:00:00,서울,GFS,2026-09-27 12:00:00,93,3,t2m,18.9,19.5,-0.6
2026-10-01 18:00:00,서울,GFS,2026-09-27 12:00:00,93,3,tcc,0.0,50.0,-50.0
2026-10-01 18:00:00,서울,GFS,2026-09-27 00:00:00,105,4,dswrf,284.0,320.37,-36.37
2026-10-01 18:00:00,서울,GFS,2026-09-27 00:00:00,105,4,t2m,19.1,19.5,-0.4
2026-10-01 18:00:00,서울,GFS,2026-09-27 00:00:00,105,4,tcc,0.0,50.0,-50.0
2026-10-01 18:00:00,서울,GFS,2026-09-26 18:00:00,111,4,dswrf,283.0,320.37,-37.37
2026-10-01 18:00:00,서울,GFS,2026-09-26 18:00:00,111,4,t2m,19.4,19.5,-0.1
2026-10-01 18:00:00,서울,GFS,2026-09-26 18:00:00,111,4,tcc,0.0,50.0,-50.0
2026-10-01 18:00:00,서울,KIM,2026-10-01 00:00:00,9,0,dswrf,271.0,320.37,-49.37
2026-10-01 18:00:00,서울,KIM,2026-10-01 00:00:00,9,0,t2m,16.9,19.5,-2.6
2026-10-01 18:00:00,서울,KIM,2026-10-01 00:00:00,9,0,tcc,40.0,50.0,-10.0
2026-10-01 18:00:00,서울,KIM,2026-09-30 12:00:00,21,0,dswrf,269.0,320.37,-51.37
2026-10-01 18:00:00,서울,KIM,2026-09-30 12:00:00,21,0,t2m,16.9,19.5,-2.6
2026-10-01 18:00:00,서울,KIM,2026-09-30 12:00:00,21,0,tcc,0.0,50.0,-50.0
2026-10-01 18:00:00,서울,KIM,2026-09-30 00:00:00,33,1,dswrf,270.0,320.37,-50.37
2026-10-01 18:00:00,서울,KIM,2026-09-30 00:00:00,33,1,t2m,16.5,19.5,-3.0
2026-10-01 18:00:00,서울,KIM,2026-09-30 00:00:00,33,1,tcc,45.0,50.0,-5.0
2026-10-01 18:00:00,서울,KIM,2026-09-29 12:00:00,45,1,dswrf,271.0,320.37,-49.37
2026-10-01 18:00:00,서울,KIM,2026-09-29 12:00:00,45,1,t2m,16.6,19.5,-2.9
2026-10-01 18:00:00,서울,KIM,2026-09-29 12:00:00,45,1,tcc,0.0,50.0,-50.0
2026-10-01 18:00:00,서울,KIM,2026-09-29 00:00:00,57,2,dswrf,269.0,320.37,-51.37
2026-10-01 18:00:00,서울,KIM,2026-09-29 00:00:00,57,2,t2m,16.8,19.5,-2.7
2026-10-01 18:00:00,서울,KIM,2026-09-29 00:00:00,57,2,tcc,0.0,50.0,-50.0
2026-10-01 18:00:00,서울,KIM,2026-09-28 12:00:00,69,2,dswrf,268.0,320.37,-52.37
2026-10-01 18:00:00,서울,KIM,2026-09-28 12:00:00,69,2,t2m,17.1,19.5,-2.4
2026-10-01 18:00:00,서울,KIM,2026-09-28 12:00:00,69,2,tcc,0.0,50.0,-50.0
2026-10-01 18:00:00,서울,KIM,2026-09-28 00:00:00,81,3,dswrf,271.0,320.37,-49.37
2026-10-01 18:00:00,서울,KIM,2026-09-28 00:00:00,81,3,t2m,16.3,19.5,-3.2
2026-10-01 18:00:00,서울,KIM,2026-09-28 00:00:00,81,3,tcc,14.0,50.0,-36.0
2026-10-01 18:00:00,서울,KIM,2026-09-27 12:00:00,93,3,dswrf,266.0,320.37,-54.37
2026-10-01 18:00:00,서울,KIM,2026-09-27 12:00:00,93,3,t2m,16.6,19.5,-2.9
2026-10-01 18:00:00,서울,KIM,2026-09-27 12:00:00,93,3,tcc,0.0,50.0,-50.0
2026-10-01 18:00:00,서울,KIM,2026-09-27 00:00:00,105,4,dswrf,266.0,320.37,-54.37
2026-10-01 18:00:00,서울,KIM,2026-09-27 00:00:00,105,4,t2m,17.6,19.5,-1.9
2026-10-01 18:00:00,서울,KIM,2026-09-27 00:00:00,105,4,tcc,0.0,50.0,-50.0
2026-10-01 18:00:00,서울,KIM,2026-09-26 12:00:00,117,4,dswrf,225.0,320.37,-95.37
2026-10-01 18:00:00,서울,KIM,2026-09-26 12:00:00,117,4,t2m,17.1,19.5,-2.4
2026-10-01 18:00:00,서울,KIM,2026-09-26 12:00:00,117,4,tcc,0.0,50.0,-50.0
2026-10-01 18:00:00,수원,ECMWF,2026-09-30 12:00:00,21,0,dswrf,284.0,303.7,-19.7
2026-10-01 18:00:00,수원,ECMWF,2026-09-30 12:00:00,21,0,t2m,18.8,18.9,-0.1
2026-10-01 18:00:00,수원,ECMWF,2026-09-30 12:00:00,21,0,tcc,34.0,30.0,4.0
2026-10-01 18:00:00,수원,ECMWF,2026-09-29 12:00:00,45,1,dswrf,290.0,303.7,-13.7
2026-10-01 18:00:00,수원,ECMWF,2026-09-29 12:00:00,45,1,t2m,18.0,18.9,-0.9
2026-10-01 18:00:00,수원,ECMWF,2026-09-29 12:00:00,45,1,tcc,46.0,30.0,16.0
2026-10-01 18:00:00,수원,ECMWF,2026-09-28 12:00:00,69,2,dswrf,279.0,303.7,-24.7
2026-10-01 18:00:00,수원,ECMWF,2026-09-28 12:00:00,69,2,t2m,18.4,18.9,-0.5
2026-10-01 18:00:00,수원,ECMWF,2026-09-28 12:00:00,69,2,tcc,82.0,30.0,52.0
2026-10-01 18:00:00,수원,ECMWF,2026-09-28 00:00:00,81,3,dswrf,281.0,303.7,-22.7
2026-10-01 18:00:00,수원,ECMWF,2026-09-28 00:00:00,81,3,t2m,18.2,18.9,-0.7
2026-10-01 18:00:00,수원,ECMWF,2026-09-28 00:00:00,81,3,tcc,86.0,30.0,56.0
2026-10-01 18:00:00,수원,ECMWF,2026-09-27 12:00:00,93,3,dswrf,254.0,303.7,-49.7
2026-10-01 18:00:00,수원,ECMWF,2026-09-27 12:00:00,93,3,t2m,18.0,18.9,-0.9
2026-10-01 18:00:00,수원,ECMWF,2026-09-27 12:00:00,93,3,tcc,60.0,30.0,30.0
2026-10-01 18:00:00,수원,ECMWF,2026-09-26 12:00:00,117,4,dswrf,273.0,303.7,-30.7
2026-10-01 18:00:00,수원,ECMWF,2026-09-26 12:00:00,117,4,t2m,17.8,18.9,-1.1
2026-10-01 18:00:00,수원,ECMWF,2026-09-26 12:00:00,117,4,tcc,11.0,30.0,-19.0
2026-10-01 18:00:00,수원,ECMWF,2026-09-25 12:00:00,141,5,dswrf,291.0,303.7,-12.7
2026-10-01 18:00:00,수원,ECMWF,2026-09-25 12:00:00,141,5,t2m,15.8,18.9,-3.1
2026-10-01 18:00:00,수원,ECMWF,2026-09-25 12:00:00,141,5,tcc,13.0,30.0,-17.0
2026-10-01 18:00:00,수원,GFS,2026-10-01 00:00:00,9,0,dswrf,286.0,303.7,-17.7
2026-10-01 18:00:00,수원,GFS,2026-10-01 00:00:00,9,0,t2m,19.1,18.9,0.2
2026-10-01 18:00:00,수원,GFS,2026-10-01 00:00:00,9,0,tcc,14.0,30.0,-16.0
2026-10-01 18:00:00,수원,GFS,2026-09-30 18:00:00,15,0,dswrf,289.0,303.7,-14.7
2026-10-01 18:00:00,수원,GFS,2026-09-30 18:00:00,15,0,t2m,19.5,18.9,0.6
2026-10-01 18:00:00,수원,GFS,2026-09-30 18:00:00,15,0,tcc,16.0,30.0,-14.0
2026-10-01 18:00:00,수원,GFS,2026-09-30 12:00:00,21,0,dswrf,287.0,303.7,-16.7
2026-10-01 18:00:00,수원,GFS,2026-09-30 12:00:00,21,0,t2m,18.9,18.9,0.0
2026-10-01 18:00:00,수원,GFS,2026-09-30 12:00:00,21,0,tcc,0.0,30.0,-30.0
2026-10-01 18:00:00,수원,GFS,2026-09-30 00:00:00,33,1,dswrf,283.0,303.7,-20.7
2026-10-01 18:00:00,수원,GFS,2026-09-30 00:00:00,33,1,t2m,19.4,18.9,0.5
2026-10-01 18:00:00,수원,GFS,2026-09-30 00:00:00,33,1,tcc,55.0,30.0,25.0
2026-10-01 18:00:00,수원,GFS,2026-09-29 18:00:00,39,1,dswrf,282.0,303.7,-21.7
2026-10-01 18:00:00,수원,GFS,2026-09-29 18:00:00,39,1,t2m,19.7,18.9,0.8
2026-10-01 18:00:00,수원,GFS,2026-09-29 18:00:00,39,1,tcc,43.0,30.0,13.0
2026-10-01 18:00:00,수원,GFS,2026-09-29 12:00:00,45,1,dswrf,266.0,303.7,-37.7
2026-10-01 18:00:00,수원,GFS,2026-09-29 12:00:00,45,1,t2m,19.7,18.9,0.8
2026-10-01 18:00:00,수원,GFS,2026-09-29 12:00:00,45,1,tcc,99.0,30.0,69.0
2026-10-01 18:00:00,수원,GFS,2026-09-29 00:00:00,57,2,dswrf,280.0,303.7,-23.7
2026-10-01 18:00:00,수원,GFS,2026-09-29 00:00:00,57,2,t2m,19.9,18.9,1.0
2026-10-01 18:00:00,수원,GFS,2026-09-29 00:00:00,57,2,tcc,44.0,30.0,14.0
2026-10-01 18:00:00,수원,GFS,2026-09-28 18:00:00,63,2,dswrf,283.0,303.7,-20.7
2026-10-01 18:00:00,수원,GFS,2026-09-28 18:00:00,63,2,t2m,19.6,18.9,0.7
2026-10-01 18:00:00,수원,GFS,2026-09-28 18:00:00,63,2,tcc,3.0,30.0,-27.0
2026-10-01 18:00:00,수원,GFS,2026-09-28 12:00:00,69,2,dswrf,284.0,303.7,-19.7
2026-10-01 18:00:00,수원,GFS,2026-09-28 12:00:00,69,2,t2m,19.5,18.9,0.6
2026-10-01 18:00:00,수원,GFS,2026-09-28 12:00:00,69,2,tcc,0.0,30.0,-30.0
2026-10-01 18:00:00,수원,GFS,2026-09-28 00:00:00,81,3,dswrf,283.0,303.7,-20.7
2026-10-01 18:00:00,수원,GFS,2026-09-28 00:00:00,81,3,t2m,19.3,18.9,0.4
2026-10-01 18:00:00,수원,GFS,2026-09-28 00:00:00,81,3,tcc,41.0,30.0,11.0
2026-10-01 18:00:00,수원,GFS,2026-09-27 18:00:00,87,3,dswrf,283.0,303.7,-20.7
2026-10-01 18:00:00,수원,GFS,2026-09-27 18:00:00,87,3,t2m,18.9,18.9,0.0
2026-10-01 18:00:00,수원,GFS,2026-09-27 18:00:00,87,3,tcc,0.0,30.0,-30.0
2026-10-01 18:00:00,수원,GFS,2026-09-27 12:00:00,93,3,dswrf,283.0,303.7,-20.7
2026-10-01 18:00:00,수원,GFS,2026-09-27 12:00:00,93,3,t2m,19.2,18.9,0.3
2026-10-01 18:00:00,수원,GFS,2026-09-27 12:00:00,93,3,tcc,0.0,30.0,-30.0
2026-10-01 18:00:00,수원,GFS,2026-09-27 00:00:00,105,4,dswrf,281.0,303.7,-22.7
2026-10-01 18:00:00,수원,GFS,2026-09-27 00:00:00,105,4,t2m,19.2,18.9,0.3
2026-10-01 18:00:00,수원,GFS,2026-09-27 00:00:00,105,4,tcc,0.0,30.0,-30.0
2026-10-01 18:00:00,수원,GFS,2026-09-26 18:00:00,111,4,dswrf,281.0,303.7,-22.7
2026-10-01 18:00:00,수원,GFS,2026-09-26 18:00:00,111,4,t2m,19.7,18.9,0.8
2026-10-01 18:00:00,수원,GFS,2026-09-26 18:00:00,111,4,tcc,0.0,30.0,-30.0
2026-10-01 18:00:00,수원,KIM,2026-10-01 00:00:00,9,0,dswrf,279.0,303.7,-24.7
2026-10-01 18:00:00,수원,KIM,2026-10-01 00:00:00,9,0,t2m,16.8,18.9,-2.1
2026-10-01 18:00:00,수원,KIM,2026-10-01 00:00:00,9,0,tcc,48.0,30.0,18.0
2026-10-01 18:00:00,수원,KIM,2026-09-30 12:00:00,21,0,dswrf,277.0,303.7,-26.7
2026-10-01 18:00:00,수원,KIM,2026-09-30 12:00:00,21,0,t2m,16.7,18.9,-2.2
2026-10-01 18:00:00,수원,KIM,2026-09-30 12:00:00,21,0,tcc,17.0,30.0,-13.0
2026-10-01 18:00:00,수원,KIM,2026-09-30 00:00:00,33,1,dswrf,278.0,303.7,-25.7
2026-10-01 18:00:00,수원,KIM,2026-09-30 00:00:00,33,1,t2m,16.3,18.9,-2.6
2026-10-01 18:00:00,수원,KIM,2026-09-30 00:00:00,33,1,tcc,45.0,30.0,15.0
2026-10-01 18:00:00,수원,KIM,2026-09-29 12:00:00,45,1,dswrf,278.0,303.7,-25.7
2026-10-01 18:00:00,수원,KIM,2026-09-29 12:00:00,45,1,t2m,16.5,18.9,-2.4
2026-10-01 18:00:00,수원,KIM,2026-09-29 12:00:00,45,1,tcc,0.0,30.0,-30.0
2026-10-01 18:00:00,수원,KIM,2026-09-29 00:00:00,57,2,dswrf,277.0,303.7,-26.7
2026-10-01 18:00:00,수원,KIM,2026-09-29 00:00:00,57,2,t2m,16.8,18.9,-2.1
2026-10-01 18:00:00,수원,KIM,2026-09-29 00:00:00,57,2,tcc,0.0,30.0,-30.0
2026-10-01 18:00:00,수원,KIM,2026-09-28 12:00:00,69,2,dswrf,275.0,303.7,-28.7
2026-10-01 18:00:00,수원,KIM,2026-09-28 12:00:00,69,2,t2m,17.1,18.9,-1.8
2026-10-01 18:00:00,수원,KIM,2026-09-28 12:00:00,69,2,tcc,0.0,30.0,-30.0
2026-10-01 18:00:00,수원,KIM,2026-09-28 00:00:00,81,3,dswrf,278.0,303.7,-25.7
2026-10-01 18:00:00,수원,KIM,2026-09-28 00:00:00,81,3,t2m,16.1,18.9,-2.8
2026-10-01 18:00:00,수원,KIM,2026-09-28 00:00:00,81,3,tcc,27.0,30.0,-3.0
2026-10-01 18:00:00,수원,KIM,2026-09-27 12:00:00,93,3,dswrf,274.0,303.7,-29.7
2026-10-01 18:00:00,수원,KIM,2026-09-27 12:00:00,93,3,t2m,16.6,18.9,-2.3
2026-10-01 18:00:00,수원,KIM,2026-09-27 12:00:00,93,3,tcc,0.0,30.0,-30.0
2026-10-01 18:00:00,수원,KIM,2026-09-27 00:00:00,105,4,dswrf,273.0,303.7,-30.7
2026-10-01 18:00:00,수원,KIM,2026-09-27 00:00:00,105,4,t2m,17.7,18.9,-1.2
2026-10-01 18:00:00,수원,KIM,2026-09-27 00:00:00,105,4,tcc,6.0,30.0,-24.0
2026-10-01 18:00:00,수원,KIM,2026-09-26 12:00:00,117,4,dswrf,164.0,303.7,-139.7
2026-10-01 18:00:00,수원,KIM,2026-09-26 12:00:00,117,4,t2m,17.3,18.9,-1.6
2026-10-01 18:00:00,수원,KIM,2026-09-26 12:00:00,117,4,tcc,14.0,30.0,-16.0
2026-10-01 18:00:00,인천,ECMWF,2026-09-30 12:00:00,21,0,dswrf,283.0,312.96,-29.96
2026-10-01 18:00:00,인천,ECMWF,2026-09-30 12:00:00,21,0,t2m,20.1,20.4,-0.3
2026-10-01 18:00:00,인천,ECMWF,2026-09-30 12:00:00,21,0,tcc,50.0,30.0,20.0
2026-10-01 18:00:00,인천,ECMWF,2026-09-29 12:00:00,45,1,dswrf,280.0,312.96,-32.96
2026-10-01 18:00:00,인천,ECMWF,2026-09-29 12:00:00,45,1,t2m,19.5,20.4,-0.9
2026-10-01 18:00:00,인천,ECMWF,2026-09-29 12:00:00,45,1,tcc,81.0,30.0,51.0
2026-10-01 18:00:00,인천,ECMWF,2026-09-28 12:00:00,69,2,dswrf,233.0,312.96,-79.96
2026-10-01 18:00:00,인천,ECMWF,2026-09-28 12:00:00,69,2,t2m,19.6,20.4,-0.8
2026-10-01 18:00:00,인천,ECMWF,2026-09-28 12:00:00,69,2,tcc,97.0,30.0,67.0
2026-10-01 18:00:00,인천,ECMWF,2026-09-28 00:00:00,81,3,dswrf,269.0,312.96,-43.96
2026-10-01 18:00:00,인천,ECMWF,2026-09-28 00:00:00,81,3,t2m,19.3,20.4,-1.1
2026-10-01 18:00:00,인천,ECMWF,2026-09-28 00:00:00,81,3,tcc,57.0,30.0,27.0
2026-10-01 18:00:00,인천,ECMWF,2026-09-27 12:00:00,93,3,dswrf,279.0,312.96,-33.96
2026-10-01 18:00:00,인천,ECMWF,2026-09-27 12:00:00,93,3,t2m,18.5,20.4,-1.9
2026-10-01 18:00:00,인천,ECMWF,2026-09-27 12:00:00,93,3,tcc,68.0,30.0,38.0
2026-10-01 18:00:00,인천,ECMWF,2026-09-26 12:00:00,117,4,dswrf,284.0,312.96,-28.96
2026-10-01 18:00:00,인천,ECMWF,2026-09-26 12:00:00,117,4,t2m,18.6,20.4,-1.8
2026-10-01 18:00:00,인천,ECMWF,2026-09-26 12:00:00,117,4,tcc,2.0,30.0,-28.0
2026-10-01 18:00:00,인천,ECMWF,2026-09-25 12:00:00,141,5,dswrf,294.0,312.96,-18.96
2026-10-01 18:00:00,인천,ECMWF,2026-09-25 12:00:00,141,5,t2m,16.0,20.4,-4.4
2026-10-01 18:00:00,인천,ECMWF,2026-09-25 12:00:00,141,5,tcc,1.0,30.0,-29.0
2026-10-01 18:00:00,인천,GFS,2026-10-01 00:00:00,9,0,dswrf,289.0,312.96,-23.96
2026-10-01 18:00:00,인천,GFS,2026-10-01 00:00:00,9,0,t2m,19.8,20.4,-0.6
2026-10-01 18:00:00,인천,GFS,2026-10-01 00:00:00,9,0,tcc,56.0,30.0,26.0
2026-10-01 18:00:00,인천,GFS,2026-09-30 18:00:00,15,0,dswrf,290.0,312.96,-22.96
2026-10-01 18:00:00,인천,GFS,2026-09-30 18:00:00,15,0,t2m,20.0,20.4,-0.4
2026-10-01 18:00:00,인천,GFS,2026-09-30 18:00:00,15,0,tcc,43.0,30.0,13.0
2026-10-01 18:00:00,인천,GFS,2026-09-30 12:00:00,21,0,dswrf,288.0,312.96,-24.96
2026-10-01 18:00:00,인천,GFS,2026-09-30 12:00:00,21,0,t2m,20.1,20.4,-0.3
2026-10-01 18:00:00,인천,GFS,2026-09-30 12:00:00,21,0,tcc,7.0,30.0,-23.0
2026-10-01 18:00:00,인천,GFS,2026-09-30 00:00:00,33,1,dswrf,281.0,312.96,-31.96
2026-10-01 18:00:00,인천,GFS,2026-09-30 00:00:00,33,1,t2m,19.8,20.4,-0.6
2026-10-01 18:00:00,인천,GFS,2026-09-30 00:00:00,33,1,tcc,74.0,30.0,44.0
2026-10-01 18:00:00,인천,GFS,2026-09-29 18:00:00,39,1,dswrf,285.0,312.96,-27.96
2026-10-01 18:00:00,인천,GFS,2026-09-29 18:00:00,39,1,t2m,19.7,20.4,-0.7
2026-10-01 18:00:00,인천,GFS,2026-09-29 18:00:00,39,1,tcc,41.0,30.0,11.0
2026-10-01 18:00:00,인천,GFS,2026-09-29 12:00:00,45,1,dswrf,260.0,312.96,-52.96
2026-10-01 18:00:00,인천,GFS,2026-09-29 12:00:00,45,1,t2m,19.5,20.4,-0.9
2026-10-01 18:00:00,인천,GFS,2026-09-29 12:00:00,45,1,tcc,100.0,30.0,70.0
2026-10-01 18:00:00,인천,GFS,2026-09-29 00:00:00,57,2,dswrf,287.0,312.96,-25.96
2026-10-01 18:00:00,인천,GFS,2026-09-29 00:00:00,57,2,t2m,19.6,20.4,-0.8
2026-10-01 18:00:00,인천,GFS,2026-09-29 00:00:00,57,2,tcc,13.0,30.0,-17.0
2026-10-01 18:00:00,인천,GFS,2026-09-28 18:00:00,63,2,dswrf,288.0,312.96,-24.96
2026-10-01 18:00:00,인천,GFS,2026-09-28 18:00:00,63,2,t2m,19.2,20.4,-1.2
2026-10-01 18:00:00,인천,GFS,2026-09-28 18:00:00,63,2,tcc,2.0,30.0,-28.0
2026-10-01 18:00:00,인천,GFS,2026-09-28 12:00:00,69,2,dswrf,287.0,312.96,-25.96
2026-10-01 18:00:00,인천,GFS,2026-09-28 12:00:00,69,2,t2m,19.6,20.4,-0.8
2026-10-01 18:00:00,인천,GFS,2026-09-28 12:00:00,69,2,tcc,1.0,30.0,-29.0
2026-10-01 18:00:00,인천,GFS,2026-09-28 00:00:00,81,3,dswrf,288.0,312.96,-24.96
2026-10-01 18:00:00,인천,GFS,2026-09-28 00:00:00,81,3,t2m,19.7,20.4,-0.7
2026-10-01 18:00:00,인천,GFS,2026-09-28 00:00:00,81,3,tcc,8.0,30.0,-22.0
2026-10-01 18:00:00,인천,GFS,2026-09-27 18:00:00,87,3,dswrf,287.0,312.96,-25.96
2026-10-01 18:00:00,인천,GFS,2026-09-27 18:00:00,87,3,t2m,19.1,20.4,-1.3
2026-10-01 18:00:00,인천,GFS,2026-09-27 18:00:00,87,3,tcc,0.0,30.0,-30.0
2026-10-01 18:00:00,인천,GFS,2026-09-27 12:00:00,93,3,dswrf,287.0,312.96,-25.96
2026-10-01 18:00:00,인천,GFS,2026-09-27 12:00:00,93,3,t2m,19.0,20.4,-1.4
2026-10-01 18:00:00,인천,GFS,2026-09-27 12:00:00,93,3,tcc,0.0,30.0,-30.0
2026-10-01 18:00:00,인천,GFS,2026-09-27 00:00:00,105,4,dswrf,286.0,312.96,-26.96
2026-10-01 18:00:00,인천,GFS,2026-09-27 00:00:00,105,4,t2m,19.0,20.4,-1.4
2026-10-01 18:00:00,인천,GFS,2026-09-27 00:00:00,105,4,tcc,0.0,30.0,-30.0
2026-10-01 18:00:00,인천,GFS,2026-09-26 18:00:00,111,4,dswrf,286.0,312.96,-26.96
2026-10-01 18:00:00,인천,GFS,2026-09-26 18:00:00,111,4,t2m,19.4,20.4,-1.0
2026-10-01 18:00:00,인천,GFS,2026-09-26 18:00:00,111,4,tcc,0.0,30.0,-30.0
2026-10-01 18:00:00,인천,KIM,2026-10-01 00:00:00,9,0,dswrf,271.0,312.96,-41.96
2026-10-01 18:00:00,인천,KIM,2026-10-01 00:00:00,9,0,t2m,16.6,20.4,-3.8
2026-10-01 18:00:00,인천,KIM,2026-10-01 00:00:00,9,0,tcc,51.0,30.0,21.0
2026-10-01 18:00:00,인천,KIM,2026-09-30 12:00:00,21,0,dswrf,269.0,312.96,-43.96
2026-10-01 18:00:00,인천,KIM,2026-09-30 12:00:00,21,0,t2m,16.6,20.4,-3.8
2026-10-01 18:00:00,인천,KIM,2026-09-30 12:00:00,21,0,tcc,2.0,30.0,-28.0
2026-10-01 18:00:00,인천,KIM,2026-09-30 00:00:00,33,1,dswrf,271.0,312.96,-41.96
2026-10-01 18:00:00,인천,KIM,2026-09-30 00:00:00,33,1,t2m,15.9,20.4,-4.5
2026-10-01 18:00:00,인천,KIM,2026-09-30 00:00:00,33,1,tcc,61.0,30.0,31.0
2026-10-01 18:00:00,인천,KIM,2026-09-29 12:00:00,45,1,dswrf,271.0,312.96,-41.96
2026-10-01 18:00:00,인천,KIM,2026-09-29 12:00:00,45,1,t2m,16.2,20.4,-4.2
2026-10-01 18:00:00,인천,KIM,2026-09-29 12:00:00,45,1,tcc,0.0,30.0,-30.0
2026-10-01 18:00:00,인천,KIM,2026-09-29 00:00:00,57,2,dswrf,270.0,312.96,-42.96
2026-10-01 18:00:00,인천,KIM,2026-09-29 00:00:00,57,2,t2m,16.8,20.4,-3.6
2026-10-01 18:00:00,인천,KIM,2026-09-29 00:00:00,57,2,tcc,0.0,30.0,-30.0
2026-10-01 18:00:00,인천,KIM,2026-09-28 12:00:00,69,2,dswrf,269.0,312.96,-43.96
2026-10-01 18:00:00,인천,KIM,2026-09-28 12:00:00,69,2,t2m,17.0,20.4,-3.4
2026-10-01 18:00:00,인천,KIM,2026-09-28 12:00:00,69,2,tcc,0.0,30.0,-30.0
2026-10-01 18:00:00,인천,KIM,2026-09-28 00:00:00,81,3,dswrf,270.0,312.96,-42.96
2026-10-01 18:00:00,인천,KIM,2026-09-28 00:00:00,81,3,t2m,15.8,20.4,-4.6
2026-10-01 18:00:00,인천,KIM,2026-09-28 00:00:00,81,3,tcc,7.0,30.0,-23.0
2026-10-01 18:00:00,인천,KIM,2026-09-27 12:00:00,93,3,dswrf,267.0,312.96,-45.96
2026-10-01 18:00:00,인천,KIM,2026-09-27 12:00:00,93,3,t2m,16.9,20.4,-3.5
2026-10-01 18:00:00,인천,KIM,2026-09-27 12:00:00,93,3,tcc,0.0,30.0,-30.0
2026-10-01 18:00:00,인천,KIM,2026-09-27 00:00:00,105,4,dswrf,268.0,312.96,-44.96
2026-10-01 18:00:00,인천,KIM,2026-09-27 00:00:00,105,4,t2m,17.1,20.4,-3.3
2026-10-01 18:00:00,인천,KIM,2026-09-27 00:00:00,105,4,tcc,1.0,30.0,-29.0
2026-10-01 18:00:00,인천,KIM,2026-09-26 12:00:00,117,4,dswrf,263.0,312.96,-49.96
2026-10-01 18:00:00,인천,KIM,2026-09-26 12:00:00,117,4,t2m,16.7,20.4,-3.7
2026-10-01 18:00:00,인천,KIM,2026-09-26 12:00:00,117,4,tcc,4.0,30.0,-26.0
2026-10-01 18:00:00,전주,ECMWF,2026-09-30 12:00:00,21,0,dswrf,300.0,311.11,-11.11
2026-10-01 18:00:00,전주,ECMWF,2026-09-30 12:00:00,21,0,t2m,17.3,19.7,-2.4
2026-10-01 18:00:00,전주,ECMWF,2026-09-30 12:00:00,21,0,tcc,18.0,0.0,18.0
2026-10-01 18:00:00,전주,ECMWF,2026-09-29 12:00:00,45,1,dswrf,296.0,311.11,-15.11
2026-10-01 18:00:00,전주,ECMWF,2026-09-29 12:00:00,45,1,t2m,17.2,19.7,-2.5
2026-10-01 18:00:00,전주,ECMWF,2026-09-29 12:00:00,45,1,tcc,16.0,0.0,16.0
2026-10-01 18:00:00,전주,ECMWF,2026-09-28 12:00:00,69,2,dswrf,297.0,311.11,-14.11
2026-10-01 18:00:00,전주,ECMWF,2026-09-28 12:00:00,69,2,t2m,17.1,19.7,-2.6
2026-10-01 18:00:00,전주,ECMWF,2026-09-28 12:00:00,69,2,tcc,53.0,0.0,53.0
2026-10-01 18:00:00,전주,ECMWF,2026-09-28 00:00:00,81,3,dswrf,291.0,311.11,-20.11
2026-10-01 18:00:00,전주,ECMWF,2026-09-28 00:00:00,81,3,t2m,16.9,19.7,-2.8
2026-10-01 18:00:00,전주,ECMWF,2026-09-28 00:00:00,81,3,tcc,55.0,0.0,55.0
2026-10-01 18:00:00,전주,ECMWF,2026-09-27 12:00:00,93,3,dswrf,284.0,311.11,-27.11
2026-10-01 18:00:00,전주,ECMWF,2026-09-27 12:00:00,93,3,t2m,17.8,19.7,-1.9
2026-10-01 18:00:00,전주,ECMWF,2026-09-27 12:00:00,93,3,tcc,72.0,0.0,72.0
2026-10-01 18:00:00,전주,ECMWF,2026-09-26 12:00:00,117,4,dswrf,291.0,311.11,-20.11
2026-10-01 18:00:00,전주,ECMWF,2026-09-26 12:00:00,117,4,t2m,17.6,19.7,-2.1
2026-10-01 18:00:00,전주,ECMWF,2026-09-26 12:00:00,117,4,tcc,34.0,0.0,34.0
2026-10-01 18:00:00,전주,ECMWF,2026-09-25 12:00:00,141,5,dswrf,277.0,311.11,-34.11
2026-10-01 18:00:00,전주,ECMWF,2026-09-25 12:00:00,141,5,t2m,17.2,19.7,-2.5
2026-10-01 18:00:00,전주,ECMWF,2026-09-25 12:00:00,141,5,tcc,69.0,0.0,69.0
2026-10-01 18:00:00,전주,GFS,2026-10-01 00:00:00,9,0,dswrf,295.0,311.11,-16.11
2026-10-01 18:00:00,전주,GFS,2026-10-01 00:00:00,9,0,t2m,15.3,19.7,-4.4
2026-10-01 18:00:00,전주,GFS,2026-10-01 00:00:00,9,0,tcc,1.0,0.0,1.0
2026-10-01 18:00:00,전주,GFS,2026-09-30 18:00:00,15,0,dswrf,294.0,311.11,-17.11
2026-10-01 18:00:00,전주,GFS,2026-09-30 18:00:00,15,0,t2m,15.0,19.7,-4.7
2026-10-01 18:00:00,전주,GFS,2026-09-30 18:00:00,15,0,tcc,41.0,0.0,41.0
2026-10-01 18:00:00,전주,GFS,2026-09-30 12:00:00,21,0,dswrf,293.0,311.11,-18.11
2026-10-01 18:00:00,전주,GFS,2026-09-30 12:00:00,21,0,t2m,15.5,19.7,-4.2
2026-10-01 18:00:00,전주,GFS,2026-09-30 12:00:00,21,0,tcc,4.0,0.0,4.0
2026-10-01 18:00:00,전주,GFS,2026-09-30 00:00:00,33,1,dswrf,290.0,311.11,-21.11
2026-10-01 18:00:00,전주,GFS,2026-09-30 00:00:00,33,1,t2m,15.7,19.7,-4.0
2026-10-01 18:00:00,전주,GFS,2026-09-30 00:00:00,33,1,tcc,24.0,0.0,24.0
2026-10-01 18:00:00,전주,GFS,2026-09-29 18:00:00,39,1,dswrf,275.0,311.11,-36.11
2026-10-01 18:00:00,전주,GFS,2026-09-29 18:00:00,39,1,t2m,15.9,19.7,-3.8
2026-10-01 18:00:00,전주,GFS,2026-09-29 18:00:00,39,1,tcc,8.0,0.0,8.0
2026-10-01 18:00:00,전주,GFS,2026-09-29 12:00:00,45,1,dswrf,268.0,311.11,-43.11
2026-10-01 18:00:00,전주,GFS,2026-09-29 12:00:00,45,1,t2m,16.0,19.7,-3.7
2026-10-01 18:00:00,전주,GFS,2026-09-29 12:00:00,45,1,tcc,69.0,0.0,69.0
2026-10-01 18:00:00,전주,GFS,2026-09-29 00:00:00,57,2,dswrf,257.0,311.11,-54.11
2026-10-01 18:00:00,전주,GFS,2026-09-29 00:00:00,57,2,t2m,16.7,19.7,-3.0
2026-10-01 18:00:00,전주,GFS,2026-09-29 00:00:00,57,2,tcc,92.0,0.0,92.0
2026-10-01 18:00:00,전주,GFS,2026-09-28 18:00:00,63,2,dswrf,284.0,311.11,-27.11
2026-10-01 18:00:00,전주,GFS,2026-09-28 18:00:00,63,2,t2m,16.2,19.7,-3.5
2026-10-01 18:00:00,전주,GFS,2026-09-28 18:00:00,63,2,tcc,53.0,0.0,53.0
2026-10-01 18:00:00,전주,GFS,2026-09-28 12:00:00,69,2,dswrf,290.0,311.11,-21.11
2026-10-01 18:00:00,전주,GFS,2026-09-28 12:00:00,69,2,t2m,16.1,19.7,-3.6
2026-10-01 18:00:00,전주,GFS,2026-09-28 12:00:00,69,2,tcc,51.0,0.0,51.0
2026-10-01 18:00:00,전주,GFS,2026-09-28 00:00:00,81,3,dswrf,291.0,311.11,-20.11
2026-10-01 18:00:00,전주,GFS,2026-09-28 00:00:00,81,3,t2m,15.9,19.7,-3.8
2026-10-01 18:00:00,전주,GFS,2026-09-28 00:00:00,81,3,tcc,20.0,0.0,20.0
2026-10-01 18:00:00,전주,GFS,2026-09-27 18:00:00,87,3,dswrf,290.0,311.11,-21.11
2026-10-01 18:00:00,전주,GFS,2026-09-27 18:00:00,87,3,t2m,16.0,19.7,-3.7
2026-10-01 18:00:00,전주,GFS,2026-09-27 18:00:00,87,3,tcc,31.0,0.0,31.0
2026-10-01 18:00:00,전주,GFS,2026-09-27 12:00:00,93,3,dswrf,289.0,311.11,-22.11
2026-10-01 18:00:00,전주,GFS,2026-09-27 12:00:00,93,3,t2m,15.9,19.7,-3.8
2026-10-01 18:00:00,전주,GFS,2026-09-27 12:00:00,93,3,tcc,23.0,0.0,23.0
2026-10-01 18:00:00,전주,GFS,2026-09-27 00:00:00,105,4,dswrf,288.0,311.11,-23.11
2026-10-01 18:00:00,전주,GFS,2026-09-27 00:00:00,105,4,t2m,15.9,19.7,-3.8
2026-10-01 18:00:00,전주,GFS,2026-09-27 00:00:00,105,4,tcc,5.0,0.0,5.0
2026-10-01 18:00:00,전주,GFS,2026-09-26 18:00:00,111,4,dswrf,282.0,311.11,-29.11
2026-10-01 18:00:00,전주,GFS,2026-09-26 18:00:00,111,4,t2m,15.9,19.7,-3.8
2026-10-01 18:00:00,전주,GFS,2026-09-26 18:00:00,111,4,tcc,24.0,0.0,24.0
2026-10-01 18:00:00,전주,KIM,2026-10-01 00:00:00,9,0,dswrf,282.0,311.11,-29.11
2026-10-01 18:00:00,전주,KIM,2026-10-01 00:00:00,9,0,t2m,16.5,19.7,-3.2
2026-10-01 18:00:00,전주,KIM,2026-10-01 00:00:00,9,0,tcc,4.0,0.0,4.0
2026-10-01 18:00:00,전주,KIM,2026-09-30 12:00:00,21,0,dswrf,282.0,311.11,-29.11
2026-10-01 18:00:00,전주,KIM,2026-09-30 12:00:00,21,0,t2m,16.6,19.7,-3.1
2026-10-01 18:00:00,전주,KIM,2026-09-30 12:00:00,21,0,tcc,3.0,0.0,3.0
2026-10-01 18:00:00,전주,KIM,2026-09-30 00:00:00,33,1,dswrf,281.0,311.11,-30.11
2026-10-01 18:00:00,전주,KIM,2026-09-30 00:00:00,33,1,t2m,16.4,19.7,-3.3
2026-10-01 18:00:00,전주,KIM,2026-09-30 00:00:00,33,1,tcc,24.0,0.0,24.0
2026-10-01 18:00:00,전주,KIM,2026-09-29 12:00:00,45,1,dswrf,283.0,311.11,-28.11
2026-10-01 18:00:00,전주,KIM,2026-09-29 12:00:00,45,1,t2m,16.3,19.7,-3.4
2026-10-01 18:00:00,전주,KIM,2026-09-29 12:00:00,45,1,tcc,37.0,0.0,37.0
2026-10-01 18:00:00,전주,KIM,2026-09-29 00:00:00,57,2,dswrf,284.0,311.11,-27.11
2026-10-01 18:00:00,전주,KIM,2026-09-29 00:00:00,57,2,t2m,16.3,19.7,-3.4
2026-10-01 18:00:00,전주,KIM,2026-09-29 00:00:00,57,2,tcc,10.0,0.0,10.0
2026-10-01 18:00:00,전주,KIM,2026-09-28 12:00:00,69,2,dswrf,284.0,311.11,-27.11
2026-10-01 18:00:00,전주,KIM,2026-09-28 12:00:00,69,2,t2m,16.5,19.7,-3.2
2026-10-01 18:00:00,전주,KIM,2026-09-28 12:00:00,69,2,tcc,0.0,0.0,0.0
2026-10-01 18:00:00,전주,KIM,2026-09-28 00:00:00,81,3,dswrf,285.0,311.11,-26.11
2026-10-01 18:00:00,전주,KIM,2026-09-28 00:00:00,81,3,t2m,15.9,19.7,-3.8
2026-10-01 18:00:00,전주,KIM,2026-09-28 00:00:00,81,3,tcc,23.0,0.0,23.0
2026-10-01 18:00:00,전주,KIM,2026-09-27 12:00:00,93,3,dswrf,278.0,311.11,-33.11
2026-10-01 18:00:00,전주,KIM,2026-09-27 12:00:00,93,3,t2m,17.3,19.7,-2.4
2026-10-01 18:00:00,전주,KIM,2026-09-27 12:00:00,93,3,tcc,0.0,0.0,0.0
2026-10-01 18:00:00,전주,KIM,2026-09-27 00:00:00,105,4,dswrf,279.0,311.11,-32.11
2026-10-01 18:00:00,전주,KIM,2026-09-27 00:00:00,105,4,t2m,17.2,19.7,-2.5
2026-10-01 18:00:00,전주,KIM,2026-09-27 00:00:00,105,4,tcc,2.0,0.0,2.0
2026-10-01 18:00:00,전주,KIM,2026-09-26 12:00:00,117,4,dswrf,278.0,311.11,-33.11
2026-10-01 18:00:00,전주,KIM,2026-09-26 12:00:00,117,4,t2m,17.1,19.7,-2.6
2026-10-01 18:00:00,전주,KIM,2026-09-26 12:00:00,117,4,tcc,64.0,0.0,64.0
2026-10-01 18:00:00,제주,ECMWF,2026-09-30 12:00:00,21,0,dswrf,302.0,143.52,158.48
2026-10-01 18:00:00,제주,ECMWF,2026-09-30 12:00:00,21,0,t2m,19.2,22.2,-3.0
2026-10-01 18:00:00,제주,ECMWF,2026-09-30 12:00:00,21,0,tcc,4.0,50.0,-46.0
2026-10-01 18:00:00,제주,ECMWF,2026-09-29 12:00:00,45,1,dswrf,317.0,143.52,173.48
2026-10-01 18:00:00,제주,ECMWF,2026-09-29 12:00:00,45,1,t2m,18.8,22.2,-3.4
2026-10-01 18:00:00,제주,ECMWF,2026-09-29 12:00:00,45,1,tcc,19.0,50.0,-31.0
2026-10-01 18:00:00,제주,ECMWF,2026-09-28 12:00:00,69,2,dswrf,310.0,143.52,166.48
2026-10-01 18:00:00,제주,ECMWF,2026-09-28 12:00:00,69,2,t2m,18.9,22.2,-3.3
2026-10-01 18:00:00,제주,ECMWF,2026-09-28 12:00:00,69,2,tcc,77.0,50.0,27.0
2026-10-01 18:00:00,제주,ECMWF,2026-09-28 00:00:00,81,3,dswrf,232.0,143.52,88.48
2026-10-01 18:00:00,제주,ECMWF,2026-09-28 00:00:00,81,3,t2m,18.6,22.2,-3.6
2026-10-01 18:00:00,제주,ECMWF,2026-09-28 00:00:00,81,3,tcc,85.0,50.0,35.0
2026-10-01 18:00:00,제주,ECMWF,2026-09-27 12:00:00,93,3,dswrf,295.0,143.52,151.48
2026-10-01 18:00:00,제주,ECMWF,2026-09-27 12:00:00,93,3,t2m,18.5,22.2,-3.7
2026-10-01 18:00:00,제주,ECMWF,2026-09-27 12:00:00,93,3,tcc,78.0,50.0,28.0
2026-10-01 18:00:00,제주,ECMWF,2026-09-26 12:00:00,117,4,dswrf,313.0,143.52,169.48
2026-10-01 18:00:00,제주,ECMWF,2026-09-26 12:00:00,117,4,t2m,19.2,22.2,-3.0
2026-10-01 18:00:00,제주,ECMWF,2026-09-26 12:00:00,117,4,tcc,44.0,50.0,-6.0
2026-10-01 18:00:00,제주,ECMWF,2026-09-25 12:00:00,141,5,dswrf,264.0,143.52,120.48
2026-10-01 18:00:00,제주,ECMWF,2026-09-25 12:00:00,141,5,t2m,19.2,22.2,-3.0
2026-10-01 18:00:00,제주,ECMWF,2026-09-25 12:00:00,141,5,tcc,76.0,50.0,26.0
2026-10-01 18:00:00,제주,GFS,2026-10-01 00:00:00,9,0,dswrf,314.0,143.52,170.48
2026-10-01 18:00:00,제주,GFS,2026-10-01 00:00:00,9,0,t2m,18.7,22.2,-3.5
2026-10-01 18:00:00,제주,GFS,2026-10-01 00:00:00,9,0,tcc,6.0,50.0,-44.0
2026-10-01 18:00:00,제주,GFS,2026-09-30 18:00:00,15,0,dswrf,314.0,143.52,170.48
2026-10-01 18:00:00,제주,GFS,2026-09-30 18:00:00,15,0,t2m,18.5,22.2,-3.7
2026-10-01 18:00:00,제주,GFS,2026-09-30 18:00:00,15,0,tcc,7.0,50.0,-43.0
2026-10-01 18:00:00,제주,GFS,2026-09-30 12:00:00,21,0,dswrf,314.0,143.52,170.48
2026-10-01 18:00:00,제주,GFS,2026-09-30 12:00:00,21,0,t2m,18.5,22.2,-3.7
2026-10-01 18:00:00,제주,GFS,2026-09-30 12:00:00,21,0,tcc,5.0,50.0,-45.0
2026-10-01 18:00:00,제주,GFS,2026-09-30 00:00:00,33,1,dswrf,312.0,143.52,168.48
2026-10-01 18:00:00,제주,GFS,2026-09-30 00:00:00,33,1,t2m,18.2,22.2,-4.0
2026-10-01 18:00:00,제주,GFS,2026-09-30 00:00:00,33,1,tcc,5.0,50.0,-45.0
2026-10-01 18:00:00,제주,GFS,2026-09-29 18:00:00,39,1,dswrf,282.0,143.52,138.48
2026-10-01 18:00:00,제주,GFS,2026-09-29 18:00:00,39,1,t2m,18.1,22.2,-4.1
2026-10-01 18:00:00,제주,GFS,2026-09-29 18:00:00,39,1,tcc,9.0,50.0,-41.0
2026-10-01 18:00:00,제주,GFS,2026-09-29 12:00:00,45,1,dswrf,314.0,143.52,170.48
2026-10-01 18:00:00,제주,GFS,2026-09-29 12:00:00,45,1,t2m,18.1,22.2,-4.1
2026-10-01 18:00:00,제주,GFS,2026-09-29 12:00:00,45,1,tcc,63.0,50.0,13.0
2026-10-01 18:00:00,제주,GFS,2026-09-29 00:00:00,57,2,dswrf,143.0,143.52,-0.52
2026-10-01 18:00:00,제주,GFS,2026-09-29 00:00:00,57,2,t2m,18.2,22.2,-4.0
2026-10-01 18:00:00,제주,GFS,2026-09-29 00:00:00,57,2,tcc,72.0,50.0,22.0
2026-10-01 18:00:00,제주,GFS,2026-09-28 18:00:00,63,2,dswrf,289.0,143.52,145.48
2026-10-01 18:00:00,제주,GFS,2026-09-28 18:00:00,63,2,t2m,18.4,22.2,-3.8
2026-10-01 18:00:00,제주,GFS,2026-09-28 18:00:00,63,2,tcc,77.0,50.0,27.0
2026-10-01 18:00:00,제주,GFS,2026-09-28 12:00:00,69,2,dswrf,308.0,143.52,164.48
2026-10-01 18:00:00,제주,GFS,2026-09-28 12:00:00,69,2,t2m,18.3,22.2,-3.9
2026-10-01 18:00:00,제주,GFS,2026-09-28 12:00:00,69,2,tcc,30.0,50.0,-20.0
2026-10-01 18:00:00,제주,GFS,2026-09-28 00:00:00,81,3,dswrf,322.0,143.52,178.48
2026-10-01 18:00:00,제주,GFS,2026-09-28 00:00:00,81,3,t2m,18.4,22.2,-3.8
2026-10-01 18:00:00,제주,GFS,2026-09-28 00:00:00,81,3,tcc,23.0,50.0,-27.0
2026-10-01 18:00:00,제주,GFS,2026-09-27 18:00:00,87,3,dswrf,326.0,143.52,182.48
2026-10-01 18:00:00,제주,GFS,2026-09-27 18:00:00,87,3,t2m,18.5,22.2,-3.7
2026-10-01 18:00:00,제주,GFS,2026-09-27 18:00:00,87,3,tcc,3.0,50.0,-47.0
2026-10-01 18:00:00,제주,GFS,2026-09-27 12:00:00,93,3,dswrf,322.0,143.52,178.48
2026-10-01 18:00:00,제주,GFS,2026-09-27 12:00:00,93,3,t2m,18.8,22.2,-3.4
2026-10-01 18:00:00,제주,GFS,2026-09-27 12:00:00,93,3,tcc,5.0,50.0,-45.0
2026-10-01 18:00:00,제주,GFS,2026-09-27 00:00:00,105,4,dswrf,320.0,143.52,176.48
2026-10-01 18:00:00,제주,GFS,2026-09-27 00:00:00,105,4,t2m,18.5,22.2,-3.7
2026-10-01 18:00:00,제주,GFS,2026-09-27 00:00:00,105,4,tcc,12.0,50.0,-38.0
2026-10-01 18:00:00,제주,GFS,2026-09-26 18:00:00,111,4,dswrf,320.0,143.52,176.48
2026-10-01 18:00:00,제주,GFS,2026-09-26 18:00:00,111,4,t2m,18.1,22.2,-4.1
2026-10-01 18:00:00,제주,GFS,2026-09-26 18:00:00,111,4,tcc,7.0,50.0,-43.0
2026-10-01 18:00:00,제주,KIM,2026-10-01 00:00:00,9,0,dswrf,278.0,143.52,134.48
2026-10-01 18:00:00,제주,KIM,2026-10-01 00:00:00,9,0,t2m,21.0,22.2,-1.2
2026-10-01 18:00:00,제주,KIM,2026-10-01 00:00:00,9,0,tcc,12.0,50.0,-38.0
2026-10-01 18:00:00,제주,KIM,2026-09-30 12:00:00,21,0,dswrf,280.0,143.52,136.48
2026-10-01 18:00:00,제주,KIM,2026-09-30 12:00:00,21,0,t2m,20.6,22.2,-1.6
2026-10-01 18:00:00,제주,KIM,2026-09-30 12:00:00,21,0,tcc,15.0,50.0,-35.0
2026-10-01 18:00:00,제주,KIM,2026-09-30 00:00:00,33,1,dswrf,242.0,143.52,98.48
2026-10-01 18:00:00,제주,KIM,2026-09-30 00:00:00,33,1,t2m,20.7,22.2,-1.5
2026-10-01 18:00:00,제주,KIM,2026-09-30 00:00:00,33,1,tcc,70.0,50.0,20.0
2026-10-01 18:00:00,제주,KIM,2026-09-29 12:00:00,45,1,dswrf,280.0,143.52,136.48
2026-10-01 18:00:00,제주,KIM,2026-09-29 12:00:00,45,1,t2m,20.2,22.2,-2.0
2026-10-01 18:00:00,제주,KIM,2026-09-29 12:00:00,45,1,tcc,72.0,50.0,22.0
2026-10-01 18:00:00,제주,KIM,2026-09-29 00:00:00,57,2,dswrf,172.0,143.52,28.48
2026-10-01 18:00:00,제주,KIM,2026-09-29 00:00:00,57,2,t2m,20.0,22.2,-2.2
2026-10-01 18:00:00,제주,KIM,2026-09-29 00:00:00,57,2,tcc,69.0,50.0,19.0
2026-10-01 18:00:00,제주,KIM,2026-09-28 12:00:00,69,2,dswrf,231.0,143.52,87.48
2026-10-01 18:00:00,제주,KIM,2026-09-28 12:00:00,69,2,t2m,20.1,22.2,-2.1
2026-10-01 18:00:00,제주,KIM,2026-09-28 12:00:00,69,2,tcc,42.0,50.0,-8.0
2026-10-01 18:00:00,제주,KIM,2026-09-28 00:00:00,81,3,dswrf,286.0,143.52,142.48
2026-10-01 18:00:00,제주,KIM,2026-09-28 00:00:00,81,3,t2m,19.9,22.2,-2.3
2026-10-01 18:00:00,제주,KIM,2026-09-28 00:00:00,81,3,tcc,80.0,50.0,30.0
2026-10-01 18:00:00,제주,KIM,2026-09-27 12:00:00,93,3,dswrf,282.0,143.52,138.48
2026-10-01 18:00:00,제주,KIM,2026-09-27 12:00:00,93,3,t2m,20.7,22.2,-1.5
2026-10-01 18:00:00,제주,KIM,2026-09-27 12:00:00,93,3,tcc,23.0,50.0,-27.0
2026-10-01 18:00:00,제주,KIM,2026-09-27 00:00:00,105,4,dswrf,284.0,143.52,140.48
2026-10-01 18:00:00,제주,KIM,2026-09-27 00:00:00,105,4,t2m,20.9,22.2,-1.3
2026-10-01 18:00:00,제주,KIM,2026-09-27 00:00:00,105,4,tcc,3.0,50.0,-47.0
2026-10-01 18:00:00,제주,KIM,2026-09-26 12:00:00,117,4,dswrf,286.0,143.52,142.48
2026-10-01 18:00:00,제주,KIM,2026-09-26 12:00:00,117,4,t2m,20.4,22.2,-1.8
2026-10-01 18:00:00,제주,KIM,2026-09-26 12:00:00,117,4,tcc,71.0,50.0,21.0
2026-10-01 21:00:00,강릉,ECMWF,2026-10-01 12:00:00,0,0,t2m,15.8,17.1,-1.3
2026-10-01 21:00:00,강릉,ECMWF,2026-10-01 12:00:00,0,0,tcc,30.0,0.0,30.0
2026-10-01 21:00:00,강릉,ECMWF,2026-09-30 12:00:00,24,1,dswrf,0.0,,
2026-10-01 21:00:00,강릉,ECMWF,2026-09-30 12:00:00,24,1,t2m,15.0,17.1,-2.1
2026-10-01 21:00:00,강릉,ECMWF,2026-09-30 12:00:00,24,1,tcc,22.0,0.0,22.0
2026-10-01 21:00:00,강릉,ECMWF,2026-09-29 12:00:00,48,2,dswrf,0.0,,
2026-10-01 21:00:00,강릉,ECMWF,2026-09-29 12:00:00,48,2,t2m,15.2,17.1,-1.9
2026-10-01 21:00:00,강릉,ECMWF,2026-09-29 12:00:00,48,2,tcc,59.0,0.0,59.0
2026-10-01 21:00:00,강릉,ECMWF,2026-09-28 12:00:00,72,3,dswrf,0.0,,
2026-10-01 21:00:00,강릉,ECMWF,2026-09-28 12:00:00,72,3,t2m,17.3,17.1,0.2
2026-10-01 21:00:00,강릉,ECMWF,2026-09-28 12:00:00,72,3,tcc,86.0,0.0,86.0
2026-10-01 21:00:00,강릉,ECMWF,2026-09-28 00:00:00,84,3,dswrf,0.0,,
2026-10-01 21:00:00,강릉,ECMWF,2026-09-28 00:00:00,84,3,t2m,16.7,17.1,-0.4
2026-10-01 21:00:00,강릉,ECMWF,2026-09-28 00:00:00,84,3,tcc,64.0,0.0,64.0
2026-10-01 21:00:00,강릉,ECMWF,2026-09-27 12:00:00,96,4,dswrf,0.0,,
2026-10-01 21:00:00,강릉,ECMWF,2026-09-27 12:00:00,96,4,t2m,16.8,17.1,-0.3
2026-10-01 21:00:00,강릉,ECMWF,2026-09-27 12:00:00,96,4,tcc,53.0,0.0,53.0
2026-10-01 21:00:00,강릉,ECMWF,2026-09-26 12:00:00,120,5,dswrf,0.0,,
2026-10-01 21:00:00,강릉,ECMWF,2026-09-26 12:00:00,120,5,t2m,16.4,17.1,-0.7
2026-10-01 21:00:00,강릉,ECMWF,2026-09-26 12:00:00,120,5,tcc,0.0,0.0,0.0
2026-10-01 21:00:00,강릉,ECMWF,2026-09-25 12:00:00,144,6,dswrf,0.0,,
2026-10-01 21:00:00,강릉,ECMWF,2026-09-25 12:00:00,144,6,t2m,15.0,17.1,-2.1
2026-10-01 21:00:00,강릉,ECMWF,2026-09-25 12:00:00,144,6,tcc,0.0,0.0,0.0
2026-10-01 21:00:00,강릉,ECMWF,2026-09-24 12:00:00,168,7,dswrf,135.0,,
2026-10-01 21:00:00,강릉,ECMWF,2026-09-24 12:00:00,168,7,t2m,13.4,17.1,-3.7
2026-10-01 21:00:00,강릉,ECMWF,2026-09-24 12:00:00,168,7,tcc,0.0,0.0,0.0
2026-10-01 21:00:00,강릉,ECMWF,2026-09-23 12:00:00,192,8,dswrf,135.0,,
2026-10-01 21:00:00,강릉,ECMWF,2026-09-23 12:00:00,192,8,t2m,15.0,17.1,-2.1
2026-10-01 21:00:00,강릉,ECMWF,2026-09-23 12:00:00,192,8,tcc,0.0,0.0,0.0
2026-10-01 21:00:00,강릉,ECMWF,2026-09-22 12:00:00,216,9,dswrf,133.0,,
2026-10-01 21:00:00,강릉,ECMWF,2026-09-22 12:00:00,216,9,t2m,14.0,17.1,-3.1
2026-10-01 21:00:00,강릉,ECMWF,2026-09-22 12:00:00,216,9,tcc,0.0,0.0,0.0
2026-10-01 21:00:00,강릉,ECMWF,2026-09-21 12:00:00,240,10,dswrf,128.0,,
2026-10-01 21:00:00,강릉,ECMWF,2026-09-21 12:00:00,240,10,t2m,13.9,17.1,-3.2
2026-10-01 21:00:00,강릉,ECMWF,2026-09-21 12:00:00,240,10,tcc,5.0,0.0,5.0
2026-10-01 21:00:00,강릉,GFS,2026-10-01 12:00:00,0,0,t2m,16.6,17.1,-0.5
2026-10-01 21:00:00,강릉,GFS,2026-10-01 12:00:00,0,0,tcc,52.0,0.0,52.0
2026-10-01 21:00:00,강릉,GFS,2026-10-01 00:00:00,12,0,dswrf,0.0,,
2026-10-01 21:00:00,강릉,GFS,2026-10-01 00:00:00,12,0,t2m,16.1,17.1,-1.0
2026-10-01 21:00:00,강릉,GFS,2026-10-01 00:00:00,12,0,tcc,53.0,0.0,53.0
2026-10-01 21:00:00,강릉,GFS,2026-09-30 18:00:00,18,0,dswrf,0.0,,
2026-10-01 21:00:00,강릉,GFS,2026-09-30 18:00:00,18,0,t2m,15.6,17.1,-1.5
2026-10-01 21:00:00,강릉,GFS,2026-09-30 18:00:00,18,0,tcc,21.0,0.0,21.0
2026-10-01 21:00:00,강릉,GFS,2026-09-30 12:00:00,24,1,dswrf,0.0,,
2026-10-01 21:00:00,강릉,GFS,2026-09-30 12:00:00,24,1,t2m,15.7,17.1,-1.4
2026-10-01 21:00:00,강릉,GFS,2026-09-30 12:00:00,24,1,tcc,17.0,0.0,17.0
2026-10-01 21:00:00,강릉,GFS,2026-09-30 00:00:00,36,1,dswrf,0.0,,
2026-10-01 21:00:00,강릉,GFS,2026-09-30 00:00:00,36,1,t2m,16.3,17.1,-0.8
2026-10-01 21:00:00,강릉,GFS,2026-09-30 00:00:00,36,1,tcc,94.0,0.0,94.0
2026-10-01 21:00:00,강릉,GFS,2026-09-29 18:00:00,42,1,dswrf,0.0,,
2026-10-01 21:00:00,강릉,GFS,2026-09-29 18:00:00,42,1,t2m,16.0,17.1,-1.1
2026-10-01 21:00:00,강릉,GFS,2026-09-29 18:00:00,42,1,tcc,5.0,0.0,5.0
2026-10-01 21:00:00,강릉,GFS,2026-09-29 12:00:00,48,2,dswrf,0.0,,
2026-10-01 21:00:00,강릉,GFS,2026-09-29 12:00:00,48,2,t2m,17.2,17.1,0.1
2026-10-01 21:00:00,강릉,GFS,2026-09-29 12:00:00,48,2,tcc,49.0,0.0,49.0
2026-10-01 21:00:00,강릉,GFS,2026-09-29 00:00:00,60,2,dswrf,0.0,,
2026-10-01 21:00:00,강릉,GFS,2026-09-29 00:00:00,60,2,t2m,16.9,17.1,-0.2
2026-10-01 21:00:00,강릉,GFS,2026-09-29 00:00:00,60,2,tcc,26.0,0.0,26.0
2026-10-01 21:00:00,강릉,GFS,2026-09-28 18:00:00,66,2,dswrf,0.0,,
2026-10-01 21:00:00,강릉,GFS,2026-09-28 18:00:00,66,2,t2m,16.4,17.1,-0.7
2026-10-01 21:00:00,강릉,GFS,2026-09-28 18:00:00,66,2,tcc,10.0,0.0,10.0
2026-10-01 21:00:00,강릉,GFS,2026-09-28 12:00:00,72,3,dswrf,0.0,,
2026-10-01 21:00:00,강릉,GFS,2026-09-28 12:00:00,72,3,t2m,16.8,17.1,-0.3
2026-10-01 21:00:00,강릉,GFS,2026-09-28 12:00:00,72,3,tcc,1.0,0.0,1.0
2026-10-01 21:00:00,강릉,GFS,2026-09-28 00:00:00,84,3,dswrf,0.0,,
2026-10-01 21:00:00,강릉,GFS,2026-09-28 00:00:00,84,3,t2m,16.2,17.1,-0.9
2026-10-01 21:00:00,강릉,GFS,2026-09-28 00:00:00,84,3,tcc,0.0,0.0,0.0
2026-10-01 21:00:00,강릉,GFS,2026-09-27 18:00:00,90,3,dswrf,0.0,,
2026-10-01 21:00:00,강릉,GFS,2026-09-27 18:00:00,90,3,t2m,15.6,17.1,-1.5
2026-10-01 21:00:00,강릉,GFS,2026-09-27 18:00:00,90,3,tcc,0.0,0.0,0.0
2026-10-01 21:00:00,강릉,GFS,2026-09-27 12:00:00,96,4,dswrf,0.0,,
2026-10-01 21:00:00,강릉,GFS,2026-09-27 12:00:00,96,4,t2m,16.5,17.1,-0.6
2026-10-01 21:00:00,강릉,GFS,2026-09-27 12:00:00,96,4,tcc,0.0,0.0,0.0
2026-10-01 21:00:00,강릉,GFS,2026-09-27 00:00:00,108,4,dswrf,0.0,,
2026-10-01 21:00:00,강릉,GFS,2026-09-27 00:00:00,108,4,t2m,16.6,17.1,-0.5
2026-10-01 21:00:00,강릉,GFS,2026-09-27 00:00:00,108,4,tcc,0.0,0.0,0.0
2026-10-01 21:00:00,강릉,GFS,2026-09-26 18:00:00,114,4,dswrf,0.0,,
2026-10-01 21:00:00,강릉,GFS,2026-09-26 18:00:00,114,4,t2m,16.3,17.1,-0.8
2026-10-01 21:00:00,강릉,GFS,2026-09-26 18:00:00,114,4,tcc,0.0,0.0,0.0
2026-10-01 21:00:00,강릉,GFS,2026-09-26 00:00:00,132,5,dswrf,128.0,,
2026-10-01 21:00:00,강릉,GFS,2026-09-26 00:00:00,132,5,t2m,16.0,17.1,-1.1
2026-10-01 21:00:00,강릉,GFS,2026-09-26 00:00:00,132,5,tcc,91.0,0.0,91.0
2026-10-01 21:00:00,강릉,GFS,2026-09-25 18:00:00,138,5,dswrf,127.0,,
2026-10-01 21:00:00,강릉,GFS,2026-09-25 18:00:00,138,5,t2m,15.4,17.1,-1.7
2026-10-01 21:00:00,강릉,GFS,2026-09-25 18:00:00,138,5,tcc,14.0,0.0,14.0
2026-10-01 21:00:00,강릉,GFS,2026-09-25 12:00:00,144,6,dswrf,130.0,,
2026-10-01 21:00:00,강릉,GFS,2026-09-25 12:00:00,144,6,t2m,14.9,17.1,-2.2
2026-10-01 21:00:00,강릉,GFS,2026-09-25 12:00:00,144,6,tcc,0.0,0.0,0.0
2026-10-01 21:00:00,강릉,GFS,2026-09-25 00:00:00,156,6,dswrf,130.0,,
2026-10-01 21:00:00,강릉,GFS,2026-09-25 00:00:00,156,6,t2m,16.4,17.1,-0.7
2026-10-01 21:00:00,강릉,GFS,2026-09-25 00:00:00,156,6,tcc,0.0,0.0,0.0
2026-10-01 21:00:00,강릉,GFS,2026-09-24 18:00:00,162,6,dswrf,129.0,,
2026-10-01 21:00:00,강릉,GFS,2026-09-24 18:00:00,162,6,t2m,14.9,17.1,-2.2
2026-10-01 21:00:00,강릉,GFS,2026-09-24 18:00:00,162,6,tcc,32.0,0.0,32.0
2026-10-01 21:00:00,강릉,GFS,2026-09-24 12:00:00,168,7,dswrf,128.0,,
2026-10-01 21:00:00,강릉,GFS,2026-09-24 12:00:00,168,7,t2m,15.9,17.1,-1.2
2026-10-01 21:00:00,강릉,GFS,2026-09-24 12:00:00,168,7,tcc,0.0,0.0,0.0
2026-10-01 21:00:00,강릉,GFS,2026-09-24 00:00:00,180,7,dswrf,130.0,,
2026-10-01 21:00:00,강릉,GFS,2026-09-24 00:00:00,180,7,t2m,16.1,17.1,-1.0
2026-10-01 21:00:00,강릉,GFS,2026-09-24 00:00:00,180,7,tcc,0.0,0.0,0.0
2026-10-01 21:00:00,강릉,GFS,2026-09-23 18:00:00,186,7,dswrf,129.0,,
2026-10-01 21:00:00,강릉,GFS,2026-09-23 18:00:00,186,7,t2m,15.3,17.1,-1.8
2026-10-01 21:00:00,강릉,GFS,2026-09-23 18:00:00,186,7,tcc,0.0,0.0,0.0
2026-10-01 21:00:00,강릉,GFS,2026-09-23 12:00:00,192,8,dswrf,123.0,,
2026-10-01 21:00:00,강릉,GFS,2026-09-23 12:00:00,192,8,t2m,14.7,17.1,-2.4
2026-10-01 21:00:00,강릉,GFS,2026-09-23 12:00:00,192,8,tcc,0.0,0.0,0.0
2026-10-01 21:00:00,강릉,GFS,2026-09-23 00:00:00,204,8,dswrf,56.0,,
2026-10-01 21:00:00,강릉,GFS,2026-09-23 00:00:00,204,8,t2m,16.3,17.1,-0.8
2026-10-01 21:00:00,강릉,GFS,2026-09-23 00:00:00,204,8,tcc,100.0,0.0,100.0
2026-10-01 21:00:00,강릉,GFS,2026-09-22 18:00:00,210,8,dswrf,41.0,,
2026-10-01 21:00:00,강릉,GFS,2026-09-22 18:00:00,210,8,t2m,16.2,17.1,-0.9
2026-10-01 21:00:00,강릉,GFS,2026-09-22 18:00:00,210,8,tcc,100.0,0.0,100.0
2026-10-01 21:00:00,강릉,GFS,2026-09-22 12:00:00,216,9,dswrf,85.0,,
2026-10-01 21:00:00,강릉,GFS,2026-09-22 12:00:00,216,9,t2m,20.4,17.1,3.3
2026-10-01 21:00:00,강릉,GFS,2026-09-22 12:00:00,216,9,tcc,100.0,0.0,100.0
2026-10-01 21:00:00,강릉,GFS,2026-09-22 00:00:00,228,9,dswrf,108.0,,
2026-10-01 21:00:00,강릉,GFS,2026-09-22 00:00:00,228,9,t2m,17.5,17.1,0.4
2026-10-01 21:00:00,강릉,GFS,2026-09-22 00:00:00,228,9,tcc,97.0,0.0,97.0
2026-10-01 21:00:00,강릉,GFS,2026-09-21 18:00:00,234,9,dswrf,120.0,,
2026-10-01 21:00:00,강릉,GFS,2026-09-21 18:00:00,234,9,t2m,17.6,17.1,0.5
2026-10-01 21:00:00,강릉,GFS,2026-09-21 18:00:00,234,9,tcc,2.0,0.0,2.0
2026-10-01 21:00:00,강릉,GFS,2026-09-21 12:00:00,240,10,dswrf,128.0,,
2026-10-01 21:00:00,강릉,GFS,2026-09-21 12:00:00,240,10,t2m,15.2,17.1,-1.9
2026-10-01 21:00:00,강릉,GFS,2026-09-21 12:00:00,240,10,tcc,0.0,0.0,0.0
2026-10-01 21:00:00,강릉,KIM,2026-10-01 12:00:00,0,0,t2m,16.4,17.1,-0.7
2026-10-01 21:00:00,강릉,KIM,2026-10-01 12:00:00,0,0,tcc,0.0,0.0,0.0
2026-10-01 21:00:00,강릉,KIM,2026-10-01 00:00:00,12,0,dswrf,0.0,,
2026-10-01 21:00:00,강릉,KIM,2026-10-01 00:00:00,12,0,t2m,16.2,17.1,-0.9
2026-10-01 21:00:00,강릉,KIM,2026-10-01 00:00:00,12,0,tcc,0.0,0.0,0.0
2026-10-01 21:00:00,강릉,KIM,2026-09-30 12:00:00,24,1,dswrf,0.0,,
2026-10-01 21:00:00,강릉,KIM,2026-09-30 12:00:00,24,1,t2m,16.3,17.1,-0.8
2026-10-01 21:00:00,강릉,KIM,2026-09-30 12:00:00,24,1,tcc,0.0,0.0,0.0
2026-10-01 21:00:00,강릉,KIM,2026-09-30 00:00:00,36,1,dswrf,-0.0,,
2026-10-01 21:00:00,강릉,KIM,2026-09-30 00:00:00,36,1,t2m,16.2,17.1,-0.9
2026-10-01 21:00:00,강릉,KIM,2026-09-30 00:00:00,36,1,tcc,83.0,0.0,83.0
2026-10-01 21:00:00,강릉,KIM,2026-09-29 12:00:00,48,2,dswrf,0.0,,
2026-10-01 21:00:00,강릉,KIM,2026-09-29 12:00:00,48,2,t2m,15.9,17.1,-1.2
2026-10-01 21:00:00,강릉,KIM,2026-09-29 12:00:00,48,2,tcc,0.0,0.0,0.0
2026-10-01 21:00:00,강릉,KIM,2026-09-29 00:00:00,60,2,dswrf,0.0,,
2026-10-01 21:00:00,강릉,KIM,2026-09-29 00:00:00,60,2,t2m,16.2,17.1,-0.9
2026-10-01 21:00:00,강릉,KIM,2026-09-29 00:00:00,60,2,tcc,0.0,0.0,0.0
2026-10-01 21:00:00,강릉,KIM,2026-09-28 12:00:00,72,3,dswrf,0.0,,
2026-10-01 21:00:00,강릉,KIM,2026-09-28 12:00:00,72,3,t2m,16.1,17.1,-1.0
2026-10-01 21:00:00,강릉,KIM,2026-09-28 12:00:00,72,3,tcc,0.0,0.0,0.0
2026-10-01 21:00:00,강릉,KIM,2026-09-28 00:00:00,84,3,dswrf,0.0,,
2026-10-01 21:00:00,강릉,KIM,2026-09-28 00:00:00,84,3,t2m,15.7,17.1,-1.4
2026-10-01 21:00:00,강릉,KIM,2026-09-28 00:00:00,84,3,tcc,0.0,0.0,0.0
2026-10-01 21:00:00,강릉,KIM,2026-09-27 12:00:00,96,4,dswrf,-0.0,,
2026-10-01 21:00:00,강릉,KIM,2026-09-27 12:00:00,96,4,t2m,15.6,17.1,-1.5
2026-10-01 21:00:00,강릉,KIM,2026-09-27 12:00:00,96,4,tcc,0.0,0.0,0.0
2026-10-01 21:00:00,강릉,KIM,2026-09-27 00:00:00,108,4,dswrf,0.0,,
2026-10-01 21:00:00,강릉,KIM,2026-09-27 00:00:00,108,4,t2m,16.0,17.1,-1.1
2026-10-01 21:00:00,강릉,KIM,2026-09-27 00:00:00,108,4,tcc,0.0,0.0,0.0
2026-10-01 21:00:00,강릉,KIM,2026-09-26 12:00:00,120,5,dswrf,-0.0,,
2026-10-01 21:00:00,강릉,KIM,2026-09-26 12:00:00,120,5,t2m,15.9,17.1,-1.2
2026-10-01 21:00:00,강릉,KIM,2026-09-26 12:00:00,120,5,tcc,0.0,0.0,0.0
2026-10-01 21:00:00,강릉,KIM,2026-09-26 00:00:00,132,5,t2m,15.5,17.1,-1.6
2026-10-01 21:00:00,강릉,KIM,2026-09-26 00:00:00,132,5,tcc,0.0,0.0,0.0
2026-10-01 21:00:00,강릉,KIM,2026-09-25 12:00:00,144,6,t2m,15.2,17.1,-1.9
2026-10-01 21:00:00,강릉,KIM,2026-09-25 12:00:00,144,6,tcc,70.0,0.0,70.0
2026-10-01 21:00:00,강릉,KIM,2026-09-25 00:00:00,156,6,t2m,15.1,17.1,-2.0
2026-10-01 21:00:00,강릉,KIM,2026-09-25 00:00:00,156,6,tcc,8.0,0.0,8.0
2026-10-01 21:00:00,강릉,KIM,2026-09-24 12:00:00,168,7,t2m,15.3,17.1,-1.8
2026-10-01 21:00:00,강릉,KIM,2026-09-24 12:00:00,168,7,tcc,0.0,0.0,0.0
2026-10-01 21:00:00,강릉,KIM,2026-09-24 00:00:00,180,7,t2m,15.1,17.1,-2.0
2026-10-01 21:00:00,강릉,KIM,2026-09-24 00:00:00,180,7,tcc,0.0,0.0,0.0
2026-10-01 21:00:00,강릉,KIM,2026-09-23 12:00:00,192,8,t2m,15.8,17.1,-1.3
2026-10-01 21:00:00,강릉,KIM,2026-09-23 12:00:00,192,8,tcc,41.0,0.0,41.0
2026-10-01 21:00:00,강릉,KIM,2026-09-23 00:00:00,204,8,t2m,14.6,17.1,-2.5
2026-10-01 21:00:00,강릉,KIM,2026-09-23 00:00:00,204,8,tcc,0.0,0.0,0.0
2026-10-01 21:00:00,강릉,KIM,2026-09-22 12:00:00,216,9,t2m,16.9,17.1,-0.2
2026-10-01 21:00:00,강릉,KIM,2026-09-22 12:00:00,216,9,tcc,0.0,0.0,0.0
2026-10-01 21:00:00,강릉,KIM,2026-09-22 00:00:00,228,9,t2m,16.0,17.1,-1.1
2026-10-01 21:00:00,강릉,KIM,2026-09-22 00:00:00,228,9,tcc,40.0,0.0,40.0
2026-10-01 21:00:00,강릉,KIM,2026-09-21 12:00:00,240,10,t2m,15.4,17.1,-1.7
2026-10-01 21:00:00,강릉,KIM,2026-09-21 12:00:00,240,10,tcc,0.0,0.0,0.0
2026-10-01 21:00:00,강릉,KIM,2026-09-21 00:00:00,252,10,t2m,16.3,17.1,-0.8
2026-10-01 21:00:00,강릉,KIM,2026-09-21 00:00:00,252,10,tcc,12.0,0.0,12.0
2026-10-01 21:00:00,강릉,KIM,2026-09-20 12:00:00,264,11,t2m,21.5,17.1,4.4
2026-10-01 21:00:00,강릉,KIM,2026-09-20 12:00:00,264,11,tcc,68.0,0.0,68.0
2026-10-01 21:00:00,강릉,KIM,2026-09-19 12:00:00,288,12,t2m,16.8,17.1,-0.3
2026-10-01 21:00:00,강릉,KIM,2026-09-19 12:00:00,288,12,tcc,100.0,0.0,100.0
2026-10-01 21:00:00,광주,ECMWF,2026-10-01 12:00:00,0,0,t2m,13.7,16.7,-3.0
2026-10-01 21:00:00,광주,ECMWF,2026-10-01 12:00:00,0,0,tcc,5.0,10.0,-5.0
2026-10-01 21:00:00,광주,ECMWF,2026-09-30 12:00:00,24,1,dswrf,1.0,,
2026-10-01 21:00:00,광주,ECMWF,2026-09-30 12:00:00,24,1,t2m,13.4,16.7,-3.3
2026-10-01 21:00:00,광주,ECMWF,2026-09-30 12:00:00,24,1,tcc,6.0,10.0,-4.0
2026-10-01 21:00:00,광주,ECMWF,2026-09-29 12:00:00,48,2,dswrf,1.0,,
2026-10-01 21:00:00,광주,ECMWF,2026-09-29 12:00:00,48,2,t2m,14.1,16.7,-2.6
2026-10-01 21:00:00,광주,ECMWF,2026-09-29 12:00:00,48,2,tcc,57.0,10.0,47.0
2026-10-01 21:00:00,광주,ECMWF,2026-09-28 12:00:00,72,3,dswrf,1.0,,
2026-10-01 21:00:00,광주,ECMWF,2026-09-28 12:00:00,72,3,t2m,13.7,16.7,-3.0
2026-10-01 21:00:00,광주,ECMWF,2026-09-28 12:00:00,72,3,tcc,91.0,10.0,81.0
2026-10-01 21:00:00,광주,ECMWF,2026-09-28 00:00:00,84,3,dswrf,1.0,,
2026-10-01 21:00:00,광주,ECMWF,2026-09-28 00:00:00,84,3,t2m,13.7,16.7,-3.0
2026-10-01 21:00:00,광주,ECMWF,2026-09-28 00:00:00,84,3,tcc,92.0,10.0,82.0
2026-10-01 21:00:00,광주,ECMWF,2026-09-27 12:00:00,96,4,dswrf,1.0,,
2026-10-01 21:00:00,광주,ECMWF,2026-09-27 12:00:00,96,4,t2m,15.0,16.7,-1.7
2026-10-01 21:00:00,광주,ECMWF,2026-09-27 12:00:00,96,4,tcc,86.0,10.0,76.0
2026-10-01 21:00:00,광주,ECMWF,2026-09-26 12:00:00,120,5,dswrf,1.0,,
2026-10-01 21:00:00,광주,ECMWF,2026-09-26 12:00:00,120,5,t2m,15.4,16.7,-1.3
2026-10-01 21:00:00,광주,ECMWF,2026-09-26 12:00:00,120,5,tcc,76.0,10.0,66.0
2026-10-01 21:00:00,광주,ECMWF,2026-09-25 12:00:00,144,6,dswrf,1.0,,
2026-10-01 21:00:00,광주,ECMWF,2026-09-25 12:00:00,144,6,t2m,14.6,16.7,-2.1
2026-10-01 21:00:00,광주,ECMWF,2026-09-25 12:00:00,144,6,tcc,95.0,10.0,85.0
2026-10-01 21:00:00,광주,ECMWF,2026-09-24 12:00:00,168,7,dswrf,143.0,,
2026-10-01 21:00:00,광주,ECMWF,2026-09-24 12:00:00,168,7,t2m,14.6,16.7,-2.1
2026-10-01 21:00:00,광주,ECMWF,2026-09-24 12:00:00,168,7,tcc,97.0,10.0,87.0
2026-10-01 21:00:00,광주,ECMWF,2026-09-23 12:00:00,192,8,dswrf,156.0,,
2026-10-01 21:00:00,광주,ECMWF,2026-09-23 12:00:00,192,8,t2m,14.0,16.7,-2.7
2026-10-01 21:00:00,광주,ECMWF,2026-09-23 12:00:00,192,8,tcc,0.0,10.0,-10.0
2026-10-01 21:00:00,광주,ECMWF,2026-09-22 12:00:00,216,9,dswrf,156.0,,
2026-10-01 21:00:00,광주,ECMWF,2026-09-22 12:00:00,216,9,t2m,13.9,16.7,-2.8
2026-10-01 21:00:00,광주,ECMWF,2026-09-22 12:00:00,216,9,tcc,45.0,10.0,35.0
2026-10-01 21:00:00,광주,ECMWF,2026-09-21 12:00:00,240,10,dswrf,83.0,,
2026-10-01 21:00:00,광주,ECMWF,2026-09-21 12:00:00,240,10,t2m,14.7,16.7,-2.0
2026-10-01 21:00:00,광주,ECMWF,2026-09-21 12:00:00,240,10,tcc,63.0,10.0,53.0
2026-10-01 21:00:00,광주,GFS,2026-10-01 12:00:00,0,0,t2m,12.0,16.7,-4.7
2026-10-01 21:00:00,광주,GFS,2026-10-01 12:00:00,0,0,tcc,16.0,10.0,6.0
2026-10-01 21:00:00,광주,GFS,2026-10-01 00:00:00,12,0,dswrf,1.0,,
2026-10-01 21:00:00,광주,GFS,2026-10-01 00:00:00,12,0,t2m,11.7,16.7,-5.0
2026-10-01 21:00:00,광주,GFS,2026-10-01 00:00:00,12,0,tcc,26.0,10.0,16.0
2026-10-01 21:00:00,광주,GFS,2026-09-30 18:00:00,18,0,dswrf,1.0,,
2026-10-01 21:00:00,광주,GFS,2026-09-30 18:00:00,18,0,t2m,12.0,16.7,-4.7
2026-10-01 21:00:00,광주,GFS,2026-09-30 18:00:00,18,0,tcc,62.0,10.0,52.0
2026-10-01 21:00:00,광주,GFS,2026-09-30 12:00:00,24,1,dswrf,1.0,,
2026-10-01 21:00:00,광주,GFS,2026-09-30 12:00:00,24,1,t2m,12.0,16.7,-4.7
2026-10-01 21:00:00,광주,GFS,2026-09-30 12:00:00,24,1,tcc,31.0,10.0,21.0
2026-10-01 21:00:00,광주,GFS,2026-09-30 00:00:00,36,1,dswrf,1.0,,
2026-10-01 21:00:00,광주,GFS,2026-09-30 00:00:00,36,1,t2m,12.5,16.7,-4.2
2026-10-01 21:00:00,광주,GFS,2026-09-30 00:00:00,36,1,tcc,74.0,10.0,64.0
2026-10-01 21:00:00,광주,GFS,2026-09-29 18:00:00,42,1,dswrf,1.0,,
2026-10-01 21:00:00,광주,GFS,2026-09-29 18:00:00,42,1,t2m,12.5,16.7,-4.2
2026-10-01 21:00:00,광주,GFS,2026-09-29 18:00:00,42,1,tcc,17.0,10.0,7.0
2026-10-01 21:00:00,광주,GFS,2026-09-29 12:00:00,48,2,dswrf,1.0,,
2026-10-01 21:00:00,광주,GFS,2026-09-29 12:00:00,48,2,t2m,13.3,16.7,-3.4
2026-10-01 21:00:00,광주,GFS,2026-09-29 12:00:00,48,2,tcc,77.0,10.0,67.0
2026-10-01 21:00:00,광주,GFS,2026-09-29 00:00:00,60,2,dswrf,1.0,,
2026-10-01 21:00:00,광주,GFS,2026-09-29 00:00:00,60,2,t2m,13.6,16.7,-3.1
2026-10-01 21:00:00,광주,GFS,2026-09-29 00:00:00,60,2,tcc,86.0,10.0,76.0
2026-10-01 21:00:00,광주,GFS,2026-09-28 18:00:00,66,2,dswrf,1.0,,
2026-10-01 21:00:00,광주,GFS,2026-09-28 18:00:00,66,2,t2m,12.2,16.7,-4.5
2026-10-01 21:00:00,광주,GFS,2026-09-28 18:00:00,66,2,tcc,38.0,10.0,28.0
2026-10-01 21:00:00,광주,GFS,2026-09-28 12:00:00,72,3,dswrf,1.0,,
2026-10-01 21:00:00,광주,GFS,2026-09-28 12:00:00,72,3,t2m,12.8,16.7,-3.9
2026-10-01 21:00:00,광주,GFS,2026-09-28 12:00:00,72,3,tcc,57.0,10.0,47.0
2026-10-01 21:00:00,광주,GFS,2026-09-28 00:00:00,84,3,dswrf,1.0,,
2026-10-01 21:00:00,광주,GFS,2026-09-28 00:00:00,84,3,t2m,12.5,16.7,-4.2
2026-10-01 21:00:00,광주,GFS,2026-09-28 00:00:00,84,3,tcc,85.0,10.0,75.0
2026-10-01 21:00:00,광주,GFS,2026-09-27 18:00:00,90,3,dswrf,1.0,,
2026-10-01 21:00:00,광주,GFS,2026-09-27 18:00:00,90,3,t2m,12.5,16.7,-4.2
2026-10-01 21:00:00,광주,GFS,2026-09-27 18:00:00,90,3,tcc,1.0,10.0,-9.0
2026-10-01 21:00:00,광주,GFS,2026-09-27 12:00:00,96,4,dswrf,1.0,,
2026-10-01 21:00:00,광주,GFS,2026-09-27 12:00:00,96,4,t2m,12.4,16.7,-4.3
2026-10-01 21:00:00,광주,GFS,2026-09-27 12:00:00,96,4,tcc,3.0,10.0,-7.0
2026-10-01 21:00:00,광주,GFS,2026-09-27 00:00:00,108,4,dswrf,1.0,,
2026-10-01 21:00:00,광주,GFS,2026-09-27 00:00:00,108,4,t2m,12.3,16.7,-4.4
2026-10-01 21:00:00,광주,GFS,2026-09-27 00:00:00,108,4,tcc,14.0,10.0,4.0
2026-10-01 21:00:00,광주,GFS,2026-09-26 18:00:00,114,4,dswrf,1.0,,
2026-10-01 21:00:00,광주,GFS,2026-09-26 18:00:00,114,4,t2m,12.3,16.7,-4.4
2026-10-01 21:00:00,광주,GFS,2026-09-26 18:00:00,114,4,tcc,0.0,10.0,-10.0
2026-10-01 21:00:00,광주,GFS,2026-09-26 00:00:00,132,5,dswrf,141.0,,
2026-10-01 21:00:00,광주,GFS,2026-09-26 00:00:00,132,5,t2m,12.2,16.7,-4.5
2026-10-01 21:00:00,광주,GFS,2026-09-26 00:00:00,132,5,tcc,56.0,10.0,46.0
2026-10-01 21:00:00,광주,GFS,2026-09-25 18:00:00,138,5,dswrf,146.0,,
2026-10-01 21:00:00,광주,GFS,2026-09-25 18:00:00,138,5,t2m,12.4,16.7,-4.3
2026-10-01 21:00:00,광주,GFS,2026-09-25 18:00:00,138,5,tcc,37.0,10.0,27.0
2026-10-01 21:00:00,광주,GFS,2026-09-25 12:00:00,144,6,dswrf,150.0,,
2026-10-01 21:00:00,광주,GFS,2026-09-25 12:00:00,144,6,t2m,12.6,16.7,-4.1
2026-10-01 21:00:00,광주,GFS,2026-09-25 12:00:00,144,6,tcc,62.0,10.0,52.0
2026-10-01 21:00:00,광주,GFS,2026-09-25 00:00:00,156,6,dswrf,151.0,,
2026-10-01 21:00:00,광주,GFS,2026-09-25 00:00:00,156,6,t2m,12.8,16.7,-3.9
2026-10-01 21:00:00,광주,GFS,2026-09-25 00:00:00,156,6,tcc,7.0,10.0,-3.0
2026-10-01 21:00:00,광주,GFS,2026-09-24 18:00:00,162,6,dswrf,137.0,,
2026-10-01 21:00:00,광주,GFS,2026-09-24 18:00:00,162,6,t2m,12.0,16.7,-4.7
2026-10-01 21:00:00,광주,GFS,2026-09-24 18:00:00,162,6,tcc,87.0,10.0,77.0
2026-10-01 21:00:00,광주,GFS,2026-09-24 12:00:00,168,7,dswrf,105.0,,
2026-10-01 21:00:00,광주,GFS,2026-09-24 12:00:00,168,7,t2m,11.7,16.7,-5.0
2026-10-01 21:00:00,광주,GFS,2026-09-24 12:00:00,168,7,tcc,0.0,10.0,-10.0
2026-10-01 21:00:00,광주,GFS,2026-09-24 00:00:00,180,7,dswrf,145.0,,
2026-10-01 21:00:00,광주,GFS,2026-09-24 00:00:00,180,7,t2m,11.9,16.7,-4.8
2026-10-01 21:00:00,광주,GFS,2026-09-24 00:00:00,180,7,tcc,18.0,10.0,8.0
2026-10-01 21:00:00,광주,GFS,2026-09-23 18:00:00,186,7,dswrf,150.0,,
2026-10-01 21:00:00,광주,GFS,2026-09-23 18:00:00,186,7,t2m,11.6,16.7,-5.1
2026-10-01 21:00:00,광주,GFS,2026-09-23 18:00:00,186,7,tcc,38.0,10.0,28.0
2026-10-01 21:00:00,광주,GFS,2026-09-23 12:00:00,192,8,dswrf,148.0,,
2026-10-01 21:00:00,광주,GFS,2026-09-23 12:00:00,192,8,t2m,10.8,16.7,-5.9
2026-10-01 21:00:00,광주,GFS,2026-09-23 12:00:00,192,8,tcc,17.0,10.0,7.0
2026-10-01 21:00:00,광주,GFS,2026-09-23 00:00:00,204,8,dswrf,7.0,,
2026-10-01 21:00:00,광주,GFS,2026-09-23 00:00:00,204,8,t2m,13.5,16.7,-3.2
2026-10-01 21:00:00,광주,GFS,2026-09-23 00:00:00,204,8,tcc,100.0,10.0,90.0
2026-10-01 21:00:00,광주,GFS,2026-09-22 18:00:00,210,8,dswrf,11.0,,
2026-10-01 21:00:00,광주,GFS,2026-09-22 18:00:00,210,8,t2m,14.3,16.7,-2.4
2026-10-01 21:00:00,광주,GFS,2026-09-22 18:00:00,210,8,tcc,100.0,10.0,90.0
2026-10-01 21:00:00,광주,GFS,2026-09-22 12:00:00,216,9,dswrf,137.0,,
2026-10-01 21:00:00,광주,GFS,2026-09-22 12:00:00,216,9,t2m,18.6,16.7,1.9
2026-10-01 21:00:00,광주,GFS,2026-09-22 12:00:00,216,9,tcc,99.0,10.0,89.0
2026-10-01 21:00:00,광주,GFS,2026-09-22 00:00:00,228,9,dswrf,149.0,,
2026-10-01 21:00:00,광주,GFS,2026-09-22 00:00:00,228,9,t2m,13.9,16.7,-2.8
2026-10-01 21:00:00,광주,GFS,2026-09-22 00:00:00,228,9,tcc,100.0,10.0,90.0
2026-10-01 21:00:00,광주,GFS,2026-09-21 18:00:00,234,9,dswrf,127.0,,
2026-10-01 21:00:00,광주,GFS,2026-09-21 18:00:00,234,9,t2m,13.7,16.7,-3.0
2026-10-01 21:00:00,광주,GFS,2026-09-21 18:00:00,234,9,tcc,89.0,10.0,79.0
2026-10-01 21:00:00,광주,GFS,2026-09-21 12:00:00,240,10,dswrf,147.0,,
2026-10-01 21:00:00,광주,GFS,2026-09-21 12:00:00,240,10,t2m,12.1,16.7,-4.6
2026-10-01 21:00:00,광주,GFS,2026-09-21 12:00:00,240,10,tcc,0.0,10.0,-10.0
2026-10-01 21:00:00,광주,KIM,2026-10-01 12:00:00,0,0,t2m,14.6,16.7,-2.1
2026-10-01 21:00:00,광주,KIM,2026-10-01 12:00:00,0,0,tcc,23.0,10.0,13.0
2026-10-01 21:00:00,광주,KIM,2026-10-01 00:00:00,12,0,dswrf,0.0,,
2026-10-01 21:00:00,광주,KIM,2026-10-01 00:00:00,12,0,t2m,14.6,16.7,-2.1
2026-10-01 21:00:00,광주,KIM,2026-10-01 00:00:00,12,0,tcc,59.0,10.0,49.0
2026-10-01 21:00:00,광주,KIM,2026-09-30 12:00:00,24,1,dswrf,0.0,,
2026-10-01 21:00:00,광주,KIM,2026-09-30 12:00:00,24,1,t2m,14.2,16.7,-2.5
2026-10-01 21:00:00,광주,KIM,2026-09-30 12:00:00,24,1,tcc,48.0,10.0,38.0
2026-10-01 21:00:00,광주,KIM,2026-09-30 00:00:00,36,1,dswrf,0.0,,
2026-10-01 21:00:00,광주,KIM,2026-09-30 00:00:00,36,1,t2m,13.8,16.7,-2.9
2026-10-01 21:00:00,광주,KIM,2026-09-30 00:00:00,36,1,tcc,81.0,10.0,71.0
2026-10-01 21:00:00,광주,KIM,2026-09-29 12:00:00,48,2,dswrf,0.0,,
2026-10-01 21:00:00,광주,KIM,2026-09-29 12:00:00,48,2,t2m,14.0,16.7,-2.7
2026-10-01 21:00:00,광주,KIM,2026-09-29 12:00:00,48,2,tcc,96.0,10.0,86.0
2026-10-01 21:00:00,광주,KIM,2026-09-29 00:00:00,60,2,dswrf,0.0,,
2026-10-01 21:00:00,광주,KIM,2026-09-29 00:00:00,60,2,t2m,13.5,16.7,-3.2
2026-10-01 21:00:00,광주,KIM,2026-09-29 00:00:00,60,2,tcc,1.0,10.0,-9.0
2026-10-01 21:00:00,광주,KIM,2026-09-28 12:00:00,72,3,dswrf,0.0,,
2026-10-01 21:00:00,광주,KIM,2026-09-28 12:00:00,72,3,t2m,13.5,16.7,-3.2
2026-10-01 21:00:00,광주,KIM,2026-09-28 12:00:00,72,3,tcc,6.0,10.0,-4.0
2026-10-01 21:00:00,광주,KIM,2026-09-28 00:00:00,84,3,dswrf,0.0,,
2026-10-01 21:00:00,광주,KIM,2026-09-28 00:00:00,84,3,t2m,13.5,16.7,-3.2
2026-10-01 21:00:00,광주,KIM,2026-09-28 00:00:00,84,3,tcc,59.0,10.0,49.0
2026-10-01 21:00:00,광주,KIM,2026-09-27 12:00:00,96,4,dswrf,0.0,,
2026-10-01 21:00:00,광주,KIM,2026-09-27 12:00:00,96,4,t2m,14.8,16.7,-1.9
2026-10-01 21:00:00,광주,KIM,2026-09-27 12:00:00,96,4,tcc,17.0,10.0,7.0
2026-10-01 21:00:00,광주,KIM,2026-09-27 00:00:00,108,4,dswrf,0.0,,
2026-10-01 21:00:00,광주,KIM,2026-09-27 00:00:00,108,4,t2m,14.7,16.7,-2.0
2026-10-01 21:00:00,광주,KIM,2026-09-27 00:00:00,108,4,tcc,81.0,10.0,71.0
2026-10-01 21:00:00,광주,KIM,2026-09-26 12:00:00,120,5,dswrf,0.0,,
2026-10-01 21:00:00,광주,KIM,2026-09-26 12:00:00,120,5,t2m,15.4,16.7,-1.3
2026-10-01 21:00:00,광주,KIM,2026-09-26 12:00:00,120,5,tcc,28.0,10.0,18.0
2026-10-01 21:00:00,광주,KIM,2026-09-26 00:00:00,132,5,t2m,14.7,16.7,-2.0
2026-10-01 21:00:00,광주,KIM,2026-09-26 00:00:00,132,5,tcc,34.0,10.0,24.0
2026-10-01 21:00:00,광주,KIM,2026-09-25 12:00:00,144,6,t2m,15.2,16.7,-1.5
2026-10-01 21:00:00,광주,KIM,2026-09-25 12:00:00,144,6,tcc,93.0,10.0,83.0
2026-10-01 21:00:00,광주,KIM,2026-09-25 00:00:00,156,6,t2m,14.1,16.7,-2.6
2026-10-01 21:00:00,광주,KIM,2026-09-25 00:00:00,156,6,tcc,49.0,10.0,39.0
2026-10-01 21:00:00,광주,KIM,2026-09-24 12:00:00,168,7,t2m,13.8,16.7,-2.9
2026-10-01 21:00:00,광주,KIM,2026-09-24 12:00:00,168,7,tcc,87.0,10.0,77.0
2026-10-01 21:00:00,광주,KIM,2026-09-24 00:00:00,180,7,t2m,14.3,16.7,-2.4
2026-10-01 21:00:00,광주,KIM,2026-09-24 00:00:00,180,7,tcc,46.0,10.0,36.0
2026-10-01 21:00:00,광주,KIM,2026-09-23 12:00:00,192,8,t2m,15.9,16.7,-0.8
2026-10-01 21:00:00,광주,KIM,2026-09-23 12:00:00,192,8,tcc,99.0,10.0,89.0
2026-10-01 21:00:00,광주,KIM,2026-09-23 00:00:00,204,8,t2m,12.0,16.7,-4.7
2026-10-01 21:00:00,광주,KIM,2026-09-23 00:00:00,204,8,tcc,0.0,10.0,-10.0
2026-10-01 21:00:00,광주,KIM,2026-09-22 12:00:00,216,9,t2m,15.8,16.7,-0.9
2026-10-01 21:00:00,광주,KIM,2026-09-22 12:00:00,216,9,tcc,12.0,10.0,2.0
2026-10-01 21:00:00,광주,KIM,2026-09-22 00:00:00,228,9,t2m,16.5,16.7,-0.2
2026-10-01 21:00:00,광주,KIM,2026-09-22 00:00:00,228,9,tcc,98.0,10.0,88.0
2026-10-01 21:00:00,광주,KIM,2026-09-21 12:00:00,240,10,t2m,15.5,16.7,-1.2
2026-10-01 21:00:00,광주,KIM,2026-09-21 12:00:00,240,10,tcc,44.0,10.0,34.0
2026-10-01 21:00:00,광주,KIM,2026-09-21 00:00:00,252,10,t2m,14.4,16.7,-2.3
2026-10-01 21:00:00,광주,KIM,2026-09-21 00:00:00,252,10,tcc,8.0,10.0,-2.0
2026-10-01 21:00:00,광주,KIM,2026-09-20 12:00:00,264,11,t2m,18.2,16.7,1.5
2026-10-01 21:00:00,광주,KIM,2026-09-20 12:00:00,264,11,tcc,100.0,10.0,90.0
2026-10-01 21:00:00,광주,KIM,2026-09-19 12:00:00,288,12,t2m,20.1,16.7,3.4
2026-10-01 21:00:00,광주,KIM,2026-09-19 12:00:00,288,12,tcc,100.0,10.0,90.0
2026-10-01 21:00:00,대구,ECMWF,2026-10-01 12:00:00,0,0,t2m,13.8,17.9,-4.1
2026-10-01 21:00:00,대구,ECMWF,2026-10-01 12:00:00,0,0,tcc,9.0,10.0,-1.0
2026-10-01 21:00:00,대구,ECMWF,2026-09-30 12:00:00,24,1,dswrf,0.0,,
2026-10-01 21:00:00,대구,ECMWF,2026-09-30 12:00:00,24,1,t2m,13.1,17.9,-4.8
2026-10-01 21:00:00,대구,ECMWF,2026-09-30 12:00:00,24,1,tcc,5.0,10.0,-5.0
2026-10-01 21:00:00,대구,ECMWF,2026-09-29 12:00:00,48,2,dswrf,0.0,,
2026-10-01 21:00:00,대구,ECMWF,2026-09-29 12:00:00,48,2,t2m,13.0,17.9,-4.9
2026-10-01 21:00:00,대구,ECMWF,2026-09-29 12:00:00,48,2,tcc,9.0,10.0,-1.0
2026-10-01 21:00:00,대구,ECMWF,2026-09-28 12:00:00,72,3,dswrf,0.0,,
2026-10-01 21:00:00,대구,ECMWF,2026-09-28 12:00:00,72,3,t2m,13.2,17.9,-4.7
2026-10-01 21:00:00,대구,ECMWF,2026-09-28 12:00:00,72,3,tcc,37.0,10.0,27.0
2026-10-01 21:00:00,대구,ECMWF,2026-09-28 00:00:00,84,3,dswrf,0.0,,
2026-10-01 21:00:00,대구,ECMWF,2026-09-28 00:00:00,84,3,t2m,13.1,17.9,-4.8
2026-10-01 21:00:00,대구,ECMWF,2026-09-28 00:00:00,84,3,tcc,58.0,10.0,48.0
2026-10-01 21:00:00,대구,ECMWF,2026-09-27 12:00:00,96,4,dswrf,0.0,,
2026-10-01 21:00:00,대구,ECMWF,2026-09-27 12:00:00,96,4,t2m,14.4,17.9,-3.5
2026-10-01 21:00:00,대구,ECMWF,2026-09-27 12:00:00,96,4,tcc,83.0,10.0,73.0
2026-10-01 21:00:00,대구,ECMWF,2026-09-26 12:00:00,120,5,dswrf,0.0,,
2026-10-01 21:00:00,대구,ECMWF,2026-09-26 12:00:00,120,5,t2m,14.1,17.9,-3.8
2026-10-01 21:00:00,대구,ECMWF,2026-09-26 12:00:00,120,5,tcc,21.0,10.0,11.0
2026-10-01 21:00:00,대구,ECMWF,2026-09-25 12:00:00,144,6,dswrf,0.0,,
2026-10-01 21:00:00,대구,ECMWF,2026-09-25 12:00:00,144,6,t2m,14.3,17.9,-3.6
2026-10-01 21:00:00,대구,ECMWF,2026-09-25 12:00:00,144,6,tcc,64.0,10.0,54.0
2026-10-01 21:00:00,대구,ECMWF,2026-09-24 12:00:00,168,7,dswrf,140.0,,
2026-10-01 21:00:00,대구,ECMWF,2026-09-24 12:00:00,168,7,t2m,14.2,17.9,-3.7
2026-10-01 21:00:00,대구,ECMWF,2026-09-24 12:00:00,168,7,tcc,48.0,10.0,38.0
2026-10-01 21:00:00,대구,ECMWF,2026-09-23 12:00:00,192,8,dswrf,146.0,,
2026-10-01 21:00:00,대구,ECMWF,2026-09-23 12:00:00,192,8,t2m,14.1,17.9,-3.8
2026-10-01 21:00:00,대구,ECMWF,2026-09-23 12:00:00,192,8,tcc,0.0,10.0,-10.0
2026-10-01 21:00:00,대구,ECMWF,2026-09-22 12:00:00,216,9,dswrf,145.0,,
2026-10-01 21:00:00,대구,ECMWF,2026-09-22 12:00:00,216,9,t2m,13.0,17.9,-4.9
2026-10-01 21:00:00,대구,ECMWF,2026-09-22 12:00:00,216,9,tcc,0.0,10.0,-10.0
2026-10-01 21:00:00,대구,ECMWF,2026-09-21 12:00:00,240,10,dswrf,109.0,,
2026-10-01 21:00:00,대구,ECMWF,2026-09-21 12:00:00,240,10,t2m,14.3,17.9,-3.6
2026-10-01 21:00:00,대구,ECMWF,2026-09-21 12:00:00,240,10,tcc,53.0,10.0,43.0
2026-10-01 21:00:00,대구,GFS,2026-10-01 12:00:00,0,0,t2m,11.7,17.9,-6.2
2026-10-01 21:00:00,대구,GFS,2026-10-01 12:00:00,0,0,tcc,5.0,10.0,-5.0
2026-10-01 21:00:00,대구,GFS,2026-10-01 00:00:00,12,0,dswrf,0.0,,
2026-10-01 21:00:00,대구,GFS,2026-10-01 00:00:00,12,0,t2m,11.3,17.9,-6.6
2026-10-01 21:00:00,대구,GFS,2026-10-01 00:00:00,12,0,tcc,1.0,10.0,-9.0
2026-10-01 21:00:00,대구,GFS,2026-09-30 18:00:00,18,0,dswrf,0.0,,
2026-10-01 21:00:00,대구,GFS,2026-09-30 18:00:00,18,0,t2m,11.5,17.9,-6.4
2026-10-01 21:00:00,대구,GFS,2026-09-30 18:00:00,18,0,tcc,36.0,10.0,26.0
2026-10-01 21:00:00,대구,GFS,2026-09-30 12:00:00,24,1,dswrf,0.0,,
2026-10-01 21:00:00,대구,GFS,2026-09-30 12:00:00,24,1,t2m,11.2,17.9,-6.7
2026-10-01 21:00:00,대구,GFS,2026-09-30 12:00:00,24,1,tcc,4.0,10.0,-6.0
2026-10-01 21:00:00,대구,GFS,2026-09-30 00:00:00,36,1,dswrf,0.0,,
2026-10-01 21:00:00,대구,GFS,2026-09-30 00:00:00,36,1,t2m,11.6,17.9,-6.3
2026-10-01 21:00:00,대구,GFS,2026-09-30 00:00:00,36,1,tcc,59.0,10.0,49.0
2026-10-01 21:00:00,대구,GFS,2026-09-29 18:00:00,42,1,dswrf,0.0,,
2026-10-01 21:00:00,대구,GFS,2026-09-29 18:00:00,42,1,t2m,11.8,17.9,-6.1
2026-10-01 21:00:00,대구,GFS,2026-09-29 18:00:00,42,1,tcc,39.0,10.0,29.0
2026-10-01 21:00:00,대구,GFS,2026-09-29 12:00:00,48,2,dswrf,0.0,,
2026-10-01 21:00:00,대구,GFS,2026-09-29 12:00:00,48,2,t2m,12.5,17.9,-5.4
2026-10-01 21:00:00,대구,GFS,2026-09-29 12:00:00,48,2,tcc,96.0,10.0,86.0
2026-10-01 21:00:00,대구,GFS,2026-09-29 00:00:00,60,2,dswrf,0.0,,
2026-10-01 21:00:00,대구,GFS,2026-09-29 00:00:00,60,2,t2m,12.2,17.9,-5.7
2026-10-01 21:00:00,대구,GFS,2026-09-29 00:00:00,60,2,tcc,87.0,10.0,77.0
2026-10-01 21:00:00,대구,GFS,2026-09-28 18:00:00,66,2,dswrf,0.0,,
2026-10-01 21:00:00,대구,GFS,2026-09-28 18:00:00,66,2,t2m,12.4,17.9,-5.5
2026-10-01 21:00:00,대구,GFS,2026-09-28 18:00:00,66,2,tcc,59.0,10.0,49.0
2026-10-01 21:00:00,대구,GFS,2026-09-28 12:00:00,72,3,dswrf,0.0,,
2026-10-01 21:00:00,대구,GFS,2026-09-28 12:00:00,72,3,t2m,12.1,17.9,-5.8
2026-10-01 21:00:00,대구,GFS,2026-09-28 12:00:00,72,3,tcc,8.0,10.0,-2.0
2026-10-01 21:00:00,대구,GFS,2026-09-28 00:00:00,84,3,dswrf,0.0,,
2026-10-01 21:00:00,대구,GFS,2026-09-28 00:00:00,84,3,t2m,12.0,17.9,-5.9
2026-10-01 21:00:00,대구,GFS,2026-09-28 00:00:00,84,3,tcc,44.0,10.0,34.0
2026-10-01 21:00:00,대구,GFS,2026-09-27 18:00:00,90,3,dswrf,0.0,,
2026-10-01 21:00:00,대구,GFS,2026-09-27 18:00:00,90,3,t2m,12.2,17.9,-5.7
2026-10-01 21:00:00,대구,GFS,2026-09-27 18:00:00,90,3,tcc,14.0,10.0,4.0
2026-10-01 21:00:00,대구,GFS,2026-09-27 12:00:00,96,4,dswrf,0.0,,
2026-10-01 21:00:00,대구,GFS,2026-09-27 12:00:00,96,4,t2m,11.8,17.9,-6.1
2026-10-01 21:00:00,대구,GFS,2026-09-27 12:00:00,96,4,tcc,39.0,10.0,29.0
2026-10-01 21:00:00,대구,GFS,2026-09-27 00:00:00,108,4,dswrf,0.0,,
2026-10-01 21:00:00,대구,GFS,2026-09-27 00:00:00,108,4,t2m,11.8,17.9,-6.1
2026-10-01 21:00:00,대구,GFS,2026-09-27 00:00:00,108,4,tcc,0.0,10.0,-10.0
2026-10-01 21:00:00,대구,GFS,2026-09-26 18:00:00,114,4,dswrf,0.0,,
2026-10-01 21:00:00,대구,GFS,2026-09-26 18:00:00,114,4,t2m,11.9,17.9,-6.0
2026-10-01 21:00:00,대구,GFS,2026-09-26 18:00:00,114,4,tcc,1.0,10.0,-9.0
2026-10-01 21:00:00,대구,GFS,2026-09-26 00:00:00,132,5,dswrf,123.0,,
2026-10-01 21:00:00,대구,GFS,2026-09-26 00:00:00,132,5,t2m,11.3,17.9,-6.6
2026-10-01 21:00:00,대구,GFS,2026-09-26 00:00:00,132,5,tcc,47.0,10.0,37.0
2026-10-01 21:00:00,대구,GFS,2026-09-25 18:00:00,138,5,dswrf,128.0,,
2026-10-01 21:00:00,대구,GFS,2026-09-25 18:00:00,138,5,t2m,11.7,17.9,-6.2
2026-10-01 21:00:00,대구,GFS,2026-09-25 18:00:00,138,5,tcc,98.0,10.0,88.0
2026-10-01 21:00:00,대구,GFS,2026-09-25 12:00:00,144,6,dswrf,132.0,,
2026-10-01 21:00:00,대구,GFS,2026-09-25 12:00:00,144,6,t2m,11.2,17.9,-6.7
2026-10-01 21:00:00,대구,GFS,2026-09-25 12:00:00,144,6,tcc,95.0,10.0,85.0
2026-10-01 21:00:00,대구,GFS,2026-09-25 00:00:00,156,6,dswrf,139.0,,
2026-10-01 21:00:00,대구,GFS,2026-09-25 00:00:00,156,6,t2m,11.9,17.9,-6.0
2026-10-01 21:00:00,대구,GFS,2026-09-25 00:00:00,156,6,tcc,6.0,10.0,-4.0
2026-10-01 21:00:00,대구,GFS,2026-09-24 18:00:00,162,6,dswrf,121.0,,
2026-10-01 21:00:00,대구,GFS,2026-09-24 18:00:00,162,6,t2m,10.9,17.9,-7.0
2026-10-01 21:00:00,대구,GFS,2026-09-24 18:00:00,162,6,tcc,95.0,10.0,85.0
2026-10-01 21:00:00,대구,GFS,2026-09-24 12:00:00,168,7,dswrf,93.0,,
2026-10-01 21:00:00,대구,GFS,2026-09-24 12:00:00,168,7,t2m,10.7,17.9,-7.2
2026-10-01 21:00:00,대구,GFS,2026-09-24 12:00:00,168,7,tcc,0.0,10.0,-10.0
2026-10-01 21:00:00,대구,GFS,2026-09-24 00:00:00,180,7,dswrf,135.0,,
2026-10-01 21:00:00,대구,GFS,2026-09-24 00:00:00,180,7,t2m,11.4,17.9,-6.5
2026-10-01 21:00:00,대구,GFS,2026-09-24 00:00:00,180,7,tcc,19.0,10.0,9.0
2026-10-01 21:00:00,대구,GFS,2026-09-23 18:00:00,186,7,dswrf,138.0,,
2026-10-01 21:00:00,대구,GFS,2026-09-23 18:00:00,186,7,t2m,11.7,17.9,-6.2
2026-10-01 21:00:00,대구,GFS,2026-09-23 18:00:00,186,7,tcc,1.0,10.0,-9.0
2026-10-01 21:00:00,대구,GFS,2026-09-23 12:00:00,192,8,dswrf,127.0,,
2026-10-01 21:00:00,대구,GFS,2026-09-23 12:00:00,192,8,t2m,10.1,17.9,-7.8
2026-10-01 21:00:00,대구,GFS,2026-09-23 12:00:00,192,8,tcc,46.0,10.0,36.0
2026-10-01 21:00:00,대구,GFS,2026-09-23 00:00:00,204,8,dswrf,18.0,,
2026-10-01 21:00:00,대구,GFS,2026-09-23 00:00:00,204,8,t2m,14.6,17.9,-3.3
2026-10-01 21:00:00,대구,GFS,2026-09-23 00:00:00,204,8,tcc,100.0,10.0,90.0
2026-10-01 21:00:00,대구,GFS,2026-09-22 18:00:00,210,8,dswrf,34.0,,
2026-10-01 21:00:00,대구,GFS,2026-09-22 18:00:00,210,8,t2m,13.5,17.9,-4.4
2026-10-01 21:00:00,대구,GFS,2026-09-22 18:00:00,210,8,tcc,100.0,10.0,90.0
2026-10-01 21:00:00,대구,GFS,2026-09-22 12:00:00,216,9,dswrf,109.0,,
2026-10-01 21:00:00,대구,GFS,2026-09-22 12:00:00,216,9,t2m,18.5,17.9,0.6
2026-10-01 21:00:00,대구,GFS,2026-09-22 12:00:00,216,9,tcc,100.0,10.0,90.0
2026-10-01 21:00:00,대구,GFS,2026-09-22 00:00:00,228,9,dswrf,130.0,,
2026-10-01 21:00:00,대구,GFS,2026-09-22 00:00:00,228,9,t2m,13.9,17.9,-4.0
2026-10-01 21:00:00,대구,GFS,2026-09-22 00:00:00,228,9,tcc,99.0,10.0,89.0
2026-10-01 21:00:00,대구,GFS,2026-09-21 18:00:00,234,9,dswrf,125.0,,
2026-10-01 21:00:00,대구,GFS,2026-09-21 18:00:00,234,9,t2m,15.0,17.9,-2.9
2026-10-01 21:00:00,대구,GFS,2026-09-21 18:00:00,234,9,tcc,99.0,10.0,89.0
2026-10-01 21:00:00,대구,GFS,2026-09-21 12:00:00,240,10,dswrf,133.0,,
2026-10-01 21:00:00,대구,GFS,2026-09-21 12:00:00,240,10,t2m,11.9,17.9,-6.0
2026-10-01 21:00:00,대구,GFS,2026-09-21 12:00:00,240,10,tcc,0.0,10.0,-10.0
2026-10-01 21:00:00,대구,KIM,2026-10-01 12:00:00,0,0,t2m,14.7,17.9,-3.2
2026-10-01 21:00:00,대구,KIM,2026-10-01 12:00:00,0,0,tcc,0.0,10.0,-10.0
2026-10-01 21:00:00,대구,KIM,2026-10-01 00:00:00,12,0,dswrf,0.0,,
2026-10-01 21:00:00,대구,KIM,2026-10-01 00:00:00,12,0,t2m,14.8,17.9,-3.1
2026-10-01 21:00:00,대구,KIM,2026-10-01 00:00:00,12,0,tcc,7.0,10.0,-3.0
2026-10-01 21:00:00,대구,KIM,2026-09-30 12:00:00,24,1,dswrf,0.0,,
2026-10-01 21:00:00,대구,KIM,2026-09-30 12:00:00,24,1,t2m,14.3,17.9,-3.6
2026-10-01 21:00:00,대구,KIM,2026-09-30 12:00:00,24,1,tcc,21.0,10.0,11.0
2026-10-01 21:00:00,대구,KIM,2026-09-30 00:00:00,36,1,dswrf,-0.0,,
2026-10-01 21:00:00,대구,KIM,2026-09-30 00:00:00,36,1,t2m,14.1,17.9,-3.8
2026-10-01 21:00:00,대구,KIM,2026-09-30 00:00:00,36,1,tcc,25.0,10.0,15.0
2026-10-01 21:00:00,대구,KIM,2026-09-29 12:00:00,48,2,dswrf,0.0,,
2026-10-01 21:00:00,대구,KIM,2026-09-29 12:00:00,48,2,t2m,14.0,17.9,-3.9
2026-10-01 21:00:00,대구,KIM,2026-09-29 12:00:00,48,2,tcc,38.0,10.0,28.0
2026-10-01 21:00:00,대구,KIM,2026-09-29 00:00:00,60,2,dswrf,0.0,,
2026-10-01 21:00:00,대구,KIM,2026-09-29 00:00:00,60,2,t2m,13.7,17.9,-4.2
2026-10-01 21:00:00,대구,KIM,2026-09-29 00:00:00,60,2,tcc,0.0,10.0,-10.0
2026-10-01 21:00:00,대구,KIM,2026-09-28 12:00:00,72,3,dswrf,0.0,,
2026-10-01 21:00:00,대구,KIM,2026-09-28 12:00:00,72,3,t2m,13.3,17.9,-4.6
2026-10-01 21:00:00,대구,KIM,2026-09-28 12:00:00,72,3,tcc,0.0,10.0,-10.0
2026-10-01 21:00:00,대구,KIM,2026-09-28 00:00:00,84,3,dswrf,0.0,,
2026-10-01 21:00:00,대구,KIM,2026-09-28 00:00:00,84,3,t2m,13.0,17.9,-4.9
2026-10-01 21:00:00,대구,KIM,2026-09-28 00:00:00,84,3,tcc,22.0,10.0,12.0
2026-10-01 21:00:00,대구,KIM,2026-09-27 12:00:00,96,4,dswrf,-0.0,,
2026-10-01 21:00:00,대구,KIM,2026-09-27 12:00:00,96,4,t2m,14.5,17.9,-3.4
2026-10-01 21:00:00,대구,KIM,2026-09-27 12:00:00,96,4,tcc,0.0,10.0,-10.0
2026-10-01 21:00:00,대구,KIM,2026-09-27 00:00:00,108,4,dswrf,0.0,,
2026-10-01 21:00:00,대구,KIM,2026-09-27 00:00:00,108,4,t2m,14.0,17.9,-3.9
2026-10-01 21:00:00,대구,KIM,2026-09-27 00:00:00,108,4,tcc,2.0,10.0,-8.0
2026-10-01 21:00:00,대구,KIM,2026-09-26 12:00:00,120,5,dswrf,-0.0,,
2026-10-01 21:00:00,대구,KIM,2026-09-26 12:00:00,120,5,t2m,15.2,17.9,-2.7
2026-10-01 21:00:00,대구,KIM,2026-09-26 12:00:00,120,5,tcc,61.0,10.0,51.0
2026-10-01 21:00:00,대구,KIM,2026-09-26 00:00:00,132,5,t2m,14.3,17.9,-3.6
2026-10-01 21:00:00,대구,KIM,2026-09-26 00:00:00,132,5,tcc,19.0,10.0,9.0
2026-10-01 21:00:00,대구,KIM,2026-09-25 12:00:00,144,6,t2m,14.2,17.9,-3.7
2026-10-01 21:00:00,대구,KIM,2026-09-25 12:00:00,144,6,tcc,53.0,10.0,43.0
2026-10-01 21:00:00,대구,KIM,2026-09-25 00:00:00,156,6,t2m,13.8,17.9,-4.1
2026-10-01 21:00:00,대구,KIM,2026-09-25 00:00:00,156,6,tcc,0.0,10.0,-10.0
2026-10-01 21:00:00,대구,KIM,2026-09-24 12:00:00,168,7,t2m,13.5,17.9,-4.4
2026-10-01 21:00:00,대구,KIM,2026-09-24 12:00:00,168,7,tcc,5.0,10.0,-5.0
2026-10-01 21:00:00,대구,KIM,2026-09-24 00:00:00,180,7,t2m,13.6,17.9,-4.3
2026-10-01 21:00:00,대구,KIM,2026-09-24 00:00:00,180,7,tcc,32.0,10.0,22.0
2026-10-01 21:00:00,대구,KIM,2026-09-23 12:00:00,192,8,t2m,15.7,17.9,-2.2
2026-10-01 21:00:00,대구,KIM,2026-09-23 12:00:00,192,8,tcc,97.0,10.0,87.0
2026-10-01 21:00:00,대구,KIM,2026-09-23 00:00:00,204,8,t2m,11.7,17.9,-6.2
2026-10-01 21:00:00,대구,KIM,2026-09-23 00:00:00,204,8,tcc,0.0,10.0,-10.0
2026-10-01 21:00:00,대구,KIM,2026-09-22 12:00:00,216,9,t2m,16.9,17.9,-1.0
2026-10-01 21:00:00,대구,KIM,2026-09-22 12:00:00,216,9,tcc,3.0,10.0,-7.0
2026-10-01 21:00:00,대구,KIM,2026-09-22 00:00:00,228,9,t2m,15.9,17.9,-2.0
2026-10-01 21:00:00,대구,KIM,2026-09-22 00:00:00,228,9,tcc,90.0,10.0,80.0
2026-10-01 21:00:00,대구,KIM,2026-09-21 12:00:00,240,10,t2m,14.6,17.9,-3.3
2026-10-01 21:00:00,대구,KIM,2026-09-21 12:00:00,240,10,tcc,1.0,10.0,-9.0
2026-10-01 21:00:00,대구,KIM,2026-09-21 00:00:00,252,10,t2m,14.5,17.9,-3.4
2026-10-01 21:00:00,대구,KIM,2026-09-21 00:00:00,252,10,tcc,0.0,10.0,-10.0
2026-10-01 21:00:00,대구,KIM,2026-09-20 12:00:00,264,11,t2m,19.2,17.9,1.3
2026-10-01 21:00:00,대구,KIM,2026-09-20 12:00:00,264,11,tcc,97.0,10.0,87.0
2026-10-01 21:00:00,대구,KIM,2026-09-19 12:00:00,288,12,t2m,17.8,17.9,-0.1
2026-10-01 21:00:00,대구,KIM,2026-09-19 12:00:00,288,12,tcc,82.0,10.0,72.0
2026-10-01 21:00:00,대전,ECMWF,2026-10-01 12:00:00,0,0,t2m,13.8,15.1,-1.3
2026-10-01 21:00:00,대전,ECMWF,2026-10-01 12:00:00,0,0,tcc,8.0,0.0,8.0
2026-10-01 21:00:00,대전,ECMWF,2026-09-30 12:00:00,24,1,dswrf,1.0,,
2026-10-01 21:00:00,대전,ECMWF,2026-09-30 12:00:00,24,1,t2m,13.3,15.1,-1.8
2026-10-01 21:00:00,대전,ECMWF,2026-09-30 12:00:00,24,1,tcc,10.0,0.0,10.0
2026-10-01 21:00:00,대전,ECMWF,2026-09-29 12:00:00,48,2,dswrf,0.0,,
2026-10-01 21:00:00,대전,ECMWF,2026-09-29 12:00:00,48,2,t2m,13.2,15.1,-1.9
2026-10-01 21:00:00,대전,ECMWF,2026-09-29 12:00:00,48,2,tcc,49.0,0.0,49.0
2026-10-01 21:00:00,대전,ECMWF,2026-09-28 12:00:00,72,3,dswrf,0.0,,
2026-10-01 21:00:00,대전,ECMWF,2026-09-28 12:00:00,72,3,t2m,13.6,15.1,-1.5
2026-10-01 21:00:00,대전,ECMWF,2026-09-28 12:00:00,72,3,tcc,91.0,0.0,91.0
2026-10-01 21:00:00,대전,ECMWF,2026-09-28 00:00:00,84,3,dswrf,1.0,,
2026-10-01 21:00:00,대전,ECMWF,2026-09-28 00:00:00,84,3,t2m,13.2,15.1,-1.9
2026-10-01 21:00:00,대전,ECMWF,2026-09-28 00:00:00,84,3,tcc,88.0,0.0,88.0
2026-10-01 21:00:00,대전,ECMWF,2026-09-27 12:00:00,96,4,dswrf,1.0,,
2026-10-01 21:00:00,대전,ECMWF,2026-09-27 12:00:00,96,4,t2m,13.4,15.1,-1.7
2026-10-01 21:00:00,대전,ECMWF,2026-09-27 12:00:00,96,4,tcc,50.0,0.0,50.0
2026-10-01 21:00:00,대전,ECMWF,2026-09-26 12:00:00,120,5,dswrf,0.0,,
2026-10-01 21:00:00,대전,ECMWF,2026-09-26 12:00:00,120,5,t2m,13.0,15.1,-2.1
2026-10-01 21:00:00,대전,ECMWF,2026-09-26 12:00:00,120,5,tcc,58.0,0.0,58.0
2026-10-01 21:00:00,대전,ECMWF,2026-09-25 12:00:00,144,6,dswrf,0.0,,
2026-10-01 21:00:00,대전,ECMWF,2026-09-25 12:00:00,144,6,t2m,12.7,15.1,-2.4
2026-10-01 21:00:00,대전,ECMWF,2026-09-25 12:00:00,144,6,tcc,70.0,0.0,70.0
2026-10-01 21:00:00,대전,ECMWF,2026-09-24 12:00:00,168,7,dswrf,149.0,,
2026-10-01 21:00:00,대전,ECMWF,2026-09-24 12:00:00,168,7,t2m,13.3,15.1,-1.8
2026-10-01 21:00:00,대전,ECMWF,2026-09-24 12:00:00,168,7,tcc,75.0,0.0,75.0
2026-10-01 21:00:00,대전,ECMWF,2026-09-23 12:00:00,192,8,dswrf,150.0,,
2026-10-01 21:00:00,대전,ECMWF,2026-09-23 12:00:00,192,8,t2m,12.9,15.1,-2.2
2026-10-01 21:00:00,대전,ECMWF,2026-09-23 12:00:00,192,8,tcc,0.0,0.0,0.0
2026-10-01 21:00:00,대전,ECMWF,2026-09-22 12:00:00,216,9,dswrf,148.0,,
2026-10-01 21:00:00,대전,ECMWF,2026-09-22 12:00:00,216,9,t2m,13.0,15.1,-2.1
2026-10-01 21:00:00,대전,ECMWF,2026-09-22 12:00:00,216,9,tcc,0.0,0.0,0.0
2026-10-01 21:00:00,대전,ECMWF,2026-09-21 12:00:00,240,10,dswrf,135.0,,
2026-10-01 21:00:00,대전,ECMWF,2026-09-21 12:00:00,240,10,t2m,13.5,15.1,-1.6
2026-10-01 21:00:00,대전,ECMWF,2026-09-21 12:00:00,240,10,tcc,0.0,0.0,0.0
2026-10-01 21:00:00,대전,GFS,2026-10-01 12:00:00,0,0,t2m,12.0,15.1,-3.1
2026-10-01 21:00:00,대전,GFS,2026-10-01 12:00:00,0,0,tcc,19.0,0.0,19.0
2026-10-01 21:00:00,대전,GFS,2026-10-01 00:00:00,12,0,dswrf,0.0,,
2026-10-01 21:00:00,대전,GFS,2026-10-01 00:00:00,12,0,t2m,11.5,15.1,-3.6
2026-10-01 21:00:00,대전,GFS,2026-10-01 00:00:00,12,0,tcc,20.0,0.0,20.0
2026-10-01 21:00:00,대전,GFS,2026-09-30 18:00:00,18,0,dswrf,0.0,,
2026-10-01 21:00:00,대전,GFS,2026-09-30 18:00:00,18,0,t2m,11.9,15.1,-3.2
2026-10-01 21:00:00,대전,GFS,2026-09-30 18:00:00,18,0,tcc,67.0,0.0,67.0
2026-10-01 21:00:00,대전,GFS,2026-09-30 12:00:00,24,1,dswrf,0.0,,
2026-10-01 21:00:00,대전,GFS,2026-09-30 12:00:00,24,1,t2m,12.0,15.1,-3.1
2026-10-01 21:00:00,대전,GFS,2026-09-30 12:00:00,24,1,tcc,31.0,0.0,31.0
2026-10-01 21:00:00,대전,GFS,2026-09-30 00:00:00,36,1,dswrf,0.0,,
2026-10-01 21:00:00,대전,GFS,2026-09-30 00:00:00,36,1,t2m,12.5,15.1,-2.6
2026-10-01 21:00:00,대전,GFS,2026-09-30 00:00:00,36,1,tcc,40.0,0.0,40.0
2026-10-01 21:00:00,대전,GFS,2026-09-29 18:00:00,42,1,dswrf,0.0,,
2026-10-01 21:00:00,대전,GFS,2026-09-29 18:00:00,42,1,t2m,13.4,15.1,-1.7
2026-10-01 21:00:00,대전,GFS,2026-09-29 18:00:00,42,1,tcc,99.0,0.0,99.0
2026-10-01 21:00:00,대전,GFS,2026-09-29 12:00:00,48,2,dswrf,0.0,,
2026-10-01 21:00:00,대전,GFS,2026-09-29 12:00:00,48,2,t2m,13.2,15.1,-1.9
2026-10-01 21:00:00,대전,GFS,2026-09-29 12:00:00,48,2,tcc,94.0,0.0,94.0
2026-10-01 21:00:00,대전,GFS,2026-09-29 00:00:00,60,2,dswrf,0.0,,
2026-10-01 21:00:00,대전,GFS,2026-09-29 00:00:00,60,2,t2m,12.8,15.1,-2.3
2026-10-01 21:00:00,대전,GFS,2026-09-29 00:00:00,60,2,tcc,100.0,0.0,100.0
2026-10-01 21:00:00,대전,GFS,2026-09-28 18:00:00,66,2,dswrf,0.0,,
2026-10-01 21:00:00,대전,GFS,2026-09-28 18:00:00,66,2,t2m,12.6,15.1,-2.5
2026-10-01 21:00:00,대전,GFS,2026-09-28 18:00:00,66,2,tcc,32.0,0.0,32.0
2026-10-01 21:00:00,대전,GFS,2026-09-28 12:00:00,72,3,dswrf,0.0,,
2026-10-01 21:00:00,대전,GFS,2026-09-28 12:00:00,72,3,t2m,12.3,15.1,-2.8
2026-10-01 21:00:00,대전,GFS,2026-09-28 12:00:00,72,3,tcc,0.0,0.0,0.0
2026-10-01 21:00:00,대전,GFS,2026-09-28 00:00:00,84,3,dswrf,0.0,,
2026-10-01 21:00:00,대전,GFS,2026-09-28 00:00:00,84,3,t2m,12.1,15.1,-3.0
2026-10-01 21:00:00,대전,GFS,2026-09-28 00:00:00,84,3,tcc,49.0,0.0,49.0
2026-10-01 21:00:00,대전,GFS,2026-09-27 18:00:00,90,3,dswrf,0.0,,
2026-10-01 21:00:00,대전,GFS,2026-09-27 18:00:00,90,3,t2m,11.8,15.1,-3.3
2026-10-01 21:00:00,대전,GFS,2026-09-27 18:00:00,90,3,tcc,5.0,0.0,5.0
2026-10-01 21:00:00,대전,GFS,2026-09-27 12:00:00,96,4,dswrf,0.0,,
2026-10-01 21:00:00,대전,GFS,2026-09-27 12:00:00,96,4,t2m,11.8,15.1,-3.3
2026-10-01 21:00:00,대전,GFS,2026-09-27 12:00:00,96,4,tcc,62.0,0.0,62.0
2026-10-01 21:00:00,대전,GFS,2026-09-27 00:00:00,108,4,dswrf,0.0,,
2026-10-01 21:00:00,대전,GFS,2026-09-27 00:00:00,108,4,t2m,11.9,15.1,-3.2
2026-10-01 21:00:00,대전,GFS,2026-09-27 00:00:00,108,4,tcc,0.0,0.0,0.0
2026-10-01 21:00:00,대전,GFS,2026-09-26 18:00:00,114,4,dswrf,0.0,,
2026-10-01 21:00:00,대전,GFS,2026-09-26 18:00:00,114,4,t2m,12.4,15.1,-2.7
2026-10-01 21:00:00,대전,GFS,2026-09-26 18:00:00,114,4,tcc,0.0,0.0,0.0
2026-10-01 21:00:00,대전,GFS,2026-09-26 00:00:00,132,5,dswrf,135.0,,
2026-10-01 21:00:00,대전,GFS,2026-09-26 00:00:00,132,5,t2m,12.5,15.1,-2.6
2026-10-01 21:00:00,대전,GFS,2026-09-26 00:00:00,132,5,tcc,78.0,0.0,78.0
2026-10-01 21:00:00,대전,GFS,2026-09-25 18:00:00,138,5,dswrf,143.0,,
2026-10-01 21:00:00,대전,GFS,2026-09-25 18:00:00,138,5,t2m,12.0,15.1,-3.1
2026-10-01 21:00:00,대전,GFS,2026-09-25 18:00:00,138,5,tcc,14.0,0.0,14.0
2026-10-01 21:00:00,대전,GFS,2026-09-25 12:00:00,144,6,dswrf,130.0,,
2026-10-01 21:00:00,대전,GFS,2026-09-25 12:00:00,144,6,t2m,13.7,15.1,-1.4
2026-10-01 21:00:00,대전,GFS,2026-09-25 12:00:00,144,6,tcc,84.0,0.0,84.0
2026-10-01 21:00:00,대전,GFS,2026-09-25 00:00:00,156,6,dswrf,142.0,,
2026-10-01 21:00:00,대전,GFS,2026-09-25 00:00:00,156,6,t2m,12.8,15.1,-2.3
2026-10-01 21:00:00,대전,GFS,2026-09-25 00:00:00,156,6,tcc,0.0,0.0,0.0
2026-10-01 21:00:00,대전,GFS,2026-09-24 18:00:00,162,6,dswrf,136.0,,
2026-10-01 21:00:00,대전,GFS,2026-09-24 18:00:00,162,6,t2m,11.5,15.1,-3.6
2026-10-01 21:00:00,대전,GFS,2026-09-24 18:00:00,162,6,tcc,57.0,0.0,57.0
2026-10-01 21:00:00,대전,GFS,2026-09-24 12:00:00,168,7,dswrf,144.0,,
2026-10-01 21:00:00,대전,GFS,2026-09-24 12:00:00,168,7,t2m,12.0,15.1,-3.1
2026-10-01 21:00:00,대전,GFS,2026-09-24 12:00:00,168,7,tcc,8.0,0.0,8.0
2026-10-01 21:00:00,대전,GFS,2026-09-24 00:00:00,180,7,dswrf,144.0,,
2026-10-01 21:00:00,대전,GFS,2026-09-24 00:00:00,180,7,t2m,12.3,15.1,-2.8
2026-10-01 21:00:00,대전,GFS,2026-09-24 00:00:00,180,7,tcc,0.0,0.0,0.0
2026-10-01 21:00:00,대전,GFS,2026-09-23 18:00:00,186,7,dswrf,143.0,,
2026-10-01 21:00:00,대전,GFS,2026-09-23 18:00:00,186,7,t2m,11.7,15.1,-3.4
2026-10-01 21:00:00,대전,GFS,2026-09-23 18:00:00,186,7,tcc,0.0,0.0,0.0
2026-10-01 21:00:00,대전,GFS,2026-09-23 12:00:00,192,8,dswrf,145.0,,
2026-10-01 21:00:00,대전,GFS,2026-09-23 12:00:00,192,8,t2m,10.3,15.1,-4.8
2026-10-01 21:00:00,대전,GFS,2026-09-23 12:00:00,192,8,tcc,68.0,0.0,68.0
2026-10-01 21:00:00,대전,GFS,2026-09-23 00:00:00,204,8,dswrf,28.0,,
2026-10-01 21:00:00,대전,GFS,2026-09-23 00:00:00,204,8,t2m,14.1,15.1,-1.0
2026-10-01 21:00:00,대전,GFS,2026-09-23 00:00:00,204,8,tcc,100.0,0.0,100.0
2026-10-01 21:00:00,대전,GFS,2026-09-22 18:00:00,210,8,dswrf,54.0,,
2026-10-01 21:00:00,대전,GFS,2026-09-22 18:00:00,210,8,t2m,13.6,15.1,-1.5
2026-10-01 21:00:00,대전,GFS,2026-09-22 18:00:00,210,8,tcc,100.0,0.0,100.0
2026-10-01 21:00:00,대전,GFS,2026-09-22 12:00:00,216,9,dswrf,122.0,,
2026-10-01 21:00:00,대전,GFS,2026-09-22 12:00:00,216,9,t2m,18.1,15.1,3.0
2026-10-01 21:00:00,대전,GFS,2026-09-22 12:00:00,216,9,tcc,100.0,0.0,100.0
2026-10-01 21:00:00,대전,GFS,2026-09-22 00:00:00,228,9,dswrf,127.0,,
2026-10-01 21:00:00,대전,GFS,2026-09-22 00:00:00,228,9,t2m,14.4,15.1,-0.7
2026-10-01 21:00:00,대전,GFS,2026-09-22 00:00:00,228,9,tcc,100.0,0.0,100.0
2026-10-01 21:00:00,대전,GFS,2026-09-21 18:00:00,234,9,dswrf,131.0,,
2026-10-01 21:00:00,대전,GFS,2026-09-21 18:00:00,234,9,t2m,14.2,15.1,-0.9
2026-10-01 21:00:00,대전,GFS,2026-09-21 18:00:00,234,9,tcc,61.0,0.0,61.0
2026-10-01 21:00:00,대전,GFS,2026-09-21 12:00:00,240,10,dswrf,140.0,,
2026-10-01 21:00:00,대전,GFS,2026-09-21 12:00:00,240,10,t2m,11.6,15.1,-3.5
2026-10-01 21:00:00,대전,GFS,2026-09-21 12:00:00,240,10,tcc,1.0,0.0,1.0
2026-10-01 21:00:00,대전,KIM,2026-10-01 12:00:00,0,0,t2m,12.9,15.1,-2.2
2026-10-01 21:00:00,대전,KIM,2026-10-01 12:00:00,0,0,tcc,25.0,0.0,25.0
2026-10-01 21:00:00,대전,KIM,2026-10-01 00:00:00,12,0,dswrf,0.0,,
2026-10-01 21:00:00,대전,KIM,2026-10-01 00:00:00,12,0,t2m,13.1,15.1,-2.0
2026-10-01 21:00:00,대전,KIM,2026-10-01 00:00:00,12,0,tcc,13.0,0.0,13.0
2026-10-01 21:00:00,대전,KIM,2026-09-30 12:00:00,24,1,dswrf,0.0,,
2026-10-01 21:00:00,대전,KIM,2026-09-30 12:00:00,24,1,t2m,13.2,15.1,-1.9
2026-10-01 21:00:00,대전,KIM,2026-09-30 12:00:00,24,1,tcc,13.0,0.0,13.0
2026-10-01 21:00:00,대전,KIM,2026-09-30 00:00:00,36,1,dswrf,0.0,,
2026-10-01 21:00:00,대전,KIM,2026-09-30 00:00:00,36,1,t2m,13.1,15.1,-2.0
2026-10-01 21:00:00,대전,KIM,2026-09-30 00:00:00,36,1,tcc,85.0,0.0,85.0
2026-10-01 21:00:00,대전,KIM,2026-09-29 12:00:00,48,2,dswrf,0.0,,
2026-10-01 21:00:00,대전,KIM,2026-09-29 12:00:00,48,2,t2m,13.2,15.1,-1.9
2026-10-01 21:00:00,대전,KIM,2026-09-29 12:00:00,48,2,tcc,31.0,0.0,31.0
2026-10-01 21:00:00,대전,KIM,2026-09-29 00:00:00,60,2,dswrf,0.0,,
2026-10-01 21:00:00,대전,KIM,2026-09-29 00:00:00,60,2,t2m,13.2,15.1,-1.9
2026-10-01 21:00:00,대전,KIM,2026-09-29 00:00:00,60,2,tcc,0.0,0.0,0.0
2026-10-01 21:00:00,대전,KIM,2026-09-28 12:00:00,72,3,dswrf,0.0,,
2026-10-01 21:00:00,대전,KIM,2026-09-28 12:00:00,72,3,t2m,13.2,15.1,-1.9
2026-10-01 21:00:00,대전,KIM,2026-09-28 12:00:00,72,3,tcc,0.0,0.0,0.0
2026-10-01 21:00:00,대전,KIM,2026-09-28 00:00:00,84,3,dswrf,0.0,,
2026-10-01 21:00:00,대전,KIM,2026-09-28 00:00:00,84,3,t2m,12.7,15.1,-2.4
2026-10-01 21:00:00,대전,KIM,2026-09-28 00:00:00,84,3,tcc,19.0,0.0,19.0
2026-10-01 21:00:00,대전,KIM,2026-09-27 12:00:00,96,4,dswrf,0.0,,
2026-10-01 21:00:00,대전,KIM,2026-09-27 12:00:00,96,4,t2m,14.3,15.1,-0.8
2026-10-01 21:00:00,대전,KIM,2026-09-27 12:00:00,96,4,tcc,2.0,0.0,2.0
2026-10-01 21:00:00,대전,KIM,2026-09-27 00:00:00,108,4,dswrf,0.0,,
2026-10-01 21:00:00,대전,KIM,2026-09-27 00:00:00,108,4,t2m,16.0,15.1,0.9
2026-10-01 21:00:00,대전,KIM,2026-09-27 00:00:00,108,4,tcc,18.0,0.0,18.0
2026-10-01 21:00:00,대전,KIM,2026-09-26 12:00:00,120,5,dswrf,0.0,,
2026-10-01 21:00:00,대전,KIM,2026-09-26 12:00:00,120,5,t2m,16.7,15.1,1.6
2026-10-01 21:00:00,대전,KIM,2026-09-26 12:00:00,120,5,tcc,15.0,0.0,15.0
2026-10-01 21:00:00,대전,KIM,2026-09-26 00:00:00,132,5,t2m,15.6,15.1,0.5
2026-10-01 21:00:00,대전,KIM,2026-09-26 00:00:00,132,5,tcc,88.0,0.0,88.0
2026-10-01 21:00:00,대전,KIM,2026-09-25 12:00:00,144,6,t2m,13.8,15.1,-1.3
2026-10-01 21:00:00,대전,KIM,2026-09-25 12:00:00,144,6,tcc,98.0,0.0,98.0
2026-10-01 21:00:00,대전,KIM,2026-09-25 00:00:00,156,6,t2m,13.0,15.1,-2.1
2026-10-01 21:00:00,대전,KIM,2026-09-25 00:00:00,156,6,tcc,4.0,0.0,4.0
2026-10-01 21:00:00,대전,KIM,2026-09-24 12:00:00,168,7,t2m,12.5,15.1,-2.6
2026-10-01 21:00:00,대전,KIM,2026-09-24 12:00:00,168,7,tcc,0.0,0.0,0.0
2026-10-01 21:00:00,대전,KIM,2026-09-24 00:00:00,180,7,t2m,12.9,15.1,-2.2
2026-10-01 21:00:00,대전,KIM,2026-09-24 00:00:00,180,7,tcc,0.0,0.0,0.0
2026-10-01 21:00:00,대전,KIM,2026-09-23 12:00:00,192,8,t2m,14.6,15.1,-0.5
2026-10-01 21:00:00,대전,KIM,2026-09-23 12:00:00,192,8,tcc,93.0,0.0,93.0
2026-10-01 21:00:00,대전,KIM,2026-09-23 00:00:00,204,8,t2m,11.3,15.1,-3.8
2026-10-01 21:00:00,대전,KIM,2026-09-23 00:00:00,204,8,tcc,0.0,0.0,0.0
2026-10-01 21:00:00,대전,KIM,2026-09-22 12:00:00,216,9,t2m,16.1,15.1,1.0
2026-10-01 21:00:00,대전,KIM,2026-09-22 12:00:00,216,9,tcc,2.0,0.0,2.0
2026-10-01 21:00:00,대전,KIM,2026-09-22 00:00:00,228,9,t2m,15.2,15.1,0.1
2026-10-01 21:00:00,대전,KIM,2026-09-22 00:00:00,228,9,tcc,64.0,0.0,64.0
2026-10-01 21:00:00,대전,KIM,2026-09-21 12:00:00,240,10,t2m,14.6,15.1,-0.5
2026-10-01 21:00:00,대전,KIM,2026-09-21 12:00:00,240,10,tcc,6.0,0.0,6.0
2026-10-01 21:00:00,대전,KIM,2026-09-21 00:00:00,252,10,t2m,13.3,15.1,-1.8
2026-10-01 21:00:00,대전,KIM,2026-09-21 00:00:00,252,10,tcc,0.0,0.0,0.0
2026-10-01 21:00:00,대전,KIM,2026-09-20 12:00:00,264,11,t2m,19.3,15.1,4.2
2026-10-01 21:00:00,대전,KIM,2026-09-20 12:00:00,264,11,tcc,94.0,0.0,94.0
2026-10-01 21:00:00,대전,KIM,2026-09-19 12:00:00,288,12,t2m,18.9,15.1,3.8
2026-10-01 21:00:00,대전,KIM,2026-09-19 12:00:00,288,12,tcc,98.0,0.0,98.0
2026-10-01 21:00:00,부산,ECMWF,2026-10-01 12:00:00,0,0,t2m,21.5,19.5,2.0
2026-10-01 21:00:00,부산,ECMWF,2026-10-01 12:00:00,0,0,tcc,20.0,60.0,-40.0
2026-10-01 21:00:00,부산,ECMWF,2026-09-30 12:00:00,24,1,dswrf,0.0,,
2026-10-01 21:00:00,부산,ECMWF,2026-09-30 12:00:00,24,1,t2m,20.5,19.5,1.0
2026-10-01 21:00:00,부산,ECMWF,2026-09-30 12:00:00,24,1,tcc,1.0,60.0,-59.0
2026-10-01 21:00:00,부산,ECMWF,2026-09-29 12:00:00,48,2,dswrf,0.0,,
2026-10-01 21:00:00,부산,ECMWF,2026-09-29 12:00:00,48,2,t2m,20.2,19.5,0.7
2026-10-01 21:00:00,부산,ECMWF,2026-09-29 12:00:00,48,2,tcc,53.0,60.0,-7.0
2026-10-01 21:00:00,부산,ECMWF,2026-09-28 12:00:00,72,3,dswrf,0.0,,
2026-10-01 21:00:00,부산,ECMWF,2026-09-28 12:00:00,72,3,t2m,20.2,19.5,0.7
2026-10-01 21:00:00,부산,ECMWF,2026-09-28 12:00:00,72,3,tcc,69.0,60.0,9.0
2026-10-01 21:00:00,부산,ECMWF,2026-09-28 00:00:00,84,3,dswrf,0.0,,
2026-10-01 21:00:00,부산,ECMWF,2026-09-28 00:00:00,84,3,t2m,19.6,19.5,0.1
2026-10-01 21:00:00,부산,ECMWF,2026-09-28 00:00:00,84,3,tcc,72.0,60.0,12.0
2026-10-01 21:00:00,부산,ECMWF,2026-09-27 12:00:00,96,4,dswrf,0.0,,
2026-10-01 21:00:00,부산,ECMWF,2026-09-27 12:00:00,96,4,t2m,19.9,19.5,0.4
2026-10-01 21:00:00,부산,ECMWF,2026-09-27 12:00:00,96,4,tcc,56.0,60.0,-4.0
2026-10-01 21:00:00,부산,ECMWF,2026-09-26 12:00:00,120,5,dswrf,0.0,,
2026-10-01 21:00:00,부산,ECMWF,2026-09-26 12:00:00,120,5,t2m,20.7,19.5,1.2
2026-10-01 21:00:00,부산,ECMWF,2026-09-26 12:00:00,120,5,tcc,77.0,60.0,17.0
2026-10-01 21:00:00,부산,ECMWF,2026-09-25 12:00:00,144,6,dswrf,0.0,,
2026-10-01 21:00:00,부산,ECMWF,2026-09-25 12:00:00,144,6,t2m,20.4,19.5,0.9
2026-10-01 21:00:00,부산,ECMWF,2026-09-25 12:00:00,144,6,tcc,54.0,60.0,-6.0
2026-10-01 21:00:00,부산,ECMWF,2026-09-24 12:00:00,168,7,dswrf,141.0,,
2026-10-01 21:00:00,부산,ECMWF,2026-09-24 12:00:00,168,7,t2m,21.0,19.5,1.5
2026-10-01 21:00:00,부산,ECMWF,2026-09-24 12:00:00,168,7,tcc,64.0,60.0,4.0
2026-10-01 21:00:00,부산,ECMWF,2026-09-23 12:00:00,192,8,dswrf,145.0,,
2026-10-01 21:00:00,부산,ECMWF,2026-09-23 12:00:00,192,8,t2m,20.2,19.5,0.7
2026-10-01 21:00:00,부산,ECMWF,2026-09-23 12:00:00,192,8,tcc,0.0,60.0,-60.0
2026-10-01 21:00:00,부산,ECMWF,2026-09-22 12:00:00,216,9,dswrf,122.0,,
2026-10-01 21:00:00,부산,ECMWF,2026-09-22 12:00:00,216,9,t2m,21.4,19.5,1.9
2026-10-01 21:00:00,부산,ECMWF,2026-09-22 12:00:00,216,9,tcc,83.0,60.0,23.0
2026-10-01 21:00:00,부산,ECMWF,2026-09-21 12:00:00,240,10,dswrf,58.0,,
2026-10-01 21:00:00,부산,ECMWF,2026-09-21 12:00:00,240,10,t2m,21.6,19.5,2.1
2026-10-01 21:00:00,부산,ECMWF,2026-09-21 12:00:00,240,10,tcc,100.0,60.0,40.0
2026-10-01 21:00:00,부산,GFS,2026-10-01 12:00:00,0,0,t2m,21.9,19.5,2.4
2026-10-01 21:00:00,부산,GFS,2026-10-01 12:00:00,0,0,tcc,43.0,60.0,-17.0
2026-10-01 21:00:00,부산,GFS,2026-10-01 00:00:00,12,0,dswrf,0.0,,
2026-10-01 21:00:00,부산,GFS,2026-10-01 00:00:00,12,0,t2m,21.4,19.5,1.9
2026-10-01 21:00:00,부산,GFS,2026-10-01 00:00:00,12,0,tcc,15.0,60.0,-45.0
2026-10-01 21:00:00,부산,GFS,2026-09-30 18:00:00,18,0,dswrf,0.0,,
2026-10-01 21:00:00,부산,GFS,2026-09-30 18:00:00,18,0,t2m,21.1,19.5,1.6
2026-10-01 21:00:00,부산,GFS,2026-09-30 18:00:00,18,0,tcc,20.0,60.0,-40.0
2026-10-01 21:00:00,부산,GFS,2026-09-30 12:00:00,24,1,dswrf,0.0,,
2026-10-01 21:00:00,부산,GFS,2026-09-30 12:00:00,24,1,t2m,21.1,19.5,1.6
2026-10-01 21:00:00,부산,GFS,2026-09-30 12:00:00,24,1,tcc,3.0,60.0,-57.0
2026-10-01 21:00:00,부산,GFS,2026-09-30 00:00:00,36,1,dswrf,0.0,,
2026-10-01 21:00:00,부산,GFS,2026-09-30 00:00:00,36,1,t2m,20.8,19.5,1.3
2026-10-01 21:00:00,부산,GFS,2026-09-30 00:00:00,36,1,tcc,5.0,60.0,-55.0
2026-10-01 21:00:00,부산,GFS,2026-09-29 18:00:00,42,1,dswrf,0.0,,
2026-10-01 21:00:00,부산,GFS,2026-09-29 18:00:00,42,1,t2m,20.6,19.5,1.1
2026-10-01 21:00:00,부산,GFS,2026-09-29 18:00:00,42,1,tcc,39.0,60.0,-21.0
2026-10-01 21:00:00,부산,GFS,2026-09-29 12:00:00,48,2,dswrf,0.0,,
2026-10-01 21:00:00,부산,GFS,2026-09-29 12:00:00,48,2,t2m,20.7,19.5,1.2
2026-10-01 21:00:00,부산,GFS,2026-09-29 12:00:00,48,2,tcc,83.0,60.0,23.0
2026-10-01 21:00:00,부산,GFS,2026-09-29 00:00:00,60,2,dswrf,0.0,,
2026-10-01 21:00:00,부산,GFS,2026-09-29 00:00:00,60,2,t2m,20.6,19.5,1.1
2026-10-01 21:00:00,부산,GFS,2026-09-29 00:00:00,60,2,tcc,58.0,60.0,-2.0
2026-10-01 21:00:00,부산,GFS,2026-09-28 18:00:00,66,2,dswrf,0.0,,
2026-10-01 21:00:00,부산,GFS,2026-09-28 18:00:00,66,2,t2m,20.6,19.5,1.1
2026-10-01 21:00:00,부산,GFS,2026-09-28 18:00:00,66,2,tcc,54.0,60.0,-6.0
2026-10-01 21:00:00,부산,GFS,2026-09-28 12:00:00,72,3,dswrf,0.0,,
2026-10-01 21:00:00,부산,GFS,2026-09-28 12:00:00,72,3,t2m,20.9,19.5,1.4
2026-10-01 21:00:00,부산,GFS,2026-09-28 12:00:00,72,3,tcc,13.0,60.0,-47.0
2026-10-01 21:00:00,부산,GFS,2026-09-28 00:00:00,84,3,dswrf,0.0,,
2026-10-01 21:00:00,부산,GFS,2026-09-28 00:00:00,84,3,t2m,20.6,19.5,1.1
2026-10-01 21:00:00,부산,GFS,2026-09-28 00:00:00,84,3,tcc,10.0,60.0,-50.0
2026-10-01 21:00:00,부산,GFS,2026-09-27 18:00:00,90,3,dswrf,0.0,,
2026-10-01 21:00:00,부산,GFS,2026-09-27 18:00:00,90,3,t2m,20.2,19.5,0.7
2026-10-01 21:00:00,부산,GFS,2026-09-27 18:00:00,90,3,tcc,0.0,60.0,-60.0
2026-10-01 21:00:00,부산,GFS,2026-09-27 12:00:00,96,4,dswrf,0.0,,
2026-10-01 21:00:00,부산,GFS,2026-09-27 12:00:00,96,4,t2m,20.5,19.5,1.0
2026-10-01 21:00:00,부산,GFS,2026-09-27 12:00:00,96,4,tcc,2.0,60.0,-58.0
2026-10-01 21:00:00,부산,GFS,2026-09-27 00:00:00,108,4,dswrf,0.0,,
2026-10-01 21:00:00,부산,GFS,2026-09-27 00:00:00,108,4,t2m,20.4,19.5,0.9
2026-10-01 21:00:00,부산,GFS,2026-09-27 00:00:00,108,4,tcc,0.0,60.0,-60.0
2026-10-01 21:00:00,부산,GFS,2026-09-26 18:00:00,114,4,dswrf,0.0,,
2026-10-01 21:00:00,부산,GFS,2026-09-26 18:00:00,114,4,t2m,20.6,19.5,1.1
2026-10-01 21:00:00,부산,GFS,2026-09-26 18:00:00,114,4,tcc,55.0,60.0,-5.0
2026-10-01 21:00:00,부산,GFS,2026-09-26 00:00:00,132,5,dswrf,127.0,,
2026-10-01 21:00:00,부산,GFS,2026-09-26 00:00:00,132,5,t2m,22.6,19.5,3.1
2026-10-01 21:00:00,부산,GFS,2026-09-26 00:00:00,132,5,tcc,64.0,60.0,4.0
2026-10-01 21:00:00,부산,GFS,2026-09-25 18:00:00,138,5,dswrf,122.0,,
2026-10-01 21:00:00,부산,GFS,2026-09-25 18:00:00,138,5,t2m,22.7,19.5,3.2
2026-10-01 21:00:00,부산,GFS,2026-09-25 18:00:00,138,5,tcc,85.0,60.0,25.0
2026-10-01 21:00:00,부산,GFS,2026-09-25 12:00:00,144,6,dswrf,134.0,,
2026-10-01 21:00:00,부산,GFS,2026-09-25 12:00:00,144,6,t2m,20.5,19.5,1.0
2026-10-01 21:00:00,부산,GFS,2026-09-25 12:00:00,144,6,tcc,60.0,60.0,0.0
2026-10-01 21:00:00,부산,GFS,2026-09-25 00:00:00,156,6,dswrf,139.0,,
2026-10-01 21:00:00,부산,GFS,2026-09-25 00:00:00,156,6,t2m,20.6,19.5,1.1
2026-10-01 21:00:00,부산,GFS,2026-09-25 00:00:00,156,6,tcc,41.0,60.0,-19.0
2026-10-01 21:00:00,부산,GFS,2026-09-24 18:00:00,162,6,dswrf,56.0,,
2026-10-01 21:00:00,부산,GFS,2026-09-24 18:00:00,162,6,t2m,19.9,19.5,0.4
2026-10-01 21:00:00,부산,GFS,2026-09-24 18:00:00,162,6,tcc,76.0,60.0,16.0
2026-10-01 21:00:00,부산,GFS,2026-09-24 12:00:00,168,7,dswrf,17.0,,
2026-10-01 21:00:00,부산,GFS,2026-09-24 12:00:00,168,7,t2m,20.1,19.5,0.6
2026-10-01 21:00:00,부산,GFS,2026-09-24 12:00:00,168,7,tcc,72.0,60.0,12.0
2026-10-01 21:00:00,부산,GFS,2026-09-24 00:00:00,180,7,dswrf,108.0,,
2026-10-01 21:00:00,부산,GFS,2026-09-24 00:00:00,180,7,t2m,21.0,19.5,1.5
2026-10-01 21:00:00,부산,GFS,2026-09-24 00:00:00,180,7,tcc,60.0,60.0,0.0
2026-10-01 21:00:00,부산,GFS,2026-09-23 18:00:00,186,7,dswrf,141.0,,
2026-10-01 21:00:00,부산,GFS,2026-09-23 18:00:00,186,7,t2m,20.9,19.5,1.4
2026-10-01 21:00:00,부산,GFS,2026-09-23 18:00:00,186,7,tcc,20.0,60.0,-40.0
2026-10-01 21:00:00,부산,GFS,2026-09-23 12:00:00,192,8,dswrf,92.0,,
2026-10-01 21:00:00,부산,GFS,2026-09-23 12:00:00,192,8,t2m,20.3,19.5,0.8
2026-10-01 21:00:00,부산,GFS,2026-09-23 12:00:00,192,8,tcc,94.0,60.0,34.0
2026-10-01 21:00:00,부산,GFS,2026-09-23 00:00:00,204,8,dswrf,6.0,,
2026-10-01 21:00:00,부산,GFS,2026-09-23 00:00:00,204,8,t2m,17.2,19.5,-2.3
2026-10-01 21:00:00,부산,GFS,2026-09-23 00:00:00,204,8,tcc,100.0,60.0,40.0
2026-10-01 21:00:00,부산,GFS,2026-09-22 18:00:00,210,8,dswrf,10.0,,
2026-10-01 21:00:00,부산,GFS,2026-09-22 18:00:00,210,8,t2m,18.1,19.5,-1.4
2026-10-01 21:00:00,부산,GFS,2026-09-22 18:00:00,210,8,tcc,100.0,60.0,40.0
2026-10-01 21:00:00,부산,GFS,2026-09-22 12:00:00,216,9,dswrf,93.0,,
2026-10-01 21:00:00,부산,GFS,2026-09-22 12:00:00,216,9,t2m,23.2,19.5,3.7
2026-10-01 21:00:00,부산,GFS,2026-09-22 12:00:00,216,9,tcc,86.0,60.0,26.0
2026-10-01 21:00:00,부산,GFS,2026-09-22 00:00:00,228,9,dswrf,134.0,,
2026-10-01 21:00:00,부산,GFS,2026-09-22 00:00:00,228,9,t2m,21.5,19.5,2.0
2026-10-01 21:00:00,부산,GFS,2026-09-22 00:00:00,228,9,tcc,97.0,60.0,37.0
2026-10-01 21:00:00,부산,GFS,2026-09-21 18:00:00,234,9,dswrf,113.0,,
2026-10-01 21:00:00,부산,GFS,2026-09-21 18:00:00,234,9,t2m,21.9,19.5,2.4
2026-10-01 21:00:00,부산,GFS,2026-09-21 18:00:00,234,9,tcc,100.0,60.0,40.0
2026-10-01 21:00:00,부산,GFS,2026-09-21 12:00:00,240,10,dswrf,141.0,,
2026-10-01 21:00:00,부산,GFS,2026-09-21 12:00:00,240,10,t2m,21.3,19.5,1.8
2026-10-01 21:00:00,부산,GFS,2026-09-21 12:00:00,240,10,tcc,0.0,60.0,-60.0
2026-10-01 21:00:00,부산,KIM,2026-10-01 12:00:00,0,0,t2m,17.6,19.5,-1.9
2026-10-01 21:00:00,부산,KIM,2026-10-01 12:00:00,0,0,tcc,5.0,60.0,-55.0
2026-10-01 21:00:00,부산,KIM,2026-10-01 00:00:00,12,0,dswrf,0.0,,
2026-10-01 21:00:00,부산,KIM,2026-10-01 00:00:00,12,0,t2m,17.2,19.5,-2.3
2026-10-01 21:00:00,부산,KIM,2026-10-01 00:00:00,12,0,tcc,1.0,60.0,-59.0
2026-10-01 21:00:00,부산,KIM,2026-09-30 12:00:00,24,1,dswrf,0.0,,
2026-10-01 21:00:00,부산,KIM,2026-09-30 12:00:00,24,1,t2m,16.6,19.5,-2.9
2026-10-01 21:00:00,부산,KIM,2026-09-30 12:00:00,24,1,tcc,0.0,60.0,-60.0
2026-10-01 21:00:00,부산,KIM,2026-09-30 00:00:00,36,1,dswrf,-0.0,,
2026-10-01 21:00:00,부산,KIM,2026-09-30 00:00:00,36,1,t2m,16.7,19.5,-2.8
2026-10-01 21:00:00,부산,KIM,2026-09-30 00:00:00,36,1,tcc,0.0,60.0,-60.0
2026-10-01 21:00:00,부산,KIM,2026-09-29 12:00:00,48,2,dswrf,0.0,,
2026-10-01 21:00:00,부산,KIM,2026-09-29 12:00:00,48,2,t2m,16.1,19.5,-3.4
2026-10-01 21:00:00,부산,KIM,2026-09-29 12:00:00,48,2,tcc,25.0,60.0,-35.0
2026-10-01 21:00:00,부산,KIM,2026-09-29 00:00:00,60,2,dswrf,0.0,,
2026-10-01 21:00:00,부산,KIM,2026-09-29 00:00:00,60,2,t2m,15.9,19.5,-3.6
2026-10-01 21:00:00,부산,KIM,2026-09-29 00:00:00,60,2,tcc,1.0,60.0,-59.0
2026-10-01 21:00:00,부산,KIM,2026-09-28 12:00:00,72,3,dswrf,0.0,,
2026-10-01 21:00:00,부산,KIM,2026-09-28 12:00:00,72,3,t2m,15.8,19.5,-3.7
2026-10-01 21:00:00,부산,KIM,2026-09-28 12:00:00,72,3,tcc,24.0,60.0,-36.0
2026-10-01 21:00:00,부산,KIM,2026-09-28 00:00:00,84,3,dswrf,0.0,,
2026-10-01 21:00:00,부산,KIM,2026-09-28 00:00:00,84,3,t2m,15.4,19.5,-4.1
2026-10-01 21:00:00,부산,KIM,2026-09-28 00:00:00,84,3,tcc,13.0,60.0,-47.0
2026-10-01 21:00:00,부산,KIM,2026-09-27 12:00:00,96,4,dswrf,-0.0,,
2026-10-01 21:00:00,부산,KIM,2026-09-27 12:00:00,96,4,t2m,16.6,19.5,-2.9
2026-10-01 21:00:00,부산,KIM,2026-09-27 12:00:00,96,4,tcc,0.0,60.0,-60.0
2026-10-01 21:00:00,부산,KIM,2026-09-27 00:00:00,108,4,dswrf,0.0,,
2026-10-01 21:00:00,부산,KIM,2026-09-27 00:00:00,108,4,t2m,16.6,19.5,-2.9
2026-10-01 21:00:00,부산,KIM,2026-09-27 00:00:00,108,4,tcc,51.0,60.0,-9.0
2026-10-01 21:00:00,부산,KIM,2026-09-26 12:00:00,120,5,dswrf,-0.0,,
2026-10-01 21:00:00,부산,KIM,2026-09-26 12:00:00,120,5,t2m,16.2,19.5,-3.3
2026-10-01 21:00:00,부산,KIM,2026-09-26 12:00:00,120,5,tcc,0.0,60.0,-60.0
2026-10-01 21:00:00,부산,KIM,2026-09-26 00:00:00,132,5,t2m,15.9,19.5,-3.6
2026-10-01 21:00:00,부산,KIM,2026-09-26 00:00:00,132,5,tcc,0.0,60.0,-60.0
2026-10-01 21:00:00,부산,KIM,2026-09-25 12:00:00,144,6,t2m,16.0,19.5,-3.5
2026-10-01 21:00:00,부산,KIM,2026-09-25 12:00:00,144,6,tcc,23.0,60.0,-37.0
2026-10-01 21:00:00,부산,KIM,2026-09-25 00:00:00,156,6,t2m,15.8,19.5,-3.7
2026-10-01 21:00:00,부산,KIM,2026-09-25 00:00:00,156,6,tcc,0.0,60.0,-60.0
2026-10-01 21:00:00,부산,KIM,2026-09-24 12:00:00,168,7,t2m,15.8,19.5,-3.7
2026-10-01 21:00:00,부산,KIM,2026-09-24 12:00:00,168,7,tcc,87.0,60.0,27.0
2026-10-01 21:00:00,부산,KIM,2026-09-24 00:00:00,180,7,t2m,14.7,19.5,-4.8
2026-10-01 21:00:00,부산,KIM,2026-09-24 00:00:00,180,7,tcc,81.0,60.0,21.0
2026-10-01 21:00:00,부산,KIM,2026-09-23 12:00:00,192,8,t2m,17.5,19.5,-2.0
2026-10-01 21:00:00,부산,KIM,2026-09-23 12:00:00,192,8,tcc,98.0,60.0,38.0
2026-10-01 21:00:00,부산,KIM,2026-09-23 00:00:00,204,8,t2m,14.6,19.5,-4.9
2026-10-01 21:00:00,부산,KIM,2026-09-23 00:00:00,204,8,tcc,73.0,60.0,13.0
2026-10-01 21:00:00,부산,KIM,2026-09-22 12:00:00,216,9,t2m,18.3,19.5,-1.2
2026-10-01 21:00:00,부산,KIM,2026-09-22 12:00:00,216,9,tcc,0.0,60.0,-60.0
2026-10-01 21:00:00,부산,KIM,2026-09-22 00:00:00,228,9,t2m,17.4,19.5,-2.1
2026-10-01 21:00:00,부산,KIM,2026-09-22 00:00:00,228,9,tcc,42.0,60.0,-18.0
2026-10-01 21:00:00,부산,KIM,2026-09-21 12:00:00,240,10,t2m,16.6,19.5,-2.9
2026-10-01 21:00:00,부산,KIM,2026-09-21 12:00:00,240,10,tcc,0.0,60.0,-60.0
2026-10-01 21:00:00,부산,KIM,2026-09-21 00:00:00,252,10,t2m,17.2,19.5,-2.3
2026-10-01 21:00:00,부산,KIM,2026-09-21 00:00:00,252,10,tcc,0.0,60.0,-60.0
2026-10-01 21:00:00,부산,KIM,2026-09-20 12:00:00,264,11,t2m,20.9,19.5,1.4
2026-10-01 21:00:00,부산,KIM,2026-09-20 12:00:00,264,11,tcc,100.0,60.0,40.0
2026-10-01 21:00:00,부산,KIM,2026-09-19 12:00:00,288,12,t2m,20.2,19.5,0.7
2026-10-01 21:00:00,부산,KIM,2026-09-19 12:00:00,288,12,tcc,67.0,60.0,7.0
2026-10-01 21:00:00,서울,ECMWF,2026-10-01 12:00:00,0,0,t2m,17.3,16.9,0.4
2026-10-01 21:00:00,서울,ECMWF,2026-10-01 12:00:00,0,0,tcc,40.0,50.0,-10.0
2026-10-01 21:00:00,서울,ECMWF,2026-09-30 12:00:00,24,1,dswrf,1.0,,
2026-10-01 21:00:00,서울,ECMWF,2026-09-30 12:00:00,24,1,t2m,17.0,16.9,0.1
2026-10-01 21:00:00,서울,ECMWF,2026-09-30 12:00:00,24,1,tcc,25.0,50.0,-25.0
2026-10-01 21:00:00,서울,ECMWF,2026-09-29 12:00:00,48,2,dswrf,0.0,,
2026-10-01 21:00:00,서울,ECMWF,2026-09-29 12:00:00,48,2,t2m,17.0,16.9,0.1
2026-10-01 21:00:00,서울,ECMWF,2026-09-29 12:00:00,48,2,tcc,93.0,50.0,43.0
2026-10-01 21:00:00,서울,ECMWF,2026-09-28 12:00:00,72,3,dswrf,0.0,,
2026-10-01 21:00:00,서울,ECMWF,2026-09-28 12:00:00,72,3,t2m,16.6,16.9,-0.3
2026-10-01 21:00:00,서울,ECMWF,2026-09-28 12:00:00,72,3,tcc,95.0,50.0,45.0
2026-10-01 21:00:00,서울,ECMWF,2026-09-28 00:00:00,84,3,dswrf,1.0,,
2026-10-01 21:00:00,서울,ECMWF,2026-09-28 00:00:00,84,3,t2m,15.9,16.9,-1.0
2026-10-01 21:00:00,서울,ECMWF,2026-09-28 00:00:00,84,3,tcc,79.0,50.0,29.0
2026-10-01 21:00:00,서울,ECMWF,2026-09-27 12:00:00,96,4,dswrf,0.0,,
2026-10-01 21:00:00,서울,ECMWF,2026-09-27 12:00:00,96,4,t2m,15.1,16.9,-1.8
2026-10-01 21:00:00,서울,ECMWF,2026-09-27 12:00:00,96,4,tcc,67.0,50.0,17.0
2026-10-01 21:00:00,서울,ECMWF,2026-09-26 12:00:00,120,5,dswrf,1.0,,
2026-10-01 21:00:00,서울,ECMWF,2026-09-26 12:00:00,120,5,t2m,15.5,16.9,-1.4
2026-10-01 21:00:00,서울,ECMWF,2026-09-26 12:00:00,120,5,tcc,1.0,50.0,-49.0
2026-10-01 21:00:00,서울,ECMWF,2026-09-25 12:00:00,144,6,dswrf,1.0,,
2026-10-01 21:00:00,서울,ECMWF,2026-09-25 12:00:00,144,6,t2m,13.7,16.9,-3.2
2026-10-01 21:00:00,서울,ECMWF,2026-09-25 12:00:00,144,6,tcc,0.0,50.0,-50.0
2026-10-01 21:00:00,서울,ECMWF,2026-09-24 12:00:00,168,7,dswrf,147.0,,
2026-10-01 21:00:00,서울,ECMWF,2026-09-24 12:00:00,168,7,t2m,14.3,16.9,-2.6
2026-10-01 21:00:00,서울,ECMWF,2026-09-24 12:00:00,168,7,tcc,0.0,50.0,-50.0
2026-10-01 21:00:00,서울,ECMWF,2026-09-23 12:00:00,192,8,dswrf,146.0,,
2026-10-01 21:00:00,서울,ECMWF,2026-09-23 12:00:00,192,8,t2m,15.9,16.9,-1.0
2026-10-01 21:00:00,서울,ECMWF,2026-09-23 12:00:00,192,8,tcc,0.0,50.0,-50.0
2026-10-01 21:00:00,서울,ECMWF,2026-09-22 12:00:00,216,9,dswrf,146.0,,
2026-10-01 21:00:00,서울,ECMWF,2026-09-22 12:00:00,216,9,t2m,15.3,16.9,-1.6
2026-10-01 21:00:00,서울,ECMWF,2026-09-22 12:00:00,216,9,tcc,0.0,50.0,-50.0
2026-10-01 21:00:00,서울,ECMWF,2026-09-21 12:00:00,240,10,dswrf,145.0,,
2026-10-01 21:00:00,서울,ECMWF,2026-09-21 12:00:00,240,10,t2m,15.8,16.9,-1.1
2026-10-01 21:00:00,서울,ECMWF,2026-09-21 12:00:00,240,10,tcc,0.0,50.0,-50.0
2026-10-01 21:00:00,서울,GFS,2026-10-01 12:00:00,0,0,t2m,17.4,16.9,0.5
2026-10-01 21:00:00,서울,GFS,2026-10-01 12:00:00,0,0,tcc,79.0,50.0,29.0
2026-10-01 21:00:00,서울,GFS,2026-10-01 00:00:00,12,0,dswrf,0.0,,
2026-10-01 21:00:00,서울,GFS,2026-10-01 00:00:00,12,0,t2m,17.5,16.9,0.6
2026-10-01 21:00:00,서울,GFS,2026-10-01 00:00:00,12,0,tcc,87.0,50.0,37.0
2026-10-01 21:00:00,서울,GFS,2026-09-30 18:00:00,18,0,dswrf,0.0,,
2026-10-01 21:00:00,서울,GFS,2026-09-30 18:00:00,18,0,t2m,17.4,16.9,0.5
2026-10-01 21:00:00,서울,GFS,2026-09-30 18:00:00,18,0,tcc,51.0,50.0,1.0
2026-10-01 21:00:00,서울,GFS,2026-09-30 12:00:00,24,1,dswrf,0.0,,
2026-10-01 21:00:00,서울,GFS,2026-09-30 12:00:00,24,1,t2m,17.1,16.9,0.2
2026-10-01 21:00:00,서울,GFS,2026-09-30 12:00:00,24,1,tcc,32.0,50.0,-18.0
2026-10-01 21:00:00,서울,GFS,2026-09-30 00:00:00,36,1,dswrf,0.0,,
2026-10-01 21:00:00,서울,GFS,2026-09-30 00:00:00,36,1,t2m,16.8,16.9,-0.1
2026-10-01 21:00:00,서울,GFS,2026-09-30 00:00:00,36,1,tcc,33.0,50.0,-17.0
2026-10-01 21:00:00,서울,GFS,2026-09-29 18:00:00,42,1,dswrf,0.0,,
2026-10-01 21:00:00,서울,GFS,2026-09-29 18:00:00,42,1,t2m,16.5,16.9,-0.4
2026-10-01 21:00:00,서울,GFS,2026-09-29 18:00:00,42,1,tcc,23.0,50.0,-27.0
2026-10-01 21:00:00,서울,GFS,2026-09-29 12:00:00,48,2,dswrf,0.0,,
2026-10-01 21:00:00,서울,GFS,2026-09-29 12:00:00,48,2,t2m,16.7,16.9,-0.2
2026-10-01 21:00:00,서울,GFS,2026-09-29 12:00:00,48,2,tcc,16.0,50.0,-34.0
2026-10-01 21:00:00,서울,GFS,2026-09-29 00:00:00,60,2,dswrf,0.0,,
2026-10-01 21:00:00,서울,GFS,2026-09-29 00:00:00,60,2,t2m,16.7,16.9,-0.2
2026-10-01 21:00:00,서울,GFS,2026-09-29 00:00:00,60,2,tcc,2.0,50.0,-48.0
2026-10-01 21:00:00,서울,GFS,2026-09-28 18:00:00,66,2,dswrf,0.0,,
2026-10-01 21:00:00,서울,GFS,2026-09-28 18:00:00,66,2,t2m,16.5,16.9,-0.4
2026-10-01 21:00:00,서울,GFS,2026-09-28 18:00:00,66,2,tcc,27.0,50.0,-23.0
2026-10-01 21:00:00,서울,GFS,2026-09-28 12:00:00,72,3,dswrf,0.0,,
2026-10-01 21:00:00,서울,GFS,2026-09-28 12:00:00,72,3,t2m,16.8,16.9,-0.1
2026-10-01 21:00:00,서울,GFS,2026-09-28 12:00:00,72,3,tcc,0.0,50.0,-50.0
2026-10-01 21:00:00,서울,GFS,2026-09-28 00:00:00,84,3,dswrf,0.0,,
2026-10-01 21:00:00,서울,GFS,2026-09-28 00:00:00,84,3,t2m,17.2,16.9,0.3
2026-10-01 21:00:00,서울,GFS,2026-09-28 00:00:00,84,3,tcc,0.0,50.0,-50.0
2026-10-01 21:00:00,서울,GFS,2026-09-27 18:00:00,90,3,dswrf,0.0,,
2026-10-01 21:00:00,서울,GFS,2026-09-27 18:00:00,90,3,t2m,15.7,16.9,-1.2
2026-10-01 21:00:00,서울,GFS,2026-09-27 18:00:00,90,3,tcc,0.0,50.0,-50.0
2026-10-01 21:00:00,서울,GFS,2026-09-27 12:00:00,96,4,dswrf,0.0,,
2026-10-01 21:00:00,서울,GFS,2026-09-27 12:00:00,96,4,t2m,16.0,16.9,-0.9
2026-10-01 21:00:00,서울,GFS,2026-09-27 12:00:00,96,4,tcc,0.0,50.0,-50.0
2026-10-01 21:00:00,서울,GFS,2026-09-27 00:00:00,108,4,dswrf,0.0,,
2026-10-01 21:00:00,서울,GFS,2026-09-27 00:00:00,108,4,t2m,16.0,16.9,-0.9
2026-10-01 21:00:00,서울,GFS,2026-09-27 00:00:00,108,4,tcc,0.0,50.0,-50.0
2026-10-01 21:00:00,서울,GFS,2026-09-26 18:00:00,114,4,dswrf,0.0,,
2026-10-01 21:00:00,서울,GFS,2026-09-26 18:00:00,114,4,t2m,16.2,16.9,-0.7
2026-10-01 21:00:00,서울,GFS,2026-09-26 18:00:00,114,4,tcc,0.0,50.0,-50.0
2026-10-01 21:00:00,서울,GFS,2026-09-26 00:00:00,132,5,dswrf,138.0,,
2026-10-01 21:00:00,서울,GFS,2026-09-26 00:00:00,132,5,t2m,18.0,16.9,1.1
2026-10-01 21:00:00,서울,GFS,2026-09-26 00:00:00,132,5,tcc,36.0,50.0,-14.0
2026-10-01 21:00:00,서울,GFS,2026-09-25 18:00:00,138,5,dswrf,143.0,,
2026-10-01 21:00:00,서울,GFS,2026-09-25 18:00:00,138,5,t2m,18.1,16.9,1.2
2026-10-01 21:00:00,서울,GFS,2026-09-25 18:00:00,138,5,tcc,26.0,50.0,-24.0
2026-10-01 21:00:00,서울,GFS,2026-09-25 12:00:00,144,6,dswrf,143.0,,
2026-10-01 21:00:00,서울,GFS,2026-09-25 12:00:00,144,6,t2m,17.6,16.9,0.7
2026-10-01 21:00:00,서울,GFS,2026-09-25 12:00:00,144,6,tcc,0.0,50.0,-50.0
2026-10-01 21:00:00,서울,GFS,2026-09-25 00:00:00,156,6,dswrf,141.0,,
2026-10-01 21:00:00,서울,GFS,2026-09-25 00:00:00,156,6,t2m,17.5,16.9,0.6
2026-10-01 21:00:00,서울,GFS,2026-09-25 00:00:00,156,6,tcc,0.0,50.0,-50.0
2026-10-01 21:00:00,서울,GFS,2026-09-24 18:00:00,162,6,dswrf,144.0,,
2026-10-01 21:00:00,서울,GFS,2026-09-24 18:00:00,162,6,t2m,17.4,16.9,0.5
2026-10-01 21:00:00,서울,GFS,2026-09-24 18:00:00,162,6,tcc,0.0,50.0,-50.0
2026-10-01 21:00:00,서울,GFS,2026-09-24 12:00:00,168,7,dswrf,143.0,,
2026-10-01 21:00:00,서울,GFS,2026-09-24 12:00:00,168,7,t2m,18.1,16.9,1.2
2026-10-01 21:00:00,서울,GFS,2026-09-24 12:00:00,168,7,tcc,29.0,50.0,-21.0
2026-10-01 21:00:00,서울,GFS,2026-09-24 00:00:00,180,7,dswrf,142.0,,
2026-10-01 21:00:00,서울,GFS,2026-09-24 00:00:00,180,7,t2m,18.5,16.9,1.6
2026-10-01 21:00:00,서울,GFS,2026-09-24 00:00:00,180,7,tcc,0.0,50.0,-50.0
2026-10-01 21:00:00,서울,GFS,2026-09-23 18:00:00,186,7,dswrf,143.0,,
2026-10-01 21:00:00,서울,GFS,2026-09-23 18:00:00,186,7,t2m,18.2,16.9,1.3
2026-10-01 21:00:00,서울,GFS,2026-09-23 18:00:00,186,7,tcc,0.0,50.0,-50.0
2026-10-01 21:00:00,서울,GFS,2026-09-23 12:00:00,192,8,dswrf,145.0,,
2026-10-01 21:00:00,서울,GFS,2026-09-23 12:00:00,192,8,t2m,17.4,16.9,0.5
2026-10-01 21:00:00,서울,GFS,2026-09-23 12:00:00,192,8,tcc,0.0,50.0,-50.0
2026-10-01 21:00:00,서울,GFS,2026-09-23 00:00:00,204,8,dswrf,53.0,,
2026-10-01 21:00:00,서울,GFS,2026-09-23 00:00:00,204,8,t2m,15.7,16.9,-1.2
2026-10-01 21:00:00,서울,GFS,2026-09-23 00:00:00,204,8,tcc,100.0,50.0,50.0
2026-10-01 21:00:00,서울,GFS,2026-09-22 18:00:00,210,8,dswrf,55.0,,
2026-10-01 21:00:00,서울,GFS,2026-09-22 18:00:00,210,8,t2m,16.6,16.9,-0.3
2026-10-01 21:00:00,서울,GFS,2026-09-22 18:00:00,210,8,tcc,100.0,50.0,50.0
2026-10-01 21:00:00,서울,GFS,2026-09-22 12:00:00,216,9,dswrf,108.0,,
2026-10-01 21:00:00,서울,GFS,2026-09-22 12:00:00,216,9,t2m,22.2,16.9,5.3
2026-10-01 21:00:00,서울,GFS,2026-09-22 12:00:00,216,9,tcc,100.0,50.0,50.0
2026-10-01 21:00:00,서울,GFS,2026-09-22 00:00:00,228,9,dswrf,130.0,,
2026-10-01 21:00:00,서울,GFS,2026-09-22 00:00:00,228,9,t2m,18.7,16.9,1.8
2026-10-01 21:00:00,서울,GFS,2026-09-22 00:00:00,228,9,tcc,100.0,50.0,50.0
2026-10-01 21:00:00,서울,GFS,2026-09-21 18:00:00,234,9,dswrf,139.0,,
2026-10-01 21:00:00,서울,GFS,2026-09-21 18:00:00,234,9,t2m,19.6,16.9,2.7
2026-10-01 21:00:00,서울,GFS,2026-09-21 18:00:00,234,9,tcc,0.0,50.0,-50.0
2026-10-01 21:00:00,서울,GFS,2026-09-21 12:00:00,240,10,dswrf,141.0,,
2026-10-01 21:00:00,서울,GFS,2026-09-21 12:00:00,240,10,t2m,15.7,16.9,-1.2
2026-10-01 21:00:00,서울,GFS,2026-09-21 12:00:00,240,10,tcc,2.0,50.0,-48.0
2026-10-01 21:00:00,서울,KIM,2026-10-01 12:00:00,0,0,t2m,14.0,16.9,-2.9
2026-10-01 21:00:00,서울,KIM,2026-10-01 12:00:00,0,0,tcc,0.0,50.0,-50.0
2026-10-01 21:00:00,서울,KIM,2026-10-01 00:00:00,12,0,dswrf,0.0,,
2026-10-01 21:00:00,서울,KIM,2026-10-01 00:00:00,12,0,t2m,14.2,16.9,-2.7
2026-10-01 21:00:00,서울,KIM,2026-10-01 00:00:00,12,0,tcc,21.0,50.0,-29.0
2026-10-01 21:00:00,서울,KIM,2026-09-30 12:00:00,24,1,dswrf,0.0,,
2026-10-01 21:00:00,서울,KIM,2026-09-30 12:00:00,24,1,t2m,14.0,16.9,-2.9
2026-10-01 21:00:00,서울,KIM,2026-09-30 12:00:00,24,1,tcc,9.0,50.0,-41.0
2026-10-01 21:00:00,서울,KIM,2026-09-30 00:00:00,36,1,dswrf,0.0,,
2026-10-01 21:00:00,서울,KIM,2026-09-30 00:00:00,36,1,t2m,13.9,16.9,-3.0
2026-10-01 21:00:00,서울,KIM,2026-09-30 00:00:00,36,1,tcc,59.0,50.0,9.0
2026-10-01 21:00:00,서울,KIM,2026-09-29 12:00:00,48,2,dswrf,0.0,,
2026-10-01 21:00:00,서울,KIM,2026-09-29 12:00:00,48,2,t2m,14.1,16.9,-2.8
2026-10-01 21:00:00,서울,KIM,2026-09-29 12:00:00,48,2,tcc,0.0,50.0,-50.0
2026-10-01 21:00:00,서울,KIM,2026-09-29 00:00:00,60,2,dswrf,0.0,,
2026-10-01 21:00:00,서울,KIM,2026-09-29 00:00:00,60,2,t2m,13.9,16.9,-3.0
2026-10-01 21:00:00,서울,KIM,2026-09-29 00:00:00,60,2,tcc,0.0,50.0,-50.0
2026-10-01 21:00:00,서울,KIM,2026-09-28 12:00:00,72,3,dswrf,0.0,,
2026-10-01 21:00:00,서울,KIM,2026-09-28 12:00:00,72,3,t2m,13.6,16.9,-3.3
2026-10-01 21:00:00,서울,KIM,2026-09-28 12:00:00,72,3,tcc,0.0,50.0,-50.0
2026-10-01 21:00:00,서울,KIM,2026-09-28 00:00:00,84,3,dswrf,0.0,,
2026-10-01 21:00:00,서울,KIM,2026-09-28 00:00:00,84,3,t2m,13.6,16.9,-3.3
2026-10-01 21:00:00,서울,KIM,2026-09-28 00:00:00,84,3,tcc,0.0,50.0,-50.0
2026-10-01 21:00:00,서울,KIM,2026-09-27 12:00:00,96,4,dswrf,0.0,,
2026-10-01 21:00:00,서울,KIM,2026-09-27 12:00:00,96,4,t2m,13.6,16.9,-3.3
2026-10-01 21:00:00,서울,KIM,2026-09-27 12:00:00,96,4,tcc,3.0,50.0,-47.0
2026-10-01 21:00:00,서울,KIM,2026-09-27 00:00:00,108,4,dswrf,0.0,,
2026-10-01 21:00:00,서울,KIM,2026-09-27 00:00:00,108,4,t2m,14.7,16.9,-2.2
2026-10-01 21:00:00,서울,KIM,2026-09-27 00:00:00,108,4,tcc,0.0,50.0,-50.0
2026-10-01 21:00:00,서울,KIM,2026-09-26 12:00:00,120,5,dswrf,0.0,,
2026-10-01 21:00:00,서울,KIM,2026-09-26 12:00:00,120,5,t2m,14.2,16.9,-2.7
2026-10-01 21:00:00,서울,KIM,2026-09-26 12:00:00,120,5,tcc,0.0,50.0,-50.0
2026-10-01 21:00:00,서울,KIM,2026-09-26 00:00:00,132,5,t2m,13.1,16.9,-3.8
2026-10-01 21:00:00,서울,KIM,2026-09-26 00:00:00,132,5,tcc,0.0,50.0,-50.0
2026-10-01 21:00:00,서울,KIM,2026-09-25 12:00:00,144,6,t2m,14.1,16.9,-2.8
2026-10-01 21:00:00,서울,KIM,2026-09-25 12:00:00,144,6,tcc,3.0,50.0,-47.0
2026-10-01 21:00:00,서울,KIM,2026-09-25 00:00:00,156,6,t2m,13.7,16.9,-3.2
2026-10-01 21:00:00,서울,KIM,2026-09-25 00:00:00,156,6,tcc,0.0,50.0,-50.0
2026-10-01 21:00:00,서울,KIM,2026-09-24 12:00:00,168,7,t2m,13.9,16.9,-3.0
2026-10-01 21:00:00,서울,KIM,2026-09-24 12:00:00,168,7,tcc,0.0,50.0,-50.0
2026-10-01 21:00:00,서울,KIM,2026-09-24 00:00:00,180,7,t2m,12.5,16.9,-4.4
2026-10-01 21:00:00,서울,KIM,2026-09-24 00:00:00,180,7,tcc,0.0,50.0,-50.0
2026-10-01 21:00:00,서울,KIM,2026-09-23 12:00:00,192,8,t2m,13.5,16.9,-3.4
2026-10-01 21:00:00,서울,KIM,2026-09-23 12:00:00,192,8,tcc,0.0,50.0,-50.0
2026-10-01 21:00:00,서울,KIM,2026-09-23 00:00:00,204,8,t2m,11.5,16.9,-5.4
2026-10-01 21:00:00,서울,KIM,2026-09-23 00:00:00,204,8,tcc,0.0,50.0,-50.0
2026-10-01 21:00:00,서울,KIM,2026-09-22 12:00:00,216,9,t2m,14.4,16.9,-2.5
2026-10-01 21:00:00,서울,KIM,2026-09-22 12:00:00,216,9,tcc,0.0,50.0,-50.0
2026-10-01 21:00:00,서울,KIM,2026-09-22 00:00:00,228,9,t2m,14.1,16.9,-2.8
2026-10-01 21:00:00,서울,KIM,2026-09-22 00:00:00,228,9,tcc,83.0,50.0,33.0
2026-10-01 21:00:00,서울,KIM,2026-09-21 12:00:00,240,10,t2m,13.6,16.9,-3.3
2026-10-01 21:00:00,서울,KIM,2026-09-21 12:00:00,240,10,tcc,0.0,50.0,-50.0
2026-10-01 21:00:00,서울,KIM,2026-09-21 00:00:00,252,10,t2m,13.7,16.9,-3.2
2026-10-01 21:00:00,서울,KIM,2026-09-21 00:00:00,252,10,tcc,0.0,50.0,-50.0
2026-10-01 21:00:00,서울,KIM,2026-09-20 12:00:00,264,11,t2m,16.7,16.9,-0.2
2026-10-01 21:00:00,서울,KIM,2026-09-20 12:00:00,264,11,tcc,3.0,50.0,-47.0
2026-10-01 21:00:00,서울,KIM,2026-09-19 12:00:00,288,12,t2m,18.6,16.9,1.7
2026-10-01 21:00:00,서울,KIM,2026-09-19 12:00:00,288,12,tcc,99.0,50.0,49.0
2026-10-01 21:00:00,수원,ECMWF,2026-10-01 12:00:00,0,0,t2m,16.5,15.1,1.4
2026-10-01 21:00:00,수원,ECMWF,2026-10-01 12:00:00,0,0,tcc,47.0,0.0,47.0
2026-10-01 21:00:00,수원,ECMWF,2026-09-30 12:00:00,24,1,dswrf,1.0,,
2026-10-01 21:00:00,수원,ECMWF,2026-09-30 12:00:00,24,1,t2m,16.5,15.1,1.4
2026-10-01 21:00:00,수원,ECMWF,2026-09-30 12:00:00,24,1,tcc,46.0,0.0,46.0
2026-10-01 21:00:00,수원,ECMWF,2026-09-29 12:00:00,48,2,dswrf,1.0,,
2026-10-01 21:00:00,수원,ECMWF,2026-09-29 12:00:00,48,2,t2m,16.5,15.1,1.4
2026-10-01 21:00:00,수원,ECMWF,2026-09-29 12:00:00,48,2,tcc,93.0,0.0,93.0
2026-10-01 21:00:00,수원,ECMWF,2026-09-28 12:00:00,72,3,dswrf,1.0,,
2026-10-01 21:00:00,수원,ECMWF,2026-09-28 12:00:00,72,3,t2m,16.4,15.1,1.3
2026-10-01 21:00:00,수원,ECMWF,2026-09-28 12:00:00,72,3,tcc,94.0,0.0,94.0
2026-10-01 21:00:00,수원,ECMWF,2026-09-28 00:00:00,84,3,dswrf,1.0,,
2026-10-01 21:00:00,수원,ECMWF,2026-09-28 00:00:00,84,3,t2m,15.5,15.1,0.4
2026-10-01 21:00:00,수원,ECMWF,2026-09-28 00:00:00,84,3,tcc,92.0,0.0,92.0
2026-10-01 21:00:00,수원,ECMWF,2026-09-27 12:00:00,96,4,dswrf,1.0,,
2026-10-01 21:00:00,수원,ECMWF,2026-09-27 12:00:00,96,4,t2m,14.7,15.1,-0.4
2026-10-01 21:00:00,수원,ECMWF,2026-09-27 12:00:00,96,4,tcc,87.0,0.0,87.0
2026-10-01 21:00:00,수원,ECMWF,2026-09-26 12:00:00,120,5,dswrf,0.0,,
2026-10-01 21:00:00,수원,ECMWF,2026-09-26 12:00:00,120,5,t2m,15.0,15.1,-0.1
2026-10-01 21:00:00,수원,ECMWF,2026-09-26 12:00:00,120,5,tcc,5.0,0.0,5.0
2026-10-01 21:00:00,수원,ECMWF,2026-09-25 12:00:00,144,6,dswrf,0.0,,
2026-10-01 21:00:00,수원,ECMWF,2026-09-25 12:00:00,144,6,t2m,12.7,15.1,-2.4
2026-10-01 21:00:00,수원,ECMWF,2026-09-25 12:00:00,144,6,tcc,0.0,0.0,0.0
2026-10-01 21:00:00,수원,ECMWF,2026-09-24 12:00:00,168,7,dswrf,147.0,,
2026-10-01 21:00:00,수원,ECMWF,2026-09-24 12:00:00,168,7,t2m,14.4,15.1,-0.7
2026-10-01 21:00:00,수원,ECMWF,2026-09-24 12:00:00,168,7,tcc,0.0,0.0,0.0
2026-10-01 21:00:00,수원,ECMWF,2026-09-23 12:00:00,192,8,dswrf,147.0,,
2026-10-01 21:00:00,수원,ECMWF,2026-09-23 12:00:00,192,8,t2m,15.2,15.1,0.1
2026-10-01 21:00:00,수원,ECMWF,2026-09-23 12:00:00,192,8,tcc,0.0,0.0,0.0
2026-10-01 21:00:00,수원,ECMWF,2026-09-22 12:00:00,216,9,dswrf,146.0,,
2026-10-01 21:00:00,수원,ECMWF,2026-09-22 12:00:00,216,9,t2m,14.3,15.1,-0.8
2026-10-01 21:00:00,수원,ECMWF,2026-09-22 12:00:00,216,9,tcc,0.0,0.0,0.0
2026-10-01 21:00:00,수원,ECMWF,2026-09-21 12:00:00,240,10,dswrf,144.0,,
2026-10-01 21:00:00,수원,ECMWF,2026-09-21 12:00:00,240,10,t2m,14.7,15.1,-0.4
2026-10-01 21:00:00,수원,ECMWF,2026-09-21 12:00:00,240,10,tcc,0.0,0.0,0.0
2026-10-01 21:00:00,수원,GFS,2026-10-01 12:00:00,0,0,t2m,17.6,15.1,2.5
2026-10-01 21:00:00,수원,GFS,2026-10-01 12:00:00,0,0,tcc,61.0,0.0,61.0
2026-10-01 21:00:00,수원,GFS,2026-10-01 00:00:00,12,0,dswrf,0.0,,
2026-10-01 21:00:00,수원,GFS,2026-10-01 00:00:00,12,0,t2m,17.6,15.1,2.5
2026-10-01 21:00:00,수원,GFS,2026-10-01 00:00:00,12,0,tcc,76.0,0.0,76.0
2026-10-01 21:00:00,수원,GFS,2026-09-30 18:00:00,18,0,dswrf,0.0,,
2026-10-01 21:00:00,수원,GFS,2026-09-30 18:00:00,18,0,t2m,17.6,15.1,2.5
2026-10-01 21:00:00,수원,GFS,2026-09-30 18:00:00,18,0,tcc,24.0,0.0,24.0
2026-10-01 21:00:00,수원,GFS,2026-09-30 12:00:00,24,1,dswrf,0.0,,
2026-10-01 21:00:00,수원,GFS,2026-09-30 12:00:00,24,1,t2m,17.2,15.1,2.1
2026-10-01 21:00:00,수원,GFS,2026-09-30 12:00:00,24,1,tcc,38.0,0.0,38.0
2026-10-01 21:00:00,수원,GFS,2026-09-30 00:00:00,36,1,dswrf,0.0,,
2026-10-01 21:00:00,수원,GFS,2026-09-30 00:00:00,36,1,t2m,17.1,15.1,2.0
2026-10-01 21:00:00,수원,GFS,2026-09-30 00:00:00,36,1,tcc,65.0,0.0,65.0
2026-10-01 21:00:00,수원,GFS,2026-09-29 18:00:00,42,1,dswrf,0.0,,
2026-10-01 21:00:00,수원,GFS,2026-09-29 18:00:00,42,1,t2m,16.7,15.1,1.6
2026-10-01 21:00:00,수원,GFS,2026-09-29 18:00:00,42,1,tcc,25.0,0.0,25.0
2026-10-01 21:00:00,수원,GFS,2026-09-29 12:00:00,48,2,dswrf,0.0,,
2026-10-01 21:00:00,수원,GFS,2026-09-29 12:00:00,48,2,t2m,17.1,15.1,2.0
2026-10-01 21:00:00,수원,GFS,2026-09-29 12:00:00,48,2,tcc,49.0,0.0,49.0
2026-10-01 21:00:00,수원,GFS,2026-09-29 00:00:00,60,2,dswrf,0.0,,
2026-10-01 21:00:00,수원,GFS,2026-09-29 00:00:00,60,2,t2m,16.9,15.1,1.8
2026-10-01 21:00:00,수원,GFS,2026-09-29 00:00:00,60,2,tcc,2.0,0.0,2.0
2026-10-01 21:00:00,수원,GFS,2026-09-28 18:00:00,66,2,dswrf,0.0,,
2026-10-01 21:00:00,수원,GFS,2026-09-28 18:00:00,66,2,t2m,16.5,15.1,1.4
2026-10-01 21:00:00,수원,GFS,2026-09-28 18:00:00,66,2,tcc,26.0,0.0,26.0
2026-10-01 21:00:00,수원,GFS,2026-09-28 12:00:00,72,3,dswrf,0.0,,
2026-10-01 21:00:00,수원,GFS,2026-09-28 12:00:00,72,3,t2m,17.0,15.1,1.9
2026-10-01 21:00:00,수원,GFS,2026-09-28 12:00:00,72,3,tcc,1.0,0.0,1.0
2026-10-01 21:00:00,수원,GFS,2026-09-28 00:00:00,84,3,dswrf,1.0,,
2026-10-01 21:00:00,수원,GFS,2026-09-28 00:00:00,84,3,t2m,17.2,15.1,2.1
2026-10-01 21:00:00,수원,GFS,2026-09-28 00:00:00,84,3,tcc,20.0,0.0,20.0
2026-10-01 21:00:00,수원,GFS,2026-09-27 18:00:00,90,3,dswrf,0.0,,
2026-10-01 21:00:00,수원,GFS,2026-09-27 18:00:00,90,3,t2m,16.1,15.1,1.0
2026-10-01 21:00:00,수원,GFS,2026-09-27 18:00:00,90,3,tcc,0.0,0.0,0.0
2026-10-01 21:00:00,수원,GFS,2026-09-27 12:00:00,96,4,dswrf,0.0,,
2026-10-01 21:00:00,수원,GFS,2026-09-27 12:00:00,96,4,t2m,16.2,15.1,1.1
2026-10-01 21:00:00,수원,GFS,2026-09-27 12:00:00,96,4,tcc,0.0,0.0,0.0
2026-10-01 21:00:00,수원,GFS,2026-09-27 00:00:00,108,4,dswrf,0.0,,
2026-10-01 21:00:00,수원,GFS,2026-09-27 00:00:00,108,4,t2m,16.2,15.1,1.1
2026-10-01 21:00:00,수원,GFS,2026-09-27 00:00:00,108,4,tcc,0.0,0.0,0.0
2026-10-01 21:00:00,수원,GFS,2026-09-26 18:00:00,114,4,dswrf,0.0,,
2026-10-01 21:00:00,수원,GFS,2026-09-26 18:00:00,114,4,t2m,16.6,15.1,1.5
2026-10-01 21:00:00,수원,GFS,2026-09-26 18:00:00,114,4,tcc,0.0,0.0,0.0
2026-10-01 21:00:00,수원,GFS,2026-09-26 00:00:00,132,5,dswrf,137.0,,
2026-10-01 21:00:00,수원,GFS,2026-09-26 00:00:00,132,5,t2m,18.4,15.1,3.3
2026-10-01 21:00:00,수원,GFS,2026-09-26 00:00:00,132,5,tcc,69.0,0.0,69.0
2026-10-01 21:00:00,수원,GFS,2026-09-25 18:00:00,138,5,dswrf,139.0,,
2026-10-01 21:00:00,수원,GFS,2026-09-25 18:00:00,138,5,t2m,17.9,15.1,2.8
2026-10-01 21:00:00,수원,GFS,2026-09-25 18:00:00,138,5,tcc,59.0,0.0,59.0
2026-10-01 21:00:00,수원,GFS,2026-09-25 12:00:00,144,6,dswrf,142.0,,
2026-10-01 21:00:00,수원,GFS,2026-09-25 12:00:00,144,6,t2m,17.7,15.1,2.6
2026-10-01 21:00:00,수원,GFS,2026-09-25 12:00:00,144,6,tcc,0.0,0.0,0.0
2026-10-01 21:00:00,수원,GFS,2026-09-25 00:00:00,156,6,dswrf,140.0,,
2026-10-01 21:00:00,수원,GFS,2026-09-25 00:00:00,156,6,t2m,17.6,15.1,2.5
2026-10-01 21:00:00,수원,GFS,2026-09-25 00:00:00,156,6,tcc,0.0,0.0,0.0
2026-10-01 21:00:00,수원,GFS,2026-09-24 18:00:00,162,6,dswrf,143.0,,
2026-10-01 21:00:00,수원,GFS,2026-09-24 18:00:00,162,6,t2m,17.4,15.1,2.3
2026-10-01 21:00:00,수원,GFS,2026-09-24 18:00:00,162,6,tcc,10.0,0.0,10.0
2026-10-01 21:00:00,수원,GFS,2026-09-24 12:00:00,168,7,dswrf,142.0,,
2026-10-01 21:00:00,수원,GFS,2026-09-24 12:00:00,168,7,t2m,17.7,15.1,2.6
2026-10-01 21:00:00,수원,GFS,2026-09-24 12:00:00,168,7,tcc,19.0,0.0,19.0
2026-10-01 21:00:00,수원,GFS,2026-09-24 00:00:00,180,7,dswrf,141.0,,
2026-10-01 21:00:00,수원,GFS,2026-09-24 00:00:00,180,7,t2m,18.0,15.1,2.9
2026-10-01 21:00:00,수원,GFS,2026-09-24 00:00:00,180,7,tcc,0.0,0.0,0.0
2026-10-01 21:00:00,수원,GFS,2026-09-23 18:00:00,186,7,dswrf,144.0,,
2026-10-01 21:00:00,수원,GFS,2026-09-23 18:00:00,186,7,t2m,17.2,15.1,2.1
2026-10-01 21:00:00,수원,GFS,2026-09-23 18:00:00,186,7,tcc,0.0,0.0,0.0
2026-10-01 21:00:00,수원,GFS,2026-09-23 12:00:00,192,8,dswrf,145.0,,
2026-10-01 21:00:00,수원,GFS,2026-09-23 12:00:00,192,8,t2m,16.9,15.1,1.8
2026-10-01 21:00:00,수원,GFS,2026-09-23 12:00:00,192,8,tcc,0.0,0.0,0.0
2026-10-01 21:00:00,수원,GFS,2026-09-23 00:00:00,204,8,dswrf,44.0,,
2026-10-01 21:00:00,수원,GFS,2026-09-23 00:00:00,204,8,t2m,16.1,15.1,1.0
2026-10-01 21:00:00,수원,GFS,2026-09-23 00:00:00,204,8,tcc,100.0,0.0,100.0
2026-10-01 21:00:00,수원,GFS,2026-09-22 18:00:00,210,8,dswrf,48.0,,
2026-10-01 21:00:00,수원,GFS,2026-09-22 18:00:00,210,8,t2m,16.6,15.1,1.5
2026-10-01 21:00:00,수원,GFS,2026-09-22 18:00:00,210,8,tcc,100.0,0.0,100.0
2026-10-01 21:00:00,수원,GFS,2026-09-22 12:00:00,216,9,dswrf,125.0,,
2026-10-01 21:00:00,수원,GFS,2026-09-22 12:00:00,216,9,t2m,21.8,15.1,6.7
2026-10-01 21:00:00,수원,GFS,2026-09-22 12:00:00,216,9,tcc,100.0,0.0,100.0
2026-10-01 21:00:00,수원,GFS,2026-09-22 00:00:00,228,9,dswrf,123.0,,
2026-10-01 21:00:00,수원,GFS,2026-09-22 00:00:00,228,9,t2m,17.9,15.1,2.8
2026-10-01 21:00:00,수원,GFS,2026-09-22 00:00:00,228,9,tcc,100.0,0.0,100.0
2026-10-01 21:00:00,수원,GFS,2026-09-21 18:00:00,234,9,dswrf,141.0,,
2026-10-01 21:00:00,수원,GFS,2026-09-21 18:00:00,234,9,t2m,18.5,15.1,3.4
2026-10-01 21:00:00,수원,GFS,2026-09-21 18:00:00,234,9,tcc,0.0,0.0,0.0
2026-10-01 21:00:00,수원,GFS,2026-09-21 12:00:00,240,10,dswrf,140.0,,
2026-10-01 21:00:00,수원,GFS,2026-09-21 12:00:00,240,10,t2m,15.9,15.1,0.8
2026-10-01 21:00:00,수원,GFS,2026-09-21 12:00:00,240,10,tcc,4.0,0.0,4.0
2026-10-01 21:00:00,수원,KIM,2026-10-01 12:00:00,0,0,t2m,14.8,15.1,-0.3
2026-10-01 21:00:00,수원,KIM,2026-10-01 12:00:00,0,0,tcc,0.0,0.0,0.0
2026-10-01 21:00:00,수원,KIM,2026-10-01 00:00:00,12,0,dswrf,0.0,,
2026-10-01 21:00:00,수원,KIM,2026-10-01 00:00:00,12,0,t2m,14.6,15.1,-0.5
2026-10-01 21:00:00,수원,KIM,2026-10-01 00:00:00,12,0,tcc,43.0,0.0,43.0
2026-10-01 21:00:00,수원,KIM,2026-09-30 12:00:00,24,1,dswrf,0.0,,
2026-10-01 21:00:00,수원,KIM,2026-09-30 12:00:00,24,1,t2m,14.4,15.1,-0.7
2026-10-01 21:00:00,수원,KIM,2026-09-30 12:00:00,24,1,tcc,25.0,0.0,25.0
2026-10-01 21:00:00,수원,KIM,2026-09-30 00:00:00,36,1,dswrf,0.0,,
2026-10-01 21:00:00,수원,KIM,2026-09-30 00:00:00,36,1,t2m,14.3,15.1,-0.8
2026-10-01 21:00:00,수원,KIM,2026-09-30 00:00:00,36,1,tcc,96.0,0.0,96.0
2026-10-01 21:00:00,수원,KIM,2026-09-29 12:00:00,48,2,dswrf,0.0,,
2026-10-01 21:00:00,수원,KIM,2026-09-29 12:00:00,48,2,t2m,14.8,15.1,-0.3
2026-10-01 21:00:00,수원,KIM,2026-09-29 12:00:00,48,2,tcc,0.0,0.0,0.0
2026-10-01 21:00:00,수원,KIM,2026-09-29 00:00:00,60,2,dswrf,0.0,,
2026-10-01 21:00:00,수원,KIM,2026-09-29 00:00:00,60,2,t2m,14.4,15.1,-0.7
2026-10-01 21:00:00,수원,KIM,2026-09-29 00:00:00,60,2,tcc,0.0,0.0,0.0
2026-10-01 21:00:00,수원,KIM,2026-09-28 12:00:00,72,3,dswrf,0.0,,
2026-10-01 21:00:00,수원,KIM,2026-09-28 12:00:00,72,3,t2m,14.3,15.1,-0.8
2026-10-01 21:00:00,수원,KIM,2026-09-28 12:00:00,72,3,tcc,0.0,0.0,0.0
2026-10-01 21:00:00,수원,KIM,2026-09-28 00:00:00,84,3,dswrf,0.0,,
2026-10-01 21:00:00,수원,KIM,2026-09-28 00:00:00,84,3,t2m,13.7,15.1,-1.4
2026-10-01 21:00:00,수원,KIM,2026-09-28 00:00:00,84,3,tcc,0.0,0.0,0.0
2026-10-01 21:00:00,수원,KIM,2026-09-27 12:00:00,96,4,dswrf,0.0,,
2026-10-01 21:00:00,수원,KIM,2026-09-27 12:00:00,96,4,t2m,14.3,15.1,-0.8
2026-10-01 21:00:00,수원,KIM,2026-09-27 12:00:00,96,4,tcc,0.0,0.0,0.0
2026-10-01 21:00:00,수원,KIM,2026-09-27 00:00:00,108,4,dswrf,0.0,,
2026-10-01 21:00:00,수원,KIM,2026-09-27 00:00:00,108,4,t2m,15.1,15.1,0.0
2026-10-01 21:00:00,수원,KIM,2026-09-27 00:00:00,108,4,tcc,0.0,0.0,0.0
2026-10-01 21:00:00,수원,KIM,2026-09-26 12:00:00,120,5,dswrf,0.0,,
2026-10-01 21:00:00,수원,KIM,2026-09-26 12:00:00,120,5,t2m,15.0,15.1,-0.1
2026-10-01 21:00:00,수원,KIM,2026-09-26 12:00:00,120,5,tcc,17.0,0.0,17.0
2026-10-01 21:00:00,수원,KIM,2026-09-26 00:00:00,132,5,t2m,13.8,15.1,-1.3
2026-10-01 21:00:00,수원,KIM,2026-09-26 00:00:00,132,5,tcc,5.0,0.0,5.0
2026-10-01 21:00:00,수원,KIM,2026-09-25 12:00:00,144,6,t2m,14.8,15.1,-0.3
2026-10-01 21:00:00,수원,KIM,2026-09-25 12:00:00,144,6,tcc,25.0,0.0,25.0
2026-10-01 21:00:00,수원,KIM,2026-09-25 00:00:00,156,6,t2m,14.4,15.1,-0.7
2026-10-01 21:00:00,수원,KIM,2026-09-25 00:00:00,156,6,tcc,0.0,0.0,0.0
2026-10-01 21:00:00,수원,KIM,2026-09-24 12:00:00,168,7,t2m,14.3,15.1,-0.8
2026-10-01 21:00:00,수원,KIM,2026-09-24 12:00:00,168,7,tcc,0.0,0.0,0.0
2026-10-01 21:00:00,수원,KIM,2026-09-24 00:00:00,180,7,t2m,12.7,15.1,-2.4
2026-10-01 21:00:00,수원,KIM,2026-09-24 00:00:00,180,7,tcc,0.0,0.0,0.0
2026-10-01 21:00:00,수원,KIM,2026-09-23 12:00:00,192,8,t2m,14.4,15.1,-0.7
2026-10-01 21:00:00,수원,KIM,2026-09-23 12:00:00,192,8,tcc,2.0,0.0,2.0
2026-10-01 21:00:00,수원,KIM,2026-09-23 00:00:00,204,8,t2m,12.0,15.1,-3.1
2026-10-01 21:00:00,수원,KIM,2026-09-23 00:00:00,204,8,tcc,0.0,0.0,0.0
2026-10-01 21:00:00,수원,KIM,2026-09-22 12:00:00,216,9,t2m,15.0,15.1,-0.1
2026-10-01 21:00:00,수원,KIM,2026-09-22 12:00:00,216,9,tcc,0.0,0.0,0.0
2026-10-01 21:00:00,수원,KIM,2026-09-22 00:00:00,228,9,t2m,14.5,15.1,-0.6
2026-10-01 21:00:00,수원,KIM,2026-09-22 00:00:00,228,9,tcc,73.0,0.0,73.0
2026-10-01 21:00:00,수원,KIM,2026-09-21 12:00:00,240,10,t2m,13.8,15.1,-1.3
2026-10-01 21:00:00,수원,KIM,2026-09-21 12:00:00,240,10,tcc,0.0,0.0,0.0
2026-10-01 21:00:00,수원,KIM,2026-09-21 00:00:00,252,10,t2m,14.0,15.1,-1.1
2026-10-01 21:00:00,수원,KIM,2026-09-21 00:00:00,252,10,tcc,0.0,0.0,0.0
2026-10-01 21:00:00,수원,KIM,2026-09-20 12:00:00,264,11,t2m,17.3,15.1,2.2
2026-10-01 21:00:00,수원,KIM,2026-09-20 12:00:00,264,11,tcc,2.0,0.0,2.0
2026-10-01 21:00:00,수원,KIM,2026-09-19 12:00:00,288,12,t2m,18.9,15.1,3.8
2026-10-01 21:00:00,수원,KIM,2026-09-19 12:00:00,288,12,tcc,99.0,0.0,99.0
2026-10-01 21:00:00,인천,ECMWF,2026-10-01 12:00:00,0,0,t2m,16.8,17.5,-0.7
2026-10-01 21:00:00,인천,ECMWF,2026-10-01 12:00:00,0,0,tcc,51.0,50.0,1.0
2026-10-01 21:00:00,인천,ECMWF,2026-09-30 12:00:00,24,1,dswrf,1.0,,
2026-10-01 21:00:00,인천,ECMWF,2026-09-30 12:00:00,24,1,t2m,16.8,17.5,-0.7
2026-10-01 21:00:00,인천,ECMWF,2026-09-30 12:00:00,24,1,tcc,18.0,50.0,-32.0
2026-10-01 21:00:00,인천,ECMWF,2026-09-29 12:00:00,48,2,dswrf,1.0,,
2026-10-01 21:00:00,인천,ECMWF,2026-09-29 12:00:00,48,2,t2m,16.8,17.5,-0.7
2026-10-01 21:00:00,인천,ECMWF,2026-09-29 12:00:00,48,2,tcc,92.0,50.0,42.0
2026-10-01 21:00:00,인천,ECMWF,2026-09-28 12:00:00,72,3,dswrf,1.0,,
2026-10-01 21:00:00,인천,ECMWF,2026-09-28 12:00:00,72,3,t2m,16.7,17.5,-0.8
2026-10-01 21:00:00,인천,ECMWF,2026-09-28 12:00:00,72,3,tcc,95.0,50.0,45.0
2026-10-01 21:00:00,인천,ECMWF,2026-09-28 00:00:00,84,3,dswrf,1.0,,
2026-10-01 21:00:00,인천,ECMWF,2026-09-28 00:00:00,84,3,t2m,15.7,17.5,-1.8
2026-10-01 21:00:00,인천,ECMWF,2026-09-28 00:00:00,84,3,tcc,71.0,50.0,21.0
2026-10-01 21:00:00,인천,ECMWF,2026-09-27 12:00:00,96,4,dswrf,1.0,,
2026-10-01 21:00:00,인천,ECMWF,2026-09-27 12:00:00,96,4,t2m,15.1,17.5,-2.4
2026-10-01 21:00:00,인천,ECMWF,2026-09-27 12:00:00,96,4,tcc,62.0,50.0,12.0
2026-10-01 21:00:00,인천,ECMWF,2026-09-26 12:00:00,120,5,dswrf,0.0,,
2026-10-01 21:00:00,인천,ECMWF,2026-09-26 12:00:00,120,5,t2m,15.6,17.5,-1.9
2026-10-01 21:00:00,인천,ECMWF,2026-09-26 12:00:00,120,5,tcc,4.0,50.0,-46.0
2026-10-01 21:00:00,인천,ECMWF,2026-09-25 12:00:00,144,6,dswrf,1.0,,
2026-10-01 21:00:00,인천,ECMWF,2026-09-25 12:00:00,144,6,t2m,13.5,17.5,-4.0
2026-10-01 21:00:00,인천,ECMWF,2026-09-25 12:00:00,144,6,tcc,0.0,50.0,-50.0
2026-10-01 21:00:00,인천,ECMWF,2026-09-24 12:00:00,168,7,dswrf,148.0,,
2026-10-01 21:00:00,인천,ECMWF,2026-09-24 12:00:00,168,7,t2m,14.3,17.5,-3.2
2026-10-01 21:00:00,인천,ECMWF,2026-09-24 12:00:00,168,7,tcc,0.0,50.0,-50.0
2026-10-01 21:00:00,인천,ECMWF,2026-09-23 12:00:00,192,8,dswrf,147.0,,
2026-10-01 21:00:00,인천,ECMWF,2026-09-23 12:00:00,192,8,t2m,15.7,17.5,-1.8
2026-10-01 21:00:00,인천,ECMWF,2026-09-23 12:00:00,192,8,tcc,0.0,50.0,-50.0
2026-10-01 21:00:00,인천,ECMWF,2026-09-22 12:00:00,216,9,dswrf,146.0,,
2026-10-01 21:00:00,인천,ECMWF,2026-09-22 12:00:00,216,9,t2m,16.2,17.5,-1.3
2026-10-01 21:00:00,인천,ECMWF,2026-09-22 12:00:00,216,9,tcc,0.0,50.0,-50.0
2026-10-01 21:00:00,인천,ECMWF,2026-09-21 12:00:00,240,10,dswrf,146.0,,
2026-10-01 21:00:00,인천,ECMWF,2026-09-21 12:00:00,240,10,t2m,15.7,17.5,-1.8
2026-10-01 21:00:00,인천,ECMWF,2026-09-21 12:00:00,240,10,tcc,0.0,50.0,-50.0
2026-10-01 21:00:00,인천,GFS,2026-10-01 12:00:00,0,0,t2m,17.6,17.5,0.1
2026-10-01 21:00:00,인천,GFS,2026-10-01 12:00:00,0,0,tcc,86.0,50.0,36.0
2026-10-01 21:00:00,인천,GFS,2026-10-01 00:00:00,12,0,dswrf,1.0,,
2026-10-01 21:00:00,인천,GFS,2026-10-01 00:00:00,12,0,t2m,17.8,17.5,0.3
2026-10-01 21:00:00,인천,GFS,2026-10-01 00:00:00,12,0,tcc,93.0,50.0,43.0
2026-10-01 21:00:00,인천,GFS,2026-09-30 18:00:00,18,0,dswrf,1.0,,
2026-10-01 21:00:00,인천,GFS,2026-09-30 18:00:00,18,0,t2m,17.6,17.5,0.1
2026-10-01 21:00:00,인천,GFS,2026-09-30 18:00:00,18,0,tcc,59.0,50.0,9.0
2026-10-01 21:00:00,인천,GFS,2026-09-30 12:00:00,24,1,dswrf,1.0,,
2026-10-01 21:00:00,인천,GFS,2026-09-30 12:00:00,24,1,t2m,17.2,17.5,-0.3
2026-10-01 21:00:00,인천,GFS,2026-09-30 12:00:00,24,1,tcc,42.0,50.0,-8.0
2026-10-01 21:00:00,인천,GFS,2026-09-30 00:00:00,36,1,dswrf,1.0,,
2026-10-01 21:00:00,인천,GFS,2026-09-30 00:00:00,36,1,t2m,16.9,17.5,-0.6
2026-10-01 21:00:00,인천,GFS,2026-09-30 00:00:00,36,1,tcc,13.0,50.0,-37.0
2026-10-01 21:00:00,인천,GFS,2026-09-29 18:00:00,42,1,dswrf,1.0,,
2026-10-01 21:00:00,인천,GFS,2026-09-29 18:00:00,42,1,t2m,16.8,17.5,-0.7
2026-10-01 21:00:00,인천,GFS,2026-09-29 18:00:00,42,1,tcc,7.0,50.0,-43.0
2026-10-01 21:00:00,인천,GFS,2026-09-29 12:00:00,48,2,dswrf,1.0,,
2026-10-01 21:00:00,인천,GFS,2026-09-29 12:00:00,48,2,t2m,16.9,17.5,-0.6
2026-10-01 21:00:00,인천,GFS,2026-09-29 12:00:00,48,2,tcc,3.0,50.0,-47.0
2026-10-01 21:00:00,인천,GFS,2026-09-29 00:00:00,60,2,dswrf,1.0,,
2026-10-01 21:00:00,인천,GFS,2026-09-29 00:00:00,60,2,t2m,17.0,17.5,-0.5
2026-10-01 21:00:00,인천,GFS,2026-09-29 00:00:00,60,2,tcc,0.0,50.0,-50.0
2026-10-01 21:00:00,인천,GFS,2026-09-28 18:00:00,66,2,dswrf,1.0,,
2026-10-01 21:00:00,인천,GFS,2026-09-28 18:00:00,66,2,t2m,16.8,17.5,-0.7
2026-10-01 21:00:00,인천,GFS,2026-09-28 18:00:00,66,2,tcc,9.0,50.0,-41.0
2026-10-01 21:00:00,인천,GFS,2026-09-28 12:00:00,72,3,dswrf,1.0,,
2026-10-01 21:00:00,인천,GFS,2026-09-28 12:00:00,72,3,t2m,17.1,17.5,-0.4
2026-10-01 21:00:00,인천,GFS,2026-09-28 12:00:00,72,3,tcc,0.0,50.0,-50.0
2026-10-01 21:00:00,인천,GFS,2026-09-28 00:00:00,84,3,dswrf,1.0,,
2026-10-01 21:00:00,인천,GFS,2026-09-28 00:00:00,84,3,t2m,17.7,17.5,0.2
2026-10-01 21:00:00,인천,GFS,2026-09-28 00:00:00,84,3,tcc,0.0,50.0,-50.0
2026-10-01 21:00:00,인천,GFS,2026-09-27 18:00:00,90,3,dswrf,1.0,,
2026-10-01 21:00:00,인천,GFS,2026-09-27 18:00:00,90,3,t2m,16.1,17.5,-1.4
2026-10-01 21:00:00,인천,GFS,2026-09-27 18:00:00,90,3,tcc,0.0,50.0,-50.0
2026-10-01 21:00:00,인천,GFS,2026-09-27 12:00:00,96,4,dswrf,1.0,,
2026-10-01 21:00:00,인천,GFS,2026-09-27 12:00:00,96,4,t2m,16.2,17.5,-1.3
2026-10-01 21:00:00,인천,GFS,2026-09-27 12:00:00,96,4,tcc,0.0,50.0,-50.0
2026-10-01 21:00:00,인천,GFS,2026-09-27 00:00:00,108,4,dswrf,1.0,,
2026-10-01 21:00:00,인천,GFS,2026-09-27 00:00:00,108,4,t2m,16.4,17.5,-1.1
2026-10-01 21:00:00,인천,GFS,2026-09-27 00:00:00,108,4,tcc,0.0,50.0,-50.0
2026-10-01 21:00:00,인천,GFS,2026-09-26 18:00:00,114,4,dswrf,1.0,,
2026-10-01 21:00:00,인천,GFS,2026-09-26 18:00:00,114,4,t2m,16.4,17.5,-1.1
2026-10-01 21:00:00,인천,GFS,2026-09-26 18:00:00,114,4,tcc,0.0,50.0,-50.0
2026-10-01 21:00:00,인천,GFS,2026-09-26 00:00:00,132,5,dswrf,139.0,,
2026-10-01 21:00:00,인천,GFS,2026-09-26 00:00:00,132,5,t2m,18.4,17.5,0.9
2026-10-01 21:00:00,인천,GFS,2026-09-26 00:00:00,132,5,tcc,19.0,50.0,-31.0
2026-10-01 21:00:00,인천,GFS,2026-09-25 18:00:00,138,5,dswrf,144.0,,
2026-10-01 21:00:00,인천,GFS,2026-09-25 18:00:00,138,5,t2m,18.6,17.5,1.1
2026-10-01 21:00:00,인천,GFS,2026-09-25 18:00:00,138,5,tcc,24.0,50.0,-26.0
2026-10-01 21:00:00,인천,GFS,2026-09-25 12:00:00,144,6,dswrf,143.0,,
2026-10-01 21:00:00,인천,GFS,2026-09-25 12:00:00,144,6,t2m,17.8,17.5,0.3
2026-10-01 21:00:00,인천,GFS,2026-09-25 12:00:00,144,6,tcc,0.0,50.0,-50.0
2026-10-01 21:00:00,인천,GFS,2026-09-25 00:00:00,156,6,dswrf,141.0,,
2026-10-01 21:00:00,인천,GFS,2026-09-25 00:00:00,156,6,t2m,17.9,17.5,0.4
2026-10-01 21:00:00,인천,GFS,2026-09-25 00:00:00,156,6,tcc,0.0,50.0,-50.0
2026-10-01 21:00:00,인천,GFS,2026-09-24 18:00:00,162,6,dswrf,144.0,,
2026-10-01 21:00:00,인천,GFS,2026-09-24 18:00:00,162,6,t2m,17.8,17.5,0.3
2026-10-01 21:00:00,인천,GFS,2026-09-24 18:00:00,162,6,tcc,0.0,50.0,-50.0
2026-10-01 21:00:00,인천,GFS,2026-09-24 12:00:00,168,7,dswrf,143.0,,
2026-10-01 21:00:00,인천,GFS,2026-09-24 12:00:00,168,7,t2m,19.1,17.5,1.6
2026-10-01 21:00:00,인천,GFS,2026-09-24 12:00:00,168,7,tcc,16.0,50.0,-34.0
2026-10-01 21:00:00,인천,GFS,2026-09-24 00:00:00,180,7,dswrf,143.0,,
2026-10-01 21:00:00,인천,GFS,2026-09-24 00:00:00,180,7,t2m,18.4,17.5,0.9
2026-10-01 21:00:00,인천,GFS,2026-09-24 00:00:00,180,7,tcc,0.0,50.0,-50.0
2026-10-01 21:00:00,인천,GFS,2026-09-23 18:00:00,186,7,dswrf,143.0,,
2026-10-01 21:00:00,인천,GFS,2026-09-23 18:00:00,186,7,t2m,19.4,17.5,1.9
2026-10-01 21:00:00,인천,GFS,2026-09-23 18:00:00,186,7,tcc,0.0,50.0,-50.0
2026-10-01 21:00:00,인천,GFS,2026-09-23 12:00:00,192,8,dswrf,145.0,,
2026-10-01 21:00:00,인천,GFS,2026-09-23 12:00:00,192,8,t2m,18.3,17.5,0.8
2026-10-01 21:00:00,인천,GFS,2026-09-23 12:00:00,192,8,tcc,0.0,50.0,-50.0
2026-10-01 21:00:00,인천,GFS,2026-09-23 00:00:00,204,8,dswrf,61.0,,
2026-10-01 21:00:00,인천,GFS,2026-09-23 00:00:00,204,8,t2m,15.6,17.5,-1.9
2026-10-01 21:00:00,인천,GFS,2026-09-23 00:00:00,204,8,tcc,100.0,50.0,50.0
2026-10-01 21:00:00,인천,GFS,2026-09-22 18:00:00,210,8,dswrf,68.0,,
2026-10-01 21:00:00,인천,GFS,2026-09-22 18:00:00,210,8,t2m,16.8,17.5,-0.7
2026-10-01 21:00:00,인천,GFS,2026-09-22 18:00:00,210,8,tcc,100.0,50.0,50.0
2026-10-01 21:00:00,인천,GFS,2026-09-22 12:00:00,216,9,dswrf,113.0,,
2026-10-01 21:00:00,인천,GFS,2026-09-22 12:00:00,216,9,t2m,22.1,17.5,4.6
2026-10-01 21:00:00,인천,GFS,2026-09-22 12:00:00,216,9,tcc,100.0,50.0,50.0
2026-10-01 21:00:00,인천,GFS,2026-09-22 00:00:00,228,9,dswrf,133.0,,
2026-10-01 21:00:00,인천,GFS,2026-09-22 00:00:00,228,9,t2m,18.8,17.5,1.3
2026-10-01 21:00:00,인천,GFS,2026-09-22 00:00:00,228,9,tcc,100.0,50.0,50.0
2026-10-01 21:00:00,인천,GFS,2026-09-21 18:00:00,234,9,dswrf,140.0,,
2026-10-01 21:00:00,인천,GFS,2026-09-21 18:00:00,234,9,t2m,19.2,17.5,1.7
2026-10-01 21:00:00,인천,GFS,2026-09-21 18:00:00,234,9,tcc,6.0,50.0,-44.0
2026-10-01 21:00:00,인천,GFS,2026-09-21 12:00:00,240,10,dswrf,142.0,,
2026-10-01 21:00:00,인천,GFS,2026-09-21 12:00:00,240,10,t2m,15.9,17.5,-1.6
2026-10-01 21:00:00,인천,GFS,2026-09-21 12:00:00,240,10,tcc,2.0,50.0,-48.0
2026-10-01 21:00:00,인천,KIM,2026-10-01 12:00:00,0,0,t2m,13.8,17.5,-3.7
2026-10-01 21:00:00,인천,KIM,2026-10-01 12:00:00,0,0,tcc,0.0,50.0,-50.0
2026-10-01 21:00:00,인천,KIM,2026-10-01 00:00:00,12,0,dswrf,0.0,,
2026-10-01 21:00:00,인천,KIM,2026-10-01 00:00:00,12,0,t2m,14.0,17.5,-3.5
2026-10-01 21:00:00,인천,KIM,2026-10-01 00:00:00,12,0,tcc,26.0,50.0,-24.0
2026-10-01 21:00:00,인천,KIM,2026-09-30 12:00:00,24,1,dswrf,0.0,,
2026-10-01 21:00:00,인천,KIM,2026-09-30 12:00:00,24,1,t2m,13.8,17.5,-3.7
2026-10-01 21:00:00,인천,KIM,2026-09-30 12:00:00,24,1,tcc,25.0,50.0,-25.0
2026-10-01 21:00:00,인천,KIM,2026-09-30 00:00:00,36,1,dswrf,0.0,,
2026-10-01 21:00:00,인천,KIM,2026-09-30 00:00:00,36,1,t2m,14.1,17.5,-3.4
2026-10-01 21:00:00,인천,KIM,2026-09-30 00:00:00,36,1,tcc,58.0,50.0,8.0
2026-10-01 21:00:00,인천,KIM,2026-09-29 12:00:00,48,2,dswrf,0.0,,
2026-10-01 21:00:00,인천,KIM,2026-09-29 12:00:00,48,2,t2m,13.6,17.5,-3.9
2026-10-01 21:00:00,인천,KIM,2026-09-29 12:00:00,48,2,tcc,0.0,50.0,-50.0
2026-10-01 21:00:00,인천,KIM,2026-09-29 00:00:00,60,2,dswrf,0.0,,
2026-10-01 21:00:00,인천,KIM,2026-09-29 00:00:00,60,2,t2m,13.4,17.5,-4.1
2026-10-01 21:00:00,인천,KIM,2026-09-29 00:00:00,60,2,tcc,0.0,50.0,-50.0
2026-10-01 21:00:00,인천,KIM,2026-09-28 12:00:00,72,3,dswrf,0.0,,
2026-10-01 21:00:00,인천,KIM,2026-09-28 12:00:00,72,3,t2m,13.3,17.5,-4.2
2026-10-01 21:00:00,인천,KIM,2026-09-28 12:00:00,72,3,tcc,0.0,50.0,-50.0
2026-10-01 21:00:00,인천,KIM,2026-09-28 00:00:00,84,3,dswrf,0.0,,
2026-10-01 21:00:00,인천,KIM,2026-09-28 00:00:00,84,3,t2m,13.9,17.5,-3.6
2026-10-01 21:00:00,인천,KIM,2026-09-28 00:00:00,84,3,tcc,0.0,50.0,-50.0
2026-10-01 21:00:00,인천,KIM,2026-09-27 12:00:00,96,4,dswrf,0.0,,
2026-10-01 21:00:00,인천,KIM,2026-09-27 12:00:00,96,4,t2m,13.6,17.5,-3.9
2026-10-01 21:00:00,인천,KIM,2026-09-27 12:00:00,96,4,tcc,0.0,50.0,-50.0
2026-10-01 21:00:00,인천,KIM,2026-09-27 00:00:00,108,4,dswrf,0.0,,
2026-10-01 21:00:00,인천,KIM,2026-09-27 00:00:00,108,4,t2m,14.3,17.5,-3.2
2026-10-01 21:00:00,인천,KIM,2026-09-27 00:00:00,108,4,tcc,0.0,50.0,-50.0
2026-10-01 21:00:00,인천,KIM,2026-09-26 12:00:00,120,5,dswrf,0.0,,
2026-10-01 21:00:00,인천,KIM,2026-09-26 12:00:00,120,5,t2m,14.8,17.5,-2.7
2026-10-01 21:00:00,인천,KIM,2026-09-26 12:00:00,120,5,tcc,0.0,50.0,-50.0
2026-10-01 21:00:00,인천,KIM,2026-09-26 00:00:00,132,5,t2m,13.2,17.5,-4.3
2026-10-01 21:00:00,인천,KIM,2026-09-26 00:00:00,132,5,tcc,0.0,50.0,-50.0
2026-10-01 21:00:00,인천,KIM,2026-09-25 12:00:00,144,6,t2m,13.4,17.5,-4.1
2026-10-01 21:00:00,인천,KIM,2026-09-25 12:00:00,144,6,tcc,2.0,50.0,-48.0
2026-10-01 21:00:00,인천,KIM,2026-09-25 00:00:00,156,6,t2m,13.4,17.5,-4.1
2026-10-01 21:00:00,인천,KIM,2026-09-25 00:00:00,156,6,tcc,8.0,50.0,-42.0
2026-10-01 21:00:00,인천,KIM,2026-09-24 12:00:00,168,7,t2m,13.6,17.5,-3.9
2026-10-01 21:00:00,인천,KIM,2026-09-24 12:00:00,168,7,tcc,0.0,50.0,-50.0
2026-10-01 21:00:00,인천,KIM,2026-09-24 00:00:00,180,7,t2m,12.2,17.5,-5.3
2026-10-01 21:00:00,인천,KIM,2026-09-24 00:00:00,180,7,tcc,0.0,50.0,-50.0
2026-10-01 21:00:00,인천,KIM,2026-09-23 12:00:00,192,8,t2m,13.4,17.5,-4.1
2026-10-01 21:00:00,인천,KIM,2026-09-23 12:00:00,192,8,tcc,0.0,50.0,-50.0
2026-10-01 21:00:00,인천,KIM,2026-09-23 00:00:00,204,8,t2m,11.7,17.5,-5.8
2026-10-01 21:00:00,인천,KIM,2026-09-23 00:00:00,204,8,tcc,0.0,50.0,-50.0
2026-10-01 21:00:00,인천,KIM,2026-09-22 12:00:00,216,9,t2m,13.9,17.5,-3.6
2026-10-01 21:00:00,인천,KIM,2026-09-22 12:00:00,216,9,tcc,0.0,50.0,-50.0
2026-10-01 21:00:00,인천,KIM,2026-09-22 00:00:00,228,9,t2m,14.4,17.5,-3.1
2026-10-01 21:00:00,인천,KIM,2026-09-22 00:00:00,228,9,tcc,80.0,50.0,30.0
2026-10-01 21:00:00,인천,KIM,2026-09-21 12:00:00,240,10,t2m,13.4,17.5,-4.1
2026-10-01 21:00:00,인천,KIM,2026-09-21 12:00:00,240,10,tcc,0.0,50.0,-50.0
2026-10-01 21:00:00,인천,KIM,2026-09-21 00:00:00,252,10,t2m,13.6,17.5,-3.9
2026-10-01 21:00:00,인천,KIM,2026-09-21 00:00:00,252,10,tcc,0.0,50.0,-50.0
2026-10-01 21:00:00,인천,KIM,2026-09-20 12:00:00,264,11,t2m,16.5,17.5,-1.0
2026-10-01 21:00:00,인천,KIM,2026-09-20 12:00:00,264,11,tcc,0.0,50.0,-50.0
2026-10-01 21:00:00,인천,KIM,2026-09-19 12:00:00,288,12,t2m,18.4,17.5,0.9
2026-10-01 21:00:00,인천,KIM,2026-09-19 12:00:00,288,12,tcc,100.0,50.0,50.0
2026-10-01 21:00:00,전주,ECMWF,2026-10-01 12:00:00,0,0,t2m,14.5,15.6,-1.1
2026-10-01 21:00:00,전주,ECMWF,2026-10-01 12:00:00,0,0,tcc,4.0,20.0,-16.0
2026-10-01 21:00:00,전주,ECMWF,2026-09-30 12:00:00,24,1,dswrf,1.0,,
2026-10-01 21:00:00,전주,ECMWF,2026-09-30 12:00:00,24,1,t2m,14.0,15.6,-1.6
2026-10-01 21:00:00,전주,ECMWF,2026-09-30 12:00:00,24,1,tcc,13.0,20.0,-7.0
2026-10-01 21:00:00,전주,ECMWF,2026-09-29 12:00:00,48,2,dswrf,1.0,,
2026-10-01 21:00:00,전주,ECMWF,2026-09-29 12:00:00,48,2,t2m,14.5,15.6,-1.1
2026-10-01 21:00:00,전주,ECMWF,2026-09-29 12:00:00,48,2,tcc,33.0,20.0,13.0
2026-10-01 21:00:00,전주,ECMWF,2026-09-28 12:00:00,72,3,dswrf,1.0,,
2026-10-01 21:00:00,전주,ECMWF,2026-09-28 12:00:00,72,3,t2m,14.6,15.6,-1.0
2026-10-01 21:00:00,전주,ECMWF,2026-09-28 12:00:00,72,3,tcc,97.0,20.0,77.0
2026-10-01 21:00:00,전주,ECMWF,2026-09-28 00:00:00,84,3,dswrf,1.0,,
2026-10-01 21:00:00,전주,ECMWF,2026-09-28 00:00:00,84,3,t2m,14.4,15.6,-1.2
2026-10-01 21:00:00,전주,ECMWF,2026-09-28 00:00:00,84,3,tcc,89.0,20.0,69.0
2026-10-01 21:00:00,전주,ECMWF,2026-09-27 12:00:00,96,4,dswrf,1.0,,
2026-10-01 21:00:00,전주,ECMWF,2026-09-27 12:00:00,96,4,t2m,15.0,15.6,-0.6
2026-10-01 21:00:00,전주,ECMWF,2026-09-27 12:00:00,96,4,tcc,84.0,20.0,64.0
2026-10-01 21:00:00,전주,ECMWF,2026-09-26 12:00:00,120,5,dswrf,1.0,,
2026-10-01 21:00:00,전주,ECMWF,2026-09-26 12:00:00,120,5,t2m,14.0,15.6,-1.6
2026-10-01 21:00:00,전주,ECMWF,2026-09-26 12:00:00,120,5,tcc,37.0,20.0,17.0
2026-10-01 21:00:00,전주,ECMWF,2026-09-25 12:00:00,144,6,dswrf,0.0,,
2026-10-01 21:00:00,전주,ECMWF,2026-09-25 12:00:00,144,6,t2m,14.6,15.6,-1.0
2026-10-01 21:00:00,전주,ECMWF,2026-09-25 12:00:00,144,6,tcc,82.0,20.0,62.0
2026-10-01 21:00:00,전주,ECMWF,2026-09-24 12:00:00,168,7,dswrf,146.0,,
2026-10-01 21:00:00,전주,ECMWF,2026-09-24 12:00:00,168,7,t2m,14.6,15.6,-1.0
2026-10-01 21:00:00,전주,ECMWF,2026-09-24 12:00:00,168,7,tcc,96.0,20.0,76.0
2026-10-01 21:00:00,전주,ECMWF,2026-09-23 12:00:00,192,8,dswrf,152.0,,
2026-10-01 21:00:00,전주,ECMWF,2026-09-23 12:00:00,192,8,t2m,13.9,15.6,-1.7
2026-10-01 21:00:00,전주,ECMWF,2026-09-23 12:00:00,192,8,tcc,0.0,20.0,-20.0
2026-10-01 21:00:00,전주,ECMWF,2026-09-22 12:00:00,216,9,dswrf,150.0,,
2026-10-01 21:00:00,전주,ECMWF,2026-09-22 12:00:00,216,9,t2m,14.1,15.6,-1.5
2026-10-01 21:00:00,전주,ECMWF,2026-09-22 12:00:00,216,9,tcc,0.0,20.0,-20.0
2026-10-01 21:00:00,전주,ECMWF,2026-09-21 12:00:00,240,10,dswrf,114.0,,
2026-10-01 21:00:00,전주,ECMWF,2026-09-21 12:00:00,240,10,t2m,15.1,15.6,-0.5
2026-10-01 21:00:00,전주,ECMWF,2026-09-21 12:00:00,240,10,tcc,8.0,20.0,-12.0
2026-10-01 21:00:00,전주,GFS,2026-10-01 12:00:00,0,0,t2m,13.0,15.6,-2.6
2026-10-01 21:00:00,전주,GFS,2026-10-01 12:00:00,0,0,tcc,16.0,20.0,-4.0
2026-10-01 21:00:00,전주,GFS,2026-10-01 00:00:00,12,0,dswrf,1.0,,
2026-10-01 21:00:00,전주,GFS,2026-10-01 00:00:00,12,0,t2m,12.6,15.6,-3.0
2026-10-01 21:00:00,전주,GFS,2026-10-01 00:00:00,12,0,tcc,31.0,20.0,11.0
2026-10-01 21:00:00,전주,GFS,2026-09-30 18:00:00,18,0,dswrf,1.0,,
2026-10-01 21:00:00,전주,GFS,2026-09-30 18:00:00,18,0,t2m,12.4,15.6,-3.2
2026-10-01 21:00:00,전주,GFS,2026-09-30 18:00:00,18,0,tcc,77.0,20.0,57.0
2026-10-01 21:00:00,전주,GFS,2026-09-30 12:00:00,24,1,dswrf,1.0,,
2026-10-01 21:00:00,전주,GFS,2026-09-30 12:00:00,24,1,t2m,12.8,15.6,-2.8
2026-10-01 21:00:00,전주,GFS,2026-09-30 12:00:00,24,1,tcc,7.0,20.0,-13.0
2026-10-01 21:00:00,전주,GFS,2026-09-30 00:00:00,36,1,dswrf,1.0,,
2026-10-01 21:00:00,전주,GFS,2026-09-30 00:00:00,36,1,t2m,13.5,15.6,-2.1
2026-10-01 21:00:00,전주,GFS,2026-09-30 00:00:00,36,1,tcc,51.0,20.0,31.0
2026-10-01 21:00:00,전주,GFS,2026-09-29 18:00:00,42,1,dswrf,1.0,,
2026-10-01 21:00:00,전주,GFS,2026-09-29 18:00:00,42,1,t2m,13.4,15.6,-2.2
2026-10-01 21:00:00,전주,GFS,2026-09-29 18:00:00,42,1,tcc,78.0,20.0,58.0
2026-10-01 21:00:00,전주,GFS,2026-09-29 12:00:00,48,2,dswrf,1.0,,
2026-10-01 21:00:00,전주,GFS,2026-09-29 12:00:00,48,2,t2m,13.7,15.6,-1.9
2026-10-01 21:00:00,전주,GFS,2026-09-29 12:00:00,48,2,tcc,55.0,20.0,35.0
2026-10-01 21:00:00,전주,GFS,2026-09-29 00:00:00,60,2,dswrf,1.0,,
2026-10-01 21:00:00,전주,GFS,2026-09-29 00:00:00,60,2,t2m,14.1,15.6,-1.5
2026-10-01 21:00:00,전주,GFS,2026-09-29 00:00:00,60,2,tcc,100.0,20.0,80.0
2026-10-01 21:00:00,전주,GFS,2026-09-28 18:00:00,66,2,dswrf,1.0,,
2026-10-01 21:00:00,전주,GFS,2026-09-28 18:00:00,66,2,t2m,13.5,15.6,-2.1
2026-10-01 21:00:00,전주,GFS,2026-09-28 18:00:00,66,2,tcc,89.0,20.0,69.0
2026-10-01 21:00:00,전주,GFS,2026-09-28 12:00:00,72,3,dswrf,1.0,,
2026-10-01 21:00:00,전주,GFS,2026-09-28 12:00:00,72,3,t2m,13.4,15.6,-2.2
2026-10-01 21:00:00,전주,GFS,2026-09-28 12:00:00,72,3,tcc,16.0,20.0,-4.0
2026-10-01 21:00:00,전주,GFS,2026-09-28 00:00:00,84,3,dswrf,1.0,,
2026-10-01 21:00:00,전주,GFS,2026-09-28 00:00:00,84,3,t2m,13.4,15.6,-2.2
2026-10-01 21:00:00,전주,GFS,2026-09-28 00:00:00,84,3,tcc,87.0,20.0,67.0
2026-10-01 21:00:00,전주,GFS,2026-09-27 18:00:00,90,3,dswrf,1.0,,
2026-10-01 21:00:00,전주,GFS,2026-09-27 18:00:00,90,3,t2m,13.1,15.6,-2.5
2026-10-01 21:00:00,전주,GFS,2026-09-27 18:00:00,90,3,tcc,27.0,20.0,7.0
2026-10-01 21:00:00,전주,GFS,2026-09-27 12:00:00,96,4,dswrf,1.0,,
2026-10-01 21:00:00,전주,GFS,2026-09-27 12:00:00,96,4,t2m,13.0,15.6,-2.6
2026-10-01 21:00:00,전주,GFS,2026-09-27 12:00:00,96,4,tcc,12.0,20.0,-8.0
2026-10-01 21:00:00,전주,GFS,2026-09-27 00:00:00,108,4,dswrf,1.0,,
2026-10-01 21:00:00,전주,GFS,2026-09-27 00:00:00,108,4,t2m,13.1,15.6,-2.5
2026-10-01 21:00:00,전주,GFS,2026-09-27 00:00:00,108,4,tcc,0.0,20.0,-20.0
2026-10-01 21:00:00,전주,GFS,2026-09-26 18:00:00,114,4,dswrf,1.0,,
2026-10-01 21:00:00,전주,GFS,2026-09-26 18:00:00,114,4,t2m,12.9,15.6,-2.7
2026-10-01 21:00:00,전주,GFS,2026-09-26 18:00:00,114,4,tcc,0.0,20.0,-20.0
2026-10-01 21:00:00,전주,GFS,2026-09-26 00:00:00,132,5,dswrf,141.0,,
2026-10-01 21:00:00,전주,GFS,2026-09-26 00:00:00,132,5,t2m,13.7,15.6,-1.9
2026-10-01 21:00:00,전주,GFS,2026-09-26 00:00:00,132,5,tcc,80.0,20.0,60.0
2026-10-01 21:00:00,전주,GFS,2026-09-25 18:00:00,138,5,dswrf,144.0,,
2026-10-01 21:00:00,전주,GFS,2026-09-25 18:00:00,138,5,t2m,12.7,15.6,-2.9
2026-10-01 21:00:00,전주,GFS,2026-09-25 18:00:00,138,5,tcc,14.0,20.0,-6.0
2026-10-01 21:00:00,전주,GFS,2026-09-25 12:00:00,144,6,dswrf,144.0,,
2026-10-01 21:00:00,전주,GFS,2026-09-25 12:00:00,144,6,t2m,13.8,15.6,-1.8
2026-10-01 21:00:00,전주,GFS,2026-09-25 12:00:00,144,6,tcc,80.0,20.0,60.0
2026-10-01 21:00:00,전주,GFS,2026-09-25 00:00:00,156,6,dswrf,147.0,,
2026-10-01 21:00:00,전주,GFS,2026-09-25 00:00:00,156,6,t2m,13.9,15.6,-1.7
2026-10-01 21:00:00,전주,GFS,2026-09-25 00:00:00,156,6,tcc,5.0,20.0,-15.0
2026-10-01 21:00:00,전주,GFS,2026-09-24 18:00:00,162,6,dswrf,125.0,,
2026-10-01 21:00:00,전주,GFS,2026-09-24 18:00:00,162,6,t2m,12.9,15.6,-2.7
2026-10-01 21:00:00,전주,GFS,2026-09-24 18:00:00,162,6,tcc,98.0,20.0,78.0
2026-10-01 21:00:00,전주,GFS,2026-09-24 12:00:00,168,7,dswrf,138.0,,
2026-10-01 21:00:00,전주,GFS,2026-09-24 12:00:00,168,7,t2m,12.8,15.6,-2.8
2026-10-01 21:00:00,전주,GFS,2026-09-24 12:00:00,168,7,tcc,0.0,20.0,-20.0
2026-10-01 21:00:00,전주,GFS,2026-09-24 00:00:00,180,7,dswrf,147.0,,
2026-10-01 21:00:00,전주,GFS,2026-09-24 00:00:00,180,7,t2m,12.9,15.6,-2.7
2026-10-01 21:00:00,전주,GFS,2026-09-24 00:00:00,180,7,tcc,2.0,20.0,-18.0
2026-10-01 21:00:00,전주,GFS,2026-09-23 18:00:00,186,7,dswrf,146.0,,
2026-10-01 21:00:00,전주,GFS,2026-09-23 18:00:00,186,7,t2m,12.4,15.6,-3.2
2026-10-01 21:00:00,전주,GFS,2026-09-23 18:00:00,186,7,tcc,2.0,20.0,-18.0
2026-10-01 21:00:00,전주,GFS,2026-09-23 12:00:00,192,8,dswrf,143.0,,
2026-10-01 21:00:00,전주,GFS,2026-09-23 12:00:00,192,8,t2m,11.6,15.6,-4.0
2026-10-01 21:00:00,전주,GFS,2026-09-23 12:00:00,192,8,tcc,72.0,20.0,52.0
2026-10-01 21:00:00,전주,GFS,2026-09-23 00:00:00,204,8,dswrf,20.0,,
2026-10-01 21:00:00,전주,GFS,2026-09-23 00:00:00,204,8,t2m,15.1,15.6,-0.5
2026-10-01 21:00:00,전주,GFS,2026-09-23 00:00:00,204,8,tcc,99.0,20.0,79.0
2026-10-01 21:00:00,전주,GFS,2026-09-22 18:00:00,210,8,dswrf,27.0,,
2026-10-01 21:00:00,전주,GFS,2026-09-22 18:00:00,210,8,t2m,14.4,15.6,-1.2
2026-10-01 21:00:00,전주,GFS,2026-09-22 18:00:00,210,8,tcc,100.0,20.0,80.0
2026-10-01 21:00:00,전주,GFS,2026-09-22 12:00:00,216,9,dswrf,120.0,,
2026-10-01 21:00:00,전주,GFS,2026-09-22 12:00:00,216,9,t2m,19.2,15.6,3.6
2026-10-01 21:00:00,전주,GFS,2026-09-22 12:00:00,216,9,tcc,100.0,20.0,80.0
2026-10-01 21:00:00,전주,GFS,2026-09-22 00:00:00,228,9,dswrf,145.0,,
2026-10-01 21:00:00,전주,GFS,2026-09-22 00:00:00,228,9,t2m,14.9,15.6,-0.7
2026-10-01 21:00:00,전주,GFS,2026-09-22 00:00:00,228,9,tcc,100.0,20.0,80.0
2026-10-01 21:00:00,전주,GFS,2026-09-21 18:00:00,234,9,dswrf,140.0,,
2026-10-01 21:00:00,전주,GFS,2026-09-21 18:00:00,234,9,t2m,14.4,15.6,-1.2
2026-10-01 21:00:00,전주,GFS,2026-09-21 18:00:00,234,9,tcc,73.0,20.0,53.0
2026-10-01 21:00:00,전주,GFS,2026-09-21 12:00:00,240,10,dswrf,144.0,,
2026-10-01 21:00:00,전주,GFS,2026-09-21 12:00:00,240,10,t2m,12.6,15.6,-3.0
2026-10-01 21:00:00,전주,GFS,2026-09-21 12:00:00,240,10,tcc,0.0,20.0,-20.0
2026-10-01 21:00:00,전주,KIM,2026-10-01 12:00:00,0,0,t2m,13.9,15.6,-1.7
2026-10-01 21:00:00,전주,KIM,2026-10-01 12:00:00,0,0,tcc,12.0,20.0,-8.0
2026-10-01 21:00:00,전주,KIM,2026-10-01 00:00:00,12,0,dswrf,0.0,,
2026-10-01 21:00:00,전주,KIM,2026-10-01 00:00:00,12,0,t2m,13.7,15.6,-1.9
2026-10-01 21:00:00,전주,KIM,2026-10-01 00:00:00,12,0,tcc,16.0,20.0,-4.0
2026-10-01 21:00:00,전주,KIM,2026-09-30 12:00:00,24,1,dswrf,0.0,,
2026-10-01 21:00:00,전주,KIM,2026-09-30 12:00:00,24,1,t2m,14.2,15.6,-1.4
2026-10-01 21:00:00,전주,KIM,2026-09-30 12:00:00,24,1,tcc,37.0,20.0,17.0
2026-10-01 21:00:00,전주,KIM,2026-09-30 00:00:00,36,1,dswrf,0.0,,
2026-10-01 21:00:00,전주,KIM,2026-09-30 00:00:00,36,1,t2m,13.9,15.6,-1.7
2026-10-01 21:00:00,전주,KIM,2026-09-30 00:00:00,36,1,tcc,75.0,20.0,55.0
2026-10-01 21:00:00,전주,KIM,2026-09-29 12:00:00,48,2,dswrf,0.0,,
2026-10-01 21:00:00,전주,KIM,2026-09-29 12:00:00,48,2,t2m,13.9,15.6,-1.7
2026-10-01 21:00:00,전주,KIM,2026-09-29 12:00:00,48,2,tcc,79.0,20.0,59.0
2026-10-01 21:00:00,전주,KIM,2026-09-29 00:00:00,60,2,dswrf,0.0,,
2026-10-01 21:00:00,전주,KIM,2026-09-29 00:00:00,60,2,t2m,14.1,15.6,-1.5
2026-10-01 21:00:00,전주,KIM,2026-09-29 00:00:00,60,2,tcc,0.0,20.0,-20.0
2026-10-01 21:00:00,전주,KIM,2026-09-28 12:00:00,72,3,dswrf,0.0,,
2026-10-01 21:00:00,전주,KIM,2026-09-28 12:00:00,72,3,t2m,14.2,15.6,-1.4
2026-10-01 21:00:00,전주,KIM,2026-09-28 12:00:00,72,3,tcc,0.0,20.0,-20.0
2026-10-01 21:00:00,전주,KIM,2026-09-28 00:00:00,84,3,dswrf,0.0,,
2026-10-01 21:00:00,전주,KIM,2026-09-28 00:00:00,84,3,t2m,13.6,15.6,-2.0
2026-10-01 21:00:00,전주,KIM,2026-09-28 00:00:00,84,3,tcc,23.0,20.0,3.0
2026-10-01 21:00:00,전주,KIM,2026-09-27 12:00:00,96,4,dswrf,0.0,,
2026-10-01 21:00:00,전주,KIM,2026-09-27 12:00:00,96,4,t2m,14.8,15.6,-0.8
2026-10-01 21:00:00,전주,KIM,2026-09-27 12:00:00,96,4,tcc,1.0,20.0,-19.0
2026-10-01 21:00:00,전주,KIM,2026-09-27 00:00:00,108,4,dswrf,0.0,,
2026-10-01 21:00:00,전주,KIM,2026-09-27 00:00:00,108,4,t2m,15.1,15.6,-0.5
2026-10-01 21:00:00,전주,KIM,2026-09-27 00:00:00,108,4,tcc,21.0,20.0,1.0
2026-10-01 21:00:00,전주,KIM,2026-09-26 12:00:00,120,5,dswrf,0.0,,
2026-10-01 21:00:00,전주,KIM,2026-09-26 12:00:00,120,5,t2m,16.4,15.6,0.8
2026-10-01 21:00:00,전주,KIM,2026-09-26 12:00:00,120,5,tcc,16.0,20.0,-4.0
2026-10-01 21:00:00,전주,KIM,2026-09-26 00:00:00,132,5,t2m,14.8,15.6,-0.8
2026-10-01 21:00:00,전주,KIM,2026-09-26 00:00:00,132,5,tcc,50.0,20.0,30.0
2026-10-01 21:00:00,전주,KIM,2026-09-25 12:00:00,144,6,t2m,15.4,15.6,-0.2
2026-10-01 21:00:00,전주,KIM,2026-09-25 12:00:00,144,6,tcc,98.0,20.0,78.0
2026-10-01 21:00:00,전주,KIM,2026-09-25 00:00:00,156,6,t2m,13.8,15.6,-1.8
2026-10-01 21:00:00,전주,KIM,2026-09-25 00:00:00,156,6,tcc,4.0,20.0,-16.0
2026-10-01 21:00:00,전주,KIM,2026-09-24 12:00:00,168,7,t2m,13.4,15.6,-2.2
2026-10-01 21:00:00,전주,KIM,2026-09-24 12:00:00,168,7,tcc,9.0,20.0,-11.0
2026-10-01 21:00:00,전주,KIM,2026-09-24 00:00:00,180,7,t2m,13.2,15.6,-2.4
2026-10-01 21:00:00,전주,KIM,2026-09-24 00:00:00,180,7,tcc,0.0,20.0,-20.0
2026-10-01 21:00:00,전주,KIM,2026-09-23 12:00:00,192,8,t2m,15.4,15.6,-0.2
2026-10-01 21:00:00,전주,KIM,2026-09-23 12:00:00,192,8,tcc,95.0,20.0,75.0
2026-10-01 21:00:00,전주,KIM,2026-09-23 00:00:00,204,8,t2m,11.7,15.6,-3.9
2026-10-01 21:00:00,전주,KIM,2026-09-23 00:00:00,204,8,tcc,0.0,20.0,-20.0
2026-10-01 21:00:00,전주,KIM,2026-09-22 12:00:00,216,9,t2m,16.1,15.6,0.5
2026-10-01 21:00:00,전주,KIM,2026-09-22 12:00:00,216,9,tcc,21.0,20.0,1.0
2026-10-01 21:00:00,전주,KIM,2026-09-22 00:00:00,228,9,t2m,17.2,15.6,1.6
2026-10-01 21:00:00,전주,KIM,2026-09-22 00:00:00,228,9,tcc,87.0,20.0,67.0
2026-10-01 21:00:00,전주,KIM,2026-09-21 12:00:00,240,10,t2m,14.5,15.6,-1.1
2026-10-01 21:00:00,전주,KIM,2026-09-21 12:00:00,240,10,tcc,4.0,20.0,-16.0
2026-10-01 21:00:00,전주,KIM,2026-09-21 00:00:00,252,10,t2m,14.1,15.6,-1.5
2026-10-01 21:00:00,전주,KIM,2026-09-21 00:00:00,252,10,tcc,1.0,20.0,-19.0
2026-10-01 21:00:00,전주,KIM,2026-09-20 12:00:00,264,11,t2m,19.0,15.6,3.4
2026-10-01 21:00:00,전주,KIM,2026-09-20 12:00:00,264,11,tcc,94.0,20.0,74.0
2026-10-01 21:00:00,전주,KIM,2026-09-19 12:00:00,288,12,t2m,19.2,15.6,3.6
2026-10-01 21:00:00,전주,KIM,2026-09-19 12:00:00,288,12,tcc,97.0,20.0,77.0
2026-10-01 21:00:00,제주,ECMWF,2026-10-01 12:00:00,0,0,t2m,18.8,20.5,-1.7
2026-10-01 21:00:00,제주,ECMWF,2026-10-01 12:00:00,0,0,tcc,20.0,0.0,20.0
2026-10-01 21:00:00,제주,ECMWF,2026-09-30 12:00:00,24,1,dswrf,1.0,,
2026-10-01 21:00:00,제주,ECMWF,2026-09-30 12:00:00,24,1,t2m,18.3,20.5,-2.2
2026-10-01 21:00:00,제주,ECMWF,2026-09-30 12:00:00,24,1,tcc,35.0,0.0,35.0
2026-10-01 21:00:00,제주,ECMWF,2026-09-29 12:00:00,48,2,dswrf,1.0,,
2026-10-01 21:00:00,제주,ECMWF,2026-09-29 12:00:00,48,2,t2m,18.2,20.5,-2.3
2026-10-01 21:00:00,제주,ECMWF,2026-09-29 12:00:00,48,2,tcc,26.0,0.0,26.0
2026-10-01 21:00:00,제주,ECMWF,2026-09-28 12:00:00,72,3,dswrf,1.0,,
2026-10-01 21:00:00,제주,ECMWF,2026-09-28 12:00:00,72,3,t2m,18.5,20.5,-2.0
2026-10-01 21:00:00,제주,ECMWF,2026-09-28 12:00:00,72,3,tcc,96.0,0.0,96.0
2026-10-01 21:00:00,제주,ECMWF,2026-09-28 00:00:00,84,3,dswrf,1.0,,
2026-10-01 21:00:00,제주,ECMWF,2026-09-28 00:00:00,84,3,t2m,18.3,20.5,-2.2
2026-10-01 21:00:00,제주,ECMWF,2026-09-28 00:00:00,84,3,tcc,75.0,0.0,75.0
2026-10-01 21:00:00,제주,ECMWF,2026-09-27 12:00:00,96,4,dswrf,1.0,,
2026-10-01 21:00:00,제주,ECMWF,2026-09-27 12:00:00,96,4,t2m,18.5,20.5,-2.0
2026-10-01 21:00:00,제주,ECMWF,2026-09-27 12:00:00,96,4,tcc,80.0,0.0,80.0
2026-10-01 21:00:00,제주,ECMWF,2026-09-26 12:00:00,120,5,dswrf,1.0,,
2026-10-01 21:00:00,제주,ECMWF,2026-09-26 12:00:00,120,5,t2m,18.8,20.5,-1.7
2026-10-01 21:00:00,제주,ECMWF,2026-09-26 12:00:00,120,5,tcc,90.0,0.0,90.0
2026-10-01 21:00:00,제주,ECMWF,2026-09-25 12:00:00,144,6,dswrf,1.0,,
2026-10-01 21:00:00,제주,ECMWF,2026-09-25 12:00:00,144,6,t2m,18.6,20.5,-1.9
2026-10-01 21:00:00,제주,ECMWF,2026-09-25 12:00:00,144,6,tcc,99.0,0.0,99.0
2026-10-01 21:00:00,제주,ECMWF,2026-09-24 12:00:00,168,7,dswrf,162.0,,
2026-10-01 21:00:00,제주,ECMWF,2026-09-24 12:00:00,168,7,t2m,18.2,20.5,-2.3
2026-10-01 21:00:00,제주,ECMWF,2026-09-24 12:00:00,168,7,tcc,64.0,0.0,64.0
2026-10-01 21:00:00,제주,ECMWF,2026-09-23 12:00:00,192,8,dswrf,161.0,,
2026-10-01 21:00:00,제주,ECMWF,2026-09-23 12:00:00,192,8,t2m,17.5,20.5,-3.0
2026-10-01 21:00:00,제주,ECMWF,2026-09-23 12:00:00,192,8,tcc,4.0,0.0,4.0
2026-10-01 21:00:00,제주,ECMWF,2026-09-22 12:00:00,216,9,dswrf,105.0,,
2026-10-01 21:00:00,제주,ECMWF,2026-09-22 12:00:00,216,9,t2m,17.4,20.5,-3.1
2026-10-01 21:00:00,제주,ECMWF,2026-09-22 12:00:00,216,9,tcc,97.0,0.0,97.0
2026-10-01 21:00:00,제주,ECMWF,2026-09-21 12:00:00,240,10,dswrf,75.0,,
2026-10-01 21:00:00,제주,ECMWF,2026-09-21 12:00:00,240,10,t2m,18.4,20.5,-2.1
2026-10-01 21:00:00,제주,ECMWF,2026-09-21 12:00:00,240,10,tcc,93.0,0.0,93.0
2026-10-01 21:00:00,제주,GFS,2026-10-01 12:00:00,0,0,t2m,17.9,20.5,-2.6
2026-10-01 21:00:00,제주,GFS,2026-10-01 12:00:00,0,0,tcc,18.0,0.0,18.0
2026-10-01 21:00:00,제주,GFS,2026-10-01 00:00:00,12,0,dswrf,1.0,,
2026-10-01 21:00:00,제주,GFS,2026-10-01 00:00:00,12,0,t2m,17.8,20.5,-2.7
2026-10-01 21:00:00,제주,GFS,2026-10-01 00:00:00,12,0,tcc,16.0,0.0,16.0
2026-10-01 21:00:00,제주,GFS,2026-09-30 18:00:00,18,0,dswrf,1.0,,
2026-10-01 21:00:00,제주,GFS,2026-09-30 18:00:00,18,0,t2m,17.8,20.5,-2.7
2026-10-01 21:00:00,제주,GFS,2026-09-30 18:00:00,18,0,tcc,21.0,0.0,21.0
2026-10-01 21:00:00,제주,GFS,2026-09-30 12:00:00,24,1,dswrf,1.0,,
2026-10-01 21:00:00,제주,GFS,2026-09-30 12:00:00,24,1,t2m,17.7,20.5,-2.8
2026-10-01 21:00:00,제주,GFS,2026-09-30 12:00:00,24,1,tcc,11.0,0.0,11.0
2026-10-01 21:00:00,제주,GFS,2026-09-30 00:00:00,36,1,dswrf,1.0,,
2026-10-01 21:00:00,제주,GFS,2026-09-30 00:00:00,36,1,t2m,18.1,20.5,-2.4
2026-10-01 21:00:00,제주,GFS,2026-09-30 00:00:00,36,1,tcc,70.0,0.0,70.0
2026-10-01 21:00:00,제주,GFS,2026-09-29 18:00:00,42,1,dswrf,1.0,,
2026-10-01 21:00:00,제주,GFS,2026-09-29 18:00:00,42,1,t2m,18.0,20.5,-2.5
2026-10-01 21:00:00,제주,GFS,2026-09-29 18:00:00,42,1,tcc,54.0,0.0,54.0
2026-10-01 21:00:00,제주,GFS,2026-09-29 12:00:00,48,2,dswrf,0.0,,
2026-10-01 21:00:00,제주,GFS,2026-09-29 12:00:00,48,2,t2m,18.3,20.5,-2.2
2026-10-01 21:00:00,제주,GFS,2026-09-29 12:00:00,48,2,tcc,70.0,0.0,70.0
2026-10-01 21:00:00,제주,GFS,2026-09-29 00:00:00,60,2,dswrf,0.0,,
2026-10-01 21:00:00,제주,GFS,2026-09-29 00:00:00,60,2,t2m,18.5,20.5,-2.0
2026-10-01 21:00:00,제주,GFS,2026-09-29 00:00:00,60,2,tcc,83.0,0.0,83.0
2026-10-01 21:00:00,제주,GFS,2026-09-28 18:00:00,66,2,dswrf,0.0,,
2026-10-01 21:00:00,제주,GFS,2026-09-28 18:00:00,66,2,t2m,18.6,20.5,-1.9
2026-10-01 21:00:00,제주,GFS,2026-09-28 18:00:00,66,2,tcc,84.0,0.0,84.0
2026-10-01 21:00:00,제주,GFS,2026-09-28 12:00:00,72,3,dswrf,1.0,,
2026-10-01 21:00:00,제주,GFS,2026-09-28 12:00:00,72,3,t2m,18.3,20.5,-2.2
2026-10-01 21:00:00,제주,GFS,2026-09-28 12:00:00,72,3,tcc,18.0,0.0,18.0
2026-10-01 21:00:00,제주,GFS,2026-09-28 00:00:00,84,3,dswrf,1.0,,
2026-10-01 21:00:00,제주,GFS,2026-09-28 00:00:00,84,3,t2m,18.3,20.5,-2.2
2026-10-01 21:00:00,제주,GFS,2026-09-28 00:00:00,84,3,tcc,52.0,0.0,52.0
2026-10-01 21:00:00,제주,GFS,2026-09-27 18:00:00,90,3,dswrf,1.0,,
2026-10-01 21:00:00,제주,GFS,2026-09-27 18:00:00,90,3,t2m,18.2,20.5,-2.3
2026-10-01 21:00:00,제주,GFS,2026-09-27 18:00:00,90,3,tcc,0.0,0.0,0.0
2026-10-01 21:00:00,제주,GFS,2026-09-27 12:00:00,96,4,dswrf,1.0,,
2026-10-01 21:00:00,제주,GFS,2026-09-27 12:00:00,96,4,t2m,18.1,20.5,-2.4
2026-10-01 21:00:00,제주,GFS,2026-09-27 12:00:00,96,4,tcc,6.0,0.0,6.0
2026-10-01 21:00:00,제주,GFS,2026-09-27 00:00:00,108,4,dswrf,1.0,,
2026-10-01 21:00:00,제주,GFS,2026-09-27 00:00:00,108,4,t2m,17.8,20.5,-2.7
2026-10-01 21:00:00,제주,GFS,2026-09-27 00:00:00,108,4,tcc,1.0,0.0,1.0
2026-10-01 21:00:00,제주,GFS,2026-09-26 18:00:00,114,4,dswrf,1.0,,
2026-10-01 21:00:00,제주,GFS,2026-09-26 18:00:00,114,4,t2m,17.8,20.5,-2.7
2026-10-01 21:00:00,제주,GFS,2026-09-26 18:00:00,114,4,tcc,5.0,0.0,5.0
2026-10-01 21:00:00,제주,GFS,2026-09-26 00:00:00,132,5,dswrf,159.0,,
2026-10-01 21:00:00,제주,GFS,2026-09-26 00:00:00,132,5,t2m,17.6,20.5,-2.9
2026-10-01 21:00:00,제주,GFS,2026-09-26 00:00:00,132,5,tcc,89.0,0.0,89.0
2026-10-01 21:00:00,제주,GFS,2026-09-25 18:00:00,138,5,dswrf,156.0,,
2026-10-01 21:00:00,제주,GFS,2026-09-25 18:00:00,138,5,t2m,17.8,20.5,-2.7
2026-10-01 21:00:00,제주,GFS,2026-09-25 18:00:00,138,5,tcc,66.0,0.0,66.0
2026-10-01 21:00:00,제주,GFS,2026-09-25 12:00:00,144,6,dswrf,161.0,,
2026-10-01 21:00:00,제주,GFS,2026-09-25 12:00:00,144,6,t2m,17.4,20.5,-3.1
2026-10-01 21:00:00,제주,GFS,2026-09-25 12:00:00,144,6,tcc,27.0,0.0,27.0
2026-10-01 21:00:00,제주,GFS,2026-09-25 00:00:00,156,6,dswrf,165.0,,
2026-10-01 21:00:00,제주,GFS,2026-09-25 00:00:00,156,6,t2m,17.6,20.5,-2.9
2026-10-01 21:00:00,제주,GFS,2026-09-25 00:00:00,156,6,tcc,1.0,0.0,1.0
2026-10-01 21:00:00,제주,GFS,2026-09-24 18:00:00,162,6,dswrf,141.0,,
2026-10-01 21:00:00,제주,GFS,2026-09-24 18:00:00,162,6,t2m,17.3,20.5,-3.2
2026-10-01 21:00:00,제주,GFS,2026-09-24 18:00:00,162,6,tcc,59.0,0.0,59.0
2026-10-01 21:00:00,제주,GFS,2026-09-24 12:00:00,168,7,dswrf,152.0,,
2026-10-01 21:00:00,제주,GFS,2026-09-24 12:00:00,168,7,t2m,17.4,20.5,-3.1
2026-10-01 21:00:00,제주,GFS,2026-09-24 12:00:00,168,7,tcc,69.0,0.0,69.0
2026-10-01 21:00:00,제주,GFS,2026-09-24 00:00:00,180,7,dswrf,161.0,,
2026-10-01 21:00:00,제주,GFS,2026-09-24 00:00:00,180,7,t2m,17.5,20.5,-3.0
2026-10-01 21:00:00,제주,GFS,2026-09-24 00:00:00,180,7,tcc,13.0,0.0,13.0
2026-10-01 21:00:00,제주,GFS,2026-09-23 18:00:00,186,7,dswrf,158.0,,
2026-10-01 21:00:00,제주,GFS,2026-09-23 18:00:00,186,7,t2m,17.2,20.5,-3.3
2026-10-01 21:00:00,제주,GFS,2026-09-23 18:00:00,186,7,tcc,97.0,0.0,97.0
2026-10-01 21:00:00,제주,GFS,2026-09-23 12:00:00,192,8,dswrf,35.0,,
2026-10-01 21:00:00,제주,GFS,2026-09-23 12:00:00,192,8,t2m,17.2,20.5,-3.3
2026-10-01 21:00:00,제주,GFS,2026-09-23 12:00:00,192,8,tcc,100.0,0.0,100.0
2026-10-01 21:00:00,제주,GFS,2026-09-23 00:00:00,204,8,dswrf,3.0,,
2026-10-01 21:00:00,제주,GFS,2026-09-23 00:00:00,204,8,t2m,14.4,20.5,-6.1
2026-10-01 21:00:00,제주,GFS,2026-09-23 00:00:00,204,8,tcc,100.0,0.0,100.0
2026-10-01 21:00:00,제주,GFS,2026-09-22 18:00:00,210,8,dswrf,4.0,,
2026-10-01 21:00:00,제주,GFS,2026-09-22 18:00:00,210,8,t2m,16.7,20.5,-3.8
2026-10-01 21:00:00,제주,GFS,2026-09-22 18:00:00,210,8,tcc,100.0,0.0,100.0
2026-10-01 21:00:00,제주,GFS,2026-09-22 12:00:00,216,9,dswrf,137.0,,
2026-10-01 21:00:00,제주,GFS,2026-09-22 12:00:00,216,9,t2m,22.4,20.5,1.9
2026-10-01 21:00:00,제주,GFS,2026-09-22 12:00:00,216,9,tcc,44.0,0.0,44.0
2026-10-01 21:00:00,제주,GFS,2026-09-22 00:00:00,228,9,dswrf,122.0,,
2026-10-01 21:00:00,제주,GFS,2026-09-22 00:00:00,228,9,t2m,18.7,20.5,-1.8
2026-10-01 21:00:00,제주,GFS,2026-09-22 00:00:00,228,9,tcc,76.0,0.0,76.0
2026-10-01 21:00:00,제주,GFS,2026-09-21 18:00:00,234,9,dswrf,154.0,,
2026-10-01 21:00:00,제주,GFS,2026-09-21 18:00:00,234,9,t2m,18.7,20.5,-1.8
2026-10-01 21:00:00,제주,GFS,2026-09-21 18:00:00,234,9,tcc,64.0,0.0,64.0
2026-10-01 21:00:00,제주,GFS,2026-09-21 12:00:00,240,10,dswrf,167.0,,
2026-10-01 21:00:00,제주,GFS,2026-09-21 12:00:00,240,10,t2m,17.2,20.5,-3.3
2026-10-01 21:00:00,제주,GFS,2026-09-21 12:00:00,240,10,tcc,0.0,0.0,0.0
2026-10-01 21:00:00,제주,KIM,2026-10-01 12:00:00,0,0,t2m,20.4,20.5,-0.1
2026-10-01 21:00:00,제주,KIM,2026-10-01 12:00:00,0,0,tcc,19.0,0.0,19.0
2026-10-01 21:00:00,제주,KIM,2026-10-01 00:00:00,12,0,dswrf,1.0,,
2026-10-01 21:00:00,제주,KIM,2026-10-01 00:00:00,12,0,t2m,20.5,20.5,0.0
2026-10-01 21:00:00,제주,KIM,2026-10-01 00:00:00,12,0,tcc,36.0,0.0,36.0
2026-10-01 21:00:00,제주,KIM,2026-09-30 12:00:00,24,1,dswrf,1.0,,
2026-10-01 21:00:00,제주,KIM,2026-09-30 12:00:00,24,1,t2m,20.0,20.5,-0.5
2026-10-01 21:00:00,제주,KIM,2026-09-30 12:00:00,24,1,tcc,71.0,0.0,71.0
2026-10-01 21:00:00,제주,KIM,2026-09-30 00:00:00,36,1,dswrf,1.0,,
2026-10-01 21:00:00,제주,KIM,2026-09-30 00:00:00,36,1,t2m,20.2,20.5,-0.3
2026-10-01 21:00:00,제주,KIM,2026-09-30 00:00:00,36,1,tcc,75.0,0.0,75.0
2026-10-01 21:00:00,제주,KIM,2026-09-29 12:00:00,48,2,dswrf,1.0,,
2026-10-01 21:00:00,제주,KIM,2026-09-29 12:00:00,48,2,t2m,19.9,20.5,-0.6
2026-10-01 21:00:00,제주,KIM,2026-09-29 12:00:00,48,2,tcc,83.0,0.0,83.0
2026-10-01 21:00:00,제주,KIM,2026-09-29 00:00:00,60,2,dswrf,1.0,,
2026-10-01 21:00:00,제주,KIM,2026-09-29 00:00:00,60,2,t2m,19.9,20.5,-0.6
2026-10-01 21:00:00,제주,KIM,2026-09-29 00:00:00,60,2,tcc,26.0,0.0,26.0
2026-10-01 21:00:00,제주,KIM,2026-09-28 12:00:00,72,3,dswrf,1.0,,
2026-10-01 21:00:00,제주,KIM,2026-09-28 12:00:00,72,3,t2m,19.9,20.5,-0.6
2026-10-01 21:00:00,제주,KIM,2026-09-28 12:00:00,72,3,tcc,61.0,0.0,61.0
2026-10-01 21:00:00,제주,KIM,2026-09-28 00:00:00,84,3,dswrf,1.0,,
2026-10-01 21:00:00,제주,KIM,2026-09-28 00:00:00,84,3,t2m,19.7,20.5,-0.8
2026-10-01 21:00:00,제주,KIM,2026-09-28 00:00:00,84,3,tcc,71.0,0.0,71.0
2026-10-01 21:00:00,제주,KIM,2026-09-27 12:00:00,96,4,dswrf,1.0,,
2026-10-01 21:00:00,제주,KIM,2026-09-27 12:00:00,96,4,t2m,20.6,20.5,0.1
2026-10-01 21:00:00,제주,KIM,2026-09-27 12:00:00,96,4,tcc,19.0,0.0,19.0
2026-10-01 21:00:00,제주,KIM,2026-09-27 00:00:00,108,4,dswrf,1.0,,
2026-10-01 21:00:00,제주,KIM,2026-09-27 00:00:00,108,4,t2m,20.3,20.5,-0.2
2026-10-01 21:00:00,제주,KIM,2026-09-27 00:00:00,108,4,tcc,32.0,0.0,32.0
2026-10-01 21:00:00,제주,KIM,2026-09-26 12:00:00,120,5,dswrf,1.0,,
2026-10-01 21:00:00,제주,KIM,2026-09-26 12:00:00,120,5,t2m,20.3,20.5,-0.2
2026-10-01 21:00:00,제주,KIM,2026-09-26 12:00:00,120,5,tcc,82.0,0.0,82.0
2026-10-01 21:00:00,제주,KIM,2026-09-26 00:00:00,132,5,t2m,20.1,20.5,-0.4
2026-10-01 21:00:00,제주,KIM,2026-09-26 00:00:00,132,5,tcc,27.0,0.0,27.0
2026-10-01 21:00:00,제주,KIM,2026-09-25 12:00:00,144,6,t2m,19.7,20.5,-0.8
2026-10-01 21:00:00,제주,KIM,2026-09-25 12:00:00,144,6,tcc,85.0,0.0,85.0
2026-10-01 21:00:00,제주,KIM,2026-09-25 00:00:00,156,6,t2m,19.7,20.5,-0.8
2026-10-01 21:00:00,제주,KIM,2026-09-25 00:00:00,156,6,tcc,3.0,0.0,3.0
2026-10-01 21:00:00,제주,KIM,2026-09-24 12:00:00,168,7,t2m,20.6,20.5,0.1
2026-10-01 21:00:00,제주,KIM,2026-09-24 12:00:00,168,7,tcc,66.0,0.0,66.0
2026-10-01 21:00:00,제주,KIM,2026-09-24 00:00:00,180,7,t2m,19.1,20.5,-1.4
2026-10-01 21:00:00,제주,KIM,2026-09-24 00:00:00,180,7,tcc,25.0,0.0,25.0
2026-10-01 21:00:00,제주,KIM,2026-09-23 12:00:00,192,8,t2m,20.5,20.5,0.0
2026-10-01 21:00:00,제주,KIM,2026-09-23 12:00:00,192,8,tcc,99.0,0.0,99.0
2026-10-01 21:00:00,제주,KIM,2026-09-23 00:00:00,204,8,t2m,18.8,20.5,-1.7
2026-10-01 21:00:00,제주,KIM,2026-09-23 00:00:00,204,8,tcc,86.0,0.0,86.0
2026-10-01 21:00:00,제주,KIM,2026-09-22 12:00:00,216,9,t2m,21.4,20.5,0.9
2026-10-01 21:00:00,제주,KIM,2026-09-22 12:00:00,216,9,tcc,23.0,0.0,23.0
2026-10-01 21:00:00,제주,KIM,2026-09-22 00:00:00,228,9,t2m,20.6,20.5,0.1
2026-10-01 21:00:00,제주,KIM,2026-09-22 00:00:00,228,9,tcc,5.0,0.0,5.0
2026-10-01 21:00:00,제주,KIM,2026-09-21 12:00:00,240,10,t2m,20.4,20.5,-0.1
2026-10-01 21:00:00,제주,KIM,2026-09-21 12:00:00,240,10,tcc,23.0,0.0,23.0
2026-10-01 21:00:00,제주,KIM,2026-09-21 00:00:00,252,10,t2m,20.0,20.5,-0.5
2026-10-01 21:00:00,제주,KIM,2026-09-21 00:00:00,252,10,tcc,42.0,0.0,42.0
2026-10-01 21:00:00,제주,KIM,2026-09-20 12:00:00,264,11,t2m,23.0,20.5,2.5
2026-10-01 21:00:00,제주,KIM,2026-09-20 12:00:00,264,11,tcc,97.0,0.0,97.0
2026-10-01 21:00:00,제주,KIM,2026-09-19 12:00:00,288,12,t2m,22.6,20.5,2.1
2026-10-01 21:00:00,제주,KIM,2026-09-19 12:00:00,288,12,tcc,98.0,0.0,98.0
