model,run_utc,valid_kst,step_h,city,rep,t2m_C,tcc_pct,lcc_pct,mcc_pct,hcc_pct,dswrf_avg_Wm2,tp_mm,win_h,src
ECMWF,2026-10-07 12:00,2026-10-07 21:00,0,서울,1,16.5,0.0,,,,,,,
ECMWF,2026-10-07 12:00,2026-10-08 00:00,3,서울,1,14.6,0.0,,,,0.0,0.0,3.0,
ECMWF,2026-10-07 12:00,2026-10-08 03:00,6,서울,1,13.1,0.0,,,,0.0,0.0,3.0,
ECMWF,2026-10-07 12:00,2026-10-08 06:00,9,서울,1,11.8,1.0,,,,0.0,0.0,3.0,
ECMWF,2026-10-07 12:00,2026-10-08 09:00,12,서울,1,16.9,1.0,,,,149.0,0.0,3.0,
ECMWF,2026-10-07 12:00,2026-10-08 12:00,15,서울,1,22.0,0.0,,,,612.0,0.0,3.0,
ECMWF,2026-10-07 12:00,2026-10-08 15:00,18,서울,1,23.9,0.0,,,,670.0,0.0,3.0,
ECMWF,2026-10-07 12:00,2026-10-08 18:00,21,서울,1,21.4,0.0,,,,249.0,0.0,3.0,
ECMWF,2026-10-07 12:00,2026-10-08 21:00,24,서울,1,17.9,0.0,,,,0.0,0.0,3.0,
ECMWF,2026-10-07 12:00,2026-10-09 00:00,27,서울,1,16.0,0.0,,,,0.0,0.0,3.0,
ECMWF,2026-10-07 12:00,2026-10-09 03:00,30,서울,1,14.4,0.0,,,,0.0,0.0,3.0,
ECMWF,2026-10-07 12:00,2026-10-09 06:00,33,서울,1,13.4,7.0,,,,0.0,0.0,3.0,
ECMWF,2026-10-07 12:00,2026-10-09 09:00,36,서울,1,18.0,89.0,,,,139.0,0.0,3.0,
ECMWF,2026-10-07 12:00,2026-10-09 12:00,39,서울,1,23.4,99.0,,,,560.0,0.0,3.0,
ECMWF,2026-10-07 12:00,2026-10-09 15:00,42,서울,1,24.5,29.0,,,,528.0,0.0,3.0,
ECMWF,2026-10-07 12:00,2026-10-09 18:00,45,서울,1,22.1,66.0,,,,244.0,0.0,3.0,
ECMWF,2026-10-07 12:00,2026-10-09 21:00,48,서울,1,19.0,93.0,,,,0.0,0.0,3.0,
ECMWF,2026-10-07 12:00,2026-10-10 00:00,51,서울,1,17.3,30.0,,,,0.0,0.0,3.0,
ECMWF,2026-10-07 12:00,2026-10-10 03:00,54,서울,1,15.4,0.0,,,,0.0,0.0,3.0,
ECMWF,2026-10-07 12:00,2026-10-10 06:00,57,서울,1,13.9,0.0,,,,0.0,0.0,3.0,
ECMWF,2026-10-07 12:00,2026-10-10 09:00,60,서울,1,18.5,0.0,,,,145.0,0.0,3.0,
ECMWF,2026-10-07 12:00,2026-10-10 12:00,63,서울,1,24.5,3.0,,,,603.0,0.0,3.0,
ECMWF,2026-10-07 12:00,2026-10-10 15:00,66,서울,1,26.0,25.0,,,,660.0,0.0,3.0,
ECMWF,2026-10-07 12:00,2026-10-10 18:00,69,서울,1,23.4,72.0,,,,238.0,0.0,3.0,
ECMWF,2026-10-07 12:00,2026-10-10 21:00,72,서울,1,20.5,22.0,,,,0.0,0.0,3.0,
ECMWF,2026-10-07 12:00,2026-10-11 00:00,75,서울,1,18.0,55.0,,,,0.0,0.0,3.0,
ECMWF,2026-10-07 12:00,2026-10-11 03:00,78,서울,1,17.8,55.0,,,,0.0,0.0,3.0,
ECMWF,2026-10-07 12:00,2026-10-11 06:00,81,서울,1,16.5,11.0,,,,0.0,0.0,3.0,
ECMWF,2026-10-07 12:00,2026-10-11 09:00,84,서울,1,20.3,3.0,,,,137.0,0.0,3.0,
ECMWF,2026-10-07 12:00,2026-10-11 12:00,87,서울,1,26.3,0.0,,,,586.0,0.0,3.0,
ECMWF,2026-10-07 12:00,2026-10-11 15:00,90,서울,1,27.8,3.0,,,,640.0,0.0,3.0,
ECMWF,2026-10-07 12:00,2026-10-11 18:00,93,서울,1,25.7,9.0,,,,229.0,0.0,3.0,
ECMWF,2026-10-07 12:00,2026-10-11 21:00,96,서울,1,22.2,24.0,,,,0.0,0.0,3.0,
ECMWF,2026-10-07 12:00,2026-10-12 00:00,99,서울,1,20.5,43.0,,,,0.0,0.0,3.0,
ECMWF,2026-10-07 12:00,2026-10-12 03:00,102,서울,1,19.4,55.0,,,,0.0,0.0,3.0,
ECMWF,2026-10-07 12:00,2026-10-12 06:00,105,서울,1,17.9,32.0,,,,0.0,0.2,3.0,
ECMWF,2026-10-07 12:00,2026-10-12 09:00,108,서울,1,20.1,92.0,,,,77.0,0.1,3.0,
ECMWF,2026-10-07 12:00,2026-10-12 12:00,111,서울,1,21.6,98.0,,,,191.0,2.5,3.0,
ECMWF,2026-10-07 12:00,2026-10-12 15:00,114,서울,1,22.3,70.0,,,,234.0,3.4,3.0,
ECMWF,2026-10-07 12:00,2026-10-12 18:00,117,서울,1,21.5,54.0,,,,155.0,0.2,3.0,
ECMWF,2026-10-07 12:00,2026-10-12 21:00,120,서울,1,19.8,86.0,,,,0.0,1.3,3.0,
ECMWF,2026-10-07 12:00,2026-10-13 00:00,123,서울,1,18.9,100.0,,,,0.0,2.2,3.0,
ECMWF,2026-10-07 12:00,2026-10-13 03:00,126,서울,1,18.1,100.0,,,,0.0,4.1,3.0,
ECMWF,2026-10-07 12:00,2026-10-13 06:00,129,서울,1,17.3,78.0,,,,0.0,1.2,3.0,
ECMWF,2026-10-07 12:00,2026-10-13 09:00,132,서울,1,18.8,29.0,,,,110.0,0.0,3.0,
ECMWF,2026-10-07 12:00,2026-10-13 12:00,135,서울,1,22.4,10.0,,,,553.0,0.0,3.0,
ECMWF,2026-10-07 12:00,2026-10-13 15:00,138,서울,1,22.7,32.0,,,,584.0,0.2,3.0,
ECMWF,2026-10-07 12:00,2026-10-13 18:00,141,서울,1,19.9,13.0,,,,185.0,0.4,3.0,
ECMWF,2026-10-07 12:00,2026-10-13 21:00,144,서울,1,18.1,9.0,,,,0.0,0.0,3.0,
ECMWF,2026-10-07 12:00,2026-10-14 03:00,150,서울,1,13.5,0.0,,,,0.0,0.0,6.0,
ECMWF,2026-10-07 12:00,2026-10-14 09:00,156,서울,1,12.8,0.0,,,,73.0,0.0,6.0,
ECMWF,2026-10-07 12:00,2026-10-14 15:00,162,서울,1,18.6,0.0,,,,644.0,0.0,6.0,
ECMWF,2026-10-07 12:00,2026-10-14 21:00,168,서울,1,12.5,24.0,,,,118.0,0.0,6.0,
ECMWF,2026-10-07 12:00,2026-10-15 03:00,174,서울,1,10.1,55.0,,,,0.0,0.0,6.0,
ECMWF,2026-10-07 12:00,2026-10-15 09:00,180,서울,1,13.4,26.0,,,,63.0,0.0,6.0,
ECMWF,2026-10-07 12:00,2026-10-15 15:00,186,서울,1,19.6,40.0,,,,564.0,0.0,6.0,
ECMWF,2026-10-07 12:00,2026-10-15 21:00,192,서울,1,15.2,24.0,,,,88.0,0.0,6.0,
ECMWF,2026-10-07 12:00,2026-10-16 03:00,198,서울,1,12.9,34.0,,,,0.0,0.0,6.0,
ECMWF,2026-10-07 12:00,2026-10-16 09:00,204,서울,1,16.0,97.0,,,,38.0,0.0,6.0,
ECMWF,2026-10-07 12:00,2026-10-16 15:00,210,서울,1,21.6,89.0,,,,538.0,0.0,6.0,
ECMWF,2026-10-07 12:00,2026-10-16 21:00,216,서울,1,16.9,54.0,,,,87.0,0.0,6.0,
ECMWF,2026-10-07 12:00,2026-10-17 03:00,222,서울,1,14.4,93.0,,,,0.0,0.0,6.0,
ECMWF,2026-10-07 12:00,2026-10-17 09:00,228,서울,1,17.8,15.0,,,,62.0,0.0,6.0,
ECMWF,2026-10-07 12:00,2026-10-17 15:00,234,서울,1,24.4,100.0,,,,536.0,0.0,6.0,
ECMWF,2026-10-07 12:00,2026-10-17 21:00,240,서울,1,19.7,100.0,,,,75.0,0.0,6.0,
ECMWF,2026-10-07 12:00,2026-10-07 21:00,0,대전,1,13.5,0.0,,,,,,,
ECMWF,2026-10-07 12:00,2026-10-08 00:00,3,대전,1,11.7,0.0,,,,0.0,0.0,3.0,
ECMWF,2026-10-07 12:00,2026-10-08 03:00,6,대전,1,9.1,0.0,,,,0.0,0.0,3.0,
ECMWF,2026-10-07 12:00,2026-10-08 06:00,9,대전,1,7.9,0.0,,,,0.0,0.0,3.0,
ECMWF,2026-10-07 12:00,2026-10-08 09:00,12,대전,1,17.6,0.0,,,,160.0,0.0,3.0,
ECMWF,2026-10-07 12:00,2026-10-08 12:00,15,대전,1,22.1,0.0,,,,637.0,0.0,3.0,
ECMWF,2026-10-07 12:00,2026-10-08 15:00,18,대전,1,22.9,0.0,,,,696.0,0.0,3.0,
ECMWF,2026-10-07 12:00,2026-10-08 18:00,21,대전,1,18.0,0.0,,,,262.0,0.0,3.0,
ECMWF,2026-10-07 12:00,2026-10-08 21:00,24,대전,1,14.5,0.0,,,,0.0,0.0,3.0,
ECMWF,2026-10-07 12:00,2026-10-09 00:00,27,대전,1,11.8,0.0,,,,0.0,0.0,3.0,
ECMWF,2026-10-07 12:00,2026-10-09 03:00,30,대전,1,10.3,2.0,,,,0.0,0.0,3.0,
ECMWF,2026-10-07 12:00,2026-10-09 06:00,33,대전,1,10.0,22.0,,,,0.0,0.0,3.0,
ECMWF,2026-10-07 12:00,2026-10-09 09:00,36,대전,1,18.4,88.0,,,,149.0,0.0,3.0,
ECMWF,2026-10-07 12:00,2026-10-09 12:00,39,대전,1,22.9,37.0,,,,538.0,0.0,3.0,
ECMWF,2026-10-07 12:00,2026-10-09 15:00,42,대전,1,24.1,95.0,,,,658.0,0.0,3.0,
ECMWF,2026-10-07 12:00,2026-10-09 18:00,45,대전,1,19.7,43.0,,,,169.0,0.0,3.0,
ECMWF,2026-10-07 12:00,2026-10-09 21:00,48,대전,1,15.9,20.0,,,,0.0,0.0,3.0,
ECMWF,2026-10-07 12:00,2026-10-10 00:00,51,대전,1,12.8,6.0,,,,0.0,0.0,3.0,
ECMWF,2026-10-07 12:00,2026-10-10 03:00,54,대전,1,11.3,8.0,,,,0.0,0.0,3.0,
ECMWF,2026-10-07 12:00,2026-10-10 06:00,57,대전,1,10.4,46.0,,,,0.0,0.0,3.0,
ECMWF,2026-10-07 12:00,2026-10-10 09:00,60,대전,1,18.8,3.0,,,,121.0,0.0,3.0,
ECMWF,2026-10-07 12:00,2026-10-10 12:00,63,대전,1,25.3,12.0,,,,600.0,0.0,3.0,
ECMWF,2026-10-07 12:00,2026-10-10 15:00,66,대전,1,26.3,24.0,,,,625.0,0.0,3.0,
ECMWF,2026-10-07 12:00,2026-10-10 18:00,69,대전,1,21.9,14.0,,,,222.0,0.0,3.0,
ECMWF,2026-10-07 12:00,2026-10-10 21:00,72,대전,1,18.6,10.0,,,,0.0,0.0,3.0,
ECMWF,2026-10-07 12:00,2026-10-11 00:00,75,대전,1,16.8,19.0,,,,0.0,0.0,3.0,
ECMWF,2026-10-07 12:00,2026-10-11 03:00,78,대전,1,14.6,21.0,,,,0.0,0.0,3.0,
ECMWF,2026-10-07 12:00,2026-10-11 06:00,81,대전,1,14.2,47.0,,,,0.0,0.0,3.0,
ECMWF,2026-10-07 12:00,2026-10-11 09:00,84,대전,1,19.5,30.0,,,,103.0,0.0,3.0,
ECMWF,2026-10-07 12:00,2026-10-11 12:00,87,대전,1,26.1,28.0,,,,576.0,0.0,3.0,
ECMWF,2026-10-07 12:00,2026-10-11 15:00,90,대전,1,25.6,22.0,,,,566.0,0.9,3.0,
ECMWF,2026-10-07 12:00,2026-10-11 18:00,93,대전,1,22.2,34.0,,,,208.0,0.2,3.0,
ECMWF,2026-10-07 12:00,2026-10-11 21:00,96,대전,1,18.5,16.0,,,,0.0,0.6,3.0,
ECMWF,2026-10-07 12:00,2026-10-12 00:00,99,대전,1,17.8,22.0,,,,0.0,0.0,3.0,
ECMWF,2026-10-07 12:00,2026-10-12 03:00,102,대전,1,17.5,16.0,,,,0.0,0.0,3.0,
ECMWF,2026-10-07 12:00,2026-10-12 06:00,105,대전,1,17.1,22.0,,,,0.0,0.0,3.0,
ECMWF,2026-10-07 12:00,2026-10-12 09:00,108,대전,1,20.5,28.0,,,,136.0,0.0,3.0,
ECMWF,2026-10-07 12:00,2026-10-12 12:00,111,대전,1,26.1,30.0,,,,569.0,0.0,3.0,
ECMWF,2026-10-07 12:00,2026-10-12 15:00,114,대전,1,24.9,52.0,,,,516.0,0.5,3.0,
ECMWF,2026-10-07 12:00,2026-10-12 18:00,117,대전,1,21.4,60.0,,,,167.0,0.4,3.0,
ECMWF,2026-10-07 12:00,2026-10-12 21:00,120,대전,1,19.7,69.0,,,,0.0,0.4,3.0,
ECMWF,2026-10-07 12:00,2026-10-13 00:00,123,대전,1,18.8,92.0,,,,0.0,0.0,3.0,
ECMWF,2026-10-07 12:00,2026-10-13 03:00,126,대전,1,18.2,99.0,,,,0.0,1.0,3.0,
ECMWF,2026-10-07 12:00,2026-10-13 06:00,129,대전,1,18.3,99.0,,,,0.0,0.4,3.0,
ECMWF,2026-10-07 12:00,2026-10-13 09:00,132,대전,1,19.9,49.0,,,,94.0,0.1,3.0,
ECMWF,2026-10-07 12:00,2026-10-13 12:00,135,대전,1,24.2,3.0,,,,543.0,0.0,3.0,
ECMWF,2026-10-07 12:00,2026-10-13 15:00,138,대전,1,24.5,0.0,,,,644.0,0.0,3.0,
ECMWF,2026-10-07 12:00,2026-10-13 18:00,141,대전,1,19.7,24.0,,,,229.0,0.0,3.0,
ECMWF,2026-10-07 12:00,2026-10-13 21:00,144,대전,1,16.8,63.0,,,,0.0,0.0,3.0,
ECMWF,2026-10-07 12:00,2026-10-14 03:00,150,대전,1,14.4,71.0,,,,0.0,0.0,6.0,
ECMWF,2026-10-07 12:00,2026-10-14 09:00,156,대전,1,14.9,0.0,,,,77.0,0.0,6.0,
ECMWF,2026-10-07 12:00,2026-10-14 15:00,162,대전,1,20.1,0.0,,,,667.0,0.0,6.0,
ECMWF,2026-10-07 12:00,2026-10-14 21:00,168,대전,1,11.1,59.0,,,,122.0,0.0,6.0,
ECMWF,2026-10-07 12:00,2026-10-15 03:00,174,대전,1,7.3,89.0,,,,0.0,0.0,6.0,
ECMWF,2026-10-07 12:00,2026-10-15 09:00,180,대전,1,15.5,2.0,,,,71.0,0.0,6.0,
ECMWF,2026-10-07 12:00,2026-10-15 15:00,186,대전,1,21.4,1.0,,,,630.0,0.0,6.0,
ECMWF,2026-10-07 12:00,2026-10-15 21:00,192,대전,1,13.2,1.0,,,,114.0,0.0,6.0,
ECMWF,2026-10-07 12:00,2026-10-16 03:00,198,대전,1,10.6,1.0,,,,0.0,0.0,6.0,
ECMWF,2026-10-07 12:00,2026-10-16 09:00,204,대전,1,17.3,80.0,,,,63.0,0.0,6.0,
ECMWF,2026-10-07 12:00,2026-10-16 15:00,210,대전,1,24.3,28.0,,,,611.0,0.0,6.0,
ECMWF,2026-10-07 12:00,2026-10-16 21:00,216,대전,1,16.2,65.0,,,,108.0,0.0,6.0,
ECMWF,2026-10-07 12:00,2026-10-17 03:00,222,대전,1,13.6,84.0,,,,0.0,0.0,6.0,
ECMWF,2026-10-07 12:00,2026-10-17 09:00,228,대전,1,17.5,32.0,,,,50.0,0.0,6.0,
ECMWF,2026-10-07 12:00,2026-10-17 15:00,234,대전,1,26.2,64.0,,,,515.0,0.0,6.0,
ECMWF,2026-10-07 12:00,2026-10-17 21:00,240,대전,1,19.6,91.0,,,,96.0,0.0,6.0,
ECMWF,2026-10-07 12:00,2026-10-07 21:00,0,대구,1,15.1,0.0,,,,,,,
ECMWF,2026-10-07 12:00,2026-10-08 00:00,3,대구,1,13.3,0.0,,,,0.0,0.0,3.0,
ECMWF,2026-10-07 12:00,2026-10-08 03:00,6,대구,1,12.6,0.0,,,,0.0,0.0,3.0,
ECMWF,2026-10-07 12:00,2026-10-08 06:00,9,대구,1,11.6,0.0,,,,0.0,0.0,3.0,
ECMWF,2026-10-07 12:00,2026-10-08 09:00,12,대구,1,17.9,0.0,,,,179.0,0.0,3.0,
ECMWF,2026-10-07 12:00,2026-10-08 12:00,15,대구,1,22.3,0.0,,,,661.0,0.0,3.0,
ECMWF,2026-10-07 12:00,2026-10-08 15:00,18,대구,1,23.5,0.0,,,,701.0,0.0,3.0,
ECMWF,2026-10-07 12:00,2026-10-08 18:00,21,대구,1,19.0,0.0,,,,250.0,0.0,3.0,
ECMWF,2026-10-07 12:00,2026-10-08 21:00,24,대구,1,15.2,0.0,,,,0.0,0.0,3.0,
ECMWF,2026-10-07 12:00,2026-10-09 00:00,27,대구,1,13.5,0.0,,,,0.0,0.0,3.0,
ECMWF,2026-10-07 12:00,2026-10-09 03:00,30,대구,1,12.5,0.0,,,,0.0,0.0,3.0,
ECMWF,2026-10-07 12:00,2026-10-09 06:00,33,대구,1,11.8,3.0,,,,0.0,0.0,3.0,
ECMWF,2026-10-07 12:00,2026-10-09 09:00,36,대구,1,18.3,64.0,,,,171.0,0.0,3.0,
ECMWF,2026-10-07 12:00,2026-10-09 12:00,39,대구,1,22.9,64.0,,,,602.0,0.0,3.0,
ECMWF,2026-10-07 12:00,2026-10-09 15:00,42,대구,1,24.4,68.0,,,,670.0,0.0,3.0,
ECMWF,2026-10-07 12:00,2026-10-09 18:00,45,대구,1,19.6,57.0,,,,223.0,0.0,3.0,
ECMWF,2026-10-07 12:00,2026-10-09 21:00,48,대구,1,17.2,60.0,,,,0.0,0.0,3.0,
ECMWF,2026-10-07 12:00,2026-10-10 00:00,51,대구,1,15.1,88.0,,,,0.0,0.0,3.0,
ECMWF,2026-10-07 12:00,2026-10-10 03:00,54,대구,1,15.8,57.0,,,,0.0,0.0,3.0,
ECMWF,2026-10-07 12:00,2026-10-10 06:00,57,대구,1,15.8,83.0,,,,0.0,0.0,3.0,
ECMWF,2026-10-07 12:00,2026-10-10 09:00,60,대구,1,19.3,80.0,,,,84.0,0.3,3.0,
ECMWF,2026-10-07 12:00,2026-10-10 12:00,63,대구,1,22.9,62.0,,,,384.0,0.2,3.0,
ECMWF,2026-10-07 12:00,2026-10-10 15:00,66,대구,1,23.4,67.0,,,,457.0,0.5,3.0,
ECMWF,2026-10-07 12:00,2026-10-10 18:00,69,대구,1,19.7,71.0,,,,135.0,4.3,3.0,
ECMWF,2026-10-07 12:00,2026-10-10 21:00,72,대구,1,19.0,76.0,,,,0.0,5.2,3.0,
ECMWF,2026-10-07 12:00,2026-10-11 00:00,75,대구,1,18.5,67.0,,,,0.0,0.3,3.0,
ECMWF,2026-10-07 12:00,2026-10-11 03:00,78,대구,1,17.3,84.0,,,,0.0,1.2,3.0,
ECMWF,2026-10-07 12:00,2026-10-11 06:00,81,대구,1,16.3,67.0,,,,0.0,5.1,3.0,
ECMWF,2026-10-07 12:00,2026-10-11 09:00,84,대구,1,19.4,62.0,,,,121.0,2.9,3.0,
ECMWF,2026-10-07 12:00,2026-10-11 12:00,87,대구,1,23.6,81.0,,,,540.0,0.2,3.0,
ECMWF,2026-10-07 12:00,2026-10-11 15:00,90,대구,1,23.7,75.0,,,,399.0,0.2,3.0,
ECMWF,2026-10-07 12:00,2026-10-11 18:00,93,대구,1,20.7,35.0,,,,125.0,0.0,3.0,
ECMWF,2026-10-07 12:00,2026-10-11 21:00,96,대구,1,18.0,20.0,,,,0.0,0.0,3.0,
ECMWF,2026-10-07 12:00,2026-10-12 00:00,99,대구,1,16.8,23.0,,,,0.0,0.0,3.0,
ECMWF,2026-10-07 12:00,2026-10-12 03:00,102,대구,1,16.0,88.0,,,,0.0,0.0,3.0,
ECMWF,2026-10-07 12:00,2026-10-12 06:00,105,대구,1,16.3,96.0,,,,0.0,0.0,3.0,
ECMWF,2026-10-07 12:00,2026-10-12 09:00,108,대구,1,19.8,54.0,,,,103.0,0.0,3.0,
ECMWF,2026-10-07 12:00,2026-10-12 12:00,111,대구,1,24.3,49.0,,,,503.0,0.1,3.0,
ECMWF,2026-10-07 12:00,2026-10-12 15:00,114,대구,1,24.3,74.0,,,,369.0,0.0,3.0,
ECMWF,2026-10-07 12:00,2026-10-12 18:00,117,대구,1,21.9,42.0,,,,135.0,0.0,3.0,
ECMWF,2026-10-07 12:00,2026-10-12 21:00,120,대구,1,19.0,29.0,,,,0.0,0.0,3.0,
ECMWF,2026-10-07 12:00,2026-10-13 00:00,123,대구,1,17.4,29.0,,,,0.0,0.0,3.0,
ECMWF,2026-10-07 12:00,2026-10-13 03:00,126,대구,1,16.2,56.0,,,,0.0,0.0,3.0,
ECMWF,2026-10-07 12:00,2026-10-13 06:00,129,대구,1,16.4,79.0,,,,0.0,0.1,3.0,
ECMWF,2026-10-07 12:00,2026-10-13 09:00,132,대구,1,19.5,75.0,,,,62.0,0.0,3.0,
ECMWF,2026-10-07 12:00,2026-10-13 12:00,135,대구,1,22.9,17.0,,,,405.0,0.3,3.0,
ECMWF,2026-10-07 12:00,2026-10-13 15:00,138,대구,1,24.8,3.0,,,,618.0,0.0,3.0,
ECMWF,2026-10-07 12:00,2026-10-13 18:00,141,대구,1,19.7,9.0,,,,215.0,0.0,3.0,
ECMWF,2026-10-07 12:00,2026-10-13 21:00,144,대구,1,17.1,65.0,,,,0.0,0.0,3.0,
ECMWF,2026-10-07 12:00,2026-10-14 03:00,150,대구,1,15.1,61.0,,,,0.0,0.0,6.0,
ECMWF,2026-10-07 12:00,2026-10-14 09:00,156,대구,1,17.3,6.0,,,,80.0,0.0,6.0,
ECMWF,2026-10-07 12:00,2026-10-14 15:00,162,대구,1,21.3,7.0,,,,661.0,0.0,6.0,
ECMWF,2026-10-07 12:00,2026-10-14 21:00,168,대구,1,13.3,18.0,,,,113.0,0.0,6.0,
ECMWF,2026-10-07 12:00,2026-10-15 03:00,174,대구,1,11.8,80.0,,,,0.0,0.0,6.0,
ECMWF,2026-10-07 12:00,2026-10-15 09:00,180,대구,1,16.4,75.0,,,,68.0,0.0,6.0,
ECMWF,2026-10-07 12:00,2026-10-15 15:00,186,대구,1,21.8,0.0,,,,629.0,0.0,6.0,
ECMWF,2026-10-07 12:00,2026-10-15 21:00,192,대구,1,13.7,0.0,,,,105.0,0.0,6.0,
ECMWF,2026-10-07 12:00,2026-10-16 03:00,198,대구,1,11.0,0.0,,,,0.0,0.0,6.0,
ECMWF,2026-10-07 12:00,2026-10-16 09:00,204,대구,1,17.6,26.0,,,,81.0,0.0,6.0,
ECMWF,2026-10-07 12:00,2026-10-16 15:00,210,대구,1,22.8,37.0,,,,625.0,0.0,6.0,
ECMWF,2026-10-07 12:00,2026-10-16 21:00,216,대구,1,13.8,5.0,,,,105.0,0.0,6.0,
ECMWF,2026-10-07 12:00,2026-10-17 03:00,222,대구,1,12.7,53.0,,,,0.0,0.0,6.0,
ECMWF,2026-10-07 12:00,2026-10-17 09:00,228,대구,1,17.8,52.0,,,,54.0,0.0,6.0,
ECMWF,2026-10-07 12:00,2026-10-17 15:00,234,대구,1,23.9,60.0,,,,572.0,0.0,6.0,
ECMWF,2026-10-07 12:00,2026-10-17 21:00,240,대구,1,15.5,73.0,,,,94.0,0.0,6.0,
ECMWF,2026-10-07 12:00,2026-10-07 21:00,0,광주,1,14.7,0.0,,,,,,,
ECMWF,2026-10-07 12:00,2026-10-08 00:00,3,광주,1,12.1,0.0,,,,0.0,0.0,3.0,
ECMWF,2026-10-07 12:00,2026-10-08 03:00,6,광주,1,11.0,0.0,,,,0.0,0.0,3.0,
ECMWF,2026-10-07 12:00,2026-10-08 06:00,9,광주,1,10.4,0.0,,,,0.0,0.0,3.0,
ECMWF,2026-10-07 12:00,2026-10-08 09:00,12,광주,1,18.1,0.0,,,,164.0,0.0,3.0,
ECMWF,2026-10-07 12:00,2026-10-08 12:00,15,광주,1,23.9,0.0,,,,653.0,0.0,3.0,
ECMWF,2026-10-07 12:00,2026-10-08 15:00,18,광주,1,25.2,0.0,,,,712.0,0.0,3.0,
ECMWF,2026-10-07 12:00,2026-10-08 18:00,21,광주,1,21.7,1.0,,,,271.0,0.0,3.0,
ECMWF,2026-10-07 12:00,2026-10-08 21:00,24,광주,1,16.7,1.0,,,,0.0,0.0,3.0,
ECMWF,2026-10-07 12:00,2026-10-09 00:00,27,광주,1,13.6,49.0,,,,0.0,0.0,3.0,
ECMWF,2026-10-07 12:00,2026-10-09 03:00,30,광주,1,11.6,68.0,,,,0.0,0.0,3.0,
ECMWF,2026-10-07 12:00,2026-10-09 06:00,33,광주,1,11.3,93.0,,,,0.0,0.0,3.0,
ECMWF,2026-10-07 12:00,2026-10-09 09:00,36,광주,1,19.1,48.0,,,,157.0,0.0,3.0,
ECMWF,2026-10-07 12:00,2026-10-09 12:00,39,광주,1,24.5,57.0,,,,623.0,0.0,3.0,
ECMWF,2026-10-07 12:00,2026-10-09 15:00,42,광주,1,26.0,87.0,,,,662.0,0.0,3.0,
ECMWF,2026-10-07 12:00,2026-10-09 18:00,45,광주,1,22.1,57.0,,,,213.0,0.0,3.0,
ECMWF,2026-10-07 12:00,2026-10-09 21:00,48,광주,1,18.1,57.0,,,,0.0,0.0,3.0,
ECMWF,2026-10-07 12:00,2026-10-10 00:00,51,광주,1,14.9,6.0,,,,0.0,0.0,3.0,
ECMWF,2026-10-07 12:00,2026-10-10 03:00,54,광주,1,14.6,68.0,,,,0.0,0.0,3.0,
ECMWF,2026-10-07 12:00,2026-10-10 06:00,57,광주,1,15.4,50.0,,,,0.0,0.0,3.0,
ECMWF,2026-10-07 12:00,2026-10-10 09:00,60,광주,1,21.8,15.0,,,,138.0,0.0,3.0,
ECMWF,2026-10-07 12:00,2026-10-10 12:00,63,광주,1,26.7,49.0,,,,528.0,0.0,3.0,
ECMWF,2026-10-07 12:00,2026-10-10 15:00,66,광주,1,26.1,57.0,,,,442.0,0.2,3.0,
ECMWF,2026-10-07 12:00,2026-10-10 18:00,69,광주,1,23.0,25.0,,,,183.0,0.7,3.0,
ECMWF,2026-10-07 12:00,2026-10-10 21:00,72,광주,1,20.5,17.0,,,,0.0,0.1,3.0,
ECMWF,2026-10-07 12:00,2026-10-11 00:00,75,광주,1,18.6,56.0,,,,0.0,0.0,3.0,
ECMWF,2026-10-07 12:00,2026-10-11 03:00,78,광주,1,18.7,76.0,,,,0.0,0.1,3.0,
ECMWF,2026-10-07 12:00,2026-10-11 06:00,81,광주,1,18.5,100.0,,,,0.0,0.1,3.0,
ECMWF,2026-10-07 12:00,2026-10-11 09:00,84,광주,1,19.0,85.0,,,,48.0,1.2,3.0,
ECMWF,2026-10-07 12:00,2026-10-11 12:00,87,광주,1,22.6,86.0,,,,271.0,0.8,3.0,
ECMWF,2026-10-07 12:00,2026-10-11 15:00,90,광주,1,25.2,57.0,,,,344.0,0.1,3.0,
ECMWF,2026-10-07 12:00,2026-10-11 18:00,93,광주,1,21.1,52.0,,,,176.0,1.1,3.0,
ECMWF,2026-10-07 12:00,2026-10-11 21:00,96,광주,1,19.9,29.0,,,,0.0,0.0,3.0,
ECMWF,2026-10-07 12:00,2026-10-12 00:00,99,광주,1,18.3,17.0,,,,0.0,0.0,3.0,
ECMWF,2026-10-07 12:00,2026-10-12 03:00,102,광주,1,18.0,23.0,,,,0.0,0.0,3.0,
ECMWF,2026-10-07 12:00,2026-10-12 06:00,105,광주,1,17.9,50.0,,,,0.0,0.0,3.0,
ECMWF,2026-10-07 12:00,2026-10-12 09:00,108,광주,1,21.7,41.0,,,,111.0,0.0,3.0,
ECMWF,2026-10-07 12:00,2026-10-12 12:00,111,광주,1,26.9,72.0,,,,503.0,0.1,3.0,
ECMWF,2026-10-07 12:00,2026-10-12 15:00,114,광주,1,26.7,68.0,,,,446.0,0.6,3.0,
ECMWF,2026-10-07 12:00,2026-10-12 18:00,117,광주,1,23.2,57.0,,,,174.0,0.3,3.0,
ECMWF,2026-10-07 12:00,2026-10-12 21:00,120,광주,1,21.2,61.0,,,,0.0,0.0,3.0,
ECMWF,2026-10-07 12:00,2026-10-13 00:00,123,광주,1,19.6,89.0,,,,0.0,0.0,3.0,
ECMWF,2026-10-07 12:00,2026-10-13 03:00,126,광주,1,18.9,98.0,,,,0.0,0.0,3.0,
ECMWF,2026-10-07 12:00,2026-10-13 06:00,129,광주,1,19.3,95.0,,,,0.0,0.4,3.0,
ECMWF,2026-10-07 12:00,2026-10-13 09:00,132,광주,1,20.8,79.0,,,,73.0,0.1,3.0,
ECMWF,2026-10-07 12:00,2026-10-13 12:00,135,광주,1,24.9,13.0,,,,506.0,0.1,3.0,
ECMWF,2026-10-07 12:00,2026-10-13 15:00,138,광주,1,25.2,0.0,,,,658.0,0.0,3.0,
ECMWF,2026-10-07 12:00,2026-10-13 18:00,141,광주,1,20.1,57.0,,,,241.0,0.0,3.0,
ECMWF,2026-10-07 12:00,2026-10-13 21:00,144,광주,1,17.1,87.0,,,,0.0,0.0,3.0,
ECMWF,2026-10-07 12:00,2026-10-14 03:00,150,광주,1,16.0,85.0,,,,0.0,0.0,6.0,
ECMWF,2026-10-07 12:00,2026-10-14 09:00,156,광주,1,17.8,0.0,,,,76.0,0.0,6.0,
ECMWF,2026-10-07 12:00,2026-10-14 15:00,162,광주,1,21.5,0.0,,,,681.0,0.0,6.0,
ECMWF,2026-10-07 12:00,2026-10-14 21:00,168,광주,1,12.5,9.0,,,,128.0,0.0,6.0,
ECMWF,2026-10-07 12:00,2026-10-15 03:00,174,광주,1,10.6,97.0,,,,0.0,0.0,6.0,
ECMWF,2026-10-07 12:00,2026-10-15 09:00,180,광주,1,17.0,38.0,,,,61.0,0.0,6.0,
ECMWF,2026-10-07 12:00,2026-10-15 15:00,186,광주,1,24.3,0.0,,,,644.0,0.0,6.0,
ECMWF,2026-10-07 12:00,2026-10-15 21:00,192,광주,1,14.0,0.0,,,,119.0,0.0,6.0,
ECMWF,2026-10-07 12:00,2026-10-16 03:00,198,광주,1,11.8,0.0,,,,0.0,0.0,6.0,
ECMWF,2026-10-07 12:00,2026-10-16 09:00,204,광주,1,19.1,61.0,,,,72.0,0.0,6.0,
ECMWF,2026-10-07 12:00,2026-10-16 15:00,210,광주,1,27.4,11.0,,,,632.0,0.0,6.0,
ECMWF,2026-10-07 12:00,2026-10-16 21:00,216,광주,1,17.9,28.0,,,,116.0,0.0,6.0,
ECMWF,2026-10-07 12:00,2026-10-17 03:00,222,광주,1,15.0,79.0,,,,0.0,0.0,6.0,
ECMWF,2026-10-07 12:00,2026-10-17 09:00,228,광주,1,20.2,67.0,,,,64.0,0.0,6.0,
ECMWF,2026-10-07 12:00,2026-10-17 15:00,234,광주,1,27.8,83.0,,,,502.0,0.0,6.0,
ECMWF,2026-10-07 12:00,2026-10-17 21:00,240,광주,1,22.4,97.0,,,,93.0,0.0,6.0,
ECMWF,2026-10-07 12:00,2026-10-07 21:00,0,부산,1,22.4,0.0,,,,,,,
ECMWF,2026-10-07 12:00,2026-10-08 00:00,3,부산,1,21.4,0.0,,,,0.0,0.0,3.0,
ECMWF,2026-10-07 12:00,2026-10-08 03:00,6,부산,1,19.1,4.0,,,,0.0,0.0,3.0,
ECMWF,2026-10-07 12:00,2026-10-08 06:00,9,부산,1,18.6,7.0,,,,0.0,0.0,3.0,
ECMWF,2026-10-07 12:00,2026-10-08 09:00,12,부산,1,20.7,7.0,,,,176.0,0.0,3.0,
ECMWF,2026-10-07 12:00,2026-10-08 12:00,15,부산,1,22.4,1.0,,,,652.0,0.0,3.0,
ECMWF,2026-10-07 12:00,2026-10-08 15:00,18,부산,1,22.0,2.0,,,,691.0,0.0,3.0,
ECMWF,2026-10-07 12:00,2026-10-08 18:00,21,부산,1,22.3,0.0,,,,241.0,0.0,3.0,
ECMWF,2026-10-07 12:00,2026-10-08 21:00,24,부산,1,22.3,0.0,,,,0.0,0.0,3.0,
ECMWF,2026-10-07 12:00,2026-10-09 00:00,27,부산,1,21.8,0.0,,,,0.0,0.0,3.0,
ECMWF,2026-10-07 12:00,2026-10-09 03:00,30,부산,1,19.9,3.0,,,,0.0,0.0,3.0,
ECMWF,2026-10-07 12:00,2026-10-09 06:00,33,부산,1,18.8,35.0,,,,0.0,0.0,3.0,
ECMWF,2026-10-07 12:00,2026-10-09 09:00,36,부산,1,20.8,83.0,,,,161.0,0.0,3.0,
ECMWF,2026-10-07 12:00,2026-10-09 12:00,39,부산,1,22.3,24.0,,,,635.0,0.0,3.0,
ECMWF,2026-10-07 12:00,2026-10-09 15:00,42,부산,1,22.4,47.0,,,,665.0,0.0,3.0,
ECMWF,2026-10-07 12:00,2026-10-09 18:00,45,부산,1,22.7,24.0,,,,226.0,0.0,3.0,
ECMWF,2026-10-07 12:00,2026-10-09 21:00,48,부산,1,22.8,42.0,,,,0.0,0.0,3.0,
ECMWF,2026-10-07 12:00,2026-10-10 00:00,51,부산,1,23.0,96.0,,,,0.0,0.0,3.0,
ECMWF,2026-10-07 12:00,2026-10-10 03:00,54,부산,1,21.2,75.0,,,,0.0,0.3,3.0,
ECMWF,2026-10-07 12:00,2026-10-10 06:00,57,부산,1,22.2,63.0,,,,0.0,0.2,3.0,
ECMWF,2026-10-07 12:00,2026-10-10 09:00,60,부산,1,23.4,69.0,,,,129.0,0.4,3.0,
ECMWF,2026-10-07 12:00,2026-10-10 12:00,63,부산,1,22.7,73.0,,,,372.0,3.7,3.0,
ECMWF,2026-10-07 12:00,2026-10-10 15:00,66,부산,1,23.6,75.0,,,,448.0,2.6,3.0,
ECMWF,2026-10-07 12:00,2026-10-10 18:00,69,부산,1,24.2,56.0,,,,164.0,0.1,3.0,
ECMWF,2026-10-07 12:00,2026-10-10 21:00,72,부산,1,24.1,61.0,,,,0.0,0.2,3.0,
ECMWF,2026-10-07 12:00,2026-10-11 00:00,75,부산,1,22.5,63.0,,,,0.0,1.7,3.0,
ECMWF,2026-10-07 12:00,2026-10-11 03:00,78,부산,1,22.4,66.0,,,,0.0,0.3,3.0,
ECMWF,2026-10-07 12:00,2026-10-11 06:00,81,부산,1,22.4,65.0,,,,0.0,0.0,3.0,
ECMWF,2026-10-07 12:00,2026-10-11 09:00,84,부산,1,23.5,40.0,,,,130.0,0.1,3.0,
ECMWF,2026-10-07 12:00,2026-10-11 12:00,87,부산,1,23.9,43.0,,,,527.0,0.0,3.0,
ECMWF,2026-10-07 12:00,2026-10-11 15:00,90,부산,1,23.9,23.0,,,,587.0,0.0,3.0,
ECMWF,2026-10-07 12:00,2026-10-11 18:00,93,부산,1,23.5,26.0,,,,202.0,0.0,3.0,
ECMWF,2026-10-07 12:00,2026-10-11 21:00,96,부산,1,23.4,16.0,,,,0.0,0.0,3.0,
ECMWF,2026-10-07 12:00,2026-10-12 00:00,99,부산,1,23.0,9.0,,,,0.0,0.0,3.0,
ECMWF,2026-10-07 12:00,2026-10-12 03:00,102,부산,1,22.5,71.0,,,,0.0,0.0,3.0,
ECMWF,2026-10-07 12:00,2026-10-12 06:00,105,부산,1,22.0,85.0,,,,0.0,0.0,3.0,
ECMWF,2026-10-07 12:00,2026-10-12 09:00,108,부산,1,22.9,49.0,,,,129.0,0.0,3.0,
ECMWF,2026-10-07 12:00,2026-10-12 12:00,111,부산,1,23.8,66.0,,,,474.0,0.0,3.0,
ECMWF,2026-10-07 12:00,2026-10-12 15:00,114,부산,1,23.6,80.0,,,,497.0,0.1,3.0,
ECMWF,2026-10-07 12:00,2026-10-12 18:00,117,부산,1,23.2,77.0,,,,97.0,0.4,3.0,
ECMWF,2026-10-07 12:00,2026-10-12 21:00,120,부산,1,23.0,56.0,,,,0.0,2.4,3.0,
ECMWF,2026-10-07 12:00,2026-10-13 00:00,123,부산,1,23.2,72.0,,,,0.0,0.3,3.0,
ECMWF,2026-10-07 12:00,2026-10-13 03:00,126,부산,1,22.8,77.0,,,,0.0,0.2,3.0,
ECMWF,2026-10-07 12:00,2026-10-13 06:00,129,부산,1,22.7,57.0,,,,0.0,0.1,3.0,
ECMWF,2026-10-07 12:00,2026-10-13 09:00,132,부산,1,22.5,48.0,,,,128.0,0.1,3.0,
ECMWF,2026-10-07 12:00,2026-10-13 12:00,135,부산,1,23.2,20.0,,,,535.0,0.0,3.0,
ECMWF,2026-10-07 12:00,2026-10-13 15:00,138,부산,1,23.3,22.0,,,,589.0,0.0,3.0,
ECMWF,2026-10-07 12:00,2026-10-13 18:00,141,부산,1,23.9,12.0,,,,180.0,0.1,3.0,
ECMWF,2026-10-07 12:00,2026-10-13 21:00,144,부산,1,23.1,32.0,,,,0.0,0.0,3.0,
ECMWF,2026-10-07 12:00,2026-10-14 03:00,150,부산,1,20.0,43.0,,,,0.0,0.0,6.0,
ECMWF,2026-10-07 12:00,2026-10-14 09:00,156,부산,1,19.7,7.0,,,,81.0,0.0,6.0,
ECMWF,2026-10-07 12:00,2026-10-14 15:00,162,부산,1,21.3,3.0,,,,650.0,0.0,6.0,
ECMWF,2026-10-07 12:00,2026-10-14 21:00,168,부산,1,20.3,14.0,,,,106.0,0.0,6.0,
ECMWF,2026-10-07 12:00,2026-10-15 03:00,174,부산,1,18.6,22.0,,,,0.0,0.0,6.0,
ECMWF,2026-10-07 12:00,2026-10-15 09:00,180,부산,1,19.4,62.0,,,,79.0,0.0,6.0,
ECMWF,2026-10-07 12:00,2026-10-15 15:00,186,부산,1,21.4,3.0,,,,591.0,0.0,6.0,
ECMWF,2026-10-07 12:00,2026-10-15 21:00,192,부산,1,21.6,0.0,,,,106.0,0.0,6.0,
ECMWF,2026-10-07 12:00,2026-10-16 03:00,198,부산,1,19.0,1.0,,,,0.0,0.0,6.0,
ECMWF,2026-10-07 12:00,2026-10-16 09:00,204,부산,1,20.0,58.0,,,,81.0,0.0,6.0,
ECMWF,2026-10-07 12:00,2026-10-16 15:00,210,부산,1,22.0,63.0,,,,612.0,0.0,6.0,
ECMWF,2026-10-07 12:00,2026-10-16 21:00,216,부산,1,21.9,54.0,,,,102.0,0.0,6.0,
ECMWF,2026-10-07 12:00,2026-10-17 03:00,222,부산,1,19.7,77.0,,,,0.0,0.0,6.0,
ECMWF,2026-10-07 12:00,2026-10-17 09:00,228,부산,1,21.2,66.0,,,,56.0,0.0,6.0,
ECMWF,2026-10-07 12:00,2026-10-17 15:00,234,부산,1,22.7,46.0,,,,583.0,0.0,6.0,
ECMWF,2026-10-07 12:00,2026-10-17 21:00,240,부산,1,22.6,64.0,,,,81.0,0.0,6.0,
ECMWF,2026-10-07 12:00,2026-10-07 21:00,0,인천,0,17.0,0.0,,,,,,,
ECMWF,2026-10-07 12:00,2026-10-08 00:00,3,인천,0,14.8,6.0,,,,0.0,0.0,3.0,
ECMWF,2026-10-07 12:00,2026-10-08 03:00,6,인천,0,13.0,5.0,,,,0.0,0.0,3.0,
ECMWF,2026-10-07 12:00,2026-10-08 06:00,9,인천,0,12.5,6.0,,,,0.0,0.0,3.0,
ECMWF,2026-10-07 12:00,2026-10-08 09:00,12,인천,0,17.3,2.0,,,,147.0,0.0,3.0,
ECMWF,2026-10-07 12:00,2026-10-08 12:00,15,인천,0,22.5,0.0,,,,610.0,0.0,3.0,
ECMWF,2026-10-07 12:00,2026-10-08 15:00,18,인천,0,23.9,0.0,,,,668.0,0.0,3.0,
ECMWF,2026-10-07 12:00,2026-10-08 18:00,21,인천,0,20.7,0.0,,,,251.0,0.0,3.0,
ECMWF,2026-10-07 12:00,2026-10-08 21:00,24,인천,0,17.2,0.0,,,,0.0,0.0,3.0,
ECMWF,2026-10-07 12:00,2026-10-09 00:00,27,인천,0,15.2,0.0,,,,0.0,0.0,3.0,
ECMWF,2026-10-07 12:00,2026-10-09 03:00,30,인천,0,14.1,14.0,,,,0.0,0.0,3.0,
ECMWF,2026-10-07 12:00,2026-10-09 06:00,33,인천,0,13.5,43.0,,,,0.0,0.0,3.0,
ECMWF,2026-10-07 12:00,2026-10-09 09:00,36,인천,0,17.8,92.0,,,,131.0,0.0,3.0,
ECMWF,2026-10-07 12:00,2026-10-09 12:00,39,인천,0,23.7,98.0,,,,562.0,0.0,3.0,
ECMWF,2026-10-07 12:00,2026-10-09 15:00,42,인천,0,25.0,38.0,,,,560.0,0.0,3.0,
ECMWF,2026-10-07 12:00,2026-10-09 18:00,45,인천,0,22.0,52.0,,,,238.0,0.0,3.0,
ECMWF,2026-10-07 12:00,2026-10-09 21:00,48,인천,0,18.2,97.0,,,,0.0,0.0,3.0,
ECMWF,2026-10-07 12:00,2026-10-10 00:00,51,인천,0,16.5,10.0,,,,0.0,0.0,3.0,
ECMWF,2026-10-07 12:00,2026-10-10 03:00,54,인천,0,14.5,11.0,,,,0.0,0.0,3.0,
ECMWF,2026-10-07 12:00,2026-10-10 06:00,57,인천,0,13.8,13.0,,,,0.0,0.0,3.0,
ECMWF,2026-10-07 12:00,2026-10-10 09:00,60,인천,0,18.7,4.0,,,,143.0,0.0,3.0,
ECMWF,2026-10-07 12:00,2026-10-10 12:00,63,인천,0,25.0,6.0,,,,601.0,0.0,3.0,
ECMWF,2026-10-07 12:00,2026-10-10 15:00,66,인천,0,26.2,35.0,,,,660.0,0.0,3.0,
ECMWF,2026-10-07 12:00,2026-10-10 18:00,69,인천,0,23.1,85.0,,,,240.0,0.0,3.0,
ECMWF,2026-10-07 12:00,2026-10-10 21:00,72,인천,0,19.4,5.0,,,,0.0,0.0,3.0,
ECMWF,2026-10-07 12:00,2026-10-11 00:00,75,인천,0,16.8,23.0,,,,0.0,0.0,3.0,
ECMWF,2026-10-07 12:00,2026-10-11 03:00,78,인천,0,17.1,13.0,,,,0.0,0.0,3.0,
ECMWF,2026-10-07 12:00,2026-10-11 06:00,81,인천,0,15.2,7.0,,,,0.0,0.0,3.0,
ECMWF,2026-10-07 12:00,2026-10-11 09:00,84,인천,0,19.2,1.0,,,,134.0,0.0,3.0,
ECMWF,2026-10-07 12:00,2026-10-11 12:00,87,인천,0,26.3,0.0,,,,583.0,0.0,3.0,
ECMWF,2026-10-07 12:00,2026-10-11 15:00,90,인천,0,27.8,0.0,,,,641.0,0.0,3.0,
ECMWF,2026-10-07 12:00,2026-10-11 18:00,93,인천,0,25.0,2.0,,,,231.0,0.0,3.0,
ECMWF,2026-10-07 12:00,2026-10-11 21:00,96,인천,0,21.9,31.0,,,,0.0,0.0,3.0,
ECMWF,2026-10-07 12:00,2026-10-12 00:00,99,인천,0,20.8,87.0,,,,0.0,0.0,3.0,
ECMWF,2026-10-07 12:00,2026-10-12 03:00,102,인천,0,20.6,56.0,,,,0.0,0.1,3.0,
ECMWF,2026-10-07 12:00,2026-10-12 06:00,105,인천,0,18.5,43.0,,,,0.0,0.6,3.0,
ECMWF,2026-10-07 12:00,2026-10-12 09:00,108,인천,0,20.6,84.0,,,,56.0,0.3,3.0,
ECMWF,2026-10-07 12:00,2026-10-12 12:00,111,인천,0,21.6,88.0,,,,196.0,1.8,3.0,
ECMWF,2026-10-07 12:00,2026-10-12 15:00,114,인천,0,24.4,60.0,,,,384.0,0.2,3.0,
ECMWF,2026-10-07 12:00,2026-10-12 18:00,117,인천,0,21.1,53.0,,,,168.0,0.5,3.0,
ECMWF,2026-10-07 12:00,2026-10-12 21:00,120,인천,0,19.5,92.0,,,,0.0,0.9,3.0,
ECMWF,2026-10-07 12:00,2026-10-13 00:00,123,인천,0,19.1,99.0,,,,0.0,0.1,3.0,
ECMWF,2026-10-07 12:00,2026-10-13 03:00,126,인천,0,18.0,99.0,,,,0.0,2.1,3.0,
ECMWF,2026-10-07 12:00,2026-10-13 06:00,129,인천,0,17.5,70.0,,,,0.0,0.5,3.0,
ECMWF,2026-10-07 12:00,2026-10-13 09:00,132,인천,0,18.8,10.0,,,,117.0,0.0,3.0,
ECMWF,2026-10-07 12:00,2026-10-13 12:00,135,인천,0,23.1,10.0,,,,565.0,0.0,3.0,
ECMWF,2026-10-07 12:00,2026-10-13 15:00,138,인천,0,22.8,18.0,,,,576.0,0.4,3.0,
ECMWF,2026-10-07 12:00,2026-10-13 18:00,141,인천,0,20.2,6.0,,,,193.0,0.3,3.0,
ECMWF,2026-10-07 12:00,2026-10-13 21:00,144,인천,0,18.4,13.0,,,,0.0,0.0,3.0,
ECMWF,2026-10-07 12:00,2026-10-14 03:00,150,인천,0,13.2,0.0,,,,0.0,0.0,6.0,
ECMWF,2026-10-07 12:00,2026-10-14 09:00,156,인천,0,12.9,0.0,,,,72.0,0.0,6.0,
ECMWF,2026-10-07 12:00,2026-10-14 15:00,162,인천,0,19.1,0.0,,,,646.0,0.0,6.0,
ECMWF,2026-10-07 12:00,2026-10-14 21:00,168,인천,0,12.4,32.0,,,,119.0,0.0,6.0,
ECMWF,2026-10-07 12:00,2026-10-15 03:00,174,인천,0,9.0,54.0,,,,0.0,0.0,6.0,
ECMWF,2026-10-07 12:00,2026-10-15 09:00,180,인천,0,13.6,58.0,,,,54.0,0.0,6.0,
ECMWF,2026-10-07 12:00,2026-10-15 15:00,186,인천,0,19.8,20.0,,,,548.0,0.0,6.0,
ECMWF,2026-10-07 12:00,2026-10-15 21:00,192,인천,0,16.8,13.0,,,,100.0,0.0,6.0,
ECMWF,2026-10-07 12:00,2026-10-16 03:00,198,인천,0,14.3,43.0,,,,0.0,0.0,6.0,
ECMWF,2026-10-07 12:00,2026-10-16 09:00,204,인천,0,17.2,90.0,,,,40.0,0.0,6.0,
ECMWF,2026-10-07 12:00,2026-10-16 15:00,210,인천,0,22.6,88.0,,,,514.0,0.0,6.0,
ECMWF,2026-10-07 12:00,2026-10-16 21:00,216,인천,0,17.3,42.0,,,,92.0,0.0,6.0,
ECMWF,2026-10-07 12:00,2026-10-17 03:00,222,인천,0,15.7,84.0,,,,0.0,0.0,6.0,
ECMWF,2026-10-07 12:00,2026-10-17 09:00,228,인천,0,19.0,17.0,,,,60.0,0.0,6.0,
ECMWF,2026-10-07 12:00,2026-10-17 15:00,234,인천,0,26.0,99.0,,,,535.0,0.0,6.0,
ECMWF,2026-10-07 12:00,2026-10-17 21:00,240,인천,0,21.4,100.0,,,,78.0,0.0,6.0,
ECMWF,2026-10-07 12:00,2026-10-07 21:00,0,수원,0,14.9,0.0,,,,,,,
ECMWF,2026-10-07 12:00,2026-10-08 00:00,3,수원,0,13.1,0.0,,,,0.0,0.0,3.0,
ECMWF,2026-10-07 12:00,2026-10-08 03:00,6,수원,0,12.0,0.0,,,,0.0,0.0,3.0,
ECMWF,2026-10-07 12:00,2026-10-08 06:00,9,수원,0,11.6,4.0,,,,0.0,0.0,3.0,
ECMWF,2026-10-07 12:00,2026-10-08 09:00,12,수원,0,17.1,0.0,,,,151.0,0.0,3.0,
ECMWF,2026-10-07 12:00,2026-10-08 12:00,15,수원,0,21.7,0.0,,,,617.0,0.0,3.0,
ECMWF,2026-10-07 12:00,2026-10-08 15:00,18,수원,0,23.3,0.0,,,,672.0,0.0,3.0,
ECMWF,2026-10-07 12:00,2026-10-08 18:00,21,수원,0,19.4,0.0,,,,249.0,0.0,3.0,
ECMWF,2026-10-07 12:00,2026-10-08 21:00,24,수원,0,16.1,0.0,,,,0.0,0.0,3.0,
ECMWF,2026-10-07 12:00,2026-10-09 00:00,27,수원,0,14.7,0.0,,,,0.0,0.0,3.0,
ECMWF,2026-10-07 12:00,2026-10-09 03:00,30,수원,0,13.6,0.0,,,,0.0,0.0,3.0,
ECMWF,2026-10-07 12:00,2026-10-09 06:00,33,수원,0,12.0,35.0,,,,0.0,0.0,3.0,
ECMWF,2026-10-07 12:00,2026-10-09 09:00,36,수원,0,18.0,85.0,,,,138.0,0.0,3.0,
ECMWF,2026-10-07 12:00,2026-10-09 12:00,39,수원,0,23.1,100.0,,,,564.0,0.0,3.0,
ECMWF,2026-10-07 12:00,2026-10-09 15:00,42,수원,0,24.3,21.0,,,,539.0,0.0,3.0,
ECMWF,2026-10-07 12:00,2026-10-09 18:00,45,수원,0,20.4,65.0,,,,246.0,0.0,3.0,
ECMWF,2026-10-07 12:00,2026-10-09 21:00,48,수원,0,16.9,87.0,,,,0.0,0.0,3.0,
ECMWF,2026-10-07 12:00,2026-10-10 00:00,51,수원,0,15.9,20.0,,,,0.0,0.0,3.0,
ECMWF,2026-10-07 12:00,2026-10-10 03:00,54,수원,0,14.3,10.0,,,,0.0,0.0,3.0,
ECMWF,2026-10-07 12:00,2026-10-10 06:00,57,수원,0,13.0,11.0,,,,0.0,0.0,3.0,
ECMWF,2026-10-07 12:00,2026-10-10 09:00,60,수원,0,19.9,1.0,,,,146.0,0.0,3.0,
ECMWF,2026-10-07 12:00,2026-10-10 12:00,63,수원,0,24.9,1.0,,,,604.0,0.0,3.0,
ECMWF,2026-10-07 12:00,2026-10-10 15:00,66,수원,0,25.9,9.0,,,,659.0,0.0,3.0,
ECMWF,2026-10-07 12:00,2026-10-10 18:00,69,수원,0,22.3,49.0,,,,238.0,0.0,3.0,
ECMWF,2026-10-07 12:00,2026-10-10 21:00,72,수원,0,19.3,26.0,,,,0.0,0.0,3.0,
ECMWF,2026-10-07 12:00,2026-10-11 00:00,75,수원,0,18.1,79.0,,,,0.0,0.0,3.0,
ECMWF,2026-10-07 12:00,2026-10-11 03:00,78,수원,0,17.9,79.0,,,,0.0,0.0,3.0,
ECMWF,2026-10-07 12:00,2026-10-11 06:00,81,수원,0,16.8,16.0,,,,0.0,0.0,3.0,
ECMWF,2026-10-07 12:00,2026-10-11 09:00,84,수원,0,21.9,15.0,,,,137.0,0.0,3.0,
ECMWF,2026-10-07 12:00,2026-10-11 12:00,87,수원,0,26.7,6.0,,,,571.0,0.0,3.0,
ECMWF,2026-10-07 12:00,2026-10-11 15:00,90,수원,0,28.0,7.0,,,,640.0,0.0,3.0,
ECMWF,2026-10-07 12:00,2026-10-11 18:00,93,수원,0,24.6,14.0,,,,225.0,0.0,3.0,
ECMWF,2026-10-07 12:00,2026-10-11 21:00,96,수원,0,22.2,24.0,,,,0.0,0.0,3.0,
ECMWF,2026-10-07 12:00,2026-10-12 00:00,99,수원,0,20.5,33.0,,,,0.0,0.0,3.0,
ECMWF,2026-10-07 12:00,2026-10-12 03:00,102,수원,0,19.6,30.0,,,,0.0,0.0,3.0,
ECMWF,2026-10-07 12:00,2026-10-12 06:00,105,수원,0,18.8,23.0,,,,0.0,0.0,3.0,
ECMWF,2026-10-07 12:00,2026-10-12 09:00,108,수원,0,21.3,72.0,,,,77.0,0.0,3.0,
ECMWF,2026-10-07 12:00,2026-10-12 12:00,111,수원,0,23.1,93.0,,,,306.0,0.4,3.0,
ECMWF,2026-10-07 12:00,2026-10-12 15:00,114,수원,0,24.1,59.0,,,,301.0,0.5,3.0,
ECMWF,2026-10-07 12:00,2026-10-12 18:00,117,수원,0,22.0,47.0,,,,161.0,0.1,3.0,
ECMWF,2026-10-07 12:00,2026-10-12 21:00,120,수원,0,19.8,78.0,,,,0.0,0.1,3.0,
ECMWF,2026-10-07 12:00,2026-10-13 00:00,123,수원,0,19.1,100.0,,,,0.0,1.6,3.0,
ECMWF,2026-10-07 12:00,2026-10-13 03:00,126,수원,0,18.4,100.0,,,,0.0,9.5,3.0,
ECMWF,2026-10-07 12:00,2026-10-13 06:00,129,수원,0,17.7,70.0,,,,0.0,1.8,3.0,
ECMWF,2026-10-07 12:00,2026-10-13 09:00,132,수원,0,19.7,18.0,,,,131.0,0.0,3.0,
ECMWF,2026-10-07 12:00,2026-10-13 12:00,135,수원,0,22.9,4.0,,,,574.0,0.0,3.0,
ECMWF,2026-10-07 12:00,2026-10-13 15:00,138,수원,0,22.7,17.0,,,,607.0,0.0,3.0,
ECMWF,2026-10-07 12:00,2026-10-13 18:00,141,수원,0,19.2,9.0,,,,203.0,0.1,3.0,
ECMWF,2026-10-07 12:00,2026-10-13 21:00,144,수원,0,18.0,14.0,,,,0.0,0.0,3.0,
ECMWF,2026-10-07 12:00,2026-10-14 03:00,150,수원,0,13.4,1.0,,,,0.0,0.0,6.0,
ECMWF,2026-10-07 12:00,2026-10-14 09:00,156,수원,0,13.4,0.0,,,,75.0,0.0,6.0,
ECMWF,2026-10-07 12:00,2026-10-14 15:00,162,수원,0,18.8,0.0,,,,650.0,0.0,6.0,
ECMWF,2026-10-07 12:00,2026-10-14 21:00,168,수원,0,11.8,32.0,,,,119.0,0.0,6.0,
ECMWF,2026-10-07 12:00,2026-10-15 03:00,174,수원,0,8.8,60.0,,,,0.0,0.0,6.0,
ECMWF,2026-10-07 12:00,2026-10-15 09:00,180,수원,0,13.7,15.0,,,,68.0,0.0,6.0,
ECMWF,2026-10-07 12:00,2026-10-15 15:00,186,수원,0,19.7,58.0,,,,610.0,0.0,6.0,
ECMWF,2026-10-07 12:00,2026-10-15 21:00,192,수원,0,14.5,28.0,,,,88.0,0.0,6.0,
ECMWF,2026-10-07 12:00,2026-10-16 03:00,198,수원,0,12.1,22.0,,,,0.0,0.0,6.0,
ECMWF,2026-10-07 12:00,2026-10-16 09:00,204,수원,0,17.2,94.0,,,,46.0,0.0,6.0,
ECMWF,2026-10-07 12:00,2026-10-16 15:00,210,수원,0,22.5,74.0,,,,558.0,0.0,6.0,
ECMWF,2026-10-07 12:00,2026-10-16 21:00,216,수원,0,16.2,77.0,,,,98.0,0.0,6.0,
ECMWF,2026-10-07 12:00,2026-10-17 03:00,222,수원,0,15.7,89.0,,,,0.0,0.0,6.0,
ECMWF,2026-10-07 12:00,2026-10-17 09:00,228,수원,0,19.0,12.0,,,,63.0,0.0,6.0,
ECMWF,2026-10-07 12:00,2026-10-17 15:00,234,수원,0,25.4,100.0,,,,552.0,0.0,6.0,
ECMWF,2026-10-07 12:00,2026-10-17 21:00,240,수원,0,20.2,100.0,,,,69.0,0.0,6.0,
ECMWF,2026-10-07 12:00,2026-10-07 21:00,0,전주,0,15.3,0.0,,,,,,,
ECMWF,2026-10-07 12:00,2026-10-08 00:00,3,전주,0,13.1,0.0,,,,0.0,0.0,3.0,
ECMWF,2026-10-07 12:00,2026-10-08 03:00,6,전주,0,11.8,0.0,,,,0.0,0.0,3.0,
ECMWF,2026-10-07 12:00,2026-10-08 06:00,9,전주,0,10.6,16.0,,,,0.0,0.0,3.0,
ECMWF,2026-10-07 12:00,2026-10-08 09:00,12,전주,0,17.7,0.0,,,,159.0,0.0,3.0,
ECMWF,2026-10-07 12:00,2026-10-08 12:00,15,전주,0,22.7,0.0,,,,639.0,0.0,3.0,
ECMWF,2026-10-07 12:00,2026-10-08 15:00,18,전주,0,23.3,0.0,,,,699.0,0.0,3.0,
ECMWF,2026-10-07 12:00,2026-10-08 18:00,21,전주,0,19.0,0.0,,,,263.0,0.0,3.0,
ECMWF,2026-10-07 12:00,2026-10-08 21:00,24,전주,0,15.2,0.0,,,,0.0,0.0,3.0,
ECMWF,2026-10-07 12:00,2026-10-09 00:00,27,전주,0,13.4,4.0,,,,0.0,0.0,3.0,
ECMWF,2026-10-07 12:00,2026-10-09 03:00,30,전주,0,11.4,24.0,,,,0.0,0.0,3.0,
ECMWF,2026-10-07 12:00,2026-10-09 06:00,33,전주,0,10.9,83.0,,,,0.0,0.0,3.0,
ECMWF,2026-10-07 12:00,2026-10-09 09:00,36,전주,0,18.1,57.0,,,,127.0,0.0,3.0,
ECMWF,2026-10-07 12:00,2026-10-09 12:00,39,전주,0,23.5,47.0,,,,617.0,0.0,3.0,
ECMWF,2026-10-07 12:00,2026-10-09 15:00,42,전주,0,24.0,97.0,,,,609.0,0.0,3.0,
ECMWF,2026-10-07 12:00,2026-10-09 18:00,45,전주,0,19.6,73.0,,,,164.0,0.0,3.0,
ECMWF,2026-10-07 12:00,2026-10-09 21:00,48,전주,0,16.5,39.0,,,,0.0,0.0,3.0,
ECMWF,2026-10-07 12:00,2026-10-10 00:00,51,전주,0,14.0,4.0,,,,0.0,0.0,3.0,
ECMWF,2026-10-07 12:00,2026-10-10 03:00,54,전주,0,12.4,33.0,,,,0.0,0.0,3.0,
ECMWF,2026-10-07 12:00,2026-10-10 06:00,57,전주,0,14.1,82.0,,,,0.0,0.0,3.0,
ECMWF,2026-10-07 12:00,2026-10-10 09:00,60,전주,0,19.0,5.0,,,,118.0,0.0,3.0,
ECMWF,2026-10-07 12:00,2026-10-10 12:00,63,전주,0,25.2,26.0,,,,601.0,0.0,3.0,
ECMWF,2026-10-07 12:00,2026-10-10 15:00,66,전주,0,26.5,24.0,,,,626.0,0.0,3.0,
ECMWF,2026-10-07 12:00,2026-10-10 18:00,69,전주,0,22.4,15.0,,,,230.0,0.0,3.0,
ECMWF,2026-10-07 12:00,2026-10-10 21:00,72,전주,0,18.6,13.0,,,,0.0,0.0,3.0,
ECMWF,2026-10-07 12:00,2026-10-11 00:00,75,전주,0,16.5,14.0,,,,0.0,0.0,3.0,
ECMWF,2026-10-07 12:00,2026-10-11 03:00,78,전주,0,16.2,18.0,,,,0.0,0.0,3.0,
ECMWF,2026-10-07 12:00,2026-10-11 06:00,81,전주,0,16.4,72.0,,,,0.0,0.0,3.0,
ECMWF,2026-10-07 12:00,2026-10-11 09:00,84,전주,0,21.5,55.0,,,,87.0,0.0,3.0,
ECMWF,2026-10-07 12:00,2026-10-11 12:00,87,전주,0,25.2,71.0,,,,380.0,0.5,3.0,
ECMWF,2026-10-07 12:00,2026-10-11 15:00,90,전주,0,26.7,36.0,,,,526.0,0.1,3.0,
ECMWF,2026-10-07 12:00,2026-10-11 18:00,93,전주,0,21.4,34.0,,,,209.0,1.5,3.0,
ECMWF,2026-10-07 12:00,2026-10-11 21:00,96,전주,0,19.5,32.0,,,,0.0,0.1,3.0,
ECMWF,2026-10-07 12:00,2026-10-12 00:00,99,전주,0,18.3,12.0,,,,0.0,0.0,3.0,
ECMWF,2026-10-07 12:00,2026-10-12 03:00,102,전주,0,17.7,29.0,,,,0.0,0.0,3.0,
ECMWF,2026-10-07 12:00,2026-10-12 06:00,105,전주,0,18.0,58.0,,,,0.0,0.0,3.0,
ECMWF,2026-10-07 12:00,2026-10-12 09:00,108,전주,0,22.1,48.0,,,,113.0,0.0,3.0,
ECMWF,2026-10-07 12:00,2026-10-12 12:00,111,전주,0,26.7,48.0,,,,469.0,0.0,3.0,
ECMWF,2026-10-07 12:00,2026-10-12 15:00,114,전주,0,27.3,44.0,,,,453.0,0.0,3.0,
ECMWF,2026-10-07 12:00,2026-10-12 18:00,117,전주,0,22.9,61.0,,,,180.0,0.6,3.0,
ECMWF,2026-10-07 12:00,2026-10-12 21:00,120,전주,0,20.5,64.0,,,,0.0,0.6,3.0,
ECMWF,2026-10-07 12:00,2026-10-13 00:00,123,전주,0,19.4,79.0,,,,0.0,0.1,3.0,
ECMWF,2026-10-07 12:00,2026-10-13 03:00,126,전주,0,18.9,99.0,,,,0.0,1.3,3.0,
ECMWF,2026-10-07 12:00,2026-10-13 06:00,129,전주,0,18.8,95.0,,,,0.0,3.9,3.0,
ECMWF,2026-10-07 12:00,2026-10-13 09:00,132,전주,0,20.3,75.0,,,,80.0,0.1,3.0,
ECMWF,2026-10-07 12:00,2026-10-13 12:00,135,전주,0,24.3,4.0,,,,494.0,0.2,3.0,
ECMWF,2026-10-07 12:00,2026-10-13 15:00,138,전주,0,24.4,0.0,,,,650.0,0.0,3.0,
ECMWF,2026-10-07 12:00,2026-10-13 18:00,141,전주,0,19.8,62.0,,,,233.0,0.0,3.0,
ECMWF,2026-10-07 12:00,2026-10-13 21:00,144,전주,0,17.5,81.0,,,,0.0,0.0,3.0,
ECMWF,2026-10-07 12:00,2026-10-14 03:00,150,전주,0,16.0,80.0,,,,0.0,0.0,6.0,
ECMWF,2026-10-07 12:00,2026-10-14 09:00,156,전주,0,15.8,0.0,,,,75.0,0.0,6.0,
ECMWF,2026-10-07 12:00,2026-10-14 15:00,162,전주,0,20.7,0.0,,,,667.0,0.0,6.0,
ECMWF,2026-10-07 12:00,2026-10-14 21:00,168,전주,0,11.9,29.0,,,,125.0,0.0,6.0,
ECMWF,2026-10-07 12:00,2026-10-15 03:00,174,전주,0,10.3,89.0,,,,0.0,0.0,6.0,
ECMWF,2026-10-07 12:00,2026-10-15 09:00,180,전주,0,16.0,9.0,,,,65.0,0.0,6.0,
ECMWF,2026-10-07 12:00,2026-10-15 15:00,186,전주,0,21.6,0.0,,,,633.0,0.0,6.0,
ECMWF,2026-10-07 12:00,2026-10-15 21:00,192,전주,0,14.0,0.0,,,,116.0,0.0,6.0,
ECMWF,2026-10-07 12:00,2026-10-16 03:00,198,전주,0,11.6,0.0,,,,0.0,0.0,6.0,
ECMWF,2026-10-07 12:00,2026-10-16 09:00,204,전주,0,18.3,36.0,,,,66.0,0.0,6.0,
ECMWF,2026-10-07 12:00,2026-10-16 15:00,210,전주,0,25.5,9.0,,,,620.0,0.0,6.0,
ECMWF,2026-10-07 12:00,2026-10-16 21:00,216,전주,0,16.1,33.0,,,,112.0,0.0,6.0,
ECMWF,2026-10-07 12:00,2026-10-17 03:00,222,전주,0,15.6,79.0,,,,0.0,0.0,6.0,
ECMWF,2026-10-07 12:00,2026-10-17 09:00,228,전주,0,19.8,57.0,,,,56.0,0.0,6.0,
ECMWF,2026-10-07 12:00,2026-10-17 15:00,234,전주,0,27.3,56.0,,,,561.0,0.0,6.0,
ECMWF,2026-10-07 12:00,2026-10-17 21:00,240,전주,0,20.8,96.0,,,,96.0,0.0,6.0,
ECMWF,2026-10-07 12:00,2026-10-07 21:00,0,강릉,0,15.1,0.0,,,,,,,
ECMWF,2026-10-07 12:00,2026-10-08 00:00,3,강릉,0,13.8,0.0,,,,0.0,0.0,3.0,
ECMWF,2026-10-07 12:00,2026-10-08 03:00,6,강릉,0,12.0,0.0,,,,0.0,0.0,3.0,
ECMWF,2026-10-07 12:00,2026-10-08 06:00,9,강릉,0,11.6,6.0,,,,0.0,0.0,3.0,
ECMWF,2026-10-07 12:00,2026-10-08 09:00,12,강릉,0,18.8,1.0,,,,168.0,0.0,3.0,
ECMWF,2026-10-07 12:00,2026-10-08 12:00,15,강릉,0,22.2,0.0,,,,630.0,0.0,3.0,
ECMWF,2026-10-07 12:00,2026-10-08 15:00,18,강릉,0,22.4,0.0,,,,664.0,0.0,3.0,
ECMWF,2026-10-07 12:00,2026-10-08 18:00,21,강릉,0,19.8,0.0,,,,227.0,0.0,3.0,
ECMWF,2026-10-07 12:00,2026-10-08 21:00,24,강릉,0,15.2,0.0,,,,0.0,0.0,3.0,
ECMWF,2026-10-07 12:00,2026-10-09 00:00,27,강릉,0,14.1,0.0,,,,0.0,0.0,3.0,
ECMWF,2026-10-07 12:00,2026-10-09 03:00,30,강릉,0,13.1,0.0,,,,0.0,0.0,3.0,
ECMWF,2026-10-07 12:00,2026-10-09 06:00,33,강릉,0,12.6,6.0,,,,0.0,0.0,3.0,
ECMWF,2026-10-07 12:00,2026-10-09 09:00,36,강릉,0,19.5,4.0,,,,162.0,0.0,3.0,
ECMWF,2026-10-07 12:00,2026-10-09 12:00,39,강릉,0,23.9,46.0,,,,626.0,0.0,3.0,
ECMWF,2026-10-07 12:00,2026-10-09 15:00,42,강릉,0,23.6,92.0,,,,639.0,0.0,3.0,
ECMWF,2026-10-07 12:00,2026-10-09 18:00,45,강릉,0,20.9,52.0,,,,170.0,0.0,3.0,
ECMWF,2026-10-07 12:00,2026-10-09 21:00,48,강릉,0,16.7,47.0,,,,0.0,0.0,3.0,
ECMWF,2026-10-07 12:00,2026-10-10 00:00,51,강릉,0,13.9,39.0,,,,0.0,0.0,3.0,
ECMWF,2026-10-07 12:00,2026-10-10 03:00,54,강릉,0,12.9,7.0,,,,0.0,0.0,3.0,
ECMWF,2026-10-07 12:00,2026-10-10 06:00,57,강릉,0,13.2,7.0,,,,0.0,0.0,3.0,
ECMWF,2026-10-07 12:00,2026-10-10 09:00,60,강릉,0,20.4,4.0,,,,158.0,0.0,3.0,
ECMWF,2026-10-07 12:00,2026-10-10 12:00,63,강릉,0,22.7,3.0,,,,608.0,0.0,3.0,
ECMWF,2026-10-07 12:00,2026-10-10 15:00,66,강릉,0,22.8,15.0,,,,631.0,0.0,3.0,
ECMWF,2026-10-07 12:00,2026-10-10 18:00,69,강릉,0,21.0,44.0,,,,199.0,0.0,3.0,
ECMWF,2026-10-07 12:00,2026-10-10 21:00,72,강릉,0,17.2,52.0,,,,0.0,0.0,3.0,
ECMWF,2026-10-07 12:00,2026-10-11 00:00,75,강릉,0,15.8,20.0,,,,0.0,0.0,3.0,
ECMWF,2026-10-07 12:00,2026-10-11 03:00,78,강릉,0,15.1,13.0,,,,0.0,0.0,3.0,
ECMWF,2026-10-07 12:00,2026-10-11 06:00,81,강릉,0,15.7,8.0,,,,0.0,0.0,3.0,
ECMWF,2026-10-07 12:00,2026-10-11 09:00,84,강릉,0,21.6,2.0,,,,152.0,0.0,3.0,
ECMWF,2026-10-07 12:00,2026-10-11 12:00,87,강릉,0,22.8,17.0,,,,588.0,0.0,3.0,
ECMWF,2026-10-07 12:00,2026-10-11 15:00,90,강릉,0,22.6,16.0,,,,589.0,0.0,3.0,
ECMWF,2026-10-07 12:00,2026-10-11 18:00,93,강릉,0,20.9,17.0,,,,197.0,0.0,3.0,
ECMWF,2026-10-07 12:00,2026-10-11 21:00,96,강릉,0,18.5,47.0,,,,0.0,0.0,3.0,
ECMWF,2026-10-07 12:00,2026-10-12 00:00,99,강릉,0,17.3,42.0,,,,0.0,0.0,3.0,
ECMWF,2026-10-07 12:00,2026-10-12 03:00,102,강릉,0,16.8,60.0,,,,0.0,0.0,3.0,
ECMWF,2026-10-07 12:00,2026-10-12 06:00,105,강릉,0,16.8,75.0,,,,0.0,0.0,3.0,
ECMWF,2026-10-07 12:00,2026-10-12 09:00,108,강릉,0,20.9,56.0,,,,132.0,0.0,3.0,
ECMWF,2026-10-07 12:00,2026-10-12 12:00,111,강릉,0,22.5,31.0,,,,494.0,0.0,3.0,
ECMWF,2026-10-07 12:00,2026-10-12 15:00,114,강릉,0,22.9,75.0,,,,533.0,0.3,3.0,
ECMWF,2026-10-07 12:00,2026-10-12 18:00,117,강릉,0,21.0,63.0,,,,137.0,0.1,3.0,
ECMWF,2026-10-07 12:00,2026-10-12 21:00,120,강릉,0,19.4,38.0,,,,0.0,0.0,3.0,
ECMWF,2026-10-07 12:00,2026-10-13 00:00,123,강릉,0,18.1,58.0,,,,0.0,0.0,3.0,
ECMWF,2026-10-07 12:00,2026-10-13 03:00,126,강릉,0,17.4,97.0,,,,0.0,3.9,3.0,
ECMWF,2026-10-07 12:00,2026-10-13 06:00,129,강릉,0,18.5,98.0,,,,0.0,9.8,3.0,
ECMWF,2026-10-07 12:00,2026-10-13 09:00,132,강릉,0,20.3,34.0,,,,88.0,0.2,3.0,
ECMWF,2026-10-07 12:00,2026-10-13 12:00,135,강릉,0,24.7,3.0,,,,561.0,0.0,3.0,
ECMWF,2026-10-07 12:00,2026-10-13 15:00,138,강릉,0,25.3,15.0,,,,618.0,0.0,3.0,
ECMWF,2026-10-07 12:00,2026-10-13 18:00,141,강릉,0,22.1,7.0,,,,188.0,0.0,3.0,
ECMWF,2026-10-07 12:00,2026-10-13 21:00,144,강릉,0,20.0,6.0,,,,0.0,0.0,3.0,
ECMWF,2026-10-07 12:00,2026-10-14 03:00,150,강릉,0,15.7,32.0,,,,0.0,0.0,6.0,
ECMWF,2026-10-07 12:00,2026-10-14 09:00,156,강릉,0,16.8,18.0,,,,70.0,0.0,6.0,
ECMWF,2026-10-07 12:00,2026-10-14 15:00,162,강릉,0,17.7,5.0,,,,593.0,0.0,6.0,
ECMWF,2026-10-07 12:00,2026-10-14 21:00,168,강릉,0,12.1,3.0,,,,99.0,0.0,6.0,
ECMWF,2026-10-07 12:00,2026-10-15 03:00,174,강릉,0,11.0,60.0,,,,0.0,0.0,6.0,
ECMWF,2026-10-07 12:00,2026-10-15 09:00,180,강릉,0,17.2,4.0,,,,75.0,0.0,6.0,
ECMWF,2026-10-07 12:00,2026-10-15 15:00,186,강릉,0,20.1,1.0,,,,603.0,0.0,6.0,
ECMWF,2026-10-07 12:00,2026-10-15 21:00,192,강릉,0,15.4,21.0,,,,99.0,0.0,6.0,
ECMWF,2026-10-07 12:00,2026-10-16 03:00,198,강릉,0,12.7,13.0,,,,0.0,0.0,6.0,
ECMWF,2026-10-07 12:00,2026-10-16 09:00,204,강릉,0,17.1,14.0,,,,71.0,0.0,6.0,
ECMWF,2026-10-07 12:00,2026-10-16 15:00,210,강릉,0,20.5,89.0,,,,596.0,0.0,6.0,
ECMWF,2026-10-07 12:00,2026-10-16 21:00,216,강릉,0,15.0,97.0,,,,79.0,0.0,6.0,
ECMWF,2026-10-07 12:00,2026-10-17 03:00,222,강릉,0,13.8,62.0,,,,0.0,0.0,6.0,
ECMWF,2026-10-07 12:00,2026-10-17 09:00,228,강릉,0,18.9,26.0,,,,67.0,0.0,6.0,
ECMWF,2026-10-07 12:00,2026-10-17 15:00,234,강릉,0,21.7,99.0,,,,575.0,0.0,6.0,
ECMWF,2026-10-07 12:00,2026-10-17 21:00,240,강릉,0,16.5,99.0,,,,58.0,0.0,6.0,
ECMWF,2026-10-07 12:00,2026-10-07 21:00,0,제주,0,17.9,2.0,,,,,,,
ECMWF,2026-10-07 12:00,2026-10-08 00:00,3,제주,0,17.7,6.0,,,,0.0,0.0,3.0,
ECMWF,2026-10-07 12:00,2026-10-08 03:00,6,제주,0,16.9,4.0,,,,0.0,0.0,3.0,
ECMWF,2026-10-07 12:00,2026-10-08 06:00,9,제주,0,16.6,2.0,,,,0.0,0.0,3.0,
ECMWF,2026-10-07 12:00,2026-10-08 09:00,12,제주,0,19.2,1.0,,,,160.0,0.0,3.0,
ECMWF,2026-10-07 12:00,2026-10-08 12:00,15,제주,0,20.4,16.0,,,,664.0,0.0,3.0,
ECMWF,2026-10-07 12:00,2026-10-08 15:00,18,제주,0,21.3,27.0,,,,641.0,0.0,3.0,
ECMWF,2026-10-07 12:00,2026-10-08 18:00,21,제주,0,19.7,13.0,,,,259.0,0.0,3.0,
ECMWF,2026-10-07 12:00,2026-10-08 21:00,24,제주,0,18.1,32.0,,,,0.0,0.0,3.0,
ECMWF,2026-10-07 12:00,2026-10-09 00:00,27,제주,0,17.2,64.0,,,,0.0,0.0,3.0,
ECMWF,2026-10-07 12:00,2026-10-09 03:00,30,제주,0,18.2,33.0,,,,0.0,0.0,3.0,
ECMWF,2026-10-07 12:00,2026-10-09 06:00,33,제주,0,17.7,49.0,,,,0.0,0.0,3.0,
ECMWF,2026-10-07 12:00,2026-10-09 09:00,36,제주,0,20.6,47.0,,,,147.0,0.0,3.0,
ECMWF,2026-10-07 12:00,2026-10-09 12:00,39,제주,0,20.9,28.0,,,,540.0,0.1,3.0,
ECMWF,2026-10-07 12:00,2026-10-09 15:00,42,제주,0,20.8,56.0,,,,628.0,0.1,3.0,
ECMWF,2026-10-07 12:00,2026-10-09 18:00,45,제주,0,20.1,62.0,,,,191.0,0.0,3.0,
ECMWF,2026-10-07 12:00,2026-10-09 21:00,48,제주,0,18.7,36.0,,,,0.0,0.0,3.0,
ECMWF,2026-10-07 12:00,2026-10-10 00:00,51,제주,0,19.1,30.0,,,,0.0,0.0,3.0,
ECMWF,2026-10-07 12:00,2026-10-10 03:00,54,제주,0,18.3,13.0,,,,0.0,0.0,3.0,
ECMWF,2026-10-07 12:00,2026-10-10 06:00,57,제주,0,18.4,42.0,,,,0.0,0.0,3.0,
ECMWF,2026-10-07 12:00,2026-10-10 09:00,60,제주,0,20.0,66.0,,,,71.0,0.0,3.0,
ECMWF,2026-10-07 12:00,2026-10-10 12:00,63,제주,0,21.0,45.0,,,,321.0,0.1,3.0,
ECMWF,2026-10-07 12:00,2026-10-10 15:00,66,제주,0,21.5,36.0,,,,561.0,0.0,3.0,
ECMWF,2026-10-07 12:00,2026-10-10 18:00,69,제주,0,20.6,77.0,,,,192.0,0.3,3.0,
ECMWF,2026-10-07 12:00,2026-10-10 21:00,72,제주,0,20.6,90.0,,,,0.0,1.6,3.0,
ECMWF,2026-10-07 12:00,2026-10-11 00:00,75,제주,0,20.9,96.0,,,,0.0,3.6,3.0,
ECMWF,2026-10-07 12:00,2026-10-11 03:00,78,제주,0,21.1,76.0,,,,0.0,0.3,3.0,
ECMWF,2026-10-07 12:00,2026-10-11 06:00,81,제주,0,20.4,81.0,,,,0.0,2.2,3.0,
ECMWF,2026-10-07 12:00,2026-10-11 09:00,84,제주,0,21.9,65.0,,,,67.0,0.5,3.0,
ECMWF,2026-10-07 12:00,2026-10-11 12:00,87,제주,0,23.8,59.0,,,,378.0,0.3,3.0,
ECMWF,2026-10-07 12:00,2026-10-11 15:00,90,제주,0,23.8,50.0,,,,516.0,0.2,3.0,
ECMWF,2026-10-07 12:00,2026-10-11 18:00,93,제주,0,22.5,53.0,,,,155.0,0.2,3.0,
ECMWF,2026-10-07 12:00,2026-10-11 21:00,96,제주,0,22.0,50.0,,,,0.0,0.1,3.0,
ECMWF,2026-10-07 12:00,2026-10-12 00:00,99,제주,0,21.8,60.0,,,,0.0,0.1,3.0,
ECMWF,2026-10-07 12:00,2026-10-12 03:00,102,제주,0,21.6,55.0,,,,0.0,0.1,3.0,
ECMWF,2026-10-07 12:00,2026-10-12 06:00,105,제주,0,21.3,46.0,,,,0.0,0.0,3.0,
ECMWF,2026-10-07 12:00,2026-10-12 09:00,108,제주,0,23.1,31.0,,,,111.0,0.0,3.0,
ECMWF,2026-10-07 12:00,2026-10-12 12:00,111,제주,0,24.6,47.0,,,,521.0,0.7,3.0,
ECMWF,2026-10-07 12:00,2026-10-12 15:00,114,제주,0,23.0,30.0,,,,563.0,2.5,3.0,
ECMWF,2026-10-07 12:00,2026-10-12 18:00,117,제주,0,22.0,30.0,,,,223.0,1.0,3.0,
ECMWF,2026-10-07 12:00,2026-10-12 21:00,120,제주,0,20.8,46.0,,,,0.0,0.3,3.0,
ECMWF,2026-10-07 12:00,2026-10-13 00:00,123,제주,0,20.3,36.0,,,,0.0,0.1,3.0,
ECMWF,2026-10-07 12:00,2026-10-13 03:00,126,제주,0,19.2,46.0,,,,0.0,0.0,3.0,
ECMWF,2026-10-07 12:00,2026-10-13 06:00,129,제주,0,20.1,51.0,,,,0.0,0.0,3.0,
ECMWF,2026-10-07 12:00,2026-10-13 09:00,132,제주,0,21.1,30.0,,,,119.0,0.3,3.0,
ECMWF,2026-10-07 12:00,2026-10-13 12:00,135,제주,0,21.5,24.0,,,,540.0,1.0,3.0,
ECMWF,2026-10-07 12:00,2026-10-13 15:00,138,제주,0,21.2,18.0,,,,609.0,1.0,3.0,
ECMWF,2026-10-07 12:00,2026-10-13 18:00,141,제주,0,19.7,1.0,,,,233.0,0.1,3.0,
ECMWF,2026-10-07 12:00,2026-10-13 21:00,144,제주,0,18.8,1.0,,,,0.0,0.0,3.0,
ECMWF,2026-10-07 12:00,2026-10-14 03:00,150,제주,0,18.2,28.0,,,,0.0,0.6,6.0,
ECMWF,2026-10-07 12:00,2026-10-14 09:00,156,제주,0,18.6,7.0,,,,60.0,0.3,6.0,
ECMWF,2026-10-07 12:00,2026-10-14 15:00,162,제주,0,19.8,0.0,,,,678.0,0.0,6.0,
ECMWF,2026-10-07 12:00,2026-10-14 21:00,168,제주,0,16.1,27.0,,,,136.0,0.0,6.0,
ECMWF,2026-10-07 12:00,2026-10-15 03:00,174,제주,0,14.9,93.0,,,,0.0,0.0,6.0,
ECMWF,2026-10-07 12:00,2026-10-15 09:00,180,제주,0,18.0,25.0,,,,76.0,0.0,6.0,
ECMWF,2026-10-07 12:00,2026-10-15 15:00,186,제주,0,19.4,5.0,,,,647.0,0.0,6.0,
ECMWF,2026-10-07 12:00,2026-10-15 21:00,192,제주,0,17.3,0.0,,,,130.0,0.0,6.0,
ECMWF,2026-10-07 12:00,2026-10-16 03:00,198,제주,0,17.3,4.0,,,,0.0,0.0,6.0,
ECMWF,2026-10-07 12:00,2026-10-16 09:00,204,제주,0,20.6,22.0,,,,72.0,0.0,6.0,
ECMWF,2026-10-07 12:00,2026-10-16 15:00,210,제주,0,23.0,37.0,,,,651.0,0.0,6.0,
ECMWF,2026-10-07 12:00,2026-10-16 21:00,216,제주,0,19.8,13.0,,,,107.0,0.0,6.0,
ECMWF,2026-10-07 12:00,2026-10-17 03:00,222,제주,0,18.1,74.0,,,,0.0,0.0,6.0,
ECMWF,2026-10-07 12:00,2026-10-17 09:00,228,제주,0,22.4,87.0,,,,41.0,0.0,6.0,
ECMWF,2026-10-07 12:00,2026-10-17 15:00,234,제주,0,24.9,62.0,,,,499.0,0.3,6.0,
ECMWF,2026-10-07 12:00,2026-10-17 21:00,240,제주,0,22.2,98.0,,,,88.0,0.5,6.0,
ECMWF,2026-10-07 12:00,2026-10-07 21:00,0,나주,0,15.8,0.0,,,,,,,
ECMWF,2026-10-07 12:00,2026-10-08 00:00,3,나주,0,14.7,0.0,,,,0.0,0.0,3.0,
ECMWF,2026-10-07 12:00,2026-10-08 03:00,6,나주,0,12.9,0.0,,,,0.0,0.0,3.0,
ECMWF,2026-10-07 12:00,2026-10-08 06:00,9,나주,0,11.4,0.0,,,,0.0,0.0,3.0,
ECMWF,2026-10-07 12:00,2026-10-08 09:00,12,나주,0,17.9,0.0,,,,161.0,0.0,3.0,
ECMWF,2026-10-07 12:00,2026-10-08 12:00,15,나주,0,24.0,0.0,,,,649.0,0.0,3.0,
ECMWF,2026-10-07 12:00,2026-10-08 15:00,18,나주,0,25.1,1.0,,,,711.0,0.0,3.0,
ECMWF,2026-10-07 12:00,2026-10-08 18:00,21,나주,0,21.4,1.0,,,,269.0,0.0,3.0,
ECMWF,2026-10-07 12:00,2026-10-08 21:00,24,나주,0,17.0,4.0,,,,0.0,0.0,3.0,
ECMWF,2026-10-07 12:00,2026-10-09 00:00,27,나주,0,15.5,57.0,,,,0.0,0.0,3.0,
ECMWF,2026-10-07 12:00,2026-10-09 03:00,30,나주,0,14.0,84.0,,,,0.0,0.0,3.0,
ECMWF,2026-10-07 12:00,2026-10-09 06:00,33,나주,0,12.8,79.0,,,,0.0,0.0,3.0,
ECMWF,2026-10-07 12:00,2026-10-09 09:00,36,나주,0,19.4,59.0,,,,154.0,0.0,3.0,
ECMWF,2026-10-07 12:00,2026-10-09 12:00,39,나주,0,24.6,48.0,,,,606.0,0.0,3.0,
ECMWF,2026-10-07 12:00,2026-10-09 15:00,42,나주,0,26.0,68.0,,,,681.0,0.0,3.0,
ECMWF,2026-10-07 12:00,2026-10-09 18:00,45,나주,0,22.6,72.0,,,,236.0,0.0,3.0,
ECMWF,2026-10-07 12:00,2026-10-09 21:00,48,나주,0,18.8,26.0,,,,0.0,0.0,3.0,
ECMWF,2026-10-07 12:00,2026-10-10 00:00,51,나주,0,16.4,7.0,,,,0.0,0.0,3.0,
ECMWF,2026-10-07 12:00,2026-10-10 03:00,54,나주,0,16.0,72.0,,,,0.0,0.0,3.0,
ECMWF,2026-10-07 12:00,2026-10-10 06:00,57,나주,0,16.4,29.0,,,,0.0,0.0,3.0,
ECMWF,2026-10-07 12:00,2026-10-10 09:00,60,나주,0,22.1,16.0,,,,142.0,0.0,3.0,
ECMWF,2026-10-07 12:00,2026-10-10 12:00,63,나주,0,27.4,61.0,,,,551.0,0.0,3.0,
ECMWF,2026-10-07 12:00,2026-10-10 15:00,66,나주,0,26.2,64.0,,,,357.0,0.2,3.0,
ECMWF,2026-10-07 12:00,2026-10-10 18:00,69,나주,0,23.6,25.0,,,,156.0,0.2,3.0,
ECMWF,2026-10-07 12:00,2026-10-10 21:00,72,나주,0,20.5,16.0,,,,0.0,0.0,3.0,
ECMWF,2026-10-07 12:00,2026-10-11 00:00,75,나주,0,19.7,68.0,,,,0.0,0.0,3.0,
ECMWF,2026-10-07 12:00,2026-10-11 03:00,78,나주,0,20.2,96.0,,,,0.0,0.1,3.0,
ECMWF,2026-10-07 12:00,2026-10-11 06:00,81,나주,0,19.8,99.0,,,,0.0,1.0,3.0,
ECMWF,2026-10-07 12:00,2026-10-11 09:00,84,나주,0,20.8,83.0,,,,54.0,3.5,3.0,
ECMWF,2026-10-07 12:00,2026-10-11 12:00,87,나주,0,23.1,73.0,,,,278.0,3.4,3.0,
ECMWF,2026-10-07 12:00,2026-10-11 15:00,90,나주,0,23.8,64.0,,,,437.0,1.2,3.0,
ECMWF,2026-10-07 12:00,2026-10-11 18:00,93,나주,0,20.9,65.0,,,,126.0,10.7,3.0,
ECMWF,2026-10-07 12:00,2026-10-11 21:00,96,나주,0,20.4,21.0,,,,0.0,0.0,3.0,
ECMWF,2026-10-07 12:00,2026-10-12 00:00,99,나주,0,19.7,23.0,,,,0.0,0.0,3.0,
ECMWF,2026-10-07 12:00,2026-10-12 03:00,102,나주,0,19.6,42.0,,,,0.0,0.0,3.0,
ECMWF,2026-10-07 12:00,2026-10-12 06:00,105,나주,0,19.1,30.0,,,,0.0,0.0,3.0,
ECMWF,2026-10-07 12:00,2026-10-12 09:00,108,나주,0,23.0,35.0,,,,119.0,0.0,3.0,
ECMWF,2026-10-07 12:00,2026-10-12 12:00,111,나주,0,26.6,92.0,,,,482.0,0.2,3.0,
ECMWF,2026-10-07 12:00,2026-10-12 15:00,114,나주,0,25.7,61.0,,,,421.0,0.6,3.0,
ECMWF,2026-10-07 12:00,2026-10-12 18:00,117,나주,0,23.2,73.0,,,,159.0,0.1,3.0,
ECMWF,2026-10-07 12:00,2026-10-12 21:00,120,나주,0,21.0,72.0,,,,0.0,0.0,3.0,
ECMWF,2026-10-07 12:00,2026-10-13 00:00,123,나주,0,20.1,93.0,,,,0.0,0.0,3.0,
ECMWF,2026-10-07 12:00,2026-10-13 03:00,126,나주,0,20.0,100.0,,,,0.0,0.1,3.0,
ECMWF,2026-10-07 12:00,2026-10-13 06:00,129,나주,0,20.1,78.0,,,,0.0,0.4,3.0,
ECMWF,2026-10-07 12:00,2026-10-13 09:00,132,나주,0,21.3,61.0,,,,101.0,0.0,3.0,
ECMWF,2026-10-07 12:00,2026-10-13 12:00,135,나주,0,25.0,15.0,,,,519.0,0.2,3.0,
ECMWF,2026-10-07 12:00,2026-10-13 15:00,138,나주,0,25.0,0.0,,,,662.0,0.0,3.0,
ECMWF,2026-10-07 12:00,2026-10-13 18:00,141,나주,0,20.2,44.0,,,,245.0,0.0,3.0,
ECMWF,2026-10-07 12:00,2026-10-13 21:00,144,나주,0,17.9,87.0,,,,0.0,0.0,3.0,
ECMWF,2026-10-07 12:00,2026-10-14 03:00,150,나주,0,17.0,78.0,,,,0.0,0.0,6.0,
ECMWF,2026-10-07 12:00,2026-10-14 09:00,156,나주,0,18.4,0.0,,,,74.0,0.0,6.0,
ECMWF,2026-10-07 12:00,2026-10-14 15:00,162,나주,0,22.0,0.0,,,,677.0,0.0,6.0,
ECMWF,2026-10-07 12:00,2026-10-14 21:00,168,나주,0,13.5,8.0,,,,129.0,0.0,6.0,
ECMWF,2026-10-07 12:00,2026-10-15 03:00,174,나주,0,10.8,92.0,,,,0.0,0.0,6.0,
ECMWF,2026-10-07 12:00,2026-10-15 09:00,180,나주,0,16.1,53.0,,,,60.0,0.0,6.0,
ECMWF,2026-10-07 12:00,2026-10-15 15:00,186,나주,0,23.8,0.0,,,,643.0,0.0,6.0,
ECMWF,2026-10-07 12:00,2026-10-15 21:00,192,나주,0,14.7,0.0,,,,121.0,0.0,6.0,
ECMWF,2026-10-07 12:00,2026-10-16 03:00,198,나주,0,12.3,3.0,,,,0.0,0.0,6.0,
ECMWF,2026-10-07 12:00,2026-10-16 09:00,204,나주,0,19.0,88.0,,,,69.0,0.0,6.0,
ECMWF,2026-10-07 12:00,2026-10-16 15:00,210,나주,0,27.1,3.0,,,,628.0,0.0,6.0,
ECMWF,2026-10-07 12:00,2026-10-16 21:00,216,나주,0,17.4,16.0,,,,118.0,0.0,6.0,
ECMWF,2026-10-07 12:00,2026-10-17 03:00,222,나주,0,16.5,74.0,,,,0.0,0.0,6.0,
ECMWF,2026-10-07 12:00,2026-10-17 09:00,228,나주,0,21.2,80.0,,,,64.0,0.0,6.0,
ECMWF,2026-10-07 12:00,2026-10-17 15:00,234,나주,0,27.2,93.0,,,,521.0,0.0,6.0,
ECMWF,2026-10-07 12:00,2026-10-17 21:00,240,나주,0,21.3,97.0,,,,80.0,0.4,6.0,
GFS,2026-10-07 18:00,2026-10-08 03:00,0,서울,1,16.1,0.0,0.0,0.0,0.0,,,,
GFS,2026-10-07 18:00,2026-10-08 06:00,3,서울,1,14.8,0.0,0.0,0.0,0.0,0.0,0.0,3.0,
GFS,2026-10-07 18:00,2026-10-08 09:00,6,서울,1,17.6,0.0,0.0,0.0,0.0,146.0,0.0,3.0,
GFS,2026-10-07 18:00,2026-10-08 12:00,9,서울,1,22.6,0.0,0.0,0.0,0.0,610.0,0.0,3.0,
GFS,2026-10-07 18:00,2026-10-08 15:00,12,서울,1,24.3,0.0,0.0,0.0,0.0,669.0,0.0,3.0,
GFS,2026-10-07 18:00,2026-10-08 18:00,15,서울,1,21.9,0.0,0.0,0.0,0.0,245.0,0.0,3.0,
GFS,2026-10-07 18:00,2026-10-08 21:00,18,서울,1,19.7,0.0,0.0,0.0,0.0,0.0,0.0,3.0,
GFS,2026-10-07 18:00,2026-10-09 00:00,21,서울,1,18.4,0.0,0.0,0.0,0.0,0.0,0.0,3.0,
GFS,2026-10-07 18:00,2026-10-09 03:00,24,서울,1,17.1,0.0,0.0,0.0,0.0,0.0,0.0,3.0,
GFS,2026-10-07 18:00,2026-10-09 06:00,27,서울,1,15.9,0.0,0.0,0.0,0.0,0.0,0.0,3.0,
GFS,2026-10-07 18:00,2026-10-09 09:00,30,서울,1,18.8,73.0,0.0,0.0,73.0,143.0,0.0,3.0,
GFS,2026-10-07 18:00,2026-10-09 12:00,33,서울,1,23.1,98.0,0.0,82.0,87.0,544.0,0.0,3.0,
GFS,2026-10-07 18:00,2026-10-09 15:00,36,서울,1,24.8,100.0,0.0,92.0,98.0,609.0,0.0,3.0,
GFS,2026-10-07 18:00,2026-10-09 18:00,39,서울,1,22.0,44.0,0.0,37.0,15.0,140.0,0.0,3.0,
GFS,2026-10-07 18:00,2026-10-09 21:00,42,서울,1,19.6,66.0,0.0,61.0,7.0,0.0,0.0,3.0,
GFS,2026-10-07 18:00,2026-10-10 00:00,45,서울,1,18.4,2.0,0.0,2.0,0.0,0.0,0.0,3.0,
GFS,2026-10-07 18:00,2026-10-10 03:00,48,서울,1,17.3,0.0,0.0,0.0,0.0,0.0,0.0,3.0,
GFS,2026-10-07 18:00,2026-10-10 06:00,51,서울,1,16.2,0.0,0.0,0.0,0.0,0.0,0.0,3.0,
GFS,2026-10-07 18:00,2026-10-10 09:00,54,서울,1,19.2,0.0,0.0,0.0,0.0,141.0,0.0,3.0,
GFS,2026-10-07 18:00,2026-10-10 12:00,57,서울,1,24.2,1.0,0.0,0.0,1.0,603.0,0.0,3.0,
GFS,2026-10-07 18:00,2026-10-10 15:00,60,서울,1,26.0,4.0,0.0,0.0,4.0,663.0,0.0,3.0,
GFS,2026-10-07 18:00,2026-10-10 18:00,63,서울,1,23.5,0.0,0.0,0.0,0.0,237.0,0.0,3.0,
GFS,2026-10-07 18:00,2026-10-10 21:00,66,서울,1,21.0,0.0,0.0,0.0,0.0,0.0,0.0,3.0,
GFS,2026-10-07 18:00,2026-10-11 00:00,69,서울,1,19.7,14.0,0.0,5.0,12.0,0.0,0.0,3.0,
GFS,2026-10-07 18:00,2026-10-11 03:00,72,서울,1,18.6,85.0,0.0,85.0,0.0,0.0,0.0,3.0,
GFS,2026-10-07 18:00,2026-10-11 06:00,75,서울,1,17.5,71.0,0.0,71.0,0.0,0.0,0.0,3.0,
GFS,2026-10-07 18:00,2026-10-11 09:00,78,서울,1,20.2,84.0,0.0,84.0,0.0,124.0,0.0,3.0,
GFS,2026-10-07 18:00,2026-10-11 12:00,81,서울,1,25.3,54.0,0.0,54.0,0.0,552.0,0.0,3.0,
GFS,2026-10-07 18:00,2026-10-11 15:00,84,서울,1,27.5,9.0,3.0,9.0,0.0,622.0,0.0,3.0,
GFS,2026-10-07 18:00,2026-10-11 18:00,87,서울,1,25.7,24.0,24.0,1.0,0.0,220.0,0.0,3.0,
GFS,2026-10-07 18:00,2026-10-11 21:00,90,서울,1,24.1,61.0,61.0,0.0,0.0,0.0,0.0,3.0,
GFS,2026-10-07 18:00,2026-10-12 00:00,93,서울,1,23.2,75.0,75.0,0.0,0.0,0.0,0.0,3.0,
GFS,2026-10-07 18:00,2026-10-12 03:00,96,서울,1,21.9,94.0,94.0,0.0,1.0,0.0,0.0,3.0,
GFS,2026-10-07 18:00,2026-10-12 06:00,99,서울,1,20.8,74.0,73.0,0.0,10.0,0.0,0.0,3.0,
GFS,2026-10-07 18:00,2026-10-12 09:00,102,서울,1,21.7,85.0,84.0,0.0,20.0,91.0,0.0,3.0,
GFS,2026-10-07 18:00,2026-10-12 12:00,105,서울,1,24.7,46.0,33.0,0.0,33.0,302.0,0.1,3.0,
GFS,2026-10-07 18:00,2026-10-12 15:00,108,서울,1,26.7,81.0,34.0,12.0,68.0,559.0,0.1,3.0,
GFS,2026-10-07 18:00,2026-10-12 18:00,111,서울,1,24.9,42.0,31.0,4.0,19.0,162.0,0.3,3.0,
GFS,2026-10-07 18:00,2026-10-12 21:00,114,서울,1,23.2,82.0,25.0,75.0,38.0,0.0,0.1,3.0,
GFS,2026-10-07 18:00,2026-10-13 00:00,117,서울,1,22.1,95.0,55.0,95.0,2.0,0.0,0.4,3.0,
GFS,2026-10-07 18:00,2026-10-13 03:00,120,서울,1,20.7,94.0,54.0,93.0,23.0,0.0,0.8,3.0,
GFS,2026-10-07 18:00,2026-10-13 09:00,126,서울,1,19.4,99.0,66.0,99.0,39.0,6.0,5.2,6.0,
GFS,2026-10-07 18:00,2026-10-13 21:00,138,서울,1,19.9,37.0,8.0,4.0,32.0,35.0,0.6,6.0,
GFS,2026-10-07 18:00,2026-10-14 09:00,150,서울,1,15.2,68.0,68.0,0.0,0.0,9.0,3.1,6.0,
GFS,2026-10-07 18:00,2026-10-14 21:00,162,서울,1,12.8,0.0,0.0,0.0,0.0,113.0,0.0,6.0,
GFS,2026-10-07 18:00,2026-10-15 09:00,174,서울,1,12.1,0.0,0.0,0.0,0.0,68.0,0.0,6.0,
GFS,2026-10-07 18:00,2026-10-15 21:00,186,서울,1,15.1,0.0,0.0,0.0,0.0,110.0,0.0,6.0,
GFS,2026-10-07 18:00,2026-10-16 09:00,198,서울,1,14.5,98.0,0.0,52.0,98.0,61.0,0.0,6.0,
GFS,2026-10-07 18:00,2026-10-16 21:00,210,서울,1,18.0,50.0,0.0,20.0,35.0,102.0,0.0,6.0,
GFS,2026-10-07 18:00,2026-10-17 09:00,222,서울,1,16.5,78.0,7.0,37.0,72.0,53.0,0.0,6.0,
GFS,2026-10-07 18:00,2026-10-17 21:00,234,서울,1,18.5,90.0,5.0,5.0,90.0,98.0,0.0,6.0,
GFS,2026-10-07 18:00,2026-10-08 03:00,0,대전,1,10.8,0.0,0.0,0.0,0.0,,,,
GFS,2026-10-07 18:00,2026-10-08 06:00,3,대전,1,10.1,0.0,0.0,0.0,0.0,0.0,0.0,3.0,
GFS,2026-10-07 18:00,2026-10-08 09:00,6,대전,1,16.6,0.0,0.0,0.0,0.0,155.0,0.0,3.0,
GFS,2026-10-07 18:00,2026-10-08 12:00,9,대전,1,22.1,0.0,0.0,0.0,0.0,636.0,0.0,3.0,
GFS,2026-10-07 18:00,2026-10-08 15:00,12,대전,1,23.0,0.0,0.0,0.0,0.0,694.0,0.0,3.0,
GFS,2026-10-07 18:00,2026-10-08 18:00,15,대전,1,16.8,0.0,0.0,0.0,0.0,252.0,0.0,3.0,
GFS,2026-10-07 18:00,2026-10-08 21:00,18,대전,1,13.9,0.0,0.0,0.0,0.0,0.0,0.0,3.0,
GFS,2026-10-07 18:00,2026-10-09 00:00,21,대전,1,12.7,0.0,0.0,0.0,0.0,0.0,0.0,3.0,
GFS,2026-10-07 18:00,2026-10-09 03:00,24,대전,1,11.8,0.0,0.0,0.0,0.0,0.0,0.0,3.0,
GFS,2026-10-07 18:00,2026-10-09 06:00,27,대전,1,10.9,15.0,0.0,0.0,15.0,0.0,0.0,3.0,
GFS,2026-10-07 18:00,2026-10-09 09:00,30,대전,1,17.3,82.0,0.0,29.0,82.0,151.0,0.0,3.0,
GFS,2026-10-07 18:00,2026-10-09 12:00,33,대전,1,23.2,74.0,0.0,45.0,66.0,590.0,0.0,3.0,
GFS,2026-10-07 18:00,2026-10-09 15:00,36,대전,1,23.6,83.0,0.0,69.0,76.0,643.0,0.0,3.0,
GFS,2026-10-07 18:00,2026-10-09 18:00,39,대전,1,17.1,74.0,0.0,65.0,20.0,178.0,0.0,3.0,
GFS,2026-10-07 18:00,2026-10-09 21:00,42,대전,1,14.9,99.0,0.0,91.0,91.0,0.0,0.0,3.0,
GFS,2026-10-07 18:00,2026-10-10 00:00,45,대전,1,14.3,77.0,0.0,72.0,48.0,0.0,0.0,3.0,
GFS,2026-10-07 18:00,2026-10-10 03:00,48,대전,1,13.5,50.0,0.0,17.0,44.0,0.0,0.0,3.0,
GFS,2026-10-07 18:00,2026-10-10 06:00,51,대전,1,12.9,20.0,18.0,4.0,0.0,0.0,0.0,3.0,
GFS,2026-10-07 18:00,2026-10-10 09:00,54,대전,1,18.7,5.0,4.0,3.0,0.0,140.0,0.0,3.0,
GFS,2026-10-07 18:00,2026-10-10 12:00,57,대전,1,25.1,3.0,1.0,3.0,0.0,599.0,0.0,3.0,
GFS,2026-10-07 18:00,2026-10-10 15:00,60,대전,1,25.6,5.0,1.0,4.0,0.0,650.0,0.0,3.0,
GFS,2026-10-07 18:00,2026-10-10 18:00,63,대전,1,20.2,22.0,22.0,0.0,0.0,224.0,0.0,3.0,
GFS,2026-10-07 18:00,2026-10-10 21:00,66,대전,1,19.0,5.0,5.0,1.0,0.0,0.0,0.0,3.0,
GFS,2026-10-07 18:00,2026-10-11 00:00,69,대전,1,16.6,6.0,0.0,6.0,0.0,0.0,0.0,3.0,
GFS,2026-10-07 18:00,2026-10-11 03:00,72,대전,1,15.8,68.0,2.0,67.0,0.0,0.0,0.0,3.0,
GFS,2026-10-07 18:00,2026-10-11 06:00,75,대전,1,16.0,95.0,35.0,71.0,0.0,0.0,0.0,3.0,
GFS,2026-10-07 18:00,2026-10-11 09:00,78,대전,1,19.0,79.0,78.0,5.0,0.0,65.0,0.0,3.0,
GFS,2026-10-07 18:00,2026-10-11 12:00,81,대전,1,24.9,35.0,32.0,14.0,0.0,336.0,0.0,3.0,
GFS,2026-10-07 18:00,2026-10-11 15:00,84,대전,1,26.6,14.0,14.0,2.0,0.0,629.0,0.0,3.0,
GFS,2026-10-07 18:00,2026-10-11 18:00,87,대전,1,21.6,9.0,9.0,0.0,0.0,216.0,0.0,3.0,
GFS,2026-10-07 18:00,2026-10-11 21:00,90,대전,1,19.2,0.0,0.0,0.0,0.0,0.0,0.0,3.0,
GFS,2026-10-07 18:00,2026-10-12 00:00,93,대전,1,18.0,2.0,2.0,0.0,0.0,0.0,0.0,3.0,
GFS,2026-10-07 18:00,2026-10-12 03:00,96,대전,1,17.2,42.0,42.0,0.0,0.0,0.0,0.0,3.0,
GFS,2026-10-07 18:00,2026-10-12 06:00,99,대전,1,18.1,61.0,61.0,0.0,0.0,0.0,0.0,3.0,
GFS,2026-10-07 18:00,2026-10-12 09:00,102,대전,1,20.5,53.0,53.0,0.0,0.0,71.0,0.0,3.0,
GFS,2026-10-07 18:00,2026-10-12 12:00,105,대전,1,25.0,31.0,11.0,29.0,0.0,484.0,2.0,3.0,
GFS,2026-10-07 18:00,2026-10-12 15:00,108,대전,1,24.5,49.0,20.0,43.0,3.0,458.0,3.8,3.0,
GFS,2026-10-07 18:00,2026-10-12 18:00,111,대전,1,20.3,73.0,50.0,55.0,4.0,101.0,4.1,3.0,
GFS,2026-10-07 18:00,2026-10-12 21:00,114,대전,1,19.1,60.0,51.0,38.0,3.0,0.0,2.1,3.0,
GFS,2026-10-07 18:00,2026-10-13 00:00,117,대전,1,17.8,76.0,48.0,65.0,1.0,0.0,1.4,3.0,
GFS,2026-10-07 18:00,2026-10-13 03:00,120,대전,1,18.3,96.0,76.0,81.0,1.0,0.0,0.2,3.0,
GFS,2026-10-07 18:00,2026-10-13 09:00,126,대전,1,20.4,74.0,47.0,64.0,10.0,59.0,1.4,6.0,
GFS,2026-10-07 18:00,2026-10-13 21:00,138,대전,1,17.4,68.0,10.0,2.0,68.0,94.0,1.2,6.0,
GFS,2026-10-07 18:00,2026-10-14 09:00,150,대전,1,15.5,99.0,99.0,0.0,0.0,8.0,1.8,6.0,
GFS,2026-10-07 18:00,2026-10-14 21:00,162,대전,1,9.0,0.0,0.0,0.0,0.0,112.0,0.0,6.0,
GFS,2026-10-07 18:00,2026-10-15 09:00,174,대전,1,11.8,1.0,0.0,0.0,1.0,70.0,0.0,6.0,
GFS,2026-10-07 18:00,2026-10-15 21:00,186,대전,1,9.2,64.0,0.0,2.0,64.0,110.0,0.0,6.0,
GFS,2026-10-07 18:00,2026-10-16 09:00,198,대전,1,12.8,81.0,0.0,23.0,80.0,61.0,0.0,6.0,
GFS,2026-10-07 18:00,2026-10-16 21:00,210,대전,1,12.2,85.0,0.0,81.0,38.0,91.0,0.0,6.0,
GFS,2026-10-07 18:00,2026-10-17 09:00,222,대전,1,15.4,77.0,1.0,67.0,61.0,48.0,0.0,6.0,
GFS,2026-10-07 18:00,2026-10-17 21:00,234,대전,1,15.8,62.0,0.0,2.0,62.0,99.0,0.0,6.0,
GFS,2026-10-07 18:00,2026-10-08 03:00,0,대구,1,10.5,0.0,0.0,0.0,0.0,,,,
GFS,2026-10-07 18:00,2026-10-08 06:00,3,대구,1,9.6,0.0,0.0,0.0,0.0,0.0,0.0,3.0,
GFS,2026-10-07 18:00,2026-10-08 09:00,6,대구,1,17.0,0.0,0.0,0.0,0.0,169.0,0.0,3.0,
GFS,2026-10-07 18:00,2026-10-08 12:00,9,대구,1,22.4,0.0,0.0,0.0,0.0,646.0,0.0,3.0,
GFS,2026-10-07 18:00,2026-10-08 15:00,12,대구,1,23.5,0.0,0.0,0.0,0.0,687.0,0.0,3.0,
GFS,2026-10-07 18:00,2026-10-08 18:00,15,대구,1,16.5,0.0,0.0,0.0,0.0,236.0,0.0,3.0,
GFS,2026-10-07 18:00,2026-10-08 21:00,18,대구,1,13.0,0.0,0.0,0.0,0.0,0.0,0.0,3.0,
GFS,2026-10-07 18:00,2026-10-09 00:00,21,대구,1,11.6,0.0,0.0,0.0,0.0,0.0,0.0,3.0,
GFS,2026-10-07 18:00,2026-10-09 03:00,24,대구,1,10.9,0.0,0.0,0.0,0.0,0.0,0.0,3.0,
GFS,2026-10-07 18:00,2026-10-09 06:00,27,대구,1,10.2,0.0,0.0,0.0,0.0,0.0,0.0,3.0,
GFS,2026-10-07 18:00,2026-10-09 09:00,30,대구,1,17.5,5.0,0.0,0.0,5.0,168.0,0.0,3.0,
GFS,2026-10-07 18:00,2026-10-09 12:00,33,대구,1,23.8,68.0,0.0,52.0,64.0,638.0,0.0,3.0,
GFS,2026-10-07 18:00,2026-10-09 15:00,36,대구,1,23.6,76.0,0.0,53.0,76.0,567.0,0.0,3.0,
GFS,2026-10-07 18:00,2026-10-09 18:00,39,대구,1,17.5,87.0,0.0,69.0,54.0,180.0,0.0,3.0,
GFS,2026-10-07 18:00,2026-10-09 21:00,42,대구,1,14.4,69.0,0.0,30.0,51.0,0.0,0.0,3.0,
GFS,2026-10-07 18:00,2026-10-10 00:00,45,대구,1,14.4,98.0,0.0,98.0,83.0,0.0,0.0,3.0,
GFS,2026-10-07 18:00,2026-10-10 03:00,48,대구,1,13.6,23.0,0.0,23.0,2.0,0.0,0.0,3.0,
GFS,2026-10-07 18:00,2026-10-10 06:00,51,대구,1,13.1,1.0,1.0,1.0,0.0,0.0,0.0,3.0,
GFS,2026-10-07 18:00,2026-10-10 09:00,54,대구,1,19.7,0.0,0.0,0.0,0.0,152.0,0.0,3.0,
GFS,2026-10-07 18:00,2026-10-10 12:00,57,대구,1,25.9,13.0,13.0,0.0,0.0,603.0,0.0,3.0,
GFS,2026-10-07 18:00,2026-10-10 15:00,60,대구,1,26.5,7.0,7.0,0.0,0.0,631.0,0.0,3.0,
GFS,2026-10-07 18:00,2026-10-10 18:00,63,대구,1,20.4,5.0,4.0,3.0,0.0,207.0,0.0,3.0,
GFS,2026-10-07 18:00,2026-10-10 21:00,66,대구,1,17.9,21.0,19.0,4.0,0.0,0.0,0.0,3.0,
GFS,2026-10-07 18:00,2026-10-11 00:00,69,대구,1,16.8,38.0,12.0,36.0,0.0,0.0,0.0,3.0,
GFS,2026-10-07 18:00,2026-10-11 03:00,72,대구,1,16.5,63.0,26.0,41.0,0.0,0.0,0.0,3.0,
GFS,2026-10-07 18:00,2026-10-11 06:00,75,대구,1,15.9,67.0,65.0,16.0,0.0,0.0,0.4,3.0,
GFS,2026-10-07 18:00,2026-10-11 09:00,78,대구,1,19.8,76.0,59.0,49.0,0.0,116.0,1.7,3.0,
GFS,2026-10-07 18:00,2026-10-11 12:00,81,대구,1,23.3,63.0,63.0,1.0,0.0,380.0,0.2,3.0,
GFS,2026-10-07 18:00,2026-10-11 15:00,84,대구,1,21.2,56.0,56.0,0.0,0.0,499.0,1.8,3.0,
GFS,2026-10-07 18:00,2026-10-11 18:00,87,대구,1,17.9,52.0,52.0,2.0,0.0,123.0,0.9,3.0,
GFS,2026-10-07 18:00,2026-10-11 21:00,90,대구,1,17.6,97.0,97.0,0.0,0.0,0.0,0.2,3.0,
GFS,2026-10-07 18:00,2026-10-12 00:00,93,대구,1,17.5,99.0,99.0,0.0,0.0,0.0,0.4,3.0,
GFS,2026-10-07 18:00,2026-10-12 03:00,96,대구,1,17.5,92.0,92.0,0.0,0.0,0.0,0.1,3.0,
GFS,2026-10-07 18:00,2026-10-12 06:00,99,대구,1,17.4,97.0,97.0,0.0,0.0,0.0,0.1,3.0,
GFS,2026-10-07 18:00,2026-10-12 09:00,102,대구,1,18.1,91.0,91.0,4.0,0.0,20.0,0.0,3.0,
GFS,2026-10-07 18:00,2026-10-12 12:00,105,대구,1,19.6,93.0,93.0,52.0,0.0,130.0,0.3,3.0,
GFS,2026-10-07 18:00,2026-10-12 15:00,108,대구,1,19.0,41.0,41.0,1.0,0.0,86.0,0.8,3.0,
GFS,2026-10-07 18:00,2026-10-12 18:00,111,대구,1,17.8,27.0,15.0,12.0,3.0,170.0,0.0,3.0,
GFS,2026-10-07 18:00,2026-10-12 21:00,114,대구,1,17.0,80.0,61.0,48.0,0.0,0.0,0.0,3.0,
GFS,2026-10-07 18:00,2026-10-13 00:00,117,대구,1,17.4,83.0,83.0,5.0,0.0,0.0,0.0,3.0,
GFS,2026-10-07 18:00,2026-10-13 03:00,120,대구,1,17.3,98.0,85.0,81.0,0.0,0.0,0.0,3.0,
GFS,2026-10-07 18:00,2026-10-13 09:00,126,대구,1,19.0,83.0,82.0,37.0,1.0,32.0,0.2,6.0,
GFS,2026-10-07 18:00,2026-10-13 21:00,138,대구,1,18.7,40.0,37.0,10.0,1.0,76.0,1.4,6.0,
GFS,2026-10-07 18:00,2026-10-14 09:00,150,대구,1,18.5,16.0,16.0,0.0,0.0,70.0,0.3,6.0,
GFS,2026-10-07 18:00,2026-10-14 21:00,162,대구,1,9.9,0.0,0.0,0.0,0.0,103.0,0.0,6.0,
GFS,2026-10-07 18:00,2026-10-15 09:00,174,대구,1,11.2,4.0,0.0,3.0,3.0,78.0,0.0,6.0,
GFS,2026-10-07 18:00,2026-10-15 21:00,186,대구,1,8.8,13.0,0.0,0.0,13.0,100.0,0.0,6.0,
GFS,2026-10-07 18:00,2026-10-16 09:00,198,대구,1,12.8,54.0,0.0,4.0,54.0,77.0,0.0,6.0,
GFS,2026-10-07 18:00,2026-10-16 21:00,210,대구,1,10.7,77.0,0.0,33.0,61.0,76.0,0.0,6.0,
GFS,2026-10-07 18:00,2026-10-17 09:00,222,대구,1,15.0,85.0,41.0,84.0,10.0,33.0,0.0,6.0,
GFS,2026-10-07 18:00,2026-10-17 21:00,234,대구,1,13.5,7.0,7.0,0.0,0.0,48.0,0.1,6.0,
GFS,2026-10-07 18:00,2026-10-08 03:00,0,광주,1,10.8,0.0,0.0,0.0,0.0,,,,
GFS,2026-10-07 18:00,2026-10-08 06:00,3,광주,1,10.1,0.0,0.0,0.0,0.0,0.0,0.0,3.0,
GFS,2026-10-07 18:00,2026-10-08 09:00,6,광주,1,16.7,0.0,0.0,0.0,0.0,155.0,0.0,3.0,
GFS,2026-10-07 18:00,2026-10-08 12:00,9,광주,1,22.8,0.0,0.0,0.0,0.0,640.0,0.0,3.0,
GFS,2026-10-07 18:00,2026-10-08 15:00,12,광주,1,23.6,0.0,0.0,0.0,0.0,701.0,0.0,3.0,
GFS,2026-10-07 18:00,2026-10-08 18:00,15,광주,1,17.6,0.0,0.0,0.0,0.0,259.0,0.0,3.0,
GFS,2026-10-07 18:00,2026-10-08 21:00,18,광주,1,13.5,0.0,0.0,0.0,0.0,0.0,0.0,3.0,
GFS,2026-10-07 18:00,2026-10-09 00:00,21,광주,1,12.5,13.0,0.0,0.0,13.0,0.0,0.0,3.0,
GFS,2026-10-07 18:00,2026-10-09 03:00,24,광주,1,11.8,15.0,0.0,0.0,15.0,0.0,0.0,3.0,
GFS,2026-10-07 18:00,2026-10-09 06:00,27,광주,1,11.3,52.0,0.0,23.0,48.0,0.0,0.0,3.0,
GFS,2026-10-07 18:00,2026-10-09 09:00,30,광주,1,17.5,87.0,0.0,81.0,76.0,140.0,0.0,3.0,
GFS,2026-10-07 18:00,2026-10-09 12:00,33,광주,1,22.9,48.0,0.0,45.0,17.0,536.0,0.0,3.0,
GFS,2026-10-07 18:00,2026-10-09 15:00,36,광주,1,24.0,50.0,0.0,44.0,22.0,665.0,0.0,3.0,
GFS,2026-10-07 18:00,2026-10-09 18:00,39,광주,1,18.8,86.0,0.0,76.0,58.0,239.0,0.0,3.0,
GFS,2026-10-07 18:00,2026-10-09 21:00,42,광주,1,15.2,84.0,0.0,79.0,47.0,0.0,0.0,3.0,
GFS,2026-10-07 18:00,2026-10-10 00:00,45,광주,1,14.7,65.0,0.0,64.0,6.0,0.0,0.0,3.0,
GFS,2026-10-07 18:00,2026-10-10 03:00,48,광주,1,13.7,36.0,5.0,34.0,0.0,0.0,0.0,3.0,
GFS,2026-10-07 18:00,2026-10-10 06:00,51,광주,1,13.5,50.0,50.0,4.0,0.0,0.0,0.0,3.0,
GFS,2026-10-07 18:00,2026-10-10 09:00,54,광주,1,18.9,44.0,44.0,3.0,0.0,119.0,0.0,3.0,
GFS,2026-10-07 18:00,2026-10-10 12:00,57,광주,1,25.6,3.0,0.0,3.0,0.0,583.0,0.0,3.0,
GFS,2026-10-07 18:00,2026-10-10 15:00,60,광주,1,26.6,26.0,25.0,3.0,0.0,651.0,0.0,3.0,
GFS,2026-10-07 18:00,2026-10-10 18:00,63,광주,1,21.9,64.0,60.0,47.0,0.0,165.0,0.0,3.0,
GFS,2026-10-07 18:00,2026-10-10 21:00,66,광주,1,18.2,50.0,42.0,27.0,0.0,0.0,0.0,3.0,
GFS,2026-10-07 18:00,2026-10-11 00:00,69,광주,1,17.6,62.0,1.0,62.0,0.0,0.0,0.0,3.0,
GFS,2026-10-07 18:00,2026-10-11 03:00,72,광주,1,16.8,62.0,56.0,15.0,0.0,0.0,0.0,3.0,
GFS,2026-10-07 18:00,2026-10-11 06:00,75,광주,1,17.2,68.0,68.0,4.0,0.0,0.0,0.1,3.0,
GFS,2026-10-07 18:00,2026-10-11 09:00,78,광주,1,21.4,21.0,21.0,3.0,0.0,116.0,0.0,3.0,
GFS,2026-10-07 18:00,2026-10-11 12:00,81,광주,1,25.7,54.0,54.0,0.0,0.0,551.0,0.3,3.0,
GFS,2026-10-07 18:00,2026-10-11 15:00,84,광주,1,24.7,50.0,50.0,0.0,0.0,462.0,2.1,3.0,
GFS,2026-10-07 18:00,2026-10-11 18:00,87,광주,1,20.6,41.0,41.0,0.0,0.0,206.0,1.8,3.0,
GFS,2026-10-07 18:00,2026-10-11 21:00,90,광주,1,20.0,63.0,63.0,0.0,0.0,0.0,0.1,3.0,
GFS,2026-10-07 18:00,2026-10-12 00:00,93,광주,1,20.1,88.0,88.0,0.0,0.0,0.0,0.3,3.0,
GFS,2026-10-07 18:00,2026-10-12 03:00,96,광주,1,19.3,85.0,85.0,0.0,0.0,0.0,0.4,3.0,
GFS,2026-10-07 18:00,2026-10-12 06:00,99,광주,1,18.3,65.0,65.0,0.0,0.0,0.0,0.3,3.0,
GFS,2026-10-07 18:00,2026-10-12 09:00,102,광주,1,21.7,51.0,51.0,0.0,0.0,112.0,0.0,3.0,
GFS,2026-10-07 18:00,2026-10-12 12:00,105,광주,1,24.4,65.0,63.0,3.0,0.0,479.0,0.1,3.0,
GFS,2026-10-07 18:00,2026-10-12 15:00,108,광주,1,23.6,69.0,67.0,10.0,0.0,387.0,1.0,3.0,
GFS,2026-10-07 18:00,2026-10-12 18:00,111,광주,1,20.3,80.0,46.0,79.0,0.0,125.0,0.5,3.0,
GFS,2026-10-07 18:00,2026-10-12 21:00,114,광주,1,19.4,64.0,64.0,5.0,0.0,0.0,0.1,3.0,
GFS,2026-10-07 18:00,2026-10-13 00:00,117,광주,1,18.9,85.0,83.0,51.0,0.0,0.0,0.2,3.0,
GFS,2026-10-07 18:00,2026-10-13 03:00,120,광주,1,18.0,83.0,52.0,56.0,0.0,0.0,0.0,3.0,
GFS,2026-10-07 18:00,2026-10-13 09:00,126,광주,1,21.4,36.0,35.0,5.0,0.0,39.0,0.4,6.0,
GFS,2026-10-07 18:00,2026-10-13 21:00,138,광주,1,17.5,23.0,5.0,22.0,2.0,108.0,0.0,6.0,
GFS,2026-10-07 18:00,2026-10-14 09:00,150,광주,1,18.2,92.0,92.0,0.0,0.0,54.0,0.4,6.0,
GFS,2026-10-07 18:00,2026-10-14 21:00,162,광주,1,10.8,0.0,0.0,0.0,0.0,114.0,0.0,6.0,
GFS,2026-10-07 18:00,2026-10-15 09:00,174,광주,1,12.5,4.0,0.0,1.0,4.0,71.0,0.0,6.0,
GFS,2026-10-07 18:00,2026-10-15 21:00,186,광주,1,9.1,44.0,0.0,22.0,44.0,116.0,0.0,6.0,
GFS,2026-10-07 18:00,2026-10-16 09:00,198,광주,1,12.2,100.0,0.0,52.0,100.0,47.0,0.0,6.0,
GFS,2026-10-07 18:00,2026-10-16 21:00,210,광주,1,11.1,63.0,0.0,3.0,63.0,99.0,0.0,6.0,
GFS,2026-10-07 18:00,2026-10-17 09:00,222,광주,1,14.7,81.0,4.0,76.0,25.0,55.0,0.0,6.0,
GFS,2026-10-07 18:00,2026-10-17 21:00,234,광주,1,13.7,4.0,0.0,4.0,1.0,105.0,0.0,6.0,
GFS,2026-10-07 18:00,2026-10-08 03:00,0,부산,1,20.2,0.0,0.0,0.0,0.0,,,,
GFS,2026-10-07 18:00,2026-10-08 06:00,3,부산,1,19.0,0.0,0.0,0.0,0.0,0.0,0.0,3.0,
GFS,2026-10-07 18:00,2026-10-08 09:00,6,부산,1,19.9,0.0,0.0,0.0,0.0,177.0,0.0,3.0,
GFS,2026-10-07 18:00,2026-10-08 12:00,9,부산,1,21.3,0.0,0.0,0.0,0.0,657.0,0.0,3.0,
GFS,2026-10-07 18:00,2026-10-08 15:00,12,부산,1,21.5,0.0,0.0,0.0,0.0,694.0,0.0,3.0,
GFS,2026-10-07 18:00,2026-10-08 18:00,15,부산,1,21.8,0.0,0.0,0.0,0.0,239.0,0.0,3.0,
GFS,2026-10-07 18:00,2026-10-08 21:00,18,부산,1,21.6,0.0,0.0,0.0,0.0,0.0,0.0,3.0,
GFS,2026-10-07 18:00,2026-10-09 00:00,21,부산,1,21.3,0.0,0.0,0.0,0.0,0.0,0.0,3.0,
GFS,2026-10-07 18:00,2026-10-09 03:00,24,부산,1,20.6,0.0,0.0,0.0,0.0,0.0,0.0,3.0,
GFS,2026-10-07 18:00,2026-10-09 06:00,27,부산,1,19.8,4.0,0.0,0.0,4.0,0.0,0.0,3.0,
GFS,2026-10-07 18:00,2026-10-09 09:00,30,부산,1,19.8,38.0,0.0,38.0,12.0,176.0,0.0,3.0,
GFS,2026-10-07 18:00,2026-10-09 12:00,33,부산,1,21.0,59.0,0.0,46.0,53.0,652.0,0.0,3.0,
GFS,2026-10-07 18:00,2026-10-09 15:00,36,부산,1,21.9,52.0,0.0,48.0,19.0,625.0,0.0,3.0,
GFS,2026-10-07 18:00,2026-10-09 18:00,39,부산,1,22.1,40.0,0.0,39.0,5.0,234.0,0.0,3.0,
GFS,2026-10-07 18:00,2026-10-09 21:00,42,부산,1,22.1,66.0,27.0,52.0,30.0,0.0,0.0,3.0,
GFS,2026-10-07 18:00,2026-10-10 00:00,45,부산,1,22.0,75.0,19.0,66.0,22.0,0.0,0.0,3.0,
GFS,2026-10-07 18:00,2026-10-10 03:00,48,부산,1,21.7,74.0,0.0,73.0,51.0,0.0,0.0,3.0,
GFS,2026-10-07 18:00,2026-10-10 06:00,51,부산,1,21.0,83.0,15.0,77.0,9.0,0.0,0.0,3.0,
GFS,2026-10-07 18:00,2026-10-10 09:00,54,부산,1,22.0,63.0,63.0,2.0,0.0,117.0,0.3,3.0,
GFS,2026-10-07 18:00,2026-10-10 12:00,57,부산,1,22.9,9.0,6.0,4.0,0.0,492.0,1.4,3.0,
GFS,2026-10-07 18:00,2026-10-10 15:00,60,부산,1,23.7,20.0,18.0,2.0,0.0,643.0,0.8,3.0,
GFS,2026-10-07 18:00,2026-10-10 18:00,63,부산,1,23.7,69.0,68.0,44.0,0.0,196.0,0.5,3.0,
GFS,2026-10-07 18:00,2026-10-10 21:00,66,부산,1,23.3,94.0,94.0,26.0,0.0,0.0,0.4,3.0,
GFS,2026-10-07 18:00,2026-10-11 00:00,69,부산,1,22.2,94.0,91.0,68.0,0.0,0.0,0.5,3.0,
GFS,2026-10-07 18:00,2026-10-11 03:00,72,부산,1,21.2,96.0,93.0,79.0,0.0,0.0,3.6,3.0,
GFS,2026-10-07 18:00,2026-10-11 06:00,75,부산,1,20.6,92.0,79.0,87.0,0.0,0.0,6.3,3.0,
GFS,2026-10-07 18:00,2026-10-11 09:00,78,부산,1,20.5,95.0,88.0,85.0,0.0,78.0,5.1,3.0,
GFS,2026-10-07 18:00,2026-10-11 12:00,81,부산,1,21.0,96.0,80.0,68.0,0.0,415.0,3.4,3.0,
GFS,2026-10-07 18:00,2026-10-11 15:00,84,부산,1,21.9,71.0,71.0,0.0,0.0,381.0,1.8,3.0,
GFS,2026-10-07 18:00,2026-10-11 18:00,87,부산,1,21.4,77.0,77.0,0.0,0.0,53.0,1.5,3.0,
GFS,2026-10-07 18:00,2026-10-11 21:00,90,부산,1,21.6,66.0,66.0,1.0,0.0,0.0,2.6,3.0,
GFS,2026-10-07 18:00,2026-10-12 00:00,93,부산,1,22.1,90.0,90.0,9.0,0.0,0.0,0.3,3.0,
GFS,2026-10-07 18:00,2026-10-12 03:00,96,부산,1,21.8,98.0,93.0,16.0,0.0,0.0,0.2,3.0,
GFS,2026-10-07 18:00,2026-10-12 06:00,99,부산,1,22.0,90.0,88.0,68.0,0.0,0.0,0.2,3.0,
GFS,2026-10-07 18:00,2026-10-12 09:00,102,부산,1,22.0,86.0,85.0,44.0,0.0,15.0,0.6,3.0,
GFS,2026-10-07 18:00,2026-10-12 12:00,105,부산,1,22.9,60.0,60.0,2.0,0.0,406.0,0.1,3.0,
GFS,2026-10-07 18:00,2026-10-12 15:00,108,부산,1,23.1,62.0,61.0,11.0,0.0,514.0,0.0,3.0,
GFS,2026-10-07 18:00,2026-10-12 18:00,111,부산,1,22.7,98.0,95.0,52.0,0.0,126.0,0.2,3.0,
GFS,2026-10-07 18:00,2026-10-12 21:00,114,부산,1,22.2,96.0,85.0,73.0,0.0,0.0,0.8,3.0,
GFS,2026-10-07 18:00,2026-10-13 00:00,117,부산,1,22.0,97.0,97.0,7.0,0.0,0.0,0.8,3.0,
GFS,2026-10-07 18:00,2026-10-13 03:00,120,부산,1,21.6,97.0,97.0,46.0,0.0,0.0,2.1,3.0,
GFS,2026-10-07 18:00,2026-10-13 09:00,126,부산,1,21.8,96.0,96.0,11.0,0.0,39.0,3.5,6.0,
GFS,2026-10-07 18:00,2026-10-13 21:00,138,부산,1,22.5,7.0,0.0,7.0,0.0,101.0,0.1,6.0,
GFS,2026-10-07 18:00,2026-10-14 09:00,150,부산,1,21.0,0.0,0.0,0.0,0.0,78.0,0.0,6.0,
GFS,2026-10-07 18:00,2026-10-14 21:00,162,부산,1,16.5,0.0,0.0,0.0,0.0,109.0,0.0,6.0,
GFS,2026-10-07 18:00,2026-10-15 09:00,174,부산,1,14.7,5.0,0.0,0.0,5.0,83.0,0.0,6.0,
GFS,2026-10-07 18:00,2026-10-15 21:00,186,부산,1,18.1,0.0,0.0,0.0,0.0,111.0,0.0,6.0,
GFS,2026-10-07 18:00,2026-10-16 09:00,198,부산,1,16.6,95.0,0.0,3.0,95.0,82.0,0.0,6.0,
GFS,2026-10-07 18:00,2026-10-16 21:00,210,부산,1,19.3,100.0,0.0,0.0,100.0,65.0,0.0,6.0,
GFS,2026-10-07 18:00,2026-10-17 09:00,222,부산,1,20.3,96.0,91.0,25.0,29.0,39.0,0.1,6.0,
GFS,2026-10-07 18:00,2026-10-17 21:00,234,부산,1,20.5,78.0,78.0,1.0,0.0,48.0,0.1,6.0,
GFS,2026-10-07 18:00,2026-10-08 03:00,0,인천,0,17.3,0.0,0.0,0.0,0.0,,,,
GFS,2026-10-07 18:00,2026-10-08 06:00,3,인천,0,16.1,0.0,0.0,0.0,0.0,0.0,0.0,3.0,
GFS,2026-10-07 18:00,2026-10-08 09:00,6,인천,0,18.2,0.0,0.0,0.0,0.0,144.0,0.0,3.0,
GFS,2026-10-07 18:00,2026-10-08 12:00,9,인천,0,21.7,0.0,0.0,0.0,0.0,607.0,0.0,3.0,
GFS,2026-10-07 18:00,2026-10-08 15:00,12,인천,0,22.3,0.0,0.0,0.0,0.0,668.0,0.0,3.0,
GFS,2026-10-07 18:00,2026-10-08 18:00,15,인천,0,20.6,0.0,0.0,0.0,0.0,246.0,0.0,3.0,
GFS,2026-10-07 18:00,2026-10-08 21:00,18,인천,0,19.7,0.0,0.0,0.0,0.0,0.0,0.0,3.0,
GFS,2026-10-07 18:00,2026-10-09 00:00,21,인천,0,18.6,0.0,0.0,0.0,0.0,0.0,0.0,3.0,
GFS,2026-10-07 18:00,2026-10-09 03:00,24,인천,0,17.8,0.0,0.0,0.0,0.0,0.0,0.0,3.0,
GFS,2026-10-07 18:00,2026-10-09 06:00,27,인천,0,16.9,2.0,0.0,0.0,2.0,0.0,0.0,3.0,
GFS,2026-10-07 18:00,2026-10-09 09:00,30,인천,0,19.1,97.0,0.0,0.0,97.0,139.0,0.0,3.0,
GFS,2026-10-07 18:00,2026-10-09 12:00,33,인천,0,22.1,83.0,0.0,60.0,72.0,517.0,0.0,3.0,
GFS,2026-10-07 18:00,2026-10-09 15:00,36,인천,0,22.5,98.0,0.0,97.0,86.0,579.0,0.0,3.0,
GFS,2026-10-07 18:00,2026-10-09 18:00,39,인천,0,21.1,13.0,0.0,7.0,11.0,170.0,0.0,3.0,
GFS,2026-10-07 18:00,2026-10-09 21:00,42,인천,0,19.8,42.0,0.0,29.0,17.0,0.0,0.0,3.0,
GFS,2026-10-07 18:00,2026-10-10 00:00,45,인천,0,18.9,1.0,0.0,1.0,0.0,0.0,0.0,3.0,
GFS,2026-10-07 18:00,2026-10-10 03:00,48,인천,0,17.9,0.0,0.0,0.0,0.0,0.0,0.0,3.0,
GFS,2026-10-07 18:00,2026-10-10 06:00,51,인천,0,17.2,0.0,0.0,0.0,0.0,0.0,0.0,3.0,
GFS,2026-10-07 18:00,2026-10-10 09:00,54,인천,0,19.6,0.0,0.0,0.0,0.0,139.0,0.0,3.0,
GFS,2026-10-07 18:00,2026-10-10 12:00,57,인천,0,23.5,2.0,0.0,0.0,2.0,600.0,0.0,3.0,
GFS,2026-10-07 18:00,2026-10-10 15:00,60,인천,0,24.1,5.0,0.0,0.0,4.0,662.0,0.0,3.0,
GFS,2026-10-07 18:00,2026-10-10 18:00,63,인천,0,21.9,0.0,0.0,0.0,0.0,239.0,0.0,3.0,
GFS,2026-10-07 18:00,2026-10-10 21:00,66,인천,0,20.7,24.0,0.0,2.0,23.0,0.0,0.0,3.0,
GFS,2026-10-07 18:00,2026-10-11 00:00,69,인천,0,19.6,6.0,0.0,5.0,1.0,0.0,0.0,3.0,
GFS,2026-10-07 18:00,2026-10-11 03:00,72,인천,0,19.2,98.0,0.0,98.0,0.0,0.0,0.0,3.0,
GFS,2026-10-07 18:00,2026-10-11 06:00,75,인천,0,18.2,83.0,0.0,83.0,0.0,0.0,0.0,3.0,
GFS,2026-10-07 18:00,2026-10-11 09:00,78,인천,0,20.3,71.0,0.0,71.0,0.0,120.0,0.0,3.0,
GFS,2026-10-07 18:00,2026-10-11 12:00,81,인천,0,24.9,42.0,0.0,42.0,0.0,546.0,0.0,3.0,
GFS,2026-10-07 18:00,2026-10-11 15:00,84,인천,0,26.6,4.0,0.0,4.0,0.0,613.0,0.0,3.0,
GFS,2026-10-07 18:00,2026-10-11 18:00,87,인천,0,24.8,1.0,1.0,0.0,0.0,225.0,0.0,3.0,
GFS,2026-10-07 18:00,2026-10-11 21:00,90,인천,0,23.2,15.0,14.0,0.0,1.0,0.0,0.0,3.0,
GFS,2026-10-07 18:00,2026-10-12 00:00,93,인천,0,22.5,68.0,68.0,0.0,0.0,0.0,0.0,3.0,
GFS,2026-10-07 18:00,2026-10-12 03:00,96,인천,0,22.3,88.0,88.0,0.0,4.0,0.0,0.0,3.0,
GFS,2026-10-07 18:00,2026-10-12 06:00,99,인천,0,21.8,70.0,70.0,0.0,5.0,0.0,0.0,3.0,
GFS,2026-10-07 18:00,2026-10-12 09:00,102,인천,0,22.4,96.0,96.0,0.0,11.0,80.0,0.0,3.0,
GFS,2026-10-07 18:00,2026-10-12 12:00,105,인천,0,24.8,67.0,54.0,0.0,48.0,294.0,0.1,3.0,
GFS,2026-10-07 18:00,2026-10-12 15:00,108,인천,0,25.9,87.0,29.0,1.0,76.0,576.0,0.1,3.0,
GFS,2026-10-07 18:00,2026-10-12 18:00,111,인천,0,23.8,93.0,38.0,5.0,73.0,164.0,0.1,3.0,
GFS,2026-10-07 18:00,2026-10-12 21:00,114,인천,0,23.4,74.0,34.0,58.0,26.0,0.0,0.0,3.0,
GFS,2026-10-07 18:00,2026-10-13 00:00,117,인천,0,22.3,93.0,46.0,92.0,2.0,0.0,0.1,3.0,
GFS,2026-10-07 18:00,2026-10-13 03:00,120,인천,0,20.8,90.0,47.0,89.0,28.0,0.0,1.0,3.0,
GFS,2026-10-07 18:00,2026-10-13 09:00,126,인천,0,20.8,100.0,62.0,100.0,21.0,28.0,2.5,6.0,
GFS,2026-10-07 18:00,2026-10-13 21:00,138,인천,0,20.5,8.0,5.0,2.0,4.0,42.0,0.1,6.0,
GFS,2026-10-07 18:00,2026-10-14 09:00,150,인천,0,15.1,64.0,64.0,0.0,0.0,27.0,2.1,6.0,
GFS,2026-10-07 18:00,2026-10-14 21:00,162,인천,0,13.6,0.0,0.0,0.0,0.0,115.0,0.0,6.0,
GFS,2026-10-07 18:00,2026-10-15 09:00,174,인천,0,12.5,0.0,0.0,0.0,0.0,67.0,0.0,6.0,
GFS,2026-10-07 18:00,2026-10-15 21:00,186,인천,0,15.6,0.0,0.0,0.0,0.0,111.0,0.0,6.0,
GFS,2026-10-07 18:00,2026-10-16 09:00,198,인천,0,15.3,100.0,0.0,86.0,100.0,57.0,0.0,6.0,
GFS,2026-10-07 18:00,2026-10-16 21:00,210,인천,0,18.3,64.0,0.0,22.0,53.0,103.0,0.0,6.0,
GFS,2026-10-07 18:00,2026-10-17 09:00,222,인천,0,17.5,76.0,20.0,19.0,69.0,51.0,0.0,6.0,
GFS,2026-10-07 18:00,2026-10-17 21:00,234,인천,0,19.4,100.0,32.0,7.0,100.0,100.0,0.0,6.0,
GFS,2026-10-07 18:00,2026-10-08 03:00,0,수원,0,15.4,0.0,0.0,0.0,0.0,,,,
GFS,2026-10-07 18:00,2026-10-08 06:00,3,수원,0,14.4,0.0,0.0,0.0,0.0,0.0,0.0,3.0,
GFS,2026-10-07 18:00,2026-10-08 09:00,6,수원,0,17.6,0.0,0.0,0.0,0.0,145.0,0.0,3.0,
GFS,2026-10-07 18:00,2026-10-08 12:00,9,수원,0,22.5,0.0,0.0,0.0,0.0,610.0,0.0,3.0,
GFS,2026-10-07 18:00,2026-10-08 15:00,12,수원,0,23.7,0.0,0.0,0.0,0.0,668.0,0.0,3.0,
GFS,2026-10-07 18:00,2026-10-08 18:00,15,수원,0,20.4,0.0,0.0,0.0,0.0,242.0,0.0,3.0,
GFS,2026-10-07 18:00,2026-10-08 21:00,18,수원,0,18.9,0.0,0.0,0.0,0.0,0.0,0.0,3.0,
GFS,2026-10-07 18:00,2026-10-09 00:00,21,수원,0,17.7,0.0,0.0,0.0,0.0,0.0,0.0,3.0,
GFS,2026-10-07 18:00,2026-10-09 03:00,24,수원,0,16.6,0.0,0.0,0.0,0.0,0.0,0.0,3.0,
GFS,2026-10-07 18:00,2026-10-09 06:00,27,수원,0,15.6,1.0,0.0,0.0,1.0,0.0,0.0,3.0,
GFS,2026-10-07 18:00,2026-10-09 09:00,30,수원,0,18.4,86.0,0.0,0.0,86.0,134.0,0.0,3.0,
GFS,2026-10-07 18:00,2026-10-09 12:00,33,수원,0,22.7,91.0,0.0,81.0,73.0,536.0,0.0,3.0,
GFS,2026-10-07 18:00,2026-10-09 15:00,36,수원,0,24.0,100.0,0.0,87.0,98.0,627.0,0.0,3.0,
GFS,2026-10-07 18:00,2026-10-09 18:00,39,수원,0,20.8,42.0,0.0,34.0,18.0,162.0,0.0,3.0,
GFS,2026-10-07 18:00,2026-10-09 21:00,42,수원,0,19.0,82.0,0.0,79.0,28.0,0.0,0.0,3.0,
GFS,2026-10-07 18:00,2026-10-10 00:00,45,수원,0,17.8,2.0,0.0,2.0,0.0,0.0,0.0,3.0,
GFS,2026-10-07 18:00,2026-10-10 03:00,48,수원,0,16.8,0.0,0.0,0.0,0.0,0.0,0.0,3.0,
GFS,2026-10-07 18:00,2026-10-10 06:00,51,수원,0,16.1,0.0,0.0,0.0,0.0,0.0,0.0,3.0,
GFS,2026-10-07 18:00,2026-10-10 09:00,54,수원,0,19.2,0.0,0.0,0.0,0.0,141.0,0.0,3.0,
GFS,2026-10-07 18:00,2026-10-10 12:00,57,수원,0,24.3,0.0,0.0,0.0,0.0,605.0,0.0,3.0,
GFS,2026-10-07 18:00,2026-10-10 15:00,60,수원,0,25.4,2.0,0.0,0.0,2.0,663.0,0.0,3.0,
GFS,2026-10-07 18:00,2026-10-10 18:00,63,수원,0,21.8,0.0,0.0,0.0,0.0,235.0,0.0,3.0,
GFS,2026-10-07 18:00,2026-10-10 21:00,66,수원,0,20.2,0.0,0.0,0.0,0.0,0.0,0.0,3.0,
GFS,2026-10-07 18:00,2026-10-11 00:00,69,수원,0,19.3,16.0,1.0,5.0,14.0,0.0,0.0,3.0,
GFS,2026-10-07 18:00,2026-10-11 03:00,72,수원,0,18.6,60.0,0.0,60.0,0.0,0.0,0.0,3.0,
GFS,2026-10-07 18:00,2026-10-11 06:00,75,수원,0,18.0,56.0,0.0,56.0,0.0,0.0,0.0,3.0,
GFS,2026-10-07 18:00,2026-10-11 09:00,78,수원,0,20.9,91.0,0.0,91.0,0.0,125.0,0.0,3.0,
GFS,2026-10-07 18:00,2026-10-11 12:00,81,수원,0,25.9,32.0,2.0,30.0,0.0,562.0,0.0,3.0,
GFS,2026-10-07 18:00,2026-10-11 15:00,84,수원,0,27.5,25.0,20.0,9.0,0.0,628.0,0.0,3.0,
GFS,2026-10-07 18:00,2026-10-11 18:00,87,수원,0,24.7,36.0,35.0,1.0,0.0,213.0,0.0,3.0,
GFS,2026-10-07 18:00,2026-10-11 21:00,90,수원,0,23.6,63.0,62.0,0.0,1.0,0.0,0.0,3.0,
GFS,2026-10-07 18:00,2026-10-12 00:00,93,수원,0,21.9,56.0,56.0,0.0,0.0,0.0,0.0,3.0,
GFS,2026-10-07 18:00,2026-10-12 03:00,96,수원,0,21.7,69.0,69.0,0.0,0.0,0.0,0.0,3.0,
GFS,2026-10-07 18:00,2026-10-12 06:00,99,수원,0,20.4,64.0,63.0,0.0,7.0,0.0,0.0,3.0,
GFS,2026-10-07 18:00,2026-10-12 09:00,102,수원,0,20.8,57.0,57.0,0.0,2.0,33.0,0.0,3.0,
GFS,2026-10-07 18:00,2026-10-12 12:00,105,수원,0,24.6,26.0,18.0,2.0,10.0,405.0,0.1,3.0,
GFS,2026-10-07 18:00,2026-10-12 15:00,108,수원,0,26.1,56.0,23.0,19.0,37.0,600.0,0.9,3.0,
GFS,2026-10-07 18:00,2026-10-12 18:00,111,수원,0,23.0,36.0,33.0,5.0,10.0,184.0,1.1,3.0,
GFS,2026-10-07 18:00,2026-10-12 21:00,114,수원,0,21.8,92.0,22.0,85.0,35.0,0.0,0.4,3.0,
GFS,2026-10-07 18:00,2026-10-13 00:00,117,수원,0,20.8,96.0,63.0,90.0,0.0,0.0,0.4,3.0,
GFS,2026-10-07 18:00,2026-10-13 03:00,120,수원,0,20.2,98.0,74.0,98.0,2.0,0.0,0.1,3.0,
GFS,2026-10-07 18:00,2026-10-13 09:00,126,수원,0,20.5,97.0,47.0,97.0,39.0,33.0,3.2,6.0,
GFS,2026-10-07 18:00,2026-10-13 21:00,138,수원,0,19.7,65.0,6.0,2.0,64.0,41.0,0.2,6.0,
GFS,2026-10-07 18:00,2026-10-14 09:00,150,수원,0,15.4,57.0,57.0,0.0,0.0,10.0,3.8,6.0,
GFS,2026-10-07 18:00,2026-10-14 21:00,162,수원,0,13.0,0.0,0.0,0.0,0.0,113.0,0.0,6.0,
GFS,2026-10-07 18:00,2026-10-15 09:00,174,수원,0,12.3,0.0,0.0,0.0,0.0,68.0,0.0,6.0,
GFS,2026-10-07 18:00,2026-10-15 21:00,186,수원,0,15.1,0.0,0.0,0.0,0.0,110.0,0.0,6.0,
GFS,2026-10-07 18:00,2026-10-16 09:00,198,수원,0,15.1,100.0,0.0,66.0,100.0,60.0,0.0,6.0,
GFS,2026-10-07 18:00,2026-10-16 21:00,210,수원,0,17.3,45.0,0.0,36.0,22.0,95.0,0.0,6.0,
GFS,2026-10-07 18:00,2026-10-17 09:00,222,수원,0,16.7,73.0,7.0,47.0,68.0,52.0,0.0,6.0,
GFS,2026-10-07 18:00,2026-10-17 21:00,234,수원,0,18.0,90.0,3.0,3.0,90.0,96.0,0.0,6.0,
GFS,2026-10-07 18:00,2026-10-08 03:00,0,전주,0,11.7,0.0,0.0,0.0,0.0,,,,
GFS,2026-10-07 18:00,2026-10-08 06:00,3,전주,0,11.1,0.0,0.0,0.0,0.0,0.0,0.0,3.0,
GFS,2026-10-07 18:00,2026-10-08 09:00,6,전주,0,17.1,0.0,0.0,0.0,0.0,153.0,0.0,3.0,
GFS,2026-10-07 18:00,2026-10-08 12:00,9,전주,0,21.8,0.0,0.0,0.0,0.0,634.0,0.0,3.0,
GFS,2026-10-07 18:00,2026-10-08 15:00,12,전주,0,22.9,0.0,0.0,0.0,0.0,695.0,0.0,3.0,
GFS,2026-10-07 18:00,2026-10-08 18:00,15,전주,0,16.0,0.0,0.0,0.0,0.0,256.0,0.0,3.0,
GFS,2026-10-07 18:00,2026-10-08 21:00,18,전주,0,13.7,0.0,0.0,0.0,0.0,0.0,0.0,3.0,
GFS,2026-10-07 18:00,2026-10-09 00:00,21,전주,0,13.3,1.0,0.0,0.0,1.0,0.0,0.0,3.0,
GFS,2026-10-07 18:00,2026-10-09 03:00,24,전주,0,12.4,2.0,0.0,0.0,2.0,0.0,0.0,3.0,
GFS,2026-10-07 18:00,2026-10-09 06:00,27,전주,0,11.8,42.0,0.0,7.0,42.0,0.0,0.0,3.0,
GFS,2026-10-07 18:00,2026-10-09 09:00,30,전주,0,17.4,81.0,0.0,68.0,70.0,127.0,0.0,3.0,
GFS,2026-10-07 18:00,2026-10-09 12:00,33,전주,0,22.6,62.0,0.0,45.0,53.0,573.0,0.0,3.0,
GFS,2026-10-07 18:00,2026-10-09 15:00,36,전주,0,22.9,88.0,0.0,77.0,86.0,583.0,0.0,3.0,
GFS,2026-10-07 18:00,2026-10-09 18:00,39,전주,0,16.3,71.0,0.0,48.0,38.0,150.0,0.0,3.0,
GFS,2026-10-07 18:00,2026-10-09 21:00,42,전주,0,15.5,97.0,0.0,95.0,82.0,0.0,0.0,3.0,
GFS,2026-10-07 18:00,2026-10-10 00:00,45,전주,0,15.4,69.0,0.0,69.0,23.0,0.0,0.0,3.0,
GFS,2026-10-07 18:00,2026-10-10 03:00,48,전주,0,14.3,55.0,0.0,54.0,4.0,0.0,0.0,3.0,
GFS,2026-10-07 18:00,2026-10-10 06:00,51,전주,0,15.0,69.0,69.0,4.0,0.0,0.0,0.0,3.0,
GFS,2026-10-07 18:00,2026-10-10 09:00,54,전주,0,18.8,39.0,37.0,5.0,0.0,72.0,0.0,3.0,
GFS,2026-10-07 18:00,2026-10-10 12:00,57,전주,0,24.4,3.0,0.0,3.0,0.0,558.0,0.0,3.0,
GFS,2026-10-07 18:00,2026-10-10 15:00,60,전주,0,25.6,4.0,1.0,2.0,0.0,651.0,0.0,3.0,
GFS,2026-10-07 18:00,2026-10-10 18:00,63,전주,0,18.2,22.0,20.0,5.0,0.0,229.0,0.0,3.0,
GFS,2026-10-07 18:00,2026-10-10 21:00,66,전주,0,17.4,50.0,49.0,18.0,0.0,0.0,0.0,3.0,
GFS,2026-10-07 18:00,2026-10-11 00:00,69,전주,0,16.7,56.0,0.0,56.0,0.0,0.0,0.0,3.0,
GFS,2026-10-07 18:00,2026-10-11 03:00,72,전주,0,16.1,55.0,26.0,38.0,0.0,0.0,0.0,3.0,
GFS,2026-10-07 18:00,2026-10-11 06:00,75,전주,0,17.9,97.0,95.0,19.0,0.0,0.0,0.0,3.0,
GFS,2026-10-07 18:00,2026-10-11 09:00,78,전주,0,20.2,42.0,41.0,4.0,0.0,66.0,0.0,3.0,
GFS,2026-10-07 18:00,2026-10-11 12:00,81,전주,0,25.2,12.0,10.0,3.0,0.0,573.0,0.0,3.0,
GFS,2026-10-07 18:00,2026-10-11 15:00,84,전주,0,26.3,28.0,27.0,1.0,0.0,638.0,0.1,3.0,
GFS,2026-10-07 18:00,2026-10-11 18:00,87,전주,0,20.8,17.0,17.0,0.0,0.0,218.0,0.1,3.0,
GFS,2026-10-07 18:00,2026-10-11 21:00,90,전주,0,19.0,14.0,14.0,0.0,0.0,0.0,0.0,3.0,
GFS,2026-10-07 18:00,2026-10-12 00:00,93,전주,0,18.8,42.0,42.0,0.0,0.0,0.0,0.0,3.0,
GFS,2026-10-07 18:00,2026-10-12 03:00,96,전주,0,19.8,87.0,87.0,0.0,0.0,0.0,0.0,3.0,
GFS,2026-10-07 18:00,2026-10-12 06:00,99,전주,0,19.1,66.0,66.0,0.0,0.0,0.0,0.3,3.0,
GFS,2026-10-07 18:00,2026-10-12 09:00,102,전주,0,22.0,52.0,52.0,0.0,0.0,87.0,0.2,3.0,
GFS,2026-10-07 18:00,2026-10-12 12:00,105,전주,0,25.4,44.0,20.0,29.0,0.0,480.0,2.8,3.0,
GFS,2026-10-07 18:00,2026-10-12 15:00,108,전주,0,25.2,63.0,36.0,49.0,1.0,473.0,3.1,3.0,
GFS,2026-10-07 18:00,2026-10-12 18:00,111,전주,0,19.7,80.0,48.0,78.0,1.0,116.0,4.9,3.0,
GFS,2026-10-07 18:00,2026-10-12 21:00,114,전주,0,18.4,59.0,59.0,9.0,0.0,0.0,1.0,3.0,
GFS,2026-10-07 18:00,2026-10-13 00:00,117,전주,0,19.5,89.0,86.0,52.0,0.0,0.0,0.1,3.0,
GFS,2026-10-07 18:00,2026-10-13 03:00,120,전주,0,19.1,89.0,64.0,80.0,0.0,0.0,0.8,3.0,
GFS,2026-10-07 18:00,2026-10-13 09:00,126,전주,0,20.2,59.0,58.0,23.0,0.0,18.0,2.1,6.0,
GFS,2026-10-07 18:00,2026-10-13 21:00,138,전주,0,17.9,26.0,8.0,7.0,20.0,95.0,0.2,6.0,
GFS,2026-10-07 18:00,2026-10-14 09:00,150,전주,0,16.5,100.0,100.0,0.0,0.0,22.0,1.1,6.0,
GFS,2026-10-07 18:00,2026-10-14 21:00,162,전주,0,10.7,0.0,0.0,0.0,0.0,115.0,0.0,6.0,
GFS,2026-10-07 18:00,2026-10-15 09:00,174,전주,0,12.7,3.0,0.0,2.0,2.0,69.0,0.0,6.0,
GFS,2026-10-07 18:00,2026-10-15 21:00,186,전주,0,10.2,24.0,0.0,3.0,24.0,112.0,0.0,6.0,
GFS,2026-10-07 18:00,2026-10-16 09:00,198,전주,0,13.6,94.0,0.0,37.0,94.0,65.0,0.0,6.0,
GFS,2026-10-07 18:00,2026-10-16 21:00,210,전주,0,12.4,95.0,0.0,34.0,75.0,89.0,0.0,6.0,
GFS,2026-10-07 18:00,2026-10-17 09:00,222,전주,0,15.9,92.0,0.0,82.0,72.0,55.0,0.0,6.0,
GFS,2026-10-07 18:00,2026-10-17 21:00,234,전주,0,15.9,5.0,0.0,4.0,3.0,103.0,0.0,6.0,
GFS,2026-10-07 18:00,2026-10-08 03:00,0,강릉,0,15.3,0.0,0.0,0.0,0.0,,,,
GFS,2026-10-07 18:00,2026-10-08 06:00,3,강릉,0,14.8,0.0,0.0,0.0,0.0,0.0,0.0,3.0,
GFS,2026-10-07 18:00,2026-10-08 09:00,6,강릉,0,18.1,0.0,0.0,0.0,0.0,164.0,0.0,3.0,
GFS,2026-10-07 18:00,2026-10-08 12:00,9,강릉,0,19.4,0.0,0.0,0.0,0.0,625.0,0.0,3.0,
GFS,2026-10-07 18:00,2026-10-08 15:00,12,강릉,0,19.9,0.0,0.0,0.0,0.0,655.0,0.0,3.0,
GFS,2026-10-07 18:00,2026-10-08 18:00,15,강릉,0,18.4,0.0,0.0,0.0,0.0,218.0,0.0,3.0,
GFS,2026-10-07 18:00,2026-10-08 21:00,18,강릉,0,17.3,0.0,0.0,0.0,0.0,0.0,0.0,3.0,
GFS,2026-10-07 18:00,2026-10-09 00:00,21,강릉,0,16.9,0.0,0.0,0.0,0.0,0.0,0.0,3.0,
GFS,2026-10-07 18:00,2026-10-09 03:00,24,강릉,0,16.5,0.0,0.0,0.0,0.0,0.0,0.0,3.0,
GFS,2026-10-07 18:00,2026-10-09 06:00,27,강릉,0,16.3,0.0,0.0,0.0,0.0,0.0,0.0,3.0,
GFS,2026-10-07 18:00,2026-10-09 09:00,30,강릉,0,19.1,0.0,0.0,0.0,0.0,160.0,0.0,3.0,
GFS,2026-10-07 18:00,2026-10-09 12:00,33,강릉,0,19.5,37.0,0.0,0.0,37.0,617.0,0.0,3.0,
GFS,2026-10-07 18:00,2026-10-09 15:00,36,강릉,0,19.4,100.0,0.0,45.0,100.0,617.0,0.0,3.0,
GFS,2026-10-07 18:00,2026-10-09 18:00,39,강릉,0,18.6,77.0,0.0,62.0,52.0,167.0,0.0,3.0,
GFS,2026-10-07 18:00,2026-10-09 21:00,42,강릉,0,18.0,75.0,0.0,70.0,55.0,0.0,0.0,3.0,
GFS,2026-10-07 18:00,2026-10-10 00:00,45,강릉,0,17.5,19.0,0.0,14.0,8.0,0.0,0.0,3.0,
GFS,2026-10-07 18:00,2026-10-10 03:00,48,강릉,0,17.0,26.0,0.0,5.0,25.0,0.0,0.0,3.0,
GFS,2026-10-07 18:00,2026-10-10 06:00,51,강릉,0,17.0,0.0,0.0,0.0,0.0,0.0,0.0,3.0,
GFS,2026-10-07 18:00,2026-10-10 09:00,54,강릉,0,19.4,0.0,0.0,0.0,0.0,158.0,0.0,3.0,
GFS,2026-10-07 18:00,2026-10-10 12:00,57,강릉,0,20.3,2.0,0.0,2.0,0.0,615.0,0.0,3.0,
GFS,2026-10-07 18:00,2026-10-10 15:00,60,강릉,0,20.5,2.0,0.0,1.0,1.0,640.0,0.0,3.0,
GFS,2026-10-07 18:00,2026-10-10 18:00,63,강릉,0,19.0,3.0,0.0,0.0,3.0,208.0,0.0,3.0,
GFS,2026-10-07 18:00,2026-10-10 21:00,66,강릉,0,17.9,0.0,0.0,0.0,0.0,0.0,0.0,3.0,
GFS,2026-10-07 18:00,2026-10-11 00:00,69,강릉,0,17.9,0.0,0.0,0.0,0.0,0.0,0.0,3.0,
GFS,2026-10-07 18:00,2026-10-11 03:00,72,강릉,0,18.1,21.0,0.0,1.0,21.0,0.0,0.0,3.0,
GFS,2026-10-07 18:00,2026-10-11 06:00,75,강릉,0,17.8,14.0,0.0,14.0,0.0,0.0,0.0,3.0,
GFS,2026-10-07 18:00,2026-10-11 09:00,78,강릉,0,19.4,42.0,0.0,42.0,0.0,148.0,0.0,3.0,
GFS,2026-10-07 18:00,2026-10-11 12:00,81,강릉,0,19.7,43.0,0.0,43.0,0.0,573.0,0.0,3.0,
GFS,2026-10-07 18:00,2026-10-11 15:00,84,강릉,0,19.4,55.0,8.0,49.0,0.0,593.0,0.0,3.0,
GFS,2026-10-07 18:00,2026-10-11 18:00,87,강릉,0,18.6,45.0,43.0,3.0,0.0,187.0,0.0,3.0,
GFS,2026-10-07 18:00,2026-10-11 21:00,90,강릉,0,18.9,49.0,49.0,0.0,0.0,0.0,0.0,3.0,
GFS,2026-10-07 18:00,2026-10-12 00:00,93,강릉,0,18.1,35.0,35.0,0.0,0.0,0.0,0.0,3.0,
GFS,2026-10-07 18:00,2026-10-12 03:00,96,강릉,0,18.2,64.0,64.0,0.0,0.0,0.0,0.0,3.0,
GFS,2026-10-07 18:00,2026-10-12 06:00,99,강릉,0,18.1,62.0,62.0,0.0,3.0,0.0,0.0,3.0,
GFS,2026-10-07 18:00,2026-10-12 09:00,102,강릉,0,18.6,79.0,79.0,0.0,0.0,69.0,0.0,3.0,
GFS,2026-10-07 18:00,2026-10-12 12:00,105,강릉,0,18.9,81.0,81.0,0.0,20.0,290.0,0.0,3.0,
GFS,2026-10-07 18:00,2026-10-12 15:00,108,강릉,0,19.3,46.0,43.0,8.0,5.0,339.0,0.0,3.0,
GFS,2026-10-07 18:00,2026-10-12 18:00,111,강릉,0,18.7,98.0,68.0,98.0,56.0,149.0,0.1,3.0,
GFS,2026-10-07 18:00,2026-10-12 21:00,114,강릉,0,18.6,91.0,86.0,82.0,15.0,0.0,0.5,3.0,
GFS,2026-10-07 18:00,2026-10-13 00:00,117,강릉,0,18.2,99.0,45.0,87.0,66.0,0.0,1.1,3.0,
GFS,2026-10-07 18:00,2026-10-13 03:00,120,강릉,0,18.4,100.0,100.0,100.0,2.0,0.0,1.5,3.0,
GFS,2026-10-07 18:00,2026-10-13 09:00,126,강릉,0,18.1,95.0,88.0,92.0,38.0,2.0,18.4,6.0,
GFS,2026-10-07 18:00,2026-10-13 21:00,138,강릉,0,17.0,100.0,100.0,81.0,94.0,3.0,7.6,6.0,
GFS,2026-10-07 18:00,2026-10-14 09:00,150,강릉,0,18.8,62.0,47.0,39.0,0.0,70.0,0.0,6.0,
GFS,2026-10-07 18:00,2026-10-14 21:00,162,강릉,0,13.4,32.0,32.0,0.0,0.0,95.0,0.0,6.0,
GFS,2026-10-07 18:00,2026-10-15 09:00,174,강릉,0,12.9,5.0,5.0,0.0,0.0,72.0,0.0,6.0,
GFS,2026-10-07 18:00,2026-10-15 21:00,186,강릉,0,13.0,0.0,0.0,0.0,0.0,95.0,0.0,6.0,
GFS,2026-10-07 18:00,2026-10-16 09:00,198,강릉,0,14.8,6.0,0.0,0.0,6.0,73.0,0.0,6.0,
GFS,2026-10-07 18:00,2026-10-16 21:00,210,강릉,0,14.1,77.0,0.0,4.0,77.0,76.0,0.0,6.0,
GFS,2026-10-07 18:00,2026-10-17 09:00,222,강릉,0,16.0,91.0,40.0,62.0,88.0,44.0,0.0,6.0,
GFS,2026-10-07 18:00,2026-10-17 21:00,234,강릉,0,15.4,92.0,80.0,8.0,82.0,12.0,0.7,6.0,
GFS,2026-10-07 18:00,2026-10-08 03:00,0,제주,0,16.9,0.0,0.0,0.0,0.0,,,,
GFS,2026-10-07 18:00,2026-10-08 06:00,3,제주,0,16.4,0.0,0.0,0.0,0.0,0.0,0.0,3.0,
GFS,2026-10-07 18:00,2026-10-08 09:00,6,제주,0,18.8,0.0,0.0,0.0,0.0,171.0,0.0,3.0,
GFS,2026-10-07 18:00,2026-10-08 12:00,9,제주,0,20.8,0.0,0.0,0.0,0.0,683.0,0.0,3.0,
GFS,2026-10-07 18:00,2026-10-08 15:00,12,제주,0,21.2,3.0,3.0,0.0,0.0,746.0,0.0,3.0,
GFS,2026-10-07 18:00,2026-10-08 18:00,15,제주,0,19.7,4.0,3.0,0.0,0.0,290.0,0.0,3.0,
GFS,2026-10-07 18:00,2026-10-08 21:00,18,제주,0,18.2,8.0,0.0,3.0,6.0,0.0,0.0,3.0,
GFS,2026-10-07 18:00,2026-10-09 00:00,21,제주,0,17.7,8.0,0.0,4.0,5.0,0.0,0.0,3.0,
GFS,2026-10-07 18:00,2026-10-09 03:00,24,제주,0,17.8,81.0,5.0,72.0,53.0,0.0,0.0,3.0,
GFS,2026-10-07 18:00,2026-10-09 06:00,27,제주,0,17.7,80.0,12.0,80.0,1.0,0.0,0.0,3.0,
GFS,2026-10-07 18:00,2026-10-09 09:00,30,제주,0,19.9,48.0,4.0,47.0,0.0,155.0,0.0,3.0,
GFS,2026-10-07 18:00,2026-10-09 12:00,33,제주,0,22.0,36.0,1.0,36.0,0.0,657.0,0.0,3.0,
GFS,2026-10-07 18:00,2026-10-09 15:00,36,제주,0,21.1,96.0,4.0,96.0,0.0,712.0,0.0,3.0,
GFS,2026-10-07 18:00,2026-10-09 18:00,39,제주,0,19.4,89.0,2.0,89.0,0.0,242.0,0.0,3.0,
GFS,2026-10-07 18:00,2026-10-09 21:00,42,제주,0,19.1,82.0,36.0,73.0,0.0,0.0,0.0,3.0,
GFS,2026-10-07 18:00,2026-10-10 00:00,45,제주,0,19.5,94.0,34.0,88.0,0.0,0.0,0.0,3.0,
GFS,2026-10-07 18:00,2026-10-10 03:00,48,제주,0,19.0,58.0,12.0,54.0,0.0,0.0,0.0,3.0,
GFS,2026-10-07 18:00,2026-10-10 06:00,51,제주,0,18.5,22.0,2.0,21.0,0.0,0.0,0.0,3.0,
GFS,2026-10-07 18:00,2026-10-10 09:00,54,제주,0,19.9,28.0,3.0,26.0,0.0,146.0,0.0,3.0,
GFS,2026-10-07 18:00,2026-10-10 12:00,57,제주,0,21.8,12.0,7.0,7.0,0.0,629.0,0.0,3.0,
GFS,2026-10-07 18:00,2026-10-10 15:00,60,제주,0,22.0,45.0,16.0,36.0,0.0,640.0,0.1,3.0,
GFS,2026-10-07 18:00,2026-10-10 18:00,63,제주,0,20.9,52.0,49.0,8.0,0.0,185.0,0.1,3.0,
GFS,2026-10-07 18:00,2026-10-10 21:00,66,제주,0,20.1,27.0,19.0,11.0,0.0,0.0,0.1,3.0,
GFS,2026-10-07 18:00,2026-10-11 00:00,69,제주,0,19.9,27.0,1.0,26.0,0.0,0.0,0.0,3.0,
GFS,2026-10-07 18:00,2026-10-11 03:00,72,제주,0,19.5,9.0,1.0,9.0,0.0,0.0,0.0,3.0,
GFS,2026-10-07 18:00,2026-10-11 06:00,75,제주,0,19.1,7.0,6.0,2.0,0.0,0.0,0.0,3.0,
GFS,2026-10-07 18:00,2026-10-11 09:00,78,제주,0,20.9,8.0,8.0,0.0,0.0,150.0,0.0,3.0,
GFS,2026-10-07 18:00,2026-10-11 12:00,81,제주,0,23.6,2.0,2.0,0.0,0.0,639.0,0.0,3.0,
GFS,2026-10-07 18:00,2026-10-11 15:00,84,제주,0,22.5,18.0,18.0,0.0,0.0,683.0,0.1,3.0,
GFS,2026-10-07 18:00,2026-10-11 18:00,87,제주,0,21.7,6.0,6.0,0.0,0.0,167.0,0.1,3.0,
GFS,2026-10-07 18:00,2026-10-11 21:00,90,제주,0,21.1,7.0,7.0,0.0,0.0,0.0,0.0,3.0,
GFS,2026-10-07 18:00,2026-10-12 00:00,93,제주,0,20.9,10.0,10.0,0.0,0.0,0.0,0.3,3.0,
GFS,2026-10-07 18:00,2026-10-12 03:00,96,제주,0,20.7,1.0,1.0,0.0,0.0,0.0,0.4,3.0,
GFS,2026-10-07 18:00,2026-10-12 06:00,99,제주,0,20.7,2.0,2.0,0.0,0.0,0.0,0.1,3.0,
GFS,2026-10-07 18:00,2026-10-12 09:00,102,제주,0,23.1,0.0,0.0,0.0,0.0,149.0,0.1,3.0,
GFS,2026-10-07 18:00,2026-10-12 12:00,105,제주,0,24.2,19.0,19.0,0.0,0.0,600.0,0.1,3.0,
GFS,2026-10-07 18:00,2026-10-12 15:00,108,제주,0,23.9,48.0,47.0,2.0,0.0,543.0,0.9,3.0,
GFS,2026-10-07 18:00,2026-10-12 18:00,111,제주,0,22.0,35.0,35.0,0.0,0.0,195.0,0.6,3.0,
GFS,2026-10-07 18:00,2026-10-12 21:00,114,제주,0,21.3,26.0,25.0,1.0,0.0,0.0,0.2,3.0,
GFS,2026-10-07 18:00,2026-10-13 00:00,117,제주,0,20.7,15.0,12.0,3.0,0.0,0.0,0.0,3.0,
GFS,2026-10-07 18:00,2026-10-13 03:00,120,제주,0,20.3,14.0,5.0,10.0,0.0,0.0,0.0,3.0,
GFS,2026-10-07 18:00,2026-10-13 09:00,126,제주,0,22.0,8.0,1.0,7.0,0.0,73.0,0.0,6.0,
GFS,2026-10-07 18:00,2026-10-13 21:00,138,제주,0,19.8,58.0,8.0,57.0,0.0,129.0,0.1,6.0,
GFS,2026-10-07 18:00,2026-10-14 09:00,150,제주,0,20.5,0.0,0.0,0.0,0.0,76.0,0.0,6.0,
GFS,2026-10-07 18:00,2026-10-14 21:00,162,제주,0,14.5,0.0,0.0,0.0,0.0,56.0,0.0,6.0,
GFS,2026-10-07 18:00,2026-10-15 09:00,174,제주,0,15.0,64.0,0.0,2.0,64.0,58.0,0.0,6.0,
GFS,2026-10-07 18:00,2026-10-15 21:00,186,제주,0,14.9,0.0,0.0,0.0,0.0,133.0,0.0,6.0,
GFS,2026-10-07 18:00,2026-10-16 09:00,198,제주,0,17.2,56.0,0.0,0.0,56.0,75.0,0.0,6.0,
GFS,2026-10-07 18:00,2026-10-16 21:00,210,제주,0,17.6,100.0,7.0,0.0,100.0,127.0,0.0,6.0,
GFS,2026-10-07 18:00,2026-10-17 09:00,222,제주,0,18.9,47.0,45.0,5.0,9.0,58.0,0.1,6.0,
GFS,2026-10-07 18:00,2026-10-17 21:00,234,제주,0,18.8,100.0,46.0,1.0,93.0,111.0,0.1,6.0,
GFS,2026-10-07 18:00,2026-10-08 03:00,0,나주,0,11.6,0.0,0.0,0.0,0.0,,,,
GFS,2026-10-07 18:00,2026-10-08 06:00,3,나주,0,10.8,0.0,0.0,0.0,0.0,0.0,0.0,3.0,
GFS,2026-10-07 18:00,2026-10-08 09:00,6,나주,0,16.8,0.0,0.0,0.0,0.0,160.0,0.0,3.0,
GFS,2026-10-07 18:00,2026-10-08 12:00,9,나주,0,22.9,0.0,0.0,0.0,0.0,654.0,0.0,3.0,
GFS,2026-10-07 18:00,2026-10-08 15:00,12,나주,0,24.0,0.0,0.0,0.0,0.0,719.0,0.0,3.0,
GFS,2026-10-07 18:00,2026-10-08 18:00,15,나주,0,17.2,0.0,0.0,0.0,0.0,273.0,0.0,3.0,
GFS,2026-10-07 18:00,2026-10-08 21:00,18,나주,0,14.4,15.0,0.0,0.0,15.0,0.0,0.0,3.0,
GFS,2026-10-07 18:00,2026-10-09 00:00,21,나주,0,13.3,43.0,0.0,0.0,43.0,0.0,0.0,3.0,
GFS,2026-10-07 18:00,2026-10-09 03:00,24,나주,0,12.5,19.0,0.0,1.0,18.0,0.0,0.0,3.0,
GFS,2026-10-07 18:00,2026-10-09 06:00,27,나주,0,11.9,36.0,0.0,22.0,33.0,0.0,0.0,3.0,
GFS,2026-10-07 18:00,2026-10-09 09:00,30,나주,0,17.6,91.0,0.0,91.0,58.0,134.0,0.0,3.0,
GFS,2026-10-07 18:00,2026-10-09 12:00,33,나주,0,23.4,74.0,0.0,73.0,9.0,611.0,0.0,3.0,
GFS,2026-10-07 18:00,2026-10-09 15:00,36,나주,0,24.4,49.0,0.0,49.0,4.0,683.0,0.0,3.0,
GFS,2026-10-07 18:00,2026-10-09 18:00,39,나주,0,17.2,89.0,0.0,78.0,83.0,220.0,0.0,3.0,
GFS,2026-10-07 18:00,2026-10-09 21:00,42,나주,0,15.4,72.0,0.0,61.0,23.0,0.0,0.0,3.0,
GFS,2026-10-07 18:00,2026-10-10 00:00,45,나주,0,14.9,84.0,0.0,84.0,6.0,0.0,0.0,3.0,
GFS,2026-10-07 18:00,2026-10-10 03:00,48,나주,0,14.1,30.0,22.0,21.0,0.0,0.0,0.0,3.0,
GFS,2026-10-07 18:00,2026-10-10 06:00,51,나주,0,14.4,64.0,64.0,4.0,0.0,0.0,0.0,3.0,
GFS,2026-10-07 18:00,2026-10-10 09:00,54,나주,0,19.1,42.0,41.0,3.0,0.0,105.0,0.0,3.0,
GFS,2026-10-07 18:00,2026-10-10 12:00,57,나주,0,25.2,3.0,0.0,3.0,0.0,607.0,0.0,3.0,
GFS,2026-10-07 18:00,2026-10-10 15:00,60,나주,0,26.7,25.0,22.0,5.0,0.0,674.0,0.0,3.0,
GFS,2026-10-07 18:00,2026-10-10 18:00,63,나주,0,21.6,52.0,49.0,36.0,0.0,205.0,0.0,3.0,
GFS,2026-10-07 18:00,2026-10-10 21:00,66,나주,0,17.9,45.0,24.0,38.0,0.0,0.0,0.0,3.0,
GFS,2026-10-07 18:00,2026-10-11 00:00,69,나주,0,17.8,29.0,8.0,23.0,0.0,0.0,0.0,3.0,
GFS,2026-10-07 18:00,2026-10-11 03:00,72,나주,0,17.3,44.0,39.0,10.0,0.0,0.0,0.1,3.0,
GFS,2026-10-07 18:00,2026-10-11 06:00,75,나주,0,17.1,42.0,41.0,4.0,0.0,0.0,0.2,3.0,
GFS,2026-10-07 18:00,2026-10-11 09:00,78,나주,0,22.0,17.0,17.0,1.0,0.0,138.0,0.0,3.0,
GFS,2026-10-07 18:00,2026-10-11 12:00,81,나주,0,26.2,65.0,65.0,0.0,0.0,543.0,0.4,3.0,
GFS,2026-10-07 18:00,2026-10-11 15:00,84,나주,0,25.4,75.0,75.0,0.0,0.0,360.0,0.8,3.0,
GFS,2026-10-07 18:00,2026-10-11 18:00,87,나주,0,21.4,39.0,39.0,0.0,0.0,137.0,0.8,3.0,
GFS,2026-10-07 18:00,2026-10-11 21:00,90,나주,0,19.8,50.0,50.0,0.0,0.0,0.0,0.2,3.0,
GFS,2026-10-07 18:00,2026-10-12 00:00,93,나주,0,20.6,80.0,80.0,0.0,0.0,0.0,0.1,3.0,
GFS,2026-10-07 18:00,2026-10-12 03:00,96,나주,0,20.4,92.0,92.0,0.0,0.0,0.0,0.1,3.0,
GFS,2026-10-07 18:00,2026-10-12 06:00,99,나주,0,19.6,59.0,59.0,0.0,0.0,0.0,0.2,3.0,
GFS,2026-10-07 18:00,2026-10-12 09:00,102,나주,0,22.4,70.0,70.0,0.0,0.0,128.0,0.1,3.0,
GFS,2026-10-07 18:00,2026-10-12 12:00,105,나주,0,24.1,79.0,79.0,0.0,0.0,355.0,0.0,3.0,
GFS,2026-10-07 18:00,2026-10-12 15:00,108,나주,0,24.8,56.0,55.0,3.0,0.0,468.0,0.1,3.0,
GFS,2026-10-07 18:00,2026-10-12 18:00,111,나주,0,21.4,48.0,24.0,41.0,0.0,216.0,0.0,3.0,
GFS,2026-10-07 18:00,2026-10-12 21:00,114,나주,0,19.3,50.0,50.0,5.0,0.0,0.0,0.1,3.0,
GFS,2026-10-07 18:00,2026-10-13 00:00,117,나주,0,20.0,54.0,50.0,25.0,0.0,0.0,0.4,3.0,
GFS,2026-10-07 18:00,2026-10-13 03:00,120,나주,0,18.4,66.0,44.0,52.0,0.0,0.0,0.1,3.0,
GFS,2026-10-07 18:00,2026-10-13 09:00,126,나주,0,21.8,29.0,29.0,9.0,0.0,49.0,0.0,6.0,
GFS,2026-10-07 18:00,2026-10-13 21:00,138,나주,0,18.2,46.0,13.0,46.0,2.0,116.0,0.0,6.0,
GFS,2026-10-07 18:00,2026-10-14 09:00,150,나주,0,19.3,82.0,82.0,0.0,0.0,67.0,0.6,6.0,
GFS,2026-10-07 18:00,2026-10-14 21:00,162,나주,0,12.8,0.0,0.0,0.0,0.0,124.0,0.0,6.0,
GFS,2026-10-07 18:00,2026-10-15 09:00,174,나주,0,13.3,1.0,0.0,0.0,1.0,73.0,0.0,6.0,
GFS,2026-10-07 18:00,2026-10-15 21:00,186,나주,0,10.1,51.0,0.0,42.0,41.0,123.0,0.0,6.0,
GFS,2026-10-07 18:00,2026-10-16 09:00,198,나주,0,12.6,97.0,0.0,16.0,97.0,43.0,0.0,6.0,
GFS,2026-10-07 18:00,2026-10-16 21:00,210,나주,0,12.1,41.0,0.0,1.0,41.0,105.0,0.0,6.0,
GFS,2026-10-07 18:00,2026-10-17 09:00,222,나주,0,15.5,86.0,12.0,86.0,23.0,56.0,0.0,6.0,
GFS,2026-10-07 18:00,2026-10-17 21:00,234,나주,0,16.5,4.0,0.0,4.0,1.0,110.0,0.0,6.0,
KIM,2026-10-07 12:00,2026-10-07 21:00,0,서울,1,13.9,0.0,0.0,0.0,0.0,,,,NE57_nc
KIM,2026-10-07 12:00,2026-10-08 00:00,3,서울,1,12.1,0.0,0.0,0.0,0.0,0.0,0.0,3.0,NE57_nc
KIM,2026-10-07 12:00,2026-10-08 03:00,6,서울,1,10.6,0.0,0.0,0.0,0.0,-0.0,0.0,3.0,NE57_nc
KIM,2026-10-07 12:00,2026-10-08 06:00,9,서울,1,9.7,0.0,0.0,0.0,0.0,-0.0,0.0,3.0,NE57_nc
KIM,2026-10-07 12:00,2026-10-08 09:00,12,서울,1,15.5,0.0,0.0,0.0,0.0,137.0,0.0,3.0,NE57_nc
KIM,2026-10-07 12:00,2026-10-08 12:00,15,서울,1,21.2,0.0,0.0,0.0,0.0,598.0,0.0,3.0,NE57_nc
KIM,2026-10-07 12:00,2026-10-08 15:00,18,서울,1,22.5,0.0,0.0,0.0,0.0,652.0,0.0,3.0,NE57_nc
KIM,2026-10-07 12:00,2026-10-08 18:00,21,서울,1,17.6,0.0,0.0,0.0,0.0,223.0,0.0,3.0,NE57_nc
KIM,2026-10-07 12:00,2026-10-08 21:00,24,서울,1,14.5,0.0,0.0,0.0,0.0,0.0,0.0,3.0,NE57_nc
KIM,2026-10-07 12:00,2026-10-09 00:00,27,서울,1,12.9,0.0,0.0,0.0,0.0,0.0,0.0,3.0,NE57_nc
KIM,2026-10-07 12:00,2026-10-09 03:00,30,서울,1,11.6,0.0,0.0,0.0,0.0,0.0,0.0,3.0,NE57_nc
KIM,2026-10-07 12:00,2026-10-09 06:00,33,서울,1,10.5,30.0,0.0,0.0,30.0,-0.0,0.0,3.0,NE57_nc
KIM,2026-10-07 12:00,2026-10-09 09:00,36,서울,1,16.7,89.0,0.0,0.0,89.0,130.0,0.0,3.0,NE57_nc
KIM,2026-10-07 12:00,2026-10-09 12:00,39,서울,1,22.2,91.0,0.0,0.0,91.0,580.0,0.0,3.0,NE57_nc
KIM,2026-10-07 12:00,2026-10-09 15:00,42,서울,1,23.3,28.0,0.0,3.0,27.0,603.0,0.0,3.0,NE57_nc
KIM,2026-10-07 12:00,2026-10-09 18:00,45,서울,1,18.7,55.0,0.0,4.0,54.0,216.0,0.0,3.0,NE57_nc
KIM,2026-10-07 12:00,2026-10-09 21:00,48,서울,1,15.4,53.0,0.0,0.0,53.0,-0.0,0.0,3.0,NE57_nc
KIM,2026-10-07 12:00,2026-10-10 00:00,51,서울,1,13.4,56.0,0.0,16.0,55.0,0.0,0.0,3.0,NE57_nc
KIM,2026-10-07 12:00,2026-10-10 03:00,54,서울,1,12.5,62.0,0.0,35.0,52.0,0.0,0.0,3.0,NE57_nc
KIM,2026-10-07 12:00,2026-10-10 06:00,57,서울,1,11.6,72.0,0.0,40.0,68.0,-0.0,0.0,3.0,NE57_nc
KIM,2026-10-07 12:00,2026-10-10 09:00,60,서울,1,17.6,64.0,0.0,0.0,64.0,130.0,0.0,3.0,NE57_nc
KIM,2026-10-07 12:00,2026-10-10 12:00,63,서울,1,23.3,70.0,0.0,0.0,70.0,581.0,0.0,3.0,NE57_nc
KIM,2026-10-07 12:00,2026-10-10 15:00,66,서울,1,24.6,9.0,2.0,0.0,7.0,622.0,0.0,3.0,NE57_nc
KIM,2026-10-07 12:00,2026-10-10 18:00,69,서울,1,20.3,30.0,28.0,2.0,3.0,206.0,0.0,3.0,NE57_nc
KIM,2026-10-07 12:00,2026-10-10 21:00,72,서울,1,18.1,94.0,92.0,58.0,35.0,0.0,0.0,3.0,NE57_nc
KIM,2026-10-07 12:00,2026-10-11 00:00,75,서울,1,17.1,99.0,99.0,35.0,13.0,0.0,0.0,3.0,NE57_nc
KIM,2026-10-07 12:00,2026-10-11 03:00,78,서울,1,16.9,90.0,88.0,0.0,5.0,-0.0,0.0,3.0,NE57_nc
KIM,2026-10-07 12:00,2026-10-11 06:00,81,서울,1,16.5,89.0,76.0,24.0,1.0,0.0,0.0,3.0,NE57_nc
KIM,2026-10-07 12:00,2026-10-11 09:00,84,서울,1,19.4,66.0,55.0,22.0,0.0,121.0,0.0,3.0,NE57_nc
KIM,2026-10-07 12:00,2026-10-11 12:00,87,서울,1,23.7,40.0,40.0,0.0,0.0,562.0,0.0,3.0,NE57_nc
KIM,2026-10-07 12:00,2026-10-11 15:00,90,서울,1,25.4,28.0,28.0,0.0,1.0,613.0,0.0,3.0,NE57_nc
KIM,2026-10-07 12:00,2026-10-11 18:00,93,서울,1,21.6,64.0,64.0,2.0,2.0,195.0,0.1,3.0,NE57_nc
KIM,2026-10-07 12:00,2026-10-11 21:00,96,서울,1,20.4,87.0,87.0,0.0,0.0,0.0,0.0,3.0,NE57_nc
KIM,2026-10-07 12:00,2026-10-12 00:00,99,서울,1,19.4,99.0,99.0,0.0,0.0,-0.0,0.0,3.0,NE57_nc
KIM,2026-10-07 12:00,2026-10-12 03:00,102,서울,1,18.8,100.0,100.0,1.0,0.0,-0.0,0.0,3.0,NE57_nc
KIM,2026-10-07 12:00,2026-10-12 06:00,105,서울,1,18.5,98.0,98.0,1.0,5.0,-0.0,0.0,3.0,NE57_nc
KIM,2026-10-07 12:00,2026-10-12 09:00,108,서울,1,20.1,98.0,98.0,2.0,36.0,49.0,0.0,3.0,NE57_nc
KIM,2026-10-07 12:00,2026-10-12 12:00,111,서울,1,22.2,85.0,83.0,3.0,30.0,144.0,0.0,3.0,NE57_nc
KIM,2026-10-07 12:00,2026-10-12 15:00,114,서울,1,23.3,94.0,77.0,32.0,50.0,446.0,2.1,3.0,NE57_nc
KIM,2026-10-07 12:00,2026-10-12 18:00,117,서울,1,20.8,100.0,94.0,49.0,97.0,91.0,1.1,3.0,NE57_nc
KIM,2026-10-07 12:00,2026-10-12 21:00,120,서울,1,19.6,76.0,46.0,37.0,39.0,-0.0,0.9,3.0,NE57_nc
KIM,2026-10-07 12:00,2026-10-13 09:00,132,서울,1,17.8,98.0,94.0,80.0,77.0,,24.3,12.0,NE57_nc
KIM,2026-10-07 12:00,2026-10-13 21:00,144,서울,1,17.1,65.0,56.0,20.0,31.0,,2.6,12.0,NE57_nc
KIM,2026-10-07 12:00,2026-10-14 09:00,156,서울,1,11.6,0.0,0.0,0.0,0.0,,0.1,12.0,NE57_nc
KIM,2026-10-07 12:00,2026-10-14 21:00,168,서울,1,10.3,0.0,0.0,0.0,0.0,,0.0,12.0,NE57_nc
KIM,2026-10-07 12:00,2026-10-15 09:00,180,서울,1,12.9,0.0,0.0,0.0,0.0,,0.0,12.0,NE57_nc
KIM,2026-10-07 12:00,2026-10-15 21:00,192,서울,1,13.4,0.0,0.0,0.0,0.0,,0.1,12.0,NE57_nc
KIM,2026-10-07 12:00,2026-10-16 09:00,204,서울,1,15.6,97.0,61.0,11.0,96.0,,0.0,12.0,NE57_nc
KIM,2026-10-07 12:00,2026-10-16 21:00,216,서울,1,16.1,100.0,16.0,92.0,100.0,,0.1,12.0,NE57_nc
KIM,2026-10-07 12:00,2026-10-17 09:00,228,서울,1,16.0,98.0,98.0,87.0,32.0,,0.0,12.0,NE57_nc
KIM,2026-10-07 12:00,2026-10-17 21:00,240,서울,1,17.7,98.0,65.0,78.0,94.0,,0.0,12.0,NE57_nc
KIM,2026-10-07 12:00,2026-10-18 09:00,252,서울,1,16.1,100.0,97.0,90.0,100.0,,21.6,12.0,NE57_nc
KIM,2026-10-07 12:00,2026-10-18 21:00,264,서울,1,13.1,100.0,24.0,44.0,100.0,,18.1,12.0,NE57_nc
KIM,2026-10-07 12:00,2026-10-19 09:00,276,서울,1,13.4,3.0,3.0,0.0,0.0,,0.0,12.0,NE57_nc
KIM,2026-10-07 12:00,2026-10-19 21:00,288,서울,1,12.0,0.0,0.0,0.0,0.0,,0.0,12.0,NE57_nc
KIM,2026-10-07 12:00,2026-10-07 21:00,0,대전,1,13.6,0.0,0.0,0.0,0.0,,,,NE57_nc
KIM,2026-10-07 12:00,2026-10-08 00:00,3,대전,1,11.2,0.0,0.0,0.0,0.0,0.0,0.0,3.0,NE57_nc
KIM,2026-10-07 12:00,2026-10-08 03:00,6,대전,1,9.6,0.0,0.0,0.0,0.0,-0.0,0.0,3.0,NE57_nc
KIM,2026-10-07 12:00,2026-10-08 06:00,9,대전,1,8.8,0.0,0.0,0.0,0.0,-0.0,0.0,3.0,NE57_nc
KIM,2026-10-07 12:00,2026-10-08 09:00,12,대전,1,14.8,0.0,0.0,0.0,0.0,147.0,0.0,3.0,NE57_nc
KIM,2026-10-07 12:00,2026-10-08 12:00,15,대전,1,20.5,0.0,0.0,0.0,0.0,624.0,0.0,3.0,NE57_nc
KIM,2026-10-07 12:00,2026-10-08 15:00,18,대전,1,22.0,0.0,0.0,0.0,0.0,675.0,0.0,3.0,NE57_nc
KIM,2026-10-07 12:00,2026-10-08 18:00,21,대전,1,17.5,0.0,0.0,0.0,0.0,235.0,0.0,3.0,NE57_nc
KIM,2026-10-07 12:00,2026-10-08 21:00,24,대전,1,14.5,0.0,0.0,0.0,0.0,0.0,0.0,3.0,NE57_nc
KIM,2026-10-07 12:00,2026-10-09 00:00,27,대전,1,12.3,0.0,0.0,0.0,0.0,0.0,0.0,3.0,NE57_nc
KIM,2026-10-07 12:00,2026-10-09 03:00,30,대전,1,11.0,4.0,0.0,0.0,4.0,0.0,0.0,3.0,NE57_nc
KIM,2026-10-07 12:00,2026-10-09 06:00,33,대전,1,10.0,94.0,0.0,0.0,94.0,-0.0,0.0,3.0,NE57_nc
KIM,2026-10-07 12:00,2026-10-09 09:00,36,대전,1,15.8,75.0,0.0,0.0,75.0,137.0,0.0,3.0,NE57_nc
KIM,2026-10-07 12:00,2026-10-09 12:00,39,대전,1,21.7,45.0,0.0,0.0,45.0,607.0,0.0,3.0,NE57_nc
KIM,2026-10-07 12:00,2026-10-09 15:00,42,대전,1,23.0,70.0,0.0,0.0,70.0,597.0,0.0,3.0,NE57_nc
KIM,2026-10-07 12:00,2026-10-09 18:00,45,대전,1,18.5,73.0,0.0,4.0,72.0,213.0,0.0,3.0,NE57_nc
KIM,2026-10-07 12:00,2026-10-09 21:00,48,대전,1,16.2,81.0,0.0,11.0,79.0,-0.0,0.0,3.0,NE57_nc
KIM,2026-10-07 12:00,2026-10-10 00:00,51,대전,1,14.0,48.0,0.0,26.0,40.0,0.0,0.0,3.0,NE57_nc
KIM,2026-10-07 12:00,2026-10-10 03:00,54,대전,1,13.1,47.0,8.0,2.0,45.0,0.0,0.0,3.0,NE57_nc
KIM,2026-10-07 12:00,2026-10-10 06:00,57,대전,1,12.6,77.0,68.0,10.0,35.0,-0.0,0.0,3.0,NE57_nc
KIM,2026-10-07 12:00,2026-10-10 09:00,60,대전,1,18.3,88.0,82.0,1.0,66.0,129.0,0.0,3.0,NE57_nc
KIM,2026-10-07 12:00,2026-10-10 12:00,63,대전,1,22.8,92.0,92.0,3.0,0.0,463.0,0.0,3.0,NE57_nc
KIM,2026-10-07 12:00,2026-10-10 15:00,66,대전,1,22.9,97.0,97.0,17.0,0.0,284.0,0.0,3.0,NE57_nc
KIM,2026-10-07 12:00,2026-10-10 18:00,69,대전,1,19.6,79.0,79.0,9.0,0.0,33.0,0.0,3.0,NE57_nc
KIM,2026-10-07 12:00,2026-10-10 21:00,72,대전,1,18.7,100.0,100.0,63.0,10.0,0.0,0.4,3.0,NE57_nc
KIM,2026-10-07 12:00,2026-10-11 00:00,75,대전,1,18.0,95.0,92.0,30.0,46.0,0.0,0.8,3.0,NE57_nc
KIM,2026-10-07 12:00,2026-10-11 03:00,78,대전,1,17.7,99.0,96.0,42.0,24.0,-0.0,1.0,3.0,NE57_nc
KIM,2026-10-07 12:00,2026-10-11 06:00,81,대전,1,17.5,99.0,99.0,23.0,25.0,0.0,3.5,3.0,NE57_nc
KIM,2026-10-07 12:00,2026-10-11 09:00,84,대전,1,18.3,99.0,99.0,2.0,0.0,24.0,0.1,3.0,NE57_nc
KIM,2026-10-07 12:00,2026-10-11 12:00,87,대전,1,22.8,75.0,75.0,0.0,0.0,362.0,0.0,3.0,NE57_nc
KIM,2026-10-07 12:00,2026-10-11 15:00,90,대전,1,23.1,51.0,36.0,12.0,22.0,450.0,2.2,3.0,NE57_nc
KIM,2026-10-07 12:00,2026-10-11 18:00,93,대전,1,20.7,65.0,47.0,17.0,23.0,139.0,1.5,3.0,NE57_nc
KIM,2026-10-07 12:00,2026-10-11 21:00,96,대전,1,19.5,52.0,46.0,19.0,9.0,0.0,3.9,3.0,NE57_nc
KIM,2026-10-07 12:00,2026-10-12 00:00,99,대전,1,18.8,64.0,63.0,13.0,0.0,-0.0,1.0,3.0,NE57_nc
KIM,2026-10-07 12:00,2026-10-12 03:00,102,대전,1,18.1,85.0,84.0,10.0,0.0,-0.0,0.1,3.0,NE57_nc
KIM,2026-10-07 12:00,2026-10-12 06:00,105,대전,1,18.1,83.0,81.0,26.0,0.0,-0.0,0.2,3.0,NE57_nc
KIM,2026-10-07 12:00,2026-10-12 09:00,108,대전,1,19.9,92.0,91.0,14.0,36.0,59.0,0.9,3.0,NE57_nc
KIM,2026-10-07 12:00,2026-10-12 12:00,111,대전,1,23.7,59.0,58.0,4.0,3.0,401.0,0.0,3.0,NE57_nc
KIM,2026-10-07 12:00,2026-10-12 15:00,114,대전,1,23.8,50.0,25.0,37.0,0.0,502.0,1.2,3.0,NE57_nc
KIM,2026-10-07 12:00,2026-10-12 18:00,117,대전,1,21.1,82.0,31.0,31.0,63.0,166.0,0.8,3.0,NE57_nc
KIM,2026-10-07 12:00,2026-10-12 21:00,120,대전,1,19.7,92.0,84.0,84.0,1.0,-0.0,0.2,3.0,NE57_nc
KIM,2026-10-07 12:00,2026-10-13 09:00,132,대전,1,19.4,99.0,95.0,88.0,71.0,,1.5,12.0,NE57_nc
KIM,2026-10-07 12:00,2026-10-13 21:00,144,대전,1,16.2,51.0,44.0,4.0,28.0,,2.8,12.0,NE57_nc
KIM,2026-10-07 12:00,2026-10-14 09:00,156,대전,1,13.9,3.0,2.0,0.0,1.0,,0.2,12.0,NE57_nc
KIM,2026-10-07 12:00,2026-10-14 21:00,168,대전,1,10.4,2.0,0.0,0.0,2.0,,0.0,12.0,NE57_nc
KIM,2026-10-07 12:00,2026-10-15 09:00,180,대전,1,12.8,0.0,0.0,0.0,0.0,,0.0,12.0,NE57_nc
KIM,2026-10-07 12:00,2026-10-15 21:00,192,대전,1,13.0,12.0,12.0,0.0,0.0,,0.0,12.0,NE57_nc
KIM,2026-10-07 12:00,2026-10-16 09:00,204,대전,1,14.9,66.0,0.0,1.0,66.0,,0.0,12.0,NE57_nc
KIM,2026-10-07 12:00,2026-10-16 21:00,216,대전,1,14.6,100.0,0.0,55.0,99.0,,0.0,12.0,NE57_nc
KIM,2026-10-07 12:00,2026-10-17 09:00,228,대전,1,16.2,88.0,0.0,48.0,82.0,,0.0,12.0,NE57_nc
KIM,2026-10-07 12:00,2026-10-17 21:00,240,대전,1,16.5,99.0,57.0,88.0,98.0,,0.0,12.0,NE57_nc
KIM,2026-10-07 12:00,2026-10-18 09:00,252,대전,1,17.6,100.0,98.0,91.0,94.0,,7.2,12.0,NE57_nc
KIM,2026-10-07 12:00,2026-10-18 21:00,264,대전,1,13.9,99.0,31.0,22.0,98.0,,5.6,12.0,NE57_nc
KIM,2026-10-07 12:00,2026-10-19 09:00,276,대전,1,15.0,4.0,4.0,0.0,0.0,,0.0,12.0,NE57_nc
KIM,2026-10-07 12:00,2026-10-19 21:00,288,대전,1,14.0,0.0,0.0,0.0,0.0,,0.0,12.0,NE57_nc
KIM,2026-10-07 12:00,2026-10-07 21:00,0,대구,1,13.2,0.0,0.0,0.0,0.0,,,,NE57_nc
KIM,2026-10-07 12:00,2026-10-08 00:00,3,대구,1,11.1,0.0,0.0,0.0,0.0,0.0,0.0,3.0,NE57_nc
KIM,2026-10-07 12:00,2026-10-08 03:00,6,대구,1,10.5,0.0,0.0,0.0,0.0,-0.0,0.0,3.0,NE57_nc
KIM,2026-10-07 12:00,2026-10-08 06:00,9,대구,1,9.8,0.0,0.0,0.0,0.0,-0.0,0.0,3.0,NE57_nc
KIM,2026-10-07 12:00,2026-10-08 09:00,12,대구,1,15.6,0.0,0.0,0.0,0.0,166.0,0.0,3.0,NE57_nc
KIM,2026-10-07 12:00,2026-10-08 12:00,15,대구,1,20.7,0.0,0.0,0.0,0.0,655.0,0.0,3.0,NE57_nc
KIM,2026-10-07 12:00,2026-10-08 15:00,18,대구,1,22.1,0.0,0.0,0.0,0.0,699.0,0.0,3.0,NE57_nc
KIM,2026-10-07 12:00,2026-10-08 18:00,21,대구,1,17.1,0.0,0.0,0.0,0.0,234.0,0.0,3.0,NE57_nc
KIM,2026-10-07 12:00,2026-10-08 21:00,24,대구,1,14.6,0.0,0.0,0.0,0.0,0.0,0.0,3.0,NE57_nc
KIM,2026-10-07 12:00,2026-10-09 00:00,27,대구,1,13.1,0.0,0.0,0.0,0.0,0.0,0.0,3.0,NE57_nc
KIM,2026-10-07 12:00,2026-10-09 03:00,30,대구,1,11.6,0.0,0.0,0.0,0.0,0.0,0.0,3.0,NE57_nc
KIM,2026-10-07 12:00,2026-10-09 06:00,33,대구,1,11.0,25.0,0.0,0.0,25.0,-0.0,0.0,3.0,NE57_nc
KIM,2026-10-07 12:00,2026-10-09 09:00,36,대구,1,17.0,68.0,0.0,0.0,68.0,161.0,0.0,3.0,NE57_nc
KIM,2026-10-07 12:00,2026-10-09 12:00,39,대구,1,22.0,37.0,0.0,0.0,37.0,647.0,0.0,3.0,NE57_nc
KIM,2026-10-07 12:00,2026-10-09 15:00,42,대구,1,23.4,19.0,0.0,0.0,19.0,674.0,0.0,3.0,NE57_nc
KIM,2026-10-07 12:00,2026-10-09 18:00,45,대구,1,18.8,53.0,0.0,1.0,53.0,218.0,0.0,3.0,NE57_nc
KIM,2026-10-07 12:00,2026-10-09 21:00,48,대구,1,16.5,48.0,0.0,1.0,48.0,-0.0,0.0,3.0,NE57_nc
KIM,2026-10-07 12:00,2026-10-10 00:00,51,대구,1,14.9,76.0,49.0,15.0,69.0,0.0,0.0,3.0,NE57_nc
KIM,2026-10-07 12:00,2026-10-10 03:00,54,대구,1,14.1,88.0,57.0,17.0,75.0,0.0,0.0,3.0,NE57_nc
KIM,2026-10-07 12:00,2026-10-10 06:00,57,대구,1,13.5,74.0,68.0,12.0,43.0,-0.0,0.0,3.0,NE57_nc
KIM,2026-10-07 12:00,2026-10-10 09:00,60,대구,1,19.5,70.0,58.0,22.0,41.0,151.0,0.0,3.0,NE57_nc
KIM,2026-10-07 12:00,2026-10-10 12:00,63,대구,1,23.2,80.0,60.0,1.0,49.0,444.0,0.0,3.0,NE57_nc
KIM,2026-10-07 12:00,2026-10-10 15:00,66,대구,1,24.0,57.0,51.0,15.0,0.0,564.0,0.8,3.0,NE57_nc
KIM,2026-10-07 12:00,2026-10-10 18:00,69,대구,1,21.1,62.0,38.0,41.0,8.0,160.0,0.7,3.0,NE57_nc
KIM,2026-10-07 12:00,2026-10-10 21:00,72,대구,1,19.5,96.0,91.0,63.0,4.0,0.0,1.3,3.0,NE57_nc
KIM,2026-10-07 12:00,2026-10-11 00:00,75,대구,1,18.9,63.0,58.0,27.0,1.0,0.0,0.0,3.0,NE57_nc
KIM,2026-10-07 12:00,2026-10-11 03:00,78,대구,1,18.0,75.0,62.0,66.0,13.0,-0.0,0.0,3.0,NE57_nc
KIM,2026-10-07 12:00,2026-10-11 06:00,81,대구,1,18.1,96.0,82.0,89.0,45.0,0.0,5.1,3.0,NE57_nc
KIM,2026-10-07 12:00,2026-10-11 09:00,84,대구,1,19.9,60.0,53.0,13.0,14.0,71.0,5.0,3.0,NE57_nc
KIM,2026-10-07 12:00,2026-10-11 12:00,87,대구,1,22.7,75.0,24.0,20.0,57.0,512.0,1.4,3.0,NE57_nc
KIM,2026-10-07 12:00,2026-10-11 15:00,90,대구,1,22.4,38.0,22.0,11.0,21.0,480.0,4.1,3.0,NE57_nc
KIM,2026-10-07 12:00,2026-10-11 18:00,93,대구,1,20.4,65.0,35.0,17.0,48.0,141.0,2.4,3.0,NE57_nc
KIM,2026-10-07 12:00,2026-10-11 21:00,96,대구,1,19.0,83.0,64.0,8.0,62.0,0.0,6.8,3.0,NE57_nc
KIM,2026-10-07 12:00,2026-10-12 00:00,99,대구,1,18.9,93.0,90.0,15.0,55.0,-0.0,6.0,3.0,NE57_nc
KIM,2026-10-07 12:00,2026-10-12 03:00,102,대구,1,18.6,89.0,75.0,45.0,31.0,-0.0,0.1,3.0,NE57_nc
KIM,2026-10-07 12:00,2026-10-12 06:00,105,대구,1,18.4,87.0,84.0,30.0,1.0,-0.0,0.6,3.0,NE57_nc
KIM,2026-10-07 12:00,2026-10-12 09:00,108,대구,1,20.3,83.0,82.0,14.0,4.0,128.0,0.1,3.0,NE57_nc
KIM,2026-10-07 12:00,2026-10-12 12:00,111,대구,1,22.9,56.0,30.0,3.0,39.0,531.0,0.0,3.0,NE57_nc
KIM,2026-10-07 12:00,2026-10-12 15:00,114,대구,1,23.0,36.0,35.0,1.0,0.0,645.0,0.0,3.0,NE57_nc
KIM,2026-10-07 12:00,2026-10-12 18:00,117,대구,1,20.1,61.0,36.0,35.0,0.0,206.0,0.0,3.0,NE57_nc
KIM,2026-10-07 12:00,2026-10-12 21:00,120,대구,1,18.5,77.0,62.0,45.0,28.0,-0.0,0.0,3.0,NE57_nc
KIM,2026-10-07 12:00,2026-10-13 09:00,132,대구,1,18.8,76.0,59.0,54.0,30.0,,0.0,12.0,NE57_nc
KIM,2026-10-07 12:00,2026-10-13 21:00,144,대구,1,17.9,75.0,75.0,0.0,0.0,,5.8,12.0,NE57_nc
KIM,2026-10-07 12:00,2026-10-14 09:00,156,대구,1,14.7,11.0,0.0,0.0,11.0,,0.1,12.0,NE57_nc
KIM,2026-10-07 12:00,2026-10-14 21:00,168,대구,1,11.6,49.0,0.0,3.0,49.0,,0.0,12.0,NE57_nc
KIM,2026-10-07 12:00,2026-10-15 09:00,180,대구,1,12.5,0.0,0.0,0.0,0.0,,0.0,12.0,NE57_nc
KIM,2026-10-07 12:00,2026-10-15 21:00,192,대구,1,12.2,0.0,0.0,0.0,0.0,,0.0,12.0,NE57_nc
KIM,2026-10-07 12:00,2026-10-16 09:00,204,대구,1,14.6,6.0,0.0,0.0,6.0,,0.0,12.0,NE57_nc
KIM,2026-10-07 12:00,2026-10-16 21:00,216,대구,1,14.0,98.0,0.0,82.0,97.0,,0.0,12.0,NE57_nc
KIM,2026-10-07 12:00,2026-10-17 09:00,228,대구,1,16.2,56.0,0.0,37.0,39.0,,0.0,12.0,NE57_nc
KIM,2026-10-07 12:00,2026-10-17 21:00,240,대구,1,16.9,91.0,5.0,37.0,90.0,,0.0,12.0,NE57_nc
KIM,2026-10-07 12:00,2026-10-18 09:00,252,대구,1,17.0,100.0,97.0,96.0,99.0,,18.9,12.0,NE57_nc
KIM,2026-10-07 12:00,2026-10-18 21:00,264,대구,1,17.5,100.0,96.0,0.0,72.0,,6.6,12.0,NE57_nc
KIM,2026-10-07 12:00,2026-10-19 09:00,276,대구,1,15.0,1.0,1.0,0.0,0.0,,0.0,12.0,NE57_nc
KIM,2026-10-07 12:00,2026-10-19 21:00,288,대구,1,14.6,0.0,0.0,0.0,0.0,,0.0,12.0,NE57_nc
KIM,2026-10-07 12:00,2026-10-07 21:00,0,광주,1,14.8,0.0,0.0,0.0,0.0,,,,NE57_nc
KIM,2026-10-07 12:00,2026-10-08 00:00,3,광주,1,12.5,0.0,0.0,0.0,0.0,0.0,0.0,3.0,NE57_nc
KIM,2026-10-07 12:00,2026-10-08 03:00,6,광주,1,11.3,0.0,0.0,0.0,0.0,-0.0,0.0,3.0,NE57_nc
KIM,2026-10-07 12:00,2026-10-08 06:00,9,광주,1,10.4,0.0,0.0,0.0,0.0,-0.0,0.0,3.0,NE57_nc
KIM,2026-10-07 12:00,2026-10-08 09:00,12,광주,1,16.9,0.0,0.0,0.0,0.0,145.0,0.0,3.0,NE57_nc
KIM,2026-10-07 12:00,2026-10-08 12:00,15,광주,1,22.5,0.0,0.0,0.0,0.0,629.0,0.0,3.0,NE57_nc
KIM,2026-10-07 12:00,2026-10-08 15:00,18,광주,1,23.7,0.0,0.0,0.0,0.0,694.0,0.0,3.0,NE57_nc
KIM,2026-10-07 12:00,2026-10-08 18:00,21,광주,1,19.3,0.0,0.0,0.0,0.0,248.0,0.0,3.0,NE57_nc
KIM,2026-10-07 12:00,2026-10-08 21:00,24,광주,1,15.6,0.0,0.0,0.0,0.0,0.0,0.0,3.0,NE57_nc
KIM,2026-10-07 12:00,2026-10-09 00:00,27,광주,1,14.0,1.0,0.0,0.0,1.0,0.0,0.0,3.0,NE57_nc
KIM,2026-10-07 12:00,2026-10-09 03:00,30,광주,1,13.1,89.0,0.0,0.0,89.0,0.0,0.0,3.0,NE57_nc
KIM,2026-10-07 12:00,2026-10-09 06:00,33,광주,1,12.5,96.0,0.0,0.0,96.0,-0.0,0.0,3.0,NE57_nc
KIM,2026-10-07 12:00,2026-10-09 09:00,36,광주,1,18.4,94.0,0.0,0.0,94.0,140.0,0.0,3.0,NE57_nc
KIM,2026-10-07 12:00,2026-10-09 12:00,39,광주,1,23.2,71.0,0.0,0.0,71.0,601.0,0.0,3.0,NE57_nc
KIM,2026-10-07 12:00,2026-10-09 15:00,42,광주,1,24.7,45.0,0.0,12.0,41.0,667.0,0.0,3.0,NE57_nc
KIM,2026-10-07 12:00,2026-10-09 18:00,45,광주,1,20.3,68.0,0.0,46.0,61.0,201.0,0.0,3.0,NE57_nc
KIM,2026-10-07 12:00,2026-10-09 21:00,48,광주,1,17.4,86.0,6.0,43.0,81.0,-0.0,0.0,3.0,NE57_nc
KIM,2026-10-07 12:00,2026-10-10 00:00,51,광주,1,16.2,87.0,65.0,32.0,61.0,0.0,0.0,3.0,NE57_nc
KIM,2026-10-07 12:00,2026-10-10 03:00,54,광주,1,16.4,93.0,91.0,49.0,40.0,0.0,0.0,3.0,NE57_nc
KIM,2026-10-07 12:00,2026-10-10 06:00,57,광주,1,15.5,98.0,98.0,16.0,38.0,-0.0,0.0,3.0,NE57_nc
KIM,2026-10-07 12:00,2026-10-10 09:00,60,광주,1,17.5,92.0,88.0,4.0,48.0,16.0,0.4,3.0,NE57_nc
KIM,2026-10-07 12:00,2026-10-10 12:00,63,광주,1,21.7,92.0,90.0,28.0,0.0,188.0,0.4,3.0,NE57_nc
KIM,2026-10-07 12:00,2026-10-10 15:00,66,광주,1,23.0,72.0,40.0,42.0,0.0,258.0,0.8,3.0,NE57_nc
KIM,2026-10-07 12:00,2026-10-10 18:00,69,광주,1,20.9,70.0,59.0,44.0,3.0,96.0,2.3,3.0,NE57_nc
KIM,2026-10-07 12:00,2026-10-10 21:00,72,광주,1,19.9,100.0,100.0,25.0,0.0,0.0,0.3,3.0,NE57_nc
KIM,2026-10-07 12:00,2026-10-11 00:00,75,광주,1,19.9,99.0,98.0,74.0,3.0,0.0,2.9,3.0,NE57_nc
KIM,2026-10-07 12:00,2026-10-11 03:00,78,광주,1,19.8,99.0,99.0,34.0,2.0,-0.0,1.5,3.0,NE57_nc
KIM,2026-10-07 12:00,2026-10-11 06:00,81,광주,1,19.1,93.0,93.0,5.0,0.0,0.0,0.1,3.0,NE57_nc
KIM,2026-10-07 12:00,2026-10-11 09:00,84,광주,1,20.0,79.0,79.0,0.0,0.0,18.0,0.3,3.0,NE57_nc
KIM,2026-10-07 12:00,2026-10-11 12:00,87,광주,1,23.2,62.0,59.0,7.0,0.0,399.0,0.1,3.0,NE57_nc
KIM,2026-10-07 12:00,2026-10-11 15:00,90,광주,1,24.4,58.0,50.0,14.0,1.0,412.0,0.6,3.0,NE57_nc
KIM,2026-10-07 12:00,2026-10-11 18:00,93,광주,1,21.5,70.0,68.0,10.0,1.0,179.0,1.1,3.0,NE57_nc
KIM,2026-10-07 12:00,2026-10-11 21:00,96,광주,1,19.9,71.0,70.0,7.0,0.0,0.0,0.0,3.0,NE57_nc
KIM,2026-10-07 12:00,2026-10-12 00:00,99,광주,1,19.8,75.0,74.0,5.0,0.0,-0.0,0.1,3.0,NE57_nc
KIM,2026-10-07 12:00,2026-10-12 03:00,102,광주,1,19.2,77.0,77.0,3.0,0.0,-0.0,0.0,3.0,NE57_nc
KIM,2026-10-07 12:00,2026-10-12 06:00,105,광주,1,18.9,85.0,85.0,0.0,19.0,-0.0,0.0,3.0,NE57_nc
KIM,2026-10-07 12:00,2026-10-12 09:00,108,광주,1,21.6,76.0,59.0,0.0,57.0,127.0,0.0,3.0,NE57_nc
KIM,2026-10-07 12:00,2026-10-12 12:00,111,광주,1,25.6,53.0,45.0,16.0,12.0,537.0,0.3,3.0,NE57_nc
KIM,2026-10-07 12:00,2026-10-12 15:00,114,광주,1,25.1,88.0,74.0,50.0,0.0,587.0,0.0,3.0,NE57_nc
KIM,2026-10-07 12:00,2026-10-12 18:00,117,광주,1,22.0,78.0,74.0,34.0,0.0,54.0,0.0,3.0,NE57_nc
KIM,2026-10-07 12:00,2026-10-12 21:00,120,광주,1,21.1,97.0,96.0,31.0,0.0,-0.0,0.3,3.0,NE57_nc
KIM,2026-10-07 12:00,2026-10-13 09:00,132,광주,1,20.5,99.0,99.0,70.0,22.0,,1.0,12.0,NE57_nc
KIM,2026-10-07 12:00,2026-10-13 21:00,144,광주,1,16.6,13.0,13.0,0.0,0.0,,1.2,12.0,NE57_nc
KIM,2026-10-07 12:00,2026-10-14 09:00,156,광주,1,16.4,95.0,42.0,0.0,94.0,,0.1,12.0,NE57_nc
KIM,2026-10-07 12:00,2026-10-14 21:00,168,광주,1,12.0,3.0,0.0,0.0,3.0,,0.0,12.0,NE57_nc
KIM,2026-10-07 12:00,2026-10-15 09:00,180,광주,1,14.2,35.0,35.0,0.0,0.0,,0.0,12.0,NE57_nc
KIM,2026-10-07 12:00,2026-10-15 21:00,192,광주,1,13.5,1.0,1.0,0.0,0.0,,0.1,12.0,NE57_nc
KIM,2026-10-07 12:00,2026-10-16 09:00,204,광주,1,15.6,65.0,0.0,25.0,56.0,,0.0,12.0,NE57_nc
KIM,2026-10-07 12:00,2026-10-16 21:00,216,광주,1,14.5,100.0,0.0,14.0,100.0,,0.0,12.0,NE57_nc
KIM,2026-10-07 12:00,2026-10-17 09:00,228,광주,1,18.2,99.0,0.0,70.0,98.0,,0.0,12.0,NE57_nc
KIM,2026-10-07 12:00,2026-10-17 21:00,240,광주,1,19.5,100.0,68.0,90.0,100.0,,0.0,12.0,NE57_nc
KIM,2026-10-07 12:00,2026-10-18 09:00,252,광주,1,19.1,100.0,99.0,99.0,8.0,,22.1,12.0,NE57_nc
KIM,2026-10-07 12:00,2026-10-18 21:00,264,광주,1,16.2,92.0,13.0,0.0,89.0,,2.5,12.0,NE57_nc
KIM,2026-10-07 12:00,2026-10-19 09:00,276,광주,1,16.8,12.0,8.0,4.0,1.0,,0.0,12.0,NE57_nc
KIM,2026-10-07 12:00,2026-10-19 21:00,288,광주,1,14.4,9.0,0.0,0.0,9.0,,0.0,12.0,NE57_nc
KIM,2026-10-07 12:00,2026-10-07 21:00,0,부산,1,17.0,0.0,0.0,0.0,0.0,,,,NE57_nc
KIM,2026-10-07 12:00,2026-10-08 00:00,3,부산,1,15.7,0.0,0.0,0.0,0.0,0.0,0.0,3.0,NE57_nc
KIM,2026-10-07 12:00,2026-10-08 03:00,6,부산,1,13.9,0.0,0.0,0.0,0.0,-0.0,0.0,3.0,NE57_nc
KIM,2026-10-07 12:00,2026-10-08 06:00,9,부산,1,12.9,0.0,0.0,0.0,0.0,-0.0,0.0,3.0,NE57_nc
KIM,2026-10-07 12:00,2026-10-08 09:00,12,부산,1,20.1,0.0,0.0,0.0,0.0,164.0,0.0,3.0,NE57_nc
KIM,2026-10-07 12:00,2026-10-08 12:00,15,부산,1,23.8,0.0,0.0,0.0,0.0,639.0,0.0,3.0,NE57_nc
KIM,2026-10-07 12:00,2026-10-08 15:00,18,부산,1,23.9,0.0,0.0,0.0,0.0,676.0,0.0,3.0,NE57_nc
KIM,2026-10-07 12:00,2026-10-08 18:00,21,부산,1,20.1,0.0,0.0,0.0,0.0,220.0,0.0,3.0,NE57_nc
KIM,2026-10-07 12:00,2026-10-08 21:00,24,부산,1,18.1,0.0,0.0,0.0,0.0,0.0,0.0,3.0,NE57_nc
KIM,2026-10-07 12:00,2026-10-09 00:00,27,부산,1,17.0,0.0,0.0,0.0,0.0,0.0,0.0,3.0,NE57_nc
KIM,2026-10-07 12:00,2026-10-09 03:00,30,부산,1,15.5,0.0,0.0,0.0,0.0,0.0,0.0,3.0,NE57_nc
KIM,2026-10-07 12:00,2026-10-09 06:00,33,부산,1,14.1,34.0,0.0,0.0,34.0,-0.0,0.0,3.0,NE57_nc
KIM,2026-10-07 12:00,2026-10-09 09:00,36,부산,1,20.9,71.0,4.0,0.0,70.0,163.0,0.0,3.0,NE57_nc
KIM,2026-10-07 12:00,2026-10-09 12:00,39,부산,1,24.4,40.0,4.0,0.0,38.0,634.0,0.0,3.0,NE57_nc
KIM,2026-10-07 12:00,2026-10-09 15:00,42,부산,1,24.5,23.0,0.0,0.0,23.0,661.0,0.0,3.0,NE57_nc
KIM,2026-10-07 12:00,2026-10-09 18:00,45,부산,1,20.8,79.0,4.0,0.0,77.0,212.0,0.0,3.0,NE57_nc
KIM,2026-10-07 12:00,2026-10-09 21:00,48,부산,1,19.3,90.0,68.0,1.0,79.0,-0.0,0.0,3.0,NE57_nc
KIM,2026-10-07 12:00,2026-10-10 00:00,51,부산,1,18.9,89.0,81.0,5.0,62.0,0.0,0.0,3.0,NE57_nc
KIM,2026-10-07 12:00,2026-10-10 03:00,54,부산,1,18.9,85.0,83.0,4.0,38.0,0.0,0.0,3.0,NE57_nc
KIM,2026-10-07 12:00,2026-10-10 06:00,57,부산,1,19.0,62.0,50.0,0.0,45.0,-0.0,0.0,3.0,NE57_nc
KIM,2026-10-07 12:00,2026-10-10 09:00,60,부산,1,23.8,60.0,54.0,0.0,21.0,144.0,0.0,3.0,NE57_nc
KIM,2026-10-07 12:00,2026-10-10 12:00,63,부산,1,25.7,55.0,32.0,0.0,40.0,386.0,0.1,3.0,NE57_nc
KIM,2026-10-07 12:00,2026-10-10 15:00,66,부산,1,26.1,17.0,17.0,0.0,0.0,638.0,0.0,3.0,NE57_nc
KIM,2026-10-07 12:00,2026-10-10 18:00,69,부산,1,22.8,35.0,35.0,1.0,0.0,204.0,0.0,3.0,NE57_nc
KIM,2026-10-07 12:00,2026-10-10 21:00,72,부산,1,22.1,46.0,38.0,5.0,10.0,0.0,0.0,3.0,NE57_nc
KIM,2026-10-07 12:00,2026-10-11 00:00,75,부산,1,21.3,76.0,69.0,26.0,15.0,0.0,0.0,3.0,NE57_nc
KIM,2026-10-07 12:00,2026-10-11 03:00,78,부산,1,21.2,98.0,80.0,75.0,65.0,-0.0,0.0,3.0,NE57_nc
KIM,2026-10-07 12:00,2026-10-11 06:00,81,부산,1,21.1,80.0,66.0,16.0,66.0,0.0,0.6,3.0,NE57_nc
KIM,2026-10-07 12:00,2026-10-11 09:00,84,부산,1,23.7,77.0,72.0,11.0,34.0,108.0,0.7,3.0,NE57_nc
KIM,2026-10-07 12:00,2026-10-11 12:00,87,부산,1,23.8,87.0,85.0,13.0,23.0,143.0,1.9,3.0,NE57_nc
KIM,2026-10-07 12:00,2026-10-11 15:00,90,부산,1,25.1,72.0,57.0,50.0,15.0,316.0,0.3,3.0,NE57_nc
KIM,2026-10-07 12:00,2026-10-11 18:00,93,부산,1,22.3,37.0,27.0,14.0,9.0,123.0,0.0,3.0,NE57_nc
KIM,2026-10-07 12:00,2026-10-11 21:00,96,부산,1,20.7,54.0,51.0,7.0,6.0,0.0,0.2,3.0,NE57_nc
KIM,2026-10-07 12:00,2026-10-12 00:00,99,부산,1,20.7,69.0,65.0,21.0,9.0,-0.0,1.6,3.0,NE57_nc
KIM,2026-10-07 12:00,2026-10-12 03:00,102,부산,1,19.9,53.0,48.0,16.0,0.0,-0.0,0.0,3.0,NE57_nc
KIM,2026-10-07 12:00,2026-10-12 06:00,105,부산,1,19.7,22.0,15.0,10.0,0.0,-0.0,0.0,3.0,NE57_nc
KIM,2026-10-07 12:00,2026-10-12 09:00,108,부산,1,22.8,48.0,45.0,3.0,5.0,147.0,0.0,3.0,NE57_nc
KIM,2026-10-07 12:00,2026-10-12 12:00,111,부산,1,25.3,47.0,20.0,5.0,32.0,602.0,0.0,3.0,NE57_nc
KIM,2026-10-07 12:00,2026-10-12 15:00,114,부산,1,25.2,38.0,15.0,21.0,7.0,636.0,0.0,3.0,NE57_nc
KIM,2026-10-07 12:00,2026-10-12 18:00,117,부산,1,21.7,43.0,11.0,34.0,0.0,198.0,0.0,3.0,NE57_nc
KIM,2026-10-07 12:00,2026-10-12 21:00,120,부산,1,21.0,56.0,43.0,17.0,3.0,-0.0,0.0,3.0,NE57_nc
KIM,2026-10-07 12:00,2026-10-13 09:00,132,부산,1,22.7,70.0,68.0,14.0,10.0,,1.5,12.0,NE57_nc
KIM,2026-10-07 12:00,2026-10-13 21:00,144,부산,1,19.9,40.0,40.0,0.0,0.0,,3.8,12.0,NE57_nc
KIM,2026-10-07 12:00,2026-10-14 09:00,156,부산,1,19.1,45.0,32.0,0.0,20.0,,0.0,12.0,NE57_nc
KIM,2026-10-07 12:00,2026-10-14 21:00,168,부산,1,14.2,34.0,0.0,0.0,34.0,,0.0,12.0,NE57_nc
KIM,2026-10-07 12:00,2026-10-15 09:00,180,부산,1,15.2,0.0,0.0,0.0,0.0,,0.0,12.0,NE57_nc
KIM,2026-10-07 12:00,2026-10-15 21:00,192,부산,1,14.0,0.0,0.0,0.0,0.0,,0.0,12.0,NE57_nc
KIM,2026-10-07 12:00,2026-10-16 09:00,204,부산,1,17.5,9.0,0.0,0.0,9.0,,0.0,12.0,NE57_nc
KIM,2026-10-07 12:00,2026-10-16 21:00,216,부산,1,16.9,100.0,0.0,53.0,100.0,,0.0,12.0,NE57_nc
KIM,2026-10-07 12:00,2026-10-17 09:00,228,부산,1,20.6,89.0,6.0,71.0,81.0,,0.0,12.0,NE57_nc
KIM,2026-10-07 12:00,2026-10-17 21:00,240,부산,1,19.8,90.0,1.0,16.0,89.0,,0.0,12.0,NE57_nc
KIM,2026-10-07 12:00,2026-10-18 09:00,252,부산,1,19.7,100.0,99.0,65.0,90.0,,23.6,12.0,NE57_nc
KIM,2026-10-07 12:00,2026-10-18 21:00,264,부산,1,18.9,91.0,40.0,0.0,82.0,,12.2,12.0,NE57_nc
KIM,2026-10-07 12:00,2026-10-19 09:00,276,부산,1,17.5,0.0,0.0,0.0,0.0,,0.0,12.0,NE57_nc
KIM,2026-10-07 12:00,2026-10-19 21:00,288,부산,1,15.8,0.0,0.0,0.0,0.0,,0.0,12.0,NE57_nc
KIM,2026-10-07 12:00,2026-10-07 21:00,0,인천,0,14.9,0.0,0.0,0.0,0.0,,,,NE57_nc
KIM,2026-10-07 12:00,2026-10-08 00:00,3,인천,0,12.8,0.0,0.0,0.0,0.0,0.0,0.0,3.0,NE57_nc
KIM,2026-10-07 12:00,2026-10-08 03:00,6,인천,0,10.7,0.0,0.0,0.0,0.0,-0.0,0.0,3.0,NE57_nc
KIM,2026-10-07 12:00,2026-10-08 06:00,9,인천,0,9.8,0.0,0.0,0.0,0.0,-0.0,0.0,3.0,NE57_nc
KIM,2026-10-07 12:00,2026-10-08 09:00,12,인천,0,15.1,0.0,0.0,0.0,0.0,129.0,0.0,3.0,NE57_nc
KIM,2026-10-07 12:00,2026-10-08 12:00,15,인천,0,20.6,0.0,0.0,0.0,0.0,584.0,0.0,3.0,NE57_nc
KIM,2026-10-07 12:00,2026-10-08 15:00,18,인천,0,21.6,0.0,0.0,0.0,0.0,645.0,0.0,3.0,NE57_nc
KIM,2026-10-07 12:00,2026-10-08 18:00,21,인천,0,17.0,0.0,0.0,0.0,0.0,226.0,0.0,3.0,NE57_nc
KIM,2026-10-07 12:00,2026-10-08 21:00,24,인천,0,14.4,0.0,0.0,0.0,0.0,0.0,0.0,3.0,NE57_nc
KIM,2026-10-07 12:00,2026-10-09 00:00,27,인천,0,12.7,0.0,0.0,0.0,0.0,0.0,0.0,3.0,NE57_nc
KIM,2026-10-07 12:00,2026-10-09 03:00,30,인천,0,11.5,0.0,0.0,0.0,0.0,0.0,0.0,3.0,NE57_nc
KIM,2026-10-07 12:00,2026-10-09 06:00,33,인천,0,10.3,82.0,0.0,0.0,82.0,-0.0,0.0,3.0,NE57_nc
KIM,2026-10-07 12:00,2026-10-09 09:00,36,인천,0,15.7,94.0,0.0,0.0,94.0,119.0,0.0,3.0,NE57_nc
KIM,2026-10-07 12:00,2026-10-09 12:00,39,인천,0,21.4,86.0,0.0,1.0,86.0,571.0,0.0,3.0,NE57_nc
KIM,2026-10-07 12:00,2026-10-09 15:00,42,인천,0,22.2,43.0,0.0,0.0,43.0,577.0,0.0,3.0,NE57_nc
KIM,2026-10-07 12:00,2026-10-09 18:00,45,인천,0,17.8,45.0,0.0,8.0,44.0,219.0,0.0,3.0,NE57_nc
KIM,2026-10-07 12:00,2026-10-09 21:00,48,인천,0,15.2,42.0,0.0,0.0,42.0,-0.0,0.0,3.0,NE57_nc
KIM,2026-10-07 12:00,2026-10-10 00:00,51,인천,0,13.4,65.0,0.0,25.0,59.0,0.0,0.0,3.0,NE57_nc
KIM,2026-10-07 12:00,2026-10-10 03:00,54,인천,0,12.2,74.0,0.0,46.0,69.0,0.0,0.0,3.0,NE57_nc
KIM,2026-10-07 12:00,2026-10-10 06:00,57,인천,0,11.5,63.0,0.0,24.0,59.0,-0.0,0.0,3.0,NE57_nc
KIM,2026-10-07 12:00,2026-10-10 09:00,60,인천,0,16.7,42.0,0.0,0.0,42.0,122.0,0.0,3.0,NE57_nc
KIM,2026-10-07 12:00,2026-10-10 12:00,63,인천,0,22.4,53.0,0.0,9.0,49.0,566.0,0.0,3.0,NE57_nc
KIM,2026-10-07 12:00,2026-10-10 15:00,66,인천,0,23.0,4.0,4.0,0.0,0.0,614.0,0.0,3.0,NE57_nc
KIM,2026-10-07 12:00,2026-10-10 18:00,69,인천,0,18.8,19.0,18.0,0.0,0.0,207.0,0.0,3.0,NE57_nc
KIM,2026-10-07 12:00,2026-10-10 21:00,72,인천,0,17.6,91.0,86.0,30.0,11.0,0.0,0.0,3.0,NE57_nc
KIM,2026-10-07 12:00,2026-10-11 00:00,75,인천,0,17.1,97.0,97.0,2.0,1.0,0.0,0.0,3.0,NE57_nc
KIM,2026-10-07 12:00,2026-10-11 03:00,78,인천,0,16.0,78.0,76.0,0.0,16.0,-0.0,0.0,3.0,NE57_nc
KIM,2026-10-07 12:00,2026-10-11 06:00,81,인천,0,14.7,65.0,29.0,41.0,1.0,0.0,0.0,3.0,NE57_nc
KIM,2026-10-07 12:00,2026-10-11 09:00,84,인천,0,17.8,20.0,14.0,6.0,0.0,117.0,0.0,3.0,NE57_nc
KIM,2026-10-07 12:00,2026-10-11 12:00,87,인천,0,22.8,4.0,4.0,0.0,0.0,555.0,0.0,3.0,NE57_nc
KIM,2026-10-07 12:00,2026-10-11 15:00,90,인천,0,24.0,3.0,3.0,0.0,0.0,613.0,0.0,3.0,NE57_nc
KIM,2026-10-07 12:00,2026-10-11 18:00,93,인천,0,20.2,62.0,62.0,0.0,0.0,203.0,0.0,3.0,NE57_nc
KIM,2026-10-07 12:00,2026-10-11 21:00,96,인천,0,19.3,92.0,92.0,0.0,0.0,0.0,0.0,3.0,NE57_nc
KIM,2026-10-07 12:00,2026-10-12 00:00,99,인천,0,19.4,98.0,98.0,0.0,0.0,-0.0,0.0,3.0,NE57_nc
KIM,2026-10-07 12:00,2026-10-12 03:00,102,인천,0,19.0,100.0,100.0,0.0,0.0,-0.0,0.1,3.0,NE57_nc
KIM,2026-10-07 12:00,2026-10-12 06:00,105,인천,0,18.6,100.0,100.0,0.0,3.0,-0.0,0.0,3.0,NE57_nc
KIM,2026-10-07 12:00,2026-10-12 09:00,108,인천,0,20.0,99.0,99.0,0.0,60.0,33.0,0.0,3.0,NE57_nc
KIM,2026-10-07 12:00,2026-10-12 12:00,111,인천,0,22.2,82.0,78.0,2.0,32.0,157.0,0.0,3.0,NE57_nc
KIM,2026-10-07 12:00,2026-10-12 15:00,114,인천,0,23.1,77.0,72.0,9.0,7.0,297.0,1.1,3.0,NE57_nc
KIM,2026-10-07 12:00,2026-10-12 18:00,117,인천,0,20.9,99.0,82.0,69.0,95.0,29.0,2.4,3.0,NE57_nc
KIM,2026-10-07 12:00,2026-10-12 21:00,120,인천,0,19.2,71.0,55.0,10.0,40.0,-0.0,0.7,3.0,NE57_nc
KIM,2026-10-07 12:00,2026-10-13 09:00,132,인천,0,18.3,94.0,69.0,72.0,77.0,,13.5,12.0,NE57_nc
KIM,2026-10-07 12:00,2026-10-13 21:00,144,인천,0,18.0,62.0,54.0,19.0,22.0,,1.6,12.0,NE57_nc
KIM,2026-10-07 12:00,2026-10-14 09:00,156,인천,0,11.7,0.0,0.0,0.0,0.0,,0.0,12.0,NE57_nc
KIM,2026-10-07 12:00,2026-10-14 21:00,168,인천,0,10.6,0.0,0.0,0.0,0.0,,0.0,12.0,NE57_nc
KIM,2026-10-07 12:00,2026-10-15 09:00,180,인천,0,13.4,11.0,11.0,0.0,0.0,,0.0,12.0,NE57_nc
KIM,2026-10-07 12:00,2026-10-15 21:00,192,인천,0,14.6,0.0,0.0,0.0,0.0,,0.1,12.0,NE57_nc
KIM,2026-10-07 12:00,2026-10-16 09:00,204,인천,0,16.1,99.0,72.0,18.0,99.0,,0.0,12.0,NE57_nc
KIM,2026-10-07 12:00,2026-10-16 21:00,216,인천,0,16.1,100.0,16.0,97.0,100.0,,0.3,12.0,NE57_nc
KIM,2026-10-07 12:00,2026-10-17 09:00,228,인천,0,16.7,95.0,80.0,67.0,57.0,,0.0,12.0,NE57_nc
KIM,2026-10-07 12:00,2026-10-17 21:00,240,인천,0,17.3,99.0,62.0,65.0,97.0,,0.0,12.0,NE57_nc
KIM,2026-10-07 12:00,2026-10-18 09:00,252,인천,0,16.8,100.0,94.0,76.0,100.0,,20.7,12.0,NE57_nc
KIM,2026-10-07 12:00,2026-10-18 21:00,264,인천,0,13.4,100.0,6.0,48.0,100.0,,15.6,12.0,NE57_nc
KIM,2026-10-07 12:00,2026-10-19 09:00,276,인천,0,14.3,0.0,0.0,0.0,0.0,,0.0,12.0,NE57_nc
KIM,2026-10-07 12:00,2026-10-19 21:00,288,인천,0,12.1,0.0,0.0,0.0,0.0,,0.0,12.0,NE57_nc
KIM,2026-10-07 12:00,2026-10-07 21:00,0,수원,0,14.4,0.0,0.0,0.0,0.0,,,,NE57_nc
KIM,2026-10-07 12:00,2026-10-08 00:00,3,수원,0,13.0,0.0,0.0,0.0,0.0,0.0,0.0,3.0,NE57_nc
KIM,2026-10-07 12:00,2026-10-08 03:00,6,수원,0,11.3,0.0,0.0,0.0,0.0,-0.0,0.0,3.0,NE57_nc
KIM,2026-10-07 12:00,2026-10-08 06:00,9,수원,0,10.3,0.0,0.0,0.0,0.0,-0.0,0.0,3.0,NE57_nc
KIM,2026-10-07 12:00,2026-10-08 09:00,12,수원,0,16.1,0.0,0.0,0.0,0.0,136.0,0.0,3.0,NE57_nc
KIM,2026-10-07 12:00,2026-10-08 12:00,15,수원,0,21.5,0.0,0.0,0.0,0.0,602.0,0.0,3.0,NE57_nc
KIM,2026-10-07 12:00,2026-10-08 15:00,18,수원,0,23.0,0.0,0.0,0.0,0.0,661.0,0.0,3.0,NE57_nc
KIM,2026-10-07 12:00,2026-10-08 18:00,21,수원,0,18.1,0.0,0.0,0.0,0.0,231.0,0.0,3.0,NE57_nc
KIM,2026-10-07 12:00,2026-10-08 21:00,24,수원,0,15.0,0.0,0.0,0.0,0.0,0.0,0.0,3.0,NE57_nc
KIM,2026-10-07 12:00,2026-10-09 00:00,27,수원,0,13.5,0.0,0.0,0.0,0.0,0.0,0.0,3.0,NE57_nc
KIM,2026-10-07 12:00,2026-10-09 03:00,30,수원,0,12.2,0.0,0.0,0.0,0.0,0.0,0.0,3.0,NE57_nc
KIM,2026-10-07 12:00,2026-10-09 06:00,33,수원,0,10.8,67.0,0.0,0.0,67.0,-0.0,0.0,3.0,NE57_nc
KIM,2026-10-07 12:00,2026-10-09 09:00,36,수원,0,17.2,90.0,0.0,0.0,90.0,130.0,0.0,3.0,NE57_nc
KIM,2026-10-07 12:00,2026-10-09 12:00,39,수원,0,22.6,86.0,0.0,0.0,86.0,583.0,0.0,3.0,NE57_nc
KIM,2026-10-07 12:00,2026-10-09 15:00,42,수원,0,23.8,49.0,0.0,0.0,49.0,618.0,0.0,3.0,NE57_nc
KIM,2026-10-07 12:00,2026-10-09 18:00,45,수원,0,18.9,71.0,0.0,1.0,71.0,223.0,0.0,3.0,NE57_nc
KIM,2026-10-07 12:00,2026-10-09 21:00,48,수원,0,15.9,56.0,0.0,3.0,56.0,-0.0,0.0,3.0,NE57_nc
KIM,2026-10-07 12:00,2026-10-10 00:00,51,수원,0,14.1,37.0,0.0,12.0,36.0,0.0,0.0,3.0,NE57_nc
KIM,2026-10-07 12:00,2026-10-10 03:00,54,수원,0,13.1,62.0,0.0,19.0,56.0,0.0,0.0,3.0,NE57_nc
KIM,2026-10-07 12:00,2026-10-10 06:00,57,수원,0,12.3,64.0,0.0,33.0,52.0,-0.0,0.0,3.0,NE57_nc
KIM,2026-10-07 12:00,2026-10-10 09:00,60,수원,0,18.3,66.0,7.0,1.0,63.0,128.0,0.0,3.0,NE57_nc
KIM,2026-10-07 12:00,2026-10-10 12:00,63,수원,0,23.7,36.0,7.0,0.0,29.0,580.0,0.0,3.0,NE57_nc
KIM,2026-10-07 12:00,2026-10-10 15:00,66,수원,0,24.5,9.0,9.0,0.0,0.0,595.0,0.0,3.0,NE57_nc
KIM,2026-10-07 12:00,2026-10-10 18:00,69,수원,0,20.5,67.0,66.0,2.0,3.0,193.0,0.0,3.0,NE57_nc
KIM,2026-10-07 12:00,2026-10-10 21:00,72,수원,0,18.6,94.0,92.0,67.0,19.0,0.0,0.1,3.0,NE57_nc
KIM,2026-10-07 12:00,2026-10-11 00:00,75,수원,0,18.0,99.0,99.0,42.0,41.0,0.0,0.0,3.0,NE57_nc
KIM,2026-10-07 12:00,2026-10-11 03:00,78,수원,0,17.5,97.0,97.0,1.0,0.0,-0.0,0.0,3.0,NE57_nc
KIM,2026-10-07 12:00,2026-10-11 06:00,81,수원,0,17.2,91.0,90.0,2.0,0.0,0.0,0.0,3.0,NE57_nc
KIM,2026-10-07 12:00,2026-10-11 09:00,84,수원,0,18.3,82.0,82.0,3.0,0.0,24.0,0.0,3.0,NE57_nc
KIM,2026-10-07 12:00,2026-10-11 12:00,87,수원,0,23.8,62.0,62.0,0.0,0.0,338.0,0.0,3.0,NE57_nc
KIM,2026-10-07 12:00,2026-10-11 15:00,90,수원,0,24.8,45.0,45.0,0.0,1.0,573.0,0.2,3.0,NE57_nc
KIM,2026-10-07 12:00,2026-10-11 18:00,93,수원,0,21.4,78.0,78.0,3.0,2.0,110.0,0.1,3.0,NE57_nc
KIM,2026-10-07 12:00,2026-10-11 21:00,96,수원,0,20.4,95.0,95.0,0.0,0.0,0.0,0.0,3.0,NE57_nc
KIM,2026-10-07 12:00,2026-10-12 00:00,99,수원,0,20.3,99.0,99.0,0.0,0.0,-0.0,0.0,3.0,NE57_nc
KIM,2026-10-07 12:00,2026-10-12 03:00,102,수원,0,19.9,99.0,99.0,2.0,0.0,-0.0,0.0,3.0,NE57_nc
KIM,2026-10-07 12:00,2026-10-12 06:00,105,수원,0,19.3,97.0,97.0,2.0,1.0,-0.0,0.0,3.0,NE57_nc
KIM,2026-10-07 12:00,2026-10-12 09:00,108,수원,0,20.9,91.0,86.0,6.0,45.0,85.0,0.0,3.0,NE57_nc
KIM,2026-10-07 12:00,2026-10-12 12:00,111,수원,0,24.9,61.0,60.0,6.0,1.0,429.0,0.1,3.0,NE57_nc
KIM,2026-10-07 12:00,2026-10-12 15:00,114,수원,0,23.3,79.0,62.0,21.0,34.0,426.0,3.2,3.0,NE57_nc
KIM,2026-10-07 12:00,2026-10-12 18:00,117,수원,0,20.9,99.0,78.0,41.0,96.0,152.0,0.7,3.0,NE57_nc
KIM,2026-10-07 12:00,2026-10-12 21:00,120,수원,0,19.9,80.0,61.0,34.0,36.0,-0.0,0.7,3.0,NE57_nc
KIM,2026-10-07 12:00,2026-10-13 09:00,132,수원,0,18.2,99.0,97.0,93.0,81.0,,19.7,12.0,NE57_nc
KIM,2026-10-07 12:00,2026-10-13 21:00,144,수원,0,17.6,63.0,44.0,18.0,42.0,,3.7,12.0,NE57_nc
KIM,2026-10-07 12:00,2026-10-14 09:00,156,수원,0,12.1,0.0,0.0,0.0,0.0,,0.1,12.0,NE57_nc
KIM,2026-10-07 12:00,2026-10-14 21:00,168,수원,0,10.6,0.0,0.0,0.0,0.0,,0.0,12.0,NE57_nc
KIM,2026-10-07 12:00,2026-10-15 09:00,180,수원,0,13.4,0.0,0.0,0.0,0.0,,0.0,12.0,NE57_nc
KIM,2026-10-07 12:00,2026-10-15 21:00,192,수원,0,13.7,1.0,1.0,0.0,0.0,,0.1,12.0,NE57_nc
KIM,2026-10-07 12:00,2026-10-16 09:00,204,수원,0,16.0,99.0,40.0,3.0,99.0,,0.0,12.0,NE57_nc
KIM,2026-10-07 12:00,2026-10-16 21:00,216,수원,0,16.1,100.0,12.0,94.0,100.0,,0.1,12.0,NE57_nc
KIM,2026-10-07 12:00,2026-10-17 09:00,228,수원,0,15.8,95.0,88.0,87.0,50.0,,0.0,12.0,NE57_nc
KIM,2026-10-07 12:00,2026-10-17 21:00,240,수원,0,17.9,100.0,63.0,83.0,99.0,,0.0,12.0,NE57_nc
KIM,2026-10-07 12:00,2026-10-18 09:00,252,수원,0,16.9,100.0,96.0,93.0,100.0,,40.2,12.0,NE57_nc
KIM,2026-10-07 12:00,2026-10-18 21:00,264,수원,0,13.3,100.0,15.0,74.0,100.0,,15.1,12.0,NE57_nc
KIM,2026-10-07 12:00,2026-10-19 09:00,276,수원,0,14.0,0.0,0.0,0.0,0.0,,0.0,12.0,NE57_nc
KIM,2026-10-07 12:00,2026-10-19 21:00,288,수원,0,12.6,0.0,0.0,0.0,0.0,,0.0,12.0,NE57_nc
KIM,2026-10-07 12:00,2026-10-07 21:00,0,전주,0,14.7,0.0,0.0,0.0,0.0,,,,NE57_nc
KIM,2026-10-07 12:00,2026-10-08 00:00,3,전주,0,12.8,0.0,0.0,0.0,0.0,0.0,0.0,3.0,NE57_nc
KIM,2026-10-07 12:00,2026-10-08 03:00,6,전주,0,11.4,0.0,0.0,0.0,0.0,-0.0,0.0,3.0,NE57_nc
KIM,2026-10-07 12:00,2026-10-08 06:00,9,전주,0,10.7,0.0,0.0,0.0,0.0,-0.0,0.0,3.0,NE57_nc
KIM,2026-10-07 12:00,2026-10-08 09:00,12,전주,0,16.4,0.0,0.0,0.0,0.0,143.0,0.0,3.0,NE57_nc
KIM,2026-10-07 12:00,2026-10-08 12:00,15,전주,0,21.3,0.0,0.0,0.0,0.0,619.0,0.0,3.0,NE57_nc
KIM,2026-10-07 12:00,2026-10-08 15:00,18,전주,0,22.6,0.0,0.0,0.0,0.0,680.0,0.0,3.0,NE57_nc
KIM,2026-10-07 12:00,2026-10-08 18:00,21,전주,0,18.5,0.0,0.0,0.0,0.0,241.0,0.0,3.0,NE57_nc
KIM,2026-10-07 12:00,2026-10-08 21:00,24,전주,0,15.3,0.0,0.0,0.0,0.0,0.0,0.0,3.0,NE57_nc
KIM,2026-10-07 12:00,2026-10-09 00:00,27,전주,0,13.4,0.0,0.0,0.0,0.0,0.0,0.0,3.0,NE57_nc
KIM,2026-10-07 12:00,2026-10-09 03:00,30,전주,0,12.4,60.0,0.0,0.0,60.0,0.0,0.0,3.0,NE57_nc
KIM,2026-10-07 12:00,2026-10-09 06:00,33,전주,0,12.0,98.0,0.0,0.0,98.0,-0.0,0.0,3.0,NE57_nc
KIM,2026-10-07 12:00,2026-10-09 09:00,36,전주,0,17.4,86.0,0.0,0.0,86.0,139.0,0.0,3.0,NE57_nc
KIM,2026-10-07 12:00,2026-10-09 12:00,39,전주,0,22.0,25.0,0.0,0.0,25.0,566.0,0.0,3.0,NE57_nc
KIM,2026-10-07 12:00,2026-10-09 15:00,42,전주,0,23.6,47.0,0.0,3.0,46.0,638.0,0.0,3.0,NE57_nc
KIM,2026-10-07 12:00,2026-10-09 18:00,45,전주,0,19.5,66.0,0.0,5.0,65.0,209.0,0.0,3.0,NE57_nc
KIM,2026-10-07 12:00,2026-10-09 21:00,48,전주,0,16.7,84.0,0.0,28.0,83.0,-0.0,0.0,3.0,NE57_nc
KIM,2026-10-07 12:00,2026-10-10 00:00,51,전주,0,15.8,78.0,12.0,26.0,74.0,0.0,0.0,3.0,NE57_nc
KIM,2026-10-07 12:00,2026-10-10 03:00,54,전주,0,14.8,68.0,50.0,17.0,47.0,0.0,0.0,3.0,NE57_nc
KIM,2026-10-07 12:00,2026-10-10 06:00,57,전주,0,14.5,92.0,92.0,15.0,28.0,-0.0,0.0,3.0,NE57_nc
KIM,2026-10-07 12:00,2026-10-10 09:00,60,전주,0,19.9,99.0,99.0,11.0,71.0,130.0,0.0,3.0,NE57_nc
KIM,2026-10-07 12:00,2026-10-10 12:00,63,전주,0,20.1,96.0,96.0,2.0,0.0,119.0,0.0,3.0,NE57_nc
KIM,2026-10-07 12:00,2026-10-10 15:00,66,전주,0,20.8,83.0,82.0,17.0,0.0,168.0,0.1,3.0,NE57_nc
KIM,2026-10-07 12:00,2026-10-10 18:00,69,전주,0,19.6,88.0,85.0,27.0,0.0,131.0,0.0,3.0,NE57_nc
KIM,2026-10-07 12:00,2026-10-10 21:00,72,전주,0,19.7,100.0,100.0,32.0,0.0,0.0,0.5,3.0,NE57_nc
KIM,2026-10-07 12:00,2026-10-11 00:00,75,전주,0,19.1,99.0,99.0,47.0,1.0,0.0,1.5,3.0,NE57_nc
KIM,2026-10-07 12:00,2026-10-11 03:00,78,전주,0,18.9,99.0,94.0,41.0,12.0,-0.0,4.2,3.0,NE57_nc
KIM,2026-10-07 12:00,2026-10-11 06:00,81,전주,0,18.8,99.0,99.0,3.0,1.0,0.0,1.7,3.0,NE57_nc
KIM,2026-10-07 12:00,2026-10-11 09:00,84,전주,0,18.4,99.0,99.0,0.0,0.0,9.0,2.1,3.0,NE57_nc
KIM,2026-10-07 12:00,2026-10-11 12:00,87,전주,0,21.9,84.0,78.0,9.0,0.0,208.0,0.1,3.0,NE57_nc
KIM,2026-10-07 12:00,2026-10-11 15:00,90,전주,0,24.3,62.0,41.0,32.0,3.0,491.0,0.0,3.0,NE57_nc
KIM,2026-10-07 12:00,2026-10-11 18:00,93,전주,0,21.6,74.0,71.0,20.0,5.0,200.0,0.0,3.0,NE57_nc
KIM,2026-10-07 12:00,2026-10-11 21:00,96,전주,0,19.3,72.0,72.0,4.0,1.0,0.0,0.0,3.0,NE57_nc
KIM,2026-10-07 12:00,2026-10-12 00:00,99,전주,0,18.8,75.0,74.0,6.0,0.0,-0.0,0.0,3.0,NE57_nc
KIM,2026-10-07 12:00,2026-10-12 03:00,102,전주,0,19.5,83.0,83.0,7.0,0.0,-0.0,0.2,3.0,NE57_nc
KIM,2026-10-07 12:00,2026-10-12 06:00,105,전주,0,19.0,87.0,86.0,9.0,5.0,-0.0,0.0,3.0,NE57_nc
KIM,2026-10-07 12:00,2026-10-12 09:00,108,전주,0,21.2,86.0,81.0,2.0,49.0,64.0,0.0,3.0,NE57_nc
KIM,2026-10-07 12:00,2026-10-12 12:00,111,전주,0,25.1,20.0,17.0,8.0,1.0,505.0,0.4,3.0,NE57_nc
KIM,2026-10-07 12:00,2026-10-12 15:00,114,전주,0,25.2,66.0,25.0,59.0,0.0,481.0,0.9,3.0,NE57_nc
KIM,2026-10-07 12:00,2026-10-12 18:00,117,전주,0,22.2,88.0,84.0,43.0,20.0,151.0,0.3,3.0,NE57_nc
KIM,2026-10-07 12:00,2026-10-12 21:00,120,전주,0,20.9,91.0,86.0,59.0,1.0,-0.0,1.1,3.0,NE57_nc
KIM,2026-10-07 12:00,2026-10-13 09:00,132,전주,0,19.6,99.0,97.0,68.0,60.0,,1.4,12.0,NE57_nc
KIM,2026-10-07 12:00,2026-10-13 21:00,144,전주,0,16.2,46.0,46.0,1.0,3.0,,3.8,12.0,NE57_nc
KIM,2026-10-07 12:00,2026-10-14 09:00,156,전주,0,15.1,51.0,8.0,0.0,49.0,,1.1,12.0,NE57_nc
KIM,2026-10-07 12:00,2026-10-14 21:00,168,전주,0,11.6,4.0,0.0,0.0,4.0,,0.0,12.0,NE57_nc
KIM,2026-10-07 12:00,2026-10-15 09:00,180,전주,0,14.4,3.0,3.0,0.0,0.0,,0.0,12.0,NE57_nc
KIM,2026-10-07 12:00,2026-10-15 21:00,192,전주,0,13.9,0.0,0.0,0.0,0.0,,0.0,12.0,NE57_nc
KIM,2026-10-07 12:00,2026-10-16 09:00,204,전주,0,16.4,82.0,0.0,0.0,82.0,,0.0,12.0,NE57_nc
KIM,2026-10-07 12:00,2026-10-16 21:00,216,전주,0,15.5,100.0,0.0,12.0,100.0,,0.0,12.0,NE57_nc
KIM,2026-10-07 12:00,2026-10-17 09:00,228,전주,0,18.0,97.0,0.0,17.0,96.0,,0.0,12.0,NE57_nc
KIM,2026-10-07 12:00,2026-10-17 21:00,240,전주,0,19.3,100.0,57.0,85.0,100.0,,0.0,12.0,NE57_nc
KIM,2026-10-07 12:00,2026-10-18 09:00,252,전주,0,19.7,99.0,98.0,75.0,48.0,,3.6,12.0,NE57_nc
KIM,2026-10-07 12:00,2026-10-18 21:00,264,전주,0,15.1,99.0,19.0,3.0,99.0,,4.3,12.0,NE57_nc
KIM,2026-10-07 12:00,2026-10-19 09:00,276,전주,0,15.7,6.0,4.0,2.0,2.0,,0.0,12.0,NE57_nc
KIM,2026-10-07 12:00,2026-10-19 21:00,288,전주,0,13.7,0.0,0.0,0.0,0.0,,0.0,12.0,NE57_nc
KIM,2026-10-07 12:00,2026-10-07 21:00,0,강릉,0,16.1,0.0,0.0,0.0,0.0,,,,NE57_nc
KIM,2026-10-07 12:00,2026-10-08 00:00,3,강릉,0,15.4,0.0,0.0,0.0,0.0,0.0,0.0,3.0,NE57_nc
KIM,2026-10-07 12:00,2026-10-08 03:00,6,강릉,0,14.8,0.0,0.0,0.0,0.0,-0.0,0.0,3.0,NE57_nc
KIM,2026-10-07 12:00,2026-10-08 06:00,9,강릉,0,14.5,0.0,0.0,0.0,0.0,-0.0,0.0,3.0,NE57_nc
KIM,2026-10-07 12:00,2026-10-08 09:00,12,강릉,0,19.5,0.0,0.0,0.0,0.0,153.0,0.0,3.0,NE57_nc
KIM,2026-10-07 12:00,2026-10-08 12:00,15,강릉,0,21.0,0.0,0.0,0.0,0.0,608.0,0.0,3.0,NE57_nc
KIM,2026-10-07 12:00,2026-10-08 15:00,18,강릉,0,20.9,0.0,0.0,0.0,0.0,637.0,0.0,3.0,NE57_nc
KIM,2026-10-07 12:00,2026-10-08 18:00,21,강릉,0,18.4,0.0,0.0,0.0,0.0,203.0,0.0,3.0,NE57_nc
KIM,2026-10-07 12:00,2026-10-08 21:00,24,강릉,0,17.1,0.0,0.0,0.0,0.0,0.0,0.0,3.0,NE57_nc
KIM,2026-10-07 12:00,2026-10-09 00:00,27,강릉,0,16.5,0.0,0.0,0.0,0.0,0.0,0.0,3.0,NE57_nc
KIM,2026-10-07 12:00,2026-10-09 03:00,30,강릉,0,16.0,0.0,0.0,0.0,0.0,0.0,0.0,3.0,NE57_nc
KIM,2026-10-07 12:00,2026-10-09 06:00,33,강릉,0,15.9,0.0,0.0,0.0,0.0,-0.0,0.0,3.0,NE57_nc
KIM,2026-10-07 12:00,2026-10-09 09:00,36,강릉,0,20.3,0.0,0.0,0.0,0.0,148.0,0.0,3.0,NE57_nc
KIM,2026-10-07 12:00,2026-10-09 12:00,39,강릉,0,22.6,53.0,0.0,0.0,53.0,599.0,0.0,3.0,NE57_nc
KIM,2026-10-07 12:00,2026-10-09 15:00,42,강릉,0,22.3,52.0,0.0,0.0,52.0,628.0,0.0,3.0,NE57_nc
KIM,2026-10-07 12:00,2026-10-09 18:00,45,강릉,0,19.6,52.0,0.0,0.0,52.0,192.0,0.0,3.0,NE57_nc
KIM,2026-10-07 12:00,2026-10-09 21:00,48,강릉,0,18.4,92.0,0.0,0.0,92.0,-0.0,0.0,3.0,NE57_nc
KIM,2026-10-07 12:00,2026-10-10 00:00,51,강릉,0,17.3,54.0,0.0,5.0,54.0,0.0,0.0,3.0,NE57_nc
KIM,2026-10-07 12:00,2026-10-10 03:00,54,강릉,0,16.7,21.0,0.0,2.0,20.0,0.0,0.0,3.0,NE57_nc
KIM,2026-10-07 12:00,2026-10-10 06:00,57,강릉,0,16.2,23.0,0.0,0.0,23.0,-0.0,0.0,3.0,NE57_nc
KIM,2026-10-07 12:00,2026-10-10 09:00,60,강릉,0,20.5,77.0,0.0,1.0,77.0,145.0,0.0,3.0,NE57_nc
KIM,2026-10-07 12:00,2026-10-10 12:00,63,강릉,0,22.1,7.0,0.0,0.0,7.0,586.0,0.0,3.0,NE57_nc
KIM,2026-10-07 12:00,2026-10-10 15:00,66,강릉,0,22.4,49.0,3.0,0.0,47.0,607.0,0.0,3.0,NE57_nc
KIM,2026-10-07 12:00,2026-10-10 18:00,69,강릉,0,20.0,17.0,16.0,0.0,1.0,183.0,0.0,3.0,NE57_nc
KIM,2026-10-07 12:00,2026-10-10 21:00,72,강릉,0,20.3,96.0,62.0,41.0,93.0,0.0,0.0,3.0,NE57_nc
KIM,2026-10-07 12:00,2026-10-11 00:00,75,강릉,0,20.2,99.0,94.0,78.0,93.0,0.0,0.0,3.0,NE57_nc
KIM,2026-10-07 12:00,2026-10-11 03:00,78,강릉,0,19.7,93.0,90.0,52.0,14.0,-0.0,0.7,3.0,NE57_nc
KIM,2026-10-07 12:00,2026-10-11 06:00,81,강릉,0,19.3,96.0,96.0,26.0,28.0,0.0,0.2,3.0,NE57_nc
KIM,2026-10-07 12:00,2026-10-11 09:00,84,강릉,0,20.4,95.0,92.0,60.0,26.0,112.0,0.3,3.0,NE57_nc
KIM,2026-10-07 12:00,2026-10-11 12:00,87,강릉,0,19.9,69.0,67.0,26.0,14.0,95.0,2.7,3.0,NE57_nc
KIM,2026-10-07 12:00,2026-10-11 15:00,90,강릉,0,20.6,55.0,54.0,6.0,12.0,414.0,0.0,3.0,NE57_nc
KIM,2026-10-07 12:00,2026-10-11 18:00,93,강릉,0,19.0,88.0,88.0,5.0,34.0,155.0,0.0,3.0,NE57_nc
KIM,2026-10-07 12:00,2026-10-11 21:00,96,강릉,0,18.3,95.0,94.0,4.0,18.0,0.0,0.0,3.0,NE57_nc
KIM,2026-10-07 12:00,2026-10-12 00:00,99,강릉,0,18.4,100.0,100.0,8.0,1.0,-0.0,0.1,3.0,NE57_nc
KIM,2026-10-07 12:00,2026-10-12 03:00,102,강릉,0,18.0,90.0,90.0,31.0,12.0,-0.0,0.0,3.0,NE57_nc
KIM,2026-10-07 12:00,2026-10-12 06:00,105,강릉,0,17.5,93.0,90.0,62.0,6.0,-0.0,0.0,3.0,NE57_nc
KIM,2026-10-07 12:00,2026-10-12 09:00,108,강릉,0,20.0,89.0,86.0,45.0,0.0,109.0,0.0,3.0,NE57_nc
KIM,2026-10-07 12:00,2026-10-12 12:00,111,강릉,0,22.0,51.0,40.0,19.0,11.0,523.0,0.0,3.0,NE57_nc
KIM,2026-10-07 12:00,2026-10-12 15:00,114,강릉,0,21.5,68.0,67.0,12.0,0.0,571.0,0.0,3.0,NE57_nc
KIM,2026-10-07 12:00,2026-10-12 18:00,117,강릉,0,19.8,85.0,79.0,31.0,31.0,165.0,0.0,3.0,NE57_nc
KIM,2026-10-07 12:00,2026-10-12 21:00,120,강릉,0,18.7,97.0,94.0,39.0,72.0,-0.0,0.0,3.0,NE57_nc
KIM,2026-10-07 12:00,2026-10-13 09:00,132,강릉,0,20.8,99.0,80.0,98.0,85.0,,0.0,12.0,NE57_nc
KIM,2026-10-07 12:00,2026-10-13 21:00,144,강릉,0,18.1,80.0,80.0,3.0,0.0,,4.8,12.0,NE57_nc
KIM,2026-10-07 12:00,2026-10-14 09:00,156,강릉,0,16.8,3.0,3.0,0.0,0.0,,0.0,12.0,NE57_nc
KIM,2026-10-07 12:00,2026-10-14 21:00,168,강릉,0,13.8,0.0,0.0,0.0,0.0,,0.0,12.0,NE57_nc
KIM,2026-10-07 12:00,2026-10-15 09:00,180,강릉,0,16.5,0.0,0.0,0.0,0.0,,0.0,12.0,NE57_nc
KIM,2026-10-07 12:00,2026-10-15 21:00,192,강릉,0,15.8,5.0,5.0,0.0,0.0,,0.0,12.0,NE57_nc
KIM,2026-10-07 12:00,2026-10-16 09:00,204,강릉,0,19.2,0.0,0.0,0.0,0.0,,0.0,12.0,NE57_nc
KIM,2026-10-07 12:00,2026-10-16 21:00,216,강릉,0,16.9,100.0,0.0,59.0,100.0,,0.0,12.0,NE57_nc
KIM,2026-10-07 12:00,2026-10-17 09:00,228,강릉,0,18.6,71.0,32.0,58.0,4.0,,0.0,12.0,NE57_nc
KIM,2026-10-07 12:00,2026-10-17 21:00,240,강릉,0,16.1,99.0,16.0,10.0,99.0,,0.0,12.0,NE57_nc
KIM,2026-10-07 12:00,2026-10-18 09:00,252,강릉,0,15.5,100.0,99.0,81.0,99.0,,8.6,12.0,NE57_nc
KIM,2026-10-07 12:00,2026-10-18 21:00,264,강릉,0,15.6,97.0,85.0,28.0,80.0,,22.4,12.0,NE57_nc
KIM,2026-10-07 12:00,2026-10-19 09:00,276,강릉,0,16.5,30.0,30.0,0.0,0.0,,0.4,12.0,NE57_nc
KIM,2026-10-07 12:00,2026-10-19 21:00,288,강릉,0,15.4,0.0,0.0,0.0,0.0,,0.0,12.0,NE57_nc
KIM,2026-10-07 12:00,2026-10-07 21:00,0,제주,0,20.0,0.0,0.0,0.0,0.0,,,,NE57_nc
KIM,2026-10-07 12:00,2026-10-08 00:00,3,제주,0,19.9,0.0,0.0,0.0,0.0,0.0,0.0,3.0,NE57_nc
KIM,2026-10-07 12:00,2026-10-08 03:00,6,제주,0,19.5,0.0,0.0,0.0,0.0,-0.0,0.0,3.0,NE57_nc
KIM,2026-10-07 12:00,2026-10-08 06:00,9,제주,0,18.9,0.0,0.0,0.0,0.0,-0.0,0.0,3.0,NE57_nc
KIM,2026-10-07 12:00,2026-10-08 09:00,12,제주,0,19.8,0.0,0.0,0.0,0.0,145.0,0.0,3.0,NE57_nc
KIM,2026-10-07 12:00,2026-10-08 12:00,15,제주,0,21.1,0.0,0.0,0.0,0.0,631.0,0.0,3.0,NE57_nc
KIM,2026-10-07 12:00,2026-10-08 15:00,18,제주,0,22.0,19.0,19.0,0.0,0.0,691.0,0.0,3.0,NE57_nc
KIM,2026-10-07 12:00,2026-10-08 18:00,21,제주,0,21.6,11.0,11.0,0.0,0.0,254.0,0.0,3.0,NE57_nc
KIM,2026-10-07 12:00,2026-10-08 21:00,24,제주,0,20.9,1.0,1.0,0.0,0.0,0.0,0.0,3.0,NE57_nc
KIM,2026-10-07 12:00,2026-10-09 00:00,27,제주,0,20.9,52.0,25.0,0.0,33.0,0.0,0.0,3.0,NE57_nc
KIM,2026-10-07 12:00,2026-10-09 03:00,30,제주,0,20.9,68.0,22.0,0.0,61.0,0.0,0.0,3.0,NE57_nc
KIM,2026-10-07 12:00,2026-10-09 06:00,33,제주,0,20.7,69.0,40.0,0.0,51.0,-0.0,0.0,3.0,NE57_nc
KIM,2026-10-07 12:00,2026-10-09 09:00,36,제주,0,21.6,79.0,33.0,0.0,76.0,140.0,0.0,3.0,NE57_nc
KIM,2026-10-07 12:00,2026-10-09 12:00,39,제주,0,22.4,67.0,44.0,29.0,58.0,613.0,0.0,3.0,NE57_nc
KIM,2026-10-07 12:00,2026-10-09 15:00,42,제주,0,21.8,60.0,59.0,14.0,0.0,519.0,0.1,3.0,NE57_nc
KIM,2026-10-07 12:00,2026-10-09 18:00,45,제주,0,21.7,63.0,63.0,0.0,0.0,128.0,0.0,3.0,NE57_nc
KIM,2026-10-07 12:00,2026-10-09 21:00,48,제주,0,22.0,64.0,64.0,0.0,2.0,-0.0,0.0,3.0,NE57_nc
KIM,2026-10-07 12:00,2026-10-10 00:00,51,제주,0,22.5,97.0,97.0,2.0,2.0,0.0,0.0,3.0,NE57_nc
KIM,2026-10-07 12:00,2026-10-10 03:00,54,제주,0,22.1,80.0,79.0,2.0,9.0,0.0,1.0,3.0,NE57_nc
KIM,2026-10-07 12:00,2026-10-10 06:00,57,제주,0,22.4,54.0,52.0,2.0,5.0,-0.0,0.3,3.0,NE57_nc
KIM,2026-10-07 12:00,2026-10-10 09:00,60,제주,0,23.6,49.0,44.0,12.0,0.0,120.0,0.1,3.0,NE57_nc
KIM,2026-10-07 12:00,2026-10-10 12:00,63,제주,0,24.4,63.0,46.0,33.0,9.0,569.0,1.5,3.0,NE57_nc
KIM,2026-10-07 12:00,2026-10-10 15:00,66,제주,0,24.4,51.0,47.0,17.0,1.0,478.0,0.7,3.0,NE57_nc
KIM,2026-10-07 12:00,2026-10-10 18:00,69,제주,0,23.6,49.0,43.0,16.0,0.0,177.0,0.3,3.0,NE57_nc
KIM,2026-10-07 12:00,2026-10-10 21:00,72,제주,0,23.2,42.0,41.0,7.0,0.0,0.0,0.0,3.0,NE57_nc
KIM,2026-10-07 12:00,2026-10-11 00:00,75,제주,0,23.1,31.0,31.0,1.0,0.0,0.0,0.0,3.0,NE57_nc
KIM,2026-10-07 12:00,2026-10-11 03:00,78,제주,0,22.7,63.0,63.0,2.0,0.0,-0.0,0.0,3.0,NE57_nc
KIM,2026-10-07 12:00,2026-10-11 06:00,81,제주,0,22.1,86.0,86.0,14.0,0.0,0.0,0.2,3.0,NE57_nc
KIM,2026-10-07 12:00,2026-10-11 09:00,84,제주,0,21.8,80.0,80.0,13.0,0.0,71.0,0.3,3.0,NE57_nc
KIM,2026-10-07 12:00,2026-10-11 12:00,87,제주,0,21.8,58.0,58.0,2.0,0.0,275.0,0.2,3.0,NE57_nc
KIM,2026-10-07 12:00,2026-10-11 15:00,90,제주,0,22.3,52.0,51.0,2.0,0.0,356.0,0.9,3.0,NE57_nc
KIM,2026-10-07 12:00,2026-10-11 18:00,93,제주,0,22.3,60.0,60.0,0.0,0.0,111.0,0.3,3.0,NE57_nc
KIM,2026-10-07 12:00,2026-10-11 21:00,96,제주,0,22.3,61.0,61.0,0.0,0.0,0.0,0.0,3.0,NE57_nc
KIM,2026-10-07 12:00,2026-10-12 00:00,99,제주,0,22.6,70.0,70.0,1.0,0.0,-0.0,0.0,3.0,NE57_nc
KIM,2026-10-07 12:00,2026-10-12 03:00,102,제주,0,22.7,72.0,72.0,5.0,2.0,-0.0,0.1,3.0,NE57_nc
KIM,2026-10-07 12:00,2026-10-12 06:00,105,제주,0,22.3,93.0,85.0,2.0,68.0,-0.0,0.1,3.0,NE57_nc
KIM,2026-10-07 12:00,2026-10-12 09:00,108,제주,0,23.2,92.0,80.0,1.0,64.0,127.0,0.0,3.0,NE57_nc
KIM,2026-10-07 12:00,2026-10-12 12:00,111,제주,0,24.3,59.0,52.0,1.0,20.0,566.0,0.6,3.0,NE57_nc
KIM,2026-10-07 12:00,2026-10-12 15:00,114,제주,0,24.1,46.0,46.0,0.0,0.0,534.0,1.2,3.0,NE57_nc
KIM,2026-10-07 12:00,2026-10-12 18:00,117,제주,0,23.5,55.0,55.0,0.0,0.0,164.0,0.3,3.0,NE57_nc
KIM,2026-10-07 12:00,2026-10-12 21:00,120,제주,0,22.9,65.0,65.0,0.0,0.0,-0.0,0.2,3.0,NE57_nc
KIM,2026-10-07 12:00,2026-10-13 09:00,132,제주,0,22.2,92.0,92.0,0.0,0.0,,0.1,12.0,NE57_nc
KIM,2026-10-07 12:00,2026-10-13 21:00,144,제주,0,20.6,14.0,14.0,0.0,0.0,,0.2,12.0,NE57_nc
KIM,2026-10-07 12:00,2026-10-14 09:00,156,제주,0,19.5,100.0,83.0,26.0,100.0,,0.4,12.0,NE57_nc
KIM,2026-10-07 12:00,2026-10-14 21:00,168,제주,0,17.3,16.0,0.0,13.0,7.0,,0.1,12.0,NE57_nc
KIM,2026-10-07 12:00,2026-10-15 09:00,180,제주,0,17.2,7.0,7.0,0.0,0.0,,0.0,12.0,NE57_nc
KIM,2026-10-07 12:00,2026-10-15 21:00,192,제주,0,18.3,4.0,4.0,0.0,0.0,,0.0,12.0,NE57_nc
KIM,2026-10-07 12:00,2026-10-16 09:00,204,제주,0,19.1,91.0,6.0,0.0,91.0,,0.0,12.0,NE57_nc
KIM,2026-10-07 12:00,2026-10-16 21:00,216,제주,0,20.7,100.0,1.0,14.0,100.0,,0.0,12.0,NE57_nc
KIM,2026-10-07 12:00,2026-10-17 09:00,228,제주,0,22.3,99.0,30.0,81.0,85.0,,0.0,12.0,NE57_nc
KIM,2026-10-07 12:00,2026-10-17 21:00,240,제주,0,22.3,100.0,95.0,100.0,100.0,,1.1,12.0,NE57_nc
KIM,2026-10-07 12:00,2026-10-18 09:00,252,제주,0,21.3,39.0,37.0,9.0,0.0,,48.9,12.0,NE57_nc
KIM,2026-10-07 12:00,2026-10-18 21:00,264,제주,0,20.8,75.0,50.0,0.0,64.0,,0.7,12.0,NE57_nc
KIM,2026-10-07 12:00,2026-10-19 09:00,276,제주,0,18.8,23.0,19.0,8.0,0.0,,0.7,12.0,NE57_nc
KIM,2026-10-07 12:00,2026-10-19 21:00,288,제주,0,19.3,93.0,6.0,1.0,93.0,,0.1,12.0,NE57_nc
KIM,2026-10-07 12:00,2026-10-07 21:00,0,나주,0,14.7,0.0,0.0,0.0,0.0,,,,NE57_nc
KIM,2026-10-07 12:00,2026-10-08 00:00,3,나주,0,12.7,0.0,0.0,0.0,0.0,0.0,0.0,3.0,NE57_nc
KIM,2026-10-07 12:00,2026-10-08 03:00,6,나주,0,11.1,0.0,0.0,0.0,0.0,-0.0,0.0,3.0,NE57_nc
KIM,2026-10-07 12:00,2026-10-08 06:00,9,나주,0,10.3,0.0,0.0,0.0,0.0,-0.0,0.0,3.0,NE57_nc
KIM,2026-10-07 12:00,2026-10-08 09:00,12,나주,0,16.6,0.0,0.0,0.0,0.0,145.0,0.0,3.0,NE57_nc
KIM,2026-10-07 12:00,2026-10-08 12:00,15,나주,0,22.5,0.0,0.0,0.0,0.0,630.0,0.0,3.0,NE57_nc
KIM,2026-10-07 12:00,2026-10-08 15:00,18,나주,0,23.8,0.0,0.0,0.0,0.0,692.0,0.0,3.0,NE57_nc
KIM,2026-10-07 12:00,2026-10-08 18:00,21,나주,0,19.7,0.0,0.0,0.0,0.0,246.0,0.0,3.0,NE57_nc
KIM,2026-10-07 12:00,2026-10-08 21:00,24,나주,0,16.0,0.0,0.0,0.0,0.0,0.0,0.0,3.0,NE57_nc
KIM,2026-10-07 12:00,2026-10-09 00:00,27,나주,0,14.2,10.0,0.0,0.0,10.0,0.0,0.0,3.0,NE57_nc
KIM,2026-10-07 12:00,2026-10-09 03:00,30,나주,0,13.3,81.0,0.0,0.0,81.0,0.0,0.0,3.0,NE57_nc
KIM,2026-10-07 12:00,2026-10-09 06:00,33,나주,0,12.5,100.0,0.0,0.0,100.0,-0.0,0.0,3.0,NE57_nc
KIM,2026-10-07 12:00,2026-10-09 09:00,36,나주,0,18.4,82.0,0.0,0.0,82.0,138.0,0.0,3.0,NE57_nc
KIM,2026-10-07 12:00,2026-10-09 12:00,39,나주,0,23.3,74.0,0.0,0.0,74.0,603.0,0.0,3.0,NE57_nc
KIM,2026-10-07 12:00,2026-10-09 15:00,42,나주,0,24.7,39.0,0.0,16.0,33.0,642.0,0.0,3.0,NE57_nc
KIM,2026-10-07 12:00,2026-10-09 18:00,45,나주,0,20.9,72.0,0.0,55.0,62.0,195.0,0.0,3.0,NE57_nc
KIM,2026-10-07 12:00,2026-10-09 21:00,48,나주,0,17.4,82.0,5.0,40.0,77.0,-0.0,0.0,3.0,NE57_nc
KIM,2026-10-07 12:00,2026-10-10 00:00,51,나주,0,16.1,89.0,62.0,23.0,68.0,0.0,0.0,3.0,NE57_nc
KIM,2026-10-07 12:00,2026-10-10 03:00,54,나주,0,16.5,94.0,93.0,41.0,36.0,0.0,0.0,3.0,NE57_nc
KIM,2026-10-07 12:00,2026-10-10 06:00,57,나주,0,16.7,99.0,99.0,12.0,41.0,-0.0,0.0,3.0,NE57_nc
KIM,2026-10-07 12:00,2026-10-10 09:00,60,나주,0,17.8,89.0,87.0,3.0,28.0,11.0,0.8,3.0,NE57_nc
KIM,2026-10-07 12:00,2026-10-10 12:00,63,나주,0,21.4,92.0,91.0,22.0,0.0,232.0,0.5,3.0,NE57_nc
KIM,2026-10-07 12:00,2026-10-10 15:00,66,나주,0,23.5,64.0,34.0,42.0,0.0,309.0,0.8,3.0,NE57_nc
KIM,2026-10-07 12:00,2026-10-10 18:00,69,나주,0,21.4,76.0,64.0,45.0,2.0,120.0,2.9,3.0,NE57_nc
KIM,2026-10-07 12:00,2026-10-10 21:00,72,나주,0,20.5,100.0,100.0,18.0,0.0,0.0,0.5,3.0,NE57_nc
KIM,2026-10-07 12:00,2026-10-11 00:00,75,나주,0,20.3,97.0,97.0,46.0,1.0,0.0,1.9,3.0,NE57_nc
KIM,2026-10-07 12:00,2026-10-11 03:00,78,나주,0,20.2,96.0,96.0,20.0,1.0,-0.0,2.2,3.0,NE57_nc
KIM,2026-10-07 12:00,2026-10-11 06:00,81,나주,0,19.6,89.0,88.0,5.0,0.0,0.0,0.4,3.0,NE57_nc
KIM,2026-10-07 12:00,2026-10-11 09:00,84,나주,0,20.5,75.0,75.0,0.0,0.0,24.0,0.3,3.0,NE57_nc
KIM,2026-10-07 12:00,2026-10-11 12:00,87,나주,0,23.4,63.0,62.0,5.0,0.0,378.0,0.1,3.0,NE57_nc
KIM,2026-10-07 12:00,2026-10-11 15:00,90,나주,0,24.9,61.0,58.0,6.0,0.0,383.0,0.1,3.0,NE57_nc
KIM,2026-10-07 12:00,2026-10-11 18:00,93,나주,0,22.2,74.0,74.0,6.0,0.0,147.0,0.4,3.0,NE57_nc
KIM,2026-10-07 12:00,2026-10-11 21:00,96,나주,0,20.4,57.0,56.0,5.0,0.0,0.0,0.0,3.0,NE57_nc
KIM,2026-10-07 12:00,2026-10-12 00:00,99,나주,0,20.2,80.0,79.0,4.0,0.0,-0.0,0.0,3.0,NE57_nc
KIM,2026-10-07 12:00,2026-10-12 03:00,102,나주,0,19.4,83.0,82.0,2.0,0.0,-0.0,0.0,3.0,NE57_nc
KIM,2026-10-07 12:00,2026-10-12 06:00,105,나주,0,19.7,87.0,85.0,0.0,27.0,-0.0,0.0,3.0,NE57_nc
KIM,2026-10-07 12:00,2026-10-12 09:00,108,나주,0,22.5,73.0,48.0,0.0,60.0,127.0,0.0,3.0,NE57_nc
KIM,2026-10-07 12:00,2026-10-12 12:00,111,나주,0,25.5,63.0,55.0,12.0,24.0,490.0,0.4,3.0,NE57_nc
KIM,2026-10-07 12:00,2026-10-12 15:00,114,나주,0,23.3,85.0,77.0,41.0,0.0,407.0,0.0,3.0,NE57_nc
KIM,2026-10-07 12:00,2026-10-12 18:00,117,나주,0,22.5,81.0,79.0,20.0,0.0,58.0,0.0,3.0,NE57_nc
KIM,2026-10-07 12:00,2026-10-12 21:00,120,나주,0,21.3,96.0,96.0,21.0,0.0,-0.0,0.3,3.0,NE57_nc
KIM,2026-10-07 12:00,2026-10-13 09:00,132,나주,0,21.0,99.0,99.0,70.0,17.0,,1.5,12.0,NE57_nc
KIM,2026-10-07 12:00,2026-10-13 21:00,144,나주,0,17.2,14.0,14.0,0.0,0.0,,1.1,12.0,NE57_nc
KIM,2026-10-07 12:00,2026-10-14 09:00,156,나주,0,17.3,97.0,49.0,0.0,96.0,,0.2,12.0,NE57_nc
KIM,2026-10-07 12:00,2026-10-14 21:00,168,나주,0,12.2,2.0,0.0,0.0,2.0,,0.0,12.0,NE57_nc
KIM,2026-10-07 12:00,2026-10-15 09:00,180,나주,0,14.0,46.0,46.0,0.0,0.0,,0.0,12.0,NE57_nc
KIM,2026-10-07 12:00,2026-10-15 21:00,192,나주,0,13.6,0.0,0.0,0.0,0.0,,0.1,12.0,NE57_nc
KIM,2026-10-07 12:00,2026-10-16 09:00,204,나주,0,15.8,71.0,0.0,28.0,62.0,,0.0,12.0,NE57_nc
KIM,2026-10-07 12:00,2026-10-16 21:00,216,나주,0,15.1,100.0,0.0,22.0,100.0,,0.0,12.0,NE57_nc
KIM,2026-10-07 12:00,2026-10-17 09:00,228,나주,0,18.7,100.0,11.0,75.0,99.0,,0.0,12.0,NE57_nc
KIM,2026-10-07 12:00,2026-10-17 21:00,240,나주,0,20.1,100.0,68.0,87.0,100.0,,0.0,12.0,NE57_nc
KIM,2026-10-07 12:00,2026-10-18 09:00,252,나주,0,20.3,100.0,99.0,100.0,5.0,,26.4,12.0,NE57_nc
KIM,2026-10-07 12:00,2026-10-18 21:00,264,나주,0,17.0,89.0,16.0,0.0,89.0,,0.7,12.0,NE57_nc
KIM,2026-10-07 12:00,2026-10-19 09:00,276,나주,0,17.3,16.0,15.0,2.0,0.0,,0.0,12.0,NE57_nc
KIM,2026-10-07 12:00,2026-10-19 21:00,288,나주,0,14.7,21.0,1.0,0.0,21.0,,0.1,12.0,NE57_nc
