model,run_utc,valid_kst,step_h,city,rep,t2m_C,tcc_pct,lcc_pct,mcc_pct,hcc_pct,dswrf_avg_Wm2,tp_mm,win_h
ECMWF,2026-09-09 12:00,2026-09-09 21:00,0,서울,1,19.5,35.0,,,,,,
ECMWF,2026-09-09 12:00,2026-09-10 00:00,3,서울,1,17.3,42.0,,,,0.0,0.0,3.0
ECMWF,2026-09-09 12:00,2026-09-10 03:00,6,서울,1,16.2,46.0,,,,0.0,0.0,3.0
ECMWF,2026-09-09 12:00,2026-09-10 06:00,9,서울,1,15.4,93.0,,,,0.0,0.0,3.0
ECMWF,2026-09-09 12:00,2026-09-10 09:00,12,서울,1,18.9,86.0,,,,160.0,0.0,3.0
ECMWF,2026-09-09 12:00,2026-09-10 12:00,15,서울,1,20.7,100.0,,,,373.0,0.0,3.0
ECMWF,2026-09-09 12:00,2026-09-10 15:00,18,서울,1,20.7,100.0,,,,186.0,0.0,3.0
ECMWF,2026-09-09 12:00,2026-09-10 18:00,21,서울,1,20.1,42.0,,,,85.0,0.0,3.0
ECMWF,2026-09-09 12:00,2026-09-10 21:00,24,서울,1,18.0,0.0,,,,9.0,0.0,3.0
ECMWF,2026-09-09 12:00,2026-09-11 00:00,27,서울,1,16.8,0.0,,,,0.0,0.0,3.0
ECMWF,2026-09-09 12:00,2026-09-11 03:00,30,서울,1,15.5,8.0,,,,0.0,0.0,3.0
ECMWF,2026-09-09 12:00,2026-09-11 06:00,33,서울,1,14.6,48.0,,,,0.0,0.0,3.0
ECMWF,2026-09-09 12:00,2026-09-11 09:00,36,서울,1,19.6,35.0,,,,206.0,0.0,3.0
ECMWF,2026-09-09 12:00,2026-09-11 12:00,39,서울,1,24.5,91.0,,,,710.0,0.0,3.0
ECMWF,2026-09-09 12:00,2026-09-11 15:00,42,서울,1,25.7,97.0,,,,743.0,0.0,3.0
ECMWF,2026-09-09 12:00,2026-09-11 18:00,45,서울,1,24.3,94.0,,,,320.0,0.0,3.0
ECMWF,2026-09-09 12:00,2026-09-11 21:00,48,서울,1,21.5,92.0,,,,7.0,0.0,3.0
ECMWF,2026-09-09 12:00,2026-09-12 00:00,51,서울,1,19.4,81.0,,,,0.0,0.0,3.0
ECMWF,2026-09-09 12:00,2026-09-12 03:00,54,서울,1,18.2,57.0,,,,0.0,0.0,3.0
ECMWF,2026-09-09 12:00,2026-09-12 06:00,57,서울,1,16.9,48.0,,,,0.0,0.0,3.0
ECMWF,2026-09-09 12:00,2026-09-12 09:00,60,서울,1,19.4,99.0,,,,127.0,0.0,3.0
ECMWF,2026-09-09 12:00,2026-09-12 12:00,63,서울,1,25.3,98.0,,,,462.0,0.0,3.0
ECMWF,2026-09-09 12:00,2026-09-12 15:00,66,서울,1,26.5,99.0,,,,568.0,0.0,3.0
ECMWF,2026-09-09 12:00,2026-09-12 18:00,69,서울,1,24.6,100.0,,,,183.0,0.0,3.0
ECMWF,2026-09-09 12:00,2026-09-12 21:00,72,서울,1,22.2,100.0,,,,5.0,0.0,3.0
ECMWF,2026-09-09 12:00,2026-09-13 00:00,75,서울,1,22.0,99.0,,,,0.0,0.0,3.0
ECMWF,2026-09-09 12:00,2026-09-13 03:00,78,서울,1,20.6,97.0,,,,0.0,0.0,3.0
ECMWF,2026-09-09 12:00,2026-09-13 06:00,81,서울,1,19.5,97.0,,,,0.0,0.5,3.0
ECMWF,2026-09-09 12:00,2026-09-13 09:00,84,서울,1,19.6,100.0,,,,30.0,0.8,3.0
ECMWF,2026-09-09 12:00,2026-09-13 12:00,87,서울,1,21.5,93.0,,,,181.0,0.2,3.0
ECMWF,2026-09-09 12:00,2026-09-13 15:00,90,서울,1,25.3,100.0,,,,476.0,0.0,3.0
ECMWF,2026-09-09 12:00,2026-09-13 18:00,93,서울,1,23.3,93.0,,,,177.0,0.0,3.0
ECMWF,2026-09-09 12:00,2026-09-13 21:00,96,서울,1,20.8,99.0,,,,5.0,0.0,3.0
ECMWF,2026-09-09 12:00,2026-09-14 00:00,99,서울,1,20.0,88.0,,,,0.0,0.0,3.0
ECMWF,2026-09-09 12:00,2026-09-14 03:00,102,서울,1,19.3,95.0,,,,0.0,0.0,3.0
ECMWF,2026-09-09 12:00,2026-09-14 06:00,105,서울,1,19.1,100.0,,,,0.0,0.0,3.0
ECMWF,2026-09-09 12:00,2026-09-14 09:00,108,서울,1,20.3,100.0,,,,59.0,0.0,3.0
ECMWF,2026-09-09 12:00,2026-09-14 12:00,111,서울,1,23.0,99.0,,,,280.0,0.0,3.0
ECMWF,2026-09-09 12:00,2026-09-14 15:00,114,서울,1,25.8,91.0,,,,573.0,0.0,3.0
ECMWF,2026-09-09 12:00,2026-09-14 18:00,117,서울,1,23.7,70.0,,,,344.0,0.0,3.0
ECMWF,2026-09-09 12:00,2026-09-14 21:00,120,서울,1,19.8,39.0,,,,7.0,0.0,3.0
ECMWF,2026-09-09 12:00,2026-09-15 00:00,123,서울,1,17.8,0.0,,,,0.0,0.0,3.0
ECMWF,2026-09-09 12:00,2026-09-15 03:00,126,서울,1,17.2,1.0,,,,0.0,0.0,3.0
ECMWF,2026-09-09 12:00,2026-09-15 06:00,129,서울,1,16.6,15.0,,,,0.0,0.0,3.0
ECMWF,2026-09-09 12:00,2026-09-15 09:00,132,서울,1,20.6,16.0,,,,176.0,0.0,3.0
ECMWF,2026-09-09 12:00,2026-09-15 12:00,135,서울,1,25.0,26.0,,,,627.0,0.1,3.0
ECMWF,2026-09-09 12:00,2026-09-15 15:00,138,서울,1,27.3,19.0,,,,686.0,0.0,3.0
ECMWF,2026-09-09 12:00,2026-09-15 18:00,141,서울,1,26.1,15.0,,,,322.0,0.0,3.0
ECMWF,2026-09-09 12:00,2026-09-15 21:00,144,서울,1,22.8,3.0,,,,6.0,0.0,3.0
ECMWF,2026-09-09 12:00,2026-09-16 03:00,150,서울,1,18.3,0.0,,,,0.0,0.0,6.0
ECMWF,2026-09-09 12:00,2026-09-16 09:00,156,서울,1,21.8,0.0,,,,95.0,0.0,6.0
ECMWF,2026-09-09 12:00,2026-09-16 15:00,162,서울,1,27.9,16.0,,,,719.0,0.0,6.0
ECMWF,2026-09-09 12:00,2026-09-16 21:00,168,서울,1,23.0,85.0,,,,174.0,0.0,6.0
ECMWF,2026-09-09 12:00,2026-09-17 03:00,174,서울,1,19.7,87.0,,,,0.0,0.0,6.0
ECMWF,2026-09-09 12:00,2026-09-17 09:00,180,서울,1,22.4,63.0,,,,85.0,0.0,6.0
ECMWF,2026-09-09 12:00,2026-09-17 15:00,186,서울,1,28.8,99.0,,,,695.0,0.0,6.0
ECMWF,2026-09-09 12:00,2026-09-17 21:00,192,서울,1,24.4,100.0,,,,99.0,0.0,6.0
ECMWF,2026-09-09 12:00,2026-09-18 03:00,198,서울,1,20.3,60.0,,,,0.0,0.0,6.0
ECMWF,2026-09-09 12:00,2026-09-18 09:00,204,서울,1,20.5,100.0,,,,44.0,0.0,6.0
ECMWF,2026-09-09 12:00,2026-09-18 15:00,210,서울,1,23.2,92.0,,,,257.0,0.0,6.0
ECMWF,2026-09-09 12:00,2026-09-18 21:00,216,서울,1,20.8,68.0,,,,128.0,0.0,6.0
ECMWF,2026-09-09 12:00,2026-09-19 03:00,222,서울,1,18.6,49.0,,,,0.0,0.3,6.0
ECMWF,2026-09-09 12:00,2026-09-19 09:00,228,서울,1,21.2,28.0,,,,83.0,0.0,6.0
ECMWF,2026-09-09 12:00,2026-09-19 15:00,234,서울,1,24.3,82.0,,,,455.0,0.0,6.0
ECMWF,2026-09-09 12:00,2026-09-19 21:00,240,서울,1,20.5,58.0,,,,88.0,0.0,6.0
ECMWF,2026-09-09 12:00,2026-09-09 21:00,0,대전,1,19.6,45.0,,,,,,
ECMWF,2026-09-09 12:00,2026-09-10 00:00,3,대전,1,17.5,4.0,,,,0.0,0.0,3.0
ECMWF,2026-09-09 12:00,2026-09-10 03:00,6,대전,1,16.1,16.0,,,,0.0,0.0,3.0
ECMWF,2026-09-09 12:00,2026-09-10 06:00,9,대전,1,15.6,38.0,,,,0.0,0.0,3.0
ECMWF,2026-09-09 12:00,2026-09-10 09:00,12,대전,1,19.0,84.0,,,,173.0,0.0,3.0
ECMWF,2026-09-09 12:00,2026-09-10 12:00,15,대전,1,22.1,81.0,,,,526.0,0.0,3.0
ECMWF,2026-09-09 12:00,2026-09-10 15:00,18,대전,1,24.0,96.0,,,,587.0,0.0,3.0
ECMWF,2026-09-09 12:00,2026-09-10 18:00,21,대전,1,19.9,89.0,,,,201.0,0.0,3.0
ECMWF,2026-09-09 12:00,2026-09-10 21:00,24,대전,1,18.6,60.0,,,,6.0,0.0,3.0
ECMWF,2026-09-09 12:00,2026-09-11 00:00,27,대전,1,17.5,48.0,,,,0.0,0.0,3.0
ECMWF,2026-09-09 12:00,2026-09-11 03:00,30,대전,1,15.3,37.0,,,,0.0,0.0,3.0
ECMWF,2026-09-09 12:00,2026-09-11 06:00,33,대전,1,12.9,2.0,,,,0.0,0.0,3.0
ECMWF,2026-09-09 12:00,2026-09-11 09:00,36,대전,1,19.3,17.0,,,,217.0,0.0,3.0
ECMWF,2026-09-09 12:00,2026-09-11 12:00,39,대전,1,23.3,54.0,,,,728.0,0.0,3.0
ECMWF,2026-09-09 12:00,2026-09-11 15:00,42,대전,1,23.9,98.0,,,,724.0,0.0,3.0
ECMWF,2026-09-09 12:00,2026-09-11 18:00,45,대전,1,21.9,99.0,,,,265.0,0.0,3.0
ECMWF,2026-09-09 12:00,2026-09-11 21:00,48,대전,1,18.9,99.0,,,,6.0,0.0,3.0
ECMWF,2026-09-09 12:00,2026-09-12 00:00,51,대전,1,16.5,83.0,,,,0.0,0.0,3.0
ECMWF,2026-09-09 12:00,2026-09-12 03:00,54,대전,1,14.7,31.0,,,,0.0,0.0,3.0
ECMWF,2026-09-09 12:00,2026-09-12 06:00,57,대전,1,15.4,98.0,,,,0.0,0.0,3.0
ECMWF,2026-09-09 12:00,2026-09-12 09:00,60,대전,1,20.4,98.0,,,,134.0,0.0,3.0
ECMWF,2026-09-09 12:00,2026-09-12 12:00,63,대전,1,24.8,78.0,,,,408.0,0.0,3.0
ECMWF,2026-09-09 12:00,2026-09-12 15:00,66,대전,1,25.4,99.0,,,,611.0,0.0,3.0
ECMWF,2026-09-09 12:00,2026-09-12 18:00,69,대전,1,22.3,99.0,,,,188.0,0.0,3.0
ECMWF,2026-09-09 12:00,2026-09-12 21:00,72,대전,1,18.9,99.0,,,,5.0,0.0,3.0
ECMWF,2026-09-09 12:00,2026-09-13 00:00,75,대전,1,18.4,91.0,,,,0.0,0.0,3.0
ECMWF,2026-09-09 12:00,2026-09-13 03:00,78,대전,1,17.2,66.0,,,,0.0,0.0,3.0
ECMWF,2026-09-09 12:00,2026-09-13 06:00,81,대전,1,18.0,68.0,,,,0.0,0.0,3.0
ECMWF,2026-09-09 12:00,2026-09-13 09:00,84,대전,1,22.3,84.0,,,,182.0,0.0,3.0
ECMWF,2026-09-09 12:00,2026-09-13 12:00,87,대전,1,25.9,87.0,,,,664.0,0.0,3.0
ECMWF,2026-09-09 12:00,2026-09-13 15:00,90,대전,1,26.6,53.0,,,,680.0,0.0,3.0
ECMWF,2026-09-09 12:00,2026-09-13 18:00,93,대전,1,23.5,98.0,,,,328.0,0.0,3.0
ECMWF,2026-09-09 12:00,2026-09-13 21:00,96,대전,1,19.5,99.0,,,,5.0,0.0,3.0
ECMWF,2026-09-09 12:00,2026-09-14 00:00,99,대전,1,17.3,17.0,,,,0.0,0.0,3.0
ECMWF,2026-09-09 12:00,2026-09-14 03:00,102,대전,1,16.1,94.0,,,,0.0,0.0,3.0
ECMWF,2026-09-09 12:00,2026-09-14 06:00,105,대전,1,15.4,54.0,,,,0.0,0.0,3.0
ECMWF,2026-09-09 12:00,2026-09-14 09:00,108,대전,1,21.1,87.0,,,,170.0,0.0,3.0
ECMWF,2026-09-09 12:00,2026-09-14 12:00,111,대전,1,25.0,69.0,,,,592.0,0.0,3.0
ECMWF,2026-09-09 12:00,2026-09-14 15:00,114,대전,1,25.2,76.0,,,,713.0,0.0,3.0
ECMWF,2026-09-09 12:00,2026-09-14 18:00,117,대전,1,22.1,86.0,,,,233.0,0.0,3.0
ECMWF,2026-09-09 12:00,2026-09-14 21:00,120,대전,1,18.2,98.0,,,,6.0,0.0,3.0
ECMWF,2026-09-09 12:00,2026-09-15 00:00,123,대전,1,16.2,7.0,,,,0.0,0.0,3.0
ECMWF,2026-09-09 12:00,2026-09-15 03:00,126,대전,1,14.5,1.0,,,,0.0,0.0,3.0
ECMWF,2026-09-09 12:00,2026-09-15 06:00,129,대전,1,12.8,5.0,,,,0.0,0.0,3.0
ECMWF,2026-09-09 12:00,2026-09-15 09:00,132,대전,1,20.6,1.0,,,,200.0,0.0,3.0
ECMWF,2026-09-09 12:00,2026-09-15 12:00,135,대전,1,25.8,25.0,,,,687.0,0.0,3.0
ECMWF,2026-09-09 12:00,2026-09-15 15:00,138,대전,1,26.6,22.0,,,,679.0,0.0,3.0
ECMWF,2026-09-09 12:00,2026-09-15 18:00,141,대전,1,23.7,17.0,,,,332.0,0.0,3.0
ECMWF,2026-09-09 12:00,2026-09-15 21:00,144,대전,1,20.8,42.0,,,,6.0,0.0,3.0
ECMWF,2026-09-09 12:00,2026-09-16 03:00,150,대전,1,17.9,18.0,,,,0.0,0.0,6.0
ECMWF,2026-09-09 12:00,2026-09-16 09:00,156,대전,1,21.3,10.0,,,,94.0,0.0,6.0
ECMWF,2026-09-09 12:00,2026-09-16 15:00,162,대전,1,27.7,31.0,,,,644.0,0.0,6.0
ECMWF,2026-09-09 12:00,2026-09-16 21:00,168,대전,1,21.0,13.0,,,,144.0,0.0,6.0
ECMWF,2026-09-09 12:00,2026-09-17 03:00,174,대전,1,16.9,54.0,,,,0.0,0.0,6.0
ECMWF,2026-09-09 12:00,2026-09-17 09:00,180,대전,1,22.2,2.0,,,,97.0,0.0,6.0
ECMWF,2026-09-09 12:00,2026-09-17 15:00,186,대전,1,27.8,91.0,,,,717.0,0.0,6.0
ECMWF,2026-09-09 12:00,2026-09-17 21:00,192,대전,1,21.6,99.0,,,,108.0,0.0,6.0
ECMWF,2026-09-09 12:00,2026-09-18 03:00,198,대전,1,19.5,96.0,,,,0.0,0.0,6.0
ECMWF,2026-09-09 12:00,2026-09-18 09:00,204,대전,1,19.5,100.0,,,,27.0,0.4,6.0
ECMWF,2026-09-09 12:00,2026-09-18 15:00,210,대전,1,18.9,97.0,,,,138.0,4.4,6.0
ECMWF,2026-09-09 12:00,2026-09-18 21:00,216,대전,1,18.2,80.0,,,,101.0,0.0,6.0
ECMWF,2026-09-09 12:00,2026-09-19 03:00,222,대전,1,17.1,52.0,,,,0.0,0.0,6.0
ECMWF,2026-09-09 12:00,2026-09-19 09:00,228,대전,1,19.5,84.0,,,,40.0,0.0,6.0
ECMWF,2026-09-09 12:00,2026-09-19 15:00,234,대전,1,23.7,78.0,,,,509.0,0.1,6.0
ECMWF,2026-09-09 12:00,2026-09-19 21:00,240,대전,1,20.4,27.0,,,,115.0,0.0,6.0
ECMWF,2026-09-09 12:00,2026-09-09 21:00,0,대구,1,17.1,29.0,,,,,,
ECMWF,2026-09-09 12:00,2026-09-10 00:00,3,대구,1,14.8,14.0,,,,0.0,0.0,3.0
ECMWF,2026-09-09 12:00,2026-09-10 03:00,6,대구,1,14.5,8.0,,,,0.0,0.0,3.0
ECMWF,2026-09-09 12:00,2026-09-10 06:00,9,대구,1,14.3,10.0,,,,0.0,0.0,3.0
ECMWF,2026-09-09 12:00,2026-09-10 09:00,12,대구,1,18.8,39.0,,,,182.0,0.0,3.0
ECMWF,2026-09-09 12:00,2026-09-10 12:00,15,대구,1,21.7,87.0,,,,615.0,0.0,3.0
ECMWF,2026-09-09 12:00,2026-09-10 15:00,18,대구,1,20.9,93.0,,,,455.0,0.0,3.0
ECMWF,2026-09-09 12:00,2026-09-10 18:00,21,대구,1,19.4,74.0,,,,208.0,0.0,3.0
ECMWF,2026-09-09 12:00,2026-09-10 21:00,24,대구,1,16.7,77.0,,,,5.0,0.0,3.0
ECMWF,2026-09-09 12:00,2026-09-11 00:00,27,대구,1,16.7,98.0,,,,0.0,0.0,3.0
ECMWF,2026-09-09 12:00,2026-09-11 03:00,30,대구,1,16.7,92.0,,,,0.0,0.0,3.0
ECMWF,2026-09-09 12:00,2026-09-11 06:00,33,대구,1,15.2,16.0,,,,0.0,0.0,3.0
ECMWF,2026-09-09 12:00,2026-09-11 09:00,36,대구,1,20.6,6.0,,,,226.0,0.0,3.0
ECMWF,2026-09-09 12:00,2026-09-11 12:00,39,대구,1,23.8,36.0,,,,729.0,0.0,3.0
ECMWF,2026-09-09 12:00,2026-09-11 15:00,42,대구,1,25.1,57.0,,,,768.0,0.0,3.0
ECMWF,2026-09-09 12:00,2026-09-11 18:00,45,대구,1,21.5,79.0,,,,336.0,0.0,3.0
ECMWF,2026-09-09 12:00,2026-09-11 21:00,48,대구,1,17.4,61.0,,,,4.0,0.0,3.0
ECMWF,2026-09-09 12:00,2026-09-12 00:00,51,대구,1,16.4,56.0,,,,0.0,0.0,3.0
ECMWF,2026-09-09 12:00,2026-09-12 03:00,54,대구,1,16.1,57.0,,,,0.0,0.0,3.0
ECMWF,2026-09-09 12:00,2026-09-12 06:00,57,대구,1,14.6,56.0,,,,0.0,0.0,3.0
ECMWF,2026-09-09 12:00,2026-09-12 09:00,60,대구,1,21.2,40.0,,,,224.0,0.0,3.0
ECMWF,2026-09-09 12:00,2026-09-12 12:00,63,대구,1,24.6,85.0,,,,599.0,0.0,3.0
ECMWF,2026-09-09 12:00,2026-09-12 15:00,66,대구,1,25.7,84.0,,,,470.0,0.0,3.0
ECMWF,2026-09-09 12:00,2026-09-12 18:00,69,대구,1,22.6,34.0,,,,233.0,0.0,3.0
ECMWF,2026-09-09 12:00,2026-09-12 21:00,72,대구,1,18.4,27.0,,,,5.0,0.0,3.0
ECMWF,2026-09-09 12:00,2026-09-13 00:00,75,대구,1,17.3,19.0,,,,0.0,0.0,3.0
ECMWF,2026-09-09 12:00,2026-09-13 03:00,78,대구,1,16.7,56.0,,,,0.0,0.0,3.0
ECMWF,2026-09-09 12:00,2026-09-13 06:00,81,대구,1,15.6,47.0,,,,0.0,0.0,3.0
ECMWF,2026-09-09 12:00,2026-09-13 09:00,84,대구,1,22.6,17.0,,,,217.0,0.0,3.0
ECMWF,2026-09-09 12:00,2026-09-13 12:00,87,대구,1,26.9,74.0,,,,689.0,0.0,3.0
ECMWF,2026-09-09 12:00,2026-09-13 15:00,90,대구,1,27.6,45.0,,,,716.0,0.0,3.0
ECMWF,2026-09-09 12:00,2026-09-13 18:00,93,대구,1,24.6,24.0,,,,313.0,0.0,3.0
ECMWF,2026-09-09 12:00,2026-09-13 21:00,96,대구,1,20.6,65.0,,,,5.0,0.0,3.0
ECMWF,2026-09-09 12:00,2026-09-14 00:00,99,대구,1,18.5,94.0,,,,0.0,0.0,3.0
ECMWF,2026-09-09 12:00,2026-09-14 03:00,102,대구,1,18.4,70.0,,,,0.0,0.0,3.0
ECMWF,2026-09-09 12:00,2026-09-14 06:00,105,대구,1,18.2,76.0,,,,0.0,0.0,3.0
ECMWF,2026-09-09 12:00,2026-09-14 09:00,108,대구,1,19.3,72.0,,,,33.0,0.0,3.0
ECMWF,2026-09-09 12:00,2026-09-14 12:00,111,대구,1,25.3,29.0,,,,465.0,0.0,3.0
ECMWF,2026-09-09 12:00,2026-09-14 15:00,114,대구,1,27.3,11.0,,,,791.0,0.0,3.0
ECMWF,2026-09-09 12:00,2026-09-14 18:00,117,대구,1,23.0,5.0,,,,348.0,0.0,3.0
ECMWF,2026-09-09 12:00,2026-09-14 21:00,120,대구,1,19.4,74.0,,,,4.0,0.0,3.0
ECMWF,2026-09-09 12:00,2026-09-15 00:00,123,대구,1,18.0,88.0,,,,0.0,0.0,3.0
ECMWF,2026-09-09 12:00,2026-09-15 03:00,126,대구,1,18.1,88.0,,,,0.0,0.0,3.0
ECMWF,2026-09-09 12:00,2026-09-15 06:00,129,대구,1,16.2,62.0,,,,0.0,0.1,3.0
ECMWF,2026-09-09 12:00,2026-09-15 09:00,132,대구,1,21.8,79.0,,,,204.0,0.0,3.0
ECMWF,2026-09-09 12:00,2026-09-15 12:00,135,대구,1,25.0,53.0,,,,547.0,0.4,3.0
ECMWF,2026-09-09 12:00,2026-09-15 15:00,138,대구,1,24.4,61.0,,,,645.0,1.6,3.0
ECMWF,2026-09-09 12:00,2026-09-15 18:00,141,대구,1,20.4,22.0,,,,269.0,1.5,3.0
ECMWF,2026-09-09 12:00,2026-09-15 21:00,144,대구,1,18.0,70.0,,,,4.0,0.0,3.0
ECMWF,2026-09-09 12:00,2026-09-16 03:00,150,대구,1,15.6,8.0,,,,0.0,0.0,6.0
ECMWF,2026-09-09 12:00,2026-09-16 09:00,156,대구,1,21.0,6.0,,,,109.0,0.0,6.0
ECMWF,2026-09-09 12:00,2026-09-16 15:00,162,대구,1,25.1,63.0,,,,666.0,0.0,6.0
ECMWF,2026-09-09 12:00,2026-09-16 21:00,168,대구,1,18.5,1.0,,,,134.0,0.0,6.0
ECMWF,2026-09-09 12:00,2026-09-17 03:00,174,대구,1,14.7,1.0,,,,0.0,0.0,6.0
ECMWF,2026-09-09 12:00,2026-09-17 09:00,180,대구,1,21.3,5.0,,,,110.0,0.0,6.0
ECMWF,2026-09-09 12:00,2026-09-17 15:00,186,대구,1,26.1,37.0,,,,735.0,0.0,6.0
ECMWF,2026-09-09 12:00,2026-09-17 21:00,192,대구,1,18.0,83.0,,,,151.0,0.0,6.0
ECMWF,2026-09-09 12:00,2026-09-18 03:00,198,대구,1,16.7,100.0,,,,0.0,0.0,6.0
ECMWF,2026-09-09 12:00,2026-09-18 09:00,204,대구,1,18.3,100.0,,,,16.0,4.7,6.0
ECMWF,2026-09-09 12:00,2026-09-18 15:00,210,대구,1,16.1,100.0,,,,82.0,22.6,6.0
ECMWF,2026-09-09 12:00,2026-09-18 21:00,216,대구,1,15.7,82.0,,,,41.0,1.9,6.0
ECMWF,2026-09-09 12:00,2026-09-19 03:00,222,대구,1,15.2,87.0,,,,0.0,0.0,6.0
ECMWF,2026-09-09 12:00,2026-09-19 09:00,228,대구,1,18.8,87.0,,,,47.0,0.0,6.0
ECMWF,2026-09-09 12:00,2026-09-19 15:00,234,대구,1,22.0,85.0,,,,329.0,0.1,6.0
ECMWF,2026-09-09 12:00,2026-09-19 21:00,240,대구,1,18.5,75.0,,,,73.0,0.0,6.0
ECMWF,2026-09-09 12:00,2026-09-09 21:00,0,광주,1,20.8,9.0,,,,,,
ECMWF,2026-09-09 12:00,2026-09-10 00:00,3,광주,1,18.1,4.0,,,,0.0,0.0,3.0
ECMWF,2026-09-09 12:00,2026-09-10 03:00,6,광주,1,16.4,3.0,,,,0.0,0.0,3.0
ECMWF,2026-09-09 12:00,2026-09-10 06:00,9,광주,1,15.2,7.0,,,,0.0,0.0,3.0
ECMWF,2026-09-09 12:00,2026-09-10 09:00,12,광주,1,20.5,19.0,,,,206.0,0.0,3.0
ECMWF,2026-09-09 12:00,2026-09-10 12:00,15,광주,1,24.6,37.0,,,,688.0,0.0,3.0
ECMWF,2026-09-09 12:00,2026-09-10 15:00,18,광주,1,25.9,40.0,,,,776.0,0.0,3.0
ECMWF,2026-09-09 12:00,2026-09-10 18:00,21,광주,1,24.1,43.0,,,,365.0,0.0,3.0
ECMWF,2026-09-09 12:00,2026-09-10 21:00,24,광주,1,20.1,70.0,,,,10.0,0.0,3.0
ECMWF,2026-09-09 12:00,2026-09-11 00:00,27,광주,1,20.1,99.0,,,,0.0,0.0,3.0
ECMWF,2026-09-09 12:00,2026-09-11 03:00,30,광주,1,18.7,79.0,,,,0.0,0.0,3.0
ECMWF,2026-09-09 12:00,2026-09-11 06:00,33,광주,1,16.8,10.0,,,,0.0,0.0,3.0
ECMWF,2026-09-09 12:00,2026-09-11 09:00,36,광주,1,22.1,8.0,,,,209.0,0.0,3.0
ECMWF,2026-09-09 12:00,2026-09-11 12:00,39,광주,1,26.1,14.0,,,,729.0,0.0,3.0
ECMWF,2026-09-09 12:00,2026-09-11 15:00,42,광주,1,27.2,57.0,,,,826.0,0.0,3.0
ECMWF,2026-09-09 12:00,2026-09-11 18:00,45,광주,1,23.4,82.0,,,,384.0,0.0,3.0
ECMWF,2026-09-09 12:00,2026-09-11 21:00,48,광주,1,19.5,55.0,,,,8.0,0.0,3.0
ECMWF,2026-09-09 12:00,2026-09-12 00:00,51,광주,1,17.8,53.0,,,,0.0,0.0,3.0
ECMWF,2026-09-09 12:00,2026-09-12 03:00,54,광주,1,16.4,49.0,,,,0.0,0.0,3.0
ECMWF,2026-09-09 12:00,2026-09-12 06:00,57,광주,1,15.8,74.0,,,,0.0,0.0,3.0
ECMWF,2026-09-09 12:00,2026-09-12 09:00,60,광주,1,22.7,67.0,,,,200.0,0.0,3.0
ECMWF,2026-09-09 12:00,2026-09-12 12:00,63,광주,1,27.0,35.0,,,,559.0,0.0,3.0
ECMWF,2026-09-09 12:00,2026-09-12 15:00,66,광주,1,28.6,46.0,,,,796.0,0.0,3.0
ECMWF,2026-09-09 12:00,2026-09-12 18:00,69,광주,1,26.6,20.0,,,,383.0,0.0,3.0
ECMWF,2026-09-09 12:00,2026-09-12 21:00,72,광주,1,21.5,30.0,,,,9.0,0.0,3.0
ECMWF,2026-09-09 12:00,2026-09-13 00:00,75,광주,1,19.7,65.0,,,,0.0,0.0,3.0
ECMWF,2026-09-09 12:00,2026-09-13 03:00,78,광주,1,18.5,45.0,,,,0.0,0.0,3.0
ECMWF,2026-09-09 12:00,2026-09-13 06:00,81,광주,1,17.6,35.0,,,,0.0,0.0,3.0
ECMWF,2026-09-09 12:00,2026-09-13 09:00,84,광주,1,24.2,54.0,,,,186.0,0.0,3.0
ECMWF,2026-09-09 12:00,2026-09-13 12:00,87,광주,1,27.9,65.0,,,,662.0,0.0,3.0
ECMWF,2026-09-09 12:00,2026-09-13 15:00,90,광주,1,29.3,68.0,,,,759.0,0.0,3.0
ECMWF,2026-09-09 12:00,2026-09-13 18:00,93,광주,1,25.3,55.0,,,,366.0,0.0,3.0
ECMWF,2026-09-09 12:00,2026-09-13 21:00,96,광주,1,21.1,95.0,,,,7.0,0.0,3.0
ECMWF,2026-09-09 12:00,2026-09-14 00:00,99,광주,1,19.5,85.0,,,,0.0,0.0,3.0
ECMWF,2026-09-09 12:00,2026-09-14 03:00,102,광주,1,18.6,60.0,,,,0.0,0.0,3.0
ECMWF,2026-09-09 12:00,2026-09-14 06:00,105,광주,1,17.6,69.0,,,,0.0,0.0,3.0
ECMWF,2026-09-09 12:00,2026-09-14 09:00,108,광주,1,23.2,37.0,,,,184.0,0.0,3.0
ECMWF,2026-09-09 12:00,2026-09-14 12:00,111,광주,1,27.5,9.0,,,,712.0,0.0,3.0
ECMWF,2026-09-09 12:00,2026-09-14 15:00,114,광주,1,28.4,32.0,,,,800.0,0.0,3.0
ECMWF,2026-09-09 12:00,2026-09-14 18:00,117,광주,1,24.7,52.0,,,,371.0,0.0,3.0
ECMWF,2026-09-09 12:00,2026-09-14 21:00,120,광주,1,21.3,95.0,,,,7.0,0.0,3.0
ECMWF,2026-09-09 12:00,2026-09-15 00:00,123,광주,1,19.6,61.0,,,,0.0,0.0,3.0
ECMWF,2026-09-09 12:00,2026-09-15 03:00,126,광주,1,17.7,35.0,,,,0.0,0.0,3.0
ECMWF,2026-09-09 12:00,2026-09-15 06:00,129,광주,1,16.6,35.0,,,,0.0,0.0,3.0
ECMWF,2026-09-09 12:00,2026-09-15 09:00,132,광주,1,22.7,10.0,,,,196.0,0.0,3.0
ECMWF,2026-09-09 12:00,2026-09-15 12:00,135,광주,1,27.1,31.0,,,,677.0,0.0,3.0
ECMWF,2026-09-09 12:00,2026-09-15 15:00,138,광주,1,28.5,34.0,,,,745.0,0.0,3.0
ECMWF,2026-09-09 12:00,2026-09-15 18:00,141,광주,1,24.6,54.0,,,,368.0,0.0,3.0
ECMWF,2026-09-09 12:00,2026-09-15 21:00,144,광주,1,21.0,76.0,,,,6.0,0.0,3.0
ECMWF,2026-09-09 12:00,2026-09-16 03:00,150,광주,1,17.5,6.0,,,,0.0,0.0,6.0
ECMWF,2026-09-09 12:00,2026-09-16 09:00,156,광주,1,23.3,1.0,,,,100.0,0.0,6.0
ECMWF,2026-09-09 12:00,2026-09-16 15:00,162,광주,1,29.2,37.0,,,,691.0,0.0,6.0
ECMWF,2026-09-09 12:00,2026-09-16 21:00,168,광주,1,23.0,21.0,,,,165.0,0.0,6.0
ECMWF,2026-09-09 12:00,2026-09-17 03:00,174,광주,1,18.3,41.0,,,,0.0,0.0,6.0
ECMWF,2026-09-09 12:00,2026-09-17 09:00,180,광주,1,23.5,43.0,,,,99.0,0.0,6.0
ECMWF,2026-09-09 12:00,2026-09-17 15:00,186,광주,1,29.6,93.0,,,,692.0,0.0,6.0
ECMWF,2026-09-09 12:00,2026-09-17 21:00,192,광주,1,23.1,100.0,,,,124.0,0.0,6.0
ECMWF,2026-09-09 12:00,2026-09-18 03:00,198,광주,1,19.9,98.0,,,,0.0,0.5,6.0
ECMWF,2026-09-09 12:00,2026-09-18 09:00,204,광주,1,20.1,100.0,,,,28.0,1.5,6.0
ECMWF,2026-09-09 12:00,2026-09-18 15:00,210,광주,1,21.6,68.0,,,,199.0,3.9,6.0
ECMWF,2026-09-09 12:00,2026-09-18 21:00,216,광주,1,18.9,98.0,,,,94.0,0.4,6.0
ECMWF,2026-09-09 12:00,2026-09-19 03:00,222,광주,1,16.5,72.0,,,,0.0,0.0,6.0
ECMWF,2026-09-09 12:00,2026-09-19 09:00,228,광주,1,21.8,80.0,,,,67.0,0.0,6.0
ECMWF,2026-09-09 12:00,2026-09-19 15:00,234,광주,1,27.1,37.0,,,,570.0,0.0,6.0
ECMWF,2026-09-09 12:00,2026-09-19 21:00,240,광주,1,21.6,72.0,,,,149.0,0.2,6.0
ECMWF,2026-09-09 12:00,2026-09-09 21:00,0,부산,1,22.7,16.0,,,,,,
ECMWF,2026-09-09 12:00,2026-09-10 00:00,3,부산,1,22.6,45.0,,,,0.0,0.0,3.0
ECMWF,2026-09-09 12:00,2026-09-10 03:00,6,부산,1,22.6,38.0,,,,0.0,0.0,3.0
ECMWF,2026-09-09 12:00,2026-09-10 06:00,9,부산,1,23.0,55.0,,,,0.0,0.0,3.0
ECMWF,2026-09-09 12:00,2026-09-10 09:00,12,부산,1,23.6,59.0,,,,162.0,0.0,3.0
ECMWF,2026-09-09 12:00,2026-09-10 12:00,15,부산,1,24.1,58.0,,,,539.0,0.0,3.0
ECMWF,2026-09-09 12:00,2026-09-10 15:00,18,부산,1,24.6,72.0,,,,702.0,0.0,3.0
ECMWF,2026-09-09 12:00,2026-09-10 18:00,21,부산,1,24.1,45.0,,,,290.0,0.0,3.0
ECMWF,2026-09-09 12:00,2026-09-10 21:00,24,부산,1,23.3,50.0,,,,5.0,0.0,3.0
ECMWF,2026-09-09 12:00,2026-09-11 00:00,27,부산,1,22.0,41.0,,,,0.0,0.0,3.0
ECMWF,2026-09-09 12:00,2026-09-11 03:00,30,부산,1,22.0,27.0,,,,0.0,0.0,3.0
ECMWF,2026-09-09 12:00,2026-09-11 06:00,33,부산,1,21.7,64.0,,,,0.0,0.0,3.0
ECMWF,2026-09-09 12:00,2026-09-11 09:00,36,부산,1,23.6,43.0,,,,157.0,0.0,3.0
ECMWF,2026-09-09 12:00,2026-09-11 12:00,39,부산,1,25.4,31.0,,,,628.0,0.0,3.0
ECMWF,2026-09-09 12:00,2026-09-11 15:00,42,부산,1,24.5,23.0,,,,752.0,0.0,3.0
ECMWF,2026-09-09 12:00,2026-09-11 18:00,45,부산,1,24.2,20.0,,,,343.0,0.0,3.0
ECMWF,2026-09-09 12:00,2026-09-11 21:00,48,부산,1,23.8,16.0,,,,5.0,0.0,3.0
ECMWF,2026-09-09 12:00,2026-09-12 00:00,51,부산,1,22.9,15.0,,,,0.0,0.0,3.0
ECMWF,2026-09-09 12:00,2026-09-12 03:00,54,부산,1,21.6,28.0,,,,0.0,0.0,3.0
ECMWF,2026-09-09 12:00,2026-09-12 06:00,57,부산,1,21.2,54.0,,,,0.0,0.0,3.0
ECMWF,2026-09-09 12:00,2026-09-12 09:00,60,부산,1,23.7,46.0,,,,201.0,0.0,3.0
ECMWF,2026-09-09 12:00,2026-09-12 12:00,63,부산,1,25.4,49.0,,,,582.0,0.0,3.0
ECMWF,2026-09-09 12:00,2026-09-12 15:00,66,부산,1,25.3,23.0,,,,682.0,0.0,3.0
ECMWF,2026-09-09 12:00,2026-09-12 18:00,69,부산,1,25.2,2.0,,,,325.0,0.0,3.0
ECMWF,2026-09-09 12:00,2026-09-12 21:00,72,부산,1,24.9,0.0,,,,5.0,0.0,3.0
ECMWF,2026-09-09 12:00,2026-09-13 00:00,75,부산,1,24.1,29.0,,,,0.0,0.0,3.0
ECMWF,2026-09-09 12:00,2026-09-13 03:00,78,부산,1,23.0,14.0,,,,0.0,0.0,3.0
ECMWF,2026-09-09 12:00,2026-09-13 06:00,81,부산,1,22.4,41.0,,,,0.0,0.0,3.0
ECMWF,2026-09-09 12:00,2026-09-13 09:00,84,부산,1,24.5,83.0,,,,185.0,0.0,3.0
ECMWF,2026-09-09 12:00,2026-09-13 12:00,87,부산,1,24.6,26.0,,,,667.0,0.0,3.0
ECMWF,2026-09-09 12:00,2026-09-13 15:00,90,부산,1,25.4,27.0,,,,762.0,0.0,3.0
ECMWF,2026-09-09 12:00,2026-09-13 18:00,93,부산,1,25.6,1.0,,,,337.0,0.0,3.0
ECMWF,2026-09-09 12:00,2026-09-13 21:00,96,부산,1,25.5,6.0,,,,4.0,0.0,3.0
ECMWF,2026-09-09 12:00,2026-09-14 00:00,99,부산,1,25.1,16.0,,,,0.0,0.0,3.0
ECMWF,2026-09-09 12:00,2026-09-14 03:00,102,부산,1,24.3,11.0,,,,0.0,0.0,3.0
ECMWF,2026-09-09 12:00,2026-09-14 06:00,105,부산,1,23.5,5.0,,,,0.0,0.0,3.0
ECMWF,2026-09-09 12:00,2026-09-14 09:00,108,부산,1,25.2,8.0,,,,215.0,0.0,3.0
ECMWF,2026-09-09 12:00,2026-09-14 12:00,111,부산,1,25.3,41.0,,,,688.0,0.0,3.0
ECMWF,2026-09-09 12:00,2026-09-14 15:00,114,부산,1,24.9,40.0,,,,720.0,0.1,3.0
ECMWF,2026-09-09 12:00,2026-09-14 18:00,117,부산,1,25.4,71.0,,,,280.0,0.1,3.0
ECMWF,2026-09-09 12:00,2026-09-14 21:00,120,부산,1,25.3,97.0,,,,3.0,0.0,3.0
ECMWF,2026-09-09 12:00,2026-09-15 00:00,123,부산,1,23.8,85.0,,,,0.0,0.0,3.0
ECMWF,2026-09-09 12:00,2026-09-15 03:00,126,부산,1,23.1,73.0,,,,0.0,0.1,3.0
ECMWF,2026-09-09 12:00,2026-09-15 06:00,129,부산,1,22.9,84.0,,,,0.0,0.0,3.0
ECMWF,2026-09-09 12:00,2026-09-15 09:00,132,부산,1,24.5,49.0,,,,198.0,0.0,3.0
ECMWF,2026-09-09 12:00,2026-09-15 12:00,135,부산,1,25.1,55.0,,,,681.0,0.0,3.0
ECMWF,2026-09-09 12:00,2026-09-15 15:00,138,부산,1,25.1,35.0,,,,745.0,0.0,3.0
ECMWF,2026-09-09 12:00,2026-09-15 18:00,141,부산,1,24.7,12.0,,,,323.0,0.0,3.0
ECMWF,2026-09-09 12:00,2026-09-15 21:00,144,부산,1,24.2,12.0,,,,3.0,0.0,3.0
ECMWF,2026-09-09 12:00,2026-09-16 03:00,150,부산,1,23.5,75.0,,,,0.0,0.0,6.0
ECMWF,2026-09-09 12:00,2026-09-16 09:00,156,부산,1,24.4,23.0,,,,109.0,0.0,6.0
ECMWF,2026-09-09 12:00,2026-09-16 15:00,162,부산,1,25.4,11.0,,,,728.0,0.0,6.0
ECMWF,2026-09-09 12:00,2026-09-16 21:00,168,부산,1,24.5,0.0,,,,171.0,0.0,6.0
ECMWF,2026-09-09 12:00,2026-09-17 03:00,174,부산,1,22.9,7.0,,,,0.0,0.0,6.0
ECMWF,2026-09-09 12:00,2026-09-17 09:00,180,부산,1,24.2,94.0,,,,100.0,0.0,6.0
ECMWF,2026-09-09 12:00,2026-09-17 15:00,186,부산,1,25.6,35.0,,,,706.0,0.0,6.0
ECMWF,2026-09-09 12:00,2026-09-17 21:00,192,부산,1,24.3,45.0,,,,164.0,0.0,6.0
ECMWF,2026-09-09 12:00,2026-09-18 03:00,198,부산,1,23.5,100.0,,,,0.0,1.7,6.0
ECMWF,2026-09-09 12:00,2026-09-18 09:00,204,부산,1,22.7,100.0,,,,5.0,14.2,6.0
ECMWF,2026-09-09 12:00,2026-09-18 15:00,210,부산,1,22.1,99.0,,,,170.0,96.6,6.0
ECMWF,2026-09-09 12:00,2026-09-18 21:00,216,부산,1,20.9,85.0,,,,93.0,0.0,6.0
ECMWF,2026-09-09 12:00,2026-09-19 03:00,222,부산,1,21.8,87.0,,,,0.0,0.0,6.0
ECMWF,2026-09-09 12:00,2026-09-19 09:00,228,부산,1,22.9,66.0,,,,72.0,0.5,6.0
ECMWF,2026-09-09 12:00,2026-09-19 15:00,234,부산,1,24.9,36.0,,,,574.0,0.0,6.0
ECMWF,2026-09-09 12:00,2026-09-19 21:00,240,부산,1,22.7,83.0,,,,146.0,0.0,6.0
ECMWF,2026-09-09 12:00,2026-09-09 21:00,0,인천,0,20.5,44.0,,,,,,
ECMWF,2026-09-09 12:00,2026-09-10 00:00,3,인천,0,18.2,43.0,,,,0.0,0.0,3.0
ECMWF,2026-09-09 12:00,2026-09-10 03:00,6,인천,0,16.7,61.0,,,,0.0,0.0,3.0
ECMWF,2026-09-09 12:00,2026-09-10 06:00,9,인천,0,15.6,88.0,,,,0.0,0.0,3.0
ECMWF,2026-09-09 12:00,2026-09-10 09:00,12,인천,0,19.8,92.0,,,,178.0,0.0,3.0
ECMWF,2026-09-09 12:00,2026-09-10 12:00,15,인천,0,21.4,100.0,,,,347.0,0.0,3.0
ECMWF,2026-09-09 12:00,2026-09-10 15:00,18,인천,0,21.5,100.0,,,,198.0,0.0,3.0
ECMWF,2026-09-09 12:00,2026-09-10 18:00,21,인천,0,21.1,9.0,,,,114.0,0.0,3.0
ECMWF,2026-09-09 12:00,2026-09-10 21:00,24,인천,0,17.9,0.0,,,,11.0,0.0,3.0
ECMWF,2026-09-09 12:00,2026-09-11 00:00,27,인천,0,16.4,2.0,,,,0.0,0.0,3.0
ECMWF,2026-09-09 12:00,2026-09-11 03:00,30,인천,0,15.3,12.0,,,,0.0,0.0,3.0
ECMWF,2026-09-09 12:00,2026-09-11 06:00,33,인천,0,14.5,52.0,,,,0.0,0.0,3.0
ECMWF,2026-09-09 12:00,2026-09-11 09:00,36,인천,0,19.9,44.0,,,,204.0,0.0,3.0
ECMWF,2026-09-09 12:00,2026-09-11 12:00,39,인천,0,24.5,95.0,,,,704.0,0.0,3.0
ECMWF,2026-09-09 12:00,2026-09-11 15:00,42,인천,0,25.8,97.0,,,,736.0,0.0,3.0
ECMWF,2026-09-09 12:00,2026-09-11 18:00,45,인천,0,24.5,93.0,,,,320.0,0.0,3.0
ECMWF,2026-09-09 12:00,2026-09-11 21:00,48,인천,0,21.0,97.0,,,,8.0,0.0,3.0
ECMWF,2026-09-09 12:00,2026-09-12 00:00,51,인천,0,18.8,98.0,,,,0.0,0.0,3.0
ECMWF,2026-09-09 12:00,2026-09-12 03:00,54,인천,0,17.1,61.0,,,,0.0,0.0,3.0
ECMWF,2026-09-09 12:00,2026-09-12 06:00,57,인천,0,15.9,78.0,,,,0.0,0.0,3.0
ECMWF,2026-09-09 12:00,2026-09-12 09:00,60,인천,0,19.3,95.0,,,,111.0,0.0,3.0
ECMWF,2026-09-09 12:00,2026-09-12 12:00,63,인천,0,25.7,99.0,,,,494.0,0.0,3.0
ECMWF,2026-09-09 12:00,2026-09-12 15:00,66,인천,0,26.7,99.0,,,,534.0,0.0,3.0
ECMWF,2026-09-09 12:00,2026-09-12 18:00,69,인천,0,24.7,100.0,,,,193.0,0.0,3.0
ECMWF,2026-09-09 12:00,2026-09-12 21:00,72,인천,0,22.6,99.0,,,,5.0,0.0,3.0
ECMWF,2026-09-09 12:00,2026-09-13 00:00,75,인천,0,21.4,100.0,,,,0.0,0.0,3.0
ECMWF,2026-09-09 12:00,2026-09-13 03:00,78,인천,0,19.8,96.0,,,,0.0,0.0,3.0
ECMWF,2026-09-09 12:00,2026-09-13 06:00,81,인천,0,19.0,97.0,,,,0.0,0.1,3.0
ECMWF,2026-09-09 12:00,2026-09-13 09:00,84,인천,0,20.5,100.0,,,,37.0,0.1,3.0
ECMWF,2026-09-09 12:00,2026-09-13 12:00,87,인천,0,22.7,99.0,,,,185.0,0.0,3.0
ECMWF,2026-09-09 12:00,2026-09-13 15:00,90,인천,0,25.9,100.0,,,,529.0,0.0,3.0
ECMWF,2026-09-09 12:00,2026-09-13 18:00,93,인천,0,23.3,94.0,,,,178.0,0.0,3.0
ECMWF,2026-09-09 12:00,2026-09-13 21:00,96,인천,0,20.8,100.0,,,,6.0,0.0,3.0
ECMWF,2026-09-09 12:00,2026-09-14 00:00,99,인천,0,20.3,95.0,,,,0.0,0.0,3.0
ECMWF,2026-09-09 12:00,2026-09-14 03:00,102,인천,0,19.3,100.0,,,,0.0,0.0,3.0
ECMWF,2026-09-09 12:00,2026-09-14 06:00,105,인천,0,18.8,100.0,,,,0.0,0.0,3.0
ECMWF,2026-09-09 12:00,2026-09-14 09:00,108,인천,0,20.6,99.0,,,,75.0,0.0,3.0
ECMWF,2026-09-09 12:00,2026-09-14 12:00,111,인천,0,24.1,87.0,,,,333.0,0.0,3.0
ECMWF,2026-09-09 12:00,2026-09-14 15:00,114,인천,0,26.1,71.0,,,,647.0,0.0,3.0
ECMWF,2026-09-09 12:00,2026-09-14 18:00,117,인천,0,23.9,29.0,,,,353.0,0.0,3.0
ECMWF,2026-09-09 12:00,2026-09-14 21:00,120,인천,0,19.5,21.0,,,,8.0,0.0,3.0
ECMWF,2026-09-09 12:00,2026-09-15 00:00,123,인천,0,17.0,0.0,,,,0.0,0.0,3.0
ECMWF,2026-09-09 12:00,2026-09-15 03:00,126,인천,0,16.2,0.0,,,,0.0,0.0,3.0
ECMWF,2026-09-09 12:00,2026-09-15 06:00,129,인천,0,15.6,7.0,,,,0.0,0.0,3.0
ECMWF,2026-09-09 12:00,2026-09-15 09:00,132,인천,0,21.0,2.0,,,,183.0,0.0,3.0
ECMWF,2026-09-09 12:00,2026-09-15 12:00,135,인천,0,25.6,16.0,,,,636.0,0.0,3.0
ECMWF,2026-09-09 12:00,2026-09-15 15:00,138,인천,0,27.4,10.0,,,,672.0,0.0,3.0
ECMWF,2026-09-09 12:00,2026-09-15 18:00,141,인천,0,25.0,2.0,,,,323.0,0.0,3.0
ECMWF,2026-09-09 12:00,2026-09-15 21:00,144,인천,0,21.7,1.0,,,,6.0,0.0,3.0
ECMWF,2026-09-09 12:00,2026-09-16 03:00,150,인천,0,18.2,0.0,,,,0.0,0.0,6.0
ECMWF,2026-09-09 12:00,2026-09-16 09:00,156,인천,0,22.5,1.0,,,,95.0,0.0,6.0
ECMWF,2026-09-09 12:00,2026-09-16 15:00,162,인천,0,28.5,13.0,,,,710.0,0.0,6.0
ECMWF,2026-09-09 12:00,2026-09-16 21:00,168,인천,0,22.4,86.0,,,,168.0,0.0,6.0
ECMWF,2026-09-09 12:00,2026-09-17 03:00,174,인천,0,20.2,93.0,,,,0.0,0.0,6.0
ECMWF,2026-09-09 12:00,2026-09-17 09:00,180,인천,0,23.2,89.0,,,,84.0,0.0,6.0
ECMWF,2026-09-09 12:00,2026-09-17 15:00,186,인천,0,29.9,99.0,,,,685.0,0.0,6.0
ECMWF,2026-09-09 12:00,2026-09-17 21:00,192,인천,0,24.5,100.0,,,,99.0,0.0,6.0
ECMWF,2026-09-09 12:00,2026-09-18 03:00,198,인천,0,21.7,76.0,,,,0.0,0.0,6.0
ECMWF,2026-09-09 12:00,2026-09-18 09:00,204,인천,0,21.5,100.0,,,,42.0,0.0,6.0
ECMWF,2026-09-09 12:00,2026-09-18 15:00,210,인천,0,24.4,68.0,,,,302.0,0.0,6.0
ECMWF,2026-09-09 12:00,2026-09-18 21:00,216,인천,0,22.0,71.0,,,,154.0,0.0,6.0
ECMWF,2026-09-09 12:00,2026-09-19 03:00,222,인천,0,18.6,25.0,,,,0.0,0.2,6.0
ECMWF,2026-09-09 12:00,2026-09-19 09:00,228,인천,0,21.8,30.0,,,,83.0,0.0,6.0
ECMWF,2026-09-09 12:00,2026-09-19 15:00,234,인천,0,25.9,74.0,,,,510.0,0.0,6.0
ECMWF,2026-09-09 12:00,2026-09-19 21:00,240,인천,0,21.7,38.0,,,,111.0,0.0,6.0
ECMWF,2026-09-09 12:00,2026-09-09 21:00,0,수원,0,19.2,24.0,,,,,,
ECMWF,2026-09-09 12:00,2026-09-10 00:00,3,수원,0,16.6,32.0,,,,0.0,0.0,3.0
ECMWF,2026-09-09 12:00,2026-09-10 03:00,6,수원,0,15.4,26.0,,,,0.0,0.0,3.0
ECMWF,2026-09-09 12:00,2026-09-10 06:00,9,수원,0,15.1,87.0,,,,0.0,0.0,3.0
ECMWF,2026-09-09 12:00,2026-09-10 09:00,12,수원,0,18.5,98.0,,,,128.0,0.0,3.0
ECMWF,2026-09-09 12:00,2026-09-10 12:00,15,수원,0,20.1,100.0,,,,331.0,0.0,3.0
ECMWF,2026-09-09 12:00,2026-09-10 15:00,18,수원,0,19.9,100.0,,,,176.0,0.0,3.0
ECMWF,2026-09-09 12:00,2026-09-10 18:00,21,수원,0,19.3,70.0,,,,95.0,0.0,3.0
ECMWF,2026-09-09 12:00,2026-09-10 21:00,24,수원,0,16.5,0.0,,,,6.0,0.0,3.0
ECMWF,2026-09-09 12:00,2026-09-11 00:00,27,수원,0,14.9,0.0,,,,0.0,0.0,3.0
ECMWF,2026-09-09 12:00,2026-09-11 03:00,30,수원,0,13.7,41.0,,,,0.0,0.0,3.0
ECMWF,2026-09-09 12:00,2026-09-11 06:00,33,수원,0,13.4,26.0,,,,0.0,0.0,3.0
ECMWF,2026-09-09 12:00,2026-09-11 09:00,36,수원,0,20.0,17.0,,,,209.0,0.0,3.0
ECMWF,2026-09-09 12:00,2026-09-11 12:00,39,수원,0,23.9,93.0,,,,676.0,0.0,3.0
ECMWF,2026-09-09 12:00,2026-09-11 15:00,42,수원,0,25.4,97.0,,,,761.0,0.0,3.0
ECMWF,2026-09-09 12:00,2026-09-11 18:00,45,수원,0,22.9,97.0,,,,310.0,0.0,3.0
ECMWF,2026-09-09 12:00,2026-09-11 21:00,48,수원,0,19.8,94.0,,,,5.0,0.0,3.0
ECMWF,2026-09-09 12:00,2026-09-12 00:00,51,수원,0,17.7,78.0,,,,0.0,0.0,3.0
ECMWF,2026-09-09 12:00,2026-09-12 03:00,54,수원,0,16.9,63.0,,,,0.0,0.0,3.0
ECMWF,2026-09-09 12:00,2026-09-12 06:00,57,수원,0,15.5,63.0,,,,0.0,0.0,3.0
ECMWF,2026-09-09 12:00,2026-09-12 09:00,60,수원,0,19.8,99.0,,,,96.0,0.0,3.0
ECMWF,2026-09-09 12:00,2026-09-12 12:00,63,수원,0,23.6,98.0,,,,370.0,0.0,3.0
ECMWF,2026-09-09 12:00,2026-09-12 15:00,66,수원,0,24.9,100.0,,,,546.0,0.0,3.0
ECMWF,2026-09-09 12:00,2026-09-12 18:00,69,수원,0,22.4,100.0,,,,94.0,0.0,3.0
ECMWF,2026-09-09 12:00,2026-09-12 21:00,72,수원,0,21.0,97.0,,,,4.0,0.0,3.0
ECMWF,2026-09-09 12:00,2026-09-13 00:00,75,수원,0,19.9,96.0,,,,0.0,0.0,3.0
ECMWF,2026-09-09 12:00,2026-09-13 03:00,78,수원,0,18.1,93.0,,,,0.0,0.0,3.0
ECMWF,2026-09-09 12:00,2026-09-13 06:00,81,수원,0,18.6,95.0,,,,0.0,0.1,3.0
ECMWF,2026-09-09 12:00,2026-09-13 09:00,84,수원,0,20.0,99.0,,,,40.0,0.0,3.0
ECMWF,2026-09-09 12:00,2026-09-13 12:00,87,수원,0,23.4,82.0,,,,326.0,0.0,3.0
ECMWF,2026-09-09 12:00,2026-09-13 15:00,90,수원,0,24.9,99.0,,,,584.0,0.0,3.0
ECMWF,2026-09-09 12:00,2026-09-13 18:00,93,수원,0,22.4,97.0,,,,242.0,0.0,3.0
ECMWF,2026-09-09 12:00,2026-09-13 21:00,96,수원,0,19.5,96.0,,,,5.0,0.0,3.0
ECMWF,2026-09-09 12:00,2026-09-14 00:00,99,수원,0,18.1,64.0,,,,0.0,0.0,3.0
ECMWF,2026-09-09 12:00,2026-09-14 03:00,102,수원,0,17.7,79.0,,,,0.0,0.0,3.0
ECMWF,2026-09-09 12:00,2026-09-14 06:00,105,수원,0,18.2,100.0,,,,0.0,0.0,3.0
ECMWF,2026-09-09 12:00,2026-09-14 09:00,108,수원,0,20.1,100.0,,,,52.0,0.0,3.0
ECMWF,2026-09-09 12:00,2026-09-14 12:00,111,수원,0,22.9,100.0,,,,260.0,0.0,3.0
ECMWF,2026-09-09 12:00,2026-09-14 15:00,114,수원,0,25.2,91.0,,,,478.0,0.0,3.0
ECMWF,2026-09-09 12:00,2026-09-14 18:00,117,수원,0,22.7,91.0,,,,332.0,0.0,3.0
ECMWF,2026-09-09 12:00,2026-09-14 21:00,120,수원,0,18.4,52.0,,,,7.0,0.0,3.0
ECMWF,2026-09-09 12:00,2026-09-15 00:00,123,수원,0,16.5,0.0,,,,0.0,0.0,3.0
ECMWF,2026-09-09 12:00,2026-09-15 03:00,126,수원,0,16.1,1.0,,,,0.0,0.0,3.0
ECMWF,2026-09-09 12:00,2026-09-15 06:00,129,수원,0,15.5,26.0,,,,0.0,0.0,3.0
ECMWF,2026-09-09 12:00,2026-09-15 09:00,132,수원,0,21.2,12.0,,,,188.0,0.0,3.0
ECMWF,2026-09-09 12:00,2026-09-15 12:00,135,수원,0,24.6,29.0,,,,608.0,0.2,3.0
ECMWF,2026-09-09 12:00,2026-09-15 15:00,138,수원,0,26.2,18.0,,,,687.0,0.0,3.0
ECMWF,2026-09-09 12:00,2026-09-15 18:00,141,수원,0,24.4,16.0,,,,338.0,0.0,3.0
ECMWF,2026-09-09 12:00,2026-09-15 21:00,144,수원,0,20.6,3.0,,,,6.0,0.0,3.0
ECMWF,2026-09-09 12:00,2026-09-16 03:00,150,수원,0,17.6,0.0,,,,0.0,0.0,6.0
ECMWF,2026-09-09 12:00,2026-09-16 09:00,156,수원,0,22.3,0.0,,,,96.0,0.0,6.0
ECMWF,2026-09-09 12:00,2026-09-16 15:00,162,수원,0,27.1,22.0,,,,716.0,0.0,6.0
ECMWF,2026-09-09 12:00,2026-09-16 21:00,168,수원,0,21.3,91.0,,,,171.0,0.0,6.0
ECMWF,2026-09-09 12:00,2026-09-17 03:00,174,수원,0,18.4,71.0,,,,0.0,0.0,6.0
ECMWF,2026-09-09 12:00,2026-09-17 09:00,180,수원,0,22.8,31.0,,,,92.0,0.0,6.0
ECMWF,2026-09-09 12:00,2026-09-17 15:00,186,수원,0,28.2,99.0,,,,700.0,0.0,6.0
ECMWF,2026-09-09 12:00,2026-09-17 21:00,192,수원,0,22.6,100.0,,,,103.0,0.0,6.0
ECMWF,2026-09-09 12:00,2026-09-18 03:00,198,수원,0,19.6,46.0,,,,0.0,0.0,6.0
ECMWF,2026-09-09 12:00,2026-09-18 09:00,204,수원,0,21.0,100.0,,,,46.0,0.0,6.0
ECMWF,2026-09-09 12:00,2026-09-18 15:00,210,수원,0,22.8,93.0,,,,263.0,0.4,6.0
ECMWF,2026-09-09 12:00,2026-09-18 21:00,216,수원,0,20.6,52.0,,,,99.0,0.0,6.0
ECMWF,2026-09-09 12:00,2026-09-19 03:00,222,수원,0,17.9,49.0,,,,0.0,0.6,6.0
ECMWF,2026-09-09 12:00,2026-09-19 09:00,228,수원,0,20.9,44.0,,,,68.0,0.0,6.0
ECMWF,2026-09-09 12:00,2026-09-19 15:00,234,수원,0,24.5,95.0,,,,476.0,0.0,6.0
ECMWF,2026-09-09 12:00,2026-09-19 21:00,240,수원,0,20.0,64.0,,,,64.0,0.0,6.0
ECMWF,2026-09-09 12:00,2026-09-09 21:00,0,전주,0,21.1,9.0,,,,,,
ECMWF,2026-09-09 12:00,2026-09-10 00:00,3,전주,0,18.3,4.0,,,,0.0,0.0,3.0
ECMWF,2026-09-09 12:00,2026-09-10 03:00,6,전주,0,16.4,11.0,,,,0.0,0.0,3.0
ECMWF,2026-09-09 12:00,2026-09-10 06:00,9,전주,0,15.1,22.0,,,,0.0,0.0,3.0
ECMWF,2026-09-09 12:00,2026-09-10 09:00,12,전주,0,19.9,57.0,,,,193.0,0.0,3.0
ECMWF,2026-09-09 12:00,2026-09-10 12:00,15,전주,0,24.4,61.0,,,,609.0,0.0,3.0
ECMWF,2026-09-09 12:00,2026-09-10 15:00,18,전주,0,25.8,75.0,,,,647.0,0.0,3.0
ECMWF,2026-09-09 12:00,2026-09-10 18:00,21,전주,0,22.6,79.0,,,,251.0,0.0,3.0
ECMWF,2026-09-09 12:00,2026-09-10 21:00,24,전주,0,20.0,88.0,,,,7.0,0.0,3.0
ECMWF,2026-09-09 12:00,2026-09-11 00:00,27,전주,0,19.7,69.0,,,,0.0,0.0,3.0
ECMWF,2026-09-09 12:00,2026-09-11 03:00,30,전주,0,17.0,27.0,,,,0.0,0.0,3.0
ECMWF,2026-09-09 12:00,2026-09-11 06:00,33,전주,0,15.4,4.0,,,,0.0,0.0,3.0
ECMWF,2026-09-09 12:00,2026-09-11 09:00,36,전주,0,20.0,22.0,,,,209.0,0.0,3.0
ECMWF,2026-09-09 12:00,2026-09-11 12:00,39,전주,0,24.4,34.0,,,,723.0,0.0,3.0
ECMWF,2026-09-09 12:00,2026-09-11 15:00,42,전주,0,24.8,90.0,,,,756.0,0.0,3.0
ECMWF,2026-09-09 12:00,2026-09-11 18:00,45,전주,0,22.3,98.0,,,,344.0,0.0,3.0
ECMWF,2026-09-09 12:00,2026-09-11 21:00,48,전주,0,20.0,93.0,,,,7.0,0.0,3.0
ECMWF,2026-09-09 12:00,2026-09-12 00:00,51,전주,0,18.5,91.0,,,,0.0,0.0,3.0
ECMWF,2026-09-09 12:00,2026-09-12 03:00,54,전주,0,17.4,54.0,,,,0.0,0.0,3.0
ECMWF,2026-09-09 12:00,2026-09-12 06:00,57,전주,0,16.5,88.0,,,,0.0,0.0,3.0
ECMWF,2026-09-09 12:00,2026-09-12 09:00,60,전주,0,21.1,84.0,,,,134.0,0.0,3.0
ECMWF,2026-09-09 12:00,2026-09-12 12:00,63,전주,0,24.9,66.0,,,,488.0,0.0,3.0
ECMWF,2026-09-09 12:00,2026-09-12 15:00,66,전주,0,26.2,83.0,,,,601.0,0.0,3.0
ECMWF,2026-09-09 12:00,2026-09-12 18:00,69,전주,0,24.3,81.0,,,,331.0,0.0,3.0
ECMWF,2026-09-09 12:00,2026-09-12 21:00,72,전주,0,20.4,85.0,,,,7.0,0.0,3.0
ECMWF,2026-09-09 12:00,2026-09-13 00:00,75,전주,0,18.6,84.0,,,,0.0,0.0,3.0
ECMWF,2026-09-09 12:00,2026-09-13 03:00,78,전주,0,17.6,42.0,,,,0.0,0.0,3.0
ECMWF,2026-09-09 12:00,2026-09-13 06:00,81,전주,0,17.0,26.0,,,,0.0,0.0,3.0
ECMWF,2026-09-09 12:00,2026-09-13 09:00,84,전주,0,22.4,81.0,,,,194.0,0.0,3.0
ECMWF,2026-09-09 12:00,2026-09-13 12:00,87,전주,0,26.2,89.0,,,,647.0,0.0,3.0
ECMWF,2026-09-09 12:00,2026-09-13 15:00,90,전주,0,27.3,58.0,,,,741.0,0.0,3.0
ECMWF,2026-09-09 12:00,2026-09-13 18:00,93,전주,0,24.5,86.0,,,,335.0,0.0,3.0
ECMWF,2026-09-09 12:00,2026-09-13 21:00,96,전주,0,20.4,99.0,,,,7.0,0.0,3.0
ECMWF,2026-09-09 12:00,2026-09-14 00:00,99,전주,0,18.9,37.0,,,,0.0,0.0,3.0
ECMWF,2026-09-09 12:00,2026-09-14 03:00,102,전주,0,17.3,92.0,,,,0.0,0.0,3.0
ECMWF,2026-09-09 12:00,2026-09-14 06:00,105,전주,0,16.5,80.0,,,,0.0,0.0,3.0
ECMWF,2026-09-09 12:00,2026-09-14 09:00,108,전주,0,21.7,67.0,,,,198.0,0.0,3.0
ECMWF,2026-09-09 12:00,2026-09-14 12:00,111,전주,0,25.9,29.0,,,,688.0,0.0,3.0
ECMWF,2026-09-09 12:00,2026-09-14 15:00,114,전주,0,26.5,40.0,,,,772.0,0.0,3.0
ECMWF,2026-09-09 12:00,2026-09-14 18:00,117,전주,0,23.4,89.0,,,,298.0,0.0,3.0
ECMWF,2026-09-09 12:00,2026-09-14 21:00,120,전주,0,20.3,98.0,,,,4.0,0.0,3.0
ECMWF,2026-09-09 12:00,2026-09-15 00:00,123,전주,0,17.5,22.0,,,,0.0,0.0,3.0
ECMWF,2026-09-09 12:00,2026-09-15 03:00,126,전주,0,16.1,1.0,,,,0.0,0.0,3.0
ECMWF,2026-09-09 12:00,2026-09-15 06:00,129,전주,0,15.2,3.0,,,,0.0,0.0,3.0
ECMWF,2026-09-09 12:00,2026-09-15 09:00,132,전주,0,19.6,6.0,,,,198.0,0.0,3.0
ECMWF,2026-09-09 12:00,2026-09-15 12:00,135,전주,0,24.9,19.0,,,,692.0,0.0,3.0
ECMWF,2026-09-09 12:00,2026-09-15 15:00,138,전주,0,26.8,19.0,,,,780.0,0.0,3.0
ECMWF,2026-09-09 12:00,2026-09-15 18:00,141,전주,0,23.4,29.0,,,,358.0,0.0,3.0
ECMWF,2026-09-09 12:00,2026-09-15 21:00,144,전주,0,19.8,57.0,,,,6.0,0.0,3.0
ECMWF,2026-09-09 12:00,2026-09-16 03:00,150,전주,0,18.1,3.0,,,,0.0,0.0,6.0
ECMWF,2026-09-09 12:00,2026-09-16 09:00,156,전주,0,22.8,7.0,,,,95.0,0.0,6.0
ECMWF,2026-09-09 12:00,2026-09-16 15:00,162,전주,0,27.1,27.0,,,,671.0,0.3,6.0
ECMWF,2026-09-09 12:00,2026-09-16 21:00,168,전주,0,21.4,35.0,,,,172.0,0.0,6.0
ECMWF,2026-09-09 12:00,2026-09-17 03:00,174,전주,0,18.4,36.0,,,,0.0,0.0,6.0
ECMWF,2026-09-09 12:00,2026-09-17 09:00,180,전주,0,23.7,1.0,,,,97.0,0.0,6.0
ECMWF,2026-09-09 12:00,2026-09-17 15:00,186,전주,0,28.7,90.0,,,,678.0,0.0,6.0
ECMWF,2026-09-09 12:00,2026-09-17 21:00,192,전주,0,23.0,100.0,,,,97.0,0.2,6.0
ECMWF,2026-09-09 12:00,2026-09-18 03:00,198,전주,0,20.2,91.0,,,,0.0,0.2,6.0
ECMWF,2026-09-09 12:00,2026-09-18 09:00,204,전주,0,19.7,100.0,,,,16.0,0.7,6.0
ECMWF,2026-09-09 12:00,2026-09-18 15:00,210,전주,0,21.7,77.0,,,,186.0,6.9,6.0
ECMWF,2026-09-09 12:00,2026-09-18 21:00,216,전주,0,19.3,96.0,,,,150.0,0.1,6.0
ECMWF,2026-09-09 12:00,2026-09-19 03:00,222,전주,0,17.3,83.0,,,,0.0,0.0,6.0
ECMWF,2026-09-09 12:00,2026-09-19 09:00,228,전주,0,20.0,82.0,,,,36.0,0.0,6.0
ECMWF,2026-09-09 12:00,2026-09-19 15:00,234,전주,0,26.8,40.0,,,,574.0,0.1,6.0
ECMWF,2026-09-09 12:00,2026-09-19 21:00,240,전주,0,21.3,40.0,,,,151.0,0.1,6.0
ECMWF,2026-09-09 12:00,2026-09-09 21:00,0,강릉,0,19.1,50.0,,,,,,
ECMWF,2026-09-09 12:00,2026-09-10 00:00,3,강릉,0,18.2,44.0,,,,0.0,0.0,3.0
ECMWF,2026-09-09 12:00,2026-09-10 03:00,6,강릉,0,17.7,45.0,,,,0.0,0.0,3.0
ECMWF,2026-09-09 12:00,2026-09-10 06:00,9,강릉,0,17.8,83.0,,,,0.0,0.0,3.0
ECMWF,2026-09-09 12:00,2026-09-10 09:00,12,강릉,0,20.4,100.0,,,,105.0,0.0,3.0
ECMWF,2026-09-09 12:00,2026-09-10 12:00,15,강릉,0,21.2,100.0,,,,255.0,0.0,3.0
ECMWF,2026-09-09 12:00,2026-09-10 15:00,18,강릉,0,21.4,100.0,,,,263.0,0.0,3.0
ECMWF,2026-09-09 12:00,2026-09-10 18:00,21,강릉,0,20.6,100.0,,,,87.0,0.0,3.0
ECMWF,2026-09-09 12:00,2026-09-10 21:00,24,강릉,0,17.3,44.0,,,,2.0,0.0,3.0
ECMWF,2026-09-09 12:00,2026-09-11 00:00,27,강릉,0,14.1,14.0,,,,0.0,0.0,3.0
ECMWF,2026-09-09 12:00,2026-09-11 03:00,30,강릉,0,12.4,24.0,,,,0.0,0.0,3.0
ECMWF,2026-09-09 12:00,2026-09-11 06:00,33,강릉,0,11.7,42.0,,,,0.0,0.0,3.0
ECMWF,2026-09-09 12:00,2026-09-11 09:00,36,강릉,0,20.9,6.0,,,,229.0,0.0,3.0
ECMWF,2026-09-09 12:00,2026-09-11 12:00,39,강릉,0,23.2,52.0,,,,728.0,0.0,3.0
ECMWF,2026-09-09 12:00,2026-09-11 15:00,42,강릉,0,23.3,92.0,,,,780.0,0.0,3.0
ECMWF,2026-09-09 12:00,2026-09-11 18:00,45,강릉,0,21.5,99.0,,,,316.0,0.0,3.0
ECMWF,2026-09-09 12:00,2026-09-11 21:00,48,강릉,0,18.4,94.0,,,,4.0,0.0,3.0
ECMWF,2026-09-09 12:00,2026-09-12 00:00,51,강릉,0,16.7,67.0,,,,0.0,0.0,3.0
ECMWF,2026-09-09 12:00,2026-09-12 03:00,54,강릉,0,15.4,42.0,,,,0.0,0.0,3.0
ECMWF,2026-09-09 12:00,2026-09-12 06:00,57,강릉,0,15.1,54.0,,,,0.0,0.0,3.0
ECMWF,2026-09-09 12:00,2026-09-12 09:00,60,강릉,0,22.4,74.0,,,,211.0,0.0,3.0
ECMWF,2026-09-09 12:00,2026-09-12 12:00,63,강릉,0,23.8,98.0,,,,457.0,0.0,3.0
ECMWF,2026-09-09 12:00,2026-09-12 15:00,66,강릉,0,23.7,99.0,,,,576.0,0.0,3.0
ECMWF,2026-09-09 12:00,2026-09-12 18:00,69,강릉,0,22.3,99.0,,,,250.0,0.0,3.0
ECMWF,2026-09-09 12:00,2026-09-12 21:00,72,강릉,0,19.9,98.0,,,,3.0,0.0,3.0
ECMWF,2026-09-09 12:00,2026-09-13 00:00,75,강릉,0,19.3,86.0,,,,0.0,0.0,3.0
ECMWF,2026-09-09 12:00,2026-09-13 03:00,78,강릉,0,17.6,77.0,,,,0.0,0.0,3.0
ECMWF,2026-09-09 12:00,2026-09-13 06:00,81,강릉,0,18.1,99.0,,,,0.0,0.0,3.0
ECMWF,2026-09-09 12:00,2026-09-13 09:00,84,강릉,0,21.5,90.0,,,,82.0,0.0,3.0
ECMWF,2026-09-09 12:00,2026-09-13 12:00,87,강릉,0,24.5,78.0,,,,411.0,0.0,3.0
ECMWF,2026-09-09 12:00,2026-09-13 15:00,90,강릉,0,25.0,29.0,,,,579.0,0.0,3.0
ECMWF,2026-09-09 12:00,2026-09-13 18:00,93,강릉,0,23.3,93.0,,,,314.0,0.0,3.0
ECMWF,2026-09-09 12:00,2026-09-13 21:00,96,강릉,0,19.5,89.0,,,,4.0,0.0,3.0
ECMWF,2026-09-09 12:00,2026-09-14 00:00,99,강릉,0,17.0,74.0,,,,0.0,0.0,3.0
ECMWF,2026-09-09 12:00,2026-09-14 03:00,102,강릉,0,16.1,45.0,,,,0.0,0.0,3.0
ECMWF,2026-09-09 12:00,2026-09-14 06:00,105,강릉,0,15.5,64.0,,,,0.0,0.0,3.0
ECMWF,2026-09-09 12:00,2026-09-14 09:00,108,강릉,0,22.6,72.0,,,,178.0,0.0,3.0
ECMWF,2026-09-09 12:00,2026-09-14 12:00,111,강릉,0,23.9,99.0,,,,432.0,0.0,3.0
ECMWF,2026-09-09 12:00,2026-09-14 15:00,114,강릉,0,22.4,91.0,,,,353.0,0.0,3.0
ECMWF,2026-09-09 12:00,2026-09-14 18:00,117,강릉,0,21.1,84.0,,,,223.0,0.2,3.0
ECMWF,2026-09-09 12:00,2026-09-14 21:00,120,강릉,0,19.2,93.0,,,,3.0,1.1,3.0
ECMWF,2026-09-09 12:00,2026-09-15 00:00,123,강릉,0,18.4,73.0,,,,0.0,1.1,3.0
ECMWF,2026-09-09 12:00,2026-09-15 03:00,126,강릉,0,17.6,52.0,,,,0.0,0.2,3.0
ECMWF,2026-09-09 12:00,2026-09-15 06:00,129,강릉,0,17.6,70.0,,,,0.0,0.1,3.0
ECMWF,2026-09-09 12:00,2026-09-15 09:00,132,강릉,0,20.1,74.0,,,,148.0,0.0,3.0
ECMWF,2026-09-09 12:00,2026-09-15 12:00,135,강릉,0,21.9,44.0,,,,478.0,0.2,3.0
ECMWF,2026-09-09 12:00,2026-09-15 15:00,138,강릉,0,23.1,23.0,,,,595.0,0.1,3.0
ECMWF,2026-09-09 12:00,2026-09-15 18:00,141,강릉,0,22.2,11.0,,,,285.0,0.0,3.0
ECMWF,2026-09-09 12:00,2026-09-15 21:00,144,강릉,0,18.3,5.0,,,,3.0,0.0,3.0
ECMWF,2026-09-09 12:00,2026-09-16 03:00,150,강릉,0,15.2,6.0,,,,0.0,0.0,6.0
ECMWF,2026-09-09 12:00,2026-09-16 09:00,156,강릉,0,21.4,3.0,,,,106.0,0.0,6.0
ECMWF,2026-09-09 12:00,2026-09-16 15:00,162,강릉,0,23.5,12.0,,,,710.0,0.0,6.0
ECMWF,2026-09-09 12:00,2026-09-16 21:00,168,강릉,0,19.7,34.0,,,,155.0,0.0,6.0
ECMWF,2026-09-09 12:00,2026-09-17 03:00,174,강릉,0,15.5,100.0,,,,0.0,0.0,6.0
ECMWF,2026-09-09 12:00,2026-09-17 09:00,180,강릉,0,22.5,53.0,,,,94.0,0.0,6.0
ECMWF,2026-09-09 12:00,2026-09-17 15:00,186,강릉,0,24.0,56.0,,,,713.0,0.0,6.0
ECMWF,2026-09-09 12:00,2026-09-17 21:00,192,강릉,0,20.3,97.0,,,,139.0,0.0,6.0
ECMWF,2026-09-09 12:00,2026-09-18 03:00,198,강릉,0,18.1,99.0,,,,0.0,0.0,6.0
ECMWF,2026-09-09 12:00,2026-09-18 09:00,204,강릉,0,20.9,100.0,,,,35.0,0.0,6.0
ECMWF,2026-09-09 12:00,2026-09-18 15:00,210,강릉,0,20.5,100.0,,,,132.0,6.3,6.0
ECMWF,2026-09-09 12:00,2026-09-18 21:00,216,강릉,0,19.6,100.0,,,,29.0,6.0,6.0
ECMWF,2026-09-09 12:00,2026-09-19 03:00,222,강릉,0,19.6,85.0,,,,0.0,1.6,6.0
ECMWF,2026-09-09 12:00,2026-09-19 09:00,228,강릉,0,20.3,84.0,,,,66.0,1.2,6.0
ECMWF,2026-09-09 12:00,2026-09-19 15:00,234,강릉,0,20.9,88.0,,,,501.0,0.8,6.0
ECMWF,2026-09-09 12:00,2026-09-19 21:00,240,강릉,0,20.2,96.0,,,,60.0,1.9,6.0
ECMWF,2026-09-09 12:00,2026-09-09 21:00,0,제주,0,22.2,25.0,,,,,,
ECMWF,2026-09-09 12:00,2026-09-10 00:00,3,제주,0,21.1,38.0,,,,0.0,0.0,3.0
ECMWF,2026-09-09 12:00,2026-09-10 03:00,6,제주,0,21.5,49.0,,,,0.0,0.0,3.0
ECMWF,2026-09-09 12:00,2026-09-10 06:00,9,제주,0,21.9,31.0,,,,0.0,0.0,3.0
ECMWF,2026-09-09 12:00,2026-09-10 09:00,12,제주,0,22.6,36.0,,,,174.0,0.0,3.0
ECMWF,2026-09-09 12:00,2026-09-10 12:00,15,제주,0,23.2,14.0,,,,589.0,0.1,3.0
ECMWF,2026-09-09 12:00,2026-09-10 15:00,18,제주,0,23.5,19.0,,,,705.0,0.0,3.0
ECMWF,2026-09-09 12:00,2026-09-10 18:00,21,제주,0,22.7,4.0,,,,336.0,0.0,3.0
ECMWF,2026-09-09 12:00,2026-09-10 21:00,24,제주,0,21.9,4.0,,,,10.0,0.0,3.0
ECMWF,2026-09-09 12:00,2026-09-11 00:00,27,제주,0,22.2,34.0,,,,0.0,0.0,3.0
ECMWF,2026-09-09 12:00,2026-09-11 03:00,30,제주,0,21.8,13.0,,,,0.0,0.0,3.0
ECMWF,2026-09-09 12:00,2026-09-11 06:00,33,제주,0,21.1,14.0,,,,0.0,0.0,3.0
ECMWF,2026-09-09 12:00,2026-09-11 09:00,36,제주,0,22.6,9.0,,,,199.0,0.0,3.0
ECMWF,2026-09-09 12:00,2026-09-11 12:00,39,제주,0,23.3,29.0,,,,713.0,0.0,3.0
ECMWF,2026-09-09 12:00,2026-09-11 15:00,42,제주,0,23.3,6.0,,,,810.0,0.0,3.0
ECMWF,2026-09-09 12:00,2026-09-11 18:00,45,제주,0,22.7,3.0,,,,397.0,0.0,3.0
ECMWF,2026-09-09 12:00,2026-09-11 21:00,48,제주,0,21.2,2.0,,,,10.0,0.0,3.0
ECMWF,2026-09-09 12:00,2026-09-12 00:00,51,제주,0,21.3,16.0,,,,0.0,0.0,3.0
ECMWF,2026-09-09 12:00,2026-09-12 03:00,54,제주,0,22.1,29.0,,,,0.0,0.0,3.0
ECMWF,2026-09-09 12:00,2026-09-12 06:00,57,제주,0,21.7,25.0,,,,0.0,0.0,3.0
ECMWF,2026-09-09 12:00,2026-09-12 09:00,60,제주,0,23.1,5.0,,,,189.0,0.0,3.0
ECMWF,2026-09-09 12:00,2026-09-12 12:00,63,제주,0,24.1,10.0,,,,718.0,0.0,3.0
ECMWF,2026-09-09 12:00,2026-09-12 15:00,66,제주,0,24.1,14.0,,,,698.0,0.0,3.0
ECMWF,2026-09-09 12:00,2026-09-12 18:00,69,제주,0,23.4,4.0,,,,334.0,0.0,3.0
ECMWF,2026-09-09 12:00,2026-09-12 21:00,72,제주,0,21.5,19.0,,,,9.0,0.0,3.0
ECMWF,2026-09-09 12:00,2026-09-13 00:00,75,제주,0,20.1,40.0,,,,0.0,0.0,3.0
ECMWF,2026-09-09 12:00,2026-09-13 03:00,78,제주,0,20.7,39.0,,,,0.0,0.0,3.0
ECMWF,2026-09-09 12:00,2026-09-13 06:00,81,제주,0,21.6,61.0,,,,0.0,0.0,3.0
ECMWF,2026-09-09 12:00,2026-09-13 09:00,84,제주,0,23.9,66.0,,,,170.0,0.0,3.0
ECMWF,2026-09-09 12:00,2026-09-13 12:00,87,제주,0,24.3,30.0,,,,602.0,0.1,3.0
ECMWF,2026-09-09 12:00,2026-09-13 15:00,90,제주,0,24.2,31.0,,,,636.0,1.2,3.0
ECMWF,2026-09-09 12:00,2026-09-13 18:00,93,제주,0,24.2,24.0,,,,297.0,0.5,3.0
ECMWF,2026-09-09 12:00,2026-09-13 21:00,96,제주,0,22.9,13.0,,,,6.0,0.0,3.0
ECMWF,2026-09-09 12:00,2026-09-14 00:00,99,제주,0,21.7,22.0,,,,0.0,0.0,3.0
ECMWF,2026-09-09 12:00,2026-09-14 03:00,102,제주,0,21.9,12.0,,,,0.0,0.0,3.0
ECMWF,2026-09-09 12:00,2026-09-14 06:00,105,제주,0,21.5,10.0,,,,0.0,0.0,3.0
ECMWF,2026-09-09 12:00,2026-09-14 09:00,108,제주,0,23.4,20.0,,,,195.0,0.0,3.0
ECMWF,2026-09-09 12:00,2026-09-14 12:00,111,제주,0,24.3,63.0,,,,700.0,0.0,3.0
ECMWF,2026-09-09 12:00,2026-09-14 15:00,114,제주,0,24.2,72.0,,,,672.0,0.0,3.0
ECMWF,2026-09-09 12:00,2026-09-14 18:00,117,제주,0,23.6,66.0,,,,306.0,0.0,3.0
ECMWF,2026-09-09 12:00,2026-09-14 21:00,120,제주,0,22.3,70.0,,,,7.0,0.0,3.0
ECMWF,2026-09-09 12:00,2026-09-15 00:00,123,제주,0,22.2,33.0,,,,0.0,0.0,3.0
ECMWF,2026-09-09 12:00,2026-09-15 03:00,126,제주,0,22.2,69.0,,,,0.0,0.1,3.0
ECMWF,2026-09-09 12:00,2026-09-15 06:00,129,제주,0,21.7,57.0,,,,0.0,0.2,3.0
ECMWF,2026-09-09 12:00,2026-09-15 09:00,132,제주,0,22.7,46.0,,,,133.0,0.2,3.0
ECMWF,2026-09-09 12:00,2026-09-15 12:00,135,제주,0,23.9,78.0,,,,591.0,0.6,3.0
ECMWF,2026-09-09 12:00,2026-09-15 15:00,138,제주,0,23.9,17.0,,,,729.0,0.0,3.0
ECMWF,2026-09-09 12:00,2026-09-15 18:00,141,제주,0,22.9,8.0,,,,361.0,0.0,3.0
ECMWF,2026-09-09 12:00,2026-09-15 21:00,144,제주,0,20.9,93.0,,,,7.0,0.0,3.0
ECMWF,2026-09-09 12:00,2026-09-16 03:00,150,제주,0,19.6,34.0,,,,0.0,0.0,6.0
ECMWF,2026-09-09 12:00,2026-09-16 09:00,156,제주,0,23.4,20.0,,,,78.0,0.0,6.0
ECMWF,2026-09-09 12:00,2026-09-16 15:00,162,제주,0,24.5,19.0,,,,671.0,0.0,6.0
ECMWF,2026-09-09 12:00,2026-09-16 21:00,168,제주,0,22.2,12.0,,,,176.0,0.0,6.0
ECMWF,2026-09-09 12:00,2026-09-17 03:00,174,제주,0,22.8,54.0,,,,0.0,0.0,6.0
ECMWF,2026-09-09 12:00,2026-09-17 09:00,180,제주,0,22.9,86.0,,,,54.0,0.1,6.0
ECMWF,2026-09-09 12:00,2026-09-17 15:00,186,제주,0,23.9,87.0,,,,451.0,3.0,6.0
ECMWF,2026-09-09 12:00,2026-09-17 21:00,192,제주,0,22.5,99.0,,,,98.0,14.9,6.0
ECMWF,2026-09-09 12:00,2026-09-18 03:00,198,제주,0,22.4,88.0,,,,0.0,13.1,6.0
ECMWF,2026-09-09 12:00,2026-09-18 09:00,204,제주,0,21.3,98.0,,,,38.0,13.3,6.0
ECMWF,2026-09-09 12:00,2026-09-18 15:00,210,제주,0,21.4,48.0,,,,395.0,6.1,6.0
ECMWF,2026-09-09 12:00,2026-09-18 21:00,216,제주,0,21.3,83.0,,,,128.0,0.3,6.0
ECMWF,2026-09-09 12:00,2026-09-19 03:00,222,제주,0,21.1,68.0,,,,0.0,0.6,6.0
ECMWF,2026-09-09 12:00,2026-09-19 09:00,228,제주,0,21.2,93.0,,,,29.0,1.1,6.0
ECMWF,2026-09-09 12:00,2026-09-19 15:00,234,제주,0,22.5,45.0,,,,314.0,1.8,6.0
ECMWF,2026-09-09 12:00,2026-09-19 21:00,240,제주,0,21.4,23.0,,,,142.0,0.4,6.0
ECMWF,2026-09-09 12:00,2026-09-09 21:00,0,나주,0,23.7,36.0,,,,,,
ECMWF,2026-09-09 12:00,2026-09-10 00:00,3,나주,0,21.2,4.0,,,,0.0,0.0,3.0
ECMWF,2026-09-09 12:00,2026-09-10 03:00,6,나주,0,19.3,2.0,,,,0.0,0.0,3.0
ECMWF,2026-09-09 12:00,2026-09-10 06:00,9,나주,0,18.2,4.0,,,,0.0,0.0,3.0
ECMWF,2026-09-09 12:00,2026-09-10 09:00,12,나주,0,23.0,9.0,,,,203.0,0.0,3.0
ECMWF,2026-09-09 12:00,2026-09-10 12:00,15,나주,0,27.8,15.0,,,,712.0,0.0,3.0
ECMWF,2026-09-09 12:00,2026-09-10 15:00,18,나주,0,29.3,37.0,,,,796.0,0.0,3.0
ECMWF,2026-09-09 12:00,2026-09-10 18:00,21,나주,0,26.9,36.0,,,,377.0,0.0,3.0
ECMWF,2026-09-09 12:00,2026-09-10 21:00,24,나주,0,23.5,55.0,,,,10.0,0.0,3.0
ECMWF,2026-09-09 12:00,2026-09-11 00:00,27,나주,0,22.9,89.0,,,,0.0,0.0,3.0
ECMWF,2026-09-09 12:00,2026-09-11 03:00,30,나주,0,21.9,78.0,,,,0.0,0.0,3.0
ECMWF,2026-09-09 12:00,2026-09-11 06:00,33,나주,0,19.9,9.0,,,,0.0,0.0,3.0
ECMWF,2026-09-09 12:00,2026-09-11 09:00,36,나주,0,24.2,5.0,,,,201.0,0.0,3.0
ECMWF,2026-09-09 12:00,2026-09-11 12:00,39,나주,0,28.5,9.0,,,,717.0,0.0,3.0
ECMWF,2026-09-09 12:00,2026-09-11 15:00,42,나주,0,30.0,53.0,,,,820.0,0.0,3.0
ECMWF,2026-09-09 12:00,2026-09-11 18:00,45,나주,0,26.1,76.0,,,,383.0,0.0,3.0
ECMWF,2026-09-09 12:00,2026-09-11 21:00,48,나주,0,22.6,38.0,,,,8.0,0.0,3.0
ECMWF,2026-09-09 12:00,2026-09-12 00:00,51,나주,0,20.8,38.0,,,,0.0,0.0,3.0
ECMWF,2026-09-09 12:00,2026-09-12 03:00,54,나주,0,19.8,62.0,,,,0.0,0.0,3.0
ECMWF,2026-09-09 12:00,2026-09-12 06:00,57,나주,0,18.9,77.0,,,,0.0,0.0,3.0
ECMWF,2026-09-09 12:00,2026-09-12 09:00,60,나주,0,24.6,63.0,,,,182.0,0.0,3.0
ECMWF,2026-09-09 12:00,2026-09-12 12:00,63,나주,0,29.0,15.0,,,,615.0,0.0,3.0
ECMWF,2026-09-09 12:00,2026-09-12 15:00,66,나주,0,31.3,28.0,,,,795.0,0.0,3.0
ECMWF,2026-09-09 12:00,2026-09-12 18:00,69,나주,0,27.1,8.0,,,,361.0,0.0,3.0
ECMWF,2026-09-09 12:00,2026-09-12 21:00,72,나주,0,23.5,19.0,,,,9.0,0.0,3.0
ECMWF,2026-09-09 12:00,2026-09-13 00:00,75,나주,0,22.3,61.0,,,,0.0,0.0,3.0
ECMWF,2026-09-09 12:00,2026-09-13 03:00,78,나주,0,21.8,53.0,,,,0.0,0.0,3.0
ECMWF,2026-09-09 12:00,2026-09-13 06:00,81,나주,0,21.2,42.0,,,,0.0,0.0,3.0
ECMWF,2026-09-09 12:00,2026-09-13 09:00,84,나주,0,26.1,59.0,,,,179.0,0.0,3.0
ECMWF,2026-09-09 12:00,2026-09-13 12:00,87,나주,0,30.4,48.0,,,,656.0,0.0,3.0
ECMWF,2026-09-09 12:00,2026-09-13 15:00,90,나주,0,31.6,57.0,,,,767.0,0.0,3.0
ECMWF,2026-09-09 12:00,2026-09-13 18:00,93,나주,0,27.7,41.0,,,,369.0,0.0,3.0
ECMWF,2026-09-09 12:00,2026-09-13 21:00,96,나주,0,23.7,90.0,,,,8.0,0.0,3.0
ECMWF,2026-09-09 12:00,2026-09-14 00:00,99,나주,0,22.1,93.0,,,,0.0,0.0,3.0
ECMWF,2026-09-09 12:00,2026-09-14 03:00,102,나주,0,20.9,54.0,,,,0.0,0.0,3.0
ECMWF,2026-09-09 12:00,2026-09-14 06:00,105,나주,0,19.5,71.0,,,,0.0,0.0,3.0
ECMWF,2026-09-09 12:00,2026-09-14 09:00,108,나주,0,24.1,37.0,,,,154.0,0.0,3.0
ECMWF,2026-09-09 12:00,2026-09-14 12:00,111,나주,0,29.9,8.0,,,,700.0,0.0,3.0
ECMWF,2026-09-09 12:00,2026-09-14 15:00,114,나주,0,30.9,36.0,,,,801.0,0.0,3.0
ECMWF,2026-09-09 12:00,2026-09-14 18:00,117,나주,0,27.3,46.0,,,,372.0,0.0,3.0
ECMWF,2026-09-09 12:00,2026-09-14 21:00,120,나주,0,23.4,85.0,,,,7.0,0.0,3.0
ECMWF,2026-09-09 12:00,2026-09-15 00:00,123,나주,0,21.8,50.0,,,,0.0,0.0,3.0
ECMWF,2026-09-09 12:00,2026-09-15 03:00,126,나주,0,19.7,46.0,,,,0.0,0.0,3.0
ECMWF,2026-09-09 12:00,2026-09-15 06:00,129,나주,0,19.0,33.0,,,,0.0,0.0,3.0
ECMWF,2026-09-09 12:00,2026-09-15 09:00,132,나주,0,23.5,13.0,,,,197.0,0.0,3.0
ECMWF,2026-09-09 12:00,2026-09-15 12:00,135,나주,0,28.8,25.0,,,,707.0,0.0,3.0
ECMWF,2026-09-09 12:00,2026-09-15 15:00,138,나주,0,30.3,30.0,,,,796.0,0.0,3.0
ECMWF,2026-09-09 12:00,2026-09-15 18:00,141,나주,0,25.8,59.0,,,,371.0,0.0,3.0
ECMWF,2026-09-09 12:00,2026-09-15 21:00,144,나주,0,21.8,82.0,,,,7.0,0.0,3.0
ECMWF,2026-09-09 12:00,2026-09-16 03:00,150,나주,0,19.9,13.0,,,,0.0,0.0,6.0
ECMWF,2026-09-09 12:00,2026-09-16 09:00,156,나주,0,25.0,0.0,,,,98.0,0.0,6.0
ECMWF,2026-09-09 12:00,2026-09-16 15:00,162,나주,0,30.9,41.0,,,,659.0,0.0,6.0
ECMWF,2026-09-09 12:00,2026-09-16 21:00,168,나주,0,25.0,16.0,,,,145.0,0.0,6.0
ECMWF,2026-09-09 12:00,2026-09-17 03:00,174,나주,0,20.8,13.0,,,,0.0,0.0,6.0
ECMWF,2026-09-09 12:00,2026-09-17 09:00,180,나주,0,25.2,66.0,,,,96.0,0.0,6.0
ECMWF,2026-09-09 12:00,2026-09-17 15:00,186,나주,0,31.6,87.0,,,,664.0,0.0,6.0
ECMWF,2026-09-09 12:00,2026-09-17 21:00,192,나주,0,26.3,100.0,,,,138.0,0.0,6.0
ECMWF,2026-09-09 12:00,2026-09-18 03:00,198,나주,0,20.0,99.0,,,,0.0,2.4,6.0
ECMWF,2026-09-09 12:00,2026-09-18 09:00,204,나주,0,20.8,100.0,,,,26.0,0.4,6.0
ECMWF,2026-09-09 12:00,2026-09-18 15:00,210,나주,0,23.6,68.0,,,,232.0,6.1,6.0
ECMWF,2026-09-09 12:00,2026-09-18 21:00,216,나주,0,20.7,99.0,,,,99.0,0.1,6.0
ECMWF,2026-09-09 12:00,2026-09-19 03:00,222,나주,0,19.5,66.0,,,,0.0,0.0,6.0
ECMWF,2026-09-09 12:00,2026-09-19 09:00,228,나주,0,22.2,71.0,,,,64.0,0.0,6.0
ECMWF,2026-09-09 12:00,2026-09-19 15:00,234,나주,0,28.6,42.0,,,,521.0,0.0,6.0
ECMWF,2026-09-09 12:00,2026-09-19 21:00,240,나주,0,22.8,74.0,,,,144.0,0.1,6.0
GFS,2026-09-09 12:00,2026-09-09 21:00,0,서울,1,18.7,75.0,0.0,5.0,75.0,,,
GFS,2026-09-09 12:00,2026-09-10 00:00,3,서울,1,17.6,78.0,0.0,29.0,78.0,0.0,0.0,3.0
GFS,2026-09-09 12:00,2026-09-10 03:00,6,서울,1,16.5,94.0,0.0,94.0,30.0,0.0,0.0,3.0
GFS,2026-09-09 12:00,2026-09-10 06:00,9,서울,1,15.6,95.0,0.0,95.0,2.0,0.0,0.0,3.0
GFS,2026-09-09 12:00,2026-09-10 09:00,12,서울,1,18.6,98.0,0.0,98.0,4.0,172.0,0.0,3.0
GFS,2026-09-09 12:00,2026-09-10 12:00,15,서울,1,22.4,100.0,0.0,100.0,69.0,538.0,0.0,3.0
GFS,2026-09-09 12:00,2026-09-10 15:00,18,서울,1,24.2,100.0,0.0,100.0,99.0,573.0,0.0,3.0
GFS,2026-09-09 12:00,2026-09-10 18:00,21,서울,1,23.4,100.0,0.0,97.0,100.0,238.0,0.0,3.0
GFS,2026-09-09 12:00,2026-09-10 21:00,24,서울,1,20.4,11.0,0.0,5.0,11.0,8.0,0.0,3.0
GFS,2026-09-09 12:00,2026-09-11 00:00,27,서울,1,18.7,4.0,0.0,0.0,4.0,0.0,0.0,3.0
GFS,2026-09-09 12:00,2026-09-11 03:00,30,서울,1,17.4,40.0,0.0,0.0,40.0,0.0,0.0,3.0
GFS,2026-09-09 12:00,2026-09-11 06:00,33,서울,1,16.4,52.0,0.0,0.0,52.0,0.0,0.0,3.0
GFS,2026-09-09 12:00,2026-09-11 09:00,36,서울,1,19.4,88.0,0.0,0.0,88.0,169.0,0.0,3.0
GFS,2026-09-09 12:00,2026-09-11 12:00,39,서울,1,24.9,81.0,0.0,0.0,81.0,622.0,0.0,3.0
GFS,2026-09-09 12:00,2026-09-11 15:00,42,서울,1,26.9,83.0,0.0,0.0,83.0,770.0,0.0,3.0
GFS,2026-09-09 12:00,2026-09-11 18:00,45,서울,1,25.1,86.0,0.0,3.0,86.0,330.0,0.0,3.0
GFS,2026-09-09 12:00,2026-09-11 21:00,48,서울,1,22.2,99.0,0.0,5.0,99.0,7.0,0.0,3.0
GFS,2026-09-09 12:00,2026-09-12 00:00,51,서울,1,20.6,98.0,0.0,64.0,95.0,0.0,0.0,3.0
GFS,2026-09-09 12:00,2026-09-12 03:00,54,서울,1,19.3,100.0,0.0,99.0,100.0,0.0,0.0,3.0
GFS,2026-09-09 12:00,2026-09-12 06:00,57,서울,1,18.8,99.0,0.0,99.0,49.0,0.0,0.0,3.0
GFS,2026-09-09 12:00,2026-09-12 09:00,60,서울,1,21.5,98.0,0.0,98.0,65.0,156.0,0.0,3.0
GFS,2026-09-09 12:00,2026-09-12 12:00,63,서울,1,26.6,95.0,0.0,90.0,88.0,571.0,0.0,3.0
GFS,2026-09-09 12:00,2026-09-12 15:00,66,서울,1,28.8,60.0,0.0,60.0,0.0,690.0,0.0,3.0
GFS,2026-09-09 12:00,2026-09-12 18:00,69,서울,1,26.5,75.0,0.0,17.0,63.0,368.0,0.0,3.0
GFS,2026-09-09 12:00,2026-09-12 21:00,72,서울,1,23.6,92.0,0.0,31.0,92.0,7.0,0.0,3.0
GFS,2026-09-09 12:00,2026-09-13 00:00,75,서울,1,22.2,96.0,0.0,77.0,69.0,0.0,0.0,3.0
GFS,2026-09-09 12:00,2026-09-13 03:00,78,서울,1,21.7,100.0,20.0,100.0,60.0,0.0,0.0,3.0
GFS,2026-09-09 12:00,2026-09-13 06:00,81,서울,1,21.2,100.0,46.0,98.0,100.0,0.0,0.0,3.0
GFS,2026-09-09 12:00,2026-09-13 09:00,84,서울,1,21.3,98.0,91.0,84.0,95.0,16.0,0.0,3.0
GFS,2026-09-09 12:00,2026-09-13 12:00,87,서울,1,22.6,100.0,89.0,59.0,99.0,138.0,0.0,3.0
GFS,2026-09-09 12:00,2026-09-13 15:00,90,서울,1,23.9,100.0,23.0,87.0,100.0,219.0,0.0,3.0
GFS,2026-09-09 12:00,2026-09-13 18:00,93,서울,1,23.6,99.0,12.0,94.0,99.0,229.0,0.0,3.0
GFS,2026-09-09 12:00,2026-09-13 21:00,96,서울,1,22.1,100.0,0.0,53.0,100.0,2.0,0.0,3.0
GFS,2026-09-09 12:00,2026-09-14 00:00,99,서울,1,20.9,99.0,1.0,82.0,99.0,0.0,0.0,3.0
GFS,2026-09-09 12:00,2026-09-14 03:00,102,서울,1,20.3,100.0,2.0,100.0,100.0,0.0,0.0,3.0
GFS,2026-09-09 12:00,2026-09-14 06:00,105,서울,1,19.9,100.0,29.0,96.0,100.0,0.0,0.0,3.0
GFS,2026-09-09 12:00,2026-09-14 09:00,108,서울,1,22.0,100.0,2.0,100.0,100.0,107.0,0.0,3.0
GFS,2026-09-09 12:00,2026-09-14 12:00,111,서울,1,25.8,100.0,0.0,99.0,100.0,509.0,0.0,3.0
GFS,2026-09-09 12:00,2026-09-14 15:00,114,서울,1,25.9,100.0,0.0,81.0,100.0,507.0,0.0,3.0
GFS,2026-09-09 12:00,2026-09-14 18:00,117,서울,1,23.7,100.0,0.0,27.0,100.0,257.0,0.0,3.0
GFS,2026-09-09 12:00,2026-09-14 21:00,120,서울,1,21.1,100.0,0.0,0.0,100.0,5.0,0.0,3.0
GFS,2026-09-09 12:00,2026-09-15 09:00,132,서울,1,20.0,0.0,0.0,0.0,0.0,103.0,0.0,6.0
GFS,2026-09-09 12:00,2026-09-15 21:00,144,서울,1,22.0,0.0,0.0,0.0,0.0,187.0,0.0,6.0
GFS,2026-09-09 12:00,2026-09-16 09:00,156,서울,1,21.2,100.0,0.0,0.0,100.0,77.0,0.0,6.0
GFS,2026-09-09 12:00,2026-09-16 21:00,168,서울,1,23.3,2.0,0.0,0.0,2.0,170.0,0.0,6.0
GFS,2026-09-09 12:00,2026-09-17 09:00,180,서울,1,22.5,0.0,0.0,0.0,0.0,92.0,0.0,6.0
GFS,2026-09-09 12:00,2026-09-17 21:00,192,서울,1,24.2,59.0,0.0,0.0,59.0,176.0,0.0,6.0
GFS,2026-09-09 12:00,2026-09-18 09:00,204,서울,1,22.1,95.0,0.0,0.0,95.0,84.0,0.0,6.0
GFS,2026-09-09 12:00,2026-09-18 21:00,216,서울,1,24.0,100.0,0.0,69.0,100.0,152.0,0.0,6.0
GFS,2026-09-09 12:00,2026-09-19 09:00,228,서울,1,22.0,47.0,0.0,44.0,8.0,88.0,0.0,6.0
GFS,2026-09-09 12:00,2026-09-19 21:00,240,서울,1,23.8,0.0,0.0,0.0,0.0,175.0,0.0,6.0
GFS,2026-09-09 12:00,2026-09-09 21:00,0,대전,1,17.6,6.0,2.0,5.0,3.0,,,
GFS,2026-09-09 12:00,2026-09-10 00:00,3,대전,1,16.4,27.0,0.0,5.0,26.0,0.0,0.0,3.0
GFS,2026-09-09 12:00,2026-09-10 03:00,6,대전,1,16.2,5.0,0.0,5.0,4.0,0.0,0.0,3.0
GFS,2026-09-09 12:00,2026-09-10 06:00,9,대전,1,15.6,34.0,0.0,32.0,7.0,0.0,0.0,3.0
GFS,2026-09-09 12:00,2026-09-10 09:00,12,대전,1,19.2,89.0,0.0,89.0,4.0,191.0,0.0,3.0
GFS,2026-09-09 12:00,2026-09-10 12:00,15,대전,1,22.9,98.0,0.0,98.0,5.0,649.0,0.0,3.0
GFS,2026-09-09 12:00,2026-09-10 15:00,18,대전,1,23.0,84.0,5.0,83.0,44.0,521.0,0.0,3.0
GFS,2026-09-09 12:00,2026-09-10 18:00,21,대전,1,20.5,99.0,2.0,99.0,5.0,198.0,0.0,3.0
GFS,2026-09-09 12:00,2026-09-10 21:00,24,대전,1,19.4,100.0,14.0,100.0,51.0,2.0,0.0,3.0
GFS,2026-09-09 12:00,2026-09-11 00:00,27,대전,1,18.1,88.0,12.0,88.0,48.0,0.0,0.0,3.0
GFS,2026-09-09 12:00,2026-09-11 03:00,30,대전,1,16.4,87.0,3.0,74.0,70.0,0.0,0.0,3.0
GFS,2026-09-09 12:00,2026-09-11 06:00,33,대전,1,15.1,68.0,0.0,20.0,68.0,0.0,0.0,3.0
GFS,2026-09-09 12:00,2026-09-11 09:00,36,대전,1,20.4,75.0,0.0,9.0,75.0,188.0,0.0,3.0
GFS,2026-09-09 12:00,2026-09-11 12:00,39,대전,1,24.9,57.0,0.0,13.0,52.0,704.0,0.0,3.0
GFS,2026-09-09 12:00,2026-09-11 15:00,42,대전,1,25.2,68.0,0.0,9.0,68.0,789.0,0.0,3.0
GFS,2026-09-09 12:00,2026-09-11 18:00,45,대전,1,20.7,94.0,0.0,60.0,94.0,369.0,0.0,3.0
GFS,2026-09-09 12:00,2026-09-11 21:00,48,대전,1,16.8,97.0,0.0,97.0,75.0,7.0,0.0,3.0
GFS,2026-09-09 12:00,2026-09-12 00:00,51,대전,1,15.9,94.0,0.0,88.0,74.0,0.0,0.0,3.0
GFS,2026-09-09 12:00,2026-09-12 03:00,54,대전,1,15.8,100.0,0.0,97.0,67.0,0.0,0.0,3.0
GFS,2026-09-09 12:00,2026-09-12 06:00,57,대전,1,15.1,100.0,0.0,100.0,100.0,0.0,0.0,3.0
GFS,2026-09-09 12:00,2026-09-12 09:00,60,대전,1,19.8,100.0,0.0,98.0,99.0,117.0,0.0,3.0
GFS,2026-09-09 12:00,2026-09-12 12:00,63,대전,1,24.3,100.0,0.0,100.0,97.0,464.0,0.0,3.0
GFS,2026-09-09 12:00,2026-09-12 15:00,66,대전,1,25.7,100.0,0.0,95.0,99.0,532.0,0.0,3.0
GFS,2026-09-09 12:00,2026-09-12 18:00,69,대전,1,21.9,87.0,0.0,77.0,37.0,262.0,0.0,3.0
GFS,2026-09-09 12:00,2026-09-12 21:00,72,대전,1,18.8,100.0,0.0,42.0,100.0,3.0,0.0,3.0
GFS,2026-09-09 12:00,2026-09-13 00:00,75,대전,1,18.5,76.0,1.0,63.0,45.0,0.0,0.0,3.0
GFS,2026-09-09 12:00,2026-09-13 03:00,78,대전,1,17.3,78.0,0.0,50.0,70.0,0.0,0.0,3.0
GFS,2026-09-09 12:00,2026-09-13 06:00,81,대전,1,16.6,99.0,0.0,1.0,99.0,0.0,0.0,3.0
GFS,2026-09-09 12:00,2026-09-13 09:00,84,대전,1,21.9,84.0,0.0,0.0,84.0,167.0,0.0,3.0
GFS,2026-09-09 12:00,2026-09-13 12:00,87,대전,1,25.3,16.0,0.0,0.0,16.0,658.0,0.0,3.0
GFS,2026-09-09 12:00,2026-09-13 15:00,90,대전,1,26.4,63.0,0.0,52.0,30.0,767.0,0.0,3.0
GFS,2026-09-09 12:00,2026-09-13 18:00,93,대전,1,21.9,68.0,1.0,56.0,43.0,202.0,0.0,3.0
GFS,2026-09-09 12:00,2026-09-13 21:00,96,대전,1,19.8,38.0,0.0,19.0,24.0,4.0,0.0,3.0
GFS,2026-09-09 12:00,2026-09-14 00:00,99,대전,1,19.0,97.0,13.0,35.0,94.0,0.0,0.0,3.0
GFS,2026-09-09 12:00,2026-09-14 03:00,102,대전,1,18.8,95.0,25.0,64.0,63.0,0.0,0.0,3.0
GFS,2026-09-09 12:00,2026-09-14 06:00,105,대전,1,16.6,97.0,1.0,47.0,83.0,0.0,0.0,3.0
GFS,2026-09-09 12:00,2026-09-14 09:00,108,대전,1,21.3,100.0,4.0,70.0,97.0,165.0,0.0,3.0
GFS,2026-09-09 12:00,2026-09-14 12:00,111,대전,1,25.3,99.0,1.0,71.0,99.0,618.0,0.0,3.0
GFS,2026-09-09 12:00,2026-09-14 15:00,114,대전,1,25.2,100.0,14.0,100.0,100.0,420.0,0.0,3.0
GFS,2026-09-09 12:00,2026-09-14 18:00,117,대전,1,20.7,100.0,4.0,100.0,100.0,141.0,0.0,3.0
GFS,2026-09-09 12:00,2026-09-14 21:00,120,대전,1,18.0,99.0,6.0,45.0,99.0,3.0,0.0,3.0
GFS,2026-09-09 12:00,2026-09-15 09:00,132,대전,1,19.1,74.0,0.0,0.0,74.0,91.0,0.0,6.0
GFS,2026-09-09 12:00,2026-09-15 21:00,144,대전,1,15.6,0.0,0.0,0.0,0.0,189.0,0.0,6.0
GFS,2026-09-09 12:00,2026-09-16 09:00,156,대전,1,20.3,82.0,0.0,41.0,80.0,77.0,0.0,6.0
GFS,2026-09-09 12:00,2026-09-16 21:00,168,대전,1,19.4,98.0,6.0,0.0,98.0,171.0,0.0,6.0
GFS,2026-09-09 12:00,2026-09-17 09:00,180,대전,1,21.1,88.0,0.0,25.0,85.0,86.0,0.0,6.0
GFS,2026-09-09 12:00,2026-09-17 21:00,192,대전,1,19.7,93.0,0.0,2.0,93.0,139.0,0.0,6.0
GFS,2026-09-09 12:00,2026-09-18 09:00,204,대전,1,20.4,80.0,0.0,3.0,80.0,92.0,0.0,6.0
GFS,2026-09-09 12:00,2026-09-18 21:00,216,대전,1,19.9,97.0,0.0,93.0,90.0,93.0,0.0,6.0
GFS,2026-09-09 12:00,2026-09-19 09:00,228,대전,1,21.4,43.0,0.0,30.0,26.0,82.0,0.0,6.0
GFS,2026-09-09 12:00,2026-09-19 21:00,240,대전,1,18.2,0.0,0.0,0.0,0.0,169.0,0.0,6.0
GFS,2026-09-09 12:00,2026-09-09 21:00,0,대구,1,14.2,9.0,5.0,4.0,2.0,,,
GFS,2026-09-09 12:00,2026-09-10 00:00,3,대구,1,13.4,8.0,5.0,3.0,1.0,0.0,0.0,3.0
GFS,2026-09-09 12:00,2026-09-10 03:00,6,대구,1,12.9,10.0,6.0,5.0,3.0,0.0,0.0,3.0
GFS,2026-09-09 12:00,2026-09-10 06:00,9,대구,1,12.6,19.0,16.0,5.0,1.0,0.0,0.0,3.0
GFS,2026-09-09 12:00,2026-09-10 09:00,12,대구,1,19.4,47.0,40.0,11.0,1.0,212.0,0.0,3.0
GFS,2026-09-09 12:00,2026-09-10 12:00,15,대구,1,21.7,69.0,39.0,39.0,12.0,515.0,0.0,3.0
GFS,2026-09-09 12:00,2026-09-10 15:00,18,대구,1,22.6,75.0,22.0,57.0,61.0,736.0,0.0,3.0
GFS,2026-09-09 12:00,2026-09-10 18:00,21,대구,1,18.6,89.0,1.0,78.0,37.0,300.0,0.0,3.0
GFS,2026-09-09 12:00,2026-09-10 21:00,24,대구,1,15.6,87.0,0.0,87.0,7.0,4.0,0.0,3.0
GFS,2026-09-09 12:00,2026-09-11 00:00,27,대구,1,16.4,97.0,8.0,97.0,23.0,0.0,0.0,3.0
GFS,2026-09-09 12:00,2026-09-11 03:00,30,대구,1,16.3,95.0,39.0,86.0,40.0,0.0,0.0,3.0
GFS,2026-09-09 12:00,2026-09-11 06:00,33,대구,1,15.9,53.0,8.0,50.0,12.0,0.0,0.0,3.0
GFS,2026-09-09 12:00,2026-09-11 09:00,36,대구,1,20.4,77.0,0.0,61.0,64.0,209.0,0.0,3.0
GFS,2026-09-09 12:00,2026-09-11 12:00,39,대구,1,25.5,77.0,0.0,62.0,59.0,685.0,0.0,3.0
GFS,2026-09-09 12:00,2026-09-11 15:00,42,대구,1,26.3,95.0,0.0,47.0,95.0,770.0,0.0,3.0
GFS,2026-09-09 12:00,2026-09-11 18:00,45,대구,1,20.5,100.0,0.0,76.0,100.0,301.0,0.0,3.0
GFS,2026-09-09 12:00,2026-09-11 21:00,48,대구,1,17.6,86.0,0.0,72.0,75.0,4.0,0.0,3.0
GFS,2026-09-09 12:00,2026-09-12 00:00,51,대구,1,15.9,100.0,0.0,74.0,87.0,0.0,0.0,3.0
GFS,2026-09-09 12:00,2026-09-12 03:00,54,대구,1,15.4,87.0,0.0,87.0,70.0,0.0,0.0,3.0
GFS,2026-09-09 12:00,2026-09-12 06:00,57,대구,1,15.3,96.0,0.0,92.0,83.0,0.0,0.0,3.0
GFS,2026-09-09 12:00,2026-09-12 09:00,60,대구,1,21.1,88.0,0.0,78.0,73.0,178.0,0.0,3.0
GFS,2026-09-09 12:00,2026-09-12 12:00,63,대구,1,25.3,99.0,3.0,97.0,92.0,637.0,0.0,3.0
GFS,2026-09-09 12:00,2026-09-12 15:00,66,대구,1,26.2,99.0,5.0,62.0,99.0,690.0,0.0,3.0
GFS,2026-09-09 12:00,2026-09-12 18:00,69,대구,1,21.3,99.0,0.0,94.0,91.0,240.0,0.0,3.0
GFS,2026-09-09 12:00,2026-09-12 21:00,72,대구,1,17.8,82.0,0.0,17.0,81.0,3.0,0.0,3.0
GFS,2026-09-09 12:00,2026-09-13 00:00,75,대구,1,17.4,100.0,1.0,23.0,100.0,0.0,0.0,3.0
GFS,2026-09-09 12:00,2026-09-13 03:00,78,대구,1,17.1,99.0,2.0,58.0,99.0,0.0,0.0,3.0
GFS,2026-09-09 12:00,2026-09-13 06:00,81,대구,1,16.6,99.0,2.0,0.0,99.0,0.0,0.0,3.0
GFS,2026-09-09 12:00,2026-09-13 09:00,84,대구,1,22.3,87.0,0.0,0.0,87.0,197.0,0.0,3.0
GFS,2026-09-09 12:00,2026-09-13 12:00,87,대구,1,27.1,25.0,0.0,0.0,25.0,687.0,0.0,3.0
GFS,2026-09-09 12:00,2026-09-13 15:00,90,대구,1,27.9,83.0,0.0,8.0,80.0,739.0,0.0,3.0
GFS,2026-09-09 12:00,2026-09-13 18:00,93,대구,1,23.7,50.0,0.0,50.0,1.0,320.0,0.0,3.0
GFS,2026-09-09 12:00,2026-09-13 21:00,96,대구,1,20.7,71.0,0.0,71.0,0.0,3.0,0.0,3.0
GFS,2026-09-09 12:00,2026-09-14 00:00,99,대구,1,19.5,93.0,1.0,78.0,48.0,0.0,0.0,3.0
GFS,2026-09-09 12:00,2026-09-14 03:00,102,대구,1,20.0,84.0,66.0,73.0,17.0,0.0,0.0,3.0
GFS,2026-09-09 12:00,2026-09-14 06:00,105,대구,1,18.9,100.0,80.0,92.0,96.0,0.0,0.1,3.0
GFS,2026-09-09 12:00,2026-09-14 09:00,108,대구,1,19.5,100.0,62.0,99.0,99.0,43.0,0.2,3.0
GFS,2026-09-09 12:00,2026-09-14 12:00,111,대구,1,20.2,100.0,20.0,98.0,100.0,96.0,0.0,3.0
GFS,2026-09-09 12:00,2026-09-14 15:00,114,대구,1,23.5,100.0,4.0,100.0,100.0,270.0,0.0,3.0
GFS,2026-09-09 12:00,2026-09-14 18:00,117,대구,1,20.9,100.0,9.0,100.0,100.0,121.0,0.0,3.0
GFS,2026-09-09 12:00,2026-09-14 21:00,120,대구,1,18.8,100.0,2.0,91.0,100.0,1.0,0.0,3.0
GFS,2026-09-09 12:00,2026-09-15 09:00,132,대구,1,21.5,95.0,15.0,18.0,95.0,94.0,0.0,6.0
GFS,2026-09-09 12:00,2026-09-15 21:00,144,대구,1,16.4,11.0,8.0,0.0,4.0,76.0,0.1,6.0
GFS,2026-09-09 12:00,2026-09-16 09:00,156,대구,1,20.4,100.0,12.0,68.0,100.0,82.0,0.0,6.0
GFS,2026-09-09 12:00,2026-09-16 21:00,168,대구,1,15.8,96.0,0.0,80.0,79.0,52.0,0.1,6.0
GFS,2026-09-09 12:00,2026-09-17 09:00,180,대구,1,20.6,100.0,0.0,99.0,86.0,68.0,0.0,6.0
GFS,2026-09-09 12:00,2026-09-17 21:00,192,대구,1,15.6,100.0,0.0,84.0,100.0,158.0,0.0,6.0
GFS,2026-09-09 12:00,2026-09-18 09:00,204,대구,1,19.5,100.0,3.0,37.0,100.0,72.0,0.0,6.0
GFS,2026-09-09 12:00,2026-09-18 21:00,216,대구,1,17.6,100.0,33.0,100.0,100.0,69.0,0.0,6.0
GFS,2026-09-09 12:00,2026-09-19 09:00,228,대구,1,16.3,96.0,96.0,40.0,23.0,6.0,0.4,6.0
GFS,2026-09-09 12:00,2026-09-19 21:00,240,대구,1,16.0,59.0,22.0,0.0,59.0,97.0,0.0,6.0
GFS,2026-09-09 12:00,2026-09-09 21:00,0,광주,1,19.9,52.0,43.0,1.0,24.0,,,
GFS,2026-09-09 12:00,2026-09-10 00:00,3,광주,1,16.5,18.0,4.0,0.0,14.0,0.0,0.0,3.0
GFS,2026-09-09 12:00,2026-09-10 03:00,6,광주,1,15.1,5.0,0.0,5.0,5.0,0.0,0.0,3.0
GFS,2026-09-09 12:00,2026-09-10 06:00,9,광주,1,14.2,3.0,0.0,3.0,1.0,0.0,0.0,3.0
GFS,2026-09-09 12:00,2026-09-10 09:00,12,광주,1,19.5,13.0,0.0,5.0,12.0,203.0,0.0,3.0
GFS,2026-09-09 12:00,2026-09-10 12:00,15,광주,1,25.1,29.0,0.0,29.0,2.0,710.0,0.0,3.0
GFS,2026-09-09 12:00,2026-09-10 15:00,18,광주,1,25.5,67.0,0.0,19.0,66.0,798.0,0.0,3.0
GFS,2026-09-09 12:00,2026-09-10 18:00,21,광주,1,21.4,79.0,11.0,48.0,70.0,357.0,0.0,3.0
GFS,2026-09-09 12:00,2026-09-10 21:00,24,광주,1,19.0,87.0,10.0,74.0,58.0,7.0,0.0,3.0
GFS,2026-09-09 12:00,2026-09-11 00:00,27,광주,1,18.6,96.0,23.0,96.0,51.0,0.0,0.0,3.0
GFS,2026-09-09 12:00,2026-09-11 03:00,30,광주,1,18.5,82.0,67.0,77.0,35.0,0.0,0.0,3.0
GFS,2026-09-09 12:00,2026-09-11 06:00,33,광주,1,18.0,79.0,7.0,79.0,9.0,0.0,0.0,3.0
GFS,2026-09-09 12:00,2026-09-11 09:00,36,광주,1,21.3,75.0,0.0,71.0,39.0,157.0,0.0,3.0
GFS,2026-09-09 12:00,2026-09-11 12:00,39,광주,1,25.9,40.0,0.0,40.0,25.0,681.0,0.0,3.0
GFS,2026-09-09 12:00,2026-09-11 15:00,42,광주,1,27.1,96.0,0.0,54.0,95.0,796.0,0.0,3.0
GFS,2026-09-09 12:00,2026-09-11 18:00,45,광주,1,21.7,100.0,0.0,98.0,95.0,321.0,0.0,3.0
GFS,2026-09-09 12:00,2026-09-11 21:00,48,광주,1,17.9,74.0,0.0,61.0,47.0,6.0,0.0,3.0
GFS,2026-09-09 12:00,2026-09-12 00:00,51,광주,1,16.5,83.0,0.0,68.0,73.0,0.0,0.0,3.0
GFS,2026-09-09 12:00,2026-09-12 03:00,54,광주,1,16.5,97.0,0.0,67.0,90.0,0.0,0.0,3.0
GFS,2026-09-09 12:00,2026-09-12 06:00,57,광주,1,15.8,98.0,0.0,87.0,87.0,0.0,0.0,3.0
GFS,2026-09-09 12:00,2026-09-12 09:00,60,광주,1,21.5,98.0,0.0,97.0,88.0,170.0,0.0,3.0
GFS,2026-09-09 12:00,2026-09-12 12:00,63,광주,1,27.3,53.0,0.0,11.0,53.0,658.0,0.0,3.0
GFS,2026-09-09 12:00,2026-09-12 15:00,66,광주,1,28.0,92.0,0.0,47.0,92.0,772.0,0.0,3.0
GFS,2026-09-09 12:00,2026-09-12 18:00,69,광주,1,23.5,99.0,0.0,63.0,68.0,245.0,0.0,3.0
GFS,2026-09-09 12:00,2026-09-12 21:00,72,광주,1,19.0,100.0,0.0,49.0,99.0,7.0,0.0,3.0
GFS,2026-09-09 12:00,2026-09-13 00:00,75,광주,1,18.2,100.0,1.0,48.0,98.0,0.0,0.0,3.0
GFS,2026-09-09 12:00,2026-09-13 03:00,78,광주,1,17.4,87.0,4.0,0.0,87.0,0.0,0.0,3.0
GFS,2026-09-09 12:00,2026-09-13 06:00,81,광주,1,17.1,71.0,0.0,0.0,71.0,0.0,0.0,3.0
GFS,2026-09-09 12:00,2026-09-13 09:00,84,광주,1,22.8,73.0,0.0,1.0,73.0,186.0,0.0,3.0
GFS,2026-09-09 12:00,2026-09-13 12:00,87,광주,1,27.4,56.0,1.0,5.0,56.0,685.0,0.0,3.0
GFS,2026-09-09 12:00,2026-09-13 15:00,90,광주,1,28.4,36.0,1.0,36.0,1.0,747.0,0.0,3.0
GFS,2026-09-09 12:00,2026-09-13 18:00,93,광주,1,23.0,44.0,1.0,44.0,1.0,324.0,0.0,3.0
GFS,2026-09-09 12:00,2026-09-13 21:00,96,광주,1,19.7,46.0,3.0,46.0,0.0,6.0,0.0,3.0
GFS,2026-09-09 12:00,2026-09-14 00:00,99,광주,1,19.8,98.0,57.0,98.0,26.0,0.0,0.0,3.0
GFS,2026-09-09 12:00,2026-09-14 03:00,102,광주,1,19.7,99.0,91.0,90.0,6.0,0.0,0.0,3.0
GFS,2026-09-09 12:00,2026-09-14 06:00,105,광주,1,19.0,100.0,64.0,78.0,94.0,0.0,0.1,3.0
GFS,2026-09-09 12:00,2026-09-14 09:00,108,광주,1,19.3,99.0,48.0,98.0,98.0,25.0,0.0,3.0
GFS,2026-09-09 12:00,2026-09-14 12:00,111,광주,1,25.9,100.0,0.0,100.0,100.0,468.0,0.0,3.0
GFS,2026-09-09 12:00,2026-09-14 15:00,114,광주,1,24.2,100.0,7.0,100.0,100.0,449.0,0.0,3.0
GFS,2026-09-09 12:00,2026-09-14 18:00,117,광주,1,21.4,100.0,4.0,100.0,100.0,131.0,0.0,3.0
GFS,2026-09-09 12:00,2026-09-14 21:00,120,광주,1,19.1,100.0,1.0,96.0,100.0,3.0,0.0,3.0
GFS,2026-09-09 12:00,2026-09-15 09:00,132,광주,1,18.9,66.0,0.0,23.0,66.0,65.0,0.0,6.0
GFS,2026-09-09 12:00,2026-09-15 21:00,144,광주,1,15.6,1.0,0.0,0.0,1.0,191.0,0.0,6.0
GFS,2026-09-09 12:00,2026-09-16 09:00,156,광주,1,20.5,97.0,0.0,77.0,93.0,75.0,0.0,6.0
GFS,2026-09-09 12:00,2026-09-16 21:00,168,광주,1,19.2,100.0,13.0,52.0,100.0,169.0,0.0,6.0
GFS,2026-09-09 12:00,2026-09-17 09:00,180,광주,1,21.3,100.0,0.0,87.0,99.0,57.0,0.0,6.0
GFS,2026-09-09 12:00,2026-09-17 21:00,192,광주,1,18.9,100.0,0.0,80.0,96.0,164.0,0.0,6.0
GFS,2026-09-09 12:00,2026-09-18 09:00,204,광주,1,21.1,81.0,0.0,56.0,81.0,80.0,0.0,6.0
GFS,2026-09-09 12:00,2026-09-18 21:00,216,광주,1,19.5,100.0,2.0,98.0,100.0,62.0,0.0,6.0
GFS,2026-09-09 12:00,2026-09-19 09:00,228,광주,1,21.5,7.0,0.0,7.0,0.0,91.0,0.0,6.0
GFS,2026-09-09 12:00,2026-09-19 21:00,240,광주,1,18.6,1.0,1.0,0.0,0.0,173.0,0.0,6.0
GFS,2026-09-09 12:00,2026-09-09 21:00,0,부산,1,22.7,21.0,21.0,0.0,0.0,,,
GFS,2026-09-09 12:00,2026-09-10 00:00,3,부산,1,22.7,43.0,43.0,0.0,4.0,0.0,0.0,3.0
GFS,2026-09-09 12:00,2026-09-10 03:00,6,부산,1,22.6,71.0,71.0,0.0,6.0,0.0,0.0,3.0
GFS,2026-09-09 12:00,2026-09-10 06:00,9,부산,1,22.4,73.0,73.0,0.0,0.0,0.0,0.0,3.0
GFS,2026-09-09 12:00,2026-09-10 09:00,12,부산,1,22.6,74.0,74.0,0.0,0.0,91.0,0.0,3.0
GFS,2026-09-09 12:00,2026-09-10 12:00,15,부산,1,23.0,78.0,78.0,4.0,2.0,451.0,0.0,3.0
GFS,2026-09-09 12:00,2026-09-10 15:00,18,부산,1,23.4,17.0,15.0,4.0,3.0,712.0,0.0,3.0
GFS,2026-09-09 12:00,2026-09-10 18:00,21,부산,1,23.2,35.0,32.0,5.0,3.0,357.0,0.0,3.0
GFS,2026-09-09 12:00,2026-09-10 21:00,24,부산,1,22.5,36.0,31.0,5.0,7.0,5.0,0.0,3.0
GFS,2026-09-09 12:00,2026-09-11 00:00,27,부산,1,21.5,57.0,17.0,44.0,2.0,0.0,0.0,3.0
GFS,2026-09-09 12:00,2026-09-11 03:00,30,부산,1,21.7,87.0,1.0,87.0,19.0,0.0,0.0,3.0
GFS,2026-09-09 12:00,2026-09-11 06:00,33,부산,1,21.7,95.0,2.0,92.0,31.0,0.0,0.0,3.0
GFS,2026-09-09 12:00,2026-09-11 09:00,36,부산,1,22.5,91.0,2.0,91.0,7.0,102.0,0.0,3.0
GFS,2026-09-09 12:00,2026-09-11 12:00,39,부산,1,24.3,100.0,2.0,99.0,63.0,557.0,0.0,3.0
GFS,2026-09-09 12:00,2026-09-11 15:00,42,부산,1,24.3,78.0,0.0,63.0,68.0,707.0,0.0,3.0
GFS,2026-09-09 12:00,2026-09-11 18:00,45,부산,1,24.2,98.0,0.0,97.0,59.0,304.0,0.0,3.0
GFS,2026-09-09 12:00,2026-09-11 21:00,48,부산,1,23.8,87.0,1.0,54.0,80.0,5.0,0.0,3.0
GFS,2026-09-09 12:00,2026-09-12 00:00,51,부산,1,22.9,94.0,1.0,36.0,93.0,0.0,0.0,3.0
GFS,2026-09-09 12:00,2026-09-12 03:00,54,부산,1,22.3,52.0,9.0,32.0,38.0,0.0,0.0,3.0
GFS,2026-09-09 12:00,2026-09-12 06:00,57,부산,1,22.1,40.0,28.0,2.0,14.0,0.0,0.0,3.0
GFS,2026-09-09 12:00,2026-09-12 09:00,60,부산,1,23.4,85.0,40.0,51.0,71.0,196.0,0.0,3.0
GFS,2026-09-09 12:00,2026-09-12 12:00,63,부산,1,24.8,96.0,13.0,71.0,93.0,624.0,0.0,3.0
GFS,2026-09-09 12:00,2026-09-12 15:00,66,부산,1,25.2,11.0,2.0,0.0,9.0,715.0,0.0,3.0
GFS,2026-09-09 12:00,2026-09-12 18:00,69,부산,1,24.7,67.0,0.0,0.0,67.0,348.0,0.0,3.0
GFS,2026-09-09 12:00,2026-09-12 21:00,72,부산,1,24.4,93.0,2.0,1.0,93.0,4.0,0.0,3.0
GFS,2026-09-09 12:00,2026-09-13 00:00,75,부산,1,23.6,94.0,7.0,0.0,94.0,0.0,0.0,3.0
GFS,2026-09-09 12:00,2026-09-13 03:00,78,부산,1,23.3,86.0,1.0,0.0,86.0,0.0,0.0,3.0
GFS,2026-09-09 12:00,2026-09-13 06:00,81,부산,1,22.9,69.0,0.0,0.0,69.0,0.0,0.0,3.0
GFS,2026-09-09 12:00,2026-09-13 09:00,84,부산,1,23.6,90.0,0.0,0.0,90.0,193.0,0.0,3.0
GFS,2026-09-09 12:00,2026-09-13 12:00,87,부산,1,24.7,60.0,0.0,1.0,60.0,668.0,0.0,3.0
GFS,2026-09-09 12:00,2026-09-13 15:00,90,부산,1,25.8,5.0,0.0,5.0,1.0,773.0,0.0,3.0
GFS,2026-09-09 12:00,2026-09-13 18:00,93,부산,1,25.8,4.0,0.0,4.0,0.0,345.0,0.0,3.0
GFS,2026-09-09 12:00,2026-09-13 21:00,96,부산,1,25.2,5.0,0.0,3.0,5.0,4.0,0.0,3.0
GFS,2026-09-09 12:00,2026-09-14 00:00,99,부산,1,25.0,89.0,0.0,13.0,89.0,0.0,0.0,3.0
GFS,2026-09-09 12:00,2026-09-14 03:00,102,부산,1,24.4,82.0,44.0,77.0,35.0,0.0,0.1,3.0
GFS,2026-09-09 12:00,2026-09-14 06:00,105,부산,1,24.1,100.0,25.0,94.0,100.0,0.0,0.1,3.0
GFS,2026-09-09 12:00,2026-09-14 09:00,108,부산,1,23.8,100.0,97.0,100.0,91.0,35.0,0.2,3.0
GFS,2026-09-09 12:00,2026-09-14 12:00,111,부산,1,21.7,100.0,75.0,100.0,94.0,85.0,0.9,3.0
GFS,2026-09-09 12:00,2026-09-14 15:00,114,부산,1,21.4,100.0,47.0,100.0,83.0,46.0,3.4,3.0
GFS,2026-09-09 12:00,2026-09-14 18:00,117,부산,1,22.2,100.0,26.0,100.0,80.0,28.0,0.8,3.0
GFS,2026-09-09 12:00,2026-09-14 21:00,120,부산,1,22.1,100.0,10.0,100.0,88.0,0.0,0.0,3.0
GFS,2026-09-09 12:00,2026-09-15 09:00,132,부산,1,22.5,67.0,3.0,49.0,67.0,22.0,0.0,6.0
GFS,2026-09-09 12:00,2026-09-15 21:00,144,부산,1,23.4,53.0,0.0,1.0,53.0,150.0,0.0,6.0
GFS,2026-09-09 12:00,2026-09-16 09:00,156,부산,1,23.2,100.0,5.0,75.0,100.0,74.0,0.0,6.0
GFS,2026-09-09 12:00,2026-09-16 21:00,168,부산,1,23.5,10.0,1.0,9.0,3.0,169.0,0.0,6.0
GFS,2026-09-09 12:00,2026-09-17 09:00,180,부산,1,23.4,100.0,9.0,90.0,100.0,81.0,0.0,6.0
GFS,2026-09-09 12:00,2026-09-17 21:00,192,부산,1,23.4,100.0,60.0,50.0,99.0,111.0,0.0,6.0
GFS,2026-09-09 12:00,2026-09-18 09:00,204,부산,1,22.6,100.0,25.0,94.0,100.0,23.0,0.0,6.0
GFS,2026-09-09 12:00,2026-09-18 21:00,216,부산,1,22.5,100.0,65.0,100.0,67.0,16.0,0.9,6.0
GFS,2026-09-09 12:00,2026-09-19 09:00,228,부산,1,19.6,91.0,84.0,85.0,9.0,24.0,7.6,6.0
GFS,2026-09-09 12:00,2026-09-19 21:00,240,부산,1,20.9,54.0,34.0,14.0,53.0,65.0,0.0,6.0
GFS,2026-09-09 12:00,2026-09-09 21:00,0,인천,0,20.1,83.0,0.0,5.0,83.0,,,
GFS,2026-09-09 12:00,2026-09-10 00:00,3,인천,0,18.9,98.0,0.0,38.0,98.0,0.0,0.0,3.0
GFS,2026-09-09 12:00,2026-09-10 03:00,6,인천,0,18.3,100.0,0.0,100.0,49.0,0.0,0.0,3.0
GFS,2026-09-09 12:00,2026-09-10 06:00,9,인천,0,17.5,99.0,0.0,99.0,1.0,0.0,0.0,3.0
GFS,2026-09-09 12:00,2026-09-10 09:00,12,인천,0,19.7,100.0,0.0,100.0,9.0,170.0,0.0,3.0
GFS,2026-09-09 12:00,2026-09-10 12:00,15,인천,0,23.5,100.0,0.0,100.0,75.0,614.0,0.0,3.0
GFS,2026-09-09 12:00,2026-09-10 15:00,18,인천,0,24.7,100.0,0.0,100.0,99.0,596.0,0.0,3.0
GFS,2026-09-09 12:00,2026-09-10 18:00,21,인천,0,23.4,94.0,0.0,58.0,94.0,253.0,0.0,3.0
GFS,2026-09-09 12:00,2026-09-10 21:00,24,인천,0,21.3,0.0,0.0,0.0,0.0,9.0,0.0,3.0
GFS,2026-09-09 12:00,2026-09-11 00:00,27,인천,0,20.0,3.0,0.0,0.0,3.0,0.0,0.0,3.0
GFS,2026-09-09 12:00,2026-09-11 03:00,30,인천,0,18.6,28.0,0.0,0.0,28.0,0.0,0.0,3.0
GFS,2026-09-09 12:00,2026-09-11 06:00,33,인천,0,17.7,37.0,0.0,0.0,37.0,0.0,0.0,3.0
GFS,2026-09-09 12:00,2026-09-11 09:00,36,인천,0,20.1,71.0,0.0,0.0,71.0,162.0,0.0,3.0
GFS,2026-09-09 12:00,2026-09-11 12:00,39,인천,0,24.4,90.0,0.0,0.0,90.0,591.0,0.0,3.0
GFS,2026-09-09 12:00,2026-09-11 15:00,42,인천,0,25.8,67.0,0.0,0.0,67.0,751.0,0.0,3.0
GFS,2026-09-09 12:00,2026-09-11 18:00,45,인천,0,24.7,62.0,0.0,2.0,60.0,342.0,0.0,3.0
GFS,2026-09-09 12:00,2026-09-11 21:00,48,인천,0,22.4,100.0,0.0,5.0,100.0,8.0,0.0,3.0
GFS,2026-09-09 12:00,2026-09-12 00:00,51,인천,0,21.2,100.0,0.0,71.0,100.0,0.0,0.0,3.0
GFS,2026-09-09 12:00,2026-09-12 03:00,54,인천,0,20.2,100.0,0.0,96.0,100.0,0.0,0.0,3.0
GFS,2026-09-09 12:00,2026-09-12 06:00,57,인천,0,20.1,100.0,0.0,100.0,62.0,0.0,0.0,3.0
GFS,2026-09-09 12:00,2026-09-12 09:00,60,인천,0,22.3,100.0,0.0,100.0,76.0,152.0,0.0,3.0
GFS,2026-09-09 12:00,2026-09-12 12:00,63,인천,0,26.4,84.0,0.0,82.0,36.0,544.0,0.0,3.0
GFS,2026-09-09 12:00,2026-09-12 15:00,66,인천,0,27.7,28.0,0.0,28.0,0.0,750.0,0.0,3.0
GFS,2026-09-09 12:00,2026-09-12 18:00,69,인천,0,24.8,96.0,0.0,15.0,95.0,368.0,0.0,3.0
GFS,2026-09-09 12:00,2026-09-12 21:00,72,인천,0,23.9,60.0,0.0,36.0,48.0,7.0,0.0,3.0
GFS,2026-09-09 12:00,2026-09-13 00:00,75,인천,0,22.7,98.0,2.0,85.0,84.0,0.0,0.0,3.0
GFS,2026-09-09 12:00,2026-09-13 03:00,78,인천,0,22.6,99.0,17.0,97.0,87.0,0.0,0.0,3.0
GFS,2026-09-09 12:00,2026-09-13 06:00,81,인천,0,22.3,100.0,73.0,98.0,100.0,0.0,0.0,3.0
GFS,2026-09-09 12:00,2026-09-13 09:00,84,인천,0,22.4,100.0,99.0,91.0,99.0,25.0,0.0,3.0
GFS,2026-09-09 12:00,2026-09-13 12:00,87,인천,0,22.9,100.0,89.0,84.0,94.0,93.0,0.0,3.0
GFS,2026-09-09 12:00,2026-09-13 15:00,90,인천,0,24.5,100.0,24.0,91.0,99.0,279.0,0.0,3.0
GFS,2026-09-09 12:00,2026-09-13 18:00,93,인천,0,23.5,100.0,3.0,100.0,100.0,151.0,0.0,3.0
GFS,2026-09-09 12:00,2026-09-13 21:00,96,인천,0,22.6,100.0,0.0,40.0,100.0,3.0,0.0,3.0
GFS,2026-09-09 12:00,2026-09-14 00:00,99,인천,0,21.5,99.0,1.0,95.0,98.0,0.0,0.0,3.0
GFS,2026-09-09 12:00,2026-09-14 03:00,102,인천,0,21.1,100.0,14.0,100.0,100.0,0.0,0.0,3.0
GFS,2026-09-09 12:00,2026-09-14 06:00,105,인천,0,20.8,100.0,9.0,99.0,100.0,0.0,0.0,3.0
GFS,2026-09-09 12:00,2026-09-14 09:00,108,인천,0,22.2,100.0,1.0,96.0,100.0,104.0,0.0,3.0
GFS,2026-09-09 12:00,2026-09-14 12:00,111,인천,0,25.3,100.0,0.0,94.0,100.0,487.0,0.0,3.0
GFS,2026-09-09 12:00,2026-09-14 15:00,114,인천,0,25.6,100.0,0.0,50.0,100.0,513.0,0.0,3.0
GFS,2026-09-09 12:00,2026-09-14 18:00,117,인천,0,23.5,100.0,0.0,5.0,100.0,260.0,0.0,3.0
GFS,2026-09-09 12:00,2026-09-14 21:00,120,인천,0,20.8,100.0,0.0,0.0,100.0,5.0,0.0,3.0
GFS,2026-09-09 12:00,2026-09-15 09:00,132,인천,0,20.1,0.0,0.0,0.0,0.0,102.0,0.0,6.0
GFS,2026-09-09 12:00,2026-09-15 21:00,144,인천,0,22.1,0.0,0.0,0.0,0.0,189.0,0.0,6.0
GFS,2026-09-09 12:00,2026-09-16 09:00,156,인천,0,21.7,100.0,0.0,0.0,100.0,78.0,0.0,6.0
GFS,2026-09-09 12:00,2026-09-16 21:00,168,인천,0,23.6,1.0,0.0,0.0,1.0,176.0,0.0,6.0
GFS,2026-09-09 12:00,2026-09-17 09:00,180,인천,0,23.3,0.0,0.0,0.0,0.0,92.0,0.0,6.0
GFS,2026-09-09 12:00,2026-09-17 21:00,192,인천,0,24.5,36.0,0.0,0.0,36.0,176.0,0.0,6.0
GFS,2026-09-09 12:00,2026-09-18 09:00,204,인천,0,23.3,65.0,0.0,0.0,65.0,88.0,0.0,6.0
GFS,2026-09-09 12:00,2026-09-18 21:00,216,인천,0,24.6,100.0,0.0,50.0,100.0,154.0,0.0,6.0
GFS,2026-09-09 12:00,2026-09-19 09:00,228,인천,0,23.0,82.0,0.0,82.0,42.0,82.0,0.0,6.0
GFS,2026-09-09 12:00,2026-09-19 21:00,240,인천,0,23.8,0.0,0.0,0.0,0.0,176.0,0.0,6.0
GFS,2026-09-09 12:00,2026-09-09 21:00,0,수원,0,19.0,61.0,0.0,5.0,61.0,,,
GFS,2026-09-09 12:00,2026-09-10 00:00,3,수원,0,17.6,50.0,0.0,5.0,50.0,0.0,0.0,3.0
GFS,2026-09-09 12:00,2026-09-10 03:00,6,수원,0,16.5,77.0,0.0,77.0,6.0,0.0,0.0,3.0
GFS,2026-09-09 12:00,2026-09-10 06:00,9,수원,0,16.1,96.0,0.0,96.0,5.0,0.0,0.0,3.0
GFS,2026-09-09 12:00,2026-09-10 09:00,12,수원,0,18.8,100.0,0.0,100.0,8.0,156.0,0.0,3.0
GFS,2026-09-09 12:00,2026-09-10 12:00,15,수원,0,21.7,100.0,0.0,100.0,90.0,460.0,0.0,3.0
GFS,2026-09-09 12:00,2026-09-10 15:00,18,수원,0,23.3,100.0,0.0,100.0,98.0,514.0,0.0,3.0
GFS,2026-09-09 12:00,2026-09-10 18:00,21,수원,0,22.2,100.0,0.0,99.0,100.0,208.0,0.0,3.0
GFS,2026-09-09 12:00,2026-09-10 21:00,24,수원,0,19.8,35.0,0.0,24.0,35.0,6.0,0.0,3.0
GFS,2026-09-09 12:00,2026-09-11 00:00,27,수원,0,18.4,7.0,0.0,0.0,7.0,0.0,0.0,3.0
GFS,2026-09-09 12:00,2026-09-11 03:00,30,수원,0,17.4,73.0,0.0,0.0,73.0,0.0,0.0,3.0
GFS,2026-09-09 12:00,2026-09-11 06:00,33,수원,0,16.5,85.0,0.0,0.0,85.0,0.0,0.0,3.0
GFS,2026-09-09 12:00,2026-09-11 09:00,36,수원,0,20.1,100.0,0.0,0.0,100.0,174.0,0.0,3.0
GFS,2026-09-09 12:00,2026-09-11 12:00,39,수원,0,25.2,80.0,0.0,0.0,80.0,690.0,0.0,3.0
GFS,2026-09-09 12:00,2026-09-11 15:00,42,수원,0,25.9,98.0,0.0,0.0,98.0,794.0,0.0,3.0
GFS,2026-09-09 12:00,2026-09-11 18:00,45,수원,0,23.3,99.0,0.0,2.0,99.0,340.0,0.0,3.0
GFS,2026-09-09 12:00,2026-09-11 21:00,48,수원,0,21.1,99.0,0.0,35.0,99.0,7.0,0.0,3.0
GFS,2026-09-09 12:00,2026-09-12 00:00,51,수원,0,20.4,99.0,0.0,93.0,75.0,0.0,0.0,3.0
GFS,2026-09-09 12:00,2026-09-12 03:00,54,수원,0,19.3,100.0,0.0,99.0,96.0,0.0,0.0,3.0
GFS,2026-09-09 12:00,2026-09-12 06:00,57,수원,0,18.8,99.0,0.0,97.0,52.0,0.0,0.0,3.0
GFS,2026-09-09 12:00,2026-09-12 09:00,60,수원,0,21.6,98.0,0.0,98.0,49.0,149.0,0.0,3.0
GFS,2026-09-09 12:00,2026-09-12 12:00,63,수원,0,26.6,93.0,0.0,92.0,85.0,629.0,0.0,3.0
GFS,2026-09-09 12:00,2026-09-12 15:00,66,수원,0,28.0,73.0,0.0,73.0,3.0,720.0,0.0,3.0
GFS,2026-09-09 12:00,2026-09-12 18:00,69,수원,0,24.9,62.0,0.0,37.0,35.0,354.0,0.0,3.0
GFS,2026-09-09 12:00,2026-09-12 21:00,72,수원,0,23.2,96.0,0.0,41.0,96.0,6.0,0.0,3.0
GFS,2026-09-09 12:00,2026-09-13 00:00,75,수원,0,22.3,96.0,0.0,93.0,50.0,0.0,0.0,3.0
GFS,2026-09-09 12:00,2026-09-13 03:00,78,수원,0,21.6,100.0,24.0,100.0,72.0,0.0,0.0,3.0
GFS,2026-09-09 12:00,2026-09-13 06:00,81,수원,0,20.8,100.0,56.0,96.0,100.0,0.0,0.0,3.0
GFS,2026-09-09 12:00,2026-09-13 09:00,84,수원,0,21.8,98.0,68.0,64.0,94.0,74.0,0.0,3.0
GFS,2026-09-09 12:00,2026-09-13 12:00,87,수원,0,24.0,100.0,76.0,27.0,100.0,285.0,0.0,3.0
GFS,2026-09-09 12:00,2026-09-13 15:00,90,수원,0,25.5,100.0,17.0,68.0,100.0,367.0,0.0,3.0
GFS,2026-09-09 12:00,2026-09-13 18:00,93,수원,0,24.1,82.0,12.0,65.0,82.0,307.0,0.0,3.0
GFS,2026-09-09 12:00,2026-09-13 21:00,96,수원,0,22.2,100.0,2.0,58.0,100.0,4.0,0.0,3.0
GFS,2026-09-09 12:00,2026-09-14 00:00,99,수원,0,21.1,99.0,1.0,89.0,96.0,0.0,0.0,3.0
GFS,2026-09-09 12:00,2026-09-14 03:00,102,수원,0,20.1,100.0,0.0,94.0,100.0,0.0,0.0,3.0
GFS,2026-09-09 12:00,2026-09-14 06:00,105,수원,0,20.0,100.0,45.0,85.0,100.0,0.0,0.0,3.0
GFS,2026-09-09 12:00,2026-09-14 09:00,108,수원,0,22.6,100.0,8.0,100.0,100.0,142.0,0.0,3.0
GFS,2026-09-09 12:00,2026-09-14 12:00,111,수원,0,25.6,100.0,0.0,99.0,100.0,522.0,0.0,3.0
GFS,2026-09-09 12:00,2026-09-14 15:00,114,수원,0,26.1,100.0,0.0,86.0,100.0,494.0,0.0,3.0
GFS,2026-09-09 12:00,2026-09-14 18:00,117,수원,0,23.7,100.0,0.0,56.0,100.0,228.0,0.0,3.0
GFS,2026-09-09 12:00,2026-09-14 21:00,120,수원,0,21.0,100.0,0.0,0.0,100.0,4.0,0.0,3.0
GFS,2026-09-09 12:00,2026-09-15 09:00,132,수원,0,20.3,3.0,0.0,0.0,3.0,102.0,0.0,6.0
GFS,2026-09-09 12:00,2026-09-15 21:00,144,수원,0,20.3,0.0,0.0,0.0,0.0,187.0,0.0,6.0
GFS,2026-09-09 12:00,2026-09-16 09:00,156,수원,0,21.2,100.0,0.0,0.0,100.0,75.0,0.0,6.0
GFS,2026-09-09 12:00,2026-09-16 21:00,168,수원,0,22.1,11.0,0.0,0.0,11.0,167.0,0.0,6.0
GFS,2026-09-09 12:00,2026-09-17 09:00,180,수원,0,22.7,3.0,0.0,0.0,3.0,90.0,0.0,6.0
GFS,2026-09-09 12:00,2026-09-17 21:00,192,수원,0,23.2,82.0,0.0,0.0,82.0,169.0,0.0,6.0
GFS,2026-09-09 12:00,2026-09-18 09:00,204,수원,0,22.1,96.0,0.0,0.0,96.0,82.0,0.0,6.0
GFS,2026-09-09 12:00,2026-09-18 21:00,216,수원,0,23.1,100.0,0.0,98.0,100.0,138.0,0.0,6.0
GFS,2026-09-09 12:00,2026-09-19 09:00,228,수원,0,22.1,31.0,0.0,20.0,13.0,87.0,0.0,6.0
GFS,2026-09-09 12:00,2026-09-19 21:00,240,수원,0,22.4,0.0,0.0,0.0,0.0,172.0,0.0,6.0
GFS,2026-09-09 12:00,2026-09-09 21:00,0,전주,0,18.5,20.0,11.0,4.0,10.0,,,
GFS,2026-09-09 12:00,2026-09-10 00:00,3,전주,0,16.6,37.0,0.0,3.0,37.0,0.0,0.0,3.0
GFS,2026-09-09 12:00,2026-09-10 03:00,6,전주,0,15.5,9.0,0.0,5.0,8.0,0.0,0.0,3.0
GFS,2026-09-09 12:00,2026-09-10 06:00,9,전주,0,14.7,5.0,0.0,5.0,1.0,0.0,0.0,3.0
GFS,2026-09-09 12:00,2026-09-10 09:00,12,전주,0,19.8,45.0,0.0,39.0,10.0,203.0,0.0,3.0
GFS,2026-09-09 12:00,2026-09-10 12:00,15,전주,0,24.7,89.0,0.0,89.0,5.0,680.0,0.0,3.0
GFS,2026-09-09 12:00,2026-09-10 15:00,18,전주,0,24.5,63.0,0.0,45.0,51.0,734.0,0.0,3.0
GFS,2026-09-09 12:00,2026-09-10 18:00,21,전주,0,21.9,98.0,1.0,97.0,32.0,350.0,0.0,3.0
GFS,2026-09-09 12:00,2026-09-10 21:00,24,전주,0,19.5,97.0,21.0,97.0,26.0,5.0,0.0,3.0
GFS,2026-09-09 12:00,2026-09-11 00:00,27,전주,0,19.3,100.0,33.0,100.0,93.0,0.0,0.0,3.0
GFS,2026-09-09 12:00,2026-09-11 03:00,30,전주,0,17.8,81.0,26.0,71.0,55.0,0.0,0.0,3.0
GFS,2026-09-09 12:00,2026-09-11 06:00,33,전주,0,18.0,35.0,0.0,26.0,23.0,0.0,0.0,3.0
GFS,2026-09-09 12:00,2026-09-11 09:00,36,전주,0,20.8,44.0,0.0,28.0,41.0,200.0,0.0,3.0
GFS,2026-09-09 12:00,2026-09-11 12:00,39,전주,0,24.4,39.0,0.0,26.0,24.0,712.0,0.0,3.0
GFS,2026-09-09 12:00,2026-09-11 15:00,42,전주,0,24.8,85.0,0.0,16.0,84.0,785.0,0.0,3.0
GFS,2026-09-09 12:00,2026-09-11 18:00,45,전주,0,21.4,97.0,0.0,94.0,97.0,292.0,0.0,3.0
GFS,2026-09-09 12:00,2026-09-11 21:00,48,전주,0,18.2,87.0,0.0,83.0,43.0,6.0,0.0,3.0
GFS,2026-09-09 12:00,2026-09-12 00:00,51,전주,0,17.1,82.0,0.0,60.0,63.0,0.0,0.0,3.0
GFS,2026-09-09 12:00,2026-09-12 03:00,54,전주,0,16.2,97.0,0.0,94.0,84.0,0.0,0.0,3.0
GFS,2026-09-09 12:00,2026-09-12 06:00,57,전주,0,16.5,100.0,0.0,99.0,95.0,0.0,0.0,3.0
GFS,2026-09-09 12:00,2026-09-12 09:00,60,전주,0,20.7,100.0,0.0,93.0,100.0,143.0,0.0,3.0
GFS,2026-09-09 12:00,2026-09-12 12:00,63,전주,0,25.4,100.0,0.0,76.0,100.0,638.0,0.0,3.0
GFS,2026-09-09 12:00,2026-09-12 15:00,66,전주,0,25.4,100.0,0.0,88.0,100.0,625.0,0.0,3.0
GFS,2026-09-09 12:00,2026-09-12 18:00,69,전주,0,23.0,85.0,0.0,85.0,12.0,284.0,0.0,3.0
GFS,2026-09-09 12:00,2026-09-12 21:00,72,전주,0,19.5,100.0,0.0,87.0,100.0,7.0,0.0,3.0
GFS,2026-09-09 12:00,2026-09-13 00:00,75,전주,0,18.9,91.0,0.0,70.0,89.0,0.0,0.0,3.0
GFS,2026-09-09 12:00,2026-09-13 03:00,78,전주,0,17.9,55.0,0.0,20.0,43.0,0.0,0.0,3.0
GFS,2026-09-09 12:00,2026-09-13 06:00,81,전주,0,17.4,66.0,0.0,0.0,66.0,0.0,0.0,3.0
GFS,2026-09-09 12:00,2026-09-13 09:00,84,전주,0,22.2,70.0,0.0,0.0,70.0,172.0,0.0,3.0
GFS,2026-09-09 12:00,2026-09-13 12:00,87,전주,0,25.8,10.0,0.0,3.0,10.0,678.0,0.0,3.0
GFS,2026-09-09 12:00,2026-09-13 15:00,90,전주,0,25.4,76.0,0.0,64.0,20.0,709.0,0.0,3.0
GFS,2026-09-09 12:00,2026-09-13 18:00,93,전주,0,22.6,49.0,2.0,49.0,17.0,204.0,0.0,3.0
GFS,2026-09-09 12:00,2026-09-13 21:00,96,전주,0,18.8,40.0,0.0,38.0,7.0,6.0,0.0,3.0
GFS,2026-09-09 12:00,2026-09-14 00:00,99,전주,0,19.8,97.0,50.0,76.0,70.0,0.0,0.0,3.0
GFS,2026-09-09 12:00,2026-09-14 03:00,102,전주,0,19.5,99.0,68.0,96.0,15.0,0.0,0.0,3.0
GFS,2026-09-09 12:00,2026-09-14 06:00,105,전주,0,19.1,99.0,6.0,77.0,98.0,0.0,0.0,3.0
GFS,2026-09-09 12:00,2026-09-14 09:00,108,전주,0,20.6,100.0,2.0,97.0,98.0,74.0,0.0,3.0
GFS,2026-09-09 12:00,2026-09-14 12:00,111,전주,0,24.8,100.0,1.0,100.0,100.0,462.0,0.0,3.0
GFS,2026-09-09 12:00,2026-09-14 15:00,114,전주,0,23.7,100.0,11.0,100.0,100.0,418.0,0.0,3.0
GFS,2026-09-09 12:00,2026-09-14 18:00,117,전주,0,21.5,100.0,8.0,100.0,100.0,110.0,0.0,3.0
GFS,2026-09-09 12:00,2026-09-14 21:00,120,전주,0,19.1,99.0,4.0,55.0,99.0,3.0,0.0,3.0
GFS,2026-09-09 12:00,2026-09-15 09:00,132,전주,0,18.5,58.0,0.0,2.0,58.0,83.0,0.0,6.0
GFS,2026-09-09 12:00,2026-09-15 21:00,144,전주,0,16.0,0.0,0.0,0.0,0.0,190.0,0.0,6.0
GFS,2026-09-09 12:00,2026-09-16 09:00,156,전주,0,19.3,65.0,0.0,37.0,59.0,67.0,0.0,6.0
GFS,2026-09-09 12:00,2026-09-16 21:00,168,전주,0,18.6,96.0,3.0,15.0,96.0,172.0,0.0,6.0
GFS,2026-09-09 12:00,2026-09-17 09:00,180,전주,0,21.9,97.0,0.0,44.0,97.0,70.0,0.0,6.0
GFS,2026-09-09 12:00,2026-09-17 21:00,192,전주,0,20.5,100.0,0.0,18.0,100.0,169.0,0.0,6.0
GFS,2026-09-09 12:00,2026-09-18 09:00,204,전주,0,21.5,84.0,0.0,18.0,84.0,91.0,0.0,6.0
GFS,2026-09-09 12:00,2026-09-18 21:00,216,전주,0,20.6,99.0,0.0,86.0,98.0,87.0,0.0,6.0
GFS,2026-09-09 12:00,2026-09-19 09:00,228,전주,0,21.5,1.0,0.0,1.0,0.0,82.0,0.0,6.0
GFS,2026-09-09 12:00,2026-09-19 21:00,240,전주,0,18.6,0.0,0.0,0.0,0.0,173.0,0.0,6.0
GFS,2026-09-09 12:00,2026-09-09 21:00,0,강릉,0,18.2,17.0,1.0,5.0,17.0,,,
GFS,2026-09-09 12:00,2026-09-10 00:00,3,강릉,0,17.7,49.0,0.0,5.0,49.0,0.0,0.0,3.0
GFS,2026-09-09 12:00,2026-09-10 03:00,6,강릉,0,17.5,93.0,0.0,87.0,91.0,0.0,0.0,3.0
GFS,2026-09-09 12:00,2026-09-10 06:00,9,강릉,0,18.1,100.0,7.0,100.0,90.0,0.0,0.0,3.0
GFS,2026-09-09 12:00,2026-09-10 09:00,12,강릉,0,19.6,100.0,8.0,100.0,18.0,132.0,0.0,3.0
GFS,2026-09-09 12:00,2026-09-10 12:00,15,강릉,0,20.4,100.0,8.0,100.0,35.0,491.0,0.0,3.0
GFS,2026-09-09 12:00,2026-09-10 15:00,18,강릉,0,20.6,100.0,10.0,100.0,97.0,519.0,0.0,3.0
GFS,2026-09-09 12:00,2026-09-10 18:00,21,강릉,0,19.9,100.0,0.0,100.0,100.0,161.0,0.0,3.0
GFS,2026-09-09 12:00,2026-09-10 21:00,24,강릉,0,18.6,100.0,0.0,98.0,96.0,3.0,0.0,3.0
GFS,2026-09-09 12:00,2026-09-11 00:00,27,강릉,0,17.2,32.0,0.0,12.0,26.0,0.0,0.0,3.0
GFS,2026-09-09 12:00,2026-09-11 03:00,30,강릉,0,16.6,88.0,0.0,1.0,88.0,0.0,0.0,3.0
GFS,2026-09-09 12:00,2026-09-11 06:00,33,강릉,0,16.8,71.0,0.0,0.0,71.0,0.0,0.0,3.0
GFS,2026-09-09 12:00,2026-09-11 09:00,36,강릉,0,19.6,93.0,0.0,0.0,93.0,209.0,0.0,3.0
GFS,2026-09-09 12:00,2026-09-11 12:00,39,강릉,0,20.8,38.0,0.0,0.0,38.0,708.0,0.0,3.0
GFS,2026-09-09 12:00,2026-09-11 15:00,42,강릉,0,22.0,51.0,0.0,0.0,51.0,789.0,0.0,3.0
GFS,2026-09-09 12:00,2026-09-11 18:00,45,강릉,0,21.0,80.0,0.0,0.0,80.0,339.0,0.0,3.0
GFS,2026-09-09 12:00,2026-09-11 21:00,48,강릉,0,18.8,69.0,0.0,5.0,69.0,5.0,0.0,3.0
GFS,2026-09-09 12:00,2026-09-12 00:00,51,강릉,0,18.6,92.0,0.0,34.0,91.0,0.0,0.0,3.0
GFS,2026-09-09 12:00,2026-09-12 03:00,54,강릉,0,19.0,87.0,0.0,87.0,23.0,0.0,0.0,3.0
GFS,2026-09-09 12:00,2026-09-12 06:00,57,강릉,0,18.9,99.0,0.0,99.0,85.0,0.0,0.0,3.0
GFS,2026-09-09 12:00,2026-09-12 09:00,60,강릉,0,21.0,100.0,0.0,99.0,82.0,176.0,0.0,3.0
GFS,2026-09-09 12:00,2026-09-12 12:00,63,강릉,0,22.0,100.0,0.0,100.0,61.0,618.0,0.0,3.0
GFS,2026-09-09 12:00,2026-09-12 15:00,66,강릉,0,22.9,92.0,0.0,91.0,42.0,599.0,0.0,3.0
GFS,2026-09-09 12:00,2026-09-12 18:00,69,강릉,0,21.9,51.0,0.0,9.0,51.0,314.0,0.0,3.0
GFS,2026-09-09 12:00,2026-09-12 21:00,72,강릉,0,19.9,100.0,0.0,10.0,100.0,4.0,0.0,3.0
GFS,2026-09-09 12:00,2026-09-13 00:00,75,강릉,0,20.3,83.0,0.0,13.0,83.0,0.0,0.0,3.0
GFS,2026-09-09 12:00,2026-09-13 03:00,78,강릉,0,20.6,100.0,0.0,99.0,77.0,0.0,0.0,3.0
GFS,2026-09-09 12:00,2026-09-13 06:00,81,강릉,0,21.1,100.0,33.0,100.0,92.0,0.0,0.0,3.0
GFS,2026-09-09 12:00,2026-09-13 09:00,84,강릉,0,22.4,99.0,23.0,62.0,98.0,72.0,0.0,3.0
GFS,2026-09-09 12:00,2026-09-13 12:00,87,강릉,0,22.9,92.0,17.0,28.0,92.0,531.0,0.0,3.0
GFS,2026-09-09 12:00,2026-09-13 15:00,90,강릉,0,22.7,95.0,35.0,12.0,94.0,586.0,0.0,3.0
GFS,2026-09-09 12:00,2026-09-13 18:00,93,강릉,0,22.1,74.0,2.0,4.0,74.0,237.0,0.0,3.0
GFS,2026-09-09 12:00,2026-09-13 21:00,96,강릉,0,20.5,90.0,0.0,42.0,88.0,4.0,0.0,3.0
GFS,2026-09-09 12:00,2026-09-14 00:00,99,강릉,0,20.4,96.0,0.0,67.0,96.0,0.0,0.0,3.0
GFS,2026-09-09 12:00,2026-09-14 03:00,102,강릉,0,20.2,100.0,2.0,99.0,100.0,0.0,0.0,3.0
GFS,2026-09-09 12:00,2026-09-14 06:00,105,강릉,0,19.9,100.0,1.0,41.0,100.0,0.0,0.0,3.0
GFS,2026-09-09 12:00,2026-09-14 09:00,108,강릉,0,22.6,100.0,2.0,44.0,100.0,172.0,0.0,3.0
GFS,2026-09-09 12:00,2026-09-14 12:00,111,강릉,0,23.7,100.0,3.0,39.0,100.0,605.0,0.0,3.0
GFS,2026-09-09 12:00,2026-09-14 15:00,114,강릉,0,23.3,100.0,1.0,88.0,99.0,669.0,0.0,3.0
GFS,2026-09-09 12:00,2026-09-14 18:00,117,강릉,0,21.6,100.0,1.0,100.0,100.0,226.0,0.0,3.0
GFS,2026-09-09 12:00,2026-09-14 21:00,120,강릉,0,20.5,100.0,1.0,93.0,100.0,1.0,0.0,3.0
GFS,2026-09-09 12:00,2026-09-15 09:00,132,강릉,0,20.8,99.0,23.0,1.0,99.0,91.0,0.1,6.0
GFS,2026-09-09 12:00,2026-09-15 21:00,144,강릉,0,19.6,71.0,71.0,0.0,0.0,132.0,0.8,6.0
GFS,2026-09-09 12:00,2026-09-16 09:00,156,강릉,0,20.1,94.0,0.0,1.0,94.0,74.0,0.1,6.0
GFS,2026-09-09 12:00,2026-09-16 21:00,168,강릉,0,19.4,38.0,1.0,0.0,38.0,136.0,0.0,6.0
GFS,2026-09-09 12:00,2026-09-17 09:00,180,강릉,0,20.5,96.0,0.0,62.0,93.0,74.0,0.0,6.0
GFS,2026-09-09 12:00,2026-09-17 21:00,192,강릉,0,18.9,99.0,0.0,0.0,99.0,132.0,0.0,6.0
GFS,2026-09-09 12:00,2026-09-18 09:00,204,강릉,0,20.1,90.0,0.0,0.0,90.0,87.0,0.0,6.0
GFS,2026-09-09 12:00,2026-09-18 21:00,216,강릉,0,19.9,100.0,8.0,88.0,100.0,106.0,0.0,6.0
GFS,2026-09-09 12:00,2026-09-19 09:00,228,강릉,0,20.2,95.0,21.0,93.0,72.0,67.0,0.6,6.0
GFS,2026-09-09 12:00,2026-09-19 21:00,240,강릉,0,18.0,0.0,0.0,0.0,0.0,153.0,0.0,6.0
GFS,2026-09-09 12:00,2026-09-09 21:00,0,제주,0,21.8,65.0,64.0,0.0,3.0,,,
GFS,2026-09-09 12:00,2026-09-10 00:00,3,제주,0,20.7,24.0,22.0,0.0,5.0,0.0,0.0,3.0
GFS,2026-09-09 12:00,2026-09-10 03:00,6,제주,0,20.5,51.0,28.0,0.0,26.0,0.0,0.0,3.0
GFS,2026-09-09 12:00,2026-09-10 06:00,9,제주,0,20.8,38.0,38.0,0.0,0.0,0.0,0.0,3.0
GFS,2026-09-09 12:00,2026-09-10 09:00,12,제주,0,21.7,49.0,48.0,0.0,2.0,140.0,0.0,3.0
GFS,2026-09-09 12:00,2026-09-10 12:00,15,제주,0,22.6,30.0,28.0,0.0,5.0,568.0,0.0,3.0
GFS,2026-09-09 12:00,2026-09-10 15:00,18,제주,0,23.3,8.0,4.0,3.0,5.0,780.0,0.1,3.0
GFS,2026-09-09 12:00,2026-09-10 18:00,21,제주,0,22.1,12.0,8.0,3.0,5.0,410.0,0.0,3.0
GFS,2026-09-09 12:00,2026-09-10 21:00,24,제주,0,21.1,5.0,0.0,3.0,3.0,10.0,0.0,3.0
GFS,2026-09-09 12:00,2026-09-11 00:00,27,제주,0,20.9,46.0,12.0,3.0,41.0,0.0,0.0,3.0
GFS,2026-09-09 12:00,2026-09-11 03:00,30,제주,0,20.6,94.0,13.0,3.0,89.0,0.0,0.0,3.0
GFS,2026-09-09 12:00,2026-09-11 06:00,33,제주,0,20.3,95.0,7.0,7.0,92.0,0.0,0.0,3.0
GFS,2026-09-09 12:00,2026-09-11 09:00,36,제주,0,22.3,79.0,0.0,50.0,45.0,195.0,0.0,3.0
GFS,2026-09-09 12:00,2026-09-11 12:00,39,제주,0,23.8,63.0,1.0,39.0,61.0,713.0,0.0,3.0
GFS,2026-09-09 12:00,2026-09-11 15:00,42,제주,0,23.4,7.0,1.0,4.0,6.0,817.0,0.0,3.0
GFS,2026-09-09 12:00,2026-09-11 18:00,45,제주,0,22.1,4.0,0.0,1.0,4.0,408.0,0.0,3.0
GFS,2026-09-09 12:00,2026-09-11 21:00,48,제주,0,21.0,64.0,0.0,1.0,64.0,9.0,0.0,3.0
GFS,2026-09-09 12:00,2026-09-12 00:00,51,제주,0,20.7,70.0,0.0,1.0,70.0,0.0,0.0,3.0
GFS,2026-09-09 12:00,2026-09-12 03:00,54,제주,0,20.5,4.0,3.0,0.0,2.0,0.0,0.0,3.0
GFS,2026-09-09 12:00,2026-09-12 06:00,57,제주,0,21.5,12.0,9.0,0.0,5.0,0.0,0.0,3.0
GFS,2026-09-09 12:00,2026-09-12 09:00,60,제주,0,23.4,35.0,23.0,0.0,16.0,183.0,0.0,3.0
GFS,2026-09-09 12:00,2026-09-12 12:00,63,제주,0,25.3,13.0,10.0,0.0,6.0,688.0,0.0,3.0
GFS,2026-09-09 12:00,2026-09-12 15:00,66,제주,0,25.6,16.0,16.0,0.0,2.0,796.0,0.0,3.0
GFS,2026-09-09 12:00,2026-09-12 18:00,69,제주,0,24.0,31.0,10.0,0.0,23.0,283.0,0.0,3.0
GFS,2026-09-09 12:00,2026-09-12 21:00,72,제주,0,22.4,12.0,5.0,0.0,8.0,7.0,0.0,3.0
GFS,2026-09-09 12:00,2026-09-13 00:00,75,제주,0,22.0,14.0,12.0,0.0,3.0,0.0,0.0,3.0
GFS,2026-09-09 12:00,2026-09-13 03:00,78,제주,0,21.8,19.0,19.0,0.0,2.0,0.0,0.0,3.0
GFS,2026-09-09 12:00,2026-09-13 06:00,81,제주,0,21.9,13.0,11.0,0.0,3.0,0.0,0.0,3.0
GFS,2026-09-09 12:00,2026-09-13 09:00,84,제주,0,25.3,5.0,0.0,5.0,2.0,205.0,0.0,3.0
GFS,2026-09-09 12:00,2026-09-13 12:00,87,제주,0,27.4,5.0,2.0,3.0,0.0,723.0,0.0,3.0
GFS,2026-09-09 12:00,2026-09-13 15:00,90,제주,0,25.8,23.0,23.0,1.0,0.0,732.0,0.0,3.0
GFS,2026-09-09 12:00,2026-09-13 18:00,93,제주,0,24.3,48.0,29.0,0.0,31.0,204.0,0.1,3.0
GFS,2026-09-09 12:00,2026-09-13 21:00,96,제주,0,23.4,100.0,38.0,8.0,100.0,5.0,0.0,3.0
GFS,2026-09-09 12:00,2026-09-14 00:00,99,제주,0,22.7,97.0,23.0,28.0,97.0,0.0,0.0,3.0
GFS,2026-09-09 12:00,2026-09-14 03:00,102,제주,0,22.2,100.0,90.0,90.0,98.0,0.0,0.8,3.0
GFS,2026-09-09 12:00,2026-09-14 06:00,105,제주,0,21.1,99.0,91.0,93.0,96.0,0.0,3.2,3.0
GFS,2026-09-09 12:00,2026-09-14 09:00,108,제주,0,19.3,100.0,90.0,96.0,92.0,5.0,9.0,3.0
GFS,2026-09-09 12:00,2026-09-14 12:00,111,제주,0,18.9,100.0,80.0,100.0,95.0,40.0,8.1,3.0
GFS,2026-09-09 12:00,2026-09-14 15:00,114,제주,0,18.2,100.0,87.0,100.0,74.0,60.0,3.6,3.0
GFS,2026-09-09 12:00,2026-09-14 18:00,117,제주,0,18.9,100.0,12.0,100.0,98.0,31.0,3.8,3.0
GFS,2026-09-09 12:00,2026-09-14 21:00,120,제주,0,19.6,100.0,24.0,100.0,100.0,2.0,0.0,3.0
GFS,2026-09-09 12:00,2026-09-15 09:00,132,제주,0,22.1,77.0,2.0,9.0,77.0,94.0,0.0,6.0
GFS,2026-09-09 12:00,2026-09-15 21:00,144,제주,0,20.6,97.0,1.0,1.0,97.0,162.0,0.0,6.0
GFS,2026-09-09 12:00,2026-09-16 09:00,156,제주,0,22.3,98.0,18.0,75.0,98.0,48.0,0.3,6.0
GFS,2026-09-09 12:00,2026-09-16 21:00,168,제주,0,21.5,91.0,3.0,86.0,86.0,151.0,0.1,6.0
GFS,2026-09-09 12:00,2026-09-17 09:00,180,제주,0,21.9,100.0,24.0,83.0,100.0,59.0,0.1,6.0
GFS,2026-09-09 12:00,2026-09-17 21:00,192,제주,0,21.8,100.0,32.0,100.0,100.0,66.0,0.1,6.0
GFS,2026-09-09 12:00,2026-09-18 09:00,204,제주,0,21.6,100.0,70.0,96.0,87.0,29.0,1.8,6.0
GFS,2026-09-09 12:00,2026-09-18 21:00,216,제주,0,20.2,100.0,100.0,100.0,69.0,7.0,10.6,6.0
GFS,2026-09-09 12:00,2026-09-19 09:00,228,제주,0,21.3,22.0,15.0,10.0,1.0,78.0,0.1,6.0
GFS,2026-09-09 12:00,2026-09-19 21:00,240,제주,0,20.4,76.0,11.0,26.0,68.0,150.0,0.1,6.0
GFS,2026-09-09 12:00,2026-09-09 21:00,0,나주,0,20.4,72.0,66.0,0.0,34.0,,,
GFS,2026-09-09 12:00,2026-09-10 00:00,3,나주,0,18.9,44.0,40.0,0.0,8.0,0.0,0.0,3.0
GFS,2026-09-09 12:00,2026-09-10 03:00,6,나주,0,16.7,5.0,0.0,3.0,5.0,0.0,0.0,3.0
GFS,2026-09-09 12:00,2026-09-10 06:00,9,나주,0,15.6,4.0,0.0,2.0,2.0,0.0,0.0,3.0
GFS,2026-09-09 12:00,2026-09-10 09:00,12,나주,0,20.5,4.0,0.0,3.0,4.0,208.0,0.0,3.0
GFS,2026-09-09 12:00,2026-09-10 12:00,15,나주,0,25.6,13.0,0.0,13.0,1.0,721.0,0.0,3.0
GFS,2026-09-09 12:00,2026-09-10 15:00,18,나주,0,26.2,60.0,1.0,19.0,59.0,810.0,0.0,3.0
GFS,2026-09-09 12:00,2026-09-10 18:00,21,나주,0,21.7,75.0,13.0,31.0,68.0,376.0,0.0,3.0
GFS,2026-09-09 12:00,2026-09-10 21:00,24,나주,0,18.7,86.0,9.0,56.0,74.0,9.0,0.0,3.0
GFS,2026-09-09 12:00,2026-09-11 00:00,27,나주,0,18.8,92.0,23.0,89.0,52.0,0.0,0.0,3.0
GFS,2026-09-09 12:00,2026-09-11 03:00,30,나주,0,19.2,94.0,56.0,92.0,33.0,0.0,0.0,3.0
GFS,2026-09-09 12:00,2026-09-11 06:00,33,나주,0,19.0,93.0,24.0,93.0,5.0,0.0,0.0,3.0
GFS,2026-09-09 12:00,2026-09-11 09:00,36,나주,0,21.6,75.0,1.0,69.0,26.0,132.0,0.0,3.0
GFS,2026-09-09 12:00,2026-09-11 12:00,39,나주,0,25.8,56.0,0.0,53.0,32.0,668.0,0.0,3.0
GFS,2026-09-09 12:00,2026-09-11 15:00,42,나주,0,27.7,99.0,0.0,78.0,99.0,797.0,0.0,3.0
GFS,2026-09-09 12:00,2026-09-11 18:00,45,나주,0,22.3,94.0,0.0,92.0,86.0,341.0,0.0,3.0
GFS,2026-09-09 12:00,2026-09-11 21:00,48,나주,0,18.9,73.0,0.0,68.0,36.0,7.0,0.0,3.0
GFS,2026-09-09 12:00,2026-09-12 00:00,51,나주,0,17.4,77.0,0.0,45.0,66.0,0.0,0.0,3.0
GFS,2026-09-09 12:00,2026-09-12 03:00,54,나주,0,17.3,98.0,0.0,46.0,95.0,0.0,0.0,3.0
GFS,2026-09-09 12:00,2026-09-12 06:00,57,나주,0,16.6,99.0,0.0,86.0,95.0,0.0,0.0,3.0
GFS,2026-09-09 12:00,2026-09-12 09:00,60,나주,0,21.9,97.0,0.0,94.0,81.0,175.0,0.0,3.0
GFS,2026-09-09 12:00,2026-09-12 12:00,63,나주,0,27.6,26.0,0.0,0.0,26.0,676.0,0.0,3.0
GFS,2026-09-09 12:00,2026-09-12 15:00,66,나주,0,28.7,88.0,0.0,22.0,88.0,801.0,0.0,3.0
GFS,2026-09-09 12:00,2026-09-12 18:00,69,나주,0,22.0,98.0,0.0,36.0,84.0,277.0,0.0,3.0
GFS,2026-09-09 12:00,2026-09-12 21:00,72,나주,0,19.6,99.0,0.0,17.0,99.0,7.0,0.0,3.0
GFS,2026-09-09 12:00,2026-09-13 00:00,75,나주,0,18.7,100.0,5.0,30.0,100.0,0.0,0.0,3.0
GFS,2026-09-09 12:00,2026-09-13 03:00,78,나주,0,18.3,94.0,13.0,0.0,94.0,0.0,0.0,3.0
GFS,2026-09-09 12:00,2026-09-13 06:00,81,나주,0,18.0,88.0,3.0,0.0,88.0,0.0,0.0,3.0
GFS,2026-09-09 12:00,2026-09-13 09:00,84,나주,0,23.2,77.0,0.0,3.0,77.0,191.0,0.0,3.0
GFS,2026-09-09 12:00,2026-09-13 12:00,87,나주,0,27.5,74.0,2.0,5.0,74.0,665.0,0.0,3.0
GFS,2026-09-09 12:00,2026-09-13 15:00,90,나주,0,28.9,24.0,3.0,22.0,0.0,760.0,0.0,3.0
GFS,2026-09-09 12:00,2026-09-13 18:00,93,나주,0,23.5,47.0,5.0,47.0,0.0,348.0,0.0,3.0
GFS,2026-09-09 12:00,2026-09-13 21:00,96,나주,0,21.3,36.0,4.0,36.0,1.0,2.0,0.0,3.0
GFS,2026-09-09 12:00,2026-09-14 00:00,99,나주,0,20.7,91.0,58.0,90.0,13.0,0.0,0.0,3.0
GFS,2026-09-09 12:00,2026-09-14 03:00,102,나주,0,20.4,97.0,94.0,61.0,23.0,0.0,0.0,3.0
GFS,2026-09-09 12:00,2026-09-14 06:00,105,나주,0,20.2,100.0,88.0,77.0,98.0,0.0,0.0,3.0
GFS,2026-09-09 12:00,2026-09-14 09:00,108,나주,0,20.3,100.0,63.0,98.0,99.0,27.0,0.0,3.0
GFS,2026-09-09 12:00,2026-09-14 12:00,111,나주,0,26.0,100.0,1.0,100.0,100.0,433.0,0.0,3.0
GFS,2026-09-09 12:00,2026-09-14 15:00,114,나주,0,25.8,100.0,7.0,100.0,100.0,431.0,0.0,3.0
GFS,2026-09-09 12:00,2026-09-14 18:00,117,나주,0,22.4,100.0,3.0,100.0,100.0,137.0,0.0,3.0
GFS,2026-09-09 12:00,2026-09-14 21:00,120,나주,0,20.2,100.0,2.0,97.0,99.0,4.0,0.0,3.0
GFS,2026-09-09 12:00,2026-09-15 09:00,132,나주,0,19.4,38.0,0.0,9.0,38.0,65.0,0.0,6.0
GFS,2026-09-09 12:00,2026-09-15 21:00,144,나주,0,16.1,3.0,0.0,0.0,3.0,199.0,0.0,6.0
GFS,2026-09-09 12:00,2026-09-16 09:00,156,나주,0,20.5,100.0,0.0,94.0,100.0,75.0,0.0,6.0
GFS,2026-09-09 12:00,2026-09-16 21:00,168,나주,0,19.9,100.0,13.0,67.0,100.0,167.0,0.0,6.0
GFS,2026-09-09 12:00,2026-09-17 09:00,180,나주,0,22.3,98.0,0.0,90.0,98.0,58.0,0.0,6.0
GFS,2026-09-09 12:00,2026-09-17 21:00,192,나주,0,20.6,100.0,0.0,94.0,100.0,169.0,0.0,6.0
GFS,2026-09-09 12:00,2026-09-18 09:00,204,나주,0,22.1,62.0,0.0,49.0,61.0,82.0,0.0,6.0
GFS,2026-09-09 12:00,2026-09-18 21:00,216,나주,0,20.8,100.0,3.0,100.0,99.0,62.0,0.0,6.0
GFS,2026-09-09 12:00,2026-09-19 09:00,228,나주,0,22.2,1.0,0.0,1.0,0.0,82.0,0.0,6.0
GFS,2026-09-09 12:00,2026-09-19 21:00,240,나주,0,19.2,4.0,4.0,0.0,0.0,178.0,0.0,6.0
KIM,2026-09-09 12:00,2026-09-09 21:00,0,서울,1,17.3,75.0,60.0,19.0,41.0,6.0,,3.0
KIM,2026-09-09 12:00,2026-09-10 00:00,3,서울,1,15.5,61.0,24.0,10.0,51.0,0.0,0.0,3.0
KIM,2026-09-09 12:00,2026-09-10 03:00,6,서울,1,13.9,79.0,6.0,33.0,77.0,0.0,0.0,3.0
KIM,2026-09-09 12:00,2026-09-10 06:00,9,서울,1,13.1,87.0,1.0,49.0,85.0,0.0,0.0,3.0
KIM,2026-09-09 12:00,2026-09-10 09:00,12,서울,1,17.9,97.0,0.0,81.0,96.0,144.0,0.0,3.0
KIM,2026-09-09 12:00,2026-09-10 12:00,15,서울,1,22.9,94.0,0.0,92.0,36.0,661.0,0.0,3.0
KIM,2026-09-09 12:00,2026-09-10 15:00,18,서울,1,24.7,60.0,0.0,60.0,0.0,724.0,0.0,3.0
KIM,2026-09-09 12:00,2026-09-10 18:00,21,서울,1,22.9,10.0,0.0,10.0,0.0,343.0,0.0,3.0
KIM,2026-09-09 12:00,2026-09-10 21:00,24,서울,1,17.5,1.0,1.0,0.0,0.0,8.0,0.0,3.0
KIM,2026-09-09 12:00,2026-09-11 00:00,27,서울,1,15.6,2.0,0.0,0.0,1.0,0.0,0.0,3.0
KIM,2026-09-09 12:00,2026-09-11 03:00,30,서울,1,14.2,93.0,0.0,12.0,92.0,0.0,0.0,3.0
KIM,2026-09-09 12:00,2026-09-11 06:00,33,서울,1,13.2,87.0,0.0,14.0,86.0,0.0,0.0,3.0
KIM,2026-09-09 12:00,2026-09-11 09:00,36,서울,1,19.9,99.0,0.0,0.0,99.0,193.0,0.0,3.0
KIM,2026-09-09 12:00,2026-09-11 12:00,39,서울,1,24.7,96.0,0.0,0.0,96.0,653.0,0.0,3.0
KIM,2026-09-09 12:00,2026-09-11 15:00,42,서울,1,26.2,76.0,0.0,15.0,75.0,768.0,0.0,3.0
KIM,2026-09-09 12:00,2026-09-11 18:00,45,서울,1,23.1,90.0,0.0,46.0,89.0,302.0,0.0,3.0
KIM,2026-09-09 12:00,2026-09-11 21:00,48,서울,1,19.4,100.0,0.0,60.0,100.0,5.0,0.0,3.0
KIM,2026-09-09 12:00,2026-09-12 00:00,51,서울,1,17.2,98.0,0.0,60.0,97.0,0.0,0.0,3.0
KIM,2026-09-09 12:00,2026-09-12 03:00,54,서울,1,15.8,97.0,0.0,65.0,96.0,0.0,0.0,3.0
KIM,2026-09-09 12:00,2026-09-12 06:00,57,서울,1,14.8,98.0,0.0,63.0,97.0,0.0,0.0,3.0
KIM,2026-09-09 12:00,2026-09-12 09:00,60,서울,1,21.0,91.0,0.0,59.0,78.0,166.0,0.0,3.0
KIM,2026-09-09 12:00,2026-09-12 12:00,63,서울,1,25.9,91.0,1.0,73.0,86.0,579.0,0.0,3.0
KIM,2026-09-09 12:00,2026-09-12 15:00,66,서울,1,26.8,95.0,15.0,78.0,87.0,560.0,0.0,3.0
KIM,2026-09-09 12:00,2026-09-12 18:00,69,서울,1,24.3,100.0,15.0,75.0,100.0,216.0,0.0,3.0
KIM,2026-09-09 12:00,2026-09-12 21:00,72,서울,1,20.6,100.0,0.0,75.0,100.0,5.0,0.0,3.0
KIM,2026-09-09 12:00,2026-09-13 00:00,75,서울,1,19.3,100.0,32.0,73.0,100.0,0.0,0.0,3.0
KIM,2026-09-09 12:00,2026-09-13 03:00,78,서울,1,19.3,98.0,70.0,74.0,84.0,0.0,0.0,3.0
KIM,2026-09-09 12:00,2026-09-13 06:00,81,서울,1,18.5,99.0,40.0,78.0,99.0,0.0,0.0,3.0
KIM,2026-09-09 12:00,2026-09-13 09:00,84,서울,1,20.7,91.0,38.0,88.0,59.0,44.0,0.0,3.0
KIM,2026-09-09 12:00,2026-09-13 12:00,87,서울,1,26.6,84.0,32.0,70.0,75.0,575.0,0.0,3.0
KIM,2026-09-09 12:00,2026-09-13 15:00,90,서울,1,27.3,95.0,6.0,80.0,90.0,601.0,0.0,3.0
KIM,2026-09-09 12:00,2026-09-13 18:00,93,서울,1,24.6,85.0,0.0,72.0,74.0,289.0,0.0,3.0
KIM,2026-09-09 12:00,2026-09-13 21:00,96,서울,1,21.1,99.0,0.0,57.0,99.0,5.0,0.0,3.0
KIM,2026-09-09 12:00,2026-09-14 00:00,99,서울,1,19.8,99.0,0.0,66.0,99.0,0.0,0.0,3.0
KIM,2026-09-09 12:00,2026-09-14 03:00,102,서울,1,19.1,98.0,0.0,34.0,97.0,0.0,0.0,3.0
KIM,2026-09-09 12:00,2026-09-14 06:00,105,서울,1,17.8,100.0,36.0,58.0,100.0,0.0,0.0,3.0
KIM,2026-09-09 12:00,2026-09-14 09:00,108,서울,1,21.4,100.0,13.0,66.0,100.0,115.0,0.0,3.0
KIM,2026-09-09 12:00,2026-09-14 12:00,111,서울,1,25.2,96.0,0.0,32.0,96.0,539.0,0.0,3.0
KIM,2026-09-09 12:00,2026-09-14 15:00,114,서울,1,26.0,87.0,0.0,5.0,87.0,709.0,0.0,3.0
KIM,2026-09-09 12:00,2026-09-14 18:00,117,서울,1,23.0,95.0,0.0,0.0,95.0,344.0,0.0,3.0
KIM,2026-09-09 12:00,2026-09-14 21:00,120,서울,1,18.1,8.0,0.0,0.0,8.0,5.0,0.0,3.0
KIM,2026-09-09 12:00,2026-09-15 09:00,132,서울,1,19.1,75.0,2.0,0.0,74.0,150.0,0.0,3.0
KIM,2026-09-09 12:00,2026-09-15 21:00,144,서울,1,18.7,1.0,0.0,0.0,1.0,5.0,0.0,3.0
KIM,2026-09-09 12:00,2026-09-16 09:00,156,서울,1,21.2,61.0,57.0,0.0,23.0,184.0,0.0,3.0
KIM,2026-09-09 12:00,2026-09-16 21:00,168,서울,1,20.1,40.0,1.0,0.0,39.0,4.0,0.0,3.0
KIM,2026-09-09 12:00,2026-09-17 09:00,180,서울,1,22.4,6.0,1.0,5.0,0.0,178.0,0.0,3.0
KIM,2026-09-09 12:00,2026-09-17 21:00,192,서울,1,21.5,50.0,0.0,0.0,50.0,4.0,0.0,3.0
KIM,2026-09-09 12:00,2026-09-18 09:00,204,서울,1,22.6,83.0,4.0,0.0,83.0,163.0,0.0,3.0
KIM,2026-09-09 12:00,2026-09-18 21:00,216,서울,1,22.2,24.0,21.0,0.0,3.0,3.0,0.0,3.0
KIM,2026-09-09 12:00,2026-09-19 09:00,228,서울,1,23.2,84.0,0.0,0.0,84.0,167.0,0.0,3.0
KIM,2026-09-09 12:00,2026-09-19 21:00,240,서울,1,21.9,100.0,99.0,100.0,98.0,1.0,14.3,3.0
KIM,2026-09-09 12:00,2026-09-20 09:00,252,서울,1,20.2,100.0,97.0,94.0,5.0,19.0,15.9,3.0
KIM,2026-09-09 12:00,2026-09-20 21:00,264,서울,1,23.0,89.0,78.0,21.0,61.0,3.0,0.0,3.0
KIM,2026-09-09 12:00,2026-09-21 09:00,276,서울,1,22.4,91.0,64.0,2.0,82.0,112.0,0.1,3.0
KIM,2026-09-09 12:00,2026-09-21 21:00,288,서울,1,21.1,99.0,43.0,0.0,98.0,1.0,0.5,3.0
KIM,2026-09-09 12:00,2026-09-09 21:00,0,대전,1,19.0,65.0,65.0,0.0,0.0,6.0,,3.0
KIM,2026-09-09 12:00,2026-09-10 00:00,3,대전,1,16.7,35.0,30.0,18.0,3.0,0.0,0.0,3.0
KIM,2026-09-09 12:00,2026-09-10 03:00,6,대전,1,15.4,2.0,1.0,1.0,0.0,0.0,0.0,3.0
KIM,2026-09-09 12:00,2026-09-10 06:00,9,대전,1,14.8,4.0,0.0,1.0,3.0,0.0,0.0,3.0
KIM,2026-09-09 12:00,2026-09-10 09:00,12,대전,1,18.3,6.0,0.0,4.0,4.0,204.0,0.0,3.0
KIM,2026-09-09 12:00,2026-09-10 12:00,15,대전,1,21.9,46.0,2.0,37.0,27.0,708.0,0.0,3.0
KIM,2026-09-09 12:00,2026-09-10 15:00,18,대전,1,22.8,27.0,0.0,21.0,13.0,664.0,0.0,3.0
KIM,2026-09-09 12:00,2026-09-10 18:00,21,대전,1,21.0,25.0,11.0,8.0,12.0,353.0,0.0,3.0
KIM,2026-09-09 12:00,2026-09-10 21:00,24,대전,1,18.6,43.0,26.0,4.0,25.0,7.0,0.0,3.0
KIM,2026-09-09 12:00,2026-09-11 00:00,27,대전,1,17.2,20.0,20.0,0.0,1.0,0.0,0.0,3.0
KIM,2026-09-09 12:00,2026-09-11 03:00,30,대전,1,15.3,26.0,8.0,3.0,18.0,0.0,0.0,3.0
KIM,2026-09-09 12:00,2026-09-11 06:00,33,대전,1,14.1,66.0,4.0,0.0,65.0,0.0,0.0,3.0
KIM,2026-09-09 12:00,2026-09-11 09:00,36,대전,1,19.0,4.0,0.0,0.0,4.0,207.0,0.0,3.0
KIM,2026-09-09 12:00,2026-09-11 12:00,39,대전,1,23.1,56.0,0.0,0.0,56.0,721.0,0.0,3.0
KIM,2026-09-09 12:00,2026-09-11 15:00,42,대전,1,24.3,46.0,0.0,6.0,44.0,780.0,0.0,3.0
KIM,2026-09-09 12:00,2026-09-11 18:00,45,대전,1,21.6,76.0,0.0,1.0,76.0,338.0,0.0,3.0
KIM,2026-09-09 12:00,2026-09-11 21:00,48,대전,1,18.2,80.0,0.0,8.0,80.0,6.0,0.0,3.0
KIM,2026-09-09 12:00,2026-09-12 00:00,51,대전,1,16.4,90.0,0.0,37.0,89.0,0.0,0.0,3.0
KIM,2026-09-09 12:00,2026-09-12 03:00,54,대전,1,15.5,64.0,0.0,37.0,56.0,0.0,0.0,3.0
KIM,2026-09-09 12:00,2026-09-12 06:00,57,대전,1,14.9,50.0,0.0,41.0,39.0,0.0,0.0,3.0
KIM,2026-09-09 12:00,2026-09-12 09:00,60,대전,1,20.0,50.0,0.0,33.0,46.0,177.0,0.0,3.0
KIM,2026-09-09 12:00,2026-09-12 12:00,63,대전,1,24.9,16.0,0.0,7.0,14.0,677.0,0.0,3.0
KIM,2026-09-09 12:00,2026-09-12 15:00,66,대전,1,26.4,8.0,0.0,0.0,8.0,793.0,0.0,3.0
KIM,2026-09-09 12:00,2026-09-12 18:00,69,대전,1,22.8,0.0,0.0,0.0,0.0,367.0,0.0,3.0
KIM,2026-09-09 12:00,2026-09-12 21:00,72,대전,1,19.4,6.0,0.0,6.0,0.0,6.0,0.0,3.0
KIM,2026-09-09 12:00,2026-09-13 00:00,75,대전,1,17.9,27.0,2.0,19.0,19.0,0.0,0.0,3.0
KIM,2026-09-09 12:00,2026-09-13 03:00,78,대전,1,16.7,25.0,7.0,7.0,24.0,0.0,0.0,3.0
KIM,2026-09-09 12:00,2026-09-13 06:00,81,대전,1,15.8,64.0,13.0,9.0,59.0,0.0,0.0,3.0
KIM,2026-09-09 12:00,2026-09-13 09:00,84,대전,1,21.5,33.0,0.0,0.0,33.0,192.0,0.0,3.0
KIM,2026-09-09 12:00,2026-09-13 12:00,87,대전,1,25.6,24.0,0.0,3.0,23.0,656.0,0.0,3.0
KIM,2026-09-09 12:00,2026-09-13 15:00,90,대전,1,27.0,70.0,0.0,2.0,70.0,720.0,0.0,3.0
KIM,2026-09-09 12:00,2026-09-13 18:00,93,대전,1,24.2,10.0,0.0,10.0,1.0,285.0,0.0,3.0
KIM,2026-09-09 12:00,2026-09-13 21:00,96,대전,1,20.8,54.0,26.0,14.0,52.0,5.0,0.0,3.0
KIM,2026-09-09 12:00,2026-09-14 00:00,99,대전,1,18.7,98.0,20.0,28.0,97.0,0.0,0.0,3.0
KIM,2026-09-09 12:00,2026-09-14 03:00,102,대전,1,18.0,100.0,0.0,39.0,100.0,0.0,0.0,3.0
KIM,2026-09-09 12:00,2026-09-14 06:00,105,대전,1,16.6,37.0,6.0,20.0,20.0,0.0,0.0,3.0
KIM,2026-09-09 12:00,2026-09-14 09:00,108,대전,1,21.2,86.0,0.0,70.0,66.0,178.0,0.0,3.0
KIM,2026-09-09 12:00,2026-09-14 12:00,111,대전,1,23.9,82.0,6.0,77.0,14.0,557.0,0.0,3.0
KIM,2026-09-09 12:00,2026-09-14 15:00,114,대전,1,26.0,61.0,0.0,58.0,21.0,682.0,0.0,3.0
KIM,2026-09-09 12:00,2026-09-14 18:00,117,대전,1,21.6,98.0,1.0,63.0,97.0,279.0,0.0,3.0
KIM,2026-09-09 12:00,2026-09-14 21:00,120,대전,1,18.8,74.0,0.0,7.0,74.0,3.0,0.0,3.0
KIM,2026-09-09 12:00,2026-09-15 09:00,132,대전,1,17.6,98.0,0.0,18.0,97.0,140.0,0.0,3.0
KIM,2026-09-09 12:00,2026-09-15 21:00,144,대전,1,17.9,70.0,0.0,0.0,70.0,5.0,0.0,3.0
KIM,2026-09-09 12:00,2026-09-16 09:00,156,대전,1,19.8,96.0,1.0,0.0,96.0,192.0,0.0,3.0
KIM,2026-09-09 12:00,2026-09-16 21:00,168,대전,1,19.6,100.0,0.0,45.0,100.0,4.0,0.0,3.0
KIM,2026-09-09 12:00,2026-09-17 09:00,180,대전,1,20.9,0.0,0.0,0.0,0.0,193.0,0.0,3.0
KIM,2026-09-09 12:00,2026-09-17 21:00,192,대전,1,21.5,89.0,1.0,0.0,89.0,4.0,0.0,3.0
KIM,2026-09-09 12:00,2026-09-18 09:00,204,대전,1,22.1,66.0,42.0,0.0,60.0,186.0,0.0,3.0
KIM,2026-09-09 12:00,2026-09-18 21:00,216,대전,1,21.8,99.0,2.0,17.0,99.0,3.0,0.0,3.0
KIM,2026-09-09 12:00,2026-09-19 09:00,228,대전,1,23.6,66.0,26.0,0.0,57.0,177.0,0.0,3.0
KIM,2026-09-09 12:00,2026-09-19 21:00,240,대전,1,22.3,100.0,85.0,100.0,100.0,1.0,7.1,3.0
KIM,2026-09-09 12:00,2026-09-20 09:00,252,대전,1,22.4,99.0,67.0,93.0,85.0,54.0,10.0,3.0
KIM,2026-09-09 12:00,2026-09-20 21:00,264,대전,1,21.2,83.0,82.0,4.0,20.0,2.0,0.1,3.0
KIM,2026-09-09 12:00,2026-09-21 09:00,276,대전,1,21.8,96.0,69.0,6.0,94.0,136.0,0.0,3.0
KIM,2026-09-09 12:00,2026-09-21 21:00,288,대전,1,22.7,100.0,80.0,0.0,100.0,2.0,0.2,3.0
KIM,2026-09-09 12:00,2026-09-09 21:00,0,대구,1,17.5,14.0,14.0,0.0,0.0,5.0,,3.0
KIM,2026-09-09 12:00,2026-09-10 00:00,3,대구,1,16.0,20.0,20.0,0.0,0.0,0.0,0.0,3.0
KIM,2026-09-09 12:00,2026-09-10 03:00,6,대구,1,14.9,9.0,9.0,0.0,0.0,0.0,0.0,3.0
KIM,2026-09-09 12:00,2026-09-10 06:00,9,대구,1,14.6,4.0,4.0,0.0,0.0,0.0,0.0,3.0
KIM,2026-09-09 12:00,2026-09-10 09:00,12,대구,1,20.0,17.0,16.0,0.0,1.0,219.0,0.0,3.0
KIM,2026-09-09 12:00,2026-09-10 12:00,15,대구,1,22.7,18.0,17.0,0.0,2.0,718.0,0.0,3.0
KIM,2026-09-09 12:00,2026-09-10 15:00,18,대구,1,23.2,48.0,32.0,1.0,23.0,790.0,0.0,3.0
KIM,2026-09-09 12:00,2026-09-10 18:00,21,대구,1,20.2,73.0,50.0,29.0,50.0,353.0,0.0,3.0
KIM,2026-09-09 12:00,2026-09-10 21:00,24,대구,1,18.2,33.0,26.0,5.0,9.0,5.0,0.0,3.0
KIM,2026-09-09 12:00,2026-09-11 00:00,27,대구,1,16.5,34.0,34.0,0.0,0.0,0.0,0.0,3.0
KIM,2026-09-09 12:00,2026-09-11 03:00,30,대구,1,15.3,10.0,9.0,1.0,0.0,0.0,0.0,3.0
KIM,2026-09-09 12:00,2026-09-11 06:00,33,대구,1,14.5,3.0,0.0,3.0,0.0,0.0,0.0,3.0
KIM,2026-09-09 12:00,2026-09-11 09:00,36,대구,1,20.7,0.0,0.0,0.0,0.0,219.0,0.0,3.0
KIM,2026-09-09 12:00,2026-09-11 12:00,39,대구,1,24.8,21.0,13.0,0.0,8.0,726.0,0.0,3.0
KIM,2026-09-09 12:00,2026-09-11 15:00,42,대구,1,25.7,16.0,15.0,0.0,2.0,791.0,0.0,3.0
KIM,2026-09-09 12:00,2026-09-11 18:00,45,대구,1,22.3,33.0,28.0,8.0,0.0,352.0,0.0,3.0
KIM,2026-09-09 12:00,2026-09-11 21:00,48,대구,1,19.1,21.0,12.0,2.0,12.0,5.0,0.0,3.0
KIM,2026-09-09 12:00,2026-09-12 00:00,51,대구,1,17.2,8.0,2.0,0.0,6.0,0.0,0.0,3.0
KIM,2026-09-09 12:00,2026-09-12 03:00,54,대구,1,15.7,9.0,9.0,0.0,0.0,0.0,0.0,3.0
KIM,2026-09-09 12:00,2026-09-12 06:00,57,대구,1,15.0,12.0,12.0,0.0,0.0,0.0,0.0,3.0
KIM,2026-09-09 12:00,2026-09-12 09:00,60,대구,1,21.2,4.0,4.0,0.0,0.0,218.0,0.0,3.0
KIM,2026-09-09 12:00,2026-09-12 12:00,63,대구,1,25.9,42.0,36.0,0.0,9.0,719.0,0.0,3.0
KIM,2026-09-09 12:00,2026-09-12 15:00,66,대구,1,25.6,50.0,49.0,0.0,0.0,587.0,0.1,3.0
KIM,2026-09-09 12:00,2026-09-12 18:00,69,대구,1,23.4,52.0,52.0,0.0,0.0,233.0,0.0,3.0
KIM,2026-09-09 12:00,2026-09-12 21:00,72,대구,1,20.4,30.0,30.0,0.0,0.0,4.0,0.0,3.0
KIM,2026-09-09 12:00,2026-09-13 00:00,75,대구,1,19.1,44.0,43.0,0.0,6.0,0.0,0.0,3.0
KIM,2026-09-09 12:00,2026-09-13 03:00,78,대구,1,18.5,85.0,61.0,0.0,47.0,0.0,0.0,3.0
KIM,2026-09-09 12:00,2026-09-13 06:00,81,대구,1,18.2,95.0,82.0,0.0,77.0,0.0,0.0,3.0
KIM,2026-09-09 12:00,2026-09-13 09:00,84,대구,1,22.0,50.0,17.0,0.0,43.0,152.0,0.0,3.0
KIM,2026-09-09 12:00,2026-09-13 12:00,87,대구,1,27.6,8.0,0.0,5.0,4.0,700.0,0.0,3.0
KIM,2026-09-09 12:00,2026-09-13 15:00,90,대구,1,29.0,49.0,0.0,39.0,21.0,767.0,0.0,3.0
KIM,2026-09-09 12:00,2026-09-13 18:00,93,대구,1,25.9,89.0,2.0,51.0,62.0,311.0,0.0,3.0
KIM,2026-09-09 12:00,2026-09-13 21:00,96,대구,1,22.7,31.0,1.0,10.0,30.0,3.0,0.0,3.0
KIM,2026-09-09 12:00,2026-09-14 00:00,99,대구,1,21.8,90.0,12.0,55.0,81.0,0.0,0.0,3.0
KIM,2026-09-09 12:00,2026-09-14 03:00,102,대구,1,19.9,95.0,10.0,66.0,93.0,0.0,0.0,3.0
KIM,2026-09-09 12:00,2026-09-14 06:00,105,대구,1,18.5,46.0,27.0,27.0,39.0,0.0,0.0,3.0
KIM,2026-09-09 12:00,2026-09-14 09:00,108,대구,1,22.7,92.0,2.0,75.0,58.0,205.0,0.0,3.0
KIM,2026-09-09 12:00,2026-09-14 12:00,111,대구,1,23.9,92.0,9.0,76.0,75.0,408.0,0.0,3.0
KIM,2026-09-09 12:00,2026-09-14 15:00,114,대구,1,27.3,88.0,0.0,79.0,73.0,501.0,0.0,3.0
KIM,2026-09-09 12:00,2026-09-14 18:00,117,대구,1,24.5,77.0,0.0,38.0,64.0,290.0,0.0,3.0
KIM,2026-09-09 12:00,2026-09-14 21:00,120,대구,1,21.1,96.0,0.0,38.0,96.0,3.0,0.0,3.0
KIM,2026-09-09 12:00,2026-09-15 09:00,132,대구,1,21.3,99.0,7.0,0.0,99.0,209.0,0.0,3.0
KIM,2026-09-09 12:00,2026-09-15 21:00,144,대구,1,17.8,56.0,26.0,0.0,51.0,3.0,0.0,3.0
KIM,2026-09-09 12:00,2026-09-16 09:00,156,대구,1,20.8,72.0,0.0,13.0,70.0,193.0,0.0,3.0
KIM,2026-09-09 12:00,2026-09-16 21:00,168,대구,1,19.5,99.0,0.0,29.0,99.0,3.0,0.0,3.0
KIM,2026-09-09 12:00,2026-09-17 09:00,180,대구,1,22.2,20.0,2.0,0.0,19.0,206.0,0.0,3.0
KIM,2026-09-09 12:00,2026-09-17 21:00,192,대구,1,21.2,98.0,17.0,0.0,97.0,2.0,0.0,3.0
KIM,2026-09-09 12:00,2026-09-18 09:00,204,대구,1,23.2,94.0,82.0,0.0,90.0,178.0,0.0,3.0
KIM,2026-09-09 12:00,2026-09-18 21:00,216,대구,1,22.3,94.0,30.0,86.0,72.0,1.0,0.2,3.0
KIM,2026-09-09 12:00,2026-09-19 09:00,228,대구,1,22.2,97.0,96.0,21.0,82.0,40.0,1.0,3.0
KIM,2026-09-09 12:00,2026-09-19 21:00,240,대구,1,21.8,98.0,95.0,9.0,84.0,2.0,1.9,3.0
KIM,2026-09-09 12:00,2026-09-20 09:00,252,대구,1,23.9,96.0,32.0,92.0,43.0,114.0,0.1,3.0
KIM,2026-09-09 12:00,2026-09-20 21:00,264,대구,1,20.2,98.0,81.0,63.0,90.0,0.0,5.2,3.0
KIM,2026-09-09 12:00,2026-09-21 09:00,276,대구,1,21.9,100.0,83.0,10.0,87.0,81.0,0.0,3.0
KIM,2026-09-09 12:00,2026-09-21 21:00,288,대구,1,21.1,100.0,81.0,0.0,100.0,1.0,0.1,3.0
KIM,2026-09-09 12:00,2026-09-09 21:00,0,광주,1,20.9,44.0,44.0,0.0,0.0,3.0,,3.0
KIM,2026-09-09 12:00,2026-09-10 00:00,3,광주,1,18.7,16.0,16.0,0.0,0.0,0.0,0.0,3.0
KIM,2026-09-09 12:00,2026-09-10 03:00,6,광주,1,17.0,10.0,10.0,0.0,0.0,0.0,0.0,3.0
KIM,2026-09-09 12:00,2026-09-10 06:00,9,광주,1,15.8,10.0,10.0,0.0,0.0,0.0,0.0,3.0
KIM,2026-09-09 12:00,2026-09-10 09:00,12,광주,1,20.3,19.0,7.0,0.0,14.0,195.0,0.0,3.0
KIM,2026-09-09 12:00,2026-09-10 12:00,15,광주,1,24.3,22.0,22.0,0.0,0.0,704.0,0.0,3.0
KIM,2026-09-09 12:00,2026-09-10 15:00,18,광주,1,25.4,10.0,9.0,1.0,0.0,796.0,0.0,3.0
KIM,2026-09-09 12:00,2026-09-10 18:00,21,광주,1,23.4,61.0,45.0,4.0,24.0,374.0,0.0,3.0
KIM,2026-09-09 12:00,2026-09-10 21:00,24,광주,1,20.0,56.0,38.0,17.0,13.0,7.0,0.0,3.0
KIM,2026-09-09 12:00,2026-09-11 00:00,27,광주,1,19.1,44.0,25.0,9.0,22.0,0.0,0.0,3.0
KIM,2026-09-09 12:00,2026-09-11 03:00,30,광주,1,17.1,12.0,2.0,2.0,9.0,0.0,0.0,3.0
KIM,2026-09-09 12:00,2026-09-11 06:00,33,광주,1,15.9,15.0,5.0,11.0,2.0,0.0,0.0,3.0
KIM,2026-09-09 12:00,2026-09-11 09:00,36,광주,1,20.8,15.0,3.0,9.0,5.0,194.0,0.0,3.0
KIM,2026-09-09 12:00,2026-09-11 12:00,39,광주,1,25.2,31.0,0.0,0.0,31.0,712.0,0.0,3.0
KIM,2026-09-09 12:00,2026-09-11 15:00,42,광주,1,26.8,0.0,0.0,0.0,0.0,807.0,0.0,3.0
KIM,2026-09-09 12:00,2026-09-11 18:00,45,광주,1,24.2,0.0,0.0,0.0,0.0,379.0,0.0,3.0
KIM,2026-09-09 12:00,2026-09-11 21:00,48,광주,1,20.2,14.0,0.0,0.0,14.0,7.0,0.0,3.0
KIM,2026-09-09 12:00,2026-09-12 00:00,51,광주,1,18.5,13.0,0.0,0.0,13.0,0.0,0.0,3.0
KIM,2026-09-09 12:00,2026-09-12 03:00,54,광주,1,17.8,8.0,6.0,0.0,2.0,0.0,0.0,3.0
KIM,2026-09-09 12:00,2026-09-12 06:00,57,광주,1,16.7,5.0,5.0,0.0,0.0,0.0,0.0,3.0
KIM,2026-09-09 12:00,2026-09-12 09:00,60,광주,1,22.3,31.0,1.0,0.0,31.0,191.0,0.0,3.0
KIM,2026-09-09 12:00,2026-09-12 12:00,63,광주,1,26.5,0.0,0.0,0.0,0.0,704.0,0.0,3.0
KIM,2026-09-09 12:00,2026-09-12 15:00,66,광주,1,27.9,0.0,0.0,0.0,0.0,797.0,0.0,3.0
KIM,2026-09-09 12:00,2026-09-12 18:00,69,광주,1,25.5,0.0,0.0,0.0,0.0,371.0,0.0,3.0
KIM,2026-09-09 12:00,2026-09-12 21:00,72,광주,1,21.0,18.0,0.0,0.0,18.0,6.0,0.0,3.0
KIM,2026-09-09 12:00,2026-09-13 00:00,75,광주,1,19.3,57.0,4.0,0.0,57.0,0.0,0.0,3.0
KIM,2026-09-09 12:00,2026-09-13 03:00,78,광주,1,19.0,93.0,23.0,8.0,92.0,0.0,0.0,3.0
KIM,2026-09-09 12:00,2026-09-13 06:00,81,광주,1,18.5,81.0,21.0,10.0,80.0,0.0,0.0,3.0
KIM,2026-09-09 12:00,2026-09-13 09:00,84,광주,1,23.6,23.0,5.0,4.0,20.0,181.0,0.0,3.0
KIM,2026-09-09 12:00,2026-09-13 12:00,87,광주,1,27.7,62.0,0.0,35.0,45.0,673.0,0.0,3.0
KIM,2026-09-09 12:00,2026-09-13 15:00,90,광주,1,28.1,95.0,0.0,79.0,80.0,696.0,0.0,3.0
KIM,2026-09-09 12:00,2026-09-13 18:00,93,광주,1,23.9,77.0,13.0,42.0,69.0,97.0,0.0,3.0
KIM,2026-09-09 12:00,2026-09-13 21:00,96,광주,1,21.7,93.0,5.0,63.0,85.0,3.0,0.0,3.0
KIM,2026-09-09 12:00,2026-09-14 00:00,99,광주,1,20.5,96.0,22.0,84.0,70.0,0.0,0.0,3.0
KIM,2026-09-09 12:00,2026-09-14 03:00,102,광주,1,19.8,99.0,1.0,42.0,99.0,0.0,0.0,3.0
KIM,2026-09-09 12:00,2026-09-14 06:00,105,광주,1,18.6,95.0,1.0,47.0,91.0,0.0,0.0,3.0
KIM,2026-09-09 12:00,2026-09-14 09:00,108,광주,1,20.6,88.0,31.0,86.0,41.0,75.0,0.0,3.0
KIM,2026-09-09 12:00,2026-09-14 12:00,111,광주,1,25.4,99.0,35.0,97.0,61.0,292.0,0.0,3.0
KIM,2026-09-09 12:00,2026-09-14 15:00,114,광주,1,26.3,63.0,0.0,41.0,38.0,500.0,0.0,3.0
KIM,2026-09-09 12:00,2026-09-14 18:00,117,광주,1,24.3,75.0,0.0,55.0,62.0,263.0,0.0,3.0
KIM,2026-09-09 12:00,2026-09-14 21:00,120,광주,1,21.5,64.0,0.0,17.0,56.0,5.0,0.0,3.0
KIM,2026-09-09 12:00,2026-09-15 09:00,132,광주,1,20.4,98.0,0.0,0.0,98.0,188.0,0.0,3.0
KIM,2026-09-09 12:00,2026-09-15 21:00,144,광주,1,18.2,88.0,0.0,0.0,88.0,5.0,0.0,3.0
KIM,2026-09-09 12:00,2026-09-16 09:00,156,광주,1,21.0,91.0,0.0,41.0,90.0,183.0,0.0,3.0
KIM,2026-09-09 12:00,2026-09-16 21:00,168,광주,1,21.0,100.0,0.0,63.0,100.0,4.0,0.0,3.0
KIM,2026-09-09 12:00,2026-09-17 09:00,180,광주,1,22.1,73.0,0.0,25.0,69.0,185.0,0.0,3.0
KIM,2026-09-09 12:00,2026-09-17 21:00,192,광주,1,21.6,88.0,11.0,0.0,87.0,4.0,0.0,3.0
KIM,2026-09-09 12:00,2026-09-18 09:00,204,광주,1,23.4,85.0,45.0,2.0,85.0,167.0,0.0,3.0
KIM,2026-09-09 12:00,2026-09-18 21:00,216,광주,1,22.2,95.0,5.0,86.0,52.0,2.0,0.1,3.0
KIM,2026-09-09 12:00,2026-09-19 09:00,228,광주,1,23.5,100.0,41.0,29.0,100.0,134.0,7.3,3.0
KIM,2026-09-09 12:00,2026-09-19 21:00,240,광주,1,22.4,99.0,44.0,16.0,99.0,2.0,7.1,3.0
KIM,2026-09-09 12:00,2026-09-20 09:00,252,광주,1,23.2,98.0,43.0,98.0,69.0,89.0,2.2,3.0
KIM,2026-09-09 12:00,2026-09-20 21:00,264,광주,1,22.7,44.0,16.0,22.0,22.0,2.0,2.2,3.0
KIM,2026-09-09 12:00,2026-09-21 09:00,276,광주,1,23.0,74.0,31.0,3.0,67.0,124.0,5.4,3.0
KIM,2026-09-09 12:00,2026-09-21 21:00,288,광주,1,22.9,100.0,31.0,0.0,100.0,2.0,2.0,3.0
KIM,2026-09-09 12:00,2026-09-09 21:00,0,부산,1,20.0,10.0,9.0,0.0,1.0,5.0,,3.0
KIM,2026-09-09 12:00,2026-09-10 00:00,3,부산,1,19.3,15.0,15.0,0.0,0.0,0.0,0.0,3.0
KIM,2026-09-09 12:00,2026-09-10 03:00,6,부산,1,19.0,35.0,35.0,0.0,0.0,0.0,0.0,3.0
KIM,2026-09-09 12:00,2026-09-10 06:00,9,부산,1,19.1,45.0,45.0,0.0,0.0,0.0,0.0,3.0
KIM,2026-09-09 12:00,2026-09-10 09:00,12,부산,1,22.1,42.0,42.0,0.0,0.0,215.0,0.0,3.0
KIM,2026-09-09 12:00,2026-09-10 12:00,15,부산,1,24.2,24.0,24.0,0.0,0.0,714.0,0.0,3.0
KIM,2026-09-09 12:00,2026-09-10 15:00,18,부산,1,24.4,13.0,13.0,0.0,0.0,781.0,0.0,3.0
KIM,2026-09-09 12:00,2026-09-10 18:00,21,부산,1,22.0,27.0,23.0,0.0,8.0,346.0,0.0,3.0
KIM,2026-09-09 12:00,2026-09-10 21:00,24,부산,1,20.2,49.0,49.0,0.0,0.0,4.0,0.0,3.0
KIM,2026-09-09 12:00,2026-09-11 00:00,27,부산,1,19.2,66.0,62.0,0.0,5.0,0.0,0.0,3.0
KIM,2026-09-09 12:00,2026-09-11 03:00,30,부산,1,18.7,42.0,36.0,0.0,14.0,0.0,0.0,3.0
KIM,2026-09-09 12:00,2026-09-11 06:00,33,부산,1,18.6,15.0,10.0,0.0,8.0,0.0,0.0,3.0
KIM,2026-09-09 12:00,2026-09-11 09:00,36,부산,1,23.3,36.0,19.0,0.0,19.0,211.0,0.0,3.0
KIM,2026-09-09 12:00,2026-09-11 12:00,39,부산,1,26.7,53.0,17.0,0.0,45.0,706.0,0.0,3.0
KIM,2026-09-09 12:00,2026-09-11 15:00,42,부산,1,26.6,28.0,21.0,0.0,9.0,773.0,0.0,3.0
KIM,2026-09-09 12:00,2026-09-11 18:00,45,부산,1,23.6,32.0,32.0,0.0,0.0,339.0,0.0,3.0
KIM,2026-09-09 12:00,2026-09-11 21:00,48,부산,1,21.4,34.0,34.0,0.0,0.0,4.0,0.0,3.0
KIM,2026-09-09 12:00,2026-09-12 00:00,51,부산,1,20.4,51.0,34.0,0.0,35.0,0.0,0.0,3.0
KIM,2026-09-09 12:00,2026-09-12 03:00,54,부산,1,20.0,62.0,50.0,0.0,48.0,0.0,0.0,3.0
KIM,2026-09-09 12:00,2026-09-12 06:00,57,부산,1,19.8,56.0,55.0,0.0,5.0,0.0,0.0,3.0
KIM,2026-09-09 12:00,2026-09-12 09:00,60,부산,1,24.7,53.0,53.0,0.0,1.0,209.0,0.0,3.0
KIM,2026-09-09 12:00,2026-09-12 12:00,63,부산,1,26.8,68.0,61.0,0.0,18.0,578.0,0.1,3.0
KIM,2026-09-09 12:00,2026-09-12 15:00,66,부산,1,27.9,47.0,46.0,0.0,4.0,698.0,0.0,3.0
KIM,2026-09-09 12:00,2026-09-12 18:00,69,부산,1,24.8,62.0,62.0,0.0,0.0,334.0,0.0,3.0
KIM,2026-09-09 12:00,2026-09-12 21:00,72,부산,1,22.7,56.0,56.0,0.0,0.0,3.0,0.0,3.0
KIM,2026-09-09 12:00,2026-09-13 00:00,75,부산,1,22.1,74.0,50.0,0.0,59.0,0.0,0.0,3.0
KIM,2026-09-09 12:00,2026-09-13 03:00,78,부산,1,21.4,72.0,68.0,0.0,44.0,0.0,0.0,3.0
KIM,2026-09-09 12:00,2026-09-13 06:00,81,부산,1,20.8,80.0,75.0,0.0,38.0,0.0,0.0,3.0
KIM,2026-09-09 12:00,2026-09-13 09:00,84,부산,1,26.4,33.0,30.0,0.0,11.0,193.0,0.0,3.0
KIM,2026-09-09 12:00,2026-09-13 12:00,87,부산,1,30.0,55.0,15.0,0.0,53.0,702.0,0.0,3.0
KIM,2026-09-09 12:00,2026-09-13 15:00,90,부산,1,29.4,50.0,26.0,19.0,27.0,762.0,0.0,3.0
KIM,2026-09-09 12:00,2026-09-13 18:00,93,부산,1,26.0,72.0,16.0,4.0,62.0,325.0,0.0,3.0
KIM,2026-09-09 12:00,2026-09-13 21:00,96,부산,1,23.6,96.0,24.0,34.0,95.0,3.0,0.0,3.0
KIM,2026-09-09 12:00,2026-09-14 00:00,99,부산,1,22.5,90.0,18.0,69.0,82.0,0.0,0.0,3.0
KIM,2026-09-09 12:00,2026-09-14 03:00,102,부산,1,21.6,96.0,18.0,72.0,86.0,0.0,0.0,3.0
KIM,2026-09-09 12:00,2026-09-14 06:00,105,부산,1,21.6,100.0,59.0,99.0,92.0,0.0,0.0,3.0
KIM,2026-09-09 12:00,2026-09-14 09:00,108,부산,1,23.9,98.0,59.0,96.0,81.0,82.0,0.0,3.0
KIM,2026-09-09 12:00,2026-09-14 12:00,111,부산,1,29.4,73.0,10.0,37.0,54.0,335.0,0.0,3.0
KIM,2026-09-09 12:00,2026-09-14 15:00,114,부산,1,29.4,98.0,70.0,79.0,86.0,748.0,0.0,3.0
KIM,2026-09-09 12:00,2026-09-14 18:00,117,부산,1,24.9,100.0,16.0,76.0,99.0,191.0,0.0,3.0
KIM,2026-09-09 12:00,2026-09-14 21:00,120,부산,1,23.3,100.0,1.0,31.0,100.0,1.0,0.0,3.0
KIM,2026-09-09 12:00,2026-09-15 09:00,132,부산,1,25.4,98.0,16.0,18.0,97.0,203.0,0.0,3.0
KIM,2026-09-09 12:00,2026-09-15 21:00,144,부산,1,22.7,89.0,47.0,0.0,83.0,2.0,0.4,3.0
KIM,2026-09-09 12:00,2026-09-16 09:00,156,부산,1,23.8,69.0,9.0,3.0,68.0,166.0,0.0,3.0
KIM,2026-09-09 12:00,2026-09-16 21:00,168,부산,1,21.7,100.0,15.0,46.0,100.0,2.0,0.0,3.0
KIM,2026-09-09 12:00,2026-09-17 09:00,180,부산,1,24.9,79.0,23.0,30.0,68.0,187.0,0.0,3.0
KIM,2026-09-09 12:00,2026-09-17 21:00,192,부산,1,23.3,99.0,27.0,0.0,99.0,2.0,0.1,3.0
KIM,2026-09-09 12:00,2026-09-18 09:00,204,부산,1,25.4,100.0,76.0,1.0,100.0,151.0,0.0,3.0
KIM,2026-09-09 12:00,2026-09-18 21:00,216,부산,1,23.8,99.0,56.0,98.0,62.0,0.0,0.1,3.0
KIM,2026-09-09 12:00,2026-09-19 09:00,228,부산,1,23.5,100.0,100.0,24.0,85.0,46.0,10.5,3.0
KIM,2026-09-09 12:00,2026-09-19 21:00,240,부산,1,23.5,97.0,92.0,0.0,80.0,1.0,1.6,3.0
KIM,2026-09-09 12:00,2026-09-20 09:00,252,부산,1,26.9,71.0,63.0,18.0,25.0,177.0,0.0,3.0
KIM,2026-09-09 12:00,2026-09-20 21:00,264,부산,1,22.6,99.0,93.0,27.0,89.0,1.0,3.9,3.0
KIM,2026-09-09 12:00,2026-09-21 09:00,276,부산,1,25.3,100.0,61.0,0.0,100.0,182.0,0.0,3.0
KIM,2026-09-09 12:00,2026-09-21 21:00,288,부산,1,23.3,100.0,80.0,0.0,100.0,1.0,0.1,3.0
KIM,2026-09-09 12:00,2026-09-09 21:00,0,인천,0,17.5,79.0,62.0,16.0,48.0,6.0,,3.0
KIM,2026-09-09 12:00,2026-09-10 00:00,3,인천,0,15.5,67.0,24.0,14.0,59.0,0.0,0.0,3.0
KIM,2026-09-09 12:00,2026-09-10 03:00,6,인천,0,14.1,90.0,6.0,42.0,89.0,0.0,0.0,3.0
KIM,2026-09-09 12:00,2026-09-10 06:00,9,인천,0,12.9,91.0,1.0,44.0,90.0,0.0,0.0,3.0
KIM,2026-09-09 12:00,2026-09-10 09:00,12,인천,0,17.0,97.0,0.0,78.0,96.0,145.0,0.0,3.0
KIM,2026-09-09 12:00,2026-09-10 12:00,15,인천,0,21.8,93.0,0.0,89.0,42.0,653.0,0.0,3.0
KIM,2026-09-09 12:00,2026-09-10 15:00,18,인천,0,23.4,60.0,0.0,60.0,0.0,715.0,0.0,3.0
KIM,2026-09-09 12:00,2026-09-10 18:00,21,인천,0,21.6,3.0,0.0,3.0,0.0,347.0,0.0,3.0
KIM,2026-09-09 12:00,2026-09-10 21:00,24,인천,0,17.7,0.0,0.0,0.0,0.0,8.0,0.0,3.0
KIM,2026-09-09 12:00,2026-09-11 00:00,27,인천,0,16.0,5.0,0.0,0.0,4.0,0.0,0.0,3.0
KIM,2026-09-09 12:00,2026-09-11 03:00,30,인천,0,14.5,96.0,0.0,16.0,95.0,0.0,0.0,3.0
KIM,2026-09-09 12:00,2026-09-11 06:00,33,인천,0,13.7,90.0,0.0,10.0,89.0,0.0,0.0,3.0
KIM,2026-09-09 12:00,2026-09-11 09:00,36,인천,0,18.6,99.0,0.0,0.0,99.0,186.0,0.0,3.0
KIM,2026-09-09 12:00,2026-09-11 12:00,39,인천,0,22.9,98.0,0.0,0.0,98.0,627.0,0.0,3.0
KIM,2026-09-09 12:00,2026-09-11 15:00,42,인천,0,23.8,82.0,0.0,17.0,81.0,753.0,0.0,3.0
KIM,2026-09-09 12:00,2026-09-11 18:00,45,인천,0,21.5,90.0,0.0,44.0,88.0,288.0,0.0,3.0
KIM,2026-09-09 12:00,2026-09-11 21:00,48,인천,0,19.6,100.0,0.0,58.0,100.0,4.0,0.0,3.0
KIM,2026-09-09 12:00,2026-09-12 00:00,51,인천,0,18.2,97.0,0.0,56.0,96.0,0.0,0.0,3.0
KIM,2026-09-09 12:00,2026-09-12 03:00,54,인천,0,16.4,97.0,0.0,57.0,96.0,0.0,0.0,3.0
KIM,2026-09-09 12:00,2026-09-12 06:00,57,인천,0,15.3,95.0,0.0,51.0,94.0,0.0,0.0,3.0
KIM,2026-09-09 12:00,2026-09-12 09:00,60,인천,0,19.8,92.0,0.0,48.0,84.0,164.0,0.0,3.0
KIM,2026-09-09 12:00,2026-09-12 12:00,63,인천,0,23.9,92.0,1.0,68.0,89.0,562.0,0.0,3.0
KIM,2026-09-09 12:00,2026-09-12 15:00,66,인천,0,24.1,97.0,12.0,73.0,94.0,568.0,0.0,3.0
KIM,2026-09-09 12:00,2026-09-12 18:00,69,인천,0,22.0,100.0,13.0,69.0,100.0,215.0,0.0,3.0
KIM,2026-09-09 12:00,2026-09-12 21:00,72,인천,0,20.1,100.0,0.0,73.0,100.0,5.0,0.0,3.0
KIM,2026-09-09 12:00,2026-09-13 00:00,75,인천,0,19.3,100.0,43.0,59.0,100.0,0.0,0.0,3.0
KIM,2026-09-09 12:00,2026-09-13 03:00,78,인천,0,19.0,98.0,58.0,48.0,93.0,0.0,0.0,3.0
KIM,2026-09-09 12:00,2026-09-13 06:00,81,인천,0,18.1,99.0,19.0,75.0,98.0,0.0,0.0,3.0
KIM,2026-09-09 12:00,2026-09-13 09:00,84,인천,0,20.4,97.0,50.0,93.0,76.0,87.0,0.0,3.0
KIM,2026-09-09 12:00,2026-09-13 12:00,87,인천,0,24.0,93.0,34.0,86.0,77.0,521.0,0.0,3.0
KIM,2026-09-09 12:00,2026-09-13 15:00,90,인천,0,24.5,94.0,3.0,83.0,88.0,537.0,0.0,3.0
KIM,2026-09-09 12:00,2026-09-13 18:00,93,인천,0,22.3,89.0,0.0,77.0,79.0,291.0,0.0,3.0
KIM,2026-09-09 12:00,2026-09-13 21:00,96,인천,0,21.0,98.0,0.0,47.0,97.0,5.0,0.0,3.0
KIM,2026-09-09 12:00,2026-09-14 00:00,99,인천,0,20.7,99.0,0.0,53.0,99.0,0.0,0.0,3.0
KIM,2026-09-09 12:00,2026-09-14 03:00,102,인천,0,19.3,99.0,2.0,19.0,98.0,0.0,0.0,3.0
KIM,2026-09-09 12:00,2026-09-14 06:00,105,인천,0,17.8,100.0,45.0,58.0,100.0,0.0,0.0,3.0
KIM,2026-09-09 12:00,2026-09-14 09:00,108,인천,0,20.6,100.0,10.0,51.0,100.0,114.0,0.0,3.0
KIM,2026-09-09 12:00,2026-09-14 12:00,111,인천,0,23.3,95.0,0.0,21.0,95.0,505.0,0.0,3.0
KIM,2026-09-09 12:00,2026-09-14 15:00,114,인천,0,24.3,85.0,0.0,0.0,85.0,729.0,0.0,3.0
KIM,2026-09-09 12:00,2026-09-14 18:00,117,인천,0,21.4,96.0,0.0,0.0,96.0,344.0,0.0,3.0
KIM,2026-09-09 12:00,2026-09-14 21:00,120,인천,0,18.4,13.0,0.0,0.0,13.0,5.0,0.0,3.0
KIM,2026-09-09 12:00,2026-09-15 09:00,132,인천,0,17.9,57.0,2.0,0.0,56.0,158.0,0.0,3.0
KIM,2026-09-09 12:00,2026-09-15 21:00,144,인천,0,18.6,0.0,0.0,0.0,0.0,5.0,0.0,3.0
KIM,2026-09-09 12:00,2026-09-16 09:00,156,인천,0,19.5,63.0,56.0,0.0,36.0,178.0,0.0,3.0
KIM,2026-09-09 12:00,2026-09-16 21:00,168,인천,0,19.6,34.0,4.0,0.0,30.0,4.0,0.0,3.0
KIM,2026-09-09 12:00,2026-09-17 09:00,180,인천,0,20.8,9.0,3.0,6.0,0.0,174.0,0.0,3.0
KIM,2026-09-09 12:00,2026-09-17 21:00,192,인천,0,20.6,57.0,0.0,0.0,57.0,4.0,0.0,3.0
KIM,2026-09-09 12:00,2026-09-18 09:00,204,인천,0,21.4,81.0,6.0,0.0,81.0,162.0,0.0,3.0
KIM,2026-09-09 12:00,2026-09-18 21:00,216,인천,0,21.5,13.0,12.0,0.0,2.0,3.0,0.0,3.0
KIM,2026-09-09 12:00,2026-09-19 09:00,228,인천,0,22.1,85.0,5.0,0.0,84.0,162.0,0.0,3.0
KIM,2026-09-09 12:00,2026-09-19 21:00,240,인천,0,22.0,100.0,100.0,100.0,98.0,1.0,7.4,3.0
KIM,2026-09-09 12:00,2026-09-20 09:00,252,인천,0,20.3,97.0,97.0,75.0,3.0,19.0,16.1,3.0
KIM,2026-09-09 12:00,2026-09-20 21:00,264,인천,0,21.4,80.0,60.0,13.0,57.0,3.0,0.0,3.0
KIM,2026-09-09 12:00,2026-09-21 09:00,276,인천,0,22.1,89.0,54.0,1.0,80.0,160.0,0.0,3.0
KIM,2026-09-09 12:00,2026-09-21 21:00,288,인천,0,21.5,99.0,58.0,0.0,98.0,3.0,0.0,3.0
KIM,2026-09-09 12:00,2026-09-09 21:00,0,수원,0,18.3,62.0,60.0,17.0,10.0,8.0,,3.0
KIM,2026-09-09 12:00,2026-09-10 00:00,3,수원,0,16.2,43.0,28.0,0.0,32.0,0.0,0.0,3.0
KIM,2026-09-09 12:00,2026-09-10 03:00,6,수원,0,14.6,59.0,5.0,26.0,49.0,0.0,0.0,3.0
KIM,2026-09-09 12:00,2026-09-10 06:00,9,수원,0,13.3,83.0,1.0,48.0,79.0,0.0,0.0,3.0
KIM,2026-09-09 12:00,2026-09-10 09:00,12,수원,0,18.2,98.0,0.0,85.0,97.0,153.0,0.0,3.0
KIM,2026-09-09 12:00,2026-09-10 12:00,15,수원,0,22.7,97.0,0.0,97.0,28.0,601.0,0.0,3.0
KIM,2026-09-09 12:00,2026-09-10 15:00,18,수원,0,24.6,44.0,0.0,44.0,0.0,733.0,0.0,3.0
KIM,2026-09-09 12:00,2026-09-10 18:00,21,수원,0,22.5,18.0,5.0,13.0,0.0,343.0,0.0,3.0
KIM,2026-09-09 12:00,2026-09-10 21:00,24,수원,0,17.9,12.0,11.0,0.0,2.0,7.0,0.0,3.0
KIM,2026-09-09 12:00,2026-09-11 00:00,27,수원,0,15.9,5.0,5.0,0.0,0.0,0.0,0.0,3.0
KIM,2026-09-09 12:00,2026-09-11 03:00,30,수원,0,14.6,74.0,1.0,11.0,73.0,0.0,0.0,3.0
KIM,2026-09-09 12:00,2026-09-11 06:00,33,수원,0,13.6,89.0,0.0,19.0,88.0,0.0,0.0,3.0
KIM,2026-09-09 12:00,2026-09-11 09:00,36,수원,0,20.0,100.0,0.0,0.0,100.0,193.0,0.0,3.0
KIM,2026-09-09 12:00,2026-09-11 12:00,39,수원,0,24.9,89.0,0.0,2.0,89.0,678.0,0.0,3.0
KIM,2026-09-09 12:00,2026-09-11 15:00,42,수원,0,26.0,54.0,0.0,14.0,53.0,767.0,0.0,3.0
KIM,2026-09-09 12:00,2026-09-11 18:00,45,수원,0,23.0,78.0,0.0,52.0,70.0,338.0,0.0,3.0
KIM,2026-09-09 12:00,2026-09-11 21:00,48,수원,0,19.3,100.0,0.0,62.0,99.0,5.0,0.0,3.0
KIM,2026-09-09 12:00,2026-09-12 00:00,51,수원,0,17.3,97.0,0.0,61.0,96.0,0.0,0.0,3.0
KIM,2026-09-09 12:00,2026-09-12 03:00,54,수원,0,15.9,96.0,0.0,75.0,92.0,0.0,0.0,3.0
KIM,2026-09-09 12:00,2026-09-12 06:00,57,수원,0,15.0,96.0,0.0,79.0,93.0,0.0,0.0,3.0
KIM,2026-09-09 12:00,2026-09-12 09:00,60,수원,0,20.8,89.0,0.0,78.0,63.0,157.0,0.0,3.0
KIM,2026-09-09 12:00,2026-09-12 12:00,63,수원,0,24.8,88.0,1.0,77.0,76.0,482.0,0.0,3.0
KIM,2026-09-09 12:00,2026-09-12 15:00,66,수원,0,26.2,91.0,20.0,78.0,81.0,494.0,0.0,3.0
KIM,2026-09-09 12:00,2026-09-12 18:00,69,수원,0,23.8,96.0,20.0,78.0,94.0,179.0,0.0,3.0
KIM,2026-09-09 12:00,2026-09-12 21:00,72,수원,0,20.8,99.0,2.0,72.0,99.0,4.0,0.0,3.0
KIM,2026-09-09 12:00,2026-09-13 00:00,75,수원,0,19.3,100.0,64.0,94.0,100.0,0.0,0.0,3.0
KIM,2026-09-09 12:00,2026-09-13 03:00,78,수원,0,19.7,100.0,96.0,92.0,94.0,0.0,0.0,3.0
KIM,2026-09-09 12:00,2026-09-13 06:00,81,수원,0,19.3,100.0,47.0,86.0,99.0,0.0,0.0,3.0
KIM,2026-09-09 12:00,2026-09-13 09:00,84,수원,0,21.0,69.0,15.0,66.0,26.0,58.0,0.0,3.0
KIM,2026-09-09 12:00,2026-09-13 12:00,87,수원,0,26.9,58.0,26.0,43.0,52.0,572.0,0.0,3.0
KIM,2026-09-09 12:00,2026-09-13 15:00,90,수원,0,27.1,96.0,14.0,69.0,90.0,732.0,0.0,3.0
KIM,2026-09-09 12:00,2026-09-13 18:00,93,수원,0,23.7,77.0,2.0,63.0,57.0,317.0,0.0,3.0
KIM,2026-09-09 12:00,2026-09-13 21:00,96,수원,0,21.1,99.0,0.0,59.0,99.0,5.0,0.0,3.0
KIM,2026-09-09 12:00,2026-09-14 00:00,99,수원,0,19.8,98.0,0.0,74.0,97.0,0.0,0.0,3.0
KIM,2026-09-09 12:00,2026-09-14 03:00,102,수원,0,19.6,97.0,0.0,54.0,95.0,0.0,0.0,3.0
KIM,2026-09-09 12:00,2026-09-14 06:00,105,수원,0,18.3,99.0,9.0,67.0,99.0,0.0,0.0,3.0
KIM,2026-09-09 12:00,2026-09-14 09:00,108,수원,0,22.0,100.0,20.0,82.0,100.0,139.0,0.0,3.0
KIM,2026-09-09 12:00,2026-09-14 12:00,111,수원,0,25.3,100.0,0.0,53.0,100.0,511.0,0.0,3.0
KIM,2026-09-09 12:00,2026-09-14 15:00,114,수원,0,25.9,99.0,0.0,25.0,99.0,614.0,0.0,3.0
KIM,2026-09-09 12:00,2026-09-14 18:00,117,수원,0,22.9,96.0,0.0,2.0,96.0,317.0,0.0,3.0
KIM,2026-09-09 12:00,2026-09-14 21:00,120,수원,0,18.5,32.0,0.0,0.0,32.0,5.0,0.0,3.0
KIM,2026-09-09 12:00,2026-09-15 09:00,132,수원,0,18.9,91.0,0.0,0.0,91.0,145.0,0.0,3.0
KIM,2026-09-09 12:00,2026-09-15 21:00,144,수원,0,18.6,20.0,0.0,0.0,20.0,5.0,0.0,3.0
KIM,2026-09-09 12:00,2026-09-16 09:00,156,수원,0,21.1,71.0,55.0,0.0,50.0,186.0,0.0,3.0
KIM,2026-09-09 12:00,2026-09-16 21:00,168,수원,0,20.0,65.0,0.0,2.0,65.0,4.0,0.0,3.0
KIM,2026-09-09 12:00,2026-09-17 09:00,180,수원,0,22.2,7.0,2.0,5.0,0.0,180.0,0.0,3.0
KIM,2026-09-09 12:00,2026-09-17 21:00,192,수원,0,20.9,56.0,0.0,0.0,56.0,4.0,0.0,3.0
KIM,2026-09-09 12:00,2026-09-18 09:00,204,수원,0,22.5,83.0,5.0,0.0,83.0,163.0,0.0,3.0
KIM,2026-09-09 12:00,2026-09-18 21:00,216,수원,0,22.8,34.0,5.0,0.0,29.0,3.0,0.0,3.0
KIM,2026-09-09 12:00,2026-09-19 09:00,228,수원,0,23.2,70.0,0.0,0.0,70.0,168.0,0.0,3.0
KIM,2026-09-09 12:00,2026-09-19 21:00,240,수원,0,22.2,100.0,83.0,100.0,98.0,1.0,7.7,3.0
KIM,2026-09-09 12:00,2026-09-20 09:00,252,수원,0,20.9,100.0,98.0,89.0,29.0,31.0,9.6,3.0
KIM,2026-09-09 12:00,2026-09-20 21:00,264,수원,0,23.3,82.0,72.0,21.0,51.0,3.0,0.0,3.0
KIM,2026-09-09 12:00,2026-09-21 09:00,276,수원,0,22.6,96.0,78.0,5.0,89.0,132.0,0.1,3.0
KIM,2026-09-09 12:00,2026-09-21 21:00,288,수원,0,21.9,99.0,24.0,0.0,99.0,2.0,0.7,3.0
KIM,2026-09-09 12:00,2026-09-09 21:00,0,전주,0,18.0,44.0,44.0,0.0,0.0,8.0,,3.0
KIM,2026-09-09 12:00,2026-09-10 00:00,3,전주,0,16.2,20.0,20.0,6.0,0.0,0.0,0.0,3.0
KIM,2026-09-09 12:00,2026-09-10 03:00,6,전주,0,15.2,2.0,1.0,1.0,0.0,0.0,0.0,3.0
KIM,2026-09-09 12:00,2026-09-10 06:00,9,전주,0,14.8,0.0,0.0,0.0,0.0,0.0,0.0,3.0
KIM,2026-09-09 12:00,2026-09-10 09:00,12,전주,0,18.8,12.0,0.0,0.0,12.0,203.0,0.0,3.0
KIM,2026-09-09 12:00,2026-09-10 12:00,15,전주,0,22.4,6.0,1.0,3.0,4.0,716.0,0.0,3.0
KIM,2026-09-09 12:00,2026-09-10 15:00,18,전주,0,23.5,21.0,6.0,15.0,3.0,804.0,0.0,3.0
KIM,2026-09-09 12:00,2026-09-10 18:00,21,전주,0,20.8,66.0,58.0,10.0,26.0,358.0,0.0,3.0
KIM,2026-09-09 12:00,2026-09-10 21:00,24,전주,0,19.0,54.0,43.0,1.0,25.0,4.0,0.0,3.0
KIM,2026-09-09 12:00,2026-09-11 00:00,27,전주,0,17.1,26.0,24.0,4.0,1.0,0.0,0.0,3.0
KIM,2026-09-09 12:00,2026-09-11 03:00,30,전주,0,15.4,21.0,6.0,19.0,0.0,0.0,0.0,3.0
KIM,2026-09-09 12:00,2026-09-11 06:00,33,전주,0,14.5,15.0,1.0,7.0,7.0,0.0,0.0,3.0
KIM,2026-09-09 12:00,2026-09-11 09:00,36,전주,0,19.5,1.0,0.0,0.0,1.0,205.0,0.0,3.0
KIM,2026-09-09 12:00,2026-09-11 12:00,39,전주,0,23.0,42.0,0.0,0.0,42.0,727.0,0.0,3.0
KIM,2026-09-09 12:00,2026-09-11 15:00,42,전주,0,24.2,14.0,0.0,0.0,14.0,823.0,0.0,3.0
KIM,2026-09-09 12:00,2026-09-11 18:00,45,전주,0,21.3,23.0,0.0,0.0,23.0,391.0,0.0,3.0
KIM,2026-09-09 12:00,2026-09-11 21:00,48,전주,0,18.5,63.0,0.0,0.0,63.0,7.0,0.0,3.0
KIM,2026-09-09 12:00,2026-09-12 00:00,51,전주,0,16.6,43.0,0.0,12.0,42.0,0.0,0.0,3.0
KIM,2026-09-09 12:00,2026-09-12 03:00,54,전주,0,15.9,13.0,0.0,9.0,8.0,0.0,0.0,3.0
KIM,2026-09-09 12:00,2026-09-12 06:00,57,전주,0,14.7,4.0,0.0,4.0,1.0,0.0,0.0,3.0
KIM,2026-09-09 12:00,2026-09-12 09:00,60,전주,0,20.8,2.0,0.0,0.0,1.0,201.0,0.0,3.0
KIM,2026-09-09 12:00,2026-09-12 12:00,63,전주,0,24.8,33.0,0.0,0.0,33.0,718.0,0.0,3.0
KIM,2026-09-09 12:00,2026-09-12 15:00,66,전주,0,26.1,2.0,0.0,0.0,2.0,813.0,0.0,3.0
KIM,2026-09-09 12:00,2026-09-12 18:00,69,전주,0,22.8,0.0,0.0,0.0,0.0,382.0,0.0,3.0
KIM,2026-09-09 12:00,2026-09-12 21:00,72,전주,0,19.0,0.0,0.0,0.0,0.0,6.0,0.0,3.0
KIM,2026-09-09 12:00,2026-09-13 00:00,75,전주,0,17.8,2.0,2.0,0.0,0.0,0.0,0.0,3.0
KIM,2026-09-09 12:00,2026-09-13 03:00,78,전주,0,17.3,46.0,5.0,0.0,46.0,0.0,0.0,3.0
KIM,2026-09-09 12:00,2026-09-13 06:00,81,전주,0,16.9,13.0,0.0,0.0,13.0,0.0,0.0,3.0
KIM,2026-09-09 12:00,2026-09-13 09:00,84,전주,0,22.1,2.0,0.0,0.0,2.0,193.0,0.0,3.0
KIM,2026-09-09 12:00,2026-09-13 12:00,87,전주,0,25.2,20.0,0.0,15.0,8.0,697.0,0.0,3.0
KIM,2026-09-09 12:00,2026-09-13 15:00,90,전주,0,25.8,90.0,0.0,43.0,87.0,765.0,0.0,3.0
KIM,2026-09-09 12:00,2026-09-13 18:00,93,전주,0,22.6,34.0,0.0,18.0,24.0,273.0,0.0,3.0
KIM,2026-09-09 12:00,2026-09-13 21:00,96,전주,0,19.5,32.0,0.0,8.0,28.0,5.0,0.0,3.0
KIM,2026-09-09 12:00,2026-09-14 00:00,99,전주,0,18.5,85.0,6.0,42.0,73.0,0.0,0.0,3.0
KIM,2026-09-09 12:00,2026-09-14 03:00,102,전주,0,18.1,99.0,0.0,51.0,98.0,0.0,0.0,3.0
KIM,2026-09-09 12:00,2026-09-14 06:00,105,전주,0,17.1,75.0,4.0,56.0,41.0,0.0,0.0,3.0
KIM,2026-09-09 12:00,2026-09-14 09:00,108,전주,0,19.1,73.0,4.0,67.0,43.0,56.0,0.0,3.0
KIM,2026-09-09 12:00,2026-09-14 12:00,111,전주,0,23.9,78.0,3.0,63.0,62.0,518.0,0.0,3.0
KIM,2026-09-09 12:00,2026-09-14 15:00,114,전주,0,25.0,48.0,0.0,14.0,38.0,705.0,0.0,3.0
KIM,2026-09-09 12:00,2026-09-14 18:00,117,전주,0,22.6,83.0,2.0,57.0,69.0,348.0,0.0,3.0
KIM,2026-09-09 12:00,2026-09-14 21:00,120,전주,0,19.6,53.0,0.0,11.0,50.0,5.0,0.0,3.0
KIM,2026-09-09 12:00,2026-09-15 09:00,132,전주,0,18.1,99.0,0.0,7.0,99.0,174.0,0.0,3.0
KIM,2026-09-09 12:00,2026-09-15 21:00,144,전주,0,17.2,35.0,0.0,0.0,35.0,5.0,0.0,3.0
KIM,2026-09-09 12:00,2026-09-16 09:00,156,전주,0,20.4,88.0,0.0,9.0,87.0,176.0,0.0,3.0
KIM,2026-09-09 12:00,2026-09-16 21:00,168,전주,0,19.4,100.0,0.0,72.0,100.0,4.0,0.0,3.0
KIM,2026-09-09 12:00,2026-09-17 09:00,180,전주,0,21.7,1.0,0.0,1.0,0.0,191.0,0.0,3.0
KIM,2026-09-09 12:00,2026-09-17 21:00,192,전주,0,20.8,90.0,7.0,0.0,89.0,4.0,0.0,3.0
KIM,2026-09-09 12:00,2026-09-18 09:00,204,전주,0,22.0,38.0,12.0,0.0,33.0,184.0,0.0,3.0
KIM,2026-09-09 12:00,2026-09-18 21:00,216,전주,0,21.1,96.0,33.0,12.0,89.0,2.0,0.1,3.0
KIM,2026-09-09 12:00,2026-09-19 09:00,228,전주,0,24.3,91.0,45.0,11.0,88.0,175.0,0.0,3.0
KIM,2026-09-09 12:00,2026-09-19 21:00,240,전주,0,21.7,100.0,75.0,90.0,100.0,2.0,9.0,3.0
KIM,2026-09-09 12:00,2026-09-20 09:00,252,전주,0,21.4,99.0,72.0,85.0,78.0,35.0,5.6,3.0
KIM,2026-09-09 12:00,2026-09-20 21:00,264,전주,0,21.3,66.0,58.0,20.0,10.0,2.0,4.9,3.0
KIM,2026-09-09 12:00,2026-09-21 09:00,276,전주,0,22.5,82.0,34.0,4.0,76.0,151.0,1.7,3.0
KIM,2026-09-09 12:00,2026-09-21 21:00,288,전주,0,21.6,100.0,75.0,0.0,100.0,2.0,1.6,3.0
KIM,2026-09-09 12:00,2026-09-09 21:00,0,강릉,0,18.6,54.0,17.0,3.0,45.0,4.0,,3.0
KIM,2026-09-09 12:00,2026-09-10 00:00,3,강릉,0,17.7,44.0,13.0,0.0,34.0,0.0,0.0,3.0
KIM,2026-09-09 12:00,2026-09-10 03:00,6,강릉,0,16.8,49.0,0.0,10.0,46.0,0.0,0.0,3.0
KIM,2026-09-09 12:00,2026-09-10 06:00,9,강릉,0,17.0,69.0,0.0,55.0,51.0,0.0,0.0,3.0
KIM,2026-09-09 12:00,2026-09-10 09:00,12,강릉,0,19.0,92.0,1.0,58.0,88.0,149.0,0.0,3.0
KIM,2026-09-09 12:00,2026-09-10 12:00,15,강릉,0,20.6,98.0,4.0,88.0,96.0,531.0,0.0,3.0
KIM,2026-09-09 12:00,2026-09-10 15:00,18,강릉,0,20.8,88.0,11.0,83.0,39.0,458.0,0.0,3.0
KIM,2026-09-09 12:00,2026-09-10 18:00,21,강릉,0,20.1,55.0,10.0,46.0,20.0,220.0,0.0,3.0
KIM,2026-09-09 12:00,2026-09-10 21:00,24,강릉,0,18.6,53.0,5.0,4.0,50.0,4.0,0.0,3.0
KIM,2026-09-09 12:00,2026-09-11 00:00,27,강릉,0,18.0,11.0,11.0,1.0,0.0,0.0,0.0,3.0
KIM,2026-09-09 12:00,2026-09-11 03:00,30,강릉,0,17.7,24.0,7.0,0.0,21.0,0.0,0.0,3.0
KIM,2026-09-09 12:00,2026-09-11 06:00,33,강릉,0,17.4,48.0,4.0,0.0,47.0,0.0,0.0,3.0
KIM,2026-09-09 12:00,2026-09-11 09:00,36,강릉,0,20.3,84.0,1.0,2.0,83.0,218.0,0.0,3.0
KIM,2026-09-09 12:00,2026-09-11 12:00,39,강릉,0,21.9,86.0,0.0,0.0,86.0,706.0,0.0,3.0
KIM,2026-09-09 12:00,2026-09-11 15:00,42,강릉,0,22.1,72.0,0.0,12.0,71.0,733.0,0.0,3.0
KIM,2026-09-09 12:00,2026-09-11 18:00,45,강릉,0,21.2,84.0,0.0,25.0,83.0,300.0,0.0,3.0
KIM,2026-09-09 12:00,2026-09-11 21:00,48,강릉,0,20.6,99.0,0.0,62.0,99.0,3.0,0.0,3.0
KIM,2026-09-09 12:00,2026-09-12 00:00,51,강릉,0,19.9,87.0,0.0,59.0,82.0,0.0,0.0,3.0
KIM,2026-09-09 12:00,2026-09-12 03:00,54,강릉,0,19.1,88.0,0.0,62.0,83.0,0.0,0.0,3.0
KIM,2026-09-09 12:00,2026-09-12 06:00,57,강릉,0,19.1,96.0,0.0,74.0,93.0,0.0,0.0,3.0
KIM,2026-09-09 12:00,2026-09-12 09:00,60,강릉,0,21.9,81.0,0.0,73.0,67.0,182.0,0.0,3.0
KIM,2026-09-09 12:00,2026-09-12 12:00,63,강릉,0,23.2,72.0,4.0,67.0,37.0,513.0,0.0,3.0
KIM,2026-09-09 12:00,2026-09-12 15:00,66,강릉,0,23.2,91.0,18.0,76.0,80.0,560.0,0.0,3.0
KIM,2026-09-09 12:00,2026-09-12 18:00,69,강릉,0,22.4,94.0,18.0,74.0,89.0,189.0,0.0,3.0
KIM,2026-09-09 12:00,2026-09-12 21:00,72,강릉,0,21.7,93.0,3.0,75.0,81.0,2.0,0.0,3.0
KIM,2026-09-09 12:00,2026-09-13 00:00,75,강릉,0,21.2,99.0,1.0,36.0,98.0,0.0,0.0,3.0
KIM,2026-09-09 12:00,2026-09-13 03:00,78,강릉,0,21.2,77.0,11.0,18.0,76.0,0.0,0.0,3.0
KIM,2026-09-09 12:00,2026-09-13 06:00,81,강릉,0,21.2,93.0,35.0,46.0,86.0,0.0,0.0,3.0
KIM,2026-09-09 12:00,2026-09-13 09:00,84,강릉,0,23.6,89.0,15.0,58.0,80.0,167.0,0.0,3.0
KIM,2026-09-09 12:00,2026-09-13 12:00,87,강릉,0,24.4,35.0,1.0,11.0,33.0,602.0,0.0,3.0
KIM,2026-09-09 12:00,2026-09-13 15:00,90,강릉,0,24.4,49.0,4.0,9.0,43.0,730.0,0.0,3.0
KIM,2026-09-09 12:00,2026-09-13 18:00,93,강릉,0,23.5,43.0,0.0,22.0,31.0,311.0,0.0,3.0
KIM,2026-09-09 12:00,2026-09-13 21:00,96,강릉,0,23.1,95.0,0.0,59.0,94.0,3.0,0.0,3.0
KIM,2026-09-09 12:00,2026-09-14 00:00,99,강릉,0,22.7,73.0,0.0,40.0,62.0,0.0,0.0,3.0
KIM,2026-09-09 12:00,2026-09-14 03:00,102,강릉,0,22.6,99.0,0.0,50.0,99.0,0.0,0.0,3.0
KIM,2026-09-09 12:00,2026-09-14 06:00,105,강릉,0,22.1,93.0,0.0,59.0,91.0,0.0,0.0,3.0
KIM,2026-09-09 12:00,2026-09-14 09:00,108,강릉,0,23.8,94.0,0.0,72.0,90.0,119.0,0.0,3.0
KIM,2026-09-09 12:00,2026-09-14 12:00,111,강릉,0,23.3,95.0,0.0,67.0,93.0,645.0,0.0,3.0
KIM,2026-09-09 12:00,2026-09-14 15:00,114,강릉,0,22.7,99.0,21.0,68.0,99.0,520.0,0.0,3.0
KIM,2026-09-09 12:00,2026-09-14 18:00,117,강릉,0,21.6,97.0,43.0,4.0,95.0,143.0,0.0,3.0
KIM,2026-09-09 12:00,2026-09-14 21:00,120,강릉,0,20.8,89.0,51.0,0.0,86.0,2.0,0.0,3.0
KIM,2026-09-09 12:00,2026-09-15 09:00,132,강릉,0,21.1,99.0,44.0,0.0,99.0,151.0,0.0,3.0
KIM,2026-09-09 12:00,2026-09-15 21:00,144,강릉,0,20.1,21.0,19.0,0.0,6.0,3.0,0.0,3.0
KIM,2026-09-09 12:00,2026-09-16 09:00,156,강릉,0,22.9,5.0,0.0,0.0,5.0,206.0,0.0,3.0
KIM,2026-09-09 12:00,2026-09-16 21:00,168,강릉,0,20.8,99.0,0.0,5.0,99.0,2.0,0.0,3.0
KIM,2026-09-09 12:00,2026-09-17 09:00,180,강릉,0,22.9,0.0,0.0,0.0,0.0,205.0,0.0,3.0
KIM,2026-09-09 12:00,2026-09-17 21:00,192,강릉,0,21.1,85.0,85.0,0.0,10.0,2.0,0.0,3.0
KIM,2026-09-09 12:00,2026-09-18 09:00,204,강릉,0,22.4,100.0,77.0,0.0,100.0,58.0,0.5,3.0
KIM,2026-09-09 12:00,2026-09-18 21:00,216,강릉,0,21.9,95.0,32.0,0.0,93.0,1.0,0.4,3.0
KIM,2026-09-09 12:00,2026-09-19 09:00,228,강릉,0,21.5,85.0,78.0,0.0,38.0,51.0,0.3,3.0
KIM,2026-09-09 12:00,2026-09-19 21:00,240,강릉,0,21.9,100.0,100.0,100.0,100.0,1.0,1.3,3.0
KIM,2026-09-09 12:00,2026-09-20 09:00,252,강릉,0,20.1,98.0,98.0,70.0,35.0,42.0,14.1,3.0
KIM,2026-09-09 12:00,2026-09-20 21:00,264,강릉,0,20.5,64.0,62.0,5.0,19.0,1.0,0.3,3.0
KIM,2026-09-09 12:00,2026-09-21 09:00,276,강릉,0,20.8,63.0,62.0,0.0,4.0,51.0,0.1,3.0
KIM,2026-09-09 12:00,2026-09-21 21:00,288,강릉,0,21.4,100.0,89.0,0.0,100.0,0.0,0.8,3.0
KIM,2026-09-09 12:00,2026-09-09 21:00,0,제주,0,22.2,49.0,45.0,0.0,19.0,7.0,,3.0
KIM,2026-09-09 12:00,2026-09-10 00:00,3,제주,0,21.2,43.0,26.0,0.0,22.0,0.0,0.0,3.0
KIM,2026-09-09 12:00,2026-09-10 03:00,6,제주,0,20.6,26.0,26.0,0.0,2.0,0.0,0.0,3.0
KIM,2026-09-09 12:00,2026-09-10 06:00,9,제주,0,20.5,42.0,42.0,0.0,0.0,0.0,0.0,3.0
KIM,2026-09-09 12:00,2026-09-10 09:00,12,제주,0,21.7,58.0,58.0,0.0,0.0,173.0,0.0,3.0
KIM,2026-09-09 12:00,2026-09-10 12:00,15,제주,0,22.4,55.0,55.0,0.0,0.0,596.0,0.1,3.0
KIM,2026-09-09 12:00,2026-09-10 15:00,18,제주,0,22.9,50.0,50.0,0.0,0.0,744.0,0.0,3.0
KIM,2026-09-09 12:00,2026-09-10 18:00,21,제주,0,22.0,16.0,16.0,0.0,0.0,376.0,0.0,3.0
KIM,2026-09-09 12:00,2026-09-10 21:00,24,제주,0,21.8,17.0,17.0,0.0,0.0,8.0,0.0,3.0
KIM,2026-09-09 12:00,2026-09-11 00:00,27,제주,0,21.6,19.0,18.0,0.0,1.0,0.0,0.0,3.0
KIM,2026-09-09 12:00,2026-09-11 03:00,30,제주,0,21.4,32.0,17.0,0.0,16.0,0.0,0.0,3.0
KIM,2026-09-09 12:00,2026-09-11 06:00,33,제주,0,21.1,39.0,18.0,0.0,30.0,0.0,0.0,3.0
KIM,2026-09-09 12:00,2026-09-11 09:00,36,제주,0,22.0,13.0,12.0,0.0,4.0,191.0,0.0,3.0
KIM,2026-09-09 12:00,2026-09-11 12:00,39,제주,0,22.9,7.0,7.0,0.0,0.0,701.0,0.0,3.0
KIM,2026-09-09 12:00,2026-09-11 15:00,42,제주,0,23.2,6.0,6.0,0.0,0.0,798.0,0.0,3.0
KIM,2026-09-09 12:00,2026-09-11 18:00,45,제주,0,22.4,16.0,16.0,0.0,0.0,377.0,0.0,3.0
KIM,2026-09-09 12:00,2026-09-11 21:00,48,제주,0,22.2,52.0,25.0,0.0,29.0,7.0,0.0,3.0
KIM,2026-09-09 12:00,2026-09-12 00:00,51,제주,0,22.3,54.0,36.0,0.0,38.0,0.0,0.0,3.0
KIM,2026-09-09 12:00,2026-09-12 03:00,54,제주,0,22.3,50.0,45.0,0.0,8.0,0.0,0.0,3.0
KIM,2026-09-09 12:00,2026-09-12 06:00,57,제주,0,22.1,81.0,67.0,0.0,31.0,0.0,0.0,3.0
KIM,2026-09-09 12:00,2026-09-12 09:00,60,제주,0,22.4,77.0,71.0,0.0,36.0,80.0,0.2,3.0
KIM,2026-09-09 12:00,2026-09-12 12:00,63,제주,0,24.6,67.0,57.0,0.0,31.0,534.0,0.0,3.0
KIM,2026-09-09 12:00,2026-09-12 15:00,66,제주,0,24.7,70.0,69.0,0.0,12.0,783.0,0.0,3.0
KIM,2026-09-09 12:00,2026-09-12 18:00,69,제주,0,23.7,73.0,72.0,0.0,18.0,308.0,0.0,3.0
KIM,2026-09-09 12:00,2026-09-12 21:00,72,제주,0,23.2,69.0,65.0,0.0,18.0,6.0,0.0,3.0
KIM,2026-09-09 12:00,2026-09-13 00:00,75,제주,0,23.3,91.0,70.0,0.0,84.0,0.0,0.0,3.0
KIM,2026-09-09 12:00,2026-09-13 03:00,78,제주,0,23.3,97.0,73.0,0.0,95.0,0.0,0.0,3.0
KIM,2026-09-09 12:00,2026-09-13 06:00,81,제주,0,23.4,100.0,89.0,0.0,99.0,0.0,0.0,3.0
KIM,2026-09-09 12:00,2026-09-13 09:00,84,제주,0,23.3,96.0,77.0,0.0,85.0,76.0,0.2,3.0
KIM,2026-09-09 12:00,2026-09-13 12:00,87,제주,0,24.1,86.0,34.0,1.0,85.0,412.0,0.0,3.0
KIM,2026-09-09 12:00,2026-09-13 15:00,90,제주,0,24.4,78.0,43.0,12.0,63.0,696.0,0.0,3.0
KIM,2026-09-09 12:00,2026-09-13 18:00,93,제주,0,24.0,89.0,35.0,17.0,85.0,329.0,0.0,3.0
KIM,2026-09-09 12:00,2026-09-13 21:00,96,제주,0,23.3,100.0,33.0,73.0,99.0,6.0,0.0,3.0
KIM,2026-09-09 12:00,2026-09-14 00:00,99,제주,0,23.1,99.0,42.0,57.0,98.0,0.0,0.0,3.0
KIM,2026-09-09 12:00,2026-09-14 03:00,102,제주,0,22.7,99.0,62.0,58.0,99.0,0.0,0.0,3.0
KIM,2026-09-09 12:00,2026-09-14 06:00,105,제주,0,22.7,100.0,66.0,52.0,100.0,0.0,0.0,3.0
KIM,2026-09-09 12:00,2026-09-14 09:00,108,제주,0,23.2,99.0,65.0,43.0,97.0,168.0,0.0,3.0
KIM,2026-09-09 12:00,2026-09-14 12:00,111,제주,0,24.1,100.0,84.0,57.0,95.0,678.0,0.0,3.0
KIM,2026-09-09 12:00,2026-09-14 15:00,114,제주,0,24.3,100.0,87.0,43.0,96.0,570.0,0.0,3.0
KIM,2026-09-09 12:00,2026-09-14 18:00,117,제주,0,23.7,97.0,29.0,30.0,97.0,127.0,0.0,3.0
KIM,2026-09-09 12:00,2026-09-14 21:00,120,제주,0,23.1,99.0,14.0,46.0,98.0,5.0,0.0,3.0
KIM,2026-09-09 12:00,2026-09-15 09:00,132,제주,0,22.5,60.0,1.0,6.0,60.0,183.0,0.0,3.0
KIM,2026-09-09 12:00,2026-09-15 21:00,144,제주,0,22.2,88.0,0.0,2.0,88.0,5.0,0.0,3.0
KIM,2026-09-09 12:00,2026-09-16 09:00,156,제주,0,23.2,94.0,68.0,61.0,72.0,139.0,0.1,3.0
KIM,2026-09-09 12:00,2026-09-16 21:00,168,제주,0,22.5,89.0,0.0,40.0,89.0,5.0,0.1,3.0
KIM,2026-09-09 12:00,2026-09-17 09:00,180,제주,0,22.6,100.0,21.0,72.0,100.0,174.0,0.0,3.0
KIM,2026-09-09 12:00,2026-09-17 21:00,192,제주,0,23.0,94.0,34.0,0.0,93.0,4.0,0.2,3.0
KIM,2026-09-09 12:00,2026-09-18 09:00,204,제주,0,23.1,100.0,68.0,90.0,99.0,38.0,2.2,3.0
KIM,2026-09-09 12:00,2026-09-18 21:00,216,제주,0,23.8,93.0,62.0,47.0,72.0,1.0,3.7,3.0
KIM,2026-09-09 12:00,2026-09-19 09:00,228,제주,0,24.4,98.0,79.0,45.0,91.0,79.0,1.3,3.0
KIM,2026-09-09 12:00,2026-09-19 21:00,240,제주,0,24.7,99.0,79.0,9.0,99.0,2.0,9.3,3.0
KIM,2026-09-09 12:00,2026-09-20 09:00,252,제주,0,24.9,78.0,21.0,1.0,76.0,170.0,2.3,3.0
KIM,2026-09-09 12:00,2026-09-20 21:00,264,제주,0,24.1,74.0,6.0,31.0,65.0,3.0,1.3,3.0
KIM,2026-09-09 12:00,2026-09-21 09:00,276,제주,0,24.0,74.0,37.0,2.0,70.0,148.0,0.9,3.0
KIM,2026-09-09 12:00,2026-09-21 21:00,288,제주,0,23.6,99.0,61.0,56.0,98.0,2.0,3.7,3.0
KIM,2026-09-09 12:00,2026-09-09 21:00,0,나주,0,22.4,76.0,76.0,0.0,0.0,4.0,,3.0
KIM,2026-09-09 12:00,2026-09-10 00:00,3,나주,0,19.6,23.0,23.0,0.0,0.0,0.0,0.0,3.0
KIM,2026-09-09 12:00,2026-09-10 03:00,6,나주,0,17.6,20.0,20.0,0.0,0.0,0.0,0.0,3.0
KIM,2026-09-09 12:00,2026-09-10 06:00,9,나주,0,16.1,31.0,31.0,0.0,0.0,0.0,0.0,3.0
KIM,2026-09-09 12:00,2026-09-10 09:00,12,나주,0,20.4,33.0,32.0,0.0,2.0,191.0,0.0,3.0
KIM,2026-09-09 12:00,2026-09-10 12:00,15,나주,0,24.6,44.0,44.0,0.0,0.0,701.0,0.0,3.0
KIM,2026-09-09 12:00,2026-09-10 15:00,18,나주,0,25.7,5.0,5.0,0.0,0.0,790.0,0.0,3.0
KIM,2026-09-09 12:00,2026-09-10 18:00,21,나주,0,23.0,36.0,26.0,3.0,8.0,370.0,0.0,3.0
KIM,2026-09-09 12:00,2026-09-10 21:00,24,나주,0,20.3,48.0,31.0,10.0,18.0,7.0,0.0,3.0
KIM,2026-09-09 12:00,2026-09-11 00:00,27,나주,0,19.5,47.0,22.0,1.0,35.0,0.0,0.0,3.0
KIM,2026-09-09 12:00,2026-09-11 03:00,30,나주,0,17.5,20.0,14.0,0.0,7.0,0.0,0.0,3.0
KIM,2026-09-09 12:00,2026-09-11 06:00,33,나주,0,16.1,28.0,17.0,18.0,1.0,0.0,0.0,3.0
KIM,2026-09-09 12:00,2026-09-11 09:00,36,나주,0,20.9,30.0,10.0,11.0,12.0,190.0,0.0,3.0
KIM,2026-09-09 12:00,2026-09-11 12:00,39,나주,0,25.0,27.0,0.0,0.0,27.0,708.0,0.0,3.0
KIM,2026-09-09 12:00,2026-09-11 15:00,42,나주,0,26.7,0.0,0.0,0.0,0.0,802.0,0.0,3.0
KIM,2026-09-09 12:00,2026-09-11 18:00,45,나주,0,24.5,0.0,0.0,0.0,0.0,373.0,0.0,3.0
KIM,2026-09-09 12:00,2026-09-11 21:00,48,나주,0,20.7,7.0,0.0,0.0,7.0,7.0,0.0,3.0
KIM,2026-09-09 12:00,2026-09-12 00:00,51,나주,0,18.2,3.0,1.0,0.0,1.0,0.0,0.0,3.0
KIM,2026-09-09 12:00,2026-09-12 03:00,54,나주,0,17.6,26.0,25.0,0.0,9.0,0.0,0.0,3.0
KIM,2026-09-09 12:00,2026-09-12 06:00,57,나주,0,16.8,25.0,25.0,0.0,0.0,0.0,0.0,3.0
KIM,2026-09-09 12:00,2026-09-12 09:00,60,나주,0,22.1,44.0,12.0,0.0,37.0,188.0,0.0,3.0
KIM,2026-09-09 12:00,2026-09-12 12:00,63,나주,0,26.4,0.0,0.0,0.0,0.0,701.0,0.0,3.0
KIM,2026-09-09 12:00,2026-09-12 15:00,66,나주,0,27.9,0.0,0.0,0.0,0.0,790.0,0.0,3.0
KIM,2026-09-09 12:00,2026-09-12 18:00,69,나주,0,25.6,0.0,0.0,0.0,0.0,365.0,0.0,3.0
KIM,2026-09-09 12:00,2026-09-12 21:00,72,나주,0,21.4,42.0,0.0,0.0,42.0,6.0,0.0,3.0
KIM,2026-09-09 12:00,2026-09-13 00:00,75,나주,0,19.5,82.0,11.0,0.0,80.0,0.0,0.0,3.0
KIM,2026-09-09 12:00,2026-09-13 03:00,78,나주,0,18.8,99.0,46.0,10.0,90.0,0.0,0.0,3.0
KIM,2026-09-09 12:00,2026-09-13 06:00,81,나주,0,19.2,92.0,49.0,24.0,89.0,0.0,0.0,3.0
KIM,2026-09-09 12:00,2026-09-13 09:00,84,나주,0,23.8,50.0,22.0,11.0,30.0,178.0,0.0,3.0
KIM,2026-09-09 12:00,2026-09-13 12:00,87,나주,0,27.6,70.0,0.0,48.0,53.0,675.0,0.0,3.0
KIM,2026-09-09 12:00,2026-09-13 15:00,90,나주,0,26.5,90.0,1.0,68.0,78.0,438.0,0.0,3.0
KIM,2026-09-09 12:00,2026-09-13 18:00,93,나주,0,23.5,80.0,27.0,68.0,56.0,129.0,0.0,3.0
KIM,2026-09-09 12:00,2026-09-13 21:00,96,나주,0,21.7,99.0,9.0,76.0,97.0,3.0,0.0,3.0
KIM,2026-09-09 12:00,2026-09-14 00:00,99,나주,0,20.8,99.0,26.0,75.0,82.0,0.0,0.0,3.0
KIM,2026-09-09 12:00,2026-09-14 03:00,102,나주,0,19.9,100.0,1.0,38.0,100.0,0.0,0.0,3.0
KIM,2026-09-09 12:00,2026-09-14 06:00,105,나주,0,18.6,95.0,1.0,50.0,86.0,0.0,0.0,3.0
KIM,2026-09-09 12:00,2026-09-14 09:00,108,나주,0,20.1,98.0,72.0,97.0,72.0,55.0,0.0,3.0
KIM,2026-09-09 12:00,2026-09-14 12:00,111,나주,0,23.2,98.0,23.0,95.0,58.0,168.0,0.0,3.0
KIM,2026-09-09 12:00,2026-09-14 15:00,114,나주,0,25.3,62.0,5.0,47.0,33.0,217.0,0.0,3.0
KIM,2026-09-09 12:00,2026-09-14 18:00,117,나주,0,24.2,86.0,0.0,73.0,66.0,284.0,0.0,3.0
KIM,2026-09-09 12:00,2026-09-14 21:00,120,나주,0,21.8,68.0,0.0,31.0,59.0,4.0,0.0,3.0
KIM,2026-09-09 12:00,2026-09-15 09:00,132,나주,0,20.1,99.0,0.0,0.0,99.0,187.0,0.0,3.0
KIM,2026-09-09 12:00,2026-09-15 21:00,144,나주,0,17.8,98.0,0.0,0.0,98.0,5.0,0.0,3.0
KIM,2026-09-09 12:00,2026-09-16 09:00,156,나주,0,20.4,97.0,0.0,34.0,96.0,185.0,0.0,3.0
KIM,2026-09-09 12:00,2026-09-16 21:00,168,나주,0,21.6,100.0,0.0,63.0,100.0,5.0,0.0,3.0
KIM,2026-09-09 12:00,2026-09-17 09:00,180,나주,0,21.8,95.0,0.0,31.0,92.0,182.0,0.0,3.0
KIM,2026-09-09 12:00,2026-09-17 21:00,192,나주,0,21.6,92.0,9.0,0.0,92.0,4.0,0.0,3.0
KIM,2026-09-09 12:00,2026-09-18 09:00,204,나주,0,23.3,94.0,51.0,0.0,93.0,169.0,0.0,3.0
KIM,2026-09-09 12:00,2026-09-18 21:00,216,나주,0,23.7,86.0,25.0,82.0,51.0,1.0,0.5,3.0
KIM,2026-09-09 12:00,2026-09-19 09:00,228,나주,0,24.1,100.0,45.0,32.0,100.0,110.0,6.8,3.0
KIM,2026-09-09 12:00,2026-09-19 21:00,240,나주,0,22.8,99.0,25.0,6.0,99.0,2.0,6.3,3.0
KIM,2026-09-09 12:00,2026-09-20 09:00,252,나주,0,24.0,98.0,22.0,98.0,62.0,95.0,2.0,3.0
KIM,2026-09-09 12:00,2026-09-20 21:00,264,나주,0,23.1,46.0,21.0,26.0,18.0,3.0,3.2,3.0
KIM,2026-09-09 12:00,2026-09-21 09:00,276,나주,0,23.7,73.0,26.0,6.0,66.0,123.0,1.5,3.0
KIM,2026-09-09 12:00,2026-09-21 21:00,288,나주,0,23.6,100.0,47.0,0.0,100.0,2.0,1.1,3.0
