model,run_utc,valid_kst,step_h,city,rep,t2m_C,tcc_pct,lcc_pct,mcc_pct,hcc_pct,dswrf_avg_Wm2,tp_mm,win_h,src
ECMWF,2026-10-07 00:00,2026-10-07 09:00,0,서울,1,15.5,0.0,,,,,,,
ECMWF,2026-10-07 00:00,2026-10-07 12:00,3,서울,1,21.1,0.0,,,,619.0,0.0,3.0,
ECMWF,2026-10-07 00:00,2026-10-07 15:00,6,서울,1,22.3,1.0,,,,680.0,0.0,3.0,
ECMWF,2026-10-07 00:00,2026-10-07 18:00,9,서울,1,19.3,0.0,,,,255.0,0.0,3.0,
ECMWF,2026-10-07 00:00,2026-10-07 21:00,12,서울,1,16.3,0.0,,,,0.0,0.0,3.0,
ECMWF,2026-10-07 00:00,2026-10-08 00:00,15,서울,1,14.6,0.0,,,,0.0,0.0,3.0,
ECMWF,2026-10-07 00:00,2026-10-08 03:00,18,서울,1,13.2,0.0,,,,0.0,0.0,3.0,
ECMWF,2026-10-07 00:00,2026-10-08 06:00,21,서울,1,12.1,2.0,,,,0.0,0.0,3.0,
ECMWF,2026-10-07 00:00,2026-10-08 09:00,24,서울,1,16.5,1.0,,,,151.0,0.0,3.0,
ECMWF,2026-10-07 00:00,2026-10-08 12:00,27,서울,1,21.7,0.0,,,,617.0,0.0,3.0,
ECMWF,2026-10-07 00:00,2026-10-08 15:00,30,서울,1,23.4,0.0,,,,673.0,0.0,3.0,
ECMWF,2026-10-07 00:00,2026-10-08 18:00,33,서울,1,20.8,0.0,,,,250.0,0.0,3.0,
ECMWF,2026-10-07 00:00,2026-10-08 21:00,36,서울,1,17.3,0.0,,,,0.0,0.0,3.0,
ECMWF,2026-10-07 00:00,2026-10-09 00:00,39,서울,1,15.6,0.0,,,,0.0,0.0,3.0,
ECMWF,2026-10-07 00:00,2026-10-09 03:00,42,서울,1,14.2,0.0,,,,0.0,0.0,3.0,
ECMWF,2026-10-07 00:00,2026-10-09 06:00,45,서울,1,13.3,3.0,,,,0.0,0.0,3.0,
ECMWF,2026-10-07 00:00,2026-10-09 09:00,48,서울,1,17.8,89.0,,,,143.0,0.0,3.0,
ECMWF,2026-10-07 00:00,2026-10-09 12:00,51,서울,1,23.2,74.0,,,,558.0,0.0,3.0,
ECMWF,2026-10-07 00:00,2026-10-09 15:00,54,서울,1,24.3,61.0,,,,588.0,0.0,3.0,
ECMWF,2026-10-07 00:00,2026-10-09 18:00,57,서울,1,21.9,66.0,,,,240.0,0.0,3.0,
ECMWF,2026-10-07 00:00,2026-10-09 21:00,60,서울,1,18.8,66.0,,,,0.0,0.0,3.0,
ECMWF,2026-10-07 00:00,2026-10-10 00:00,63,서울,1,16.7,1.0,,,,0.0,0.0,3.0,
ECMWF,2026-10-07 00:00,2026-10-10 03:00,66,서울,1,15.0,0.0,,,,0.0,0.0,3.0,
ECMWF,2026-10-07 00:00,2026-10-10 06:00,69,서울,1,13.8,0.0,,,,0.0,0.0,3.0,
ECMWF,2026-10-07 00:00,2026-10-10 09:00,72,서울,1,18.6,0.0,,,,146.0,0.0,3.0,
ECMWF,2026-10-07 00:00,2026-10-10 12:00,75,서울,1,24.5,0.0,,,,605.0,0.0,3.0,
ECMWF,2026-10-07 00:00,2026-10-10 15:00,78,서울,1,25.9,6.0,,,,659.0,0.0,3.0,
ECMWF,2026-10-07 00:00,2026-10-10 18:00,81,서울,1,23.4,59.0,,,,237.0,0.0,3.0,
ECMWF,2026-10-07 00:00,2026-10-10 21:00,84,서울,1,20.4,9.0,,,,0.0,0.0,3.0,
ECMWF,2026-10-07 00:00,2026-10-11 00:00,87,서울,1,18.2,45.0,,,,0.0,0.0,3.0,
ECMWF,2026-10-07 00:00,2026-10-11 03:00,90,서울,1,17.6,52.0,,,,0.0,0.0,3.0,
ECMWF,2026-10-07 00:00,2026-10-11 06:00,93,서울,1,16.7,45.0,,,,0.0,0.0,3.0,
ECMWF,2026-10-07 00:00,2026-10-11 09:00,96,서울,1,20.3,8.0,,,,122.0,0.0,3.0,
ECMWF,2026-10-07 00:00,2026-10-11 12:00,99,서울,1,26.3,1.0,,,,579.0,0.0,3.0,
ECMWF,2026-10-07 00:00,2026-10-11 15:00,102,서울,1,27.8,8.0,,,,635.0,0.0,3.0,
ECMWF,2026-10-07 00:00,2026-10-11 18:00,105,서울,1,25.5,4.0,,,,227.0,0.0,3.0,
ECMWF,2026-10-07 00:00,2026-10-11 21:00,108,서울,1,22.4,21.0,,,,0.0,0.0,3.0,
ECMWF,2026-10-07 00:00,2026-10-12 00:00,111,서울,1,20.4,30.0,,,,0.0,0.0,3.0,
ECMWF,2026-10-07 00:00,2026-10-12 03:00,114,서울,1,19.6,24.0,,,,0.0,0.0,3.0,
ECMWF,2026-10-07 00:00,2026-10-12 06:00,117,서울,1,17.9,37.0,,,,0.0,0.0,3.0,
ECMWF,2026-10-07 00:00,2026-10-12 09:00,120,서울,1,17.9,84.0,,,,49.0,3.1,3.0,
ECMWF,2026-10-07 00:00,2026-10-12 12:00,123,서울,1,22.0,83.0,,,,313.0,1.5,3.0,
ECMWF,2026-10-07 00:00,2026-10-12 15:00,126,서울,1,20.1,94.0,,,,275.0,4.3,3.0,
ECMWF,2026-10-07 00:00,2026-10-12 18:00,129,서울,1,20.2,95.0,,,,119.0,1.2,3.0,
ECMWF,2026-10-07 00:00,2026-10-12 21:00,132,서울,1,19.2,97.0,,,,0.0,0.0,3.0,
ECMWF,2026-10-07 00:00,2026-10-13 00:00,135,서울,1,18.9,100.0,,,,0.0,4.8,3.0,
ECMWF,2026-10-07 00:00,2026-10-13 03:00,138,서울,1,18.5,99.0,,,,0.0,2.9,3.0,
ECMWF,2026-10-07 00:00,2026-10-13 06:00,141,서울,1,17.7,86.0,,,,0.0,0.1,3.0,
ECMWF,2026-10-07 00:00,2026-10-13 09:00,144,서울,1,18.1,86.0,,,,68.0,0.0,3.0,
ECMWF,2026-10-07 00:00,2026-10-13 15:00,150,서울,1,22.9,19.0,,,,554.0,0.0,6.0,
ECMWF,2026-10-07 00:00,2026-10-13 21:00,156,서울,1,17.3,83.0,,,,104.0,1.5,6.0,
ECMWF,2026-10-07 00:00,2026-10-14 03:00,162,서울,1,14.0,88.0,,,,0.0,0.0,6.0,
ECMWF,2026-10-07 00:00,2026-10-14 09:00,168,서울,1,13.1,0.0,,,,73.0,0.0,6.0,
ECMWF,2026-10-07 00:00,2026-10-14 15:00,174,서울,1,18.9,13.0,,,,644.0,0.0,6.0,
ECMWF,2026-10-07 00:00,2026-10-14 21:00,180,서울,1,12.8,3.0,,,,117.0,0.0,6.0,
ECMWF,2026-10-07 00:00,2026-10-15 03:00,186,서울,1,10.2,0.0,,,,0.0,0.0,6.0,
ECMWF,2026-10-07 00:00,2026-10-15 09:00,192,서울,1,12.8,0.0,,,,70.0,0.0,6.0,
ECMWF,2026-10-07 00:00,2026-10-15 15:00,198,서울,1,21.2,0.0,,,,623.0,0.0,6.0,
ECMWF,2026-10-07 00:00,2026-10-15 21:00,204,서울,1,15.7,14.0,,,,112.0,0.0,6.0,
ECMWF,2026-10-07 00:00,2026-10-16 03:00,210,서울,1,13.2,80.0,,,,0.0,0.0,6.0,
ECMWF,2026-10-07 00:00,2026-10-16 09:00,216,서울,1,14.9,100.0,,,,24.0,0.0,6.0,
ECMWF,2026-10-07 00:00,2026-10-16 15:00,222,서울,1,16.6,100.0,,,,100.0,5.5,6.0,
ECMWF,2026-10-07 00:00,2026-10-16 21:00,228,서울,1,16.8,98.0,,,,31.0,15.0,6.0,
ECMWF,2026-10-07 00:00,2026-10-17 03:00,234,서울,1,15.7,15.0,,,,0.0,0.1,6.0,
ECMWF,2026-10-07 00:00,2026-10-17 09:00,240,서울,1,14.0,12.0,,,,61.0,0.0,6.0,
ECMWF,2026-10-07 00:00,2026-10-07 09:00,0,대전,1,17.0,1.0,,,,,,,
ECMWF,2026-10-07 00:00,2026-10-07 12:00,3,대전,1,20.9,5.0,,,,637.0,0.0,3.0,
ECMWF,2026-10-07 00:00,2026-10-07 15:00,6,대전,1,21.9,12.0,,,,669.0,0.0,3.0,
ECMWF,2026-10-07 00:00,2026-10-07 18:00,9,대전,1,17.7,1.0,,,,257.0,0.0,3.0,
ECMWF,2026-10-07 00:00,2026-10-07 21:00,12,대전,1,13.8,0.0,,,,0.0,0.0,3.0,
ECMWF,2026-10-07 00:00,2026-10-08 00:00,15,대전,1,11.5,0.0,,,,0.0,0.0,3.0,
ECMWF,2026-10-07 00:00,2026-10-08 03:00,18,대전,1,9.0,3.0,,,,0.0,0.0,3.0,
ECMWF,2026-10-07 00:00,2026-10-08 06:00,21,대전,1,7.8,12.0,,,,0.0,0.0,3.0,
ECMWF,2026-10-07 00:00,2026-10-08 09:00,24,대전,1,17.4,0.0,,,,159.0,0.0,3.0,
ECMWF,2026-10-07 00:00,2026-10-08 12:00,27,대전,1,22.3,0.0,,,,636.0,0.0,3.0,
ECMWF,2026-10-07 00:00,2026-10-08 15:00,30,대전,1,22.9,0.0,,,,696.0,0.0,3.0,
ECMWF,2026-10-07 00:00,2026-10-08 18:00,33,대전,1,18.3,0.0,,,,260.0,0.0,3.0,
ECMWF,2026-10-07 00:00,2026-10-08 21:00,36,대전,1,14.4,0.0,,,,0.0,0.0,3.0,
ECMWF,2026-10-07 00:00,2026-10-09 00:00,39,대전,1,12.0,0.0,,,,0.0,0.0,3.0,
ECMWF,2026-10-07 00:00,2026-10-09 03:00,42,대전,1,9.9,4.0,,,,0.0,0.0,3.0,
ECMWF,2026-10-07 00:00,2026-10-09 06:00,45,대전,1,9.0,14.0,,,,0.0,0.0,3.0,
ECMWF,2026-10-07 00:00,2026-10-09 09:00,48,대전,1,18.6,23.0,,,,155.0,0.0,3.0,
ECMWF,2026-10-07 00:00,2026-10-09 12:00,51,대전,1,23.2,62.0,,,,614.0,0.0,3.0,
ECMWF,2026-10-07 00:00,2026-10-09 15:00,54,대전,1,24.2,29.0,,,,657.0,0.0,3.0,
ECMWF,2026-10-07 00:00,2026-10-09 18:00,57,대전,1,19.6,67.0,,,,248.0,0.0,3.0,
ECMWF,2026-10-07 00:00,2026-10-09 21:00,60,대전,1,16.1,6.0,,,,0.0,0.0,3.0,
ECMWF,2026-10-07 00:00,2026-10-10 00:00,63,대전,1,13.1,6.0,,,,0.0,0.0,3.0,
ECMWF,2026-10-07 00:00,2026-10-10 03:00,66,대전,1,10.8,6.0,,,,0.0,0.0,3.0,
ECMWF,2026-10-07 00:00,2026-10-10 06:00,69,대전,1,9.7,15.0,,,,0.0,0.0,3.0,
ECMWF,2026-10-07 00:00,2026-10-10 09:00,72,대전,1,18.8,13.0,,,,146.0,0.0,3.0,
ECMWF,2026-10-07 00:00,2026-10-10 12:00,75,대전,1,25.3,12.0,,,,598.0,0.0,3.0,
ECMWF,2026-10-07 00:00,2026-10-10 15:00,78,대전,1,26.3,20.0,,,,649.0,0.0,3.0,
ECMWF,2026-10-07 00:00,2026-10-10 18:00,81,대전,1,21.3,18.0,,,,226.0,0.0,3.0,
ECMWF,2026-10-07 00:00,2026-10-10 21:00,84,대전,1,18.2,17.0,,,,0.0,0.0,3.0,
ECMWF,2026-10-07 00:00,2026-10-11 00:00,87,대전,1,16.2,10.0,,,,0.0,0.0,3.0,
ECMWF,2026-10-07 00:00,2026-10-11 03:00,90,대전,1,14.5,33.0,,,,0.0,0.0,3.0,
ECMWF,2026-10-07 00:00,2026-10-11 06:00,93,대전,1,13.5,54.0,,,,0.0,0.0,3.0,
ECMWF,2026-10-07 00:00,2026-10-11 09:00,96,대전,1,20.2,24.0,,,,129.0,0.0,3.0,
ECMWF,2026-10-07 00:00,2026-10-11 12:00,99,대전,1,25.6,30.0,,,,573.0,0.0,3.0,
ECMWF,2026-10-07 00:00,2026-10-11 15:00,102,대전,1,26.6,26.0,,,,551.0,0.3,3.0,
ECMWF,2026-10-07 00:00,2026-10-11 18:00,105,대전,1,22.0,21.0,,,,201.0,0.6,3.0,
ECMWF,2026-10-07 00:00,2026-10-11 21:00,108,대전,1,19.0,10.0,,,,0.0,0.0,3.0,
ECMWF,2026-10-07 00:00,2026-10-12 00:00,111,대전,1,17.9,12.0,,,,0.0,0.0,3.0,
ECMWF,2026-10-07 00:00,2026-10-12 03:00,114,대전,1,17.6,24.0,,,,0.0,0.0,3.0,
ECMWF,2026-10-07 00:00,2026-10-12 06:00,117,대전,1,17.5,50.0,,,,0.0,0.0,3.0,
ECMWF,2026-10-07 00:00,2026-10-12 09:00,120,대전,1,19.8,79.0,,,,92.0,0.0,3.0,
ECMWF,2026-10-07 00:00,2026-10-12 12:00,123,대전,1,24.9,51.0,,,,426.0,0.3,3.0,
ECMWF,2026-10-07 00:00,2026-10-12 15:00,126,대전,1,26.6,56.0,,,,542.0,0.0,3.0,
ECMWF,2026-10-07 00:00,2026-10-12 18:00,129,대전,1,22.8,80.0,,,,165.0,0.0,3.0,
ECMWF,2026-10-07 00:00,2026-10-12 21:00,132,대전,1,19.8,81.0,,,,0.0,0.2,3.0,
ECMWF,2026-10-07 00:00,2026-10-13 00:00,135,대전,1,18.3,62.0,,,,0.0,0.2,3.0,
ECMWF,2026-10-07 00:00,2026-10-13 03:00,138,대전,1,18.2,99.0,,,,0.0,0.3,3.0,
ECMWF,2026-10-07 00:00,2026-10-13 06:00,141,대전,1,18.2,100.0,,,,0.0,1.2,3.0,
ECMWF,2026-10-07 00:00,2026-10-13 09:00,144,대전,1,19.2,43.0,,,,55.0,0.6,3.0,
ECMWF,2026-10-07 00:00,2026-10-13 15:00,150,대전,1,24.5,1.0,,,,604.0,0.0,6.0,
ECMWF,2026-10-07 00:00,2026-10-13 21:00,156,대전,1,16.3,43.0,,,,114.0,0.0,6.0,
ECMWF,2026-10-07 00:00,2026-10-14 03:00,162,대전,1,14.5,83.0,,,,0.0,0.0,6.0,
ECMWF,2026-10-07 00:00,2026-10-14 09:00,168,대전,1,15.8,1.0,,,,65.0,0.0,6.0,
ECMWF,2026-10-07 00:00,2026-10-14 15:00,174,대전,1,20.3,0.0,,,,663.0,0.0,6.0,
ECMWF,2026-10-07 00:00,2026-10-14 21:00,180,대전,1,12.2,0.0,,,,122.0,0.0,6.0,
ECMWF,2026-10-07 00:00,2026-10-15 03:00,186,대전,1,8.9,0.0,,,,0.0,0.0,6.0,
ECMWF,2026-10-07 00:00,2026-10-15 09:00,192,대전,1,13.7,0.0,,,,75.0,0.0,6.0,
ECMWF,2026-10-07 00:00,2026-10-15 15:00,198,대전,1,22.6,0.0,,,,647.0,0.0,6.0,
ECMWF,2026-10-07 00:00,2026-10-15 21:00,204,대전,1,13.7,3.0,,,,117.0,0.0,6.0,
ECMWF,2026-10-07 00:00,2026-10-16 03:00,210,대전,1,13.2,99.0,,,,0.0,0.0,6.0,
ECMWF,2026-10-07 00:00,2026-10-16 09:00,216,대전,1,14.4,100.0,,,,19.0,0.1,6.0,
ECMWF,2026-10-07 00:00,2026-10-16 15:00,222,대전,1,19.5,93.0,,,,147.0,2.7,6.0,
ECMWF,2026-10-07 00:00,2026-10-16 21:00,228,대전,1,18.0,56.0,,,,42.0,7.9,6.0,
ECMWF,2026-10-07 00:00,2026-10-17 03:00,234,대전,1,13.5,23.0,,,,0.0,0.0,6.0,
ECMWF,2026-10-07 00:00,2026-10-17 09:00,240,대전,1,16.5,36.0,,,,56.0,0.1,6.0,
ECMWF,2026-10-07 00:00,2026-10-07 09:00,0,대구,1,17.0,0.0,,,,,,,
ECMWF,2026-10-07 00:00,2026-10-07 12:00,3,대구,1,20.6,1.0,,,,662.0,0.0,3.0,
ECMWF,2026-10-07 00:00,2026-10-07 15:00,6,대구,1,21.7,3.0,,,,700.0,0.0,3.0,
ECMWF,2026-10-07 00:00,2026-10-07 18:00,9,대구,1,17.6,1.0,,,,251.0,0.0,3.0,
ECMWF,2026-10-07 00:00,2026-10-07 21:00,12,대구,1,14.0,0.0,,,,0.0,0.0,3.0,
ECMWF,2026-10-07 00:00,2026-10-08 00:00,15,대구,1,13.3,0.0,,,,0.0,0.0,3.0,
ECMWF,2026-10-07 00:00,2026-10-08 03:00,18,대구,1,12.3,0.0,,,,0.0,0.0,3.0,
ECMWF,2026-10-07 00:00,2026-10-08 06:00,21,대구,1,11.0,0.0,,,,0.0,0.0,3.0,
ECMWF,2026-10-07 00:00,2026-10-08 09:00,24,대구,1,17.7,0.0,,,,178.0,0.0,3.0,
ECMWF,2026-10-07 00:00,2026-10-08 12:00,27,대구,1,22.1,0.0,,,,659.0,0.0,3.0,
ECMWF,2026-10-07 00:00,2026-10-08 15:00,30,대구,1,23.4,0.0,,,,698.0,0.0,3.0,
ECMWF,2026-10-07 00:00,2026-10-08 18:00,33,대구,1,18.8,0.0,,,,249.0,0.0,3.0,
ECMWF,2026-10-07 00:00,2026-10-08 21:00,36,대구,1,14.8,0.0,,,,0.0,0.0,3.0,
ECMWF,2026-10-07 00:00,2026-10-09 00:00,39,대구,1,13.3,0.0,,,,0.0,0.0,3.0,
ECMWF,2026-10-07 00:00,2026-10-09 03:00,42,대구,1,12.4,0.0,,,,0.0,0.0,3.0,
ECMWF,2026-10-07 00:00,2026-10-09 06:00,45,대구,1,11.8,6.0,,,,0.0,0.0,3.0,
ECMWF,2026-10-07 00:00,2026-10-09 09:00,48,대구,1,18.3,18.0,,,,177.0,0.0,3.0,
ECMWF,2026-10-07 00:00,2026-10-09 12:00,51,대구,1,23.1,75.0,,,,643.0,0.0,3.0,
ECMWF,2026-10-07 00:00,2026-10-09 15:00,54,대구,1,24.5,51.0,,,,661.0,0.0,3.0,
ECMWF,2026-10-07 00:00,2026-10-09 18:00,57,대구,1,19.5,18.0,,,,243.0,0.0,3.0,
ECMWF,2026-10-07 00:00,2026-10-09 21:00,60,대구,1,16.1,76.0,,,,0.0,0.0,3.0,
ECMWF,2026-10-07 00:00,2026-10-10 00:00,63,대구,1,14.3,36.0,,,,0.0,0.0,3.0,
ECMWF,2026-10-07 00:00,2026-10-10 03:00,66,대구,1,14.0,47.0,,,,0.0,0.0,3.0,
ECMWF,2026-10-07 00:00,2026-10-10 06:00,69,대구,1,14.5,81.0,,,,0.0,0.0,3.0,
ECMWF,2026-10-07 00:00,2026-10-10 09:00,72,대구,1,19.0,92.0,,,,59.0,0.0,3.0,
ECMWF,2026-10-07 00:00,2026-10-10 12:00,75,대구,1,22.1,83.0,,,,372.0,0.1,3.0,
ECMWF,2026-10-07 00:00,2026-10-10 15:00,78,대구,1,20.1,79.0,,,,199.0,1.6,3.0,
ECMWF,2026-10-07 00:00,2026-10-10 18:00,81,대구,1,19.1,75.0,,,,142.0,1.7,3.0,
ECMWF,2026-10-07 00:00,2026-10-10 21:00,84,대구,1,18.2,62.0,,,,0.0,1.1,3.0,
ECMWF,2026-10-07 00:00,2026-10-11 00:00,87,대구,1,16.7,71.0,,,,0.0,0.4,3.0,
ECMWF,2026-10-07 00:00,2026-10-11 03:00,90,대구,1,16.8,69.0,,,,0.0,0.8,3.0,
ECMWF,2026-10-07 00:00,2026-10-11 06:00,93,대구,1,15.8,86.0,,,,0.0,0.1,3.0,
ECMWF,2026-10-07 00:00,2026-10-11 09:00,96,대구,1,19.6,68.0,,,,105.0,0.0,3.0,
ECMWF,2026-10-07 00:00,2026-10-11 12:00,99,대구,1,23.4,53.0,,,,468.0,0.1,3.0,
ECMWF,2026-10-07 00:00,2026-10-11 15:00,102,대구,1,24.6,66.0,,,,517.0,0.3,3.0,
ECMWF,2026-10-07 00:00,2026-10-11 18:00,105,대구,1,19.6,23.0,,,,175.0,1.3,3.0,
ECMWF,2026-10-07 00:00,2026-10-11 21:00,108,대구,1,17.9,41.0,,,,0.0,0.0,3.0,
ECMWF,2026-10-07 00:00,2026-10-12 00:00,111,대구,1,17.2,64.0,,,,0.0,0.0,3.0,
ECMWF,2026-10-07 00:00,2026-10-12 03:00,114,대구,1,17.0,85.0,,,,0.0,0.0,3.0,
ECMWF,2026-10-07 00:00,2026-10-12 06:00,117,대구,1,16.4,92.0,,,,0.0,0.0,3.0,
ECMWF,2026-10-07 00:00,2026-10-12 09:00,120,대구,1,18.8,84.0,,,,83.0,0.0,3.0,
ECMWF,2026-10-07 00:00,2026-10-12 12:00,123,대구,1,23.8,59.0,,,,407.0,0.1,3.0,
ECMWF,2026-10-07 00:00,2026-10-12 15:00,126,대구,1,24.9,59.0,,,,419.0,0.0,3.0,
ECMWF,2026-10-07 00:00,2026-10-12 18:00,129,대구,1,21.6,79.0,,,,145.0,0.0,3.0,
ECMWF,2026-10-07 00:00,2026-10-12 21:00,132,대구,1,19.4,31.0,,,,0.0,0.0,3.0,
ECMWF,2026-10-07 00:00,2026-10-13 00:00,135,대구,1,17.8,46.0,,,,0.0,0.0,3.0,
ECMWF,2026-10-07 00:00,2026-10-13 03:00,138,대구,1,17.5,85.0,,,,0.0,0.0,3.0,
ECMWF,2026-10-07 00:00,2026-10-13 06:00,141,대구,1,17.1,86.0,,,,0.0,0.0,3.0,
ECMWF,2026-10-07 00:00,2026-10-13 09:00,144,대구,1,20.7,68.0,,,,107.0,0.1,3.0,
ECMWF,2026-10-07 00:00,2026-10-13 15:00,150,대구,1,25.3,7.0,,,,560.0,0.7,6.0,
ECMWF,2026-10-07 00:00,2026-10-13 21:00,156,대구,1,17.2,59.0,,,,107.0,0.0,6.0,
ECMWF,2026-10-07 00:00,2026-10-14 03:00,162,대구,1,14.9,95.0,,,,0.0,0.0,6.0,
ECMWF,2026-10-07 00:00,2026-10-14 09:00,168,대구,1,17.5,20.0,,,,51.0,0.0,6.0,
ECMWF,2026-10-07 00:00,2026-10-14 15:00,174,대구,1,21.9,0.0,,,,651.0,0.0,6.0,
ECMWF,2026-10-07 00:00,2026-10-14 21:00,180,대구,1,12.6,0.0,,,,115.0,0.0,6.0,
ECMWF,2026-10-07 00:00,2026-10-15 03:00,186,대구,1,8.6,0.0,,,,0.0,0.0,6.0,
ECMWF,2026-10-07 00:00,2026-10-15 09:00,192,대구,1,15.4,0.0,,,,83.0,0.0,6.0,
ECMWF,2026-10-07 00:00,2026-10-15 15:00,198,대구,1,21.2,0.0,,,,650.0,0.0,6.0,
ECMWF,2026-10-07 00:00,2026-10-15 21:00,204,대구,1,13.3,0.0,,,,109.0,0.0,6.0,
ECMWF,2026-10-07 00:00,2026-10-16 03:00,210,대구,1,12.6,88.0,,,,0.0,0.0,6.0,
ECMWF,2026-10-07 00:00,2026-10-16 09:00,216,대구,1,17.4,58.0,,,,59.0,0.0,6.0,
ECMWF,2026-10-07 00:00,2026-10-16 15:00,222,대구,1,19.3,100.0,,,,276.0,0.7,6.0,
ECMWF,2026-10-07 00:00,2026-10-16 21:00,228,대구,1,18.9,98.0,,,,22.0,8.4,6.0,
ECMWF,2026-10-07 00:00,2026-10-17 03:00,234,대구,1,13.9,15.0,,,,0.0,0.3,6.0,
ECMWF,2026-10-07 00:00,2026-10-17 09:00,240,대구,1,15.7,18.0,,,,70.0,0.0,6.0,
ECMWF,2026-10-07 00:00,2026-10-07 09:00,0,광주,1,17.9,7.0,,,,,,,
ECMWF,2026-10-07 00:00,2026-10-07 12:00,3,광주,1,22.6,33.0,,,,570.0,0.0,3.0,
ECMWF,2026-10-07 00:00,2026-10-07 15:00,6,광주,1,23.1,15.0,,,,670.0,0.0,3.0,
ECMWF,2026-10-07 00:00,2026-10-07 18:00,9,광주,1,19.3,0.0,,,,266.0,0.0,3.0,
ECMWF,2026-10-07 00:00,2026-10-07 21:00,12,광주,1,14.3,0.0,,,,0.0,0.0,3.0,
ECMWF,2026-10-07 00:00,2026-10-08 00:00,15,광주,1,12.2,0.0,,,,0.0,0.0,3.0,
ECMWF,2026-10-07 00:00,2026-10-08 03:00,18,광주,1,10.9,0.0,,,,0.0,0.0,3.0,
ECMWF,2026-10-07 00:00,2026-10-08 06:00,21,광주,1,10.4,0.0,,,,0.0,0.0,3.0,
ECMWF,2026-10-07 00:00,2026-10-08 09:00,24,광주,1,18.4,0.0,,,,162.0,0.0,3.0,
ECMWF,2026-10-07 00:00,2026-10-08 12:00,27,광주,1,23.9,0.0,,,,648.0,0.0,3.0,
ECMWF,2026-10-07 00:00,2026-10-08 15:00,30,광주,1,25.0,1.0,,,,708.0,0.0,3.0,
ECMWF,2026-10-07 00:00,2026-10-08 18:00,33,광주,1,21.2,1.0,,,,265.0,0.0,3.0,
ECMWF,2026-10-07 00:00,2026-10-08 21:00,36,광주,1,16.2,0.0,,,,0.0,0.0,3.0,
ECMWF,2026-10-07 00:00,2026-10-09 00:00,39,광주,1,13.2,10.0,,,,0.0,0.0,3.0,
ECMWF,2026-10-07 00:00,2026-10-09 03:00,42,광주,1,11.7,57.0,,,,0.0,0.0,3.0,
ECMWF,2026-10-07 00:00,2026-10-09 06:00,45,광주,1,11.7,64.0,,,,0.0,0.0,3.0,
ECMWF,2026-10-07 00:00,2026-10-09 09:00,48,광주,1,18.6,73.0,,,,132.0,0.0,3.0,
ECMWF,2026-10-07 00:00,2026-10-09 12:00,51,광주,1,24.3,53.0,,,,617.0,0.0,3.0,
ECMWF,2026-10-07 00:00,2026-10-09 15:00,54,광주,1,25.9,78.0,,,,654.0,0.0,3.0,
ECMWF,2026-10-07 00:00,2026-10-09 18:00,57,광주,1,22.1,86.0,,,,194.0,0.0,3.0,
ECMWF,2026-10-07 00:00,2026-10-09 21:00,60,광주,1,18.0,1.0,,,,0.0,0.0,3.0,
ECMWF,2026-10-07 00:00,2026-10-10 00:00,63,광주,1,14.5,15.0,,,,0.0,0.0,3.0,
ECMWF,2026-10-07 00:00,2026-10-10 03:00,66,광주,1,13.8,38.0,,,,0.0,0.0,3.0,
ECMWF,2026-10-07 00:00,2026-10-10 06:00,69,광주,1,14.5,59.0,,,,0.0,0.0,3.0,
ECMWF,2026-10-07 00:00,2026-10-10 09:00,72,광주,1,21.1,26.0,,,,123.0,0.0,3.0,
ECMWF,2026-10-07 00:00,2026-10-10 12:00,75,광주,1,26.8,33.0,,,,565.0,0.0,3.0,
ECMWF,2026-10-07 00:00,2026-10-10 15:00,78,광주,1,26.6,55.0,,,,460.0,0.0,3.0,
ECMWF,2026-10-07 00:00,2026-10-10 18:00,81,광주,1,22.0,32.0,,,,192.0,0.8,3.0,
ECMWF,2026-10-07 00:00,2026-10-10 21:00,84,광주,1,19.9,27.0,,,,0.0,0.1,3.0,
ECMWF,2026-10-07 00:00,2026-10-11 00:00,87,광주,1,18.3,48.0,,,,0.0,0.7,3.0,
ECMWF,2026-10-07 00:00,2026-10-11 03:00,90,광주,1,17.1,63.0,,,,0.0,1.3,3.0,
ECMWF,2026-10-07 00:00,2026-10-11 06:00,93,광주,1,17.0,88.0,,,,0.0,0.7,3.0,
ECMWF,2026-10-07 00:00,2026-10-11 09:00,96,광주,1,20.3,48.0,,,,94.0,0.1,3.0,
ECMWF,2026-10-07 00:00,2026-10-11 12:00,99,광주,1,25.7,67.0,,,,487.0,0.4,3.0,
ECMWF,2026-10-07 00:00,2026-10-11 15:00,102,광주,1,21.3,73.0,,,,364.0,2.3,3.0,
ECMWF,2026-10-07 00:00,2026-10-11 18:00,105,광주,1,19.7,22.0,,,,174.0,5.1,3.0,
ECMWF,2026-10-07 00:00,2026-10-11 21:00,108,광주,1,18.6,22.0,,,,0.0,0.0,3.0,
ECMWF,2026-10-07 00:00,2026-10-12 00:00,111,광주,1,17.9,22.0,,,,0.0,0.0,3.0,
ECMWF,2026-10-07 00:00,2026-10-12 03:00,114,광주,1,17.7,55.0,,,,0.0,0.0,3.0,
ECMWF,2026-10-07 00:00,2026-10-12 06:00,117,광주,1,18.0,69.0,,,,0.0,1.9,3.0,
ECMWF,2026-10-07 00:00,2026-10-12 09:00,120,광주,1,20.8,63.0,,,,118.0,0.3,3.0,
ECMWF,2026-10-07 00:00,2026-10-12 12:00,123,광주,1,24.5,65.0,,,,383.0,0.2,3.0,
ECMWF,2026-10-07 00:00,2026-10-12 15:00,126,광주,1,25.2,62.0,,,,389.0,0.3,3.0,
ECMWF,2026-10-07 00:00,2026-10-12 18:00,129,광주,1,22.0,63.0,,,,181.0,0.0,3.0,
ECMWF,2026-10-07 00:00,2026-10-12 21:00,132,광주,1,19.5,48.0,,,,0.0,0.1,3.0,
ECMWF,2026-10-07 00:00,2026-10-13 00:00,135,광주,1,18.4,82.0,,,,0.0,0.2,3.0,
ECMWF,2026-10-07 00:00,2026-10-13 03:00,138,광주,1,18.9,99.0,,,,0.0,0.1,3.0,
ECMWF,2026-10-07 00:00,2026-10-13 06:00,141,광주,1,18.9,91.0,,,,0.0,0.3,3.0,
ECMWF,2026-10-07 00:00,2026-10-13 09:00,144,광주,1,20.6,52.0,,,,112.0,0.1,3.0,
ECMWF,2026-10-07 00:00,2026-10-13 15:00,150,광주,1,24.5,9.0,,,,594.0,0.3,6.0,
ECMWF,2026-10-07 00:00,2026-10-13 21:00,156,광주,1,16.2,75.0,,,,122.0,0.0,6.0,
ECMWF,2026-10-07 00:00,2026-10-14 03:00,162,광주,1,15.1,92.0,,,,0.0,0.0,6.0,
ECMWF,2026-10-07 00:00,2026-10-14 09:00,168,광주,1,18.5,10.0,,,,62.0,0.0,6.0,
ECMWF,2026-10-07 00:00,2026-10-14 15:00,174,광주,1,21.3,0.0,,,,667.0,0.0,6.0,
ECMWF,2026-10-07 00:00,2026-10-14 21:00,180,광주,1,12.2,0.0,,,,128.0,0.0,6.0,
ECMWF,2026-10-07 00:00,2026-10-15 03:00,186,광주,1,9.3,0.0,,,,0.0,0.0,6.0,
ECMWF,2026-10-07 00:00,2026-10-15 09:00,192,광주,1,16.3,0.0,,,,78.0,0.0,6.0,
ECMWF,2026-10-07 00:00,2026-10-15 15:00,198,광주,1,25.0,0.0,,,,672.0,0.0,6.0,
ECMWF,2026-10-07 00:00,2026-10-15 21:00,204,광주,1,14.6,61.0,,,,124.0,0.0,6.0,
ECMWF,2026-10-07 00:00,2026-10-16 03:00,210,광주,1,11.5,17.0,,,,0.0,0.0,6.0,
ECMWF,2026-10-07 00:00,2026-10-16 09:00,216,광주,1,18.6,99.0,,,,46.0,0.0,6.0,
ECMWF,2026-10-07 00:00,2026-10-16 15:00,222,광주,1,21.1,91.0,,,,109.0,1.9,6.0,
ECMWF,2026-10-07 00:00,2026-10-16 21:00,228,광주,1,19.0,74.0,,,,50.0,14.1,6.0,
ECMWF,2026-10-07 00:00,2026-10-17 03:00,234,광주,1,15.1,8.0,,,,0.0,0.8,6.0,
ECMWF,2026-10-07 00:00,2026-10-17 09:00,240,광주,1,17.7,14.0,,,,69.0,0.0,6.0,
ECMWF,2026-10-07 00:00,2026-10-07 09:00,0,부산,1,18.5,0.0,,,,,,,
ECMWF,2026-10-07 00:00,2026-10-07 12:00,3,부산,1,21.4,0.0,,,,670.0,0.0,3.0,
ECMWF,2026-10-07 00:00,2026-10-07 15:00,6,부산,1,21.9,3.0,,,,699.0,0.0,3.0,
ECMWF,2026-10-07 00:00,2026-10-07 18:00,9,부산,1,22.2,1.0,,,,246.0,0.0,3.0,
ECMWF,2026-10-07 00:00,2026-10-07 21:00,12,부산,1,22.4,0.0,,,,0.0,0.0,3.0,
ECMWF,2026-10-07 00:00,2026-10-08 00:00,15,부산,1,20.4,1.0,,,,0.0,0.0,3.0,
ECMWF,2026-10-07 00:00,2026-10-08 03:00,18,부산,1,19.4,2.0,,,,0.0,0.0,3.0,
ECMWF,2026-10-07 00:00,2026-10-08 06:00,21,부산,1,18.5,6.0,,,,0.0,0.0,3.0,
ECMWF,2026-10-07 00:00,2026-10-08 09:00,24,부산,1,20.9,9.0,,,,179.0,0.0,3.0,
ECMWF,2026-10-07 00:00,2026-10-08 12:00,27,부산,1,22.4,5.0,,,,654.0,0.0,3.0,
ECMWF,2026-10-07 00:00,2026-10-08 15:00,30,부산,1,21.9,12.0,,,,687.0,0.0,3.0,
ECMWF,2026-10-07 00:00,2026-10-08 18:00,33,부산,1,22.0,1.0,,,,233.0,0.0,3.0,
ECMWF,2026-10-07 00:00,2026-10-08 21:00,36,부산,1,22.0,0.0,,,,0.0,0.0,3.0,
ECMWF,2026-10-07 00:00,2026-10-09 00:00,39,부산,1,21.4,0.0,,,,0.0,0.0,3.0,
ECMWF,2026-10-07 00:00,2026-10-09 03:00,42,부산,1,19.4,0.0,,,,0.0,0.0,3.0,
ECMWF,2026-10-07 00:00,2026-10-09 06:00,45,부산,1,18.5,11.0,,,,0.0,0.0,3.0,
ECMWF,2026-10-07 00:00,2026-10-09 09:00,48,부산,1,20.7,49.0,,,,178.0,0.0,3.0,
ECMWF,2026-10-07 00:00,2026-10-09 12:00,51,부산,1,22.4,35.0,,,,628.0,0.0,3.0,
ECMWF,2026-10-07 00:00,2026-10-09 15:00,54,부산,1,22.4,60.0,,,,672.0,0.0,3.0,
ECMWF,2026-10-07 00:00,2026-10-09 18:00,57,부산,1,22.5,47.0,,,,222.0,0.0,3.0,
ECMWF,2026-10-07 00:00,2026-10-09 21:00,60,부산,1,22.7,33.0,,,,0.0,0.0,3.0,
ECMWF,2026-10-07 00:00,2026-10-10 00:00,63,부산,1,22.6,43.0,,,,0.0,0.0,3.0,
ECMWF,2026-10-07 00:00,2026-10-10 03:00,66,부산,1,22.2,54.0,,,,0.0,0.1,3.0,
ECMWF,2026-10-07 00:00,2026-10-10 06:00,69,부산,1,21.8,79.0,,,,0.0,0.0,3.0,
ECMWF,2026-10-07 00:00,2026-10-10 09:00,72,부산,1,22.6,76.0,,,,114.0,0.4,3.0,
ECMWF,2026-10-07 00:00,2026-10-10 12:00,75,부산,1,22.6,63.0,,,,418.0,1.8,3.0,
ECMWF,2026-10-07 00:00,2026-10-10 15:00,78,부산,1,22.8,59.0,,,,425.0,1.6,3.0,
ECMWF,2026-10-07 00:00,2026-10-10 18:00,81,부산,1,23.2,35.0,,,,180.0,0.0,3.0,
ECMWF,2026-10-07 00:00,2026-10-10 21:00,84,부산,1,23.2,40.0,,,,0.0,0.0,3.0,
ECMWF,2026-10-07 00:00,2026-10-11 00:00,87,부산,1,21.7,58.0,,,,0.0,0.2,3.0,
ECMWF,2026-10-07 00:00,2026-10-11 03:00,90,부산,1,21.8,60.0,,,,0.0,0.5,3.0,
ECMWF,2026-10-07 00:00,2026-10-11 06:00,93,부산,1,21.4,41.0,,,,0.0,0.0,3.0,
ECMWF,2026-10-07 00:00,2026-10-11 09:00,96,부산,1,22.6,30.0,,,,152.0,0.0,3.0,
ECMWF,2026-10-07 00:00,2026-10-11 12:00,99,부산,1,23.6,76.0,,,,528.0,0.0,3.0,
ECMWF,2026-10-07 00:00,2026-10-11 15:00,102,부산,1,23.7,63.0,,,,247.0,0.0,3.0,
ECMWF,2026-10-07 00:00,2026-10-11 18:00,105,부산,1,23.6,35.0,,,,171.0,0.0,3.0,
ECMWF,2026-10-07 00:00,2026-10-11 21:00,108,부산,1,23.3,26.0,,,,0.0,0.1,3.0,
ECMWF,2026-10-07 00:00,2026-10-12 00:00,111,부산,1,23.0,29.0,,,,0.0,0.0,3.0,
ECMWF,2026-10-07 00:00,2026-10-12 03:00,114,부산,1,22.1,49.0,,,,0.0,0.0,3.0,
ECMWF,2026-10-07 00:00,2026-10-12 06:00,117,부산,1,20.8,48.0,,,,0.0,0.0,3.0,
ECMWF,2026-10-07 00:00,2026-10-12 09:00,120,부산,1,22.5,31.0,,,,147.0,0.0,3.0,
ECMWF,2026-10-07 00:00,2026-10-12 12:00,123,부산,1,23.8,79.0,,,,562.0,0.0,3.0,
ECMWF,2026-10-07 00:00,2026-10-12 15:00,126,부산,1,23.9,58.0,,,,366.0,0.0,3.0,
ECMWF,2026-10-07 00:00,2026-10-12 18:00,129,부산,1,23.5,42.0,,,,173.0,0.0,3.0,
ECMWF,2026-10-07 00:00,2026-10-12 21:00,132,부산,1,23.5,29.0,,,,0.0,0.0,3.0,
ECMWF,2026-10-07 00:00,2026-10-13 00:00,135,부산,1,23.4,39.0,,,,0.0,0.0,3.0,
ECMWF,2026-10-07 00:00,2026-10-13 03:00,138,부산,1,22.4,92.0,,,,0.0,0.7,3.0,
ECMWF,2026-10-07 00:00,2026-10-13 06:00,141,부산,1,22.5,92.0,,,,0.0,1.6,3.0,
ECMWF,2026-10-07 00:00,2026-10-13 09:00,144,부산,1,22.6,40.0,,,,126.0,0.8,3.0,
ECMWF,2026-10-07 00:00,2026-10-13 15:00,150,부산,1,23.2,22.0,,,,583.0,0.1,6.0,
ECMWF,2026-10-07 00:00,2026-10-13 21:00,156,부산,1,23.6,62.0,,,,92.0,0.2,6.0,
ECMWF,2026-10-07 00:00,2026-10-14 03:00,162,부산,1,20.4,89.0,,,,0.0,0.0,6.0,
ECMWF,2026-10-07 00:00,2026-10-14 09:00,168,부산,1,20.3,11.0,,,,73.0,0.0,6.0,
ECMWF,2026-10-07 00:00,2026-10-14 15:00,174,부산,1,24.2,0.0,,,,648.0,0.0,6.0,
ECMWF,2026-10-07 00:00,2026-10-14 21:00,180,부산,1,21.6,7.0,,,,110.0,0.0,6.0,
ECMWF,2026-10-07 00:00,2026-10-15 03:00,186,부산,1,17.4,1.0,,,,0.0,0.0,6.0,
ECMWF,2026-10-07 00:00,2026-10-15 09:00,192,부산,1,18.8,0.0,,,,82.0,0.0,6.0,
ECMWF,2026-10-07 00:00,2026-10-15 15:00,198,부산,1,21.4,1.0,,,,645.0,0.0,6.0,
ECMWF,2026-10-07 00:00,2026-10-15 21:00,204,부산,1,20.6,2.0,,,,107.0,0.0,6.0,
ECMWF,2026-10-07 00:00,2026-10-16 03:00,210,부산,1,21.1,41.0,,,,0.0,0.0,6.0,
ECMWF,2026-10-07 00:00,2026-10-16 09:00,216,부산,1,22.4,16.0,,,,79.0,0.0,6.0,
ECMWF,2026-10-07 00:00,2026-10-16 15:00,222,부산,1,22.3,100.0,,,,448.0,3.4,6.0,
ECMWF,2026-10-07 00:00,2026-10-16 21:00,228,부산,1,23.4,100.0,,,,24.0,9.0,6.0,
ECMWF,2026-10-07 00:00,2026-10-17 03:00,234,부산,1,20.2,44.0,,,,0.0,5.8,6.0,
ECMWF,2026-10-07 00:00,2026-10-17 09:00,240,부산,1,19.2,61.0,,,,77.0,0.0,6.0,
ECMWF,2026-10-07 00:00,2026-10-07 09:00,0,인천,0,16.0,2.0,,,,,,,
ECMWF,2026-10-07 00:00,2026-10-07 12:00,3,인천,0,21.7,0.0,,,,617.0,0.0,3.0,
ECMWF,2026-10-07 00:00,2026-10-07 15:00,6,인천,0,22.4,0.0,,,,679.0,0.0,3.0,
ECMWF,2026-10-07 00:00,2026-10-07 18:00,9,인천,0,19.2,0.0,,,,258.0,0.0,3.0,
ECMWF,2026-10-07 00:00,2026-10-07 21:00,12,인천,0,16.6,0.0,,,,0.0,0.0,3.0,
ECMWF,2026-10-07 00:00,2026-10-08 00:00,15,인천,0,13.9,1.0,,,,0.0,0.0,3.0,
ECMWF,2026-10-07 00:00,2026-10-08 03:00,18,인천,0,12.5,2.0,,,,0.0,0.0,3.0,
ECMWF,2026-10-07 00:00,2026-10-08 06:00,21,인천,0,11.7,6.0,,,,0.0,0.0,3.0,
ECMWF,2026-10-07 00:00,2026-10-08 09:00,24,인천,0,16.6,2.0,,,,149.0,0.0,3.0,
ECMWF,2026-10-07 00:00,2026-10-08 12:00,27,인천,0,22.1,0.0,,,,613.0,0.0,3.0,
ECMWF,2026-10-07 00:00,2026-10-08 15:00,30,인천,0,23.6,0.0,,,,671.0,0.0,3.0,
ECMWF,2026-10-07 00:00,2026-10-08 18:00,33,인천,0,20.3,0.0,,,,251.0,0.0,3.0,
ECMWF,2026-10-07 00:00,2026-10-08 21:00,36,인천,0,16.9,0.0,,,,0.0,0.0,3.0,
ECMWF,2026-10-07 00:00,2026-10-09 00:00,39,인천,0,14.9,0.0,,,,0.0,0.0,3.0,
ECMWF,2026-10-07 00:00,2026-10-09 03:00,42,인천,0,14.1,9.0,,,,0.0,0.0,3.0,
ECMWF,2026-10-07 00:00,2026-10-09 06:00,45,인천,0,13.3,27.0,,,,0.0,0.0,3.0,
ECMWF,2026-10-07 00:00,2026-10-09 09:00,48,인천,0,17.6,90.0,,,,140.0,0.0,3.0,
ECMWF,2026-10-07 00:00,2026-10-09 12:00,51,인천,0,23.6,98.0,,,,569.0,0.0,3.0,
ECMWF,2026-10-07 00:00,2026-10-09 15:00,54,인천,0,24.9,39.0,,,,577.0,0.0,3.0,
ECMWF,2026-10-07 00:00,2026-10-09 18:00,57,인천,0,21.9,80.0,,,,245.0,0.0,3.0,
ECMWF,2026-10-07 00:00,2026-10-09 21:00,60,인천,0,18.6,35.0,,,,0.0,0.0,3.0,
ECMWF,2026-10-07 00:00,2026-10-10 00:00,63,인천,0,15.8,4.0,,,,0.0,0.0,3.0,
ECMWF,2026-10-07 00:00,2026-10-10 03:00,66,인천,0,14.1,9.0,,,,0.0,0.0,3.0,
ECMWF,2026-10-07 00:00,2026-10-10 06:00,69,인천,0,13.7,17.0,,,,0.0,0.0,3.0,
ECMWF,2026-10-07 00:00,2026-10-10 09:00,72,인천,0,18.6,6.0,,,,144.0,0.0,3.0,
ECMWF,2026-10-07 00:00,2026-10-10 12:00,75,인천,0,24.9,1.0,,,,602.0,0.0,3.0,
ECMWF,2026-10-07 00:00,2026-10-10 15:00,78,인천,0,26.0,20.0,,,,660.0,0.0,3.0,
ECMWF,2026-10-07 00:00,2026-10-10 18:00,81,인천,0,22.8,59.0,,,,239.0,0.0,3.0,
ECMWF,2026-10-07 00:00,2026-10-10 21:00,84,인천,0,19.2,6.0,,,,0.0,0.0,3.0,
ECMWF,2026-10-07 00:00,2026-10-11 00:00,87,인천,0,16.9,59.0,,,,0.0,0.0,3.0,
ECMWF,2026-10-07 00:00,2026-10-11 03:00,90,인천,0,16.6,57.0,,,,0.0,0.0,3.0,
ECMWF,2026-10-07 00:00,2026-10-11 06:00,93,인천,0,15.6,22.0,,,,0.0,0.0,3.0,
ECMWF,2026-10-07 00:00,2026-10-11 09:00,96,인천,0,19.6,5.0,,,,129.0,0.0,3.0,
ECMWF,2026-10-07 00:00,2026-10-11 12:00,99,인천,0,26.4,2.0,,,,576.0,0.0,3.0,
ECMWF,2026-10-07 00:00,2026-10-11 15:00,102,인천,0,27.7,1.0,,,,634.0,0.0,3.0,
ECMWF,2026-10-07 00:00,2026-10-11 18:00,105,인천,0,24.9,2.0,,,,229.0,0.0,3.0,
ECMWF,2026-10-07 00:00,2026-10-11 21:00,108,인천,0,21.8,20.0,,,,0.0,0.0,3.0,
ECMWF,2026-10-07 00:00,2026-10-12 00:00,111,인천,0,20.3,35.0,,,,0.0,0.0,3.0,
ECMWF,2026-10-07 00:00,2026-10-12 03:00,114,인천,0,19.8,32.0,,,,0.0,0.0,3.0,
ECMWF,2026-10-07 00:00,2026-10-12 06:00,117,인천,0,19.1,65.0,,,,0.0,0.1,3.0,
ECMWF,2026-10-07 00:00,2026-10-12 09:00,120,인천,0,19.2,71.0,,,,42.0,3.0,3.0,
ECMWF,2026-10-07 00:00,2026-10-12 12:00,123,인천,0,22.6,66.0,,,,353.0,2.2,3.0,
ECMWF,2026-10-07 00:00,2026-10-12 15:00,126,인천,0,21.0,78.0,,,,290.0,3.8,3.0,
ECMWF,2026-10-07 00:00,2026-10-12 18:00,129,인천,0,20.8,99.0,,,,149.0,0.2,3.0,
ECMWF,2026-10-07 00:00,2026-10-12 21:00,132,인천,0,19.4,86.0,,,,0.0,0.3,3.0,
ECMWF,2026-10-07 00:00,2026-10-13 00:00,135,인천,0,19.1,94.0,,,,0.0,1.6,3.0,
ECMWF,2026-10-07 00:00,2026-10-13 03:00,138,인천,0,18.6,98.0,,,,0.0,0.4,3.0,
ECMWF,2026-10-07 00:00,2026-10-13 06:00,141,인천,0,17.4,91.0,,,,0.0,0.0,3.0,
ECMWF,2026-10-07 00:00,2026-10-13 09:00,144,인천,0,18.1,48.0,,,,71.0,0.0,3.0,
ECMWF,2026-10-07 00:00,2026-10-13 15:00,150,인천,0,22.9,14.0,,,,587.0,0.0,6.0,
ECMWF,2026-10-07 00:00,2026-10-13 21:00,156,인천,0,18.5,73.0,,,,105.0,1.1,6.0,
ECMWF,2026-10-07 00:00,2026-10-14 03:00,162,인천,0,13.4,95.0,,,,0.0,0.0,6.0,
ECMWF,2026-10-07 00:00,2026-10-14 09:00,168,인천,0,13.0,0.0,,,,72.0,0.0,6.0,
ECMWF,2026-10-07 00:00,2026-10-14 15:00,174,인천,0,19.9,13.0,,,,644.0,0.0,6.0,
ECMWF,2026-10-07 00:00,2026-10-14 21:00,180,인천,0,12.9,1.0,,,,118.0,0.0,6.0,
ECMWF,2026-10-07 00:00,2026-10-15 03:00,186,인천,0,9.5,0.0,,,,0.0,0.0,6.0,
ECMWF,2026-10-07 00:00,2026-10-15 09:00,192,인천,0,13.6,0.0,,,,69.0,0.0,6.0,
ECMWF,2026-10-07 00:00,2026-10-15 15:00,198,인천,0,21.8,0.0,,,,624.0,0.0,6.0,
ECMWF,2026-10-07 00:00,2026-10-15 21:00,204,인천,0,15.4,25.0,,,,113.0,0.0,6.0,
ECMWF,2026-10-07 00:00,2026-10-16 03:00,210,인천,0,14.7,76.0,,,,0.0,0.0,6.0,
ECMWF,2026-10-07 00:00,2026-10-16 09:00,216,인천,0,16.1,100.0,,,,18.0,0.0,6.0,
ECMWF,2026-10-07 00:00,2026-10-16 15:00,222,인천,0,17.3,100.0,,,,109.0,5.5,6.0,
ECMWF,2026-10-07 00:00,2026-10-16 21:00,228,인천,0,17.7,99.0,,,,41.0,13.3,6.0,
ECMWF,2026-10-07 00:00,2026-10-17 03:00,234,인천,0,16.7,22.0,,,,0.0,0.1,6.0,
ECMWF,2026-10-07 00:00,2026-10-17 09:00,240,인천,0,14.6,20.0,,,,60.0,0.0,6.0,
ECMWF,2026-10-07 00:00,2026-10-07 09:00,0,수원,0,16.3,0.0,,,,,,,
ECMWF,2026-10-07 00:00,2026-10-07 12:00,3,수원,0,21.4,0.0,,,,623.0,0.0,3.0,
ECMWF,2026-10-07 00:00,2026-10-07 15:00,6,수원,0,22.0,1.0,,,,679.0,0.0,3.0,
ECMWF,2026-10-07 00:00,2026-10-07 18:00,9,수원,0,17.8,0.0,,,,255.0,0.0,3.0,
ECMWF,2026-10-07 00:00,2026-10-07 21:00,12,수원,0,14.7,0.0,,,,0.0,0.0,3.0,
ECMWF,2026-10-07 00:00,2026-10-08 00:00,15,수원,0,13.5,0.0,,,,0.0,0.0,3.0,
ECMWF,2026-10-07 00:00,2026-10-08 03:00,18,수원,0,12.2,5.0,,,,0.0,0.0,3.0,
ECMWF,2026-10-07 00:00,2026-10-08 06:00,21,수원,0,11.3,14.0,,,,0.0,0.0,3.0,
ECMWF,2026-10-07 00:00,2026-10-08 09:00,24,수원,0,16.9,2.0,,,,152.0,0.0,3.0,
ECMWF,2026-10-07 00:00,2026-10-08 12:00,27,수원,0,21.5,0.0,,,,622.0,0.0,3.0,
ECMWF,2026-10-07 00:00,2026-10-08 15:00,30,수원,0,22.9,0.0,,,,676.0,0.0,3.0,
ECMWF,2026-10-07 00:00,2026-10-08 18:00,33,수원,0,18.9,0.0,,,,251.0,0.0,3.0,
ECMWF,2026-10-07 00:00,2026-10-08 21:00,36,수원,0,15.8,0.0,,,,0.0,0.0,3.0,
ECMWF,2026-10-07 00:00,2026-10-09 00:00,39,수원,0,14.5,0.0,,,,0.0,0.0,3.0,
ECMWF,2026-10-07 00:00,2026-10-09 03:00,42,수원,0,13.5,0.0,,,,0.0,0.0,3.0,
ECMWF,2026-10-07 00:00,2026-10-09 06:00,45,수원,0,12.0,11.0,,,,0.0,0.0,3.0,
ECMWF,2026-10-07 00:00,2026-10-09 09:00,48,수원,0,17.9,93.0,,,,139.0,0.0,3.0,
ECMWF,2026-10-07 00:00,2026-10-09 12:00,51,수원,0,23.1,75.0,,,,575.0,0.0,3.0,
ECMWF,2026-10-07 00:00,2026-10-09 15:00,54,수원,0,24.4,59.0,,,,621.0,0.0,3.0,
ECMWF,2026-10-07 00:00,2026-10-09 18:00,57,수원,0,20.7,81.0,,,,237.0,0.0,3.0,
ECMWF,2026-10-07 00:00,2026-10-09 21:00,60,수원,0,16.8,53.0,,,,0.0,0.0,3.0,
ECMWF,2026-10-07 00:00,2026-10-10 00:00,63,수원,0,15.6,2.0,,,,0.0,0.0,3.0,
ECMWF,2026-10-07 00:00,2026-10-10 03:00,66,수원,0,14.2,0.0,,,,0.0,0.0,3.0,
ECMWF,2026-10-07 00:00,2026-10-10 06:00,69,수원,0,12.9,0.0,,,,0.0,0.0,3.0,
ECMWF,2026-10-07 00:00,2026-10-10 09:00,72,수원,0,19.9,1.0,,,,146.0,0.0,3.0,
ECMWF,2026-10-07 00:00,2026-10-10 12:00,75,수원,0,24.8,0.0,,,,604.0,0.0,3.0,
ECMWF,2026-10-07 00:00,2026-10-10 15:00,78,수원,0,25.8,8.0,,,,657.0,0.0,3.0,
ECMWF,2026-10-07 00:00,2026-10-10 18:00,81,수원,0,22.1,35.0,,,,235.0,0.0,3.0,
ECMWF,2026-10-07 00:00,2026-10-10 21:00,84,수원,0,19.4,27.0,,,,0.0,0.0,3.0,
ECMWF,2026-10-07 00:00,2026-10-11 00:00,87,수원,0,18.3,64.0,,,,0.0,0.0,3.0,
ECMWF,2026-10-07 00:00,2026-10-11 03:00,90,수원,0,17.9,48.0,,,,0.0,0.0,3.0,
ECMWF,2026-10-07 00:00,2026-10-11 06:00,93,수원,0,16.9,44.0,,,,0.0,0.0,3.0,
ECMWF,2026-10-07 00:00,2026-10-11 09:00,96,수원,0,21.2,30.0,,,,133.0,0.0,3.0,
ECMWF,2026-10-07 00:00,2026-10-11 12:00,99,수원,0,26.4,6.0,,,,570.0,0.0,3.0,
ECMWF,2026-10-07 00:00,2026-10-11 15:00,102,수원,0,27.8,11.0,,,,638.0,0.0,3.0,
ECMWF,2026-10-07 00:00,2026-10-11 18:00,105,수원,0,24.1,12.0,,,,220.0,0.0,3.0,
ECMWF,2026-10-07 00:00,2026-10-11 21:00,108,수원,0,21.3,10.0,,,,0.0,0.0,3.0,
ECMWF,2026-10-07 00:00,2026-10-12 00:00,111,수원,0,19.6,32.0,,,,0.0,0.0,3.0,
ECMWF,2026-10-07 00:00,2026-10-12 03:00,114,수원,0,19.1,22.0,,,,0.0,0.0,3.0,
ECMWF,2026-10-07 00:00,2026-10-12 06:00,117,수원,0,18.4,49.0,,,,0.0,0.0,3.0,
ECMWF,2026-10-07 00:00,2026-10-12 09:00,120,수원,0,19.5,73.0,,,,36.0,0.4,3.0,
ECMWF,2026-10-07 00:00,2026-10-12 12:00,123,수원,0,23.4,82.0,,,,396.0,0.7,3.0,
ECMWF,2026-10-07 00:00,2026-10-12 15:00,126,수원,0,21.4,88.0,,,,300.0,1.8,3.0,
ECMWF,2026-10-07 00:00,2026-10-12 18:00,129,수원,0,20.0,83.0,,,,89.0,1.7,3.0,
ECMWF,2026-10-07 00:00,2026-10-12 21:00,132,수원,0,19.3,97.0,,,,0.0,0.2,3.0,
ECMWF,2026-10-07 00:00,2026-10-13 00:00,135,수원,0,19.1,100.0,,,,0.0,3.0,3.0,
ECMWF,2026-10-07 00:00,2026-10-13 03:00,138,수원,0,18.8,100.0,,,,0.0,8.3,3.0,
ECMWF,2026-10-07 00:00,2026-10-13 06:00,141,수원,0,18.3,77.0,,,,0.0,0.4,3.0,
ECMWF,2026-10-07 00:00,2026-10-13 09:00,144,수원,0,18.5,92.0,,,,49.0,0.0,3.0,
ECMWF,2026-10-07 00:00,2026-10-13 15:00,150,수원,0,22.4,9.0,,,,530.0,0.0,6.0,
ECMWF,2026-10-07 00:00,2026-10-13 21:00,156,수원,0,17.4,84.0,,,,110.0,0.2,6.0,
ECMWF,2026-10-07 00:00,2026-10-14 03:00,162,수원,0,14.1,97.0,,,,0.0,0.0,6.0,
ECMWF,2026-10-07 00:00,2026-10-14 09:00,168,수원,0,13.6,0.0,,,,74.0,0.0,6.0,
ECMWF,2026-10-07 00:00,2026-10-14 15:00,174,수원,0,19.4,0.0,,,,649.0,0.0,6.0,
ECMWF,2026-10-07 00:00,2026-10-14 21:00,180,수원,0,12.4,1.0,,,,118.0,0.0,6.0,
ECMWF,2026-10-07 00:00,2026-10-15 03:00,186,수원,0,9.2,0.0,,,,0.0,0.0,6.0,
ECMWF,2026-10-07 00:00,2026-10-15 09:00,192,수원,0,13.7,0.0,,,,71.0,0.0,6.0,
ECMWF,2026-10-07 00:00,2026-10-15 15:00,198,수원,0,21.8,0.0,,,,628.0,0.0,6.0,
ECMWF,2026-10-07 00:00,2026-10-15 21:00,204,수원,0,14.4,15.0,,,,113.0,0.0,6.0,
ECMWF,2026-10-07 00:00,2026-10-16 03:00,210,수원,0,13.5,84.0,,,,0.0,0.0,6.0,
ECMWF,2026-10-07 00:00,2026-10-16 09:00,216,수원,0,15.6,100.0,,,,19.0,0.0,6.0,
ECMWF,2026-10-07 00:00,2026-10-16 15:00,222,수원,0,17.4,97.0,,,,121.0,5.2,6.0,
ECMWF,2026-10-07 00:00,2026-10-16 21:00,228,수원,0,16.8,96.0,,,,23.0,8.9,6.0,
ECMWF,2026-10-07 00:00,2026-10-17 03:00,234,수원,0,15.7,18.0,,,,0.0,0.1,6.0,
ECMWF,2026-10-07 00:00,2026-10-17 09:00,240,수원,0,15.3,26.0,,,,50.0,0.2,6.0,
ECMWF,2026-10-07 00:00,2026-10-07 09:00,0,전주,0,16.4,11.0,,,,,,,
ECMWF,2026-10-07 00:00,2026-10-07 12:00,3,전주,0,21.5,7.0,,,,610.0,0.1,3.0,
ECMWF,2026-10-07 00:00,2026-10-07 15:00,6,전주,0,22.3,12.0,,,,680.0,0.0,3.0,
ECMWF,2026-10-07 00:00,2026-10-07 18:00,9,전주,0,17.6,0.0,,,,241.0,0.0,3.0,
ECMWF,2026-10-07 00:00,2026-10-07 21:00,12,전주,0,15.1,0.0,,,,0.0,0.0,3.0,
ECMWF,2026-10-07 00:00,2026-10-08 00:00,15,전주,0,13.0,0.0,,,,0.0,0.0,3.0,
ECMWF,2026-10-07 00:00,2026-10-08 03:00,18,전주,0,11.7,0.0,,,,0.0,0.0,3.0,
ECMWF,2026-10-07 00:00,2026-10-08 06:00,21,전주,0,10.4,10.0,,,,0.0,0.0,3.0,
ECMWF,2026-10-07 00:00,2026-10-08 09:00,24,전주,0,17.6,0.0,,,,158.0,0.0,3.0,
ECMWF,2026-10-07 00:00,2026-10-08 12:00,27,전주,0,22.9,0.0,,,,638.0,0.0,3.0,
ECMWF,2026-10-07 00:00,2026-10-08 15:00,30,전주,0,23.3,1.0,,,,697.0,0.0,3.0,
ECMWF,2026-10-07 00:00,2026-10-08 18:00,33,전주,0,19.1,0.0,,,,263.0,0.0,3.0,
ECMWF,2026-10-07 00:00,2026-10-08 21:00,36,전주,0,15.4,0.0,,,,0.0,0.0,3.0,
ECMWF,2026-10-07 00:00,2026-10-09 00:00,39,전주,0,13.5,1.0,,,,0.0,0.0,3.0,
ECMWF,2026-10-07 00:00,2026-10-09 03:00,42,전주,0,11.6,36.0,,,,0.0,0.0,3.0,
ECMWF,2026-10-07 00:00,2026-10-09 06:00,45,전주,0,11.2,69.0,,,,0.0,0.0,3.0,
ECMWF,2026-10-07 00:00,2026-10-09 09:00,48,전주,0,18.4,66.0,,,,151.0,0.0,3.0,
ECMWF,2026-10-07 00:00,2026-10-09 12:00,51,전주,0,23.3,64.0,,,,601.0,0.0,3.0,
ECMWF,2026-10-07 00:00,2026-10-09 15:00,54,전주,0,24.4,45.0,,,,664.0,0.0,3.0,
ECMWF,2026-10-07 00:00,2026-10-09 18:00,57,전주,0,20.2,52.0,,,,238.0,0.0,3.0,
ECMWF,2026-10-07 00:00,2026-10-09 21:00,60,전주,0,16.4,0.0,,,,0.0,0.0,3.0,
ECMWF,2026-10-07 00:00,2026-10-10 00:00,63,전주,0,13.9,3.0,,,,0.0,0.0,3.0,
ECMWF,2026-10-07 00:00,2026-10-10 03:00,66,전주,0,12.3,13.0,,,,0.0,0.0,3.0,
ECMWF,2026-10-07 00:00,2026-10-10 06:00,69,전주,0,13.7,62.0,,,,0.0,0.0,3.0,
ECMWF,2026-10-07 00:00,2026-10-10 09:00,72,전주,0,18.7,14.0,,,,101.0,0.0,3.0,
ECMWF,2026-10-07 00:00,2026-10-10 12:00,75,전주,0,25.2,19.0,,,,588.0,0.0,3.0,
ECMWF,2026-10-07 00:00,2026-10-10 15:00,78,전주,0,26.5,30.0,,,,628.0,0.0,3.0,
ECMWF,2026-10-07 00:00,2026-10-10 18:00,81,전주,0,22.1,30.0,,,,229.0,0.0,3.0,
ECMWF,2026-10-07 00:00,2026-10-10 21:00,84,전주,0,18.4,43.0,,,,0.0,0.0,3.0,
ECMWF,2026-10-07 00:00,2026-10-11 00:00,87,전주,0,16.7,25.0,,,,0.0,0.0,3.0,
ECMWF,2026-10-07 00:00,2026-10-11 03:00,90,전주,0,15.5,17.0,,,,0.0,0.0,3.0,
ECMWF,2026-10-07 00:00,2026-10-11 06:00,93,전주,0,15.9,38.0,,,,0.0,0.0,3.0,
ECMWF,2026-10-07 00:00,2026-10-11 09:00,96,전주,0,21.0,25.0,,,,133.0,0.0,3.0,
ECMWF,2026-10-07 00:00,2026-10-11 12:00,99,전주,0,26.2,47.0,,,,561.0,0.0,3.0,
ECMWF,2026-10-07 00:00,2026-10-11 15:00,102,전주,0,23.3,56.0,,,,477.0,1.0,3.0,
ECMWF,2026-10-07 00:00,2026-10-11 18:00,105,전주,0,21.6,10.0,,,,193.0,0.4,3.0,
ECMWF,2026-10-07 00:00,2026-10-11 21:00,108,전주,0,19.1,11.0,,,,0.0,0.0,3.0,
ECMWF,2026-10-07 00:00,2026-10-12 00:00,111,전주,0,18.3,18.0,,,,0.0,0.0,3.0,
ECMWF,2026-10-07 00:00,2026-10-12 03:00,114,전주,0,18.1,36.0,,,,0.0,0.0,3.0,
ECMWF,2026-10-07 00:00,2026-10-12 06:00,117,전주,0,18.2,78.0,,,,0.0,0.0,3.0,
ECMWF,2026-10-07 00:00,2026-10-12 09:00,120,전주,0,22.2,69.0,,,,102.0,0.0,3.0,
ECMWF,2026-10-07 00:00,2026-10-12 12:00,123,전주,0,25.1,47.0,,,,399.0,0.0,3.0,
ECMWF,2026-10-07 00:00,2026-10-12 15:00,126,전주,0,27.1,76.0,,,,525.0,0.0,3.0,
ECMWF,2026-10-07 00:00,2026-10-12 18:00,129,전주,0,21.9,81.0,,,,151.0,1.3,3.0,
ECMWF,2026-10-07 00:00,2026-10-12 21:00,132,전주,0,20.7,61.0,,,,0.0,0.2,3.0,
ECMWF,2026-10-07 00:00,2026-10-13 00:00,135,전주,0,18.9,74.0,,,,0.0,0.0,3.0,
ECMWF,2026-10-07 00:00,2026-10-13 03:00,138,전주,0,18.9,99.0,,,,0.0,0.1,3.0,
ECMWF,2026-10-07 00:00,2026-10-13 06:00,141,전주,0,18.9,100.0,,,,0.0,0.6,3.0,
ECMWF,2026-10-07 00:00,2026-10-13 09:00,144,전주,0,19.8,57.0,,,,43.0,0.3,3.0,
ECMWF,2026-10-07 00:00,2026-10-13 15:00,150,전주,0,24.1,1.0,,,,574.0,0.0,6.0,
ECMWF,2026-10-07 00:00,2026-10-13 21:00,156,전주,0,16.9,53.0,,,,117.0,0.0,6.0,
ECMWF,2026-10-07 00:00,2026-10-14 03:00,162,전주,0,16.2,98.0,,,,0.0,0.0,6.0,
ECMWF,2026-10-07 00:00,2026-10-14 09:00,168,전주,0,16.4,6.0,,,,48.0,0.0,6.0,
ECMWF,2026-10-07 00:00,2026-10-14 15:00,174,전주,0,21.0,0.0,,,,658.0,0.0,6.0,
ECMWF,2026-10-07 00:00,2026-10-14 21:00,180,전주,0,12.7,0.0,,,,123.0,0.0,6.0,
ECMWF,2026-10-07 00:00,2026-10-15 03:00,186,전주,0,9.8,0.0,,,,0.0,0.0,6.0,
ECMWF,2026-10-07 00:00,2026-10-15 09:00,192,전주,0,14.2,0.0,,,,75.0,0.0,6.0,
ECMWF,2026-10-07 00:00,2026-10-15 15:00,198,전주,0,22.9,0.0,,,,653.0,0.0,6.0,
ECMWF,2026-10-07 00:00,2026-10-15 21:00,204,전주,0,14.2,28.0,,,,119.0,0.0,6.0,
ECMWF,2026-10-07 00:00,2026-10-16 03:00,210,전주,0,13.9,56.0,,,,0.0,0.0,6.0,
ECMWF,2026-10-07 00:00,2026-10-16 09:00,216,전주,0,18.5,100.0,,,,33.0,0.0,6.0,
ECMWF,2026-10-07 00:00,2026-10-16 15:00,222,전주,0,20.5,91.0,,,,133.0,3.0,6.0,
ECMWF,2026-10-07 00:00,2026-10-16 21:00,228,전주,0,18.8,76.0,,,,55.0,9.6,6.0,
ECMWF,2026-10-07 00:00,2026-10-17 03:00,234,전주,0,16.0,15.0,,,,0.0,1.4,6.0,
ECMWF,2026-10-07 00:00,2026-10-17 09:00,240,전주,0,18.2,31.0,,,,66.0,0.0,6.0,
ECMWF,2026-10-07 00:00,2026-10-07 09:00,0,강릉,0,19.8,2.0,,,,,,,
ECMWF,2026-10-07 00:00,2026-10-07 12:00,3,강릉,0,21.1,3.0,,,,635.0,0.0,3.0,
ECMWF,2026-10-07 00:00,2026-10-07 15:00,6,강릉,0,20.9,4.0,,,,665.0,0.0,3.0,
ECMWF,2026-10-07 00:00,2026-10-07 18:00,9,강릉,0,18.9,0.0,,,,229.0,0.0,3.0,
ECMWF,2026-10-07 00:00,2026-10-07 21:00,12,강릉,0,14.7,0.0,,,,0.0,0.0,3.0,
ECMWF,2026-10-07 00:00,2026-10-08 00:00,15,강릉,0,13.6,0.0,,,,0.0,0.0,3.0,
ECMWF,2026-10-07 00:00,2026-10-08 03:00,18,강릉,0,12.4,6.0,,,,0.0,0.0,3.0,
ECMWF,2026-10-07 00:00,2026-10-08 06:00,21,강릉,0,11.5,7.0,,,,0.0,0.0,3.0,
ECMWF,2026-10-07 00:00,2026-10-08 09:00,24,강릉,0,18.8,2.0,,,,166.0,0.0,3.0,
ECMWF,2026-10-07 00:00,2026-10-08 12:00,27,강릉,0,22.3,0.0,,,,630.0,0.0,3.0,
ECMWF,2026-10-07 00:00,2026-10-08 15:00,30,강릉,0,22.4,0.0,,,,662.0,0.0,3.0,
ECMWF,2026-10-07 00:00,2026-10-08 18:00,33,강릉,0,19.8,0.0,,,,227.0,0.0,3.0,
ECMWF,2026-10-07 00:00,2026-10-08 21:00,36,강릉,0,15.4,0.0,,,,0.0,0.0,3.0,
ECMWF,2026-10-07 00:00,2026-10-09 00:00,39,강릉,0,14.6,2.0,,,,0.0,0.0,3.0,
ECMWF,2026-10-07 00:00,2026-10-09 03:00,42,강릉,0,13.0,1.0,,,,0.0,0.0,3.0,
ECMWF,2026-10-07 00:00,2026-10-09 06:00,45,강릉,0,12.6,7.0,,,,0.0,0.0,3.0,
ECMWF,2026-10-07 00:00,2026-10-09 09:00,48,강릉,0,19.2,5.0,,,,159.0,0.0,3.0,
ECMWF,2026-10-07 00:00,2026-10-09 12:00,51,강릉,0,23.7,23.0,,,,626.0,0.0,3.0,
ECMWF,2026-10-07 00:00,2026-10-09 15:00,54,강릉,0,23.5,72.0,,,,623.0,0.0,3.0,
ECMWF,2026-10-07 00:00,2026-10-09 18:00,57,강릉,0,20.8,48.0,,,,209.0,0.0,3.0,
ECMWF,2026-10-07 00:00,2026-10-09 21:00,60,강릉,0,17.0,21.0,,,,0.0,0.0,3.0,
ECMWF,2026-10-07 00:00,2026-10-10 00:00,63,강릉,0,14.6,41.0,,,,0.0,0.0,3.0,
ECMWF,2026-10-07 00:00,2026-10-10 03:00,66,강릉,0,13.0,15.0,,,,0.0,0.0,3.0,
ECMWF,2026-10-07 00:00,2026-10-10 06:00,69,강릉,0,12.1,13.0,,,,0.0,0.0,3.0,
ECMWF,2026-10-07 00:00,2026-10-10 09:00,72,강릉,0,20.2,3.0,,,,161.0,0.0,3.0,
ECMWF,2026-10-07 00:00,2026-10-10 12:00,75,강릉,0,22.3,1.0,,,,615.0,0.0,3.0,
ECMWF,2026-10-07 00:00,2026-10-10 15:00,78,강릉,0,22.6,6.0,,,,638.0,0.0,3.0,
ECMWF,2026-10-07 00:00,2026-10-10 18:00,81,강릉,0,21.0,23.0,,,,207.0,0.0,3.0,
ECMWF,2026-10-07 00:00,2026-10-10 21:00,84,강릉,0,17.8,25.0,,,,0.0,0.0,3.0,
ECMWF,2026-10-07 00:00,2026-10-11 00:00,87,강릉,0,16.1,21.0,,,,0.0,0.0,3.0,
ECMWF,2026-10-07 00:00,2026-10-11 03:00,90,강릉,0,15.1,30.0,,,,0.0,0.0,3.0,
ECMWF,2026-10-07 00:00,2026-10-11 06:00,93,강릉,0,16.0,7.0,,,,0.0,0.0,3.0,
ECMWF,2026-10-07 00:00,2026-10-11 09:00,96,강릉,0,21.3,16.0,,,,152.0,0.0,3.0,
ECMWF,2026-10-07 00:00,2026-10-11 12:00,99,강릉,0,22.4,27.0,,,,576.0,0.0,3.0,
ECMWF,2026-10-07 00:00,2026-10-11 15:00,102,강릉,0,22.3,23.0,,,,551.0,0.0,3.0,
ECMWF,2026-10-07 00:00,2026-10-11 18:00,105,강릉,0,20.8,25.0,,,,184.0,0.0,3.0,
ECMWF,2026-10-07 00:00,2026-10-11 21:00,108,강릉,0,18.2,38.0,,,,0.0,0.0,3.0,
ECMWF,2026-10-07 00:00,2026-10-12 00:00,111,강릉,0,15.9,64.0,,,,0.0,0.0,3.0,
ECMWF,2026-10-07 00:00,2026-10-12 03:00,114,강릉,0,16.0,40.0,,,,0.0,0.0,3.0,
ECMWF,2026-10-07 00:00,2026-10-12 06:00,117,강릉,0,15.9,65.0,,,,0.0,0.0,3.0,
ECMWF,2026-10-07 00:00,2026-10-12 09:00,120,강릉,0,20.7,60.0,,,,123.0,0.0,3.0,
ECMWF,2026-10-07 00:00,2026-10-12 12:00,123,강릉,0,22.5,41.0,,,,495.0,0.0,3.0,
ECMWF,2026-10-07 00:00,2026-10-12 15:00,126,강릉,0,22.0,82.0,,,,479.0,0.9,3.0,
ECMWF,2026-10-07 00:00,2026-10-12 18:00,129,강릉,0,20.9,83.0,,,,108.0,0.7,3.0,
ECMWF,2026-10-07 00:00,2026-10-12 21:00,132,강릉,0,18.9,82.0,,,,0.0,0.6,3.0,
ECMWF,2026-10-07 00:00,2026-10-13 00:00,135,강릉,0,18.0,98.0,,,,0.0,0.2,3.0,
ECMWF,2026-10-07 00:00,2026-10-13 03:00,138,강릉,0,18.0,93.0,,,,0.0,0.3,3.0,
ECMWF,2026-10-07 00:00,2026-10-13 06:00,141,강릉,0,17.6,100.0,,,,0.0,11.3,3.0,
ECMWF,2026-10-07 00:00,2026-10-13 09:00,144,강릉,0,19.9,60.0,,,,52.0,5.0,3.0,
ECMWF,2026-10-07 00:00,2026-10-13 15:00,150,강릉,0,24.2,17.0,,,,498.0,0.0,6.0,
ECMWF,2026-10-07 00:00,2026-10-13 21:00,156,강릉,0,19.1,58.0,,,,95.0,0.0,6.0,
ECMWF,2026-10-07 00:00,2026-10-14 03:00,162,강릉,0,16.0,93.0,,,,0.0,0.0,6.0,
ECMWF,2026-10-07 00:00,2026-10-14 09:00,168,강릉,0,18.4,3.0,,,,76.0,0.0,6.0,
ECMWF,2026-10-07 00:00,2026-10-14 15:00,174,강릉,0,19.5,0.0,,,,625.0,0.0,6.0,
ECMWF,2026-10-07 00:00,2026-10-14 21:00,180,강릉,0,13.8,5.0,,,,101.0,0.0,6.0,
ECMWF,2026-10-07 00:00,2026-10-15 03:00,186,강릉,0,12.0,1.0,,,,0.0,0.0,6.0,
ECMWF,2026-10-07 00:00,2026-10-15 09:00,192,강릉,0,17.7,18.0,,,,73.0,0.0,6.0,
ECMWF,2026-10-07 00:00,2026-10-15 15:00,198,강릉,0,20.0,34.0,,,,544.0,0.0,6.0,
ECMWF,2026-10-07 00:00,2026-10-15 21:00,204,강릉,0,14.2,45.0,,,,76.0,0.0,6.0,
ECMWF,2026-10-07 00:00,2026-10-16 03:00,210,강릉,0,14.4,100.0,,,,0.0,0.0,6.0,
ECMWF,2026-10-07 00:00,2026-10-16 09:00,216,강릉,0,20.3,99.0,,,,34.0,0.0,6.0,
ECMWF,2026-10-07 00:00,2026-10-16 15:00,222,강릉,0,22.6,95.0,,,,210.0,0.4,6.0,
ECMWF,2026-10-07 00:00,2026-10-16 21:00,228,강릉,0,20.2,95.0,,,,48.0,1.4,6.0,
ECMWF,2026-10-07 00:00,2026-10-17 03:00,234,강릉,0,16.5,27.0,,,,0.0,0.0,6.0,
ECMWF,2026-10-07 00:00,2026-10-17 09:00,240,강릉,0,17.0,15.0,,,,74.0,0.0,6.0,
ECMWF,2026-10-07 00:00,2026-10-07 09:00,0,제주,0,18.7,0.0,,,,,,,
ECMWF,2026-10-07 00:00,2026-10-07 12:00,3,제주,0,19.5,0.0,,,,680.0,0.0,3.0,
ECMWF,2026-10-07 00:00,2026-10-07 15:00,6,제주,0,19.4,0.0,,,,750.0,0.0,3.0,
ECMWF,2026-10-07 00:00,2026-10-07 18:00,9,제주,0,18.4,0.0,,,,295.0,0.0,3.0,
ECMWF,2026-10-07 00:00,2026-10-07 21:00,12,제주,0,17.7,0.0,,,,0.0,0.0,3.0,
ECMWF,2026-10-07 00:00,2026-10-08 00:00,15,제주,0,17.5,2.0,,,,0.0,0.0,3.0,
ECMWF,2026-10-07 00:00,2026-10-08 03:00,18,제주,0,17.1,0.0,,,,0.0,0.0,3.0,
ECMWF,2026-10-07 00:00,2026-10-08 06:00,21,제주,0,14.9,10.0,,,,0.0,0.0,3.0,
ECMWF,2026-10-07 00:00,2026-10-08 09:00,24,제주,0,19.3,1.0,,,,157.0,0.0,3.0,
ECMWF,2026-10-07 00:00,2026-10-08 12:00,27,제주,0,20.9,21.0,,,,667.0,0.0,3.0,
ECMWF,2026-10-07 00:00,2026-10-08 15:00,30,제주,0,21.2,38.0,,,,630.0,0.0,3.0,
ECMWF,2026-10-07 00:00,2026-10-08 18:00,33,제주,0,19.5,19.0,,,,197.0,0.0,3.0,
ECMWF,2026-10-07 00:00,2026-10-08 21:00,36,제주,0,17.9,44.0,,,,0.0,0.0,3.0,
ECMWF,2026-10-07 00:00,2026-10-09 00:00,39,제주,0,17.6,70.0,,,,0.0,0.0,3.0,
ECMWF,2026-10-07 00:00,2026-10-09 03:00,42,제주,0,17.6,39.0,,,,0.0,0.0,3.0,
ECMWF,2026-10-07 00:00,2026-10-09 06:00,45,제주,0,17.4,57.0,,,,0.0,0.0,3.0,
ECMWF,2026-10-07 00:00,2026-10-09 09:00,48,제주,0,20.3,60.0,,,,152.0,0.0,3.0,
ECMWF,2026-10-07 00:00,2026-10-09 12:00,51,제주,0,20.9,32.0,,,,574.0,0.0,3.0,
ECMWF,2026-10-07 00:00,2026-10-09 15:00,54,제주,0,21.3,34.0,,,,657.0,0.0,3.0,
ECMWF,2026-10-07 00:00,2026-10-09 18:00,57,제주,0,19.8,31.0,,,,205.0,0.0,3.0,
ECMWF,2026-10-07 00:00,2026-10-09 21:00,60,제주,0,17.8,19.0,,,,0.0,0.0,3.0,
ECMWF,2026-10-07 00:00,2026-10-10 00:00,63,제주,0,17.1,39.0,,,,0.0,0.0,3.0,
ECMWF,2026-10-07 00:00,2026-10-10 03:00,66,제주,0,18.2,26.0,,,,0.0,0.0,3.0,
ECMWF,2026-10-07 00:00,2026-10-10 06:00,69,제주,0,18.3,40.0,,,,0.0,0.0,3.0,
ECMWF,2026-10-07 00:00,2026-10-10 09:00,72,제주,0,20.0,55.0,,,,80.0,0.0,3.0,
ECMWF,2026-10-07 00:00,2026-10-10 12:00,75,제주,0,20.9,47.0,,,,315.0,0.3,3.0,
ECMWF,2026-10-07 00:00,2026-10-10 15:00,78,제주,0,20.9,45.0,,,,473.0,0.3,3.0,
ECMWF,2026-10-07 00:00,2026-10-10 18:00,81,제주,0,20.6,55.0,,,,183.0,0.6,3.0,
ECMWF,2026-10-07 00:00,2026-10-10 21:00,84,제주,0,20.5,43.0,,,,0.0,0.2,3.0,
ECMWF,2026-10-07 00:00,2026-10-11 00:00,87,제주,0,19.8,80.0,,,,0.0,0.3,3.0,
ECMWF,2026-10-07 00:00,2026-10-11 03:00,90,제주,0,20.2,81.0,,,,0.0,1.0,3.0,
ECMWF,2026-10-07 00:00,2026-10-11 06:00,93,제주,0,20.0,84.0,,,,0.0,0.6,3.0,
ECMWF,2026-10-07 00:00,2026-10-11 09:00,96,제주,0,21.1,89.0,,,,59.0,2.2,3.0,
ECMWF,2026-10-07 00:00,2026-10-11 12:00,99,제주,0,22.1,77.0,,,,209.0,1.3,3.0,
ECMWF,2026-10-07 00:00,2026-10-11 15:00,102,제주,0,22.5,61.0,,,,388.0,0.4,3.0,
ECMWF,2026-10-07 00:00,2026-10-11 18:00,105,제주,0,21.6,68.0,,,,124.0,0.9,3.0,
ECMWF,2026-10-07 00:00,2026-10-11 21:00,108,제주,0,21.5,62.0,,,,0.0,0.1,3.0,
ECMWF,2026-10-07 00:00,2026-10-12 00:00,111,제주,0,21.5,63.0,,,,0.0,0.2,3.0,
ECMWF,2026-10-07 00:00,2026-10-12 03:00,114,제주,0,21.4,65.0,,,,0.0,0.1,3.0,
ECMWF,2026-10-07 00:00,2026-10-12 06:00,117,제주,0,20.5,49.0,,,,0.0,0.0,3.0,
ECMWF,2026-10-07 00:00,2026-10-12 09:00,120,제주,0,22.1,55.0,,,,103.0,0.1,3.0,
ECMWF,2026-10-07 00:00,2026-10-12 12:00,123,제주,0,24.1,51.0,,,,476.0,0.7,3.0,
ECMWF,2026-10-07 00:00,2026-10-12 15:00,126,제주,0,22.6,34.0,,,,607.0,2.0,3.0,
ECMWF,2026-10-07 00:00,2026-10-12 18:00,129,제주,0,21.3,27.0,,,,223.0,1.2,3.0,
ECMWF,2026-10-07 00:00,2026-10-12 21:00,132,제주,0,20.5,34.0,,,,0.0,0.2,3.0,
ECMWF,2026-10-07 00:00,2026-10-13 00:00,135,제주,0,18.4,61.0,,,,0.0,0.0,3.0,
ECMWF,2026-10-07 00:00,2026-10-13 03:00,138,제주,0,18.5,83.0,,,,0.0,0.0,3.0,
ECMWF,2026-10-07 00:00,2026-10-13 06:00,141,제주,0,19.0,45.0,,,,0.0,0.0,3.0,
ECMWF,2026-10-07 00:00,2026-10-13 09:00,144,제주,0,20.5,33.0,,,,116.0,0.7,3.0,
ECMWF,2026-10-07 00:00,2026-10-13 15:00,150,제주,0,20.7,17.0,,,,554.0,2.0,6.0,
ECMWF,2026-10-07 00:00,2026-10-13 21:00,156,제주,0,18.7,12.0,,,,119.0,0.0,6.0,
ECMWF,2026-10-07 00:00,2026-10-14 03:00,162,제주,0,18.0,34.0,,,,0.0,0.0,6.0,
ECMWF,2026-10-07 00:00,2026-10-14 09:00,168,제주,0,19.4,16.0,,,,54.0,0.0,6.0,
ECMWF,2026-10-07 00:00,2026-10-14 15:00,174,제주,0,20.1,1.0,,,,641.0,0.1,6.0,
ECMWF,2026-10-07 00:00,2026-10-14 21:00,180,제주,0,16.4,0.0,,,,133.0,0.0,6.0,
ECMWF,2026-10-07 00:00,2026-10-15 03:00,186,제주,0,14.4,0.0,,,,0.0,0.0,6.0,
ECMWF,2026-10-07 00:00,2026-10-15 09:00,192,제주,0,17.4,0.0,,,,81.0,0.0,6.0,
ECMWF,2026-10-07 00:00,2026-10-15 15:00,198,제주,0,20.9,4.0,,,,693.0,0.0,6.0,
ECMWF,2026-10-07 00:00,2026-10-15 21:00,204,제주,0,18.6,39.0,,,,127.0,0.0,6.0,
ECMWF,2026-10-07 00:00,2026-10-16 03:00,210,제주,0,15.9,33.0,,,,0.0,0.0,6.0,
ECMWF,2026-10-07 00:00,2026-10-16 09:00,216,제주,0,20.0,66.0,,,,46.0,0.0,6.0,
ECMWF,2026-10-07 00:00,2026-10-16 15:00,222,제주,0,25.2,89.0,,,,428.0,0.2,6.0,
ECMWF,2026-10-07 00:00,2026-10-16 21:00,228,제주,0,20.8,93.0,,,,71.0,11.5,6.0,
ECMWF,2026-10-07 00:00,2026-10-17 03:00,234,제주,0,19.1,73.0,,,,0.0,1.3,6.0,
ECMWF,2026-10-07 00:00,2026-10-17 09:00,240,제주,0,18.9,64.0,,,,69.0,0.0,6.0,
ECMWF,2026-10-07 00:00,2026-10-07 09:00,0,나주,0,17.6,1.0,,,,,,,
ECMWF,2026-10-07 00:00,2026-10-07 12:00,3,나주,0,23.5,46.0,,,,627.0,0.0,3.0,
ECMWF,2026-10-07 00:00,2026-10-07 15:00,6,나주,0,24.3,29.0,,,,591.0,0.0,3.0,
ECMWF,2026-10-07 00:00,2026-10-07 18:00,9,나주,0,20.1,0.0,,,,256.0,0.0,3.0,
ECMWF,2026-10-07 00:00,2026-10-07 21:00,12,나주,0,15.5,0.0,,,,0.0,0.0,3.0,
ECMWF,2026-10-07 00:00,2026-10-08 00:00,15,나주,0,14.1,0.0,,,,0.0,0.0,3.0,
ECMWF,2026-10-07 00:00,2026-10-08 03:00,18,나주,0,12.5,0.0,,,,0.0,0.0,3.0,
ECMWF,2026-10-07 00:00,2026-10-08 06:00,21,나주,0,11.2,0.0,,,,0.0,0.0,3.0,
ECMWF,2026-10-07 00:00,2026-10-08 09:00,24,나주,0,18.7,0.0,,,,159.0,0.0,3.0,
ECMWF,2026-10-07 00:00,2026-10-08 12:00,27,나주,0,24.2,0.0,,,,645.0,0.0,3.0,
ECMWF,2026-10-07 00:00,2026-10-08 15:00,30,나주,0,25.2,4.0,,,,708.0,0.0,3.0,
ECMWF,2026-10-07 00:00,2026-10-08 18:00,33,나주,0,21.4,7.0,,,,269.0,0.0,3.0,
ECMWF,2026-10-07 00:00,2026-10-08 21:00,36,나주,0,16.9,1.0,,,,0.0,0.0,3.0,
ECMWF,2026-10-07 00:00,2026-10-09 00:00,39,나주,0,15.3,35.0,,,,0.0,0.0,3.0,
ECMWF,2026-10-07 00:00,2026-10-09 03:00,42,나주,0,13.7,58.0,,,,0.0,0.0,3.0,
ECMWF,2026-10-07 00:00,2026-10-09 06:00,45,나주,0,12.1,80.0,,,,0.0,0.0,3.0,
ECMWF,2026-10-07 00:00,2026-10-09 09:00,48,나주,0,19.5,54.0,,,,144.0,0.0,3.0,
ECMWF,2026-10-07 00:00,2026-10-09 12:00,51,나주,0,24.8,46.0,,,,622.0,0.0,3.0,
ECMWF,2026-10-07 00:00,2026-10-09 15:00,54,나주,0,25.9,81.0,,,,619.0,0.0,3.0,
ECMWF,2026-10-07 00:00,2026-10-09 18:00,57,나주,0,23.5,63.0,,,,224.0,0.0,3.0,
ECMWF,2026-10-07 00:00,2026-10-09 21:00,60,나주,0,17.7,1.0,,,,0.0,0.0,3.0,
ECMWF,2026-10-07 00:00,2026-10-10 00:00,63,나주,0,15.3,33.0,,,,0.0,0.0,3.0,
ECMWF,2026-10-07 00:00,2026-10-10 03:00,66,나주,0,15.0,33.0,,,,0.0,0.0,3.0,
ECMWF,2026-10-07 00:00,2026-10-10 06:00,69,나주,0,15.6,57.0,,,,0.0,0.0,3.0,
ECMWF,2026-10-07 00:00,2026-10-10 09:00,72,나주,0,21.8,25.0,,,,135.0,0.0,3.0,
ECMWF,2026-10-07 00:00,2026-10-10 12:00,75,나주,0,26.7,50.0,,,,514.0,0.0,3.0,
ECMWF,2026-10-07 00:00,2026-10-10 15:00,78,나주,0,27.7,51.0,,,,508.0,0.2,3.0,
ECMWF,2026-10-07 00:00,2026-10-10 18:00,81,나주,0,23.3,28.0,,,,178.0,1.5,3.0,
ECMWF,2026-10-07 00:00,2026-10-10 21:00,84,나주,0,20.1,24.0,,,,0.0,0.0,3.0,
ECMWF,2026-10-07 00:00,2026-10-11 00:00,87,나주,0,18.9,45.0,,,,0.0,0.2,3.0,
ECMWF,2026-10-07 00:00,2026-10-11 03:00,90,나주,0,18.7,66.0,,,,0.0,0.8,3.0,
ECMWF,2026-10-07 00:00,2026-10-11 06:00,93,나주,0,18.8,90.0,,,,0.0,0.2,3.0,
ECMWF,2026-10-07 00:00,2026-10-11 09:00,96,나주,0,20.9,54.0,,,,66.0,0.2,3.0,
ECMWF,2026-10-07 00:00,2026-10-11 12:00,99,나주,0,27.4,80.0,,,,518.0,0.0,3.0,
ECMWF,2026-10-07 00:00,2026-10-11 15:00,102,나주,0,22.9,64.0,,,,368.0,3.4,3.0,
ECMWF,2026-10-07 00:00,2026-10-11 18:00,105,나주,0,21.6,23.0,,,,180.0,0.7,3.0,
ECMWF,2026-10-07 00:00,2026-10-11 21:00,108,나주,0,20.0,34.0,,,,0.0,0.1,3.0,
ECMWF,2026-10-07 00:00,2026-10-12 00:00,111,나주,0,19.5,39.0,,,,0.0,0.0,3.0,
ECMWF,2026-10-07 00:00,2026-10-12 03:00,114,나주,0,19.3,75.0,,,,0.0,0.9,3.0,
ECMWF,2026-10-07 00:00,2026-10-12 06:00,117,나주,0,19.4,76.0,,,,0.0,1.0,3.0,
ECMWF,2026-10-07 00:00,2026-10-12 09:00,120,나주,0,21.2,60.0,,,,83.0,0.6,3.0,
ECMWF,2026-10-07 00:00,2026-10-12 12:00,123,나주,0,26.4,68.0,,,,417.0,0.5,3.0,
ECMWF,2026-10-07 00:00,2026-10-12 15:00,126,나주,0,26.3,61.0,,,,419.0,0.0,3.0,
ECMWF,2026-10-07 00:00,2026-10-12 18:00,129,나주,0,22.5,77.0,,,,182.0,0.3,3.0,
ECMWF,2026-10-07 00:00,2026-10-12 21:00,132,나주,0,20.4,64.0,,,,0.0,0.4,3.0,
ECMWF,2026-10-07 00:00,2026-10-13 00:00,135,나주,0,19.7,85.0,,,,0.0,0.1,3.0,
ECMWF,2026-10-07 00:00,2026-10-13 03:00,138,나주,0,19.8,97.0,,,,0.0,0.4,3.0,
ECMWF,2026-10-07 00:00,2026-10-13 06:00,141,나주,0,19.7,90.0,,,,0.0,0.4,3.0,
ECMWF,2026-10-07 00:00,2026-10-13 09:00,144,나주,0,21.0,36.0,,,,98.0,0.4,3.0,
ECMWF,2026-10-07 00:00,2026-10-13 15:00,150,나주,0,25.4,17.0,,,,594.0,0.2,6.0,
ECMWF,2026-10-07 00:00,2026-10-13 21:00,156,나주,0,17.6,91.0,,,,115.0,0.0,6.0,
ECMWF,2026-10-07 00:00,2026-10-14 03:00,162,나주,0,16.8,95.0,,,,0.0,0.0,6.0,
ECMWF,2026-10-07 00:00,2026-10-14 09:00,168,나주,0,19.1,5.0,,,,70.0,0.0,6.0,
ECMWF,2026-10-07 00:00,2026-10-14 15:00,174,나주,0,22.3,0.0,,,,665.0,0.0,6.0,
ECMWF,2026-10-07 00:00,2026-10-14 21:00,180,나주,0,13.8,0.0,,,,130.0,0.0,6.0,
ECMWF,2026-10-07 00:00,2026-10-15 03:00,186,나주,0,10.8,0.0,,,,0.0,0.0,6.0,
ECMWF,2026-10-07 00:00,2026-10-15 09:00,192,나주,0,15.5,0.0,,,,77.0,0.0,6.0,
ECMWF,2026-10-07 00:00,2026-10-15 15:00,198,나주,0,25.5,0.0,,,,671.0,0.0,6.0,
ECMWF,2026-10-07 00:00,2026-10-15 21:00,204,나주,0,16.0,83.0,,,,125.0,0.0,6.0,
ECMWF,2026-10-07 00:00,2026-10-16 03:00,210,나주,0,15.4,40.0,,,,0.0,0.0,6.0,
ECMWF,2026-10-07 00:00,2026-10-16 09:00,216,나주,0,20.5,99.0,,,,41.0,0.0,6.0,
ECMWF,2026-10-07 00:00,2026-10-16 15:00,222,나주,0,22.8,88.0,,,,135.0,1.1,6.0,
ECMWF,2026-10-07 00:00,2026-10-16 21:00,228,나주,0,19.8,52.0,,,,51.0,8.4,6.0,
ECMWF,2026-10-07 00:00,2026-10-17 03:00,234,나주,0,17.4,10.0,,,,0.0,0.0,6.0,
ECMWF,2026-10-07 00:00,2026-10-17 09:00,240,나주,0,19.6,16.0,,,,67.0,0.0,6.0,
GFS,2026-10-07 00:00,2026-10-07 09:00,0,서울,1,17.3,0.0,0.0,0.0,0.0,,,,
GFS,2026-10-07 00:00,2026-10-07 12:00,3,서울,1,22.0,0.0,0.0,0.0,0.0,620.0,0.0,3.0,
GFS,2026-10-07 00:00,2026-10-07 15:00,6,서울,1,23.1,0.0,0.0,0.0,0.0,682.0,0.0,3.0,
GFS,2026-10-07 00:00,2026-10-07 18:00,9,서울,1,20.6,0.0,0.0,0.0,0.0,251.0,0.0,3.0,
GFS,2026-10-07 00:00,2026-10-07 21:00,12,서울,1,18.7,0.0,0.0,0.0,0.0,0.0,0.0,3.0,
GFS,2026-10-07 00:00,2026-10-08 00:00,15,서울,1,17.3,0.0,0.0,0.0,0.0,0.0,0.0,3.0,
GFS,2026-10-07 00:00,2026-10-08 03:00,18,서울,1,16.1,0.0,0.0,0.0,0.0,0.0,0.0,3.0,
GFS,2026-10-07 00:00,2026-10-08 06:00,21,서울,1,15.0,0.0,0.0,0.0,0.0,0.0,0.0,3.0,
GFS,2026-10-07 00:00,2026-10-08 09:00,24,서울,1,17.7,0.0,0.0,0.0,0.0,145.0,0.0,3.0,
GFS,2026-10-07 00:00,2026-10-08 12:00,27,서울,1,22.6,0.0,0.0,0.0,0.0,608.0,0.0,3.0,
GFS,2026-10-07 00:00,2026-10-08 15:00,30,서울,1,24.5,0.0,0.0,0.0,0.0,667.0,0.0,3.0,
GFS,2026-10-07 00:00,2026-10-08 18:00,33,서울,1,21.8,0.0,0.0,0.0,0.0,244.0,0.0,3.0,
GFS,2026-10-07 00:00,2026-10-08 21:00,36,서울,1,19.6,0.0,0.0,0.0,0.0,0.0,0.0,3.0,
GFS,2026-10-07 00:00,2026-10-09 00:00,39,서울,1,18.3,0.0,0.0,0.0,0.0,0.0,0.0,3.0,
GFS,2026-10-07 00:00,2026-10-09 03:00,42,서울,1,17.1,0.0,0.0,0.0,0.0,0.0,0.0,3.0,
GFS,2026-10-07 00:00,2026-10-09 06:00,45,서울,1,16.0,0.0,0.0,0.0,0.0,0.0,0.0,3.0,
GFS,2026-10-07 00:00,2026-10-09 09:00,48,서울,1,18.8,18.0,0.0,0.0,18.0,143.0,0.0,3.0,
GFS,2026-10-07 00:00,2026-10-09 12:00,51,서울,1,23.3,88.0,0.0,25.0,85.0,575.0,0.0,3.0,
GFS,2026-10-07 00:00,2026-10-09 15:00,54,서울,1,25.0,69.0,0.0,41.0,64.0,619.0,0.0,3.0,
GFS,2026-10-07 00:00,2026-10-09 18:00,57,서울,1,22.3,85.0,0.0,83.0,15.0,229.0,0.0,3.0,
GFS,2026-10-07 00:00,2026-10-09 21:00,60,서울,1,20.0,65.0,0.0,58.0,20.0,0.0,0.0,3.0,
GFS,2026-10-07 00:00,2026-10-10 00:00,63,서울,1,18.7,13.0,0.0,13.0,0.0,0.0,0.0,3.0,
GFS,2026-10-07 00:00,2026-10-10 03:00,66,서울,1,17.4,1.0,0.0,1.0,0.0,0.0,0.0,3.0,
GFS,2026-10-07 00:00,2026-10-10 06:00,69,서울,1,16.4,2.0,0.0,2.0,0.0,0.0,0.0,3.0,
GFS,2026-10-07 00:00,2026-10-10 09:00,72,서울,1,19.3,4.0,0.0,4.0,0.0,140.0,0.0,3.0,
GFS,2026-10-07 00:00,2026-10-10 12:00,75,서울,1,24.4,48.0,0.0,48.0,0.0,602.0,0.0,3.0,
GFS,2026-10-07 00:00,2026-10-10 15:00,78,서울,1,26.0,41.0,0.0,41.0,4.0,652.0,0.0,3.0,
GFS,2026-10-07 00:00,2026-10-10 18:00,81,서울,1,23.6,45.0,0.0,5.0,45.0,236.0,0.0,3.0,
GFS,2026-10-07 00:00,2026-10-10 21:00,84,서울,1,21.2,19.0,0.0,18.0,7.0,0.0,0.0,3.0,
GFS,2026-10-07 00:00,2026-10-11 00:00,87,서울,1,19.9,89.0,0.0,89.0,52.0,0.0,0.0,3.0,
GFS,2026-10-07 00:00,2026-10-11 03:00,90,서울,1,19.1,64.0,8.0,62.0,0.0,0.0,0.0,3.0,
GFS,2026-10-07 00:00,2026-10-11 06:00,93,서울,1,17.9,93.0,3.0,93.0,0.0,0.0,0.0,3.0,
GFS,2026-10-07 00:00,2026-10-11 09:00,96,서울,1,20.4,87.0,8.0,87.0,0.0,103.0,0.0,3.0,
GFS,2026-10-07 00:00,2026-10-11 12:00,99,서울,1,25.6,64.0,13.0,57.0,0.0,522.0,0.0,3.0,
GFS,2026-10-07 00:00,2026-10-11 15:00,102,서울,1,27.2,43.0,38.0,9.0,0.0,609.0,0.1,3.0,
GFS,2026-10-07 00:00,2026-10-11 18:00,105,서울,1,25.2,62.0,62.0,2.0,0.0,175.0,0.1,3.0,
GFS,2026-10-07 00:00,2026-10-11 21:00,108,서울,1,23.9,98.0,98.0,0.0,0.0,0.0,0.0,3.0,
GFS,2026-10-07 00:00,2026-10-12 00:00,111,서울,1,23.2,100.0,100.0,0.0,0.0,0.0,0.0,3.0,
GFS,2026-10-07 00:00,2026-10-12 03:00,114,서울,1,22.3,100.0,100.0,0.0,0.0,0.0,0.0,3.0,
GFS,2026-10-07 00:00,2026-10-12 06:00,117,서울,1,21.1,100.0,100.0,0.0,3.0,0.0,0.1,3.0,
GFS,2026-10-07 00:00,2026-10-12 09:00,120,서울,1,21.3,100.0,100.0,5.0,25.0,33.0,0.0,3.0,
GFS,2026-10-07 00:00,2026-10-12 21:00,132,서울,1,22.8,98.0,1.0,90.0,91.0,78.0,0.0,6.0,
GFS,2026-10-07 00:00,2026-10-13 09:00,144,서울,1,19.1,100.0,100.0,100.0,4.0,5.0,1.9,6.0,
GFS,2026-10-07 00:00,2026-10-13 21:00,156,서울,1,18.4,91.0,65.0,57.0,23.0,20.0,0.2,6.0,
GFS,2026-10-07 00:00,2026-10-14 09:00,168,서울,1,18.8,47.0,47.0,2.0,0.0,53.0,0.1,6.0,
GFS,2026-10-07 00:00,2026-10-14 21:00,180,서울,1,13.0,68.0,68.0,0.0,0.0,78.0,0.0,6.0,
GFS,2026-10-07 00:00,2026-10-15 09:00,192,서울,1,12.5,50.0,50.0,0.0,0.0,28.0,0.1,6.0,
GFS,2026-10-07 00:00,2026-10-15 21:00,204,서울,1,11.5,38.0,38.0,0.0,0.0,50.0,0.1,6.0,
GFS,2026-10-07 00:00,2026-10-16 09:00,216,서울,1,10.2,14.0,2.0,0.0,13.0,63.0,0.0,6.0,
GFS,2026-10-07 00:00,2026-10-16 21:00,228,서울,1,14.7,98.0,0.0,92.0,94.0,77.0,0.0,6.0,
GFS,2026-10-07 00:00,2026-10-17 09:00,240,서울,1,14.5,56.0,29.0,46.0,24.0,32.0,0.0,6.0,
GFS,2026-10-07 00:00,2026-10-07 09:00,0,대전,1,16.6,0.0,0.0,0.0,0.0,,,,
GFS,2026-10-07 00:00,2026-10-07 12:00,3,대전,1,21.2,0.0,0.0,0.0,0.0,629.0,0.0,3.0,
GFS,2026-10-07 00:00,2026-10-07 15:00,6,대전,1,22.5,0.0,0.0,0.0,0.0,689.0,0.0,3.0,
GFS,2026-10-07 00:00,2026-10-07 18:00,9,대전,1,15.7,0.0,0.0,0.0,0.0,252.0,0.0,3.0,
GFS,2026-10-07 00:00,2026-10-07 21:00,12,대전,1,12.9,0.0,0.0,0.0,0.0,0.0,0.0,3.0,
GFS,2026-10-07 00:00,2026-10-08 00:00,15,대전,1,11.7,0.0,0.0,0.0,0.0,0.0,0.0,3.0,
GFS,2026-10-07 00:00,2026-10-08 03:00,18,대전,1,10.7,0.0,0.0,0.0,0.0,0.0,0.0,3.0,
GFS,2026-10-07 00:00,2026-10-08 06:00,21,대전,1,10.1,0.0,0.0,0.0,0.0,0.0,0.0,3.0,
GFS,2026-10-07 00:00,2026-10-08 09:00,24,대전,1,16.6,0.0,0.0,0.0,0.0,154.0,0.0,3.0,
GFS,2026-10-07 00:00,2026-10-08 12:00,27,대전,1,22.4,0.0,0.0,0.0,0.0,634.0,0.0,3.0,
GFS,2026-10-07 00:00,2026-10-08 15:00,30,대전,1,23.0,0.0,0.0,0.0,0.0,690.0,0.0,3.0,
GFS,2026-10-07 00:00,2026-10-08 18:00,33,대전,1,16.9,0.0,0.0,0.0,0.0,251.0,0.0,3.0,
GFS,2026-10-07 00:00,2026-10-08 21:00,36,대전,1,13.9,0.0,0.0,0.0,0.0,0.0,0.0,3.0,
GFS,2026-10-07 00:00,2026-10-09 00:00,39,대전,1,12.7,0.0,0.0,0.0,0.0,0.0,0.0,3.0,
GFS,2026-10-07 00:00,2026-10-09 03:00,42,대전,1,11.7,0.0,0.0,0.0,0.0,0.0,0.0,3.0,
GFS,2026-10-07 00:00,2026-10-09 06:00,45,대전,1,11.1,10.0,0.0,0.0,10.0,0.0,0.0,3.0,
GFS,2026-10-07 00:00,2026-10-09 09:00,48,대전,1,17.0,94.0,0.0,46.0,92.0,135.0,0.0,3.0,
GFS,2026-10-07 00:00,2026-10-09 12:00,51,대전,1,23.3,63.0,0.0,23.0,63.0,592.0,0.0,3.0,
GFS,2026-10-07 00:00,2026-10-09 15:00,54,대전,1,23.8,53.0,0.0,6.0,53.0,624.0,0.0,3.0,
GFS,2026-10-07 00:00,2026-10-09 18:00,57,대전,1,17.8,77.0,0.0,76.0,18.0,239.0,0.0,3.0,
GFS,2026-10-07 00:00,2026-10-09 21:00,60,대전,1,14.7,61.0,0.0,42.0,47.0,0.0,0.0,3.0,
GFS,2026-10-07 00:00,2026-10-10 00:00,63,대전,1,14.4,90.0,0.0,90.0,13.0,0.0,0.0,3.0,
GFS,2026-10-07 00:00,2026-10-10 03:00,66,대전,1,12.9,18.0,0.0,9.0,11.0,0.0,0.0,3.0,
GFS,2026-10-07 00:00,2026-10-10 06:00,69,대전,1,12.5,11.0,10.0,2.0,0.0,0.0,0.0,3.0,
GFS,2026-10-07 00:00,2026-10-10 09:00,72,대전,1,18.7,7.0,7.0,1.0,0.0,141.0,0.0,3.0,
GFS,2026-10-07 00:00,2026-10-10 12:00,75,대전,1,25.2,29.0,4.0,26.0,0.0,594.0,0.0,3.0,
GFS,2026-10-07 00:00,2026-10-10 15:00,78,대전,1,25.6,16.0,4.0,16.0,0.0,645.0,0.0,3.0,
GFS,2026-10-07 00:00,2026-10-10 18:00,81,대전,1,20.1,48.0,46.0,5.0,0.0,224.0,0.0,3.0,
GFS,2026-10-07 00:00,2026-10-10 21:00,84,대전,1,18.1,74.0,2.0,74.0,0.0,0.0,0.0,3.0,
GFS,2026-10-07 00:00,2026-10-11 00:00,87,대전,1,16.8,61.0,22.0,61.0,0.0,0.0,0.0,3.0,
GFS,2026-10-07 00:00,2026-10-11 03:00,90,대전,1,17.3,100.0,96.0,76.0,0.0,0.0,0.0,3.0,
GFS,2026-10-07 00:00,2026-10-11 06:00,93,대전,1,17.6,98.0,88.0,65.0,0.0,0.0,0.2,3.0,
GFS,2026-10-07 00:00,2026-10-11 09:00,96,대전,1,19.9,83.0,83.0,17.0,0.0,63.0,0.0,3.0,
GFS,2026-10-07 00:00,2026-10-11 12:00,99,대전,1,24.6,86.0,86.0,3.0,0.0,379.0,0.0,3.0,
GFS,2026-10-07 00:00,2026-10-11 15:00,102,대전,1,20.5,55.0,54.0,6.0,0.0,190.0,0.1,3.0,
GFS,2026-10-07 00:00,2026-10-11 18:00,105,대전,1,19.7,32.0,31.0,4.0,0.0,196.0,0.4,3.0,
GFS,2026-10-07 00:00,2026-10-11 21:00,108,대전,1,17.8,18.0,18.0,0.0,0.0,0.0,2.2,3.0,
GFS,2026-10-07 00:00,2026-10-12 00:00,111,대전,1,17.2,30.0,30.0,0.0,0.0,0.0,0.0,3.0,
GFS,2026-10-07 00:00,2026-10-12 03:00,114,대전,1,17.8,71.0,71.0,0.0,0.0,0.0,0.0,3.0,
GFS,2026-10-07 00:00,2026-10-12 06:00,117,대전,1,17.2,60.0,60.0,0.0,0.0,0.0,0.0,3.0,
GFS,2026-10-07 00:00,2026-10-12 09:00,120,대전,1,19.2,77.0,77.0,0.0,4.0,59.0,0.0,3.0,
GFS,2026-10-07 00:00,2026-10-12 21:00,132,대전,1,19.5,100.0,68.0,84.0,98.0,35.0,2.6,6.0,
GFS,2026-10-07 00:00,2026-10-13 09:00,144,대전,1,20.4,62.0,24.0,49.0,16.0,57.0,0.4,6.0,
GFS,2026-10-07 00:00,2026-10-13 21:00,156,대전,1,18.6,77.0,22.0,77.0,1.0,91.0,1.0,6.0,
GFS,2026-10-07 00:00,2026-10-14 09:00,168,대전,1,18.3,37.0,37.0,0.0,0.0,35.0,0.8,6.0,
GFS,2026-10-07 00:00,2026-10-14 21:00,180,대전,1,12.4,78.0,78.0,0.0,0.0,18.0,0.1,6.0,
GFS,2026-10-07 00:00,2026-10-15 09:00,192,대전,1,12.6,92.0,92.0,1.0,0.0,19.0,0.1,6.0,
GFS,2026-10-07 00:00,2026-10-15 21:00,204,대전,1,11.0,94.0,94.0,0.0,0.0,45.0,0.6,6.0,
GFS,2026-10-07 00:00,2026-10-16 09:00,216,대전,1,13.1,80.0,77.0,0.0,21.0,34.0,0.0,6.0,
GFS,2026-10-07 00:00,2026-10-16 21:00,228,대전,1,10.9,98.0,0.0,87.0,97.0,93.0,0.0,6.0,
GFS,2026-10-07 00:00,2026-10-17 09:00,240,대전,1,12.6,100.0,42.0,100.0,49.0,23.0,0.0,6.0,
GFS,2026-10-07 00:00,2026-10-07 09:00,0,대구,1,15.7,0.0,0.0,0.0,0.0,,,,
GFS,2026-10-07 00:00,2026-10-07 12:00,3,대구,1,20.3,0.0,0.0,0.0,0.0,648.0,0.0,3.0,
GFS,2026-10-07 00:00,2026-10-07 15:00,6,대구,1,21.5,0.0,0.0,0.0,0.0,686.0,0.0,3.0,
GFS,2026-10-07 00:00,2026-10-07 18:00,9,대구,1,15.1,0.0,0.0,0.0,0.0,237.0,0.0,3.0,
GFS,2026-10-07 00:00,2026-10-07 21:00,12,대구,1,12.1,0.0,0.0,0.0,0.0,0.0,0.0,3.0,
GFS,2026-10-07 00:00,2026-10-08 00:00,15,대구,1,11.2,0.0,0.0,0.0,0.0,0.0,0.0,3.0,
GFS,2026-10-07 00:00,2026-10-08 03:00,18,대구,1,10.4,0.0,0.0,0.0,0.0,0.0,0.0,3.0,
GFS,2026-10-07 00:00,2026-10-08 06:00,21,대구,1,9.7,0.0,0.0,0.0,0.0,0.0,0.0,3.0,
GFS,2026-10-07 00:00,2026-10-08 09:00,24,대구,1,16.9,0.0,0.0,0.0,0.0,169.0,0.0,3.0,
GFS,2026-10-07 00:00,2026-10-08 12:00,27,대구,1,22.4,0.0,0.0,0.0,0.0,647.0,0.0,3.0,
GFS,2026-10-07 00:00,2026-10-08 15:00,30,대구,1,23.2,0.0,0.0,0.0,0.0,687.0,0.0,3.0,
GFS,2026-10-07 00:00,2026-10-08 18:00,33,대구,1,16.4,0.0,0.0,0.0,0.0,236.0,0.0,3.0,
GFS,2026-10-07 00:00,2026-10-08 21:00,36,대구,1,12.9,0.0,0.0,0.0,0.0,0.0,0.0,3.0,
GFS,2026-10-07 00:00,2026-10-09 00:00,39,대구,1,11.4,0.0,0.0,0.0,0.0,0.0,0.0,3.0,
GFS,2026-10-07 00:00,2026-10-09 03:00,42,대구,1,10.7,0.0,0.0,0.0,0.0,0.0,0.0,3.0,
GFS,2026-10-07 00:00,2026-10-09 06:00,45,대구,1,10.2,0.0,0.0,0.0,0.0,0.0,0.0,3.0,
GFS,2026-10-07 00:00,2026-10-09 09:00,48,대구,1,17.5,4.0,0.0,0.0,4.0,168.0,0.0,3.0,
GFS,2026-10-07 00:00,2026-10-09 12:00,51,대구,1,23.7,77.0,0.0,25.0,77.0,640.0,0.0,3.0,
GFS,2026-10-07 00:00,2026-10-09 15:00,54,대구,1,24.4,68.0,0.0,29.0,68.0,627.0,0.0,3.0,
GFS,2026-10-07 00:00,2026-10-09 18:00,57,대구,1,17.3,57.0,0.0,30.0,47.0,212.0,0.0,3.0,
GFS,2026-10-07 00:00,2026-10-09 21:00,60,대구,1,14.8,20.0,0.0,13.0,9.0,0.0,0.0,3.0,
GFS,2026-10-07 00:00,2026-10-10 00:00,63,대구,1,13.0,26.0,0.0,26.0,3.0,0.0,0.0,3.0,
GFS,2026-10-07 00:00,2026-10-10 03:00,66,대구,1,13.3,53.0,3.0,30.0,34.0,0.0,0.0,3.0,
GFS,2026-10-07 00:00,2026-10-10 06:00,69,대구,1,13.1,87.0,16.0,51.0,83.0,0.0,0.0,3.0,
GFS,2026-10-07 00:00,2026-10-10 09:00,72,대구,1,18.3,95.0,93.0,23.0,0.0,105.0,0.0,3.0,
GFS,2026-10-07 00:00,2026-10-10 12:00,75,대구,1,23.6,32.0,27.0,14.0,0.0,293.0,0.0,3.0,
GFS,2026-10-07 00:00,2026-10-10 15:00,78,대구,1,25.7,10.0,3.0,8.0,0.0,625.0,0.0,3.0,
GFS,2026-10-07 00:00,2026-10-10 18:00,81,대구,1,20.0,19.0,16.0,8.0,0.0,204.0,0.0,3.0,
GFS,2026-10-07 00:00,2026-10-10 21:00,84,대구,1,18.6,47.0,39.0,18.0,0.0,0.0,0.0,3.0,
GFS,2026-10-07 00:00,2026-10-11 00:00,87,대구,1,16.8,77.0,39.0,61.0,0.0,0.0,0.7,3.0,
GFS,2026-10-07 00:00,2026-10-11 03:00,90,대구,1,17.5,92.0,80.0,86.0,0.0,0.0,1.9,3.0,
GFS,2026-10-07 00:00,2026-10-11 06:00,93,대구,1,16.5,81.0,68.0,58.0,0.0,0.0,3.0,3.0,
GFS,2026-10-07 00:00,2026-10-11 09:00,96,대구,1,19.2,100.0,80.0,100.0,13.0,89.0,3.4,3.0,
GFS,2026-10-07 00:00,2026-10-11 12:00,99,대구,1,20.5,82.0,78.0,52.0,0.0,155.0,2.8,3.0,
GFS,2026-10-07 00:00,2026-10-11 15:00,102,대구,1,19.5,83.0,83.0,0.0,0.0,282.0,1.9,3.0,
GFS,2026-10-07 00:00,2026-10-11 18:00,105,대구,1,17.3,74.0,74.0,4.0,0.0,74.0,1.4,3.0,
GFS,2026-10-07 00:00,2026-10-11 21:00,108,대구,1,17.2,85.0,85.0,2.0,0.0,0.0,0.0,3.0,
GFS,2026-10-07 00:00,2026-10-12 00:00,111,대구,1,17.0,78.0,78.0,0.0,0.0,0.0,0.0,3.0,
GFS,2026-10-07 00:00,2026-10-12 03:00,114,대구,1,16.2,78.0,78.0,0.0,0.0,0.0,0.0,3.0,
GFS,2026-10-07 00:00,2026-10-12 06:00,117,대구,1,16.5,94.0,94.0,0.0,0.0,0.0,0.0,3.0,
GFS,2026-10-07 00:00,2026-10-12 09:00,120,대구,1,18.0,81.0,81.0,0.0,2.0,37.0,0.0,3.0,
GFS,2026-10-07 00:00,2026-10-12 21:00,132,대구,1,17.8,100.0,96.0,96.0,96.0,44.0,0.2,6.0,
GFS,2026-10-07 00:00,2026-10-13 09:00,144,대구,1,19.1,76.0,49.0,45.0,1.0,56.0,0.0,6.0,
GFS,2026-10-07 00:00,2026-10-13 21:00,156,대구,1,17.9,88.0,63.0,79.0,0.0,71.0,2.7,6.0,
GFS,2026-10-07 00:00,2026-10-14 09:00,168,대구,1,19.0,47.0,47.0,0.0,0.0,60.0,0.9,6.0,
GFS,2026-10-07 00:00,2026-10-14 21:00,180,대구,1,11.8,1.0,1.0,0.0,0.0,57.0,0.1,6.0,
GFS,2026-10-07 00:00,2026-10-15 09:00,192,대구,1,12.2,15.0,15.0,0.0,0.0,73.0,0.0,6.0,
GFS,2026-10-07 00:00,2026-10-15 21:00,204,대구,1,9.0,29.0,29.0,0.0,0.0,47.0,0.2,6.0,
GFS,2026-10-07 00:00,2026-10-16 09:00,216,대구,1,11.2,8.0,7.0,0.0,2.0,64.0,0.0,6.0,
GFS,2026-10-07 00:00,2026-10-16 21:00,228,대구,1,9.9,98.0,0.0,86.0,98.0,94.0,0.0,6.0,
GFS,2026-10-07 00:00,2026-10-17 09:00,240,대구,1,13.2,88.0,3.0,55.0,80.0,60.0,0.0,6.0,
GFS,2026-10-07 00:00,2026-10-07 09:00,0,광주,1,16.5,0.0,0.0,0.0,0.0,,,,
GFS,2026-10-07 00:00,2026-10-07 12:00,3,광주,1,21.7,0.0,0.0,0.0,0.0,634.0,0.0,3.0,
GFS,2026-10-07 00:00,2026-10-07 15:00,6,광주,1,22.1,0.0,0.0,0.0,0.0,701.0,0.0,3.0,
GFS,2026-10-07 00:00,2026-10-07 18:00,9,광주,1,15.5,0.0,0.0,0.0,0.0,262.0,0.0,3.0,
GFS,2026-10-07 00:00,2026-10-07 21:00,12,광주,1,12.5,0.0,0.0,0.0,0.0,0.0,0.0,3.0,
GFS,2026-10-07 00:00,2026-10-08 00:00,15,광주,1,11.5,0.0,0.0,0.0,0.0,0.0,0.0,3.0,
GFS,2026-10-07 00:00,2026-10-08 03:00,18,광주,1,10.7,0.0,0.0,0.0,0.0,0.0,0.0,3.0,
GFS,2026-10-07 00:00,2026-10-08 06:00,21,광주,1,10.4,0.0,0.0,0.0,0.0,0.0,0.0,3.0,
GFS,2026-10-07 00:00,2026-10-08 09:00,24,광주,1,17.0,0.0,0.0,0.0,0.0,155.0,0.0,3.0,
GFS,2026-10-07 00:00,2026-10-08 12:00,27,광주,1,22.9,0.0,0.0,0.0,0.0,641.0,0.0,3.0,
GFS,2026-10-07 00:00,2026-10-08 15:00,30,광주,1,23.6,0.0,0.0,0.0,0.0,701.0,0.0,3.0,
GFS,2026-10-07 00:00,2026-10-08 18:00,33,광주,1,17.5,0.0,0.0,0.0,0.0,258.0,0.0,3.0,
GFS,2026-10-07 00:00,2026-10-08 21:00,36,광주,1,13.5,0.0,0.0,0.0,0.0,0.0,0.0,3.0,
GFS,2026-10-07 00:00,2026-10-09 00:00,39,광주,1,12.4,0.0,0.0,0.0,0.0,0.0,0.0,3.0,
GFS,2026-10-07 00:00,2026-10-09 03:00,42,광주,1,11.6,14.0,0.0,0.0,14.0,0.0,0.0,3.0,
GFS,2026-10-07 00:00,2026-10-09 06:00,45,광주,1,11.6,71.0,0.0,30.0,71.0,0.0,0.0,3.0,
GFS,2026-10-07 00:00,2026-10-09 09:00,48,광주,1,17.6,45.0,0.0,6.0,44.0,150.0,0.0,3.0,
GFS,2026-10-07 00:00,2026-10-09 12:00,51,광주,1,23.6,73.0,0.0,71.0,29.0,634.0,0.0,3.0,
GFS,2026-10-07 00:00,2026-10-09 15:00,54,광주,1,24.6,98.0,0.0,89.0,91.0,661.0,0.0,3.0,
GFS,2026-10-07 00:00,2026-10-09 18:00,57,광주,1,18.3,67.0,0.0,67.0,3.0,143.0,0.0,3.0,
GFS,2026-10-07 00:00,2026-10-09 21:00,60,광주,1,14.7,57.0,0.0,53.0,7.0,0.0,0.0,3.0,
GFS,2026-10-07 00:00,2026-10-10 00:00,63,광주,1,13.5,100.0,0.0,29.0,100.0,0.0,0.0,3.0,
GFS,2026-10-07 00:00,2026-10-10 03:00,66,광주,1,13.2,64.0,0.0,57.0,24.0,0.0,0.0,3.0,
GFS,2026-10-07 00:00,2026-10-10 06:00,69,광주,1,15.2,74.0,74.0,21.0,1.0,0.0,0.0,3.0,
GFS,2026-10-07 00:00,2026-10-10 09:00,72,광주,1,17.0,95.0,95.0,6.0,0.0,22.0,0.0,3.0,
GFS,2026-10-07 00:00,2026-10-10 12:00,75,광주,1,23.3,31.0,20.0,17.0,0.0,313.0,0.0,3.0,
GFS,2026-10-07 00:00,2026-10-10 15:00,78,광주,1,25.8,40.0,19.0,27.0,0.0,621.0,0.0,3.0,
GFS,2026-10-07 00:00,2026-10-10 18:00,81,광주,1,21.7,69.0,62.0,52.0,0.0,198.0,0.0,3.0,
GFS,2026-10-07 00:00,2026-10-10 21:00,84,광주,1,18.5,69.0,35.0,41.0,0.0,0.0,0.0,3.0,
GFS,2026-10-07 00:00,2026-10-11 00:00,87,광주,1,17.4,75.0,75.0,13.0,0.0,0.0,0.0,3.0,
GFS,2026-10-07 00:00,2026-10-11 03:00,90,광주,1,17.9,76.0,73.0,31.0,0.0,0.0,0.2,3.0,
GFS,2026-10-07 00:00,2026-10-11 06:00,93,광주,1,17.9,95.0,94.0,16.0,0.0,0.0,0.9,3.0,
GFS,2026-10-07 00:00,2026-10-11 09:00,96,광주,1,19.5,91.0,91.0,1.0,0.0,25.0,0.2,3.0,
GFS,2026-10-07 00:00,2026-10-11 12:00,99,광주,1,23.5,59.0,59.0,2.0,0.0,358.0,0.9,3.0,
GFS,2026-10-07 00:00,2026-10-11 15:00,102,광주,1,22.8,54.0,54.0,1.0,0.0,520.0,3.8,3.0,
GFS,2026-10-07 00:00,2026-10-11 18:00,105,광주,1,19.4,40.0,40.0,0.0,0.0,158.0,3.2,3.0,
GFS,2026-10-07 00:00,2026-10-11 21:00,108,광주,1,18.2,59.0,59.0,0.0,0.0,0.0,0.1,3.0,
GFS,2026-10-07 00:00,2026-10-12 00:00,111,광주,1,18.9,86.0,86.0,0.0,0.0,0.0,0.0,3.0,
GFS,2026-10-07 00:00,2026-10-12 03:00,114,광주,1,18.6,100.0,100.0,0.0,0.0,0.0,0.0,3.0,
GFS,2026-10-07 00:00,2026-10-12 06:00,117,광주,1,18.2,99.0,99.0,0.0,0.0,0.0,0.1,3.0,
GFS,2026-10-07 00:00,2026-10-12 09:00,120,광주,1,20.8,47.0,47.0,0.0,0.0,80.0,0.0,3.0,
GFS,2026-10-07 00:00,2026-10-12 21:00,132,광주,1,18.6,73.0,64.0,13.0,44.0,62.0,0.2,6.0,
GFS,2026-10-07 00:00,2026-10-13 09:00,144,광주,1,21.0,57.0,41.0,46.0,1.0,50.0,0.2,6.0,
GFS,2026-10-07 00:00,2026-10-13 21:00,156,광주,1,17.4,88.0,28.0,87.0,0.0,88.0,1.6,6.0,
GFS,2026-10-07 00:00,2026-10-14 09:00,168,광주,1,19.0,1.0,1.0,0.0,0.0,59.0,0.0,6.0,
GFS,2026-10-07 00:00,2026-10-14 21:00,180,광주,1,11.4,41.0,41.0,0.0,0.0,23.0,1.1,6.0,
GFS,2026-10-07 00:00,2026-10-15 09:00,192,광주,1,13.2,43.0,43.0,0.0,0.0,55.0,0.8,6.0,
GFS,2026-10-07 00:00,2026-10-15 21:00,204,광주,1,11.1,48.0,48.0,0.0,0.0,104.0,0.7,6.0,
GFS,2026-10-07 00:00,2026-10-16 09:00,216,광주,1,14.3,97.0,89.0,0.0,42.0,41.0,0.1,6.0,
GFS,2026-10-07 00:00,2026-10-16 21:00,228,광주,1,9.7,89.0,0.0,1.0,89.0,109.0,0.0,6.0,
GFS,2026-10-07 00:00,2026-10-17 09:00,240,광주,1,12.9,53.0,3.0,53.0,2.0,49.0,0.0,6.0,
GFS,2026-10-07 00:00,2026-10-07 09:00,0,부산,1,18.3,0.0,0.0,0.0,0.0,,,,
GFS,2026-10-07 00:00,2026-10-07 12:00,3,부산,1,21.3,0.0,0.0,0.0,0.0,672.0,0.0,3.0,
GFS,2026-10-07 00:00,2026-10-07 15:00,6,부산,1,21.3,0.0,0.0,0.0,0.0,706.0,0.0,3.0,
GFS,2026-10-07 00:00,2026-10-07 18:00,9,부산,1,21.5,0.0,0.0,0.0,0.0,244.0,0.0,3.0,
GFS,2026-10-07 00:00,2026-10-07 21:00,12,부산,1,21.3,0.0,0.0,0.0,0.0,0.0,0.0,3.0,
GFS,2026-10-07 00:00,2026-10-08 00:00,15,부산,1,20.6,0.0,0.0,0.0,0.0,0.0,0.0,3.0,
GFS,2026-10-07 00:00,2026-10-08 03:00,18,부산,1,19.6,0.0,0.0,0.0,0.0,0.0,0.0,3.0,
GFS,2026-10-07 00:00,2026-10-08 06:00,21,부산,1,18.8,0.0,0.0,0.0,0.0,0.0,0.0,3.0,
GFS,2026-10-07 00:00,2026-10-08 09:00,24,부산,1,19.5,0.0,0.0,0.0,0.0,177.0,0.0,3.0,
GFS,2026-10-07 00:00,2026-10-08 12:00,27,부산,1,20.7,0.0,0.0,0.0,0.0,657.0,0.0,3.0,
GFS,2026-10-07 00:00,2026-10-08 15:00,30,부산,1,21.5,0.0,0.0,0.0,0.0,693.0,0.0,3.0,
GFS,2026-10-07 00:00,2026-10-08 18:00,33,부산,1,21.4,0.0,0.0,0.0,0.0,238.0,0.0,3.0,
GFS,2026-10-07 00:00,2026-10-08 21:00,36,부산,1,21.2,0.0,0.0,0.0,0.0,0.0,0.0,3.0,
GFS,2026-10-07 00:00,2026-10-09 00:00,39,부산,1,20.9,0.0,0.0,0.0,0.0,0.0,0.0,3.0,
GFS,2026-10-07 00:00,2026-10-09 03:00,42,부산,1,20.1,0.0,0.0,0.0,0.0,0.0,0.0,3.0,
GFS,2026-10-07 00:00,2026-10-09 06:00,45,부산,1,19.2,1.0,0.0,1.0,0.0,0.0,0.0,3.0,
GFS,2026-10-07 00:00,2026-10-09 09:00,48,부산,1,19.5,6.0,0.0,2.0,6.0,178.0,0.0,3.0,
GFS,2026-10-07 00:00,2026-10-09 12:00,51,부산,1,20.7,4.0,0.0,1.0,4.0,661.0,0.0,3.0,
GFS,2026-10-07 00:00,2026-10-09 15:00,54,부산,1,21.6,70.0,0.0,56.0,63.0,685.0,0.0,3.0,
GFS,2026-10-07 00:00,2026-10-09 18:00,57,부산,1,22.0,44.0,0.0,44.0,1.0,212.0,0.0,3.0,
GFS,2026-10-07 00:00,2026-10-09 21:00,60,부산,1,22.0,51.0,33.0,36.0,0.0,0.0,0.0,3.0,
GFS,2026-10-07 00:00,2026-10-10 00:00,63,부산,1,22.1,68.0,66.0,24.0,4.0,0.0,0.0,3.0,
GFS,2026-10-07 00:00,2026-10-10 03:00,66,부산,1,21.7,87.0,29.0,60.0,52.0,0.0,0.0,3.0,
GFS,2026-10-07 00:00,2026-10-10 06:00,69,부산,1,21.1,74.0,6.0,61.0,30.0,0.0,0.0,3.0,
GFS,2026-10-07 00:00,2026-10-10 09:00,72,부산,1,22.1,25.0,21.0,6.0,0.0,141.0,0.2,3.0,
GFS,2026-10-07 00:00,2026-10-10 12:00,75,부산,1,23.6,4.0,2.0,2.0,0.0,604.0,0.1,3.0,
GFS,2026-10-07 00:00,2026-10-10 15:00,78,부산,1,24.3,35.0,12.0,28.0,0.0,642.0,0.2,3.0,
GFS,2026-10-07 00:00,2026-10-10 18:00,81,부산,1,24.0,45.0,44.0,6.0,0.0,212.0,0.4,3.0,
GFS,2026-10-07 00:00,2026-10-10 21:00,84,부산,1,23.9,69.0,47.0,45.0,0.0,0.0,0.2,3.0,
GFS,2026-10-07 00:00,2026-10-11 00:00,87,부산,1,23.1,91.0,53.0,83.0,0.0,0.0,1.2,3.0,
GFS,2026-10-07 00:00,2026-10-11 03:00,90,부산,1,22.0,54.0,36.0,34.0,0.0,0.0,1.5,3.0,
GFS,2026-10-07 00:00,2026-10-11 06:00,93,부산,1,21.9,94.0,84.0,90.0,0.0,0.0,1.9,3.0,
GFS,2026-10-07 00:00,2026-10-11 09:00,96,부산,1,21.5,96.0,90.0,70.0,5.0,32.0,2.6,3.0,
GFS,2026-10-07 00:00,2026-10-11 12:00,99,부산,1,22.0,87.0,81.0,43.0,0.0,261.0,1.1,3.0,
GFS,2026-10-07 00:00,2026-10-11 15:00,102,부산,1,21.1,79.0,77.0,26.0,0.0,68.0,2.6,3.0,
GFS,2026-10-07 00:00,2026-10-11 18:00,105,부산,1,21.4,96.0,96.0,0.0,0.0,108.0,0.7,3.0,
GFS,2026-10-07 00:00,2026-10-11 21:00,108,부산,1,22.0,94.0,94.0,0.0,0.0,0.0,1.8,3.0,
GFS,2026-10-07 00:00,2026-10-12 00:00,111,부산,1,21.6,73.0,73.0,0.0,0.0,0.0,1.6,3.0,
GFS,2026-10-07 00:00,2026-10-12 03:00,114,부산,1,21.5,60.0,60.0,0.0,0.0,0.0,0.2,3.0,
GFS,2026-10-07 00:00,2026-10-12 06:00,117,부산,1,21.3,88.0,88.0,0.0,0.0,0.0,0.0,3.0,
GFS,2026-10-07 00:00,2026-10-12 09:00,120,부산,1,22.0,79.0,79.0,0.0,0.0,116.0,0.1,3.0,
GFS,2026-10-07 00:00,2026-10-12 21:00,132,부산,1,22.4,100.0,49.0,83.0,90.0,58.0,0.0,6.0,
GFS,2026-10-07 00:00,2026-10-13 09:00,144,부산,1,21.0,94.0,93.0,43.0,25.0,8.0,3.4,6.0,
GFS,2026-10-07 00:00,2026-10-13 21:00,156,부산,1,22.2,53.0,10.0,51.0,0.0,79.0,0.0,6.0,
GFS,2026-10-07 00:00,2026-10-14 09:00,168,부산,1,21.4,79.0,61.0,67.0,0.0,26.0,0.6,6.0,
GFS,2026-10-07 00:00,2026-10-14 21:00,180,부산,1,18.7,3.0,3.0,0.0,0.0,102.0,0.0,6.0,
GFS,2026-10-07 00:00,2026-10-15 09:00,192,부산,1,15.8,53.0,53.0,0.0,0.0,62.0,0.0,6.0,
GFS,2026-10-07 00:00,2026-10-15 21:00,204,부산,1,15.4,9.0,9.0,0.0,0.0,57.0,0.1,6.0,
GFS,2026-10-07 00:00,2026-10-16 09:00,216,부산,1,15.4,2.0,2.0,0.0,0.0,78.0,0.0,6.0,
GFS,2026-10-07 00:00,2026-10-16 21:00,228,부산,1,18.9,23.0,0.0,20.0,7.0,92.0,0.0,6.0,
GFS,2026-10-07 00:00,2026-10-17 09:00,240,부산,1,16.8,55.0,10.0,4.0,55.0,71.0,0.0,6.0,
GFS,2026-10-07 00:00,2026-10-07 09:00,0,인천,0,17.6,0.0,0.0,0.0,0.0,,,,
GFS,2026-10-07 00:00,2026-10-07 12:00,3,인천,0,21.5,0.0,0.0,0.0,0.0,618.0,0.0,3.0,
GFS,2026-10-07 00:00,2026-10-07 15:00,6,인천,0,21.8,0.0,0.0,0.0,0.0,681.0,0.0,3.0,
GFS,2026-10-07 00:00,2026-10-07 18:00,9,인천,0,20.0,0.0,0.0,0.0,0.0,253.0,0.0,3.0,
GFS,2026-10-07 00:00,2026-10-07 21:00,12,인천,0,19.3,0.0,0.0,0.0,0.0,0.0,0.0,3.0,
GFS,2026-10-07 00:00,2026-10-08 00:00,15,인천,0,18.4,0.0,0.0,0.0,0.0,0.0,0.0,3.0,
GFS,2026-10-07 00:00,2026-10-08 03:00,18,인천,0,17.3,0.0,0.0,0.0,0.0,0.0,0.0,3.0,
GFS,2026-10-07 00:00,2026-10-08 06:00,21,인천,0,16.3,0.0,0.0,0.0,0.0,0.0,0.0,3.0,
GFS,2026-10-07 00:00,2026-10-08 09:00,24,인천,0,18.4,0.0,0.0,0.0,0.0,142.0,0.0,3.0,
GFS,2026-10-07 00:00,2026-10-08 12:00,27,인천,0,21.9,0.0,0.0,0.0,0.0,605.0,0.0,3.0,
GFS,2026-10-07 00:00,2026-10-08 15:00,30,인천,0,22.5,0.0,0.0,0.0,0.0,666.0,0.0,3.0,
GFS,2026-10-07 00:00,2026-10-08 18:00,33,인천,0,20.6,0.0,0.0,0.0,0.0,245.0,0.0,3.0,
GFS,2026-10-07 00:00,2026-10-08 21:00,36,인천,0,19.7,0.0,0.0,0.0,0.0,0.0,0.0,3.0,
GFS,2026-10-07 00:00,2026-10-09 00:00,39,인천,0,18.6,0.0,0.0,0.0,0.0,0.0,0.0,3.0,
GFS,2026-10-07 00:00,2026-10-09 03:00,42,인천,0,17.6,0.0,0.0,0.0,0.0,0.0,0.0,3.0,
GFS,2026-10-07 00:00,2026-10-09 06:00,45,인천,0,16.9,0.0,0.0,0.0,0.0,0.0,0.0,3.0,
GFS,2026-10-07 00:00,2026-10-09 09:00,48,인천,0,19.1,69.0,0.0,0.0,69.0,141.0,0.0,3.0,
GFS,2026-10-07 00:00,2026-10-09 12:00,51,인천,0,22.4,95.0,0.0,61.0,94.0,571.0,0.0,3.0,
GFS,2026-10-07 00:00,2026-10-09 15:00,54,인천,0,23.0,68.0,0.0,60.0,58.0,627.0,0.0,3.0,
GFS,2026-10-07 00:00,2026-10-09 18:00,57,인천,0,21.0,52.0,0.0,46.0,18.0,239.0,0.0,3.0,
GFS,2026-10-07 00:00,2026-10-09 21:00,60,인천,0,20.0,23.0,0.0,23.0,0.0,0.0,0.0,3.0,
GFS,2026-10-07 00:00,2026-10-10 00:00,63,인천,0,19.1,5.0,0.0,5.0,1.0,0.0,0.0,3.0,
GFS,2026-10-07 00:00,2026-10-10 03:00,66,인천,0,18.1,0.0,0.0,0.0,0.0,0.0,0.0,3.0,
GFS,2026-10-07 00:00,2026-10-10 06:00,69,인천,0,17.3,2.0,0.0,2.0,0.0,0.0,0.0,3.0,
GFS,2026-10-07 00:00,2026-10-10 09:00,72,인천,0,19.7,4.0,0.0,4.0,0.0,138.0,0.0,3.0,
GFS,2026-10-07 00:00,2026-10-10 12:00,75,인천,0,23.7,89.0,0.0,89.0,1.0,599.0,0.0,3.0,
GFS,2026-10-07 00:00,2026-10-10 15:00,78,인천,0,24.0,15.0,0.0,13.0,8.0,648.0,0.0,3.0,
GFS,2026-10-07 00:00,2026-10-10 18:00,81,인천,0,21.9,40.0,0.0,24.0,25.0,238.0,0.0,3.0,
GFS,2026-10-07 00:00,2026-10-10 21:00,84,인천,0,20.8,41.0,0.0,41.0,5.0,0.0,0.0,3.0,
GFS,2026-10-07 00:00,2026-10-11 00:00,87,인천,0,19.8,97.0,0.0,97.0,41.0,0.0,0.0,3.0,
GFS,2026-10-07 00:00,2026-10-11 03:00,90,인천,0,19.3,89.0,0.0,89.0,0.0,0.0,0.0,3.0,
GFS,2026-10-07 00:00,2026-10-11 06:00,93,인천,0,18.6,100.0,0.0,100.0,0.0,0.0,0.0,3.0,
GFS,2026-10-07 00:00,2026-10-11 09:00,96,인천,0,20.8,85.0,1.0,85.0,0.0,102.0,0.0,3.0,
GFS,2026-10-07 00:00,2026-10-11 12:00,99,인천,0,25.2,57.0,3.0,56.0,0.0,529.0,0.0,3.0,
GFS,2026-10-07 00:00,2026-10-11 15:00,102,인천,0,26.3,24.0,17.0,11.0,0.0,607.0,0.0,3.0,
GFS,2026-10-07 00:00,2026-10-11 18:00,105,인천,0,23.4,46.0,46.0,0.0,0.0,212.0,0.0,3.0,
GFS,2026-10-07 00:00,2026-10-11 21:00,108,인천,0,23.2,98.0,98.0,0.0,0.0,0.0,0.0,3.0,
GFS,2026-10-07 00:00,2026-10-12 00:00,111,인천,0,23.0,100.0,100.0,0.0,0.0,0.0,0.0,3.0,
GFS,2026-10-07 00:00,2026-10-12 03:00,114,인천,0,22.4,100.0,100.0,0.0,0.0,0.0,0.0,3.0,
GFS,2026-10-07 00:00,2026-10-12 06:00,117,인천,0,21.9,100.0,100.0,0.0,6.0,0.0,0.1,3.0,
GFS,2026-10-07 00:00,2026-10-12 09:00,120,인천,0,22.0,100.0,100.0,3.0,80.0,34.0,0.0,3.0,
GFS,2026-10-07 00:00,2026-10-12 21:00,132,인천,0,23.1,100.0,7.0,89.0,100.0,86.0,0.0,6.0,
GFS,2026-10-07 00:00,2026-10-13 09:00,144,인천,0,19.4,100.0,97.0,100.0,4.0,3.0,2.5,6.0,
GFS,2026-10-07 00:00,2026-10-13 21:00,156,인천,0,19.2,87.0,19.0,61.0,45.0,21.0,0.2,6.0,
GFS,2026-10-07 00:00,2026-10-14 09:00,168,인천,0,19.6,12.0,11.0,3.0,0.0,54.0,0.4,6.0,
GFS,2026-10-07 00:00,2026-10-14 21:00,180,인천,0,13.7,92.0,92.0,0.0,0.0,93.0,0.1,6.0,
GFS,2026-10-07 00:00,2026-10-15 09:00,192,인천,0,12.9,52.0,52.0,0.0,0.0,25.0,0.4,6.0,
GFS,2026-10-07 00:00,2026-10-15 21:00,204,인천,0,12.2,63.0,63.0,0.0,0.0,35.0,0.3,6.0,
GFS,2026-10-07 00:00,2026-10-16 09:00,216,인천,0,11.0,64.0,0.0,0.0,64.0,62.0,0.0,6.0,
GFS,2026-10-07 00:00,2026-10-16 21:00,228,인천,0,14.6,99.0,0.0,99.0,96.0,76.0,0.0,6.0,
GFS,2026-10-07 00:00,2026-10-17 09:00,240,인천,0,15.2,30.0,21.0,18.0,0.0,34.0,0.0,6.0,
GFS,2026-10-07 00:00,2026-10-07 09:00,0,수원,0,17.6,0.0,0.0,0.0,0.0,,,,
GFS,2026-10-07 00:00,2026-10-07 12:00,3,수원,0,22.1,0.0,0.0,0.0,0.0,618.0,0.0,3.0,
GFS,2026-10-07 00:00,2026-10-07 15:00,6,수원,0,22.4,0.0,0.0,0.0,0.0,679.0,0.0,3.0,
GFS,2026-10-07 00:00,2026-10-07 18:00,9,수원,0,19.6,0.0,0.0,0.0,0.0,250.0,0.0,3.0,
GFS,2026-10-07 00:00,2026-10-07 21:00,12,수원,0,18.1,0.0,0.0,0.0,0.0,0.0,0.0,3.0,
GFS,2026-10-07 00:00,2026-10-08 00:00,15,수원,0,16.7,0.0,0.0,0.0,0.0,0.0,0.0,3.0,
GFS,2026-10-07 00:00,2026-10-08 03:00,18,수원,0,15.4,0.0,0.0,0.0,0.0,0.0,0.0,3.0,
GFS,2026-10-07 00:00,2026-10-08 06:00,21,수원,0,14.6,0.0,0.0,0.0,0.0,0.0,0.0,3.0,
GFS,2026-10-07 00:00,2026-10-08 09:00,24,수원,0,17.7,0.0,0.0,0.0,0.0,145.0,0.0,3.0,
GFS,2026-10-07 00:00,2026-10-08 12:00,27,수원,0,22.6,0.0,0.0,0.0,0.0,608.0,0.0,3.0,
GFS,2026-10-07 00:00,2026-10-08 15:00,30,수원,0,23.9,0.0,0.0,0.0,0.0,667.0,0.0,3.0,
GFS,2026-10-07 00:00,2026-10-08 18:00,33,수원,0,20.6,0.0,0.0,0.0,0.0,242.0,0.0,3.0,
GFS,2026-10-07 00:00,2026-10-08 21:00,36,수원,0,18.9,0.0,0.0,0.0,0.0,0.0,0.0,3.0,
GFS,2026-10-07 00:00,2026-10-09 00:00,39,수원,0,17.7,0.0,0.0,0.0,0.0,0.0,0.0,3.0,
GFS,2026-10-07 00:00,2026-10-09 03:00,42,수원,0,16.6,0.0,0.0,0.0,0.0,0.0,0.0,3.0,
GFS,2026-10-07 00:00,2026-10-09 06:00,45,수원,0,15.7,0.0,0.0,0.0,0.0,0.0,0.0,3.0,
GFS,2026-10-07 00:00,2026-10-09 09:00,48,수원,0,18.6,43.0,0.0,0.0,43.0,142.0,0.0,3.0,
GFS,2026-10-07 00:00,2026-10-09 12:00,51,수원,0,22.9,75.0,0.0,28.0,72.0,566.0,0.0,3.0,
GFS,2026-10-07 00:00,2026-10-09 15:00,54,수원,0,23.8,67.0,0.0,30.0,63.0,575.0,0.0,3.0,
GFS,2026-10-07 00:00,2026-10-09 18:00,57,수원,0,20.7,85.0,0.0,85.0,8.0,199.0,0.0,3.0,
GFS,2026-10-07 00:00,2026-10-09 21:00,60,수원,0,19.1,84.0,0.0,56.0,41.0,0.0,0.0,3.0,
GFS,2026-10-07 00:00,2026-10-10 00:00,63,수원,0,17.7,6.0,0.0,6.0,0.0,0.0,0.0,3.0,
GFS,2026-10-07 00:00,2026-10-10 03:00,66,수원,0,16.7,0.0,0.0,0.0,0.0,0.0,0.0,3.0,
GFS,2026-10-07 00:00,2026-10-10 06:00,69,수원,0,16.0,2.0,0.0,2.0,0.0,0.0,0.0,3.0,
GFS,2026-10-07 00:00,2026-10-10 09:00,72,수원,0,19.2,2.0,0.0,2.0,0.0,141.0,0.0,3.0,
GFS,2026-10-07 00:00,2026-10-10 12:00,75,수원,0,24.4,25.0,0.0,25.0,0.0,607.0,0.0,3.0,
GFS,2026-10-07 00:00,2026-10-10 15:00,78,수원,0,25.3,25.0,0.0,25.0,1.0,659.0,0.0,3.0,
GFS,2026-10-07 00:00,2026-10-10 18:00,81,수원,0,22.0,26.0,0.0,2.0,26.0,234.0,0.0,3.0,
GFS,2026-10-07 00:00,2026-10-10 21:00,84,수원,0,20.3,14.0,0.0,13.0,6.0,0.0,0.0,3.0,
GFS,2026-10-07 00:00,2026-10-11 00:00,87,수원,0,19.5,89.0,1.0,89.0,19.0,0.0,0.0,3.0,
GFS,2026-10-07 00:00,2026-10-11 03:00,90,수원,0,18.9,79.0,9.0,77.0,0.0,0.0,0.0,3.0,
GFS,2026-10-07 00:00,2026-10-11 06:00,93,수원,0,18.3,94.0,31.0,91.0,0.0,0.0,0.0,3.0,
GFS,2026-10-07 00:00,2026-10-11 09:00,96,수원,0,21.2,89.0,36.0,82.0,0.0,117.0,0.0,3.0,
GFS,2026-10-07 00:00,2026-10-11 12:00,99,수원,0,25.2,75.0,45.0,40.0,0.0,514.0,0.2,3.0,
GFS,2026-10-07 00:00,2026-10-11 15:00,102,수원,0,23.2,62.0,59.0,14.0,0.0,336.0,0.9,3.0,
GFS,2026-10-07 00:00,2026-10-11 18:00,105,수원,0,22.2,87.0,87.0,3.0,0.0,79.0,0.1,3.0,
GFS,2026-10-07 00:00,2026-10-11 21:00,108,수원,0,21.7,91.0,91.0,0.0,0.0,0.0,0.0,3.0,
GFS,2026-10-07 00:00,2026-10-12 00:00,111,수원,0,21.3,89.0,89.0,0.0,0.0,0.0,0.0,3.0,
GFS,2026-10-07 00:00,2026-10-12 03:00,114,수원,0,20.8,97.0,97.0,0.0,0.0,0.0,0.0,3.0,
GFS,2026-10-07 00:00,2026-10-12 06:00,117,수원,0,20.3,98.0,98.0,0.0,4.0,0.0,0.1,3.0,
GFS,2026-10-07 00:00,2026-10-12 09:00,120,수원,0,20.8,98.0,98.0,3.0,17.0,28.0,0.0,3.0,
GFS,2026-10-07 00:00,2026-10-12 21:00,132,수원,0,21.7,97.0,15.0,85.0,89.0,65.0,0.7,6.0,
GFS,2026-10-07 00:00,2026-10-13 09:00,144,수원,0,19.4,100.0,83.0,100.0,4.0,6.0,1.9,6.0,
GFS,2026-10-07 00:00,2026-10-13 21:00,156,수원,0,18.6,93.0,60.0,83.0,8.0,44.0,0.4,6.0,
GFS,2026-10-07 00:00,2026-10-14 09:00,168,수원,0,18.6,42.0,42.0,2.0,0.0,58.0,0.1,6.0,
GFS,2026-10-07 00:00,2026-10-14 21:00,180,수원,0,13.5,86.0,86.0,0.0,0.0,65.0,0.1,6.0,
GFS,2026-10-07 00:00,2026-10-15 09:00,192,수원,0,12.5,82.0,82.0,0.0,0.0,13.0,0.9,6.0,
GFS,2026-10-07 00:00,2026-10-15 21:00,204,수원,0,11.9,64.0,64.0,0.0,0.0,33.0,0.4,6.0,
GFS,2026-10-07 00:00,2026-10-16 09:00,216,수원,0,10.8,9.0,1.0,0.0,9.0,63.0,0.0,6.0,
GFS,2026-10-07 00:00,2026-10-16 21:00,228,수원,0,14.7,99.0,0.0,90.0,93.0,85.0,0.0,6.0,
GFS,2026-10-07 00:00,2026-10-17 09:00,240,수원,0,14.2,70.0,42.0,67.0,42.0,26.0,0.0,6.0,
GFS,2026-10-07 00:00,2026-10-07 09:00,0,전주,0,17.4,0.0,0.0,0.0,0.0,,,,
GFS,2026-10-07 00:00,2026-10-07 12:00,3,전주,0,21.6,0.0,0.0,0.0,0.0,631.0,0.0,3.0,
GFS,2026-10-07 00:00,2026-10-07 15:00,6,전주,0,22.1,0.0,0.0,0.0,0.0,695.0,0.0,3.0,
GFS,2026-10-07 00:00,2026-10-07 18:00,9,전주,0,15.9,0.0,0.0,0.0,0.0,255.0,0.0,3.0,
GFS,2026-10-07 00:00,2026-10-07 21:00,12,전주,0,13.5,0.0,0.0,0.0,0.0,0.0,0.0,3.0,
GFS,2026-10-07 00:00,2026-10-08 00:00,15,전주,0,12.3,0.0,0.0,0.0,0.0,0.0,0.0,3.0,
GFS,2026-10-07 00:00,2026-10-08 03:00,18,전주,0,11.6,0.0,0.0,0.0,0.0,0.0,0.0,3.0,
GFS,2026-10-07 00:00,2026-10-08 06:00,21,전주,0,11.1,0.0,0.0,0.0,0.0,0.0,0.0,3.0,
GFS,2026-10-07 00:00,2026-10-08 09:00,24,전주,0,17.1,0.0,0.0,0.0,0.0,153.0,0.0,3.0,
GFS,2026-10-07 00:00,2026-10-08 12:00,27,전주,0,22.1,0.0,0.0,0.0,0.0,635.0,0.0,3.0,
GFS,2026-10-07 00:00,2026-10-08 15:00,30,전주,0,23.1,0.0,0.0,0.0,0.0,696.0,0.0,3.0,
GFS,2026-10-07 00:00,2026-10-08 18:00,33,전주,0,15.9,0.0,0.0,0.0,0.0,256.0,0.0,3.0,
GFS,2026-10-07 00:00,2026-10-08 21:00,36,전주,0,13.7,0.0,0.0,0.0,0.0,0.0,0.0,3.0,
GFS,2026-10-07 00:00,2026-10-09 00:00,39,전주,0,13.2,0.0,0.0,0.0,0.0,0.0,0.0,3.0,
GFS,2026-10-07 00:00,2026-10-09 03:00,42,전주,0,12.3,1.0,0.0,0.0,1.0,0.0,0.0,3.0,
GFS,2026-10-07 00:00,2026-10-09 06:00,45,전주,0,11.7,57.0,0.0,13.0,57.0,0.0,0.0,3.0,
GFS,2026-10-07 00:00,2026-10-09 09:00,48,전주,0,17.3,99.0,0.0,57.0,99.0,128.0,0.0,3.0,
GFS,2026-10-07 00:00,2026-10-09 12:00,51,전주,0,22.1,76.0,0.0,51.0,46.0,541.0,0.0,3.0,
GFS,2026-10-07 00:00,2026-10-09 15:00,54,전주,0,23.8,88.0,0.0,34.0,88.0,678.0,0.0,3.0,
GFS,2026-10-07 00:00,2026-10-09 18:00,57,전주,0,15.9,37.0,0.0,37.0,6.0,229.0,0.0,3.0,
GFS,2026-10-07 00:00,2026-10-09 21:00,60,전주,0,14.5,66.0,0.0,48.0,43.0,0.0,0.0,3.0,
GFS,2026-10-07 00:00,2026-10-10 00:00,63,전주,0,14.1,92.0,0.0,37.0,66.0,0.0,0.0,3.0,
GFS,2026-10-07 00:00,2026-10-10 03:00,66,전주,0,13.6,66.0,0.0,23.0,61.0,0.0,0.0,3.0,
GFS,2026-10-07 00:00,2026-10-10 06:00,69,전주,0,13.3,35.0,31.0,23.0,2.0,0.0,0.0,3.0,
GFS,2026-10-07 00:00,2026-10-10 09:00,72,전주,0,18.7,52.0,51.0,4.0,0.0,108.0,0.0,3.0,
GFS,2026-10-07 00:00,2026-10-10 12:00,75,전주,0,24.0,43.0,10.0,35.0,0.0,461.0,0.0,3.0,
GFS,2026-10-07 00:00,2026-10-10 15:00,78,전주,0,25.4,32.0,3.0,31.0,0.0,634.0,0.0,3.0,
GFS,2026-10-07 00:00,2026-10-10 18:00,81,전주,0,17.7,41.0,40.0,15.0,0.0,225.0,0.0,3.0,
GFS,2026-10-07 00:00,2026-10-10 21:00,84,전주,0,17.3,75.0,9.0,71.0,0.0,0.0,0.0,3.0,
GFS,2026-10-07 00:00,2026-10-11 00:00,87,전주,0,16.6,55.0,28.0,37.0,0.0,0.0,0.0,3.0,
GFS,2026-10-07 00:00,2026-10-11 03:00,90,전주,0,17.9,95.0,90.0,51.0,0.0,0.0,0.3,3.0,
GFS,2026-10-07 00:00,2026-10-11 06:00,93,전주,0,17.7,82.0,67.0,57.0,0.0,0.0,0.4,3.0,
GFS,2026-10-07 00:00,2026-10-11 09:00,96,전주,0,19.6,86.0,86.0,2.0,0.0,44.0,0.6,3.0,
GFS,2026-10-07 00:00,2026-10-11 12:00,99,전주,0,22.5,69.0,69.0,3.0,0.0,241.0,0.0,3.0,
GFS,2026-10-07 00:00,2026-10-11 15:00,102,전주,0,24.0,42.0,40.0,6.0,0.0,354.0,1.0,3.0,
GFS,2026-10-07 00:00,2026-10-11 18:00,105,전주,0,20.9,25.0,25.0,1.0,0.0,189.0,1.1,3.0,
GFS,2026-10-07 00:00,2026-10-11 21:00,108,전주,0,18.8,7.0,7.0,0.0,0.0,0.0,0.0,3.0,
GFS,2026-10-07 00:00,2026-10-12 00:00,111,전주,0,18.2,34.0,34.0,0.0,0.0,0.0,0.0,3.0,
GFS,2026-10-07 00:00,2026-10-12 03:00,114,전주,0,18.6,81.0,81.0,0.0,0.0,0.0,0.0,3.0,
GFS,2026-10-07 00:00,2026-10-12 06:00,117,전주,0,18.9,99.0,99.0,0.0,0.0,0.0,0.0,3.0,
GFS,2026-10-07 00:00,2026-10-12 09:00,120,전주,0,20.5,79.0,79.0,0.0,1.0,31.0,0.0,3.0,
GFS,2026-10-07 00:00,2026-10-12 21:00,132,전주,0,20.2,91.0,86.0,28.0,55.0,62.0,2.0,6.0,
GFS,2026-10-07 00:00,2026-10-13 09:00,144,전주,0,21.4,69.0,43.0,62.0,0.0,58.0,0.6,6.0,
GFS,2026-10-07 00:00,2026-10-13 21:00,156,전주,0,18.4,86.0,34.0,86.0,0.0,79.0,0.9,6.0,
GFS,2026-10-07 00:00,2026-10-14 09:00,168,전주,0,19.8,5.0,5.0,0.0,0.0,62.0,0.4,6.0,
GFS,2026-10-07 00:00,2026-10-14 21:00,180,전주,0,12.5,50.0,50.0,0.0,0.0,8.0,0.6,6.0,
GFS,2026-10-07 00:00,2026-10-15 09:00,192,전주,0,12.9,86.0,86.0,0.0,0.0,23.0,1.1,6.0,
GFS,2026-10-07 00:00,2026-10-15 21:00,204,전주,0,12.4,96.0,96.0,0.0,0.0,60.0,1.2,6.0,
GFS,2026-10-07 00:00,2026-10-16 09:00,216,전주,0,14.2,96.0,84.0,0.0,49.0,32.0,0.1,6.0,
GFS,2026-10-07 00:00,2026-10-16 21:00,228,전주,0,11.0,100.0,0.0,28.0,100.0,94.0,0.0,6.0,
GFS,2026-10-07 00:00,2026-10-17 09:00,240,전주,0,13.5,84.0,35.0,84.0,18.0,38.0,0.0,6.0,
GFS,2026-10-07 00:00,2026-10-07 09:00,0,강릉,0,17.6,0.0,0.0,0.0,0.0,,,,
GFS,2026-10-07 00:00,2026-10-07 12:00,3,강릉,0,18.5,0.0,0.0,0.0,0.0,619.0,0.0,3.0,
GFS,2026-10-07 00:00,2026-10-07 15:00,6,강릉,0,19.2,1.0,1.0,0.0,0.0,657.0,0.0,3.0,
GFS,2026-10-07 00:00,2026-10-07 18:00,9,강릉,0,17.7,0.0,0.0,0.0,0.0,220.0,0.0,3.0,
GFS,2026-10-07 00:00,2026-10-07 21:00,12,강릉,0,15.9,0.0,0.0,0.0,0.0,0.0,0.0,3.0,
GFS,2026-10-07 00:00,2026-10-08 00:00,15,강릉,0,15.5,0.0,0.0,0.0,0.0,0.0,0.0,3.0,
GFS,2026-10-07 00:00,2026-10-08 03:00,18,강릉,0,15.1,0.0,0.0,0.0,0.0,0.0,0.0,3.0,
GFS,2026-10-07 00:00,2026-10-08 06:00,21,강릉,0,14.8,0.0,0.0,0.0,0.0,0.0,0.0,3.0,
GFS,2026-10-07 00:00,2026-10-08 09:00,24,강릉,0,18.1,0.0,0.0,0.0,0.0,165.0,0.0,3.0,
GFS,2026-10-07 00:00,2026-10-08 12:00,27,강릉,0,19.3,0.0,0.0,0.0,0.0,626.0,0.0,3.0,
GFS,2026-10-07 00:00,2026-10-08 15:00,30,강릉,0,20.0,0.0,0.0,0.0,0.0,656.0,0.0,3.0,
GFS,2026-10-07 00:00,2026-10-08 18:00,33,강릉,0,18.4,0.0,0.0,0.0,0.0,218.0,0.0,3.0,
GFS,2026-10-07 00:00,2026-10-08 21:00,36,강릉,0,17.4,0.0,0.0,0.0,0.0,0.0,0.0,3.0,
GFS,2026-10-07 00:00,2026-10-09 00:00,39,강릉,0,16.9,0.0,0.0,0.0,0.0,0.0,0.0,3.0,
GFS,2026-10-07 00:00,2026-10-09 03:00,42,강릉,0,16.6,0.0,0.0,0.0,0.0,0.0,0.0,3.0,
GFS,2026-10-07 00:00,2026-10-09 06:00,45,강릉,0,16.4,0.0,0.0,0.0,0.0,0.0,0.0,3.0,
GFS,2026-10-07 00:00,2026-10-09 09:00,48,강릉,0,19.2,0.0,0.0,0.0,0.0,160.0,0.0,3.0,
GFS,2026-10-07 00:00,2026-10-09 12:00,51,강릉,0,19.7,0.0,0.0,0.0,0.0,617.0,0.0,3.0,
GFS,2026-10-07 00:00,2026-10-09 15:00,54,강릉,0,19.4,95.0,0.0,4.0,95.0,641.0,0.0,3.0,
GFS,2026-10-07 00:00,2026-10-09 18:00,57,강릉,0,18.5,84.0,0.0,21.0,84.0,180.0,0.0,3.0,
GFS,2026-10-07 00:00,2026-10-09 21:00,60,강릉,0,18.2,80.0,0.0,79.0,36.0,0.0,0.0,3.0,
GFS,2026-10-07 00:00,2026-10-10 00:00,63,강릉,0,17.5,63.0,0.0,63.0,3.0,0.0,0.0,3.0,
GFS,2026-10-07 00:00,2026-10-10 03:00,66,강릉,0,17.0,3.0,0.0,3.0,0.0,0.0,0.0,3.0,
GFS,2026-10-07 00:00,2026-10-10 06:00,69,강릉,0,17.1,0.0,0.0,0.0,0.0,0.0,0.0,3.0,
GFS,2026-10-07 00:00,2026-10-10 09:00,72,강릉,0,19.5,0.0,0.0,0.0,0.0,157.0,0.0,3.0,
GFS,2026-10-07 00:00,2026-10-10 12:00,75,강릉,0,20.3,1.0,0.0,1.0,0.0,614.0,0.0,3.0,
GFS,2026-10-07 00:00,2026-10-10 15:00,78,강릉,0,20.1,4.0,0.0,4.0,0.0,642.0,0.0,3.0,
GFS,2026-10-07 00:00,2026-10-10 18:00,81,강릉,0,19.0,45.0,0.0,45.0,4.0,206.0,0.0,3.0,
GFS,2026-10-07 00:00,2026-10-10 21:00,84,강릉,0,18.0,54.0,0.0,31.0,37.0,0.0,0.0,3.0,
GFS,2026-10-07 00:00,2026-10-11 00:00,87,강릉,0,18.0,10.0,0.0,5.0,7.0,0.0,0.0,3.0,
GFS,2026-10-07 00:00,2026-10-11 03:00,90,강릉,0,18.2,38.0,0.0,31.0,23.0,0.0,0.0,3.0,
GFS,2026-10-07 00:00,2026-10-11 06:00,93,강릉,0,18.0,83.0,1.0,83.0,0.0,0.0,0.0,3.0,
GFS,2026-10-07 00:00,2026-10-11 09:00,96,강릉,0,19.3,57.0,0.0,57.0,0.0,127.0,0.0,3.0,
GFS,2026-10-07 00:00,2026-10-11 12:00,99,강릉,0,19.9,16.0,4.0,14.0,0.0,567.0,0.0,3.0,
GFS,2026-10-07 00:00,2026-10-11 15:00,102,강릉,0,19.8,24.0,17.0,8.0,0.0,605.0,0.0,3.0,
GFS,2026-10-07 00:00,2026-10-11 18:00,105,강릉,0,18.6,22.0,19.0,5.0,0.0,191.0,0.0,3.0,
GFS,2026-10-07 00:00,2026-10-11 21:00,108,강릉,0,18.2,9.0,9.0,0.0,0.0,0.0,0.0,3.0,
GFS,2026-10-07 00:00,2026-10-12 00:00,111,강릉,0,17.8,18.0,18.0,0.0,0.0,0.0,0.0,3.0,
GFS,2026-10-07 00:00,2026-10-12 03:00,114,강릉,0,17.9,37.0,37.0,0.0,0.0,0.0,0.0,3.0,
GFS,2026-10-07 00:00,2026-10-12 06:00,117,강릉,0,18.1,56.0,56.0,0.0,0.0,0.0,0.0,3.0,
GFS,2026-10-07 00:00,2026-10-12 09:00,120,강릉,0,18.8,66.0,66.0,1.0,5.0,116.0,0.0,3.0,
GFS,2026-10-07 00:00,2026-10-12 21:00,132,강릉,0,18.1,100.0,29.0,60.0,100.0,81.0,0.4,6.0,
GFS,2026-10-07 00:00,2026-10-13 09:00,144,강릉,0,19.1,91.0,61.0,88.0,59.0,41.0,0.1,6.0,
GFS,2026-10-07 00:00,2026-10-13 21:00,156,강릉,0,17.5,94.0,93.0,89.0,0.0,6.0,0.8,6.0,
GFS,2026-10-07 00:00,2026-10-14 09:00,168,강릉,0,17.5,47.0,47.0,2.0,0.0,20.0,0.2,6.0,
GFS,2026-10-07 00:00,2026-10-14 21:00,180,강릉,0,12.4,8.0,8.0,0.0,0.0,73.0,0.1,6.0,
GFS,2026-10-07 00:00,2026-10-15 09:00,192,강릉,0,12.4,6.0,6.0,0.0,0.0,74.0,0.0,6.0,
GFS,2026-10-07 00:00,2026-10-15 21:00,204,강릉,0,10.8,13.0,13.0,0.0,0.0,92.0,0.0,6.0,
GFS,2026-10-07 00:00,2026-10-16 09:00,216,강릉,0,11.0,0.0,0.0,0.0,0.0,72.0,0.0,6.0,
GFS,2026-10-07 00:00,2026-10-16 21:00,228,강릉,0,13.2,85.0,0.0,5.0,85.0,91.0,0.0,6.0,
GFS,2026-10-07 00:00,2026-10-17 09:00,240,강릉,0,14.4,100.0,81.0,100.0,100.0,14.0,0.0,6.0,
GFS,2026-10-07 00:00,2026-10-07 09:00,0,제주,0,18.3,0.0,0.0,0.0,0.0,,,,
GFS,2026-10-07 00:00,2026-10-07 12:00,3,제주,0,19.6,0.0,0.0,0.0,0.0,691.0,0.0,3.0,
GFS,2026-10-07 00:00,2026-10-07 15:00,6,제주,0,19.6,0.0,0.0,0.0,0.0,761.0,0.0,3.0,
GFS,2026-10-07 00:00,2026-10-07 18:00,9,제주,0,18.6,0.0,0.0,0.0,0.0,302.0,0.0,3.0,
GFS,2026-10-07 00:00,2026-10-07 21:00,12,제주,0,17.7,0.0,0.0,0.0,0.0,0.0,0.0,3.0,
GFS,2026-10-07 00:00,2026-10-08 00:00,15,제주,0,17.2,0.0,0.0,0.0,0.0,0.0,0.0,3.0,
GFS,2026-10-07 00:00,2026-10-08 03:00,18,제주,0,16.7,0.0,0.0,0.0,0.0,0.0,0.0,3.0,
GFS,2026-10-07 00:00,2026-10-08 06:00,21,제주,0,16.4,0.0,0.0,0.0,0.0,0.0,0.0,3.0,
GFS,2026-10-07 00:00,2026-10-08 09:00,24,제주,0,19.1,0.0,0.0,0.0,0.0,170.0,0.0,3.0,
GFS,2026-10-07 00:00,2026-10-08 12:00,27,제주,0,21.3,0.0,0.0,0.0,0.0,681.0,0.0,3.0,
GFS,2026-10-07 00:00,2026-10-08 15:00,30,제주,0,21.4,3.0,3.0,0.0,0.0,745.0,0.0,3.0,
GFS,2026-10-07 00:00,2026-10-08 18:00,33,제주,0,19.4,12.0,10.0,0.0,3.0,285.0,0.0,3.0,
GFS,2026-10-07 00:00,2026-10-08 21:00,36,제주,0,18.1,22.0,0.0,0.0,22.0,0.0,0.0,3.0,
GFS,2026-10-07 00:00,2026-10-09 00:00,39,제주,0,17.7,5.0,0.0,0.0,5.0,0.0,0.0,3.0,
GFS,2026-10-07 00:00,2026-10-09 03:00,42,제주,0,17.5,7.0,0.0,7.0,0.0,0.0,0.0,3.0,
GFS,2026-10-07 00:00,2026-10-09 06:00,45,제주,0,17.5,93.0,0.0,76.0,56.0,0.0,0.0,3.0,
GFS,2026-10-07 00:00,2026-10-09 09:00,48,제주,0,19.6,42.0,1.0,42.0,0.0,153.0,0.0,3.0,
GFS,2026-10-07 00:00,2026-10-09 12:00,51,제주,0,21.6,37.0,0.0,37.0,0.0,659.0,0.0,3.0,
GFS,2026-10-07 00:00,2026-10-09 15:00,54,제주,0,21.2,78.0,1.0,78.0,0.0,726.0,0.0,3.0,
GFS,2026-10-07 00:00,2026-10-09 18:00,57,제주,0,19.3,98.0,2.0,98.0,34.0,258.0,0.0,3.0,
GFS,2026-10-07 00:00,2026-10-09 21:00,60,제주,0,18.7,76.0,0.0,76.0,0.0,0.0,0.0,3.0,
GFS,2026-10-07 00:00,2026-10-10 00:00,63,제주,0,18.4,64.0,0.0,63.0,23.0,0.0,0.0,3.0,
GFS,2026-10-07 00:00,2026-10-10 03:00,66,제주,0,18.7,78.0,3.0,78.0,0.0,0.0,0.0,3.0,
GFS,2026-10-07 00:00,2026-10-10 06:00,69,제주,0,18.6,67.0,3.0,66.0,0.0,0.0,0.0,3.0,
GFS,2026-10-07 00:00,2026-10-10 09:00,72,제주,0,19.9,66.0,23.0,59.0,0.0,136.0,0.0,3.0,
GFS,2026-10-07 00:00,2026-10-10 12:00,75,제주,0,21.9,46.0,26.0,40.0,0.0,618.0,0.0,3.0,
GFS,2026-10-07 00:00,2026-10-10 15:00,78,제주,0,22.2,43.0,10.0,42.0,0.0,592.0,0.1,3.0,
GFS,2026-10-07 00:00,2026-10-10 18:00,81,제주,0,21.0,37.0,7.0,36.0,0.0,235.0,0.0,3.0,
GFS,2026-10-07 00:00,2026-10-10 21:00,84,제주,0,20.8,45.0,3.0,44.0,0.0,0.0,0.1,3.0,
GFS,2026-10-07 00:00,2026-10-11 00:00,87,제주,0,20.6,6.0,0.0,6.0,0.0,0.0,0.1,3.0,
GFS,2026-10-07 00:00,2026-10-11 03:00,90,제주,0,20.1,2.0,1.0,1.0,0.0,0.0,0.1,3.0,
GFS,2026-10-07 00:00,2026-10-11 06:00,93,제주,0,19.7,11.0,11.0,0.0,0.0,0.0,0.0,3.0,
GFS,2026-10-07 00:00,2026-10-11 09:00,96,제주,0,21.7,1.0,1.0,0.0,0.0,138.0,0.0,3.0,
GFS,2026-10-07 00:00,2026-10-11 12:00,99,제주,0,23.8,2.0,2.0,0.0,0.0,642.0,0.0,3.0,
GFS,2026-10-07 00:00,2026-10-11 15:00,102,제주,0,22.3,16.0,16.0,0.0,0.0,611.0,0.1,3.0,
GFS,2026-10-07 00:00,2026-10-11 18:00,105,제주,0,22.3,9.0,9.0,0.0,0.0,165.0,0.1,3.0,
GFS,2026-10-07 00:00,2026-10-11 21:00,108,제주,0,21.5,1.0,1.0,0.0,0.0,0.0,0.1,3.0,
GFS,2026-10-07 00:00,2026-10-12 00:00,111,제주,0,20.6,5.0,5.0,0.0,0.0,0.0,0.0,3.0,
GFS,2026-10-07 00:00,2026-10-12 03:00,114,제주,0,20.3,0.0,0.0,0.0,0.0,0.0,0.1,3.0,
GFS,2026-10-07 00:00,2026-10-12 06:00,117,제주,0,19.9,0.0,0.0,0.0,0.0,0.0,0.0,3.0,
GFS,2026-10-07 00:00,2026-10-12 09:00,120,제주,0,22.1,0.0,0.0,0.0,0.0,151.0,0.0,3.0,
GFS,2026-10-07 00:00,2026-10-12 21:00,132,제주,0,21.3,46.0,42.0,16.0,0.0,113.0,0.6,6.0,
GFS,2026-10-07 00:00,2026-10-13 09:00,144,제주,0,21.9,36.0,2.0,36.0,0.0,64.0,0.2,6.0,
GFS,2026-10-07 00:00,2026-10-13 21:00,156,제주,0,19.9,68.0,5.0,67.0,0.0,109.0,0.0,6.0,
GFS,2026-10-07 00:00,2026-10-14 09:00,168,제주,0,20.3,1.0,0.0,1.0,0.0,64.0,0.3,6.0,
GFS,2026-10-07 00:00,2026-10-14 21:00,180,제주,0,16.2,87.0,87.0,0.0,0.0,115.0,1.8,6.0,
GFS,2026-10-07 00:00,2026-10-15 09:00,192,제주,0,15.8,12.0,12.0,0.0,0.0,64.0,0.0,6.0,
GFS,2026-10-07 00:00,2026-10-15 21:00,204,제주,0,15.2,71.0,71.0,0.0,0.0,103.0,0.1,6.0,
GFS,2026-10-07 00:00,2026-10-16 09:00,216,제주,0,15.7,78.0,46.0,6.0,70.0,35.0,0.1,6.0,
GFS,2026-10-07 00:00,2026-10-16 21:00,228,제주,0,15.0,35.0,0.0,0.0,35.0,117.0,0.0,6.0,
GFS,2026-10-07 00:00,2026-10-17 09:00,240,제주,0,16.2,31.0,17.0,19.0,0.0,73.0,0.0,6.0,
GFS,2026-10-07 00:00,2026-10-07 09:00,0,나주,0,17.0,0.0,0.0,0.0,0.0,,,,
GFS,2026-10-07 00:00,2026-10-07 12:00,3,나주,0,22.4,0.0,0.0,0.0,0.0,651.0,0.0,3.0,
GFS,2026-10-07 00:00,2026-10-07 15:00,6,나주,0,22.7,0.0,0.0,0.0,0.0,715.0,0.0,3.0,
GFS,2026-10-07 00:00,2026-10-07 18:00,9,나주,0,16.7,0.0,0.0,0.0,0.0,276.0,0.0,3.0,
GFS,2026-10-07 00:00,2026-10-07 21:00,12,나주,0,13.3,0.0,0.0,0.0,0.0,0.0,0.0,3.0,
GFS,2026-10-07 00:00,2026-10-08 00:00,15,나주,0,12.2,0.0,0.0,0.0,0.0,0.0,0.0,3.0,
GFS,2026-10-07 00:00,2026-10-08 03:00,18,나주,0,11.5,0.0,0.0,0.0,0.0,0.0,0.0,3.0,
GFS,2026-10-07 00:00,2026-10-08 06:00,21,나주,0,11.2,0.0,0.0,0.0,0.0,0.0,0.0,3.0,
GFS,2026-10-07 00:00,2026-10-08 09:00,24,나주,0,17.4,0.0,0.0,0.0,0.0,160.0,0.0,3.0,
GFS,2026-10-07 00:00,2026-10-08 12:00,27,나주,0,23.4,0.0,0.0,0.0,0.0,653.0,0.0,3.0,
GFS,2026-10-07 00:00,2026-10-08 15:00,30,나주,0,24.2,0.0,0.0,0.0,0.0,717.0,0.0,3.0,
GFS,2026-10-07 00:00,2026-10-08 18:00,33,나주,0,17.3,0.0,0.0,0.0,0.0,272.0,0.0,3.0,
GFS,2026-10-07 00:00,2026-10-08 21:00,36,나주,0,14.5,0.0,0.0,0.0,0.0,0.0,0.0,3.0,
GFS,2026-10-07 00:00,2026-10-09 00:00,39,나주,0,13.2,0.0,0.0,0.0,0.0,0.0,0.0,3.0,
GFS,2026-10-07 00:00,2026-10-09 03:00,42,나주,0,12.3,44.0,0.0,5.0,41.0,0.0,0.0,3.0,
GFS,2026-10-07 00:00,2026-10-09 06:00,45,나주,0,12.0,32.0,0.0,12.0,32.0,0.0,0.0,3.0,
GFS,2026-10-07 00:00,2026-10-09 09:00,48,나주,0,18.0,37.0,0.0,8.0,37.0,157.0,0.0,3.0,
GFS,2026-10-07 00:00,2026-10-09 12:00,51,나주,0,23.5,73.0,0.0,73.0,40.0,639.0,0.0,3.0,
GFS,2026-10-07 00:00,2026-10-09 15:00,54,나주,0,24.2,94.0,0.0,93.0,62.0,635.0,0.0,3.0,
GFS,2026-10-07 00:00,2026-10-09 18:00,57,나주,0,17.4,74.0,0.0,74.0,0.0,215.0,0.0,3.0,
GFS,2026-10-07 00:00,2026-10-09 21:00,60,나주,0,14.9,67.0,0.0,67.0,6.0,0.0,0.0,3.0,
GFS,2026-10-07 00:00,2026-10-10 00:00,63,나주,0,14.4,100.0,0.0,70.0,100.0,0.0,0.0,3.0,
GFS,2026-10-07 00:00,2026-10-10 03:00,66,나주,0,14.0,64.0,0.0,64.0,18.0,0.0,0.0,3.0,
GFS,2026-10-07 00:00,2026-10-10 06:00,69,나주,0,13.9,75.0,75.0,12.0,0.0,0.0,0.0,3.0,
GFS,2026-10-07 00:00,2026-10-10 09:00,72,나주,0,17.3,96.0,96.0,12.0,0.0,24.0,0.0,3.0,
GFS,2026-10-07 00:00,2026-10-10 12:00,75,나주,0,23.1,53.0,38.0,28.0,0.0,331.0,0.0,3.0,
GFS,2026-10-07 00:00,2026-10-10 15:00,78,나주,0,26.0,34.0,20.0,19.0,0.0,595.0,0.0,3.0,
GFS,2026-10-07 00:00,2026-10-10 18:00,81,나주,0,20.9,62.0,53.0,48.0,0.0,221.0,0.0,3.0,
GFS,2026-10-07 00:00,2026-10-10 21:00,84,나주,0,18.4,73.0,45.0,41.0,0.0,0.0,0.0,3.0,
GFS,2026-10-07 00:00,2026-10-11 00:00,87,나주,0,18.7,84.0,77.0,37.0,0.0,0.0,0.0,3.0,
GFS,2026-10-07 00:00,2026-10-11 03:00,90,나주,0,17.7,67.0,59.0,30.0,0.0,0.0,0.1,3.0,
GFS,2026-10-07 00:00,2026-10-11 06:00,93,나주,0,18.3,82.0,82.0,5.0,0.0,0.0,0.5,3.0,
GFS,2026-10-07 00:00,2026-10-11 09:00,96,나주,0,21.9,71.0,71.0,1.0,0.0,85.0,0.1,3.0,
GFS,2026-10-07 00:00,2026-10-11 12:00,99,나주,0,24.8,73.0,73.0,3.0,0.0,494.0,1.4,3.0,
GFS,2026-10-07 00:00,2026-10-11 15:00,102,나주,0,23.7,67.0,67.0,1.0,0.0,369.0,1.8,3.0,
GFS,2026-10-07 00:00,2026-10-11 18:00,105,나주,0,20.6,60.0,60.0,1.0,0.0,186.0,1.3,3.0,
GFS,2026-10-07 00:00,2026-10-11 21:00,108,나주,0,20.3,84.0,84.0,0.0,0.0,0.0,0.1,3.0,
GFS,2026-10-07 00:00,2026-10-12 00:00,111,나주,0,20.0,95.0,95.0,0.0,0.0,0.0,0.1,3.0,
GFS,2026-10-07 00:00,2026-10-12 03:00,114,나주,0,19.9,97.0,97.0,0.0,0.0,0.0,0.0,3.0,
GFS,2026-10-07 00:00,2026-10-12 06:00,117,나주,0,19.7,87.0,87.0,0.0,0.0,0.0,0.1,3.0,
GFS,2026-10-07 00:00,2026-10-12 09:00,120,나주,0,22.5,31.0,31.0,0.0,0.0,114.0,0.1,3.0,
GFS,2026-10-07 00:00,2026-10-12 21:00,132,나주,0,19.0,37.0,28.0,4.0,17.0,56.0,0.4,6.0,
GFS,2026-10-07 00:00,2026-10-13 09:00,144,나주,0,22.0,46.0,25.0,40.0,1.0,59.0,0.2,6.0,
GFS,2026-10-07 00:00,2026-10-13 21:00,156,나주,0,17.4,93.0,14.0,93.0,0.0,102.0,0.2,6.0,
GFS,2026-10-07 00:00,2026-10-14 09:00,168,나주,0,20.7,0.0,0.0,0.0,0.0,62.0,0.0,6.0,
GFS,2026-10-07 00:00,2026-10-14 21:00,180,나주,0,14.3,54.0,54.0,0.0,0.0,54.0,0.7,6.0,
GFS,2026-10-07 00:00,2026-10-15 09:00,192,나주,0,15.9,60.0,60.0,0.0,0.0,67.0,0.6,6.0,
GFS,2026-10-07 00:00,2026-10-15 21:00,204,나주,0,13.2,46.0,46.0,0.0,0.0,107.0,0.7,6.0,
GFS,2026-10-07 00:00,2026-10-16 09:00,216,나주,0,15.7,95.0,85.0,0.0,74.0,32.0,0.0,6.0,
GFS,2026-10-07 00:00,2026-10-16 21:00,228,나주,0,10.9,66.0,0.0,0.0,66.0,108.0,0.0,6.0,
GFS,2026-10-07 00:00,2026-10-17 09:00,240,나주,0,13.7,52.0,7.0,52.0,1.0,54.0,0.0,6.0,
KIM,2026-10-07 00:00,2026-10-07 09:00,0,서울,1,14.5,0.0,0.0,0.0,0.0,,,,NE57_nc
KIM,2026-10-07 00:00,2026-10-07 12:00,3,서울,1,19.9,0.0,0.0,0.0,0.0,614.0,0.0,3.0,NE57_nc
KIM,2026-10-07 00:00,2026-10-07 15:00,6,서울,1,20.9,0.0,0.0,0.0,0.0,667.0,0.0,3.0,NE57_nc
KIM,2026-10-07 00:00,2026-10-07 18:00,9,서울,1,16.6,0.0,0.0,0.0,0.0,233.0,0.0,3.0,NE57_nc
KIM,2026-10-07 00:00,2026-10-07 21:00,12,서울,1,13.6,0.0,0.0,0.0,0.0,0.0,0.0,3.0,NE57_nc
KIM,2026-10-07 00:00,2026-10-08 00:00,15,서울,1,12.5,0.0,0.0,0.0,0.0,0.0,0.0,3.0,NE57_nc
KIM,2026-10-07 00:00,2026-10-08 03:00,18,서울,1,10.9,0.0,0.0,0.0,0.0,-0.0,0.0,3.0,NE57_nc
KIM,2026-10-07 00:00,2026-10-08 06:00,21,서울,1,10.0,0.0,0.0,0.0,0.0,0.0,0.0,3.0,NE57_nc
KIM,2026-10-07 00:00,2026-10-08 09:00,24,서울,1,15.7,0.0,0.0,0.0,0.0,136.0,0.0,3.0,NE57_nc
KIM,2026-10-07 00:00,2026-10-08 12:00,27,서울,1,21.2,0.0,0.0,0.0,0.0,596.0,0.0,3.0,NE57_nc
KIM,2026-10-07 00:00,2026-10-08 15:00,30,서울,1,22.5,0.0,0.0,0.0,0.0,649.0,0.0,3.0,NE57_nc
KIM,2026-10-07 00:00,2026-10-08 18:00,33,서울,1,17.9,0.0,0.0,0.0,0.0,222.0,0.0,3.0,NE57_nc
KIM,2026-10-07 00:00,2026-10-08 21:00,36,서울,1,14.9,0.0,0.0,0.0,0.0,-0.0,0.0,3.0,NE57_nc
KIM,2026-10-07 00:00,2026-10-09 00:00,39,서울,1,13.3,0.0,0.0,0.0,0.0,0.0,0.0,3.0,NE57_nc
KIM,2026-10-07 00:00,2026-10-09 03:00,42,서울,1,12.0,0.0,0.0,0.0,0.0,0.0,0.0,3.0,NE57_nc
KIM,2026-10-07 00:00,2026-10-09 06:00,45,서울,1,11.0,22.0,0.0,0.0,22.0,-0.0,0.0,3.0,NE57_nc
KIM,2026-10-07 00:00,2026-10-09 09:00,48,서울,1,16.8,84.0,0.0,0.0,84.0,132.0,0.0,3.0,NE57_nc
KIM,2026-10-07 00:00,2026-10-09 12:00,51,서울,1,22.3,47.0,0.0,0.0,47.0,572.0,0.0,3.0,NE57_nc
KIM,2026-10-07 00:00,2026-10-09 15:00,54,서울,1,23.9,72.0,0.0,0.0,72.0,644.0,0.0,3.0,NE57_nc
KIM,2026-10-07 00:00,2026-10-09 18:00,57,서울,1,19.2,76.0,0.0,0.0,76.0,218.0,0.0,3.0,NE57_nc
KIM,2026-10-07 00:00,2026-10-09 21:00,60,서울,1,15.5,79.0,0.0,0.0,79.0,-0.0,0.0,3.0,NE57_nc
KIM,2026-10-07 00:00,2026-10-10 00:00,63,서울,1,14.1,77.0,0.0,0.0,77.0,-0.0,0.0,3.0,NE57_nc
KIM,2026-10-07 00:00,2026-10-10 03:00,66,서울,1,12.9,56.0,0.0,28.0,51.0,-0.0,0.0,3.0,NE57_nc
KIM,2026-10-07 00:00,2026-10-10 06:00,69,서울,1,11.8,56.0,0.0,42.0,45.0,0.0,0.0,3.0,NE57_nc
KIM,2026-10-07 00:00,2026-10-10 09:00,72,서울,1,18.0,21.0,0.0,3.0,20.0,129.0,0.0,3.0,NE57_nc
KIM,2026-10-07 00:00,2026-10-10 12:00,75,서울,1,23.7,15.0,0.0,3.0,13.0,583.0,0.0,3.0,NE57_nc
KIM,2026-10-07 00:00,2026-10-10 15:00,78,서울,1,25.5,56.0,6.0,0.0,55.0,628.0,0.0,3.0,NE57_nc
KIM,2026-10-07 00:00,2026-10-10 18:00,81,서울,1,20.9,70.0,61.0,0.0,36.0,205.0,0.0,3.0,NE57_nc
KIM,2026-10-07 00:00,2026-10-10 21:00,84,서울,1,19.5,99.0,99.0,54.0,21.0,-0.0,0.0,3.0,NE57_nc
KIM,2026-10-07 00:00,2026-10-11 00:00,87,서울,1,18.1,100.0,100.0,33.0,66.0,0.0,0.5,3.0,NE57_nc
KIM,2026-10-07 00:00,2026-10-11 03:00,90,서울,1,17.3,93.0,92.0,25.0,0.0,0.0,0.2,3.0,NE57_nc
KIM,2026-10-07 00:00,2026-10-11 06:00,93,서울,1,16.4,90.0,90.0,12.0,0.0,0.0,0.0,3.0,NE57_nc
KIM,2026-10-07 00:00,2026-10-11 09:00,96,서울,1,18.5,22.0,20.0,5.0,0.0,97.0,0.0,3.0,NE57_nc
KIM,2026-10-07 00:00,2026-10-11 12:00,99,서울,1,23.0,0.0,0.0,0.0,0.0,570.0,0.0,3.0,NE57_nc
KIM,2026-10-07 00:00,2026-10-11 15:00,102,서울,1,24.0,0.0,0.0,0.0,0.0,631.0,0.0,3.0,NE57_nc
KIM,2026-10-07 00:00,2026-10-11 18:00,105,서울,1,19.8,2.0,2.0,0.0,0.0,209.0,0.0,3.0,NE57_nc
KIM,2026-10-07 00:00,2026-10-11 21:00,108,서울,1,16.6,5.0,5.0,0.0,0.0,-0.0,0.0,3.0,NE57_nc
KIM,2026-10-07 00:00,2026-10-12 00:00,111,서울,1,15.4,8.0,8.0,0.0,0.0,-0.0,0.0,3.0,NE57_nc
KIM,2026-10-07 00:00,2026-10-12 03:00,114,서울,1,14.1,20.0,2.0,0.0,19.0,0.0,0.0,3.0,NE57_nc
KIM,2026-10-07 00:00,2026-10-12 06:00,117,서울,1,12.6,99.0,24.0,0.0,98.0,0.0,0.0,3.0,NE57_nc
KIM,2026-10-07 00:00,2026-10-12 09:00,120,서울,1,18.2,84.0,5.0,0.0,83.0,121.0,0.0,3.0,NE57_nc
KIM,2026-10-07 00:00,2026-10-12 21:00,132,서울,1,17.3,28.0,10.0,0.0,20.0,,0.0,12.0,NE57_nc
KIM,2026-10-07 00:00,2026-10-13 09:00,144,서울,1,18.5,71.0,1.0,71.0,7.0,,0.0,12.0,NE57_nc
KIM,2026-10-07 00:00,2026-10-13 21:00,156,서울,1,17.4,100.0,100.0,11.0,59.0,,0.0,12.0,NE57_nc
KIM,2026-10-07 00:00,2026-10-14 09:00,168,서울,1,11.2,19.0,19.0,0.0,0.0,,2.2,12.0,NE57_nc
KIM,2026-10-07 00:00,2026-10-14 21:00,180,서울,1,9.2,0.0,0.0,0.0,0.0,,0.0,12.0,NE57_nc
KIM,2026-10-07 00:00,2026-10-15 09:00,192,서울,1,7.5,0.0,0.0,0.0,0.0,,0.0,12.0,NE57_nc
KIM,2026-10-07 00:00,2026-10-15 21:00,204,서울,1,9.1,62.0,0.0,0.0,62.0,,0.0,12.0,NE57_nc
KIM,2026-10-07 00:00,2026-10-16 09:00,216,서울,1,11.9,95.0,55.0,47.0,86.0,,0.0,12.0,NE57_nc
KIM,2026-10-07 00:00,2026-10-16 21:00,228,서울,1,12.4,97.0,5.0,63.0,95.0,,0.0,12.0,NE57_nc
KIM,2026-10-07 00:00,2026-10-17 09:00,240,서울,1,14.9,98.0,41.0,84.0,97.0,,0.1,12.0,NE57_nc
KIM,2026-10-07 00:00,2026-10-17 21:00,252,서울,1,14.7,91.0,0.0,18.0,91.0,,0.0,12.0,NE57_nc
KIM,2026-10-07 00:00,2026-10-18 09:00,264,서울,1,16.6,74.0,0.0,63.0,36.0,,0.0,12.0,NE57_nc
KIM,2026-10-07 00:00,2026-10-18 21:00,276,서울,1,16.0,96.0,95.0,53.0,0.0,,1.1,12.0,NE57_nc
KIM,2026-10-07 00:00,2026-10-19 09:00,288,서울,1,16.8,81.0,81.0,25.0,0.0,,0.4,12.0,NE57_nc
KIM,2026-10-07 00:00,2026-10-07 09:00,0,대전,1,15.0,0.0,0.0,0.0,0.0,,,,NE57_nc
KIM,2026-10-07 00:00,2026-10-07 12:00,3,대전,1,20.2,0.0,0.0,0.0,0.0,628.0,0.0,3.0,NE57_nc
KIM,2026-10-07 00:00,2026-10-07 15:00,6,대전,1,20.9,0.0,0.0,0.0,0.0,682.0,0.0,3.0,NE57_nc
KIM,2026-10-07 00:00,2026-10-07 18:00,9,대전,1,16.3,0.0,0.0,0.0,0.0,240.0,0.0,3.0,NE57_nc
KIM,2026-10-07 00:00,2026-10-07 21:00,12,대전,1,13.1,0.0,0.0,0.0,0.0,0.0,0.0,3.0,NE57_nc
KIM,2026-10-07 00:00,2026-10-08 00:00,15,대전,1,11.0,0.0,0.0,0.0,0.0,0.0,0.0,3.0,NE57_nc
KIM,2026-10-07 00:00,2026-10-08 03:00,18,대전,1,9.6,0.0,0.0,0.0,0.0,-0.0,0.0,3.0,NE57_nc
KIM,2026-10-07 00:00,2026-10-08 06:00,21,대전,1,8.7,0.0,0.0,0.0,0.0,0.0,0.0,3.0,NE57_nc
KIM,2026-10-07 00:00,2026-10-08 09:00,24,대전,1,14.8,0.0,0.0,0.0,0.0,147.0,0.0,3.0,NE57_nc
KIM,2026-10-07 00:00,2026-10-08 12:00,27,대전,1,20.6,0.0,0.0,0.0,0.0,621.0,0.0,3.0,NE57_nc
KIM,2026-10-07 00:00,2026-10-08 15:00,30,대전,1,21.9,0.0,0.0,0.0,0.0,672.0,0.0,3.0,NE57_nc
KIM,2026-10-07 00:00,2026-10-08 18:00,33,대전,1,17.5,0.0,0.0,0.0,0.0,233.0,0.0,3.0,NE57_nc
KIM,2026-10-07 00:00,2026-10-08 21:00,36,대전,1,14.8,0.0,0.0,0.0,0.0,-0.0,0.0,3.0,NE57_nc
KIM,2026-10-07 00:00,2026-10-09 00:00,39,대전,1,12.6,0.0,0.0,0.0,0.0,0.0,0.0,3.0,NE57_nc
KIM,2026-10-07 00:00,2026-10-09 03:00,42,대전,1,11.3,0.0,0.0,0.0,0.0,0.0,0.0,3.0,NE57_nc
KIM,2026-10-07 00:00,2026-10-09 06:00,45,대전,1,10.1,88.0,0.0,0.0,88.0,-0.0,0.0,3.0,NE57_nc
KIM,2026-10-07 00:00,2026-10-09 09:00,48,대전,1,15.8,78.0,0.0,0.0,78.0,139.0,0.0,3.0,NE57_nc
KIM,2026-10-07 00:00,2026-10-09 12:00,51,대전,1,21.6,46.0,0.0,0.0,46.0,586.0,0.0,3.0,NE57_nc
KIM,2026-10-07 00:00,2026-10-09 15:00,54,대전,1,23.2,55.0,0.0,14.0,53.0,656.0,0.0,3.0,NE57_nc
KIM,2026-10-07 00:00,2026-10-09 18:00,57,대전,1,18.8,57.0,0.0,0.0,57.0,212.0,0.0,3.0,NE57_nc
KIM,2026-10-07 00:00,2026-10-09 21:00,60,대전,1,15.7,57.0,0.0,0.0,57.0,-0.0,0.0,3.0,NE57_nc
KIM,2026-10-07 00:00,2026-10-10 00:00,63,대전,1,14.0,59.0,0.0,19.0,56.0,-0.0,0.0,3.0,NE57_nc
KIM,2026-10-07 00:00,2026-10-10 03:00,66,대전,1,12.8,49.0,0.0,2.0,49.0,-0.0,0.0,3.0,NE57_nc
KIM,2026-10-07 00:00,2026-10-10 06:00,69,대전,1,12.1,52.0,9.0,42.0,35.0,0.0,0.0,3.0,NE57_nc
KIM,2026-10-07 00:00,2026-10-10 09:00,72,대전,1,18.1,67.0,62.0,33.0,1.0,136.0,0.0,3.0,NE57_nc
KIM,2026-10-07 00:00,2026-10-10 12:00,75,대전,1,23.3,89.0,89.0,0.0,1.0,470.0,0.0,3.0,NE57_nc
KIM,2026-10-07 00:00,2026-10-10 15:00,78,대전,1,24.0,59.0,58.0,1.0,0.0,332.0,0.0,3.0,NE57_nc
KIM,2026-10-07 00:00,2026-10-10 18:00,81,대전,1,20.7,97.0,86.0,55.0,32.0,134.0,0.8,3.0,NE57_nc
KIM,2026-10-07 00:00,2026-10-10 21:00,84,대전,1,19.4,100.0,100.0,90.0,3.0,-0.0,4.0,3.0,NE57_nc
KIM,2026-10-07 00:00,2026-10-11 00:00,87,대전,1,19.1,97.0,97.0,6.0,0.0,0.0,1.6,3.0,NE57_nc
KIM,2026-10-07 00:00,2026-10-11 03:00,90,대전,1,18.8,96.0,96.0,0.0,0.0,0.0,0.5,3.0,NE57_nc
KIM,2026-10-07 00:00,2026-10-11 06:00,93,대전,1,18.6,96.0,96.0,8.0,0.0,0.0,0.7,3.0,NE57_nc
KIM,2026-10-07 00:00,2026-10-11 09:00,96,대전,1,19.1,98.0,98.0,0.0,0.0,34.0,0.5,3.0,NE57_nc
KIM,2026-10-07 00:00,2026-10-11 12:00,99,대전,1,21.1,42.0,42.0,0.0,0.0,231.0,0.1,3.0,NE57_nc
KIM,2026-10-07 00:00,2026-10-11 15:00,102,대전,1,23.6,43.0,43.0,0.0,0.0,608.0,0.0,3.0,NE57_nc
KIM,2026-10-07 00:00,2026-10-11 18:00,105,대전,1,20.6,54.0,54.0,0.0,0.0,102.0,0.0,3.0,NE57_nc
KIM,2026-10-07 00:00,2026-10-11 21:00,108,대전,1,16.5,53.0,53.0,0.0,0.0,-0.0,0.0,3.0,NE57_nc
KIM,2026-10-07 00:00,2026-10-12 00:00,111,대전,1,14.6,48.0,48.0,0.0,0.0,-0.0,0.0,3.0,NE57_nc
KIM,2026-10-07 00:00,2026-10-12 03:00,114,대전,1,13.6,71.0,68.0,0.0,10.0,0.0,0.0,3.0,NE57_nc
KIM,2026-10-07 00:00,2026-10-12 06:00,117,대전,1,13.9,93.0,87.0,0.0,75.0,0.0,0.0,3.0,NE57_nc
KIM,2026-10-07 00:00,2026-10-12 09:00,120,대전,1,18.7,83.0,83.0,0.0,8.0,133.0,0.0,3.0,NE57_nc
KIM,2026-10-07 00:00,2026-10-12 21:00,132,대전,1,19.3,60.0,60.0,0.0,0.0,,0.2,12.0,NE57_nc
KIM,2026-10-07 00:00,2026-10-13 09:00,144,대전,1,18.6,89.0,80.0,77.0,2.0,,0.4,12.0,NE57_nc
KIM,2026-10-07 00:00,2026-10-13 21:00,156,대전,1,17.2,56.0,45.0,0.0,24.0,,0.2,12.0,NE57_nc
KIM,2026-10-07 00:00,2026-10-14 09:00,168,대전,1,12.6,5.0,5.0,0.0,0.0,,1.1,12.0,NE57_nc
KIM,2026-10-07 00:00,2026-10-14 21:00,180,대전,1,10.2,0.0,0.0,0.0,0.0,,0.0,12.0,NE57_nc
KIM,2026-10-07 00:00,2026-10-15 09:00,192,대전,1,8.0,0.0,0.0,0.0,0.0,,0.0,12.0,NE57_nc
KIM,2026-10-07 00:00,2026-10-15 21:00,204,대전,1,8.2,1.0,0.0,0.0,1.0,,0.0,12.0,NE57_nc
KIM,2026-10-07 00:00,2026-10-16 09:00,216,대전,1,10.7,78.0,0.0,25.0,74.0,,0.0,12.0,NE57_nc
KIM,2026-10-07 00:00,2026-10-16 21:00,228,대전,1,12.0,96.0,0.0,25.0,96.0,,0.0,12.0,NE57_nc
KIM,2026-10-07 00:00,2026-10-17 09:00,240,대전,1,13.0,96.0,3.0,71.0,94.0,,0.0,12.0,NE57_nc
KIM,2026-10-07 00:00,2026-10-17 21:00,252,대전,1,14.7,94.0,2.0,15.0,93.0,,0.0,12.0,NE57_nc
KIM,2026-10-07 00:00,2026-10-18 09:00,264,대전,1,16.4,85.0,41.0,61.0,70.0,,0.3,12.0,NE57_nc
KIM,2026-10-07 00:00,2026-10-18 21:00,276,대전,1,16.1,91.0,90.0,18.0,15.0,,1.1,12.0,NE57_nc
KIM,2026-10-07 00:00,2026-10-19 09:00,288,대전,1,16.4,93.0,93.0,3.0,0.0,,0.0,12.0,NE57_nc
KIM,2026-10-07 00:00,2026-10-07 09:00,0,대구,1,14.3,0.0,0.0,0.0,0.0,,,,NE57_nc
KIM,2026-10-07 00:00,2026-10-07 12:00,3,대구,1,19.6,0.0,0.0,0.0,0.0,665.0,0.0,3.0,NE57_nc
KIM,2026-10-07 00:00,2026-10-07 15:00,6,대구,1,20.6,0.0,0.0,0.0,0.0,706.0,0.0,3.0,NE57_nc
KIM,2026-10-07 00:00,2026-10-07 18:00,9,대구,1,16.1,2.0,2.0,0.0,0.0,239.0,0.0,3.0,NE57_nc
KIM,2026-10-07 00:00,2026-10-07 21:00,12,대구,1,13.3,3.0,3.0,0.0,0.0,0.0,0.0,3.0,NE57_nc
KIM,2026-10-07 00:00,2026-10-08 00:00,15,대구,1,11.3,1.0,1.0,0.0,0.0,0.0,0.0,3.0,NE57_nc
KIM,2026-10-07 00:00,2026-10-08 03:00,18,대구,1,10.4,0.0,0.0,0.0,0.0,-0.0,0.0,3.0,NE57_nc
KIM,2026-10-07 00:00,2026-10-08 06:00,21,대구,1,9.9,0.0,0.0,0.0,0.0,0.0,0.0,3.0,NE57_nc
KIM,2026-10-07 00:00,2026-10-08 09:00,24,대구,1,15.6,0.0,0.0,0.0,0.0,165.0,0.0,3.0,NE57_nc
KIM,2026-10-07 00:00,2026-10-08 12:00,27,대구,1,20.6,0.0,0.0,0.0,0.0,653.0,0.0,3.0,NE57_nc
KIM,2026-10-07 00:00,2026-10-08 15:00,30,대구,1,22.0,0.0,0.0,0.0,0.0,698.0,0.0,3.0,NE57_nc
KIM,2026-10-07 00:00,2026-10-08 18:00,33,대구,1,17.0,0.0,0.0,0.0,0.0,234.0,0.0,3.0,NE57_nc
KIM,2026-10-07 00:00,2026-10-08 21:00,36,대구,1,14.1,0.0,0.0,0.0,0.0,-0.0,0.0,3.0,NE57_nc
KIM,2026-10-07 00:00,2026-10-09 00:00,39,대구,1,12.9,0.0,0.0,0.0,0.0,0.0,0.0,3.0,NE57_nc
KIM,2026-10-07 00:00,2026-10-09 03:00,42,대구,1,11.6,0.0,0.0,0.0,0.0,0.0,0.0,3.0,NE57_nc
KIM,2026-10-07 00:00,2026-10-09 06:00,45,대구,1,11.4,0.0,0.0,0.0,0.0,-0.0,0.0,3.0,NE57_nc
KIM,2026-10-07 00:00,2026-10-09 09:00,48,대구,1,17.0,66.0,0.0,0.0,66.0,161.0,0.0,3.0,NE57_nc
KIM,2026-10-07 00:00,2026-10-09 12:00,51,대구,1,21.9,67.0,0.0,0.0,67.0,644.0,0.0,3.0,NE57_nc
KIM,2026-10-07 00:00,2026-10-09 15:00,54,대구,1,23.3,58.0,0.0,4.0,57.0,676.0,0.0,3.0,NE57_nc
KIM,2026-10-07 00:00,2026-10-09 18:00,57,대구,1,19.5,47.0,0.0,3.0,47.0,198.0,0.0,3.0,NE57_nc
KIM,2026-10-07 00:00,2026-10-09 21:00,60,대구,1,16.8,48.0,0.0,1.0,48.0,-0.0,0.0,3.0,NE57_nc
KIM,2026-10-07 00:00,2026-10-10 00:00,63,대구,1,15.2,49.0,4.0,0.0,46.0,-0.0,0.0,3.0,NE57_nc
KIM,2026-10-07 00:00,2026-10-10 03:00,66,대구,1,15.2,52.0,45.0,0.0,21.0,-0.0,0.0,3.0,NE57_nc
KIM,2026-10-07 00:00,2026-10-10 06:00,69,대구,1,15.4,98.0,85.0,70.0,92.0,0.0,0.0,3.0,NE57_nc
KIM,2026-10-07 00:00,2026-10-10 09:00,72,대구,1,19.4,64.0,64.0,3.0,3.0,90.0,0.0,3.0,NE57_nc
KIM,2026-10-07 00:00,2026-10-10 12:00,75,대구,1,23.4,76.0,76.0,3.0,0.0,515.0,0.0,3.0,NE57_nc
KIM,2026-10-07 00:00,2026-10-10 15:00,78,대구,1,23.1,33.0,27.0,11.0,9.0,505.0,3.7,3.0,NE57_nc
KIM,2026-10-07 00:00,2026-10-10 18:00,81,대구,1,20.8,36.0,22.0,6.0,18.0,157.0,0.7,3.0,NE57_nc
KIM,2026-10-07 00:00,2026-10-10 21:00,84,대구,1,19.1,46.0,22.0,34.0,12.0,-0.0,0.0,3.0,NE57_nc
KIM,2026-10-07 00:00,2026-10-11 00:00,87,대구,1,18.3,90.0,51.0,87.0,1.0,0.0,0.1,3.0,NE57_nc
KIM,2026-10-07 00:00,2026-10-11 03:00,90,대구,1,18.1,53.0,48.0,25.0,0.0,0.0,0.5,3.0,NE57_nc
KIM,2026-10-07 00:00,2026-10-11 06:00,93,대구,1,17.5,94.0,94.0,59.0,0.0,0.0,0.0,3.0,NE57_nc
KIM,2026-10-07 00:00,2026-10-11 09:00,96,대구,1,20.6,79.0,79.0,10.0,0.0,116.0,0.0,3.0,NE57_nc
KIM,2026-10-07 00:00,2026-10-11 12:00,99,대구,1,22.2,84.0,75.0,20.0,17.0,443.0,1.8,3.0,NE57_nc
KIM,2026-10-07 00:00,2026-10-11 15:00,102,대구,1,21.4,86.0,82.0,12.0,19.0,217.0,4.2,3.0,NE57_nc
KIM,2026-10-07 00:00,2026-10-11 18:00,105,대구,1,20.1,83.0,82.0,13.0,1.0,62.0,1.7,3.0,NE57_nc
KIM,2026-10-07 00:00,2026-10-11 21:00,108,대구,1,18.6,98.0,98.0,27.0,0.0,-0.0,0.0,3.0,NE57_nc
KIM,2026-10-07 00:00,2026-10-12 00:00,111,대구,1,18.2,95.0,95.0,3.0,0.0,-0.0,0.0,3.0,NE57_nc
KIM,2026-10-07 00:00,2026-10-12 03:00,114,대구,1,18.1,98.0,98.0,37.0,0.0,0.0,0.1,3.0,NE57_nc
KIM,2026-10-07 00:00,2026-10-12 06:00,117,대구,1,18.2,98.0,93.0,61.0,31.0,0.0,7.3,3.0,NE57_nc
KIM,2026-10-07 00:00,2026-10-12 09:00,120,대구,1,20.0,73.0,67.0,2.0,32.0,115.0,0.3,3.0,NE57_nc
KIM,2026-10-07 00:00,2026-10-12 21:00,132,대구,1,18.8,86.0,76.0,31.0,1.0,,8.3,12.0,NE57_nc
KIM,2026-10-07 00:00,2026-10-13 09:00,144,대구,1,19.5,96.0,94.0,20.0,0.0,,2.1,12.0,NE57_nc
KIM,2026-10-07 00:00,2026-10-13 21:00,156,대구,1,18.5,75.0,1.0,1.0,75.0,,0.3,12.0,NE57_nc
KIM,2026-10-07 00:00,2026-10-14 09:00,168,대구,1,13.5,12.0,12.0,0.0,0.0,,0.1,12.0,NE57_nc
KIM,2026-10-07 00:00,2026-10-14 21:00,180,대구,1,10.6,0.0,0.0,0.0,0.0,,0.0,12.0,NE57_nc
KIM,2026-10-07 00:00,2026-10-15 09:00,192,대구,1,9.1,0.0,0.0,0.0,0.0,,0.0,12.0,NE57_nc
KIM,2026-10-07 00:00,2026-10-15 21:00,204,대구,1,10.1,0.0,0.0,0.0,0.0,,0.0,12.0,NE57_nc
KIM,2026-10-07 00:00,2026-10-16 09:00,216,대구,1,11.5,59.0,0.0,0.0,59.0,,0.0,12.0,NE57_nc
KIM,2026-10-07 00:00,2026-10-16 21:00,228,대구,1,13.0,78.0,0.0,24.0,73.0,,0.0,12.0,NE57_nc
KIM,2026-10-07 00:00,2026-10-17 09:00,240,대구,1,15.9,100.0,72.0,65.0,99.0,,0.0,12.0,NE57_nc
KIM,2026-10-07 00:00,2026-10-17 21:00,252,대구,1,15.8,94.0,50.0,56.0,79.0,,0.0,12.0,NE57_nc
KIM,2026-10-07 00:00,2026-10-18 09:00,264,대구,1,17.3,88.0,58.0,72.0,62.0,,1.8,12.0,NE57_nc
KIM,2026-10-07 00:00,2026-10-18 21:00,276,대구,1,16.2,100.0,100.0,86.0,11.0,,5.7,12.0,NE57_nc
KIM,2026-10-07 00:00,2026-10-19 09:00,288,대구,1,16.2,59.0,59.0,0.0,0.0,,0.4,12.0,NE57_nc
KIM,2026-10-07 00:00,2026-10-07 09:00,0,광주,1,16.3,0.0,0.0,0.0,0.0,,,,NE57_nc
KIM,2026-10-07 00:00,2026-10-07 12:00,3,광주,1,21.5,0.0,0.0,0.0,0.0,633.0,0.0,3.0,NE57_nc
KIM,2026-10-07 00:00,2026-10-07 15:00,6,광주,1,22.0,0.0,0.0,0.0,0.0,700.0,0.0,3.0,NE57_nc
KIM,2026-10-07 00:00,2026-10-07 18:00,9,광주,1,17.7,0.0,0.0,0.0,0.0,254.0,0.0,3.0,NE57_nc
KIM,2026-10-07 00:00,2026-10-07 21:00,12,광주,1,14.5,0.0,0.0,0.0,0.0,0.0,0.0,3.0,NE57_nc
KIM,2026-10-07 00:00,2026-10-08 00:00,15,광주,1,12.7,0.0,0.0,0.0,0.0,0.0,0.0,3.0,NE57_nc
KIM,2026-10-07 00:00,2026-10-08 03:00,18,광주,1,11.4,0.0,0.0,0.0,0.0,-0.0,0.0,3.0,NE57_nc
KIM,2026-10-07 00:00,2026-10-08 06:00,21,광주,1,10.7,0.0,0.0,0.0,0.0,0.0,0.0,3.0,NE57_nc
KIM,2026-10-07 00:00,2026-10-08 09:00,24,광주,1,17.1,0.0,0.0,0.0,0.0,144.0,0.0,3.0,NE57_nc
KIM,2026-10-07 00:00,2026-10-08 12:00,27,광주,1,22.3,0.0,0.0,0.0,0.0,625.0,0.0,3.0,NE57_nc
KIM,2026-10-07 00:00,2026-10-08 15:00,30,광주,1,23.6,0.0,0.0,0.0,0.0,690.0,0.0,3.0,NE57_nc
KIM,2026-10-07 00:00,2026-10-08 18:00,33,광주,1,19.4,0.0,0.0,0.0,0.0,247.0,0.0,3.0,NE57_nc
KIM,2026-10-07 00:00,2026-10-08 21:00,36,광주,1,15.7,0.0,0.0,0.0,0.0,-0.0,0.0,3.0,NE57_nc
KIM,2026-10-07 00:00,2026-10-09 00:00,39,광주,1,14.5,4.0,0.0,0.0,4.0,0.0,0.0,3.0,NE57_nc
KIM,2026-10-07 00:00,2026-10-09 03:00,42,광주,1,13.1,67.0,0.0,0.0,67.0,0.0,0.0,3.0,NE57_nc
KIM,2026-10-07 00:00,2026-10-09 06:00,45,광주,1,12.2,87.0,0.0,0.0,87.0,-0.0,0.0,3.0,NE57_nc
KIM,2026-10-07 00:00,2026-10-09 09:00,48,광주,1,18.2,98.0,0.0,2.0,98.0,138.0,0.0,3.0,NE57_nc
KIM,2026-10-07 00:00,2026-10-09 12:00,51,광주,1,22.8,38.0,0.0,1.0,38.0,561.0,0.0,3.0,NE57_nc
KIM,2026-10-07 00:00,2026-10-09 15:00,54,광주,1,24.6,56.0,0.0,4.0,55.0,677.0,0.0,3.0,NE57_nc
KIM,2026-10-07 00:00,2026-10-09 18:00,57,광주,1,20.1,27.0,0.0,2.0,25.0,202.0,0.0,3.0,NE57_nc
KIM,2026-10-07 00:00,2026-10-09 21:00,60,광주,1,16.8,27.0,0.0,0.0,27.0,-0.0,0.0,3.0,NE57_nc
KIM,2026-10-07 00:00,2026-10-10 00:00,63,광주,1,15.6,71.0,1.0,15.0,69.0,-0.0,0.0,3.0,NE57_nc
KIM,2026-10-07 00:00,2026-10-10 03:00,66,광주,1,14.9,54.0,52.0,6.0,5.0,-0.0,0.0,3.0,NE57_nc
KIM,2026-10-07 00:00,2026-10-10 06:00,69,광주,1,15.2,96.0,95.0,44.0,0.0,0.0,0.0,3.0,NE57_nc
KIM,2026-10-07 00:00,2026-10-10 09:00,72,광주,1,17.4,76.0,76.0,2.0,4.0,20.0,0.2,3.0,NE57_nc
KIM,2026-10-07 00:00,2026-10-10 12:00,75,광주,1,23.8,35.0,33.0,6.0,0.0,262.0,0.1,3.0,NE57_nc
KIM,2026-10-07 00:00,2026-10-10 15:00,78,광주,1,23.5,91.0,77.0,37.0,38.0,507.0,3.8,3.0,NE57_nc
KIM,2026-10-07 00:00,2026-10-10 18:00,81,광주,1,20.5,100.0,100.0,57.0,3.0,24.0,2.8,3.0,NE57_nc
KIM,2026-10-07 00:00,2026-10-10 21:00,84,광주,1,20.5,97.0,97.0,14.0,0.0,-0.0,0.4,3.0,NE57_nc
KIM,2026-10-07 00:00,2026-10-11 00:00,87,광주,1,20.2,66.0,66.0,1.0,0.0,0.0,0.0,3.0,NE57_nc
KIM,2026-10-07 00:00,2026-10-11 03:00,90,광주,1,19.9,69.0,69.0,0.0,0.0,0.0,0.0,3.0,NE57_nc
KIM,2026-10-07 00:00,2026-10-11 06:00,93,광주,1,18.9,91.0,90.0,25.0,0.0,0.0,0.8,3.0,NE57_nc
KIM,2026-10-07 00:00,2026-10-11 09:00,96,광주,1,20.4,99.0,99.0,0.0,0.0,37.0,0.1,3.0,NE57_nc
KIM,2026-10-07 00:00,2026-10-11 12:00,99,광주,1,22.7,58.0,58.0,0.0,0.0,308.0,0.3,3.0,NE57_nc
KIM,2026-10-07 00:00,2026-10-11 15:00,102,광주,1,24.8,41.0,41.0,0.0,0.0,542.0,0.2,3.0,NE57_nc
KIM,2026-10-07 00:00,2026-10-11 18:00,105,광주,1,21.6,69.0,69.0,0.0,0.0,197.0,0.0,3.0,NE57_nc
KIM,2026-10-07 00:00,2026-10-11 21:00,108,광주,1,18.8,73.0,73.0,0.0,0.0,-0.0,0.0,3.0,NE57_nc
KIM,2026-10-07 00:00,2026-10-12 00:00,111,광주,1,16.9,65.0,65.0,0.0,0.0,-0.0,0.0,3.0,NE57_nc
KIM,2026-10-07 00:00,2026-10-12 03:00,114,광주,1,15.9,69.0,67.0,0.0,16.0,0.0,0.0,3.0,NE57_nc
KIM,2026-10-07 00:00,2026-10-12 06:00,117,광주,1,16.8,96.0,86.0,0.0,72.0,0.0,0.0,3.0,NE57_nc
KIM,2026-10-07 00:00,2026-10-12 09:00,120,광주,1,20.9,96.0,96.0,0.0,26.0,81.0,0.0,3.0,NE57_nc
KIM,2026-10-07 00:00,2026-10-12 21:00,132,광주,1,18.8,90.0,90.0,0.0,2.0,,1.0,12.0,NE57_nc
KIM,2026-10-07 00:00,2026-10-13 09:00,144,광주,1,20.6,84.0,82.0,51.0,0.0,,0.0,12.0,NE57_nc
KIM,2026-10-07 00:00,2026-10-13 21:00,156,광주,1,16.8,99.0,82.0,10.0,98.0,,0.0,12.0,NE57_nc
KIM,2026-10-07 00:00,2026-10-14 09:00,168,광주,1,15.2,33.0,14.0,30.0,0.0,,0.4,12.0,NE57_nc
KIM,2026-10-07 00:00,2026-10-14 21:00,180,광주,1,11.6,1.0,1.0,0.0,0.0,,0.0,12.0,NE57_nc
KIM,2026-10-07 00:00,2026-10-15 09:00,192,광주,1,10.8,15.0,0.0,0.0,15.0,,0.0,12.0,NE57_nc
KIM,2026-10-07 00:00,2026-10-15 21:00,204,광주,1,9.7,8.0,0.0,0.0,8.0,,0.0,12.0,NE57_nc
KIM,2026-10-07 00:00,2026-10-16 09:00,216,광주,1,13.1,76.0,10.0,12.0,75.0,,0.0,12.0,NE57_nc
KIM,2026-10-07 00:00,2026-10-16 21:00,228,광주,1,14.4,90.0,0.0,83.0,73.0,,0.0,12.0,NE57_nc
KIM,2026-10-07 00:00,2026-10-17 09:00,240,광주,1,14.8,99.0,0.0,80.0,99.0,,0.0,12.0,NE57_nc
KIM,2026-10-07 00:00,2026-10-17 21:00,252,광주,1,16.9,86.0,40.0,62.0,46.0,,0.0,12.0,NE57_nc
KIM,2026-10-07 00:00,2026-10-18 09:00,264,광주,1,15.7,99.0,86.0,87.0,81.0,,1.4,12.0,NE57_nc
KIM,2026-10-07 00:00,2026-10-18 21:00,276,광주,1,17.2,39.0,27.0,22.0,0.0,,0.1,12.0,NE57_nc
KIM,2026-10-07 00:00,2026-10-19 09:00,288,광주,1,18.0,76.0,76.0,0.0,0.0,,0.0,12.0,NE57_nc
KIM,2026-10-07 00:00,2026-10-07 09:00,0,부산,1,17.2,0.0,0.0,0.0,0.0,,,,NE57_nc
KIM,2026-10-07 00:00,2026-10-07 12:00,3,부산,1,22.4,0.0,0.0,0.0,0.0,660.0,0.0,3.0,NE57_nc
KIM,2026-10-07 00:00,2026-10-07 15:00,6,부산,1,23.1,0.0,0.0,0.0,0.0,693.0,0.0,3.0,NE57_nc
KIM,2026-10-07 00:00,2026-10-07 18:00,9,부산,1,19.2,0.0,0.0,0.0,0.0,229.0,0.0,3.0,NE57_nc
KIM,2026-10-07 00:00,2026-10-07 21:00,12,부산,1,16.5,0.0,0.0,0.0,0.0,0.0,0.0,3.0,NE57_nc
KIM,2026-10-07 00:00,2026-10-08 00:00,15,부산,1,15.0,0.0,0.0,0.0,0.0,0.0,0.0,3.0,NE57_nc
KIM,2026-10-07 00:00,2026-10-08 03:00,18,부산,1,13.9,0.0,0.0,0.0,0.0,-0.0,0.0,3.0,NE57_nc
KIM,2026-10-07 00:00,2026-10-08 06:00,21,부산,1,12.8,1.0,1.0,0.0,0.0,0.0,0.0,3.0,NE57_nc
KIM,2026-10-07 00:00,2026-10-08 09:00,24,부산,1,19.8,5.0,5.0,0.0,0.0,163.0,0.0,3.0,NE57_nc
KIM,2026-10-07 00:00,2026-10-08 12:00,27,부산,1,23.5,2.0,2.0,0.0,0.0,637.0,0.0,3.0,NE57_nc
KIM,2026-10-07 00:00,2026-10-08 15:00,30,부산,1,23.5,0.0,0.0,0.0,0.0,673.0,0.0,3.0,NE57_nc
KIM,2026-10-07 00:00,2026-10-08 18:00,33,부산,1,20.0,0.0,0.0,0.0,0.0,219.0,0.0,3.0,NE57_nc
KIM,2026-10-07 00:00,2026-10-08 21:00,36,부산,1,17.8,0.0,0.0,0.0,0.0,-0.0,0.0,3.0,NE57_nc
KIM,2026-10-07 00:00,2026-10-09 00:00,39,부산,1,16.6,0.0,0.0,0.0,0.0,0.0,0.0,3.0,NE57_nc
KIM,2026-10-07 00:00,2026-10-09 03:00,42,부산,1,15.3,0.0,0.0,0.0,0.0,0.0,0.0,3.0,NE57_nc
KIM,2026-10-07 00:00,2026-10-09 06:00,45,부산,1,14.2,35.0,11.0,0.0,26.0,-0.0,0.0,3.0,NE57_nc
KIM,2026-10-07 00:00,2026-10-09 09:00,48,부산,1,20.9,62.0,40.0,0.0,47.0,162.0,0.0,3.0,NE57_nc
KIM,2026-10-07 00:00,2026-10-09 12:00,51,부산,1,24.4,92.0,33.0,0.0,91.0,634.0,0.0,3.0,NE57_nc
KIM,2026-10-07 00:00,2026-10-09 15:00,54,부산,1,24.2,26.0,4.0,2.0,24.0,612.0,0.0,3.0,NE57_nc
KIM,2026-10-07 00:00,2026-10-09 18:00,57,부산,1,20.6,45.0,0.0,0.0,45.0,199.0,0.0,3.0,NE57_nc
KIM,2026-10-07 00:00,2026-10-09 21:00,60,부산,1,19.8,54.0,21.0,0.0,39.0,-0.0,0.0,3.0,NE57_nc
KIM,2026-10-07 00:00,2026-10-10 00:00,63,부산,1,19.8,72.0,37.0,2.0,62.0,-0.0,0.0,3.0,NE57_nc
KIM,2026-10-07 00:00,2026-10-10 03:00,66,부산,1,20.1,89.0,87.0,0.0,29.0,-0.0,0.0,3.0,NE57_nc
KIM,2026-10-07 00:00,2026-10-10 06:00,69,부산,1,20.0,78.0,72.0,15.0,29.0,0.0,0.0,3.0,NE57_nc
KIM,2026-10-07 00:00,2026-10-10 09:00,72,부산,1,24.1,57.0,53.0,8.0,0.0,149.0,0.1,3.0,NE57_nc
KIM,2026-10-07 00:00,2026-10-10 12:00,75,부산,1,25.6,28.0,25.0,9.0,0.0,545.0,0.6,3.0,NE57_nc
KIM,2026-10-07 00:00,2026-10-10 15:00,78,부산,1,25.0,34.0,28.0,13.0,4.0,510.0,0.8,3.0,NE57_nc
KIM,2026-10-07 00:00,2026-10-10 18:00,81,부산,1,22.6,10.0,2.0,2.0,8.0,127.0,0.2,3.0,NE57_nc
KIM,2026-10-07 00:00,2026-10-10 21:00,84,부산,1,21.9,36.0,6.0,31.0,9.0,-0.0,0.0,3.0,NE57_nc
KIM,2026-10-07 00:00,2026-10-11 00:00,87,부산,1,21.0,65.0,55.0,43.0,0.0,0.0,0.0,3.0,NE57_nc
KIM,2026-10-07 00:00,2026-10-11 03:00,90,부산,1,20.5,69.0,62.0,43.0,0.0,0.0,0.0,3.0,NE57_nc
KIM,2026-10-07 00:00,2026-10-11 06:00,93,부산,1,20.4,94.0,85.0,77.0,0.0,0.0,0.1,3.0,NE57_nc
KIM,2026-10-07 00:00,2026-10-11 09:00,96,부산,1,22.9,94.0,94.0,15.0,0.0,66.0,0.0,3.0,NE57_nc
KIM,2026-10-07 00:00,2026-10-11 12:00,99,부산,1,23.9,58.0,51.0,27.0,10.0,198.0,0.1,3.0,NE57_nc
KIM,2026-10-07 00:00,2026-10-11 15:00,102,부산,1,24.9,82.0,66.0,52.0,35.0,587.0,0.2,3.0,NE57_nc
KIM,2026-10-07 00:00,2026-10-11 18:00,105,부산,1,21.7,92.0,91.0,51.0,2.0,108.0,1.1,3.0,NE57_nc
KIM,2026-10-07 00:00,2026-10-11 21:00,108,부산,1,20.9,92.0,90.0,21.0,0.0,-0.0,0.3,3.0,NE57_nc
KIM,2026-10-07 00:00,2026-10-12 00:00,111,부산,1,20.9,86.0,86.0,9.0,0.0,-0.0,0.0,3.0,NE57_nc
KIM,2026-10-07 00:00,2026-10-12 03:00,114,부산,1,20.2,77.0,58.0,47.0,0.0,0.0,0.0,3.0,NE57_nc
KIM,2026-10-07 00:00,2026-10-12 06:00,117,부산,1,19.8,66.0,60.0,20.0,13.0,0.0,0.1,3.0,NE57_nc
KIM,2026-10-07 00:00,2026-10-12 09:00,120,부산,1,23.8,72.0,65.0,9.0,39.0,141.0,0.2,3.0,NE57_nc
KIM,2026-10-07 00:00,2026-10-12 21:00,132,부산,1,22.0,88.0,88.0,1.0,0.0,,3.6,12.0,NE57_nc
KIM,2026-10-07 00:00,2026-10-13 09:00,144,부산,1,23.3,91.0,91.0,0.0,0.0,,1.6,12.0,NE57_nc
KIM,2026-10-07 00:00,2026-10-13 21:00,156,부산,1,21.3,57.0,26.0,34.0,30.0,,0.3,12.0,NE57_nc
KIM,2026-10-07 00:00,2026-10-14 09:00,168,부산,1,20.4,66.0,66.0,1.0,0.0,,0.0,12.0,NE57_nc
KIM,2026-10-07 00:00,2026-10-14 21:00,180,부산,1,13.1,0.0,0.0,0.0,0.0,,0.1,12.0,NE57_nc
KIM,2026-10-07 00:00,2026-10-15 09:00,192,부산,1,13.1,0.0,0.0,0.0,0.0,,0.0,12.0,NE57_nc
KIM,2026-10-07 00:00,2026-10-15 21:00,204,부산,1,12.2,0.0,0.0,0.0,0.0,,0.0,12.0,NE57_nc
KIM,2026-10-07 00:00,2026-10-16 09:00,216,부산,1,15.4,50.0,0.0,0.0,50.0,,0.0,12.0,NE57_nc
KIM,2026-10-07 00:00,2026-10-16 21:00,228,부산,1,16.8,98.0,16.0,5.0,97.0,,0.0,12.0,NE57_nc
KIM,2026-10-07 00:00,2026-10-17 09:00,240,부산,1,19.7,100.0,45.0,71.0,99.0,,0.0,12.0,NE57_nc
KIM,2026-10-07 00:00,2026-10-17 21:00,252,부산,1,19.0,87.0,30.0,25.0,77.0,,0.0,12.0,NE57_nc
KIM,2026-10-07 00:00,2026-10-18 09:00,264,부산,1,20.6,81.0,9.0,36.0,72.0,,0.0,12.0,NE57_nc
KIM,2026-10-07 00:00,2026-10-18 21:00,276,부산,1,17.8,83.0,80.0,31.0,14.0,,2.5,12.0,NE57_nc
KIM,2026-10-07 00:00,2026-10-19 09:00,288,부산,1,19.4,60.0,60.0,7.0,0.0,,0.0,12.0,NE57_nc
KIM,2026-10-07 00:00,2026-10-07 09:00,0,인천,0,14.2,0.0,0.0,0.0,0.0,,,,NE57_nc
KIM,2026-10-07 00:00,2026-10-07 12:00,3,인천,0,19.7,0.0,0.0,0.0,0.0,599.0,0.0,3.0,NE57_nc
KIM,2026-10-07 00:00,2026-10-07 15:00,6,인천,0,20.7,0.0,0.0,0.0,0.0,660.0,0.0,3.0,NE57_nc
KIM,2026-10-07 00:00,2026-10-07 18:00,9,인천,0,16.5,0.0,0.0,0.0,0.0,233.0,0.0,3.0,NE57_nc
KIM,2026-10-07 00:00,2026-10-07 21:00,12,인천,0,14.5,0.0,0.0,0.0,0.0,0.0,0.0,3.0,NE57_nc
KIM,2026-10-07 00:00,2026-10-08 00:00,15,인천,0,13.7,0.0,0.0,0.0,0.0,0.0,0.0,3.0,NE57_nc
KIM,2026-10-07 00:00,2026-10-08 03:00,18,인천,0,11.4,0.0,0.0,0.0,0.0,-0.0,0.0,3.0,NE57_nc
KIM,2026-10-07 00:00,2026-10-08 06:00,21,인천,0,10.3,0.0,0.0,0.0,0.0,0.0,0.0,3.0,NE57_nc
KIM,2026-10-07 00:00,2026-10-08 09:00,24,인천,0,15.4,0.0,0.0,0.0,0.0,128.0,0.0,3.0,NE57_nc
KIM,2026-10-07 00:00,2026-10-08 12:00,27,인천,0,20.6,0.0,0.0,0.0,0.0,582.0,0.0,3.0,NE57_nc
KIM,2026-10-07 00:00,2026-10-08 15:00,30,인천,0,21.5,0.0,0.0,0.0,0.0,642.0,0.0,3.0,NE57_nc
KIM,2026-10-07 00:00,2026-10-08 18:00,33,인천,0,17.1,0.0,0.0,0.0,0.0,225.0,0.0,3.0,NE57_nc
KIM,2026-10-07 00:00,2026-10-08 21:00,36,인천,0,14.6,0.0,0.0,0.0,0.0,-0.0,0.0,3.0,NE57_nc
KIM,2026-10-07 00:00,2026-10-09 00:00,39,인천,0,13.1,0.0,0.0,0.0,0.0,0.0,0.0,3.0,NE57_nc
KIM,2026-10-07 00:00,2026-10-09 03:00,42,인천,0,11.9,0.0,0.0,0.0,0.0,0.0,0.0,3.0,NE57_nc
KIM,2026-10-07 00:00,2026-10-09 06:00,45,인천,0,10.8,73.0,0.0,0.0,73.0,-0.0,0.0,3.0,NE57_nc
KIM,2026-10-07 00:00,2026-10-09 09:00,48,인천,0,15.8,74.0,0.0,0.0,74.0,122.0,0.0,3.0,NE57_nc
KIM,2026-10-07 00:00,2026-10-09 12:00,51,인천,0,21.6,61.0,0.0,0.0,61.0,560.0,0.0,3.0,NE57_nc
KIM,2026-10-07 00:00,2026-10-09 15:00,54,인천,0,23.1,50.0,0.0,0.0,50.0,636.0,0.0,3.0,NE57_nc
KIM,2026-10-07 00:00,2026-10-09 18:00,57,인천,0,18.1,88.0,0.0,0.0,88.0,218.0,0.0,3.0,NE57_nc
KIM,2026-10-07 00:00,2026-10-09 21:00,60,인천,0,15.6,91.0,0.0,0.0,91.0,-0.0,0.0,3.0,NE57_nc
KIM,2026-10-07 00:00,2026-10-10 00:00,63,인천,0,13.7,80.0,0.0,0.0,80.0,-0.0,0.0,3.0,NE57_nc
KIM,2026-10-07 00:00,2026-10-10 03:00,66,인천,0,12.8,60.0,0.0,32.0,53.0,-0.0,0.0,3.0,NE57_nc
KIM,2026-10-07 00:00,2026-10-10 06:00,69,인천,0,11.8,47.0,0.0,45.0,19.0,0.0,0.0,3.0,NE57_nc
KIM,2026-10-07 00:00,2026-10-10 09:00,72,인천,0,17.3,38.0,0.0,9.0,33.0,122.0,0.0,3.0,NE57_nc
KIM,2026-10-07 00:00,2026-10-10 12:00,75,인천,0,23.0,25.0,0.0,5.0,20.0,569.0,0.0,3.0,NE57_nc
KIM,2026-10-07 00:00,2026-10-10 15:00,78,인천,0,23.7,43.0,2.0,0.0,41.0,619.0,0.0,3.0,NE57_nc
KIM,2026-10-07 00:00,2026-10-10 18:00,81,인천,0,19.5,54.0,47.0,0.0,18.0,206.0,0.0,3.0,NE57_nc
KIM,2026-10-07 00:00,2026-10-10 21:00,84,인천,0,18.2,99.0,99.0,28.0,33.0,-0.0,0.0,3.0,NE57_nc
KIM,2026-10-07 00:00,2026-10-11 00:00,87,인천,0,18.1,100.0,100.0,19.0,46.0,0.0,0.0,3.0,NE57_nc
KIM,2026-10-07 00:00,2026-10-11 03:00,90,인천,0,16.9,83.0,78.0,28.0,0.0,0.0,0.5,3.0,NE57_nc
KIM,2026-10-07 00:00,2026-10-11 06:00,93,인천,0,15.9,57.0,47.0,20.0,0.0,0.0,0.0,3.0,NE57_nc
KIM,2026-10-07 00:00,2026-10-11 09:00,96,인천,0,18.0,2.0,2.0,0.0,0.0,115.0,0.0,3.0,NE57_nc
KIM,2026-10-07 00:00,2026-10-11 12:00,99,인천,0,22.4,0.0,0.0,0.0,0.0,563.0,0.0,3.0,NE57_nc
KIM,2026-10-07 00:00,2026-10-11 15:00,102,인천,0,23.0,1.0,1.0,0.0,0.0,624.0,0.0,3.0,NE57_nc
KIM,2026-10-07 00:00,2026-10-11 18:00,105,인천,0,18.8,10.0,10.0,0.0,0.0,207.0,0.0,3.0,NE57_nc
KIM,2026-10-07 00:00,2026-10-11 21:00,108,인천,0,16.9,35.0,35.0,0.0,0.0,-0.0,0.0,3.0,NE57_nc
KIM,2026-10-07 00:00,2026-10-12 00:00,111,인천,0,16.2,27.0,27.0,0.0,0.0,-0.0,0.0,3.0,NE57_nc
KIM,2026-10-07 00:00,2026-10-12 03:00,114,인천,0,15.0,38.0,12.0,0.0,36.0,0.0,0.0,3.0,NE57_nc
KIM,2026-10-07 00:00,2026-10-12 06:00,117,인천,0,13.6,100.0,32.0,0.0,99.0,0.0,0.0,3.0,NE57_nc
KIM,2026-10-07 00:00,2026-10-12 09:00,120,인천,0,17.5,84.0,11.0,0.0,84.0,115.0,0.0,3.0,NE57_nc
KIM,2026-10-07 00:00,2026-10-12 21:00,132,인천,0,16.7,42.0,1.0,0.0,41.0,,0.0,12.0,NE57_nc
KIM,2026-10-07 00:00,2026-10-13 09:00,144,인천,0,17.8,93.0,5.0,91.0,45.0,,0.0,12.0,NE57_nc
KIM,2026-10-07 00:00,2026-10-13 21:00,156,인천,0,18.5,100.0,97.0,24.0,79.0,,0.2,12.0,NE57_nc
KIM,2026-10-07 00:00,2026-10-14 09:00,168,인천,0,11.3,24.0,24.0,0.0,0.0,,3.0,12.0,NE57_nc
KIM,2026-10-07 00:00,2026-10-14 21:00,180,인천,0,9.2,0.0,0.0,0.0,0.0,,0.0,12.0,NE57_nc
KIM,2026-10-07 00:00,2026-10-15 09:00,192,인천,0,7.3,0.0,0.0,0.0,0.0,,0.0,12.0,NE57_nc
KIM,2026-10-07 00:00,2026-10-15 21:00,204,인천,0,9.4,67.0,0.0,0.0,67.0,,0.0,12.0,NE57_nc
KIM,2026-10-07 00:00,2026-10-16 09:00,216,인천,0,10.9,98.0,28.0,52.0,97.0,,0.0,12.0,NE57_nc
KIM,2026-10-07 00:00,2026-10-16 21:00,228,인천,0,12.2,97.0,1.0,65.0,93.0,,0.0,12.0,NE57_nc
KIM,2026-10-07 00:00,2026-10-17 09:00,240,인천,0,14.1,85.0,38.0,67.0,76.0,,0.1,12.0,NE57_nc
KIM,2026-10-07 00:00,2026-10-17 21:00,252,인천,0,14.2,97.0,0.0,40.0,97.0,,0.0,12.0,NE57_nc
KIM,2026-10-07 00:00,2026-10-18 09:00,264,인천,0,15.4,80.0,1.0,65.0,44.0,,0.0,12.0,NE57_nc
KIM,2026-10-07 00:00,2026-10-18 21:00,276,인천,0,15.9,81.0,80.0,17.0,0.0,,0.7,12.0,NE57_nc
KIM,2026-10-07 00:00,2026-10-19 09:00,288,인천,0,16.8,74.0,74.0,21.0,0.0,,0.7,12.0,NE57_nc
KIM,2026-10-07 00:00,2026-10-07 09:00,0,수원,0,15.3,0.0,0.0,0.0,0.0,,,,NE57_nc
KIM,2026-10-07 00:00,2026-10-07 12:00,3,수원,0,20.4,0.0,0.0,0.0,0.0,615.0,0.0,3.0,NE57_nc
KIM,2026-10-07 00:00,2026-10-07 15:00,6,수원,0,21.1,0.0,0.0,0.0,0.0,676.0,0.0,3.0,NE57_nc
KIM,2026-10-07 00:00,2026-10-07 18:00,9,수원,0,16.6,0.0,0.0,0.0,0.0,239.0,0.0,3.0,NE57_nc
KIM,2026-10-07 00:00,2026-10-07 21:00,12,수원,0,13.9,0.0,0.0,0.0,0.0,0.0,0.0,3.0,NE57_nc
KIM,2026-10-07 00:00,2026-10-08 00:00,15,수원,0,13.0,0.0,0.0,0.0,0.0,0.0,0.0,3.0,NE57_nc
KIM,2026-10-07 00:00,2026-10-08 03:00,18,수원,0,11.1,0.0,0.0,0.0,0.0,-0.0,0.0,3.0,NE57_nc
KIM,2026-10-07 00:00,2026-10-08 06:00,21,수원,0,10.6,0.0,0.0,0.0,0.0,0.0,0.0,3.0,NE57_nc
KIM,2026-10-07 00:00,2026-10-08 09:00,24,수원,0,16.1,0.0,0.0,0.0,0.0,134.0,0.0,3.0,NE57_nc
KIM,2026-10-07 00:00,2026-10-08 12:00,27,수원,0,21.4,0.0,0.0,0.0,0.0,598.0,0.0,3.0,NE57_nc
KIM,2026-10-07 00:00,2026-10-08 15:00,30,수원,0,22.7,0.0,0.0,0.0,0.0,657.0,0.0,3.0,NE57_nc
KIM,2026-10-07 00:00,2026-10-08 18:00,33,수원,0,18.1,0.0,0.0,0.0,0.0,229.0,0.0,3.0,NE57_nc
KIM,2026-10-07 00:00,2026-10-08 21:00,36,수원,0,15.1,0.0,0.0,0.0,0.0,-0.0,0.0,3.0,NE57_nc
KIM,2026-10-07 00:00,2026-10-09 00:00,39,수원,0,13.7,0.0,0.0,0.0,0.0,0.0,0.0,3.0,NE57_nc
KIM,2026-10-07 00:00,2026-10-09 03:00,42,수원,0,12.4,0.0,0.0,0.0,0.0,0.0,0.0,3.0,NE57_nc
KIM,2026-10-07 00:00,2026-10-09 06:00,45,수원,0,11.5,58.0,0.0,0.0,58.0,-0.0,0.0,3.0,NE57_nc
KIM,2026-10-07 00:00,2026-10-09 09:00,48,수원,0,17.2,84.0,0.0,0.0,84.0,126.0,0.0,3.0,NE57_nc
KIM,2026-10-07 00:00,2026-10-09 12:00,51,수원,0,22.8,74.0,0.0,0.0,74.0,584.0,0.0,3.0,NE57_nc
KIM,2026-10-07 00:00,2026-10-09 15:00,54,수원,0,24.4,61.0,0.0,0.0,61.0,640.0,0.0,3.0,NE57_nc
KIM,2026-10-07 00:00,2026-10-09 18:00,57,수원,0,19.3,81.0,0.0,0.0,81.0,219.0,0.0,3.0,NE57_nc
KIM,2026-10-07 00:00,2026-10-09 21:00,60,수원,0,16.0,72.0,0.0,0.0,72.0,-0.0,0.0,3.0,NE57_nc
KIM,2026-10-07 00:00,2026-10-10 00:00,63,수원,0,14.6,88.0,0.0,0.0,88.0,-0.0,0.0,3.0,NE57_nc
KIM,2026-10-07 00:00,2026-10-10 03:00,66,수원,0,13.3,53.0,0.0,14.0,50.0,-0.0,0.0,3.0,NE57_nc
KIM,2026-10-07 00:00,2026-10-10 06:00,69,수원,0,12.7,42.0,0.0,27.0,34.0,0.0,0.0,3.0,NE57_nc
KIM,2026-10-07 00:00,2026-10-10 09:00,72,수원,0,18.6,13.0,0.0,3.0,12.0,129.0,0.0,3.0,NE57_nc
KIM,2026-10-07 00:00,2026-10-10 12:00,75,수원,0,24.0,24.0,4.0,0.0,20.0,584.0,0.0,3.0,NE57_nc
KIM,2026-10-07 00:00,2026-10-10 15:00,78,수원,0,25.3,61.0,12.0,0.0,53.0,632.0,0.0,3.0,NE57_nc
KIM,2026-10-07 00:00,2026-10-10 18:00,81,수원,0,21.1,72.0,71.0,0.0,18.0,209.0,0.0,3.0,NE57_nc
KIM,2026-10-07 00:00,2026-10-10 21:00,84,수원,0,19.7,99.0,99.0,35.0,0.0,-0.0,0.1,3.0,NE57_nc
KIM,2026-10-07 00:00,2026-10-11 00:00,87,수원,0,18.2,100.0,100.0,9.0,32.0,0.0,0.9,3.0,NE57_nc
KIM,2026-10-07 00:00,2026-10-11 03:00,90,수원,0,17.6,96.0,96.0,12.0,0.0,0.0,1.6,3.0,NE57_nc
KIM,2026-10-07 00:00,2026-10-11 06:00,93,수원,0,17.1,95.0,95.0,7.0,0.0,0.0,0.3,3.0,NE57_nc
KIM,2026-10-07 00:00,2026-10-11 09:00,96,수원,0,18.6,45.0,44.0,2.0,0.0,96.0,0.0,3.0,NE57_nc
KIM,2026-10-07 00:00,2026-10-11 12:00,99,수원,0,23.1,0.0,0.0,0.0,0.0,570.0,0.0,3.0,NE57_nc
KIM,2026-10-07 00:00,2026-10-11 15:00,102,수원,0,23.9,0.0,0.0,0.0,0.0,637.0,0.0,3.0,NE57_nc
KIM,2026-10-07 00:00,2026-10-11 18:00,105,수원,0,19.4,0.0,0.0,0.0,0.0,214.0,0.0,3.0,NE57_nc
KIM,2026-10-07 00:00,2026-10-11 21:00,108,수원,0,16.6,4.0,4.0,0.0,0.0,-0.0,0.0,3.0,NE57_nc
KIM,2026-10-07 00:00,2026-10-12 00:00,111,수원,0,15.6,12.0,12.0,0.0,0.0,-0.0,0.0,3.0,NE57_nc
KIM,2026-10-07 00:00,2026-10-12 03:00,114,수원,0,14.9,22.0,13.0,0.0,14.0,0.0,0.0,3.0,NE57_nc
KIM,2026-10-07 00:00,2026-10-12 06:00,117,수원,0,13.4,99.0,48.0,0.0,98.0,0.0,0.0,3.0,NE57_nc
KIM,2026-10-07 00:00,2026-10-12 09:00,120,수원,0,18.3,81.0,14.0,0.0,79.0,123.0,0.0,3.0,NE57_nc
KIM,2026-10-07 00:00,2026-10-12 21:00,132,수원,0,17.3,34.0,6.0,0.0,29.0,,0.0,12.0,NE57_nc
KIM,2026-10-07 00:00,2026-10-13 09:00,144,수원,0,18.8,63.0,5.0,61.0,9.0,,0.0,12.0,NE57_nc
KIM,2026-10-07 00:00,2026-10-13 21:00,156,수원,0,17.6,97.0,97.0,1.0,27.0,,0.1,12.0,NE57_nc
KIM,2026-10-07 00:00,2026-10-14 09:00,168,수원,0,11.4,34.0,34.0,0.0,0.0,,1.2,12.0,NE57_nc
KIM,2026-10-07 00:00,2026-10-14 21:00,180,수원,0,9.2,0.0,0.0,0.0,0.0,,0.0,12.0,NE57_nc
KIM,2026-10-07 00:00,2026-10-15 09:00,192,수원,0,7.6,0.0,0.0,0.0,0.0,,0.0,12.0,NE57_nc
KIM,2026-10-07 00:00,2026-10-15 21:00,204,수원,0,9.1,35.0,0.0,0.0,35.0,,0.0,12.0,NE57_nc
KIM,2026-10-07 00:00,2026-10-16 09:00,216,수원,0,12.3,92.0,23.0,15.0,90.0,,0.0,12.0,NE57_nc
KIM,2026-10-07 00:00,2026-10-16 21:00,228,수원,0,12.5,95.0,1.0,52.0,92.0,,0.0,12.0,NE57_nc
KIM,2026-10-07 00:00,2026-10-17 09:00,240,수원,0,14.8,100.0,44.0,89.0,100.0,,0.0,12.0,NE57_nc
KIM,2026-10-07 00:00,2026-10-17 21:00,252,수원,0,15.2,98.0,0.0,23.0,97.0,,0.0,12.0,NE57_nc
KIM,2026-10-07 00:00,2026-10-18 09:00,264,수원,0,16.2,85.0,1.0,71.0,56.0,,0.0,12.0,NE57_nc
KIM,2026-10-07 00:00,2026-10-18 21:00,276,수원,0,16.0,93.0,93.0,25.0,0.0,,1.5,12.0,NE57_nc
KIM,2026-10-07 00:00,2026-10-19 09:00,288,수원,0,16.7,79.0,78.0,20.0,0.0,,0.0,12.0,NE57_nc
KIM,2026-10-07 00:00,2026-10-07 09:00,0,전주,0,16.3,0.0,0.0,0.0,0.0,,,,NE57_nc
KIM,2026-10-07 00:00,2026-10-07 12:00,3,전주,0,20.6,0.0,0.0,0.0,0.0,626.0,0.0,3.0,NE57_nc
KIM,2026-10-07 00:00,2026-10-07 15:00,6,전주,0,21.6,0.0,0.0,0.0,0.0,685.0,0.0,3.0,NE57_nc
KIM,2026-10-07 00:00,2026-10-07 18:00,9,전주,0,17.7,0.0,0.0,0.0,0.0,243.0,0.0,3.0,NE57_nc
KIM,2026-10-07 00:00,2026-10-07 21:00,12,전주,0,14.4,0.0,0.0,0.0,0.0,0.0,0.0,3.0,NE57_nc
KIM,2026-10-07 00:00,2026-10-08 00:00,15,전주,0,12.4,0.0,0.0,0.0,0.0,0.0,0.0,3.0,NE57_nc
KIM,2026-10-07 00:00,2026-10-08 03:00,18,전주,0,11.1,0.0,0.0,0.0,0.0,-0.0,0.0,3.0,NE57_nc
KIM,2026-10-07 00:00,2026-10-08 06:00,21,전주,0,10.6,0.0,0.0,0.0,0.0,0.0,0.0,3.0,NE57_nc
KIM,2026-10-07 00:00,2026-10-08 09:00,24,전주,0,16.4,0.0,0.0,0.0,0.0,143.0,0.0,3.0,NE57_nc
KIM,2026-10-07 00:00,2026-10-08 12:00,27,전주,0,21.3,0.0,0.0,0.0,0.0,618.0,0.0,3.0,NE57_nc
KIM,2026-10-07 00:00,2026-10-08 15:00,30,전주,0,22.5,0.0,0.0,0.0,0.0,679.0,0.0,3.0,NE57_nc
KIM,2026-10-07 00:00,2026-10-08 18:00,33,전주,0,18.5,0.0,0.0,0.0,0.0,240.0,0.0,3.0,NE57_nc
KIM,2026-10-07 00:00,2026-10-08 21:00,36,전주,0,15.6,0.0,0.0,0.0,0.0,-0.0,0.0,3.0,NE57_nc
KIM,2026-10-07 00:00,2026-10-09 00:00,39,전주,0,14.2,0.0,0.0,0.0,0.0,0.0,0.0,3.0,NE57_nc
KIM,2026-10-07 00:00,2026-10-09 03:00,42,전주,0,12.7,1.0,0.0,0.0,1.0,0.0,0.0,3.0,NE57_nc
KIM,2026-10-07 00:00,2026-10-09 06:00,45,전주,0,12.1,94.0,0.0,0.0,94.0,-0.0,0.0,3.0,NE57_nc
KIM,2026-10-07 00:00,2026-10-09 09:00,48,전주,0,17.5,80.0,0.0,0.0,80.0,139.0,0.0,3.0,NE57_nc
KIM,2026-10-07 00:00,2026-10-09 12:00,51,전주,0,22.5,78.0,0.0,4.0,77.0,602.0,0.0,3.0,NE57_nc
KIM,2026-10-07 00:00,2026-10-09 15:00,54,전주,0,23.6,34.0,0.0,9.0,32.0,584.0,0.0,3.0,NE57_nc
KIM,2026-10-07 00:00,2026-10-09 18:00,57,전주,0,19.6,58.0,0.0,5.0,57.0,212.0,0.0,3.0,NE57_nc
KIM,2026-10-07 00:00,2026-10-09 21:00,60,전주,0,16.6,49.0,0.0,0.0,49.0,-0.0,0.0,3.0,NE57_nc
KIM,2026-10-07 00:00,2026-10-10 00:00,63,전주,0,15.4,46.0,0.0,5.0,44.0,-0.0,0.0,3.0,NE57_nc
KIM,2026-10-07 00:00,2026-10-10 03:00,66,전주,0,14.0,64.0,5.0,17.0,60.0,-0.0,0.0,3.0,NE57_nc
KIM,2026-10-07 00:00,2026-10-10 06:00,69,전주,0,14.0,55.0,46.0,39.0,3.0,0.0,0.0,3.0,NE57_nc
KIM,2026-10-07 00:00,2026-10-10 09:00,72,전주,0,17.3,98.0,97.0,22.0,11.0,41.0,0.0,3.0,NE57_nc
KIM,2026-10-07 00:00,2026-10-10 12:00,75,전주,0,19.9,70.0,70.0,0.0,0.0,139.0,0.1,3.0,NE57_nc
KIM,2026-10-07 00:00,2026-10-10 15:00,78,전주,0,24.6,45.0,21.0,17.0,30.0,396.0,0.0,3.0,NE57_nc
KIM,2026-10-07 00:00,2026-10-10 18:00,81,전주,0,21.3,100.0,96.0,75.0,21.0,203.0,1.7,3.0,NE57_nc
KIM,2026-10-07 00:00,2026-10-10 21:00,84,전주,0,20.4,99.0,99.0,43.0,0.0,-0.0,4.8,3.0,NE57_nc
KIM,2026-10-07 00:00,2026-10-11 00:00,87,전주,0,20.4,83.0,83.0,1.0,0.0,0.0,0.0,3.0,NE57_nc
KIM,2026-10-07 00:00,2026-10-11 03:00,90,전주,0,19.6,85.0,85.0,0.0,0.0,0.0,0.1,3.0,NE57_nc
KIM,2026-10-07 00:00,2026-10-11 06:00,93,전주,0,19.2,95.0,95.0,4.0,0.0,0.0,0.7,3.0,NE57_nc
KIM,2026-10-07 00:00,2026-10-11 09:00,96,전주,0,19.7,93.0,93.0,0.0,0.0,37.0,0.4,3.0,NE57_nc
KIM,2026-10-07 00:00,2026-10-11 12:00,99,전주,0,22.3,63.0,63.0,0.0,0.0,231.0,0.1,3.0,NE57_nc
KIM,2026-10-07 00:00,2026-10-11 15:00,102,전주,0,24.1,46.0,46.0,0.0,0.0,515.0,0.2,3.0,NE57_nc
KIM,2026-10-07 00:00,2026-10-11 18:00,105,전주,0,21.1,62.0,62.0,0.0,0.0,200.0,0.0,3.0,NE57_nc
KIM,2026-10-07 00:00,2026-10-11 21:00,108,전주,0,18.1,51.0,51.0,0.0,0.0,-0.0,0.0,3.0,NE57_nc
KIM,2026-10-07 00:00,2026-10-12 00:00,111,전주,0,16.4,50.0,50.0,0.0,0.0,-0.0,0.0,3.0,NE57_nc
KIM,2026-10-07 00:00,2026-10-12 03:00,114,전주,0,15.3,59.0,57.0,0.0,8.0,0.0,0.0,3.0,NE57_nc
KIM,2026-10-07 00:00,2026-10-12 06:00,117,전주,0,15.3,93.0,77.0,0.0,75.0,0.0,0.0,3.0,NE57_nc
KIM,2026-10-07 00:00,2026-10-12 09:00,120,전주,0,19.6,89.0,88.0,0.0,17.0,90.0,0.0,3.0,NE57_nc
KIM,2026-10-07 00:00,2026-10-12 21:00,132,전주,0,18.2,68.0,68.0,0.0,0.0,,0.0,12.0,NE57_nc
KIM,2026-10-07 00:00,2026-10-13 09:00,144,전주,0,20.0,87.0,84.0,52.0,0.0,,0.1,12.0,NE57_nc
KIM,2026-10-07 00:00,2026-10-13 21:00,156,전주,0,16.8,68.0,50.0,0.0,59.0,,0.0,12.0,NE57_nc
KIM,2026-10-07 00:00,2026-10-14 09:00,168,전주,0,14.0,0.0,0.0,0.0,0.0,,1.5,12.0,NE57_nc
KIM,2026-10-07 00:00,2026-10-14 21:00,180,전주,0,10.4,1.0,1.0,0.0,0.0,,0.0,12.0,NE57_nc
KIM,2026-10-07 00:00,2026-10-15 09:00,192,전주,0,9.0,6.0,0.0,0.0,6.0,,0.0,12.0,NE57_nc
KIM,2026-10-07 00:00,2026-10-15 21:00,204,전주,0,9.5,0.0,0.0,0.0,0.0,,0.0,12.0,NE57_nc
KIM,2026-10-07 00:00,2026-10-16 09:00,216,전주,0,12.6,85.0,9.0,24.0,82.0,,0.0,12.0,NE57_nc
KIM,2026-10-07 00:00,2026-10-16 21:00,228,전주,0,14.0,93.0,0.0,78.0,75.0,,0.0,12.0,NE57_nc
KIM,2026-10-07 00:00,2026-10-17 09:00,240,전주,0,14.3,97.0,0.0,74.0,96.0,,0.0,12.0,NE57_nc
KIM,2026-10-07 00:00,2026-10-17 21:00,252,전주,0,16.2,84.0,14.0,46.0,74.0,,0.0,12.0,NE57_nc
KIM,2026-10-07 00:00,2026-10-18 09:00,264,전주,0,17.6,96.0,92.0,66.0,55.0,,0.0,12.0,NE57_nc
KIM,2026-10-07 00:00,2026-10-18 21:00,276,전주,0,16.8,80.0,77.0,33.0,4.0,,0.0,12.0,NE57_nc
KIM,2026-10-07 00:00,2026-10-19 09:00,288,전주,0,18.0,84.0,84.0,0.0,0.0,,0.0,12.0,NE57_nc
KIM,2026-10-07 00:00,2026-10-07 09:00,0,강릉,0,17.6,0.0,0.0,0.0,0.0,,,,NE57_nc
KIM,2026-10-07 00:00,2026-10-07 12:00,3,강릉,0,19.6,0.0,0.0,0.0,0.0,611.0,0.0,3.0,NE57_nc
KIM,2026-10-07 00:00,2026-10-07 15:00,6,강릉,0,19.4,8.0,8.0,0.0,0.0,643.0,0.0,3.0,NE57_nc
KIM,2026-10-07 00:00,2026-10-07 18:00,9,강릉,0,17.1,0.0,0.0,0.0,0.0,208.0,0.0,3.0,NE57_nc
KIM,2026-10-07 00:00,2026-10-07 21:00,12,강릉,0,15.9,0.0,0.0,0.0,0.0,0.0,0.0,3.0,NE57_nc
KIM,2026-10-07 00:00,2026-10-08 00:00,15,강릉,0,15.4,0.0,0.0,0.0,0.0,0.0,0.0,3.0,NE57_nc
KIM,2026-10-07 00:00,2026-10-08 03:00,18,강릉,0,15.2,0.0,0.0,0.0,0.0,-0.0,0.0,3.0,NE57_nc
KIM,2026-10-07 00:00,2026-10-08 06:00,21,강릉,0,14.9,0.0,0.0,0.0,0.0,0.0,0.0,3.0,NE57_nc
KIM,2026-10-07 00:00,2026-10-08 09:00,24,강릉,0,19.4,0.0,0.0,0.0,0.0,154.0,0.0,3.0,NE57_nc
KIM,2026-10-07 00:00,2026-10-08 12:00,27,강릉,0,21.0,0.0,0.0,0.0,0.0,609.0,0.0,3.0,NE57_nc
KIM,2026-10-07 00:00,2026-10-08 15:00,30,강릉,0,20.8,0.0,0.0,0.0,0.0,637.0,0.0,3.0,NE57_nc
KIM,2026-10-07 00:00,2026-10-08 18:00,33,강릉,0,18.4,0.0,0.0,0.0,0.0,203.0,0.0,3.0,NE57_nc
KIM,2026-10-07 00:00,2026-10-08 21:00,36,강릉,0,17.0,0.0,0.0,0.0,0.0,-0.0,0.0,3.0,NE57_nc
KIM,2026-10-07 00:00,2026-10-09 00:00,39,강릉,0,16.4,0.0,0.0,0.0,0.0,0.0,0.0,3.0,NE57_nc
KIM,2026-10-07 00:00,2026-10-09 03:00,42,강릉,0,16.0,0.0,0.0,0.0,0.0,0.0,0.0,3.0,NE57_nc
KIM,2026-10-07 00:00,2026-10-09 06:00,45,강릉,0,15.9,0.0,0.0,0.0,0.0,-0.0,0.0,3.0,NE57_nc
KIM,2026-10-07 00:00,2026-10-09 09:00,48,강릉,0,20.5,0.0,0.0,0.0,0.0,148.0,0.0,3.0,NE57_nc
KIM,2026-10-07 00:00,2026-10-09 12:00,51,강릉,0,22.5,49.0,0.0,0.0,49.0,599.0,0.0,3.0,NE57_nc
KIM,2026-10-07 00:00,2026-10-09 15:00,54,강릉,0,22.0,17.0,0.0,0.0,17.0,623.0,0.0,3.0,NE57_nc
KIM,2026-10-07 00:00,2026-10-09 18:00,57,강릉,0,19.5,76.0,0.0,0.0,76.0,196.0,0.0,3.0,NE57_nc
KIM,2026-10-07 00:00,2026-10-09 21:00,60,강릉,0,18.3,52.0,5.0,0.0,49.0,-0.0,0.0,3.0,NE57_nc
KIM,2026-10-07 00:00,2026-10-10 00:00,63,강릉,0,17.4,80.0,7.0,0.0,79.0,-0.0,0.0,3.0,NE57_nc
KIM,2026-10-07 00:00,2026-10-10 03:00,66,강릉,0,16.5,79.0,6.0,0.0,77.0,-0.0,0.0,3.0,NE57_nc
KIM,2026-10-07 00:00,2026-10-10 06:00,69,강릉,0,15.8,56.0,2.0,1.0,55.0,0.0,0.0,3.0,NE57_nc
KIM,2026-10-07 00:00,2026-10-10 09:00,72,강릉,0,20.3,1.0,0.0,0.0,0.0,146.0,0.0,3.0,NE57_nc
KIM,2026-10-07 00:00,2026-10-10 12:00,75,강릉,0,22.2,4.0,0.0,0.0,4.0,591.0,0.0,3.0,NE57_nc
KIM,2026-10-07 00:00,2026-10-10 15:00,78,강릉,0,21.9,15.0,0.0,7.0,9.0,617.0,0.0,3.0,NE57_nc
KIM,2026-10-07 00:00,2026-10-10 18:00,81,강릉,0,20.0,77.0,52.0,6.0,64.0,188.0,0.0,3.0,NE57_nc
KIM,2026-10-07 00:00,2026-10-10 21:00,84,강릉,0,20.2,98.0,78.0,12.0,95.0,-0.0,0.0,3.0,NE57_nc
KIM,2026-10-07 00:00,2026-10-11 00:00,87,강릉,0,21.0,99.0,75.0,57.0,97.0,0.0,0.0,3.0,NE57_nc
KIM,2026-10-07 00:00,2026-10-11 03:00,90,강릉,0,19.7,100.0,91.0,99.0,69.0,0.0,0.3,3.0,NE57_nc
KIM,2026-10-07 00:00,2026-10-11 06:00,93,강릉,0,19.1,63.0,63.0,23.0,1.0,0.0,4.4,3.0,NE57_nc
KIM,2026-10-07 00:00,2026-10-11 09:00,96,강릉,0,21.5,74.0,74.0,8.0,0.0,135.0,0.0,3.0,NE57_nc
KIM,2026-10-07 00:00,2026-10-11 12:00,99,강릉,0,22.6,48.0,44.0,6.0,2.0,477.0,0.3,3.0,NE57_nc
KIM,2026-10-07 00:00,2026-10-11 15:00,102,강릉,0,22.7,37.0,34.0,6.0,3.0,535.0,0.2,3.0,NE57_nc
KIM,2026-10-07 00:00,2026-10-11 18:00,105,강릉,0,20.3,50.0,50.0,0.0,0.0,167.0,0.1,3.0,NE57_nc
KIM,2026-10-07 00:00,2026-10-11 21:00,108,강릉,0,19.2,68.0,68.0,0.0,0.0,-0.0,0.0,3.0,NE57_nc
KIM,2026-10-07 00:00,2026-10-12 00:00,111,강릉,0,18.4,68.0,68.0,0.0,0.0,-0.0,0.0,3.0,NE57_nc
KIM,2026-10-07 00:00,2026-10-12 03:00,114,강릉,0,17.8,82.0,82.0,0.0,0.0,0.0,0.0,3.0,NE57_nc
KIM,2026-10-07 00:00,2026-10-12 06:00,117,강릉,0,17.8,98.0,98.0,0.0,23.0,0.0,0.0,3.0,NE57_nc
KIM,2026-10-07 00:00,2026-10-12 09:00,120,강릉,0,19.6,94.0,86.0,0.0,82.0,58.0,0.0,3.0,NE57_nc
KIM,2026-10-07 00:00,2026-10-12 21:00,132,강릉,0,18.5,96.0,96.0,0.0,18.0,,0.5,12.0,NE57_nc
KIM,2026-10-07 00:00,2026-10-13 09:00,144,강릉,0,19.3,96.0,78.0,82.0,15.0,,0.1,12.0,NE57_nc
KIM,2026-10-07 00:00,2026-10-13 21:00,156,강릉,0,18.2,33.0,32.0,6.0,0.0,,3.3,12.0,NE57_nc
KIM,2026-10-07 00:00,2026-10-14 09:00,168,강릉,0,15.3,0.0,0.0,0.0,0.0,,0.0,12.0,NE57_nc
KIM,2026-10-07 00:00,2026-10-14 21:00,180,강릉,0,11.5,0.0,0.0,0.0,0.0,,0.0,12.0,NE57_nc
KIM,2026-10-07 00:00,2026-10-15 09:00,192,강릉,0,13.7,0.0,0.0,0.0,0.0,,0.0,12.0,NE57_nc
KIM,2026-10-07 00:00,2026-10-15 21:00,204,강릉,0,12.6,3.0,0.0,0.0,3.0,,0.0,12.0,NE57_nc
KIM,2026-10-07 00:00,2026-10-16 09:00,216,강릉,0,15.6,81.0,0.0,0.0,81.0,,0.0,12.0,NE57_nc
KIM,2026-10-07 00:00,2026-10-16 21:00,228,강릉,0,14.4,83.0,0.0,1.0,83.0,,0.0,12.0,NE57_nc
KIM,2026-10-07 00:00,2026-10-17 09:00,240,강릉,0,15.8,99.0,74.0,87.0,97.0,,0.1,12.0,NE57_nc
KIM,2026-10-07 00:00,2026-10-17 21:00,252,강릉,0,15.8,80.0,47.0,0.0,50.0,,0.0,12.0,NE57_nc
KIM,2026-10-07 00:00,2026-10-18 09:00,264,강릉,0,16.2,100.0,100.0,82.0,77.0,,3.6,12.0,NE57_nc
KIM,2026-10-07 00:00,2026-10-18 21:00,276,강릉,0,15.7,99.0,90.0,88.0,51.0,,8.4,12.0,NE57_nc
KIM,2026-10-07 00:00,2026-10-19 09:00,288,강릉,0,17.0,61.0,56.0,37.0,0.0,,3.3,12.0,NE57_nc
KIM,2026-10-07 00:00,2026-10-07 09:00,0,제주,0,18.5,10.0,0.0,0.0,10.0,,,,NE57_nc
KIM,2026-10-07 00:00,2026-10-07 12:00,3,제주,0,19.1,1.0,0.0,0.0,1.0,646.0,0.0,3.0,NE57_nc
KIM,2026-10-07 00:00,2026-10-07 15:00,6,제주,0,19.3,0.0,0.0,0.0,0.0,719.0,0.0,3.0,NE57_nc
KIM,2026-10-07 00:00,2026-10-07 18:00,9,제주,0,19.4,0.0,0.0,0.0,0.0,267.0,0.0,3.0,NE57_nc
KIM,2026-10-07 00:00,2026-10-07 21:00,12,제주,0,19.5,1.0,1.0,0.0,0.0,0.0,0.0,3.0,NE57_nc
KIM,2026-10-07 00:00,2026-10-08 00:00,15,제주,0,19.8,1.0,1.0,0.0,0.0,0.0,0.0,3.0,NE57_nc
KIM,2026-10-07 00:00,2026-10-08 03:00,18,제주,0,19.6,0.0,0.0,0.0,0.0,-0.0,0.0,3.0,NE57_nc
KIM,2026-10-07 00:00,2026-10-08 06:00,21,제주,0,19.3,0.0,0.0,0.0,0.0,0.0,0.0,3.0,NE57_nc
KIM,2026-10-07 00:00,2026-10-08 09:00,24,제주,0,20.0,0.0,0.0,0.0,0.0,143.0,0.0,3.0,NE57_nc
KIM,2026-10-07 00:00,2026-10-08 12:00,27,제주,0,21.6,2.0,2.0,0.0,0.0,629.0,0.0,3.0,NE57_nc
KIM,2026-10-07 00:00,2026-10-08 15:00,30,제주,0,21.9,22.0,22.0,0.0,0.0,696.0,0.0,3.0,NE57_nc
KIM,2026-10-07 00:00,2026-10-08 18:00,33,제주,0,21.1,21.0,21.0,0.0,0.0,252.0,0.0,3.0,NE57_nc
KIM,2026-10-07 00:00,2026-10-08 21:00,36,제주,0,20.7,28.0,28.0,0.0,0.0,0.0,0.0,3.0,NE57_nc
KIM,2026-10-07 00:00,2026-10-09 00:00,39,제주,0,20.6,85.0,39.0,0.0,74.0,0.0,0.0,3.0,NE57_nc
KIM,2026-10-07 00:00,2026-10-09 03:00,42,제주,0,20.8,96.0,52.0,0.0,88.0,0.0,0.0,3.0,NE57_nc
KIM,2026-10-07 00:00,2026-10-09 06:00,45,제주,0,20.7,91.0,40.0,0.0,88.0,-0.0,0.0,3.0,NE57_nc
KIM,2026-10-07 00:00,2026-10-09 09:00,48,제주,0,21.2,61.0,29.0,2.0,51.0,137.0,0.0,3.0,NE57_nc
KIM,2026-10-07 00:00,2026-10-09 12:00,51,제주,0,21.9,51.0,32.0,2.0,33.0,620.0,0.0,3.0,NE57_nc
KIM,2026-10-07 00:00,2026-10-09 15:00,54,제주,0,21.6,52.0,50.0,13.0,7.0,684.0,0.0,3.0,NE57_nc
KIM,2026-10-07 00:00,2026-10-09 18:00,57,제주,0,21.3,34.0,34.0,1.0,1.0,244.0,0.0,3.0,NE57_nc
KIM,2026-10-07 00:00,2026-10-09 21:00,60,제주,0,21.7,11.0,10.0,2.0,0.0,-0.0,0.0,3.0,NE57_nc
KIM,2026-10-07 00:00,2026-10-10 00:00,63,제주,0,22.2,62.0,62.0,0.0,0.0,-0.0,0.0,3.0,NE57_nc
KIM,2026-10-07 00:00,2026-10-10 03:00,66,제주,0,22.3,48.0,48.0,0.0,0.0,-0.0,0.0,3.0,NE57_nc
KIM,2026-10-07 00:00,2026-10-10 06:00,69,제주,0,22.3,47.0,47.0,0.0,0.0,0.0,0.0,3.0,NE57_nc
KIM,2026-10-07 00:00,2026-10-10 09:00,72,제주,0,23.5,45.0,44.0,6.0,0.0,111.0,0.1,3.0,NE57_nc
KIM,2026-10-07 00:00,2026-10-10 12:00,75,제주,0,24.4,71.0,71.0,6.0,0.0,573.0,0.5,3.0,NE57_nc
KIM,2026-10-07 00:00,2026-10-10 15:00,78,제주,0,24.0,79.0,79.0,4.0,1.0,375.0,0.6,3.0,NE57_nc
KIM,2026-10-07 00:00,2026-10-10 18:00,81,제주,0,23.6,66.0,66.0,1.0,0.0,172.0,0.1,3.0,NE57_nc
KIM,2026-10-07 00:00,2026-10-10 21:00,84,제주,0,23.3,73.0,73.0,2.0,0.0,-0.0,0.0,3.0,NE57_nc
KIM,2026-10-07 00:00,2026-10-11 00:00,87,제주,0,23.2,75.0,75.0,9.0,0.0,0.0,0.1,3.0,NE57_nc
KIM,2026-10-07 00:00,2026-10-11 03:00,90,제주,0,22.5,85.0,82.0,34.0,0.0,0.0,1.8,3.0,NE57_nc
KIM,2026-10-07 00:00,2026-10-11 06:00,93,제주,0,22.1,76.0,76.0,9.0,0.0,0.0,0.1,3.0,NE57_nc
KIM,2026-10-07 00:00,2026-10-11 09:00,96,제주,0,22.1,79.0,79.0,1.0,0.0,126.0,0.0,3.0,NE57_nc
KIM,2026-10-07 00:00,2026-10-11 12:00,99,제주,0,22.4,49.0,49.0,0.0,0.0,571.0,0.0,3.0,NE57_nc
KIM,2026-10-07 00:00,2026-10-11 15:00,102,제주,0,22.4,68.0,68.0,0.0,0.0,526.0,0.2,3.0,NE57_nc
KIM,2026-10-07 00:00,2026-10-11 18:00,105,제주,0,22.1,84.0,84.0,0.0,0.0,74.0,0.6,3.0,NE57_nc
KIM,2026-10-07 00:00,2026-10-11 21:00,108,제주,0,22.0,68.0,68.0,0.0,0.0,-0.0,0.2,3.0,NE57_nc
KIM,2026-10-07 00:00,2026-10-12 00:00,111,제주,0,21.7,45.0,45.0,0.0,0.0,-0.0,0.0,3.0,NE57_nc
KIM,2026-10-07 00:00,2026-10-12 03:00,114,제주,0,21.4,50.0,49.0,0.0,2.0,0.0,0.0,3.0,NE57_nc
KIM,2026-10-07 00:00,2026-10-12 06:00,117,제주,0,21.2,75.0,75.0,0.0,2.0,0.0,0.0,3.0,NE57_nc
KIM,2026-10-07 00:00,2026-10-12 09:00,120,제주,0,21.3,56.0,56.0,0.0,0.0,114.0,0.1,3.0,NE57_nc
KIM,2026-10-07 00:00,2026-10-12 21:00,132,제주,0,21.8,42.0,42.0,0.0,0.0,,0.1,12.0,NE57_nc
KIM,2026-10-07 00:00,2026-10-13 09:00,144,제주,0,21.2,68.0,67.0,8.0,0.0,,0.1,12.0,NE57_nc
KIM,2026-10-07 00:00,2026-10-13 21:00,156,제주,0,20.8,3.0,2.0,0.0,1.0,,0.0,12.0,NE57_nc
KIM,2026-10-07 00:00,2026-10-14 09:00,168,제주,0,19.5,92.0,92.0,0.0,1.0,,1.3,12.0,NE57_nc
KIM,2026-10-07 00:00,2026-10-14 21:00,180,제주,0,16.9,0.0,0.0,0.0,0.0,,0.2,12.0,NE57_nc
KIM,2026-10-07 00:00,2026-10-15 09:00,192,제주,0,14.4,65.0,5.0,23.0,62.0,,0.1,12.0,NE57_nc
KIM,2026-10-07 00:00,2026-10-15 21:00,204,제주,0,17.6,0.0,0.0,0.0,0.0,,0.0,12.0,NE57_nc
KIM,2026-10-07 00:00,2026-10-16 09:00,216,제주,0,19.3,59.0,0.0,0.0,59.0,,0.0,12.0,NE57_nc
KIM,2026-10-07 00:00,2026-10-16 21:00,228,제주,0,20.3,100.0,1.0,0.0,100.0,,0.0,12.0,NE57_nc
KIM,2026-10-07 00:00,2026-10-17 09:00,240,제주,0,20.3,99.0,14.0,80.0,98.0,,0.0,12.0,NE57_nc
KIM,2026-10-07 00:00,2026-10-17 21:00,252,제주,0,21.8,81.0,64.0,63.0,0.0,,0.0,12.0,NE57_nc
KIM,2026-10-07 00:00,2026-10-18 09:00,264,제주,0,19.6,53.0,46.0,16.0,13.0,,0.6,12.0,NE57_nc
KIM,2026-10-07 00:00,2026-10-18 21:00,276,제주,0,20.0,38.0,26.0,12.0,16.0,,0.0,12.0,NE57_nc
KIM,2026-10-07 00:00,2026-10-19 09:00,288,제주,0,19.6,45.0,45.0,0.0,0.0,,0.1,12.0,NE57_nc
KIM,2026-10-07 00:00,2026-10-07 09:00,0,나주,0,16.3,0.0,0.0,0.0,0.0,,,,NE57_nc
KIM,2026-10-07 00:00,2026-10-07 12:00,3,나주,0,21.7,0.0,0.0,0.0,0.0,633.0,0.0,3.0,NE57_nc
KIM,2026-10-07 00:00,2026-10-07 15:00,6,나주,0,22.4,0.0,0.0,0.0,0.0,691.0,0.0,3.0,NE57_nc
KIM,2026-10-07 00:00,2026-10-07 18:00,9,나주,0,18.1,0.0,0.0,0.0,0.0,250.0,0.0,3.0,NE57_nc
KIM,2026-10-07 00:00,2026-10-07 21:00,12,나주,0,14.3,0.0,0.0,0.0,0.0,0.0,0.0,3.0,NE57_nc
KIM,2026-10-07 00:00,2026-10-08 00:00,15,나주,0,12.7,0.0,0.0,0.0,0.0,0.0,0.0,3.0,NE57_nc
KIM,2026-10-07 00:00,2026-10-08 03:00,18,나주,0,11.2,0.0,0.0,0.0,0.0,-0.0,0.0,3.0,NE57_nc
KIM,2026-10-07 00:00,2026-10-08 06:00,21,나주,0,10.3,0.0,0.0,0.0,0.0,0.0,0.0,3.0,NE57_nc
KIM,2026-10-07 00:00,2026-10-08 09:00,24,나주,0,17.0,0.0,0.0,0.0,0.0,144.0,0.0,3.0,NE57_nc
KIM,2026-10-07 00:00,2026-10-08 12:00,27,나주,0,22.5,0.0,0.0,0.0,0.0,626.0,0.0,3.0,NE57_nc
KIM,2026-10-07 00:00,2026-10-08 15:00,30,나주,0,23.6,0.0,0.0,0.0,0.0,687.0,0.0,3.0,NE57_nc
KIM,2026-10-07 00:00,2026-10-08 18:00,33,나주,0,19.8,0.0,0.0,0.0,0.0,244.0,0.0,3.0,NE57_nc
KIM,2026-10-07 00:00,2026-10-08 21:00,36,나주,0,16.0,0.0,0.0,0.0,0.0,-0.0,0.0,3.0,NE57_nc
KIM,2026-10-07 00:00,2026-10-09 00:00,39,나주,0,14.4,22.0,0.0,0.0,22.0,0.0,0.0,3.0,NE57_nc
KIM,2026-10-07 00:00,2026-10-09 03:00,42,나주,0,13.3,83.0,0.0,0.0,83.0,0.0,0.0,3.0,NE57_nc
KIM,2026-10-07 00:00,2026-10-09 06:00,45,나주,0,12.2,92.0,0.0,0.0,92.0,-0.0,0.0,3.0,NE57_nc
KIM,2026-10-07 00:00,2026-10-09 09:00,48,나주,0,18.3,97.0,0.0,6.0,97.0,133.0,0.0,3.0,NE57_nc
KIM,2026-10-07 00:00,2026-10-09 12:00,51,나주,0,23.1,20.0,0.0,0.0,20.0,565.0,0.0,3.0,NE57_nc
KIM,2026-10-07 00:00,2026-10-09 15:00,54,나주,0,24.6,48.0,0.0,8.0,47.0,664.0,0.0,3.0,NE57_nc
KIM,2026-10-07 00:00,2026-10-09 18:00,57,나주,0,20.6,20.0,0.0,4.0,17.0,207.0,0.0,3.0,NE57_nc
KIM,2026-10-07 00:00,2026-10-09 21:00,60,나주,0,16.8,49.0,0.0,0.0,49.0,-0.0,0.0,3.0,NE57_nc
KIM,2026-10-07 00:00,2026-10-10 00:00,63,나주,0,15.8,58.0,4.0,14.0,54.0,-0.0,0.0,3.0,NE57_nc
KIM,2026-10-07 00:00,2026-10-10 03:00,66,나주,0,15.3,57.0,52.0,11.0,1.0,-0.0,0.0,3.0,NE57_nc
KIM,2026-10-07 00:00,2026-10-10 06:00,69,나주,0,15.3,93.0,93.0,25.0,0.0,0.0,0.0,3.0,NE57_nc
KIM,2026-10-07 00:00,2026-10-10 09:00,72,나주,0,18.2,65.0,65.0,1.0,0.0,21.0,0.0,3.0,NE57_nc
KIM,2026-10-07 00:00,2026-10-10 12:00,75,나주,0,25.2,38.0,35.0,8.0,0.0,478.0,0.5,3.0,NE57_nc
KIM,2026-10-07 00:00,2026-10-10 15:00,78,나주,0,22.8,96.0,94.0,26.0,23.0,314.0,4.4,3.0,NE57_nc
KIM,2026-10-07 00:00,2026-10-10 18:00,81,나주,0,21.1,100.0,100.0,37.0,1.0,9.0,2.5,3.0,NE57_nc
KIM,2026-10-07 00:00,2026-10-10 21:00,84,나주,0,21.0,91.0,91.0,7.0,0.0,-0.0,0.1,3.0,NE57_nc
KIM,2026-10-07 00:00,2026-10-11 00:00,87,나주,0,20.5,54.0,54.0,1.0,0.0,0.0,0.4,3.0,NE57_nc
KIM,2026-10-07 00:00,2026-10-11 03:00,90,나주,0,19.5,77.0,77.0,1.0,0.0,0.0,0.0,3.0,NE57_nc
KIM,2026-10-07 00:00,2026-10-11 06:00,93,나주,0,19.1,90.0,90.0,12.0,0.0,0.0,1.1,3.0,NE57_nc
KIM,2026-10-07 00:00,2026-10-11 09:00,96,나주,0,20.9,93.0,93.0,0.0,0.0,37.0,0.1,3.0,NE57_nc
KIM,2026-10-07 00:00,2026-10-11 12:00,99,나주,0,23.6,41.0,41.0,0.0,0.0,348.0,0.2,3.0,NE57_nc
KIM,2026-10-07 00:00,2026-10-11 15:00,102,나주,0,25.2,26.0,26.0,0.0,0.0,598.0,0.1,3.0,NE57_nc
KIM,2026-10-07 00:00,2026-10-11 18:00,105,나주,0,21.4,56.0,56.0,0.0,0.0,221.0,0.0,3.0,NE57_nc
KIM,2026-10-07 00:00,2026-10-11 21:00,108,나주,0,18.9,73.0,73.0,0.0,0.0,-0.0,0.0,3.0,NE57_nc
KIM,2026-10-07 00:00,2026-10-12 00:00,111,나주,0,17.0,70.0,70.0,0.0,0.0,-0.0,0.0,3.0,NE57_nc
KIM,2026-10-07 00:00,2026-10-12 03:00,114,나주,0,16.0,67.0,63.0,0.0,21.0,0.0,0.0,3.0,NE57_nc
KIM,2026-10-07 00:00,2026-10-12 06:00,117,나주,0,15.6,88.0,76.0,0.0,65.0,0.0,0.0,3.0,NE57_nc
KIM,2026-10-07 00:00,2026-10-12 09:00,120,나주,0,19.7,94.0,93.0,0.0,13.0,40.0,0.0,3.0,NE57_nc
KIM,2026-10-07 00:00,2026-10-12 21:00,132,나주,0,18.9,92.0,92.0,0.0,5.0,,0.5,12.0,NE57_nc
KIM,2026-10-07 00:00,2026-10-13 09:00,144,나주,0,20.6,82.0,80.0,48.0,0.0,,0.0,12.0,NE57_nc
KIM,2026-10-07 00:00,2026-10-13 21:00,156,나주,0,17.1,97.0,80.0,14.0,96.0,,0.0,12.0,NE57_nc
KIM,2026-10-07 00:00,2026-10-14 09:00,168,나주,0,16.2,45.0,30.0,38.0,0.0,,0.4,12.0,NE57_nc
KIM,2026-10-07 00:00,2026-10-14 21:00,180,나주,0,12.5,0.0,0.0,0.0,0.0,,0.0,12.0,NE57_nc
KIM,2026-10-07 00:00,2026-10-15 09:00,192,나주,0,10.9,26.0,0.0,0.0,26.0,,0.0,12.0,NE57_nc
KIM,2026-10-07 00:00,2026-10-15 21:00,204,나주,0,9.8,15.0,0.0,0.0,15.0,,0.0,12.0,NE57_nc
KIM,2026-10-07 00:00,2026-10-16 09:00,216,나주,0,12.7,69.0,10.0,8.0,66.0,,0.0,12.0,NE57_nc
KIM,2026-10-07 00:00,2026-10-16 21:00,228,나주,0,14.7,91.0,0.0,76.0,79.0,,0.0,12.0,NE57_nc
KIM,2026-10-07 00:00,2026-10-17 09:00,240,나주,0,14.6,99.0,2.0,74.0,99.0,,0.0,12.0,NE57_nc
KIM,2026-10-07 00:00,2026-10-17 21:00,252,나주,0,16.7,87.0,38.0,61.0,57.0,,0.0,12.0,NE57_nc
KIM,2026-10-07 00:00,2026-10-18 09:00,264,나주,0,15.8,100.0,93.0,87.0,88.0,,1.0,12.0,NE57_nc
KIM,2026-10-07 00:00,2026-10-18 21:00,276,나주,0,17.2,39.0,26.0,22.0,0.0,,0.0,12.0,NE57_nc
KIM,2026-10-07 00:00,2026-10-19 09:00,288,나주,0,17.9,79.0,79.0,0.0,0.0,,0.0,12.0,NE57_nc
