model,run_utc,valid_kst,step_h,city,rep,t2m_C,tcc_pct,lcc_pct,mcc_pct,hcc_pct,dswrf_avg_Wm2,tp_mm,win_h
ECMWF,2026-09-12 12:00,2026-09-12 21:00,0,서울,1,21.4,100.0,,,,,,
ECMWF,2026-09-12 12:00,2026-09-13 00:00,3,서울,1,20.5,82.0,,,,0.0,0.0,3.0
ECMWF,2026-09-12 12:00,2026-09-13 03:00,6,서울,1,20.1,81.0,,,,0.0,0.0,3.0
ECMWF,2026-09-12 12:00,2026-09-13 06:00,9,서울,1,19.1,99.0,,,,0.0,0.0,3.0
ECMWF,2026-09-12 12:00,2026-09-13 09:00,12,서울,1,20.3,100.0,,,,50.0,0.0,3.0
ECMWF,2026-09-12 12:00,2026-09-13 12:00,15,서울,1,23.8,98.0,,,,317.0,0.1,3.0
ECMWF,2026-09-12 12:00,2026-09-13 15:00,18,서울,1,24.7,99.0,,,,406.0,0.0,3.0
ECMWF,2026-09-12 12:00,2026-09-13 18:00,21,서울,1,23.6,94.0,,,,183.0,0.0,3.0
ECMWF,2026-09-12 12:00,2026-09-13 21:00,24,서울,1,21.7,100.0,,,,5.0,0.0,3.0
ECMWF,2026-09-12 12:00,2026-09-14 00:00,27,서울,1,20.8,98.0,,,,0.0,0.0,3.0
ECMWF,2026-09-12 12:00,2026-09-14 03:00,30,서울,1,19.3,91.0,,,,0.0,0.0,3.0
ECMWF,2026-09-12 12:00,2026-09-14 06:00,33,서울,1,18.2,98.0,,,,0.0,0.0,3.0
ECMWF,2026-09-12 12:00,2026-09-14 09:00,36,서울,1,21.1,82.0,,,,154.0,0.0,3.0
ECMWF,2026-09-12 12:00,2026-09-14 12:00,39,서울,1,24.6,85.0,,,,619.0,0.0,3.0
ECMWF,2026-09-12 12:00,2026-09-14 15:00,42,서울,1,25.7,88.0,,,,737.0,0.0,3.0
ECMWF,2026-09-12 12:00,2026-09-14 18:00,45,서울,1,23.5,0.0,,,,353.0,0.0,3.0
ECMWF,2026-09-12 12:00,2026-09-14 21:00,48,서울,1,19.8,0.0,,,,7.0,0.0,3.0
ECMWF,2026-09-12 12:00,2026-09-15 00:00,51,서울,1,17.4,0.0,,,,0.0,0.0,3.0
ECMWF,2026-09-12 12:00,2026-09-15 03:00,54,서울,1,16.0,0.0,,,,0.0,0.0,3.0
ECMWF,2026-09-12 12:00,2026-09-15 06:00,57,서울,1,14.9,11.0,,,,0.0,0.0,3.0
ECMWF,2026-09-12 12:00,2026-09-15 09:00,60,서울,1,19.5,0.0,,,,200.0,0.0,3.0
ECMWF,2026-09-12 12:00,2026-09-15 12:00,63,서울,1,24.7,0.0,,,,703.0,0.0,3.0
ECMWF,2026-09-12 12:00,2026-09-15 15:00,66,서울,1,26.2,0.0,,,,790.0,0.0,3.0
ECMWF,2026-09-12 12:00,2026-09-15 18:00,69,서울,1,23.6,0.0,,,,370.0,0.0,3.0
ECMWF,2026-09-12 12:00,2026-09-15 21:00,72,서울,1,20.3,0.0,,,,7.0,0.0,3.0
ECMWF,2026-09-12 12:00,2026-09-16 00:00,75,서울,1,17.9,0.0,,,,0.0,0.0,3.0
ECMWF,2026-09-12 12:00,2026-09-16 03:00,78,서울,1,16.2,0.0,,,,0.0,0.0,3.0
ECMWF,2026-09-12 12:00,2026-09-16 06:00,81,서울,1,14.8,3.0,,,,0.0,0.0,3.0
ECMWF,2026-09-12 12:00,2026-09-16 09:00,84,서울,1,20.1,2.0,,,,198.0,0.0,3.0
ECMWF,2026-09-12 12:00,2026-09-16 12:00,87,서울,1,25.5,17.0,,,,692.0,0.0,3.0
ECMWF,2026-09-12 12:00,2026-09-16 15:00,90,서울,1,27.6,15.0,,,,769.0,0.0,3.0
ECMWF,2026-09-12 12:00,2026-09-16 18:00,93,서울,1,25.9,18.0,,,,356.0,0.0,3.0
ECMWF,2026-09-12 12:00,2026-09-16 21:00,96,서울,1,23.4,72.0,,,,6.0,0.0,3.0
ECMWF,2026-09-12 12:00,2026-09-17 00:00,99,서울,1,20.2,28.0,,,,0.0,0.0,3.0
ECMWF,2026-09-12 12:00,2026-09-17 03:00,102,서울,1,18.1,69.0,,,,0.0,0.0,3.0
ECMWF,2026-09-12 12:00,2026-09-17 06:00,105,서울,1,17.0,64.0,,,,0.0,0.0,3.0
ECMWF,2026-09-12 12:00,2026-09-17 09:00,108,서울,1,20.8,83.0,,,,176.0,0.0,3.0
ECMWF,2026-09-12 12:00,2026-09-17 12:00,111,서울,1,25.8,38.0,,,,653.0,0.0,3.0
ECMWF,2026-09-12 12:00,2026-09-17 15:00,114,서울,1,27.6,52.0,,,,748.0,0.0,3.0
ECMWF,2026-09-12 12:00,2026-09-17 18:00,117,서울,1,26.3,61.0,,,,317.0,0.0,3.0
ECMWF,2026-09-12 12:00,2026-09-17 21:00,120,서울,1,22.4,42.0,,,,4.0,0.0,3.0
ECMWF,2026-09-12 12:00,2026-09-18 00:00,123,서울,1,19.9,46.0,,,,0.0,0.0,3.0
ECMWF,2026-09-12 12:00,2026-09-18 03:00,126,서울,1,18.4,4.0,,,,0.0,0.0,3.0
ECMWF,2026-09-12 12:00,2026-09-18 06:00,129,서울,1,17.8,2.0,,,,0.0,0.0,3.0
ECMWF,2026-09-12 12:00,2026-09-18 09:00,132,서울,1,22.2,8.0,,,,185.0,0.0,3.0
ECMWF,2026-09-12 12:00,2026-09-18 12:00,135,서울,1,26.8,2.0,,,,665.0,0.0,3.0
ECMWF,2026-09-12 12:00,2026-09-18 15:00,138,서울,1,28.3,68.0,,,,604.0,0.0,3.0
ECMWF,2026-09-12 12:00,2026-09-18 18:00,141,서울,1,26.3,30.0,,,,252.0,0.0,3.0
ECMWF,2026-09-12 12:00,2026-09-18 21:00,144,서울,1,22.0,13.0,,,,3.0,0.0,3.0
ECMWF,2026-09-12 12:00,2026-09-19 03:00,150,서울,1,18.4,0.0,,,,0.0,0.0,6.0
ECMWF,2026-09-12 12:00,2026-09-19 09:00,156,서울,1,21.0,66.0,,,,71.0,0.0,6.0
ECMWF,2026-09-12 12:00,2026-09-19 15:00,162,서울,1,27.8,20.0,,,,626.0,0.0,6.0
ECMWF,2026-09-12 12:00,2026-09-19 21:00,168,서울,1,22.0,0.0,,,,162.0,0.0,6.0
ECMWF,2026-09-12 12:00,2026-09-20 03:00,174,서울,1,18.1,0.0,,,,0.0,0.0,6.0
ECMWF,2026-09-12 12:00,2026-09-20 09:00,180,서울,1,20.6,1.0,,,,92.0,0.0,6.0
ECMWF,2026-09-12 12:00,2026-09-20 15:00,186,서울,1,28.8,0.0,,,,711.0,0.0,6.0
ECMWF,2026-09-12 12:00,2026-09-20 21:00,192,서울,1,23.9,0.0,,,,166.0,0.0,6.0
ECMWF,2026-09-12 12:00,2026-09-21 03:00,198,서울,1,19.0,0.0,,,,0.0,0.0,6.0
ECMWF,2026-09-12 12:00,2026-09-21 09:00,204,서울,1,21.7,20.0,,,,89.0,0.0,6.0
ECMWF,2026-09-12 12:00,2026-09-21 15:00,210,서울,1,30.5,23.0,,,,594.0,0.0,6.0
ECMWF,2026-09-12 12:00,2026-09-21 21:00,216,서울,1,26.2,2.0,,,,141.0,0.0,6.0
ECMWF,2026-09-12 12:00,2026-09-22 03:00,222,서울,1,22.3,33.0,,,,0.0,0.0,6.0
ECMWF,2026-09-12 12:00,2026-09-22 09:00,228,서울,1,24.9,40.0,,,,72.0,0.0,6.0
ECMWF,2026-09-12 12:00,2026-09-22 15:00,234,서울,1,27.5,81.0,,,,422.0,0.7,6.0
ECMWF,2026-09-12 12:00,2026-09-22 21:00,240,서울,1,24.3,100.0,,,,51.0,2.6,6.0
ECMWF,2026-09-12 12:00,2026-09-12 21:00,0,대전,1,19.4,60.0,,,,,,
ECMWF,2026-09-12 12:00,2026-09-13 00:00,3,대전,1,17.5,21.0,,,,0.0,0.0,3.0
ECMWF,2026-09-12 12:00,2026-09-13 03:00,6,대전,1,16.1,2.0,,,,0.0,0.0,3.0
ECMWF,2026-09-12 12:00,2026-09-13 06:00,9,대전,1,16.4,6.0,,,,0.0,0.0,3.0
ECMWF,2026-09-12 12:00,2026-09-13 09:00,12,대전,1,22.4,41.0,,,,201.0,0.0,3.0
ECMWF,2026-09-12 12:00,2026-09-13 12:00,15,대전,1,25.5,83.0,,,,694.0,0.0,3.0
ECMWF,2026-09-12 12:00,2026-09-13 15:00,18,대전,1,26.1,79.0,,,,731.0,0.0,3.0
ECMWF,2026-09-12 12:00,2026-09-13 18:00,21,대전,1,23.3,50.0,,,,345.0,0.0,3.0
ECMWF,2026-09-12 12:00,2026-09-13 21:00,24,대전,1,18.8,89.0,,,,7.0,0.0,3.0
ECMWF,2026-09-12 12:00,2026-09-14 00:00,27,대전,1,16.9,72.0,,,,0.0,0.0,3.0
ECMWF,2026-09-12 12:00,2026-09-14 03:00,30,대전,1,16.0,55.0,,,,0.0,0.0,3.0
ECMWF,2026-09-12 12:00,2026-09-14 06:00,33,대전,1,15.4,66.0,,,,0.0,0.0,3.0
ECMWF,2026-09-12 12:00,2026-09-14 09:00,36,대전,1,21.4,75.0,,,,192.0,0.0,3.0
ECMWF,2026-09-12 12:00,2026-09-14 12:00,39,대전,1,23.4,94.0,,,,433.0,0.0,3.0
ECMWF,2026-09-12 12:00,2026-09-14 15:00,42,대전,1,24.8,99.0,,,,419.0,0.0,3.0
ECMWF,2026-09-12 12:00,2026-09-14 18:00,45,대전,1,20.9,22.0,,,,184.0,0.0,3.0
ECMWF,2026-09-12 12:00,2026-09-14 21:00,48,대전,1,16.5,1.0,,,,7.0,0.0,3.0
ECMWF,2026-09-12 12:00,2026-09-15 00:00,51,대전,1,15.4,7.0,,,,0.0,0.0,3.0
ECMWF,2026-09-12 12:00,2026-09-15 03:00,54,대전,1,13.6,5.0,,,,0.0,0.0,3.0
ECMWF,2026-09-12 12:00,2026-09-15 06:00,57,대전,1,12.1,3.0,,,,0.0,0.0,3.0
ECMWF,2026-09-12 12:00,2026-09-15 09:00,60,대전,1,19.2,0.0,,,,206.0,0.0,3.0
ECMWF,2026-09-12 12:00,2026-09-15 12:00,63,대전,1,23.9,5.0,,,,714.0,0.0,3.0
ECMWF,2026-09-12 12:00,2026-09-15 15:00,66,대전,1,25.5,2.0,,,,799.0,0.0,3.0
ECMWF,2026-09-12 12:00,2026-09-15 18:00,69,대전,1,21.7,0.0,,,,376.0,0.0,3.0
ECMWF,2026-09-12 12:00,2026-09-15 21:00,72,대전,1,15.9,0.0,,,,6.0,0.0,3.0
ECMWF,2026-09-12 12:00,2026-09-16 00:00,75,대전,1,14.2,7.0,,,,0.0,0.0,3.0
ECMWF,2026-09-12 12:00,2026-09-16 03:00,78,대전,1,13.4,5.0,,,,0.0,0.0,3.0
ECMWF,2026-09-12 12:00,2026-09-16 06:00,81,대전,1,12.3,36.0,,,,0.0,0.0,3.0
ECMWF,2026-09-12 12:00,2026-09-16 09:00,84,대전,1,20.4,56.0,,,,193.0,0.0,3.0
ECMWF,2026-09-12 12:00,2026-09-16 12:00,87,대전,1,25.9,13.0,,,,691.0,0.0,3.0
ECMWF,2026-09-12 12:00,2026-09-16 15:00,90,대전,1,27.2,11.0,,,,741.0,0.0,3.0
ECMWF,2026-09-12 12:00,2026-09-16 18:00,93,대전,1,24.2,54.0,,,,320.0,0.0,3.0
ECMWF,2026-09-12 12:00,2026-09-16 21:00,96,대전,1,21.2,72.0,,,,5.0,0.0,3.0
ECMWF,2026-09-12 12:00,2026-09-17 00:00,99,대전,1,18.5,49.0,,,,0.0,0.0,3.0
ECMWF,2026-09-12 12:00,2026-09-17 03:00,102,대전,1,17.1,5.0,,,,0.0,0.0,3.0
ECMWF,2026-09-12 12:00,2026-09-17 06:00,105,대전,1,16.2,26.0,,,,0.0,0.0,3.0
ECMWF,2026-09-12 12:00,2026-09-17 09:00,108,대전,1,21.1,93.0,,,,196.0,0.0,3.0
ECMWF,2026-09-12 12:00,2026-09-17 12:00,111,대전,1,24.8,69.0,,,,649.0,0.0,3.0
ECMWF,2026-09-12 12:00,2026-09-17 15:00,114,대전,1,26.8,69.0,,,,749.0,0.0,3.0
ECMWF,2026-09-12 12:00,2026-09-17 18:00,117,대전,1,23.7,75.0,,,,333.0,0.0,3.0
ECMWF,2026-09-12 12:00,2026-09-17 21:00,120,대전,1,20.9,66.0,,,,5.0,0.0,3.0
ECMWF,2026-09-12 12:00,2026-09-18 00:00,123,대전,1,19.3,83.0,,,,0.0,0.0,3.0
ECMWF,2026-09-12 12:00,2026-09-18 03:00,126,대전,1,18.7,79.0,,,,0.0,0.0,3.0
ECMWF,2026-09-12 12:00,2026-09-18 06:00,129,대전,1,18.1,80.0,,,,0.0,0.0,3.0
ECMWF,2026-09-12 12:00,2026-09-18 09:00,132,대전,1,22.6,100.0,,,,170.0,0.0,3.0
ECMWF,2026-09-12 12:00,2026-09-18 12:00,135,대전,1,25.6,95.0,,,,549.0,0.0,3.0
ECMWF,2026-09-12 12:00,2026-09-18 15:00,138,대전,1,26.2,98.0,,,,505.0,0.0,3.0
ECMWF,2026-09-12 12:00,2026-09-18 18:00,141,대전,1,23.7,45.0,,,,189.0,0.0,3.0
ECMWF,2026-09-12 12:00,2026-09-18 21:00,144,대전,1,20.6,2.0,,,,4.0,0.0,3.0
ECMWF,2026-09-12 12:00,2026-09-19 03:00,150,대전,1,18.7,8.0,,,,0.0,0.0,6.0
ECMWF,2026-09-12 12:00,2026-09-19 09:00,156,대전,1,22.3,13.0,,,,92.0,0.0,6.0
ECMWF,2026-09-12 12:00,2026-09-19 15:00,162,대전,1,28.3,56.0,,,,665.0,0.0,6.0
ECMWF,2026-09-12 12:00,2026-09-19 21:00,168,대전,1,21.8,2.0,,,,159.0,0.0,6.0
ECMWF,2026-09-12 12:00,2026-09-20 03:00,174,대전,1,18.2,0.0,,,,0.0,0.0,6.0
ECMWF,2026-09-12 12:00,2026-09-20 09:00,180,대전,1,22.0,0.0,,,,95.0,0.0,6.0
ECMWF,2026-09-12 12:00,2026-09-20 15:00,186,대전,1,28.9,1.0,,,,712.0,0.0,6.0
ECMWF,2026-09-12 12:00,2026-09-20 21:00,192,대전,1,23.1,0.0,,,,167.0,0.0,6.0
ECMWF,2026-09-12 12:00,2026-09-21 03:00,198,대전,1,19.0,3.0,,,,0.0,0.0,6.0
ECMWF,2026-09-12 12:00,2026-09-21 09:00,204,대전,1,24.2,22.0,,,,87.0,0.0,6.0
ECMWF,2026-09-12 12:00,2026-09-21 15:00,210,대전,1,28.4,66.0,,,,592.0,1.6,6.0
ECMWF,2026-09-12 12:00,2026-09-21 21:00,216,대전,1,24.4,6.0,,,,97.0,0.7,6.0
ECMWF,2026-09-12 12:00,2026-09-22 03:00,222,대전,1,21.6,38.0,,,,0.0,0.0,6.0
ECMWF,2026-09-12 12:00,2026-09-22 09:00,228,대전,1,24.2,32.0,,,,79.0,2.4,6.0
ECMWF,2026-09-12 12:00,2026-09-22 15:00,234,대전,1,24.4,81.0,,,,517.0,17.0,6.0
ECMWF,2026-09-12 12:00,2026-09-22 21:00,240,대전,1,22.3,95.0,,,,84.0,3.8,6.0
ECMWF,2026-09-12 12:00,2026-09-12 21:00,0,대구,1,18.9,11.0,,,,,,
ECMWF,2026-09-12 12:00,2026-09-13 00:00,3,대구,1,17.5,16.0,,,,0.0,0.0,3.0
ECMWF,2026-09-12 12:00,2026-09-13 03:00,6,대구,1,17.3,15.0,,,,0.0,0.0,3.0
ECMWF,2026-09-12 12:00,2026-09-13 06:00,9,대구,1,16.7,48.0,,,,0.0,0.0,3.0
ECMWF,2026-09-12 12:00,2026-09-13 09:00,12,대구,1,22.4,2.0,,,,209.0,0.0,3.0
ECMWF,2026-09-12 12:00,2026-09-13 12:00,15,대구,1,26.7,21.0,,,,705.0,0.0,3.0
ECMWF,2026-09-12 12:00,2026-09-13 15:00,18,대구,1,27.8,58.0,,,,749.0,0.0,3.0
ECMWF,2026-09-12 12:00,2026-09-13 18:00,21,대구,1,25.1,61.0,,,,269.0,0.0,3.0
ECMWF,2026-09-12 12:00,2026-09-13 21:00,24,대구,1,20.2,37.0,,,,4.0,0.0,3.0
ECMWF,2026-09-12 12:00,2026-09-14 00:00,27,대구,1,18.7,77.0,,,,0.0,0.0,3.0
ECMWF,2026-09-12 12:00,2026-09-14 03:00,30,대구,1,17.4,86.0,,,,0.0,0.0,3.0
ECMWF,2026-09-12 12:00,2026-09-14 06:00,33,대구,1,15.9,50.0,,,,0.0,0.0,3.0
ECMWF,2026-09-12 12:00,2026-09-14 09:00,36,대구,1,20.9,22.0,,,,184.0,0.0,3.0
ECMWF,2026-09-12 12:00,2026-09-14 12:00,39,대구,1,25.6,18.0,,,,710.0,0.0,3.0
ECMWF,2026-09-12 12:00,2026-09-14 15:00,42,대구,1,26.7,6.0,,,,770.0,0.0,3.0
ECMWF,2026-09-12 12:00,2026-09-14 18:00,45,대구,1,22.9,31.0,,,,350.0,0.0,3.0
ECMWF,2026-09-12 12:00,2026-09-14 21:00,48,대구,1,19.5,57.0,,,,4.0,0.0,3.0
ECMWF,2026-09-12 12:00,2026-09-15 00:00,51,대구,1,18.2,62.0,,,,0.0,0.0,3.0
ECMWF,2026-09-12 12:00,2026-09-15 03:00,54,대구,1,16.5,39.0,,,,0.0,0.0,3.0
ECMWF,2026-09-12 12:00,2026-09-15 06:00,57,대구,1,14.9,85.0,,,,0.0,0.0,3.0
ECMWF,2026-09-12 12:00,2026-09-15 09:00,60,대구,1,21.0,81.0,,,,171.0,0.0,3.0
ECMWF,2026-09-12 12:00,2026-09-15 12:00,63,대구,1,24.8,42.0,,,,594.0,0.3,3.0
ECMWF,2026-09-12 12:00,2026-09-15 15:00,66,대구,1,24.7,38.0,,,,638.0,0.8,3.0
ECMWF,2026-09-12 12:00,2026-09-15 18:00,69,대구,1,21.7,22.0,,,,293.0,0.2,3.0
ECMWF,2026-09-12 12:00,2026-09-15 21:00,72,대구,1,18.4,3.0,,,,4.0,0.0,3.0
ECMWF,2026-09-12 12:00,2026-09-16 00:00,75,대구,1,16.9,19.0,,,,0.0,0.0,3.0
ECMWF,2026-09-12 12:00,2026-09-16 03:00,78,대구,1,15.0,13.0,,,,0.0,0.0,3.0
ECMWF,2026-09-12 12:00,2026-09-16 06:00,81,대구,1,14.2,71.0,,,,0.0,0.0,3.0
ECMWF,2026-09-12 12:00,2026-09-16 09:00,84,대구,1,21.1,72.0,,,,193.0,0.0,3.0
ECMWF,2026-09-12 12:00,2026-09-16 12:00,87,대구,1,25.1,85.0,,,,679.0,0.0,3.0
ECMWF,2026-09-12 12:00,2026-09-16 15:00,90,대구,1,25.0,27.0,,,,701.0,0.0,3.0
ECMWF,2026-09-12 12:00,2026-09-16 18:00,93,대구,1,21.1,1.0,,,,300.0,0.0,3.0
ECMWF,2026-09-12 12:00,2026-09-16 21:00,96,대구,1,17.0,62.0,,,,4.0,0.0,3.0
ECMWF,2026-09-12 12:00,2026-09-17 00:00,99,대구,1,16.5,56.0,,,,0.0,0.0,3.0
ECMWF,2026-09-12 12:00,2026-09-17 03:00,102,대구,1,15.6,16.0,,,,0.0,0.0,3.0
ECMWF,2026-09-12 12:00,2026-09-17 06:00,105,대구,1,15.5,46.0,,,,0.0,0.0,3.0
ECMWF,2026-09-12 12:00,2026-09-17 09:00,108,대구,1,21.7,86.0,,,,207.0,0.0,3.0
ECMWF,2026-09-12 12:00,2026-09-17 12:00,111,대구,1,24.1,99.0,,,,635.0,0.0,3.0
ECMWF,2026-09-12 12:00,2026-09-17 15:00,114,대구,1,23.9,85.0,,,,544.0,0.0,3.0
ECMWF,2026-09-12 12:00,2026-09-17 18:00,117,대구,1,21.4,88.0,,,,298.0,0.0,3.0
ECMWF,2026-09-12 12:00,2026-09-17 21:00,120,대구,1,19.1,74.0,,,,3.0,0.0,3.0
ECMWF,2026-09-12 12:00,2026-09-18 00:00,123,대구,1,19.1,94.0,,,,0.0,0.0,3.0
ECMWF,2026-09-12 12:00,2026-09-18 03:00,126,대구,1,19.1,95.0,,,,0.0,0.0,3.0
ECMWF,2026-09-12 12:00,2026-09-18 06:00,129,대구,1,18.8,95.0,,,,0.0,0.0,3.0
ECMWF,2026-09-12 12:00,2026-09-18 09:00,132,대구,1,22.5,100.0,,,,139.0,0.0,3.0
ECMWF,2026-09-12 12:00,2026-09-18 12:00,135,대구,1,24.0,100.0,,,,405.0,0.0,3.0
ECMWF,2026-09-12 12:00,2026-09-18 15:00,138,대구,1,23.0,100.0,,,,266.0,0.0,3.0
ECMWF,2026-09-12 12:00,2026-09-18 18:00,141,대구,1,19.1,99.0,,,,56.0,2.6,3.0
ECMWF,2026-09-12 12:00,2026-09-18 21:00,144,대구,1,18.4,91.0,,,,1.0,4.5,3.0
ECMWF,2026-09-12 12:00,2026-09-19 03:00,150,대구,1,17.1,31.0,,,,0.0,0.6,6.0
ECMWF,2026-09-12 12:00,2026-09-19 09:00,156,대구,1,20.7,45.0,,,,93.0,0.0,6.0
ECMWF,2026-09-12 12:00,2026-09-19 15:00,162,대구,1,24.3,83.0,,,,474.0,0.0,6.0
ECMWF,2026-09-12 12:00,2026-09-19 21:00,168,대구,1,18.1,6.0,,,,99.0,0.0,6.0
ECMWF,2026-09-12 12:00,2026-09-20 03:00,174,대구,1,16.8,78.0,,,,0.0,0.0,6.0
ECMWF,2026-09-12 12:00,2026-09-20 09:00,180,대구,1,21.7,50.0,,,,66.0,0.0,6.0
ECMWF,2026-09-12 12:00,2026-09-20 15:00,186,대구,1,24.4,86.0,,,,448.0,0.0,6.0
ECMWF,2026-09-12 12:00,2026-09-20 21:00,192,대구,1,19.6,53.0,,,,87.0,0.0,6.0
ECMWF,2026-09-12 12:00,2026-09-21 03:00,198,대구,1,19.6,92.0,,,,0.0,0.0,6.0
ECMWF,2026-09-12 12:00,2026-09-21 09:00,204,대구,1,22.7,84.0,,,,72.0,0.0,6.0
ECMWF,2026-09-12 12:00,2026-09-21 15:00,210,대구,1,25.5,92.0,,,,418.0,0.1,6.0
ECMWF,2026-09-12 12:00,2026-09-21 21:00,216,대구,1,21.7,44.0,,,,75.0,0.0,6.0
ECMWF,2026-09-12 12:00,2026-09-22 03:00,222,대구,1,20.7,94.0,,,,0.0,0.0,6.0
ECMWF,2026-09-12 12:00,2026-09-22 09:00,228,대구,1,23.5,93.0,,,,53.0,0.0,6.0
ECMWF,2026-09-12 12:00,2026-09-22 15:00,234,대구,1,26.6,89.0,,,,474.0,1.4,6.0
ECMWF,2026-09-12 12:00,2026-09-22 21:00,240,대구,1,21.8,99.0,,,,82.0,18.8,6.0
ECMWF,2026-09-12 12:00,2026-09-12 21:00,0,광주,1,21.9,19.0,,,,,,
ECMWF,2026-09-12 12:00,2026-09-13 00:00,3,광주,1,19.7,9.0,,,,0.0,0.0,3.0
ECMWF,2026-09-12 12:00,2026-09-13 03:00,6,광주,1,18.6,11.0,,,,0.0,0.0,3.0
ECMWF,2026-09-12 12:00,2026-09-13 06:00,9,광주,1,17.1,7.0,,,,0.0,0.0,3.0
ECMWF,2026-09-12 12:00,2026-09-13 09:00,12,광주,1,23.7,5.0,,,,202.0,0.0,3.0
ECMWF,2026-09-12 12:00,2026-09-13 12:00,15,광주,1,27.1,35.0,,,,686.0,0.0,3.0
ECMWF,2026-09-12 12:00,2026-09-13 15:00,18,광주,1,28.7,45.0,,,,759.0,0.0,3.0
ECMWF,2026-09-12 12:00,2026-09-13 18:00,21,광주,1,23.8,14.0,,,,351.0,0.0,3.0
ECMWF,2026-09-12 12:00,2026-09-13 21:00,24,광주,1,20.2,42.0,,,,7.0,0.0,3.0
ECMWF,2026-09-12 12:00,2026-09-14 00:00,27,광주,1,18.2,81.0,,,,0.0,0.0,3.0
ECMWF,2026-09-12 12:00,2026-09-14 03:00,30,광주,1,16.2,63.0,,,,0.0,0.0,3.0
ECMWF,2026-09-12 12:00,2026-09-14 06:00,33,광주,1,15.4,9.0,,,,0.0,0.0,3.0
ECMWF,2026-09-12 12:00,2026-09-14 09:00,36,광주,1,22.2,20.0,,,,198.0,0.0,3.0
ECMWF,2026-09-12 12:00,2026-09-14 12:00,39,광주,1,26.6,9.0,,,,700.0,0.0,3.0
ECMWF,2026-09-12 12:00,2026-09-14 15:00,42,광주,1,27.0,19.0,,,,800.0,0.0,3.0
ECMWF,2026-09-12 12:00,2026-09-14 18:00,45,광주,1,22.6,76.0,,,,346.0,0.0,3.0
ECMWF,2026-09-12 12:00,2026-09-14 21:00,48,광주,1,18.5,6.0,,,,6.0,0.0,3.0
ECMWF,2026-09-12 12:00,2026-09-15 00:00,51,광주,1,17.0,29.0,,,,0.0,0.0,3.0
ECMWF,2026-09-12 12:00,2026-09-15 03:00,54,광주,1,16.2,39.0,,,,0.0,0.0,3.0
ECMWF,2026-09-12 12:00,2026-09-15 06:00,57,광주,1,16.4,95.0,,,,0.0,0.0,3.0
ECMWF,2026-09-12 12:00,2026-09-15 09:00,60,광주,1,21.7,6.0,,,,181.0,0.0,3.0
ECMWF,2026-09-12 12:00,2026-09-15 12:00,63,광주,1,25.8,5.0,,,,707.0,0.0,3.0
ECMWF,2026-09-12 12:00,2026-09-15 15:00,66,광주,1,26.6,3.0,,,,809.0,0.0,3.0
ECMWF,2026-09-12 12:00,2026-09-15 18:00,69,광주,1,22.9,34.0,,,,375.0,0.0,3.0
ECMWF,2026-09-12 12:00,2026-09-15 21:00,72,광주,1,18.6,30.0,,,,7.0,0.0,3.0
ECMWF,2026-09-12 12:00,2026-09-16 00:00,75,광주,1,17.1,36.0,,,,0.0,0.0,3.0
ECMWF,2026-09-12 12:00,2026-09-16 03:00,78,광주,1,15.4,36.0,,,,0.0,0.0,3.0
ECMWF,2026-09-12 12:00,2026-09-16 06:00,81,광주,1,15.2,96.0,,,,0.0,0.0,3.0
ECMWF,2026-09-12 12:00,2026-09-16 09:00,84,광주,1,21.8,83.0,,,,163.0,0.0,3.0
ECMWF,2026-09-12 12:00,2026-09-16 12:00,87,광주,1,27.3,12.0,,,,675.0,0.0,3.0
ECMWF,2026-09-12 12:00,2026-09-16 15:00,90,광주,1,28.2,32.0,,,,659.0,0.0,3.0
ECMWF,2026-09-12 12:00,2026-09-16 18:00,93,광주,1,26.2,31.0,,,,357.0,0.0,3.0
ECMWF,2026-09-12 12:00,2026-09-16 21:00,96,광주,1,22.4,33.0,,,,5.0,0.0,3.0
ECMWF,2026-09-12 12:00,2026-09-17 00:00,99,광주,1,19.7,13.0,,,,0.0,0.0,3.0
ECMWF,2026-09-12 12:00,2026-09-17 03:00,102,광주,1,17.0,24.0,,,,0.0,0.0,3.0
ECMWF,2026-09-12 12:00,2026-09-17 06:00,105,광주,1,15.6,72.0,,,,0.0,0.0,3.0
ECMWF,2026-09-12 12:00,2026-09-17 09:00,108,광주,1,21.4,100.0,,,,187.0,0.0,3.0
ECMWF,2026-09-12 12:00,2026-09-17 12:00,111,광주,1,25.3,77.0,,,,444.0,0.0,3.0
ECMWF,2026-09-12 12:00,2026-09-17 15:00,114,광주,1,28.0,78.0,,,,755.0,0.0,3.0
ECMWF,2026-09-12 12:00,2026-09-17 18:00,117,광주,1,26.4,95.0,,,,320.0,0.0,3.0
ECMWF,2026-09-12 12:00,2026-09-17 21:00,120,광주,1,22.4,79.0,,,,5.0,0.0,3.0
ECMWF,2026-09-12 12:00,2026-09-18 00:00,123,광주,1,19.7,96.0,,,,0.0,0.0,3.0
ECMWF,2026-09-12 12:00,2026-09-18 03:00,126,광주,1,18.0,99.0,,,,0.0,0.0,3.0
ECMWF,2026-09-12 12:00,2026-09-18 06:00,129,광주,1,18.0,100.0,,,,0.0,0.0,3.0
ECMWF,2026-09-12 12:00,2026-09-18 09:00,132,광주,1,22.3,100.0,,,,104.0,0.0,3.0
ECMWF,2026-09-12 12:00,2026-09-18 12:00,135,광주,1,26.4,100.0,,,,403.0,0.0,3.0
ECMWF,2026-09-12 12:00,2026-09-18 15:00,138,광주,1,23.9,94.0,,,,206.0,0.5,3.0
ECMWF,2026-09-12 12:00,2026-09-18 18:00,141,광주,1,21.6,78.0,,,,144.0,5.8,3.0
ECMWF,2026-09-12 12:00,2026-09-18 21:00,144,광주,1,19.1,23.0,,,,2.0,0.4,3.0
ECMWF,2026-09-12 12:00,2026-09-19 03:00,150,광주,1,18.8,87.0,,,,0.0,0.0,6.0
ECMWF,2026-09-12 12:00,2026-09-19 09:00,156,광주,1,22.1,34.0,,,,63.0,0.0,6.0
ECMWF,2026-09-12 12:00,2026-09-19 15:00,162,광주,1,29.2,70.0,,,,588.0,0.0,6.0
ECMWF,2026-09-12 12:00,2026-09-19 21:00,168,광주,1,22.7,9.0,,,,131.0,0.0,6.0
ECMWF,2026-09-12 12:00,2026-09-20 03:00,174,광주,1,18.6,2.0,,,,0.0,0.0,6.0
ECMWF,2026-09-12 12:00,2026-09-20 09:00,180,광주,1,23.3,0.0,,,,95.0,0.0,6.0
ECMWF,2026-09-12 12:00,2026-09-20 15:00,186,광주,1,30.7,19.0,,,,714.0,0.0,6.0
ECMWF,2026-09-12 12:00,2026-09-20 21:00,192,광주,1,23.5,3.0,,,,168.0,0.0,6.0
ECMWF,2026-09-12 12:00,2026-09-21 03:00,198,광주,1,20.1,5.0,,,,0.0,0.0,6.0
ECMWF,2026-09-12 12:00,2026-09-21 09:00,204,광주,1,25.4,28.0,,,,68.0,0.0,6.0
ECMWF,2026-09-12 12:00,2026-09-21 15:00,210,광주,1,31.3,68.0,,,,502.0,0.4,6.0
ECMWF,2026-09-12 12:00,2026-09-21 21:00,216,광주,1,25.7,16.0,,,,127.0,0.5,6.0
ECMWF,2026-09-12 12:00,2026-09-22 03:00,222,광주,1,22.3,20.0,,,,0.0,0.0,6.0
ECMWF,2026-09-12 12:00,2026-09-22 09:00,228,광주,1,27.2,22.0,,,,83.0,0.0,6.0
ECMWF,2026-09-12 12:00,2026-09-22 15:00,234,광주,1,25.2,96.0,,,,530.0,16.6,6.0
ECMWF,2026-09-12 12:00,2026-09-22 21:00,240,광주,1,23.0,100.0,,,,91.0,11.4,6.0
ECMWF,2026-09-12 12:00,2026-09-12 21:00,0,부산,1,25.0,39.0,,,,,,
ECMWF,2026-09-12 12:00,2026-09-13 00:00,3,부산,1,24.7,41.0,,,,0.0,0.0,3.0
ECMWF,2026-09-12 12:00,2026-09-13 03:00,6,부산,1,23.4,49.0,,,,0.0,0.0,3.0
ECMWF,2026-09-12 12:00,2026-09-13 06:00,9,부산,1,22.9,30.0,,,,0.0,0.0,3.0
ECMWF,2026-09-12 12:00,2026-09-13 09:00,12,부산,1,24.3,11.0,,,,206.0,0.0,3.0
ECMWF,2026-09-12 12:00,2026-09-13 12:00,15,부산,1,23.8,9.0,,,,687.0,0.0,3.0
ECMWF,2026-09-12 12:00,2026-09-13 15:00,18,부산,1,23.7,17.0,,,,734.0,0.0,3.0
ECMWF,2026-09-12 12:00,2026-09-13 18:00,21,부산,1,24.7,1.0,,,,336.0,0.0,3.0
ECMWF,2026-09-12 12:00,2026-09-13 21:00,24,부산,1,25.2,29.0,,,,4.0,0.0,3.0
ECMWF,2026-09-12 12:00,2026-09-14 00:00,27,부산,1,24.8,9.0,,,,0.0,0.0,3.0
ECMWF,2026-09-12 12:00,2026-09-14 03:00,30,부산,1,24.1,32.0,,,,0.0,0.0,3.0
ECMWF,2026-09-12 12:00,2026-09-14 06:00,33,부산,1,23.0,64.0,,,,0.0,0.0,3.0
ECMWF,2026-09-12 12:00,2026-09-14 09:00,36,부산,1,24.3,9.0,,,,216.0,0.0,3.0
ECMWF,2026-09-12 12:00,2026-09-14 12:00,39,부산,1,26.2,1.0,,,,703.0,0.0,3.0
ECMWF,2026-09-12 12:00,2026-09-14 15:00,42,부산,1,24.5,14.0,,,,779.0,0.0,3.0
ECMWF,2026-09-12 12:00,2026-09-14 18:00,45,부산,1,25.3,5.0,,,,336.0,0.0,3.0
ECMWF,2026-09-12 12:00,2026-09-14 21:00,48,부산,1,25.0,9.0,,,,4.0,0.0,3.0
ECMWF,2026-09-12 12:00,2026-09-15 00:00,51,부산,1,23.8,22.0,,,,0.0,0.0,3.0
ECMWF,2026-09-12 12:00,2026-09-15 03:00,54,부산,1,22.4,45.0,,,,0.0,0.0,3.0
ECMWF,2026-09-12 12:00,2026-09-15 06:00,57,부산,1,22.3,90.0,,,,0.0,0.0,3.0
ECMWF,2026-09-12 12:00,2026-09-15 09:00,60,부산,1,23.2,93.0,,,,121.0,0.0,3.0
ECMWF,2026-09-12 12:00,2026-09-15 12:00,63,부산,1,25.2,59.0,,,,624.0,0.1,3.0
ECMWF,2026-09-12 12:00,2026-09-15 15:00,66,부산,1,24.8,30.0,,,,720.0,0.4,3.0
ECMWF,2026-09-12 12:00,2026-09-15 18:00,69,부산,1,24.6,11.0,,,,317.0,0.2,3.0
ECMWF,2026-09-12 12:00,2026-09-15 21:00,72,부산,1,24.1,30.0,,,,3.0,0.0,3.0
ECMWF,2026-09-12 12:00,2026-09-16 00:00,75,부산,1,23.7,65.0,,,,0.0,0.0,3.0
ECMWF,2026-09-12 12:00,2026-09-16 03:00,78,부산,1,22.5,41.0,,,,0.0,0.0,3.0
ECMWF,2026-09-12 12:00,2026-09-16 06:00,81,부산,1,22.2,53.0,,,,0.0,0.0,3.0
ECMWF,2026-09-12 12:00,2026-09-16 09:00,84,부산,1,23.8,79.0,,,,205.0,0.0,3.0
ECMWF,2026-09-12 12:00,2026-09-16 12:00,87,부산,1,24.7,58.0,,,,697.0,0.0,3.0
ECMWF,2026-09-12 12:00,2026-09-16 15:00,90,부산,1,24.8,1.0,,,,774.0,0.0,3.0
ECMWF,2026-09-12 12:00,2026-09-16 18:00,93,부산,1,24.3,0.0,,,,344.0,0.0,3.0
ECMWF,2026-09-12 12:00,2026-09-16 21:00,96,부산,1,23.6,3.0,,,,3.0,0.0,3.0
ECMWF,2026-09-12 12:00,2026-09-17 00:00,99,부산,1,23.8,72.0,,,,0.0,0.0,3.0
ECMWF,2026-09-12 12:00,2026-09-17 03:00,102,부산,1,23.9,31.0,,,,0.0,0.0,3.0
ECMWF,2026-09-12 12:00,2026-09-17 06:00,105,부산,1,24.1,75.0,,,,0.0,0.0,3.0
ECMWF,2026-09-12 12:00,2026-09-17 09:00,108,부산,1,24.3,99.0,,,,120.0,0.0,3.0
ECMWF,2026-09-12 12:00,2026-09-17 12:00,111,부산,1,24.9,100.0,,,,553.0,0.0,3.0
ECMWF,2026-09-12 12:00,2026-09-17 15:00,114,부산,1,24.9,85.0,,,,529.0,0.0,3.0
ECMWF,2026-09-12 12:00,2026-09-17 18:00,117,부산,1,24.7,46.0,,,,243.0,0.0,3.0
ECMWF,2026-09-12 12:00,2026-09-17 21:00,120,부산,1,24.7,86.0,,,,3.0,0.0,3.0
ECMWF,2026-09-12 12:00,2026-09-18 00:00,123,부산,1,24.9,99.0,,,,0.0,0.0,3.0
ECMWF,2026-09-12 12:00,2026-09-18 03:00,126,부산,1,25.0,100.0,,,,0.0,0.0,3.0
ECMWF,2026-09-12 12:00,2026-09-18 06:00,129,부산,1,24.6,100.0,,,,0.0,0.5,3.0
ECMWF,2026-09-12 12:00,2026-09-18 09:00,132,부산,1,24.7,100.0,,,,76.0,1.3,3.0
ECMWF,2026-09-12 12:00,2026-09-18 12:00,135,부산,1,25.0,100.0,,,,256.0,0.6,3.0
ECMWF,2026-09-12 12:00,2026-09-18 15:00,138,부산,1,24.8,100.0,,,,262.0,0.1,3.0
ECMWF,2026-09-12 12:00,2026-09-18 18:00,141,부산,1,23.6,100.0,,,,88.0,0.3,3.0
ECMWF,2026-09-12 12:00,2026-09-18 21:00,144,부산,1,23.1,88.0,,,,1.0,2.6,3.0
ECMWF,2026-09-12 12:00,2026-09-19 03:00,150,부산,1,23.1,90.0,,,,0.0,0.5,6.0
ECMWF,2026-09-12 12:00,2026-09-19 09:00,156,부산,1,24.1,85.0,,,,72.0,0.7,6.0
ECMWF,2026-09-12 12:00,2026-09-19 15:00,162,부산,1,25.4,44.0,,,,554.0,0.0,6.0
ECMWF,2026-09-12 12:00,2026-09-19 21:00,168,부산,1,24.1,53.0,,,,145.0,0.0,6.0
ECMWF,2026-09-12 12:00,2026-09-20 03:00,174,부산,1,23.9,76.0,,,,0.0,0.0,6.0
ECMWF,2026-09-12 12:00,2026-09-20 09:00,180,부산,1,24.2,74.0,,,,70.0,0.0,6.0
ECMWF,2026-09-12 12:00,2026-09-20 15:00,186,부산,1,25.3,80.0,,,,558.0,0.0,6.0
ECMWF,2026-09-12 12:00,2026-09-20 21:00,192,부산,1,24.4,91.0,,,,104.0,0.0,6.0
ECMWF,2026-09-12 12:00,2026-09-21 03:00,198,부산,1,24.6,87.0,,,,0.0,0.1,6.0
ECMWF,2026-09-12 12:00,2026-09-21 09:00,204,부산,1,24.8,81.0,,,,36.0,0.2,6.0
ECMWF,2026-09-12 12:00,2026-09-21 15:00,210,부산,1,26.2,65.0,,,,475.0,0.0,6.0
ECMWF,2026-09-12 12:00,2026-09-21 21:00,216,부산,1,25.1,38.0,,,,129.0,0.0,6.0
ECMWF,2026-09-12 12:00,2026-09-22 03:00,222,부산,1,24.5,28.0,,,,0.0,0.0,6.0
ECMWF,2026-09-12 12:00,2026-09-22 09:00,228,부산,1,25.3,76.0,,,,87.0,0.0,6.0
ECMWF,2026-09-12 12:00,2026-09-22 15:00,234,부산,1,25.6,56.0,,,,627.0,0.0,6.0
ECMWF,2026-09-12 12:00,2026-09-22 21:00,240,부산,1,25.5,96.0,,,,132.0,0.0,6.0
ECMWF,2026-09-12 12:00,2026-09-12 21:00,0,인천,0,21.2,100.0,,,,,,
ECMWF,2026-09-12 12:00,2026-09-13 00:00,3,인천,0,20.3,85.0,,,,0.0,0.0,3.0
ECMWF,2026-09-12 12:00,2026-09-13 03:00,6,인천,0,18.8,94.0,,,,0.0,0.0,3.0
ECMWF,2026-09-12 12:00,2026-09-13 06:00,9,인천,0,18.2,100.0,,,,0.0,0.0,3.0
ECMWF,2026-09-12 12:00,2026-09-13 09:00,12,인천,0,20.0,100.0,,,,48.0,0.0,3.0
ECMWF,2026-09-12 12:00,2026-09-13 12:00,15,인천,0,24.2,99.0,,,,302.0,0.0,3.0
ECMWF,2026-09-12 12:00,2026-09-13 15:00,18,인천,0,24.7,100.0,,,,371.0,0.0,3.0
ECMWF,2026-09-12 12:00,2026-09-13 18:00,21,인천,0,23.4,96.0,,,,183.0,0.0,3.0
ECMWF,2026-09-12 12:00,2026-09-13 21:00,24,인천,0,22.0,100.0,,,,4.0,0.0,3.0
ECMWF,2026-09-12 12:00,2026-09-14 00:00,27,인천,0,20.8,98.0,,,,0.0,0.0,3.0
ECMWF,2026-09-12 12:00,2026-09-14 03:00,30,인천,0,18.9,82.0,,,,0.0,0.0,3.0
ECMWF,2026-09-12 12:00,2026-09-14 06:00,33,인천,0,17.8,96.0,,,,0.0,0.0,3.0
ECMWF,2026-09-12 12:00,2026-09-14 09:00,36,인천,0,20.7,57.0,,,,157.0,0.0,3.0
ECMWF,2026-09-12 12:00,2026-09-14 12:00,39,인천,0,24.8,65.0,,,,651.0,0.0,3.0
ECMWF,2026-09-12 12:00,2026-09-14 15:00,42,인천,0,25.7,76.0,,,,758.0,0.0,3.0
ECMWF,2026-09-12 12:00,2026-09-14 18:00,45,인천,0,23.5,0.0,,,,367.0,0.0,3.0
ECMWF,2026-09-12 12:00,2026-09-14 21:00,48,인천,0,19.0,0.0,,,,8.0,0.0,3.0
ECMWF,2026-09-12 12:00,2026-09-15 00:00,51,인천,0,16.2,0.0,,,,0.0,0.0,3.0
ECMWF,2026-09-12 12:00,2026-09-15 03:00,54,인천,0,14.7,0.0,,,,0.0,0.0,3.0
ECMWF,2026-09-12 12:00,2026-09-15 06:00,57,인천,0,13.6,0.0,,,,0.0,0.0,3.0
ECMWF,2026-09-12 12:00,2026-09-15 09:00,60,인천,0,18.9,0.0,,,,201.0,0.0,3.0
ECMWF,2026-09-12 12:00,2026-09-15 12:00,63,인천,0,24.6,0.0,,,,707.0,0.0,3.0
ECMWF,2026-09-12 12:00,2026-09-15 15:00,66,인천,0,26.0,0.0,,,,796.0,0.0,3.0
ECMWF,2026-09-12 12:00,2026-09-15 18:00,69,인천,0,23.5,0.0,,,,376.0,0.0,3.0
ECMWF,2026-09-12 12:00,2026-09-15 21:00,72,인천,0,19.5,0.0,,,,7.0,0.0,3.0
ECMWF,2026-09-12 12:00,2026-09-16 00:00,75,인천,0,16.5,0.0,,,,0.0,0.0,3.0
ECMWF,2026-09-12 12:00,2026-09-16 03:00,78,인천,0,14.7,0.0,,,,0.0,0.0,3.0
ECMWF,2026-09-12 12:00,2026-09-16 06:00,81,인천,0,13.9,3.0,,,,0.0,0.0,3.0
ECMWF,2026-09-12 12:00,2026-09-16 09:00,84,인천,0,20.3,1.0,,,,199.0,0.0,3.0
ECMWF,2026-09-12 12:00,2026-09-16 12:00,87,인천,0,26.0,6.0,,,,696.0,0.0,3.0
ECMWF,2026-09-12 12:00,2026-09-16 15:00,90,인천,0,28.3,19.0,,,,771.0,0.0,3.0
ECMWF,2026-09-12 12:00,2026-09-16 18:00,93,인천,0,26.0,27.0,,,,355.0,0.0,3.0
ECMWF,2026-09-12 12:00,2026-09-16 21:00,96,인천,0,22.3,69.0,,,,6.0,0.0,3.0
ECMWF,2026-09-12 12:00,2026-09-17 00:00,99,인천,0,21.5,41.0,,,,0.0,0.0,3.0
ECMWF,2026-09-12 12:00,2026-09-17 03:00,102,인천,0,19.1,70.0,,,,0.0,0.0,3.0
ECMWF,2026-09-12 12:00,2026-09-17 06:00,105,인천,0,18.0,64.0,,,,0.0,0.0,3.0
ECMWF,2026-09-12 12:00,2026-09-17 09:00,108,인천,0,21.8,68.0,,,,171.0,0.0,3.0
ECMWF,2026-09-12 12:00,2026-09-17 12:00,111,인천,0,26.7,26.0,,,,661.0,0.0,3.0
ECMWF,2026-09-12 12:00,2026-09-17 15:00,114,인천,0,28.5,33.0,,,,763.0,0.0,3.0
ECMWF,2026-09-12 12:00,2026-09-17 18:00,117,인천,0,27.4,45.0,,,,329.0,0.0,3.0
ECMWF,2026-09-12 12:00,2026-09-17 21:00,120,인천,0,23.8,45.0,,,,5.0,0.0,3.0
ECMWF,2026-09-12 12:00,2026-09-18 00:00,123,인천,0,21.2,17.0,,,,0.0,0.0,3.0
ECMWF,2026-09-12 12:00,2026-09-18 03:00,126,인천,0,19.4,1.0,,,,0.0,0.0,3.0
ECMWF,2026-09-12 12:00,2026-09-18 06:00,129,인천,0,18.4,0.0,,,,0.0,0.0,3.0
ECMWF,2026-09-12 12:00,2026-09-18 09:00,132,인천,0,22.8,2.0,,,,182.0,0.0,3.0
ECMWF,2026-09-12 12:00,2026-09-18 12:00,135,인천,0,27.6,0.0,,,,662.0,0.0,3.0
ECMWF,2026-09-12 12:00,2026-09-18 15:00,138,인천,0,29.1,48.0,,,,615.0,0.0,3.0
ECMWF,2026-09-12 12:00,2026-09-18 18:00,141,인천,0,27.7,31.0,,,,206.0,0.0,3.0
ECMWF,2026-09-12 12:00,2026-09-18 21:00,144,인천,0,23.4,39.0,,,,3.0,0.0,3.0
ECMWF,2026-09-12 12:00,2026-09-19 03:00,150,인천,0,19.0,1.0,,,,0.0,0.0,6.0
ECMWF,2026-09-12 12:00,2026-09-19 09:00,156,인천,0,21.3,90.0,,,,66.0,0.0,6.0
ECMWF,2026-09-12 12:00,2026-09-19 15:00,162,인천,0,28.5,2.0,,,,625.0,0.0,6.0
ECMWF,2026-09-12 12:00,2026-09-19 21:00,168,인천,0,23.0,0.0,,,,167.0,0.0,6.0
ECMWF,2026-09-12 12:00,2026-09-20 03:00,174,인천,0,18.6,0.0,,,,0.0,0.0,6.0
ECMWF,2026-09-12 12:00,2026-09-20 09:00,180,인천,0,21.3,0.0,,,,90.0,0.0,6.0
ECMWF,2026-09-12 12:00,2026-09-20 15:00,186,인천,0,29.6,2.0,,,,709.0,0.0,6.0
ECMWF,2026-09-12 12:00,2026-09-20 21:00,192,인천,0,24.4,0.0,,,,167.0,0.0,6.0
ECMWF,2026-09-12 12:00,2026-09-21 03:00,198,인천,0,20.4,0.0,,,,0.0,0.0,6.0
ECMWF,2026-09-12 12:00,2026-09-21 09:00,204,인천,0,23.0,7.0,,,,89.0,0.0,6.0
ECMWF,2026-09-12 12:00,2026-09-21 15:00,210,인천,0,31.3,2.0,,,,642.0,0.0,6.0
ECMWF,2026-09-12 12:00,2026-09-21 21:00,216,인천,0,25.7,2.0,,,,156.0,0.0,6.0
ECMWF,2026-09-12 12:00,2026-09-22 03:00,222,인천,0,23.7,28.0,,,,0.0,0.0,6.0
ECMWF,2026-09-12 12:00,2026-09-22 09:00,228,인천,0,26.0,45.0,,,,68.0,0.0,6.0
ECMWF,2026-09-12 12:00,2026-09-22 15:00,234,인천,0,27.9,88.0,,,,482.0,1.0,6.0
ECMWF,2026-09-12 12:00,2026-09-22 21:00,240,인천,0,23.1,100.0,,,,65.0,0.9,6.0
ECMWF,2026-09-12 12:00,2026-09-12 21:00,0,수원,0,20.7,94.0,,,,,,
ECMWF,2026-09-12 12:00,2026-09-13 00:00,3,수원,0,18.8,70.0,,,,0.0,0.0,3.0
ECMWF,2026-09-12 12:00,2026-09-13 03:00,6,수원,0,18.5,84.0,,,,0.0,0.2,3.0
ECMWF,2026-09-12 12:00,2026-09-13 06:00,9,수원,0,18.1,98.0,,,,0.0,0.1,3.0
ECMWF,2026-09-12 12:00,2026-09-13 09:00,12,수원,0,19.4,100.0,,,,47.0,0.0,3.0
ECMWF,2026-09-12 12:00,2026-09-13 12:00,15,수원,0,22.3,98.0,,,,222.0,0.2,3.0
ECMWF,2026-09-12 12:00,2026-09-13 15:00,18,수원,0,24.1,98.0,,,,385.0,0.0,3.0
ECMWF,2026-09-12 12:00,2026-09-13 18:00,21,수원,0,22.5,92.0,,,,183.0,0.0,3.0
ECMWF,2026-09-12 12:00,2026-09-13 21:00,24,수원,0,20.4,99.0,,,,4.0,0.0,3.0
ECMWF,2026-09-12 12:00,2026-09-14 00:00,27,수원,0,19.4,93.0,,,,0.0,0.0,3.0
ECMWF,2026-09-12 12:00,2026-09-14 03:00,30,수원,0,18.9,96.0,,,,0.0,0.0,3.0
ECMWF,2026-09-12 12:00,2026-09-14 06:00,33,수원,0,18.2,99.0,,,,0.0,0.0,3.0
ECMWF,2026-09-12 12:00,2026-09-14 09:00,36,수원,0,21.2,90.0,,,,137.0,0.0,3.0
ECMWF,2026-09-12 12:00,2026-09-14 12:00,39,수원,0,24.4,99.0,,,,573.0,0.0,3.0
ECMWF,2026-09-12 12:00,2026-09-14 15:00,42,수원,0,25.3,90.0,,,,701.0,0.0,3.0
ECMWF,2026-09-12 12:00,2026-09-14 18:00,45,수원,0,22.3,0.0,,,,344.0,0.0,3.0
ECMWF,2026-09-12 12:00,2026-09-14 21:00,48,수원,0,18.2,0.0,,,,7.0,0.0,3.0
ECMWF,2026-09-12 12:00,2026-09-15 00:00,51,수원,0,15.9,0.0,,,,0.0,0.0,3.0
ECMWF,2026-09-12 12:00,2026-09-15 03:00,54,수원,0,14.4,0.0,,,,0.0,0.0,3.0
ECMWF,2026-09-12 12:00,2026-09-15 06:00,57,수원,0,13.3,9.0,,,,0.0,0.0,3.0
ECMWF,2026-09-12 12:00,2026-09-15 09:00,60,수원,0,19.4,0.0,,,,203.0,0.0,3.0
ECMWF,2026-09-12 12:00,2026-09-15 12:00,63,수원,0,24.2,0.0,,,,708.0,0.0,3.0
ECMWF,2026-09-12 12:00,2026-09-15 15:00,66,수원,0,25.2,0.0,,,,791.0,0.0,3.0
ECMWF,2026-09-12 12:00,2026-09-15 18:00,69,수원,0,22.0,0.0,,,,371.0,0.0,3.0
ECMWF,2026-09-12 12:00,2026-09-15 21:00,72,수원,0,17.8,0.0,,,,7.0,0.0,3.0
ECMWF,2026-09-12 12:00,2026-09-16 00:00,75,수원,0,16.0,0.0,,,,0.0,0.0,3.0
ECMWF,2026-09-12 12:00,2026-09-16 03:00,78,수원,0,14.2,0.0,,,,0.0,0.0,3.0
ECMWF,2026-09-12 12:00,2026-09-16 06:00,81,수원,0,12.5,1.0,,,,0.0,0.0,3.0
ECMWF,2026-09-12 12:00,2026-09-16 09:00,84,수원,0,20.5,6.0,,,,200.0,0.0,3.0
ECMWF,2026-09-12 12:00,2026-09-16 12:00,87,수원,0,25.2,20.0,,,,693.0,0.0,3.0
ECMWF,2026-09-12 12:00,2026-09-16 15:00,90,수원,0,26.9,15.0,,,,771.0,0.0,3.0
ECMWF,2026-09-12 12:00,2026-09-16 18:00,93,수원,0,24.8,25.0,,,,353.0,0.0,3.0
ECMWF,2026-09-12 12:00,2026-09-16 21:00,96,수원,0,20.9,92.0,,,,6.0,0.0,3.0
ECMWF,2026-09-12 12:00,2026-09-17 00:00,99,수원,0,19.0,43.0,,,,0.0,0.0,3.0
ECMWF,2026-09-12 12:00,2026-09-17 03:00,102,수원,0,17.7,85.0,,,,0.0,0.0,3.0
ECMWF,2026-09-12 12:00,2026-09-17 06:00,105,수원,0,16.9,45.0,,,,0.0,0.0,3.0
ECMWF,2026-09-12 12:00,2026-09-17 09:00,108,수원,0,21.4,79.0,,,,173.0,0.0,3.0
ECMWF,2026-09-12 12:00,2026-09-17 12:00,111,수원,0,25.6,56.0,,,,660.0,0.0,3.0
ECMWF,2026-09-12 12:00,2026-09-17 15:00,114,수원,0,26.9,64.0,,,,756.0,0.0,3.0
ECMWF,2026-09-12 12:00,2026-09-17 18:00,117,수원,0,25.2,71.0,,,,320.0,0.0,3.0
ECMWF,2026-09-12 12:00,2026-09-17 21:00,120,수원,0,21.6,66.0,,,,4.0,0.0,3.0
ECMWF,2026-09-12 12:00,2026-09-18 00:00,123,수원,0,19.6,54.0,,,,0.0,0.0,3.0
ECMWF,2026-09-12 12:00,2026-09-18 03:00,126,수원,0,18.3,22.0,,,,0.0,0.0,3.0
ECMWF,2026-09-12 12:00,2026-09-18 06:00,129,수원,0,17.9,25.0,,,,0.0,0.0,3.0
ECMWF,2026-09-12 12:00,2026-09-18 09:00,132,수원,0,22.4,36.0,,,,184.0,0.0,3.0
ECMWF,2026-09-12 12:00,2026-09-18 12:00,135,수원,0,26.8,15.0,,,,667.0,0.0,3.0
ECMWF,2026-09-12 12:00,2026-09-18 15:00,138,수원,0,27.4,71.0,,,,627.0,0.0,3.0
ECMWF,2026-09-12 12:00,2026-09-18 18:00,141,수원,0,25.9,35.0,,,,265.0,0.0,3.0
ECMWF,2026-09-12 12:00,2026-09-18 21:00,144,수원,0,22.2,16.0,,,,4.0,0.0,3.0
ECMWF,2026-09-12 12:00,2026-09-19 03:00,150,수원,0,18.1,0.0,,,,0.0,0.0,6.0
ECMWF,2026-09-12 12:00,2026-09-19 09:00,156,수원,0,21.7,51.0,,,,79.0,0.0,6.0
ECMWF,2026-09-12 12:00,2026-09-19 15:00,162,수원,0,28.1,22.0,,,,663.0,0.0,6.0
ECMWF,2026-09-12 12:00,2026-09-19 21:00,168,수원,0,21.4,0.0,,,,167.0,0.0,6.0
ECMWF,2026-09-12 12:00,2026-09-20 03:00,174,수원,0,17.9,0.0,,,,0.0,0.0,6.0
ECMWF,2026-09-12 12:00,2026-09-20 09:00,180,수원,0,21.8,0.0,,,,93.0,0.0,6.0
ECMWF,2026-09-12 12:00,2026-09-20 15:00,186,수원,0,28.8,0.0,,,,711.0,0.0,6.0
ECMWF,2026-09-12 12:00,2026-09-20 21:00,192,수원,0,23.2,0.0,,,,169.0,0.0,6.0
ECMWF,2026-09-12 12:00,2026-09-21 03:00,198,수원,0,19.3,0.0,,,,0.0,0.0,6.0
ECMWF,2026-09-12 12:00,2026-09-21 09:00,204,수원,0,23.2,19.0,,,,81.0,0.0,6.0
ECMWF,2026-09-12 12:00,2026-09-21 15:00,210,수원,0,30.5,23.0,,,,634.0,0.0,6.0
ECMWF,2026-09-12 12:00,2026-09-21 21:00,216,수원,0,25.2,3.0,,,,142.0,0.0,6.0
ECMWF,2026-09-12 12:00,2026-09-22 03:00,222,수원,0,23.3,60.0,,,,0.0,0.0,6.0
ECMWF,2026-09-12 12:00,2026-09-22 09:00,228,수원,0,25.8,31.0,,,,74.0,0.0,6.0
ECMWF,2026-09-12 12:00,2026-09-22 15:00,234,수원,0,28.1,82.0,,,,422.0,0.8,6.0
ECMWF,2026-09-12 12:00,2026-09-22 21:00,240,수원,0,22.8,89.0,,,,85.0,2.5,6.0
ECMWF,2026-09-12 12:00,2026-09-12 21:00,0,전주,0,21.1,37.0,,,,,,
ECMWF,2026-09-12 12:00,2026-09-13 00:00,3,전주,0,18.6,25.0,,,,0.0,0.0,3.0
ECMWF,2026-09-12 12:00,2026-09-13 03:00,6,전주,0,17.6,5.0,,,,0.0,0.0,3.0
ECMWF,2026-09-12 12:00,2026-09-13 06:00,9,전주,0,16.6,5.0,,,,0.0,0.0,3.0
ECMWF,2026-09-12 12:00,2026-09-13 09:00,12,전주,0,23.5,45.0,,,,199.0,0.0,3.0
ECMWF,2026-09-12 12:00,2026-09-13 12:00,15,전주,0,26.8,55.0,,,,691.0,0.0,3.0
ECMWF,2026-09-12 12:00,2026-09-13 15:00,18,전주,0,26.3,83.0,,,,663.0,0.0,3.0
ECMWF,2026-09-12 12:00,2026-09-13 18:00,21,전주,0,23.1,16.0,,,,333.0,0.0,3.0
ECMWF,2026-09-12 12:00,2026-09-13 21:00,24,전주,0,19.5,94.0,,,,7.0,0.0,3.0
ECMWF,2026-09-12 12:00,2026-09-14 00:00,27,전주,0,18.1,79.0,,,,0.0,0.0,3.0
ECMWF,2026-09-12 12:00,2026-09-14 03:00,30,전주,0,16.6,68.0,,,,0.0,0.0,3.0
ECMWF,2026-09-12 12:00,2026-09-14 06:00,33,전주,0,15.9,43.0,,,,0.0,0.0,3.0
ECMWF,2026-09-12 12:00,2026-09-14 09:00,36,전주,0,21.2,28.0,,,,198.0,0.0,3.0
ECMWF,2026-09-12 12:00,2026-09-14 12:00,39,전주,0,24.9,57.0,,,,683.0,0.0,3.0
ECMWF,2026-09-12 12:00,2026-09-14 15:00,42,전주,0,24.3,80.0,,,,468.0,0.0,3.0
ECMWF,2026-09-12 12:00,2026-09-14 18:00,45,전주,0,22.8,39.0,,,,187.0,0.0,3.0
ECMWF,2026-09-12 12:00,2026-09-14 21:00,48,전주,0,17.8,2.0,,,,7.0,0.0,3.0
ECMWF,2026-09-12 12:00,2026-09-15 00:00,51,전주,0,16.8,15.0,,,,0.0,0.0,3.0
ECMWF,2026-09-12 12:00,2026-09-15 03:00,54,전주,0,15.7,22.0,,,,0.0,0.0,3.0
ECMWF,2026-09-12 12:00,2026-09-15 06:00,57,전주,0,14.7,43.0,,,,0.0,0.0,3.0
ECMWF,2026-09-12 12:00,2026-09-15 09:00,60,전주,0,18.9,2.0,,,,198.0,0.0,3.0
ECMWF,2026-09-12 12:00,2026-09-15 12:00,63,전주,0,24.1,3.0,,,,714.0,0.0,3.0
ECMWF,2026-09-12 12:00,2026-09-15 15:00,66,전주,0,25.9,2.0,,,,806.0,0.0,3.0
ECMWF,2026-09-12 12:00,2026-09-15 18:00,69,전주,0,22.7,0.0,,,,377.0,0.0,3.0
ECMWF,2026-09-12 12:00,2026-09-15 21:00,72,전주,0,17.8,7.0,,,,7.0,0.0,3.0
ECMWF,2026-09-12 12:00,2026-09-16 00:00,75,전주,0,16.2,31.0,,,,0.0,0.0,3.0
ECMWF,2026-09-12 12:00,2026-09-16 03:00,78,전주,0,15.4,23.0,,,,0.0,0.0,3.0
ECMWF,2026-09-12 12:00,2026-09-16 06:00,81,전주,0,14.8,84.0,,,,0.0,0.0,3.0
ECMWF,2026-09-12 12:00,2026-09-16 09:00,84,전주,0,19.5,86.0,,,,161.0,0.0,3.0
ECMWF,2026-09-12 12:00,2026-09-16 12:00,87,전주,0,25.9,13.0,,,,662.0,0.0,3.0
ECMWF,2026-09-12 12:00,2026-09-16 15:00,90,전주,0,27.1,30.0,,,,697.0,0.0,3.0
ECMWF,2026-09-12 12:00,2026-09-16 18:00,93,전주,0,25.0,14.0,,,,328.0,0.0,3.0
ECMWF,2026-09-12 12:00,2026-09-16 21:00,96,전주,0,20.5,61.0,,,,6.0,0.0,3.0
ECMWF,2026-09-12 12:00,2026-09-17 00:00,99,전주,0,20.1,15.0,,,,0.0,0.0,3.0
ECMWF,2026-09-12 12:00,2026-09-17 03:00,102,전주,0,18.1,10.0,,,,0.0,0.0,3.0
ECMWF,2026-09-12 12:00,2026-09-17 06:00,105,전주,0,16.3,41.0,,,,0.0,0.0,3.0
ECMWF,2026-09-12 12:00,2026-09-17 09:00,108,전주,0,21.6,95.0,,,,192.0,0.0,3.0
ECMWF,2026-09-12 12:00,2026-09-17 12:00,111,전주,0,26.2,61.0,,,,567.0,0.0,3.0
ECMWF,2026-09-12 12:00,2026-09-17 15:00,114,전주,0,28.4,69.0,,,,766.0,0.0,3.0
ECMWF,2026-09-12 12:00,2026-09-17 18:00,117,전주,0,25.7,87.0,,,,308.0,0.0,3.0
ECMWF,2026-09-12 12:00,2026-09-17 21:00,120,전주,0,22.2,49.0,,,,5.0,0.0,3.0
ECMWF,2026-09-12 12:00,2026-09-18 00:00,123,전주,0,19.5,97.0,,,,0.0,0.0,3.0
ECMWF,2026-09-12 12:00,2026-09-18 03:00,126,전주,0,18.2,85.0,,,,0.0,0.0,3.0
ECMWF,2026-09-12 12:00,2026-09-18 06:00,129,전주,0,17.2,96.0,,,,0.0,0.0,3.0
ECMWF,2026-09-12 12:00,2026-09-18 09:00,132,전주,0,22.3,100.0,,,,131.0,0.0,3.0
ECMWF,2026-09-12 12:00,2026-09-18 12:00,135,전주,0,27.5,100.0,,,,508.0,0.0,3.0
ECMWF,2026-09-12 12:00,2026-09-18 15:00,138,전주,0,27.1,98.0,,,,245.0,0.0,3.0
ECMWF,2026-09-12 12:00,2026-09-18 18:00,141,전주,0,25.0,37.0,,,,137.0,0.0,3.0
ECMWF,2026-09-12 12:00,2026-09-18 21:00,144,전주,0,20.6,0.0,,,,4.0,0.0,3.0
ECMWF,2026-09-12 12:00,2026-09-19 03:00,150,전주,0,17.6,29.0,,,,0.0,0.0,6.0
ECMWF,2026-09-12 12:00,2026-09-19 09:00,156,전주,0,22.8,31.0,,,,90.0,0.0,6.0
ECMWF,2026-09-12 12:00,2026-09-19 15:00,162,전주,0,29.6,37.0,,,,684.0,0.0,6.0
ECMWF,2026-09-12 12:00,2026-09-19 21:00,168,전주,0,23.3,5.0,,,,164.0,0.0,6.0
ECMWF,2026-09-12 12:00,2026-09-20 03:00,174,전주,0,18.9,1.0,,,,0.0,0.0,6.0
ECMWF,2026-09-12 12:00,2026-09-20 09:00,180,전주,0,22.5,0.0,,,,94.0,0.0,6.0
ECMWF,2026-09-12 12:00,2026-09-20 15:00,186,전주,0,30.5,8.0,,,,710.0,0.0,6.0
ECMWF,2026-09-12 12:00,2026-09-20 21:00,192,전주,0,23.9,0.0,,,,164.0,0.0,6.0
ECMWF,2026-09-12 12:00,2026-09-21 03:00,198,전주,0,19.9,2.0,,,,0.0,0.0,6.0
ECMWF,2026-09-12 12:00,2026-09-21 09:00,204,전주,0,25.3,7.0,,,,86.0,0.0,6.0
ECMWF,2026-09-12 12:00,2026-09-21 15:00,210,전주,0,31.9,42.0,,,,557.0,0.0,6.0
ECMWF,2026-09-12 12:00,2026-09-21 21:00,216,전주,0,26.2,9.0,,,,127.0,0.3,6.0
ECMWF,2026-09-12 12:00,2026-09-22 03:00,222,전주,0,23.2,9.0,,,,0.0,0.0,6.0
ECMWF,2026-09-12 12:00,2026-09-22 09:00,228,전주,0,25.6,33.0,,,,46.0,0.0,6.0
ECMWF,2026-09-12 12:00,2026-09-22 15:00,234,전주,0,26.3,80.0,,,,534.0,5.1,6.0
ECMWF,2026-09-12 12:00,2026-09-22 21:00,240,전주,0,23.3,100.0,,,,78.0,22.9,6.0
ECMWF,2026-09-12 12:00,2026-09-12 21:00,0,강릉,0,20.3,87.0,,,,,,
ECMWF,2026-09-12 12:00,2026-09-13 00:00,3,강릉,0,18.7,79.0,,,,0.0,0.0,3.0
ECMWF,2026-09-12 12:00,2026-09-13 03:00,6,강릉,0,16.8,94.0,,,,0.0,0.0,3.0
ECMWF,2026-09-12 12:00,2026-09-13 06:00,9,강릉,0,17.9,97.0,,,,0.0,0.0,3.0
ECMWF,2026-09-12 12:00,2026-09-13 09:00,12,강릉,0,21.2,95.0,,,,56.0,0.1,3.0
ECMWF,2026-09-12 12:00,2026-09-13 12:00,15,강릉,0,23.4,99.0,,,,279.0,0.0,3.0
ECMWF,2026-09-12 12:00,2026-09-13 15:00,18,강릉,0,23.9,95.0,,,,270.0,0.0,3.0
ECMWF,2026-09-12 12:00,2026-09-13 18:00,21,강릉,0,23.2,91.0,,,,164.0,0.0,3.0
ECMWF,2026-09-12 12:00,2026-09-13 21:00,24,강릉,0,18.7,85.0,,,,4.0,0.0,3.0
ECMWF,2026-09-12 12:00,2026-09-14 00:00,27,강릉,0,18.2,69.0,,,,0.0,0.0,3.0
ECMWF,2026-09-12 12:00,2026-09-14 03:00,30,강릉,0,18.2,84.0,,,,0.0,0.0,3.0
ECMWF,2026-09-12 12:00,2026-09-14 06:00,33,강릉,0,18.3,93.0,,,,0.0,0.0,3.0
ECMWF,2026-09-12 12:00,2026-09-14 09:00,36,강릉,0,22.5,72.0,,,,160.0,0.0,3.0
ECMWF,2026-09-12 12:00,2026-09-14 12:00,39,강릉,0,22.8,86.0,,,,621.0,0.0,3.0
ECMWF,2026-09-12 12:00,2026-09-14 15:00,42,강릉,0,22.6,88.0,,,,594.0,0.1,3.0
ECMWF,2026-09-12 12:00,2026-09-14 18:00,45,강릉,0,21.4,58.0,,,,239.0,0.0,3.0
ECMWF,2026-09-12 12:00,2026-09-14 21:00,48,강릉,0,18.8,14.0,,,,3.0,0.0,3.0
ECMWF,2026-09-12 12:00,2026-09-15 00:00,51,강릉,0,17.0,35.0,,,,0.0,0.0,3.0
ECMWF,2026-09-12 12:00,2026-09-15 03:00,54,강릉,0,16.2,45.0,,,,0.0,0.1,3.0
ECMWF,2026-09-12 12:00,2026-09-15 06:00,57,강릉,0,16.8,53.0,,,,0.0,0.1,3.0
ECMWF,2026-09-12 12:00,2026-09-15 09:00,60,강릉,0,21.5,24.0,,,,198.0,0.0,3.0
ECMWF,2026-09-12 12:00,2026-09-15 12:00,63,강릉,0,22.7,19.0,,,,635.0,0.4,3.0
ECMWF,2026-09-12 12:00,2026-09-15 15:00,66,강릉,0,23.1,18.0,,,,705.0,0.2,3.0
ECMWF,2026-09-12 12:00,2026-09-15 18:00,69,강릉,0,22.3,16.0,,,,307.0,0.0,3.0
ECMWF,2026-09-12 12:00,2026-09-15 21:00,72,강릉,0,18.3,42.0,,,,3.0,0.0,3.0
ECMWF,2026-09-12 12:00,2026-09-16 00:00,75,강릉,0,15.5,51.0,,,,0.0,0.0,3.0
ECMWF,2026-09-12 12:00,2026-09-16 03:00,78,강릉,0,14.1,61.0,,,,0.0,0.0,3.0
ECMWF,2026-09-12 12:00,2026-09-16 06:00,81,강릉,0,13.3,75.0,,,,0.0,0.0,3.0
ECMWF,2026-09-12 12:00,2026-09-16 09:00,84,강릉,0,20.5,21.0,,,,196.0,0.0,3.0
ECMWF,2026-09-12 12:00,2026-09-16 12:00,87,강릉,0,22.9,34.0,,,,677.0,0.0,3.0
ECMWF,2026-09-12 12:00,2026-09-16 15:00,90,강릉,0,23.4,19.0,,,,715.0,0.0,3.0
ECMWF,2026-09-12 12:00,2026-09-16 18:00,93,강릉,0,22.1,5.0,,,,324.0,0.0,3.0
ECMWF,2026-09-12 12:00,2026-09-16 21:00,96,강릉,0,18.4,34.0,,,,3.0,0.0,3.0
ECMWF,2026-09-12 12:00,2026-09-17 00:00,99,강릉,0,15.2,66.0,,,,0.0,0.0,3.0
ECMWF,2026-09-12 12:00,2026-09-17 03:00,102,강릉,0,15.6,80.0,,,,0.0,0.0,3.0
ECMWF,2026-09-12 12:00,2026-09-17 06:00,105,강릉,0,16.8,96.0,,,,0.0,0.0,3.0
ECMWF,2026-09-12 12:00,2026-09-17 09:00,108,강릉,0,21.5,84.0,,,,173.0,0.0,3.0
ECMWF,2026-09-12 12:00,2026-09-17 12:00,111,강릉,0,23.4,54.0,,,,551.0,0.1,3.0
ECMWF,2026-09-12 12:00,2026-09-17 15:00,114,강릉,0,23.8,68.0,,,,609.0,0.0,3.0
ECMWF,2026-09-12 12:00,2026-09-17 18:00,117,강릉,0,22.7,81.0,,,,228.0,0.0,3.0
ECMWF,2026-09-12 12:00,2026-09-17 21:00,120,강릉,0,22.1,67.0,,,,2.0,0.0,3.0
ECMWF,2026-09-12 12:00,2026-09-18 00:00,123,강릉,0,21.5,90.0,,,,0.0,0.2,3.0
ECMWF,2026-09-12 12:00,2026-09-18 03:00,126,강릉,0,21.5,57.0,,,,0.0,0.0,3.0
ECMWF,2026-09-12 12:00,2026-09-18 06:00,129,강릉,0,21.3,48.0,,,,0.0,0.0,3.0
ECMWF,2026-09-12 12:00,2026-09-18 09:00,132,강릉,0,22.9,48.0,,,,151.0,0.3,3.0
ECMWF,2026-09-12 12:00,2026-09-18 12:00,135,강릉,0,23.7,52.0,,,,580.0,0.1,3.0
ECMWF,2026-09-12 12:00,2026-09-18 15:00,138,강릉,0,23.8,69.0,,,,683.0,0.1,3.0
ECMWF,2026-09-12 12:00,2026-09-18 18:00,141,강릉,0,22.5,84.0,,,,229.0,0.2,3.0
ECMWF,2026-09-12 12:00,2026-09-18 21:00,144,강릉,0,21.3,70.0,,,,2.0,0.0,3.0
ECMWF,2026-09-12 12:00,2026-09-19 03:00,150,강릉,0,19.2,53.0,,,,0.0,0.0,6.0
ECMWF,2026-09-12 12:00,2026-09-19 09:00,156,강릉,0,21.9,61.0,,,,73.0,0.1,6.0
ECMWF,2026-09-12 12:00,2026-09-19 15:00,162,강릉,0,22.4,91.0,,,,512.0,0.5,6.0
ECMWF,2026-09-12 12:00,2026-09-19 21:00,168,강릉,0,18.4,21.0,,,,115.0,0.0,6.0
ECMWF,2026-09-12 12:00,2026-09-20 03:00,174,강릉,0,16.0,19.0,,,,0.0,0.0,6.0
ECMWF,2026-09-12 12:00,2026-09-20 09:00,180,강릉,0,20.5,6.0,,,,100.0,0.0,6.0
ECMWF,2026-09-12 12:00,2026-09-20 15:00,186,강릉,0,22.5,16.0,,,,689.0,0.0,6.0
ECMWF,2026-09-12 12:00,2026-09-20 21:00,192,강릉,0,18.0,39.0,,,,150.0,0.0,6.0
ECMWF,2026-09-12 12:00,2026-09-21 03:00,198,강릉,0,14.3,56.0,,,,0.0,0.0,6.0
ECMWF,2026-09-12 12:00,2026-09-21 09:00,204,강릉,0,20.5,89.0,,,,64.0,0.0,6.0
ECMWF,2026-09-12 12:00,2026-09-21 15:00,210,강릉,0,22.7,87.0,,,,385.0,0.0,6.0
ECMWF,2026-09-12 12:00,2026-09-21 21:00,216,강릉,0,21.7,97.0,,,,71.0,0.0,6.0
ECMWF,2026-09-12 12:00,2026-09-22 03:00,222,강릉,0,19.3,42.0,,,,0.0,0.0,6.0
ECMWF,2026-09-12 12:00,2026-09-22 09:00,228,강릉,0,22.1,67.0,,,,69.0,0.0,6.0
ECMWF,2026-09-12 12:00,2026-09-22 15:00,234,강릉,0,23.4,95.0,,,,521.0,0.0,6.0
ECMWF,2026-09-12 12:00,2026-09-22 21:00,240,강릉,0,21.9,100.0,,,,54.0,0.7,6.0
ECMWF,2026-09-12 12:00,2026-09-12 21:00,0,제주,0,22.3,21.0,,,,,,
ECMWF,2026-09-12 12:00,2026-09-13 00:00,3,제주,0,20.6,35.0,,,,0.0,0.0,3.0
ECMWF,2026-09-12 12:00,2026-09-13 03:00,6,제주,0,20.9,26.0,,,,0.0,0.0,3.0
ECMWF,2026-09-12 12:00,2026-09-13 06:00,9,제주,0,21.0,19.0,,,,0.0,0.0,3.0
ECMWF,2026-09-12 12:00,2026-09-13 09:00,12,제주,0,23.0,22.0,,,,195.0,0.1,3.0
ECMWF,2026-09-12 12:00,2026-09-13 12:00,15,제주,0,23.3,27.0,,,,592.0,0.3,3.0
ECMWF,2026-09-12 12:00,2026-09-13 15:00,18,제주,0,23.0,33.0,,,,571.0,0.2,3.0
ECMWF,2026-09-12 12:00,2026-09-13 18:00,21,제주,0,22.4,17.0,,,,236.0,0.0,3.0
ECMWF,2026-09-12 12:00,2026-09-13 21:00,24,제주,0,21.3,3.0,,,,6.0,0.0,3.0
ECMWF,2026-09-12 12:00,2026-09-14 00:00,27,제주,0,20.5,12.0,,,,0.0,0.0,3.0
ECMWF,2026-09-12 12:00,2026-09-14 03:00,30,제주,0,21.0,27.0,,,,0.0,0.0,3.0
ECMWF,2026-09-12 12:00,2026-09-14 06:00,33,제주,0,20.4,30.0,,,,0.0,0.0,3.0
ECMWF,2026-09-12 12:00,2026-09-14 09:00,36,제주,0,21.9,4.0,,,,177.0,0.0,3.0
ECMWF,2026-09-12 12:00,2026-09-14 12:00,39,제주,0,22.7,3.0,,,,712.0,0.0,3.0
ECMWF,2026-09-12 12:00,2026-09-14 15:00,42,제주,0,23.5,1.0,,,,814.0,0.0,3.0
ECMWF,2026-09-12 12:00,2026-09-14 18:00,45,제주,0,22.7,8.0,,,,383.0,0.0,3.0
ECMWF,2026-09-12 12:00,2026-09-14 21:00,48,제주,0,21.9,8.0,,,,7.0,0.0,3.0
ECMWF,2026-09-12 12:00,2026-09-15 00:00,51,제주,0,20.1,10.0,,,,0.0,0.0,3.0
ECMWF,2026-09-12 12:00,2026-09-15 03:00,54,제주,0,18.9,28.0,,,,0.0,0.0,3.0
ECMWF,2026-09-12 12:00,2026-09-15 06:00,57,제주,0,19.0,61.0,,,,0.0,0.0,3.0
ECMWF,2026-09-12 12:00,2026-09-15 09:00,60,제주,0,21.6,62.0,,,,184.0,0.0,3.0
ECMWF,2026-09-12 12:00,2026-09-15 12:00,63,제주,0,22.2,43.0,,,,639.0,0.2,3.0
ECMWF,2026-09-12 12:00,2026-09-15 15:00,66,제주,0,22.6,26.0,,,,642.0,0.3,3.0
ECMWF,2026-09-12 12:00,2026-09-15 18:00,69,제주,0,22.3,27.0,,,,266.0,0.0,3.0
ECMWF,2026-09-12 12:00,2026-09-15 21:00,72,제주,0,20.8,71.0,,,,6.0,0.0,3.0
ECMWF,2026-09-12 12:00,2026-09-16 00:00,75,제주,0,19.7,13.0,,,,0.0,0.0,3.0
ECMWF,2026-09-12 12:00,2026-09-16 03:00,78,제주,0,19.5,12.0,,,,0.0,0.0,3.0
ECMWF,2026-09-12 12:00,2026-09-16 06:00,81,제주,0,20.3,69.0,,,,0.0,0.0,3.0
ECMWF,2026-09-12 12:00,2026-09-16 09:00,84,제주,0,22.2,74.0,,,,116.0,0.3,3.0
ECMWF,2026-09-12 12:00,2026-09-16 12:00,87,제주,0,23.4,24.0,,,,583.0,0.9,3.0
ECMWF,2026-09-12 12:00,2026-09-16 15:00,90,제주,0,24.0,29.0,,,,679.0,1.1,3.0
ECMWF,2026-09-12 12:00,2026-09-16 18:00,93,제주,0,23.1,7.0,,,,302.0,0.1,3.0
ECMWF,2026-09-12 12:00,2026-09-16 21:00,96,제주,0,21.7,1.0,,,,7.0,0.0,3.0
ECMWF,2026-09-12 12:00,2026-09-17 00:00,99,제주,0,21.6,20.0,,,,0.0,0.0,3.0
ECMWF,2026-09-12 12:00,2026-09-17 03:00,102,제주,0,22.0,91.0,,,,0.0,0.0,3.0
ECMWF,2026-09-12 12:00,2026-09-17 06:00,105,제주,0,21.9,99.0,,,,0.0,0.0,3.0
ECMWF,2026-09-12 12:00,2026-09-17 09:00,108,제주,0,22.5,71.0,,,,129.0,0.0,3.0
ECMWF,2026-09-12 12:00,2026-09-17 12:00,111,제주,0,22.5,92.0,,,,520.0,1.8,3.0
ECMWF,2026-09-12 12:00,2026-09-17 15:00,114,제주,0,23.2,97.0,,,,546.0,2.8,3.0
ECMWF,2026-09-12 12:00,2026-09-17 18:00,117,제주,0,22.3,91.0,,,,181.0,4.2,3.0
ECMWF,2026-09-12 12:00,2026-09-17 21:00,120,제주,0,22.4,99.0,,,,3.0,0.2,3.0
ECMWF,2026-09-12 12:00,2026-09-18 00:00,123,제주,0,22.6,91.0,,,,0.0,0.2,3.0
ECMWF,2026-09-12 12:00,2026-09-18 03:00,126,제주,0,22.7,94.0,,,,0.0,0.2,3.0
ECMWF,2026-09-12 12:00,2026-09-18 06:00,129,제주,0,22.7,98.0,,,,0.0,0.7,3.0
ECMWF,2026-09-12 12:00,2026-09-18 09:00,132,제주,0,22.3,99.0,,,,54.0,7.3,3.0
ECMWF,2026-09-12 12:00,2026-09-18 12:00,135,제주,0,22.0,99.0,,,,108.0,14.8,3.0
ECMWF,2026-09-12 12:00,2026-09-18 15:00,138,제주,0,22.4,81.0,,,,162.0,4.4,3.0
ECMWF,2026-09-12 12:00,2026-09-18 18:00,141,제주,0,22.3,79.0,,,,124.0,3.0,3.0
ECMWF,2026-09-12 12:00,2026-09-18 21:00,144,제주,0,22.1,72.0,,,,2.0,3.9,3.0
ECMWF,2026-09-12 12:00,2026-09-19 03:00,150,제주,0,22.5,99.0,,,,0.0,4.2,6.0
ECMWF,2026-09-12 12:00,2026-09-19 09:00,156,제주,0,22.5,94.0,,,,36.0,5.9,6.0
ECMWF,2026-09-12 12:00,2026-09-19 15:00,162,제주,0,23.6,79.0,,,,266.0,3.5,6.0
ECMWF,2026-09-12 12:00,2026-09-19 21:00,168,제주,0,23.1,23.0,,,,88.0,0.1,6.0
ECMWF,2026-09-12 12:00,2026-09-20 03:00,174,제주,0,22.6,75.0,,,,0.0,0.2,6.0
ECMWF,2026-09-12 12:00,2026-09-20 09:00,180,제주,0,22.9,59.0,,,,48.0,0.7,6.0
ECMWF,2026-09-12 12:00,2026-09-20 15:00,186,제주,0,23.7,70.0,,,,386.0,1.2,6.0
ECMWF,2026-09-12 12:00,2026-09-20 21:00,192,제주,0,23.6,77.0,,,,83.0,0.7,6.0
ECMWF,2026-09-12 12:00,2026-09-21 03:00,198,제주,0,23.6,84.0,,,,0.0,2.2,6.0
ECMWF,2026-09-12 12:00,2026-09-21 09:00,204,제주,0,24.6,69.0,,,,42.0,1.7,6.0
ECMWF,2026-09-12 12:00,2026-09-21 15:00,210,제주,0,26.2,33.0,,,,549.0,2.5,6.0
ECMWF,2026-09-12 12:00,2026-09-21 21:00,216,제주,0,24.8,57.0,,,,153.0,0.2,6.0
ECMWF,2026-09-12 12:00,2026-09-22 03:00,222,제주,0,25.0,74.0,,,,0.0,0.2,6.0
ECMWF,2026-09-12 12:00,2026-09-22 09:00,228,제주,0,25.9,95.0,,,,62.0,0.4,6.0
ECMWF,2026-09-12 12:00,2026-09-22 15:00,234,제주,0,27.2,100.0,,,,442.0,1.1,6.0
ECMWF,2026-09-12 12:00,2026-09-22 21:00,240,제주,0,24.8,98.0,,,,90.0,0.5,6.0
ECMWF,2026-09-12 12:00,2026-09-12 21:00,0,나주,0,24.4,16.0,,,,,,
ECMWF,2026-09-12 12:00,2026-09-13 00:00,3,나주,0,22.0,5.0,,,,0.0,0.0,3.0
ECMWF,2026-09-12 12:00,2026-09-13 03:00,6,나주,0,20.8,9.0,,,,0.0,0.0,3.0
ECMWF,2026-09-12 12:00,2026-09-13 06:00,9,나주,0,19.8,11.0,,,,0.0,0.0,3.0
ECMWF,2026-09-12 12:00,2026-09-13 09:00,12,나주,0,25.4,5.0,,,,197.0,0.0,3.0
ECMWF,2026-09-12 12:00,2026-09-13 12:00,15,나주,0,29.4,24.0,,,,692.0,0.0,3.0
ECMWF,2026-09-12 12:00,2026-09-13 15:00,18,나주,0,30.2,29.0,,,,766.0,0.0,3.0
ECMWF,2026-09-12 12:00,2026-09-13 18:00,21,나주,0,25.5,14.0,,,,368.0,0.0,3.0
ECMWF,2026-09-12 12:00,2026-09-13 21:00,24,나주,0,22.4,20.0,,,,8.0,0.0,3.0
ECMWF,2026-09-12 12:00,2026-09-14 00:00,27,나주,0,20.7,83.0,,,,0.0,0.0,3.0
ECMWF,2026-09-12 12:00,2026-09-14 03:00,30,나주,0,19.4,55.0,,,,0.0,0.0,3.0
ECMWF,2026-09-12 12:00,2026-09-14 06:00,33,나주,0,18.3,11.0,,,,0.0,0.0,3.0
ECMWF,2026-09-12 12:00,2026-09-14 09:00,36,나주,0,23.6,26.0,,,,190.0,0.0,3.0
ECMWF,2026-09-12 12:00,2026-09-14 12:00,39,나주,0,28.9,6.0,,,,679.0,0.0,3.0
ECMWF,2026-09-12 12:00,2026-09-14 15:00,42,나주,0,29.2,9.0,,,,792.0,0.0,3.0
ECMWF,2026-09-12 12:00,2026-09-14 18:00,45,나주,0,24.2,73.0,,,,364.0,0.0,3.0
ECMWF,2026-09-12 12:00,2026-09-14 21:00,48,나주,0,20.9,13.0,,,,7.0,0.0,3.0
ECMWF,2026-09-12 12:00,2026-09-15 00:00,51,나주,0,19.2,17.0,,,,0.0,0.0,3.0
ECMWF,2026-09-12 12:00,2026-09-15 03:00,54,나주,0,18.8,60.0,,,,0.0,0.0,3.0
ECMWF,2026-09-12 12:00,2026-09-15 06:00,57,나주,0,18.5,87.0,,,,0.0,0.0,3.0
ECMWF,2026-09-12 12:00,2026-09-15 09:00,60,나주,0,22.9,11.0,,,,178.0,0.0,3.0
ECMWF,2026-09-12 12:00,2026-09-15 12:00,63,나주,0,27.8,5.0,,,,704.0,0.0,3.0
ECMWF,2026-09-12 12:00,2026-09-15 15:00,66,나주,0,29.1,7.0,,,,804.0,0.0,3.0
ECMWF,2026-09-12 12:00,2026-09-15 18:00,69,나주,0,24.5,38.0,,,,380.0,0.0,3.0
ECMWF,2026-09-12 12:00,2026-09-15 21:00,72,나주,0,20.6,44.0,,,,7.0,0.0,3.0
ECMWF,2026-09-12 12:00,2026-09-16 00:00,75,나주,0,18.9,45.0,,,,0.0,0.0,3.0
ECMWF,2026-09-12 12:00,2026-09-16 03:00,78,나주,0,17.4,48.0,,,,0.0,0.0,3.0
ECMWF,2026-09-12 12:00,2026-09-16 06:00,81,나주,0,16.7,91.0,,,,0.0,0.0,3.0
ECMWF,2026-09-12 12:00,2026-09-16 09:00,84,나주,0,23.5,84.0,,,,177.0,0.0,3.0
ECMWF,2026-09-12 12:00,2026-09-16 12:00,87,나주,0,29.5,10.0,,,,690.0,0.0,3.0
ECMWF,2026-09-12 12:00,2026-09-16 15:00,90,나주,0,31.1,35.0,,,,738.0,0.0,3.0
ECMWF,2026-09-12 12:00,2026-09-16 18:00,93,나주,0,27.1,25.0,,,,336.0,0.0,3.0
ECMWF,2026-09-12 12:00,2026-09-16 21:00,96,나주,0,23.1,28.0,,,,5.0,0.0,3.0
ECMWF,2026-09-12 12:00,2026-09-17 00:00,99,나주,0,21.4,12.0,,,,0.0,0.0,3.0
ECMWF,2026-09-12 12:00,2026-09-17 03:00,102,나주,0,20.1,43.0,,,,0.0,0.0,3.0
ECMWF,2026-09-12 12:00,2026-09-17 06:00,105,나주,0,18.6,90.0,,,,0.0,0.0,3.0
ECMWF,2026-09-12 12:00,2026-09-17 09:00,108,나주,0,24.3,100.0,,,,179.0,0.0,3.0
ECMWF,2026-09-12 12:00,2026-09-17 12:00,111,나주,0,28.0,70.0,,,,436.0,0.0,3.0
ECMWF,2026-09-12 12:00,2026-09-17 15:00,114,나주,0,30.4,87.0,,,,737.0,0.0,3.0
ECMWF,2026-09-12 12:00,2026-09-17 18:00,117,나주,0,29.5,75.0,,,,292.0,0.0,3.0
ECMWF,2026-09-12 12:00,2026-09-17 21:00,120,나주,0,24.7,79.0,,,,4.0,0.0,3.0
ECMWF,2026-09-12 12:00,2026-09-18 00:00,123,나주,0,22.3,88.0,,,,0.0,0.0,3.0
ECMWF,2026-09-12 12:00,2026-09-18 03:00,126,나주,0,21.6,100.0,,,,0.0,0.0,3.0
ECMWF,2026-09-12 12:00,2026-09-18 06:00,129,나주,0,21.0,100.0,,,,0.0,0.0,3.0
ECMWF,2026-09-12 12:00,2026-09-18 09:00,132,나주,0,24.9,100.0,,,,120.0,0.0,3.0
ECMWF,2026-09-12 12:00,2026-09-18 12:00,135,나주,0,27.5,100.0,,,,289.0,0.0,3.0
ECMWF,2026-09-12 12:00,2026-09-18 15:00,138,나주,0,26.3,94.0,,,,225.0,0.6,3.0
ECMWF,2026-09-12 12:00,2026-09-18 18:00,141,나주,0,23.0,60.0,,,,93.0,1.4,3.0
ECMWF,2026-09-12 12:00,2026-09-18 21:00,144,나주,0,21.6,43.0,,,,3.0,0.0,3.0
ECMWF,2026-09-12 12:00,2026-09-19 03:00,150,나주,0,19.9,99.0,,,,0.0,0.0,6.0
ECMWF,2026-09-12 12:00,2026-09-19 09:00,156,나주,0,23.5,60.0,,,,38.0,0.0,6.0
ECMWF,2026-09-12 12:00,2026-09-19 15:00,162,나주,0,30.9,96.0,,,,593.0,0.0,6.0
ECMWF,2026-09-12 12:00,2026-09-19 21:00,168,나주,0,26.0,25.0,,,,107.0,0.0,6.0
ECMWF,2026-09-12 12:00,2026-09-20 03:00,174,나주,0,21.2,1.0,,,,0.0,0.0,6.0
ECMWF,2026-09-12 12:00,2026-09-20 09:00,180,나주,0,24.9,0.0,,,,93.0,0.0,6.0
ECMWF,2026-09-12 12:00,2026-09-20 15:00,186,나주,0,32.7,21.0,,,,702.0,0.0,6.0
ECMWF,2026-09-12 12:00,2026-09-20 21:00,192,나주,0,26.9,5.0,,,,148.0,0.0,6.0
ECMWF,2026-09-12 12:00,2026-09-21 03:00,198,나주,0,23.0,5.0,,,,0.0,0.0,6.0
ECMWF,2026-09-12 12:00,2026-09-21 09:00,204,나주,0,27.8,61.0,,,,77.0,0.0,6.0
ECMWF,2026-09-12 12:00,2026-09-21 15:00,210,나주,0,33.9,61.0,,,,493.0,0.0,6.0
ECMWF,2026-09-12 12:00,2026-09-21 21:00,216,나주,0,27.0,27.0,,,,131.0,0.9,6.0
ECMWF,2026-09-12 12:00,2026-09-22 03:00,222,나주,0,24.7,31.0,,,,0.0,0.0,6.0
ECMWF,2026-09-12 12:00,2026-09-22 09:00,228,나주,0,28.9,20.0,,,,84.0,0.0,6.0
ECMWF,2026-09-12 12:00,2026-09-22 15:00,234,나주,0,27.8,97.0,,,,546.0,3.5,6.0
ECMWF,2026-09-12 12:00,2026-09-22 21:00,240,나주,0,23.7,97.0,,,,87.0,5.5,6.0
GFS,2026-09-12 18:00,2026-09-13 03:00,0,서울,1,21.0,84.0,1.0,62.0,48.0,,,
GFS,2026-09-12 18:00,2026-09-13 06:00,3,서울,1,20.4,100.0,1.0,97.0,97.0,0.0,0.0,3.0
GFS,2026-09-12 18:00,2026-09-13 09:00,6,서울,1,20.9,100.0,9.0,100.0,99.0,46.0,0.0,3.0
GFS,2026-09-12 18:00,2026-09-13 12:00,9,서울,1,21.7,100.0,8.0,100.0,100.0,113.0,0.0,3.0
GFS,2026-09-12 18:00,2026-09-13 15:00,12,서울,1,24.0,100.0,1.0,96.0,100.0,304.0,0.0,3.0
GFS,2026-09-12 18:00,2026-09-13 18:00,15,서울,1,23.0,100.0,0.0,100.0,96.0,174.0,0.0,3.0
GFS,2026-09-12 18:00,2026-09-13 21:00,18,서울,1,21.4,100.0,0.0,93.0,89.0,2.0,0.0,3.0
GFS,2026-09-12 18:00,2026-09-14 00:00,21,서울,1,20.6,100.0,0.0,84.0,100.0,0.0,0.0,3.0
GFS,2026-09-12 18:00,2026-09-14 03:00,24,서울,1,20.2,100.0,0.0,100.0,100.0,0.0,0.0,3.0
GFS,2026-09-12 18:00,2026-09-14 06:00,27,서울,1,19.9,100.0,0.0,100.0,100.0,0.0,0.0,3.0
GFS,2026-09-12 18:00,2026-09-14 09:00,30,서울,1,22.3,100.0,0.0,14.0,100.0,150.0,0.0,3.0
GFS,2026-09-12 18:00,2026-09-14 12:00,33,서울,1,26.0,18.0,0.0,0.0,18.0,635.0,0.0,3.0
GFS,2026-09-12 18:00,2026-09-14 15:00,36,서울,1,26.6,36.0,0.0,1.0,36.0,787.0,0.0,3.0
GFS,2026-09-12 18:00,2026-09-14 18:00,39,서울,1,23.6,64.0,0.0,1.0,64.0,373.0,0.0,3.0
GFS,2026-09-12 18:00,2026-09-14 21:00,42,서울,1,20.7,0.0,0.0,0.0,0.0,6.0,0.0,3.0
GFS,2026-09-12 18:00,2026-09-15 00:00,45,서울,1,18.8,0.0,0.0,0.0,0.0,0.0,0.0,3.0
GFS,2026-09-12 18:00,2026-09-15 03:00,48,서울,1,17.5,0.0,0.0,0.0,0.0,0.0,0.0,3.0
GFS,2026-09-12 18:00,2026-09-15 06:00,51,서울,1,16.3,0.0,0.0,0.0,0.0,0.0,0.0,3.0
GFS,2026-09-12 18:00,2026-09-15 09:00,54,서울,1,20.0,0.0,0.0,0.0,0.0,205.0,0.0,3.0
GFS,2026-09-12 18:00,2026-09-15 12:00,57,서울,1,24.8,0.0,0.0,0.0,0.0,715.0,0.0,3.0
GFS,2026-09-12 18:00,2026-09-15 15:00,60,서울,1,26.1,0.0,0.0,0.0,0.0,795.0,0.0,3.0
GFS,2026-09-12 18:00,2026-09-15 18:00,63,서울,1,24.1,0.0,0.0,0.0,0.0,366.0,0.0,3.0
GFS,2026-09-12 18:00,2026-09-15 21:00,66,서울,1,21.2,0.0,0.0,0.0,0.0,6.0,0.0,3.0
GFS,2026-09-12 18:00,2026-09-16 00:00,69,서울,1,19.7,0.0,0.0,0.0,0.0,0.0,0.0,3.0
GFS,2026-09-12 18:00,2026-09-16 03:00,72,서울,1,18.1,0.0,0.0,0.0,0.0,0.0,0.0,3.0
GFS,2026-09-12 18:00,2026-09-16 06:00,75,서울,1,16.7,0.0,0.0,0.0,0.0,0.0,0.0,3.0
GFS,2026-09-12 18:00,2026-09-16 09:00,78,서울,1,20.3,99.0,0.0,0.0,99.0,197.0,0.0,3.0
GFS,2026-09-12 18:00,2026-09-16 12:00,81,서울,1,25.2,85.0,0.0,0.0,85.0,624.0,0.0,3.0
GFS,2026-09-12 18:00,2026-09-16 15:00,84,서울,1,27.7,5.0,0.0,0.0,5.0,768.0,0.0,3.0
GFS,2026-09-12 18:00,2026-09-16 18:00,87,서울,1,25.7,1.0,0.0,0.0,1.0,361.0,0.0,3.0
GFS,2026-09-12 18:00,2026-09-16 21:00,90,서울,1,22.3,4.0,0.0,0.0,4.0,5.0,0.0,3.0
GFS,2026-09-12 18:00,2026-09-17 00:00,93,서울,1,20.9,0.0,0.0,0.0,0.0,0.0,0.0,3.0
GFS,2026-09-12 18:00,2026-09-17 03:00,96,서울,1,19.3,2.0,0.0,0.0,2.0,0.0,0.0,3.0
GFS,2026-09-12 18:00,2026-09-17 06:00,99,서울,1,18.1,0.0,0.0,0.0,0.0,0.0,0.0,3.0
GFS,2026-09-12 18:00,2026-09-17 09:00,102,서울,1,21.7,0.0,0.0,0.0,0.0,189.0,0.0,3.0
GFS,2026-09-12 18:00,2026-09-17 12:00,105,서울,1,26.6,0.0,0.0,0.0,0.0,688.0,0.0,3.0
GFS,2026-09-12 18:00,2026-09-17 15:00,108,서울,1,28.2,0.0,0.0,0.0,0.0,772.0,0.0,3.0
GFS,2026-09-12 18:00,2026-09-17 18:00,111,서울,1,26.6,0.0,0.0,0.0,0.0,350.0,0.0,3.0
GFS,2026-09-12 18:00,2026-09-17 21:00,114,서울,1,22.8,15.0,0.0,0.0,15.0,5.0,0.0,3.0
GFS,2026-09-12 18:00,2026-09-18 00:00,117,서울,1,20.5,76.0,0.0,3.0,76.0,0.0,0.0,3.0
GFS,2026-09-12 18:00,2026-09-18 03:00,120,서울,1,18.9,100.0,0.0,69.0,100.0,0.0,0.0,3.0
GFS,2026-09-12 18:00,2026-09-18 09:00,126,서울,1,21.0,100.0,0.0,96.0,100.0,76.0,0.0,6.0
GFS,2026-09-12 18:00,2026-09-18 21:00,138,서울,1,22.7,71.0,40.0,41.0,40.0,132.0,0.0,6.0
GFS,2026-09-12 18:00,2026-09-19 09:00,150,서울,1,20.9,92.0,86.0,74.0,0.0,36.0,0.0,6.0
GFS,2026-09-12 18:00,2026-09-19 21:00,162,서울,1,23.2,16.0,0.0,0.0,16.0,165.0,0.0,6.0
GFS,2026-09-12 18:00,2026-09-20 09:00,174,서울,1,21.1,30.0,0.0,0.0,30.0,94.0,0.0,6.0
GFS,2026-09-12 18:00,2026-09-20 21:00,186,서울,1,24.2,0.0,0.0,0.0,0.0,174.0,0.0,6.0
GFS,2026-09-12 18:00,2026-09-21 09:00,198,서울,1,21.5,2.0,0.0,0.0,2.0,92.0,0.0,6.0
GFS,2026-09-12 18:00,2026-09-21 21:00,210,서울,1,23.9,78.0,20.0,72.0,1.0,118.0,0.0,6.0
GFS,2026-09-12 18:00,2026-09-22 09:00,222,서울,1,20.3,100.0,76.0,98.0,97.0,18.0,0.0,6.0
GFS,2026-09-12 18:00,2026-09-22 21:00,234,서울,1,17.7,100.0,60.0,88.0,100.0,20.0,0.8,6.0
GFS,2026-09-12 18:00,2026-09-13 03:00,0,대전,1,16.7,28.0,0.0,0.0,28.0,,,
GFS,2026-09-12 18:00,2026-09-13 06:00,3,대전,1,16.1,30.0,0.0,3.0,29.0,0.0,0.0,3.0
GFS,2026-09-12 18:00,2026-09-13 09:00,6,대전,1,22.1,79.0,0.0,1.0,79.0,190.0,0.0,3.0
GFS,2026-09-12 18:00,2026-09-13 12:00,9,대전,1,25.1,85.0,0.0,0.0,85.0,662.0,0.0,3.0
GFS,2026-09-12 18:00,2026-09-13 15:00,12,대전,1,25.8,100.0,0.0,9.0,100.0,728.0,0.0,3.0
GFS,2026-09-12 18:00,2026-09-13 18:00,15,대전,1,20.7,100.0,10.0,76.0,100.0,205.0,0.0,3.0
GFS,2026-09-12 18:00,2026-09-13 21:00,18,대전,1,17.9,100.0,13.0,18.0,100.0,5.0,0.0,3.0
GFS,2026-09-12 18:00,2026-09-14 00:00,21,대전,1,16.3,100.0,0.0,5.0,100.0,0.0,0.0,3.0
GFS,2026-09-12 18:00,2026-09-14 03:00,24,대전,1,15.3,51.0,0.0,16.0,43.0,0.0,0.0,3.0
GFS,2026-09-12 18:00,2026-09-14 06:00,27,대전,1,14.9,51.0,0.0,23.0,32.0,0.0,0.0,3.0
GFS,2026-09-12 18:00,2026-09-14 09:00,30,대전,1,21.1,74.0,0.0,70.0,67.0,189.0,0.0,3.0
GFS,2026-09-12 18:00,2026-09-14 12:00,33,대전,1,24.1,98.0,15.0,89.0,92.0,484.0,0.0,3.0
GFS,2026-09-12 18:00,2026-09-14 15:00,36,대전,1,25.0,99.0,2.0,99.0,98.0,409.0,0.1,3.0
GFS,2026-09-12 18:00,2026-09-14 18:00,39,대전,1,19.2,28.0,1.0,28.0,0.0,304.0,0.0,3.0
GFS,2026-09-12 18:00,2026-09-14 21:00,42,대전,1,14.9,33.0,0.0,0.0,33.0,6.0,0.0,3.0
GFS,2026-09-12 18:00,2026-09-15 00:00,45,대전,1,13.9,91.0,0.0,0.0,91.0,0.0,0.0,3.0
GFS,2026-09-12 18:00,2026-09-15 03:00,48,대전,1,12.7,0.0,0.0,0.0,0.0,0.0,0.0,3.0
GFS,2026-09-12 18:00,2026-09-15 06:00,51,대전,1,11.8,0.0,0.0,0.0,0.0,0.0,0.0,3.0
GFS,2026-09-12 18:00,2026-09-15 09:00,54,대전,1,18.7,0.0,0.0,0.0,0.0,209.0,0.0,3.0
GFS,2026-09-12 18:00,2026-09-15 12:00,57,대전,1,22.9,5.0,0.0,0.0,5.0,729.0,0.0,3.0
GFS,2026-09-12 18:00,2026-09-15 15:00,60,대전,1,24.4,32.0,0.0,0.0,32.0,806.0,0.0,3.0
GFS,2026-09-12 18:00,2026-09-15 18:00,63,대전,1,19.6,100.0,0.0,0.0,100.0,356.0,0.0,3.0
GFS,2026-09-12 18:00,2026-09-15 21:00,66,대전,1,15.2,83.0,0.0,0.0,83.0,5.0,0.0,3.0
GFS,2026-09-12 18:00,2026-09-16 00:00,69,대전,1,13.4,0.0,0.0,0.0,0.0,0.0,0.0,3.0
GFS,2026-09-12 18:00,2026-09-16 03:00,72,대전,1,12.9,0.0,0.0,0.0,0.0,0.0,0.0,3.0
GFS,2026-09-12 18:00,2026-09-16 06:00,75,대전,1,12.2,12.0,0.0,0.0,12.0,0.0,0.0,3.0
GFS,2026-09-12 18:00,2026-09-16 09:00,78,대전,1,18.9,97.0,0.0,0.0,97.0,194.0,0.0,3.0
GFS,2026-09-12 18:00,2026-09-16 12:00,81,대전,1,24.8,54.0,0.0,24.0,50.0,648.0,0.0,3.0
GFS,2026-09-12 18:00,2026-09-16 15:00,84,대전,1,26.5,48.0,0.0,8.0,48.0,776.0,0.0,3.0
GFS,2026-09-12 18:00,2026-09-16 18:00,87,대전,1,21.1,100.0,0.0,30.0,100.0,330.0,0.0,3.0
GFS,2026-09-12 18:00,2026-09-16 21:00,90,대전,1,18.7,100.0,0.0,29.0,100.0,3.0,0.0,3.0
GFS,2026-09-12 18:00,2026-09-17 00:00,93,대전,1,18.2,86.0,0.0,2.0,86.0,0.0,0.0,3.0
GFS,2026-09-12 18:00,2026-09-17 03:00,96,대전,1,16.5,0.0,0.0,0.0,0.0,0.0,0.0,3.0
GFS,2026-09-12 18:00,2026-09-17 06:00,99,대전,1,16.4,1.0,0.0,0.0,0.0,0.0,0.0,3.0
GFS,2026-09-12 18:00,2026-09-17 09:00,102,대전,1,21.1,0.0,0.0,0.0,0.0,198.0,0.0,3.0
GFS,2026-09-12 18:00,2026-09-17 12:00,105,대전,1,25.1,0.0,0.0,0.0,0.0,701.0,0.0,3.0
GFS,2026-09-12 18:00,2026-09-17 15:00,108,대전,1,26.6,7.0,7.0,0.0,0.0,768.0,0.0,3.0
GFS,2026-09-12 18:00,2026-09-17 18:00,111,대전,1,22.4,31.0,19.0,0.0,13.0,341.0,0.0,3.0
GFS,2026-09-12 18:00,2026-09-17 21:00,114,대전,1,19.7,75.0,0.0,0.0,75.0,4.0,0.0,3.0
GFS,2026-09-12 18:00,2026-09-18 00:00,117,대전,1,18.9,89.0,0.0,58.0,71.0,0.0,0.0,3.0
GFS,2026-09-12 18:00,2026-09-18 03:00,120,대전,1,18.3,51.0,0.0,9.0,45.0,0.0,0.0,3.0
GFS,2026-09-12 18:00,2026-09-18 09:00,126,대전,1,21.3,100.0,16.0,98.0,81.0,73.0,0.0,6.0
GFS,2026-09-12 18:00,2026-09-18 21:00,138,대전,1,20.3,100.0,80.0,44.0,100.0,47.0,0.0,6.0
GFS,2026-09-12 18:00,2026-09-19 09:00,150,대전,1,18.3,94.0,65.0,94.0,0.0,9.0,0.8,6.0
GFS,2026-09-12 18:00,2026-09-19 21:00,162,대전,1,19.5,2.0,0.0,2.0,0.0,161.0,0.0,6.0
GFS,2026-09-12 18:00,2026-09-20 09:00,174,대전,1,21.0,0.0,0.0,0.0,0.0,90.0,0.0,6.0
GFS,2026-09-12 18:00,2026-09-20 21:00,186,대전,1,21.5,0.0,0.0,0.0,0.0,160.0,0.0,6.0
GFS,2026-09-12 18:00,2026-09-21 09:00,198,대전,1,22.1,6.0,6.0,0.0,0.0,87.0,0.0,6.0
GFS,2026-09-12 18:00,2026-09-21 21:00,210,대전,1,20.1,72.0,50.0,32.0,44.0,148.0,0.0,6.0
GFS,2026-09-12 18:00,2026-09-22 09:00,222,대전,1,17.1,100.0,100.0,63.0,100.0,3.0,4.3,6.0
GFS,2026-09-12 18:00,2026-09-22 21:00,234,대전,1,17.6,100.0,92.0,99.0,100.0,7.0,3.9,6.0
GFS,2026-09-12 18:00,2026-09-13 03:00,0,대구,1,16.6,71.0,3.0,0.0,71.0,,,
GFS,2026-09-12 18:00,2026-09-13 06:00,3,대구,1,16.6,64.0,16.0,0.0,56.0,0.0,0.0,3.0
GFS,2026-09-12 18:00,2026-09-13 09:00,6,대구,1,22.0,37.0,8.0,0.0,36.0,207.0,0.0,3.0
GFS,2026-09-12 18:00,2026-09-13 12:00,9,대구,1,26.7,29.0,0.0,1.0,29.0,685.0,0.0,3.0
GFS,2026-09-12 18:00,2026-09-13 15:00,12,대구,1,27.8,21.0,1.0,7.0,19.0,757.0,0.0,3.0
GFS,2026-09-12 18:00,2026-09-13 18:00,15,대구,1,23.4,93.0,33.0,47.0,92.0,317.0,0.0,3.0
GFS,2026-09-12 18:00,2026-09-13 21:00,18,대구,1,19.4,97.0,1.0,6.0,97.0,2.0,0.0,3.0
GFS,2026-09-12 18:00,2026-09-14 00:00,21,대구,1,18.2,100.0,0.0,5.0,100.0,0.0,0.0,3.0
GFS,2026-09-12 18:00,2026-09-14 03:00,24,대구,1,17.3,93.0,0.0,14.0,93.0,0.0,0.0,3.0
GFS,2026-09-12 18:00,2026-09-14 06:00,27,대구,1,15.6,81.0,0.0,63.0,29.0,0.0,0.0,3.0
GFS,2026-09-12 18:00,2026-09-14 09:00,30,대구,1,20.7,88.0,3.0,88.0,2.0,191.0,0.0,3.0
GFS,2026-09-12 18:00,2026-09-14 12:00,33,대구,1,24.5,62.0,1.0,62.0,3.0,505.0,0.0,3.0
GFS,2026-09-12 18:00,2026-09-14 15:00,36,대구,1,26.5,40.0,0.0,27.0,37.0,765.0,0.0,3.0
GFS,2026-09-12 18:00,2026-09-14 18:00,39,대구,1,20.8,85.0,3.0,83.0,31.0,275.0,0.0,3.0
GFS,2026-09-12 18:00,2026-09-14 21:00,42,대구,1,17.0,86.0,0.0,43.0,51.0,3.0,0.0,3.0
GFS,2026-09-12 18:00,2026-09-15 00:00,45,대구,1,15.9,88.0,0.0,4.0,88.0,0.0,0.0,3.0
GFS,2026-09-12 18:00,2026-09-15 03:00,48,대구,1,15.9,96.0,0.0,3.0,96.0,0.0,0.0,3.0
GFS,2026-09-12 18:00,2026-09-15 06:00,51,대구,1,14.7,29.0,1.0,0.0,27.0,0.0,0.0,3.0
GFS,2026-09-12 18:00,2026-09-15 09:00,54,대구,1,20.6,33.0,2.0,0.0,31.0,203.0,0.0,3.0
GFS,2026-09-12 18:00,2026-09-15 12:00,57,대구,1,24.8,36.0,20.0,0.0,28.0,666.0,0.1,3.0
GFS,2026-09-12 18:00,2026-09-15 15:00,60,대구,1,25.9,37.0,26.0,0.0,14.0,752.0,0.1,3.0
GFS,2026-09-12 18:00,2026-09-15 18:00,63,대구,1,20.3,93.0,9.0,6.0,93.0,295.0,0.0,3.0
GFS,2026-09-12 18:00,2026-09-15 21:00,66,대구,1,16.2,76.0,0.0,50.0,62.0,3.0,0.0,3.0
GFS,2026-09-12 18:00,2026-09-16 00:00,69,대구,1,15.7,81.0,2.0,15.0,79.0,0.0,0.0,3.0
GFS,2026-09-12 18:00,2026-09-16 03:00,72,대구,1,15.3,33.0,8.0,0.0,33.0,0.0,0.0,3.0
GFS,2026-09-12 18:00,2026-09-16 06:00,75,대구,1,14.4,34.0,18.0,0.0,29.0,0.0,0.0,3.0
GFS,2026-09-12 18:00,2026-09-16 09:00,78,대구,1,20.7,41.0,21.0,0.0,23.0,209.0,0.0,3.0
GFS,2026-09-12 18:00,2026-09-16 12:00,81,대구,1,25.3,45.0,1.0,5.0,44.0,687.0,0.0,3.0
GFS,2026-09-12 18:00,2026-09-16 15:00,84,대구,1,25.0,100.0,36.0,49.0,100.0,705.0,0.0,3.0
GFS,2026-09-12 18:00,2026-09-16 18:00,87,대구,1,19.8,100.0,19.0,86.0,100.0,140.0,0.0,3.0
GFS,2026-09-12 18:00,2026-09-16 21:00,90,대구,1,17.2,100.0,0.0,97.0,91.0,2.0,0.0,3.0
GFS,2026-09-12 18:00,2026-09-17 00:00,93,대구,1,16.5,100.0,1.0,100.0,99.0,0.0,0.0,3.0
GFS,2026-09-12 18:00,2026-09-17 03:00,96,대구,1,16.0,96.0,3.0,44.0,96.0,0.0,0.0,3.0
GFS,2026-09-12 18:00,2026-09-17 06:00,99,대구,1,14.7,53.0,7.0,3.0,52.0,0.0,0.0,3.0
GFS,2026-09-12 18:00,2026-09-17 09:00,102,대구,1,21.0,45.0,20.0,0.0,39.0,201.0,0.0,3.0
GFS,2026-09-12 18:00,2026-09-17 12:00,105,대구,1,24.3,86.0,86.0,0.0,7.0,612.0,0.0,3.0
GFS,2026-09-12 18:00,2026-09-17 15:00,108,대구,1,23.6,70.0,69.0,0.0,2.0,468.0,0.0,3.0
GFS,2026-09-12 18:00,2026-09-17 18:00,111,대구,1,19.9,13.0,1.0,0.0,13.0,246.0,0.0,3.0
GFS,2026-09-12 18:00,2026-09-17 21:00,114,대구,1,16.5,71.0,10.0,0.0,70.0,3.0,0.0,3.0
GFS,2026-09-12 18:00,2026-09-18 00:00,117,대구,1,16.0,100.0,21.0,0.0,100.0,0.0,0.0,3.0
GFS,2026-09-12 18:00,2026-09-18 03:00,120,대구,1,16.4,45.0,35.0,0.0,34.0,0.0,0.0,3.0
GFS,2026-09-12 18:00,2026-09-18 09:00,126,대구,1,21.2,96.0,74.0,92.0,38.0,59.0,0.0,6.0
GFS,2026-09-12 18:00,2026-09-18 21:00,138,대구,1,18.5,100.0,83.0,77.0,100.0,113.0,0.0,6.0
GFS,2026-09-12 18:00,2026-09-19 09:00,150,대구,1,17.0,100.0,94.0,100.0,75.0,5.0,2.4,6.0
GFS,2026-09-12 18:00,2026-09-19 21:00,162,대구,1,16.2,30.0,30.0,1.0,0.0,84.0,0.0,6.0
GFS,2026-09-12 18:00,2026-09-20 09:00,174,대구,1,20.3,52.0,52.0,0.0,0.0,55.0,0.0,6.0
GFS,2026-09-12 18:00,2026-09-20 21:00,186,대구,1,16.9,26.0,26.0,0.0,0.0,87.0,0.0,6.0
GFS,2026-09-12 18:00,2026-09-21 09:00,198,대구,1,19.1,97.0,97.0,27.0,4.0,20.0,0.0,6.0
GFS,2026-09-12 18:00,2026-09-21 21:00,210,대구,1,18.1,100.0,100.0,29.0,100.0,13.0,0.9,6.0
GFS,2026-09-12 18:00,2026-09-22 09:00,222,대구,1,17.3,100.0,98.0,7.0,100.0,12.0,0.8,6.0
GFS,2026-09-12 18:00,2026-09-22 21:00,234,대구,1,17.9,100.0,100.0,98.0,100.0,10.0,0.4,6.0
GFS,2026-09-12 18:00,2026-09-13 03:00,0,광주,1,17.1,91.0,0.0,0.0,91.0,,,
GFS,2026-09-12 18:00,2026-09-13 06:00,3,광주,1,16.7,46.0,0.0,0.0,46.0,0.0,0.0,3.0
GFS,2026-09-12 18:00,2026-09-13 09:00,6,광주,1,22.6,10.0,0.0,0.0,10.0,195.0,0.0,3.0
GFS,2026-09-12 18:00,2026-09-13 12:00,9,광주,1,26.4,19.0,0.0,4.0,18.0,691.0,0.0,3.0
GFS,2026-09-12 18:00,2026-09-13 15:00,12,광주,1,27.5,74.0,10.0,15.0,71.0,768.0,0.0,3.0
GFS,2026-09-12 18:00,2026-09-13 18:00,15,광주,1,21.8,100.0,0.0,17.0,100.0,329.0,0.0,3.0
GFS,2026-09-12 18:00,2026-09-13 21:00,18,광주,1,18.1,95.0,0.0,5.0,95.0,6.0,0.0,3.0
GFS,2026-09-12 18:00,2026-09-14 00:00,21,광주,1,16.7,97.0,0.0,8.0,97.0,0.0,0.0,3.0
GFS,2026-09-12 18:00,2026-09-14 03:00,24,광주,1,15.8,64.0,0.0,4.0,64.0,0.0,0.0,3.0
GFS,2026-09-12 18:00,2026-09-14 06:00,27,광주,1,14.9,64.0,0.0,60.0,9.0,0.0,0.0,3.0
GFS,2026-09-12 18:00,2026-09-14 09:00,30,광주,1,20.2,53.0,1.0,53.0,3.0,128.0,0.0,3.0
GFS,2026-09-12 18:00,2026-09-14 12:00,33,광주,1,26.0,40.0,0.0,39.0,19.0,700.0,0.0,3.0
GFS,2026-09-12 18:00,2026-09-14 15:00,36,광주,1,24.9,100.0,2.0,91.0,100.0,711.0,0.0,3.0
GFS,2026-09-12 18:00,2026-09-14 18:00,39,광주,1,21.2,77.0,1.0,77.0,3.0,196.0,0.0,3.0
GFS,2026-09-12 18:00,2026-09-14 21:00,42,광주,1,16.4,42.0,0.0,0.0,42.0,6.0,0.0,3.0
GFS,2026-09-12 18:00,2026-09-15 00:00,45,광주,1,15.2,100.0,0.0,0.0,100.0,0.0,0.0,3.0
GFS,2026-09-12 18:00,2026-09-15 03:00,48,광주,1,14.4,23.0,9.0,0.0,23.0,0.0,0.0,3.0
GFS,2026-09-12 18:00,2026-09-15 06:00,51,광주,1,13.2,62.0,0.0,0.0,62.0,0.0,0.0,3.0
GFS,2026-09-12 18:00,2026-09-15 09:00,54,광주,1,18.9,65.0,0.0,0.0,65.0,198.0,0.0,3.0
GFS,2026-09-12 18:00,2026-09-15 12:00,57,광주,1,23.5,59.0,0.0,0.0,59.0,719.0,0.0,3.0
GFS,2026-09-12 18:00,2026-09-15 15:00,60,광주,1,24.1,30.0,0.0,0.0,30.0,795.0,0.0,3.0
GFS,2026-09-12 18:00,2026-09-15 18:00,63,광주,1,18.8,75.0,0.0,30.0,75.0,374.0,0.0,3.0
GFS,2026-09-12 18:00,2026-09-15 21:00,66,광주,1,14.7,62.0,0.0,11.0,62.0,6.0,0.0,3.0
GFS,2026-09-12 18:00,2026-09-16 00:00,69,광주,1,13.8,84.0,0.0,0.0,84.0,0.0,0.0,3.0
GFS,2026-09-12 18:00,2026-09-16 03:00,72,광주,1,13.1,54.0,0.0,0.0,54.0,0.0,0.0,3.0
GFS,2026-09-12 18:00,2026-09-16 06:00,75,광주,1,13.0,19.0,0.0,0.0,19.0,0.0,0.0,3.0
GFS,2026-09-12 18:00,2026-09-16 09:00,78,광주,1,19.9,68.0,0.0,33.0,48.0,197.0,0.0,3.0
GFS,2026-09-12 18:00,2026-09-16 12:00,81,광주,1,26.1,99.0,2.0,3.0,99.0,699.0,0.0,3.0
GFS,2026-09-12 18:00,2026-09-16 15:00,84,광주,1,25.7,100.0,25.0,85.0,100.0,600.0,0.0,3.0
GFS,2026-09-12 18:00,2026-09-16 18:00,87,광주,1,21.0,100.0,14.0,91.0,100.0,189.0,0.0,3.0
GFS,2026-09-12 18:00,2026-09-16 21:00,90,광주,1,18.5,100.0,0.0,100.0,100.0,3.0,0.0,3.0
GFS,2026-09-12 18:00,2026-09-17 00:00,93,광주,1,18.1,100.0,0.0,85.0,100.0,0.0,0.0,3.0
GFS,2026-09-12 18:00,2026-09-17 03:00,96,광주,1,16.5,60.0,0.0,4.0,60.0,0.0,0.0,3.0
GFS,2026-09-12 18:00,2026-09-17 06:00,99,광주,1,14.9,67.0,0.0,0.0,67.0,0.0,0.0,3.0
GFS,2026-09-12 18:00,2026-09-17 09:00,102,광주,1,20.9,3.0,2.0,0.0,3.0,185.0,0.0,3.0
GFS,2026-09-12 18:00,2026-09-17 12:00,105,광주,1,26.3,13.0,12.0,0.0,4.0,700.0,0.0,3.0
GFS,2026-09-12 18:00,2026-09-17 15:00,108,광주,1,27.6,48.0,44.0,0.0,39.0,770.0,0.0,3.0
GFS,2026-09-12 18:00,2026-09-17 18:00,111,광주,1,22.3,59.0,48.0,0.0,19.0,267.0,0.0,3.0
GFS,2026-09-12 18:00,2026-09-17 21:00,114,광주,1,18.4,100.0,3.0,0.0,100.0,4.0,0.0,3.0
GFS,2026-09-12 18:00,2026-09-18 00:00,117,광주,1,17.0,99.0,0.0,0.0,99.0,0.0,0.0,3.0
GFS,2026-09-12 18:00,2026-09-18 03:00,120,광주,1,15.9,72.0,31.0,48.0,48.0,0.0,0.0,3.0
GFS,2026-09-12 18:00,2026-09-18 09:00,126,광주,1,19.1,97.0,78.0,66.0,71.0,19.0,0.0,6.0
GFS,2026-09-12 18:00,2026-09-18 21:00,138,광주,1,20.4,100.0,63.0,92.0,100.0,48.0,0.0,6.0
GFS,2026-09-12 18:00,2026-09-19 09:00,150,광주,1,19.5,65.0,54.0,54.0,0.0,38.0,3.4,6.0
GFS,2026-09-12 18:00,2026-09-19 21:00,162,광주,1,18.9,2.0,2.0,0.0,0.0,93.0,0.2,6.0
GFS,2026-09-12 18:00,2026-09-20 09:00,174,광주,1,21.3,3.0,3.0,0.0,0.0,89.0,0.0,6.0
GFS,2026-09-12 18:00,2026-09-20 21:00,186,광주,1,21.1,0.0,0.0,0.0,0.0,50.0,0.1,6.0
GFS,2026-09-12 18:00,2026-09-21 09:00,198,광주,1,21.9,79.0,76.0,1.0,8.0,69.0,0.0,6.0
GFS,2026-09-12 18:00,2026-09-21 21:00,210,광주,1,20.7,100.0,58.0,62.0,100.0,10.0,0.0,6.0
GFS,2026-09-12 18:00,2026-09-22 09:00,222,광주,1,19.9,100.0,72.0,41.0,100.0,17.0,1.3,6.0
GFS,2026-09-12 18:00,2026-09-22 21:00,234,광주,1,19.0,100.0,3.0,83.0,100.0,42.0,0.2,6.0
GFS,2026-09-12 18:00,2026-09-13 03:00,0,부산,1,22.9,50.0,48.0,0.0,3.0,,,
GFS,2026-09-12 18:00,2026-09-13 06:00,3,부산,1,22.9,96.0,81.0,0.0,22.0,0.0,0.1,3.0
GFS,2026-09-12 18:00,2026-09-13 09:00,6,부산,1,23.4,95.0,76.0,1.0,48.0,91.0,0.0,3.0
GFS,2026-09-12 18:00,2026-09-13 12:00,9,부산,1,24.4,65.0,17.0,3.0,56.0,502.0,0.0,3.0
GFS,2026-09-12 18:00,2026-09-13 15:00,12,부산,1,25.5,8.0,0.0,3.0,6.0,735.0,0.0,3.0
GFS,2026-09-12 18:00,2026-09-13 18:00,15,부산,1,25.2,18.0,0.0,1.0,18.0,339.0,0.0,3.0
GFS,2026-09-12 18:00,2026-09-13 21:00,18,부산,1,25.1,52.0,0.0,4.0,52.0,4.0,0.0,3.0
GFS,2026-09-12 18:00,2026-09-14 00:00,21,부산,1,24.6,26.0,0.0,5.0,26.0,0.0,0.0,3.0
GFS,2026-09-12 18:00,2026-09-14 03:00,24,부산,1,24.2,39.0,1.0,3.0,39.0,0.0,0.0,3.0
GFS,2026-09-12 18:00,2026-09-14 06:00,27,부산,1,23.2,37.0,35.0,13.0,5.0,0.0,0.0,3.0
GFS,2026-09-12 18:00,2026-09-14 09:00,30,부산,1,24.0,28.0,24.0,16.0,3.0,218.0,0.0,3.0
GFS,2026-09-12 18:00,2026-09-14 12:00,33,부산,1,25.7,15.0,2.0,15.0,0.0,714.0,0.0,3.0
GFS,2026-09-12 18:00,2026-09-14 15:00,36,부산,1,25.9,45.0,3.0,45.0,0.0,780.0,0.0,3.0
GFS,2026-09-12 18:00,2026-09-14 18:00,39,부산,1,25.0,58.0,0.0,40.0,19.0,263.0,0.0,3.0
GFS,2026-09-12 18:00,2026-09-14 21:00,42,부산,1,24.5,78.0,0.0,66.0,33.0,3.0,0.0,3.0
GFS,2026-09-12 18:00,2026-09-15 00:00,45,부산,1,23.6,88.0,0.0,88.0,11.0,0.0,0.0,3.0
GFS,2026-09-12 18:00,2026-09-15 03:00,48,부산,1,23.0,100.0,0.0,84.0,100.0,0.0,0.0,3.0
GFS,2026-09-12 18:00,2026-09-15 06:00,51,부산,1,22.5,100.0,0.0,3.0,100.0,0.0,0.0,3.0
GFS,2026-09-12 18:00,2026-09-15 09:00,54,부산,1,23.1,97.0,0.0,0.0,97.0,187.0,0.0,3.0
GFS,2026-09-12 18:00,2026-09-15 12:00,57,부산,1,23.8,61.0,4.0,1.0,61.0,662.0,0.0,3.0
GFS,2026-09-12 18:00,2026-09-15 15:00,60,부산,1,24.1,24.0,6.0,0.0,20.0,775.0,0.0,3.0
GFS,2026-09-12 18:00,2026-09-15 18:00,63,부산,1,24.1,95.0,23.0,4.0,95.0,311.0,0.1,3.0
GFS,2026-09-12 18:00,2026-09-15 21:00,66,부산,1,23.4,100.0,13.0,5.0,100.0,3.0,0.6,3.0
GFS,2026-09-12 18:00,2026-09-16 00:00,69,부산,1,23.1,55.0,1.0,54.0,29.0,0.0,0.4,3.0
GFS,2026-09-12 18:00,2026-09-16 03:00,72,부산,1,22.0,7.0,4.0,3.0,2.0,0.0,0.2,3.0
GFS,2026-09-12 18:00,2026-09-16 06:00,75,부산,1,21.7,98.0,0.0,0.0,98.0,0.0,0.0,3.0
GFS,2026-09-12 18:00,2026-09-16 09:00,78,부산,1,22.9,1.0,0.0,0.0,1.0,218.0,0.0,3.0
GFS,2026-09-12 18:00,2026-09-16 12:00,81,부산,1,24.4,100.0,1.0,0.0,100.0,712.0,0.0,3.0
GFS,2026-09-12 18:00,2026-09-16 15:00,84,부산,1,24.5,97.0,9.0,17.0,97.0,709.0,0.0,3.0
GFS,2026-09-12 18:00,2026-09-16 18:00,87,부산,1,24.1,100.0,8.0,100.0,100.0,262.0,0.0,3.0
GFS,2026-09-12 18:00,2026-09-16 21:00,90,부산,1,23.8,100.0,0.0,100.0,100.0,2.0,0.0,3.0
GFS,2026-09-12 18:00,2026-09-17 00:00,93,부산,1,23.6,100.0,5.0,100.0,100.0,0.0,0.0,3.0
GFS,2026-09-12 18:00,2026-09-17 03:00,96,부산,1,23.2,100.0,44.0,100.0,100.0,0.0,0.0,3.0
GFS,2026-09-12 18:00,2026-09-17 06:00,99,부산,1,22.9,100.0,62.0,56.0,100.0,0.0,0.1,3.0
GFS,2026-09-12 18:00,2026-09-17 09:00,102,부산,1,23.7,100.0,89.0,12.0,100.0,63.0,0.1,3.0
GFS,2026-09-12 18:00,2026-09-17 12:00,105,부산,1,24.7,98.0,89.0,2.0,98.0,479.0,0.0,3.0
GFS,2026-09-12 18:00,2026-09-17 15:00,108,부산,1,24.5,97.0,52.0,0.0,97.0,414.0,0.0,3.0
GFS,2026-09-12 18:00,2026-09-17 18:00,111,부산,1,24.1,100.0,12.0,0.0,100.0,250.0,0.0,3.0
GFS,2026-09-12 18:00,2026-09-17 21:00,114,부산,1,23.8,99.0,60.0,0.0,96.0,2.0,0.0,3.0
GFS,2026-09-12 18:00,2026-09-18 00:00,117,부산,1,23.5,96.0,91.0,0.0,96.0,0.0,0.0,3.0
GFS,2026-09-12 18:00,2026-09-18 03:00,120,부산,1,23.1,100.0,100.0,32.0,100.0,0.0,0.1,3.0
GFS,2026-09-12 18:00,2026-09-18 09:00,126,부산,1,23.3,95.0,95.0,17.0,0.0,13.0,0.3,6.0
GFS,2026-09-12 18:00,2026-09-18 21:00,138,부산,1,23.6,100.0,82.0,38.0,100.0,74.0,0.0,6.0
GFS,2026-09-12 18:00,2026-09-19 09:00,150,부산,1,20.7,100.0,100.0,100.0,77.0,2.0,20.1,6.0
GFS,2026-09-12 18:00,2026-09-19 21:00,162,부산,1,21.6,83.0,83.0,6.0,0.0,21.0,0.2,6.0
GFS,2026-09-12 18:00,2026-09-20 09:00,174,부산,1,22.4,75.0,75.0,0.0,0.0,34.0,0.1,6.0
GFS,2026-09-12 18:00,2026-09-20 21:00,186,부산,1,23.1,73.0,73.0,0.0,0.0,130.0,0.1,6.0
GFS,2026-09-12 18:00,2026-09-21 09:00,198,부산,1,22.5,100.0,99.0,37.0,95.0,17.0,2.2,6.0
GFS,2026-09-12 18:00,2026-09-21 21:00,210,부산,1,22.0,100.0,92.0,77.0,100.0,68.0,0.1,6.0
GFS,2026-09-12 18:00,2026-09-22 09:00,222,부산,1,21.4,100.0,100.0,97.0,100.0,22.0,0.2,6.0
GFS,2026-09-12 18:00,2026-09-22 21:00,234,부산,1,22.5,100.0,97.0,100.0,100.0,34.0,1.9,6.0
GFS,2026-09-12 18:00,2026-09-13 03:00,0,인천,0,21.7,76.0,1.0,40.0,51.0,,,
GFS,2026-09-12 18:00,2026-09-13 06:00,3,인천,0,21.1,100.0,0.0,81.0,100.0,0.0,0.0,3.0
GFS,2026-09-12 18:00,2026-09-13 09:00,6,인천,0,21.6,100.0,5.0,100.0,99.0,55.0,0.0,3.0
GFS,2026-09-12 18:00,2026-09-13 12:00,9,인천,0,22.2,100.0,10.0,100.0,100.0,136.0,0.0,3.0
GFS,2026-09-12 18:00,2026-09-13 15:00,12,인천,0,24.8,100.0,0.0,99.0,99.0,425.0,0.0,3.0
GFS,2026-09-12 18:00,2026-09-13 18:00,15,인천,0,23.2,100.0,1.0,99.0,95.0,209.0,0.0,3.0
GFS,2026-09-12 18:00,2026-09-13 21:00,18,인천,0,22.5,100.0,0.0,95.0,84.0,2.0,0.0,3.0
GFS,2026-09-12 18:00,2026-09-14 00:00,21,인천,0,21.8,100.0,0.0,100.0,100.0,0.0,0.0,3.0
GFS,2026-09-12 18:00,2026-09-14 03:00,24,인천,0,21.5,100.0,0.0,100.0,100.0,0.0,0.0,3.0
GFS,2026-09-12 18:00,2026-09-14 06:00,27,인천,0,20.9,100.0,0.0,100.0,100.0,0.0,0.0,3.0
GFS,2026-09-12 18:00,2026-09-14 09:00,30,인천,0,22.4,95.0,0.0,0.0,95.0,154.0,0.0,3.0
GFS,2026-09-12 18:00,2026-09-14 12:00,33,인천,0,25.5,28.0,0.0,1.0,28.0,659.0,0.0,3.0
GFS,2026-09-12 18:00,2026-09-14 15:00,36,인천,0,25.6,77.0,0.0,7.0,77.0,795.0,0.0,3.0
GFS,2026-09-12 18:00,2026-09-14 18:00,39,인천,0,23.5,39.0,0.0,1.0,39.0,366.0,0.0,3.0
GFS,2026-09-12 18:00,2026-09-14 21:00,42,인천,0,20.4,0.0,0.0,0.0,0.0,7.0,0.0,3.0
GFS,2026-09-12 18:00,2026-09-15 00:00,45,인천,0,19.0,0.0,0.0,0.0,0.0,0.0,0.0,3.0
GFS,2026-09-12 18:00,2026-09-15 03:00,48,인천,0,17.9,0.0,0.0,0.0,0.0,0.0,0.0,3.0
GFS,2026-09-12 18:00,2026-09-15 06:00,51,인천,0,17.0,0.0,0.0,0.0,0.0,0.0,0.0,3.0
GFS,2026-09-12 18:00,2026-09-15 09:00,54,인천,0,20.1,0.0,0.0,0.0,0.0,201.0,0.0,3.0
GFS,2026-09-12 18:00,2026-09-15 12:00,57,인천,0,23.5,0.0,0.0,0.0,0.0,709.0,0.0,3.0
GFS,2026-09-12 18:00,2026-09-15 15:00,60,인천,0,24.4,0.0,0.0,0.0,0.0,789.0,0.0,3.0
GFS,2026-09-12 18:00,2026-09-15 18:00,63,인천,0,23.1,0.0,0.0,0.0,0.0,368.0,0.0,3.0
GFS,2026-09-12 18:00,2026-09-15 21:00,66,인천,0,21.3,0.0,0.0,0.0,0.0,6.0,0.0,3.0
GFS,2026-09-12 18:00,2026-09-16 00:00,69,인천,0,20.1,0.0,0.0,0.0,0.0,0.0,0.0,3.0
GFS,2026-09-12 18:00,2026-09-16 03:00,72,인천,0,19.0,0.0,0.0,0.0,0.0,0.0,0.0,3.0
GFS,2026-09-12 18:00,2026-09-16 06:00,75,인천,0,18.1,1.0,0.0,0.0,1.0,0.0,0.0,3.0
GFS,2026-09-12 18:00,2026-09-16 09:00,78,인천,0,20.9,92.0,0.0,0.0,92.0,191.0,0.0,3.0
GFS,2026-09-12 18:00,2026-09-16 12:00,81,인천,0,25.5,81.0,0.0,0.0,81.0,620.0,0.0,3.0
GFS,2026-09-12 18:00,2026-09-16 15:00,84,인천,0,27.1,4.0,0.0,0.0,4.0,757.0,0.0,3.0
GFS,2026-09-12 18:00,2026-09-16 18:00,87,인천,0,24.2,0.0,0.0,0.0,0.0,363.0,0.0,3.0
GFS,2026-09-12 18:00,2026-09-16 21:00,90,인천,0,23.0,0.0,0.0,0.0,0.0,6.0,0.0,3.0
GFS,2026-09-12 18:00,2026-09-17 00:00,93,인천,0,22.0,1.0,0.0,0.0,1.0,0.0,0.0,3.0
GFS,2026-09-12 18:00,2026-09-17 03:00,96,인천,0,20.9,3.0,0.0,0.0,3.0,0.0,0.0,3.0
GFS,2026-09-12 18:00,2026-09-17 06:00,99,인천,0,19.7,0.0,0.0,0.0,0.0,0.0,0.0,3.0
GFS,2026-09-12 18:00,2026-09-17 09:00,102,인천,0,22.5,0.0,0.0,0.0,0.0,186.0,0.0,3.0
GFS,2026-09-12 18:00,2026-09-17 12:00,105,인천,0,27.0,0.0,0.0,0.0,0.0,681.0,0.0,3.0
GFS,2026-09-12 18:00,2026-09-17 15:00,108,인천,0,28.4,0.0,0.0,0.0,0.0,770.0,0.0,3.0
GFS,2026-09-12 18:00,2026-09-17 18:00,111,인천,0,27.0,0.0,0.0,0.0,0.0,354.0,0.0,3.0
GFS,2026-09-12 18:00,2026-09-17 21:00,114,인천,0,24.4,56.0,0.0,0.0,56.0,5.0,0.0,3.0
GFS,2026-09-12 18:00,2026-09-18 00:00,117,인천,0,22.2,64.0,0.0,4.0,64.0,0.0,0.0,3.0
GFS,2026-09-12 18:00,2026-09-18 03:00,120,인천,0,20.6,100.0,0.0,62.0,100.0,0.0,0.0,3.0
GFS,2026-09-12 18:00,2026-09-18 09:00,126,인천,0,21.9,100.0,0.0,97.0,100.0,72.0,0.0,6.0
GFS,2026-09-12 18:00,2026-09-18 21:00,138,인천,0,24.1,77.0,14.0,61.0,47.0,126.0,0.0,6.0
GFS,2026-09-12 18:00,2026-09-19 09:00,150,인천,0,22.0,97.0,76.0,94.0,0.0,41.0,0.0,6.0
GFS,2026-09-12 18:00,2026-09-19 21:00,162,인천,0,23.6,45.0,0.0,0.0,45.0,166.0,0.0,6.0
GFS,2026-09-12 18:00,2026-09-20 09:00,174,인천,0,22.0,48.0,0.0,0.0,48.0,92.0,0.0,6.0
GFS,2026-09-12 18:00,2026-09-20 21:00,186,인천,0,25.1,0.0,0.0,0.0,0.0,176.0,0.0,6.0
GFS,2026-09-12 18:00,2026-09-21 09:00,198,인천,0,22.8,2.0,0.0,1.0,2.0,90.0,0.0,6.0
GFS,2026-09-12 18:00,2026-09-21 21:00,210,인천,0,25.2,91.0,8.0,91.0,2.0,152.0,0.0,6.0
GFS,2026-09-12 18:00,2026-09-22 09:00,222,인천,0,21.2,99.0,63.0,96.0,81.0,19.0,0.0,6.0
GFS,2026-09-12 18:00,2026-09-22 21:00,234,인천,0,19.7,100.0,48.0,35.0,100.0,28.0,0.1,6.0
GFS,2026-09-12 18:00,2026-09-13 03:00,0,수원,0,20.6,83.0,1.0,81.0,24.0,,,
GFS,2026-09-12 18:00,2026-09-13 06:00,3,수원,0,20.0,100.0,3.0,99.0,91.0,0.0,0.0,3.0
GFS,2026-09-12 18:00,2026-09-13 09:00,6,수원,0,19.7,100.0,9.0,99.0,100.0,12.0,0.0,3.0
GFS,2026-09-12 18:00,2026-09-13 12:00,9,수원,0,20.6,100.0,8.0,99.0,100.0,78.0,0.0,3.0
GFS,2026-09-12 18:00,2026-09-13 15:00,12,수원,0,21.8,100.0,3.0,99.0,100.0,142.0,0.0,3.0
GFS,2026-09-12 18:00,2026-09-13 18:00,15,수원,0,21.2,100.0,0.0,98.0,100.0,107.0,0.0,3.0
GFS,2026-09-12 18:00,2026-09-13 21:00,18,수원,0,20.6,100.0,0.0,93.0,97.0,1.0,0.0,3.0
GFS,2026-09-12 18:00,2026-09-14 00:00,21,수원,0,19.6,98.0,0.0,57.0,98.0,0.0,0.0,3.0
GFS,2026-09-12 18:00,2026-09-14 03:00,24,수원,0,19.3,100.0,0.0,90.0,100.0,0.0,0.0,3.0
GFS,2026-09-12 18:00,2026-09-14 06:00,27,수원,0,19.0,100.0,0.0,100.0,100.0,0.0,0.0,3.0
GFS,2026-09-12 18:00,2026-09-14 09:00,30,수원,0,21.7,100.0,3.0,42.0,100.0,142.0,0.0,3.0
GFS,2026-09-12 18:00,2026-09-14 12:00,33,수원,0,25.6,39.0,4.0,0.0,39.0,603.0,0.0,3.0
GFS,2026-09-12 18:00,2026-09-14 15:00,36,수원,0,26.4,15.0,0.0,0.0,15.0,783.0,0.0,3.0
GFS,2026-09-12 18:00,2026-09-14 18:00,39,수원,0,23.1,41.0,0.0,1.0,41.0,373.0,0.0,3.0
GFS,2026-09-12 18:00,2026-09-14 21:00,42,수원,0,20.2,0.0,0.0,0.0,0.0,6.0,0.0,3.0
GFS,2026-09-12 18:00,2026-09-15 00:00,45,수원,0,18.4,0.0,0.0,0.0,0.0,0.0,0.0,3.0
GFS,2026-09-12 18:00,2026-09-15 03:00,48,수원,0,17.2,0.0,0.0,0.0,0.0,0.0,0.0,3.0
GFS,2026-09-12 18:00,2026-09-15 06:00,51,수원,0,16.0,0.0,0.0,0.0,0.0,0.0,0.0,3.0
GFS,2026-09-12 18:00,2026-09-15 09:00,54,수원,0,19.5,0.0,0.0,0.0,0.0,203.0,0.0,3.0
GFS,2026-09-12 18:00,2026-09-15 12:00,57,수원,0,23.9,0.0,0.0,0.0,0.0,711.0,0.0,3.0
GFS,2026-09-12 18:00,2026-09-15 15:00,60,수원,0,24.4,0.0,0.0,0.0,0.0,792.0,0.0,3.0
GFS,2026-09-12 18:00,2026-09-15 18:00,63,수원,0,21.7,0.0,0.0,0.0,0.0,366.0,0.0,3.0
GFS,2026-09-12 18:00,2026-09-15 21:00,66,수원,0,19.6,0.0,0.0,0.0,0.0,6.0,0.0,3.0
GFS,2026-09-12 18:00,2026-09-16 00:00,69,수원,0,18.6,0.0,0.0,0.0,0.0,0.0,0.0,3.0
GFS,2026-09-12 18:00,2026-09-16 03:00,72,수원,0,17.2,0.0,0.0,0.0,0.0,0.0,0.0,3.0
GFS,2026-09-12 18:00,2026-09-16 06:00,75,수원,0,16.3,0.0,0.0,0.0,0.0,0.0,0.0,3.0
GFS,2026-09-12 18:00,2026-09-16 09:00,78,수원,0,20.3,100.0,0.0,0.0,100.0,191.0,0.0,3.0
GFS,2026-09-12 18:00,2026-09-16 12:00,81,수원,0,25.2,84.0,0.0,0.0,84.0,632.0,0.0,3.0
GFS,2026-09-12 18:00,2026-09-16 15:00,84,수원,0,26.8,4.0,0.0,0.0,4.0,752.0,0.0,3.0
GFS,2026-09-12 18:00,2026-09-16 18:00,87,수원,0,24.0,14.0,0.0,0.0,14.0,358.0,0.0,3.0
GFS,2026-09-12 18:00,2026-09-16 21:00,90,수원,0,21.4,15.0,0.0,0.0,15.0,5.0,0.0,3.0
GFS,2026-09-12 18:00,2026-09-17 00:00,93,수원,0,20.2,0.0,0.0,0.0,0.0,0.0,0.0,3.0
GFS,2026-09-12 18:00,2026-09-17 03:00,96,수원,0,19.0,1.0,0.0,0.0,1.0,0.0,0.0,3.0
GFS,2026-09-12 18:00,2026-09-17 06:00,99,수원,0,17.9,0.0,0.0,0.0,0.0,0.0,0.0,3.0
GFS,2026-09-12 18:00,2026-09-17 09:00,102,수원,0,21.6,0.0,0.0,0.0,0.0,186.0,0.0,3.0
GFS,2026-09-12 18:00,2026-09-17 12:00,105,수원,0,25.9,0.0,0.0,0.0,0.0,685.0,0.0,3.0
GFS,2026-09-12 18:00,2026-09-17 15:00,108,수원,0,27.6,0.0,0.0,0.0,0.0,770.0,0.0,3.0
GFS,2026-09-12 18:00,2026-09-17 18:00,111,수원,0,25.4,0.0,0.0,0.0,0.0,347.0,0.0,3.0
GFS,2026-09-12 18:00,2026-09-17 21:00,114,수원,0,22.3,24.0,0.0,0.0,24.0,5.0,0.0,3.0
GFS,2026-09-12 18:00,2026-09-18 00:00,117,수원,0,20.2,99.0,0.0,29.0,99.0,0.0,0.0,3.0
GFS,2026-09-12 18:00,2026-09-18 03:00,120,수원,0,19.0,100.0,0.0,84.0,100.0,0.0,0.0,3.0
GFS,2026-09-12 18:00,2026-09-18 09:00,126,수원,0,21.2,100.0,0.0,99.0,100.0,82.0,0.0,6.0
GFS,2026-09-12 18:00,2026-09-18 21:00,138,수원,0,22.8,84.0,69.0,25.0,67.0,94.0,0.0,6.0
GFS,2026-09-12 18:00,2026-09-19 09:00,150,수원,0,21.0,93.0,85.0,78.0,0.0,40.0,0.0,6.0
GFS,2026-09-12 18:00,2026-09-19 21:00,162,수원,0,21.9,10.0,0.0,0.0,10.0,163.0,0.0,6.0
GFS,2026-09-12 18:00,2026-09-20 09:00,174,수원,0,21.5,18.0,0.0,0.0,18.0,93.0,0.0,6.0
GFS,2026-09-12 18:00,2026-09-20 21:00,186,수원,0,23.1,0.0,0.0,0.0,0.0,171.0,0.0,6.0
GFS,2026-09-12 18:00,2026-09-21 09:00,198,수원,0,22.3,1.0,0.0,0.0,1.0,88.0,0.0,6.0
GFS,2026-09-12 18:00,2026-09-21 21:00,210,수원,0,24.0,76.0,44.0,41.0,0.0,105.0,0.0,6.0
GFS,2026-09-12 18:00,2026-09-22 09:00,222,수원,0,20.3,100.0,91.0,98.0,97.0,19.0,0.0,6.0
GFS,2026-09-12 18:00,2026-09-22 21:00,234,수원,0,17.4,100.0,90.0,98.0,100.0,11.0,2.9,6.0
GFS,2026-09-12 18:00,2026-09-13 03:00,0,전주,0,17.7,70.0,0.0,0.0,70.0,,,
GFS,2026-09-12 18:00,2026-09-13 06:00,3,전주,0,17.2,27.0,0.0,0.0,27.0,0.0,0.0,3.0
GFS,2026-09-12 18:00,2026-09-13 09:00,6,전주,0,22.1,62.0,0.0,0.0,62.0,179.0,0.0,3.0
GFS,2026-09-12 18:00,2026-09-13 12:00,9,전주,0,25.3,56.0,0.0,0.0,56.0,681.0,0.0,3.0
GFS,2026-09-12 18:00,2026-09-13 15:00,12,전주,0,25.2,91.0,8.0,48.0,86.0,757.0,0.0,3.0
GFS,2026-09-12 18:00,2026-09-13 18:00,15,전주,0,21.3,100.0,0.0,69.0,100.0,306.0,0.0,3.0
GFS,2026-09-12 18:00,2026-09-13 21:00,18,전주,0,17.9,100.0,3.0,5.0,100.0,6.0,0.0,3.0
GFS,2026-09-12 18:00,2026-09-14 00:00,21,전주,0,16.9,98.0,0.0,12.0,98.0,0.0,0.0,3.0
GFS,2026-09-12 18:00,2026-09-14 03:00,24,전주,0,16.0,36.0,0.0,12.0,36.0,0.0,0.0,3.0
GFS,2026-09-12 18:00,2026-09-14 06:00,27,전주,0,16.0,64.0,0.0,64.0,3.0,0.0,0.0,3.0
GFS,2026-09-12 18:00,2026-09-14 09:00,30,전주,0,20.7,46.0,0.0,46.0,26.0,195.0,0.0,3.0
GFS,2026-09-12 18:00,2026-09-14 12:00,33,전주,0,24.2,90.0,0.0,90.0,73.0,640.0,0.0,3.0
GFS,2026-09-12 18:00,2026-09-14 15:00,36,전주,0,23.4,98.0,2.0,98.0,82.0,462.0,0.0,3.0
GFS,2026-09-12 18:00,2026-09-14 18:00,39,전주,0,20.4,27.0,3.0,27.0,1.0,299.0,0.0,3.0
GFS,2026-09-12 18:00,2026-09-14 21:00,42,전주,0,15.6,47.0,0.0,0.0,47.0,6.0,0.0,3.0
GFS,2026-09-12 18:00,2026-09-15 00:00,45,전주,0,14.6,91.0,0.0,0.0,91.0,0.0,0.0,3.0
GFS,2026-09-12 18:00,2026-09-15 03:00,48,전주,0,13.7,0.0,0.0,0.0,0.0,0.0,0.0,3.0
GFS,2026-09-12 18:00,2026-09-15 06:00,51,전주,0,12.4,2.0,0.0,0.0,2.0,0.0,0.0,3.0
GFS,2026-09-12 18:00,2026-09-15 09:00,54,전주,0,18.0,20.0,0.0,0.0,20.0,208.0,0.0,3.0
GFS,2026-09-12 18:00,2026-09-15 12:00,57,전주,0,22.0,14.0,0.0,0.0,14.0,732.0,0.0,3.0
GFS,2026-09-12 18:00,2026-09-15 15:00,60,전주,0,23.1,83.0,0.0,0.0,83.0,812.0,0.0,3.0
GFS,2026-09-12 18:00,2026-09-15 18:00,63,전주,0,18.5,94.0,0.0,3.0,94.0,337.0,0.0,3.0
GFS,2026-09-12 18:00,2026-09-15 21:00,66,전주,0,15.8,63.0,0.0,0.0,63.0,5.0,0.0,3.0
GFS,2026-09-12 18:00,2026-09-16 00:00,69,전주,0,14.0,25.0,0.0,0.0,25.0,0.0,0.0,3.0
GFS,2026-09-12 18:00,2026-09-16 03:00,72,전주,0,13.4,6.0,0.0,0.0,6.0,0.0,0.0,3.0
GFS,2026-09-12 18:00,2026-09-16 06:00,75,전주,0,12.9,27.0,0.0,0.0,27.0,0.0,0.0,3.0
GFS,2026-09-12 18:00,2026-09-16 09:00,78,전주,0,19.0,88.0,0.0,28.0,79.0,186.0,0.0,3.0
GFS,2026-09-12 18:00,2026-09-16 12:00,81,전주,0,23.7,81.0,0.0,33.0,68.0,669.0,0.0,3.0
GFS,2026-09-12 18:00,2026-09-16 15:00,84,전주,0,24.3,88.0,0.0,59.0,88.0,644.0,0.0,3.0
GFS,2026-09-12 18:00,2026-09-16 18:00,87,전주,0,20.6,100.0,0.0,80.0,100.0,209.0,0.0,3.0
GFS,2026-09-12 18:00,2026-09-16 21:00,90,전주,0,18.1,100.0,0.0,80.0,100.0,3.0,0.0,3.0
GFS,2026-09-12 18:00,2026-09-17 00:00,93,전주,0,17.6,100.0,0.0,24.0,100.0,0.0,0.0,3.0
GFS,2026-09-12 18:00,2026-09-17 03:00,96,전주,0,16.4,5.0,0.0,0.0,5.0,0.0,0.0,3.0
GFS,2026-09-12 18:00,2026-09-17 06:00,99,전주,0,15.4,5.0,0.0,0.0,5.0,0.0,0.0,3.0
GFS,2026-09-12 18:00,2026-09-17 09:00,102,전주,0,21.3,0.0,0.0,0.0,0.0,194.0,0.0,3.0
GFS,2026-09-12 18:00,2026-09-17 12:00,105,전주,0,26.6,1.0,0.0,0.0,0.0,706.0,0.0,3.0
GFS,2026-09-12 18:00,2026-09-17 15:00,108,전주,0,28.0,11.0,11.0,0.0,1.0,777.0,0.0,3.0
GFS,2026-09-12 18:00,2026-09-17 18:00,111,전주,0,23.4,65.0,65.0,0.0,1.0,218.0,0.0,3.0
GFS,2026-09-12 18:00,2026-09-17 21:00,114,전주,0,20.4,100.0,4.0,1.0,100.0,2.0,0.0,3.0
GFS,2026-09-12 18:00,2026-09-18 00:00,117,전주,0,17.3,89.0,0.0,0.0,89.0,0.0,0.0,3.0
GFS,2026-09-12 18:00,2026-09-18 03:00,120,전주,0,16.3,58.0,0.0,1.0,58.0,0.0,0.0,3.0
GFS,2026-09-12 18:00,2026-09-18 09:00,126,전주,0,21.7,94.0,23.0,87.0,71.0,81.0,0.0,6.0
GFS,2026-09-12 18:00,2026-09-18 21:00,138,전주,0,21.7,100.0,80.0,45.0,100.0,93.0,0.0,6.0
GFS,2026-09-12 18:00,2026-09-19 09:00,150,전주,0,21.6,76.0,35.0,76.0,0.0,62.0,0.3,6.0
GFS,2026-09-12 18:00,2026-09-19 21:00,162,전주,0,20.2,0.0,0.0,0.0,0.0,153.0,0.0,6.0
GFS,2026-09-12 18:00,2026-09-20 09:00,174,전주,0,21.6,0.0,0.0,0.0,0.0,89.0,0.0,6.0
GFS,2026-09-12 18:00,2026-09-20 21:00,186,전주,0,21.5,0.0,0.0,0.0,0.0,102.0,0.0,6.0
GFS,2026-09-12 18:00,2026-09-21 09:00,198,전주,0,23.8,30.0,30.0,0.0,0.0,86.0,0.0,6.0
GFS,2026-09-12 18:00,2026-09-21 21:00,210,전주,0,22.0,100.0,67.0,49.0,100.0,51.0,0.1,6.0
GFS,2026-09-12 18:00,2026-09-22 09:00,222,전주,0,20.5,100.0,98.0,20.0,100.0,13.0,1.6,6.0
GFS,2026-09-12 18:00,2026-09-22 21:00,234,전주,0,19.1,100.0,26.0,87.0,100.0,20.0,0.3,6.0
GFS,2026-09-12 18:00,2026-09-13 03:00,0,강릉,0,19.7,94.0,0.0,94.0,5.0,,,
GFS,2026-09-12 18:00,2026-09-13 06:00,3,강릉,0,20.8,99.0,3.0,99.0,68.0,0.0,0.0,3.0
GFS,2026-09-12 18:00,2026-09-13 09:00,6,강릉,0,20.9,99.0,20.0,98.0,98.0,14.0,0.0,3.0
GFS,2026-09-12 18:00,2026-09-13 12:00,9,강릉,0,21.7,99.0,29.0,89.0,85.0,54.0,0.0,3.0
GFS,2026-09-12 18:00,2026-09-13 15:00,12,강릉,0,22.4,100.0,11.0,93.0,92.0,111.0,0.0,3.0
GFS,2026-09-12 18:00,2026-09-13 18:00,15,강릉,0,21.9,100.0,3.0,87.0,100.0,50.0,0.0,3.0
GFS,2026-09-12 18:00,2026-09-13 21:00,18,강릉,0,20.8,100.0,0.0,41.0,100.0,1.0,0.0,3.0
GFS,2026-09-12 18:00,2026-09-14 00:00,21,강릉,0,20.7,100.0,0.0,43.0,100.0,0.0,0.0,3.0
GFS,2026-09-12 18:00,2026-09-14 03:00,24,강릉,0,19.5,81.0,0.0,44.0,80.0,0.0,0.0,3.0
GFS,2026-09-12 18:00,2026-09-14 06:00,27,강릉,0,19.3,97.0,0.0,72.0,96.0,0.0,0.0,3.0
GFS,2026-09-12 18:00,2026-09-14 09:00,30,강릉,0,22.4,86.0,0.0,82.0,80.0,139.0,0.0,3.0
GFS,2026-09-12 18:00,2026-09-14 12:00,33,강릉,0,22.5,92.0,2.0,64.0,88.0,545.0,0.0,3.0
GFS,2026-09-12 18:00,2026-09-14 15:00,36,강릉,0,22.1,93.0,12.0,21.0,92.0,633.0,0.0,3.0
GFS,2026-09-12 18:00,2026-09-14 18:00,39,강릉,0,21.2,55.0,30.0,16.0,26.0,271.0,0.0,3.0
GFS,2026-09-12 18:00,2026-09-14 21:00,42,강릉,0,19.8,29.0,26.0,1.0,6.0,3.0,0.2,3.0
GFS,2026-09-12 18:00,2026-09-15 00:00,45,강릉,0,18.8,20.0,3.0,0.0,17.0,0.0,0.2,3.0
GFS,2026-09-12 18:00,2026-09-15 03:00,48,강릉,0,18.6,18.0,18.0,0.0,0.0,0.0,0.1,3.0
GFS,2026-09-12 18:00,2026-09-15 06:00,51,강릉,0,18.8,8.0,8.0,0.0,0.0,0.0,0.4,3.0
GFS,2026-09-12 18:00,2026-09-15 09:00,54,강릉,0,20.2,28.0,28.0,0.0,0.0,201.0,0.2,3.0
GFS,2026-09-12 18:00,2026-09-15 12:00,57,강릉,0,20.7,8.0,8.0,0.0,0.0,678.0,0.2,3.0
GFS,2026-09-12 18:00,2026-09-15 15:00,60,강릉,0,22.1,16.0,16.0,0.0,0.0,732.0,0.1,3.0
GFS,2026-09-12 18:00,2026-09-15 18:00,63,강릉,0,21.2,12.0,10.0,0.0,3.0,308.0,0.1,3.0
GFS,2026-09-12 18:00,2026-09-15 21:00,66,강릉,0,19.3,5.0,1.0,0.0,4.0,3.0,0.3,3.0
GFS,2026-09-12 18:00,2026-09-16 00:00,69,강릉,0,18.0,0.0,0.0,0.0,0.0,0.0,0.0,3.0
GFS,2026-09-12 18:00,2026-09-16 03:00,72,강릉,0,18.1,7.0,7.0,0.0,0.0,0.0,0.0,3.0
GFS,2026-09-12 18:00,2026-09-16 06:00,75,강릉,0,17.8,8.0,8.0,0.0,0.0,0.0,0.0,3.0
GFS,2026-09-12 18:00,2026-09-16 09:00,78,강릉,0,20.3,10.0,7.0,0.0,3.0,206.0,0.0,3.0
GFS,2026-09-12 18:00,2026-09-16 12:00,81,강릉,0,20.6,98.0,10.0,0.0,98.0,647.0,0.1,3.0
GFS,2026-09-12 18:00,2026-09-16 15:00,84,강릉,0,21.3,38.0,14.0,0.0,31.0,677.0,0.0,3.0
GFS,2026-09-12 18:00,2026-09-16 18:00,87,강릉,0,20.7,26.0,2.0,0.0,25.0,311.0,0.0,3.0
GFS,2026-09-12 18:00,2026-09-16 21:00,90,강릉,0,18.9,97.0,0.0,0.0,97.0,3.0,0.0,3.0
GFS,2026-09-12 18:00,2026-09-17 00:00,93,강릉,0,18.4,82.0,0.0,0.0,82.0,0.0,0.0,3.0
GFS,2026-09-12 18:00,2026-09-17 03:00,96,강릉,0,18.0,0.0,0.0,0.0,0.0,0.0,0.0,3.0
GFS,2026-09-12 18:00,2026-09-17 06:00,99,강릉,0,17.8,2.0,1.0,0.0,0.0,0.0,0.0,3.0
GFS,2026-09-12 18:00,2026-09-17 09:00,102,강릉,0,20.6,6.0,6.0,0.0,0.0,205.0,0.1,3.0
GFS,2026-09-12 18:00,2026-09-17 12:00,105,강릉,0,21.6,0.0,0.0,0.0,0.0,685.0,0.0,3.0
GFS,2026-09-12 18:00,2026-09-17 15:00,108,강릉,0,22.1,1.0,1.0,0.0,0.0,741.0,0.1,3.0
GFS,2026-09-12 18:00,2026-09-17 18:00,111,강릉,0,21.0,6.0,6.0,0.0,0.0,312.0,0.1,3.0
GFS,2026-09-12 18:00,2026-09-17 21:00,114,강릉,0,20.3,12.0,12.0,0.0,0.0,2.0,0.1,3.0
GFS,2026-09-12 18:00,2026-09-18 00:00,117,강릉,0,20.0,75.0,17.0,0.0,75.0,0.0,0.1,3.0
GFS,2026-09-12 18:00,2026-09-18 03:00,120,강릉,0,20.0,99.0,31.0,24.0,99.0,0.0,0.1,3.0
GFS,2026-09-12 18:00,2026-09-18 09:00,126,강릉,0,20.7,97.0,62.0,52.0,82.0,58.0,0.4,6.0
GFS,2026-09-12 18:00,2026-09-18 21:00,138,강릉,0,20.2,90.0,51.0,50.0,78.0,134.0,0.3,6.0
GFS,2026-09-12 18:00,2026-09-19 09:00,150,강릉,0,20.2,100.0,50.0,84.0,99.0,34.0,0.3,6.0
GFS,2026-09-12 18:00,2026-09-19 21:00,162,강릉,0,19.1,12.0,12.0,0.0,0.0,148.0,0.1,6.0
GFS,2026-09-12 18:00,2026-09-20 09:00,174,강릉,0,19.1,0.0,0.0,0.0,0.0,98.0,0.0,6.0
GFS,2026-09-12 18:00,2026-09-20 21:00,186,강릉,0,17.2,3.0,0.0,0.0,3.0,155.0,0.0,6.0
GFS,2026-09-12 18:00,2026-09-21 09:00,198,강릉,0,19.4,68.0,68.0,0.0,2.0,41.0,0.0,6.0
GFS,2026-09-12 18:00,2026-09-21 21:00,210,강릉,0,19.4,80.0,79.0,7.0,4.0,36.0,0.6,6.0
GFS,2026-09-12 18:00,2026-09-22 09:00,222,강릉,0,18.6,100.0,97.0,100.0,100.0,11.0,1.7,6.0
GFS,2026-09-12 18:00,2026-09-22 21:00,234,강릉,0,17.6,100.0,100.0,100.0,100.0,2.0,23.1,6.0
GFS,2026-09-12 18:00,2026-09-13 03:00,0,제주,0,21.3,21.0,21.0,0.0,1.0,,,
GFS,2026-09-12 18:00,2026-09-13 06:00,3,제주,0,21.1,19.0,16.0,1.0,2.0,0.0,0.0,3.0
GFS,2026-09-12 18:00,2026-09-13 09:00,6,제주,0,23.7,40.0,36.0,0.0,24.0,184.0,0.1,3.0
GFS,2026-09-12 18:00,2026-09-13 12:00,9,제주,0,24.8,12.0,8.0,0.0,4.0,635.0,0.1,3.0
GFS,2026-09-12 18:00,2026-09-13 15:00,12,제주,0,23.6,33.0,33.0,1.0,1.0,586.0,0.1,3.0
GFS,2026-09-12 18:00,2026-09-13 18:00,15,제주,0,22.9,26.0,24.0,0.0,3.0,195.0,0.0,3.0
GFS,2026-09-12 18:00,2026-09-13 21:00,18,제주,0,21.7,19.0,4.0,0.0,18.0,6.0,0.0,3.0
GFS,2026-09-12 18:00,2026-09-14 00:00,21,제주,0,21.1,12.0,2.0,1.0,11.0,0.0,0.0,3.0
GFS,2026-09-12 18:00,2026-09-14 03:00,24,제주,0,20.8,59.0,1.0,1.0,59.0,0.0,0.0,3.0
GFS,2026-09-12 18:00,2026-09-14 06:00,27,제주,0,20.3,4.0,0.0,2.0,3.0,0.0,0.0,3.0
GFS,2026-09-12 18:00,2026-09-14 09:00,30,제주,0,22.6,8.0,0.0,8.0,0.0,210.0,0.0,3.0
GFS,2026-09-12 18:00,2026-09-14 12:00,33,제주,0,24.1,27.0,0.0,27.0,0.0,736.0,0.0,3.0
GFS,2026-09-12 18:00,2026-09-14 15:00,36,제주,0,24.0,27.0,0.0,22.0,6.0,777.0,0.0,3.0
GFS,2026-09-12 18:00,2026-09-14 18:00,39,제주,0,22.5,54.0,1.0,8.0,53.0,381.0,0.0,3.0
GFS,2026-09-12 18:00,2026-09-14 21:00,42,제주,0,21.2,8.0,3.0,6.0,4.0,7.0,0.0,3.0
GFS,2026-09-12 18:00,2026-09-15 00:00,45,제주,0,20.5,71.0,0.0,5.0,71.0,0.0,0.0,3.0
GFS,2026-09-12 18:00,2026-09-15 03:00,48,제주,0,20.0,90.0,0.0,4.0,90.0,0.0,0.0,3.0
GFS,2026-09-12 18:00,2026-09-15 06:00,51,제주,0,19.5,74.0,12.0,0.0,63.0,0.0,0.0,3.0
GFS,2026-09-12 18:00,2026-09-15 09:00,54,제주,0,20.7,49.0,36.0,2.0,41.0,127.0,0.0,3.0
GFS,2026-09-12 18:00,2026-09-15 12:00,57,제주,0,21.9,72.0,15.0,0.0,72.0,623.0,0.0,3.0
GFS,2026-09-12 18:00,2026-09-15 15:00,60,제주,0,22.1,53.0,0.0,1.0,53.0,815.0,0.0,3.0
GFS,2026-09-12 18:00,2026-09-15 18:00,63,제주,0,20.8,79.0,0.0,3.0,79.0,378.0,0.0,3.0
GFS,2026-09-12 18:00,2026-09-15 21:00,66,제주,0,19.3,52.0,0.0,5.0,52.0,7.0,0.0,3.0
GFS,2026-09-12 18:00,2026-09-16 00:00,69,제주,0,18.5,6.0,0.0,6.0,1.0,0.0,0.0,3.0
GFS,2026-09-12 18:00,2026-09-16 03:00,72,제주,0,18.0,11.0,0.0,2.0,10.0,0.0,0.0,3.0
GFS,2026-09-12 18:00,2026-09-16 06:00,75,제주,0,17.8,3.0,0.0,0.0,3.0,0.0,0.0,3.0
GFS,2026-09-12 18:00,2026-09-16 09:00,78,제주,0,21.5,94.0,1.0,0.0,94.0,212.0,0.0,3.0
GFS,2026-09-12 18:00,2026-09-16 12:00,81,제주,0,23.7,93.0,15.0,2.0,93.0,647.0,0.0,3.0
GFS,2026-09-12 18:00,2026-09-16 15:00,84,제주,0,23.8,87.0,24.0,49.0,81.0,763.0,0.2,3.0
GFS,2026-09-12 18:00,2026-09-16 18:00,87,제주,0,22.4,84.0,17.0,84.0,56.0,228.0,0.2,3.0
GFS,2026-09-12 18:00,2026-09-16 21:00,90,제주,0,22.0,100.0,2.0,100.0,97.0,5.0,0.0,3.0
GFS,2026-09-12 18:00,2026-09-17 00:00,93,제주,0,21.8,99.0,4.0,99.0,97.0,0.0,0.1,3.0
GFS,2026-09-12 18:00,2026-09-17 03:00,96,제주,0,21.6,92.0,2.0,32.0,91.0,0.0,0.1,3.0
GFS,2026-09-12 18:00,2026-09-17 06:00,99,제주,0,21.1,74.0,13.0,16.0,71.0,0.0,0.1,3.0
GFS,2026-09-12 18:00,2026-09-17 09:00,102,제주,0,22.3,89.0,45.0,2.0,86.0,147.0,0.1,3.0
GFS,2026-09-12 18:00,2026-09-17 12:00,105,제주,0,22.4,98.0,61.0,0.0,96.0,332.0,0.2,3.0
GFS,2026-09-12 18:00,2026-09-17 15:00,108,제주,0,22.8,91.0,45.0,0.0,87.0,382.0,0.3,3.0
GFS,2026-09-12 18:00,2026-09-17 18:00,111,제주,0,22.4,100.0,20.0,0.0,100.0,198.0,0.2,3.0
GFS,2026-09-12 18:00,2026-09-17 21:00,114,제주,0,22.1,100.0,28.0,12.0,100.0,3.0,0.2,3.0
GFS,2026-09-12 18:00,2026-09-18 00:00,117,제주,0,21.7,100.0,89.0,86.0,84.0,0.0,0.1,3.0
GFS,2026-09-12 18:00,2026-09-18 03:00,120,제주,0,21.6,89.0,87.0,61.0,5.0,0.0,0.2,3.0
GFS,2026-09-12 18:00,2026-09-18 09:00,126,제주,0,21.7,80.0,79.0,8.0,50.0,14.0,0.6,6.0
GFS,2026-09-12 18:00,2026-09-18 21:00,138,제주,0,22.2,96.0,91.0,89.0,58.0,25.0,0.9,6.0
GFS,2026-09-12 18:00,2026-09-19 09:00,150,제주,0,21.5,91.0,91.0,32.0,0.0,10.0,1.8,6.0
GFS,2026-09-12 18:00,2026-09-19 21:00,162,제주,0,21.0,72.0,72.0,0.0,0.0,36.0,0.1,6.0
GFS,2026-09-12 18:00,2026-09-20 09:00,174,제주,0,21.0,94.0,94.0,0.0,0.0,10.0,0.3,6.0
GFS,2026-09-12 18:00,2026-09-20 21:00,186,제주,0,22.3,38.0,38.0,0.0,0.0,53.0,0.3,6.0
GFS,2026-09-12 18:00,2026-09-21 09:00,198,제주,0,22.5,92.0,87.0,18.0,61.0,9.0,0.7,6.0
GFS,2026-09-12 18:00,2026-09-21 21:00,210,제주,0,21.8,100.0,92.0,19.0,100.0,11.0,0.9,6.0
GFS,2026-09-12 18:00,2026-09-22 09:00,222,제주,0,21.5,100.0,89.0,97.0,100.0,4.0,2.4,6.0
GFS,2026-09-12 18:00,2026-09-22 21:00,234,제주,0,21.4,100.0,90.0,100.0,100.0,9.0,4.8,6.0
GFS,2026-09-12 18:00,2026-09-13 03:00,0,나주,0,17.9,89.0,1.0,0.0,89.0,,,
GFS,2026-09-12 18:00,2026-09-13 06:00,3,나주,0,17.5,39.0,0.0,0.0,39.0,0.0,0.0,3.0
GFS,2026-09-12 18:00,2026-09-13 09:00,6,나주,0,23.1,18.0,0.0,0.0,18.0,199.0,0.0,3.0
GFS,2026-09-12 18:00,2026-09-13 12:00,9,나주,0,27.3,14.0,0.0,5.0,12.0,704.0,0.0,3.0
GFS,2026-09-12 18:00,2026-09-13 15:00,12,나주,0,27.2,62.0,3.0,5.0,60.0,789.0,0.0,3.0
GFS,2026-09-12 18:00,2026-09-13 18:00,15,나주,0,22.3,100.0,0.0,5.0,100.0,352.0,0.0,3.0
GFS,2026-09-12 18:00,2026-09-13 21:00,18,나주,0,18.5,83.0,0.0,4.0,83.0,7.0,0.0,3.0
GFS,2026-09-12 18:00,2026-09-14 00:00,21,나주,0,17.3,99.0,0.0,5.0,99.0,0.0,0.0,3.0
GFS,2026-09-12 18:00,2026-09-14 03:00,24,나주,0,16.4,70.0,0.0,3.0,70.0,0.0,0.0,3.0
GFS,2026-09-12 18:00,2026-09-14 06:00,27,나주,0,15.5,54.0,0.0,51.0,6.0,0.0,0.0,3.0
GFS,2026-09-12 18:00,2026-09-14 09:00,30,나주,0,20.6,54.0,0.0,54.0,3.0,132.0,0.0,3.0
GFS,2026-09-12 18:00,2026-09-14 12:00,33,나주,0,26.8,30.0,0.0,24.0,18.0,709.0,0.0,3.0
GFS,2026-09-12 18:00,2026-09-14 15:00,36,나주,0,26.2,100.0,2.0,84.0,100.0,752.0,0.0,3.0
GFS,2026-09-12 18:00,2026-09-14 18:00,39,나주,0,22.0,89.0,0.0,89.0,4.0,228.0,0.0,3.0
GFS,2026-09-12 18:00,2026-09-14 21:00,42,나주,0,17.3,46.0,0.0,1.0,46.0,6.0,0.0,3.0
GFS,2026-09-12 18:00,2026-09-15 00:00,45,나주,0,15.8,97.0,0.0,0.0,97.0,0.0,0.0,3.0
GFS,2026-09-12 18:00,2026-09-15 03:00,48,나주,0,15.2,21.0,6.0,0.0,21.0,0.0,0.0,3.0
GFS,2026-09-12 18:00,2026-09-15 06:00,51,나주,0,14.1,88.0,2.0,0.0,88.0,0.0,0.0,3.0
GFS,2026-09-12 18:00,2026-09-15 09:00,54,나주,0,19.3,77.0,0.0,0.0,77.0,184.0,0.0,3.0
GFS,2026-09-12 18:00,2026-09-15 12:00,57,나주,0,24.1,56.0,0.0,0.0,56.0,706.0,0.0,3.0
GFS,2026-09-12 18:00,2026-09-15 15:00,60,나주,0,24.8,14.0,0.0,0.0,14.0,823.0,0.0,3.0
GFS,2026-09-12 18:00,2026-09-15 18:00,63,나주,0,19.7,71.0,0.0,30.0,69.0,395.0,0.0,3.0
GFS,2026-09-12 18:00,2026-09-15 21:00,66,나주,0,15.1,64.0,0.0,19.0,64.0,6.0,0.0,3.0
GFS,2026-09-12 18:00,2026-09-16 00:00,69,나주,0,14.1,77.0,0.0,0.0,77.0,0.0,0.0,3.0
GFS,2026-09-12 18:00,2026-09-16 03:00,72,나주,0,13.5,64.0,0.0,0.0,64.0,0.0,0.0,3.0
GFS,2026-09-12 18:00,2026-09-16 06:00,75,나주,0,13.1,8.0,0.0,0.0,8.0,0.0,0.0,3.0
GFS,2026-09-12 18:00,2026-09-16 09:00,78,나주,0,20.1,78.0,0.0,23.0,58.0,206.0,0.0,3.0
GFS,2026-09-12 18:00,2026-09-16 12:00,81,나주,0,26.0,100.0,10.0,3.0,100.0,691.0,0.0,3.0
GFS,2026-09-12 18:00,2026-09-16 15:00,84,나주,0,26.4,100.0,40.0,97.0,100.0,648.0,0.0,3.0
GFS,2026-09-12 18:00,2026-09-16 18:00,87,나주,0,21.5,100.0,26.0,97.0,98.0,148.0,0.0,3.0
GFS,2026-09-12 18:00,2026-09-16 21:00,90,나주,0,19.5,100.0,0.0,100.0,92.0,4.0,0.0,3.0
GFS,2026-09-12 18:00,2026-09-17 00:00,93,나주,0,18.8,100.0,0.0,81.0,100.0,0.0,0.0,3.0
GFS,2026-09-12 18:00,2026-09-17 03:00,96,나주,0,17.4,92.0,0.0,2.0,92.0,0.0,0.0,3.0
GFS,2026-09-12 18:00,2026-09-17 06:00,99,나주,0,16.4,89.0,0.0,0.0,89.0,0.0,0.0,3.0
GFS,2026-09-12 18:00,2026-09-17 09:00,102,나주,0,21.5,6.0,5.0,0.0,3.0,171.0,0.0,3.0
GFS,2026-09-12 18:00,2026-09-17 12:00,105,나주,0,27.4,32.0,27.0,0.0,15.0,700.0,0.0,3.0
GFS,2026-09-12 18:00,2026-09-17 15:00,108,나주,0,26.9,70.0,60.0,0.0,57.0,458.0,0.0,3.0
GFS,2026-09-12 18:00,2026-09-17 18:00,111,나주,0,22.3,84.0,70.0,0.0,44.0,109.0,0.0,3.0
GFS,2026-09-12 18:00,2026-09-17 21:00,114,나주,0,21.8,100.0,20.0,0.0,100.0,3.0,0.0,3.0
GFS,2026-09-12 18:00,2026-09-18 00:00,117,나주,0,18.3,93.0,0.0,0.0,93.0,0.0,0.0,3.0
GFS,2026-09-12 18:00,2026-09-18 03:00,120,나주,0,17.5,88.0,46.0,80.0,46.0,0.0,0.0,3.0
GFS,2026-09-12 18:00,2026-09-18 09:00,126,나주,0,20.2,100.0,100.0,35.0,85.0,18.0,0.0,6.0
GFS,2026-09-12 18:00,2026-09-18 21:00,138,나주,0,21.6,100.0,83.0,100.0,92.0,42.0,0.0,6.0
GFS,2026-09-12 18:00,2026-09-19 09:00,150,나주,0,21.3,51.0,46.0,32.0,0.0,58.0,1.1,6.0
GFS,2026-09-12 18:00,2026-09-19 21:00,162,나주,0,19.9,27.0,27.0,0.0,0.0,53.0,0.1,6.0
GFS,2026-09-12 18:00,2026-09-20 09:00,174,나주,0,22.1,21.0,21.0,0.0,0.0,92.0,0.0,6.0
GFS,2026-09-12 18:00,2026-09-20 21:00,186,나주,0,21.7,0.0,0.0,0.0,0.0,33.0,0.0,6.0
GFS,2026-09-12 18:00,2026-09-21 09:00,198,나주,0,23.4,83.0,83.0,1.0,19.0,71.0,0.0,6.0
GFS,2026-09-12 18:00,2026-09-21 21:00,210,나주,0,22.4,100.0,75.0,65.0,100.0,7.0,0.0,6.0
GFS,2026-09-12 18:00,2026-09-22 09:00,222,나주,0,21.2,100.0,75.0,71.0,100.0,23.0,1.2,6.0
GFS,2026-09-12 18:00,2026-09-22 21:00,234,나주,0,20.2,100.0,10.0,90.0,100.0,37.0,0.0,6.0
KIM,2026-09-12 12:00,2026-09-12 21:00,0,서울,1,20.3,99.0,0.0,70.0,99.0,3.0,,3.0
KIM,2026-09-12 12:00,2026-09-13 00:00,3,서울,1,18.3,78.0,0.0,76.0,22.0,0.0,0.0,3.0
KIM,2026-09-12 12:00,2026-09-13 03:00,6,서울,1,16.9,100.0,0.0,65.0,99.0,0.0,0.0,3.0
KIM,2026-09-12 12:00,2026-09-13 06:00,9,서울,1,17.0,97.0,0.0,61.0,89.0,0.0,0.0,3.0
KIM,2026-09-12 12:00,2026-09-13 09:00,12,서울,1,20.8,100.0,5.0,64.0,99.0,99.0,0.0,3.0
KIM,2026-09-12 12:00,2026-09-13 12:00,15,서울,1,24.9,97.0,3.0,77.0,94.0,439.0,0.0,3.0
KIM,2026-09-12 12:00,2026-09-13 15:00,18,서울,1,25.8,100.0,3.0,78.0,100.0,584.0,0.0,3.0
KIM,2026-09-12 12:00,2026-09-13 18:00,21,서울,1,23.0,100.0,4.0,83.0,99.0,236.0,0.0,3.0
KIM,2026-09-12 12:00,2026-09-13 21:00,24,서울,1,20.2,100.0,0.0,75.0,100.0,4.0,0.0,3.0
KIM,2026-09-12 12:00,2026-09-14 00:00,27,서울,1,19.7,100.0,0.0,72.0,100.0,0.0,0.0,3.0
KIM,2026-09-12 12:00,2026-09-14 03:00,30,서울,1,18.7,100.0,0.0,77.0,100.0,0.0,0.0,3.0
KIM,2026-09-12 12:00,2026-09-14 06:00,33,서울,1,17.2,100.0,1.0,63.0,100.0,0.0,0.0,3.0
KIM,2026-09-12 12:00,2026-09-14 09:00,36,서울,1,20.5,99.0,6.0,24.0,99.0,122.0,0.0,3.0
KIM,2026-09-12 12:00,2026-09-14 12:00,39,서울,1,24.3,68.0,0.0,6.0,68.0,631.0,0.0,3.0
KIM,2026-09-12 12:00,2026-09-14 15:00,42,서울,1,25.0,2.0,0.0,0.0,2.0,765.0,0.0,3.0
KIM,2026-09-12 12:00,2026-09-14 18:00,45,서울,1,22.3,96.0,0.0,0.0,96.0,364.0,0.0,3.0
KIM,2026-09-12 12:00,2026-09-14 21:00,48,서울,1,17.8,92.0,0.0,0.0,92.0,6.0,0.0,3.0
KIM,2026-09-12 12:00,2026-09-15 00:00,51,서울,1,15.3,20.0,0.0,0.0,20.0,0.0,0.0,3.0
KIM,2026-09-12 12:00,2026-09-15 03:00,54,서울,1,13.5,4.0,2.0,0.0,2.0,0.0,0.0,3.0
KIM,2026-09-12 12:00,2026-09-15 06:00,57,서울,1,12.7,13.0,13.0,0.0,0.0,0.0,0.0,3.0
KIM,2026-09-12 12:00,2026-09-15 09:00,60,서울,1,19.5,0.0,0.0,0.0,0.0,188.0,0.0,3.0
KIM,2026-09-12 12:00,2026-09-15 12:00,63,서울,1,24.7,2.0,2.0,0.0,0.0,690.0,0.0,3.0
KIM,2026-09-12 12:00,2026-09-15 15:00,66,서울,1,25.7,0.0,0.0,0.0,0.0,772.0,0.0,3.0
KIM,2026-09-12 12:00,2026-09-15 18:00,69,서울,1,22.5,0.0,0.0,0.0,0.0,352.0,0.0,3.0
KIM,2026-09-12 12:00,2026-09-15 21:00,72,서울,1,17.5,0.0,0.0,0.0,0.0,5.0,0.0,3.0
KIM,2026-09-12 12:00,2026-09-16 00:00,75,서울,1,15.6,0.0,0.0,0.0,0.0,0.0,0.0,3.0
KIM,2026-09-12 12:00,2026-09-16 03:00,78,서울,1,13.8,0.0,0.0,0.0,0.0,0.0,0.0,3.0
KIM,2026-09-12 12:00,2026-09-16 06:00,81,서울,1,12.5,5.0,5.0,0.0,0.0,0.0,0.0,3.0
KIM,2026-09-12 12:00,2026-09-16 09:00,84,서울,1,19.9,27.0,27.0,0.0,0.0,186.0,0.0,3.0
KIM,2026-09-12 12:00,2026-09-16 12:00,87,서울,1,26.2,18.0,18.0,0.0,0.0,684.0,0.0,3.0
KIM,2026-09-12 12:00,2026-09-16 15:00,90,서울,1,28.1,3.0,3.0,0.0,0.0,767.0,0.0,3.0
KIM,2026-09-12 12:00,2026-09-16 18:00,93,서울,1,24.7,5.0,0.0,0.0,5.0,344.0,0.0,3.0
KIM,2026-09-12 12:00,2026-09-16 21:00,96,서울,1,19.6,69.0,0.0,0.0,69.0,4.0,0.0,3.0
KIM,2026-09-12 12:00,2026-09-17 00:00,99,서울,1,17.8,87.0,0.0,0.0,87.0,0.0,0.0,3.0
KIM,2026-09-12 12:00,2026-09-17 03:00,102,서울,1,16.1,16.0,0.0,0.0,16.0,0.0,0.0,3.0
KIM,2026-09-12 12:00,2026-09-17 06:00,105,서울,1,15.1,90.0,0.0,0.0,90.0,0.0,0.0,3.0
KIM,2026-09-12 12:00,2026-09-17 09:00,108,서울,1,21.0,99.0,0.0,0.0,99.0,170.0,0.0,3.0
KIM,2026-09-12 12:00,2026-09-17 12:00,111,서울,1,25.4,96.0,0.0,1.0,96.0,613.0,0.0,3.0
KIM,2026-09-12 12:00,2026-09-17 15:00,114,서울,1,26.9,92.0,0.0,16.0,91.0,674.0,0.0,3.0
KIM,2026-09-12 12:00,2026-09-17 18:00,117,서울,1,24.0,99.0,1.0,37.0,99.0,248.0,0.0,3.0
KIM,2026-09-12 12:00,2026-09-17 21:00,120,서울,1,21.3,98.0,11.0,63.0,97.0,3.0,0.0,3.0
KIM,2026-09-12 12:00,2026-09-18 09:00,132,서울,1,21.9,100.0,1.0,95.0,97.0,99.0,0.0,3.0
KIM,2026-09-12 12:00,2026-09-18 21:00,144,서울,1,22.3,49.0,49.0,0.0,0.0,3.0,0.0,3.0
KIM,2026-09-12 12:00,2026-09-19 09:00,156,서울,1,23.3,42.0,42.0,1.0,0.0,168.0,0.0,3.0
KIM,2026-09-12 12:00,2026-09-19 21:00,168,서울,1,23.0,28.0,17.0,0.0,11.0,3.0,0.0,3.0
KIM,2026-09-12 12:00,2026-09-20 09:00,180,서울,1,22.1,89.0,0.0,0.0,89.0,171.0,0.0,3.0
KIM,2026-09-12 12:00,2026-09-20 21:00,192,서울,1,21.4,87.0,16.0,0.0,85.0,3.0,0.0,3.0
KIM,2026-09-12 12:00,2026-09-21 09:00,204,서울,1,20.8,60.0,0.0,0.0,60.0,170.0,0.0,3.0
KIM,2026-09-12 12:00,2026-09-21 21:00,216,서울,1,21.2,5.0,0.0,0.0,4.0,2.0,0.0,3.0
KIM,2026-09-12 12:00,2026-09-22 09:00,228,서울,1,22.4,43.0,1.0,0.0,43.0,162.0,0.0,3.0
KIM,2026-09-12 12:00,2026-09-22 21:00,240,서울,1,23.1,73.0,73.0,0.0,0.0,2.0,0.0,3.0
KIM,2026-09-12 12:00,2026-09-23 09:00,252,서울,1,21.3,91.0,0.0,0.0,91.0,165.0,0.0,3.0
KIM,2026-09-12 12:00,2026-09-23 21:00,264,서울,1,20.7,3.0,3.0,0.0,0.0,2.0,0.0,3.0
KIM,2026-09-12 12:00,2026-09-24 09:00,276,서울,1,20.7,16.0,0.0,3.0,14.0,162.0,0.0,3.0
KIM,2026-09-12 12:00,2026-09-24 21:00,288,서울,1,20.0,42.0,39.0,18.0,9.0,2.0,0.0,3.0
KIM,2026-09-12 12:00,2026-09-12 21:00,0,대전,1,19.7,72.0,6.0,1.0,69.0,6.0,,3.0
KIM,2026-09-12 12:00,2026-09-13 00:00,3,대전,1,17.9,96.0,47.0,34.0,89.0,0.0,0.0,3.0
KIM,2026-09-12 12:00,2026-09-13 03:00,6,대전,1,17.0,85.0,38.0,68.0,64.0,0.0,0.0,3.0
KIM,2026-09-12 12:00,2026-09-13 06:00,9,대전,1,16.2,97.0,33.0,42.0,96.0,0.0,0.0,3.0
KIM,2026-09-12 12:00,2026-09-13 09:00,12,대전,1,21.5,38.0,1.0,0.0,38.0,192.0,0.0,3.0
KIM,2026-09-12 12:00,2026-09-13 12:00,15,대전,1,25.1,69.0,6.0,2.0,66.0,694.0,0.0,3.0
KIM,2026-09-12 12:00,2026-09-13 15:00,18,대전,1,26.0,61.0,6.0,34.0,54.0,771.0,0.0,3.0
KIM,2026-09-12 12:00,2026-09-13 18:00,21,대전,1,22.8,80.0,1.0,35.0,77.0,344.0,0.0,3.0
KIM,2026-09-12 12:00,2026-09-13 21:00,24,대전,1,19.6,100.0,0.0,32.0,100.0,5.0,0.0,3.0
KIM,2026-09-12 12:00,2026-09-14 00:00,27,대전,1,18.0,99.0,0.0,0.0,99.0,0.0,0.0,3.0
KIM,2026-09-12 12:00,2026-09-14 03:00,30,대전,1,17.2,99.0,2.0,20.0,99.0,0.0,0.0,3.0
KIM,2026-09-12 12:00,2026-09-14 06:00,33,대전,1,16.7,99.0,25.0,11.0,98.0,0.0,0.0,3.0
KIM,2026-09-12 12:00,2026-09-14 09:00,36,대전,1,20.2,98.0,1.0,22.0,98.0,146.0,0.0,3.0
KIM,2026-09-12 12:00,2026-09-14 12:00,39,대전,1,23.3,100.0,8.0,50.0,100.0,473.0,0.0,3.0
KIM,2026-09-12 12:00,2026-09-14 15:00,42,대전,1,24.1,95.0,16.0,27.0,94.0,611.0,0.0,3.0
KIM,2026-09-12 12:00,2026-09-14 18:00,45,대전,1,20.5,56.0,2.0,0.0,55.0,344.0,0.0,3.0
KIM,2026-09-12 12:00,2026-09-14 21:00,48,대전,1,16.9,88.0,0.0,0.0,88.0,5.0,0.0,3.0
KIM,2026-09-12 12:00,2026-09-15 00:00,51,대전,1,15.0,65.0,0.0,0.0,65.0,0.0,0.0,3.0
KIM,2026-09-12 12:00,2026-09-15 03:00,54,대전,1,13.7,75.0,0.0,0.0,75.0,0.0,0.0,3.0
KIM,2026-09-12 12:00,2026-09-15 06:00,57,대전,1,12.0,42.0,0.0,0.0,42.0,0.0,0.0,3.0
KIM,2026-09-12 12:00,2026-09-15 09:00,60,대전,1,17.7,23.0,0.0,0.0,23.0,200.0,0.0,3.0
KIM,2026-09-12 12:00,2026-09-15 12:00,63,대전,1,22.8,2.0,2.0,0.0,0.0,726.0,0.0,3.0
KIM,2026-09-12 12:00,2026-09-15 15:00,66,대전,1,24.1,5.0,5.0,0.0,0.0,803.0,0.0,3.0
KIM,2026-09-12 12:00,2026-09-15 18:00,69,대전,1,20.9,9.0,9.0,0.0,0.0,363.0,0.0,3.0
KIM,2026-09-12 12:00,2026-09-15 21:00,72,대전,1,16.6,12.0,12.0,0.0,0.0,5.0,0.0,3.0
KIM,2026-09-12 12:00,2026-09-16 00:00,75,대전,1,14.8,40.0,13.0,0.0,30.0,0.0,0.0,3.0
KIM,2026-09-12 12:00,2026-09-16 03:00,78,대전,1,13.6,96.0,9.0,0.0,96.0,0.0,0.0,3.0
KIM,2026-09-12 12:00,2026-09-16 06:00,81,대전,1,12.5,83.0,4.0,0.0,83.0,0.0,0.0,3.0
KIM,2026-09-12 12:00,2026-09-16 09:00,84,대전,1,19.2,16.0,0.0,0.0,16.0,197.0,0.0,3.0
KIM,2026-09-12 12:00,2026-09-16 12:00,87,대전,1,24.3,9.0,6.0,0.0,4.0,714.0,0.0,3.0
KIM,2026-09-12 12:00,2026-09-16 15:00,90,대전,1,25.8,5.0,5.0,0.0,0.0,791.0,0.0,3.0
KIM,2026-09-12 12:00,2026-09-16 18:00,93,대전,1,22.4,52.0,0.0,0.0,52.0,352.0,0.0,3.0
KIM,2026-09-12 12:00,2026-09-16 21:00,96,대전,1,18.6,69.0,0.0,0.0,69.0,4.0,0.0,3.0
KIM,2026-09-12 12:00,2026-09-17 00:00,99,대전,1,18.4,86.0,11.0,0.0,85.0,0.0,0.0,3.0
KIM,2026-09-12 12:00,2026-09-17 03:00,102,대전,1,16.7,95.0,9.0,0.0,95.0,0.0,0.0,3.0
KIM,2026-09-12 12:00,2026-09-17 06:00,105,대전,1,15.6,94.0,0.0,0.0,94.0,0.0,0.0,3.0
KIM,2026-09-12 12:00,2026-09-17 09:00,108,대전,1,19.5,100.0,0.0,0.0,100.0,197.0,0.0,3.0
KIM,2026-09-12 12:00,2026-09-17 12:00,111,대전,1,24.1,93.0,14.0,12.0,93.0,699.0,0.0,3.0
KIM,2026-09-12 12:00,2026-09-17 15:00,114,대전,1,24.6,76.0,32.0,11.0,67.0,684.0,0.0,3.0
KIM,2026-09-12 12:00,2026-09-17 18:00,117,대전,1,22.4,100.0,67.0,38.0,98.0,294.0,0.0,3.0
KIM,2026-09-12 12:00,2026-09-17 21:00,120,대전,1,20.7,99.0,34.0,14.0,98.0,3.0,0.0,3.0
KIM,2026-09-12 12:00,2026-09-18 09:00,132,대전,1,20.5,100.0,86.0,69.0,100.0,81.0,0.0,3.0
KIM,2026-09-12 12:00,2026-09-18 21:00,144,대전,1,20.6,70.0,69.0,0.0,12.0,3.0,0.0,3.0
KIM,2026-09-12 12:00,2026-09-19 09:00,156,대전,1,22.7,100.0,64.0,0.0,98.0,172.0,0.0,3.0
KIM,2026-09-12 12:00,2026-09-19 21:00,168,대전,1,22.5,61.0,60.0,0.0,21.0,3.0,0.4,3.0
KIM,2026-09-12 12:00,2026-09-20 09:00,180,대전,1,21.8,68.0,1.0,0.0,68.0,182.0,0.0,3.0
KIM,2026-09-12 12:00,2026-09-20 21:00,192,대전,1,22.3,88.0,75.0,1.0,70.0,3.0,0.0,3.0
KIM,2026-09-12 12:00,2026-09-21 09:00,204,대전,1,20.1,59.0,13.0,0.0,55.0,184.0,0.0,3.0
KIM,2026-09-12 12:00,2026-09-21 21:00,216,대전,1,19.8,83.0,0.0,0.0,83.0,2.0,0.0,3.0
KIM,2026-09-12 12:00,2026-09-22 09:00,228,대전,1,20.3,37.0,0.0,0.0,37.0,181.0,0.0,3.0
KIM,2026-09-12 12:00,2026-09-22 21:00,240,대전,1,21.0,2.0,2.0,0.0,0.0,2.0,0.0,3.0
KIM,2026-09-12 12:00,2026-09-23 09:00,252,대전,1,20.9,27.0,0.0,0.0,27.0,176.0,0.0,3.0
KIM,2026-09-12 12:00,2026-09-23 21:00,264,대전,1,19.4,40.0,17.0,0.0,24.0,2.0,0.0,3.0
KIM,2026-09-12 12:00,2026-09-24 09:00,276,대전,1,20.7,8.0,5.0,0.0,5.0,173.0,0.0,3.0
KIM,2026-09-12 12:00,2026-09-24 21:00,288,대전,1,19.2,63.0,15.0,0.0,60.0,1.0,0.0,3.0
KIM,2026-09-12 12:00,2026-09-12 21:00,0,대구,1,20.0,25.0,0.0,0.0,25.0,4.0,,3.0
KIM,2026-09-12 12:00,2026-09-13 00:00,3,대구,1,18.0,1.0,0.0,0.0,1.0,0.0,0.0,3.0
KIM,2026-09-12 12:00,2026-09-13 03:00,6,대구,1,17.0,54.0,1.0,0.0,54.0,0.0,0.0,3.0
KIM,2026-09-12 12:00,2026-09-13 06:00,9,대구,1,16.5,74.0,13.0,0.0,69.0,0.0,0.0,3.0
KIM,2026-09-12 12:00,2026-09-13 09:00,12,대구,1,22.5,27.0,0.0,0.0,27.0,211.0,0.0,3.0
KIM,2026-09-12 12:00,2026-09-13 12:00,15,대구,1,27.0,49.0,11.0,0.0,47.0,709.0,0.0,3.0
KIM,2026-09-12 12:00,2026-09-13 15:00,18,대구,1,28.4,33.0,29.0,0.0,5.0,770.0,0.0,3.0
KIM,2026-09-12 12:00,2026-09-13 18:00,21,대구,1,26.0,50.0,47.0,0.0,34.0,325.0,0.0,3.0
KIM,2026-09-12 12:00,2026-09-13 21:00,24,대구,1,24.2,87.0,74.0,0.0,62.0,3.0,0.0,3.0
KIM,2026-09-12 12:00,2026-09-14 00:00,27,대구,1,21.2,67.0,23.0,3.0,60.0,0.0,0.0,3.0
KIM,2026-09-12 12:00,2026-09-14 03:00,30,대구,1,19.7,86.0,8.0,0.0,86.0,0.0,0.0,3.0
KIM,2026-09-12 12:00,2026-09-14 06:00,33,대구,1,18.4,87.0,1.0,0.0,87.0,0.0,0.0,3.0
KIM,2026-09-12 12:00,2026-09-14 09:00,36,대구,1,22.1,76.0,0.0,9.0,73.0,206.0,0.0,3.0
KIM,2026-09-12 12:00,2026-09-14 12:00,39,대구,1,26.4,26.0,0.0,22.0,4.0,704.0,0.0,3.0
KIM,2026-09-12 12:00,2026-09-14 15:00,42,대구,1,27.1,58.0,0.0,4.0,53.0,721.0,0.0,3.0
KIM,2026-09-12 12:00,2026-09-14 18:00,45,대구,1,23.8,80.0,2.0,33.0,78.0,320.0,0.0,3.0
KIM,2026-09-12 12:00,2026-09-14 21:00,48,대구,1,20.6,61.0,10.0,8.0,61.0,3.0,0.0,3.0
KIM,2026-09-12 12:00,2026-09-15 00:00,51,대구,1,18.8,60.0,1.0,2.0,59.0,0.0,0.0,3.0
KIM,2026-09-12 12:00,2026-09-15 03:00,54,대구,1,17.0,93.0,0.0,5.0,93.0,0.0,0.0,3.0
KIM,2026-09-12 12:00,2026-09-15 06:00,57,대구,1,15.6,97.0,0.0,11.0,96.0,0.0,0.0,3.0
KIM,2026-09-12 12:00,2026-09-15 09:00,60,대구,1,20.7,91.0,2.0,0.0,90.0,170.0,0.0,3.0
KIM,2026-09-12 12:00,2026-09-15 12:00,63,대구,1,25.3,90.0,6.0,0.0,89.0,672.0,0.0,3.0
KIM,2026-09-12 12:00,2026-09-15 15:00,66,대구,1,26.4,72.0,34.0,0.0,61.0,742.0,0.1,3.0
KIM,2026-09-12 12:00,2026-09-15 18:00,69,대구,1,22.3,64.0,59.0,0.0,11.0,304.0,0.2,3.0
KIM,2026-09-12 12:00,2026-09-15 21:00,72,대구,1,20.4,72.0,63.0,0.0,37.0,3.0,0.0,3.0
KIM,2026-09-12 12:00,2026-09-16 00:00,75,대구,1,18.5,94.0,59.0,0.0,91.0,0.0,0.0,3.0
KIM,2026-09-12 12:00,2026-09-16 03:00,78,대구,1,16.8,99.0,55.0,0.0,98.0,0.0,0.0,3.0
KIM,2026-09-12 12:00,2026-09-16 06:00,81,대구,1,16.0,74.0,51.0,0.0,50.0,0.0,0.0,3.0
KIM,2026-09-12 12:00,2026-09-16 09:00,84,대구,1,21.3,98.0,9.0,0.0,98.0,202.0,0.0,3.0
KIM,2026-09-12 12:00,2026-09-16 12:00,87,대구,1,25.0,35.0,14.0,0.0,28.0,636.0,0.0,3.0
KIM,2026-09-12 12:00,2026-09-16 15:00,90,대구,1,25.8,12.0,12.0,0.0,0.0,773.0,0.0,3.0
KIM,2026-09-12 12:00,2026-09-16 18:00,93,대구,1,21.8,43.0,34.0,0.0,19.0,334.0,0.0,3.0
KIM,2026-09-12 12:00,2026-09-16 21:00,96,대구,1,19.1,71.0,8.0,0.0,70.0,3.0,0.0,3.0
KIM,2026-09-12 12:00,2026-09-17 00:00,99,대구,1,17.4,92.0,6.0,0.0,92.0,0.0,0.0,3.0
KIM,2026-09-12 12:00,2026-09-17 03:00,102,대구,1,15.4,87.0,11.0,0.0,86.0,0.0,0.0,3.0
KIM,2026-09-12 12:00,2026-09-17 06:00,105,대구,1,14.9,91.0,23.0,0.0,91.0,0.0,0.0,3.0
KIM,2026-09-12 12:00,2026-09-17 09:00,108,대구,1,21.6,99.0,54.0,0.0,99.0,206.0,0.0,3.0
KIM,2026-09-12 12:00,2026-09-17 12:00,111,대구,1,23.3,81.0,52.0,10.0,71.0,447.0,0.2,3.0
KIM,2026-09-12 12:00,2026-09-17 15:00,114,대구,1,24.0,100.0,74.0,0.0,99.0,574.0,0.0,3.0
KIM,2026-09-12 12:00,2026-09-17 18:00,117,대구,1,21.5,100.0,96.0,18.0,98.0,122.0,0.1,3.0
KIM,2026-09-12 12:00,2026-09-17 21:00,120,대구,1,20.9,84.0,57.0,0.0,67.0,1.0,0.0,3.0
KIM,2026-09-12 12:00,2026-09-18 09:00,132,대구,1,19.4,100.0,100.0,100.0,100.0,14.0,1.3,3.0
KIM,2026-09-12 12:00,2026-09-18 21:00,144,대구,1,20.2,99.0,99.0,41.0,37.0,1.0,3.0,3.0
KIM,2026-09-12 12:00,2026-09-19 09:00,156,대구,1,21.1,100.0,95.0,22.0,99.0,48.0,0.3,3.0
KIM,2026-09-12 12:00,2026-09-19 21:00,168,대구,1,20.4,35.0,35.0,1.0,0.0,2.0,0.1,3.0
KIM,2026-09-12 12:00,2026-09-20 09:00,180,대구,1,22.6,93.0,92.0,0.0,44.0,174.0,0.0,3.0
KIM,2026-09-12 12:00,2026-09-20 21:00,192,대구,1,19.2,52.0,25.0,0.0,36.0,1.0,0.2,3.0
KIM,2026-09-12 12:00,2026-09-21 09:00,204,대구,1,20.4,96.0,96.0,0.0,60.0,40.0,0.3,3.0
KIM,2026-09-12 12:00,2026-09-21 21:00,216,대구,1,19.9,97.0,19.0,0.0,97.0,1.0,0.1,3.0
KIM,2026-09-12 12:00,2026-09-22 09:00,228,대구,1,22.6,75.0,74.0,0.0,17.0,152.0,0.0,3.0
KIM,2026-09-12 12:00,2026-09-22 21:00,240,대구,1,19.8,35.0,3.0,0.0,32.0,1.0,0.1,3.0
KIM,2026-09-12 12:00,2026-09-23 09:00,252,대구,1,20.8,11.0,8.0,0.0,2.0,193.0,0.0,3.0
KIM,2026-09-12 12:00,2026-09-23 21:00,264,대구,1,18.5,49.0,45.0,0.0,13.0,1.0,0.0,3.0
KIM,2026-09-12 12:00,2026-09-24 09:00,276,대구,1,20.5,12.0,0.0,0.0,12.0,189.0,0.0,3.0
KIM,2026-09-12 12:00,2026-09-24 21:00,288,대구,1,19.2,92.0,17.0,0.0,92.0,1.0,0.0,3.0
KIM,2026-09-12 12:00,2026-09-12 21:00,0,광주,1,22.9,76.0,75.0,0.0,11.0,3.0,,3.0
KIM,2026-09-12 12:00,2026-09-13 00:00,3,광주,1,20.2,32.0,32.0,0.0,11.0,0.0,0.0,3.0
KIM,2026-09-12 12:00,2026-09-13 03:00,6,광주,1,19.1,58.0,9.0,0.0,58.0,0.0,0.0,3.0
KIM,2026-09-12 12:00,2026-09-13 06:00,9,광주,1,18.2,79.0,3.0,0.0,79.0,0.0,0.0,3.0
KIM,2026-09-12 12:00,2026-09-13 09:00,12,광주,1,23.2,72.0,1.0,0.0,72.0,187.0,0.0,3.0
KIM,2026-09-12 12:00,2026-09-13 12:00,15,광주,1,26.4,34.0,20.0,0.0,20.0,689.0,0.0,3.0
KIM,2026-09-12 12:00,2026-09-13 15:00,18,광주,1,27.1,34.0,28.0,0.0,14.0,781.0,0.0,3.0
KIM,2026-09-12 12:00,2026-09-13 18:00,21,광주,1,23.6,42.0,27.0,0.0,24.0,361.0,0.0,3.0
KIM,2026-09-12 12:00,2026-09-13 21:00,24,광주,1,20.7,60.0,10.0,1.0,55.0,6.0,0.0,3.0
KIM,2026-09-12 12:00,2026-09-14 00:00,27,광주,1,18.8,73.0,5.0,0.0,71.0,0.0,0.0,3.0
KIM,2026-09-12 12:00,2026-09-14 03:00,30,광주,1,17.7,83.0,0.0,1.0,83.0,0.0,0.0,3.0
KIM,2026-09-12 12:00,2026-09-14 06:00,33,광주,1,17.3,96.0,0.0,15.0,96.0,0.0,0.0,3.0
KIM,2026-09-12 12:00,2026-09-14 09:00,36,광주,1,21.8,40.0,0.0,24.0,19.0,185.0,0.0,3.0
KIM,2026-09-12 12:00,2026-09-14 12:00,39,광주,1,25.4,49.0,0.0,12.0,37.0,607.0,0.0,3.0
KIM,2026-09-12 12:00,2026-09-14 15:00,42,광주,1,26.1,94.0,3.0,9.0,94.0,761.0,0.0,3.0
KIM,2026-09-12 12:00,2026-09-14 18:00,45,광주,1,23.0,96.0,23.0,34.0,95.0,352.0,0.0,3.0
KIM,2026-09-12 12:00,2026-09-14 21:00,48,광주,1,19.9,97.0,13.0,1.0,96.0,5.0,0.0,3.0
KIM,2026-09-12 12:00,2026-09-15 00:00,51,광주,1,17.4,66.0,0.0,0.0,66.0,0.0,0.0,3.0
KIM,2026-09-12 12:00,2026-09-15 03:00,54,광주,1,15.9,100.0,0.0,3.0,100.0,0.0,0.0,3.0
KIM,2026-09-12 12:00,2026-09-15 06:00,57,광주,1,14.9,100.0,0.0,3.0,100.0,0.0,0.0,3.0
KIM,2026-09-12 12:00,2026-09-15 09:00,60,광주,1,19.5,60.0,0.0,0.0,60.0,176.0,0.0,3.0
KIM,2026-09-12 12:00,2026-09-15 12:00,63,광주,1,24.0,2.0,0.0,0.0,2.0,710.0,0.0,3.0
KIM,2026-09-12 12:00,2026-09-15 15:00,66,광주,1,24.9,65.0,0.0,0.0,65.0,817.0,0.0,3.0
KIM,2026-09-12 12:00,2026-09-15 18:00,69,광주,1,21.5,48.0,2.0,0.0,47.0,371.0,0.0,3.0
KIM,2026-09-12 12:00,2026-09-15 21:00,72,광주,1,18.2,85.0,17.0,0.0,84.0,5.0,0.0,3.0
KIM,2026-09-12 12:00,2026-09-16 00:00,75,광주,1,16.6,98.0,24.0,0.0,98.0,0.0,0.0,3.0
KIM,2026-09-12 12:00,2026-09-16 03:00,78,광주,1,15.4,99.0,16.0,0.0,99.0,0.0,0.0,3.0
KIM,2026-09-12 12:00,2026-09-16 06:00,81,광주,1,14.5,99.0,7.0,0.0,99.0,0.0,0.0,3.0
KIM,2026-09-12 12:00,2026-09-16 09:00,84,광주,1,20.7,28.0,0.0,0.0,28.0,163.0,0.0,3.0
KIM,2026-09-12 12:00,2026-09-16 12:00,87,광주,1,25.7,0.0,0.0,0.0,0.0,694.0,0.0,3.0
KIM,2026-09-12 12:00,2026-09-16 15:00,90,광주,1,27.2,26.0,0.0,0.0,26.0,811.0,0.0,3.0
KIM,2026-09-12 12:00,2026-09-16 18:00,93,광주,1,24.2,74.0,0.0,0.0,74.0,367.0,0.0,3.0
KIM,2026-09-12 12:00,2026-09-16 21:00,96,광주,1,19.8,93.0,2.0,0.0,93.0,5.0,0.0,3.0
KIM,2026-09-12 12:00,2026-09-17 00:00,99,광주,1,18.6,87.0,2.0,0.0,87.0,0.0,0.0,3.0
KIM,2026-09-12 12:00,2026-09-17 03:00,102,광주,1,16.7,95.0,0.0,0.0,95.0,0.0,0.0,3.0
KIM,2026-09-12 12:00,2026-09-17 06:00,105,광주,1,15.6,100.0,0.0,0.0,100.0,0.0,0.0,3.0
KIM,2026-09-12 12:00,2026-09-17 09:00,108,광주,1,21.1,100.0,0.0,1.0,100.0,187.0,0.0,3.0
KIM,2026-09-12 12:00,2026-09-17 12:00,111,광주,1,26.3,50.0,8.0,0.0,47.0,694.0,0.0,3.0
KIM,2026-09-12 12:00,2026-09-17 15:00,114,광주,1,26.7,70.0,22.0,30.0,55.0,612.0,0.1,3.0
KIM,2026-09-12 12:00,2026-09-17 18:00,117,광주,1,24.7,95.0,51.0,0.0,89.0,266.0,0.1,3.0
KIM,2026-09-12 12:00,2026-09-17 21:00,120,광주,1,22.6,99.0,58.0,3.0,99.0,2.0,0.0,3.0
KIM,2026-09-12 12:00,2026-09-18 09:00,132,광주,1,21.7,100.0,88.0,100.0,100.0,39.0,0.9,3.0
KIM,2026-09-12 12:00,2026-09-18 21:00,144,광주,1,21.8,82.0,58.0,48.0,63.0,1.0,1.7,3.0
KIM,2026-09-12 12:00,2026-09-19 09:00,156,광주,1,24.1,100.0,58.0,20.0,100.0,163.0,0.1,3.0
KIM,2026-09-12 12:00,2026-09-19 21:00,168,광주,1,22.6,67.0,59.0,4.0,44.0,2.0,2.8,3.0
KIM,2026-09-12 12:00,2026-09-20 09:00,180,광주,1,23.0,91.0,3.0,0.0,91.0,174.0,0.0,3.0
KIM,2026-09-12 12:00,2026-09-20 21:00,192,광주,1,23.0,72.0,51.0,0.0,54.0,3.0,0.0,3.0
KIM,2026-09-12 12:00,2026-09-21 09:00,204,광주,1,21.5,19.0,0.0,0.0,19.0,178.0,0.0,3.0
KIM,2026-09-12 12:00,2026-09-21 21:00,216,광주,1,22.1,78.0,0.0,0.0,78.0,3.0,0.0,3.0
KIM,2026-09-12 12:00,2026-09-22 09:00,228,광주,1,22.5,45.0,0.0,0.0,45.0,175.0,0.0,3.0
KIM,2026-09-12 12:00,2026-09-22 21:00,240,광주,1,20.8,40.0,0.0,0.0,40.0,2.0,0.0,3.0
KIM,2026-09-12 12:00,2026-09-23 09:00,252,광주,1,22.0,1.0,0.0,0.0,1.0,170.0,0.0,3.0
KIM,2026-09-12 12:00,2026-09-23 21:00,264,광주,1,21.9,90.0,87.0,0.0,60.0,1.0,0.1,3.0
KIM,2026-09-12 12:00,2026-09-24 09:00,276,광주,1,22.2,25.0,7.0,0.0,22.0,168.0,0.0,3.0
KIM,2026-09-12 12:00,2026-09-24 21:00,288,광주,1,21.1,96.0,1.0,6.0,96.0,2.0,0.0,3.0
KIM,2026-09-12 12:00,2026-09-12 21:00,0,부산,1,22.0,21.0,20.0,0.0,2.0,3.0,,3.0
KIM,2026-09-12 12:00,2026-09-13 00:00,3,부산,1,20.7,50.0,38.0,0.0,32.0,0.0,0.0,3.0
KIM,2026-09-12 12:00,2026-09-13 03:00,6,부산,1,19.6,45.0,45.0,0.0,7.0,0.0,0.0,3.0
KIM,2026-09-12 12:00,2026-09-13 06:00,9,부산,1,18.6,100.0,45.0,0.0,97.0,0.0,0.0,3.0
KIM,2026-09-12 12:00,2026-09-13 09:00,12,부산,1,24.8,69.0,24.0,0.0,68.0,194.0,0.0,3.0
KIM,2026-09-12 12:00,2026-09-13 12:00,15,부산,1,28.8,72.0,2.0,0.0,72.0,688.0,0.0,3.0
KIM,2026-09-12 12:00,2026-09-13 15:00,18,부산,1,29.3,65.0,0.0,0.0,65.0,760.0,0.0,3.0
KIM,2026-09-12 12:00,2026-09-13 18:00,21,부산,1,25.8,11.0,0.0,0.0,11.0,328.0,0.0,3.0
KIM,2026-09-12 12:00,2026-09-13 21:00,24,부산,1,23.3,22.0,5.0,0.0,19.0,3.0,0.0,3.0
KIM,2026-09-12 12:00,2026-09-14 00:00,27,부산,1,21.6,8.0,7.0,0.0,1.0,0.0,0.0,3.0
KIM,2026-09-12 12:00,2026-09-14 03:00,30,부산,1,20.5,17.0,9.0,1.0,9.0,0.0,0.0,3.0
KIM,2026-09-12 12:00,2026-09-14 06:00,33,부산,1,19.9,49.0,23.0,14.0,27.0,0.0,0.0,3.0
KIM,2026-09-12 12:00,2026-09-14 09:00,36,부산,1,25.4,13.0,10.0,7.0,6.0,205.0,0.0,3.0
KIM,2026-09-12 12:00,2026-09-14 12:00,39,부산,1,29.4,2.0,2.0,1.0,1.0,698.0,0.0,3.0
KIM,2026-09-12 12:00,2026-09-14 15:00,42,부산,1,29.7,6.0,0.0,6.0,0.0,764.0,0.0,3.0
KIM,2026-09-12 12:00,2026-09-14 18:00,45,부산,1,25.1,18.0,0.0,7.0,14.0,325.0,0.0,3.0
KIM,2026-09-12 12:00,2026-09-14 21:00,48,부산,1,22.7,59.0,6.0,5.0,58.0,3.0,0.0,3.0
KIM,2026-09-12 12:00,2026-09-15 00:00,51,부산,1,21.8,96.0,2.0,22.0,95.0,0.0,0.0,3.0
KIM,2026-09-12 12:00,2026-09-15 03:00,54,부산,1,20.5,58.0,1.0,27.0,53.0,0.0,0.0,3.0
KIM,2026-09-12 12:00,2026-09-15 06:00,57,부산,1,19.9,94.0,11.0,41.0,92.0,0.0,0.0,3.0
KIM,2026-09-12 12:00,2026-09-15 09:00,60,부산,1,23.4,91.0,19.0,31.0,89.0,134.0,0.0,3.0
KIM,2026-09-12 12:00,2026-09-15 12:00,63,부산,1,27.8,75.0,10.0,12.0,70.0,578.0,0.0,3.0
KIM,2026-09-12 12:00,2026-09-15 15:00,66,부산,1,28.3,82.0,22.0,0.0,80.0,766.0,0.0,3.0
KIM,2026-09-12 12:00,2026-09-15 18:00,69,부산,1,24.3,60.0,47.0,0.0,37.0,287.0,0.1,3.0
KIM,2026-09-12 12:00,2026-09-15 21:00,72,부산,1,21.9,77.0,61.0,0.0,54.0,2.0,0.0,3.0
KIM,2026-09-12 12:00,2026-09-16 00:00,75,부산,1,20.8,64.0,37.0,0.0,50.0,0.0,0.0,3.0
KIM,2026-09-12 12:00,2026-09-16 03:00,78,부산,1,19.6,69.0,29.0,0.0,57.0,0.0,0.0,3.0
KIM,2026-09-12 12:00,2026-09-16 06:00,81,부산,1,19.0,99.0,36.0,0.0,98.0,0.0,0.0,3.0
KIM,2026-09-12 12:00,2026-09-16 09:00,84,부산,1,23.7,100.0,19.0,0.0,100.0,177.0,0.0,3.0
KIM,2026-09-12 12:00,2026-09-16 12:00,87,부산,1,26.6,95.0,24.0,3.0,95.0,596.0,0.0,3.0
KIM,2026-09-12 12:00,2026-09-16 15:00,90,부산,1,26.8,26.0,26.0,0.0,0.0,713.0,0.0,3.0
KIM,2026-09-12 12:00,2026-09-16 18:00,93,부산,1,23.2,43.0,27.0,0.0,27.0,329.0,0.0,3.0
KIM,2026-09-12 12:00,2026-09-16 21:00,96,부산,1,21.3,75.0,37.0,0.0,68.0,2.0,0.0,3.0
KIM,2026-09-12 12:00,2026-09-17 00:00,99,부산,1,20.5,95.0,45.0,0.0,93.0,0.0,0.0,3.0
KIM,2026-09-12 12:00,2026-09-17 03:00,102,부산,1,20.2,87.0,56.0,0.0,77.0,0.0,0.0,3.0
KIM,2026-09-12 12:00,2026-09-17 06:00,105,부산,1,20.5,93.0,59.0,0.0,86.0,0.0,0.0,3.0
KIM,2026-09-12 12:00,2026-09-17 09:00,108,부산,1,24.2,99.0,61.0,0.0,99.0,190.0,0.0,3.0
KIM,2026-09-12 12:00,2026-09-17 12:00,111,부산,1,26.4,75.0,43.0,0.0,69.0,676.0,0.0,3.0
KIM,2026-09-12 12:00,2026-09-17 15:00,114,부산,1,26.5,80.0,61.0,3.0,47.0,756.0,0.0,3.0
KIM,2026-09-12 12:00,2026-09-17 18:00,117,부산,1,23.9,92.0,65.0,0.0,83.0,304.0,0.0,3.0
KIM,2026-09-12 12:00,2026-09-17 21:00,120,부산,1,23.0,93.0,71.0,4.0,86.0,2.0,0.0,3.0
KIM,2026-09-12 12:00,2026-09-18 09:00,132,부산,1,23.2,100.0,99.0,20.0,97.0,79.0,6.1,3.0
KIM,2026-09-12 12:00,2026-09-18 21:00,144,부산,1,22.2,96.0,82.0,66.0,83.0,1.0,10.7,3.0
KIM,2026-09-12 12:00,2026-09-19 09:00,156,부산,1,25.0,100.0,81.0,12.0,100.0,191.0,6.1,3.0
KIM,2026-09-12 12:00,2026-09-19 21:00,168,부산,1,22.6,65.0,60.0,7.0,26.0,1.0,0.0,3.0
KIM,2026-09-12 12:00,2026-09-20 09:00,180,부산,1,24.0,69.0,61.0,0.0,23.0,115.0,0.0,3.0
KIM,2026-09-12 12:00,2026-09-20 21:00,192,부산,1,20.8,68.0,49.0,6.0,43.0,1.0,0.1,3.0
KIM,2026-09-12 12:00,2026-09-21 09:00,204,부산,1,24.3,64.0,49.0,0.0,52.0,196.0,0.0,3.0
KIM,2026-09-12 12:00,2026-09-21 21:00,216,부산,1,21.8,100.0,63.0,4.0,99.0,1.0,0.0,3.0
KIM,2026-09-12 12:00,2026-09-22 09:00,228,부산,1,25.2,90.0,89.0,1.0,27.0,165.0,0.0,3.0
KIM,2026-09-12 12:00,2026-09-22 21:00,240,부산,1,21.4,80.0,14.0,0.0,79.0,1.0,0.3,3.0
KIM,2026-09-12 12:00,2026-09-23 09:00,252,부산,1,23.5,4.0,1.0,0.0,3.0,193.0,0.0,3.0
KIM,2026-09-12 12:00,2026-09-23 21:00,264,부산,1,20.7,45.0,40.0,0.0,13.0,1.0,0.0,3.0
KIM,2026-09-12 12:00,2026-09-24 09:00,276,부산,1,22.9,10.0,1.0,0.0,9.0,191.0,0.0,3.0
KIM,2026-09-12 12:00,2026-09-24 21:00,288,부산,1,21.1,94.0,1.0,0.0,94.0,1.0,0.0,3.0
KIM,2026-09-12 12:00,2026-09-12 21:00,0,인천,0,20.5,94.0,0.0,71.0,90.0,3.0,,3.0
KIM,2026-09-12 12:00,2026-09-13 00:00,3,인천,0,18.6,85.0,0.0,84.0,9.0,0.0,0.0,3.0
KIM,2026-09-12 12:00,2026-09-13 03:00,6,인천,0,17.1,100.0,0.0,53.0,100.0,0.0,0.0,3.0
KIM,2026-09-12 12:00,2026-09-13 06:00,9,인천,0,17.1,99.0,0.0,47.0,98.0,0.0,0.0,3.0
KIM,2026-09-12 12:00,2026-09-13 09:00,12,인천,0,20.5,99.0,4.0,59.0,98.0,113.0,0.0,3.0
KIM,2026-09-12 12:00,2026-09-13 12:00,15,인천,0,23.4,98.0,1.0,79.0,95.0,461.0,0.0,3.0
KIM,2026-09-12 12:00,2026-09-13 15:00,18,인천,0,23.7,100.0,4.0,85.0,100.0,577.0,0.0,3.0
KIM,2026-09-12 12:00,2026-09-13 18:00,21,인천,0,21.8,100.0,5.0,80.0,99.0,209.0,0.0,3.0
KIM,2026-09-12 12:00,2026-09-13 21:00,24,인천,0,20.7,100.0,0.0,81.0,100.0,4.0,0.0,3.0
KIM,2026-09-12 12:00,2026-09-14 00:00,27,인천,0,20.3,100.0,0.0,69.0,100.0,0.0,0.0,3.0
KIM,2026-09-12 12:00,2026-09-14 03:00,30,인천,0,18.7,100.0,0.0,75.0,100.0,0.0,0.0,3.0
KIM,2026-09-12 12:00,2026-09-14 06:00,33,인천,0,17.7,100.0,5.0,47.0,100.0,0.0,0.0,3.0
KIM,2026-09-12 12:00,2026-09-14 09:00,36,인천,0,20.1,98.0,4.0,9.0,98.0,130.0,0.0,3.0
KIM,2026-09-12 12:00,2026-09-14 12:00,39,인천,0,22.6,43.0,0.0,0.0,43.0,627.0,0.0,3.0
KIM,2026-09-12 12:00,2026-09-14 15:00,42,인천,0,23.9,3.0,0.0,0.0,3.0,770.0,0.0,3.0
KIM,2026-09-12 12:00,2026-09-14 18:00,45,인천,0,21.0,98.0,0.0,0.0,98.0,362.0,0.0,3.0
KIM,2026-09-12 12:00,2026-09-14 21:00,48,인천,0,17.7,75.0,0.0,0.0,75.0,6.0,0.0,3.0
KIM,2026-09-12 12:00,2026-09-15 00:00,51,인천,0,15.4,9.0,0.0,0.0,9.0,0.0,0.0,3.0
KIM,2026-09-12 12:00,2026-09-15 03:00,54,인천,0,13.9,1.0,0.0,0.0,1.0,0.0,0.0,3.0
KIM,2026-09-12 12:00,2026-09-15 06:00,57,인천,0,12.6,2.0,2.0,0.0,0.0,0.0,0.0,3.0
KIM,2026-09-12 12:00,2026-09-15 09:00,60,인천,0,17.8,0.0,0.0,0.0,0.0,184.0,0.0,3.0
KIM,2026-09-12 12:00,2026-09-15 12:00,63,인천,0,22.2,1.0,1.0,0.0,0.0,687.0,0.0,3.0
KIM,2026-09-12 12:00,2026-09-15 15:00,66,인천,0,23.2,0.0,0.0,0.0,0.0,779.0,0.0,3.0
KIM,2026-09-12 12:00,2026-09-15 18:00,69,인천,0,20.5,0.0,0.0,0.0,0.0,361.0,0.0,3.0
KIM,2026-09-12 12:00,2026-09-15 21:00,72,인천,0,17.2,0.0,0.0,0.0,0.0,6.0,0.0,3.0
KIM,2026-09-12 12:00,2026-09-16 00:00,75,인천,0,15.2,0.0,0.0,0.0,0.0,0.0,0.0,3.0
KIM,2026-09-12 12:00,2026-09-16 03:00,78,인천,0,13.5,0.0,0.0,0.0,0.0,0.0,0.0,3.0
KIM,2026-09-12 12:00,2026-09-16 06:00,81,인천,0,12.3,28.0,28.0,0.0,0.0,0.0,0.0,3.0
KIM,2026-09-12 12:00,2026-09-16 09:00,84,인천,0,18.2,34.0,34.0,0.0,0.0,180.0,0.0,3.0
KIM,2026-09-12 12:00,2026-09-16 12:00,87,인천,0,23.6,20.0,20.0,0.0,0.0,678.0,0.0,3.0
KIM,2026-09-12 12:00,2026-09-16 15:00,90,인천,0,24.1,2.0,2.0,0.0,0.0,761.0,0.0,3.0
KIM,2026-09-12 12:00,2026-09-16 18:00,93,인천,0,21.4,10.0,0.0,0.0,10.0,341.0,0.0,3.0
KIM,2026-09-12 12:00,2026-09-16 21:00,96,인천,0,18.7,74.0,0.0,0.0,74.0,5.0,0.0,3.0
KIM,2026-09-12 12:00,2026-09-17 00:00,99,인천,0,17.1,91.0,0.0,0.0,91.0,0.0,0.0,3.0
KIM,2026-09-12 12:00,2026-09-17 03:00,102,인천,0,15.9,2.0,0.0,0.0,2.0,0.0,0.0,3.0
KIM,2026-09-12 12:00,2026-09-17 06:00,105,인천,0,14.9,91.0,0.0,0.0,91.0,0.0,0.0,3.0
KIM,2026-09-12 12:00,2026-09-17 09:00,108,인천,0,19.7,96.0,0.0,0.0,96.0,153.0,0.0,3.0
KIM,2026-09-12 12:00,2026-09-17 12:00,111,인천,0,24.4,92.0,0.0,2.0,92.0,612.0,0.0,3.0
KIM,2026-09-12 12:00,2026-09-17 15:00,114,인천,0,26.1,87.0,0.0,18.0,84.0,596.0,0.0,3.0
KIM,2026-09-12 12:00,2026-09-17 18:00,117,인천,0,22.8,98.0,0.0,42.0,97.0,261.0,0.0,3.0
KIM,2026-09-12 12:00,2026-09-17 21:00,120,인천,0,20.1,94.0,11.0,47.0,93.0,2.0,0.0,3.0
KIM,2026-09-12 12:00,2026-09-18 09:00,132,인천,0,21.1,100.0,3.0,89.0,94.0,107.0,0.0,3.0
KIM,2026-09-12 12:00,2026-09-18 21:00,144,인천,0,21.7,37.0,37.0,0.0,0.0,4.0,0.0,3.0
KIM,2026-09-12 12:00,2026-09-19 09:00,156,인천,0,22.0,40.0,40.0,2.0,0.0,163.0,0.0,3.0
KIM,2026-09-12 12:00,2026-09-19 21:00,168,인천,0,21.7,30.0,5.0,0.0,25.0,3.0,0.0,3.0
KIM,2026-09-12 12:00,2026-09-20 09:00,180,인천,0,20.8,85.0,0.0,0.0,85.0,165.0,0.0,3.0
KIM,2026-09-12 12:00,2026-09-20 21:00,192,인천,0,21.3,78.0,2.0,0.0,78.0,3.0,0.0,3.0
KIM,2026-09-12 12:00,2026-09-21 09:00,204,인천,0,19.8,76.0,0.0,0.0,76.0,163.0,0.0,3.0
KIM,2026-09-12 12:00,2026-09-21 21:00,216,인천,0,20.6,1.0,0.0,0.0,1.0,3.0,0.0,3.0
KIM,2026-09-12 12:00,2026-09-22 09:00,228,인천,0,20.9,55.0,10.0,0.0,48.0,157.0,0.0,3.0
KIM,2026-09-12 12:00,2026-09-22 21:00,240,인천,0,20.4,46.0,46.0,0.0,0.0,2.0,0.0,3.0
KIM,2026-09-12 12:00,2026-09-23 09:00,252,인천,0,20.0,89.0,0.0,0.0,89.0,161.0,0.0,3.0
KIM,2026-09-12 12:00,2026-09-23 21:00,264,인천,0,20.3,13.0,13.0,0.0,0.0,2.0,0.0,3.0
KIM,2026-09-12 12:00,2026-09-24 09:00,276,인천,0,18.8,16.0,0.0,5.0,11.0,157.0,0.0,3.0
KIM,2026-09-12 12:00,2026-09-24 21:00,288,인천,0,19.4,30.0,23.0,13.0,8.0,2.0,0.0,3.0
KIM,2026-09-12 12:00,2026-09-12 21:00,0,수원,0,20.6,100.0,0.0,70.0,100.0,4.0,,3.0
KIM,2026-09-12 12:00,2026-09-13 00:00,3,수원,0,18.7,80.0,0.0,68.0,48.0,0.0,0.0,3.0
KIM,2026-09-12 12:00,2026-09-13 03:00,6,수원,0,18.5,100.0,0.0,93.0,99.0,0.0,0.0,3.0
KIM,2026-09-12 12:00,2026-09-13 06:00,9,수원,0,18.2,98.0,0.0,84.0,90.0,0.0,0.0,3.0
KIM,2026-09-12 12:00,2026-09-13 09:00,12,수원,0,19.9,100.0,5.0,75.0,97.0,48.0,0.0,3.0
KIM,2026-09-12 12:00,2026-09-13 12:00,15,수원,0,24.1,96.0,15.0,77.0,90.0,351.0,0.0,3.0
KIM,2026-09-12 12:00,2026-09-13 15:00,18,수원,0,25.3,100.0,3.0,79.0,100.0,581.0,0.0,3.0
KIM,2026-09-12 12:00,2026-09-13 18:00,21,수원,0,22.5,100.0,5.0,81.0,99.0,264.0,0.0,3.0
KIM,2026-09-12 12:00,2026-09-13 21:00,24,수원,0,20.1,100.0,1.0,55.0,100.0,4.0,0.0,3.0
KIM,2026-09-12 12:00,2026-09-14 00:00,27,수원,0,19.6,100.0,4.0,71.0,100.0,0.0,0.0,3.0
KIM,2026-09-12 12:00,2026-09-14 03:00,30,수원,0,19.0,100.0,0.0,76.0,100.0,0.0,0.0,3.0
KIM,2026-09-12 12:00,2026-09-14 06:00,33,수원,0,17.6,100.0,0.0,76.0,99.0,0.0,0.0,3.0
KIM,2026-09-12 12:00,2026-09-14 09:00,36,수원,0,20.7,100.0,11.0,51.0,100.0,113.0,0.0,3.0
KIM,2026-09-12 12:00,2026-09-14 12:00,39,수원,0,24.8,89.0,0.0,19.0,89.0,562.0,0.0,3.0
KIM,2026-09-12 12:00,2026-09-14 15:00,42,수원,0,25.2,6.0,0.0,0.0,6.0,757.0,0.0,3.0
KIM,2026-09-12 12:00,2026-09-14 18:00,45,수원,0,22.2,87.0,0.0,0.0,87.0,365.0,0.0,3.0
KIM,2026-09-12 12:00,2026-09-14 21:00,48,수원,0,18.3,99.0,0.0,0.0,99.0,5.0,0.0,3.0
KIM,2026-09-12 12:00,2026-09-15 00:00,51,수원,0,15.6,47.0,0.0,0.0,47.0,0.0,0.0,3.0
KIM,2026-09-12 12:00,2026-09-15 03:00,54,수원,0,13.5,0.0,0.0,0.0,0.0,0.0,0.0,3.0
KIM,2026-09-12 12:00,2026-09-15 06:00,57,수원,0,12.2,0.0,0.0,0.0,0.0,0.0,0.0,3.0
KIM,2026-09-12 12:00,2026-09-15 09:00,60,수원,0,19.1,0.0,0.0,0.0,0.0,192.0,0.0,3.0
KIM,2026-09-12 12:00,2026-09-15 12:00,63,수원,0,24.4,0.0,0.0,0.0,0.0,700.0,0.0,3.0
KIM,2026-09-12 12:00,2026-09-15 15:00,66,수원,0,25.0,0.0,0.0,0.0,0.0,778.0,0.0,3.0
KIM,2026-09-12 12:00,2026-09-15 18:00,69,수원,0,21.8,1.0,1.0,0.0,0.0,353.0,0.0,3.0
KIM,2026-09-12 12:00,2026-09-15 21:00,72,수원,0,17.7,0.0,0.0,0.0,0.0,5.0,0.0,3.0
KIM,2026-09-12 12:00,2026-09-16 00:00,75,수원,0,15.7,0.0,0.0,0.0,0.0,0.0,0.0,3.0
KIM,2026-09-12 12:00,2026-09-16 03:00,78,수원,0,14.1,0.0,0.0,0.0,0.0,0.0,0.0,3.0
KIM,2026-09-12 12:00,2026-09-16 06:00,81,수원,0,12.8,2.0,2.0,0.0,0.0,0.0,0.0,3.0
KIM,2026-09-12 12:00,2026-09-16 09:00,84,수원,0,20.0,27.0,27.0,0.0,0.0,188.0,0.0,3.0
KIM,2026-09-12 12:00,2026-09-16 12:00,87,수원,0,25.8,20.0,20.0,0.0,0.0,691.0,0.0,3.0
KIM,2026-09-12 12:00,2026-09-16 15:00,90,수원,0,27.6,6.0,6.0,0.0,0.0,771.0,0.0,3.0
KIM,2026-09-12 12:00,2026-09-16 18:00,93,수원,0,23.4,13.0,0.0,0.0,13.0,346.0,0.0,3.0
KIM,2026-09-12 12:00,2026-09-16 21:00,96,수원,0,19.4,70.0,0.0,0.0,70.0,4.0,0.0,3.0
KIM,2026-09-12 12:00,2026-09-17 00:00,99,수원,0,17.9,84.0,0.0,0.0,84.0,0.0,0.0,3.0
KIM,2026-09-12 12:00,2026-09-17 03:00,102,수원,0,16.7,14.0,0.0,0.0,14.0,0.0,0.0,3.0
KIM,2026-09-12 12:00,2026-09-17 06:00,105,수원,0,15.3,90.0,0.0,0.0,90.0,0.0,0.0,3.0
KIM,2026-09-12 12:00,2026-09-17 09:00,108,수원,0,20.9,100.0,0.0,0.0,100.0,178.0,0.0,3.0
KIM,2026-09-12 12:00,2026-09-17 12:00,111,수원,0,25.3,91.0,0.0,0.0,91.0,657.0,0.0,3.0
KIM,2026-09-12 12:00,2026-09-17 15:00,114,수원,0,26.5,94.0,0.0,10.0,93.0,712.0,0.0,3.0
KIM,2026-09-12 12:00,2026-09-17 18:00,117,수원,0,23.6,100.0,1.0,38.0,100.0,238.0,0.0,3.0
KIM,2026-09-12 12:00,2026-09-17 21:00,120,수원,0,21.4,98.0,9.0,62.0,97.0,3.0,0.0,3.0
KIM,2026-09-12 12:00,2026-09-18 09:00,132,수원,0,22.1,100.0,2.0,89.0,97.0,111.0,0.0,3.0
KIM,2026-09-12 12:00,2026-09-18 21:00,144,수원,0,22.3,65.0,65.0,0.0,0.0,3.0,0.0,3.0
KIM,2026-09-12 12:00,2026-09-19 09:00,156,수원,0,22.6,61.0,60.0,1.0,0.0,61.0,0.0,3.0
KIM,2026-09-12 12:00,2026-09-19 21:00,168,수원,0,23.4,44.0,34.0,0.0,12.0,3.0,0.0,3.0
KIM,2026-09-12 12:00,2026-09-20 09:00,180,수원,0,22.3,86.0,0.0,0.0,86.0,172.0,0.0,3.0
KIM,2026-09-12 12:00,2026-09-20 21:00,192,수원,0,22.3,85.0,22.0,0.0,81.0,3.0,0.0,3.0
KIM,2026-09-12 12:00,2026-09-21 09:00,204,수원,0,20.9,57.0,0.0,0.0,57.0,172.0,0.0,3.0
KIM,2026-09-12 12:00,2026-09-21 21:00,216,수원,0,21.1,13.0,0.0,0.0,13.0,2.0,0.0,3.0
KIM,2026-09-12 12:00,2026-09-22 09:00,228,수원,0,22.4,32.0,0.0,0.0,32.0,165.0,0.0,3.0
KIM,2026-09-12 12:00,2026-09-22 21:00,240,수원,0,22.6,66.0,66.0,0.0,0.0,2.0,0.0,3.0
KIM,2026-09-12 12:00,2026-09-23 09:00,252,수원,0,21.3,92.0,1.0,0.0,92.0,167.0,0.0,3.0
KIM,2026-09-12 12:00,2026-09-23 21:00,264,수원,0,20.7,5.0,5.0,0.0,0.0,2.0,0.0,3.0
KIM,2026-09-12 12:00,2026-09-24 09:00,276,수원,0,20.7,20.0,0.0,2.0,19.0,164.0,0.0,3.0
KIM,2026-09-12 12:00,2026-09-24 21:00,288,수원,0,19.9,53.0,43.0,19.0,17.0,2.0,0.0,3.0
KIM,2026-09-12 12:00,2026-09-12 21:00,0,전주,0,19.4,44.0,20.0,0.0,30.0,6.0,,3.0
KIM,2026-09-12 12:00,2026-09-13 00:00,3,전주,0,17.8,72.0,44.0,3.0,67.0,0.0,0.0,3.0
KIM,2026-09-12 12:00,2026-09-13 03:00,6,전주,0,17.8,81.0,15.0,15.0,76.0,0.0,0.0,3.0
KIM,2026-09-12 12:00,2026-09-13 06:00,9,전주,0,17.3,91.0,12.0,5.0,91.0,0.0,0.0,3.0
KIM,2026-09-12 12:00,2026-09-13 09:00,12,전주,0,21.6,55.0,0.0,0.0,55.0,190.0,0.0,3.0
KIM,2026-09-12 12:00,2026-09-13 12:00,15,전주,0,24.3,53.0,13.0,0.0,48.0,697.0,0.0,3.0
KIM,2026-09-12 12:00,2026-09-13 15:00,18,전주,0,24.6,43.0,24.0,1.0,27.0,784.0,0.0,3.0
KIM,2026-09-12 12:00,2026-09-13 18:00,21,전주,0,21.4,47.0,18.0,6.0,30.0,360.0,0.0,3.0
KIM,2026-09-12 12:00,2026-09-13 21:00,24,전주,0,18.6,95.0,2.0,13.0,95.0,5.0,0.0,3.0
KIM,2026-09-12 12:00,2026-09-14 00:00,27,전주,0,17.3,92.0,0.0,1.0,92.0,0.0,0.0,3.0
KIM,2026-09-12 12:00,2026-09-14 03:00,30,전주,0,16.4,99.0,0.0,22.0,99.0,0.0,0.0,3.0
KIM,2026-09-12 12:00,2026-09-14 06:00,33,전주,0,16.3,96.0,23.0,33.0,95.0,0.0,0.0,3.0
KIM,2026-09-12 12:00,2026-09-14 09:00,36,전주,0,19.9,81.0,1.0,15.0,73.0,174.0,0.0,3.0
KIM,2026-09-12 12:00,2026-09-14 12:00,39,전주,0,23.0,86.0,1.0,6.0,86.0,656.0,0.0,3.0
KIM,2026-09-12 12:00,2026-09-14 15:00,42,전주,0,23.7,94.0,32.0,40.0,94.0,709.0,0.0,3.0
KIM,2026-09-12 12:00,2026-09-14 18:00,45,전주,0,20.8,70.0,26.0,7.0,61.0,301.0,0.0,3.0
KIM,2026-09-12 12:00,2026-09-14 21:00,48,전주,0,16.8,73.0,7.0,0.0,72.0,5.0,0.0,3.0
KIM,2026-09-12 12:00,2026-09-15 00:00,51,전주,0,14.8,60.0,1.0,0.0,59.0,0.0,0.0,3.0
KIM,2026-09-12 12:00,2026-09-15 03:00,54,전주,0,13.9,100.0,0.0,0.0,100.0,0.0,0.0,3.0
KIM,2026-09-12 12:00,2026-09-15 06:00,57,전주,0,13.4,98.0,0.0,4.0,98.0,0.0,0.0,3.0
KIM,2026-09-12 12:00,2026-09-15 09:00,60,전주,0,18.0,68.0,0.0,0.0,68.0,197.0,0.0,3.0
KIM,2026-09-12 12:00,2026-09-15 12:00,63,전주,0,22.1,0.0,0.0,0.0,0.0,726.0,0.0,3.0
KIM,2026-09-12 12:00,2026-09-15 15:00,66,전주,0,22.9,2.0,0.0,0.0,2.0,821.0,0.0,3.0
KIM,2026-09-12 12:00,2026-09-15 18:00,69,전주,0,20.0,8.0,5.0,0.0,3.0,380.0,0.0,3.0
KIM,2026-09-12 12:00,2026-09-15 21:00,72,전주,0,16.9,28.0,12.0,0.0,22.0,5.0,0.0,3.0
KIM,2026-09-12 12:00,2026-09-16 00:00,75,전주,0,15.6,94.0,11.0,0.0,94.0,0.0,0.0,3.0
KIM,2026-09-12 12:00,2026-09-16 03:00,78,전주,0,14.5,100.0,6.0,0.0,100.0,0.0,0.0,3.0
KIM,2026-09-12 12:00,2026-09-16 06:00,81,전주,0,13.5,98.0,3.0,0.0,98.0,0.0,0.0,3.0
KIM,2026-09-12 12:00,2026-09-16 09:00,84,전주,0,20.0,36.0,1.0,0.0,36.0,192.0,0.0,3.0
KIM,2026-09-12 12:00,2026-09-16 12:00,87,전주,0,23.9,4.0,0.0,0.0,4.0,721.0,0.0,3.0
KIM,2026-09-12 12:00,2026-09-16 15:00,90,전주,0,25.1,5.0,1.0,0.0,3.0,813.0,0.0,3.0
KIM,2026-09-12 12:00,2026-09-16 18:00,93,전주,0,21.6,69.0,0.0,0.0,69.0,373.0,0.0,3.0
KIM,2026-09-12 12:00,2026-09-16 21:00,96,전주,0,19.0,82.0,1.0,0.0,82.0,4.0,0.0,3.0
KIM,2026-09-12 12:00,2026-09-17 00:00,99,전주,0,17.6,88.0,2.0,0.0,88.0,0.0,0.0,3.0
KIM,2026-09-12 12:00,2026-09-17 03:00,102,전주,0,16.4,90.0,2.0,0.0,90.0,0.0,0.0,3.0
KIM,2026-09-12 12:00,2026-09-17 06:00,105,전주,0,15.5,98.0,0.0,0.0,98.0,0.0,0.0,3.0
KIM,2026-09-12 12:00,2026-09-17 09:00,108,전주,0,20.2,100.0,0.0,0.0,100.0,200.0,0.0,3.0
KIM,2026-09-12 12:00,2026-09-17 12:00,111,전주,0,24.7,90.0,5.0,0.0,90.0,705.0,0.0,3.0
KIM,2026-09-12 12:00,2026-09-17 15:00,114,전주,0,25.4,69.0,45.0,24.0,48.0,759.0,0.0,3.0
KIM,2026-09-12 12:00,2026-09-17 18:00,117,전주,0,22.6,96.0,69.0,29.0,89.0,261.0,0.0,3.0
KIM,2026-09-12 12:00,2026-09-17 21:00,120,전주,0,20.0,95.0,58.0,9.0,86.0,3.0,0.0,3.0
KIM,2026-09-12 12:00,2026-09-18 09:00,132,전주,0,21.5,100.0,97.0,86.0,100.0,79.0,0.0,3.0
KIM,2026-09-12 12:00,2026-09-18 21:00,144,전주,0,20.2,65.0,58.0,2.0,30.0,2.0,4.5,3.0
KIM,2026-09-12 12:00,2026-09-19 09:00,156,전주,0,22.7,100.0,31.0,3.0,100.0,172.0,0.0,3.0
KIM,2026-09-12 12:00,2026-09-19 21:00,168,전주,0,21.5,68.0,65.0,2.0,40.0,3.0,2.9,3.0
KIM,2026-09-12 12:00,2026-09-20 09:00,180,전주,0,22.3,69.0,16.0,0.0,63.0,180.0,0.0,3.0
KIM,2026-09-12 12:00,2026-09-20 21:00,192,전주,0,21.0,77.0,48.0,4.0,66.0,3.0,0.0,3.0
KIM,2026-09-12 12:00,2026-09-21 09:00,204,전주,0,20.5,47.0,11.0,0.0,41.0,183.0,0.0,3.0
KIM,2026-09-12 12:00,2026-09-21 21:00,216,전주,0,19.7,86.0,0.0,0.0,86.0,2.0,0.0,3.0
KIM,2026-09-12 12:00,2026-09-22 09:00,228,전주,0,20.3,31.0,0.0,0.0,31.0,181.0,0.0,3.0
KIM,2026-09-12 12:00,2026-09-22 21:00,240,전주,0,19.8,0.0,0.0,0.0,0.0,2.0,0.0,3.0
KIM,2026-09-12 12:00,2026-09-23 09:00,252,전주,0,21.0,25.0,0.0,0.0,25.0,175.0,0.0,3.0
KIM,2026-09-12 12:00,2026-09-23 21:00,264,전주,0,19.7,58.0,19.0,0.0,50.0,2.0,0.0,3.0
KIM,2026-09-12 12:00,2026-09-24 09:00,276,전주,0,20.8,19.0,2.0,3.0,18.0,172.0,0.0,3.0
KIM,2026-09-12 12:00,2026-09-24 21:00,288,전주,0,19.3,90.0,3.0,0.0,89.0,2.0,0.0,3.0
KIM,2026-09-12 12:00,2026-09-12 21:00,0,강릉,0,21.0,100.0,0.0,56.0,100.0,3.0,,3.0
KIM,2026-09-12 12:00,2026-09-13 00:00,3,강릉,0,19.7,82.0,0.0,39.0,79.0,0.0,0.0,3.0
KIM,2026-09-12 12:00,2026-09-13 03:00,6,강릉,0,19.8,61.0,0.0,56.0,24.0,0.0,0.0,3.0
KIM,2026-09-12 12:00,2026-09-13 06:00,9,강릉,0,20.1,82.0,2.0,65.0,74.0,0.0,0.0,3.0
KIM,2026-09-12 12:00,2026-09-13 09:00,12,강릉,0,21.8,94.0,4.0,90.0,84.0,99.0,0.0,3.0
KIM,2026-09-12 12:00,2026-09-13 12:00,15,강릉,0,23.7,93.0,13.0,50.0,91.0,327.0,0.0,3.0
KIM,2026-09-12 12:00,2026-09-13 15:00,18,강릉,0,22.8,94.0,4.0,58.0,91.0,286.0,0.0,3.0
KIM,2026-09-12 12:00,2026-09-13 18:00,21,강릉,0,23.0,93.0,6.0,11.0,90.0,203.0,0.0,3.0
KIM,2026-09-12 12:00,2026-09-13 21:00,24,강릉,0,22.2,100.0,2.0,36.0,99.0,3.0,0.0,3.0
KIM,2026-09-12 12:00,2026-09-14 00:00,27,강릉,0,21.9,99.0,0.0,14.0,99.0,0.0,0.0,3.0
KIM,2026-09-12 12:00,2026-09-14 03:00,30,강릉,0,21.7,96.0,0.0,40.0,95.0,0.0,0.0,3.0
KIM,2026-09-12 12:00,2026-09-14 06:00,33,강릉,0,21.5,99.0,0.0,54.0,98.0,0.0,0.0,3.0
KIM,2026-09-12 12:00,2026-09-14 09:00,36,강릉,0,23.0,98.0,12.0,70.0,95.0,126.0,0.0,3.0
KIM,2026-09-12 12:00,2026-09-14 12:00,39,강릉,0,23.6,99.0,2.0,72.0,98.0,522.0,0.0,3.0
KIM,2026-09-12 12:00,2026-09-14 15:00,42,강릉,0,22.4,32.0,0.0,2.0,32.0,682.0,0.0,3.0
KIM,2026-09-12 12:00,2026-09-14 18:00,45,강릉,0,21.3,20.0,9.0,0.0,11.0,317.0,0.0,3.0
KIM,2026-09-12 12:00,2026-09-14 21:00,48,강릉,0,20.2,72.0,40.0,0.0,71.0,3.0,0.0,3.0
KIM,2026-09-12 12:00,2026-09-15 00:00,51,강릉,0,19.5,93.0,60.0,0.0,78.0,0.0,0.4,3.0
KIM,2026-09-12 12:00,2026-09-15 03:00,54,강릉,0,19.0,81.0,60.0,0.0,54.0,0.0,0.2,3.0
KIM,2026-09-12 12:00,2026-09-15 06:00,57,강릉,0,18.6,56.0,56.0,0.0,0.0,0.0,0.0,3.0
KIM,2026-09-12 12:00,2026-09-15 09:00,60,강릉,0,20.8,23.0,23.0,0.0,3.0,184.0,0.0,3.0
KIM,2026-09-12 12:00,2026-09-15 12:00,63,강릉,0,22.4,20.0,20.0,0.0,0.0,651.0,0.0,3.0
KIM,2026-09-12 12:00,2026-09-15 15:00,66,강릉,0,22.9,37.0,37.0,0.0,0.0,737.0,0.0,3.0
KIM,2026-09-12 12:00,2026-09-15 18:00,69,강릉,0,21.9,37.0,37.0,0.0,0.0,315.0,0.0,3.0
KIM,2026-09-12 12:00,2026-09-15 21:00,72,강릉,0,20.4,41.0,41.0,0.0,0.0,2.0,0.0,3.0
KIM,2026-09-12 12:00,2026-09-16 00:00,75,강릉,0,19.1,24.0,24.0,0.0,0.0,0.0,0.0,3.0
KIM,2026-09-12 12:00,2026-09-16 03:00,78,강릉,0,18.5,16.0,16.0,0.0,0.0,0.0,0.0,3.0
KIM,2026-09-12 12:00,2026-09-16 06:00,81,강릉,0,18.1,15.0,15.0,0.0,0.0,0.0,0.0,3.0
KIM,2026-09-12 12:00,2026-09-16 09:00,84,강릉,0,21.2,19.0,18.0,0.0,1.0,205.0,0.0,3.0
KIM,2026-09-12 12:00,2026-09-16 12:00,87,강릉,0,22.5,25.0,25.0,0.0,0.0,691.0,0.0,3.0
KIM,2026-09-12 12:00,2026-09-16 15:00,90,강릉,0,22.7,15.0,15.0,0.0,0.0,747.0,0.0,3.0
KIM,2026-09-12 12:00,2026-09-16 18:00,93,강릉,0,21.8,19.0,19.0,0.0,0.0,313.0,0.0,3.0
KIM,2026-09-12 12:00,2026-09-16 21:00,96,강릉,0,20.0,6.0,2.0,0.0,5.0,2.0,0.0,3.0
KIM,2026-09-12 12:00,2026-09-17 00:00,99,강릉,0,18.5,50.0,0.0,0.0,50.0,0.0,0.0,3.0
KIM,2026-09-12 12:00,2026-09-17 03:00,102,강릉,0,17.8,91.0,1.0,0.0,91.0,0.0,0.0,3.0
KIM,2026-09-12 12:00,2026-09-17 06:00,105,강릉,0,17.6,52.0,19.0,0.0,39.0,0.0,0.0,3.0
KIM,2026-09-12 12:00,2026-09-17 09:00,108,강릉,0,20.4,92.0,55.0,0.0,84.0,200.0,0.0,3.0
KIM,2026-09-12 12:00,2026-09-17 12:00,111,강릉,0,20.8,99.0,66.0,0.0,97.0,398.0,0.0,3.0
KIM,2026-09-12 12:00,2026-09-17 15:00,114,강릉,0,22.0,100.0,74.0,1.0,100.0,576.0,0.0,3.0
KIM,2026-09-12 12:00,2026-09-17 18:00,117,강릉,0,21.1,100.0,95.0,39.0,100.0,160.0,0.0,3.0
KIM,2026-09-12 12:00,2026-09-17 21:00,120,강릉,0,20.0,100.0,93.0,91.0,100.0,1.0,0.3,3.0
KIM,2026-09-12 12:00,2026-09-18 09:00,132,강릉,0,20.8,100.0,48.0,50.0,99.0,108.0,0.2,3.0
KIM,2026-09-12 12:00,2026-09-18 21:00,144,강릉,0,20.4,40.0,32.0,27.0,0.0,1.0,0.1,3.0
KIM,2026-09-12 12:00,2026-09-19 09:00,156,강릉,0,20.9,89.0,89.0,0.0,0.0,122.0,0.1,3.0
KIM,2026-09-12 12:00,2026-09-19 21:00,168,강릉,0,20.1,58.0,58.0,0.0,0.0,1.0,0.2,3.0
KIM,2026-09-12 12:00,2026-09-20 09:00,180,강릉,0,20.8,93.0,88.0,31.0,67.0,23.0,2.8,3.0
KIM,2026-09-12 12:00,2026-09-20 21:00,192,강릉,0,19.9,96.0,94.0,0.0,64.0,0.0,3.2,3.0
KIM,2026-09-12 12:00,2026-09-21 09:00,204,강릉,0,19.6,82.0,80.0,0.0,44.0,112.0,0.4,3.0
KIM,2026-09-12 12:00,2026-09-21 21:00,216,강릉,0,19.5,95.0,18.0,0.0,95.0,1.0,0.1,3.0
KIM,2026-09-12 12:00,2026-09-22 09:00,228,강릉,0,20.5,51.0,51.0,0.0,0.0,156.0,0.0,3.0
KIM,2026-09-12 12:00,2026-09-22 21:00,240,강릉,0,20.9,76.0,74.0,0.0,8.0,0.0,1.6,3.0
KIM,2026-09-12 12:00,2026-09-23 09:00,252,강릉,0,20.6,67.0,65.0,0.0,12.0,108.0,0.0,3.0
KIM,2026-09-12 12:00,2026-09-23 21:00,264,강릉,0,19.5,18.0,18.0,0.0,2.0,1.0,0.0,3.0
KIM,2026-09-12 12:00,2026-09-24 09:00,276,강릉,0,21.2,12.0,5.0,1.0,8.0,179.0,0.0,3.0
KIM,2026-09-12 12:00,2026-09-24 21:00,288,강릉,0,20.1,56.0,30.0,1.0,50.0,1.0,0.0,3.0
KIM,2026-09-12 12:00,2026-09-12 21:00,0,제주,0,22.3,88.0,45.0,0.0,84.0,6.0,,3.0
KIM,2026-09-12 12:00,2026-09-13 00:00,3,제주,0,21.9,78.0,46.0,0.0,58.0,0.0,0.0,3.0
KIM,2026-09-12 12:00,2026-09-13 03:00,6,제주,0,21.9,64.0,63.0,0.0,19.0,0.0,0.0,3.0
KIM,2026-09-12 12:00,2026-09-13 06:00,9,제주,0,21.9,89.0,82.0,0.0,50.0,0.0,0.0,3.0
KIM,2026-09-12 12:00,2026-09-13 09:00,12,제주,0,22.6,90.0,72.0,0.0,76.0,104.0,0.0,3.0
KIM,2026-09-12 12:00,2026-09-13 12:00,15,제주,0,23.4,85.0,62.0,0.0,63.0,453.0,0.1,3.0
KIM,2026-09-12 12:00,2026-09-13 15:00,18,제주,0,23.2,71.0,41.0,0.0,51.0,494.0,0.2,3.0
KIM,2026-09-12 12:00,2026-09-13 18:00,21,제주,0,22.6,47.0,45.0,0.0,10.0,222.0,0.1,3.0
KIM,2026-09-12 12:00,2026-09-13 21:00,24,제주,0,22.0,26.0,26.0,0.0,3.0,4.0,0.0,3.0
KIM,2026-09-12 12:00,2026-09-14 00:00,27,제주,0,21.7,10.0,10.0,0.0,0.0,0.0,0.0,3.0
KIM,2026-09-12 12:00,2026-09-14 03:00,30,제주,0,21.4,12.0,9.0,0.0,3.0,0.0,0.0,3.0
KIM,2026-09-12 12:00,2026-09-14 06:00,33,제주,0,21.0,23.0,23.0,12.0,0.0,0.0,0.0,3.0
KIM,2026-09-12 12:00,2026-09-14 09:00,36,제주,0,21.5,30.0,30.0,0.0,0.0,180.0,0.0,3.0
KIM,2026-09-12 12:00,2026-09-14 12:00,39,제주,0,22.5,2.0,2.0,0.0,0.0,697.0,0.0,3.0
KIM,2026-09-12 12:00,2026-09-14 15:00,42,제주,0,23.3,3.0,0.0,3.0,1.0,791.0,0.0,3.0
KIM,2026-09-12 12:00,2026-09-14 18:00,45,제주,0,23.2,7.0,0.0,0.0,7.0,365.0,0.0,3.0
KIM,2026-09-12 12:00,2026-09-14 21:00,48,제주,0,22.2,44.0,0.0,9.0,44.0,6.0,0.0,3.0
KIM,2026-09-12 12:00,2026-09-15 00:00,51,제주,0,21.1,66.0,0.0,9.0,64.0,0.0,0.0,3.0
KIM,2026-09-12 12:00,2026-09-15 03:00,54,제주,0,20.7,39.0,0.0,22.0,33.0,0.0,0.0,3.0
KIM,2026-09-12 12:00,2026-09-15 06:00,57,제주,0,20.5,84.0,2.0,22.0,82.0,0.0,0.0,3.0
KIM,2026-09-12 12:00,2026-09-15 09:00,60,제주,0,21.2,71.0,43.0,12.0,46.0,183.0,0.0,3.0
KIM,2026-09-12 12:00,2026-09-15 12:00,63,제주,0,21.8,91.0,22.0,0.0,90.0,676.0,0.0,3.0
KIM,2026-09-12 12:00,2026-09-15 15:00,66,제주,0,22.2,67.0,4.0,0.0,66.0,778.0,0.0,3.0
KIM,2026-09-12 12:00,2026-09-15 18:00,69,제주,0,21.7,46.0,0.0,0.0,46.0,367.0,0.0,3.0
KIM,2026-09-12 12:00,2026-09-15 21:00,72,제주,0,21.5,77.0,0.0,0.0,77.0,5.0,0.0,3.0
KIM,2026-09-12 12:00,2026-09-16 00:00,75,제주,0,20.6,50.0,0.0,0.0,50.0,0.0,0.0,3.0
KIM,2026-09-12 12:00,2026-09-16 03:00,78,제주,0,20.1,92.0,3.0,0.0,92.0,0.0,0.0,3.0
KIM,2026-09-12 12:00,2026-09-16 06:00,81,제주,0,20.6,100.0,45.0,31.0,100.0,0.0,0.0,3.0
KIM,2026-09-12 12:00,2026-09-16 09:00,84,제주,0,22.1,100.0,36.0,77.0,100.0,100.0,0.1,3.0
KIM,2026-09-12 12:00,2026-09-16 12:00,87,제주,0,22.8,33.0,27.0,6.0,10.0,611.0,0.0,3.0
KIM,2026-09-12 12:00,2026-09-16 15:00,90,제주,0,22.9,83.0,22.0,0.0,80.0,799.0,0.0,3.0
KIM,2026-09-12 12:00,2026-09-16 18:00,93,제주,0,22.2,90.0,18.0,1.0,89.0,366.0,0.0,3.0
KIM,2026-09-12 12:00,2026-09-16 21:00,96,제주,0,22.0,77.0,7.0,0.0,75.0,5.0,0.0,3.0
KIM,2026-09-12 12:00,2026-09-17 00:00,99,제주,0,22.2,100.0,24.0,0.0,100.0,0.0,0.0,3.0
KIM,2026-09-12 12:00,2026-09-17 03:00,102,제주,0,21.8,100.0,38.0,1.0,100.0,0.0,0.0,3.0
KIM,2026-09-12 12:00,2026-09-17 06:00,105,제주,0,21.4,99.0,70.0,35.0,98.0,0.0,0.2,3.0
KIM,2026-09-12 12:00,2026-09-17 09:00,108,제주,0,21.9,98.0,61.0,37.0,94.0,109.0,0.2,3.0
KIM,2026-09-12 12:00,2026-09-17 12:00,111,제주,0,22.2,87.0,56.0,17.0,74.0,353.0,0.7,3.0
KIM,2026-09-12 12:00,2026-09-17 15:00,114,제주,0,22.8,92.0,69.0,1.0,86.0,138.0,1.6,3.0
KIM,2026-09-12 12:00,2026-09-17 18:00,117,제주,0,22.9,84.0,50.0,2.0,67.0,51.0,1.3,3.0
KIM,2026-09-12 12:00,2026-09-17 21:00,120,제주,0,23.0,95.0,70.0,0.0,87.0,2.0,0.4,3.0
KIM,2026-09-12 12:00,2026-09-18 09:00,132,제주,0,24.1,90.0,51.0,5.0,86.0,115.0,1.4,3.0
KIM,2026-09-12 12:00,2026-09-18 21:00,144,제주,0,23.9,100.0,76.0,67.0,99.0,3.0,5.9,3.0
KIM,2026-09-12 12:00,2026-09-19 09:00,156,제주,0,24.0,89.0,71.0,16.0,60.0,129.0,0.0,3.0
KIM,2026-09-12 12:00,2026-09-19 21:00,168,제주,0,23.3,59.0,51.0,20.0,15.0,3.0,0.3,3.0
KIM,2026-09-12 12:00,2026-09-20 09:00,180,제주,0,22.4,97.0,79.0,17.0,91.0,96.0,0.3,3.0
KIM,2026-09-12 12:00,2026-09-20 21:00,192,제주,0,22.6,85.0,67.0,0.0,68.0,3.0,0.2,3.0
KIM,2026-09-12 12:00,2026-09-21 09:00,204,제주,0,21.6,52.0,41.0,0.0,31.0,121.0,0.1,3.0
KIM,2026-09-12 12:00,2026-09-21 21:00,216,제주,0,22.1,100.0,1.0,0.0,100.0,3.0,0.0,3.0
KIM,2026-09-12 12:00,2026-09-22 09:00,228,제주,0,21.6,65.0,0.0,0.0,65.0,176.0,0.0,3.0
KIM,2026-09-12 12:00,2026-09-22 21:00,240,제주,0,21.8,91.0,0.0,2.0,91.0,2.0,0.0,3.0
KIM,2026-09-12 12:00,2026-09-23 09:00,252,제주,0,21.9,33.0,11.0,0.0,28.0,173.0,0.0,3.0
KIM,2026-09-12 12:00,2026-09-23 21:00,264,제주,0,22.0,95.0,23.0,0.0,95.0,2.0,0.2,3.0
KIM,2026-09-12 12:00,2026-09-24 09:00,276,제주,0,22.3,97.0,41.0,0.0,96.0,163.0,0.0,3.0
KIM,2026-09-12 12:00,2026-09-24 21:00,288,제주,0,21.9,90.0,14.0,0.0,90.0,2.0,0.0,3.0
KIM,2026-09-12 12:00,2026-09-12 21:00,0,나주,0,21.4,82.0,82.0,0.0,6.0,6.0,,3.0
KIM,2026-09-12 12:00,2026-09-13 00:00,3,나주,0,19.6,46.0,46.0,0.0,8.0,0.0,0.0,3.0
KIM,2026-09-12 12:00,2026-09-13 03:00,6,나주,0,18.3,45.0,18.0,0.0,44.0,0.0,0.0,3.0
KIM,2026-09-12 12:00,2026-09-13 06:00,9,나주,0,17.6,75.0,10.0,0.0,74.0,0.0,0.0,3.0
KIM,2026-09-12 12:00,2026-09-13 09:00,12,나주,0,23.1,72.0,4.0,0.0,72.0,184.0,0.0,3.0
KIM,2026-09-12 12:00,2026-09-13 12:00,15,나주,0,26.5,29.0,14.0,0.0,19.0,689.0,0.0,3.0
KIM,2026-09-12 12:00,2026-09-13 15:00,18,나주,0,26.7,30.0,19.0,0.0,17.0,778.0,0.0,3.0
KIM,2026-09-12 12:00,2026-09-13 18:00,21,나주,0,23.9,38.0,11.0,0.0,30.0,357.0,0.0,3.0
KIM,2026-09-12 12:00,2026-09-13 21:00,24,나주,0,20.8,51.0,5.0,1.0,49.0,6.0,0.0,3.0
KIM,2026-09-12 12:00,2026-09-14 00:00,27,나주,0,19.1,74.0,4.0,0.0,74.0,0.0,0.0,3.0
KIM,2026-09-12 12:00,2026-09-14 03:00,30,나주,0,18.2,75.0,5.0,0.0,75.0,0.0,0.0,3.0
KIM,2026-09-12 12:00,2026-09-14 06:00,33,나주,0,18.1,93.0,2.0,11.0,92.0,0.0,0.0,3.0
KIM,2026-09-12 12:00,2026-09-14 09:00,36,나주,0,22.1,32.0,0.0,26.0,10.0,183.0,0.0,3.0
KIM,2026-09-12 12:00,2026-09-14 12:00,39,나주,0,25.6,53.0,0.0,11.0,42.0,634.0,0.0,3.0
KIM,2026-09-12 12:00,2026-09-14 15:00,42,나주,0,26.1,93.0,8.0,13.0,92.0,745.0,0.0,3.0
KIM,2026-09-12 12:00,2026-09-14 18:00,45,나주,0,22.9,96.0,16.0,24.0,95.0,345.0,0.0,3.0
KIM,2026-09-12 12:00,2026-09-14 21:00,48,나주,0,20.4,97.0,12.0,2.0,97.0,5.0,0.0,3.0
KIM,2026-09-12 12:00,2026-09-15 00:00,51,나주,0,17.7,74.0,1.0,0.0,73.0,0.0,0.0,3.0
KIM,2026-09-12 12:00,2026-09-15 03:00,54,나주,0,15.9,100.0,0.0,5.0,100.0,0.0,0.0,3.0
KIM,2026-09-12 12:00,2026-09-15 06:00,57,나주,0,14.9,100.0,0.0,1.0,100.0,0.0,0.0,3.0
KIM,2026-09-12 12:00,2026-09-15 09:00,60,나주,0,19.3,59.0,0.0,0.0,59.0,177.0,0.0,3.0
KIM,2026-09-12 12:00,2026-09-15 12:00,63,나주,0,23.7,2.0,0.0,0.0,2.0,713.0,0.0,3.0
KIM,2026-09-12 12:00,2026-09-15 15:00,66,나주,0,24.7,81.0,0.0,0.0,81.0,815.0,0.0,3.0
KIM,2026-09-12 12:00,2026-09-15 18:00,69,나주,0,21.5,69.0,0.0,0.0,69.0,367.0,0.0,3.0
KIM,2026-09-12 12:00,2026-09-15 21:00,72,나주,0,18.2,97.0,5.0,0.0,96.0,6.0,0.0,3.0
KIM,2026-09-12 12:00,2026-09-16 00:00,75,나주,0,16.3,97.0,20.0,0.0,96.0,0.0,0.0,3.0
KIM,2026-09-12 12:00,2026-09-16 03:00,78,나주,0,15.1,95.0,24.0,0.0,93.0,0.0,0.0,3.0
KIM,2026-09-12 12:00,2026-09-16 06:00,81,나주,0,13.9,100.0,15.0,0.0,100.0,0.0,0.0,3.0
KIM,2026-09-12 12:00,2026-09-16 09:00,84,나주,0,20.2,21.0,2.0,0.0,20.0,156.0,0.0,3.0
KIM,2026-09-12 12:00,2026-09-16 12:00,87,나주,0,25.6,0.0,0.0,0.0,0.0,706.0,0.0,3.0
KIM,2026-09-12 12:00,2026-09-16 15:00,90,나주,0,27.2,39.0,1.0,0.0,38.0,808.0,0.0,3.0
KIM,2026-09-12 12:00,2026-09-16 18:00,93,나주,0,24.2,71.0,1.0,0.0,71.0,364.0,0.0,3.0
KIM,2026-09-12 12:00,2026-09-16 21:00,96,나주,0,19.9,97.0,8.0,0.0,97.0,5.0,0.0,3.0
KIM,2026-09-12 12:00,2026-09-17 00:00,99,나주,0,18.3,90.0,10.0,0.0,89.0,0.0,0.0,3.0
KIM,2026-09-12 12:00,2026-09-17 03:00,102,나주,0,16.8,96.0,2.0,0.0,96.0,0.0,0.0,3.0
KIM,2026-09-12 12:00,2026-09-17 06:00,105,나주,0,15.2,100.0,0.0,1.0,100.0,0.0,0.0,3.0
KIM,2026-09-12 12:00,2026-09-17 09:00,108,나주,0,21.2,94.0,0.0,0.0,94.0,183.0,0.0,3.0
KIM,2026-09-12 12:00,2026-09-17 12:00,111,나주,0,26.5,45.0,7.0,4.0,38.0,692.0,0.0,3.0
KIM,2026-09-12 12:00,2026-09-17 15:00,114,나주,0,27.2,83.0,35.0,17.0,78.0,626.0,0.3,3.0
KIM,2026-09-12 12:00,2026-09-17 18:00,117,나주,0,24.7,93.0,73.0,2.0,69.0,278.0,0.7,3.0
KIM,2026-09-12 12:00,2026-09-17 21:00,120,나주,0,23.1,99.0,69.0,1.0,98.0,1.0,0.1,3.0
KIM,2026-09-12 12:00,2026-09-18 09:00,132,나주,0,21.5,100.0,96.0,100.0,100.0,25.0,3.8,3.0
KIM,2026-09-12 12:00,2026-09-18 21:00,144,나주,0,23.4,99.0,87.0,72.0,80.0,2.0,1.9,3.0
KIM,2026-09-12 12:00,2026-09-19 09:00,156,나주,0,22.7,100.0,87.0,23.0,100.0,34.0,0.0,3.0
KIM,2026-09-12 12:00,2026-09-19 21:00,168,나주,0,24.0,76.0,69.0,1.0,52.0,1.0,2.9,3.0
KIM,2026-09-12 12:00,2026-09-20 09:00,180,나주,0,23.4,98.0,39.0,0.0,97.0,114.0,0.0,3.0
KIM,2026-09-12 12:00,2026-09-20 21:00,192,나주,0,22.8,80.0,67.0,0.0,56.0,3.0,0.0,3.0
KIM,2026-09-12 12:00,2026-09-21 09:00,204,나주,0,21.6,12.0,1.0,0.0,11.0,175.0,0.0,3.0
KIM,2026-09-12 12:00,2026-09-21 21:00,216,나주,0,22.3,83.0,0.0,0.0,83.0,3.0,0.0,3.0
KIM,2026-09-12 12:00,2026-09-22 09:00,228,나주,0,22.1,39.0,0.0,0.0,39.0,172.0,0.0,3.0
KIM,2026-09-12 12:00,2026-09-22 21:00,240,나주,0,21.7,60.0,0.0,0.0,60.0,2.0,0.0,3.0
KIM,2026-09-12 12:00,2026-09-23 09:00,252,나주,0,21.9,10.0,0.0,0.0,10.0,168.0,0.0,3.0
KIM,2026-09-12 12:00,2026-09-23 21:00,264,나주,0,22.0,96.0,88.0,0.0,68.0,2.0,0.1,3.0
KIM,2026-09-12 12:00,2026-09-24 09:00,276,나주,0,22.3,70.0,13.0,0.0,68.0,166.0,0.0,3.0
KIM,2026-09-12 12:00,2026-09-24 21:00,288,나주,0,21.6,96.0,0.0,10.0,96.0,2.0,0.0,3.0
