model,run_utc,valid_kst,step_h,city,rep,t2m_C,tcc_pct,lcc_pct,mcc_pct,hcc_pct,dswrf_avg_Wm2
ECMWF,2026-08-28 12:00,2026-08-28 21:00,0,서울,1,25.5,84.0,,,,
ECMWF,2026-08-28 12:00,2026-08-29 00:00,3,서울,1,25.1,99.0,,,,
ECMWF,2026-08-28 12:00,2026-08-29 03:00,6,서울,1,24.3,99.0,,,,
ECMWF,2026-08-28 12:00,2026-08-29 06:00,9,서울,1,24.0,100.0,,,,
ECMWF,2026-08-28 12:00,2026-08-29 09:00,12,서울,1,26.2,71.0,,,,
ECMWF,2026-08-28 12:00,2026-08-29 12:00,15,서울,1,28.8,59.0,,,,
ECMWF,2026-08-28 12:00,2026-08-29 15:00,18,서울,1,29.7,9.0,,,,
ECMWF,2026-08-28 12:00,2026-08-29 18:00,21,서울,1,27.7,20.0,,,,
ECMWF,2026-08-28 12:00,2026-08-29 21:00,24,서울,1,25.0,20.0,,,,
ECMWF,2026-08-28 12:00,2026-08-30 00:00,27,서울,1,23.8,88.0,,,,
ECMWF,2026-08-28 12:00,2026-08-30 03:00,30,서울,1,23.3,100.0,,,,
ECMWF,2026-08-28 12:00,2026-08-30 06:00,33,서울,1,22.8,100.0,,,,
ECMWF,2026-08-28 12:00,2026-08-30 09:00,36,서울,1,23.8,100.0,,,,
ECMWF,2026-08-28 12:00,2026-08-30 12:00,39,서울,1,25.6,98.0,,,,
ECMWF,2026-08-28 12:00,2026-08-30 15:00,42,서울,1,26.0,100.0,,,,
ECMWF,2026-08-28 12:00,2026-08-30 18:00,45,서울,1,25.4,100.0,,,,
ECMWF,2026-08-28 12:00,2026-08-30 21:00,48,서울,1,24.4,77.0,,,,
ECMWF,2026-08-28 12:00,2026-08-31 00:00,51,서울,1,23.9,100.0,,,,
ECMWF,2026-08-28 12:00,2026-08-31 03:00,54,서울,1,23.1,100.0,,,,
ECMWF,2026-08-28 12:00,2026-08-31 06:00,57,서울,1,22.6,100.0,,,,
ECMWF,2026-08-28 12:00,2026-08-31 09:00,60,서울,1,22.8,100.0,,,,
ECMWF,2026-08-28 12:00,2026-08-31 12:00,63,서울,1,23.2,100.0,,,,
ECMWF,2026-08-28 12:00,2026-08-31 15:00,66,서울,1,24.6,100.0,,,,
ECMWF,2026-08-28 12:00,2026-08-31 18:00,69,서울,1,24.6,100.0,,,,
ECMWF,2026-08-28 12:00,2026-08-31 21:00,72,서울,1,23.2,97.0,,,,
ECMWF,2026-08-28 12:00,2026-09-01 00:00,75,서울,1,22.7,100.0,,,,
ECMWF,2026-08-28 12:00,2026-09-01 03:00,78,서울,1,22.6,100.0,,,,
ECMWF,2026-08-28 12:00,2026-09-01 06:00,81,서울,1,21.9,100.0,,,,
ECMWF,2026-08-28 12:00,2026-09-01 09:00,84,서울,1,22.3,100.0,,,,
ECMWF,2026-08-28 12:00,2026-09-01 12:00,87,서울,1,27.5,100.0,,,,
ECMWF,2026-08-28 12:00,2026-09-01 15:00,90,서울,1,27.3,100.0,,,,
ECMWF,2026-08-28 12:00,2026-09-01 18:00,93,서울,1,25.4,100.0,,,,
ECMWF,2026-08-28 12:00,2026-09-01 21:00,96,서울,1,24.6,100.0,,,,
ECMWF,2026-08-28 12:00,2026-09-02 00:00,99,서울,1,23.8,100.0,,,,
ECMWF,2026-08-28 12:00,2026-09-02 03:00,102,서울,1,23.1,100.0,,,,
ECMWF,2026-08-28 12:00,2026-09-02 06:00,105,서울,1,22.3,100.0,,,,
ECMWF,2026-08-28 12:00,2026-09-02 09:00,108,서울,1,24.1,100.0,,,,
ECMWF,2026-08-28 12:00,2026-09-02 12:00,111,서울,1,27.6,100.0,,,,
ECMWF,2026-08-28 12:00,2026-09-02 15:00,114,서울,1,28.4,95.0,,,,
ECMWF,2026-08-28 12:00,2026-09-02 18:00,117,서울,1,26.0,100.0,,,,
ECMWF,2026-08-28 12:00,2026-09-02 21:00,120,서울,1,23.6,100.0,,,,
ECMWF,2026-08-28 12:00,2026-09-03 00:00,123,서울,1,22.2,99.0,,,,
ECMWF,2026-08-28 12:00,2026-09-03 03:00,126,서울,1,21.3,100.0,,,,
ECMWF,2026-08-28 12:00,2026-09-03 06:00,129,서울,1,20.9,100.0,,,,
ECMWF,2026-08-28 12:00,2026-09-03 09:00,132,서울,1,23.8,100.0,,,,
ECMWF,2026-08-28 12:00,2026-09-03 12:00,135,서울,1,28.1,100.0,,,,
ECMWF,2026-08-28 12:00,2026-09-03 15:00,138,서울,1,29.9,14.0,,,,
ECMWF,2026-08-28 12:00,2026-09-03 18:00,141,서울,1,29.1,90.0,,,,
ECMWF,2026-08-28 12:00,2026-09-03 21:00,144,서울,1,25.0,100.0,,,,
ECMWF,2026-08-28 12:00,2026-09-04 03:00,150,서울,1,22.3,96.0,,,,
ECMWF,2026-08-28 12:00,2026-09-04 09:00,156,서울,1,24.2,3.0,,,,
ECMWF,2026-08-28 12:00,2026-09-04 15:00,162,서울,1,28.6,9.0,,,,
ECMWF,2026-08-28 12:00,2026-09-04 21:00,168,서울,1,21.7,0.0,,,,
ECMWF,2026-08-28 12:00,2026-09-05 03:00,174,서울,1,19.1,1.0,,,,
ECMWF,2026-08-28 12:00,2026-09-05 09:00,180,서울,1,22.3,1.0,,,,
ECMWF,2026-08-28 12:00,2026-09-05 15:00,186,서울,1,28.2,38.0,,,,
ECMWF,2026-08-28 12:00,2026-09-05 21:00,192,서울,1,21.5,2.0,,,,
ECMWF,2026-08-28 12:00,2026-09-06 03:00,198,서울,1,19.1,1.0,,,,
ECMWF,2026-08-28 12:00,2026-09-06 09:00,204,서울,1,21.6,2.0,,,,
ECMWF,2026-08-28 12:00,2026-09-06 15:00,210,서울,1,25.9,7.0,,,,
ECMWF,2026-08-28 12:00,2026-09-06 21:00,216,서울,1,20.3,5.0,,,,
ECMWF,2026-08-28 12:00,2026-09-07 03:00,222,서울,1,17.9,4.0,,,,
ECMWF,2026-08-28 12:00,2026-09-07 09:00,228,서울,1,23.1,3.0,,,,
ECMWF,2026-08-28 12:00,2026-09-07 15:00,234,서울,1,28.1,77.0,,,,
ECMWF,2026-08-28 12:00,2026-09-07 21:00,240,서울,1,21.7,2.0,,,,
ECMWF,2026-08-28 12:00,2026-08-28 21:00,0,대전,1,24.8,82.0,,,,
ECMWF,2026-08-28 12:00,2026-08-29 00:00,3,대전,1,24.2,98.0,,,,
ECMWF,2026-08-28 12:00,2026-08-29 03:00,6,대전,1,24.0,98.0,,,,
ECMWF,2026-08-28 12:00,2026-08-29 06:00,9,대전,1,23.4,100.0,,,,
ECMWF,2026-08-28 12:00,2026-08-29 09:00,12,대전,1,25.1,98.0,,,,
ECMWF,2026-08-28 12:00,2026-08-29 12:00,15,대전,1,27.5,79.0,,,,
ECMWF,2026-08-28 12:00,2026-08-29 15:00,18,대전,1,28.3,23.0,,,,
ECMWF,2026-08-28 12:00,2026-08-29 18:00,21,대전,1,26.4,19.0,,,,
ECMWF,2026-08-28 12:00,2026-08-29 21:00,24,대전,1,23.6,45.0,,,,
ECMWF,2026-08-28 12:00,2026-08-30 00:00,27,대전,1,23.0,41.0,,,,
ECMWF,2026-08-28 12:00,2026-08-30 03:00,30,대전,1,22.8,97.0,,,,
ECMWF,2026-08-28 12:00,2026-08-30 06:00,33,대전,1,22.3,30.0,,,,
ECMWF,2026-08-28 12:00,2026-08-30 09:00,36,대전,1,24.2,100.0,,,,
ECMWF,2026-08-28 12:00,2026-08-30 12:00,39,대전,1,25.3,100.0,,,,
ECMWF,2026-08-28 12:00,2026-08-30 15:00,42,대전,1,28.2,100.0,,,,
ECMWF,2026-08-28 12:00,2026-08-30 18:00,45,대전,1,23.9,96.0,,,,
ECMWF,2026-08-28 12:00,2026-08-30 21:00,48,대전,1,22.9,95.0,,,,
ECMWF,2026-08-28 12:00,2026-08-31 00:00,51,대전,1,22.4,44.0,,,,
ECMWF,2026-08-28 12:00,2026-08-31 03:00,54,대전,1,22.0,100.0,,,,
ECMWF,2026-08-28 12:00,2026-08-31 06:00,57,대전,1,22.1,100.0,,,,
ECMWF,2026-08-28 12:00,2026-08-31 09:00,60,대전,1,24.0,98.0,,,,
ECMWF,2026-08-28 12:00,2026-08-31 12:00,63,대전,1,24.5,97.0,,,,
ECMWF,2026-08-28 12:00,2026-08-31 15:00,66,대전,1,26.1,98.0,,,,
ECMWF,2026-08-28 12:00,2026-08-31 18:00,69,대전,1,24.5,100.0,,,,
ECMWF,2026-08-28 12:00,2026-08-31 21:00,72,대전,1,22.6,58.0,,,,
ECMWF,2026-08-28 12:00,2026-09-01 00:00,75,대전,1,22.3,35.0,,,,
ECMWF,2026-08-28 12:00,2026-09-01 03:00,78,대전,1,22.2,32.0,,,,
ECMWF,2026-08-28 12:00,2026-09-01 06:00,81,대전,1,22.0,65.0,,,,
ECMWF,2026-08-28 12:00,2026-09-01 09:00,84,대전,1,25.6,89.0,,,,
ECMWF,2026-08-28 12:00,2026-09-01 12:00,87,대전,1,29.1,62.0,,,,
ECMWF,2026-08-28 12:00,2026-09-01 15:00,90,대전,1,30.2,100.0,,,,
ECMWF,2026-08-28 12:00,2026-09-01 18:00,93,대전,1,27.3,100.0,,,,
ECMWF,2026-08-28 12:00,2026-09-01 21:00,96,대전,1,24.4,100.0,,,,
ECMWF,2026-08-28 12:00,2026-09-02 00:00,99,대전,1,23.4,100.0,,,,
ECMWF,2026-08-28 12:00,2026-09-02 03:00,102,대전,1,23.3,100.0,,,,
ECMWF,2026-08-28 12:00,2026-09-02 06:00,105,대전,1,23.3,100.0,,,,
ECMWF,2026-08-28 12:00,2026-09-02 09:00,108,대전,1,24.5,100.0,,,,
ECMWF,2026-08-28 12:00,2026-09-02 12:00,111,대전,1,25.8,100.0,,,,
ECMWF,2026-08-28 12:00,2026-09-02 15:00,114,대전,1,26.6,100.0,,,,
ECMWF,2026-08-28 12:00,2026-09-02 18:00,117,대전,1,25.3,100.0,,,,
ECMWF,2026-08-28 12:00,2026-09-02 21:00,120,대전,1,23.2,100.0,,,,
ECMWF,2026-08-28 12:00,2026-09-03 00:00,123,대전,1,22.4,100.0,,,,
ECMWF,2026-08-28 12:00,2026-09-03 03:00,126,대전,1,21.6,100.0,,,,
ECMWF,2026-08-28 12:00,2026-09-03 06:00,129,대전,1,21.1,100.0,,,,
ECMWF,2026-08-28 12:00,2026-09-03 09:00,132,대전,1,26.1,99.0,,,,
ECMWF,2026-08-28 12:00,2026-09-03 12:00,135,대전,1,30.1,98.0,,,,
ECMWF,2026-08-28 12:00,2026-09-03 15:00,138,대전,1,30.3,80.0,,,,
ECMWF,2026-08-28 12:00,2026-09-03 18:00,141,대전,1,26.1,91.0,,,,
ECMWF,2026-08-28 12:00,2026-09-03 21:00,144,대전,1,24.2,96.0,,,,
ECMWF,2026-08-28 12:00,2026-09-04 03:00,150,대전,1,22.8,100.0,,,,
ECMWF,2026-08-28 12:00,2026-09-04 09:00,156,대전,1,23.7,100.0,,,,
ECMWF,2026-08-28 12:00,2026-09-04 15:00,162,대전,1,27.0,62.0,,,,
ECMWF,2026-08-28 12:00,2026-09-04 21:00,168,대전,1,21.2,0.0,,,,
ECMWF,2026-08-28 12:00,2026-09-05 03:00,174,대전,1,19.7,0.0,,,,
ECMWF,2026-08-28 12:00,2026-09-05 09:00,180,대전,1,22.5,12.0,,,,
ECMWF,2026-08-28 12:00,2026-09-05 15:00,186,대전,1,26.6,84.0,,,,
ECMWF,2026-08-28 12:00,2026-09-05 21:00,192,대전,1,21.3,2.0,,,,
ECMWF,2026-08-28 12:00,2026-09-06 03:00,198,대전,1,19.7,0.0,,,,
ECMWF,2026-08-28 12:00,2026-09-06 09:00,204,대전,1,21.8,1.0,,,,
ECMWF,2026-08-28 12:00,2026-09-06 15:00,210,대전,1,26.4,2.0,,,,
ECMWF,2026-08-28 12:00,2026-09-06 21:00,216,대전,1,20.4,1.0,,,,
ECMWF,2026-08-28 12:00,2026-09-07 03:00,222,대전,1,17.4,2.0,,,,
ECMWF,2026-08-28 12:00,2026-09-07 09:00,228,대전,1,22.1,0.0,,,,
ECMWF,2026-08-28 12:00,2026-09-07 15:00,234,대전,1,27.6,8.0,,,,
ECMWF,2026-08-28 12:00,2026-09-07 21:00,240,대전,1,21.9,2.0,,,,
ECMWF,2026-08-28 12:00,2026-08-28 21:00,0,대구,1,24.1,99.0,,,,
ECMWF,2026-08-28 12:00,2026-08-29 00:00,3,대구,1,23.7,98.0,,,,
ECMWF,2026-08-28 12:00,2026-08-29 03:00,6,대구,1,23.5,98.0,,,,
ECMWF,2026-08-28 12:00,2026-08-29 06:00,9,대구,1,23.8,100.0,,,,
ECMWF,2026-08-28 12:00,2026-08-29 09:00,12,대구,1,26.1,96.0,,,,
ECMWF,2026-08-28 12:00,2026-08-29 12:00,15,대구,1,28.8,93.0,,,,
ECMWF,2026-08-28 12:00,2026-08-29 15:00,18,대구,1,26.0,95.0,,,,
ECMWF,2026-08-28 12:00,2026-08-29 18:00,21,대구,1,25.4,59.0,,,,
ECMWF,2026-08-28 12:00,2026-08-29 21:00,24,대구,1,23.9,17.0,,,,
ECMWF,2026-08-28 12:00,2026-08-30 00:00,27,대구,1,23.4,96.0,,,,
ECMWF,2026-08-28 12:00,2026-08-30 03:00,30,대구,1,23.3,77.0,,,,
ECMWF,2026-08-28 12:00,2026-08-30 06:00,33,대구,1,23.3,43.0,,,,
ECMWF,2026-08-28 12:00,2026-08-30 09:00,36,대구,1,25.5,95.0,,,,
ECMWF,2026-08-28 12:00,2026-08-30 12:00,39,대구,1,25.0,83.0,,,,
ECMWF,2026-08-28 12:00,2026-08-30 15:00,42,대구,1,28.4,100.0,,,,
ECMWF,2026-08-28 12:00,2026-08-30 18:00,45,대구,1,23.8,64.0,,,,
ECMWF,2026-08-28 12:00,2026-08-30 21:00,48,대구,1,22.8,59.0,,,,
ECMWF,2026-08-28 12:00,2026-08-31 00:00,51,대구,1,22.7,100.0,,,,
ECMWF,2026-08-28 12:00,2026-08-31 03:00,54,대구,1,22.4,89.0,,,,
ECMWF,2026-08-28 12:00,2026-08-31 06:00,57,대구,1,22.4,100.0,,,,
ECMWF,2026-08-28 12:00,2026-08-31 09:00,60,대구,1,23.5,100.0,,,,
ECMWF,2026-08-28 12:00,2026-08-31 12:00,63,대구,1,28.0,30.0,,,,
ECMWF,2026-08-28 12:00,2026-08-31 15:00,66,대구,1,29.7,76.0,,,,
ECMWF,2026-08-28 12:00,2026-08-31 18:00,69,대구,1,24.7,49.0,,,,
ECMWF,2026-08-28 12:00,2026-08-31 21:00,72,대구,1,23.3,52.0,,,,
ECMWF,2026-08-28 12:00,2026-09-01 00:00,75,대구,1,22.6,99.0,,,,
ECMWF,2026-08-28 12:00,2026-09-01 03:00,78,대구,1,22.1,73.0,,,,
ECMWF,2026-08-28 12:00,2026-09-01 06:00,81,대구,1,22.2,100.0,,,,
ECMWF,2026-08-28 12:00,2026-09-01 09:00,84,대구,1,23.0,98.0,,,,
ECMWF,2026-08-28 12:00,2026-09-01 12:00,87,대구,1,27.0,95.0,,,,
ECMWF,2026-08-28 12:00,2026-09-01 15:00,90,대구,1,26.0,84.0,,,,
ECMWF,2026-08-28 12:00,2026-09-01 18:00,93,대구,1,25.4,100.0,,,,
ECMWF,2026-08-28 12:00,2026-09-01 21:00,96,대구,1,23.4,100.0,,,,
ECMWF,2026-08-28 12:00,2026-09-02 00:00,99,대구,1,22.9,99.0,,,,
ECMWF,2026-08-28 12:00,2026-09-02 03:00,102,대구,1,22.5,100.0,,,,
ECMWF,2026-08-28 12:00,2026-09-02 06:00,105,대구,1,22.1,100.0,,,,
ECMWF,2026-08-28 12:00,2026-09-02 09:00,108,대구,1,25.8,97.0,,,,
ECMWF,2026-08-28 12:00,2026-09-02 12:00,111,대구,1,27.9,80.0,,,,
ECMWF,2026-08-28 12:00,2026-09-02 15:00,114,대구,1,30.0,76.0,,,,
ECMWF,2026-08-28 12:00,2026-09-02 18:00,117,대구,1,25.5,73.0,,,,
ECMWF,2026-08-28 12:00,2026-09-02 21:00,120,대구,1,23.6,100.0,,,,
ECMWF,2026-08-28 12:00,2026-09-03 00:00,123,대구,1,22.8,100.0,,,,
ECMWF,2026-08-28 12:00,2026-09-03 03:00,126,대구,1,22.9,100.0,,,,
ECMWF,2026-08-28 12:00,2026-09-03 06:00,129,대구,1,23.0,100.0,,,,
ECMWF,2026-08-28 12:00,2026-09-03 09:00,132,대구,1,24.5,100.0,,,,
ECMWF,2026-08-28 12:00,2026-09-03 12:00,135,대구,1,26.5,100.0,,,,
ECMWF,2026-08-28 12:00,2026-09-03 15:00,138,대구,1,25.1,92.0,,,,
ECMWF,2026-08-28 12:00,2026-09-03 18:00,141,대구,1,23.5,96.0,,,,
ECMWF,2026-08-28 12:00,2026-09-03 21:00,144,대구,1,22.4,98.0,,,,
ECMWF,2026-08-28 12:00,2026-09-04 03:00,150,대구,1,21.4,98.0,,,,
ECMWF,2026-08-28 12:00,2026-09-04 09:00,156,대구,1,22.1,100.0,,,,
ECMWF,2026-08-28 12:00,2026-09-04 15:00,162,대구,1,23.4,97.0,,,,
ECMWF,2026-08-28 12:00,2026-09-04 21:00,168,대구,1,19.6,5.0,,,,
ECMWF,2026-08-28 12:00,2026-09-05 03:00,174,대구,1,19.2,4.0,,,,
ECMWF,2026-08-28 12:00,2026-09-05 09:00,180,대구,1,22.6,27.0,,,,
ECMWF,2026-08-28 12:00,2026-09-05 15:00,186,대구,1,23.7,70.0,,,,
ECMWF,2026-08-28 12:00,2026-09-05 21:00,192,대구,1,20.2,21.0,,,,
ECMWF,2026-08-28 12:00,2026-09-06 03:00,198,대구,1,19.3,13.0,,,,
ECMWF,2026-08-28 12:00,2026-09-06 09:00,204,대구,1,21.8,38.0,,,,
ECMWF,2026-08-28 12:00,2026-09-06 15:00,210,대구,1,22.7,34.0,,,,
ECMWF,2026-08-28 12:00,2026-09-06 21:00,216,대구,1,20.4,34.0,,,,
ECMWF,2026-08-28 12:00,2026-09-07 03:00,222,대구,1,20.7,40.0,,,,
ECMWF,2026-08-28 12:00,2026-09-07 09:00,228,대구,1,23.1,49.0,,,,
ECMWF,2026-08-28 12:00,2026-09-07 15:00,234,대구,1,27.0,53.0,,,,
ECMWF,2026-08-28 12:00,2026-09-07 21:00,240,대구,1,22.4,100.0,,,,
ECMWF,2026-08-28 12:00,2026-08-28 21:00,0,광주,1,25.8,51.0,,,,
ECMWF,2026-08-28 12:00,2026-08-29 00:00,3,광주,1,25.0,70.0,,,,
ECMWF,2026-08-28 12:00,2026-08-29 03:00,6,광주,1,24.2,78.0,,,,
ECMWF,2026-08-28 12:00,2026-08-29 06:00,9,광주,1,23.6,100.0,,,,
ECMWF,2026-08-28 12:00,2026-08-29 09:00,12,광주,1,26.2,99.0,,,,
ECMWF,2026-08-28 12:00,2026-08-29 12:00,15,광주,1,29.0,100.0,,,,
ECMWF,2026-08-28 12:00,2026-08-29 15:00,18,광주,1,26.0,97.0,,,,
ECMWF,2026-08-28 12:00,2026-08-29 18:00,21,광주,1,26.2,59.0,,,,
ECMWF,2026-08-28 12:00,2026-08-29 21:00,24,광주,1,24.9,73.0,,,,
ECMWF,2026-08-28 12:00,2026-08-30 00:00,27,광주,1,23.7,34.0,,,,
ECMWF,2026-08-28 12:00,2026-08-30 03:00,30,광주,1,23.3,95.0,,,,
ECMWF,2026-08-28 12:00,2026-08-30 06:00,33,광주,1,22.8,58.0,,,,
ECMWF,2026-08-28 12:00,2026-08-30 09:00,36,광주,1,23.8,37.0,,,,
ECMWF,2026-08-28 12:00,2026-08-30 12:00,39,광주,1,28.9,98.0,,,,
ECMWF,2026-08-28 12:00,2026-08-30 15:00,42,광주,1,29.5,55.0,,,,
ECMWF,2026-08-28 12:00,2026-08-30 18:00,45,광주,1,24.8,100.0,,,,
ECMWF,2026-08-28 12:00,2026-08-30 21:00,48,광주,1,23.9,100.0,,,,
ECMWF,2026-08-28 12:00,2026-08-31 00:00,51,광주,1,23.3,51.0,,,,
ECMWF,2026-08-28 12:00,2026-08-31 03:00,54,광주,1,23.1,85.0,,,,
ECMWF,2026-08-28 12:00,2026-08-31 06:00,57,광주,1,22.9,98.0,,,,
ECMWF,2026-08-28 12:00,2026-08-31 09:00,60,광주,1,26.5,88.0,,,,
ECMWF,2026-08-28 12:00,2026-08-31 12:00,63,광주,1,30.2,50.0,,,,
ECMWF,2026-08-28 12:00,2026-08-31 15:00,66,광주,1,31.1,56.0,,,,
ECMWF,2026-08-28 12:00,2026-08-31 18:00,69,광주,1,28.4,80.0,,,,
ECMWF,2026-08-28 12:00,2026-08-31 21:00,72,광주,1,25.1,100.0,,,,
ECMWF,2026-08-28 12:00,2026-09-01 00:00,75,광주,1,23.2,12.0,,,,
ECMWF,2026-08-28 12:00,2026-09-01 03:00,78,광주,1,23.1,87.0,,,,
ECMWF,2026-08-28 12:00,2026-09-01 06:00,81,광주,1,22.9,86.0,,,,
ECMWF,2026-08-28 12:00,2026-09-01 09:00,84,광주,1,27.1,71.0,,,,
ECMWF,2026-08-28 12:00,2026-09-01 12:00,87,광주,1,30.1,38.0,,,,
ECMWF,2026-08-28 12:00,2026-09-01 15:00,90,광주,1,30.2,100.0,,,,
ECMWF,2026-08-28 12:00,2026-09-01 18:00,93,광주,1,27.2,98.0,,,,
ECMWF,2026-08-28 12:00,2026-09-01 21:00,96,광주,1,24.8,100.0,,,,
ECMWF,2026-08-28 12:00,2026-09-02 00:00,99,광주,1,23.9,100.0,,,,
ECMWF,2026-08-28 12:00,2026-09-02 03:00,102,광주,1,23.2,98.0,,,,
ECMWF,2026-08-28 12:00,2026-09-02 06:00,105,광주,1,22.5,100.0,,,,
ECMWF,2026-08-28 12:00,2026-09-02 09:00,108,광주,1,26.2,99.0,,,,
ECMWF,2026-08-28 12:00,2026-09-02 12:00,111,광주,1,30.3,87.0,,,,
ECMWF,2026-08-28 12:00,2026-09-02 15:00,114,광주,1,30.9,97.0,,,,
ECMWF,2026-08-28 12:00,2026-09-02 18:00,117,광주,1,27.7,84.0,,,,
ECMWF,2026-08-28 12:00,2026-09-02 21:00,120,광주,1,24.9,100.0,,,,
ECMWF,2026-08-28 12:00,2026-09-03 00:00,123,광주,1,23.7,99.0,,,,
ECMWF,2026-08-28 12:00,2026-09-03 03:00,126,광주,1,23.1,97.0,,,,
ECMWF,2026-08-28 12:00,2026-09-03 06:00,129,광주,1,22.7,88.0,,,,
ECMWF,2026-08-28 12:00,2026-09-03 09:00,132,광주,1,26.8,98.0,,,,
ECMWF,2026-08-28 12:00,2026-09-03 12:00,135,광주,1,30.5,74.0,,,,
ECMWF,2026-08-28 12:00,2026-09-03 15:00,138,광주,1,31.5,100.0,,,,
ECMWF,2026-08-28 12:00,2026-09-03 18:00,141,광주,1,26.2,95.0,,,,
ECMWF,2026-08-28 12:00,2026-09-03 21:00,144,광주,1,24.1,66.0,,,,
ECMWF,2026-08-28 12:00,2026-09-04 03:00,150,광주,1,23.0,99.0,,,,
ECMWF,2026-08-28 12:00,2026-09-04 09:00,156,광주,1,24.3,99.0,,,,
ECMWF,2026-08-28 12:00,2026-09-04 15:00,162,광주,1,26.6,100.0,,,,
ECMWF,2026-08-28 12:00,2026-09-04 21:00,168,광주,1,21.5,2.0,,,,
ECMWF,2026-08-28 12:00,2026-09-05 03:00,174,광주,1,19.1,1.0,,,,
ECMWF,2026-08-28 12:00,2026-09-05 09:00,180,광주,1,23.6,0.0,,,,
ECMWF,2026-08-28 12:00,2026-09-05 15:00,186,광주,1,28.5,10.0,,,,
ECMWF,2026-08-28 12:00,2026-09-05 21:00,192,광주,1,21.4,0.0,,,,
ECMWF,2026-08-28 12:00,2026-09-06 03:00,198,광주,1,20.5,12.0,,,,
ECMWF,2026-08-28 12:00,2026-09-06 09:00,204,광주,1,23.0,1.0,,,,
ECMWF,2026-08-28 12:00,2026-09-06 15:00,210,광주,1,27.4,2.0,,,,
ECMWF,2026-08-28 12:00,2026-09-06 21:00,216,광주,1,21.5,1.0,,,,
ECMWF,2026-08-28 12:00,2026-09-07 03:00,222,광주,1,20.0,0.0,,,,
ECMWF,2026-08-28 12:00,2026-09-07 09:00,228,광주,1,24.0,0.0,,,,
ECMWF,2026-08-28 12:00,2026-09-07 15:00,234,광주,1,29.3,0.0,,,,
ECMWF,2026-08-28 12:00,2026-09-07 21:00,240,광주,1,22.0,0.0,,,,
ECMWF,2026-08-28 12:00,2026-08-28 21:00,0,부산,1,27.3,98.0,,,,
ECMWF,2026-08-28 12:00,2026-08-29 00:00,3,부산,1,28.8,66.0,,,,
ECMWF,2026-08-28 12:00,2026-08-29 03:00,6,부산,1,28.4,98.0,,,,
ECMWF,2026-08-28 12:00,2026-08-29 06:00,9,부산,1,27.8,74.0,,,,
ECMWF,2026-08-28 12:00,2026-08-29 09:00,12,부산,1,28.0,99.0,,,,
ECMWF,2026-08-28 12:00,2026-08-29 12:00,15,부산,1,28.7,95.0,,,,
ECMWF,2026-08-28 12:00,2026-08-29 15:00,18,부산,1,28.9,91.0,,,,
ECMWF,2026-08-28 12:00,2026-08-29 18:00,21,부산,1,28.2,61.0,,,,
ECMWF,2026-08-28 12:00,2026-08-29 21:00,24,부산,1,28.1,69.0,,,,
ECMWF,2026-08-28 12:00,2026-08-30 00:00,27,부산,1,27.5,97.0,,,,
ECMWF,2026-08-28 12:00,2026-08-30 03:00,30,부산,1,27.3,44.0,,,,
ECMWF,2026-08-28 12:00,2026-08-30 06:00,33,부산,1,27.4,52.0,,,,
ECMWF,2026-08-28 12:00,2026-08-30 09:00,36,부산,1,26.5,43.0,,,,
ECMWF,2026-08-28 12:00,2026-08-30 12:00,39,부산,1,27.7,32.0,,,,
ECMWF,2026-08-28 12:00,2026-08-30 15:00,42,부산,1,28.0,33.0,,,,
ECMWF,2026-08-28 12:00,2026-08-30 18:00,45,부산,1,27.5,59.0,,,,
ECMWF,2026-08-28 12:00,2026-08-30 21:00,48,부산,1,26.1,3.0,,,,
ECMWF,2026-08-28 12:00,2026-08-31 00:00,51,부산,1,26.2,13.0,,,,
ECMWF,2026-08-28 12:00,2026-08-31 03:00,54,부산,1,26.4,27.0,,,,
ECMWF,2026-08-28 12:00,2026-08-31 06:00,57,부산,1,26.0,19.0,,,,
ECMWF,2026-08-28 12:00,2026-08-31 09:00,60,부산,1,26.7,13.0,,,,
ECMWF,2026-08-28 12:00,2026-08-31 12:00,63,부산,1,27.5,4.0,,,,
ECMWF,2026-08-28 12:00,2026-08-31 15:00,66,부산,1,28.1,0.0,,,,
ECMWF,2026-08-28 12:00,2026-08-31 18:00,69,부산,1,28.3,1.0,,,,
ECMWF,2026-08-28 12:00,2026-08-31 21:00,72,부산,1,28.2,14.0,,,,
ECMWF,2026-08-28 12:00,2026-09-01 00:00,75,부산,1,27.7,3.0,,,,
ECMWF,2026-08-28 12:00,2026-09-01 03:00,78,부산,1,26.2,72.0,,,,
ECMWF,2026-08-28 12:00,2026-09-01 06:00,81,부산,1,25.2,96.0,,,,
ECMWF,2026-08-28 12:00,2026-09-01 09:00,84,부산,1,26.1,41.0,,,,
ECMWF,2026-08-28 12:00,2026-09-01 12:00,87,부산,1,26.9,8.0,,,,
ECMWF,2026-08-28 12:00,2026-09-01 15:00,90,부산,1,27.6,88.0,,,,
ECMWF,2026-08-28 12:00,2026-09-01 18:00,93,부산,1,27.0,61.0,,,,
ECMWF,2026-08-28 12:00,2026-09-01 21:00,96,부산,1,27.2,98.0,,,,
ECMWF,2026-08-28 12:00,2026-09-02 00:00,99,부산,1,27.4,98.0,,,,
ECMWF,2026-08-28 12:00,2026-09-02 03:00,102,부산,1,27.0,100.0,,,,
ECMWF,2026-08-28 12:00,2026-09-02 06:00,105,부산,1,26.5,99.0,,,,
ECMWF,2026-08-28 12:00,2026-09-02 09:00,108,부산,1,27.0,95.0,,,,
ECMWF,2026-08-28 12:00,2026-09-02 12:00,111,부산,1,27.3,86.0,,,,
ECMWF,2026-08-28 12:00,2026-09-02 15:00,114,부산,1,27.1,74.0,,,,
ECMWF,2026-08-28 12:00,2026-09-02 18:00,117,부산,1,28.5,95.0,,,,
ECMWF,2026-08-28 12:00,2026-09-02 21:00,120,부산,1,28.8,85.0,,,,
ECMWF,2026-08-28 12:00,2026-09-03 00:00,123,부산,1,26.9,73.0,,,,
ECMWF,2026-08-28 12:00,2026-09-03 03:00,126,부산,1,26.7,99.0,,,,
ECMWF,2026-08-28 12:00,2026-09-03 06:00,129,부산,1,26.3,97.0,,,,
ECMWF,2026-08-28 12:00,2026-09-03 09:00,132,부산,1,27.5,79.0,,,,
ECMWF,2026-08-28 12:00,2026-09-03 12:00,135,부산,1,28.0,67.0,,,,
ECMWF,2026-08-28 12:00,2026-09-03 15:00,138,부산,1,28.2,91.0,,,,
ECMWF,2026-08-28 12:00,2026-09-03 18:00,141,부산,1,27.7,95.0,,,,
ECMWF,2026-08-28 12:00,2026-09-03 21:00,144,부산,1,27.4,65.0,,,,
ECMWF,2026-08-28 12:00,2026-09-04 03:00,150,부산,1,26.7,98.0,,,,
ECMWF,2026-08-28 12:00,2026-09-04 09:00,156,부산,1,26.7,100.0,,,,
ECMWF,2026-08-28 12:00,2026-09-04 15:00,162,부산,1,26.1,100.0,,,,
ECMWF,2026-08-28 12:00,2026-09-04 21:00,168,부산,1,26.5,98.0,,,,
ECMWF,2026-08-28 12:00,2026-09-05 03:00,174,부산,1,26.2,46.0,,,,
ECMWF,2026-08-28 12:00,2026-09-05 09:00,180,부산,1,26.5,16.0,,,,
ECMWF,2026-08-28 12:00,2026-09-05 15:00,186,부산,1,27.2,74.0,,,,
ECMWF,2026-08-28 12:00,2026-09-05 21:00,192,부산,1,26.4,34.0,,,,
ECMWF,2026-08-28 12:00,2026-09-06 03:00,198,부산,1,25.3,85.0,,,,
ECMWF,2026-08-28 12:00,2026-09-06 09:00,204,부산,1,25.3,94.0,,,,
ECMWF,2026-08-28 12:00,2026-09-06 15:00,210,부산,1,25.4,95.0,,,,
ECMWF,2026-08-28 12:00,2026-09-06 21:00,216,부산,1,24.9,4.0,,,,
ECMWF,2026-08-28 12:00,2026-09-07 03:00,222,부산,1,24.7,19.0,,,,
ECMWF,2026-08-28 12:00,2026-09-07 09:00,228,부산,1,25.6,25.0,,,,
ECMWF,2026-08-28 12:00,2026-09-07 15:00,234,부산,1,28.6,25.0,,,,
ECMWF,2026-08-28 12:00,2026-09-07 21:00,240,부산,1,25.9,21.0,,,,
ECMWF,2026-08-28 12:00,2026-08-28 21:00,0,인천,0,26.0,92.0,,,,
ECMWF,2026-08-28 12:00,2026-08-29 00:00,3,인천,0,25.1,90.0,,,,
ECMWF,2026-08-28 12:00,2026-08-29 03:00,6,인천,0,24.5,95.0,,,,
ECMWF,2026-08-28 12:00,2026-08-29 06:00,9,인천,0,24.4,94.0,,,,
ECMWF,2026-08-28 12:00,2026-08-29 09:00,12,인천,0,26.8,56.0,,,,
ECMWF,2026-08-28 12:00,2026-08-29 12:00,15,인천,0,29.3,55.0,,,,
ECMWF,2026-08-28 12:00,2026-08-29 15:00,18,인천,0,29.5,15.0,,,,
ECMWF,2026-08-28 12:00,2026-08-29 18:00,21,인천,0,27.4,30.0,,,,
ECMWF,2026-08-28 12:00,2026-08-29 21:00,24,인천,0,25.2,52.0,,,,
ECMWF,2026-08-28 12:00,2026-08-30 00:00,27,인천,0,23.7,88.0,,,,
ECMWF,2026-08-28 12:00,2026-08-30 03:00,30,인천,0,23.1,95.0,,,,
ECMWF,2026-08-28 12:00,2026-08-30 06:00,33,인천,0,22.5,100.0,,,,
ECMWF,2026-08-28 12:00,2026-08-30 09:00,36,인천,0,24.1,98.0,,,,
ECMWF,2026-08-28 12:00,2026-08-30 12:00,39,인천,0,26.3,99.0,,,,
ECMWF,2026-08-28 12:00,2026-08-30 15:00,42,인천,0,26.4,100.0,,,,
ECMWF,2026-08-28 12:00,2026-08-30 18:00,45,인천,0,25.6,100.0,,,,
ECMWF,2026-08-28 12:00,2026-08-30 21:00,48,인천,0,24.3,95.0,,,,
ECMWF,2026-08-28 12:00,2026-08-31 00:00,51,인천,0,23.8,100.0,,,,
ECMWF,2026-08-28 12:00,2026-08-31 03:00,54,인천,0,22.8,100.0,,,,
ECMWF,2026-08-28 12:00,2026-08-31 06:00,57,인천,0,22.6,100.0,,,,
ECMWF,2026-08-28 12:00,2026-08-31 09:00,60,인천,0,22.9,100.0,,,,
ECMWF,2026-08-28 12:00,2026-08-31 12:00,63,인천,0,23.1,100.0,,,,
ECMWF,2026-08-28 12:00,2026-08-31 15:00,66,인천,0,24.1,100.0,,,,
ECMWF,2026-08-28 12:00,2026-08-31 18:00,69,인천,0,24.8,100.0,,,,
ECMWF,2026-08-28 12:00,2026-08-31 21:00,72,인천,0,23.7,98.0,,,,
ECMWF,2026-08-28 12:00,2026-09-01 00:00,75,인천,0,22.9,100.0,,,,
ECMWF,2026-08-28 12:00,2026-09-01 03:00,78,인천,0,22.6,100.0,,,,
ECMWF,2026-08-28 12:00,2026-09-01 06:00,81,인천,0,22.3,100.0,,,,
ECMWF,2026-08-28 12:00,2026-09-01 09:00,84,인천,0,22.9,100.0,,,,
ECMWF,2026-08-28 12:00,2026-09-01 12:00,87,인천,0,27.1,100.0,,,,
ECMWF,2026-08-28 12:00,2026-09-01 15:00,90,인천,0,26.1,100.0,,,,
ECMWF,2026-08-28 12:00,2026-09-01 18:00,93,인천,0,26.1,100.0,,,,
ECMWF,2026-08-28 12:00,2026-09-01 21:00,96,인천,0,24.5,99.0,,,,
ECMWF,2026-08-28 12:00,2026-09-02 00:00,99,인천,0,23.9,99.0,,,,
ECMWF,2026-08-28 12:00,2026-09-02 03:00,102,인천,0,22.9,100.0,,,,
ECMWF,2026-08-28 12:00,2026-09-02 06:00,105,인천,0,22.1,100.0,,,,
ECMWF,2026-08-28 12:00,2026-09-02 09:00,108,인천,0,24.2,91.0,,,,
ECMWF,2026-08-28 12:00,2026-09-02 12:00,111,인천,0,27.4,98.0,,,,
ECMWF,2026-08-28 12:00,2026-09-02 15:00,114,인천,0,28.0,99.0,,,,
ECMWF,2026-08-28 12:00,2026-09-02 18:00,117,인천,0,25.8,100.0,,,,
ECMWF,2026-08-28 12:00,2026-09-02 21:00,120,인천,0,23.6,100.0,,,,
ECMWF,2026-08-28 12:00,2026-09-03 00:00,123,인천,0,21.5,99.0,,,,
ECMWF,2026-08-28 12:00,2026-09-03 03:00,126,인천,0,20.7,98.0,,,,
ECMWF,2026-08-28 12:00,2026-09-03 06:00,129,인천,0,20.3,100.0,,,,
ECMWF,2026-08-28 12:00,2026-09-03 09:00,132,인천,0,23.5,100.0,,,,
ECMWF,2026-08-28 12:00,2026-09-03 12:00,135,인천,0,28.2,99.0,,,,
ECMWF,2026-08-28 12:00,2026-09-03 15:00,138,인천,0,29.9,20.0,,,,
ECMWF,2026-08-28 12:00,2026-09-03 18:00,141,인천,0,28.8,99.0,,,,
ECMWF,2026-08-28 12:00,2026-09-03 21:00,144,인천,0,25.8,91.0,,,,
ECMWF,2026-08-28 12:00,2026-09-04 03:00,150,인천,0,22.9,97.0,,,,
ECMWF,2026-08-28 12:00,2026-09-04 09:00,156,인천,0,24.6,9.0,,,,
ECMWF,2026-08-28 12:00,2026-09-04 15:00,162,인천,0,28.8,1.0,,,,
ECMWF,2026-08-28 12:00,2026-09-04 21:00,168,인천,0,22.5,0.0,,,,
ECMWF,2026-08-28 12:00,2026-09-05 03:00,174,인천,0,19.3,0.0,,,,
ECMWF,2026-08-28 12:00,2026-09-05 09:00,180,인천,0,22.7,0.0,,,,
ECMWF,2026-08-28 12:00,2026-09-05 15:00,186,인천,0,28.5,40.0,,,,
ECMWF,2026-08-28 12:00,2026-09-05 21:00,192,인천,0,22.2,1.0,,,,
ECMWF,2026-08-28 12:00,2026-09-06 03:00,198,인천,0,19.0,1.0,,,,
ECMWF,2026-08-28 12:00,2026-09-06 09:00,204,인천,0,21.9,1.0,,,,
ECMWF,2026-08-28 12:00,2026-09-06 15:00,210,인천,0,26.7,6.0,,,,
ECMWF,2026-08-28 12:00,2026-09-06 21:00,216,인천,0,20.6,31.0,,,,
ECMWF,2026-08-28 12:00,2026-09-07 03:00,222,인천,0,17.9,3.0,,,,
ECMWF,2026-08-28 12:00,2026-09-07 09:00,228,인천,0,23.3,1.0,,,,
ECMWF,2026-08-28 12:00,2026-09-07 15:00,234,인천,0,28.5,12.0,,,,
ECMWF,2026-08-28 12:00,2026-09-07 21:00,240,인천,0,22.0,0.0,,,,
ECMWF,2026-08-28 12:00,2026-08-28 21:00,0,수원,0,24.8,62.0,,,,
ECMWF,2026-08-28 12:00,2026-08-29 00:00,3,수원,0,24.4,100.0,,,,
ECMWF,2026-08-28 12:00,2026-08-29 03:00,6,수원,0,24.0,98.0,,,,
ECMWF,2026-08-28 12:00,2026-08-29 06:00,9,수원,0,24.1,100.0,,,,
ECMWF,2026-08-28 12:00,2026-08-29 09:00,12,수원,0,25.7,83.0,,,,
ECMWF,2026-08-28 12:00,2026-08-29 12:00,15,수원,0,28.8,39.0,,,,
ECMWF,2026-08-28 12:00,2026-08-29 15:00,18,수원,0,29.3,6.0,,,,
ECMWF,2026-08-28 12:00,2026-08-29 18:00,21,수원,0,26.8,25.0,,,,
ECMWF,2026-08-28 12:00,2026-08-29 21:00,24,수원,0,24.1,5.0,,,,
ECMWF,2026-08-28 12:00,2026-08-30 00:00,27,수원,0,23.3,61.0,,,,
ECMWF,2026-08-28 12:00,2026-08-30 03:00,30,수원,0,22.9,91.0,,,,
ECMWF,2026-08-28 12:00,2026-08-30 06:00,33,수원,0,22.5,90.0,,,,
ECMWF,2026-08-28 12:00,2026-08-30 09:00,36,수원,0,23.6,100.0,,,,
ECMWF,2026-08-28 12:00,2026-08-30 12:00,39,수원,0,24.5,89.0,,,,
ECMWF,2026-08-28 12:00,2026-08-30 15:00,42,수원,0,26.0,99.0,,,,
ECMWF,2026-08-28 12:00,2026-08-30 18:00,45,수원,0,24.3,97.0,,,,
ECMWF,2026-08-28 12:00,2026-08-30 21:00,48,수원,0,23.1,69.0,,,,
ECMWF,2026-08-28 12:00,2026-08-31 00:00,51,수원,0,22.8,100.0,,,,
ECMWF,2026-08-28 12:00,2026-08-31 03:00,54,수원,0,22.6,100.0,,,,
ECMWF,2026-08-28 12:00,2026-08-31 06:00,57,수원,0,22.0,100.0,,,,
ECMWF,2026-08-28 12:00,2026-08-31 09:00,60,수원,0,22.8,100.0,,,,
ECMWF,2026-08-28 12:00,2026-08-31 12:00,63,수원,0,23.3,100.0,,,,
ECMWF,2026-08-28 12:00,2026-08-31 15:00,66,수원,0,24.0,99.0,,,,
ECMWF,2026-08-28 12:00,2026-08-31 18:00,69,수원,0,24.2,94.0,,,,
ECMWF,2026-08-28 12:00,2026-08-31 21:00,72,수원,0,22.9,91.0,,,,
ECMWF,2026-08-28 12:00,2026-09-01 00:00,75,수원,0,22.3,99.0,,,,
ECMWF,2026-08-28 12:00,2026-09-01 03:00,78,수원,0,22.3,91.0,,,,
ECMWF,2026-08-28 12:00,2026-09-01 06:00,81,수원,0,21.5,100.0,,,,
ECMWF,2026-08-28 12:00,2026-09-01 09:00,84,수원,0,23.6,100.0,,,,
ECMWF,2026-08-28 12:00,2026-09-01 12:00,87,수원,0,28.2,95.0,,,,
ECMWF,2026-08-28 12:00,2026-09-01 15:00,90,수원,0,27.6,100.0,,,,
ECMWF,2026-08-28 12:00,2026-09-01 18:00,93,수원,0,25.8,100.0,,,,
ECMWF,2026-08-28 12:00,2026-09-01 21:00,96,수원,0,24.4,100.0,,,,
ECMWF,2026-08-28 12:00,2026-09-02 00:00,99,수원,0,23.6,99.0,,,,
ECMWF,2026-08-28 12:00,2026-09-02 03:00,102,수원,0,22.8,98.0,,,,
ECMWF,2026-08-28 12:00,2026-09-02 06:00,105,수원,0,22.1,100.0,,,,
ECMWF,2026-08-28 12:00,2026-09-02 09:00,108,수원,0,23.9,100.0,,,,
ECMWF,2026-08-28 12:00,2026-09-02 12:00,111,수원,0,27.0,100.0,,,,
ECMWF,2026-08-28 12:00,2026-09-02 15:00,114,수원,0,28.1,97.0,,,,
ECMWF,2026-08-28 12:00,2026-09-02 18:00,117,수원,0,25.3,100.0,,,,
ECMWF,2026-08-28 12:00,2026-09-02 21:00,120,수원,0,22.8,100.0,,,,
ECMWF,2026-08-28 12:00,2026-09-03 00:00,123,수원,0,21.9,100.0,,,,
ECMWF,2026-08-28 12:00,2026-09-03 03:00,126,수원,0,20.7,92.0,,,,
ECMWF,2026-08-28 12:00,2026-09-03 06:00,129,수원,0,20.5,99.0,,,,
ECMWF,2026-08-28 12:00,2026-09-03 09:00,132,수원,0,25.2,100.0,,,,
ECMWF,2026-08-28 12:00,2026-09-03 12:00,135,수원,0,29.1,98.0,,,,
ECMWF,2026-08-28 12:00,2026-09-03 15:00,138,수원,0,30.7,41.0,,,,
ECMWF,2026-08-28 12:00,2026-09-03 18:00,141,수원,0,28.1,98.0,,,,
ECMWF,2026-08-28 12:00,2026-09-03 21:00,144,수원,0,24.7,100.0,,,,
ECMWF,2026-08-28 12:00,2026-09-04 03:00,150,수원,0,22.9,98.0,,,,
ECMWF,2026-08-28 12:00,2026-09-04 09:00,156,수원,0,24.6,17.0,,,,
ECMWF,2026-08-28 12:00,2026-09-04 15:00,162,수원,0,28.9,54.0,,,,
ECMWF,2026-08-28 12:00,2026-09-04 21:00,168,수원,0,22.1,2.0,,,,
ECMWF,2026-08-28 12:00,2026-09-05 03:00,174,수원,0,19.1,0.0,,,,
ECMWF,2026-08-28 12:00,2026-09-05 09:00,180,수원,0,22.8,0.0,,,,
ECMWF,2026-08-28 12:00,2026-09-05 15:00,186,수원,0,28.0,54.0,,,,
ECMWF,2026-08-28 12:00,2026-09-05 21:00,192,수원,0,21.7,1.0,,,,
ECMWF,2026-08-28 12:00,2026-09-06 03:00,198,수원,0,18.9,0.0,,,,
ECMWF,2026-08-28 12:00,2026-09-06 09:00,204,수원,0,22.0,1.0,,,,
ECMWF,2026-08-28 12:00,2026-09-06 15:00,210,수원,0,26.7,6.0,,,,
ECMWF,2026-08-28 12:00,2026-09-06 21:00,216,수원,0,20.3,13.0,,,,
ECMWF,2026-08-28 12:00,2026-09-07 03:00,222,수원,0,18.4,3.0,,,,
ECMWF,2026-08-28 12:00,2026-09-07 09:00,228,수원,0,23.4,2.0,,,,
ECMWF,2026-08-28 12:00,2026-09-07 15:00,234,수원,0,28.3,10.0,,,,
ECMWF,2026-08-28 12:00,2026-09-07 21:00,240,수원,0,22.2,2.0,,,,
ECMWF,2026-08-28 12:00,2026-08-28 21:00,0,전주,0,25.9,55.0,,,,
ECMWF,2026-08-28 12:00,2026-08-29 00:00,3,전주,0,25.4,52.0,,,,
ECMWF,2026-08-28 12:00,2026-08-29 03:00,6,전주,0,24.9,91.0,,,,
ECMWF,2026-08-28 12:00,2026-08-29 06:00,9,전주,0,24.7,91.0,,,,
ECMWF,2026-08-28 12:00,2026-08-29 09:00,12,전주,0,27.0,96.0,,,,
ECMWF,2026-08-28 12:00,2026-08-29 12:00,15,전주,0,30.4,96.0,,,,
ECMWF,2026-08-28 12:00,2026-08-29 15:00,18,전주,0,28.6,22.0,,,,
ECMWF,2026-08-28 12:00,2026-08-29 18:00,21,전주,0,27.0,95.0,,,,
ECMWF,2026-08-28 12:00,2026-08-29 21:00,24,전주,0,24.1,90.0,,,,
ECMWF,2026-08-28 12:00,2026-08-30 00:00,27,전주,0,24.2,97.0,,,,
ECMWF,2026-08-28 12:00,2026-08-30 03:00,30,전주,0,23.6,88.0,,,,
ECMWF,2026-08-28 12:00,2026-08-30 06:00,33,전주,0,23.2,82.0,,,,
ECMWF,2026-08-28 12:00,2026-08-30 09:00,36,전주,0,24.6,100.0,,,,
ECMWF,2026-08-28 12:00,2026-08-30 12:00,39,전주,0,28.1,84.0,,,,
ECMWF,2026-08-28 12:00,2026-08-30 15:00,42,전주,0,29.5,66.0,,,,
ECMWF,2026-08-28 12:00,2026-08-30 18:00,45,전주,0,25.5,45.0,,,,
ECMWF,2026-08-28 12:00,2026-08-30 21:00,48,전주,0,24.6,100.0,,,,
ECMWF,2026-08-28 12:00,2026-08-31 00:00,51,전주,0,23.9,51.0,,,,
ECMWF,2026-08-28 12:00,2026-08-31 03:00,54,전주,0,23.3,99.0,,,,
ECMWF,2026-08-28 12:00,2026-08-31 06:00,57,전주,0,23.0,92.0,,,,
ECMWF,2026-08-28 12:00,2026-08-31 09:00,60,전주,0,26.2,81.0,,,,
ECMWF,2026-08-28 12:00,2026-08-31 12:00,63,전주,0,27.7,82.0,,,,
ECMWF,2026-08-28 12:00,2026-08-31 15:00,66,전주,0,26.1,81.0,,,,
ECMWF,2026-08-28 12:00,2026-08-31 18:00,69,전주,0,27.0,100.0,,,,
ECMWF,2026-08-28 12:00,2026-08-31 21:00,72,전주,0,24.8,62.0,,,,
ECMWF,2026-08-28 12:00,2026-09-01 00:00,75,전주,0,24.5,31.0,,,,
ECMWF,2026-08-28 12:00,2026-09-01 03:00,78,전주,0,23.6,12.0,,,,
ECMWF,2026-08-28 12:00,2026-09-01 06:00,81,전주,0,23.6,83.0,,,,
ECMWF,2026-08-28 12:00,2026-09-01 09:00,84,전주,0,27.5,91.0,,,,
ECMWF,2026-08-28 12:00,2026-09-01 12:00,87,전주,0,30.1,62.0,,,,
ECMWF,2026-08-28 12:00,2026-09-01 15:00,90,전주,0,30.3,100.0,,,,
ECMWF,2026-08-28 12:00,2026-09-01 18:00,93,전주,0,28.0,100.0,,,,
ECMWF,2026-08-28 12:00,2026-09-01 21:00,96,전주,0,25.0,100.0,,,,
ECMWF,2026-08-28 12:00,2026-09-02 00:00,99,전주,0,24.5,100.0,,,,
ECMWF,2026-08-28 12:00,2026-09-02 03:00,102,전주,0,24.1,99.0,,,,
ECMWF,2026-08-28 12:00,2026-09-02 06:00,105,전주,0,23.5,100.0,,,,
ECMWF,2026-08-28 12:00,2026-09-02 09:00,108,전주,0,25.9,99.0,,,,
ECMWF,2026-08-28 12:00,2026-09-02 12:00,111,전주,0,28.2,90.0,,,,
ECMWF,2026-08-28 12:00,2026-09-02 15:00,114,전주,0,26.5,98.0,,,,
ECMWF,2026-08-28 12:00,2026-09-02 18:00,117,전주,0,26.5,100.0,,,,
ECMWF,2026-08-28 12:00,2026-09-02 21:00,120,전주,0,24.3,100.0,,,,
ECMWF,2026-08-28 12:00,2026-09-03 00:00,123,전주,0,23.5,100.0,,,,
ECMWF,2026-08-28 12:00,2026-09-03 03:00,126,전주,0,22.8,97.0,,,,
ECMWF,2026-08-28 12:00,2026-09-03 06:00,129,전주,0,22.3,100.0,,,,
ECMWF,2026-08-28 12:00,2026-09-03 09:00,132,전주,0,25.6,95.0,,,,
ECMWF,2026-08-28 12:00,2026-09-03 12:00,135,전주,0,30.2,89.0,,,,
ECMWF,2026-08-28 12:00,2026-09-03 15:00,138,전주,0,30.3,95.0,,,,
ECMWF,2026-08-28 12:00,2026-09-03 18:00,141,전주,0,27.6,91.0,,,,
ECMWF,2026-08-28 12:00,2026-09-03 21:00,144,전주,0,25.2,99.0,,,,
ECMWF,2026-08-28 12:00,2026-09-04 03:00,150,전주,0,23.5,100.0,,,,
ECMWF,2026-08-28 12:00,2026-09-04 09:00,156,전주,0,24.6,100.0,,,,
ECMWF,2026-08-28 12:00,2026-09-04 15:00,162,전주,0,29.1,98.0,,,,
ECMWF,2026-08-28 12:00,2026-09-04 21:00,168,전주,0,22.1,0.0,,,,
ECMWF,2026-08-28 12:00,2026-09-05 03:00,174,전주,0,18.4,0.0,,,,
ECMWF,2026-08-28 12:00,2026-09-05 09:00,180,전주,0,23.6,1.0,,,,
ECMWF,2026-08-28 12:00,2026-09-05 15:00,186,전주,0,28.6,9.0,,,,
ECMWF,2026-08-28 12:00,2026-09-05 21:00,192,전주,0,21.8,1.0,,,,
ECMWF,2026-08-28 12:00,2026-09-06 03:00,198,전주,0,19.6,3.0,,,,
ECMWF,2026-08-28 12:00,2026-09-06 09:00,204,전주,0,23.0,2.0,,,,
ECMWF,2026-08-28 12:00,2026-09-06 15:00,210,전주,0,27.6,0.0,,,,
ECMWF,2026-08-28 12:00,2026-09-06 21:00,216,전주,0,21.3,1.0,,,,
ECMWF,2026-08-28 12:00,2026-09-07 03:00,222,전주,0,18.3,0.0,,,,
ECMWF,2026-08-28 12:00,2026-09-07 09:00,228,전주,0,22.3,0.0,,,,
ECMWF,2026-08-28 12:00,2026-09-07 15:00,234,전주,0,27.8,1.0,,,,
ECMWF,2026-08-28 12:00,2026-09-07 21:00,240,전주,0,22.5,2.0,,,,
ECMWF,2026-08-28 12:00,2026-08-28 21:00,0,강릉,0,23.8,100.0,,,,
ECMWF,2026-08-28 12:00,2026-08-29 00:00,3,강릉,0,23.6,100.0,,,,
ECMWF,2026-08-28 12:00,2026-08-29 03:00,6,강릉,0,23.7,100.0,,,,
ECMWF,2026-08-28 12:00,2026-08-29 06:00,9,강릉,0,23.6,100.0,,,,
ECMWF,2026-08-28 12:00,2026-08-29 09:00,12,강릉,0,25.5,74.0,,,,
ECMWF,2026-08-28 12:00,2026-08-29 12:00,15,강릉,0,26.5,77.0,,,,
ECMWF,2026-08-28 12:00,2026-08-29 15:00,18,강릉,0,25.6,63.0,,,,
ECMWF,2026-08-28 12:00,2026-08-29 18:00,21,강릉,0,24.3,83.0,,,,
ECMWF,2026-08-28 12:00,2026-08-29 21:00,24,강릉,0,22.9,73.0,,,,
ECMWF,2026-08-28 12:00,2026-08-30 00:00,27,강릉,0,23.0,100.0,,,,
ECMWF,2026-08-28 12:00,2026-08-30 03:00,30,강릉,0,23.2,77.0,,,,
ECMWF,2026-08-28 12:00,2026-08-30 06:00,33,강릉,0,22.7,100.0,,,,
ECMWF,2026-08-28 12:00,2026-08-30 09:00,36,강릉,0,23.2,100.0,,,,
ECMWF,2026-08-28 12:00,2026-08-30 12:00,39,강릉,0,24.3,100.0,,,,
ECMWF,2026-08-28 12:00,2026-08-30 15:00,42,강릉,0,25.5,88.0,,,,
ECMWF,2026-08-28 12:00,2026-08-30 18:00,45,강릉,0,24.6,99.0,,,,
ECMWF,2026-08-28 12:00,2026-08-30 21:00,48,강릉,0,24.0,99.0,,,,
ECMWF,2026-08-28 12:00,2026-08-31 00:00,51,강릉,0,23.7,100.0,,,,
ECMWF,2026-08-28 12:00,2026-08-31 03:00,54,강릉,0,23.2,100.0,,,,
ECMWF,2026-08-28 12:00,2026-08-31 06:00,57,강릉,0,23.0,100.0,,,,
ECMWF,2026-08-28 12:00,2026-08-31 09:00,60,강릉,0,23.5,100.0,,,,
ECMWF,2026-08-28 12:00,2026-08-31 12:00,63,강릉,0,23.8,100.0,,,,
ECMWF,2026-08-28 12:00,2026-08-31 15:00,66,강릉,0,24.1,100.0,,,,
ECMWF,2026-08-28 12:00,2026-08-31 18:00,69,강릉,0,24.1,94.0,,,,
ECMWF,2026-08-28 12:00,2026-08-31 21:00,72,강릉,0,23.3,100.0,,,,
ECMWF,2026-08-28 12:00,2026-09-01 00:00,75,강릉,0,22.6,100.0,,,,
ECMWF,2026-08-28 12:00,2026-09-01 03:00,78,강릉,0,22.7,95.0,,,,
ECMWF,2026-08-28 12:00,2026-09-01 06:00,81,강릉,0,22.8,100.0,,,,
ECMWF,2026-08-28 12:00,2026-09-01 09:00,84,강릉,0,24.4,100.0,,,,
ECMWF,2026-08-28 12:00,2026-09-01 12:00,87,강릉,0,27.2,98.0,,,,
ECMWF,2026-08-28 12:00,2026-09-01 15:00,90,강릉,0,26.6,98.0,,,,
ECMWF,2026-08-28 12:00,2026-09-01 18:00,93,강릉,0,26.1,99.0,,,,
ECMWF,2026-08-28 12:00,2026-09-01 21:00,96,강릉,0,24.9,99.0,,,,
ECMWF,2026-08-28 12:00,2026-09-02 00:00,99,강릉,0,24.3,98.0,,,,
ECMWF,2026-08-28 12:00,2026-09-02 03:00,102,강릉,0,23.4,100.0,,,,
ECMWF,2026-08-28 12:00,2026-09-02 06:00,105,강릉,0,23.1,100.0,,,,
ECMWF,2026-08-28 12:00,2026-09-02 09:00,108,강릉,0,23.7,100.0,,,,
ECMWF,2026-08-28 12:00,2026-09-02 12:00,111,강릉,0,24.2,99.0,,,,
ECMWF,2026-08-28 12:00,2026-09-02 15:00,114,강릉,0,24.3,100.0,,,,
ECMWF,2026-08-28 12:00,2026-09-02 18:00,117,강릉,0,23.9,100.0,,,,
ECMWF,2026-08-28 12:00,2026-09-02 21:00,120,강릉,0,23.0,100.0,,,,
ECMWF,2026-08-28 12:00,2026-09-03 00:00,123,강릉,0,23.1,100.0,,,,
ECMWF,2026-08-28 12:00,2026-09-03 03:00,126,강릉,0,22.9,100.0,,,,
ECMWF,2026-08-28 12:00,2026-09-03 06:00,129,강릉,0,22.9,99.0,,,,
ECMWF,2026-08-28 12:00,2026-09-03 09:00,132,강릉,0,23.7,98.0,,,,
ECMWF,2026-08-28 12:00,2026-09-03 12:00,135,강릉,0,24.6,100.0,,,,
ECMWF,2026-08-28 12:00,2026-09-03 15:00,138,강릉,0,25.2,100.0,,,,
ECMWF,2026-08-28 12:00,2026-09-03 18:00,141,강릉,0,24.6,100.0,,,,
ECMWF,2026-08-28 12:00,2026-09-03 21:00,144,강릉,0,24.0,100.0,,,,
ECMWF,2026-08-28 12:00,2026-09-04 03:00,150,강릉,0,23.2,85.0,,,,
ECMWF,2026-08-28 12:00,2026-09-04 09:00,156,강릉,0,24.2,25.0,,,,
ECMWF,2026-08-28 12:00,2026-09-04 15:00,162,강릉,0,24.6,40.0,,,,
ECMWF,2026-08-28 12:00,2026-09-04 21:00,168,강릉,0,23.3,22.0,,,,
ECMWF,2026-08-28 12:00,2026-09-05 03:00,174,강릉,0,22.5,21.0,,,,
ECMWF,2026-08-28 12:00,2026-09-05 09:00,180,강릉,0,23.5,45.0,,,,
ECMWF,2026-08-28 12:00,2026-09-05 15:00,186,강릉,0,24.0,49.0,,,,
ECMWF,2026-08-28 12:00,2026-09-05 21:00,192,강릉,0,22.5,14.0,,,,
ECMWF,2026-08-28 12:00,2026-09-06 03:00,198,강릉,0,21.5,30.0,,,,
ECMWF,2026-08-28 12:00,2026-09-06 09:00,204,강릉,0,22.8,51.0,,,,
ECMWF,2026-08-28 12:00,2026-09-06 15:00,210,강릉,0,23.0,59.0,,,,
ECMWF,2026-08-28 12:00,2026-09-06 21:00,216,강릉,0,22.0,23.0,,,,
ECMWF,2026-08-28 12:00,2026-09-07 03:00,222,강릉,0,22.0,30.0,,,,
ECMWF,2026-08-28 12:00,2026-09-07 09:00,228,강릉,0,23.3,20.0,,,,
ECMWF,2026-08-28 12:00,2026-09-07 15:00,234,강릉,0,23.5,45.0,,,,
ECMWF,2026-08-28 12:00,2026-09-07 21:00,240,강릉,0,22.5,59.0,,,,
ECMWF,2026-08-28 12:00,2026-08-28 21:00,0,제주,0,27.3,25.0,,,,
ECMWF,2026-08-28 12:00,2026-08-29 00:00,3,제주,0,26.7,80.0,,,,
ECMWF,2026-08-28 12:00,2026-08-29 03:00,6,제주,0,26.6,84.0,,,,
ECMWF,2026-08-28 12:00,2026-08-29 06:00,9,제주,0,25.4,98.0,,,,
ECMWF,2026-08-28 12:00,2026-08-29 09:00,12,제주,0,27.0,98.0,,,,
ECMWF,2026-08-28 12:00,2026-08-29 12:00,15,제주,0,27.1,98.0,,,,
ECMWF,2026-08-28 12:00,2026-08-29 15:00,18,제주,0,27.2,100.0,,,,
ECMWF,2026-08-28 12:00,2026-08-29 18:00,21,제주,0,27.0,100.0,,,,
ECMWF,2026-08-28 12:00,2026-08-29 21:00,24,제주,0,26.1,73.0,,,,
ECMWF,2026-08-28 12:00,2026-08-30 00:00,27,제주,0,26.1,84.0,,,,
ECMWF,2026-08-28 12:00,2026-08-30 03:00,30,제주,0,26.3,38.0,,,,
ECMWF,2026-08-28 12:00,2026-08-30 06:00,33,제주,0,25.7,77.0,,,,
ECMWF,2026-08-28 12:00,2026-08-30 09:00,36,제주,0,26.6,70.0,,,,
ECMWF,2026-08-28 12:00,2026-08-30 12:00,39,제주,0,26.5,73.0,,,,
ECMWF,2026-08-28 12:00,2026-08-30 15:00,42,제주,0,27.3,24.0,,,,
ECMWF,2026-08-28 12:00,2026-08-30 18:00,45,제주,0,27.1,16.0,,,,
ECMWF,2026-08-28 12:00,2026-08-30 21:00,48,제주,0,25.5,75.0,,,,
ECMWF,2026-08-28 12:00,2026-08-31 00:00,51,제주,0,25.8,89.0,,,,
ECMWF,2026-08-28 12:00,2026-08-31 03:00,54,제주,0,25.6,92.0,,,,
ECMWF,2026-08-28 12:00,2026-08-31 06:00,57,제주,0,25.3,44.0,,,,
ECMWF,2026-08-28 12:00,2026-08-31 09:00,60,제주,0,26.9,23.0,,,,
ECMWF,2026-08-28 12:00,2026-08-31 12:00,63,제주,0,27.7,30.0,,,,
ECMWF,2026-08-28 12:00,2026-08-31 15:00,66,제주,0,28.3,6.0,,,,
ECMWF,2026-08-28 12:00,2026-08-31 18:00,69,제주,0,27.8,8.0,,,,
ECMWF,2026-08-28 12:00,2026-08-31 21:00,72,제주,0,24.6,83.0,,,,
ECMWF,2026-08-28 12:00,2026-09-01 00:00,75,제주,0,24.1,66.0,,,,
ECMWF,2026-08-28 12:00,2026-09-01 03:00,78,제주,0,24.2,68.0,,,,
ECMWF,2026-08-28 12:00,2026-09-01 06:00,81,제주,0,23.9,72.0,,,,
ECMWF,2026-08-28 12:00,2026-09-01 09:00,84,제주,0,26.7,84.0,,,,
ECMWF,2026-08-28 12:00,2026-09-01 12:00,87,제주,0,27.8,88.0,,,,
ECMWF,2026-08-28 12:00,2026-09-01 15:00,90,제주,0,27.1,100.0,,,,
ECMWF,2026-08-28 12:00,2026-09-01 18:00,93,제주,0,26.9,99.0,,,,
ECMWF,2026-08-28 12:00,2026-09-01 21:00,96,제주,0,24.8,100.0,,,,
ECMWF,2026-08-28 12:00,2026-09-02 00:00,99,제주,0,24.0,98.0,,,,
ECMWF,2026-08-28 12:00,2026-09-02 03:00,102,제주,0,24.5,95.0,,,,
ECMWF,2026-08-28 12:00,2026-09-02 06:00,105,제주,0,24.5,87.0,,,,
ECMWF,2026-08-28 12:00,2026-09-02 09:00,108,제주,0,26.8,99.0,,,,
ECMWF,2026-08-28 12:00,2026-09-02 12:00,111,제주,0,28.3,51.0,,,,
ECMWF,2026-08-28 12:00,2026-09-02 15:00,114,제주,0,28.4,69.0,,,,
ECMWF,2026-08-28 12:00,2026-09-02 18:00,117,제주,0,26.0,84.0,,,,
ECMWF,2026-08-28 12:00,2026-09-02 21:00,120,제주,0,25.4,76.0,,,,
ECMWF,2026-08-28 12:00,2026-09-03 00:00,123,제주,0,23.6,90.0,,,,
ECMWF,2026-08-28 12:00,2026-09-03 03:00,126,제주,0,23.7,99.0,,,,
ECMWF,2026-08-28 12:00,2026-09-03 06:00,129,제주,0,24.1,99.0,,,,
ECMWF,2026-08-28 12:00,2026-09-03 09:00,132,제주,0,27.5,77.0,,,,
ECMWF,2026-08-28 12:00,2026-09-03 12:00,135,제주,0,28.8,83.0,,,,
ECMWF,2026-08-28 12:00,2026-09-03 15:00,138,제주,0,27.8,66.0,,,,
ECMWF,2026-08-28 12:00,2026-09-03 18:00,141,제주,0,27.0,98.0,,,,
ECMWF,2026-08-28 12:00,2026-09-03 21:00,144,제주,0,26.2,84.0,,,,
ECMWF,2026-08-28 12:00,2026-09-04 03:00,150,제주,0,25.2,97.0,,,,
ECMWF,2026-08-28 12:00,2026-09-04 09:00,156,제주,0,25.6,98.0,,,,
ECMWF,2026-08-28 12:00,2026-09-04 15:00,162,제주,0,25.5,97.0,,,,
ECMWF,2026-08-28 12:00,2026-09-04 21:00,168,제주,0,24.3,88.0,,,,
ECMWF,2026-08-28 12:00,2026-09-05 03:00,174,제주,0,24.5,99.0,,,,
ECMWF,2026-08-28 12:00,2026-09-05 09:00,180,제주,0,25.0,97.0,,,,
ECMWF,2026-08-28 12:00,2026-09-05 15:00,186,제주,0,25.2,92.0,,,,
ECMWF,2026-08-28 12:00,2026-09-05 21:00,192,제주,0,24.6,100.0,,,,
ECMWF,2026-08-28 12:00,2026-09-06 03:00,198,제주,0,23.8,84.0,,,,
ECMWF,2026-08-28 12:00,2026-09-06 09:00,204,제주,0,22.9,99.0,,,,
ECMWF,2026-08-28 12:00,2026-09-06 15:00,210,제주,0,25.8,83.0,,,,
ECMWF,2026-08-28 12:00,2026-09-06 21:00,216,제주,0,23.5,91.0,,,,
ECMWF,2026-08-28 12:00,2026-09-07 03:00,222,제주,0,22.8,49.0,,,,
ECMWF,2026-08-28 12:00,2026-09-07 09:00,228,제주,0,24.3,5.0,,,,
ECMWF,2026-08-28 12:00,2026-09-07 15:00,234,제주,0,25.0,0.0,,,,
ECMWF,2026-08-28 12:00,2026-09-07 21:00,240,제주,0,23.5,30.0,,,,
ECMWF,2026-08-28 12:00,2026-08-28 21:00,0,나주,0,26.8,20.0,,,,
ECMWF,2026-08-28 12:00,2026-08-29 00:00,3,나주,0,26.0,88.0,,,,
ECMWF,2026-08-28 12:00,2026-08-29 03:00,6,나주,0,25.0,88.0,,,,
ECMWF,2026-08-28 12:00,2026-08-29 06:00,9,나주,0,24.9,89.0,,,,
ECMWF,2026-08-28 12:00,2026-08-29 09:00,12,나주,0,27.1,99.0,,,,
ECMWF,2026-08-28 12:00,2026-08-29 12:00,15,나주,0,30.9,99.0,,,,
ECMWF,2026-08-28 12:00,2026-08-29 15:00,18,나주,0,30.0,99.0,,,,
ECMWF,2026-08-28 12:00,2026-08-29 18:00,21,나주,0,27.4,91.0,,,,
ECMWF,2026-08-28 12:00,2026-08-29 21:00,24,나주,0,25.5,91.0,,,,
ECMWF,2026-08-28 12:00,2026-08-30 00:00,27,나주,0,24.6,77.0,,,,
ECMWF,2026-08-28 12:00,2026-08-30 03:00,30,나주,0,23.3,97.0,,,,
ECMWF,2026-08-28 12:00,2026-08-30 06:00,33,나주,0,23.5,48.0,,,,
ECMWF,2026-08-28 12:00,2026-08-30 09:00,36,나주,0,24.4,24.0,,,,
ECMWF,2026-08-28 12:00,2026-08-30 12:00,39,나주,0,29.1,87.0,,,,
ECMWF,2026-08-28 12:00,2026-08-30 15:00,42,나주,0,30.7,46.0,,,,
ECMWF,2026-08-28 12:00,2026-08-30 18:00,45,나주,0,26.3,51.0,,,,
ECMWF,2026-08-28 12:00,2026-08-30 21:00,48,나주,0,25.8,59.0,,,,
ECMWF,2026-08-28 12:00,2026-08-31 00:00,51,나주,0,24.4,87.0,,,,
ECMWF,2026-08-28 12:00,2026-08-31 03:00,54,나주,0,23.5,84.0,,,,
ECMWF,2026-08-28 12:00,2026-08-31 06:00,57,나주,0,23.4,55.0,,,,
ECMWF,2026-08-28 12:00,2026-08-31 09:00,60,나주,0,27.3,53.0,,,,
ECMWF,2026-08-28 12:00,2026-08-31 12:00,63,나주,0,31.1,63.0,,,,
ECMWF,2026-08-28 12:00,2026-08-31 15:00,66,나주,0,31.7,49.0,,,,
ECMWF,2026-08-28 12:00,2026-08-31 18:00,69,나주,0,29.2,69.0,,,,
ECMWF,2026-08-28 12:00,2026-08-31 21:00,72,나주,0,26.0,98.0,,,,
ECMWF,2026-08-28 12:00,2026-09-01 00:00,75,나주,0,24.6,9.0,,,,
ECMWF,2026-08-28 12:00,2026-09-01 03:00,78,나주,0,24.8,67.0,,,,
ECMWF,2026-08-28 12:00,2026-09-01 06:00,81,나주,0,23.9,73.0,,,,
ECMWF,2026-08-28 12:00,2026-09-01 09:00,84,나주,0,27.7,88.0,,,,
ECMWF,2026-08-28 12:00,2026-09-01 12:00,87,나주,0,30.7,76.0,,,,
ECMWF,2026-08-28 12:00,2026-09-01 15:00,90,나주,0,30.2,94.0,,,,
ECMWF,2026-08-28 12:00,2026-09-01 18:00,93,나주,0,27.3,95.0,,,,
ECMWF,2026-08-28 12:00,2026-09-01 21:00,96,나주,0,25.5,100.0,,,,
ECMWF,2026-08-28 12:00,2026-09-02 00:00,99,나주,0,25.0,100.0,,,,
ECMWF,2026-08-28 12:00,2026-09-02 03:00,102,나주,0,24.2,100.0,,,,
ECMWF,2026-08-28 12:00,2026-09-02 06:00,105,나주,0,23.6,100.0,,,,
ECMWF,2026-08-28 12:00,2026-09-02 09:00,108,나주,0,26.9,99.0,,,,
ECMWF,2026-08-28 12:00,2026-09-02 12:00,111,나주,0,30.5,93.0,,,,
ECMWF,2026-08-28 12:00,2026-09-02 15:00,114,나주,0,31.3,92.0,,,,
ECMWF,2026-08-28 12:00,2026-09-02 18:00,117,나주,0,27.6,99.0,,,,
ECMWF,2026-08-28 12:00,2026-09-02 21:00,120,나주,0,25.9,97.0,,,,
ECMWF,2026-08-28 12:00,2026-09-03 00:00,123,나주,0,25.0,98.0,,,,
ECMWF,2026-08-28 12:00,2026-09-03 03:00,126,나주,0,24.4,88.0,,,,
ECMWF,2026-08-28 12:00,2026-09-03 06:00,129,나주,0,23.7,66.0,,,,
ECMWF,2026-08-28 12:00,2026-09-03 09:00,132,나주,0,27.5,94.0,,,,
ECMWF,2026-08-28 12:00,2026-09-03 12:00,135,나주,0,31.0,77.0,,,,
ECMWF,2026-08-28 12:00,2026-09-03 15:00,138,나주,0,31.4,99.0,,,,
ECMWF,2026-08-28 12:00,2026-09-03 18:00,141,나주,0,26.8,76.0,,,,
ECMWF,2026-08-28 12:00,2026-09-03 21:00,144,나주,0,25.2,40.0,,,,
ECMWF,2026-08-28 12:00,2026-09-04 03:00,150,나주,0,24.6,98.0,,,,
ECMWF,2026-08-28 12:00,2026-09-04 09:00,156,나주,0,25.5,100.0,,,,
ECMWF,2026-08-28 12:00,2026-09-04 15:00,162,나주,0,29.0,95.0,,,,
ECMWF,2026-08-28 12:00,2026-09-04 21:00,168,나주,0,23.4,20.0,,,,
ECMWF,2026-08-28 12:00,2026-09-05 03:00,174,나주,0,20.0,2.0,,,,
ECMWF,2026-08-28 12:00,2026-09-05 09:00,180,나주,0,24.5,0.0,,,,
ECMWF,2026-08-28 12:00,2026-09-05 15:00,186,나주,0,30.0,79.0,,,,
ECMWF,2026-08-28 12:00,2026-09-05 21:00,192,나주,0,23.1,0.0,,,,
ECMWF,2026-08-28 12:00,2026-09-06 03:00,198,나주,0,20.2,1.0,,,,
ECMWF,2026-08-28 12:00,2026-09-06 09:00,204,나주,0,23.9,0.0,,,,
ECMWF,2026-08-28 12:00,2026-09-06 15:00,210,나주,0,29.3,5.0,,,,
ECMWF,2026-08-28 12:00,2026-09-06 21:00,216,나주,0,22.8,2.0,,,,
ECMWF,2026-08-28 12:00,2026-09-07 03:00,222,나주,0,19.7,1.0,,,,
ECMWF,2026-08-28 12:00,2026-09-07 09:00,228,나주,0,24.5,0.0,,,,
ECMWF,2026-08-28 12:00,2026-09-07 15:00,234,나주,0,30.1,9.0,,,,
ECMWF,2026-08-28 12:00,2026-09-07 21:00,240,나주,0,23.4,0.0,,,,
GFS,2026-08-28 18:00,2026-08-29 03:00,0,서울,1,24.4,93.0,92.0,32.0,44.0,
GFS,2026-08-28 18:00,2026-08-29 06:00,3,서울,1,24.4,100.0,55.0,5.0,100.0,0.0
GFS,2026-08-28 18:00,2026-08-29 09:00,6,서울,1,26.3,81.0,74.0,62.0,11.0,85.0
GFS,2026-08-28 18:00,2026-08-29 12:00,9,서울,1,26.7,91.0,46.0,5.0,91.0,324.0
GFS,2026-08-28 18:00,2026-08-29 15:00,12,서울,1,29.8,99.0,99.0,0.0,4.0,530.0
GFS,2026-08-28 18:00,2026-08-29 18:00,15,서울,1,27.9,10.0,10.0,0.0,0.0,239.0
GFS,2026-08-28 18:00,2026-08-29 21:00,18,서울,1,25.6,17.0,0.0,17.0,0.0,128.0
GFS,2026-08-28 18:00,2026-08-30 00:00,21,서울,1,24.6,98.0,1.0,98.0,2.0,0.0
GFS,2026-08-28 18:00,2026-08-30 03:00,24,서울,1,23.7,99.0,7.0,99.0,5.0,0.0
GFS,2026-08-28 18:00,2026-08-30 06:00,27,서울,1,23.5,100.0,5.0,100.0,0.0,0.0
GFS,2026-08-28 18:00,2026-08-30 09:00,30,서울,1,24.9,99.0,35.0,99.0,5.0,48.0
GFS,2026-08-28 18:00,2026-08-30 12:00,33,서울,1,28.0,100.0,44.0,100.0,57.0,365.0
GFS,2026-08-28 18:00,2026-08-30 15:00,36,서울,1,28.9,100.0,4.0,100.0,90.0,420.0
GFS,2026-08-28 18:00,2026-08-30 18:00,39,서울,1,25.6,98.0,5.0,98.0,5.0,127.0
GFS,2026-08-28 18:00,2026-08-30 21:00,42,서울,1,24.5,100.0,5.0,100.0,58.0,66.0
GFS,2026-08-28 18:00,2026-08-31 00:00,45,서울,1,24.1,100.0,17.0,100.0,100.0,0.0
GFS,2026-08-28 18:00,2026-08-31 03:00,48,서울,1,23.3,100.0,11.0,100.0,64.0,0.0
GFS,2026-08-28 18:00,2026-08-31 06:00,51,서울,1,22.5,100.0,94.0,100.0,95.0,0.0
GFS,2026-08-28 18:00,2026-08-31 09:00,54,서울,1,22.3,100.0,8.0,100.0,100.0,7.0
GFS,2026-08-28 18:00,2026-08-31 12:00,57,서울,1,24.4,100.0,48.0,100.0,100.0,198.0
GFS,2026-08-28 18:00,2026-08-31 15:00,60,서울,1,25.1,100.0,5.0,100.0,100.0,223.0
GFS,2026-08-28 18:00,2026-08-31 18:00,63,서울,1,23.9,100.0,0.0,100.0,100.0,108.0
GFS,2026-08-28 18:00,2026-08-31 21:00,66,서울,1,22.7,100.0,0.0,95.0,100.0,56.0
GFS,2026-08-28 18:00,2026-09-01 00:00,69,서울,1,22.2,100.0,0.0,100.0,100.0,0.0
GFS,2026-08-28 18:00,2026-09-01 03:00,72,서울,1,22.1,100.0,2.0,100.0,100.0,0.0
GFS,2026-08-28 18:00,2026-09-01 06:00,75,서울,1,21.7,100.0,0.0,100.0,100.0,0.0
GFS,2026-08-28 18:00,2026-09-01 09:00,78,서울,1,23.6,100.0,3.0,100.0,100.0,39.0
GFS,2026-08-28 18:00,2026-09-01 12:00,81,서울,1,28.2,90.0,0.0,22.0,90.0,457.0
GFS,2026-08-28 18:00,2026-09-01 15:00,84,서울,1,30.3,100.0,4.0,100.0,100.0,567.0
GFS,2026-08-28 18:00,2026-09-01 18:00,87,서울,1,29.1,100.0,8.0,100.0,100.0,254.0
GFS,2026-08-28 18:00,2026-09-01 21:00,90,서울,1,25.4,100.0,0.0,100.0,100.0,131.0
GFS,2026-08-28 18:00,2026-09-02 00:00,93,서울,1,24.8,100.0,5.0,100.0,100.0,0.0
GFS,2026-08-28 18:00,2026-09-02 03:00,96,서울,1,23.6,100.0,73.0,100.0,100.0,0.0
GFS,2026-08-28 18:00,2026-09-02 06:00,99,서울,1,22.5,100.0,100.0,100.0,100.0,0.0
GFS,2026-08-28 18:00,2026-09-02 09:00,102,서울,1,21.8,100.0,20.0,100.0,100.0,6.0
GFS,2026-08-28 18:00,2026-09-02 12:00,105,서울,1,23.8,100.0,57.0,100.0,100.0,194.0
GFS,2026-08-28 18:00,2026-09-02 15:00,108,서울,1,23.2,100.0,97.0,100.0,100.0,149.0
GFS,2026-08-28 18:00,2026-09-02 18:00,111,서울,1,22.4,100.0,100.0,100.0,100.0,15.0
GFS,2026-08-28 18:00,2026-09-02 21:00,114,서울,1,22.2,100.0,100.0,100.0,98.0,8.0
GFS,2026-08-28 18:00,2026-09-03 00:00,117,서울,1,21.3,100.0,99.0,100.0,14.0,0.0
GFS,2026-08-28 18:00,2026-09-03 03:00,120,서울,1,21.1,100.0,83.0,84.0,100.0,0.0
GFS,2026-08-28 18:00,2026-08-29 03:00,0,대전,1,23.5,100.0,5.0,0.0,100.0,
GFS,2026-08-28 18:00,2026-08-29 06:00,3,대전,1,23.3,99.0,10.0,5.0,99.0,0.0
GFS,2026-08-28 18:00,2026-08-29 09:00,6,대전,1,26.2,100.0,21.0,2.0,100.0,90.0
GFS,2026-08-28 18:00,2026-08-29 12:00,9,대전,1,27.8,93.0,59.0,1.0,89.0,553.0
GFS,2026-08-28 18:00,2026-08-29 15:00,12,대전,1,28.6,55.0,55.0,0.0,22.0,587.0
GFS,2026-08-28 18:00,2026-08-29 18:00,15,대전,1,26.3,32.0,3.0,0.0,32.0,374.0
GFS,2026-08-28 18:00,2026-08-29 21:00,18,대전,1,23.6,4.0,0.0,0.0,4.0,195.0
GFS,2026-08-28 18:00,2026-08-30 00:00,21,대전,1,22.9,14.0,14.0,0.0,5.0,0.0
GFS,2026-08-28 18:00,2026-08-30 03:00,24,대전,1,22.7,5.0,1.0,0.0,5.0,0.0
GFS,2026-08-28 18:00,2026-08-30 06:00,27,대전,1,21.8,99.0,83.0,15.0,99.0,0.0
GFS,2026-08-28 18:00,2026-08-30 09:00,30,대전,1,23.9,98.0,86.0,59.0,98.0,45.0
GFS,2026-08-28 18:00,2026-08-30 12:00,33,대전,1,28.6,44.0,44.0,5.0,5.0,553.0
GFS,2026-08-28 18:00,2026-08-30 15:00,36,대전,1,27.3,100.0,88.0,100.0,7.0,613.0
GFS,2026-08-28 18:00,2026-08-30 18:00,39,대전,1,24.8,100.0,49.0,74.0,100.0,136.0
GFS,2026-08-28 18:00,2026-08-30 21:00,42,대전,1,22.6,100.0,60.0,99.0,100.0,72.0
GFS,2026-08-28 18:00,2026-08-31 00:00,45,대전,1,22.2,100.0,100.0,100.0,100.0,0.0
GFS,2026-08-28 18:00,2026-08-31 03:00,48,대전,1,21.8,100.0,100.0,90.0,100.0,0.0
GFS,2026-08-28 18:00,2026-08-31 06:00,51,대전,1,20.2,100.0,98.0,99.0,99.0,0.0
GFS,2026-08-28 18:00,2026-08-31 09:00,54,대전,1,20.2,100.0,95.0,100.0,42.0,33.0
GFS,2026-08-28 18:00,2026-08-31 12:00,57,대전,1,20.5,100.0,87.0,99.0,18.0,86.0
GFS,2026-08-28 18:00,2026-08-31 15:00,60,대전,1,25.1,97.0,32.0,9.0,97.0,296.0
GFS,2026-08-28 18:00,2026-08-31 18:00,63,대전,1,24.2,98.0,11.0,1.0,98.0,301.0
GFS,2026-08-28 18:00,2026-08-31 21:00,66,대전,1,21.2,100.0,0.0,0.0,100.0,157.0
GFS,2026-08-28 18:00,2026-09-01 00:00,69,대전,1,20.3,83.0,2.0,0.0,83.0,0.0
GFS,2026-08-28 18:00,2026-09-01 03:00,72,대전,1,19.8,100.0,8.0,76.0,100.0,0.0
GFS,2026-08-28 18:00,2026-09-01 06:00,75,대전,1,20.1,100.0,6.0,100.0,100.0,0.0
GFS,2026-08-28 18:00,2026-09-01 09:00,78,대전,1,23.9,95.0,20.0,79.0,95.0,89.0
GFS,2026-08-28 18:00,2026-09-01 12:00,81,대전,1,28.9,100.0,25.0,100.0,100.0,591.0
GFS,2026-08-28 18:00,2026-09-01 15:00,84,대전,1,30.0,100.0,11.0,100.0,100.0,575.0
GFS,2026-08-28 18:00,2026-09-01 18:00,87,대전,1,25.7,100.0,0.0,100.0,50.0,180.0
GFS,2026-08-28 18:00,2026-09-01 21:00,90,대전,1,23.1,100.0,0.0,99.0,100.0,95.0
GFS,2026-08-28 18:00,2026-09-02 00:00,93,대전,1,22.4,100.0,0.0,100.0,100.0,0.0
GFS,2026-08-28 18:00,2026-09-02 03:00,96,대전,1,21.0,100.0,19.0,99.0,100.0,0.0
GFS,2026-08-28 18:00,2026-09-02 06:00,99,대전,1,20.9,100.0,20.0,99.0,100.0,0.0
GFS,2026-08-28 18:00,2026-09-02 09:00,102,대전,1,23.6,100.0,17.0,97.0,100.0,56.0
GFS,2026-08-28 18:00,2026-09-02 12:00,105,대전,1,26.5,100.0,40.0,97.0,100.0,451.0
GFS,2026-08-28 18:00,2026-09-02 15:00,108,대전,1,27.8,82.0,77.0,3.0,66.0,478.0
GFS,2026-08-28 18:00,2026-09-02 18:00,111,대전,1,25.8,98.0,0.0,62.0,98.0,321.0
GFS,2026-08-28 18:00,2026-09-02 21:00,114,대전,1,23.2,100.0,0.0,93.0,100.0,166.0
GFS,2026-08-28 18:00,2026-09-03 00:00,117,대전,1,22.4,100.0,37.0,78.0,100.0,0.0
GFS,2026-08-28 18:00,2026-09-03 03:00,120,대전,1,22.7,100.0,99.0,86.0,93.0,0.0
GFS,2026-08-28 18:00,2026-08-29 03:00,0,대구,1,22.9,99.0,62.0,0.0,99.0,
GFS,2026-08-28 18:00,2026-08-29 06:00,3,대구,1,23.0,100.0,70.0,0.0,100.0,0.0
GFS,2026-08-28 18:00,2026-08-29 09:00,6,대구,1,25.7,96.0,61.0,0.0,96.0,78.0
GFS,2026-08-28 18:00,2026-08-29 12:00,9,대구,1,27.9,100.0,57.0,0.0,100.0,571.0
GFS,2026-08-28 18:00,2026-08-29 15:00,12,대구,1,27.6,32.0,32.0,5.0,8.0,569.0
GFS,2026-08-28 18:00,2026-08-29 18:00,15,대구,1,26.1,68.0,11.0,0.0,68.0,348.0
GFS,2026-08-28 18:00,2026-08-29 21:00,18,대구,1,23.1,100.0,0.0,2.0,100.0,179.0
GFS,2026-08-28 18:00,2026-08-30 00:00,21,대구,1,22.6,18.0,0.0,0.0,18.0,0.0
GFS,2026-08-28 18:00,2026-08-30 03:00,24,대구,1,22.2,6.0,3.0,0.0,5.0,0.0
GFS,2026-08-28 18:00,2026-08-30 06:00,27,대구,1,22.0,35.0,7.0,0.0,35.0,0.0
GFS,2026-08-28 18:00,2026-08-30 09:00,30,대구,1,25.7,100.0,11.0,2.0,100.0,109.0
GFS,2026-08-28 18:00,2026-08-30 12:00,33,대구,1,27.9,100.0,0.0,4.0,100.0,699.0
GFS,2026-08-28 18:00,2026-08-30 15:00,36,대구,1,30.1,34.0,34.0,15.0,5.0,739.0
GFS,2026-08-28 18:00,2026-08-30 18:00,39,대구,1,26.2,100.0,7.0,31.0,100.0,355.0
GFS,2026-08-28 18:00,2026-08-30 21:00,42,대구,1,22.3,100.0,38.0,100.0,100.0,183.0
GFS,2026-08-28 18:00,2026-08-31 00:00,45,대구,1,21.6,100.0,11.0,37.0,100.0,0.0
GFS,2026-08-28 18:00,2026-08-31 03:00,48,대구,1,21.1,93.0,7.0,5.0,93.0,0.0
GFS,2026-08-28 18:00,2026-08-31 06:00,51,대구,1,20.8,100.0,18.0,5.0,100.0,0.0
GFS,2026-08-28 18:00,2026-08-31 09:00,54,대구,1,23.6,100.0,97.0,5.0,91.0,76.0
GFS,2026-08-28 18:00,2026-08-31 12:00,57,대구,1,24.5,86.0,86.0,4.0,6.0,338.0
GFS,2026-08-28 18:00,2026-08-31 15:00,60,대구,1,24.1,94.0,94.0,0.0,4.0,350.0
GFS,2026-08-28 18:00,2026-08-31 18:00,63,대구,1,22.3,96.0,96.0,0.0,0.0,76.0
GFS,2026-08-28 18:00,2026-08-31 21:00,66,대구,1,21.3,57.0,57.0,0.0,10.0,39.0
GFS,2026-08-28 18:00,2026-09-01 00:00,69,대구,1,20.9,100.0,100.0,3.0,99.0,0.0
GFS,2026-08-28 18:00,2026-09-01 03:00,72,대구,1,21.1,100.0,100.0,59.0,100.0,0.0
GFS,2026-08-28 18:00,2026-09-01 06:00,75,대구,1,21.2,99.0,92.0,6.0,99.0,0.0
GFS,2026-08-28 18:00,2026-09-01 09:00,78,대구,1,24.6,48.0,3.0,5.0,48.0,100.0
GFS,2026-08-28 18:00,2026-09-01 12:00,81,대구,1,28.0,85.0,80.0,3.0,51.0,618.0
GFS,2026-08-28 18:00,2026-09-01 15:00,84,대구,1,27.7,65.0,23.0,32.0,65.0,583.0
GFS,2026-08-28 18:00,2026-09-01 18:00,87,대구,1,24.4,100.0,6.0,80.0,100.0,324.0
GFS,2026-08-28 18:00,2026-09-01 21:00,90,대구,1,21.5,100.0,8.0,95.0,100.0,166.0
GFS,2026-08-28 18:00,2026-09-02 00:00,93,대구,1,21.0,78.0,16.0,5.0,78.0,0.0
GFS,2026-08-28 18:00,2026-09-02 03:00,96,대구,1,20.4,100.0,30.0,3.0,100.0,0.0
GFS,2026-08-28 18:00,2026-09-02 06:00,99,대구,1,20.1,96.0,28.0,0.0,96.0,0.0
GFS,2026-08-28 18:00,2026-09-02 09:00,102,대구,1,23.9,77.0,69.0,1.0,62.0,80.0
GFS,2026-08-28 18:00,2026-09-02 12:00,105,대구,1,26.7,99.0,98.0,0.0,84.0,418.0
GFS,2026-08-28 18:00,2026-09-02 15:00,108,대구,1,26.4,95.0,93.0,0.0,92.0,418.0
GFS,2026-08-28 18:00,2026-09-02 18:00,111,대구,1,23.6,7.0,7.0,5.0,2.0,213.0
GFS,2026-08-28 18:00,2026-09-02 21:00,114,대구,1,20.2,84.0,80.0,66.0,25.0,111.0
GFS,2026-08-28 18:00,2026-09-03 00:00,117,대구,1,21.4,100.0,77.0,100.0,53.0,0.0
GFS,2026-08-28 18:00,2026-09-03 03:00,120,대구,1,20.7,37.0,28.0,31.0,5.0,0.0
GFS,2026-08-28 18:00,2026-08-29 03:00,0,광주,1,23.6,100.0,5.0,0.0,100.0,
GFS,2026-08-28 18:00,2026-08-29 06:00,3,광주,1,23.5,100.0,23.0,0.0,100.0,0.0
GFS,2026-08-28 18:00,2026-08-29 09:00,6,광주,1,26.4,100.0,12.0,0.0,100.0,79.0
GFS,2026-08-28 18:00,2026-08-29 12:00,9,광주,1,27.4,100.0,100.0,0.0,85.0,438.0
GFS,2026-08-28 18:00,2026-08-29 15:00,12,광주,1,28.4,90.0,90.0,0.0,19.0,402.0
GFS,2026-08-28 18:00,2026-08-29 18:00,15,광주,1,26.7,100.0,34.0,0.0,100.0,242.0
GFS,2026-08-28 18:00,2026-08-29 21:00,18,광주,1,24.2,100.0,0.0,0.0,100.0,127.0
GFS,2026-08-28 18:00,2026-08-30 00:00,21,광주,1,23.5,5.0,0.0,0.0,5.0,0.0
GFS,2026-08-28 18:00,2026-08-30 03:00,24,광주,1,23.0,8.0,0.0,0.0,8.0,0.0
GFS,2026-08-28 18:00,2026-08-30 06:00,27,광주,1,22.8,96.0,2.0,0.0,96.0,0.0
GFS,2026-08-28 18:00,2026-08-30 09:00,30,광주,1,26.7,7.0,1.0,0.0,7.0,102.0
GFS,2026-08-28 18:00,2026-08-30 12:00,33,광주,1,29.7,58.0,58.0,0.0,18.0,688.0
GFS,2026-08-28 18:00,2026-08-30 15:00,36,광주,1,28.2,42.0,42.0,5.0,5.0,684.0
GFS,2026-08-28 18:00,2026-08-30 18:00,39,광주,1,26.5,73.0,0.0,13.0,73.0,372.0
GFS,2026-08-28 18:00,2026-08-30 21:00,42,광주,1,23.6,100.0,2.0,2.0,100.0,193.0
GFS,2026-08-28 18:00,2026-08-31 00:00,45,광주,1,22.8,100.0,0.0,5.0,100.0,0.0
GFS,2026-08-28 18:00,2026-08-31 03:00,48,광주,1,22.1,100.0,0.0,5.0,100.0,0.0
GFS,2026-08-28 18:00,2026-08-31 06:00,51,광주,1,21.7,100.0,2.0,5.0,100.0,0.0
GFS,2026-08-28 18:00,2026-08-31 09:00,54,광주,1,25.4,100.0,14.0,5.0,100.0,93.0
GFS,2026-08-28 18:00,2026-08-31 12:00,57,광주,1,28.8,91.0,46.0,0.0,90.0,660.0
GFS,2026-08-28 18:00,2026-08-31 15:00,60,광주,1,28.3,35.0,35.0,0.0,1.0,688.0
GFS,2026-08-28 18:00,2026-08-31 18:00,63,광주,1,26.2,90.0,0.0,0.0,90.0,398.0
GFS,2026-08-28 18:00,2026-08-31 21:00,66,광주,1,22.8,92.0,2.0,0.0,92.0,206.0
GFS,2026-08-28 18:00,2026-09-01 00:00,69,광주,1,22.2,99.0,0.0,34.0,99.0,0.0
GFS,2026-08-28 18:00,2026-09-01 03:00,72,광주,1,21.5,100.0,4.0,92.0,100.0,0.0
GFS,2026-08-28 18:00,2026-09-01 06:00,75,광주,1,21.2,37.0,4.0,12.0,30.0,0.0
GFS,2026-08-28 18:00,2026-09-01 09:00,78,광주,1,25.5,90.0,0.0,80.0,90.0,103.0
GFS,2026-08-28 18:00,2026-09-01 12:00,81,광주,1,30.6,73.0,1.0,73.0,10.0,667.0
GFS,2026-08-28 18:00,2026-09-01 15:00,84,광주,1,31.7,88.0,42.0,83.0,88.0,709.0
GFS,2026-08-28 18:00,2026-09-01 18:00,87,광주,1,26.9,90.0,2.0,87.0,68.0,291.0
GFS,2026-08-28 18:00,2026-09-01 21:00,90,광주,1,23.6,100.0,0.0,49.0,100.0,152.0
GFS,2026-08-28 18:00,2026-09-02 00:00,93,광주,1,22.7,100.0,0.0,71.0,100.0,0.0
GFS,2026-08-28 18:00,2026-09-02 03:00,96,광주,1,22.3,100.0,0.0,3.0,100.0,0.0
GFS,2026-08-28 18:00,2026-09-02 06:00,99,광주,1,21.6,5.0,0.0,5.0,5.0,0.0
GFS,2026-08-28 18:00,2026-09-02 09:00,102,광주,1,25.0,100.0,2.0,5.0,100.0,94.0
GFS,2026-08-28 18:00,2026-09-02 12:00,105,광주,1,28.0,5.0,2.0,0.0,5.0,654.0
GFS,2026-08-28 18:00,2026-09-02 15:00,108,광주,1,30.1,76.0,0.0,0.0,76.0,725.0
GFS,2026-08-28 18:00,2026-09-02 18:00,111,광주,1,25.4,64.0,0.0,10.0,64.0,388.0
GFS,2026-08-28 18:00,2026-09-02 21:00,114,광주,1,22.3,5.0,0.0,5.0,5.0,201.0
GFS,2026-08-28 18:00,2026-09-03 00:00,117,광주,1,21.3,100.0,10.0,100.0,84.0,0.0
GFS,2026-08-28 18:00,2026-09-03 03:00,120,광주,1,21.1,91.0,18.0,91.0,4.0,0.0
GFS,2026-08-28 18:00,2026-08-29 03:00,0,부산,1,27.9,100.0,0.0,0.0,100.0,
GFS,2026-08-28 18:00,2026-08-29 06:00,3,부산,1,27.5,100.0,22.0,0.0,100.0,0.0
GFS,2026-08-28 18:00,2026-08-29 09:00,6,부산,1,27.6,100.0,0.0,0.0,100.0,90.0
GFS,2026-08-28 18:00,2026-08-29 12:00,9,부산,1,28.2,100.0,8.0,0.0,100.0,615.0
GFS,2026-08-28 18:00,2026-08-29 15:00,12,부산,1,28.9,100.0,0.0,0.0,100.0,625.0
GFS,2026-08-28 18:00,2026-08-29 18:00,15,부산,1,28.5,100.0,0.0,0.0,100.0,266.0
GFS,2026-08-28 18:00,2026-08-29 21:00,18,부산,1,28.1,100.0,0.0,0.0,100.0,137.0
GFS,2026-08-28 18:00,2026-08-30 00:00,21,부산,1,28.0,100.0,0.0,0.0,100.0,0.0
GFS,2026-08-28 18:00,2026-08-30 03:00,24,부산,1,27.9,86.0,0.0,0.0,86.0,0.0
GFS,2026-08-28 18:00,2026-08-30 06:00,27,부산,1,27.5,94.0,0.0,0.0,94.0,0.0
GFS,2026-08-28 18:00,2026-08-30 09:00,30,부산,1,28.0,41.0,0.0,0.0,41.0,120.0
GFS,2026-08-28 18:00,2026-08-30 12:00,33,부산,1,28.8,8.0,2.0,0.0,8.0,731.0
GFS,2026-08-28 18:00,2026-08-30 15:00,36,부산,1,28.9,100.0,2.0,0.0,100.0,766.0
GFS,2026-08-28 18:00,2026-08-30 18:00,39,부산,1,28.7,100.0,0.0,0.0,100.0,386.0
GFS,2026-08-28 18:00,2026-08-30 21:00,42,부산,1,28.1,76.0,0.0,0.0,76.0,199.0
GFS,2026-08-28 18:00,2026-08-31 00:00,45,부산,1,27.8,80.0,0.0,0.0,80.0,0.0
GFS,2026-08-28 18:00,2026-08-31 03:00,48,부산,1,27.5,63.0,0.0,0.0,63.0,0.0
GFS,2026-08-28 18:00,2026-08-31 06:00,51,부산,1,26.2,20.0,19.0,1.0,5.0,0.0
GFS,2026-08-28 18:00,2026-08-31 09:00,54,부산,1,26.7,31.0,31.0,0.0,5.0,116.0
GFS,2026-08-28 18:00,2026-08-31 12:00,57,부산,1,27.2,13.0,12.0,0.0,5.0,706.0
GFS,2026-08-28 18:00,2026-08-31 15:00,60,부산,1,27.3,57.0,4.0,0.0,57.0,746.0
GFS,2026-08-28 18:00,2026-08-31 18:00,63,부산,1,27.2,100.0,3.0,0.0,100.0,377.0
GFS,2026-08-28 18:00,2026-08-31 21:00,66,부산,1,26.1,2.0,0.0,0.0,2.0,193.0
GFS,2026-08-28 18:00,2026-09-01 00:00,69,부산,1,25.4,100.0,38.0,0.0,100.0,0.0
GFS,2026-08-28 18:00,2026-09-01 03:00,72,부산,1,25.6,30.0,29.0,0.0,7.0,0.0
GFS,2026-08-28 18:00,2026-09-01 06:00,75,부산,1,25.9,95.0,16.0,0.0,95.0,0.0
GFS,2026-08-28 18:00,2026-09-01 09:00,78,부산,1,26.4,84.0,77.0,0.0,66.0,86.0
GFS,2026-08-28 18:00,2026-09-01 12:00,81,부산,1,27.7,61.0,60.0,0.0,34.0,550.0
GFS,2026-08-28 18:00,2026-09-01 15:00,84,부산,1,27.7,100.0,41.0,0.0,100.0,632.0
GFS,2026-08-28 18:00,2026-09-01 18:00,87,부산,1,27.3,14.0,13.0,0.0,5.0,335.0
GFS,2026-08-28 18:00,2026-09-01 21:00,90,부산,1,26.7,38.0,29.0,0.0,17.0,172.0
GFS,2026-08-28 18:00,2026-09-02 00:00,93,부산,1,26.5,71.0,32.0,0.0,71.0,0.0
GFS,2026-08-28 18:00,2026-09-02 03:00,96,부산,1,25.9,96.0,30.0,0.0,96.0,0.0
GFS,2026-08-28 18:00,2026-09-02 06:00,99,부산,1,26.2,40.0,40.0,0.0,7.0,0.0
GFS,2026-08-28 18:00,2026-09-02 09:00,102,부산,1,26.9,100.0,67.0,0.0,100.0,63.0
GFS,2026-08-28 18:00,2026-09-02 12:00,105,부산,1,27.9,100.0,17.0,0.0,100.0,587.0
GFS,2026-08-28 18:00,2026-09-02 15:00,108,부산,1,27.2,5.0,0.0,0.0,5.0,668.0
GFS,2026-08-28 18:00,2026-09-02 18:00,111,부산,1,27.1,26.0,0.0,26.0,0.0,381.0
GFS,2026-08-28 18:00,2026-09-02 21:00,114,부산,1,25.9,100.0,95.0,100.0,0.0,195.0
GFS,2026-08-28 18:00,2026-09-03 00:00,117,부산,1,26.8,5.0,0.0,5.0,0.0,0.0
GFS,2026-08-28 18:00,2026-09-03 03:00,120,부산,1,26.9,99.0,87.0,99.0,0.0,0.0
GFS,2026-08-28 18:00,2026-08-29 03:00,0,인천,0,24.8,91.0,75.0,5.0,56.0,
GFS,2026-08-28 18:00,2026-08-29 06:00,3,인천,0,24.4,100.0,29.0,10.0,100.0,0.0
GFS,2026-08-28 18:00,2026-08-29 09:00,6,인천,0,25.7,73.0,73.0,62.0,24.0,83.0
GFS,2026-08-28 18:00,2026-08-29 12:00,9,인천,0,26.4,95.0,41.0,5.0,95.0,386.0
GFS,2026-08-28 18:00,2026-08-29 15:00,12,인천,0,28.1,99.0,99.0,0.0,2.0,535.0
GFS,2026-08-28 18:00,2026-08-29 18:00,15,인천,0,27.7,12.0,12.0,0.0,0.0,289.0
GFS,2026-08-28 18:00,2026-08-29 21:00,18,인천,0,25.6,12.0,0.0,12.0,0.0,153.0
GFS,2026-08-28 18:00,2026-08-30 00:00,21,인천,0,24.9,94.0,0.0,94.0,4.0,0.0
GFS,2026-08-28 18:00,2026-08-30 03:00,24,인천,0,23.9,94.0,5.0,94.0,5.0,0.0
GFS,2026-08-28 18:00,2026-08-30 06:00,27,인천,0,23.8,100.0,5.0,100.0,0.0,0.0
GFS,2026-08-28 18:00,2026-08-30 09:00,30,인천,0,24.8,100.0,15.0,100.0,5.0,42.0
GFS,2026-08-28 18:00,2026-08-30 12:00,33,인천,0,27.5,100.0,23.0,100.0,89.0,375.0
GFS,2026-08-28 18:00,2026-08-30 15:00,36,인천,0,27.5,100.0,6.0,100.0,68.0,437.0
GFS,2026-08-28 18:00,2026-08-30 18:00,39,인천,0,25.7,99.0,5.0,99.0,18.0,73.0
GFS,2026-08-28 18:00,2026-08-30 21:00,42,인천,0,24.9,100.0,5.0,100.0,91.0,38.0
GFS,2026-08-28 18:00,2026-08-31 00:00,45,인천,0,24.1,100.0,10.0,100.0,100.0,0.0
GFS,2026-08-28 18:00,2026-08-31 03:00,48,인천,0,23.8,100.0,11.0,100.0,97.0,0.0
GFS,2026-08-28 18:00,2026-08-31 06:00,51,인천,0,22.9,100.0,77.0,100.0,93.0,0.0
GFS,2026-08-28 18:00,2026-08-31 09:00,54,인천,0,22.5,100.0,5.0,100.0,100.0,7.0
GFS,2026-08-28 18:00,2026-08-31 12:00,57,인천,0,24.8,100.0,9.0,100.0,100.0,229.0
GFS,2026-08-28 18:00,2026-08-31 15:00,60,인천,0,26.0,100.0,12.0,100.0,100.0,260.0
GFS,2026-08-28 18:00,2026-08-31 18:00,63,인천,0,25.5,100.0,0.0,100.0,100.0,102.0
GFS,2026-08-28 18:00,2026-08-31 21:00,66,인천,0,24.1,100.0,3.0,100.0,100.0,53.0
GFS,2026-08-28 18:00,2026-09-01 00:00,69,인천,0,23.6,100.0,11.0,100.0,100.0,0.0
GFS,2026-08-28 18:00,2026-09-01 03:00,72,인천,0,23.3,100.0,5.0,100.0,100.0,0.0
GFS,2026-08-28 18:00,2026-09-01 06:00,75,인천,0,23.1,100.0,3.0,100.0,100.0,0.0
GFS,2026-08-28 18:00,2026-09-01 09:00,78,인천,0,24.3,100.0,4.0,100.0,100.0,34.0
GFS,2026-08-28 18:00,2026-09-01 12:00,81,인천,0,28.4,96.0,0.0,47.0,96.0,463.0
GFS,2026-08-28 18:00,2026-09-01 15:00,84,인천,0,29.9,100.0,4.0,100.0,98.0,559.0
GFS,2026-08-28 18:00,2026-09-01 18:00,87,인천,0,28.5,100.0,0.0,100.0,100.0,243.0
GFS,2026-08-28 18:00,2026-09-01 21:00,90,인천,0,26.5,100.0,3.0,100.0,100.0,126.0
GFS,2026-08-28 18:00,2026-09-02 00:00,93,인천,0,25.8,100.0,32.0,100.0,100.0,0.0
GFS,2026-08-28 18:00,2026-09-02 03:00,96,인천,0,24.2,100.0,78.0,100.0,100.0,0.0
GFS,2026-08-28 18:00,2026-09-02 06:00,99,인천,0,23.7,100.0,100.0,100.0,100.0,0.0
GFS,2026-08-28 18:00,2026-09-02 09:00,102,인천,0,22.2,100.0,97.0,100.0,100.0,6.0
GFS,2026-08-28 18:00,2026-09-02 12:00,105,인천,0,23.7,100.0,84.0,100.0,100.0,153.0
GFS,2026-08-28 18:00,2026-09-02 15:00,108,인천,0,23.4,100.0,100.0,100.0,100.0,140.0
GFS,2026-08-28 18:00,2026-09-02 18:00,111,인천,0,23.1,100.0,100.0,100.0,100.0,25.0
GFS,2026-08-28 18:00,2026-09-02 21:00,114,인천,0,23.1,100.0,100.0,100.0,90.0,13.0
GFS,2026-08-28 18:00,2026-09-03 00:00,117,인천,0,22.3,100.0,95.0,100.0,5.0,0.0
GFS,2026-08-28 18:00,2026-09-03 03:00,120,인천,0,21.6,100.0,68.0,95.0,93.0,0.0
GFS,2026-08-28 18:00,2026-08-29 03:00,0,수원,0,24.1,78.0,55.0,5.0,78.0,
GFS,2026-08-28 18:00,2026-08-29 06:00,3,수원,0,24.0,100.0,70.0,5.0,100.0,0.0
GFS,2026-08-28 18:00,2026-08-29 09:00,6,수원,0,26.2,65.0,38.0,5.0,65.0,96.0
GFS,2026-08-28 18:00,2026-08-29 12:00,9,수원,0,29.2,40.0,8.0,5.0,40.0,633.0
GFS,2026-08-28 18:00,2026-08-29 15:00,12,수원,0,29.6,21.0,19.0,0.0,5.0,699.0
GFS,2026-08-28 18:00,2026-08-29 18:00,15,수원,0,27.2,4.0,1.0,2.0,0.0,397.0
GFS,2026-08-28 18:00,2026-08-29 21:00,18,수원,0,25.2,5.0,0.0,5.0,0.0,207.0
GFS,2026-08-28 18:00,2026-08-30 00:00,21,수원,0,24.5,43.0,2.0,43.0,3.0,0.0
GFS,2026-08-28 18:00,2026-08-30 03:00,24,수원,0,24.1,98.0,5.0,98.0,2.0,0.0
GFS,2026-08-28 18:00,2026-08-30 06:00,27,수원,0,23.7,100.0,5.0,100.0,1.0,0.0
GFS,2026-08-28 18:00,2026-08-30 09:00,30,수원,0,24.0,100.0,34.0,100.0,9.0,22.0
GFS,2026-08-28 18:00,2026-08-30 12:00,33,수원,0,25.5,100.0,13.0,100.0,8.0,205.0
GFS,2026-08-28 18:00,2026-08-30 15:00,36,수원,0,25.4,100.0,6.0,100.0,59.0,211.0
GFS,2026-08-28 18:00,2026-08-30 18:00,39,수원,0,24.7,100.0,0.0,100.0,5.0,91.0
GFS,2026-08-28 18:00,2026-08-30 21:00,42,수원,0,23.8,100.0,5.0,100.0,42.0,48.0
GFS,2026-08-28 18:00,2026-08-31 00:00,45,수원,0,23.0,100.0,54.0,100.0,100.0,0.0
GFS,2026-08-28 18:00,2026-08-31 03:00,48,수원,0,22.2,100.0,34.0,100.0,40.0,0.0
GFS,2026-08-28 18:00,2026-08-31 06:00,51,수원,0,21.5,100.0,89.0,100.0,70.0,0.0
GFS,2026-08-28 18:00,2026-08-31 09:00,54,수원,0,21.4,100.0,16.0,100.0,100.0,6.0
GFS,2026-08-28 18:00,2026-08-31 12:00,57,수원,0,21.4,100.0,42.0,100.0,100.0,78.0
GFS,2026-08-28 18:00,2026-08-31 15:00,60,수원,0,21.7,100.0,4.0,100.0,100.0,95.0
GFS,2026-08-28 18:00,2026-08-31 18:00,63,수원,0,21.5,100.0,0.0,100.0,100.0,50.0
GFS,2026-08-28 18:00,2026-08-31 21:00,66,수원,0,21.1,100.0,0.0,82.0,100.0,28.0
GFS,2026-08-28 18:00,2026-09-01 00:00,69,수원,0,21.1,100.0,1.0,100.0,100.0,0.0
GFS,2026-08-28 18:00,2026-09-01 03:00,72,수원,0,20.9,100.0,0.0,90.0,100.0,0.0
GFS,2026-08-28 18:00,2026-09-01 06:00,75,수원,0,21.0,100.0,2.0,98.0,100.0,0.0
GFS,2026-08-28 18:00,2026-09-01 09:00,78,수원,0,23.9,100.0,0.0,100.0,100.0,65.0
GFS,2026-08-28 18:00,2026-09-01 12:00,81,수원,0,28.3,59.0,9.0,56.0,52.0,526.0
GFS,2026-08-28 18:00,2026-09-01 15:00,84,수원,0,30.0,100.0,24.0,100.0,66.0,609.0
GFS,2026-08-28 18:00,2026-09-01 18:00,87,수원,0,28.0,100.0,12.0,100.0,100.0,279.0
GFS,2026-08-28 18:00,2026-09-01 21:00,90,수원,0,25.5,100.0,0.0,100.0,100.0,142.0
GFS,2026-08-28 18:00,2026-09-02 00:00,93,수원,0,25.0,100.0,4.0,100.0,100.0,0.0
GFS,2026-08-28 18:00,2026-09-02 03:00,96,수원,0,23.8,100.0,66.0,100.0,100.0,0.0
GFS,2026-08-28 18:00,2026-09-02 06:00,99,수원,0,22.6,100.0,100.0,100.0,100.0,0.0
GFS,2026-08-28 18:00,2026-09-02 09:00,102,수원,0,22.0,100.0,4.0,100.0,100.0,15.0
GFS,2026-08-28 18:00,2026-09-02 12:00,105,수원,0,24.8,100.0,92.0,100.0,100.0,265.0
GFS,2026-08-28 18:00,2026-09-02 15:00,108,수원,0,22.0,100.0,96.0,100.0,100.0,176.0
GFS,2026-08-28 18:00,2026-09-02 18:00,111,수원,0,21.4,100.0,100.0,100.0,100.0,27.0
GFS,2026-08-28 18:00,2026-09-02 21:00,114,수원,0,21.2,100.0,93.0,100.0,84.0,14.0
GFS,2026-08-28 18:00,2026-09-03 00:00,117,수원,0,21.1,100.0,92.0,100.0,60.0,0.0
GFS,2026-08-28 18:00,2026-09-03 03:00,120,수원,0,20.8,99.0,78.0,75.0,99.0,0.0
GFS,2026-08-28 18:00,2026-08-29 03:00,0,전주,0,24.2,100.0,1.0,0.0,100.0,
GFS,2026-08-28 18:00,2026-08-29 06:00,3,전주,0,23.9,100.0,1.0,0.0,100.0,0.0
GFS,2026-08-28 18:00,2026-08-29 09:00,6,전주,0,27.1,100.0,1.0,0.0,100.0,86.0
GFS,2026-08-28 18:00,2026-08-29 12:00,9,전주,0,28.9,99.0,99.0,0.0,80.0,548.0
GFS,2026-08-28 18:00,2026-08-29 15:00,12,전주,0,29.3,70.0,70.0,0.0,12.0,536.0
GFS,2026-08-28 18:00,2026-08-29 18:00,15,전주,0,27.5,100.0,0.0,0.0,100.0,310.0
GFS,2026-08-28 18:00,2026-08-29 21:00,18,전주,0,24.6,30.0,0.0,0.0,30.0,162.0
GFS,2026-08-28 18:00,2026-08-30 00:00,21,전주,0,24.0,21.0,0.0,0.0,21.0,0.0
GFS,2026-08-28 18:00,2026-08-30 03:00,24,전주,0,23.6,25.0,0.0,0.0,25.0,0.0
GFS,2026-08-28 18:00,2026-08-30 06:00,27,전주,0,23.2,99.0,0.0,5.0,99.0,0.0
GFS,2026-08-28 18:00,2026-08-30 09:00,30,전주,0,26.5,99.0,3.0,3.0,99.0,103.0
GFS,2026-08-28 18:00,2026-08-30 12:00,33,전주,0,28.8,100.0,19.0,5.0,100.0,680.0
GFS,2026-08-28 18:00,2026-08-30 15:00,36,전주,0,29.3,83.0,36.0,5.0,83.0,727.0
GFS,2026-08-28 18:00,2026-08-30 18:00,39,전주,0,26.0,100.0,1.0,9.0,100.0,374.0
GFS,2026-08-28 18:00,2026-08-30 21:00,42,전주,0,23.0,95.0,1.0,68.0,95.0,194.0
GFS,2026-08-28 18:00,2026-08-31 00:00,45,전주,0,23.0,100.0,38.0,93.0,100.0,0.0
GFS,2026-08-28 18:00,2026-08-31 03:00,48,전주,0,22.4,100.0,41.0,5.0,100.0,0.0
GFS,2026-08-28 18:00,2026-08-31 06:00,51,전주,0,21.6,100.0,29.0,49.0,100.0,0.0
GFS,2026-08-28 18:00,2026-08-31 09:00,54,전주,0,22.4,100.0,77.0,72.0,100.0,59.0
GFS,2026-08-28 18:00,2026-08-31 12:00,57,전주,0,23.5,87.0,72.0,5.0,82.0,309.0
GFS,2026-08-28 18:00,2026-08-31 15:00,60,전주,0,26.9,29.0,29.0,1.0,1.0,483.0
GFS,2026-08-28 18:00,2026-08-31 18:00,63,전주,0,26.0,59.0,3.0,0.0,59.0,397.0
GFS,2026-08-28 18:00,2026-08-31 21:00,66,전주,0,22.1,100.0,0.0,0.0,100.0,205.0
GFS,2026-08-28 18:00,2026-09-01 00:00,69,전주,0,21.8,90.0,10.0,4.0,90.0,0.0
GFS,2026-08-28 18:00,2026-09-01 03:00,72,전주,0,21.5,100.0,2.0,100.0,30.0,0.0
GFS,2026-08-28 18:00,2026-09-01 06:00,75,전주,0,21.7,100.0,0.0,100.0,98.0,0.0
GFS,2026-08-28 18:00,2026-09-01 09:00,78,전주,0,25.6,100.0,0.0,100.0,99.0,90.0
GFS,2026-08-28 18:00,2026-09-01 12:00,81,전주,0,29.2,99.0,15.0,99.0,99.0,642.0
GFS,2026-08-28 18:00,2026-09-01 15:00,84,전주,0,28.6,100.0,0.0,100.0,80.0,621.0
GFS,2026-08-28 18:00,2026-09-01 18:00,87,전주,0,27.4,97.0,1.0,97.0,78.0,305.0
GFS,2026-08-28 18:00,2026-09-01 21:00,90,전주,0,24.4,100.0,0.0,16.0,100.0,158.0
GFS,2026-08-28 18:00,2026-09-02 00:00,93,전주,0,23.6,100.0,0.0,53.0,100.0,0.0
GFS,2026-08-28 18:00,2026-09-02 03:00,96,전주,0,22.9,97.0,0.0,47.0,97.0,0.0
GFS,2026-08-28 18:00,2026-09-02 06:00,99,전주,0,21.3,61.0,1.0,45.0,28.0,0.0
GFS,2026-08-28 18:00,2026-09-02 09:00,102,전주,0,24.4,100.0,3.0,19.0,100.0,82.0
GFS,2026-08-28 18:00,2026-09-02 12:00,105,전주,0,28.9,41.0,0.0,4.0,41.0,638.0
GFS,2026-08-28 18:00,2026-09-02 15:00,108,전주,0,30.4,89.0,5.0,5.0,89.0,699.0
GFS,2026-08-28 18:00,2026-09-02 18:00,111,전주,0,27.1,32.0,0.0,5.0,32.0,381.0
GFS,2026-08-28 18:00,2026-09-02 21:00,114,전주,0,23.3,81.0,0.0,5.0,81.0,197.0
GFS,2026-08-28 18:00,2026-09-03 00:00,117,전주,0,22.0,100.0,0.0,98.0,99.0,0.0
GFS,2026-08-28 18:00,2026-09-03 03:00,120,전주,0,21.7,88.0,58.0,88.0,5.0,0.0
GFS,2026-08-28 18:00,2026-08-29 03:00,0,강릉,0,23.0,100.0,100.0,45.0,41.0,
GFS,2026-08-28 18:00,2026-08-29 06:00,3,강릉,0,23.4,100.0,26.0,11.0,100.0,0.0
GFS,2026-08-28 18:00,2026-08-29 09:00,6,강릉,0,24.0,93.0,40.0,45.0,93.0,82.0
GFS,2026-08-28 18:00,2026-08-29 12:00,9,강릉,0,24.6,94.0,73.0,85.0,89.0,428.0
GFS,2026-08-28 18:00,2026-08-29 15:00,12,강릉,0,24.0,100.0,32.0,40.0,100.0,450.0
GFS,2026-08-28 18:00,2026-08-29 18:00,15,강릉,0,23.1,43.0,43.0,0.0,0.0,304.0
GFS,2026-08-28 18:00,2026-08-29 21:00,18,강릉,0,22.6,78.0,78.0,20.0,0.0,156.0
GFS,2026-08-28 18:00,2026-08-30 00:00,21,강릉,0,22.4,69.0,69.0,18.0,1.0,0.0
GFS,2026-08-28 18:00,2026-08-30 03:00,24,강릉,0,22.4,100.0,68.0,100.0,0.0,0.0
GFS,2026-08-28 18:00,2026-08-30 06:00,27,강릉,0,22.7,100.0,51.0,100.0,4.0,0.0
GFS,2026-08-28 18:00,2026-08-30 09:00,30,강릉,0,22.9,100.0,30.0,100.0,100.0,36.0
GFS,2026-08-28 18:00,2026-08-30 12:00,33,강릉,0,24.2,100.0,21.0,100.0,24.0,491.0
GFS,2026-08-28 18:00,2026-08-30 15:00,36,강릉,0,24.3,100.0,2.0,100.0,26.0,474.0
GFS,2026-08-28 18:00,2026-08-30 18:00,39,강릉,0,23.4,100.0,8.0,100.0,5.0,153.0
GFS,2026-08-28 18:00,2026-08-30 21:00,42,강릉,0,23.4,100.0,16.0,100.0,29.0,77.0
GFS,2026-08-28 18:00,2026-08-31 00:00,45,강릉,0,23.6,100.0,98.0,100.0,100.0,0.0
GFS,2026-08-28 18:00,2026-08-31 03:00,48,강릉,0,22.6,100.0,100.0,100.0,100.0,0.0
GFS,2026-08-28 18:00,2026-08-31 06:00,51,강릉,0,21.2,100.0,12.0,100.0,100.0,0.0
GFS,2026-08-28 18:00,2026-08-31 09:00,54,강릉,0,21.5,100.0,76.0,100.0,9.0,6.0
GFS,2026-08-28 18:00,2026-08-31 12:00,57,강릉,0,21.1,100.0,100.0,100.0,89.0,39.0
GFS,2026-08-28 18:00,2026-08-31 15:00,60,강릉,0,20.4,100.0,25.0,100.0,78.0,42.0
GFS,2026-08-28 18:00,2026-08-31 18:00,63,강릉,0,21.2,100.0,21.0,72.0,100.0,27.0
GFS,2026-08-28 18:00,2026-08-31 21:00,66,강릉,0,21.3,90.0,77.0,5.0,90.0,17.0
GFS,2026-08-28 18:00,2026-09-01 00:00,69,강릉,0,21.6,100.0,1.0,5.0,100.0,0.0
GFS,2026-08-28 18:00,2026-09-01 03:00,72,강릉,0,21.4,100.0,5.0,6.0,100.0,0.0
GFS,2026-08-28 18:00,2026-09-01 06:00,75,강릉,0,21.2,100.0,0.0,100.0,100.0,0.0
GFS,2026-08-28 18:00,2026-09-01 09:00,78,강릉,0,22.9,100.0,1.0,80.0,100.0,81.0
GFS,2026-08-28 18:00,2026-09-01 12:00,81,강릉,0,23.4,94.0,18.0,94.0,89.0,428.0
GFS,2026-08-28 18:00,2026-09-01 15:00,84,강릉,0,23.6,100.0,29.0,100.0,76.0,446.0
GFS,2026-08-28 18:00,2026-09-01 18:00,87,강릉,0,23.3,100.0,18.0,100.0,100.0,160.0
GFS,2026-08-28 18:00,2026-09-01 21:00,90,강릉,0,22.6,100.0,60.0,100.0,98.0,82.0
GFS,2026-08-28 18:00,2026-09-02 00:00,93,강릉,0,22.7,100.0,96.0,100.0,100.0,0.0
GFS,2026-08-28 18:00,2026-09-02 03:00,96,강릉,0,22.0,100.0,76.0,100.0,100.0,0.0
GFS,2026-08-28 18:00,2026-09-02 06:00,99,강릉,0,22.1,100.0,45.0,100.0,100.0,0.0
GFS,2026-08-28 18:00,2026-09-02 09:00,102,강릉,0,22.6,100.0,43.0,100.0,100.0,34.0
GFS,2026-08-28 18:00,2026-09-02 12:00,105,강릉,0,23.2,100.0,99.0,100.0,100.0,259.0
GFS,2026-08-28 18:00,2026-09-02 15:00,108,강릉,0,23.0,100.0,98.0,100.0,100.0,199.0
GFS,2026-08-28 18:00,2026-09-02 18:00,111,강릉,0,21.8,100.0,100.0,35.0,100.0,68.0
GFS,2026-08-28 18:00,2026-09-02 21:00,114,강릉,0,21.6,100.0,96.0,76.0,100.0,34.0
GFS,2026-08-28 18:00,2026-09-03 00:00,117,강릉,0,21.7,100.0,96.0,87.0,100.0,0.0
GFS,2026-08-28 18:00,2026-09-03 03:00,120,강릉,0,21.7,100.0,100.0,100.0,100.0,0.0
GFS,2026-08-28 18:00,2026-08-29 03:00,0,제주,0,25.8,100.0,18.0,0.0,100.0,
GFS,2026-08-28 18:00,2026-08-29 06:00,3,제주,0,25.6,59.0,14.0,0.0,59.0,0.0
GFS,2026-08-28 18:00,2026-08-29 09:00,6,제주,0,28.2,100.0,7.0,0.0,100.0,98.0
GFS,2026-08-28 18:00,2026-08-29 12:00,9,제주,0,29.8,100.0,18.0,0.0,100.0,653.0
GFS,2026-08-28 18:00,2026-08-29 15:00,12,제주,0,29.6,100.0,59.0,0.0,100.0,681.0
GFS,2026-08-28 18:00,2026-08-29 18:00,15,제주,0,27.7,100.0,40.0,0.0,100.0,286.0
GFS,2026-08-28 18:00,2026-08-29 21:00,18,제주,0,26.6,89.0,5.0,0.0,89.0,149.0
GFS,2026-08-28 18:00,2026-08-30 00:00,21,제주,0,25.8,54.0,10.0,0.0,50.0,0.0
GFS,2026-08-28 18:00,2026-08-30 03:00,24,제주,0,25.5,97.0,7.0,0.0,97.0,0.0
GFS,2026-08-28 18:00,2026-08-30 06:00,27,제주,0,25.4,100.0,6.0,0.0,100.0,0.0
GFS,2026-08-28 18:00,2026-08-30 09:00,30,제주,0,28.1,96.0,3.0,0.0,96.0,113.0
GFS,2026-08-28 18:00,2026-08-30 12:00,33,제주,0,28.7,35.0,35.0,0.0,5.0,686.0
GFS,2026-08-28 18:00,2026-08-30 15:00,36,제주,0,29.1,40.0,38.0,0.0,7.0,704.0
GFS,2026-08-28 18:00,2026-08-30 18:00,39,제주,0,27.7,58.0,51.0,0.0,56.0,322.0
GFS,2026-08-28 18:00,2026-08-30 21:00,42,제주,0,26.0,5.0,1.0,0.0,5.0,168.0
GFS,2026-08-28 18:00,2026-08-31 00:00,45,제주,0,25.4,8.0,8.0,0.0,0.0,0.0
GFS,2026-08-28 18:00,2026-08-31 03:00,48,제주,0,24.9,12.0,12.0,0.0,0.0,0.0
GFS,2026-08-28 18:00,2026-08-31 06:00,51,제주,0,24.5,13.0,12.0,0.0,5.0,0.0
GFS,2026-08-28 18:00,2026-08-31 09:00,54,제주,0,27.2,81.0,2.0,0.0,81.0,110.0
GFS,2026-08-28 18:00,2026-08-31 12:00,57,제주,0,29.1,100.0,24.0,0.0,100.0,736.0
GFS,2026-08-28 18:00,2026-08-31 15:00,60,제주,0,28.5,100.0,49.0,0.0,100.0,712.0
GFS,2026-08-28 18:00,2026-08-31 18:00,63,제주,0,27.9,26.0,6.0,0.0,26.0,339.0
GFS,2026-08-28 18:00,2026-08-31 21:00,66,제주,0,24.9,54.0,0.0,0.0,54.0,178.0
GFS,2026-08-28 18:00,2026-09-01 00:00,69,제주,0,24.6,29.0,14.0,0.0,18.0,0.0
GFS,2026-08-28 18:00,2026-09-01 03:00,72,제주,0,24.4,8.0,7.0,0.0,3.0,0.0
GFS,2026-08-28 18:00,2026-09-01 06:00,75,제주,0,24.7,100.0,1.0,0.0,100.0,0.0
GFS,2026-08-28 18:00,2026-09-01 09:00,78,제주,0,26.9,100.0,5.0,21.0,100.0,100.0
GFS,2026-08-28 18:00,2026-09-01 12:00,81,제주,0,29.0,100.0,0.0,46.0,100.0,693.0
GFS,2026-08-28 18:00,2026-09-01 15:00,84,제주,0,28.5,39.0,1.0,2.0,39.0,748.0
GFS,2026-08-28 18:00,2026-09-01 18:00,87,제주,0,27.0,8.0,0.0,3.0,8.0,425.0
GFS,2026-08-28 18:00,2026-09-01 21:00,90,제주,0,25.9,20.0,0.0,5.0,20.0,221.0
GFS,2026-08-28 18:00,2026-09-02 00:00,93,제주,0,25.6,22.0,0.0,0.0,22.0,0.0
GFS,2026-08-28 18:00,2026-09-02 03:00,96,제주,0,25.3,83.0,0.0,0.0,83.0,0.0
GFS,2026-08-28 18:00,2026-09-02 06:00,99,제주,0,24.7,35.0,4.0,0.0,35.0,0.0
GFS,2026-08-28 18:00,2026-09-02 09:00,102,제주,0,27.8,1.0,1.0,0.0,0.0,112.0
GFS,2026-08-28 18:00,2026-09-02 12:00,105,제주,0,28.4,7.0,7.0,0.0,1.0,746.0
GFS,2026-08-28 18:00,2026-09-02 15:00,108,제주,0,28.5,11.0,10.0,0.0,3.0,793.0
GFS,2026-08-28 18:00,2026-09-02 18:00,111,제주,0,27.1,58.0,0.0,58.0,0.0,432.0
GFS,2026-08-28 18:00,2026-09-02 21:00,114,제주,0,25.6,92.0,4.0,92.0,0.0,224.0
GFS,2026-08-28 18:00,2026-09-03 00:00,117,제주,0,24.9,96.0,90.0,96.0,0.0,0.0
GFS,2026-08-28 18:00,2026-09-03 03:00,120,제주,0,24.7,87.0,86.0,81.0,1.0,0.0
GFS,2026-08-28 18:00,2026-08-29 03:00,0,나주,0,24.6,100.0,0.0,0.0,100.0,
GFS,2026-08-28 18:00,2026-08-29 06:00,3,나주,0,24.4,100.0,2.0,0.0,100.0,0.0
GFS,2026-08-28 18:00,2026-08-29 09:00,6,나주,0,27.7,100.0,11.0,0.0,100.0,85.0
GFS,2026-08-28 18:00,2026-08-29 12:00,9,나주,0,29.4,96.0,65.0,0.0,94.0,589.0
GFS,2026-08-28 18:00,2026-08-29 15:00,12,나주,0,30.1,58.0,58.0,0.0,11.0,640.0
GFS,2026-08-28 18:00,2026-08-29 18:00,15,나주,0,28.2,100.0,0.0,0.0,100.0,356.0
GFS,2026-08-28 18:00,2026-08-29 21:00,18,나주,0,25.2,98.0,0.0,0.0,98.0,185.0
GFS,2026-08-28 18:00,2026-08-30 00:00,21,나주,0,24.5,5.0,0.0,0.0,5.0,0.0
GFS,2026-08-28 18:00,2026-08-30 03:00,24,나주,0,24.0,42.0,0.0,0.0,42.0,0.0
GFS,2026-08-28 18:00,2026-08-30 06:00,27,나주,0,23.8,55.0,0.0,0.0,55.0,0.0
GFS,2026-08-28 18:00,2026-08-30 09:00,30,나주,0,27.4,5.0,0.0,0.0,5.0,107.0
GFS,2026-08-28 18:00,2026-08-30 12:00,33,나주,0,30.0,36.0,36.0,0.0,5.0,711.0
GFS,2026-08-28 18:00,2026-08-30 15:00,36,나주,0,30.0,49.0,49.0,4.0,6.0,720.0
GFS,2026-08-28 18:00,2026-08-30 18:00,39,나주,0,28.0,6.0,0.0,0.0,6.0,390.0
GFS,2026-08-28 18:00,2026-08-30 21:00,42,나주,0,24.7,97.0,16.0,0.0,97.0,203.0
GFS,2026-08-28 18:00,2026-08-31 00:00,45,나주,0,23.8,100.0,0.0,5.0,100.0,0.0
GFS,2026-08-28 18:00,2026-08-31 03:00,48,나주,0,23.1,100.0,0.0,1.0,100.0,0.0
GFS,2026-08-28 18:00,2026-08-31 06:00,51,나주,0,22.7,100.0,0.0,5.0,100.0,0.0
GFS,2026-08-28 18:00,2026-08-31 09:00,54,나주,0,26.3,100.0,2.0,5.0,100.0,98.0
GFS,2026-08-28 18:00,2026-08-31 12:00,57,나주,0,30.0,87.0,39.0,0.0,87.0,682.0
GFS,2026-08-28 18:00,2026-08-31 15:00,60,나주,0,30.3,29.0,29.0,0.0,0.0,735.0
GFS,2026-08-28 18:00,2026-08-31 18:00,63,나주,0,28.2,86.0,1.0,0.0,86.0,419.0
GFS,2026-08-28 18:00,2026-08-31 21:00,66,나주,0,24.4,80.0,0.0,0.0,80.0,217.0
GFS,2026-08-28 18:00,2026-09-01 00:00,69,나주,0,23.3,74.0,0.0,5.0,74.0,0.0
GFS,2026-08-28 18:00,2026-09-01 03:00,72,나주,0,22.5,96.0,0.0,43.0,96.0,0.0
GFS,2026-08-28 18:00,2026-09-01 06:00,75,나주,0,22.2,86.0,0.0,5.0,86.0,0.0
GFS,2026-08-28 18:00,2026-09-01 09:00,78,나주,0,26.6,61.0,0.0,38.0,61.0,104.0
GFS,2026-08-28 18:00,2026-09-01 12:00,81,나주,0,31.0,99.0,2.0,99.0,15.0,694.0
GFS,2026-08-28 18:00,2026-09-01 15:00,84,나주,0,31.7,78.0,73.0,48.0,68.0,705.0
GFS,2026-08-28 18:00,2026-09-01 18:00,87,나주,0,27.3,100.0,0.0,79.0,92.0,271.0
GFS,2026-08-28 18:00,2026-09-01 21:00,90,나주,0,24.1,100.0,0.0,9.0,100.0,142.0
GFS,2026-08-28 18:00,2026-09-02 00:00,93,나주,0,23.5,100.0,0.0,89.0,99.0,0.0
GFS,2026-08-28 18:00,2026-09-02 03:00,96,나주,0,23.1,73.0,0.0,4.0,73.0,0.0
GFS,2026-08-28 18:00,2026-09-02 06:00,99,나주,0,22.4,7.0,0.0,5.0,7.0,0.0
GFS,2026-08-28 18:00,2026-09-02 09:00,102,나주,0,25.8,100.0,2.0,0.0,100.0,98.0
GFS,2026-08-28 18:00,2026-09-02 12:00,105,나주,0,29.6,26.0,25.0,0.0,5.0,688.0
GFS,2026-08-28 18:00,2026-09-02 15:00,108,나주,0,29.8,82.0,1.0,1.0,82.0,747.0
GFS,2026-08-28 18:00,2026-09-02 18:00,111,나주,0,26.1,43.0,0.0,6.0,43.0,390.0
GFS,2026-08-28 18:00,2026-09-02 21:00,114,나주,0,23.7,5.0,0.0,5.0,4.0,202.0
GFS,2026-08-28 18:00,2026-09-03 00:00,117,나주,0,22.7,100.0,43.0,100.0,24.0,0.0
GFS,2026-08-28 18:00,2026-09-03 03:00,120,나주,0,23.0,100.0,69.0,100.0,5.0,0.0
KIM,2026-08-28 18:00,2026-08-29 03:00,0,서울,1,23.6,100.0,100.0,0.0,100.0,0.0
KIM,2026-08-28 18:00,2026-08-29 06:00,3,서울,1,23.7,100.0,100.0,100.0,98.0,0.0
KIM,2026-08-28 18:00,2026-08-29 09:00,6,서울,1,25.0,100.0,100.0,32.0,0.0,67.0
KIM,2026-08-28 18:00,2026-08-29 12:00,9,서울,1,26.2,99.0,97.0,6.0,76.0,150.0
KIM,2026-08-28 18:00,2026-08-29 15:00,12,서울,1,28.5,18.0,18.0,6.0,0.0,341.0
KIM,2026-08-28 18:00,2026-08-29 18:00,15,서울,1,26.3,83.0,83.0,10.0,0.0,326.0
KIM,2026-08-28 18:00,2026-08-29 21:00,18,서울,1,24.1,69.0,69.0,6.0,0.0,13.0
KIM,2026-08-28 18:00,2026-08-30 00:00,21,서울,1,22.9,100.0,99.0,100.0,97.0,0.0
KIM,2026-08-28 18:00,2026-08-30 03:00,24,서울,1,22.6,100.0,94.0,100.0,99.0,0.0
KIM,2026-08-28 18:00,2026-08-30 06:00,27,서울,1,22.4,100.0,96.0,100.0,46.0,0.0
KIM,2026-08-28 18:00,2026-08-30 09:00,30,서울,1,24.0,100.0,20.0,87.0,100.0,90.0
KIM,2026-08-28 18:00,2026-08-30 12:00,33,서울,1,24.5,100.0,65.0,100.0,100.0,191.0
KIM,2026-08-28 18:00,2026-08-30 15:00,36,서울,1,26.5,94.0,62.0,87.0,85.0,248.0
KIM,2026-08-28 18:00,2026-08-30 18:00,39,서울,1,26.8,100.0,97.0,90.0,100.0,242.0
KIM,2026-08-28 18:00,2026-08-30 21:00,42,서울,1,24.8,100.0,91.0,82.0,100.0,9.0
KIM,2026-08-28 18:00,2026-08-31 00:00,45,서울,1,23.9,100.0,77.0,90.0,100.0,0.0
KIM,2026-08-28 18:00,2026-08-31 03:00,48,서울,1,23.2,100.0,100.0,100.0,100.0,0.0
KIM,2026-08-28 18:00,2026-08-31 06:00,51,서울,1,23.0,100.0,81.0,87.0,100.0,0.0
KIM,2026-08-28 18:00,2026-08-31 09:00,54,서울,1,23.7,100.0,72.0,96.0,100.0,55.0
KIM,2026-08-28 18:00,2026-08-31 12:00,57,서울,1,24.2,100.0,95.0,95.0,100.0,199.0
KIM,2026-08-28 18:00,2026-08-31 15:00,60,서울,1,23.2,100.0,94.0,99.0,99.0,198.0
KIM,2026-08-28 18:00,2026-08-31 18:00,63,서울,1,22.7,99.0,74.0,72.0,99.0,114.0
KIM,2026-08-28 18:00,2026-08-31 21:00,66,서울,1,21.9,100.0,48.0,87.0,100.0,7.0
KIM,2026-08-28 18:00,2026-09-01 00:00,69,서울,1,21.8,100.0,99.0,100.0,100.0,0.0
KIM,2026-08-28 18:00,2026-09-01 03:00,72,서울,1,21.5,100.0,60.0,95.0,100.0,0.0
KIM,2026-08-28 18:00,2026-08-29 03:00,0,대전,1,24.7,100.0,66.0,10.0,100.0,0.0
KIM,2026-08-28 18:00,2026-08-29 06:00,3,대전,1,24.4,99.0,88.0,16.0,97.0,0.0
KIM,2026-08-28 18:00,2026-08-29 09:00,6,대전,1,25.9,41.0,27.0,8.0,18.0,139.0
KIM,2026-08-28 18:00,2026-08-29 12:00,9,대전,1,27.7,100.0,29.0,20.0,100.0,549.0
KIM,2026-08-28 18:00,2026-08-29 15:00,12,대전,1,28.3,100.0,60.0,10.0,100.0,625.0
KIM,2026-08-28 18:00,2026-08-29 18:00,15,대전,1,27.0,89.0,87.0,9.0,65.0,264.0
KIM,2026-08-28 18:00,2026-08-29 21:00,18,대전,1,25.4,92.0,57.0,14.0,85.0,7.0
KIM,2026-08-28 18:00,2026-08-30 00:00,21,대전,1,23.9,61.0,14.0,31.0,52.0,0.0
KIM,2026-08-28 18:00,2026-08-30 03:00,24,대전,1,23.3,100.0,100.0,19.0,100.0,0.0
KIM,2026-08-28 18:00,2026-08-30 06:00,27,대전,1,22.9,100.0,89.0,99.0,100.0,0.0
KIM,2026-08-28 18:00,2026-08-30 09:00,30,대전,1,22.2,100.0,99.0,29.0,100.0,8.0
KIM,2026-08-28 18:00,2026-08-30 12:00,33,대전,1,22.9,99.0,99.0,9.0,92.0,51.0
KIM,2026-08-28 18:00,2026-08-30 15:00,36,대전,1,27.5,100.0,20.0,1.0,100.0,497.0
KIM,2026-08-28 18:00,2026-08-30 18:00,39,대전,1,27.0,95.0,49.0,2.0,94.0,373.0
KIM,2026-08-28 18:00,2026-08-30 21:00,42,대전,1,24.4,100.0,15.0,23.0,100.0,9.0
KIM,2026-08-28 18:00,2026-08-31 00:00,45,대전,1,23.2,100.0,19.0,12.0,100.0,0.0
KIM,2026-08-28 18:00,2026-08-31 03:00,48,대전,1,22.6,100.0,13.0,12.0,100.0,0.0
KIM,2026-08-28 18:00,2026-08-31 06:00,51,대전,1,22.8,100.0,32.0,24.0,100.0,0.0
KIM,2026-08-28 18:00,2026-08-31 09:00,54,대전,1,23.2,100.0,100.0,99.0,100.0,18.0
KIM,2026-08-28 18:00,2026-08-31 12:00,57,대전,1,21.6,100.0,100.0,79.0,100.0,28.0
KIM,2026-08-28 18:00,2026-08-31 15:00,60,대전,1,20.9,100.0,97.0,27.0,100.0,50.0
KIM,2026-08-28 18:00,2026-08-31 18:00,63,대전,1,21.6,100.0,27.0,63.0,99.0,98.0
KIM,2026-08-28 18:00,2026-08-31 21:00,66,대전,1,21.5,100.0,83.0,99.0,67.0,7.0
KIM,2026-08-28 18:00,2026-09-01 00:00,69,대전,1,20.7,100.0,59.0,100.0,36.0,0.0
KIM,2026-08-28 18:00,2026-09-01 03:00,72,대전,1,20.6,100.0,97.0,64.0,100.0,0.0
KIM,2026-08-28 18:00,2026-08-29 03:00,0,대구,1,24.5,100.0,62.0,0.0,100.0,0.0
KIM,2026-08-28 18:00,2026-08-29 06:00,3,대구,1,24.6,98.0,86.0,84.0,94.0,0.0
KIM,2026-08-28 18:00,2026-08-29 09:00,6,대구,1,27.3,94.0,36.0,36.0,93.0,223.0
KIM,2026-08-28 18:00,2026-08-29 12:00,9,대구,1,29.8,100.0,60.0,11.0,100.0,707.0
KIM,2026-08-28 18:00,2026-08-29 15:00,12,대구,1,28.9,100.0,98.0,9.0,100.0,498.0
KIM,2026-08-28 18:00,2026-08-29 18:00,15,대구,1,27.3,93.0,82.0,12.0,90.0,177.0
KIM,2026-08-28 18:00,2026-08-29 21:00,18,대구,1,26.0,100.0,65.0,10.0,100.0,9.0
KIM,2026-08-28 18:00,2026-08-30 00:00,21,대구,1,25.0,48.0,16.0,6.0,40.0,0.0
KIM,2026-08-28 18:00,2026-08-30 03:00,24,대구,1,24.2,58.0,31.0,37.0,15.0,0.0
KIM,2026-08-28 18:00,2026-08-30 06:00,27,대구,1,23.8,62.0,61.0,0.0,2.0,0.0
KIM,2026-08-28 18:00,2026-08-30 09:00,30,대구,1,25.9,82.0,47.0,14.0,74.0,173.0
KIM,2026-08-28 18:00,2026-08-30 12:00,33,대구,1,28.3,34.0,8.0,1.0,30.0,562.0
KIM,2026-08-28 18:00,2026-08-30 15:00,36,대구,1,30.4,77.0,56.0,2.0,46.0,732.0
KIM,2026-08-28 18:00,2026-08-30 18:00,39,대구,1,28.4,27.0,26.0,11.0,2.0,337.0
KIM,2026-08-28 18:00,2026-08-30 21:00,42,대구,1,25.8,59.0,8.0,6.0,55.0,10.0
KIM,2026-08-28 18:00,2026-08-31 00:00,45,대구,1,25.0,93.0,79.0,23.0,88.0,0.0
KIM,2026-08-28 18:00,2026-08-31 03:00,48,대구,1,24.4,100.0,33.0,0.0,100.0,0.0
KIM,2026-08-28 18:00,2026-08-31 06:00,51,대구,1,23.6,100.0,13.0,0.0,100.0,0.0
KIM,2026-08-28 18:00,2026-08-31 09:00,54,대구,1,26.3,100.0,93.0,10.0,99.0,139.0
KIM,2026-08-28 18:00,2026-08-31 12:00,57,대구,1,28.2,82.0,19.0,10.0,78.0,488.0
KIM,2026-08-28 18:00,2026-08-31 15:00,60,대구,1,26.7,97.0,39.0,19.0,95.0,560.0
KIM,2026-08-28 18:00,2026-08-31 18:00,63,대구,1,24.6,99.0,95.0,20.0,98.0,136.0
KIM,2026-08-28 18:00,2026-08-31 21:00,66,대구,1,23.2,100.0,100.0,0.0,100.0,7.0
KIM,2026-08-28 18:00,2026-09-01 00:00,69,대구,1,23.0,94.0,94.0,3.0,56.0,0.0
KIM,2026-08-28 18:00,2026-09-01 03:00,72,대구,1,22.4,80.0,76.0,0.0,65.0,0.0
KIM,2026-08-28 18:00,2026-08-29 03:00,0,광주,1,24.9,100.0,77.0,17.0,100.0,0.0
KIM,2026-08-28 18:00,2026-08-29 06:00,3,광주,1,24.6,96.0,50.0,16.0,94.0,0.0
KIM,2026-08-28 18:00,2026-08-29 09:00,6,광주,1,27.2,74.0,31.0,15.0,62.0,202.0
KIM,2026-08-28 18:00,2026-08-29 12:00,9,광주,1,28.2,100.0,14.0,7.0,100.0,564.0
KIM,2026-08-28 18:00,2026-08-29 15:00,12,광주,1,27.9,100.0,10.0,3.0,100.0,611.0
KIM,2026-08-28 18:00,2026-08-29 18:00,15,광주,1,26.8,99.0,93.0,12.0,92.0,286.0
KIM,2026-08-28 18:00,2026-08-29 21:00,18,광주,1,25.4,90.0,90.0,7.0,51.0,9.0
KIM,2026-08-28 18:00,2026-08-30 00:00,21,광주,1,24.9,71.0,54.0,1.0,41.0,0.0
KIM,2026-08-28 18:00,2026-08-30 03:00,24,광주,1,24.4,99.0,93.0,13.0,98.0,0.0
KIM,2026-08-28 18:00,2026-08-30 06:00,27,광주,1,24.0,100.0,67.0,13.0,99.0,0.0
KIM,2026-08-28 18:00,2026-08-30 09:00,30,광주,1,26.7,97.0,11.0,9.0,97.0,172.0
KIM,2026-08-28 18:00,2026-08-30 12:00,33,광주,1,27.4,94.0,93.0,0.0,63.0,494.0
KIM,2026-08-28 18:00,2026-08-30 15:00,36,광주,1,28.0,57.0,26.0,16.0,43.0,322.0
KIM,2026-08-28 18:00,2026-08-30 18:00,39,광주,1,27.4,23.0,23.0,0.0,0.0,318.0
KIM,2026-08-28 18:00,2026-08-30 21:00,42,광주,1,25.4,23.0,23.0,0.0,7.0,14.0
KIM,2026-08-28 18:00,2026-08-31 00:00,45,광주,1,24.5,100.0,47.0,15.0,100.0,0.0
KIM,2026-08-28 18:00,2026-08-31 03:00,48,광주,1,24.0,100.0,60.0,9.0,100.0,0.0
KIM,2026-08-28 18:00,2026-08-31 06:00,51,광주,1,24.0,100.0,90.0,13.0,100.0,0.0
KIM,2026-08-28 18:00,2026-08-31 09:00,54,광주,1,26.3,100.0,93.0,24.0,100.0,90.0
KIM,2026-08-28 18:00,2026-08-31 12:00,57,광주,1,29.3,100.0,11.0,4.0,100.0,468.0
KIM,2026-08-28 18:00,2026-08-31 15:00,60,광주,1,29.7,99.0,77.0,15.0,98.0,604.0
KIM,2026-08-28 18:00,2026-08-31 18:00,63,광주,1,25.3,100.0,100.0,0.0,99.0,123.0
KIM,2026-08-28 18:00,2026-08-31 21:00,66,광주,1,25.2,84.0,84.0,0.0,31.0,1.0
KIM,2026-08-28 18:00,2026-09-01 00:00,69,광주,1,24.1,100.0,99.0,0.0,100.0,0.0
KIM,2026-08-28 18:00,2026-09-01 03:00,72,광주,1,23.9,100.0,100.0,5.0,100.0,0.0
KIM,2026-08-28 18:00,2026-08-29 03:00,0,부산,1,26.3,100.0,44.0,14.0,100.0,0.0
KIM,2026-08-28 18:00,2026-08-29 06:00,3,부산,1,25.6,75.0,38.0,13.0,62.0,0.0
KIM,2026-08-28 18:00,2026-08-29 09:00,6,부산,1,28.2,40.0,32.0,6.0,22.0,194.0
KIM,2026-08-28 18:00,2026-08-29 12:00,9,부산,1,30.6,100.0,26.0,20.0,100.0,627.0
KIM,2026-08-28 18:00,2026-08-29 15:00,12,부산,1,29.5,94.0,19.0,18.0,92.0,580.0
KIM,2026-08-28 18:00,2026-08-29 18:00,15,부산,1,28.6,100.0,26.0,10.0,100.0,274.0
KIM,2026-08-28 18:00,2026-08-29 21:00,18,부산,1,26.8,9.0,1.0,0.0,7.0,9.0
KIM,2026-08-28 18:00,2026-08-30 00:00,21,부산,1,26.0,51.0,39.0,22.0,20.0,0.0
KIM,2026-08-28 18:00,2026-08-30 03:00,24,부산,1,25.6,62.0,12.0,5.0,56.0,0.0
KIM,2026-08-28 18:00,2026-08-30 06:00,27,부산,1,25.0,61.0,30.0,7.0,51.0,0.0
KIM,2026-08-28 18:00,2026-08-30 09:00,30,부산,1,27.7,52.0,37.0,18.0,28.0,168.0
KIM,2026-08-28 18:00,2026-08-30 12:00,33,부산,1,30.2,68.0,60.0,24.0,27.0,550.0
KIM,2026-08-28 18:00,2026-08-30 15:00,36,부산,1,29.4,100.0,17.0,14.0,100.0,552.0
KIM,2026-08-28 18:00,2026-08-30 18:00,39,부산,1,28.8,21.0,21.0,11.0,2.0,241.0
KIM,2026-08-28 18:00,2026-08-30 21:00,42,부산,1,26.7,70.0,6.0,0.0,68.0,9.0
KIM,2026-08-28 18:00,2026-08-31 00:00,45,부산,1,26.0,45.0,28.0,3.0,30.0,0.0
KIM,2026-08-28 18:00,2026-08-31 03:00,48,부산,1,25.5,97.0,47.0,16.0,95.0,0.0
KIM,2026-08-28 18:00,2026-08-31 06:00,51,부산,1,25.1,99.0,79.0,11.0,86.0,0.0
KIM,2026-08-28 18:00,2026-08-31 09:00,54,부산,1,28.2,100.0,24.0,25.0,100.0,206.0
KIM,2026-08-28 18:00,2026-08-31 12:00,57,부산,1,28.9,92.0,19.0,16.0,89.0,538.0
KIM,2026-08-28 18:00,2026-08-31 15:00,60,부산,1,30.8,100.0,57.0,0.0,100.0,689.0
KIM,2026-08-28 18:00,2026-08-31 18:00,63,부산,1,28.9,100.0,49.0,0.0,100.0,348.0
KIM,2026-08-28 18:00,2026-08-31 21:00,66,부산,1,25.9,97.0,82.0,0.0,95.0,9.0
KIM,2026-08-28 18:00,2026-09-01 00:00,69,부산,1,24.7,84.0,84.0,0.0,20.0,0.0
KIM,2026-08-28 18:00,2026-09-01 03:00,72,부산,1,23.9,65.0,65.0,0.0,30.0,0.0
KIM,2026-08-28 18:00,2026-08-29 03:00,0,인천,0,23.5,100.0,100.0,0.0,100.0,0.0
KIM,2026-08-28 18:00,2026-08-29 06:00,3,인천,0,23.9,100.0,100.0,100.0,95.0,0.0
KIM,2026-08-28 18:00,2026-08-29 09:00,6,인천,0,25.1,99.0,99.0,11.0,0.0,45.0
KIM,2026-08-28 18:00,2026-08-29 12:00,9,인천,0,26.4,100.0,100.0,5.0,87.0,230.0
KIM,2026-08-28 18:00,2026-08-29 15:00,12,인천,0,27.7,53.0,53.0,1.0,0.0,376.0
KIM,2026-08-28 18:00,2026-08-29 18:00,15,인천,0,26.4,21.0,19.0,6.0,0.0,354.0
KIM,2026-08-28 18:00,2026-08-29 21:00,18,인천,0,24.2,84.0,84.0,26.0,1.0,14.0
KIM,2026-08-28 18:00,2026-08-30 00:00,21,인천,0,23.3,100.0,98.0,100.0,86.0,0.0
KIM,2026-08-28 18:00,2026-08-30 03:00,24,인천,0,22.9,100.0,78.0,100.0,99.0,0.0
KIM,2026-08-28 18:00,2026-08-30 06:00,27,인천,0,22.6,100.0,81.0,100.0,99.0,0.0
KIM,2026-08-28 18:00,2026-08-30 09:00,30,인천,0,24.1,100.0,26.0,100.0,100.0,83.0
KIM,2026-08-28 18:00,2026-08-30 12:00,33,인천,0,24.6,100.0,31.0,85.0,100.0,151.0
KIM,2026-08-28 18:00,2026-08-30 15:00,36,인천,0,26.1,99.0,22.0,97.0,90.0,323.0
KIM,2026-08-28 18:00,2026-08-30 18:00,39,인천,0,25.7,100.0,33.0,81.0,100.0,217.0
KIM,2026-08-28 18:00,2026-08-30 21:00,42,인천,0,24.2,100.0,66.0,79.0,100.0,9.0
KIM,2026-08-28 18:00,2026-08-31 00:00,45,인천,0,23.9,100.0,86.0,86.0,100.0,0.0
KIM,2026-08-28 18:00,2026-08-31 03:00,48,인천,0,23.6,100.0,99.0,95.0,100.0,0.0
KIM,2026-08-28 18:00,2026-08-31 06:00,51,인천,0,23.2,100.0,92.0,90.0,100.0,0.0
KIM,2026-08-28 18:00,2026-08-31 09:00,54,인천,0,24.0,100.0,80.0,94.0,100.0,54.0
KIM,2026-08-28 18:00,2026-08-31 12:00,57,인천,0,24.2,100.0,98.0,92.0,100.0,189.0
KIM,2026-08-28 18:00,2026-08-31 15:00,60,인천,0,23.1,94.0,92.0,8.0,78.0,220.0
KIM,2026-08-28 18:00,2026-08-31 18:00,63,인천,0,22.9,100.0,5.0,53.0,99.0,177.0
KIM,2026-08-28 18:00,2026-08-31 21:00,66,인천,0,22.3,100.0,82.0,75.0,100.0,7.0
KIM,2026-08-28 18:00,2026-09-01 00:00,69,인천,0,22.0,100.0,100.0,96.0,100.0,0.0
KIM,2026-08-28 18:00,2026-09-01 03:00,72,인천,0,21.7,100.0,99.0,100.0,100.0,0.0
KIM,2026-08-28 18:00,2026-08-29 03:00,0,수원,0,23.8,100.0,100.0,0.0,100.0,0.0
KIM,2026-08-28 18:00,2026-08-29 06:00,3,수원,0,23.9,100.0,100.0,91.0,93.0,0.0
KIM,2026-08-28 18:00,2026-08-29 09:00,6,수원,0,25.1,100.0,100.0,37.0,0.0,52.0
KIM,2026-08-28 18:00,2026-08-29 12:00,9,수원,0,26.8,100.0,95.0,0.0,100.0,197.0
KIM,2026-08-28 18:00,2026-08-29 15:00,12,수원,0,29.7,27.0,21.0,0.0,8.0,595.0
KIM,2026-08-28 18:00,2026-08-29 18:00,15,수원,0,27.7,12.0,12.0,0.0,0.0,397.0
KIM,2026-08-28 18:00,2026-08-29 21:00,18,수원,0,24.6,49.0,49.0,0.0,0.0,15.0
KIM,2026-08-28 18:00,2026-08-30 00:00,21,수원,0,23.1,46.0,44.0,5.0,20.0,0.0
KIM,2026-08-28 18:00,2026-08-30 03:00,24,수원,0,22.5,100.0,100.0,57.0,97.0,0.0
KIM,2026-08-28 18:00,2026-08-30 06:00,27,수원,0,22.5,100.0,100.0,91.0,96.0,0.0
KIM,2026-08-28 18:00,2026-08-30 09:00,30,수원,0,22.6,99.0,90.0,92.0,94.0,16.0
KIM,2026-08-28 18:00,2026-08-30 12:00,33,수원,0,23.9,99.0,61.0,90.0,95.0,95.0
KIM,2026-08-28 18:00,2026-08-30 15:00,36,수원,0,25.5,99.0,88.0,89.0,93.0,241.0
KIM,2026-08-28 18:00,2026-08-30 18:00,39,수원,0,26.0,100.0,43.0,90.0,100.0,196.0
KIM,2026-08-28 18:00,2026-08-30 21:00,42,수원,0,24.1,100.0,54.0,77.0,100.0,10.0
KIM,2026-08-28 18:00,2026-08-31 00:00,45,수원,0,23.5,100.0,85.0,93.0,100.0,0.0
KIM,2026-08-28 18:00,2026-08-31 03:00,48,수원,0,23.2,100.0,100.0,100.0,100.0,0.0
KIM,2026-08-28 18:00,2026-08-31 06:00,51,수원,0,22.9,100.0,79.0,97.0,100.0,0.0
KIM,2026-08-28 18:00,2026-08-31 09:00,54,수원,0,23.5,100.0,78.0,100.0,100.0,52.0
KIM,2026-08-28 18:00,2026-08-31 12:00,57,수원,0,23.0,100.0,98.0,100.0,100.0,142.0
KIM,2026-08-28 18:00,2026-08-31 15:00,60,수원,0,22.2,100.0,86.0,100.0,100.0,169.0
KIM,2026-08-28 18:00,2026-08-31 18:00,63,수원,0,21.6,100.0,90.0,86.0,100.0,111.0
KIM,2026-08-28 18:00,2026-08-31 21:00,66,수원,0,21.2,100.0,73.0,79.0,100.0,3.0
KIM,2026-08-28 18:00,2026-09-01 00:00,69,수원,0,21.5,100.0,48.0,91.0,100.0,0.0
KIM,2026-08-28 18:00,2026-09-01 03:00,72,수원,0,21.2,100.0,98.0,83.0,100.0,0.0
KIM,2026-08-28 18:00,2026-08-29 03:00,0,전주,0,24.1,100.0,66.0,15.0,100.0,0.0
KIM,2026-08-28 18:00,2026-08-29 06:00,3,전주,0,23.6,100.0,54.0,35.0,100.0,0.0
KIM,2026-08-28 18:00,2026-08-29 09:00,6,전주,0,25.3,93.0,67.0,13.0,79.0,188.0
KIM,2026-08-28 18:00,2026-08-29 12:00,9,전주,0,26.9,100.0,26.0,4.0,100.0,569.0
KIM,2026-08-28 18:00,2026-08-29 15:00,12,전주,0,26.8,94.0,19.0,13.0,92.0,612.0
KIM,2026-08-28 18:00,2026-08-29 18:00,15,전주,0,25.9,57.0,19.0,12.0,47.0,321.0
KIM,2026-08-28 18:00,2026-08-29 21:00,18,전주,0,24.4,62.0,27.0,19.0,49.0,11.0
KIM,2026-08-28 18:00,2026-08-30 00:00,21,전주,0,23.4,33.0,20.0,13.0,13.0,0.0
KIM,2026-08-28 18:00,2026-08-30 03:00,24,전주,0,23.6,93.0,22.0,13.0,91.0,0.0
KIM,2026-08-28 18:00,2026-08-30 06:00,27,전주,0,23.3,90.0,73.0,10.0,70.0,0.0
KIM,2026-08-28 18:00,2026-08-30 09:00,30,전주,0,23.6,100.0,100.0,9.0,79.0,50.0
KIM,2026-08-28 18:00,2026-08-30 12:00,33,전주,0,24.1,100.0,100.0,18.0,99.0,103.0
KIM,2026-08-28 18:00,2026-08-30 15:00,36,전주,0,26.6,100.0,24.0,3.0,100.0,442.0
KIM,2026-08-28 18:00,2026-08-30 18:00,39,전주,0,25.6,43.0,28.0,12.0,25.0,297.0
KIM,2026-08-28 18:00,2026-08-30 21:00,42,전주,0,23.6,100.0,23.0,20.0,100.0,11.0
KIM,2026-08-28 18:00,2026-08-31 00:00,45,전주,0,23.5,100.0,96.0,29.0,100.0,0.0
KIM,2026-08-28 18:00,2026-08-31 03:00,48,전주,0,23.1,100.0,18.0,13.0,100.0,0.0
KIM,2026-08-28 18:00,2026-08-31 06:00,51,전주,0,23.0,100.0,64.0,67.0,100.0,0.0
KIM,2026-08-28 18:00,2026-08-31 09:00,54,전주,0,24.0,100.0,100.0,99.0,100.0,59.0
KIM,2026-08-28 18:00,2026-08-31 12:00,57,전주,0,24.0,100.0,18.0,1.0,100.0,121.0
KIM,2026-08-28 18:00,2026-08-31 15:00,60,전주,0,22.6,100.0,100.0,20.0,100.0,472.0
KIM,2026-08-28 18:00,2026-08-31 18:00,63,전주,0,21.8,100.0,90.0,31.0,100.0,52.0
KIM,2026-08-28 18:00,2026-08-31 21:00,66,전주,0,22.2,98.0,89.0,92.0,24.0,3.0
KIM,2026-08-28 18:00,2026-09-01 00:00,69,전주,0,23.2,100.0,96.0,100.0,88.0,0.0
KIM,2026-08-28 18:00,2026-09-01 03:00,72,전주,0,22.5,100.0,40.0,32.0,100.0,0.0
KIM,2026-08-28 18:00,2026-08-29 03:00,0,강릉,0,23.6,100.0,100.0,16.0,99.0,0.0
KIM,2026-08-28 18:00,2026-08-29 06:00,3,강릉,0,24.0,100.0,94.0,94.0,100.0,0.0
KIM,2026-08-28 18:00,2026-08-29 09:00,6,강릉,0,25.5,90.0,25.0,0.0,87.0,191.0
KIM,2026-08-28 18:00,2026-08-29 12:00,9,강릉,0,26.9,61.0,57.0,10.0,19.0,470.0
KIM,2026-08-28 18:00,2026-08-29 15:00,12,강릉,0,25.7,99.0,42.0,0.0,98.0,660.0
KIM,2026-08-28 18:00,2026-08-29 18:00,15,강릉,0,24.9,82.0,78.0,0.0,52.0,340.0
KIM,2026-08-28 18:00,2026-08-29 21:00,18,강릉,0,24.2,4.0,2.0,1.0,0.0,10.0
KIM,2026-08-28 18:00,2026-08-30 00:00,21,강릉,0,23.7,8.0,8.0,0.0,0.0,0.0
KIM,2026-08-28 18:00,2026-08-30 03:00,24,강릉,0,23.5,90.0,35.0,24.0,85.0,0.0
KIM,2026-08-28 18:00,2026-08-30 06:00,27,강릉,0,23.7,100.0,86.0,100.0,97.0,0.0
KIM,2026-08-28 18:00,2026-08-30 09:00,30,강릉,0,24.6,72.0,49.0,57.0,34.0,86.0
KIM,2026-08-28 18:00,2026-08-30 12:00,33,강릉,0,26.9,100.0,15.0,86.0,99.0,440.0
KIM,2026-08-28 18:00,2026-08-30 15:00,36,강릉,0,28.3,84.0,2.0,79.0,62.0,424.0
KIM,2026-08-28 18:00,2026-08-30 18:00,39,강릉,0,27.1,100.0,0.0,84.0,100.0,232.0
KIM,2026-08-28 18:00,2026-08-30 21:00,42,강릉,0,25.9,96.0,0.0,71.0,94.0,8.0
KIM,2026-08-28 18:00,2026-08-31 00:00,45,강릉,0,25.3,100.0,0.0,84.0,100.0,0.0
KIM,2026-08-28 18:00,2026-08-31 03:00,48,강릉,0,24.9,100.0,17.0,89.0,100.0,0.0
KIM,2026-08-28 18:00,2026-08-31 06:00,51,강릉,0,24.3,100.0,75.0,100.0,100.0,0.0
KIM,2026-08-28 18:00,2026-08-31 09:00,54,강릉,0,24.7,100.0,84.0,98.0,100.0,73.0
KIM,2026-08-28 18:00,2026-08-31 12:00,57,강릉,0,23.7,100.0,95.0,99.0,77.0,133.0
KIM,2026-08-28 18:00,2026-08-31 15:00,60,강릉,0,23.7,100.0,77.0,98.0,100.0,168.0
KIM,2026-08-28 18:00,2026-08-31 18:00,63,강릉,0,24.2,100.0,65.0,30.0,100.0,46.0
KIM,2026-08-28 18:00,2026-08-31 21:00,66,강릉,0,23.7,98.0,0.0,47.0,97.0,3.0
KIM,2026-08-28 18:00,2026-09-01 00:00,69,강릉,0,22.8,99.0,0.0,89.0,95.0,0.0
KIM,2026-08-28 18:00,2026-09-01 03:00,72,강릉,0,22.6,98.0,87.0,82.0,89.0,0.0
KIM,2026-08-28 18:00,2026-08-29 03:00,0,제주,0,26.3,100.0,90.0,1.0,100.0,0.0
KIM,2026-08-28 18:00,2026-08-29 06:00,3,제주,0,26.1,100.0,93.0,1.0,100.0,0.0
KIM,2026-08-28 18:00,2026-08-29 09:00,6,제주,0,27.8,100.0,41.0,2.0,100.0,196.0
KIM,2026-08-28 18:00,2026-08-29 12:00,9,제주,0,28.8,98.0,82.0,26.0,95.0,615.0
KIM,2026-08-28 18:00,2026-08-29 15:00,12,제주,0,29.3,92.0,27.0,25.0,88.0,558.0
KIM,2026-08-28 18:00,2026-08-29 18:00,15,제주,0,28.2,85.0,70.0,6.0,78.0,370.0
KIM,2026-08-28 18:00,2026-08-29 21:00,18,제주,0,26.9,99.0,45.0,1.0,99.0,12.0
KIM,2026-08-28 18:00,2026-08-30 00:00,21,제주,0,26.5,95.0,74.0,0.0,91.0,0.0
KIM,2026-08-28 18:00,2026-08-30 03:00,24,제주,0,26.2,98.0,82.0,0.0,94.0,0.0
KIM,2026-08-28 18:00,2026-08-30 06:00,27,제주,0,26.1,95.0,93.0,0.0,31.0,0.0
KIM,2026-08-28 18:00,2026-08-30 09:00,30,제주,0,28.0,74.0,22.0,0.0,66.0,207.0
KIM,2026-08-28 18:00,2026-08-30 12:00,33,제주,0,29.1,100.0,70.0,5.0,99.0,713.0
KIM,2026-08-28 18:00,2026-08-30 15:00,36,제주,0,27.1,100.0,100.0,18.0,86.0,538.0
KIM,2026-08-28 18:00,2026-08-30 18:00,39,제주,0,27.4,84.0,14.0,0.0,83.0,146.0
KIM,2026-08-28 18:00,2026-08-30 21:00,42,제주,0,26.2,97.0,43.0,0.0,97.0,15.0
KIM,2026-08-28 18:00,2026-08-31 00:00,45,제주,0,26.0,90.0,60.0,1.0,85.0,0.0
KIM,2026-08-28 18:00,2026-08-31 03:00,48,제주,0,25.8,100.0,90.0,2.0,95.0,0.0
KIM,2026-08-28 18:00,2026-08-31 06:00,51,제주,0,25.4,93.0,78.0,0.0,87.0,0.0
KIM,2026-08-28 18:00,2026-08-31 09:00,54,제주,0,27.4,97.0,6.0,0.0,97.0,208.0
KIM,2026-08-28 18:00,2026-08-31 12:00,57,제주,0,29.4,53.0,0.0,0.0,53.0,720.0
KIM,2026-08-28 18:00,2026-08-31 15:00,60,제주,0,29.4,98.0,5.0,0.0,97.0,822.0
KIM,2026-08-28 18:00,2026-08-31 18:00,63,제주,0,27.7,84.0,66.0,0.0,55.0,407.0
KIM,2026-08-28 18:00,2026-08-31 21:00,66,제주,0,26.2,29.0,1.0,0.0,28.0,10.0
KIM,2026-08-28 18:00,2026-09-01 00:00,69,제주,0,25.5,84.0,74.0,0.0,40.0,0.0
KIM,2026-08-28 18:00,2026-09-01 03:00,72,제주,0,25.1,90.0,10.0,0.0,89.0,0.0
KIM,2026-08-28 18:00,2026-08-29 03:00,0,나주,0,25.5,100.0,31.0,17.0,100.0,0.0
KIM,2026-08-28 18:00,2026-08-29 06:00,3,나주,0,25.2,97.0,35.0,19.0,95.0,0.0
KIM,2026-08-28 18:00,2026-08-29 09:00,6,나주,0,27.6,98.0,43.0,8.0,97.0,125.0
KIM,2026-08-28 18:00,2026-08-29 12:00,9,나주,0,29.5,100.0,21.0,18.0,100.0,613.0
KIM,2026-08-28 18:00,2026-08-29 15:00,12,나주,0,29.0,92.0,32.0,11.0,90.0,630.0
KIM,2026-08-28 18:00,2026-08-29 18:00,15,나주,0,28.1,99.0,91.0,12.0,98.0,289.0
KIM,2026-08-28 18:00,2026-08-29 21:00,18,나주,0,26.4,84.0,34.0,16.0,79.0,8.0
KIM,2026-08-28 18:00,2026-08-30 00:00,21,나주,0,25.5,42.0,28.0,8.0,26.0,0.0
KIM,2026-08-28 18:00,2026-08-30 03:00,24,나주,0,25.5,99.0,61.0,23.0,98.0,0.0
KIM,2026-08-28 18:00,2026-08-30 06:00,27,나주,0,24.8,100.0,64.0,11.0,99.0,0.0
KIM,2026-08-28 18:00,2026-08-30 09:00,30,나주,0,27.4,63.0,45.0,12.0,39.0,128.0
KIM,2026-08-28 18:00,2026-08-30 12:00,33,나주,0,29.0,86.0,78.0,3.0,62.0,528.0
KIM,2026-08-28 18:00,2026-08-30 15:00,36,나주,0,29.6,54.0,18.0,17.0,40.0,498.0
KIM,2026-08-28 18:00,2026-08-30 18:00,39,나주,0,28.8,70.0,54.0,60.0,3.0,316.0
KIM,2026-08-28 18:00,2026-08-30 21:00,42,나주,0,26.2,82.0,10.0,0.0,81.0,14.0
KIM,2026-08-28 18:00,2026-08-31 00:00,45,나주,0,25.2,100.0,67.0,18.0,100.0,0.0
KIM,2026-08-28 18:00,2026-08-31 03:00,48,나주,0,24.7,100.0,80.0,11.0,100.0,0.0
KIM,2026-08-28 18:00,2026-08-31 06:00,51,나주,0,24.5,100.0,94.0,12.0,100.0,0.0
KIM,2026-08-28 18:00,2026-08-31 09:00,54,나주,0,26.8,100.0,99.0,17.0,100.0,80.0
KIM,2026-08-28 18:00,2026-08-31 12:00,57,나주,0,29.2,100.0,87.0,4.0,100.0,403.0
KIM,2026-08-28 18:00,2026-08-31 15:00,60,나주,0,29.5,100.0,97.0,0.0,99.0,457.0
KIM,2026-08-28 18:00,2026-08-31 18:00,63,나주,0,28.2,89.0,88.0,0.0,9.0,164.0
KIM,2026-08-28 18:00,2026-08-31 21:00,66,나주,0,26.5,91.0,90.0,0.0,26.0,8.0
KIM,2026-08-28 18:00,2026-09-01 00:00,69,나주,0,25.2,100.0,98.0,0.0,100.0,0.0
KIM,2026-08-28 18:00,2026-09-01 03:00,72,나주,0,25.0,100.0,83.0,0.0,100.0,0.0
