model,run_utc,valid_kst,step_h,city,rep,t2m_C,tcc_pct,lcc_pct,mcc_pct,hcc_pct,dswrf_avg_Wm2,tp_mm,win_h
ECMWF,2026-09-07 00:00,2026-09-07 09:00,0,서울,1,22.2,0.0,,,,,,
ECMWF,2026-09-07 00:00,2026-09-07 12:00,3,서울,1,26.1,4.0,,,,715.0,0.0,3.0
ECMWF,2026-09-07 00:00,2026-09-07 15:00,6,서울,1,27.8,2.0,,,,789.0,0.0,3.0
ECMWF,2026-09-07 00:00,2026-09-07 18:00,9,서울,1,26.6,4.0,,,,384.0,0.0,3.0
ECMWF,2026-09-07 00:00,2026-09-07 21:00,12,서울,1,22.9,0.0,,,,12.0,0.0,3.0
ECMWF,2026-09-07 00:00,2026-09-08 00:00,15,서울,1,20.6,0.0,,,,0.0,0.0,3.0
ECMWF,2026-09-07 00:00,2026-09-08 03:00,18,서울,1,18.9,0.0,,,,0.0,0.0,3.0
ECMWF,2026-09-07 00:00,2026-09-08 06:00,21,서울,1,17.3,22.0,,,,0.0,0.0,3.0
ECMWF,2026-09-07 00:00,2026-09-08 09:00,24,서울,1,21.4,35.0,,,,198.0,0.0,3.0
ECMWF,2026-09-07 00:00,2026-09-08 12:00,27,서울,1,26.5,13.0,,,,675.0,0.0,3.0
ECMWF,2026-09-07 00:00,2026-09-08 15:00,30,서울,1,28.8,8.0,,,,780.0,0.0,3.0
ECMWF,2026-09-07 00:00,2026-09-08 18:00,33,서울,1,27.3,38.0,,,,368.0,0.0,3.0
ECMWF,2026-09-07 00:00,2026-09-08 21:00,36,서울,1,24.0,23.0,,,,10.0,0.0,3.0
ECMWF,2026-09-07 00:00,2026-09-09 00:00,39,서울,1,22.0,29.0,,,,0.0,0.0,3.0
ECMWF,2026-09-07 00:00,2026-09-09 03:00,42,서울,1,20.1,29.0,,,,0.0,0.0,3.0
ECMWF,2026-09-07 00:00,2026-09-09 06:00,45,서울,1,19.7,100.0,,,,0.0,0.0,3.0
ECMWF,2026-09-07 00:00,2026-09-09 09:00,48,서울,1,21.4,40.0,,,,133.0,0.0,3.0
ECMWF,2026-09-07 00:00,2026-09-09 12:00,51,서울,1,22.0,85.0,,,,354.0,0.0,3.0
ECMWF,2026-09-07 00:00,2026-09-09 15:00,54,서울,1,24.3,15.0,,,,623.0,0.0,3.0
ECMWF,2026-09-07 00:00,2026-09-09 18:00,57,서울,1,21.8,18.0,,,,343.0,0.0,3.0
ECMWF,2026-09-07 00:00,2026-09-09 21:00,60,서울,1,18.7,17.0,,,,10.0,0.0,3.0
ECMWF,2026-09-07 00:00,2026-09-10 00:00,63,서울,1,16.7,4.0,,,,0.0,0.0,3.0
ECMWF,2026-09-07 00:00,2026-09-10 03:00,66,서울,1,15.5,9.0,,,,0.0,0.0,3.0
ECMWF,2026-09-07 00:00,2026-09-10 06:00,69,서울,1,14.7,5.0,,,,0.0,0.0,3.0
ECMWF,2026-09-07 00:00,2026-09-10 09:00,72,서울,1,18.9,9.0,,,,211.0,0.0,3.0
ECMWF,2026-09-07 00:00,2026-09-10 12:00,75,서울,1,23.2,66.0,,,,709.0,0.0,3.0
ECMWF,2026-09-07 00:00,2026-09-10 15:00,78,서울,1,25.1,27.0,,,,781.0,0.0,3.0
ECMWF,2026-09-07 00:00,2026-09-10 18:00,81,서울,1,24.1,72.0,,,,353.0,0.0,3.0
ECMWF,2026-09-07 00:00,2026-09-10 21:00,84,서울,1,21.1,18.0,,,,10.0,0.0,3.0
ECMWF,2026-09-07 00:00,2026-09-11 00:00,87,서울,1,18.5,30.0,,,,0.0,0.0,3.0
ECMWF,2026-09-07 00:00,2026-09-11 03:00,90,서울,1,17.0,87.0,,,,0.0,0.0,3.0
ECMWF,2026-09-07 00:00,2026-09-11 06:00,93,서울,1,15.8,56.0,,,,0.0,0.0,3.0
ECMWF,2026-09-07 00:00,2026-09-11 09:00,96,서울,1,20.1,91.0,,,,195.0,0.0,3.0
ECMWF,2026-09-07 00:00,2026-09-11 12:00,99,서울,1,24.3,100.0,,,,626.0,0.0,3.0
ECMWF,2026-09-07 00:00,2026-09-11 15:00,102,서울,1,24.6,100.0,,,,435.0,0.0,3.0
ECMWF,2026-09-07 00:00,2026-09-11 18:00,105,서울,1,23.2,100.0,,,,134.0,0.0,3.0
ECMWF,2026-09-07 00:00,2026-09-11 21:00,108,서울,1,21.3,100.0,,,,4.0,0.0,3.0
ECMWF,2026-09-07 00:00,2026-09-12 00:00,111,서울,1,20.3,95.0,,,,0.0,0.0,3.0
ECMWF,2026-09-07 00:00,2026-09-12 03:00,114,서울,1,19.0,91.0,,,,0.0,0.0,3.0
ECMWF,2026-09-07 00:00,2026-09-12 06:00,117,서울,1,18.2,99.0,,,,0.0,0.0,3.0
ECMWF,2026-09-07 00:00,2026-09-12 09:00,120,서울,1,19.9,99.0,,,,72.0,0.0,3.0
ECMWF,2026-09-07 00:00,2026-09-12 12:00,123,서울,1,24.7,98.0,,,,470.0,0.0,3.0
ECMWF,2026-09-07 00:00,2026-09-12 15:00,126,서울,1,24.5,100.0,,,,441.0,0.0,3.0
ECMWF,2026-09-07 00:00,2026-09-12 18:00,129,서울,1,23.6,100.0,,,,233.0,0.0,3.0
ECMWF,2026-09-07 00:00,2026-09-12 21:00,132,서울,1,21.6,94.0,,,,3.0,0.0,3.0
ECMWF,2026-09-07 00:00,2026-09-13 00:00,135,서울,1,20.6,44.0,,,,0.0,0.0,3.0
ECMWF,2026-09-07 00:00,2026-09-13 03:00,138,서울,1,20.0,98.0,,,,0.0,0.0,3.0
ECMWF,2026-09-07 00:00,2026-09-13 06:00,141,서울,1,18.7,34.0,,,,0.0,0.0,3.0
ECMWF,2026-09-07 00:00,2026-09-13 09:00,144,서울,1,22.4,100.0,,,,144.0,0.0,3.0
ECMWF,2026-09-07 00:00,2026-09-13 15:00,150,서울,1,26.7,96.0,,,,455.0,0.0,6.0
ECMWF,2026-09-07 00:00,2026-09-13 21:00,156,서울,1,22.3,98.0,,,,96.0,0.0,6.0
ECMWF,2026-09-07 00:00,2026-09-14 03:00,162,서울,1,20.6,99.0,,,,0.0,0.0,6.0
ECMWF,2026-09-07 00:00,2026-09-14 09:00,168,서울,1,21.0,100.0,,,,33.0,0.0,6.0
ECMWF,2026-09-07 00:00,2026-09-14 15:00,174,서울,1,22.6,100.0,,,,176.0,0.2,6.0
ECMWF,2026-09-07 00:00,2026-09-14 21:00,180,서울,1,21.3,100.0,,,,62.0,0.0,6.0
ECMWF,2026-09-07 00:00,2026-09-15 03:00,186,서울,1,19.2,100.0,,,,0.0,0.0,6.0
ECMWF,2026-09-07 00:00,2026-09-15 09:00,192,서울,1,21.1,100.0,,,,54.0,0.0,6.0
ECMWF,2026-09-07 00:00,2026-09-15 15:00,198,서울,1,27.7,98.0,,,,534.0,0.0,6.0
ECMWF,2026-09-07 00:00,2026-09-15 21:00,204,서울,1,22.6,1.0,,,,137.0,0.0,6.0
ECMWF,2026-09-07 00:00,2026-09-16 03:00,210,서울,1,18.8,0.0,,,,0.0,0.0,6.0
ECMWF,2026-09-07 00:00,2026-09-16 09:00,216,서울,1,21.0,1.0,,,,96.0,0.0,6.0
ECMWF,2026-09-07 00:00,2026-09-16 15:00,222,서울,1,28.4,81.0,,,,708.0,0.0,6.0
ECMWF,2026-09-07 00:00,2026-09-16 21:00,228,서울,1,22.3,21.0,,,,158.0,0.0,6.0
ECMWF,2026-09-07 00:00,2026-09-17 03:00,234,서울,1,18.1,1.0,,,,0.0,0.0,6.0
ECMWF,2026-09-07 00:00,2026-09-17 09:00,240,서울,1,20.8,22.0,,,,87.0,0.0,6.0
ECMWF,2026-09-07 00:00,2026-09-07 09:00,0,대전,1,21.7,0.0,,,,,,
ECMWF,2026-09-07 00:00,2026-09-07 12:00,3,대전,1,25.9,0.0,,,,722.0,0.0,3.0
ECMWF,2026-09-07 00:00,2026-09-07 15:00,6,대전,1,27.4,2.0,,,,814.0,0.0,3.0
ECMWF,2026-09-07 00:00,2026-09-07 18:00,9,대전,1,24.7,2.0,,,,397.0,0.0,3.0
ECMWF,2026-09-07 00:00,2026-09-07 21:00,12,대전,1,21.2,0.0,,,,12.0,0.0,3.0
ECMWF,2026-09-07 00:00,2026-09-08 00:00,15,대전,1,19.7,0.0,,,,0.0,0.0,3.0
ECMWF,2026-09-07 00:00,2026-09-08 03:00,18,대전,1,17.5,0.0,,,,0.0,0.0,3.0
ECMWF,2026-09-07 00:00,2026-09-08 06:00,21,대전,1,15.6,0.0,,,,0.0,0.0,3.0
ECMWF,2026-09-07 00:00,2026-09-08 09:00,24,대전,1,21.4,27.0,,,,223.0,0.0,3.0
ECMWF,2026-09-07 00:00,2026-09-08 12:00,27,대전,1,25.3,36.0,,,,728.0,0.0,3.0
ECMWF,2026-09-07 00:00,2026-09-08 15:00,30,대전,1,26.7,3.0,,,,817.0,0.0,3.0
ECMWF,2026-09-07 00:00,2026-09-08 18:00,33,대전,1,23.9,0.0,,,,396.0,0.0,3.0
ECMWF,2026-09-07 00:00,2026-09-08 21:00,36,대전,1,20.5,1.0,,,,11.0,0.0,3.0
ECMWF,2026-09-07 00:00,2026-09-09 00:00,39,대전,1,18.8,0.0,,,,0.0,0.0,3.0
ECMWF,2026-09-07 00:00,2026-09-09 03:00,42,대전,1,18.4,7.0,,,,0.0,0.0,3.0
ECMWF,2026-09-07 00:00,2026-09-09 06:00,45,대전,1,17.9,5.0,,,,0.0,0.0,3.0
ECMWF,2026-09-07 00:00,2026-09-09 09:00,48,대전,1,21.8,2.0,,,,201.0,0.0,3.0
ECMWF,2026-09-07 00:00,2026-09-09 12:00,51,대전,1,25.0,23.0,,,,686.0,0.0,3.0
ECMWF,2026-09-07 00:00,2026-09-09 15:00,54,대전,1,24.9,100.0,,,,501.0,0.0,3.0
ECMWF,2026-09-07 00:00,2026-09-09 18:00,57,대전,1,22.5,81.0,,,,221.0,0.0,3.0
ECMWF,2026-09-07 00:00,2026-09-09 21:00,60,대전,1,19.2,7.0,,,,7.0,0.0,3.0
ECMWF,2026-09-07 00:00,2026-09-10 00:00,63,대전,1,17.1,5.0,,,,0.0,0.0,3.0
ECMWF,2026-09-07 00:00,2026-09-10 03:00,66,대전,1,16.0,3.0,,,,0.0,0.0,3.0
ECMWF,2026-09-07 00:00,2026-09-10 06:00,69,대전,1,15.0,12.0,,,,0.0,0.0,3.0
ECMWF,2026-09-07 00:00,2026-09-10 09:00,72,대전,1,19.2,9.0,,,,210.0,0.0,3.0
ECMWF,2026-09-07 00:00,2026-09-10 12:00,75,대전,1,22.4,95.0,,,,667.0,0.0,3.0
ECMWF,2026-09-07 00:00,2026-09-10 15:00,78,대전,1,23.3,61.0,,,,583.0,0.0,3.0
ECMWF,2026-09-07 00:00,2026-09-10 18:00,81,대전,1,21.4,38.0,,,,371.0,0.0,3.0
ECMWF,2026-09-07 00:00,2026-09-10 21:00,84,대전,1,18.8,77.0,,,,9.0,0.0,3.0
ECMWF,2026-09-07 00:00,2026-09-11 00:00,87,대전,1,17.3,17.0,,,,0.0,0.0,3.0
ECMWF,2026-09-07 00:00,2026-09-11 03:00,90,대전,1,15.7,4.0,,,,0.0,0.0,3.0
ECMWF,2026-09-07 00:00,2026-09-11 06:00,93,대전,1,14.3,17.0,,,,0.0,0.0,3.0
ECMWF,2026-09-07 00:00,2026-09-11 09:00,96,대전,1,19.8,100.0,,,,206.0,0.0,3.0
ECMWF,2026-09-07 00:00,2026-09-11 12:00,99,대전,1,22.7,99.0,,,,421.0,0.0,3.0
ECMWF,2026-09-07 00:00,2026-09-11 15:00,102,대전,1,23.5,100.0,,,,437.0,0.0,3.0
ECMWF,2026-09-07 00:00,2026-09-11 18:00,105,대전,1,20.7,84.0,,,,192.0,0.0,3.0
ECMWF,2026-09-07 00:00,2026-09-11 21:00,108,대전,1,19.0,91.0,,,,5.0,0.1,3.0
ECMWF,2026-09-07 00:00,2026-09-12 00:00,111,대전,1,19.0,96.0,,,,0.0,0.0,3.0
ECMWF,2026-09-07 00:00,2026-09-12 03:00,114,대전,1,18.1,100.0,,,,0.0,0.0,3.0
ECMWF,2026-09-07 00:00,2026-09-12 06:00,117,대전,1,17.4,100.0,,,,0.0,0.0,3.0
ECMWF,2026-09-07 00:00,2026-09-12 09:00,120,대전,1,20.9,99.0,,,,132.0,0.0,3.0
ECMWF,2026-09-07 00:00,2026-09-12 12:00,123,대전,1,24.6,99.0,,,,410.0,0.0,3.0
ECMWF,2026-09-07 00:00,2026-09-12 15:00,126,대전,1,26.4,68.0,,,,638.0,0.0,3.0
ECMWF,2026-09-07 00:00,2026-09-12 18:00,129,대전,1,24.0,47.0,,,,332.0,0.0,3.0
ECMWF,2026-09-07 00:00,2026-09-12 21:00,132,대전,1,19.6,36.0,,,,7.0,0.0,3.0
ECMWF,2026-09-07 00:00,2026-09-13 00:00,135,대전,1,19.0,49.0,,,,0.0,0.0,3.0
ECMWF,2026-09-07 00:00,2026-09-13 03:00,138,대전,1,18.7,66.0,,,,0.0,0.0,3.0
ECMWF,2026-09-07 00:00,2026-09-13 06:00,141,대전,1,17.6,15.0,,,,0.0,0.1,3.0
ECMWF,2026-09-07 00:00,2026-09-13 09:00,144,대전,1,23.6,89.0,,,,184.0,0.0,3.0
ECMWF,2026-09-07 00:00,2026-09-13 15:00,150,대전,1,27.5,27.0,,,,668.0,0.0,6.0
ECMWF,2026-09-07 00:00,2026-09-13 21:00,156,대전,1,20.8,100.0,,,,144.0,0.3,6.0
ECMWF,2026-09-07 00:00,2026-09-14 03:00,162,대전,1,19.4,100.0,,,,0.0,5.6,6.0
ECMWF,2026-09-07 00:00,2026-09-14 09:00,168,대전,1,19.2,100.0,,,,20.0,3.9,6.0
ECMWF,2026-09-07 00:00,2026-09-14 15:00,174,대전,1,20.1,100.0,,,,96.0,11.8,6.0
ECMWF,2026-09-07 00:00,2026-09-14 21:00,180,대전,1,17.8,99.0,,,,20.0,5.8,6.0
ECMWF,2026-09-07 00:00,2026-09-15 03:00,186,대전,1,17.9,100.0,,,,0.0,0.5,6.0
ECMWF,2026-09-07 00:00,2026-09-15 09:00,192,대전,1,19.2,100.0,,,,27.0,1.5,6.0
ECMWF,2026-09-07 00:00,2026-09-15 15:00,198,대전,1,25.2,100.0,,,,385.0,0.4,6.0
ECMWF,2026-09-07 00:00,2026-09-15 21:00,204,대전,1,19.8,15.0,,,,115.0,0.4,6.0
ECMWF,2026-09-07 00:00,2026-09-16 03:00,210,대전,1,19.1,67.0,,,,0.0,0.0,6.0
ECMWF,2026-09-07 00:00,2026-09-16 09:00,216,대전,1,21.9,91.0,,,,80.0,0.0,6.0
ECMWF,2026-09-07 00:00,2026-09-16 15:00,222,대전,1,26.8,100.0,,,,615.0,0.3,6.0
ECMWF,2026-09-07 00:00,2026-09-16 21:00,228,대전,1,21.1,87.0,,,,132.0,0.4,6.0
ECMWF,2026-09-07 00:00,2026-09-17 03:00,234,대전,1,18.5,1.0,,,,0.0,0.0,6.0
ECMWF,2026-09-07 00:00,2026-09-17 09:00,240,대전,1,21.2,100.0,,,,93.0,0.0,6.0
ECMWF,2026-09-07 00:00,2026-09-07 09:00,0,대구,1,22.4,9.0,,,,,,
ECMWF,2026-09-07 00:00,2026-09-07 12:00,3,대구,1,25.8,23.0,,,,728.0,0.0,3.0
ECMWF,2026-09-07 00:00,2026-09-07 15:00,6,대구,1,26.3,9.0,,,,746.0,0.0,3.0
ECMWF,2026-09-07 00:00,2026-09-07 18:00,9,대구,1,22.7,2.0,,,,372.0,0.0,3.0
ECMWF,2026-09-07 00:00,2026-09-07 21:00,12,대구,1,17.5,0.0,,,,9.0,0.0,3.0
ECMWF,2026-09-07 00:00,2026-09-08 00:00,15,대구,1,15.6,0.0,,,,0.0,0.0,3.0
ECMWF,2026-09-07 00:00,2026-09-08 03:00,18,대구,1,14.5,0.0,,,,0.0,0.0,3.0
ECMWF,2026-09-07 00:00,2026-09-08 06:00,21,대구,1,13.9,5.0,,,,0.0,0.0,3.0
ECMWF,2026-09-07 00:00,2026-09-08 09:00,24,대구,1,20.8,1.0,,,,229.0,0.0,3.0
ECMWF,2026-09-07 00:00,2026-09-08 12:00,27,대구,1,25.2,16.0,,,,692.0,0.0,3.0
ECMWF,2026-09-07 00:00,2026-09-08 15:00,30,대구,1,26.4,32.0,,,,735.0,0.0,3.0
ECMWF,2026-09-07 00:00,2026-09-08 18:00,33,대구,1,22.3,0.0,,,,353.0,0.0,3.0
ECMWF,2026-09-07 00:00,2026-09-08 21:00,36,대구,1,17.7,0.0,,,,8.0,0.0,3.0
ECMWF,2026-09-07 00:00,2026-09-09 00:00,39,대구,1,16.3,2.0,,,,0.0,0.0,3.0
ECMWF,2026-09-07 00:00,2026-09-09 03:00,42,대구,1,16.5,27.0,,,,0.0,0.0,3.0
ECMWF,2026-09-07 00:00,2026-09-09 06:00,45,대구,1,17.6,15.0,,,,0.0,0.0,3.0
ECMWF,2026-09-07 00:00,2026-09-09 09:00,48,대구,1,21.2,40.0,,,,205.0,0.0,3.0
ECMWF,2026-09-07 00:00,2026-09-09 12:00,51,대구,1,22.4,63.0,,,,547.0,0.0,3.0
ECMWF,2026-09-07 00:00,2026-09-09 15:00,54,대구,1,22.2,91.0,,,,595.0,0.0,3.0
ECMWF,2026-09-07 00:00,2026-09-09 18:00,57,대구,1,19.4,7.0,,,,295.0,0.0,3.0
ECMWF,2026-09-07 00:00,2026-09-09 21:00,60,대구,1,16.6,5.0,,,,7.0,0.0,3.0
ECMWF,2026-09-07 00:00,2026-09-10 00:00,63,대구,1,15.3,4.0,,,,0.0,0.0,3.0
ECMWF,2026-09-07 00:00,2026-09-10 03:00,66,대구,1,15.0,52.0,,,,0.0,0.0,3.0
ECMWF,2026-09-07 00:00,2026-09-10 06:00,69,대구,1,13.9,12.0,,,,0.0,0.0,3.0
ECMWF,2026-09-07 00:00,2026-09-10 09:00,72,대구,1,19.4,30.0,,,,222.0,0.0,3.0
ECMWF,2026-09-07 00:00,2026-09-10 12:00,75,대구,1,22.2,63.0,,,,672.0,0.0,3.0
ECMWF,2026-09-07 00:00,2026-09-10 15:00,78,대구,1,22.4,52.0,,,,695.0,0.0,3.0
ECMWF,2026-09-07 00:00,2026-09-10 18:00,81,대구,1,19.4,40.0,,,,297.0,0.0,3.0
ECMWF,2026-09-07 00:00,2026-09-10 21:00,84,대구,1,16.1,93.0,,,,6.0,0.0,3.0
ECMWF,2026-09-07 00:00,2026-09-11 00:00,87,대구,1,15.6,87.0,,,,0.0,0.0,3.0
ECMWF,2026-09-07 00:00,2026-09-11 03:00,90,대구,1,15.4,10.0,,,,0.0,0.0,3.0
ECMWF,2026-09-07 00:00,2026-09-11 06:00,93,대구,1,13.8,38.0,,,,0.0,0.0,3.0
ECMWF,2026-09-07 00:00,2026-09-11 09:00,96,대구,1,20.6,35.0,,,,220.0,0.0,3.0
ECMWF,2026-09-07 00:00,2026-09-11 12:00,99,대구,1,22.9,82.0,,,,542.0,0.0,3.0
ECMWF,2026-09-07 00:00,2026-09-11 15:00,102,대구,1,23.4,94.0,,,,530.0,0.0,3.0
ECMWF,2026-09-07 00:00,2026-09-11 18:00,105,대구,1,20.7,24.0,,,,234.0,0.0,3.0
ECMWF,2026-09-07 00:00,2026-09-11 21:00,108,대구,1,16.9,18.0,,,,6.0,0.0,3.0
ECMWF,2026-09-07 00:00,2026-09-12 00:00,111,대구,1,16.0,5.0,,,,0.0,0.0,3.0
ECMWF,2026-09-07 00:00,2026-09-12 03:00,114,대구,1,15.2,12.0,,,,0.0,0.0,3.0
ECMWF,2026-09-07 00:00,2026-09-12 06:00,117,대구,1,14.3,2.0,,,,0.0,0.0,3.0
ECMWF,2026-09-07 00:00,2026-09-12 09:00,120,대구,1,21.8,5.0,,,,222.0,0.0,3.0
ECMWF,2026-09-07 00:00,2026-09-12 12:00,123,대구,1,25.1,7.0,,,,698.0,0.0,3.0
ECMWF,2026-09-07 00:00,2026-09-12 15:00,126,대구,1,25.6,5.0,,,,735.0,0.0,3.0
ECMWF,2026-09-07 00:00,2026-09-12 18:00,129,대구,1,22.4,91.0,,,,330.0,0.0,3.0
ECMWF,2026-09-07 00:00,2026-09-12 21:00,132,대구,1,18.8,12.0,,,,4.0,0.0,3.0
ECMWF,2026-09-07 00:00,2026-09-13 00:00,135,대구,1,17.9,22.0,,,,0.0,0.0,3.0
ECMWF,2026-09-07 00:00,2026-09-13 03:00,138,대구,1,17.8,7.0,,,,0.0,0.0,3.0
ECMWF,2026-09-07 00:00,2026-09-13 06:00,141,대구,1,17.3,94.0,,,,0.0,0.0,3.0
ECMWF,2026-09-07 00:00,2026-09-13 09:00,144,대구,1,22.3,80.0,,,,129.0,0.0,3.0
ECMWF,2026-09-07 00:00,2026-09-13 15:00,150,대구,1,27.5,48.0,,,,545.0,0.1,6.0
ECMWF,2026-09-07 00:00,2026-09-13 21:00,156,대구,1,20.9,88.0,,,,132.0,0.0,6.0
ECMWF,2026-09-07 00:00,2026-09-14 03:00,162,대구,1,19.9,100.0,,,,0.0,0.0,6.0
ECMWF,2026-09-07 00:00,2026-09-14 09:00,168,대구,1,22.0,87.0,,,,72.0,3.4,6.0
ECMWF,2026-09-07 00:00,2026-09-14 15:00,174,대구,1,22.0,100.0,,,,288.0,9.3,6.0
ECMWF,2026-09-07 00:00,2026-09-14 21:00,180,대구,1,20.3,98.0,,,,20.0,24.8,6.0
ECMWF,2026-09-07 00:00,2026-09-15 03:00,186,대구,1,18.8,85.0,,,,0.0,0.8,6.0
ECMWF,2026-09-07 00:00,2026-09-15 09:00,192,대구,1,21.7,97.0,,,,70.0,0.1,6.0
ECMWF,2026-09-07 00:00,2026-09-15 15:00,198,대구,1,23.8,100.0,,,,486.0,1.6,6.0
ECMWF,2026-09-07 00:00,2026-09-15 21:00,204,대구,1,19.2,91.0,,,,70.0,0.2,6.0
ECMWF,2026-09-07 00:00,2026-09-16 03:00,210,대구,1,17.7,25.0,,,,0.0,0.0,6.0
ECMWF,2026-09-07 00:00,2026-09-16 09:00,216,대구,1,21.7,98.0,,,,94.0,0.0,6.0
ECMWF,2026-09-07 00:00,2026-09-16 15:00,222,대구,1,23.3,98.0,,,,522.0,0.7,6.0
ECMWF,2026-09-07 00:00,2026-09-16 21:00,228,대구,1,19.1,98.0,,,,128.0,0.0,6.0
ECMWF,2026-09-07 00:00,2026-09-17 03:00,234,대구,1,17.4,7.0,,,,0.0,0.0,6.0
ECMWF,2026-09-07 00:00,2026-09-17 09:00,240,대구,1,20.9,100.0,,,,83.0,0.0,6.0
ECMWF,2026-09-07 00:00,2026-09-07 09:00,0,광주,1,22.9,0.0,,,,,,
ECMWF,2026-09-07 00:00,2026-09-07 12:00,3,광주,1,27.2,0.0,,,,735.0,0.0,3.0
ECMWF,2026-09-07 00:00,2026-09-07 15:00,6,광주,1,28.9,1.0,,,,808.0,0.0,3.0
ECMWF,2026-09-07 00:00,2026-09-07 18:00,9,광주,1,26.2,2.0,,,,387.0,0.0,3.0
ECMWF,2026-09-07 00:00,2026-09-07 21:00,12,광주,1,22.0,3.0,,,,12.0,0.0,3.0
ECMWF,2026-09-07 00:00,2026-09-08 00:00,15,광주,1,20.0,9.0,,,,0.0,0.0,3.0
ECMWF,2026-09-07 00:00,2026-09-08 03:00,18,광주,1,18.4,2.0,,,,0.0,0.0,3.0
ECMWF,2026-09-07 00:00,2026-09-08 06:00,21,광주,1,17.3,9.0,,,,0.0,0.0,3.0
ECMWF,2026-09-07 00:00,2026-09-08 09:00,24,광주,1,23.4,0.0,,,,213.0,0.0,3.0
ECMWF,2026-09-07 00:00,2026-09-08 12:00,27,광주,1,27.4,0.0,,,,728.0,0.0,3.0
ECMWF,2026-09-07 00:00,2026-09-08 15:00,30,광주,1,28.1,0.0,,,,834.0,0.0,3.0
ECMWF,2026-09-07 00:00,2026-09-08 18:00,33,광주,1,24.5,0.0,,,,409.0,0.0,3.0
ECMWF,2026-09-07 00:00,2026-09-08 21:00,36,광주,1,20.8,0.0,,,,12.0,0.0,3.0
ECMWF,2026-09-07 00:00,2026-09-09 00:00,39,광주,1,19.5,0.0,,,,0.0,0.0,3.0
ECMWF,2026-09-07 00:00,2026-09-09 03:00,42,광주,1,18.3,0.0,,,,0.0,0.0,3.0
ECMWF,2026-09-07 00:00,2026-09-09 06:00,45,광주,1,17.2,0.0,,,,0.0,0.0,3.0
ECMWF,2026-09-07 00:00,2026-09-09 09:00,48,광주,1,22.9,2.0,,,,210.0,0.0,3.0
ECMWF,2026-09-07 00:00,2026-09-09 12:00,51,광주,1,26.6,0.0,,,,709.0,0.0,3.0
ECMWF,2026-09-07 00:00,2026-09-09 15:00,54,광주,1,27.5,8.0,,,,762.0,0.0,3.0
ECMWF,2026-09-07 00:00,2026-09-09 18:00,57,광주,1,24.4,7.0,,,,314.0,0.0,3.0
ECMWF,2026-09-07 00:00,2026-09-09 21:00,60,광주,1,20.8,29.0,,,,10.0,0.0,3.0
ECMWF,2026-09-07 00:00,2026-09-10 00:00,63,광주,1,18.3,16.0,,,,0.0,0.0,3.0
ECMWF,2026-09-07 00:00,2026-09-10 03:00,66,광주,1,16.4,30.0,,,,0.0,0.0,3.0
ECMWF,2026-09-07 00:00,2026-09-10 06:00,69,광주,1,15.3,4.0,,,,0.0,0.0,3.0
ECMWF,2026-09-07 00:00,2026-09-10 09:00,72,광주,1,20.4,9.0,,,,206.0,0.0,3.0
ECMWF,2026-09-07 00:00,2026-09-10 12:00,75,광주,1,24.5,16.0,,,,712.0,0.0,3.0
ECMWF,2026-09-07 00:00,2026-09-10 15:00,78,광주,1,26.1,85.0,,,,798.0,0.0,3.0
ECMWF,2026-09-07 00:00,2026-09-10 18:00,81,광주,1,24.1,20.0,,,,372.0,0.0,3.0
ECMWF,2026-09-07 00:00,2026-09-10 21:00,84,광주,1,19.6,88.0,,,,10.0,0.0,3.0
ECMWF,2026-09-07 00:00,2026-09-11 00:00,87,광주,1,18.8,72.0,,,,0.0,0.0,3.0
ECMWF,2026-09-07 00:00,2026-09-11 03:00,90,광주,1,16.7,38.0,,,,0.0,0.0,3.0
ECMWF,2026-09-07 00:00,2026-09-11 06:00,93,광주,1,15.4,26.0,,,,0.0,0.0,3.0
ECMWF,2026-09-07 00:00,2026-09-11 09:00,96,광주,1,20.8,76.0,,,,194.0,0.0,3.0
ECMWF,2026-09-07 00:00,2026-09-11 12:00,99,광주,1,25.4,61.0,,,,642.0,0.0,3.0
ECMWF,2026-09-07 00:00,2026-09-11 15:00,102,광주,1,27.0,24.0,,,,772.0,0.0,3.0
ECMWF,2026-09-07 00:00,2026-09-11 18:00,105,광주,1,24.9,5.0,,,,345.0,0.0,3.0
ECMWF,2026-09-07 00:00,2026-09-11 21:00,108,광주,1,19.4,2.0,,,,9.0,0.0,3.0
ECMWF,2026-09-07 00:00,2026-09-12 00:00,111,광주,1,18.4,14.0,,,,0.0,0.0,3.0
ECMWF,2026-09-07 00:00,2026-09-12 03:00,114,광주,1,16.8,3.0,,,,0.0,0.0,3.0
ECMWF,2026-09-07 00:00,2026-09-12 06:00,117,광주,1,16.2,1.0,,,,0.0,0.0,3.0
ECMWF,2026-09-07 00:00,2026-09-12 09:00,120,광주,1,22.4,0.0,,,,202.0,0.0,3.0
ECMWF,2026-09-07 00:00,2026-09-12 12:00,123,광주,1,27.5,0.0,,,,708.0,0.0,3.0
ECMWF,2026-09-07 00:00,2026-09-12 15:00,126,광주,1,29.1,47.0,,,,797.0,0.0,3.0
ECMWF,2026-09-07 00:00,2026-09-12 18:00,129,광주,1,25.7,63.0,,,,353.0,0.0,3.0
ECMWF,2026-09-07 00:00,2026-09-12 21:00,132,광주,1,21.4,70.0,,,,8.0,0.0,3.0
ECMWF,2026-09-07 00:00,2026-09-13 00:00,135,광주,1,20.2,16.0,,,,0.0,0.0,3.0
ECMWF,2026-09-07 00:00,2026-09-13 03:00,138,광주,1,19.6,7.0,,,,0.0,0.0,3.0
ECMWF,2026-09-07 00:00,2026-09-13 06:00,141,광주,1,18.5,62.0,,,,0.0,0.0,3.0
ECMWF,2026-09-07 00:00,2026-09-13 09:00,144,광주,1,24.1,2.0,,,,173.0,0.0,3.0
ECMWF,2026-09-07 00:00,2026-09-13 15:00,150,광주,1,31.0,72.0,,,,675.0,0.0,6.0
ECMWF,2026-09-07 00:00,2026-09-13 21:00,156,광주,1,22.4,53.0,,,,171.0,0.0,6.0
ECMWF,2026-09-07 00:00,2026-09-14 03:00,162,광주,1,20.4,96.0,,,,0.0,3.0,6.0
ECMWF,2026-09-07 00:00,2026-09-14 09:00,168,광주,1,20.9,100.0,,,,25.0,9.5,6.0
ECMWF,2026-09-07 00:00,2026-09-14 15:00,174,광주,1,21.8,100.0,,,,125.0,33.5,6.0
ECMWF,2026-09-07 00:00,2026-09-14 21:00,180,광주,1,20.3,59.0,,,,22.0,12.4,6.0
ECMWF,2026-09-07 00:00,2026-09-15 03:00,186,광주,1,18.8,18.0,,,,0.0,0.0,6.0
ECMWF,2026-09-07 00:00,2026-09-15 09:00,192,광주,1,20.9,77.0,,,,42.0,0.0,6.0
ECMWF,2026-09-07 00:00,2026-09-15 15:00,198,광주,1,25.9,95.0,,,,416.0,0.2,6.0
ECMWF,2026-09-07 00:00,2026-09-15 21:00,204,광주,1,21.0,16.0,,,,92.0,0.5,6.0
ECMWF,2026-09-07 00:00,2026-09-16 03:00,210,광주,1,18.9,31.0,,,,0.0,0.0,6.0
ECMWF,2026-09-07 00:00,2026-09-16 09:00,216,광주,1,22.3,94.0,,,,80.0,0.0,6.0
ECMWF,2026-09-07 00:00,2026-09-16 15:00,222,광주,1,26.9,99.0,,,,579.0,0.2,6.0
ECMWF,2026-09-07 00:00,2026-09-16 21:00,228,광주,1,20.8,99.0,,,,103.0,0.1,6.0
ECMWF,2026-09-07 00:00,2026-09-17 03:00,234,광주,1,19.0,63.0,,,,0.0,0.0,6.0
ECMWF,2026-09-07 00:00,2026-09-17 09:00,240,광주,1,21.8,99.0,,,,78.0,0.0,6.0
ECMWF,2026-09-07 00:00,2026-09-07 09:00,0,부산,1,25.9,34.0,,,,,,
ECMWF,2026-09-07 00:00,2026-09-07 12:00,3,부산,1,26.8,23.0,,,,670.0,0.0,3.0
ECMWF,2026-09-07 00:00,2026-09-07 15:00,6,부산,1,27.1,12.0,,,,715.0,0.0,3.0
ECMWF,2026-09-07 00:00,2026-09-07 18:00,9,부산,1,25.5,1.0,,,,366.0,0.0,3.0
ECMWF,2026-09-07 00:00,2026-09-07 21:00,12,부산,1,23.9,2.0,,,,8.0,0.0,3.0
ECMWF,2026-09-07 00:00,2026-09-08 00:00,15,부산,1,23.4,5.0,,,,0.0,0.0,3.0
ECMWF,2026-09-07 00:00,2026-09-08 03:00,18,부산,1,22.6,2.0,,,,0.0,0.0,3.0
ECMWF,2026-09-07 00:00,2026-09-08 06:00,21,부산,1,21.9,1.0,,,,0.0,0.0,3.0
ECMWF,2026-09-07 00:00,2026-09-08 09:00,24,부산,1,24.1,2.0,,,,237.0,0.0,3.0
ECMWF,2026-09-07 00:00,2026-09-08 12:00,27,부산,1,26.6,25.0,,,,728.0,0.0,3.0
ECMWF,2026-09-07 00:00,2026-09-08 15:00,30,부산,1,26.9,47.0,,,,691.0,0.0,3.0
ECMWF,2026-09-07 00:00,2026-09-08 18:00,33,부산,1,25.9,4.0,,,,342.0,0.0,3.0
ECMWF,2026-09-07 00:00,2026-09-08 21:00,36,부산,1,24.1,23.0,,,,7.0,0.0,3.0
ECMWF,2026-09-07 00:00,2026-09-09 00:00,39,부산,1,23.8,7.0,,,,0.0,0.0,3.0
ECMWF,2026-09-07 00:00,2026-09-09 03:00,42,부산,1,23.9,9.0,,,,0.0,0.0,3.0
ECMWF,2026-09-07 00:00,2026-09-09 06:00,45,부산,1,23.6,16.0,,,,0.0,0.0,3.0
ECMWF,2026-09-07 00:00,2026-09-09 09:00,48,부산,1,24.3,15.0,,,,209.0,0.0,3.0
ECMWF,2026-09-07 00:00,2026-09-09 12:00,51,부산,1,25.1,0.0,,,,710.0,0.0,3.0
ECMWF,2026-09-07 00:00,2026-09-09 15:00,54,부산,1,24.8,23.0,,,,791.0,0.0,3.0
ECMWF,2026-09-07 00:00,2026-09-09 18:00,57,부산,1,23.4,42.0,,,,357.0,0.0,3.0
ECMWF,2026-09-07 00:00,2026-09-09 21:00,60,부산,1,22.9,34.0,,,,6.0,0.0,3.0
ECMWF,2026-09-07 00:00,2026-09-10 00:00,63,부산,1,22.8,9.0,,,,0.0,0.0,3.0
ECMWF,2026-09-07 00:00,2026-09-10 03:00,66,부산,1,22.6,28.0,,,,0.0,0.0,3.0
ECMWF,2026-09-07 00:00,2026-09-10 06:00,69,부산,1,22.4,52.0,,,,0.0,0.0,3.0
ECMWF,2026-09-07 00:00,2026-09-10 09:00,72,부산,1,23.2,65.0,,,,192.0,0.0,3.0
ECMWF,2026-09-07 00:00,2026-09-10 12:00,75,부산,1,23.7,38.0,,,,614.0,0.0,3.0
ECMWF,2026-09-07 00:00,2026-09-10 15:00,78,부산,1,23.7,33.0,,,,706.0,0.0,3.0
ECMWF,2026-09-07 00:00,2026-09-10 18:00,81,부산,1,23.9,71.0,,,,334.0,0.0,3.0
ECMWF,2026-09-07 00:00,2026-09-10 21:00,84,부산,1,23.2,39.0,,,,5.0,0.0,3.0
ECMWF,2026-09-07 00:00,2026-09-11 00:00,87,부산,1,22.7,75.0,,,,0.0,0.0,3.0
ECMWF,2026-09-07 00:00,2026-09-11 03:00,90,부산,1,21.8,23.0,,,,0.0,0.0,3.0
ECMWF,2026-09-07 00:00,2026-09-11 06:00,93,부산,1,22.0,40.0,,,,0.0,0.0,3.0
ECMWF,2026-09-07 00:00,2026-09-11 09:00,96,부산,1,24.0,34.0,,,,180.0,0.0,3.0
ECMWF,2026-09-07 00:00,2026-09-11 12:00,99,부산,1,25.2,29.0,,,,556.0,0.0,3.0
ECMWF,2026-09-07 00:00,2026-09-11 15:00,102,부산,1,25.5,28.0,,,,730.0,0.0,3.0
ECMWF,2026-09-07 00:00,2026-09-11 18:00,105,부산,1,25.1,5.0,,,,326.0,0.0,3.0
ECMWF,2026-09-07 00:00,2026-09-11 21:00,108,부산,1,24.4,1.0,,,,5.0,0.0,3.0
ECMWF,2026-09-07 00:00,2026-09-12 00:00,111,부산,1,23.2,2.0,,,,0.0,0.0,3.0
ECMWF,2026-09-07 00:00,2026-09-12 03:00,114,부산,1,22.6,0.0,,,,0.0,0.0,3.0
ECMWF,2026-09-07 00:00,2026-09-12 06:00,117,부산,1,22.5,1.0,,,,0.0,0.0,3.0
ECMWF,2026-09-07 00:00,2026-09-12 09:00,120,부산,1,24.6,8.0,,,,223.0,0.0,3.0
ECMWF,2026-09-07 00:00,2026-09-12 12:00,123,부산,1,25.9,25.0,,,,581.0,0.0,3.0
ECMWF,2026-09-07 00:00,2026-09-12 15:00,126,부산,1,25.6,10.0,,,,693.0,0.0,3.0
ECMWF,2026-09-07 00:00,2026-09-12 18:00,129,부산,1,25.1,6.0,,,,310.0,0.0,3.0
ECMWF,2026-09-07 00:00,2026-09-12 21:00,132,부산,1,24.7,15.0,,,,5.0,0.0,3.0
ECMWF,2026-09-07 00:00,2026-09-13 00:00,135,부산,1,24.4,22.0,,,,0.0,0.0,3.0
ECMWF,2026-09-07 00:00,2026-09-13 03:00,138,부산,1,23.6,34.0,,,,0.0,0.0,3.0
ECMWF,2026-09-07 00:00,2026-09-13 06:00,141,부산,1,23.1,33.0,,,,0.0,0.0,3.0
ECMWF,2026-09-07 00:00,2026-09-13 09:00,144,부산,1,24.9,25.0,,,,205.0,0.0,3.0
ECMWF,2026-09-07 00:00,2026-09-13 15:00,150,부산,1,26.0,38.0,,,,684.0,0.0,6.0
ECMWF,2026-09-07 00:00,2026-09-13 21:00,156,부산,1,25.5,30.0,,,,158.0,0.0,6.0
ECMWF,2026-09-07 00:00,2026-09-14 03:00,162,부산,1,24.5,80.0,,,,0.0,0.1,6.0
ECMWF,2026-09-07 00:00,2026-09-14 09:00,168,부산,1,24.9,98.0,,,,96.0,0.4,6.0
ECMWF,2026-09-07 00:00,2026-09-14 15:00,174,부산,1,25.1,48.0,,,,462.0,4.7,6.0
ECMWF,2026-09-07 00:00,2026-09-14 21:00,180,부산,1,24.7,100.0,,,,130.0,0.9,6.0
ECMWF,2026-09-07 00:00,2026-09-15 03:00,186,부산,1,23.5,100.0,,,,0.0,2.8,6.0
ECMWF,2026-09-07 00:00,2026-09-15 09:00,192,부산,1,23.4,96.0,,,,67.0,7.1,6.0
ECMWF,2026-09-07 00:00,2026-09-15 15:00,198,부산,1,25.3,98.0,,,,469.0,0.8,6.0
ECMWF,2026-09-07 00:00,2026-09-15 21:00,204,부산,1,24.0,59.0,,,,124.0,0.0,6.0
ECMWF,2026-09-07 00:00,2026-09-16 03:00,210,부산,1,22.9,21.0,,,,0.0,0.0,6.0
ECMWF,2026-09-07 00:00,2026-09-16 09:00,216,부산,1,24.5,29.0,,,,95.0,0.0,6.0
ECMWF,2026-09-07 00:00,2026-09-16 15:00,222,부산,1,25.4,61.0,,,,653.0,0.0,6.0
ECMWF,2026-09-07 00:00,2026-09-16 21:00,228,부산,1,24.5,95.0,,,,149.0,0.0,6.0
ECMWF,2026-09-07 00:00,2026-09-17 03:00,234,부산,1,24.0,84.0,,,,0.0,0.0,6.0
ECMWF,2026-09-07 00:00,2026-09-17 09:00,240,부산,1,24.6,99.0,,,,71.0,0.0,6.0
ECMWF,2026-09-07 00:00,2026-09-07 09:00,0,인천,0,22.1,0.0,,,,,,
ECMWF,2026-09-07 00:00,2026-09-07 12:00,3,인천,0,26.4,1.0,,,,713.0,0.0,3.0
ECMWF,2026-09-07 00:00,2026-09-07 15:00,6,인천,0,27.9,9.0,,,,793.0,0.0,3.0
ECMWF,2026-09-07 00:00,2026-09-07 18:00,9,인천,0,26.3,6.0,,,,382.0,0.0,3.0
ECMWF,2026-09-07 00:00,2026-09-07 21:00,12,인천,0,22.5,0.0,,,,13.0,0.0,3.0
ECMWF,2026-09-07 00:00,2026-09-08 00:00,15,인천,0,20.6,0.0,,,,0.0,0.0,3.0
ECMWF,2026-09-07 00:00,2026-09-08 03:00,18,인천,0,18.9,1.0,,,,0.0,0.0,3.0
ECMWF,2026-09-07 00:00,2026-09-08 06:00,21,인천,0,17.4,27.0,,,,0.0,0.0,3.0
ECMWF,2026-09-07 00:00,2026-09-08 09:00,24,인천,0,22.1,21.0,,,,195.0,0.0,3.0
ECMWF,2026-09-07 00:00,2026-09-08 12:00,27,인천,0,26.6,45.0,,,,667.0,0.0,3.0
ECMWF,2026-09-07 00:00,2026-09-08 15:00,30,인천,0,28.7,2.0,,,,777.0,0.0,3.0
ECMWF,2026-09-07 00:00,2026-09-08 18:00,33,인천,0,27.0,7.0,,,,376.0,0.0,3.0
ECMWF,2026-09-07 00:00,2026-09-08 21:00,36,인천,0,24.4,37.0,,,,11.0,0.3,3.0
ECMWF,2026-09-07 00:00,2026-09-09 00:00,39,인천,0,22.7,15.0,,,,0.0,0.0,3.0
ECMWF,2026-09-07 00:00,2026-09-09 03:00,42,인천,0,20.9,77.0,,,,0.0,0.0,3.0
ECMWF,2026-09-07 00:00,2026-09-09 06:00,45,인천,0,20.3,100.0,,,,0.0,0.0,3.0
ECMWF,2026-09-07 00:00,2026-09-09 09:00,48,인천,0,21.5,98.0,,,,93.0,0.0,3.0
ECMWF,2026-09-07 00:00,2026-09-09 12:00,51,인천,0,22.6,67.0,,,,280.0,0.0,3.0
ECMWF,2026-09-07 00:00,2026-09-09 15:00,54,인천,0,25.5,91.0,,,,638.0,0.0,3.0
ECMWF,2026-09-07 00:00,2026-09-09 18:00,57,인천,0,22.7,23.0,,,,320.0,0.0,3.0
ECMWF,2026-09-07 00:00,2026-09-09 21:00,60,인천,0,19.4,25.0,,,,11.0,0.0,3.0
ECMWF,2026-09-07 00:00,2026-09-10 00:00,63,인천,0,17.0,7.0,,,,0.0,0.0,3.0
ECMWF,2026-09-07 00:00,2026-09-10 03:00,66,인천,0,15.0,6.0,,,,0.0,0.0,3.0
ECMWF,2026-09-07 00:00,2026-09-10 06:00,69,인천,0,14.1,14.0,,,,0.0,0.0,3.0
ECMWF,2026-09-07 00:00,2026-09-10 09:00,72,인천,0,19.3,2.0,,,,209.0,0.0,3.0
ECMWF,2026-09-07 00:00,2026-09-10 12:00,75,인천,0,23.7,62.0,,,,708.0,0.0,3.0
ECMWF,2026-09-07 00:00,2026-09-10 15:00,78,인천,0,25.5,51.0,,,,782.0,0.0,3.0
ECMWF,2026-09-07 00:00,2026-09-10 18:00,81,인천,0,23.9,69.0,,,,361.0,0.0,3.0
ECMWF,2026-09-07 00:00,2026-09-10 21:00,84,인천,0,20.3,12.0,,,,10.0,0.0,3.0
ECMWF,2026-09-07 00:00,2026-09-11 00:00,87,인천,0,18.7,20.0,,,,0.0,0.0,3.0
ECMWF,2026-09-07 00:00,2026-09-11 03:00,90,인천,0,17.4,69.0,,,,0.0,0.0,3.0
ECMWF,2026-09-07 00:00,2026-09-11 06:00,93,인천,0,15.9,74.0,,,,0.0,0.0,3.0
ECMWF,2026-09-07 00:00,2026-09-11 09:00,96,인천,0,20.7,99.0,,,,183.0,0.0,3.0
ECMWF,2026-09-07 00:00,2026-09-11 12:00,99,인천,0,24.7,100.0,,,,624.0,0.0,3.0
ECMWF,2026-09-07 00:00,2026-09-11 15:00,102,인천,0,24.4,100.0,,,,392.0,0.0,3.0
ECMWF,2026-09-07 00:00,2026-09-11 18:00,105,인천,0,23.4,100.0,,,,152.0,0.0,3.0
ECMWF,2026-09-07 00:00,2026-09-11 21:00,108,인천,0,21.0,100.0,,,,5.0,0.0,3.0
ECMWF,2026-09-07 00:00,2026-09-12 00:00,111,인천,0,20.0,91.0,,,,0.0,0.0,3.0
ECMWF,2026-09-07 00:00,2026-09-12 03:00,114,인천,0,18.6,81.0,,,,0.0,0.0,3.0
ECMWF,2026-09-07 00:00,2026-09-12 06:00,117,인천,0,17.4,98.0,,,,0.0,0.0,3.0
ECMWF,2026-09-07 00:00,2026-09-12 09:00,120,인천,0,20.6,100.0,,,,86.0,0.0,3.0
ECMWF,2026-09-07 00:00,2026-09-12 12:00,123,인천,0,24.8,98.0,,,,438.0,0.0,3.0
ECMWF,2026-09-07 00:00,2026-09-12 15:00,126,인천,0,25.7,100.0,,,,504.0,0.0,3.0
ECMWF,2026-09-07 00:00,2026-09-12 18:00,129,인천,0,24.1,100.0,,,,215.0,0.0,3.0
ECMWF,2026-09-07 00:00,2026-09-12 21:00,132,인천,0,22.1,99.0,,,,3.0,0.0,3.0
ECMWF,2026-09-07 00:00,2026-09-13 00:00,135,인천,0,20.1,41.0,,,,0.0,0.0,3.0
ECMWF,2026-09-07 00:00,2026-09-13 03:00,138,인천,0,19.7,98.0,,,,0.0,0.0,3.0
ECMWF,2026-09-07 00:00,2026-09-13 06:00,141,인천,0,18.3,91.0,,,,0.0,0.0,3.0
ECMWF,2026-09-07 00:00,2026-09-13 09:00,144,인천,0,22.2,99.0,,,,124.0,0.0,3.0
ECMWF,2026-09-07 00:00,2026-09-13 15:00,150,인천,0,26.6,98.0,,,,510.0,0.0,6.0
ECMWF,2026-09-07 00:00,2026-09-13 21:00,156,인천,0,21.9,100.0,,,,100.0,0.0,6.0
ECMWF,2026-09-07 00:00,2026-09-14 03:00,162,인천,0,19.5,98.0,,,,0.0,0.0,6.0
ECMWF,2026-09-07 00:00,2026-09-14 09:00,168,인천,0,21.0,100.0,,,,36.0,0.0,6.0
ECMWF,2026-09-07 00:00,2026-09-14 15:00,174,인천,0,23.9,100.0,,,,212.0,0.0,6.0
ECMWF,2026-09-07 00:00,2026-09-14 21:00,180,인천,0,21.7,100.0,,,,70.0,0.0,6.0
ECMWF,2026-09-07 00:00,2026-09-15 03:00,186,인천,0,19.0,100.0,,,,0.0,0.0,6.0
ECMWF,2026-09-07 00:00,2026-09-15 09:00,192,인천,0,21.5,100.0,,,,58.0,0.0,6.0
ECMWF,2026-09-07 00:00,2026-09-15 15:00,198,인천,0,28.3,97.0,,,,560.0,0.0,6.0
ECMWF,2026-09-07 00:00,2026-09-15 21:00,204,인천,0,23.3,2.0,,,,146.0,0.0,6.0
ECMWF,2026-09-07 00:00,2026-09-16 03:00,210,인천,0,18.6,0.0,,,,0.0,0.0,6.0
ECMWF,2026-09-07 00:00,2026-09-16 09:00,216,인천,0,21.8,0.0,,,,95.0,0.0,6.0
ECMWF,2026-09-07 00:00,2026-09-16 15:00,222,인천,0,29.4,95.0,,,,720.0,0.0,6.0
ECMWF,2026-09-07 00:00,2026-09-16 21:00,228,인천,0,23.7,26.0,,,,169.0,0.0,6.0
ECMWF,2026-09-07 00:00,2026-09-17 03:00,234,인천,0,18.9,0.0,,,,0.0,0.0,6.0
ECMWF,2026-09-07 00:00,2026-09-17 09:00,240,인천,0,21.9,73.0,,,,88.0,0.0,6.0
ECMWF,2026-09-07 00:00,2026-09-07 09:00,0,수원,0,22.4,0.0,,,,,,
ECMWF,2026-09-07 00:00,2026-09-07 12:00,3,수원,0,26.1,1.0,,,,718.0,0.0,3.0
ECMWF,2026-09-07 00:00,2026-09-07 15:00,6,수원,0,27.6,14.0,,,,800.0,0.0,3.0
ECMWF,2026-09-07 00:00,2026-09-07 18:00,9,수원,0,25.7,1.0,,,,383.0,0.0,3.0
ECMWF,2026-09-07 00:00,2026-09-07 21:00,12,수원,0,21.4,0.0,,,,13.0,0.0,3.0
ECMWF,2026-09-07 00:00,2026-09-08 00:00,15,수원,0,19.1,0.0,,,,0.0,0.0,3.0
ECMWF,2026-09-07 00:00,2026-09-08 03:00,18,수원,0,17.0,0.0,,,,0.0,0.0,3.0
ECMWF,2026-09-07 00:00,2026-09-08 06:00,21,수원,0,15.6,7.0,,,,0.0,0.0,3.0
ECMWF,2026-09-07 00:00,2026-09-08 09:00,24,수원,0,21.6,42.0,,,,208.0,0.0,3.0
ECMWF,2026-09-07 00:00,2026-09-08 12:00,27,수원,0,26.2,55.0,,,,696.0,0.0,3.0
ECMWF,2026-09-07 00:00,2026-09-08 15:00,30,수원,0,28.4,0.0,,,,730.0,0.0,3.0
ECMWF,2026-09-07 00:00,2026-09-08 18:00,33,수원,0,26.3,7.0,,,,383.0,0.0,3.0
ECMWF,2026-09-07 00:00,2026-09-08 21:00,36,수원,0,22.9,54.0,,,,11.0,0.0,3.0
ECMWF,2026-09-07 00:00,2026-09-09 00:00,39,수원,0,21.2,10.0,,,,0.0,0.0,3.0
ECMWF,2026-09-07 00:00,2026-09-09 03:00,42,수원,0,20.1,23.0,,,,0.0,0.0,3.0
ECMWF,2026-09-07 00:00,2026-09-09 06:00,45,수원,0,19.2,99.0,,,,0.0,0.0,3.0
ECMWF,2026-09-07 00:00,2026-09-09 09:00,48,수원,0,20.8,78.0,,,,85.0,0.0,3.0
ECMWF,2026-09-07 00:00,2026-09-09 12:00,51,수원,0,23.0,98.0,,,,380.0,0.0,3.0
ECMWF,2026-09-07 00:00,2026-09-09 15:00,54,수원,0,25.1,98.0,,,,547.0,0.0,3.0
ECMWF,2026-09-07 00:00,2026-09-09 18:00,57,수원,0,22.0,5.0,,,,253.0,0.0,3.0
ECMWF,2026-09-07 00:00,2026-09-09 21:00,60,수원,0,18.4,6.0,,,,10.0,0.0,3.0
ECMWF,2026-09-07 00:00,2026-09-10 00:00,63,수원,0,16.1,6.0,,,,0.0,0.0,3.0
ECMWF,2026-09-07 00:00,2026-09-10 03:00,66,수원,0,14.4,16.0,,,,0.0,0.0,3.0
ECMWF,2026-09-07 00:00,2026-09-10 06:00,69,수원,0,13.5,2.0,,,,0.0,0.0,3.0
ECMWF,2026-09-07 00:00,2026-09-10 09:00,72,수원,0,19.2,1.0,,,,213.0,0.0,3.0
ECMWF,2026-09-07 00:00,2026-09-10 12:00,75,수원,0,23.0,56.0,,,,711.0,0.0,3.0
ECMWF,2026-09-07 00:00,2026-09-10 15:00,78,수원,0,24.6,27.0,,,,777.0,0.0,3.0
ECMWF,2026-09-07 00:00,2026-09-10 18:00,81,수원,0,23.4,63.0,,,,349.0,0.0,3.0
ECMWF,2026-09-07 00:00,2026-09-10 21:00,84,수원,0,19.4,44.0,,,,9.0,0.0,3.0
ECMWF,2026-09-07 00:00,2026-09-11 00:00,87,수원,0,17.2,22.0,,,,0.0,0.0,3.0
ECMWF,2026-09-07 00:00,2026-09-11 03:00,90,수원,0,15.8,19.0,,,,0.0,0.0,3.0
ECMWF,2026-09-07 00:00,2026-09-11 06:00,93,수원,0,14.3,10.0,,,,0.0,0.0,3.0
ECMWF,2026-09-07 00:00,2026-09-11 09:00,96,수원,0,20.3,95.0,,,,203.0,0.0,3.0
ECMWF,2026-09-07 00:00,2026-09-11 12:00,99,수원,0,23.1,98.0,,,,546.0,0.0,3.0
ECMWF,2026-09-07 00:00,2026-09-11 15:00,102,수원,0,23.9,100.0,,,,486.0,0.0,3.0
ECMWF,2026-09-07 00:00,2026-09-11 18:00,105,수원,0,21.4,100.0,,,,106.0,0.0,3.0
ECMWF,2026-09-07 00:00,2026-09-11 21:00,108,수원,0,19.0,99.0,,,,3.0,0.0,3.0
ECMWF,2026-09-07 00:00,2026-09-12 00:00,111,수원,0,18.2,100.0,,,,0.0,0.0,3.0
ECMWF,2026-09-07 00:00,2026-09-12 03:00,114,수원,0,18.0,100.0,,,,0.0,0.0,3.0
ECMWF,2026-09-07 00:00,2026-09-12 06:00,117,수원,0,17.9,100.0,,,,0.0,0.0,3.0
ECMWF,2026-09-07 00:00,2026-09-12 09:00,120,수원,0,20.7,100.0,,,,74.0,0.0,3.0
ECMWF,2026-09-07 00:00,2026-09-12 12:00,123,수원,0,23.3,99.0,,,,399.0,0.0,3.0
ECMWF,2026-09-07 00:00,2026-09-12 15:00,126,수원,0,23.4,100.0,,,,399.0,0.0,3.0
ECMWF,2026-09-07 00:00,2026-09-12 18:00,129,수원,0,22.5,100.0,,,,193.0,0.0,3.0
ECMWF,2026-09-07 00:00,2026-09-12 21:00,132,수원,0,20.1,95.0,,,,2.0,0.0,3.0
ECMWF,2026-09-07 00:00,2026-09-13 00:00,135,수원,0,19.2,85.0,,,,0.0,0.0,3.0
ECMWF,2026-09-07 00:00,2026-09-13 03:00,138,수원,0,18.9,84.0,,,,0.0,0.0,3.0
ECMWF,2026-09-07 00:00,2026-09-13 06:00,141,수원,0,18.4,25.0,,,,0.0,0.0,3.0
ECMWF,2026-09-07 00:00,2026-09-13 09:00,144,수원,0,21.8,100.0,,,,125.0,0.0,3.0
ECMWF,2026-09-07 00:00,2026-09-13 15:00,150,수원,0,24.9,100.0,,,,395.0,1.2,6.0
ECMWF,2026-09-07 00:00,2026-09-13 21:00,156,수원,0,21.1,98.0,,,,82.0,0.0,6.0
ECMWF,2026-09-07 00:00,2026-09-14 03:00,162,수원,0,19.6,100.0,,,,0.0,0.0,6.0
ECMWF,2026-09-07 00:00,2026-09-14 09:00,168,수원,0,21.1,100.0,,,,35.0,0.0,6.0
ECMWF,2026-09-07 00:00,2026-09-14 15:00,174,수원,0,21.8,100.0,,,,201.0,0.4,6.0
ECMWF,2026-09-07 00:00,2026-09-14 21:00,180,수원,0,19.8,100.0,,,,41.0,0.1,6.0
ECMWF,2026-09-07 00:00,2026-09-15 03:00,186,수원,0,18.2,100.0,,,,0.0,0.0,6.0
ECMWF,2026-09-07 00:00,2026-09-15 09:00,192,수원,0,21.6,100.0,,,,58.0,0.0,6.0
ECMWF,2026-09-07 00:00,2026-09-15 15:00,198,수원,0,27.0,100.0,,,,530.0,0.0,6.0
ECMWF,2026-09-07 00:00,2026-09-15 21:00,204,수원,0,20.9,2.0,,,,132.0,0.0,6.0
ECMWF,2026-09-07 00:00,2026-09-16 03:00,210,수원,0,17.6,4.0,,,,0.0,0.0,6.0
ECMWF,2026-09-07 00:00,2026-09-16 09:00,216,수원,0,21.9,0.0,,,,96.0,0.0,6.0
ECMWF,2026-09-07 00:00,2026-09-16 15:00,222,수원,0,27.7,97.0,,,,686.0,0.0,6.0
ECMWF,2026-09-07 00:00,2026-09-16 21:00,228,수원,0,22.1,12.0,,,,139.0,0.0,6.0
ECMWF,2026-09-07 00:00,2026-09-17 03:00,234,수원,0,17.9,2.0,,,,0.0,0.0,6.0
ECMWF,2026-09-07 00:00,2026-09-17 09:00,240,수원,0,21.7,17.0,,,,92.0,0.0,6.0
ECMWF,2026-09-07 00:00,2026-09-07 09:00,0,전주,0,22.1,0.0,,,,,,
ECMWF,2026-09-07 00:00,2026-09-07 12:00,3,전주,0,27.3,1.0,,,,725.0,0.0,3.0
ECMWF,2026-09-07 00:00,2026-09-07 15:00,6,전주,0,28.3,2.0,,,,803.0,0.0,3.0
ECMWF,2026-09-07 00:00,2026-09-07 18:00,9,전주,0,25.5,1.0,,,,399.0,0.0,3.0
ECMWF,2026-09-07 00:00,2026-09-07 21:00,12,전주,0,21.7,2.0,,,,12.0,0.0,3.0
ECMWF,2026-09-07 00:00,2026-09-08 00:00,15,전주,0,19.7,0.0,,,,0.0,0.0,3.0
ECMWF,2026-09-07 00:00,2026-09-08 03:00,18,전주,0,18.1,0.0,,,,0.0,0.0,3.0
ECMWF,2026-09-07 00:00,2026-09-08 06:00,21,전주,0,17.2,0.0,,,,0.0,0.0,3.0
ECMWF,2026-09-07 00:00,2026-09-08 09:00,24,전주,0,21.7,2.0,,,,214.0,0.0,3.0
ECMWF,2026-09-07 00:00,2026-09-08 12:00,27,전주,0,25.8,18.0,,,,734.0,0.0,3.0
ECMWF,2026-09-07 00:00,2026-09-08 15:00,30,전주,0,26.6,2.0,,,,825.0,0.0,3.0
ECMWF,2026-09-07 00:00,2026-09-08 18:00,33,전주,0,24.3,0.0,,,,401.0,0.0,3.0
ECMWF,2026-09-07 00:00,2026-09-08 21:00,36,전주,0,20.9,0.0,,,,12.0,0.0,3.0
ECMWF,2026-09-07 00:00,2026-09-09 00:00,39,전주,0,19.3,0.0,,,,0.0,0.0,3.0
ECMWF,2026-09-07 00:00,2026-09-09 03:00,42,전주,0,18.2,0.0,,,,0.0,0.0,3.0
ECMWF,2026-09-07 00:00,2026-09-09 06:00,45,전주,0,18.4,2.0,,,,0.0,0.0,3.0
ECMWF,2026-09-07 00:00,2026-09-09 09:00,48,전주,0,22.9,2.0,,,,202.0,0.0,3.0
ECMWF,2026-09-07 00:00,2026-09-09 12:00,51,전주,0,26.6,4.0,,,,692.0,0.0,3.0
ECMWF,2026-09-07 00:00,2026-09-09 15:00,54,전주,0,27.2,39.0,,,,711.0,0.0,3.0
ECMWF,2026-09-07 00:00,2026-09-09 18:00,57,전주,0,24.4,7.0,,,,353.0,0.0,3.0
ECMWF,2026-09-07 00:00,2026-09-09 21:00,60,전주,0,20.9,2.0,,,,10.0,0.0,3.0
ECMWF,2026-09-07 00:00,2026-09-10 00:00,63,전주,0,18.1,2.0,,,,0.0,0.0,3.0
ECMWF,2026-09-07 00:00,2026-09-10 03:00,66,전주,0,16.1,6.0,,,,0.0,0.0,3.0
ECMWF,2026-09-07 00:00,2026-09-10 06:00,69,전주,0,14.9,2.0,,,,0.0,0.0,3.0
ECMWF,2026-09-07 00:00,2026-09-10 09:00,72,전주,0,20.0,14.0,,,,205.0,0.0,3.0
ECMWF,2026-09-07 00:00,2026-09-10 12:00,75,전주,0,24.3,12.0,,,,702.0,0.0,3.0
ECMWF,2026-09-07 00:00,2026-09-10 15:00,78,전주,0,25.5,49.0,,,,795.0,0.0,3.0
ECMWF,2026-09-07 00:00,2026-09-10 18:00,81,전주,0,22.9,90.0,,,,354.0,0.0,3.0
ECMWF,2026-09-07 00:00,2026-09-10 21:00,84,전주,0,20.4,90.0,,,,8.0,0.0,3.0
ECMWF,2026-09-07 00:00,2026-09-11 00:00,87,전주,0,18.5,36.0,,,,0.0,0.0,3.0
ECMWF,2026-09-07 00:00,2026-09-11 03:00,90,전주,0,16.1,2.0,,,,0.0,0.0,3.0
ECMWF,2026-09-07 00:00,2026-09-11 06:00,93,전주,0,14.8,16.0,,,,0.0,0.0,3.0
ECMWF,2026-09-07 00:00,2026-09-11 09:00,96,전주,0,20.2,81.0,,,,177.0,0.0,3.0
ECMWF,2026-09-07 00:00,2026-09-11 12:00,99,전주,0,24.1,39.0,,,,601.0,0.0,3.0
ECMWF,2026-09-07 00:00,2026-09-11 15:00,102,전주,0,24.8,30.0,,,,775.0,0.0,3.0
ECMWF,2026-09-07 00:00,2026-09-11 18:00,105,전주,0,22.3,40.0,,,,338.0,0.0,3.0
ECMWF,2026-09-07 00:00,2026-09-11 21:00,108,전주,0,19.6,23.0,,,,9.0,0.0,3.0
ECMWF,2026-09-07 00:00,2026-09-12 00:00,111,전주,0,18.3,76.0,,,,0.0,0.0,3.0
ECMWF,2026-09-07 00:00,2026-09-12 03:00,114,전주,0,18.4,37.0,,,,0.0,0.0,3.0
ECMWF,2026-09-07 00:00,2026-09-12 06:00,117,전주,0,17.2,53.0,,,,0.0,0.0,3.0
ECMWF,2026-09-07 00:00,2026-09-12 09:00,120,전주,0,22.7,62.0,,,,168.0,0.0,3.0
ECMWF,2026-09-07 00:00,2026-09-12 12:00,123,전주,0,25.9,100.0,,,,614.0,0.0,3.0
ECMWF,2026-09-07 00:00,2026-09-12 15:00,126,전주,0,25.9,98.0,,,,564.0,0.0,3.0
ECMWF,2026-09-07 00:00,2026-09-12 18:00,129,전주,0,24.5,32.0,,,,234.0,0.0,3.0
ECMWF,2026-09-07 00:00,2026-09-12 21:00,132,전주,0,21.3,23.0,,,,8.0,0.0,3.0
ECMWF,2026-09-07 00:00,2026-09-13 00:00,135,전주,0,19.1,12.0,,,,0.0,0.0,3.0
ECMWF,2026-09-07 00:00,2026-09-13 03:00,138,전주,0,18.6,48.0,,,,0.0,0.0,3.0
ECMWF,2026-09-07 00:00,2026-09-13 06:00,141,전주,0,18.8,0.0,,,,0.0,0.0,3.0
ECMWF,2026-09-07 00:00,2026-09-13 09:00,144,전주,0,24.0,2.0,,,,193.0,0.0,3.0
ECMWF,2026-09-07 00:00,2026-09-13 15:00,150,전주,0,27.8,30.0,,,,678.0,0.0,6.0
ECMWF,2026-09-07 00:00,2026-09-13 21:00,156,전주,0,21.7,100.0,,,,156.0,0.0,6.0
ECMWF,2026-09-07 00:00,2026-09-14 03:00,162,전주,0,19.8,100.0,,,,0.0,5.8,6.0
ECMWF,2026-09-07 00:00,2026-09-14 09:00,168,전주,0,20.0,100.0,,,,25.0,3.5,6.0
ECMWF,2026-09-07 00:00,2026-09-14 15:00,174,전주,0,20.6,100.0,,,,113.0,15.8,6.0
ECMWF,2026-09-07 00:00,2026-09-14 21:00,180,전주,0,18.3,98.0,,,,31.0,5.1,6.0
ECMWF,2026-09-07 00:00,2026-09-15 03:00,186,전주,0,18.3,100.0,,,,0.0,0.0,6.0
ECMWF,2026-09-07 00:00,2026-09-15 09:00,192,전주,0,19.5,100.0,,,,17.0,1.7,6.0
ECMWF,2026-09-07 00:00,2026-09-15 15:00,198,전주,0,25.8,100.0,,,,326.0,0.8,6.0
ECMWF,2026-09-07 00:00,2026-09-15 21:00,204,전주,0,21.0,32.0,,,,117.0,0.4,6.0
ECMWF,2026-09-07 00:00,2026-09-16 03:00,210,전주,0,18.8,51.0,,,,0.0,0.2,6.0
ECMWF,2026-09-07 00:00,2026-09-16 09:00,216,전주,0,21.9,100.0,,,,68.0,0.0,6.0
ECMWF,2026-09-07 00:00,2026-09-16 15:00,222,전주,0,27.7,100.0,,,,581.0,0.3,6.0
ECMWF,2026-09-07 00:00,2026-09-16 21:00,228,전주,0,21.5,85.0,,,,132.0,0.2,6.0
ECMWF,2026-09-07 00:00,2026-09-17 03:00,234,전주,0,18.1,84.0,,,,0.0,0.0,6.0
ECMWF,2026-09-07 00:00,2026-09-17 09:00,240,전주,0,21.7,100.0,,,,82.0,0.0,6.0
ECMWF,2026-09-07 00:00,2026-09-07 09:00,0,강릉,0,22.6,80.0,,,,,,
ECMWF,2026-09-07 00:00,2026-09-07 12:00,3,강릉,0,23.2,40.0,,,,357.0,1.2,3.0
ECMWF,2026-09-07 00:00,2026-09-07 15:00,6,강릉,0,23.7,16.0,,,,699.0,0.0,3.0
ECMWF,2026-09-07 00:00,2026-09-07 18:00,9,강릉,0,22.8,31.0,,,,354.0,0.0,3.0
ECMWF,2026-09-07 00:00,2026-09-07 21:00,12,강릉,0,20.4,55.0,,,,7.0,0.0,3.0
ECMWF,2026-09-07 00:00,2026-09-08 00:00,15,강릉,0,17.9,41.0,,,,0.0,0.0,3.0
ECMWF,2026-09-07 00:00,2026-09-08 03:00,18,강릉,0,17.0,41.0,,,,0.0,0.0,3.0
ECMWF,2026-09-07 00:00,2026-09-08 06:00,21,강릉,0,16.4,22.0,,,,0.0,0.0,3.0
ECMWF,2026-09-07 00:00,2026-09-08 09:00,24,강릉,0,22.0,57.0,,,,232.0,0.0,3.0
ECMWF,2026-09-07 00:00,2026-09-08 12:00,27,강릉,0,23.4,79.0,,,,677.0,0.0,3.0
ECMWF,2026-09-07 00:00,2026-09-08 15:00,30,강릉,0,23.5,98.0,,,,629.0,0.2,3.0
ECMWF,2026-09-07 00:00,2026-09-08 18:00,33,강릉,0,21.6,95.0,,,,236.0,1.2,3.0
ECMWF,2026-09-07 00:00,2026-09-08 21:00,36,강릉,0,21.6,100.0,,,,4.0,0.9,3.0
ECMWF,2026-09-07 00:00,2026-09-09 00:00,39,강릉,0,20.7,100.0,,,,0.0,1.3,3.0
ECMWF,2026-09-07 00:00,2026-09-09 03:00,42,강릉,0,20.3,100.0,,,,0.0,0.5,3.0
ECMWF,2026-09-07 00:00,2026-09-09 06:00,45,강릉,0,20.6,100.0,,,,0.0,0.5,3.0
ECMWF,2026-09-07 00:00,2026-09-09 09:00,48,강릉,0,21.1,98.0,,,,83.0,0.1,3.0
ECMWF,2026-09-07 00:00,2026-09-09 12:00,51,강릉,0,21.3,31.0,,,,509.0,0.0,3.0
ECMWF,2026-09-07 00:00,2026-09-09 15:00,54,강릉,0,20.9,45.0,,,,667.0,0.0,3.0
ECMWF,2026-09-07 00:00,2026-09-09 18:00,57,강릉,0,20.0,48.0,,,,310.0,0.0,3.0
ECMWF,2026-09-07 00:00,2026-09-09 21:00,60,강릉,0,18.5,20.0,,,,6.0,0.0,3.0
ECMWF,2026-09-07 00:00,2026-09-10 00:00,63,강릉,0,17.7,20.0,,,,0.0,0.0,3.0
ECMWF,2026-09-07 00:00,2026-09-10 03:00,66,강릉,0,17.4,20.0,,,,0.0,0.0,3.0
ECMWF,2026-09-07 00:00,2026-09-10 06:00,69,강릉,0,17.4,27.0,,,,0.0,0.0,3.0
ECMWF,2026-09-07 00:00,2026-09-10 09:00,72,강릉,0,21.2,77.0,,,,196.0,0.0,3.0
ECMWF,2026-09-07 00:00,2026-09-10 12:00,75,강릉,0,21.9,98.0,,,,582.0,0.0,3.0
ECMWF,2026-09-07 00:00,2026-09-10 15:00,78,강릉,0,22.1,87.0,,,,619.0,0.0,3.0
ECMWF,2026-09-07 00:00,2026-09-10 18:00,81,강릉,0,20.8,62.0,,,,288.0,0.0,3.0
ECMWF,2026-09-07 00:00,2026-09-10 21:00,84,강릉,0,18.0,51.0,,,,6.0,0.0,3.0
ECMWF,2026-09-07 00:00,2026-09-11 00:00,87,강릉,0,14.6,46.0,,,,0.0,0.0,3.0
ECMWF,2026-09-07 00:00,2026-09-11 03:00,90,강릉,0,13.8,52.0,,,,0.0,0.0,3.0
ECMWF,2026-09-07 00:00,2026-09-11 06:00,93,강릉,0,13.2,41.0,,,,0.0,0.0,3.0
ECMWF,2026-09-07 00:00,2026-09-11 09:00,96,강릉,0,20.6,70.0,,,,223.0,0.0,3.0
ECMWF,2026-09-07 00:00,2026-09-11 12:00,99,강릉,0,22.1,97.0,,,,623.0,0.0,3.0
ECMWF,2026-09-07 00:00,2026-09-11 15:00,102,강릉,0,22.0,100.0,,,,512.0,0.0,3.0
ECMWF,2026-09-07 00:00,2026-09-11 18:00,105,강릉,0,20.8,100.0,,,,171.0,0.0,3.0
ECMWF,2026-09-07 00:00,2026-09-11 21:00,108,강릉,0,17.7,98.0,,,,2.0,0.0,3.0
ECMWF,2026-09-07 00:00,2026-09-12 00:00,111,강릉,0,16.9,97.0,,,,0.0,0.0,3.0
ECMWF,2026-09-07 00:00,2026-09-12 03:00,114,강릉,0,17.0,96.0,,,,0.0,0.0,3.0
ECMWF,2026-09-07 00:00,2026-09-12 06:00,117,강릉,0,16.9,100.0,,,,0.0,0.0,3.0
ECMWF,2026-09-07 00:00,2026-09-12 09:00,120,강릉,0,19.4,100.0,,,,45.0,0.0,3.0
ECMWF,2026-09-07 00:00,2026-09-12 12:00,123,강릉,0,22.4,100.0,,,,277.0,0.0,3.0
ECMWF,2026-09-07 00:00,2026-09-12 15:00,126,강릉,0,22.8,100.0,,,,370.0,0.0,3.0
ECMWF,2026-09-07 00:00,2026-09-12 18:00,129,강릉,0,22.1,99.0,,,,195.0,0.0,3.0
ECMWF,2026-09-07 00:00,2026-09-12 21:00,132,강릉,0,19.9,95.0,,,,2.0,0.1,3.0
ECMWF,2026-09-07 00:00,2026-09-13 00:00,135,강릉,0,18.5,100.0,,,,0.0,0.0,3.0
ECMWF,2026-09-07 00:00,2026-09-13 03:00,138,강릉,0,18.4,99.0,,,,0.0,0.0,3.0
ECMWF,2026-09-07 00:00,2026-09-13 06:00,141,강릉,0,18.6,100.0,,,,0.0,0.0,3.0
ECMWF,2026-09-07 00:00,2026-09-13 09:00,144,강릉,0,22.4,61.0,,,,152.0,0.0,3.0
ECMWF,2026-09-07 00:00,2026-09-13 15:00,150,강릉,0,23.3,52.0,,,,455.0,0.1,6.0
ECMWF,2026-09-07 00:00,2026-09-13 21:00,156,강릉,0,21.2,100.0,,,,134.0,0.2,6.0
ECMWF,2026-09-07 00:00,2026-09-14 03:00,162,강릉,0,20.6,100.0,,,,0.0,0.2,6.0
ECMWF,2026-09-07 00:00,2026-09-14 09:00,168,강릉,0,21.7,100.0,,,,31.0,0.3,6.0
ECMWF,2026-09-07 00:00,2026-09-14 15:00,174,강릉,0,20.4,100.0,,,,209.0,2.6,6.0
ECMWF,2026-09-07 00:00,2026-09-14 21:00,180,강릉,0,18.9,100.0,,,,31.0,3.7,6.0
ECMWF,2026-09-07 00:00,2026-09-15 03:00,186,강릉,0,18.3,100.0,,,,0.0,0.9,6.0
ECMWF,2026-09-07 00:00,2026-09-15 09:00,192,강릉,0,20.2,100.0,,,,32.0,0.4,6.0
ECMWF,2026-09-07 00:00,2026-09-15 15:00,198,강릉,0,23.0,100.0,,,,386.0,0.1,6.0
ECMWF,2026-09-07 00:00,2026-09-15 21:00,204,강릉,0,20.3,99.0,,,,92.0,0.3,6.0
ECMWF,2026-09-07 00:00,2026-09-16 03:00,210,강릉,0,19.3,84.0,,,,0.0,0.1,6.0
ECMWF,2026-09-07 00:00,2026-09-16 09:00,216,강릉,0,20.8,55.0,,,,79.0,0.9,6.0
ECMWF,2026-09-07 00:00,2026-09-16 15:00,222,강릉,0,22.6,99.0,,,,594.0,1.1,6.0
ECMWF,2026-09-07 00:00,2026-09-16 21:00,228,강릉,0,19.3,93.0,,,,118.0,0.8,6.0
ECMWF,2026-09-07 00:00,2026-09-17 03:00,234,강릉,0,15.1,98.0,,,,0.0,0.0,6.0
ECMWF,2026-09-07 00:00,2026-09-17 09:00,240,강릉,0,20.9,29.0,,,,91.0,0.0,6.0
ECMWF,2026-09-07 00:00,2026-09-07 09:00,0,제주,0,23.6,67.0,,,,,,
ECMWF,2026-09-07 00:00,2026-09-07 12:00,3,제주,0,23.4,77.0,,,,416.0,0.4,3.0
ECMWF,2026-09-07 00:00,2026-09-07 15:00,6,제주,0,24.6,27.0,,,,596.0,0.0,3.0
ECMWF,2026-09-07 00:00,2026-09-07 18:00,9,제주,0,23.6,1.0,,,,379.0,0.0,3.0
ECMWF,2026-09-07 00:00,2026-09-07 21:00,12,제주,0,22.1,1.0,,,,14.0,0.0,3.0
ECMWF,2026-09-07 00:00,2026-09-08 00:00,15,제주,0,22.4,39.0,,,,0.0,0.0,3.0
ECMWF,2026-09-07 00:00,2026-09-08 03:00,18,제주,0,22.0,2.0,,,,0.0,0.1,3.0
ECMWF,2026-09-07 00:00,2026-09-08 06:00,21,제주,0,20.6,35.0,,,,0.0,0.0,3.0
ECMWF,2026-09-07 00:00,2026-09-08 09:00,24,제주,0,23.3,3.0,,,,203.0,0.0,3.0
ECMWF,2026-09-07 00:00,2026-09-08 12:00,27,제주,0,24.0,4.0,,,,734.0,0.0,3.0
ECMWF,2026-09-07 00:00,2026-09-08 15:00,30,제주,0,24.0,1.0,,,,834.0,0.0,3.0
ECMWF,2026-09-07 00:00,2026-09-08 18:00,33,제주,0,23.6,2.0,,,,414.0,0.0,3.0
ECMWF,2026-09-07 00:00,2026-09-08 21:00,36,제주,0,22.7,0.0,,,,13.0,0.0,3.0
ECMWF,2026-09-07 00:00,2026-09-09 00:00,39,제주,0,22.7,0.0,,,,0.0,0.0,3.0
ECMWF,2026-09-07 00:00,2026-09-09 03:00,42,제주,0,22.2,18.0,,,,0.0,0.0,3.0
ECMWF,2026-09-07 00:00,2026-09-09 06:00,45,제주,0,22.4,1.0,,,,0.0,0.0,3.0
ECMWF,2026-09-07 00:00,2026-09-09 09:00,48,제주,0,23.4,32.0,,,,197.0,0.0,3.0
ECMWF,2026-09-07 00:00,2026-09-09 12:00,51,제주,0,23.9,42.0,,,,640.0,0.4,3.0
ECMWF,2026-09-07 00:00,2026-09-09 15:00,54,제주,0,24.0,16.0,,,,717.0,0.3,3.0
ECMWF,2026-09-07 00:00,2026-09-09 18:00,57,제주,0,23.4,20.0,,,,364.0,0.0,3.0
ECMWF,2026-09-07 00:00,2026-09-09 21:00,60,제주,0,22.7,13.0,,,,11.0,0.0,3.0
ECMWF,2026-09-07 00:00,2026-09-10 00:00,63,제주,0,21.3,19.0,,,,0.0,0.0,3.0
ECMWF,2026-09-07 00:00,2026-09-10 03:00,66,제주,0,21.6,29.0,,,,0.0,0.0,3.0
ECMWF,2026-09-07 00:00,2026-09-10 06:00,69,제주,0,21.7,54.0,,,,0.0,0.0,3.0
ECMWF,2026-09-07 00:00,2026-09-10 09:00,72,제주,0,21.9,31.0,,,,167.0,0.0,3.0
ECMWF,2026-09-07 00:00,2026-09-10 12:00,75,제주,0,22.9,60.0,,,,623.0,0.1,3.0
ECMWF,2026-09-07 00:00,2026-09-10 15:00,78,제주,0,23.3,30.0,,,,689.0,0.1,3.0
ECMWF,2026-09-07 00:00,2026-09-10 18:00,81,제주,0,22.3,0.0,,,,355.0,0.0,3.0
ECMWF,2026-09-07 00:00,2026-09-10 21:00,84,제주,0,21.9,2.0,,,,10.0,0.0,3.0
ECMWF,2026-09-07 00:00,2026-09-11 00:00,87,제주,0,22.0,47.0,,,,0.0,0.0,3.0
ECMWF,2026-09-07 00:00,2026-09-11 03:00,90,제주,0,21.7,49.0,,,,0.0,0.0,3.0
ECMWF,2026-09-07 00:00,2026-09-11 06:00,93,제주,0,21.4,27.0,,,,0.0,0.0,3.0
ECMWF,2026-09-07 00:00,2026-09-11 09:00,96,제주,0,22.6,0.0,,,,193.0,0.0,3.0
ECMWF,2026-09-07 00:00,2026-09-11 12:00,99,제주,0,23.4,34.0,,,,694.0,0.0,3.0
ECMWF,2026-09-07 00:00,2026-09-11 15:00,102,제주,0,23.8,27.0,,,,773.0,0.0,3.0
ECMWF,2026-09-07 00:00,2026-09-11 18:00,105,제주,0,23.3,7.0,,,,375.0,0.0,3.0
ECMWF,2026-09-07 00:00,2026-09-11 21:00,108,제주,0,22.4,0.0,,,,9.0,0.0,3.0
ECMWF,2026-09-07 00:00,2026-09-12 00:00,111,제주,0,21.6,10.0,,,,0.0,0.0,3.0
ECMWF,2026-09-07 00:00,2026-09-12 03:00,114,제주,0,21.0,47.0,,,,0.0,0.0,3.0
ECMWF,2026-09-07 00:00,2026-09-12 06:00,117,제주,0,21.4,56.0,,,,0.0,0.0,3.0
ECMWF,2026-09-07 00:00,2026-09-12 09:00,120,제주,0,23.3,89.0,,,,127.0,0.2,3.0
ECMWF,2026-09-07 00:00,2026-09-12 12:00,123,제주,0,24.3,54.0,,,,596.0,0.4,3.0
ECMWF,2026-09-07 00:00,2026-09-12 15:00,126,제주,0,24.9,79.0,,,,636.0,0.1,3.0
ECMWF,2026-09-07 00:00,2026-09-12 18:00,129,제주,0,24.3,48.0,,,,262.0,0.0,3.0
ECMWF,2026-09-07 00:00,2026-09-12 21:00,132,제주,0,23.8,84.0,,,,6.0,0.0,3.0
ECMWF,2026-09-07 00:00,2026-09-13 00:00,135,제주,0,23.1,55.0,,,,0.0,0.0,3.0
ECMWF,2026-09-07 00:00,2026-09-13 03:00,138,제주,0,23.1,41.0,,,,0.0,0.0,3.0
ECMWF,2026-09-07 00:00,2026-09-13 06:00,141,제주,0,23.2,52.0,,,,0.0,0.0,3.0
ECMWF,2026-09-07 00:00,2026-09-13 09:00,144,제주,0,25.1,51.0,,,,132.0,0.0,3.0
ECMWF,2026-09-07 00:00,2026-09-13 15:00,150,제주,0,24.5,100.0,,,,548.0,6.4,6.0
ECMWF,2026-09-07 00:00,2026-09-13 21:00,156,제주,0,23.8,34.0,,,,68.0,7.4,6.0
ECMWF,2026-09-07 00:00,2026-09-14 03:00,162,제주,0,23.1,55.0,,,,0.0,0.1,6.0
ECMWF,2026-09-07 00:00,2026-09-14 09:00,168,제주,0,24.5,30.0,,,,69.0,0.3,6.0
ECMWF,2026-09-07 00:00,2026-09-14 15:00,174,제주,0,22.9,100.0,,,,519.0,14.2,6.0
ECMWF,2026-09-07 00:00,2026-09-14 21:00,180,제주,0,22.6,98.0,,,,100.0,6.7,6.0
ECMWF,2026-09-07 00:00,2026-09-15 03:00,186,제주,0,22.9,47.0,,,,0.0,0.8,6.0
ECMWF,2026-09-07 00:00,2026-09-15 09:00,192,제주,0,23.0,92.0,,,,62.0,3.9,6.0
ECMWF,2026-09-07 00:00,2026-09-15 15:00,198,제주,0,23.5,95.0,,,,406.0,1.6,6.0
ECMWF,2026-09-07 00:00,2026-09-15 21:00,204,제주,0,22.5,67.0,,,,62.0,3.7,6.0
ECMWF,2026-09-07 00:00,2026-09-16 03:00,210,제주,0,22.1,85.0,,,,0.0,1.1,6.0
ECMWF,2026-09-07 00:00,2026-09-16 09:00,216,제주,0,22.7,85.0,,,,54.0,2.0,6.0
ECMWF,2026-09-07 00:00,2026-09-16 15:00,222,제주,0,21.8,100.0,,,,393.0,3.3,6.0
ECMWF,2026-09-07 00:00,2026-09-16 21:00,228,제주,0,21.4,93.0,,,,87.0,4.9,6.0
ECMWF,2026-09-07 00:00,2026-09-17 03:00,234,제주,0,22.4,99.0,,,,0.0,3.2,6.0
ECMWF,2026-09-07 00:00,2026-09-17 09:00,240,제주,0,21.6,100.0,,,,29.0,6.6,6.0
ECMWF,2026-09-07 00:00,2026-09-07 09:00,0,나주,0,24.0,1.0,,,,,,
ECMWF,2026-09-07 00:00,2026-09-07 12:00,3,나주,0,29.5,0.0,,,,729.0,0.0,3.0
ECMWF,2026-09-07 00:00,2026-09-07 15:00,6,나주,0,31.2,0.0,,,,826.0,0.0,3.0
ECMWF,2026-09-07 00:00,2026-09-07 18:00,9,나주,0,29.6,5.0,,,,393.0,0.0,3.0
ECMWF,2026-09-07 00:00,2026-09-07 21:00,12,나주,0,24.8,1.0,,,,13.0,0.0,3.0
ECMWF,2026-09-07 00:00,2026-09-08 00:00,15,나주,0,22.9,2.0,,,,0.0,0.0,3.0
ECMWF,2026-09-07 00:00,2026-09-08 03:00,18,나주,0,21.2,10.0,,,,0.0,0.0,3.0
ECMWF,2026-09-07 00:00,2026-09-08 06:00,21,나주,0,19.9,0.0,,,,0.0,0.0,3.0
ECMWF,2026-09-07 00:00,2026-09-08 09:00,24,나주,0,25.1,0.0,,,,208.0,0.0,3.0
ECMWF,2026-09-07 00:00,2026-09-08 12:00,27,나주,0,29.6,0.0,,,,719.0,0.0,3.0
ECMWF,2026-09-07 00:00,2026-09-08 15:00,30,나주,0,30.7,0.0,,,,828.0,0.0,3.0
ECMWF,2026-09-07 00:00,2026-09-08 18:00,33,나주,0,27.2,0.0,,,,411.0,0.0,3.0
ECMWF,2026-09-07 00:00,2026-09-08 21:00,36,나주,0,23.1,0.0,,,,12.0,0.0,3.0
ECMWF,2026-09-07 00:00,2026-09-09 00:00,39,나주,0,21.4,0.0,,,,0.0,0.0,3.0
ECMWF,2026-09-07 00:00,2026-09-09 03:00,42,나주,0,19.8,0.0,,,,0.0,0.0,3.0
ECMWF,2026-09-07 00:00,2026-09-09 06:00,45,나주,0,18.5,0.0,,,,0.0,0.0,3.0
ECMWF,2026-09-07 00:00,2026-09-09 09:00,48,나주,0,24.8,3.0,,,,207.0,0.0,3.0
ECMWF,2026-09-07 00:00,2026-09-09 12:00,51,나주,0,29.4,0.0,,,,707.0,0.0,3.0
ECMWF,2026-09-07 00:00,2026-09-09 15:00,54,나주,0,30.6,4.0,,,,801.0,0.0,3.0
ECMWF,2026-09-07 00:00,2026-09-09 18:00,57,나주,0,28.1,100.0,,,,274.0,0.0,3.0
ECMWF,2026-09-07 00:00,2026-09-09 21:00,60,나주,0,25.2,40.0,,,,4.0,0.1,3.0
ECMWF,2026-09-07 00:00,2026-09-10 00:00,63,나주,0,21.9,17.0,,,,0.0,0.0,3.0
ECMWF,2026-09-07 00:00,2026-09-10 03:00,66,나주,0,19.8,41.0,,,,0.0,0.0,3.0
ECMWF,2026-09-07 00:00,2026-09-10 06:00,69,나주,0,18.4,4.0,,,,0.0,0.0,3.0
ECMWF,2026-09-07 00:00,2026-09-10 09:00,72,나주,0,22.8,9.0,,,,203.0,0.0,3.0
ECMWF,2026-09-07 00:00,2026-09-10 12:00,75,나주,0,27.4,20.0,,,,710.0,0.0,3.0
ECMWF,2026-09-07 00:00,2026-09-10 15:00,78,나주,0,28.9,23.0,,,,796.0,0.0,3.0
ECMWF,2026-09-07 00:00,2026-09-10 18:00,81,나주,0,27.4,16.0,,,,386.0,0.0,3.0
ECMWF,2026-09-07 00:00,2026-09-10 21:00,84,나주,0,23.3,78.0,,,,10.0,0.0,3.0
ECMWF,2026-09-07 00:00,2026-09-11 00:00,87,나주,0,22.1,82.0,,,,0.0,0.0,3.0
ECMWF,2026-09-07 00:00,2026-09-11 03:00,90,나주,0,20.2,46.0,,,,0.0,0.0,3.0
ECMWF,2026-09-07 00:00,2026-09-11 06:00,93,나주,0,18.5,9.0,,,,0.0,0.0,3.0
ECMWF,2026-09-07 00:00,2026-09-11 09:00,96,나주,0,23.5,32.0,,,,183.0,0.0,3.0
ECMWF,2026-09-07 00:00,2026-09-11 12:00,99,나주,0,27.9,83.0,,,,659.0,0.0,3.0
ECMWF,2026-09-07 00:00,2026-09-11 15:00,102,나주,0,30.0,70.0,,,,760.0,0.0,3.0
ECMWF,2026-09-07 00:00,2026-09-11 18:00,105,나주,0,28.5,24.0,,,,360.0,0.0,3.0
ECMWF,2026-09-07 00:00,2026-09-11 21:00,108,나주,0,23.9,1.0,,,,9.0,0.0,3.0
ECMWF,2026-09-07 00:00,2026-09-12 00:00,111,나주,0,22.5,8.0,,,,0.0,0.0,3.0
ECMWF,2026-09-07 00:00,2026-09-12 03:00,114,나주,0,20.9,9.0,,,,0.0,0.0,3.0
ECMWF,2026-09-07 00:00,2026-09-12 06:00,117,나주,0,19.1,0.0,,,,0.0,0.0,3.0
ECMWF,2026-09-07 00:00,2026-09-12 09:00,120,나주,0,25.2,0.0,,,,199.0,0.0,3.0
ECMWF,2026-09-07 00:00,2026-09-12 12:00,123,나주,0,30.0,0.0,,,,702.0,0.0,3.0
ECMWF,2026-09-07 00:00,2026-09-12 15:00,126,나주,0,31.7,40.0,,,,794.0,0.0,3.0
ECMWF,2026-09-07 00:00,2026-09-12 18:00,129,나주,0,26.5,72.0,,,,361.0,0.0,3.0
ECMWF,2026-09-07 00:00,2026-09-12 21:00,132,나주,0,24.1,90.0,,,,8.0,0.0,3.0
ECMWF,2026-09-07 00:00,2026-09-13 00:00,135,나주,0,22.2,54.0,,,,0.0,0.0,3.0
ECMWF,2026-09-07 00:00,2026-09-13 03:00,138,나주,0,21.7,25.0,,,,0.0,0.0,3.0
ECMWF,2026-09-07 00:00,2026-09-13 06:00,141,나주,0,20.8,2.0,,,,0.0,0.0,3.0
ECMWF,2026-09-07 00:00,2026-09-13 09:00,144,나주,0,26.0,9.0,,,,190.0,0.0,3.0
ECMWF,2026-09-07 00:00,2026-09-13 15:00,150,나주,0,32.7,33.0,,,,639.0,0.0,6.0
ECMWF,2026-09-07 00:00,2026-09-13 21:00,156,나주,0,23.9,30.0,,,,154.0,0.0,6.0
ECMWF,2026-09-07 00:00,2026-09-14 03:00,162,나주,0,21.6,70.0,,,,0.0,0.6,6.0
ECMWF,2026-09-07 00:00,2026-09-14 09:00,168,나주,0,21.7,100.0,,,,27.0,9.4,6.0
ECMWF,2026-09-07 00:00,2026-09-14 15:00,174,나주,0,22.1,100.0,,,,199.0,45.1,6.0
ECMWF,2026-09-07 00:00,2026-09-14 21:00,180,나주,0,20.8,30.0,,,,29.0,15.5,6.0
ECMWF,2026-09-07 00:00,2026-09-15 03:00,186,나주,0,19.3,99.0,,,,0.0,0.0,6.0
ECMWF,2026-09-07 00:00,2026-09-15 09:00,192,나주,0,21.3,90.0,,,,46.0,0.0,6.0
ECMWF,2026-09-07 00:00,2026-09-15 15:00,198,나주,0,24.8,100.0,,,,324.0,0.5,6.0
ECMWF,2026-09-07 00:00,2026-09-15 21:00,204,나주,0,21.5,13.0,,,,121.0,0.8,6.0
ECMWF,2026-09-07 00:00,2026-09-16 03:00,210,나주,0,20.2,25.0,,,,0.0,0.1,6.0
ECMWF,2026-09-07 00:00,2026-09-16 09:00,216,나주,0,22.2,98.0,,,,71.0,0.0,6.0
ECMWF,2026-09-07 00:00,2026-09-16 15:00,222,나주,0,27.4,100.0,,,,573.0,0.1,6.0
ECMWF,2026-09-07 00:00,2026-09-16 21:00,228,나주,0,21.5,98.0,,,,105.0,2.7,6.0
ECMWF,2026-09-07 00:00,2026-09-17 03:00,234,나주,0,19.2,76.0,,,,0.0,0.0,6.0
ECMWF,2026-09-07 00:00,2026-09-17 09:00,240,나주,0,22.1,99.0,,,,76.0,0.0,6.0
GFS,2026-09-07 06:00,2026-09-07 15:00,0,서울,1,29.3,5.0,0.0,0.0,5.0,,,
GFS,2026-09-07 06:00,2026-09-07 18:00,3,서울,1,28.2,42.0,0.0,0.0,42.0,398.0,0.0,3.0
GFS,2026-09-07 06:00,2026-09-07 21:00,6,서울,1,24.4,2.0,0.0,0.0,2.0,11.0,0.0,3.0
GFS,2026-09-07 06:00,2026-09-08 00:00,9,서울,1,22.3,0.0,0.0,0.0,0.0,0.0,0.0,3.0
GFS,2026-09-07 06:00,2026-09-08 03:00,12,서울,1,20.5,0.0,0.0,0.0,0.0,0.0,0.0,3.0
GFS,2026-09-07 06:00,2026-09-08 06:00,15,서울,1,19.0,7.0,0.0,0.0,7.0,0.0,0.0,3.0
GFS,2026-09-07 06:00,2026-09-08 09:00,18,서울,1,22.5,23.0,0.0,0.0,23.0,198.0,0.0,3.0
GFS,2026-09-07 06:00,2026-09-08 12:00,21,서울,1,27.4,79.0,0.0,79.0,78.0,662.0,0.0,3.0
GFS,2026-09-07 06:00,2026-09-08 15:00,24,서울,1,29.8,100.0,0.0,97.0,100.0,764.0,0.0,3.0
GFS,2026-09-07 06:00,2026-09-08 18:00,27,서울,1,27.7,4.0,0.0,4.0,0.0,336.0,0.0,3.0
GFS,2026-09-07 06:00,2026-09-08 21:00,30,서울,1,23.5,0.0,0.0,0.0,0.0,10.0,0.0,3.0
GFS,2026-09-07 06:00,2026-09-09 00:00,33,서울,1,22.0,0.0,0.0,0.0,0.0,0.0,0.0,3.0
GFS,2026-09-07 06:00,2026-09-09 03:00,36,서울,1,20.0,94.0,0.0,0.0,94.0,0.0,0.0,3.0
GFS,2026-09-07 06:00,2026-09-09 06:00,39,서울,1,18.7,9.0,0.0,3.0,7.0,0.0,0.0,3.0
GFS,2026-09-07 06:00,2026-09-09 09:00,42,서울,1,21.2,10.0,0.0,5.0,10.0,198.0,0.0,3.0
GFS,2026-09-07 06:00,2026-09-09 12:00,45,서울,1,24.9,7.0,5.0,5.0,5.0,689.0,0.0,3.0
GFS,2026-09-07 06:00,2026-09-09 15:00,48,서울,1,26.0,71.0,71.0,0.0,2.0,734.0,0.0,3.0
GFS,2026-09-07 06:00,2026-09-09 18:00,51,서울,1,23.1,98.0,0.0,0.0,98.0,264.0,0.0,3.0
GFS,2026-09-07 06:00,2026-09-09 21:00,54,서울,1,19.1,100.0,0.0,0.0,100.0,9.0,0.0,3.0
GFS,2026-09-07 06:00,2026-09-10 00:00,57,서울,1,18.2,92.0,0.0,3.0,92.0,0.0,0.0,3.0
GFS,2026-09-07 06:00,2026-09-10 03:00,60,서울,1,16.7,15.0,0.0,5.0,15.0,0.0,0.0,3.0
GFS,2026-09-07 06:00,2026-09-10 06:00,63,서울,1,15.5,82.0,0.0,82.0,5.0,0.0,0.0,3.0
GFS,2026-09-07 06:00,2026-09-10 09:00,66,서울,1,19.3,28.0,0.0,28.0,5.0,187.0,0.0,3.0
GFS,2026-09-07 06:00,2026-09-10 12:00,69,서울,1,23.7,88.0,0.0,88.0,5.0,691.0,0.0,3.0
GFS,2026-09-07 06:00,2026-09-10 15:00,72,서울,1,26.2,62.0,0.0,62.0,0.0,760.0,0.0,3.0
GFS,2026-09-07 06:00,2026-09-10 18:00,75,서울,1,25.1,100.0,0.0,5.0,100.0,376.0,0.0,3.0
GFS,2026-09-07 06:00,2026-09-10 21:00,78,서울,1,21.5,98.0,0.0,5.0,98.0,8.0,0.0,3.0
GFS,2026-09-07 06:00,2026-09-11 00:00,81,서울,1,19.8,34.0,0.0,11.0,30.0,0.0,0.0,3.0
GFS,2026-09-07 06:00,2026-09-11 03:00,84,서울,1,18.4,90.0,0.0,90.0,33.0,0.0,0.0,3.0
GFS,2026-09-07 06:00,2026-09-11 06:00,87,서울,1,17.7,100.0,0.0,100.0,100.0,0.0,0.0,3.0
GFS,2026-09-07 06:00,2026-09-11 09:00,90,서울,1,20.2,100.0,0.0,100.0,100.0,141.0,0.0,3.0
GFS,2026-09-07 06:00,2026-09-11 12:00,93,서울,1,24.4,100.0,0.0,10.0,100.0,549.0,0.0,3.0
GFS,2026-09-07 06:00,2026-09-11 15:00,96,서울,1,27.3,18.0,0.0,0.0,18.0,722.0,0.0,3.0
GFS,2026-09-07 06:00,2026-09-11 18:00,99,서울,1,25.7,12.0,0.0,0.0,12.0,375.0,0.0,3.0
GFS,2026-09-07 06:00,2026-09-11 21:00,102,서울,1,22.2,0.0,0.0,0.0,0.0,8.0,0.0,3.0
GFS,2026-09-07 06:00,2026-09-12 00:00,105,서울,1,20.6,50.0,0.0,0.0,50.0,0.0,0.0,3.0
GFS,2026-09-07 06:00,2026-09-12 03:00,108,서울,1,19.1,99.0,0.0,0.0,99.0,0.0,0.0,3.0
GFS,2026-09-07 06:00,2026-09-12 06:00,111,서울,1,18.1,100.0,0.0,94.0,100.0,0.0,0.0,3.0
GFS,2026-09-07 06:00,2026-09-12 09:00,114,서울,1,21.5,100.0,0.0,99.0,100.0,175.0,0.0,3.0
GFS,2026-09-07 06:00,2026-09-12 12:00,117,서울,1,26.4,100.0,0.0,100.0,63.0,610.0,0.0,3.0
GFS,2026-09-07 06:00,2026-09-12 15:00,120,서울,1,28.3,100.0,0.0,100.0,88.0,708.0,0.0,3.0
GFS,2026-09-07 06:00,2026-09-07 15:00,0,대전,1,27.7,0.0,0.0,0.0,0.0,,,
GFS,2026-09-07 06:00,2026-09-07 18:00,3,대전,1,23.5,0.0,0.0,0.0,0.0,393.0,0.0,3.0
GFS,2026-09-07 06:00,2026-09-07 21:00,6,대전,1,19.3,0.0,0.0,0.0,0.0,10.0,0.0,3.0
GFS,2026-09-07 06:00,2026-09-08 00:00,9,대전,1,18.4,0.0,0.0,0.0,0.0,0.0,0.0,3.0
GFS,2026-09-07 06:00,2026-09-08 03:00,12,대전,1,17.0,0.0,0.0,0.0,0.0,0.0,0.0,3.0
GFS,2026-09-07 06:00,2026-09-08 06:00,15,대전,1,16.0,0.0,0.0,0.0,0.0,0.0,0.0,3.0
GFS,2026-09-07 06:00,2026-09-08 09:00,18,대전,1,21.9,5.0,0.0,0.0,5.0,212.0,0.0,3.0
GFS,2026-09-07 06:00,2026-09-08 12:00,21,대전,1,26.9,8.0,0.0,0.0,8.0,716.0,0.0,3.0
GFS,2026-09-07 06:00,2026-09-08 15:00,24,대전,1,28.2,23.0,0.0,0.0,23.0,805.0,0.0,3.0
GFS,2026-09-07 06:00,2026-09-08 18:00,27,대전,1,23.5,5.0,0.0,5.0,0.0,384.0,0.0,3.0
GFS,2026-09-07 06:00,2026-09-08 21:00,30,대전,1,19.6,0.0,0.0,0.0,0.0,9.0,0.0,3.0
GFS,2026-09-07 06:00,2026-09-09 00:00,33,대전,1,19.1,0.0,0.0,0.0,0.0,0.0,0.0,3.0
GFS,2026-09-07 06:00,2026-09-09 03:00,36,대전,1,18.9,5.0,0.0,0.0,5.0,0.0,0.0,3.0
GFS,2026-09-07 06:00,2026-09-09 06:00,39,대전,1,18.5,3.0,0.0,3.0,0.0,0.0,0.0,3.0
GFS,2026-09-07 06:00,2026-09-09 09:00,42,대전,1,21.1,8.0,1.0,0.0,8.0,202.0,0.0,3.0
GFS,2026-09-07 06:00,2026-09-09 12:00,45,대전,1,24.3,4.0,3.0,0.0,4.0,697.0,0.0,3.0
GFS,2026-09-07 06:00,2026-09-09 15:00,48,대전,1,24.9,69.0,69.0,1.0,5.0,747.0,0.0,3.0
GFS,2026-09-07 06:00,2026-09-09 18:00,51,대전,1,20.6,12.0,12.0,0.0,5.0,241.0,0.0,3.0
GFS,2026-09-07 06:00,2026-09-09 21:00,54,대전,1,17.2,29.0,0.0,0.0,29.0,8.0,0.0,3.0
GFS,2026-09-07 06:00,2026-09-10 00:00,57,대전,1,16.5,8.0,0.0,1.0,8.0,0.0,0.0,3.0
GFS,2026-09-07 06:00,2026-09-10 03:00,60,대전,1,15.9,48.0,0.0,48.0,4.0,0.0,0.0,3.0
GFS,2026-09-07 06:00,2026-09-10 06:00,63,대전,1,15.3,5.0,0.0,5.0,5.0,0.0,0.0,3.0
GFS,2026-09-07 06:00,2026-09-10 09:00,66,대전,1,19.0,41.0,0.0,41.0,14.0,201.0,0.0,3.0
GFS,2026-09-07 06:00,2026-09-10 12:00,69,대전,1,22.8,98.0,0.0,98.0,5.0,715.0,0.0,3.0
GFS,2026-09-07 06:00,2026-09-10 15:00,72,대전,1,24.9,18.0,0.0,14.0,15.0,762.0,0.0,3.0
GFS,2026-09-07 06:00,2026-09-10 18:00,75,대전,1,21.0,100.0,0.0,100.0,53.0,355.0,0.0,3.0
GFS,2026-09-07 06:00,2026-09-10 21:00,78,대전,1,18.6,84.0,0.0,65.0,81.0,7.0,0.0,3.0
GFS,2026-09-07 06:00,2026-09-11 00:00,81,대전,1,17.1,66.0,0.0,66.0,5.0,0.0,0.0,3.0
GFS,2026-09-07 06:00,2026-09-11 03:00,84,대전,1,15.0,13.0,0.0,6.0,13.0,0.0,0.0,3.0
GFS,2026-09-07 06:00,2026-09-11 06:00,87,대전,1,14.4,98.0,0.0,87.0,97.0,0.0,0.0,3.0
GFS,2026-09-07 06:00,2026-09-11 09:00,90,대전,1,19.4,100.0,0.0,100.0,100.0,138.0,0.0,3.0
GFS,2026-09-07 06:00,2026-09-11 12:00,93,대전,1,23.4,100.0,0.0,100.0,100.0,484.0,0.0,3.0
GFS,2026-09-07 06:00,2026-09-11 15:00,96,대전,1,23.8,100.0,0.0,100.0,100.0,514.0,0.0,3.0
GFS,2026-09-07 06:00,2026-09-11 18:00,99,대전,1,19.9,100.0,0.0,100.0,100.0,217.0,0.0,3.0
GFS,2026-09-07 06:00,2026-09-11 21:00,102,대전,1,17.5,100.0,0.0,100.0,100.0,6.0,0.0,3.0
GFS,2026-09-07 06:00,2026-09-12 00:00,105,대전,1,17.4,99.0,0.0,99.0,97.0,0.0,0.0,3.0
GFS,2026-09-07 06:00,2026-09-12 03:00,108,대전,1,15.6,100.0,0.0,100.0,100.0,0.0,0.0,3.0
GFS,2026-09-07 06:00,2026-09-12 06:00,111,대전,1,15.1,100.0,0.0,100.0,100.0,0.0,0.0,3.0
GFS,2026-09-07 06:00,2026-09-12 09:00,114,대전,1,20.5,100.0,0.0,100.0,99.0,140.0,0.0,3.0
GFS,2026-09-07 06:00,2026-09-12 12:00,117,대전,1,24.2,100.0,0.0,100.0,100.0,478.0,0.0,3.0
GFS,2026-09-07 06:00,2026-09-12 15:00,120,대전,1,25.1,100.0,0.0,99.0,100.0,416.0,0.0,3.0
GFS,2026-09-07 06:00,2026-09-07 15:00,0,대구,1,26.5,0.0,0.0,0.0,0.0,,,
GFS,2026-09-07 06:00,2026-09-07 18:00,3,대구,1,20.9,0.0,0.0,0.0,0.0,378.0,0.0,3.0
GFS,2026-09-07 06:00,2026-09-07 21:00,6,대구,1,15.5,0.0,0.0,0.0,0.0,7.0,0.0,3.0
GFS,2026-09-07 06:00,2026-09-08 00:00,9,대구,1,14.4,0.0,0.0,0.0,0.0,0.0,0.0,3.0
GFS,2026-09-07 06:00,2026-09-08 03:00,12,대구,1,14.0,0.0,0.0,0.0,0.0,0.0,0.0,3.0
GFS,2026-09-07 06:00,2026-09-08 06:00,15,대구,1,13.4,0.0,0.0,0.0,0.0,0.0,0.0,3.0
GFS,2026-09-07 06:00,2026-09-08 09:00,18,대구,1,20.7,0.0,0.0,0.0,0.0,239.0,0.0,3.0
GFS,2026-09-07 06:00,2026-09-08 12:00,21,대구,1,26.3,2.0,0.0,0.0,2.0,749.0,0.0,3.0
GFS,2026-09-07 06:00,2026-09-08 15:00,24,대구,1,27.4,0.0,0.0,0.0,0.0,809.0,0.0,3.0
GFS,2026-09-07 06:00,2026-09-08 18:00,27,대구,1,21.1,55.0,0.0,0.0,55.0,368.0,0.0,3.0
GFS,2026-09-07 06:00,2026-09-08 21:00,30,대구,1,15.6,0.0,0.0,0.0,0.0,7.0,0.0,3.0
GFS,2026-09-07 06:00,2026-09-09 00:00,33,대구,1,15.6,2.0,2.0,0.0,0.0,0.0,0.0,3.0
GFS,2026-09-07 06:00,2026-09-09 03:00,36,대구,1,18.1,100.0,100.0,0.0,0.0,0.0,0.0,3.0
GFS,2026-09-07 06:00,2026-09-09 06:00,39,대구,1,18.0,98.0,98.0,0.0,0.0,0.0,0.1,3.0
GFS,2026-09-07 06:00,2026-09-09 09:00,42,대구,1,20.3,61.0,61.0,0.0,5.0,150.0,0.1,3.0
GFS,2026-09-07 06:00,2026-09-09 12:00,45,대구,1,22.4,88.0,88.0,0.0,5.0,511.0,0.0,3.0
GFS,2026-09-07 06:00,2026-09-09 15:00,48,대구,1,21.1,53.0,53.0,0.0,0.0,506.0,0.1,3.0
GFS,2026-09-07 06:00,2026-09-09 18:00,51,대구,1,18.1,4.0,0.0,0.0,4.0,322.0,0.0,3.0
GFS,2026-09-07 06:00,2026-09-09 21:00,54,대구,1,16.9,92.0,0.0,0.0,92.0,6.0,0.0,3.0
GFS,2026-09-07 06:00,2026-09-10 00:00,57,대구,1,16.8,100.0,1.0,0.0,100.0,0.0,0.0,3.0
GFS,2026-09-07 06:00,2026-09-10 03:00,60,대구,1,15.6,5.0,0.0,2.0,5.0,0.0,0.0,3.0
GFS,2026-09-07 06:00,2026-09-10 06:00,63,대구,1,14.5,5.0,0.0,5.0,5.0,0.0,0.0,3.0
GFS,2026-09-07 06:00,2026-09-10 09:00,66,대구,1,19.9,60.0,12.0,5.0,60.0,220.0,0.0,3.0
GFS,2026-09-07 06:00,2026-09-10 12:00,69,대구,1,22.7,14.0,1.0,13.0,6.0,693.0,0.0,3.0
GFS,2026-09-07 06:00,2026-09-10 15:00,72,대구,1,22.8,12.0,10.0,7.0,5.0,785.0,0.0,3.0
GFS,2026-09-07 06:00,2026-09-10 18:00,75,대구,1,18.8,100.0,0.0,43.0,100.0,346.0,0.0,3.0
GFS,2026-09-07 06:00,2026-09-10 21:00,78,대구,1,15.1,96.0,8.0,5.0,96.0,5.0,0.0,3.0
GFS,2026-09-07 06:00,2026-09-11 00:00,81,대구,1,15.0,40.0,39.0,28.0,8.0,0.0,0.0,3.0
GFS,2026-09-07 06:00,2026-09-11 03:00,84,대구,1,14.2,100.0,14.0,100.0,3.0,0.0,0.0,3.0
GFS,2026-09-07 06:00,2026-09-11 06:00,87,대구,1,14.0,93.0,0.0,93.0,3.0,0.0,0.0,3.0
GFS,2026-09-07 06:00,2026-09-11 09:00,90,대구,1,20.3,24.0,0.0,24.0,3.0,204.0,0.0,3.0
GFS,2026-09-07 06:00,2026-09-11 12:00,93,대구,1,21.1,99.0,97.0,96.0,2.0,430.0,0.1,3.0
GFS,2026-09-07 06:00,2026-09-11 15:00,96,대구,1,22.4,99.0,50.0,99.0,5.0,341.0,0.1,3.0
GFS,2026-09-07 06:00,2026-09-11 18:00,99,대구,1,19.9,100.0,0.0,100.0,25.0,216.0,0.1,3.0
GFS,2026-09-07 06:00,2026-09-11 21:00,102,대구,1,16.3,90.0,0.0,90.0,6.0,4.0,0.0,3.0
GFS,2026-09-07 06:00,2026-09-12 00:00,105,대구,1,15.6,100.0,0.0,88.0,100.0,0.0,0.0,3.0
GFS,2026-09-07 06:00,2026-09-12 03:00,108,대구,1,15.8,100.0,0.0,100.0,100.0,0.0,0.0,3.0
GFS,2026-09-07 06:00,2026-09-12 06:00,111,대구,1,15.8,100.0,0.0,100.0,100.0,0.0,0.0,3.0
GFS,2026-09-07 06:00,2026-09-12 09:00,114,대구,1,20.4,100.0,0.0,84.0,100.0,140.0,0.0,3.0
GFS,2026-09-07 06:00,2026-09-12 12:00,117,대구,1,25.5,100.0,0.0,65.0,100.0,630.0,0.0,3.0
GFS,2026-09-07 06:00,2026-09-12 15:00,120,대구,1,25.8,100.0,4.0,55.0,100.0,681.0,0.0,3.0
GFS,2026-09-07 06:00,2026-09-07 15:00,0,광주,1,29.0,10.0,10.0,0.0,0.0,,,
GFS,2026-09-07 06:00,2026-09-07 18:00,3,광주,1,25.0,17.0,17.0,0.0,0.0,386.0,0.0,3.0
GFS,2026-09-07 06:00,2026-09-07 21:00,6,광주,1,22.0,39.0,39.0,0.0,0.0,9.0,0.1,3.0
GFS,2026-09-07 06:00,2026-09-08 00:00,9,광주,1,19.5,0.0,0.0,0.0,0.0,0.0,0.0,3.0
GFS,2026-09-07 06:00,2026-09-08 03:00,12,광주,1,18.5,0.0,0.0,0.0,0.0,0.0,0.0,3.0
GFS,2026-09-07 06:00,2026-09-08 06:00,15,광주,1,17.6,0.0,0.0,0.0,0.0,0.0,0.0,3.0
GFS,2026-09-07 06:00,2026-09-08 09:00,18,광주,1,23.0,0.0,0.0,0.0,0.0,207.0,0.0,3.0
GFS,2026-09-07 06:00,2026-09-08 12:00,21,광주,1,27.5,0.0,0.0,0.0,0.0,718.0,0.0,3.0
GFS,2026-09-07 06:00,2026-09-08 15:00,24,광주,1,28.4,0.0,0.0,0.0,0.0,809.0,0.0,3.0
GFS,2026-09-07 06:00,2026-09-08 18:00,27,광주,1,23.9,0.0,0.0,0.0,0.0,390.0,0.0,3.0
GFS,2026-09-07 06:00,2026-09-08 21:00,30,광주,1,19.4,0.0,0.0,0.0,0.0,9.0,0.0,3.0
GFS,2026-09-07 06:00,2026-09-09 00:00,33,광주,1,18.6,0.0,0.0,0.0,0.0,0.0,0.0,3.0
GFS,2026-09-07 06:00,2026-09-09 03:00,36,광주,1,18.0,0.0,0.0,0.0,0.0,0.0,0.0,3.0
GFS,2026-09-07 06:00,2026-09-09 06:00,39,광주,1,17.1,0.0,0.0,0.0,0.0,0.0,0.0,3.0
GFS,2026-09-07 06:00,2026-09-09 09:00,42,광주,1,21.8,5.0,0.0,0.0,5.0,204.0,0.0,3.0
GFS,2026-09-07 06:00,2026-09-09 12:00,45,광주,1,26.0,27.0,0.0,0.0,27.0,711.0,0.0,3.0
GFS,2026-09-07 06:00,2026-09-09 15:00,48,광주,1,26.0,26.0,24.0,0.0,5.0,798.0,0.0,3.0
GFS,2026-09-07 06:00,2026-09-09 18:00,51,광주,1,21.1,12.0,4.0,0.0,12.0,349.0,0.0,3.0
GFS,2026-09-07 06:00,2026-09-09 21:00,54,광주,1,17.8,100.0,0.0,0.0,100.0,8.0,0.0,3.0
GFS,2026-09-07 06:00,2026-09-10 00:00,57,광주,1,16.3,100.0,0.0,0.0,100.0,0.0,0.0,3.0
GFS,2026-09-07 06:00,2026-09-10 03:00,60,광주,1,14.7,5.0,0.0,0.0,5.0,0.0,0.0,3.0
GFS,2026-09-07 06:00,2026-09-10 06:00,63,광주,1,13.7,5.0,0.0,5.0,5.0,0.0,0.0,3.0
GFS,2026-09-07 06:00,2026-09-10 09:00,66,광주,1,19.0,96.0,0.0,5.0,96.0,201.0,0.0,3.0
GFS,2026-09-07 06:00,2026-09-10 12:00,69,광주,1,24.0,39.0,1.0,5.0,39.0,703.0,0.0,3.0
GFS,2026-09-07 06:00,2026-09-10 15:00,72,광주,1,25.5,84.0,2.0,64.0,65.0,794.0,0.0,3.0
GFS,2026-09-07 06:00,2026-09-10 18:00,75,광주,1,22.3,64.0,60.0,5.0,40.0,352.0,0.0,3.0
GFS,2026-09-07 06:00,2026-09-10 21:00,78,광주,1,18.5,18.0,14.0,5.0,5.0,5.0,0.0,3.0
GFS,2026-09-07 06:00,2026-09-11 00:00,81,광주,1,15.7,5.0,0.0,5.0,5.0,0.0,0.0,3.0
GFS,2026-09-07 06:00,2026-09-11 03:00,84,광주,1,14.5,5.0,0.0,5.0,5.0,0.0,0.0,3.0
GFS,2026-09-07 06:00,2026-09-11 06:00,87,광주,1,13.9,5.0,0.0,5.0,2.0,0.0,0.0,3.0
GFS,2026-09-07 06:00,2026-09-11 09:00,90,광주,1,20.1,85.0,0.0,85.0,5.0,202.0,0.0,3.0
GFS,2026-09-07 06:00,2026-09-11 12:00,93,광주,1,24.7,94.0,0.0,94.0,32.0,621.0,0.0,3.0
GFS,2026-09-07 06:00,2026-09-11 15:00,96,광주,1,26.1,68.0,0.0,68.0,10.0,732.0,0.0,3.0
GFS,2026-09-07 06:00,2026-09-11 18:00,99,광주,1,22.1,98.0,0.0,98.0,5.0,347.0,0.0,3.0
GFS,2026-09-07 06:00,2026-09-11 21:00,102,광주,1,17.8,100.0,21.0,100.0,5.0,7.0,0.0,3.0
GFS,2026-09-07 06:00,2026-09-12 00:00,105,광주,1,17.6,92.0,0.0,71.0,91.0,0.0,0.0,3.0
GFS,2026-09-07 06:00,2026-09-12 03:00,108,광주,1,16.9,100.0,0.0,100.0,78.0,0.0,0.0,3.0
GFS,2026-09-07 06:00,2026-09-12 06:00,111,광주,1,16.6,100.0,0.0,87.0,100.0,0.0,0.0,3.0
GFS,2026-09-07 06:00,2026-09-12 09:00,114,광주,1,21.7,90.0,0.0,88.0,82.0,169.0,0.0,3.0
GFS,2026-09-07 06:00,2026-09-12 12:00,117,광주,1,26.5,100.0,0.0,36.0,100.0,637.0,0.0,3.0
GFS,2026-09-07 06:00,2026-09-12 15:00,120,광주,1,27.2,93.0,0.0,7.0,93.0,711.0,0.0,3.0
GFS,2026-09-07 06:00,2026-09-07 15:00,0,부산,1,26.0,0.0,0.0,0.0,0.0,,,
GFS,2026-09-07 06:00,2026-09-07 18:00,3,부산,1,25.0,0.0,0.0,0.0,0.0,374.0,0.0,3.0
GFS,2026-09-07 06:00,2026-09-07 21:00,6,부산,1,23.7,0.0,0.0,0.0,0.0,7.0,0.0,3.0
GFS,2026-09-07 06:00,2026-09-08 00:00,9,부산,1,22.8,0.0,0.0,0.0,0.0,0.0,0.0,3.0
GFS,2026-09-07 06:00,2026-09-08 03:00,12,부산,1,22.0,0.0,0.0,0.0,0.0,0.0,0.0,3.0
GFS,2026-09-07 06:00,2026-09-08 06:00,15,부산,1,21.3,0.0,0.0,0.0,0.0,0.0,0.0,3.0
GFS,2026-09-07 06:00,2026-09-08 09:00,18,부산,1,23.2,0.0,0.0,0.0,0.0,236.0,0.0,3.0
GFS,2026-09-07 06:00,2026-09-08 12:00,21,부산,1,26.0,0.0,0.0,0.0,0.0,738.0,0.0,3.0
GFS,2026-09-07 06:00,2026-09-08 15:00,24,부산,1,25.5,0.0,0.0,0.0,0.0,803.0,0.0,3.0
GFS,2026-09-07 06:00,2026-09-08 18:00,27,부산,1,25.0,0.0,0.0,0.0,0.0,373.0,0.0,3.0
GFS,2026-09-07 06:00,2026-09-08 21:00,30,부산,1,23.6,0.0,0.0,0.0,0.0,6.0,0.0,3.0
GFS,2026-09-07 06:00,2026-09-09 00:00,33,부산,1,23.5,0.0,0.0,0.0,0.0,0.0,0.0,3.0
GFS,2026-09-07 06:00,2026-09-09 03:00,36,부산,1,23.3,28.0,28.0,0.0,0.0,0.0,0.0,3.0
GFS,2026-09-07 06:00,2026-09-09 06:00,39,부산,1,23.0,77.0,77.0,0.0,0.0,0.0,0.0,3.0
GFS,2026-09-07 06:00,2026-09-09 09:00,42,부산,1,23.8,53.0,53.0,0.0,2.0,188.0,0.0,3.0
GFS,2026-09-07 06:00,2026-09-09 12:00,45,부산,1,23.6,72.0,72.0,0.0,2.0,619.0,0.1,3.0
GFS,2026-09-07 06:00,2026-09-09 15:00,48,부산,1,24.1,79.0,79.0,0.0,4.0,677.0,0.0,3.0
GFS,2026-09-07 06:00,2026-09-09 18:00,51,부산,1,23.0,79.0,23.0,0.0,79.0,219.0,0.0,3.0
GFS,2026-09-07 06:00,2026-09-09 21:00,54,부산,1,22.9,77.0,52.0,0.0,49.0,5.0,0.0,3.0
GFS,2026-09-07 06:00,2026-09-10 00:00,57,부산,1,22.8,100.0,70.0,0.0,100.0,0.0,0.0,3.0
GFS,2026-09-07 06:00,2026-09-10 03:00,60,부산,1,22.7,100.0,58.0,0.0,100.0,0.0,0.0,3.0
GFS,2026-09-07 06:00,2026-09-10 06:00,63,부산,1,22.7,97.0,97.0,0.0,21.0,0.0,0.1,3.0
GFS,2026-09-07 06:00,2026-09-10 09:00,66,부산,1,23.2,100.0,83.0,0.0,100.0,110.0,0.0,3.0
GFS,2026-09-07 06:00,2026-09-10 12:00,69,부산,1,23.5,50.0,45.0,0.0,14.0,395.0,0.0,3.0
GFS,2026-09-07 06:00,2026-09-10 15:00,72,부산,1,24.0,100.0,35.0,0.0,100.0,724.0,0.0,3.0
GFS,2026-09-07 06:00,2026-09-10 18:00,75,부산,1,24.0,95.0,84.0,0.0,94.0,230.0,0.0,3.0
GFS,2026-09-07 06:00,2026-09-10 21:00,78,부산,1,23.7,87.0,69.0,0.0,86.0,2.0,0.0,3.0
GFS,2026-09-07 06:00,2026-09-11 00:00,81,부산,1,23.4,100.0,98.0,0.0,100.0,0.0,0.0,3.0
GFS,2026-09-07 06:00,2026-09-11 03:00,84,부산,1,23.1,100.0,100.0,0.0,98.0,0.0,0.0,3.0
GFS,2026-09-07 06:00,2026-09-11 06:00,87,부산,1,22.7,100.0,100.0,0.0,3.0,0.0,0.0,3.0
GFS,2026-09-07 06:00,2026-09-11 09:00,90,부산,1,23.4,89.0,89.0,3.0,5.0,80.0,0.0,3.0
GFS,2026-09-07 06:00,2026-09-11 12:00,93,부산,1,24.9,45.0,45.0,5.0,2.0,550.0,0.0,3.0
GFS,2026-09-07 06:00,2026-09-11 15:00,96,부산,1,24.9,9.0,5.0,8.0,0.0,692.0,0.0,3.0
GFS,2026-09-07 06:00,2026-09-11 18:00,99,부산,1,24.5,14.0,0.0,14.0,0.0,350.0,0.0,3.0
GFS,2026-09-07 06:00,2026-09-11 21:00,102,부산,1,23.2,5.0,0.0,5.0,0.0,5.0,0.0,3.0
GFS,2026-09-07 06:00,2026-09-12 00:00,105,부산,1,22.6,7.0,0.0,5.0,7.0,0.0,0.0,3.0
GFS,2026-09-07 06:00,2026-09-12 03:00,108,부산,1,22.1,5.0,0.0,5.0,5.0,0.0,0.0,3.0
GFS,2026-09-07 06:00,2026-09-12 06:00,111,부산,1,22.1,57.0,0.0,16.0,57.0,0.0,0.0,3.0
GFS,2026-09-07 06:00,2026-09-12 09:00,114,부산,1,23.7,5.0,0.0,5.0,0.0,224.0,0.0,3.0
GFS,2026-09-07 06:00,2026-09-12 12:00,117,부산,1,25.0,0.0,0.0,0.0,0.0,720.0,0.0,3.0
GFS,2026-09-07 06:00,2026-09-12 15:00,120,부산,1,25.1,4.0,0.0,0.0,4.0,781.0,0.0,3.0
GFS,2026-09-07 06:00,2026-09-07 15:00,0,인천,0,29.1,4.0,0.0,0.0,4.0,,,
GFS,2026-09-07 06:00,2026-09-07 18:00,3,인천,0,27.5,10.0,0.0,0.0,10.0,398.0,0.0,3.0
GFS,2026-09-07 06:00,2026-09-07 21:00,6,인천,0,24.7,16.0,0.0,0.0,16.0,11.0,0.0,3.0
GFS,2026-09-07 06:00,2026-09-08 00:00,9,인천,0,23.2,0.0,0.0,0.0,0.0,0.0,0.0,3.0
GFS,2026-09-07 06:00,2026-09-08 03:00,12,인천,0,21.9,0.0,0.0,0.0,0.0,0.0,0.0,3.0
GFS,2026-09-07 06:00,2026-09-08 06:00,15,인천,0,20.7,19.0,0.0,0.0,19.0,0.0,0.0,3.0
GFS,2026-09-07 06:00,2026-09-08 09:00,18,인천,0,23.5,17.0,0.0,0.0,17.0,203.0,0.0,3.0
GFS,2026-09-07 06:00,2026-09-08 12:00,21,인천,0,27.9,85.0,0.0,76.0,85.0,684.0,0.0,3.0
GFS,2026-09-07 06:00,2026-09-08 15:00,24,인천,0,29.6,100.0,0.0,80.0,100.0,739.0,0.0,3.0
GFS,2026-09-07 06:00,2026-09-08 18:00,27,인천,0,27.5,4.0,0.0,4.0,0.0,348.0,0.0,3.0
GFS,2026-09-07 06:00,2026-09-08 21:00,30,인천,0,25.0,0.0,0.0,0.0,0.0,11.0,0.0,3.0
GFS,2026-09-07 06:00,2026-09-09 00:00,33,인천,0,23.4,0.0,0.0,0.0,0.0,0.0,0.0,3.0
GFS,2026-09-07 06:00,2026-09-09 03:00,36,인천,0,21.3,44.0,0.0,0.0,44.0,0.0,0.0,3.0
GFS,2026-09-07 06:00,2026-09-09 06:00,39,인천,0,19.9,21.0,0.0,1.0,21.0,0.0,0.0,3.0
GFS,2026-09-07 06:00,2026-09-09 09:00,42,인천,0,21.8,32.0,0.0,5.0,32.0,194.0,0.0,3.0
GFS,2026-09-07 06:00,2026-09-09 12:00,45,인천,0,25.3,9.0,1.0,5.0,9.0,687.0,0.0,3.0
GFS,2026-09-07 06:00,2026-09-09 15:00,48,인천,0,26.8,66.0,66.0,0.0,3.0,753.0,0.0,3.0
GFS,2026-09-07 06:00,2026-09-09 18:00,51,인천,0,24.4,98.0,24.0,1.0,98.0,211.0,0.0,3.0
GFS,2026-09-07 06:00,2026-09-09 21:00,54,인천,0,20.6,100.0,0.0,1.0,100.0,9.0,0.0,3.0
GFS,2026-09-07 06:00,2026-09-10 00:00,57,인천,0,19.5,49.0,0.0,5.0,49.0,0.0,0.0,3.0
GFS,2026-09-07 06:00,2026-09-10 03:00,60,인천,0,18.2,31.0,0.0,12.0,31.0,0.0,0.0,3.0
GFS,2026-09-07 06:00,2026-09-10 06:00,63,인천,0,17.2,80.0,0.0,80.0,7.0,0.0,0.0,3.0
GFS,2026-09-07 06:00,2026-09-10 09:00,66,인천,0,20.1,24.0,0.0,24.0,5.0,193.0,0.0,3.0
GFS,2026-09-07 06:00,2026-09-10 12:00,69,인천,0,24.1,90.0,0.0,90.0,9.0,697.0,0.0,3.0
GFS,2026-09-07 06:00,2026-09-10 15:00,72,인천,0,26.5,61.0,0.0,61.0,0.0,761.0,0.0,3.0
GFS,2026-09-07 06:00,2026-09-10 18:00,75,인천,0,25.4,99.0,0.0,5.0,99.0,382.0,0.0,3.0
GFS,2026-09-07 06:00,2026-09-10 21:00,78,인천,0,22.8,81.0,0.0,5.0,81.0,9.0,0.0,3.0
GFS,2026-09-07 06:00,2026-09-11 00:00,81,인천,0,21.5,62.0,0.0,62.0,20.0,0.0,0.0,3.0
GFS,2026-09-07 06:00,2026-09-11 03:00,84,인천,0,20.4,91.0,0.0,91.0,64.0,0.0,0.0,3.0
GFS,2026-09-07 06:00,2026-09-11 06:00,87,인천,0,19.3,100.0,0.0,100.0,100.0,0.0,0.0,3.0
GFS,2026-09-07 06:00,2026-09-11 09:00,90,인천,0,21.4,100.0,0.0,92.0,100.0,153.0,0.0,3.0
GFS,2026-09-07 06:00,2026-09-11 12:00,93,인천,0,24.8,94.0,0.0,5.0,94.0,565.0,0.0,3.0
GFS,2026-09-07 06:00,2026-09-11 15:00,96,인천,0,26.3,11.0,0.0,0.0,11.0,755.0,0.0,3.0
GFS,2026-09-07 06:00,2026-09-11 18:00,99,인천,0,24.7,0.0,0.0,0.0,0.0,379.0,0.0,3.0
GFS,2026-09-07 06:00,2026-09-11 21:00,102,인천,0,22.3,0.0,0.0,0.0,0.0,9.0,0.0,3.0
GFS,2026-09-07 06:00,2026-09-12 00:00,105,인천,0,21.1,16.0,0.0,0.0,16.0,0.0,0.0,3.0
GFS,2026-09-07 06:00,2026-09-12 03:00,108,인천,0,20.1,100.0,0.0,0.0,100.0,0.0,0.0,3.0
GFS,2026-09-07 06:00,2026-09-12 06:00,111,인천,0,19.2,100.0,0.0,58.0,100.0,0.0,0.0,3.0
GFS,2026-09-07 06:00,2026-09-12 09:00,114,인천,0,22.1,100.0,0.0,91.0,100.0,170.0,0.0,3.0
GFS,2026-09-07 06:00,2026-09-12 12:00,117,인천,0,26.1,100.0,0.0,100.0,96.0,565.0,0.0,3.0
GFS,2026-09-07 06:00,2026-09-12 15:00,120,인천,0,27.4,100.0,0.0,100.0,92.0,649.0,0.0,3.0
GFS,2026-09-07 06:00,2026-09-07 15:00,0,수원,0,29.0,5.0,0.0,0.0,5.0,,,
GFS,2026-09-07 06:00,2026-09-07 18:00,3,수원,0,27.0,87.0,0.0,0.0,87.0,394.0,0.0,3.0
GFS,2026-09-07 06:00,2026-09-07 21:00,6,수원,0,23.7,2.0,0.0,0.0,2.0,10.0,0.0,3.0
GFS,2026-09-07 06:00,2026-09-08 00:00,9,수원,0,22.0,0.0,0.0,0.0,0.0,0.0,0.0,3.0
GFS,2026-09-07 06:00,2026-09-08 03:00,12,수원,0,20.4,0.0,0.0,0.0,0.0,0.0,0.0,3.0
GFS,2026-09-07 06:00,2026-09-08 06:00,15,수원,0,19.1,5.0,0.0,0.0,5.0,0.0,0.0,3.0
GFS,2026-09-07 06:00,2026-09-08 09:00,18,수원,0,22.9,32.0,0.0,0.0,32.0,209.0,0.0,3.0
GFS,2026-09-07 06:00,2026-09-08 12:00,21,수원,0,27.7,72.0,0.0,25.0,72.0,691.0,0.0,3.0
GFS,2026-09-07 06:00,2026-09-08 15:00,24,수원,0,29.3,100.0,0.0,87.0,100.0,779.0,0.0,3.0
GFS,2026-09-07 06:00,2026-09-08 18:00,27,수원,0,25.5,2.0,0.0,2.0,0.0,321.0,0.0,3.0
GFS,2026-09-07 06:00,2026-09-08 21:00,30,수원,0,23.1,0.0,0.0,0.0,0.0,10.0,0.0,3.0
GFS,2026-09-07 06:00,2026-09-09 00:00,33,수원,0,21.5,0.0,0.0,0.0,0.0,0.0,0.0,3.0
GFS,2026-09-07 06:00,2026-09-09 03:00,36,수원,0,20.2,52.0,0.0,0.0,52.0,0.0,0.0,3.0
GFS,2026-09-07 06:00,2026-09-09 06:00,39,수원,0,19.0,11.0,0.0,2.0,10.0,0.0,0.0,3.0
GFS,2026-09-07 06:00,2026-09-09 09:00,42,수원,0,21.4,5.0,0.0,5.0,3.0,196.0,0.0,3.0
GFS,2026-09-07 06:00,2026-09-09 12:00,45,수원,0,24.8,47.0,10.0,47.0,5.0,687.0,0.0,3.0
GFS,2026-09-07 06:00,2026-09-09 15:00,48,수원,0,25.3,44.0,44.0,0.0,5.0,755.0,0.0,3.0
GFS,2026-09-07 06:00,2026-09-09 18:00,51,수원,0,22.0,98.0,0.0,0.0,98.0,337.0,0.0,3.0
GFS,2026-09-07 06:00,2026-09-09 21:00,54,수원,0,18.9,100.0,0.0,0.0,100.0,9.0,0.0,3.0
GFS,2026-09-07 06:00,2026-09-10 00:00,57,수원,0,18.0,63.0,0.0,0.0,63.0,0.0,0.0,3.0
GFS,2026-09-07 06:00,2026-09-10 03:00,60,수원,0,17.0,5.0,0.0,5.0,5.0,0.0,0.0,3.0
GFS,2026-09-07 06:00,2026-09-10 06:00,63,수원,0,15.9,54.0,0.0,54.0,5.0,0.0,0.0,3.0
GFS,2026-09-07 06:00,2026-09-10 09:00,66,수원,0,19.5,62.0,0.0,62.0,5.0,188.0,0.0,3.0
GFS,2026-09-07 06:00,2026-09-10 12:00,69,수원,0,23.5,79.0,0.0,79.0,5.0,673.0,0.0,3.0
GFS,2026-09-07 06:00,2026-09-10 15:00,72,수원,0,26.0,86.0,0.0,86.0,4.0,764.0,0.0,3.0
GFS,2026-09-07 06:00,2026-09-10 18:00,75,수원,0,24.3,100.0,0.0,5.0,100.0,362.0,0.0,3.0
GFS,2026-09-07 06:00,2026-09-10 21:00,78,수원,0,21.1,100.0,0.0,40.0,100.0,8.0,0.0,3.0
GFS,2026-09-07 06:00,2026-09-11 00:00,81,수원,0,19.2,76.0,0.0,40.0,57.0,0.0,0.0,3.0
GFS,2026-09-07 06:00,2026-09-11 03:00,84,수원,0,18.2,100.0,0.0,100.0,88.0,0.0,0.0,3.0
GFS,2026-09-07 06:00,2026-09-11 06:00,87,수원,0,17.8,100.0,0.0,100.0,100.0,0.0,0.0,3.0
GFS,2026-09-07 06:00,2026-09-11 09:00,90,수원,0,20.5,100.0,0.0,100.0,100.0,126.0,0.0,3.0
GFS,2026-09-07 06:00,2026-09-11 12:00,93,수원,0,24.6,100.0,0.0,82.0,100.0,544.0,0.0,3.0
GFS,2026-09-07 06:00,2026-09-11 15:00,96,수원,0,25.8,100.0,0.0,0.0,100.0,619.0,0.0,3.0
GFS,2026-09-07 06:00,2026-09-11 18:00,99,수원,0,23.4,95.0,0.0,0.0,95.0,350.0,0.0,3.0
GFS,2026-09-07 06:00,2026-09-11 21:00,102,수원,0,21.0,0.0,0.0,0.0,0.0,8.0,0.0,3.0
GFS,2026-09-07 06:00,2026-09-12 00:00,105,수원,0,20.1,100.0,0.0,0.0,100.0,0.0,0.0,3.0
GFS,2026-09-07 06:00,2026-09-12 03:00,108,수원,0,19.4,100.0,0.0,0.0,100.0,0.0,0.0,3.0
GFS,2026-09-07 06:00,2026-09-12 06:00,111,수원,0,18.4,100.0,0.0,77.0,100.0,0.0,0.0,3.0
GFS,2026-09-07 06:00,2026-09-12 09:00,114,수원,0,21.8,100.0,0.0,100.0,54.0,191.0,0.0,3.0
GFS,2026-09-07 06:00,2026-09-12 12:00,117,수원,0,26.6,100.0,0.0,100.0,92.0,638.0,0.0,3.0
GFS,2026-09-07 06:00,2026-09-12 15:00,120,수원,0,28.1,100.0,0.0,100.0,9.0,720.0,0.0,3.0
GFS,2026-09-07 06:00,2026-09-07 15:00,0,전주,0,27.9,0.0,0.0,0.0,0.0,,,
GFS,2026-09-07 06:00,2026-09-07 18:00,3,전주,0,24.1,0.0,0.0,0.0,0.0,397.0,0.0,3.0
GFS,2026-09-07 06:00,2026-09-07 21:00,6,전주,0,20.0,0.0,0.0,0.0,0.0,10.0,0.0,3.0
GFS,2026-09-07 06:00,2026-09-08 00:00,9,전주,0,18.6,0.0,0.0,0.0,0.0,0.0,0.0,3.0
GFS,2026-09-07 06:00,2026-09-08 03:00,12,전주,0,18.1,0.0,0.0,0.0,0.0,0.0,0.0,3.0
GFS,2026-09-07 06:00,2026-09-08 06:00,15,전주,0,17.5,0.0,0.0,0.0,0.0,0.0,0.0,3.0
GFS,2026-09-07 06:00,2026-09-08 09:00,18,전주,0,22.0,0.0,0.0,0.0,0.0,208.0,0.0,3.0
GFS,2026-09-07 06:00,2026-09-08 12:00,21,전주,0,25.6,4.0,0.0,0.0,4.0,716.0,0.0,3.0
GFS,2026-09-07 06:00,2026-09-08 15:00,24,전주,0,26.9,82.0,0.0,0.0,82.0,807.0,0.0,3.0
GFS,2026-09-07 06:00,2026-09-08 18:00,27,전주,0,22.7,4.0,0.0,4.0,0.0,382.0,0.0,3.0
GFS,2026-09-07 06:00,2026-09-08 21:00,30,전주,0,19.5,0.0,0.0,0.0,0.0,9.0,0.0,3.0
GFS,2026-09-07 06:00,2026-09-09 00:00,33,전주,0,18.5,0.0,0.0,0.0,0.0,0.0,0.0,3.0
GFS,2026-09-07 06:00,2026-09-09 03:00,36,전주,0,17.9,0.0,0.0,0.0,0.0,0.0,0.0,3.0
GFS,2026-09-07 06:00,2026-09-09 06:00,39,전주,0,17.0,4.0,0.0,0.0,4.0,0.0,0.0,3.0
GFS,2026-09-07 06:00,2026-09-09 09:00,42,전주,0,22.1,0.0,0.0,0.0,0.0,203.0,0.0,3.0
GFS,2026-09-07 06:00,2026-09-09 12:00,45,전주,0,26.2,70.0,0.0,0.0,70.0,703.0,0.0,3.0
GFS,2026-09-07 06:00,2026-09-09 15:00,48,전주,0,26.3,19.0,16.0,0.0,5.0,785.0,0.0,3.0
GFS,2026-09-07 06:00,2026-09-09 18:00,51,전주,0,21.8,13.0,0.0,0.0,13.0,351.0,0.0,3.0
GFS,2026-09-07 06:00,2026-09-09 21:00,54,전주,0,18.6,100.0,0.0,0.0,100.0,9.0,0.0,3.0
GFS,2026-09-07 06:00,2026-09-10 00:00,57,전주,0,16.1,57.0,0.0,3.0,57.0,0.0,0.0,3.0
GFS,2026-09-07 06:00,2026-09-10 03:00,60,전주,0,14.7,5.0,0.0,4.0,5.0,0.0,0.0,3.0
GFS,2026-09-07 06:00,2026-09-10 06:00,63,전주,0,13.9,46.0,0.0,5.0,46.0,0.0,0.0,3.0
GFS,2026-09-07 06:00,2026-09-10 09:00,66,전주,0,19.0,73.0,0.0,50.0,33.0,205.0,0.0,3.0
GFS,2026-09-07 06:00,2026-09-10 12:00,69,전주,0,23.5,68.0,0.0,68.0,5.0,708.0,0.0,3.0
GFS,2026-09-07 06:00,2026-09-10 15:00,72,전주,0,25.5,20.0,0.0,5.0,20.0,797.0,0.0,3.0
GFS,2026-09-07 06:00,2026-09-10 18:00,75,전주,0,22.1,76.0,0.0,76.0,7.0,378.0,0.0,3.0
GFS,2026-09-07 06:00,2026-09-10 21:00,78,전주,0,18.1,98.0,0.0,61.0,98.0,8.0,0.0,3.0
GFS,2026-09-07 06:00,2026-09-11 00:00,81,전주,0,16.1,18.0,0.0,10.0,16.0,0.0,0.0,3.0
GFS,2026-09-07 06:00,2026-09-11 03:00,84,전주,0,15.3,5.0,0.0,5.0,5.0,0.0,0.0,3.0
GFS,2026-09-07 06:00,2026-09-11 06:00,87,전주,0,14.8,100.0,0.0,60.0,100.0,0.0,0.0,3.0
GFS,2026-09-07 06:00,2026-09-11 09:00,90,전주,0,18.9,92.0,0.0,92.0,16.0,126.0,0.0,3.0
GFS,2026-09-07 06:00,2026-09-11 12:00,93,전주,0,23.4,100.0,0.0,94.0,100.0,596.0,0.0,3.0
GFS,2026-09-07 06:00,2026-09-11 15:00,96,전주,0,25.0,100.0,0.0,100.0,100.0,715.0,0.0,3.0
GFS,2026-09-07 06:00,2026-09-11 18:00,99,전주,0,20.6,100.0,0.0,100.0,98.0,268.0,0.0,3.0
GFS,2026-09-07 06:00,2026-09-11 21:00,102,전주,0,17.6,100.0,0.0,100.0,92.0,6.0,0.0,3.0
GFS,2026-09-07 06:00,2026-09-12 00:00,105,전주,0,17.1,100.0,0.0,100.0,100.0,0.0,0.0,3.0
GFS,2026-09-07 06:00,2026-09-12 03:00,108,전주,0,16.9,100.0,0.0,100.0,100.0,0.0,0.0,3.0
GFS,2026-09-07 06:00,2026-09-12 06:00,111,전주,0,16.8,100.0,0.0,100.0,100.0,0.0,0.0,3.0
GFS,2026-09-07 06:00,2026-09-12 09:00,114,전주,0,20.4,100.0,0.0,100.0,100.0,114.0,0.0,3.0
GFS,2026-09-07 06:00,2026-09-12 12:00,117,전주,0,24.6,100.0,0.0,100.0,100.0,552.0,0.0,3.0
GFS,2026-09-07 06:00,2026-09-12 15:00,120,전주,0,25.3,100.0,0.0,99.0,100.0,582.0,0.0,3.0
GFS,2026-09-07 06:00,2026-09-07 15:00,0,강릉,0,23.0,0.0,0.0,0.0,0.0,,,
GFS,2026-09-07 06:00,2026-09-07 18:00,3,강릉,0,21.9,11.0,11.0,0.0,0.0,365.0,0.0,3.0
GFS,2026-09-07 06:00,2026-09-07 21:00,6,강릉,0,20.0,4.0,4.0,0.0,0.0,7.0,0.0,3.0
GFS,2026-09-07 06:00,2026-09-08 00:00,9,강릉,0,18.3,0.0,0.0,0.0,0.0,0.0,0.0,3.0
GFS,2026-09-07 06:00,2026-09-08 03:00,12,강릉,0,17.9,0.0,0.0,0.0,0.0,0.0,0.0,3.0
GFS,2026-09-07 06:00,2026-09-08 06:00,15,강릉,0,17.4,0.0,0.0,0.0,0.0,0.0,0.0,3.0
GFS,2026-09-07 06:00,2026-09-08 09:00,18,강릉,0,20.6,100.0,0.0,0.0,100.0,232.0,0.0,3.0
GFS,2026-09-07 06:00,2026-09-08 12:00,21,강릉,0,21.4,100.0,0.0,0.0,100.0,697.0,0.0,3.0
GFS,2026-09-07 06:00,2026-09-08 15:00,24,강릉,0,22.2,100.0,46.0,99.0,100.0,762.0,0.0,3.0
GFS,2026-09-07 06:00,2026-09-08 18:00,27,강릉,0,21.4,100.0,82.0,100.0,0.0,267.0,0.1,3.0
GFS,2026-09-07 06:00,2026-09-08 21:00,30,강릉,0,20.9,100.0,100.0,1.0,0.0,3.0,2.2,3.0
GFS,2026-09-07 06:00,2026-09-09 00:00,33,강릉,0,19.4,100.0,100.0,4.0,0.0,0.0,3.1,3.0
GFS,2026-09-07 06:00,2026-09-09 03:00,36,강릉,0,18.8,100.0,100.0,0.0,0.0,0.0,2.1,3.0
GFS,2026-09-07 06:00,2026-09-09 06:00,39,강릉,0,19.2,100.0,100.0,0.0,4.0,0.0,0.8,3.0
GFS,2026-09-07 06:00,2026-09-09 09:00,42,강릉,0,19.5,100.0,100.0,14.0,9.0,32.0,0.4,3.0
GFS,2026-09-07 06:00,2026-09-09 12:00,45,강릉,0,19.7,100.0,100.0,4.0,5.0,103.0,0.1,3.0
GFS,2026-09-07 06:00,2026-09-09 15:00,48,강릉,0,20.1,58.0,58.0,5.0,5.0,428.0,0.1,3.0
GFS,2026-09-07 06:00,2026-09-09 18:00,51,강릉,0,19.8,74.0,74.0,0.0,14.0,242.0,0.0,3.0
GFS,2026-09-07 06:00,2026-09-09 21:00,54,강릉,0,19.1,5.0,1.0,0.0,5.0,4.0,0.1,3.0
GFS,2026-09-07 06:00,2026-09-10 00:00,57,강릉,0,18.7,100.0,0.0,0.0,100.0,0.0,0.0,3.0
GFS,2026-09-07 06:00,2026-09-10 03:00,60,강릉,0,18.9,82.0,6.0,82.0,16.0,0.0,0.0,3.0
GFS,2026-09-07 06:00,2026-09-10 06:00,63,강릉,0,19.0,78.0,49.0,73.0,5.0,0.0,0.0,3.0
GFS,2026-09-07 06:00,2026-09-10 09:00,66,강릉,0,20.7,96.0,39.0,87.0,93.0,182.0,0.0,3.0
GFS,2026-09-07 06:00,2026-09-10 12:00,69,강릉,0,21.5,97.0,49.0,97.0,3.0,578.0,0.0,3.0
GFS,2026-09-07 06:00,2026-09-10 15:00,72,강릉,0,21.6,100.0,4.0,99.0,91.0,655.0,0.0,3.0
GFS,2026-09-07 06:00,2026-09-10 18:00,75,강릉,0,20.7,90.0,82.0,66.0,67.0,282.0,0.0,3.0
GFS,2026-09-07 06:00,2026-09-10 21:00,78,강릉,0,20.4,38.0,28.0,28.0,38.0,3.0,0.0,3.0
GFS,2026-09-07 06:00,2026-09-11 00:00,81,강릉,0,18.1,100.0,0.0,100.0,100.0,0.0,0.0,3.0
GFS,2026-09-07 06:00,2026-09-11 03:00,84,강릉,0,18.3,100.0,0.0,100.0,84.0,0.0,0.0,3.0
GFS,2026-09-07 06:00,2026-09-11 06:00,87,강릉,0,17.8,100.0,0.0,100.0,100.0,0.0,0.0,3.0
GFS,2026-09-07 06:00,2026-09-11 09:00,90,강릉,0,19.7,100.0,0.0,100.0,100.0,116.0,0.0,3.0
GFS,2026-09-07 06:00,2026-09-11 12:00,93,강릉,0,20.5,100.0,0.0,100.0,100.0,340.0,0.0,3.0
GFS,2026-09-07 06:00,2026-09-11 15:00,96,강릉,0,20.6,100.0,0.0,100.0,100.0,344.0,0.0,3.0
GFS,2026-09-07 06:00,2026-09-11 18:00,99,강릉,0,20.3,100.0,0.0,2.0,100.0,166.0,0.0,3.0
GFS,2026-09-07 06:00,2026-09-11 21:00,102,강릉,0,18.4,76.0,0.0,0.0,76.0,4.0,0.0,3.0
GFS,2026-09-07 06:00,2026-09-12 00:00,105,강릉,0,18.1,100.0,0.0,0.0,100.0,0.0,0.0,3.0
GFS,2026-09-07 06:00,2026-09-12 03:00,108,강릉,0,18.0,100.0,0.0,0.0,100.0,0.0,0.0,3.0
GFS,2026-09-07 06:00,2026-09-12 06:00,111,강릉,0,18.2,100.0,0.0,2.0,100.0,0.0,0.0,3.0
GFS,2026-09-07 06:00,2026-09-12 09:00,114,강릉,0,20.7,100.0,0.0,100.0,100.0,199.0,0.0,3.0
GFS,2026-09-07 06:00,2026-09-12 12:00,117,강릉,0,22.0,100.0,0.0,100.0,77.0,604.0,0.0,3.0
GFS,2026-09-07 06:00,2026-09-12 15:00,120,강릉,0,22.8,100.0,0.0,100.0,86.0,651.0,0.0,3.0
GFS,2026-09-07 06:00,2026-09-07 15:00,0,제주,0,24.2,10.0,10.0,0.0,0.0,,,
GFS,2026-09-07 06:00,2026-09-07 18:00,3,제주,0,23.3,0.0,0.0,0.0,0.0,427.0,0.0,3.0
GFS,2026-09-07 06:00,2026-09-07 21:00,6,제주,0,21.7,22.0,22.0,0.0,0.0,13.0,0.0,3.0
GFS,2026-09-07 06:00,2026-09-08 00:00,9,제주,0,21.5,7.0,7.0,0.0,0.0,0.0,0.0,3.0
GFS,2026-09-07 06:00,2026-09-08 03:00,12,제주,0,21.6,7.0,7.0,0.0,0.0,0.0,0.0,3.0
GFS,2026-09-07 06:00,2026-09-08 06:00,15,제주,0,20.8,0.0,0.0,0.0,0.0,0.0,0.0,3.0
GFS,2026-09-07 06:00,2026-09-08 09:00,18,제주,0,23.2,6.0,6.0,0.0,0.0,219.0,0.0,3.0
GFS,2026-09-07 06:00,2026-09-08 12:00,21,제주,0,24.3,0.0,0.0,0.0,0.0,750.0,0.0,3.0
GFS,2026-09-07 06:00,2026-09-08 15:00,24,제주,0,24.2,6.0,6.0,0.0,0.0,851.0,0.0,3.0
GFS,2026-09-07 06:00,2026-09-08 18:00,27,제주,0,23.7,14.0,14.0,0.0,0.0,427.0,0.0,3.0
GFS,2026-09-07 06:00,2026-09-08 21:00,30,제주,0,22.2,4.0,4.0,0.0,0.0,11.0,0.0,3.0
GFS,2026-09-07 06:00,2026-09-09 00:00,33,제주,0,21.6,7.0,7.0,0.0,0.0,0.0,0.0,3.0
GFS,2026-09-07 06:00,2026-09-09 03:00,36,제주,0,21.6,35.0,35.0,0.0,0.0,0.0,0.0,3.0
GFS,2026-09-07 06:00,2026-09-09 06:00,39,제주,0,21.5,77.0,46.0,0.0,64.0,0.0,0.1,3.0
GFS,2026-09-07 06:00,2026-09-09 09:00,42,제주,0,22.9,92.0,0.0,0.0,92.0,206.0,0.1,3.0
GFS,2026-09-07 06:00,2026-09-09 12:00,45,제주,0,23.1,56.0,56.0,0.0,3.0,713.0,0.0,3.0
GFS,2026-09-07 06:00,2026-09-09 15:00,48,제주,0,22.9,57.0,57.0,0.0,2.0,569.0,0.2,3.0
GFS,2026-09-07 06:00,2026-09-09 18:00,51,제주,0,22.8,20.0,19.0,0.0,5.0,337.0,0.1,3.0
GFS,2026-09-07 06:00,2026-09-09 21:00,54,제주,0,21.9,79.0,57.0,0.0,50.0,10.0,0.1,3.0
GFS,2026-09-07 06:00,2026-09-10 00:00,57,제주,0,20.8,65.0,53.0,0.0,35.0,0.0,0.0,3.0
GFS,2026-09-07 06:00,2026-09-10 03:00,60,제주,0,20.4,100.0,92.0,0.0,100.0,0.0,0.0,3.0
GFS,2026-09-07 06:00,2026-09-10 06:00,63,제주,0,20.4,100.0,88.0,0.0,100.0,0.0,0.0,3.0
GFS,2026-09-07 06:00,2026-09-10 09:00,66,제주,0,20.7,100.0,75.0,0.0,100.0,80.0,0.1,3.0
GFS,2026-09-07 06:00,2026-09-10 12:00,69,제주,0,21.7,60.0,60.0,0.0,24.0,399.0,0.0,3.0
GFS,2026-09-07 06:00,2026-09-10 15:00,72,제주,0,22.6,50.0,46.0,0.0,21.0,579.0,0.1,3.0
GFS,2026-09-07 06:00,2026-09-10 18:00,75,제주,0,22.4,100.0,9.0,0.0,100.0,327.0,0.0,3.0
GFS,2026-09-07 06:00,2026-09-10 21:00,78,제주,0,21.9,100.0,85.0,0.0,100.0,9.0,0.0,3.0
GFS,2026-09-07 06:00,2026-09-11 00:00,81,제주,0,21.4,100.0,13.0,0.0,100.0,0.0,0.0,3.0
GFS,2026-09-07 06:00,2026-09-11 03:00,84,제주,0,20.8,98.0,21.0,0.0,98.0,0.0,0.1,3.0
GFS,2026-09-07 06:00,2026-09-11 06:00,87,제주,0,20.4,13.0,12.0,1.0,5.0,0.0,0.0,3.0
GFS,2026-09-07 06:00,2026-09-11 09:00,90,제주,0,21.8,37.0,36.0,3.0,5.0,181.0,0.0,3.0
GFS,2026-09-07 06:00,2026-09-11 12:00,93,제주,0,22.0,76.0,76.0,4.0,0.0,524.0,0.0,3.0
GFS,2026-09-07 06:00,2026-09-11 15:00,96,제주,0,21.9,49.0,49.0,4.0,0.0,509.0,0.1,3.0
GFS,2026-09-07 06:00,2026-09-11 18:00,99,제주,0,21.9,9.0,7.0,4.0,0.0,314.0,0.0,3.0
GFS,2026-09-07 06:00,2026-09-11 21:00,102,제주,0,21.0,5.0,5.0,0.0,0.0,9.0,0.0,3.0
GFS,2026-09-07 06:00,2026-09-12 00:00,105,제주,0,21.8,30.0,30.0,0.0,5.0,0.0,0.0,3.0
GFS,2026-09-07 06:00,2026-09-12 03:00,108,제주,0,21.6,21.0,21.0,0.0,0.0,0.0,0.1,3.0
GFS,2026-09-07 06:00,2026-09-12 06:00,111,제주,0,21.4,25.0,25.0,0.0,0.0,0.0,0.0,3.0
GFS,2026-09-07 06:00,2026-09-12 09:00,114,제주,0,22.9,14.0,14.0,0.0,0.0,181.0,0.0,3.0
GFS,2026-09-07 06:00,2026-09-12 12:00,117,제주,0,24.9,16.0,16.0,0.0,0.0,716.0,0.0,3.0
GFS,2026-09-07 06:00,2026-09-12 15:00,120,제주,0,24.1,37.0,37.0,0.0,0.0,746.0,0.0,3.0
GFS,2026-09-07 06:00,2026-09-07 15:00,0,나주,0,28.5,5.0,5.0,0.0,0.0,,,
GFS,2026-09-07 06:00,2026-09-07 18:00,3,나주,0,24.8,16.0,16.0,0.0,0.0,411.0,0.0,3.0
GFS,2026-09-07 06:00,2026-09-07 21:00,6,나주,0,22.7,73.0,73.0,0.0,0.0,11.0,0.0,3.0
GFS,2026-09-07 06:00,2026-09-08 00:00,9,나주,0,20.5,0.0,0.0,0.0,0.0,0.0,0.0,3.0
GFS,2026-09-07 06:00,2026-09-08 03:00,12,나주,0,19.3,0.0,0.0,0.0,0.0,0.0,0.0,3.0
GFS,2026-09-07 06:00,2026-09-08 06:00,15,나주,0,18.5,0.0,0.0,0.0,0.0,0.0,0.0,3.0
GFS,2026-09-07 06:00,2026-09-08 09:00,18,나주,0,23.3,0.0,0.0,0.0,0.0,211.0,0.0,3.0
GFS,2026-09-07 06:00,2026-09-08 12:00,21,나주,0,27.4,0.0,0.0,0.0,0.0,728.0,0.0,3.0
GFS,2026-09-07 06:00,2026-09-08 15:00,24,나주,0,28.9,0.0,0.0,0.0,0.0,825.0,0.0,3.0
GFS,2026-09-07 06:00,2026-09-08 18:00,27,나주,0,24.2,0.0,0.0,0.0,0.0,408.0,0.0,3.0
GFS,2026-09-07 06:00,2026-09-08 21:00,30,나주,0,20.1,0.0,0.0,0.0,0.0,11.0,0.0,3.0
GFS,2026-09-07 06:00,2026-09-09 00:00,33,나주,0,19.2,0.0,0.0,0.0,0.0,0.0,0.0,3.0
GFS,2026-09-07 06:00,2026-09-09 03:00,36,나주,0,18.7,0.0,0.0,0.0,0.0,0.0,0.0,3.0
GFS,2026-09-07 06:00,2026-09-09 06:00,39,나주,0,17.9,1.0,0.0,0.0,1.0,0.0,0.0,3.0
GFS,2026-09-07 06:00,2026-09-09 09:00,42,나주,0,22.9,1.0,0.0,0.0,1.0,209.0,0.0,3.0
GFS,2026-09-07 06:00,2026-09-09 12:00,45,나주,0,26.6,23.0,13.0,0.0,14.0,717.0,0.0,3.0
GFS,2026-09-07 06:00,2026-09-09 15:00,48,나주,0,27.7,21.0,20.0,0.0,5.0,793.0,0.0,3.0
GFS,2026-09-07 06:00,2026-09-09 18:00,51,나주,0,22.5,45.0,39.0,0.0,28.0,249.0,0.1,3.0
GFS,2026-09-07 06:00,2026-09-09 21:00,54,나주,0,19.0,100.0,0.0,0.0,100.0,8.0,0.1,3.0
GFS,2026-09-07 06:00,2026-09-10 00:00,57,나주,0,17.4,94.0,0.0,0.0,94.0,0.0,0.0,3.0
GFS,2026-09-07 06:00,2026-09-10 03:00,60,나주,0,16.1,5.0,0.0,0.0,5.0,0.0,0.0,3.0
GFS,2026-09-07 06:00,2026-09-10 06:00,63,나주,0,15.1,7.0,0.0,5.0,7.0,0.0,0.0,3.0
GFS,2026-09-07 06:00,2026-09-10 09:00,66,나주,0,20.0,92.0,0.0,5.0,92.0,207.0,0.0,3.0
GFS,2026-09-07 06:00,2026-09-10 12:00,69,나주,0,23.9,83.0,1.0,1.0,83.0,698.0,0.0,3.0
GFS,2026-09-07 06:00,2026-09-10 15:00,72,나주,0,25.5,98.0,11.0,46.0,98.0,781.0,0.0,3.0
GFS,2026-09-07 06:00,2026-09-10 18:00,75,나주,0,21.2,82.0,40.0,43.0,79.0,365.0,0.0,3.0
GFS,2026-09-07 06:00,2026-09-10 21:00,78,나주,0,20.6,71.0,71.0,2.0,1.0,7.0,0.0,3.0
GFS,2026-09-07 06:00,2026-09-11 00:00,81,나주,0,17.3,5.0,0.0,5.0,5.0,0.0,0.0,3.0
GFS,2026-09-07 06:00,2026-09-11 03:00,84,나주,0,16.1,5.0,0.0,5.0,3.0,0.0,0.0,3.0
GFS,2026-09-07 06:00,2026-09-11 06:00,87,나주,0,14.9,5.0,0.0,5.0,0.0,0.0,0.0,3.0
GFS,2026-09-07 06:00,2026-09-11 09:00,90,나주,0,20.4,33.0,0.0,33.0,5.0,208.0,0.0,3.0
GFS,2026-09-07 06:00,2026-09-11 12:00,93,나주,0,24.7,81.0,0.0,81.0,4.0,703.0,0.0,3.0
GFS,2026-09-07 06:00,2026-09-11 15:00,96,나주,0,26.2,65.0,0.0,65.0,5.0,770.0,0.0,3.0
GFS,2026-09-07 06:00,2026-09-11 18:00,99,나주,0,23.2,92.0,0.0,92.0,5.0,368.0,0.0,3.0
GFS,2026-09-07 06:00,2026-09-11 21:00,102,나주,0,18.7,98.0,0.0,98.0,5.0,8.0,0.0,3.0
GFS,2026-09-07 06:00,2026-09-12 00:00,105,나주,0,18.1,99.0,0.0,83.0,97.0,0.0,0.0,3.0
GFS,2026-09-07 06:00,2026-09-12 03:00,108,나주,0,17.6,100.0,0.0,100.0,46.0,0.0,0.0,3.0
GFS,2026-09-07 06:00,2026-09-12 06:00,111,나주,0,17.2,100.0,0.0,15.0,100.0,0.0,0.0,3.0
GFS,2026-09-07 06:00,2026-09-12 09:00,114,나주,0,22.2,86.0,0.0,51.0,86.0,179.0,0.0,3.0
GFS,2026-09-07 06:00,2026-09-12 12:00,117,나주,0,26.6,83.0,0.0,5.0,83.0,681.0,0.0,3.0
GFS,2026-09-07 06:00,2026-09-12 15:00,120,나주,0,27.8,25.0,0.0,3.0,25.0,774.0,0.0,3.0
KIM,2026-09-07 06:00,2026-09-07 15:00,0,서울,1,28.3,77.0,0.0,0.0,77.0,800.0,,3.0
KIM,2026-09-07 06:00,2026-09-07 18:00,3,서울,1,26.3,64.0,0.0,0.0,64.0,386.0,0.0,3.0
KIM,2026-09-07 06:00,2026-09-07 21:00,6,서울,1,21.6,73.0,0.0,0.0,73.0,10.0,0.0,3.0
KIM,2026-09-07 06:00,2026-09-08 00:00,9,서울,1,19.0,43.0,0.0,0.0,43.0,0.0,0.0,3.0
KIM,2026-09-07 06:00,2026-09-08 03:00,12,서울,1,16.6,57.0,0.0,0.0,57.0,0.0,0.0,3.0
KIM,2026-09-07 06:00,2026-09-08 06:00,15,서울,1,14.9,0.0,0.0,0.0,0.0,0.0,0.0,3.0
KIM,2026-09-07 06:00,2026-09-08 09:00,18,서울,1,21.5,10.0,0.0,0.0,10.0,203.0,0.0,3.0
KIM,2026-09-07 06:00,2026-09-08 12:00,21,서울,1,27.5,15.0,0.0,0.0,15.0,707.0,0.0,3.0
KIM,2026-09-07 06:00,2026-09-08 15:00,24,서울,1,29.2,58.0,0.0,47.0,34.0,789.0,0.0,3.0
KIM,2026-09-07 06:00,2026-09-08 18:00,27,서울,1,26.4,0.0,0.0,0.0,0.0,375.0,0.0,3.0
KIM,2026-09-07 06:00,2026-09-08 21:00,30,서울,1,22.3,90.0,90.0,2.0,0.0,9.0,0.0,3.0
KIM,2026-09-07 06:00,2026-09-09 00:00,33,서울,1,21.2,42.0,42.0,0.0,0.0,0.0,0.0,3.0
KIM,2026-09-07 06:00,2026-09-09 03:00,36,서울,1,19.3,91.0,18.0,0.0,91.0,0.0,0.0,3.0
KIM,2026-09-07 06:00,2026-09-09 06:00,39,서울,1,18.4,27.0,0.0,15.0,17.0,0.0,0.0,3.0
KIM,2026-09-07 06:00,2026-09-09 09:00,42,서울,1,21.4,95.0,85.0,0.0,82.0,190.0,0.0,3.0
KIM,2026-09-07 06:00,2026-09-09 12:00,45,서울,1,24.6,27.0,2.0,0.0,26.0,684.0,0.0,3.0
KIM,2026-09-07 06:00,2026-09-09 15:00,48,서울,1,24.6,9.0,0.0,0.0,9.0,776.0,0.0,3.0
KIM,2026-09-07 06:00,2026-09-09 18:00,51,서울,1,21.8,0.0,0.0,0.0,0.0,371.0,0.0,3.0
KIM,2026-09-07 06:00,2026-09-09 21:00,54,서울,1,18.1,86.0,0.0,0.0,86.0,8.0,0.0,3.0
KIM,2026-09-07 06:00,2026-09-10 00:00,57,서울,1,16.4,3.0,0.0,3.0,0.0,0.0,0.0,3.0
KIM,2026-09-07 06:00,2026-09-10 03:00,60,서울,1,15.1,8.0,0.0,2.0,6.0,0.0,0.0,3.0
KIM,2026-09-07 06:00,2026-09-10 06:00,63,서울,1,14.2,53.0,0.0,0.0,53.0,0.0,0.0,3.0
KIM,2026-09-07 06:00,2026-09-10 09:00,66,서울,1,19.6,16.0,0.0,0.0,16.0,196.0,0.0,3.0
KIM,2026-09-07 06:00,2026-09-10 12:00,69,서울,1,24.4,0.0,0.0,0.0,0.0,698.0,0.0,3.0
KIM,2026-09-07 06:00,2026-09-10 15:00,72,서울,1,26.2,0.0,0.0,0.0,0.0,783.0,0.0,3.0
KIM,2026-09-07 06:00,2026-09-07 15:00,0,대전,1,26.2,74.0,0.0,0.0,74.0,818.0,,3.0
KIM,2026-09-07 06:00,2026-09-07 18:00,3,대전,1,24.0,77.0,0.0,0.0,77.0,391.0,0.0,3.0
KIM,2026-09-07 06:00,2026-09-07 21:00,6,대전,1,20.7,34.0,0.0,0.0,34.0,9.0,0.0,3.0
KIM,2026-09-07 06:00,2026-09-08 00:00,9,대전,1,19.7,52.0,0.0,0.0,52.0,0.0,0.0,3.0
KIM,2026-09-07 06:00,2026-09-08 03:00,12,대전,1,17.5,47.0,0.0,0.0,47.0,0.0,0.0,3.0
KIM,2026-09-07 06:00,2026-09-08 06:00,15,대전,1,15.8,0.0,0.0,0.0,0.0,0.0,0.0,3.0
KIM,2026-09-07 06:00,2026-09-08 09:00,18,대전,1,20.5,57.0,0.0,0.0,57.0,214.0,0.0,3.0
KIM,2026-09-07 06:00,2026-09-08 12:00,21,대전,1,24.7,0.0,0.0,0.0,0.0,738.0,0.0,3.0
KIM,2026-09-07 06:00,2026-09-08 15:00,24,대전,1,26.3,0.0,0.0,0.0,0.0,820.0,0.0,3.0
KIM,2026-09-07 06:00,2026-09-08 18:00,27,대전,1,23.6,61.0,0.0,60.0,4.0,385.0,0.0,3.0
KIM,2026-09-07 06:00,2026-09-08 21:00,30,대전,1,21.1,58.0,51.0,14.0,0.0,8.0,0.0,3.0
KIM,2026-09-07 06:00,2026-09-09 00:00,33,대전,1,19.6,0.0,0.0,0.0,0.0,0.0,0.0,3.0
KIM,2026-09-07 06:00,2026-09-09 03:00,36,대전,1,18.6,30.0,9.0,2.0,28.0,0.0,0.0,3.0
KIM,2026-09-07 06:00,2026-09-09 06:00,39,대전,1,17.6,0.0,0.0,0.0,0.0,0.0,0.0,3.0
KIM,2026-09-07 06:00,2026-09-09 09:00,42,대전,1,20.4,34.0,0.0,0.0,34.0,202.0,0.0,3.0
KIM,2026-09-07 06:00,2026-09-09 12:00,45,대전,1,24.0,39.0,0.0,0.0,39.0,702.0,0.0,3.0
KIM,2026-09-07 06:00,2026-09-09 15:00,48,대전,1,24.0,96.0,96.0,0.0,0.0,667.0,0.1,3.0
KIM,2026-09-07 06:00,2026-09-09 18:00,51,대전,1,21.7,78.0,76.0,0.0,10.0,173.0,0.0,3.0
KIM,2026-09-07 06:00,2026-09-09 21:00,54,대전,1,19.0,0.0,0.0,0.0,0.0,4.0,0.0,3.0
KIM,2026-09-07 06:00,2026-09-10 00:00,57,대전,1,16.7,0.0,0.0,0.0,0.0,0.0,0.0,3.0
KIM,2026-09-07 06:00,2026-09-10 03:00,60,대전,1,15.2,0.0,0.0,0.0,0.0,0.0,0.0,3.0
KIM,2026-09-07 06:00,2026-09-10 06:00,63,대전,1,14.2,0.0,0.0,0.0,0.0,0.0,0.0,3.0
KIM,2026-09-07 06:00,2026-09-10 09:00,66,대전,1,18.0,26.0,0.0,0.0,26.0,207.0,0.0,3.0
KIM,2026-09-07 06:00,2026-09-10 12:00,69,대전,1,22.4,0.0,0.0,0.0,0.0,719.0,0.0,3.0
KIM,2026-09-07 06:00,2026-09-10 15:00,72,대전,1,24.1,0.0,0.0,0.0,0.0,797.0,0.0,3.0
KIM,2026-09-07 06:00,2026-09-07 15:00,0,대구,1,27.1,65.0,0.0,8.0,65.0,813.0,,3.0
KIM,2026-09-07 06:00,2026-09-07 18:00,3,대구,1,23.4,34.0,0.0,3.0,33.0,373.0,0.0,3.0
KIM,2026-09-07 06:00,2026-09-07 21:00,6,대구,1,20.0,69.0,11.0,0.0,65.0,7.0,0.0,3.0
KIM,2026-09-07 06:00,2026-09-08 00:00,9,대구,1,17.5,40.0,8.0,0.0,37.0,0.0,0.0,3.0
KIM,2026-09-07 06:00,2026-09-08 03:00,12,대구,1,15.9,26.0,4.0,0.0,24.0,0.0,0.0,3.0
KIM,2026-09-07 06:00,2026-09-08 06:00,15,대구,1,15.5,39.0,13.0,0.0,33.0,0.0,0.0,3.0
KIM,2026-09-07 06:00,2026-09-08 09:00,18,대구,1,21.9,2.0,2.0,0.0,0.0,228.0,0.0,3.0
KIM,2026-09-07 06:00,2026-09-08 12:00,21,대구,1,25.8,50.0,41.0,0.0,30.0,656.0,0.0,3.0
KIM,2026-09-07 06:00,2026-09-08 15:00,24,대구,1,26.9,41.0,41.0,0.0,0.0,674.0,0.0,3.0
KIM,2026-09-07 06:00,2026-09-08 18:00,27,대구,1,23.5,90.0,90.0,0.0,0.0,315.0,0.0,3.0
KIM,2026-09-07 06:00,2026-09-08 21:00,30,대구,1,20.6,4.0,0.0,4.0,0.0,3.0,0.0,3.0
KIM,2026-09-07 06:00,2026-09-09 00:00,33,대구,1,19.4,23.0,3.0,21.0,0.0,0.0,0.0,3.0
KIM,2026-09-07 06:00,2026-09-09 03:00,36,대구,1,18.6,7.0,0.0,0.0,7.0,0.0,0.0,3.0
KIM,2026-09-07 06:00,2026-09-09 06:00,39,대구,1,18.2,48.0,0.0,12.0,46.0,0.0,0.0,3.0
KIM,2026-09-07 06:00,2026-09-09 09:00,42,대구,1,22.0,0.0,0.0,0.0,0.0,218.0,0.0,3.0
KIM,2026-09-07 06:00,2026-09-09 12:00,45,대구,1,24.3,25.0,0.0,0.0,25.0,717.0,0.0,3.0
KIM,2026-09-07 06:00,2026-09-09 15:00,48,대구,1,23.8,0.0,0.0,0.0,0.0,785.0,0.0,3.0
KIM,2026-09-07 06:00,2026-09-09 18:00,51,대구,1,20.5,0.0,0.0,0.0,0.0,356.0,0.0,3.0
KIM,2026-09-07 06:00,2026-09-09 21:00,54,대구,1,18.6,0.0,0.0,0.0,0.0,5.0,0.0,3.0
KIM,2026-09-07 06:00,2026-09-10 00:00,57,대구,1,17.8,0.0,0.0,0.0,0.0,0.0,0.0,3.0
KIM,2026-09-07 06:00,2026-09-10 03:00,60,대구,1,17.1,0.0,0.0,0.0,0.0,0.0,0.0,3.0
KIM,2026-09-07 06:00,2026-09-10 06:00,63,대구,1,16.1,0.0,0.0,0.0,0.0,0.0,0.0,3.0
KIM,2026-09-07 06:00,2026-09-10 09:00,66,대구,1,21.0,4.0,4.0,0.0,0.0,218.0,0.0,3.0
KIM,2026-09-07 06:00,2026-09-10 12:00,69,대구,1,23.6,10.0,10.0,0.0,0.0,718.0,0.0,3.0
KIM,2026-09-07 06:00,2026-09-10 15:00,72,대구,1,22.9,92.0,92.0,0.0,0.0,750.0,0.0,3.0
KIM,2026-09-07 06:00,2026-09-07 15:00,0,광주,1,28.4,99.0,2.0,0.0,99.0,818.0,,3.0
KIM,2026-09-07 06:00,2026-09-07 18:00,3,광주,1,25.9,90.0,86.0,0.0,81.0,338.0,0.0,3.0
KIM,2026-09-07 06:00,2026-09-07 21:00,6,광주,1,23.4,90.0,90.0,0.0,72.0,4.0,0.0,3.0
KIM,2026-09-07 06:00,2026-09-08 00:00,9,광주,1,21.6,67.0,54.0,0.0,42.0,0.0,0.0,3.0
KIM,2026-09-07 06:00,2026-09-08 03:00,12,광주,1,19.3,32.0,9.0,0.0,25.0,0.0,0.0,3.0
KIM,2026-09-07 06:00,2026-09-08 06:00,15,광주,1,17.8,2.0,2.0,0.0,0.0,0.0,0.0,3.0
KIM,2026-09-07 06:00,2026-09-08 09:00,18,광주,1,22.9,36.0,0.0,0.0,36.0,202.0,0.0,3.0
KIM,2026-09-07 06:00,2026-09-08 12:00,21,광주,1,27.0,7.0,0.0,0.0,7.0,722.0,0.0,3.0
KIM,2026-09-07 06:00,2026-09-08 15:00,24,광주,1,28.1,1.0,0.0,0.0,1.0,825.0,0.0,3.0
KIM,2026-09-07 06:00,2026-09-08 18:00,27,광주,1,24.7,0.0,0.0,0.0,0.0,400.0,0.0,3.0
KIM,2026-09-07 06:00,2026-09-08 21:00,30,광주,1,21.3,0.0,0.0,0.0,0.0,9.0,0.0,3.0
KIM,2026-09-07 06:00,2026-09-09 00:00,33,광주,1,20.0,24.0,0.0,24.0,0.0,0.0,0.0,3.0
KIM,2026-09-07 06:00,2026-09-09 03:00,36,광주,1,19.2,57.0,0.0,53.0,32.0,0.0,0.0,3.0
KIM,2026-09-07 06:00,2026-09-09 06:00,39,광주,1,19.0,1.0,0.0,1.0,0.0,0.0,0.0,3.0
KIM,2026-09-07 06:00,2026-09-09 09:00,42,광주,1,22.7,0.0,0.0,0.0,0.0,195.0,0.0,3.0
KIM,2026-09-07 06:00,2026-09-09 12:00,45,광주,1,26.4,0.0,0.0,0.0,0.0,704.0,0.0,3.0
KIM,2026-09-07 06:00,2026-09-09 15:00,48,광주,1,27.7,0.0,0.0,0.0,0.0,798.0,0.0,3.0
KIM,2026-09-07 06:00,2026-09-09 18:00,51,광주,1,25.1,5.0,5.0,0.0,0.0,380.0,0.0,3.0
KIM,2026-09-07 06:00,2026-09-09 21:00,54,광주,1,21.3,0.0,0.0,0.0,0.0,8.0,0.0,3.0
KIM,2026-09-07 06:00,2026-09-10 00:00,57,광주,1,18.9,0.0,0.0,0.0,0.0,0.0,0.0,3.0
KIM,2026-09-07 06:00,2026-09-10 03:00,60,광주,1,17.4,0.0,0.0,0.0,0.0,0.0,0.0,3.0
KIM,2026-09-07 06:00,2026-09-10 06:00,63,광주,1,16.2,0.0,0.0,0.0,0.0,0.0,0.0,3.0
KIM,2026-09-07 06:00,2026-09-10 09:00,66,광주,1,20.9,0.0,0.0,0.0,0.0,195.0,0.0,3.0
KIM,2026-09-07 06:00,2026-09-10 12:00,69,광주,1,24.9,0.0,0.0,0.0,0.0,706.0,0.0,3.0
KIM,2026-09-07 06:00,2026-09-10 15:00,72,광주,1,26.3,0.0,0.0,0.0,0.0,801.0,0.0,3.0
KIM,2026-09-07 06:00,2026-09-07 15:00,0,부산,1,27.1,55.0,4.0,12.0,52.0,741.0,,3.0
KIM,2026-09-07 06:00,2026-09-07 18:00,3,부산,1,24.4,61.0,0.0,12.0,60.0,366.0,0.0,3.0
KIM,2026-09-07 06:00,2026-09-07 21:00,6,부산,1,21.0,46.0,0.0,14.0,44.0,6.0,0.0,3.0
KIM,2026-09-07 06:00,2026-09-08 00:00,9,부산,1,20.1,71.0,14.0,10.0,67.0,0.0,0.0,3.0
KIM,2026-09-07 06:00,2026-09-08 03:00,12,부산,1,19.5,63.0,43.0,0.0,44.0,0.0,0.0,3.0
KIM,2026-09-07 06:00,2026-09-08 06:00,15,부산,1,19.1,54.0,10.0,0.0,50.0,0.0,0.0,3.0
KIM,2026-09-07 06:00,2026-09-08 09:00,18,부산,1,24.6,18.0,9.0,0.0,10.0,223.0,0.0,3.0
KIM,2026-09-07 06:00,2026-09-08 12:00,21,부산,1,27.3,27.0,27.0,0.0,0.0,727.0,0.0,3.0
KIM,2026-09-07 06:00,2026-09-08 15:00,24,부산,1,27.6,34.0,33.0,0.0,3.0,792.0,0.0,3.0
KIM,2026-09-07 06:00,2026-09-08 18:00,27,부산,1,24.3,54.0,51.0,0.0,7.0,342.0,0.0,3.0
KIM,2026-09-07 06:00,2026-09-08 21:00,30,부산,1,22.2,17.0,17.0,0.0,0.0,5.0,0.0,3.0
KIM,2026-09-07 06:00,2026-09-09 00:00,33,부산,1,22.3,25.0,25.0,0.0,0.0,0.0,0.0,3.0
KIM,2026-09-07 06:00,2026-09-09 03:00,36,부산,1,22.0,18.0,18.0,0.0,0.0,0.0,0.0,3.0
KIM,2026-09-07 06:00,2026-09-09 06:00,39,부산,1,21.5,44.0,15.0,0.0,36.0,0.0,0.0,3.0
KIM,2026-09-07 06:00,2026-09-09 09:00,42,부산,1,24.1,13.0,13.0,0.0,0.0,220.0,0.0,3.0
KIM,2026-09-07 06:00,2026-09-09 12:00,45,부산,1,25.8,0.0,0.0,0.0,0.0,724.0,0.0,3.0
KIM,2026-09-07 06:00,2026-09-09 15:00,48,부산,1,25.2,0.0,0.0,0.0,0.0,789.0,0.0,3.0
KIM,2026-09-07 06:00,2026-09-09 18:00,51,부산,1,22.1,0.0,0.0,0.0,0.0,353.0,0.0,3.0
KIM,2026-09-07 06:00,2026-09-09 21:00,54,부산,1,20.9,0.0,0.0,0.0,0.0,5.0,0.0,3.0
KIM,2026-09-07 06:00,2026-09-10 00:00,57,부산,1,20.5,0.0,0.0,0.0,0.0,0.0,0.0,3.0
KIM,2026-09-07 06:00,2026-09-10 03:00,60,부산,1,20.1,1.0,0.0,0.0,1.0,0.0,0.0,3.0
KIM,2026-09-07 06:00,2026-09-10 06:00,63,부산,1,19.8,28.0,0.0,0.0,28.0,0.0,0.0,3.0
KIM,2026-09-07 06:00,2026-09-10 09:00,66,부산,1,23.2,21.0,21.0,0.0,0.0,212.0,0.0,3.0
KIM,2026-09-07 06:00,2026-09-10 12:00,69,부산,1,25.2,0.0,0.0,0.0,0.0,711.0,0.0,3.0
KIM,2026-09-07 06:00,2026-09-10 15:00,72,부산,1,25.3,14.0,14.0,0.0,0.0,782.0,0.0,3.0
KIM,2026-09-07 06:00,2026-09-07 15:00,0,인천,0,27.3,84.0,0.0,0.0,84.0,793.0,,3.0
KIM,2026-09-07 06:00,2026-09-07 18:00,3,인천,0,25.2,69.0,0.0,0.0,69.0,382.0,0.0,3.0
KIM,2026-09-07 06:00,2026-09-07 21:00,6,인천,0,21.4,52.0,0.0,0.0,52.0,10.0,0.0,3.0
KIM,2026-09-07 06:00,2026-09-08 00:00,9,인천,0,19.4,53.0,0.0,0.0,53.0,0.0,0.0,3.0
KIM,2026-09-07 06:00,2026-09-08 03:00,12,인천,0,17.3,49.0,0.0,0.0,49.0,0.0,0.0,3.0
KIM,2026-09-07 06:00,2026-09-08 06:00,15,인천,0,15.7,0.0,0.0,0.0,0.0,0.0,0.0,3.0
KIM,2026-09-07 06:00,2026-09-08 09:00,18,인천,0,20.3,12.0,0.0,0.0,12.0,198.0,0.0,3.0
KIM,2026-09-07 06:00,2026-09-08 12:00,21,인천,0,25.1,46.0,0.0,0.0,46.0,704.0,0.0,3.0
KIM,2026-09-07 06:00,2026-09-08 15:00,24,인천,0,27.4,40.0,0.0,16.0,29.0,787.0,0.0,3.0
KIM,2026-09-07 06:00,2026-09-08 18:00,27,인천,0,25.2,1.0,0.0,1.0,0.0,374.0,0.0,3.0
KIM,2026-09-07 06:00,2026-09-08 21:00,30,인천,0,21.7,96.0,96.0,0.0,0.0,9.0,0.0,3.0
KIM,2026-09-07 06:00,2026-09-09 00:00,33,인천,0,20.7,47.0,47.0,0.0,0.0,0.0,0.0,3.0
KIM,2026-09-07 06:00,2026-09-09 03:00,36,인천,0,19.3,95.0,14.0,0.0,95.0,0.0,0.0,3.0
KIM,2026-09-07 06:00,2026-09-09 06:00,39,인천,0,18.0,48.0,2.0,9.0,46.0,0.0,0.0,3.0
KIM,2026-09-07 06:00,2026-09-09 09:00,42,인천,0,20.6,86.0,78.0,0.0,41.0,163.0,0.0,3.0
KIM,2026-09-07 06:00,2026-09-09 12:00,45,인천,0,24.4,9.0,0.0,0.0,9.0,672.0,0.0,3.0
KIM,2026-09-07 06:00,2026-09-09 15:00,48,인천,0,25.0,18.0,0.0,0.0,18.0,771.0,0.0,3.0
KIM,2026-09-07 06:00,2026-09-09 18:00,51,인천,0,21.8,47.0,15.0,0.0,39.0,370.0,0.0,3.0
KIM,2026-09-07 06:00,2026-09-09 21:00,54,인천,0,17.9,65.0,0.0,0.0,65.0,8.0,0.0,3.0
KIM,2026-09-07 06:00,2026-09-10 00:00,57,인천,0,16.0,3.0,0.0,3.0,0.0,0.0,0.0,3.0
KIM,2026-09-07 06:00,2026-09-10 03:00,60,인천,0,14.3,46.0,0.0,36.0,15.0,0.0,0.0,3.0
KIM,2026-09-07 06:00,2026-09-10 06:00,63,인천,0,13.3,69.0,0.0,0.0,69.0,0.0,0.0,3.0
KIM,2026-09-07 06:00,2026-09-10 09:00,66,인천,0,18.2,0.0,0.0,0.0,0.0,191.0,0.0,3.0
KIM,2026-09-07 06:00,2026-09-10 12:00,69,인천,0,23.2,0.0,0.0,0.0,0.0,694.0,0.0,3.0
KIM,2026-09-07 06:00,2026-09-10 15:00,72,인천,0,25.1,0.0,0.0,0.0,0.0,780.0,0.0,3.0
KIM,2026-09-07 06:00,2026-09-07 15:00,0,수원,0,28.9,75.0,0.0,0.0,75.0,805.0,,3.0
KIM,2026-09-07 06:00,2026-09-07 18:00,3,수원,0,26.8,50.0,0.0,0.0,50.0,387.0,0.0,3.0
KIM,2026-09-07 06:00,2026-09-07 21:00,6,수원,0,22.2,72.0,0.0,0.0,72.0,10.0,0.0,3.0
KIM,2026-09-07 06:00,2026-09-08 00:00,9,수원,0,19.7,30.0,0.0,0.0,30.0,0.0,0.0,3.0
KIM,2026-09-07 06:00,2026-09-08 03:00,12,수원,0,17.3,48.0,0.0,0.0,48.0,0.0,0.0,3.0
KIM,2026-09-07 06:00,2026-09-08 06:00,15,수원,0,15.3,0.0,0.0,0.0,0.0,0.0,0.0,3.0
KIM,2026-09-07 06:00,2026-09-08 09:00,18,수원,0,21.8,15.0,0.0,0.0,15.0,205.0,0.0,3.0
KIM,2026-09-07 06:00,2026-09-08 12:00,21,수원,0,27.6,0.0,0.0,0.0,0.0,716.0,0.0,3.0
KIM,2026-09-07 06:00,2026-09-08 15:00,24,수원,0,29.3,69.0,0.0,66.0,46.0,800.0,0.0,3.0
KIM,2026-09-07 06:00,2026-09-08 18:00,27,수원,0,26.5,0.0,0.0,0.0,0.0,380.0,0.0,3.0
KIM,2026-09-07 06:00,2026-09-08 21:00,30,수원,0,22.7,69.0,64.0,40.0,0.0,9.0,0.0,3.0
KIM,2026-09-07 06:00,2026-09-09 00:00,33,수원,0,21.1,17.0,13.0,10.0,0.0,0.0,0.0,3.0
KIM,2026-09-07 06:00,2026-09-09 03:00,36,수원,0,20.0,98.0,24.0,0.0,98.0,0.0,0.0,3.0
KIM,2026-09-07 06:00,2026-09-09 06:00,39,수원,0,19.1,48.0,0.0,23.0,37.0,0.0,0.0,3.0
KIM,2026-09-07 06:00,2026-09-09 09:00,42,수원,0,22.0,85.0,82.0,0.0,35.0,191.0,0.0,3.0
KIM,2026-09-07 06:00,2026-09-09 12:00,45,수원,0,25.4,47.0,4.0,0.0,45.0,685.0,0.0,3.0
KIM,2026-09-07 06:00,2026-09-09 15:00,48,수원,0,25.3,2.0,2.0,0.0,0.0,779.0,0.0,3.0
KIM,2026-09-07 06:00,2026-09-09 18:00,51,수원,0,22.2,2.0,2.0,0.0,0.0,369.0,0.0,3.0
KIM,2026-09-07 06:00,2026-09-09 21:00,54,수원,0,18.8,68.0,0.0,0.0,68.0,8.0,0.0,3.0
KIM,2026-09-07 06:00,2026-09-10 00:00,57,수원,0,16.8,0.0,0.0,0.0,0.0,0.0,0.0,3.0
KIM,2026-09-07 06:00,2026-09-10 03:00,60,수원,0,15.3,0.0,0.0,0.0,0.0,0.0,0.0,3.0
KIM,2026-09-07 06:00,2026-09-10 06:00,63,수원,0,14.2,0.0,0.0,0.0,0.0,0.0,0.0,3.0
KIM,2026-09-07 06:00,2026-09-10 09:00,66,수원,0,19.5,56.0,0.0,0.0,56.0,198.0,0.0,3.0
KIM,2026-09-07 06:00,2026-09-10 12:00,69,수원,0,24.3,6.0,0.0,0.0,6.0,705.0,0.0,3.0
KIM,2026-09-07 06:00,2026-09-10 15:00,72,수원,0,26.3,0.0,0.0,0.0,0.0,789.0,0.0,3.0
KIM,2026-09-07 06:00,2026-09-07 15:00,0,전주,0,26.1,87.0,0.0,0.0,87.0,831.0,,3.0
KIM,2026-09-07 06:00,2026-09-07 18:00,3,전주,0,23.3,76.0,0.0,0.0,76.0,410.0,0.0,3.0
KIM,2026-09-07 06:00,2026-09-07 21:00,6,전주,0,20.5,37.0,0.0,0.0,37.0,10.0,0.0,3.0
KIM,2026-09-07 06:00,2026-09-08 00:00,9,전주,0,18.6,31.0,0.0,0.0,31.0,0.0,0.0,3.0
KIM,2026-09-07 06:00,2026-09-08 03:00,12,전주,0,17.2,55.0,0.0,0.0,55.0,0.0,0.0,3.0
KIM,2026-09-07 06:00,2026-09-08 06:00,15,전주,0,16.3,0.0,0.0,0.0,0.0,0.0,0.0,3.0
KIM,2026-09-07 06:00,2026-09-08 09:00,18,전주,0,21.2,40.0,0.0,0.0,40.0,212.0,0.0,3.0
KIM,2026-09-07 06:00,2026-09-08 12:00,21,전주,0,24.7,15.0,0.0,0.0,15.0,742.0,0.0,3.0
KIM,2026-09-07 06:00,2026-09-08 15:00,24,전주,0,25.8,0.0,0.0,0.0,0.0,840.0,0.0,3.0
KIM,2026-09-07 06:00,2026-09-08 18:00,27,전주,0,23.2,0.0,0.0,0.0,0.0,404.0,0.0,3.0
KIM,2026-09-07 06:00,2026-09-08 21:00,30,전주,0,20.9,34.0,1.0,34.0,0.0,9.0,0.0,3.0
KIM,2026-09-07 06:00,2026-09-09 00:00,33,전주,0,19.5,17.0,4.0,14.0,0.0,0.0,0.0,3.0
KIM,2026-09-07 06:00,2026-09-09 03:00,36,전주,0,18.6,41.0,11.0,3.0,37.0,0.0,0.0,3.0
KIM,2026-09-07 06:00,2026-09-09 06:00,39,전주,0,18.1,0.0,0.0,0.0,0.0,0.0,0.0,3.0
KIM,2026-09-07 06:00,2026-09-09 09:00,42,전주,0,20.3,0.0,0.0,0.0,0.0,202.0,0.0,3.0
KIM,2026-09-07 06:00,2026-09-09 12:00,45,전주,0,23.5,80.0,0.0,0.0,80.0,708.0,0.0,3.0
KIM,2026-09-07 06:00,2026-09-09 15:00,48,전주,0,23.9,9.0,9.0,0.0,0.0,802.0,0.0,3.0
KIM,2026-09-07 06:00,2026-09-09 18:00,51,전주,0,21.0,2.0,2.0,0.0,0.0,383.0,0.0,3.0
KIM,2026-09-07 06:00,2026-09-09 21:00,54,전주,0,18.0,0.0,0.0,0.0,0.0,8.0,0.0,3.0
KIM,2026-09-07 06:00,2026-09-10 00:00,57,전주,0,16.8,0.0,0.0,0.0,0.0,0.0,0.0,3.0
KIM,2026-09-07 06:00,2026-09-10 03:00,60,전주,0,16.1,0.0,0.0,0.0,0.0,0.0,0.0,3.0
KIM,2026-09-07 06:00,2026-09-10 06:00,63,전주,0,15.7,0.0,0.0,0.0,0.0,0.0,0.0,3.0
KIM,2026-09-07 06:00,2026-09-10 09:00,66,전주,0,18.9,2.0,0.0,0.0,2.0,203.0,0.0,3.0
KIM,2026-09-07 06:00,2026-09-10 12:00,69,전주,0,22.5,0.0,0.0,0.0,0.0,718.0,0.0,3.0
KIM,2026-09-07 06:00,2026-09-10 15:00,72,전주,0,23.8,0.0,0.0,0.0,0.0,811.0,0.0,3.0
KIM,2026-09-07 06:00,2026-09-07 15:00,0,강릉,0,22.9,78.0,65.0,0.0,58.0,426.0,,3.0
KIM,2026-09-07 06:00,2026-09-07 18:00,3,강릉,0,22.0,72.0,68.0,0.0,29.0,334.0,0.0,3.0
KIM,2026-09-07 06:00,2026-09-07 21:00,6,강릉,0,20.7,86.0,54.0,0.0,75.0,6.0,0.0,3.0
KIM,2026-09-07 06:00,2026-09-08 00:00,9,강릉,0,19.8,71.0,61.0,0.0,54.0,0.0,0.0,3.0
KIM,2026-09-07 06:00,2026-09-08 03:00,12,강릉,0,19.3,72.0,70.0,1.0,27.0,0.0,0.0,3.0
KIM,2026-09-07 06:00,2026-09-08 06:00,15,강릉,0,19.0,48.0,47.0,0.0,4.0,0.0,0.0,3.0
KIM,2026-09-07 06:00,2026-09-08 09:00,18,강릉,0,21.2,84.0,84.0,0.0,0.0,177.0,0.0,3.0
KIM,2026-09-07 06:00,2026-09-08 12:00,21,강릉,0,22.7,91.0,91.0,0.0,38.0,476.0,0.1,3.0
KIM,2026-09-07 06:00,2026-09-08 15:00,24,강릉,0,23.2,35.0,35.0,0.0,3.0,682.0,0.0,3.0
KIM,2026-09-07 06:00,2026-09-08 18:00,27,강릉,0,22.0,99.0,99.0,0.0,5.0,322.0,0.2,3.0
KIM,2026-09-07 06:00,2026-09-08 21:00,30,강릉,0,21.9,100.0,100.0,0.0,0.0,2.0,3.7,3.0
KIM,2026-09-07 06:00,2026-09-09 00:00,33,강릉,0,21.4,97.0,97.0,0.0,0.0,0.0,0.1,3.0
KIM,2026-09-07 06:00,2026-09-09 03:00,36,강릉,0,21.3,90.0,89.0,0.0,0.0,0.0,0.0,3.0
KIM,2026-09-07 06:00,2026-09-09 06:00,39,강릉,0,20.6,99.0,99.0,0.0,5.0,0.0,0.2,3.0
KIM,2026-09-07 06:00,2026-09-09 09:00,42,강릉,0,20.7,94.0,94.0,0.0,0.0,40.0,0.3,3.0
KIM,2026-09-07 06:00,2026-09-09 12:00,45,강릉,0,21.0,94.0,94.0,0.0,0.0,296.0,0.1,3.0
KIM,2026-09-07 06:00,2026-09-09 15:00,48,강릉,0,21.0,3.0,3.0,0.0,0.0,459.0,0.0,3.0
KIM,2026-09-07 06:00,2026-09-09 18:00,51,강릉,0,20.3,83.0,0.0,0.0,83.0,342.0,0.0,3.0
KIM,2026-09-07 06:00,2026-09-09 21:00,54,강릉,0,19.6,87.0,0.0,0.0,87.0,5.0,0.0,3.0
KIM,2026-09-07 06:00,2026-09-10 00:00,57,강릉,0,19.3,1.0,1.0,0.0,0.0,0.0,0.0,3.0
KIM,2026-09-07 06:00,2026-09-10 03:00,60,강릉,0,19.2,0.0,0.0,0.0,0.0,0.0,0.0,3.0
KIM,2026-09-07 06:00,2026-09-10 06:00,63,강릉,0,19.2,93.0,82.0,0.0,84.0,0.0,0.0,3.0
KIM,2026-09-07 06:00,2026-09-10 09:00,66,강릉,0,20.9,38.0,5.0,0.0,35.0,154.0,0.0,3.0
KIM,2026-09-07 06:00,2026-09-10 12:00,69,강릉,0,21.7,0.0,0.0,0.0,0.0,679.0,0.0,3.0
KIM,2026-09-07 06:00,2026-09-10 15:00,72,강릉,0,21.7,99.0,57.0,83.0,97.0,742.0,0.1,3.0
KIM,2026-09-07 06:00,2026-09-07 15:00,0,제주,0,24.0,75.0,24.0,16.0,70.0,709.0,,3.0
KIM,2026-09-07 06:00,2026-09-07 18:00,3,제주,0,23.6,99.0,0.0,18.0,99.0,371.0,0.0,3.0
KIM,2026-09-07 06:00,2026-09-07 21:00,6,제주,0,22.7,98.0,10.0,6.0,98.0,10.0,0.0,3.0
KIM,2026-09-07 06:00,2026-09-08 00:00,9,제주,0,22.2,94.0,46.0,5.0,92.0,0.0,0.0,3.0
KIM,2026-09-07 06:00,2026-09-08 03:00,12,제주,0,22.1,91.0,17.0,7.0,91.0,0.0,0.0,3.0
KIM,2026-09-07 06:00,2026-09-08 06:00,15,제주,0,21.5,26.0,0.0,0.0,26.0,0.0,0.0,3.0
KIM,2026-09-07 06:00,2026-09-08 09:00,18,제주,0,22.7,33.0,0.0,2.0,33.0,204.0,0.0,3.0
KIM,2026-09-07 06:00,2026-09-08 12:00,21,제주,0,23.6,44.0,0.0,0.0,44.0,729.0,0.0,3.0
KIM,2026-09-07 06:00,2026-09-08 15:00,24,제주,0,23.7,48.0,0.0,0.0,48.0,830.0,0.0,3.0
KIM,2026-09-07 06:00,2026-09-08 18:00,27,제주,0,22.8,26.0,0.0,0.0,26.0,402.0,0.0,3.0
KIM,2026-09-07 06:00,2026-09-08 21:00,30,제주,0,22.7,7.0,7.0,0.0,0.0,9.0,0.0,3.0
KIM,2026-09-07 06:00,2026-09-09 00:00,33,제주,0,22.5,0.0,0.0,0.0,0.0,0.0,0.0,3.0
KIM,2026-09-07 06:00,2026-09-09 03:00,36,제주,0,22.6,29.0,29.0,0.0,0.0,0.0,0.0,3.0
KIM,2026-09-07 06:00,2026-09-09 06:00,39,제주,0,21.8,9.0,9.0,0.0,0.0,0.0,0.0,3.0
KIM,2026-09-07 06:00,2026-09-09 09:00,42,제주,0,22.0,84.0,84.0,2.0,0.0,143.0,0.2,3.0
KIM,2026-09-07 06:00,2026-09-09 12:00,45,제주,0,22.4,59.0,59.0,0.0,0.0,427.0,0.1,3.0
KIM,2026-09-07 06:00,2026-09-09 15:00,48,제주,0,23.7,43.0,3.0,0.0,42.0,740.0,0.0,3.0
KIM,2026-09-07 06:00,2026-09-09 18:00,51,제주,0,23.7,31.0,7.0,0.0,26.0,385.0,0.0,3.0
KIM,2026-09-07 06:00,2026-09-09 21:00,54,제주,0,22.8,0.0,0.0,0.0,0.0,8.0,0.0,3.0
KIM,2026-09-07 06:00,2026-09-10 00:00,57,제주,0,21.0,6.0,0.0,0.0,6.0,0.0,0.0,3.0
KIM,2026-09-07 06:00,2026-09-10 03:00,60,제주,0,20.4,32.0,0.0,0.0,32.0,0.0,0.0,3.0
KIM,2026-09-07 06:00,2026-09-10 06:00,63,제주,0,20.1,70.0,66.0,0.0,25.0,0.0,0.0,3.0
KIM,2026-09-07 06:00,2026-09-10 09:00,66,제주,0,20.8,69.0,69.0,0.0,0.0,162.0,0.0,3.0
KIM,2026-09-07 06:00,2026-09-10 12:00,69,제주,0,21.7,26.0,26.0,0.0,0.0,641.0,0.0,3.0
KIM,2026-09-07 06:00,2026-09-10 15:00,72,제주,0,22.2,56.0,56.0,0.0,0.0,754.0,0.0,3.0
KIM,2026-09-07 06:00,2026-09-07 15:00,0,나주,0,28.1,100.0,0.0,0.0,100.0,816.0,,3.0
KIM,2026-09-07 06:00,2026-09-07 18:00,3,나주,0,25.6,90.0,29.0,0.0,85.0,390.0,0.0,3.0
KIM,2026-09-07 06:00,2026-09-07 21:00,6,나주,0,22.9,97.0,96.0,0.0,91.0,10.0,0.0,3.0
KIM,2026-09-07 06:00,2026-09-08 00:00,9,나주,0,21.9,95.0,95.0,0.0,41.0,0.0,0.0,3.0
KIM,2026-09-07 06:00,2026-09-08 03:00,12,나주,0,20.4,86.0,86.0,0.0,31.0,0.0,0.0,3.0
KIM,2026-09-07 06:00,2026-09-08 06:00,15,나주,0,19.5,88.0,88.0,0.0,0.0,0.0,0.0,3.0
KIM,2026-09-07 06:00,2026-09-08 09:00,18,나주,0,23.6,45.0,4.0,0.0,43.0,197.0,0.0,3.0
KIM,2026-09-07 06:00,2026-09-08 12:00,21,나주,0,27.1,53.0,4.0,0.0,52.0,716.0,0.0,3.0
KIM,2026-09-07 06:00,2026-09-08 15:00,24,나주,0,28.0,18.0,0.0,0.0,18.0,814.0,0.0,3.0
KIM,2026-09-07 06:00,2026-09-08 18:00,27,나주,0,24.8,0.0,0.0,0.0,0.0,391.0,0.0,3.0
KIM,2026-09-07 06:00,2026-09-08 21:00,30,나주,0,21.5,0.0,0.0,0.0,0.0,9.0,0.0,3.0
KIM,2026-09-07 06:00,2026-09-09 00:00,33,나주,0,19.8,20.0,0.0,20.0,0.0,0.0,0.0,3.0
KIM,2026-09-07 06:00,2026-09-09 03:00,36,나주,0,18.7,69.0,0.0,69.0,2.0,0.0,0.0,3.0
KIM,2026-09-07 06:00,2026-09-09 06:00,39,나주,0,18.0,16.0,0.0,16.0,0.0,0.0,0.0,3.0
KIM,2026-09-07 06:00,2026-09-09 09:00,42,나주,0,22.4,0.0,0.0,0.0,0.0,192.0,0.0,3.0
KIM,2026-09-07 06:00,2026-09-09 12:00,45,나주,0,26.4,0.0,0.0,0.0,0.0,701.0,0.0,3.0
KIM,2026-09-07 06:00,2026-09-09 15:00,48,나주,0,28.0,0.0,0.0,0.0,0.0,794.0,0.0,3.0
KIM,2026-09-07 06:00,2026-09-09 18:00,51,나주,0,26.4,34.0,34.0,0.0,0.0,375.0,0.0,3.0
KIM,2026-09-07 06:00,2026-09-09 21:00,54,나주,0,23.3,33.0,33.0,0.0,0.0,7.0,0.0,3.0
KIM,2026-09-07 06:00,2026-09-10 00:00,57,나주,0,19.8,2.0,2.0,0.0,0.0,0.0,0.0,3.0
KIM,2026-09-07 06:00,2026-09-10 03:00,60,나주,0,17.5,0.0,0.0,0.0,0.0,0.0,0.0,3.0
KIM,2026-09-07 06:00,2026-09-10 06:00,63,나주,0,15.7,0.0,0.0,0.0,0.0,0.0,0.0,3.0
KIM,2026-09-07 06:00,2026-09-10 09:00,66,나주,0,19.9,0.0,0.0,0.0,0.0,193.0,0.0,3.0
KIM,2026-09-07 06:00,2026-09-10 12:00,69,나주,0,24.3,0.0,0.0,0.0,0.0,708.0,0.0,3.0
KIM,2026-09-07 06:00,2026-09-10 15:00,72,나주,0,25.8,0.0,0.0,0.0,0.0,800.0,0.0,3.0
