model,run_utc,valid_kst,step_h,city,rep,t2m_C,tcc_pct,lcc_pct,mcc_pct,hcc_pct,dswrf_avg_Wm2,tp_mm,win_h,src
ECMWF,2026-09-16 12:00,2026-09-16 21:00,0,서울,1,23.2,0.0,,,,,,,
ECMWF,2026-09-16 12:00,2026-09-17 00:00,3,서울,1,20.4,33.0,,,,0.0,0.0,3.0,
ECMWF,2026-09-16 12:00,2026-09-17 03:00,6,서울,1,18.4,20.0,,,,0.0,0.0,3.0,
ECMWF,2026-09-16 12:00,2026-09-17 06:00,9,서울,1,16.4,48.0,,,,0.0,0.0,3.0,
ECMWF,2026-09-16 12:00,2026-09-17 09:00,12,서울,1,21.4,72.0,,,,195.0,0.0,3.0,
ECMWF,2026-09-16 12:00,2026-09-17 12:00,15,서울,1,25.7,98.0,,,,629.0,0.0,3.0,
ECMWF,2026-09-16 12:00,2026-09-17 15:00,18,서울,1,26.7,100.0,,,,570.0,0.0,3.0,
ECMWF,2026-09-16 12:00,2026-09-17 18:00,21,서울,1,25.8,100.0,,,,202.0,0.0,3.0,
ECMWF,2026-09-16 12:00,2026-09-17 21:00,24,서울,1,22.3,100.0,,,,3.0,0.0,3.0,
ECMWF,2026-09-16 12:00,2026-09-18 00:00,27,서울,1,20.2,97.0,,,,0.0,0.0,3.0,
ECMWF,2026-09-16 12:00,2026-09-18 03:00,30,서울,1,19.4,99.0,,,,0.0,0.0,3.0,
ECMWF,2026-09-16 12:00,2026-09-18 06:00,33,서울,1,18.9,80.0,,,,0.0,0.0,3.0,
ECMWF,2026-09-16 12:00,2026-09-18 09:00,36,서울,1,21.9,19.0,,,,130.0,0.0,3.0,
ECMWF,2026-09-16 12:00,2026-09-18 12:00,39,서울,1,27.1,50.0,,,,660.0,0.0,3.0,
ECMWF,2026-09-16 12:00,2026-09-18 15:00,42,서울,1,28.7,61.0,,,,649.0,0.0,3.0,
ECMWF,2026-09-16 12:00,2026-09-18 18:00,45,서울,1,25.7,22.0,,,,228.0,0.0,3.0,
ECMWF,2026-09-16 12:00,2026-09-18 21:00,48,서울,1,21.8,6.0,,,,4.0,0.0,3.0,
ECMWF,2026-09-16 12:00,2026-09-19 00:00,51,서울,1,19.8,42.0,,,,0.0,0.0,3.0,
ECMWF,2026-09-16 12:00,2026-09-19 03:00,54,서울,1,18.9,53.0,,,,0.0,0.0,3.0,
ECMWF,2026-09-16 12:00,2026-09-19 06:00,57,서울,1,18.1,25.0,,,,0.0,0.0,3.0,
ECMWF,2026-09-16 12:00,2026-09-19 09:00,60,서울,1,21.9,32.0,,,,181.0,0.0,3.0,
ECMWF,2026-09-16 12:00,2026-09-19 12:00,63,서울,1,26.4,9.0,,,,649.0,0.0,3.0,
ECMWF,2026-09-16 12:00,2026-09-19 15:00,66,서울,1,28.3,15.0,,,,740.0,0.0,3.0,
ECMWF,2026-09-16 12:00,2026-09-19 18:00,69,서울,1,26.0,9.0,,,,330.0,0.0,3.0,
ECMWF,2026-09-16 12:00,2026-09-19 21:00,72,서울,1,21.6,1.0,,,,4.0,0.0,3.0,
ECMWF,2026-09-16 12:00,2026-09-20 00:00,75,서울,1,18.9,21.0,,,,0.0,0.0,3.0,
ECMWF,2026-09-16 12:00,2026-09-20 03:00,78,서울,1,17.5,4.0,,,,0.0,0.0,3.0,
ECMWF,2026-09-16 12:00,2026-09-20 06:00,81,서울,1,16.6,68.0,,,,0.0,0.0,3.0,
ECMWF,2026-09-16 12:00,2026-09-20 09:00,84,서울,1,20.2,43.0,,,,171.0,0.0,3.0,
ECMWF,2026-09-16 12:00,2026-09-20 12:00,87,서울,1,26.0,28.0,,,,669.0,0.0,3.0,
ECMWF,2026-09-16 12:00,2026-09-20 15:00,90,서울,1,28.2,24.0,,,,741.0,0.0,3.0,
ECMWF,2026-09-16 12:00,2026-09-20 18:00,93,서울,1,25.8,37.0,,,,321.0,0.0,3.0,
ECMWF,2026-09-16 12:00,2026-09-20 21:00,96,서울,1,22.8,1.0,,,,4.0,0.0,3.0,
ECMWF,2026-09-16 12:00,2026-09-21 00:00,99,서울,1,20.4,12.0,,,,0.0,0.0,3.0,
ECMWF,2026-09-16 12:00,2026-09-21 03:00,102,서울,1,18.7,18.0,,,,0.0,0.0,3.0,
ECMWF,2026-09-16 12:00,2026-09-21 06:00,105,서울,1,17.4,55.0,,,,0.0,0.0,3.0,
ECMWF,2026-09-16 12:00,2026-09-21 09:00,108,서울,1,21.3,5.0,,,,180.0,0.0,3.0,
ECMWF,2026-09-16 12:00,2026-09-21 12:00,111,서울,1,27.6,34.0,,,,668.0,0.0,3.0,
ECMWF,2026-09-16 12:00,2026-09-21 15:00,114,서울,1,30.1,8.0,,,,742.0,0.0,3.0,
ECMWF,2026-09-16 12:00,2026-09-21 18:00,117,서울,1,28.6,53.0,,,,322.0,0.0,3.0,
ECMWF,2026-09-16 12:00,2026-09-21 21:00,120,서울,1,24.1,61.0,,,,3.0,0.0,3.0,
ECMWF,2026-09-16 12:00,2026-09-22 00:00,123,서울,1,21.4,77.0,,,,0.0,0.0,3.0,
ECMWF,2026-09-16 12:00,2026-09-22 03:00,126,서울,1,19.9,37.0,,,,0.0,0.0,3.0,
ECMWF,2026-09-16 12:00,2026-09-22 06:00,129,서울,1,18.6,38.0,,,,0.0,0.0,3.0,
ECMWF,2026-09-16 12:00,2026-09-22 09:00,132,서울,1,21.6,2.0,,,,177.0,0.0,3.0,
ECMWF,2026-09-16 12:00,2026-09-22 12:00,135,서울,1,26.8,23.0,,,,655.0,0.0,3.0,
ECMWF,2026-09-16 12:00,2026-09-22 15:00,138,서울,1,29.0,69.0,,,,711.0,0.0,3.0,
ECMWF,2026-09-16 12:00,2026-09-22 18:00,141,서울,1,26.6,15.0,,,,273.0,0.0,3.0,
ECMWF,2026-09-16 12:00,2026-09-22 21:00,144,서울,1,23.1,7.0,,,,3.0,0.0,3.0,
ECMWF,2026-09-16 12:00,2026-09-23 03:00,150,서울,1,20.0,4.0,,,,0.0,0.0,6.0,
ECMWF,2026-09-16 12:00,2026-09-23 09:00,156,서울,1,22.0,23.0,,,,78.0,0.0,6.0,
ECMWF,2026-09-16 12:00,2026-09-23 15:00,162,서울,1,25.6,22.0,,,,540.0,1.7,6.0,
ECMWF,2026-09-16 12:00,2026-09-23 21:00,168,서울,1,21.3,6.0,,,,137.0,0.1,6.0,
ECMWF,2026-09-16 12:00,2026-09-24 03:00,174,서울,1,19.7,84.0,,,,0.0,0.0,6.0,
ECMWF,2026-09-16 12:00,2026-09-24 09:00,180,서울,1,21.1,100.0,,,,49.0,0.0,6.0,
ECMWF,2026-09-16 12:00,2026-09-24 15:00,186,서울,1,27.7,44.0,,,,566.0,0.0,6.0,
ECMWF,2026-09-16 12:00,2026-09-24 21:00,192,서울,1,22.6,37.0,,,,147.0,0.0,6.0,
ECMWF,2026-09-16 12:00,2026-09-25 03:00,198,서울,1,19.6,31.0,,,,0.0,0.0,6.0,
ECMWF,2026-09-16 12:00,2026-09-25 09:00,204,서울,1,22.1,99.0,,,,74.0,0.0,6.0,
ECMWF,2026-09-16 12:00,2026-09-25 15:00,210,서울,1,27.7,47.0,,,,568.0,0.0,6.0,
ECMWF,2026-09-16 12:00,2026-09-25 21:00,216,서울,1,21.9,99.0,,,,142.0,0.0,6.0,
ECMWF,2026-09-16 12:00,2026-09-26 03:00,222,서울,1,19.7,98.0,,,,0.0,0.0,6.0,
ECMWF,2026-09-16 12:00,2026-09-26 09:00,228,서울,1,20.2,97.0,,,,28.0,0.0,6.0,
ECMWF,2026-09-16 12:00,2026-09-26 15:00,234,서울,1,25.7,23.0,,,,328.0,0.0,6.0,
ECMWF,2026-09-16 12:00,2026-09-26 21:00,240,서울,1,22.3,68.0,,,,147.0,0.0,6.0,
ECMWF,2026-09-16 12:00,2026-09-16 21:00,0,대전,1,21.2,9.0,,,,,,,
ECMWF,2026-09-16 12:00,2026-09-17 00:00,3,대전,1,18.7,59.0,,,,0.0,0.0,3.0,
ECMWF,2026-09-16 12:00,2026-09-17 03:00,6,대전,1,17.4,67.0,,,,0.0,0.0,3.0,
ECMWF,2026-09-16 12:00,2026-09-17 06:00,9,대전,1,15.8,38.0,,,,0.0,0.0,3.0,
ECMWF,2026-09-16 12:00,2026-09-17 09:00,12,대전,1,20.8,77.0,,,,195.0,0.0,3.0,
ECMWF,2026-09-16 12:00,2026-09-17 12:00,15,대전,1,25.3,94.0,,,,631.0,0.0,3.0,
ECMWF,2026-09-16 12:00,2026-09-17 15:00,18,대전,1,26.8,100.0,,,,656.0,0.0,3.0,
ECMWF,2026-09-16 12:00,2026-09-17 18:00,21,대전,1,23.3,100.0,,,,140.0,0.0,3.0,
ECMWF,2026-09-16 12:00,2026-09-17 21:00,24,대전,1,21.5,99.0,,,,2.0,0.0,3.0,
ECMWF,2026-09-16 12:00,2026-09-18 00:00,27,대전,1,20.4,94.0,,,,0.0,0.0,3.0,
ECMWF,2026-09-16 12:00,2026-09-18 03:00,30,대전,1,19.5,66.0,,,,0.0,0.0,3.0,
ECMWF,2026-09-16 12:00,2026-09-18 06:00,33,대전,1,18.7,64.0,,,,0.0,0.0,3.0,
ECMWF,2026-09-16 12:00,2026-09-18 09:00,36,대전,1,22.5,32.0,,,,184.0,0.0,3.0,
ECMWF,2026-09-16 12:00,2026-09-18 12:00,39,대전,1,25.7,80.0,,,,651.0,0.0,3.0,
ECMWF,2026-09-16 12:00,2026-09-18 15:00,42,대전,1,25.6,46.0,,,,592.0,0.0,3.0,
ECMWF,2026-09-16 12:00,2026-09-18 18:00,45,대전,1,23.5,4.0,,,,284.0,0.0,3.0,
ECMWF,2026-09-16 12:00,2026-09-18 21:00,48,대전,1,20.6,2.0,,,,4.0,0.0,3.0,
ECMWF,2026-09-16 12:00,2026-09-19 00:00,51,대전,1,19.0,6.0,,,,0.0,0.0,3.0,
ECMWF,2026-09-16 12:00,2026-09-19 03:00,54,대전,1,17.6,23.0,,,,0.0,0.0,3.0,
ECMWF,2026-09-16 12:00,2026-09-19 06:00,57,대전,1,16.7,6.0,,,,0.0,0.0,3.0,
ECMWF,2026-09-16 12:00,2026-09-19 09:00,60,대전,1,21.6,19.0,,,,185.0,0.0,3.0,
ECMWF,2026-09-16 12:00,2026-09-19 12:00,63,대전,1,26.0,90.0,,,,642.0,0.0,3.0,
ECMWF,2026-09-16 12:00,2026-09-19 15:00,66,대전,1,27.0,42.0,,,,592.0,0.0,3.0,
ECMWF,2026-09-16 12:00,2026-09-19 18:00,69,대전,1,24.7,27.0,,,,288.0,0.0,3.0,
ECMWF,2026-09-16 12:00,2026-09-19 21:00,72,대전,1,21.7,5.0,,,,4.0,0.0,3.0,
ECMWF,2026-09-16 12:00,2026-09-20 00:00,75,대전,1,19.0,0.0,,,,0.0,0.0,3.0,
ECMWF,2026-09-16 12:00,2026-09-20 03:00,78,대전,1,16.9,0.0,,,,0.0,0.0,3.0,
ECMWF,2026-09-16 12:00,2026-09-20 06:00,81,대전,1,15.3,10.0,,,,0.0,0.0,3.0,
ECMWF,2026-09-16 12:00,2026-09-20 09:00,84,대전,1,20.6,22.0,,,,187.0,0.0,3.0,
ECMWF,2026-09-16 12:00,2026-09-20 12:00,87,대전,1,25.3,1.0,,,,687.0,0.0,3.0,
ECMWF,2026-09-16 12:00,2026-09-20 15:00,90,대전,1,26.6,22.0,,,,762.0,0.0,3.0,
ECMWF,2026-09-16 12:00,2026-09-20 18:00,93,대전,1,23.3,1.0,,,,340.0,0.0,3.0,
ECMWF,2026-09-16 12:00,2026-09-20 21:00,96,대전,1,18.5,0.0,,,,4.0,0.0,3.0,
ECMWF,2026-09-16 12:00,2026-09-21 00:00,99,대전,1,16.7,0.0,,,,0.0,0.0,3.0,
ECMWF,2026-09-16 12:00,2026-09-21 03:00,102,대전,1,15.2,85.0,,,,0.0,0.0,3.0,
ECMWF,2026-09-16 12:00,2026-09-21 06:00,105,대전,1,14.3,6.0,,,,0.0,0.0,3.0,
ECMWF,2026-09-16 12:00,2026-09-21 09:00,108,대전,1,20.7,0.0,,,,189.0,0.0,3.0,
ECMWF,2026-09-16 12:00,2026-09-21 12:00,111,대전,1,26.1,11.0,,,,678.0,0.0,3.0,
ECMWF,2026-09-16 12:00,2026-09-21 15:00,114,대전,1,28.0,0.0,,,,750.0,0.0,3.0,
ECMWF,2026-09-16 12:00,2026-09-21 18:00,117,대전,1,24.6,0.0,,,,332.0,0.0,3.0,
ECMWF,2026-09-16 12:00,2026-09-21 21:00,120,대전,1,20.3,5.0,,,,3.0,0.0,3.0,
ECMWF,2026-09-16 12:00,2026-09-22 00:00,123,대전,1,19.4,0.0,,,,0.0,0.0,3.0,
ECMWF,2026-09-16 12:00,2026-09-22 03:00,126,대전,1,18.3,1.0,,,,0.0,0.0,3.0,
ECMWF,2026-09-16 12:00,2026-09-22 06:00,129,대전,1,17.5,19.0,,,,0.0,0.0,3.0,
ECMWF,2026-09-16 12:00,2026-09-22 09:00,132,대전,1,22.2,9.0,,,,184.0,0.0,3.0,
ECMWF,2026-09-16 12:00,2026-09-22 12:00,135,대전,1,26.7,15.0,,,,669.0,0.0,3.0,
ECMWF,2026-09-16 12:00,2026-09-22 15:00,138,대전,1,28.2,22.0,,,,733.0,0.0,3.0,
ECMWF,2026-09-16 12:00,2026-09-22 18:00,141,대전,1,24.4,62.0,,,,300.0,0.0,3.0,
ECMWF,2026-09-16 12:00,2026-09-22 21:00,144,대전,1,19.5,30.0,,,,2.0,0.0,3.0,
ECMWF,2026-09-16 12:00,2026-09-23 03:00,150,대전,1,16.8,1.0,,,,0.0,0.0,6.0,
ECMWF,2026-09-16 12:00,2026-09-23 09:00,156,대전,1,22.1,15.0,,,,90.0,0.0,6.0,
ECMWF,2026-09-16 12:00,2026-09-23 15:00,162,대전,1,26.9,28.0,,,,652.0,0.1,6.0,
ECMWF,2026-09-16 12:00,2026-09-23 21:00,168,대전,1,19.3,9.0,,,,150.0,0.0,6.0,
ECMWF,2026-09-16 12:00,2026-09-24 03:00,174,대전,1,17.0,99.0,,,,0.0,0.0,6.0,
ECMWF,2026-09-16 12:00,2026-09-24 09:00,180,대전,1,21.3,100.0,,,,66.0,0.0,6.0,
ECMWF,2026-09-16 12:00,2026-09-24 15:00,186,대전,1,27.1,18.0,,,,636.0,0.0,6.0,
ECMWF,2026-09-16 12:00,2026-09-24 21:00,192,대전,1,20.2,1.0,,,,159.0,0.0,6.0,
ECMWF,2026-09-16 12:00,2026-09-25 03:00,198,대전,1,16.2,7.0,,,,0.0,0.0,6.0,
ECMWF,2026-09-16 12:00,2026-09-25 09:00,204,대전,1,22.6,94.0,,,,86.0,0.0,6.0,
ECMWF,2026-09-16 12:00,2026-09-25 15:00,210,대전,1,27.3,81.0,,,,620.0,0.0,6.0,
ECMWF,2026-09-16 12:00,2026-09-25 21:00,216,대전,1,19.7,46.0,,,,145.0,0.0,6.0,
ECMWF,2026-09-16 12:00,2026-09-26 03:00,222,대전,1,18.2,94.0,,,,0.0,0.0,6.0,
ECMWF,2026-09-16 12:00,2026-09-26 09:00,228,대전,1,21.0,100.0,,,,42.0,0.3,6.0,
ECMWF,2026-09-16 12:00,2026-09-26 15:00,234,대전,1,23.0,97.0,,,,324.0,0.0,6.0,
ECMWF,2026-09-16 12:00,2026-09-26 21:00,240,대전,1,18.5,64.0,,,,50.0,0.4,6.0,
ECMWF,2026-09-16 12:00,2026-09-16 21:00,0,대구,1,17.6,4.0,,,,,,,
ECMWF,2026-09-16 12:00,2026-09-17 00:00,3,대구,1,16.3,13.0,,,,0.0,0.0,3.0,
ECMWF,2026-09-16 12:00,2026-09-17 03:00,6,대구,1,16.0,95.0,,,,0.0,0.0,3.0,
ECMWF,2026-09-16 12:00,2026-09-17 06:00,9,대구,1,15.5,34.0,,,,0.0,0.0,3.0,
ECMWF,2026-09-16 12:00,2026-09-17 09:00,12,대구,1,21.8,51.0,,,,197.0,0.0,3.0,
ECMWF,2026-09-16 12:00,2026-09-17 12:00,15,대구,1,24.2,53.0,,,,613.0,0.0,3.0,
ECMWF,2026-09-16 12:00,2026-09-17 15:00,18,대구,1,24.3,70.0,,,,687.0,0.0,3.0,
ECMWF,2026-09-16 12:00,2026-09-17 18:00,21,대구,1,21.3,99.0,,,,277.0,0.0,3.0,
ECMWF,2026-09-16 12:00,2026-09-17 21:00,24,대구,1,20.1,100.0,,,,2.0,0.0,3.0,
ECMWF,2026-09-16 12:00,2026-09-18 00:00,27,대구,1,20.1,99.0,,,,0.0,0.0,3.0,
ECMWF,2026-09-16 12:00,2026-09-18 03:00,30,대구,1,19.8,100.0,,,,0.0,0.1,3.0,
ECMWF,2026-09-16 12:00,2026-09-18 06:00,33,대구,1,18.4,100.0,,,,0.0,1.5,3.0,
ECMWF,2026-09-16 12:00,2026-09-18 09:00,36,대구,1,18.7,100.0,,,,33.0,1.2,3.0,
ECMWF,2026-09-16 12:00,2026-09-18 12:00,39,대구,1,19.7,100.0,,,,177.0,2.7,3.0,
ECMWF,2026-09-16 12:00,2026-09-18 15:00,42,대구,1,20.2,98.0,,,,245.0,1.1,3.0,
ECMWF,2026-09-16 12:00,2026-09-18 18:00,45,대구,1,20.0,24.0,,,,156.0,0.1,3.0,
ECMWF,2026-09-16 12:00,2026-09-18 21:00,48,대구,1,17.5,7.0,,,,3.0,0.0,3.0,
ECMWF,2026-09-16 12:00,2026-09-19 00:00,51,대구,1,17.1,11.0,,,,0.0,0.0,3.0,
ECMWF,2026-09-16 12:00,2026-09-19 03:00,54,대구,1,16.6,43.0,,,,0.0,0.0,3.0,
ECMWF,2026-09-16 12:00,2026-09-19 06:00,57,대구,1,16.3,36.0,,,,0.0,0.0,3.0,
ECMWF,2026-09-16 12:00,2026-09-19 09:00,60,대구,1,21.3,67.0,,,,127.0,0.0,3.0,
ECMWF,2026-09-16 12:00,2026-09-19 12:00,63,대구,1,23.9,82.0,,,,325.0,0.0,3.0,
ECMWF,2026-09-16 12:00,2026-09-19 15:00,66,대구,1,25.5,76.0,,,,521.0,0.0,3.0,
ECMWF,2026-09-16 12:00,2026-09-19 18:00,69,대구,1,21.8,2.0,,,,254.0,0.0,3.0,
ECMWF,2026-09-16 12:00,2026-09-19 21:00,72,대구,1,17.5,3.0,,,,2.0,0.0,3.0,
ECMWF,2026-09-16 12:00,2026-09-20 00:00,75,대구,1,15.7,4.0,,,,0.0,0.0,3.0,
ECMWF,2026-09-16 12:00,2026-09-20 03:00,78,대구,1,14.9,16.0,,,,0.0,0.0,3.0,
ECMWF,2026-09-16 12:00,2026-09-20 06:00,81,대구,1,14.7,26.0,,,,0.0,0.0,3.0,
ECMWF,2026-09-16 12:00,2026-09-20 09:00,84,대구,1,20.6,33.0,,,,191.0,0.0,3.0,
ECMWF,2026-09-16 12:00,2026-09-20 12:00,87,대구,1,25.7,61.0,,,,635.0,0.0,3.0,
ECMWF,2026-09-16 12:00,2026-09-20 15:00,90,대구,1,26.3,38.0,,,,677.0,0.0,3.0,
ECMWF,2026-09-16 12:00,2026-09-20 18:00,93,대구,1,21.4,18.0,,,,269.0,0.0,3.0,
ECMWF,2026-09-16 12:00,2026-09-20 21:00,96,대구,1,17.8,3.0,,,,2.0,0.0,3.0,
ECMWF,2026-09-16 12:00,2026-09-21 00:00,99,대구,1,16.1,0.0,,,,0.0,0.0,3.0,
ECMWF,2026-09-16 12:00,2026-09-21 03:00,102,대구,1,14.5,29.0,,,,0.0,0.0,3.0,
ECMWF,2026-09-16 12:00,2026-09-21 06:00,105,대구,1,13.3,26.0,,,,0.0,0.0,3.0,
ECMWF,2026-09-16 12:00,2026-09-21 09:00,108,대구,1,20.1,3.0,,,,187.0,0.0,3.0,
ECMWF,2026-09-16 12:00,2026-09-21 12:00,111,대구,1,25.5,5.0,,,,702.0,0.0,3.0,
ECMWF,2026-09-16 12:00,2026-09-21 15:00,114,대구,1,26.5,4.0,,,,746.0,0.0,3.0,
ECMWF,2026-09-16 12:00,2026-09-21 18:00,117,대구,1,22.1,0.0,,,,305.0,0.0,3.0,
ECMWF,2026-09-16 12:00,2026-09-21 21:00,120,대구,1,17.6,8.0,,,,2.0,0.0,3.0,
ECMWF,2026-09-16 12:00,2026-09-22 00:00,123,대구,1,16.3,5.0,,,,0.0,0.0,3.0,
ECMWF,2026-09-16 12:00,2026-09-22 03:00,126,대구,1,15.3,3.0,,,,0.0,0.0,3.0,
ECMWF,2026-09-16 12:00,2026-09-22 06:00,129,대구,1,13.8,1.0,,,,0.0,0.0,3.0,
ECMWF,2026-09-16 12:00,2026-09-22 09:00,132,대구,1,20.8,2.0,,,,207.0,0.0,3.0,
ECMWF,2026-09-16 12:00,2026-09-22 12:00,135,대구,1,24.4,24.0,,,,699.0,0.0,3.0,
ECMWF,2026-09-16 12:00,2026-09-22 15:00,138,대구,1,24.7,40.0,,,,706.0,0.0,3.0,
ECMWF,2026-09-16 12:00,2026-09-22 18:00,141,대구,1,20.5,10.0,,,,281.0,0.0,3.0,
ECMWF,2026-09-16 12:00,2026-09-22 21:00,144,대구,1,17.2,7.0,,,,2.0,0.0,3.0,
ECMWF,2026-09-16 12:00,2026-09-23 03:00,150,대구,1,15.6,7.0,,,,0.0,0.0,6.0,
ECMWF,2026-09-16 12:00,2026-09-23 09:00,156,대구,1,20.5,60.0,,,,96.0,0.0,6.0,
ECMWF,2026-09-16 12:00,2026-09-23 15:00,162,대구,1,27.7,54.0,,,,641.0,0.0,6.0,
ECMWF,2026-09-16 12:00,2026-09-23 21:00,168,대구,1,19.8,5.0,,,,123.0,0.0,6.0,
ECMWF,2026-09-16 12:00,2026-09-24 03:00,174,대구,1,17.1,82.0,,,,0.0,0.0,6.0,
ECMWF,2026-09-16 12:00,2026-09-24 09:00,180,대구,1,21.4,96.0,,,,94.0,0.0,6.0,
ECMWF,2026-09-16 12:00,2026-09-24 15:00,186,대구,1,27.4,72.0,,,,606.0,0.0,6.0,
ECMWF,2026-09-16 12:00,2026-09-24 21:00,192,대구,1,19.4,25.0,,,,135.0,0.0,6.0,
ECMWF,2026-09-16 12:00,2026-09-25 03:00,198,대구,1,17.8,70.0,,,,0.0,0.0,6.0,
ECMWF,2026-09-16 12:00,2026-09-25 09:00,204,대구,1,20.7,75.0,,,,61.0,0.0,6.0,
ECMWF,2026-09-16 12:00,2026-09-25 15:00,210,대구,1,28.6,89.0,,,,632.0,0.0,6.0,
ECMWF,2026-09-16 12:00,2026-09-25 21:00,216,대구,1,22.0,80.0,,,,114.0,0.0,6.0,
ECMWF,2026-09-16 12:00,2026-09-26 03:00,222,대구,1,18.6,72.0,,,,0.0,0.0,6.0,
ECMWF,2026-09-16 12:00,2026-09-26 09:00,228,대구,1,21.8,100.0,,,,37.0,0.0,6.0,
ECMWF,2026-09-16 12:00,2026-09-26 15:00,234,대구,1,24.5,100.0,,,,239.0,0.0,6.0,
ECMWF,2026-09-16 12:00,2026-09-26 21:00,240,대구,1,19.7,88.0,,,,49.0,0.3,6.0,
ECMWF,2026-09-16 12:00,2026-09-16 21:00,0,광주,1,22.6,59.0,,,,,,,
ECMWF,2026-09-16 12:00,2026-09-17 00:00,3,광주,1,19.2,73.0,,,,0.0,0.0,3.0,
ECMWF,2026-09-16 12:00,2026-09-17 03:00,6,광주,1,17.0,34.0,,,,0.0,0.0,3.0,
ECMWF,2026-09-16 12:00,2026-09-17 06:00,9,광주,1,15.1,83.0,,,,0.0,0.0,3.0,
ECMWF,2026-09-16 12:00,2026-09-17 09:00,12,광주,1,20.9,92.0,,,,158.0,0.0,3.0,
ECMWF,2026-09-16 12:00,2026-09-17 12:00,15,광주,1,25.8,95.0,,,,508.0,0.0,3.0,
ECMWF,2026-09-16 12:00,2026-09-17 15:00,18,광주,1,27.9,97.0,,,,497.0,0.0,3.0,
ECMWF,2026-09-16 12:00,2026-09-17 18:00,21,광주,1,25.4,98.0,,,,183.0,0.0,3.0,
ECMWF,2026-09-16 12:00,2026-09-17 21:00,24,광주,1,22.9,95.0,,,,3.0,0.0,3.0,
ECMWF,2026-09-16 12:00,2026-09-18 00:00,27,광주,1,21.0,100.0,,,,0.0,0.0,3.0,
ECMWF,2026-09-16 12:00,2026-09-18 03:00,30,광주,1,19.6,100.0,,,,0.0,0.0,3.0,
ECMWF,2026-09-16 12:00,2026-09-18 06:00,33,광주,1,18.6,99.0,,,,0.0,1.2,3.0,
ECMWF,2026-09-16 12:00,2026-09-18 09:00,36,광주,1,19.1,97.0,,,,49.0,4.7,3.0,
ECMWF,2026-09-16 12:00,2026-09-18 12:00,39,광주,1,21.8,100.0,,,,233.0,0.0,3.0,
ECMWF,2026-09-16 12:00,2026-09-18 15:00,42,광주,1,23.8,37.0,,,,305.0,0.0,3.0,
ECMWF,2026-09-16 12:00,2026-09-18 18:00,45,광주,1,22.9,8.0,,,,320.0,0.0,3.0,
ECMWF,2026-09-16 12:00,2026-09-18 21:00,48,광주,1,19.6,3.0,,,,4.0,0.0,3.0,
ECMWF,2026-09-16 12:00,2026-09-19 00:00,51,광주,1,18.4,2.0,,,,0.0,0.0,3.0,
ECMWF,2026-09-16 12:00,2026-09-19 03:00,54,광주,1,17.5,27.0,,,,0.0,0.0,3.0,
ECMWF,2026-09-16 12:00,2026-09-19 06:00,57,광주,1,16.8,64.0,,,,0.0,0.0,3.0,
ECMWF,2026-09-16 12:00,2026-09-19 09:00,60,광주,1,22.0,13.0,,,,192.0,0.0,3.0,
ECMWF,2026-09-16 12:00,2026-09-19 12:00,63,광주,1,27.2,28.0,,,,683.0,0.0,3.0,
ECMWF,2026-09-16 12:00,2026-09-19 15:00,66,광주,1,28.2,60.0,,,,637.0,0.0,3.0,
ECMWF,2026-09-16 12:00,2026-09-19 18:00,69,광주,1,25.9,46.0,,,,272.0,0.0,3.0,
ECMWF,2026-09-16 12:00,2026-09-19 21:00,72,광주,1,21.4,9.0,,,,3.0,0.0,3.0,
ECMWF,2026-09-16 12:00,2026-09-20 00:00,75,광주,1,19.3,0.0,,,,0.0,0.0,3.0,
ECMWF,2026-09-16 12:00,2026-09-20 03:00,78,광주,1,17.4,6.0,,,,0.0,0.0,3.0,
ECMWF,2026-09-16 12:00,2026-09-20 06:00,81,광주,1,16.3,11.0,,,,0.0,0.0,3.0,
ECMWF,2026-09-16 12:00,2026-09-20 09:00,84,광주,1,22.8,15.0,,,,198.0,0.0,3.0,
ECMWF,2026-09-16 12:00,2026-09-20 12:00,87,광주,1,27.3,0.0,,,,701.0,0.0,3.0,
ECMWF,2026-09-16 12:00,2026-09-20 15:00,90,광주,1,28.6,0.0,,,,790.0,0.0,3.0,
ECMWF,2026-09-16 12:00,2026-09-20 18:00,93,광주,1,24.4,1.0,,,,352.0,0.0,3.0,
ECMWF,2026-09-16 12:00,2026-09-20 21:00,96,광주,1,19.6,0.0,,,,4.0,0.0,3.0,
ECMWF,2026-09-16 12:00,2026-09-21 00:00,99,광주,1,18.0,27.0,,,,0.0,0.0,3.0,
ECMWF,2026-09-16 12:00,2026-09-21 03:00,102,광주,1,16.5,1.0,,,,0.0,0.0,3.0,
ECMWF,2026-09-16 12:00,2026-09-21 06:00,105,광주,1,15.4,0.0,,,,0.0,0.0,3.0,
ECMWF,2026-09-16 12:00,2026-09-21 09:00,108,광주,1,22.3,0.0,,,,195.0,0.0,3.0,
ECMWF,2026-09-16 12:00,2026-09-21 12:00,111,광주,1,27.7,0.0,,,,699.0,0.0,3.0,
ECMWF,2026-09-16 12:00,2026-09-21 15:00,114,광주,1,29.1,0.0,,,,770.0,0.0,3.0,
ECMWF,2026-09-16 12:00,2026-09-21 18:00,117,광주,1,25.4,1.0,,,,340.0,0.0,3.0,
ECMWF,2026-09-16 12:00,2026-09-21 21:00,120,광주,1,21.0,4.0,,,,4.0,0.0,3.0,
ECMWF,2026-09-16 12:00,2026-09-22 00:00,123,광주,1,18.5,1.0,,,,0.0,0.0,3.0,
ECMWF,2026-09-16 12:00,2026-09-22 03:00,126,광주,1,17.6,1.0,,,,0.0,0.0,3.0,
ECMWF,2026-09-16 12:00,2026-09-22 06:00,129,광주,1,16.4,1.0,,,,0.0,0.0,3.0,
ECMWF,2026-09-16 12:00,2026-09-22 09:00,132,광주,1,22.6,0.0,,,,186.0,0.0,3.0,
ECMWF,2026-09-16 12:00,2026-09-22 12:00,135,광주,1,27.8,1.0,,,,684.0,0.0,3.0,
ECMWF,2026-09-16 12:00,2026-09-22 15:00,138,광주,1,29.0,22.0,,,,744.0,0.0,3.0,
ECMWF,2026-09-16 12:00,2026-09-22 18:00,141,광주,1,26.9,25.0,,,,284.0,0.0,3.0,
ECMWF,2026-09-16 12:00,2026-09-22 21:00,144,광주,1,21.7,37.0,,,,3.0,0.0,3.0,
ECMWF,2026-09-16 12:00,2026-09-23 03:00,150,광주,1,17.7,3.0,,,,0.0,0.0,6.0,
ECMWF,2026-09-16 12:00,2026-09-23 09:00,156,광주,1,21.4,97.0,,,,43.0,0.0,6.0,
ECMWF,2026-09-16 12:00,2026-09-23 15:00,162,광주,1,26.7,34.0,,,,428.0,0.0,6.0,
ECMWF,2026-09-16 12:00,2026-09-23 21:00,168,광주,1,20.4,1.0,,,,138.0,0.0,6.0,
ECMWF,2026-09-16 12:00,2026-09-24 03:00,174,광주,1,16.8,99.0,,,,0.0,0.0,6.0,
ECMWF,2026-09-16 12:00,2026-09-24 09:00,180,광주,1,22.5,96.0,,,,74.0,0.0,6.0,
ECMWF,2026-09-16 12:00,2026-09-24 15:00,186,광주,1,28.3,95.0,,,,539.0,0.0,6.0,
ECMWF,2026-09-16 12:00,2026-09-24 21:00,192,광주,1,21.3,5.0,,,,131.0,0.0,6.0,
ECMWF,2026-09-16 12:00,2026-09-25 03:00,198,광주,1,16.7,1.0,,,,0.0,0.0,6.0,
ECMWF,2026-09-16 12:00,2026-09-25 09:00,204,광주,1,23.9,100.0,,,,86.0,0.0,6.0,
ECMWF,2026-09-16 12:00,2026-09-25 15:00,210,광주,1,28.9,100.0,,,,513.0,0.0,6.0,
ECMWF,2026-09-16 12:00,2026-09-25 21:00,216,광주,1,21.3,26.0,,,,95.0,0.0,6.0,
ECMWF,2026-09-16 12:00,2026-09-26 03:00,222,광주,1,19.6,99.0,,,,0.0,0.0,6.0,
ECMWF,2026-09-16 12:00,2026-09-26 09:00,228,광주,1,22.2,100.0,,,,29.0,0.0,6.0,
ECMWF,2026-09-16 12:00,2026-09-26 15:00,234,광주,1,20.5,100.0,,,,165.0,5.1,6.0,
ECMWF,2026-09-16 12:00,2026-09-26 21:00,240,광주,1,18.8,88.0,,,,45.0,7.0,6.0,
ECMWF,2026-09-16 12:00,2026-09-16 21:00,0,부산,1,24.0,6.0,,,,,,,
ECMWF,2026-09-16 12:00,2026-09-17 00:00,3,부산,1,24.0,27.0,,,,0.0,0.0,3.0,
ECMWF,2026-09-16 12:00,2026-09-17 03:00,6,부산,1,24.0,61.0,,,,0.0,0.0,3.0,
ECMWF,2026-09-16 12:00,2026-09-17 06:00,9,부산,1,24.3,77.0,,,,0.0,0.0,3.0,
ECMWF,2026-09-16 12:00,2026-09-17 09:00,12,부산,1,24.2,97.0,,,,192.0,0.0,3.0,
ECMWF,2026-09-16 12:00,2026-09-17 12:00,15,부산,1,24.8,93.0,,,,600.0,0.0,3.0,
ECMWF,2026-09-16 12:00,2026-09-17 15:00,18,부산,1,24.8,62.0,,,,664.0,0.0,3.0,
ECMWF,2026-09-16 12:00,2026-09-17 18:00,21,부산,1,24.9,99.0,,,,268.0,0.0,3.0,
ECMWF,2026-09-16 12:00,2026-09-17 21:00,24,부산,1,25.3,99.0,,,,1.0,0.0,3.0,
ECMWF,2026-09-16 12:00,2026-09-18 00:00,27,부산,1,25.1,100.0,,,,0.0,0.0,3.0,
ECMWF,2026-09-16 12:00,2026-09-18 03:00,30,부산,1,25.0,100.0,,,,0.0,0.0,3.0,
ECMWF,2026-09-16 12:00,2026-09-18 06:00,33,부산,1,24.6,100.0,,,,0.0,0.4,3.0,
ECMWF,2026-09-16 12:00,2026-09-18 09:00,36,부산,1,23.5,100.0,,,,34.0,5.9,3.0,
ECMWF,2026-09-16 12:00,2026-09-18 12:00,39,부산,1,23.4,100.0,,,,143.0,4.3,3.0,
ECMWF,2026-09-16 12:00,2026-09-18 15:00,42,부산,1,23.0,100.0,,,,109.0,6.9,3.0,
ECMWF,2026-09-16 12:00,2026-09-18 18:00,45,부산,1,22.5,99.0,,,,54.0,4.7,3.0,
ECMWF,2026-09-16 12:00,2026-09-18 21:00,48,부산,1,23.0,47.0,,,,0.0,1.0,3.0,
ECMWF,2026-09-16 12:00,2026-09-19 00:00,51,부산,1,23.5,49.0,,,,0.0,0.0,3.0,
ECMWF,2026-09-16 12:00,2026-09-19 03:00,54,부산,1,23.6,71.0,,,,0.0,0.0,3.0,
ECMWF,2026-09-16 12:00,2026-09-19 06:00,57,부산,1,23.3,68.0,,,,0.0,0.0,3.0,
ECMWF,2026-09-16 12:00,2026-09-19 09:00,60,부산,1,24.0,56.0,,,,169.0,0.0,3.0,
ECMWF,2026-09-16 12:00,2026-09-19 12:00,63,부산,1,24.7,56.0,,,,536.0,0.0,3.0,
ECMWF,2026-09-16 12:00,2026-09-19 15:00,66,부산,1,25.2,52.0,,,,679.0,0.0,3.0,
ECMWF,2026-09-16 12:00,2026-09-19 18:00,69,부산,1,24.3,30.0,,,,285.0,0.0,3.0,
ECMWF,2026-09-16 12:00,2026-09-19 21:00,72,부산,1,23.2,49.0,,,,2.0,0.0,3.0,
ECMWF,2026-09-16 12:00,2026-09-20 00:00,75,부산,1,22.8,27.0,,,,0.0,0.0,3.0,
ECMWF,2026-09-16 12:00,2026-09-20 03:00,78,부산,1,22.1,31.0,,,,0.0,0.0,3.0,
ECMWF,2026-09-16 12:00,2026-09-20 06:00,81,부산,1,21.6,20.0,,,,0.0,0.0,3.0,
ECMWF,2026-09-16 12:00,2026-09-20 09:00,84,부산,1,22.9,18.0,,,,194.0,0.0,3.0,
ECMWF,2026-09-16 12:00,2026-09-20 12:00,87,부산,1,25.2,62.0,,,,616.0,0.0,3.0,
ECMWF,2026-09-16 12:00,2026-09-20 15:00,90,부산,1,25.4,61.0,,,,640.0,0.0,3.0,
ECMWF,2026-09-16 12:00,2026-09-20 18:00,93,부산,1,24.4,16.0,,,,229.0,0.0,3.0,
ECMWF,2026-09-16 12:00,2026-09-20 21:00,96,부산,1,23.0,16.0,,,,2.0,0.0,3.0,
ECMWF,2026-09-16 12:00,2026-09-21 00:00,99,부산,1,22.0,2.0,,,,0.0,0.0,3.0,
ECMWF,2026-09-16 12:00,2026-09-21 03:00,102,부산,1,20.9,2.0,,,,0.0,0.0,3.0,
ECMWF,2026-09-16 12:00,2026-09-21 06:00,105,부산,1,20.2,14.0,,,,0.0,0.0,3.0,
ECMWF,2026-09-16 12:00,2026-09-21 09:00,108,부산,1,22.0,3.0,,,,213.0,0.0,3.0,
ECMWF,2026-09-16 12:00,2026-09-21 12:00,111,부산,1,24.5,6.0,,,,706.0,0.0,3.0,
ECMWF,2026-09-16 12:00,2026-09-21 15:00,114,부산,1,25.2,5.0,,,,749.0,0.0,3.0,
ECMWF,2026-09-16 12:00,2026-09-21 18:00,117,부산,1,24.3,13.0,,,,311.0,0.0,3.0,
ECMWF,2026-09-16 12:00,2026-09-21 21:00,120,부산,1,23.2,15.0,,,,2.0,0.0,3.0,
ECMWF,2026-09-16 12:00,2026-09-22 00:00,123,부산,1,23.0,18.0,,,,0.0,0.0,3.0,
ECMWF,2026-09-16 12:00,2026-09-22 03:00,126,부산,1,22.7,5.0,,,,0.0,0.0,3.0,
ECMWF,2026-09-16 12:00,2026-09-22 06:00,129,부산,1,21.5,0.0,,,,0.0,0.0,3.0,
ECMWF,2026-09-16 12:00,2026-09-22 09:00,132,부산,1,23.2,0.0,,,,210.0,0.0,3.0,
ECMWF,2026-09-16 12:00,2026-09-22 12:00,135,부산,1,23.7,0.0,,,,702.0,0.0,3.0,
ECMWF,2026-09-16 12:00,2026-09-22 15:00,138,부산,1,23.7,5.0,,,,754.0,0.0,3.0,
ECMWF,2026-09-16 12:00,2026-09-22 18:00,141,부산,1,23.3,1.0,,,,310.0,0.0,3.0,
ECMWF,2026-09-16 12:00,2026-09-22 21:00,144,부산,1,23.0,1.0,,,,1.0,0.0,3.0,
ECMWF,2026-09-16 12:00,2026-09-23 03:00,150,부산,1,21.4,4.0,,,,0.0,0.0,6.0,
ECMWF,2026-09-16 12:00,2026-09-23 09:00,156,부산,1,22.3,87.0,,,,96.0,0.0,6.0,
ECMWF,2026-09-16 12:00,2026-09-23 15:00,162,부산,1,23.0,92.0,,,,353.0,0.2,6.0,
ECMWF,2026-09-16 12:00,2026-09-23 21:00,168,부산,1,23.7,42.0,,,,53.0,0.0,6.0,
ECMWF,2026-09-16 12:00,2026-09-24 03:00,174,부산,1,22.1,25.0,,,,0.0,0.0,6.0,
ECMWF,2026-09-16 12:00,2026-09-24 09:00,180,부산,1,22.5,75.0,,,,78.0,0.0,6.0,
ECMWF,2026-09-16 12:00,2026-09-24 15:00,186,부산,1,24.4,98.0,,,,596.0,0.0,6.0,
ECMWF,2026-09-16 12:00,2026-09-24 21:00,192,부산,1,24.3,4.0,,,,109.0,0.0,6.0,
ECMWF,2026-09-16 12:00,2026-09-25 03:00,198,부산,1,21.7,29.0,,,,0.0,0.0,6.0,
ECMWF,2026-09-16 12:00,2026-09-25 09:00,204,부산,1,22.4,54.0,,,,92.0,0.0,6.0,
ECMWF,2026-09-16 12:00,2026-09-25 15:00,210,부산,1,23.7,98.0,,,,578.0,0.0,6.0,
ECMWF,2026-09-16 12:00,2026-09-25 21:00,216,부산,1,24.6,50.0,,,,100.0,0.0,6.0,
ECMWF,2026-09-16 12:00,2026-09-26 03:00,222,부산,1,23.4,93.0,,,,0.0,0.0,6.0,
ECMWF,2026-09-16 12:00,2026-09-26 09:00,228,부산,1,23.6,100.0,,,,46.0,0.0,6.0,
ECMWF,2026-09-16 12:00,2026-09-26 15:00,234,부산,1,24.1,100.0,,,,300.0,0.0,6.0,
ECMWF,2026-09-16 12:00,2026-09-26 21:00,240,부산,1,22.3,99.0,,,,32.0,4.4,6.0,
ECMWF,2026-09-16 12:00,2026-09-16 21:00,0,인천,0,22.9,0.0,,,,,,,
ECMWF,2026-09-16 12:00,2026-09-17 00:00,3,인천,0,21.2,65.0,,,,0.0,0.0,3.0,
ECMWF,2026-09-16 12:00,2026-09-17 03:00,6,인천,0,19.2,18.0,,,,0.0,0.0,3.0,
ECMWF,2026-09-16 12:00,2026-09-17 06:00,9,인천,0,17.8,59.0,,,,0.0,0.0,3.0,
ECMWF,2026-09-16 12:00,2026-09-17 09:00,12,인천,0,22.2,81.0,,,,189.0,0.0,3.0,
ECMWF,2026-09-16 12:00,2026-09-17 12:00,15,인천,0,26.5,97.0,,,,619.0,0.0,3.0,
ECMWF,2026-09-16 12:00,2026-09-17 15:00,18,인천,0,27.4,99.0,,,,573.0,0.0,3.0,
ECMWF,2026-09-16 12:00,2026-09-17 18:00,21,인천,0,26.8,100.0,,,,209.0,0.0,3.0,
ECMWF,2026-09-16 12:00,2026-09-17 21:00,24,인천,0,23.6,100.0,,,,3.0,0.0,3.0,
ECMWF,2026-09-16 12:00,2026-09-18 00:00,27,인천,0,21.3,100.0,,,,0.0,0.0,3.0,
ECMWF,2026-09-16 12:00,2026-09-18 03:00,30,인천,0,20.4,97.0,,,,0.0,0.0,3.0,
ECMWF,2026-09-16 12:00,2026-09-18 06:00,33,인천,0,19.9,90.0,,,,0.0,0.0,3.0,
ECMWF,2026-09-16 12:00,2026-09-18 09:00,36,인천,0,22.7,22.0,,,,130.0,0.0,3.0,
ECMWF,2026-09-16 12:00,2026-09-18 12:00,39,인천,0,27.5,26.0,,,,659.0,0.0,3.0,
ECMWF,2026-09-16 12:00,2026-09-18 15:00,42,인천,0,29.2,59.0,,,,583.0,0.0,3.0,
ECMWF,2026-09-16 12:00,2026-09-18 18:00,45,인천,0,26.9,31.0,,,,254.0,0.0,3.0,
ECMWF,2026-09-16 12:00,2026-09-18 21:00,48,인천,0,22.9,15.0,,,,4.0,0.0,3.0,
ECMWF,2026-09-16 12:00,2026-09-19 00:00,51,인천,0,20.7,86.0,,,,0.0,0.0,3.0,
ECMWF,2026-09-16 12:00,2026-09-19 03:00,54,인천,0,19.1,35.0,,,,0.0,0.0,3.0,
ECMWF,2026-09-16 12:00,2026-09-19 06:00,57,인천,0,17.8,36.0,,,,0.0,0.0,3.0,
ECMWF,2026-09-16 12:00,2026-09-19 09:00,60,인천,0,22.2,48.0,,,,179.0,0.0,3.0,
ECMWF,2026-09-16 12:00,2026-09-19 12:00,63,인천,0,27.3,1.0,,,,648.0,0.0,3.0,
ECMWF,2026-09-16 12:00,2026-09-19 15:00,66,인천,0,29.0,7.0,,,,741.0,0.0,3.0,
ECMWF,2026-09-16 12:00,2026-09-19 18:00,69,인천,0,27.1,8.0,,,,331.0,0.0,3.0,
ECMWF,2026-09-16 12:00,2026-09-19 21:00,72,인천,0,22.9,1.0,,,,5.0,0.0,3.0,
ECMWF,2026-09-16 12:00,2026-09-20 00:00,75,인천,0,20.2,28.0,,,,0.0,0.0,3.0,
ECMWF,2026-09-16 12:00,2026-09-20 03:00,78,인천,0,17.8,11.0,,,,0.0,0.0,3.0,
ECMWF,2026-09-16 12:00,2026-09-20 06:00,81,인천,0,16.5,87.0,,,,0.0,0.0,3.0,
ECMWF,2026-09-16 12:00,2026-09-20 09:00,84,인천,0,20.9,25.0,,,,167.0,0.0,3.0,
ECMWF,2026-09-16 12:00,2026-09-20 12:00,87,인천,0,26.5,57.0,,,,669.0,0.0,3.0,
ECMWF,2026-09-16 12:00,2026-09-20 15:00,90,인천,0,28.1,40.0,,,,733.0,0.0,3.0,
ECMWF,2026-09-16 12:00,2026-09-20 18:00,93,인천,0,26.1,14.0,,,,321.0,0.0,3.0,
ECMWF,2026-09-16 12:00,2026-09-20 21:00,96,인천,0,22.5,5.0,,,,4.0,0.0,3.0,
ECMWF,2026-09-16 12:00,2026-09-21 00:00,99,인천,0,19.6,36.0,,,,0.0,0.0,3.0,
ECMWF,2026-09-16 12:00,2026-09-21 03:00,102,인천,0,18.0,17.0,,,,0.0,0.0,3.0,
ECMWF,2026-09-16 12:00,2026-09-21 06:00,105,인천,0,16.9,53.0,,,,0.0,0.0,3.0,
ECMWF,2026-09-16 12:00,2026-09-21 09:00,108,인천,0,21.5,5.0,,,,176.0,0.0,3.0,
ECMWF,2026-09-16 12:00,2026-09-21 12:00,111,인천,0,27.9,18.0,,,,663.0,0.0,3.0,
ECMWF,2026-09-16 12:00,2026-09-21 15:00,114,인천,0,30.1,11.0,,,,744.0,0.0,3.0,
ECMWF,2026-09-16 12:00,2026-09-21 18:00,117,인천,0,28.3,49.0,,,,327.0,0.0,3.0,
ECMWF,2026-09-16 12:00,2026-09-21 21:00,120,인천,0,25.3,64.0,,,,3.0,0.0,3.0,
ECMWF,2026-09-16 12:00,2026-09-22 00:00,123,인천,0,22.5,78.0,,,,0.0,0.0,3.0,
ECMWF,2026-09-16 12:00,2026-09-22 03:00,126,인천,0,21.0,44.0,,,,0.0,0.0,3.0,
ECMWF,2026-09-16 12:00,2026-09-22 06:00,129,인천,0,19.5,18.0,,,,0.0,0.0,3.0,
ECMWF,2026-09-16 12:00,2026-09-22 09:00,132,인천,0,22.8,0.0,,,,174.0,0.0,3.0,
ECMWF,2026-09-16 12:00,2026-09-22 12:00,135,인천,0,27.6,36.0,,,,652.0,0.0,3.0,
ECMWF,2026-09-16 12:00,2026-09-22 15:00,138,인천,0,29.4,59.0,,,,697.0,0.0,3.0,
ECMWF,2026-09-16 12:00,2026-09-22 18:00,141,인천,0,24.5,9.0,,,,280.0,0.0,3.0,
ECMWF,2026-09-16 12:00,2026-09-22 21:00,144,인천,0,22.3,12.0,,,,3.0,0.0,3.0,
ECMWF,2026-09-16 12:00,2026-09-23 03:00,150,인천,0,19.8,31.0,,,,0.0,0.0,6.0,
ECMWF,2026-09-16 12:00,2026-09-23 09:00,156,인천,0,22.4,55.0,,,,72.0,0.1,6.0,
ECMWF,2026-09-16 12:00,2026-09-23 15:00,162,인천,0,25.4,14.0,,,,541.0,2.1,6.0,
ECMWF,2026-09-16 12:00,2026-09-23 21:00,168,인천,0,21.4,2.0,,,,140.0,0.2,6.0,
ECMWF,2026-09-16 12:00,2026-09-24 03:00,174,인천,0,19.9,75.0,,,,0.0,0.0,6.0,
ECMWF,2026-09-16 12:00,2026-09-24 09:00,180,인천,0,20.3,100.0,,,,47.0,0.0,6.0,
ECMWF,2026-09-16 12:00,2026-09-24 15:00,186,인천,0,26.8,69.0,,,,576.0,0.0,6.0,
ECMWF,2026-09-16 12:00,2026-09-24 21:00,192,인천,0,21.6,10.0,,,,147.0,0.0,6.0,
ECMWF,2026-09-16 12:00,2026-09-25 03:00,198,인천,0,18.5,46.0,,,,0.0,0.0,6.0,
ECMWF,2026-09-16 12:00,2026-09-25 09:00,204,인천,0,21.7,100.0,,,,65.0,0.0,6.0,
ECMWF,2026-09-16 12:00,2026-09-25 15:00,210,인천,0,26.7,45.0,,,,573.0,0.0,6.0,
ECMWF,2026-09-16 12:00,2026-09-25 21:00,216,인천,0,21.0,100.0,,,,144.0,0.0,6.0,
ECMWF,2026-09-16 12:00,2026-09-26 03:00,222,인천,0,19.1,99.0,,,,0.0,0.0,6.0,
ECMWF,2026-09-16 12:00,2026-09-26 09:00,228,인천,0,20.4,97.0,,,,23.0,0.0,6.0,
ECMWF,2026-09-16 12:00,2026-09-26 15:00,234,인천,0,25.9,7.0,,,,341.0,0.0,6.0,
ECMWF,2026-09-16 12:00,2026-09-26 21:00,240,인천,0,22.0,64.0,,,,148.0,0.0,6.0,
ECMWF,2026-09-16 12:00,2026-09-16 21:00,0,수원,0,20.8,0.0,,,,,,,
ECMWF,2026-09-16 12:00,2026-09-17 00:00,3,수원,0,19.1,39.0,,,,0.0,0.0,3.0,
ECMWF,2026-09-16 12:00,2026-09-17 03:00,6,수원,0,17.5,23.0,,,,0.0,0.0,3.0,
ECMWF,2026-09-16 12:00,2026-09-17 06:00,9,수원,0,16.4,67.0,,,,0.0,0.0,3.0,
ECMWF,2026-09-16 12:00,2026-09-17 09:00,12,수원,0,21.8,74.0,,,,193.0,0.0,3.0,
ECMWF,2026-09-16 12:00,2026-09-17 12:00,15,수원,0,25.2,98.0,,,,645.0,0.0,3.0,
ECMWF,2026-09-16 12:00,2026-09-17 15:00,18,수원,0,26.3,100.0,,,,576.0,0.0,3.0,
ECMWF,2026-09-16 12:00,2026-09-17 18:00,21,수원,0,24.5,100.0,,,,223.0,0.0,3.0,
ECMWF,2026-09-16 12:00,2026-09-17 21:00,24,수원,0,21.8,100.0,,,,3.0,0.0,3.0,
ECMWF,2026-09-16 12:00,2026-09-18 00:00,27,수원,0,19.9,95.0,,,,0.0,0.0,3.0,
ECMWF,2026-09-16 12:00,2026-09-18 03:00,30,수원,0,19.7,95.0,,,,0.0,0.0,3.0,
ECMWF,2026-09-16 12:00,2026-09-18 06:00,33,수원,0,19.0,60.0,,,,0.0,0.0,3.0,
ECMWF,2026-09-16 12:00,2026-09-18 09:00,36,수원,0,22.9,13.0,,,,175.0,0.0,3.0,
ECMWF,2026-09-16 12:00,2026-09-18 12:00,39,수원,0,26.6,62.0,,,,643.0,0.0,3.0,
ECMWF,2026-09-16 12:00,2026-09-18 15:00,42,수원,0,28.0,75.0,,,,470.0,0.0,3.0,
ECMWF,2026-09-16 12:00,2026-09-18 18:00,45,수원,0,25.6,33.0,,,,247.0,0.0,3.0,
ECMWF,2026-09-16 12:00,2026-09-18 21:00,48,수원,0,21.8,5.0,,,,4.0,0.0,3.0,
ECMWF,2026-09-16 12:00,2026-09-19 00:00,51,수원,0,19.5,51.0,,,,0.0,0.0,3.0,
ECMWF,2026-09-16 12:00,2026-09-19 03:00,54,수원,0,18.5,60.0,,,,0.0,0.0,3.0,
ECMWF,2026-09-16 12:00,2026-09-19 06:00,57,수원,0,17.5,8.0,,,,0.0,0.0,3.0,
ECMWF,2026-09-16 12:00,2026-09-19 09:00,60,수원,0,22.2,27.0,,,,182.0,0.0,3.0,
ECMWF,2026-09-16 12:00,2026-09-19 12:00,63,수원,0,26.6,20.0,,,,638.0,0.0,3.0,
ECMWF,2026-09-16 12:00,2026-09-19 15:00,66,수원,0,28.6,11.0,,,,741.0,0.0,3.0,
ECMWF,2026-09-16 12:00,2026-09-19 18:00,69,수원,0,26.1,14.0,,,,309.0,0.0,3.0,
ECMWF,2026-09-16 12:00,2026-09-19 21:00,72,수원,0,21.4,1.0,,,,4.0,0.0,3.0,
ECMWF,2026-09-16 12:00,2026-09-20 00:00,75,수원,0,18.7,20.0,,,,0.0,0.0,3.0,
ECMWF,2026-09-16 12:00,2026-09-20 03:00,78,수원,0,16.6,3.0,,,,0.0,0.0,3.0,
ECMWF,2026-09-16 12:00,2026-09-20 06:00,81,수원,0,15.4,53.0,,,,0.0,0.0,3.0,
ECMWF,2026-09-16 12:00,2026-09-20 09:00,84,수원,0,20.8,26.0,,,,173.0,0.0,3.0,
ECMWF,2026-09-16 12:00,2026-09-20 12:00,87,수원,0,25.9,19.0,,,,670.0,0.0,3.0,
ECMWF,2026-09-16 12:00,2026-09-20 15:00,90,수원,0,28.2,32.0,,,,752.0,0.0,3.0,
ECMWF,2026-09-16 12:00,2026-09-20 18:00,93,수원,0,25.7,18.0,,,,334.0,0.0,3.0,
ECMWF,2026-09-16 12:00,2026-09-20 21:00,96,수원,0,21.5,3.0,,,,4.0,0.0,3.0,
ECMWF,2026-09-16 12:00,2026-09-21 00:00,99,수원,0,19.5,10.0,,,,0.0,0.0,3.0,
ECMWF,2026-09-16 12:00,2026-09-21 03:00,102,수원,0,17.8,39.0,,,,0.0,0.0,3.0,
ECMWF,2026-09-16 12:00,2026-09-21 06:00,105,수원,0,16.5,26.0,,,,0.0,0.0,3.0,
ECMWF,2026-09-16 12:00,2026-09-21 09:00,108,수원,0,21.5,2.0,,,,182.0,0.0,3.0,
ECMWF,2026-09-16 12:00,2026-09-21 12:00,111,수원,0,27.4,53.0,,,,668.0,0.0,3.0,
ECMWF,2026-09-16 12:00,2026-09-21 15:00,114,수원,0,29.3,2.0,,,,740.0,0.0,3.0,
ECMWF,2026-09-16 12:00,2026-09-21 18:00,117,수원,0,25.0,27.0,,,,323.0,0.0,3.0,
ECMWF,2026-09-16 12:00,2026-09-21 21:00,120,수원,0,22.1,41.0,,,,3.0,0.0,3.0,
ECMWF,2026-09-16 12:00,2026-09-22 00:00,123,수원,0,20.9,58.0,,,,0.0,0.0,3.0,
ECMWF,2026-09-16 12:00,2026-09-22 03:00,126,수원,0,18.9,40.0,,,,0.0,0.0,3.0,
ECMWF,2026-09-16 12:00,2026-09-22 06:00,129,수원,0,17.8,47.0,,,,0.0,0.0,3.0,
ECMWF,2026-09-16 12:00,2026-09-22 09:00,132,수원,0,22.0,1.0,,,,177.0,0.0,3.0,
ECMWF,2026-09-16 12:00,2026-09-22 12:00,135,수원,0,26.5,6.0,,,,658.0,0.0,3.0,
ECMWF,2026-09-16 12:00,2026-09-22 15:00,138,수원,0,28.0,63.0,,,,724.0,0.0,3.0,
ECMWF,2026-09-16 12:00,2026-09-22 18:00,141,수원,0,24.7,30.0,,,,294.0,0.0,3.0,
ECMWF,2026-09-16 12:00,2026-09-22 21:00,144,수원,0,21.5,9.0,,,,2.0,0.0,3.0,
ECMWF,2026-09-16 12:00,2026-09-23 03:00,150,수원,0,18.5,3.0,,,,0.0,0.0,6.0,
ECMWF,2026-09-16 12:00,2026-09-23 09:00,156,수원,0,21.6,14.0,,,,81.0,0.0,6.0,
ECMWF,2026-09-16 12:00,2026-09-23 15:00,162,수원,0,24.9,22.0,,,,549.0,2.8,6.0,
ECMWF,2026-09-16 12:00,2026-09-23 21:00,168,수원,0,20.4,7.0,,,,144.0,0.2,6.0,
ECMWF,2026-09-16 12:00,2026-09-24 03:00,174,수원,0,19.1,81.0,,,,0.0,0.0,6.0,
ECMWF,2026-09-16 12:00,2026-09-24 09:00,180,수원,0,21.3,100.0,,,,48.0,0.0,6.0,
ECMWF,2026-09-16 12:00,2026-09-24 15:00,186,수원,0,26.6,37.0,,,,553.0,0.0,6.0,
ECMWF,2026-09-16 12:00,2026-09-24 21:00,192,수원,0,20.9,65.0,,,,148.0,0.0,6.0,
ECMWF,2026-09-16 12:00,2026-09-25 03:00,198,수원,0,17.8,27.0,,,,0.0,0.0,6.0,
ECMWF,2026-09-16 12:00,2026-09-25 09:00,204,수원,0,21.4,98.0,,,,69.0,0.0,6.0,
ECMWF,2026-09-16 12:00,2026-09-25 15:00,210,수원,0,27.1,45.0,,,,572.0,0.0,6.0,
ECMWF,2026-09-16 12:00,2026-09-25 21:00,216,수원,0,20.5,99.0,,,,141.0,0.0,6.0,
ECMWF,2026-09-16 12:00,2026-09-26 03:00,222,수원,0,18.2,98.0,,,,0.0,0.0,6.0,
ECMWF,2026-09-16 12:00,2026-09-26 09:00,228,수원,0,20.3,99.0,,,,28.0,0.0,6.0,
ECMWF,2026-09-16 12:00,2026-09-26 15:00,234,수원,0,26.1,15.0,,,,409.0,0.0,6.0,
ECMWF,2026-09-16 12:00,2026-09-26 21:00,240,수원,0,21.1,77.0,,,,147.0,0.0,6.0,
ECMWF,2026-09-16 12:00,2026-09-16 21:00,0,전주,0,21.1,19.0,,,,,,,
ECMWF,2026-09-16 12:00,2026-09-17 00:00,3,전주,0,19.9,90.0,,,,0.0,0.0,3.0,
ECMWF,2026-09-16 12:00,2026-09-17 03:00,6,전주,0,17.9,52.0,,,,0.0,0.0,3.0,
ECMWF,2026-09-16 12:00,2026-09-17 06:00,9,전주,0,14.8,65.0,,,,0.0,0.0,3.0,
ECMWF,2026-09-16 12:00,2026-09-17 09:00,12,전주,0,21.3,68.0,,,,184.0,0.0,3.0,
ECMWF,2026-09-16 12:00,2026-09-17 12:00,15,전주,0,27.2,81.0,,,,697.0,0.0,3.0,
ECMWF,2026-09-16 12:00,2026-09-17 15:00,18,전주,0,28.4,99.0,,,,642.0,0.0,3.0,
ECMWF,2026-09-16 12:00,2026-09-17 18:00,21,전주,0,25.3,100.0,,,,152.0,0.0,3.0,
ECMWF,2026-09-16 12:00,2026-09-17 21:00,24,전주,0,23.0,95.0,,,,3.0,0.0,3.0,
ECMWF,2026-09-16 12:00,2026-09-18 00:00,27,전주,0,21.3,96.0,,,,0.0,0.0,3.0,
ECMWF,2026-09-16 12:00,2026-09-18 03:00,30,전주,0,19.2,91.0,,,,0.0,0.0,3.0,
ECMWF,2026-09-16 12:00,2026-09-18 06:00,33,전주,0,18.8,91.0,,,,0.0,0.0,3.0,
ECMWF,2026-09-16 12:00,2026-09-18 09:00,36,전주,0,22.4,62.0,,,,118.0,0.0,3.0,
ECMWF,2026-09-16 12:00,2026-09-18 12:00,39,전주,0,26.1,92.0,,,,517.0,0.0,3.0,
ECMWF,2026-09-16 12:00,2026-09-18 15:00,42,전주,0,26.1,49.0,,,,487.0,0.0,3.0,
ECMWF,2026-09-16 12:00,2026-09-18 18:00,45,전주,0,24.1,4.0,,,,288.0,0.0,3.0,
ECMWF,2026-09-16 12:00,2026-09-18 21:00,48,전주,0,19.8,1.0,,,,5.0,0.0,3.0,
ECMWF,2026-09-16 12:00,2026-09-19 00:00,51,전주,0,17.8,5.0,,,,0.0,0.0,3.0,
ECMWF,2026-09-16 12:00,2026-09-19 03:00,54,전주,0,17.3,15.0,,,,0.0,0.0,3.0,
ECMWF,2026-09-16 12:00,2026-09-19 06:00,57,전주,0,16.5,57.0,,,,0.0,0.0,3.0,
ECMWF,2026-09-16 12:00,2026-09-19 09:00,60,전주,0,22.2,3.0,,,,182.0,0.0,3.0,
ECMWF,2026-09-16 12:00,2026-09-19 12:00,63,전주,0,27.5,75.0,,,,669.0,0.0,3.0,
ECMWF,2026-09-16 12:00,2026-09-19 15:00,66,전주,0,28.6,49.0,,,,543.0,0.0,3.0,
ECMWF,2026-09-16 12:00,2026-09-19 18:00,69,전주,0,26.0,19.0,,,,278.0,0.0,3.0,
ECMWF,2026-09-16 12:00,2026-09-19 21:00,72,전주,0,21.6,1.0,,,,4.0,0.0,3.0,
ECMWF,2026-09-16 12:00,2026-09-20 00:00,75,전주,0,19.3,0.0,,,,0.0,0.0,3.0,
ECMWF,2026-09-16 12:00,2026-09-20 03:00,78,전주,0,17.1,4.0,,,,0.0,0.0,3.0,
ECMWF,2026-09-16 12:00,2026-09-20 06:00,81,전주,0,15.6,1.0,,,,0.0,0.0,3.0,
ECMWF,2026-09-16 12:00,2026-09-20 09:00,84,전주,0,21.1,27.0,,,,191.0,0.0,3.0,
ECMWF,2026-09-16 12:00,2026-09-20 12:00,87,전주,0,26.5,0.0,,,,693.0,0.0,3.0,
ECMWF,2026-09-16 12:00,2026-09-20 15:00,90,전주,0,27.4,3.0,,,,773.0,0.0,3.0,
ECMWF,2026-09-16 12:00,2026-09-20 18:00,93,전주,0,24.4,1.0,,,,345.0,0.0,3.0,
ECMWF,2026-09-16 12:00,2026-09-20 21:00,96,전주,0,20.1,0.0,,,,4.0,0.0,3.0,
ECMWF,2026-09-16 12:00,2026-09-21 00:00,99,전주,0,18.0,8.0,,,,0.0,0.0,3.0,
ECMWF,2026-09-16 12:00,2026-09-21 03:00,102,전주,0,16.9,18.0,,,,0.0,0.0,3.0,
ECMWF,2026-09-16 12:00,2026-09-21 06:00,105,전주,0,15.7,1.0,,,,0.0,0.0,3.0,
ECMWF,2026-09-16 12:00,2026-09-21 09:00,108,전주,0,20.7,0.0,,,,189.0,0.0,3.0,
ECMWF,2026-09-16 12:00,2026-09-21 12:00,111,전주,0,26.1,0.0,,,,682.0,0.0,3.0,
ECMWF,2026-09-16 12:00,2026-09-21 15:00,114,전주,0,28.1,0.0,,,,755.0,0.0,3.0,
ECMWF,2026-09-16 12:00,2026-09-21 18:00,117,전주,0,24.4,0.0,,,,332.0,0.0,3.0,
ECMWF,2026-09-16 12:00,2026-09-21 21:00,120,전주,0,20.2,19.0,,,,3.0,0.0,3.0,
ECMWF,2026-09-16 12:00,2026-09-22 00:00,123,전주,0,18.5,1.0,,,,0.0,0.0,3.0,
ECMWF,2026-09-16 12:00,2026-09-22 03:00,126,전주,0,19.1,2.0,,,,0.0,0.0,3.0,
ECMWF,2026-09-16 12:00,2026-09-22 06:00,129,전주,0,17.5,4.0,,,,0.0,0.0,3.0,
ECMWF,2026-09-16 12:00,2026-09-22 09:00,132,전주,0,22.9,1.0,,,,183.0,0.0,3.0,
ECMWF,2026-09-16 12:00,2026-09-22 12:00,135,전주,0,27.7,14.0,,,,672.0,0.0,3.0,
ECMWF,2026-09-16 12:00,2026-09-22 15:00,138,전주,0,28.4,42.0,,,,721.0,0.0,3.0,
ECMWF,2026-09-16 12:00,2026-09-22 18:00,141,전주,0,25.8,48.0,,,,317.0,0.0,3.0,
ECMWF,2026-09-16 12:00,2026-09-22 21:00,144,전주,0,21.1,44.0,,,,3.0,0.0,3.0,
ECMWF,2026-09-16 12:00,2026-09-23 03:00,150,전주,0,18.4,3.0,,,,0.0,0.0,6.0,
ECMWF,2026-09-16 12:00,2026-09-23 09:00,156,전주,0,23.3,51.0,,,,81.0,0.0,6.0,
ECMWF,2026-09-16 12:00,2026-09-23 15:00,162,전주,0,28.2,29.0,,,,691.0,0.0,6.0,
ECMWF,2026-09-16 12:00,2026-09-23 21:00,168,전주,0,20.6,26.0,,,,160.0,0.0,6.0,
ECMWF,2026-09-16 12:00,2026-09-24 03:00,174,전주,0,17.7,100.0,,,,0.0,0.0,6.0,
ECMWF,2026-09-16 12:00,2026-09-24 09:00,180,전주,0,22.3,100.0,,,,61.0,0.0,6.0,
ECMWF,2026-09-16 12:00,2026-09-24 15:00,186,전주,0,27.9,45.0,,,,615.0,0.0,6.0,
ECMWF,2026-09-16 12:00,2026-09-24 21:00,192,전주,0,19.9,9.0,,,,162.0,0.0,6.0,
ECMWF,2026-09-16 12:00,2026-09-25 03:00,198,전주,0,16.8,37.0,,,,0.0,0.0,6.0,
ECMWF,2026-09-16 12:00,2026-09-25 09:00,204,전주,0,23.4,98.0,,,,81.0,0.0,6.0,
ECMWF,2026-09-16 12:00,2026-09-25 15:00,210,전주,0,26.9,93.0,,,,596.0,0.1,6.0,
ECMWF,2026-09-16 12:00,2026-09-25 21:00,216,전주,0,20.6,42.0,,,,121.0,0.0,6.0,
ECMWF,2026-09-16 12:00,2026-09-26 03:00,222,전주,0,18.9,88.0,,,,0.0,0.0,6.0,
ECMWF,2026-09-16 12:00,2026-09-26 09:00,228,전주,0,22.6,100.0,,,,51.0,0.0,6.0,
ECMWF,2026-09-16 12:00,2026-09-26 15:00,234,전주,0,21.1,99.0,,,,228.0,5.8,6.0,
ECMWF,2026-09-16 12:00,2026-09-26 21:00,240,전주,0,19.8,47.0,,,,51.0,0.1,6.0,
ECMWF,2026-09-16 12:00,2026-09-16 21:00,0,강릉,0,19.6,0.0,,,,,,,
ECMWF,2026-09-16 12:00,2026-09-17 00:00,3,강릉,0,16.3,6.0,,,,0.0,0.0,3.0,
ECMWF,2026-09-16 12:00,2026-09-17 03:00,6,강릉,0,15.4,19.0,,,,0.0,0.0,3.0,
ECMWF,2026-09-16 12:00,2026-09-17 06:00,9,강릉,0,16.0,22.0,,,,0.0,0.0,3.0,
ECMWF,2026-09-16 12:00,2026-09-17 09:00,12,강릉,0,21.4,32.0,,,,188.0,0.0,3.0,
ECMWF,2026-09-16 12:00,2026-09-17 12:00,15,강릉,0,23.7,89.0,,,,613.0,0.1,3.0,
ECMWF,2026-09-16 12:00,2026-09-17 15:00,18,강릉,0,23.7,97.0,,,,651.0,0.0,3.0,
ECMWF,2026-09-16 12:00,2026-09-17 18:00,21,강릉,0,22.5,93.0,,,,245.0,0.0,3.0,
ECMWF,2026-09-16 12:00,2026-09-17 21:00,24,강릉,0,21.9,100.0,,,,2.0,0.0,3.0,
ECMWF,2026-09-16 12:00,2026-09-18 00:00,27,강릉,0,21.9,100.0,,,,0.0,0.0,3.0,
ECMWF,2026-09-16 12:00,2026-09-18 03:00,30,강릉,0,22.0,100.0,,,,0.0,0.0,3.0,
ECMWF,2026-09-16 12:00,2026-09-18 06:00,33,강릉,0,21.9,67.0,,,,0.0,0.0,3.0,
ECMWF,2026-09-16 12:00,2026-09-18 09:00,36,강릉,0,23.5,45.0,,,,170.0,0.0,3.0,
ECMWF,2026-09-16 12:00,2026-09-18 12:00,39,강릉,0,24.2,51.0,,,,571.0,0.1,3.0,
ECMWF,2026-09-16 12:00,2026-09-18 15:00,42,강릉,0,23.8,74.0,,,,593.0,0.3,3.0,
ECMWF,2026-09-16 12:00,2026-09-18 18:00,45,강릉,0,22.6,51.0,,,,235.0,0.2,3.0,
ECMWF,2026-09-16 12:00,2026-09-18 21:00,48,강릉,0,21.4,42.0,,,,2.0,0.5,3.0,
ECMWF,2026-09-16 12:00,2026-09-19 00:00,51,강릉,0,20.9,52.0,,,,0.0,0.1,3.0,
ECMWF,2026-09-16 12:00,2026-09-19 03:00,54,강릉,0,20.7,78.0,,,,0.0,0.3,3.0,
ECMWF,2026-09-16 12:00,2026-09-19 06:00,57,강릉,0,20.3,48.0,,,,0.0,0.4,3.0,
ECMWF,2026-09-16 12:00,2026-09-19 09:00,60,강릉,0,21.9,51.0,,,,175.0,0.4,3.0,
ECMWF,2026-09-16 12:00,2026-09-19 12:00,63,강릉,0,22.7,87.0,,,,601.0,0.6,3.0,
ECMWF,2026-09-16 12:00,2026-09-19 15:00,66,강릉,0,22.5,44.0,,,,616.0,0.4,3.0,
ECMWF,2026-09-16 12:00,2026-09-19 18:00,69,강릉,0,21.7,33.0,,,,258.0,0.1,3.0,
ECMWF,2026-09-16 12:00,2026-09-19 21:00,72,강릉,0,19.9,33.0,,,,2.0,0.0,3.0,
ECMWF,2026-09-16 12:00,2026-09-20 00:00,75,강릉,0,18.6,54.0,,,,0.0,0.2,3.0,
ECMWF,2026-09-16 12:00,2026-09-20 03:00,78,강릉,0,18.2,65.0,,,,0.0,0.3,3.0,
ECMWF,2026-09-16 12:00,2026-09-20 06:00,81,강릉,0,17.8,71.0,,,,0.0,0.2,3.0,
ECMWF,2026-09-16 12:00,2026-09-20 09:00,84,강릉,0,20.4,87.0,,,,174.0,0.0,3.0,
ECMWF,2026-09-16 12:00,2026-09-20 12:00,87,강릉,0,22.3,35.0,,,,576.0,0.0,3.0,
ECMWF,2026-09-16 12:00,2026-09-20 15:00,90,강릉,0,22.3,78.0,,,,701.0,0.0,3.0,
ECMWF,2026-09-16 12:00,2026-09-20 18:00,93,강릉,0,20.7,43.0,,,,293.0,0.0,3.0,
ECMWF,2026-09-16 12:00,2026-09-20 21:00,96,강릉,0,16.7,33.0,,,,2.0,0.0,3.0,
ECMWF,2026-09-16 12:00,2026-09-21 00:00,99,강릉,0,13.8,64.0,,,,0.0,0.0,3.0,
ECMWF,2026-09-16 12:00,2026-09-21 03:00,102,강릉,0,13.4,48.0,,,,0.0,0.0,3.0,
ECMWF,2026-09-16 12:00,2026-09-21 06:00,105,강릉,0,14.2,32.0,,,,0.0,0.0,3.0,
ECMWF,2026-09-16 12:00,2026-09-21 09:00,108,강릉,0,20.6,18.0,,,,192.0,0.0,3.0,
ECMWF,2026-09-16 12:00,2026-09-21 12:00,111,강릉,0,22.4,63.0,,,,642.0,0.0,3.0,
ECMWF,2026-09-16 12:00,2026-09-21 15:00,114,강릉,0,22.5,40.0,,,,577.0,0.3,3.0,
ECMWF,2026-09-16 12:00,2026-09-21 18:00,117,강릉,0,21.5,31.0,,,,248.0,0.0,3.0,
ECMWF,2026-09-16 12:00,2026-09-21 21:00,120,강릉,0,17.7,65.0,,,,1.0,0.0,3.0,
ECMWF,2026-09-16 12:00,2026-09-22 00:00,123,강릉,0,17.0,55.0,,,,0.0,0.0,3.0,
ECMWF,2026-09-16 12:00,2026-09-22 03:00,126,강릉,0,15.5,58.0,,,,0.0,0.0,3.0,
ECMWF,2026-09-16 12:00,2026-09-22 06:00,129,강릉,0,14.1,65.0,,,,0.0,0.0,3.0,
ECMWF,2026-09-16 12:00,2026-09-22 09:00,132,강릉,0,21.6,21.0,,,,185.0,0.0,3.0,
ECMWF,2026-09-16 12:00,2026-09-22 12:00,135,강릉,0,23.1,26.0,,,,637.0,0.0,3.0,
ECMWF,2026-09-16 12:00,2026-09-22 15:00,138,강릉,0,23.4,47.0,,,,686.0,0.0,3.0,
ECMWF,2026-09-16 12:00,2026-09-22 18:00,141,강릉,0,21.9,17.0,,,,280.0,0.0,3.0,
ECMWF,2026-09-16 12:00,2026-09-22 21:00,144,강릉,0,18.7,1.0,,,,1.0,0.0,3.0,
ECMWF,2026-09-16 12:00,2026-09-23 03:00,150,강릉,0,16.4,13.0,,,,0.0,0.0,6.0,
ECMWF,2026-09-16 12:00,2026-09-23 09:00,156,강릉,0,22.1,4.0,,,,95.0,0.0,6.0,
ECMWF,2026-09-16 12:00,2026-09-23 15:00,162,강릉,0,25.5,25.0,,,,667.0,0.0,6.0,
ECMWF,2026-09-16 12:00,2026-09-23 21:00,168,강릉,0,21.6,19.0,,,,135.0,0.0,6.0,
ECMWF,2026-09-16 12:00,2026-09-24 03:00,174,강릉,0,19.2,64.0,,,,0.0,0.0,6.0,
ECMWF,2026-09-16 12:00,2026-09-24 09:00,180,강릉,0,22.1,96.0,,,,77.0,0.0,6.0,
ECMWF,2026-09-16 12:00,2026-09-24 15:00,186,강릉,0,22.8,86.0,,,,516.0,0.1,6.0,
ECMWF,2026-09-16 12:00,2026-09-24 21:00,192,강릉,0,21.3,100.0,,,,98.0,0.9,6.0,
ECMWF,2026-09-16 12:00,2026-09-25 03:00,198,강릉,0,19.3,59.0,,,,0.0,0.1,6.0,
ECMWF,2026-09-16 12:00,2026-09-25 09:00,204,강릉,0,22.4,58.0,,,,87.0,0.0,6.0,
ECMWF,2026-09-16 12:00,2026-09-25 15:00,210,강릉,0,26.2,95.0,,,,567.0,0.0,6.0,
ECMWF,2026-09-16 12:00,2026-09-25 21:00,216,강릉,0,20.7,39.0,,,,109.0,0.0,6.0,
ECMWF,2026-09-16 12:00,2026-09-26 03:00,222,강릉,0,18.3,97.0,,,,0.0,0.0,6.0,
ECMWF,2026-09-16 12:00,2026-09-26 09:00,228,강릉,0,22.5,87.0,,,,64.0,0.0,6.0,
ECMWF,2026-09-16 12:00,2026-09-26 15:00,234,강릉,0,23.1,78.0,,,,340.0,0.0,6.0,
ECMWF,2026-09-16 12:00,2026-09-26 21:00,240,강릉,0,20.3,91.0,,,,98.0,0.3,6.0,
ECMWF,2026-09-16 12:00,2026-09-16 21:00,0,제주,0,22.3,26.0,,,,,,,
ECMWF,2026-09-16 12:00,2026-09-17 00:00,3,제주,0,22.0,35.0,,,,0.0,0.0,3.0,
ECMWF,2026-09-16 12:00,2026-09-17 03:00,6,제주,0,21.8,67.0,,,,0.0,0.0,3.0,
ECMWF,2026-09-16 12:00,2026-09-17 06:00,9,제주,0,21.7,71.0,,,,0.0,0.0,3.0,
ECMWF,2026-09-16 12:00,2026-09-17 09:00,12,제주,0,21.5,88.0,,,,135.0,0.9,3.0,
ECMWF,2026-09-16 12:00,2026-09-17 12:00,15,제주,0,22.2,97.0,,,,390.0,3.5,3.0,
ECMWF,2026-09-16 12:00,2026-09-17 15:00,18,제주,0,22.1,89.0,,,,321.0,3.5,3.0,
ECMWF,2026-09-16 12:00,2026-09-17 18:00,21,제주,0,22.4,93.0,,,,128.0,1.0,3.0,
ECMWF,2026-09-16 12:00,2026-09-17 21:00,24,제주,0,22.4,100.0,,,,4.0,0.2,3.0,
ECMWF,2026-09-16 12:00,2026-09-18 00:00,27,제주,0,22.1,97.0,,,,0.0,0.4,3.0,
ECMWF,2026-09-16 12:00,2026-09-18 03:00,30,제주,0,22.3,98.0,,,,0.0,1.0,3.0,
ECMWF,2026-09-16 12:00,2026-09-18 06:00,33,제주,0,21.7,99.0,,,,0.0,8.3,3.0,
ECMWF,2026-09-16 12:00,2026-09-18 09:00,36,제주,0,21.6,100.0,,,,23.0,25.9,3.0,
ECMWF,2026-09-16 12:00,2026-09-18 12:00,39,제주,0,21.8,98.0,,,,166.0,18.8,3.0,
ECMWF,2026-09-16 12:00,2026-09-18 15:00,42,제주,0,22.2,91.0,,,,234.0,5.4,3.0,
ECMWF,2026-09-16 12:00,2026-09-18 18:00,45,제주,0,22.0,74.0,,,,138.0,0.4,3.0,
ECMWF,2026-09-16 12:00,2026-09-18 21:00,48,제주,0,21.8,77.0,,,,3.0,0.4,3.0,
ECMWF,2026-09-16 12:00,2026-09-19 00:00,51,제주,0,21.5,41.0,,,,0.0,0.5,3.0,
ECMWF,2026-09-16 12:00,2026-09-19 03:00,54,제주,0,21.4,51.0,,,,0.0,0.4,3.0,
ECMWF,2026-09-16 12:00,2026-09-19 06:00,57,제주,0,21.4,59.0,,,,0.0,0.5,3.0,
ECMWF,2026-09-16 12:00,2026-09-19 09:00,60,제주,0,21.5,52.0,,,,98.0,1.4,3.0,
ECMWF,2026-09-16 12:00,2026-09-19 12:00,63,제주,0,22.3,56.0,,,,402.0,0.8,3.0,
ECMWF,2026-09-16 12:00,2026-09-19 15:00,66,제주,0,23.1,93.0,,,,563.0,0.5,3.0,
ECMWF,2026-09-16 12:00,2026-09-19 18:00,69,제주,0,23.2,55.0,,,,233.0,0.0,3.0,
ECMWF,2026-09-16 12:00,2026-09-19 21:00,72,제주,0,21.8,36.0,,,,5.0,0.4,3.0,
ECMWF,2026-09-16 12:00,2026-09-20 00:00,75,제주,0,21.5,26.0,,,,0.0,0.4,3.0,
ECMWF,2026-09-16 12:00,2026-09-20 03:00,78,제주,0,21.8,20.0,,,,0.0,0.1,3.0,
ECMWF,2026-09-16 12:00,2026-09-20 06:00,81,제주,0,21.3,15.0,,,,0.0,0.0,3.0,
ECMWF,2026-09-16 12:00,2026-09-20 09:00,84,제주,0,22.2,9.0,,,,146.0,0.0,3.0,
ECMWF,2026-09-16 12:00,2026-09-20 12:00,87,제주,0,23.2,8.0,,,,671.0,0.0,3.0,
ECMWF,2026-09-16 12:00,2026-09-20 15:00,90,제주,0,23.1,2.0,,,,774.0,0.0,3.0,
ECMWF,2026-09-16 12:00,2026-09-20 18:00,93,제주,0,22.1,7.0,,,,367.0,0.0,3.0,
ECMWF,2026-09-16 12:00,2026-09-20 21:00,96,제주,0,20.6,4.0,,,,5.0,0.0,3.0,
ECMWF,2026-09-16 12:00,2026-09-21 00:00,99,제주,0,19.3,22.0,,,,0.0,0.0,3.0,
ECMWF,2026-09-16 12:00,2026-09-21 03:00,102,제주,0,19.1,32.0,,,,0.0,0.0,3.0,
ECMWF,2026-09-16 12:00,2026-09-21 06:00,105,제주,0,20.4,14.0,,,,0.0,0.0,3.0,
ECMWF,2026-09-16 12:00,2026-09-21 09:00,108,제주,0,21.8,4.0,,,,173.0,0.0,3.0,
ECMWF,2026-09-16 12:00,2026-09-21 12:00,111,제주,0,22.8,6.0,,,,710.0,0.0,3.0,
ECMWF,2026-09-16 12:00,2026-09-21 15:00,114,제주,0,23.2,4.0,,,,806.0,0.0,3.0,
ECMWF,2026-09-16 12:00,2026-09-21 18:00,117,제주,0,21.9,8.0,,,,362.0,0.0,3.0,
ECMWF,2026-09-16 12:00,2026-09-21 21:00,120,제주,0,21.0,4.0,,,,5.0,0.0,3.0,
ECMWF,2026-09-16 12:00,2026-09-22 00:00,123,제주,0,20.1,26.0,,,,0.0,0.0,3.0,
ECMWF,2026-09-16 12:00,2026-09-22 03:00,126,제주,0,20.2,30.0,,,,0.0,0.0,3.0,
ECMWF,2026-09-16 12:00,2026-09-22 06:00,129,제주,0,20.8,23.0,,,,0.0,0.0,3.0,
ECMWF,2026-09-16 12:00,2026-09-22 09:00,132,제주,0,22.7,18.0,,,,151.0,0.0,3.0,
ECMWF,2026-09-16 12:00,2026-09-22 12:00,135,제주,0,23.6,23.0,,,,572.0,0.1,3.0,
ECMWF,2026-09-16 12:00,2026-09-22 15:00,138,제주,0,23.5,19.0,,,,705.0,0.0,3.0,
ECMWF,2026-09-16 12:00,2026-09-22 18:00,141,제주,0,22.0,12.0,,,,320.0,0.0,3.0,
ECMWF,2026-09-16 12:00,2026-09-22 21:00,144,제주,0,20.4,4.0,,,,3.0,0.0,3.0,
ECMWF,2026-09-16 12:00,2026-09-23 03:00,150,제주,0,19.6,10.0,,,,0.0,0.0,6.0,
ECMWF,2026-09-16 12:00,2026-09-23 09:00,156,제주,0,22.7,31.0,,,,89.0,0.0,6.0,
ECMWF,2026-09-16 12:00,2026-09-23 15:00,162,제주,0,23.2,92.0,,,,605.0,0.0,6.0,
ECMWF,2026-09-16 12:00,2026-09-23 21:00,168,제주,0,20.2,50.0,,,,75.0,0.0,6.0,
ECMWF,2026-09-16 12:00,2026-09-24 03:00,174,제주,0,20.8,49.0,,,,0.0,0.0,6.0,
ECMWF,2026-09-16 12:00,2026-09-24 09:00,180,제주,0,22.7,64.0,,,,91.0,0.0,6.0,
ECMWF,2026-09-16 12:00,2026-09-24 15:00,186,제주,0,23.1,100.0,,,,608.0,0.0,6.0,
ECMWF,2026-09-16 12:00,2026-09-24 21:00,192,제주,0,22.1,64.0,,,,76.0,0.0,6.0,
ECMWF,2026-09-16 12:00,2026-09-25 03:00,198,제주,0,21.3,93.0,,,,0.0,0.0,6.0,
ECMWF,2026-09-16 12:00,2026-09-25 09:00,204,제주,0,22.9,92.0,,,,40.0,0.0,6.0,
ECMWF,2026-09-16 12:00,2026-09-25 15:00,210,제주,0,24.3,95.0,,,,377.0,0.0,6.0,
ECMWF,2026-09-16 12:00,2026-09-25 21:00,216,제주,0,22.5,74.0,,,,49.0,0.0,6.0,
ECMWF,2026-09-16 12:00,2026-09-26 03:00,222,제주,0,20.9,94.0,,,,0.0,0.0,6.0,
ECMWF,2026-09-16 12:00,2026-09-26 09:00,228,제주,0,23.8,95.0,,,,61.0,0.0,6.0,
ECMWF,2026-09-16 12:00,2026-09-26 15:00,234,제주,0,23.5,100.0,,,,293.0,1.9,6.0,
ECMWF,2026-09-16 12:00,2026-09-26 21:00,240,제주,0,22.7,100.0,,,,55.0,0.5,6.0,
ECMWF,2026-09-16 12:00,2026-09-16 21:00,0,나주,0,25.0,86.0,,,,,,,
ECMWF,2026-09-16 12:00,2026-09-17 00:00,3,나주,0,22.6,79.0,,,,0.0,0.0,3.0,
ECMWF,2026-09-16 12:00,2026-09-17 03:00,6,나주,0,20.4,55.0,,,,0.0,0.0,3.0,
ECMWF,2026-09-16 12:00,2026-09-17 06:00,9,나주,0,18.6,90.0,,,,0.0,0.0,3.0,
ECMWF,2026-09-16 12:00,2026-09-17 09:00,12,나주,0,23.2,96.0,,,,128.0,0.0,3.0,
ECMWF,2026-09-16 12:00,2026-09-17 12:00,15,나주,0,28.8,98.0,,,,554.0,0.0,3.0,
ECMWF,2026-09-16 12:00,2026-09-17 15:00,18,나주,0,30.5,94.0,,,,478.0,0.0,3.0,
ECMWF,2026-09-16 12:00,2026-09-17 18:00,21,나주,0,27.7,97.0,,,,187.0,0.0,3.0,
ECMWF,2026-09-16 12:00,2026-09-17 21:00,24,나주,0,25.4,96.0,,,,3.0,0.0,3.0,
ECMWF,2026-09-16 12:00,2026-09-18 00:00,27,나주,0,23.6,100.0,,,,0.0,0.0,3.0,
ECMWF,2026-09-16 12:00,2026-09-18 03:00,30,나주,0,22.7,100.0,,,,0.0,0.0,3.0,
ECMWF,2026-09-16 12:00,2026-09-18 06:00,33,나주,0,20.9,100.0,,,,0.0,0.4,3.0,
ECMWF,2026-09-16 12:00,2026-09-18 09:00,36,나주,0,21.0,99.0,,,,47.0,3.3,3.0,
ECMWF,2026-09-16 12:00,2026-09-18 12:00,39,나주,0,24.0,100.0,,,,259.0,0.0,3.0,
ECMWF,2026-09-16 12:00,2026-09-18 15:00,42,나주,0,25.4,42.0,,,,345.0,0.0,3.0,
ECMWF,2026-09-16 12:00,2026-09-18 18:00,45,나주,0,24.5,23.0,,,,238.0,0.0,3.0,
ECMWF,2026-09-16 12:00,2026-09-18 21:00,48,나주,0,20.9,4.0,,,,5.0,0.0,3.0,
ECMWF,2026-09-16 12:00,2026-09-19 00:00,51,나주,0,19.0,1.0,,,,0.0,0.0,3.0,
ECMWF,2026-09-16 12:00,2026-09-19 03:00,54,나주,0,18.1,10.0,,,,0.0,0.0,3.0,
ECMWF,2026-09-16 12:00,2026-09-19 06:00,57,나주,0,17.5,41.0,,,,0.0,0.0,3.0,
ECMWF,2026-09-16 12:00,2026-09-19 09:00,60,나주,0,23.2,24.0,,,,189.0,0.0,3.0,
ECMWF,2026-09-16 12:00,2026-09-19 12:00,63,나주,0,29.0,20.0,,,,678.0,0.0,3.0,
ECMWF,2026-09-16 12:00,2026-09-19 15:00,66,나주,0,30.3,60.0,,,,657.0,0.0,3.0,
ECMWF,2026-09-16 12:00,2026-09-19 18:00,69,나주,0,28.6,38.0,,,,284.0,0.0,3.0,
ECMWF,2026-09-16 12:00,2026-09-19 21:00,72,나주,0,24.5,14.0,,,,3.0,0.0,3.0,
ECMWF,2026-09-16 12:00,2026-09-20 00:00,75,나주,0,22.1,1.0,,,,0.0,0.0,3.0,
ECMWF,2026-09-16 12:00,2026-09-20 03:00,78,나주,0,19.5,5.0,,,,0.0,0.0,3.0,
ECMWF,2026-09-16 12:00,2026-09-20 06:00,81,나주,0,18.1,0.0,,,,0.0,0.0,3.0,
ECMWF,2026-09-16 12:00,2026-09-20 09:00,84,나주,0,24.4,11.0,,,,192.0,0.0,3.0,
ECMWF,2026-09-16 12:00,2026-09-20 12:00,87,나주,0,29.2,1.0,,,,697.0,0.0,3.0,
ECMWF,2026-09-16 12:00,2026-09-20 15:00,90,나주,0,30.7,0.0,,,,788.0,0.0,3.0,
ECMWF,2026-09-16 12:00,2026-09-20 18:00,93,나주,0,25.7,1.0,,,,355.0,0.0,3.0,
ECMWF,2026-09-16 12:00,2026-09-20 21:00,96,나주,0,21.5,0.0,,,,4.0,0.0,3.0,
ECMWF,2026-09-16 12:00,2026-09-21 00:00,99,나주,0,19.8,21.0,,,,0.0,0.0,3.0,
ECMWF,2026-09-16 12:00,2026-09-21 03:00,102,나주,0,18.1,0.0,,,,0.0,0.0,3.0,
ECMWF,2026-09-16 12:00,2026-09-21 06:00,105,나주,0,16.8,0.0,,,,0.0,0.0,3.0,
ECMWF,2026-09-16 12:00,2026-09-21 09:00,108,나주,0,23.3,0.0,,,,191.0,0.0,3.0,
ECMWF,2026-09-16 12:00,2026-09-21 12:00,111,나주,0,29.2,0.0,,,,696.0,0.0,3.0,
ECMWF,2026-09-16 12:00,2026-09-21 15:00,114,나주,0,31.0,3.0,,,,769.0,0.0,3.0,
ECMWF,2026-09-16 12:00,2026-09-21 18:00,117,나주,0,26.1,0.0,,,,341.0,0.0,3.0,
ECMWF,2026-09-16 12:00,2026-09-21 21:00,120,나주,0,22.0,1.0,,,,4.0,0.0,3.0,
ECMWF,2026-09-16 12:00,2026-09-22 00:00,123,나주,0,20.5,0.0,,,,0.0,0.0,3.0,
ECMWF,2026-09-16 12:00,2026-09-22 03:00,126,나주,0,20.1,1.0,,,,0.0,0.0,3.0,
ECMWF,2026-09-16 12:00,2026-09-22 06:00,129,나주,0,19.3,0.0,,,,0.0,0.0,3.0,
ECMWF,2026-09-16 12:00,2026-09-22 09:00,132,나주,0,24.9,1.0,,,,182.0,0.0,3.0,
ECMWF,2026-09-16 12:00,2026-09-22 12:00,135,나주,0,30.0,2.0,,,,683.0,0.0,3.0,
ECMWF,2026-09-16 12:00,2026-09-22 15:00,138,나주,0,30.9,16.0,,,,766.0,0.0,3.0,
ECMWF,2026-09-16 12:00,2026-09-22 18:00,141,나주,0,26.3,12.0,,,,325.0,0.0,3.0,
ECMWF,2026-09-16 12:00,2026-09-22 21:00,144,나주,0,23.5,26.0,,,,3.0,0.0,3.0,
ECMWF,2026-09-16 12:00,2026-09-23 03:00,150,나주,0,19.9,20.0,,,,0.0,0.0,6.0,
ECMWF,2026-09-16 12:00,2026-09-23 09:00,156,나주,0,24.0,99.0,,,,53.0,0.0,6.0,
ECMWF,2026-09-16 12:00,2026-09-23 15:00,162,나주,0,27.8,25.0,,,,300.0,0.0,6.0,
ECMWF,2026-09-16 12:00,2026-09-23 21:00,168,나주,0,22.0,2.0,,,,161.0,0.0,6.0,
ECMWF,2026-09-16 12:00,2026-09-24 03:00,174,나주,0,19.2,97.0,,,,0.0,0.0,6.0,
ECMWF,2026-09-16 12:00,2026-09-24 09:00,180,나주,0,23.9,85.0,,,,78.0,0.0,6.0,
ECMWF,2026-09-16 12:00,2026-09-24 15:00,186,나주,0,30.2,98.0,,,,566.0,0.0,6.0,
ECMWF,2026-09-16 12:00,2026-09-24 21:00,192,나주,0,22.6,4.0,,,,121.0,0.0,6.0,
ECMWF,2026-09-16 12:00,2026-09-25 03:00,198,나주,0,19.3,1.0,,,,0.0,0.0,6.0,
ECMWF,2026-09-16 12:00,2026-09-25 09:00,204,나주,0,25.3,99.0,,,,81.0,0.0,6.0,
ECMWF,2026-09-16 12:00,2026-09-25 15:00,210,나주,0,30.4,100.0,,,,491.0,0.0,6.0,
ECMWF,2026-09-16 12:00,2026-09-25 21:00,216,나주,0,23.0,27.0,,,,94.0,0.0,6.0,
ECMWF,2026-09-16 12:00,2026-09-26 03:00,222,나주,0,21.8,99.0,,,,0.0,0.0,6.0,
ECMWF,2026-09-16 12:00,2026-09-26 09:00,228,나주,0,23.6,100.0,,,,35.0,0.2,6.0,
ECMWF,2026-09-16 12:00,2026-09-26 15:00,234,나주,0,20.5,100.0,,,,167.0,12.0,6.0,
ECMWF,2026-09-16 12:00,2026-09-26 21:00,240,나주,0,19.4,100.0,,,,18.0,11.7,6.0,
GFS,2026-09-16 12:00,2026-09-16 21:00,0,서울,1,23.0,0.0,0.0,0.0,0.0,,,,
GFS,2026-09-16 12:00,2026-09-17 00:00,3,서울,1,20.6,13.0,0.0,0.0,13.0,0.0,0.0,3.0,
GFS,2026-09-16 12:00,2026-09-17 03:00,6,서울,1,19.0,35.0,0.0,0.0,35.0,0.0,0.0,3.0,
GFS,2026-09-16 12:00,2026-09-17 06:00,9,서울,1,17.5,58.0,0.0,2.0,58.0,0.0,0.0,3.0,
GFS,2026-09-16 12:00,2026-09-17 09:00,12,서울,1,20.7,65.0,0.0,14.0,62.0,173.0,0.0,3.0,
GFS,2026-09-16 12:00,2026-09-17 12:00,15,서울,1,25.2,99.0,0.0,82.0,99.0,624.0,0.0,3.0,
GFS,2026-09-16 12:00,2026-09-17 15:00,18,서울,1,25.5,100.0,0.0,99.0,100.0,459.0,0.0,3.0,
GFS,2026-09-16 12:00,2026-09-17 18:00,21,서울,1,24.3,100.0,0.0,100.0,100.0,162.0,0.0,3.0,
GFS,2026-09-16 12:00,2026-09-17 21:00,24,서울,1,22.1,99.0,0.0,96.0,79.0,2.0,0.0,3.0,
GFS,2026-09-16 12:00,2026-09-18 00:00,27,서울,1,20.0,96.0,0.0,95.0,66.0,0.0,0.0,3.0,
GFS,2026-09-16 12:00,2026-09-18 03:00,30,서울,1,18.8,48.0,0.0,44.0,22.0,0.0,0.0,3.0,
GFS,2026-09-16 12:00,2026-09-18 06:00,33,서울,1,18.1,90.0,0.0,87.0,40.0,0.0,0.0,3.0,
GFS,2026-09-16 12:00,2026-09-18 09:00,36,서울,1,21.4,74.0,0.0,59.0,70.0,149.0,0.0,3.0,
GFS,2026-09-16 12:00,2026-09-18 12:00,39,서울,1,26.1,4.0,0.0,4.0,0.0,644.0,0.0,3.0,
GFS,2026-09-16 12:00,2026-09-18 15:00,42,서울,1,28.3,10.0,2.0,9.0,0.0,743.0,0.0,3.0,
GFS,2026-09-16 12:00,2026-09-18 18:00,45,서울,1,25.5,23.0,18.0,5.0,7.0,331.0,0.0,3.0,
GFS,2026-09-16 12:00,2026-09-18 21:00,48,서울,1,22.1,4.0,0.0,4.0,0.0,4.0,0.0,3.0,
GFS,2026-09-16 12:00,2026-09-19 00:00,51,서울,1,20.6,100.0,0.0,0.0,100.0,0.0,0.0,3.0,
GFS,2026-09-16 12:00,2026-09-19 03:00,54,서울,1,19.4,98.0,0.0,1.0,98.0,0.0,0.0,3.0,
GFS,2026-09-16 12:00,2026-09-19 06:00,57,서울,1,18.3,94.0,0.0,64.0,86.0,0.0,0.0,3.0,
GFS,2026-09-16 12:00,2026-09-19 09:00,60,서울,1,22.0,0.0,0.0,0.0,0.0,181.0,0.0,3.0,
GFS,2026-09-16 12:00,2026-09-19 12:00,63,서울,1,26.3,0.0,0.0,0.0,0.0,671.0,0.0,3.0,
GFS,2026-09-16 12:00,2026-09-19 15:00,66,서울,1,28.4,0.0,0.0,0.0,0.0,745.0,0.0,3.0,
GFS,2026-09-16 12:00,2026-09-19 18:00,69,서울,1,26.6,7.0,0.0,0.0,7.0,330.0,0.0,3.0,
GFS,2026-09-16 12:00,2026-09-19 21:00,72,서울,1,23.1,1.0,0.0,0.0,1.0,4.0,0.0,3.0,
GFS,2026-09-16 12:00,2026-09-20 00:00,75,서울,1,21.0,57.0,0.0,0.0,57.0,0.0,0.0,3.0,
GFS,2026-09-16 12:00,2026-09-20 03:00,78,서울,1,19.1,36.0,0.0,0.0,36.0,0.0,0.0,3.0,
GFS,2026-09-16 12:00,2026-09-20 06:00,81,서울,1,17.6,99.0,0.0,0.0,99.0,0.0,0.0,3.0,
GFS,2026-09-16 12:00,2026-09-20 09:00,84,서울,1,21.1,5.0,0.0,1.0,5.0,176.0,0.0,3.0,
GFS,2026-09-16 12:00,2026-09-20 12:00,87,서울,1,26.9,69.0,0.0,0.0,69.0,674.0,0.0,3.0,
GFS,2026-09-16 12:00,2026-09-20 15:00,90,서울,1,29.0,14.0,0.0,5.0,14.0,707.0,0.0,3.0,
GFS,2026-09-16 12:00,2026-09-20 18:00,93,서울,1,26.5,24.0,0.0,5.0,23.0,329.0,0.0,3.0,
GFS,2026-09-16 12:00,2026-09-20 21:00,96,서울,1,23.5,5.0,0.0,5.0,4.0,3.0,0.0,3.0,
GFS,2026-09-16 12:00,2026-09-21 00:00,99,서울,1,21.8,20.0,0.0,5.0,20.0,0.0,0.0,3.0,
GFS,2026-09-16 12:00,2026-09-21 03:00,102,서울,1,20.3,41.0,0.0,41.0,1.0,0.0,0.0,3.0,
GFS,2026-09-16 12:00,2026-09-21 06:00,105,서울,1,19.1,21.0,0.0,21.0,0.0,0.0,0.0,3.0,
GFS,2026-09-16 12:00,2026-09-21 09:00,108,서울,1,22.1,4.0,0.0,2.0,3.0,176.0,0.0,3.0,
GFS,2026-09-16 12:00,2026-09-21 12:00,111,서울,1,26.9,5.0,0.0,5.0,1.0,653.0,0.0,3.0,
GFS,2026-09-16 12:00,2026-09-21 15:00,114,서울,1,28.5,81.0,0.0,4.0,81.0,723.0,0.0,3.0,
GFS,2026-09-16 12:00,2026-09-21 18:00,117,서울,1,24.7,40.0,10.0,14.0,28.0,289.0,0.0,3.0,
GFS,2026-09-16 12:00,2026-09-21 21:00,120,서울,1,22.8,39.0,2.0,34.0,10.0,3.0,0.0,3.0,
GFS,2026-09-16 12:00,2026-09-22 09:00,132,서울,1,23.4,1.0,1.0,0.0,0.0,84.0,0.0,6.0,
GFS,2026-09-16 12:00,2026-09-22 21:00,144,서울,1,24.3,10.0,10.0,0.0,0.0,124.0,0.1,6.0,
GFS,2026-09-16 12:00,2026-09-23 09:00,156,서울,1,24.2,1.0,0.0,1.0,0.0,86.0,0.0,6.0,
GFS,2026-09-16 12:00,2026-09-23 21:00,168,서울,1,24.6,77.0,1.0,0.0,77.0,152.0,0.0,6.0,
GFS,2026-09-16 12:00,2026-09-24 09:00,180,서울,1,23.2,100.0,1.0,100.0,98.0,43.0,0.0,6.0,
GFS,2026-09-16 12:00,2026-09-24 21:00,192,서울,1,23.9,13.0,13.0,0.0,0.0,147.0,0.0,6.0,
GFS,2026-09-16 12:00,2026-09-25 09:00,204,서울,1,23.6,98.0,1.0,4.0,98.0,71.0,0.0,6.0,
GFS,2026-09-16 12:00,2026-09-25 21:00,216,서울,1,23.8,68.0,33.0,59.0,30.0,54.0,0.1,6.0,
GFS,2026-09-16 12:00,2026-09-26 09:00,228,서울,1,19.6,100.0,100.0,97.0,98.0,4.0,4.3,6.0,
GFS,2026-09-16 12:00,2026-09-26 21:00,240,서울,1,19.2,100.0,83.0,100.0,100.0,5.0,11.9,6.0,
GFS,2026-09-16 12:00,2026-09-16 21:00,0,대전,1,20.2,1.0,0.0,0.0,1.0,,,,
GFS,2026-09-16 12:00,2026-09-17 00:00,3,대전,1,18.4,55.0,0.0,0.0,55.0,0.0,0.0,3.0,
GFS,2026-09-16 12:00,2026-09-17 03:00,6,대전,1,16.7,58.0,0.0,0.0,58.0,0.0,0.0,3.0,
GFS,2026-09-16 12:00,2026-09-17 06:00,9,대전,1,16.3,56.0,0.0,9.0,56.0,0.0,0.0,3.0,
GFS,2026-09-16 12:00,2026-09-17 09:00,12,대전,1,20.8,86.0,0.0,22.0,86.0,177.0,0.0,3.0,
GFS,2026-09-16 12:00,2026-09-17 12:00,15,대전,1,24.9,100.0,0.0,95.0,96.0,613.0,0.0,3.0,
GFS,2026-09-16 12:00,2026-09-17 15:00,18,대전,1,26.5,100.0,5.0,76.0,100.0,677.0,0.0,3.0,
GFS,2026-09-16 12:00,2026-09-17 18:00,21,대전,1,22.3,100.0,0.0,100.0,100.0,201.0,0.0,3.0,
GFS,2026-09-16 12:00,2026-09-17 21:00,24,대전,1,20.3,100.0,0.0,100.0,73.0,1.0,0.0,3.0,
GFS,2026-09-16 12:00,2026-09-18 00:00,27,대전,1,19.5,98.0,0.0,98.0,45.0,0.0,0.0,3.0,
GFS,2026-09-16 12:00,2026-09-18 03:00,30,대전,1,19.3,97.0,1.0,93.0,95.0,0.0,0.0,3.0,
GFS,2026-09-16 12:00,2026-09-18 06:00,33,대전,1,19.6,100.0,2.0,95.0,80.0,0.0,0.0,3.0,
GFS,2026-09-16 12:00,2026-09-18 09:00,36,대전,1,20.7,98.0,9.0,98.0,47.0,82.0,0.0,3.0,
GFS,2026-09-16 12:00,2026-09-18 12:00,39,대전,1,24.7,85.0,42.0,85.0,1.0,505.0,0.0,3.0,
GFS,2026-09-16 12:00,2026-09-18 15:00,42,대전,1,22.1,100.0,36.0,100.0,0.0,312.0,0.0,3.0,
GFS,2026-09-16 12:00,2026-09-18 18:00,45,대전,1,20.9,97.0,15.0,97.0,27.0,76.0,0.0,3.0,
GFS,2026-09-16 12:00,2026-09-18 21:00,48,대전,1,20.4,16.0,2.0,16.0,1.0,1.0,0.0,3.0,
GFS,2026-09-16 12:00,2026-09-19 00:00,51,대전,1,18.8,55.0,3.0,1.0,55.0,0.0,0.0,3.0,
GFS,2026-09-16 12:00,2026-09-19 03:00,54,대전,1,17.1,64.0,3.0,17.0,64.0,0.0,0.0,3.0,
GFS,2026-09-16 12:00,2026-09-19 06:00,57,대전,1,16.0,56.0,1.0,49.0,27.0,0.0,0.0,3.0,
GFS,2026-09-16 12:00,2026-09-19 09:00,60,대전,1,21.1,10.0,1.0,1.0,9.0,162.0,0.0,3.0,
GFS,2026-09-16 12:00,2026-09-19 12:00,63,대전,1,25.8,0.0,0.0,0.0,0.0,679.0,0.0,3.0,
GFS,2026-09-16 12:00,2026-09-19 15:00,66,대전,1,26.9,0.0,0.0,0.0,0.0,760.0,0.0,3.0,
GFS,2026-09-16 12:00,2026-09-19 18:00,69,대전,1,22.0,80.0,0.0,0.0,80.0,335.0,0.0,3.0,
GFS,2026-09-16 12:00,2026-09-19 21:00,72,대전,1,18.8,2.0,0.0,0.0,2.0,3.0,0.0,3.0,
GFS,2026-09-16 12:00,2026-09-20 00:00,75,대전,1,17.1,5.0,0.0,0.0,5.0,0.0,0.0,3.0,
GFS,2026-09-16 12:00,2026-09-20 03:00,78,대전,1,15.2,3.0,0.0,0.0,3.0,0.0,0.0,3.0,
GFS,2026-09-16 12:00,2026-09-20 06:00,81,대전,1,14.0,17.0,0.0,0.0,17.0,0.0,0.0,3.0,
GFS,2026-09-16 12:00,2026-09-20 09:00,84,대전,1,20.1,36.0,0.0,0.0,36.0,180.0,0.0,3.0,
GFS,2026-09-16 12:00,2026-09-20 12:00,87,대전,1,25.6,0.0,0.0,0.0,0.0,691.0,0.0,3.0,
GFS,2026-09-16 12:00,2026-09-20 15:00,90,대전,1,26.1,1.0,0.0,0.0,1.0,766.0,0.0,3.0,
GFS,2026-09-16 12:00,2026-09-20 18:00,93,대전,1,21.4,1.0,0.0,0.0,1.0,335.0,0.0,3.0,
GFS,2026-09-16 12:00,2026-09-20 21:00,96,대전,1,17.2,1.0,0.0,0.0,1.0,3.0,0.0,3.0,
GFS,2026-09-16 12:00,2026-09-21 00:00,99,대전,1,16.0,3.0,0.0,2.0,3.0,0.0,0.0,3.0,
GFS,2026-09-16 12:00,2026-09-21 03:00,102,대전,1,15.2,5.0,0.0,5.0,0.0,0.0,0.0,3.0,
GFS,2026-09-16 12:00,2026-09-21 06:00,105,대전,1,14.5,5.0,0.0,5.0,0.0,0.0,0.0,3.0,
GFS,2026-09-16 12:00,2026-09-21 09:00,108,대전,1,20.9,4.0,0.0,4.0,0.0,184.0,0.0,3.0,
GFS,2026-09-16 12:00,2026-09-21 12:00,111,대전,1,25.8,1.0,0.0,0.0,0.0,670.0,0.0,3.0,
GFS,2026-09-16 12:00,2026-09-21 15:00,114,대전,1,27.5,0.0,0.0,0.0,0.0,737.0,0.0,3.0,
GFS,2026-09-16 12:00,2026-09-21 18:00,117,대전,1,22.5,26.0,0.0,2.0,26.0,314.0,0.0,3.0,
GFS,2026-09-16 12:00,2026-09-21 21:00,120,대전,1,18.6,90.0,0.0,39.0,90.0,2.0,0.0,3.0,
GFS,2026-09-16 12:00,2026-09-22 09:00,132,대전,1,22.6,19.0,0.0,19.0,4.0,83.0,0.0,6.0,
GFS,2026-09-16 12:00,2026-09-22 21:00,144,대전,1,18.8,17.0,8.0,1.0,17.0,128.0,0.0,6.0,
GFS,2026-09-16 12:00,2026-09-23 09:00,156,대전,1,22.8,0.0,0.0,0.0,0.0,87.0,0.0,6.0,
GFS,2026-09-16 12:00,2026-09-23 21:00,168,대전,1,19.6,100.0,0.0,0.0,100.0,144.0,0.1,6.0,
GFS,2026-09-16 12:00,2026-09-24 09:00,180,대전,1,23.2,100.0,10.0,100.0,53.0,64.0,0.0,6.0,
GFS,2026-09-16 12:00,2026-09-24 21:00,192,대전,1,18.9,18.0,0.0,1.0,18.0,93.0,1.2,6.0,
GFS,2026-09-16 12:00,2026-09-25 09:00,204,대전,1,21.6,86.0,20.0,37.0,79.0,62.0,0.0,6.0,
GFS,2026-09-16 12:00,2026-09-25 21:00,216,대전,1,20.9,72.0,56.0,69.0,9.0,50.0,0.0,6.0,
GFS,2026-09-16 12:00,2026-09-26 09:00,228,대전,1,20.3,100.0,83.0,96.0,93.0,12.0,0.8,6.0,
GFS,2026-09-16 12:00,2026-09-26 21:00,240,대전,1,18.7,100.0,100.0,100.0,100.0,5.0,18.0,6.0,
GFS,2026-09-16 12:00,2026-09-16 21:00,0,대구,1,15.3,0.0,0.0,0.0,0.0,,,,
GFS,2026-09-16 12:00,2026-09-17 00:00,3,대구,1,14.8,6.0,0.0,0.0,6.0,0.0,0.0,3.0,
GFS,2026-09-16 12:00,2026-09-17 03:00,6,대구,1,14.3,27.0,1.0,0.0,26.0,0.0,0.0,3.0,
GFS,2026-09-16 12:00,2026-09-17 06:00,9,대구,1,13.9,63.0,22.0,5.0,58.0,0.0,0.0,3.0,
GFS,2026-09-16 12:00,2026-09-17 09:00,12,대구,1,20.9,100.0,36.0,87.0,95.0,189.0,0.0,3.0,
GFS,2026-09-16 12:00,2026-09-17 12:00,15,대구,1,24.1,76.0,1.0,66.0,59.0,650.0,0.0,3.0,
GFS,2026-09-16 12:00,2026-09-17 15:00,18,대구,1,23.8,100.0,0.0,43.0,100.0,713.0,0.0,3.0,
GFS,2026-09-16 12:00,2026-09-17 18:00,21,대구,1,19.9,100.0,2.0,100.0,100.0,212.0,0.0,3.0,
GFS,2026-09-16 12:00,2026-09-17 21:00,24,대구,1,18.4,100.0,16.0,100.0,99.0,2.0,0.0,3.0,
GFS,2026-09-16 12:00,2026-09-18 00:00,27,대구,1,18.6,100.0,8.0,100.0,96.0,0.0,0.1,3.0,
GFS,2026-09-16 12:00,2026-09-18 03:00,30,대구,1,18.1,100.0,8.0,100.0,100.0,0.0,0.0,3.0,
GFS,2026-09-16 12:00,2026-09-18 06:00,33,대구,1,18.1,100.0,58.0,100.0,100.0,0.0,0.1,3.0,
GFS,2026-09-16 12:00,2026-09-18 09:00,36,대구,1,19.8,100.0,81.0,100.0,100.0,47.0,0.1,3.0,
GFS,2026-09-16 12:00,2026-09-18 12:00,39,대구,1,20.0,98.0,92.0,98.0,84.0,48.0,0.1,3.0,
GFS,2026-09-16 12:00,2026-09-18 15:00,42,대구,1,19.9,100.0,85.0,100.0,74.0,75.0,0.2,3.0,
GFS,2026-09-16 12:00,2026-09-18 18:00,45,대구,1,19.0,54.0,28.0,36.0,0.0,56.0,0.3,3.0,
GFS,2026-09-16 12:00,2026-09-18 21:00,48,대구,1,16.6,52.0,47.0,5.0,15.0,1.0,0.1,3.0,
GFS,2026-09-16 12:00,2026-09-19 00:00,51,대구,1,17.8,74.0,58.0,2.0,32.0,0.0,0.1,3.0,
GFS,2026-09-16 12:00,2026-09-19 03:00,54,대구,1,17.6,59.0,59.0,2.0,3.0,0.0,0.0,3.0,
GFS,2026-09-16 12:00,2026-09-19 06:00,57,대구,1,15.5,38.0,37.0,5.0,4.0,0.0,0.0,3.0,
GFS,2026-09-16 12:00,2026-09-19 09:00,60,대구,1,20.9,92.0,37.0,79.0,73.0,177.0,0.0,3.0,
GFS,2026-09-16 12:00,2026-09-19 12:00,63,대구,1,23.5,52.0,52.0,0.0,2.0,393.0,0.0,3.0,
GFS,2026-09-16 12:00,2026-09-19 15:00,66,대구,1,25.0,11.0,11.0,0.0,0.0,597.0,0.0,3.0,
GFS,2026-09-16 12:00,2026-09-19 18:00,69,대구,1,19.5,0.0,0.0,0.0,0.0,312.0,0.0,3.0,
GFS,2026-09-16 12:00,2026-09-19 21:00,72,대구,1,15.1,1.0,1.0,0.0,0.0,2.0,0.0,3.0,
GFS,2026-09-16 12:00,2026-09-20 00:00,75,대구,1,14.5,11.0,11.0,0.0,0.0,0.0,0.0,3.0,
GFS,2026-09-16 12:00,2026-09-20 03:00,78,대구,1,13.9,1.0,1.0,0.0,0.0,0.0,0.0,3.0,
GFS,2026-09-16 12:00,2026-09-20 06:00,81,대구,1,12.8,0.0,0.0,0.0,0.0,0.0,0.0,3.0,
GFS,2026-09-16 12:00,2026-09-20 09:00,84,대구,1,19.6,24.0,7.0,0.0,18.0,206.0,0.0,3.0,
GFS,2026-09-16 12:00,2026-09-20 12:00,87,대구,1,25.3,1.0,0.0,0.0,1.0,700.0,0.0,3.0,
GFS,2026-09-16 12:00,2026-09-20 15:00,90,대구,1,26.3,1.0,0.0,0.0,1.0,755.0,0.0,3.0,
GFS,2026-09-16 12:00,2026-09-20 18:00,93,대구,1,19.8,0.0,0.0,0.0,0.0,312.0,0.0,3.0,
GFS,2026-09-16 12:00,2026-09-20 21:00,96,대구,1,15.4,3.0,0.0,0.0,3.0,2.0,0.0,3.0,
GFS,2026-09-16 12:00,2026-09-21 00:00,99,대구,1,14.6,3.0,0.0,0.0,3.0,0.0,0.0,3.0,
GFS,2026-09-16 12:00,2026-09-21 03:00,102,대구,1,14.3,2.0,0.0,0.0,2.0,0.0,0.0,3.0,
GFS,2026-09-16 12:00,2026-09-21 06:00,105,대구,1,13.8,1.0,0.0,1.0,0.0,0.0,0.0,3.0,
GFS,2026-09-16 12:00,2026-09-21 09:00,108,대구,1,20.8,1.0,0.0,1.0,0.0,199.0,0.0,3.0,
GFS,2026-09-16 12:00,2026-09-21 12:00,111,대구,1,26.5,0.0,0.0,0.0,0.0,685.0,0.0,3.0,
GFS,2026-09-16 12:00,2026-09-21 15:00,114,대구,1,27.1,0.0,0.0,0.0,0.0,737.0,0.0,3.0,
GFS,2026-09-16 12:00,2026-09-21 18:00,117,대구,1,20.2,0.0,0.0,0.0,0.0,299.0,0.0,3.0,
GFS,2026-09-16 12:00,2026-09-21 21:00,120,대구,1,16.5,0.0,0.0,0.0,0.0,1.0,0.0,3.0,
GFS,2026-09-16 12:00,2026-09-22 09:00,132,대구,1,20.7,77.0,0.0,77.0,20.0,77.0,0.0,6.0,
GFS,2026-09-16 12:00,2026-09-22 21:00,144,대구,1,17.8,83.0,9.0,4.0,83.0,144.0,0.0,6.0,
GFS,2026-09-16 12:00,2026-09-23 09:00,156,대구,1,22.2,3.0,0.0,3.0,0.0,96.0,0.0,6.0,
GFS,2026-09-16 12:00,2026-09-23 21:00,168,대구,1,18.0,73.0,0.0,0.0,73.0,139.0,0.0,6.0,
GFS,2026-09-16 12:00,2026-09-24 09:00,180,대구,1,20.3,100.0,2.0,100.0,35.0,34.0,0.0,6.0,
GFS,2026-09-16 12:00,2026-09-24 21:00,192,대구,1,17.7,48.0,0.0,17.0,46.0,46.0,0.0,6.0,
GFS,2026-09-16 12:00,2026-09-25 09:00,204,대구,1,21.2,100.0,12.0,4.0,100.0,90.0,0.0,6.0,
GFS,2026-09-16 12:00,2026-09-25 21:00,216,대구,1,18.7,95.0,2.0,95.0,0.0,90.0,0.0,6.0,
GFS,2026-09-16 12:00,2026-09-26 09:00,228,대구,1,19.3,100.0,68.0,93.0,100.0,8.0,0.0,6.0,
GFS,2026-09-16 12:00,2026-09-26 21:00,240,대구,1,17.7,100.0,99.0,100.0,100.0,8.0,5.4,6.0,
GFS,2026-09-16 12:00,2026-09-16 21:00,0,광주,1,20.9,43.0,36.0,0.0,11.0,,,,
GFS,2026-09-16 12:00,2026-09-17 00:00,3,광주,1,18.2,75.0,17.0,0.0,71.0,0.0,0.0,3.0,
GFS,2026-09-16 12:00,2026-09-17 03:00,6,광주,1,16.3,75.0,0.0,0.0,75.0,0.0,0.0,3.0,
GFS,2026-09-16 12:00,2026-09-17 06:00,9,광주,1,14.6,100.0,0.0,61.0,100.0,0.0,0.0,3.0,
GFS,2026-09-16 12:00,2026-09-17 09:00,12,광주,1,19.8,91.0,0.0,45.0,76.0,157.0,0.0,3.0,
GFS,2026-09-16 12:00,2026-09-17 12:00,15,광주,1,25.3,96.0,0.0,69.0,73.0,636.0,0.0,3.0,
GFS,2026-09-16 12:00,2026-09-17 15:00,18,광주,1,26.2,100.0,4.0,100.0,100.0,630.0,0.0,3.0,
GFS,2026-09-16 12:00,2026-09-17 18:00,21,광주,1,22.4,99.0,15.0,99.0,38.0,221.0,0.0,3.0,
GFS,2026-09-16 12:00,2026-09-17 21:00,24,광주,1,19.1,99.0,0.0,97.0,86.0,4.0,0.0,3.0,
GFS,2026-09-16 12:00,2026-09-18 00:00,27,광주,1,18.2,100.0,0.0,100.0,78.0,0.0,0.0,3.0,
GFS,2026-09-16 12:00,2026-09-18 03:00,30,광주,1,17.3,100.0,1.0,100.0,100.0,0.0,0.0,3.0,
GFS,2026-09-16 12:00,2026-09-18 06:00,33,광주,1,17.9,100.0,46.0,100.0,100.0,0.0,0.0,3.0,
GFS,2026-09-16 12:00,2026-09-18 09:00,36,광주,1,19.3,100.0,85.0,100.0,42.0,39.0,0.1,3.0,
GFS,2026-09-16 12:00,2026-09-18 12:00,39,광주,1,21.3,94.0,77.0,92.0,65.0,179.0,0.2,3.0,
GFS,2026-09-16 12:00,2026-09-18 15:00,42,광주,1,19.9,98.0,97.0,94.0,0.0,112.0,0.1,3.0,
GFS,2026-09-16 12:00,2026-09-18 18:00,45,광주,1,19.4,80.0,80.0,35.0,1.0,26.0,0.1,3.0,
GFS,2026-09-16 12:00,2026-09-18 21:00,48,광주,1,17.6,2.0,1.0,1.0,1.0,2.0,0.0,3.0,
GFS,2026-09-16 12:00,2026-09-19 00:00,51,광주,1,16.6,17.0,0.0,0.0,17.0,0.0,0.0,3.0,
GFS,2026-09-16 12:00,2026-09-19 03:00,54,광주,1,16.1,14.0,0.0,1.0,14.0,0.0,0.0,3.0,
GFS,2026-09-16 12:00,2026-09-19 06:00,57,광주,1,15.7,5.0,0.0,3.0,3.0,0.0,0.0,3.0,
GFS,2026-09-16 12:00,2026-09-19 09:00,60,광주,1,21.3,75.0,0.0,31.0,74.0,177.0,0.0,3.0,
GFS,2026-09-16 12:00,2026-09-19 12:00,63,광주,1,26.3,19.0,19.0,0.0,0.0,656.0,0.0,3.0,
GFS,2026-09-16 12:00,2026-09-19 15:00,66,광주,1,28.1,37.0,37.0,0.0,0.0,730.0,0.0,3.0,
GFS,2026-09-16 12:00,2026-09-19 18:00,69,광주,1,23.0,58.0,58.0,0.0,0.0,276.0,0.1,3.0,
GFS,2026-09-16 12:00,2026-09-19 21:00,72,광주,1,19.0,3.0,3.0,0.0,0.0,1.0,0.1,3.0,
GFS,2026-09-16 12:00,2026-09-20 00:00,75,광주,1,17.3,0.0,0.0,0.0,0.0,0.0,0.0,3.0,
GFS,2026-09-16 12:00,2026-09-20 03:00,78,광주,1,16.6,2.0,0.0,0.0,2.0,0.0,0.0,3.0,
GFS,2026-09-16 12:00,2026-09-20 06:00,81,광주,1,15.9,39.0,0.0,0.0,39.0,0.0,0.0,3.0,
GFS,2026-09-16 12:00,2026-09-20 09:00,84,광주,1,20.9,12.0,0.0,0.0,12.0,169.0,0.0,3.0,
GFS,2026-09-16 12:00,2026-09-20 12:00,87,광주,1,26.3,1.0,0.0,0.0,1.0,694.0,0.0,3.0,
GFS,2026-09-16 12:00,2026-09-20 15:00,90,광주,1,27.0,5.0,0.0,0.0,5.0,776.0,0.0,3.0,
GFS,2026-09-16 12:00,2026-09-20 18:00,93,광주,1,21.2,0.0,0.0,0.0,0.0,345.0,0.0,3.0,
GFS,2026-09-16 12:00,2026-09-20 21:00,96,광주,1,16.8,1.0,0.0,0.0,1.0,3.0,0.0,3.0,
GFS,2026-09-16 12:00,2026-09-21 00:00,99,광주,1,15.7,2.0,0.0,0.0,2.0,0.0,0.0,3.0,
GFS,2026-09-16 12:00,2026-09-21 03:00,102,광주,1,14.9,1.0,0.0,1.0,0.0,0.0,0.0,3.0,
GFS,2026-09-16 12:00,2026-09-21 06:00,105,광주,1,14.4,3.0,0.0,3.0,0.0,0.0,0.0,3.0,
GFS,2026-09-16 12:00,2026-09-21 09:00,108,광주,1,20.9,1.0,0.0,1.0,0.0,185.0,0.0,3.0,
GFS,2026-09-16 12:00,2026-09-21 12:00,111,광주,1,26.8,0.0,0.0,0.0,0.0,684.0,0.0,3.0,
GFS,2026-09-16 12:00,2026-09-21 15:00,114,광주,1,27.8,0.0,0.0,0.0,0.0,759.0,0.0,3.0,
GFS,2026-09-16 12:00,2026-09-21 18:00,117,광주,1,22.2,0.0,0.0,0.0,0.0,330.0,0.0,3.0,
GFS,2026-09-16 12:00,2026-09-21 21:00,120,광주,1,17.6,7.0,0.0,4.0,6.0,3.0,0.0,3.0,
GFS,2026-09-16 12:00,2026-09-22 09:00,132,광주,1,21.2,80.0,40.0,71.0,22.0,41.0,0.0,6.0,
GFS,2026-09-16 12:00,2026-09-22 21:00,144,광주,1,19.0,63.0,1.0,4.0,63.0,150.0,0.0,6.0,
GFS,2026-09-16 12:00,2026-09-23 09:00,156,광주,1,23.0,5.0,0.0,3.0,3.0,86.0,0.0,6.0,
GFS,2026-09-16 12:00,2026-09-23 21:00,168,광주,1,19.8,100.0,7.0,4.0,100.0,47.0,0.2,6.0,
GFS,2026-09-16 12:00,2026-09-24 09:00,180,광주,1,21.5,95.0,44.0,93.0,18.0,26.0,0.1,6.0,
GFS,2026-09-16 12:00,2026-09-24 21:00,192,광주,1,19.4,72.0,15.0,70.0,32.0,12.0,0.1,6.0,
GFS,2026-09-16 12:00,2026-09-25 09:00,204,광주,1,21.0,100.0,92.0,61.0,92.0,31.0,0.0,6.0,
GFS,2026-09-16 12:00,2026-09-25 21:00,216,광주,1,20.8,83.0,15.0,67.0,69.0,117.0,0.0,6.0,
GFS,2026-09-16 12:00,2026-09-26 09:00,228,광주,1,20.4,97.0,32.0,85.0,85.0,19.0,0.0,6.0,
GFS,2026-09-16 12:00,2026-09-26 21:00,240,광주,1,19.7,100.0,99.0,100.0,100.0,13.0,3.8,6.0,
GFS,2026-09-16 12:00,2026-09-16 21:00,0,부산,1,23.6,43.0,0.0,0.0,43.0,,,,
GFS,2026-09-16 12:00,2026-09-17 00:00,3,부산,1,23.4,36.0,32.0,0.0,5.0,0.0,0.0,3.0,
GFS,2026-09-16 12:00,2026-09-17 03:00,6,부산,1,23.0,80.0,43.0,0.0,60.0,0.0,0.0,3.0,
GFS,2026-09-16 12:00,2026-09-17 06:00,9,부산,1,23.2,100.0,57.0,84.0,95.0,0.0,0.0,3.0,
GFS,2026-09-16 12:00,2026-09-17 09:00,12,부산,1,23.9,100.0,59.0,43.0,100.0,110.0,0.0,3.0,
GFS,2026-09-16 12:00,2026-09-17 12:00,15,부산,1,24.3,100.0,1.0,75.0,100.0,366.0,0.0,3.0,
GFS,2026-09-16 12:00,2026-09-17 15:00,18,부산,1,24.3,67.0,1.0,58.0,40.0,523.0,0.0,3.0,
GFS,2026-09-16 12:00,2026-09-17 18:00,21,부산,1,24.1,100.0,0.0,97.0,100.0,288.0,0.0,3.0,
GFS,2026-09-16 12:00,2026-09-17 21:00,24,부산,1,24.0,100.0,1.0,99.0,100.0,2.0,0.0,3.0,
GFS,2026-09-16 12:00,2026-09-18 00:00,27,부산,1,23.9,100.0,51.0,98.0,100.0,0.0,0.0,3.0,
GFS,2026-09-16 12:00,2026-09-18 03:00,30,부산,1,23.8,100.0,64.0,100.0,98.0,0.0,0.1,3.0,
GFS,2026-09-16 12:00,2026-09-18 06:00,33,부산,1,22.8,100.0,99.0,100.0,100.0,0.0,0.9,3.0,
GFS,2026-09-16 12:00,2026-09-18 09:00,36,부산,1,22.0,100.0,100.0,100.0,100.0,18.0,2.0,3.0,
GFS,2026-09-16 12:00,2026-09-18 12:00,39,부산,1,21.7,100.0,100.0,100.0,99.0,38.0,8.0,3.0,
GFS,2026-09-16 12:00,2026-09-18 15:00,42,부산,1,21.6,100.0,99.0,100.0,100.0,80.0,9.5,3.0,
GFS,2026-09-16 12:00,2026-09-18 18:00,45,부산,1,21.5,97.0,79.0,56.0,0.0,34.0,2.9,3.0,
GFS,2026-09-16 12:00,2026-09-18 21:00,48,부산,1,22.1,70.0,70.0,12.0,0.0,0.0,0.1,3.0,
GFS,2026-09-16 12:00,2026-09-19 00:00,51,부산,1,22.1,24.0,24.0,1.0,0.0,0.0,0.0,3.0,
GFS,2026-09-16 12:00,2026-09-19 03:00,54,부산,1,22.0,40.0,39.0,0.0,4.0,0.0,0.0,3.0,
GFS,2026-09-16 12:00,2026-09-19 06:00,57,부산,1,21.1,78.0,78.0,0.0,1.0,0.0,0.0,3.0,
GFS,2026-09-16 12:00,2026-09-19 09:00,60,부산,1,22.9,60.0,60.0,1.0,1.0,112.0,0.1,3.0,
GFS,2026-09-16 12:00,2026-09-19 12:00,63,부산,1,24.2,46.0,46.0,12.0,4.0,640.0,0.0,3.0,
GFS,2026-09-16 12:00,2026-09-19 15:00,66,부산,1,24.5,23.0,23.0,0.0,0.0,707.0,0.0,3.0,
GFS,2026-09-16 12:00,2026-09-19 18:00,69,부산,1,23.9,0.0,0.0,0.0,0.0,306.0,0.0,3.0,
GFS,2026-09-16 12:00,2026-09-19 21:00,72,부산,1,22.5,1.0,0.0,0.0,1.0,2.0,0.0,3.0,
GFS,2026-09-16 12:00,2026-09-20 00:00,75,부산,1,21.8,45.0,45.0,0.0,0.0,0.0,0.0,3.0,
GFS,2026-09-16 12:00,2026-09-20 03:00,78,부산,1,21.1,3.0,3.0,0.0,0.0,0.0,0.0,3.0,
GFS,2026-09-16 12:00,2026-09-20 06:00,81,부산,1,20.1,11.0,11.0,0.0,0.0,0.0,0.0,3.0,
GFS,2026-09-16 12:00,2026-09-20 09:00,84,부산,1,21.6,1.0,0.0,0.0,1.0,215.0,0.0,3.0,
GFS,2026-09-16 12:00,2026-09-20 12:00,87,부산,1,24.1,9.0,7.0,0.0,6.0,704.0,0.0,3.0,
GFS,2026-09-16 12:00,2026-09-20 15:00,90,부산,1,24.6,0.0,0.0,0.0,0.0,767.0,0.0,3.0,
GFS,2026-09-16 12:00,2026-09-20 18:00,93,부산,1,24.0,0.0,0.0,0.0,0.0,322.0,0.0,3.0,
GFS,2026-09-16 12:00,2026-09-20 21:00,96,부산,1,22.5,0.0,0.0,0.0,0.0,2.0,0.0,3.0,
GFS,2026-09-16 12:00,2026-09-21 00:00,99,부산,1,21.9,4.0,0.0,0.0,4.0,0.0,0.0,3.0,
GFS,2026-09-16 12:00,2026-09-21 03:00,102,부산,1,21.3,2.0,0.0,0.0,2.0,0.0,0.0,3.0,
GFS,2026-09-16 12:00,2026-09-21 06:00,105,부산,1,20.7,0.0,0.0,0.0,0.0,0.0,0.0,3.0,
GFS,2026-09-16 12:00,2026-09-21 09:00,108,부산,1,21.5,0.0,0.0,0.0,0.0,210.0,0.0,3.0,
GFS,2026-09-16 12:00,2026-09-21 12:00,111,부산,1,22.6,0.0,0.0,0.0,0.0,702.0,0.0,3.0,
GFS,2026-09-16 12:00,2026-09-21 15:00,114,부산,1,23.4,0.0,0.0,0.0,0.0,754.0,0.0,3.0,
GFS,2026-09-16 12:00,2026-09-21 18:00,117,부산,1,23.7,0.0,0.0,0.0,0.0,310.0,0.0,3.0,
GFS,2026-09-16 12:00,2026-09-21 21:00,120,부산,1,23.3,0.0,0.0,0.0,0.0,1.0,0.0,3.0,
GFS,2026-09-16 12:00,2026-09-22 09:00,132,부산,1,22.4,26.0,0.0,19.0,9.0,98.0,0.0,6.0,
GFS,2026-09-16 12:00,2026-09-22 21:00,144,부산,1,23.6,76.0,0.0,50.0,76.0,149.0,0.0,6.0,
GFS,2026-09-16 12:00,2026-09-23 09:00,156,부산,1,22.9,66.0,0.0,6.0,65.0,97.0,0.0,6.0,
GFS,2026-09-16 12:00,2026-09-23 21:00,168,부산,1,23.6,11.0,0.0,4.0,11.0,149.0,0.0,6.0,
GFS,2026-09-16 12:00,2026-09-24 09:00,180,부산,1,22.5,92.0,51.0,84.0,67.0,12.0,0.0,6.0,
GFS,2026-09-16 12:00,2026-09-24 21:00,192,부산,1,23.8,43.0,1.0,28.0,31.0,14.0,0.1,6.0,
GFS,2026-09-16 12:00,2026-09-25 09:00,204,부산,1,22.8,72.0,1.0,5.0,72.0,90.0,0.0,6.0,
GFS,2026-09-16 12:00,2026-09-25 21:00,216,부산,1,23.7,21.0,0.0,21.0,0.0,135.0,0.0,6.0,
GFS,2026-09-16 12:00,2026-09-26 09:00,228,부산,1,23.3,97.0,13.0,41.0,97.0,71.0,0.0,6.0,
GFS,2026-09-16 12:00,2026-09-26 21:00,240,부산,1,23.2,100.0,52.0,100.0,94.0,108.0,0.4,6.0,
GFS,2026-09-16 12:00,2026-09-16 21:00,0,인천,0,23.4,0.0,0.0,0.0,0.0,,,,
GFS,2026-09-16 12:00,2026-09-17 00:00,3,인천,0,22.4,12.0,0.0,0.0,12.0,0.0,0.0,3.0,
GFS,2026-09-16 12:00,2026-09-17 03:00,6,인천,0,20.7,41.0,0.0,0.0,41.0,0.0,0.0,3.0,
GFS,2026-09-16 12:00,2026-09-17 06:00,9,인천,0,19.4,84.0,0.0,3.0,84.0,0.0,0.0,3.0,
GFS,2026-09-16 12:00,2026-09-17 09:00,12,인천,0,21.6,76.0,0.0,12.0,74.0,162.0,0.0,3.0,
GFS,2026-09-16 12:00,2026-09-17 12:00,15,인천,0,25.6,99.0,0.0,73.0,99.0,600.0,0.0,3.0,
GFS,2026-09-16 12:00,2026-09-17 15:00,18,인천,0,26.0,100.0,0.0,98.0,100.0,431.0,0.0,3.0,
GFS,2026-09-16 12:00,2026-09-17 18:00,21,인천,0,25.4,100.0,0.0,100.0,99.0,148.0,0.0,3.0,
GFS,2026-09-16 12:00,2026-09-17 21:00,24,인천,0,23.5,98.0,0.0,98.0,39.0,3.0,0.0,3.0,
GFS,2026-09-16 12:00,2026-09-18 00:00,27,인천,0,21.6,80.0,0.0,77.0,64.0,0.0,0.0,3.0,
GFS,2026-09-16 12:00,2026-09-18 03:00,30,인천,0,20.4,65.0,0.0,60.0,57.0,0.0,0.0,3.0,
GFS,2026-09-16 12:00,2026-09-18 06:00,33,인천,0,19.9,95.0,0.0,81.0,81.0,0.0,0.0,3.0,
GFS,2026-09-16 12:00,2026-09-18 09:00,36,인천,0,22.4,51.0,0.0,40.0,49.0,161.0,0.0,3.0,
GFS,2026-09-16 12:00,2026-09-18 12:00,39,인천,0,26.4,3.0,0.0,3.0,0.0,648.0,0.0,3.0,
GFS,2026-09-16 12:00,2026-09-18 15:00,42,인천,0,28.7,5.0,1.0,5.0,0.0,744.0,0.0,3.0,
GFS,2026-09-16 12:00,2026-09-18 18:00,45,인천,0,26.8,37.0,17.0,4.0,25.0,335.0,0.0,3.0,
GFS,2026-09-16 12:00,2026-09-18 21:00,48,인천,0,23.6,3.0,0.0,3.0,1.0,4.0,0.0,3.0,
GFS,2026-09-16 12:00,2026-09-19 00:00,51,인천,0,22.1,100.0,0.0,0.0,100.0,0.0,0.0,3.0,
GFS,2026-09-16 12:00,2026-09-19 03:00,54,인천,0,21.0,53.0,0.0,1.0,53.0,0.0,0.0,3.0,
GFS,2026-09-16 12:00,2026-09-19 06:00,57,인천,0,19.8,53.0,0.0,27.0,50.0,0.0,0.0,3.0,
GFS,2026-09-16 12:00,2026-09-19 09:00,60,인천,0,22.5,0.0,0.0,0.0,0.0,181.0,0.0,3.0,
GFS,2026-09-16 12:00,2026-09-19 12:00,63,인천,0,26.7,0.0,0.0,0.0,0.0,669.0,0.0,3.0,
GFS,2026-09-16 12:00,2026-09-19 15:00,66,인천,0,28.7,0.0,0.0,0.0,0.0,746.0,0.0,3.0,
GFS,2026-09-16 12:00,2026-09-19 18:00,69,인천,0,27.4,20.0,0.0,0.0,20.0,334.0,0.0,3.0,
GFS,2026-09-16 12:00,2026-09-19 21:00,72,인천,0,24.6,4.0,0.0,0.0,4.0,4.0,0.0,3.0,
GFS,2026-09-16 12:00,2026-09-20 00:00,75,인천,0,22.7,68.0,0.0,0.0,68.0,0.0,0.0,3.0,
GFS,2026-09-16 12:00,2026-09-20 03:00,78,인천,0,21.1,45.0,0.0,0.0,45.0,0.0,0.0,3.0,
GFS,2026-09-16 12:00,2026-09-20 06:00,81,인천,0,19.6,99.0,0.0,0.0,99.0,0.0,0.0,3.0,
GFS,2026-09-16 12:00,2026-09-20 09:00,84,인천,0,21.9,5.0,0.0,2.0,5.0,174.0,0.0,3.0,
GFS,2026-09-16 12:00,2026-09-20 12:00,87,인천,0,26.4,88.0,0.0,0.0,88.0,664.0,0.0,3.0,
GFS,2026-09-16 12:00,2026-09-20 15:00,90,인천,0,27.3,5.0,0.0,5.0,5.0,707.0,0.0,3.0,
GFS,2026-09-16 12:00,2026-09-20 18:00,93,인천,0,24.7,11.0,0.0,5.0,11.0,326.0,0.0,3.0,
GFS,2026-09-16 12:00,2026-09-20 21:00,96,인천,0,23.1,20.0,0.0,20.0,5.0,3.0,0.0,3.0,
GFS,2026-09-16 12:00,2026-09-21 00:00,99,인천,0,21.9,6.0,0.0,5.0,5.0,0.0,0.0,3.0,
GFS,2026-09-16 12:00,2026-09-21 03:00,102,인천,0,20.4,63.0,0.0,63.0,3.0,0.0,0.0,3.0,
GFS,2026-09-16 12:00,2026-09-21 06:00,105,인천,0,19.5,23.0,0.0,23.0,0.0,0.0,0.0,3.0,
GFS,2026-09-16 12:00,2026-09-21 09:00,108,인천,0,22.1,5.0,0.0,4.0,4.0,173.0,0.0,3.0,
GFS,2026-09-16 12:00,2026-09-21 12:00,111,인천,0,25.8,5.0,0.0,5.0,1.0,648.0,0.0,3.0,
GFS,2026-09-16 12:00,2026-09-21 15:00,114,인천,0,25.7,75.0,0.0,5.0,75.0,720.0,0.0,3.0,
GFS,2026-09-16 12:00,2026-09-21 18:00,117,인천,0,23.6,62.0,3.0,57.0,42.0,294.0,0.0,3.0,
GFS,2026-09-16 12:00,2026-09-21 21:00,120,인천,0,22.6,61.0,4.0,48.0,27.0,3.0,0.0,3.0,
GFS,2026-09-16 12:00,2026-09-22 09:00,132,인천,0,23.6,0.0,0.0,0.0,0.0,83.0,0.0,6.0,
GFS,2026-09-16 12:00,2026-09-22 21:00,144,인천,0,23.7,0.0,0.0,0.0,0.0,152.0,0.0,6.0,
GFS,2026-09-16 12:00,2026-09-23 09:00,156,인천,0,24.2,0.0,0.0,0.0,0.0,84.0,0.0,6.0,
GFS,2026-09-16 12:00,2026-09-23 21:00,168,인천,0,23.9,73.0,0.0,1.0,73.0,155.0,0.0,6.0,
GFS,2026-09-16 12:00,2026-09-24 09:00,180,인천,0,23.5,100.0,1.0,100.0,98.0,46.0,0.0,6.0,
GFS,2026-09-16 12:00,2026-09-24 21:00,192,인천,0,23.5,0.0,0.0,0.0,0.0,151.0,0.0,6.0,
GFS,2026-09-16 12:00,2026-09-25 09:00,204,인천,0,23.7,100.0,0.0,39.0,99.0,63.0,0.0,6.0,
GFS,2026-09-16 12:00,2026-09-25 21:00,216,인천,0,23.2,85.0,50.0,77.0,52.0,59.0,0.0,6.0,
GFS,2026-09-16 12:00,2026-09-26 09:00,228,인천,0,20.0,100.0,100.0,98.0,100.0,5.0,6.2,6.0,
GFS,2026-09-16 12:00,2026-09-26 21:00,240,인천,0,19.9,100.0,70.0,100.0,100.0,7.0,12.4,6.0,
GFS,2026-09-16 12:00,2026-09-16 21:00,0,수원,0,22.4,0.0,0.0,0.0,0.0,,,,
GFS,2026-09-16 12:00,2026-09-17 00:00,3,수원,0,20.1,46.0,0.0,0.0,46.0,0.0,0.0,3.0,
GFS,2026-09-16 12:00,2026-09-17 03:00,6,수원,0,19.0,66.0,0.0,0.0,66.0,0.0,0.0,3.0,
GFS,2026-09-16 12:00,2026-09-17 06:00,9,수원,0,17.4,80.0,0.0,7.0,80.0,0.0,0.0,3.0,
GFS,2026-09-16 12:00,2026-09-17 09:00,12,수원,0,21.1,66.0,0.0,35.0,62.0,182.0,0.0,3.0,
GFS,2026-09-16 12:00,2026-09-17 12:00,15,수원,0,23.9,100.0,0.0,97.0,100.0,563.0,0.0,3.0,
GFS,2026-09-16 12:00,2026-09-17 15:00,18,수원,0,25.0,100.0,0.0,99.0,100.0,363.0,0.0,3.0,
GFS,2026-09-16 12:00,2026-09-17 18:00,21,수원,0,23.7,100.0,0.0,100.0,100.0,183.0,0.0,3.0,
GFS,2026-09-16 12:00,2026-09-17 21:00,24,수원,0,21.6,99.0,0.0,96.0,78.0,2.0,0.0,3.0,
GFS,2026-09-16 12:00,2026-09-18 00:00,27,수원,0,20.0,93.0,0.0,93.0,50.0,0.0,0.0,3.0,
GFS,2026-09-16 12:00,2026-09-18 03:00,30,수원,0,19.1,69.0,0.0,64.0,20.0,0.0,0.0,3.0,
GFS,2026-09-16 12:00,2026-09-18 06:00,33,수원,0,18.6,88.0,0.0,80.0,50.0,0.0,0.0,3.0,
GFS,2026-09-16 12:00,2026-09-18 09:00,36,수원,0,21.7,98.0,0.0,86.0,98.0,157.0,0.0,3.0,
GFS,2026-09-16 12:00,2026-09-18 12:00,39,수원,0,25.7,4.0,1.0,4.0,0.0,630.0,0.0,3.0,
GFS,2026-09-16 12:00,2026-09-18 15:00,42,수원,0,28.0,9.0,2.0,8.0,0.0,737.0,0.0,3.0,
GFS,2026-09-16 12:00,2026-09-18 18:00,45,수원,0,25.5,31.0,18.0,5.0,15.0,319.0,0.0,3.0,
GFS,2026-09-16 12:00,2026-09-18 21:00,48,수원,0,22.1,3.0,0.0,3.0,0.0,3.0,0.0,3.0,
GFS,2026-09-16 12:00,2026-09-19 00:00,51,수원,0,20.8,95.0,0.0,0.0,95.0,0.0,0.0,3.0,
GFS,2026-09-16 12:00,2026-09-19 03:00,54,수원,0,19.5,99.0,1.0,14.0,99.0,0.0,0.0,3.0,
GFS,2026-09-16 12:00,2026-09-19 06:00,57,수원,0,18.5,93.0,0.0,84.0,72.0,0.0,0.0,3.0,
GFS,2026-09-16 12:00,2026-09-19 09:00,60,수원,0,22.3,1.0,0.0,1.0,0.0,182.0,0.0,3.0,
GFS,2026-09-16 12:00,2026-09-19 12:00,63,수원,0,26.2,0.0,0.0,0.0,0.0,671.0,0.0,3.0,
GFS,2026-09-16 12:00,2026-09-19 15:00,66,수원,0,28.3,0.0,0.0,0.0,0.0,744.0,0.0,3.0,
GFS,2026-09-16 12:00,2026-09-19 18:00,69,수원,0,25.4,8.0,0.0,0.0,8.0,328.0,0.0,3.0,
GFS,2026-09-16 12:00,2026-09-19 21:00,72,수원,0,22.7,10.0,0.0,0.0,10.0,4.0,0.0,3.0,
GFS,2026-09-16 12:00,2026-09-20 00:00,75,수원,0,20.9,55.0,0.0,0.0,55.0,0.0,0.0,3.0,
GFS,2026-09-16 12:00,2026-09-20 03:00,78,수원,0,19.0,27.0,0.0,0.0,27.0,0.0,0.0,3.0,
GFS,2026-09-16 12:00,2026-09-20 06:00,81,수원,0,17.8,99.0,0.0,0.0,99.0,0.0,0.0,3.0,
GFS,2026-09-16 12:00,2026-09-20 09:00,84,수원,0,21.4,5.0,0.0,0.0,5.0,175.0,0.0,3.0,
GFS,2026-09-16 12:00,2026-09-20 12:00,87,수원,0,26.7,63.0,0.0,0.0,63.0,675.0,0.0,3.0,
GFS,2026-09-16 12:00,2026-09-20 15:00,90,수원,0,27.2,6.0,0.0,4.0,6.0,734.0,0.0,3.0,
GFS,2026-09-16 12:00,2026-09-20 18:00,93,수원,0,24.2,7.0,0.0,3.0,6.0,329.0,0.0,3.0,
GFS,2026-09-16 12:00,2026-09-20 21:00,96,수원,0,22.0,5.0,0.0,4.0,4.0,3.0,0.0,3.0,
GFS,2026-09-16 12:00,2026-09-21 00:00,99,수원,0,20.8,20.0,0.0,5.0,20.0,0.0,0.0,3.0,
GFS,2026-09-16 12:00,2026-09-21 03:00,102,수원,0,19.6,19.0,0.0,19.0,0.0,0.0,0.0,3.0,
GFS,2026-09-16 12:00,2026-09-21 06:00,105,수원,0,18.6,7.0,0.0,7.0,0.0,0.0,0.0,3.0,
GFS,2026-09-16 12:00,2026-09-21 09:00,108,수원,0,22.1,4.0,0.0,4.0,2.0,175.0,0.0,3.0,
GFS,2026-09-16 12:00,2026-09-21 12:00,111,수원,0,26.5,5.0,0.0,5.0,0.0,652.0,0.0,3.0,
GFS,2026-09-16 12:00,2026-09-21 15:00,114,수원,0,26.7,60.0,0.0,5.0,60.0,723.0,0.0,3.0,
GFS,2026-09-16 12:00,2026-09-21 18:00,117,수원,0,23.3,56.0,2.0,18.0,52.0,294.0,0.0,3.0,
GFS,2026-09-16 12:00,2026-09-21 21:00,120,수원,0,21.7,30.0,0.0,16.0,17.0,3.0,0.0,3.0,
GFS,2026-09-16 12:00,2026-09-22 09:00,132,수원,0,23.1,4.0,0.0,4.0,0.0,83.0,0.0,6.0,
GFS,2026-09-16 12:00,2026-09-22 21:00,144,수원,0,23.0,10.0,10.0,0.0,0.0,146.0,0.0,6.0,
GFS,2026-09-16 12:00,2026-09-23 09:00,156,수원,0,23.8,0.0,0.0,0.0,0.0,85.0,0.0,6.0,
GFS,2026-09-16 12:00,2026-09-23 21:00,168,수원,0,23.4,82.0,1.0,0.0,82.0,153.0,0.0,6.0,
GFS,2026-09-16 12:00,2026-09-24 09:00,180,수원,0,22.8,100.0,3.0,100.0,92.0,41.0,0.0,6.0,
GFS,2026-09-16 12:00,2026-09-24 21:00,192,수원,0,22.9,13.0,13.0,0.0,0.0,129.0,0.0,6.0,
GFS,2026-09-16 12:00,2026-09-25 09:00,204,수원,0,23.5,87.0,4.0,4.0,87.0,69.0,0.0,6.0,
GFS,2026-09-16 12:00,2026-09-25 21:00,216,수원,0,22.8,85.0,20.0,85.0,55.0,65.0,0.1,6.0,
GFS,2026-09-16 12:00,2026-09-26 09:00,228,수원,0,19.3,100.0,100.0,97.0,97.0,4.0,1.9,6.0,
GFS,2026-09-16 12:00,2026-09-26 21:00,240,수원,0,19.1,100.0,99.0,100.0,100.0,2.0,21.6,6.0,
GFS,2026-09-16 12:00,2026-09-16 21:00,0,전주,0,18.7,15.0,12.0,0.0,6.0,,,,
GFS,2026-09-16 12:00,2026-09-17 00:00,3,전주,0,18.7,99.0,2.0,0.0,99.0,0.0,0.0,3.0,
GFS,2026-09-16 12:00,2026-09-17 03:00,6,전주,0,16.8,51.0,0.0,0.0,51.0,0.0,0.0,3.0,
GFS,2026-09-16 12:00,2026-09-17 06:00,9,전주,0,15.4,91.0,0.0,30.0,91.0,0.0,0.0,3.0,
GFS,2026-09-16 12:00,2026-09-17 09:00,12,전주,0,20.6,100.0,0.0,92.0,83.0,155.0,0.0,3.0,
GFS,2026-09-16 12:00,2026-09-17 12:00,15,전주,0,26.0,97.0,0.0,75.0,95.0,658.0,0.0,3.0,
GFS,2026-09-16 12:00,2026-09-17 15:00,18,전주,0,27.2,100.0,1.0,98.0,100.0,704.0,0.0,3.0,
GFS,2026-09-16 12:00,2026-09-17 18:00,21,전주,0,22.5,99.0,0.0,99.0,64.0,180.0,0.0,3.0,
GFS,2026-09-16 12:00,2026-09-17 21:00,24,전주,0,20.6,100.0,0.0,98.0,100.0,3.0,0.0,3.0,
GFS,2026-09-16 12:00,2026-09-18 00:00,27,전주,0,19.2,100.0,0.0,100.0,99.0,0.0,0.0,3.0,
GFS,2026-09-16 12:00,2026-09-18 03:00,30,전주,0,18.8,100.0,0.0,100.0,100.0,0.0,0.0,3.0,
GFS,2026-09-16 12:00,2026-09-18 06:00,33,전주,0,18.2,100.0,15.0,96.0,98.0,0.0,0.0,3.0,
GFS,2026-09-16 12:00,2026-09-18 09:00,36,전주,0,21.4,100.0,45.0,100.0,40.0,85.0,0.0,3.0,
GFS,2026-09-16 12:00,2026-09-18 12:00,39,전주,0,25.8,77.0,51.0,75.0,28.0,423.0,0.0,3.0,
GFS,2026-09-16 12:00,2026-09-18 15:00,42,전주,0,24.9,98.0,95.0,95.0,0.0,438.0,0.0,3.0,
GFS,2026-09-16 12:00,2026-09-18 18:00,45,전주,0,21.8,100.0,80.0,93.0,8.0,61.0,0.0,3.0,
GFS,2026-09-16 12:00,2026-09-18 21:00,48,전주,0,19.1,9.0,4.0,6.0,3.0,2.0,0.0,3.0,
GFS,2026-09-16 12:00,2026-09-19 00:00,51,전주,0,17.6,4.0,2.0,0.0,4.0,0.0,0.0,3.0,
GFS,2026-09-16 12:00,2026-09-19 03:00,54,전주,0,17.0,17.0,2.0,4.0,17.0,0.0,0.0,3.0,
GFS,2026-09-16 12:00,2026-09-19 06:00,57,전주,0,16.6,25.0,1.0,10.0,20.0,0.0,0.0,3.0,
GFS,2026-09-16 12:00,2026-09-19 09:00,60,전주,0,21.8,56.0,0.0,8.0,55.0,162.0,0.0,3.0,
GFS,2026-09-16 12:00,2026-09-19 12:00,63,전주,0,26.2,5.0,5.0,0.0,0.0,668.0,0.0,3.0,
GFS,2026-09-16 12:00,2026-09-19 15:00,66,전주,0,27.1,6.0,6.0,0.0,0.0,753.0,0.0,3.0,
GFS,2026-09-16 12:00,2026-09-19 18:00,69,전주,0,23.0,43.0,10.0,0.0,33.0,336.0,0.0,3.0,
GFS,2026-09-16 12:00,2026-09-19 21:00,72,전주,0,19.1,2.0,0.0,0.0,2.0,4.0,0.0,3.0,
GFS,2026-09-16 12:00,2026-09-20 00:00,75,전주,0,17.6,1.0,0.0,0.0,1.0,0.0,0.0,3.0,
GFS,2026-09-16 12:00,2026-09-20 03:00,78,전주,0,16.4,2.0,0.0,0.0,2.0,0.0,0.0,3.0,
GFS,2026-09-16 12:00,2026-09-20 06:00,81,전주,0,15.5,38.0,0.0,0.0,38.0,0.0,0.0,3.0,
GFS,2026-09-16 12:00,2026-09-20 09:00,84,전주,0,20.3,12.0,0.0,0.0,12.0,157.0,0.0,3.0,
GFS,2026-09-16 12:00,2026-09-20 12:00,87,전주,0,24.6,0.0,0.0,0.0,0.0,695.0,0.0,3.0,
GFS,2026-09-16 12:00,2026-09-20 15:00,90,전주,0,25.7,3.0,0.0,0.0,3.0,773.0,0.0,3.0,
GFS,2026-09-16 12:00,2026-09-20 18:00,93,전주,0,20.4,1.0,0.0,0.0,1.0,340.0,0.0,3.0,
GFS,2026-09-16 12:00,2026-09-20 21:00,96,전주,0,17.4,2.0,0.0,0.0,2.0,3.0,0.0,3.0,
GFS,2026-09-16 12:00,2026-09-21 00:00,99,전주,0,16.5,1.0,0.0,0.0,1.0,0.0,0.0,3.0,
GFS,2026-09-16 12:00,2026-09-21 03:00,102,전주,0,15.6,4.0,0.0,4.0,0.0,0.0,0.0,3.0,
GFS,2026-09-16 12:00,2026-09-21 06:00,105,전주,0,15.4,5.0,0.0,5.0,0.0,0.0,0.0,3.0,
GFS,2026-09-16 12:00,2026-09-21 09:00,108,전주,0,20.7,2.0,0.0,2.0,0.0,182.0,0.0,3.0,
GFS,2026-09-16 12:00,2026-09-21 12:00,111,전주,0,25.0,1.0,0.0,0.0,1.0,676.0,0.0,3.0,
GFS,2026-09-16 12:00,2026-09-21 15:00,114,전주,0,26.2,0.0,0.0,0.0,0.0,749.0,0.0,3.0,
GFS,2026-09-16 12:00,2026-09-21 18:00,117,전주,0,21.1,2.0,0.0,0.0,2.0,322.0,0.0,3.0,
GFS,2026-09-16 12:00,2026-09-21 21:00,120,전주,0,18.4,52.0,0.0,44.0,51.0,3.0,0.0,3.0,
GFS,2026-09-16 12:00,2026-09-22 09:00,132,전주,0,22.3,50.0,3.0,50.0,9.0,75.0,0.0,6.0,
GFS,2026-09-16 12:00,2026-09-22 21:00,144,전주,0,18.8,19.0,0.0,2.0,18.0,145.0,0.0,6.0,
GFS,2026-09-16 12:00,2026-09-23 09:00,156,전주,0,22.7,0.0,0.0,0.0,0.0,86.0,0.0,6.0,
GFS,2026-09-16 12:00,2026-09-23 21:00,168,전주,0,19.4,100.0,5.0,2.0,100.0,144.0,0.0,6.0,
GFS,2026-09-16 12:00,2026-09-24 09:00,180,전주,0,22.7,99.0,37.0,99.0,31.0,53.0,0.0,6.0,
GFS,2026-09-16 12:00,2026-09-24 21:00,192,전주,0,20.0,47.0,4.0,11.0,37.0,96.0,0.0,6.0,
GFS,2026-09-16 12:00,2026-09-25 09:00,204,전주,0,22.4,100.0,68.0,82.0,100.0,37.0,0.0,6.0,
GFS,2026-09-16 12:00,2026-09-25 21:00,216,전주,0,20.2,62.0,15.0,55.0,28.0,98.0,0.0,6.0,
GFS,2026-09-16 12:00,2026-09-26 09:00,228,전주,0,20.4,98.0,57.0,94.0,78.0,7.0,0.2,6.0,
GFS,2026-09-16 12:00,2026-09-26 21:00,240,전주,0,19.1,100.0,100.0,100.0,100.0,19.0,11.4,6.0,
GFS,2026-09-16 12:00,2026-09-16 21:00,0,강릉,0,18.7,0.0,0.0,0.0,0.0,,,,
GFS,2026-09-16 12:00,2026-09-17 00:00,3,강릉,0,17.8,0.0,0.0,0.0,0.0,0.0,0.0,3.0,
GFS,2026-09-16 12:00,2026-09-17 03:00,6,강릉,0,17.8,0.0,0.0,0.0,0.0,0.0,0.0,3.0,
GFS,2026-09-16 12:00,2026-09-17 06:00,9,강릉,0,17.4,18.0,4.0,0.0,17.0,0.0,0.0,3.0,
GFS,2026-09-16 12:00,2026-09-17 09:00,12,강릉,0,20.3,51.0,31.0,1.0,47.0,206.0,0.0,3.0,
GFS,2026-09-16 12:00,2026-09-17 12:00,15,강릉,0,20.6,55.0,17.0,1.0,55.0,599.0,0.0,3.0,
GFS,2026-09-16 12:00,2026-09-17 15:00,18,강릉,0,21.8,100.0,9.0,91.0,100.0,572.0,0.1,3.0,
GFS,2026-09-16 12:00,2026-09-17 18:00,21,강릉,0,21.0,100.0,15.0,100.0,100.0,159.0,0.1,3.0,
GFS,2026-09-16 12:00,2026-09-17 21:00,24,강릉,0,20.6,100.0,23.0,100.0,100.0,1.0,0.1,3.0,
GFS,2026-09-16 12:00,2026-09-18 00:00,27,강릉,0,20.6,99.0,34.0,96.0,86.0,0.0,0.1,3.0,
GFS,2026-09-16 12:00,2026-09-18 03:00,30,강릉,0,20.3,93.0,34.0,87.0,46.0,0.0,0.1,3.0,
GFS,2026-09-16 12:00,2026-09-18 06:00,33,강릉,0,20.2,98.0,40.0,78.0,95.0,0.0,0.3,3.0,
GFS,2026-09-16 12:00,2026-09-18 09:00,36,강릉,0,21.3,85.0,49.0,81.0,59.0,162.0,0.4,3.0,
GFS,2026-09-16 12:00,2026-09-18 12:00,39,강릉,0,22.0,89.0,33.0,84.0,48.0,583.0,0.3,3.0,
GFS,2026-09-16 12:00,2026-09-18 15:00,42,강릉,0,21.9,96.0,16.0,85.0,30.0,594.0,0.3,3.0,
GFS,2026-09-16 12:00,2026-09-18 18:00,45,강릉,0,20.9,25.0,15.0,15.0,0.0,271.0,0.4,3.0,
GFS,2026-09-16 12:00,2026-09-18 21:00,48,강릉,0,20.1,52.0,40.0,5.0,19.0,2.0,1.1,3.0,
GFS,2026-09-16 12:00,2026-09-19 00:00,51,강릉,0,20.2,38.0,37.0,1.0,2.0,0.0,0.8,3.0,
GFS,2026-09-16 12:00,2026-09-19 03:00,54,강릉,0,20.0,84.0,75.0,0.0,71.0,0.0,0.6,3.0,
GFS,2026-09-16 12:00,2026-09-19 06:00,57,강릉,0,20.0,100.0,76.0,26.0,100.0,0.0,0.5,3.0,
GFS,2026-09-16 12:00,2026-09-19 09:00,60,강릉,0,20.9,79.0,75.0,45.0,8.0,87.0,0.4,3.0,
GFS,2026-09-16 12:00,2026-09-19 12:00,63,강릉,0,21.5,75.0,75.0,0.0,0.0,425.0,0.2,3.0,
GFS,2026-09-16 12:00,2026-09-19 15:00,66,강릉,0,21.3,38.0,38.0,0.0,0.0,457.0,0.1,3.0,
GFS,2026-09-16 12:00,2026-09-19 18:00,69,강릉,0,20.3,15.0,15.0,0.0,0.0,278.0,0.2,3.0,
GFS,2026-09-16 12:00,2026-09-19 21:00,72,강릉,0,19.6,28.0,28.0,0.0,0.0,2.0,0.1,3.0,
GFS,2026-09-16 12:00,2026-09-20 00:00,75,강릉,0,19.4,31.0,31.0,0.0,1.0,0.0,0.1,3.0,
GFS,2026-09-16 12:00,2026-09-20 03:00,78,강릉,0,18.3,16.0,13.0,0.0,6.0,0.0,0.1,3.0,
GFS,2026-09-16 12:00,2026-09-20 06:00,81,강릉,0,17.5,39.0,32.0,0.0,12.0,0.0,0.1,3.0,
GFS,2026-09-16 12:00,2026-09-20 09:00,84,강릉,0,19.4,8.0,6.0,0.0,3.0,193.0,0.0,3.0,
GFS,2026-09-16 12:00,2026-09-20 12:00,87,강릉,0,20.1,20.0,0.0,1.0,20.0,676.0,0.0,3.0,
GFS,2026-09-16 12:00,2026-09-20 15:00,90,강릉,0,20.6,89.0,0.0,1.0,89.0,737.0,0.0,3.0,
GFS,2026-09-16 12:00,2026-09-20 18:00,93,강릉,0,19.6,25.0,0.0,1.0,24.0,286.0,0.0,3.0,
GFS,2026-09-16 12:00,2026-09-20 21:00,96,강릉,0,18.5,8.0,0.0,2.0,7.0,2.0,0.0,3.0,
GFS,2026-09-16 12:00,2026-09-21 00:00,99,강릉,0,18.6,6.0,0.0,4.0,5.0,0.0,0.0,3.0,
GFS,2026-09-16 12:00,2026-09-21 03:00,102,강릉,0,18.5,5.0,0.0,5.0,1.0,0.0,0.0,3.0,
GFS,2026-09-16 12:00,2026-09-21 06:00,105,강릉,0,18.4,29.0,0.0,29.0,0.0,0.0,0.0,3.0,
GFS,2026-09-16 12:00,2026-09-21 09:00,108,강릉,0,20.9,0.0,0.0,0.0,0.0,195.0,0.0,3.0,
GFS,2026-09-16 12:00,2026-09-21 12:00,111,강릉,0,21.3,2.0,0.0,2.0,0.0,669.0,0.0,3.0,
GFS,2026-09-16 12:00,2026-09-21 15:00,114,강릉,0,21.4,4.0,0.0,1.0,3.0,717.0,0.0,3.0,
GFS,2026-09-16 12:00,2026-09-21 18:00,117,강릉,0,21.0,87.0,0.0,2.0,87.0,285.0,0.0,3.0,
GFS,2026-09-16 12:00,2026-09-21 21:00,120,강릉,0,19.3,91.0,0.0,5.0,91.0,1.0,0.0,3.0,
GFS,2026-09-16 12:00,2026-09-22 09:00,132,강릉,0,20.9,0.0,0.0,0.0,0.0,95.0,0.0,6.0,
GFS,2026-09-16 12:00,2026-09-22 21:00,144,강릉,0,20.1,0.0,0.0,0.0,0.0,123.0,0.0,6.0,
GFS,2026-09-16 12:00,2026-09-23 09:00,156,강릉,0,22.1,0.0,0.0,0.0,0.0,96.0,0.0,6.0,
GFS,2026-09-16 12:00,2026-09-23 21:00,168,강릉,0,21.1,74.0,15.0,0.0,74.0,134.0,0.1,6.0,
GFS,2026-09-16 12:00,2026-09-24 09:00,180,강릉,0,21.4,100.0,0.0,100.0,96.0,66.0,0.0,6.0,
GFS,2026-09-16 12:00,2026-09-24 21:00,192,강릉,0,19.9,8.0,8.0,0.0,0.0,122.0,0.1,6.0,
GFS,2026-09-16 12:00,2026-09-25 09:00,204,강릉,0,21.0,98.0,0.0,0.0,98.0,87.0,0.0,6.0,
GFS,2026-09-16 12:00,2026-09-25 21:00,216,강릉,0,20.8,100.0,81.0,100.0,0.0,74.0,1.1,6.0,
GFS,2026-09-16 12:00,2026-09-26 09:00,228,강릉,0,20.1,99.0,84.0,99.0,68.0,6.0,0.9,6.0,
GFS,2026-09-16 12:00,2026-09-26 21:00,240,강릉,0,19.8,100.0,52.0,100.0,100.0,23.0,3.6,6.0,
GFS,2026-09-16 12:00,2026-09-16 21:00,0,제주,0,21.9,86.0,1.0,2.0,86.0,,,,
GFS,2026-09-16 12:00,2026-09-17 00:00,3,제주,0,21.5,60.0,0.0,17.0,59.0,0.0,0.0,3.0,
GFS,2026-09-16 12:00,2026-09-17 03:00,6,제주,0,21.1,100.0,1.0,16.0,100.0,0.0,0.0,3.0,
GFS,2026-09-16 12:00,2026-09-17 06:00,9,제주,0,21.0,100.0,44.0,98.0,99.0,0.0,0.1,3.0,
GFS,2026-09-16 12:00,2026-09-17 09:00,12,제주,0,21.7,96.0,45.0,95.0,9.0,72.0,0.2,3.0,
GFS,2026-09-16 12:00,2026-09-17 12:00,15,제주,0,22.5,96.0,67.0,96.0,80.0,336.0,0.2,3.0,
GFS,2026-09-16 12:00,2026-09-17 15:00,18,제주,0,22.7,92.0,47.0,92.0,48.0,245.0,0.2,3.0,
GFS,2026-09-16 12:00,2026-09-17 18:00,21,제주,0,22.4,100.0,38.0,55.0,99.0,156.0,0.1,3.0,
GFS,2026-09-16 12:00,2026-09-17 21:00,24,제주,0,22.1,95.0,54.0,34.0,95.0,3.0,0.1,3.0,
GFS,2026-09-16 12:00,2026-09-18 00:00,27,제주,0,21.9,100.0,57.0,76.0,100.0,0.0,0.1,3.0,
GFS,2026-09-16 12:00,2026-09-18 03:00,30,제주,0,22.1,100.0,71.0,100.0,98.0,0.0,0.1,3.0,
GFS,2026-09-16 12:00,2026-09-18 06:00,33,제주,0,21.6,100.0,96.0,100.0,100.0,0.0,2.1,3.0,
GFS,2026-09-16 12:00,2026-09-18 09:00,36,제주,0,21.5,100.0,99.0,100.0,58.0,6.0,6.6,3.0,
GFS,2026-09-16 12:00,2026-09-18 12:00,39,제주,0,21.6,100.0,97.0,99.0,7.0,31.0,9.6,3.0,
GFS,2026-09-16 12:00,2026-09-18 15:00,42,제주,0,21.6,100.0,100.0,47.0,0.0,27.0,6.3,3.0,
GFS,2026-09-16 12:00,2026-09-18 18:00,45,제주,0,21.3,97.0,95.0,4.0,61.0,11.0,2.9,3.0,
GFS,2026-09-16 12:00,2026-09-18 21:00,48,제주,0,21.5,60.0,60.0,1.0,1.0,0.0,0.1,3.0,
GFS,2026-09-16 12:00,2026-09-19 00:00,51,제주,0,21.6,69.0,69.0,1.0,6.0,0.0,0.1,3.0,
GFS,2026-09-16 12:00,2026-09-19 03:00,54,제주,0,21.5,81.0,80.0,0.0,32.0,0.0,0.4,3.0,
GFS,2026-09-16 12:00,2026-09-19 06:00,57,제주,0,21.3,69.0,69.0,0.0,0.0,0.0,0.5,3.0,
GFS,2026-09-16 12:00,2026-09-19 09:00,60,제주,0,21.5,77.0,77.0,0.0,3.0,54.0,0.1,3.0,
GFS,2026-09-16 12:00,2026-09-19 12:00,63,제주,0,22.3,62.0,62.0,0.0,0.0,333.0,0.1,3.0,
GFS,2026-09-16 12:00,2026-09-19 15:00,66,제주,0,22.9,39.0,39.0,0.0,0.0,621.0,0.1,3.0,
GFS,2026-09-16 12:00,2026-09-19 18:00,69,제주,0,22.3,15.0,15.0,0.0,0.0,285.0,0.1,3.0,
GFS,2026-09-16 12:00,2026-09-19 21:00,72,제주,0,21.4,20.0,20.0,0.0,0.0,4.0,0.1,3.0,
GFS,2026-09-16 12:00,2026-09-20 00:00,75,제주,0,21.0,18.0,18.0,0.0,0.0,0.0,0.2,3.0,
GFS,2026-09-16 12:00,2026-09-20 03:00,78,제주,0,20.9,27.0,27.0,0.0,0.0,0.0,0.2,3.0,
GFS,2026-09-16 12:00,2026-09-20 06:00,81,제주,0,19.8,5.0,4.0,0.0,2.0,0.0,0.0,3.0,
GFS,2026-09-16 12:00,2026-09-20 09:00,84,제주,0,21.7,5.0,4.0,0.0,2.0,201.0,0.0,3.0,
GFS,2026-09-16 12:00,2026-09-20 12:00,87,제주,0,23.0,65.0,6.0,0.0,65.0,710.0,0.0,3.0,
GFS,2026-09-16 12:00,2026-09-20 15:00,90,제주,0,23.0,4.0,4.0,0.0,0.0,806.0,0.0,3.0,
GFS,2026-09-16 12:00,2026-09-20 18:00,93,제주,0,21.7,0.0,0.0,0.0,0.0,380.0,0.0,3.0,
GFS,2026-09-16 12:00,2026-09-20 21:00,96,제주,0,20.6,4.0,0.0,0.0,4.0,4.0,0.0,3.0,
GFS,2026-09-16 12:00,2026-09-21 00:00,99,제주,0,20.2,4.0,0.0,0.0,4.0,0.0,0.0,3.0,
GFS,2026-09-16 12:00,2026-09-21 03:00,102,제주,0,19.7,2.0,0.0,0.0,2.0,0.0,0.0,3.0,
GFS,2026-09-16 12:00,2026-09-21 06:00,105,제주,0,19.5,1.0,0.0,0.0,1.0,0.0,0.0,3.0,
GFS,2026-09-16 12:00,2026-09-21 09:00,108,제주,0,21.7,0.0,0.0,0.0,0.0,198.0,0.0,3.0,
GFS,2026-09-16 12:00,2026-09-21 12:00,111,제주,0,23.2,1.0,0.0,1.0,0.0,720.0,0.0,3.0,
GFS,2026-09-16 12:00,2026-09-21 15:00,114,제주,0,23.7,5.0,1.0,5.0,0.0,805.0,0.0,3.0,
GFS,2026-09-16 12:00,2026-09-21 18:00,117,제주,0,22.3,0.0,0.0,0.0,0.0,366.0,0.0,3.0,
GFS,2026-09-16 12:00,2026-09-21 21:00,120,제주,0,20.8,0.0,0.0,0.0,0.0,4.0,0.0,3.0,
GFS,2026-09-16 12:00,2026-09-22 09:00,132,제주,0,23.0,32.0,3.0,32.0,4.0,74.0,0.0,6.0,
GFS,2026-09-16 12:00,2026-09-22 21:00,144,제주,0,21.8,42.0,0.0,5.0,42.0,131.0,0.0,6.0,
GFS,2026-09-16 12:00,2026-09-23 09:00,156,제주,0,23.3,60.0,0.0,13.0,59.0,84.0,0.0,6.0,
GFS,2026-09-16 12:00,2026-09-23 21:00,168,제주,0,22.4,22.0,0.0,7.0,21.0,137.0,0.0,6.0,
GFS,2026-09-16 12:00,2026-09-24 09:00,180,제주,0,23.5,100.0,1.0,37.0,100.0,82.0,0.0,6.0,
GFS,2026-09-16 12:00,2026-09-24 21:00,192,제주,0,21.9,22.0,0.0,15.0,14.0,107.0,0.1,6.0,
GFS,2026-09-16 12:00,2026-09-25 09:00,204,제주,0,24.1,31.0,0.0,5.0,31.0,89.0,0.0,6.0,
GFS,2026-09-16 12:00,2026-09-25 21:00,216,제주,0,22.9,13.0,2.0,5.0,10.0,118.0,0.0,6.0,
GFS,2026-09-16 12:00,2026-09-26 09:00,228,제주,0,24.5,96.0,0.0,5.0,96.0,89.0,0.0,6.0,
GFS,2026-09-16 12:00,2026-09-26 21:00,240,제주,0,23.7,100.0,9.0,64.0,100.0,104.0,0.1,6.0,
GFS,2026-09-16 12:00,2026-09-16 21:00,0,나주,0,21.2,66.0,45.0,0.0,38.0,,,,
GFS,2026-09-16 12:00,2026-09-17 00:00,3,나주,0,19.8,87.0,33.0,0.0,78.0,0.0,0.0,3.0,
GFS,2026-09-16 12:00,2026-09-17 03:00,6,나주,0,17.0,87.0,0.0,7.0,87.0,0.0,0.0,3.0,
GFS,2026-09-16 12:00,2026-09-17 06:00,9,나주,0,16.3,100.0,0.0,28.0,100.0,0.0,0.0,3.0,
GFS,2026-09-16 12:00,2026-09-17 09:00,12,나주,0,20.9,88.0,0.0,39.0,81.0,155.0,0.0,3.0,
GFS,2026-09-16 12:00,2026-09-17 12:00,15,나주,0,24.5,91.0,4.0,71.0,57.0,436.0,0.0,3.0,
GFS,2026-09-16 12:00,2026-09-17 15:00,18,나주,0,26.3,100.0,9.0,99.0,100.0,608.0,0.0,3.0,
GFS,2026-09-16 12:00,2026-09-17 18:00,21,나주,0,22.8,100.0,19.0,96.0,83.0,237.0,0.0,3.0,
GFS,2026-09-16 12:00,2026-09-17 21:00,24,나주,0,20.6,97.0,0.0,96.0,87.0,3.0,0.0,3.0,
GFS,2026-09-16 12:00,2026-09-18 00:00,27,나주,0,19.4,100.0,0.0,100.0,60.0,0.0,0.0,3.0,
GFS,2026-09-16 12:00,2026-09-18 03:00,30,나주,0,18.8,100.0,1.0,100.0,100.0,0.0,0.0,3.0,
GFS,2026-09-16 12:00,2026-09-18 06:00,33,나주,0,18.6,100.0,53.0,100.0,100.0,0.0,0.0,3.0,
GFS,2026-09-16 12:00,2026-09-18 09:00,36,나주,0,20.5,99.0,79.0,94.0,52.0,33.0,0.1,3.0,
GFS,2026-09-16 12:00,2026-09-18 12:00,39,나주,0,20.3,99.0,85.0,96.0,27.0,122.0,0.4,3.0,
GFS,2026-09-16 12:00,2026-09-18 15:00,42,나주,0,20.0,100.0,95.0,97.0,0.0,67.0,0.1,3.0,
GFS,2026-09-16 12:00,2026-09-18 18:00,45,나주,0,20.0,70.0,70.0,7.0,0.0,15.0,0.1,3.0,
GFS,2026-09-16 12:00,2026-09-18 21:00,48,나주,0,18.0,2.0,2.0,0.0,1.0,2.0,0.0,3.0,
GFS,2026-09-16 12:00,2026-09-19 00:00,51,나주,0,17.4,48.0,0.0,0.0,48.0,0.0,0.0,3.0,
GFS,2026-09-16 12:00,2026-09-19 03:00,54,나주,0,16.9,17.0,1.0,0.0,16.0,0.0,0.0,3.0,
GFS,2026-09-16 12:00,2026-09-19 06:00,57,나주,0,16.6,4.0,0.0,2.0,2.0,0.0,0.0,3.0,
GFS,2026-09-16 12:00,2026-09-19 09:00,60,나주,0,22.1,51.0,0.0,17.0,50.0,186.0,0.0,3.0,
GFS,2026-09-16 12:00,2026-09-19 12:00,63,나주,0,26.8,30.0,30.0,0.0,0.0,680.0,0.0,3.0,
GFS,2026-09-16 12:00,2026-09-19 15:00,66,나주,0,28.0,45.0,45.0,0.0,0.0,769.0,0.0,3.0,
GFS,2026-09-16 12:00,2026-09-19 18:00,69,나주,0,23.3,56.0,56.0,0.0,0.0,319.0,0.1,3.0,
GFS,2026-09-16 12:00,2026-09-19 21:00,72,나주,0,20.4,13.0,13.0,0.0,0.0,4.0,0.0,3.0,
GFS,2026-09-16 12:00,2026-09-20 00:00,75,나주,0,18.2,0.0,0.0,0.0,0.0,0.0,0.0,3.0,
GFS,2026-09-16 12:00,2026-09-20 03:00,78,나주,0,17.3,3.0,0.0,0.0,3.0,0.0,0.0,3.0,
GFS,2026-09-16 12:00,2026-09-20 06:00,81,나주,0,16.4,35.0,0.0,0.0,35.0,0.0,0.0,3.0,
GFS,2026-09-16 12:00,2026-09-20 09:00,84,나주,0,21.9,7.0,0.0,0.0,7.0,182.0,0.0,3.0,
GFS,2026-09-16 12:00,2026-09-20 12:00,87,나주,0,26.6,0.0,0.0,0.0,0.0,704.0,0.0,3.0,
GFS,2026-09-16 12:00,2026-09-20 15:00,90,나주,0,28.1,4.0,0.0,0.0,4.0,788.0,0.0,3.0,
GFS,2026-09-16 12:00,2026-09-20 18:00,93,나주,0,22.2,0.0,0.0,0.0,0.0,359.0,0.0,3.0,
GFS,2026-09-16 12:00,2026-09-20 21:00,96,나주,0,17.3,1.0,0.0,0.0,1.0,4.0,0.0,3.0,
GFS,2026-09-16 12:00,2026-09-21 00:00,99,나주,0,16.3,2.0,0.0,0.0,2.0,0.0,0.0,3.0,
GFS,2026-09-16 12:00,2026-09-21 03:00,102,나주,0,15.5,0.0,0.0,0.0,0.0,0.0,0.0,3.0,
GFS,2026-09-16 12:00,2026-09-21 06:00,105,나주,0,15.0,4.0,0.0,4.0,0.0,0.0,0.0,3.0,
GFS,2026-09-16 12:00,2026-09-21 09:00,108,나주,0,20.9,2.0,0.0,2.0,0.0,190.0,0.0,3.0,
GFS,2026-09-16 12:00,2026-09-21 12:00,111,나주,0,26.7,0.0,0.0,0.0,0.0,695.0,0.0,3.0,
GFS,2026-09-16 12:00,2026-09-21 15:00,114,나주,0,28.8,0.0,0.0,0.0,0.0,773.0,0.0,3.0,
GFS,2026-09-16 12:00,2026-09-21 18:00,117,나주,0,22.6,0.0,0.0,0.0,0.0,344.0,0.0,3.0,
GFS,2026-09-16 12:00,2026-09-21 21:00,120,나주,0,18.0,3.0,0.0,3.0,1.0,3.0,0.0,3.0,
GFS,2026-09-16 12:00,2026-09-22 09:00,132,나주,0,22.4,91.0,45.0,80.0,30.0,67.0,0.0,6.0,
GFS,2026-09-16 12:00,2026-09-22 21:00,144,나주,0,19.0,73.0,0.0,5.0,73.0,157.0,0.0,6.0,
GFS,2026-09-16 12:00,2026-09-23 09:00,156,나주,0,23.3,37.0,0.0,5.0,35.0,86.0,0.0,6.0,
GFS,2026-09-16 12:00,2026-09-23 21:00,168,나주,0,20.2,87.0,3.0,3.0,87.0,83.0,0.0,6.0,
GFS,2026-09-16 12:00,2026-09-24 09:00,180,나주,0,23.5,98.0,49.0,97.0,37.0,56.0,0.0,6.0,
GFS,2026-09-16 12:00,2026-09-24 21:00,192,나주,0,20.2,92.0,23.0,91.0,31.0,15.0,0.1,6.0,
GFS,2026-09-16 12:00,2026-09-25 09:00,204,나주,0,22.6,92.0,70.0,26.0,78.0,52.0,0.0,6.0,
GFS,2026-09-16 12:00,2026-09-25 21:00,216,나주,0,21.1,97.0,50.0,56.0,85.0,146.0,0.0,6.0,
GFS,2026-09-16 12:00,2026-09-26 09:00,228,나주,0,23.6,93.0,8.0,70.0,84.0,49.0,0.0,6.0,
GFS,2026-09-16 12:00,2026-09-26 21:00,240,나주,0,21.3,100.0,95.0,100.0,100.0,45.0,1.6,6.0,
KIM,2026-09-16 12:00,2026-09-16 21:00,0,서울,1,19.0,17.0,17.0,0.0,0.0,,,,NE57_nc
KIM,2026-09-16 12:00,2026-09-17 00:00,3,서울,1,17.7,12.0,10.0,0.0,3.0,0.0,0.0,3.0,NE57_nc
KIM,2026-09-16 12:00,2026-09-17 03:00,6,서울,1,16.3,21.0,1.0,0.0,20.0,-0.0,0.0,3.0,NE57_nc
KIM,2026-09-16 12:00,2026-09-17 06:00,9,서울,1,14.6,66.0,0.0,0.0,66.0,-0.0,0.0,3.0,NE57_nc
KIM,2026-09-16 12:00,2026-09-17 09:00,12,서울,1,19.8,84.0,0.0,0.0,84.0,192.0,0.0,3.0,NE57_nc
KIM,2026-09-16 12:00,2026-09-17 12:00,15,서울,1,24.7,99.0,0.0,0.0,99.0,657.0,0.0,3.0,NE57_nc
KIM,2026-09-16 12:00,2026-09-17 15:00,18,서울,1,26.3,96.0,0.0,0.0,96.0,723.0,0.0,3.0,NE57_nc
KIM,2026-09-16 12:00,2026-09-17 18:00,21,서울,1,23.7,95.0,2.0,10.0,95.0,265.0,0.0,3.0,NE57_nc
KIM,2026-09-16 12:00,2026-09-17 21:00,24,서울,1,20.9,97.0,16.0,47.0,97.0,2.0,0.0,3.0,NE57_nc
KIM,2026-09-16 12:00,2026-09-18 00:00,27,서울,1,19.0,74.0,35.0,33.0,58.0,0.0,0.0,3.0,NE57_nc
KIM,2026-09-16 12:00,2026-09-18 03:00,30,서울,1,17.9,91.0,40.0,54.0,80.0,-0.0,0.0,3.0,NE57_nc
KIM,2026-09-16 12:00,2026-09-18 06:00,33,서울,1,17.4,79.0,54.0,40.0,57.0,0.0,0.0,3.0,NE57_nc
KIM,2026-09-16 12:00,2026-09-18 09:00,36,서울,1,21.8,62.0,17.0,24.0,51.0,156.0,0.0,3.0,NE57_nc
KIM,2026-09-16 12:00,2026-09-18 12:00,39,서울,1,25.7,33.0,10.0,12.0,16.0,656.0,0.0,3.0,NE57_nc
KIM,2026-09-16 12:00,2026-09-18 15:00,42,서울,1,26.8,23.0,0.0,20.0,5.0,738.0,0.0,3.0,NE57_nc
KIM,2026-09-16 12:00,2026-09-18 18:00,45,서울,1,23.9,28.0,4.0,23.0,4.0,316.0,0.0,3.0,NE57_nc
KIM,2026-09-16 12:00,2026-09-18 21:00,48,서울,1,20.5,70.0,35.0,43.0,47.0,3.0,0.0,3.0,NE57_nc
KIM,2026-09-16 12:00,2026-09-19 00:00,51,서울,1,19.0,100.0,34.0,28.0,100.0,-0.0,0.0,3.0,NE57_nc
KIM,2026-09-16 12:00,2026-09-19 03:00,54,서울,1,18.1,65.0,51.0,3.0,27.0,0.0,0.0,3.0,NE57_nc
KIM,2026-09-16 12:00,2026-09-19 06:00,57,서울,1,17.5,44.0,43.0,0.0,4.0,-0.0,0.0,3.0,NE57_nc
KIM,2026-09-16 12:00,2026-09-19 09:00,60,서울,1,22.1,86.0,2.0,0.0,85.0,176.0,0.0,3.0,NE57_nc
KIM,2026-09-16 12:00,2026-09-19 12:00,63,서울,1,26.1,20.0,0.0,0.0,20.0,659.0,0.0,3.0,NE57_nc
KIM,2026-09-16 12:00,2026-09-19 15:00,66,서울,1,27.4,19.0,0.0,0.0,19.0,740.0,0.0,3.0,NE57_nc
KIM,2026-09-16 12:00,2026-09-19 18:00,69,서울,1,24.2,16.0,0.0,0.0,15.0,318.0,0.0,3.0,NE57_nc
KIM,2026-09-16 12:00,2026-09-19 21:00,72,서울,1,20.1,52.0,37.0,0.0,18.0,3.0,0.0,3.0,NE57_nc
KIM,2026-09-16 12:00,2026-09-20 00:00,75,서울,1,18.1,64.0,35.0,0.0,52.0,0.0,0.0,3.0,NE57_nc
KIM,2026-09-16 12:00,2026-09-20 03:00,78,서울,1,16.8,97.0,28.0,0.0,97.0,0.0,0.0,3.0,NE57_nc
KIM,2026-09-16 12:00,2026-09-20 06:00,81,서울,1,15.6,64.0,26.0,0.0,59.0,-0.0,0.0,3.0,NE57_nc
KIM,2026-09-16 12:00,2026-09-20 09:00,84,서울,1,20.6,3.0,3.0,0.0,0.0,178.0,0.0,3.0,NE57_nc
KIM,2026-09-16 12:00,2026-09-20 12:00,87,서울,1,25.9,7.0,0.0,0.0,7.0,672.0,0.0,3.0,NE57_nc
KIM,2026-09-16 12:00,2026-09-20 15:00,90,서울,1,27.4,0.0,0.0,0.0,0.0,742.0,0.0,3.0,NE57_nc
KIM,2026-09-16 12:00,2026-09-20 18:00,93,서울,1,24.6,8.0,0.0,0.0,8.0,315.0,0.0,3.0,NE57_nc
KIM,2026-09-16 12:00,2026-09-20 21:00,96,서울,1,20.4,53.0,0.0,0.0,53.0,3.0,0.0,3.0,NE57_nc
KIM,2026-09-16 12:00,2026-09-21 00:00,99,서울,1,17.9,77.0,0.0,1.0,77.0,-0.0,0.0,3.0,NE57_nc
KIM,2026-09-16 12:00,2026-09-21 03:00,102,서울,1,16.1,63.0,0.0,11.0,61.0,0.0,0.0,3.0,NE57_nc
KIM,2026-09-16 12:00,2026-09-21 06:00,105,서울,1,14.9,98.0,0.0,73.0,97.0,-0.0,0.0,3.0,NE57_nc
KIM,2026-09-16 12:00,2026-09-21 09:00,108,서울,1,20.6,84.0,0.0,44.0,54.0,162.0,0.0,3.0,NE57_nc
KIM,2026-09-16 12:00,2026-09-21 12:00,111,서울,1,26.0,1.0,0.0,1.0,0.0,637.0,0.0,3.0,NE57_nc
KIM,2026-09-16 12:00,2026-09-21 15:00,114,서울,1,27.4,55.0,0.0,50.0,17.0,732.0,0.0,3.0,NE57_nc
KIM,2026-09-16 12:00,2026-09-21 18:00,117,서울,1,24.7,70.0,0.0,31.0,60.0,309.0,0.0,3.0,NE57_nc
KIM,2026-09-16 12:00,2026-09-21 21:00,120,서울,1,20.3,13.0,1.0,5.0,10.0,2.0,0.0,3.0,NE57_nc
KIM,2026-09-16 12:00,2026-09-22 09:00,132,서울,1,22.0,0.0,0.0,0.0,0.0,,0.0,12.0,NE57_nc
KIM,2026-09-16 12:00,2026-09-22 21:00,144,서울,1,20.7,100.0,0.0,0.0,100.0,,0.0,12.0,NE57_nc
KIM,2026-09-16 12:00,2026-09-23 09:00,156,서울,1,20.8,100.0,0.0,89.0,100.0,,0.0,12.0,NE57_nc
KIM,2026-09-16 12:00,2026-09-23 21:00,168,서울,1,20.1,52.0,48.0,18.0,0.0,,0.0,12.0,NE57_nc
KIM,2026-09-16 12:00,2026-09-24 09:00,180,서울,1,21.1,2.0,0.0,2.0,0.0,,0.1,12.0,NE57_nc
KIM,2026-09-16 12:00,2026-09-24 21:00,192,서울,1,20.7,0.0,0.0,0.0,0.0,,0.0,12.0,NE57_nc
KIM,2026-09-16 12:00,2026-09-25 09:00,204,서울,1,19.7,71.0,0.0,0.0,71.0,,0.0,12.0,NE57_nc
KIM,2026-09-16 12:00,2026-09-25 21:00,216,서울,1,19.4,96.0,0.0,48.0,95.0,,0.0,12.0,NE57_nc
KIM,2026-09-16 12:00,2026-09-26 09:00,228,서울,1,20.9,99.0,8.0,61.0,99.0,,0.0,12.0,NE57_nc
KIM,2026-09-16 12:00,2026-09-26 21:00,240,서울,1,17.6,95.0,94.0,3.0,0.0,,5.6,12.0,NE57_nc
KIM,2026-09-16 12:00,2026-09-27 09:00,252,서울,1,18.8,97.0,97.0,0.0,50.0,,0.6,12.0,NE57_nc
KIM,2026-09-16 12:00,2026-09-27 21:00,264,서울,1,18.8,99.0,82.0,31.0,97.0,,0.3,12.0,NE57_nc
KIM,2026-09-16 12:00,2026-09-28 09:00,276,서울,1,19.0,100.0,31.0,16.0,100.0,,0.0,12.0,NE57_nc
KIM,2026-09-16 12:00,2026-09-28 21:00,288,서울,1,17.5,99.0,38.0,18.0,99.0,,0.0,12.0,NE57_nc
KIM,2026-09-16 12:00,2026-09-16 21:00,0,대전,1,20.5,58.0,25.0,0.0,46.0,,,,NE57_nc
KIM,2026-09-16 12:00,2026-09-17 00:00,3,대전,1,18.4,92.0,7.0,0.0,91.0,0.0,0.0,3.0,NE57_nc
KIM,2026-09-16 12:00,2026-09-17 03:00,6,대전,1,16.2,97.0,0.0,0.0,97.0,-0.0,0.0,3.0,NE57_nc
KIM,2026-09-16 12:00,2026-09-17 06:00,9,대전,1,15.1,99.0,0.0,0.0,99.0,-0.0,0.0,3.0,NE57_nc
KIM,2026-09-16 12:00,2026-09-17 09:00,12,대전,1,19.9,94.0,0.0,0.0,94.0,188.0,0.0,3.0,NE57_nc
KIM,2026-09-16 12:00,2026-09-17 12:00,15,대전,1,23.9,97.0,15.0,1.0,97.0,695.0,0.0,3.0,NE57_nc
KIM,2026-09-16 12:00,2026-09-17 15:00,18,대전,1,24.6,94.0,21.0,9.0,93.0,653.0,0.0,3.0,NE57_nc
KIM,2026-09-16 12:00,2026-09-17 18:00,21,대전,1,21.8,93.0,7.0,57.0,90.0,187.0,0.0,3.0,NE57_nc
KIM,2026-09-16 12:00,2026-09-17 21:00,24,대전,1,20.1,100.0,66.0,76.0,100.0,3.0,0.0,3.0,NE57_nc
KIM,2026-09-16 12:00,2026-09-18 00:00,27,대전,1,20.2,100.0,78.0,86.0,99.0,0.0,0.0,3.0,NE57_nc
KIM,2026-09-16 12:00,2026-09-18 03:00,30,대전,1,20.2,99.0,79.0,88.0,95.0,-0.0,0.0,3.0,NE57_nc
KIM,2026-09-16 12:00,2026-09-18 06:00,33,대전,1,20.2,89.0,75.0,75.0,66.0,0.0,0.0,3.0,NE57_nc
KIM,2026-09-16 12:00,2026-09-18 09:00,36,대전,1,21.6,86.0,51.0,70.0,40.0,87.0,0.0,3.0,NE57_nc
KIM,2026-09-16 12:00,2026-09-18 12:00,39,대전,1,24.1,61.0,45.0,36.0,0.0,464.0,0.0,3.0,NE57_nc
KIM,2026-09-16 12:00,2026-09-18 15:00,42,대전,1,24.1,67.0,67.0,3.0,0.0,489.0,0.1,3.0,NE57_nc
KIM,2026-09-16 12:00,2026-09-18 18:00,45,대전,1,22.7,71.0,69.0,0.0,6.0,123.0,0.0,3.0,NE57_nc
KIM,2026-09-16 12:00,2026-09-18 21:00,48,대전,1,20.8,85.0,67.0,0.0,61.0,3.0,0.0,3.0,NE57_nc
KIM,2026-09-16 12:00,2026-09-19 00:00,51,대전,1,19.4,99.0,53.0,0.0,99.0,-0.0,0.0,3.0,NE57_nc
KIM,2026-09-16 12:00,2026-09-19 03:00,54,대전,1,18.5,69.0,40.0,0.0,56.0,0.0,0.0,3.0,NE57_nc
KIM,2026-09-16 12:00,2026-09-19 06:00,57,대전,1,17.7,35.0,5.0,3.0,33.0,-0.0,0.0,3.0,NE57_nc
KIM,2026-09-16 12:00,2026-09-19 09:00,60,대전,1,21.5,12.0,0.0,0.0,12.0,181.0,0.0,3.0,NE57_nc
KIM,2026-09-16 12:00,2026-09-19 12:00,63,대전,1,25.3,16.0,1.0,1.0,15.0,671.0,0.0,3.0,NE57_nc
KIM,2026-09-16 12:00,2026-09-19 15:00,66,대전,1,26.6,18.0,8.0,0.0,10.0,743.0,0.0,3.0,NE57_nc
KIM,2026-09-16 12:00,2026-09-19 18:00,69,대전,1,23.9,33.0,22.0,0.0,12.0,319.0,0.0,3.0,NE57_nc
KIM,2026-09-16 12:00,2026-09-19 21:00,72,대전,1,21.3,39.0,39.0,0.0,0.0,3.0,0.0,3.0,NE57_nc
KIM,2026-09-16 12:00,2026-09-20 00:00,75,대전,1,19.1,29.0,17.0,0.0,19.0,0.0,0.0,3.0,NE57_nc
KIM,2026-09-16 12:00,2026-09-20 03:00,78,대전,1,17.4,66.0,4.0,0.0,65.0,0.0,0.0,3.0,NE57_nc
KIM,2026-09-16 12:00,2026-09-20 06:00,81,대전,1,15.9,91.0,11.0,0.0,90.0,-0.0,0.0,3.0,NE57_nc
KIM,2026-09-16 12:00,2026-09-20 09:00,84,대전,1,20.4,1.0,1.0,0.0,0.0,184.0,0.0,3.0,NE57_nc
KIM,2026-09-16 12:00,2026-09-20 12:00,87,대전,1,24.5,21.0,0.0,0.0,21.0,681.0,0.0,3.0,NE57_nc
KIM,2026-09-16 12:00,2026-09-20 15:00,90,대전,1,25.8,1.0,0.0,0.0,1.0,752.0,0.0,3.0,NE57_nc
KIM,2026-09-16 12:00,2026-09-20 18:00,93,대전,1,22.9,3.0,0.0,0.0,3.0,321.0,0.0,3.0,NE57_nc
KIM,2026-09-16 12:00,2026-09-20 21:00,96,대전,1,19.3,74.0,2.0,0.0,73.0,3.0,0.0,3.0,NE57_nc
KIM,2026-09-16 12:00,2026-09-21 00:00,99,대전,1,17.3,22.0,0.0,0.0,22.0,-0.0,0.0,3.0,NE57_nc
KIM,2026-09-16 12:00,2026-09-21 03:00,102,대전,1,15.9,30.0,0.0,0.0,30.0,0.0,0.0,3.0,NE57_nc
KIM,2026-09-16 12:00,2026-09-21 06:00,105,대전,1,14.9,81.0,0.0,18.0,78.0,-0.0,0.0,3.0,NE57_nc
KIM,2026-09-16 12:00,2026-09-21 09:00,108,대전,1,20.2,62.0,0.0,14.0,58.0,181.0,0.0,3.0,NE57_nc
KIM,2026-09-16 12:00,2026-09-21 12:00,111,대전,1,25.0,57.0,0.0,3.0,56.0,676.0,0.0,3.0,NE57_nc
KIM,2026-09-16 12:00,2026-09-21 15:00,114,대전,1,26.2,41.0,0.0,1.0,40.0,744.0,0.0,3.0,NE57_nc
KIM,2026-09-16 12:00,2026-09-21 18:00,117,대전,1,23.1,52.0,0.0,16.0,45.0,313.0,0.0,3.0,NE57_nc
KIM,2026-09-16 12:00,2026-09-21 21:00,120,대전,1,19.4,54.0,0.0,33.0,37.0,2.0,0.0,3.0,NE57_nc
KIM,2026-09-16 12:00,2026-09-22 09:00,132,대전,1,20.8,5.0,0.0,0.0,5.0,,0.0,12.0,NE57_nc
KIM,2026-09-16 12:00,2026-09-22 21:00,144,대전,1,21.3,100.0,0.0,0.0,100.0,,0.0,12.0,NE57_nc
KIM,2026-09-16 12:00,2026-09-23 09:00,156,대전,1,20.1,100.0,0.0,95.0,99.0,,0.0,12.0,NE57_nc
KIM,2026-09-16 12:00,2026-09-23 21:00,168,대전,1,19.9,95.0,22.0,85.0,74.0,,0.0,12.0,NE57_nc
KIM,2026-09-16 12:00,2026-09-24 09:00,180,대전,1,21.5,39.0,12.0,0.0,31.0,,0.0,12.0,NE57_nc
KIM,2026-09-16 12:00,2026-09-24 21:00,192,대전,1,20.0,7.0,2.0,6.0,0.0,,0.0,12.0,NE57_nc
KIM,2026-09-16 12:00,2026-09-25 09:00,204,대전,1,20.5,87.0,0.0,0.0,87.0,,0.0,12.0,NE57_nc
KIM,2026-09-16 12:00,2026-09-25 21:00,216,대전,1,22.2,99.0,5.0,20.0,98.0,,0.0,12.0,NE57_nc
KIM,2026-09-16 12:00,2026-09-26 09:00,228,대전,1,20.8,99.0,8.0,83.0,98.0,,0.0,12.0,NE57_nc
KIM,2026-09-16 12:00,2026-09-26 21:00,240,대전,1,18.8,96.0,92.0,8.0,56.0,,26.2,12.0,NE57_nc
KIM,2026-09-16 12:00,2026-09-27 09:00,252,대전,1,18.0,99.0,96.0,0.0,79.0,,0.0,12.0,NE57_nc
KIM,2026-09-16 12:00,2026-09-27 21:00,264,대전,1,20.8,99.0,51.0,83.0,97.0,,0.1,12.0,NE57_nc
KIM,2026-09-16 12:00,2026-09-28 09:00,276,대전,1,19.7,100.0,83.0,92.0,100.0,,0.0,12.0,NE57_nc
KIM,2026-09-16 12:00,2026-09-28 21:00,288,대전,1,16.6,23.0,9.0,0.0,21.0,,0.1,12.0,NE57_nc
KIM,2026-09-16 12:00,2026-09-16 21:00,0,대구,1,18.2,18.0,0.0,0.0,18.0,,,,NE57_nc
KIM,2026-09-16 12:00,2026-09-17 00:00,3,대구,1,16.5,83.0,23.0,0.0,82.0,0.0,0.0,3.0,NE57_nc
KIM,2026-09-16 12:00,2026-09-17 03:00,6,대구,1,15.8,97.0,20.0,0.0,96.0,-0.0,0.0,3.0,NE57_nc
KIM,2026-09-16 12:00,2026-09-17 06:00,9,대구,1,15.8,100.0,37.0,0.0,100.0,-0.0,0.0,3.0,NE57_nc
KIM,2026-09-16 12:00,2026-09-17 09:00,12,대구,1,20.9,98.0,55.0,0.0,98.0,200.0,0.0,3.0,NE57_nc
KIM,2026-09-16 12:00,2026-09-17 12:00,15,대구,1,23.2,96.0,27.0,0.0,95.0,692.0,0.0,3.0,NE57_nc
KIM,2026-09-16 12:00,2026-09-17 15:00,18,대구,1,23.3,100.0,17.0,7.0,100.0,743.0,0.0,3.0,NE57_nc
KIM,2026-09-16 12:00,2026-09-17 18:00,21,대구,1,20.6,100.0,56.0,86.0,100.0,217.0,0.0,3.0,NE57_nc
KIM,2026-09-16 12:00,2026-09-17 21:00,24,대구,1,20.2,100.0,93.0,94.0,100.0,2.0,0.0,3.0,NE57_nc
KIM,2026-09-16 12:00,2026-09-18 00:00,27,대구,1,20.4,100.0,93.0,96.0,100.0,0.0,0.0,3.0,NE57_nc
KIM,2026-09-16 12:00,2026-09-18 03:00,30,대구,1,20.1,100.0,88.0,97.0,100.0,-0.0,0.0,3.0,NE57_nc
KIM,2026-09-16 12:00,2026-09-18 06:00,33,대구,1,20.1,100.0,81.0,92.0,100.0,0.0,0.0,3.0,NE57_nc
KIM,2026-09-16 12:00,2026-09-18 09:00,36,대구,1,21.8,98.0,70.0,68.0,93.0,116.0,0.0,3.0,NE57_nc
KIM,2026-09-16 12:00,2026-09-18 12:00,39,대구,1,24.1,84.0,40.0,71.0,59.0,497.0,0.0,3.0,NE57_nc
KIM,2026-09-16 12:00,2026-09-18 15:00,42,대구,1,23.9,52.0,46.0,23.0,0.0,635.0,0.1,3.0,NE57_nc
KIM,2026-09-16 12:00,2026-09-18 18:00,45,대구,1,21.6,75.0,73.0,37.0,6.0,251.0,0.0,3.0,NE57_nc
KIM,2026-09-16 12:00,2026-09-18 21:00,48,대구,1,19.9,91.0,81.0,10.0,67.0,2.0,0.0,3.0,NE57_nc
KIM,2026-09-16 12:00,2026-09-19 00:00,51,대구,1,20.0,100.0,100.0,4.0,78.0,-0.0,0.0,3.0,NE57_nc
KIM,2026-09-16 12:00,2026-09-19 03:00,54,대구,1,20.2,100.0,79.0,2.0,100.0,0.0,0.0,3.0,NE57_nc
KIM,2026-09-16 12:00,2026-09-19 06:00,57,대구,1,18.8,68.0,33.0,1.0,59.0,-0.0,0.0,3.0,NE57_nc
KIM,2026-09-16 12:00,2026-09-19 09:00,60,대구,1,21.5,41.0,26.0,4.0,17.0,154.0,0.0,3.0,NE57_nc
KIM,2026-09-16 12:00,2026-09-19 12:00,63,대구,1,23.7,33.0,31.0,0.0,3.0,565.0,0.0,3.0,NE57_nc
KIM,2026-09-16 12:00,2026-09-19 15:00,66,대구,1,24.9,25.0,24.0,1.0,1.0,750.0,0.1,3.0,NE57_nc
KIM,2026-09-16 12:00,2026-09-19 18:00,69,대구,1,21.8,49.0,35.0,0.0,21.0,210.0,0.0,3.0,NE57_nc
KIM,2026-09-16 12:00,2026-09-19 21:00,72,대구,1,19.2,18.0,15.0,0.0,4.0,2.0,0.0,3.0,NE57_nc
KIM,2026-09-16 12:00,2026-09-20 00:00,75,대구,1,17.1,38.0,38.0,0.0,0.0,0.0,0.0,3.0,NE57_nc
KIM,2026-09-16 12:00,2026-09-20 03:00,78,대구,1,16.2,67.0,41.0,0.0,47.0,0.0,0.0,3.0,NE57_nc
KIM,2026-09-16 12:00,2026-09-20 06:00,81,대구,1,15.9,89.0,15.0,0.0,88.0,-0.0,0.0,3.0,NE57_nc
KIM,2026-09-16 12:00,2026-09-20 09:00,84,대구,1,20.6,36.0,36.0,0.0,0.0,202.0,0.0,3.0,NE57_nc
KIM,2026-09-16 12:00,2026-09-20 12:00,87,대구,1,24.6,21.0,21.0,0.0,0.0,705.0,0.0,3.0,NE57_nc
KIM,2026-09-16 12:00,2026-09-20 15:00,90,대구,1,25.7,72.0,5.0,0.0,70.0,772.0,0.0,3.0,NE57_nc
KIM,2026-09-16 12:00,2026-09-20 18:00,93,대구,1,22.1,22.0,22.0,0.0,0.0,302.0,0.0,3.0,NE57_nc
KIM,2026-09-16 12:00,2026-09-20 21:00,96,대구,1,18.7,33.0,15.0,0.0,24.0,1.0,0.0,3.0,NE57_nc
KIM,2026-09-16 12:00,2026-09-21 00:00,99,대구,1,16.7,57.0,27.0,0.0,48.0,-0.0,0.0,3.0,NE57_nc
KIM,2026-09-16 12:00,2026-09-21 03:00,102,대구,1,15.8,76.0,53.0,0.0,55.0,0.0,0.0,3.0,NE57_nc
KIM,2026-09-16 12:00,2026-09-21 06:00,105,대구,1,15.6,55.0,32.0,0.0,41.0,-0.0,0.0,3.0,NE57_nc
KIM,2026-09-16 12:00,2026-09-21 09:00,108,대구,1,20.0,41.0,1.0,3.0,39.0,201.0,0.0,3.0,NE57_nc
KIM,2026-09-16 12:00,2026-09-21 12:00,111,대구,1,24.2,53.0,1.0,0.0,52.0,709.0,0.0,3.0,NE57_nc
KIM,2026-09-16 12:00,2026-09-21 15:00,114,대구,1,25.5,3.0,0.0,0.0,3.0,768.0,0.0,3.0,NE57_nc
KIM,2026-09-16 12:00,2026-09-21 18:00,117,대구,1,22.1,0.0,0.0,0.0,0.0,315.0,0.0,3.0,NE57_nc
KIM,2026-09-16 12:00,2026-09-21 21:00,120,대구,1,18.5,28.0,0.0,3.0,27.0,1.0,0.0,3.0,NE57_nc
KIM,2026-09-16 12:00,2026-09-22 09:00,132,대구,1,20.3,23.0,0.0,0.0,23.0,,0.0,12.0,NE57_nc
KIM,2026-09-16 12:00,2026-09-22 21:00,144,대구,1,19.1,96.0,1.0,0.0,96.0,,0.0,12.0,NE57_nc
KIM,2026-09-16 12:00,2026-09-23 09:00,156,대구,1,20.2,91.0,13.0,11.0,91.0,,0.0,12.0,NE57_nc
KIM,2026-09-16 12:00,2026-09-23 21:00,168,대구,1,20.2,98.0,32.0,97.0,64.0,,0.0,12.0,NE57_nc
KIM,2026-09-16 12:00,2026-09-24 09:00,180,대구,1,20.8,80.0,10.0,7.0,78.0,,0.0,12.0,NE57_nc
KIM,2026-09-16 12:00,2026-09-24 21:00,192,대구,1,20.0,0.0,0.0,0.0,0.0,,0.0,12.0,NE57_nc
KIM,2026-09-16 12:00,2026-09-25 09:00,204,대구,1,21.2,3.0,0.0,0.0,3.0,,0.0,12.0,NE57_nc
KIM,2026-09-16 12:00,2026-09-25 21:00,216,대구,1,20.0,78.0,40.0,10.0,73.0,,0.0,12.0,NE57_nc
KIM,2026-09-16 12:00,2026-09-26 09:00,228,대구,1,20.8,81.0,1.0,52.0,75.0,,0.0,12.0,NE57_nc
KIM,2026-09-16 12:00,2026-09-26 21:00,240,대구,1,19.7,100.0,95.0,3.0,100.0,,11.9,12.0,NE57_nc
KIM,2026-09-16 12:00,2026-09-27 09:00,252,대구,1,20.7,100.0,22.0,0.0,100.0,,0.7,12.0,NE57_nc
KIM,2026-09-16 12:00,2026-09-27 21:00,264,대구,1,21.9,99.0,68.0,68.0,99.0,,0.0,12.0,NE57_nc
KIM,2026-09-16 12:00,2026-09-28 09:00,276,대구,1,20.2,100.0,85.0,98.0,100.0,,0.0,12.0,NE57_nc
KIM,2026-09-16 12:00,2026-09-28 21:00,288,대구,1,17.5,99.0,90.0,0.0,97.0,,0.2,12.0,NE57_nc
KIM,2026-09-16 12:00,2026-09-16 21:00,0,광주,1,21.1,97.0,81.0,0.0,96.0,,,,NE57_nc
KIM,2026-09-16 12:00,2026-09-17 00:00,3,광주,1,21.0,100.0,87.0,0.0,100.0,0.0,0.0,3.0,NE57_nc
KIM,2026-09-16 12:00,2026-09-17 03:00,6,광주,1,17.7,100.0,46.0,0.0,100.0,-0.0,0.0,3.0,NE57_nc
KIM,2026-09-16 12:00,2026-09-17 06:00,9,광주,1,16.6,100.0,6.0,3.0,100.0,-0.0,0.0,3.0,NE57_nc
KIM,2026-09-16 12:00,2026-09-17 09:00,12,광주,1,21.6,100.0,2.0,0.0,100.0,188.0,0.0,3.0,NE57_nc
KIM,2026-09-16 12:00,2026-09-17 12:00,15,광주,1,25.9,99.0,12.0,4.0,99.0,693.0,0.0,3.0,NE57_nc
KIM,2026-09-16 12:00,2026-09-17 15:00,18,광주,1,26.2,98.0,23.0,73.0,97.0,615.0,0.2,3.0,NE57_nc
KIM,2026-09-16 12:00,2026-09-17 18:00,21,광주,1,23.8,99.0,16.0,98.0,94.0,242.0,0.0,3.0,NE57_nc
KIM,2026-09-16 12:00,2026-09-17 21:00,24,광주,1,21.5,100.0,1.0,93.0,100.0,4.0,0.0,3.0,NE57_nc
KIM,2026-09-16 12:00,2026-09-18 00:00,27,광주,1,19.5,92.0,2.0,87.0,77.0,0.0,0.0,3.0,NE57_nc
KIM,2026-09-16 12:00,2026-09-18 03:00,30,광주,1,18.6,100.0,2.0,79.0,100.0,-0.0,0.0,3.0,NE57_nc
KIM,2026-09-16 12:00,2026-09-18 06:00,33,광주,1,19.2,91.0,3.0,73.0,78.0,0.0,0.0,3.0,NE57_nc
KIM,2026-09-16 12:00,2026-09-18 09:00,36,광주,1,22.8,80.0,3.0,73.0,36.0,118.0,0.0,3.0,NE57_nc
KIM,2026-09-16 12:00,2026-09-18 12:00,39,광주,1,27.3,44.0,8.0,42.0,1.0,542.0,0.1,3.0,NE57_nc
KIM,2026-09-16 12:00,2026-09-18 15:00,42,광주,1,25.4,78.0,64.0,25.0,15.0,589.0,2.8,3.0,NE57_nc
KIM,2026-09-16 12:00,2026-09-18 18:00,45,광주,1,23.2,94.0,52.0,21.0,88.0,166.0,2.0,3.0,NE57_nc
KIM,2026-09-16 12:00,2026-09-18 21:00,48,광주,1,21.0,78.0,24.0,69.0,39.0,3.0,0.1,3.0,NE57_nc
KIM,2026-09-16 12:00,2026-09-19 00:00,51,광주,1,19.4,98.0,6.0,51.0,97.0,-0.0,0.0,3.0,NE57_nc
KIM,2026-09-16 12:00,2026-09-19 03:00,54,광주,1,18.4,99.0,5.0,7.0,99.0,0.0,0.0,3.0,NE57_nc
KIM,2026-09-16 12:00,2026-09-19 06:00,57,광주,1,17.5,96.0,4.0,2.0,95.0,-0.0,0.0,3.0,NE57_nc
KIM,2026-09-16 12:00,2026-09-19 09:00,60,광주,1,22.5,34.0,0.0,0.0,34.0,173.0,0.0,3.0,NE57_nc
KIM,2026-09-16 12:00,2026-09-19 12:00,63,광주,1,27.0,31.0,11.0,18.0,11.0,670.0,0.0,3.0,NE57_nc
KIM,2026-09-16 12:00,2026-09-19 15:00,66,광주,1,28.2,53.0,53.0,2.0,0.0,756.0,0.0,3.0,NE57_nc
KIM,2026-09-16 12:00,2026-09-19 18:00,69,광주,1,25.6,71.0,71.0,0.0,0.0,308.0,0.0,3.0,NE57_nc
KIM,2026-09-16 12:00,2026-09-19 21:00,72,광주,1,22.6,93.0,93.0,0.0,16.0,2.0,0.0,3.0,NE57_nc
KIM,2026-09-16 12:00,2026-09-20 00:00,75,광주,1,21.9,80.0,77.0,0.0,49.0,0.0,0.0,3.0,NE57_nc
KIM,2026-09-16 12:00,2026-09-20 03:00,78,광주,1,20.0,81.0,72.0,0.0,44.0,0.0,0.0,3.0,NE57_nc
KIM,2026-09-16 12:00,2026-09-20 06:00,81,광주,1,18.6,67.0,33.0,0.0,47.0,-0.0,0.0,3.0,NE57_nc
KIM,2026-09-16 12:00,2026-09-20 09:00,84,광주,1,22.4,3.0,3.0,0.0,0.0,178.0,0.0,3.0,NE57_nc
KIM,2026-09-16 12:00,2026-09-20 12:00,87,광주,1,26.1,2.0,1.0,0.0,0.0,684.0,0.0,3.0,NE57_nc
KIM,2026-09-16 12:00,2026-09-20 15:00,90,광주,1,27.1,31.0,0.0,0.0,31.0,769.0,0.0,3.0,NE57_nc
KIM,2026-09-16 12:00,2026-09-20 18:00,93,광주,1,23.8,14.0,1.0,0.0,13.0,334.0,0.0,3.0,NE57_nc
KIM,2026-09-16 12:00,2026-09-20 21:00,96,광주,1,20.2,51.0,2.0,0.0,50.0,3.0,0.0,3.0,NE57_nc
KIM,2026-09-16 12:00,2026-09-21 00:00,99,광주,1,18.4,48.0,0.0,0.0,48.0,-0.0,0.0,3.0,NE57_nc
KIM,2026-09-16 12:00,2026-09-21 03:00,102,광주,1,16.9,48.0,0.0,0.0,48.0,0.0,0.0,3.0,NE57_nc
KIM,2026-09-16 12:00,2026-09-21 06:00,105,광주,1,15.9,93.0,0.0,5.0,93.0,-0.0,0.0,3.0,NE57_nc
KIM,2026-09-16 12:00,2026-09-21 09:00,108,광주,1,21.4,23.0,0.0,7.0,17.0,174.0,0.0,3.0,NE57_nc
KIM,2026-09-16 12:00,2026-09-21 12:00,111,광주,1,25.7,21.0,0.0,4.0,19.0,674.0,0.0,3.0,NE57_nc
KIM,2026-09-16 12:00,2026-09-21 15:00,114,광주,1,26.7,9.0,0.0,6.0,3.0,755.0,0.0,3.0,NE57_nc
KIM,2026-09-16 12:00,2026-09-21 18:00,117,광주,1,23.0,1.0,0.0,1.0,0.0,327.0,0.0,3.0,NE57_nc
KIM,2026-09-16 12:00,2026-09-21 21:00,120,광주,1,20.0,72.0,0.0,5.0,71.0,2.0,0.0,3.0,NE57_nc
KIM,2026-09-16 12:00,2026-09-22 09:00,132,광주,1,22.0,55.0,0.0,0.0,55.0,,0.0,12.0,NE57_nc
KIM,2026-09-16 12:00,2026-09-22 21:00,144,광주,1,20.2,99.0,3.0,0.0,99.0,,0.0,12.0,NE57_nc
KIM,2026-09-16 12:00,2026-09-23 09:00,156,광주,1,21.6,91.0,0.0,51.0,89.0,,0.0,12.0,NE57_nc
KIM,2026-09-16 12:00,2026-09-23 21:00,168,광주,1,21.4,99.0,53.0,98.0,36.0,,0.0,12.0,NE57_nc
KIM,2026-09-16 12:00,2026-09-24 09:00,180,광주,1,23.0,93.0,26.0,47.0,89.0,,0.0,12.0,NE57_nc
KIM,2026-09-16 12:00,2026-09-24 21:00,192,광주,1,20.6,3.0,1.0,0.0,2.0,,0.0,12.0,NE57_nc
KIM,2026-09-16 12:00,2026-09-25 09:00,204,광주,1,22.3,97.0,0.0,0.0,97.0,,0.0,12.0,NE57_nc
KIM,2026-09-16 12:00,2026-09-25 21:00,216,광주,1,22.0,97.0,8.0,16.0,97.0,,0.0,12.0,NE57_nc
KIM,2026-09-16 12:00,2026-09-26 09:00,228,광주,1,21.8,100.0,41.0,96.0,97.0,,0.0,12.0,NE57_nc
KIM,2026-09-16 12:00,2026-09-26 21:00,240,광주,1,22.9,100.0,95.0,1.0,100.0,,32.0,12.0,NE57_nc
KIM,2026-09-16 12:00,2026-09-27 09:00,252,광주,1,21.6,80.0,20.0,16.0,77.0,,0.0,12.0,NE57_nc
KIM,2026-09-16 12:00,2026-09-27 21:00,264,광주,1,21.3,87.0,3.0,53.0,80.0,,0.2,12.0,NE57_nc
KIM,2026-09-16 12:00,2026-09-28 09:00,276,광주,1,18.8,100.0,74.0,100.0,98.0,,2.6,12.0,NE57_nc
KIM,2026-09-16 12:00,2026-09-28 21:00,288,광주,1,18.0,98.0,0.0,16.0,98.0,,0.3,12.0,NE57_nc
KIM,2026-09-16 12:00,2026-09-16 21:00,0,부산,1,20.4,63.0,13.0,0.0,60.0,,,,NE57_nc
KIM,2026-09-16 12:00,2026-09-17 00:00,3,부산,1,20.2,98.0,41.0,0.0,97.0,0.0,0.0,3.0,NE57_nc
KIM,2026-09-16 12:00,2026-09-17 03:00,6,부산,1,20.3,100.0,40.0,0.0,100.0,-0.0,0.0,3.0,NE57_nc
KIM,2026-09-16 12:00,2026-09-17 06:00,9,부산,1,21.1,100.0,68.0,0.0,100.0,-0.0,0.0,3.0,NE57_nc
KIM,2026-09-16 12:00,2026-09-17 09:00,12,부산,1,23.6,97.0,79.0,0.0,88.0,174.0,0.0,3.0,NE57_nc
KIM,2026-09-16 12:00,2026-09-17 12:00,15,부산,1,24.7,93.0,78.0,2.0,84.0,505.0,0.1,3.0,NE57_nc
KIM,2026-09-16 12:00,2026-09-17 15:00,18,부산,1,24.5,100.0,61.0,38.0,100.0,465.0,0.1,3.0,NE57_nc
KIM,2026-09-16 12:00,2026-09-17 18:00,21,부산,1,22.7,99.0,47.0,79.0,96.0,258.0,0.0,3.0,NE57_nc
KIM,2026-09-16 12:00,2026-09-17 21:00,24,부산,1,22.2,99.0,59.0,94.0,98.0,2.0,0.0,3.0,NE57_nc
KIM,2026-09-16 12:00,2026-09-18 00:00,27,부산,1,22.2,99.0,75.0,96.0,93.0,0.0,0.0,3.0,NE57_nc
KIM,2026-09-16 12:00,2026-09-18 03:00,30,부산,1,22.3,100.0,71.0,100.0,100.0,-0.0,0.0,3.0,NE57_nc
KIM,2026-09-16 12:00,2026-09-18 06:00,33,부산,1,22.3,100.0,74.0,95.0,100.0,0.0,0.0,3.0,NE57_nc
KIM,2026-09-16 12:00,2026-09-18 09:00,36,부산,1,23.7,98.0,54.0,87.0,94.0,71.0,0.0,3.0,NE57_nc
KIM,2026-09-16 12:00,2026-09-18 12:00,39,부산,1,25.0,99.0,57.0,82.0,96.0,308.0,0.1,3.0,NE57_nc
KIM,2026-09-16 12:00,2026-09-18 15:00,42,부산,1,24.6,96.0,79.0,87.0,44.0,287.0,0.2,3.0,NE57_nc
KIM,2026-09-16 12:00,2026-09-18 18:00,45,부산,1,23.2,79.0,49.0,67.0,4.0,194.0,0.1,3.0,NE57_nc
KIM,2026-09-16 12:00,2026-09-18 21:00,48,부산,1,21.9,86.0,65.0,56.0,42.0,2.0,0.0,3.0,NE57_nc
KIM,2026-09-16 12:00,2026-09-19 00:00,51,부산,1,21.3,82.0,60.0,40.0,43.0,-0.0,0.0,3.0,NE57_nc
KIM,2026-09-16 12:00,2026-09-19 03:00,54,부산,1,21.1,99.0,52.0,23.0,99.0,0.0,0.0,3.0,NE57_nc
KIM,2026-09-16 12:00,2026-09-19 06:00,57,부산,1,21.2,90.0,53.0,30.0,78.0,-0.0,0.0,3.0,NE57_nc
KIM,2026-09-16 12:00,2026-09-19 09:00,60,부산,1,24.3,69.0,35.0,7.0,54.0,195.0,0.0,3.0,NE57_nc
KIM,2026-09-16 12:00,2026-09-19 12:00,63,부산,1,27.0,42.0,20.0,0.0,28.0,684.0,0.0,3.0,NE57_nc
KIM,2026-09-16 12:00,2026-09-19 15:00,66,부산,1,26.1,61.0,59.0,10.0,3.0,738.0,0.0,3.0,NE57_nc
KIM,2026-09-16 12:00,2026-09-19 18:00,69,부산,1,22.9,31.0,31.0,0.0,0.0,261.0,0.0,3.0,NE57_nc
KIM,2026-09-16 12:00,2026-09-19 21:00,72,부산,1,20.6,33.0,33.0,0.0,0.0,1.0,0.0,3.0,NE57_nc
KIM,2026-09-16 12:00,2026-09-20 00:00,75,부산,1,19.9,67.0,64.0,0.0,4.0,0.0,0.0,3.0,NE57_nc
KIM,2026-09-16 12:00,2026-09-20 03:00,78,부산,1,19.8,82.0,80.0,0.0,18.0,0.0,0.0,3.0,NE57_nc
KIM,2026-09-16 12:00,2026-09-20 06:00,81,부산,1,18.6,71.0,46.0,0.0,50.0,-0.0,0.0,3.0,NE57_nc
KIM,2026-09-16 12:00,2026-09-20 09:00,84,부산,1,23.6,61.0,59.0,0.0,25.0,200.0,0.0,3.0,NE57_nc
KIM,2026-09-16 12:00,2026-09-20 12:00,87,부산,1,26.3,21.0,21.0,0.0,0.0,699.0,0.0,3.0,NE57_nc
KIM,2026-09-16 12:00,2026-09-20 15:00,90,부산,1,27.0,20.0,20.0,0.0,1.0,755.0,0.0,3.0,NE57_nc
KIM,2026-09-16 12:00,2026-09-20 18:00,93,부산,1,23.1,34.0,32.0,0.0,8.0,307.0,0.0,3.0,NE57_nc
KIM,2026-09-16 12:00,2026-09-20 21:00,96,부산,1,20.2,52.0,51.0,0.0,1.0,1.0,0.0,3.0,NE57_nc
KIM,2026-09-16 12:00,2026-09-21 00:00,99,부산,1,19.2,87.0,81.0,0.0,51.0,-0.0,0.0,3.0,NE57_nc
KIM,2026-09-16 12:00,2026-09-21 03:00,102,부산,1,18.1,62.0,55.0,0.0,30.0,0.0,0.0,3.0,NE57_nc
KIM,2026-09-16 12:00,2026-09-21 06:00,105,부산,1,17.1,59.0,51.0,0.0,24.0,-0.0,0.0,3.0,NE57_nc
KIM,2026-09-16 12:00,2026-09-21 09:00,108,부산,1,22.4,82.0,43.0,0.0,66.0,199.0,0.0,3.0,NE57_nc
KIM,2026-09-16 12:00,2026-09-21 12:00,111,부산,1,26.4,48.0,27.0,0.0,36.0,696.0,0.0,3.0,NE57_nc
KIM,2026-09-16 12:00,2026-09-21 15:00,114,부산,1,27.4,8.0,8.0,0.0,0.0,747.0,0.0,3.0,NE57_nc
KIM,2026-09-16 12:00,2026-09-21 18:00,117,부산,1,23.5,4.0,4.0,0.0,0.0,298.0,0.0,3.0,NE57_nc
KIM,2026-09-16 12:00,2026-09-21 21:00,120,부산,1,20.7,28.0,3.0,0.0,27.0,1.0,0.0,3.0,NE57_nc
KIM,2026-09-16 12:00,2026-09-22 09:00,132,부산,1,23.5,82.0,31.0,0.0,78.0,,0.0,12.0,NE57_nc
KIM,2026-09-16 12:00,2026-09-22 21:00,144,부산,1,21.3,91.0,3.0,0.0,90.0,,0.0,12.0,NE57_nc
KIM,2026-09-16 12:00,2026-09-23 09:00,156,부산,1,24.0,98.0,76.0,0.0,96.0,,0.0,12.0,NE57_nc
KIM,2026-09-16 12:00,2026-09-23 21:00,168,부산,1,22.7,100.0,28.0,99.0,97.0,,0.0,12.0,NE57_nc
KIM,2026-09-16 12:00,2026-09-24 09:00,180,부산,1,23.7,98.0,17.0,87.0,93.0,,0.0,12.0,NE57_nc
KIM,2026-09-16 12:00,2026-09-24 21:00,192,부산,1,21.4,9.0,9.0,0.0,0.0,,0.2,12.0,NE57_nc
KIM,2026-09-16 12:00,2026-09-25 09:00,204,부산,1,24.7,11.0,11.0,0.0,0.0,,0.0,12.0,NE57_nc
KIM,2026-09-16 12:00,2026-09-25 21:00,216,부산,1,22.1,99.0,36.0,1.0,98.0,,0.3,12.0,NE57_nc
KIM,2026-09-16 12:00,2026-09-26 09:00,228,부산,1,24.3,86.0,30.0,32.0,75.0,,0.0,12.0,NE57_nc
KIM,2026-09-16 12:00,2026-09-26 21:00,240,부산,1,23.8,99.0,89.0,6.0,92.0,,33.6,12.0,NE57_nc
KIM,2026-09-16 12:00,2026-09-27 09:00,252,부산,1,23.2,100.0,35.0,1.0,100.0,,0.0,12.0,NE57_nc
KIM,2026-09-16 12:00,2026-09-27 21:00,264,부산,1,24.0,100.0,8.0,49.0,99.0,,0.0,12.0,NE57_nc
KIM,2026-09-16 12:00,2026-09-28 09:00,276,부산,1,20.5,99.0,59.0,98.0,53.0,,4.8,12.0,NE57_nc
KIM,2026-09-16 12:00,2026-09-28 21:00,288,부산,1,19.6,99.0,49.0,7.0,98.0,,0.5,12.0,NE57_nc
KIM,2026-09-16 12:00,2026-09-16 21:00,0,인천,0,18.2,8.0,8.0,0.0,0.0,,,,NE57_nc
KIM,2026-09-16 12:00,2026-09-17 00:00,3,인천,0,16.9,25.0,15.0,0.0,13.0,0.0,0.0,3.0,NE57_nc
KIM,2026-09-16 12:00,2026-09-17 03:00,6,인천,0,15.7,30.0,3.0,0.0,29.0,-0.0,0.0,3.0,NE57_nc
KIM,2026-09-16 12:00,2026-09-17 06:00,9,인천,0,14.8,70.0,0.0,0.0,70.0,-0.0,0.0,3.0,NE57_nc
KIM,2026-09-16 12:00,2026-09-17 09:00,12,인천,0,19.5,90.0,0.0,0.0,90.0,181.0,0.0,3.0,NE57_nc
KIM,2026-09-16 12:00,2026-09-17 12:00,15,인천,0,24.6,99.0,0.0,0.0,99.0,640.0,0.0,3.0,NE57_nc
KIM,2026-09-16 12:00,2026-09-17 15:00,18,인천,0,26.5,97.0,0.0,0.0,97.0,706.0,0.0,3.0,NE57_nc
KIM,2026-09-16 12:00,2026-09-17 18:00,21,인천,0,23.6,93.0,9.0,23.0,92.0,249.0,0.0,3.0,NE57_nc
KIM,2026-09-16 12:00,2026-09-17 21:00,24,인천,0,21.1,95.0,12.0,46.0,91.0,2.0,0.0,3.0,NE57_nc
KIM,2026-09-16 12:00,2026-09-18 00:00,27,인천,0,19.3,81.0,29.0,52.0,64.0,0.0,0.0,3.0,NE57_nc
KIM,2026-09-16 12:00,2026-09-18 03:00,30,인천,0,17.6,96.0,54.0,62.0,84.0,-0.0,0.0,3.0,NE57_nc
KIM,2026-09-16 12:00,2026-09-18 06:00,33,인천,0,17.0,76.0,50.0,33.0,58.0,0.0,0.0,3.0,NE57_nc
KIM,2026-09-16 12:00,2026-09-18 09:00,36,인천,0,21.4,35.0,15.0,9.0,18.0,162.0,0.0,3.0,NE57_nc
KIM,2026-09-16 12:00,2026-09-18 12:00,39,인천,0,25.9,30.0,4.0,4.0,23.0,646.0,0.0,3.0,NE57_nc
KIM,2026-09-16 12:00,2026-09-18 15:00,42,인천,0,27.3,20.0,5.0,12.0,6.0,729.0,0.0,3.0,NE57_nc
KIM,2026-09-16 12:00,2026-09-18 18:00,45,인천,0,24.5,48.0,6.0,42.0,3.0,318.0,0.0,3.0,NE57_nc
KIM,2026-09-16 12:00,2026-09-18 21:00,48,인천,0,20.8,89.0,56.0,42.0,76.0,4.0,0.0,3.0,NE57_nc
KIM,2026-09-16 12:00,2026-09-19 00:00,51,인천,0,19.1,100.0,33.0,13.0,100.0,-0.0,0.0,3.0,NE57_nc
KIM,2026-09-16 12:00,2026-09-19 03:00,54,인천,0,17.7,54.0,45.0,2.0,20.0,0.0,0.0,3.0,NE57_nc
KIM,2026-09-16 12:00,2026-09-19 06:00,57,인천,0,16.5,46.0,36.0,0.0,15.0,-0.0,0.0,3.0,NE57_nc
KIM,2026-09-16 12:00,2026-09-19 09:00,60,인천,0,21.5,87.0,6.0,0.0,87.0,163.0,0.0,3.0,NE57_nc
KIM,2026-09-16 12:00,2026-09-19 12:00,63,인천,0,26.1,28.0,0.0,0.0,28.0,646.0,0.0,3.0,NE57_nc
KIM,2026-09-16 12:00,2026-09-19 15:00,66,인천,0,28.0,22.0,0.0,0.0,22.0,733.0,0.0,3.0,NE57_nc
KIM,2026-09-16 12:00,2026-09-19 18:00,69,인천,0,24.7,4.0,0.0,0.0,4.0,319.0,0.0,3.0,NE57_nc
KIM,2026-09-16 12:00,2026-09-19 21:00,72,인천,0,20.5,26.0,17.0,0.0,10.0,3.0,0.0,3.0,NE57_nc
KIM,2026-09-16 12:00,2026-09-20 00:00,75,인천,0,18.3,82.0,22.0,0.0,77.0,0.0,0.0,3.0,NE57_nc
KIM,2026-09-16 12:00,2026-09-20 03:00,78,인천,0,16.5,94.0,17.0,0.0,94.0,0.0,0.0,3.0,NE57_nc
KIM,2026-09-16 12:00,2026-09-20 06:00,81,인천,0,15.3,40.0,20.0,0.0,32.0,-0.0,0.0,3.0,NE57_nc
KIM,2026-09-16 12:00,2026-09-20 09:00,84,인천,0,20.0,9.0,9.0,0.0,0.0,169.0,0.0,3.0,NE57_nc
KIM,2026-09-16 12:00,2026-09-20 12:00,87,인천,0,25.2,23.0,0.0,0.0,23.0,657.0,0.0,3.0,NE57_nc
KIM,2026-09-16 12:00,2026-09-20 15:00,90,인천,0,26.7,2.0,0.0,0.0,2.0,735.0,0.0,3.0,NE57_nc
KIM,2026-09-16 12:00,2026-09-20 18:00,93,인천,0,23.5,0.0,0.0,0.0,0.0,318.0,0.0,3.0,NE57_nc
KIM,2026-09-16 12:00,2026-09-20 21:00,96,인천,0,19.7,80.0,0.0,0.0,80.0,3.0,0.0,3.0,NE57_nc
KIM,2026-09-16 12:00,2026-09-21 00:00,99,인천,0,17.8,75.0,0.0,2.0,74.0,-0.0,0.0,3.0,NE57_nc
KIM,2026-09-16 12:00,2026-09-21 03:00,102,인천,0,15.9,76.0,0.0,26.0,73.0,0.0,0.0,3.0,NE57_nc
KIM,2026-09-16 12:00,2026-09-21 06:00,105,인천,0,14.9,97.0,0.0,61.0,97.0,-0.0,0.0,3.0,NE57_nc
KIM,2026-09-16 12:00,2026-09-21 09:00,108,인천,0,19.7,81.0,0.0,64.0,35.0,148.0,0.0,3.0,NE57_nc
KIM,2026-09-16 12:00,2026-09-21 12:00,111,인천,0,24.8,1.0,0.0,1.0,0.0,626.0,0.0,3.0,NE57_nc
KIM,2026-09-16 12:00,2026-09-21 15:00,114,인천,0,26.1,67.0,0.0,60.0,27.0,723.0,0.0,3.0,NE57_nc
KIM,2026-09-16 12:00,2026-09-21 18:00,117,인천,0,22.7,61.0,7.0,37.0,42.0,307.0,0.0,3.0,NE57_nc
KIM,2026-09-16 12:00,2026-09-21 21:00,120,인천,0,20.3,20.0,16.0,2.0,5.0,3.0,0.0,3.0,NE57_nc
KIM,2026-09-16 12:00,2026-09-22 09:00,132,인천,0,21.5,10.0,10.0,0.0,0.0,,0.0,12.0,NE57_nc
KIM,2026-09-16 12:00,2026-09-22 21:00,144,인천,0,19.9,100.0,0.0,0.0,100.0,,0.0,12.0,NE57_nc
KIM,2026-09-16 12:00,2026-09-23 09:00,156,인천,0,20.3,100.0,2.0,90.0,100.0,,0.0,12.0,NE57_nc
KIM,2026-09-16 12:00,2026-09-23 21:00,168,인천,0,20.5,54.0,54.0,1.0,0.0,,0.0,12.0,NE57_nc
KIM,2026-09-16 12:00,2026-09-24 09:00,180,인천,0,21.3,14.0,10.0,4.0,0.0,,0.1,12.0,NE57_nc
KIM,2026-09-16 12:00,2026-09-24 21:00,192,인천,0,20.4,0.0,0.0,0.0,0.0,,0.0,12.0,NE57_nc
KIM,2026-09-16 12:00,2026-09-25 09:00,204,인천,0,18.4,92.0,0.0,0.0,92.0,,0.0,12.0,NE57_nc
KIM,2026-09-16 12:00,2026-09-25 21:00,216,인천,0,19.4,90.0,0.0,44.0,87.0,,0.0,12.0,NE57_nc
KIM,2026-09-16 12:00,2026-09-26 09:00,228,인천,0,20.8,100.0,51.0,76.0,99.0,,0.0,12.0,NE57_nc
KIM,2026-09-16 12:00,2026-09-26 21:00,240,인천,0,17.9,98.0,98.0,0.0,0.0,,6.5,12.0,NE57_nc
KIM,2026-09-16 12:00,2026-09-27 09:00,252,인천,0,19.2,89.0,86.0,0.0,55.0,,0.9,12.0,NE57_nc
KIM,2026-09-16 12:00,2026-09-27 21:00,264,인천,0,19.6,97.0,68.0,36.0,95.0,,0.3,12.0,NE57_nc
KIM,2026-09-16 12:00,2026-09-28 09:00,276,인천,0,19.0,100.0,0.0,21.0,100.0,,0.0,12.0,NE57_nc
KIM,2026-09-16 12:00,2026-09-28 21:00,288,인천,0,19.1,99.0,41.0,10.0,99.0,,0.0,12.0,NE57_nc
KIM,2026-09-16 12:00,2026-09-16 21:00,0,수원,0,19.6,25.0,25.0,0.0,0.0,,,,NE57_nc
KIM,2026-09-16 12:00,2026-09-17 00:00,3,수원,0,17.8,34.0,12.0,0.0,27.0,0.0,0.0,3.0,NE57_nc
KIM,2026-09-16 12:00,2026-09-17 03:00,6,수원,0,16.8,23.0,0.0,0.0,23.0,-0.0,0.0,3.0,NE57_nc
KIM,2026-09-16 12:00,2026-09-17 06:00,9,수원,0,15.3,61.0,0.0,0.0,61.0,-0.0,0.0,3.0,NE57_nc
KIM,2026-09-16 12:00,2026-09-17 09:00,12,수원,0,20.6,87.0,0.0,0.0,87.0,186.0,0.0,3.0,NE57_nc
KIM,2026-09-16 12:00,2026-09-17 12:00,15,수원,0,25.0,100.0,5.0,0.0,100.0,670.0,0.0,3.0,NE57_nc
KIM,2026-09-16 12:00,2026-09-17 15:00,18,수원,0,26.5,96.0,0.0,0.0,96.0,704.0,0.0,3.0,NE57_nc
KIM,2026-09-16 12:00,2026-09-17 18:00,21,수원,0,24.1,98.0,1.0,30.0,97.0,245.0,0.0,3.0,NE57_nc
KIM,2026-09-16 12:00,2026-09-17 21:00,24,수원,0,21.4,100.0,15.0,46.0,100.0,2.0,0.0,3.0,NE57_nc
KIM,2026-09-16 12:00,2026-09-18 00:00,27,수원,0,19.9,70.0,62.0,26.0,25.0,0.0,0.0,3.0,NE57_nc
KIM,2026-09-16 12:00,2026-09-18 03:00,30,수원,0,18.7,91.0,55.0,63.0,75.0,-0.0,0.0,3.0,NE57_nc
KIM,2026-09-16 12:00,2026-09-18 06:00,33,수원,0,18.2,82.0,43.0,70.0,37.0,0.0,0.0,3.0,NE57_nc
KIM,2026-09-16 12:00,2026-09-18 09:00,36,수원,0,22.5,64.0,9.0,46.0,33.0,152.0,0.0,3.0,NE57_nc
KIM,2026-09-16 12:00,2026-09-18 12:00,39,수원,0,26.2,46.0,16.0,36.0,4.0,629.0,0.0,3.0,NE57_nc
KIM,2026-09-16 12:00,2026-09-18 15:00,42,수원,0,27.4,15.0,1.0,13.0,2.0,730.0,0.0,3.0,NE57_nc
KIM,2026-09-16 12:00,2026-09-18 18:00,45,수원,0,25.1,35.0,27.0,9.0,0.0,325.0,0.0,3.0,NE57_nc
KIM,2026-09-16 12:00,2026-09-18 21:00,48,수원,0,21.5,69.0,18.0,25.0,62.0,3.0,0.0,3.0,NE57_nc
KIM,2026-09-16 12:00,2026-09-19 00:00,51,수원,0,19.6,100.0,26.0,22.0,100.0,-0.0,0.0,3.0,NE57_nc
KIM,2026-09-16 12:00,2026-09-19 03:00,54,수원,0,18.1,67.0,38.0,5.0,40.0,0.0,0.0,3.0,NE57_nc
KIM,2026-09-16 12:00,2026-09-19 06:00,57,수원,0,17.1,34.0,28.0,0.0,8.0,-0.0,0.0,3.0,NE57_nc
KIM,2026-09-16 12:00,2026-09-19 09:00,60,수원,0,22.0,78.0,1.0,0.0,78.0,167.0,0.0,3.0,NE57_nc
KIM,2026-09-16 12:00,2026-09-19 12:00,63,수원,0,26.4,18.0,0.0,0.0,18.0,652.0,0.0,3.0,NE57_nc
KIM,2026-09-16 12:00,2026-09-19 15:00,66,수원,0,28.0,13.0,0.0,0.0,13.0,744.0,0.0,3.0,NE57_nc
KIM,2026-09-16 12:00,2026-09-19 18:00,69,수원,0,25.4,1.0,0.0,0.0,1.0,323.0,0.0,3.0,NE57_nc
KIM,2026-09-16 12:00,2026-09-19 21:00,72,수원,0,21.0,30.0,30.0,0.0,0.0,3.0,0.0,3.0,NE57_nc
KIM,2026-09-16 12:00,2026-09-20 00:00,75,수원,0,18.9,54.0,26.0,0.0,45.0,0.0,0.0,3.0,NE57_nc
KIM,2026-09-16 12:00,2026-09-20 03:00,78,수원,0,17.0,94.0,15.0,0.0,93.0,0.0,0.0,3.0,NE57_nc
KIM,2026-09-16 12:00,2026-09-20 06:00,81,수원,0,15.7,54.0,14.0,0.0,51.0,-0.0,0.0,3.0,NE57_nc
KIM,2026-09-16 12:00,2026-09-20 09:00,84,수원,0,20.8,2.0,2.0,0.0,0.0,176.0,0.0,3.0,NE57_nc
KIM,2026-09-16 12:00,2026-09-20 12:00,87,수원,0,26.0,26.0,0.0,0.0,26.0,672.0,0.0,3.0,NE57_nc
KIM,2026-09-16 12:00,2026-09-20 15:00,90,수원,0,28.1,0.0,0.0,0.0,0.0,751.0,0.0,3.0,NE57_nc
KIM,2026-09-16 12:00,2026-09-20 18:00,93,수원,0,25.0,8.0,0.0,0.0,8.0,324.0,0.0,3.0,NE57_nc
KIM,2026-09-16 12:00,2026-09-20 21:00,96,수원,0,20.4,84.0,0.0,0.0,84.0,3.0,0.0,3.0,NE57_nc
KIM,2026-09-16 12:00,2026-09-21 00:00,99,수원,0,18.3,81.0,0.0,0.0,81.0,-0.0,0.0,3.0,NE57_nc
KIM,2026-09-16 12:00,2026-09-21 03:00,102,수원,0,16.4,31.0,0.0,5.0,30.0,0.0,0.0,3.0,NE57_nc
KIM,2026-09-16 12:00,2026-09-21 06:00,105,수원,0,15.3,97.0,0.0,80.0,95.0,-0.0,0.0,3.0,NE57_nc
KIM,2026-09-16 12:00,2026-09-21 09:00,108,수원,0,21.3,91.0,0.0,23.0,86.0,169.0,0.0,3.0,NE57_nc
KIM,2026-09-16 12:00,2026-09-21 12:00,111,수원,0,26.1,4.0,0.0,0.0,4.0,604.0,0.0,3.0,NE57_nc
KIM,2026-09-16 12:00,2026-09-21 15:00,114,수원,0,27.6,43.0,0.0,37.0,10.0,736.0,0.0,3.0,NE57_nc
KIM,2026-09-16 12:00,2026-09-21 18:00,117,수원,0,24.0,80.0,0.0,32.0,72.0,314.0,0.0,3.0,NE57_nc
KIM,2026-09-16 12:00,2026-09-21 21:00,120,수원,0,20.2,35.0,2.0,20.0,21.0,2.0,0.0,3.0,NE57_nc
KIM,2026-09-16 12:00,2026-09-22 09:00,132,수원,0,22.4,2.0,2.0,0.0,0.0,,0.0,12.0,NE57_nc
KIM,2026-09-16 12:00,2026-09-22 21:00,144,수원,0,20.4,100.0,0.0,0.0,100.0,,0.0,12.0,NE57_nc
KIM,2026-09-16 12:00,2026-09-23 09:00,156,수원,0,20.7,100.0,1.0,95.0,100.0,,0.0,12.0,NE57_nc
KIM,2026-09-16 12:00,2026-09-23 21:00,168,수원,0,21.1,76.0,72.0,31.0,0.0,,0.0,12.0,NE57_nc
KIM,2026-09-16 12:00,2026-09-24 09:00,180,수원,0,21.2,6.0,6.0,0.0,0.0,,0.4,12.0,NE57_nc
KIM,2026-09-16 12:00,2026-09-24 21:00,192,수원,0,20.0,1.0,0.0,1.0,0.0,,0.0,12.0,NE57_nc
KIM,2026-09-16 12:00,2026-09-25 09:00,204,수원,0,20.3,88.0,0.0,0.0,88.0,,0.0,12.0,NE57_nc
KIM,2026-09-16 12:00,2026-09-25 21:00,216,수원,0,20.6,98.0,0.0,48.0,97.0,,0.0,12.0,NE57_nc
KIM,2026-09-16 12:00,2026-09-26 09:00,228,수원,0,21.2,99.0,19.0,53.0,98.0,,0.0,12.0,NE57_nc
KIM,2026-09-16 12:00,2026-09-26 21:00,240,수원,0,18.1,99.0,99.0,0.0,0.0,,4.2,12.0,NE57_nc
KIM,2026-09-16 12:00,2026-09-27 09:00,252,수원,0,19.4,100.0,99.0,0.0,82.0,,0.0,12.0,NE57_nc
KIM,2026-09-16 12:00,2026-09-27 21:00,264,수원,0,19.2,99.0,84.0,58.0,98.0,,0.6,12.0,NE57_nc
KIM,2026-09-16 12:00,2026-09-28 09:00,276,수원,0,20.0,100.0,40.0,50.0,100.0,,0.0,12.0,NE57_nc
KIM,2026-09-16 12:00,2026-09-28 21:00,288,수원,0,17.7,99.0,42.0,15.0,99.0,,0.0,12.0,NE57_nc
KIM,2026-09-16 12:00,2026-09-16 21:00,0,전주,0,22.0,93.0,55.0,0.0,90.0,,,,NE57_nc
KIM,2026-09-16 12:00,2026-09-17 00:00,3,전주,0,19.3,96.0,28.0,0.0,96.0,0.0,0.0,3.0,NE57_nc
KIM,2026-09-16 12:00,2026-09-17 03:00,6,전주,0,17.2,100.0,8.0,0.0,100.0,-0.0,0.0,3.0,NE57_nc
KIM,2026-09-16 12:00,2026-09-17 06:00,9,전주,0,16.1,100.0,8.0,0.0,100.0,-0.0,0.0,3.0,NE57_nc
KIM,2026-09-16 12:00,2026-09-17 09:00,12,전주,0,21.7,100.0,7.0,0.0,100.0,186.0,0.0,3.0,NE57_nc
KIM,2026-09-16 12:00,2026-09-17 12:00,15,전주,0,25.9,99.0,2.0,0.0,99.0,680.0,0.0,3.0,NE57_nc
KIM,2026-09-16 12:00,2026-09-17 15:00,18,전주,0,26.5,92.0,23.0,33.0,89.0,616.0,0.0,3.0,NE57_nc
KIM,2026-09-16 12:00,2026-09-17 18:00,21,전주,0,23.2,89.0,13.0,80.0,53.0,140.0,0.0,3.0,NE57_nc
KIM,2026-09-16 12:00,2026-09-17 21:00,24,전주,0,20.7,100.0,5.0,84.0,100.0,4.0,0.0,3.0,NE57_nc
KIM,2026-09-16 12:00,2026-09-18 00:00,27,전주,0,19.6,100.0,20.0,90.0,100.0,0.0,0.0,3.0,NE57_nc
KIM,2026-09-16 12:00,2026-09-18 03:00,30,전주,0,19.2,97.0,30.0,71.0,92.0,-0.0,0.0,3.0,NE57_nc
KIM,2026-09-16 12:00,2026-09-18 06:00,33,전주,0,19.0,75.0,30.0,60.0,49.0,0.0,0.0,3.0,NE57_nc
KIM,2026-09-16 12:00,2026-09-18 09:00,36,전주,0,22.5,89.0,14.0,61.0,75.0,93.0,0.0,3.0,NE57_nc
KIM,2026-09-16 12:00,2026-09-18 12:00,39,전주,0,26.9,24.0,15.0,11.0,0.0,541.0,0.0,3.0,NE57_nc
KIM,2026-09-16 12:00,2026-09-18 15:00,42,전주,0,26.5,59.0,42.0,29.0,2.0,739.0,0.8,3.0,NE57_nc
KIM,2026-09-16 12:00,2026-09-18 18:00,45,전주,0,24.0,70.0,42.0,6.0,53.0,264.0,0.4,3.0,NE57_nc
KIM,2026-09-16 12:00,2026-09-18 21:00,48,전주,0,21.5,71.0,26.0,6.0,63.0,3.0,0.0,3.0,NE57_nc
KIM,2026-09-16 12:00,2026-09-19 00:00,51,전주,0,19.8,100.0,32.0,5.0,100.0,-0.0,0.0,3.0,NE57_nc
KIM,2026-09-16 12:00,2026-09-19 03:00,54,전주,0,19.0,91.0,31.0,0.0,89.0,0.0,0.0,3.0,NE57_nc
KIM,2026-09-16 12:00,2026-09-19 06:00,57,전주,0,18.5,71.0,20.0,0.0,69.0,-0.0,0.0,3.0,NE57_nc
KIM,2026-09-16 12:00,2026-09-19 09:00,60,전주,0,22.9,5.0,1.0,0.0,4.0,175.0,0.0,3.0,NE57_nc
KIM,2026-09-16 12:00,2026-09-19 12:00,63,전주,0,26.9,24.0,11.0,8.0,10.0,668.0,0.0,3.0,NE57_nc
KIM,2026-09-16 12:00,2026-09-19 15:00,66,전주,0,27.9,28.0,27.0,0.0,0.0,742.0,0.0,3.0,NE57_nc
KIM,2026-09-16 12:00,2026-09-19 18:00,69,전주,0,25.1,51.0,38.0,0.0,14.0,316.0,0.0,3.0,NE57_nc
KIM,2026-09-16 12:00,2026-09-19 21:00,72,전주,0,22.3,39.0,39.0,0.0,0.0,3.0,0.0,3.0,NE57_nc
KIM,2026-09-16 12:00,2026-09-20 00:00,75,전주,0,20.3,35.0,19.0,0.0,22.0,0.0,0.0,3.0,NE57_nc
KIM,2026-09-16 12:00,2026-09-20 03:00,78,전주,0,18.5,51.0,5.0,0.0,50.0,0.0,0.0,3.0,NE57_nc
KIM,2026-09-16 12:00,2026-09-20 06:00,81,전주,0,16.8,60.0,2.0,0.0,59.0,-0.0,0.0,3.0,NE57_nc
KIM,2026-09-16 12:00,2026-09-20 09:00,84,전주,0,21.9,1.0,0.0,0.0,1.0,180.0,0.0,3.0,NE57_nc
KIM,2026-09-16 12:00,2026-09-20 12:00,87,전주,0,25.3,19.0,0.0,0.0,19.0,680.0,0.0,3.0,NE57_nc
KIM,2026-09-16 12:00,2026-09-20 15:00,90,전주,0,26.3,5.0,0.0,0.0,5.0,758.0,0.0,3.0,NE57_nc
KIM,2026-09-16 12:00,2026-09-20 18:00,93,전주,0,23.7,2.0,0.0,0.0,2.0,326.0,0.0,3.0,NE57_nc
KIM,2026-09-16 12:00,2026-09-20 21:00,96,전주,0,20.2,59.0,0.0,0.0,59.0,3.0,0.0,3.0,NE57_nc
KIM,2026-09-16 12:00,2026-09-21 00:00,99,전주,0,18.2,24.0,0.0,0.0,24.0,-0.0,0.0,3.0,NE57_nc
KIM,2026-09-16 12:00,2026-09-21 03:00,102,전주,0,16.8,36.0,0.0,0.0,36.0,0.0,0.0,3.0,NE57_nc
KIM,2026-09-16 12:00,2026-09-21 06:00,105,전주,0,15.7,86.0,0.0,6.0,86.0,-0.0,0.0,3.0,NE57_nc
KIM,2026-09-16 12:00,2026-09-21 09:00,108,전주,0,20.6,60.0,0.0,17.0,55.0,175.0,0.0,3.0,NE57_nc
KIM,2026-09-16 12:00,2026-09-21 12:00,111,전주,0,24.8,30.0,0.0,9.0,24.0,670.0,0.0,3.0,NE57_nc
KIM,2026-09-16 12:00,2026-09-21 15:00,114,전주,0,26.5,53.0,0.0,0.0,53.0,746.0,0.0,3.0,NE57_nc
KIM,2026-09-16 12:00,2026-09-21 18:00,117,전주,0,23.8,32.0,0.0,14.0,24.0,315.0,0.0,3.0,NE57_nc
KIM,2026-09-16 12:00,2026-09-21 21:00,120,전주,0,20.2,83.0,0.0,25.0,79.0,2.0,0.0,3.0,NE57_nc
KIM,2026-09-16 12:00,2026-09-22 09:00,132,전주,0,21.7,20.0,0.0,0.0,20.0,,0.0,12.0,NE57_nc
KIM,2026-09-16 12:00,2026-09-22 21:00,144,전주,0,20.3,100.0,0.0,0.0,100.0,,0.0,12.0,NE57_nc
KIM,2026-09-16 12:00,2026-09-23 09:00,156,전주,0,21.3,99.0,0.0,85.0,99.0,,0.0,12.0,NE57_nc
KIM,2026-09-16 12:00,2026-09-23 21:00,168,전주,0,20.2,97.0,18.0,95.0,64.0,,0.0,12.0,NE57_nc
KIM,2026-09-16 12:00,2026-09-24 09:00,180,전주,0,22.4,65.0,19.0,0.0,62.0,,0.0,12.0,NE57_nc
KIM,2026-09-16 12:00,2026-09-24 21:00,192,전주,0,20.3,0.0,0.0,0.0,0.0,,0.0,12.0,NE57_nc
KIM,2026-09-16 12:00,2026-09-25 09:00,204,전주,0,22.0,100.0,0.0,0.0,100.0,,0.0,12.0,NE57_nc
KIM,2026-09-16 12:00,2026-09-25 21:00,216,전주,0,21.8,97.0,5.0,25.0,97.0,,0.0,12.0,NE57_nc
KIM,2026-09-16 12:00,2026-09-26 09:00,228,전주,0,22.2,100.0,29.0,97.0,100.0,,0.0,12.0,NE57_nc
KIM,2026-09-16 12:00,2026-09-26 21:00,240,전주,0,22.6,100.0,94.0,8.0,100.0,,7.8,12.0,NE57_nc
KIM,2026-09-16 12:00,2026-09-27 09:00,252,전주,0,20.8,60.0,46.0,0.0,31.0,,0.1,12.0,NE57_nc
KIM,2026-09-16 12:00,2026-09-27 21:00,264,전주,0,20.9,93.0,23.0,56.0,91.0,,0.0,12.0,NE57_nc
KIM,2026-09-16 12:00,2026-09-28 09:00,276,전주,0,20.0,100.0,82.0,98.0,98.0,,2.0,12.0,NE57_nc
KIM,2026-09-16 12:00,2026-09-28 21:00,288,전주,0,17.7,47.0,0.0,0.0,46.0,,0.2,12.0,NE57_nc
KIM,2026-09-16 12:00,2026-09-16 21:00,0,강릉,0,18.8,0.0,0.0,0.0,0.0,,,,NE57_nc
KIM,2026-09-16 12:00,2026-09-17 00:00,3,강릉,0,17.5,0.0,0.0,0.0,0.0,0.0,0.0,3.0,NE57_nc
KIM,2026-09-16 12:00,2026-09-17 03:00,6,강릉,0,16.8,0.0,0.0,0.0,0.0,-0.0,0.0,3.0,NE57_nc
KIM,2026-09-16 12:00,2026-09-17 06:00,9,강릉,0,16.6,38.0,35.0,0.0,7.0,-0.0,0.0,3.0,NE57_nc
KIM,2026-09-16 12:00,2026-09-17 09:00,12,강릉,0,20.4,57.0,45.0,0.0,31.0,203.0,0.0,3.0,NE57_nc
KIM,2026-09-16 12:00,2026-09-17 12:00,15,강릉,0,21.7,100.0,34.0,0.0,99.0,519.0,0.1,3.0,NE57_nc
KIM,2026-09-16 12:00,2026-09-17 15:00,18,강릉,0,22.6,100.0,21.0,0.0,100.0,544.0,0.1,3.0,NE57_nc
KIM,2026-09-16 12:00,2026-09-17 18:00,21,강릉,0,21.1,100.0,48.0,7.0,100.0,267.0,0.0,3.0,NE57_nc
KIM,2026-09-16 12:00,2026-09-17 21:00,24,강릉,0,20.6,100.0,62.0,70.0,100.0,2.0,0.0,3.0,NE57_nc
KIM,2026-09-16 12:00,2026-09-18 00:00,27,강릉,0,20.5,100.0,80.0,80.0,100.0,0.0,0.0,3.0,NE57_nc
KIM,2026-09-16 12:00,2026-09-18 03:00,30,강릉,0,20.3,100.0,89.0,94.0,100.0,-0.0,0.2,3.0,NE57_nc
KIM,2026-09-16 12:00,2026-09-18 06:00,33,강릉,0,20.3,100.0,97.0,95.0,100.0,0.0,0.1,3.0,NE57_nc
KIM,2026-09-16 12:00,2026-09-18 09:00,36,강릉,0,20.8,99.0,95.0,96.0,81.0,26.0,0.4,3.0,NE57_nc
KIM,2026-09-16 12:00,2026-09-18 12:00,39,강릉,0,21.9,92.0,81.0,58.0,21.0,205.0,0.1,3.0,NE57_nc
KIM,2026-09-16 12:00,2026-09-18 15:00,42,강릉,0,22.2,94.0,87.0,68.0,0.0,327.0,0.2,3.0,NE57_nc
KIM,2026-09-16 12:00,2026-09-18 18:00,45,강릉,0,21.0,98.0,98.0,23.0,0.0,75.0,0.1,3.0,NE57_nc
KIM,2026-09-16 12:00,2026-09-18 21:00,48,강릉,0,20.6,93.0,93.0,22.0,0.0,0.0,0.2,3.0,NE57_nc
KIM,2026-09-16 12:00,2026-09-19 00:00,51,강릉,0,19.9,95.0,95.0,29.0,54.0,-0.0,0.6,3.0,NE57_nc
KIM,2026-09-16 12:00,2026-09-19 03:00,54,강릉,0,20.1,97.0,91.0,20.0,75.0,0.0,0.7,3.0,NE57_nc
KIM,2026-09-16 12:00,2026-09-19 06:00,57,강릉,0,19.4,89.0,87.0,8.0,34.0,-0.0,0.1,3.0,NE57_nc
KIM,2026-09-16 12:00,2026-09-19 09:00,60,강릉,0,20.6,97.0,91.0,3.0,94.0,70.0,0.0,3.0,NE57_nc
KIM,2026-09-16 12:00,2026-09-19 12:00,63,강릉,0,20.5,78.0,76.0,1.0,35.0,264.0,0.2,3.0,NE57_nc
KIM,2026-09-16 12:00,2026-09-19 15:00,66,강릉,0,21.4,82.0,81.0,0.0,16.0,375.0,0.2,3.0,NE57_nc
KIM,2026-09-16 12:00,2026-09-19 18:00,69,강릉,0,20.5,89.0,85.0,0.0,38.0,207.0,0.2,3.0,NE57_nc
KIM,2026-09-16 12:00,2026-09-19 21:00,72,강릉,0,19.9,88.0,86.0,0.0,30.0,1.0,0.0,3.0,NE57_nc
KIM,2026-09-16 12:00,2026-09-20 00:00,75,강릉,0,19.6,97.0,97.0,2.0,13.0,0.0,0.0,3.0,NE57_nc
KIM,2026-09-16 12:00,2026-09-20 03:00,78,강릉,0,19.0,95.0,89.0,1.0,78.0,0.0,0.3,3.0,NE57_nc
KIM,2026-09-16 12:00,2026-09-20 06:00,81,강릉,0,17.7,99.0,95.0,0.0,96.0,-0.0,0.0,3.0,NE57_nc
KIM,2026-09-16 12:00,2026-09-20 09:00,84,강릉,0,19.9,84.0,84.0,0.0,10.0,135.0,0.1,3.0,NE57_nc
KIM,2026-09-16 12:00,2026-09-20 12:00,87,강릉,0,21.4,70.0,70.0,0.0,0.0,425.0,0.0,3.0,NE57_nc
KIM,2026-09-16 12:00,2026-09-20 15:00,90,강릉,0,21.8,55.0,54.0,0.0,9.0,696.0,0.0,3.0,NE57_nc
KIM,2026-09-16 12:00,2026-09-20 18:00,93,강릉,0,19.9,49.0,49.0,0.0,0.0,257.0,0.0,3.0,NE57_nc
KIM,2026-09-16 12:00,2026-09-20 21:00,96,강릉,0,18.4,52.0,51.0,0.0,6.0,1.0,0.0,3.0,NE57_nc
KIM,2026-09-16 12:00,2026-09-21 00:00,99,강릉,0,17.8,95.0,34.0,0.0,94.0,-0.0,0.0,3.0,NE57_nc
KIM,2026-09-16 12:00,2026-09-21 03:00,102,강릉,0,17.0,55.0,46.0,0.0,19.0,0.0,0.0,3.0,NE57_nc
KIM,2026-09-16 12:00,2026-09-21 06:00,105,강릉,0,16.8,93.0,53.0,19.0,85.0,-0.0,0.0,3.0,NE57_nc
KIM,2026-09-16 12:00,2026-09-21 09:00,108,강릉,0,20.4,81.0,31.0,28.0,67.0,192.0,0.0,3.0,NE57_nc
KIM,2026-09-16 12:00,2026-09-21 12:00,111,강릉,0,22.4,69.0,10.0,4.0,64.0,655.0,0.0,3.0,NE57_nc
KIM,2026-09-16 12:00,2026-09-21 15:00,114,강릉,0,22.3,5.0,5.0,0.0,1.0,713.0,0.0,3.0,NE57_nc
KIM,2026-09-16 12:00,2026-09-21 18:00,117,강릉,0,20.2,76.0,2.0,0.0,76.0,288.0,0.0,3.0,NE57_nc
KIM,2026-09-16 12:00,2026-09-21 21:00,120,강릉,0,18.7,21.0,2.0,18.0,7.0,1.0,0.0,3.0,NE57_nc
KIM,2026-09-16 12:00,2026-09-22 09:00,132,강릉,0,21.9,1.0,1.0,0.0,0.0,,0.0,12.0,NE57_nc
KIM,2026-09-16 12:00,2026-09-22 21:00,144,강릉,0,20.6,92.0,0.0,0.0,92.0,,0.0,12.0,NE57_nc
KIM,2026-09-16 12:00,2026-09-23 09:00,156,강릉,0,22.3,100.0,0.0,82.0,100.0,,0.0,12.0,NE57_nc
KIM,2026-09-16 12:00,2026-09-23 21:00,168,강릉,0,22.1,58.0,30.0,27.0,55.0,,0.0,12.0,NE57_nc
KIM,2026-09-16 12:00,2026-09-24 09:00,180,강릉,0,24.2,0.0,0.0,0.0,0.0,,0.0,12.0,NE57_nc
KIM,2026-09-16 12:00,2026-09-24 21:00,192,강릉,0,20.0,49.0,49.0,0.0,0.0,,0.0,12.0,NE57_nc
KIM,2026-09-16 12:00,2026-09-25 09:00,204,강릉,0,19.8,91.0,80.0,0.0,55.0,,0.5,12.0,NE57_nc
KIM,2026-09-16 12:00,2026-09-25 21:00,216,강릉,0,20.1,96.0,51.0,9.0,95.0,,0.4,12.0,NE57_nc
KIM,2026-09-16 12:00,2026-09-26 09:00,228,강릉,0,21.8,100.0,9.0,79.0,100.0,,0.0,12.0,NE57_nc
KIM,2026-09-16 12:00,2026-09-26 21:00,240,강릉,0,19.3,89.0,62.0,86.0,0.0,,6.6,12.0,NE57_nc
KIM,2026-09-16 12:00,2026-09-27 09:00,252,강릉,0,23.7,28.0,28.0,0.0,0.0,,0.0,12.0,NE57_nc
KIM,2026-09-16 12:00,2026-09-27 21:00,264,강릉,0,21.3,99.0,69.0,20.0,99.0,,0.0,12.0,NE57_nc
KIM,2026-09-16 12:00,2026-09-28 09:00,276,강릉,0,18.8,100.0,95.0,55.0,100.0,,2.5,12.0,NE57_nc
KIM,2026-09-16 12:00,2026-09-28 21:00,288,강릉,0,16.3,99.0,33.0,0.0,99.0,,20.1,12.0,NE57_nc
KIM,2026-09-16 12:00,2026-09-16 21:00,0,제주,0,24.1,100.0,12.0,0.0,100.0,,,,NE57_nc
KIM,2026-09-16 12:00,2026-09-17 00:00,3,제주,0,23.8,100.0,31.0,0.0,100.0,0.0,0.0,3.0,NE57_nc
KIM,2026-09-16 12:00,2026-09-17 03:00,6,제주,0,23.4,100.0,14.0,0.0,100.0,-0.0,0.0,3.0,NE57_nc
KIM,2026-09-16 12:00,2026-09-17 06:00,9,제주,0,22.4,100.0,50.0,12.0,100.0,-0.0,0.0,3.0,NE57_nc
KIM,2026-09-16 12:00,2026-09-17 09:00,12,제주,0,22.8,100.0,45.0,52.0,99.0,160.0,0.0,3.0,NE57_nc
KIM,2026-09-16 12:00,2026-09-17 12:00,15,제주,0,23.6,98.0,49.0,84.0,93.0,407.0,0.2,3.0,NE57_nc
KIM,2026-09-16 12:00,2026-09-17 15:00,18,제주,0,24.0,94.0,55.0,85.0,46.0,563.0,0.1,3.0,NE57_nc
KIM,2026-09-16 12:00,2026-09-17 18:00,21,제주,0,24.1,100.0,74.0,74.0,100.0,205.0,0.2,3.0,NE57_nc
KIM,2026-09-16 12:00,2026-09-17 21:00,24,제주,0,23.8,96.0,68.0,41.0,88.0,2.0,0.1,3.0,NE57_nc
KIM,2026-09-16 12:00,2026-09-18 00:00,27,제주,0,23.7,98.0,54.0,73.0,91.0,0.0,0.0,3.0,NE57_nc
KIM,2026-09-16 12:00,2026-09-18 03:00,30,제주,0,23.8,99.0,54.0,90.0,95.0,-0.0,0.0,3.0,NE57_nc
KIM,2026-09-16 12:00,2026-09-18 06:00,33,제주,0,24.0,100.0,46.0,99.0,100.0,0.0,0.0,3.0,NE57_nc
KIM,2026-09-16 12:00,2026-09-18 09:00,36,제주,0,23.8,100.0,67.0,99.0,83.0,69.0,0.4,3.0,NE57_nc
KIM,2026-09-16 12:00,2026-09-18 12:00,39,제주,0,24.1,97.0,79.0,61.0,36.0,579.0,0.0,3.0,NE57_nc
KIM,2026-09-16 12:00,2026-09-18 15:00,42,제주,0,24.1,96.0,93.0,29.0,52.0,635.0,0.0,3.0,NE57_nc
KIM,2026-09-16 12:00,2026-09-18 18:00,45,제주,0,23.9,88.0,85.0,25.0,22.0,156.0,0.0,3.0,NE57_nc
KIM,2026-09-16 12:00,2026-09-18 21:00,48,제주,0,24.0,94.0,87.0,18.0,65.0,3.0,0.1,3.0,NE57_nc
KIM,2026-09-16 12:00,2026-09-19 00:00,51,제주,0,23.7,89.0,84.0,5.0,62.0,-0.0,0.0,3.0,NE57_nc
KIM,2026-09-16 12:00,2026-09-19 03:00,54,제주,0,23.7,96.0,67.0,16.0,90.0,0.0,0.0,3.0,NE57_nc
KIM,2026-09-16 12:00,2026-09-19 06:00,57,제주,0,23.4,92.0,81.0,4.0,79.0,-0.0,0.0,3.0,NE57_nc
KIM,2026-09-16 12:00,2026-09-19 09:00,60,제주,0,23.6,98.0,89.0,27.0,86.0,94.0,0.1,3.0,NE57_nc
KIM,2026-09-16 12:00,2026-09-19 12:00,63,제주,0,24.1,94.0,66.0,72.0,78.0,472.0,0.0,3.0,NE57_nc
KIM,2026-09-16 12:00,2026-09-19 15:00,66,제주,0,24.4,87.0,71.0,63.0,10.0,600.0,0.1,3.0,NE57_nc
KIM,2026-09-16 12:00,2026-09-19 18:00,69,제주,0,24.1,64.0,42.0,43.0,36.0,291.0,0.0,3.0,NE57_nc
KIM,2026-09-16 12:00,2026-09-19 21:00,72,제주,0,24.0,71.0,44.0,35.0,29.0,3.0,0.0,3.0,NE57_nc
KIM,2026-09-16 12:00,2026-09-20 00:00,75,제주,0,23.6,80.0,65.0,52.0,23.0,0.0,0.0,3.0,NE57_nc
KIM,2026-09-16 12:00,2026-09-20 03:00,78,제주,0,23.1,65.0,58.0,11.0,34.0,0.0,0.0,3.0,NE57_nc
KIM,2026-09-16 12:00,2026-09-20 06:00,81,제주,0,22.4,71.0,42.0,6.0,61.0,-0.0,0.0,3.0,NE57_nc
KIM,2026-09-16 12:00,2026-09-20 09:00,84,제주,0,22.8,49.0,45.0,1.0,10.0,174.0,0.0,3.0,NE57_nc
KIM,2026-09-16 12:00,2026-09-20 12:00,87,제주,0,23.1,38.0,38.0,0.0,0.0,645.0,0.0,3.0,NE57_nc
KIM,2026-09-16 12:00,2026-09-20 15:00,90,제주,0,23.2,16.0,14.0,0.0,3.0,768.0,0.0,3.0,NE57_nc
KIM,2026-09-16 12:00,2026-09-20 18:00,93,제주,0,22.8,48.0,37.0,0.0,17.0,336.0,0.0,3.0,NE57_nc
KIM,2026-09-16 12:00,2026-09-20 21:00,96,제주,0,22.5,30.0,20.0,0.0,22.0,3.0,0.0,3.0,NE57_nc
KIM,2026-09-16 12:00,2026-09-21 00:00,99,제주,0,22.8,38.0,20.0,0.0,20.0,-0.0,0.1,3.0,NE57_nc
KIM,2026-09-16 12:00,2026-09-21 03:00,102,제주,0,22.0,36.0,22.0,0.0,19.0,0.0,0.0,3.0,NE57_nc
KIM,2026-09-16 12:00,2026-09-21 06:00,105,제주,0,21.8,79.0,34.0,0.0,75.0,-0.0,0.0,3.0,NE57_nc
KIM,2026-09-16 12:00,2026-09-21 09:00,108,제주,0,22.6,52.0,23.0,0.0,45.0,172.0,0.0,3.0,NE57_nc
KIM,2026-09-16 12:00,2026-09-21 12:00,111,제주,0,23.0,70.0,22.0,30.0,51.0,674.0,0.0,3.0,NE57_nc
KIM,2026-09-16 12:00,2026-09-21 15:00,114,제주,0,23.0,37.0,5.0,28.0,12.0,760.0,0.0,3.0,NE57_nc
KIM,2026-09-16 12:00,2026-09-21 18:00,117,제주,0,23.5,82.0,4.0,33.0,79.0,329.0,0.0,3.0,NE57_nc
KIM,2026-09-16 12:00,2026-09-21 21:00,120,제주,0,23.3,79.0,0.0,24.0,74.0,3.0,0.0,3.0,NE57_nc
KIM,2026-09-16 12:00,2026-09-22 09:00,132,제주,0,23.7,88.0,35.0,31.0,83.0,,0.0,12.0,NE57_nc
KIM,2026-09-16 12:00,2026-09-22 21:00,144,제주,0,23.9,82.0,25.0,33.0,75.0,,0.0,12.0,NE57_nc
KIM,2026-09-16 12:00,2026-09-23 09:00,156,제주,0,24.0,100.0,64.0,1.0,98.0,,0.0,12.0,NE57_nc
KIM,2026-09-16 12:00,2026-09-23 21:00,168,제주,0,24.3,100.0,63.0,62.0,100.0,,0.7,12.0,NE57_nc
KIM,2026-09-16 12:00,2026-09-24 09:00,180,제주,0,22.2,100.0,99.0,99.0,83.0,,2.3,12.0,NE57_nc
KIM,2026-09-16 12:00,2026-09-24 21:00,192,제주,0,23.1,44.0,21.0,38.0,3.0,,0.6,12.0,NE57_nc
KIM,2026-09-16 12:00,2026-09-25 09:00,204,제주,0,23.8,13.0,5.0,0.0,8.0,,0.0,12.0,NE57_nc
KIM,2026-09-16 12:00,2026-09-25 21:00,216,제주,0,24.1,98.0,18.0,0.0,97.0,,0.0,12.0,NE57_nc
KIM,2026-09-16 12:00,2026-09-26 09:00,228,제주,0,26.1,96.0,66.0,73.0,87.0,,0.0,12.0,NE57_nc
KIM,2026-09-16 12:00,2026-09-26 21:00,240,제주,0,25.5,98.0,69.0,30.0,96.0,,0.0,12.0,NE57_nc
KIM,2026-09-16 12:00,2026-09-27 09:00,252,제주,0,24.8,99.0,43.0,89.0,97.0,,0.2,12.0,NE57_nc
KIM,2026-09-16 12:00,2026-09-27 21:00,264,제주,0,24.3,100.0,93.0,99.0,92.0,,3.6,12.0,NE57_nc
KIM,2026-09-16 12:00,2026-09-28 09:00,276,제주,0,20.7,100.0,100.0,100.0,79.0,,15.6,12.0,NE57_nc
KIM,2026-09-16 12:00,2026-09-28 21:00,288,제주,0,20.6,100.0,51.0,100.0,51.0,,21.1,12.0,NE57_nc
KIM,2026-09-16 12:00,2026-09-16 21:00,0,나주,0,22.0,98.0,76.0,0.0,97.0,,,,NE57_nc
KIM,2026-09-16 12:00,2026-09-17 00:00,3,나주,0,21.4,100.0,94.0,0.0,100.0,0.0,0.2,3.0,NE57_nc
KIM,2026-09-16 12:00,2026-09-17 03:00,6,나주,0,18.3,100.0,65.0,0.0,100.0,-0.0,0.0,3.0,NE57_nc
KIM,2026-09-16 12:00,2026-09-17 06:00,9,나주,0,16.9,100.0,21.0,2.0,100.0,-0.0,0.0,3.0,NE57_nc
KIM,2026-09-16 12:00,2026-09-17 09:00,12,나주,0,22.4,99.0,1.0,0.0,99.0,187.0,0.0,3.0,NE57_nc
KIM,2026-09-16 12:00,2026-09-17 12:00,15,나주,0,26.1,99.0,11.0,17.0,99.0,692.0,0.1,3.0,NE57_nc
KIM,2026-09-16 12:00,2026-09-17 15:00,18,나주,0,26.7,99.0,23.0,80.0,97.0,656.0,0.2,3.0,NE57_nc
KIM,2026-09-16 12:00,2026-09-17 18:00,21,나주,0,24.3,99.0,34.0,98.0,89.0,286.0,0.1,3.0,NE57_nc
KIM,2026-09-16 12:00,2026-09-17 21:00,24,나주,0,21.8,100.0,2.0,93.0,100.0,4.0,0.0,3.0,NE57_nc
KIM,2026-09-16 12:00,2026-09-18 00:00,27,나주,0,20.0,94.0,0.0,90.0,78.0,0.0,0.0,3.0,NE57_nc
KIM,2026-09-16 12:00,2026-09-18 03:00,30,나주,0,18.8,100.0,0.0,77.0,100.0,-0.0,0.0,3.0,NE57_nc
KIM,2026-09-16 12:00,2026-09-18 06:00,33,나주,0,19.3,95.0,0.0,80.0,80.0,0.0,0.0,3.0,NE57_nc
KIM,2026-09-16 12:00,2026-09-18 09:00,36,나주,0,22.9,77.0,3.0,74.0,18.0,114.0,0.0,3.0,NE57_nc
KIM,2026-09-16 12:00,2026-09-18 12:00,39,나주,0,27.3,61.0,11.0,59.0,1.0,614.0,0.1,3.0,NE57_nc
KIM,2026-09-16 12:00,2026-09-18 15:00,42,나주,0,25.8,79.0,55.0,41.0,11.0,551.0,4.0,3.0,NE57_nc
KIM,2026-09-16 12:00,2026-09-18 18:00,45,나주,0,23.9,94.0,60.0,46.0,79.0,206.0,0.6,3.0,NE57_nc
KIM,2026-09-16 12:00,2026-09-18 21:00,48,나주,0,21.6,88.0,42.0,81.0,45.0,3.0,0.1,3.0,NE57_nc
KIM,2026-09-16 12:00,2026-09-19 00:00,51,나주,0,20.0,97.0,7.0,42.0,96.0,-0.0,0.0,3.0,NE57_nc
KIM,2026-09-16 12:00,2026-09-19 03:00,54,나주,0,18.8,99.0,6.0,9.0,99.0,0.0,0.0,3.0,NE57_nc
KIM,2026-09-16 12:00,2026-09-19 06:00,57,나주,0,17.6,94.0,1.0,1.0,94.0,-0.0,0.0,3.0,NE57_nc
KIM,2026-09-16 12:00,2026-09-19 09:00,60,나주,0,22.6,39.0,0.0,0.0,39.0,173.0,0.0,3.0,NE57_nc
KIM,2026-09-16 12:00,2026-09-19 12:00,63,나주,0,27.0,24.0,11.0,10.0,9.0,670.0,0.0,3.0,NE57_nc
KIM,2026-09-16 12:00,2026-09-19 15:00,66,나주,0,28.0,62.0,61.0,8.0,0.0,748.0,0.0,3.0,NE57_nc
KIM,2026-09-16 12:00,2026-09-19 18:00,69,나주,0,25.4,66.0,66.0,1.0,0.0,311.0,0.0,3.0,NE57_nc
KIM,2026-09-16 12:00,2026-09-19 21:00,72,나주,0,22.1,94.0,93.0,0.0,37.0,3.0,0.0,3.0,NE57_nc
KIM,2026-09-16 12:00,2026-09-20 00:00,75,나주,0,22.7,94.0,92.0,0.0,69.0,0.0,0.0,3.0,NE57_nc
KIM,2026-09-16 12:00,2026-09-20 03:00,78,나주,0,21.0,94.0,94.0,0.0,40.0,0.0,0.0,3.0,NE57_nc
KIM,2026-09-16 12:00,2026-09-20 06:00,81,나주,0,20.1,76.0,62.0,0.0,35.0,-0.0,0.0,3.0,NE57_nc
KIM,2026-09-16 12:00,2026-09-20 09:00,84,나주,0,22.7,8.0,8.0,0.0,0.0,170.0,0.0,3.0,NE57_nc
KIM,2026-09-16 12:00,2026-09-20 12:00,87,나주,0,26.1,7.0,7.0,0.0,0.0,681.0,0.0,3.0,NE57_nc
KIM,2026-09-16 12:00,2026-09-20 15:00,90,나주,0,27.0,34.0,2.0,0.0,32.0,762.0,0.0,3.0,NE57_nc
KIM,2026-09-16 12:00,2026-09-20 18:00,93,나주,0,23.8,23.0,0.0,0.0,23.0,329.0,0.0,3.0,NE57_nc
KIM,2026-09-16 12:00,2026-09-20 21:00,96,나주,0,20.5,45.0,1.0,0.0,44.0,3.0,0.0,3.0,NE57_nc
KIM,2026-09-16 12:00,2026-09-21 00:00,99,나주,0,18.5,48.0,0.0,0.0,48.0,-0.0,0.0,3.0,NE57_nc
KIM,2026-09-16 12:00,2026-09-21 03:00,102,나주,0,17.3,44.0,0.0,0.0,44.0,0.0,0.0,3.0,NE57_nc
KIM,2026-09-16 12:00,2026-09-21 06:00,105,나주,0,16.3,94.0,0.0,5.0,94.0,-0.0,0.0,3.0,NE57_nc
KIM,2026-09-16 12:00,2026-09-21 09:00,108,나주,0,21.0,25.0,0.0,10.0,18.0,174.0,0.0,3.0,NE57_nc
KIM,2026-09-16 12:00,2026-09-21 12:00,111,나주,0,25.6,18.0,0.0,10.0,10.0,674.0,0.0,3.0,NE57_nc
KIM,2026-09-16 12:00,2026-09-21 15:00,114,나주,0,26.5,8.0,0.0,8.0,0.0,751.0,0.0,3.0,NE57_nc
KIM,2026-09-16 12:00,2026-09-21 18:00,117,나주,0,22.8,6.0,0.0,6.0,0.0,322.0,0.0,3.0,NE57_nc
KIM,2026-09-16 12:00,2026-09-21 21:00,120,나주,0,20.1,77.0,0.0,5.0,76.0,3.0,0.0,3.0,NE57_nc
KIM,2026-09-16 12:00,2026-09-22 09:00,132,나주,0,22.2,61.0,0.0,0.0,61.0,,0.0,12.0,NE57_nc
KIM,2026-09-16 12:00,2026-09-22 21:00,144,나주,0,20.3,98.0,1.0,0.0,98.0,,0.0,12.0,NE57_nc
KIM,2026-09-16 12:00,2026-09-23 09:00,156,나주,0,21.8,93.0,0.0,47.0,90.0,,0.0,12.0,NE57_nc
KIM,2026-09-16 12:00,2026-09-23 21:00,168,나주,0,21.9,99.0,46.0,98.0,30.0,,0.0,12.0,NE57_nc
KIM,2026-09-16 12:00,2026-09-24 09:00,180,나주,0,23.1,96.0,41.0,64.0,90.0,,0.0,12.0,NE57_nc
KIM,2026-09-16 12:00,2026-09-24 21:00,192,나주,0,20.9,5.0,0.0,0.0,5.0,,0.0,12.0,NE57_nc
KIM,2026-09-16 12:00,2026-09-25 09:00,204,나주,0,22.2,95.0,0.0,0.0,95.0,,0.0,12.0,NE57_nc
KIM,2026-09-16 12:00,2026-09-25 21:00,216,나주,0,22.1,96.0,2.0,8.0,96.0,,0.0,12.0,NE57_nc
KIM,2026-09-16 12:00,2026-09-26 09:00,228,나주,0,21.9,100.0,55.0,96.0,90.0,,0.0,12.0,NE57_nc
KIM,2026-09-16 12:00,2026-09-26 21:00,240,나주,0,23.4,100.0,80.0,5.0,100.0,,34.6,12.0,NE57_nc
KIM,2026-09-16 12:00,2026-09-27 09:00,252,나주,0,22.1,95.0,14.0,35.0,94.0,,0.0,12.0,NE57_nc
KIM,2026-09-16 12:00,2026-09-27 21:00,264,나주,0,21.8,89.0,10.0,54.0,82.0,,0.2,12.0,NE57_nc
KIM,2026-09-16 12:00,2026-09-28 09:00,276,나주,0,19.3,100.0,83.0,100.0,99.0,,4.8,12.0,NE57_nc
KIM,2026-09-16 12:00,2026-09-28 21:00,288,나주,0,18.2,99.0,0.0,27.0,99.0,,0.4,12.0,NE57_nc
