model,run_utc,valid_kst,step_h,city,rep,t2m_C,tcc_pct,lcc_pct,mcc_pct,hcc_pct,dswrf_avg_Wm2,tp_mm,win_h,src
ECMWF,2026-09-15 12:00,2026-09-15 21:00,0,서울,1,21.0,0.0,,,,,,,
ECMWF,2026-09-15 12:00,2026-09-16 00:00,3,서울,1,18.3,0.0,,,,0.0,0.0,3.0,
ECMWF,2026-09-15 12:00,2026-09-16 03:00,6,서울,1,16.7,0.0,,,,0.0,0.0,3.0,
ECMWF,2026-09-15 12:00,2026-09-16 06:00,9,서울,1,15.0,2.0,,,,0.0,0.0,3.0,
ECMWF,2026-09-15 12:00,2026-09-16 09:00,12,서울,1,20.4,1.0,,,,202.0,0.0,3.0,
ECMWF,2026-09-15 12:00,2026-09-16 12:00,15,서울,1,26.3,0.0,,,,697.0,0.0,3.0,
ECMWF,2026-09-15 12:00,2026-09-16 15:00,18,서울,1,27.9,1.0,,,,772.0,0.0,3.0,
ECMWF,2026-09-15 12:00,2026-09-16 18:00,21,서울,1,26.2,0.0,,,,363.0,0.0,3.0,
ECMWF,2026-09-15 12:00,2026-09-16 21:00,24,서울,1,23.0,0.0,,,,6.0,0.0,3.0,
ECMWF,2026-09-15 12:00,2026-09-17 00:00,27,서울,1,20.0,12.0,,,,0.0,0.0,3.0,
ECMWF,2026-09-15 12:00,2026-09-17 03:00,30,서울,1,18.0,2.0,,,,0.0,0.0,3.0,
ECMWF,2026-09-15 12:00,2026-09-17 06:00,33,서울,1,16.3,56.0,,,,0.0,0.0,3.0,
ECMWF,2026-09-15 12:00,2026-09-17 09:00,36,서울,1,21.1,41.0,,,,196.0,0.0,3.0,
ECMWF,2026-09-15 12:00,2026-09-17 12:00,39,서울,1,25.8,52.0,,,,682.0,0.0,3.0,
ECMWF,2026-09-15 12:00,2026-09-17 15:00,42,서울,1,27.6,99.0,,,,661.0,0.0,3.0,
ECMWF,2026-09-15 12:00,2026-09-17 18:00,45,서울,1,26.2,78.0,,,,270.0,0.0,3.0,
ECMWF,2026-09-15 12:00,2026-09-17 21:00,48,서울,1,21.8,91.0,,,,5.0,0.0,3.0,
ECMWF,2026-09-15 12:00,2026-09-18 00:00,51,서울,1,19.9,95.0,,,,0.0,0.0,3.0,
ECMWF,2026-09-15 12:00,2026-09-18 03:00,54,서울,1,18.6,96.0,,,,0.0,0.0,3.0,
ECMWF,2026-09-15 12:00,2026-09-18 06:00,57,서울,1,18.4,96.0,,,,0.0,0.0,3.0,
ECMWF,2026-09-15 12:00,2026-09-18 09:00,60,서울,1,21.4,24.0,,,,144.0,0.0,3.0,
ECMWF,2026-09-15 12:00,2026-09-18 12:00,63,서울,1,26.4,59.0,,,,645.0,0.0,3.0,
ECMWF,2026-09-15 12:00,2026-09-18 15:00,66,서울,1,27.9,80.0,,,,537.0,0.0,3.0,
ECMWF,2026-09-15 12:00,2026-09-18 18:00,69,서울,1,26.1,38.0,,,,252.0,0.0,3.0,
ECMWF,2026-09-15 12:00,2026-09-18 21:00,72,서울,1,21.7,12.0,,,,4.0,0.0,3.0,
ECMWF,2026-09-15 12:00,2026-09-19 00:00,75,서울,1,19.6,40.0,,,,0.0,0.0,3.0,
ECMWF,2026-09-15 12:00,2026-09-19 03:00,78,서울,1,18.7,38.0,,,,0.0,0.0,3.0,
ECMWF,2026-09-15 12:00,2026-09-19 06:00,81,서울,1,18.0,7.0,,,,0.0,0.0,3.0,
ECMWF,2026-09-15 12:00,2026-09-19 09:00,84,서울,1,21.8,0.0,,,,181.0,0.0,3.0,
ECMWF,2026-09-15 12:00,2026-09-19 12:00,87,서울,1,26.1,10.0,,,,658.0,0.0,3.0,
ECMWF,2026-09-15 12:00,2026-09-19 15:00,90,서울,1,28.6,47.0,,,,690.0,0.0,3.0,
ECMWF,2026-09-15 12:00,2026-09-19 18:00,93,서울,1,25.7,32.0,,,,267.0,0.0,3.0,
ECMWF,2026-09-15 12:00,2026-09-19 21:00,96,서울,1,22.2,5.0,,,,4.0,0.0,3.0,
ECMWF,2026-09-15 12:00,2026-09-20 00:00,99,서울,1,19.5,22.0,,,,0.0,0.0,3.0,
ECMWF,2026-09-15 12:00,2026-09-20 03:00,102,서울,1,17.9,13.0,,,,0.0,0.0,3.0,
ECMWF,2026-09-15 12:00,2026-09-20 06:00,105,서울,1,17.0,59.0,,,,0.0,0.0,3.0,
ECMWF,2026-09-15 12:00,2026-09-20 09:00,108,서울,1,20.8,43.0,,,,178.0,0.0,3.0,
ECMWF,2026-09-15 12:00,2026-09-20 12:00,111,서울,1,25.8,46.0,,,,644.0,0.0,3.0,
ECMWF,2026-09-15 12:00,2026-09-20 15:00,114,서울,1,28.0,3.0,,,,740.0,0.0,3.0,
ECMWF,2026-09-15 12:00,2026-09-20 18:00,117,서울,1,25.9,2.0,,,,328.0,0.0,3.0,
ECMWF,2026-09-15 12:00,2026-09-20 21:00,120,서울,1,23.5,30.0,,,,4.0,0.0,3.0,
ECMWF,2026-09-15 12:00,2026-09-21 00:00,123,서울,1,21.0,1.0,,,,0.0,0.0,3.0,
ECMWF,2026-09-15 12:00,2026-09-21 03:00,126,서울,1,19.2,2.0,,,,0.0,0.0,3.0,
ECMWF,2026-09-15 12:00,2026-09-21 06:00,129,서울,1,18.1,6.0,,,,0.0,0.0,3.0,
ECMWF,2026-09-15 12:00,2026-09-21 09:00,132,서울,1,21.7,1.0,,,,180.0,0.0,3.0,
ECMWF,2026-09-15 12:00,2026-09-21 12:00,135,서울,1,27.4,5.0,,,,660.0,0.0,3.0,
ECMWF,2026-09-15 12:00,2026-09-21 15:00,138,서울,1,29.9,7.0,,,,741.0,0.0,3.0,
ECMWF,2026-09-15 12:00,2026-09-21 18:00,141,서울,1,28.6,5.0,,,,324.0,0.0,3.0,
ECMWF,2026-09-15 12:00,2026-09-21 21:00,144,서울,1,25.5,9.0,,,,3.0,0.0,3.0,
ECMWF,2026-09-15 12:00,2026-09-22 03:00,150,서울,1,20.4,63.0,,,,0.0,0.0,6.0,
ECMWF,2026-09-15 12:00,2026-09-22 09:00,156,서울,1,22.3,50.0,,,,86.0,0.0,6.0,
ECMWF,2026-09-15 12:00,2026-09-22 15:00,162,서울,1,27.8,99.0,,,,578.0,0.0,6.0,
ECMWF,2026-09-15 12:00,2026-09-22 21:00,168,서울,1,24.0,67.0,,,,51.0,0.0,6.0,
ECMWF,2026-09-15 12:00,2026-09-23 03:00,174,서울,1,19.5,25.0,,,,0.0,0.0,6.0,
ECMWF,2026-09-15 12:00,2026-09-23 09:00,180,서울,1,22.1,18.0,,,,82.0,0.0,6.0,
ECMWF,2026-09-15 12:00,2026-09-23 15:00,186,서울,1,24.5,66.0,,,,575.0,0.8,6.0,
ECMWF,2026-09-15 12:00,2026-09-23 21:00,192,서울,1,21.6,19.0,,,,104.0,1.6,6.0,
ECMWF,2026-09-15 12:00,2026-09-24 03:00,198,서울,1,19.8,98.0,,,,0.0,0.1,6.0,
ECMWF,2026-09-15 12:00,2026-09-24 09:00,204,서울,1,20.5,99.0,,,,47.0,0.0,6.0,
ECMWF,2026-09-15 12:00,2026-09-24 15:00,210,서울,1,27.1,75.0,,,,534.0,0.0,6.0,
ECMWF,2026-09-15 12:00,2026-09-24 21:00,216,서울,1,22.0,82.0,,,,147.0,0.0,6.0,
ECMWF,2026-09-15 12:00,2026-09-25 03:00,222,서울,1,19.4,93.0,,,,0.0,0.0,6.0,
ECMWF,2026-09-15 12:00,2026-09-25 09:00,228,서울,1,21.6,44.0,,,,80.0,0.0,6.0,
ECMWF,2026-09-15 12:00,2026-09-25 15:00,234,서울,1,27.1,40.0,,,,614.0,0.6,6.0,
ECMWF,2026-09-15 12:00,2026-09-25 21:00,240,서울,1,23.4,99.0,,,,128.0,0.9,6.0,
ECMWF,2026-09-15 12:00,2026-09-15 21:00,0,대전,1,17.0,31.0,,,,,,,
ECMWF,2026-09-15 12:00,2026-09-16 00:00,3,대전,1,15.6,55.0,,,,0.0,0.0,3.0,
ECMWF,2026-09-15 12:00,2026-09-16 03:00,6,대전,1,14.7,73.0,,,,0.0,0.0,3.0,
ECMWF,2026-09-15 12:00,2026-09-16 06:00,9,대전,1,13.8,18.0,,,,0.0,0.0,3.0,
ECMWF,2026-09-15 12:00,2026-09-16 09:00,12,대전,1,21.4,1.0,,,,195.0,0.0,3.0,
ECMWF,2026-09-15 12:00,2026-09-16 12:00,15,대전,1,26.3,26.0,,,,650.0,0.0,3.0,
ECMWF,2026-09-15 12:00,2026-09-16 15:00,18,대전,1,27.3,27.0,,,,627.0,0.0,3.0,
ECMWF,2026-09-15 12:00,2026-09-16 18:00,21,대전,1,23.8,24.0,,,,281.0,0.0,3.0,
ECMWF,2026-09-15 12:00,2026-09-16 21:00,24,대전,1,21.6,63.0,,,,5.0,0.0,3.0,
ECMWF,2026-09-15 12:00,2026-09-17 00:00,27,대전,1,18.5,80.0,,,,0.0,0.0,3.0,
ECMWF,2026-09-15 12:00,2026-09-17 03:00,30,대전,1,17.2,58.0,,,,0.0,0.0,3.0,
ECMWF,2026-09-15 12:00,2026-09-17 06:00,33,대전,1,16.0,68.0,,,,0.0,0.0,3.0,
ECMWF,2026-09-15 12:00,2026-09-17 09:00,36,대전,1,20.8,74.0,,,,190.0,0.0,3.0,
ECMWF,2026-09-15 12:00,2026-09-17 12:00,39,대전,1,24.9,75.0,,,,668.0,0.0,3.0,
ECMWF,2026-09-15 12:00,2026-09-17 15:00,42,대전,1,26.5,96.0,,,,716.0,0.0,3.0,
ECMWF,2026-09-15 12:00,2026-09-17 18:00,45,대전,1,23.8,94.0,,,,282.0,0.0,3.0,
ECMWF,2026-09-15 12:00,2026-09-17 21:00,48,대전,1,21.0,94.0,,,,4.0,0.0,3.0,
ECMWF,2026-09-15 12:00,2026-09-18 00:00,51,대전,1,19.6,96.0,,,,0.0,0.0,3.0,
ECMWF,2026-09-15 12:00,2026-09-18 03:00,54,대전,1,18.1,69.0,,,,0.0,0.0,3.0,
ECMWF,2026-09-15 12:00,2026-09-18 06:00,57,대전,1,17.6,53.0,,,,0.0,0.0,3.0,
ECMWF,2026-09-15 12:00,2026-09-18 09:00,60,대전,1,22.0,9.0,,,,188.0,0.0,3.0,
ECMWF,2026-09-15 12:00,2026-09-18 12:00,63,대전,1,26.2,66.0,,,,618.0,0.0,3.0,
ECMWF,2026-09-15 12:00,2026-09-18 15:00,66,대전,1,27.0,70.0,,,,478.0,0.0,3.0,
ECMWF,2026-09-15 12:00,2026-09-18 18:00,69,대전,1,24.3,16.0,,,,248.0,0.0,3.0,
ECMWF,2026-09-15 12:00,2026-09-18 21:00,72,대전,1,21.5,14.0,,,,4.0,0.0,3.0,
ECMWF,2026-09-15 12:00,2026-09-19 00:00,75,대전,1,19.6,3.0,,,,0.0,0.0,3.0,
ECMWF,2026-09-15 12:00,2026-09-19 03:00,78,대전,1,18.3,31.0,,,,0.0,0.0,3.0,
ECMWF,2026-09-15 12:00,2026-09-19 06:00,81,대전,1,17.2,17.0,,,,0.0,0.0,3.0,
ECMWF,2026-09-15 12:00,2026-09-19 09:00,84,대전,1,21.6,56.0,,,,184.0,0.0,3.0,
ECMWF,2026-09-15 12:00,2026-09-19 12:00,87,대전,1,26.4,23.0,,,,662.0,0.0,3.0,
ECMWF,2026-09-15 12:00,2026-09-19 15:00,90,대전,1,27.9,40.0,,,,681.0,0.0,3.0,
ECMWF,2026-09-15 12:00,2026-09-19 18:00,93,대전,1,24.6,10.0,,,,305.0,0.0,3.0,
ECMWF,2026-09-15 12:00,2026-09-19 21:00,96,대전,1,21.7,1.0,,,,4.0,0.0,3.0,
ECMWF,2026-09-15 12:00,2026-09-20 00:00,99,대전,1,19.5,3.0,,,,0.0,0.0,3.0,
ECMWF,2026-09-15 12:00,2026-09-20 03:00,102,대전,1,17.7,5.0,,,,0.0,0.0,3.0,
ECMWF,2026-09-15 12:00,2026-09-20 06:00,105,대전,1,16.7,17.0,,,,0.0,0.0,3.0,
ECMWF,2026-09-15 12:00,2026-09-20 09:00,108,대전,1,21.5,3.0,,,,190.0,0.0,3.0,
ECMWF,2026-09-15 12:00,2026-09-20 12:00,111,대전,1,25.6,31.0,,,,678.0,0.0,3.0,
ECMWF,2026-09-15 12:00,2026-09-20 15:00,114,대전,1,26.7,36.0,,,,736.0,0.0,3.0,
ECMWF,2026-09-15 12:00,2026-09-20 18:00,117,대전,1,23.5,1.0,,,,317.0,0.0,3.0,
ECMWF,2026-09-15 12:00,2026-09-20 21:00,120,대전,1,19.0,10.0,,,,4.0,0.0,3.0,
ECMWF,2026-09-15 12:00,2026-09-21 00:00,123,대전,1,17.3,0.0,,,,0.0,0.0,3.0,
ECMWF,2026-09-15 12:00,2026-09-21 03:00,126,대전,1,15.6,1.0,,,,0.0,0.0,3.0,
ECMWF,2026-09-15 12:00,2026-09-21 06:00,129,대전,1,14.7,1.0,,,,0.0,0.0,3.0,
ECMWF,2026-09-15 12:00,2026-09-21 09:00,132,대전,1,21.2,0.0,,,,188.0,0.0,3.0,
ECMWF,2026-09-15 12:00,2026-09-21 12:00,135,대전,1,26.1,3.0,,,,677.0,0.0,3.0,
ECMWF,2026-09-15 12:00,2026-09-21 15:00,138,대전,1,28.1,0.0,,,,752.0,0.0,3.0,
ECMWF,2026-09-15 12:00,2026-09-21 18:00,141,대전,1,25.0,0.0,,,,331.0,0.0,3.0,
ECMWF,2026-09-15 12:00,2026-09-21 21:00,144,대전,1,20.3,2.0,,,,3.0,0.0,3.0,
ECMWF,2026-09-15 12:00,2026-09-22 03:00,150,대전,1,16.7,0.0,,,,0.0,0.0,6.0,
ECMWF,2026-09-15 12:00,2026-09-22 09:00,156,대전,1,22.2,9.0,,,,93.0,0.0,6.0,
ECMWF,2026-09-15 12:00,2026-09-22 15:00,162,대전,1,28.0,20.0,,,,712.0,0.0,6.0,
ECMWF,2026-09-15 12:00,2026-09-22 21:00,168,대전,1,22.1,18.0,,,,152.0,0.0,6.0,
ECMWF,2026-09-15 12:00,2026-09-23 03:00,174,대전,1,19.3,88.0,,,,0.0,0.0,6.0,
ECMWF,2026-09-15 12:00,2026-09-23 09:00,180,대전,1,19.3,94.0,,,,18.0,0.0,6.0,
ECMWF,2026-09-15 12:00,2026-09-23 15:00,186,대전,1,24.0,80.0,,,,298.0,0.0,6.0,
ECMWF,2026-09-15 12:00,2026-09-23 21:00,192,대전,1,19.6,77.0,,,,134.0,0.2,6.0,
ECMWF,2026-09-15 12:00,2026-09-24 03:00,198,대전,1,17.3,23.0,,,,0.0,0.0,6.0,
ECMWF,2026-09-15 12:00,2026-09-24 09:00,204,대전,1,21.8,100.0,,,,56.0,0.0,6.0,
ECMWF,2026-09-15 12:00,2026-09-24 15:00,210,대전,1,27.3,41.0,,,,551.0,0.0,6.0,
ECMWF,2026-09-15 12:00,2026-09-24 21:00,216,대전,1,21.6,76.0,,,,159.0,0.0,6.0,
ECMWF,2026-09-15 12:00,2026-09-25 03:00,222,대전,1,18.7,87.0,,,,0.0,0.0,6.0,
ECMWF,2026-09-15 12:00,2026-09-25 09:00,228,대전,1,21.6,71.0,,,,63.0,0.0,6.0,
ECMWF,2026-09-15 12:00,2026-09-25 15:00,234,대전,1,26.6,61.0,,,,477.0,0.0,6.0,
ECMWF,2026-09-15 12:00,2026-09-25 21:00,240,대전,1,22.4,100.0,,,,91.0,0.0,6.0,
ECMWF,2026-09-15 12:00,2026-09-15 21:00,0,대구,1,19.5,77.0,,,,,,,
ECMWF,2026-09-15 12:00,2026-09-16 00:00,3,대구,1,18.2,74.0,,,,0.0,0.1,3.0,
ECMWF,2026-09-15 12:00,2026-09-16 03:00,6,대구,1,17.1,95.0,,,,0.0,0.0,3.0,
ECMWF,2026-09-15 12:00,2026-09-16 06:00,9,대구,1,15.8,95.0,,,,0.0,0.0,3.0,
ECMWF,2026-09-15 12:00,2026-09-16 09:00,12,대구,1,21.3,41.0,,,,187.0,0.0,3.0,
ECMWF,2026-09-15 12:00,2026-09-16 12:00,15,대구,1,25.0,7.0,,,,690.0,0.0,3.0,
ECMWF,2026-09-15 12:00,2026-09-16 15:00,18,대구,1,25.7,31.0,,,,722.0,0.0,3.0,
ECMWF,2026-09-15 12:00,2026-09-16 18:00,21,대구,1,20.9,2.0,,,,307.0,0.0,3.0,
ECMWF,2026-09-15 12:00,2026-09-16 21:00,24,대구,1,17.4,23.0,,,,4.0,0.0,3.0,
ECMWF,2026-09-15 12:00,2026-09-17 00:00,27,대구,1,16.0,76.0,,,,0.0,0.0,3.0,
ECMWF,2026-09-15 12:00,2026-09-17 03:00,30,대구,1,15.3,39.0,,,,0.0,0.0,3.0,
ECMWF,2026-09-15 12:00,2026-09-17 06:00,33,대구,1,14.7,64.0,,,,0.0,0.0,3.0,
ECMWF,2026-09-15 12:00,2026-09-17 09:00,36,대구,1,21.6,73.0,,,,191.0,0.0,3.0,
ECMWF,2026-09-15 12:00,2026-09-17 12:00,39,대구,1,24.0,94.0,,,,570.0,0.0,3.0,
ECMWF,2026-09-15 12:00,2026-09-17 15:00,42,대구,1,23.6,74.0,,,,511.0,0.0,3.0,
ECMWF,2026-09-15 12:00,2026-09-17 18:00,45,대구,1,21.4,97.0,,,,212.0,0.0,3.0,
ECMWF,2026-09-15 12:00,2026-09-17 21:00,48,대구,1,19.3,97.0,,,,2.0,0.0,3.0,
ECMWF,2026-09-15 12:00,2026-09-18 00:00,51,대구,1,19.3,98.0,,,,0.0,0.0,3.0,
ECMWF,2026-09-15 12:00,2026-09-18 03:00,54,대구,1,18.7,81.0,,,,0.0,0.0,3.0,
ECMWF,2026-09-15 12:00,2026-09-18 06:00,57,대구,1,18.4,46.0,,,,0.0,0.0,3.0,
ECMWF,2026-09-15 12:00,2026-09-18 09:00,60,대구,1,22.9,58.0,,,,200.0,0.0,3.0,
ECMWF,2026-09-15 12:00,2026-09-18 12:00,63,대구,1,24.4,88.0,,,,443.0,0.0,3.0,
ECMWF,2026-09-15 12:00,2026-09-18 15:00,66,대구,1,24.6,75.0,,,,487.0,0.0,3.0,
ECMWF,2026-09-15 12:00,2026-09-18 18:00,69,대구,1,21.6,23.0,,,,226.0,0.0,3.0,
ECMWF,2026-09-15 12:00,2026-09-18 21:00,72,대구,1,18.9,14.0,,,,2.0,0.0,3.0,
ECMWF,2026-09-15 12:00,2026-09-19 00:00,75,대구,1,18.1,25.0,,,,0.0,0.0,3.0,
ECMWF,2026-09-15 12:00,2026-09-19 03:00,78,대구,1,17.2,49.0,,,,0.0,0.0,3.0,
ECMWF,2026-09-15 12:00,2026-09-19 06:00,81,대구,1,16.6,62.0,,,,0.0,0.0,3.0,
ECMWF,2026-09-15 12:00,2026-09-19 09:00,84,대구,1,22.5,75.0,,,,171.0,0.0,3.0,
ECMWF,2026-09-15 12:00,2026-09-19 12:00,87,대구,1,23.9,98.0,,,,364.0,0.0,3.0,
ECMWF,2026-09-15 12:00,2026-09-19 15:00,90,대구,1,24.2,93.0,,,,354.0,0.0,3.0,
ECMWF,2026-09-15 12:00,2026-09-19 18:00,93,대구,1,22.3,10.0,,,,199.0,0.0,3.0,
ECMWF,2026-09-15 12:00,2026-09-19 21:00,96,대구,1,17.8,3.0,,,,2.0,0.0,3.0,
ECMWF,2026-09-15 12:00,2026-09-20 00:00,99,대구,1,15.9,8.0,,,,0.0,0.0,3.0,
ECMWF,2026-09-15 12:00,2026-09-20 03:00,102,대구,1,15.2,36.0,,,,0.0,0.0,3.0,
ECMWF,2026-09-15 12:00,2026-09-20 06:00,105,대구,1,14.9,34.0,,,,0.0,0.0,3.0,
ECMWF,2026-09-15 12:00,2026-09-20 09:00,108,대구,1,21.3,27.0,,,,189.0,0.0,3.0,
ECMWF,2026-09-15 12:00,2026-09-20 12:00,111,대구,1,24.8,81.0,,,,490.0,0.0,3.0,
ECMWF,2026-09-15 12:00,2026-09-20 15:00,114,대구,1,26.9,54.0,,,,546.0,0.0,3.0,
ECMWF,2026-09-15 12:00,2026-09-20 18:00,117,대구,1,23.6,9.0,,,,276.0,0.0,3.0,
ECMWF,2026-09-15 12:00,2026-09-20 21:00,120,대구,1,17.9,2.0,,,,2.0,0.0,3.0,
ECMWF,2026-09-15 12:00,2026-09-21 00:00,123,대구,1,16.2,1.0,,,,0.0,0.0,3.0,
ECMWF,2026-09-15 12:00,2026-09-21 03:00,126,대구,1,14.5,0.0,,,,0.0,0.0,3.0,
ECMWF,2026-09-15 12:00,2026-09-21 06:00,129,대구,1,13.4,4.0,,,,0.0,0.0,3.0,
ECMWF,2026-09-15 12:00,2026-09-21 09:00,132,대구,1,20.6,0.0,,,,210.0,0.0,3.0,
ECMWF,2026-09-15 12:00,2026-09-21 12:00,135,대구,1,25.7,0.0,,,,710.0,0.0,3.0,
ECMWF,2026-09-15 12:00,2026-09-21 15:00,138,대구,1,27.5,0.0,,,,763.0,0.0,3.0,
ECMWF,2026-09-15 12:00,2026-09-21 18:00,141,대구,1,22.6,0.0,,,,321.0,0.0,3.0,
ECMWF,2026-09-15 12:00,2026-09-21 21:00,144,대구,1,18.0,2.0,,,,2.0,0.0,3.0,
ECMWF,2026-09-15 12:00,2026-09-22 03:00,150,대구,1,14.8,0.0,,,,0.0,0.0,6.0,
ECMWF,2026-09-15 12:00,2026-09-22 09:00,156,대구,1,21.3,13.0,,,,102.0,0.0,6.0,
ECMWF,2026-09-15 12:00,2026-09-22 15:00,162,대구,1,24.6,58.0,,,,643.0,0.0,6.0,
ECMWF,2026-09-15 12:00,2026-09-22 21:00,168,대구,1,18.2,19.0,,,,132.0,0.0,6.0,
ECMWF,2026-09-15 12:00,2026-09-23 03:00,174,대구,1,16.2,44.0,,,,0.0,0.0,6.0,
ECMWF,2026-09-15 12:00,2026-09-23 09:00,180,대구,1,18.6,100.0,,,,27.0,0.0,6.0,
ECMWF,2026-09-15 12:00,2026-09-23 15:00,186,대구,1,20.2,100.0,,,,144.0,0.1,6.0,
ECMWF,2026-09-15 12:00,2026-09-23 21:00,192,대구,1,17.0,45.0,,,,33.0,0.1,6.0,
ECMWF,2026-09-15 12:00,2026-09-24 03:00,198,대구,1,16.6,26.0,,,,0.0,0.0,6.0,
ECMWF,2026-09-15 12:00,2026-09-24 09:00,204,대구,1,21.3,83.0,,,,87.0,0.0,6.0,
ECMWF,2026-09-15 12:00,2026-09-24 15:00,210,대구,1,27.1,92.0,,,,557.0,0.0,6.0,
ECMWF,2026-09-15 12:00,2026-09-24 21:00,216,대구,1,19.2,78.0,,,,108.0,0.0,6.0,
ECMWF,2026-09-15 12:00,2026-09-25 03:00,222,대구,1,16.5,79.0,,,,0.0,0.0,6.0,
ECMWF,2026-09-15 12:00,2026-09-25 09:00,228,대구,1,20.4,59.0,,,,72.0,0.0,6.0,
ECMWF,2026-09-15 12:00,2026-09-25 15:00,234,대구,1,23.3,97.0,,,,534.0,0.0,6.0,
ECMWF,2026-09-15 12:00,2026-09-25 21:00,240,대구,1,17.6,94.0,,,,111.0,0.0,6.0,
ECMWF,2026-09-15 12:00,2026-09-15 21:00,0,광주,1,20.0,96.0,,,,,,,
ECMWF,2026-09-15 12:00,2026-09-16 00:00,3,광주,1,17.9,66.0,,,,0.0,0.0,3.0,
ECMWF,2026-09-15 12:00,2026-09-16 03:00,6,광주,1,16.7,85.0,,,,0.0,0.0,3.0,
ECMWF,2026-09-15 12:00,2026-09-16 06:00,9,광주,1,15.8,47.0,,,,0.0,0.0,3.0,
ECMWF,2026-09-15 12:00,2026-09-16 09:00,12,광주,1,22.8,7.0,,,,196.0,0.0,3.0,
ECMWF,2026-09-15 12:00,2026-09-16 12:00,15,광주,1,26.9,35.0,,,,610.0,0.2,3.0,
ECMWF,2026-09-15 12:00,2026-09-16 15:00,18,광주,1,27.9,47.0,,,,607.0,0.1,3.0,
ECMWF,2026-09-15 12:00,2026-09-16 18:00,21,광주,1,26.9,38.0,,,,265.0,0.0,3.0,
ECMWF,2026-09-15 12:00,2026-09-16 21:00,24,광주,1,22.5,86.0,,,,5.0,0.0,3.0,
ECMWF,2026-09-15 12:00,2026-09-17 00:00,27,광주,1,20.1,56.0,,,,0.0,0.0,3.0,
ECMWF,2026-09-15 12:00,2026-09-17 03:00,30,광주,1,17.6,54.0,,,,0.0,0.0,3.0,
ECMWF,2026-09-15 12:00,2026-09-17 06:00,33,광주,1,15.6,36.0,,,,0.0,0.0,3.0,
ECMWF,2026-09-15 12:00,2026-09-17 09:00,36,광주,1,21.9,82.0,,,,200.0,0.0,3.0,
ECMWF,2026-09-15 12:00,2026-09-17 12:00,39,광주,1,26.8,89.0,,,,686.0,0.0,3.0,
ECMWF,2026-09-15 12:00,2026-09-17 15:00,42,광주,1,28.2,82.0,,,,766.0,0.0,3.0,
ECMWF,2026-09-15 12:00,2026-09-17 18:00,45,광주,1,26.7,61.0,,,,281.0,0.0,3.0,
ECMWF,2026-09-15 12:00,2026-09-17 21:00,48,광주,1,22.4,87.0,,,,5.0,0.0,3.0,
ECMWF,2026-09-15 12:00,2026-09-18 00:00,51,광주,1,20.2,76.0,,,,0.0,0.0,3.0,
ECMWF,2026-09-15 12:00,2026-09-18 03:00,54,광주,1,18.6,59.0,,,,0.0,0.0,3.0,
ECMWF,2026-09-15 12:00,2026-09-18 06:00,57,광주,1,17.8,41.0,,,,0.0,0.0,3.0,
ECMWF,2026-09-15 12:00,2026-09-18 09:00,60,광주,1,23.3,43.0,,,,170.0,0.0,3.0,
ECMWF,2026-09-15 12:00,2026-09-18 12:00,63,광주,1,27.3,60.0,,,,623.0,0.0,3.0,
ECMWF,2026-09-15 12:00,2026-09-18 15:00,66,광주,1,29.0,58.0,,,,516.0,0.0,3.0,
ECMWF,2026-09-15 12:00,2026-09-18 18:00,69,광주,1,27.8,68.0,,,,240.0,0.0,3.0,
ECMWF,2026-09-15 12:00,2026-09-18 21:00,72,광주,1,23.7,26.0,,,,2.0,0.0,3.0,
ECMWF,2026-09-15 12:00,2026-09-19 00:00,75,광주,1,20.8,75.0,,,,0.0,0.0,3.0,
ECMWF,2026-09-15 12:00,2026-09-19 03:00,78,광주,1,18.9,25.0,,,,0.0,0.0,3.0,
ECMWF,2026-09-15 12:00,2026-09-19 06:00,81,광주,1,18.4,65.0,,,,0.0,0.0,3.0,
ECMWF,2026-09-15 12:00,2026-09-19 09:00,84,광주,1,23.6,45.0,,,,179.0,0.0,3.0,
ECMWF,2026-09-15 12:00,2026-09-19 12:00,87,광주,1,28.7,29.0,,,,682.0,0.0,3.0,
ECMWF,2026-09-15 12:00,2026-09-19 15:00,90,광주,1,30.0,40.0,,,,567.0,0.0,3.0,
ECMWF,2026-09-15 12:00,2026-09-19 18:00,93,광주,1,27.1,21.0,,,,267.0,0.0,3.0,
ECMWF,2026-09-15 12:00,2026-09-19 21:00,96,광주,1,22.8,23.0,,,,4.0,0.0,3.0,
ECMWF,2026-09-15 12:00,2026-09-20 00:00,99,광주,1,20.6,16.0,,,,0.0,0.0,3.0,
ECMWF,2026-09-15 12:00,2026-09-20 03:00,102,광주,1,18.7,40.0,,,,0.0,0.0,3.0,
ECMWF,2026-09-15 12:00,2026-09-20 06:00,105,광주,1,17.5,21.0,,,,0.0,0.0,3.0,
ECMWF,2026-09-15 12:00,2026-09-20 09:00,108,광주,1,23.7,16.0,,,,190.0,0.0,3.0,
ECMWF,2026-09-15 12:00,2026-09-20 12:00,111,광주,1,28.1,43.0,,,,627.0,0.0,3.0,
ECMWF,2026-09-15 12:00,2026-09-20 15:00,114,광주,1,28.7,50.0,,,,603.0,0.0,3.0,
ECMWF,2026-09-15 12:00,2026-09-20 18:00,117,광주,1,25.6,2.0,,,,290.0,0.0,3.0,
ECMWF,2026-09-15 12:00,2026-09-20 21:00,120,광주,1,20.5,0.0,,,,4.0,0.0,3.0,
ECMWF,2026-09-15 12:00,2026-09-21 00:00,123,광주,1,18.9,0.0,,,,0.0,0.0,3.0,
ECMWF,2026-09-15 12:00,2026-09-21 03:00,126,광주,1,17.6,10.0,,,,0.0,0.0,3.0,
ECMWF,2026-09-15 12:00,2026-09-21 06:00,129,광주,1,16.1,0.0,,,,0.0,0.0,3.0,
ECMWF,2026-09-15 12:00,2026-09-21 09:00,132,광주,1,23.0,0.0,,,,193.0,0.0,3.0,
ECMWF,2026-09-15 12:00,2026-09-21 12:00,135,광주,1,28.3,0.0,,,,693.0,0.0,3.0,
ECMWF,2026-09-15 12:00,2026-09-21 15:00,138,광주,1,29.2,0.0,,,,768.0,0.0,3.0,
ECMWF,2026-09-15 12:00,2026-09-21 18:00,141,광주,1,25.9,0.0,,,,340.0,0.0,3.0,
ECMWF,2026-09-15 12:00,2026-09-21 21:00,144,광주,1,21.2,4.0,,,,3.0,0.0,3.0,
ECMWF,2026-09-15 12:00,2026-09-22 03:00,150,광주,1,17.5,0.0,,,,0.0,0.0,6.0,
ECMWF,2026-09-15 12:00,2026-09-22 09:00,156,광주,1,23.3,1.0,,,,94.0,0.0,6.0,
ECMWF,2026-09-15 12:00,2026-09-22 15:00,162,광주,1,29.9,26.0,,,,714.0,0.0,6.0,
ECMWF,2026-09-15 12:00,2026-09-22 21:00,168,광주,1,23.2,43.0,,,,138.0,0.0,6.0,
ECMWF,2026-09-15 12:00,2026-09-23 03:00,174,광주,1,19.2,49.0,,,,0.0,0.0,6.0,
ECMWF,2026-09-15 12:00,2026-09-23 09:00,180,광주,1,21.4,99.0,,,,33.0,0.0,6.0,
ECMWF,2026-09-15 12:00,2026-09-23 15:00,186,광주,1,22.3,100.0,,,,270.0,0.4,6.0,
ECMWF,2026-09-15 12:00,2026-09-23 21:00,192,광주,1,18.6,8.0,,,,64.0,0.1,6.0,
ECMWF,2026-09-15 12:00,2026-09-24 03:00,198,광주,1,16.6,16.0,,,,0.0,0.0,6.0,
ECMWF,2026-09-15 12:00,2026-09-24 09:00,204,광주,1,22.9,75.0,,,,90.0,0.0,6.0,
ECMWF,2026-09-15 12:00,2026-09-24 15:00,210,광주,1,28.5,98.0,,,,613.0,0.0,6.0,
ECMWF,2026-09-15 12:00,2026-09-24 21:00,216,광주,1,22.5,47.0,,,,111.0,0.0,6.0,
ECMWF,2026-09-15 12:00,2026-09-25 03:00,222,광주,1,19.6,29.0,,,,0.0,0.0,6.0,
ECMWF,2026-09-15 12:00,2026-09-25 09:00,228,광주,1,23.1,77.0,,,,58.0,0.0,6.0,
ECMWF,2026-09-15 12:00,2026-09-25 15:00,234,광주,1,28.3,95.0,,,,515.0,0.0,6.0,
ECMWF,2026-09-15 12:00,2026-09-25 21:00,240,광주,1,22.9,100.0,,,,73.0,0.0,6.0,
ECMWF,2026-09-15 12:00,2026-09-15 21:00,0,부산,1,24.9,38.0,,,,,,,
ECMWF,2026-09-15 12:00,2026-09-16 00:00,3,부산,1,23.5,65.0,,,,0.0,0.0,3.0,
ECMWF,2026-09-15 12:00,2026-09-16 03:00,6,부산,1,23.1,98.0,,,,0.0,0.0,3.0,
ECMWF,2026-09-15 12:00,2026-09-16 06:00,9,부산,1,23.4,100.0,,,,0.0,0.0,3.0,
ECMWF,2026-09-15 12:00,2026-09-16 09:00,12,부산,1,24.4,97.0,,,,145.0,0.0,3.0,
ECMWF,2026-09-15 12:00,2026-09-16 12:00,15,부산,1,25.0,7.0,,,,662.0,0.0,3.0,
ECMWF,2026-09-15 12:00,2026-09-16 15:00,18,부산,1,24.5,7.0,,,,780.0,0.0,3.0,
ECMWF,2026-09-15 12:00,2026-09-16 18:00,21,부산,1,24.0,0.0,,,,337.0,0.0,3.0,
ECMWF,2026-09-15 12:00,2026-09-16 21:00,24,부산,1,23.3,32.0,,,,3.0,0.0,3.0,
ECMWF,2026-09-15 12:00,2026-09-17 00:00,27,부산,1,23.6,55.0,,,,0.0,0.0,3.0,
ECMWF,2026-09-15 12:00,2026-09-17 03:00,30,부산,1,23.4,46.0,,,,0.0,0.0,3.0,
ECMWF,2026-09-15 12:00,2026-09-17 06:00,33,부산,1,23.6,49.0,,,,0.0,0.0,3.0,
ECMWF,2026-09-15 12:00,2026-09-17 09:00,36,부산,1,24.1,64.0,,,,193.0,0.0,3.0,
ECMWF,2026-09-15 12:00,2026-09-17 12:00,39,부산,1,24.7,99.0,,,,638.0,0.0,3.0,
ECMWF,2026-09-15 12:00,2026-09-17 15:00,42,부산,1,25.1,96.0,,,,573.0,0.0,3.0,
ECMWF,2026-09-15 12:00,2026-09-17 18:00,45,부산,1,25.2,78.0,,,,263.0,0.0,3.0,
ECMWF,2026-09-15 12:00,2026-09-17 21:00,48,부산,1,25.3,50.0,,,,2.0,0.0,3.0,
ECMWF,2026-09-15 12:00,2026-09-18 00:00,51,부산,1,25.5,84.0,,,,0.0,0.0,3.0,
ECMWF,2026-09-15 12:00,2026-09-18 03:00,54,부산,1,25.0,70.0,,,,0.0,0.2,3.0,
ECMWF,2026-09-15 12:00,2026-09-18 06:00,57,부산,1,24.9,93.0,,,,0.0,0.1,3.0,
ECMWF,2026-09-15 12:00,2026-09-18 09:00,60,부산,1,25.1,69.0,,,,144.0,0.0,3.0,
ECMWF,2026-09-15 12:00,2026-09-18 12:00,63,부산,1,25.4,60.0,,,,587.0,0.0,3.0,
ECMWF,2026-09-15 12:00,2026-09-18 15:00,66,부산,1,25.6,72.0,,,,666.0,0.0,3.0,
ECMWF,2026-09-15 12:00,2026-09-18 18:00,69,부산,1,25.1,62.0,,,,259.0,0.0,3.0,
ECMWF,2026-09-15 12:00,2026-09-18 21:00,72,부산,1,24.8,91.0,,,,2.0,0.0,3.0,
ECMWF,2026-09-15 12:00,2026-09-19 00:00,75,부산,1,24.5,63.0,,,,0.0,0.0,3.0,
ECMWF,2026-09-15 12:00,2026-09-19 03:00,78,부산,1,24.2,55.0,,,,0.0,0.0,3.0,
ECMWF,2026-09-15 12:00,2026-09-19 06:00,81,부산,1,24.0,49.0,,,,0.0,0.0,3.0,
ECMWF,2026-09-15 12:00,2026-09-19 09:00,84,부산,1,24.8,66.0,,,,191.0,0.0,3.0,
ECMWF,2026-09-15 12:00,2026-09-19 12:00,87,부산,1,25.3,70.0,,,,593.0,0.0,3.0,
ECMWF,2026-09-15 12:00,2026-09-19 15:00,90,부산,1,25.3,55.0,,,,576.0,0.0,3.0,
ECMWF,2026-09-15 12:00,2026-09-19 18:00,93,부산,1,25.0,15.0,,,,232.0,0.0,3.0,
ECMWF,2026-09-15 12:00,2026-09-19 21:00,96,부산,1,23.4,16.0,,,,2.0,0.0,3.0,
ECMWF,2026-09-15 12:00,2026-09-20 00:00,99,부산,1,23.3,6.0,,,,0.0,0.0,3.0,
ECMWF,2026-09-15 12:00,2026-09-20 03:00,102,부산,1,22.0,11.0,,,,0.0,0.0,3.0,
ECMWF,2026-09-15 12:00,2026-09-20 06:00,105,부산,1,21.6,24.0,,,,0.0,0.0,3.0,
ECMWF,2026-09-15 12:00,2026-09-20 09:00,108,부산,1,23.9,50.0,,,,188.0,0.0,3.0,
ECMWF,2026-09-15 12:00,2026-09-20 12:00,111,부산,1,25.0,49.0,,,,615.0,0.0,3.0,
ECMWF,2026-09-15 12:00,2026-09-20 15:00,114,부산,1,25.4,40.0,,,,557.0,0.0,3.0,
ECMWF,2026-09-15 12:00,2026-09-20 18:00,117,부산,1,25.0,4.0,,,,278.0,0.0,3.0,
ECMWF,2026-09-15 12:00,2026-09-20 21:00,120,부산,1,23.2,7.0,,,,2.0,0.0,3.0,
ECMWF,2026-09-15 12:00,2026-09-21 00:00,123,부산,1,22.3,4.0,,,,0.0,0.0,3.0,
ECMWF,2026-09-15 12:00,2026-09-21 03:00,126,부산,1,21.0,3.0,,,,0.0,0.0,3.0,
ECMWF,2026-09-15 12:00,2026-09-21 06:00,129,부산,1,20.2,22.0,,,,0.0,0.0,3.0,
ECMWF,2026-09-15 12:00,2026-09-21 09:00,132,부산,1,22.2,1.0,,,,214.0,0.0,3.0,
ECMWF,2026-09-15 12:00,2026-09-21 12:00,135,부산,1,24.3,1.0,,,,711.0,0.0,3.0,
ECMWF,2026-09-15 12:00,2026-09-21 15:00,138,부산,1,24.7,0.0,,,,757.0,0.0,3.0,
ECMWF,2026-09-15 12:00,2026-09-21 18:00,141,부산,1,24.6,1.0,,,,314.0,0.0,3.0,
ECMWF,2026-09-15 12:00,2026-09-21 21:00,144,부산,1,23.6,3.0,,,,2.0,0.0,3.0,
ECMWF,2026-09-15 12:00,2026-09-22 03:00,150,부산,1,22.5,3.0,,,,0.0,0.0,6.0,
ECMWF,2026-09-15 12:00,2026-09-22 09:00,156,부산,1,23.6,9.0,,,,104.0,0.0,6.0,
ECMWF,2026-09-15 12:00,2026-09-22 15:00,162,부산,1,23.9,7.0,,,,719.0,0.0,6.0,
ECMWF,2026-09-15 12:00,2026-09-22 21:00,168,부산,1,23.2,3.0,,,,155.0,0.0,6.0,
ECMWF,2026-09-15 12:00,2026-09-23 03:00,174,부산,1,22.4,5.0,,,,0.0,0.0,6.0,
ECMWF,2026-09-15 12:00,2026-09-23 09:00,180,부산,1,22.5,32.0,,,,94.0,0.0,6.0,
ECMWF,2026-09-15 12:00,2026-09-23 15:00,186,부산,1,23.2,100.0,,,,555.0,0.0,6.0,
ECMWF,2026-09-15 12:00,2026-09-23 21:00,192,부산,1,23.6,29.0,,,,38.0,0.1,6.0,
ECMWF,2026-09-15 12:00,2026-09-24 03:00,198,부산,1,21.7,55.0,,,,0.0,0.0,6.0,
ECMWF,2026-09-15 12:00,2026-09-24 09:00,204,부산,1,22.8,34.0,,,,100.0,0.0,6.0,
ECMWF,2026-09-15 12:00,2026-09-24 15:00,210,부산,1,24.6,59.0,,,,651.0,0.0,6.0,
ECMWF,2026-09-15 12:00,2026-09-24 21:00,216,부산,1,23.5,42.0,,,,116.0,0.0,6.0,
ECMWF,2026-09-15 12:00,2026-09-25 03:00,222,부산,1,23.3,33.0,,,,0.0,0.5,6.0,
ECMWF,2026-09-15 12:00,2026-09-25 09:00,228,부산,1,23.6,66.0,,,,85.0,0.1,6.0,
ECMWF,2026-09-15 12:00,2026-09-25 15:00,234,부산,1,23.6,42.0,,,,618.0,0.0,6.0,
ECMWF,2026-09-15 12:00,2026-09-25 21:00,240,부산,1,23.1,73.0,,,,122.0,0.0,6.0,
ECMWF,2026-09-15 12:00,2026-09-15 21:00,0,인천,0,20.3,0.0,,,,,,,
ECMWF,2026-09-15 12:00,2026-09-16 00:00,3,인천,0,17.5,1.0,,,,0.0,0.0,3.0,
ECMWF,2026-09-15 12:00,2026-09-16 03:00,6,인천,0,15.9,0.0,,,,0.0,0.0,3.0,
ECMWF,2026-09-15 12:00,2026-09-16 06:00,9,인천,0,14.7,9.0,,,,0.0,0.0,3.0,
ECMWF,2026-09-15 12:00,2026-09-16 09:00,12,인천,0,21.0,1.0,,,,201.0,0.0,3.0,
ECMWF,2026-09-15 12:00,2026-09-16 12:00,15,인천,0,26.8,2.0,,,,699.0,0.0,3.0,
ECMWF,2026-09-15 12:00,2026-09-16 15:00,18,인천,0,28.7,1.0,,,,770.0,0.0,3.0,
ECMWF,2026-09-15 12:00,2026-09-16 18:00,21,인천,0,27.3,0.0,,,,357.0,0.0,3.0,
ECMWF,2026-09-15 12:00,2026-09-16 21:00,24,인천,0,23.0,0.0,,,,6.0,0.0,3.0,
ECMWF,2026-09-15 12:00,2026-09-17 00:00,27,인천,0,21.3,13.0,,,,0.0,0.0,3.0,
ECMWF,2026-09-15 12:00,2026-09-17 03:00,30,인천,0,19.1,7.0,,,,0.0,0.0,3.0,
ECMWF,2026-09-15 12:00,2026-09-17 06:00,33,인천,0,17.5,53.0,,,,0.0,0.0,3.0,
ECMWF,2026-09-15 12:00,2026-09-17 09:00,36,인천,0,21.9,37.0,,,,192.0,0.0,3.0,
ECMWF,2026-09-15 12:00,2026-09-17 12:00,39,인천,0,26.7,62.0,,,,678.0,0.0,3.0,
ECMWF,2026-09-15 12:00,2026-09-17 15:00,42,인천,0,28.3,96.0,,,,694.0,0.0,3.0,
ECMWF,2026-09-15 12:00,2026-09-17 18:00,45,인천,0,27.2,88.0,,,,264.0,0.0,3.0,
ECMWF,2026-09-15 12:00,2026-09-17 21:00,48,인천,0,23.2,80.0,,,,5.0,0.0,3.0,
ECMWF,2026-09-15 12:00,2026-09-18 00:00,51,인천,0,21.1,84.0,,,,0.0,0.0,3.0,
ECMWF,2026-09-15 12:00,2026-09-18 03:00,54,인천,0,19.6,99.0,,,,0.0,0.0,3.0,
ECMWF,2026-09-15 12:00,2026-09-18 06:00,57,인천,0,19.3,87.0,,,,0.0,0.0,3.0,
ECMWF,2026-09-15 12:00,2026-09-18 09:00,60,인천,0,22.5,2.0,,,,160.0,0.0,3.0,
ECMWF,2026-09-15 12:00,2026-09-18 12:00,63,인천,0,27.1,29.0,,,,658.0,0.0,3.0,
ECMWF,2026-09-15 12:00,2026-09-18 15:00,66,인천,0,28.6,71.0,,,,594.0,0.0,3.0,
ECMWF,2026-09-15 12:00,2026-09-18 18:00,69,인천,0,27.2,60.0,,,,257.0,0.0,3.0,
ECMWF,2026-09-15 12:00,2026-09-18 21:00,72,인천,0,23.0,16.0,,,,4.0,0.0,3.0,
ECMWF,2026-09-15 12:00,2026-09-19 00:00,75,인천,0,20.8,45.0,,,,0.0,0.0,3.0,
ECMWF,2026-09-15 12:00,2026-09-19 03:00,78,인천,0,19.1,42.0,,,,0.0,0.0,3.0,
ECMWF,2026-09-15 12:00,2026-09-19 06:00,81,인천,0,18.1,1.0,,,,0.0,0.0,3.0,
ECMWF,2026-09-15 12:00,2026-09-19 09:00,84,인천,0,22.4,0.0,,,,178.0,0.0,3.0,
ECMWF,2026-09-15 12:00,2026-09-19 12:00,87,인천,0,27.1,6.0,,,,655.0,0.0,3.0,
ECMWF,2026-09-15 12:00,2026-09-19 15:00,90,인천,0,29.3,36.0,,,,710.0,0.0,3.0,
ECMWF,2026-09-15 12:00,2026-09-19 18:00,93,인천,0,27.5,25.0,,,,302.0,0.0,3.0,
ECMWF,2026-09-15 12:00,2026-09-19 21:00,96,인천,0,23.4,3.0,,,,4.0,0.0,3.0,
ECMWF,2026-09-15 12:00,2026-09-20 00:00,99,인천,0,20.7,33.0,,,,0.0,0.0,3.0,
ECMWF,2026-09-15 12:00,2026-09-20 03:00,102,인천,0,18.5,26.0,,,,0.0,0.0,3.0,
ECMWF,2026-09-15 12:00,2026-09-20 06:00,105,인천,0,17.2,60.0,,,,0.0,0.0,3.0,
ECMWF,2026-09-15 12:00,2026-09-20 09:00,108,인천,0,21.0,69.0,,,,168.0,0.0,3.0,
ECMWF,2026-09-15 12:00,2026-09-20 12:00,111,인천,0,26.2,29.0,,,,630.0,0.0,3.0,
ECMWF,2026-09-15 12:00,2026-09-20 15:00,114,인천,0,27.9,1.0,,,,744.0,0.0,3.0,
ECMWF,2026-09-15 12:00,2026-09-20 18:00,117,인천,0,26.3,7.0,,,,332.0,0.0,3.0,
ECMWF,2026-09-15 12:00,2026-09-20 21:00,120,인천,0,22.6,43.0,,,,4.0,0.0,3.0,
ECMWF,2026-09-15 12:00,2026-09-21 00:00,123,인천,0,20.3,2.0,,,,0.0,0.0,3.0,
ECMWF,2026-09-15 12:00,2026-09-21 03:00,126,인천,0,18.7,2.0,,,,0.0,0.0,3.0,
ECMWF,2026-09-15 12:00,2026-09-21 06:00,129,인천,0,17.5,6.0,,,,0.0,0.0,3.0,
ECMWF,2026-09-15 12:00,2026-09-21 09:00,132,인천,0,21.6,1.0,,,,178.0,0.0,3.0,
ECMWF,2026-09-15 12:00,2026-09-21 12:00,135,인천,0,27.5,1.0,,,,657.0,0.0,3.0,
ECMWF,2026-09-15 12:00,2026-09-21 15:00,138,인천,0,29.8,15.0,,,,739.0,0.0,3.0,
ECMWF,2026-09-15 12:00,2026-09-21 18:00,141,인천,0,27.7,2.0,,,,330.0,0.0,3.0,
ECMWF,2026-09-15 12:00,2026-09-21 21:00,144,인천,0,24.3,2.0,,,,4.0,0.0,3.0,
ECMWF,2026-09-15 12:00,2026-09-22 03:00,150,인천,0,21.4,63.0,,,,0.0,0.0,6.0,
ECMWF,2026-09-15 12:00,2026-09-22 09:00,156,인천,0,23.5,88.0,,,,85.0,0.0,6.0,
ECMWF,2026-09-15 12:00,2026-09-22 15:00,162,인천,0,28.7,99.0,,,,578.0,0.0,6.0,
ECMWF,2026-09-15 12:00,2026-09-22 21:00,168,인천,0,22.9,74.0,,,,61.0,0.0,6.0,
ECMWF,2026-09-15 12:00,2026-09-23 03:00,174,인천,0,20.2,19.0,,,,0.0,0.0,6.0,
ECMWF,2026-09-15 12:00,2026-09-23 09:00,180,인천,0,23.1,30.0,,,,81.0,0.0,6.0,
ECMWF,2026-09-15 12:00,2026-09-23 15:00,186,인천,0,24.5,25.0,,,,512.0,1.8,6.0,
ECMWF,2026-09-15 12:00,2026-09-23 21:00,192,인천,0,22.0,17.0,,,,133.0,1.0,6.0,
ECMWF,2026-09-15 12:00,2026-09-24 03:00,198,인천,0,19.3,99.0,,,,0.0,0.0,6.0,
ECMWF,2026-09-15 12:00,2026-09-24 09:00,204,인천,0,20.8,100.0,,,,45.0,0.0,6.0,
ECMWF,2026-09-15 12:00,2026-09-24 15:00,210,인천,0,27.6,53.0,,,,543.0,0.0,6.0,
ECMWF,2026-09-15 12:00,2026-09-24 21:00,216,인천,0,22.8,74.0,,,,148.0,0.0,6.0,
ECMWF,2026-09-15 12:00,2026-09-25 03:00,222,인천,0,20.3,96.0,,,,0.0,0.0,6.0,
ECMWF,2026-09-15 12:00,2026-09-25 09:00,228,인천,0,22.3,48.0,,,,77.0,0.0,6.0,
ECMWF,2026-09-15 12:00,2026-09-25 15:00,234,인천,0,27.5,40.0,,,,599.0,0.9,6.0,
ECMWF,2026-09-15 12:00,2026-09-25 21:00,240,인천,0,22.6,99.0,,,,130.0,0.3,6.0,
ECMWF,2026-09-15 12:00,2026-09-15 21:00,0,수원,0,18.6,0.0,,,,,,,
ECMWF,2026-09-15 12:00,2026-09-16 00:00,3,수원,0,16.7,0.0,,,,0.0,0.0,3.0,
ECMWF,2026-09-15 12:00,2026-09-16 03:00,6,수원,0,15.4,0.0,,,,0.0,0.0,3.0,
ECMWF,2026-09-15 12:00,2026-09-16 06:00,9,수원,0,13.9,1.0,,,,0.0,0.0,3.0,
ECMWF,2026-09-15 12:00,2026-09-16 09:00,12,수원,0,21.3,1.0,,,,202.0,0.0,3.0,
ECMWF,2026-09-15 12:00,2026-09-16 12:00,15,수원,0,25.9,2.0,,,,694.0,0.0,3.0,
ECMWF,2026-09-15 12:00,2026-09-16 15:00,18,수원,0,27.3,6.0,,,,770.0,0.0,3.0,
ECMWF,2026-09-15 12:00,2026-09-16 18:00,21,수원,0,24.7,1.0,,,,358.0,0.0,3.0,
ECMWF,2026-09-15 12:00,2026-09-16 21:00,24,수원,0,21.0,1.0,,,,6.0,0.0,3.0,
ECMWF,2026-09-15 12:00,2026-09-17 00:00,27,수원,0,18.6,7.0,,,,0.0,0.0,3.0,
ECMWF,2026-09-15 12:00,2026-09-17 03:00,30,수원,0,17.2,24.0,,,,0.0,0.0,3.0,
ECMWF,2026-09-15 12:00,2026-09-17 06:00,33,수원,0,16.4,63.0,,,,0.0,0.0,3.0,
ECMWF,2026-09-15 12:00,2026-09-17 09:00,36,수원,0,21.4,61.0,,,,183.0,0.0,3.0,
ECMWF,2026-09-15 12:00,2026-09-17 12:00,39,수원,0,25.3,73.0,,,,671.0,0.0,3.0,
ECMWF,2026-09-15 12:00,2026-09-17 15:00,42,수원,0,26.7,99.0,,,,634.0,0.0,3.0,
ECMWF,2026-09-15 12:00,2026-09-17 18:00,45,수원,0,24.9,75.0,,,,280.0,0.0,3.0,
ECMWF,2026-09-15 12:00,2026-09-17 21:00,48,수원,0,21.4,99.0,,,,5.0,0.0,3.0,
ECMWF,2026-09-15 12:00,2026-09-18 00:00,51,수원,0,19.7,98.0,,,,0.0,0.0,3.0,
ECMWF,2026-09-15 12:00,2026-09-18 03:00,54,수원,0,19.1,96.0,,,,0.0,0.0,3.0,
ECMWF,2026-09-15 12:00,2026-09-18 06:00,57,수원,0,18.7,95.0,,,,0.0,0.0,3.0,
ECMWF,2026-09-15 12:00,2026-09-18 09:00,60,수원,0,22.1,14.0,,,,165.0,0.0,3.0,
ECMWF,2026-09-15 12:00,2026-09-18 12:00,63,수원,0,26.1,61.0,,,,658.0,0.0,3.0,
ECMWF,2026-09-15 12:00,2026-09-18 15:00,66,수원,0,27.3,72.0,,,,481.0,0.0,3.0,
ECMWF,2026-09-15 12:00,2026-09-18 18:00,69,수원,0,25.4,47.0,,,,273.0,0.0,3.0,
ECMWF,2026-09-15 12:00,2026-09-18 21:00,72,수원,0,22.0,7.0,,,,4.0,0.0,3.0,
ECMWF,2026-09-15 12:00,2026-09-19 00:00,75,수원,0,19.7,15.0,,,,0.0,0.0,3.0,
ECMWF,2026-09-15 12:00,2026-09-19 03:00,78,수원,0,18.3,46.0,,,,0.0,0.0,3.0,
ECMWF,2026-09-15 12:00,2026-09-19 06:00,81,수원,0,17.6,12.0,,,,0.0,0.0,3.0,
ECMWF,2026-09-15 12:00,2026-09-19 09:00,84,수원,0,22.3,1.0,,,,181.0,0.0,3.0,
ECMWF,2026-09-15 12:00,2026-09-19 12:00,87,수원,0,26.6,5.0,,,,662.0,0.0,3.0,
ECMWF,2026-09-15 12:00,2026-09-19 15:00,90,수원,0,28.4,49.0,,,,694.0,0.0,3.0,
ECMWF,2026-09-15 12:00,2026-09-19 18:00,93,수원,0,26.2,21.0,,,,233.0,0.0,3.0,
ECMWF,2026-09-15 12:00,2026-09-19 21:00,96,수원,0,21.9,4.0,,,,3.0,0.0,3.0,
ECMWF,2026-09-15 12:00,2026-09-20 00:00,99,수원,0,19.5,18.0,,,,0.0,0.0,3.0,
ECMWF,2026-09-15 12:00,2026-09-20 03:00,102,수원,0,17.7,13.0,,,,0.0,0.0,3.0,
ECMWF,2026-09-15 12:00,2026-09-20 06:00,105,수원,0,16.5,45.0,,,,0.0,0.0,3.0,
ECMWF,2026-09-15 12:00,2026-09-20 09:00,108,수원,0,21.2,71.0,,,,178.0,0.0,3.0,
ECMWF,2026-09-15 12:00,2026-09-20 12:00,111,수원,0,24.9,56.0,,,,557.0,0.0,3.0,
ECMWF,2026-09-15 12:00,2026-09-20 15:00,114,수원,0,27.4,2.0,,,,719.0,0.0,3.0,
ECMWF,2026-09-15 12:00,2026-09-20 18:00,117,수원,0,25.0,2.0,,,,326.0,0.0,3.0,
ECMWF,2026-09-15 12:00,2026-09-20 21:00,120,수원,0,21.5,50.0,,,,4.0,0.0,3.0,
ECMWF,2026-09-15 12:00,2026-09-21 00:00,123,수원,0,20.1,1.0,,,,0.0,0.0,3.0,
ECMWF,2026-09-15 12:00,2026-09-21 03:00,126,수원,0,18.5,1.0,,,,0.0,0.0,3.0,
ECMWF,2026-09-15 12:00,2026-09-21 06:00,129,수원,0,17.3,1.0,,,,0.0,0.0,3.0,
ECMWF,2026-09-15 12:00,2026-09-21 09:00,132,수원,0,21.8,14.0,,,,181.0,0.0,3.0,
ECMWF,2026-09-15 12:00,2026-09-21 12:00,135,수원,0,27.4,6.0,,,,663.0,0.0,3.0,
ECMWF,2026-09-15 12:00,2026-09-21 15:00,138,수원,0,29.1,0.0,,,,740.0,0.0,3.0,
ECMWF,2026-09-15 12:00,2026-09-21 18:00,141,수원,0,25.1,2.0,,,,323.0,0.0,3.0,
ECMWF,2026-09-15 12:00,2026-09-21 21:00,144,수원,0,21.8,1.0,,,,3.0,0.0,3.0,
ECMWF,2026-09-15 12:00,2026-09-22 03:00,150,수원,0,19.5,34.0,,,,0.0,0.0,6.0,
ECMWF,2026-09-15 12:00,2026-09-22 09:00,156,수원,0,22.6,36.0,,,,89.0,0.0,6.0,
ECMWF,2026-09-15 12:00,2026-09-22 15:00,162,수원,0,27.2,89.0,,,,580.0,0.0,6.0,
ECMWF,2026-09-15 12:00,2026-09-22 21:00,168,수원,0,21.9,59.0,,,,66.0,0.0,6.0,
ECMWF,2026-09-15 12:00,2026-09-23 03:00,174,수원,0,19.2,53.0,,,,0.0,0.0,6.0,
ECMWF,2026-09-15 12:00,2026-09-23 09:00,180,수원,0,22.4,32.0,,,,80.0,0.0,6.0,
ECMWF,2026-09-15 12:00,2026-09-23 15:00,186,수원,0,24.2,51.0,,,,596.0,1.2,6.0,
ECMWF,2026-09-15 12:00,2026-09-23 21:00,192,수원,0,21.1,25.0,,,,120.0,0.3,6.0,
ECMWF,2026-09-15 12:00,2026-09-24 03:00,198,수원,0,19.3,98.0,,,,0.0,0.3,6.0,
ECMWF,2026-09-15 12:00,2026-09-24 09:00,204,수원,0,21.1,100.0,,,,50.0,0.0,6.0,
ECMWF,2026-09-15 12:00,2026-09-24 15:00,210,수원,0,27.4,73.0,,,,582.0,0.0,6.0,
ECMWF,2026-09-15 12:00,2026-09-24 21:00,216,수원,0,22.0,89.0,,,,149.0,0.0,6.0,
ECMWF,2026-09-15 12:00,2026-09-25 03:00,222,수원,0,19.2,87.0,,,,0.0,0.0,6.0,
ECMWF,2026-09-15 12:00,2026-09-25 09:00,228,수원,0,21.8,65.0,,,,74.0,0.0,6.0,
ECMWF,2026-09-15 12:00,2026-09-25 15:00,234,수원,0,26.9,54.0,,,,621.0,0.5,6.0,
ECMWF,2026-09-15 12:00,2026-09-25 21:00,240,수원,0,22.6,99.0,,,,135.0,0.3,6.0,
ECMWF,2026-09-15 12:00,2026-09-15 21:00,0,전주,0,19.0,63.0,,,,,,,
ECMWF,2026-09-15 12:00,2026-09-16 00:00,3,전주,0,16.9,59.0,,,,0.0,0.0,3.0,
ECMWF,2026-09-15 12:00,2026-09-16 03:00,6,전주,0,15.7,86.0,,,,0.0,0.0,3.0,
ECMWF,2026-09-15 12:00,2026-09-16 06:00,9,전주,0,15.2,18.0,,,,0.0,0.0,3.0,
ECMWF,2026-09-15 12:00,2026-09-16 09:00,12,전주,0,21.4,2.0,,,,196.0,0.0,3.0,
ECMWF,2026-09-15 12:00,2026-09-16 12:00,15,전주,0,26.9,29.0,,,,656.0,0.1,3.0,
ECMWF,2026-09-15 12:00,2026-09-16 15:00,18,전주,0,27.0,49.0,,,,669.0,0.0,3.0,
ECMWF,2026-09-15 12:00,2026-09-16 18:00,21,전주,0,25.1,26.0,,,,336.0,0.0,3.0,
ECMWF,2026-09-15 12:00,2026-09-16 21:00,24,전주,0,20.7,86.0,,,,5.0,0.0,3.0,
ECMWF,2026-09-15 12:00,2026-09-17 00:00,27,전주,0,20.0,84.0,,,,0.0,0.0,3.0,
ECMWF,2026-09-15 12:00,2026-09-17 03:00,30,전주,0,17.4,63.0,,,,0.0,0.0,3.0,
ECMWF,2026-09-15 12:00,2026-09-17 06:00,33,전주,0,15.3,61.0,,,,0.0,0.0,3.0,
ECMWF,2026-09-15 12:00,2026-09-17 09:00,36,전주,0,21.3,89.0,,,,190.0,0.0,3.0,
ECMWF,2026-09-15 12:00,2026-09-17 12:00,39,전주,0,26.5,79.0,,,,662.0,0.0,3.0,
ECMWF,2026-09-15 12:00,2026-09-17 15:00,42,전주,0,28.0,99.0,,,,733.0,0.0,3.0,
ECMWF,2026-09-15 12:00,2026-09-17 18:00,45,전주,0,25.0,86.0,,,,285.0,0.0,3.0,
ECMWF,2026-09-15 12:00,2026-09-17 21:00,48,전주,0,22.5,90.0,,,,4.0,0.0,3.0,
ECMWF,2026-09-15 12:00,2026-09-18 00:00,51,전주,0,20.4,90.0,,,,0.0,0.0,3.0,
ECMWF,2026-09-15 12:00,2026-09-18 03:00,54,전주,0,18.9,70.0,,,,0.0,0.0,3.0,
ECMWF,2026-09-15 12:00,2026-09-18 06:00,57,전주,0,17.7,21.0,,,,0.0,0.0,3.0,
ECMWF,2026-09-15 12:00,2026-09-18 09:00,60,전주,0,22.3,7.0,,,,190.0,0.0,3.0,
ECMWF,2026-09-15 12:00,2026-09-18 12:00,63,전주,0,28.2,53.0,,,,653.0,0.0,3.0,
ECMWF,2026-09-15 12:00,2026-09-18 15:00,66,전주,0,29.1,72.0,,,,591.0,0.0,3.0,
ECMWF,2026-09-15 12:00,2026-09-18 18:00,69,전주,0,26.2,38.0,,,,235.0,0.0,3.0,
ECMWF,2026-09-15 12:00,2026-09-18 21:00,72,전주,0,22.8,23.0,,,,4.0,0.0,3.0,
ECMWF,2026-09-15 12:00,2026-09-19 00:00,75,전주,0,20.0,28.0,,,,0.0,0.0,3.0,
ECMWF,2026-09-15 12:00,2026-09-19 03:00,78,전주,0,18.0,25.0,,,,0.0,0.0,3.0,
ECMWF,2026-09-15 12:00,2026-09-19 06:00,81,전주,0,17.0,51.0,,,,0.0,0.0,3.0,
ECMWF,2026-09-15 12:00,2026-09-19 09:00,84,전주,0,22.2,47.0,,,,184.0,0.0,3.0,
ECMWF,2026-09-15 12:00,2026-09-19 12:00,87,전주,0,26.8,10.0,,,,624.0,0.0,3.0,
ECMWF,2026-09-15 12:00,2026-09-19 15:00,90,전주,0,28.7,21.0,,,,763.0,0.0,3.0,
ECMWF,2026-09-15 12:00,2026-09-19 18:00,93,전주,0,26.0,7.0,,,,346.0,0.0,3.0,
ECMWF,2026-09-15 12:00,2026-09-19 21:00,96,전주,0,21.6,6.0,,,,4.0,0.0,3.0,
ECMWF,2026-09-15 12:00,2026-09-20 00:00,99,전주,0,21.1,6.0,,,,0.0,0.0,3.0,
ECMWF,2026-09-15 12:00,2026-09-20 03:00,102,전주,0,19.0,39.0,,,,0.0,0.0,3.0,
ECMWF,2026-09-15 12:00,2026-09-20 06:00,105,전주,0,17.6,21.0,,,,0.0,0.0,3.0,
ECMWF,2026-09-15 12:00,2026-09-20 09:00,108,전주,0,22.6,7.0,,,,180.0,0.0,3.0,
ECMWF,2026-09-15 12:00,2026-09-20 12:00,111,전주,0,26.5,48.0,,,,675.0,0.0,3.0,
ECMWF,2026-09-15 12:00,2026-09-20 15:00,114,전주,0,27.7,28.0,,,,727.0,0.0,3.0,
ECMWF,2026-09-15 12:00,2026-09-20 18:00,117,전주,0,24.7,1.0,,,,329.0,0.0,3.0,
ECMWF,2026-09-15 12:00,2026-09-20 21:00,120,전주,0,20.8,0.0,,,,4.0,0.0,3.0,
ECMWF,2026-09-15 12:00,2026-09-21 00:00,123,전주,0,18.6,0.0,,,,0.0,0.0,3.0,
ECMWF,2026-09-15 12:00,2026-09-21 03:00,126,전주,0,17.4,7.0,,,,0.0,0.0,3.0,
ECMWF,2026-09-15 12:00,2026-09-21 06:00,129,전주,0,16.6,0.0,,,,0.0,0.0,3.0,
ECMWF,2026-09-15 12:00,2026-09-21 09:00,132,전주,0,21.2,0.0,,,,187.0,0.0,3.0,
ECMWF,2026-09-15 12:00,2026-09-21 12:00,135,전주,0,26.2,0.0,,,,677.0,0.0,3.0,
ECMWF,2026-09-15 12:00,2026-09-21 15:00,138,전주,0,28.6,1.0,,,,752.0,0.0,3.0,
ECMWF,2026-09-15 12:00,2026-09-21 18:00,141,전주,0,24.6,0.0,,,,331.0,0.0,3.0,
ECMWF,2026-09-15 12:00,2026-09-21 21:00,144,전주,0,20.7,4.0,,,,3.0,0.0,3.0,
ECMWF,2026-09-15 12:00,2026-09-22 03:00,150,전주,0,19.0,10.0,,,,0.0,0.0,6.0,
ECMWF,2026-09-15 12:00,2026-09-22 09:00,156,전주,0,23.4,0.0,,,,92.0,0.0,6.0,
ECMWF,2026-09-15 12:00,2026-09-22 15:00,162,전주,0,29.1,32.0,,,,713.0,0.0,6.0,
ECMWF,2026-09-15 12:00,2026-09-22 21:00,168,전주,0,22.0,30.0,,,,156.0,0.0,6.0,
ECMWF,2026-09-15 12:00,2026-09-23 03:00,174,전주,0,20.9,88.0,,,,0.0,0.0,6.0,
ECMWF,2026-09-15 12:00,2026-09-23 09:00,180,전주,0,21.4,100.0,,,,14.0,0.0,6.0,
ECMWF,2026-09-15 12:00,2026-09-23 15:00,186,전주,0,22.6,88.0,,,,167.0,1.4,6.0,
ECMWF,2026-09-15 12:00,2026-09-23 21:00,192,전주,0,20.2,52.0,,,,125.0,0.0,6.0,
ECMWF,2026-09-15 12:00,2026-09-24 03:00,198,전주,0,17.9,34.0,,,,0.0,0.0,6.0,
ECMWF,2026-09-15 12:00,2026-09-24 09:00,204,전주,0,22.4,99.0,,,,78.0,0.0,6.0,
ECMWF,2026-09-15 12:00,2026-09-24 15:00,210,전주,0,27.3,64.0,,,,597.0,0.0,6.0,
ECMWF,2026-09-15 12:00,2026-09-24 21:00,216,전주,0,21.1,43.0,,,,156.0,0.0,6.0,
ECMWF,2026-09-15 12:00,2026-09-25 03:00,222,전주,0,21.3,78.0,,,,0.0,0.0,6.0,
ECMWF,2026-09-15 12:00,2026-09-25 09:00,228,전주,0,23.1,90.0,,,,52.0,0.0,6.0,
ECMWF,2026-09-15 12:00,2026-09-25 15:00,234,전주,0,28.4,80.0,,,,510.0,0.0,6.0,
ECMWF,2026-09-15 12:00,2026-09-25 21:00,240,전주,0,24.2,100.0,,,,64.0,0.0,6.0,
ECMWF,2026-09-15 12:00,2026-09-15 21:00,0,강릉,0,19.5,24.0,,,,,,,
ECMWF,2026-09-15 12:00,2026-09-16 00:00,3,강릉,0,17.5,45.0,,,,0.0,0.0,3.0,
ECMWF,2026-09-15 12:00,2026-09-16 03:00,6,강릉,0,15.9,45.0,,,,0.0,0.0,3.0,
ECMWF,2026-09-15 12:00,2026-09-16 06:00,9,강릉,0,13.9,59.0,,,,0.0,0.0,3.0,
ECMWF,2026-09-15 12:00,2026-09-16 09:00,12,강릉,0,21.1,12.0,,,,203.0,0.0,3.0,
ECMWF,2026-09-15 12:00,2026-09-16 12:00,15,강릉,0,23.3,8.0,,,,669.0,0.2,3.0,
ECMWF,2026-09-15 12:00,2026-09-16 15:00,18,강릉,0,23.5,5.0,,,,734.0,0.0,3.0,
ECMWF,2026-09-15 12:00,2026-09-16 18:00,21,강릉,0,22.1,3.0,,,,324.0,0.0,3.0,
ECMWF,2026-09-15 12:00,2026-09-16 21:00,24,강릉,0,19.7,1.0,,,,3.0,0.0,3.0,
ECMWF,2026-09-15 12:00,2026-09-17 00:00,27,강릉,0,15.9,21.0,,,,0.0,0.0,3.0,
ECMWF,2026-09-15 12:00,2026-09-17 03:00,30,강릉,0,16.0,34.0,,,,0.0,0.0,3.0,
ECMWF,2026-09-15 12:00,2026-09-17 06:00,33,강릉,0,17.1,42.0,,,,0.0,0.0,3.0,
ECMWF,2026-09-15 12:00,2026-09-17 09:00,36,강릉,0,21.2,56.0,,,,169.0,0.0,3.0,
ECMWF,2026-09-15 12:00,2026-09-17 12:00,39,강릉,0,23.4,63.0,,,,603.0,0.3,3.0,
ECMWF,2026-09-15 12:00,2026-09-17 15:00,42,강릉,0,23.6,95.0,,,,631.0,0.0,3.0,
ECMWF,2026-09-15 12:00,2026-09-17 18:00,45,강릉,0,22.4,95.0,,,,238.0,0.0,3.0,
ECMWF,2026-09-15 12:00,2026-09-17 21:00,48,강릉,0,21.2,84.0,,,,2.0,0.0,3.0,
ECMWF,2026-09-15 12:00,2026-09-18 00:00,51,강릉,0,21.4,100.0,,,,0.0,0.0,3.0,
ECMWF,2026-09-15 12:00,2026-09-18 03:00,54,강릉,0,21.6,96.0,,,,0.0,0.0,3.0,
ECMWF,2026-09-15 12:00,2026-09-18 06:00,57,강릉,0,21.1,98.0,,,,0.0,0.0,3.0,
ECMWF,2026-09-15 12:00,2026-09-18 09:00,60,강릉,0,23.1,93.0,,,,132.0,0.0,3.0,
ECMWF,2026-09-15 12:00,2026-09-18 12:00,63,강릉,0,23.9,83.0,,,,514.0,0.1,3.0,
ECMWF,2026-09-15 12:00,2026-09-18 15:00,66,강릉,0,23.7,42.0,,,,552.0,0.1,3.0,
ECMWF,2026-09-15 12:00,2026-09-18 18:00,69,강릉,0,22.8,42.0,,,,264.0,0.2,3.0,
ECMWF,2026-09-15 12:00,2026-09-18 21:00,72,강릉,0,22.1,39.0,,,,2.0,0.0,3.0,
ECMWF,2026-09-15 12:00,2026-09-19 00:00,75,강릉,0,21.3,53.0,,,,0.0,0.0,3.0,
ECMWF,2026-09-15 12:00,2026-09-19 03:00,78,강릉,0,20.8,69.0,,,,0.0,0.0,3.0,
ECMWF,2026-09-15 12:00,2026-09-19 06:00,81,강릉,0,20.2,59.0,,,,0.0,0.2,3.0,
ECMWF,2026-09-15 12:00,2026-09-19 09:00,84,강릉,0,22.2,48.0,,,,154.0,0.2,3.0,
ECMWF,2026-09-15 12:00,2026-09-19 12:00,87,강릉,0,22.8,46.0,,,,595.0,0.7,3.0,
ECMWF,2026-09-15 12:00,2026-09-19 15:00,90,강릉,0,22.8,55.0,,,,623.0,0.2,3.0,
ECMWF,2026-09-15 12:00,2026-09-19 18:00,93,강릉,0,21.6,38.0,,,,253.0,0.3,3.0,
ECMWF,2026-09-15 12:00,2026-09-19 21:00,96,강릉,0,19.8,58.0,,,,2.0,0.3,3.0,
ECMWF,2026-09-15 12:00,2026-09-20 00:00,99,강릉,0,18.5,67.0,,,,0.0,0.5,3.0,
ECMWF,2026-09-15 12:00,2026-09-20 03:00,102,강릉,0,18.5,65.0,,,,0.0,0.1,3.0,
ECMWF,2026-09-15 12:00,2026-09-20 06:00,105,강릉,0,18.3,75.0,,,,0.0,0.1,3.0,
ECMWF,2026-09-15 12:00,2026-09-20 09:00,108,강릉,0,19.9,76.0,,,,116.0,0.8,3.0,
ECMWF,2026-09-15 12:00,2026-09-20 12:00,111,강릉,0,21.8,53.0,,,,490.0,0.8,3.0,
ECMWF,2026-09-15 12:00,2026-09-20 15:00,114,강릉,0,22.3,17.0,,,,633.0,0.0,3.0,
ECMWF,2026-09-15 12:00,2026-09-20 18:00,117,강릉,0,20.9,9.0,,,,289.0,0.0,3.0,
ECMWF,2026-09-15 12:00,2026-09-20 21:00,120,강릉,0,17.2,29.0,,,,2.0,0.0,3.0,
ECMWF,2026-09-15 12:00,2026-09-21 00:00,123,강릉,0,15.0,46.0,,,,0.0,0.0,3.0,
ECMWF,2026-09-15 12:00,2026-09-21 03:00,126,강릉,0,15.2,24.0,,,,0.0,0.0,3.0,
ECMWF,2026-09-15 12:00,2026-09-21 06:00,129,강릉,0,15.6,13.0,,,,0.0,0.0,3.0,
ECMWF,2026-09-15 12:00,2026-09-21 09:00,132,강릉,0,21.2,13.0,,,,203.0,0.0,3.0,
ECMWF,2026-09-15 12:00,2026-09-21 12:00,135,강릉,0,22.6,19.0,,,,667.0,0.0,3.0,
ECMWF,2026-09-15 12:00,2026-09-21 15:00,138,강릉,0,22.7,11.0,,,,710.0,0.0,3.0,
ECMWF,2026-09-15 12:00,2026-09-21 18:00,141,강릉,0,21.6,16.0,,,,294.0,0.0,3.0,
ECMWF,2026-09-15 12:00,2026-09-21 21:00,144,강릉,0,17.9,11.0,,,,2.0,0.0,3.0,
ECMWF,2026-09-15 12:00,2026-09-22 03:00,150,강릉,0,17.3,64.0,,,,0.0,0.0,6.0,
ECMWF,2026-09-15 12:00,2026-09-22 09:00,156,강릉,0,21.1,33.0,,,,90.0,0.3,6.0,
ECMWF,2026-09-15 12:00,2026-09-22 15:00,162,강릉,0,23.6,61.0,,,,604.0,0.9,6.0,
ECMWF,2026-09-15 12:00,2026-09-22 21:00,168,강릉,0,20.0,61.0,,,,110.0,0.0,6.0,
ECMWF,2026-09-15 12:00,2026-09-23 03:00,174,강릉,0,15.7,55.0,,,,0.0,0.0,6.0,
ECMWF,2026-09-15 12:00,2026-09-23 09:00,180,강릉,0,21.6,30.0,,,,97.0,0.0,6.0,
ECMWF,2026-09-15 12:00,2026-09-23 15:00,186,강릉,0,24.1,13.0,,,,657.0,0.0,6.0,
ECMWF,2026-09-15 12:00,2026-09-23 21:00,192,강릉,0,21.2,13.0,,,,135.0,0.0,6.0,
ECMWF,2026-09-15 12:00,2026-09-24 03:00,198,강릉,0,19.8,90.0,,,,0.0,0.0,6.0,
ECMWF,2026-09-15 12:00,2026-09-24 09:00,204,강릉,0,20.9,84.0,,,,67.0,2.4,6.0,
ECMWF,2026-09-15 12:00,2026-09-24 15:00,210,강릉,0,20.1,100.0,,,,269.0,7.2,6.0,
ECMWF,2026-09-15 12:00,2026-09-24 21:00,216,강릉,0,19.7,100.0,,,,38.0,1.9,6.0,
ECMWF,2026-09-15 12:00,2026-09-25 03:00,222,강릉,0,18.3,86.0,,,,0.0,0.0,6.0,
ECMWF,2026-09-15 12:00,2026-09-25 09:00,228,강릉,0,20.3,26.0,,,,87.0,0.0,6.0,
ECMWF,2026-09-15 12:00,2026-09-25 15:00,234,강릉,0,22.3,22.0,,,,624.0,0.0,6.0,
ECMWF,2026-09-15 12:00,2026-09-25 21:00,240,강릉,0,18.4,72.0,,,,127.0,0.0,6.0,
ECMWF,2026-09-15 12:00,2026-09-15 21:00,0,제주,0,21.2,95.0,,,,,,,
ECMWF,2026-09-15 12:00,2026-09-16 00:00,3,제주,0,20.5,98.0,,,,0.0,0.0,3.0,
ECMWF,2026-09-15 12:00,2026-09-16 03:00,6,제주,0,20.6,99.0,,,,0.0,0.0,3.0,
ECMWF,2026-09-15 12:00,2026-09-16 06:00,9,제주,0,20.4,20.0,,,,0.0,0.0,3.0,
ECMWF,2026-09-15 12:00,2026-09-16 09:00,12,제주,0,21.6,39.0,,,,167.0,0.2,3.0,
ECMWF,2026-09-15 12:00,2026-09-16 12:00,15,제주,0,23.6,20.0,,,,507.0,0.7,3.0,
ECMWF,2026-09-15 12:00,2026-09-16 15:00,18,제주,0,24.3,43.0,,,,727.0,0.0,3.0,
ECMWF,2026-09-15 12:00,2026-09-16 18:00,21,제주,0,23.0,46.0,,,,354.0,0.0,3.0,
ECMWF,2026-09-15 12:00,2026-09-16 21:00,24,제주,0,22.0,75.0,,,,6.0,0.0,3.0,
ECMWF,2026-09-15 12:00,2026-09-17 00:00,27,제주,0,21.7,10.0,,,,0.0,0.0,3.0,
ECMWF,2026-09-15 12:00,2026-09-17 03:00,30,제주,0,21.5,45.0,,,,0.0,0.0,3.0,
ECMWF,2026-09-15 12:00,2026-09-17 06:00,33,제주,0,21.3,91.0,,,,0.0,0.0,3.0,
ECMWF,2026-09-15 12:00,2026-09-17 09:00,36,제주,0,22.6,96.0,,,,165.0,0.0,3.0,
ECMWF,2026-09-15 12:00,2026-09-17 12:00,39,제주,0,21.6,100.0,,,,444.0,1.4,3.0,
ECMWF,2026-09-15 12:00,2026-09-17 15:00,42,제주,0,22.1,92.0,,,,327.0,1.8,3.0,
ECMWF,2026-09-15 12:00,2026-09-17 18:00,45,제주,0,22.5,99.0,,,,136.0,1.3,3.0,
ECMWF,2026-09-15 12:00,2026-09-17 21:00,48,제주,0,22.3,95.0,,,,3.0,0.0,3.0,
ECMWF,2026-09-15 12:00,2026-09-18 00:00,51,제주,0,22.4,32.0,,,,0.0,0.0,3.0,
ECMWF,2026-09-15 12:00,2026-09-18 03:00,54,제주,0,22.7,83.0,,,,0.0,0.0,3.0,
ECMWF,2026-09-15 12:00,2026-09-18 06:00,57,제주,0,22.7,80.0,,,,0.0,0.1,3.0,
ECMWF,2026-09-15 12:00,2026-09-18 09:00,60,제주,0,23.3,71.0,,,,120.0,0.4,3.0,
ECMWF,2026-09-15 12:00,2026-09-18 12:00,63,제주,0,23.7,75.0,,,,450.0,1.2,3.0,
ECMWF,2026-09-15 12:00,2026-09-18 15:00,66,제주,0,22.5,73.0,,,,441.0,3.1,3.0,
ECMWF,2026-09-15 12:00,2026-09-18 18:00,69,제주,0,22.6,51.0,,,,170.0,1.9,3.0,
ECMWF,2026-09-15 12:00,2026-09-18 21:00,72,제주,0,22.3,42.0,,,,3.0,0.8,3.0,
ECMWF,2026-09-15 12:00,2026-09-19 00:00,75,제주,0,22.2,62.0,,,,0.0,1.0,3.0,
ECMWF,2026-09-15 12:00,2026-09-19 03:00,78,제주,0,22.0,59.0,,,,0.0,1.6,3.0,
ECMWF,2026-09-15 12:00,2026-09-19 06:00,81,제주,0,22.0,66.0,,,,0.0,0.6,3.0,
ECMWF,2026-09-15 12:00,2026-09-19 09:00,84,제주,0,22.1,50.0,,,,90.0,0.7,3.0,
ECMWF,2026-09-15 12:00,2026-09-19 12:00,87,제주,0,23.4,39.0,,,,442.0,0.7,3.0,
ECMWF,2026-09-15 12:00,2026-09-19 15:00,90,제주,0,24.0,27.0,,,,660.0,0.8,3.0,
ECMWF,2026-09-15 12:00,2026-09-19 18:00,93,제주,0,23.5,1.0,,,,328.0,0.0,3.0,
ECMWF,2026-09-15 12:00,2026-09-19 21:00,96,제주,0,22.4,20.0,,,,5.0,0.0,3.0,
ECMWF,2026-09-15 12:00,2026-09-20 00:00,99,제주,0,22.0,28.0,,,,0.0,0.3,3.0,
ECMWF,2026-09-15 12:00,2026-09-20 03:00,102,제주,0,22.0,32.0,,,,0.0,0.2,3.0,
ECMWF,2026-09-15 12:00,2026-09-20 06:00,105,제주,0,21.5,22.0,,,,0.0,0.0,3.0,
ECMWF,2026-09-15 12:00,2026-09-20 09:00,108,제주,0,22.2,8.0,,,,155.0,0.0,3.0,
ECMWF,2026-09-15 12:00,2026-09-20 12:00,111,제주,0,23.1,8.0,,,,662.0,0.0,3.0,
ECMWF,2026-09-15 12:00,2026-09-20 15:00,114,제주,0,23.2,6.0,,,,790.0,0.0,3.0,
ECMWF,2026-09-15 12:00,2026-09-20 18:00,117,제주,0,22.1,3.0,,,,371.0,0.0,3.0,
ECMWF,2026-09-15 12:00,2026-09-20 21:00,120,제주,0,20.9,5.0,,,,5.0,0.0,3.0,
ECMWF,2026-09-15 12:00,2026-09-21 00:00,123,제주,0,20.6,14.0,,,,0.0,0.0,3.0,
ECMWF,2026-09-15 12:00,2026-09-21 03:00,126,제주,0,20.9,21.0,,,,0.0,0.0,3.0,
ECMWF,2026-09-15 12:00,2026-09-21 06:00,129,제주,0,21.0,32.0,,,,0.0,0.0,3.0,
ECMWF,2026-09-15 12:00,2026-09-21 09:00,132,제주,0,22.2,10.0,,,,149.0,0.2,3.0,
ECMWF,2026-09-15 12:00,2026-09-21 12:00,135,제주,0,22.9,5.0,,,,680.0,0.0,3.0,
ECMWF,2026-09-15 12:00,2026-09-21 15:00,138,제주,0,23.1,5.0,,,,798.0,0.0,3.0,
ECMWF,2026-09-15 12:00,2026-09-21 18:00,141,제주,0,21.9,8.0,,,,359.0,0.0,3.0,
ECMWF,2026-09-15 12:00,2026-09-21 21:00,144,제주,0,20.8,11.0,,,,4.0,0.0,3.0,
ECMWF,2026-09-15 12:00,2026-09-22 03:00,150,제주,0,20.0,22.0,,,,0.0,0.0,6.0,
ECMWF,2026-09-15 12:00,2026-09-22 09:00,156,제주,0,23.5,20.0,,,,79.0,0.0,6.0,
ECMWF,2026-09-15 12:00,2026-09-22 15:00,162,제주,0,23.7,16.0,,,,693.0,0.0,6.0,
ECMWF,2026-09-15 12:00,2026-09-22 21:00,168,제주,0,21.0,7.0,,,,171.0,0.0,6.0,
ECMWF,2026-09-15 12:00,2026-09-23 03:00,174,제주,0,20.8,28.0,,,,0.0,0.0,6.0,
ECMWF,2026-09-15 12:00,2026-09-23 09:00,180,제주,0,22.5,17.0,,,,72.0,0.0,6.0,
ECMWF,2026-09-15 12:00,2026-09-23 15:00,186,제주,0,23.3,72.0,,,,698.0,0.0,6.0,
ECMWF,2026-09-15 12:00,2026-09-23 21:00,192,제주,0,21.2,55.0,,,,151.0,0.0,6.0,
ECMWF,2026-09-15 12:00,2026-09-24 03:00,198,제주,0,20.3,8.0,,,,0.0,0.0,6.0,
ECMWF,2026-09-15 12:00,2026-09-24 09:00,204,제주,0,22.8,41.0,,,,91.0,0.0,6.0,
ECMWF,2026-09-15 12:00,2026-09-24 15:00,210,제주,0,23.8,84.0,,,,691.0,0.0,6.0,
ECMWF,2026-09-15 12:00,2026-09-24 21:00,216,제주,0,22.3,32.0,,,,134.0,0.0,6.0,
ECMWF,2026-09-15 12:00,2026-09-25 03:00,222,제주,0,22.0,96.0,,,,0.0,0.0,6.0,
ECMWF,2026-09-15 12:00,2026-09-25 09:00,228,제주,0,24.1,91.0,,,,65.0,0.0,6.0,
ECMWF,2026-09-15 12:00,2026-09-25 15:00,234,제주,0,25.1,30.0,,,,420.0,0.1,6.0,
ECMWF,2026-09-15 12:00,2026-09-25 21:00,240,제주,0,22.5,30.0,,,,134.0,0.0,6.0,
ECMWF,2026-09-15 12:00,2026-09-15 21:00,0,나주,0,22.3,98.0,,,,,,,
ECMWF,2026-09-15 12:00,2026-09-16 00:00,3,나주,0,20.2,85.0,,,,0.0,0.0,3.0,
ECMWF,2026-09-15 12:00,2026-09-16 03:00,6,나주,0,18.8,82.0,,,,0.0,0.0,3.0,
ECMWF,2026-09-15 12:00,2026-09-16 06:00,9,나주,0,17.7,34.0,,,,0.0,0.0,3.0,
ECMWF,2026-09-15 12:00,2026-09-16 09:00,12,나주,0,24.7,8.0,,,,193.0,0.0,3.0,
ECMWF,2026-09-15 12:00,2026-09-16 12:00,15,나주,0,29.4,38.0,,,,616.0,0.0,3.0,
ECMWF,2026-09-15 12:00,2026-09-16 15:00,18,나주,0,30.6,38.0,,,,614.0,0.1,3.0,
ECMWF,2026-09-15 12:00,2026-09-16 18:00,21,나주,0,26.5,51.0,,,,300.0,0.0,3.0,
ECMWF,2026-09-15 12:00,2026-09-16 21:00,24,나주,0,24.1,89.0,,,,5.0,0.0,3.0,
ECMWF,2026-09-15 12:00,2026-09-17 00:00,27,나주,0,23.1,49.0,,,,0.0,0.0,3.0,
ECMWF,2026-09-15 12:00,2026-09-17 03:00,30,나주,0,20.6,26.0,,,,0.0,0.0,3.0,
ECMWF,2026-09-15 12:00,2026-09-17 06:00,33,나주,0,18.8,38.0,,,,0.0,0.0,3.0,
ECMWF,2026-09-15 12:00,2026-09-17 09:00,36,나주,0,24.3,85.0,,,,188.0,0.0,3.0,
ECMWF,2026-09-15 12:00,2026-09-17 12:00,39,나주,0,29.0,88.0,,,,673.0,0.0,3.0,
ECMWF,2026-09-15 12:00,2026-09-17 15:00,42,나주,0,30.3,73.0,,,,753.0,0.0,3.0,
ECMWF,2026-09-15 12:00,2026-09-17 18:00,45,나주,0,28.6,43.0,,,,324.0,0.0,3.0,
ECMWF,2026-09-15 12:00,2026-09-17 21:00,48,나주,0,23.8,78.0,,,,6.0,0.0,3.0,
ECMWF,2026-09-15 12:00,2026-09-18 00:00,51,나주,0,22.4,53.0,,,,0.0,0.0,3.0,
ECMWF,2026-09-15 12:00,2026-09-18 03:00,54,나주,0,20.9,53.0,,,,0.0,0.0,3.0,
ECMWF,2026-09-15 12:00,2026-09-18 06:00,57,나주,0,19.9,44.0,,,,0.0,0.0,3.0,
ECMWF,2026-09-15 12:00,2026-09-18 09:00,60,나주,0,23.3,40.0,,,,128.0,0.4,3.0,
ECMWF,2026-09-15 12:00,2026-09-18 12:00,63,나주,0,29.2,55.0,,,,544.0,0.1,3.0,
ECMWF,2026-09-15 12:00,2026-09-18 15:00,66,나주,0,30.8,55.0,,,,484.0,0.0,3.0,
ECMWF,2026-09-15 12:00,2026-09-18 18:00,69,나주,0,29.2,72.0,,,,240.0,0.0,3.0,
ECMWF,2026-09-15 12:00,2026-09-18 21:00,72,나주,0,25.7,43.0,,,,3.0,0.0,3.0,
ECMWF,2026-09-15 12:00,2026-09-19 00:00,75,나주,0,23.1,51.0,,,,0.0,0.0,3.0,
ECMWF,2026-09-15 12:00,2026-09-19 03:00,78,나주,0,21.8,36.0,,,,0.0,0.0,3.0,
ECMWF,2026-09-15 12:00,2026-09-19 06:00,81,나주,0,20.2,57.0,,,,0.0,0.0,3.0,
ECMWF,2026-09-15 12:00,2026-09-19 09:00,84,나주,0,25.1,45.0,,,,174.0,0.0,3.0,
ECMWF,2026-09-15 12:00,2026-09-19 12:00,87,나주,0,30.8,38.0,,,,674.0,0.0,3.0,
ECMWF,2026-09-15 12:00,2026-09-19 15:00,90,나주,0,32.6,43.0,,,,639.0,0.0,3.0,
ECMWF,2026-09-15 12:00,2026-09-19 18:00,93,나주,0,28.8,17.0,,,,314.0,0.0,3.0,
ECMWF,2026-09-15 12:00,2026-09-19 21:00,96,나주,0,24.3,14.0,,,,5.0,0.0,3.0,
ECMWF,2026-09-15 12:00,2026-09-20 00:00,99,나주,0,22.9,22.0,,,,0.0,0.0,3.0,
ECMWF,2026-09-15 12:00,2026-09-20 03:00,102,나주,0,21.2,47.0,,,,0.0,0.0,3.0,
ECMWF,2026-09-15 12:00,2026-09-20 06:00,105,나주,0,19.6,3.0,,,,0.0,0.0,3.0,
ECMWF,2026-09-15 12:00,2026-09-20 09:00,108,나주,0,24.5,12.0,,,,188.0,0.0,3.0,
ECMWF,2026-09-15 12:00,2026-09-20 12:00,111,나주,0,29.6,56.0,,,,639.0,0.0,3.0,
ECMWF,2026-09-15 12:00,2026-09-20 15:00,114,나주,0,30.8,40.0,,,,623.0,0.0,3.0,
ECMWF,2026-09-15 12:00,2026-09-20 18:00,117,나주,0,26.8,1.0,,,,280.0,0.0,3.0,
ECMWF,2026-09-15 12:00,2026-09-20 21:00,120,나주,0,22.6,0.0,,,,5.0,0.0,3.0,
ECMWF,2026-09-15 12:00,2026-09-21 00:00,123,나주,0,20.9,0.0,,,,0.0,0.0,3.0,
ECMWF,2026-09-15 12:00,2026-09-21 03:00,126,나주,0,19.6,19.0,,,,0.0,0.0,3.0,
ECMWF,2026-09-15 12:00,2026-09-21 06:00,129,나주,0,18.3,0.0,,,,0.0,0.0,3.0,
ECMWF,2026-09-15 12:00,2026-09-21 09:00,132,나주,0,23.9,0.0,,,,188.0,0.0,3.0,
ECMWF,2026-09-15 12:00,2026-09-21 12:00,135,나주,0,29.8,0.0,,,,689.0,0.0,3.0,
ECMWF,2026-09-15 12:00,2026-09-21 15:00,138,나주,0,30.9,0.0,,,,766.0,0.0,3.0,
ECMWF,2026-09-15 12:00,2026-09-21 18:00,141,나주,0,25.9,0.0,,,,342.0,0.0,3.0,
ECMWF,2026-09-15 12:00,2026-09-21 21:00,144,나주,0,22.5,0.0,,,,4.0,0.0,3.0,
ECMWF,2026-09-15 12:00,2026-09-22 03:00,150,나주,0,20.6,0.0,,,,0.0,0.0,6.0,
ECMWF,2026-09-15 12:00,2026-09-22 09:00,156,나주,0,25.6,1.0,,,,92.0,0.0,6.0,
ECMWF,2026-09-15 12:00,2026-09-22 15:00,162,나주,0,31.9,19.0,,,,724.0,0.0,6.0,
ECMWF,2026-09-15 12:00,2026-09-22 21:00,168,나주,0,24.3,27.0,,,,158.0,0.0,6.0,
ECMWF,2026-09-15 12:00,2026-09-23 03:00,174,나주,0,20.7,31.0,,,,0.0,0.0,6.0,
ECMWF,2026-09-15 12:00,2026-09-23 09:00,180,나주,0,23.8,82.0,,,,51.0,0.0,6.0,
ECMWF,2026-09-15 12:00,2026-09-23 15:00,186,나주,0,25.8,100.0,,,,289.0,0.0,6.0,
ECMWF,2026-09-15 12:00,2026-09-23 21:00,192,나주,0,21.5,10.0,,,,50.0,0.0,6.0,
ECMWF,2026-09-15 12:00,2026-09-24 03:00,198,나주,0,18.6,21.0,,,,0.0,0.0,6.0,
ECMWF,2026-09-15 12:00,2026-09-24 09:00,204,나주,0,24.1,83.0,,,,88.0,0.0,6.0,
ECMWF,2026-09-15 12:00,2026-09-24 15:00,210,나주,0,30.5,97.0,,,,610.0,0.0,6.0,
ECMWF,2026-09-15 12:00,2026-09-24 21:00,216,나주,0,23.8,52.0,,,,106.0,0.0,6.0,
ECMWF,2026-09-15 12:00,2026-09-25 03:00,222,나주,0,22.0,45.0,,,,0.0,0.0,6.0,
ECMWF,2026-09-15 12:00,2026-09-25 09:00,228,나주,0,25.1,84.0,,,,62.0,0.0,6.0,
ECMWF,2026-09-15 12:00,2026-09-25 15:00,234,나주,0,30.1,94.0,,,,464.0,0.0,6.0,
ECMWF,2026-09-15 12:00,2026-09-25 21:00,240,나주,0,23.5,98.0,,,,108.0,0.0,6.0,
GFS,2026-09-15 18:00,2026-09-16 03:00,0,서울,1,17.3,0.0,0.0,0.0,0.0,,,,
GFS,2026-09-15 18:00,2026-09-16 06:00,3,서울,1,15.7,0.0,0.0,0.0,0.0,0.0,0.0,3.0,
GFS,2026-09-15 18:00,2026-09-16 09:00,6,서울,1,20.0,0.0,0.0,0.0,0.0,206.0,0.0,3.0,
GFS,2026-09-15 18:00,2026-09-16 12:00,9,서울,1,26.1,0.0,0.0,0.0,0.0,714.0,0.0,3.0,
GFS,2026-09-15 18:00,2026-09-16 15:00,12,서울,1,28.4,0.0,0.0,0.0,0.0,788.0,0.0,3.0,
GFS,2026-09-15 18:00,2026-09-16 18:00,15,서울,1,26.2,0.0,0.0,0.0,0.0,364.0,0.0,3.0,
GFS,2026-09-15 18:00,2026-09-16 21:00,18,서울,1,22.9,0.0,0.0,0.0,0.0,5.0,0.0,3.0,
GFS,2026-09-15 18:00,2026-09-17 00:00,21,서울,1,20.9,18.0,0.0,0.0,18.0,0.0,0.0,3.0,
GFS,2026-09-15 18:00,2026-09-17 03:00,24,서울,1,19.3,100.0,0.0,0.0,100.0,0.0,0.0,3.0,
GFS,2026-09-15 18:00,2026-09-17 06:00,27,서울,1,17.8,100.0,0.0,0.0,100.0,0.0,0.0,3.0,
GFS,2026-09-15 18:00,2026-09-17 09:00,30,서울,1,20.6,100.0,0.0,2.0,100.0,155.0,0.0,3.0,
GFS,2026-09-15 18:00,2026-09-17 12:00,33,서울,1,25.4,99.0,0.0,82.0,94.0,566.0,0.0,3.0,
GFS,2026-09-15 18:00,2026-09-17 15:00,36,서울,1,26.4,100.0,0.0,76.0,100.0,604.0,0.0,3.0,
GFS,2026-09-15 18:00,2026-09-17 18:00,39,서울,1,25.3,100.0,0.0,100.0,100.0,200.0,0.0,3.0,
GFS,2026-09-15 18:00,2026-09-17 21:00,42,서울,1,23.0,100.0,0.0,100.0,80.0,2.0,0.0,3.0,
GFS,2026-09-15 18:00,2026-09-18 00:00,45,서울,1,21.0,100.0,0.0,100.0,55.0,0.0,0.0,3.0,
GFS,2026-09-15 18:00,2026-09-18 03:00,48,서울,1,19.1,100.0,0.0,100.0,2.0,0.0,0.0,3.0,
GFS,2026-09-15 18:00,2026-09-18 06:00,51,서울,1,18.0,73.0,0.0,73.0,0.0,0.0,0.0,3.0,
GFS,2026-09-15 18:00,2026-09-18 09:00,54,서울,1,21.5,8.0,0.0,8.0,0.0,189.0,0.0,3.0,
GFS,2026-09-15 18:00,2026-09-18 12:00,57,서울,1,26.0,5.0,0.0,5.0,0.0,682.0,0.0,3.0,
GFS,2026-09-15 18:00,2026-09-18 15:00,60,서울,1,28.6,26.0,0.0,26.0,0.0,754.0,0.0,3.0,
GFS,2026-09-15 18:00,2026-09-18 18:00,63,서울,1,25.4,39.0,2.0,39.0,0.0,335.0,0.0,3.0,
GFS,2026-09-15 18:00,2026-09-18 21:00,66,서울,1,21.9,1.0,0.0,1.0,0.0,4.0,0.0,3.0,
GFS,2026-09-15 18:00,2026-09-19 00:00,69,서울,1,20.2,0.0,0.0,0.0,0.0,0.0,0.0,3.0,
GFS,2026-09-15 18:00,2026-09-19 03:00,72,서울,1,18.7,0.0,0.0,0.0,0.0,0.0,0.0,3.0,
GFS,2026-09-15 18:00,2026-09-19 06:00,75,서울,1,17.7,0.0,0.0,0.0,0.0,0.0,0.0,3.0,
GFS,2026-09-15 18:00,2026-09-19 09:00,78,서울,1,21.6,0.0,0.0,0.0,0.0,185.0,0.0,3.0,
GFS,2026-09-15 18:00,2026-09-19 12:00,81,서울,1,26.0,0.0,0.0,0.0,0.0,673.0,0.0,3.0,
GFS,2026-09-15 18:00,2026-09-19 15:00,84,서울,1,28.5,0.0,0.0,0.0,0.0,748.0,0.0,3.0,
GFS,2026-09-15 18:00,2026-09-19 18:00,87,서울,1,26.2,2.0,0.0,0.0,2.0,334.0,0.0,3.0,
GFS,2026-09-15 18:00,2026-09-19 21:00,90,서울,1,22.5,4.0,0.0,0.0,4.0,4.0,0.0,3.0,
GFS,2026-09-15 18:00,2026-09-20 00:00,93,서울,1,20.2,39.0,0.0,0.0,39.0,0.0,0.0,3.0,
GFS,2026-09-15 18:00,2026-09-20 03:00,96,서울,1,18.6,87.0,0.0,0.0,87.0,0.0,0.0,3.0,
GFS,2026-09-15 18:00,2026-09-20 06:00,99,서울,1,17.2,91.0,0.0,1.0,91.0,0.0,0.0,3.0,
GFS,2026-09-15 18:00,2026-09-20 09:00,102,서울,1,20.3,8.0,0.0,4.0,8.0,179.0,0.0,3.0,
GFS,2026-09-15 18:00,2026-09-20 12:00,105,서울,1,25.6,45.0,0.0,5.0,45.0,642.0,0.0,3.0,
GFS,2026-09-15 18:00,2026-09-20 15:00,108,서울,1,28.0,100.0,0.0,44.0,100.0,702.0,0.0,3.0,
GFS,2026-09-15 18:00,2026-09-20 18:00,111,서울,1,25.6,5.0,0.0,5.0,2.0,258.0,0.0,3.0,
GFS,2026-09-15 18:00,2026-09-20 21:00,114,서울,1,23.2,38.0,0.0,21.0,38.0,3.0,0.0,3.0,
GFS,2026-09-15 18:00,2026-09-21 00:00,117,서울,1,21.7,68.0,0.0,20.0,66.0,0.0,0.0,3.0,
GFS,2026-09-15 18:00,2026-09-21 03:00,120,서울,1,20.0,2.0,0.0,0.0,2.0,0.0,0.0,3.0,
GFS,2026-09-15 18:00,2026-09-21 09:00,126,서울,1,21.7,0.0,0.0,0.0,0.0,92.0,0.0,6.0,
GFS,2026-09-15 18:00,2026-09-21 21:00,138,서울,1,24.3,32.0,0.0,4.0,29.0,160.0,0.0,6.0,
GFS,2026-09-15 18:00,2026-09-22 09:00,150,서울,1,22.5,98.0,0.0,50.0,97.0,71.0,0.0,6.0,
GFS,2026-09-15 18:00,2026-09-22 21:00,162,서울,1,23.6,100.0,0.0,99.0,87.0,120.0,0.0,6.0,
GFS,2026-09-15 18:00,2026-09-23 09:00,174,서울,1,20.5,100.0,100.0,100.0,51.0,5.0,1.0,6.0,
GFS,2026-09-15 18:00,2026-09-23 21:00,186,서울,1,21.0,0.0,0.0,0.0,0.0,152.0,0.0,6.0,
GFS,2026-09-15 18:00,2026-09-24 09:00,198,서울,1,21.7,100.0,0.0,34.0,100.0,75.0,0.0,6.0,
GFS,2026-09-15 18:00,2026-09-24 21:00,210,서울,1,24.3,0.0,0.0,0.0,0.0,135.0,0.0,6.0,
GFS,2026-09-15 18:00,2026-09-25 09:00,222,서울,1,22.8,100.0,0.0,100.0,95.0,62.0,0.0,6.0,
GFS,2026-09-15 18:00,2026-09-25 21:00,234,서울,1,20.4,100.0,100.0,100.0,100.0,15.0,0.8,6.0,
GFS,2026-09-15 18:00,2026-09-16 03:00,0,대전,1,14.4,72.0,8.0,0.0,72.0,,,,
GFS,2026-09-15 18:00,2026-09-16 06:00,3,대전,1,13.9,33.0,0.0,0.0,33.0,0.0,0.0,3.0,
GFS,2026-09-15 18:00,2026-09-16 09:00,6,대전,1,20.5,0.0,0.0,0.0,0.0,195.0,0.0,3.0,
GFS,2026-09-15 18:00,2026-09-16 12:00,9,대전,1,26.3,0.0,0.0,0.0,0.0,696.0,0.0,3.0,
GFS,2026-09-15 18:00,2026-09-16 15:00,12,대전,1,27.3,1.0,1.0,0.0,0.0,777.0,0.0,3.0,
GFS,2026-09-15 18:00,2026-09-16 18:00,15,대전,1,22.5,9.0,9.0,0.0,0.0,350.0,0.0,3.0,
GFS,2026-09-15 18:00,2026-09-16 21:00,18,대전,1,20.0,8.0,0.0,0.0,8.0,5.0,0.0,3.0,
GFS,2026-09-15 18:00,2026-09-17 00:00,21,대전,1,17.8,99.0,0.0,0.0,99.0,0.0,0.0,3.0,
GFS,2026-09-15 18:00,2026-09-17 03:00,24,대전,1,16.3,60.0,0.0,0.0,60.0,0.0,0.0,3.0,
GFS,2026-09-15 18:00,2026-09-17 06:00,27,대전,1,15.9,99.0,1.0,47.0,99.0,0.0,0.0,3.0,
GFS,2026-09-15 18:00,2026-09-17 09:00,30,대전,1,20.2,91.0,1.0,38.0,91.0,147.0,0.0,3.0,
GFS,2026-09-15 18:00,2026-09-17 12:00,33,대전,1,23.7,100.0,3.0,50.0,99.0,486.0,0.0,3.0,
GFS,2026-09-15 18:00,2026-09-17 15:00,36,대전,1,25.1,99.0,0.0,99.0,82.0,473.0,0.0,3.0,
GFS,2026-09-15 18:00,2026-09-17 18:00,39,대전,1,21.7,100.0,0.0,100.0,100.0,163.0,0.0,3.0,
GFS,2026-09-15 18:00,2026-09-17 21:00,42,대전,1,20.0,100.0,0.0,95.0,100.0,2.0,0.0,3.0,
GFS,2026-09-15 18:00,2026-09-18 00:00,45,대전,1,19.1,100.0,0.0,100.0,41.0,0.0,0.0,3.0,
GFS,2026-09-15 18:00,2026-09-18 03:00,48,대전,1,18.8,95.0,0.0,95.0,29.0,0.0,0.0,3.0,
GFS,2026-09-15 18:00,2026-09-18 06:00,51,대전,1,18.4,78.0,0.0,74.0,34.0,0.0,0.0,3.0,
GFS,2026-09-15 18:00,2026-09-18 09:00,54,대전,1,21.7,46.0,1.0,22.0,36.0,158.0,0.0,3.0,
GFS,2026-09-15 18:00,2026-09-18 12:00,57,대전,1,25.8,15.0,15.0,5.0,0.0,671.0,0.0,3.0,
GFS,2026-09-15 18:00,2026-09-18 15:00,60,대전,1,26.8,60.0,49.0,46.0,0.0,735.0,0.0,3.0,
GFS,2026-09-15 18:00,2026-09-18 18:00,63,대전,1,22.6,45.0,10.0,37.0,0.0,320.0,0.0,3.0,
GFS,2026-09-15 18:00,2026-09-18 21:00,66,대전,1,19.6,5.0,0.0,4.0,3.0,4.0,0.0,3.0,
GFS,2026-09-15 18:00,2026-09-19 00:00,69,대전,1,18.6,0.0,0.0,0.0,0.0,0.0,0.0,3.0,
GFS,2026-09-15 18:00,2026-09-19 03:00,72,대전,1,17.9,0.0,0.0,0.0,0.0,0.0,0.0,3.0,
GFS,2026-09-15 18:00,2026-09-19 06:00,75,대전,1,17.2,0.0,0.0,0.0,0.0,0.0,0.0,3.0,
GFS,2026-09-15 18:00,2026-09-19 09:00,78,대전,1,21.0,0.0,0.0,0.0,0.0,185.0,0.0,3.0,
GFS,2026-09-15 18:00,2026-09-19 12:00,81,대전,1,25.2,0.0,0.0,0.0,0.0,680.0,0.0,3.0,
GFS,2026-09-15 18:00,2026-09-19 15:00,84,대전,1,26.8,5.0,5.0,0.0,0.0,759.0,0.0,3.0,
GFS,2026-09-15 18:00,2026-09-19 18:00,87,대전,1,22.1,5.0,0.0,0.0,4.0,336.0,0.0,3.0,
GFS,2026-09-15 18:00,2026-09-19 21:00,90,대전,1,19.1,0.0,0.0,0.0,0.0,3.0,0.0,3.0,
GFS,2026-09-15 18:00,2026-09-20 00:00,93,대전,1,16.7,10.0,0.0,0.0,10.0,0.0,0.0,3.0,
GFS,2026-09-15 18:00,2026-09-20 03:00,96,대전,1,15.1,46.0,0.0,0.0,46.0,0.0,0.0,3.0,
GFS,2026-09-15 18:00,2026-09-20 06:00,99,대전,1,13.7,6.0,0.0,0.0,6.0,0.0,0.0,3.0,
GFS,2026-09-15 18:00,2026-09-20 09:00,102,대전,1,19.5,28.0,0.0,0.0,28.0,190.0,0.0,3.0,
GFS,2026-09-15 18:00,2026-09-20 12:00,105,대전,1,25.0,18.0,0.0,0.0,18.0,693.0,0.0,3.0,
GFS,2026-09-15 18:00,2026-09-20 15:00,108,대전,1,26.1,30.0,0.0,0.0,30.0,765.0,0.0,3.0,
GFS,2026-09-15 18:00,2026-09-20 18:00,111,대전,1,20.4,3.0,0.0,0.0,3.0,333.0,0.0,3.0,
GFS,2026-09-15 18:00,2026-09-20 21:00,114,대전,1,16.8,3.0,0.0,3.0,0.0,3.0,0.0,3.0,
GFS,2026-09-15 18:00,2026-09-21 00:00,117,대전,1,15.7,5.0,0.0,5.0,0.0,0.0,0.0,3.0,
GFS,2026-09-15 18:00,2026-09-21 03:00,120,대전,1,14.9,3.0,0.0,3.0,1.0,0.0,0.0,3.0,
GFS,2026-09-15 18:00,2026-09-21 09:00,126,대전,1,20.7,0.0,0.0,0.0,0.0,93.0,0.0,6.0,
GFS,2026-09-15 18:00,2026-09-21 21:00,138,대전,1,18.2,4.0,0.0,0.0,4.0,164.0,0.0,6.0,
GFS,2026-09-15 18:00,2026-09-22 09:00,150,대전,1,21.1,10.0,0.0,5.0,10.0,90.0,0.0,6.0,
GFS,2026-09-15 18:00,2026-09-22 21:00,162,대전,1,18.4,53.0,0.0,51.0,24.0,144.0,0.0,6.0,
GFS,2026-09-15 18:00,2026-09-23 09:00,174,대전,1,19.2,95.0,71.0,80.0,18.0,12.0,0.0,6.0,
GFS,2026-09-15 18:00,2026-09-23 21:00,186,대전,1,17.3,11.0,1.0,0.0,11.0,44.0,0.0,6.0,
GFS,2026-09-15 18:00,2026-09-24 09:00,198,대전,1,21.0,87.0,0.0,4.0,87.0,88.0,0.0,6.0,
GFS,2026-09-15 18:00,2026-09-24 21:00,210,대전,1,18.7,9.0,0.0,5.0,5.0,115.0,0.0,6.0,
GFS,2026-09-15 18:00,2026-09-25 09:00,222,대전,1,21.5,91.0,0.0,60.0,91.0,75.0,0.0,6.0,
GFS,2026-09-15 18:00,2026-09-25 21:00,234,대전,1,19.5,100.0,99.0,100.0,91.0,11.0,0.4,6.0,
GFS,2026-09-15 18:00,2026-09-16 03:00,0,대구,1,16.6,100.0,3.0,15.0,100.0,,,,
GFS,2026-09-15 18:00,2026-09-16 06:00,3,대구,1,16.1,100.0,27.0,0.0,100.0,0.0,0.0,3.0,
GFS,2026-09-15 18:00,2026-09-16 09:00,6,대구,1,20.6,89.0,3.0,0.0,89.0,170.0,0.1,3.0,
GFS,2026-09-15 18:00,2026-09-16 12:00,9,대구,1,24.8,1.0,1.0,0.0,0.0,664.0,0.1,3.0,
GFS,2026-09-15 18:00,2026-09-16 15:00,12,대구,1,24.7,8.0,8.0,0.0,0.0,767.0,0.0,3.0,
GFS,2026-09-15 18:00,2026-09-16 18:00,15,대구,1,19.0,0.0,0.0,0.0,0.0,329.0,0.0,3.0,
GFS,2026-09-15 18:00,2026-09-16 21:00,18,대구,1,14.7,1.0,0.0,0.0,1.0,3.0,0.0,3.0,
GFS,2026-09-15 18:00,2026-09-17 00:00,21,대구,1,14.5,74.0,0.0,0.0,74.0,0.0,0.0,3.0,
GFS,2026-09-15 18:00,2026-09-17 03:00,24,대구,1,14.2,73.0,8.0,0.0,70.0,0.0,0.0,3.0,
GFS,2026-09-15 18:00,2026-09-17 06:00,27,대구,1,15.5,99.0,26.0,64.0,98.0,0.0,0.0,3.0,
GFS,2026-09-15 18:00,2026-09-17 09:00,30,대구,1,20.9,100.0,6.0,49.0,100.0,158.0,0.0,3.0,
GFS,2026-09-15 18:00,2026-09-17 12:00,33,대구,1,23.9,100.0,0.0,42.0,100.0,639.0,0.0,3.0,
GFS,2026-09-15 18:00,2026-09-17 15:00,36,대구,1,23.2,99.0,0.0,98.0,98.0,545.0,0.0,3.0,
GFS,2026-09-15 18:00,2026-09-17 18:00,39,대구,1,19.7,100.0,2.0,100.0,96.0,244.0,0.0,3.0,
GFS,2026-09-15 18:00,2026-09-17 21:00,42,대구,1,18.2,100.0,2.0,98.0,97.0,2.0,0.0,3.0,
GFS,2026-09-15 18:00,2026-09-18 00:00,45,대구,1,17.4,100.0,48.0,98.0,52.0,0.0,0.0,3.0,
GFS,2026-09-15 18:00,2026-09-18 03:00,48,대구,1,17.5,100.0,5.0,99.0,100.0,0.0,0.1,3.0,
GFS,2026-09-15 18:00,2026-09-18 06:00,51,대구,1,17.6,100.0,20.0,99.0,82.0,0.0,0.1,3.0,
GFS,2026-09-15 18:00,2026-09-18 09:00,54,대구,1,21.2,98.0,17.0,97.0,85.0,126.0,0.0,3.0,
GFS,2026-09-15 18:00,2026-09-18 12:00,57,대구,1,23.2,67.0,17.0,65.0,65.0,453.0,0.1,3.0,
GFS,2026-09-15 18:00,2026-09-18 15:00,60,대구,1,23.0,62.0,19.0,59.0,46.0,662.0,0.0,3.0,
GFS,2026-09-15 18:00,2026-09-18 18:00,63,대구,1,19.6,41.0,6.0,39.0,0.0,278.0,0.1,3.0,
GFS,2026-09-15 18:00,2026-09-18 21:00,66,대구,1,16.3,21.0,18.0,5.0,2.0,2.0,0.0,3.0,
GFS,2026-09-15 18:00,2026-09-19 00:00,69,대구,1,15.6,25.0,23.0,4.0,0.0,0.0,0.0,3.0,
GFS,2026-09-15 18:00,2026-09-19 03:00,72,대구,1,14.9,23.0,23.0,0.0,0.0,0.0,0.0,3.0,
GFS,2026-09-15 18:00,2026-09-19 06:00,75,대구,1,14.7,20.0,20.0,0.0,0.0,0.0,0.0,3.0,
GFS,2026-09-15 18:00,2026-09-19 09:00,78,대구,1,20.7,31.0,31.0,0.0,0.0,196.0,0.0,3.0,
GFS,2026-09-15 18:00,2026-09-19 12:00,81,대구,1,24.4,5.0,5.0,0.0,0.0,649.0,0.0,3.0,
GFS,2026-09-15 18:00,2026-09-19 15:00,84,대구,1,24.3,0.0,0.0,0.0,0.0,750.0,0.0,3.0,
GFS,2026-09-15 18:00,2026-09-19 18:00,87,대구,1,18.8,0.0,0.0,0.0,0.0,316.0,0.0,3.0,
GFS,2026-09-15 18:00,2026-09-19 21:00,90,대구,1,14.7,3.0,3.0,0.0,0.0,2.0,0.0,3.0,
GFS,2026-09-15 18:00,2026-09-20 00:00,93,대구,1,14.0,12.0,5.0,0.0,7.0,0.0,0.0,3.0,
GFS,2026-09-15 18:00,2026-09-20 03:00,96,대구,1,13.5,6.0,4.0,0.0,2.0,0.0,0.0,3.0,
GFS,2026-09-15 18:00,2026-09-20 06:00,99,대구,1,12.7,4.0,1.0,0.0,3.0,0.0,0.0,3.0,
GFS,2026-09-15 18:00,2026-09-20 09:00,102,대구,1,19.2,15.0,13.0,0.0,3.0,204.0,0.0,3.0,
GFS,2026-09-15 18:00,2026-09-20 12:00,105,대구,1,24.3,0.0,0.0,0.0,0.0,698.0,0.0,3.0,
GFS,2026-09-15 18:00,2026-09-20 15:00,108,대구,1,25.7,2.0,1.0,0.0,1.0,754.0,0.0,3.0,
GFS,2026-09-15 18:00,2026-09-20 18:00,111,대구,1,19.8,3.0,0.0,0.0,3.0,310.0,0.0,3.0,
GFS,2026-09-15 18:00,2026-09-20 21:00,114,대구,1,15.7,0.0,0.0,0.0,0.0,2.0,0.0,3.0,
GFS,2026-09-15 18:00,2026-09-21 00:00,117,대구,1,14.6,2.0,0.0,2.0,0.0,0.0,0.0,3.0,
GFS,2026-09-15 18:00,2026-09-21 03:00,120,대구,1,13.9,4.0,0.0,4.0,0.0,0.0,0.0,3.0,
GFS,2026-09-15 18:00,2026-09-21 09:00,126,대구,1,19.7,0.0,0.0,0.0,0.0,100.0,0.0,6.0,
GFS,2026-09-15 18:00,2026-09-21 21:00,138,대구,1,14.8,3.0,3.0,0.0,0.0,154.0,0.0,6.0,
GFS,2026-09-15 18:00,2026-09-22 09:00,150,대구,1,20.1,5.0,0.0,0.0,5.0,100.0,0.0,6.0,
GFS,2026-09-15 18:00,2026-09-22 21:00,162,대구,1,15.4,13.0,0.0,2.0,13.0,152.0,0.0,6.0,
GFS,2026-09-15 18:00,2026-09-23 09:00,174,대구,1,19.6,90.0,48.0,88.0,2.0,66.0,0.0,6.0,
GFS,2026-09-15 18:00,2026-09-23 21:00,186,대구,1,17.8,77.0,5.0,0.0,75.0,72.0,0.0,6.0,
GFS,2026-09-15 18:00,2026-09-24 09:00,198,대구,1,20.7,41.0,1.0,0.0,41.0,97.0,0.0,6.0,
GFS,2026-09-15 18:00,2026-09-24 21:00,210,대구,1,19.0,79.0,0.0,74.0,32.0,62.0,0.0,6.0,
GFS,2026-09-15 18:00,2026-09-25 09:00,222,대구,1,20.9,100.0,21.0,5.0,100.0,77.0,0.0,6.0,
GFS,2026-09-15 18:00,2026-09-25 21:00,234,대구,1,18.6,100.0,83.0,100.0,100.0,31.0,0.3,6.0,
GFS,2026-09-15 18:00,2026-09-16 03:00,0,광주,1,16.1,100.0,7.0,1.0,100.0,,,,
GFS,2026-09-15 18:00,2026-09-16 06:00,3,광주,1,15.5,75.0,0.0,0.0,75.0,0.0,0.0,3.0,
GFS,2026-09-15 18:00,2026-09-16 09:00,6,광주,1,21.7,0.0,0.0,0.0,0.0,185.0,0.0,3.0,
GFS,2026-09-15 18:00,2026-09-16 12:00,9,광주,1,27.2,20.0,20.0,0.0,0.0,700.0,0.0,3.0,
GFS,2026-09-15 18:00,2026-09-16 15:00,12,광주,1,27.8,33.0,33.0,0.0,0.0,782.0,0.0,3.0,
GFS,2026-09-15 18:00,2026-09-16 18:00,15,광주,1,22.4,80.0,59.0,0.0,41.0,329.0,0.1,3.0,
GFS,2026-09-15 18:00,2026-09-16 21:00,18,광주,1,20.3,94.0,42.0,0.0,89.0,3.0,0.2,3.0,
GFS,2026-09-15 18:00,2026-09-17 00:00,21,광주,1,17.5,100.0,0.0,1.0,100.0,0.0,0.0,3.0,
GFS,2026-09-15 18:00,2026-09-17 03:00,24,광주,1,17.0,99.0,0.0,98.0,88.0,0.0,0.0,3.0,
GFS,2026-09-15 18:00,2026-09-17 06:00,27,광주,1,14.2,96.0,0.0,92.0,69.0,0.0,0.0,3.0,
GFS,2026-09-15 18:00,2026-09-17 09:00,30,광주,1,19.7,98.0,0.0,67.0,81.0,173.0,0.0,3.0,
GFS,2026-09-15 18:00,2026-09-17 12:00,33,광주,1,24.7,100.0,0.0,99.0,77.0,607.0,0.0,3.0,
GFS,2026-09-15 18:00,2026-09-17 15:00,36,광주,1,25.6,100.0,1.0,100.0,99.0,676.0,0.0,3.0,
GFS,2026-09-15 18:00,2026-09-17 18:00,39,광주,1,22.2,100.0,3.0,98.0,78.0,234.0,0.0,3.0,
GFS,2026-09-15 18:00,2026-09-17 21:00,42,광주,1,18.1,97.0,0.0,90.0,74.0,4.0,0.0,3.0,
GFS,2026-09-15 18:00,2026-09-18 00:00,45,광주,1,17.6,97.0,0.0,94.0,75.0,0.0,0.0,3.0,
GFS,2026-09-15 18:00,2026-09-18 03:00,48,광주,1,16.5,100.0,0.0,100.0,99.0,0.0,0.0,3.0,
GFS,2026-09-15 18:00,2026-09-18 06:00,51,광주,1,16.6,100.0,5.0,100.0,100.0,0.0,0.0,3.0,
GFS,2026-09-15 18:00,2026-09-18 09:00,54,광주,1,20.5,86.0,9.0,83.0,69.0,119.0,0.0,3.0,
GFS,2026-09-15 18:00,2026-09-18 12:00,57,광주,1,26.0,75.0,62.0,52.0,0.0,646.0,0.0,3.0,
GFS,2026-09-15 18:00,2026-09-18 15:00,60,광주,1,24.3,93.0,90.0,40.0,0.0,305.0,0.0,3.0,
GFS,2026-09-15 18:00,2026-09-18 18:00,63,광주,1,22.0,83.0,67.0,42.0,0.0,86.0,0.0,3.0,
GFS,2026-09-15 18:00,2026-09-18 21:00,66,광주,1,18.6,20.0,19.0,4.0,0.0,3.0,0.0,3.0,
GFS,2026-09-15 18:00,2026-09-19 00:00,69,광주,1,17.5,15.0,15.0,0.0,0.0,0.0,0.0,3.0,
GFS,2026-09-15 18:00,2026-09-19 03:00,72,광주,1,16.6,6.0,6.0,0.0,0.0,0.0,0.0,3.0,
GFS,2026-09-15 18:00,2026-09-19 06:00,75,광주,1,16.6,28.0,28.0,0.0,0.0,0.0,0.0,3.0,
GFS,2026-09-15 18:00,2026-09-19 09:00,78,광주,1,21.3,12.0,12.0,0.0,0.0,164.0,0.0,3.0,
GFS,2026-09-15 18:00,2026-09-19 12:00,81,광주,1,26.7,8.0,8.0,0.0,0.0,671.0,0.0,3.0,
GFS,2026-09-15 18:00,2026-09-19 15:00,84,광주,1,26.7,81.0,81.0,0.0,0.0,654.0,0.0,3.0,
GFS,2026-09-15 18:00,2026-09-19 18:00,87,광주,1,22.6,74.0,74.0,0.0,1.0,163.0,0.1,3.0,
GFS,2026-09-15 18:00,2026-09-19 21:00,90,광주,1,20.5,64.0,42.0,0.0,29.0,2.0,0.1,3.0,
GFS,2026-09-15 18:00,2026-09-20 00:00,93,광주,1,18.0,34.0,3.0,0.0,32.0,0.0,0.0,3.0,
GFS,2026-09-15 18:00,2026-09-20 03:00,96,광주,1,16.7,5.0,0.0,0.0,5.0,0.0,0.0,3.0,
GFS,2026-09-15 18:00,2026-09-20 06:00,99,광주,1,15.7,5.0,0.0,0.0,5.0,0.0,0.0,3.0,
GFS,2026-09-15 18:00,2026-09-20 09:00,102,광주,1,21.1,5.0,0.0,0.0,5.0,185.0,0.0,3.0,
GFS,2026-09-15 18:00,2026-09-20 12:00,105,광주,1,25.8,0.0,0.0,0.0,0.0,690.0,0.0,3.0,
GFS,2026-09-15 18:00,2026-09-20 15:00,108,광주,1,26.7,1.0,1.0,0.0,0.0,766.0,0.0,3.0,
GFS,2026-09-15 18:00,2026-09-20 18:00,111,광주,1,20.7,4.0,0.0,0.0,4.0,341.0,0.0,3.0,
GFS,2026-09-15 18:00,2026-09-20 21:00,114,광주,1,16.6,0.0,0.0,0.0,0.0,3.0,0.0,3.0,
GFS,2026-09-15 18:00,2026-09-21 00:00,117,광주,1,15.3,4.0,0.0,4.0,0.0,0.0,0.0,3.0,
GFS,2026-09-15 18:00,2026-09-21 03:00,120,광주,1,14.6,4.0,0.0,4.0,0.0,0.0,0.0,3.0,
GFS,2026-09-15 18:00,2026-09-21 09:00,126,광주,1,20.6,0.0,0.0,0.0,0.0,92.0,0.0,6.0,
GFS,2026-09-15 18:00,2026-09-21 21:00,138,광주,1,17.9,0.0,0.0,0.0,0.0,169.0,0.0,6.0,
GFS,2026-09-15 18:00,2026-09-22 09:00,150,광주,1,21.6,10.0,0.0,2.0,10.0,90.0,0.0,6.0,
GFS,2026-09-15 18:00,2026-09-22 21:00,162,광주,1,18.5,18.0,16.0,5.0,1.0,152.0,0.2,6.0,
GFS,2026-09-15 18:00,2026-09-23 09:00,174,광주,1,19.2,98.0,81.0,96.0,40.0,24.0,0.0,6.0,
GFS,2026-09-15 18:00,2026-09-23 21:00,186,광주,1,18.1,76.0,0.0,0.0,76.0,52.0,0.0,6.0,
GFS,2026-09-15 18:00,2026-09-24 09:00,198,광주,1,21.4,45.0,0.0,26.0,35.0,90.0,0.0,6.0,
GFS,2026-09-15 18:00,2026-09-24 21:00,210,광주,1,18.7,27.0,0.0,27.0,0.0,117.0,0.0,6.0,
GFS,2026-09-15 18:00,2026-09-25 09:00,222,광주,1,22.5,95.0,22.0,17.0,92.0,66.0,0.0,6.0,
GFS,2026-09-15 18:00,2026-09-25 21:00,234,광주,1,20.0,100.0,23.0,97.0,100.0,18.0,0.2,6.0,
GFS,2026-09-15 18:00,2026-09-16 03:00,0,부산,1,22.8,98.0,1.0,93.0,96.0,,,,
GFS,2026-09-15 18:00,2026-09-16 06:00,3,부산,1,23.0,100.0,0.0,98.0,100.0,0.0,0.1,3.0,
GFS,2026-09-15 18:00,2026-09-16 09:00,6,부산,1,23.7,98.0,0.0,89.0,96.0,116.0,0.0,3.0,
GFS,2026-09-15 18:00,2026-09-16 12:00,9,부산,1,24.5,46.0,0.0,20.0,39.0,603.0,0.0,3.0,
GFS,2026-09-15 18:00,2026-09-16 15:00,12,부산,1,24.3,1.0,1.0,0.0,0.0,778.0,0.0,3.0,
GFS,2026-09-15 18:00,2026-09-16 18:00,15,부산,1,24.0,0.0,0.0,0.0,0.0,347.0,0.0,3.0,
GFS,2026-09-15 18:00,2026-09-16 21:00,18,부산,1,23.5,28.0,0.0,0.0,28.0,3.0,0.0,3.0,
GFS,2026-09-15 18:00,2026-09-17 00:00,21,부산,1,23.0,51.0,5.0,0.0,51.0,0.0,0.0,3.0,
GFS,2026-09-15 18:00,2026-09-17 03:00,24,부산,1,22.5,100.0,14.0,54.0,100.0,0.0,0.0,3.0,
GFS,2026-09-15 18:00,2026-09-17 06:00,27,부산,1,22.7,97.0,2.0,97.0,2.0,0.0,0.0,3.0,
GFS,2026-09-15 18:00,2026-09-17 09:00,30,부산,1,24.0,91.0,32.0,37.0,76.0,197.0,0.0,3.0,
GFS,2026-09-15 18:00,2026-09-17 12:00,33,부산,1,24.3,52.0,0.0,27.0,51.0,623.0,0.0,3.0,
GFS,2026-09-15 18:00,2026-09-17 15:00,36,부산,1,24.2,100.0,0.0,90.0,99.0,732.0,0.0,3.0,
GFS,2026-09-15 18:00,2026-09-17 18:00,39,부산,1,24.0,100.0,0.0,100.0,34.0,273.0,0.0,3.0,
GFS,2026-09-15 18:00,2026-09-17 21:00,42,부산,1,23.8,100.0,7.0,100.0,4.0,2.0,0.0,3.0,
GFS,2026-09-15 18:00,2026-09-18 00:00,45,부산,1,23.9,100.0,1.0,95.0,100.0,0.0,0.0,3.0,
GFS,2026-09-15 18:00,2026-09-18 03:00,48,부산,1,23.8,100.0,15.0,98.0,100.0,0.0,0.0,3.0,
GFS,2026-09-15 18:00,2026-09-18 06:00,51,부산,1,23.7,100.0,49.0,100.0,100.0,0.0,0.0,3.0,
GFS,2026-09-15 18:00,2026-09-18 09:00,54,부산,1,24.0,100.0,68.0,99.0,100.0,58.0,0.1,3.0,
GFS,2026-09-15 18:00,2026-09-18 12:00,57,부산,1,23.5,100.0,94.0,100.0,100.0,143.0,1.2,3.0,
GFS,2026-09-15 18:00,2026-09-18 15:00,60,부산,1,23.7,100.0,73.0,100.0,63.0,125.0,0.9,3.0,
GFS,2026-09-15 18:00,2026-09-18 18:00,63,부산,1,23.8,99.0,59.0,95.0,0.0,30.0,0.7,3.0,
GFS,2026-09-15 18:00,2026-09-18 21:00,66,부산,1,23.5,58.0,30.0,50.0,1.0,0.0,0.8,3.0,
GFS,2026-09-15 18:00,2026-09-19 00:00,69,부산,1,22.9,50.0,24.0,39.0,1.0,0.0,1.0,3.0,
GFS,2026-09-15 18:00,2026-09-19 03:00,72,부산,1,22.3,30.0,30.0,1.0,1.0,0.0,0.1,3.0,
GFS,2026-09-15 18:00,2026-09-19 06:00,75,부산,1,22.4,31.0,30.0,0.0,1.0,0.0,0.0,3.0,
GFS,2026-09-15 18:00,2026-09-19 09:00,78,부산,1,23.6,51.0,51.0,0.0,0.0,204.0,0.0,3.0,
GFS,2026-09-15 18:00,2026-09-19 12:00,81,부산,1,24.5,38.0,38.0,0.0,0.0,675.0,0.0,3.0,
GFS,2026-09-15 18:00,2026-09-19 15:00,84,부산,1,24.4,10.0,10.0,0.0,0.0,746.0,0.0,3.0,
GFS,2026-09-15 18:00,2026-09-19 18:00,87,부산,1,23.9,1.0,1.0,0.0,0.0,319.0,0.0,3.0,
GFS,2026-09-15 18:00,2026-09-19 21:00,90,부산,1,22.8,0.0,0.0,0.0,0.0,2.0,0.0,3.0,
GFS,2026-09-15 18:00,2026-09-20 00:00,93,부산,1,21.9,28.0,28.0,0.0,0.0,0.0,0.0,3.0,
GFS,2026-09-15 18:00,2026-09-20 03:00,96,부산,1,21.0,5.0,5.0,0.0,0.0,0.0,0.0,3.0,
GFS,2026-09-15 18:00,2026-09-20 06:00,99,부산,1,20.8,19.0,18.0,0.0,1.0,0.0,0.0,3.0,
GFS,2026-09-15 18:00,2026-09-20 09:00,102,부산,1,22.3,31.0,30.0,0.0,1.0,216.0,0.0,3.0,
GFS,2026-09-15 18:00,2026-09-20 12:00,105,부산,1,24.5,13.0,13.0,0.0,1.0,715.0,0.0,3.0,
GFS,2026-09-15 18:00,2026-09-20 15:00,108,부산,1,25.1,0.0,0.0,0.0,0.0,766.0,0.0,3.0,
GFS,2026-09-15 18:00,2026-09-20 18:00,111,부산,1,24.6,0.0,0.0,0.0,0.0,320.0,0.0,3.0,
GFS,2026-09-15 18:00,2026-09-20 21:00,114,부산,1,22.7,2.0,2.0,0.0,0.0,2.0,0.0,3.0,
GFS,2026-09-15 18:00,2026-09-21 00:00,117,부산,1,21.6,2.0,2.0,0.0,0.0,0.0,0.0,3.0,
GFS,2026-09-15 18:00,2026-09-21 03:00,120,부산,1,21.0,0.0,0.0,0.0,0.0,0.0,0.0,3.0,
GFS,2026-09-15 18:00,2026-09-21 09:00,126,부산,1,21.6,0.0,0.0,0.0,0.0,106.0,0.0,6.0,
GFS,2026-09-15 18:00,2026-09-21 21:00,138,부산,1,22.5,0.0,0.0,0.0,0.0,159.0,0.0,6.0,
GFS,2026-09-15 18:00,2026-09-22 09:00,150,부산,1,22.6,6.0,0.0,0.0,6.0,104.0,0.0,6.0,
GFS,2026-09-15 18:00,2026-09-22 21:00,162,부산,1,23.0,2.0,0.0,0.0,2.0,157.0,0.0,6.0,
GFS,2026-09-15 18:00,2026-09-23 09:00,174,부산,1,21.7,67.0,0.0,18.0,66.0,100.0,0.0,6.0,
GFS,2026-09-15 18:00,2026-09-23 21:00,186,부산,1,23.9,88.0,0.0,52.0,88.0,89.0,0.0,6.0,
GFS,2026-09-15 18:00,2026-09-24 09:00,198,부산,1,22.4,81.0,0.0,38.0,81.0,69.0,0.0,6.0,
GFS,2026-09-15 18:00,2026-09-24 21:00,210,부산,1,24.2,95.0,0.0,95.0,18.0,120.0,0.0,6.0,
GFS,2026-09-15 18:00,2026-09-25 09:00,222,부산,1,23.2,85.0,2.0,28.0,80.0,96.0,0.0,6.0,
GFS,2026-09-15 18:00,2026-09-25 21:00,234,부산,1,23.9,100.0,37.0,100.0,100.0,101.0,0.0,6.0,
GFS,2026-09-15 18:00,2026-09-16 03:00,0,인천,0,18.8,0.0,0.0,0.0,0.0,,,,
GFS,2026-09-15 18:00,2026-09-16 06:00,3,인천,0,17.5,0.0,0.0,0.0,0.0,0.0,0.0,3.0,
GFS,2026-09-15 18:00,2026-09-16 09:00,6,인천,0,20.8,0.0,0.0,0.0,0.0,205.0,0.0,3.0,
GFS,2026-09-15 18:00,2026-09-16 12:00,9,인천,0,26.4,0.0,0.0,0.0,0.0,716.0,0.0,3.0,
GFS,2026-09-15 18:00,2026-09-16 15:00,12,인천,0,28.2,0.0,0.0,0.0,0.0,792.0,0.0,3.0,
GFS,2026-09-15 18:00,2026-09-16 18:00,15,인천,0,25.7,0.0,0.0,0.0,0.0,365.0,0.0,3.0,
GFS,2026-09-15 18:00,2026-09-16 21:00,18,인천,0,23.5,0.0,0.0,0.0,0.0,6.0,0.0,3.0,
GFS,2026-09-15 18:00,2026-09-17 00:00,21,인천,0,22.3,20.0,0.0,0.0,20.0,0.0,0.0,3.0,
GFS,2026-09-15 18:00,2026-09-17 03:00,24,인천,0,20.9,100.0,0.0,0.0,100.0,0.0,0.0,3.0,
GFS,2026-09-15 18:00,2026-09-17 06:00,27,인천,0,19.7,100.0,0.0,0.0,100.0,0.0,0.0,3.0,
GFS,2026-09-15 18:00,2026-09-17 09:00,30,인천,0,21.6,100.0,0.0,6.0,100.0,150.0,0.0,3.0,
GFS,2026-09-15 18:00,2026-09-17 12:00,33,인천,0,25.8,88.0,0.0,71.0,69.0,546.0,0.0,3.0,
GFS,2026-09-15 18:00,2026-09-17 15:00,36,인천,0,26.7,100.0,0.0,92.0,100.0,585.0,0.0,3.0,
GFS,2026-09-15 18:00,2026-09-17 18:00,39,인천,0,25.8,100.0,0.0,100.0,100.0,211.0,0.0,3.0,
GFS,2026-09-15 18:00,2026-09-17 21:00,42,인천,0,24.2,100.0,0.0,99.0,71.0,2.0,0.0,3.0,
GFS,2026-09-15 18:00,2026-09-18 00:00,45,인천,0,22.4,98.0,0.0,96.0,68.0,0.0,0.0,3.0,
GFS,2026-09-15 18:00,2026-09-18 03:00,48,인천,0,21.0,99.0,0.0,99.0,5.0,0.0,0.0,3.0,
GFS,2026-09-15 18:00,2026-09-18 06:00,51,인천,0,19.7,28.0,0.0,28.0,0.0,0.0,0.0,3.0,
GFS,2026-09-15 18:00,2026-09-18 09:00,54,인천,0,22.3,16.0,0.0,16.0,0.0,186.0,0.0,3.0,
GFS,2026-09-15 18:00,2026-09-18 12:00,57,인천,0,26.3,5.0,0.0,5.0,0.0,679.0,0.0,3.0,
GFS,2026-09-15 18:00,2026-09-18 15:00,60,인천,0,28.8,18.0,0.0,18.0,0.0,757.0,0.0,3.0,
GFS,2026-09-15 18:00,2026-09-18 18:00,63,인천,0,26.8,24.0,3.0,23.0,0.0,340.0,0.0,3.0,
GFS,2026-09-15 18:00,2026-09-18 21:00,66,인천,0,23.2,0.0,0.0,0.0,0.0,4.0,0.0,3.0,
GFS,2026-09-15 18:00,2026-09-19 00:00,69,인천,0,21.6,0.0,0.0,0.0,0.0,0.0,0.0,3.0,
GFS,2026-09-15 18:00,2026-09-19 03:00,72,인천,0,20.5,0.0,0.0,0.0,0.0,0.0,0.0,3.0,
GFS,2026-09-15 18:00,2026-09-19 06:00,75,인천,0,19.4,0.0,0.0,0.0,0.0,0.0,0.0,3.0,
GFS,2026-09-15 18:00,2026-09-19 09:00,78,인천,0,22.3,0.0,0.0,0.0,0.0,182.0,0.0,3.0,
GFS,2026-09-15 18:00,2026-09-19 12:00,81,인천,0,26.5,0.0,0.0,0.0,0.0,671.0,0.0,3.0,
GFS,2026-09-15 18:00,2026-09-19 15:00,84,인천,0,28.7,0.0,0.0,0.0,0.0,749.0,0.0,3.0,
GFS,2026-09-15 18:00,2026-09-19 18:00,87,인천,0,27.3,16.0,0.0,0.0,16.0,337.0,0.0,3.0,
GFS,2026-09-15 18:00,2026-09-19 21:00,90,인천,0,24.2,48.0,0.0,0.0,48.0,4.0,0.0,3.0,
GFS,2026-09-15 18:00,2026-09-20 00:00,93,인천,0,22.1,30.0,0.0,0.0,30.0,0.0,0.0,3.0,
GFS,2026-09-15 18:00,2026-09-20 03:00,96,인천,0,20.3,88.0,0.0,2.0,88.0,0.0,0.0,3.0,
GFS,2026-09-15 18:00,2026-09-20 06:00,99,인천,0,19.0,100.0,0.0,6.0,100.0,0.0,0.0,3.0,
GFS,2026-09-15 18:00,2026-09-20 09:00,102,인천,0,21.2,50.0,0.0,5.0,50.0,179.0,0.0,3.0,
GFS,2026-09-15 18:00,2026-09-20 12:00,105,인천,0,25.3,62.0,0.0,5.0,62.0,645.0,0.0,3.0,
GFS,2026-09-15 18:00,2026-09-20 15:00,108,인천,0,27.1,100.0,0.0,31.0,100.0,689.0,0.0,3.0,
GFS,2026-09-15 18:00,2026-09-20 18:00,111,인천,0,25.3,5.0,0.0,5.0,1.0,256.0,0.0,3.0,
GFS,2026-09-15 18:00,2026-09-20 21:00,114,인천,0,23.0,49.0,0.0,24.0,48.0,3.0,0.0,3.0,
GFS,2026-09-15 18:00,2026-09-21 00:00,117,인천,0,21.8,72.0,0.0,26.0,67.0,0.0,0.0,3.0,
GFS,2026-09-15 18:00,2026-09-21 03:00,120,인천,0,20.1,3.0,0.0,0.0,3.0,0.0,0.0,3.0,
GFS,2026-09-15 18:00,2026-09-21 09:00,126,인천,0,21.9,0.0,0.0,0.0,0.0,89.0,0.0,6.0,
GFS,2026-09-15 18:00,2026-09-21 21:00,138,인천,0,23.7,27.0,0.0,27.0,0.0,163.0,0.0,6.0,
GFS,2026-09-15 18:00,2026-09-22 09:00,150,인천,0,23.2,97.0,0.0,68.0,97.0,68.0,0.0,6.0,
GFS,2026-09-15 18:00,2026-09-22 21:00,162,인천,0,23.3,100.0,5.0,100.0,93.0,119.0,0.0,6.0,
GFS,2026-09-15 18:00,2026-09-23 09:00,174,인천,0,21.0,90.0,84.0,90.0,36.0,6.0,1.9,6.0,
GFS,2026-09-15 18:00,2026-09-23 21:00,186,인천,0,21.8,0.0,0.0,0.0,0.0,156.0,0.0,6.0,
GFS,2026-09-15 18:00,2026-09-24 09:00,198,인천,0,22.4,100.0,0.0,39.0,100.0,74.0,0.0,6.0,
GFS,2026-09-15 18:00,2026-09-24 21:00,210,인천,0,23.7,0.0,0.0,0.0,0.0,146.0,0.0,6.0,
GFS,2026-09-15 18:00,2026-09-25 09:00,222,인천,0,23.4,100.0,0.0,100.0,100.0,58.0,0.0,6.0,
GFS,2026-09-15 18:00,2026-09-25 21:00,234,인천,0,21.1,100.0,100.0,100.0,99.0,13.0,0.6,6.0,
GFS,2026-09-15 18:00,2026-09-16 03:00,0,수원,0,17.3,10.0,0.0,0.0,10.0,,,,
GFS,2026-09-15 18:00,2026-09-16 06:00,3,수원,0,16.0,0.0,0.0,0.0,0.0,0.0,0.0,3.0,
GFS,2026-09-15 18:00,2026-09-16 09:00,6,수원,0,20.5,0.0,0.0,0.0,0.0,203.0,0.0,3.0,
GFS,2026-09-15 18:00,2026-09-16 12:00,9,수원,0,25.9,0.0,0.0,0.0,0.0,708.0,0.0,3.0,
GFS,2026-09-15 18:00,2026-09-16 15:00,12,수원,0,27.8,0.0,0.0,0.0,0.0,781.0,0.0,3.0,
GFS,2026-09-15 18:00,2026-09-16 18:00,15,수원,0,24.8,0.0,0.0,0.0,0.0,361.0,0.0,3.0,
GFS,2026-09-15 18:00,2026-09-16 21:00,18,수원,0,22.3,4.0,3.0,0.0,1.0,5.0,0.0,3.0,
GFS,2026-09-15 18:00,2026-09-17 00:00,21,수원,0,20.1,51.0,0.0,0.0,51.0,0.0,0.0,3.0,
GFS,2026-09-15 18:00,2026-09-17 03:00,24,수원,0,18.9,100.0,0.0,0.0,100.0,0.0,0.0,3.0,
GFS,2026-09-15 18:00,2026-09-17 06:00,27,수원,0,17.7,100.0,0.0,0.0,100.0,0.0,0.0,3.0,
GFS,2026-09-15 18:00,2026-09-17 09:00,30,수원,0,21.0,99.0,0.0,8.0,99.0,160.0,0.0,3.0,
GFS,2026-09-15 18:00,2026-09-17 12:00,33,수원,0,24.9,100.0,0.0,79.0,99.0,591.0,0.0,3.0,
GFS,2026-09-15 18:00,2026-09-17 15:00,36,수원,0,25.7,100.0,0.0,98.0,100.0,573.0,0.0,3.0,
GFS,2026-09-15 18:00,2026-09-17 18:00,39,수원,0,24.2,100.0,0.0,100.0,100.0,157.0,0.0,3.0,
GFS,2026-09-15 18:00,2026-09-17 21:00,42,수원,0,22.2,100.0,0.0,100.0,99.0,2.0,0.0,3.0,
GFS,2026-09-15 18:00,2026-09-18 00:00,45,수원,0,20.4,99.0,0.0,99.0,63.0,0.0,0.0,3.0,
GFS,2026-09-15 18:00,2026-09-18 03:00,48,수원,0,19.4,96.0,0.0,96.0,0.0,0.0,0.0,3.0,
GFS,2026-09-15 18:00,2026-09-18 06:00,51,수원,0,18.2,74.0,0.0,74.0,0.0,0.0,0.0,3.0,
GFS,2026-09-15 18:00,2026-09-18 09:00,54,수원,0,21.7,26.0,0.0,26.0,0.0,187.0,0.0,3.0,
GFS,2026-09-15 18:00,2026-09-18 12:00,57,수원,0,25.6,5.0,0.0,5.0,0.0,679.0,0.0,3.0,
GFS,2026-09-15 18:00,2026-09-18 15:00,60,수원,0,27.9,29.0,0.0,29.0,0.0,745.0,0.0,3.0,
GFS,2026-09-15 18:00,2026-09-18 18:00,63,수원,0,25.3,51.0,15.0,39.0,0.0,322.0,0.0,3.0,
GFS,2026-09-15 18:00,2026-09-18 21:00,66,수원,0,21.8,1.0,0.0,1.0,0.0,4.0,0.0,3.0,
GFS,2026-09-15 18:00,2026-09-19 00:00,69,수원,0,20.3,0.0,0.0,0.0,0.0,0.0,0.0,3.0,
GFS,2026-09-15 18:00,2026-09-19 03:00,72,수원,0,18.7,0.0,0.0,0.0,0.0,0.0,0.0,3.0,
GFS,2026-09-15 18:00,2026-09-19 06:00,75,수원,0,17.7,0.0,0.0,0.0,0.0,0.0,0.0,3.0,
GFS,2026-09-15 18:00,2026-09-19 09:00,78,수원,0,21.8,0.0,0.0,0.0,0.0,184.0,0.0,3.0,
GFS,2026-09-15 18:00,2026-09-19 12:00,81,수원,0,26.0,0.0,0.0,0.0,0.0,674.0,0.0,3.0,
GFS,2026-09-15 18:00,2026-09-19 15:00,84,수원,0,28.3,0.0,0.0,0.0,0.0,748.0,0.0,3.0,
GFS,2026-09-15 18:00,2026-09-19 18:00,87,수원,0,25.2,3.0,0.0,0.0,3.0,332.0,0.0,3.0,
GFS,2026-09-15 18:00,2026-09-19 21:00,90,수원,0,22.2,8.0,0.0,0.0,8.0,4.0,0.0,3.0,
GFS,2026-09-15 18:00,2026-09-20 00:00,93,수원,0,20.2,12.0,0.0,0.0,12.0,0.0,0.0,3.0,
GFS,2026-09-15 18:00,2026-09-20 03:00,96,수원,0,18.5,89.0,0.0,0.0,89.0,0.0,0.0,3.0,
GFS,2026-09-15 18:00,2026-09-20 06:00,99,수원,0,17.1,92.0,0.0,0.0,92.0,0.0,0.0,3.0,
GFS,2026-09-15 18:00,2026-09-20 09:00,102,수원,0,20.5,8.0,0.0,2.0,8.0,178.0,0.0,3.0,
GFS,2026-09-15 18:00,2026-09-20 12:00,105,수원,0,25.5,46.0,0.0,3.0,46.0,644.0,0.0,3.0,
GFS,2026-09-15 18:00,2026-09-20 15:00,108,수원,0,26.8,100.0,0.0,43.0,100.0,714.0,0.0,3.0,
GFS,2026-09-15 18:00,2026-09-20 18:00,111,수원,0,24.3,5.0,0.0,5.0,1.0,253.0,0.0,3.0,
GFS,2026-09-15 18:00,2026-09-20 21:00,114,수원,0,22.1,12.0,0.0,5.0,12.0,3.0,0.0,3.0,
GFS,2026-09-15 18:00,2026-09-21 00:00,117,수원,0,20.7,56.0,0.0,31.0,44.0,0.0,0.0,3.0,
GFS,2026-09-15 18:00,2026-09-21 03:00,120,수원,0,19.5,2.0,0.0,0.0,2.0,0.0,0.0,3.0,
GFS,2026-09-15 18:00,2026-09-21 09:00,126,수원,0,21.8,0.0,0.0,0.0,0.0,91.0,0.0,6.0,
GFS,2026-09-15 18:00,2026-09-21 21:00,138,수원,0,22.7,41.0,0.0,3.0,40.0,163.0,0.0,6.0,
GFS,2026-09-15 18:00,2026-09-22 09:00,150,수원,0,22.4,97.0,0.0,22.0,97.0,76.0,0.0,6.0,
GFS,2026-09-15 18:00,2026-09-22 21:00,162,수원,0,22.7,100.0,0.0,99.0,95.0,120.0,0.0,6.0,
GFS,2026-09-15 18:00,2026-09-23 09:00,174,수원,0,20.6,100.0,100.0,100.0,26.0,7.0,0.4,6.0,
GFS,2026-09-15 18:00,2026-09-23 21:00,186,수원,0,19.7,0.0,0.0,0.0,0.0,138.0,0.0,6.0,
GFS,2026-09-15 18:00,2026-09-24 09:00,198,수원,0,21.7,100.0,0.0,66.0,99.0,83.0,0.0,6.0,
GFS,2026-09-15 18:00,2026-09-24 21:00,210,수원,0,22.0,0.0,0.0,0.0,0.0,139.0,0.0,6.0,
GFS,2026-09-15 18:00,2026-09-25 09:00,222,수원,0,22.8,100.0,0.0,100.0,93.0,63.0,0.0,6.0,
GFS,2026-09-15 18:00,2026-09-25 21:00,234,수원,0,20.1,100.0,100.0,100.0,100.0,14.0,1.4,6.0,
GFS,2026-09-15 18:00,2026-09-16 03:00,0,전주,0,15.2,93.0,23.0,0.0,92.0,,,,
GFS,2026-09-15 18:00,2026-09-16 06:00,3,전주,0,14.6,56.0,0.0,0.0,56.0,0.0,0.0,3.0,
GFS,2026-09-15 18:00,2026-09-16 09:00,6,전주,0,20.4,0.0,0.0,0.0,0.0,195.0,0.0,3.0,
GFS,2026-09-15 18:00,2026-09-16 12:00,9,전주,0,25.7,0.0,0.0,0.0,0.0,699.0,0.0,3.0,
GFS,2026-09-15 18:00,2026-09-16 15:00,12,전주,0,26.7,5.0,5.0,0.0,0.0,778.0,0.0,3.0,
GFS,2026-09-15 18:00,2026-09-16 18:00,15,전주,0,22.0,34.0,32.0,0.0,2.0,351.0,0.0,3.0,
GFS,2026-09-15 18:00,2026-09-16 21:00,18,전주,0,18.8,48.0,14.0,0.0,48.0,5.0,0.0,3.0,
GFS,2026-09-15 18:00,2026-09-17 00:00,21,전주,0,18.5,100.0,0.0,0.0,100.0,0.0,0.0,3.0,
GFS,2026-09-15 18:00,2026-09-17 03:00,24,전주,0,17.7,84.0,0.0,58.0,84.0,0.0,0.0,3.0,
GFS,2026-09-15 18:00,2026-09-17 06:00,27,전주,0,16.2,99.0,0.0,96.0,68.0,0.0,0.0,3.0,
GFS,2026-09-15 18:00,2026-09-17 09:00,30,전주,0,20.9,100.0,0.0,64.0,90.0,174.0,0.0,3.0,
GFS,2026-09-15 18:00,2026-09-17 12:00,33,전주,0,24.7,100.0,0.0,99.0,95.0,514.0,0.0,3.0,
GFS,2026-09-15 18:00,2026-09-17 15:00,36,전주,0,26.5,100.0,1.0,99.0,91.0,641.0,0.0,3.0,
GFS,2026-09-15 18:00,2026-09-17 18:00,39,전주,0,22.1,100.0,0.0,99.0,100.0,189.0,0.0,3.0,
GFS,2026-09-15 18:00,2026-09-17 21:00,42,전주,0,20.1,99.0,0.0,96.0,87.0,2.0,0.0,3.0,
GFS,2026-09-15 18:00,2026-09-18 00:00,45,전주,0,19.1,100.0,0.0,100.0,79.0,0.0,0.0,3.0,
GFS,2026-09-15 18:00,2026-09-18 03:00,48,전주,0,18.3,98.0,0.0,97.0,87.0,0.0,0.0,3.0,
GFS,2026-09-15 18:00,2026-09-18 06:00,51,전주,0,16.6,83.0,0.0,83.0,69.0,0.0,0.0,3.0,
GFS,2026-09-15 18:00,2026-09-18 09:00,54,전주,0,22.3,82.0,0.0,64.0,69.0,170.0,0.0,3.0,
GFS,2026-09-15 18:00,2026-09-18 12:00,57,전주,0,26.5,28.0,24.0,13.0,0.0,642.0,0.0,3.0,
GFS,2026-09-15 18:00,2026-09-18 15:00,60,전주,0,25.6,85.0,83.0,50.0,0.0,556.0,0.0,3.0,
GFS,2026-09-15 18:00,2026-09-18 18:00,63,전주,0,23.2,74.0,62.0,27.0,0.0,65.0,0.0,3.0,
GFS,2026-09-15 18:00,2026-09-18 21:00,66,전주,0,19.9,9.0,0.0,5.0,6.0,2.0,0.0,3.0,
GFS,2026-09-15 18:00,2026-09-19 00:00,69,전주,0,17.7,0.0,0.0,0.0,0.0,0.0,0.0,3.0,
GFS,2026-09-15 18:00,2026-09-19 03:00,72,전주,0,17.0,0.0,0.0,0.0,0.0,0.0,0.0,3.0,
GFS,2026-09-15 18:00,2026-09-19 06:00,75,전주,0,16.5,1.0,1.0,0.0,0.0,0.0,0.0,3.0,
GFS,2026-09-15 18:00,2026-09-19 09:00,78,전주,0,21.7,0.0,0.0,0.0,0.0,180.0,0.0,3.0,
GFS,2026-09-15 18:00,2026-09-19 12:00,81,전주,0,26.8,1.0,1.0,0.0,0.0,671.0,0.0,3.0,
GFS,2026-09-15 18:00,2026-09-19 15:00,84,전주,0,26.7,50.0,50.0,0.0,0.0,692.0,0.0,3.0,
GFS,2026-09-15 18:00,2026-09-19 18:00,87,전주,0,23.3,19.0,17.0,0.0,3.0,261.0,0.0,3.0,
GFS,2026-09-15 18:00,2026-09-19 21:00,90,전주,0,19.2,24.0,1.0,0.0,24.0,3.0,0.0,3.0,
GFS,2026-09-15 18:00,2026-09-20 00:00,93,전주,0,18.2,13.0,0.0,0.0,13.0,0.0,0.0,3.0,
GFS,2026-09-15 18:00,2026-09-20 03:00,96,전주,0,17.1,46.0,0.0,0.0,46.0,0.0,0.0,3.0,
GFS,2026-09-15 18:00,2026-09-20 06:00,99,전주,0,15.8,5.0,0.0,0.0,5.0,0.0,0.0,3.0,
GFS,2026-09-15 18:00,2026-09-20 09:00,102,전주,0,20.9,8.0,0.0,0.0,8.0,185.0,0.0,3.0,
GFS,2026-09-15 18:00,2026-09-20 12:00,105,전주,0,24.4,1.0,0.0,0.0,1.0,692.0,0.0,3.0,
GFS,2026-09-15 18:00,2026-09-20 15:00,108,전주,0,25.3,1.0,0.0,0.0,1.0,773.0,0.0,3.0,
GFS,2026-09-15 18:00,2026-09-20 18:00,111,전주,0,19.8,3.0,0.0,0.0,3.0,340.0,0.0,3.0,
GFS,2026-09-15 18:00,2026-09-20 21:00,114,전주,0,17.0,2.0,0.0,2.0,0.0,3.0,0.0,3.0,
GFS,2026-09-15 18:00,2026-09-21 00:00,117,전주,0,15.9,5.0,0.0,5.0,0.0,0.0,0.0,3.0,
GFS,2026-09-15 18:00,2026-09-21 03:00,120,전주,0,15.3,5.0,0.0,5.0,0.0,0.0,0.0,3.0,
GFS,2026-09-15 18:00,2026-09-21 09:00,126,전주,0,20.1,0.0,0.0,0.0,0.0,92.0,0.0,6.0,
GFS,2026-09-15 18:00,2026-09-21 21:00,138,전주,0,18.1,0.0,0.0,0.0,0.0,166.0,0.0,6.0,
GFS,2026-09-15 18:00,2026-09-22 09:00,150,전주,0,21.8,9.0,0.0,5.0,9.0,88.0,0.0,6.0,
GFS,2026-09-15 18:00,2026-09-22 21:00,162,전주,0,18.5,40.0,3.0,38.0,6.0,154.0,0.0,6.0,
GFS,2026-09-15 18:00,2026-09-23 09:00,174,전주,0,20.3,97.0,84.0,96.0,67.0,11.0,0.0,6.0,
GFS,2026-09-15 18:00,2026-09-23 21:00,186,전주,0,18.4,22.0,1.0,0.0,22.0,67.0,0.0,6.0,
GFS,2026-09-15 18:00,2026-09-24 09:00,198,전주,0,20.6,80.0,0.0,10.0,80.0,74.0,0.0,6.0,
GFS,2026-09-15 18:00,2026-09-24 21:00,210,전주,0,18.3,5.0,0.0,5.0,0.0,103.0,0.0,6.0,
GFS,2026-09-15 18:00,2026-09-25 09:00,222,전주,0,22.5,99.0,0.0,40.0,99.0,66.0,0.0,6.0,
GFS,2026-09-15 18:00,2026-09-25 21:00,234,전주,0,20.4,100.0,81.0,100.0,97.0,13.0,0.1,6.0,
GFS,2026-09-15 18:00,2026-09-16 03:00,0,강릉,0,18.3,19.0,0.0,0.0,19.0,,,,
GFS,2026-09-15 18:00,2026-09-16 06:00,3,강릉,0,17.8,43.0,0.0,0.0,43.0,0.0,0.0,3.0,
GFS,2026-09-15 18:00,2026-09-16 09:00,6,강릉,0,20.5,0.0,0.0,0.0,0.0,209.0,0.0,3.0,
GFS,2026-09-15 18:00,2026-09-16 12:00,9,강릉,0,21.1,0.0,0.0,0.0,0.0,690.0,0.0,3.0,
GFS,2026-09-15 18:00,2026-09-16 15:00,12,강릉,0,22.3,0.0,0.0,0.0,0.0,752.0,0.0,3.0,
GFS,2026-09-15 18:00,2026-09-16 18:00,15,강릉,0,21.1,0.0,0.0,0.0,0.0,324.0,0.0,3.0,
GFS,2026-09-15 18:00,2026-09-16 21:00,18,강릉,0,18.6,0.0,0.0,0.0,0.0,3.0,0.0,3.0,
GFS,2026-09-15 18:00,2026-09-17 00:00,21,강릉,0,17.7,0.0,0.0,0.0,0.0,0.0,0.0,3.0,
GFS,2026-09-15 18:00,2026-09-17 03:00,24,강릉,0,17.4,12.0,0.0,0.0,12.0,0.0,0.0,3.0,
GFS,2026-09-15 18:00,2026-09-17 06:00,27,강릉,0,17.3,100.0,1.0,0.0,100.0,0.0,0.0,3.0,
GFS,2026-09-15 18:00,2026-09-17 09:00,30,강릉,0,20.3,100.0,24.0,0.0,100.0,185.0,0.0,3.0,
GFS,2026-09-15 18:00,2026-09-17 12:00,33,강릉,0,21.0,97.0,12.0,0.0,95.0,620.0,0.0,3.0,
GFS,2026-09-15 18:00,2026-09-17 15:00,36,강릉,0,21.8,100.0,1.0,59.0,100.0,689.0,0.0,3.0,
GFS,2026-09-15 18:00,2026-09-17 18:00,39,강릉,0,20.9,100.0,10.0,75.0,100.0,223.0,0.0,3.0,
GFS,2026-09-15 18:00,2026-09-17 21:00,42,강릉,0,20.5,100.0,6.0,100.0,100.0,1.0,0.1,3.0,
GFS,2026-09-15 18:00,2026-09-18 00:00,45,강릉,0,20.4,100.0,9.0,97.0,100.0,0.0,0.0,3.0,
GFS,2026-09-15 18:00,2026-09-18 03:00,48,강릉,0,20.1,94.0,22.0,92.0,66.0,0.0,0.1,3.0,
GFS,2026-09-15 18:00,2026-09-18 06:00,51,강릉,0,20.1,98.0,31.0,98.0,0.0,0.0,0.1,3.0,
GFS,2026-09-15 18:00,2026-09-18 09:00,54,강릉,0,21.1,69.0,47.0,32.0,0.0,168.0,0.3,3.0,
GFS,2026-09-15 18:00,2026-09-18 12:00,57,강릉,0,21.5,33.0,32.0,3.0,0.0,580.0,0.3,3.0,
GFS,2026-09-15 18:00,2026-09-18 15:00,60,강릉,0,21.6,34.0,18.0,28.0,0.0,608.0,0.2,3.0,
GFS,2026-09-15 18:00,2026-09-18 18:00,63,강릉,0,20.6,68.0,36.0,43.0,0.0,274.0,0.2,3.0,
GFS,2026-09-15 18:00,2026-09-18 21:00,66,강릉,0,20.1,39.0,37.0,12.0,0.0,2.0,0.4,3.0,
GFS,2026-09-15 18:00,2026-09-19 00:00,69,강릉,0,20.1,58.0,58.0,0.0,0.0,0.0,0.6,3.0,
GFS,2026-09-15 18:00,2026-09-19 03:00,72,강릉,0,20.1,76.0,76.0,0.0,0.0,0.0,0.4,3.0,
GFS,2026-09-15 18:00,2026-09-19 06:00,75,강릉,0,19.9,79.0,79.0,0.0,0.0,0.0,0.4,3.0,
GFS,2026-09-15 18:00,2026-09-19 09:00,78,강릉,0,20.2,60.0,60.0,0.0,0.0,79.0,0.5,3.0,
GFS,2026-09-15 18:00,2026-09-19 12:00,81,강릉,0,21.5,60.0,60.0,0.0,0.0,564.0,0.3,3.0,
GFS,2026-09-15 18:00,2026-09-19 15:00,84,강릉,0,21.1,45.0,45.0,0.0,0.0,541.0,0.1,3.0,
GFS,2026-09-15 18:00,2026-09-19 18:00,87,강릉,0,20.6,62.0,62.0,0.0,0.0,158.0,0.1,3.0,
GFS,2026-09-15 18:00,2026-09-19 21:00,90,강릉,0,19.4,22.0,22.0,0.0,0.0,1.0,0.1,3.0,
GFS,2026-09-15 18:00,2026-09-20 00:00,93,강릉,0,19.5,76.0,73.0,0.0,22.0,0.0,0.2,3.0,
GFS,2026-09-15 18:00,2026-09-20 03:00,96,강릉,0,19.7,83.0,62.0,0.0,80.0,0.0,0.1,3.0,
GFS,2026-09-15 18:00,2026-09-20 06:00,99,강릉,0,19.0,54.0,50.0,0.0,25.0,0.0,0.1,3.0,
GFS,2026-09-15 18:00,2026-09-20 09:00,102,강릉,0,19.7,22.0,20.0,0.0,5.0,140.0,0.1,3.0,
GFS,2026-09-15 18:00,2026-09-20 12:00,105,강릉,0,20.4,11.0,8.0,0.0,4.0,667.0,0.0,3.0,
GFS,2026-09-15 18:00,2026-09-20 15:00,108,강릉,0,20.4,47.0,1.0,0.0,47.0,730.0,0.0,3.0,
GFS,2026-09-15 18:00,2026-09-20 18:00,111,강릉,0,19.2,99.0,0.0,7.0,99.0,263.0,0.0,3.0,
GFS,2026-09-15 18:00,2026-09-20 21:00,114,강릉,0,17.8,5.0,0.0,5.0,0.0,1.0,0.0,3.0,
GFS,2026-09-15 18:00,2026-09-21 00:00,117,강릉,0,17.1,65.0,0.0,28.0,49.0,0.0,0.0,3.0,
GFS,2026-09-15 18:00,2026-09-21 03:00,120,강릉,0,17.2,0.0,0.0,0.0,0.0,0.0,0.0,3.0,
GFS,2026-09-15 18:00,2026-09-21 09:00,126,강릉,0,19.5,0.0,0.0,0.0,0.0,98.0,0.0,6.0,
GFS,2026-09-15 18:00,2026-09-21 21:00,138,강릉,0,18.2,16.0,0.0,7.0,11.0,148.0,0.0,6.0,
GFS,2026-09-15 18:00,2026-09-22 09:00,150,강릉,0,20.8,100.0,0.0,5.0,100.0,101.0,0.0,6.0,
GFS,2026-09-15 18:00,2026-09-22 21:00,162,강릉,0,20.0,100.0,0.0,93.0,100.0,116.0,0.0,6.0,
GFS,2026-09-15 18:00,2026-09-23 09:00,174,강릉,0,22.4,88.0,41.0,88.0,14.0,82.0,0.0,6.0,
GFS,2026-09-15 18:00,2026-09-23 21:00,186,강릉,0,19.9,5.0,5.0,0.0,0.0,126.0,0.0,6.0,
GFS,2026-09-15 18:00,2026-09-24 09:00,198,강릉,0,22.7,44.0,0.0,0.0,44.0,94.0,0.0,6.0,
GFS,2026-09-15 18:00,2026-09-24 21:00,210,강릉,0,20.9,44.0,0.0,0.0,44.0,117.0,0.0,6.0,
GFS,2026-09-15 18:00,2026-09-25 09:00,222,강릉,0,21.2,100.0,22.0,98.0,100.0,64.0,0.1,6.0,
GFS,2026-09-15 18:00,2026-09-25 21:00,234,강릉,0,19.8,100.0,100.0,100.0,92.0,51.0,1.3,6.0,
GFS,2026-09-15 18:00,2026-09-16 03:00,0,제주,0,20.6,100.0,0.0,100.0,100.0,,,,
GFS,2026-09-15 18:00,2026-09-16 06:00,3,제주,0,20.6,77.0,2.0,74.0,41.0,0.0,0.0,3.0,
GFS,2026-09-15 18:00,2026-09-16 09:00,6,제주,0,22.6,30.0,30.0,0.0,0.0,178.0,0.3,3.0,
GFS,2026-09-15 18:00,2026-09-16 12:00,9,제주,0,23.4,50.0,50.0,0.0,0.0,476.0,0.9,3.0,
GFS,2026-09-15 18:00,2026-09-16 15:00,12,제주,0,24.0,12.0,12.0,0.0,1.0,653.0,0.1,3.0,
GFS,2026-09-15 18:00,2026-09-16 18:00,15,제주,0,22.7,51.0,4.0,0.0,48.0,388.0,0.0,3.0,
GFS,2026-09-15 18:00,2026-09-16 21:00,18,제주,0,21.6,100.0,0.0,64.0,100.0,6.0,0.0,3.0,
GFS,2026-09-15 18:00,2026-09-17 00:00,21,제주,0,21.2,60.0,0.0,60.0,5.0,0.0,0.0,3.0,
GFS,2026-09-15 18:00,2026-09-17 03:00,24,제주,0,20.8,99.0,0.0,87.0,99.0,0.0,0.0,3.0,
GFS,2026-09-15 18:00,2026-09-17 06:00,27,제주,0,20.9,100.0,31.0,86.0,92.0,0.0,0.0,3.0,
GFS,2026-09-15 18:00,2026-09-17 09:00,30,제주,0,21.8,79.0,45.0,37.0,74.0,124.0,0.1,3.0,
GFS,2026-09-15 18:00,2026-09-17 12:00,33,제주,0,22.2,100.0,56.0,100.0,15.0,507.0,0.2,3.0,
GFS,2026-09-15 18:00,2026-09-17 15:00,36,제주,0,23.0,100.0,37.0,96.0,100.0,406.0,0.3,3.0,
GFS,2026-09-15 18:00,2026-09-17 18:00,39,제주,0,22.2,78.0,30.0,71.0,19.0,166.0,0.2,3.0,
GFS,2026-09-15 18:00,2026-09-17 21:00,42,제주,0,21.8,89.0,52.0,42.0,66.0,4.0,0.1,3.0,
GFS,2026-09-15 18:00,2026-09-18 00:00,45,제주,0,21.8,100.0,65.0,44.0,100.0,0.0,0.1,3.0,
GFS,2026-09-15 18:00,2026-09-18 03:00,48,제주,0,21.7,100.0,83.0,99.0,95.0,0.0,0.1,3.0,
GFS,2026-09-15 18:00,2026-09-18 06:00,51,제주,0,21.6,100.0,95.0,100.0,100.0,0.0,0.4,3.0,
GFS,2026-09-15 18:00,2026-09-18 09:00,54,제주,0,21.6,100.0,92.0,100.0,98.0,7.0,3.4,3.0,
GFS,2026-09-15 18:00,2026-09-18 12:00,57,제주,0,21.7,100.0,95.0,99.0,96.0,75.0,1.2,3.0,
GFS,2026-09-15 18:00,2026-09-18 15:00,60,제주,0,21.8,96.0,89.0,41.0,52.0,94.0,1.8,3.0,
GFS,2026-09-15 18:00,2026-09-18 18:00,63,제주,0,21.5,96.0,96.0,49.0,11.0,47.0,3.4,3.0,
GFS,2026-09-15 18:00,2026-09-18 21:00,66,제주,0,21.5,85.0,85.0,46.0,0.0,0.0,1.6,3.0,
GFS,2026-09-15 18:00,2026-09-19 00:00,69,제주,0,21.7,73.0,73.0,13.0,2.0,0.0,0.1,3.0,
GFS,2026-09-15 18:00,2026-09-19 03:00,72,제주,0,21.4,38.0,37.0,0.0,4.0,0.0,0.2,3.0,
GFS,2026-09-15 18:00,2026-09-19 06:00,75,제주,0,21.2,80.0,75.0,0.0,29.0,0.0,0.2,3.0,
GFS,2026-09-15 18:00,2026-09-19 09:00,78,제주,0,21.6,58.0,58.0,0.0,2.0,85.0,0.2,3.0,
GFS,2026-09-15 18:00,2026-09-19 12:00,81,제주,0,22.4,58.0,58.0,0.0,0.0,390.0,0.2,3.0,
GFS,2026-09-15 18:00,2026-09-19 15:00,84,제주,0,22.6,54.0,54.0,0.0,0.0,458.0,0.1,3.0,
GFS,2026-09-15 18:00,2026-09-19 18:00,87,제주,0,22.2,7.0,7.0,0.0,0.0,185.0,0.1,3.0,
GFS,2026-09-15 18:00,2026-09-19 21:00,90,제주,0,21.2,11.0,11.0,0.0,0.0,5.0,0.0,3.0,
GFS,2026-09-15 18:00,2026-09-20 00:00,93,제주,0,20.8,20.0,13.0,0.0,9.0,0.0,0.0,3.0,
GFS,2026-09-15 18:00,2026-09-20 03:00,96,제주,0,20.1,0.0,0.0,0.0,0.0,0.0,0.0,3.0,
GFS,2026-09-15 18:00,2026-09-20 06:00,99,제주,0,19.5,3.0,3.0,0.0,0.0,0.0,0.0,3.0,
GFS,2026-09-15 18:00,2026-09-20 09:00,102,제주,0,21.4,4.0,4.0,0.0,0.0,200.0,0.0,3.0,
GFS,2026-09-15 18:00,2026-09-20 12:00,105,제주,0,22.4,0.0,0.0,0.0,0.0,727.0,0.0,3.0,
GFS,2026-09-15 18:00,2026-09-20 15:00,108,제주,0,22.4,6.0,6.0,0.0,0.0,814.0,0.0,3.0,
GFS,2026-09-15 18:00,2026-09-20 18:00,111,제주,0,20.7,0.0,0.0,0.0,0.0,373.0,0.0,3.0,
GFS,2026-09-15 18:00,2026-09-20 21:00,114,제주,0,20.3,0.0,0.0,0.0,0.0,4.0,0.0,3.0,
GFS,2026-09-15 18:00,2026-09-21 00:00,117,제주,0,19.9,0.0,0.0,0.0,0.0,0.0,0.0,3.0,
GFS,2026-09-15 18:00,2026-09-21 03:00,120,제주,0,19.5,21.0,0.0,0.0,21.0,0.0,0.0,3.0,
GFS,2026-09-15 18:00,2026-09-21 09:00,126,제주,0,21.7,0.0,0.0,0.0,0.0,99.0,0.0,6.0,
GFS,2026-09-15 18:00,2026-09-21 21:00,138,제주,0,21.0,1.0,0.0,0.0,1.0,184.0,0.0,6.0,
GFS,2026-09-15 18:00,2026-09-22 09:00,150,제주,0,22.3,36.0,20.0,0.0,16.0,84.0,0.0,6.0,
GFS,2026-09-15 18:00,2026-09-22 21:00,162,제주,0,20.8,0.0,0.0,0.0,0.0,135.0,0.1,6.0,
GFS,2026-09-15 18:00,2026-09-23 09:00,174,제주,0,22.8,25.0,7.0,5.0,19.0,94.0,0.0,6.0,
GFS,2026-09-15 18:00,2026-09-23 21:00,186,제주,0,21.8,82.0,0.0,48.0,63.0,158.0,0.0,6.0,
GFS,2026-09-15 18:00,2026-09-24 09:00,198,제주,0,23.1,78.0,0.0,76.0,29.0,84.0,0.0,6.0,
GFS,2026-09-15 18:00,2026-09-24 21:00,210,제주,0,22.2,22.0,0.0,22.0,0.0,148.0,0.0,6.0,
GFS,2026-09-15 18:00,2026-09-25 09:00,222,제주,0,24.2,88.0,0.0,5.0,88.0,87.0,0.0,6.0,
GFS,2026-09-15 18:00,2026-09-25 21:00,234,제주,0,22.6,100.0,3.0,34.0,100.0,83.0,0.0,6.0,
GFS,2026-09-15 18:00,2026-09-16 03:00,0,나주,0,16.9,100.0,0.0,0.0,100.0,,,,
GFS,2026-09-15 18:00,2026-09-16 06:00,3,나주,0,15.9,94.0,0.0,0.0,94.0,0.0,0.0,3.0,
GFS,2026-09-15 18:00,2026-09-16 09:00,6,나주,0,21.7,0.0,0.0,0.0,0.0,196.0,0.0,3.0,
GFS,2026-09-15 18:00,2026-09-16 12:00,9,나주,0,27.2,32.0,32.0,0.0,0.0,711.0,0.0,3.0,
GFS,2026-09-15 18:00,2026-09-16 15:00,12,나주,0,27.1,49.0,49.0,0.0,0.0,661.0,0.0,3.0,
GFS,2026-09-15 18:00,2026-09-16 18:00,15,나주,0,22.8,90.0,40.0,0.0,79.0,242.0,0.1,3.0,
GFS,2026-09-15 18:00,2026-09-16 21:00,18,나주,0,21.0,95.0,59.0,0.0,90.0,5.0,0.0,3.0,
GFS,2026-09-15 18:00,2026-09-17 00:00,21,나주,0,19.4,100.0,1.0,29.0,100.0,0.0,0.0,3.0,
GFS,2026-09-15 18:00,2026-09-17 03:00,24,나주,0,17.8,97.0,0.0,97.0,46.0,0.0,0.0,3.0,
GFS,2026-09-15 18:00,2026-09-17 06:00,27,나주,0,16.0,78.0,0.0,74.0,57.0,0.0,0.0,3.0,
GFS,2026-09-15 18:00,2026-09-17 09:00,30,나주,0,21.2,97.0,0.0,64.0,89.0,181.0,0.0,3.0,
GFS,2026-09-15 18:00,2026-09-17 12:00,33,나주,0,25.4,100.0,0.0,99.0,81.0,588.0,0.0,3.0,
GFS,2026-09-15 18:00,2026-09-17 15:00,36,나주,0,26.6,100.0,2.0,100.0,65.0,619.0,0.0,3.0,
GFS,2026-09-15 18:00,2026-09-17 18:00,39,나주,0,22.7,98.0,11.0,98.0,34.0,272.0,0.0,3.0,
GFS,2026-09-15 18:00,2026-09-17 21:00,42,나주,0,19.2,91.0,0.0,69.0,79.0,4.0,0.0,3.0,
GFS,2026-09-15 18:00,2026-09-18 00:00,45,나주,0,18.6,100.0,0.0,90.0,87.0,0.0,0.0,3.0,
GFS,2026-09-15 18:00,2026-09-18 03:00,48,나주,0,17.6,100.0,0.0,100.0,96.0,0.0,0.0,3.0,
GFS,2026-09-15 18:00,2026-09-18 06:00,51,나주,0,17.8,100.0,26.0,100.0,100.0,0.0,0.0,3.0,
GFS,2026-09-15 18:00,2026-09-18 09:00,54,나주,0,21.7,92.0,36.0,88.0,83.0,136.0,0.0,3.0,
GFS,2026-09-15 18:00,2026-09-18 12:00,57,나주,0,26.5,94.0,87.0,53.0,0.0,597.0,0.0,3.0,
GFS,2026-09-15 18:00,2026-09-18 15:00,60,나주,0,25.4,100.0,100.0,27.0,0.0,264.0,0.0,3.0,
GFS,2026-09-15 18:00,2026-09-18 18:00,63,나주,0,22.0,90.0,80.0,23.0,1.0,62.0,0.0,3.0,
GFS,2026-09-15 18:00,2026-09-18 21:00,66,나주,0,20.2,23.0,22.0,4.0,1.0,2.0,0.0,3.0,
GFS,2026-09-15 18:00,2026-09-19 00:00,69,나주,0,18.7,32.0,32.0,0.0,0.0,0.0,0.0,3.0,
GFS,2026-09-15 18:00,2026-09-19 03:00,72,나주,0,17.8,26.0,26.0,0.0,0.0,0.0,0.0,3.0,
GFS,2026-09-15 18:00,2026-09-19 06:00,75,나주,0,17.7,51.0,51.0,0.0,0.0,0.0,0.0,3.0,
GFS,2026-09-15 18:00,2026-09-19 09:00,78,나주,0,21.6,38.0,38.0,0.0,0.0,106.0,0.0,3.0,
GFS,2026-09-15 18:00,2026-09-19 12:00,81,나주,0,27.1,12.0,12.0,0.0,0.0,633.0,0.0,3.0,
GFS,2026-09-15 18:00,2026-09-19 15:00,84,나주,0,27.3,65.0,65.0,0.0,0.0,691.0,0.0,3.0,
GFS,2026-09-15 18:00,2026-09-19 18:00,87,나주,0,22.9,70.0,70.0,0.0,0.0,171.0,0.0,3.0,
GFS,2026-09-15 18:00,2026-09-19 21:00,90,나주,0,21.0,86.0,86.0,0.0,16.0,3.0,0.0,3.0,
GFS,2026-09-15 18:00,2026-09-20 00:00,93,나주,0,20.7,37.0,22.0,0.0,17.0,0.0,0.0,3.0,
GFS,2026-09-15 18:00,2026-09-20 03:00,96,나주,0,17.6,8.0,0.0,0.0,8.0,0.0,0.0,3.0,
GFS,2026-09-15 18:00,2026-09-20 06:00,99,나주,0,16.6,5.0,0.0,0.0,5.0,0.0,0.0,3.0,
GFS,2026-09-15 18:00,2026-09-20 09:00,102,나주,0,21.9,4.0,0.0,0.0,4.0,192.0,0.0,3.0,
GFS,2026-09-15 18:00,2026-09-20 12:00,105,나주,0,26.0,0.0,0.0,0.0,0.0,702.0,0.0,3.0,
GFS,2026-09-15 18:00,2026-09-20 15:00,108,나주,0,26.9,2.0,2.0,0.0,0.0,780.0,0.0,3.0,
GFS,2026-09-15 18:00,2026-09-20 18:00,111,나주,0,22.0,3.0,0.0,0.0,3.0,350.0,0.0,3.0,
GFS,2026-09-15 18:00,2026-09-20 21:00,114,나주,0,17.2,0.0,0.0,0.0,0.0,4.0,0.0,3.0,
GFS,2026-09-15 18:00,2026-09-21 00:00,117,나주,0,15.9,3.0,0.0,3.0,0.0,0.0,0.0,3.0,
GFS,2026-09-15 18:00,2026-09-21 03:00,120,나주,0,15.2,5.0,0.0,3.0,2.0,0.0,0.0,3.0,
GFS,2026-09-15 18:00,2026-09-21 09:00,126,나주,0,20.6,0.0,0.0,0.0,0.0,95.0,0.0,6.0,
GFS,2026-09-15 18:00,2026-09-21 21:00,138,나주,0,18.2,0.0,0.0,0.0,0.0,176.0,0.0,6.0,
GFS,2026-09-15 18:00,2026-09-22 09:00,150,나주,0,22.1,5.0,0.0,1.0,5.0,92.0,0.0,6.0,
GFS,2026-09-15 18:00,2026-09-22 21:00,162,나주,0,19.0,18.0,16.0,5.0,2.0,150.0,0.0,6.0,
GFS,2026-09-15 18:00,2026-09-23 09:00,174,나주,0,19.9,93.0,77.0,90.0,27.0,11.0,0.0,6.0,
GFS,2026-09-15 18:00,2026-09-23 21:00,186,나주,0,19.0,93.0,0.0,0.0,93.0,81.0,0.0,6.0,
GFS,2026-09-15 18:00,2026-09-24 09:00,198,나주,0,21.8,56.0,0.0,55.0,16.0,90.0,0.0,6.0,
GFS,2026-09-15 18:00,2026-09-24 21:00,210,나주,0,19.4,48.0,0.0,48.0,0.0,131.0,0.0,6.0,
GFS,2026-09-15 18:00,2026-09-25 09:00,222,나주,0,23.5,87.0,49.0,12.0,79.0,55.0,0.0,6.0,
GFS,2026-09-15 18:00,2026-09-25 21:00,234,나주,0,21.8,100.0,10.0,93.0,98.0,26.0,0.0,6.0,
KIM,2026-09-15 12:00,2026-09-15 21:00,0,서울,1,17.3,0.0,0.0,0.0,0.0,5.0,,3.0,
KIM,2026-09-15 12:00,2026-09-16 00:00,3,서울,1,15.2,0.0,0.0,0.0,0.0,0.0,0.0,3.0,
KIM,2026-09-15 12:00,2026-09-16 03:00,6,서울,1,13.0,0.0,0.0,0.0,0.0,0.0,0.0,3.0,
KIM,2026-09-15 12:00,2026-09-16 06:00,9,서울,1,11.8,0.0,0.0,0.0,0.0,0.0,0.0,3.0,
KIM,2026-09-15 12:00,2026-09-16 09:00,12,서울,1,19.7,0.0,0.0,0.0,0.0,190.0,0.0,3.0,
KIM,2026-09-15 12:00,2026-09-16 12:00,15,서울,1,25.9,0.0,0.0,0.0,0.0,689.0,0.0,3.0,
KIM,2026-09-15 12:00,2026-09-16 15:00,18,서울,1,27.7,0.0,0.0,0.0,0.0,766.0,0.0,3.0,
KIM,2026-09-15 12:00,2026-09-16 18:00,21,서울,1,24.7,2.0,2.0,0.0,0.0,342.0,0.0,3.0,
KIM,2026-09-15 12:00,2026-09-16 21:00,24,서울,1,19.2,13.0,10.0,0.0,3.0,4.0,0.0,3.0,
KIM,2026-09-15 12:00,2026-09-17 00:00,27,서울,1,18.4,73.0,17.0,0.0,67.0,0.0,0.0,3.0,
KIM,2026-09-15 12:00,2026-09-17 03:00,30,서울,1,16.8,85.0,15.0,0.0,84.0,0.0,0.0,3.0,
KIM,2026-09-15 12:00,2026-09-17 06:00,33,서울,1,15.3,96.0,2.0,0.0,96.0,0.0,0.0,3.0,
KIM,2026-09-15 12:00,2026-09-17 09:00,36,서울,1,20.0,98.0,0.0,0.0,98.0,161.0,0.0,3.0,
KIM,2026-09-15 12:00,2026-09-17 12:00,39,서울,1,24.5,99.0,1.0,3.0,99.0,577.0,0.0,3.0,
KIM,2026-09-15 12:00,2026-09-17 15:00,42,서울,1,26.0,99.0,0.0,14.0,99.0,654.0,0.0,3.0,
KIM,2026-09-15 12:00,2026-09-17 18:00,45,서울,1,24.0,100.0,0.0,39.0,99.0,241.0,0.0,3.0,
KIM,2026-09-15 12:00,2026-09-17 21:00,48,서울,1,21.4,89.0,20.0,64.0,76.0,2.0,0.0,3.0,
KIM,2026-09-15 12:00,2026-09-18 00:00,51,서울,1,19.6,75.0,26.0,59.0,60.0,0.0,0.0,3.0,
KIM,2026-09-15 12:00,2026-09-18 03:00,54,서울,1,18.4,73.0,45.0,59.0,28.0,0.0,0.0,3.0,
KIM,2026-09-15 12:00,2026-09-18 06:00,57,서울,1,17.9,81.0,48.0,77.0,1.0,0.0,0.0,3.0,
KIM,2026-09-15 12:00,2026-09-19 00:00,75,서울,1,19.6,51.0,51.0,0.0,0.0,0.0,0.0,3.0,
KIM,2026-09-15 12:00,2026-09-19 03:00,78,서울,1,18.7,57.0,57.0,0.0,0.0,0.0,0.0,3.0,
KIM,2026-09-15 12:00,2026-09-19 06:00,81,서울,1,18.4,62.0,62.0,0.0,0.0,0.0,0.0,3.0,
KIM,2026-09-15 12:00,2026-09-19 09:00,84,서울,1,22.1,7.0,7.0,0.0,0.0,171.0,0.0,3.0,
KIM,2026-09-15 12:00,2026-09-19 12:00,87,서울,1,25.8,10.0,2.0,1.0,6.0,656.0,0.0,3.0,
KIM,2026-09-15 12:00,2026-09-19 15:00,90,서울,1,26.8,28.0,2.0,0.0,28.0,734.0,0.0,3.0,
KIM,2026-09-15 12:00,2026-09-19 18:00,93,서울,1,23.4,49.0,23.0,0.0,30.0,320.0,0.0,3.0,
KIM,2026-09-15 12:00,2026-09-19 21:00,96,서울,1,19.8,86.0,58.0,0.0,78.0,3.0,0.0,3.0,
KIM,2026-09-15 12:00,2026-09-20 00:00,99,서울,1,18.4,72.0,41.0,22.0,60.0,0.0,0.0,3.0,
KIM,2026-09-15 12:00,2026-09-20 03:00,102,서울,1,16.7,95.0,24.0,5.0,94.0,0.0,0.0,3.0,
KIM,2026-09-15 12:00,2026-09-20 06:00,105,서울,1,15.8,85.0,29.0,0.0,82.0,0.0,0.0,3.0,
KIM,2026-09-15 12:00,2026-09-20 09:00,108,서울,1,20.7,96.0,3.0,0.0,96.0,171.0,0.0,3.0,
KIM,2026-09-15 12:00,2026-09-20 12:00,111,서울,1,25.7,38.0,0.0,0.0,38.0,660.0,0.0,3.0,
KIM,2026-09-15 12:00,2026-09-20 15:00,114,서울,1,27.4,78.0,0.0,0.0,78.0,738.0,0.0,3.0,
KIM,2026-09-15 12:00,2026-09-20 18:00,117,서울,1,24.1,78.0,0.0,0.0,78.0,315.0,0.0,3.0,
KIM,2026-09-15 12:00,2026-09-20 21:00,120,서울,1,19.8,95.0,0.0,31.0,94.0,3.0,0.0,3.0,
KIM,2026-09-15 12:00,2026-09-21 09:00,132,서울,1,20.6,94.0,0.0,0.0,94.0,169.0,0.0,3.0,
KIM,2026-09-15 12:00,2026-09-21 21:00,144,서울,1,20.9,40.0,0.0,0.0,40.0,2.0,0.0,3.0,
KIM,2026-09-15 12:00,2026-09-22 09:00,156,서울,1,21.5,78.0,4.0,78.0,0.0,156.0,0.0,3.0,
KIM,2026-09-15 12:00,2026-09-22 21:00,168,서울,1,20.8,89.0,18.0,0.0,88.0,2.0,0.0,3.0,
KIM,2026-09-15 12:00,2026-09-23 09:00,180,서울,1,22.1,97.0,0.0,31.0,97.0,134.0,0.0,3.0,
KIM,2026-09-15 12:00,2026-09-23 21:00,192,서울,1,21.0,100.0,0.0,0.0,100.0,2.0,0.0,3.0,
KIM,2026-09-15 12:00,2026-09-24 09:00,204,서울,1,22.2,53.0,33.0,22.0,11.0,140.0,0.1,3.0,
KIM,2026-09-15 12:00,2026-09-24 21:00,216,서울,1,20.6,98.0,35.0,0.0,98.0,2.0,0.0,3.0,
KIM,2026-09-15 12:00,2026-09-25 09:00,228,서울,1,18.6,94.0,0.0,82.0,90.0,61.0,2.4,3.0,
KIM,2026-09-15 12:00,2026-09-25 21:00,240,서울,1,16.2,4.0,0.0,0.0,4.0,1.0,0.0,3.0,
KIM,2026-09-15 12:00,2026-09-26 09:00,252,서울,1,15.9,50.0,0.0,0.0,50.0,167.0,0.0,3.0,
KIM,2026-09-15 12:00,2026-09-26 21:00,264,서울,1,16.6,9.0,0.0,3.0,6.0,1.0,0.0,3.0,
KIM,2026-09-15 12:00,2026-09-27 09:00,276,서울,1,19.5,5.0,5.0,0.0,0.0,153.0,0.0,3.0,
KIM,2026-09-15 12:00,2026-09-27 21:00,288,서울,1,18.8,44.0,0.0,0.0,44.0,1.0,0.0,3.0,
KIM,2026-09-15 12:00,2026-09-15 21:00,0,대전,1,16.9,45.0,34.0,0.0,36.0,5.0,,3.0,
KIM,2026-09-15 12:00,2026-09-16 00:00,3,대전,1,15.3,67.0,42.0,0.0,57.0,0.0,0.0,3.0,
KIM,2026-09-15 12:00,2026-09-16 03:00,6,대전,1,14.2,73.0,38.0,0.0,61.0,0.0,0.0,3.0,
KIM,2026-09-15 12:00,2026-09-16 06:00,9,대전,1,14.2,51.0,50.0,0.0,3.0,0.0,0.0,3.0,
KIM,2026-09-15 12:00,2026-09-16 09:00,12,대전,1,21.0,42.0,42.0,0.0,0.0,195.0,0.0,3.0,
KIM,2026-09-15 12:00,2026-09-16 12:00,15,대전,1,25.2,7.0,7.0,0.0,0.0,703.0,0.0,3.0,
KIM,2026-09-15 12:00,2026-09-16 15:00,18,대전,1,26.1,26.0,26.0,0.0,0.0,777.0,0.0,3.0,
KIM,2026-09-15 12:00,2026-09-16 18:00,21,대전,1,22.7,63.0,63.0,0.0,4.0,343.0,0.0,3.0,
KIM,2026-09-15 12:00,2026-09-16 21:00,24,대전,1,20.9,75.0,56.0,0.0,66.0,4.0,0.0,3.0,
KIM,2026-09-15 12:00,2026-09-17 00:00,27,대전,1,18.5,99.0,34.0,0.0,99.0,0.0,0.0,3.0,
KIM,2026-09-15 12:00,2026-09-17 03:00,30,대전,1,17.2,99.0,15.0,0.0,99.0,0.0,0.0,3.0,
KIM,2026-09-15 12:00,2026-09-17 06:00,33,대전,1,16.1,99.0,5.0,0.0,99.0,0.0,0.0,3.0,
KIM,2026-09-15 12:00,2026-09-17 09:00,36,대전,1,19.6,100.0,2.0,8.0,100.0,150.0,0.0,3.0,
KIM,2026-09-15 12:00,2026-09-17 12:00,39,대전,1,23.7,96.0,11.0,4.0,96.0,674.0,0.0,3.0,
KIM,2026-09-15 12:00,2026-09-17 15:00,42,대전,1,24.9,100.0,3.0,8.0,100.0,719.0,0.0,3.0,
KIM,2026-09-15 12:00,2026-09-17 18:00,45,대전,1,22.4,97.0,11.0,55.0,95.0,287.0,0.0,3.0,
KIM,2026-09-15 12:00,2026-09-17 21:00,48,대전,1,20.9,84.0,30.0,66.0,67.0,2.0,0.0,3.0,
KIM,2026-09-15 12:00,2026-09-18 00:00,51,대전,1,20.5,80.0,68.0,60.0,44.0,0.0,0.0,3.0,
KIM,2026-09-15 12:00,2026-09-18 03:00,54,대전,1,19.8,99.0,58.0,73.0,97.0,0.0,0.0,3.0,
KIM,2026-09-15 12:00,2026-09-18 06:00,57,대전,1,19.7,93.0,48.0,70.0,81.0,0.0,0.0,3.0,
KIM,2026-09-15 12:00,2026-09-19 00:00,75,대전,1,20.2,37.0,36.0,7.0,11.0,0.0,0.0,3.0,
KIM,2026-09-15 12:00,2026-09-19 03:00,78,대전,1,18.9,38.0,33.0,12.0,0.0,0.0,0.0,3.0,
KIM,2026-09-15 12:00,2026-09-19 06:00,81,대전,1,18.0,85.0,84.0,5.0,1.0,0.0,0.0,3.0,
KIM,2026-09-15 12:00,2026-09-19 09:00,84,대전,1,21.7,29.0,28.0,1.0,0.0,178.0,0.0,3.0,
KIM,2026-09-15 12:00,2026-09-19 12:00,87,대전,1,24.8,20.0,15.0,0.0,6.0,671.0,0.0,3.0,
KIM,2026-09-15 12:00,2026-09-19 15:00,90,대전,1,25.4,54.0,19.0,0.0,46.0,747.0,0.0,3.0,
KIM,2026-09-15 12:00,2026-09-19 18:00,93,대전,1,22.9,79.0,41.0,0.0,71.0,322.0,0.0,3.0,
KIM,2026-09-15 12:00,2026-09-19 21:00,96,대전,1,20.6,71.0,39.0,13.0,57.0,3.0,0.0,3.0,
KIM,2026-09-15 12:00,2026-09-20 00:00,99,대전,1,18.3,89.0,6.0,8.0,88.0,0.0,0.0,3.0,
KIM,2026-09-15 12:00,2026-09-20 03:00,102,대전,1,16.6,98.0,13.0,4.0,97.0,0.0,0.0,3.0,
KIM,2026-09-15 12:00,2026-09-20 06:00,105,대전,1,15.2,85.0,2.0,0.0,85.0,0.0,0.0,3.0,
KIM,2026-09-15 12:00,2026-09-20 09:00,108,대전,1,19.7,81.0,0.0,0.0,81.0,185.0,0.0,3.0,
KIM,2026-09-15 12:00,2026-09-20 12:00,111,대전,1,23.9,73.0,0.0,7.0,73.0,685.0,0.0,3.0,
KIM,2026-09-15 12:00,2026-09-20 15:00,114,대전,1,25.2,88.0,0.0,51.0,88.0,757.0,0.0,3.0,
KIM,2026-09-15 12:00,2026-09-20 18:00,117,대전,1,22.3,65.0,0.0,0.0,65.0,323.0,0.0,3.0,
KIM,2026-09-15 12:00,2026-09-20 21:00,120,대전,1,18.9,76.0,0.0,34.0,69.0,3.0,0.0,3.0,
KIM,2026-09-15 12:00,2026-09-21 09:00,132,대전,1,19.9,94.0,0.0,7.0,94.0,182.0,0.0,3.0,
KIM,2026-09-15 12:00,2026-09-21 21:00,144,대전,1,20.2,78.0,0.0,50.0,71.0,2.0,0.0,3.0,
KIM,2026-09-15 12:00,2026-09-22 09:00,156,대전,1,20.5,40.0,1.0,40.0,0.0,167.0,0.0,3.0,
KIM,2026-09-15 12:00,2026-09-22 21:00,168,대전,1,21.8,93.0,66.0,12.0,88.0,1.0,0.5,3.0,
KIM,2026-09-15 12:00,2026-09-23 09:00,180,대전,1,21.0,100.0,2.0,71.0,100.0,152.0,0.0,3.0,
KIM,2026-09-15 12:00,2026-09-23 21:00,192,대전,1,20.2,85.0,0.0,22.0,84.0,2.0,0.0,3.0,
KIM,2026-09-15 12:00,2026-09-24 09:00,204,대전,1,18.8,100.0,92.0,100.0,53.0,27.0,0.0,3.0,
KIM,2026-09-15 12:00,2026-09-24 21:00,216,대전,1,19.8,99.0,65.0,0.0,98.0,1.0,0.0,3.0,
KIM,2026-09-15 12:00,2026-09-25 09:00,228,대전,1,20.8,98.0,56.0,79.0,96.0,64.0,0.1,3.0,
KIM,2026-09-15 12:00,2026-09-25 21:00,240,대전,1,16.1,100.0,0.0,0.0,100.0,1.0,0.0,3.0,
KIM,2026-09-15 12:00,2026-09-26 09:00,252,대전,1,15.5,100.0,0.0,0.0,100.0,153.0,0.0,3.0,
KIM,2026-09-15 12:00,2026-09-26 21:00,264,대전,1,14.9,5.0,0.0,0.0,5.0,1.0,0.0,3.0,
KIM,2026-09-15 12:00,2026-09-27 09:00,276,대전,1,17.4,33.0,33.0,0.0,0.0,168.0,0.0,3.0,
KIM,2026-09-15 12:00,2026-09-27 21:00,288,대전,1,18.1,72.0,0.0,0.0,72.0,1.0,0.0,3.0,
KIM,2026-09-15 12:00,2026-09-15 21:00,0,대구,1,20.3,80.0,45.0,0.0,71.0,3.0,,3.0,
KIM,2026-09-15 12:00,2026-09-16 00:00,3,대구,1,18.5,100.0,61.0,0.0,100.0,0.0,0.0,3.0,
KIM,2026-09-15 12:00,2026-09-16 03:00,6,대구,1,17.5,100.0,67.0,0.0,100.0,0.0,0.0,3.0,
KIM,2026-09-15 12:00,2026-09-16 06:00,9,대구,1,17.1,99.0,37.0,0.0,98.0,0.0,0.0,3.0,
KIM,2026-09-15 12:00,2026-09-16 09:00,12,대구,1,22.0,35.0,22.0,0.0,17.0,187.0,0.0,3.0,
KIM,2026-09-15 12:00,2026-09-16 12:00,15,대구,1,25.4,1.0,1.0,0.0,0.0,719.0,0.0,3.0,
KIM,2026-09-15 12:00,2026-09-16 15:00,18,대구,1,25.3,7.0,7.0,0.0,0.0,783.0,0.0,3.0,
KIM,2026-09-15 12:00,2026-09-16 18:00,21,대구,1,21.3,15.0,13.0,0.0,2.0,336.0,0.0,3.0,
KIM,2026-09-15 12:00,2026-09-16 21:00,24,대구,1,19.0,56.0,0.0,0.0,56.0,3.0,0.0,3.0,
KIM,2026-09-15 12:00,2026-09-17 00:00,27,대구,1,17.7,96.0,23.0,0.0,96.0,0.0,0.0,3.0,
KIM,2026-09-15 12:00,2026-09-17 03:00,30,대구,1,16.5,99.0,30.0,0.0,99.0,0.0,0.0,3.0,
KIM,2026-09-15 12:00,2026-09-17 06:00,33,대구,1,17.1,100.0,27.0,0.0,100.0,0.0,0.0,3.0,
KIM,2026-09-15 12:00,2026-09-17 09:00,36,대구,1,21.8,100.0,22.0,0.0,100.0,180.0,0.0,3.0,
KIM,2026-09-15 12:00,2026-09-17 12:00,39,대구,1,24.6,74.0,12.0,0.0,71.0,698.0,0.0,3.0,
KIM,2026-09-15 12:00,2026-09-17 15:00,42,대구,1,24.5,94.0,7.0,6.0,93.0,771.0,0.0,3.0,
KIM,2026-09-15 12:00,2026-09-17 18:00,45,대구,1,21.5,99.0,49.0,64.0,99.0,294.0,0.0,3.0,
KIM,2026-09-15 12:00,2026-09-17 21:00,48,대구,1,21.2,100.0,69.0,87.0,100.0,2.0,0.0,3.0,
KIM,2026-09-15 12:00,2026-09-18 00:00,51,대구,1,21.2,100.0,74.0,73.0,99.0,0.0,0.0,3.0,
KIM,2026-09-15 12:00,2026-09-18 03:00,54,대구,1,21.0,100.0,77.0,77.0,100.0,0.0,0.0,3.0,
KIM,2026-09-15 12:00,2026-09-18 06:00,57,대구,1,20.8,88.0,64.0,65.0,73.0,0.0,0.0,3.0,
KIM,2026-09-15 12:00,2026-09-19 00:00,75,대구,1,19.4,99.0,92.0,92.0,91.0,0.0,1.9,3.0,
KIM,2026-09-15 12:00,2026-09-19 03:00,78,대구,1,19.7,99.0,95.0,96.0,24.0,0.0,2.8,3.0,
KIM,2026-09-15 12:00,2026-09-19 06:00,81,대구,1,19.0,100.0,63.0,92.0,7.0,0.0,0.1,3.0,
KIM,2026-09-15 12:00,2026-09-19 09:00,84,대구,1,21.7,85.0,67.0,57.0,60.0,159.0,0.0,3.0,
KIM,2026-09-15 12:00,2026-09-19 12:00,87,대구,1,24.0,76.0,75.0,6.0,0.0,565.0,0.2,3.0,
KIM,2026-09-15 12:00,2026-09-19 15:00,90,대구,1,24.5,76.0,74.0,0.0,15.0,473.0,0.1,3.0,
KIM,2026-09-15 12:00,2026-09-19 18:00,93,대구,1,22.2,74.0,50.0,2.0,58.0,156.0,0.0,3.0,
KIM,2026-09-15 12:00,2026-09-19 21:00,96,대구,1,19.4,73.0,26.0,29.0,63.0,2.0,0.0,3.0,
KIM,2026-09-15 12:00,2026-09-20 00:00,99,대구,1,17.6,86.0,38.0,35.0,74.0,0.0,0.0,3.0,
KIM,2026-09-15 12:00,2026-09-20 03:00,102,대구,1,16.8,94.0,45.0,21.0,90.0,0.0,0.0,3.0,
KIM,2026-09-15 12:00,2026-09-20 06:00,105,대구,1,16.5,96.0,43.0,5.0,93.0,0.0,0.0,3.0,
KIM,2026-09-15 12:00,2026-09-20 09:00,108,대구,1,20.9,96.0,10.0,0.0,96.0,198.0,0.0,3.0,
KIM,2026-09-15 12:00,2026-09-20 12:00,111,대구,1,25.3,56.0,8.0,0.0,53.0,697.0,0.0,3.0,
KIM,2026-09-15 12:00,2026-09-20 15:00,114,대구,1,26.6,89.0,2.0,52.0,86.0,753.0,0.0,3.0,
KIM,2026-09-15 12:00,2026-09-20 18:00,117,대구,1,23.1,47.0,14.0,28.0,30.0,305.0,0.0,3.0,
KIM,2026-09-15 12:00,2026-09-20 21:00,120,대구,1,19.7,49.0,20.0,0.0,46.0,1.0,0.0,3.0,
KIM,2026-09-15 12:00,2026-09-21 09:00,132,대구,1,19.7,84.0,0.0,17.0,81.0,203.0,0.0,3.0,
KIM,2026-09-15 12:00,2026-09-21 21:00,144,대구,1,19.2,64.0,6.0,14.0,60.0,1.0,0.0,3.0,
KIM,2026-09-15 12:00,2026-09-22 09:00,156,대구,1,20.4,59.0,57.0,6.0,22.0,135.0,0.0,3.0,
KIM,2026-09-15 12:00,2026-09-22 21:00,168,대구,1,19.4,66.0,20.0,26.0,56.0,1.0,0.0,3.0,
KIM,2026-09-15 12:00,2026-09-23 09:00,180,대구,1,20.8,60.0,0.0,19.0,53.0,136.0,0.0,3.0,
KIM,2026-09-15 12:00,2026-09-23 21:00,192,대구,1,18.6,87.0,0.0,30.0,84.0,1.0,0.0,3.0,
KIM,2026-09-15 12:00,2026-09-24 09:00,204,대구,1,19.5,100.0,10.0,100.0,5.0,41.0,0.0,3.0,
KIM,2026-09-15 12:00,2026-09-24 21:00,216,대구,1,19.8,94.0,1.0,0.0,94.0,1.0,0.0,3.0,
KIM,2026-09-15 12:00,2026-09-25 09:00,228,대구,1,21.7,96.0,43.0,80.0,86.0,89.0,0.0,3.0,
KIM,2026-09-15 12:00,2026-09-25 21:00,240,대구,1,18.5,89.0,0.0,1.0,89.0,0.0,0.0,3.0,
KIM,2026-09-15 12:00,2026-09-26 09:00,252,대구,1,16.5,94.0,0.0,0.0,94.0,163.0,0.0,3.0,
KIM,2026-09-15 12:00,2026-09-26 21:00,264,대구,1,15.9,53.0,0.0,0.0,53.0,0.0,0.0,3.0,
KIM,2026-09-15 12:00,2026-09-27 09:00,276,대구,1,18.2,0.0,0.0,0.0,0.0,177.0,0.0,3.0,
KIM,2026-09-15 12:00,2026-09-27 21:00,288,대구,1,18.1,99.0,0.0,0.0,99.0,0.0,0.0,3.0,
KIM,2026-09-15 12:00,2026-09-15 21:00,0,광주,1,19.1,98.0,81.0,0.0,95.0,5.0,,3.0,
KIM,2026-09-15 12:00,2026-09-16 00:00,3,광주,1,18.8,100.0,59.0,0.0,100.0,0.0,0.0,3.0,
KIM,2026-09-15 12:00,2026-09-16 03:00,6,광주,1,17.4,100.0,42.0,0.0,100.0,0.0,0.0,3.0,
KIM,2026-09-15 12:00,2026-09-16 06:00,9,광주,1,17.4,66.0,63.0,0.0,27.0,0.0,0.0,3.0,
KIM,2026-09-15 12:00,2026-09-16 09:00,12,광주,1,22.4,27.0,27.0,0.0,0.0,170.0,0.0,3.0,
KIM,2026-09-15 12:00,2026-09-16 12:00,15,광주,1,26.3,15.0,15.0,0.0,0.0,658.0,0.3,3.0,
KIM,2026-09-15 12:00,2026-09-16 15:00,18,광주,1,27.0,36.0,27.0,0.0,10.0,578.0,0.2,3.0,
KIM,2026-09-15 12:00,2026-09-16 18:00,21,광주,1,23.6,92.0,70.0,0.0,82.0,265.0,0.2,3.0,
KIM,2026-09-15 12:00,2026-09-16 21:00,24,광주,1,20.9,99.0,73.0,0.0,97.0,2.0,0.0,3.0,
KIM,2026-09-15 12:00,2026-09-17 00:00,27,광주,1,20.1,100.0,58.0,0.0,100.0,0.0,0.0,3.0,
KIM,2026-09-15 12:00,2026-09-17 03:00,30,광주,1,18.2,99.0,24.0,1.0,99.0,0.0,0.0,3.0,
KIM,2026-09-15 12:00,2026-09-17 06:00,33,광주,1,16.5,99.0,3.0,0.0,99.0,0.0,0.0,3.0,
KIM,2026-09-15 12:00,2026-09-17 09:00,36,광주,1,21.7,87.0,0.0,13.0,85.0,182.0,0.0,3.0,
KIM,2026-09-15 12:00,2026-09-17 12:00,39,광주,1,26.2,77.0,3.0,3.0,77.0,694.0,0.0,3.0,
KIM,2026-09-15 12:00,2026-09-17 15:00,42,광주,1,27.0,92.0,6.0,72.0,83.0,763.0,0.0,3.0,
KIM,2026-09-15 12:00,2026-09-17 18:00,45,광주,1,24.5,99.0,25.0,87.0,98.0,266.0,0.0,3.0,
KIM,2026-09-15 12:00,2026-09-17 21:00,48,광주,1,22.3,92.0,3.0,86.0,77.0,3.0,0.0,3.0,
KIM,2026-09-15 12:00,2026-09-18 00:00,51,광주,1,20.0,99.0,7.0,77.0,99.0,0.0,0.0,3.0,
KIM,2026-09-15 12:00,2026-09-18 03:00,54,광주,1,19.7,94.0,6.0,56.0,90.0,0.0,0.0,3.0,
KIM,2026-09-15 12:00,2026-09-18 06:00,57,광주,1,19.6,83.0,23.0,63.0,71.0,0.0,0.0,3.0,
KIM,2026-09-15 12:00,2026-09-19 00:00,75,광주,1,18.5,95.0,70.0,92.0,10.0,0.0,6.2,3.0,
KIM,2026-09-15 12:00,2026-09-19 03:00,78,광주,1,18.3,96.0,28.0,95.0,8.0,0.0,0.0,3.0,
KIM,2026-09-15 12:00,2026-09-19 06:00,81,광주,1,18.0,88.0,26.0,86.0,21.0,0.0,0.0,3.0,
KIM,2026-09-15 12:00,2026-09-19 09:00,84,광주,1,22.2,26.0,1.0,26.0,0.0,169.0,0.0,3.0,
KIM,2026-09-15 12:00,2026-09-19 12:00,87,광주,1,26.4,19.0,12.0,8.0,0.0,662.0,0.0,3.0,
KIM,2026-09-15 12:00,2026-09-19 15:00,90,광주,1,27.3,63.0,47.0,4.0,32.0,702.0,0.3,3.0,
KIM,2026-09-15 12:00,2026-09-19 18:00,93,광주,1,24.6,77.0,68.0,0.0,35.0,278.0,0.2,3.0,
KIM,2026-09-15 12:00,2026-09-19 21:00,96,광주,1,21.7,74.0,40.0,0.0,63.0,3.0,0.0,3.0,
KIM,2026-09-15 12:00,2026-09-20 00:00,99,광주,1,19.1,98.0,18.0,0.0,98.0,0.0,0.0,3.0,
KIM,2026-09-15 12:00,2026-09-20 03:00,102,광주,1,17.7,97.0,1.0,0.0,97.0,0.0,0.0,3.0,
KIM,2026-09-15 12:00,2026-09-20 06:00,105,광주,1,16.3,93.0,0.0,0.0,93.0,0.0,0.0,3.0,
KIM,2026-09-15 12:00,2026-09-20 09:00,108,광주,1,21.5,73.0,0.0,0.0,73.0,178.0,0.0,3.0,
KIM,2026-09-15 12:00,2026-09-20 12:00,111,광주,1,25.7,75.0,4.0,10.0,73.0,682.0,0.0,3.0,
KIM,2026-09-15 12:00,2026-09-20 15:00,114,광주,1,26.8,82.0,0.0,2.0,81.0,765.0,0.0,3.0,
KIM,2026-09-15 12:00,2026-09-20 18:00,117,광주,1,22.9,49.0,0.0,12.0,47.0,334.0,0.0,3.0,
KIM,2026-09-15 12:00,2026-09-20 21:00,120,광주,1,19.7,81.0,3.0,29.0,79.0,3.0,0.0,3.0,
KIM,2026-09-15 12:00,2026-09-21 09:00,132,광주,1,21.3,88.0,0.0,13.0,84.0,175.0,0.0,3.0,
KIM,2026-09-15 12:00,2026-09-21 21:00,144,광주,1,19.8,92.0,0.0,39.0,90.0,3.0,0.0,3.0,
KIM,2026-09-15 12:00,2026-09-22 09:00,156,광주,1,21.5,29.0,1.0,28.0,3.0,155.0,0.0,3.0,
KIM,2026-09-15 12:00,2026-09-22 21:00,168,광주,1,21.4,89.0,79.0,44.0,54.0,1.0,0.4,3.0,
KIM,2026-09-15 12:00,2026-09-23 09:00,180,광주,1,21.6,96.0,0.0,46.0,95.0,131.0,0.0,3.0,
KIM,2026-09-15 12:00,2026-09-23 21:00,192,광주,1,21.1,100.0,0.0,97.0,95.0,2.0,0.0,3.0,
KIM,2026-09-15 12:00,2026-09-24 09:00,204,광주,1,19.6,99.0,59.0,97.0,88.0,16.0,0.0,3.0,
KIM,2026-09-15 12:00,2026-09-24 21:00,216,광주,1,20.4,100.0,49.0,2.0,100.0,2.0,0.0,3.0,
KIM,2026-09-15 12:00,2026-09-25 09:00,228,광주,1,21.6,100.0,60.0,99.0,92.0,63.0,0.0,3.0,
KIM,2026-09-15 12:00,2026-09-25 21:00,240,광주,1,18.1,92.0,5.0,51.0,92.0,1.0,2.9,3.0,
KIM,2026-09-15 12:00,2026-09-26 09:00,252,광주,1,17.1,40.0,0.0,0.0,40.0,166.0,0.0,3.0,
KIM,2026-09-15 12:00,2026-09-26 21:00,264,광주,1,17.2,97.0,0.0,37.0,97.0,1.0,0.0,3.0,
KIM,2026-09-15 12:00,2026-09-27 09:00,276,광주,1,19.3,59.0,0.0,0.0,59.0,166.0,0.0,3.0,
KIM,2026-09-15 12:00,2026-09-27 21:00,288,광주,1,19.2,94.0,0.0,0.0,94.0,1.0,0.0,3.0,
KIM,2026-09-15 12:00,2026-09-15 21:00,0,부산,1,22.1,100.0,30.0,0.0,100.0,3.0,,3.0,
KIM,2026-09-15 12:00,2026-09-16 00:00,3,부산,1,21.2,100.0,16.0,0.0,100.0,0.0,0.0,3.0,
KIM,2026-09-15 12:00,2026-09-16 03:00,6,부산,1,21.0,100.0,13.0,3.0,100.0,0.0,0.0,3.0,
KIM,2026-09-15 12:00,2026-09-16 06:00,9,부산,1,20.7,98.0,7.0,17.0,98.0,0.0,0.0,3.0,
KIM,2026-09-15 12:00,2026-09-16 09:00,12,부산,1,23.4,88.0,1.0,8.0,87.0,119.0,0.0,3.0,
KIM,2026-09-15 12:00,2026-09-16 12:00,15,부산,1,26.3,0.0,0.0,0.0,0.0,646.0,0.0,3.0,
KIM,2026-09-15 12:00,2026-09-16 15:00,18,부산,1,25.9,1.0,1.0,0.0,0.0,778.0,0.0,3.0,
KIM,2026-09-15 12:00,2026-09-16 18:00,21,부산,1,22.7,38.0,2.0,0.0,37.0,331.0,0.0,3.0,
KIM,2026-09-15 12:00,2026-09-16 21:00,24,부산,1,20.9,88.0,26.0,0.0,83.0,2.0,0.0,3.0,
KIM,2026-09-15 12:00,2026-09-17 00:00,27,부산,1,20.6,93.0,47.0,0.0,89.0,0.0,0.0,3.0,
KIM,2026-09-15 12:00,2026-09-17 03:00,30,부산,1,21.0,100.0,50.0,0.0,100.0,0.0,0.0,3.0,
KIM,2026-09-15 12:00,2026-09-17 06:00,33,부산,1,21.2,99.0,55.0,0.0,99.0,0.0,0.0,3.0,
KIM,2026-09-15 12:00,2026-09-17 09:00,36,부산,1,24.0,100.0,48.0,0.0,99.0,198.0,0.0,3.0,
KIM,2026-09-15 12:00,2026-09-17 12:00,39,부산,1,25.8,88.0,35.0,0.0,76.0,703.0,0.0,3.0,
KIM,2026-09-15 12:00,2026-09-17 15:00,42,부산,1,25.4,100.0,40.0,0.0,100.0,762.0,0.0,3.0,
KIM,2026-09-15 12:00,2026-09-17 18:00,45,부산,1,22.8,98.0,52.0,58.0,97.0,308.0,0.0,3.0,
KIM,2026-09-15 12:00,2026-09-17 21:00,48,부산,1,22.4,97.0,49.0,89.0,91.0,2.0,0.0,3.0,
KIM,2026-09-15 12:00,2026-09-18 00:00,51,부산,1,22.5,97.0,44.0,92.0,90.0,0.0,0.0,3.0,
KIM,2026-09-15 12:00,2026-09-18 03:00,54,부산,1,22.4,99.0,68.0,95.0,73.0,0.0,0.0,3.0,
KIM,2026-09-15 12:00,2026-09-18 06:00,57,부산,1,22.4,100.0,82.0,99.0,91.0,0.0,0.0,3.0,
KIM,2026-09-15 12:00,2026-09-19 00:00,75,부산,1,21.0,100.0,80.0,100.0,42.0,0.0,2.9,3.0,
KIM,2026-09-15 12:00,2026-09-19 03:00,78,부산,1,21.2,100.0,83.0,100.0,18.0,0.0,0.3,3.0,
KIM,2026-09-15 12:00,2026-09-19 06:00,81,부산,1,20.4,100.0,84.0,98.0,12.0,0.0,0.9,3.0,
KIM,2026-09-15 12:00,2026-09-19 09:00,84,부산,1,20.8,100.0,70.0,99.0,24.0,31.0,0.5,3.0,
KIM,2026-09-15 12:00,2026-09-19 12:00,87,부산,1,22.5,74.0,70.0,35.0,0.0,144.0,0.2,3.0,
KIM,2026-09-15 12:00,2026-09-19 15:00,90,부산,1,23.4,83.0,78.0,12.0,11.0,360.0,0.0,3.0,
KIM,2026-09-15 12:00,2026-09-19 18:00,93,부산,1,22.4,76.0,46.0,2.0,63.0,214.0,0.0,3.0,
KIM,2026-09-15 12:00,2026-09-19 21:00,96,부산,1,21.1,61.0,32.0,17.0,45.0,1.0,0.0,3.0,
KIM,2026-09-15 12:00,2026-09-20 00:00,99,부산,1,20.6,87.0,33.0,5.0,79.0,0.0,0.0,3.0,
KIM,2026-09-15 12:00,2026-09-20 03:00,102,부산,1,20.0,90.0,46.0,1.0,82.0,0.0,0.0,3.0,
KIM,2026-09-15 12:00,2026-09-20 06:00,105,부산,1,19.9,97.0,75.0,0.0,93.0,0.0,0.0,3.0,
KIM,2026-09-15 12:00,2026-09-20 09:00,108,부산,1,23.0,96.0,32.0,0.0,95.0,172.0,0.0,3.0,
KIM,2026-09-15 12:00,2026-09-20 12:00,111,부산,1,26.8,69.0,22.0,0.0,62.0,692.0,0.0,3.0,
KIM,2026-09-15 12:00,2026-09-20 15:00,114,부산,1,27.3,76.0,15.0,4.0,73.0,753.0,0.0,3.0,
KIM,2026-09-15 12:00,2026-09-20 18:00,117,부산,1,23.1,69.0,27.0,10.0,53.0,306.0,0.0,3.0,
KIM,2026-09-15 12:00,2026-09-20 21:00,120,부산,1,20.4,40.0,26.0,0.0,26.0,1.0,0.0,3.0,
KIM,2026-09-15 12:00,2026-09-21 09:00,132,부산,1,22.1,71.0,29.0,17.0,68.0,200.0,0.0,3.0,
KIM,2026-09-15 12:00,2026-09-21 21:00,144,부산,1,20.8,70.0,4.0,0.0,68.0,1.0,0.0,3.0,
KIM,2026-09-15 12:00,2026-09-22 09:00,156,부산,1,23.3,90.0,63.0,0.0,79.0,191.0,0.0,3.0,
KIM,2026-09-15 12:00,2026-09-22 21:00,168,부산,1,21.4,51.0,7.0,9.0,42.0,1.0,0.1,3.0,
KIM,2026-09-15 12:00,2026-09-23 09:00,180,부산,1,23.4,90.0,0.0,17.0,89.0,158.0,0.0,3.0,
KIM,2026-09-15 12:00,2026-09-23 21:00,192,부산,1,20.2,99.0,0.0,49.0,99.0,1.0,0.0,3.0,
KIM,2026-09-15 12:00,2026-09-24 09:00,204,부산,1,22.9,98.0,12.0,96.0,54.0,43.0,0.0,3.0,
KIM,2026-09-15 12:00,2026-09-24 21:00,216,부산,1,21.8,100.0,9.0,0.0,100.0,0.0,0.0,3.0,
KIM,2026-09-15 12:00,2026-09-25 09:00,228,부산,1,21.4,100.0,41.0,94.0,100.0,24.0,0.0,3.0,
KIM,2026-09-15 12:00,2026-09-25 21:00,240,부산,1,18.8,43.0,0.0,22.0,30.0,0.0,1.2,3.0,
KIM,2026-09-15 12:00,2026-09-26 09:00,252,부산,1,20.1,70.0,0.0,0.0,70.0,193.0,0.0,3.0,
KIM,2026-09-15 12:00,2026-09-26 21:00,264,부산,1,18.7,99.0,0.0,27.0,99.0,0.0,0.0,3.0,
KIM,2026-09-15 12:00,2026-09-27 09:00,276,부산,1,21.5,29.0,0.0,0.0,29.0,188.0,0.0,3.0,
KIM,2026-09-15 12:00,2026-09-27 21:00,288,부산,1,19.1,94.0,0.0,0.0,94.0,0.0,0.0,3.0,
KIM,2026-09-15 12:00,2026-09-15 21:00,0,인천,0,18.3,0.0,0.0,0.0,0.0,5.0,,3.0,
KIM,2026-09-15 12:00,2026-09-16 00:00,3,인천,0,16.1,0.0,0.0,0.0,0.0,0.0,0.0,3.0,
KIM,2026-09-15 12:00,2026-09-16 03:00,6,인천,0,14.0,0.0,0.0,0.0,0.0,0.0,0.0,3.0,
KIM,2026-09-15 12:00,2026-09-16 06:00,9,인천,0,12.6,0.0,0.0,0.0,0.0,0.0,0.0,3.0,
KIM,2026-09-15 12:00,2026-09-16 09:00,12,인천,0,18.3,0.0,0.0,0.0,0.0,186.0,0.0,3.0,
KIM,2026-09-15 12:00,2026-09-16 12:00,15,인천,0,23.8,0.0,0.0,0.0,0.0,692.0,0.0,3.0,
KIM,2026-09-15 12:00,2026-09-16 15:00,18,인천,0,24.8,0.0,0.0,0.0,0.0,772.0,0.0,3.0,
KIM,2026-09-15 12:00,2026-09-16 18:00,21,인천,0,22.0,0.0,0.0,0.0,0.0,343.0,0.0,3.0,
KIM,2026-09-15 12:00,2026-09-16 21:00,24,인천,0,19.1,8.0,1.0,0.0,8.0,5.0,0.0,3.0,
KIM,2026-09-15 12:00,2026-09-17 00:00,27,인천,0,17.7,81.0,7.0,0.0,79.0,0.0,0.0,3.0,
KIM,2026-09-15 12:00,2026-09-17 03:00,30,인천,0,16.5,87.0,12.0,0.0,86.0,0.0,0.0,3.0,
KIM,2026-09-15 12:00,2026-09-17 06:00,33,인천,0,15.3,97.0,4.0,0.0,97.0,0.0,0.0,3.0,
KIM,2026-09-15 12:00,2026-09-17 09:00,36,인천,0,19.1,99.0,0.0,0.0,99.0,153.0,0.0,3.0,
KIM,2026-09-15 12:00,2026-09-17 12:00,39,인천,0,23.7,100.0,0.0,6.0,100.0,557.0,0.0,3.0,
KIM,2026-09-15 12:00,2026-09-17 15:00,42,인천,0,25.6,100.0,0.0,14.0,100.0,629.0,0.0,3.0,
KIM,2026-09-15 12:00,2026-09-17 18:00,45,인천,0,22.8,100.0,0.0,40.0,100.0,237.0,0.0,3.0,
KIM,2026-09-15 12:00,2026-09-17 21:00,48,인천,0,21.1,85.0,28.0,65.0,68.0,2.0,0.0,3.0,
KIM,2026-09-15 12:00,2026-09-18 00:00,51,인천,0,19.0,78.0,19.0,63.0,63.0,0.0,0.0,3.0,
KIM,2026-09-15 12:00,2026-09-18 03:00,54,인천,0,18.2,72.0,30.0,59.0,26.0,0.0,0.0,3.0,
KIM,2026-09-15 12:00,2026-09-18 06:00,57,인천,0,17.5,84.0,38.0,81.0,1.0,0.0,0.0,3.0,
KIM,2026-09-15 12:00,2026-09-19 00:00,75,인천,0,18.9,52.0,52.0,0.0,0.0,0.0,0.0,3.0,
KIM,2026-09-15 12:00,2026-09-19 03:00,78,인천,0,18.1,54.0,54.0,0.0,0.0,0.0,0.0,3.0,
KIM,2026-09-15 12:00,2026-09-19 06:00,81,인천,0,17.3,61.0,61.0,0.0,0.0,0.0,0.0,3.0,
KIM,2026-09-15 12:00,2026-09-19 09:00,84,인천,0,21.3,8.0,8.0,0.0,0.0,165.0,0.0,3.0,
KIM,2026-09-15 12:00,2026-09-19 12:00,87,인천,0,25.3,11.0,0.0,3.0,9.0,650.0,0.0,3.0,
KIM,2026-09-15 12:00,2026-09-19 15:00,90,인천,0,26.7,10.0,0.0,0.0,10.0,731.0,0.0,3.0,
KIM,2026-09-15 12:00,2026-09-19 18:00,93,인천,0,23.1,48.0,4.0,0.0,46.0,319.0,0.0,3.0,
KIM,2026-09-15 12:00,2026-09-19 21:00,96,인천,0,19.7,86.0,53.0,2.0,80.0,3.0,0.0,3.0,
KIM,2026-09-15 12:00,2026-09-20 00:00,99,인천,0,17.9,78.0,36.0,13.0,68.0,0.0,0.0,3.0,
KIM,2026-09-15 12:00,2026-09-20 03:00,102,인천,0,16.5,97.0,17.0,1.0,97.0,0.0,0.0,3.0,
KIM,2026-09-15 12:00,2026-09-20 06:00,105,인천,0,15.5,86.0,19.0,0.0,83.0,0.0,0.0,3.0,
KIM,2026-09-15 12:00,2026-09-20 09:00,108,인천,0,19.5,92.0,9.0,0.0,92.0,165.0,0.0,3.0,
KIM,2026-09-15 12:00,2026-09-20 12:00,111,인천,0,23.8,33.0,0.0,0.0,33.0,654.0,0.0,3.0,
KIM,2026-09-15 12:00,2026-09-20 15:00,114,인천,0,25.2,65.0,0.0,0.0,65.0,735.0,0.0,3.0,
KIM,2026-09-15 12:00,2026-09-20 18:00,117,인천,0,22.2,74.0,0.0,3.0,74.0,314.0,0.0,3.0,
KIM,2026-09-15 12:00,2026-09-20 21:00,120,인천,0,19.7,96.0,0.0,45.0,95.0,3.0,0.0,3.0,
KIM,2026-09-15 12:00,2026-09-21 09:00,132,인천,0,20.0,91.0,0.0,0.0,91.0,162.0,0.0,3.0,
KIM,2026-09-15 12:00,2026-09-21 21:00,144,인천,0,20.3,44.0,0.0,0.0,44.0,3.0,0.0,3.0,
KIM,2026-09-15 12:00,2026-09-22 09:00,156,인천,0,19.7,77.0,0.0,77.0,0.0,157.0,0.0,3.0,
KIM,2026-09-15 12:00,2026-09-22 21:00,168,인천,0,20.1,92.0,32.0,0.0,91.0,2.0,0.0,3.0,
KIM,2026-09-15 12:00,2026-09-23 09:00,180,인천,0,20.9,98.0,0.0,36.0,98.0,123.0,0.0,3.0,
KIM,2026-09-15 12:00,2026-09-23 21:00,192,인천,0,20.4,100.0,3.0,0.0,100.0,2.0,0.0,3.0,
KIM,2026-09-15 12:00,2026-09-24 09:00,204,인천,0,21.8,54.0,41.0,11.0,16.0,152.0,0.2,3.0,
KIM,2026-09-15 12:00,2026-09-24 21:00,216,인천,0,20.8,96.0,43.0,0.0,96.0,2.0,0.0,3.0,
KIM,2026-09-15 12:00,2026-09-25 09:00,228,인천,0,18.2,96.0,0.0,80.0,93.0,61.0,1.7,3.0,
KIM,2026-09-15 12:00,2026-09-25 21:00,240,인천,0,15.6,9.0,0.0,0.0,9.0,2.0,0.0,3.0,
KIM,2026-09-15 12:00,2026-09-26 09:00,252,인천,0,15.4,50.0,0.0,0.0,50.0,162.0,0.0,3.0,
KIM,2026-09-15 12:00,2026-09-26 21:00,264,인천,0,17.5,9.0,0.0,5.0,5.0,1.0,0.0,3.0,
KIM,2026-09-15 12:00,2026-09-27 09:00,276,인천,0,18.4,5.0,5.0,0.0,0.0,148.0,0.0,3.0,
KIM,2026-09-15 12:00,2026-09-27 21:00,288,인천,0,19.1,50.0,0.0,0.0,50.0,1.0,0.0,3.0,
KIM,2026-09-15 12:00,2026-09-15 21:00,0,수원,0,17.2,0.0,0.0,0.0,0.0,5.0,,3.0,
KIM,2026-09-15 12:00,2026-09-16 00:00,3,수원,0,15.3,0.0,0.0,0.0,0.0,0.0,0.0,3.0,
KIM,2026-09-15 12:00,2026-09-16 03:00,6,수원,0,13.3,0.0,0.0,0.0,0.0,0.0,0.0,3.0,
KIM,2026-09-15 12:00,2026-09-16 06:00,9,수원,0,11.9,0.0,0.0,0.0,0.0,0.0,0.0,3.0,
KIM,2026-09-15 12:00,2026-09-16 09:00,12,수원,0,20.0,0.0,0.0,0.0,0.0,190.0,0.0,3.0,
KIM,2026-09-15 12:00,2026-09-16 12:00,15,수원,0,25.7,0.0,0.0,0.0,0.0,694.0,0.0,3.0,
KIM,2026-09-15 12:00,2026-09-16 15:00,18,수원,0,27.3,0.0,0.0,0.0,0.0,775.0,0.0,3.0,
KIM,2026-09-15 12:00,2026-09-16 18:00,21,수원,0,24.1,0.0,0.0,0.0,0.0,346.0,0.0,3.0,
KIM,2026-09-15 12:00,2026-09-16 21:00,24,수원,0,19.3,20.0,11.0,0.0,10.0,4.0,0.0,3.0,
KIM,2026-09-15 12:00,2026-09-17 00:00,27,수원,0,18.8,82.0,16.0,0.0,79.0,0.0,0.0,3.0,
KIM,2026-09-15 12:00,2026-09-17 03:00,30,수원,0,17.1,86.0,12.0,0.0,85.0,0.0,0.0,3.0,
KIM,2026-09-15 12:00,2026-09-17 06:00,33,수원,0,16.1,98.0,2.0,0.0,98.0,0.0,0.0,3.0,
KIM,2026-09-15 12:00,2026-09-17 09:00,36,수원,0,20.2,99.0,0.0,0.0,99.0,161.0,0.0,3.0,
KIM,2026-09-15 12:00,2026-09-17 12:00,39,수원,0,24.4,99.0,3.0,3.0,99.0,567.0,0.0,3.0,
KIM,2026-09-15 12:00,2026-09-17 15:00,42,수원,0,25.9,99.0,0.0,23.0,99.0,639.0,0.0,3.0,
KIM,2026-09-15 12:00,2026-09-17 18:00,45,수원,0,23.8,99.0,0.0,42.0,99.0,241.0,0.0,3.0,
KIM,2026-09-15 12:00,2026-09-17 21:00,48,수원,0,21.8,77.0,15.0,59.0,56.0,2.0,0.0,3.0,
KIM,2026-09-15 12:00,2026-09-18 00:00,51,수원,0,19.9,68.0,16.0,52.0,48.0,0.0,0.0,3.0,
KIM,2026-09-15 12:00,2026-09-18 03:00,54,수원,0,18.8,74.0,32.0,67.0,11.0,0.0,0.0,3.0,
KIM,2026-09-15 12:00,2026-09-18 06:00,57,수원,0,18.0,68.0,27.0,63.0,0.0,0.0,0.0,3.0,
KIM,2026-09-15 12:00,2026-09-19 00:00,75,수원,0,19.6,23.0,22.0,0.0,0.0,0.0,0.0,3.0,
KIM,2026-09-15 12:00,2026-09-19 03:00,78,수원,0,18.7,34.0,34.0,1.0,0.0,0.0,0.0,3.0,
KIM,2026-09-15 12:00,2026-09-19 06:00,81,수원,0,18.3,46.0,44.0,3.0,0.0,0.0,0.0,3.0,
KIM,2026-09-15 12:00,2026-09-19 09:00,84,수원,0,22.2,2.0,1.0,0.0,0.0,172.0,0.0,3.0,
KIM,2026-09-15 12:00,2026-09-19 12:00,87,수원,0,26.1,20.0,0.0,1.0,19.0,661.0,0.0,3.0,
KIM,2026-09-15 12:00,2026-09-19 15:00,90,수원,0,27.4,31.0,0.0,0.0,31.0,740.0,0.0,3.0,
KIM,2026-09-15 12:00,2026-09-19 18:00,93,수원,0,24.0,55.0,11.0,0.0,47.0,321.0,0.0,3.0,
KIM,2026-09-15 12:00,2026-09-19 21:00,96,수원,0,20.3,85.0,43.0,0.0,79.0,3.0,0.0,3.0,
KIM,2026-09-15 12:00,2026-09-20 00:00,99,수원,0,18.6,80.0,30.0,21.0,72.0,0.0,0.0,3.0,
KIM,2026-09-15 12:00,2026-09-20 03:00,102,수원,0,16.7,91.0,20.0,5.0,90.0,0.0,0.0,3.0,
KIM,2026-09-15 12:00,2026-09-20 06:00,105,수원,0,15.7,85.0,21.0,0.0,83.0,0.0,0.0,3.0,
KIM,2026-09-15 12:00,2026-09-20 09:00,108,수원,0,20.9,92.0,3.0,0.0,92.0,173.0,0.0,3.0,
KIM,2026-09-15 12:00,2026-09-20 12:00,111,수원,0,25.7,42.0,0.0,0.0,42.0,665.0,0.0,3.0,
KIM,2026-09-15 12:00,2026-09-20 15:00,114,수원,0,27.2,84.0,0.0,0.0,84.0,744.0,0.0,3.0,
KIM,2026-09-15 12:00,2026-09-20 18:00,117,수원,0,23.9,75.0,0.0,0.0,75.0,319.0,0.0,3.0,
KIM,2026-09-15 12:00,2026-09-20 21:00,120,수원,0,19.9,91.0,0.0,35.0,89.0,3.0,0.0,3.0,
KIM,2026-09-15 12:00,2026-09-21 09:00,132,수원,0,20.7,78.0,0.0,0.0,78.0,170.0,0.0,3.0,
KIM,2026-09-15 12:00,2026-09-21 21:00,144,수원,0,21.0,62.0,0.0,0.0,62.0,2.0,0.0,3.0,
KIM,2026-09-15 12:00,2026-09-22 09:00,156,수원,0,20.8,71.0,0.0,71.0,0.0,149.0,0.0,3.0,
KIM,2026-09-15 12:00,2026-09-22 21:00,168,수원,0,21.0,88.0,14.0,0.0,87.0,1.0,0.1,3.0,
KIM,2026-09-15 12:00,2026-09-23 09:00,180,수원,0,21.7,96.0,1.0,57.0,92.0,144.0,0.0,3.0,
KIM,2026-09-15 12:00,2026-09-23 21:00,192,수원,0,20.7,100.0,0.0,0.0,100.0,2.0,0.0,3.0,
KIM,2026-09-15 12:00,2026-09-24 09:00,204,수원,0,20.8,64.0,51.0,38.0,1.0,58.0,0.0,3.0,
KIM,2026-09-15 12:00,2026-09-24 21:00,216,수원,0,20.8,95.0,19.0,0.0,95.0,0.0,0.0,3.0,
KIM,2026-09-15 12:00,2026-09-25 09:00,228,수원,0,19.4,95.0,1.0,82.0,92.0,79.0,0.4,3.0,
KIM,2026-09-15 12:00,2026-09-25 21:00,240,수원,0,16.6,31.0,0.0,0.0,31.0,1.0,0.0,3.0,
KIM,2026-09-15 12:00,2026-09-26 09:00,252,수원,0,16.2,73.0,0.0,0.0,73.0,170.0,0.0,3.0,
KIM,2026-09-15 12:00,2026-09-26 21:00,264,수원,0,16.5,1.0,0.0,1.0,0.0,1.0,0.0,3.0,
KIM,2026-09-15 12:00,2026-09-27 09:00,276,수원,0,19.6,9.0,9.0,0.0,0.0,155.0,0.0,3.0,
KIM,2026-09-15 12:00,2026-09-27 21:00,288,수원,0,18.6,66.0,0.0,0.0,66.0,1.0,0.0,3.0,
KIM,2026-09-15 12:00,2026-09-15 21:00,0,전주,0,18.2,90.0,65.0,0.0,83.0,5.0,,3.0,
KIM,2026-09-15 12:00,2026-09-16 00:00,3,전주,0,16.8,99.0,56.0,0.0,98.0,0.0,0.0,3.0,
KIM,2026-09-15 12:00,2026-09-16 03:00,6,전주,0,15.8,99.0,61.0,0.0,98.0,0.0,0.0,3.0,
KIM,2026-09-15 12:00,2026-09-16 06:00,9,전주,0,16.4,80.0,78.0,0.0,27.0,0.0,0.0,3.0,
KIM,2026-09-15 12:00,2026-09-16 09:00,12,전주,0,21.7,45.0,45.0,0.0,0.0,181.0,0.0,3.0,
KIM,2026-09-15 12:00,2026-09-16 12:00,15,전주,0,24.8,18.0,18.0,0.0,0.0,681.0,0.2,3.0,
KIM,2026-09-15 12:00,2026-09-16 15:00,18,전주,0,24.4,47.0,47.0,0.0,0.0,680.0,0.3,3.0,
KIM,2026-09-15 12:00,2026-09-16 18:00,21,전주,0,22.1,83.0,77.0,0.0,27.0,187.0,0.1,3.0,
KIM,2026-09-15 12:00,2026-09-16 21:00,24,전주,0,20.5,93.0,52.0,0.0,91.0,1.0,0.0,3.0,
KIM,2026-09-15 12:00,2026-09-17 00:00,27,전주,0,18.1,96.0,25.0,0.0,96.0,0.0,0.0,3.0,
KIM,2026-09-15 12:00,2026-09-17 03:00,30,전주,0,16.8,99.0,15.0,0.0,99.0,0.0,0.0,3.0,
KIM,2026-09-15 12:00,2026-09-17 06:00,33,전주,0,16.2,100.0,5.0,0.0,100.0,0.0,0.0,3.0,
KIM,2026-09-15 12:00,2026-09-17 09:00,36,전주,0,20.6,97.0,7.0,3.0,97.0,178.0,0.0,3.0,
KIM,2026-09-15 12:00,2026-09-17 12:00,39,전주,0,24.3,86.0,7.0,3.0,83.0,692.0,0.0,3.0,
KIM,2026-09-15 12:00,2026-09-17 15:00,42,전주,0,25.0,98.0,7.0,21.0,98.0,735.0,0.0,3.0,
KIM,2026-09-15 12:00,2026-09-17 18:00,45,전주,0,21.9,96.0,20.0,70.0,94.0,288.0,0.0,3.0,
KIM,2026-09-15 12:00,2026-09-17 21:00,48,전주,0,20.2,79.0,10.0,57.0,68.0,3.0,0.0,3.0,
KIM,2026-09-15 12:00,2026-09-18 00:00,51,전주,0,19.0,84.0,46.0,16.0,81.0,0.0,0.0,3.0,
KIM,2026-09-15 12:00,2026-09-18 03:00,54,전주,0,18.8,100.0,34.0,85.0,100.0,0.0,0.0,3.0,
KIM,2026-09-15 12:00,2026-09-18 06:00,57,전주,0,18.9,93.0,38.0,71.0,71.0,0.0,0.0,3.0,
KIM,2026-09-15 12:00,2026-09-19 00:00,75,전주,0,19.7,72.0,60.0,53.0,39.0,0.0,0.0,3.0,
KIM,2026-09-15 12:00,2026-09-19 03:00,78,전주,0,18.4,64.0,37.0,55.0,4.0,0.0,0.0,3.0,
KIM,2026-09-15 12:00,2026-09-19 06:00,81,전주,0,18.1,74.0,71.0,29.0,29.0,0.0,0.0,3.0,
KIM,2026-09-15 12:00,2026-09-19 09:00,84,전주,0,21.4,39.0,39.0,0.0,0.0,179.0,0.0,3.0,
KIM,2026-09-15 12:00,2026-09-19 12:00,87,전주,0,24.6,22.0,21.0,0.0,1.0,670.0,0.0,3.0,
KIM,2026-09-15 12:00,2026-09-19 15:00,90,전주,0,24.8,57.0,34.0,0.0,39.0,752.0,0.0,3.0,
KIM,2026-09-15 12:00,2026-09-19 18:00,93,전주,0,21.9,74.0,44.0,1.0,64.0,321.0,0.0,3.0,
KIM,2026-09-15 12:00,2026-09-19 21:00,96,전주,0,19.7,49.0,32.0,5.0,31.0,3.0,0.0,3.0,
KIM,2026-09-15 12:00,2026-09-20 00:00,99,전주,0,17.9,90.0,2.0,2.0,90.0,0.0,0.0,3.0,
KIM,2026-09-15 12:00,2026-09-20 03:00,102,전주,0,16.4,98.0,25.0,0.0,98.0,0.0,0.0,3.0,
KIM,2026-09-15 12:00,2026-09-20 06:00,105,전주,0,15.7,92.0,21.0,0.0,90.0,0.0,0.0,3.0,
KIM,2026-09-15 12:00,2026-09-20 09:00,108,전주,0,20.5,81.0,0.0,0.0,81.0,183.0,0.0,3.0,
KIM,2026-09-15 12:00,2026-09-20 12:00,111,전주,0,23.8,83.0,0.0,32.0,81.0,688.0,0.0,3.0,
KIM,2026-09-15 12:00,2026-09-20 15:00,114,전주,0,24.3,63.0,0.0,26.0,62.0,774.0,0.0,3.0,
KIM,2026-09-15 12:00,2026-09-20 18:00,117,전주,0,21.5,67.0,0.0,0.0,67.0,341.0,0.0,3.0,
KIM,2026-09-15 12:00,2026-09-20 21:00,120,전주,0,18.6,81.0,0.0,17.0,77.0,3.0,0.0,3.0,
KIM,2026-09-15 12:00,2026-09-21 09:00,132,전주,0,20.0,99.0,0.0,9.0,99.0,181.0,0.0,3.0,
KIM,2026-09-15 12:00,2026-09-21 21:00,144,전주,0,18.7,92.0,0.0,50.0,89.0,2.0,0.0,3.0,
KIM,2026-09-15 12:00,2026-09-22 09:00,156,전주,0,20.8,17.0,0.0,17.0,0.0,176.0,0.0,3.0,
KIM,2026-09-15 12:00,2026-09-22 21:00,168,전주,0,20.8,90.0,73.0,39.0,72.0,1.0,0.5,3.0,
KIM,2026-09-15 12:00,2026-09-23 09:00,180,전주,0,21.1,98.0,1.0,48.0,97.0,153.0,0.0,3.0,
KIM,2026-09-15 12:00,2026-09-23 21:00,192,전주,0,19.9,100.0,0.0,62.0,99.0,2.0,0.0,3.0,
KIM,2026-09-15 12:00,2026-09-24 09:00,204,전주,0,18.6,100.0,75.0,100.0,95.0,25.0,0.0,3.0,
KIM,2026-09-15 12:00,2026-09-24 21:00,216,전주,0,19.0,97.0,58.0,0.0,97.0,2.0,0.0,3.0,
KIM,2026-09-15 12:00,2026-09-25 09:00,228,전주,0,20.4,100.0,25.0,92.0,98.0,76.0,0.0,3.0,
KIM,2026-09-15 12:00,2026-09-25 21:00,240,전주,0,15.6,92.0,0.0,0.0,92.0,1.0,0.6,3.0,
KIM,2026-09-15 12:00,2026-09-26 09:00,252,전주,0,15.2,97.0,0.0,0.0,97.0,165.0,0.0,3.0,
KIM,2026-09-15 12:00,2026-09-26 21:00,264,전주,0,14.0,14.0,0.0,0.0,14.0,1.0,0.0,3.0,
KIM,2026-09-15 12:00,2026-09-27 09:00,276,전주,0,18.3,15.0,15.0,0.0,0.0,161.0,0.0,3.0,
KIM,2026-09-15 12:00,2026-09-27 21:00,288,전주,0,18.4,96.0,0.0,0.0,96.0,1.0,0.0,3.0,
KIM,2026-09-15 12:00,2026-09-15 21:00,0,강릉,0,20.7,54.0,54.0,0.0,0.0,2.0,,3.0,
KIM,2026-09-15 12:00,2026-09-16 00:00,3,강릉,0,20.0,62.0,62.0,0.0,0.0,0.0,0.0,3.0,
KIM,2026-09-15 12:00,2026-09-16 03:00,6,강릉,0,18.7,44.0,44.0,0.0,0.0,0.0,0.0,3.0,
KIM,2026-09-15 12:00,2026-09-16 06:00,9,강릉,0,18.1,31.0,26.0,0.0,8.0,0.0,0.0,3.0,
KIM,2026-09-15 12:00,2026-09-16 09:00,12,강릉,0,21.4,13.0,13.0,0.0,0.0,205.0,0.0,3.0,
KIM,2026-09-15 12:00,2026-09-16 12:00,15,강릉,0,23.0,7.0,7.0,0.0,0.0,693.0,0.0,3.0,
KIM,2026-09-15 12:00,2026-09-16 15:00,18,강릉,0,23.2,0.0,0.0,0.0,0.0,749.0,0.0,3.0,
KIM,2026-09-15 12:00,2026-09-16 18:00,21,강릉,0,21.7,0.0,0.0,0.0,0.0,316.0,0.0,3.0,
KIM,2026-09-15 12:00,2026-09-16 21:00,24,강릉,0,19.6,0.0,0.0,0.0,0.0,2.0,0.0,3.0,
KIM,2026-09-15 12:00,2026-09-17 00:00,27,강릉,0,18.3,12.0,12.0,0.0,0.0,0.0,0.0,3.0,
KIM,2026-09-15 12:00,2026-09-17 03:00,30,강릉,0,17.8,80.0,60.0,0.0,44.0,0.0,0.0,3.0,
KIM,2026-09-15 12:00,2026-09-17 06:00,33,강릉,0,17.9,99.0,77.0,0.0,95.0,0.0,0.0,3.0,
KIM,2026-09-15 12:00,2026-09-17 09:00,36,강릉,0,20.8,97.0,76.0,0.0,94.0,130.0,0.0,3.0,
KIM,2026-09-15 12:00,2026-09-17 12:00,39,강릉,0,22.5,100.0,45.0,0.0,100.0,464.0,0.1,3.0,
KIM,2026-09-15 12:00,2026-09-17 15:00,42,강릉,0,22.8,100.0,47.0,0.0,100.0,493.0,0.1,3.0,
KIM,2026-09-15 12:00,2026-09-17 18:00,45,강릉,0,22.0,100.0,82.0,26.0,100.0,226.0,0.0,3.0,
KIM,2026-09-15 12:00,2026-09-17 21:00,48,강릉,0,21.8,100.0,82.0,79.0,100.0,1.0,0.0,3.0,
KIM,2026-09-15 12:00,2026-09-18 00:00,51,강릉,0,21.7,100.0,95.0,95.0,100.0,0.0,0.1,3.0,
KIM,2026-09-15 12:00,2026-09-18 03:00,54,강릉,0,21.6,99.0,83.0,97.0,76.0,0.0,0.3,3.0,
KIM,2026-09-15 12:00,2026-09-18 06:00,57,강릉,0,21.2,99.0,98.0,90.0,34.0,0.0,0.1,3.0,
KIM,2026-09-15 12:00,2026-09-19 00:00,75,강릉,0,21.0,99.0,77.0,17.0,86.0,0.0,1.0,3.0,
KIM,2026-09-15 12:00,2026-09-19 03:00,78,강릉,0,21.4,96.0,95.0,13.0,6.0,0.0,2.8,3.0,
KIM,2026-09-15 12:00,2026-09-19 06:00,81,강릉,0,20.7,98.0,98.0,16.0,0.0,0.0,0.1,3.0,
KIM,2026-09-15 12:00,2026-09-19 09:00,84,강릉,0,20.9,95.0,94.0,22.0,0.0,36.0,0.1,3.0,
KIM,2026-09-15 12:00,2026-09-19 12:00,87,강릉,0,21.4,94.0,94.0,11.0,0.0,212.0,0.1,3.0,
KIM,2026-09-15 12:00,2026-09-19 15:00,90,강릉,0,21.5,54.0,52.0,1.0,14.0,381.0,0.1,3.0,
KIM,2026-09-15 12:00,2026-09-19 18:00,93,강릉,0,20.8,85.0,84.0,0.0,22.0,176.0,0.2,3.0,
KIM,2026-09-15 12:00,2026-09-19 21:00,96,강릉,0,20.5,75.0,75.0,0.0,0.0,0.0,0.1,3.0,
KIM,2026-09-15 12:00,2026-09-20 00:00,99,강릉,0,20.4,88.0,88.0,0.0,5.0,0.0,0.1,3.0,
KIM,2026-09-15 12:00,2026-09-20 03:00,102,강릉,0,20.2,85.0,83.0,1.0,33.0,0.0,0.1,3.0,
KIM,2026-09-15 12:00,2026-09-20 06:00,105,강릉,0,19.1,91.0,87.0,0.0,60.0,0.0,0.1,3.0,
KIM,2026-09-15 12:00,2026-09-20 09:00,108,강릉,0,19.8,99.0,94.0,0.0,97.0,41.0,0.4,3.0,
KIM,2026-09-15 12:00,2026-09-20 12:00,111,강릉,0,20.8,95.0,74.0,0.0,86.0,192.0,0.1,3.0,
KIM,2026-09-15 12:00,2026-09-20 15:00,114,강릉,0,20.9,76.0,71.0,0.0,28.0,515.0,0.1,3.0,
KIM,2026-09-15 12:00,2026-09-20 18:00,117,강릉,0,20.2,70.0,54.0,0.0,54.0,150.0,0.0,3.0,
KIM,2026-09-15 12:00,2026-09-20 21:00,120,강릉,0,18.7,75.0,35.0,0.0,67.0,1.0,0.0,3.0,
KIM,2026-09-15 12:00,2026-09-21 09:00,132,강릉,0,20.4,92.0,19.0,0.0,91.0,190.0,0.0,3.0,
KIM,2026-09-15 12:00,2026-09-21 21:00,144,강릉,0,19.6,76.0,10.0,0.0,75.0,1.0,0.0,3.0,
KIM,2026-09-15 12:00,2026-09-22 09:00,156,강릉,0,20.8,45.0,19.0,31.0,0.0,182.0,0.0,3.0,
KIM,2026-09-15 12:00,2026-09-22 21:00,168,강릉,0,19.9,33.0,23.0,0.0,22.0,1.0,0.1,3.0,
KIM,2026-09-15 12:00,2026-09-23 09:00,180,강릉,0,22.3,85.0,0.0,22.0,84.0,146.0,0.0,3.0,
KIM,2026-09-15 12:00,2026-09-23 21:00,192,강릉,0,21.6,100.0,0.0,0.0,100.0,1.0,0.0,3.0,
KIM,2026-09-15 12:00,2026-09-24 09:00,204,강릉,0,23.2,34.0,32.0,26.0,1.0,181.0,0.0,3.0,
KIM,2026-09-15 12:00,2026-09-24 21:00,216,강릉,0,22.2,62.0,4.0,0.0,62.0,1.0,0.0,3.0,
KIM,2026-09-15 12:00,2026-09-25 09:00,228,강릉,0,22.4,98.0,51.0,49.0,97.0,52.0,0.0,3.0,
KIM,2026-09-15 12:00,2026-09-25 21:00,240,강릉,0,18.8,0.0,0.0,0.0,0.0,0.0,0.0,3.0,
KIM,2026-09-15 12:00,2026-09-26 09:00,252,강릉,0,19.5,9.0,0.0,0.0,9.0,186.0,0.0,3.0,
KIM,2026-09-15 12:00,2026-09-26 21:00,264,강릉,0,19.2,0.0,0.0,0.0,0.0,0.0,0.0,3.0,
KIM,2026-09-15 12:00,2026-09-27 09:00,276,강릉,0,21.5,0.0,0.0,0.0,0.0,179.0,0.0,3.0,
KIM,2026-09-15 12:00,2026-09-27 21:00,288,강릉,0,21.7,2.0,0.0,0.0,2.0,0.0,0.0,3.0,
KIM,2026-09-15 12:00,2026-09-15 21:00,0,제주,0,21.4,100.0,14.0,0.0,100.0,5.0,,3.0,
KIM,2026-09-15 12:00,2026-09-16 00:00,3,제주,0,20.9,100.0,3.0,24.0,100.0,0.0,0.0,3.0,
KIM,2026-09-15 12:00,2026-09-16 03:00,6,제주,0,20.7,99.0,7.0,59.0,99.0,0.0,0.0,3.0,
KIM,2026-09-15 12:00,2026-09-16 06:00,9,제주,0,21.0,56.0,25.0,31.0,43.0,0.0,0.0,3.0,
KIM,2026-09-15 12:00,2026-09-16 09:00,12,제주,0,22.3,54.0,54.0,5.0,0.0,161.0,0.1,3.0,
KIM,2026-09-15 12:00,2026-09-16 12:00,15,제주,0,23.2,58.0,29.0,1.0,37.0,677.0,0.2,3.0,
KIM,2026-09-15 12:00,2026-09-16 15:00,18,제주,0,23.4,93.0,34.0,0.0,89.0,636.0,0.2,3.0,
KIM,2026-09-15 12:00,2026-09-16 18:00,21,제주,0,22.9,99.0,11.0,0.0,99.0,351.0,0.0,3.0,
KIM,2026-09-15 12:00,2026-09-16 21:00,24,제주,0,22.6,96.0,4.0,0.0,96.0,5.0,0.0,3.0,
KIM,2026-09-15 12:00,2026-09-17 00:00,27,제주,0,22.0,86.0,8.0,0.0,85.0,0.0,0.0,3.0,
KIM,2026-09-15 12:00,2026-09-17 03:00,30,제주,0,21.4,100.0,46.0,1.0,100.0,0.0,0.0,3.0,
KIM,2026-09-15 12:00,2026-09-17 06:00,33,제주,0,21.4,100.0,69.0,24.0,100.0,0.0,0.2,3.0,
KIM,2026-09-15 12:00,2026-09-17 09:00,36,제주,0,21.7,100.0,48.0,44.0,100.0,79.0,0.4,3.0,
KIM,2026-09-15 12:00,2026-09-17 12:00,39,제주,0,22.5,96.0,52.0,9.0,91.0,251.0,0.6,3.0,
KIM,2026-09-15 12:00,2026-09-17 15:00,42,제주,0,23.0,100.0,62.0,56.0,100.0,233.0,0.6,3.0,
KIM,2026-09-15 12:00,2026-09-17 18:00,45,제주,0,22.6,98.0,64.0,68.0,92.0,86.0,1.2,3.0,
KIM,2026-09-15 12:00,2026-09-17 21:00,48,제주,0,22.4,96.0,45.0,51.0,93.0,1.0,0.4,3.0,
KIM,2026-09-15 12:00,2026-09-18 00:00,51,제주,0,22.4,99.0,61.0,57.0,97.0,0.0,0.0,3.0,
KIM,2026-09-15 12:00,2026-09-18 03:00,54,제주,0,22.3,99.0,87.0,84.0,81.0,0.0,0.5,3.0,
KIM,2026-09-15 12:00,2026-09-18 06:00,57,제주,0,22.3,97.0,87.0,68.0,73.0,0.0,2.0,3.0,
KIM,2026-09-15 12:00,2026-09-19 00:00,75,제주,0,21.1,99.0,97.0,83.0,0.0,0.0,123.9,3.0,
KIM,2026-09-15 12:00,2026-09-19 03:00,78,제주,0,21.4,99.0,89.0,85.0,82.0,0.0,0.2,3.0,
KIM,2026-09-15 12:00,2026-09-19 06:00,81,제주,0,21.7,98.0,86.0,93.0,43.0,0.0,0.0,3.0,
KIM,2026-09-15 12:00,2026-09-19 09:00,84,제주,0,22.3,97.0,79.0,90.0,3.0,93.0,0.1,3.0,
KIM,2026-09-15 12:00,2026-09-19 12:00,87,제주,0,22.8,96.0,82.0,55.0,57.0,403.0,0.2,3.0,
KIM,2026-09-15 12:00,2026-09-19 15:00,90,제주,0,22.6,99.0,83.0,51.0,82.0,425.0,0.2,3.0,
KIM,2026-09-15 12:00,2026-09-19 18:00,93,제주,0,22.3,81.0,58.0,20.0,68.0,153.0,0.2,3.0,
KIM,2026-09-15 12:00,2026-09-19 21:00,96,제주,0,22.2,74.0,23.0,3.0,68.0,2.0,0.0,3.0,
KIM,2026-09-15 12:00,2026-09-20 00:00,99,제주,0,21.9,92.0,72.0,0.0,82.0,0.0,0.0,3.0,
KIM,2026-09-15 12:00,2026-09-20 03:00,102,제주,0,21.4,79.0,76.0,0.0,48.0,0.0,0.0,3.0,
KIM,2026-09-15 12:00,2026-09-20 06:00,105,제주,0,21.0,91.0,66.0,0.0,83.0,0.0,0.0,3.0,
KIM,2026-09-15 12:00,2026-09-20 09:00,108,제주,0,21.5,63.0,51.0,0.0,38.0,112.0,0.1,3.0,
KIM,2026-09-15 12:00,2026-09-20 12:00,111,제주,0,22.5,63.0,34.0,0.0,55.0,596.0,0.1,3.0,
KIM,2026-09-15 12:00,2026-09-20 15:00,114,제주,0,22.3,60.0,7.0,0.0,58.0,766.0,0.0,3.0,
KIM,2026-09-15 12:00,2026-09-20 18:00,117,제주,0,21.5,52.0,8.0,2.0,48.0,339.0,0.0,3.0,
KIM,2026-09-15 12:00,2026-09-20 21:00,120,제주,0,21.6,69.0,17.0,3.0,60.0,3.0,0.0,3.0,
KIM,2026-09-15 12:00,2026-09-21 09:00,132,제주,0,21.2,40.0,14.0,15.0,28.0,104.0,0.1,3.0,
KIM,2026-09-15 12:00,2026-09-21 21:00,144,제주,0,21.6,70.0,0.0,0.0,70.0,3.0,0.0,3.0,
KIM,2026-09-15 12:00,2026-09-22 09:00,156,제주,0,22.8,87.0,25.0,1.0,82.0,166.0,0.0,3.0,
KIM,2026-09-15 12:00,2026-09-22 21:00,168,제주,0,21.7,47.0,25.0,10.0,30.0,3.0,0.1,3.0,
KIM,2026-09-15 12:00,2026-09-23 09:00,180,제주,0,23.0,66.0,7.0,6.0,62.0,172.0,0.0,3.0,
KIM,2026-09-15 12:00,2026-09-23 21:00,192,제주,0,22.1,36.0,0.0,23.0,27.0,2.0,0.0,3.0,
KIM,2026-09-15 12:00,2026-09-24 09:00,204,제주,0,22.5,100.0,59.0,99.0,74.0,121.0,0.0,3.0,
KIM,2026-09-15 12:00,2026-09-24 21:00,216,제주,0,22.4,88.0,23.0,8.0,84.0,1.0,0.1,3.0,
KIM,2026-09-15 12:00,2026-09-25 09:00,228,제주,0,20.4,100.0,84.0,100.0,92.0,42.0,0.0,3.0,
KIM,2026-09-15 12:00,2026-09-25 21:00,240,제주,0,19.2,97.0,70.0,95.0,42.0,0.0,6.8,3.0,
KIM,2026-09-15 12:00,2026-09-26 09:00,252,제주,0,19.1,66.0,0.0,44.0,39.0,157.0,0.0,3.0,
KIM,2026-09-15 12:00,2026-09-26 21:00,264,제주,0,20.4,99.0,0.0,97.0,77.0,1.0,0.0,3.0,
KIM,2026-09-15 12:00,2026-09-27 09:00,276,제주,0,22.1,99.0,11.0,81.0,98.0,107.0,0.0,3.0,
KIM,2026-09-15 12:00,2026-09-27 21:00,288,제주,0,21.5,100.0,1.0,56.0,100.0,1.0,0.0,3.0,
KIM,2026-09-15 12:00,2026-09-15 21:00,0,나주,0,20.1,99.0,80.0,0.0,98.0,5.0,,3.0,
KIM,2026-09-15 12:00,2026-09-16 00:00,3,나주,0,18.9,100.0,72.0,0.0,100.0,0.0,0.0,3.0,
KIM,2026-09-15 12:00,2026-09-16 03:00,6,나주,0,16.9,100.0,34.0,0.0,99.0,0.0,0.0,3.0,
KIM,2026-09-15 12:00,2026-09-16 06:00,9,나주,0,15.9,29.0,25.0,0.0,4.0,0.0,0.0,3.0,
KIM,2026-09-15 12:00,2026-09-16 09:00,12,나주,0,22.7,19.0,19.0,0.0,0.0,184.0,0.0,3.0,
KIM,2026-09-15 12:00,2026-09-16 12:00,15,나주,0,26.5,14.0,14.0,0.0,0.0,690.0,0.2,3.0,
KIM,2026-09-15 12:00,2026-09-16 15:00,18,나주,0,27.6,52.0,10.0,0.0,44.0,757.0,0.3,3.0,
KIM,2026-09-15 12:00,2026-09-16 18:00,21,나주,0,24.6,95.0,60.0,0.0,92.0,308.0,0.1,3.0,
KIM,2026-09-15 12:00,2026-09-16 21:00,24,나주,0,22.7,98.0,89.0,0.0,95.0,4.0,0.0,3.0,
KIM,2026-09-15 12:00,2026-09-17 00:00,27,나주,0,22.1,100.0,84.0,0.0,100.0,0.0,0.0,3.0,
KIM,2026-09-15 12:00,2026-09-17 03:00,30,나주,0,19.4,98.0,52.0,0.0,98.0,0.0,0.0,3.0,
KIM,2026-09-15 12:00,2026-09-17 06:00,33,나주,0,17.4,99.0,28.0,9.0,99.0,0.0,0.0,3.0,
KIM,2026-09-15 12:00,2026-09-17 09:00,36,나주,0,22.2,81.0,0.0,9.0,79.0,178.0,0.0,3.0,
KIM,2026-09-15 12:00,2026-09-17 12:00,39,나주,0,26.4,85.0,5.0,9.0,84.0,693.0,0.0,3.0,
KIM,2026-09-15 12:00,2026-09-17 15:00,42,나주,0,27.1,96.0,29.0,74.0,93.0,695.0,0.1,3.0,
KIM,2026-09-15 12:00,2026-09-17 18:00,45,나주,0,25.4,99.0,35.0,90.0,97.0,289.0,0.0,3.0,
KIM,2026-09-15 12:00,2026-09-17 21:00,48,나주,0,23.8,96.0,28.0,94.0,81.0,3.0,0.0,3.0,
KIM,2026-09-15 12:00,2026-09-18 00:00,51,나주,0,21.1,99.0,0.0,75.0,99.0,0.0,0.0,3.0,
KIM,2026-09-15 12:00,2026-09-18 03:00,54,나주,0,19.6,95.0,4.0,54.0,91.0,0.0,0.0,3.0,
KIM,2026-09-15 12:00,2026-09-18 06:00,57,나주,0,19.8,91.0,19.0,57.0,87.0,0.0,0.0,3.0,
KIM,2026-09-15 12:00,2026-09-19 00:00,75,나주,0,19.2,96.0,72.0,93.0,0.0,0.0,7.0,3.0,
KIM,2026-09-15 12:00,2026-09-19 03:00,78,나주,0,18.8,98.0,33.0,97.0,29.0,0.0,0.0,3.0,
KIM,2026-09-15 12:00,2026-09-19 06:00,81,나주,0,18.5,88.0,39.0,87.0,13.0,0.0,0.0,3.0,
KIM,2026-09-15 12:00,2026-09-19 09:00,84,나주,0,22.5,53.0,24.0,52.0,0.0,170.0,0.0,3.0,
KIM,2026-09-15 12:00,2026-09-19 12:00,87,나주,0,26.7,33.0,14.0,27.0,0.0,657.0,0.1,3.0,
KIM,2026-09-15 12:00,2026-09-19 15:00,90,나주,0,27.5,74.0,50.0,11.0,47.0,707.0,0.3,3.0,
KIM,2026-09-15 12:00,2026-09-19 18:00,93,나주,0,24.4,83.0,77.0,2.0,43.0,282.0,1.0,3.0,
KIM,2026-09-15 12:00,2026-09-19 21:00,96,나주,0,22.7,94.0,74.0,0.0,83.0,2.0,0.2,3.0,
KIM,2026-09-15 12:00,2026-09-20 00:00,99,나주,0,20.4,98.0,53.0,0.0,98.0,0.0,0.0,3.0,
KIM,2026-09-15 12:00,2026-09-20 03:00,102,나주,0,18.4,98.0,25.0,0.0,98.0,0.0,0.0,3.0,
KIM,2026-09-15 12:00,2026-09-20 06:00,105,나주,0,17.1,81.0,5.0,0.0,80.0,0.0,0.0,3.0,
KIM,2026-09-15 12:00,2026-09-20 09:00,108,나주,0,21.3,64.0,2.0,0.0,63.0,176.0,0.0,3.0,
KIM,2026-09-15 12:00,2026-09-20 12:00,111,나주,0,25.7,69.0,4.0,1.0,68.0,685.0,0.0,3.0,
KIM,2026-09-15 12:00,2026-09-20 15:00,114,나주,0,26.7,80.0,1.0,0.0,80.0,765.0,0.0,3.0,
KIM,2026-09-15 12:00,2026-09-20 18:00,117,나주,0,22.9,65.0,0.0,34.0,57.0,330.0,0.0,3.0,
KIM,2026-09-15 12:00,2026-09-20 21:00,120,나주,0,20.1,81.0,0.0,58.0,75.0,3.0,0.0,3.0,
KIM,2026-09-15 12:00,2026-09-21 09:00,132,나주,0,21.1,77.0,0.0,15.0,73.0,174.0,0.0,3.0,
KIM,2026-09-15 12:00,2026-09-21 21:00,144,나주,0,20.4,91.0,0.0,21.0,91.0,3.0,0.0,3.0,
KIM,2026-09-15 12:00,2026-09-22 09:00,156,나주,0,20.0,28.0,1.0,27.0,2.0,77.0,0.0,3.0,
KIM,2026-09-15 12:00,2026-09-22 21:00,168,나주,0,20.3,89.0,82.0,36.0,65.0,2.0,0.0,3.0,
KIM,2026-09-15 12:00,2026-09-23 09:00,180,나주,0,21.8,96.0,0.0,48.0,95.0,124.0,0.0,3.0,
KIM,2026-09-15 12:00,2026-09-23 21:00,192,나주,0,22.8,100.0,10.0,100.0,92.0,2.0,0.0,3.0,
KIM,2026-09-15 12:00,2026-09-24 09:00,204,나주,0,21.6,99.0,64.0,97.0,72.0,51.0,0.0,3.0,
KIM,2026-09-15 12:00,2026-09-24 21:00,216,나주,0,21.1,100.0,24.0,6.0,100.0,2.0,0.0,3.0,
KIM,2026-09-15 12:00,2026-09-25 09:00,228,나주,0,23.0,100.0,62.0,99.0,99.0,79.0,0.0,3.0,
KIM,2026-09-15 12:00,2026-09-25 21:00,240,나주,0,18.7,98.0,31.0,69.0,98.0,1.0,3.4,3.0,
KIM,2026-09-15 12:00,2026-09-26 09:00,252,나주,0,17.5,36.0,0.0,0.0,36.0,170.0,0.0,3.0,
KIM,2026-09-15 12:00,2026-09-26 21:00,264,나주,0,17.9,99.0,0.0,68.0,99.0,1.0,0.0,3.0,
KIM,2026-09-15 12:00,2026-09-27 09:00,276,나주,0,18.5,87.0,0.0,0.0,87.0,165.0,0.0,3.0,
KIM,2026-09-15 12:00,2026-09-27 21:00,288,나주,0,18.5,95.0,0.0,0.0,95.0,1.0,0.0,3.0,
