model,run_utc,valid_kst,step_h,city,rep,t2m_C,tcc_pct,lcc_pct,mcc_pct,hcc_pct,dswrf_avg_Wm2,tp_mm,win_h,src
GFS,2026-09-20 12:00,2026-09-20 21:00,0,서울,1,23.8,39.0,0.0,3.0,39.0,,,,
GFS,2026-09-20 12:00,2026-09-21 00:00,3,서울,1,22.1,70.0,0.0,2.0,70.0,0.0,0.0,3.0,
GFS,2026-09-20 12:00,2026-09-21 03:00,6,서울,1,20.5,49.0,0.0,2.0,49.0,0.0,0.0,3.0,
GFS,2026-09-20 12:00,2026-09-21 06:00,9,서울,1,19.3,45.0,0.0,37.0,29.0,0.0,0.0,3.0,
GFS,2026-09-20 12:00,2026-09-21 09:00,12,서울,1,22.2,75.0,0.0,75.0,2.0,178.0,0.0,3.0,
GFS,2026-09-20 12:00,2026-09-21 12:00,15,서울,1,27.8,47.0,0.0,46.0,21.0,655.0,0.0,3.0,
GFS,2026-09-20 12:00,2026-09-21 15:00,18,서울,1,30.1,23.0,0.0,23.0,0.0,749.0,0.0,3.0,
GFS,2026-09-20 12:00,2026-09-21 18:00,21,서울,1,27.7,12.0,0.0,12.0,1.0,331.0,0.0,3.0,
GFS,2026-09-20 12:00,2026-09-21 21:00,24,서울,1,24.2,5.0,0.0,4.0,3.0,3.0,0.0,3.0,
GFS,2026-09-20 12:00,2026-09-22 00:00,27,서울,1,22.1,11.0,0.0,11.0,3.0,0.0,0.0,3.0,
GFS,2026-09-20 12:00,2026-09-22 03:00,30,서울,1,20.2,5.0,0.0,3.0,3.0,0.0,0.0,3.0,
GFS,2026-09-20 12:00,2026-09-22 06:00,33,서울,1,18.5,0.0,0.0,0.0,0.0,0.0,0.0,3.0,
GFS,2026-09-20 12:00,2026-09-22 09:00,36,서울,1,21.9,70.0,0.0,0.0,70.0,182.0,0.0,3.0,
GFS,2026-09-20 12:00,2026-09-22 12:00,39,서울,1,26.8,35.0,0.0,0.0,35.0,650.0,0.0,3.0,
GFS,2026-09-20 12:00,2026-09-22 15:00,42,서울,1,29.4,16.0,0.0,0.0,16.0,741.0,0.0,3.0,
GFS,2026-09-20 12:00,2026-09-22 18:00,45,서울,1,27.4,1.0,0.0,0.0,1.0,321.0,0.0,3.0,
GFS,2026-09-20 12:00,2026-09-22 21:00,48,서울,1,24.4,0.0,0.0,0.0,0.0,3.0,0.0,3.0,
GFS,2026-09-20 12:00,2026-09-23 00:00,51,서울,1,22.9,0.0,0.0,0.0,0.0,0.0,0.0,3.0,
GFS,2026-09-20 12:00,2026-09-23 03:00,54,서울,1,21.2,0.0,0.0,0.0,0.0,0.0,0.0,3.0,
GFS,2026-09-20 12:00,2026-09-23 06:00,57,서울,1,19.7,1.0,0.0,0.0,1.0,0.0,0.0,3.0,
GFS,2026-09-20 12:00,2026-09-23 09:00,60,서울,1,22.4,0.0,0.0,0.0,0.0,173.0,0.0,3.0,
GFS,2026-09-20 12:00,2026-09-23 12:00,63,서울,1,27.6,23.0,0.0,0.0,23.0,651.0,0.0,3.0,
GFS,2026-09-20 12:00,2026-09-23 15:00,66,서울,1,28.2,29.0,0.0,0.0,29.0,719.0,0.0,3.0,
GFS,2026-09-20 12:00,2026-09-23 18:00,69,서울,1,24.8,90.0,0.0,0.0,90.0,303.0,0.0,3.0,
GFS,2026-09-20 12:00,2026-09-23 21:00,72,서울,1,22.9,88.0,0.0,0.0,88.0,2.0,0.0,3.0,
GFS,2026-09-20 12:00,2026-09-24 00:00,75,서울,1,21.9,16.0,0.0,0.0,16.0,0.0,0.0,3.0,
GFS,2026-09-20 12:00,2026-09-24 03:00,78,서울,1,21.2,100.0,0.0,0.0,100.0,0.0,0.0,3.0,
GFS,2026-09-20 12:00,2026-09-24 06:00,81,서울,1,20.5,70.0,1.0,10.0,70.0,0.0,0.0,3.0,
GFS,2026-09-20 12:00,2026-09-24 09:00,84,서울,1,23.0,84.0,10.0,74.0,38.0,164.0,0.0,3.0,
GFS,2026-09-20 12:00,2026-09-24 12:00,87,서울,1,27.7,91.0,0.0,49.0,91.0,627.0,0.0,3.0,
GFS,2026-09-20 12:00,2026-09-24 15:00,90,서울,1,29.7,100.0,0.0,100.0,100.0,602.0,0.0,3.0,
GFS,2026-09-20 12:00,2026-09-24 18:00,93,서울,1,27.6,100.0,0.0,95.0,99.0,156.0,0.0,3.0,
GFS,2026-09-20 12:00,2026-09-24 21:00,96,서울,1,24.9,75.0,0.0,49.0,63.0,1.0,0.0,3.0,
GFS,2026-09-20 12:00,2026-09-25 00:00,99,서울,1,23.5,84.0,0.0,44.0,71.0,0.0,0.0,3.0,
GFS,2026-09-20 12:00,2026-09-25 03:00,102,서울,1,21.6,96.0,0.0,28.0,96.0,0.0,0.0,3.0,
GFS,2026-09-20 12:00,2026-09-25 06:00,105,서울,1,20.6,98.0,0.0,71.0,89.0,0.0,0.0,3.0,
GFS,2026-09-20 12:00,2026-09-25 09:00,108,서울,1,22.8,99.0,21.0,95.0,89.0,132.0,0.0,3.0,
GFS,2026-09-20 12:00,2026-09-25 12:00,111,서울,1,23.2,100.0,99.0,100.0,100.0,236.0,0.1,3.0,
GFS,2026-09-20 12:00,2026-09-25 15:00,114,서울,1,21.4,100.0,100.0,100.0,100.0,62.0,0.6,3.0,
GFS,2026-09-20 12:00,2026-09-25 18:00,117,서울,1,20.5,100.0,100.0,100.0,100.0,24.0,0.9,3.0,
GFS,2026-09-20 12:00,2026-09-25 21:00,120,서울,1,20.2,100.0,100.0,100.0,100.0,0.0,0.2,3.0,
GFS,2026-09-20 12:00,2026-09-26 09:00,132,서울,1,20.3,100.0,70.0,4.0,100.0,26.0,0.0,6.0,
GFS,2026-09-20 12:00,2026-09-26 21:00,144,서울,1,22.9,100.0,1.0,3.0,100.0,136.0,0.0,6.0,
GFS,2026-09-20 12:00,2026-09-27 09:00,156,서울,1,20.9,100.0,95.0,98.0,100.0,20.0,0.1,6.0,
GFS,2026-09-20 12:00,2026-09-27 21:00,168,서울,1,18.3,42.0,26.0,32.0,0.0,10.0,5.1,6.0,
GFS,2026-09-20 12:00,2026-09-28 09:00,180,서울,1,19.5,79.0,0.0,0.0,79.0,63.0,0.0,6.0,
GFS,2026-09-20 12:00,2026-09-28 21:00,192,서울,1,23.3,86.0,3.0,43.0,73.0,121.0,0.0,6.0,
GFS,2026-09-20 12:00,2026-09-29 09:00,204,서울,1,20.3,100.0,49.0,100.0,0.0,17.0,1.2,6.0,
GFS,2026-09-20 12:00,2026-09-29 21:00,216,서울,1,22.2,87.0,65.0,22.0,78.0,106.0,0.1,6.0,
GFS,2026-09-20 12:00,2026-09-30 09:00,228,서울,1,20.7,100.0,100.0,99.0,8.0,5.0,0.3,6.0,
GFS,2026-09-20 12:00,2026-09-30 21:00,240,서울,1,17.1,8.0,0.0,8.0,2.0,105.0,0.2,6.0,
GFS,2026-09-20 12:00,2026-09-20 21:00,0,대전,1,17.8,0.0,0.0,0.0,0.0,,,,
GFS,2026-09-20 12:00,2026-09-21 00:00,3,대전,1,17.2,0.0,0.0,0.0,0.0,0.0,0.0,3.0,
GFS,2026-09-20 12:00,2026-09-21 03:00,6,대전,1,16.6,46.0,0.0,0.0,46.0,0.0,0.0,3.0,
GFS,2026-09-20 12:00,2026-09-21 06:00,9,대전,1,15.8,54.0,0.0,0.0,54.0,0.0,0.0,3.0,
GFS,2026-09-20 12:00,2026-09-21 09:00,12,대전,1,21.3,2.0,0.0,2.0,1.0,182.0,0.0,3.0,
GFS,2026-09-20 12:00,2026-09-21 12:00,15,대전,1,26.6,5.0,0.0,5.0,0.0,678.0,0.0,3.0,
GFS,2026-09-20 12:00,2026-09-21 15:00,18,대전,1,28.1,5.0,0.0,5.0,1.0,754.0,0.0,3.0,
GFS,2026-09-20 12:00,2026-09-21 18:00,21,대전,1,22.0,5.0,0.0,5.0,1.0,328.0,0.0,3.0,
GFS,2026-09-20 12:00,2026-09-21 21:00,24,대전,1,18.4,5.0,0.0,5.0,0.0,3.0,0.0,3.0,
GFS,2026-09-20 12:00,2026-09-22 00:00,27,대전,1,16.8,2.0,0.0,2.0,0.0,0.0,0.0,3.0,
GFS,2026-09-20 12:00,2026-09-22 03:00,30,대전,1,15.6,25.0,0.0,0.0,25.0,0.0,0.0,3.0,
GFS,2026-09-20 12:00,2026-09-22 06:00,33,대전,1,14.9,7.0,0.0,6.0,4.0,0.0,0.0,3.0,
GFS,2026-09-20 12:00,2026-09-22 09:00,36,대전,1,21.1,8.0,0.0,2.0,8.0,180.0,0.0,3.0,
GFS,2026-09-20 12:00,2026-09-22 12:00,39,대전,1,26.7,4.0,0.0,0.0,4.0,667.0,0.0,3.0,
GFS,2026-09-20 12:00,2026-09-22 15:00,42,대전,1,27.7,7.0,0.0,0.0,7.0,736.0,0.0,3.0,
GFS,2026-09-20 12:00,2026-09-22 18:00,45,대전,1,22.3,85.0,0.0,0.0,85.0,305.0,0.0,3.0,
GFS,2026-09-20 12:00,2026-09-22 21:00,48,대전,1,19.7,76.0,0.0,2.0,76.0,2.0,0.0,3.0,
GFS,2026-09-20 12:00,2026-09-23 00:00,51,대전,1,16.9,1.0,0.0,0.0,1.0,0.0,0.0,3.0,
GFS,2026-09-20 12:00,2026-09-23 03:00,54,대전,1,15.6,31.0,1.0,0.0,30.0,0.0,0.0,3.0,
GFS,2026-09-20 12:00,2026-09-23 06:00,57,대전,1,15.0,1.0,1.0,0.0,0.0,0.0,0.0,3.0,
GFS,2026-09-20 12:00,2026-09-23 09:00,60,대전,1,20.7,81.0,0.0,0.0,81.0,177.0,0.0,3.0,
GFS,2026-09-20 12:00,2026-09-23 12:00,63,대전,1,26.2,66.0,0.0,0.0,66.0,645.0,0.0,3.0,
GFS,2026-09-20 12:00,2026-09-23 15:00,66,대전,1,26.5,100.0,22.0,0.0,100.0,725.0,0.0,3.0,
GFS,2026-09-20 12:00,2026-09-23 18:00,69,대전,1,21.4,100.0,1.0,0.0,100.0,197.0,0.3,3.0,
GFS,2026-09-20 12:00,2026-09-23 21:00,72,대전,1,18.6,100.0,0.0,0.0,100.0,2.0,0.0,3.0,
GFS,2026-09-20 12:00,2026-09-24 00:00,75,대전,1,18.3,100.0,0.0,0.0,100.0,0.0,0.0,3.0,
GFS,2026-09-20 12:00,2026-09-24 03:00,78,대전,1,17.4,89.0,0.0,27.0,89.0,0.0,0.0,3.0,
GFS,2026-09-20 12:00,2026-09-24 06:00,81,대전,1,17.2,97.0,1.0,29.0,97.0,0.0,0.0,3.0,
GFS,2026-09-20 12:00,2026-09-24 09:00,84,대전,1,21.9,95.0,2.0,90.0,65.0,164.0,0.0,3.0,
GFS,2026-09-20 12:00,2026-09-24 12:00,87,대전,1,26.8,78.0,0.0,50.0,77.0,618.0,0.0,3.0,
GFS,2026-09-20 12:00,2026-09-24 15:00,90,대전,1,28.6,94.0,0.0,57.0,88.0,688.0,0.0,3.0,
GFS,2026-09-20 12:00,2026-09-24 18:00,93,대전,1,22.9,100.0,0.0,94.0,100.0,209.0,0.0,3.0,
GFS,2026-09-20 12:00,2026-09-24 21:00,96,대전,1,20.2,46.0,0.0,40.0,13.0,1.0,0.0,3.0,
GFS,2026-09-20 12:00,2026-09-25 00:00,99,대전,1,18.2,96.0,1.0,46.0,90.0,0.0,0.0,3.0,
GFS,2026-09-20 12:00,2026-09-25 03:00,102,대전,1,17.1,93.0,1.0,44.0,65.0,0.0,0.0,3.0,
GFS,2026-09-20 12:00,2026-09-25 06:00,105,대전,1,17.2,100.0,2.0,96.0,88.0,0.0,0.0,3.0,
GFS,2026-09-20 12:00,2026-09-25 09:00,108,대전,1,20.4,99.0,0.0,91.0,97.0,70.0,0.0,3.0,
GFS,2026-09-20 12:00,2026-09-25 12:00,111,대전,1,25.7,99.0,12.0,99.0,69.0,501.0,0.0,3.0,
GFS,2026-09-20 12:00,2026-09-25 15:00,114,대전,1,22.9,100.0,9.0,100.0,90.0,129.0,0.0,3.0,
GFS,2026-09-20 12:00,2026-09-25 18:00,117,대전,1,20.5,100.0,89.0,100.0,100.0,13.0,0.0,3.0,
GFS,2026-09-20 12:00,2026-09-25 21:00,120,대전,1,19.3,100.0,100.0,100.0,94.0,0.0,0.0,3.0,
GFS,2026-09-20 12:00,2026-09-26 09:00,132,대전,1,21.1,100.0,0.0,22.0,100.0,42.0,0.0,6.0,
GFS,2026-09-20 12:00,2026-09-26 21:00,144,대전,1,18.7,100.0,1.0,19.0,100.0,46.0,0.0,6.0,
GFS,2026-09-20 12:00,2026-09-27 09:00,156,대전,1,19.7,100.0,62.0,100.0,100.0,36.0,0.0,6.0,
GFS,2026-09-20 12:00,2026-09-27 21:00,168,대전,1,16.9,90.0,47.0,38.0,51.0,3.0,21.6,6.0,
GFS,2026-09-20 12:00,2026-09-28 09:00,180,대전,1,19.5,99.0,7.0,0.0,99.0,71.0,0.0,6.0,
GFS,2026-09-20 12:00,2026-09-28 21:00,192,대전,1,20.5,86.0,77.0,0.0,43.0,103.0,0.2,6.0,
GFS,2026-09-20 12:00,2026-09-29 09:00,204,대전,1,21.1,100.0,26.0,100.0,42.0,49.0,0.2,6.0,
GFS,2026-09-20 12:00,2026-09-29 21:00,216,대전,1,19.2,95.0,4.0,95.0,13.0,67.0,0.1,6.0,
GFS,2026-09-20 12:00,2026-09-30 09:00,228,대전,1,20.2,100.0,76.0,100.0,1.0,15.0,0.7,6.0,
GFS,2026-09-20 12:00,2026-09-30 21:00,240,대전,1,15.9,98.0,2.0,98.0,16.0,10.0,0.2,6.0,
GFS,2026-09-20 12:00,2026-09-20 21:00,0,대구,1,15.5,3.0,3.0,0.0,0.0,,,,
GFS,2026-09-20 12:00,2026-09-21 00:00,3,대구,1,15.0,0.0,0.0,0.0,0.0,0.0,0.0,3.0,
GFS,2026-09-20 12:00,2026-09-21 03:00,6,대구,1,14.2,0.0,0.0,0.0,0.0,0.0,0.0,3.0,
GFS,2026-09-20 12:00,2026-09-21 06:00,9,대구,1,13.3,1.0,0.0,0.0,0.0,0.0,0.0,3.0,
GFS,2026-09-20 12:00,2026-09-21 09:00,12,대구,1,20.0,8.0,5.0,0.0,2.0,203.0,0.0,3.0,
GFS,2026-09-20 12:00,2026-09-21 12:00,15,대구,1,25.5,0.0,0.0,0.0,0.0,693.0,0.0,3.0,
GFS,2026-09-20 12:00,2026-09-21 15:00,18,대구,1,25.9,2.0,0.0,2.0,0.0,745.0,0.0,3.0,
GFS,2026-09-20 12:00,2026-09-21 18:00,21,대구,1,19.7,0.0,0.0,0.0,0.0,306.0,0.0,3.0,
GFS,2026-09-20 12:00,2026-09-21 21:00,24,대구,1,15.0,6.0,3.0,3.0,0.0,1.0,0.0,3.0,
GFS,2026-09-20 12:00,2026-09-22 00:00,27,대구,1,14.8,18.0,17.0,1.0,0.0,0.0,0.0,3.0,
GFS,2026-09-20 12:00,2026-09-22 03:00,30,대구,1,15.1,27.0,26.0,0.0,0.0,0.0,0.0,3.0,
GFS,2026-09-20 12:00,2026-09-22 06:00,33,대구,1,14.8,23.0,22.0,0.0,2.0,0.0,0.0,3.0,
GFS,2026-09-20 12:00,2026-09-22 09:00,36,대구,1,20.4,35.0,35.0,0.0,0.0,154.0,0.0,3.0,
GFS,2026-09-20 12:00,2026-09-22 12:00,39,대구,1,24.9,2.0,1.0,0.0,0.0,619.0,0.0,3.0,
GFS,2026-09-20 12:00,2026-09-22 15:00,42,대구,1,24.9,20.0,20.0,1.0,2.0,725.0,0.0,3.0,
GFS,2026-09-20 12:00,2026-09-22 18:00,45,대구,1,19.1,4.0,1.0,0.0,3.0,285.0,0.0,3.0,
GFS,2026-09-20 12:00,2026-09-22 21:00,48,대구,1,15.0,45.0,0.0,1.0,45.0,1.0,0.0,3.0,
GFS,2026-09-20 12:00,2026-09-23 00:00,51,대구,1,14.6,66.0,0.0,2.0,66.0,0.0,0.0,3.0,
GFS,2026-09-20 12:00,2026-09-23 03:00,54,대구,1,14.0,1.0,0.0,0.0,0.0,0.0,0.0,3.0,
GFS,2026-09-20 12:00,2026-09-23 06:00,57,대구,1,13.2,1.0,0.0,1.0,1.0,0.0,0.0,3.0,
GFS,2026-09-20 12:00,2026-09-23 09:00,60,대구,1,19.4,4.0,0.0,0.0,4.0,197.0,0.0,3.0,
GFS,2026-09-20 12:00,2026-09-23 12:00,63,대구,1,25.1,43.0,0.0,0.0,43.0,684.0,0.0,3.0,
GFS,2026-09-20 12:00,2026-09-23 15:00,66,대구,1,25.4,94.0,0.0,0.0,94.0,694.0,0.0,3.0,
GFS,2026-09-20 12:00,2026-09-23 18:00,69,대구,1,20.5,100.0,0.0,0.0,100.0,258.0,0.0,3.0,
GFS,2026-09-20 12:00,2026-09-23 21:00,72,대구,1,17.6,100.0,0.0,0.0,100.0,1.0,0.0,3.0,
GFS,2026-09-20 12:00,2026-09-24 00:00,75,대구,1,16.7,100.0,0.0,0.0,100.0,0.0,0.0,3.0,
GFS,2026-09-20 12:00,2026-09-24 03:00,78,대구,1,16.8,97.0,0.0,16.0,97.0,0.0,0.0,3.0,
GFS,2026-09-20 12:00,2026-09-24 06:00,81,대구,1,16.4,90.0,0.0,47.0,90.0,0.0,0.0,3.0,
GFS,2026-09-20 12:00,2026-09-24 09:00,84,대구,1,21.6,59.0,0.0,59.0,24.0,174.0,0.0,3.0,
GFS,2026-09-20 12:00,2026-09-24 12:00,87,대구,1,27.3,55.0,0.0,10.0,52.0,677.0,0.0,3.0,
GFS,2026-09-20 12:00,2026-09-24 15:00,90,대구,1,27.4,43.0,0.0,16.0,39.0,702.0,0.0,3.0,
GFS,2026-09-20 12:00,2026-09-24 18:00,93,대구,1,20.6,100.0,0.0,96.0,100.0,259.0,0.0,3.0,
GFS,2026-09-20 12:00,2026-09-24 21:00,96,대구,1,17.5,94.0,1.0,90.0,91.0,0.0,0.0,3.0,
GFS,2026-09-20 12:00,2026-09-25 00:00,99,대구,1,16.5,41.0,14.0,27.0,7.0,0.0,0.0,3.0,
GFS,2026-09-20 12:00,2026-09-25 03:00,102,대구,1,16.3,51.0,29.0,31.0,12.0,0.0,0.0,3.0,
GFS,2026-09-20 12:00,2026-09-25 06:00,105,대구,1,15.9,93.0,50.0,23.0,92.0,0.0,0.0,3.0,
GFS,2026-09-20 12:00,2026-09-25 09:00,108,대구,1,20.9,97.0,30.0,84.0,85.0,136.0,0.1,3.0,
GFS,2026-09-20 12:00,2026-09-25 12:00,111,대구,1,24.6,100.0,4.0,91.0,100.0,551.0,0.0,3.0,
GFS,2026-09-20 12:00,2026-09-25 15:00,114,대구,1,22.1,97.0,12.0,86.0,73.0,422.0,0.0,3.0,
GFS,2026-09-20 12:00,2026-09-25 18:00,117,대구,1,19.4,100.0,25.0,100.0,100.0,135.0,0.0,3.0,
GFS,2026-09-20 12:00,2026-09-25 21:00,120,대구,1,18.5,100.0,70.0,100.0,84.0,0.0,0.0,3.0,
GFS,2026-09-20 12:00,2026-09-26 09:00,132,대구,1,19.7,100.0,17.0,88.0,100.0,42.0,0.1,6.0,
GFS,2026-09-20 12:00,2026-09-26 21:00,144,대구,1,17.1,100.0,3.0,44.0,100.0,60.0,0.0,6.0,
GFS,2026-09-20 12:00,2026-09-27 09:00,156,대구,1,19.9,100.0,10.0,100.0,100.0,56.0,0.0,6.0,
GFS,2026-09-20 12:00,2026-09-27 21:00,168,대구,1,17.8,100.0,100.0,72.0,98.0,4.0,37.1,6.0,
GFS,2026-09-20 12:00,2026-09-28 09:00,180,대구,1,19.5,77.0,22.0,1.0,75.0,64.0,0.0,6.0,
GFS,2026-09-20 12:00,2026-09-28 21:00,192,대구,1,16.9,75.0,3.0,1.0,75.0,66.0,0.1,6.0,
GFS,2026-09-20 12:00,2026-09-29 09:00,204,대구,1,19.7,100.0,5.0,86.0,87.0,53.0,0.0,6.0,
GFS,2026-09-20 12:00,2026-09-29 21:00,216,대구,1,17.1,74.0,1.0,74.0,3.0,120.0,0.0,6.0,
GFS,2026-09-20 12:00,2026-09-30 09:00,228,대구,1,20.9,81.0,54.0,73.0,2.0,63.0,0.1,6.0,
GFS,2026-09-20 12:00,2026-09-30 21:00,240,대구,1,18.4,90.0,34.0,23.0,78.0,14.0,0.8,6.0,
GFS,2026-09-20 12:00,2026-09-20 21:00,0,광주,1,17.9,7.0,0.0,0.0,7.0,,,,
GFS,2026-09-20 12:00,2026-09-21 00:00,3,광주,1,16.9,0.0,0.0,0.0,0.0,0.0,0.0,3.0,
GFS,2026-09-20 12:00,2026-09-21 03:00,6,광주,1,15.9,0.0,0.0,0.0,0.0,0.0,0.0,3.0,
GFS,2026-09-20 12:00,2026-09-21 06:00,9,광주,1,15.3,8.0,0.0,0.0,8.0,0.0,0.0,3.0,
GFS,2026-09-20 12:00,2026-09-21 09:00,12,광주,1,21.2,2.0,0.0,0.0,2.0,182.0,0.0,3.0,
GFS,2026-09-20 12:00,2026-09-21 12:00,15,광주,1,27.1,0.0,0.0,0.0,0.0,680.0,0.0,3.0,
GFS,2026-09-20 12:00,2026-09-21 15:00,18,광주,1,28.8,2.0,0.0,1.0,1.0,760.0,0.0,3.0,
GFS,2026-09-20 12:00,2026-09-21 18:00,21,광주,1,23.1,2.0,0.0,1.0,1.0,330.0,0.0,3.0,
GFS,2026-09-20 12:00,2026-09-21 21:00,24,광주,1,18.6,3.0,0.0,2.0,0.0,3.0,0.0,3.0,
GFS,2026-09-20 12:00,2026-09-22 00:00,27,광주,1,17.6,2.0,0.0,0.0,2.0,0.0,0.0,3.0,
GFS,2026-09-20 12:00,2026-09-22 03:00,30,광주,1,16.8,81.0,0.0,2.0,81.0,0.0,0.0,3.0,
GFS,2026-09-20 12:00,2026-09-22 06:00,33,광주,1,15.9,2.0,0.0,2.0,1.0,0.0,0.0,3.0,
GFS,2026-09-20 12:00,2026-09-22 09:00,36,광주,1,21.6,0.0,0.0,0.0,0.0,182.0,0.0,3.0,
GFS,2026-09-20 12:00,2026-09-22 12:00,39,광주,1,27.0,10.0,0.0,0.0,10.0,679.0,0.0,3.0,
GFS,2026-09-20 12:00,2026-09-22 15:00,42,광주,1,28.1,14.0,12.0,2.0,2.0,753.0,0.0,3.0,
GFS,2026-09-20 12:00,2026-09-22 18:00,45,광주,1,22.2,56.0,39.0,1.0,20.0,313.0,0.0,3.0,
GFS,2026-09-20 12:00,2026-09-22 21:00,48,광주,1,18.5,67.0,10.0,5.0,65.0,2.0,0.1,3.0,
GFS,2026-09-20 12:00,2026-09-23 00:00,51,광주,1,18.5,37.0,18.0,1.0,21.0,0.0,0.0,3.0,
GFS,2026-09-20 12:00,2026-09-23 03:00,54,광주,1,17.1,6.0,1.0,2.0,4.0,0.0,0.0,3.0,
GFS,2026-09-20 12:00,2026-09-23 06:00,57,광주,1,16.4,1.0,0.0,1.0,0.0,0.0,0.0,3.0,
GFS,2026-09-20 12:00,2026-09-23 09:00,60,광주,1,21.5,80.0,0.0,0.0,80.0,168.0,0.0,3.0,
GFS,2026-09-20 12:00,2026-09-23 12:00,63,광주,1,26.1,92.0,29.0,0.0,92.0,621.0,0.0,3.0,
GFS,2026-09-20 12:00,2026-09-23 15:00,66,광주,1,25.6,95.0,55.0,0.0,92.0,490.0,0.1,3.0,
GFS,2026-09-20 12:00,2026-09-23 18:00,69,광주,1,21.8,100.0,0.0,0.0,100.0,224.0,0.0,3.0,
GFS,2026-09-20 12:00,2026-09-23 21:00,72,광주,1,18.6,100.0,0.0,0.0,100.0,2.0,0.0,3.0,
GFS,2026-09-20 12:00,2026-09-24 00:00,75,광주,1,18.0,98.0,0.0,15.0,98.0,0.0,0.0,3.0,
GFS,2026-09-20 12:00,2026-09-24 03:00,78,광주,1,17.5,99.0,1.0,61.0,97.0,0.0,0.0,3.0,
GFS,2026-09-20 12:00,2026-09-24 06:00,81,광주,1,17.0,72.0,0.0,59.0,50.0,0.0,0.0,3.0,
GFS,2026-09-20 12:00,2026-09-24 09:00,84,광주,1,22.2,37.0,0.0,25.0,18.0,170.0,0.0,3.0,
GFS,2026-09-20 12:00,2026-09-24 12:00,87,광주,1,27.6,78.0,0.0,47.0,74.0,670.0,0.0,3.0,
GFS,2026-09-20 12:00,2026-09-24 15:00,90,광주,1,28.9,93.0,2.0,82.0,89.0,687.0,0.0,3.0,
GFS,2026-09-20 12:00,2026-09-24 18:00,93,광주,1,23.1,100.0,13.0,98.0,100.0,216.0,0.0,3.0,
GFS,2026-09-20 12:00,2026-09-24 21:00,96,광주,1,20.5,74.0,0.0,66.0,45.0,1.0,0.0,3.0,
GFS,2026-09-20 12:00,2026-09-25 00:00,99,광주,1,18.3,67.0,0.0,7.0,67.0,0.0,0.0,3.0,
GFS,2026-09-20 12:00,2026-09-25 03:00,102,광주,1,17.2,94.0,0.0,53.0,80.0,0.0,0.0,3.0,
GFS,2026-09-20 12:00,2026-09-25 06:00,105,광주,1,16.8,94.0,0.0,42.0,92.0,0.0,0.0,3.0,
GFS,2026-09-20 12:00,2026-09-25 09:00,108,광주,1,20.8,90.0,0.0,87.0,68.0,87.0,0.0,3.0,
GFS,2026-09-20 12:00,2026-09-25 12:00,111,광주,1,23.6,100.0,0.0,75.0,99.0,256.0,0.0,3.0,
GFS,2026-09-20 12:00,2026-09-25 15:00,114,광주,1,25.3,93.0,1.0,93.0,28.0,417.0,0.0,3.0,
GFS,2026-09-20 12:00,2026-09-25 18:00,117,광주,1,21.4,94.0,49.0,91.0,69.0,94.0,0.0,3.0,
GFS,2026-09-20 12:00,2026-09-25 21:00,120,광주,1,19.5,95.0,45.0,93.0,46.0,1.0,0.0,3.0,
GFS,2026-09-20 12:00,2026-09-26 09:00,132,광주,1,20.7,100.0,4.0,99.0,100.0,37.0,0.1,6.0,
GFS,2026-09-20 12:00,2026-09-26 21:00,144,광주,1,19.1,94.0,2.0,92.0,77.0,48.0,0.0,6.0,
GFS,2026-09-20 12:00,2026-09-27 09:00,156,광주,1,17.6,100.0,100.0,100.0,100.0,14.0,5.6,6.0,
GFS,2026-09-20 12:00,2026-09-27 21:00,168,광주,1,19.1,92.0,76.0,4.0,75.0,2.0,15.7,6.0,
GFS,2026-09-20 12:00,2026-09-28 09:00,180,광주,1,19.4,60.0,8.0,20.0,55.0,46.0,0.0,6.0,
GFS,2026-09-20 12:00,2026-09-28 21:00,192,광주,1,20.9,70.0,61.0,4.0,36.0,34.0,0.3,6.0,
GFS,2026-09-20 12:00,2026-09-29 09:00,204,광주,1,19.5,73.0,1.0,73.0,12.0,22.0,0.0,6.0,
GFS,2026-09-20 12:00,2026-09-29 21:00,216,광주,1,20.3,90.0,7.0,90.0,4.0,54.0,0.1,6.0,
GFS,2026-09-20 12:00,2026-09-30 09:00,228,광주,1,19.5,95.0,90.0,86.0,9.0,7.0,0.9,6.0,
GFS,2026-09-20 12:00,2026-09-30 21:00,240,광주,1,16.3,73.0,3.0,52.0,37.0,10.0,0.7,6.0,
GFS,2026-09-20 12:00,2026-09-20 21:00,0,부산,1,22.9,11.0,11.0,0.0,0.0,,,,
GFS,2026-09-20 12:00,2026-09-21 00:00,3,부산,1,22.5,0.0,0.0,0.0,0.0,0.0,0.0,3.0,
GFS,2026-09-20 12:00,2026-09-21 03:00,6,부산,1,21.3,9.0,9.0,0.0,0.0,0.0,0.0,3.0,
GFS,2026-09-20 12:00,2026-09-21 06:00,9,부산,1,21.0,34.0,34.0,0.0,0.0,0.0,0.0,3.0,
GFS,2026-09-20 12:00,2026-09-21 09:00,12,부산,1,22.6,11.0,11.0,0.0,0.0,210.0,0.0,3.0,
GFS,2026-09-20 12:00,2026-09-21 12:00,15,부산,1,24.8,0.0,0.0,0.0,0.0,704.0,0.0,3.0,
GFS,2026-09-20 12:00,2026-09-21 15:00,18,부산,1,24.5,2.0,0.0,0.0,2.0,758.0,0.0,3.0,
GFS,2026-09-20 12:00,2026-09-21 18:00,21,부산,1,24.6,0.0,0.0,0.0,0.0,314.0,0.0,3.0,
GFS,2026-09-20 12:00,2026-09-21 21:00,24,부산,1,22.7,1.0,1.0,0.0,0.0,1.0,0.0,3.0,
GFS,2026-09-20 12:00,2026-09-22 00:00,27,부산,1,22.3,66.0,66.0,0.0,1.0,0.0,0.0,3.0,
GFS,2026-09-20 12:00,2026-09-22 03:00,30,부산,1,22.9,38.0,38.0,0.0,0.0,0.0,0.1,3.0,
GFS,2026-09-20 12:00,2026-09-22 06:00,33,부산,1,22.1,79.0,79.0,0.0,4.0,0.0,0.0,3.0,
GFS,2026-09-20 12:00,2026-09-22 09:00,36,부산,1,23.4,2.0,0.0,0.0,1.0,175.0,0.0,3.0,
GFS,2026-09-20 12:00,2026-09-22 12:00,39,부산,1,24.1,2.0,0.0,0.0,2.0,697.0,0.0,3.0,
GFS,2026-09-20 12:00,2026-09-22 15:00,42,부산,1,23.9,1.0,1.0,0.0,0.0,748.0,0.0,3.0,
GFS,2026-09-20 12:00,2026-09-22 18:00,45,부산,1,23.2,0.0,0.0,0.0,0.0,305.0,0.0,3.0,
GFS,2026-09-20 12:00,2026-09-22 21:00,48,부산,1,22.6,0.0,0.0,0.0,0.0,1.0,0.0,3.0,
GFS,2026-09-20 12:00,2026-09-23 00:00,51,부산,1,22.2,4.0,3.0,1.0,1.0,0.0,0.0,3.0,
GFS,2026-09-20 12:00,2026-09-23 03:00,54,부산,1,21.5,22.0,2.0,3.0,20.0,0.0,0.0,3.0,
GFS,2026-09-20 12:00,2026-09-23 06:00,57,부산,1,20.7,16.0,14.0,3.0,0.0,0.0,0.0,3.0,
GFS,2026-09-20 12:00,2026-09-23 09:00,60,부산,1,21.8,4.0,0.0,4.0,1.0,206.0,0.0,3.0,
GFS,2026-09-20 12:00,2026-09-23 12:00,63,부산,1,23.2,28.0,0.0,3.0,28.0,684.0,0.0,3.0,
GFS,2026-09-20 12:00,2026-09-23 15:00,66,부산,1,23.2,75.0,0.0,0.0,75.0,729.0,0.0,3.0,
GFS,2026-09-20 12:00,2026-09-23 18:00,69,부산,1,22.8,74.0,0.0,0.0,74.0,287.0,0.0,3.0,
GFS,2026-09-20 12:00,2026-09-23 21:00,72,부산,1,22.5,75.0,0.0,12.0,74.0,1.0,0.0,3.0,
GFS,2026-09-20 12:00,2026-09-24 00:00,75,부산,1,22.2,100.0,0.0,29.0,100.0,0.0,0.0,3.0,
GFS,2026-09-20 12:00,2026-09-24 03:00,78,부산,1,22.1,98.0,0.0,88.0,98.0,0.0,0.0,3.0,
GFS,2026-09-20 12:00,2026-09-24 06:00,81,부산,1,21.4,96.0,0.0,95.0,66.0,0.0,0.0,3.0,
GFS,2026-09-20 12:00,2026-09-24 09:00,84,부산,1,22.4,23.0,0.0,23.0,0.0,189.0,0.0,3.0,
GFS,2026-09-20 12:00,2026-09-24 12:00,87,부산,1,23.7,11.0,0.0,5.0,9.0,699.0,0.0,3.0,
GFS,2026-09-20 12:00,2026-09-24 15:00,90,부산,1,24.0,89.0,0.0,10.0,88.0,747.0,0.0,3.0,
GFS,2026-09-20 12:00,2026-09-24 18:00,93,부산,1,23.9,100.0,0.0,94.0,99.0,228.0,0.0,3.0,
GFS,2026-09-20 12:00,2026-09-24 21:00,96,부산,1,23.6,100.0,0.0,97.0,100.0,1.0,0.0,3.0,
GFS,2026-09-20 12:00,2026-09-25 00:00,99,부산,1,23.3,12.0,0.0,12.0,5.0,0.0,0.0,3.0,
GFS,2026-09-20 12:00,2026-09-25 03:00,102,부산,1,22.4,49.0,1.0,5.0,47.0,0.0,0.0,3.0,
GFS,2026-09-20 12:00,2026-09-25 06:00,105,부산,1,21.7,95.0,3.0,5.0,95.0,0.0,0.0,3.0,
GFS,2026-09-20 12:00,2026-09-25 09:00,108,부산,1,23.2,61.0,1.0,16.0,58.0,179.0,0.0,3.0,
GFS,2026-09-20 12:00,2026-09-25 12:00,111,부산,1,23.6,91.0,0.0,40.0,91.0,643.0,0.0,3.0,
GFS,2026-09-20 12:00,2026-09-25 15:00,114,부산,1,23.7,100.0,0.0,65.0,100.0,682.0,0.0,3.0,
GFS,2026-09-20 12:00,2026-09-25 18:00,117,부산,1,23.5,100.0,0.0,98.0,100.0,238.0,0.0,3.0,
GFS,2026-09-20 12:00,2026-09-25 21:00,120,부산,1,23.7,80.0,3.0,79.0,38.0,0.0,0.0,3.0,
GFS,2026-09-20 12:00,2026-09-26 09:00,132,부산,1,22.9,100.0,37.0,100.0,100.0,12.0,0.2,6.0,
GFS,2026-09-20 12:00,2026-09-26 21:00,144,부산,1,23.1,100.0,10.0,93.0,100.0,32.0,0.0,6.0,
GFS,2026-09-20 12:00,2026-09-27 09:00,156,부산,1,22.7,100.0,49.0,100.0,100.0,47.0,0.2,6.0,
GFS,2026-09-20 12:00,2026-09-27 21:00,168,부산,1,21.5,100.0,86.0,49.0,100.0,2.0,26.9,6.0,
GFS,2026-09-20 12:00,2026-09-28 09:00,180,부산,1,22.6,98.0,36.0,69.0,98.0,66.0,0.1,6.0,
GFS,2026-09-20 12:00,2026-09-28 21:00,192,부산,1,22.8,28.0,6.0,0.0,24.0,127.0,0.0,6.0,
GFS,2026-09-20 12:00,2026-09-29 09:00,204,부산,1,22.0,92.0,53.0,90.0,9.0,34.0,0.1,6.0,
GFS,2026-09-20 12:00,2026-09-29 21:00,216,부산,1,23.0,74.0,2.0,74.0,0.0,91.0,0.0,6.0,
GFS,2026-09-20 12:00,2026-09-30 09:00,228,부산,1,22.9,21.0,18.0,7.0,5.0,82.0,0.0,6.0,
GFS,2026-09-20 12:00,2026-09-30 21:00,240,부산,1,24.1,80.0,78.0,9.0,15.0,50.0,0.6,6.0,
GFS,2026-09-20 12:00,2026-09-20 21:00,0,인천,0,23.9,63.0,0.0,2.0,63.0,,,,
GFS,2026-09-20 12:00,2026-09-21 00:00,3,인천,0,22.4,77.0,0.0,2.0,77.0,0.0,0.0,3.0,
GFS,2026-09-20 12:00,2026-09-21 03:00,6,인천,0,21.2,84.0,0.0,2.0,84.0,0.0,0.0,3.0,
GFS,2026-09-20 12:00,2026-09-21 06:00,9,인천,0,20.3,49.0,0.0,29.0,41.0,0.0,0.0,3.0,
GFS,2026-09-20 12:00,2026-09-21 09:00,12,인천,0,22.8,77.0,0.0,67.0,17.0,176.0,0.0,3.0,
GFS,2026-09-20 12:00,2026-09-21 12:00,15,인천,0,27.7,55.0,0.0,52.0,15.0,644.0,0.0,3.0,
GFS,2026-09-20 12:00,2026-09-21 15:00,18,인천,0,29.8,44.0,0.0,44.0,0.0,745.0,0.0,3.0,
GFS,2026-09-20 12:00,2026-09-21 18:00,21,인천,0,27.9,15.0,0.0,13.0,7.0,324.0,0.0,3.0,
GFS,2026-09-20 12:00,2026-09-21 21:00,24,인천,0,24.9,15.0,0.0,4.0,13.0,3.0,0.0,3.0,
GFS,2026-09-20 12:00,2026-09-22 00:00,27,인천,0,23.5,12.0,0.0,11.0,6.0,0.0,0.0,3.0,
GFS,2026-09-20 12:00,2026-09-22 03:00,30,인천,0,22.0,5.0,0.0,2.0,4.0,0.0,0.0,3.0,
GFS,2026-09-20 12:00,2026-09-22 06:00,33,인천,0,20.6,0.0,0.0,0.0,0.0,0.0,0.0,3.0,
GFS,2026-09-20 12:00,2026-09-22 09:00,36,인천,0,23.1,44.0,0.0,0.0,44.0,179.0,0.0,3.0,
GFS,2026-09-20 12:00,2026-09-22 12:00,39,인천,0,27.6,22.0,0.0,0.0,22.0,660.0,0.0,3.0,
GFS,2026-09-20 12:00,2026-09-22 15:00,42,인천,0,28.3,4.0,0.0,0.0,4.0,747.0,0.0,3.0,
GFS,2026-09-20 12:00,2026-09-22 18:00,45,인천,0,25.6,0.0,0.0,0.0,0.0,326.0,0.0,3.0,
GFS,2026-09-20 12:00,2026-09-22 21:00,48,인천,0,24.4,0.0,0.0,0.0,0.0,3.0,0.0,3.0,
GFS,2026-09-20 12:00,2026-09-23 00:00,51,인천,0,23.3,0.0,0.0,0.0,0.0,0.0,0.0,3.0,
GFS,2026-09-20 12:00,2026-09-23 03:00,54,인천,0,21.9,0.0,0.0,0.0,0.0,0.0,0.0,3.0,
GFS,2026-09-20 12:00,2026-09-23 06:00,57,인천,0,21.0,2.0,0.0,0.0,2.0,0.0,0.0,3.0,
GFS,2026-09-20 12:00,2026-09-23 09:00,60,인천,0,23.2,0.0,0.0,0.0,0.0,170.0,0.0,3.0,
GFS,2026-09-20 12:00,2026-09-23 12:00,63,인천,0,26.5,8.0,0.0,0.0,8.0,646.0,0.0,3.0,
GFS,2026-09-20 12:00,2026-09-23 15:00,66,인천,0,26.0,30.0,0.0,0.0,30.0,720.0,0.0,3.0,
GFS,2026-09-20 12:00,2026-09-23 18:00,69,인천,0,23.9,75.0,0.0,0.0,75.0,303.0,0.0,3.0,
GFS,2026-09-20 12:00,2026-09-23 21:00,72,인천,0,22.9,82.0,0.0,0.0,82.0,2.0,0.0,3.0,
GFS,2026-09-20 12:00,2026-09-24 00:00,75,인천,0,22.2,35.0,0.0,0.0,35.0,0.0,0.0,3.0,
GFS,2026-09-20 12:00,2026-09-24 03:00,78,인천,0,21.6,99.0,0.0,0.0,99.0,0.0,0.0,3.0,
GFS,2026-09-20 12:00,2026-09-24 06:00,81,인천,0,21.1,56.0,0.0,6.0,54.0,0.0,0.0,3.0,
GFS,2026-09-20 12:00,2026-09-24 09:00,84,인천,0,23.1,83.0,1.0,80.0,26.0,155.0,0.0,3.0,
GFS,2026-09-20 12:00,2026-09-24 12:00,87,인천,0,27.0,100.0,0.0,45.0,100.0,600.0,0.0,3.0,
GFS,2026-09-20 12:00,2026-09-24 15:00,90,인천,0,27.4,100.0,0.0,100.0,100.0,616.0,0.0,3.0,
GFS,2026-09-20 12:00,2026-09-24 18:00,93,인천,0,26.3,99.0,0.0,90.0,89.0,130.0,0.0,3.0,
GFS,2026-09-20 12:00,2026-09-24 21:00,96,인천,0,24.7,95.0,0.0,72.0,92.0,2.0,0.0,3.0,
GFS,2026-09-20 12:00,2026-09-25 00:00,99,인천,0,24.2,75.0,0.0,70.0,41.0,0.0,0.0,3.0,
GFS,2026-09-20 12:00,2026-09-25 03:00,102,인천,0,23.0,99.0,0.0,39.0,99.0,0.0,0.0,3.0,
GFS,2026-09-20 12:00,2026-09-25 06:00,105,인천,0,22.1,96.0,0.0,69.0,72.0,0.0,0.0,3.0,
GFS,2026-09-20 12:00,2026-09-25 09:00,108,인천,0,23.6,100.0,46.0,100.0,84.0,119.0,0.0,3.0,
GFS,2026-09-20 12:00,2026-09-25 12:00,111,인천,0,21.7,100.0,100.0,100.0,100.0,182.0,1.1,3.0,
GFS,2026-09-20 12:00,2026-09-25 15:00,114,인천,0,20.4,100.0,100.0,100.0,100.0,48.0,2.3,3.0,
GFS,2026-09-20 12:00,2026-09-25 18:00,117,인천,0,20.3,100.0,100.0,100.0,100.0,27.0,1.0,3.0,
GFS,2026-09-20 12:00,2026-09-25 21:00,120,인천,0,20.1,100.0,100.0,100.0,100.0,0.0,0.3,3.0,
GFS,2026-09-20 12:00,2026-09-26 09:00,132,인천,0,20.8,100.0,73.0,3.0,100.0,31.0,0.0,6.0,
GFS,2026-09-20 12:00,2026-09-26 21:00,144,인천,0,23.0,100.0,4.0,2.0,100.0,139.0,0.0,6.0,
GFS,2026-09-20 12:00,2026-09-27 09:00,156,인천,0,21.4,100.0,95.0,100.0,100.0,15.0,0.1,6.0,
GFS,2026-09-20 12:00,2026-09-27 21:00,168,인천,0,18.7,6.0,1.0,5.0,0.0,21.0,3.9,6.0,
GFS,2026-09-20 12:00,2026-09-28 09:00,180,인천,0,19.9,87.0,0.0,0.0,87.0,62.0,0.0,6.0,
GFS,2026-09-20 12:00,2026-09-28 21:00,192,인천,0,23.3,74.0,0.0,27.0,62.0,117.0,0.0,6.0,
GFS,2026-09-20 12:00,2026-09-29 09:00,204,인천,0,21.1,100.0,27.0,100.0,2.0,13.0,1.5,6.0,
GFS,2026-09-20 12:00,2026-09-29 21:00,216,인천,0,22.6,96.0,91.0,45.0,69.0,122.0,0.0,6.0,
GFS,2026-09-20 12:00,2026-09-30 09:00,228,인천,0,20.6,100.0,100.0,99.0,5.0,4.0,1.1,6.0,
GFS,2026-09-20 12:00,2026-09-30 21:00,240,인천,0,17.9,32.0,0.0,32.0,4.0,132.0,0.0,6.0,
GFS,2026-09-20 12:00,2026-09-20 21:00,0,수원,0,23.4,40.0,0.0,1.0,40.0,,,,
GFS,2026-09-20 12:00,2026-09-21 00:00,3,수원,0,21.9,56.0,0.0,0.0,56.0,0.0,0.0,3.0,
GFS,2026-09-20 12:00,2026-09-21 03:00,6,수원,0,20.6,22.0,0.0,1.0,22.0,0.0,0.0,3.0,
GFS,2026-09-20 12:00,2026-09-21 06:00,9,수원,0,19.3,31.0,0.0,14.0,20.0,0.0,0.0,3.0,
GFS,2026-09-20 12:00,2026-09-21 09:00,12,수원,0,22.5,65.0,0.0,65.0,1.0,178.0,0.0,3.0,
GFS,2026-09-20 12:00,2026-09-21 12:00,15,수원,0,27.9,16.0,0.0,16.0,6.0,661.0,0.0,3.0,
GFS,2026-09-20 12:00,2026-09-21 15:00,18,수원,0,29.5,11.0,0.0,11.0,0.0,750.0,0.0,3.0,
GFS,2026-09-20 12:00,2026-09-21 18:00,21,수원,0,25.3,9.0,0.0,9.0,1.0,327.0,0.0,3.0,
GFS,2026-09-20 12:00,2026-09-21 21:00,24,수원,0,22.9,5.0,0.0,3.0,4.0,3.0,0.0,3.0,
GFS,2026-09-20 12:00,2026-09-22 00:00,27,수원,0,21.5,4.0,0.0,4.0,0.0,0.0,0.0,3.0,
GFS,2026-09-20 12:00,2026-09-22 03:00,30,수원,0,20.0,34.0,0.0,8.0,32.0,0.0,0.0,3.0,
GFS,2026-09-20 12:00,2026-09-22 06:00,33,수원,0,18.6,1.0,0.0,1.0,1.0,0.0,0.0,3.0,
GFS,2026-09-20 12:00,2026-09-22 09:00,36,수원,0,21.9,65.0,0.0,0.0,65.0,173.0,0.0,3.0,
GFS,2026-09-20 12:00,2026-09-22 12:00,39,수원,0,26.4,33.0,0.0,0.0,33.0,648.0,0.0,3.0,
GFS,2026-09-20 12:00,2026-09-22 15:00,42,수원,0,28.6,32.0,0.0,0.0,32.0,714.0,0.0,3.0,
GFS,2026-09-20 12:00,2026-09-22 18:00,45,수원,0,25.8,12.0,0.0,0.0,12.0,319.0,0.0,3.0,
GFS,2026-09-20 12:00,2026-09-22 21:00,48,수원,0,23.3,3.0,0.0,0.0,3.0,2.0,0.0,3.0,
GFS,2026-09-20 12:00,2026-09-23 00:00,51,수원,0,21.2,0.0,0.0,0.0,0.0,0.0,0.0,3.0,
GFS,2026-09-20 12:00,2026-09-23 03:00,54,수원,0,20.0,0.0,0.0,0.0,0.0,0.0,0.0,3.0,
GFS,2026-09-20 12:00,2026-09-23 06:00,57,수원,0,18.9,4.0,0.0,0.0,4.0,0.0,0.0,3.0,
GFS,2026-09-20 12:00,2026-09-23 09:00,60,수원,0,22.1,0.0,0.0,0.0,0.0,172.0,0.0,3.0,
GFS,2026-09-20 12:00,2026-09-23 12:00,63,수원,0,26.7,56.0,0.0,0.0,56.0,650.0,0.0,3.0,
GFS,2026-09-20 12:00,2026-09-23 15:00,66,수원,0,27.1,55.0,0.0,0.0,55.0,712.0,0.0,3.0,
GFS,2026-09-20 12:00,2026-09-23 18:00,69,수원,0,23.8,98.0,0.0,0.0,98.0,279.0,0.0,3.0,
GFS,2026-09-20 12:00,2026-09-23 21:00,72,수원,0,22.1,100.0,0.0,0.0,100.0,2.0,0.0,3.0,
GFS,2026-09-20 12:00,2026-09-24 00:00,75,수원,0,21.1,47.0,0.0,0.0,47.0,0.0,0.0,3.0,
GFS,2026-09-20 12:00,2026-09-24 03:00,78,수원,0,20.6,100.0,1.0,0.0,100.0,0.0,0.0,3.0,
GFS,2026-09-20 12:00,2026-09-24 06:00,81,수원,0,19.6,66.0,2.0,3.0,66.0,0.0,0.0,3.0,
GFS,2026-09-20 12:00,2026-09-24 09:00,84,수원,0,22.4,87.0,15.0,60.0,56.0,151.0,0.0,3.0,
GFS,2026-09-20 12:00,2026-09-24 12:00,87,수원,0,27.7,85.0,0.0,40.0,85.0,600.0,0.0,3.0,
GFS,2026-09-20 12:00,2026-09-24 15:00,90,수원,0,29.0,100.0,0.0,100.0,94.0,625.0,0.0,3.0,
GFS,2026-09-20 12:00,2026-09-24 18:00,93,수원,0,25.0,99.0,0.0,93.0,94.0,133.0,0.0,3.0,
GFS,2026-09-20 12:00,2026-09-24 21:00,96,수원,0,23.2,74.0,0.0,47.0,63.0,2.0,0.0,3.0,
GFS,2026-09-20 12:00,2026-09-25 00:00,99,수원,0,22.4,79.0,0.0,53.0,40.0,0.0,0.0,3.0,
GFS,2026-09-20 12:00,2026-09-25 03:00,102,수원,0,21.1,91.0,0.0,28.0,84.0,0.0,0.0,3.0,
GFS,2026-09-20 12:00,2026-09-25 06:00,105,수원,0,20.3,100.0,0.0,61.0,100.0,0.0,0.0,3.0,
GFS,2026-09-20 12:00,2026-09-25 09:00,108,수원,0,21.5,99.0,43.0,96.0,88.0,70.0,0.0,3.0,
GFS,2026-09-20 12:00,2026-09-25 12:00,111,수원,0,22.4,100.0,100.0,100.0,100.0,185.0,0.1,3.0,
GFS,2026-09-20 12:00,2026-09-25 15:00,114,수원,0,20.7,100.0,100.0,100.0,100.0,69.0,1.1,3.0,
GFS,2026-09-20 12:00,2026-09-25 18:00,117,수원,0,20.4,100.0,100.0,100.0,100.0,26.0,0.2,3.0,
GFS,2026-09-20 12:00,2026-09-25 21:00,120,수원,0,20.1,100.0,100.0,100.0,100.0,0.0,0.1,3.0,
GFS,2026-09-20 12:00,2026-09-26 09:00,132,수원,0,20.3,100.0,58.0,5.0,100.0,25.0,0.0,6.0,
GFS,2026-09-20 12:00,2026-09-26 21:00,144,수원,0,22.1,97.0,1.0,3.0,97.0,123.0,0.0,6.0,
GFS,2026-09-20 12:00,2026-09-27 09:00,156,수원,0,19.8,100.0,94.0,96.0,100.0,4.0,0.1,6.0,
GFS,2026-09-20 12:00,2026-09-27 21:00,168,수원,0,18.1,46.0,34.0,33.0,0.0,9.0,5.0,6.0,
GFS,2026-09-20 12:00,2026-09-28 09:00,180,수원,0,19.7,100.0,0.0,0.0,100.0,63.0,0.0,6.0,
GFS,2026-09-20 12:00,2026-09-28 21:00,192,수원,0,22.7,98.0,0.0,24.0,98.0,116.0,0.0,6.0,
GFS,2026-09-20 12:00,2026-09-29 09:00,204,수원,0,20.8,100.0,37.0,100.0,5.0,14.0,0.2,6.0,
GFS,2026-09-20 12:00,2026-09-29 21:00,216,수원,0,21.2,85.0,67.0,30.0,53.0,35.0,0.0,6.0,
GFS,2026-09-20 12:00,2026-09-30 09:00,228,수원,0,19.8,99.0,99.0,95.0,8.0,4.0,0.6,6.0,
GFS,2026-09-20 12:00,2026-09-30 21:00,240,수원,0,17.3,16.0,0.0,16.0,3.0,76.0,0.1,6.0,
GFS,2026-09-20 12:00,2026-09-20 21:00,0,전주,0,18.3,5.0,0.0,0.0,5.0,,,,
GFS,2026-09-20 12:00,2026-09-21 00:00,3,전주,0,17.2,0.0,0.0,0.0,0.0,0.0,0.0,3.0,
GFS,2026-09-20 12:00,2026-09-21 03:00,6,전주,0,16.4,0.0,0.0,0.0,0.0,0.0,0.0,3.0,
GFS,2026-09-20 12:00,2026-09-21 06:00,9,전주,0,16.0,47.0,0.0,0.0,47.0,0.0,0.0,3.0,
GFS,2026-09-20 12:00,2026-09-21 09:00,12,전주,0,21.0,3.0,0.0,0.0,3.0,180.0,0.0,3.0,
GFS,2026-09-20 12:00,2026-09-21 12:00,15,전주,0,25.5,3.0,0.0,3.0,0.0,675.0,0.0,3.0,
GFS,2026-09-20 12:00,2026-09-21 15:00,18,전주,0,27.2,13.0,0.0,4.0,10.0,753.0,0.0,3.0,
GFS,2026-09-20 12:00,2026-09-21 18:00,21,전주,0,21.3,5.0,0.0,4.0,2.0,328.0,0.0,3.0,
GFS,2026-09-20 12:00,2026-09-21 21:00,24,전주,0,18.5,5.0,0.0,5.0,0.0,3.0,0.0,3.0,
GFS,2026-09-20 12:00,2026-09-22 00:00,27,전주,0,17.6,1.0,0.0,1.0,0.0,0.0,0.0,3.0,
GFS,2026-09-20 12:00,2026-09-22 03:00,30,전주,0,17.1,29.0,0.0,0.0,29.0,0.0,0.0,3.0,
GFS,2026-09-20 12:00,2026-09-22 06:00,33,전주,0,16.4,1.0,0.0,1.0,1.0,0.0,0.0,3.0,
GFS,2026-09-20 12:00,2026-09-22 09:00,36,전주,0,22.1,2.0,0.0,1.0,2.0,178.0,0.0,3.0,
GFS,2026-09-20 12:00,2026-09-22 12:00,39,전주,0,26.0,12.0,0.0,0.0,12.0,669.0,0.0,3.0,
GFS,2026-09-20 12:00,2026-09-22 15:00,42,전주,0,26.6,14.0,7.0,0.0,8.0,741.0,0.0,3.0,
GFS,2026-09-20 12:00,2026-09-22 18:00,45,전주,0,21.5,92.0,16.0,0.0,78.0,316.0,0.0,3.0,
GFS,2026-09-20 12:00,2026-09-22 21:00,48,전주,0,19.3,99.0,4.0,8.0,99.0,3.0,0.0,3.0,
GFS,2026-09-20 12:00,2026-09-23 00:00,51,전주,0,18.4,5.0,5.0,0.0,1.0,0.0,0.0,3.0,
GFS,2026-09-20 12:00,2026-09-23 03:00,54,전주,0,17.7,30.0,1.0,0.0,30.0,0.0,0.0,3.0,
GFS,2026-09-20 12:00,2026-09-23 06:00,57,전주,0,17.1,0.0,0.0,0.0,0.0,0.0,0.0,3.0,
GFS,2026-09-20 12:00,2026-09-23 09:00,60,전주,0,21.7,80.0,0.0,0.0,80.0,169.0,0.0,3.0,
GFS,2026-09-20 12:00,2026-09-23 12:00,63,전주,0,25.2,100.0,11.0,0.0,100.0,641.0,0.0,3.0,
GFS,2026-09-20 12:00,2026-09-23 15:00,66,전주,0,25.6,99.0,10.0,0.0,99.0,650.0,0.1,3.0,
GFS,2026-09-20 12:00,2026-09-23 18:00,69,전주,0,21.6,100.0,1.0,0.0,100.0,268.0,0.1,3.0,
GFS,2026-09-20 12:00,2026-09-23 21:00,72,전주,0,19.3,100.0,0.0,0.0,100.0,2.0,0.0,3.0,
GFS,2026-09-20 12:00,2026-09-24 00:00,75,전주,0,18.7,100.0,0.0,0.0,100.0,0.0,0.0,3.0,
GFS,2026-09-20 12:00,2026-09-24 03:00,78,전주,0,18.3,98.0,0.0,24.0,98.0,0.0,0.0,3.0,
GFS,2026-09-20 12:00,2026-09-24 06:00,81,전주,0,17.6,94.0,0.0,85.0,81.0,0.0,0.0,3.0,
GFS,2026-09-20 12:00,2026-09-24 09:00,84,전주,0,22.0,67.0,0.0,63.0,20.0,158.0,0.0,3.0,
GFS,2026-09-20 12:00,2026-09-24 12:00,87,전주,0,26.2,93.0,0.0,44.0,93.0,633.0,0.0,3.0,
GFS,2026-09-20 12:00,2026-09-24 15:00,90,전주,0,27.4,95.0,0.0,69.0,92.0,683.0,0.0,3.0,
GFS,2026-09-20 12:00,2026-09-24 18:00,93,전주,0,21.4,99.0,0.0,89.0,97.0,199.0,0.0,3.0,
GFS,2026-09-20 12:00,2026-09-24 21:00,96,전주,0,20.1,39.0,0.0,36.0,9.0,2.0,0.0,3.0,
GFS,2026-09-20 12:00,2026-09-25 00:00,99,전주,0,19.2,100.0,0.0,27.0,100.0,0.0,0.0,3.0,
GFS,2026-09-20 12:00,2026-09-25 03:00,102,전주,0,18.5,94.0,0.0,32.0,94.0,0.0,0.0,3.0,
GFS,2026-09-20 12:00,2026-09-25 06:00,105,전주,0,18.2,95.0,0.0,81.0,90.0,0.0,0.0,3.0,
GFS,2026-09-20 12:00,2026-09-25 09:00,108,전주,0,22.0,97.0,0.0,84.0,89.0,96.0,0.0,3.0,
GFS,2026-09-20 12:00,2026-09-25 12:00,111,전주,0,24.3,100.0,0.0,96.0,66.0,381.0,0.0,3.0,
GFS,2026-09-20 12:00,2026-09-25 15:00,114,전주,0,22.9,100.0,4.0,100.0,84.0,257.0,0.0,3.0,
GFS,2026-09-20 12:00,2026-09-25 18:00,117,전주,0,20.4,100.0,82.0,100.0,97.0,27.0,0.0,3.0,
GFS,2026-09-20 12:00,2026-09-25 21:00,120,전주,0,19.7,100.0,91.0,100.0,36.0,0.0,0.0,3.0,
GFS,2026-09-20 12:00,2026-09-26 09:00,132,전주,0,21.2,100.0,3.0,81.0,100.0,31.0,0.0,6.0,
GFS,2026-09-20 12:00,2026-09-26 21:00,144,전주,0,20.1,100.0,3.0,73.0,100.0,65.0,0.0,6.0,
GFS,2026-09-20 12:00,2026-09-27 09:00,156,전주,0,20.0,100.0,89.0,100.0,100.0,22.0,0.2,6.0,
GFS,2026-09-20 12:00,2026-09-27 21:00,168,전주,0,18.2,98.0,68.0,2.0,83.0,3.0,7.4,6.0,
GFS,2026-09-20 12:00,2026-09-28 09:00,180,전주,0,19.6,86.0,3.0,4.0,85.0,55.0,0.0,6.0,
GFS,2026-09-20 12:00,2026-09-28 21:00,192,전주,0,20.8,91.0,89.0,1.0,22.0,74.0,0.8,6.0,
GFS,2026-09-20 12:00,2026-09-29 09:00,204,전주,0,21.0,97.0,12.0,97.0,27.0,23.0,0.1,6.0,
GFS,2026-09-20 12:00,2026-09-29 21:00,216,전주,0,21.0,80.0,3.0,80.0,3.0,112.0,0.0,6.0,
GFS,2026-09-20 12:00,2026-09-30 09:00,228,전주,0,20.2,100.0,97.0,100.0,1.0,10.0,0.6,6.0,
GFS,2026-09-20 12:00,2026-09-30 21:00,240,전주,0,17.2,97.0,6.0,97.0,26.0,6.0,0.3,6.0,
GFS,2026-09-20 12:00,2026-09-20 21:00,0,강릉,0,18.7,8.0,8.0,0.0,0.0,,,,
GFS,2026-09-20 12:00,2026-09-21 00:00,3,강릉,0,17.4,8.0,4.0,0.0,5.0,0.0,0.0,3.0,
GFS,2026-09-20 12:00,2026-09-21 03:00,6,강릉,0,17.2,57.0,0.0,0.0,57.0,0.0,0.0,3.0,
GFS,2026-09-20 12:00,2026-09-21 06:00,9,강릉,0,17.0,55.0,1.0,3.0,54.0,0.0,0.0,3.0,
GFS,2026-09-20 12:00,2026-09-21 09:00,12,강릉,0,19.7,9.0,1.0,4.0,8.0,198.0,0.0,3.0,
GFS,2026-09-20 12:00,2026-09-21 12:00,15,강릉,0,20.4,11.0,0.0,11.0,4.0,676.0,0.0,3.0,
GFS,2026-09-20 12:00,2026-09-21 15:00,18,강릉,0,21.1,4.0,0.0,3.0,2.0,726.0,0.0,3.0,
GFS,2026-09-20 12:00,2026-09-21 18:00,21,강릉,0,20.2,3.0,0.0,3.0,0.0,296.0,0.0,3.0,
GFS,2026-09-20 12:00,2026-09-21 21:00,24,강릉,0,18.8,52.0,52.0,4.0,0.0,1.0,0.0,3.0,
GFS,2026-09-20 12:00,2026-09-22 00:00,27,강릉,0,19.1,70.0,70.0,4.0,2.0,0.0,0.1,3.0,
GFS,2026-09-20 12:00,2026-09-22 03:00,30,강릉,0,19.2,40.0,40.0,2.0,0.0,0.0,0.2,3.0,
GFS,2026-09-20 12:00,2026-09-22 06:00,33,강릉,0,19.9,45.0,30.0,6.0,22.0,0.0,0.2,3.0,
GFS,2026-09-20 12:00,2026-09-22 09:00,36,강릉,0,21.3,20.0,19.0,1.0,1.0,190.0,0.1,3.0,
GFS,2026-09-20 12:00,2026-09-22 12:00,39,강릉,0,21.8,52.0,20.0,0.0,44.0,614.0,0.0,3.0,
GFS,2026-09-20 12:00,2026-09-22 15:00,42,강릉,0,21.3,81.0,27.0,0.0,72.0,600.0,0.1,3.0,
GFS,2026-09-20 12:00,2026-09-22 18:00,45,강릉,0,20.4,61.0,23.0,0.0,57.0,234.0,0.0,3.0,
GFS,2026-09-20 12:00,2026-09-22 21:00,48,강릉,0,19.4,15.0,12.0,0.0,6.0,1.0,0.0,3.0,
GFS,2026-09-20 12:00,2026-09-23 00:00,51,강릉,0,17.6,1.0,1.0,0.0,0.0,0.0,0.0,3.0,
GFS,2026-09-20 12:00,2026-09-23 03:00,54,강릉,0,17.0,1.0,0.0,0.0,1.0,0.0,0.0,3.0,
GFS,2026-09-20 12:00,2026-09-23 06:00,57,강릉,0,16.7,0.0,0.0,0.0,0.0,0.0,0.0,3.0,
GFS,2026-09-20 12:00,2026-09-23 09:00,60,강릉,0,19.7,0.0,0.0,0.0,0.0,197.0,0.0,3.0,
GFS,2026-09-20 12:00,2026-09-23 12:00,63,강릉,0,21.5,0.0,0.0,0.0,0.0,673.0,0.0,3.0,
GFS,2026-09-20 12:00,2026-09-23 15:00,66,강릉,0,22.1,4.0,0.0,0.0,4.0,711.0,0.0,3.0,
GFS,2026-09-20 12:00,2026-09-23 18:00,69,강릉,0,21.1,48.0,0.0,0.0,48.0,276.0,0.0,3.0,
GFS,2026-09-20 12:00,2026-09-23 21:00,72,강릉,0,20.5,67.0,0.0,0.0,67.0,1.0,0.0,3.0,
GFS,2026-09-20 12:00,2026-09-24 00:00,75,강릉,0,20.1,45.0,0.0,0.0,45.0,0.0,0.0,3.0,
GFS,2026-09-20 12:00,2026-09-24 03:00,78,강릉,0,19.7,97.0,0.0,0.0,97.0,0.0,0.0,3.0,
GFS,2026-09-20 12:00,2026-09-24 06:00,81,강릉,0,19.8,91.0,0.0,1.0,91.0,0.0,0.0,3.0,
GFS,2026-09-20 12:00,2026-09-24 09:00,84,강릉,0,23.0,55.0,0.0,20.0,53.0,160.0,0.0,3.0,
GFS,2026-09-20 12:00,2026-09-24 12:00,87,강릉,0,22.7,85.0,0.0,36.0,67.0,648.0,0.0,3.0,
GFS,2026-09-20 12:00,2026-09-24 15:00,90,강릉,0,22.2,94.0,0.0,50.0,94.0,603.0,0.0,3.0,
GFS,2026-09-20 12:00,2026-09-24 18:00,93,강릉,0,21.1,100.0,0.0,100.0,100.0,218.0,0.0,3.0,
GFS,2026-09-20 12:00,2026-09-24 21:00,96,강릉,0,20.2,92.0,10.0,80.0,83.0,0.0,0.1,3.0,
GFS,2026-09-20 12:00,2026-09-25 00:00,99,강릉,0,19.8,86.0,4.0,5.0,86.0,0.0,0.0,3.0,
GFS,2026-09-20 12:00,2026-09-25 03:00,102,강릉,0,19.6,47.0,34.0,3.0,18.0,0.0,0.2,3.0,
GFS,2026-09-20 12:00,2026-09-25 06:00,105,강릉,0,19.5,100.0,77.0,9.0,100.0,0.0,0.2,3.0,
GFS,2026-09-20 12:00,2026-09-25 09:00,108,강릉,0,21.2,96.0,75.0,78.0,79.0,49.0,0.6,3.0,
GFS,2026-09-20 12:00,2026-09-25 12:00,111,강릉,0,21.3,100.0,47.0,97.0,100.0,212.0,0.9,3.0,
GFS,2026-09-20 12:00,2026-09-25 15:00,114,강릉,0,21.7,100.0,78.0,100.0,100.0,274.0,1.7,3.0,
GFS,2026-09-20 12:00,2026-09-25 18:00,117,강릉,0,20.1,100.0,100.0,100.0,100.0,25.0,0.9,3.0,
GFS,2026-09-20 12:00,2026-09-25 21:00,120,강릉,0,19.6,100.0,100.0,100.0,100.0,0.0,0.1,3.0,
GFS,2026-09-20 12:00,2026-09-26 09:00,132,강릉,0,20.9,100.0,55.0,23.0,100.0,40.0,0.0,6.0,
GFS,2026-09-20 12:00,2026-09-26 21:00,144,강릉,0,19.9,87.0,0.0,1.0,87.0,123.0,0.0,6.0,
GFS,2026-09-20 12:00,2026-09-27 09:00,156,강릉,0,20.5,100.0,6.0,100.0,100.0,47.0,0.0,6.0,
GFS,2026-09-20 12:00,2026-09-27 21:00,168,강릉,0,18.4,100.0,100.0,100.0,35.0,4.0,14.1,6.0,
GFS,2026-09-20 12:00,2026-09-28 09:00,180,강릉,0,20.3,19.0,19.0,0.0,2.0,76.0,0.8,6.0,
GFS,2026-09-20 12:00,2026-09-28 21:00,192,강릉,0,20.0,99.0,99.0,7.0,98.0,117.0,1.0,6.0,
GFS,2026-09-20 12:00,2026-09-29 09:00,204,강릉,0,20.4,98.0,11.0,98.0,14.0,63.0,0.1,6.0,
GFS,2026-09-20 12:00,2026-09-29 21:00,216,강릉,0,20.5,62.0,1.0,4.0,62.0,47.0,0.6,6.0,
GFS,2026-09-20 12:00,2026-09-30 09:00,228,강릉,0,22.3,94.0,18.0,94.0,40.0,66.0,0.0,6.0,
GFS,2026-09-20 12:00,2026-09-30 21:00,240,강릉,0,20.8,75.0,0.0,36.0,75.0,43.0,0.1,6.0,
GFS,2026-09-20 12:00,2026-09-20 21:00,0,제주,0,21.7,3.0,1.0,0.0,1.0,,,,
GFS,2026-09-20 12:00,2026-09-21 00:00,3,제주,0,21.2,6.0,4.0,0.0,2.0,0.0,0.0,3.0,
GFS,2026-09-20 12:00,2026-09-21 03:00,6,제주,0,20.4,1.0,1.0,0.0,0.0,0.0,0.0,3.0,
GFS,2026-09-20 12:00,2026-09-21 06:00,9,제주,0,20.2,6.0,6.0,0.0,0.0,0.0,0.0,3.0,
GFS,2026-09-20 12:00,2026-09-21 09:00,12,제주,0,21.8,1.0,1.0,0.0,0.0,190.0,0.0,3.0,
GFS,2026-09-20 12:00,2026-09-21 12:00,15,제주,0,23.2,0.0,0.0,0.0,0.0,716.0,0.0,3.0,
GFS,2026-09-20 12:00,2026-09-21 15:00,18,제주,0,23.2,14.0,14.0,0.0,0.0,801.0,0.0,3.0,
GFS,2026-09-20 12:00,2026-09-21 18:00,21,제주,0,21.9,6.0,6.0,0.0,0.0,365.0,0.0,3.0,
GFS,2026-09-20 12:00,2026-09-21 21:00,24,제주,0,20.8,1.0,1.0,0.0,0.0,4.0,0.0,3.0,
GFS,2026-09-20 12:00,2026-09-22 00:00,27,제주,0,20.4,2.0,2.0,0.0,0.0,0.0,0.0,3.0,
GFS,2026-09-20 12:00,2026-09-22 03:00,30,제주,0,19.9,6.0,5.0,0.0,2.0,0.0,0.0,3.0,
GFS,2026-09-20 12:00,2026-09-22 06:00,33,제주,0,20.1,19.0,10.0,0.0,11.0,0.0,0.0,3.0,
GFS,2026-09-20 12:00,2026-09-22 09:00,36,제주,0,22.3,5.0,4.0,0.0,1.0,186.0,0.0,3.0,
GFS,2026-09-20 12:00,2026-09-22 12:00,39,제주,0,23.6,13.0,13.0,0.0,0.0,699.0,0.0,3.0,
GFS,2026-09-20 12:00,2026-09-22 15:00,42,제주,0,23.3,11.0,11.0,0.0,0.0,747.0,0.1,3.0,
GFS,2026-09-20 12:00,2026-09-22 18:00,45,제주,0,21.9,5.0,5.0,0.0,0.0,348.0,0.0,3.0,
GFS,2026-09-20 12:00,2026-09-22 21:00,48,제주,0,21.1,4.0,4.0,0.0,0.0,3.0,0.0,3.0,
GFS,2026-09-20 12:00,2026-09-23 00:00,51,제주,0,20.9,27.0,7.0,0.0,21.0,0.0,0.0,3.0,
GFS,2026-09-20 12:00,2026-09-23 03:00,54,제주,0,20.6,12.0,10.0,1.0,1.0,0.0,0.0,3.0,
GFS,2026-09-20 12:00,2026-09-23 06:00,57,제주,0,20.4,29.0,27.0,0.0,8.0,0.0,0.0,3.0,
GFS,2026-09-20 12:00,2026-09-23 09:00,60,제주,0,21.7,15.0,3.0,0.0,13.0,145.0,0.1,3.0,
GFS,2026-09-20 12:00,2026-09-23 12:00,63,제주,0,23.3,73.0,12.0,0.0,72.0,704.0,0.0,3.0,
GFS,2026-09-20 12:00,2026-09-23 15:00,66,제주,0,23.3,50.0,5.0,0.0,48.0,781.0,0.0,3.0,
GFS,2026-09-20 12:00,2026-09-23 18:00,69,제주,0,21.7,99.0,0.0,12.0,99.0,344.0,0.0,3.0,
GFS,2026-09-20 12:00,2026-09-23 21:00,72,제주,0,20.5,61.0,0.0,33.0,53.0,2.0,0.0,3.0,
GFS,2026-09-20 12:00,2026-09-24 00:00,75,제주,0,20.0,67.0,0.0,4.0,67.0,0.0,0.0,3.0,
GFS,2026-09-20 12:00,2026-09-24 03:00,78,제주,0,19.9,53.0,1.0,51.0,7.0,0.0,0.0,3.0,
GFS,2026-09-20 12:00,2026-09-24 06:00,81,제주,0,19.9,76.0,4.0,22.0,76.0,0.0,0.0,3.0,
GFS,2026-09-20 12:00,2026-09-24 09:00,84,제주,0,22.1,5.0,0.0,5.0,5.0,183.0,0.0,3.0,
GFS,2026-09-20 12:00,2026-09-24 12:00,87,제주,0,24.4,92.0,2.0,5.0,92.0,701.0,0.0,3.0,
GFS,2026-09-20 12:00,2026-09-24 15:00,90,제주,0,24.4,47.0,14.0,18.0,47.0,697.0,0.0,3.0,
GFS,2026-09-20 12:00,2026-09-24 18:00,93,제주,0,23.0,70.0,3.0,46.0,41.0,299.0,0.0,3.0,
GFS,2026-09-20 12:00,2026-09-24 21:00,96,제주,0,21.6,32.0,0.0,6.0,28.0,2.0,0.0,3.0,
GFS,2026-09-20 12:00,2026-09-25 00:00,99,제주,0,20.7,38.0,0.0,5.0,38.0,0.0,0.0,3.0,
GFS,2026-09-20 12:00,2026-09-25 03:00,102,제주,0,20.5,24.0,0.0,5.0,24.0,0.0,0.0,3.0,
GFS,2026-09-20 12:00,2026-09-25 06:00,105,제주,0,20.1,7.0,0.0,5.0,6.0,0.0,0.0,3.0,
GFS,2026-09-20 12:00,2026-09-25 09:00,108,제주,0,22.5,14.0,0.0,6.0,13.0,187.0,0.0,3.0,
GFS,2026-09-20 12:00,2026-09-25 12:00,111,제주,0,24.6,8.0,2.0,5.0,7.0,699.0,0.0,3.0,
GFS,2026-09-20 12:00,2026-09-25 15:00,114,제주,0,24.8,14.0,11.0,5.0,4.0,775.0,0.0,3.0,
GFS,2026-09-20 12:00,2026-09-25 18:00,117,제주,0,23.0,83.0,14.0,4.0,82.0,329.0,0.0,3.0,
GFS,2026-09-20 12:00,2026-09-25 21:00,120,제주,0,21.8,48.0,7.0,42.0,13.0,2.0,0.0,3.0,
GFS,2026-09-20 12:00,2026-09-26 09:00,132,제주,0,22.1,98.0,77.0,97.0,60.0,26.0,0.1,6.0,
GFS,2026-09-20 12:00,2026-09-26 21:00,144,제주,0,21.0,100.0,93.0,100.0,100.0,12.0,5.9,6.0,
GFS,2026-09-20 12:00,2026-09-27 09:00,156,제주,0,23.3,100.0,76.0,89.0,100.0,25.0,1.8,6.0,
GFS,2026-09-20 12:00,2026-09-27 21:00,168,제주,0,23.4,93.0,51.0,86.0,74.0,16.0,3.5,6.0,
GFS,2026-09-20 12:00,2026-09-28 09:00,180,제주,0,21.0,98.0,24.0,86.0,74.0,68.0,0.0,6.0,
GFS,2026-09-20 12:00,2026-09-28 21:00,192,제주,0,21.6,37.0,16.0,3.0,23.0,113.0,0.2,6.0,
GFS,2026-09-20 12:00,2026-09-29 09:00,204,제주,0,22.4,69.0,49.0,54.0,0.0,70.0,0.1,6.0,
GFS,2026-09-20 12:00,2026-09-29 21:00,216,제주,0,22.2,6.0,1.0,5.0,0.0,97.0,0.0,6.0,
GFS,2026-09-20 12:00,2026-09-30 09:00,228,제주,0,24.3,19.0,16.0,6.0,0.0,83.0,0.0,6.0,
GFS,2026-09-20 12:00,2026-09-30 21:00,240,제주,0,20.7,84.0,84.0,4.0,0.0,146.0,1.6,6.0,
GFS,2026-09-20 12:00,2026-09-20 21:00,0,나주,0,18.8,7.0,0.0,0.0,7.0,,,,
GFS,2026-09-20 12:00,2026-09-21 00:00,3,나주,0,17.5,0.0,0.0,0.0,0.0,0.0,0.0,3.0,
GFS,2026-09-20 12:00,2026-09-21 03:00,6,나주,0,16.8,0.0,0.0,0.0,0.0,0.0,0.0,3.0,
GFS,2026-09-20 12:00,2026-09-21 06:00,9,나주,0,16.1,2.0,0.0,0.0,2.0,0.0,0.0,3.0,
GFS,2026-09-20 12:00,2026-09-21 09:00,12,나주,0,21.5,2.0,0.0,0.0,2.0,187.0,0.0,3.0,
GFS,2026-09-20 12:00,2026-09-21 12:00,15,나주,0,26.9,0.0,0.0,0.0,0.0,690.0,0.0,3.0,
GFS,2026-09-20 12:00,2026-09-21 15:00,18,나주,0,29.0,0.0,0.0,0.0,0.0,771.0,0.0,3.0,
GFS,2026-09-20 12:00,2026-09-21 18:00,21,나주,0,23.9,1.0,1.0,0.0,0.0,344.0,0.0,3.0,
GFS,2026-09-20 12:00,2026-09-21 21:00,24,나주,0,19.2,3.0,0.0,1.0,1.0,3.0,0.0,3.0,
GFS,2026-09-20 12:00,2026-09-22 00:00,27,나주,0,18.3,2.0,0.0,0.0,2.0,0.0,0.0,3.0,
GFS,2026-09-20 12:00,2026-09-22 03:00,30,나주,0,17.7,70.0,0.0,4.0,70.0,0.0,0.0,3.0,
GFS,2026-09-20 12:00,2026-09-22 06:00,33,나주,0,16.9,4.0,0.0,3.0,2.0,0.0,0.0,3.0,
GFS,2026-09-20 12:00,2026-09-22 09:00,36,나주,0,22.5,1.0,0.0,0.0,1.0,186.0,0.0,3.0,
GFS,2026-09-20 12:00,2026-09-22 12:00,39,나주,0,27.6,3.0,0.0,0.0,3.0,689.0,0.0,3.0,
GFS,2026-09-20 12:00,2026-09-22 15:00,42,나주,0,28.3,14.0,12.0,2.0,2.0,767.0,0.0,3.0,
GFS,2026-09-20 12:00,2026-09-22 18:00,45,나주,0,22.7,33.0,20.0,1.0,14.0,328.0,0.0,3.0,
GFS,2026-09-20 12:00,2026-09-22 21:00,48,나주,0,19.2,59.0,4.0,2.0,57.0,3.0,0.0,3.0,
GFS,2026-09-20 12:00,2026-09-23 00:00,51,나주,0,18.7,37.0,14.0,1.0,25.0,0.0,0.0,3.0,
GFS,2026-09-20 12:00,2026-09-23 03:00,54,나주,0,17.7,3.0,0.0,2.0,2.0,0.0,0.0,3.0,
GFS,2026-09-20 12:00,2026-09-23 06:00,57,나주,0,17.0,1.0,0.0,1.0,0.0,0.0,0.0,3.0,
GFS,2026-09-20 12:00,2026-09-23 09:00,60,나주,0,22.3,64.0,0.0,0.0,64.0,176.0,0.0,3.0,
GFS,2026-09-20 12:00,2026-09-23 12:00,63,나주,0,26.4,100.0,41.0,0.0,100.0,656.0,0.0,3.0,
GFS,2026-09-20 12:00,2026-09-23 15:00,66,나주,0,26.3,83.0,61.0,0.0,65.0,548.0,0.1,3.0,
GFS,2026-09-20 12:00,2026-09-23 18:00,69,나주,0,23.0,91.0,0.0,2.0,91.0,186.0,0.0,3.0,
GFS,2026-09-20 12:00,2026-09-23 21:00,72,나주,0,19.3,100.0,0.0,7.0,100.0,2.0,0.0,3.0,
GFS,2026-09-20 12:00,2026-09-24 00:00,75,나주,0,19.0,99.0,0.0,48.0,99.0,0.0,0.0,3.0,
GFS,2026-09-20 12:00,2026-09-24 03:00,78,나주,0,18.3,97.0,0.0,90.0,90.0,0.0,0.0,3.0,
GFS,2026-09-20 12:00,2026-09-24 06:00,81,나주,0,17.8,46.0,0.0,36.0,23.0,0.0,0.0,3.0,
GFS,2026-09-20 12:00,2026-09-24 09:00,84,나주,0,22.8,23.0,0.0,12.0,15.0,176.0,0.0,3.0,
GFS,2026-09-20 12:00,2026-09-24 12:00,87,나주,0,27.8,71.0,0.0,42.0,64.0,676.0,0.0,3.0,
GFS,2026-09-20 12:00,2026-09-24 15:00,90,나주,0,29.0,97.0,0.0,83.0,96.0,617.0,0.0,3.0,
GFS,2026-09-20 12:00,2026-09-24 18:00,93,나주,0,23.7,100.0,0.0,100.0,99.0,206.0,0.0,3.0,
GFS,2026-09-20 12:00,2026-09-24 21:00,96,나주,0,20.4,79.0,0.0,58.0,63.0,2.0,0.0,3.0,
GFS,2026-09-20 12:00,2026-09-25 00:00,99,나주,0,19.0,62.0,0.0,6.0,62.0,0.0,0.0,3.0,
GFS,2026-09-20 12:00,2026-09-25 03:00,102,나주,0,18.9,97.0,0.0,66.0,76.0,0.0,0.0,3.0,
GFS,2026-09-20 12:00,2026-09-25 06:00,105,나주,0,17.5,95.0,0.0,56.0,82.0,0.0,0.0,3.0,
GFS,2026-09-20 12:00,2026-09-25 09:00,108,나주,0,21.5,92.0,0.0,89.0,74.0,69.0,0.0,3.0,
GFS,2026-09-20 12:00,2026-09-25 12:00,111,나주,0,26.4,100.0,0.0,71.0,100.0,478.0,0.0,3.0,
GFS,2026-09-20 12:00,2026-09-25 15:00,114,나주,0,25.3,84.0,1.0,84.0,37.0,408.0,0.0,3.0,
GFS,2026-09-20 12:00,2026-09-25 18:00,117,나주,0,22.9,81.0,26.0,75.0,49.0,211.0,0.0,3.0,
GFS,2026-09-20 12:00,2026-09-25 21:00,120,나주,0,19.9,92.0,26.0,87.0,56.0,2.0,0.0,3.0,
GFS,2026-09-20 12:00,2026-09-26 09:00,132,나주,0,21.6,100.0,10.0,100.0,100.0,28.0,0.1,6.0,
GFS,2026-09-20 12:00,2026-09-26 21:00,144,나주,0,19.9,96.0,29.0,92.0,79.0,52.0,0.0,6.0,
GFS,2026-09-20 12:00,2026-09-27 09:00,156,나주,0,19.4,100.0,99.0,100.0,99.0,2.0,12.2,6.0,
GFS,2026-09-20 12:00,2026-09-27 21:00,168,나주,0,20.5,74.0,44.0,4.0,63.0,6.0,10.2,6.0,
GFS,2026-09-20 12:00,2026-09-28 09:00,180,나주,0,19.7,78.0,3.0,63.0,68.0,56.0,0.0,6.0,
GFS,2026-09-20 12:00,2026-09-28 21:00,192,나주,0,21.7,87.0,49.0,5.0,76.0,30.0,0.2,6.0,
GFS,2026-09-20 12:00,2026-09-29 09:00,204,나주,0,20.9,66.0,1.0,66.0,5.0,35.0,0.0,6.0,
GFS,2026-09-20 12:00,2026-09-29 21:00,216,나주,0,21.0,90.0,12.0,90.0,3.0,70.0,0.0,6.0,
GFS,2026-09-20 12:00,2026-09-30 09:00,228,나주,0,21.1,87.0,80.0,60.0,29.0,11.0,0.1,6.0,
GFS,2026-09-20 12:00,2026-09-30 21:00,240,나주,0,17.5,65.0,7.0,39.0,37.0,16.0,0.7,6.0,
KIM,2026-09-20 12:00,2026-09-20 21:00,0,서울,1,21.2,55.0,1.0,55.0,1.0,,,,NE57_nc
KIM,2026-09-20 12:00,2026-09-21 00:00,3,서울,1,18.2,100.0,0.0,25.0,100.0,0.0,0.0,3.0,NE57_nc
KIM,2026-09-20 12:00,2026-09-21 03:00,6,서울,1,16.4,100.0,0.0,33.0,100.0,-0.0,0.0,3.0,NE57_nc
KIM,2026-09-20 12:00,2026-09-21 06:00,9,서울,1,14.5,100.0,0.0,44.0,100.0,0.0,0.0,3.0,NE57_nc
KIM,2026-09-20 12:00,2026-09-21 09:00,12,서울,1,20.6,97.0,0.0,26.0,97.0,180.0,0.0,3.0,NE57_nc
KIM,2026-09-20 12:00,2026-09-21 12:00,15,서울,1,26.3,42.0,0.0,8.0,39.0,677.0,0.0,3.0,NE57_nc
KIM,2026-09-20 12:00,2026-09-21 15:00,18,서울,1,28.1,57.0,0.0,31.0,55.0,740.0,0.0,3.0,NE57_nc
KIM,2026-09-20 12:00,2026-09-21 18:00,21,서울,1,24.7,90.0,0.0,29.0,88.0,310.0,0.0,3.0,NE57_nc
KIM,2026-09-20 12:00,2026-09-21 21:00,24,서울,1,20.5,91.0,0.0,74.0,83.0,2.0,0.0,3.0,NE57_nc
KIM,2026-09-20 12:00,2026-09-22 00:00,27,서울,1,18.5,87.0,0.0,67.0,82.0,-0.0,0.0,3.0,NE57_nc
KIM,2026-09-20 12:00,2026-09-22 03:00,30,서울,1,16.9,60.0,1.0,16.0,57.0,0.0,0.0,3.0,NE57_nc
KIM,2026-09-20 12:00,2026-09-22 06:00,33,서울,1,15.9,47.0,3.0,41.0,26.0,0.0,0.0,3.0,NE57_nc
KIM,2026-09-20 12:00,2026-09-22 09:00,36,서울,1,21.1,62.0,0.0,29.0,48.0,172.0,0.0,3.0,NE57_nc
KIM,2026-09-20 12:00,2026-09-22 12:00,39,서울,1,26.2,61.0,0.0,25.0,55.0,660.0,0.0,3.0,NE57_nc
KIM,2026-09-20 12:00,2026-09-22 15:00,42,서울,1,27.6,69.0,0.0,0.0,69.0,730.0,0.0,3.0,NE57_nc
KIM,2026-09-20 12:00,2026-09-22 18:00,45,서울,1,24.8,40.0,11.0,0.0,30.0,304.0,0.0,3.0,NE57_nc
KIM,2026-09-20 12:00,2026-09-22 21:00,48,서울,1,20.5,68.0,8.0,0.0,64.0,2.0,0.0,3.0,NE57_nc
KIM,2026-09-20 12:00,2026-09-23 00:00,51,서울,1,19.1,11.0,7.0,0.0,6.0,0.0,0.0,3.0,NE57_nc
KIM,2026-09-20 12:00,2026-09-23 03:00,54,서울,1,17.0,37.0,6.0,0.0,36.0,0.0,0.0,3.0,NE57_nc
KIM,2026-09-20 12:00,2026-09-23 06:00,57,서울,1,15.7,77.0,0.0,0.0,77.0,-0.0,0.0,3.0,NE57_nc
KIM,2026-09-20 12:00,2026-09-23 09:00,60,서울,1,20.6,56.0,0.0,0.0,56.0,158.0,0.0,3.0,NE57_nc
KIM,2026-09-20 12:00,2026-09-23 12:00,63,서울,1,25.8,0.0,0.0,0.0,0.0,634.0,0.0,3.0,NE57_nc
KIM,2026-09-20 12:00,2026-09-23 15:00,66,서울,1,27.0,3.0,3.0,0.0,0.0,712.0,0.0,3.0,NE57_nc
KIM,2026-09-20 12:00,2026-09-23 18:00,69,서울,1,23.3,15.0,4.0,0.0,12.0,294.0,0.0,3.0,NE57_nc
KIM,2026-09-20 12:00,2026-09-23 21:00,72,서울,1,19.4,13.0,3.0,9.0,3.0,2.0,0.0,3.0,NE57_nc
KIM,2026-09-20 12:00,2026-09-24 00:00,75,서울,1,18.1,24.0,23.0,1.0,0.0,-0.0,0.0,3.0,NE57_nc
KIM,2026-09-20 12:00,2026-09-24 03:00,78,서울,1,17.6,48.0,48.0,0.0,0.0,0.0,0.0,3.0,NE57_nc
KIM,2026-09-20 12:00,2026-09-24 06:00,81,서울,1,17.3,86.0,86.0,0.0,1.0,0.0,0.0,3.0,NE57_nc
KIM,2026-09-20 12:00,2026-09-24 09:00,84,서울,1,21.8,72.0,35.0,0.0,68.0,166.0,0.0,3.0,NE57_nc
KIM,2026-09-20 12:00,2026-09-24 12:00,87,서울,1,26.2,80.0,8.0,0.0,78.0,626.0,0.0,3.0,NE57_nc
KIM,2026-09-20 12:00,2026-09-24 15:00,90,서울,1,27.7,19.0,1.0,0.0,19.0,713.0,0.0,3.0,NE57_nc
KIM,2026-09-20 12:00,2026-09-24 18:00,93,서울,1,24.5,64.0,0.0,0.0,64.0,289.0,0.0,3.0,NE57_nc
KIM,2026-09-20 12:00,2026-09-24 21:00,96,서울,1,20.1,81.0,0.0,15.0,80.0,2.0,0.0,3.0,NE57_nc
KIM,2026-09-20 12:00,2026-09-25 00:00,99,서울,1,19.2,93.0,0.0,9.0,92.0,-0.0,0.0,3.0,NE57_nc
KIM,2026-09-20 12:00,2026-09-25 03:00,102,서울,1,18.9,98.0,0.0,17.0,98.0,0.0,0.0,3.0,NE57_nc
KIM,2026-09-20 12:00,2026-09-25 06:00,105,서울,1,18.3,99.0,4.0,73.0,97.0,0.0,0.0,3.0,NE57_nc
KIM,2026-09-20 12:00,2026-09-25 09:00,108,서울,1,22.2,88.0,1.0,60.0,62.0,132.0,0.0,3.0,NE57_nc
KIM,2026-09-20 12:00,2026-09-25 12:00,111,서울,1,26.5,77.0,0.0,22.0,76.0,596.0,0.0,3.0,NE57_nc
KIM,2026-09-20 12:00,2026-09-25 15:00,114,서울,1,27.9,100.0,29.0,33.0,99.0,656.0,0.0,3.0,NE57_nc
KIM,2026-09-20 12:00,2026-09-25 18:00,117,서울,1,20.8,100.0,90.0,99.0,99.0,87.0,10.5,3.0,NE57_nc
KIM,2026-09-20 12:00,2026-09-25 21:00,120,서울,1,19.8,100.0,99.0,97.0,100.0,0.0,5.5,3.0,NE57_nc
KIM,2026-09-20 12:00,2026-09-26 09:00,132,서울,1,17.8,99.0,88.0,70.0,97.0,,6.1,12.0,NE57_nc
KIM,2026-09-20 12:00,2026-09-26 21:00,144,서울,1,20.5,99.0,79.0,0.0,79.0,,0.2,12.0,NE57_nc
KIM,2026-09-20 12:00,2026-09-27 09:00,156,서울,1,20.2,99.0,44.0,22.0,91.0,,0.0,12.0,NE57_nc
KIM,2026-09-20 12:00,2026-09-27 21:00,168,서울,1,19.5,12.0,11.0,0.0,0.0,,1.8,12.0,NE57_nc
KIM,2026-09-20 12:00,2026-09-28 09:00,180,서울,1,17.5,86.0,0.0,63.0,76.0,,0.0,12.0,NE57_nc
KIM,2026-09-20 12:00,2026-09-28 21:00,192,서울,1,18.9,100.0,24.0,97.0,100.0,,0.0,12.0,NE57_nc
KIM,2026-09-20 12:00,2026-09-29 09:00,204,서울,1,19.4,86.0,85.0,18.0,0.0,,0.0,12.0,NE57_nc
KIM,2026-09-20 12:00,2026-09-29 21:00,216,서울,1,19.7,100.0,62.0,69.0,100.0,,3.0,12.0,NE57_nc
KIM,2026-09-20 12:00,2026-09-30 09:00,228,서울,1,19.4,88.0,77.0,49.0,17.0,,0.4,12.0,NE57_nc
KIM,2026-09-20 12:00,2026-09-30 21:00,240,서울,1,18.1,99.0,0.0,0.0,99.0,,0.1,12.0,NE57_nc
KIM,2026-09-20 12:00,2026-10-01 09:00,252,서울,1,19.0,34.0,0.0,33.0,3.0,,0.0,12.0,NE57_nc
KIM,2026-09-20 12:00,2026-10-01 21:00,264,서울,1,16.7,3.0,3.0,0.0,0.0,,4.2,12.0,NE57_nc
KIM,2026-09-20 12:00,2026-10-02 09:00,276,서울,1,13.1,2.0,2.0,0.0,0.0,,0.0,12.0,NE57_nc
KIM,2026-09-20 12:00,2026-10-02 21:00,288,서울,1,12.3,70.0,32.0,3.0,53.0,,0.0,12.0,NE57_nc
KIM,2026-09-20 12:00,2026-09-20 21:00,0,대전,1,19.5,12.0,0.0,12.0,1.0,,,,NE57_nc
KIM,2026-09-20 12:00,2026-09-21 00:00,3,대전,1,17.6,19.0,0.0,16.0,4.0,0.0,0.0,3.0,NE57_nc
KIM,2026-09-20 12:00,2026-09-21 03:00,6,대전,1,15.9,96.0,0.0,1.0,96.0,-0.0,0.0,3.0,NE57_nc
KIM,2026-09-20 12:00,2026-09-21 06:00,9,대전,1,14.5,88.0,3.0,1.0,87.0,0.0,0.0,3.0,NE57_nc
KIM,2026-09-20 12:00,2026-09-21 09:00,12,대전,1,19.6,79.0,0.0,7.0,77.0,178.0,0.0,3.0,NE57_nc
KIM,2026-09-20 12:00,2026-09-21 12:00,15,대전,1,24.5,26.0,0.0,7.0,24.0,685.0,0.0,3.0,NE57_nc
KIM,2026-09-20 12:00,2026-09-21 15:00,18,대전,1,26.1,87.0,0.0,6.0,86.0,750.0,0.0,3.0,NE57_nc
KIM,2026-09-20 12:00,2026-09-21 18:00,21,대전,1,22.6,73.0,0.0,66.0,50.0,316.0,0.0,3.0,NE57_nc
KIM,2026-09-20 12:00,2026-09-21 21:00,24,대전,1,19.1,86.0,0.0,78.0,61.0,2.0,0.0,3.0,NE57_nc
KIM,2026-09-20 12:00,2026-09-22 00:00,27,대전,1,18.5,84.0,0.0,38.0,80.0,-0.0,0.0,3.0,NE57_nc
KIM,2026-09-20 12:00,2026-09-22 03:00,30,대전,1,17.3,84.0,0.0,30.0,79.0,0.0,0.0,3.0,NE57_nc
KIM,2026-09-20 12:00,2026-09-22 06:00,33,대전,1,16.2,44.0,1.0,34.0,23.0,0.0,0.0,3.0,NE57_nc
KIM,2026-09-20 12:00,2026-09-22 09:00,36,대전,1,20.9,85.0,0.0,13.0,82.0,178.0,0.0,3.0,NE57_nc
KIM,2026-09-20 12:00,2026-09-22 12:00,39,대전,1,25.0,53.0,0.0,1.0,52.0,666.0,0.0,3.0,NE57_nc
KIM,2026-09-20 12:00,2026-09-22 15:00,42,대전,1,26.0,93.0,0.0,0.0,93.0,733.0,0.0,3.0,NE57_nc
KIM,2026-09-20 12:00,2026-09-22 18:00,45,대전,1,23.0,98.0,1.0,0.0,98.0,282.0,0.0,3.0,NE57_nc
KIM,2026-09-20 12:00,2026-09-22 21:00,48,대전,1,20.8,86.0,14.0,0.0,84.0,2.0,0.0,3.0,NE57_nc
KIM,2026-09-20 12:00,2026-09-23 00:00,51,대전,1,18.8,100.0,13.0,2.0,100.0,0.0,0.0,3.0,NE57_nc
KIM,2026-09-20 12:00,2026-09-23 03:00,54,대전,1,17.7,91.0,1.0,1.0,91.0,0.0,0.0,3.0,NE57_nc
KIM,2026-09-20 12:00,2026-09-23 06:00,57,대전,1,16.4,1.0,0.0,0.0,1.0,-0.0,0.0,3.0,NE57_nc
KIM,2026-09-20 12:00,2026-09-23 09:00,60,대전,1,20.2,0.0,0.0,0.0,0.0,174.0,0.0,3.0,NE57_nc
KIM,2026-09-20 12:00,2026-09-23 12:00,63,대전,1,24.8,0.0,0.0,0.0,0.0,664.0,0.0,3.0,NE57_nc
KIM,2026-09-20 12:00,2026-09-23 15:00,66,대전,1,26.1,56.0,0.0,0.0,56.0,727.0,0.0,3.0,NE57_nc
KIM,2026-09-20 12:00,2026-09-23 18:00,69,대전,1,23.1,59.0,2.0,0.0,59.0,295.0,0.0,3.0,NE57_nc
KIM,2026-09-20 12:00,2026-09-23 21:00,72,대전,1,20.1,55.0,3.0,0.0,53.0,2.0,0.0,3.0,NE57_nc
KIM,2026-09-20 12:00,2026-09-24 00:00,75,대전,1,17.8,6.0,2.0,0.0,5.0,-0.0,0.0,3.0,NE57_nc
KIM,2026-09-20 12:00,2026-09-24 03:00,78,대전,1,16.5,15.0,13.0,0.0,2.0,0.0,0.0,3.0,NE57_nc
KIM,2026-09-20 12:00,2026-09-24 06:00,81,대전,1,16.0,58.0,23.0,0.0,53.0,0.0,0.0,3.0,NE57_nc
KIM,2026-09-20 12:00,2026-09-24 09:00,84,대전,1,20.7,86.0,29.0,0.0,84.0,172.0,0.0,3.0,NE57_nc
KIM,2026-09-20 12:00,2026-09-24 12:00,87,대전,1,24.7,100.0,58.0,0.0,100.0,624.0,0.1,3.0,NE57_nc
KIM,2026-09-20 12:00,2026-09-24 15:00,90,대전,1,25.4,100.0,50.0,0.0,100.0,654.0,0.0,3.0,NE57_nc
KIM,2026-09-20 12:00,2026-09-24 18:00,93,대전,1,22.7,100.0,15.0,27.0,100.0,188.0,0.0,3.0,NE57_nc
KIM,2026-09-20 12:00,2026-09-24 21:00,96,대전,1,20.7,100.0,0.0,51.0,100.0,1.0,0.0,3.0,NE57_nc
KIM,2026-09-20 12:00,2026-09-25 00:00,99,대전,1,19.0,100.0,0.0,69.0,100.0,-0.0,0.0,3.0,NE57_nc
KIM,2026-09-20 12:00,2026-09-25 03:00,102,대전,1,18.9,99.0,0.0,74.0,98.0,0.0,0.0,3.0,NE57_nc
KIM,2026-09-20 12:00,2026-09-25 06:00,105,대전,1,18.6,99.0,6.0,70.0,99.0,0.0,0.0,3.0,NE57_nc
KIM,2026-09-20 12:00,2026-09-25 09:00,108,대전,1,22.4,64.0,3.0,57.0,39.0,151.0,0.0,3.0,NE57_nc
KIM,2026-09-20 12:00,2026-09-25 12:00,111,대전,1,26.2,80.0,19.0,64.0,70.0,626.0,0.0,3.0,NE57_nc
KIM,2026-09-20 12:00,2026-09-25 15:00,114,대전,1,23.6,100.0,41.0,98.0,96.0,172.0,0.0,3.0,NE57_nc
KIM,2026-09-20 12:00,2026-09-25 18:00,117,대전,1,22.5,100.0,60.0,99.0,100.0,59.0,0.0,3.0,NE57_nc
KIM,2026-09-20 12:00,2026-09-25 21:00,120,대전,1,21.8,100.0,68.0,98.0,100.0,0.0,0.0,3.0,NE57_nc
KIM,2026-09-20 12:00,2026-09-26 09:00,132,대전,1,18.7,99.0,80.0,84.0,87.0,,11.6,12.0,NE57_nc
KIM,2026-09-20 12:00,2026-09-26 21:00,144,대전,1,18.3,99.0,18.0,0.0,99.0,,3.6,12.0,NE57_nc
KIM,2026-09-20 12:00,2026-09-27 09:00,156,대전,1,18.5,85.0,80.0,0.0,6.0,,0.0,12.0,NE57_nc
KIM,2026-09-20 12:00,2026-09-27 21:00,168,대전,1,19.1,42.0,15.0,0.0,34.0,,0.3,12.0,NE57_nc
KIM,2026-09-20 12:00,2026-09-28 09:00,180,대전,1,18.9,86.0,3.0,83.0,30.0,,0.0,12.0,NE57_nc
KIM,2026-09-20 12:00,2026-09-28 21:00,192,대전,1,20.4,98.0,68.0,21.0,97.0,,0.0,12.0,NE57_nc
KIM,2026-09-20 12:00,2026-09-29 09:00,204,대전,1,19.4,78.0,77.0,3.0,0.0,,0.4,12.0,NE57_nc
KIM,2026-09-20 12:00,2026-09-29 21:00,216,대전,1,21.5,99.0,64.0,76.0,99.0,,0.7,12.0,NE57_nc
KIM,2026-09-20 12:00,2026-09-30 09:00,228,대전,1,18.6,100.0,95.0,93.0,25.0,,0.0,12.0,NE57_nc
KIM,2026-09-20 12:00,2026-09-30 21:00,240,대전,1,17.5,74.0,0.0,21.0,74.0,,0.0,12.0,NE57_nc
KIM,2026-09-20 12:00,2026-10-01 09:00,252,대전,1,19.1,76.0,14.0,70.0,52.0,,0.0,12.0,NE57_nc
KIM,2026-09-20 12:00,2026-10-01 21:00,264,대전,1,19.3,94.0,86.0,0.0,57.0,,1.2,12.0,NE57_nc
KIM,2026-09-20 12:00,2026-10-02 09:00,276,대전,1,15.4,43.0,43.0,0.0,0.0,,0.0,12.0,NE57_nc
KIM,2026-09-20 12:00,2026-10-02 21:00,288,대전,1,12.8,46.0,1.0,46.0,0.0,,0.3,12.0,NE57_nc
KIM,2026-09-20 12:00,2026-09-20 21:00,0,대구,1,18.8,34.0,2.0,30.0,11.0,,,,NE57_nc
KIM,2026-09-20 12:00,2026-09-21 00:00,3,대구,1,17.0,5.0,1.0,4.0,1.0,0.0,0.0,3.0,NE57_nc
KIM,2026-09-20 12:00,2026-09-21 03:00,6,대구,1,15.7,92.0,4.0,7.0,91.0,-0.0,0.0,3.0,NE57_nc
KIM,2026-09-20 12:00,2026-09-21 06:00,9,대구,1,14.9,77.0,11.0,0.0,75.0,0.0,0.0,3.0,NE57_nc
KIM,2026-09-20 12:00,2026-09-21 09:00,12,대구,1,20.0,74.0,26.0,0.0,70.0,202.0,0.0,3.0,NE57_nc
KIM,2026-09-20 12:00,2026-09-21 12:00,15,대구,1,23.9,72.0,19.0,0.0,68.0,708.0,0.0,3.0,NE57_nc
KIM,2026-09-20 12:00,2026-09-21 15:00,18,대구,1,25.4,24.0,1.0,0.0,23.0,766.0,0.0,3.0,NE57_nc
KIM,2026-09-20 12:00,2026-09-21 18:00,21,대구,1,21.1,52.0,0.0,9.0,50.0,313.0,0.0,3.0,NE57_nc
KIM,2026-09-20 12:00,2026-09-21 21:00,24,대구,1,17.9,77.0,1.0,28.0,72.0,1.0,0.0,3.0,NE57_nc
KIM,2026-09-20 12:00,2026-09-22 00:00,27,대구,1,16.5,56.0,26.0,33.0,26.0,-0.0,0.0,3.0,NE57_nc
KIM,2026-09-20 12:00,2026-09-22 03:00,30,대구,1,15.7,76.0,57.0,27.0,49.0,0.0,0.0,3.0,NE57_nc
KIM,2026-09-20 12:00,2026-09-22 06:00,33,대구,1,15.7,57.0,25.0,19.0,40.0,0.0,0.0,3.0,NE57_nc
KIM,2026-09-20 12:00,2026-09-22 09:00,36,대구,1,20.6,48.0,2.0,0.0,48.0,197.0,0.0,3.0,NE57_nc
KIM,2026-09-20 12:00,2026-09-22 12:00,39,대구,1,24.4,53.0,2.0,0.0,52.0,698.0,0.0,3.0,NE57_nc
KIM,2026-09-20 12:00,2026-09-22 15:00,42,대구,1,24.1,67.0,9.0,0.0,65.0,753.0,0.0,3.0,NE57_nc
KIM,2026-09-20 12:00,2026-09-22 18:00,45,대구,1,20.1,86.0,6.0,0.0,86.0,303.0,0.0,3.0,NE57_nc
KIM,2026-09-20 12:00,2026-09-22 21:00,48,대구,1,18.2,82.0,0.0,29.0,80.0,1.0,0.0,3.0,NE57_nc
KIM,2026-09-20 12:00,2026-09-23 00:00,51,대구,1,17.0,99.0,0.0,17.0,99.0,0.0,0.0,3.0,NE57_nc
KIM,2026-09-20 12:00,2026-09-23 03:00,54,대구,1,16.3,100.0,0.0,21.0,100.0,0.0,0.0,3.0,NE57_nc
KIM,2026-09-20 12:00,2026-09-23 06:00,57,대구,1,15.6,97.0,0.0,46.0,97.0,-0.0,0.0,3.0,NE57_nc
KIM,2026-09-20 12:00,2026-09-23 09:00,60,대구,1,19.9,48.0,0.0,22.0,46.0,174.0,0.0,3.0,NE57_nc
KIM,2026-09-20 12:00,2026-09-23 12:00,63,대구,1,23.7,0.0,0.0,0.0,0.0,665.0,0.0,3.0,NE57_nc
KIM,2026-09-20 12:00,2026-09-23 15:00,66,대구,1,25.2,48.0,0.0,0.0,48.0,751.0,0.0,3.0,NE57_nc
KIM,2026-09-20 12:00,2026-09-23 18:00,69,대구,1,22.0,92.0,1.0,0.0,92.0,298.0,0.0,3.0,NE57_nc
KIM,2026-09-20 12:00,2026-09-23 21:00,72,대구,1,18.6,97.0,2.0,0.0,97.0,1.0,0.0,3.0,NE57_nc
KIM,2026-09-20 12:00,2026-09-24 00:00,75,대구,1,17.2,4.0,0.0,0.0,4.0,-0.0,0.0,3.0,NE57_nc
KIM,2026-09-20 12:00,2026-09-24 03:00,78,대구,1,16.0,8.0,0.0,0.0,8.0,0.0,0.0,3.0,NE57_nc
KIM,2026-09-20 12:00,2026-09-24 06:00,81,대구,1,15.6,26.0,0.0,0.0,26.0,0.0,0.0,3.0,NE57_nc
KIM,2026-09-20 12:00,2026-09-24 09:00,84,대구,1,20.5,79.0,0.0,0.0,79.0,194.0,0.0,3.0,NE57_nc
KIM,2026-09-20 12:00,2026-09-24 12:00,87,대구,1,25.2,88.0,0.0,0.0,88.0,698.0,0.0,3.0,NE57_nc
KIM,2026-09-20 12:00,2026-09-24 15:00,90,대구,1,26.6,91.0,0.0,0.0,91.0,737.0,0.0,3.0,NE57_nc
KIM,2026-09-20 12:00,2026-09-24 18:00,93,대구,1,23.4,100.0,0.0,19.0,100.0,225.0,0.0,3.0,NE57_nc
KIM,2026-09-20 12:00,2026-09-24 21:00,96,대구,1,20.8,97.0,0.0,43.0,96.0,1.0,0.0,3.0,NE57_nc
KIM,2026-09-20 12:00,2026-09-25 00:00,99,대구,1,19.7,98.0,0.0,49.0,98.0,-0.0,0.0,3.0,NE57_nc
KIM,2026-09-20 12:00,2026-09-25 03:00,102,대구,1,18.6,99.0,0.0,66.0,99.0,0.0,0.0,3.0,NE57_nc
KIM,2026-09-20 12:00,2026-09-25 06:00,105,대구,1,18.1,89.0,11.0,72.0,73.0,0.0,0.0,3.0,NE57_nc
KIM,2026-09-20 12:00,2026-09-25 09:00,108,대구,1,21.1,91.0,41.0,80.0,67.0,112.0,0.0,3.0,NE57_nc
KIM,2026-09-20 12:00,2026-09-25 12:00,111,대구,1,23.9,97.0,35.0,94.0,82.0,571.0,0.1,3.0,NE57_nc
KIM,2026-09-20 12:00,2026-09-25 15:00,114,대구,1,22.2,99.0,45.0,96.0,93.0,371.0,0.1,3.0,NE57_nc
KIM,2026-09-20 12:00,2026-09-25 18:00,117,대구,1,21.1,100.0,63.0,96.0,100.0,55.0,0.0,3.0,NE57_nc
KIM,2026-09-20 12:00,2026-09-25 21:00,120,대구,1,20.3,100.0,43.0,90.0,100.0,0.0,0.0,3.0,NE57_nc
KIM,2026-09-20 12:00,2026-09-26 09:00,132,대구,1,18.4,100.0,71.0,94.0,99.0,,10.8,12.0,NE57_nc
KIM,2026-09-20 12:00,2026-09-26 21:00,144,대구,1,18.4,96.0,80.0,0.0,79.0,,13.4,12.0,NE57_nc
KIM,2026-09-20 12:00,2026-09-27 09:00,156,대구,1,19.2,75.0,75.0,0.0,8.0,,0.0,12.0,NE57_nc
KIM,2026-09-20 12:00,2026-09-27 21:00,168,대구,1,20.0,24.0,16.0,0.0,14.0,,0.0,12.0,NE57_nc
KIM,2026-09-20 12:00,2026-09-28 09:00,180,대구,1,19.4,82.0,5.0,69.0,68.0,,0.0,12.0,NE57_nc
KIM,2026-09-20 12:00,2026-09-28 21:00,192,대구,1,20.3,100.0,24.0,52.0,100.0,,0.0,12.0,NE57_nc
KIM,2026-09-20 12:00,2026-09-29 09:00,204,대구,1,19.6,87.0,59.0,76.0,0.0,,0.5,12.0,NE57_nc
KIM,2026-09-20 12:00,2026-09-29 21:00,216,대구,1,19.5,85.0,37.0,41.0,80.0,,0.1,12.0,NE57_nc
KIM,2026-09-20 12:00,2026-09-30 09:00,228,대구,1,21.0,70.0,7.0,67.0,38.0,,0.0,12.0,NE57_nc
KIM,2026-09-20 12:00,2026-09-30 21:00,240,대구,1,19.3,12.0,1.0,0.0,12.0,,0.0,12.0,NE57_nc
KIM,2026-09-20 12:00,2026-10-01 09:00,252,대구,1,19.1,88.0,7.0,83.0,34.0,,0.0,12.0,NE57_nc
KIM,2026-09-20 12:00,2026-10-01 21:00,264,대구,1,19.2,97.0,97.0,31.0,55.0,,0.3,12.0,NE57_nc
KIM,2026-09-20 12:00,2026-10-02 09:00,276,대구,1,15.0,0.0,0.0,0.0,0.0,,0.2,12.0,NE57_nc
KIM,2026-09-20 12:00,2026-10-02 21:00,288,대구,1,13.1,7.0,0.0,0.0,7.0,,0.0,12.0,NE57_nc
KIM,2026-09-20 12:00,2026-09-20 21:00,0,광주,1,20.8,30.0,0.0,30.0,1.0,,,,NE57_nc
KIM,2026-09-20 12:00,2026-09-21 00:00,3,광주,1,18.7,8.0,0.0,0.0,8.0,0.0,0.0,3.0,NE57_nc
KIM,2026-09-20 12:00,2026-09-21 03:00,6,광주,1,17.1,84.0,0.0,10.0,82.0,-0.0,0.0,3.0,NE57_nc
KIM,2026-09-20 12:00,2026-09-21 06:00,9,광주,1,16.1,44.0,0.0,2.0,42.0,0.0,0.0,3.0,NE57_nc
KIM,2026-09-20 12:00,2026-09-21 09:00,12,광주,1,21.6,80.0,0.0,0.0,80.0,176.0,0.0,3.0,NE57_nc
KIM,2026-09-20 12:00,2026-09-21 12:00,15,광주,1,26.1,47.0,0.0,0.0,47.0,679.0,0.0,3.0,NE57_nc
KIM,2026-09-20 12:00,2026-09-21 15:00,18,광주,1,27.4,30.0,0.0,18.0,18.0,766.0,0.0,3.0,NE57_nc
KIM,2026-09-20 12:00,2026-09-21 18:00,21,광주,1,23.8,82.0,0.0,29.0,77.0,329.0,0.0,3.0,NE57_nc
KIM,2026-09-20 12:00,2026-09-21 21:00,24,광주,1,20.0,77.0,0.0,55.0,57.0,3.0,0.0,3.0,NE57_nc
KIM,2026-09-20 12:00,2026-09-22 00:00,27,광주,1,19.2,73.0,0.0,65.0,50.0,-0.0,0.0,3.0,NE57_nc
KIM,2026-09-20 12:00,2026-09-22 03:00,30,광주,1,17.5,78.0,0.0,65.0,59.0,0.0,0.0,3.0,NE57_nc
KIM,2026-09-20 12:00,2026-09-22 06:00,33,광주,1,16.0,78.0,0.0,44.0,68.0,0.0,0.0,3.0,NE57_nc
KIM,2026-09-20 12:00,2026-09-22 09:00,36,광주,1,21.4,57.0,0.0,0.0,57.0,175.0,0.0,3.0,NE57_nc
KIM,2026-09-20 12:00,2026-09-22 12:00,39,광주,1,26.2,51.0,0.0,0.0,51.0,677.0,0.0,3.0,NE57_nc
KIM,2026-09-20 12:00,2026-09-22 15:00,42,광주,1,27.7,81.0,0.0,0.0,81.0,756.0,0.0,3.0,NE57_nc
KIM,2026-09-20 12:00,2026-09-22 18:00,45,광주,1,24.7,96.0,6.0,7.0,95.0,322.0,0.0,3.0,NE57_nc
KIM,2026-09-20 12:00,2026-09-22 21:00,48,광주,1,20.9,97.0,15.0,36.0,96.0,2.0,0.0,3.0,NE57_nc
KIM,2026-09-20 12:00,2026-09-23 00:00,51,광주,1,19.2,100.0,2.0,20.0,100.0,0.0,0.0,3.0,NE57_nc
KIM,2026-09-20 12:00,2026-09-23 03:00,54,광주,1,18.1,100.0,0.0,50.0,100.0,0.0,0.0,3.0,NE57_nc
KIM,2026-09-20 12:00,2026-09-23 06:00,57,광주,1,17.0,77.0,0.0,57.0,71.0,-0.0,0.0,3.0,NE57_nc
KIM,2026-09-20 12:00,2026-09-23 09:00,60,광주,1,21.0,41.0,0.0,23.0,33.0,138.0,0.0,3.0,NE57_nc
KIM,2026-09-20 12:00,2026-09-23 12:00,63,광주,1,25.6,12.0,0.0,0.0,12.0,665.0,0.0,3.0,NE57_nc
KIM,2026-09-20 12:00,2026-09-23 15:00,66,광주,1,26.8,51.0,3.0,0.0,51.0,748.0,0.0,3.0,NE57_nc
KIM,2026-09-20 12:00,2026-09-23 18:00,69,광주,1,23.6,62.0,3.0,0.0,62.0,308.0,0.0,3.0,NE57_nc
KIM,2026-09-20 12:00,2026-09-23 21:00,72,광주,1,20.5,99.0,1.0,0.0,99.0,2.0,0.0,3.0,NE57_nc
KIM,2026-09-20 12:00,2026-09-24 00:00,75,광주,1,18.8,24.0,0.0,0.0,24.0,-0.0,0.0,3.0,NE57_nc
KIM,2026-09-20 12:00,2026-09-24 03:00,78,광주,1,17.7,57.0,0.0,0.0,57.0,0.0,0.0,3.0,NE57_nc
KIM,2026-09-20 12:00,2026-09-24 06:00,81,광주,1,17.4,100.0,0.0,0.0,100.0,0.0,0.0,3.0,NE57_nc
KIM,2026-09-20 12:00,2026-09-24 09:00,84,광주,1,22.1,98.0,0.0,0.0,97.0,170.0,0.0,3.0,NE57_nc
KIM,2026-09-20 12:00,2026-09-24 12:00,87,광주,1,26.5,89.0,0.0,0.0,89.0,665.0,0.0,3.0,NE57_nc
KIM,2026-09-20 12:00,2026-09-24 15:00,90,광주,1,27.5,98.0,12.0,1.0,98.0,710.0,0.0,3.0,NE57_nc
KIM,2026-09-20 12:00,2026-09-24 18:00,93,광주,1,24.1,100.0,11.0,16.0,100.0,288.0,0.0,3.0,NE57_nc
KIM,2026-09-20 12:00,2026-09-24 21:00,96,광주,1,22.1,97.0,0.0,40.0,97.0,1.0,0.0,3.0,NE57_nc
KIM,2026-09-20 12:00,2026-09-25 00:00,99,광주,1,20.7,99.0,0.0,71.0,99.0,-0.0,0.0,3.0,NE57_nc
KIM,2026-09-20 12:00,2026-09-25 03:00,102,광주,1,20.2,98.0,0.0,91.0,90.0,0.0,0.0,3.0,NE57_nc
KIM,2026-09-20 12:00,2026-09-25 06:00,105,광주,1,19.9,98.0,19.0,85.0,91.0,0.0,0.0,3.0,NE57_nc
KIM,2026-09-20 12:00,2026-09-25 09:00,108,광주,1,22.0,100.0,35.0,100.0,88.0,72.0,0.0,3.0,NE57_nc
KIM,2026-09-20 12:00,2026-09-25 12:00,111,광주,1,25.2,100.0,26.0,89.0,100.0,224.0,0.0,3.0,NE57_nc
KIM,2026-09-20 12:00,2026-09-25 15:00,114,광주,1,27.1,99.0,20.0,92.0,94.0,573.0,0.0,3.0,NE57_nc
KIM,2026-09-20 12:00,2026-09-25 18:00,117,광주,1,23.5,100.0,81.0,73.0,100.0,66.0,0.0,3.0,NE57_nc
KIM,2026-09-20 12:00,2026-09-25 21:00,120,광주,1,20.9,100.0,90.0,99.0,100.0,0.0,1.1,3.0,NE57_nc
KIM,2026-09-20 12:00,2026-09-26 09:00,132,광주,1,19.0,100.0,89.0,98.0,99.0,,45.9,12.0,NE57_nc
KIM,2026-09-20 12:00,2026-09-26 21:00,144,광주,1,19.6,96.0,42.0,12.0,95.0,,57.2,12.0,NE57_nc
KIM,2026-09-20 12:00,2026-09-27 09:00,156,광주,1,20.6,36.0,31.0,0.0,11.0,,0.0,12.0,NE57_nc
KIM,2026-09-20 12:00,2026-09-27 21:00,168,광주,1,19.4,100.0,12.0,1.0,100.0,,0.0,12.0,NE57_nc
KIM,2026-09-20 12:00,2026-09-28 09:00,180,광주,1,21.0,91.0,0.0,80.0,62.0,,0.0,12.0,NE57_nc
KIM,2026-09-20 12:00,2026-09-28 21:00,192,광주,1,18.5,100.0,79.0,99.0,86.0,,0.8,12.0,NE57_nc
KIM,2026-09-20 12:00,2026-09-29 09:00,204,광주,1,19.2,99.0,83.0,86.0,43.0,,8.1,12.0,NE57_nc
KIM,2026-09-20 12:00,2026-09-29 21:00,216,광주,1,20.1,40.0,16.0,30.0,0.0,,0.2,12.0,NE57_nc
KIM,2026-09-20 12:00,2026-09-30 09:00,228,광주,1,19.6,100.0,28.0,100.0,19.0,,0.0,12.0,NE57_nc
KIM,2026-09-20 12:00,2026-09-30 21:00,240,광주,1,18.3,24.0,0.0,4.0,22.0,,0.0,12.0,NE57_nc
KIM,2026-09-20 12:00,2026-10-01 09:00,252,광주,1,18.6,100.0,88.0,100.0,6.0,,0.0,12.0,NE57_nc
KIM,2026-09-20 12:00,2026-10-01 21:00,264,광주,1,18.2,100.0,99.0,54.0,82.0,,1.0,12.0,NE57_nc
KIM,2026-09-20 12:00,2026-10-02 09:00,276,광주,1,17.7,52.0,52.0,0.0,0.0,,0.4,12.0,NE57_nc
KIM,2026-09-20 12:00,2026-10-02 21:00,288,광주,1,14.6,52.0,32.0,23.0,9.0,,0.1,12.0,NE57_nc
KIM,2026-09-20 12:00,2026-09-20 21:00,0,부산,1,20.9,31.0,26.0,2.0,11.0,,,,NE57_nc
KIM,2026-09-20 12:00,2026-09-21 00:00,3,부산,1,19.6,38.0,20.0,26.0,0.0,0.0,0.0,3.0,NE57_nc
KIM,2026-09-20 12:00,2026-09-21 03:00,6,부산,1,18.5,54.0,23.0,1.0,37.0,-0.0,0.0,3.0,NE57_nc
KIM,2026-09-20 12:00,2026-09-21 06:00,9,부산,1,17.4,85.0,62.0,7.0,72.0,0.0,0.0,3.0,NE57_nc
KIM,2026-09-20 12:00,2026-09-21 09:00,12,부산,1,22.2,76.0,69.0,0.0,36.0,200.0,0.0,3.0,NE57_nc
KIM,2026-09-20 12:00,2026-09-21 12:00,15,부산,1,25.2,62.0,53.0,0.0,28.0,586.0,0.0,3.0,NE57_nc
KIM,2026-09-20 12:00,2026-09-21 15:00,18,부산,1,26.1,36.0,27.0,0.0,16.0,750.0,0.0,3.0,NE57_nc
KIM,2026-09-20 12:00,2026-09-21 18:00,21,부산,1,22.8,32.0,26.0,5.0,8.0,302.0,0.0,3.0,NE57_nc
KIM,2026-09-20 12:00,2026-09-21 21:00,24,부산,1,20.1,44.0,15.0,10.0,30.0,1.0,0.0,3.0,NE57_nc
KIM,2026-09-20 12:00,2026-09-22 00:00,27,부산,1,19.4,81.0,57.0,23.0,53.0,-0.0,0.0,3.0,NE57_nc
KIM,2026-09-20 12:00,2026-09-22 03:00,30,부산,1,19.5,89.0,82.0,39.0,48.0,0.0,0.0,3.0,NE57_nc
KIM,2026-09-20 12:00,2026-09-22 06:00,33,부산,1,19.3,65.0,34.0,38.0,39.0,0.0,0.0,3.0,NE57_nc
KIM,2026-09-20 12:00,2026-09-22 09:00,36,부산,1,23.7,31.0,0.0,6.0,27.0,196.0,0.0,3.0,NE57_nc
KIM,2026-09-20 12:00,2026-09-22 12:00,39,부산,1,26.1,29.0,0.0,0.0,29.0,694.0,0.0,3.0,NE57_nc
KIM,2026-09-20 12:00,2026-09-22 15:00,42,부산,1,25.5,37.0,1.0,0.0,36.0,743.0,0.0,3.0,NE57_nc
KIM,2026-09-20 12:00,2026-09-22 18:00,45,부산,1,22.0,23.0,19.0,0.0,5.0,294.0,0.0,3.0,NE57_nc
KIM,2026-09-20 12:00,2026-09-22 21:00,48,부산,1,20.6,53.0,37.0,0.0,17.0,1.0,0.0,3.0,NE57_nc
KIM,2026-09-20 12:00,2026-09-23 00:00,51,부산,1,19.9,59.0,26.0,0.0,49.0,0.0,0.0,3.0,NE57_nc
KIM,2026-09-20 12:00,2026-09-23 03:00,54,부산,1,19.1,92.0,20.0,6.0,87.0,0.0,0.0,3.0,NE57_nc
KIM,2026-09-20 12:00,2026-09-23 06:00,57,부산,1,18.9,99.0,14.0,38.0,99.0,-0.0,0.0,3.0,NE57_nc
KIM,2026-09-20 12:00,2026-09-23 09:00,60,부산,1,23.0,64.0,10.0,15.0,61.0,187.0,0.0,3.0,NE57_nc
KIM,2026-09-20 12:00,2026-09-23 12:00,63,부산,1,25.5,24.0,10.0,9.0,13.0,648.0,0.0,3.0,NE57_nc
KIM,2026-09-20 12:00,2026-09-23 15:00,66,부산,1,26.0,23.0,6.0,0.0,17.0,726.0,0.0,3.0,NE57_nc
KIM,2026-09-20 12:00,2026-09-23 18:00,69,부산,1,22.5,61.0,2.0,2.0,59.0,286.0,0.0,3.0,NE57_nc
KIM,2026-09-20 12:00,2026-09-23 21:00,72,부산,1,20.4,100.0,1.0,0.0,100.0,1.0,0.0,3.0,NE57_nc
KIM,2026-09-20 12:00,2026-09-24 00:00,75,부산,1,19.1,99.0,0.0,10.0,99.0,-0.0,0.0,3.0,NE57_nc
KIM,2026-09-20 12:00,2026-09-24 03:00,78,부산,1,17.7,18.0,0.0,0.0,18.0,0.0,0.0,3.0,NE57_nc
KIM,2026-09-20 12:00,2026-09-24 06:00,81,부산,1,17.0,80.0,0.0,0.0,80.0,0.0,0.0,3.0,NE57_nc
KIM,2026-09-20 12:00,2026-09-24 09:00,84,부산,1,23.5,98.0,0.0,0.0,98.0,191.0,0.0,3.0,NE57_nc
KIM,2026-09-20 12:00,2026-09-24 12:00,87,부산,1,28.2,86.0,0.0,0.0,86.0,686.0,0.0,3.0,NE57_nc
KIM,2026-09-20 12:00,2026-09-24 15:00,90,부산,1,27.4,59.0,0.0,0.0,59.0,718.0,0.0,3.0,NE57_nc
KIM,2026-09-20 12:00,2026-09-24 18:00,93,부산,1,23.6,85.0,0.0,0.0,85.0,227.0,0.0,3.0,NE57_nc
KIM,2026-09-20 12:00,2026-09-24 21:00,96,부산,1,21.7,98.0,0.0,27.0,98.0,1.0,0.0,3.0,NE57_nc
KIM,2026-09-20 12:00,2026-09-25 00:00,99,부산,1,21.4,99.0,0.0,26.0,99.0,-0.0,0.0,3.0,NE57_nc
KIM,2026-09-20 12:00,2026-09-25 03:00,102,부산,1,21.0,98.0,0.0,44.0,97.0,0.0,0.0,3.0,NE57_nc
KIM,2026-09-20 12:00,2026-09-25 06:00,105,부산,1,21.0,87.0,0.0,66.0,60.0,0.0,0.0,3.0,NE57_nc
KIM,2026-09-20 12:00,2026-09-25 09:00,108,부산,1,23.9,100.0,49.0,98.0,95.0,122.0,0.0,3.0,NE57_nc
KIM,2026-09-20 12:00,2026-09-25 12:00,111,부산,1,23.6,99.0,45.0,98.0,85.0,151.0,0.0,3.0,NE57_nc
KIM,2026-09-20 12:00,2026-09-25 15:00,114,부산,1,25.5,100.0,49.0,100.0,99.0,497.0,0.0,3.0,NE57_nc
KIM,2026-09-20 12:00,2026-09-25 18:00,117,부산,1,23.1,99.0,36.0,93.0,96.0,135.0,0.1,3.0,NE57_nc
KIM,2026-09-20 12:00,2026-09-25 21:00,120,부산,1,22.6,100.0,34.0,89.0,99.0,0.0,0.0,3.0,NE57_nc
KIM,2026-09-20 12:00,2026-09-26 09:00,132,부산,1,20.5,100.0,99.0,99.0,100.0,,6.2,12.0,NE57_nc
KIM,2026-09-20 12:00,2026-09-26 21:00,144,부산,1,21.0,98.0,77.0,14.0,96.0,,56.0,12.0,NE57_nc
KIM,2026-09-20 12:00,2026-09-27 09:00,156,부산,1,22.0,7.0,7.0,0.0,0.0,,0.0,12.0,NE57_nc
KIM,2026-09-20 12:00,2026-09-27 21:00,168,부산,1,22.5,40.0,39.0,0.0,10.0,,0.0,12.0,NE57_nc
KIM,2026-09-20 12:00,2026-09-28 09:00,180,부산,1,23.4,97.0,0.0,73.0,96.0,,0.0,12.0,NE57_nc
KIM,2026-09-20 12:00,2026-09-28 21:00,192,부산,1,22.3,100.0,59.0,91.0,100.0,,0.0,12.0,NE57_nc
KIM,2026-09-20 12:00,2026-09-29 09:00,204,부산,1,20.0,99.0,94.0,98.0,0.0,,12.5,12.0,NE57_nc
KIM,2026-09-20 12:00,2026-09-29 21:00,216,부산,1,20.9,83.0,49.0,66.0,32.0,,0.1,12.0,NE57_nc
KIM,2026-09-20 12:00,2026-09-30 09:00,228,부산,1,23.3,73.0,15.0,68.0,30.0,,0.0,12.0,NE57_nc
KIM,2026-09-20 12:00,2026-09-30 21:00,240,부산,1,22.0,0.0,0.0,0.0,0.0,,0.1,12.0,NE57_nc
KIM,2026-09-20 12:00,2026-10-01 09:00,252,부산,1,21.3,89.0,7.0,89.0,1.0,,0.0,12.0,NE57_nc
KIM,2026-09-20 12:00,2026-10-01 21:00,264,부산,1,20.9,100.0,89.0,99.0,100.0,,0.0,12.0,NE57_nc
KIM,2026-09-20 12:00,2026-10-02 09:00,276,부산,1,16.8,0.0,0.0,0.0,0.0,,1.5,12.0,NE57_nc
KIM,2026-09-20 12:00,2026-10-02 21:00,288,부산,1,15.2,96.0,0.0,0.0,96.0,,0.0,12.0,NE57_nc
KIM,2026-09-20 12:00,2026-09-20 21:00,0,인천,0,21.5,54.0,23.0,41.0,0.0,,,,NE57_nc
KIM,2026-09-20 12:00,2026-09-21 00:00,3,인천,0,18.8,100.0,2.0,21.0,100.0,0.0,0.0,3.0,NE57_nc
KIM,2026-09-20 12:00,2026-09-21 03:00,6,인천,0,16.7,100.0,0.0,36.0,100.0,-0.0,0.0,3.0,NE57_nc
KIM,2026-09-20 12:00,2026-09-21 06:00,9,인천,0,15.1,100.0,0.0,50.0,100.0,0.0,0.0,3.0,NE57_nc
KIM,2026-09-20 12:00,2026-09-21 09:00,12,인천,0,19.9,96.0,0.0,33.0,95.0,168.0,0.0,3.0,NE57_nc
KIM,2026-09-20 12:00,2026-09-21 12:00,15,인천,0,25.3,79.0,0.0,23.0,76.0,658.0,0.0,3.0,NE57_nc
KIM,2026-09-20 12:00,2026-09-21 15:00,18,인천,0,27.2,58.0,0.0,35.0,54.0,736.0,0.0,3.0,NE57_nc
KIM,2026-09-20 12:00,2026-09-21 18:00,21,인천,0,23.1,92.0,0.0,35.0,91.0,314.0,0.0,3.0,NE57_nc
KIM,2026-09-20 12:00,2026-09-21 21:00,24,인천,0,19.7,92.0,0.0,73.0,86.0,3.0,0.0,3.0,NE57_nc
KIM,2026-09-20 12:00,2026-09-22 00:00,27,인천,0,18.1,81.0,0.0,70.0,70.0,-0.0,0.0,3.0,NE57_nc
KIM,2026-09-20 12:00,2026-09-22 03:00,30,인천,0,16.5,61.0,0.0,17.0,59.0,0.0,0.0,3.0,NE57_nc
KIM,2026-09-20 12:00,2026-09-22 06:00,33,인천,0,15.1,52.0,0.0,48.0,26.0,0.0,0.0,3.0,NE57_nc
KIM,2026-09-20 12:00,2026-09-22 09:00,36,인천,0,20.5,68.0,0.0,33.0,58.0,163.0,0.0,3.0,NE57_nc
KIM,2026-09-20 12:00,2026-09-22 12:00,39,인천,0,25.8,63.0,0.0,34.0,57.0,645.0,0.0,3.0,NE57_nc
KIM,2026-09-20 12:00,2026-09-22 15:00,42,인천,0,27.2,59.0,0.0,0.0,59.0,722.0,0.0,3.0,NE57_nc
KIM,2026-09-20 12:00,2026-09-22 18:00,45,인천,0,23.6,29.0,0.0,0.0,29.0,305.0,0.0,3.0,NE57_nc
KIM,2026-09-20 12:00,2026-09-22 21:00,48,인천,0,20.0,55.0,0.0,0.0,55.0,2.0,0.0,3.0,NE57_nc
KIM,2026-09-20 12:00,2026-09-23 00:00,51,인천,0,19.4,20.0,0.0,0.0,20.0,0.0,0.0,3.0,NE57_nc
KIM,2026-09-20 12:00,2026-09-23 03:00,54,인천,0,17.2,21.0,0.0,0.0,21.0,0.0,0.0,3.0,NE57_nc
KIM,2026-09-20 12:00,2026-09-23 06:00,57,인천,0,15.9,62.0,0.0,0.0,62.0,-0.0,0.0,3.0,NE57_nc
KIM,2026-09-20 12:00,2026-09-23 09:00,60,인천,0,20.4,54.0,0.0,0.0,54.0,154.0,0.0,3.0,NE57_nc
KIM,2026-09-20 12:00,2026-09-23 12:00,63,인천,0,24.9,0.0,0.0,0.0,0.0,623.0,0.0,3.0,NE57_nc
KIM,2026-09-20 12:00,2026-09-23 15:00,66,인천,0,25.1,0.0,0.0,0.0,0.0,708.0,0.0,3.0,NE57_nc
KIM,2026-09-20 12:00,2026-09-23 18:00,69,인천,0,22.0,17.0,4.0,0.0,14.0,297.0,0.0,3.0,NE57_nc
KIM,2026-09-20 12:00,2026-09-23 21:00,72,인천,0,19.0,30.0,24.0,9.0,3.0,2.0,0.0,3.0,NE57_nc
KIM,2026-09-20 12:00,2026-09-24 00:00,75,인천,0,18.6,60.0,60.0,0.0,1.0,-0.0,0.0,3.0,NE57_nc
KIM,2026-09-20 12:00,2026-09-24 03:00,78,인천,0,18.5,75.0,75.0,0.0,0.0,0.0,0.0,3.0,NE57_nc
KIM,2026-09-20 12:00,2026-09-24 06:00,81,인천,0,17.8,86.0,86.0,0.0,14.0,0.0,0.0,3.0,NE57_nc
KIM,2026-09-20 12:00,2026-09-24 09:00,84,인천,0,21.8,81.0,47.0,0.0,78.0,156.0,0.0,3.0,NE57_nc
KIM,2026-09-20 12:00,2026-09-24 12:00,87,인천,0,25.4,93.0,12.0,0.0,92.0,620.0,0.0,3.0,NE57_nc
KIM,2026-09-20 12:00,2026-09-24 15:00,90,인천,0,25.7,33.0,5.0,0.0,30.0,699.0,0.0,3.0,NE57_nc
KIM,2026-09-20 12:00,2026-09-24 18:00,93,인천,0,22.9,71.0,0.0,0.0,71.0,289.0,0.0,3.0,NE57_nc
KIM,2026-09-20 12:00,2026-09-24 21:00,96,인천,0,19.9,83.0,0.0,10.0,83.0,2.0,0.0,3.0,NE57_nc
KIM,2026-09-20 12:00,2026-09-25 00:00,99,인천,0,19.0,89.0,0.0,22.0,87.0,-0.0,0.0,3.0,NE57_nc
KIM,2026-09-20 12:00,2026-09-25 03:00,102,인천,0,18.4,100.0,3.0,13.0,100.0,0.0,0.0,3.0,NE57_nc
KIM,2026-09-20 12:00,2026-09-25 06:00,105,인천,0,18.2,100.0,4.0,67.0,99.0,0.0,0.0,3.0,NE57_nc
KIM,2026-09-20 12:00,2026-09-25 09:00,108,인천,0,22.3,82.0,0.0,33.0,70.0,127.0,0.0,3.0,NE57_nc
KIM,2026-09-20 12:00,2026-09-25 12:00,111,인천,0,26.4,72.0,5.0,25.0,68.0,591.0,0.0,3.0,NE57_nc
KIM,2026-09-20 12:00,2026-09-25 15:00,114,인천,0,26.9,98.0,11.0,40.0,98.0,608.0,0.2,3.0,NE57_nc
KIM,2026-09-20 12:00,2026-09-25 18:00,117,인천,0,22.0,100.0,91.0,97.0,100.0,200.0,2.1,3.0,NE57_nc
KIM,2026-09-20 12:00,2026-09-25 21:00,120,인천,0,20.6,100.0,97.0,96.0,100.0,0.0,0.3,3.0,NE57_nc
KIM,2026-09-20 12:00,2026-09-26 09:00,132,인천,0,18.3,99.0,94.0,62.0,95.0,,8.8,12.0,NE57_nc
KIM,2026-09-20 12:00,2026-09-26 21:00,144,인천,0,20.6,97.0,74.0,3.0,88.0,,0.1,12.0,NE57_nc
KIM,2026-09-20 12:00,2026-09-27 09:00,156,인천,0,20.4,100.0,61.0,42.0,87.0,,0.0,12.0,NE57_nc
KIM,2026-09-20 12:00,2026-09-27 21:00,168,인천,0,20.1,7.0,0.0,0.0,7.0,,0.7,12.0,NE57_nc
KIM,2026-09-20 12:00,2026-09-28 09:00,180,인천,0,17.9,77.0,0.0,35.0,71.0,,0.0,12.0,NE57_nc
KIM,2026-09-20 12:00,2026-09-28 21:00,192,인천,0,18.2,100.0,16.0,98.0,100.0,,0.0,12.0,NE57_nc
KIM,2026-09-20 12:00,2026-09-29 09:00,204,인천,0,20.8,70.0,69.0,15.0,0.0,,0.0,12.0,NE57_nc
KIM,2026-09-20 12:00,2026-09-29 21:00,216,인천,0,20.2,100.0,58.0,69.0,100.0,,1.8,12.0,NE57_nc
KIM,2026-09-20 12:00,2026-09-30 09:00,228,인천,0,20.5,75.0,33.0,69.0,14.0,,0.0,12.0,NE57_nc
KIM,2026-09-20 12:00,2026-09-30 21:00,240,인천,0,18.3,98.0,0.0,0.0,98.0,,0.0,12.0,NE57_nc
KIM,2026-09-20 12:00,2026-10-01 09:00,252,인천,0,18.9,47.0,0.0,47.0,3.0,,0.0,12.0,NE57_nc
KIM,2026-09-20 12:00,2026-10-01 21:00,264,인천,0,16.5,0.0,0.0,0.0,0.0,,5.1,12.0,NE57_nc
KIM,2026-09-20 12:00,2026-10-02 09:00,276,인천,0,13.5,33.0,33.0,0.0,0.0,,0.0,12.0,NE57_nc
KIM,2026-09-20 12:00,2026-10-02 21:00,288,인천,0,12.2,76.0,51.0,2.0,40.0,,0.0,12.0,NE57_nc
KIM,2026-09-20 12:00,2026-09-20 21:00,0,수원,0,20.9,53.0,5.0,49.0,2.0,,,,NE57_nc
KIM,2026-09-20 12:00,2026-09-21 00:00,3,수원,0,19.3,92.0,0.0,20.0,91.0,0.0,0.0,3.0,NE57_nc
KIM,2026-09-20 12:00,2026-09-21 03:00,6,수원,0,17.1,99.0,0.0,25.0,99.0,-0.0,0.0,3.0,NE57_nc
KIM,2026-09-20 12:00,2026-09-21 06:00,9,수원,0,15.3,100.0,0.0,46.0,100.0,0.0,0.0,3.0,NE57_nc
KIM,2026-09-20 12:00,2026-09-21 09:00,12,수원,0,21.0,99.0,0.0,46.0,99.0,176.0,0.0,3.0,NE57_nc
KIM,2026-09-20 12:00,2026-09-21 12:00,15,수원,0,26.6,38.0,0.0,12.0,32.0,677.0,0.0,3.0,NE57_nc
KIM,2026-09-20 12:00,2026-09-21 15:00,18,수원,0,28.5,83.0,0.0,52.0,77.0,752.0,0.0,3.0,NE57_nc
KIM,2026-09-20 12:00,2026-09-21 18:00,21,수원,0,24.4,97.0,0.0,30.0,97.0,320.0,0.0,3.0,NE57_nc
KIM,2026-09-20 12:00,2026-09-21 21:00,24,수원,0,19.8,96.0,0.0,63.0,93.0,2.0,0.0,3.0,NE57_nc
KIM,2026-09-20 12:00,2026-09-22 00:00,27,수원,0,18.6,96.0,0.0,65.0,95.0,-0.0,0.0,3.0,NE57_nc
KIM,2026-09-20 12:00,2026-09-22 03:00,30,수원,0,17.3,72.0,0.0,25.0,68.0,0.0,0.0,3.0,NE57_nc
KIM,2026-09-20 12:00,2026-09-22 06:00,33,수원,0,16.0,40.0,2.0,38.0,15.0,0.0,0.0,3.0,NE57_nc
KIM,2026-09-20 12:00,2026-09-22 09:00,36,수원,0,21.4,52.0,0.0,42.0,32.0,169.0,0.0,3.0,NE57_nc
KIM,2026-09-20 12:00,2026-09-22 12:00,39,수원,0,26.4,54.0,0.0,35.0,44.0,658.0,0.0,3.0,NE57_nc
KIM,2026-09-20 12:00,2026-09-22 15:00,42,수원,0,28.0,93.0,0.0,7.0,93.0,733.0,0.0,3.0,NE57_nc
KIM,2026-09-20 12:00,2026-09-22 18:00,45,수원,0,24.8,63.0,0.0,0.0,63.0,311.0,0.0,3.0,NE57_nc
KIM,2026-09-20 12:00,2026-09-22 21:00,48,수원,0,20.3,70.0,10.0,0.0,66.0,2.0,0.0,3.0,NE57_nc
KIM,2026-09-20 12:00,2026-09-23 00:00,51,수원,0,19.5,46.0,11.0,0.0,40.0,0.0,0.0,3.0,NE57_nc
KIM,2026-09-20 12:00,2026-09-23 03:00,54,수원,0,17.6,75.0,12.0,0.0,74.0,0.0,0.0,3.0,NE57_nc
KIM,2026-09-20 12:00,2026-09-23 06:00,57,수원,0,16.4,60.0,1.0,0.0,60.0,-0.0,0.0,3.0,NE57_nc
KIM,2026-09-20 12:00,2026-09-23 09:00,60,수원,0,21.1,46.0,0.0,0.0,46.0,160.0,0.0,3.0,NE57_nc
KIM,2026-09-20 12:00,2026-09-23 12:00,63,수원,0,25.8,0.0,0.0,0.0,0.0,641.0,0.0,3.0,NE57_nc
KIM,2026-09-20 12:00,2026-09-23 15:00,66,수원,0,26.9,3.0,3.0,0.0,0.0,722.0,0.0,3.0,NE57_nc
KIM,2026-09-20 12:00,2026-09-23 18:00,69,수원,0,23.1,13.0,8.0,0.0,6.0,302.0,0.0,3.0,NE57_nc
KIM,2026-09-20 12:00,2026-09-23 21:00,72,수원,0,19.6,9.0,6.0,3.0,2.0,2.0,0.0,3.0,NE57_nc
KIM,2026-09-20 12:00,2026-09-24 00:00,75,수원,0,18.1,24.0,22.0,1.0,2.0,-0.0,0.0,3.0,NE57_nc
KIM,2026-09-20 12:00,2026-09-24 03:00,78,수원,0,17.7,52.0,52.0,0.0,0.0,0.0,0.0,3.0,NE57_nc
KIM,2026-09-20 12:00,2026-09-24 06:00,81,수원,0,17.6,76.0,76.0,0.0,12.0,0.0,0.0,3.0,NE57_nc
KIM,2026-09-20 12:00,2026-09-24 09:00,84,수원,0,22.2,84.0,45.0,0.0,81.0,163.0,0.0,3.0,NE57_nc
KIM,2026-09-20 12:00,2026-09-24 12:00,87,수원,0,26.4,95.0,15.0,0.0,94.0,645.0,0.0,3.0,NE57_nc
KIM,2026-09-20 12:00,2026-09-24 15:00,90,수원,0,27.1,50.0,3.0,0.0,49.0,714.0,0.0,3.0,NE57_nc
KIM,2026-09-20 12:00,2026-09-24 18:00,93,수원,0,23.5,95.0,0.0,0.0,95.0,285.0,0.0,3.0,NE57_nc
KIM,2026-09-20 12:00,2026-09-24 21:00,96,수원,0,20.9,89.0,0.0,17.0,88.0,2.0,0.0,3.0,NE57_nc
KIM,2026-09-20 12:00,2026-09-25 00:00,99,수원,0,18.9,87.0,0.0,41.0,82.0,-0.0,0.0,3.0,NE57_nc
KIM,2026-09-20 12:00,2026-09-25 03:00,102,수원,0,19.2,100.0,0.0,30.0,99.0,0.0,0.0,3.0,NE57_nc
KIM,2026-09-20 12:00,2026-09-25 06:00,105,수원,0,19.0,98.0,4.0,73.0,94.0,0.0,0.0,3.0,NE57_nc
KIM,2026-09-20 12:00,2026-09-25 09:00,108,수원,0,23.0,67.0,0.0,63.0,21.0,136.0,0.0,3.0,NE57_nc
KIM,2026-09-20 12:00,2026-09-25 12:00,111,수원,0,26.9,55.0,0.0,1.0,55.0,610.0,0.0,3.0,NE57_nc
KIM,2026-09-20 12:00,2026-09-25 15:00,114,수원,0,27.4,100.0,30.0,59.0,99.0,669.0,0.1,3.0,NE57_nc
KIM,2026-09-20 12:00,2026-09-25 18:00,117,수원,0,21.2,100.0,96.0,96.0,100.0,186.0,1.2,3.0,NE57_nc
KIM,2026-09-20 12:00,2026-09-25 21:00,120,수원,0,20.4,100.0,92.0,98.0,100.0,0.0,0.4,3.0,NE57_nc
KIM,2026-09-20 12:00,2026-09-26 09:00,132,수원,0,17.8,99.0,88.0,35.0,96.0,,10.4,12.0,NE57_nc
KIM,2026-09-20 12:00,2026-09-26 21:00,144,수원,0,20.3,100.0,56.0,2.0,100.0,,0.2,12.0,NE57_nc
KIM,2026-09-20 12:00,2026-09-27 09:00,156,수원,0,20.9,99.0,8.0,18.0,99.0,,0.0,12.0,NE57_nc
KIM,2026-09-20 12:00,2026-09-27 21:00,168,수원,0,19.4,11.0,6.0,0.0,5.0,,0.4,12.0,NE57_nc
KIM,2026-09-20 12:00,2026-09-28 09:00,180,수원,0,19.2,71.0,0.0,57.0,43.0,,0.0,12.0,NE57_nc
KIM,2026-09-20 12:00,2026-09-28 21:00,192,수원,0,18.8,100.0,2.0,88.0,100.0,,0.0,12.0,NE57_nc
KIM,2026-09-20 12:00,2026-09-29 09:00,204,수원,0,18.7,88.0,88.0,33.0,0.0,,0.1,12.0,NE57_nc
KIM,2026-09-20 12:00,2026-09-29 21:00,216,수원,0,19.8,100.0,50.0,48.0,100.0,,1.2,12.0,NE57_nc
KIM,2026-09-20 12:00,2026-09-30 09:00,228,수원,0,19.7,94.0,75.0,75.0,10.0,,0.1,12.0,NE57_nc
KIM,2026-09-20 12:00,2026-09-30 21:00,240,수원,0,17.8,99.0,0.0,5.0,99.0,,0.1,12.0,NE57_nc
KIM,2026-09-20 12:00,2026-10-01 09:00,252,수원,0,19.4,14.0,0.0,14.0,0.0,,0.0,12.0,NE57_nc
KIM,2026-09-20 12:00,2026-10-01 21:00,264,수원,0,17.3,2.0,2.0,0.0,0.0,,4.0,12.0,NE57_nc
KIM,2026-09-20 12:00,2026-10-02 09:00,276,수원,0,13.8,12.0,12.0,0.0,0.0,,0.0,12.0,NE57_nc
KIM,2026-09-20 12:00,2026-10-02 21:00,288,수원,0,12.6,85.0,21.0,26.0,73.0,,0.0,12.0,NE57_nc
KIM,2026-09-20 12:00,2026-09-20 21:00,0,전주,0,19.7,22.0,0.0,22.0,1.0,,,,NE57_nc
KIM,2026-09-20 12:00,2026-09-21 00:00,3,전주,0,18.1,15.0,0.0,15.0,1.0,0.0,0.0,3.0,NE57_nc
KIM,2026-09-20 12:00,2026-09-21 03:00,6,전주,0,17.0,94.0,0.0,0.0,94.0,-0.0,0.0,3.0,NE57_nc
KIM,2026-09-20 12:00,2026-09-21 06:00,9,전주,0,16.2,94.0,7.0,0.0,94.0,0.0,0.0,3.0,NE57_nc
KIM,2026-09-20 12:00,2026-09-21 09:00,12,전주,0,20.8,95.0,0.0,1.0,95.0,176.0,0.0,3.0,NE57_nc
KIM,2026-09-20 12:00,2026-09-21 12:00,15,전주,0,25.1,55.0,0.0,6.0,54.0,680.0,0.0,3.0,NE57_nc
KIM,2026-09-20 12:00,2026-09-21 15:00,18,전주,0,26.7,52.0,0.0,5.0,50.0,755.0,0.0,3.0,NE57_nc
KIM,2026-09-20 12:00,2026-09-21 18:00,21,전주,0,23.4,79.0,0.0,46.0,71.0,322.0,0.0,3.0,NE57_nc
KIM,2026-09-20 12:00,2026-09-21 21:00,24,전주,0,20.3,82.0,0.0,71.0,61.0,2.0,0.0,3.0,NE57_nc
KIM,2026-09-20 12:00,2026-09-22 00:00,27,전주,0,19.1,82.0,0.0,59.0,71.0,-0.0,0.0,3.0,NE57_nc
KIM,2026-09-20 12:00,2026-09-22 03:00,30,전주,0,17.6,85.0,0.0,50.0,76.0,0.0,0.0,3.0,NE57_nc
KIM,2026-09-20 12:00,2026-09-22 06:00,33,전주,0,16.5,57.0,0.0,29.0,45.0,0.0,0.0,3.0,NE57_nc
KIM,2026-09-20 12:00,2026-09-22 09:00,36,전주,0,21.8,89.0,0.0,0.0,89.0,175.0,0.0,3.0,NE57_nc
KIM,2026-09-20 12:00,2026-09-22 12:00,39,전주,0,26.4,60.0,0.0,0.0,60.0,670.0,0.0,3.0,NE57_nc
KIM,2026-09-20 12:00,2026-09-22 15:00,42,전주,0,27.5,91.0,0.0,0.0,91.0,741.0,0.0,3.0,NE57_nc
KIM,2026-09-20 12:00,2026-09-22 18:00,45,전주,0,24.0,97.0,0.0,7.0,97.0,307.0,0.0,3.0,NE57_nc
KIM,2026-09-20 12:00,2026-09-22 21:00,48,전주,0,21.8,98.0,0.0,2.0,98.0,2.0,0.0,3.0,NE57_nc
KIM,2026-09-20 12:00,2026-09-23 00:00,51,전주,0,19.8,100.0,0.0,1.0,100.0,0.0,0.0,3.0,NE57_nc
KIM,2026-09-20 12:00,2026-09-23 03:00,54,전주,0,18.6,87.0,0.0,9.0,87.0,0.0,0.0,3.0,NE57_nc
KIM,2026-09-20 12:00,2026-09-23 06:00,57,전주,0,16.8,11.0,0.0,7.0,10.0,-0.0,0.0,3.0,NE57_nc
KIM,2026-09-20 12:00,2026-09-23 09:00,60,전주,0,21.2,6.0,0.0,6.0,2.0,168.0,0.0,3.0,NE57_nc
KIM,2026-09-20 12:00,2026-09-23 12:00,63,전주,0,25.0,0.0,0.0,0.0,0.0,664.0,0.0,3.0,NE57_nc
KIM,2026-09-20 12:00,2026-09-23 15:00,66,전주,0,26.0,88.0,1.0,0.0,88.0,733.0,0.0,3.0,NE57_nc
KIM,2026-09-20 12:00,2026-09-23 18:00,69,전주,0,23.1,88.0,5.0,0.0,88.0,272.0,0.0,3.0,NE57_nc
KIM,2026-09-20 12:00,2026-09-23 21:00,72,전주,0,20.2,93.0,4.0,0.0,92.0,2.0,0.0,3.0,NE57_nc
KIM,2026-09-20 12:00,2026-09-24 00:00,75,전주,0,18.7,0.0,0.0,0.0,0.0,-0.0,0.0,3.0,NE57_nc
KIM,2026-09-20 12:00,2026-09-24 03:00,78,전주,0,17.7,15.0,5.0,0.0,10.0,0.0,0.0,3.0,NE57_nc
KIM,2026-09-20 12:00,2026-09-24 06:00,81,전주,0,16.5,74.0,10.0,0.0,73.0,0.0,0.0,3.0,NE57_nc
KIM,2026-09-20 12:00,2026-09-24 09:00,84,전주,0,21.4,76.0,17.0,0.0,74.0,169.0,0.0,3.0,NE57_nc
KIM,2026-09-20 12:00,2026-09-24 12:00,87,전주,0,25.3,98.0,29.0,0.0,98.0,653.0,0.0,3.0,NE57_nc
KIM,2026-09-20 12:00,2026-09-24 15:00,90,전주,0,26.2,100.0,58.0,0.0,100.0,667.0,0.0,3.0,NE57_nc
KIM,2026-09-20 12:00,2026-09-24 18:00,93,전주,0,23.7,100.0,14.0,16.0,100.0,158.0,0.0,3.0,NE57_nc
KIM,2026-09-20 12:00,2026-09-24 21:00,96,전주,0,21.8,98.0,0.0,62.0,97.0,2.0,0.0,3.0,NE57_nc
KIM,2026-09-20 12:00,2026-09-25 00:00,99,전주,0,20.6,100.0,0.0,81.0,100.0,-0.0,0.0,3.0,NE57_nc
KIM,2026-09-20 12:00,2026-09-25 03:00,102,전주,0,20.1,88.0,0.0,72.0,80.0,0.0,0.0,3.0,NE57_nc
KIM,2026-09-20 12:00,2026-09-25 06:00,105,전주,0,20.0,100.0,5.0,85.0,100.0,0.0,0.0,3.0,NE57_nc
KIM,2026-09-20 12:00,2026-09-25 09:00,108,전주,0,21.6,99.0,18.0,98.0,57.0,54.0,0.0,3.0,NE57_nc
KIM,2026-09-20 12:00,2026-09-25 12:00,111,전주,0,23.7,100.0,85.0,92.0,99.0,187.0,0.0,3.0,NE57_nc
KIM,2026-09-20 12:00,2026-09-25 15:00,114,전주,0,24.4,100.0,53.0,97.0,89.0,202.0,0.0,3.0,NE57_nc
KIM,2026-09-20 12:00,2026-09-25 18:00,117,전주,0,22.5,100.0,46.0,98.0,100.0,47.0,0.0,3.0,NE57_nc
KIM,2026-09-20 12:00,2026-09-25 21:00,120,전주,0,22.4,100.0,70.0,93.0,99.0,0.0,0.0,3.0,NE57_nc
KIM,2026-09-20 12:00,2026-09-26 09:00,132,전주,0,19.7,100.0,80.0,97.0,91.0,,21.8,12.0,NE57_nc
KIM,2026-09-20 12:00,2026-09-26 21:00,144,전주,0,19.0,95.0,44.0,1.0,84.0,,13.9,12.0,NE57_nc
KIM,2026-09-20 12:00,2026-09-27 09:00,156,전주,0,20.8,52.0,45.0,0.0,12.0,,0.0,12.0,NE57_nc
KIM,2026-09-20 12:00,2026-09-27 21:00,168,전주,0,19.4,58.0,22.0,1.0,50.0,,0.0,12.0,NE57_nc
KIM,2026-09-20 12:00,2026-09-28 09:00,180,전주,0,20.4,74.0,0.0,74.0,9.0,,0.0,12.0,NE57_nc
KIM,2026-09-20 12:00,2026-09-28 21:00,192,전주,0,20.6,100.0,66.0,54.0,96.0,,0.6,12.0,NE57_nc
KIM,2026-09-20 12:00,2026-09-29 09:00,204,전주,0,19.7,63.0,45.0,47.0,0.0,,0.1,12.0,NE57_nc
KIM,2026-09-20 12:00,2026-09-29 21:00,216,전주,0,20.4,89.0,24.0,87.0,57.0,,0.0,12.0,NE57_nc
KIM,2026-09-20 12:00,2026-09-30 09:00,228,전주,0,20.4,99.0,67.0,97.0,20.0,,0.0,12.0,NE57_nc
KIM,2026-09-20 12:00,2026-09-30 21:00,240,전주,0,18.5,45.0,0.0,1.0,45.0,,0.0,12.0,NE57_nc
KIM,2026-09-20 12:00,2026-10-01 09:00,252,전주,0,19.5,99.0,73.0,98.0,75.0,,0.0,12.0,NE57_nc
KIM,2026-09-20 12:00,2026-10-01 21:00,264,전주,0,19.0,94.0,90.0,3.0,28.0,,1.5,12.0,NE57_nc
KIM,2026-09-20 12:00,2026-10-02 09:00,276,전주,0,16.5,14.0,14.0,0.0,0.0,,0.4,12.0,NE57_nc
KIM,2026-09-20 12:00,2026-10-02 21:00,288,전주,0,12.9,62.0,9.0,60.0,0.0,,0.2,12.0,NE57_nc
KIM,2026-09-20 12:00,2026-09-20 21:00,0,강릉,0,18.3,49.0,15.0,36.0,10.0,,,,NE57_nc
KIM,2026-09-20 12:00,2026-09-21 00:00,3,강릉,0,17.3,96.0,25.0,26.0,93.0,0.0,0.0,3.0,NE57_nc
KIM,2026-09-20 12:00,2026-09-21 03:00,6,강릉,0,16.6,100.0,32.0,20.0,100.0,-0.0,0.0,3.0,NE57_nc
KIM,2026-09-20 12:00,2026-09-21 06:00,9,강릉,0,16.7,100.0,19.0,27.0,100.0,0.0,0.0,3.0,NE57_nc
KIM,2026-09-20 12:00,2026-09-21 09:00,12,강릉,0,20.4,48.0,10.0,17.0,31.0,193.0,0.0,3.0,NE57_nc
KIM,2026-09-20 12:00,2026-09-21 12:00,15,강릉,0,22.1,70.0,5.0,0.0,69.0,672.0,0.0,3.0,NE57_nc
KIM,2026-09-20 12:00,2026-09-21 15:00,18,강릉,0,22.1,19.0,0.0,2.0,18.0,720.0,0.0,3.0,NE57_nc
KIM,2026-09-20 12:00,2026-09-21 18:00,21,강릉,0,20.1,77.0,7.0,34.0,73.0,288.0,0.0,3.0,NE57_nc
KIM,2026-09-20 12:00,2026-09-21 21:00,24,강릉,0,18.6,86.0,50.0,30.0,74.0,1.0,0.0,3.0,NE57_nc
KIM,2026-09-20 12:00,2026-09-22 00:00,27,강릉,0,18.8,96.0,93.0,41.0,83.0,-0.0,0.0,3.0,NE57_nc
KIM,2026-09-20 12:00,2026-09-22 03:00,30,강릉,0,18.7,79.0,65.0,14.0,49.0,0.0,0.4,3.0,NE57_nc
KIM,2026-09-20 12:00,2026-09-22 06:00,33,강릉,0,17.9,32.0,28.0,2.0,7.0,0.0,0.0,3.0,NE57_nc
KIM,2026-09-20 12:00,2026-09-22 09:00,36,강릉,0,20.4,38.0,9.0,18.0,24.0,187.0,0.0,3.0,NE57_nc
KIM,2026-09-20 12:00,2026-09-22 12:00,39,강릉,0,22.0,46.0,18.0,13.0,33.0,648.0,0.0,3.0,NE57_nc
KIM,2026-09-20 12:00,2026-09-22 15:00,42,강릉,0,21.7,96.0,47.0,0.0,94.0,624.0,0.1,3.0,NE57_nc
KIM,2026-09-20 12:00,2026-09-22 18:00,45,강릉,0,20.1,97.0,27.0,0.0,96.0,250.0,0.0,3.0,NE57_nc
KIM,2026-09-20 12:00,2026-09-22 21:00,48,강릉,0,18.4,63.0,29.0,0.0,51.0,1.0,0.0,3.0,NE57_nc
KIM,2026-09-20 12:00,2026-09-23 00:00,51,강릉,0,17.6,84.0,23.0,0.0,80.0,0.0,0.0,3.0,NE57_nc
KIM,2026-09-20 12:00,2026-09-23 03:00,54,강릉,0,16.8,91.0,14.0,0.0,89.0,0.0,0.0,3.0,NE57_nc
KIM,2026-09-20 12:00,2026-09-23 06:00,57,강릉,0,16.5,60.0,9.0,0.0,58.0,-0.0,0.0,3.0,NE57_nc
KIM,2026-09-20 12:00,2026-09-23 09:00,60,강릉,0,20.6,26.0,4.0,0.0,23.0,187.0,0.0,3.0,NE57_nc
KIM,2026-09-20 12:00,2026-09-23 12:00,63,강릉,0,22.9,3.0,0.0,0.0,3.0,653.0,0.0,3.0,NE57_nc
KIM,2026-09-20 12:00,2026-09-23 15:00,66,강릉,0,22.9,0.0,0.0,0.0,0.0,702.0,0.0,3.0,NE57_nc
KIM,2026-09-20 12:00,2026-09-23 18:00,69,강릉,0,21.2,0.0,0.0,0.0,0.0,272.0,0.0,3.0,NE57_nc
KIM,2026-09-20 12:00,2026-09-23 21:00,72,강릉,0,20.9,0.0,0.0,0.0,0.0,1.0,0.0,3.0,NE57_nc
KIM,2026-09-20 12:00,2026-09-24 00:00,75,강릉,0,20.9,1.0,0.0,1.0,0.0,-0.0,0.0,3.0,NE57_nc
KIM,2026-09-20 12:00,2026-09-24 03:00,78,강릉,0,20.7,0.0,0.0,0.0,0.0,0.0,0.0,3.0,NE57_nc
KIM,2026-09-20 12:00,2026-09-24 06:00,81,강릉,0,20.4,16.0,16.0,0.0,0.0,0.0,0.0,3.0,NE57_nc
KIM,2026-09-20 12:00,2026-09-24 09:00,84,강릉,0,23.8,1.0,0.0,0.0,1.0,183.0,0.0,3.0,NE57_nc
KIM,2026-09-20 12:00,2026-09-24 12:00,87,강릉,0,25.2,79.0,0.0,6.0,79.0,656.0,0.0,3.0,NE57_nc
KIM,2026-09-20 12:00,2026-09-24 15:00,90,강릉,0,24.7,25.0,0.0,1.0,24.0,705.0,0.0,3.0,NE57_nc
KIM,2026-09-20 12:00,2026-09-24 18:00,93,강릉,0,22.1,30.0,0.0,0.0,30.0,271.0,0.0,3.0,NE57_nc
KIM,2026-09-20 12:00,2026-09-24 21:00,96,강릉,0,20.2,53.0,2.0,0.0,53.0,1.0,0.0,3.0,NE57_nc
KIM,2026-09-20 12:00,2026-09-25 00:00,99,강릉,0,19.5,95.0,30.0,9.0,94.0,-0.0,0.0,3.0,NE57_nc
KIM,2026-09-20 12:00,2026-09-25 03:00,102,강릉,0,19.3,100.0,66.0,29.0,100.0,0.0,0.0,3.0,NE57_nc
KIM,2026-09-20 12:00,2026-09-25 06:00,105,강릉,0,19.1,100.0,89.0,26.0,100.0,0.0,0.1,3.0,NE57_nc
KIM,2026-09-20 12:00,2026-09-25 09:00,108,강릉,0,21.5,99.0,80.0,40.0,92.0,112.0,0.1,3.0,NE57_nc
KIM,2026-09-20 12:00,2026-09-25 12:00,111,강릉,0,23.3,85.0,49.0,28.0,71.0,472.0,0.1,3.0,NE57_nc
KIM,2026-09-20 12:00,2026-09-25 15:00,114,강릉,0,23.3,96.0,45.0,37.0,93.0,536.0,0.0,3.0,NE57_nc
KIM,2026-09-20 12:00,2026-09-25 18:00,117,강릉,0,21.5,100.0,60.0,98.0,99.0,216.0,0.2,3.0,NE57_nc
KIM,2026-09-20 12:00,2026-09-25 21:00,120,강릉,0,21.0,100.0,78.0,91.0,100.0,0.0,1.1,3.0,NE57_nc
KIM,2026-09-20 12:00,2026-09-26 09:00,132,강릉,0,19.7,100.0,96.0,72.0,98.0,,2.2,12.0,NE57_nc
KIM,2026-09-20 12:00,2026-09-26 21:00,144,강릉,0,19.6,81.0,31.0,1.0,76.0,,0.0,12.0,NE57_nc
KIM,2026-09-20 12:00,2026-09-27 09:00,156,강릉,0,22.0,94.0,0.0,0.0,94.0,,0.0,12.0,NE57_nc
KIM,2026-09-20 12:00,2026-09-27 21:00,168,강릉,0,20.9,51.0,51.0,0.0,0.0,,0.2,12.0,NE57_nc
KIM,2026-09-20 12:00,2026-09-28 09:00,180,강릉,0,20.2,98.0,12.0,67.0,96.0,,0.0,12.0,NE57_nc
KIM,2026-09-20 12:00,2026-09-28 21:00,192,강릉,0,19.9,96.0,58.0,89.0,82.0,,0.1,12.0,NE57_nc
KIM,2026-09-20 12:00,2026-09-29 09:00,204,강릉,0,21.0,82.0,77.0,58.0,0.0,,0.0,12.0,NE57_nc
KIM,2026-09-20 12:00,2026-09-29 21:00,216,강릉,0,19.3,100.0,61.0,14.0,100.0,,0.0,12.0,NE57_nc
KIM,2026-09-20 12:00,2026-09-30 09:00,228,강릉,0,21.3,75.0,60.0,29.0,33.0,,0.0,12.0,NE57_nc
KIM,2026-09-20 12:00,2026-09-30 21:00,240,강릉,0,19.8,84.0,36.0,0.0,81.0,,0.4,12.0,NE57_nc
KIM,2026-09-20 12:00,2026-10-01 09:00,252,강릉,0,22.4,0.0,0.0,0.0,0.0,,0.0,12.0,NE57_nc
KIM,2026-09-20 12:00,2026-10-01 21:00,264,강릉,0,21.5,68.0,68.0,1.0,0.0,,0.0,12.0,NE57_nc
KIM,2026-09-20 12:00,2026-10-02 09:00,276,강릉,0,16.5,0.0,0.0,0.0,0.0,,0.0,12.0,NE57_nc
KIM,2026-09-20 12:00,2026-10-02 21:00,288,강릉,0,13.8,17.0,1.0,0.0,16.0,,0.0,12.0,NE57_nc
KIM,2026-09-20 12:00,2026-09-20 21:00,0,제주,0,23.8,73.0,21.0,0.0,70.0,,,,NE57_nc
KIM,2026-09-20 12:00,2026-09-21 00:00,3,제주,0,23.1,35.0,12.0,10.0,21.0,0.0,0.0,3.0,NE57_nc
KIM,2026-09-20 12:00,2026-09-21 03:00,6,제주,0,22.2,26.0,9.0,0.0,19.0,-0.0,0.0,3.0,NE57_nc
KIM,2026-09-20 12:00,2026-09-21 06:00,9,제주,0,21.7,75.0,52.0,0.0,52.0,0.0,0.1,3.0,NE57_nc
KIM,2026-09-20 12:00,2026-09-21 09:00,12,제주,0,22.3,59.0,30.0,0.0,51.0,96.0,0.0,3.0,NE57_nc
KIM,2026-09-20 12:00,2026-09-21 12:00,15,제주,0,22.6,57.0,3.0,0.0,55.0,629.0,0.0,3.0,NE57_nc
KIM,2026-09-20 12:00,2026-09-21 15:00,18,제주,0,22.6,5.0,1.0,1.0,3.0,765.0,0.0,3.0,NE57_nc
KIM,2026-09-20 12:00,2026-09-21 18:00,21,제주,0,22.5,25.0,6.0,8.0,14.0,332.0,0.0,3.0,NE57_nc
KIM,2026-09-20 12:00,2026-09-21 21:00,24,제주,0,22.3,39.0,2.0,20.0,23.0,3.0,0.0,3.0,NE57_nc
KIM,2026-09-20 12:00,2026-09-22 00:00,27,제주,0,22.7,67.0,21.0,36.0,43.0,-0.0,0.0,3.0,NE57_nc
KIM,2026-09-20 12:00,2026-09-22 03:00,30,제주,0,22.4,72.0,43.0,20.0,52.0,0.0,0.0,3.0,NE57_nc
KIM,2026-09-20 12:00,2026-09-22 06:00,33,제주,0,22.5,60.0,37.0,3.0,39.0,0.0,0.0,3.0,NE57_nc
KIM,2026-09-20 12:00,2026-09-22 09:00,36,제주,0,22.8,80.0,77.0,10.0,17.0,171.0,0.0,3.0,NE57_nc
KIM,2026-09-20 12:00,2026-09-22 12:00,39,제주,0,23.5,80.0,79.0,3.0,21.0,491.0,0.1,3.0,NE57_nc
KIM,2026-09-20 12:00,2026-09-22 15:00,42,제주,0,23.7,29.0,25.0,0.0,7.0,679.0,0.0,3.0,NE57_nc
KIM,2026-09-20 12:00,2026-09-22 18:00,45,제주,0,23.7,25.0,1.0,0.0,24.0,327.0,0.0,3.0,NE57_nc
KIM,2026-09-20 12:00,2026-09-22 21:00,48,제주,0,23.4,56.0,1.0,0.0,56.0,3.0,0.0,3.0,NE57_nc
KIM,2026-09-20 12:00,2026-09-23 00:00,51,제주,0,22.9,89.0,25.0,0.0,85.0,0.0,0.0,3.0,NE57_nc
KIM,2026-09-20 12:00,2026-09-23 03:00,54,제주,0,22.8,100.0,71.0,0.0,100.0,0.0,0.0,3.0,NE57_nc
KIM,2026-09-20 12:00,2026-09-23 06:00,57,제주,0,22.8,85.0,84.0,2.0,28.0,-0.0,0.0,3.0,NE57_nc
KIM,2026-09-20 12:00,2026-09-23 09:00,60,제주,0,23.4,75.0,70.0,4.0,35.0,167.0,0.0,3.0,NE57_nc
KIM,2026-09-20 12:00,2026-09-23 12:00,63,제주,0,24.0,74.0,70.0,7.0,32.0,666.0,0.0,3.0,NE57_nc
KIM,2026-09-20 12:00,2026-09-23 15:00,66,제주,0,23.9,65.0,62.0,0.0,18.0,748.0,0.0,3.0,NE57_nc
KIM,2026-09-20 12:00,2026-09-23 18:00,69,제주,0,23.2,97.0,49.0,0.0,95.0,317.0,0.0,3.0,NE57_nc
KIM,2026-09-20 12:00,2026-09-23 21:00,72,제주,0,22.8,92.0,20.0,0.0,91.0,2.0,0.0,3.0,NE57_nc
KIM,2026-09-20 12:00,2026-09-24 00:00,75,제주,0,23.0,93.0,7.0,17.0,92.0,-0.0,0.0,3.0,NE57_nc
KIM,2026-09-20 12:00,2026-09-24 03:00,78,제주,0,22.7,100.0,1.0,3.0,100.0,0.0,0.0,3.0,NE57_nc
KIM,2026-09-20 12:00,2026-09-24 06:00,81,제주,0,22.4,99.0,0.0,0.0,99.0,0.0,0.0,3.0,NE57_nc
KIM,2026-09-20 12:00,2026-09-24 09:00,84,제주,0,23.0,83.0,0.0,0.0,83.0,165.0,0.0,3.0,NE57_nc
KIM,2026-09-20 12:00,2026-09-24 12:00,87,제주,0,24.0,100.0,0.0,0.0,100.0,644.0,0.0,3.0,NE57_nc
KIM,2026-09-20 12:00,2026-09-24 15:00,90,제주,0,24.2,98.0,22.0,0.0,97.0,727.0,0.0,3.0,NE57_nc
KIM,2026-09-20 12:00,2026-09-24 18:00,93,제주,0,23.8,94.0,13.0,1.0,94.0,287.0,0.0,3.0,NE57_nc
KIM,2026-09-20 12:00,2026-09-24 21:00,96,제주,0,23.5,68.0,0.0,0.0,68.0,2.0,0.0,3.0,NE57_nc
KIM,2026-09-20 12:00,2026-09-25 00:00,99,제주,0,23.2,45.0,0.0,11.0,42.0,-0.0,0.0,3.0,NE57_nc
KIM,2026-09-20 12:00,2026-09-25 03:00,102,제주,0,23.1,88.0,0.0,24.0,86.0,0.0,0.0,3.0,NE57_nc
KIM,2026-09-20 12:00,2026-09-25 06:00,105,제주,0,23.2,98.0,7.0,98.0,28.0,0.0,0.0,3.0,NE57_nc
KIM,2026-09-20 12:00,2026-09-25 09:00,108,제주,0,23.6,100.0,27.0,100.0,2.0,42.0,0.0,3.0,NE57_nc
KIM,2026-09-20 12:00,2026-09-25 12:00,111,제주,0,24.6,67.0,12.0,63.0,20.0,432.0,0.0,3.0,NE57_nc
KIM,2026-09-20 12:00,2026-09-25 15:00,114,제주,0,24.8,100.0,33.0,86.0,98.0,601.0,0.0,3.0,NE57_nc
KIM,2026-09-20 12:00,2026-09-25 18:00,117,제주,0,24.1,97.0,89.0,26.0,90.0,157.0,0.0,3.0,NE57_nc
KIM,2026-09-20 12:00,2026-09-25 21:00,120,제주,0,24.0,82.0,66.0,18.0,69.0,1.0,0.0,3.0,NE57_nc
KIM,2026-09-20 12:00,2026-09-26 09:00,132,제주,0,25.8,100.0,64.0,80.0,99.0,,0.0,12.0,NE57_nc
KIM,2026-09-20 12:00,2026-09-26 21:00,144,제주,0,23.1,97.0,83.0,80.0,88.0,,0.9,12.0,NE57_nc
KIM,2026-09-20 12:00,2026-09-27 09:00,156,제주,0,22.2,92.0,13.0,5.0,91.0,,0.1,12.0,NE57_nc
KIM,2026-09-20 12:00,2026-09-27 21:00,168,제주,0,23.5,97.0,7.0,0.0,97.0,,0.0,12.0,NE57_nc
KIM,2026-09-20 12:00,2026-09-28 09:00,180,제주,0,23.5,97.0,15.0,96.0,38.0,,0.0,12.0,NE57_nc
KIM,2026-09-20 12:00,2026-09-28 21:00,192,제주,0,22.0,100.0,100.0,67.0,100.0,,0.1,12.0,NE57_nc
KIM,2026-09-20 12:00,2026-09-29 09:00,204,제주,0,23.1,98.0,98.0,48.0,2.0,,6.1,12.0,NE57_nc
KIM,2026-09-20 12:00,2026-09-29 21:00,216,제주,0,22.9,67.0,50.0,45.0,0.0,,0.4,12.0,NE57_nc
KIM,2026-09-20 12:00,2026-09-30 09:00,228,제주,0,23.3,88.0,8.0,72.0,70.0,,0.0,12.0,NE57_nc
KIM,2026-09-20 12:00,2026-09-30 21:00,240,제주,0,23.7,48.0,11.0,41.0,0.0,,0.0,12.0,NE57_nc
KIM,2026-09-20 12:00,2026-10-01 09:00,252,제주,0,23.2,81.0,60.0,18.0,56.0,,0.0,12.0,NE57_nc
KIM,2026-09-20 12:00,2026-10-01 21:00,264,제주,0,23.0,97.0,97.0,26.0,56.0,,3.4,12.0,NE57_nc
KIM,2026-09-20 12:00,2026-10-02 09:00,276,제주,0,20.2,0.0,0.0,0.0,0.0,,2.7,12.0,NE57_nc
KIM,2026-09-20 12:00,2026-10-02 21:00,288,제주,0,19.7,46.0,7.0,21.0,40.0,,0.2,12.0,NE57_nc
KIM,2026-09-20 12:00,2026-09-20 21:00,0,나주,0,21.2,28.0,0.0,26.0,3.0,,,,NE57_nc
KIM,2026-09-20 12:00,2026-09-21 00:00,3,나주,0,19.2,10.0,1.0,0.0,9.0,0.0,0.0,3.0,NE57_nc
KIM,2026-09-20 12:00,2026-09-21 03:00,6,나주,0,17.4,75.0,2.0,11.0,72.0,-0.0,0.0,3.0,NE57_nc
KIM,2026-09-20 12:00,2026-09-21 06:00,9,나주,0,16.1,31.0,1.0,4.0,27.0,0.0,0.0,3.0,NE57_nc
KIM,2026-09-20 12:00,2026-09-21 09:00,12,나주,0,21.4,73.0,0.0,0.0,73.0,175.0,0.0,3.0,NE57_nc
KIM,2026-09-20 12:00,2026-09-21 12:00,15,나주,0,25.9,29.0,0.0,0.0,29.0,675.0,0.0,3.0,NE57_nc
KIM,2026-09-20 12:00,2026-09-21 15:00,18,나주,0,27.3,30.0,0.0,21.0,15.0,759.0,0.0,3.0,NE57_nc
KIM,2026-09-20 12:00,2026-09-21 18:00,21,나주,0,23.8,83.0,0.0,24.0,80.0,324.0,0.0,3.0,NE57_nc
KIM,2026-09-20 12:00,2026-09-21 21:00,24,나주,0,20.1,76.0,0.0,52.0,55.0,3.0,0.0,3.0,NE57_nc
KIM,2026-09-20 12:00,2026-09-22 00:00,27,나주,0,19.0,70.0,1.0,60.0,46.0,-0.0,0.0,3.0,NE57_nc
KIM,2026-09-20 12:00,2026-09-22 03:00,30,나주,0,18.0,77.0,3.0,61.0,57.0,0.0,0.0,3.0,NE57_nc
KIM,2026-09-20 12:00,2026-09-22 06:00,33,나주,0,16.2,78.0,0.0,48.0,66.0,0.0,0.0,3.0,NE57_nc
KIM,2026-09-20 12:00,2026-09-22 09:00,36,나주,0,21.5,49.0,0.0,0.0,49.0,174.0,0.0,3.0,NE57_nc
KIM,2026-09-20 12:00,2026-09-22 12:00,39,나주,0,26.2,61.0,0.0,0.0,61.0,676.0,0.0,3.0,NE57_nc
KIM,2026-09-20 12:00,2026-09-22 15:00,42,나주,0,27.5,79.0,0.0,0.0,79.0,752.0,0.0,3.0,NE57_nc
KIM,2026-09-20 12:00,2026-09-22 18:00,45,나주,0,24.6,92.0,8.0,4.0,92.0,316.0,0.0,3.0,NE57_nc
KIM,2026-09-20 12:00,2026-09-22 21:00,48,나주,0,21.1,97.0,25.0,38.0,96.0,2.0,0.0,3.0,NE57_nc
KIM,2026-09-20 12:00,2026-09-23 00:00,51,나주,0,19.8,100.0,6.0,28.0,100.0,0.0,0.0,3.0,NE57_nc
KIM,2026-09-20 12:00,2026-09-23 03:00,54,나주,0,18.6,99.0,0.0,52.0,99.0,0.0,0.0,3.0,NE57_nc
KIM,2026-09-20 12:00,2026-09-23 06:00,57,나주,0,17.6,88.0,0.0,56.0,83.0,-0.0,0.0,3.0,NE57_nc
KIM,2026-09-20 12:00,2026-09-23 09:00,60,나주,0,21.4,31.0,0.0,14.0,27.0,152.0,0.0,3.0,NE57_nc
KIM,2026-09-20 12:00,2026-09-23 12:00,63,나주,0,25.5,25.0,0.0,0.0,24.0,662.0,0.0,3.0,NE57_nc
KIM,2026-09-20 12:00,2026-09-23 15:00,66,나주,0,26.7,57.0,4.0,0.0,57.0,743.0,0.0,3.0,NE57_nc
KIM,2026-09-20 12:00,2026-09-23 18:00,69,나주,0,23.7,73.0,5.0,0.0,72.0,305.0,0.0,3.0,NE57_nc
KIM,2026-09-20 12:00,2026-09-23 21:00,72,나주,0,21.2,99.0,1.0,0.0,99.0,2.0,0.0,3.0,NE57_nc
KIM,2026-09-20 12:00,2026-09-24 00:00,75,나주,0,19.2,35.0,0.0,0.0,35.0,-0.0,0.0,3.0,NE57_nc
KIM,2026-09-20 12:00,2026-09-24 03:00,78,나주,0,17.6,78.0,0.0,0.0,78.0,0.0,0.0,3.0,NE57_nc
KIM,2026-09-20 12:00,2026-09-24 06:00,81,나주,0,17.3,100.0,0.0,0.0,100.0,0.0,0.0,3.0,NE57_nc
KIM,2026-09-20 12:00,2026-09-24 09:00,84,나주,0,22.1,99.0,0.0,0.0,99.0,169.0,0.0,3.0,NE57_nc
KIM,2026-09-20 12:00,2026-09-24 12:00,87,나주,0,26.4,90.0,0.0,0.0,90.0,661.0,0.0,3.0,NE57_nc
KIM,2026-09-20 12:00,2026-09-24 15:00,90,나주,0,27.5,96.0,5.0,1.0,96.0,643.0,0.0,3.0,NE57_nc
KIM,2026-09-20 12:00,2026-09-24 18:00,93,나주,0,24.4,100.0,8.0,29.0,100.0,287.0,0.0,3.0,NE57_nc
KIM,2026-09-20 12:00,2026-09-24 21:00,96,나주,0,22.1,98.0,0.0,33.0,97.0,1.0,0.0,3.0,NE57_nc
KIM,2026-09-20 12:00,2026-09-25 00:00,99,나주,0,20.4,99.0,0.0,66.0,98.0,-0.0,0.0,3.0,NE57_nc
KIM,2026-09-20 12:00,2026-09-25 03:00,102,나주,0,20.4,98.0,0.0,91.0,87.0,0.0,0.0,3.0,NE57_nc
KIM,2026-09-20 12:00,2026-09-25 06:00,105,나주,0,20.3,97.0,25.0,89.0,85.0,0.0,0.0,3.0,NE57_nc
KIM,2026-09-20 12:00,2026-09-25 09:00,108,나주,0,22.1,99.0,40.0,99.0,77.0,50.0,0.0,3.0,NE57_nc
KIM,2026-09-20 12:00,2026-09-25 12:00,111,나주,0,24.7,100.0,10.0,81.0,100.0,258.0,0.0,3.0,NE57_nc
KIM,2026-09-20 12:00,2026-09-25 15:00,114,나주,0,26.4,99.0,15.0,87.0,97.0,604.0,0.0,3.0,NE57_nc
KIM,2026-09-20 12:00,2026-09-25 18:00,117,나주,0,23.5,100.0,71.0,73.0,100.0,50.0,0.0,3.0,NE57_nc
KIM,2026-09-20 12:00,2026-09-25 21:00,120,나주,0,22.3,100.0,95.0,98.0,100.0,0.0,0.0,3.0,NE57_nc
KIM,2026-09-20 12:00,2026-09-26 09:00,132,나주,0,20.4,100.0,97.0,99.0,99.0,,36.8,12.0,NE57_nc
KIM,2026-09-20 12:00,2026-09-26 21:00,144,나주,0,20.1,98.0,24.0,21.0,97.0,,60.5,12.0,NE57_nc
KIM,2026-09-20 12:00,2026-09-27 09:00,156,나주,0,21.3,39.0,33.0,1.0,15.0,,0.0,12.0,NE57_nc
KIM,2026-09-20 12:00,2026-09-27 21:00,168,나주,0,19.6,100.0,16.0,7.0,100.0,,0.0,12.0,NE57_nc
KIM,2026-09-20 12:00,2026-09-28 09:00,180,나주,0,20.4,94.0,0.0,83.0,76.0,,0.0,12.0,NE57_nc
KIM,2026-09-20 12:00,2026-09-28 21:00,192,나주,0,18.5,100.0,94.0,99.0,91.0,,4.6,12.0,NE57_nc
KIM,2026-09-20 12:00,2026-09-29 09:00,204,나주,0,19.7,100.0,94.0,78.0,43.0,,4.6,12.0,NE57_nc
KIM,2026-09-20 12:00,2026-09-29 21:00,216,나주,0,20.2,34.0,16.0,21.0,0.0,,0.1,12.0,NE57_nc
KIM,2026-09-20 12:00,2026-09-30 09:00,228,나주,0,20.4,100.0,35.0,100.0,30.0,,0.0,12.0,NE57_nc
KIM,2026-09-20 12:00,2026-09-30 21:00,240,나주,0,18.6,24.0,0.0,10.0,17.0,,0.0,12.0,NE57_nc
KIM,2026-09-20 12:00,2026-10-01 09:00,252,나주,0,19.0,100.0,94.0,100.0,0.0,,0.0,12.0,NE57_nc
KIM,2026-09-20 12:00,2026-10-01 21:00,264,나주,0,18.6,100.0,98.0,59.0,91.0,,2.5,12.0,NE57_nc
KIM,2026-09-20 12:00,2026-10-02 09:00,276,나주,0,18.1,75.0,75.0,0.0,0.0,,0.2,12.0,NE57_nc
KIM,2026-09-20 12:00,2026-10-02 21:00,288,나주,0,14.8,63.0,50.0,13.0,19.0,,0.1,12.0,NE57_nc
