TM,STN,TA,WS,HM,CA_TOT,SS,SI
2022-04-01 00:00:00,105,4.0,2.4,90.0,0.0,,
2022-04-01 00:00:00,108,7.6,0.9,63.0,1.0,,
2022-04-01 00:00:00,112,7.0,2.9,75.0,2.0,,
2022-04-01 00:00:00,119,7.2,0.5,83.0,3.0,,
2022-04-01 00:00:00,133,8.0,2.5,69.0,9.0,,
2022-04-01 00:00:00,143,6.7,2.0,84.0,10.0,,
2022-04-01 00:00:00,146,7.1,0.0,85.0,9.0,,
2022-04-01 00:00:00,156,7.6,0.6,88.0,6.0,,
2022-04-01 00:00:00,159,8.4,3.8,64.0,10.0,,
2022-04-01 00:00:00,184,9.5,3.0,79.0,8.0,,
2022-04-01 01:00:00,105,3.3,2.0,91.0,0.0,,
2022-04-01 01:00:00,108,7.1,2.3,66.0,0.0,,
2022-04-01 01:00:00,112,6.9,3.2,72.0,5.0,,
2022-04-01 01:00:00,119,6.8,0.7,85.0,5.0,,
2022-04-01 01:00:00,133,7.3,2.5,72.0,9.0,,
2022-04-01 01:00:00,143,7.1,1.8,81.5,10.0,,
2022-04-01 01:00:00,146,7.0,1.1,85.0,9.0,,
2022-04-01 01:00:00,156,7.3,0.8,89.0,6.0,,
2022-04-01 01:00:00,159,8.2,3.4,63.0,9.0,,
2022-04-01 01:00:00,184,9.4,2.7,80.0,7.0,,
2022-04-01 02:00:00,105,3.2,2.6,90.0,0.0,,
2022-04-01 02:00:00,108,6.4,2.6,69.0,0.0,,
2022-04-01 02:00:00,112,6.6,2.2,74.0,0.0,,
2022-04-01 02:00:00,119,7.3,1.8,79.0,5.0,,
2022-04-01 02:00:00,133,6.7,3.0,71.0,9.0,,
2022-04-01 02:00:00,143,6.0,1.4,86.0,10.0,,
2022-04-01 02:00:00,146,5.9,1.2,89.0,9.0,,
2022-04-01 02:00:00,156,6.7,0.4,94.0,9.0,,
2022-04-01 02:00:00,159,7.9,3.4,67.0,9.0,,
2022-04-01 02:00:00,184,9.3,2.7,82.0,9.0,,
2022-04-01 03:00:00,105,3.5,2.6,89.0,7.0,,
2022-04-01 03:00:00,108,5.9,2.0,71.0,0.0,,
2022-04-01 03:00:00,112,6.1,2.6,79.0,0.0,,
2022-04-01 03:00:00,119,5.7,0.6,83.0,0.0,,
2022-04-01 03:00:00,133,6.2,1.9,69.0,8.0,,
2022-04-01 03:00:00,143,5.4,0.8,87.0,2.0,,
2022-04-01 03:00:00,146,5.7,1.0,92.0,8.0,,
2022-04-01 03:00:00,156,6.5,0.6,94.0,8.0,,
2022-04-01 03:00:00,159,7.5,2.9,66.0,10.0,,
2022-04-01 03:00:00,184,9.4,1.9,83.0,8.0,,
2022-04-01 04:00:00,105,3.7,2.0,88.0,8.0,,
2022-04-01 04:00:00,108,5.5,2.1,72.0,3.0,,
2022-04-01 04:00:00,112,5.5,3.4,80.0,0.0,,
2022-04-01 04:00:00,119,5.6,0.9,84.0,2.0,,
2022-04-01 04:00:00,133,5.5,1.0,70.0,9.0,,
2022-04-01 04:00:00,143,4.9,0.5,95.0,3.0,,
2022-04-01 04:00:00,146,5.4,0.7,93.0,5.0,,
2022-04-01 04:00:00,156,6.1,0.2,96.0,5.0,,
2022-04-01 04:00:00,159,7.1,3.8,67.0,3.0,,
2022-04-01 04:00:00,184,9.7,3.9,83.0,9.0,,
2022-04-01 05:00:00,105,3.9,2.1,87.0,8.0,,
2022-04-01 05:00:00,108,5.0,2.3,76.0,1.0,,
2022-04-01 05:00:00,112,5.5,1.8,79.0,0.0,,
2022-04-01 05:00:00,119,5.9,1.3,86.0,4.0,,
2022-04-01 05:00:00,133,4.9,0.9,75.0,6.0,,
2022-04-01 05:00:00,143,4.2,0.7,95.0,1.0,,
2022-04-01 05:00:00,146,5.2,1.1,93.0,2.0,,
2022-04-01 05:00:00,156,5.8,0.2,98.0,0.0,,
2022-04-01 05:00:00,159,6.9,4.7,68.0,1.0,,
2022-04-01 05:00:00,184,9.8,4.2,83.0,9.0,,
2022-04-01 06:00:00,105,3.3,0.4,87.0,7.0,,
2022-04-01 06:00:00,108,4.7,2.4,77.0,1.0,,
2022-04-01 06:00:00,112,5.1,2.7,81.0,1.0,,
2022-04-01 06:00:00,119,5.5,1.0,79.0,2.0,,
2022-04-01 06:00:00,133,4.5,2.0,74.0,5.0,,
2022-04-01 06:00:00,143,3.8,0.5,97.0,0.0,,
2022-04-01 06:00:00,146,4.8,0.6,94.0,0.0,,
2022-04-01 06:00:00,156,5.5,0.1,98.0,0.0,,
2022-04-01 06:00:00,159,6.6,3.6,67.0,0.0,,
2022-04-01 06:00:00,184,9.9,3.7,83.0,6.0,,
2022-04-01 07:00:00,105,3.6,0.5,90.0,10.0,0.0,0.03
2022-04-01 07:00:00,108,4.7,1.7,76.0,5.0,0.4,0.09
2022-04-01 07:00:00,112,5.1,2.4,81.0,2.0,0.4,0.09
2022-04-01 07:00:00,119,5.4,0.8,80.0,3.0,0.4,0.08
2022-04-01 07:00:00,133,4.5,1.6,76.0,3.0,0.2,0.07
2022-04-01 07:00:00,143,4.4,0.5,97.0,1.0,0.3,0.13
2022-04-01 07:00:00,146,5.5,0.7,93.0,0.0,0.1,0.07
2022-04-01 07:00:00,156,5.2,0.2,99.0,2.0,0.0,0.12
2022-04-01 07:00:00,159,7.3,4.5,64.0,0.0,0.2,0.08
2022-04-01 07:00:00,184,10.2,3.2,84.0,8.0,0.0,0.0
2022-04-01 08:00:00,105,4.2,1.4,92.0,9.0,0.0,0.21
2022-04-01 08:00:00,108,6.5,2.6,70.0,5.0,1.0,0.59
2022-04-01 08:00:00,112,6.3,1.7,74.0,7.0,1.0,0.57
2022-04-01 08:00:00,119,8.0,1.6,66.0,3.0,1.0,0.57
2022-04-01 08:00:00,133,6.7,1.1,66.0,2.0,1.0,0.63
2022-04-01 08:00:00,143,6.6,0.5,84.0,1.0,1.0,0.8
2022-04-01 08:00:00,146,6.6,0.7,86.0,4.0,0.8,0.58
2022-04-01 08:00:00,156,6.2,0.7,99.0,0.0,1.0,0.69
2022-04-01 08:00:00,159,9.1,3.6,58.0,0.0,0.9,0.71
2022-04-01 08:00:00,184,11.2,3.1,78.0,7.0,0.0,0.22
2022-04-01 09:00:00,105,5.4,1.3,90.0,8.0,0.0,0.44
2022-04-01 09:00:00,108,8.5,2.7,60.0,3.0,1.0,1.42
2022-04-01 09:00:00,112,8.8,2.4,60.0,6.0,1.0,1.31
2022-04-01 09:00:00,119,9.2,2.0,59.0,3.0,1.0,1.39
2022-04-01 09:00:00,133,9.2,2.6,56.0,2.0,1.0,1.45
2022-04-01 09:00:00,143,9.0,1.0,77.0,1.0,1.0,1.46
2022-04-01 09:00:00,146,8.6,0.9,72.0,1.0,1.0,1.34
2022-04-01 09:00:00,156,9.4,0.8,83.0,2.0,1.0,1.52
2022-04-01 09:00:00,159,10.1,3.7,54.0,2.0,0.8,1.26
2022-04-01 09:00:00,184,12.0,4.3,71.0,7.0,0.1,0.54
2022-04-01 10:00:00,105,7.6,0.6,80.0,7.0,0.1,1.14
2022-04-01 10:00:00,108,10.7,2.7,49.0,1.0,1.0,2.2
2022-04-01 10:00:00,112,9.7,2.0,57.0,1.0,1.0,2.1
2022-04-01 10:00:00,119,10.6,1.5,52.0,3.0,1.0,2.07
2022-04-01 10:00:00,133,10.6,3.5,51.0,5.0,1.0,2.13
2022-04-01 10:00:00,143,10.0,3.3,57.0,2.0,1.0,2.28
2022-04-01 10:00:00,146,11.3,1.2,60.0,1.0,1.0,2.08
2022-04-01 10:00:00,156,11.4,1.0,69.0,0.0,1.0,2.27
2022-04-01 10:00:00,159,11.4,4.2,50.0,3.0,0.7,1.95
2022-04-01 10:00:00,184,12.7,4.8,65.0,6.0,0.4,1.51
2022-04-01 11:00:00,105,9.0,2.8,68.0,6.0,0.3,1.83
2022-04-01 11:00:00,108,11.9,2.4,46.0,1.0,1.0,2.82
2022-04-01 11:00:00,112,11.1,3.7,53.0,0.0,1.0,2.67
2022-04-01 11:00:00,119,11.7,2.4,46.0,2.0,1.0,2.72
2022-04-01 11:00:00,133,12.0,3.0,44.0,9.0,1.0,2.37
2022-04-01 11:00:00,143,10.4,2.6,55.0,5.0,0.7,1.96
2022-04-01 11:00:00,146,12.0,1.4,51.0,3.0,1.0,2.72
2022-04-01 11:00:00,156,12.5,1.0,60.0,3.0,1.0,2.87
2022-04-01 11:00:00,159,12.6,4.0,45.0,4.0,0.7,2.65
2022-04-01 11:00:00,184,13.5,5.4,60.0,4.0,0.8,2.49
2022-04-01 12:00:00,105,10.4,2.5,60.0,5.0,0.8,2.83
2022-04-01 12:00:00,108,13.2,1.6,38.0,3.0,0.9,3.08
2022-04-01 12:00:00,112,11.2,3.5,50.0,1.0,1.0,3.05
2022-04-01 12:00:00,119,12.4,2.0,41.0,5.0,1.0,3.13
2022-04-01 12:00:00,133,13.2,2.4,41.0,8.0,1.0,2.84
2022-04-01 12:00:00,143,12.1,3.7,44.0,4.0,0.7,2.21
2022-04-01 12:00:00,146,13.8,2.1,39.0,7.0,1.0,3.09
2022-04-01 12:00:00,156,14.4,1.2,55.0,5.0,1.0,3.23
2022-04-01 12:00:00,159,11.8,4.0,46.0,4.0,0.4,1.98
2022-04-01 12:00:00,184,13.8,5.0,62.0,3.0,1.0,3.19
2022-04-01 13:00:00,105,10.3,1.6,54.0,4.0,0.6,2.45
2022-04-01 13:00:00,108,13.2,2.5,35.0,4.0,0.4,2.28
2022-04-01 13:00:00,112,11.7,3.6,50.0,3.0,1.0,3.3
2022-04-01 13:00:00,119,12.8,1.9,34.0,7.0,1.0,3.32
2022-04-01 13:00:00,133,14.5,2.0,34.0,7.0,1.0,3.06
2022-04-01 13:00:00,143,12.8,2.6,40.0,6.0,0.6,2.45
2022-04-01 13:00:00,146,14.1,2.8,36.0,8.0,1.0,3.05
2022-04-01 13:00:00,156,14.8,1.1,40.0,8.0,1.0,2.68
2022-04-01 13:00:00,159,12.7,4.5,42.0,3.0,0.6,2.55
2022-04-01 13:00:00,184,14.0,5.6,61.0,3.0,1.0,3.34
2022-04-01 14:00:00,105,10.4,1.7,51.0,4.0,0.2,1.75
2022-04-01 14:00:00,108,14.7,3.3,29.0,4.0,0.7,2.92
2022-04-01 14:00:00,112,12.0,4.4,52.0,3.0,1.0,3.21
2022-04-01 14:00:00,119,12.6,3.2,46.0,7.0,0.4,1.44
2022-04-01 14:00:00,133,14.2,2.8,27.0,7.0,0.5,2.17
2022-04-01 14:00:00,143,12.3,2.4,41.0,7.0,0.1,1.28
2022-04-01 14:00:00,146,14.8,3.2,37.0,8.0,1.0,2.68
2022-04-01 14:00:00,156,14.9,1.2,35.0,9.0,0.3,1.83
2022-04-01 14:00:00,159,12.9,4.6,42.0,6.0,0.9,2.94
2022-04-01 14:00:00,184,13.9,5.3,61.0,3.0,1.0,3.29
2022-04-01 15:00:00,105,10.9,1.5,51.0,5.0,0.6,2.34
2022-04-01 15:00:00,108,14.6,2.9,31.0,2.0,1.0,2.89
2022-04-01 15:00:00,112,11.8,4.2,46.0,0.0,1.0,2.85
2022-04-01 15:00:00,119,13.2,4.1,39.0,3.0,0.5,1.65
2022-04-01 15:00:00,133,15.2,2.6,26.0,5.0,1.0,3.11
2022-04-01 15:00:00,143,13.6,2.0,38.0,7.0,0.3,1.68
2022-04-01 15:00:00,146,15.2,2.4,27.0,8.0,0.9,2.17
2022-04-01 15:00:00,156,14.0,0.9,40.0,9.0,0.1,1.1
2022-04-01 15:00:00,159,12.9,4.9,41.0,7.0,1.0,2.96
2022-04-01 15:00:00,184,13.8,5.7,61.0,3.0,1.0,2.86
2022-04-01 16:00:00,105,10.0,3.1,51.0,6.0,0.4,1.52
2022-04-01 16:00:00,108,14.2,3.5,37.0,1.0,1.0,2.33
2022-04-01 16:00:00,112,12.0,4.5,24.0,0.0,1.0,2.29
2022-04-01 16:00:00,119,12.5,4.6,37.0,2.0,1.0,2.23
2022-04-01 16:00:00,133,15.6,2.8,22.0,3.0,1.0,2.38
2022-04-01 16:00:00,143,12.7,2.3,41.0,7.0,0.3,1.31
2022-04-01 16:00:00,146,15.1,3.2,26.0,8.0,1.0,1.86
2022-04-01 16:00:00,156,14.5,0.7,40.0,9.0,0.0,0.77
2022-04-01 16:00:00,159,11.4,5.0,44.0,8.0,0.8,2.11
2022-04-01 16:00:00,184,14.0,4.7,59.0,7.0,1.0,2.26
2022-04-01 17:00:00,105,10.3,2.0,54.0,3.0,0.7,1.36
2022-04-01 17:00:00,108,13.9,2.9,33.0,0.0,1.0,1.67
2022-04-01 17:00:00,112,11.6,3.9,30.0,0.0,1.0,1.63
2022-04-01 17:00:00,119,12.4,3.6,30.0,1.0,1.0,1.52
2022-04-01 17:00:00,133,14.6,2.2,25.0,2.0,0.9,1.52
2022-04-01 17:00:00,143,12.4,3.8,43.0,6.0,0.8,1.22
2022-04-01 17:00:00,146,13.5,4.6,44.0,7.0,1.0,1.26
2022-04-01 17:00:00,156,14.8,2.1,40.0,9.0,0.5,1.07
2022-04-01 17:00:00,159,10.8,4.3,47.0,8.0,0.6,1.14
2022-04-01 17:00:00,184,13.7,5.0,52.0,8.0,1.0,1.45
2022-04-01 18:00:00,105,9.6,1.8,57.0,5.0,1.0,0.88
2022-04-01 18:00:00,108,12.4,4.0,32.0,0.0,1.0,0.87
2022-04-01 18:00:00,112,9.5,3.3,42.0,0.0,1.0,0.82
2022-04-01 18:00:00,119,11.5,3.5,36.0,0.0,1.0,0.76
2022-04-01 18:00:00,133,14.1,2.3,28.0,4.0,0.8,0.71
2022-04-01 18:00:00,143,12.0,3.7,46.0,5.0,0.9,0.66
2022-04-01 18:00:00,146,12.0,4.6,42.0,3.0,1.0,0.74
2022-04-01 18:00:00,156,13.2,2.0,40.0,8.0,0.9,0.79
2022-04-01 18:00:00,159,10.0,3.5,50.0,7.0,1.0,0.64
2022-04-01 18:00:00,184,13.2,3.9,55.0,8.0,0.7,0.6
2022-04-01 19:00:00,105,8.2,1.7,63.0,0.0,0.1,0.1
2022-04-01 19:00:00,108,9.9,4.0,43.0,0.0,0.5,0.19
2022-04-01 19:00:00,112,8.4,2.2,34.0,1.0,0.5,0.17
2022-04-01 19:00:00,119,8.5,2.4,56.0,0.0,0.6,0.14
2022-04-01 19:00:00,133,12.5,1.8,32.0,5.0,0.1,0.11
2022-04-01 19:00:00,143,10.4,4.5,52.0,2.0,0.2,0.14
2022-04-01 19:00:00,146,10.3,2.1,53.0,1.0,0.6,0.15
2022-04-01 19:00:00,156,11.5,1.1,44.0,8.0,0.1,0.18
2022-04-01 19:00:00,159,8.9,2.8,51.0,5.0,0.0,0.08
2022-04-01 19:00:00,184,12.3,2.2,53.0,6.0,0.1,0.07
2022-04-01 20:00:00,105,6.9,1.8,71.0,0.0,,
2022-04-01 20:00:00,108,8.7,3.5,45.0,0.0,,
2022-04-01 20:00:00,112,7.6,3.1,42.0,6.0,,
2022-04-01 20:00:00,119,7.9,2.7,50.0,0.0,,
2022-04-01 20:00:00,133,10.5,2.1,32.0,2.0,,
2022-04-01 20:00:00,143,9.2,3.6,56.0,4.0,,
2022-04-01 20:00:00,146,9.2,1.4,54.0,0.0,,
2022-04-01 20:00:00,156,10.6,0.8,45.0,5.0,,
2022-04-01 20:00:00,159,8.4,3.7,51.0,4.0,,
2022-04-01 20:00:00,184,12.0,1.2,53.0,8.0,,
2022-04-01 21:00:00,105,5.8,0.0,73.0,0.0,,
2022-04-01 21:00:00,108,8.1,2.5,43.0,0.0,,
2022-04-01 21:00:00,112,6.8,2.6,55.0,0.0,,
2022-04-01 21:00:00,119,5.6,0.5,63.0,0.0,,
2022-04-01 21:00:00,133,9.1,2.3,36.0,0.0,,
2022-04-01 21:00:00,143,8.4,3.2,58.0,0.0,,
2022-04-01 21:00:00,146,8.5,1.5,59.0,0.0,,
2022-04-01 21:00:00,156,9.4,1.2,52.0,0.0,,
2022-04-01 21:00:00,159,8.0,3.1,53.0,7.0,,
2022-04-01 21:00:00,184,11.8,1.6,57.0,8.0,,
2022-04-01 22:00:00,105,5.0,0.0,75.0,0.0,,
2022-04-01 22:00:00,108,7.5,2.3,42.0,0.0,,
2022-04-01 22:00:00,112,6.1,0.7,48.0,4.0,,
2022-04-01 22:00:00,119,5.4,0.9,66.0,0.0,,
2022-04-01 22:00:00,133,8.0,2.6,37.0,0.0,,
2022-04-01 22:00:00,143,7.5,2.3,59.0,2.0,,
2022-04-01 22:00:00,146,7.9,2.3,65.0,0.0,,
2022-04-01 22:00:00,156,8.3,0.6,58.0,0.0,,
2022-04-01 22:00:00,159,7.7,2.1,54.0,0.0,,
2022-04-01 22:00:00,184,11.7,3.1,62.0,8.0,,
2022-04-01 23:00:00,105,4.2,0.8,79.0,0.0,,
2022-04-01 23:00:00,108,7.3,2.0,41.0,0.0,,
2022-04-01 23:00:00,112,6.1,2.5,62.0,5.0,,
2022-04-01 23:00:00,119,5.4,1.2,70.0,0.0,,
2022-04-01 23:00:00,133,7.0,1.2,44.0,0.0,,
2022-04-01 23:00:00,143,6.6,2.6,66.0,0.0,,
2022-04-01 23:00:00,146,7.1,0.7,65.0,0.0,,
2022-04-01 23:00:00,156,8.4,0.6,60.0,0.0,,
2022-04-01 23:00:00,159,7.3,1.7,57.0,0.0,,
2022-04-01 23:00:00,184,11.2,4.1,65.0,6.0,,
2022-04-02 00:00:00,105,3.5,1.2,83.0,0.0,,
2022-04-02 00:00:00,108,6.2,1.8,52.0,0.0,,
2022-04-02 00:00:00,112,5.4,1.3,65.0,0.0,,
2022-04-02 00:00:00,119,4.7,1.3,73.0,0.0,,
2022-04-02 00:00:00,133,5.9,1.8,49.0,0.0,,
2022-04-02 00:00:00,143,5.7,1.0,68.0,0.0,,
2022-04-02 00:00:00,146,6.4,1.4,72.0,0.0,,
2022-04-02 00:00:00,156,7.6,1.0,64.0,2.0,,
2022-04-02 00:00:00,159,6.9,1.8,57.0,0.0,,
2022-04-02 00:00:00,184,11.0,3.4,71.0,2.0,,
2022-04-02 01:00:00,105,3.1,1.0,85.0,0.0,,
2022-04-02 01:00:00,108,5.7,0.6,58.0,0.0,,
2022-04-02 01:00:00,112,5.0,0.5,69.0,6.0,,
2022-04-02 01:00:00,119,3.8,0.8,77.0,0.0,,
2022-04-02 01:00:00,133,5.1,1.8,53.0,0.0,,
2022-04-02 01:00:00,143,4.9,1.5,75.0,0.0,,
2022-04-02 01:00:00,146,6.1,0.8,74.0,0.0,,
2022-04-02 01:00:00,156,6.9,0.6,69.0,0.0,,
2022-04-02 01:00:00,159,6.5,0.9,58.0,0.0,,
2022-04-02 01:00:00,184,10.3,1.2,71.0,5.0,,
2022-04-02 02:00:00,105,3.0,0.1,83.0,0.0,,
2022-04-02 02:00:00,108,4.9,1.4,63.0,0.0,,
2022-04-02 02:00:00,112,4.9,2.0,77.0,5.0,,
2022-04-02 02:00:00,119,3.1,0.3,77.0,2.0,,
2022-04-02 02:00:00,133,4.4,1.5,57.0,0.0,,
2022-04-02 02:00:00,143,4.0,1.2,79.0,0.0,,
2022-04-02 02:00:00,146,5.2,0.4,74.0,0.0,,
2022-04-02 02:00:00,156,6.1,1.1,75.0,2.0,,
2022-04-02 02:00:00,159,6.7,0.3,58.0,0.0,,
2022-04-02 02:00:00,184,10.4,3.6,77.0,8.0,,
2022-04-02 03:00:00,105,2.4,1.3,86.0,0.0,,
2022-04-02 03:00:00,108,4.4,1.2,66.0,0.0,,
2022-04-02 03:00:00,112,4.7,2.5,78.0,0.0,,
2022-04-02 03:00:00,119,2.5,0.4,75.0,0.0,,
2022-04-02 03:00:00,133,3.5,1.0,62.0,0.0,,
2022-04-02 03:00:00,143,3.3,0.9,82.0,0.0,,
2022-04-02 03:00:00,146,4.7,1.1,76.0,0.0,,
2022-04-02 03:00:00,156,5.7,0.1,79.0,0.0,,
2022-04-02 03:00:00,159,6.5,0.0,60.0,0.0,,
2022-04-02 03:00:00,184,9.9,1.2,74.0,8.0,,
2022-04-02 04:00:00,105,2.3,0.6,87.0,0.0,,
2022-04-02 04:00:00,108,4.2,0.8,69.0,0.0,,
2022-04-02 04:00:00,112,4.5,1.7,81.0,0.0,,
2022-04-02 04:00:00,119,2.4,1.5,82.0,0.0,,
2022-04-02 04:00:00,133,3.1,0.7,64.0,0.0,,
2022-04-02 04:00:00,143,2.6,0.9,84.0,0.0,,
2022-04-02 04:00:00,146,4.3,0.9,78.0,0.0,,
2022-04-02 04:00:00,156,4.9,0.0,82.0,0.0,,
2022-04-02 04:00:00,159,6.3,0.0,62.0,0.0,,
2022-04-02 04:00:00,184,9.3,2.0,74.0,5.0,,
2022-04-02 05:00:00,105,2.7,0.1,83.0,0.0,,
2022-04-02 05:00:00,108,4.1,1.7,75.0,0.0,,
2022-04-02 05:00:00,112,3.9,1.3,76.0,0.0,,
2022-04-02 05:00:00,119,2.2,0.9,86.0,0.0,,
2022-04-02 05:00:00,133,2.3,1.0,70.0,0.0,,
2022-04-02 05:00:00,143,2.3,0.9,85.0,0.0,,
2022-04-02 05:00:00,146,3.5,1.2,82.0,0.0,,
2022-04-02 05:00:00,156,4.6,0.0,85.0,0.0,,
2022-04-02 05:00:00,159,5.8,0.0,62.0,0.0,,
2022-04-02 05:00:00,184,8.5,1.8,76.0,5.0,,
2022-04-02 06:00:00,105,5.0,2.5,70.0,0.0,,
2022-04-02 06:00:00,108,4.0,1.7,81.0,0.0,,
2022-04-02 06:00:00,112,3.7,0.3,75.0,0.0,,
2022-04-02 06:00:00,119,1.6,0.9,89.0,0.0,,
2022-04-02 06:00:00,133,1.6,1.3,72.0,0.0,,
2022-04-02 06:00:00,143,1.5,1.3,92.0,0.0,,
2022-04-02 06:00:00,146,2.9,1.6,84.0,0.0,,
2022-04-02 06:00:00,156,3.7,0.4,88.0,0.0,,
2022-04-02 06:00:00,159,5.6,0.0,69.0,3.0,,
2022-04-02 06:00:00,184,8.5,2.1,73.0,8.0,,
2022-04-02 07:00:00,105,5.6,2.5,66.0,1.0,0.4,0.12
2022-04-02 07:00:00,108,4.0,1.2,83.0,0.0,0.3,0.08
2022-04-02 07:00:00,112,3.8,1.7,84.0,0.0,0.3,0.07
2022-04-02 07:00:00,119,3.0,0.9,85.0,0.0,0.3,0.06
2022-04-02 07:00:00,133,1.7,1.0,72.0,0.0,0.4,0.09
2022-04-02 07:00:00,143,2.3,0.9,89.0,0.0,0.4,0.16
2022-04-02 07:00:00,146,3.5,0.3,79.0,0.0,0.1,0.07
2022-04-02 07:00:00,156,3.3,0.7,92.0,0.0,0.2,0.13
2022-04-02 07:00:00,159,6.4,0.0,65.0,0.0,0.2,0.08
2022-04-02 07:00:00,184,9.4,2.9,81.0,8.0,0.0,0.0
2022-04-02 08:00:00,105,7.7,2.4,59.0,0.0,1.0,0.72
2022-04-02 08:00:00,108,5.3,1.5,77.0,0.0,1.0,0.59
2022-04-02 08:00:00,112,5.0,0.4,77.0,0.0,1.0,0.61
2022-04-02 08:00:00,119,4.7,1.2,78.0,0.0,1.0,0.62
2022-04-02 08:00:00,133,4.6,0.8,66.0,0.0,1.0,0.68
2022-04-02 08:00:00,143,4.7,0.6,75.0,0.0,1.0,0.76
2022-04-02 08:00:00,146,5.6,1.1,72.0,0.0,1.0,0.66
2022-04-02 08:00:00,156,4.7,0.5,87.0,0.0,1.0,0.74
2022-04-02 08:00:00,159,10.0,0.0,58.0,0.0,1.0,0.72
2022-04-02 08:00:00,184,10.0,1.8,75.0,8.0,0.0,0.23
2022-04-02 09:00:00,105,10.1,1.4,60.0,0.0,1.0,1.51
2022-04-02 09:00:00,108,7.2,1.7,68.0,0.0,1.0,1.43
2022-04-02 09:00:00,112,6.5,0.9,69.0,0.0,1.0,1.35
2022-04-02 09:00:00,119,7.1,1.0,72.0,0.0,1.0,1.39
2022-04-02 09:00:00,133,7.3,2.4,58.0,0.0,1.0,1.48
2022-04-02 09:00:00,143,7.9,0.9,63.0,0.0,1.0,1.5
2022-04-02 09:00:00,146,7.0,1.4,66.0,0.0,1.0,1.44
2022-04-02 09:00:00,156,7.3,0.6,73.0,0.0,1.0,1.56
2022-04-02 09:00:00,159,12.5,1.3,53.0,2.0,1.0,1.54
2022-04-02 09:00:00,184,11.6,2.8,66.0,8.0,0.7,0.96
2022-04-02 10:00:00,105,12.4,1.6,59.0,0.0,1.0,2.23
2022-04-02 10:00:00,108,9.5,1.6,55.0,0.0,1.0,2.13
2022-04-02 10:00:00,112,9.0,2.0,47.0,0.0,1.0,2.08
2022-04-02 10:00:00,119,8.4,2.0,57.0,0.0,1.0,2.1
2022-04-02 10:00:00,133,9.9,2.9,43.0,0.0,1.0,2.21
2022-04-02 10:00:00,143,10.1,1.5,56.0,1.0,1.0,2.2
2022-04-02 10:00:00,146,8.1,1.2,55.0,0.0,1.0,2.14
2022-04-02 10:00:00,156,9.3,1.3,56.0,0.0,1.0,2.31
2022-04-02 10:00:00,159,13.5,3.0,49.0,2.0,1.0,2.33
2022-04-02 10:00:00,184,12.2,3.1,63.0,8.0,1.0,1.71
2022-04-02 11:00:00,105,13.6,2.5,58.0,0.0,1.0,2.8
2022-04-02 11:00:00,108,11.0,2.7,42.0,0.0,1.0,2.8
2022-04-02 11:00:00,112,10.2,3.0,47.0,0.0,1.0,2.68
2022-04-02 11:00:00,119,10.7,1.5,37.0,0.0,1.0,2.65
2022-04-02 11:00:00,133,11.2,4.7,26.0,0.0,1.0,2.85
2022-04-02 11:00:00,143,12.4,1.7,37.0,3.0,1.0,2.77
2022-04-02 11:00:00,146,10.5,1.2,38.0,0.0,1.0,2.73
2022-04-02 11:00:00,156,11.0,0.8,33.0,0.0,1.0,2.94
2022-04-02 11:00:00,159,13.6,4.5,49.0,1.0,1.0,3.1
2022-04-02 11:00:00,184,12.9,3.0,61.0,4.0,1.0,2.75
2022-04-02 12:00:00,105,13.9,2.7,53.0,1.0,1.0,3.16
2022-04-02 12:00:00,108,12.5,2.2,33.0,0.0,1.0,3.19
2022-04-02 12:00:00,112,10.0,3.3,43.0,0.0,1.0,3.09
2022-04-02 12:00:00,119,11.3,1.8,31.0,0.0,1.0,3.07
2022-04-02 12:00:00,133,12.4,4.9,22.0,0.0,1.0,3.21
2022-04-02 12:00:00,143,14.2,1.6,34.0,3.0,1.0,3.14
2022-04-02 12:00:00,146,11.7,2.6,30.0,0.0,1.0,3.12
2022-04-02 12:00:00,156,12.6,1.8,23.0,0.0,1.0,3.33
2022-04-02 12:00:00,159,14.0,4.7,49.0,2.0,1.0,3.37
2022-04-02 12:00:00,184,13.3,4.0,59.0,4.0,1.0,3.17
2022-04-02 13:00:00,105,14.1,3.0,50.0,1.0,1.0,3.24
2022-04-02 13:00:00,108,13.2,3.0,29.0,0.0,1.0,3.27
2022-04-02 13:00:00,112,9.7,4.2,49.0,0.0,1.0,3.2
2022-04-02 13:00:00,119,12.7,3.1,32.0,0.0,1.0,3.16
2022-04-02 13:00:00,133,13.0,4.8,20.0,0.0,1.0,3.36
2022-04-02 13:00:00,143,14.4,1.6,28.0,4.0,1.0,3.29
2022-04-02 13:00:00,146,12.4,3.2,31.0,0.0,1.0,3.26
2022-04-02 13:00:00,156,13.8,2.6,24.0,0.0,1.0,3.47
2022-04-02 13:00:00,159,14.0,5.4,51.0,1.0,1.0,3.5
2022-04-02 13:00:00,184,13.6,4.1,53.0,2.0,1.0,3.41
2022-04-02 14:00:00,105,13.6,4.3,50.0,0.0,1.0,3.11
2022-04-02 14:00:00,108,14.0,3.6,36.0,0.0,1.0,3.1
2022-04-02 14:00:00,112,11.1,3.6,38.0,0.0,1.0,3.08
2022-04-02 14:00:00,119,13.7,3.8,30.0,0.0,1.0,3.05
2022-04-02 14:00:00,133,13.6,4.4,20.0,0.0,1.0,3.25
2022-04-02 14:00:00,143,15.6,1.6,25.0,3.0,1.0,3.16
2022-04-02 14:00:00,146,12.6,3.7,30.0,0.0,1.0,3.14
2022-04-02 14:00:00,156,16.2,2.4,23.0,0.0,1.0,3.37
2022-04-02 14:00:00,159,13.2,6.6,55.0,1.0,1.0,3.39
2022-04-02 14:00:00,184,14.0,3.9,46.0,1.0,1.0,3.31
2022-04-02 15:00:00,105,14.2,3.4,39.0,0.0,1.0,2.72
2022-04-02 15:00:00,108,13.7,4.8,36.0,0.0,1.0,2.75
2022-04-02 15:00:00,112,10.0,6.5,41.0,2.0,1.0,2.71
2022-04-02 15:00:00,119,12.5,4.9,34.0,0.0,1.0,2.68
2022-04-02 15:00:00,133,14.9,3.4,20.0,0.0,1.0,2.89
2022-04-02 15:00:00,143,16.8,3.0,25.0,2.0,1.0,2.81
2022-04-02 15:00:00,146,12.1,4.4,29.0,0.0,1.0,2.8
2022-04-02 15:00:00,156,14.7,1.6,26.0,0.0,1.0,3.0
2022-04-02 15:00:00,159,13.1,6.5,53.0,0.0,1.0,2.92
2022-04-02 15:00:00,184,14.2,3.7,42.0,2.0,1.0,2.97
2022-04-02 16:00:00,105,14.4,2.4,42.0,0.0,1.0,2.13
2022-04-02 16:00:00,108,12.9,4.4,39.0,1.0,1.0,2.23
2022-04-02 16:00:00,112,9.3,4.4,49.0,2.0,1.0,2.24
2022-04-02 16:00:00,119,11.3,5.0,40.0,0.0,1.0,2.15
2022-04-02 16:00:00,133,15.2,1.8,19.0,0.0,1.0,2.3
2022-04-02 16:00:00,143,17.3,2.3,27.0,2.0,1.0,2.17
2022-04-02 16:00:00,146,12.0,4.4,34.0,0.0,1.0,2.24
2022-04-02 16:00:00,156,13.8,1.8,27.0,0.0,1.0,2.44
2022-04-02 16:00:00,159,12.9,5.7,56.0,0.0,1.0,2.3
2022-04-02 16:00:00,184,13.9,4.2,40.0,0.0,1.0,2.35
2022-04-02 17:00:00,105,14.2,2.2,41.0,0.0,1.0,1.41
2022-04-02 17:00:00,108,12.1,3.9,34.0,2.0,1.0,1.57
2022-04-02 17:00:00,112,8.9,2.5,48.0,4.0,0.9,1.39
2022-04-02 17:00:00,119,10.4,4.0,31.0,1.0,1.0,1.49
2022-04-02 17:00:00,133,14.1,2.9,29.0,0.0,1.0,1.56
2022-04-02 17:00:00,143,17.0,2.8,29.0,2.0,1.0,1.47
2022-04-02 17:00:00,146,10.4,3.8,39.0,1.0,1.0,1.52
2022-04-02 17:00:00,156,12.3,2.5,32.0,0.0,1.0,1.72
2022-04-02 17:00:00,159,12.5,5.1,57.0,0.0,1.0,1.55
2022-04-02 17:00:00,184,13.5,3.7,34.0,1.0,1.0,1.67
2022-04-02 18:00:00,105,13.1,1.8,41.0,0.0,1.0,0.66
2022-04-02 18:00:00,108,11.0,3.2,31.0,4.0,1.0,0.77
2022-04-02 18:00:00,112,7.8,5.2,59.0,4.0,0.3,0.49
2022-04-02 18:00:00,119,9.8,2.9,32.0,4.0,1.0,0.68
2022-04-02 18:00:00,133,12.1,2.3,38.0,0.0,1.0,0.73
2022-04-02 18:00:00,143,15.7,1.6,31.0,2.0,0.5,0.51
2022-04-02 18:00:00,146,9.0,2.7,43.0,2.0,1.0,0.77
2022-04-02 18:00:00,156,10.8,1.7,36.0,0.0,1.0,0.9
2022-04-02 18:00:00,159,11.9,4.5,58.0,0.0,1.0,0.74
2022-04-02 18:00:00,184,12.4,3.4,36.0,0.0,1.0,0.85
2022-04-02 19:00:00,105,11.5,1.9,48.0,2.0,0.3,0.11
2022-04-02 19:00:00,108,9.1,4.5,34.0,5.0,0.5,0.18
2022-04-02 19:00:00,112,7.0,2.9,64.0,4.0,0.5,0.2
2022-04-02 19:00:00,119,7.8,2.2,55.0,3.0,0.0,0.06
2022-04-02 19:00:00,133,10.5,1.4,43.0,6.0,0.1,0.1
2022-04-02 19:00:00,143,15.1,2.2,30.0,5.0,0.2,0.12
2022-04-02 19:00:00,146,7.7,1.9,49.0,2.0,0.3,0.14
2022-04-02 19:00:00,156,8.7,1.5,46.0,0.0,0.4,0.19
2022-04-02 19:00:00,159,11.0,4.6,61.0,0.0,0.4,0.12
2022-04-02 19:00:00,184,10.2,2.9,47.0,0.0,0.7,0.12
2022-04-02 20:00:00,105,10.2,1.1,56.0,0.0,,
2022-04-02 20:00:00,108,8.1,3.1,50.0,1.0,,
2022-04-02 20:00:00,112,6.4,3.3,70.0,5.0,,
2022-04-02 20:00:00,119,6.7,2.0,66.0,3.0,,
2022-04-02 20:00:00,133,9.4,1.7,42.0,6.0,,
2022-04-02 20:00:00,143,13.6,2.0,28.0,6.0,,
2022-04-02 20:00:00,146,6.7,2.3,58.0,0.0,,
2022-04-02 20:00:00,156,7.5,1.1,53.0,2.0,,
2022-04-02 20:00:00,159,10.7,3.5,59.0,0.0,,
2022-04-02 20:00:00,184,9.3,2.6,51.0,0.0,,
2022-04-02 21:00:00,105,8.7,1.7,62.0,0.0,,
2022-04-02 21:00:00,108,7.3,2.2,56.0,0.0,,
2022-04-02 21:00:00,112,6.1,2.6,73.0,0.0,,
2022-04-02 21:00:00,119,6.4,2.3,72.0,0.0,,
2022-04-02 21:00:00,133,7.7,2.1,47.0,0.0,,
2022-04-02 21:00:00,143,12.8,1.5,27.0,0.0,,
2022-04-02 21:00:00,146,6.0,2.5,68.0,0.0,,
2022-04-02 21:00:00,156,6.9,1.2,54.0,0.0,,
2022-04-02 21:00:00,159,10.6,2.8,61.0,0.0,,
2022-04-02 21:00:00,184,8.8,3.1,55.0,0.0,,
2022-04-02 22:00:00,105,7.8,1.7,63.0,0.0,,
2022-04-02 22:00:00,108,6.8,1.8,60.0,2.0,,
2022-04-02 22:00:00,112,6.1,2.3,72.0,0.0,,
2022-04-02 22:00:00,119,5.7,0.9,74.0,0.0,,
2022-04-02 22:00:00,133,6.7,1.0,51.0,0.0,,
2022-04-02 22:00:00,143,10.4,1.5,58.0,0.0,,
2022-04-02 22:00:00,146,5.6,1.3,73.0,0.0,,
2022-04-02 22:00:00,156,6.4,1.5,55.0,0.0,,
2022-04-02 22:00:00,159,10.0,3.1,64.0,0.0,,
2022-04-02 22:00:00,184,8.0,1.9,60.0,1.0,,
2022-04-02 23:00:00,105,7.0,0.9,62.0,0.0,,
2022-04-02 23:00:00,108,6.3,1.6,64.0,2.0,,
2022-04-02 23:00:00,112,5.8,1.2,70.0,5.0,,
2022-04-02 23:00:00,119,5.0,0.6,78.0,0.0,,
2022-04-02 23:00:00,133,6.1,0.5,56.0,6.0,,
2022-04-02 23:00:00,143,9.0,0.3,46.0,0.0,,
2022-04-02 23:00:00,146,5.6,0.4,72.0,0.0,,
2022-04-02 23:00:00,156,5.8,1.6,52.0,0.0,,
2022-04-02 23:00:00,159,9.3,0.0,66.0,0.0,,
2022-04-02 23:00:00,184,8.1,2.3,66.0,0.0,,
2022-04-03 00:00:00,105,7.1,1.7,56.0,0.0,,
2022-04-03 00:00:00,108,5.7,1.6,69.0,0.0,,
2022-04-03 00:00:00,112,5.7,1.6,66.0,0.0,,
2022-04-03 00:00:00,119,4.1,0.2,83.0,0.0,,
2022-04-03 00:00:00,133,5.6,1.5,59.0,0.0,,
2022-04-03 00:00:00,143,9.2,1.4,46.0,0.0,,
2022-04-03 00:00:00,146,5.2,0.0,73.0,0.0,,
2022-04-03 00:00:00,156,5.5,1.2,50.0,0.0,,
2022-04-03 00:00:00,159,8.7,0.0,68.0,2.0,,
2022-04-03 00:00:00,184,8.0,2.1,68.0,0.0,,
2022-04-03 01:00:00,105,7.6,2.7,52.0,0.0,,
2022-04-03 01:00:00,108,5.3,0.8,69.0,3.0,,
2022-04-03 01:00:00,112,5.5,0.9,61.0,4.0,,
2022-04-03 01:00:00,119,3.5,0.7,88.0,2.0,,
2022-04-03 01:00:00,133,4.9,1.5,61.0,4.0,,
2022-04-03 01:00:00,143,8.7,1.4,51.0,7.0,,
2022-04-03 01:00:00,146,4.6,0.6,74.0,0.0,,
2022-04-03 01:00:00,156,4.7,1.9,57.0,0.0,,
2022-04-03 01:00:00,159,8.7,0.0,69.0,0.0,,
2022-04-03 01:00:00,184,7.9,2.8,67.0,0.0,,
2022-04-03 02:00:00,105,7.5,2.6,52.0,0.0,,
2022-04-03 02:00:00,108,4.7,1.5,72.0,7.0,,
2022-04-03 02:00:00,112,5.4,1.9,56.0,1.0,,
2022-04-03 02:00:00,119,3.2,0.6,89.0,0.0,,
2022-04-03 02:00:00,133,3.7,1.2,63.0,0.0,,
2022-04-03 02:00:00,143,6.9,0.9,64.0,6.0,,
2022-04-03 02:00:00,146,3.4,1.2,77.0,0.0,,
2022-04-03 02:00:00,156,4.4,1.2,59.0,0.0,,
2022-04-03 02:00:00,159,8.1,0.0,68.0,0.0,,
2022-04-03 02:00:00,184,6.8,1.4,69.0,0.0,,
2022-04-03 03:00:00,105,7.2,3.7,52.0,0.0,,
2022-04-03 03:00:00,108,4.7,1.1,76.0,0.0,,
2022-04-03 03:00:00,112,5.3,1.0,52.0,0.0,,
2022-04-03 03:00:00,119,2.7,1.0,93.0,0.0,,
2022-04-03 03:00:00,133,3.1,1.1,69.0,0.0,,
2022-04-03 03:00:00,143,6.4,1.0,64.0,0.0,,
2022-04-03 03:00:00,146,2.8,1.5,79.0,0.0,,
2022-04-03 03:00:00,156,4.1,0.8,65.0,6.0,,
2022-04-03 03:00:00,159,7.8,0.0,72.0,1.0,,
2022-04-03 03:00:00,184,6.3,1.8,70.0,0.0,,
2022-04-03 04:00:00,105,7.1,3.6,51.0,0.0,,
2022-04-03 04:00:00,108,4.5,1.3,80.0,0.0,,
2022-04-03 04:00:00,112,4.5,0.0,57.0,0.0,,
2022-04-03 04:00:00,119,1.7,0.5,94.0,0.0,,
2022-04-03 04:00:00,133,2.4,1.7,69.0,0.0,,
2022-04-03 04:00:00,143,5.6,0.9,72.0,0.0,,
2022-04-03 04:00:00,146,2.6,1.0,80.0,0.0,,
2022-04-03 04:00:00,156,3.4,1.1,73.0,0.0,,
2022-04-03 04:00:00,159,7.6,0.0,71.0,0.0,,
2022-04-03 04:00:00,184,5.9,2.6,66.0,0.0,,
2022-04-03 05:00:00,105,6.8,3.9,51.0,0.0,,
2022-04-03 05:00:00,108,4.0,0.5,82.0,0.0,,
2022-04-03 05:00:00,112,4.2,1.8,74.0,0.0,,
2022-04-03 05:00:00,119,1.6,0.5,94.0,0.0,,
2022-04-03 05:00:00,133,2.0,0.4,72.0,0.0,,
2022-04-03 05:00:00,143,4.8,0.8,73.0,0.0,,
2022-04-03 05:00:00,146,2.2,0.7,82.0,0.0,,
2022-04-03 05:00:00,156,3.2,0.1,74.0,0.0,,
2022-04-03 05:00:00,159,7.3,0.0,70.0,0.0,,
2022-04-03 05:00:00,184,5.7,2.2,68.0,0.0,,
2022-04-03 06:00:00,105,6.6,4.1,52.0,0.0,,
2022-04-03 06:00:00,108,3.8,0.7,82.0,0.0,,
2022-04-03 06:00:00,112,4.1,2.2,80.0,0.0,,
2022-04-03 06:00:00,119,1.4,0.9,94.0,0.0,,
2022-04-03 06:00:00,133,1.4,0.2,75.0,0.0,,
2022-04-03 06:00:00,143,3.6,1.0,84.0,0.0,,
2022-04-03 06:00:00,146,2.0,1.2,83.0,0.0,,
2022-04-03 06:00:00,156,2.5,0.8,80.0,0.0,,
2022-04-03 06:00:00,159,7.3,0.0,70.0,0.0,,
2022-04-03 06:00:00,184,5.7,1.9,62.0,0.0,,
2022-04-03 07:00:00,105,6.7,3.9,52.0,1.0,0.5,0.13
2022-04-03 07:00:00,108,3.6,1.0,74.0,0.0,0.4,0.08
2022-04-03 07:00:00,112,4.3,0.7,83.0,0.0,0.3,0.07
2022-04-03 07:00:00,119,2.6,1.3,91.0,0.0,0.1,0.05
2022-04-03 07:00:00,133,1.4,1.1,75.0,0.0,0.3,0.08
2022-04-03 07:00:00,143,4.6,0.8,83.0,0.0,0.4,0.16
2022-04-03 07:00:00,146,2.4,1.1,81.0,0.0,0.1,0.07
2022-04-03 07:00:00,156,2.5,0.6,81.0,0.0,0.2,0.14
2022-04-03 07:00:00,159,7.8,0.0,67.0,0.0,0.2,0.09
2022-04-03 07:00:00,184,6.2,1.8,58.0,0.0,0.2,0.02
2022-04-03 08:00:00,105,8.7,0.8,47.0,0.0,1.0,0.77
2022-04-03 08:00:00,108,5.1,1.8,70.0,0.0,1.0,0.63
2022-04-03 08:00:00,112,5.4,0.0,69.0,0.0,1.0,0.6
2022-04-03 08:00:00,119,4.7,1.4,81.0,0.0,1.0,0.63
2022-04-03 08:00:00,133,3.7,0.3,69.0,0.0,1.0,0.65
2022-04-03 08:00:00,143,6.8,0.5,68.0,0.0,1.0,0.75
2022-04-03 08:00:00,146,4.7,0.4,73.0,0.0,1.0,0.63
2022-04-03 08:00:00,156,4.1,0.2,74.0,0.0,1.0,0.75
2022-04-03 08:00:00,159,10.5,0.2,63.0,0.0,1.0,0.73
2022-04-03 08:00:00,184,8.0,1.9,59.0,0.0,0.9,0.41
2022-04-03 09:00:00,105,11.3,1.0,47.0,0.0,1.0,1.51
2022-04-03 09:00:00,108,7.4,0.7,61.0,0.0,1.0,1.43
2022-04-03 09:00:00,112,7.5,1.3,65.0,0.0,1.0,1.31
2022-04-03 09:00:00,119,7.1,1.1,73.0,0.0,1.0,1.37
2022-04-03 09:00:00,133,6.8,1.9,61.0,0.0,1.0,1.42
2022-04-03 09:00:00,143,9.0,1.1,52.0,0.0,1.0,1.49
2022-04-03 09:00:00,146,7.1,0.1,60.0,0.0,1.0,1.36
2022-04-03 09:00:00,156,6.9,0.3,62.0,0.0,1.0,1.54
2022-04-03 09:00:00,159,13.3,0.0,55.0,0.0,1.0,1.55
2022-04-03 09:00:00,184,11.8,3.0,53.0,0.0,1.0,1.36
2022-04-03 10:00:00,105,14.1,1.3,46.0,0.0,1.0,2.24
2022-04-03 10:00:00,108,10.0,1.1,52.0,0.0,1.0,2.13
2022-04-03 10:00:00,112,9.0,1.8,57.0,0.0,1.0,2.02
2022-04-03 10:00:00,119,9.3,1.0,58.0,0.0,1.0,2.1
2022-04-03 10:00:00,133,9.7,2.1,44.0,0.0,1.0,2.14
2022-04-03 10:00:00,143,11.7,1.8,35.0,0.0,1.0,2.21
2022-04-03 10:00:00,146,8.4,1.1,52.0,0.0,1.0,2.07
2022-04-03 10:00:00,156,10.4,0.6,48.0,0.0,1.0,2.29
2022-04-03 10:00:00,159,14.6,2.4,45.0,0.0,1.0,2.27
2022-04-03 10:00:00,184,12.7,2.6,50.0,0.0,1.0,2.21
2022-04-03 11:00:00,105,15.0,1.8,45.0,0.0,1.0,2.79
2022-04-03 11:00:00,108,12.4,1.9,48.0,0.0,1.0,2.7
2022-04-03 11:00:00,112,10.1,2.2,34.0,0.0,1.0,2.62
2022-04-03 11:00:00,119,11.2,2.0,44.0,0.0,1.0,2.68
2022-04-03 11:00:00,133,12.3,1.6,38.0,0.0,1.0,2.71
2022-04-03 11:00:00,143,13.2,1.7,26.0,0.0,1.0,2.75
2022-04-03 11:00:00,146,11.0,1.7,42.0,0.0,1.0,2.67
2022-04-03 11:00:00,156,13.4,1.4,33.0,0.0,1.0,2.88
2022-04-03 11:00:00,159,15.8,3.4,44.0,0.0,1.0,2.86
2022-04-03 11:00:00,184,13.1,2.8,52.0,0.0,1.0,2.86
2022-04-03 12:00:00,105,15.7,2.4,42.0,0.0,1.0,3.17
2022-04-03 12:00:00,108,13.5,3.6,35.0,0.0,1.0,3.1
2022-04-03 12:00:00,112,11.6,1.8,40.0,0.0,1.0,3.04
2022-04-03 12:00:00,119,13.5,1.2,34.0,0.0,1.0,2.99
2022-04-03 12:00:00,133,14.4,1.7,30.0,0.0,1.0,3.12
2022-04-03 12:00:00,143,14.6,1.5,25.0,0.0,1.0,3.13
2022-04-03 12:00:00,146,13.4,1.9,42.0,0.0,1.0,3.01
2022-04-03 12:00:00,156,14.6,1.8,27.0,0.0,1.0,3.27
2022-04-03 12:00:00,159,15.9,3.3,45.0,0.0,1.0,3.21
2022-04-03 12:00:00,184,13.1,3.3,51.0,0.0,1.0,3.28
2022-04-03 13:00:00,105,16.3,2.8,36.0,0.0,1.0,3.29
2022-04-03 13:00:00,108,15.4,2.9,33.0,0.0,1.0,3.31
2022-04-03 13:00:00,112,12.6,3.6,44.0,0.0,1.0,3.18
2022-04-03 13:00:00,119,14.0,2.0,35.0,0.0,1.0,3.17
2022-04-03 13:00:00,133,15.3,2.1,24.0,0.0,1.0,3.27
2022-04-03 13:00:00,143,15.2,1.5,25.0,0.0,1.0,3.26
2022-04-03 13:00:00,146,14.3,1.8,34.0,0.0,1.0,3.17
2022-04-03 13:00:00,156,15.1,1.1,19.0,0.0,1.0,3.41
2022-04-03 13:00:00,159,16.6,3.4,44.0,0.0,1.0,3.37
2022-04-03 13:00:00,184,14.2,2.8,49.0,0.0,1.0,3.42
2022-04-03 14:00:00,105,16.0,3.0,46.0,0.0,1.0,3.14
2022-04-03 14:00:00,108,16.0,3.8,28.0,0.0,1.0,3.18
2022-04-03 14:00:00,112,12.7,3.6,42.0,0.0,1.0,3.11
2022-04-03 14:00:00,119,15.5,2.5,32.0,0.0,1.0,2.98
2022-04-03 14:00:00,133,16.4,2.0,21.0,0.0,1.0,3.22
2022-04-03 14:00:00,143,17.3,1.9,22.0,0.0,1.0,3.11
2022-04-03 14:00:00,146,14.9,3.0,26.0,0.0,1.0,3.11
2022-04-03 14:00:00,156,16.9,1.3,21.0,0.0,1.0,3.31
2022-04-03 14:00:00,159,16.7,3.1,43.0,0.0,1.0,3.24
2022-04-03 14:00:00,184,14.2,3.7,49.0,0.0,1.0,3.33
2022-04-03 15:00:00,105,15.8,3.0,46.0,1.0,1.0,2.78
2022-04-03 15:00:00,108,16.3,3.8,25.0,0.0,1.0,2.87
2022-04-03 15:00:00,112,13.9,4.4,34.0,0.0,1.0,2.8
2022-04-03 15:00:00,119,15.0,4.2,34.0,0.0,1.0,2.64
2022-04-03 15:00:00,133,17.0,2.7,15.0,0.0,1.0,2.95
2022-04-03 15:00:00,143,17.6,2.3,19.0,1.0,1.0,2.79
2022-04-03 15:00:00,146,15.8,3.2,20.0,0.0,1.0,2.79
2022-04-03 15:00:00,156,17.5,1.5,23.0,0.0,1.0,2.91
2022-04-03 15:00:00,159,16.4,2.2,55.0,0.0,1.0,2.82
2022-04-03 15:00:00,184,14.5,3.4,48.0,0.0,1.0,3.02
2022-04-03 16:00:00,105,16.2,3.3,35.0,0.0,1.0,2.21
2022-04-03 16:00:00,108,16.8,3.1,29.0,0.0,1.0,2.3
2022-04-03 16:00:00,112,13.7,3.7,34.0,0.0,1.0,2.29
2022-04-03 16:00:00,119,14.8,3.6,34.0,0.0,1.0,2.06
2022-04-03 16:00:00,133,17.9,1.3,16.0,0.0,1.0,2.38
2022-04-03 16:00:00,143,18.3,2.7,19.0,1.0,1.0,2.28
2022-04-03 16:00:00,146,14.9,4.0,35.0,0.0,1.0,2.24
2022-04-03 16:00:00,156,17.0,1.6,25.0,0.0,1.0,2.37
2022-04-03 16:00:00,159,15.6,2.6,58.0,0.0,1.0,2.22
2022-04-03 16:00:00,184,14.5,3.1,51.0,0.0,1.0,2.42
2022-04-03 17:00:00,105,15.8,2.6,38.0,0.0,1.0,1.48
2022-04-03 17:00:00,108,16.0,3.6,33.0,0.0,1.0,1.6
2022-04-03 17:00:00,112,13.0,3.2,38.0,0.0,1.0,1.63
2022-04-03 17:00:00,119,13.9,3.6,34.0,0.0,1.0,1.46
2022-04-03 17:00:00,133,17.2,2.8,20.0,0.0,1.0,1.6
2022-04-03 17:00:00,143,18.7,1.7,17.0,1.0,1.0,1.54
2022-04-03 17:00:00,146,14.0,3.5,35.0,0.0,1.0,1.53
2022-04-03 17:00:00,156,15.6,2.7,31.0,0.0,1.0,1.63
2022-04-03 17:00:00,159,14.4,2.6,59.0,0.0,1.0,1.49
2022-04-03 17:00:00,184,14.2,2.6,54.0,0.0,1.0,1.66
2022-04-03 18:00:00,105,14.6,2.4,48.0,0.0,1.0,0.72
2022-04-03 18:00:00,108,14.5,3.5,33.0,0.0,1.0,0.82
2022-04-03 18:00:00,112,11.0,3.9,50.0,0.0,1.0,0.85
2022-04-03 18:00:00,119,12.0,4.0,37.0,0.0,1.0,0.76
2022-04-03 18:00:00,133,15.8,3.5,24.0,0.0,1.0,0.76
2022-04-03 18:00:00,143,17.7,1.2,20.0,1.0,1.0,0.76
2022-04-03 18:00:00,146,12.7,2.6,39.0,0.0,1.0,0.78
2022-04-03 18:00:00,156,14.4,1.8,30.0,0.0,1.0,0.87
2022-04-03 18:00:00,159,13.1,2.7,65.0,0.0,1.0,0.73
2022-04-03 18:00:00,184,13.3,2.7,55.0,0.0,1.0,0.81
2022-04-03 19:00:00,105,12.9,1.9,49.0,0.0,0.4,0.13
2022-04-03 19:00:00,108,11.7,3.6,45.0,2.0,0.5,0.19
2022-04-03 19:00:00,112,9.1,5.4,57.0,6.0,0.5,0.17
2022-04-03 19:00:00,119,10.6,2.9,45.0,2.0,0.5,0.13
2022-04-03 19:00:00,133,13.5,2.7,25.0,0.0,0.5,0.16
2022-04-03 19:00:00,143,14.5,3.9,54.0,0.0,0.5,0.14
2022-04-03 19:00:00,146,11.0,1.8,44.0,2.0,0.5,0.15
2022-04-03 19:00:00,156,12.1,1.3,35.0,0.0,0.4,0.2
2022-04-03 19:00:00,159,11.6,3.2,70.0,0.0,0.4,0.11
2022-04-03 19:00:00,184,11.6,2.2,60.0,0.0,0.6,0.12
2022-04-03 20:00:00,105,11.6,0.9,55.0,0.0,,
2022-04-03 20:00:00,108,10.0,3.3,56.0,0.0,,
2022-04-03 20:00:00,112,8.2,3.7,64.0,0.0,,
2022-04-03 20:00:00,119,9.7,2.8,55.0,0.0,,
2022-04-03 20:00:00,133,11.5,2.5,30.0,0.0,,
2022-04-03 20:00:00,143,13.2,3.7,62.0,0.0,,
2022-04-03 20:00:00,146,9.3,2.2,51.0,0.0,,
2022-04-03 20:00:00,156,10.8,0.8,40.0,0.0,,
2022-04-03 20:00:00,159,11.1,2.3,70.0,0.0,,
2022-04-03 20:00:00,184,10.8,2.3,66.0,0.0,,
2022-04-03 21:00:00,105,10.2,1.4,51.0,0.0,,
2022-04-03 21:00:00,108,9.1,2.8,61.0,0.0,,
2022-04-03 21:00:00,112,7.7,2.5,64.0,0.0,,
2022-04-03 21:00:00,119,7.9,1.8,65.0,0.0,,
2022-04-03 21:00:00,133,10.5,1.1,34.0,0.0,,
2022-04-03 21:00:00,143,11.9,2.9,66.0,0.0,,
2022-04-03 21:00:00,146,8.4,2.4,60.0,0.0,,
2022-04-03 21:00:00,156,9.9,1.0,44.0,0.0,,
2022-04-03 21:00:00,159,10.7,2.3,68.0,0.0,,
2022-04-03 21:00:00,184,10.3,1.7,69.0,0.0,,
2022-04-03 22:00:00,105,8.9,1.4,54.0,0.0,,
2022-04-03 22:00:00,108,8.4,1.9,65.0,6.0,,
2022-04-03 22:00:00,112,7.3,1.6,64.0,0.0,,
2022-04-03 22:00:00,119,6.6,1.7,76.0,0.0,,
2022-04-03 22:00:00,133,9.4,2.0,39.0,0.0,,
2022-04-03 22:00:00,143,10.5,2.0,72.0,0.0,,
2022-04-03 22:00:00,146,7.8,1.9,64.0,0.0,,
2022-04-03 22:00:00,156,9.3,0.7,46.0,0.0,,
2022-04-03 22:00:00,159,10.3,2.4,69.0,0.0,,
2022-04-03 22:00:00,184,9.4,2.1,71.0,0.0,,
2022-04-03 23:00:00,105,7.9,1.5,56.0,0.0,,
2022-04-03 23:00:00,108,7.8,1.0,64.0,1.0,,
2022-04-03 23:00:00,112,6.9,1.1,67.0,0.0,,
2022-04-03 23:00:00,119,6.0,1.2,77.0,0.0,,
2022-04-03 23:00:00,133,8.6,2.0,47.0,0.0,,
2022-04-03 23:00:00,143,9.9,1.5,75.0,0.0,,
2022-04-03 23:00:00,146,7.5,0.6,66.0,0.0,,
2022-04-03 23:00:00,156,8.6,0.3,49.0,0.0,,
2022-04-03 23:00:00,159,9.8,0.9,71.0,0.0,,
2022-04-03 23:00:00,184,8.7,2.6,72.0,0.0,,
2022-04-04 00:00:00,105,7.3,1.6,59.0,0.0,,
2022-04-04 00:00:00,108,7.3,1.3,67.0,0.0,,
2022-04-04 00:00:00,112,6.5,0.7,71.0,0.0,,
2022-04-04 00:00:00,119,5.7,1.3,76.0,0.0,,
2022-04-04 00:00:00,133,7.7,0.9,52.0,0.0,,
2022-04-04 00:00:00,143,9.2,1.5,77.0,0.0,,
2022-04-04 00:00:00,146,6.6,0.8,66.0,0.0,,
2022-04-04 00:00:00,156,7.5,1.2,50.0,0.0,,
2022-04-04 00:00:00,159,9.4,1.1,71.0,0.0,,
2022-04-04 00:00:00,184,8.2,2.1,72.0,0.0,,
2022-04-04 01:00:00,105,8.9,2.1,50.0,1.0,,
2022-04-04 01:00:00,108,7.0,1.2,71.0,7.0,,
2022-04-04 01:00:00,112,6.2,1.9,77.0,2.0,,
2022-04-04 01:00:00,119,5.7,0.5,75.0,0.0,,
2022-04-04 01:00:00,133,7.0,0.8,54.0,4.0,,
2022-04-04 01:00:00,143,8.5,0.5,81.0,0.0,,
2022-04-04 01:00:00,146,6.1,0.0,66.0,0.0,,
2022-04-04 01:00:00,156,7.8,0.5,51.0,0.0,,
2022-04-04 01:00:00,159,9.4,0.9,69.0,0.0,,
2022-04-04 01:00:00,184,7.9,2.5,72.0,0.0,,
2022-04-04 02:00:00,105,9.1,2.4,49.0,2.0,,
2022-04-04 02:00:00,108,6.4,2.1,73.0,6.0,,
2022-04-04 02:00:00,112,6.0,2.1,78.0,7.0,,
2022-04-04 02:00:00,119,4.3,0.2,80.0,0.0,,
2022-04-04 02:00:00,133,5.8,1.4,60.0,1.0,,
2022-04-04 02:00:00,143,7.1,1.1,86.0,0.0,,
2022-04-04 02:00:00,146,5.2,0.9,68.0,0.0,,
2022-04-04 02:00:00,156,6.5,0.7,60.0,0.0,,
2022-04-04 02:00:00,159,8.7,0.0,68.0,0.0,,
2022-04-04 02:00:00,184,7.7,1.9,72.0,0.0,,
2022-04-04 03:00:00,105,9.2,2.4,47.0,0.0,,
2022-04-04 03:00:00,108,6.0,1.9,75.0,0.0,,
2022-04-04 03:00:00,112,5.8,2.2,79.0,0.0,,
2022-04-04 03:00:00,119,3.8,0.9,86.0,0.0,,
2022-04-04 03:00:00,133,4.9,0.9,64.0,0.0,,
2022-04-04 03:00:00,143,6.3,0.9,90.0,0.0,,
2022-04-04 03:00:00,146,5.0,1.1,70.0,0.0,,
2022-04-04 03:00:00,156,5.8,0.7,68.0,2.0,,
2022-04-04 03:00:00,159,8.4,0.0,69.0,0.0,,
2022-04-04 03:00:00,184,7.5,2.2,70.0,0.0,,
2022-04-04 04:00:00,105,8.8,2.6,47.0,0.0,,
2022-04-04 04:00:00,108,5.7,2.6,76.0,0.0,,
2022-04-04 04:00:00,112,5.6,1.9,81.0,0.0,,
2022-04-04 04:00:00,119,3.3,0.7,92.0,0.0,,
2022-04-04 04:00:00,133,4.1,1.1,68.0,0.0,,
2022-04-04 04:00:00,143,5.7,1.1,93.0,0.0,,
2022-04-04 04:00:00,146,4.7,0.7,73.0,0.0,,
2022-04-04 04:00:00,156,5.2,0.6,69.0,0.0,,
2022-04-04 04:00:00,159,7.9,0.0,71.0,0.0,,
2022-04-04 04:00:00,184,7.4,2.2,70.0,0.0,,
2022-04-04 05:00:00,105,9.0,2.3,46.0,2.0,,
2022-04-04 05:00:00,108,5.5,1.5,77.0,0.0,,
2022-04-04 05:00:00,112,5.6,1.9,85.0,0.0,,
2022-04-04 05:00:00,119,2.2,0.3,94.0,0.0,,
2022-04-04 05:00:00,133,3.6,0.3,69.0,0.0,,
2022-04-04 05:00:00,143,5.2,1.0,96.0,0.0,,
2022-04-04 05:00:00,146,4.0,1.2,76.0,0.0,,
2022-04-04 05:00:00,156,5.0,0.0,73.0,0.0,,
2022-04-04 05:00:00,159,7.8,0.0,69.0,0.0,,
2022-04-04 05:00:00,184,7.3,2.4,66.0,0.0,,
2022-04-04 06:00:00,105,8.9,2.4,46.0,0.0,,
2022-04-04 06:00:00,108,5.4,0.7,81.0,0.0,,
2022-04-04 06:00:00,112,5.3,2.2,88.0,0.0,,
2022-04-04 06:00:00,119,3.1,0.6,94.0,0.0,,
2022-04-04 06:00:00,133,3.0,1.3,74.0,0.0,,
2022-04-04 06:00:00,143,5.0,1.2,96.0,0.0,,
2022-04-04 06:00:00,146,3.2,1.5,80.0,0.0,,
2022-04-04 06:00:00,156,4.8,0.0,77.0,0.0,,
2022-04-04 06:00:00,159,7.9,0.0,75.0,0.0,,
2022-04-04 06:00:00,184,7.0,2.0,66.0,0.0,,
2022-04-04 07:00:00,105,9.4,1.9,46.0,1.0,0.4,0.12
2022-04-04 07:00:00,108,5.2,0.6,82.0,0.0,0.1,0.08
2022-04-04 07:00:00,112,5.4,2.4,88.0,0.0,0.1,0.08
2022-04-04 07:00:00,119,4.1,1.0,88.0,0.0,0.1,0.07
2022-04-04 07:00:00,133,3.0,0.7,75.0,0.0,0.3,0.09
2022-04-04 07:00:00,143,5.0,1.5,97.0,0.0,0.3,0.17
2022-04-04 07:00:00,146,3.8,0.8,76.0,0.0,0.2,0.08
2022-04-04 07:00:00,156,4.7,0.0,83.0,0.0,0.2,0.14
2022-04-04 07:00:00,159,8.9,0.8,71.0,0.0,0.2,0.1
2022-04-04 07:00:00,184,7.2,1.9,63.0,0.0,0.2,0.02
2022-04-04 08:00:00,105,12.1,2.6,39.0,0.0,1.0,0.76
2022-04-04 08:00:00,108,7.0,1.3,77.0,0.0,1.0,0.56
2022-04-04 08:00:00,112,6.5,1.4,82.0,0.0,1.0,0.64
2022-04-04 08:00:00,119,6.5,1.1,78.0,0.0,1.0,0.61
2022-04-04 08:00:00,133,5.2,0.4,68.0,0.0,1.0,0.64
2022-04-04 08:00:00,143,7.7,0.7,81.0,0.0,1.0,0.76
2022-04-04 08:00:00,146,6.4,0.6,69.0,0.0,1.0,0.64
2022-04-04 08:00:00,156,6.3,0.4,73.0,0.0,1.0,0.74
2022-04-04 08:00:00,159,11.5,0.0,67.0,0.0,1.0,0.75
2022-04-04 08:00:00,184,9.1,1.3,64.0,0.0,0.9,0.42
2022-04-04 09:00:00,105,14.5,1.8,35.0,0.0,1.0,1.53
2022-04-04 09:00:00,108,9.6,0.8,65.0,0.0,1.0,1.38
2022-04-04 09:00:00,112,8.4,1.9,68.0,0.0,1.0,1.39
2022-04-04 09:00:00,119,8.7,1.5,67.0,0.0,1.0,1.36
2022-04-04 09:00:00,133,8.4,0.5,58.0,0.0,1.0,1.42
2022-04-04 09:00:00,143,10.1,0.8,71.0,0.0,1.0,1.47
2022-04-04 09:00:00,146,9.0,0.7,58.0,0.0,1.0,1.42
2022-04-04 09:00:00,156,8.8,0.9,62.0,0.0,1.0,1.53
2022-04-04 09:00:00,159,13.8,1.2,55.0,0.0,1.0,1.59
2022-04-04 09:00:00,184,13.1,1.9,63.0,0.0,1.0,1.37
2022-04-04 10:00:00,105,16.5,2.2,28.0,0.0,1.0,2.28
2022-04-04 10:00:00,108,11.9,2.0,52.0,0.0,1.0,2.1
2022-04-04 10:00:00,112,10.6,2.4,53.0,0.0,1.0,2.12
2022-04-04 10:00:00,119,11.0,1.1,52.0,0.0,1.0,2.09
2022-04-04 10:00:00,133,12.2,2.0,44.0,0.0,1.0,2.16
2022-04-04 10:00:00,143,13.6,1.0,56.0,0.0,1.0,2.19
2022-04-04 10:00:00,146,11.7,1.1,44.0,0.0,1.0,2.13
2022-04-04 10:00:00,156,12.0,0.9,52.0,0.0,1.0,2.3
2022-04-04 10:00:00,159,15.8,2.1,49.0,0.0,1.0,2.34
2022-04-04 10:00:00,184,14.6,2.0,59.0,0.0,1.0,2.22
2022-04-04 11:00:00,105,18.3,2.1,29.0,0.0,1.0,2.83
2022-04-04 11:00:00,108,13.8,2.2,38.0,0.0,1.0,2.75
2022-04-04 11:00:00,112,11.1,2.9,45.0,0.0,1.0,2.74
2022-04-04 11:00:00,119,13.7,1.6,32.0,0.0,1.0,2.68
2022-04-04 11:00:00,133,14.3,2.3,36.0,0.0,1.0,2.75
2022-04-04 11:00:00,143,15.2,1.5,40.0,0.0,1.0,2.75
2022-04-04 11:00:00,146,13.3,1.8,40.0,0.0,1.0,2.72
2022-04-04 11:00:00,156,14.6,1.6,37.0,0.0,1.0,2.91
2022-04-04 11:00:00,159,16.6,3.3,51.0,0.0,1.0,2.9
2022-04-04 11:00:00,184,15.2,3.1,56.0,0.0,1.0,2.88
2022-04-04 12:00:00,105,18.9,2.3,26.0,0.0,1.0,3.15
2022-04-04 12:00:00,108,15.2,3.0,32.0,0.0,1.0,3.2
2022-04-04 12:00:00,112,12.4,3.0,45.0,0.0,1.0,3.12
2022-04-04 12:00:00,119,14.5,3.1,28.0,0.0,1.0,3.12
2022-04-04 12:00:00,133,16.4,2.5,27.0,0.0,1.0,3.11
2022-04-04 12:00:00,143,17.9,2.4,26.0,0.0,1.0,3.16
2022-04-04 12:00:00,146,15.7,1.7,29.0,0.0,1.0,3.13
2022-04-04 12:00:00,156,16.5,1.0,27.0,0.0,1.0,3.32
2022-04-04 12:00:00,159,15.8,3.9,53.0,0.0,1.0,3.25
2022-04-04 12:00:00,184,16.0,2.8,51.0,0.0,1.0,3.28
2022-04-04 13:00:00,105,18.8,2.9,25.0,0.0,1.0,3.28
2022-04-04 13:00:00,108,16.3,3.5,26.0,0.0,1.0,3.3
2022-04-04 13:00:00,112,13.4,3.6,33.0,0.0,1.0,3.26
2022-04-04 13:00:00,119,14.9,3.5,24.0,0.0,1.0,3.2
2022-04-04 13:00:00,133,17.1,2.6,20.0,0.0,1.0,3.3
2022-04-04 13:00:00,143,18.7,2.2,24.0,0.0,1.0,3.29
2022-04-04 13:00:00,146,15.8,3.0,23.0,0.0,1.0,3.26
2022-04-04 13:00:00,156,16.9,1.9,16.0,0.0,1.0,3.54
2022-04-04 13:00:00,159,15.9,4.7,58.0,0.0,1.0,3.37
2022-04-04 13:00:00,184,16.2,3.4,52.0,0.0,1.0,3.4
2022-04-04 14:00:00,105,18.8,2.9,24.0,1.0,1.0,3.18
2022-04-04 14:00:00,108,16.2,4.0,30.0,0.0,1.0,3.29
2022-04-04 14:00:00,112,13.5,3.7,40.0,0.0,1.0,3.17
2022-04-04 14:00:00,119,15.3,4.2,29.0,0.0,1.0,3.15
2022-04-04 14:00:00,133,18.1,2.5,20.0,0.0,1.0,3.2
2022-04-04 14:00:00,143,19.2,3.1,20.0,0.0,1.0,3.21
2022-04-04 14:00:00,146,16.5,3.5,24.0,0.0,1.0,3.18
2022-04-04 14:00:00,156,18.4,1.8,21.0,0.0,1.0,3.37
2022-04-04 14:00:00,159,15.8,4.8,54.0,0.0,1.0,3.27
2022-04-04 14:00:00,184,15.6,2.9,57.0,0.0,1.0,3.29
2022-04-04 15:00:00,105,19.5,3.5,24.0,4.0,1.0,2.81
2022-04-04 15:00:00,108,16.2,3.6,28.0,0.0,1.0,2.93
2022-04-04 15:00:00,112,14.0,3.5,46.0,0.0,1.0,2.82
2022-04-04 15:00:00,119,14.7,4.6,24.0,0.0,1.0,2.84
2022-04-04 15:00:00,133,19.1,2.2,15.0,0.0,1.0,2.85
2022-04-04 15:00:00,143,20.1,2.5,18.0,0.0,1.0,2.82
2022-04-04 15:00:00,146,17.2,3.3,25.0,0.0,1.0,2.87
2022-04-04 15:00:00,156,18.5,1.4,21.0,0.0,1.0,2.98
2022-04-04 15:00:00,159,15.1,5.7,57.0,0.0,1.0,2.9
2022-04-04 15:00:00,184,15.7,2.8,54.0,0.0,1.0,2.9
2022-04-04 16:00:00,105,19.1,2.8,26.0,6.0,1.0,2.24
2022-04-04 16:00:00,108,15.7,3.9,31.0,0.0,1.0,2.39
2022-04-04 16:00:00,112,13.0,3.0,48.0,0.0,1.0,2.31
2022-04-04 16:00:00,119,14.6,4.0,29.0,0.0,1.0,2.35
2022-04-04 16:00:00,133,19.1,3.2,16.0,0.0,1.0,2.31
2022-04-04 16:00:00,143,20.2,2.6,22.0,0.0,1.0,2.16
2022-04-04 16:00:00,146,16.5,3.5,28.0,0.0,1.0,2.27
2022-04-04 16:00:00,156,19.5,1.3,22.0,0.0,1.0,2.43
2022-04-04 16:00:00,159,14.9,3.9,65.0,0.0,1.0,2.34
2022-04-04 16:00:00,184,16.2,3.0,51.0,0.0,1.0,2.34
2022-04-04 17:00:00,105,19.1,1.4,28.0,6.0,1.0,1.5
2022-04-04 17:00:00,108,15.0,3.7,30.0,0.0,1.0,1.69
2022-04-04 17:00:00,112,12.0,3.6,43.0,0.0,1.0,1.67
2022-04-04 17:00:00,119,13.8,4.1,27.0,0.0,1.0,1.6
2022-04-04 17:00:00,133,19.4,2.1,17.0,0.0,1.0,1.59
2022-04-04 17:00:00,143,19.9,1.0,23.0,0.0,1.0,1.42
2022-04-04 17:00:00,146,15.6,3.0,22.0,0.0,1.0,1.58
2022-04-04 17:00:00,156,17.6,2.2,26.0,0.0,1.0,1.68
2022-04-04 17:00:00,159,14.8,3.5,67.0,0.0,1.0,1.61
2022-04-04 17:00:00,184,16.0,3.0,47.0,0.0,1.0,1.62
2022-04-04 18:00:00,105,17.8,1.0,31.0,0.0,1.0,0.74
2022-04-04 18:00:00,108,13.5,3.3,35.0,0.0,1.0,0.88
2022-04-04 18:00:00,112,10.8,2.8,48.0,0.0,1.0,0.89
2022-04-04 18:00:00,119,13.2,3.3,22.0,0.0,1.0,0.84
2022-04-04 18:00:00,133,16.6,4.0,26.0,0.0,1.0,0.78
2022-04-04 18:00:00,143,19.1,0.8,24.0,0.0,1.0,0.7
2022-04-04 18:00:00,146,14.0,3.1,28.0,0.0,1.0,0.89
2022-04-04 18:00:00,156,15.9,1.9,26.0,0.0,1.0,0.9
2022-04-04 18:00:00,159,13.8,2.9,71.0,0.0,1.0,0.78
2022-04-04 18:00:00,184,15.3,2.1,52.0,4.0,1.0,0.79
2022-04-04 19:00:00,105,15.8,1.1,36.0,0.0,0.4,0.12
2022-04-04 19:00:00,108,11.5,3.6,33.0,0.0,0.5,0.2
2022-04-04 19:00:00,112,9.1,2.5,49.0,0.0,0.5,0.19
2022-04-04 19:00:00,119,11.1,2.4,32.0,0.0,0.5,0.16
2022-04-04 19:00:00,133,14.0,2.8,30.0,0.0,0.5,0.15
2022-04-04 19:00:00,143,18.5,1.2,25.0,0.0,0.3,0.12
2022-04-04 19:00:00,146,11.6,1.9,33.0,6.0,0.6,0.17
2022-04-04 19:00:00,156,13.3,1.2,29.0,0.0,0.4,0.22
2022-04-04 19:00:00,159,12.6,3.1,73.0,0.0,0.5,0.13
2022-04-04 19:00:00,184,12.9,2.3,65.0,1.0,0.6,0.13
2022-04-04 20:00:00,105,16.1,2.3,29.0,,,
2022-04-04 20:00:00,108,10.2,2.3,39.0,0.0,,
2022-04-04 20:00:00,112,8.2,2.6,50.0,0.0,,
2022-04-04 20:00:00,119,8.9,1.0,42.0,0.0,,
2022-04-04 20:00:00,133,12.0,2.8,31.0,,,
2022-04-04 20:00:00,143,16.3,1.3,26.0,0.0,,
2022-04-04 20:00:00,146,10.3,1.5,40.0,,,
2022-04-04 20:00:00,156,11.3,1.6,32.0,0.0,,
2022-04-04 20:00:00,159,12.1,2.3,65.0,,,
2022-04-04 20:00:00,184,11.8,2.1,72.0,,,
2022-04-04 21:00:00,105,15.4,2.9,27.0,0.0,,
2022-04-04 21:00:00,108,9.4,2.0,37.0,0.0,,
2022-04-04 21:00:00,112,7.6,2.2,58.0,0.0,,
2022-04-04 21:00:00,119,7.7,0.6,57.0,0.0,,
2022-04-04 21:00:00,133,10.4,2.5,31.0,0.0,,
2022-04-04 21:00:00,143,16.5,2.8,25.0,0.0,,
2022-04-04 21:00:00,146,9.5,1.7,46.0,0.0,,
2022-04-04 21:00:00,156,10.3,1.4,34.0,0.0,,
2022-04-04 21:00:00,159,12.4,2.5,57.0,0.0,,
2022-04-04 21:00:00,184,11.2,1.3,68.0,3.0,,
2022-04-04 22:00:00,105,14.5,3.9,28.0,0.0,,
2022-04-04 22:00:00,108,8.3,1.4,39.0,0.0,,
2022-04-04 22:00:00,112,7.2,1.3,60.0,2.0,,
2022-04-04 22:00:00,119,7.5,0.9,60.0,0.0,,
2022-04-04 22:00:00,133,9.1,0.1,34.0,0.0,,
2022-04-04 22:00:00,143,13.0,1.2,45.0,0.0,,
2022-04-04 22:00:00,146,8.4,1.4,51.0,0.0,,
2022-04-04 22:00:00,156,9.8,0.9,37.0,6.0,,
2022-04-04 22:00:00,159,11.6,1.8,56.0,0.0,,
2022-04-04 22:00:00,184,10.4,1.6,53.0,2.0,,
2022-04-04 23:00:00,105,13.8,3.1,28.0,0.0,,
2022-04-04 23:00:00,108,7.3,1.4,45.0,0.0,,
2022-04-04 23:00:00,112,6.8,1.5,65.0,0.0,,
2022-04-04 23:00:00,119,6.0,0.8,69.0,0.0,,
2022-04-04 23:00:00,133,8.5,1.1,38.0,1.0,,
2022-04-04 23:00:00,143,12.1,1.0,41.0,0.0,,
2022-04-04 23:00:00,146,8.4,0.6,48.0,0.0,,
2022-04-04 23:00:00,156,8.8,0.8,40.0,0.0,,
2022-04-04 23:00:00,159,11.0,1.7,70.0,0.0,,
2022-04-04 23:00:00,184,9.9,2.0,53.0,0.0,,
2022-04-05 00:00:00,105,13.5,4.9,26.0,0.0,,
2022-04-05 00:00:00,108,7.1,1.7,49.0,0.0,,
2022-04-05 00:00:00,112,6.3,1.6,71.0,0.0,,
2022-04-05 00:00:00,119,5.3,1.0,71.0,0.0,,
2022-04-05 00:00:00,133,7.4,0.3,39.0,0.0,,
2022-04-05 00:00:00,143,10.6,0.7,47.0,0.0,,
2022-04-05 00:00:00,146,6.7,0.6,55.0,0.0,,
2022-04-05 00:00:00,156,8.2,0.3,44.0,2.0,,
2022-04-05 00:00:00,159,11.0,1.3,56.0,0.0,,
2022-04-05 00:00:00,184,9.4,1.8,52.0,0.0,,
2022-04-05 01:00:00,105,13.3,5.1,24.0,0.0,,
2022-04-05 01:00:00,108,6.5,1.2,49.0,0.0,,
2022-04-05 01:00:00,112,6.0,0.9,60.0,3.0,,
2022-04-05 01:00:00,119,4.4,0.2,79.0,0.0,,
2022-04-05 01:00:00,133,6.4,0.8,45.0,0.0,,
2022-04-05 01:00:00,143,9.3,0.2,46.0,0.0,,
2022-04-05 01:00:00,146,5.7,1.5,59.0,0.0,,
2022-04-05 01:00:00,156,7.4,0.5,48.0,2.0,,
2022-04-05 01:00:00,159,10.6,0.0,55.0,0.0,,
2022-04-05 01:00:00,184,9.2,1.8,50.0,6.0,,
2022-04-05 02:00:00,105,13.0,4.7,23.0,0.0,,
2022-04-05 02:00:00,108,6.2,0.2,49.0,0.0,,
2022-04-05 02:00:00,112,5.7,1.3,58.0,0.0,,
2022-04-05 02:00:00,119,3.6,0.7,83.0,0.0,,
2022-04-05 02:00:00,133,5.4,1.4,49.0,1.0,,
2022-04-05 02:00:00,143,8.3,0.3,61.0,0.0,,
2022-04-05 02:00:00,146,4.9,1.5,59.0,7.0,,
2022-04-05 02:00:00,156,6.8,0.2,55.0,6.0,,
2022-04-05 02:00:00,159,10.3,0.0,52.0,6.0,,
2022-04-05 02:00:00,184,9.1,2.3,48.0,5.0,,
2022-04-05 03:00:00,105,13.0,3.8,19.0,0.0,,
2022-04-05 03:00:00,108,5.6,1.3,52.0,0.0,,
2022-04-05 03:00:00,112,5.7,2.3,67.0,0.0,,
2022-04-05 03:00:00,119,3.1,0.0,82.0,0.0,,
2022-04-05 03:00:00,133,4.8,0.8,52.0,0.0,,
2022-04-05 03:00:00,143,7.4,0.4,64.0,4.0,,
2022-04-05 03:00:00,146,4.5,1.4,61.0,0.0,,
2022-04-05 03:00:00,156,5.1,1.7,65.0,4.0,,
2022-04-05 03:00:00,159,10.5,2.1,53.0,3.0,,
2022-04-05 03:00:00,184,8.9,3.0,44.0,3.0,,
2022-04-05 04:00:00,105,12.8,4.7,19.0,0.0,,
2022-04-05 04:00:00,108,5.6,1.2,56.0,0.0,,
2022-04-05 04:00:00,112,5.4,2.0,71.0,0.0,,
2022-04-05 04:00:00,119,2.6,0.7,78.0,6.0,,
2022-04-05 04:00:00,133,4.1,1.1,60.0,0.0,,
2022-04-05 04:00:00,143,6.9,0.2,66.0,5.0,,
2022-04-05 04:00:00,146,3.6,0.7,63.0,0.0,,
2022-04-05 04:00:00,156,4.7,0.6,66.0,0.0,,
2022-04-05 04:00:00,159,9.9,3.0,58.0,2.0,,
2022-04-05 04:00:00,184,8.9,2.4,45.0,3.0,,
2022-04-05 05:00:00,105,12.6,3.6,19.0,0.0,,
2022-04-05 05:00:00,108,5.4,1.2,60.0,6.0,,
2022-04-05 05:00:00,112,5.0,1.7,70.0,6.0,,
2022-04-05 05:00:00,119,1.6,0.8,85.0,5.0,,
2022-04-05 05:00:00,133,3.3,0.6,61.0,0.0,,
2022-04-05 05:00:00,143,5.9,0.7,72.0,3.0,,
2022-04-05 05:00:00,146,3.4,0.8,67.0,0.0,,
2022-04-05 05:00:00,156,4.7,0.0,68.0,6.0,,
2022-04-05 05:00:00,159,9.5,3.2,59.0,0.0,,
2022-04-05 05:00:00,184,8.6,2.5,48.0,3.0,,
2022-04-05 06:00:00,105,11.3,1.4,21.0,0.0,,
2022-04-05 06:00:00,108,5.0,0.5,60.0,6.0,,
2022-04-05 06:00:00,112,5.3,2.7,72.0,6.0,,
2022-04-05 06:00:00,119,2.4,0.1,83.0,5.0,,
2022-04-05 06:00:00,133,2.8,0.7,65.0,0.0,,
2022-04-05 06:00:00,143,6.4,0.9,62.0,1.0,,
2022-04-05 06:00:00,146,3.0,1.6,66.0,2.0,,
2022-04-05 06:00:00,156,4.2,0.1,72.0,5.0,,
2022-04-05 06:00:00,159,9.3,3.0,60.0,0.0,,
2022-04-05 06:00:00,184,7.9,2.6,48.0,2.0,,
2022-04-05 07:00:00,105,11.9,2.2,24.0,6.0,0.5,0.2
2022-04-05 07:00:00,108,5.3,1.3,62.0,7.0,0.0,0.08
2022-04-05 07:00:00,112,5.4,1.7,64.0,5.0,0.0,0.07
2022-04-05 07:00:00,119,3.3,0.1,78.0,7.0,0.0,0.07
2022-04-05 07:00:00,133,2.9,0.3,68.0,7.0,0.0,0.11
2022-04-05 07:00:00,143,7.4,0.4,61.0,4.0,0.4,0.22
2022-04-05 07:00:00,146,3.6,1.0,64.0,4.0,0.0,0.09
2022-04-05 07:00:00,156,3.6,0.7,75.0,1.0,0.2,0.16
2022-04-05 07:00:00,159,10.0,2.0,60.0,0.0,0.2,0.11
2022-04-05 07:00:00,184,8.9,2.3,43.0,7.0,0.4,0.05
2022-04-05 08:00:00,105,13.7,3.1,21.0,6.0,1.0,0.78
2022-04-05 08:00:00,108,6.4,2.5,60.0,8.0,0.4,0.44
2022-04-05 08:00:00,112,6.9,2.4,60.0,8.0,0.5,0.55
2022-04-05 08:00:00,119,6.8,0.2,69.0,5.0,0.8,0.58
2022-04-05 08:00:00,133,4.4,0.5,64.0,9.0,0.0,0.49
2022-04-05 08:00:00,143,8.4,1.5,59.0,3.0,1.0,0.72
2022-04-05 08:00:00,146,6.1,0.8,54.0,1.0,0.6,0.58
2022-04-05 08:00:00,156,5.7,0.5,69.0,0.0,1.0,0.78
2022-04-05 08:00:00,159,12.4,3.4,51.0,0.0,1.0,0.75
2022-04-05 08:00:00,184,10.9,1.0,38.0,7.0,0.9,0.46
2022-04-05 09:00:00,105,15.4,3.0,21.0,7.0,1.0,1.43
2022-04-05 09:00:00,108,8.8,2.4,53.0,8.0,1.0,1.23
2022-04-05 09:00:00,112,9.0,2.2,50.0,8.0,1.0,1.24
2022-04-05 09:00:00,119,9.3,1.5,51.0,6.0,1.0,1.26
2022-04-05 09:00:00,133,6.9,0.6,60.0,9.0,0.0,0.95
2022-04-05 09:00:00,143,11.7,1.5,46.0,6.0,1.0,1.34
2022-04-05 09:00:00,146,8.7,0.5,42.0,4.0,1.0,1.27
2022-04-05 09:00:00,156,8.4,0.5,57.0,0.0,1.0,1.59
2022-04-05 09:00:00,159,13.7,4.2,46.0,0.0,1.0,1.67
2022-04-05 09:00:00,184,14.5,3.0,50.0,6.0,1.0,1.33
2022-04-05 10:00:00,105,16.9,3.9,20.0,7.0,1.0,1.99
2022-04-05 10:00:00,108,11.1,1.7,39.0,7.0,1.0,1.82
2022-04-05 10:00:00,112,10.8,3.0,36.0,8.0,1.0,1.79
2022-04-05 10:00:00,119,11.4,1.4,39.0,6.0,1.0,1.91
2022-04-05 10:00:00,133,9.5,1.4,47.0,10.0,0.2,1.44
2022-04-05 10:00:00,143,13.4,2.2,39.0,7.0,1.0,1.79
2022-04-05 10:00:00,146,11.3,0.9,31.0,3.0,1.0,2.02
2022-04-05 10:00:00,156,11.2,1.0,48.0,4.0,1.0,2.21
2022-04-05 10:00:00,159,14.4,5.4,40.0,0.0,1.0,2.48
2022-04-05 10:00:00,184,16.0,3.4,47.0,7.0,1.0,2.13
2022-04-05 11:00:00,105,18.8,5.1,17.0,6.0,1.0,2.61
2022-04-05 11:00:00,108,13.1,2.2,33.0,7.0,1.0,2.48
2022-04-05 11:00:00,112,11.0,4.8,34.0,8.0,1.0,2.42
2022-04-05 11:00:00,119,12.8,1.8,32.0,7.0,1.0,2.42
2022-04-05 11:00:00,133,12.5,1.9,35.0,8.0,1.0,2.23
2022-04-05 11:00:00,143,15.9,2.2,30.0,8.0,1.0,2.33
2022-04-05 11:00:00,146,15.0,0.6,25.0,8.0,1.0,2.54
2022-04-05 11:00:00,156,14.2,1.3,29.0,7.0,1.0,2.55
2022-04-05 11:00:00,159,16.4,4.5,26.0,0.0,1.0,3.05
2022-04-05 11:00:00,184,17.1,3.6,51.0,6.0,1.0,2.83
2022-04-05 12:00:00,105,20.7,4.7,16.0,6.0,1.0,3.03
2022-04-05 12:00:00,108,14.1,4.1,31.0,7.0,1.0,2.82
2022-04-05 12:00:00,112,12.0,3.0,36.0,8.0,1.0,2.71
2022-04-05 12:00:00,119,14.3,2.2,29.0,6.0,1.0,2.76
2022-04-05 12:00:00,133,15.1,1.7,30.0,9.0,1.0,2.52
2022-04-05 12:00:00,143,17.3,3.0,24.0,9.0,1.0,2.69
2022-04-05 12:00:00,146,15.9,1.8,22.0,10.0,1.0,2.58
2022-04-05 12:00:00,156,15.1,1.6,20.0,8.0,1.0,2.56
2022-04-05 12:00:00,159,15.7,6.7,56.0,5.0,1.0,3.38
2022-04-05 12:00:00,184,16.5,4.0,47.0,9.0,0.8,2.48
2022-04-05 13:00:00,105,21.5,5.5,15.0,6.0,1.0,3.05
2022-04-05 13:00:00,108,15.2,3.9,29.0,7.0,1.0,2.86
2022-04-05 13:00:00,112,12.4,2.7,34.0,8.0,1.0,2.81
2022-04-05 13:00:00,119,15.1,2.9,26.0,6.0,1.0,2.98
2022-04-05 13:00:00,133,16.1,1.7,22.0,9.0,1.0,2.48
2022-04-05 13:00:00,143,20.1,3.0,19.0,9.0,1.0,3.06
2022-04-05 13:00:00,146,16.6,2.3,23.0,10.0,1.0,2.71
2022-04-05 13:00:00,156,15.6,1.7,27.0,8.0,0.1,2.17
2022-04-05 13:00:00,159,15.4,5.3,53.0,7.0,1.0,2.95
2022-04-05 13:00:00,184,16.5,4.7,46.0,8.0,0.2,1.78
2022-04-05 14:00:00,105,22.0,5.0,16.0,6.0,1.0,2.85
2022-04-05 14:00:00,108,15.5,3.3,27.0,6.0,1.0,2.86
2022-04-05 14:00:00,112,12.9,2.9,38.0,8.0,1.0,2.86
2022-04-05 14:00:00,119,15.6,3.8,28.0,6.0,1.0,2.74
2022-04-05 14:00:00,133,17.3,3.8,19.0,8.0,1.0,2.27
2022-04-05 14:00:00,143,21.1,3.6,17.0,7.0,1.0,2.9
2022-04-05 14:00:00,146,17.0,2.8,21.0,8.0,1.0,2.75
2022-04-05 14:00:00,156,17.4,1.6,22.0,8.0,1.0,2.43
2022-04-05 14:00:00,159,17.1,4.7,37.0,8.0,0.6,2.19
2022-04-05 14:00:00,184,17.1,4.9,48.0,8.0,0.9,2.47
2022-04-05 15:00:00,105,21.8,4.5,16.0,7.0,1.0,2.46
2022-04-05 15:00:00,108,15.2,4.4,27.0,6.0,1.0,2.64
2022-04-05 15:00:00,112,12.7,4.7,29.0,8.0,1.0,2.66
2022-04-05 15:00:00,119,16.0,4.0,28.0,5.0,1.0,2.45
2022-04-05 15:00:00,133,17.3,3.6,19.0,8.0,1.0,2.61
2022-04-05 15:00:00,143,21.3,1.9,18.0,8.0,1.0,2.56
2022-04-05 15:00:00,146,16.8,2.4,26.0,8.0,1.0,2.2
2022-04-05 15:00:00,156,18.1,1.6,17.0,8.0,1.0,2.15
2022-04-05 15:00:00,159,16.9,5.2,42.0,9.0,0.5,1.96
2022-04-05 15:00:00,184,17.0,4.1,50.0,8.0,0.9,2.56
2022-04-05 16:00:00,105,21.0,5.4,19.0,6.0,1.0,1.9
2022-04-05 16:00:00,108,15.2,3.6,28.0,8.0,1.0,1.89
2022-04-05 16:00:00,112,11.6,5.1,29.0,8.0,1.0,1.94
2022-04-05 16:00:00,119,14.7,4.6,30.0,6.0,1.0,1.93
2022-04-05 16:00:00,133,16.8,3.6,24.0,8.0,1.0,1.84
2022-04-05 16:00:00,143,20.7,3.0,20.0,7.0,1.0,1.76
2022-04-05 16:00:00,146,16.4,3.0,25.0,7.0,0.9,1.69
2022-04-05 16:00:00,156,18.7,2.3,14.0,7.0,1.0,2.05
2022-04-05 16:00:00,159,16.1,4.6,36.0,9.0,0.1,1.35
2022-04-05 16:00:00,184,15.0,3.8,56.0,9.0,0.0,0.72
2022-04-05 17:00:00,105,20.1,4.0,20.0,,0.9,1.18
2022-04-05 17:00:00,108,14.6,3.4,26.0,8.0,1.0,1.32
2022-04-05 17:00:00,112,10.5,3.8,36.0,8.0,1.0,1.33
2022-04-05 17:00:00,119,14.1,4.5,24.0,7.0,1.0,1.17
2022-04-05 17:00:00,133,16.7,2.7,24.0,10.0,0.6,1.11
2022-04-05 17:00:00,143,20.5,2.7,18.0,7.0,1.0,1.11
2022-04-05 17:00:00,146,15.2,2.9,24.0,8.0,0.8,1.16
2022-04-05 17:00:00,156,16.9,3.3,19.0,8.0,0.3,1.03
2022-04-05 17:00:00,159,15.8,6.3,35.0,8.0,0.2,1.01
2022-04-05 17:00:00,184,15.1,5.1,54.0,8.0,0.0,0.72
2022-04-05 18:00:00,105,18.9,3.8,21.0,8.0,0.1,0.54
2022-04-05 18:00:00,108,13.3,2.7,26.0,8.0,0.5,0.6
2022-04-05 18:00:00,112,10.0,2.9,35.0,8.0,0.4,0.65
2022-04-05 18:00:00,119,13.5,2.5,24.0,8.0,0.1,0.56
2022-04-05 18:00:00,133,15.4,1.9,19.0,9.0,0.0,0.5
2022-04-05 18:00:00,143,19.8,2.5,18.0,7.0,0.0,0.48
2022-04-05 18:00:00,146,13.8,3.1,25.0,8.0,0.5,0.65
2022-04-05 18:00:00,156,15.2,2.7,27.0,7.0,0.0,0.58
2022-04-05 18:00:00,159,15.2,5.7,35.0,9.0,0.0,0.41
2022-04-05 18:00:00,184,14.8,4.4,54.0,8.0,0.0,0.42
2022-04-05 19:00:00,105,17.8,5.1,24.0,8.0,0.0,0.1
2022-04-05 19:00:00,108,11.7,3.0,27.0,6.0,0.0,0.17
2022-04-05 19:00:00,112,9.1,3.3,37.0,7.0,0.0,0.15
2022-04-05 19:00:00,119,12.5,2.4,31.0,7.0,0.0,0.12
2022-04-05 19:00:00,133,13.9,2.6,22.0,8.0,0.0,0.1
2022-04-05 19:00:00,143,18.3,1.7,20.0,6.0,0.0,0.13
2022-04-05 19:00:00,146,12.3,1.6,27.0,7.0,0.0,0.11
2022-04-05 19:00:00,156,13.4,2.5,27.0,8.0,0.0,0.19
2022-04-05 19:00:00,159,14.4,6.1,39.0,5.0,0.0,0.08
2022-04-05 19:00:00,184,14.1,3.6,53.0,8.0,0.0,0.04
2022-04-05 20:00:00,105,17.0,4.2,25.0,7.0,,
2022-04-05 20:00:00,108,11.4,2.3,29.0,9.0,,
2022-04-05 20:00:00,112,8.7,2.7,47.0,7.0,,
2022-04-05 20:00:00,119,11.3,1.5,32.0,7.0,,
2022-04-05 20:00:00,133,12.5,1.7,25.0,8.0,,
2022-04-05 20:00:00,143,17.3,2.5,21.0,9.0,,
2022-04-05 20:00:00,146,11.5,1.2,27.0,9.0,,
2022-04-05 20:00:00,156,12.4,1.9,28.0,10.0,,
2022-04-05 20:00:00,159,13.9,5.6,39.0,8.0,,
2022-04-05 20:00:00,184,13.5,3.6,61.0,8.0,,
2022-04-05 21:00:00,105,16.2,4.6,25.0,8.0,,
2022-04-05 21:00:00,108,10.7,2.5,32.0,7.0,,
2022-04-05 21:00:00,112,8.3,1.4,51.0,8.0,,
2022-04-05 21:00:00,119,9.5,0.7,40.0,9.0,,
2022-04-05 21:00:00,133,11.3,2.5,28.0,6.0,,
2022-04-05 21:00:00,143,16.5,2.5,24.0,9.0,,
2022-04-05 21:00:00,146,11.1,0.6,24.0,9.0,,
2022-04-05 21:00:00,156,11.6,1.5,22.0,6.0,,
2022-04-05 21:00:00,159,13.6,5.5,40.0,8.0,,
2022-04-05 21:00:00,184,13.1,1.1,57.0,8.0,,
2022-04-05 22:00:00,105,15.7,5.5,24.0,8.0,,
2022-04-05 22:00:00,108,9.8,1.7,38.0,6.0,,
2022-04-05 22:00:00,112,8.1,2.1,55.0,5.0,,
2022-04-05 22:00:00,119,9.3,1.4,42.0,5.0,,
2022-04-05 22:00:00,133,10.2,2.7,30.0,7.0,,
2022-04-05 22:00:00,143,16.1,2.5,25.0,8.0,,
2022-04-05 22:00:00,146,9.8,1.6,37.0,7.0,,
2022-04-05 22:00:00,156,11.0,1.3,25.0,9.0,,
2022-04-05 22:00:00,159,13.5,5.9,43.0,10.0,,
2022-04-05 22:00:00,184,12.5,1.7,64.0,6.0,,
2022-04-05 23:00:00,105,15.2,4.0,23.0,7.0,,
2022-04-05 23:00:00,108,9.5,2.5,44.0,6.0,,
2022-04-05 23:00:00,112,8.1,3.0,59.0,7.0,,
2022-04-05 23:00:00,119,8.9,1.0,46.0,6.0,,
2022-04-05 23:00:00,133,9.6,2.5,31.0,6.0,,
2022-04-05 23:00:00,143,15.2,1.4,26.0,9.0,,
2022-04-05 23:00:00,146,9.0,1.1,40.0,6.0,,
2022-04-05 23:00:00,156,10.6,1.0,32.0,9.0,,
2022-04-05 23:00:00,159,13.0,4.0,48.0,8.0,,
2022-04-05 23:00:00,184,12.3,1.9,64.0,6.0,,
2022-04-06 00:00:00,105,14.6,3.2,24.0,7.0,,
2022-04-06 00:00:00,108,9.4,2.3,48.0,7.0,,
2022-04-06 00:00:00,112,8.2,3.1,64.0,8.0,,
2022-04-06 00:00:00,119,8.1,0.9,51.0,6.0,,
2022-04-06 00:00:00,133,8.8,1.0,36.0,8.0,,
2022-04-06 00:00:00,143,14.5,1.8,26.0,8.0,,
2022-04-06 00:00:00,146,8.7,1.2,40.0,7.0,,
2022-04-06 00:00:00,156,10.2,1.0,39.0,7.0,,
2022-04-06 00:00:00,159,12.7,4.1,51.0,9.0,,
2022-04-06 00:00:00,184,11.3,0.9,68.0,0.0,,
2022-04-06 01:00:00,105,14.1,3.6,31.0,4.0,,
2022-04-06 01:00:00,108,9.1,2.8,55.0,8.0,,
2022-04-06 01:00:00,112,8.0,1.9,69.0,9.0,,
2022-04-06 01:00:00,119,7.5,1.0,57.0,3.0,,
2022-04-06 01:00:00,133,7.8,1.9,40.0,1.0,,
2022-04-06 01:00:00,143,13.9,2.5,28.0,8.0,,
2022-04-06 01:00:00,146,8.6,0.6,43.0,6.0,,
2022-04-06 01:00:00,156,9.8,0.4,39.0,9.0,,
2022-04-06 01:00:00,159,12.6,6.0,50.0,6.0,,
2022-04-06 01:00:00,184,10.6,2.0,71.0,0.0,,
2022-04-06 02:00:00,105,14.0,3.1,36.0,1.0,,
2022-04-06 02:00:00,108,8.9,2.2,64.0,9.0,,
2022-04-06 02:00:00,112,8.1,1.6,72.0,10.0,,
2022-04-06 02:00:00,119,7.2,0.4,58.0,5.0,,
2022-04-06 02:00:00,133,7.5,1.7,50.0,0.0,,
2022-04-06 02:00:00,143,13.3,2.8,29.0,8.0,,
2022-04-06 02:00:00,146,6.9,1.4,47.0,0.0,,
2022-04-06 02:00:00,156,8.8,0.1,41.0,0.0,,
2022-04-06 02:00:00,159,12.1,2.4,52.0,6.0,,
2022-04-06 02:00:00,184,10.2,1.6,67.0,0.0,,
2022-04-06 03:00:00,105,13.3,1.8,39.0,5.0,,
2022-04-06 03:00:00,108,8.9,2.0,69.0,9.0,,
2022-04-06 03:00:00,112,8.2,0.9,74.0,9.0,,
2022-04-06 03:00:00,119,7.9,0.1,59.0,9.0,,
2022-04-06 03:00:00,133,6.6,0.6,54.0,2.0,,
2022-04-06 03:00:00,143,12.6,2.2,31.0,4.0,,
2022-04-06 03:00:00,146,6.3,1.0,51.0,3.0,,
2022-04-06 03:00:00,156,8.1,0.1,49.0,0.0,,
2022-04-06 03:00:00,159,12.3,0.7,43.0,7.0,,
2022-04-06 03:00:00,184,10.1,1.9,58.0,0.0,,
2022-04-06 04:00:00,105,12.9,1.6,39.0,8.0,,
2022-04-06 04:00:00,108,8.8,1.5,70.0,8.0,,
2022-04-06 04:00:00,112,8.2,1.7,77.0,9.0,,
2022-04-06 04:00:00,119,7.9,0.4,60.0,7.0,,
2022-04-06 04:00:00,133,5.9,1.1,55.0,0.0,,
2022-04-06 04:00:00,143,12.0,1.7,34.0,0.0,,
2022-04-06 04:00:00,146,6.1,1.1,49.0,6.0,,
2022-04-06 04:00:00,156,7.5,0.7,51.0,0.0,,
2022-04-06 04:00:00,159,12.1,3.0,44.0,7.0,,
2022-04-06 04:00:00,184,10.1,1.0,64.0,0.0,,
2022-04-06 05:00:00,105,12.7,2.4,40.0,6.0,,
2022-04-06 05:00:00,108,8.6,2.1,77.0,9.0,,
2022-04-06 05:00:00,112,8.0,2.2,81.0,9.0,,
2022-04-06 05:00:00,119,7.5,0.6,67.0,9.0,,
2022-04-06 05:00:00,133,5.5,1.2,56.0,0.0,,
2022-04-06 05:00:00,143,12.2,3.2,30.0,0.0,,
2022-04-06 05:00:00,146,5.4,1.4,54.0,0.0,,
2022-04-06 05:00:00,156,6.3,0.0,61.0,0.0,,
2022-04-06 05:00:00,159,12.3,4.3,34.0,4.0,,
2022-04-06 05:00:00,184,9.9,2.0,76.0,0.0,,
2022-04-06 06:00:00,105,12.3,2.6,40.0,6.0,,
2022-04-06 06:00:00,108,8.0,1.8,79.0,9.0,,
2022-04-06 06:00:00,112,7.7,2.0,82.0,9.0,,
2022-04-06 06:00:00,119,8.0,0.4,69.0,9.0,,
2022-04-06 06:00:00,133,5.2,1.4,59.0,0.0,,
2022-04-06 06:00:00,143,11.7,1.5,29.0,0.0,,
2022-04-06 06:00:00,146,4.8,1.0,57.0,3.0,,
2022-04-06 06:00:00,156,6.4,0.1,59.0,0.0,,
2022-04-06 06:00:00,159,11.4,2.1,37.0,1.0,,
2022-04-06 06:00:00,184,10.0,2.8,73.0,0.0,,
2022-04-06 07:00:00,105,12.6,2.5,41.0,5.0,0.3,0.18
2022-04-06 07:00:00,108,8.2,2.2,81.0,9.0,0.0,0.07
2022-04-06 07:00:00,112,7.9,1.7,82.0,9.0,0.0,0.03
2022-04-06 07:00:00,119,8.4,0.7,65.0,9.0,0.0,0.0
2022-04-06 07:00:00,133,5.2,1.2,60.0,0.0,0.0,0.09
2022-04-06 07:00:00,143,10.1,1.9,40.0,0.0,0.0,0.15
2022-04-06 07:00:00,146,5.5,1.5,55.0,4.0,0.0,0.08
2022-04-06 07:00:00,156,5.9,0.1,61.0,3.0,0.0,0.15
2022-04-06 07:00:00,159,12.2,3.8,34.0,0.0,0.0,0.11
2022-04-06 07:00:00,184,10.1,1.7,74.0,2.0,0.3,0.04
2022-04-06 08:00:00,105,14.2,2.5,37.0,,1.0,0.78
2022-04-06 08:00:00,108,8.8,2.1,78.0,9.0,0.0,0.33
2022-04-06 08:00:00,112,8.0,2.3,82.0,4.0,0.1,0.31
2022-04-06 08:00:00,119,9.1,1.2,78.0,9.0,0.0,0.2
2022-04-06 08:00:00,133,7.1,1.1,61.0,0.0,0.8,0.59
2022-04-06 08:00:00,143,11.5,1.7,38.0,0.0,0.9,0.67
2022-04-06 08:00:00,146,8.1,0.9,50.0,0.0,0.7,0.56
2022-04-06 08:00:00,156,7.6,0.4,59.0,0.0,1.0,0.66
2022-04-06 08:00:00,159,13.8,2.9,35.0,0.0,0.9,0.65
2022-04-06 08:00:00,184,11.6,0.9,78.0,1.0,0.9,0.53
2022-04-06 09:00:00,105,15.0,2.8,41.0,0.0,1.0,1.55
2022-04-06 09:00:00,108,9.5,1.3,73.0,5.0,0.1,0.64
2022-04-06 09:00:00,112,9.0,2.2,80.0,4.0,0.6,1.07
2022-04-06 09:00:00,119,9.1,2.3,77.0,9.0,0.0,0.42
2022-04-06 09:00:00,133,10.4,1.6,50.0,0.0,1.0,1.39
2022-04-06 09:00:00,143,13.4,1.1,31.0,0.0,1.0,1.35
2022-04-06 09:00:00,146,10.2,0.8,60.0,0.0,1.0,1.29
2022-04-06 09:00:00,156,10.1,0.7,51.0,0.0,1.0,1.36
2022-04-06 09:00:00,159,15.2,3.7,36.0,0.0,1.0,1.4
2022-04-06 09:00:00,184,15.3,2.4,68.0,0.0,1.0,1.37
2022-04-06 10:00:00,105,14.0,3.4,52.0,5.0,1.0,2.19
2022-04-06 10:00:00,108,11.7,1.9,60.0,2.0,1.0,2.05
2022-04-06 10:00:00,112,10.0,2.7,67.0,1.0,1.0,1.94
2022-04-06 10:00:00,119,10.5,1.5,68.0,2.0,0.9,1.72
2022-04-06 10:00:00,133,12.6,1.9,48.0,0.0,1.0,2.1
2022-04-06 10:00:00,143,16.0,2.1,27.0,0.0,1.0,2.12
2022-04-06 10:00:00,146,11.7,1.4,64.0,0.0,1.0,2.0
2022-04-06 10:00:00,156,12.6,1.1,40.0,0.0,1.0,2.07
2022-04-06 10:00:00,159,17.2,1.9,34.0,0.0,1.0,2.12
2022-04-06 10:00:00,184,15.6,2.5,69.0,0.0,1.0,2.25
2022-04-06 11:00:00,105,14.6,2.4,49.0,7.0,1.0,2.54
2022-04-06 11:00:00,108,13.6,2.4,57.0,1.0,1.0,2.72
2022-04-06 11:00:00,112,11.0,2.5,57.0,0.0,1.0,2.68
2022-04-06 11:00:00,119,13.1,0.9,58.0,1.0,1.0,2.57
2022-04-06 11:00:00,133,14.5,1.4,45.0,0.0,1.0,2.69
2022-04-06 11:00:00,143,17.5,2.4,26.0,0.0,1.0,2.73
2022-04-06 11:00:00,146,13.6,0.9,47.0,0.0,1.0,2.57
2022-04-06 11:00:00,156,14.8,1.3,25.0,0.0,1.0,2.72
2022-04-06 11:00:00,159,20.3,2.8,32.0,0.0,1.0,2.68
2022-04-06 11:00:00,184,16.8,2.9,62.0,0.0,1.0,2.85
2022-04-06 12:00:00,105,13.9,4.1,49.0,6.0,1.0,2.97
2022-04-06 12:00:00,108,14.4,2.4,45.0,0.0,1.0,3.09
2022-04-06 12:00:00,112,12.0,3.5,43.0,0.0,1.0,3.09
2022-04-06 12:00:00,119,14.1,2.2,51.0,0.0,1.0,2.84
2022-04-06 12:00:00,133,16.2,2.6,38.0,0.0,1.0,3.08
2022-04-06 12:00:00,143,19.1,2.8,26.0,0.0,1.0,3.08
2022-04-06 12:00:00,146,14.9,1.9,44.0,0.0,1.0,2.87
2022-04-06 12:00:00,156,16.5,1.3,30.0,0.0,1.0,3.14
2022-04-06 12:00:00,159,20.0,4.2,38.0,0.0,1.0,2.97
2022-04-06 12:00:00,184,16.4,3.3,65.0,0.0,1.0,3.23
2022-04-06 13:00:00,105,14.7,2.5,48.0,6.0,0.7,2.53
2022-04-06 13:00:00,108,15.8,2.8,32.0,1.0,1.0,3.28
2022-04-06 13:00:00,112,13.1,3.4,52.0,0.0,1.0,3.19
2022-04-06 13:00:00,119,15.9,3.3,44.0,0.0,1.0,3.1
2022-04-06 13:00:00,133,18.0,2.2,33.0,0.0,1.0,3.22
2022-04-06 13:00:00,143,20.4,3.2,27.0,0.0,1.0,3.21
2022-04-06 13:00:00,146,16.2,1.6,43.0,0.0,1.0,3.04
2022-04-06 13:00:00,156,19.2,1.0,35.0,0.0,1.0,3.28
2022-04-06 13:00:00,159,19.2,3.9,39.0,0.0,1.0,3.13
2022-04-06 13:00:00,184,16.8,3.3,64.0,0.0,1.0,3.31
2022-04-06 14:00:00,105,14.7,2.0,48.0,6.0,0.9,3.03
2022-04-06 14:00:00,108,16.2,4.0,21.0,8.0,1.0,3.04
2022-04-06 14:00:00,112,14.2,2.7,42.0,7.0,1.0,2.99
2022-04-06 14:00:00,119,16.3,4.6,24.0,3.0,1.0,3.0
2022-04-06 14:00:00,133,19.6,2.1,25.0,0.0,1.0,3.11
2022-04-06 14:00:00,143,21.4,2.0,21.0,0.0,1.0,3.06
2022-04-06 14:00:00,146,18.0,1.2,39.0,0.0,1.0,2.99
2022-04-06 14:00:00,156,19.3,0.7,36.0,0.0,1.0,3.15
2022-04-06 14:00:00,159,17.5,4.0,41.0,0.0,1.0,3.1
2022-04-06 14:00:00,184,17.5,3.1,63.0,0.0,1.0,3.22
2022-04-06 15:00:00,105,14.5,2.8,49.0,5.0,1.0,2.63
2022-04-06 15:00:00,108,16.5,2.9,27.0,8.0,0.8,2.15
2022-04-06 15:00:00,112,14.4,3.1,34.0,2.0,1.0,2.59
2022-04-06 15:00:00,119,16.1,4.1,17.0,3.0,1.0,2.67
2022-04-06 15:00:00,133,20.6,3.2,26.0,0.0,1.0,2.75
2022-04-06 15:00:00,143,22.4,3.9,20.0,0.0,1.0,2.78
2022-04-06 15:00:00,146,18.8,2.4,36.0,0.0,1.0,2.66
2022-04-06 15:00:00,156,19.9,1.1,37.0,0.0,1.0,2.81
2022-04-06 15:00:00,159,18.1,3.1,37.0,0.0,1.0,2.79
2022-04-06 15:00:00,184,17.5,3.2,66.0,2.0,1.0,2.86
2022-04-06 16:00:00,105,14.6,1.6,48.0,0.0,1.0,2.09
2022-04-06 16:00:00,108,16.8,3.5,29.0,3.0,0.8,1.94
2022-04-06 16:00:00,112,14.3,2.4,33.0,4.0,1.0,2.21
2022-04-06 16:00:00,119,15.7,3.6,21.0,1.0,1.0,2.1
2022-04-06 16:00:00,133,20.6,3.2,25.0,0.0,1.0,2.14
2022-04-06 16:00:00,143,22.7,3.6,21.0,0.0,1.0,2.21
2022-04-06 16:00:00,146,19.5,1.9,39.0,0.0,1.0,2.14
2022-04-06 16:00:00,156,21.2,1.4,38.0,0.0,1.0,2.23
2022-04-06 16:00:00,159,17.9,2.2,40.0,0.0,1.0,2.19
2022-04-06 16:00:00,184,16.1,2.6,70.0,2.0,1.0,2.28
2022-04-06 17:00:00,105,14.2,0.8,53.0,0.0,1.0,1.4
2022-04-06 17:00:00,108,16.1,3.8,29.0,4.0,1.0,1.38
2022-04-06 17:00:00,112,13.2,3.4,33.0,2.0,1.0,1.56
2022-04-06 17:00:00,119,15.3,4.0,23.0,1.0,1.0,1.53
2022-04-06 17:00:00,133,20.4,2.5,22.0,0.0,1.0,1.42
2022-04-06 17:00:00,143,22.4,3.6,22.0,0.0,1.0,1.48
2022-04-06 17:00:00,146,16.7,2.6,54.0,0.0,1.0,1.44
2022-04-06 17:00:00,156,20.1,1.5,47.0,0.0,1.0,1.56
2022-04-06 17:00:00,159,16.1,3.5,37.0,0.0,1.0,1.46
2022-04-06 17:00:00,184,15.9,1.9,71.0,0.0,1.0,1.55
2022-04-06 18:00:00,105,13.1,2.0,61.0,1.0,1.0,0.66
2022-04-06 18:00:00,108,14.8,3.6,35.0,6.0,0.9,0.72
2022-04-06 18:00:00,112,11.8,2.2,35.0,6.0,1.0,0.8
2022-04-06 18:00:00,119,12.7,2.9,37.0,1.0,1.0,0.78
2022-04-06 18:00:00,133,18.8,3.2,21.0,0.0,1.0,0.74
2022-04-06 18:00:00,143,21.3,3.4,24.0,0.0,1.0,0.72
2022-04-06 18:00:00,146,14.7,2.2,61.0,0.0,1.0,0.69
2022-04-06 18:00:00,156,18.1,1.5,54.0,0.0,1.0,0.79
2022-04-06 18:00:00,159,15.6,0.9,41.0,0.0,1.0,0.71
2022-04-06 18:00:00,184,15.6,2.9,72.0,0.0,1.0,0.74
2022-04-06 19:00:00,105,12.1,1.2,66.0,4.0,0.1,0.11
2022-04-06 19:00:00,108,13.0,2.8,41.0,6.0,0.0,0.13
2022-04-06 19:00:00,112,10.1,2.1,41.0,6.0,0.1,0.15
2022-04-06 19:00:00,119,10.3,2.4,49.0,3.0,0.2,0.1
2022-04-06 19:00:00,133,16.5,2.1,24.0,0.0,0.3,0.15
2022-04-06 19:00:00,143,20.0,1.9,25.0,0.0,0.1,0.14
2022-04-06 19:00:00,146,12.5,2.2,70.0,0.0,0.2,0.13
2022-04-06 19:00:00,156,15.8,2.3,62.0,0.0,0.3,0.2
2022-04-06 19:00:00,159,13.7,2.9,59.0,0.0,0.2,0.12
2022-04-06 19:00:00,184,14.0,3.2,80.0,0.0,0.4,0.1
2022-04-06 20:00:00,105,11.1,0.3,71.0,6.0,,
2022-04-06 20:00:00,108,11.9,2.7,42.0,7.0,,
2022-04-06 20:00:00,112,9.9,1.8,38.0,6.0,0.0,0.0
2022-04-06 20:00:00,119,10.0,1.6,49.0,7.0,,
2022-04-06 20:00:00,133,14.5,2.3,24.0,0.0,,
2022-04-06 20:00:00,143,17.8,1.6,36.0,0.0,,
2022-04-06 20:00:00,146,10.9,1.5,74.0,2.0,,
2022-04-06 20:00:00,156,13.3,2.7,74.0,0.0,,
2022-04-06 20:00:00,159,13.4,2.0,53.0,0.0,,
2022-04-06 20:00:00,184,13.2,3.1,84.0,0.0,,
2022-04-06 21:00:00,105,10.6,1.3,72.0,6.0,,
2022-04-06 21:00:00,108,11.3,1.5,44.0,6.0,,
2022-04-06 21:00:00,112,9.4,3.0,46.0,6.0,,
2022-04-06 21:00:00,119,8.5,1.6,58.0,6.0,,
2022-04-06 21:00:00,133,12.9,2.2,25.0,0.0,,
2022-04-06 21:00:00,143,15.7,2.8,54.0,0.0,,
2022-04-06 21:00:00,146,10.3,1.4,67.0,0.0,,
2022-04-06 21:00:00,156,11.4,2.8,82.0,0.0,,
2022-04-06 21:00:00,159,13.8,2.7,46.0,0.0,,
2022-04-06 21:00:00,184,12.9,2.3,86.0,0.0,,
2022-04-06 22:00:00,105,9.5,1.3,68.0,6.0,,
2022-04-06 22:00:00,108,10.7,1.6,47.0,7.0,,
2022-04-06 22:00:00,112,9.0,2.5,58.0,7.0,,
2022-04-06 22:00:00,119,7.9,0.8,58.0,3.0,,
2022-04-06 22:00:00,133,11.6,1.4,16.0,3.0,,
2022-04-06 22:00:00,143,14.1,2.0,59.0,0.0,,
2022-04-06 22:00:00,146,9.6,1.6,60.0,2.0,,
2022-04-06 22:00:00,156,10.4,1.8,86.0,0.0,,
2022-04-06 22:00:00,159,13.2,2.1,48.0,0.0,,
2022-04-06 22:00:00,184,12.5,2.2,88.0,0.0,,
2022-04-06 23:00:00,105,8.9,1.1,74.0,6.0,,
2022-04-06 23:00:00,108,10.2,1.3,45.0,7.0,,
2022-04-06 23:00:00,112,8.9,1.3,60.0,8.0,,
2022-04-06 23:00:00,119,8.7,1.3,55.0,9.0,,
2022-04-06 23:00:00,133,9.9,0.8,15.0,3.0,,
2022-04-06 23:00:00,143,12.9,1.4,65.0,0.0,,
2022-04-06 23:00:00,146,9.0,1.5,74.0,2.0,,
2022-04-06 23:00:00,156,9.9,1.1,89.0,3.0,,
2022-04-06 23:00:00,159,12.6,1.7,61.0,0.0,,
2022-04-06 23:00:00,184,12.1,2.3,88.0,0.0,,
2022-04-07 00:00:00,105,8.8,0.7,71.0,6.0,,
2022-04-07 00:00:00,108,10.3,2.3,46.0,8.0,,
2022-04-07 00:00:00,112,9.3,2.1,47.0,8.0,,
2022-04-07 00:00:00,119,8.7,1.0,56.0,7.0,,
2022-04-07 00:00:00,133,9.6,0.3,21.0,8.0,,
2022-04-07 00:00:00,143,12.1,1.5,70.0,0.0,,
2022-04-07 00:00:00,146,7.8,0.8,78.0,5.0,,
2022-04-07 00:00:00,156,9.4,1.6,90.0,0.0,,
2022-04-07 00:00:00,159,11.9,0.0,48.0,0.0,,
2022-04-07 00:00:00,184,11.8,2.0,91.0,2.0,,
2022-04-07 01:00:00,105,11.0,2.2,47.0,7.0,,
2022-04-07 01:00:00,108,10.8,2.2,45.0,9.0,,
2022-04-07 01:00:00,112,9.3,2.9,64.0,10.0,,
2022-04-07 01:00:00,119,8.3,0.6,63.0,5.0,,
2022-04-07 01:00:00,133,8.9,0.9,22.0,8.0,,
2022-04-07 01:00:00,143,11.2,1.1,73.0,2.0,,
2022-04-07 01:00:00,146,7.6,0.6,76.0,0.0,,
2022-04-07 01:00:00,156,9.0,1.2,92.0,3.0,,
2022-04-07 01:00:00,159,11.6,0.8,66.0,0.0,,
2022-04-07 01:00:00,184,11.5,2.8,92.0,0.0,,
2022-04-07 02:00:00,105,10.6,1.1,50.0,6.0,,
2022-04-07 02:00:00,108,10.4,2.7,43.0,9.0,,
2022-04-07 02:00:00,112,9.5,3.3,44.0,10.0,,
2022-04-07 02:00:00,119,8.3,0.6,64.0,10.0,,
2022-04-07 02:00:00,133,9.2,1.2,58.0,8.0,,
2022-04-07 02:00:00,143,10.2,1.4,78.0,0.0,,
2022-04-07 02:00:00,146,8.0,1.1,74.0,6.0,,
2022-04-07 02:00:00,156,8.2,0.9,97.0,1.0,,
2022-04-07 02:00:00,159,11.3,0.0,75.0,0.0,,
2022-04-07 02:00:00,184,11.6,2.6,92.0,6.0,,
2022-04-07 03:00:00,105,10.0,0.0,57.0,5.0,,
2022-04-07 03:00:00,108,10.0,3.4,43.0,9.0,,
2022-04-07 03:00:00,112,9.1,3.4,41.0,9.0,,
2022-04-07 03:00:00,119,8.6,1.1,62.0,10.0,,
2022-04-07 03:00:00,133,9.0,1.1,46.0,10.0,,
2022-04-07 03:00:00,143,10.1,0.8,67.0,1.0,,
2022-04-07 03:00:00,146,7.9,0.7,74.0,9.0,,
2022-04-07 03:00:00,156,8.3,0.6,97.0,6.0,,
2022-04-07 03:00:00,159,11.2,0.0,74.0,0.0,,
2022-04-07 03:00:00,184,11.4,3.4,91.0,7.0,,
2022-04-07 04:00:00,105,9.8,0.0,58.0,8.0,,
2022-04-07 04:00:00,108,9.6,2.2,43.0,10.0,,
2022-04-07 04:00:00,112,8.7,2.9,44.0,10.0,,
2022-04-07 04:00:00,119,8.7,0.6,59.0,10.0,,
2022-04-07 04:00:00,133,7.6,1.1,76.0,10.0,,
2022-04-07 04:00:00,143,9.3,0.5,74.0,4.0,,
2022-04-07 04:00:00,146,7.5,1.1,77.0,10.0,,
2022-04-07 04:00:00,156,8.1,0.2,99.0,7.0,,
2022-04-07 04:00:00,159,11.3,1.1,56.0,0.0,,
2022-04-07 04:00:00,184,11.1,2.6,90.0,1.0,,
2022-04-07 05:00:00,105,9.1,1.4,60.0,8.0,,
2022-04-07 05:00:00,108,9.3,2.1,47.0,10.0,,
2022-04-07 05:00:00,112,8.3,2.2,48.0,9.0,,
2022-04-07 05:00:00,119,8.6,0.6,64.0,10.0,,
2022-04-07 05:00:00,133,7.7,0.6,73.0,10.0,,
2022-04-07 05:00:00,143,9.5,0.6,73.0,7.0,,
2022-04-07 05:00:00,146,6.7,2.7,92.0,10.0,,
2022-04-07 05:00:00,156,7.9,0.1,99.0,8.0,,
2022-04-07 05:00:00,159,11.1,1.5,57.0,0.0,,
2022-04-07 05:00:00,184,11.4,3.5,94.0,8.0,,
2022-04-07 06:00:00,105,8.5,1.1,62.0,8.0,,
2022-04-07 06:00:00,108,9.0,2.5,52.0,10.0,,
2022-04-07 06:00:00,112,8.2,2.4,48.0,9.0,,
2022-04-07 06:00:00,119,8.5,0.4,68.0,10.0,,
2022-04-07 06:00:00,133,7.9,1.6,84.0,10.0,,
2022-04-07 06:00:00,143,10.1,0.8,64.0,10.0,,
2022-04-07 06:00:00,146,6.7,0.9,92.0,10.0,,
2022-04-07 06:00:00,156,7.8,0.4,99.0,10.0,,
2022-04-07 06:00:00,159,11.6,3.1,58.0,0.0,,
2022-04-07 06:00:00,184,11.1,3.2,92.0,3.0,,
2022-04-07 07:00:00,105,8.3,0.6,63.0,8.0,0.0,0.09
2022-04-07 07:00:00,108,8.8,2.5,54.0,9.0,0.0,0.03
2022-04-07 07:00:00,112,8.0,1.8,56.0,9.0,0.0,0.03
2022-04-07 07:00:00,119,8.8,0.7,66.0,10.0,0.0,0.0
2022-04-07 07:00:00,133,8.0,1.2,80.0,10.0,0.0,0.01
2022-04-07 07:00:00,143,9.0,1.4,88.0,10.0,0.0,0.0
2022-04-07 07:00:00,146,7.3,0.9,93.0,10.0,0.0,0.01
2022-04-07 07:00:00,156,7.2,0.8,99.0,10.0,0.0,0.07
2022-04-07 07:00:00,159,12.6,1.5,46.0,0.0,0.0,0.09
2022-04-07 07:00:00,184,11.8,4.0,92.0,9.0,0.0,0.0
2022-04-07 08:00:00,105,9.3,0.8,64.0,7.0,0.1,0.37
2022-04-07 08:00:00,108,9.1,2.9,53.0,8.0,0.0,0.34
2022-04-07 08:00:00,112,8.1,3.3,57.0,4.0,0.2,0.39
2022-04-07 08:00:00,119,9.7,0.9,55.0,10.0,0.0,0.21
2022-04-07 08:00:00,133,8.3,1.3,78.0,10.0,0.0,0.13
2022-04-07 08:00:00,143,9.6,1.0,88.0,9.0,0.0,0.26
2022-04-07 08:00:00,146,7.8,0.9,91.0,10.0,0.0,0.12
2022-04-07 08:00:00,156,7.2,0.9,99.0,10.0,0.0,0.26
2022-04-07 08:00:00,159,14.2,1.7,42.0,6.0,0.7,0.66
2022-04-07 08:00:00,184,11.7,3.4,93.0,6.0,0.2,0.2
2022-04-07 09:00:00,105,11.7,0.0,58.0,5.0,0.4,0.92
2022-04-07 09:00:00,108,10.2,2.3,47.0,0.0,0.5,1.1
2022-04-07 09:00:00,112,9.2,1.8,47.0,0.0,0.9,1.28
2022-04-07 09:00:00,119,11.2,1.9,49.0,3.0,0.4,0.93
2022-04-07 09:00:00,133,8.8,1.2,71.0,10.0,0.0,0.33
2022-04-07 09:00:00,143,11.5,1.1,82.0,10.0,0.0,0.75
2022-04-07 09:00:00,146,8.8,1.1,88.0,10.0,0.0,0.37
2022-04-07 09:00:00,156,8.8,0.1,99.0,6.0,0.2,0.95
2022-04-07 09:00:00,159,15.3,1.7,48.0,8.0,0.2,0.85
2022-04-07 09:00:00,184,13.5,4.7,83.0,6.0,0.8,1.03
2022-04-07 10:00:00,105,15.0,1.9,48.0,0.0,1.0,2.17
2022-04-07 10:00:00,108,12.3,3.0,39.0,0.0,1.0,2.17
2022-04-07 10:00:00,112,11.3,2.4,43.0,0.0,1.0,2.13
2022-04-07 10:00:00,119,12.6,1.8,48.0,0.0,1.0,2.07
2022-04-07 10:00:00,133,10.3,2.4,65.0,4.0,0.2,1.0
2022-04-07 10:00:00,143,11.8,2.0,78.0,8.0,0.1,0.64
2022-04-07 10:00:00,146,10.1,1.4,78.0,9.0,0.1,0.97
2022-04-07 10:00:00,156,10.9,0.5,89.0,8.0,0.3,1.35
2022-04-07 10:00:00,159,15.1,2.3,43.0,8.0,0.0,0.74
2022-04-07 10:00:00,184,14.0,4.1,78.0,6.0,0.4,1.48
2022-04-07 11:00:00,105,16.9,2.1,38.0,0.0,1.0,2.77
2022-04-07 11:00:00,108,13.9,3.5,35.0,1.0,1.0,2.84
2022-04-07 11:00:00,112,11.3,3.1,44.0,0.0,1.0,2.75
2022-04-07 11:00:00,119,14.0,3.9,36.0,1.0,1.0,2.67
2022-04-07 11:00:00,133,13.3,2.9,52.0,0.0,1.0,2.64
2022-04-07 11:00:00,143,13.7,4.4,61.0,3.0,0.8,2.26
2022-04-07 11:00:00,146,11.5,1.4,61.0,0.0,0.9,2.4
2022-04-07 11:00:00,156,13.3,1.0,67.0,7.0,0.3,1.88
2022-04-07 11:00:00,159,16.4,2.5,44.0,8.0,0.4,1.71
2022-04-07 11:00:00,184,16.6,2.9,63.0,1.0,0.9,2.42
2022-04-07 12:00:00,105,17.7,1.9,43.0,0.0,1.0,3.15
2022-04-07 12:00:00,108,14.8,4.7,30.0,0.0,1.0,3.22
2022-04-07 12:00:00,112,11.3,4.5,51.0,0.0,1.0,3.14
2022-04-07 12:00:00,119,14.0,4.7,37.0,1.0,1.0,3.08
2022-04-07 12:00:00,133,15.2,3.9,42.0,0.0,1.0,3.12
2022-04-07 12:00:00,143,15.9,4.8,40.0,0.0,1.0,2.97
2022-04-07 12:00:00,146,13.6,2.0,52.0,0.0,1.0,2.94
2022-04-07 12:00:00,156,15.3,1.5,46.0,0.0,1.0,3.11
2022-04-07 12:00:00,159,17.6,2.6,46.0,0.0,0.9,2.77
2022-04-07 12:00:00,184,18.1,4.1,62.0,1.0,1.0,3.0
2022-04-07 13:00:00,105,18.1,3.5,38.0,0.0,1.0,3.29
2022-04-07 13:00:00,108,15.1,5.2,31.0,0.0,1.0,3.38
2022-04-07 13:00:00,112,11.7,4.0,45.0,0.0,1.0,3.29
2022-04-07 13:00:00,119,14.1,5.3,32.0,0.0,1.0,3.21
2022-04-07 13:00:00,133,16.4,2.9,32.0,0.0,1.0,3.25
2022-04-07 13:00:00,143,17.3,3.6,37.0,1.0,1.0,3.2
2022-04-07 13:00:00,146,14.8,2.5,47.0,0.0,1.0,3.13
2022-04-07 13:00:00,156,17.3,1.7,28.0,0.0,1.0,3.4
2022-04-07 13:00:00,159,19.3,3.8,47.0,0.0,1.0,3.14
2022-04-07 13:00:00,184,15.9,5.2,72.0,3.0,1.0,3.17
2022-04-07 14:00:00,105,20.2,4.6,22.0,0.0,1.0,3.23
2022-04-07 14:00:00,108,14.8,4.6,32.0,0.0,1.0,3.27
2022-04-07 14:00:00,112,12.2,4.6,48.0,0.0,1.0,3.18
2022-04-07 14:00:00,119,14.1,5.0,33.0,0.0,1.0,3.14
2022-04-07 14:00:00,133,18.0,4.0,31.0,0.0,1.0,3.19
2022-04-07 14:00:00,143,19.2,3.8,36.0,0.0,1.0,3.1
2022-04-07 14:00:00,146,16.1,2.8,40.0,0.0,1.0,3.07
2022-04-07 14:00:00,156,18.5,1.6,32.0,0.0,1.0,3.32
2022-04-07 14:00:00,159,17.9,6.2,49.0,0.0,1.0,3.09
2022-04-07 14:00:00,184,16.0,4.9,68.0,1.0,1.0,3.1
2022-04-07 15:00:00,105,21.1,3.7,21.0,1.0,1.0,2.88
2022-04-07 15:00:00,108,14.8,4.6,32.0,0.0,1.0,2.9
2022-04-07 15:00:00,112,12.0,4.1,40.0,0.0,1.0,2.84
2022-04-07 15:00:00,119,14.3,5.3,30.0,0.0,1.0,2.78
2022-04-07 15:00:00,133,18.3,2.3,33.0,0.0,1.0,2.81
2022-04-07 15:00:00,143,19.9,5.7,30.0,0.0,1.0,2.81
2022-04-07 15:00:00,146,16.4,2.7,36.0,0.0,1.0,2.77
2022-04-07 15:00:00,156,19.1,2.1,35.0,0.0,1.0,2.94
2022-04-07 15:00:00,159,17.1,5.1,53.0,0.0,1.0,2.76
2022-04-07 15:00:00,184,15.5,5.1,68.0,0.0,1.0,2.68
2022-04-07 16:00:00,105,20.9,3.4,21.0,3.0,0.9,2.21
2022-04-07 16:00:00,108,14.2,5.5,33.0,0.0,1.0,2.33
2022-04-07 16:00:00,112,10.8,6.2,28.0,0.0,1.0,2.33
2022-04-07 16:00:00,119,13.3,5.5,40.0,0.0,1.0,2.23
2022-04-07 16:00:00,133,18.3,3.2,32.0,0.0,0.9,2.14
2022-04-07 16:00:00,143,19.4,5.9,28.0,0.0,1.0,2.21
2022-04-07 16:00:00,146,16.0,3.0,31.0,0.0,1.0,2.25
2022-04-07 16:00:00,156,18.5,2.1,29.0,0.0,1.0,2.46
2022-04-07 16:00:00,159,17.2,5.0,56.0,0.0,1.0,2.13
2022-04-07 16:00:00,184,15.3,5.3,68.0,0.0,1.0,2.17
2022-04-07 17:00:00,105,20.8,2.8,22.0,5.0,0.8,1.3
2022-04-07 17:00:00,108,13.0,4.5,25.0,0.0,1.0,1.67
2022-04-07 17:00:00,112,10.4,5.7,21.0,0.0,1.0,1.61
2022-04-07 17:00:00,119,12.2,5.2,36.0,0.0,1.0,1.52
2022-04-07 17:00:00,133,18.0,2.2,31.0,0.0,1.0,1.61
2022-04-07 17:00:00,143,19.4,6.1,27.0,0.0,1.0,1.55
2022-04-07 17:00:00,146,14.8,3.5,34.0,0.0,1.0,1.56
2022-04-07 17:00:00,156,18.0,1.8,28.0,0.0,1.0,1.75
2022-04-07 17:00:00,159,17.8,4.7,52.0,0.0,1.0,1.44
2022-04-07 17:00:00,184,14.7,5.0,72.0,0.0,1.0,1.58
2022-04-07 18:00:00,105,18.5,3.9,32.0,5.0,0.4,0.51
2022-04-07 18:00:00,108,12.2,3.3,22.0,0.0,1.0,0.84
2022-04-07 18:00:00,112,9.4,5.1,41.0,0.0,1.0,0.86
2022-04-07 18:00:00,119,11.2,4.3,33.0,0.0,1.0,0.79
2022-04-07 18:00:00,133,16.8,2.5,32.0,0.0,1.0,0.84
2022-04-07 18:00:00,143,18.7,4.1,29.0,0.0,1.0,0.78
2022-04-07 18:00:00,146,13.1,3.2,34.0,0.0,1.0,0.78
2022-04-07 18:00:00,156,16.9,1.7,30.0,0.0,1.0,0.93
2022-04-07 18:00:00,159,17.0,4.4,57.0,0.0,1.0,0.71
2022-04-07 18:00:00,184,13.8,4.0,68.0,0.0,1.0,0.79
2022-04-07 19:00:00,105,14.8,1.7,45.0,3.0,0.4,0.16
2022-04-07 19:00:00,108,10.5,5.2,31.0,0.0,0.5,0.21
2022-04-07 19:00:00,112,8.2,5.7,64.0,0.0,0.5,0.19
2022-04-07 19:00:00,119,9.8,3.6,33.0,0.0,0.5,0.16
2022-04-07 19:00:00,133,14.4,1.4,39.0,0.0,0.4,0.16
2022-04-07 19:00:00,143,17.5,4.0,33.0,0.0,0.4,0.16
2022-04-07 19:00:00,146,11.0,1.7,33.0,0.0,0.4,0.16
2022-04-07 19:00:00,156,14.4,0.8,34.0,0.0,0.4,0.23
2022-04-07 19:00:00,159,14.6,3.4,75.0,0.0,0.4,0.14
2022-04-07 19:00:00,184,12.3,3.5,78.0,0.0,0.6,0.13
2022-04-07 20:00:00,105,13.5,0.9,42.0,0.0,,
2022-04-07 20:00:00,108,9.4,3.5,50.0,0.0,0.0,0.0
2022-04-07 20:00:00,112,8.0,5.2,69.0,0.0,0.0,0.0
2022-04-07 20:00:00,119,8.9,2.7,43.0,0.0,0.0,0.0
2022-04-07 20:00:00,133,12.0,2.2,42.0,0.0,,
2022-04-07 20:00:00,143,17.2,3.2,34.0,0.0,,
2022-04-07 20:00:00,146,10.1,1.2,38.0,0.0,,
2022-04-07 20:00:00,156,13.0,1.5,34.0,0.0,,
2022-04-07 20:00:00,159,14.0,0.0,70.0,1.0,,
2022-04-07 20:00:00,184,11.5,3.0,82.0,0.0,,
2022-04-07 21:00:00,105,12.5,1.6,43.0,0.0,,
2022-04-07 21:00:00,108,8.8,2.9,55.0,0.0,,
2022-04-07 21:00:00,112,7.7,3.7,71.0,0.0,,
2022-04-07 21:00:00,119,8.0,2.3,55.0,0.0,,
2022-04-07 21:00:00,133,10.7,1.7,41.0,0.0,,
2022-04-07 21:00:00,143,16.0,2.0,37.0,0.0,,
2022-04-07 21:00:00,146,9.5,1.1,47.0,0.0,,
2022-04-07 21:00:00,156,11.7,0.7,38.0,0.0,,
2022-04-07 21:00:00,159,14.4,1.2,60.0,0.0,,
2022-04-07 21:00:00,184,11.2,3.0,84.0,0.0,,
2022-04-07 22:00:00,105,11.0,2.0,48.0,0.0,,
2022-04-07 22:00:00,108,8.3,3.6,61.0,0.0,,
2022-04-07 22:00:00,112,7.5,3.0,77.0,0.0,,
2022-04-07 22:00:00,119,7.3,0.7,62.0,0.0,,
2022-04-07 22:00:00,133,9.9,1.2,39.0,0.0,,
2022-04-07 22:00:00,143,15.2,3.8,40.0,0.0,,
2022-04-07 22:00:00,146,9.1,0.9,48.0,0.0,,
2022-04-07 22:00:00,156,10.9,0.6,40.0,0.0,,
2022-04-07 22:00:00,159,14.2,0.2,52.0,0.0,,
2022-04-07 22:00:00,184,10.9,1.6,86.0,0.0,,
2022-04-07 23:00:00,105,9.9,1.3,51.0,0.0,,
2022-04-07 23:00:00,108,7.8,1.4,63.0,0.0,,
2022-04-07 23:00:00,112,7.0,1.8,77.0,0.0,,
2022-04-07 23:00:00,119,6.9,0.1,70.0,0.0,,
2022-04-07 23:00:00,133,8.8,1.5,37.0,0.0,,
2022-04-07 23:00:00,143,13.9,3.7,42.0,0.0,,
2022-04-07 23:00:00,146,8.7,0.6,50.0,0.0,,
2022-04-07 23:00:00,156,10.0,0.4,44.0,0.0,,
2022-04-07 23:00:00,159,14.3,1.8,37.0,0.0,,
2022-04-07 23:00:00,184,10.5,1.1,87.0,0.0,,
2022-04-08 00:00:00,105,9.1,1.1,52.0,0.0,,
2022-04-08 00:00:00,108,7.4,1.3,67.0,0.0,,
2022-04-08 00:00:00,112,6.8,2.4,80.0,0.0,,
2022-04-08 00:00:00,119,6.1,0.5,78.0,0.0,,
2022-04-08 00:00:00,133,8.2,1.3,34.0,0.0,,
2022-04-08 00:00:00,143,13.0,2.0,45.0,0.0,,
2022-04-08 00:00:00,146,7.7,1.2,55.0,0.0,,
2022-04-08 00:00:00,156,9.9,0.6,41.0,0.0,,
2022-04-08 00:00:00,159,14.5,2.8,36.0,0.0,,
2022-04-08 00:00:00,184,10.4,1.5,87.0,0.0,,
2022-04-08 01:00:00,105,8.5,1.8,53.0,0.0,,
2022-04-08 01:00:00,108,7.2,1.3,70.0,0.0,,
2022-04-08 01:00:00,112,6.5,1.5,80.0,1.0,,
2022-04-08 01:00:00,119,5.8,0.4,83.0,3.0,,
2022-04-08 01:00:00,133,7.8,1.9,36.0,0.0,,
2022-04-08 01:00:00,143,12.0,1.5,46.0,0.0,,
2022-04-08 01:00:00,146,7.0,1.2,57.0,1.0,,
2022-04-08 01:00:00,156,9.5,0.0,39.0,0.0,,
2022-04-08 01:00:00,159,14.0,2.9,38.0,0.0,,
2022-04-08 01:00:00,184,10.0,0.8,85.0,0.0,,
2022-04-08 02:00:00,105,7.8,0.4,54.0,0.0,,
2022-04-08 02:00:00,108,6.6,0.8,72.0,0.0,,
2022-04-08 02:00:00,112,6.6,2.3,81.0,1.0,,
2022-04-08 02:00:00,119,6.0,1.4,79.0,0.0,,
2022-04-08 02:00:00,133,6.4,0.8,43.0,0.0,,
2022-04-08 02:00:00,143,10.9,1.7,48.0,0.0,,
2022-04-08 02:00:00,146,6.1,0.9,60.0,1.0,,
2022-04-08 02:00:00,156,8.4,0.8,49.0,0.0,,
2022-04-08 02:00:00,159,13.1,2.4,42.0,0.0,,
2022-04-08 02:00:00,184,10.1,2.4,61.0,0.0,,
2022-04-08 03:00:00,105,6.9,0.7,56.0,0.0,,
2022-04-08 03:00:00,108,6.3,0.9,74.0,0.0,,
2022-04-08 03:00:00,112,6.5,2.8,80.0,0.0,,
2022-04-08 03:00:00,119,4.8,0.2,84.0,0.0,,
2022-04-08 03:00:00,133,5.3,1.8,49.0,0.0,,
2022-04-08 03:00:00,143,9.7,1.0,54.0,0.0,,
2022-04-08 03:00:00,146,5.2,1.4,62.0,0.0,,
2022-04-08 03:00:00,156,7.6,0.0,52.0,0.0,,
2022-04-08 03:00:00,159,12.9,3.1,41.0,0.0,,
2022-04-08 03:00:00,184,9.9,1.6,61.0,0.0,,
2022-04-08 04:00:00,105,6.3,1.2,58.0,0.0,,
2022-04-08 04:00:00,108,5.9,0.9,79.0,0.0,,
2022-04-08 04:00:00,112,6.5,2.7,81.0,0.0,,
2022-04-08 04:00:00,119,4.9,1.1,78.0,0.0,,
2022-04-08 04:00:00,133,4.7,0.0,51.0,0.0,,
2022-04-08 04:00:00,143,8.1,0.8,64.0,0.0,,
2022-04-08 04:00:00,146,5.4,0.8,56.0,0.0,,
2022-04-08 04:00:00,156,7.1,0.0,58.0,0.0,,
2022-04-08 04:00:00,159,11.5,0.2,44.0,0.0,,
2022-04-08 04:00:00,184,9.9,1.7,62.0,0.0,,
2022-04-08 05:00:00,105,5.8,0.7,59.0,0.0,,
2022-04-08 05:00:00,108,5.6,1.6,78.0,0.0,,
2022-04-08 05:00:00,112,6.1,2.1,80.0,0.0,,
2022-04-08 05:00:00,119,4.8,1.2,79.0,0.0,,
2022-04-08 05:00:00,133,4.0,0.8,56.0,0.0,,
2022-04-08 05:00:00,143,7.9,0.8,61.0,0.0,,
2022-04-08 05:00:00,146,4.5,1.5,59.0,0.0,,
2022-04-08 05:00:00,156,6.1,1.1,67.0,0.0,,
2022-04-08 05:00:00,159,11.0,1.8,46.0,0.0,,
2022-04-08 05:00:00,184,10.2,2.0,62.0,0.0,,
2022-04-08 06:00:00,105,5.3,1.1,64.0,0.0,,
2022-04-08 06:00:00,108,5.3,2.0,79.0,0.0,,
2022-04-08 06:00:00,112,5.8,2.2,80.0,0.0,,
2022-04-08 06:00:00,119,3.8,0.4,80.0,0.0,,
2022-04-08 06:00:00,133,3.4,1.6,59.0,0.0,,
2022-04-08 06:00:00,143,6.1,1.4,74.0,0.0,,
2022-04-08 06:00:00,146,5.1,0.4,54.0,0.0,,
2022-04-08 06:00:00,156,6.1,0.0,64.0,0.0,,
2022-04-08 06:00:00,159,10.4,2.2,50.0,0.0,,
2022-04-08 06:00:00,184,10.1,1.9,68.0,0.0,,
2022-04-08 07:00:00,105,5.9,0.0,64.0,0.0,0.4,0.16
2022-04-08 07:00:00,108,5.4,2.6,77.0,0.0,0.4,0.12
2022-04-08 07:00:00,112,6.2,2.2,76.0,0.0,0.3,0.11
2022-04-08 07:00:00,119,5.5,0.1,77.0,0.0,0.4,0.1
2022-04-08 07:00:00,133,3.8,1.7,59.0,0.0,0.5,0.14
2022-04-08 07:00:00,143,7.7,0.9,68.0,0.0,0.5,0.22
2022-04-08 07:00:00,146,5.5,1.2,56.0,0.0,0.3,0.13
2022-04-08 07:00:00,156,6.5,0.0,66.0,0.0,0.3,0.17
2022-04-08 07:00:00,159,11.0,2.4,49.0,0.0,0.2,0.12
2022-04-08 07:00:00,184,10.4,2.3,63.0,0.0,0.4,0.05
2022-04-08 08:00:00,105,9.8,0.0,54.0,0.0,1.0,0.84
2022-04-08 08:00:00,108,7.7,2.3,69.0,0.0,1.0,0.71
2022-04-08 08:00:00,112,7.9,2.3,67.0,0.0,1.0,0.7
2022-04-08 08:00:00,119,9.0,1.0,64.0,0.0,1.0,0.69
2022-04-08 08:00:00,133,6.4,0.7,51.0,0.0,1.0,0.79
2022-04-08 08:00:00,143,9.8,1.4,56.0,0.0,1.0,0.87
2022-04-08 08:00:00,146,8.7,0.5,44.0,0.0,1.0,0.74
2022-04-08 08:00:00,156,8.4,0.0,60.0,0.0,1.0,0.81
2022-04-08 08:00:00,159,14.1,1.5,45.0,0.0,1.0,0.8
2022-04-08 08:00:00,184,11.8,0.1,62.0,0.0,1.0,0.55
2022-04-08 09:00:00,105,13.3,1.3,43.0,0.0,1.0,1.64
2022-04-08 09:00:00,108,10.2,2.0,60.0,0.0,1.0,1.51
2022-04-08 09:00:00,112,9.9,2.4,54.0,0.0,1.0,1.44
2022-04-08 09:00:00,119,10.6,1.5,48.0,0.0,1.0,1.45
2022-04-08 09:00:00,133,10.8,1.1,36.0,0.0,1.0,1.55
2022-04-08 09:00:00,143,13.0,1.2,39.0,0.0,1.0,1.63
2022-04-08 09:00:00,146,11.0,0.9,35.0,0.0,1.0,1.5
2022-04-08 09:00:00,156,10.7,1.0,49.0,0.0,1.0,1.61
2022-04-08 09:00:00,159,16.0,1.0,49.0,0.0,1.0,1.66
2022-04-08 09:00:00,184,15.5,2.0,53.0,0.0,1.0,1.41
2022-04-08 10:00:00,105,16.6,1.3,36.0,0.0,1.0,2.36
2022-04-08 10:00:00,108,12.4,0.6,52.0,0.0,1.0,2.16
2022-04-08 10:00:00,112,11.8,2.7,42.0,0.0,1.0,2.15
2022-04-08 10:00:00,119,12.7,1.8,37.0,0.0,1.0,2.11
2022-04-08 10:00:00,133,13.4,2.0,28.0,0.0,1.0,2.24
2022-04-08 10:00:00,143,14.7,1.4,34.0,0.0,1.0,2.35
2022-04-08 10:00:00,146,14.0,1.4,37.0,0.0,1.0,2.2
2022-04-08 10:00:00,156,13.6,0.9,37.0,0.0,1.0,2.34
2022-04-08 10:00:00,159,17.1,3.6,49.0,0.0,1.0,2.38
2022-04-08 10:00:00,184,17.2,2.8,38.0,0.0,1.0,2.28
2022-04-08 11:00:00,105,18.4,2.1,38.0,0.0,1.0,2.9
2022-04-08 11:00:00,108,14.6,2.0,42.0,0.0,1.0,2.78
2022-04-08 11:00:00,112,11.9,3.4,50.0,0.0,1.0,2.71
2022-04-08 11:00:00,119,15.0,1.7,31.0,0.0,1.0,2.7
2022-04-08 11:00:00,133,16.1,1.9,25.0,0.0,1.0,2.82
2022-04-08 11:00:00,143,16.3,1.9,29.0,0.0,1.0,2.91
2022-04-08 11:00:00,146,16.3,2.1,35.0,0.0,1.0,2.73
2022-04-08 11:00:00,156,16.6,1.0,33.0,0.0,1.0,2.91
2022-04-08 11:00:00,159,16.7,4.1,58.0,0.0,1.0,2.94
2022-04-08 11:00:00,184,17.4,3.7,37.0,0.0,1.0,2.9
2022-04-08 12:00:00,105,19.4,2.5,43.0,0.0,1.0,3.21
2022-04-08 12:00:00,108,16.4,2.7,35.0,0.0,1.0,3.17
2022-04-08 12:00:00,112,13.1,2.5,40.0,0.0,1.0,3.1
2022-04-08 12:00:00,119,16.4,1.4,28.0,0.0,1.0,3.05
2022-04-08 12:00:00,133,18.8,1.8,23.0,0.0,1.0,3.09
2022-04-08 12:00:00,143,18.6,1.8,24.0,0.0,1.0,3.24
2022-04-08 12:00:00,146,18.8,1.3,29.0,0.0,1.0,3.1
2022-04-08 12:00:00,156,19.0,1.2,25.0,0.0,1.0,3.3
2022-04-08 12:00:00,159,17.6,2.5,55.0,0.0,1.0,3.28
2022-04-08 12:00:00,184,17.6,3.8,43.0,0.0,1.0,3.29
2022-04-08 13:00:00,105,20.8,2.2,42.0,1.0,1.0,3.33
2022-04-08 13:00:00,108,17.9,2.7,30.0,0.0,1.0,3.31
2022-04-08 13:00:00,112,15.1,2.4,32.0,2.0,1.0,3.26
2022-04-08 13:00:00,119,18.3,3.3,26.0,0.0,1.0,3.19
2022-04-08 13:00:00,133,20.0,2.5,22.0,0.0,1.0,3.3
2022-04-08 13:00:00,143,19.8,2.9,22.0,0.0,1.0,3.32
2022-04-08 13:00:00,146,20.0,1.7,24.0,0.0,1.0,3.23
2022-04-08 13:00:00,156,21.3,1.3,24.0,0.0,1.0,3.45
2022-04-08 13:00:00,159,16.6,4.0,57.0,0.0,1.0,3.42
2022-04-08 13:00:00,184,18.0,3.8,50.0,0.0,1.0,3.43
2022-04-08 14:00:00,105,21.3,2.4,41.0,1.0,1.0,3.19
2022-04-08 14:00:00,108,19.2,3.3,27.0,1.0,1.0,3.24
2022-04-08 14:00:00,112,15.1,3.1,28.0,2.0,1.0,3.16
2022-04-08 14:00:00,119,19.4,2.5,25.0,0.0,1.0,3.05
2022-04-08 14:00:00,133,22.0,1.9,20.0,0.0,1.0,3.19
2022-04-08 14:00:00,143,21.8,2.6,21.0,0.0,1.0,3.19
2022-04-08 14:00:00,146,20.6,2.3,24.0,0.0,1.0,3.14
2022-04-08 14:00:00,156,22.5,0.9,22.0,0.0,1.0,3.35
2022-04-08 14:00:00,159,17.5,3.9,56.0,0.0,1.0,3.31
2022-04-08 14:00:00,184,18.6,4.1,44.0,0.0,1.0,3.33
2022-04-08 15:00:00,105,21.9,2.2,39.0,2.0,1.0,2.82
2022-04-08 15:00:00,108,19.6,3.4,29.0,0.0,1.0,2.88
2022-04-08 15:00:00,112,15.9,2.5,26.0,0.0,1.0,2.82
2022-04-08 15:00:00,119,20.1,3.0,26.0,0.0,1.0,2.76
2022-04-08 15:00:00,133,22.9,2.7,18.0,0.0,1.0,2.9
2022-04-08 15:00:00,143,22.0,3.0,22.0,0.0,1.0,2.8
2022-04-08 15:00:00,146,21.8,2.0,24.0,0.0,1.0,2.79
2022-04-08 15:00:00,156,22.7,1.2,22.0,0.0,1.0,2.98
2022-04-08 15:00:00,159,16.7,5.1,61.0,0.0,1.0,2.91
2022-04-08 15:00:00,184,19.3,3.7,48.0,0.0,1.0,2.96
2022-04-08 16:00:00,105,23.3,2.3,33.0,1.0,1.0,2.28
2022-04-08 16:00:00,108,19.5,4.2,30.0,0.0,1.0,2.36
2022-04-08 16:00:00,112,16.2,2.4,33.0,0.0,1.0,2.31
2022-04-08 16:00:00,119,20.3,4.3,26.0,0.0,1.0,2.26
2022-04-08 16:00:00,133,22.8,2.3,20.0,0.0,1.0,2.35
2022-04-08 16:00:00,143,23.0,1.5,21.0,0.0,1.0,2.22
2022-04-08 16:00:00,146,21.3,2.3,25.0,0.0,1.0,2.26
2022-04-08 16:00:00,156,24.2,2.7,22.0,0.0,1.0,2.42
2022-04-08 16:00:00,159,16.0,5.8,54.0,0.0,1.0,2.35
2022-04-08 16:00:00,184,19.5,3.8,46.0,0.0,1.0,2.4
2022-04-08 17:00:00,105,23.3,4.3,21.0,1.0,1.0,1.58
2022-04-08 17:00:00,108,19.4,3.9,33.0,0.0,1.0,1.65
2022-04-08 17:00:00,112,15.7,2.8,36.0,0.0,1.0,1.66
2022-04-08 17:00:00,119,20.4,4.4,27.0,0.0,1.0,1.58
2022-04-08 17:00:00,133,22.0,2.3,21.0,0.0,1.0,1.65
2022-04-08 17:00:00,143,23.5,2.4,21.0,0.0,1.0,1.52
2022-04-08 17:00:00,146,21.7,2.3,27.0,0.0,1.0,1.56
2022-04-08 17:00:00,156,23.5,3.2,22.0,0.0,1.0,1.72
2022-04-08 17:00:00,159,16.3,4.8,54.0,0.0,1.0,1.62
2022-04-08 17:00:00,184,19.2,2.4,47.0,0.0,1.0,1.66
2022-04-08 18:00:00,105,22.3,3.0,23.0,0.0,1.0,0.81
2022-04-08 18:00:00,108,18.4,3.4,31.0,0.0,1.0,0.82
2022-04-08 18:00:00,112,15.1,1.6,38.0,0.0,1.0,0.89
2022-04-08 18:00:00,119,19.4,3.0,31.0,0.0,1.0,0.81
2022-04-08 18:00:00,133,20.8,1.6,23.0,0.0,1.0,0.88
2022-04-08 18:00:00,143,23.0,1.7,22.0,0.0,1.0,0.77
2022-04-08 18:00:00,146,20.1,2.3,28.0,0.0,1.0,0.81
2022-04-08 18:00:00,156,21.8,2.5,26.0,0.0,1.0,0.94
2022-04-08 18:00:00,159,15.6,5.9,51.0,0.0,1.0,0.82
2022-04-08 18:00:00,184,18.7,2.0,37.0,0.0,1.0,0.86
2022-04-08 19:00:00,105,20.9,1.7,25.0,0.0,0.4,0.14
2022-04-08 19:00:00,108,16.9,2.2,33.0,0.0,0.6,0.21
2022-04-08 19:00:00,112,14.1,1.5,34.0,3.0,0.5,0.21
2022-04-08 19:00:00,119,16.9,1.3,40.0,0.0,0.6,0.16
2022-04-08 19:00:00,133,19.1,1.2,23.0,0.0,0.5,0.19
2022-04-08 19:00:00,143,21.9,1.7,25.0,0.0,0.4,0.16
2022-04-08 19:00:00,146,17.7,2.0,30.0,0.0,0.6,0.18
2022-04-08 19:00:00,156,19.7,2.9,30.0,0.0,0.4,0.23
2022-04-08 19:00:00,159,14.5,4.9,70.0,0.0,0.5,0.15
2022-04-08 19:00:00,184,17.5,2.2,44.0,0.0,0.7,0.16
2022-04-08 20:00:00,105,20.0,2.7,25.0,0.0,,
2022-04-08 20:00:00,108,15.4,2.0,35.0,0.0,0.0,0.0
2022-04-08 20:00:00,112,13.3,2.0,36.0,1.0,0.0,0.0
2022-04-08 20:00:00,119,14.4,0.9,49.0,0.0,0.0,0.0
2022-04-08 20:00:00,133,17.6,2.1,29.0,0.0,,
2022-04-08 20:00:00,143,19.3,1.1,37.0,0.0,,
2022-04-08 20:00:00,146,16.8,1.6,33.0,0.0,,
2022-04-08 20:00:00,156,18.2,2.8,36.0,0.0,,
2022-04-08 20:00:00,159,14.3,3.0,69.0,0.0,,
2022-04-08 20:00:00,184,17.1,0.9,41.0,0.0,,
2022-04-08 21:00:00,105,19.8,2.9,26.0,0.0,,
2022-04-08 21:00:00,108,14.2,1.7,40.0,0.0,,
2022-04-08 21:00:00,112,13.1,2.5,38.0,0.0,,
2022-04-08 21:00:00,119,13.2,0.7,54.0,0.0,,
2022-04-08 21:00:00,133,16.2,2.4,33.0,0.0,,
2022-04-08 21:00:00,143,18.3,0.9,40.0,0.0,,
2022-04-08 21:00:00,146,16.0,0.6,37.0,0.0,,
2022-04-08 21:00:00,156,16.6,2.6,39.0,0.0,,
2022-04-08 21:00:00,159,14.1,3.8,68.0,0.0,,
2022-04-08 21:00:00,184,15.8,1.7,52.0,0.0,,
2022-04-08 22:00:00,105,19.5,4.1,27.0,0.0,,
2022-04-08 22:00:00,108,13.5,1.1,43.0,0.0,,
2022-04-08 22:00:00,112,13.2,2.2,41.0,1.0,,
2022-04-08 22:00:00,119,12.1,0.4,58.0,0.0,,
2022-04-08 22:00:00,133,15.1,1.4,32.0,0.0,,
2022-04-08 22:00:00,143,16.4,0.8,49.0,0.0,,
2022-04-08 22:00:00,146,14.5,1.4,44.0,5.0,,
2022-04-08 22:00:00,156,15.4,1.3,39.0,0.0,,
2022-04-08 22:00:00,159,13.8,2.3,69.0,0.0,,
2022-04-08 22:00:00,184,15.0,1.7,55.0,0.0,,
2022-04-08 23:00:00,105,19.5,6.1,26.0,0.0,,
2022-04-08 23:00:00,108,13.5,1.8,42.0,1.0,,
2022-04-08 23:00:00,112,13.8,3.1,37.0,0.0,,
2022-04-08 23:00:00,119,10.9,1.1,62.0,0.0,,
2022-04-08 23:00:00,133,14.1,1.8,37.0,1.0,,
2022-04-08 23:00:00,143,15.5,1.9,53.0,0.0,,
2022-04-08 23:00:00,146,13.2,1.7,51.0,0.0,,
2022-04-08 23:00:00,156,15.2,0.6,39.0,0.0,,
2022-04-08 23:00:00,159,13.5,1.4,73.0,0.0,,
2022-04-08 23:00:00,184,14.6,2.2,51.0,0.0,,
2022-04-09 00:00:00,105,19.4,5.9,26.0,0.0,,
2022-04-09 00:00:00,108,12.9,0.5,44.0,0.0,,
2022-04-09 00:00:00,112,13.9,3.7,36.0,2.0,,
2022-04-09 00:00:00,119,11.4,0.8,60.0,1.0,,
2022-04-09 00:00:00,133,13.3,1.7,40.0,0.0,,
2022-04-09 00:00:00,143,14.7,1.9,56.0,0.0,,
2022-04-09 00:00:00,146,12.5,1.5,51.0,1.0,,
2022-04-09 00:00:00,156,14.1,0.2,45.0,3.0,,
2022-04-09 00:00:00,159,13.4,3.5,76.0,0.0,,
2022-04-09 00:00:00,184,14.2,2.0,47.0,0.0,,
2022-04-09 01:00:00,105,19.1,5.1,26.0,0.0,,
2022-04-09 01:00:00,108,12.9,1.7,41.0,3.0,,
2022-04-09 01:00:00,112,13.7,3.9,37.0,0.0,,
2022-04-09 01:00:00,119,11.6,0.6,58.0,2.0,,
2022-04-09 01:00:00,133,12.2,1.8,46.0,0.0,,
2022-04-09 01:00:00,143,13.8,1.3,59.0,0.0,,
2022-04-09 01:00:00,146,12.8,1.9,47.0,0.0,,
2022-04-09 01:00:00,156,13.9,0.0,47.0,6.0,,
2022-04-09 01:00:00,159,13.4,3.7,76.0,0.0,,
2022-04-09 01:00:00,184,13.6,1.3,57.0,0.0,,
2022-04-09 02:00:00,105,19.2,6.2,23.0,0.0,,
2022-04-09 02:00:00,108,12.8,1.7,43.0,0.0,,
2022-04-09 02:00:00,112,13.6,4.6,39.0,2.0,,
2022-04-09 02:00:00,119,10.7,0.3,58.0,0.0,,
2022-04-09 02:00:00,133,11.5,1.6,49.0,0.0,,
2022-04-09 02:00:00,143,12.2,0.5,65.0,0.0,,
2022-04-09 02:00:00,146,13.1,1.1,45.0,5.0,,
2022-04-09 02:00:00,156,12.7,0.0,51.0,0.0,,
2022-04-09 02:00:00,159,13.3,4.8,76.0,0.0,,
2022-04-09 02:00:00,184,13.6,2.6,48.0,0.0,,
2022-04-09 03:00:00,105,19.0,5.4,22.0,0.0,,
2022-04-09 03:00:00,108,13.2,0.8,41.0,6.0,,
2022-04-09 03:00:00,112,13.5,4.1,39.0,2.0,,
2022-04-09 03:00:00,119,10.9,1.2,59.0,4.0,,
2022-04-09 03:00:00,133,11.0,1.6,52.0,0.0,,
2022-04-09 03:00:00,143,10.8,0.4,73.0,0.0,,
2022-04-09 03:00:00,146,13.5,1.4,43.0,4.0,,
2022-04-09 03:00:00,156,12.9,0.0,51.0,6.0,,
2022-04-09 03:00:00,159,13.0,3.0,75.0,2.0,,
2022-04-09 03:00:00,184,13.3,2.5,46.0,0.0,,
2022-04-09 04:00:00,105,19.3,7.7,20.0,0.0,,
2022-04-09 04:00:00,108,13.4,2.9,40.0,5.0,,
2022-04-09 04:00:00,112,13.3,4.2,40.0,2.0,,
2022-04-09 04:00:00,119,11.4,1.3,58.0,5.0,,
2022-04-09 04:00:00,133,10.6,0.7,54.0,0.0,,
2022-04-09 04:00:00,143,10.6,0.7,76.0,0.0,,
2022-04-09 04:00:00,146,12.9,1.4,46.0,0.0,,
2022-04-09 04:00:00,156,11.8,0.0,56.0,0.0,,
2022-04-09 04:00:00,159,13.3,6.0,72.0,0.0,,
2022-04-09 04:00:00,184,12.9,2.8,47.0,0.0,,
2022-04-09 05:00:00,105,19.4,8.7,27.0,0.0,,
2022-04-09 05:00:00,108,14.0,2.7,38.0,4.0,,
2022-04-09 05:00:00,112,13.2,3.9,43.0,4.0,,
2022-04-09 05:00:00,119,13.3,1.2,43.0,3.0,,
2022-04-09 05:00:00,133,10.3,1.2,57.0,0.0,,
2022-04-09 05:00:00,143,10.0,0.3,75.0,0.0,,
2022-04-09 05:00:00,146,12.6,1.7,48.0,0.0,,
2022-04-09 05:00:00,156,11.7,0.0,59.0,0.0,,
2022-04-09 05:00:00,159,12.9,4.3,73.0,0.0,,
2022-04-09 05:00:00,184,12.7,3.1,47.0,0.0,,
2022-04-09 06:00:00,105,19.9,8.7,38.0,0.0,0.0,0.0
2022-04-09 06:00:00,108,13.8,1.2,39.0,4.0,,
2022-04-09 06:00:00,112,13.3,5.6,46.0,4.0,,
2022-04-09 06:00:00,119,13.6,2.1,41.0,5.0,,
2022-04-09 06:00:00,133,9.9,1.7,57.0,0.0,,
2022-04-09 06:00:00,143,9.5,0.7,77.0,0.0,,
2022-04-09 06:00:00,146,12.5,1.5,47.0,2.0,,
2022-04-09 06:00:00,156,11.5,0.0,54.0,0.0,,
2022-04-09 06:00:00,159,12.8,5.7,72.0,0.0,,
2022-04-09 06:00:00,184,12.5,2.2,47.0,0.0,,
2022-04-09 07:00:00,105,19.5,6.0,34.0,0.0,0.3,0.16
2022-04-09 07:00:00,108,13.2,2.0,44.0,8.0,0.0,0.05
2022-04-09 07:00:00,112,13.7,1.2,48.0,9.0,0.0,0.05
2022-04-09 07:00:00,119,13.5,1.3,43.0,5.0,0.0,0.02
2022-04-09 07:00:00,133,10.3,2.0,57.0,0.0,0.0,0.11
2022-04-09 07:00:00,143,11.0,0.2,72.0,0.0,0.2,0.2
2022-04-09 07:00:00,146,13.3,1.6,45.0,5.0,0.0,0.09
2022-04-09 07:00:00,156,11.9,0.0,54.0,0.0,0.0,0.17
2022-04-09 07:00:00,159,14.6,5.9,51.0,0.0,0.0,0.14
2022-04-09 07:00:00,184,13.3,2.4,45.0,0.0,0.4,0.05
2022-04-09 08:00:00,105,20.1,7.5,32.0,0.0,1.0,0.78
2022-04-09 08:00:00,108,12.5,1.2,66.0,8.0,0.0,0.23
2022-04-09 08:00:00,112,13.9,3.7,52.0,9.0,0.0,0.12
2022-04-09 08:00:00,119,13.3,0.8,57.0,7.0,0.0,0.34
2022-04-09 08:00:00,133,13.5,2.2,48.0,0.0,1.0,0.63
2022-04-09 08:00:00,143,13.9,1.1,68.0,0.0,1.0,0.74
2022-04-09 08:00:00,146,16.4,1.4,39.0,0.0,0.7,0.59
2022-04-09 08:00:00,156,14.0,0.2,46.0,0.0,1.0,0.71
2022-04-09 08:00:00,159,16.0,7.6,44.0,0.0,1.0,0.78
2022-04-09 08:00:00,184,15.6,1.8,42.0,0.0,1.0,0.6
2022-04-09 09:00:00,105,21.5,3.5,32.0,0.0,1.0,1.51
2022-04-09 09:00:00,108,14.1,0.5,60.0,8.0,0.1,0.62
2022-04-09 09:00:00,112,15.0,4.0,53.0,4.0,0.1,0.61
2022-04-09 09:00:00,119,12.4,1.1,76.0,8.0,0.0,0.25
2022-04-09 09:00:00,133,17.8,2.9,29.0,2.0,1.0,1.34
2022-04-09 09:00:00,143,15.2,1.7,59.0,0.0,1.0,1.39
2022-04-09 09:00:00,146,20.0,1.1,30.0,0.0,1.0,1.3
2022-04-09 09:00:00,156,17.2,0.4,34.0,0.0,1.0,1.43
2022-04-09 09:00:00,159,17.3,4.9,43.0,0.0,1.0,1.62
2022-04-09 09:00:00,184,18.9,1.2,48.0,0.0,1.0,1.44
2022-04-09 10:00:00,105,23.3,3.7,33.0,0.0,1.0,2.17
2022-04-09 10:00:00,108,17.0,1.9,50.0,3.0,0.7,1.6
2022-04-09 10:00:00,112,17.3,4.5,46.0,0.0,1.0,1.88
2022-04-09 10:00:00,119,17.1,1.2,50.0,1.0,0.4,1.06
2022-04-09 10:00:00,133,20.8,3.4,29.0,0.0,0.9,1.96
2022-04-09 10:00:00,143,18.4,2.0,47.0,0.0,1.0,2.08
2022-04-09 10:00:00,146,21.7,2.6,31.0,0.0,1.0,1.96
2022-04-09 10:00:00,156,20.0,3.1,30.0,0.0,1.0,2.15
2022-04-09 10:00:00,159,18.2,4.3,53.0,0.0,1.0,2.3
2022-04-09 10:00:00,184,20.4,3.2,52.0,0.0,1.0,2.28
2022-04-09 11:00:00,105,24.3,6.8,34.0,0.0,1.0,2.79
2022-04-09 11:00:00,108,19.1,4.8,43.0,0.0,1.0,2.57
2022-04-09 11:00:00,112,18.8,5.4,42.0,0.0,1.0,2.51
2022-04-09 11:00:00,119,19.9,3.8,41.0,1.0,1.0,2.39
2022-04-09 11:00:00,133,22.5,3.7,33.0,0.0,1.0,2.61
2022-04-09 11:00:00,143,21.5,1.2,35.0,0.0,1.0,2.64
2022-04-09 11:00:00,146,23.0,1.8,30.0,0.0,1.0,2.53
2022-04-09 11:00:00,156,21.7,3.0,32.0,0.0,1.0,2.74
2022-04-09 11:00:00,159,18.8,6.2,60.0,0.0,1.0,2.81
2022-04-09 11:00:00,184,21.2,4.3,42.0,0.0,1.0,2.91
2022-04-09 12:00:00,105,25.9,5.4,32.0,0.0,1.0,3.15
2022-04-09 12:00:00,108,21.3,4.6,42.0,0.0,1.0,2.99
2022-04-09 12:00:00,112,19.2,6.7,43.0,0.0,1.0,2.9
2022-04-09 12:00:00,119,21.9,3.2,39.0,0.0,1.0,2.84
2022-04-09 12:00:00,133,23.6,3.4,31.0,0.0,1.0,2.97
2022-04-09 12:00:00,143,24.6,3.8,25.0,1.0,1.0,2.96
2022-04-09 12:00:00,146,24.5,1.3,29.0,0.0,1.0,2.88
2022-04-09 12:00:00,156,23.2,5.2,35.0,2.0,1.0,3.11
2022-04-09 12:00:00,159,19.1,5.6,59.0,0.0,1.0,3.15
2022-04-09 12:00:00,184,20.7,3.9,50.0,0.0,1.0,3.29
2022-04-09 13:00:00,105,26.2,8.1,30.0,0.0,1.0,3.24
2022-04-09 13:00:00,108,22.6,5.9,37.0,0.0,1.0,3.11
2022-04-09 13:00:00,112,19.4,6.9,43.0,0.0,1.0,3.07
2022-04-09 13:00:00,119,23.0,5.7,36.0,0.0,1.0,2.78
2022-04-09 13:00:00,133,24.6,3.3,31.0,0.0,1.0,3.1
2022-04-09 13:00:00,143,26.1,4.5,29.0,0.0,1.0,3.09
2022-04-09 13:00:00,146,25.0,3.0,33.0,0.0,1.0,3.01
2022-04-09 13:00:00,156,24.0,5.1,33.0,0.0,1.0,3.3
2022-04-09 13:00:00,159,19.2,6.1,61.0,0.0,1.0,3.29
2022-04-09 13:00:00,184,21.3,3.7,41.0,0.0,1.0,3.43
2022-04-09 14:00:00,105,26.9,7.5,28.0,5.0,1.0,3.1
2022-04-09 14:00:00,108,23.8,3.8,35.0,1.0,1.0,3.03
2022-04-09 14:00:00,112,19.7,8.0,42.0,0.0,1.0,2.99
2022-04-09 14:00:00,119,23.3,6.3,33.0,0.0,1.0,2.83
2022-04-09 14:00:00,133,25.3,3.1,31.0,0.0,1.0,2.98
2022-04-09 14:00:00,143,27.4,4.0,27.0,0.0,1.0,2.97
2022-04-09 14:00:00,146,25.0,4.2,31.0,0.0,1.0,2.97
2022-04-09 14:00:00,156,24.9,4.4,31.0,0.0,1.0,3.22
2022-04-09 14:00:00,159,20.1,7.2,55.0,0.0,1.0,3.14
2022-04-09 14:00:00,184,21.1,4.1,45.0,0.0,1.0,3.34
2022-04-09 15:00:00,105,27.1,7.2,27.0,1.0,1.0,2.74
2022-04-09 15:00:00,108,24.1,4.0,35.0,1.0,1.0,2.67
2022-04-09 15:00:00,112,19.7,6.2,43.0,3.0,1.0,2.62
2022-04-09 15:00:00,119,23.8,4.9,33.0,0.0,1.0,2.53
2022-04-09 15:00:00,133,25.6,3.5,31.0,0.0,1.0,2.67
2022-04-09 15:00:00,143,27.7,4.6,26.0,0.0,1.0,2.6
2022-04-09 15:00:00,146,25.4,4.7,31.0,0.0,1.0,2.65
2022-04-09 15:00:00,156,24.7,4.6,25.0,0.0,1.0,2.92
2022-04-09 15:00:00,159,19.9,6.0,57.0,0.0,1.0,2.78
2022-04-09 15:00:00,184,21.4,4.0,49.0,0.0,1.0,3.01
2022-04-09 16:00:00,105,26.9,6.7,27.0,3.0,1.0,2.16
2022-04-09 16:00:00,108,23.8,4.6,36.0,0.0,1.0,2.19
2022-04-09 16:00:00,112,18.8,6.6,45.0,0.0,1.0,2.16
2022-04-09 16:00:00,119,23.2,5.0,34.0,1.0,1.0,2.08
2022-04-09 16:00:00,133,25.5,3.2,31.0,0.0,1.0,2.18
2022-04-09 16:00:00,143,28.2,3.6,25.0,0.0,1.0,2.07
2022-04-09 16:00:00,146,25.6,3.3,34.0,0.0,1.0,2.12
2022-04-09 16:00:00,156,24.3,5.8,23.0,0.0,1.0,2.38
2022-04-09 16:00:00,159,19.9,7.0,48.0,0.0,1.0,2.24
2022-04-09 16:00:00,184,20.8,3.9,54.0,0.0,1.0,2.44
2022-04-09 17:00:00,105,26.7,4.2,27.0,,1.0,1.46
2022-04-09 17:00:00,108,22.5,5.0,38.0,0.0,1.0,1.49
2022-04-09 17:00:00,112,18.3,7.4,46.0,0.0,1.0,1.48
2022-04-09 17:00:00,119,22.1,4.6,38.0,0.0,1.0,1.37
2022-04-09 17:00:00,133,24.9,1.9,31.0,0.0,1.0,1.5
2022-04-09 17:00:00,143,27.4,2.6,23.0,0.0,1.0,1.41
2022-04-09 17:00:00,146,24.7,4.1,34.0,0.0,1.0,1.46
2022-04-09 17:00:00,156,23.1,5.2,23.0,0.0,1.0,1.69
2022-04-09 17:00:00,159,19.3,6.1,49.0,0.0,1.0,1.51
2022-04-09 17:00:00,184,20.3,2.4,55.0,0.0,1.0,1.69
2022-04-09 18:00:00,105,26.2,3.6,25.0,0.0,1.0,0.7
2022-04-09 18:00:00,108,21.4,3.3,40.0,0.0,1.0,0.68
2022-04-09 18:00:00,112,18.0,6.1,46.0,0.0,1.0,0.75
2022-04-09 18:00:00,119,20.9,3.2,41.0,0.0,1.0,0.69
2022-04-09 18:00:00,133,23.4,2.1,29.0,0.0,1.0,0.78
2022-04-09 18:00:00,143,25.1,2.2,25.0,0.0,1.0,0.73
2022-04-09 18:00:00,146,23.1,3.7,35.0,0.0,1.0,0.74
2022-04-09 18:00:00,156,21.5,4.0,24.0,0.0,1.0,0.9
2022-04-09 18:00:00,159,18.8,6.7,48.0,0.0,1.0,0.75
2022-04-09 18:00:00,184,19.5,4.0,59.0,0.0,1.0,0.85
2022-04-09 19:00:00,105,25.1,3.0,26.0,0.0,0.1,0.13
2022-04-09 19:00:00,108,19.5,4.4,43.0,0.0,0.2,0.18
2022-04-09 19:00:00,112,17.6,5.4,46.0,3.0,0.2,0.19
2022-04-09 19:00:00,119,19.7,3.4,42.0,0.0,0.2,0.13
2022-04-09 19:00:00,133,21.3,1.6,32.0,0.0,0.3,0.17
2022-04-09 19:00:00,143,23.3,1.7,31.0,0.0,0.3,0.15
2022-04-09 19:00:00,146,21.0,2.0,40.0,0.0,0.3,0.15
2022-04-09 19:00:00,156,19.2,4.8,25.0,0.0,0.4,0.24
2022-04-09 19:00:00,159,17.9,5.8,48.0,0.0,0.4,0.15
2022-04-09 19:00:00,184,17.8,1.8,65.0,0.0,0.6,0.15
2022-04-09 20:00:00,105,24.5,4.7,27.0,0.0,,
2022-04-09 20:00:00,108,18.5,4.6,44.0,0.0,0.0,0.0
2022-04-09 20:00:00,112,17.2,5.0,46.0,0.0,0.0,0.0
2022-04-09 20:00:00,119,18.9,2.8,43.0,0.0,0.0,0.0
2022-04-09 20:00:00,133,19.9,1.1,35.0,0.0,,
2022-04-09 20:00:00,143,20.6,1.4,39.0,0.0,,
2022-04-09 20:00:00,146,18.6,1.1,49.0,0.0,,
2022-04-09 20:00:00,156,18.0,2.4,30.0,0.0,0.0,0.04
2022-04-09 20:00:00,159,16.9,4.8,55.0,0.0,,
2022-04-09 20:00:00,184,17.3,1.7,62.0,0.0,,
2022-04-09 21:00:00,105,24.0,4.5,31.0,4.0,,
2022-04-09 21:00:00,108,18.1,3.6,46.0,0.0,,
2022-04-09 21:00:00,112,16.5,4.6,46.0,0.0,,
2022-04-09 21:00:00,119,18.3,2.9,41.0,0.0,,
2022-04-09 21:00:00,133,18.3,2.4,40.0,0.0,,
2022-04-09 21:00:00,143,19.4,0.4,45.0,0.0,,
2022-04-09 21:00:00,146,18.3,0.6,49.0,0.0,,
2022-04-09 21:00:00,156,16.9,1.8,36.0,0.0,,
2022-04-09 21:00:00,159,16.6,3.9,56.0,0.0,,
2022-04-09 21:00:00,184,16.4,0.6,65.0,0.0,,
2022-04-09 22:00:00,105,23.1,4.1,34.0,0.0,,
2022-04-09 22:00:00,108,17.7,4.1,46.0,0.0,,
2022-04-09 22:00:00,112,16.0,4.9,46.0,3.0,,
2022-04-09 22:00:00,119,17.4,1.8,45.0,0.0,,
2022-04-09 22:00:00,133,17.5,2.7,43.0,2.0,,
2022-04-09 22:00:00,143,17.9,0.7,48.0,0.0,,
2022-04-09 22:00:00,146,17.8,0.6,47.0,7.0,,
2022-04-09 22:00:00,156,16.2,1.2,39.0,2.0,,
2022-04-09 22:00:00,159,16.5,5.1,58.0,0.0,,
2022-04-09 22:00:00,184,15.9,0.7,67.0,0.0,,
2022-04-09 23:00:00,105,22.8,5.2,33.0,0.0,,
2022-04-09 23:00:00,108,17.1,2.2,46.0,0.0,,
2022-04-09 23:00:00,112,15.6,3.3,45.0,4.0,,
2022-04-09 23:00:00,119,17.1,1.8,47.0,0.0,,
2022-04-09 23:00:00,133,16.4,2.0,47.0,7.0,,
2022-04-09 23:00:00,143,17.4,0.4,50.0,0.0,,
2022-04-09 23:00:00,146,16.9,1.3,46.0,7.0,,
2022-04-09 23:00:00,156,15.4,0.9,47.0,0.0,,
2022-04-09 23:00:00,159,16.0,4.4,61.0,0.0,,
2022-04-09 23:00:00,184,15.2,1.3,64.0,0.0,,
2022-04-10 00:00:00,105,22.4,4.6,33.0,0.0,,
2022-04-10 00:00:00,108,16.2,0.4,47.0,0.0,,
2022-04-10 00:00:00,112,15.5,3.9,42.0,0.0,,
2022-04-10 00:00:00,119,16.1,1.1,50.0,0.0,,
2022-04-10 00:00:00,133,15.7,2.1,49.0,0.0,,
2022-04-10 00:00:00,143,16.4,0.8,58.0,0.0,,
2022-04-10 00:00:00,146,16.1,1.1,37.0,0.0,,
2022-04-10 00:00:00,156,14.7,0.0,48.0,0.0,,
2022-04-10 00:00:00,159,15.8,4.6,62.0,0.0,,
2022-04-10 00:00:00,184,14.6,1.4,58.0,0.0,,
2022-04-10 01:00:00,105,22.1,4.9,32.0,1.0,,
2022-04-10 01:00:00,108,15.2,1.2,52.0,0.0,,
2022-04-10 01:00:00,112,15.4,5.5,44.0,6.0,,
2022-04-10 01:00:00,119,16.8,2.6,45.0,4.0,,
2022-04-10 01:00:00,133,14.6,1.0,54.0,6.0,,
2022-04-10 01:00:00,143,14.9,0.7,58.0,1.0,,
2022-04-10 01:00:00,146,15.7,1.5,38.0,3.0,,
2022-04-10 01:00:00,156,14.4,0.0,52.0,0.0,,
2022-04-10 01:00:00,159,15.7,2.6,59.0,1.0,,
2022-04-10 01:00:00,184,14.3,1.4,59.0,0.0,,
2022-04-10 02:00:00,105,22.1,5.1,28.0,0.0,,
2022-04-10 02:00:00,108,14.8,1.2,54.0,1.0,,
2022-04-10 02:00:00,112,15.2,4.4,45.0,6.0,,
2022-04-10 02:00:00,119,14.1,1.1,58.0,4.0,,
2022-04-10 02:00:00,133,13.2,0.2,60.0,0.0,,
2022-04-10 02:00:00,143,14.0,0.9,61.0,2.0,,
2022-04-10 02:00:00,146,15.0,1.8,41.0,4.0,,
2022-04-10 02:00:00,156,13.4,0.0,56.0,6.0,,
2022-04-10 02:00:00,159,15.7,4.8,61.0,0.0,,
2022-04-10 02:00:00,184,14.0,1.9,61.0,0.0,,
2022-04-10 03:00:00,105,22.2,5.3,26.0,0.0,,
2022-04-10 03:00:00,108,14.5,1.7,52.0,0.0,,
2022-04-10 03:00:00,112,15.0,3.5,44.0,0.0,,
2022-04-10 03:00:00,119,12.0,0.6,67.0,0.0,,
2022-04-10 03:00:00,133,12.1,0.1,64.0,0.0,,
2022-04-10 03:00:00,143,13.0,0.7,68.0,0.0,,
2022-04-10 03:00:00,146,14.3,1.2,45.0,0.0,,
2022-04-10 03:00:00,156,13.0,0.0,59.0,0.0,,
2022-04-10 03:00:00,159,15.5,4.4,63.0,3.0,,
2022-04-10 03:00:00,184,13.5,1.7,63.0,0.0,,
2022-04-10 04:00:00,105,21.9,5.4,26.0,0.0,,
2022-04-10 04:00:00,108,13.8,0.9,54.0,0.0,,
2022-04-10 04:00:00,112,15.0,3.4,44.0,0.0,,
2022-04-10 04:00:00,119,10.7,0.9,71.0,0.0,,
2022-04-10 04:00:00,133,11.2,1.5,66.0,0.0,,
2022-04-10 04:00:00,143,12.8,0.7,70.0,0.0,,
2022-04-10 04:00:00,146,14.3,1.4,44.0,0.0,,
2022-04-10 04:00:00,156,11.7,1.2,66.0,0.0,,
2022-04-10 04:00:00,159,15.5,5.2,66.0,4.0,,
2022-04-10 04:00:00,184,13.1,3.3,63.0,2.0,,
2022-04-10 05:00:00,105,21.8,4.4,24.0,0.0,,
2022-04-10 05:00:00,108,13.3,0.6,55.0,0.0,,
2022-04-10 05:00:00,112,14.5,3.2,46.0,0.0,,
2022-04-10 05:00:00,119,9.8,0.8,76.0,0.0,,
2022-04-10 05:00:00,133,10.5,0.2,70.0,0.0,,
2022-04-10 05:00:00,143,11.8,0.1,70.0,0.0,,
2022-04-10 05:00:00,146,13.5,1.1,45.0,0.0,,
2022-04-10 05:00:00,156,11.7,1.1,66.0,0.0,,
2022-04-10 05:00:00,159,15.3,4.5,69.0,3.0,,
2022-04-10 05:00:00,184,12.7,1.9,64.0,5.0,,
2022-04-10 06:00:00,105,21.8,4.6,23.0,0.0,0.0,0.0
2022-04-10 06:00:00,108,12.9,0.6,57.0,0.0,,
2022-04-10 06:00:00,112,13.9,2.5,47.0,0.0,,
2022-04-10 06:00:00,119,8.9,1.0,79.0,0.0,,
2022-04-10 06:00:00,133,10.4,1.8,70.0,0.0,,
2022-04-10 06:00:00,143,11.7,1.1,70.0,0.0,,
2022-04-10 06:00:00,146,12.4,0.8,53.0,0.0,,
2022-04-10 06:00:00,156,11.8,0.8,65.0,0.0,,
2022-04-10 06:00:00,159,15.1,5.0,75.0,3.0,0.0,0.0
2022-04-10 06:00:00,184,12.5,2.5,60.0,3.0,,
2022-04-10 07:00:00,105,21.9,4.8,24.0,0.0,0.2,0.17
2022-04-10 07:00:00,108,13.0,0.5,57.0,0.0,0.0,0.11
2022-04-10 07:00:00,112,13.9,2.6,50.0,0.0,0.0,0.11
2022-04-10 07:00:00,119,9.9,0.3,78.0,0.0,0.1,0.1
2022-04-10 07:00:00,133,10.3,0.6,70.0,0.0,0.2,0.12
2022-04-10 07:00:00,143,12.9,0.8,69.0,0.0,0.3,0.21
2022-04-10 07:00:00,146,13.2,1.0,51.0,0.0,0.2,0.12
2022-04-10 07:00:00,156,11.5,0.7,69.0,0.0,0.3,0.19
2022-04-10 07:00:00,159,15.4,4.9,80.0,4.0,0.0,0.14
2022-04-10 07:00:00,184,13.0,2.3,61.0,8.0,0.1,0.06
2022-04-10 08:00:00,105,22.6,5.2,24.0,0.0,1.0,0.76
2022-04-10 08:00:00,108,14.8,1.6,55.0,0.0,1.0,0.62
2022-04-10 08:00:00,112,15.1,3.7,55.0,0.0,1.0,0.64
2022-04-10 08:00:00,119,15.3,0.4,64.0,0.0,1.0,0.62
2022-04-10 08:00:00,133,13.6,1.1,63.0,0.0,1.0,0.72
2022-04-10 08:00:00,143,15.9,0.9,57.0,0.0,1.0,0.83
2022-04-10 08:00:00,146,16.6,1.9,46.0,0.0,1.0,0.73
2022-04-10 08:00:00,156,14.1,0.2,59.0,1.0,1.0,0.82
2022-04-10 08:00:00,159,16.4,4.0,78.0,4.0,0.9,0.74
2022-04-10 08:00:00,184,15.4,1.7,59.0,7.0,0.5,0.5
2022-04-10 09:00:00,105,23.5,6.3,23.0,0.0,1.0,1.51
2022-04-10 09:00:00,108,17.2,1.6,49.0,0.0,1.0,1.38
2022-04-10 09:00:00,112,16.7,3.4,52.0,0.0,1.0,1.38
2022-04-10 09:00:00,119,18.6,1.2,48.0,0.0,1.0,1.35
2022-04-10 09:00:00,133,17.3,1.9,45.0,0.0,1.0,1.48
2022-04-10 09:00:00,143,17.2,2.0,53.0,0.0,1.0,1.56
2022-04-10 09:00:00,146,19.1,1.4,40.0,0.0,1.0,1.5
2022-04-10 09:00:00,156,17.4,0.8,51.0,2.0,1.0,1.59
2022-04-10 09:00:00,159,17.5,5.3,69.0,5.0,1.0,1.55
2022-04-10 09:00:00,184,18.4,1.5,51.0,9.0,1.0,1.18
2022-04-10 10:00:00,105,24.9,5.2,20.0,0.0,1.0,2.22
2022-04-10 10:00:00,108,19.4,2.0,42.0,0.0,1.0,2.09
2022-04-10 10:00:00,112,18.1,4.6,45.0,0.0,1.0,2.09
2022-04-10 10:00:00,119,19.9,2.2,39.0,0.0,1.0,2.05
2022-04-10 10:00:00,133,19.9,2.0,32.0,0.0,1.0,2.2
2022-04-10 10:00:00,143,20.0,2.5,45.0,0.0,1.0,2.26
2022-04-10 10:00:00,146,20.7,1.5,29.0,1.0,1.0,2.21
2022-04-10 10:00:00,156,19.9,2.3,44.0,4.0,1.0,2.34
2022-04-10 10:00:00,159,18.7,5.9,64.0,2.0,1.0,2.37
2022-04-10 10:00:00,184,18.7,2.4,52.0,9.0,0.7,1.56
2022-04-10 11:00:00,105,26.8,4.1,17.0,0.0,1.0,2.78
2022-04-10 11:00:00,108,21.3,2.3,36.0,0.0,1.0,2.69
2022-04-10 11:00:00,112,19.3,4.1,43.0,0.0,1.0,2.65
2022-04-10 11:00:00,119,20.7,2.7,34.0,0.0,1.0,2.62
2022-04-10 11:00:00,133,22.4,2.4,19.0,0.0,1.0,2.81
2022-04-10 11:00:00,143,21.4,2.2,42.0,2.0,1.0,2.81
2022-04-10 11:00:00,146,21.2,1.3,30.0,9.0,1.0,2.66
2022-04-10 11:00:00,156,21.3,3.5,36.0,3.0,1.0,2.85
2022-04-10 11:00:00,159,19.2,6.5,62.0,5.0,1.0,2.93
2022-04-10 11:00:00,184,19.5,3.1,51.0,9.0,0.8,1.97
2022-04-10 12:00:00,105,28.0,6.2,15.0,0.0,1.0,3.11
2022-04-10 12:00:00,108,22.6,3.0,29.0,0.0,1.0,3.1
2022-04-10 12:00:00,112,20.2,3.9,41.0,0.0,1.0,3.01
2022-04-10 12:00:00,119,22.0,2.4,30.0,0.0,1.0,2.93
2022-04-10 12:00:00,133,24.0,2.9,21.0,2.0,1.0,3.19
2022-04-10 12:00:00,143,23.4,2.5,37.0,5.0,1.0,2.93
2022-04-10 12:00:00,146,23.3,1.7,28.0,9.0,1.0,2.97
2022-04-10 12:00:00,156,23.5,2.8,33.0,5.0,1.0,3.24
2022-04-10 12:00:00,159,20.3,6.5,58.0,5.0,1.0,3.28
2022-04-10 12:00:00,184,20.5,1.9,53.0,9.0,1.0,2.69
2022-04-10 13:00:00,105,29.0,5.4,14.0,0.0,1.0,3.24
2022-04-10 13:00:00,108,23.3,3.9,28.0,0.0,1.0,3.25
2022-04-10 13:00:00,112,20.7,3.8,38.0,0.0,1.0,3.19
2022-04-10 13:00:00,119,23.1,1.5,29.0,0.0,1.0,3.1
2022-04-10 13:00:00,133,25.4,1.4,19.0,4.0,1.0,3.24
2022-04-10 13:00:00,143,24.6,2.8,32.0,5.0,1.0,2.95
2022-04-10 13:00:00,146,22.5,2.8,30.0,9.0,1.0,3.01
2022-04-10 13:00:00,156,25.2,2.3,31.0,6.0,1.0,3.33
2022-04-10 13:00:00,159,20.4,5.6,63.0,6.0,1.0,3.29
2022-04-10 13:00:00,184,19.9,2.3,62.0,9.0,1.0,3.08
2022-04-10 14:00:00,105,29.7,5.5,14.0,2.0,1.0,3.1
2022-04-10 14:00:00,108,24.1,3.2,26.0,0.0,1.0,3.15
2022-04-10 14:00:00,112,21.0,3.1,39.0,0.0,1.0,3.09
2022-04-10 14:00:00,119,24.5,1.6,31.0,0.0,1.0,2.98
2022-04-10 14:00:00,133,26.7,2.2,20.0,4.0,1.0,3.16
2022-04-10 14:00:00,143,26.5,3.4,25.0,7.0,1.0,2.85
2022-04-10 14:00:00,146,24.3,1.5,28.0,9.0,1.0,2.76
2022-04-10 14:00:00,156,25.7,3.1,26.0,7.0,1.0,2.95
2022-04-10 14:00:00,159,21.5,6.5,59.0,6.0,1.0,3.32
2022-04-10 14:00:00,184,19.6,2.9,57.0,8.0,1.0,2.73
2022-04-10 15:00:00,105,30.7,3.9,14.0,2.0,1.0,2.76
2022-04-10 15:00:00,108,25.0,3.0,26.0,0.0,1.0,2.84
2022-04-10 15:00:00,112,20.2,3.7,40.0,0.0,1.0,2.77
2022-04-10 15:00:00,119,24.2,3.2,30.0,0.0,1.0,2.66
2022-04-10 15:00:00,133,27.0,2.9,18.0,6.0,1.0,2.83
2022-04-10 15:00:00,143,27.1,3.0,24.0,8.0,1.0,2.21
2022-04-10 15:00:00,146,24.4,2.2,29.0,9.0,0.8,2.17
2022-04-10 15:00:00,156,26.0,3.3,31.0,7.0,1.0,2.79
2022-04-10 15:00:00,159,21.1,6.1,62.0,6.0,1.0,3.1
2022-04-10 15:00:00,184,20.3,3.7,54.0,9.0,1.0,2.61
2022-04-10 16:00:00,105,31.2,3.6,14.0,0.0,1.0,2.19
2022-04-10 16:00:00,108,24.2,3.9,29.0,0.0,1.0,2.3
2022-04-10 16:00:00,112,20.6,2.5,39.0,0.0,1.0,2.27
2022-04-10 16:00:00,119,23.6,4.0,34.0,1.0,1.0,2.18
2022-04-10 16:00:00,133,26.1,3.6,20.0,9.0,1.0,1.8
2022-04-10 16:00:00,143,26.7,3.6,25.0,8.0,0.8,1.65
2022-04-10 16:00:00,146,23.8,3.0,35.0,9.0,0.5,1.52
2022-04-10 16:00:00,156,24.5,2.2,38.0,6.0,0.9,1.88
2022-04-10 16:00:00,159,20.1,6.4,67.0,2.0,1.0,2.45
2022-04-10 16:00:00,184,20.4,3.5,51.0,9.0,1.0,1.92
2022-04-10 17:00:00,105,30.8,2.4,15.0,0.0,1.0,1.51
2022-04-10 17:00:00,108,23.2,4.1,33.0,1.0,1.0,1.61
2022-04-10 17:00:00,112,18.8,3.1,49.0,2.0,1.0,1.61
2022-04-10 17:00:00,119,22.3,4.3,33.0,3.0,1.0,1.58
2022-04-10 17:00:00,133,25.0,2.2,24.0,9.0,0.4,1.08
2022-04-10 17:00:00,143,26.4,1.5,27.0,8.0,0.7,1.2
2022-04-10 17:00:00,146,21.7,3.4,46.0,9.0,0.8,1.26
2022-04-10 17:00:00,156,22.6,4.9,42.0,8.0,0.5,1.12
2022-04-10 17:00:00,159,19.8,7.5,65.0,3.0,1.0,1.67
2022-04-10 17:00:00,184,19.8,2.9,60.0,9.0,0.1,0.93
2022-04-10 18:00:00,105,28.5,1.2,26.0,0.0,1.0,0.75
2022-04-10 18:00:00,108,21.6,3.2,36.0,0.0,1.0,0.83
2022-04-10 18:00:00,112,17.3,3.7,56.0,2.0,1.0,0.87
2022-04-10 18:00:00,119,20.4,4.4,40.0,2.0,1.0,0.82
2022-04-10 18:00:00,133,24.0,2.2,27.0,6.0,0.0,0.57
2022-04-10 18:00:00,143,25.0,2.2,34.0,8.0,0.0,0.6
2022-04-10 18:00:00,146,20.4,3.0,47.0,6.0,1.0,0.81
2022-04-10 18:00:00,156,20.9,3.5,49.0,9.0,0.0,0.58
2022-04-10 18:00:00,159,18.6,6.0,73.0,7.0,1.0,0.82
2022-04-10 18:00:00,184,19.1,1.1,65.0,8.0,0.2,0.56
2022-04-10 19:00:00,105,26.9,2.1,19.0,0.0,0.3,0.15
2022-04-10 19:00:00,108,18.8,4.0,50.0,1.0,0.5,0.21
2022-04-10 19:00:00,112,15.7,3.2,61.0,2.0,0.5,0.21
2022-04-10 19:00:00,119,18.7,2.1,52.0,0.0,0.5,0.17
2022-04-10 19:00:00,133,20.8,2.9,43.0,4.0,0.0,0.16
2022-04-10 19:00:00,143,23.7,2.6,36.0,7.0,0.0,0.16
2022-04-10 19:00:00,146,19.1,2.0,48.0,8.0,0.2,0.16
2022-04-10 19:00:00,156,19.7,2.5,54.0,7.0,0.0,0.18
2022-04-10 19:00:00,159,18.1,7.4,73.0,7.0,0.4,0.17
2022-04-10 19:00:00,184,19.0,0.6,60.0,9.0,0.0,0.09
2022-04-10 20:00:00,105,25.8,2.9,19.0,0.0,,
2022-04-10 20:00:00,108,17.7,2.8,55.0,6.0,0.0,0.0
2022-04-10 20:00:00,112,14.7,2.7,64.0,6.0,0.0,0.0
2022-04-10 20:00:00,119,17.1,1.2,59.0,6.0,0.0,0.0
2022-04-10 20:00:00,133,19.1,1.0,42.0,5.0,0.0,
2022-04-10 20:00:00,143,21.5,1.9,50.0,7.0,,
2022-04-10 20:00:00,146,18.1,1.3,58.0,10.0,0.0,0.0
2022-04-10 20:00:00,156,19.3,0.6,57.0,8.0,0.0,0.05
2022-04-10 20:00:00,159,17.8,5.7,77.0,5.0,,
2022-04-10 20:00:00,184,18.8,2.0,60.0,8.0,0.0,0.0
2022-04-10 21:00:00,105,25.3,4.4,21.0,5.0,,
2022-04-10 21:00:00,108,16.7,1.2,57.0,4.0,,
2022-04-10 21:00:00,112,14.8,1.8,64.0,4.0,,
2022-04-10 21:00:00,119,16.1,0.2,64.0,3.0,,
2022-04-10 21:00:00,133,18.1,1.1,46.0,7.0,,
2022-04-10 21:00:00,143,20.2,1.5,56.0,7.0,,
2022-04-10 21:00:00,146,18.4,0.8,58.0,9.0,,
2022-04-10 21:00:00,156,19.2,2.3,54.0,8.0,,
2022-04-10 21:00:00,159,17.5,3.2,77.0,6.0,,
2022-04-10 21:00:00,184,18.3,1.0,59.0,7.0,,
2022-04-10 22:00:00,105,24.6,3.5,22.0,3.0,,
2022-04-10 22:00:00,108,15.9,0.8,59.0,6.0,,
2022-04-10 22:00:00,112,14.9,2.4,62.0,4.0,,
2022-04-10 22:00:00,119,15.3,0.4,66.0,8.0,,
2022-04-10 22:00:00,133,17.5,1.2,50.0,10.0,,
2022-04-10 22:00:00,143,19.3,0.2,58.0,9.0,,
2022-04-10 22:00:00,146,17.6,1.3,56.0,10.0,,
2022-04-10 22:00:00,156,18.3,2.6,63.0,7.0,,
2022-04-10 22:00:00,159,16.9,4.1,79.0,7.0,,
2022-04-10 22:00:00,184,17.4,1.7,59.0,7.0,,
2022-04-10 23:00:00,105,24.1,4.6,25.0,6.0,,
2022-04-10 23:00:00,108,15.5,1.4,61.0,7.0,,
2022-04-10 23:00:00,112,15.2,1.6,62.0,5.0,,
2022-04-10 23:00:00,119,14.8,0.2,68.0,7.0,,
2022-04-10 23:00:00,133,16.7,1.6,52.0,9.0,,
2022-04-10 23:00:00,143,18.8,0.9,60.0,9.0,,
2022-04-10 23:00:00,146,17.4,0.4,57.0,10.0,,
2022-04-10 23:00:00,156,18.1,2.6,70.0,9.0,,
2022-04-10 23:00:00,159,16.8,3.7,81.0,5.0,,
2022-04-10 23:00:00,184,17.0,0.9,60.0,4.0,,
2022-04-11 00:00:00,105,23.2,5.4,27.0,9.0,,
2022-04-11 00:00:00,108,15.1,1.0,62.0,8.0,,
2022-04-11 00:00:00,112,15.3,1.7,61.0,8.0,,
2022-04-11 00:00:00,119,13.9,0.5,72.0,8.0,,
2022-04-11 00:00:00,133,16.1,1.1,55.0,9.0,,
2022-04-11 00:00:00,143,18.3,0.4,63.0,7.0,,
2022-04-11 00:00:00,146,16.8,1.3,58.0,9.0,,
2022-04-11 00:00:00,156,17.6,2.2,75.0,8.0,,
2022-04-11 00:00:00,159,16.6,3.2,81.0,8.0,,
2022-04-11 00:00:00,184,16.5,1.0,67.0,6.0,,
2022-04-11 01:00:00,105,22.8,5.3,30.0,6.0,,
2022-04-11 01:00:00,108,14.6,1.6,64.0,6.0,,
2022-04-11 01:00:00,112,15.3,1.9,61.0,6.0,,
2022-04-11 01:00:00,119,13.6,0.9,77.0,10.0,,
2022-04-11 01:00:00,133,15.6,1.0,58.0,9.0,,
2022-04-11 01:00:00,143,17.1,0.8,67.0,9.0,,
2022-04-11 01:00:00,146,16.0,1.9,62.0,7.0,,
2022-04-11 01:00:00,156,17.0,1.1,85.0,8.0,,
2022-04-11 01:00:00,159,16.4,3.3,81.0,5.0,,
2022-04-11 01:00:00,184,16.6,0.8,65.0,7.0,,
2022-04-11 02:00:00,105,22.2,4.3,30.0,7.0,,
2022-04-11 02:00:00,108,14.3,1.0,65.0,4.0,,
2022-04-11 02:00:00,112,15.1,2.1,63.0,5.0,,
2022-04-11 02:00:00,119,12.9,0.8,79.0,6.0,,
2022-04-11 02:00:00,133,15.0,1.3,64.0,10.0,,
2022-04-11 02:00:00,143,15.9,0.4,72.0,7.0,,
2022-04-11 02:00:00,146,15.5,1.9,66.0,7.0,,
2022-04-11 02:00:00,156,17.2,1.7,86.0,5.0,,
2022-04-11 02:00:00,159,16.8,4.6,77.0,6.0,,
2022-04-11 02:00:00,184,17.1,1.7,62.0,10.0,,
2022-04-11 03:00:00,105,21.5,4.2,35.0,6.0,,
2022-04-11 03:00:00,108,13.9,2.5,69.0,7.0,,
2022-04-11 03:00:00,112,15.2,2.4,64.0,5.0,,
2022-04-11 03:00:00,119,11.9,0.5,81.0,6.0,,
2022-04-11 03:00:00,133,14.5,1.8,65.0,7.0,,
2022-04-11 03:00:00,143,15.1,0.2,77.0,4.0,,
2022-04-11 03:00:00,146,15.3,1.6,70.0,7.0,,
2022-04-11 03:00:00,156,17.0,1.3,90.0,5.0,,
2022-04-11 03:00:00,159,16.7,4.7,77.0,9.0,,
2022-04-11 03:00:00,184,17.2,1.2,66.0,6.0,,
2022-04-11 04:00:00,105,20.6,5.1,40.0,6.0,,
2022-04-11 04:00:00,108,13.9,1.9,68.0,8.0,,
2022-04-11 04:00:00,112,15.2,2.1,65.0,5.0,,
2022-04-11 04:00:00,119,12.1,0.2,82.0,3.0,,
2022-04-11 04:00:00,133,13.9,0.1,68.0,6.0,,
2022-04-11 04:00:00,143,14.2,0.3,82.0,3.0,,
2022-04-11 04:00:00,146,15.8,2.0,72.0,3.0,,
2022-04-11 04:00:00,156,16.5,0.1,94.0,3.0,,
2022-04-11 04:00:00,159,15.5,2.8,88.0,7.0,,
2022-04-11 04:00:00,184,17.5,1.5,63.0,6.0,,
2022-04-11 05:00:00,105,20.4,5.5,43.0,9.0,,
2022-04-11 05:00:00,108,13.7,1.3,69.0,6.0,,
2022-04-11 05:00:00,112,15.2,2.8,66.0,2.0,,
2022-04-11 05:00:00,119,12.5,0.2,83.0,5.0,,
2022-04-11 05:00:00,133,12.9,0.4,71.0,6.0,,
2022-04-11 05:00:00,143,14.1,0.4,83.0,5.0,,
2022-04-11 05:00:00,146,15.7,1.3,75.0,4.0,,
2022-04-11 05:00:00,156,15.7,0.5,95.0,7.0,,
2022-04-11 05:00:00,159,15.2,1.8,90.0,2.0,,
2022-04-11 05:00:00,184,17.3,2.0,65.0,5.0,,
2022-04-11 06:00:00,105,20.0,3.9,47.0,7.0,0.0,0.0
2022-04-11 06:00:00,108,13.5,2.6,71.0,5.0,,
2022-04-11 06:00:00,112,15.3,2.6,66.0,3.0,,
2022-04-11 06:00:00,119,12.2,0.1,84.0,4.0,,
2022-04-11 06:00:00,133,12.4,0.6,75.0,2.0,,
2022-04-11 06:00:00,143,13.7,0.3,85.0,6.0,0.0,0.0
2022-04-11 06:00:00,146,15.8,1.7,77.0,8.0,,
2022-04-11 06:00:00,156,15.0,1.3,97.0,4.0,,
2022-04-11 06:00:00,159,15.1,1.0,88.0,3.0,0.0,0.0
2022-04-11 06:00:00,184,17.5,2.4,67.0,5.0,,
2022-04-11 07:00:00,105,19.9,3.6,48.0,6.0,0.0,0.12
2022-04-11 07:00:00,108,14.1,2.2,70.0,4.0,0.0,0.11
2022-04-11 07:00:00,112,16.0,2.2,64.0,5.0,0.2,0.13
2022-04-11 07:00:00,119,13.5,0.6,79.0,5.0,0.0,0.05
2022-04-11 07:00:00,133,12.4,0.5,74.0,2.0,0.5,0.14
2022-04-11 07:00:00,143,15.6,0.6,80.0,4.0,0.1,0.22
2022-04-11 07:00:00,146,16.9,1.7,74.0,1.0,0.3,0.11
2022-04-11 07:00:00,156,15.6,0.4,97.0,2.0,0.3,0.2
2022-04-11 07:00:00,159,15.7,0.0,84.0,3.0,0.0,0.12
2022-04-11 07:00:00,184,17.2,1.1,71.0,5.0,0.0,0.02
2022-04-11 08:00:00,105,21.3,1.5,44.0,0.0,1.0,0.83
2022-04-11 08:00:00,108,15.1,2.3,69.0,4.0,0.1,0.4
2022-04-11 08:00:00,112,17.0,2.2,60.0,6.0,0.2,0.47
2022-04-11 08:00:00,119,17.5,1.6,60.0,4.0,0.8,0.59
2022-04-11 08:00:00,133,14.9,1.0,68.0,2.0,1.0,0.74
2022-04-11 08:00:00,143,17.5,1.3,79.0,5.0,0.7,0.72
2022-04-11 08:00:00,146,18.8,2.0,67.0,0.0,1.0,0.75
2022-04-11 08:00:00,156,18.2,0.2,88.0,0.0,1.0,0.8
2022-04-11 08:00:00,159,18.2,2.8,73.0,8.0,0.6,0.66
2022-04-11 08:00:00,184,19.8,1.0,63.0,8.0,0.4,0.53
2022-04-11 09:00:00,105,23.2,3.3,38.0,1.0,1.0,1.68
2022-04-11 09:00:00,108,18.1,2.0,59.0,1.0,0.7,1.21
2022-04-11 09:00:00,112,19.4,3.6,52.0,2.0,0.7,1.4
2022-04-11 09:00:00,119,19.0,1.8,54.0,3.0,1.0,1.13
2022-04-11 09:00:00,133,17.8,1.1,59.0,0.0,1.0,1.47
2022-04-11 09:00:00,143,19.3,1.4,71.0,4.0,1.0,1.66
2022-04-11 09:00:00,146,21.8,1.6,59.0,0.0,1.0,1.46
2022-04-11 09:00:00,156,20.4,1.3,82.0,0.0,0.8,1.27
2022-04-11 09:00:00,159,19.3,2.6,72.0,9.0,0.0,0.91
2022-04-11 09:00:00,184,22.1,2.2,61.0,4.0,1.0,1.46
2022-04-11 10:00:00,105,24.6,3.1,37.0,0.0,1.0,2.35
2022-04-11 10:00:00,108,20.6,1.6,52.0,2.0,1.0,2.12
2022-04-11 10:00:00,112,21.4,2.6,51.0,3.0,1.0,2.1
2022-04-11 10:00:00,119,21.3,2.1,51.0,2.0,1.0,2.07
2022-04-11 10:00:00,133,21.3,1.9,52.0,0.0,1.0,2.2
2022-04-11 10:00:00,143,20.6,2.3,65.0,1.0,1.0,2.24
2022-04-11 10:00:00,146,23.2,2.2,55.0,0.0,1.0,2.17
2022-04-11 10:00:00,156,20.9,2.7,79.0,5.0,0.8,1.88
2022-04-11 10:00:00,159,20.5,2.9,66.0,9.0,0.3,1.49
2022-04-11 10:00:00,184,23.8,3.0,58.0,2.0,0.9,2.23
2022-04-11 11:00:00,105,26.2,1.4,34.0,0.0,1.0,2.87
2022-04-11 11:00:00,108,22.4,2.3,50.0,2.0,1.0,2.76
2022-04-11 11:00:00,112,21.2,3.8,56.0,3.0,0.8,2.26
2022-04-11 11:00:00,119,22.5,2.5,54.0,2.0,1.0,2.53
2022-04-11 11:00:00,133,23.8,2.2,48.0,0.0,1.0,2.76
2022-04-11 11:00:00,143,23.1,2.8,54.0,2.0,1.0,2.76
2022-04-11 11:00:00,146,25.0,2.2,49.0,5.0,1.0,2.89
2022-04-11 11:00:00,156,22.4,1.3,69.0,6.0,0.8,2.29
2022-04-11 11:00:00,159,20.8,2.8,65.0,8.0,0.0,1.35
2022-04-11 11:00:00,184,23.2,1.9,71.0,1.0,1.0,2.88
2022-04-11 12:00:00,105,26.1,2.4,35.0,0.0,1.0,3.2
2022-04-11 12:00:00,108,23.7,2.4,45.0,1.0,1.0,3.21
2022-04-11 12:00:00,112,22.1,4.2,55.0,2.0,0.7,2.39
2022-04-11 12:00:00,119,24.1,2.3,45.0,2.0,1.0,2.66
2022-04-11 12:00:00,133,24.4,1.9,44.0,3.0,0.9,2.91
2022-04-11 12:00:00,143,24.8,4.0,49.0,4.0,1.0,3.1
2022-04-11 12:00:00,146,24.9,1.5,46.0,3.0,1.0,3.21
2022-04-11 12:00:00,156,24.2,2.3,62.0,6.0,1.0,3.25
2022-04-11 12:00:00,159,20.5,3.3,65.0,9.0,0.1,1.46
2022-04-11 12:00:00,184,21.4,2.9,82.0,1.0,1.0,3.23
2022-04-11 13:00:00,105,26.4,2.8,33.0,0.0,1.0,3.32
2022-04-11 13:00:00,108,25.0,3.0,43.0,1.0,1.0,3.29
2022-04-11 13:00:00,112,22.9,2.8,54.0,1.0,1.0,3.23
2022-04-11 13:00:00,119,24.7,2.5,43.0,1.0,1.0,3.16
2022-04-11 13:00:00,133,26.3,3.0,38.0,0.0,1.0,3.26
2022-04-11 13:00:00,143,26.1,3.1,44.0,4.0,0.9,2.64
2022-04-11 13:00:00,146,26.1,1.8,43.0,3.0,0.9,2.89
2022-04-11 13:00:00,156,25.1,2.7,55.0,6.0,0.9,2.96
2022-04-11 13:00:00,159,19.6,2.9,68.0,10.0,0.0,1.0
2022-04-11 13:00:00,184,22.4,2.3,77.0,1.0,1.0,3.35
2022-04-11 14:00:00,105,27.7,2.6,28.0,2.0,1.0,3.18
2022-04-11 14:00:00,108,25.8,3.1,37.0,0.0,1.0,3.12
2022-04-11 14:00:00,112,22.7,3.6,52.0,0.0,1.0,3.1
2022-04-11 14:00:00,119,25.5,2.8,37.0,0.0,1.0,3.08
2022-04-11 14:00:00,133,27.0,2.3,36.0,0.0,1.0,3.17
2022-04-11 14:00:00,143,26.4,3.3,40.0,4.0,0.9,2.68
2022-04-11 14:00:00,146,25.4,2.1,41.0,3.0,0.9,2.7
2022-04-11 14:00:00,156,25.2,2.8,51.0,5.0,0.8,2.57
2022-04-11 14:00:00,159,18.6,3.2,72.0,10.0,0.0,0.56
2022-04-11 14:00:00,184,25.0,2.5,69.0,1.0,1.0,3.28
2022-04-11 15:00:00,105,27.7,2.7,28.0,2.0,1.0,2.86
2022-04-11 15:00:00,108,26.4,3.3,36.0,0.0,1.0,2.86
2022-04-11 15:00:00,112,22.7,3.0,54.0,0.0,1.0,2.77
2022-04-11 15:00:00,119,25.7,2.3,42.0,0.0,1.0,2.63
2022-04-11 15:00:00,133,27.8,2.7,32.0,0.0,1.0,2.85
2022-04-11 15:00:00,143,27.3,3.2,38.0,5.0,0.9,2.5
2022-04-11 15:00:00,146,25.8,3.0,40.0,3.0,1.0,2.6
2022-04-11 15:00:00,156,27.0,3.7,44.0,5.0,0.9,2.79
2022-04-11 15:00:00,159,16.8,3.7,88.0,10.0,0.0,0.43
2022-04-11 15:00:00,184,24.1,2.4,72.0,8.0,0.8,2.71
2022-04-11 16:00:00,105,27.5,2.7,28.0,6.0,1.0,2.27
2022-04-11 16:00:00,108,26.2,3.1,40.0,0.0,1.0,2.32
2022-04-11 16:00:00,112,21.8,3.0,59.0,0.0,1.0,2.26
2022-04-11 16:00:00,119,25.5,3.2,48.0,0.0,1.0,2.13
2022-04-11 16:00:00,133,28.1,2.2,31.0,0.0,1.0,2.3
2022-04-11 16:00:00,143,27.0,2.6,41.0,6.0,0.7,1.69
2022-04-11 16:00:00,146,25.9,2.7,43.0,4.0,0.6,1.52
2022-04-11 16:00:00,156,25.3,2.1,49.0,4.0,0.6,1.71
2022-04-11 16:00:00,159,17.5,4.0,82.0,10.0,0.0,0.48
2022-04-11 16:00:00,184,25.1,3.3,68.0,1.0,1.0,2.39
2022-04-11 17:00:00,105,27.9,1.5,29.0,7.0,1.0,1.53
2022-04-11 17:00:00,108,25.4,3.7,41.0,0.0,1.0,1.61
2022-04-11 17:00:00,112,21.5,3.3,63.0,0.0,1.0,1.61
2022-04-11 17:00:00,119,25.0,2.9,49.0,0.0,1.0,1.49
2022-04-11 17:00:00,133,27.9,2.8,30.0,0.0,1.0,1.6
2022-04-11 17:00:00,143,25.7,4.0,49.0,4.0,1.0,1.58
2022-04-11 17:00:00,146,25.8,3.5,46.0,1.0,0.9,1.47
2022-04-11 17:00:00,156,25.2,2.6,54.0,4.0,0.6,1.15
2022-04-11 17:00:00,159,18.0,4.4,82.0,9.0,0.0,0.74
2022-04-11 17:00:00,184,22.7,3.5,77.0,1.0,1.0,1.65
2022-04-11 18:00:00,105,27.7,1.2,24.0,3.0,1.0,0.78
2022-04-11 18:00:00,108,24.4,3.0,51.0,0.0,1.0,0.82
2022-04-11 18:00:00,112,21.0,2.2,62.0,0.0,1.0,0.87
2022-04-11 18:00:00,119,23.5,2.7,56.0,0.0,1.0,0.77
2022-04-11 18:00:00,133,26.7,2.2,33.0,0.0,1.0,0.83
2022-04-11 18:00:00,143,24.3,2.9,55.0,1.0,0.9,0.75
2022-04-11 18:00:00,146,24.7,2.2,51.0,0.0,1.0,0.76
2022-04-11 18:00:00,156,23.0,4.7,63.0,3.0,0.8,0.66
2022-04-11 18:00:00,159,17.6,3.8,85.0,7.0,0.0,0.44
2022-04-11 18:00:00,184,20.8,1.9,83.0,0.0,1.0,0.81
2022-04-11 19:00:00,105,26.7,1.6,26.0,1.0,0.3,0.15
2022-04-11 19:00:00,108,22.2,3.7,59.0,0.0,0.4,0.21
2022-04-11 19:00:00,112,19.3,4.4,71.0,3.0,0.5,0.21
2022-04-11 19:00:00,119,21.6,2.0,61.0,0.0,0.5,0.17
2022-04-11 19:00:00,133,24.7,1.8,38.0,0.0,0.5,0.19
2022-04-11 19:00:00,143,22.2,2.2,64.0,0.0,0.3,0.16
2022-04-11 19:00:00,146,22.4,1.8,61.0,0.0,0.3,0.17
2022-04-11 19:00:00,156,21.2,4.1,76.0,2.0,0.4,0.23
2022-04-11 19:00:00,159,17.0,2.7,89.0,4.0,0.0,0.09
2022-04-11 19:00:00,184,18.3,1.0,97.0,0.0,0.5,0.13
2022-04-11 20:00:00,105,25.6,2.6,33.0,0.0,,
2022-04-11 20:00:00,108,20.6,2.3,67.0,0.0,0.0,0.0
2022-04-11 20:00:00,112,18.5,1.9,74.0,4.0,0.0,0.0
2022-04-11 20:00:00,119,18.6,1.3,73.0,0.0,0.0,0.0
2022-04-11 20:00:00,133,23.2,1.5,47.0,0.0,0.0,0.0
2022-04-11 20:00:00,143,20.9,1.7,69.0,0.0,,
2022-04-11 20:00:00,146,21.2,1.8,69.0,0.0,0.0,0.0
2022-04-11 20:00:00,156,20.2,3.8,83.0,0.0,0.0,0.05
2022-04-11 20:00:00,159,16.0,2.4,96.0,0.0,,
2022-04-11 20:00:00,184,17.7,1.0,98.0,0.0,0.0,0.0
2022-04-11 21:00:00,105,24.9,2.0,35.0,0.0,,
2022-04-11 21:00:00,108,19.4,2.9,71.0,0.0,,
2022-04-11 21:00:00,112,17.7,1.5,78.0,0.0,,
2022-04-11 21:00:00,119,17.8,1.1,80.0,0.0,,
2022-04-11 21:00:00,133,21.9,2.0,52.0,0.0,,
2022-04-11 21:00:00,143,20.1,1.8,72.0,0.0,,
2022-04-11 21:00:00,146,20.6,0.4,72.0,4.0,,
2022-04-11 21:00:00,156,19.6,1.7,87.0,2.0,,
2022-04-11 21:00:00,159,16.1,2.4,97.0,0.0,,
2022-04-11 21:00:00,184,18.2,1.4,99.0,6.0,,
2022-04-11 22:00:00,105,24.3,1.8,36.0,0.0,,
2022-04-11 22:00:00,108,18.6,3.1,75.0,0.0,,
2022-04-11 22:00:00,112,17.1,1.6,81.0,4.0,,
2022-04-11 22:00:00,119,17.0,0.5,85.0,0.0,,
2022-04-11 22:00:00,133,21.0,2.3,58.0,0.0,,
2022-04-11 22:00:00,143,19.3,1.3,76.0,0.0,,
2022-04-11 22:00:00,146,19.8,0.9,76.0,0.0,,
2022-04-11 22:00:00,156,19.2,2.5,89.0,1.0,,
2022-04-11 22:00:00,159,16.3,3.4,94.0,0.0,,
2022-04-11 22:00:00,184,17.9,1.6,99.0,0.0,,
2022-04-11 23:00:00,105,23.8,1.1,38.0,1.0,,
2022-04-11 23:00:00,108,18.2,1.7,77.0,0.0,,
2022-04-11 23:00:00,112,15.7,2.7,89.0,10.0,,
2022-04-11 23:00:00,119,16.2,0.8,90.0,0.0,,
2022-04-11 23:00:00,133,20.4,2.4,68.0,0.0,,
2022-04-11 23:00:00,143,18.6,0.6,81.0,5.0,,
2022-04-11 23:00:00,146,19.4,1.4,73.0,0.0,,
2022-04-11 23:00:00,156,18.5,2.5,93.0,4.0,,
2022-04-11 23:00:00,159,16.9,4.6,89.0,6.0,,
2022-04-11 23:00:00,184,17.8,1.7,90.0,0.0,,
2022-04-12 00:00:00,105,24.1,2.7,41.0,0.0,,
2022-04-12 00:00:00,108,17.7,1.8,81.0,8.0,,
2022-04-12 00:00:00,112,14.3,2.7,92.0,10.0,,
2022-04-12 00:00:00,119,15.5,1.4,96.0,6.0,,
2022-04-12 00:00:00,133,19.5,2.3,73.0,0.0,,
2022-04-12 00:00:00,143,18.0,0.6,83.0,0.0,,
2022-04-12 00:00:00,146,18.6,2.3,76.0,0.0,,
2022-04-12 00:00:00,156,18.1,1.5,94.0,0.0,,
2022-04-12 00:00:00,159,17.0,5.8,89.0,1.0,,
2022-04-12 00:00:00,184,17.2,1.3,79.0,0.0,,
2022-04-12 01:00:00,105,23.7,4.5,44.0,1.0,,
2022-04-12 01:00:00,108,18.0,3.6,85.0,9.0,,
2022-04-12 01:00:00,112,13.7,1.5,93.0,10.0,,
2022-04-12 01:00:00,119,16.2,0.8,97.0,7.0,,
2022-04-12 01:00:00,133,18.6,1.3,77.0,0.0,,
2022-04-12 01:00:00,143,17.5,0.2,86.0,1.0,,
2022-04-12 01:00:00,146,18.0,1.6,78.0,3.0,,
2022-04-12 01:00:00,156,18.1,0.8,94.0,5.0,,
2022-04-12 01:00:00,159,17.3,6.0,89.0,8.0,,
2022-04-12 01:00:00,184,17.0,0.2,86.0,0.0,,
2022-04-12 02:00:00,105,23.2,4.3,48.0,4.0,,
2022-04-12 02:00:00,108,17.8,2.4,87.0,9.0,,
2022-04-12 02:00:00,112,14.2,0.5,92.0,10.0,,
2022-04-12 02:00:00,119,16.5,0.6,95.0,9.0,,
2022-04-12 02:00:00,133,18.0,1.5,80.0,0.0,,
2022-04-12 02:00:00,143,16.8,0.7,90.0,0.0,,
2022-04-12 02:00:00,146,17.3,2.1,80.0,4.0,,
2022-04-12 02:00:00,156,17.0,0.1,97.0,5.0,,
2022-04-12 02:00:00,159,17.0,4.4,92.0,7.0,,
2022-04-12 02:00:00,184,16.9,1.2,79.0,4.0,,
2022-04-12 03:00:00,105,22.8,4.8,49.0,0.0,,
2022-04-12 03:00:00,108,17.6,1.3,86.0,9.0,,
2022-04-12 03:00:00,112,14.8,0.8,92.0,10.0,,
2022-04-12 03:00:00,119,16.2,0.6,95.0,8.0,,
2022-04-12 03:00:00,133,16.7,1.0,83.0,0.0,,
2022-04-12 03:00:00,143,15.9,0.5,94.0,2.0,,
2022-04-12 03:00:00,146,17.0,1.5,82.0,0.0,,
2022-04-12 03:00:00,156,17.2,0.5,97.0,5.0,,
2022-04-12 03:00:00,159,17.3,4.0,89.0,1.0,,
2022-04-12 03:00:00,184,16.3,0.2,82.0,0.0,,
2022-04-12 04:00:00,105,22.3,3.9,49.0,1.0,,
2022-04-12 04:00:00,108,17.4,1.5,87.0,10.0,,
2022-04-12 04:00:00,112,15.6,2.9,94.0,10.0,,
2022-04-12 04:00:00,119,16.4,0.7,95.0,9.0,,
2022-04-12 04:00:00,133,16.1,0.0,86.0,0.0,,
2022-04-12 04:00:00,143,16.4,1.5,91.0,4.0,,
2022-04-12 04:00:00,146,16.3,1.6,84.0,4.0,,
2022-04-12 04:00:00,156,16.4,1.3,98.0,4.0,,
2022-04-12 04:00:00,159,16.6,3.2,95.0,9.0,,
2022-04-12 04:00:00,184,16.0,0.3,96.0,4.0,,
2022-04-12 05:00:00,105,21.7,4.3,53.0,0.0,,
2022-04-12 05:00:00,108,17.3,0.4,87.0,9.0,,
2022-04-12 05:00:00,112,15.8,1.7,94.0,10.0,,
2022-04-12 05:00:00,119,16.5,0.5,94.0,7.0,,
2022-04-12 05:00:00,133,15.6,0.0,87.0,0.0,,
2022-04-12 05:00:00,143,15.4,1.5,94.0,5.0,,
2022-04-12 05:00:00,146,16.1,1.6,85.0,0.0,,
2022-04-12 05:00:00,156,16.1,0.6,99.0,5.0,,
2022-04-12 05:00:00,159,16.0,2.3,97.0,10.0,,
2022-04-12 05:00:00,184,15.6,1.0,100.0,10.0,,
2022-04-12 06:00:00,105,21.5,3.1,51.0,0.0,0.0,0.0
2022-04-12 06:00:00,108,17.6,2.2,85.0,9.0,,
2022-04-12 06:00:00,112,15.7,1.2,94.0,10.0,,
2022-04-12 06:00:00,119,16.7,0.8,93.0,7.0,,
2022-04-12 06:00:00,133,15.2,1.0,87.0,6.0,,
2022-04-12 06:00:00,143,15.6,0.6,94.0,2.0,0.0,0.0
2022-04-12 06:00:00,146,16.1,1.6,85.0,3.0,,
2022-04-12 06:00:00,156,15.3,0.2,99.0,6.0,,
2022-04-12 06:00:00,159,16.6,2.3,95.0,8.0,0.0,0.0
2022-04-12 06:00:00,184,15.7,1.6,97.0,8.0,,
2022-04-12 07:00:00,105,21.9,3.7,52.0,0.0,0.4,0.19
2022-04-12 07:00:00,108,17.8,3.1,83.0,10.0,0.0,0.05
2022-04-12 07:00:00,112,15.9,3.3,93.0,10.0,0.0,0.04
2022-04-12 07:00:00,119,16.6,1.3,94.0,8.0,0.0,0.05
2022-04-12 07:00:00,133,14.9,1.0,87.0,7.0,0.0,0.11
2022-04-12 07:00:00,143,16.1,0.0,93.0,4.0,0.0,0.23
2022-04-12 07:00:00,146,17.7,1.1,79.0,5.0,0.2,0.2
2022-04-12 07:00:00,156,16.5,0.0,99.0,7.0,0.0,0.2
2022-04-12 07:00:00,159,16.2,2.5,97.0,3.0,0.0,0.16
2022-04-12 07:00:00,184,16.6,1.7,95.0,2.0,0.0,0.03
2022-04-12 08:00:00,105,23.1,2.6,49.0,2.0,1.0,0.89
2022-04-12 08:00:00,108,17.9,2.6,84.0,8.0,0.0,0.18
2022-04-12 08:00:00,112,16.3,3.9,92.0,9.0,0.0,0.2
2022-04-12 08:00:00,119,18.3,0.8,87.0,8.0,0.2,0.4
2022-04-12 08:00:00,133,16.1,0.1,84.0,2.0,0.3,0.48
2022-04-12 08:00:00,143,18.8,0.6,82.0,7.0,0.2,0.59
2022-04-12 08:00:00,146,18.7,1.4,75.0,0.0,0.6,0.55
2022-04-12 08:00:00,156,17.5,0.0,97.0,9.0,0.1,0.33
2022-04-12 08:00:00,159,17.2,2.8,92.0,0.0,0.9,0.82
2022-04-12 08:00:00,184,18.8,2.0,87.0,0.0,0.9,0.65
2022-04-12 09:00:00,105,24.5,2.6,44.0,7.0,1.0,1.37
2022-04-12 09:00:00,108,18.7,2.7,78.0,8.0,0.0,0.59
2022-04-12 09:00:00,112,17.1,3.5,89.0,9.0,0.0,0.66
2022-04-12 09:00:00,119,19.3,2.3,81.0,9.0,0.3,0.78
2022-04-12 09:00:00,133,19.1,1.8,72.0,0.0,1.0,1.44
2022-04-12 09:00:00,143,19.6,1.5,76.0,9.0,0.8,1.48
2022-04-12 09:00:00,146,20.2,1.2,67.0,0.0,1.0,1.43
2022-04-12 09:00:00,156,19.5,2.8,83.0,7.0,0.2,0.97
2022-04-12 09:00:00,159,18.6,3.1,86.0,5.0,0.7,1.29
2022-04-12 09:00:00,184,21.3,3.4,78.0,0.0,1.0,1.5
2022-04-12 10:00:00,105,24.8,1.9,44.0,0.0,1.0,2.24
2022-04-12 10:00:00,108,19.6,3.2,72.0,7.0,0.2,1.14
2022-04-12 10:00:00,112,18.0,3.3,83.0,9.0,0.1,1.01
2022-04-12 10:00:00,119,20.9,3.8,66.0,8.0,0.6,1.6
2022-04-12 10:00:00,133,21.4,3.0,61.0,0.0,1.0,2.18
2022-04-12 10:00:00,143,21.5,1.5,69.0,2.0,0.9,2.08
2022-04-12 10:00:00,146,21.6,0.8,58.0,0.0,1.0,2.13
2022-04-12 10:00:00,156,21.2,2.5,72.0,0.0,0.8,1.97
2022-04-12 10:00:00,159,19.5,2.8,82.0,7.0,0.4,1.7
2022-04-12 10:00:00,184,22.3,2.7,73.0,0.0,1.0,2.29
2022-04-12 11:00:00,105,24.0,2.1,44.0,0.0,1.0,2.74
2022-04-12 11:00:00,108,22.0,4.0,67.0,7.0,0.4,1.79
2022-04-12 11:00:00,112,18.9,5.2,76.0,9.0,0.4,1.87
2022-04-12 11:00:00,119,20.6,2.9,66.0,8.0,0.6,1.5
2022-04-12 11:00:00,133,23.8,1.6,56.0,0.0,1.0,2.77
2022-04-12 11:00:00,143,22.7,2.5,65.0,0.0,1.0,2.72
2022-04-12 11:00:00,146,23.2,3.2,59.0,0.0,1.0,2.69
2022-04-12 11:00:00,156,24.0,2.7,65.0,0.0,1.0,2.85
2022-04-12 11:00:00,159,21.1,5.1,78.0,6.0,0.9,3.03
2022-04-12 11:00:00,184,22.7,3.6,71.0,1.0,1.0,2.87
2022-04-12 12:00:00,105,24.1,2.0,43.0,1.0,1.0,3.08
2022-04-12 12:00:00,108,23.1,3.8,63.0,7.0,0.5,2.24
2022-04-12 12:00:00,112,19.2,3.9,74.0,8.0,0.6,2.31
2022-04-12 12:00:00,119,21.8,3.7,62.0,7.0,0.9,2.39
2022-04-12 12:00:00,133,24.8,3.3,46.0,1.0,1.0,3.02
2022-04-12 12:00:00,143,24.9,2.5,55.0,0.0,1.0,3.04
2022-04-12 12:00:00,146,24.1,2.1,53.0,1.0,1.0,3.0
2022-04-12 12:00:00,156,24.9,2.4,59.0,0.0,1.0,3.19
2022-04-12 12:00:00,159,19.6,6.3,84.0,5.0,0.3,2.04
2022-04-12 12:00:00,184,23.2,4.1,70.0,1.0,1.0,3.24
2022-04-12 13:00:00,105,24.2,2.6,43.0,7.0,1.0,2.98
2022-04-12 13:00:00,108,24.5,2.9,58.0,3.0,1.0,2.96
2022-04-12 13:00:00,112,20.5,5.2,69.0,7.0,1.0,3.22
2022-04-12 13:00:00,119,23.6,4.1,55.0,6.0,0.9,2.73
2022-04-12 13:00:00,133,26.5,3.2,45.0,1.0,1.0,3.2
2022-04-12 13:00:00,143,27.0,1.6,41.0,0.0,1.0,3.2
2022-04-12 13:00:00,146,25.4,3.1,49.0,0.0,1.0,3.12
2022-04-12 13:00:00,156,25.6,2.0,51.0,0.0,1.0,3.33
2022-04-12 13:00:00,159,20.8,5.8,78.0,0.0,0.4,2.34
2022-04-12 13:00:00,184,23.0,4.5,71.0,1.0,1.0,3.38
2022-04-12 14:00:00,105,24.9,1.8,43.0,7.0,1.0,2.73
2022-04-12 14:00:00,108,25.9,3.0,54.0,4.0,1.0,3.01
2022-04-12 14:00:00,112,19.4,3.0,70.0,7.0,1.0,2.9
2022-04-12 14:00:00,119,24.0,4.9,51.0,7.0,1.0,2.72
2022-04-12 14:00:00,133,26.6,3.8,43.0,2.0,1.0,2.99
2022-04-12 14:00:00,143,28.4,2.6,34.0,0.0,1.0,3.07
2022-04-12 14:00:00,146,25.3,3.0,53.0,0.0,1.0,3.0
2022-04-12 14:00:00,156,27.4,1.0,51.0,0.0,1.0,3.16
2022-04-12 14:00:00,159,21.2,6.8,75.0,0.0,1.0,3.23
2022-04-12 14:00:00,184,22.9,3.9,74.0,2.0,1.0,3.27
2022-04-12 15:00:00,105,25.0,2.3,41.0,6.0,0.9,2.3
2022-04-12 15:00:00,108,26.1,4.6,52.0,6.0,1.0,2.69
2022-04-12 15:00:00,112,18.7,4.8,72.0,3.0,1.0,2.69
2022-04-12 15:00:00,119,23.8,4.7,54.0,6.0,1.0,2.25
2022-04-12 15:00:00,133,26.9,3.5,41.0,4.0,1.0,2.72
2022-04-12 15:00:00,143,29.1,3.1,36.0,0.0,1.0,2.71
2022-04-12 15:00:00,146,25.3,2.8,51.0,0.0,1.0,2.68
2022-04-12 15:00:00,156,28.4,3.2,45.0,0.0,1.0,2.88
2022-04-12 15:00:00,159,21.2,5.9,73.0,0.0,1.0,2.95
2022-04-12 15:00:00,184,21.4,2.9,78.0,1.0,1.0,2.93
2022-04-12 16:00:00,105,23.7,3.0,44.0,7.0,0.9,1.78
2022-04-12 16:00:00,108,25.9,3.1,54.0,2.0,1.0,2.08
2022-04-12 16:00:00,112,18.3,5.6,75.0,6.0,0.9,2.1
2022-04-12 16:00:00,119,23.9,3.2,55.0,3.0,1.0,1.98
2022-04-12 16:00:00,133,26.8,3.0,34.0,0.0,1.0,2.29
2022-04-12 16:00:00,143,29.0,2.3,35.0,0.0,1.0,2.06
2022-04-12 16:00:00,146,26.3,2.2,51.0,0.0,1.0,2.16
2022-04-12 16:00:00,156,28.5,2.9,44.0,0.0,1.0,2.33
2022-04-12 16:00:00,159,20.7,6.0,76.0,0.0,1.0,2.38
2022-04-12 16:00:00,184,20.5,3.5,81.0,1.0,1.0,2.37
2022-04-12 17:00:00,105,19.2,6.5,62.0,9.0,0.2,0.93
2022-04-12 17:00:00,108,22.8,5.2,65.0,6.0,0.8,1.21
2022-04-12 17:00:00,112,14.8,4.3,86.0,10.0,0.0,0.42
2022-04-12 17:00:00,119,22.7,5.0,62.0,3.0,1.0,1.44
2022-04-12 17:00:00,133,26.3,2.9,41.0,1.0,1.0,1.51
2022-04-12 17:00:00,143,29.9,2.7,35.0,0.0,1.0,1.4
2022-04-12 17:00:00,146,24.6,2.7,55.0,0.0,1.0,1.46
2022-04-12 17:00:00,156,27.3,1.5,49.0,2.0,1.0,1.64
2022-04-12 17:00:00,159,19.2,6.9,85.0,0.0,1.0,1.63
2022-04-12 17:00:00,184,19.9,3.2,87.0,2.0,1.0,1.64
2022-04-12 18:00:00,105,15.1,3.6,77.0,7.0,0.2,0.36
2022-04-12 18:00:00,108,17.9,6.3,84.0,10.0,0.1,0.27
2022-04-12 18:00:00,112,13.6,2.4,85.0,10.0,0.0,0.08
2022-04-12 18:00:00,119,16.2,4.8,88.0,10.0,0.8,0.67
2022-04-12 18:00:00,133,25.0,2.3,48.0,2.0,1.0,0.75
2022-04-12 18:00:00,143,28.9,2.3,36.0,5.0,1.0,0.69
2022-04-12 18:00:00,146,22.9,2.5,62.0,3.0,1.0,0.76
2022-04-12 18:00:00,156,24.6,3.3,64.0,5.0,1.0,0.85
2022-04-12 18:00:00,159,17.3,5.1,95.0,7.0,0.8,0.87
2022-04-12 18:00:00,184,17.7,2.1,95.0,2.0,0.2,0.53
2022-04-12 19:00:00,105,14.0,4.8,77.0,5.0,0.0,0.02
2022-04-12 19:00:00,108,16.7,4.1,87.0,10.0,0.0,0.02
2022-04-12 19:00:00,112,14.0,1.0,85.0,9.0,0.0,0.02
2022-04-12 19:00:00,119,15.0,3.6,92.0,4.0,0.0,0.01
2022-04-12 19:00:00,133,23.7,1.6,50.0,0.0,0.4,0.19
2022-04-12 19:00:00,143,26.9,1.5,47.0,3.0,0.2,0.15
2022-04-12 19:00:00,146,19.2,3.8,80.0,4.0,0.1,0.14
2022-04-12 19:00:00,156,22.3,3.4,78.0,6.0,0.1,0.22
2022-04-12 19:00:00,159,16.6,4.4,99.0,5.0,0.0,0.08
2022-04-12 19:00:00,184,17.9,2.7,93.0,7.0,0.2,0.12
2022-04-12 20:00:00,105,13.2,4.1,77.0,10.0,,
2022-04-12 20:00:00,108,17.0,2.6,85.0,10.0,0.0,0.0
2022-04-12 20:00:00,112,13.8,0.9,85.0,10.0,0.0,0.0
2022-04-12 20:00:00,119,14.6,3.2,91.0,9.0,0.0,0.0
2022-04-12 20:00:00,133,21.6,2.0,61.0,7.0,0.0,0.0
2022-04-12 20:00:00,143,24.8,1.4,56.0,4.0,,
2022-04-12 20:00:00,146,18.0,1.8,85.0,4.0,0.0,0.0
2022-04-12 20:00:00,156,20.5,3.8,89.0,6.0,0.0,0.05
2022-04-12 20:00:00,159,16.2,3.1,99.0,6.0,,
2022-04-12 20:00:00,184,16.7,1.1,99.0,4.0,0.0,0.0
2022-04-12 21:00:00,105,12.8,4.3,80.0,10.0,,
2022-04-12 21:00:00,108,17.2,2.0,87.0,10.0,,
2022-04-12 21:00:00,112,13.9,2.1,89.0,10.0,,
2022-04-12 21:00:00,119,14.8,1.2,90.0,10.0,,
2022-04-12 21:00:00,133,19.9,2.3,72.0,2.0,,
2022-04-12 21:00:00,143,24.7,1.5,55.0,0.0,,
2022-04-12 21:00:00,146,17.9,1.3,86.0,9.0,,
2022-04-12 21:00:00,156,19.9,2.0,92.0,9.0,,
2022-04-12 21:00:00,159,16.0,3.5,97.0,4.0,,
2022-04-12 21:00:00,184,17.0,2.5,99.0,2.0,,
2022-04-12 22:00:00,105,12.1,2.3,88.0,10.0,,
2022-04-12 22:00:00,108,17.3,1.1,89.0,10.0,,
2022-04-12 22:00:00,112,12.7,2.6,90.0,10.0,,
2022-04-12 22:00:00,119,15.2,1.8,89.0,9.0,,
2022-04-12 22:00:00,133,18.8,3.6,78.0,6.0,,
2022-04-12 22:00:00,143,22.8,1.1,63.0,6.0,,
2022-04-12 22:00:00,146,16.6,2.0,88.0,6.0,,
2022-04-12 22:00:00,156,19.8,2.0,93.0,5.0,,
2022-04-12 22:00:00,159,15.9,1.8,98.0,6.0,,
2022-04-12 22:00:00,184,17.1,1.0,99.0,6.0,,
2022-04-12 23:00:00,105,11.9,2.0,89.0,10.0,,
2022-04-12 23:00:00,108,16.5,2.8,86.0,10.0,,
2022-04-12 23:00:00,112,11.7,2.8,92.0,10.0,,
2022-04-12 23:00:00,119,14.8,2.8,89.0,10.0,,
2022-04-12 23:00:00,133,18.5,1.9,80.0,7.0,,
2022-04-12 23:00:00,143,22.3,2.0,67.0,4.0,,
2022-04-12 23:00:00,146,16.2,1.3,91.0,6.0,,
2022-04-12 23:00:00,156,19.4,1.7,96.0,6.0,,
2022-04-12 23:00:00,159,17.0,4.7,93.0,5.0,,
2022-04-12 23:00:00,184,17.1,1.5,100.0,5.0,,
2022-04-13 00:00:00,105,11.8,2.1,90.0,9.0,,
2022-04-13 00:00:00,108,15.9,2.4,88.0,10.0,,
2022-04-13 00:00:00,112,11.9,0.9,92.0,10.0,,
2022-04-13 00:00:00,119,13.7,1.9,94.0,10.0,,
2022-04-13 00:00:00,133,17.7,3.5,81.0,9.0,,
2022-04-13 00:00:00,143,21.2,0.4,70.0,6.0,,
2022-04-13 00:00:00,146,15.0,2.2,94.0,9.0,,
2022-04-13 00:00:00,156,18.7,1.5,97.0,8.0,,
2022-04-13 00:00:00,159,16.9,3.4,92.0,6.0,,
2022-04-13 00:00:00,184,17.7,1.1,98.0,8.0,,
2022-04-13 01:00:00,105,11.5,2.4,91.0,9.0,,
2022-04-13 01:00:00,108,15.7,1.3,88.0,10.0,,
2022-04-13 01:00:00,112,12.1,1.3,92.0,10.0,,
2022-04-13 01:00:00,119,13.6,1.2,94.0,9.0,,
2022-04-13 01:00:00,133,17.2,2.7,83.0,8.0,,
2022-04-13 01:00:00,143,19.4,2.0,77.0,7.0,,
2022-04-13 01:00:00,146,14.5,0.8,95.0,9.0,,
2022-04-13 01:00:00,156,18.4,1.2,99.0,8.0,,
2022-04-13 01:00:00,159,15.7,3.8,90.0,6.0,,
2022-04-13 01:00:00,184,17.9,1.4,95.0,6.0,,
2022-04-13 02:00:00,105,11.3,0.8,92.0,8.0,,
2022-04-13 02:00:00,108,15.7,1.3,91.0,10.0,,
2022-04-13 02:00:00,112,12.0,1.5,93.0,10.0,,
2022-04-13 02:00:00,119,13.9,0.7,93.0,10.0,,
2022-04-13 02:00:00,133,17.1,2.7,83.0,9.0,,
2022-04-13 02:00:00,143,15.9,3.3,81.0,7.0,,
2022-04-13 02:00:00,146,14.7,0.1,94.0,8.0,,
2022-04-13 02:00:00,156,18.4,1.3,99.0,6.0,,
2022-04-13 02:00:00,159,14.0,3.3,88.0,6.0,,
2022-04-13 02:00:00,184,17.9,0.9,92.0,6.0,,
2022-04-13 03:00:00,105,10.7,3.5,93.0,9.0,,
2022-04-13 03:00:00,108,15.5,2.1,93.0,10.0,,
2022-04-13 03:00:00,112,12.0,0.1,93.0,10.0,,
2022-04-13 03:00:00,119,13.4,1.9,95.0,10.0,,
2022-04-13 03:00:00,133,17.0,3.0,83.0,9.0,,
2022-04-13 03:00:00,143,13.8,4.3,85.0,8.0,,
2022-04-13 03:00:00,146,15.1,0.3,93.0,9.0,,
2022-04-13 03:00:00,156,18.5,0.9,98.0,8.0,,
2022-04-13 03:00:00,159,13.4,2.9,88.0,9.0,,
2022-04-13 03:00:00,184,17.7,1.1,88.0,7.0,,
2022-04-13 04:00:00,105,9.8,4.4,92.0,10.0,,
2022-04-13 04:00:00,108,15.3,2.2,94.0,10.0,,
2022-04-13 04:00:00,112,12.2,1.2,94.0,10.0,,
2022-04-13 04:00:00,119,13.0,0.8,98.0,10.0,,
2022-04-13 04:00:00,133,16.8,2.9,84.0,9.0,,
2022-04-13 04:00:00,143,13.4,5.3,88.0,9.0,,
2022-04-13 04:00:00,146,15.6,0.4,91.0,8.0,,
2022-04-13 04:00:00,156,18.4,0.9,99.0,8.0,,
2022-04-13 04:00:00,159,13.2,2.4,88.0,9.0,,
2022-04-13 04:00:00,184,17.4,1.1,96.0,6.0,,
2022-04-13 05:00:00,105,9.4,2.7,92.0,10.0,,
2022-04-13 05:00:00,108,15.1,3.3,92.0,10.0,,
2022-04-13 05:00:00,112,12.0,3.5,95.0,10.0,,
2022-04-13 05:00:00,119,13.1,1.2,98.0,10.0,,
2022-04-13 05:00:00,133,16.8,1.0,84.0,9.0,,
2022-04-13 05:00:00,143,13.9,4.3,85.0,9.0,,
2022-04-13 05:00:00,146,15.4,0.8,92.0,7.0,,
2022-04-13 05:00:00,156,17.9,0.6,99.0,7.0,,
2022-04-13 05:00:00,159,13.0,2.7,89.0,9.0,,
2022-04-13 05:00:00,184,16.7,1.3,99.0,8.0,,
2022-04-13 06:00:00,105,9.3,2.0,91.0,9.0,0.0,0.0
2022-04-13 06:00:00,108,13.9,4.3,92.0,10.0,,
2022-04-13 06:00:00,112,12.1,2.0,95.0,10.0,,
2022-04-13 06:00:00,119,13.3,0.2,100.0,10.0,,
2022-04-13 06:00:00,133,16.7,0.9,84.0,9.0,,
2022-04-13 06:00:00,143,13.5,5.9,86.0,10.0,0.0,0.0
2022-04-13 06:00:00,146,15.4,0.0,92.0,9.0,,
2022-04-13 06:00:00,156,18.0,0.4,99.0,7.0,,
2022-04-13 06:00:00,159,12.9,2.7,90.0,9.0,0.0,0.0
2022-04-13 06:00:00,184,16.3,0.4,100.0,10.0,,
2022-04-13 07:00:00,105,9.2,2.2,93.0,10.0,0.0,0.0
2022-04-13 07:00:00,108,13.6,3.2,91.0,10.0,0.0,0.01
2022-04-13 07:00:00,112,11.4,4.7,93.0,10.0,0.0,0.01
2022-04-13 07:00:00,119,13.7,1.0,100.0,10.0,0.0,0.0
2022-04-13 07:00:00,133,16.6,0.6,85.0,9.0,0.0,0.03
2022-04-13 07:00:00,143,13.0,5.2,87.0,10.0,0.0,0.07
2022-04-13 07:00:00,146,15.3,1.8,92.0,9.0,0.0,0.06
2022-04-13 07:00:00,156,18.0,0.0,99.0,10.0,0.0,0.11
2022-04-13 07:00:00,159,13.1,3.0,90.0,10.0,0.0,0.04
2022-04-13 07:00:00,184,16.8,0.9,100.0,7.0,0.0,0.03
2022-04-13 08:00:00,105,8.9,3.1,89.0,9.0,0.0,0.06
2022-04-13 08:00:00,108,13.3,5.3,87.0,10.0,0.0,0.13
2022-04-13 08:00:00,112,11.2,4.4,90.0,10.0,0.0,0.1
2022-04-13 08:00:00,119,14.0,0.8,99.0,10.0,0.0,0.0
2022-04-13 08:00:00,133,16.9,0.1,83.0,10.0,0.0,0.1
2022-04-13 08:00:00,143,12.8,6.5,86.0,10.0,0.0,0.3
2022-04-13 08:00:00,146,15.1,0.3,93.0,10.0,0.0,0.14
2022-04-13 08:00:00,156,18.6,0.4,99.0,10.0,0.0,0.27
2022-04-13 08:00:00,159,12.9,3.2,91.0,9.0,0.0,0.11
2022-04-13 08:00:00,184,18.5,1.3,87.0,2.0,0.7,0.63
2022-04-13 09:00:00,105,8.6,3.0,90.0,10.0,0.0,0.07
2022-04-13 09:00:00,108,13.5,5.0,82.0,10.0,0.0,0.3
2022-04-13 09:00:00,112,11.7,4.3,85.0,10.0,0.0,0.25
2022-04-13 09:00:00,119,13.1,2.2,94.0,10.0,0.0,0.0
2022-04-13 09:00:00,133,17.2,1.6,83.0,10.0,0.0,0.16
2022-04-13 09:00:00,143,12.9,5.7,83.0,10.0,0.0,0.55
2022-04-13 09:00:00,146,16.1,0.3,87.0,10.0,0.0,0.27
2022-04-13 09:00:00,156,19.0,0.5,98.0,10.0,0.0,0.43
2022-04-13 09:00:00,159,13.2,4.1,86.0,9.0,0.0,0.2
2022-04-13 09:00:00,184,19.4,4.2,85.0,5.0,1.0,1.53
2022-04-13 10:00:00,105,8.3,2.7,89.0,9.0,0.0,0.14
2022-04-13 10:00:00,108,13.4,5.3,74.0,10.0,0.0,0.38
2022-04-13 10:00:00,112,12.7,5.3,77.0,10.0,0.0,0.47
2022-04-13 10:00:00,119,11.6,2.5,94.0,10.0,0.0,0.1
2022-04-13 10:00:00,133,17.4,1.8,83.0,10.0,0.0,0.2
2022-04-13 10:00:00,143,13.2,7.0,78.0,10.0,0.0,1.27
2022-04-13 10:00:00,146,17.3,0.7,82.0,10.0,0.0,0.7
2022-04-13 10:00:00,156,20.0,0.9,92.0,10.0,0.0,0.75
2022-04-13 10:00:00,159,13.9,4.1,80.0,9.0,0.0,0.55
2022-04-13 10:00:00,184,18.7,3.9,89.0,6.0,0.7,1.97
2022-04-13 11:00:00,105,8.5,1.4,89.0,10.0,0.0,0.24
2022-04-13 11:00:00,108,13.4,5.6,71.0,10.0,0.0,0.64
2022-04-13 11:00:00,112,13.0,5.4,69.0,10.0,0.0,0.68
2022-04-13 11:00:00,119,11.3,3.2,89.0,10.0,0.0,0.42
2022-04-13 11:00:00,133,17.7,1.6,82.0,10.0,0.0,0.28
2022-04-13 11:00:00,143,13.1,7.8,74.0,10.0,0.0,1.13
2022-04-13 11:00:00,146,18.3,0.6,78.0,10.0,0.0,0.46
2022-04-13 11:00:00,156,19.0,0.2,99.0,10.0,0.0,0.71
2022-04-13 11:00:00,159,14.0,3.5,79.0,10.0,0.0,0.65
2022-04-13 11:00:00,184,19.6,4.8,86.0,8.0,1.0,2.74
2022-04-13 12:00:00,105,8.8,1.0,86.0,10.0,0.0,0.42
2022-04-13 12:00:00,108,13.3,6.1,68.0,10.0,0.0,0.57
2022-04-13 12:00:00,112,13.0,5.2,65.0,10.0,0.0,0.57
2022-04-13 12:00:00,119,11.1,2.7,86.0,10.0,0.0,0.11
2022-04-13 12:00:00,133,17.3,1.9,89.0,10.0,0.0,0.24
2022-04-13 12:00:00,143,13.8,6.3,70.0,10.0,0.0,0.98
2022-04-13 12:00:00,146,17.5,0.7,86.0,10.0,0.0,0.38
2022-04-13 12:00:00,156,20.5,0.8,97.0,10.0,0.0,1.22
2022-04-13 12:00:00,159,14.2,5.0,76.0,10.0,0.0,0.77
2022-04-13 12:00:00,184,19.7,5.8,89.0,8.0,0.2,2.35
2022-04-13 13:00:00,105,9.2,1.5,80.0,10.0,0.0,0.4
2022-04-13 13:00:00,108,13.1,5.3,67.0,10.0,0.0,0.51
2022-04-13 13:00:00,112,12.8,6.2,61.0,10.0,0.0,0.73
2022-04-13 13:00:00,119,11.3,1.9,84.0,10.0,0.0,0.41
2022-04-13 13:00:00,133,15.9,2.0,90.0,10.0,0.0,0.18
2022-04-13 13:00:00,143,13.7,7.7,68.0,10.0,0.0,1.53
2022-04-13 13:00:00,146,16.6,0.8,93.0,10.0,0.0,0.21
2022-04-13 13:00:00,156,21.7,0.7,91.0,10.0,0.0,1.11
2022-04-13 13:00:00,159,16.0,4.7,66.0,10.0,0.2,1.79
2022-04-13 13:00:00,184,20.8,3.7,84.0,10.0,0.3,2.19
2022-04-13 14:00:00,105,8.5,1.7,84.0,10.0,0.0,0.26
2022-04-13 14:00:00,108,12.3,5.1,55.0,10.0,0.0,0.28
2022-04-13 14:00:00,112,12.2,6.6,57.0,9.0,0.0,0.65
2022-04-13 14:00:00,119,11.0,3.1,81.0,10.0,0.0,0.19
2022-04-13 14:00:00,133,14.1,3.4,91.0,10.0,0.0,0.08
2022-04-13 14:00:00,143,13.3,7.7,66.0,10.0,0.0,0.66
2022-04-13 14:00:00,146,16.8,0.6,94.0,10.0,0.0,0.38
2022-04-13 14:00:00,156,20.8,3.4,80.0,10.0,0.0,0.83
2022-04-13 14:00:00,159,15.8,5.3,66.0,10.0,0.2,2.05
2022-04-13 14:00:00,184,22.6,5.3,78.0,8.0,0.4,2.05
2022-04-13 15:00:00,105,8.6,2.3,87.0,10.0,0.0,0.28
2022-04-13 15:00:00,108,12.2,5.7,55.0,10.0,0.0,0.3
2022-04-13 15:00:00,112,12.0,7.8,55.0,10.0,0.0,0.64
2022-04-13 15:00:00,119,10.9,3.0,79.0,10.0,0.0,0.18
2022-04-13 15:00:00,133,14.0,3.4,91.0,10.0,0.0,0.16
2022-04-13 15:00:00,143,12.8,7.8,70.0,10.0,0.0,0.43
2022-04-13 15:00:00,146,16.1,1.0,96.0,10.0,0.0,0.13
2022-04-13 15:00:00,156,20.4,4.2,78.0,10.0,0.0,1.03
2022-04-13 15:00:00,159,14.4,4.5,70.0,10.0,0.0,1.27
2022-04-13 15:00:00,184,22.0,4.8,78.0,10.0,0.1,1.3
2022-04-13 16:00:00,105,8.5,2.4,88.0,10.0,0.0,0.17
2022-04-13 16:00:00,108,12.3,7.4,57.0,10.0,0.0,0.51
2022-04-13 16:00:00,112,11.5,7.0,59.0,10.0,0.0,0.48
2022-04-13 16:00:00,119,10.1,4.7,83.0,10.0,0.0,0.14
2022-04-13 16:00:00,133,12.8,2.5,89.0,10.0,0.0,0.11
2022-04-13 16:00:00,143,12.1,6.4,77.0,10.0,0.0,0.38
2022-04-13 16:00:00,146,17.0,0.3,95.0,10.0,0.0,0.41
2022-04-13 16:00:00,156,19.5,2.6,81.0,10.0,0.0,0.46
2022-04-13 16:00:00,159,13.4,4.4,72.0,10.0,0.0,0.85
2022-04-13 16:00:00,184,19.6,5.6,84.0,10.0,0.0,0.65
2022-04-13 17:00:00,105,8.7,1.4,85.0,10.0,0.0,0.2
2022-04-13 17:00:00,108,12.2,6.6,58.0,10.0,0.0,0.23
2022-04-13 17:00:00,112,11.3,6.3,58.0,10.0,0.0,0.29
2022-04-13 17:00:00,119,10.1,4.7,80.0,10.0,0.0,0.12
2022-04-13 17:00:00,133,11.8,4.4,89.0,10.0,0.0,0.08
2022-04-13 17:00:00,143,11.6,5.7,77.0,10.0,0.0,0.2
2022-04-13 17:00:00,146,16.8,0.4,95.0,10.0,0.0,0.13
2022-04-13 17:00:00,156,18.7,3.3,82.0,10.0,0.0,0.28
2022-04-13 17:00:00,159,12.6,4.0,76.0,10.0,0.0,0.4
2022-04-13 17:00:00,184,18.7,5.9,85.0,10.0,0.0,0.25
2022-04-13 18:00:00,105,8.6,1.3,84.0,10.0,0.0,0.11
2022-04-13 18:00:00,108,12.3,4.9,58.0,10.0,0.0,0.15
2022-04-13 18:00:00,112,11.3,7.0,57.0,10.0,0.0,0.16
2022-04-13 18:00:00,119,10.3,4.5,76.0,10.0,0.0,0.0
2022-04-13 18:00:00,133,10.9,3.5,88.0,10.0,0.0,0.06
2022-04-13 18:00:00,143,11.4,5.3,78.0,10.0,0.0,0.14
2022-04-13 18:00:00,146,15.3,2.4,97.0,10.0,0.0,0.03
2022-04-13 18:00:00,156,17.9,4.0,85.0,10.0,0.0,0.14
2022-04-13 18:00:00,159,12.0,5.4,78.0,10.0,0.0,0.21
2022-04-13 18:00:00,184,17.8,5.6,86.0,10.0,0.0,0.03
2022-04-13 19:00:00,105,8.1,1.8,82.0,10.0,0.0,0.03
2022-04-13 19:00:00,108,12.3,4.4,59.0,10.0,0.0,0.04
2022-04-13 19:00:00,112,11.3,5.4,57.0,10.0,0.0,0.05
2022-04-13 19:00:00,119,10.2,5.2,78.0,10.0,0.0,0.0
2022-04-13 19:00:00,133,10.2,2.7,91.0,10.0,0.0,0.01
2022-04-13 19:00:00,143,10.9,4.9,81.0,10.0,0.0,0.0
2022-04-13 19:00:00,146,14.0,3.2,97.0,10.0,0.0,0.0
2022-04-13 19:00:00,156,15.9,3.7,98.0,10.0,0.0,0.08
2022-04-13 19:00:00,159,11.8,5.2,78.0,10.0,0.0,0.05
2022-04-13 19:00:00,184,17.1,5.4,91.0,10.0,0.0,0.0
2022-04-13 20:00:00,105,8.1,1.9,85.0,10.0,,
2022-04-13 20:00:00,108,12.2,5.0,59.0,10.0,0.0,0.01
2022-04-13 20:00:00,112,11.1,7.0,60.0,10.0,0.0,0.0
2022-04-13 20:00:00,119,10.4,3.9,75.0,10.0,0.0,0.0
2022-04-13 20:00:00,133,9.8,3.9,92.0,10.0,0.0,0.0
2022-04-13 20:00:00,143,10.2,4.8,81.0,10.0,,
2022-04-13 20:00:00,146,14.5,2.0,97.0,10.0,0.0,0.0
2022-04-13 20:00:00,156,15.2,3.4,99.0,10.0,0.0,0.05
2022-04-13 20:00:00,159,11.6,5.1,82.0,10.0,,
2022-04-13 20:00:00,184,16.1,4.3,94.0,10.0,0.0,0.0
2022-04-13 21:00:00,105,8.1,0.3,85.0,10.0,,
2022-04-13 21:00:00,108,12.2,6.1,57.0,10.0,,
2022-04-13 21:00:00,112,11.2,5.3,59.0,10.0,,
2022-04-13 21:00:00,119,10.5,4.8,69.0,10.0,,
2022-04-13 21:00:00,133,9.8,3.2,93.0,10.0,,
2022-04-13 21:00:00,143,9.8,4.8,81.0,10.0,,
2022-04-13 21:00:00,146,13.3,2.7,91.0,10.0,,
2022-04-13 21:00:00,156,14.8,0.1,99.0,10.0,,
2022-04-13 21:00:00,159,11.4,5.4,84.0,10.0,,
2022-04-13 21:00:00,184,15.6,3.6,95.0,10.0,,
2022-04-13 22:00:00,105,8.1,1.6,86.0,10.0,,
2022-04-13 22:00:00,108,12.0,5.6,52.0,9.0,,
2022-04-13 22:00:00,112,11.1,6.3,57.0,10.0,,
2022-04-13 22:00:00,119,10.6,5.2,65.0,10.0,,
2022-04-13 22:00:00,133,9.8,4.1,91.0,10.0,,
2022-04-13 22:00:00,143,9.9,4.4,83.0,10.0,,
2022-04-13 22:00:00,146,12.9,1.8,93.0,10.0,,
2022-04-13 22:00:00,156,14.9,0.7,99.0,10.0,,
2022-04-13 22:00:00,159,11.2,6.0,82.0,10.0,,
2022-04-13 22:00:00,184,15.0,4.2,96.0,10.0,,
2022-04-13 23:00:00,105,8.1,0.4,86.0,10.0,,
2022-04-13 23:00:00,108,12.0,4.9,49.0,10.0,,
2022-04-13 23:00:00,112,11.0,5.9,56.0,10.0,,
2022-04-13 23:00:00,119,10.7,3.9,62.0,10.0,,
2022-04-13 23:00:00,133,9.6,2.3,90.0,10.0,,
2022-04-13 23:00:00,143,9.8,4.7,84.0,10.0,,
2022-04-13 23:00:00,146,12.2,1.3,95.0,10.0,,
2022-04-13 23:00:00,156,14.9,0.0,99.0,10.0,,
2022-04-13 23:00:00,159,11.2,3.9,81.0,10.0,,
2022-04-13 23:00:00,184,14.7,4.5,95.0,10.0,,
2022-04-14 00:00:00,105,8.2,1.0,86.0,9.0,,
2022-04-14 00:00:00,108,12.1,6.4,49.0,10.0,,
2022-04-14 00:00:00,112,11.2,5.0,55.0,10.0,,
2022-04-14 00:00:00,119,10.0,3.7,66.0,10.0,,
2022-04-14 00:00:00,133,9.1,2.3,89.0,10.0,,
2022-04-14 00:00:00,143,9.7,4.2,88.0,10.0,,
2022-04-14 00:00:00,146,12.4,1.6,94.0,10.0,,
2022-04-14 00:00:00,156,14.4,0.0,98.0,10.0,,
2022-04-14 00:00:00,159,11.1,4.6,81.0,10.0,,
2022-04-14 00:00:00,184,14.5,4.0,95.0,10.0,,
2022-04-14 01:00:00,105,8.3,1.1,87.0,10.0,,
2022-04-14 01:00:00,108,12.2,4.1,49.0,10.0,,
2022-04-14 01:00:00,112,11.3,4.7,52.0,10.0,,
2022-04-14 01:00:00,119,8.9,3.1,83.0,10.0,,
2022-04-14 01:00:00,133,8.7,1.6,90.0,10.0,,
2022-04-14 01:00:00,143,9.9,4.2,86.0,10.0,,
2022-04-14 01:00:00,146,12.0,1.3,95.0,10.0,,
2022-04-14 01:00:00,156,13.5,0.8,99.0,10.0,,
2022-04-14 01:00:00,159,11.0,3.2,81.0,10.0,,
2022-04-14 01:00:00,184,14.4,3.9,95.0,10.0,,
2022-04-14 02:00:00,105,8.3,1.0,89.0,10.0,,
2022-04-14 02:00:00,108,12.2,4.8,49.0,10.0,,
2022-04-14 02:00:00,112,11.2,5.5,50.0,9.0,,
2022-04-14 02:00:00,119,8.6,4.0,87.0,10.0,,
2022-04-14 02:00:00,133,8.7,1.8,90.0,10.0,,
2022-04-14 02:00:00,143,9.9,4.7,83.0,10.0,,
2022-04-14 02:00:00,146,11.2,1.0,95.0,10.0,,
2022-04-14 02:00:00,156,13.2,0.5,99.0,10.0,,
2022-04-14 02:00:00,159,10.9,4.9,84.0,10.0,,
2022-04-14 02:00:00,184,14.2,5.1,94.0,10.0,,
2022-04-14 03:00:00,105,8.3,0.7,90.0,10.0,,
2022-04-14 03:00:00,108,12.2,3.8,48.0,10.0,,
2022-04-14 03:00:00,112,11.2,5.4,49.0,10.0,,
2022-04-14 03:00:00,119,8.4,3.3,86.0,10.0,,
2022-04-14 03:00:00,133,8.8,2.4,90.0,10.0,,
2022-04-14 03:00:00,143,9.7,3.8,80.0,10.0,,
2022-04-14 03:00:00,146,11.2,1.1,94.0,10.0,,
2022-04-14 03:00:00,156,12.9,0.8,98.0,10.0,,
2022-04-14 03:00:00,159,10.8,4.1,82.0,10.0,,
2022-04-14 03:00:00,184,14.0,4.2,95.0,10.0,,
2022-04-14 04:00:00,105,8.4,0.9,91.0,10.0,,
2022-04-14 04:00:00,108,12.2,4.5,46.0,10.0,,
2022-04-14 04:00:00,112,11.2,4.5,49.0,10.0,,
2022-04-14 04:00:00,119,8.4,3.7,84.0,10.0,,
2022-04-14 04:00:00,133,8.8,1.4,91.0,10.0,,
2022-04-14 04:00:00,143,9.5,3.7,81.0,10.0,,
2022-04-14 04:00:00,146,10.7,0.6,94.0,10.0,,
2022-04-14 04:00:00,156,12.7,1.7,97.0,10.0,,
2022-04-14 04:00:00,159,10.8,4.5,83.0,10.0,,
2022-04-14 04:00:00,184,13.5,4.4,97.0,10.0,,
2022-04-14 05:00:00,105,8.4,0.7,91.0,10.0,,
2022-04-14 05:00:00,108,12.1,4.2,47.0,10.0,,
2022-04-14 05:00:00,112,11.1,3.1,50.0,10.0,,
2022-04-14 05:00:00,119,8.8,4.6,77.0,10.0,,
2022-04-14 05:00:00,133,8.8,1.8,89.0,10.0,,
2022-04-14 05:00:00,143,9.2,3.4,84.0,10.0,,
2022-04-14 05:00:00,146,10.8,0.9,93.0,10.0,,
2022-04-14 05:00:00,156,12.6,0.7,97.0,10.0,,
2022-04-14 05:00:00,159,10.6,4.7,85.0,10.0,,
2022-04-14 05:00:00,184,13.5,4.0,96.0,10.0,,
2022-04-14 06:00:00,105,8.3,0.4,93.0,10.0,0.0,0.0
2022-04-14 06:00:00,108,11.9,4.8,51.0,10.0,0.0,0.0
2022-04-14 06:00:00,112,10.9,4.5,50.0,10.0,,
2022-04-14 06:00:00,119,9.1,3.9,74.0,10.0,,
2022-04-14 06:00:00,133,8.9,3.0,84.0,10.0,0.0,0.0
2022-04-14 06:00:00,143,9.5,3.5,81.0,10.0,0.0,0.0
2022-04-14 06:00:00,146,10.5,1.6,89.0,10.0,,
2022-04-14 06:00:00,156,12.1,1.9,98.0,10.0,,
2022-04-14 06:00:00,159,10.5,4.7,86.0,10.0,0.0,0.0
2022-04-14 06:00:00,184,13.5,4.5,96.0,10.0,,
2022-04-14 07:00:00,105,8.4,0.9,94.0,10.0,0.0,0.02
2022-04-14 07:00:00,108,11.9,4.1,56.0,10.0,0.0,0.02
2022-04-14 07:00:00,112,10.9,6.0,51.0,10.0,0.0,0.02
2022-04-14 07:00:00,119,9.5,3.3,71.0,10.0,0.0,0.0
2022-04-14 07:00:00,133,9.0,3.0,84.0,10.0,0.0,0.0
2022-04-14 07:00:00,143,10.0,3.7,78.0,10.0,0.0,0.05
2022-04-14 07:00:00,146,10.7,1.4,88.0,10.0,0.0,0.02
2022-04-14 07:00:00,156,12.0,1.1,97.0,10.0,0.0,0.1
2022-04-14 07:00:00,159,10.3,5.3,90.0,10.0,0.0,0.01
2022-04-14 07:00:00,184,14.1,4.3,94.0,10.0,0.0,0.0
2022-04-14 08:00:00,105,8.7,0.8,94.0,10.0,0.0,0.08
2022-04-14 08:00:00,108,12.1,4.7,60.0,10.0,0.0,0.13
2022-04-14 08:00:00,112,11.1,4.0,51.0,10.0,0.0,0.17
2022-04-14 08:00:00,119,10.0,3.4,71.0,10.0,0.0,0.02
2022-04-14 08:00:00,133,8.9,1.5,87.0,10.0,0.0,0.06
2022-04-14 08:00:00,143,10.0,3.8,77.0,10.0,0.0,0.16
2022-04-14 08:00:00,146,11.1,0.8,88.0,10.0,0.0,0.09
2022-04-14 08:00:00,156,12.7,2.1,96.0,10.0,0.0,0.31
2022-04-14 08:00:00,159,10.4,4.4,92.0,10.0,0.0,0.07
2022-04-14 08:00:00,184,14.4,4.5,94.0,10.0,0.0,0.0
2022-04-14 09:00:00,105,9.1,1.1,84.0,10.0,0.0,0.23
2022-04-14 09:00:00,108,12.2,4.3,65.0,10.0,0.0,0.28
2022-04-14 09:00:00,112,11.4,4.5,54.0,10.0,0.0,0.32
2022-04-14 09:00:00,119,9.8,3.5,77.0,10.0,0.0,0.16
2022-04-14 09:00:00,133,9.2,2.1,84.0,10.0,0.0,0.13
2022-04-14 09:00:00,143,10.4,3.9,76.0,10.0,0.0,0.3
2022-04-14 09:00:00,146,11.8,1.1,87.0,10.0,0.0,0.29
2022-04-14 09:00:00,156,13.6,2.8,89.0,10.0,0.0,0.76
2022-04-14 09:00:00,159,10.5,4.0,90.0,10.0,0.0,0.15
2022-04-14 09:00:00,184,14.2,9.3,95.0,10.0,0.0,0.0
2022-04-14 10:00:00,105,9.6,1.4,79.0,10.0,0.0,0.38
2022-04-14 10:00:00,108,12.2,5.3,64.0,10.0,0.0,0.49
2022-04-14 10:00:00,112,11.4,5.5,59.0,10.0,0.0,0.44
2022-04-14 10:00:00,119,10.2,4.6,77.0,10.0,0.0,0.31
2022-04-14 10:00:00,133,9.2,1.7,87.0,10.0,0.0,0.2
2022-04-14 10:00:00,143,10.9,3.2,74.0,10.0,0.0,0.48
2022-04-14 10:00:00,146,12.1,1.6,83.0,10.0,0.0,0.41
2022-04-14 10:00:00,156,14.8,2.3,78.0,10.0,0.0,1.32
2022-04-14 10:00:00,159,10.9,4.6,85.0,10.0,0.0,0.36
2022-04-14 10:00:00,184,12.9,5.9,97.0,10.0,0.0,0.11
2022-04-14 11:00:00,105,10.0,1.9,75.0,10.0,0.0,0.47
2022-04-14 11:00:00,108,13.2,4.2,59.0,10.0,0.0,0.8
2022-04-14 11:00:00,112,11.6,5.4,59.0,10.0,0.0,0.76
2022-04-14 11:00:00,119,10.5,5.3,72.0,10.0,0.0,0.36
2022-04-14 11:00:00,133,9.6,3.4,84.0,10.0,0.0,0.45
2022-04-14 11:00:00,143,11.5,2.6,69.0,10.0,0.0,0.58
2022-04-14 11:00:00,146,13.2,1.4,80.0,10.0,0.0,0.56
2022-04-14 11:00:00,156,15.3,3.2,77.0,10.0,0.0,1.14
2022-04-14 11:00:00,159,11.4,5.2,83.0,10.0,0.0,0.34
2022-04-14 11:00:00,184,13.8,4.9,92.0,10.0,0.0,0.29
2022-04-14 12:00:00,105,10.2,0.7,70.0,10.0,0.0,0.52
2022-04-14 12:00:00,108,14.3,3.8,57.0,10.0,0.0,1.3
2022-04-14 12:00:00,112,12.2,4.4,56.0,10.0,0.0,0.96
2022-04-14 12:00:00,119,11.3,5.2,67.0,10.0,0.0,0.68
2022-04-14 12:00:00,133,10.3,2.3,76.0,10.0,0.0,0.49
2022-04-14 12:00:00,143,12.0,4.9,67.0,10.0,0.0,0.77
2022-04-14 12:00:00,146,13.1,1.9,77.0,10.0,0.0,0.54
2022-04-14 12:00:00,156,16.2,4.7,71.0,10.0,0.0,1.32
2022-04-14 12:00:00,159,11.5,4.4,81.0,10.0,0.0,0.64
2022-04-14 12:00:00,184,14.2,5.0,91.0,10.0,0.0,0.18
2022-04-14 13:00:00,105,10.6,0.6,54.0,10.0,0.0,0.85
2022-04-14 13:00:00,108,14.8,4.1,53.0,10.0,0.0,1.54
2022-04-14 13:00:00,112,13.2,4.0,52.0,9.0,0.0,1.09
2022-04-14 13:00:00,119,12.4,4.2,62.0,10.0,0.0,1.68
2022-04-14 13:00:00,133,11.7,3.0,70.0,10.0,0.0,1.1
2022-04-14 13:00:00,143,12.2,3.4,66.0,10.0,0.0,0.85
2022-04-14 13:00:00,146,14.1,1.7,73.0,10.0,0.0,0.75
2022-04-14 13:00:00,156,16.6,2.6,71.0,10.0,0.0,1.41
2022-04-14 13:00:00,159,12.1,5.3,78.0,10.0,0.0,0.8
2022-04-14 13:00:00,184,14.0,5.3,88.0,10.0,0.0,0.12
2022-04-14 14:00:00,105,10.7,0.6,60.0,10.0,0.0,0.66
2022-04-14 14:00:00,108,15.1,3.4,52.0,9.0,0.0,1.63
2022-04-14 14:00:00,112,13.8,4.6,49.0,9.0,0.1,1.54
2022-04-14 14:00:00,119,13.1,3.0,59.0,9.0,0.0,1.4
2022-04-14 14:00:00,133,12.7,3.6,65.0,10.0,0.0,1.42
2022-04-14 14:00:00,143,12.4,4.3,65.0,10.0,0.0,0.86
2022-04-14 14:00:00,146,15.4,2.2,65.0,10.0,0.0,1.56
2022-04-14 14:00:00,156,18.5,3.4,61.0,7.0,0.2,2.23
2022-04-14 14:00:00,159,12.4,4.5,75.0,10.0,0.0,1.12
2022-04-14 14:00:00,184,13.9,4.6,86.0,10.0,0.0,0.14
2022-04-14 15:00:00,105,11.0,1.0,66.0,9.0,0.0,0.77
2022-04-14 15:00:00,108,15.1,4.4,50.0,9.0,0.0,1.36
2022-04-14 15:00:00,112,14.8,5.2,47.0,7.0,1.0,2.84
2022-04-14 15:00:00,119,13.4,4.3,58.0,9.0,0.0,1.04
2022-04-14 15:00:00,133,13.9,3.1,62.0,8.0,0.3,1.98
2022-04-14 15:00:00,143,12.5,4.2,64.0,10.0,0.0,0.91
2022-04-14 15:00:00,146,17.1,2.8,63.0,8.0,0.1,1.72
2022-04-14 15:00:00,156,19.2,2.3,59.0,7.0,1.0,2.66
2022-04-14 15:00:00,159,12.0,4.7,75.0,10.0,0.0,0.43
2022-04-14 15:00:00,184,14.2,4.3,84.0,10.0,0.0,0.24
2022-04-14 16:00:00,105,10.3,1.3,66.0,10.0,0.0,0.33
2022-04-14 16:00:00,108,15.0,3.1,50.0,9.0,0.0,0.81
2022-04-14 16:00:00,112,15.0,4.0,46.0,9.0,0.1,1.67
2022-04-14 16:00:00,119,14.1,4.4,53.0,9.0,0.1,1.45
2022-04-14 16:00:00,133,14.0,2.6,59.0,9.0,0.1,1.45
2022-04-14 16:00:00,143,12.9,3.1,64.0,10.0,0.0,0.75
2022-04-14 16:00:00,146,16.8,2.9,62.0,9.0,0.1,1.37
2022-04-14 16:00:00,156,19.7,2.4,58.0,7.0,0.9,2.21
2022-04-14 16:00:00,159,12.6,5.3,73.0,10.0,0.0,0.83
2022-04-14 16:00:00,184,14.2,4.1,83.0,9.0,0.0,0.27
2022-04-14 17:00:00,105,10.3,0.0,67.0,10.0,0.0,0.27
2022-04-14 17:00:00,108,15.1,3.2,50.0,8.0,0.0,0.58
2022-04-14 17:00:00,112,14.6,4.0,46.0,8.0,0.0,0.92
2022-04-14 17:00:00,119,14.1,3.3,52.0,9.0,0.0,1.0
2022-04-14 17:00:00,133,13.7,3.7,58.0,9.0,0.1,0.96
2022-04-14 17:00:00,143,12.2,4.4,68.0,9.0,0.0,0.59
2022-04-14 17:00:00,146,15.9,3.8,63.0,9.0,0.0,1.03
2022-04-14 17:00:00,156,19.2,0.9,60.0,8.0,0.4,1.35
2022-04-14 17:00:00,159,11.8,5.5,74.0,8.0,0.0,0.71
2022-04-14 17:00:00,184,14.2,3.6,83.0,9.0,0.0,0.18
2022-04-14 18:00:00,105,10.3,0.0,71.0,10.0,0.0,0.18
2022-04-14 18:00:00,108,15.0,2.4,49.0,8.0,0.0,0.42
2022-04-14 18:00:00,112,14.3,2.9,47.0,9.0,0.0,0.42
2022-04-14 18:00:00,119,13.7,4.1,52.0,7.0,0.2,0.49
2022-04-14 18:00:00,133,12.8,3.0,62.0,8.0,0.0,0.39
2022-04-14 18:00:00,143,11.8,4.0,70.0,9.0,0.0,0.34
2022-04-14 18:00:00,146,14.9,2.6,65.0,9.0,0.0,0.55
2022-04-14 18:00:00,156,18.4,2.7,61.0,9.0,0.0,0.5
2022-04-14 18:00:00,159,11.1,4.1,76.0,10.0,0.0,0.23
2022-04-14 18:00:00,184,14.1,4.0,84.0,9.0,0.0,0.04
2022-04-14 19:00:00,105,10.2,0.6,70.0,9.0,0.0,0.05
2022-04-14 19:00:00,108,14.1,2.8,50.0,6.0,0.0,0.16
2022-04-14 19:00:00,112,13.6,3.0,47.0,8.0,0.0,0.14
2022-04-14 19:00:00,119,13.3,2.5,52.0,7.0,0.0,0.04
2022-04-14 19:00:00,133,11.8,3.3,65.0,8.0,0.0,0.12
2022-04-14 19:00:00,143,11.4,3.5,70.0,10.0,0.0,0.07
2022-04-14 19:00:00,146,14.4,2.0,65.0,2.0,0.0,0.08
2022-04-14 19:00:00,156,17.3,2.2,66.0,0.0,0.0,0.1
2022-04-14 19:00:00,159,10.9,3.4,76.0,10.0,0.0,0.05
2022-04-14 19:00:00,184,14.2,3.9,80.0,10.0,0.0,0.01
2022-04-14 20:00:00,105,9.9,1.8,71.0,10.0,,
2022-04-14 20:00:00,108,13.4,3.4,51.0,7.0,0.0,0.0
2022-04-14 20:00:00,112,13.1,2.5,48.0,8.0,0.0,0.0
2022-04-14 20:00:00,119,13.0,3.1,51.0,8.0,0.0,0.0
2022-04-14 20:00:00,133,11.6,3.4,64.0,8.0,0.0,0.0
2022-04-14 20:00:00,143,11.0,3.5,70.0,9.0,,
2022-04-14 20:00:00,146,13.8,1.8,68.0,3.0,0.0,0.0
2022-04-14 20:00:00,156,16.9,2.5,70.0,9.0,0.0,0.05
2022-04-14 20:00:00,159,10.9,2.6,76.0,5.0,,
2022-04-14 20:00:00,184,14.3,2.8,79.0,10.0,0.0,0.0
2022-04-14 21:00:00,105,9.6,1.4,71.0,4.0,,
2022-04-14 21:00:00,108,13.1,3.0,52.0,9.0,,
2022-04-14 21:00:00,112,12.7,1.1,50.0,9.0,,
2022-04-14 21:00:00,119,12.0,2.8,57.0,9.0,,
2022-04-14 21:00:00,133,11.3,2.4,66.0,6.0,,
2022-04-14 21:00:00,143,10.8,3.1,67.0,8.0,,
2022-04-14 21:00:00,146,13.4,1.9,69.0,8.0,,
2022-04-14 21:00:00,156,16.0,2.2,79.0,9.0,,
2022-04-14 21:00:00,159,10.6,3.6,77.0,10.0,,
2022-04-14 21:00:00,184,14.1,2.0,82.0,9.0,,
2022-04-14 22:00:00,105,9.6,0.0,72.0,10.0,,
2022-04-14 22:00:00,108,12.6,3.5,52.0,9.0,,
2022-04-14 22:00:00,112,12.3,1.2,55.0,9.0,,
2022-04-14 22:00:00,119,12.1,2.5,54.0,10.0,,
2022-04-14 22:00:00,133,10.8,2.8,68.0,9.0,,
2022-04-14 22:00:00,143,10.6,2.4,66.0,0.0,,
2022-04-14 22:00:00,146,12.9,1.5,71.0,7.0,,
2022-04-14 22:00:00,156,15.7,2.2,72.0,8.0,,
2022-04-14 22:00:00,159,10.5,3.1,75.0,10.0,,
2022-04-14 22:00:00,184,14.1,2.1,82.0,5.0,,
2022-04-14 23:00:00,105,9.5,0.1,72.0,10.0,,
2022-04-14 23:00:00,108,11.9,3.3,53.0,8.0,,
2022-04-14 23:00:00,112,11.6,0.7,61.0,6.0,,
2022-04-14 23:00:00,119,11.6,2.3,52.0,10.0,,
2022-04-14 23:00:00,133,10.7,2.3,67.0,9.0,,
2022-04-14 23:00:00,143,10.5,2.1,69.0,2.0,,
2022-04-14 23:00:00,146,13.1,1.8,68.0,8.0,,
2022-04-14 23:00:00,156,15.3,2.4,73.0,7.0,,
2022-04-14 23:00:00,159,10.2,4.3,71.0,6.0,,
2022-04-14 23:00:00,184,14.2,1.7,84.0,9.0,,
2022-04-15 00:00:00,105,9.4,1.1,71.0,10.0,,
2022-04-15 00:00:00,108,11.4,2.4,55.0,8.0,,
2022-04-15 00:00:00,112,11.6,2.6,48.0,9.0,,
2022-04-15 00:00:00,119,11.1,1.9,52.0,7.0,,
2022-04-15 00:00:00,133,10.4,1.7,68.0,8.0,,
2022-04-15 00:00:00,143,10.3,2.3,74.0,7.0,,
2022-04-15 00:00:00,146,12.4,2.1,71.0,8.0,,
2022-04-15 00:00:00,156,14.8,1.5,71.0,7.0,,
2022-04-15 00:00:00,159,9.9,3.0,72.0,7.0,,
2022-04-15 00:00:00,184,14.1,2.4,84.0,8.0,,
2022-04-15 01:00:00,105,9.3,1.6,73.0,10.0,,
2022-04-15 01:00:00,108,10.8,2.2,56.0,9.0,,
2022-04-15 01:00:00,112,10.9,2.4,51.0,10.0,,
2022-04-15 01:00:00,119,10.4,1.3,56.0,9.0,,
2022-04-15 01:00:00,133,9.7,1.8,71.0,6.0,,
2022-04-15 01:00:00,143,10.2,1.8,75.0,8.0,,
2022-04-15 01:00:00,146,11.6,2.1,70.0,6.0,,
2022-04-15 01:00:00,156,14.4,1.2,74.0,8.0,,
2022-04-15 01:00:00,159,9.4,2.6,75.0,7.0,,
2022-04-15 01:00:00,184,14.0,2.1,84.0,7.0,,
2022-04-15 02:00:00,105,9.2,1.7,74.0,7.0,,
2022-04-15 02:00:00,108,10.2,2.3,57.0,7.0,,
2022-04-15 02:00:00,112,9.9,2.3,54.0,7.0,,
2022-04-15 02:00:00,119,9.1,1.0,62.0,5.0,,
2022-04-15 02:00:00,133,9.1,1.7,72.0,5.0,,
2022-04-15 02:00:00,143,10.2,1.4,74.0,7.0,,
2022-04-15 02:00:00,146,10.4,1.6,75.0,7.0,,
2022-04-15 02:00:00,156,13.8,2.0,74.0,8.0,,
2022-04-15 02:00:00,159,9.3,2.3,79.0,7.0,,
2022-04-15 02:00:00,184,14.0,2.5,83.0,9.0,,
2022-04-15 03:00:00,105,9.0,1.8,76.0,6.0,,
2022-04-15 03:00:00,108,9.6,3.5,57.0,4.0,,
2022-04-15 03:00:00,112,9.5,1.5,55.0,3.0,,
2022-04-15 03:00:00,119,8.6,0.4,65.0,7.0,,
2022-04-15 03:00:00,133,8.6,1.8,73.0,1.0,,
2022-04-15 03:00:00,143,10.1,0.2,75.0,8.0,,
2022-04-15 03:00:00,146,9.9,2.1,76.0,6.0,,
2022-04-15 03:00:00,156,13.4,2.2,74.0,8.0,,
2022-04-15 03:00:00,159,9.6,3.3,77.0,8.0,,
2022-04-15 03:00:00,184,13.8,1.8,81.0,8.0,,
2022-04-15 04:00:00,105,8.5,1.4,77.0,7.0,,
2022-04-15 04:00:00,108,9.0,3.0,57.0,0.0,,
2022-04-15 04:00:00,112,9.2,2.2,56.0,0.0,,
2022-04-15 04:00:00,119,8.4,1.3,64.0,4.0,,
2022-04-15 04:00:00,133,8.1,2.1,78.0,1.0,,
2022-04-15 04:00:00,143,10.1,2.0,77.0,8.0,,
2022-04-15 04:00:00,146,8.9,1.0,78.0,6.0,,
2022-04-15 04:00:00,156,12.8,2.5,78.0,8.0,,
2022-04-15 04:00:00,159,9.7,3.2,75.0,9.0,,
2022-04-15 04:00:00,184,13.6,2.9,83.0,8.0,,
2022-04-15 05:00:00,105,7.8,1.1,81.0,6.0,,
2022-04-15 05:00:00,108,8.2,2.3,61.0,0.0,,
2022-04-15 05:00:00,112,8.9,2.6,51.0,0.0,,
2022-04-15 05:00:00,119,7.7,1.0,67.0,1.0,,
2022-04-15 05:00:00,133,7.1,1.8,83.0,0.0,,
2022-04-15 05:00:00,143,9.8,2.7,77.0,8.0,,
2022-04-15 05:00:00,146,9.1,2.0,73.0,3.0,,
2022-04-15 05:00:00,156,11.6,1.4,85.0,6.0,,
2022-04-15 05:00:00,159,9.5,3.0,76.0,8.0,,
2022-04-15 05:00:00,184,13.4,2.0,83.0,8.0,,
2022-04-15 06:00:00,105,6.8,1.9,87.0,1.0,0.0,0.0
2022-04-15 06:00:00,108,7.7,2.6,62.0,0.0,0.0,0.0
2022-04-15 06:00:00,112,8.2,1.2,58.0,0.0,,
2022-04-15 06:00:00,119,7.7,1.6,65.0,1.0,0.0,0.0
2022-04-15 06:00:00,133,6.6,0.9,86.0,0.0,0.0,0.0
2022-04-15 06:00:00,143,9.9,1.2,74.0,8.0,0.0,0.0
2022-04-15 06:00:00,146,8.5,0.8,75.0,0.0,0.0,0.0
2022-04-15 06:00:00,156,10.9,0.8,92.0,1.0,,
2022-04-15 06:00:00,159,9.7,3.2,77.0,9.0,0.0,0.0
2022-04-15 06:00:00,184,13.2,1.6,83.0,9.0,,
2022-04-15 07:00:00,105,7.4,1.5,88.0,0.0,0.4,0.25
2022-04-15 07:00:00,108,7.9,2.5,64.0,0.0,0.6,0.2
2022-04-15 07:00:00,112,7.8,1.7,61.0,0.0,0.5,0.17
2022-04-15 07:00:00,119,8.6,0.5,63.0,0.0,0.6,0.16
2022-04-15 07:00:00,133,7.1,1.1,83.0,0.0,0.4,0.18
2022-04-15 07:00:00,143,10.1,1.8,75.0,9.0,0.0,0.08
2022-04-15 07:00:00,146,9.1,0.6,73.0,0.0,0.5,0.18
2022-04-15 07:00:00,156,10.9,2.0,93.0,0.0,0.3,0.22
2022-04-15 07:00:00,159,9.9,4.1,77.0,9.0,0.0,0.05
2022-04-15 07:00:00,184,13.2,2.8,80.0,8.0,0.0,0.0
2022-04-15 08:00:00,105,9.6,0.8,80.0,1.0,1.0,0.97
2022-04-15 08:00:00,108,10.1,2.1,57.0,0.0,1.0,0.87
2022-04-15 08:00:00,112,10.4,2.3,50.0,0.0,1.0,0.81
2022-04-15 08:00:00,119,10.7,1.4,56.0,0.0,1.0,0.84
2022-04-15 08:00:00,133,9.2,2.0,76.0,0.0,1.0,0.83
2022-04-15 08:00:00,143,10.3,2.2,74.0,9.0,0.0,0.23
2022-04-15 08:00:00,146,10.5,2.3,69.0,0.0,1.0,0.8
2022-04-15 08:00:00,156,12.2,2.0,87.0,1.0,1.0,0.9
2022-04-15 08:00:00,159,11.2,5.5,66.0,2.0,0.7,0.69
2022-04-15 08:00:00,184,13.3,2.0,80.0,9.0,0.0,0.07
2022-04-15 09:00:00,105,11.3,1.4,60.0,2.0,0.8,1.6
2022-04-15 09:00:00,108,12.7,3.3,49.0,0.0,1.0,1.68
2022-04-15 09:00:00,112,11.9,1.8,46.0,0.0,1.0,1.57
2022-04-15 09:00:00,119,11.8,1.8,54.0,0.0,1.0,1.61
2022-04-15 09:00:00,133,11.4,2.0,67.0,0.0,1.0,1.62
2022-04-15 09:00:00,143,10.6,2.4,72.0,8.0,0.0,0.69
2022-04-15 09:00:00,146,12.5,1.3,63.0,0.0,1.0,1.57
2022-04-15 09:00:00,156,14.4,2.3,68.0,0.0,1.0,1.69
2022-04-15 09:00:00,159,12.8,5.0,57.0,0.0,1.0,1.71
2022-04-15 09:00:00,184,13.6,2.9,77.0,9.0,0.0,0.24
2022-04-15 10:00:00,105,13.2,1.2,50.0,0.0,1.0,2.41
2022-04-15 10:00:00,108,14.2,1.5,43.0,0.0,1.0,2.33
2022-04-15 10:00:00,112,12.5,2.1,47.0,0.0,1.0,2.17
2022-04-15 10:00:00,119,13.0,1.9,47.0,0.0,1.0,2.26
2022-04-15 10:00:00,133,13.0,1.5,59.0,3.0,1.0,2.26
2022-04-15 10:00:00,143,12.7,2.5,58.0,8.0,0.8,2.16
2022-04-15 10:00:00,146,14.4,1.8,58.0,0.0,1.0,2.28
2022-04-15 10:00:00,156,15.5,2.0,60.0,0.0,1.0,2.42
2022-04-15 10:00:00,159,14.3,4.4,48.0,0.0,1.0,2.45
2022-04-15 10:00:00,184,14.4,3.4,74.0,9.0,0.0,0.91
2022-04-15 11:00:00,105,14.0,2.3,48.0,0.0,1.0,3.02
2022-04-15 11:00:00,108,15.7,2.3,41.0,0.0,1.0,2.89
2022-04-15 11:00:00,112,13.4,2.8,42.0,0.0,1.0,2.77
2022-04-15 11:00:00,119,14.2,1.7,41.0,0.0,1.0,2.83
2022-04-15 11:00:00,133,14.0,2.4,51.0,6.0,1.0,2.52
2022-04-15 11:00:00,143,14.5,2.6,44.0,4.0,1.0,2.95
2022-04-15 11:00:00,146,15.4,2.6,55.0,4.0,1.0,2.8
2022-04-15 11:00:00,156,17.3,1.5,51.0,2.0,1.0,3.01
2022-04-15 11:00:00,159,16.3,1.2,44.0,0.0,1.0,2.99
2022-04-15 11:00:00,184,14.7,4.5,71.0,9.0,0.0,1.58
2022-04-15 12:00:00,105,14.7,1.9,46.0,0.0,1.0,3.36
2022-04-15 12:00:00,108,16.4,3.4,36.0,0.0,1.0,3.28
2022-04-15 12:00:00,112,14.4,2.5,45.0,0.0,1.0,3.19
2022-04-15 12:00:00,119,16.0,2.3,37.0,0.0,1.0,3.16
2022-04-15 12:00:00,133,15.8,2.2,47.0,5.0,1.0,3.01
2022-04-15 12:00:00,143,16.7,1.9,43.0,5.0,1.0,3.3
2022-04-15 12:00:00,146,15.8,2.1,48.0,2.0,1.0,2.99
2022-04-15 12:00:00,156,18.4,1.4,46.0,2.0,1.0,3.24
2022-04-15 12:00:00,159,17.6,2.2,47.0,5.0,0.9,3.16
2022-04-15 12:00:00,184,16.0,3.7,67.0,6.0,0.5,2.38
2022-04-15 13:00:00,105,14.4,2.8,44.0,2.0,1.0,3.5
2022-04-15 13:00:00,108,17.5,4.1,31.0,0.0,1.0,3.42
2022-04-15 13:00:00,112,15.6,2.3,42.0,0.0,1.0,3.33
2022-04-15 13:00:00,119,16.6,4.2,39.0,0.0,1.0,3.28
2022-04-15 13:00:00,133,17.2,3.3,40.0,1.0,1.0,3.22
2022-04-15 13:00:00,143,16.4,1.8,42.0,1.0,0.9,3.16
2022-04-15 13:00:00,146,17.9,3.0,47.0,2.0,1.0,3.31
2022-04-15 13:00:00,156,19.8,1.9,34.0,0.0,1.0,3.49
2022-04-15 13:00:00,159,18.1,3.0,44.0,1.0,1.0,3.49
2022-04-15 13:00:00,184,16.3,3.2,65.0,5.0,1.0,3.33
2022-04-15 14:00:00,105,13.9,2.7,48.0,5.0,1.0,3.21
2022-04-15 14:00:00,108,18.3,4.4,31.0,0.0,1.0,3.36
2022-04-15 14:00:00,112,15.4,3.8,39.0,0.0,1.0,3.25
2022-04-15 14:00:00,119,16.6,4.7,41.0,0.0,1.0,3.1
2022-04-15 14:00:00,133,18.6,4.2,37.0,1.0,1.0,3.26
2022-04-15 14:00:00,143,17.5,1.5,41.0,1.0,1.0,3.1
2022-04-15 14:00:00,146,17.8,3.8,39.0,4.0,1.0,3.11
2022-04-15 14:00:00,156,20.0,2.7,27.0,0.0,1.0,3.43
2022-04-15 14:00:00,159,15.9,4.5,49.0,0.0,1.0,3.32
2022-04-15 14:00:00,184,16.8,2.9,64.0,5.0,1.0,3.3
2022-04-15 15:00:00,105,12.6,2.3,51.0,5.0,0.3,1.59
2022-04-15 15:00:00,108,18.9,3.7,30.0,1.0,1.0,2.98
2022-04-15 15:00:00,112,15.8,3.7,38.0,2.0,1.0,2.9
2022-04-15 15:00:00,119,16.3,4.6,40.0,1.0,1.0,2.84
2022-04-15 15:00:00,133,19.4,2.9,30.0,6.0,0.9,2.68
2022-04-15 15:00:00,143,18.2,1.7,38.0,4.0,1.0,2.78
2022-04-15 15:00:00,146,18.0,3.8,49.0,5.0,1.0,2.62
2022-04-15 15:00:00,156,19.9,2.8,26.0,3.0,1.0,3.1
2022-04-15 15:00:00,159,15.8,4.1,52.0,0.0,1.0,2.94
2022-04-15 15:00:00,184,17.3,3.1,58.0,8.0,1.0,2.44
2022-04-15 16:00:00,105,11.9,2.0,52.0,8.0,0.0,0.69
2022-04-15 16:00:00,108,19.2,3.3,32.0,2.0,1.0,2.38
2022-04-15 16:00:00,112,15.1,4.0,39.0,1.0,1.0,2.44
2022-04-15 16:00:00,119,16.2,4.7,34.0,2.0,1.0,2.34
2022-04-15 16:00:00,133,18.3,4.8,28.0,5.0,0.6,1.68
2022-04-15 16:00:00,143,17.6,4.1,41.0,4.0,0.9,2.19
2022-04-15 16:00:00,146,16.7,5.4,50.0,5.0,1.0,2.19
2022-04-15 16:00:00,156,19.2,4.1,29.0,0.0,1.0,2.48
2022-04-15 16:00:00,159,14.6,3.4,54.0,0.0,1.0,2.42
2022-04-15 16:00:00,184,17.0,4.1,55.0,8.0,0.9,1.87
2022-04-15 17:00:00,105,12.0,1.1,48.0,7.0,0.1,0.88
2022-04-15 17:00:00,108,17.9,5.5,39.0,5.0,1.0,1.76
2022-04-15 17:00:00,112,13.8,2.5,46.0,3.0,1.0,1.58
2022-04-15 17:00:00,119,14.5,4.4,41.0,4.0,1.0,1.53
2022-04-15 17:00:00,133,18.2,5.3,24.0,1.0,0.9,1.63
2022-04-15 17:00:00,143,14.9,6.4,50.0,5.0,1.0,1.56
2022-04-15 17:00:00,146,16.2,3.4,51.0,6.0,1.0,1.53
2022-04-15 17:00:00,156,17.7,2.0,38.0,6.0,1.0,1.75
2022-04-15 17:00:00,159,13.3,5.1,57.0,0.0,1.0,1.66
2022-04-15 17:00:00,184,15.2,5.0,65.0,9.0,0.1,1.03
2022-04-15 18:00:00,105,11.4,2.1,47.0,7.0,0.0,0.41
2022-04-15 18:00:00,108,16.2,4.8,43.0,3.0,1.0,0.9
2022-04-15 18:00:00,112,12.6,2.4,58.0,2.0,1.0,0.7
2022-04-15 18:00:00,119,12.8,4.2,50.0,3.0,1.0,0.81
2022-04-15 18:00:00,133,16.9,4.0,29.0,1.0,1.0,0.92
2022-04-15 18:00:00,143,12.5,6.7,56.0,8.0,0.7,0.69
2022-04-15 18:00:00,146,15.2,3.1,50.0,6.0,0.9,0.75
2022-04-15 18:00:00,156,15.9,1.9,42.0,7.0,1.0,0.91
2022-04-15 18:00:00,159,12.2,4.1,58.0,3.0,1.0,0.86
2022-04-15 18:00:00,184,14.1,4.1,68.0,9.0,0.0,0.45
2022-04-15 19:00:00,105,10.5,1.4,51.0,6.0,0.0,0.1
2022-04-15 19:00:00,108,14.8,2.9,51.0,3.0,0.6,0.25
2022-04-15 19:00:00,112,12.2,3.2,57.0,5.0,0.3,0.21
2022-04-15 19:00:00,119,12.5,2.5,57.0,8.0,0.1,0.15
2022-04-15 19:00:00,133,14.4,3.3,34.0,0.0,0.7,0.23
2022-04-15 19:00:00,143,10.9,8.0,61.0,7.0,0.0,0.12
2022-04-15 19:00:00,146,12.9,2.9,55.0,5.0,0.5,0.21
2022-04-15 19:00:00,156,14.2,1.9,42.0,6.0,0.5,0.29
2022-04-15 19:00:00,159,10.7,4.2,63.0,6.0,0.3,0.17
2022-04-15 19:00:00,184,13.4,3.2,68.0,10.0,0.0,0.05
2022-04-15 20:00:00,105,10.1,0.7,54.0,4.0,0.0,0.0
2022-04-15 20:00:00,108,14.0,2.4,54.0,8.0,0.0,0.01
2022-04-15 20:00:00,112,12.5,4.7,57.0,6.0,0.0,0.0
2022-04-15 20:00:00,119,11.4,2.5,65.0,5.0,0.0,0.0
2022-04-15 20:00:00,133,12.9,3.0,39.0,3.0,0.0,0.0
2022-04-15 20:00:00,143,10.2,6.8,63.0,9.0,,
2022-04-15 20:00:00,146,11.1,2.2,60.0,4.0,0.0,0.0
2022-04-15 20:00:00,156,12.7,1.3,48.0,4.0,0.0,0.05
2022-04-15 20:00:00,159,10.4,4.3,60.0,7.0,,
2022-04-15 20:00:00,184,12.7,4.1,72.0,9.0,0.0,0.0
2022-04-15 21:00:00,105,9.0,2.2,65.0,7.0,,
2022-04-15 21:00:00,108,13.8,3.9,45.0,0.0,,
2022-04-15 21:00:00,112,13.1,5.9,43.0,6.0,,
2022-04-15 21:00:00,119,10.0,1.3,74.0,2.0,,
2022-04-15 21:00:00,133,12.1,1.3,44.0,0.0,,
2022-04-15 21:00:00,143,9.9,5.1,59.0,7.0,,
2022-04-15 21:00:00,146,10.4,2.2,64.0,0.0,,
2022-04-15 21:00:00,156,11.7,1.4,53.0,0.0,,
2022-04-15 21:00:00,159,10.0,4.3,59.0,8.0,,
2022-04-15 21:00:00,184,12.3,3.6,74.0,9.0,,
2022-04-15 22:00:00,105,8.1,1.6,67.0,0.0,,
2022-04-15 22:00:00,108,12.6,3.1,48.0,2.0,,
2022-04-15 22:00:00,112,12.3,3.4,45.0,1.0,,
2022-04-15 22:00:00,119,9.5,1.1,77.0,4.0,,
2022-04-15 22:00:00,133,11.2,2.1,48.0,7.0,,
2022-04-15 22:00:00,143,9.7,3.7,57.0,9.0,,
2022-04-15 22:00:00,146,10.0,1.6,67.0,5.0,,
2022-04-15 22:00:00,156,10.9,0.7,58.0,3.0,,
2022-04-15 22:00:00,159,9.8,3.2,61.0,9.0,,
2022-04-15 22:00:00,184,12.1,2.8,74.0,8.0,,
2022-04-15 23:00:00,105,7.3,1.8,70.0,0.0,,
2022-04-15 23:00:00,108,12.0,2.1,51.0,0.0,,
2022-04-15 23:00:00,112,11.4,3.1,53.0,1.0,,
2022-04-15 23:00:00,119,9.1,0.8,80.0,2.0,,
2022-04-15 23:00:00,133,10.5,1.9,54.0,7.0,,
2022-04-15 23:00:00,143,9.7,2.7,57.0,9.0,,
2022-04-15 23:00:00,146,9.2,1.7,75.0,8.0,,
2022-04-15 23:00:00,156,10.7,0.1,58.0,1.0,,
2022-04-15 23:00:00,159,9.9,2.4,59.0,9.0,,
2022-04-15 23:00:00,184,12.1,4.2,71.0,6.0,,
2022-04-16 00:00:00,105,6.5,2.1,73.0,0.0,,
2022-04-16 00:00:00,108,11.3,1.0,52.0,0.0,,
2022-04-16 00:00:00,112,10.6,3.6,56.0,0.0,,
2022-04-16 00:00:00,119,8.9,1.0,78.0,1.0,,
2022-04-16 00:00:00,133,9.8,1.2,58.0,7.0,,
2022-04-16 00:00:00,143,9.0,2.6,61.0,10.0,,
2022-04-16 00:00:00,146,7.9,1.0,79.0,6.0,,
2022-04-16 00:00:00,156,10.4,0.1,60.0,9.0,,
2022-04-16 00:00:00,159,9.8,4.3,61.0,9.0,,
2022-04-16 00:00:00,184,11.6,2.9,74.0,5.0,,
2022-04-16 01:00:00,105,5.9,2.8,75.0,0.0,,
2022-04-16 01:00:00,108,10.3,0.3,56.0,0.0,,
2022-04-16 01:00:00,112,10.0,3.5,57.0,0.0,,
2022-04-16 01:00:00,119,8.3,1.1,80.0,0.0,,
2022-04-16 01:00:00,133,9.1,1.8,65.0,7.0,,
2022-04-16 01:00:00,143,8.2,1.1,64.0,7.0,,
2022-04-16 01:00:00,146,8.6,0.6,78.0,9.0,,
2022-04-16 01:00:00,156,10.0,0.0,66.0,6.0,,
2022-04-16 01:00:00,159,9.3,2.2,63.0,8.0,,
2022-04-16 01:00:00,184,11.5,2.3,73.0,8.0,,
2022-04-16 02:00:00,105,5.6,3.3,75.0,0.0,,
2022-04-16 02:00:00,108,9.5,0.8,59.0,0.0,,
2022-04-16 02:00:00,112,9.5,3.1,58.0,0.0,,
2022-04-16 02:00:00,119,6.8,0.4,84.0,0.0,,
2022-04-16 02:00:00,133,8.8,0.8,68.0,7.0,,
2022-04-16 02:00:00,143,7.9,0.8,65.0,8.0,,
2022-04-16 02:00:00,146,8.2,0.7,81.0,6.0,,
2022-04-16 02:00:00,156,9.1,0.3,73.0,2.0,,
2022-04-16 02:00:00,159,8.8,1.6,62.0,7.0,,
2022-04-16 02:00:00,184,11.4,3.7,74.0,7.0,,
2022-04-16 03:00:00,105,5.5,3.8,76.0,0.0,,
2022-04-16 03:00:00,108,8.7,2.2,63.0,0.0,,
2022-04-16 03:00:00,112,8.9,2.7,59.0,0.0,,
2022-04-16 03:00:00,119,6.9,0.4,84.0,0.0,,
2022-04-16 03:00:00,133,8.3,1.1,70.0,6.0,,
2022-04-16 03:00:00,143,6.7,0.4,70.0,6.0,,
2022-04-16 03:00:00,146,7.2,1.1,85.0,5.0,,
2022-04-16 03:00:00,156,8.6,0.5,79.0,5.0,,
2022-04-16 03:00:00,159,8.5,1.5,63.0,6.0,,
2022-04-16 03:00:00,184,11.4,2.2,74.0,9.0,,
2022-04-16 04:00:00,105,5.4,3.1,76.0,0.0,,
2022-04-16 04:00:00,108,8.3,1.0,64.0,0.0,,
2022-04-16 04:00:00,112,8.4,2.4,60.0,0.0,,
2022-04-16 04:00:00,119,5.9,0.6,88.0,0.0,,
2022-04-16 04:00:00,133,7.4,0.7,76.0,6.0,,
2022-04-16 04:00:00,143,6.0,1.4,75.0,2.0,,
2022-04-16 04:00:00,146,7.6,0.7,81.0,0.0,,
2022-04-16 04:00:00,156,7.8,0.7,87.0,1.0,,
2022-04-16 04:00:00,159,8.2,2.9,63.0,5.0,,
2022-04-16 04:00:00,184,11.0,0.8,75.0,9.0,,
2022-04-16 05:00:00,105,5.2,2.4,75.0,0.0,,
2022-04-16 05:00:00,108,7.4,2.3,68.0,1.0,,
2022-04-16 05:00:00,112,8.2,2.9,62.0,2.0,,
2022-04-16 05:00:00,119,5.3,0.6,90.0,0.0,,
2022-04-16 05:00:00,133,6.9,0.2,78.0,3.0,,
2022-04-16 05:00:00,143,5.4,0.2,76.0,2.0,,
2022-04-16 05:00:00,146,7.0,1.2,83.0,4.0,,
2022-04-16 05:00:00,156,8.1,0.5,87.0,0.0,,
2022-04-16 05:00:00,159,8.1,3.4,63.0,1.0,,
2022-04-16 05:00:00,184,10.8,1.0,77.0,9.0,,
2022-04-16 06:00:00,105,5.1,2.7,72.0,0.0,0.0,0.0
2022-04-16 06:00:00,108,7.2,1.7,69.0,1.0,0.0,0.0
2022-04-16 06:00:00,112,7.9,2.7,65.0,4.0,0.0,0.0
2022-04-16 06:00:00,119,5.0,1.1,90.0,2.0,0.0,0.0
2022-04-16 06:00:00,133,6.2,0.8,83.0,2.0,0.0,0.0
2022-04-16 06:00:00,143,4.3,1.6,89.0,3.0,0.0,0.0
2022-04-16 06:00:00,146,6.9,0.7,84.0,0.0,0.0,0.0
2022-04-16 06:00:00,156,7.5,0.1,90.0,6.0,0.0,0.05
2022-04-16 06:00:00,159,7.8,1.4,64.0,0.0,0.0,0.0
2022-04-16 06:00:00,184,10.8,1.6,78.0,6.0,,
2022-04-16 07:00:00,105,6.2,2.4,67.0,0.0,0.7,0.28
2022-04-16 07:00:00,108,7.7,1.3,69.0,1.0,0.6,0.2
2022-04-16 07:00:00,112,7.9,0.7,64.0,3.0,0.6,0.18
2022-04-16 07:00:00,119,6.6,0.7,88.0,1.0,0.6,0.18
2022-04-16 07:00:00,133,6.6,0.2,82.0,0.0,0.6,0.21
2022-04-16 07:00:00,143,6.1,1.2,77.0,1.0,0.8,0.33
2022-04-16 07:00:00,146,7.8,0.5,80.0,3.0,0.2,0.19
2022-04-16 07:00:00,156,8.2,0.0,85.0,6.0,0.0,0.23
2022-04-16 07:00:00,159,8.8,1.8,59.0,6.0,0.3,0.21
2022-04-16 07:00:00,184,10.8,1.2,79.0,4.0,0.4,0.14
2022-04-16 08:00:00,105,8.8,1.7,60.0,0.0,1.0,0.99
2022-04-16 08:00:00,108,9.8,0.8,65.0,0.0,1.0,0.84
2022-04-16 08:00:00,112,9.3,0.7,64.0,0.0,1.0,0.82
2022-04-16 08:00:00,119,10.2,1.1,75.0,0.0,1.0,0.79
2022-04-16 08:00:00,133,9.2,0.7,72.0,4.0,1.0,0.86
2022-04-16 08:00:00,143,9.1,0.5,63.0,2.0,1.0,0.98
2022-04-16 08:00:00,146,9.3,0.5,73.0,4.0,1.0,0.75
2022-04-16 08:00:00,156,10.2,1.0,72.0,6.0,1.0,0.88
2022-04-16 08:00:00,159,10.8,3.5,54.0,7.0,1.0,0.84
2022-04-16 08:00:00,184,12.2,2.5,77.0,2.0,0.9,0.62
2022-04-16 09:00:00,105,12.2,1.2,52.0,0.0,1.0,1.77
2022-04-16 09:00:00,108,12.7,2.6,56.0,0.0,1.0,1.65
2022-04-16 09:00:00,112,11.1,1.3,58.0,0.0,1.0,1.57
2022-04-16 09:00:00,119,12.3,0.9,59.0,0.0,1.0,1.58
2022-04-16 09:00:00,133,11.9,1.6,62.0,3.0,1.0,1.64
2022-04-16 09:00:00,143,11.3,1.1,44.0,4.0,1.0,1.7
2022-04-16 09:00:00,146,12.0,0.8,67.0,5.0,1.0,1.56
2022-04-16 09:00:00,156,12.5,1.4,61.0,0.0,1.0,1.52
2022-04-16 09:00:00,159,13.2,2.6,46.0,4.0,1.0,1.6
2022-04-16 09:00:00,184,13.6,2.6,72.0,5.0,0.9,1.27
2022-04-16 10:00:00,105,15.2,1.4,46.0,4.0,1.0,2.46
2022-04-16 10:00:00,108,14.7,2.5,48.0,0.0,1.0,2.3
2022-04-16 10:00:00,112,13.0,2.0,53.0,2.0,1.0,2.25
2022-04-16 10:00:00,119,13.5,3.1,46.0,2.0,1.0,2.27
2022-04-16 10:00:00,133,14.3,2.3,51.0,1.0,1.0,2.35
2022-04-16 10:00:00,143,13.5,1.3,35.0,4.0,1.0,2.43
2022-04-16 10:00:00,146,14.5,1.1,53.0,5.0,1.0,2.22
2022-04-16 10:00:00,156,14.1,1.3,53.0,6.0,1.0,2.19
2022-04-16 10:00:00,159,14.7,2.6,46.0,1.0,1.0,2.56
2022-04-16 10:00:00,184,15.0,2.7,65.0,2.0,0.8,2.1
2022-04-16 11:00:00,105,17.8,2.0,34.0,0.0,1.0,3.0
2022-04-16 11:00:00,108,16.2,2.8,40.0,0.0,1.0,2.92
2022-04-16 11:00:00,112,14.0,2.4,44.0,2.0,1.0,2.84
2022-04-16 11:00:00,119,15.7,2.4,37.0,3.0,1.0,2.72
2022-04-16 11:00:00,133,15.7,2.5,43.0,0.0,1.0,2.9
2022-04-16 11:00:00,143,15.9,1.1,28.0,2.0,1.0,2.99
2022-04-16 11:00:00,146,16.5,1.2,45.0,0.0,1.0,2.82
2022-04-16 11:00:00,156,16.7,1.5,43.0,0.0,1.0,2.87
2022-04-16 11:00:00,159,15.3,4.1,47.0,6.0,1.0,3.07
2022-04-16 11:00:00,184,15.0,2.4,62.0,0.0,1.0,2.92
2022-04-16 12:00:00,105,18.5,2.8,27.0,0.0,1.0,3.35
2022-04-16 12:00:00,108,17.3,3.3,33.0,1.0,1.0,3.33
2022-04-16 12:00:00,112,15.7,2.9,32.0,3.0,1.0,3.21
2022-04-16 12:00:00,119,16.2,3.2,35.0,2.0,1.0,3.27
2022-04-16 12:00:00,133,17.5,1.4,34.0,0.0,1.0,3.27
2022-04-16 12:00:00,143,15.6,2.6,29.0,0.0,1.0,3.26
2022-04-16 12:00:00,146,16.7,2.0,41.0,0.0,1.0,3.21
2022-04-16 12:00:00,156,18.5,2.9,23.0,0.0,1.0,3.41
2022-04-16 12:00:00,159,15.6,3.3,44.0,2.0,1.0,3.07
2022-04-16 12:00:00,184,16.0,3.1,57.0,2.0,1.0,3.36
2022-04-16 13:00:00,105,19.2,2.6,30.0,0.0,1.0,3.44
2022-04-16 13:00:00,108,18.1,3.8,28.0,1.0,1.0,3.47
2022-04-16 13:00:00,112,16.3,3.1,33.0,2.0,1.0,3.35
2022-04-16 13:00:00,119,17.1,3.9,27.0,2.0,1.0,3.35
2022-04-16 13:00:00,133,18.6,2.1,26.0,0.0,1.0,3.4
2022-04-16 13:00:00,143,18.1,2.2,26.0,0.0,1.0,3.45
2022-04-16 13:00:00,146,18.3,3.3,33.0,0.0,1.0,3.32
2022-04-16 13:00:00,156,19.3,1.7,22.0,0.0,1.0,3.6
2022-04-16 13:00:00,159,16.5,3.2,48.0,0.0,1.0,3.52
2022-04-16 13:00:00,184,16.3,3.0,56.0,2.0,1.0,3.52
2022-04-16 14:00:00,105,19.3,2.9,25.0,1.0,1.0,3.3
2022-04-16 14:00:00,108,19.2,4.0,20.0,0.0,1.0,3.36
2022-04-16 14:00:00,112,16.0,3.9,37.0,2.0,1.0,3.31
2022-04-16 14:00:00,119,17.8,4.6,22.0,1.0,1.0,3.21
2022-04-16 14:00:00,133,19.4,3.1,25.0,0.0,1.0,3.25
2022-04-16 14:00:00,143,18.4,2.7,25.0,0.0,1.0,3.3
2022-04-16 14:00:00,146,18.6,2.6,28.0,0.0,1.0,3.18
2022-04-16 14:00:00,156,19.8,2.0,23.0,0.0,1.0,3.47
2022-04-16 14:00:00,159,15.4,3.8,53.0,1.0,1.0,3.48
2022-04-16 14:00:00,184,16.0,3.2,55.0,2.0,1.0,3.41
2022-04-16 15:00:00,105,19.6,2.4,27.0,1.0,1.0,2.94
2022-04-16 15:00:00,108,20.0,3.8,26.0,0.0,1.0,3.05
2022-04-16 15:00:00,112,15.5,4.6,33.0,0.0,1.0,3.02
2022-04-16 15:00:00,119,17.7,4.9,20.0,0.0,1.0,2.92
2022-04-16 15:00:00,133,19.9,4.7,21.0,0.0,1.0,2.92
2022-04-16 15:00:00,143,20.0,2.5,22.0,0.0,1.0,2.86
2022-04-16 15:00:00,146,17.8,4.7,35.0,0.0,1.0,2.82
2022-04-16 15:00:00,156,19.7,3.0,22.0,0.0,1.0,3.09
2022-04-16 15:00:00,159,15.6,3.0,48.0,0.0,1.0,3.1
2022-04-16 15:00:00,184,17.0,2.7,53.0,3.0,1.0,3.1
2022-04-16 16:00:00,105,19.9,2.3,30.0,6.0,1.0,2.37
2022-04-16 16:00:00,108,19.6,4.3,21.0,0.0,1.0,2.46
2022-04-16 16:00:00,112,14.7,5.1,39.0,0.0,1.0,2.47
2022-04-16 16:00:00,119,17.2,5.2,16.0,0.0,1.0,2.46
2022-04-16 16:00:00,133,20.0,3.5,20.0,0.0,1.0,2.39
2022-04-16 16:00:00,143,19.9,1.9,22.0,3.0,1.0,2.35
2022-04-16 16:00:00,146,17.3,4.7,29.0,0.0,1.0,2.3
2022-04-16 16:00:00,156,19.0,2.6,26.0,0.0,1.0,2.52
2022-04-16 16:00:00,159,15.4,2.6,47.0,0.0,1.0,2.5
2022-04-16 16:00:00,184,16.2,3.1,61.0,5.0,1.0,2.51
2022-04-16 17:00:00,105,19.5,1.9,33.0,5.0,1.0,1.66
2022-04-16 17:00:00,108,18.7,3.9,25.0,0.0,1.0,1.79
2022-04-16 17:00:00,112,12.9,4.3,44.0,0.0,1.0,1.76
2022-04-16 17:00:00,119,17.1,3.8,24.0,0.0,1.0,1.72
2022-04-16 17:00:00,133,20.2,1.9,25.0,0.0,1.0,1.65
2022-04-16 17:00:00,143,20.6,2.3,25.0,0.0,1.0,1.64
2022-04-16 17:00:00,146,16.1,5.1,29.0,0.0,1.0,1.57
2022-04-16 17:00:00,156,18.0,2.9,22.0,0.0,1.0,1.8
2022-04-16 17:00:00,159,14.9,3.2,53.0,2.0,1.0,1.76
2022-04-16 17:00:00,184,16.5,4.4,62.0,6.0,1.0,1.73
2022-04-16 18:00:00,105,18.8,1.4,36.0,1.0,1.0,0.9
2022-04-16 18:00:00,108,17.2,3.8,25.0,0.0,1.0,0.98
2022-04-16 18:00:00,112,11.9,3.9,59.0,0.0,1.0,1.0
2022-04-16 18:00:00,119,15.6,3.3,29.0,0.0,1.0,0.94
2022-04-16 18:00:00,133,18.3,4.3,22.0,0.0,1.0,0.88
2022-04-16 18:00:00,143,19.9,3.3,23.0,2.0,1.0,0.81
2022-04-16 18:00:00,146,15.3,3.4,29.0,0.0,1.0,0.73
2022-04-16 18:00:00,156,16.6,1.4,22.0,0.0,1.0,1.05
2022-04-16 18:00:00,159,13.4,2.8,58.0,2.0,1.0,0.93
2022-04-16 18:00:00,184,15.1,3.0,67.0,8.0,0.5,0.72
2022-04-16 19:00:00,105,17.2,1.5,43.0,0.0,0.6,0.21
2022-04-16 19:00:00,108,15.3,2.6,32.0,0.0,0.7,0.29
2022-04-16 19:00:00,112,10.5,2.4,65.0,2.0,0.6,0.27
2022-04-16 19:00:00,119,13.2,2.5,36.0,1.0,0.7,0.22
2022-04-16 19:00:00,133,15.8,3.9,21.0,2.0,0.7,0.26
2022-04-16 19:00:00,143,18.5,2.7,27.0,0.0,0.5,0.2
2022-04-16 19:00:00,146,13.9,2.8,32.0,6.0,0.2,0.18
2022-04-16 19:00:00,156,14.9,1.1,25.0,3.0,0.6,0.3
2022-04-16 19:00:00,159,12.1,1.9,63.0,4.0,0.6,0.21
2022-04-16 19:00:00,184,13.8,3.4,69.0,6.0,0.1,0.14
2022-04-16 20:00:00,105,16.5,1.6,32.0,0.0,0.0,0.0
2022-04-16 20:00:00,108,13.8,2.5,36.0,0.0,0.0,0.0
2022-04-16 20:00:00,112,9.7,2.7,71.0,0.0,0.0,0.01
2022-04-16 20:00:00,119,11.4,1.8,47.0,0.0,0.0,0.0
2022-04-16 20:00:00,133,13.6,2.8,23.0,0.0,0.0,0.0
2022-04-16 20:00:00,143,17.8,2.2,29.0,3.0,,
2022-04-16 20:00:00,146,12.5,2.2,37.0,2.0,0.0,0.0
2022-04-16 20:00:00,156,14.0,1.3,26.0,4.0,0.0,0.05
2022-04-16 20:00:00,159,11.7,2.4,64.0,0.0,,
2022-04-16 20:00:00,184,13.4,3.4,65.0,4.0,0.0,0.0
2022-04-16 21:00:00,105,16.8,3.4,27.0,0.0,,
2022-04-16 21:00:00,108,12.7,2.1,45.0,0.0,,
2022-04-16 21:00:00,112,9.2,3.8,78.0,0.0,,
2022-04-16 21:00:00,119,9.9,1.4,60.0,0.0,,
2022-04-16 21:00:00,133,12.5,1.0,25.0,0.0,,
2022-04-16 21:00:00,143,16.3,2.6,33.0,4.0,,
2022-04-16 21:00:00,146,11.4,1.2,42.0,0.0,,
2022-04-16 21:00:00,156,12.8,0.2,29.0,6.0,,
2022-04-16 21:00:00,159,11.8,3.5,64.0,4.0,,
2022-04-16 21:00:00,184,13.2,2.5,60.0,5.0,,
2022-04-16 22:00:00,105,16.1,2.4,29.0,0.0,,
2022-04-16 22:00:00,108,11.5,2.9,59.0,0.0,,
2022-04-16 22:00:00,112,9.0,2.6,78.0,0.0,,
2022-04-16 22:00:00,119,9.2,1.1,66.0,0.0,,
2022-04-16 22:00:00,133,11.1,1.4,31.0,5.0,,
2022-04-16 22:00:00,143,15.6,3.1,41.0,1.0,,
2022-04-16 22:00:00,146,10.6,1.0,48.0,4.0,,
2022-04-16 22:00:00,156,12.4,0.3,31.0,2.0,,
2022-04-16 22:00:00,159,11.7,3.2,64.0,5.0,,
2022-04-16 22:00:00,184,12.9,3.0,59.0,7.0,,
2022-04-16 23:00:00,105,15.6,3.6,29.0,0.0,,
2022-04-16 23:00:00,108,10.7,2.2,65.0,0.0,,
2022-04-16 23:00:00,112,8.6,3.4,83.0,1.0,,
2022-04-16 23:00:00,119,8.2,1.0,75.0,0.0,,
2022-04-16 23:00:00,133,10.2,1.1,34.0,0.0,,
2022-04-16 23:00:00,143,14.5,2.9,49.0,3.0,,
2022-04-16 23:00:00,146,10.1,1.0,51.0,5.0,,
2022-04-16 23:00:00,156,10.9,0.4,36.0,6.0,,
2022-04-16 23:00:00,159,11.5,4.6,62.0,6.0,,
2022-04-16 23:00:00,184,12.3,2.3,59.0,7.0,,
2022-04-17 00:00:00,105,15.2,3.7,28.0,0.0,,
2022-04-17 00:00:00,108,10.1,2.4,71.0,0.0,,
2022-04-17 00:00:00,112,8.2,2.1,84.0,0.0,,
2022-04-17 00:00:00,119,7.2,0.3,82.0,0.0,,
2022-04-17 00:00:00,133,9.8,1.8,38.0,2.0,,
2022-04-17 00:00:00,143,13.5,2.0,52.0,0.0,,
2022-04-17 00:00:00,146,9.4,1.2,57.0,5.0,,
2022-04-17 00:00:00,156,10.5,0.6,38.0,0.0,,
2022-04-17 00:00:00,159,11.0,3.0,66.0,5.0,,
2022-04-17 00:00:00,184,11.8,2.7,47.0,8.0,,
2022-04-17 01:00:00,105,14.8,3.5,27.0,0.0,,
2022-04-17 01:00:00,108,9.4,1.3,75.0,0.0,,
2022-04-17 01:00:00,112,7.9,2.1,85.0,0.0,,
2022-04-17 01:00:00,119,7.0,0.6,84.0,0.0,,
2022-04-17 01:00:00,133,8.6,1.7,43.0,0.0,,
2022-04-17 01:00:00,143,12.5,1.4,57.0,6.0,,
2022-04-17 01:00:00,146,8.5,1.0,57.0,6.0,,
2022-04-17 01:00:00,156,10.2,0.7,40.0,6.0,,
2022-04-17 01:00:00,159,10.8,3.0,71.0,1.0,,
2022-04-17 01:00:00,184,11.3,1.6,42.0,2.0,,
2022-04-17 02:00:00,105,13.7,1.7,28.0,1.0,,
2022-04-17 02:00:00,108,8.9,2.8,82.0,0.0,,
2022-04-17 02:00:00,112,7.9,2.2,85.0,0.0,,
2022-04-17 02:00:00,119,6.8,1.4,88.0,0.0,,
2022-04-17 02:00:00,133,7.7,1.5,44.0,0.0,,
2022-04-17 02:00:00,143,10.5,0.7,66.0,5.0,,
2022-04-17 02:00:00,146,7.4,1.0,61.0,5.0,,
2022-04-17 02:00:00,156,9.3,0.2,47.0,7.0,,
2022-04-17 02:00:00,159,10.2,2.1,70.0,2.0,,
2022-04-17 02:00:00,184,10.9,2.0,43.0,0.0,,
2022-04-17 03:00:00,105,12.5,2.2,28.0,1.0,,
2022-04-17 03:00:00,108,8.4,1.3,82.0,0.0,,
2022-04-17 03:00:00,112,7.8,2.3,83.0,0.0,,
2022-04-17 03:00:00,119,6.5,1.0,89.0,0.0,,
2022-04-17 03:00:00,133,6.6,0.7,51.0,0.0,,
2022-04-17 03:00:00,143,8.6,0.8,70.0,5.0,,
2022-04-17 03:00:00,146,6.4,1.8,64.0,2.0,,
2022-04-17 03:00:00,156,8.6,0.7,51.0,3.0,,
2022-04-17 03:00:00,159,10.9,1.4,64.0,4.0,,
2022-04-17 03:00:00,184,10.6,2.2,57.0,2.0,,
2022-04-17 04:00:00,105,13.2,3.1,27.0,0.0,,
2022-04-17 04:00:00,108,7.8,1.2,84.0,0.0,,
2022-04-17 04:00:00,112,7.6,2.7,84.0,0.0,,
2022-04-17 04:00:00,119,5.3,0.0,93.0,0.0,,
2022-04-17 04:00:00,133,5.9,1.3,58.0,0.0,,
2022-04-17 04:00:00,143,8.6,0.3,72.0,2.0,,
2022-04-17 04:00:00,146,6.1,1.4,66.0,0.0,,
2022-04-17 04:00:00,156,7.8,0.3,57.0,6.0,,
2022-04-17 04:00:00,159,10.7,1.2,65.0,2.0,,
2022-04-17 04:00:00,184,10.1,2.5,50.0,0.0,,
2022-04-17 05:00:00,105,13.4,2.8,26.0,0.0,,
2022-04-17 05:00:00,108,7.6,0.7,85.0,0.0,,
2022-04-17 05:00:00,112,7.4,2.9,85.0,0.0,,
2022-04-17 05:00:00,119,5.1,1.0,92.0,0.0,,
2022-04-17 05:00:00,133,5.3,1.3,61.0,0.0,,
2022-04-17 05:00:00,143,7.5,0.4,75.0,0.0,,
2022-04-17 05:00:00,146,5.6,1.9,62.0,0.0,,
2022-04-17 05:00:00,156,7.3,0.0,58.0,0.0,,
2022-04-17 05:00:00,159,10.7,2.4,60.0,6.0,,
2022-04-17 05:00:00,184,9.7,1.4,46.0,0.0,,
2022-04-17 06:00:00,105,12.7,2.1,27.0,0.0,0.0,0.0
2022-04-17 06:00:00,108,7.2,1.3,86.0,0.0,0.0,0.0
2022-04-17 06:00:00,112,7.1,2.7,87.0,0.0,0.0,0.0
2022-04-17 06:00:00,119,5.4,0.8,89.0,0.0,0.0,0.0
2022-04-17 06:00:00,133,4.8,1.1,66.0,0.0,0.0,0.0
2022-04-17 06:00:00,143,7.3,0.6,76.0,0.0,0.0,0.0
2022-04-17 06:00:00,146,5.7,1.0,64.0,0.0,0.0,0.0
2022-04-17 06:00:00,156,5.9,1.5,65.0,0.0,0.0,0.05
2022-04-17 06:00:00,159,9.9,0.2,69.0,0.0,0.0,0.0
2022-04-17 06:00:00,184,9.8,1.8,44.0,0.0,,
2022-04-17 07:00:00,105,13.6,2.5,27.0,0.0,0.7,0.28
2022-04-17 07:00:00,108,7.5,0.5,85.0,0.0,0.5,0.19
2022-04-17 07:00:00,112,7.5,2.6,85.0,0.0,0.4,0.19
2022-04-17 07:00:00,119,7.0,1.3,86.0,0.0,0.5,0.17
2022-04-17 07:00:00,133,5.4,0.3,66.0,0.0,0.7,0.22
2022-04-17 07:00:00,143,9.6,0.4,67.0,0.0,0.8,0.33
2022-04-17 07:00:00,146,6.7,1.8,62.0,0.0,0.6,0.21
2022-04-17 07:00:00,156,6.5,0.4,60.0,0.0,0.5,0.26
2022-04-17 07:00:00,159,10.8,2.8,59.0,0.0,0.4,0.19
2022-04-17 07:00:00,184,9.8,1.1,44.0,0.0,0.6,0.12
2022-04-17 08:00:00,105,16.0,3.2,24.0,0.0,1.0,1.0
2022-04-17 08:00:00,108,9.6,1.7,79.0,0.0,1.0,0.81
2022-04-17 08:00:00,112,8.8,2.4,81.0,0.0,1.0,0.82
2022-04-17 08:00:00,119,8.8,1.6,77.0,0.0,1.0,0.82
2022-04-17 08:00:00,133,8.0,1.1,58.0,0.0,1.0,0.94
2022-04-17 08:00:00,143,11.7,1.3,56.0,0.0,1.0,1.0
2022-04-17 08:00:00,146,9.1,1.3,52.0,0.0,1.0,0.91
2022-04-17 08:00:00,156,8.9,0.7,56.0,0.0,1.0,0.96
2022-04-17 08:00:00,159,12.8,4.2,44.0,0.0,1.0,0.93
2022-04-17 08:00:00,184,13.0,1.4,32.0,0.0,1.0,0.74
2022-04-17 09:00:00,105,18.2,2.7,22.0,0.0,1.0,1.77
2022-04-17 09:00:00,108,11.8,1.7,65.0,0.0,1.0,1.63
2022-04-17 09:00:00,112,10.5,2.5,74.0,0.0,1.0,1.59
2022-04-17 09:00:00,119,11.2,2.2,64.0,0.0,1.0,1.58
2022-04-17 09:00:00,133,11.5,1.5,50.0,0.0,1.0,1.74
2022-04-17 09:00:00,143,14.4,2.3,31.0,0.0,1.0,1.78
2022-04-17 09:00:00,146,12.7,0.4,43.0,0.0,1.0,1.68
2022-04-17 09:00:00,156,11.1,0.8,45.0,0.0,1.0,1.8
2022-04-17 09:00:00,159,15.1,3.0,31.0,0.0,1.0,1.88
2022-04-17 09:00:00,184,16.5,1.8,29.0,0.0,1.0,1.65
2022-04-17 10:00:00,105,20.8,2.1,21.0,0.0,1.0,2.45
2022-04-17 10:00:00,108,14.0,1.8,52.0,0.0,1.0,2.33
2022-04-17 10:00:00,112,12.7,2.3,57.0,0.0,1.0,2.28
2022-04-17 10:00:00,119,12.9,1.4,54.0,0.0,1.0,2.29
2022-04-17 10:00:00,133,13.7,1.5,42.0,0.0,1.0,2.45
2022-04-17 10:00:00,143,16.4,2.3,27.0,0.0,1.0,2.52
2022-04-17 10:00:00,146,14.1,1.0,37.0,0.0,1.0,2.37
2022-04-17 10:00:00,156,13.5,1.1,38.0,0.0,1.0,2.54
2022-04-17 10:00:00,159,17.0,1.8,34.0,0.0,1.0,2.63
2022-04-17 10:00:00,184,17.5,2.3,31.0,0.0,1.0,2.5
2022-04-17 11:00:00,105,20.9,2.5,21.0,0.0,1.0,2.99
2022-04-17 11:00:00,108,16.0,2.9,44.0,0.0,1.0,2.95
2022-04-17 11:00:00,112,13.5,3.2,60.0,0.0,1.0,2.87
2022-04-17 11:00:00,119,15.3,2.1,45.0,0.0,1.0,2.86
2022-04-17 11:00:00,133,16.4,2.6,31.0,0.0,1.0,3.0
2022-04-17 11:00:00,143,18.6,3.1,19.0,0.0,1.0,3.05
2022-04-17 11:00:00,146,15.6,1.7,30.0,0.0,1.0,2.89
2022-04-17 11:00:00,156,16.1,1.3,29.0,0.0,1.0,3.12
2022-04-17 11:00:00,159,18.2,2.6,23.0,0.0,1.0,3.2
2022-04-17 11:00:00,184,17.7,2.8,35.0,1.0,1.0,3.1
2022-04-17 12:00:00,105,21.3,2.2,20.0,0.0,1.0,3.34
2022-04-17 12:00:00,108,18.2,3.1,36.0,0.0,1.0,3.34
2022-04-17 12:00:00,112,13.6,3.4,55.0,0.0,1.0,3.23
2022-04-17 12:00:00,119,17.7,1.3,40.0,0.0,1.0,3.15
2022-04-17 12:00:00,133,18.4,2.5,26.0,0.0,1.0,3.31
2022-04-17 12:00:00,143,20.1,4.3,14.0,0.0,1.0,3.44
2022-04-17 12:00:00,146,17.5,1.9,25.0,0.0,1.0,3.27
2022-04-17 12:00:00,156,18.6,1.4,23.0,0.0,1.0,3.46
2022-04-17 12:00:00,159,19.7,3.7,21.0,0.0,1.0,3.55
2022-04-17 12:00:00,184,18.1,3.2,39.0,0.0,1.0,3.47
2022-04-17 13:00:00,105,20.8,2.5,20.0,0.0,1.0,3.45
2022-04-17 13:00:00,108,19.4,4.1,34.0,0.0,1.0,3.45
2022-04-17 13:00:00,112,14.9,3.4,46.0,0.0,1.0,3.37
2022-04-17 13:00:00,119,19.1,1.5,31.0,0.0,1.0,3.28
2022-04-17 13:00:00,133,20.1,2.8,18.0,0.0,1.0,3.42
2022-04-17 13:00:00,143,20.9,3.9,15.0,0.0,1.0,3.52
2022-04-17 13:00:00,146,18.5,3.1,27.0,0.0,1.0,3.33
2022-04-17 13:00:00,156,20.1,1.8,17.0,0.0,1.0,3.58
2022-04-17 13:00:00,159,21.0,3.5,24.0,0.0,1.0,3.64
2022-04-17 13:00:00,184,18.6,3.1,44.0,0.0,1.0,3.59
2022-04-17 14:00:00,105,21.1,1.9,22.0,0.0,1.0,3.29
2022-04-17 14:00:00,108,21.3,3.1,28.0,0.0,1.0,3.28
2022-04-17 14:00:00,112,13.7,4.4,53.0,4.0,1.0,3.29
2022-04-17 14:00:00,119,19.9,3.3,31.0,0.0,1.0,3.16
2022-04-17 14:00:00,133,20.8,2.3,22.0,0.0,1.0,3.33
2022-04-17 14:00:00,143,21.1,3.7,14.0,0.0,1.0,3.36
2022-04-17 14:00:00,146,19.7,2.3,26.0,0.0,1.0,3.21
2022-04-17 14:00:00,156,21.6,2.2,16.0,0.0,1.0,3.46
2022-04-17 14:00:00,159,19.1,5.8,31.0,0.0,1.0,3.47
2022-04-17 14:00:00,184,18.1,4.0,50.0,1.0,1.0,3.48
2022-04-17 15:00:00,105,21.9,1.4,20.0,0.0,1.0,2.9
2022-04-17 15:00:00,108,21.2,4.8,31.0,0.0,1.0,2.88
2022-04-17 15:00:00,112,14.3,3.5,54.0,0.0,1.0,2.94
2022-04-17 15:00:00,119,19.2,4.3,31.0,0.0,1.0,2.88
2022-04-17 15:00:00,133,21.8,2.5,20.0,0.0,1.0,2.93
2022-04-17 15:00:00,143,22.2,2.0,14.0,0.0,1.0,2.95
2022-04-17 15:00:00,146,19.1,4.1,34.0,0.0,1.0,2.84
2022-04-17 15:00:00,156,21.1,2.0,18.0,0.0,1.0,3.14
2022-04-17 15:00:00,159,18.4,4.8,42.0,0.0,1.0,3.13
2022-04-17 15:00:00,184,18.1,3.8,59.0,1.0,1.0,3.16
2022-04-17 16:00:00,105,21.5,2.0,21.0,2.0,1.0,2.32
2022-04-17 16:00:00,108,21.0,3.2,33.0,0.0,1.0,2.43
2022-04-17 16:00:00,112,14.7,3.1,49.0,3.0,1.0,2.41
2022-04-17 16:00:00,119,19.0,3.9,31.0,0.0,1.0,2.33
2022-04-17 16:00:00,133,22.2,2.5,22.0,0.0,1.0,2.34
2022-04-17 16:00:00,143,22.7,3.8,15.0,0.0,1.0,2.37
2022-04-17 16:00:00,146,19.2,2.9,24.0,0.0,1.0,2.34
2022-04-17 16:00:00,156,21.4,1.8,16.0,0.0,1.0,2.55
2022-04-17 16:00:00,159,18.9,5.1,25.0,0.0,1.0,2.52
2022-04-17 16:00:00,184,18.3,3.9,57.0,0.0,1.0,2.58
2022-04-17 17:00:00,105,20.9,1.8,21.0,0.0,1.0,1.64
2022-04-17 17:00:00,108,19.7,4.1,27.0,5.0,1.0,1.65
2022-04-17 17:00:00,112,14.2,3.4,44.0,6.0,1.0,1.64
2022-04-17 17:00:00,119,18.2,3.2,30.0,5.0,1.0,1.57
2022-04-17 17:00:00,133,22.1,2.1,19.0,0.0,1.0,1.67
2022-04-17 17:00:00,143,22.1,3.7,18.0,0.0,1.0,1.64
2022-04-17 17:00:00,146,17.7,3.2,25.0,4.0,1.0,1.53
2022-04-17 17:00:00,156,20.5,2.7,15.0,7.0,1.0,1.72
2022-04-17 17:00:00,159,17.9,6.5,24.0,0.0,1.0,1.77
2022-04-17 17:00:00,184,17.8,4.2,57.0,3.0,1.0,1.79
2022-04-17 18:00:00,105,20.5,1.2,23.0,1.0,0.8,0.78
2022-04-17 18:00:00,108,18.9,2.5,25.0,6.0,1.0,0.85
2022-04-17 18:00:00,112,12.4,4.1,60.0,5.0,0.9,0.84
2022-04-17 18:00:00,119,16.8,2.4,38.0,6.0,0.7,0.71
2022-04-17 18:00:00,133,20.4,2.8,21.0,2.0,1.0,0.88
2022-04-17 18:00:00,143,21.2,2.5,20.0,3.0,1.0,0.79
2022-04-17 18:00:00,146,17.2,2.5,27.0,3.0,0.9,0.89
2022-04-17 18:00:00,156,18.8,1.7,24.0,7.0,0.9,0.95
2022-04-17 18:00:00,159,16.6,4.2,35.0,5.0,1.0,0.9
2022-04-17 18:00:00,184,15.6,3.6,65.0,7.0,0.7,0.69
2022-04-17 19:00:00,105,19.0,1.2,28.0,3.0,0.3,0.18
2022-04-17 19:00:00,108,17.1,2.5,27.0,7.0,0.2,0.21
2022-04-17 19:00:00,112,11.4,2.9,64.0,8.0,0.1,0.18
2022-04-17 19:00:00,119,14.9,2.6,40.0,8.0,0.2,0.13
2022-04-17 19:00:00,133,18.0,0.9,21.0,1.0,0.4,0.21
2022-04-17 19:00:00,143,20.1,2.5,23.0,0.0,0.4,0.22
2022-04-17 19:00:00,146,14.9,2.1,54.0,0.0,0.4,0.19
2022-04-17 19:00:00,156,16.4,1.0,34.0,0.0,0.5,0.28
2022-04-17 19:00:00,159,15.4,3.3,38.0,9.0,0.0,0.13
2022-04-17 19:00:00,184,14.4,2.4,66.0,7.0,0.0,0.11
2022-04-17 20:00:00,105,17.1,2.1,33.0,6.0,0.0,0.0
2022-04-17 20:00:00,108,15.5,2.7,40.0,7.0,0.0,0.0
2022-04-17 20:00:00,112,10.8,2.2,68.0,7.0,0.0,0.0
2022-04-17 20:00:00,119,12.5,2.0,62.0,5.0,0.0,0.0
2022-04-17 20:00:00,133,16.7,1.9,35.0,4.0,0.0,0.0
2022-04-17 20:00:00,143,19.1,1.9,23.0,0.0,0.0,0.0
2022-04-17 20:00:00,146,13.4,2.3,60.0,7.0,0.0,0.0
2022-04-17 20:00:00,156,15.0,1.4,38.0,8.0,0.0,0.05
2022-04-17 20:00:00,159,14.7,1.9,44.0,0.0,,
2022-04-17 20:00:00,184,13.5,2.5,67.0,5.0,0.0,0.0
2022-04-17 21:00:00,105,16.8,2.5,31.0,7.0,,
2022-04-17 21:00:00,108,14.4,1.8,45.0,7.0,,
2022-04-17 21:00:00,112,10.3,2.1,68.0,2.0,,
2022-04-17 21:00:00,119,11.0,1.5,67.0,6.0,,
2022-04-17 21:00:00,133,15.4,0.7,38.0,7.0,,
2022-04-17 21:00:00,143,17.5,1.3,27.0,4.0,,
2022-04-17 21:00:00,146,12.3,1.2,63.0,7.0,,
2022-04-17 21:00:00,156,13.9,1.2,37.0,7.0,,
2022-04-17 21:00:00,159,14.5,2.6,45.0,5.0,,
2022-04-17 21:00:00,184,13.6,1.8,58.0,5.0,,
2022-04-17 22:00:00,105,16.7,2.8,31.0,5.0,,
2022-04-17 22:00:00,108,13.4,3.2,55.0,7.0,,
2022-04-17 22:00:00,112,10.1,2.3,73.0,6.0,,
2022-04-17 22:00:00,119,11.0,1.1,64.0,7.0,,
2022-04-17 22:00:00,133,14.4,2.1,40.0,7.0,,
2022-04-17 22:00:00,143,15.6,0.4,35.0,9.0,,
2022-04-17 22:00:00,146,11.0,1.2,66.0,7.0,,
2022-04-17 22:00:00,156,13.7,1.0,37.0,8.0,,
2022-04-17 22:00:00,159,14.3,2.7,39.0,5.0,,
2022-04-17 22:00:00,184,13.2,1.2,46.0,6.0,,
2022-04-17 23:00:00,105,16.6,2.6,30.0,8.0,,
2022-04-17 23:00:00,108,12.7,3.8,58.0,7.0,,
2022-04-17 23:00:00,112,10.0,2.6,74.0,7.0,,
2022-04-17 23:00:00,119,10.7,1.5,62.0,6.0,,
2022-04-17 23:00:00,133,13.6,2.0,45.0,7.0,,
2022-04-17 23:00:00,143,14.3,0.8,40.0,9.0,,
2022-04-17 23:00:00,146,10.7,0.9,72.0,10.0,,
2022-04-17 23:00:00,156,13.5,0.5,39.0,6.0,,
2022-04-17 23:00:00,159,14.3,1.8,34.0,7.0,,
2022-04-17 23:00:00,184,12.9,1.6,39.0,7.0,,
2022-04-18 00:00:00,105,17.2,2.4,23.0,10.0,,
2022-04-18 00:00:00,108,12.2,2.3,60.0,8.0,,
2022-04-18 00:00:00,112,9.8,2.2,73.0,8.0,,
2022-04-18 00:00:00,119,10.1,0.4,68.0,8.0,,
2022-04-18 00:00:00,133,12.4,1.5,50.0,9.0,,
2022-04-18 00:00:00,143,13.3,0.3,43.0,7.0,,
2022-04-18 00:00:00,146,11.1,0.6,70.0,8.0,,
2022-04-18 00:00:00,156,12.7,0.6,45.0,8.0,,
2022-04-18 00:00:00,159,13.9,2.4,44.0,7.0,,
2022-04-18 00:00:00,184,12.2,1.2,41.0,4.0,,
2022-04-18 01:00:00,105,17.2,3.1,23.0,10.0,,
2022-04-18 01:00:00,108,12.0,1.0,61.0,10.0,,
2022-04-18 01:00:00,112,10.0,2.7,70.0,10.0,,
2022-04-18 01:00:00,119,9.9,0.3,70.0,10.0,,
2022-04-18 01:00:00,133,11.8,2.4,57.0,5.0,,
2022-04-18 01:00:00,143,12.5,0.5,49.0,8.0,,
2022-04-18 01:00:00,146,10.0,1.1,75.0,10.0,,
2022-04-18 01:00:00,156,11.8,0.4,53.0,10.0,,
2022-04-18 01:00:00,159,13.5,1.7,38.0,7.0,,
2022-04-18 01:00:00,184,12.7,1.3,38.0,8.0,,
2022-04-18 02:00:00,105,16.8,2.6,25.0,10.0,,
2022-04-18 02:00:00,108,11.9,1.5,62.0,10.0,,
2022-04-18 02:00:00,112,10.2,2.2,68.0,10.0,,
2022-04-18 02:00:00,119,10.5,1.2,68.0,10.0,,
2022-04-18 02:00:00,133,11.2,1.9,64.0,10.0,,
2022-04-18 02:00:00,143,12.2,0.3,49.0,10.0,,
2022-04-18 02:00:00,146,10.4,0.9,69.0,10.0,,
2022-04-18 02:00:00,156,11.4,0.6,57.0,10.0,,
2022-04-18 02:00:00,159,13.5,0.2,36.0,8.0,,
2022-04-18 02:00:00,184,13.0,0.6,38.0,10.0,,
2022-04-18 03:00:00,105,16.4,2.8,25.0,10.0,,
2022-04-18 03:00:00,108,11.5,0.6,63.0,9.0,,
2022-04-18 03:00:00,112,10.3,2.3,65.0,9.0,,
2022-04-18 03:00:00,119,10.2,1.4,68.0,10.0,,
2022-04-18 03:00:00,133,10.8,0.2,66.0,9.0,,
2022-04-18 03:00:00,143,11.8,0.4,50.0,8.0,,
2022-04-18 03:00:00,146,10.3,1.0,70.0,9.0,,
2022-04-18 03:00:00,156,11.2,0.3,56.0,9.0,,
2022-04-18 03:00:00,159,14.4,1.5,33.0,7.0,,
2022-04-18 03:00:00,184,12.9,1.5,53.0,8.0,,
2022-04-18 04:00:00,105,16.6,2.9,24.0,10.0,,
2022-04-18 04:00:00,108,11.4,0.8,61.0,9.0,,
2022-04-18 04:00:00,112,10.3,2.6,67.0,9.0,,
2022-04-18 04:00:00,119,10.2,1.2,67.0,10.0,,
2022-04-18 04:00:00,133,9.9,1.1,68.0,9.0,,
2022-04-18 04:00:00,143,11.5,0.2,51.0,9.0,,
2022-04-18 04:00:00,146,10.1,1.1,70.0,9.0,,
2022-04-18 04:00:00,156,10.9,0.9,52.0,8.0,,
2022-04-18 04:00:00,159,15.3,2.3,31.0,8.0,,
2022-04-18 04:00:00,184,12.9,1.4,56.0,9.0,,
2022-04-18 05:00:00,105,16.9,3.1,23.0,10.0,,
2022-04-18 05:00:00,108,11.5,0.6,64.0,9.0,,
2022-04-18 05:00:00,112,10.4,3.2,63.0,9.0,,
2022-04-18 05:00:00,119,10.4,1.3,68.0,10.0,,
2022-04-18 05:00:00,133,9.4,1.3,72.0,9.0,,
2022-04-18 05:00:00,143,11.6,0.3,49.0,8.0,,
2022-04-18 05:00:00,146,10.0,0.9,68.0,9.0,,
2022-04-18 05:00:00,156,10.3,0.4,56.0,7.0,,
2022-04-18 05:00:00,159,15.1,1.9,32.0,9.0,,
2022-04-18 05:00:00,184,12.9,0.9,49.0,9.0,,
2022-04-18 06:00:00,105,17.4,3.4,22.0,10.0,0.0,0.0
2022-04-18 06:00:00,108,11.6,1.4,63.0,9.0,0.0,0.0
2022-04-18 06:00:00,112,10.6,1.8,55.0,9.0,0.0,0.0
2022-04-18 06:00:00,119,10.2,0.6,71.0,9.0,0.0,0.0
2022-04-18 06:00:00,133,9.3,1.5,72.0,9.0,0.0,0.0
2022-04-18 06:00:00,143,11.1,0.4,55.0,9.0,0.0,0.0
2022-04-18 06:00:00,146,9.9,0.1,70.0,9.0,0.0,0.0
2022-04-18 06:00:00,156,10.5,0.0,57.0,9.0,0.0,0.05
2022-04-18 06:00:00,159,13.9,0.0,36.0,9.0,0.0,0.0
2022-04-18 06:00:00,184,12.9,1.3,48.0,9.0,,
2022-04-18 07:00:00,105,17.2,3.9,24.0,10.0,0.0,0.11
2022-04-18 07:00:00,108,11.6,1.6,63.0,9.0,0.0,0.05
2022-04-18 07:00:00,112,10.7,1.0,56.0,9.0,0.0,0.06
2022-04-18 07:00:00,119,10.9,0.4,69.0,9.0,0.0,0.03
2022-04-18 07:00:00,133,9.7,0.2,73.0,9.0,0.0,0.08
2022-04-18 07:00:00,143,12.0,1.1,51.0,8.0,0.0,0.17
2022-04-18 07:00:00,146,10.4,1.1,70.0,8.0,0.0,0.13
2022-04-18 07:00:00,156,10.8,0.4,57.0,10.0,0.0,0.18
2022-04-18 07:00:00,159,14.4,0.6,33.0,9.0,0.0,0.13
2022-04-18 07:00:00,184,13.2,1.6,48.0,9.0,0.0,0.01
2022-04-18 08:00:00,105,17.7,3.3,24.0,10.0,0.0,0.47
2022-04-18 08:00:00,108,12.5,1.4,60.0,9.0,0.0,0.31
2022-04-18 08:00:00,112,11.5,2.1,55.0,9.0,0.0,0.31
2022-04-18 08:00:00,119,12.0,0.4,66.0,9.0,0.0,0.34
2022-04-18 08:00:00,133,11.0,0.6,66.0,9.0,0.0,0.44
2022-04-18 08:00:00,143,14.7,1.2,40.0,7.0,0.5,0.78
2022-04-18 08:00:00,146,12.0,0.6,59.0,9.0,0.0,0.5
2022-04-18 08:00:00,156,12.4,0.0,51.0,8.0,0.5,0.66
2022-04-18 08:00:00,159,15.7,2.6,32.0,9.0,0.0,0.52
2022-04-18 08:00:00,184,14.2,1.9,63.0,9.0,0.0,0.28
2022-04-18 09:00:00,105,19.0,0.9,25.0,10.0,0.0,0.88
2022-04-18 09:00:00,108,13.7,1.5,51.0,9.0,0.0,0.62
2022-04-18 09:00:00,112,12.4,3.5,48.0,9.0,0.0,0.71
2022-04-18 09:00:00,119,13.2,1.5,54.0,9.0,0.0,0.67
2022-04-18 09:00:00,133,12.7,0.8,59.0,9.0,0.0,0.84
2022-04-18 09:00:00,143,17.1,2.7,31.0,8.0,0.2,1.08
2022-04-18 09:00:00,146,13.6,1.3,57.0,9.0,0.0,0.77
2022-04-18 09:00:00,156,16.6,0.9,32.0,7.0,0.9,1.55
2022-04-18 09:00:00,159,17.8,0.7,27.0,8.0,0.2,1.13
2022-04-18 09:00:00,184,14.8,1.5,64.0,9.0,0.0,0.58
2022-04-18 10:00:00,105,20.6,1.7,23.0,10.0,0.0,1.35
2022-04-18 10:00:00,108,15.2,1.9,45.0,10.0,0.0,1.04
2022-04-18 10:00:00,112,13.1,4.1,51.0,10.0,0.0,1.12
2022-04-18 10:00:00,119,15.1,1.6,50.0,10.0,0.0,1.17
2022-04-18 10:00:00,133,14.7,1.4,43.0,9.0,0.1,1.24
2022-04-18 10:00:00,143,19.0,3.2,26.0,7.0,0.8,1.78
2022-04-18 10:00:00,146,15.0,1.4,57.0,9.0,0.0,1.16
2022-04-18 10:00:00,156,19.0,2.6,24.0,8.0,1.0,2.23
2022-04-18 10:00:00,159,19.8,1.4,26.0,7.0,0.7,1.92
2022-04-18 10:00:00,184,16.3,2.2,62.0,8.0,0.2,1.27
2022-04-18 11:00:00,105,21.6,2.2,24.0,10.0,0.1,1.58
2022-04-18 11:00:00,108,16.8,2.7,39.0,10.0,0.1,1.73
2022-04-18 11:00:00,112,14.2,3.4,51.0,9.0,0.6,1.94
2022-04-18 11:00:00,119,16.5,2.5,39.0,10.0,0.5,1.81
2022-04-18 11:00:00,133,17.6,1.3,35.0,9.0,1.0,2.12
2022-04-18 11:00:00,143,20.1,3.5,23.0,7.0,1.0,2.31
2022-04-18 11:00:00,146,16.9,1.6,34.0,9.0,0.4,1.85
2022-04-18 11:00:00,156,21.4,1.6,18.0,8.0,1.0,2.86
2022-04-18 11:00:00,159,20.9,3.1,23.0,5.0,1.0,2.78
2022-04-18 11:00:00,184,16.5,2.4,62.0,9.0,0.2,1.69
2022-04-18 12:00:00,105,22.7,1.5,21.0,9.0,0.3,2.07
2022-04-18 12:00:00,108,18.3,3.6,36.0,8.0,1.0,2.44
2022-04-18 12:00:00,112,15.5,2.6,48.0,8.0,1.0,2.72
2022-04-18 12:00:00,119,17.9,2.9,32.0,9.0,1.0,2.22
2022-04-18 12:00:00,133,18.5,2.3,28.0,9.0,0.4,2.04
2022-04-18 12:00:00,143,22.4,3.3,18.0,7.0,1.0,2.98
2022-04-18 12:00:00,146,17.9,1.7,33.0,9.0,0.0,1.39
2022-04-18 12:00:00,156,22.4,1.6,13.0,7.0,0.9,3.03
2022-04-18 12:00:00,159,22.6,2.8,20.0,8.0,1.0,2.84
2022-04-18 12:00:00,184,17.3,3.3,61.0,9.0,0.2,2.35
2022-04-18 13:00:00,105,22.7,1.3,29.0,9.0,0.0,1.83
2022-04-18 13:00:00,108,19.9,3.7,30.0,4.0,1.0,3.19
2022-04-18 13:00:00,112,16.6,3.6,42.0,3.0,1.0,3.25
2022-04-18 13:00:00,119,19.5,3.1,28.0,6.0,1.0,2.79
2022-04-18 13:00:00,133,20.4,2.7,27.0,8.0,0.8,2.6
2022-04-18 13:00:00,143,22.1,3.4,21.0,8.0,0.7,2.48
2022-04-18 13:00:00,146,18.9,1.6,26.0,9.0,0.1,1.77
2022-04-18 13:00:00,156,22.0,1.4,12.0,10.0,0.3,2.39
2022-04-18 13:00:00,159,22.3,4.5,31.0,7.0,1.0,2.84
2022-04-18 13:00:00,184,17.7,3.1,53.0,9.0,0.7,2.78
2022-04-18 14:00:00,105,24.3,1.7,20.0,6.0,0.9,2.61
2022-04-18 14:00:00,108,21.4,3.6,26.0,0.0,1.0,3.17
2022-04-18 14:00:00,112,15.2,4.8,45.0,2.0,1.0,3.14
2022-04-18 14:00:00,119,20.6,3.6,23.0,0.0,1.0,3.05
2022-04-18 14:00:00,133,21.1,3.2,24.0,5.0,1.0,3.08
2022-04-18 14:00:00,143,22.7,1.5,19.0,8.0,1.0,2.49
2022-04-18 14:00:00,146,20.4,1.1,19.0,6.0,1.0,2.69
2022-04-18 14:00:00,156,22.0,2.5,14.0,10.0,0.4,2.08
2022-04-18 14:00:00,159,19.8,5.2,44.0,8.0,0.8,2.65
2022-04-18 14:00:00,184,17.3,3.2,55.0,9.0,0.0,1.81
2022-04-18 15:00:00,105,21.5,5.9,32.0,5.0,0.9,2.62
2022-04-18 15:00:00,108,20.8,5.1,23.0,0.0,1.0,2.87
2022-04-18 15:00:00,112,15.9,3.7,41.0,0.0,1.0,2.85
2022-04-18 15:00:00,119,19.5,5.3,22.0,3.0,1.0,2.78
2022-04-18 15:00:00,133,22.6,2.0,22.0,6.0,1.0,2.73
2022-04-18 15:00:00,143,24.3,2.8,18.0,5.0,0.9,2.51
2022-04-18 15:00:00,146,21.9,2.1,20.0,3.0,1.0,2.77
2022-04-18 15:00:00,156,22.2,1.9,15.0,10.0,0.6,1.96
2022-04-18 15:00:00,159,18.8,3.9,44.0,9.0,0.5,1.99
2022-04-18 15:00:00,184,17.7,2.8,54.0,9.0,0.3,2.04
2022-04-18 16:00:00,105,19.6,1.9,47.0,1.0,0.9,2.07
2022-04-18 16:00:00,108,20.1,3.8,30.0,1.0,1.0,2.32
2022-04-18 16:00:00,112,14.9,4.9,43.0,1.0,1.0,2.34
2022-04-18 16:00:00,119,18.3,5.3,27.0,1.0,1.0,2.25
2022-04-18 16:00:00,133,23.2,2.6,20.0,4.0,1.0,2.21
2022-04-18 16:00:00,143,22.9,3.1,22.0,1.0,1.0,2.25
2022-04-18 16:00:00,146,20.9,2.8,21.0,3.0,1.0,2.22
2022-04-18 16:00:00,156,22.9,1.9,13.0,6.0,1.0,2.11
2022-04-18 16:00:00,159,17.7,4.6,43.0,7.0,0.5,1.67
2022-04-18 16:00:00,184,18.0,2.7,45.0,8.0,0.2,1.51
2022-04-18 17:00:00,105,18.3,1.7,33.0,3.0,0.5,1.1
2022-04-18 17:00:00,108,19.7,4.1,26.0,0.0,1.0,1.66
2022-04-18 17:00:00,112,13.9,4.7,47.0,0.0,1.0,1.65
2022-04-18 17:00:00,119,18.0,3.4,27.0,0.0,1.0,1.59
2022-04-18 17:00:00,133,22.6,2.7,21.0,3.0,1.0,1.41
2022-04-18 17:00:00,143,23.2,3.3,22.0,1.0,1.0,1.5
2022-04-18 17:00:00,146,19.3,4.2,20.0,4.0,1.0,1.55
2022-04-18 17:00:00,156,22.7,2.2,10.0,6.0,1.0,1.68
2022-04-18 17:00:00,159,17.8,4.5,39.0,2.0,1.0,1.59
2022-04-18 17:00:00,184,17.3,2.0,54.0,3.0,1.0,1.59
2022-04-18 18:00:00,105,17.6,1.5,34.0,5.0,0.3,0.5
2022-04-18 18:00:00,108,19.1,3.3,25.0,2.0,1.0,0.91
2022-04-18 18:00:00,112,13.0,4.1,53.0,4.0,1.0,0.91
2022-04-18 18:00:00,119,16.8,2.5,29.0,0.0,1.0,0.84
2022-04-18 18:00:00,133,20.6,3.4,20.0,5.0,1.0,0.79
2022-04-18 18:00:00,143,22.6,2.7,23.0,1.0,1.0,0.77
2022-04-18 18:00:00,146,17.0,3.4,23.0,4.0,1.0,0.85
2022-04-18 18:00:00,156,20.0,1.9,28.0,4.0,1.0,0.91
2022-04-18 18:00:00,159,17.3,2.7,42.0,3.0,1.0,0.8
2022-04-18 18:00:00,184,17.0,2.9,51.0,3.0,0.9,0.88
2022-04-18 19:00:00,105,16.5,1.4,33.0,2.0,0.0,0.14
2022-04-18 19:00:00,108,17.5,3.0,31.0,0.0,0.7,0.27
2022-04-18 19:00:00,112,11.9,2.2,57.0,0.0,0.6,0.26
2022-04-18 19:00:00,119,15.7,2.0,39.0,1.0,0.5,0.16
2022-04-18 19:00:00,133,18.0,3.3,22.0,0.0,0.6,0.25
2022-04-18 19:00:00,143,21.2,2.5,26.0,3.0,0.1,0.19
2022-04-18 19:00:00,146,15.2,1.7,26.0,7.0,0.6,0.27
2022-04-18 19:00:00,156,18.0,1.6,26.0,5.0,0.3,0.24
2022-04-18 19:00:00,159,15.7,1.6,47.0,6.0,0.4,0.2
2022-04-18 19:00:00,184,15.0,2.6,72.0,7.0,0.2,0.13
2022-04-18 20:00:00,105,14.9,1.3,45.0,2.0,0.0,0.0
2022-04-18 20:00:00,108,15.4,3.1,42.0,0.0,0.0,0.01
2022-04-18 20:00:00,112,11.1,2.8,66.0,1.0,0.0,0.01
2022-04-18 20:00:00,119,13.6,1.4,49.0,5.0,0.0,0.0
2022-04-18 20:00:00,133,16.1,2.2,29.0,6.0,0.0,0.0
2022-04-18 20:00:00,143,20.3,2.6,28.0,6.0,0.0,0.0
2022-04-18 20:00:00,146,14.3,2.2,28.0,6.0,0.0,0.0
2022-04-18 20:00:00,156,16.0,0.8,28.0,5.0,0.0,0.04
2022-04-18 20:00:00,159,15.1,1.1,48.0,4.0,,
2022-04-18 20:00:00,184,15.0,2.4,63.0,9.0,0.0,0.0
2022-04-18 21:00:00,105,13.3,1.6,50.0,0.0,,
2022-04-18 21:00:00,108,14.2,2.7,47.0,1.0,,
2022-04-18 21:00:00,112,10.6,3.8,69.0,6.0,,
2022-04-18 21:00:00,119,11.9,0.3,57.0,4.0,,
2022-04-18 21:00:00,133,14.5,1.3,32.0,7.0,,
2022-04-18 21:00:00,143,18.4,0.7,33.0,4.0,,
2022-04-18 21:00:00,146,13.2,1.6,36.0,7.0,,
2022-04-18 21:00:00,156,14.5,1.1,22.0,7.0,,
2022-04-18 21:00:00,159,14.7,0.0,46.0,4.0,,
2022-04-18 21:00:00,184,14.8,2.9,49.0,0.0,,
2022-04-18 22:00:00,105,12.5,0.4,53.0,0.0,,
2022-04-18 22:00:00,108,13.2,2.5,56.0,0.0,,
2022-04-18 22:00:00,112,10.2,4.2,70.0,0.0,,
2022-04-18 22:00:00,119,10.6,0.6,63.0,3.0,,
2022-04-18 22:00:00,133,13.3,1.1,36.0,5.0,,
2022-04-18 22:00:00,143,18.3,2.5,35.0,7.0,,
2022-04-18 22:00:00,146,13.2,0.5,37.0,7.0,,
2022-04-18 22:00:00,156,13.4,2.3,22.0,6.0,,
2022-04-18 22:00:00,159,14.7,0.1,44.0,6.0,,
2022-04-18 22:00:00,184,14.3,1.1,53.0,7.0,,
2022-04-18 23:00:00,105,11.2,1.3,58.0,0.0,,
2022-04-18 23:00:00,108,12.5,1.6,58.0,0.0,,
2022-04-18 23:00:00,112,9.9,3.0,73.0,0.0,,
2022-04-18 23:00:00,119,9.9,0.6,66.0,0.0,,
2022-04-18 23:00:00,133,12.1,1.7,44.0,6.0,,
2022-04-18 23:00:00,143,18.0,2.4,35.0,7.0,,
2022-04-18 23:00:00,146,12.1,0.6,43.0,7.0,,
2022-04-18 23:00:00,156,13.4,1.9,25.0,7.0,,
2022-04-18 23:00:00,159,14.3,1.7,56.0,7.0,,
2022-04-18 23:00:00,184,14.0,1.7,52.0,8.0,,
2022-04-19 00:00:00,105,10.3,0.2,60.0,1.0,,
2022-04-19 00:00:00,108,12.1,2.3,61.0,0.0,,
2022-04-19 00:00:00,112,9.8,2.8,72.0,0.0,,
2022-04-19 00:00:00,119,9.2,0.2,72.0,6.0,,
2022-04-19 00:00:00,133,11.2,0.9,45.0,6.0,,
2022-04-19 00:00:00,143,17.3,3.3,38.0,6.0,,
2022-04-19 00:00:00,146,11.0,0.7,40.0,5.0,,
2022-04-19 00:00:00,156,13.6,1.0,24.0,8.0,,
2022-04-19 00:00:00,159,14.8,2.6,36.0,7.0,,
2022-04-19 00:00:00,184,13.6,2.3,52.0,8.0,,
2022-04-19 01:00:00,105,9.3,1.1,65.0,7.0,,
2022-04-19 01:00:00,108,11.4,1.4,63.0,0.0,,
2022-04-19 01:00:00,112,9.6,2.4,75.0,1.0,,
2022-04-19 01:00:00,119,8.1,1.0,78.0,2.0,,
2022-04-19 01:00:00,133,10.1,2.3,53.0,3.0,,
2022-04-19 01:00:00,143,16.6,2.7,34.0,7.0,,
2022-04-19 01:00:00,146,10.4,1.5,45.0,7.0,,
2022-04-19 01:00:00,156,12.8,1.3,27.0,7.0,,
2022-04-19 01:00:00,159,14.4,0.0,40.0,7.0,,
2022-04-19 01:00:00,184,13.6,2.1,45.0,6.0,,
2022-04-19 02:00:00,105,8.5,0.3,72.0,7.0,,
2022-04-19 02:00:00,108,11.0,1.3,68.0,0.0,,
2022-04-19 02:00:00,112,9.3,1.6,77.0,0.0,,
2022-04-19 02:00:00,119,7.8,0.3,82.0,0.0,,
2022-04-19 02:00:00,133,9.5,1.0,52.0,6.0,,
2022-04-19 02:00:00,143,15.9,2.0,27.0,6.0,,
2022-04-19 02:00:00,146,10.0,1.2,47.0,10.0,,
2022-04-19 02:00:00,156,12.3,0.4,31.0,7.0,,
2022-04-19 02:00:00,159,15.1,1.3,37.0,7.0,,
2022-04-19 02:00:00,184,13.6,1.7,42.0,8.0,,
2022-04-19 03:00:00,105,8.5,0.0,76.0,3.0,,
2022-04-19 03:00:00,108,10.4,1.7,69.0,0.0,,
2022-04-19 03:00:00,112,9.0,2.0,80.0,0.0,,
2022-04-19 03:00:00,119,6.8,1.1,86.0,2.0,,
2022-04-19 03:00:00,133,8.8,0.4,58.0,8.0,,
2022-04-19 03:00:00,143,13.2,0.6,45.0,6.0,,
2022-04-19 03:00:00,146,9.3,1.2,49.0,9.0,,
2022-04-19 03:00:00,156,11.3,0.0,38.0,6.0,,
2022-04-19 03:00:00,159,15.0,1.9,40.0,7.0,,
2022-04-19 03:00:00,184,13.3,1.1,44.0,8.0,,
2022-04-19 04:00:00,105,8.8,0.5,77.0,0.0,,
2022-04-19 04:00:00,108,10.1,1.0,72.0,0.0,,
2022-04-19 04:00:00,112,8.8,2.0,80.0,0.0,,
2022-04-19 04:00:00,119,6.5,0.4,89.0,0.0,,
2022-04-19 04:00:00,133,8.3,1.0,61.0,6.0,,
2022-04-19 04:00:00,143,11.8,0.8,49.0,5.0,,
2022-04-19 04:00:00,146,9.1,1.3,51.0,7.0,,
2022-04-19 04:00:00,156,10.4,0.0,41.0,7.0,,
2022-04-19 04:00:00,159,14.7,0.0,36.0,7.0,,
2022-04-19 04:00:00,184,13.1,1.0,43.0,8.0,,
2022-04-19 05:00:00,105,8.8,1.2,67.0,1.0,,
2022-04-19 05:00:00,108,9.7,1.1,74.0,0.0,,
2022-04-19 05:00:00,112,9.0,2.6,82.0,0.0,,
2022-04-19 05:00:00,119,6.4,0.4,89.0,0.0,,
2022-04-19 05:00:00,133,8.0,0.8,63.0,6.0,,
2022-04-19 05:00:00,143,11.0,0.9,49.0,4.0,,
2022-04-19 05:00:00,146,9.3,0.8,51.0,3.0,,
2022-04-19 05:00:00,156,10.0,0.0,45.0,6.0,,
2022-04-19 05:00:00,159,14.2,0.0,43.0,8.0,,
2022-04-19 05:00:00,184,13.2,0.7,41.0,7.0,,
2022-04-19 06:00:00,105,8.4,1.0,80.0,1.0,0.0,0.0
2022-04-19 06:00:00,108,9.1,1.7,74.0,0.0,0.0,0.0
2022-04-19 06:00:00,112,8.6,2.2,81.0,0.0,0.0,0.0
2022-04-19 06:00:00,119,6.4,0.6,88.0,0.0,0.0,0.0
2022-04-19 06:00:00,133,7.2,1.3,66.0,5.0,0.0,0.0
2022-04-19 06:00:00,143,9.5,0.3,54.0,1.0,0.0,0.0
2022-04-19 06:00:00,146,8.6,1.3,55.0,6.0,0.0,0.0
2022-04-19 06:00:00,156,9.9,1.3,43.0,6.0,0.0,0.05
2022-04-19 06:00:00,159,13.4,0.0,39.0,6.0,0.0,0.0
2022-04-19 06:00:00,184,12.7,1.4,44.0,6.0,0.0,0.0
2022-04-19 07:00:00,105,8.7,0.0,81.0,0.0,0.5,0.26
2022-04-19 07:00:00,108,9.1,1.8,75.0,0.0,0.4,0.18
2022-04-19 07:00:00,112,9.2,2.4,78.0,0.0,0.3,0.18
2022-04-19 07:00:00,119,8.5,0.3,84.0,0.0,0.4,0.18
2022-04-19 07:00:00,133,7.6,1.0,65.0,4.0,0.5,0.22
2022-04-19 07:00:00,143,11.3,0.2,52.0,0.0,0.5,0.29
2022-04-19 07:00:00,146,9.6,1.0,56.0,6.0,0.2,0.22
2022-04-19 07:00:00,156,10.5,0.1,44.0,6.0,0.2,0.22
2022-04-19 07:00:00,159,14.8,0.0,39.0,6.0,0.0,0.22
2022-04-19 07:00:00,184,12.7,2.0,54.0,4.0,0.0,0.06
2022-04-19 08:00:00,105,11.3,0.0,79.0,1.0,1.0,0.88
2022-04-19 08:00:00,108,11.3,1.7,68.0,0.0,1.0,0.74
2022-04-19 08:00:00,112,10.4,1.9,75.0,0.0,1.0,0.75
2022-04-19 08:00:00,119,11.9,0.3,62.0,0.0,1.0,0.77
2022-04-19 08:00:00,133,10.1,0.3,58.0,2.0,1.0,0.84
2022-04-19 08:00:00,143,14.6,0.4,39.0,0.0,1.0,0.92
2022-04-19 08:00:00,146,11.8,0.7,46.0,3.0,1.0,0.76
2022-04-19 08:00:00,156,12.1,0.3,45.0,0.0,1.0,0.95
2022-04-19 08:00:00,159,17.2,0.0,32.0,6.0,0.5,0.78
2022-04-19 08:00:00,184,14.3,2.1,51.0,6.0,0.9,0.6
2022-04-19 09:00:00,105,14.3,1.1,74.0,0.0,1.0,1.58
2022-04-19 09:00:00,108,14.1,1.7,58.0,0.0,1.0,1.46
2022-04-19 09:00:00,112,12.2,2.9,69.0,0.0,1.0,1.47
2022-04-19 09:00:00,119,13.5,0.4,56.0,0.0,1.0,1.5
2022-04-19 09:00:00,133,14.0,0.9,42.0,4.0,1.0,1.55
2022-04-19 09:00:00,143,17.7,1.2,31.0,1.0,1.0,1.6
2022-04-19 09:00:00,146,14.9,0.4,37.0,3.0,1.0,1.41
2022-04-19 09:00:00,156,14.7,0.9,35.0,0.0,1.0,1.75
2022-04-19 09:00:00,159,19.4,0.0,33.0,1.0,0.9,1.49
2022-04-19 09:00:00,184,16.5,2.0,41.0,7.0,0.7,1.19
2022-04-19 10:00:00,105,16.3,1.3,69.0,0.0,1.0,2.2
2022-04-19 10:00:00,108,16.6,2.2,48.0,0.0,1.0,2.14
2022-04-19 10:00:00,112,13.3,3.7,62.0,0.0,1.0,2.13
2022-04-19 10:00:00,119,16.0,0.8,47.0,0.0,1.0,2.18
2022-04-19 10:00:00,133,16.9,1.3,33.0,0.0,1.0,2.05
2022-04-19 10:00:00,143,19.4,2.9,28.0,1.0,1.0,2.31
2022-04-19 10:00:00,146,17.1,1.0,37.0,1.0,1.0,2.19
2022-04-19 10:00:00,156,18.7,1.1,24.0,1.0,1.0,2.47
2022-04-19 10:00:00,159,19.8,2.7,33.0,0.0,1.0,2.45
2022-04-19 10:00:00,184,18.1,2.8,45.0,6.0,1.0,2.12
2022-04-19 11:00:00,105,17.4,2.0,66.0,4.0,1.0,2.76
2022-04-19 11:00:00,108,18.3,1.9,44.0,0.0,1.0,2.74
2022-04-19 11:00:00,112,14.5,3.5,59.0,0.0,1.0,2.75
2022-04-19 11:00:00,119,17.6,2.1,42.0,0.0,1.0,2.68
2022-04-19 11:00:00,133,19.8,2.5,30.0,0.0,1.0,2.83
2022-04-19 11:00:00,143,22.1,1.7,24.0,0.0,1.0,2.84
2022-04-19 11:00:00,146,19.4,1.6,31.0,1.0,1.0,2.79
2022-04-19 11:00:00,156,20.9,0.6,19.0,2.0,1.0,3.07
2022-04-19 11:00:00,159,21.3,3.5,30.0,0.0,1.0,2.97
2022-04-19 11:00:00,184,18.0,2.3,49.0,5.0,1.0,2.74
2022-04-19 12:00:00,105,18.9,1.9,59.0,1.0,1.0,3.12
2022-04-19 12:00:00,108,20.2,2.5,39.0,0.0,1.0,3.15
2022-04-19 12:00:00,112,14.7,3.4,59.0,0.0,1.0,3.12
2022-04-19 12:00:00,119,20.4,2.1,37.0,0.0,1.0,3.08
2022-04-19 12:00:00,133,21.2,1.8,25.0,0.0,1.0,3.26
2022-04-19 12:00:00,143,22.9,3.1,22.0,0.0,1.0,3.2
2022-04-19 12:00:00,146,20.3,2.4,25.0,0.0,1.0,3.15
2022-04-19 12:00:00,156,22.0,1.4,12.0,1.0,1.0,3.3
2022-04-19 12:00:00,159,21.5,3.2,23.0,0.0,1.0,3.31
2022-04-19 12:00:00,184,18.5,2.5,44.0,6.0,1.0,3.24
2022-04-19 13:00:00,105,20.8,2.1,40.0,0.0,1.0,3.22
2022-04-19 13:00:00,108,21.7,2.5,36.0,0.0,1.0,3.27
2022-04-19 13:00:00,112,15.9,3.7,49.0,0.0,1.0,3.28
2022-04-19 13:00:00,119,20.5,4.0,29.0,0.0,1.0,3.21
2022-04-19 13:00:00,133,22.9,2.7,21.0,0.0,1.0,3.36
2022-04-19 13:00:00,143,24.0,4.9,16.0,1.0,1.0,3.21
2022-04-19 13:00:00,146,21.6,2.3,25.0,0.0,1.0,3.29
2022-04-19 13:00:00,156,23.0,1.4,12.0,0.0,1.0,3.55
2022-04-19 13:00:00,159,20.4,4.9,40.0,1.0,1.0,3.41
2022-04-19 13:00:00,184,18.3,2.1,41.0,4.0,1.0,3.2
2022-04-19 14:00:00,105,22.3,2.2,38.0,4.0,1.0,3.08
2022-04-19 14:00:00,108,22.0,3.6,35.0,0.0,1.0,3.19
2022-04-19 14:00:00,112,16.4,3.1,50.0,0.0,1.0,3.2
2022-04-19 14:00:00,119,20.7,4.7,31.0,0.0,1.0,3.14
2022-04-19 14:00:00,133,24.0,3.5,18.0,1.0,1.0,2.93
2022-04-19 14:00:00,143,24.8,3.4,15.0,1.0,1.0,3.27
2022-04-19 14:00:00,146,21.7,2.9,26.0,0.0,1.0,3.14
2022-04-19 14:00:00,156,24.4,2.3,13.0,0.0,1.0,3.4
2022-04-19 14:00:00,159,20.5,3.3,36.0,2.0,1.0,3.28
2022-04-19 14:00:00,184,19.3,3.3,44.0,3.0,1.0,3.13
2022-04-19 15:00:00,105,22.6,2.2,35.0,3.0,1.0,2.75
2022-04-19 15:00:00,108,21.8,4.0,31.0,0.0,1.0,2.92
2022-04-19 15:00:00,112,16.3,3.9,57.0,0.0,1.0,2.87
2022-04-19 15:00:00,119,20.2,4.6,33.0,0.0,1.0,2.8
2022-04-19 15:00:00,133,24.5,3.2,20.0,0.0,1.0,2.96
2022-04-19 15:00:00,143,24.7,3.8,15.0,3.0,1.0,2.77
2022-04-19 15:00:00,146,21.6,3.8,27.0,0.0,1.0,2.84
2022-04-19 15:00:00,156,24.3,2.1,17.0,0.0,1.0,3.07
2022-04-19 15:00:00,159,20.1,2.7,46.0,2.0,1.0,2.9
2022-04-19 15:00:00,184,18.9,3.2,46.0,6.0,1.0,2.89
2022-04-19 16:00:00,105,21.9,3.4,31.0,6.0,1.0,2.2
2022-04-19 16:00:00,108,20.9,5.1,32.0,0.0,1.0,2.43
2022-04-19 16:00:00,112,16.1,3.7,55.0,0.0,1.0,2.38
2022-04-19 16:00:00,119,19.3,4.8,32.0,0.0,1.0,2.32
2022-04-19 16:00:00,133,24.0,3.0,22.0,2.0,1.0,2.4
2022-04-19 16:00:00,143,24.5,5.1,15.0,4.0,1.0,2.21
2022-04-19 16:00:00,146,19.9,3.9,30.0,0.0,1.0,2.34
2022-04-19 16:00:00,156,22.9,2.3,15.0,0.0,1.0,2.47
2022-04-19 16:00:00,159,19.3,3.4,53.0,0.0,1.0,2.34
2022-04-19 16:00:00,184,19.3,3.1,48.0,0.0,1.0,2.42
2022-04-19 17:00:00,105,21.6,3.4,32.0,6.0,1.0,1.51
2022-04-19 17:00:00,108,20.1,3.9,32.0,0.0,1.0,1.74
2022-04-19 17:00:00,112,15.1,3.0,56.0,0.0,1.0,1.69
2022-04-19 17:00:00,119,18.2,3.9,38.0,0.0,1.0,1.64
2022-04-19 17:00:00,133,23.4,3.0,19.0,0.0,1.0,1.75
2022-04-19 17:00:00,143,24.5,3.8,18.0,2.0,1.0,1.61
2022-04-19 17:00:00,146,19.4,2.7,32.0,0.0,1.0,1.68
2022-04-19 17:00:00,156,22.0,1.4,18.0,0.0,1.0,1.81
2022-04-19 17:00:00,159,18.0,3.9,61.0,1.0,1.0,1.5
2022-04-19 17:00:00,184,18.1,3.4,52.0,0.0,1.0,1.66
2022-04-19 18:00:00,105,21.5,1.2,33.0,2.0,1.0,0.8
2022-04-19 18:00:00,108,18.9,4.6,35.0,0.0,1.0,0.93
2022-04-19 18:00:00,112,13.8,2.8,63.0,0.0,1.0,0.94
2022-04-19 18:00:00,119,17.0,3.1,43.0,0.0,1.0,0.89
2022-04-19 18:00:00,133,21.7,3.0,20.0,0.0,1.0,0.94
2022-04-19 18:00:00,143,23.5,3.4,19.0,1.0,1.0,0.84
2022-04-19 18:00:00,146,18.0,2.7,32.0,0.0,1.0,0.92
2022-04-19 18:00:00,156,20.2,1.6,21.0,0.0,1.0,1.02
2022-04-19 18:00:00,159,17.4,2.6,61.0,1.0,1.0,0.83
2022-04-19 18:00:00,184,17.6,3.2,50.0,0.0,1.0,0.86
2022-04-19 19:00:00,105,19.9,0.9,35.0,3.0,0.5,0.19
2022-04-19 19:00:00,108,17.2,2.7,37.0,1.0,0.7,0.27
2022-04-19 19:00:00,112,12.1,3.0,70.0,5.0,0.6,0.27
2022-04-19 19:00:00,119,15.0,1.7,51.0,0.0,0.7,0.21
2022-04-19 19:00:00,133,19.4,1.7,22.0,0.0,0.7,0.25
2022-04-19 19:00:00,143,22.3,2.6,22.0,1.0,0.6,0.23
2022-04-19 19:00:00,146,15.7,2.1,40.0,0.0,0.6,0.23
2022-04-19 19:00:00,156,17.8,2.1,28.0,0.0,0.8,0.31
2022-04-19 19:00:00,159,16.2,2.1,42.0,0.0,0.5,0.19
2022-04-19 19:00:00,184,15.5,2.7,60.0,1.0,0.6,0.17
2022-04-19 20:00:00,105,18.0,0.9,41.0,0.0,0.0,0.0
2022-04-19 20:00:00,108,15.7,3.7,40.0,2.0,0.0,0.01
2022-04-19 20:00:00,112,11.0,3.3,77.0,0.0,0.0,0.0
2022-04-19 20:00:00,119,13.2,1.7,58.0,6.0,0.0,0.0
2022-04-19 20:00:00,133,17.1,1.6,23.0,2.0,0.0,0.0
2022-04-19 20:00:00,143,21.3,1.9,24.0,1.0,0.0,0.0
2022-04-19 20:00:00,146,14.5,1.4,43.0,0.0,0.0,0.0
2022-04-19 20:00:00,156,16.5,1.2,29.0,0.0,0.0,0.04
2022-04-19 20:00:00,159,15.6,1.1,44.0,0.0,,
2022-04-19 20:00:00,184,14.6,3.1,60.0,0.0,0.0,0.0
2022-04-19 21:00:00,105,18.4,3.0,31.0,0.0,,
2022-04-19 21:00:00,108,14.7,2.7,47.0,0.0,,
2022-04-19 21:00:00,112,10.7,2.5,76.0,0.0,,
2022-04-19 21:00:00,119,12.4,0.1,60.0,0.0,,
2022-04-19 21:00:00,133,15.7,1.3,36.0,0.0,,
2022-04-19 21:00:00,143,20.2,1.6,25.0,0.0,,
2022-04-19 21:00:00,146,13.0,1.3,61.0,0.0,,
2022-04-19 21:00:00,156,14.6,1.4,37.0,0.0,,
2022-04-19 21:00:00,159,16.5,2.4,35.0,0.0,,
2022-04-19 21:00:00,184,14.3,1.5,56.0,0.0,,
2022-04-19 22:00:00,105,18.8,2.4,31.0,0.0,,
2022-04-19 22:00:00,108,13.8,1.5,54.0,0.0,,
2022-04-19 22:00:00,112,10.4,2.5,75.0,0.0,,
2022-04-19 22:00:00,119,10.7,1.3,68.0,1.0,,
2022-04-19 22:00:00,133,14.2,2.2,41.0,0.0,,
2022-04-19 22:00:00,143,18.9,1.6,29.0,0.0,,
2022-04-19 22:00:00,146,12.5,1.2,62.0,0.0,,
2022-04-19 22:00:00,156,14.1,1.1,35.0,0.0,,
2022-04-19 22:00:00,159,16.3,1.6,24.0,0.0,,
2022-04-19 22:00:00,184,14.0,1.6,50.0,0.0,,
2022-04-19 23:00:00,105,18.3,3.2,29.0,0.0,,
2022-04-19 23:00:00,108,13.0,1.9,57.0,1.0,,
2022-04-19 23:00:00,112,10.5,2.5,76.0,7.0,,
2022-04-19 23:00:00,119,10.0,0.7,72.0,2.0,,
2022-04-19 23:00:00,133,13.1,1.9,42.0,0.0,,
2022-04-19 23:00:00,143,19.0,3.2,30.0,0.0,,
2022-04-19 23:00:00,146,12.3,1.1,57.0,5.0,,
2022-04-19 23:00:00,156,13.6,0.0,39.0,0.0,,
2022-04-19 23:00:00,159,16.9,3.4,23.0,0.0,,
2022-04-19 23:00:00,184,13.7,2.4,50.0,1.0,,
2022-04-20 00:00:00,105,17.7,2.8,28.0,0.0,,
2022-04-20 00:00:00,108,12.3,1.5,62.0,0.0,,
2022-04-20 00:00:00,112,10.0,1.8,81.0,0.0,,
2022-04-20 00:00:00,119,9.1,0.9,79.0,0.0,,
2022-04-20 00:00:00,133,12.3,2.3,44.0,0.0,,
2022-04-20 00:00:00,143,15.2,0.5,40.0,0.0,,
2022-04-20 00:00:00,146,11.2,0.9,59.0,0.0,,
2022-04-20 00:00:00,156,13.1,0.1,44.0,0.0,,
2022-04-20 00:00:00,159,16.4,2.9,25.0,0.0,,
2022-04-20 00:00:00,184,13.3,2.1,49.0,0.0,,
2022-04-20 01:00:00,105,17.2,3.5,30.0,0.0,,
2022-04-20 01:00:00,108,11.7,0.9,65.0,0.0,,
2022-04-20 01:00:00,112,9.9,2.4,80.0,5.0,,
2022-04-20 01:00:00,119,8.2,1.0,85.0,0.0,,
2022-04-20 01:00:00,133,11.4,2.4,46.0,0.0,,
2022-04-20 01:00:00,143,14.2,0.7,44.0,0.0,,
2022-04-20 01:00:00,146,9.8,1.5,60.0,1.0,,
2022-04-20 01:00:00,156,12.1,0.0,51.0,0.0,,
2022-04-20 01:00:00,159,15.8,2.8,30.0,0.0,,
2022-04-20 01:00:00,184,12.9,1.6,48.0,0.0,,
2022-04-20 02:00:00,105,16.9,3.6,31.0,0.0,,
2022-04-20 02:00:00,108,11.1,1.0,68.0,0.0,,
2022-04-20 02:00:00,112,9.6,2.3,84.0,5.0,,
2022-04-20 02:00:00,119,7.6,0.3,86.0,0.0,,
2022-04-20 02:00:00,133,9.9,1.5,55.0,2.0,,
2022-04-20 02:00:00,143,12.6,0.5,50.0,0.0,,
2022-04-20 02:00:00,146,9.4,1.4,61.0,5.0,,
2022-04-20 02:00:00,156,11.0,1.1,58.0,0.0,,
2022-04-20 02:00:00,159,15.9,2.7,26.0,0.0,,
2022-04-20 02:00:00,184,12.6,1.7,48.0,0.0,,
2022-04-20 03:00:00,105,16.8,3.7,33.0,0.0,,
2022-04-20 03:00:00,108,10.7,1.2,70.0,0.0,,
2022-04-20 03:00:00,112,9.7,3.3,82.0,0.0,,
2022-04-20 03:00:00,119,6.8,0.9,89.0,0.0,,
2022-04-20 03:00:00,133,8.7,0.7,62.0,0.0,,
2022-04-20 03:00:00,143,11.2,0.5,52.0,0.0,,
2022-04-20 03:00:00,146,9.2,1.3,61.0,0.0,,
2022-04-20 03:00:00,156,10.3,0.3,60.0,0.0,,
2022-04-20 03:00:00,159,15.9,3.3,27.0,0.0,,
2022-04-20 03:00:00,184,12.1,1.6,49.0,0.0,,
2022-04-20 04:00:00,105,16.5,3.1,34.0,0.0,,
2022-04-20 04:00:00,108,10.5,1.3,73.0,0.0,,
2022-04-20 04:00:00,112,9.5,2.6,82.0,0.0,,
2022-04-20 04:00:00,119,6.2,1.1,91.0,0.0,,
2022-04-20 04:00:00,133,7.9,0.8,66.0,0.0,,
2022-04-20 04:00:00,143,10.4,0.3,63.0,0.0,,
2022-04-20 04:00:00,146,8.4,1.6,62.0,0.0,,
2022-04-20 04:00:00,156,9.6,0.7,64.0,0.0,,
2022-04-20 04:00:00,159,15.4,3.2,30.0,0.0,,
2022-04-20 04:00:00,184,11.8,2.0,49.0,0.0,,
2022-04-20 05:00:00,105,16.3,2.4,34.0,0.0,,
2022-04-20 05:00:00,108,10.1,0.6,73.0,0.0,,
2022-04-20 05:00:00,112,9.4,2.3,79.0,0.0,,
2022-04-20 05:00:00,119,6.1,0.6,93.0,0.0,,
2022-04-20 05:00:00,133,7.1,1.1,68.0,0.0,,
2022-04-20 05:00:00,143,9.6,0.2,65.0,0.0,,
2022-04-20 05:00:00,146,8.3,1.2,60.0,0.0,,
2022-04-20 05:00:00,156,9.1,0.0,70.0,0.0,,
2022-04-20 05:00:00,159,15.7,3.5,30.0,0.0,,
2022-04-20 05:00:00,184,11.5,2.0,47.0,0.0,,
2022-04-20 06:00:00,105,16.1,2.7,34.0,0.0,0.0,0.0
2022-04-20 06:00:00,108,9.8,0.7,74.0,0.0,0.0,0.0
2022-04-20 06:00:00,112,9.3,2.8,77.0,0.0,0.0,0.0
2022-04-20 06:00:00,119,6.8,0.1,92.0,0.0,0.0,0.0
2022-04-20 06:00:00,133,6.5,1.2,72.0,0.0,0.0,0.0
2022-04-20 06:00:00,143,8.9,0.2,64.0,0.0,0.0,0.0
2022-04-20 06:00:00,146,7.7,1.3,61.0,0.0,0.0,0.0
2022-04-20 06:00:00,156,8.4,0.5,74.0,4.0,0.0,0.05
2022-04-20 06:00:00,159,15.5,2.6,30.0,0.0,0.0,0.0
2022-04-20 06:00:00,184,11.3,2.6,46.0,0.0,0.0,0.0
2022-04-20 07:00:00,105,16.9,3.6,31.0,0.0,0.7,0.3
2022-04-20 07:00:00,108,9.9,0.9,75.0,0.0,0.5,0.22
2022-04-20 07:00:00,112,9.7,2.2,77.0,0.0,0.4,0.21
2022-04-20 07:00:00,119,8.9,0.5,84.0,0.0,0.5,0.18
2022-04-20 07:00:00,133,7.2,0.3,72.0,0.0,0.7,0.24
2022-04-20 07:00:00,143,10.8,0.5,57.0,0.0,0.8,0.34
2022-04-20 07:00:00,146,9.1,0.9,59.0,0.0,0.6,0.22
2022-04-20 07:00:00,156,8.6,0.1,74.0,0.0,0.5,0.28
2022-04-20 07:00:00,159,16.0,2.3,33.0,0.0,0.2,0.23
2022-04-20 07:00:00,184,11.7,2.5,44.0,0.0,0.6,0.11
2022-04-20 08:00:00,105,18.5,3.3,27.0,0.0,1.0,1.0
2022-04-20 08:00:00,108,12.2,2.0,67.0,0.0,1.0,0.82
2022-04-20 08:00:00,112,11.5,2.5,67.0,0.0,1.0,0.84
2022-04-20 08:00:00,119,12.9,0.7,61.0,0.0,1.0,0.81
2022-04-20 08:00:00,133,9.9,0.4,60.0,0.0,1.0,0.93
2022-04-20 08:00:00,143,13.8,0.7,45.0,0.0,1.0,1.01
2022-04-20 08:00:00,146,11.6,0.9,50.0,0.0,1.0,0.87
2022-04-20 08:00:00,156,10.9,0.7,64.0,0.0,1.0,0.98
2022-04-20 08:00:00,159,18.5,0.8,32.0,0.0,1.0,0.9
2022-04-20 08:00:00,184,14.8,1.1,39.0,0.0,0.9,0.74
2022-04-20 09:00:00,105,20.3,3.3,23.0,0.0,1.0,1.78
2022-04-20 09:00:00,108,14.8,1.6,53.0,0.0,1.0,1.6
2022-04-20 09:00:00,112,13.0,2.8,57.0,0.0,1.0,1.56
2022-04-20 09:00:00,119,14.2,1.7,53.0,0.0,1.0,1.59
2022-04-20 09:00:00,133,13.0,1.5,49.0,0.0,1.0,1.71
2022-04-20 09:00:00,143,16.2,0.9,40.0,0.0,1.0,1.74
2022-04-20 09:00:00,146,15.4,0.5,33.0,0.0,1.0,1.62
2022-04-20 09:00:00,156,13.7,1.4,51.0,0.0,1.0,1.79
2022-04-20 09:00:00,159,21.4,1.1,28.0,0.0,1.0,1.76
2022-04-20 09:00:00,184,18.5,2.0,30.0,0.0,1.0,1.59
2022-04-20 10:00:00,105,22.2,3.7,21.0,0.0,1.0,2.48
2022-04-20 10:00:00,108,16.9,1.0,43.0,0.0,1.0,2.3
2022-04-20 10:00:00,112,15.1,2.7,44.0,0.0,1.0,2.27
2022-04-20 10:00:00,119,16.2,2.1,37.0,0.0,1.0,2.29
2022-04-20 10:00:00,133,16.6,1.5,28.0,0.0,1.0,2.42
2022-04-20 10:00:00,143,20.1,0.7,24.0,0.0,1.0,2.39
2022-04-20 10:00:00,146,17.2,1.0,31.0,0.0,1.0,2.31
2022-04-20 10:00:00,156,16.2,0.9,33.0,0.0,1.0,2.51
2022-04-20 10:00:00,159,21.8,2.2,26.0,0.0,1.0,2.49
2022-04-20 10:00:00,184,19.0,3.3,53.0,0.0,1.0,2.4
2022-04-20 11:00:00,105,23.5,4.0,20.0,0.0,1.0,3.02
2022-04-20 11:00:00,108,18.9,3.1,35.0,0.0,1.0,2.92
2022-04-20 11:00:00,112,15.7,3.4,44.0,0.0,1.0,2.85
2022-04-20 11:00:00,119,18.6,2.3,34.0,0.0,1.0,2.82
2022-04-20 11:00:00,133,18.8,1.5,29.0,0.0,1.0,2.95
2022-04-20 11:00:00,143,22.1,2.3,20.0,0.0,1.0,2.97
2022-04-20 11:00:00,146,19.1,1.3,30.0,0.0,1.0,2.82
2022-04-20 11:00:00,156,19.9,1.9,24.0,0.0,1.0,3.1
2022-04-20 11:00:00,159,21.9,4.7,30.0,0.0,1.0,3.03
2022-04-20 11:00:00,184,18.5,3.4,43.0,0.0,1.0,2.98
2022-04-20 12:00:00,105,24.6,3.7,19.0,0.0,1.0,3.34
2022-04-20 12:00:00,108,20.8,3.4,32.0,0.0,1.0,3.27
2022-04-20 12:00:00,112,15.7,3.7,43.0,0.0,1.0,3.22
2022-04-20 12:00:00,119,19.5,2.5,30.0,0.0,1.0,3.1
2022-04-20 12:00:00,133,21.2,2.6,21.0,0.0,1.0,3.3
2022-04-20 12:00:00,143,23.5,2.1,19.0,0.0,1.0,3.29
2022-04-20 12:00:00,146,20.8,2.8,24.0,0.0,1.0,3.23
2022-04-20 12:00:00,156,21.6,1.4,24.0,0.0,1.0,3.42
2022-04-20 12:00:00,159,22.2,4.3,25.0,0.0,1.0,3.4
2022-04-20 12:00:00,184,18.9,3.1,41.0,0.0,1.0,3.35
2022-04-20 13:00:00,105,25.4,4.8,19.0,1.0,1.0,3.44
2022-04-20 13:00:00,108,21.7,3.9,29.0,0.0,1.0,3.39
2022-04-20 13:00:00,112,16.2,3.9,47.0,0.0,1.0,3.37
2022-04-20 13:00:00,119,20.2,3.4,25.0,0.0,1.0,3.31
2022-04-20 13:00:00,133,21.7,4.8,18.0,0.0,1.0,3.5
2022-04-20 13:00:00,143,25.2,3.6,18.0,0.0,1.0,3.4
2022-04-20 13:00:00,146,20.7,2.4,25.0,0.0,1.0,3.34
2022-04-20 13:00:00,156,23.2,2.5,23.0,0.0,1.0,3.53
2022-04-20 13:00:00,159,20.9,5.3,41.0,0.0,1.0,3.53
2022-04-20 13:00:00,184,19.1,3.1,38.0,0.0,1.0,3.49
2022-04-20 14:00:00,105,25.6,5.4,17.0,1.0,1.0,3.31
2022-04-20 14:00:00,108,21.9,4.1,25.0,0.0,1.0,3.33
2022-04-20 14:00:00,112,17.2,3.5,45.0,0.0,1.0,3.26
2022-04-20 14:00:00,119,21.4,4.4,24.0,0.0,1.0,3.19
2022-04-20 14:00:00,133,22.0,4.4,19.0,0.0,1.0,3.37
2022-04-20 14:00:00,143,25.1,3.6,18.0,0.0,1.0,3.26
2022-04-20 14:00:00,146,21.7,3.3,27.0,0.0,1.0,3.2
2022-04-20 14:00:00,156,23.0,1.9,20.0,0.0,1.0,3.43
2022-04-20 14:00:00,159,21.7,4.5,35.0,0.0,1.0,3.39
2022-04-20 14:00:00,184,18.6,3.0,38.0,0.0,1.0,3.39
2022-04-20 15:00:00,105,25.7,4.6,16.0,2.0,1.0,2.94
2022-04-20 15:00:00,108,21.4,4.6,30.0,0.0,1.0,2.95
2022-04-20 15:00:00,112,17.8,2.5,43.0,0.0,1.0,2.94
2022-04-20 15:00:00,119,21.5,4.1,30.0,0.0,1.0,2.88
2022-04-20 15:00:00,133,22.6,3.2,19.0,1.0,1.0,3.04
2022-04-20 15:00:00,143,26.1,3.6,17.0,3.0,1.0,2.84
2022-04-20 15:00:00,146,21.4,3.4,29.0,0.0,1.0,2.78
2022-04-20 15:00:00,156,24.3,3.4,17.0,0.0,1.0,3.06
2022-04-20 15:00:00,159,21.9,5.1,30.0,0.0,1.0,3.03
2022-04-20 15:00:00,184,18.6,3.0,34.0,2.0,1.0,3.06
2022-04-20 16:00:00,105,25.7,4.5,16.0,1.0,1.0,2.43
2022-04-20 16:00:00,108,22.0,3.3,29.0,0.0,1.0,2.45
2022-04-20 16:00:00,112,17.6,3.4,43.0,0.0,1.0,2.42
2022-04-20 16:00:00,119,21.0,3.7,33.0,0.0,1.0,2.29
2022-04-20 16:00:00,133,22.6,2.6,19.0,0.0,1.0,2.46
2022-04-20 16:00:00,143,26.4,2.3,17.0,2.0,1.0,2.25
2022-04-20 16:00:00,146,21.2,3.7,30.0,0.0,1.0,2.3
2022-04-20 16:00:00,156,24.2,3.4,19.0,0.0,1.0,2.5
2022-04-20 16:00:00,159,21.3,5.4,33.0,0.0,1.0,2.47
2022-04-20 16:00:00,184,18.6,2.8,37.0,6.0,1.0,2.22
2022-04-20 17:00:00,105,25.2,4.6,17.0,6.0,1.0,1.74
2022-04-20 17:00:00,108,21.3,3.8,27.0,0.0,1.0,1.77
2022-04-20 17:00:00,112,16.1,3.0,49.0,0.0,1.0,1.73
2022-04-20 17:00:00,119,20.3,3.6,36.0,0.0,1.0,1.64
2022-04-20 17:00:00,133,22.6,2.0,18.0,0.0,1.0,1.78
2022-04-20 17:00:00,143,25.9,2.4,18.0,0.0,1.0,1.58
2022-04-20 17:00:00,146,19.8,3.7,29.0,0.0,1.0,1.58
2022-04-20 17:00:00,156,23.0,2.9,20.0,0.0,1.0,1.82
2022-04-20 17:00:00,159,21.0,6.4,31.0,0.0,1.0,1.72
2022-04-20 17:00:00,184,17.9,2.4,36.0,5.0,0.8,1.36
2022-04-20 18:00:00,105,24.1,3.6,17.0,0.0,1.0,0.94
2022-04-20 18:00:00,108,20.2,2.9,30.0,0.0,1.0,0.94
2022-04-20 18:00:00,112,15.0,2.3,50.0,0.0,1.0,0.96
2022-04-20 18:00:00,119,18.5,3.8,40.0,0.0,1.0,0.9
2022-04-20 18:00:00,133,21.3,2.4,17.0,0.0,1.0,0.99
2022-04-20 18:00:00,143,24.6,2.5,21.0,1.0,1.0,0.83
2022-04-20 18:00:00,146,18.1,2.7,35.0,0.0,1.0,0.88
2022-04-20 18:00:00,156,21.2,2.2,22.0,0.0,1.0,1.02
2022-04-20 18:00:00,159,20.0,5.9,32.0,2.0,1.0,0.9
2022-04-20 18:00:00,184,17.0,1.7,41.0,7.0,0.6,0.66
2022-04-20 19:00:00,105,22.5,3.3,19.0,0.0,0.5,0.21
2022-04-20 19:00:00,108,18.2,2.9,37.0,0.0,0.8,0.29
2022-04-20 19:00:00,112,13.2,2.5,54.0,0.0,0.6,0.27
2022-04-20 19:00:00,119,16.7,2.6,43.0,0.0,0.7,0.22
2022-04-20 19:00:00,133,18.9,1.9,24.0,0.0,0.7,0.26
2022-04-20 19:00:00,143,22.7,2.5,24.0,0.0,0.5,0.23
2022-04-20 19:00:00,146,16.6,2.5,38.0,0.0,0.6,0.22
2022-04-20 19:00:00,156,18.7,1.6,28.0,6.0,0.7,0.32
2022-04-20 19:00:00,159,18.6,4.5,31.0,0.0,0.6,0.21
2022-04-20 19:00:00,184,15.9,1.8,44.0,6.0,0.3,0.15
2022-04-20 20:00:00,105,21.3,2.4,20.0,0.0,0.0,0.0
2022-04-20 20:00:00,108,16.5,3.3,40.0,0.0,0.0,0.01
2022-04-20 20:00:00,112,12.2,2.0,54.0,0.0,0.0,0.01
2022-04-20 20:00:00,119,14.4,0.4,54.0,0.0,0.0,0.0
2022-04-20 20:00:00,133,17.1,1.5,31.0,0.0,0.0,0.0
2022-04-20 20:00:00,143,20.5,1.1,28.0,0.0,0.0,0.0
2022-04-20 20:00:00,146,15.5,1.3,42.0,0.0,0.0,0.01
2022-04-20 20:00:00,156,17.0,1.5,31.0,0.0,0.0,0.04
2022-04-20 20:00:00,159,17.9,4.3,33.0,6.0,0.0,0.0
2022-04-20 20:00:00,184,15.2,1.5,41.0,6.0,0.0,0.0
2022-04-20 21:00:00,105,20.7,2.2,23.0,0.0,,
2022-04-20 21:00:00,108,15.0,2.2,48.0,0.0,,
2022-04-20 21:00:00,112,11.7,2.1,55.0,0.0,,
2022-04-20 21:00:00,119,13.1,0.3,62.0,0.0,,
2022-04-20 21:00:00,133,15.4,1.9,41.0,0.0,,
2022-04-20 21:00:00,143,20.0,2.2,29.0,0.0,,
2022-04-20 21:00:00,146,14.8,0.8,44.0,0.0,,
2022-04-20 21:00:00,156,16.3,1.0,33.0,0.0,,
2022-04-20 21:00:00,159,17.8,4.5,31.0,4.0,,
2022-04-20 21:00:00,184,14.7,0.7,45.0,7.0,,
2022-04-20 22:00:00,105,19.6,2.4,26.0,0.0,,
2022-04-20 22:00:00,108,14.2,2.5,54.0,0.0,,
2022-04-20 22:00:00,112,11.1,2.2,59.0,0.0,,
2022-04-20 22:00:00,119,12.3,0.1,64.0,3.0,,
2022-04-20 22:00:00,133,14.5,3.0,44.0,0.0,,
2022-04-20 22:00:00,143,18.5,1.0,32.0,0.0,,
2022-04-20 22:00:00,146,13.2,1.4,52.0,3.0,,
2022-04-20 22:00:00,156,16.0,1.1,39.0,6.0,,
2022-04-20 22:00:00,159,16.9,3.3,36.0,3.0,,
2022-04-20 22:00:00,184,14.7,0.4,49.0,8.0,,
2022-04-20 23:00:00,105,19.2,2.4,28.0,0.0,,
2022-04-20 23:00:00,108,13.5,1.6,54.0,0.0,,
2022-04-20 23:00:00,112,10.7,2.1,61.0,1.0,,
2022-04-20 23:00:00,119,11.1,0.5,70.0,4.0,,
2022-04-20 23:00:00,133,13.7,2.5,46.0,1.0,,
2022-04-20 23:00:00,143,16.8,0.7,39.0,0.0,,
2022-04-20 23:00:00,146,12.8,1.1,55.0,1.0,,
2022-04-20 23:00:00,156,15.2,0.8,40.0,3.0,,
2022-04-20 23:00:00,159,16.7,3.6,36.0,0.0,,
2022-04-20 23:00:00,184,14.1,0.5,51.0,6.0,,
2022-04-21 00:00:00,105,18.7,2.9,28.0,0.0,,
2022-04-21 00:00:00,108,12.9,1.6,53.0,0.0,,
2022-04-21 00:00:00,112,10.7,2.3,57.0,0.0,,
2022-04-21 00:00:00,119,10.3,0.2,70.0,0.0,,
2022-04-21 00:00:00,133,12.8,1.9,48.0,0.0,,
2022-04-21 00:00:00,143,14.9,0.7,42.0,0.0,,
2022-04-21 00:00:00,146,11.6,1.9,58.0,0.0,,
2022-04-21 00:00:00,156,14.4,0.2,44.0,0.0,,
2022-04-21 00:00:00,159,16.6,4.4,33.0,3.0,,
2022-04-21 00:00:00,184,14.6,1.7,48.0,8.0,,
2022-04-21 01:00:00,105,18.6,4.2,29.0,0.0,,
2022-04-21 01:00:00,108,12.2,0.8,55.0,0.0,,
2022-04-21 01:00:00,112,11.2,2.5,51.0,0.0,,
2022-04-21 01:00:00,119,9.4,0.4,79.0,5.0,,
2022-04-21 01:00:00,133,11.4,1.0,56.0,0.0,,
2022-04-21 01:00:00,143,14.5,0.8,44.0,1.0,,
2022-04-21 01:00:00,146,10.8,2.1,61.0,4.0,,
2022-04-21 01:00:00,156,14.1,0.1,46.0,8.0,,
2022-04-21 01:00:00,159,17.1,4.5,24.0,4.0,,
2022-04-21 01:00:00,184,14.7,1.2,47.0,10.0,,
2022-04-21 02:00:00,105,18.0,3.0,25.0,0.0,,
2022-04-21 02:00:00,108,11.8,0.9,55.0,0.0,,
2022-04-21 02:00:00,112,11.3,2.8,50.0,0.0,,
2022-04-21 02:00:00,119,8.5,0.1,81.0,6.0,,
2022-04-21 02:00:00,133,9.9,1.4,64.0,0.0,,
2022-04-21 02:00:00,143,13.3,0.4,48.0,4.0,,
2022-04-21 02:00:00,146,10.2,1.7,62.0,5.0,,
2022-04-21 02:00:00,156,13.4,0.1,50.0,9.0,,
2022-04-21 02:00:00,159,16.7,3.5,27.0,8.0,,
2022-04-21 02:00:00,184,14.5,0.5,48.0,9.0,,
2022-04-21 03:00:00,105,17.6,3.3,27.0,0.0,,
2022-04-21 03:00:00,108,11.4,1.5,53.0,0.0,,
2022-04-21 03:00:00,112,10.8,2.6,45.0,0.0,,
2022-04-21 03:00:00,119,7.9,0.2,83.0,0.0,,
2022-04-21 03:00:00,133,9.1,0.2,66.0,4.0,,
2022-04-21 03:00:00,143,12.5,0.9,57.0,7.0,,
2022-04-21 03:00:00,146,10.2,1.6,61.0,6.0,,
2022-04-21 03:00:00,156,13.0,0.0,49.0,7.0,,
2022-04-21 03:00:00,159,16.3,3.1,29.0,8.0,,
2022-04-21 03:00:00,184,14.4,0.6,51.0,9.0,,
2022-04-21 04:00:00,105,17.2,3.6,28.0,0.0,,
2022-04-21 04:00:00,108,10.7,2.0,56.0,0.0,,
2022-04-21 04:00:00,112,11.0,2.9,44.0,0.0,,
2022-04-21 04:00:00,119,8.0,0.3,81.0,0.0,,
2022-04-21 04:00:00,133,8.5,0.5,70.0,8.0,,
2022-04-21 04:00:00,143,11.7,0.4,54.0,6.0,,
2022-04-21 04:00:00,146,10.0,1.9,60.0,6.0,,
2022-04-21 04:00:00,156,12.3,0.3,61.0,9.0,,
2022-04-21 04:00:00,159,14.6,1.5,66.0,9.0,,
2022-04-21 04:00:00,184,14.6,0.4,49.0,10.0,,
2022-04-21 05:00:00,105,16.7,3.2,29.0,0.0,,
2022-04-21 05:00:00,108,10.2,2.0,61.0,0.0,,
2022-04-21 05:00:00,112,10.6,2.3,49.0,0.0,,
2022-04-21 05:00:00,119,7.5,0.1,81.0,0.0,,
2022-04-21 05:00:00,133,8.0,1.2,73.0,3.0,,
2022-04-21 05:00:00,143,11.3,0.3,57.0,7.0,,
2022-04-21 05:00:00,146,9.7,1.8,62.0,4.0,,
2022-04-21 05:00:00,156,12.0,0.0,61.0,8.0,,
2022-04-21 05:00:00,159,14.1,1.3,57.0,8.0,,
2022-04-21 05:00:00,184,14.6,1.5,52.0,10.0,,
2022-04-21 06:00:00,105,16.2,3.4,31.0,0.0,0.0,0.0
2022-04-21 06:00:00,108,9.7,1.9,65.0,0.0,0.0,0.0
2022-04-21 06:00:00,112,10.4,2.5,52.0,3.0,0.0,0.0
2022-04-21 06:00:00,119,7.9,0.7,81.0,0.0,0.0,0.0
2022-04-21 06:00:00,133,7.6,1.1,76.0,2.0,0.0,0.0
2022-04-21 06:00:00,143,11.1,0.7,63.0,9.0,0.0,0.0
2022-04-21 06:00:00,146,10.4,1.6,59.0,8.0,0.0,0.0
2022-04-21 06:00:00,156,11.9,0.6,63.0,8.0,0.0,0.06
2022-04-21 06:00:00,159,14.3,2.0,52.0,9.0,0.0,0.0
2022-04-21 06:00:00,184,14.8,0.9,53.0,10.0,0.0,0.0
2022-04-21 07:00:00,105,16.6,3.1,32.0,0.0,0.8,0.35
2022-04-21 07:00:00,108,10.2,1.3,65.0,3.0,0.3,0.22
2022-04-21 07:00:00,112,11.3,2.6,51.0,7.0,0.0,0.18
2022-04-21 07:00:00,119,10.0,0.8,76.0,2.0,0.3,0.19
2022-04-21 07:00:00,133,7.9,0.0,76.0,9.0,0.0,0.17
2022-04-21 07:00:00,143,11.4,1.0,63.0,9.0,0.0,0.2
2022-04-21 07:00:00,146,11.4,0.8,56.0,9.0,0.0,0.11
2022-04-21 07:00:00,156,11.7,0.6,62.0,10.0,0.0,0.12
2022-04-21 07:00:00,159,14.9,2.2,49.0,9.0,0.0,0.15
2022-04-21 07:00:00,184,15.1,1.3,46.0,10.0,0.0,0.0
2022-04-21 08:00:00,105,18.1,3.4,30.0,0.0,1.0,1.04
2022-04-21 08:00:00,108,12.8,1.6,58.0,8.0,0.5,0.52
2022-04-21 08:00:00,112,12.9,3.4,47.0,9.0,0.0,0.46
2022-04-21 08:00:00,119,13.1,0.6,59.0,9.0,0.5,0.64
2022-04-21 08:00:00,133,9.8,0.4,67.0,9.0,0.0,0.5
2022-04-21 08:00:00,143,12.5,1.2,56.0,9.0,0.0,0.38
2022-04-21 08:00:00,146,13.3,0.2,55.0,10.0,0.0,0.36
2022-04-21 08:00:00,156,12.6,0.3,60.0,10.0,0.0,0.29
2022-04-21 08:00:00,159,15.8,1.7,46.0,9.0,0.0,0.3
2022-04-21 08:00:00,184,14.5,1.6,67.0,10.0,0.0,0.04
2022-04-21 09:00:00,105,20.0,2.5,27.0,6.0,1.0,1.79
2022-04-21 09:00:00,108,15.2,1.7,52.0,7.0,0.2,1.01
2022-04-21 09:00:00,112,15.1,3.5,32.0,3.0,0.5,1.16
2022-04-21 09:00:00,119,15.1,2.6,49.0,4.0,0.7,1.21
2022-04-21 09:00:00,133,12.0,0.5,59.0,9.0,0.0,0.86
2022-04-21 09:00:00,143,14.2,0.7,51.0,9.0,0.0,0.64
2022-04-21 09:00:00,146,15.9,0.4,43.0,10.0,0.0,0.66
2022-04-21 09:00:00,156,14.4,0.3,57.0,10.0,0.0,0.5
2022-04-21 09:00:00,159,16.1,2.9,62.0,9.0,0.0,0.38
2022-04-21 09:00:00,184,14.4,1.6,73.0,10.0,0.0,0.12
2022-04-21 10:00:00,105,20.9,4.2,29.0,7.0,1.0,2.12
2022-04-21 10:00:00,108,17.4,1.2,36.0,1.0,0.7,1.9
2022-04-21 10:00:00,112,16.6,4.6,25.0,2.0,0.9,1.94
2022-04-21 10:00:00,119,17.4,2.4,27.0,5.0,1.0,1.85
2022-04-21 10:00:00,133,14.9,0.7,50.0,5.0,0.5,1.39
2022-04-21 10:00:00,143,15.7,0.5,45.0,9.0,0.0,0.78
2022-04-21 10:00:00,146,17.4,1.1,39.0,10.0,0.0,1.07
2022-04-21 10:00:00,156,16.2,0.9,54.0,10.0,0.0,1.07
2022-04-21 10:00:00,159,16.4,2.9,66.0,10.0,0.0,0.36
2022-04-21 10:00:00,184,14.7,2.2,70.0,10.0,0.0,0.29
2022-04-21 11:00:00,105,21.7,4.3,28.0,8.0,0.7,2.08
2022-04-21 11:00:00,108,20.0,2.5,24.0,2.0,1.0,2.73
2022-04-21 11:00:00,112,18.3,4.7,22.0,5.0,1.0,2.54
2022-04-21 11:00:00,119,19.5,3.2,22.0,4.0,1.0,2.57
2022-04-21 11:00:00,133,17.5,1.6,38.0,9.0,0.5,1.66
2022-04-21 11:00:00,143,16.8,0.7,43.0,10.0,0.0,0.74
2022-04-21 11:00:00,146,18.2,1.6,33.0,10.0,0.0,1.08
2022-04-21 11:00:00,156,16.4,1.3,48.0,10.0,0.0,0.61
2022-04-21 11:00:00,159,15.8,3.2,89.0,10.0,0.0,0.31
2022-04-21 11:00:00,184,13.9,2.4,72.0,10.0,0.0,0.26
2022-04-21 12:00:00,105,22.8,4.7,29.0,6.0,1.0,2.63
2022-04-21 12:00:00,108,21.3,3.7,22.0,6.0,1.0,3.0
2022-04-21 12:00:00,112,18.9,4.9,23.0,8.0,1.0,2.87
2022-04-21 12:00:00,119,20.0,2.9,21.0,7.0,0.9,2.18
2022-04-21 12:00:00,133,18.8,2.1,27.0,9.0,0.0,1.42
2022-04-21 12:00:00,143,18.2,0.8,39.0,10.0,0.0,1.07
2022-04-21 12:00:00,146,18.2,1.6,35.0,10.0,0.0,0.81
2022-04-21 12:00:00,156,16.3,1.9,45.0,10.0,0.0,0.39
2022-04-21 12:00:00,159,16.1,3.2,85.0,10.0,0.0,0.71
2022-04-21 12:00:00,184,13.2,2.7,84.0,10.0,0.0,0.15
2022-04-21 13:00:00,105,23.3,3.9,27.0,8.0,0.7,2.34
2022-04-21 13:00:00,108,21.1,3.9,25.0,8.0,0.4,2.05
2022-04-21 13:00:00,112,19.0,4.9,23.0,7.0,0.7,2.67
2022-04-21 13:00:00,119,21.0,3.3,23.0,7.0,0.7,2.02
2022-04-21 13:00:00,133,19.1,1.9,29.0,9.0,0.0,1.38
2022-04-21 13:00:00,143,19.3,2.5,47.0,10.0,0.0,0.78
2022-04-21 13:00:00,146,17.9,2.1,36.0,10.0,0.0,0.85
2022-04-21 13:00:00,156,16.3,2.5,49.0,10.0,0.0,0.53
2022-04-21 13:00:00,159,14.5,3.1,90.0,10.0,0.0,0.4
2022-04-21 13:00:00,184,14.3,2.0,79.0,7.0,0.0,0.93
2022-04-21 14:00:00,105,23.2,4.1,29.0,9.0,0.0,1.55
2022-04-21 14:00:00,108,22.5,3.9,23.0,7.0,0.9,2.86
2022-04-21 14:00:00,112,18.9,4.1,29.0,6.0,1.0,2.94
2022-04-21 14:00:00,119,21.3,4.4,20.0,6.0,1.0,2.65
2022-04-21 14:00:00,133,19.7,3.6,28.0,9.0,0.1,1.56
2022-04-21 14:00:00,143,18.2,2.9,53.0,10.0,0.0,0.82
2022-04-21 14:00:00,146,19.5,2.6,34.0,7.0,0.6,2.16
2022-04-21 14:00:00,156,16.7,1.9,50.0,10.0,0.0,1.05
2022-04-21 14:00:00,159,13.8,1.8,95.0,10.0,0.0,0.43
2022-04-21 14:00:00,184,16.6,3.3,66.0,4.0,0.7,3.04
2022-04-21 15:00:00,105,22.6,4.4,30.0,9.0,0.0,1.4
2022-04-21 15:00:00,108,21.9,4.5,25.0,7.0,0.3,1.79
2022-04-21 15:00:00,112,17.4,4.1,37.0,3.0,0.6,2.17
2022-04-21 15:00:00,119,21.5,5.0,22.0,7.0,0.6,1.94
2022-04-21 15:00:00,133,20.9,1.5,26.0,6.0,0.8,2.28
2022-04-21 15:00:00,143,16.8,1.9,60.0,10.0,0.0,0.32
2022-04-21 15:00:00,146,20.0,2.7,35.0,3.0,1.0,2.75
2022-04-21 15:00:00,156,19.3,1.0,39.0,4.0,0.8,2.74
2022-04-21 15:00:00,159,13.7,2.7,95.0,10.0,0.0,0.41
2022-04-21 15:00:00,184,17.6,5.0,62.0,0.0,1.0,3.02
2022-04-21 16:00:00,105,23.1,3.6,29.0,8.0,0.4,1.43
2022-04-21 16:00:00,108,21.4,5.7,23.0,7.0,0.4,1.71
2022-04-21 16:00:00,112,17.5,5.5,50.0,4.0,0.5,1.67
2022-04-21 16:00:00,119,20.3,6.4,31.0,5.0,0.8,1.81
2022-04-21 16:00:00,133,21.1,2.8,28.0,1.0,0.9,2.11
2022-04-21 16:00:00,143,16.4,3.2,61.0,10.0,0.0,0.45
2022-04-21 16:00:00,146,19.4,2.5,39.0,0.0,1.0,2.22
2022-04-21 16:00:00,156,20.3,1.4,27.0,0.0,1.0,2.38
2022-04-21 16:00:00,159,13.0,3.6,93.0,10.0,0.0,0.44
2022-04-21 16:00:00,184,17.1,4.5,61.0,0.0,1.0,2.33
2022-04-21 17:00:00,105,23.2,4.8,29.0,7.0,0.9,1.46
2022-04-21 17:00:00,108,20.2,5.2,47.0,5.0,0.3,1.05
2022-04-21 17:00:00,112,16.6,4.8,57.0,5.0,0.3,1.17
2022-04-21 17:00:00,119,19.2,5.0,47.0,5.0,0.8,1.31
2022-04-21 17:00:00,133,21.0,2.7,26.0,1.0,1.0,1.43
2022-04-21 17:00:00,143,17.4,2.3,55.0,6.0,0.2,0.99
2022-04-21 17:00:00,146,19.7,1.6,42.0,0.0,1.0,1.51
2022-04-21 17:00:00,156,20.0,1.8,26.0,0.0,1.0,1.56
2022-04-21 17:00:00,159,13.5,1.5,91.0,10.0,0.0,0.47
2022-04-21 17:00:00,184,16.3,4.6,68.0,0.0,1.0,1.62
2022-04-21 18:00:00,105,22.6,3.2,28.0,0.0,1.0,0.76
2022-04-21 18:00:00,108,18.8,4.1,54.0,7.0,0.3,0.56
2022-04-21 18:00:00,112,15.1,5.0,64.0,5.0,0.3,0.7
2022-04-21 18:00:00,119,17.9,3.3,51.0,3.0,0.9,0.75
2022-04-21 18:00:00,133,19.8,1.9,28.0,0.0,1.0,0.83
2022-04-21 18:00:00,143,17.1,1.0,53.0,2.0,1.0,0.87
2022-04-21 18:00:00,146,19.3,0.5,37.0,0.0,0.9,0.72
2022-04-21 18:00:00,156,19.2,1.3,36.0,0.0,1.0,0.82
2022-04-21 18:00:00,159,14.4,0.3,85.0,8.0,0.2,0.45
2022-04-21 18:00:00,184,16.0,4.1,74.0,0.0,1.0,0.86
2022-04-21 19:00:00,105,21.4,3.9,30.0,0.0,0.2,0.18
2022-04-21 19:00:00,108,17.8,3.9,55.0,4.0,0.0,0.14
2022-04-21 19:00:00,112,14.3,3.9,66.0,0.0,0.2,0.26
2022-04-21 19:00:00,119,17.1,2.5,52.0,1.0,0.0,0.17
2022-04-21 19:00:00,133,18.3,1.8,33.0,0.0,0.2,0.23
2022-04-21 19:00:00,143,16.3,3.1,67.0,0.0,0.3,0.21
2022-04-21 19:00:00,146,17.3,0.5,46.0,0.0,0.0,0.2
2022-04-21 19:00:00,156,17.3,1.1,38.0,0.0,0.3,0.27
2022-04-21 19:00:00,159,13.5,2.3,89.0,4.0,0.3,0.18
2022-04-21 19:00:00,184,15.4,2.4,76.0,0.0,0.5,0.18
2022-04-21 20:00:00,105,20.6,2.4,30.0,0.0,0.0,0.0
2022-04-21 20:00:00,108,17.0,3.7,58.0,6.0,0.0,0.0
2022-04-21 20:00:00,112,14.0,3.1,66.0,3.0,0.0,0.01
2022-04-21 20:00:00,119,16.3,1.8,55.0,1.0,0.0,0.0
2022-04-21 20:00:00,133,17.0,1.9,38.0,0.0,0.0,0.0
2022-04-21 20:00:00,143,15.1,1.1,70.0,0.0,0.0,0.0
2022-04-21 20:00:00,146,16.1,1.7,50.0,0.0,0.0,0.0
2022-04-21 20:00:00,156,16.6,1.1,39.0,0.0,0.0,0.05
2022-04-21 20:00:00,159,12.6,2.7,93.0,0.0,0.0,0.0
2022-04-21 20:00:00,184,14.3,0.8,83.0,0.0,0.0,0.0
2022-04-21 21:00:00,105,19.9,3.5,29.0,0.0,,
2022-04-21 21:00:00,108,16.8,3.2,55.0,8.0,,
2022-04-21 21:00:00,112,13.5,3.5,68.0,3.0,,
2022-04-21 21:00:00,119,15.6,0.8,56.0,7.0,,
2022-04-21 21:00:00,133,15.6,1.3,50.0,0.0,,
2022-04-21 21:00:00,143,13.3,0.7,76.0,0.0,,
2022-04-21 21:00:00,146,14.8,1.5,57.0,0.0,,
2022-04-21 21:00:00,156,15.1,1.8,60.0,0.0,,
2022-04-21 21:00:00,159,12.7,4.3,90.0,0.0,,
2022-04-21 21:00:00,184,14.1,2.2,81.0,0.0,,
2022-04-21 22:00:00,105,19.3,3.8,32.0,0.0,,
2022-04-21 22:00:00,108,16.3,4.3,59.0,9.0,,
2022-04-21 22:00:00,112,13.9,4.3,63.0,5.0,,
2022-04-21 22:00:00,119,14.0,0.4,64.0,4.0,,
2022-04-21 22:00:00,133,14.8,1.8,61.0,0.0,,
2022-04-21 22:00:00,143,13.1,1.0,75.0,0.0,,
2022-04-21 22:00:00,146,14.1,2.2,64.0,0.0,,
2022-04-21 22:00:00,156,15.0,1.4,69.0,1.0,,
2022-04-21 22:00:00,159,12.6,3.0,87.0,3.0,,
2022-04-21 22:00:00,184,13.9,1.4,85.0,0.0,,
2022-04-21 23:00:00,105,18.7,3.2,41.0,0.0,,
2022-04-21 23:00:00,108,15.9,2.7,59.0,8.0,,
2022-04-21 23:00:00,112,13.8,3.4,63.0,2.0,,
2022-04-21 23:00:00,119,13.0,0.4,71.0,1.0,,
2022-04-21 23:00:00,133,13.9,2.2,65.0,0.0,,
2022-04-21 23:00:00,143,11.7,0.8,79.0,0.0,,
2022-04-21 23:00:00,146,13.7,1.8,66.0,4.0,,
2022-04-21 23:00:00,156,14.2,0.8,71.0,2.0,,
2022-04-21 23:00:00,159,12.0,1.9,87.0,0.0,,
2022-04-21 23:00:00,184,13.4,1.7,84.0,0.0,,
2022-04-22 00:00:00,105,18.0,1.8,47.0,5.0,,
2022-04-22 00:00:00,108,15.3,2.4,61.0,7.0,,
2022-04-22 00:00:00,112,13.4,3.4,63.0,4.0,,
2022-04-22 00:00:00,119,13.3,1.4,69.0,0.0,,
2022-04-22 00:00:00,133,12.7,1.4,69.0,0.0,,
2022-04-22 00:00:00,143,11.2,0.1,83.0,0.0,,
2022-04-22 00:00:00,146,13.5,1.7,68.0,0.0,,
2022-04-22 00:00:00,156,13.8,0.7,78.0,0.0,,
2022-04-22 00:00:00,159,12.1,2.8,93.0,0.0,,
2022-04-22 00:00:00,184,13.1,1.5,79.0,0.0,,
2022-04-22 01:00:00,105,18.0,3.3,49.0,8.0,,
2022-04-22 01:00:00,108,15.1,2.5,59.0,4.0,,
2022-04-22 01:00:00,112,13.5,4.2,59.0,0.0,,
2022-04-22 01:00:00,119,13.8,1.6,67.0,5.0,,
2022-04-22 01:00:00,133,12.1,1.4,64.0,0.0,,
2022-04-22 01:00:00,143,10.5,0.9,85.0,2.0,,
2022-04-22 01:00:00,146,12.9,1.8,72.0,0.0,,
2022-04-22 01:00:00,156,12.3,0.5,85.0,2.0,,
2022-04-22 01:00:00,159,12.1,4.5,91.0,3.0,,
2022-04-22 01:00:00,184,12.8,1.7,80.0,0.0,,
2022-04-22 02:00:00,105,18.1,5.2,50.0,10.0,,
2022-04-22 02:00:00,108,14.9,2.9,61.0,2.0,,
2022-04-22 02:00:00,112,13.3,5.3,60.0,2.0,,
2022-04-22 02:00:00,119,13.5,1.5,69.0,4.0,,
2022-04-22 02:00:00,133,11.5,0.8,62.0,0.0,,
2022-04-22 02:00:00,143,10.4,1.1,87.0,3.0,,
2022-04-22 02:00:00,146,12.8,1.4,72.0,0.0,,
2022-04-22 02:00:00,156,11.7,0.5,91.0,7.0,,
2022-04-22 02:00:00,159,12.3,2.9,89.0,5.0,,
2022-04-22 02:00:00,184,13.0,1.7,81.0,0.0,,
2022-04-22 03:00:00,105,18.5,6.2,52.0,9.0,,
2022-04-22 03:00:00,108,14.5,2.5,62.0,0.0,,
2022-04-22 03:00:00,112,13.1,5.4,61.0,0.0,,
2022-04-22 03:00:00,119,13.0,1.1,70.0,0.0,,
2022-04-22 03:00:00,133,11.4,1.3,64.0,0.0,,
2022-04-22 03:00:00,143,9.4,0.6,96.0,0.0,,
2022-04-22 03:00:00,146,12.0,1.8,75.0,0.0,,
2022-04-22 03:00:00,156,11.6,0.7,95.0,3.0,,
2022-04-22 03:00:00,159,11.8,5.9,91.0,0.0,,
2022-04-22 03:00:00,184,12.2,1.1,81.0,0.0,,
2022-04-22 04:00:00,105,18.2,4.2,53.0,10.0,,
2022-04-22 04:00:00,108,14.2,2.2,64.0,9.0,,
2022-04-22 04:00:00,112,13.0,5.7,66.0,3.0,,
2022-04-22 04:00:00,119,13.0,0.6,68.0,0.0,,
2022-04-22 04:00:00,133,10.8,1.5,66.0,0.0,,
2022-04-22 04:00:00,143,9.3,0.7,93.0,0.0,,
2022-04-22 04:00:00,146,11.8,2.0,76.0,0.0,,
2022-04-22 04:00:00,156,11.3,0.8,94.0,4.0,,
2022-04-22 04:00:00,159,11.9,5.5,86.0,0.0,,
2022-04-22 04:00:00,184,12.1,1.7,75.0,0.0,,
2022-04-22 05:00:00,105,18.1,6.0,52.0,8.0,,
2022-04-22 05:00:00,108,14.3,5.2,69.0,9.0,,
2022-04-22 05:00:00,112,13.1,4.0,71.0,7.0,,
2022-04-22 05:00:00,119,13.4,1.5,69.0,9.0,,
2022-04-22 05:00:00,133,12.1,0.9,64.0,0.0,,
2022-04-22 05:00:00,143,9.4,1.2,98.0,0.0,,
2022-04-22 05:00:00,146,11.7,1.6,76.0,0.0,,
2022-04-22 05:00:00,156,10.6,0.3,96.0,2.0,,
2022-04-22 05:00:00,159,11.7,5.6,89.0,0.0,,
2022-04-22 05:00:00,184,11.9,1.2,75.0,0.0,,
2022-04-22 06:00:00,105,18.0,4.9,50.0,5.0,0.0,0.0
2022-04-22 06:00:00,108,14.6,2.8,68.0,9.0,0.0,0.0
2022-04-22 06:00:00,112,13.1,4.7,72.0,9.0,0.0,0.0
2022-04-22 06:00:00,119,14.2,1.9,68.0,8.0,0.0,0.0
2022-04-22 06:00:00,133,11.5,0.7,67.0,0.0,0.0,0.0
2022-04-22 06:00:00,143,10.8,1.3,97.0,7.0,0.0,0.01
2022-04-22 06:00:00,146,11.7,2.1,77.0,0.0,0.0,0.0
2022-04-22 06:00:00,156,10.6,1.3,96.0,0.0,0.0,0.05
2022-04-22 06:00:00,159,11.8,6.0,89.0,1.0,0.0,0.0
2022-04-22 06:00:00,184,11.9,1.6,73.0,0.0,0.0,0.0
2022-04-22 07:00:00,105,18.0,4.4,50.0,6.0,0.0,0.11
2022-04-22 07:00:00,108,14.8,2.7,69.0,9.0,0.0,0.04
2022-04-22 07:00:00,112,13.3,4.2,73.0,9.0,0.0,0.07
2022-04-22 07:00:00,119,13.9,1.9,68.0,9.0,0.0,0.02
2022-04-22 07:00:00,133,11.8,1.2,68.0,7.0,0.3,0.23
2022-04-22 07:00:00,143,10.6,1.8,94.0,7.0,0.0,0.23
2022-04-22 07:00:00,146,13.3,1.5,71.0,0.0,0.3,0.23
2022-04-22 07:00:00,156,11.5,0.8,92.0,0.0,0.4,0.29
2022-04-22 07:00:00,159,12.5,5.9,86.0,0.0,0.2,0.28
2022-04-22 07:00:00,184,12.5,1.0,76.0,0.0,0.5,0.15
2022-04-22 08:00:00,105,19.2,3.2,47.0,6.0,0.4,0.67
2022-04-22 08:00:00,108,15.4,3.8,70.0,9.0,0.0,0.27
2022-04-22 08:00:00,112,13.9,5.7,74.0,9.0,0.0,0.39
2022-04-22 08:00:00,119,14.9,2.6,64.0,9.0,0.0,0.41
2022-04-22 08:00:00,133,14.4,1.1,61.0,0.0,0.8,0.75
2022-04-22 08:00:00,143,12.8,1.3,86.0,2.0,0.6,0.83
2022-04-22 08:00:00,146,16.2,2.3,59.0,0.0,1.0,0.8
2022-04-22 08:00:00,156,14.1,0.0,77.0,0.0,1.0,0.93
2022-04-22 08:00:00,159,14.3,7.0,73.0,0.0,1.0,0.9
2022-04-22 08:00:00,184,14.9,0.3,77.0,0.0,0.9,0.81
2022-04-22 09:00:00,105,20.4,3.8,44.0,1.0,0.8,1.37
2022-04-22 09:00:00,108,16.3,4.2,67.0,9.0,0.0,0.44
2022-04-22 09:00:00,112,14.4,5.1,72.0,9.0,0.0,0.4
2022-04-22 09:00:00,119,16.3,1.9,62.0,9.0,0.1,0.65
2022-04-22 09:00:00,133,17.0,2.2,53.0,1.0,0.8,1.39
2022-04-22 09:00:00,143,14.1,1.6,76.0,0.0,1.0,1.59
2022-04-22 09:00:00,146,18.8,2.6,51.0,0.0,1.0,1.49
2022-04-22 09:00:00,156,17.1,0.4,61.0,0.0,1.0,1.67
2022-04-22 09:00:00,159,15.6,6.0,67.0,0.0,1.0,1.74
2022-04-22 09:00:00,184,18.4,2.5,65.0,0.0,1.0,1.6
2022-04-22 10:00:00,105,21.2,3.4,46.0,3.0,0.1,0.74
2022-04-22 10:00:00,108,16.8,4.2,69.0,9.0,0.0,0.45
2022-04-22 10:00:00,112,13.9,5.0,74.0,10.0,0.0,0.23
2022-04-22 10:00:00,119,17.7,3.8,61.0,9.0,0.0,0.7
2022-04-22 10:00:00,133,20.1,3.6,50.0,5.0,1.0,2.22
2022-04-22 10:00:00,143,17.7,1.6,64.0,0.0,1.0,2.26
2022-04-22 10:00:00,146,20.9,1.9,47.0,0.0,1.0,2.13
2022-04-22 10:00:00,156,19.6,1.8,56.0,0.0,1.0,2.33
2022-04-22 10:00:00,159,17.5,3.7,64.0,0.0,1.0,2.47
2022-04-22 10:00:00,184,20.4,3.6,59.0,0.0,1.0,2.52
2022-04-22 11:00:00,105,23.0,4.4,43.0,2.0,0.5,1.83
2022-04-22 11:00:00,108,16.6,5.3,71.0,10.0,0.0,0.16
2022-04-22 11:00:00,112,14.0,4.7,76.0,9.0,0.0,0.26
2022-04-22 11:00:00,119,18.1,6.2,62.0,10.0,0.0,0.56
2022-04-22 11:00:00,133,20.9,4.5,49.0,2.0,1.0,2.71
2022-04-22 11:00:00,143,20.8,1.4,49.0,0.0,1.0,2.79
2022-04-22 11:00:00,146,23.5,1.7,46.0,3.0,0.8,2.37
2022-04-22 11:00:00,156,21.8,3.5,52.0,0.0,1.0,2.88
2022-04-22 11:00:00,159,17.9,4.9,71.0,0.0,1.0,3.01
2022-04-22 11:00:00,184,20.5,3.7,62.0,4.0,1.0,2.81
2022-04-22 12:00:00,105,23.4,5.3,43.0,7.0,1.0,2.95
2022-04-22 12:00:00,108,16.8,4.7,74.0,10.0,0.0,0.33
2022-04-22 12:00:00,112,13.8,5.3,78.0,10.0,0.0,0.52
2022-04-22 12:00:00,119,18.2,5.8,63.0,10.0,0.0,1.02
2022-04-22 12:00:00,133,22.5,4.4,46.0,3.0,0.7,2.65
2022-04-22 12:00:00,143,24.4,4.5,39.0,0.0,1.0,3.14
2022-04-22 12:00:00,146,23.3,5.2,46.0,5.0,0.9,2.67
2022-04-22 12:00:00,156,23.2,4.6,49.0,0.0,1.0,3.25
2022-04-22 12:00:00,159,18.7,5.8,71.0,0.0,1.0,3.37
2022-04-22 12:00:00,184,21.3,3.7,53.0,5.0,1.0,3.09
2022-04-22 13:00:00,105,22.9,5.0,47.0,6.0,0.5,2.25
2022-04-22 13:00:00,108,16.3,5.3,79.0,10.0,0.0,0.33
2022-04-22 13:00:00,112,13.0,6.0,81.0,10.0,0.0,0.4
2022-04-22 13:00:00,119,18.4,5.8,66.0,10.0,0.0,0.97
2022-04-22 13:00:00,133,22.9,3.7,46.0,9.0,0.4,1.87
2022-04-22 13:00:00,143,25.4,3.8,39.0,0.0,1.0,3.25
2022-04-22 13:00:00,146,24.6,6.0,45.0,5.0,0.8,2.78
2022-04-22 13:00:00,156,25.1,5.1,46.0,0.0,1.0,3.34
2022-04-22 13:00:00,159,19.1,5.9,64.0,0.0,1.0,3.48
2022-04-22 13:00:00,184,21.3,4.3,56.0,1.0,1.0,3.33
2022-04-22 14:00:00,105,24.0,5.4,46.0,6.0,1.0,3.15
2022-04-22 14:00:00,108,15.7,3.9,81.0,10.0,0.0,0.2
2022-04-22 14:00:00,112,13.0,5.0,83.0,10.0,0.0,0.37
2022-04-22 14:00:00,119,17.6,3.7,70.0,10.0,0.0,0.47
2022-04-22 14:00:00,133,22.6,3.3,47.0,9.0,0.0,0.49
2022-04-22 14:00:00,143,26.3,4.9,39.0,0.0,1.0,3.08
2022-04-22 14:00:00,146,25.8,5.3,44.0,6.0,0.9,3.03
2022-04-22 14:00:00,156,25.3,3.6,43.0,0.0,1.0,3.24
2022-04-22 14:00:00,159,18.6,8.6,58.0,0.0,1.0,3.35
2022-04-22 14:00:00,184,22.0,3.4,60.0,2.0,1.0,3.2
2022-04-22 15:00:00,105,24.8,4.2,45.0,7.0,1.0,2.88
2022-04-22 15:00:00,108,15.8,3.5,82.0,10.0,0.0,0.26
2022-04-22 15:00:00,112,12.9,3.7,85.0,10.0,0.0,0.44
2022-04-22 15:00:00,119,17.1,4.4,74.0,10.0,0.0,0.53
2022-04-22 15:00:00,133,22.9,2.4,49.0,6.0,0.1,1.01
2022-04-22 15:00:00,143,27.5,3.5,37.0,2.0,1.0,2.68
2022-04-22 15:00:00,146,25.0,5.0,45.0,8.0,1.0,2.51
2022-04-22 15:00:00,156,25.3,3.5,43.0,0.0,1.0,2.88
2022-04-22 15:00:00,159,19.2,11.8,58.0,0.0,1.0,2.98
2022-04-22 15:00:00,184,21.2,4.5,63.0,1.0,1.0,2.86
2022-04-22 16:00:00,105,24.6,3.0,46.0,2.0,1.0,2.18
2022-04-22 16:00:00,108,15.4,3.7,85.0,10.0,0.0,0.28
2022-04-22 16:00:00,112,12.3,4.9,87.0,10.0,0.0,0.37
2022-04-22 16:00:00,119,16.6,3.0,76.0,10.0,0.0,0.44
2022-04-22 16:00:00,133,21.8,3.3,53.0,6.0,0.4,1.55
2022-04-22 16:00:00,143,28.1,3.5,36.0,2.0,1.0,2.18
2022-04-22 16:00:00,146,22.4,4.7,54.0,0.0,0.8,1.95
2022-04-22 16:00:00,156,24.0,5.1,47.0,0.0,1.0,2.34
2022-04-22 16:00:00,159,19.3,10.1,62.0,0.0,1.0,2.4
2022-04-22 16:00:00,184,20.7,5.1,65.0,2.0,1.0,2.3
2022-04-22 17:00:00,105,24.2,2.7,47.0,0.0,1.0,1.59
2022-04-22 17:00:00,108,15.1,3.4,87.0,10.0,0.0,0.16
2022-04-22 17:00:00,112,12.2,3.2,89.0,10.0,0.0,0.27
2022-04-22 17:00:00,119,15.9,3.0,79.0,10.0,0.0,0.25
2022-04-22 17:00:00,133,21.3,2.9,56.0,3.0,0.4,0.97
2022-04-22 17:00:00,143,27.4,3.4,38.0,1.0,1.0,1.43
2022-04-22 17:00:00,146,21.9,3.8,54.0,7.0,0.7,1.31
2022-04-22 17:00:00,156,23.5,3.8,51.0,3.0,1.0,1.6
2022-04-22 17:00:00,159,18.9,7.9,63.0,0.0,1.0,1.62
2022-04-22 17:00:00,184,19.7,4.3,68.0,7.0,0.9,1.27
2022-04-22 18:00:00,105,23.6,1.8,49.0,6.0,0.9,0.91
2022-04-22 18:00:00,108,14.9,2.8,87.0,10.0,0.0,0.1
2022-04-22 18:00:00,112,11.8,3.3,90.0,10.0,0.0,0.16
2022-04-22 18:00:00,119,15.2,3.0,83.0,10.0,0.0,0.06
2022-04-22 18:00:00,133,19.0,3.3,65.0,4.0,0.4,0.64
2022-04-22 18:00:00,143,25.6,3.7,44.0,2.0,0.9,0.74
2022-04-22 18:00:00,146,18.9,3.4,68.0,5.0,0.5,0.67
2022-04-22 18:00:00,156,21.3,3.6,60.0,7.0,0.9,0.84
2022-04-22 18:00:00,159,18.4,5.3,65.0,2.0,1.0,0.81
2022-04-22 18:00:00,184,19.2,4.1,69.0,8.0,0.6,0.71
2022-04-22 19:00:00,105,22.3,2.7,53.0,8.0,0.0,0.23
2022-04-22 19:00:00,108,14.5,3.2,89.0,10.0,0.0,0.04
2022-04-22 19:00:00,112,11.6,3.1,91.0,2.0,0.0,0.05
2022-04-22 19:00:00,119,14.5,2.4,86.0,1.0,0.0,0.0
2022-04-22 19:00:00,133,17.4,2.5,71.0,4.0,0.0,0.18
2022-04-22 19:00:00,143,23.8,2.8,49.0,5.0,0.0,0.21
2022-04-22 19:00:00,146,15.7,2.5,82.0,4.0,0.0,0.18
2022-04-22 19:00:00,156,19.0,2.8,74.0,7.0,0.0,0.27
2022-04-22 19:00:00,159,17.9,3.8,69.0,7.0,0.2,0.17
2022-04-22 19:00:00,184,17.6,3.8,79.0,8.0,0.0,0.14
2022-04-22 20:00:00,105,21.3,2.5,57.0,6.0,0.0,0.0
2022-04-22 20:00:00,108,14.2,3.0,89.0,10.0,0.0,0.0
2022-04-22 20:00:00,112,11.5,2.9,92.0,10.0,0.0,0.0
2022-04-22 20:00:00,119,13.9,3.0,89.0,9.0,0.0,0.0
2022-04-22 20:00:00,133,16.0,2.6,77.0,5.0,0.0,0.0
2022-04-22 20:00:00,143,22.1,1.6,54.0,7.0,0.0,0.0
2022-04-22 20:00:00,146,15.2,2.5,86.0,7.0,0.0,0.0
2022-04-22 20:00:00,156,16.7,2.8,89.0,8.0,0.0,0.05
2022-04-22 20:00:00,159,17.1,4.2,75.0,8.0,0.0,0.0
2022-04-22 20:00:00,184,17.0,1.9,80.0,8.0,0.0,0.0
2022-04-22 21:00:00,105,20.8,3.8,57.0,5.0,,
2022-04-22 21:00:00,108,14.2,2.8,89.0,10.0,,
2022-04-22 21:00:00,112,10.9,3.1,94.0,10.0,,
2022-04-22 21:00:00,119,13.7,3.1,90.0,10.0,,
2022-04-22 21:00:00,133,15.1,1.8,82.0,9.0,,
2022-04-22 21:00:00,143,21.3,1.0,57.0,7.0,,
2022-04-22 21:00:00,146,15.1,2.2,87.0,7.0,,
2022-04-22 21:00:00,156,16.4,3.0,93.0,8.0,,
2022-04-22 21:00:00,159,16.9,6.6,75.0,7.0,,
2022-04-22 21:00:00,184,16.9,1.5,78.0,6.0,,
2022-04-22 22:00:00,105,20.5,4.2,54.0,6.0,,
2022-04-22 22:00:00,108,13.9,3.0,88.0,9.0,,
2022-04-22 22:00:00,112,10.2,3.2,95.0,10.0,,
2022-04-22 22:00:00,119,13.3,2.5,92.0,3.0,,
2022-04-22 22:00:00,133,14.6,2.2,85.0,8.0,,
2022-04-22 22:00:00,143,20.3,1.4,62.0,9.0,,
2022-04-22 22:00:00,146,14.8,1.5,88.0,9.0,,
2022-04-22 22:00:00,156,15.9,2.9,95.0,7.0,,
2022-04-22 22:00:00,159,16.6,5.0,77.0,8.0,,
2022-04-22 22:00:00,184,16.5,2.4,82.0,9.0,,
2022-04-22 23:00:00,105,20.0,4.2,52.0,6.0,,
2022-04-22 23:00:00,108,13.6,3.0,88.0,6.0,,
2022-04-22 23:00:00,112,9.6,3.0,95.0,10.0,,
2022-04-22 23:00:00,119,13.0,2.5,91.0,5.0,,
2022-04-22 23:00:00,133,14.5,2.1,86.0,8.0,,
2022-04-22 23:00:00,143,19.8,2.3,63.0,8.0,,
2022-04-22 23:00:00,146,14.6,1.4,90.0,8.0,,
2022-04-22 23:00:00,156,15.8,2.3,97.0,10.0,,
2022-04-22 23:00:00,159,15.7,4.5,83.0,8.0,,
2022-04-22 23:00:00,184,16.5,1.0,83.0,10.0,,
2022-04-23 00:00:00,105,19.4,5.4,52.0,8.0,,
2022-04-23 00:00:00,108,13.2,2.5,85.0,10.0,,
2022-04-23 00:00:00,112,9.6,1.6,92.0,10.0,,
2022-04-23 00:00:00,119,12.7,2.1,91.0,10.0,,
2022-04-23 00:00:00,133,14.3,2.1,87.0,10.0,,
2022-04-23 00:00:00,143,19.2,2.4,66.0,9.0,,
2022-04-23 00:00:00,146,14.3,1.9,92.0,9.0,,
2022-04-23 00:00:00,156,15.6,2.5,98.0,9.0,,
2022-04-23 00:00:00,159,15.9,3.8,81.0,9.0,,
2022-04-23 00:00:00,184,16.6,1.6,85.0,9.0,,
2022-04-23 01:00:00,105,18.6,4.6,54.0,8.0,,
2022-04-23 01:00:00,108,12.8,2.6,86.0,9.0,,
2022-04-23 01:00:00,112,9.7,1.7,91.0,7.0,,
2022-04-23 01:00:00,119,12.4,2.1,87.0,8.0,,
2022-04-23 01:00:00,133,14.2,2.2,88.0,7.0,,
2022-04-23 01:00:00,143,18.5,1.9,68.0,9.0,,
2022-04-23 01:00:00,146,14.3,0.5,93.0,9.0,,
2022-04-23 01:00:00,156,15.4,1.2,99.0,10.0,,
2022-04-23 01:00:00,159,16.1,3.0,79.0,10.0,,
2022-04-23 01:00:00,184,16.3,2.9,86.0,10.0,,
2022-04-23 02:00:00,105,18.1,2.6,53.0,9.0,,
2022-04-23 02:00:00,108,12.6,0.9,86.0,9.0,,
2022-04-23 02:00:00,112,9.4,0.9,91.0,3.0,,
2022-04-23 02:00:00,119,11.9,1.0,86.0,6.0,,
2022-04-23 02:00:00,133,14.4,0.4,85.0,7.0,,
2022-04-23 02:00:00,143,18.3,2.0,68.0,9.0,,
2022-04-23 02:00:00,146,14.1,1.2,95.0,10.0,,
2022-04-23 02:00:00,156,15.1,0.8,99.0,2.0,,
2022-04-23 02:00:00,159,16.1,4.2,79.0,8.0,,
2022-04-23 02:00:00,184,16.9,1.6,79.0,6.0,,
2022-04-23 03:00:00,105,17.4,2.2,54.0,8.0,,
2022-04-23 03:00:00,108,12.0,1.0,87.0,4.0,,
2022-04-23 03:00:00,112,10.0,0.2,90.0,10.0,,
2022-04-23 03:00:00,119,10.5,1.1,92.0,3.0,,
2022-04-23 03:00:00,133,14.2,1.4,85.0,9.0,,
2022-04-23 03:00:00,143,18.0,2.6,70.0,9.0,,
2022-04-23 03:00:00,146,13.6,1.3,96.0,10.0,,
2022-04-23 03:00:00,156,15.1,0.0,99.0,2.0,,
2022-04-23 03:00:00,159,16.2,4.1,78.0,7.0,,
2022-04-23 03:00:00,184,16.9,0.8,84.0,9.0,,
2022-04-23 04:00:00,105,16.7,2.2,56.0,7.0,,
2022-04-23 04:00:00,108,11.2,1.2,88.0,1.0,,
2022-04-23 04:00:00,112,9.9,0.5,90.0,6.0,,
2022-04-23 04:00:00,119,9.3,0.8,95.0,6.0,,
2022-04-23 04:00:00,133,14.1,0.5,86.0,9.0,,
2022-04-23 04:00:00,143,17.8,2.2,75.0,7.0,,
2022-04-23 04:00:00,146,13.6,0.0,96.0,10.0,,
2022-04-23 04:00:00,156,15.1,0.7,99.0,9.0,,
2022-04-23 04:00:00,159,15.9,2.1,79.0,7.0,,
2022-04-23 04:00:00,184,17.2,1.5,84.0,7.0,,
2022-04-23 05:00:00,105,15.7,2.1,59.0,5.0,,
2022-04-23 05:00:00,108,10.8,0.6,92.0,6.0,,
2022-04-23 05:00:00,112,9.2,0.1,89.0,7.0,,
2022-04-23 05:00:00,119,8.9,0.6,96.0,6.0,,
2022-04-23 05:00:00,133,13.4,0.9,87.0,9.0,,
2022-04-23 05:00:00,143,17.5,1.7,77.0,6.0,,
2022-04-23 05:00:00,146,13.3,2.0,97.0,10.0,,
2022-04-23 05:00:00,156,15.1,0.0,99.0,8.0,,
2022-04-23 05:00:00,159,16.0,2.2,75.0,6.0,,
2022-04-23 05:00:00,184,17.0,1.1,83.0,9.0,,
2022-04-23 06:00:00,105,14.5,2.0,63.0,6.0,0.0,0.0
2022-04-23 06:00:00,108,10.5,1.1,93.0,7.0,0.0,0.0
2022-04-23 06:00:00,112,9.0,1.2,91.0,8.0,0.0,0.0
2022-04-23 06:00:00,119,8.5,0.6,96.0,8.0,0.0,0.0
2022-04-23 06:00:00,133,13.1,1.2,87.0,7.0,0.0,0.0
2022-04-23 06:00:00,143,16.8,1.6,78.0,6.0,0.0,0.0
2022-04-23 06:00:00,146,13.4,0.4,97.0,9.0,0.0,0.0
2022-04-23 06:00:00,156,15.3,0.7,99.0,9.0,0.0,0.05
2022-04-23 06:00:00,159,15.3,1.6,83.0,6.0,0.0,0.0
2022-04-23 06:00:00,184,16.8,1.8,92.0,9.0,0.0,0.0
2022-04-23 07:00:00,105,14.4,2.1,63.0,8.0,0.0,0.25
2022-04-23 07:00:00,108,10.7,1.5,93.0,9.0,0.0,0.18
2022-04-23 07:00:00,112,9.6,1.0,91.0,9.0,0.0,0.19
2022-04-23 07:00:00,119,10.0,0.1,96.0,7.0,0.0,0.16
2022-04-23 07:00:00,133,13.1,0.4,86.0,9.0,0.0,0.18
2022-04-23 07:00:00,143,16.4,0.7,81.0,7.0,0.0,0.29
2022-04-23 07:00:00,146,14.0,0.3,96.0,9.0,0.0,0.13
2022-04-23 07:00:00,156,15.8,0.3,99.0,8.0,0.0,0.16
2022-04-23 07:00:00,159,15.4,1.9,85.0,9.0,0.0,0.17
2022-04-23 07:00:00,184,17.4,1.8,85.0,9.0,0.0,0.02
2022-04-23 08:00:00,105,16.3,1.4,61.0,6.0,0.6,0.83
2022-04-23 08:00:00,108,12.2,1.6,90.0,9.0,0.0,0.58
2022-04-23 08:00:00,112,10.3,1.7,93.0,10.0,0.0,0.65
2022-04-23 08:00:00,119,12.5,0.5,88.0,8.0,0.2,0.61
2022-04-23 08:00:00,133,14.2,0.4,82.0,9.0,0.0,0.52
2022-04-23 08:00:00,143,17.1,2.2,78.0,9.0,0.0,0.56
2022-04-23 08:00:00,146,14.2,0.9,93.0,10.0,0.0,0.27
2022-04-23 08:00:00,156,16.7,0.7,92.0,8.0,0.0,0.51
2022-04-23 08:00:00,159,17.1,0.0,77.0,8.0,0.0,0.54
2022-04-23 08:00:00,184,16.2,3.2,96.0,10.0,0.0,0.13
2022-04-23 09:00:00,105,16.8,1.9,61.0,8.0,0.4,1.2
2022-04-23 09:00:00,108,14.3,1.4,80.0,9.0,0.5,1.38
2022-04-23 09:00:00,112,11.3,1.8,91.0,10.0,0.4,1.21
2022-04-23 09:00:00,119,14.1,1.0,78.0,9.0,0.8,1.21
2022-04-23 09:00:00,133,16.1,1.5,72.0,8.0,0.6,1.51
2022-04-23 09:00:00,143,17.8,2.2,74.0,7.0,0.0,0.82
2022-04-23 09:00:00,146,15.8,1.6,81.0,8.0,0.1,0.76
2022-04-23 09:00:00,156,17.6,0.6,80.0,8.0,0.5,1.22
2022-04-23 09:00:00,159,18.9,1.6,69.0,9.0,0.0,0.96
2022-04-23 09:00:00,184,16.6,2.9,97.0,10.0,0.0,0.31
2022-04-23 10:00:00,105,18.0,1.7,54.0,8.0,0.9,1.87
2022-04-23 10:00:00,108,16.7,2.0,67.0,9.0,0.8,1.79
2022-04-23 10:00:00,112,13.0,2.5,84.0,8.0,0.6,1.71
2022-04-23 10:00:00,119,15.9,1.1,64.0,8.0,0.8,1.68
2022-04-23 10:00:00,133,17.6,1.3,62.0,9.0,0.6,1.68
2022-04-23 10:00:00,143,20.1,2.1,55.0,4.0,0.9,2.17
2022-04-23 10:00:00,146,17.3,0.9,74.0,8.0,0.5,1.59
2022-04-23 10:00:00,156,18.9,0.4,75.0,8.0,0.8,1.74
2022-04-23 10:00:00,159,19.8,2.0,68.0,9.0,0.0,1.25
2022-04-23 10:00:00,184,17.2,2.3,95.0,10.0,0.0,0.5
2022-04-23 11:00:00,105,18.8,2.1,53.0,8.0,0.9,2.3
2022-04-23 11:00:00,108,18.6,2.3,54.0,9.0,0.9,2.45
2022-04-23 11:00:00,112,14.5,2.4,76.0,8.0,0.9,2.46
2022-04-23 11:00:00,119,17.4,1.4,57.0,9.0,0.8,1.88
2022-04-23 11:00:00,133,19.9,1.2,49.0,8.0,0.8,2.36
2022-04-23 11:00:00,143,21.4,2.9,41.0,8.0,1.0,2.83
2022-04-23 11:00:00,146,18.7,1.9,70.0,8.0,0.6,2.08
2022-04-23 11:00:00,156,21.0,0.9,64.0,8.0,1.0,2.37
2022-04-23 11:00:00,159,19.8,4.8,59.0,9.0,0.0,1.6
2022-04-23 11:00:00,184,18.7,3.9,89.0,10.0,0.0,1.1
2022-04-23 12:00:00,105,19.3,2.7,55.0,8.0,1.0,2.85
2022-04-23 12:00:00,108,19.8,2.3,48.0,9.0,1.0,2.68
2022-04-23 12:00:00,112,16.2,2.7,69.0,7.0,0.9,2.63
2022-04-23 12:00:00,119,19.4,1.3,44.0,8.0,1.0,2.49
2022-04-23 12:00:00,133,22.2,1.4,40.0,8.0,1.0,3.03
2022-04-23 12:00:00,143,23.2,3.1,33.0,7.0,1.0,2.9
2022-04-23 12:00:00,146,21.0,1.2,55.0,8.0,0.8,2.35
2022-04-23 12:00:00,156,22.6,1.0,57.0,8.0,0.9,2.47
2022-04-23 12:00:00,159,19.9,3.2,56.0,9.0,0.0,1.79
2022-04-23 12:00:00,184,19.3,5.5,86.0,10.0,0.0,1.82
2022-04-23 13:00:00,105,19.4,2.5,56.0,8.0,0.8,2.58
2022-04-23 13:00:00,108,21.7,1.9,41.0,9.0,1.0,3.26
2022-04-23 13:00:00,112,17.8,2.6,58.0,8.0,1.0,2.87
2022-04-23 13:00:00,119,21.5,2.5,33.0,8.0,0.9,2.94
2022-04-23 13:00:00,133,23.0,1.5,36.0,9.0,0.7,2.58
2022-04-23 13:00:00,143,24.8,2.1,29.0,8.0,1.0,2.98
2022-04-23 13:00:00,146,23.5,0.9,47.0,8.0,0.8,2.79
2022-04-23 13:00:00,156,24.4,1.4,49.0,7.0,1.0,3.07
2022-04-23 13:00:00,159,19.4,3.2,54.0,9.0,0.0,1.85
2022-04-23 13:00:00,184,19.5,5.2,86.0,9.0,0.2,2.03
2022-04-23 14:00:00,105,19.3,3.0,52.0,7.0,0.8,2.26
2022-04-23 14:00:00,108,23.4,2.4,32.0,8.0,1.0,3.26
2022-04-23 14:00:00,112,19.9,2.2,50.0,7.0,1.0,3.2
2022-04-23 14:00:00,119,22.5,2.1,26.0,7.0,1.0,2.45
2022-04-23 14:00:00,133,24.7,1.5,32.0,8.0,0.8,2.56
2022-04-23 14:00:00,143,25.0,3.0,35.0,7.0,1.0,2.85
2022-04-23 14:00:00,146,24.3,1.8,46.0,8.0,0.9,2.57
2022-04-23 14:00:00,156,24.9,1.1,46.0,9.0,0.8,2.67
2022-04-23 14:00:00,159,20.2,3.8,50.0,8.0,0.7,2.33
2022-04-23 14:00:00,184,18.9,6.2,88.0,10.0,0.0,1.58
2022-04-23 15:00:00,105,20.2,2.8,53.0,7.0,0.8,2.37
2022-04-23 15:00:00,108,24.7,2.2,22.0,8.0,1.0,3.12
2022-04-23 15:00:00,112,20.6,3.1,51.0,6.0,1.0,2.78
2022-04-23 15:00:00,119,24.1,1.5,23.0,5.0,1.0,2.7
2022-04-23 15:00:00,133,25.2,0.6,26.0,8.0,0.9,2.31
2022-04-23 15:00:00,143,24.6,3.4,41.0,8.0,1.0,2.3
2022-04-23 15:00:00,146,25.1,0.9,39.0,9.0,0.8,2.16
2022-04-23 15:00:00,156,26.5,0.9,44.0,9.0,0.7,2.14
2022-04-23 15:00:00,159,19.6,3.6,53.0,9.0,0.0,1.78
2022-04-23 15:00:00,184,21.1,4.1,78.0,10.0,0.0,0.99
2022-04-23 16:00:00,105,18.6,3.7,50.0,7.0,0.7,1.75
2022-04-23 16:00:00,108,25.1,2.1,23.0,8.0,1.0,2.19
2022-04-23 16:00:00,112,21.1,2.5,42.0,7.0,1.0,2.03
2022-04-23 16:00:00,119,24.7,1.1,21.0,5.0,1.0,2.31
2022-04-23 16:00:00,133,25.9,1.4,22.0,8.0,1.0,1.95
2022-04-23 16:00:00,143,23.0,5.6,50.0,8.0,0.3,1.48
2022-04-23 16:00:00,146,24.7,1.6,40.0,8.0,0.5,1.6
2022-04-23 16:00:00,156,24.6,3.3,54.0,9.0,0.1,1.24
2022-04-23 16:00:00,159,18.9,3.9,56.0,9.0,0.2,1.5
2022-04-23 16:00:00,184,21.2,3.2,80.0,10.0,0.0,0.89
2022-04-23 17:00:00,105,18.4,3.2,53.0,7.0,0.6,1.23
2022-04-23 17:00:00,108,24.7,2.2,24.0,8.0,1.0,1.47
2022-04-23 17:00:00,112,21.5,2.4,44.0,8.0,1.0,1.45
2022-04-23 17:00:00,119,24.7,1.3,23.0,4.0,1.0,1.36
2022-04-23 17:00:00,133,25.4,1.4,23.0,8.0,0.2,1.1
2022-04-23 17:00:00,143,21.5,4.2,52.0,9.0,0.0,0.86
2022-04-23 17:00:00,146,24.8,1.0,39.0,7.0,0.5,1.11
2022-04-23 17:00:00,156,23.7,3.1,59.0,9.0,0.1,0.93
2022-04-23 17:00:00,159,17.7,3.1,56.0,9.0,0.0,0.87
2022-04-23 17:00:00,184,19.4,4.1,87.0,10.0,0.0,0.26
2022-04-23 18:00:00,105,17.9,2.5,52.0,7.0,0.8,0.91
2022-04-23 18:00:00,108,24.3,0.6,24.0,8.0,0.8,0.8
2022-04-23 18:00:00,112,20.9,2.0,48.0,8.0,0.7,0.83
2022-04-23 18:00:00,119,22.1,2.3,38.0,7.0,0.7,0.72
2022-04-23 18:00:00,133,24.1,1.2,23.0,9.0,0.0,0.55
2022-04-23 18:00:00,143,20.3,4.3,55.0,7.0,0.0,0.58
2022-04-23 18:00:00,146,23.7,1.4,40.0,9.0,0.4,0.69
2022-04-23 18:00:00,156,21.7,4.0,65.0,9.0,0.1,0.47
2022-04-23 18:00:00,159,16.9,3.2,57.0,9.0,0.0,0.33
2022-04-23 18:00:00,184,19.0,2.1,90.0,10.0,0.0,0.08
2022-04-23 19:00:00,105,16.7,0.9,56.0,6.0,0.1,0.21
2022-04-23 19:00:00,108,22.8,0.9,28.0,7.0,0.1,0.3
2022-04-23 19:00:00,112,17.9,3.3,61.0,6.0,0.1,0.3
2022-04-23 19:00:00,119,19.7,1.9,45.0,7.0,0.1,0.2
2022-04-23 19:00:00,133,22.4,2.3,33.0,9.0,0.0,0.2
2022-04-23 19:00:00,143,19.2,3.4,55.0,9.0,0.0,0.18
2022-04-23 19:00:00,146,21.5,1.7,58.0,8.0,0.0,0.14
2022-04-23 19:00:00,156,20.1,4.8,69.0,10.0,0.0,0.17
2022-04-23 19:00:00,159,16.6,2.7,49.0,10.0,0.0,0.08
2022-04-23 19:00:00,184,18.7,2.5,92.0,10.0,0.0,0.0
2022-04-23 20:00:00,105,15.8,0.7,60.0,4.0,0.0,0.0
2022-04-23 20:00:00,108,20.8,2.3,40.0,6.0,0.0,0.01
2022-04-23 20:00:00,112,17.4,0.8,57.0,6.0,0.0,0.01
2022-04-23 20:00:00,119,17.5,0.6,52.0,6.0,0.0,0.0
2022-04-23 20:00:00,133,20.6,0.2,40.0,8.0,0.0,0.0
2022-04-23 20:00:00,143,17.8,2.4,56.0,10.0,0.0,0.0
2022-04-23 20:00:00,146,19.6,2.6,62.0,9.0,0.0,0.0
2022-04-23 20:00:00,156,19.5,3.4,70.0,10.0,0.0,0.05
2022-04-23 20:00:00,159,16.4,2.5,53.0,10.0,0.0,0.0
2022-04-23 20:00:00,184,17.7,2.9,97.0,10.0,0.0,0.0
2022-04-23 21:00:00,105,14.8,1.4,69.0,6.0,,
2022-04-23 21:00:00,108,19.3,1.4,44.0,3.0,,
2022-04-23 21:00:00,112,16.6,2.3,57.0,2.0,,
2022-04-23 21:00:00,119,16.4,1.1,58.0,3.0,,
2022-04-23 21:00:00,133,19.3,0.8,44.0,9.0,,
2022-04-23 21:00:00,143,17.2,2.6,57.0,8.0,,
2022-04-23 21:00:00,146,18.4,0.8,67.0,9.0,,
2022-04-23 21:00:00,156,19.1,1.8,74.0,9.0,,
2022-04-23 21:00:00,159,16.2,2.1,60.0,9.0,,
2022-04-23 21:00:00,184,17.4,2.0,99.0,10.0,,
2022-04-23 22:00:00,105,13.7,1.4,74.0,6.0,,
2022-04-23 22:00:00,108,18.0,2.0,47.0,5.0,,
2022-04-23 22:00:00,112,14.8,2.5,71.0,0.0,,
2022-04-23 22:00:00,119,15.0,1.6,65.0,5.0,,
2022-04-23 22:00:00,133,18.7,2.3,49.0,6.0,,
2022-04-23 22:00:00,143,16.4,1.6,59.0,9.0,,
2022-04-23 22:00:00,146,16.0,1.9,76.0,9.0,,
2022-04-23 22:00:00,156,18.1,2.1,81.0,7.0,,
2022-04-23 22:00:00,159,16.0,2.2,62.0,10.0,,
2022-04-23 22:00:00,184,17.5,0.5,99.0,10.0,,
2022-04-23 23:00:00,105,13.0,0.9,76.0,5.0,,
2022-04-23 23:00:00,108,17.1,2.0,55.0,0.0,,
2022-04-23 23:00:00,112,14.0,2.7,71.0,4.0,,
2022-04-23 23:00:00,119,14.2,0.4,67.0,2.0,,
2022-04-23 23:00:00,133,18.3,2.2,58.0,8.0,,
2022-04-23 23:00:00,143,16.0,2.7,62.0,10.0,,
2022-04-23 23:00:00,146,15.0,1.0,81.0,5.0,,
2022-04-23 23:00:00,156,18.0,0.7,83.0,8.0,,
2022-04-23 23:00:00,159,15.6,1.6,61.0,10.0,,
2022-04-23 23:00:00,184,17.4,1.6,98.0,10.0,,
2022-04-24 00:00:00,105,12.4,0.9,75.0,8.0,,
2022-04-24 00:00:00,108,16.8,2.0,60.0,0.0,,
2022-04-24 00:00:00,112,13.0,2.7,72.0,0.0,,
2022-04-24 00:00:00,119,15.1,0.6,65.0,2.0,,
2022-04-24 00:00:00,133,17.2,2.5,65.0,8.0,,
2022-04-24 00:00:00,143,15.0,1.6,63.0,8.0,,
2022-04-24 00:00:00,146,14.6,1.1,82.0,9.0,,
2022-04-24 00:00:00,156,17.8,0.5,82.0,9.0,,
2022-04-24 00:00:00,159,15.7,0.8,65.0,9.0,,
2022-04-24 00:00:00,184,16.8,1.1,98.0,10.0,,
2022-04-24 01:00:00,105,12.0,0.8,75.0,6.0,,
2022-04-24 01:00:00,108,17.1,2.5,57.0,6.0,,
2022-04-24 01:00:00,112,12.6,2.5,72.0,3.0,,
2022-04-24 01:00:00,119,14.4,0.4,68.0,6.0,,
2022-04-24 01:00:00,133,16.7,1.7,69.0,7.0,,
2022-04-24 01:00:00,143,14.3,1.2,67.0,6.0,,
2022-04-24 01:00:00,146,14.1,1.2,86.0,7.0,,
2022-04-24 01:00:00,156,17.2,0.1,84.0,9.0,,
2022-04-24 01:00:00,159,15.8,0.3,65.0,8.0,,
2022-04-24 01:00:00,184,16.8,0.4,99.0,10.0,,
2022-04-24 02:00:00,105,18.5,4.2,46.0,5.0,,
2022-04-24 02:00:00,108,17.0,2.3,58.0,7.0,,
2022-04-24 02:00:00,112,12.4,1.8,72.0,9.0,,
2022-04-24 02:00:00,119,12.8,1.0,77.0,6.0,,
2022-04-24 02:00:00,133,15.5,1.0,74.0,6.0,,
2022-04-24 02:00:00,143,13.5,0.5,74.0,9.0,,
2022-04-24 02:00:00,146,14.7,0.9,84.0,6.0,,
2022-04-24 02:00:00,156,16.7,0.4,86.0,6.0,,
2022-04-24 02:00:00,159,15.7,1.3,68.0,10.0,,
2022-04-24 02:00:00,184,16.8,0.8,99.0,7.0,,
2022-04-24 03:00:00,105,19.9,4.4,40.0,5.0,,
2022-04-24 03:00:00,108,16.3,1.5,60.0,6.0,,
2022-04-24 03:00:00,112,12.5,3.2,74.0,9.0,,
2022-04-24 03:00:00,119,12.1,1.2,83.0,4.0,,
2022-04-24 03:00:00,133,14.4,1.8,76.0,3.0,,
2022-04-24 03:00:00,143,13.1,0.5,77.0,7.0,,
2022-04-24 03:00:00,146,14.3,0.7,85.0,5.0,,
2022-04-24 03:00:00,156,17.1,0.2,88.0,4.0,,
2022-04-24 03:00:00,159,15.3,0.3,71.0,9.0,,
2022-04-24 03:00:00,184,16.6,2.2,99.0,10.0,,
2022-04-24 04:00:00,105,19.6,2.1,41.0,0.0,,
2022-04-24 04:00:00,108,16.0,3.4,76.0,8.0,,
2022-04-24 04:00:00,112,12.5,1.9,79.0,10.0,,
2022-04-24 04:00:00,119,12.7,0.5,83.0,8.0,,
2022-04-24 04:00:00,133,14.4,1.1,78.0,9.0,,
2022-04-24 04:00:00,143,13.9,0.8,74.0,9.0,,
2022-04-24 04:00:00,146,13.9,0.6,88.0,9.0,,
2022-04-24 04:00:00,156,17.2,0.1,88.0,6.0,,
2022-04-24 04:00:00,159,15.8,1.2,69.0,9.0,,
2022-04-24 04:00:00,184,16.4,2.5,100.0,10.0,,
2022-04-24 05:00:00,105,19.0,3.3,43.0,0.0,,
2022-04-24 05:00:00,108,15.5,2.0,81.0,10.0,,
2022-04-24 05:00:00,112,12.4,1.5,87.0,10.0,,
2022-04-24 05:00:00,119,13.8,0.3,79.0,8.0,,
2022-04-24 05:00:00,133,14.9,0.4,78.0,9.0,,
2022-04-24 05:00:00,143,13.1,0.8,80.0,5.0,,
2022-04-24 05:00:00,146,14.5,0.6,85.0,9.0,,
2022-04-24 05:00:00,156,17.3,0.8,89.0,6.0,,
2022-04-24 05:00:00,159,15.9,1.6,72.0,6.0,,
2022-04-24 05:00:00,184,16.0,2.3,100.0,10.0,,
2022-04-24 06:00:00,105,19.3,3.6,52.0,1.0,0.0,0.0
2022-04-24 06:00:00,108,15.1,0.9,87.0,10.0,0.0,0.0
2022-04-24 06:00:00,112,13.0,0.4,88.0,10.0,0.0,0.0
2022-04-24 06:00:00,119,14.3,0.0,83.0,10.0,0.0,0.0
2022-04-24 06:00:00,133,15.1,1.0,78.0,9.0,0.0,0.0
2022-04-24 06:00:00,143,12.7,0.8,79.0,6.0,0.0,0.01
2022-04-24 06:00:00,146,14.9,0.2,84.0,8.0,0.0,0.0
2022-04-24 06:00:00,156,16.9,0.0,91.0,8.0,0.0,0.06
2022-04-24 06:00:00,159,15.9,2.3,72.0,6.0,0.0,0.0
2022-04-24 06:00:00,184,15.6,1.6,100.0,10.0,0.0,0.0
2022-04-24 07:00:00,105,20.0,3.5,52.0,0.0,0.7,0.34
2022-04-24 07:00:00,108,15.1,0.1,90.0,10.0,0.0,0.03
2022-04-24 07:00:00,112,13.4,1.1,90.0,10.0,0.0,0.03
2022-04-24 07:00:00,119,14.6,0.4,84.0,10.0,0.0,0.0
2022-04-24 07:00:00,133,15.5,2.1,77.0,9.0,0.0,0.1
2022-04-24 07:00:00,143,13.8,0.4,77.0,3.0,0.2,0.27
2022-04-24 07:00:00,146,15.9,1.0,81.0,7.0,0.0,0.17
2022-04-24 07:00:00,156,17.2,0.3,92.0,8.0,0.3,0.25
2022-04-24 07:00:00,159,16.8,1.0,68.0,4.0,0.2,0.27
2022-04-24 07:00:00,184,15.6,2.4,100.0,10.0,0.0,0.0
2022-04-24 08:00:00,105,21.1,4.6,52.0,0.0,1.0,1.06
2022-04-24 08:00:00,108,15.5,1.7,91.0,10.0,0.0,0.16
2022-04-24 08:00:00,112,14.0,1.2,88.0,10.0,0.0,0.15
2022-04-24 08:00:00,119,16.0,0.6,80.0,8.0,0.0,0.25
2022-04-24 08:00:00,133,16.7,0.3,75.0,9.0,0.0,0.51
2022-04-24 08:00:00,143,15.5,1.7,71.0,3.0,1.0,0.97
2022-04-24 08:00:00,146,17.8,0.4,73.0,7.0,0.1,0.56
2022-04-24 08:00:00,156,18.8,0.0,87.0,0.0,1.0,0.94
2022-04-24 08:00:00,159,18.5,3.4,72.0,5.0,1.0,0.95
2022-04-24 08:00:00,184,15.7,1.0,100.0,10.0,0.0,0.07
2022-04-24 09:00:00,105,22.2,5.3,46.0,3.0,1.0,1.87
2022-04-24 09:00:00,108,16.1,1.0,88.0,10.0,0.0,0.32
2022-04-24 09:00:00,112,15.0,1.6,85.0,10.0,0.0,0.45
2022-04-24 09:00:00,119,17.0,0.4,75.0,9.0,0.0,0.62
2022-04-24 09:00:00,133,18.8,1.5,68.0,2.0,0.3,1.17
2022-04-24 09:00:00,143,19.7,0.8,57.0,0.0,1.0,1.66
2022-04-24 09:00:00,146,20.3,0.9,64.0,0.0,1.0,1.59
2022-04-24 09:00:00,156,20.2,0.9,77.0,2.0,1.0,1.65
2022-04-24 09:00:00,159,19.4,2.0,65.0,0.0,1.0,1.7
2022-04-24 09:00:00,184,16.5,1.2,99.0,10.0,0.0,0.33
2022-04-24 10:00:00,105,24.2,4.1,38.0,0.0,1.0,2.54
2022-04-24 10:00:00,108,17.7,1.5,81.0,9.0,0.0,0.9
2022-04-24 10:00:00,112,16.7,2.5,78.0,9.0,0.0,1.27
2022-04-24 10:00:00,119,19.2,1.0,73.0,7.0,0.4,1.41
2022-04-24 10:00:00,133,20.7,2.5,63.0,7.0,1.0,2.28
2022-04-24 10:00:00,143,22.1,1.8,51.0,0.0,1.0,2.4
2022-04-24 10:00:00,146,21.2,1.5,60.0,0.0,1.0,2.31
2022-04-24 10:00:00,156,21.7,1.6,65.0,0.0,1.0,2.41
2022-04-24 10:00:00,159,20.7,2.0,63.0,0.0,1.0,2.4
2022-04-24 10:00:00,184,18.5,3.6,87.0,9.0,0.0,0.96
2022-04-24 11:00:00,105,25.5,4.4,34.0,3.0,1.0,3.08
2022-04-24 11:00:00,108,19.7,2.4,71.0,9.0,0.2,1.78
2022-04-24 11:00:00,112,18.0,2.4,74.0,9.0,0.1,1.92
2022-04-24 11:00:00,119,20.0,1.5,62.0,8.0,0.7,2.16
2022-04-24 11:00:00,133,22.8,1.4,57.0,6.0,0.9,2.69
2022-04-24 11:00:00,143,23.2,3.0,49.0,0.0,1.0,2.93
2022-04-24 11:00:00,146,22.9,1.7,54.0,0.0,1.0,2.81
2022-04-24 11:00:00,156,22.7,1.5,60.0,0.0,1.0,2.98
2022-04-24 11:00:00,159,21.5,3.3,62.0,0.0,1.0,2.95
2022-04-24 11:00:00,184,19.8,4.2,80.0,2.0,1.0,2.87
2022-04-24 12:00:00,105,27.3,3.5,30.0,5.0,1.0,3.36
2022-04-24 12:00:00,108,21.0,2.1,59.0,6.0,0.5,2.51
2022-04-24 12:00:00,112,18.2,2.5,71.0,9.0,0.2,2.4
2022-04-24 12:00:00,119,21.4,2.3,55.0,4.0,0.7,2.37
2022-04-24 12:00:00,133,24.5,1.3,51.0,3.0,0.8,3.05
2022-04-24 12:00:00,143,25.3,2.8,44.0,0.0,1.0,3.27
2022-04-24 12:00:00,146,24.0,2.5,52.0,0.0,1.0,3.11
2022-04-24 12:00:00,156,25.7,1.9,55.0,0.0,1.0,3.33
2022-04-24 12:00:00,159,22.0,4.4,62.0,0.0,1.0,3.34
2022-04-24 12:00:00,184,20.4,4.4,79.0,2.0,1.0,3.27
2022-04-24 13:00:00,105,27.5,2.1,34.0,1.0,1.0,3.4
2022-04-24 13:00:00,108,22.8,2.5,52.0,1.0,1.0,3.39
2022-04-24 13:00:00,112,18.7,3.2,68.0,6.0,0.3,2.68
2022-04-24 13:00:00,119,22.7,2.6,52.0,1.0,1.0,3.27
2022-04-24 13:00:00,133,25.9,1.5,46.0,3.0,1.0,3.32
2022-04-24 13:00:00,143,26.8,2.6,41.0,0.0,1.0,3.37
2022-04-24 13:00:00,146,24.8,1.9,53.0,2.0,1.0,3.17
2022-04-24 13:00:00,156,26.1,1.5,51.0,4.0,1.0,3.55
2022-04-24 13:00:00,159,22.9,4.0,60.0,0.0,1.0,3.47
2022-04-24 13:00:00,184,20.3,4.7,79.0,1.0,1.0,3.39
2022-04-24 14:00:00,105,27.7,3.3,34.0,1.0,1.0,3.29
2022-04-24 14:00:00,108,24.1,3.6,51.0,1.0,1.0,3.27
2022-04-24 14:00:00,112,19.2,3.0,64.0,3.0,0.9,2.94
2022-04-24 14:00:00,119,23.5,2.1,47.0,0.0,1.0,3.12
2022-04-24 14:00:00,133,26.5,4.3,37.0,0.0,1.0,3.22
2022-04-24 14:00:00,143,27.2,1.8,37.0,0.0,1.0,3.24
2022-04-24 14:00:00,146,25.0,3.1,52.0,0.0,0.9,2.95
2022-04-24 14:00:00,156,27.0,1.5,50.0,0.0,0.9,2.99
2022-04-24 14:00:00,159,21.2,5.7,70.0,0.0,1.0,3.35
2022-04-24 14:00:00,184,20.2,3.7,80.0,2.0,1.0,3.28
2022-04-24 15:00:00,105,28.3,2.2,33.0,2.0,1.0,2.82
2022-04-24 15:00:00,108,24.1,2.9,51.0,1.0,1.0,2.9
2022-04-24 15:00:00,112,19.5,3.6,66.0,1.0,1.0,2.84
2022-04-24 15:00:00,119,24.0,4.2,52.0,0.0,1.0,2.78
2022-04-24 15:00:00,133,26.7,2.8,38.0,0.0,1.0,2.89
2022-04-24 15:00:00,143,28.8,3.0,34.0,0.0,1.0,2.85
2022-04-24 15:00:00,146,23.7,3.5,59.0,0.0,1.0,2.79
2022-04-24 15:00:00,156,27.6,2.5,47.0,0.0,1.0,2.94
2022-04-24 15:00:00,159,20.0,6.1,75.0,0.0,1.0,3.02
2022-04-24 15:00:00,184,20.1,2.2,81.0,7.0,0.7,2.39
2022-04-24 16:00:00,105,28.9,1.7,29.0,1.0,1.0,2.3
2022-04-24 16:00:00,108,24.3,2.5,49.0,0.0,1.0,2.32
2022-04-24 16:00:00,112,19.4,2.6,68.0,0.0,1.0,2.33
2022-04-24 16:00:00,119,22.1,3.8,61.0,0.0,1.0,2.29
2022-04-24 16:00:00,133,26.4,2.5,39.0,0.0,1.0,2.35
2022-04-24 16:00:00,143,28.9,2.5,34.0,0.0,1.0,2.24
2022-04-24 16:00:00,146,22.3,3.6,63.0,0.0,1.0,2.3
2022-04-24 16:00:00,156,26.6,2.0,48.0,0.0,1.0,2.42
2022-04-24 16:00:00,159,19.5,4.3,76.0,0.0,1.0,2.44
2022-04-24 16:00:00,184,20.9,1.8,77.0,8.0,0.9,2.18
2022-04-24 17:00:00,105,29.0,1.0,27.0,1.0,1.0,1.55
2022-04-24 17:00:00,108,23.8,2.9,55.0,0.0,1.0,1.71
2022-04-24 17:00:00,112,17.1,3.8,74.0,0.0,1.0,1.64
2022-04-24 17:00:00,119,19.7,3.8,67.0,0.0,1.0,1.6
2022-04-24 17:00:00,133,25.4,3.0,42.0,0.0,1.0,1.69
2022-04-24 17:00:00,143,29.4,2.4,34.0,0.0,1.0,1.5
2022-04-24 17:00:00,146,20.8,2.8,65.0,0.0,1.0,1.65
2022-04-24 17:00:00,156,25.0,2.8,54.0,0.0,1.0,1.78
2022-04-24 17:00:00,159,19.0,4.9,78.0,0.0,1.0,1.66
2022-04-24 17:00:00,184,21.5,2.8,74.0,9.0,0.1,1.08
2022-04-24 18:00:00,105,28.0,1.8,31.0,5.0,1.0,0.86
2022-04-24 18:00:00,108,21.6,4.0,64.0,0.0,1.0,0.9
2022-04-24 18:00:00,112,16.0,3.0,77.0,2.0,1.0,0.91
2022-04-24 18:00:00,119,18.0,3.5,75.0,0.0,1.0,0.9
2022-04-24 18:00:00,133,23.9,1.3,49.0,0.0,1.0,0.9
2022-04-24 18:00:00,143,28.7,2.6,35.0,0.0,1.0,0.79
2022-04-24 18:00:00,146,19.8,1.7,71.0,0.0,1.0,0.86
2022-04-24 18:00:00,156,23.1,1.5,60.0,0.0,1.0,1.01
2022-04-24 18:00:00,159,17.7,4.6,85.0,0.0,1.0,0.88
2022-04-24 18:00:00,184,20.4,2.8,82.0,0.0,0.7,0.7
2022-04-24 19:00:00,105,26.2,1.7,37.0,2.0,0.3,0.21
2022-04-24 19:00:00,108,19.2,3.1,72.0,0.0,0.3,0.26
2022-04-24 19:00:00,112,15.6,2.6,80.0,4.0,0.1,0.19
2022-04-24 19:00:00,119,16.7,3.8,82.0,0.0,0.3,0.21
2022-04-24 19:00:00,133,21.4,2.8,58.0,1.0,0.4,0.23
2022-04-24 19:00:00,143,27.3,3.0,37.0,0.0,0.4,0.23
2022-04-24 19:00:00,146,17.8,1.9,80.0,3.0,0.1,0.18
2022-04-24 19:00:00,156,20.7,1.2,73.0,5.0,0.2,0.26
2022-04-24 19:00:00,159,16.8,4.9,87.0,0.0,0.4,0.21
2022-04-24 19:00:00,184,18.2,0.9,91.0,0.0,0.5,0.19
2022-04-24 20:00:00,105,24.6,1.9,39.0,8.0,0.0,0.0
2022-04-24 20:00:00,108,17.6,2.8,78.0,0.0,0.0,0.0
2022-04-24 20:00:00,112,15.5,2.1,83.0,6.0,0.0,0.01
2022-04-24 20:00:00,119,16.9,2.0,84.0,6.0,0.0,0.0
2022-04-24 20:00:00,133,19.6,2.1,65.0,5.0,0.0,0.01
2022-04-24 20:00:00,143,26.0,2.0,36.0,0.0,0.0,0.0
2022-04-24 20:00:00,146,16.9,2.5,84.0,4.0,0.0,0.01
2022-04-24 20:00:00,156,19.5,0.9,82.0,4.0,0.0,0.05
2022-04-24 20:00:00,159,17.0,3.7,85.0,0.0,0.0,0.0
2022-04-24 20:00:00,184,17.0,1.2,95.0,0.0,0.0,0.0
2022-04-24 21:00:00,105,24.6,4.5,40.0,2.0,,
2022-04-24 21:00:00,108,16.9,2.7,83.0,8.0,,
2022-04-24 21:00:00,112,14.3,2.9,89.0,9.0,,
2022-04-24 21:00:00,119,16.6,2.1,87.0,10.0,,
2022-04-24 21:00:00,133,18.4,1.9,72.0,8.0,,
2022-04-24 21:00:00,143,25.1,2.8,39.0,0.0,,
2022-04-24 21:00:00,146,16.7,0.9,84.0,4.0,,
2022-04-24 21:00:00,156,18.5,0.6,90.0,3.0,,
2022-04-24 21:00:00,159,16.7,2.5,87.0,0.0,,
2022-04-24 21:00:00,184,16.4,0.3,98.0,0.0,,
2022-04-24 22:00:00,105,24.1,3.3,38.0,7.0,,
2022-04-24 22:00:00,108,17.2,2.8,84.0,9.0,,
2022-04-24 22:00:00,112,14.7,2.4,90.0,6.0,,
2022-04-24 22:00:00,119,17.1,2.2,86.0,7.0,,
2022-04-24 22:00:00,133,17.5,1.0,76.0,2.0,,
2022-04-24 22:00:00,143,24.2,3.2,42.0,5.0,,
2022-04-24 22:00:00,146,16.7,0.6,85.0,4.0,,
2022-04-24 22:00:00,156,17.8,0.0,94.0,1.0,,
2022-04-24 22:00:00,159,16.1,2.4,91.0,0.0,,
2022-04-24 22:00:00,184,16.1,1.0,97.0,0.0,,
2022-04-24 23:00:00,105,23.6,4.4,37.0,8.0,,
2022-04-24 23:00:00,108,17.0,3.0,87.0,10.0,,
2022-04-24 23:00:00,112,15.4,2.4,91.0,6.0,,
2022-04-24 23:00:00,119,17.1,1.5,87.0,7.0,,
2022-04-24 23:00:00,133,16.4,0.7,80.0,0.0,,
2022-04-24 23:00:00,143,22.9,2.9,50.0,2.0,,
2022-04-24 23:00:00,146,15.8,0.9,89.0,9.0,,
2022-04-24 23:00:00,156,17.3,0.0,97.0,1.0,,
2022-04-24 23:00:00,159,15.8,2.6,93.0,4.0,,
2022-04-24 23:00:00,184,15.6,0.8,99.0,5.0,,
2022-04-25 00:00:00,105,23.3,4.1,32.0,10.0,,
2022-04-25 00:00:00,108,17.0,1.6,88.0,10.0,,
2022-04-25 00:00:00,112,15.4,2.7,92.0,10.0,,
2022-04-25 00:00:00,119,17.0,2.0,90.0,10.0,,
2022-04-25 00:00:00,133,16.1,1.4,84.0,6.0,,
2022-04-25 00:00:00,143,22.2,2.4,54.0,0.0,,
2022-04-25 00:00:00,146,16.6,0.6,86.0,9.0,,
2022-04-25 00:00:00,156,16.5,1.0,98.0,0.0,,
2022-04-25 00:00:00,159,14.4,2.7,99.0,0.0,,
2022-04-25 00:00:00,184,15.6,1.3,99.0,5.0,,
2022-04-25 01:00:00,105,23.2,3.2,29.0,8.0,,
2022-04-25 01:00:00,108,17.1,0.8,91.0,10.0,,
2022-04-25 01:00:00,112,15.3,1.5,91.0,7.0,,
2022-04-25 01:00:00,119,16.5,0.3,95.0,10.0,,
2022-04-25 01:00:00,133,15.4,0.6,86.0,7.0,,
2022-04-25 01:00:00,143,21.1,2.1,58.0,6.0,,
2022-04-25 01:00:00,146,16.5,1.1,87.0,9.0,,
2022-04-25 01:00:00,156,16.6,0.0,98.0,9.0,,
2022-04-25 01:00:00,159,14.2,2.4,100.0,0.0,,
2022-04-25 01:00:00,184,15.2,0.3,100.0,3.0,,
2022-04-25 02:00:00,105,22.5,2.3,33.0,7.0,,
2022-04-25 02:00:00,108,17.2,0.6,93.0,10.0,,
2022-04-25 02:00:00,112,15.2,1.7,91.0,10.0,,
2022-04-25 02:00:00,119,16.7,1.0,95.0,10.0,,
2022-04-25 02:00:00,133,15.2,1.2,86.0,6.0,,
2022-04-25 02:00:00,143,18.4,0.7,68.0,5.0,,
2022-04-25 02:00:00,146,16.7,0.3,85.0,6.0,,
2022-04-25 02:00:00,156,16.0,0.5,99.0,8.0,,
2022-04-25 02:00:00,159,14.7,2.8,100.0,7.0,,
2022-04-25 02:00:00,184,15.4,1.0,96.0,0.0,,
2022-04-25 03:00:00,105,21.9,1.6,35.0,5.0,,
2022-04-25 03:00:00,108,17.1,1.0,93.0,10.0,,
2022-04-25 03:00:00,112,15.1,1.7,91.0,10.0,,
2022-04-25 03:00:00,119,16.9,0.9,94.0,10.0,,
2022-04-25 03:00:00,133,15.6,0.2,85.0,10.0,,
2022-04-25 03:00:00,143,17.1,1.0,71.0,0.0,,
2022-04-25 03:00:00,146,15.0,1.5,90.0,9.0,,
2022-04-25 03:00:00,156,16.0,0.0,99.0,9.0,,
2022-04-25 03:00:00,159,16.0,2.5,92.0,8.0,,
2022-04-25 03:00:00,184,15.6,1.4,97.0,0.0,,
2022-04-25 04:00:00,105,21.1,2.4,40.0,5.0,,
2022-04-25 04:00:00,108,17.1,0.7,94.0,10.0,,
2022-04-25 04:00:00,112,15.1,1.5,90.0,10.0,,
2022-04-25 04:00:00,119,17.0,1.1,92.0,10.0,,
2022-04-25 04:00:00,133,16.0,0.6,85.0,10.0,,
2022-04-25 04:00:00,143,16.4,0.6,74.0,5.0,,
2022-04-25 04:00:00,146,15.4,1.0,88.0,10.0,,
2022-04-25 04:00:00,156,15.5,0.0,99.0,9.0,,
2022-04-25 04:00:00,159,15.3,1.5,95.0,2.0,,
2022-04-25 04:00:00,184,15.5,0.2,99.0,6.0,,
2022-04-25 05:00:00,105,20.4,2.3,46.0,0.0,,
2022-04-25 05:00:00,108,17.1,0.9,94.0,10.0,,
2022-04-25 05:00:00,112,15.4,1.4,89.0,10.0,,
2022-04-25 05:00:00,119,17.0,1.5,92.0,10.0,,
2022-04-25 05:00:00,133,16.1,0.1,84.0,10.0,,
2022-04-25 05:00:00,143,15.3,0.5,85.0,6.0,,
2022-04-25 05:00:00,146,15.6,1.5,87.0,10.0,,
2022-04-25 05:00:00,156,15.0,0.0,99.0,9.0,,
2022-04-25 05:00:00,159,15.0,0.0,97.0,6.0,,
2022-04-25 05:00:00,184,14.9,0.3,100.0,3.0,,
2022-04-25 06:00:00,105,20.1,3.0,51.0,0.0,0.0,0.0
2022-04-25 06:00:00,108,17.2,0.9,95.0,10.0,0.0,0.0
2022-04-25 06:00:00,112,15.7,0.8,88.0,10.0,0.0,0.0
2022-04-25 06:00:00,119,17.1,1.3,91.0,10.0,0.0,0.0
2022-04-25 06:00:00,133,16.2,0.9,84.0,10.0,0.0,0.0
2022-04-25 06:00:00,143,14.6,1.0,87.0,4.0,0.0,0.02
2022-04-25 06:00:00,146,15.9,1.6,85.0,10.0,0.0,0.0
2022-04-25 06:00:00,156,14.8,0.0,99.0,9.0,0.0,0.06
2022-04-25 06:00:00,159,15.4,2.7,96.0,4.0,0.0,0.01
2022-04-25 06:00:00,184,14.7,0.5,99.0,4.0,0.0,0.0
2022-04-25 07:00:00,105,20.4,2.3,53.0,1.0,0.5,0.34
2022-04-25 07:00:00,108,17.2,1.8,95.0,10.0,0.0,0.04
2022-04-25 07:00:00,112,15.9,0.6,88.0,10.0,0.0,0.05
2022-04-25 07:00:00,119,17.4,1.1,90.0,10.0,0.0,0.0
2022-04-25 07:00:00,133,16.7,0.6,83.0,10.0,0.0,0.1
2022-04-25 07:00:00,143,16.9,0.6,77.0,4.0,0.5,0.4
2022-04-25 07:00:00,146,16.3,1.4,83.0,9.0,0.0,0.21
2022-04-25 07:00:00,156,15.5,0.6,99.0,9.0,0.1,0.3
2022-04-25 07:00:00,159,16.4,3.0,94.0,3.0,0.4,0.37
2022-04-25 07:00:00,184,15.0,0.8,98.0,0.0,0.3,0.14
2022-04-25 08:00:00,105,22.2,1.3,51.0,1.0,1.0,0.95
2022-04-25 08:00:00,108,17.5,2.2,96.0,10.0,0.0,0.11
2022-04-25 08:00:00,112,16.7,1.6,88.0,10.0,0.0,0.2
2022-04-25 08:00:00,119,17.9,1.4,88.0,10.0,0.0,0.12
2022-04-25 08:00:00,133,17.7,1.3,77.0,10.0,0.0,0.34
2022-04-25 08:00:00,143,19.2,0.8,66.0,1.0,1.0,0.98
2022-04-25 08:00:00,146,17.1,1.4,81.0,2.0,0.5,0.73
2022-04-25 08:00:00,156,16.9,1.8,97.0,8.0,0.9,0.96
2022-04-25 08:00:00,159,20.2,0.4,75.0,2.0,1.0,0.95
2022-04-25 08:00:00,184,17.1,1.1,94.0,6.0,0.9,0.95
2022-04-25 09:00:00,105,22.2,1.6,48.0,6.0,1.0,1.62
2022-04-25 09:00:00,108,18.0,2.6,94.0,10.0,0.0,0.35
2022-04-25 09:00:00,112,17.5,2.0,85.0,10.0,0.0,0.38
2022-04-25 09:00:00,119,18.4,2.1,86.0,10.0,0.0,0.4
2022-04-25 09:00:00,133,18.5,2.3,73.0,10.0,0.0,0.51
2022-04-25 09:00:00,143,20.9,2.0,64.0,0.0,1.0,1.73
2022-04-25 09:00:00,146,19.4,1.2,69.0,5.0,1.0,1.54
2022-04-25 09:00:00,156,18.0,0.3,90.0,8.0,0.3,1.1
2022-04-25 09:00:00,159,23.1,0.9,66.0,4.0,1.0,1.83
2022-04-25 09:00:00,184,19.5,2.6,79.0,4.0,0.9,1.45
2022-04-25 10:00:00,105,23.0,1.8,52.0,7.0,1.0,2.14
2022-04-25 10:00:00,108,18.5,2.7,91.0,10.0,0.0,0.4
2022-04-25 10:00:00,112,18.4,1.5,83.0,10.0,0.0,0.55
2022-04-25 10:00:00,119,19.5,2.0,80.0,10.0,0.0,0.64
2022-04-25 10:00:00,133,19.5,2.7,70.0,9.0,0.0,0.92
2022-04-25 10:00:00,143,23.1,1.6,54.0,2.0,1.0,2.35
2022-04-25 10:00:00,146,21.3,1.0,61.0,6.0,1.0,2.3
2022-04-25 10:00:00,156,20.7,0.3,77.0,7.0,1.0,2.04
2022-04-25 10:00:00,159,20.6,1.5,75.0,8.0,1.0,2.25
2022-04-25 10:00:00,184,20.6,1.9,78.0,6.0,1.0,2.18
2022-04-25 11:00:00,105,23.3,1.8,50.0,7.0,1.0,2.38
2022-04-25 11:00:00,108,19.4,1.0,85.0,10.0,0.0,0.59
2022-04-25 11:00:00,112,19.2,1.8,78.0,10.0,0.0,0.99
2022-04-25 11:00:00,119,20.2,1.3,76.0,10.0,0.0,1.01
2022-04-25 11:00:00,133,21.8,1.6,60.0,7.0,0.8,2.54
2022-04-25 11:00:00,143,25.0,1.1,43.0,4.0,1.0,2.85
2022-04-25 11:00:00,146,23.8,1.3,55.0,8.0,1.0,2.83
2022-04-25 11:00:00,156,23.2,0.6,59.0,8.0,1.0,2.34
2022-04-25 11:00:00,159,21.3,2.7,72.0,3.0,1.0,2.85
2022-04-25 11:00:00,184,22.7,2.3,70.0,7.0,1.0,2.56
2022-04-25 12:00:00,105,24.1,2.0,47.0,8.0,1.0,2.75
2022-04-25 12:00:00,108,20.5,1.2,81.0,10.0,0.0,0.71
2022-04-25 12:00:00,112,20.1,1.3,74.0,10.0,0.0,1.15
2022-04-25 12:00:00,119,21.8,2.1,66.0,9.0,0.1,1.51
2022-04-25 12:00:00,133,23.2,1.5,53.0,9.0,0.7,2.52
2022-04-25 12:00:00,143,27.0,2.3,34.0,4.0,1.0,3.13
2022-04-25 12:00:00,146,24.5,1.2,46.0,8.0,0.8,2.35
2022-04-25 12:00:00,156,25.0,0.6,55.0,8.0,0.7,2.28
2022-04-25 12:00:00,159,20.2,4.9,77.0,5.0,1.0,3.25
2022-04-25 12:00:00,184,24.7,2.6,59.0,9.0,1.0,2.9
2022-04-25 13:00:00,105,24.6,2.1,44.0,9.0,0.9,2.58
2022-04-25 13:00:00,108,21.8,1.6,70.0,10.0,0.0,1.31
2022-04-25 13:00:00,112,21.3,1.4,69.0,10.0,0.1,1.73
2022-04-25 13:00:00,119,23.0,1.9,60.0,9.0,1.0,2.36
2022-04-25 13:00:00,133,25.0,0.6,46.0,9.0,0.8,2.44
2022-04-25 13:00:00,143,27.9,1.7,28.0,7.0,0.2,2.06
2022-04-25 13:00:00,146,25.5,1.8,39.0,10.0,0.6,2.24
2022-04-25 13:00:00,156,25.7,0.5,51.0,9.0,0.1,1.96
2022-04-25 13:00:00,159,21.6,3.7,71.0,4.0,1.0,3.42
2022-04-25 13:00:00,184,25.8,4.1,57.0,7.0,1.0,3.12
2022-04-25 14:00:00,105,24.6,1.6,45.0,10.0,0.1,1.54
2022-04-25 14:00:00,108,23.2,2.2,66.0,10.0,0.3,1.98
2022-04-25 14:00:00,112,21.3,1.7,68.0,10.0,0.0,1.66
2022-04-25 14:00:00,119,23.6,1.3,58.0,10.0,0.4,1.92
2022-04-25 14:00:00,133,25.8,0.8,38.0,9.0,0.0,1.79
2022-04-25 14:00:00,143,28.8,0.8,27.0,7.0,0.3,2.03
2022-04-25 14:00:00,146,25.4,1.2,40.0,10.0,0.0,1.48
2022-04-25 14:00:00,156,26.2,1.6,44.0,9.0,0.0,1.47
2022-04-25 14:00:00,159,21.3,4.1,68.0,9.0,1.0,3.04
2022-04-25 14:00:00,184,25.6,2.5,58.0,7.0,1.0,2.82
2022-04-25 15:00:00,105,24.0,2.0,46.0,10.0,0.0,1.01
2022-04-25 15:00:00,108,23.4,2.3,64.0,10.0,0.0,1.1
2022-04-25 15:00:00,112,21.4,2.3,70.0,9.0,0.0,1.11
2022-04-25 15:00:00,119,24.3,0.8,56.0,9.0,0.0,1.06
2022-04-25 15:00:00,133,25.9,0.5,35.0,10.0,0.0,1.16
2022-04-25 15:00:00,143,28.0,1.1,28.0,8.0,0.0,1.32
2022-04-25 15:00:00,146,25.7,0.6,44.0,10.0,0.0,1.0
2022-04-25 15:00:00,156,25.7,2.9,45.0,9.0,0.0,1.13
2022-04-25 15:00:00,159,21.1,2.3,70.0,9.0,0.1,1.82
2022-04-25 15:00:00,184,25.1,3.9,61.0,10.0,0.5,1.83
2022-04-25 16:00:00,105,23.0,2.6,50.0,10.0,0.0,0.9
2022-04-25 16:00:00,108,23.5,1.2,64.0,10.0,0.0,0.75
2022-04-25 16:00:00,112,21.4,2.2,68.0,9.0,0.0,0.8
2022-04-25 16:00:00,119,24.2,0.9,55.0,10.0,0.0,0.85
2022-04-25 16:00:00,133,25.6,0.2,29.0,10.0,0.0,0.67
2022-04-25 16:00:00,143,27.3,3.5,32.0,9.0,0.0,1.12
2022-04-25 16:00:00,146,24.7,1.1,47.0,10.0,0.0,0.57
2022-04-25 16:00:00,156,25.5,3.8,48.0,10.0,0.0,1.14
2022-04-25 16:00:00,159,21.4,0.7,63.0,9.0,0.5,1.57
2022-04-25 16:00:00,184,24.2,2.9,62.0,8.0,0.0,1.06
2022-04-25 17:00:00,105,22.5,2.5,51.0,10.0,0.0,0.63
2022-04-25 17:00:00,108,23.2,1.7,64.0,9.0,0.0,0.5
2022-04-25 17:00:00,112,19.5,2.1,75.0,9.0,0.0,0.46
2022-04-25 17:00:00,119,23.8,1.2,58.0,10.0,0.0,0.35
2022-04-25 17:00:00,133,24.4,0.7,36.0,10.0,0.0,0.29
2022-04-25 17:00:00,143,26.2,3.5,35.0,9.0,0.0,0.72
2022-04-25 17:00:00,146,24.7,0.8,46.0,10.0,0.0,0.41
2022-04-25 17:00:00,156,24.6,1.8,51.0,10.0,0.0,0.64
2022-04-25 17:00:00,159,20.8,2.3,65.0,8.0,0.2,0.89
2022-04-25 17:00:00,184,23.6,2.5,66.0,8.0,0.0,0.75
2022-04-25 18:00:00,105,21.9,1.1,54.0,10.0,0.0,0.24
2022-04-25 18:00:00,108,22.8,0.8,65.0,10.0,0.0,0.21
2022-04-25 18:00:00,112,19.2,2.9,76.0,9.0,0.0,0.18
2022-04-25 18:00:00,119,22.8,1.0,63.0,10.0,0.0,0.11
2022-04-25 18:00:00,133,23.4,1.4,46.0,10.0,0.0,0.15
2022-04-25 18:00:00,143,25.4,2.3,38.0,9.0,0.0,0.41
2022-04-25 18:00:00,146,23.4,1.0,51.0,10.0,0.0,0.2
2022-04-25 18:00:00,156,23.1,1.6,57.0,10.0,0.0,0.25
2022-04-25 18:00:00,159,20.3,1.1,67.0,6.0,0.3,0.68
2022-04-25 18:00:00,184,23.4,4.0,80.0,10.0,0.0,0.45
2022-04-25 19:00:00,105,21.3,0.6,55.0,10.0,0.0,0.06
2022-04-25 19:00:00,108,22.0,0.9,69.0,10.0,0.0,0.05
2022-04-25 19:00:00,112,19.0,2.5,77.0,10.0,0.0,0.05
2022-04-25 19:00:00,119,21.4,0.6,71.0,10.0,0.0,0.0
2022-04-25 19:00:00,133,22.6,0.7,49.0,10.0,0.0,0.06
2022-04-25 19:00:00,143,24.2,2.0,40.0,10.0,0.0,0.15
2022-04-25 19:00:00,146,23.5,0.5,50.0,10.0,0.0,0.05
2022-04-25 19:00:00,156,22.0,1.8,59.0,10.0,0.0,0.1
2022-04-25 19:00:00,159,19.4,0.3,70.0,9.0,0.1,0.15
2022-04-25 19:00:00,184,22.5,2.8,86.0,10.0,0.0,0.01
2022-04-25 20:00:00,105,20.6,0.2,60.0,10.0,0.0,0.0
2022-04-25 20:00:00,108,21.4,1.2,72.0,10.0,0.0,0.0
2022-04-25 20:00:00,112,18.7,1.7,79.0,10.0,0.0,0.0
2022-04-25 20:00:00,119,20.0,1.5,77.0,10.0,0.0,0.0
2022-04-25 20:00:00,133,21.8,1.3,52.0,10.0,0.0,0.0
2022-04-25 20:00:00,143,23.1,1.4,44.0,10.0,0.0,0.0
2022-04-25 20:00:00,146,22.7,1.7,56.0,10.0,0.0,0.0
2022-04-25 20:00:00,156,21.4,2.2,65.0,10.0,0.0,0.05
2022-04-25 20:00:00,159,18.9,1.4,76.0,10.0,0.0,0.0
2022-04-25 20:00:00,184,22.4,3.2,91.0,10.0,0.0,0.0
2022-04-25 21:00:00,105,20.0,1.0,68.0,10.0,,
2022-04-25 21:00:00,108,21.1,1.3,74.0,10.0,,
2022-04-25 21:00:00,112,18.8,2.3,80.0,10.0,,
2022-04-25 21:00:00,119,19.8,0.7,79.0,10.0,,
2022-04-25 21:00:00,133,20.8,2.1,62.0,10.0,,
2022-04-25 21:00:00,143,22.8,1.2,49.0,9.0,,
2022-04-25 21:00:00,146,22.0,0.6,57.0,10.0,,
2022-04-25 21:00:00,156,17.9,1.7,99.0,10.0,,
2022-04-25 21:00:00,159,18.8,1.9,76.0,10.0,,
2022-04-25 21:00:00,184,22.3,2.0,95.0,10.0,,
2022-04-25 22:00:00,105,20.0,1.3,66.0,10.0,,
2022-04-25 22:00:00,108,20.6,1.4,77.0,10.0,,
2022-04-25 22:00:00,112,19.3,1.7,79.0,10.0,,
2022-04-25 22:00:00,119,19.2,0.8,85.0,10.0,,
2022-04-25 22:00:00,133,19.7,2.7,69.0,10.0,,
2022-04-25 22:00:00,143,22.3,1.2,52.0,10.0,,
2022-04-25 22:00:00,146,19.7,0.8,71.0,10.0,,
2022-04-25 22:00:00,156,17.5,1.8,99.0,10.0,,
2022-04-25 22:00:00,159,19.1,0.1,74.0,10.0,,
2022-04-25 22:00:00,184,25.3,8.7,84.0,10.0,,
2022-04-25 23:00:00,105,19.6,1.4,68.0,10.0,,
2022-04-25 23:00:00,108,20.4,1.7,78.0,10.0,,
2022-04-25 23:00:00,112,19.1,2.9,81.0,10.0,,
2022-04-25 23:00:00,119,18.1,1.3,95.0,10.0,,
2022-04-25 23:00:00,133,17.8,1.2,82.0,10.0,,
2022-04-25 23:00:00,143,20.3,2.0,73.0,10.0,,
2022-04-25 23:00:00,146,17.6,0.4,92.0,10.0,,
2022-04-25 23:00:00,156,17.3,3.8,99.0,10.0,,
2022-04-25 23:00:00,159,19.2,0.5,75.0,10.0,,
2022-04-25 23:00:00,184,23.5,7.2,93.0,10.0,,
2022-04-26 00:00:00,105,21.6,3.0,50.0,10.0,,
2022-04-26 00:00:00,108,20.2,2.1,78.0,10.0,,
2022-04-26 00:00:00,112,18.3,2.8,76.0,10.0,,
2022-04-26 00:00:00,119,17.7,0.8,97.0,10.0,,
2022-04-26 00:00:00,133,17.2,1.5,90.0,10.0,,
2022-04-26 00:00:00,143,17.8,2.3,96.0,10.0,,
2022-04-26 00:00:00,146,16.4,1.0,95.0,10.0,,
2022-04-26 00:00:00,156,16.9,0.7,99.0,10.0,,
2022-04-26 00:00:00,159,17.0,2.6,98.0,10.0,,
2022-04-26 00:00:00,184,24.3,7.2,85.0,10.0,,
2022-04-26 01:00:00,105,23.7,4.0,43.0,10.0,,
2022-04-26 01:00:00,108,19.7,1.2,80.0,10.0,,
2022-04-26 01:00:00,112,18.2,1.6,77.0,10.0,,
2022-04-26 01:00:00,119,17.2,1.0,97.0,10.0,,
2022-04-26 01:00:00,133,16.4,3.4,87.0,10.0,,
2022-04-26 01:00:00,143,17.1,1.0,100.0,10.0,,
2022-04-26 01:00:00,146,16.0,1.4,95.0,10.0,,
2022-04-26 01:00:00,156,16.9,1.7,99.0,10.0,,
2022-04-26 01:00:00,159,16.4,3.3,100.0,10.0,,
2022-04-26 01:00:00,184,23.9,8.3,87.0,10.0,,
2022-04-26 02:00:00,105,20.5,2.5,61.0,10.0,,
2022-04-26 02:00:00,108,19.1,1.4,82.0,10.0,,
2022-04-26 02:00:00,112,18.4,1.7,74.0,10.0,,
2022-04-26 02:00:00,119,17.1,1.1,97.0,10.0,,
2022-04-26 02:00:00,133,16.2,4.4,89.0,10.0,,
2022-04-26 02:00:00,143,16.2,1.8,100.0,10.0,,
2022-04-26 02:00:00,146,16.8,1.5,92.0,10.0,,
2022-04-26 02:00:00,156,17.3,0.3,99.0,10.0,,
2022-04-26 02:00:00,159,16.6,2.3,100.0,10.0,,
2022-04-26 02:00:00,184,22.8,6.9,89.0,10.0,,
2022-04-26 03:00:00,105,19.2,2.3,68.0,10.0,,
2022-04-26 03:00:00,108,18.1,3.0,83.0,10.0,,
2022-04-26 03:00:00,112,17.4,4.0,76.0,10.0,,
2022-04-26 03:00:00,119,16.2,1.6,96.0,10.0,,
2022-04-26 03:00:00,133,16.2,3.7,93.0,10.0,,
2022-04-26 03:00:00,143,15.8,2.5,100.0,10.0,,
2022-04-26 03:00:00,146,17.4,0.9,91.0,10.0,,
2022-04-26 03:00:00,156,17.6,0.2,99.0,10.0,,
2022-04-26 03:00:00,159,16.8,2.5,100.0,10.0,,
2022-04-26 03:00:00,184,21.9,8.5,89.0,10.0,,
2022-04-26 04:00:00,105,18.1,0.9,79.0,10.0,,
2022-04-26 04:00:00,108,17.3,1.9,88.0,10.0,,
2022-04-26 04:00:00,112,16.8,4.5,82.0,10.0,,
2022-04-26 04:00:00,119,16.0,1.4,98.0,10.0,,
2022-04-26 04:00:00,133,16.3,1.4,93.0,10.0,,
2022-04-26 04:00:00,143,15.9,4.1,100.0,10.0,,
2022-04-26 04:00:00,146,18.6,1.4,89.0,10.0,,
2022-04-26 04:00:00,156,18.2,0.7,99.0,10.0,,
2022-04-26 04:00:00,159,16.5,2.6,100.0,10.0,,
2022-04-26 04:00:00,184,22.5,5.8,87.0,10.0,,
2022-04-26 05:00:00,105,17.2,1.5,85.0,10.0,,
2022-04-26 05:00:00,108,17.0,2.1,88.0,10.0,,
2022-04-26 05:00:00,112,16.8,4.6,79.0,10.0,,
2022-04-26 05:00:00,119,15.7,1.5,98.0,10.0,,
2022-04-26 05:00:00,133,16.3,1.6,94.0,10.0,,
2022-04-26 05:00:00,143,16.0,2.7,100.0,10.0,,
2022-04-26 05:00:00,146,18.4,1.0,95.0,10.0,,
2022-04-26 05:00:00,156,18.9,2.5,99.0,10.0,,
2022-04-26 05:00:00,159,16.5,1.3,100.0,10.0,,
2022-04-26 05:00:00,184,23.1,7.4,85.0,10.0,,
2022-04-26 06:00:00,105,16.6,1.6,88.0,10.0,0.0,0.0
2022-04-26 06:00:00,108,17.0,2.8,84.0,9.0,0.0,0.0
2022-04-26 06:00:00,112,17.1,3.7,77.0,10.0,0.0,0.0
2022-04-26 06:00:00,119,15.9,2.0,97.0,10.0,0.0,0.0
2022-04-26 06:00:00,133,16.2,2.1,94.0,10.0,0.0,0.0
2022-04-26 06:00:00,143,16.1,1.7,100.0,10.0,0.0,0.0
2022-04-26 06:00:00,146,17.4,1.5,96.0,10.0,0.0,0.0
2022-04-26 06:00:00,156,18.8,3.4,99.0,10.0,0.0,0.06
2022-04-26 06:00:00,159,16.7,0.0,100.0,10.0,0.0,0.0
2022-04-26 06:00:00,184,22.3,7.2,93.0,10.0,0.0,0.0
2022-04-26 07:00:00,105,16.4,1.0,89.0,10.0,0.0,0.04
2022-04-26 07:00:00,108,17.0,2.7,87.0,5.0,0.0,0.14
2022-04-26 07:00:00,112,17.3,2.7,78.0,3.0,0.1,0.14
2022-04-26 07:00:00,119,16.5,2.3,93.0,8.0,0.0,0.1
2022-04-26 07:00:00,133,16.0,1.8,94.0,10.0,0.0,0.03
2022-04-26 07:00:00,143,16.2,1.2,100.0,10.0,0.0,0.06
2022-04-26 07:00:00,146,17.9,0.7,97.0,10.0,0.0,0.02
2022-04-26 07:00:00,156,18.3,3.2,99.0,10.0,0.0,0.07
2022-04-26 07:00:00,159,17.3,1.4,100.0,10.0,0.0,0.05
2022-04-26 07:00:00,184,22.8,5.4,90.0,10.0,0.0,0.0
2022-04-26 08:00:00,105,16.4,1.5,89.0,10.0,0.0,0.17
2022-04-26 08:00:00,108,18.4,2.5,79.0,2.0,0.7,0.7
2022-04-26 08:00:00,112,19.0,2.9,70.0,2.0,1.0,0.93
2022-04-26 08:00:00,119,17.7,1.4,89.0,7.0,0.2,0.48
2022-04-26 08:00:00,133,16.0,1.8,93.0,10.0,0.0,0.11
2022-04-26 08:00:00,143,16.8,0.8,99.0,10.0,0.0,0.33
2022-04-26 08:00:00,146,17.0,1.7,97.0,10.0,0.0,0.07
2022-04-26 08:00:00,156,18.3,3.7,99.0,10.0,0.0,0.11
2022-04-26 08:00:00,159,17.3,2.6,100.0,10.0,0.0,0.06
2022-04-26 08:00:00,184,23.0,6.7,86.0,10.0,0.0,0.28
2022-04-26 09:00:00,105,16.6,0.1,89.0,9.0,0.0,0.2
2022-04-26 09:00:00,108,20.4,1.7,68.0,3.0,1.0,1.59
2022-04-26 09:00:00,112,19.6,2.8,68.0,3.0,1.0,1.67
2022-04-26 09:00:00,119,18.7,1.5,82.0,7.0,0.4,1.16
2022-04-26 09:00:00,133,16.2,0.1,92.0,10.0,0.0,0.25
2022-04-26 09:00:00,143,16.8,0.0,98.0,10.0,0.0,0.23
2022-04-26 09:00:00,146,16.8,1.0,97.0,10.0,0.0,0.13
2022-04-26 09:00:00,156,18.3,3.4,99.0,10.0,0.0,0.19
2022-04-26 09:00:00,159,18.1,2.7,100.0,10.0,0.0,0.35
2022-04-26 09:00:00,184,22.7,6.9,85.0,10.0,0.0,0.27
2022-04-26 10:00:00,105,16.9,1.2,90.0,9.0,0.0,0.44
2022-04-26 10:00:00,108,22.3,1.3,63.0,3.0,1.0,2.4
2022-04-26 10:00:00,112,20.3,2.9,66.0,3.0,1.0,2.32
2022-04-26 10:00:00,119,20.0,1.8,73.0,6.0,1.0,2.0
2022-04-26 10:00:00,133,17.1,0.6,92.0,10.0,0.0,0.63
2022-04-26 10:00:00,143,17.6,0.7,96.0,10.0,0.0,0.44
2022-04-26 10:00:00,146,17.1,0.0,97.0,10.0,0.0,0.3
2022-04-26 10:00:00,156,18.1,3.3,99.0,10.0,0.0,0.23
2022-04-26 10:00:00,159,18.5,4.8,100.0,10.0,0.0,0.31
2022-04-26 10:00:00,184,21.5,7.9,90.0,10.0,0.0,0.12
2022-04-26 11:00:00,105,18.2,0.2,84.0,9.0,0.0,0.94
2022-04-26 11:00:00,108,24.2,2.1,55.0,1.0,1.0,2.97
2022-04-26 11:00:00,112,22.4,2.6,58.0,1.0,1.0,2.85
2022-04-26 11:00:00,119,22.1,1.5,64.0,6.0,1.0,2.76
2022-04-26 11:00:00,133,18.3,1.1,87.0,10.0,0.0,1.11
2022-04-26 11:00:00,143,18.1,1.3,96.0,10.0,0.0,0.49
2022-04-26 11:00:00,146,18.1,0.2,93.0,10.0,0.0,0.65
2022-04-26 11:00:00,156,18.4,2.0,99.0,10.0,0.0,0.4
2022-04-26 11:00:00,159,17.9,3.5,100.0,10.0,0.0,0.27
2022-04-26 11:00:00,184,21.3,6.0,92.0,10.0,0.0,0.19
2022-04-26 12:00:00,105,20.1,1.2,79.0,9.0,0.0,1.83
2022-04-26 12:00:00,108,26.1,3.4,45.0,3.0,1.0,3.22
2022-04-26 12:00:00,112,23.8,3.2,54.0,3.0,1.0,3.2
2022-04-26 12:00:00,119,23.7,2.4,57.0,6.0,1.0,3.14
2022-04-26 12:00:00,133,19.2,1.5,85.0,10.0,0.0,1.22
2022-04-26 12:00:00,143,18.6,1.5,99.0,10.0,0.0,0.49
2022-04-26 12:00:00,146,18.3,2.1,90.0,10.0,0.0,0.83
2022-04-26 12:00:00,156,19.0,2.4,99.0,10.0,0.0,0.78
2022-04-26 12:00:00,159,18.1,3.0,100.0,10.0,0.0,0.32
2022-04-26 12:00:00,184,20.5,5.9,95.0,10.0,0.0,0.11
2022-04-26 13:00:00,105,21.4,2.2,71.0,9.0,0.1,2.03
2022-04-26 13:00:00,108,27.5,3.0,41.0,6.0,1.0,3.48
2022-04-26 13:00:00,112,24.2,3.5,52.0,7.0,1.0,3.24
2022-04-26 13:00:00,119,23.9,4.5,58.0,7.0,1.0,2.87
2022-04-26 13:00:00,133,19.9,1.6,81.0,6.0,0.0,1.15
2022-04-26 13:00:00,143,18.6,1.0,99.0,10.0,0.0,0.42
2022-04-26 13:00:00,146,18.1,1.3,91.0,10.0,0.0,0.29
2022-04-26 13:00:00,156,18.7,1.5,99.0,10.0,0.0,0.68
2022-04-26 13:00:00,159,18.5,4.9,100.0,10.0,0.0,0.08
2022-04-26 13:00:00,184,20.2,5.1,93.0,10.0,0.0,0.06
2022-04-26 14:00:00,105,22.6,1.7,69.0,7.0,1.0,3.08
2022-04-26 14:00:00,108,28.2,4.4,37.0,7.0,1.0,3.17
2022-04-26 14:00:00,112,23.5,5.3,52.0,7.0,1.0,2.93
2022-04-26 14:00:00,119,24.2,3.8,58.0,7.0,1.0,2.75
2022-04-26 14:00:00,133,21.8,1.8,70.0,9.0,0.6,2.42
2022-04-26 14:00:00,143,19.5,1.1,95.0,10.0,0.0,0.94
2022-04-26 14:00:00,146,18.5,1.4,90.0,10.0,0.0,0.46
2022-04-26 14:00:00,156,18.4,2.2,99.0,10.0,0.0,0.31
2022-04-26 14:00:00,159,17.9,4.3,100.0,10.0,0.0,0.19
2022-04-26 14:00:00,184,19.5,3.7,97.0,10.0,0.0,0.04
2022-04-26 15:00:00,105,23.7,1.7,66.0,7.0,1.0,2.54
2022-04-26 15:00:00,108,28.4,4.8,38.0,7.0,1.0,2.65
2022-04-26 15:00:00,112,24.7,3.3,46.0,7.0,1.0,2.78
2022-04-26 15:00:00,119,23.5,4.6,56.0,7.0,1.0,2.53
2022-04-26 15:00:00,133,23.0,0.7,63.0,10.0,0.5,1.78
2022-04-26 15:00:00,143,20.0,1.6,95.0,10.0,0.0,0.4
2022-04-26 15:00:00,146,19.8,1.3,87.0,10.0,0.0,1.17
2022-04-26 15:00:00,156,17.5,0.8,99.0,10.0,0.0,0.36
2022-04-26 15:00:00,159,17.7,5.7,100.0,10.0,0.0,0.12
2022-04-26 15:00:00,184,18.4,5.0,99.0,10.0,0.0,0.09
2022-04-26 16:00:00,105,24.3,1.1,65.0,8.0,1.0,1.98
2022-04-26 16:00:00,108,28.4,3.5,37.0,7.0,1.0,2.14
2022-04-26 16:00:00,112,25.1,3.6,43.0,7.0,1.0,2.05
2022-04-26 16:00:00,119,23.5,4.9,54.0,8.0,1.0,1.98
2022-04-26 16:00:00,133,23.7,1.5,60.0,10.0,0.5,1.62
2022-04-26 16:00:00,143,20.2,0.9,89.0,10.0,0.0,0.21
2022-04-26 16:00:00,146,19.7,2.5,85.0,10.0,0.0,0.93
2022-04-26 16:00:00,156,17.9,0.2,99.0,10.0,0.0,0.36
2022-04-26 16:00:00,159,17.7,4.5,100.0,10.0,0.0,0.1
2022-04-26 16:00:00,184,17.4,4.6,98.0,10.0,0.0,0.06
2022-04-26 17:00:00,105,24.1,0.9,65.0,8.0,0.1,0.99
2022-04-26 17:00:00,108,27.5,4.9,38.0,8.0,0.6,1.41
2022-04-26 17:00:00,112,23.8,4.6,45.0,8.0,1.0,1.67
2022-04-26 17:00:00,119,22.1,5.6,61.0,8.0,0.0,0.9
2022-04-26 17:00:00,133,23.6,2.5,60.0,10.0,0.3,1.2
2022-04-26 17:00:00,143,20.5,1.4,89.0,10.0,0.0,0.29
2022-04-26 17:00:00,146,19.5,2.0,84.0,10.0,0.0,0.52
2022-04-26 17:00:00,156,18.2,0.5,99.0,10.0,0.0,0.28
2022-04-26 17:00:00,159,17.8,6.2,100.0,10.0,0.0,0.2
2022-04-26 17:00:00,184,16.4,4.3,98.0,10.0,0.0,0.21
2022-04-26 18:00:00,105,23.7,1.7,66.0,8.0,0.0,0.52
2022-04-26 18:00:00,108,25.6,5.3,45.0,8.0,0.2,0.77
2022-04-26 18:00:00,112,22.8,5.1,50.0,8.0,0.5,0.83
2022-04-26 18:00:00,119,20.9,4.4,60.0,9.0,0.0,0.58
2022-04-26 18:00:00,133,23.0,2.1,62.0,10.0,0.1,0.59
2022-04-26 18:00:00,143,20.4,2.6,88.0,10.0,0.0,0.29
2022-04-26 18:00:00,146,19.1,2.6,82.0,7.0,0.0,0.49
2022-04-26 18:00:00,156,18.1,0.1,99.0,10.0,0.0,0.14
2022-04-26 18:00:00,159,17.7,1.6,99.0,10.0,0.0,0.23
2022-04-26 18:00:00,184,16.2,3.5,99.0,10.0,0.0,0.09
2022-04-26 19:00:00,105,22.9,0.3,70.0,10.0,0.0,0.13
2022-04-26 19:00:00,108,23.9,5.1,47.0,6.0,0.0,0.29
2022-04-26 19:00:00,112,21.2,6.3,51.0,6.0,0.0,0.26
2022-04-26 19:00:00,119,20.3,3.0,64.0,7.0,0.0,0.33
2022-04-26 19:00:00,133,21.6,2.5,63.0,8.0,0.0,0.18
2022-04-26 19:00:00,143,20.0,1.7,88.0,10.0,0.0,0.11
2022-04-26 19:00:00,146,18.0,2.0,83.0,9.0,0.0,0.21
2022-04-26 19:00:00,156,18.5,0.1,99.0,10.0,0.0,0.15
2022-04-26 19:00:00,159,17.4,2.8,100.0,10.0,0.0,0.06
2022-04-26 19:00:00,184,15.4,3.9,97.0,10.0,0.0,0.03
2022-04-26 20:00:00,105,24.0,3.0,59.0,10.0,0.0,0.0
2022-04-26 20:00:00,108,22.7,2.3,49.0,4.0,0.0,0.01
2022-04-26 20:00:00,112,20.5,3.1,55.0,3.0,0.0,0.01
2022-04-26 20:00:00,119,19.9,2.3,65.0,5.0,0.0,0.0
2022-04-26 20:00:00,133,20.5,1.3,66.0,9.0,0.0,0.01
2022-04-26 20:00:00,143,19.7,1.1,89.0,10.0,0.0,0.0
2022-04-26 20:00:00,146,17.7,1.2,81.0,9.0,0.0,0.01
2022-04-26 20:00:00,156,17.7,0.5,99.0,7.0,0.0,0.06
2022-04-26 20:00:00,159,17.0,2.2,99.0,10.0,0.0,0.0
2022-04-26 20:00:00,184,14.7,4.7,98.0,8.0,0.0,0.0
2022-04-26 21:00:00,105,23.7,3.8,59.0,6.0,,
2022-04-26 21:00:00,108,21.9,3.1,56.0,0.0,,
2022-04-26 21:00:00,112,17.5,4.4,72.0,0.0,,
2022-04-26 21:00:00,119,18.6,3.3,69.0,2.0,,
2022-04-26 21:00:00,133,19.8,1.5,68.0,0.0,,
2022-04-26 21:00:00,143,19.1,0.9,94.0,9.0,,
2022-04-26 21:00:00,146,16.9,1.6,84.0,6.0,,
2022-04-26 21:00:00,156,17.3,0.1,99.0,0.0,,
2022-04-26 21:00:00,159,16.3,2.3,100.0,9.0,,
2022-04-26 21:00:00,184,14.9,2.8,100.0,10.0,,
2022-04-26 22:00:00,105,23.5,5.9,57.0,6.0,,
2022-04-26 22:00:00,108,19.9,4.4,64.0,0.0,,
2022-04-26 22:00:00,112,17.1,5.3,68.0,0.0,,
2022-04-26 22:00:00,119,16.5,3.4,79.0,0.0,,
2022-04-26 22:00:00,133,18.9,1.5,73.0,0.0,,
2022-04-26 22:00:00,143,19.1,1.4,92.0,9.0,,
2022-04-26 22:00:00,146,16.2,0.4,87.0,0.0,,
2022-04-26 22:00:00,156,16.3,0.1,99.0,0.0,,
2022-04-26 22:00:00,159,16.0,2.6,100.0,8.0,,
2022-04-26 22:00:00,184,16.0,2.7,100.0,9.0,,
2022-04-26 23:00:00,105,23.2,5.8,53.0,0.0,,
2022-04-26 23:00:00,108,18.3,2.5,62.0,0.0,,
2022-04-26 23:00:00,112,17.0,6.0,50.0,0.0,,
2022-04-26 23:00:00,119,16.6,2.5,80.0,0.0,,
2022-04-26 23:00:00,133,17.7,1.9,79.0,0.0,,
2022-04-26 23:00:00,143,18.0,0.4,98.0,0.0,,
2022-04-26 23:00:00,146,15.5,1.7,89.0,0.0,,
2022-04-26 23:00:00,156,16.3,0.2,99.0,0.0,,
2022-04-26 23:00:00,159,16.3,2.4,100.0,7.0,,
2022-04-26 23:00:00,184,16.8,1.6,92.0,6.0,,
2022-04-27 00:00:00,105,22.5,1.8,53.0,1.0,,
2022-04-27 00:00:00,108,17.5,3.7,44.0,0.0,,
2022-04-27 00:00:00,112,16.3,6.3,38.0,0.0,,
2022-04-27 00:00:00,119,17.6,4.4,46.0,0.0,,
2022-04-27 00:00:00,133,16.9,1.9,76.0,0.0,,
2022-04-27 00:00:00,143,19.5,3.0,81.0,0.0,,
2022-04-27 00:00:00,146,14.0,0.4,90.0,3.0,,
2022-04-27 00:00:00,156,15.6,1.1,99.0,2.0,,
2022-04-27 00:00:00,159,17.5,1.4,100.0,4.0,,
2022-04-27 00:00:00,184,17.4,2.0,77.0,7.0,,
2022-04-27 01:00:00,105,21.4,0.4,53.0,2.0,,
2022-04-27 01:00:00,108,16.4,3.0,41.0,5.0,,
2022-04-27 01:00:00,112,15.3,6.4,33.0,6.0,,
2022-04-27 01:00:00,119,16.6,4.0,38.0,4.0,,
2022-04-27 01:00:00,133,16.0,2.8,78.0,5.0,,
2022-04-27 01:00:00,143,19.3,3.2,79.0,0.0,,
2022-04-27 01:00:00,146,13.6,1.2,91.0,7.0,,
2022-04-27 01:00:00,156,15.1,1.0,98.0,0.0,,
2022-04-27 01:00:00,159,17.4,0.9,99.0,3.0,,
2022-04-27 01:00:00,184,17.7,2.4,75.0,8.0,,
2022-04-27 02:00:00,105,20.1,2.4,52.0,6.0,,
2022-04-27 02:00:00,108,15.5,2.9,37.0,1.0,,
2022-04-27 02:00:00,112,14.1,4.8,33.0,1.0,,
2022-04-27 02:00:00,119,15.1,2.4,33.0,2.0,,
2022-04-27 02:00:00,133,14.6,2.8,77.0,1.0,,
2022-04-27 02:00:00,143,19.2,3.8,75.0,3.0,,
2022-04-27 02:00:00,146,12.7,1.3,93.0,7.0,,
2022-04-27 02:00:00,156,15.5,0.8,98.0,1.0,,
2022-04-27 02:00:00,159,17.1,0.4,100.0,6.0,,
2022-04-27 02:00:00,184,17.2,4.0,79.0,10.0,,
2022-04-27 03:00:00,105,16.6,5.2,50.0,3.0,,
2022-04-27 03:00:00,108,14.6,2.8,34.0,0.0,,
2022-04-27 03:00:00,112,13.5,6.2,34.0,0.0,,
2022-04-27 03:00:00,119,14.6,2.9,31.0,0.0,,
2022-04-27 03:00:00,133,13.6,0.8,56.0,6.0,,
2022-04-27 03:00:00,143,18.6,5.5,73.0,4.0,,
2022-04-27 03:00:00,146,12.2,0.4,96.0,7.0,,
2022-04-27 03:00:00,156,14.2,1.1,99.0,0.0,,
2022-04-27 03:00:00,159,16.8,1.3,99.0,6.0,,
2022-04-27 03:00:00,184,15.0,3.0,91.0,9.0,,
2022-04-27 04:00:00,105,15.3,1.5,47.0,0.0,,
2022-04-27 04:00:00,108,13.6,1.2,35.0,0.0,,
2022-04-27 04:00:00,112,13.2,5.8,30.0,0.0,,
2022-04-27 04:00:00,119,14.0,4.1,29.0,0.0,,
2022-04-27 04:00:00,133,12.9,0.2,55.0,5.0,,
2022-04-27 04:00:00,143,17.6,3.2,71.0,4.0,,
2022-04-27 04:00:00,146,12.3,0.0,96.0,7.0,,
2022-04-27 04:00:00,156,15.0,3.4,64.0,4.0,,
2022-04-27 04:00:00,159,16.9,3.4,93.0,6.0,,
2022-04-27 04:00:00,184,15.2,2.5,90.0,6.0,,
2022-04-27 05:00:00,105,14.2,1.2,49.0,0.0,,
2022-04-27 05:00:00,108,13.0,3.3,36.0,0.0,,
2022-04-27 05:00:00,112,12.7,4.8,30.0,0.0,,
2022-04-27 05:00:00,119,13.3,2.5,30.0,0.0,,
2022-04-27 05:00:00,133,12.2,4.1,45.0,6.0,,
2022-04-27 05:00:00,143,17.0,3.7,67.0,3.0,,
2022-04-27 05:00:00,146,12.0,0.9,96.0,6.0,,
2022-04-27 05:00:00,156,14.1,2.8,62.0,2.0,,
2022-04-27 05:00:00,159,16.8,2.3,69.0,9.0,,
2022-04-27 05:00:00,184,14.2,3.3,96.0,8.0,,
2022-04-27 06:00:00,105,12.7,2.2,55.0,0.0,0.0,0.01
2022-04-27 06:00:00,108,13.1,4.3,31.0,0.0,0.0,0.0
2022-04-27 06:00:00,112,12.3,4.4,28.0,0.0,0.0,0.0
2022-04-27 06:00:00,119,12.6,2.6,32.0,1.0,0.0,0.0
2022-04-27 06:00:00,133,10.5,1.7,50.0,3.0,0.0,0.0
2022-04-27 06:00:00,143,15.8,1.3,69.0,4.0,0.0,0.02
2022-04-27 06:00:00,146,11.4,0.6,95.0,4.0,0.0,0.0
2022-04-27 06:00:00,156,12.0,2.5,67.0,6.0,0.0,0.05
2022-04-27 06:00:00,159,16.5,2.3,72.0,8.0,0.0,0.0
2022-04-27 06:00:00,184,14.1,1.6,87.0,9.0,0.0,0.01
2022-04-27 07:00:00,105,13.1,2.8,58.0,0.0,0.6,0.36
2022-04-27 07:00:00,108,13.4,2.5,30.0,0.0,0.4,0.3
2022-04-27 07:00:00,112,12.7,4.0,28.0,0.0,0.4,0.27
2022-04-27 07:00:00,119,13.5,2.1,31.0,0.0,0.4,0.26
2022-04-27 07:00:00,133,11.5,1.3,48.0,3.0,0.6,0.3
2022-04-27 07:00:00,143,16.6,2.4,59.0,3.0,0.9,0.45
2022-04-27 07:00:00,146,12.3,0.8,86.0,6.0,0.4,0.34
2022-04-27 07:00:00,156,14.7,1.4,49.0,4.0,0.3,0.32
2022-04-27 07:00:00,159,16.7,2.0,70.0,9.0,0.0,0.31
2022-04-27 07:00:00,184,14.7,1.4,82.0,9.0,0.0,0.13
2022-04-27 08:00:00,105,15.3,0.8,49.0,0.0,1.0,1.03
2022-04-27 08:00:00,108,14.5,2.8,30.0,0.0,1.0,0.93
2022-04-27 08:00:00,112,13.8,4.3,27.0,0.0,1.0,0.9
2022-04-27 08:00:00,119,14.7,2.9,28.0,0.0,1.0,0.91
2022-04-27 08:00:00,133,13.9,1.8,37.0,3.0,1.0,0.89
2022-04-27 08:00:00,143,17.0,2.3,49.0,3.0,1.0,1.07
2022-04-27 08:00:00,146,13.1,1.7,63.0,7.0,1.0,0.84
2022-04-27 08:00:00,156,15.6,3.4,51.0,6.0,0.9,1.05
2022-04-27 08:00:00,159,18.1,2.3,73.0,7.0,0.6,0.76
2022-04-27 08:00:00,184,16.2,2.0,75.0,8.0,0.1,0.57
2022-04-27 09:00:00,105,16.4,4.2,34.0,0.0,1.0,1.77
2022-04-27 09:00:00,108,16.4,2.4,27.0,0.0,1.0,1.72
2022-04-27 09:00:00,112,15.5,2.9,26.0,0.0,1.0,1.64
2022-04-27 09:00:00,119,16.2,2.2,27.0,0.0,1.0,1.68
2022-04-27 09:00:00,133,15.5,2.5,33.0,0.0,1.0,1.69
2022-04-27 09:00:00,143,18.3,1.2,46.0,2.0,1.0,1.81
2022-04-27 09:00:00,146,14.8,2.0,51.0,7.0,1.0,1.45
2022-04-27 09:00:00,156,17.0,1.9,49.0,6.0,1.0,1.86
2022-04-27 09:00:00,159,18.5,3.5,62.0,6.0,1.0,1.37
2022-04-27 09:00:00,184,19.3,1.6,45.0,7.0,1.0,1.4
2022-04-27 10:00:00,105,17.1,3.4,36.0,0.0,1.0,2.38
2022-04-27 10:00:00,108,18.1,1.6,26.0,0.0,1.0,2.39
2022-04-27 10:00:00,112,16.7,3.5,24.0,0.0,1.0,2.31
2022-04-27 10:00:00,119,17.4,1.3,24.0,0.0,1.0,2.33
2022-04-27 10:00:00,133,17.3,1.6,34.0,3.0,1.0,2.4
2022-04-27 10:00:00,143,19.3,4.9,47.0,3.0,1.0,2.31
2022-04-27 10:00:00,146,17.2,1.1,40.0,6.0,1.0,2.16
2022-04-27 10:00:00,156,17.2,1.9,46.0,7.0,1.0,1.99
2022-04-27 10:00:00,159,19.9,3.6,54.0,6.0,1.0,2.41
2022-04-27 10:00:00,184,21.5,1.3,33.0,8.0,0.9,2.09
2022-04-27 11:00:00,105,17.1,4.4,38.0,0.0,1.0,2.89
2022-04-27 11:00:00,108,19.8,1.9,24.0,0.0,1.0,2.97
2022-04-27 11:00:00,112,17.3,3.4,25.0,0.0,1.0,2.85
2022-04-27 11:00:00,119,19.0,1.5,26.0,0.0,1.0,2.87
2022-04-27 11:00:00,133,18.7,1.8,30.0,4.0,1.0,2.82
2022-04-27 11:00:00,143,19.2,5.3,40.0,6.0,1.0,2.9
2022-04-27 11:00:00,146,17.6,1.0,37.0,5.0,1.0,2.73
2022-04-27 11:00:00,156,19.1,0.8,37.0,7.0,1.0,2.68
2022-04-27 11:00:00,159,19.7,4.1,59.0,8.0,1.0,2.72
2022-04-27 11:00:00,184,21.1,3.2,41.0,6.0,0.8,2.35
2022-04-27 12:00:00,105,17.5,3.6,39.0,1.0,1.0,3.25
2022-04-27 12:00:00,108,21.0,1.6,22.0,0.0,1.0,3.32
2022-04-27 12:00:00,112,18.4,3.4,24.0,0.0,1.0,3.22
2022-04-27 12:00:00,119,20.1,1.7,21.0,0.0,1.0,3.16
2022-04-27 12:00:00,133,20.1,1.6,31.0,0.0,1.0,3.18
2022-04-27 12:00:00,143,19.8,4.6,47.0,5.0,1.0,3.21
2022-04-27 12:00:00,146,19.4,1.2,37.0,5.0,1.0,3.09
2022-04-27 12:00:00,156,20.1,1.3,31.0,8.0,1.0,2.93
2022-04-27 12:00:00,159,19.6,4.8,50.0,7.0,1.0,2.95
2022-04-27 12:00:00,184,17.9,5.5,64.0,1.0,1.0,3.45
2022-04-27 13:00:00,105,18.2,2.4,45.0,0.0,1.0,3.33
2022-04-27 13:00:00,108,22.4,2.1,19.0,0.0,1.0,3.46
2022-04-27 13:00:00,112,18.7,3.4,30.0,0.0,1.0,3.32
2022-04-27 13:00:00,119,20.8,1.8,21.0,0.0,1.0,3.32
2022-04-27 13:00:00,133,21.4,1.8,29.0,4.0,1.0,3.2
2022-04-27 13:00:00,143,20.2,4.9,46.0,5.0,1.0,3.37
2022-04-27 13:00:00,146,20.4,1.7,34.0,6.0,1.0,3.21
2022-04-27 13:00:00,156,22.2,0.9,34.0,7.0,1.0,3.22
2022-04-27 13:00:00,159,18.8,4.6,45.0,8.0,0.8,2.84
2022-04-27 13:00:00,184,18.5,4.0,62.0,1.0,1.0,3.52
2022-04-27 14:00:00,105,18.2,2.6,46.0,0.0,1.0,3.2
2022-04-27 14:00:00,108,23.0,3.2,18.0,0.0,1.0,3.36
2022-04-27 14:00:00,112,18.9,4.1,28.0,0.0,1.0,3.23
2022-04-27 14:00:00,119,21.2,3.9,26.0,0.0,1.0,3.16
2022-04-27 14:00:00,133,22.3,2.5,30.0,7.0,1.0,3.06
2022-04-27 14:00:00,143,20.0,5.4,45.0,7.0,1.0,2.73
2022-04-27 14:00:00,146,20.5,2.5,34.0,7.0,1.0,2.89
2022-04-27 14:00:00,156,22.5,1.1,33.0,7.0,1.0,3.04
2022-04-27 14:00:00,159,19.0,3.6,50.0,8.0,0.8,2.33
2022-04-27 14:00:00,184,18.6,3.4,63.0,5.0,1.0,3.37
2022-04-27 15:00:00,105,17.7,3.8,53.0,0.0,1.0,2.8
2022-04-27 15:00:00,108,23.5,3.5,23.0,0.0,1.0,2.97
2022-04-27 15:00:00,112,19.8,2.6,28.0,0.0,1.0,2.92
2022-04-27 15:00:00,119,21.3,3.2,28.0,0.0,1.0,2.8
2022-04-27 15:00:00,133,23.3,1.6,29.0,4.0,1.0,2.92
2022-04-27 15:00:00,143,19.7,5.4,45.0,7.0,0.9,2.33
2022-04-27 15:00:00,146,21.3,2.2,33.0,7.0,1.0,2.71
2022-04-27 15:00:00,156,23.6,1.1,35.0,6.0,1.0,3.11
2022-04-27 15:00:00,159,17.8,3.7,52.0,8.0,0.3,1.61
2022-04-27 15:00:00,184,18.6,4.6,65.0,10.0,1.0,2.81
2022-04-27 16:00:00,105,16.8,4.2,56.0,2.0,1.0,2.25
2022-04-27 16:00:00,108,23.4,2.8,23.0,0.0,1.0,2.41
2022-04-27 16:00:00,112,19.7,3.9,25.0,0.0,1.0,2.41
2022-04-27 16:00:00,119,20.9,3.7,30.0,0.0,1.0,2.21
2022-04-27 16:00:00,133,24.0,1.8,20.0,0.0,1.0,2.39
2022-04-27 16:00:00,143,19.2,6.6,47.0,7.0,1.0,2.22
2022-04-27 16:00:00,146,20.1,3.0,43.0,7.0,1.0,2.15
2022-04-27 16:00:00,156,21.7,1.5,41.0,8.0,0.9,1.8
2022-04-27 16:00:00,159,17.7,4.4,51.0,7.0,0.8,1.78
2022-04-27 16:00:00,184,19.2,5.4,64.0,10.0,1.0,2.21
2022-04-27 17:00:00,105,15.8,5.1,58.0,3.0,1.0,1.57
2022-04-27 17:00:00,108,22.8,3.9,26.0,0.0,1.0,1.75
2022-04-27 17:00:00,112,18.7,4.6,30.0,0.0,1.0,1.73
2022-04-27 17:00:00,119,19.2,4.4,29.0,0.0,1.0,1.59
2022-04-27 17:00:00,133,23.9,1.0,19.0,0.0,1.0,1.67
2022-04-27 17:00:00,143,18.6,5.0,49.0,7.0,0.7,1.19
2022-04-27 17:00:00,146,19.3,3.2,46.0,6.0,1.0,1.51
2022-04-27 17:00:00,156,22.1,1.7,43.0,5.0,1.0,1.74
2022-04-27 17:00:00,159,16.9,3.8,51.0,8.0,0.5,1.27
2022-04-27 17:00:00,184,18.6,5.8,73.0,7.0,1.0,1.46
2022-04-27 18:00:00,105,15.0,3.8,62.0,0.0,0.1,0.58
2022-04-27 18:00:00,108,21.3,3.9,28.0,0.0,1.0,0.93
2022-04-27 18:00:00,112,17.1,3.3,38.0,0.0,1.0,0.99
2022-04-27 18:00:00,119,17.9,3.1,34.0,0.0,1.0,0.88
2022-04-27 18:00:00,133,23.1,2.6,25.0,0.0,1.0,0.9
2022-04-27 18:00:00,143,17.5,4.9,49.0,7.0,0.5,0.8
2022-04-27 18:00:00,146,17.6,3.2,50.0,2.0,1.0,0.86
2022-04-27 18:00:00,156,20.8,1.7,45.0,3.0,1.0,0.97
2022-04-27 18:00:00,159,16.0,3.1,56.0,8.0,0.0,0.6
2022-04-27 18:00:00,184,19.5,2.7,66.0,5.0,1.0,0.96
2022-04-27 19:00:00,105,14.4,3.3,66.0,0.0,0.0,0.18
2022-04-27 19:00:00,108,19.6,3.6,31.0,0.0,0.4,0.31
2022-04-27 19:00:00,112,15.4,3.4,49.0,0.0,0.4,0.31
2022-04-27 19:00:00,119,16.1,3.1,37.0,0.0,0.4,0.25
2022-04-27 19:00:00,133,20.9,2.1,34.0,5.0,0.4,0.28
2022-04-27 19:00:00,143,16.5,2.8,53.0,7.0,0.0,0.29
2022-04-27 19:00:00,146,15.9,3.1,41.0,1.0,0.1,0.21
2022-04-27 19:00:00,156,18.5,1.1,53.0,0.0,0.3,0.29
2022-04-27 19:00:00,159,14.9,3.8,62.0,6.0,0.0,0.17
2022-04-27 19:00:00,184,18.5,3.5,66.0,7.0,0.3,0.2
2022-04-27 20:00:00,105,13.8,2.3,69.0,0.0,0.0,0.0
2022-04-27 20:00:00,108,18.0,2.1,33.0,0.0,0.0,0.01
2022-04-27 20:00:00,112,13.8,3.4,58.0,0.0,0.0,0.01
2022-04-27 20:00:00,119,15.0,1.4,44.0,0.0,0.0,0.0
2022-04-27 20:00:00,133,18.6,1.4,46.0,0.0,0.0,0.01
2022-04-27 20:00:00,143,15.4,3.8,67.0,7.0,0.0,0.0
2022-04-27 20:00:00,146,14.9,1.6,47.0,0.0,0.0,0.01
2022-04-27 20:00:00,156,15.7,1.8,54.0,4.0,0.0,0.05
2022-04-27 20:00:00,159,14.2,3.1,63.0,0.0,0.0,0.0
2022-04-27 20:00:00,184,17.7,2.3,64.0,4.0,0.0,0.01
2022-04-27 21:00:00,105,13.2,1.5,72.0,0.0,,
2022-04-27 21:00:00,108,17.1,3.1,38.0,0.0,,
2022-04-27 21:00:00,112,13.1,3.6,67.0,0.0,,
2022-04-27 21:00:00,119,13.6,1.2,56.0,0.0,,
2022-04-27 21:00:00,133,17.1,0.9,48.0,0.0,,
2022-04-27 21:00:00,143,14.9,2.5,70.0,0.0,,
2022-04-27 21:00:00,146,14.3,0.7,48.0,0.0,,
2022-04-27 21:00:00,156,14.5,1.4,50.0,6.0,,
2022-04-27 21:00:00,159,14.0,3.7,68.0,0.0,,
2022-04-27 21:00:00,184,16.8,2.3,71.0,3.0,,
2022-04-27 22:00:00,105,12.7,1.2,74.0,0.0,,
2022-04-27 22:00:00,108,16.4,2.6,41.0,0.0,,
2022-04-27 22:00:00,112,13.1,2.3,62.0,0.0,,
2022-04-27 22:00:00,119,13.1,0.5,59.0,0.0,,
2022-04-27 22:00:00,133,16.0,1.7,50.0,1.0,,
2022-04-27 22:00:00,143,14.2,2.0,70.0,2.0,,
2022-04-27 22:00:00,146,13.2,1.8,60.0,0.0,,
2022-04-27 22:00:00,156,14.1,2.1,57.0,6.0,,
2022-04-27 22:00:00,159,13.6,3.4,76.0,2.0,,
2022-04-27 22:00:00,184,16.3,2.7,79.0,2.0,,
2022-04-27 23:00:00,105,11.7,1.7,77.0,2.0,,
2022-04-27 23:00:00,108,15.6,2.8,47.0,0.0,,
2022-04-27 23:00:00,112,13.3,2.4,58.0,0.0,,
2022-04-27 23:00:00,119,12.2,0.9,71.0,3.0,,
2022-04-27 23:00:00,133,15.1,0.9,53.0,6.0,,
2022-04-27 23:00:00,143,13.1,2.2,75.0,4.0,,
2022-04-27 23:00:00,146,12.4,1.2,65.0,5.0,,
2022-04-27 23:00:00,156,13.1,1.5,58.0,7.0,,
2022-04-27 23:00:00,159,13.4,2.7,77.0,4.0,,
2022-04-27 23:00:00,184,15.7,2.5,83.0,5.0,,
2022-04-28 00:00:00,105,11.1,1.8,81.0,5.0,,
2022-04-28 00:00:00,108,14.8,1.1,49.0,3.0,,
2022-04-28 00:00:00,112,13.2,1.9,57.0,0.0,,
2022-04-28 00:00:00,119,11.6,1.0,77.0,6.0,,
2022-04-28 00:00:00,133,14.2,2.0,50.0,6.0,,
2022-04-28 00:00:00,143,12.6,1.9,78.0,3.0,,
2022-04-28 00:00:00,146,12.0,1.5,67.0,6.0,,
2022-04-28 00:00:00,156,12.9,1.1,58.0,6.0,,
2022-04-28 00:00:00,159,13.1,2.8,79.0,0.0,,
2022-04-28 00:00:00,184,15.6,2.4,86.0,4.0,,
2022-04-28 01:00:00,105,10.7,1.1,81.0,4.0,,
2022-04-28 01:00:00,108,14.2,1.4,51.0,1.0,,
2022-04-28 01:00:00,112,12.9,2.3,43.0,0.0,,
2022-04-28 01:00:00,119,11.5,1.0,76.0,6.0,,
2022-04-28 01:00:00,133,13.7,1.2,51.0,7.0,,
2022-04-28 01:00:00,143,12.3,2.0,80.0,5.0,,
2022-04-28 01:00:00,146,11.5,0.6,67.0,5.0,,
2022-04-28 01:00:00,156,12.3,0.4,68.0,6.0,,
2022-04-28 01:00:00,159,12.8,2.6,81.0,3.0,,
2022-04-28 01:00:00,184,15.4,1.3,88.0,3.0,,
2022-04-28 02:00:00,105,10.4,0.9,82.0,6.0,,
2022-04-28 02:00:00,108,13.4,1.5,53.0,0.0,,
2022-04-28 02:00:00,112,12.5,2.4,50.0,5.0,,
2022-04-28 02:00:00,119,11.0,1.0,79.0,6.0,,
2022-04-28 02:00:00,133,12.6,0.7,64.0,6.0,,
2022-04-28 02:00:00,143,12.2,2.2,81.0,4.0,,
2022-04-28 02:00:00,146,11.4,0.6,72.0,5.0,,
2022-04-28 02:00:00,156,11.9,0.3,74.0,6.0,,
2022-04-28 02:00:00,159,12.7,2.0,81.0,4.0,,
2022-04-28 02:00:00,184,15.3,1.6,89.0,4.0,,
2022-04-28 03:00:00,105,10.2,0.1,82.0,6.0,,
2022-04-28 03:00:00,108,13.2,1.0,55.0,8.0,,
2022-04-28 03:00:00,112,12.2,3.2,43.0,7.0,,
2022-04-28 03:00:00,119,9.8,0.5,88.0,7.0,,
2022-04-28 03:00:00,133,12.1,1.4,66.0,6.0,,
2022-04-28 03:00:00,143,11.7,1.3,85.0,3.0,,
2022-04-28 03:00:00,146,10.9,0.7,75.0,6.0,,
2022-04-28 03:00:00,156,11.5,0.0,79.0,2.0,,
2022-04-28 03:00:00,159,12.6,2.1,80.0,6.0,,
2022-04-28 03:00:00,184,15.0,1.5,90.0,0.0,,
2022-04-28 04:00:00,105,9.9,0.8,84.0,6.0,,
2022-04-28 04:00:00,108,13.1,1.4,52.0,8.0,,
2022-04-28 04:00:00,112,11.7,2.6,51.0,5.0,,
2022-04-28 04:00:00,119,9.9,0.3,86.0,7.0,,
2022-04-28 04:00:00,133,11.4,1.0,73.0,6.0,,
2022-04-28 04:00:00,143,11.4,1.7,88.0,5.0,,
2022-04-28 04:00:00,146,9.9,0.9,78.0,3.0,,
2022-04-28 04:00:00,156,11.0,0.1,84.0,0.0,,
2022-04-28 04:00:00,159,12.6,2.4,76.0,3.0,,
2022-04-28 04:00:00,184,14.6,2.1,92.0,0.0,,
2022-04-28 05:00:00,105,9.8,1.5,84.0,4.0,,
2022-04-28 05:00:00,108,12.4,1.4,56.0,8.0,,
2022-04-28 05:00:00,112,11.3,2.6,49.0,3.0,,
2022-04-28 05:00:00,119,10.7,0.7,82.0,4.0,,
2022-04-28 05:00:00,133,10.7,0.0,76.0,1.0,,
2022-04-28 05:00:00,143,10.9,1.5,91.0,2.0,,
2022-04-28 05:00:00,146,9.9,0.5,79.0,2.0,,
2022-04-28 05:00:00,156,10.6,0.2,84.0,0.0,,
2022-04-28 05:00:00,159,12.3,2.5,76.0,6.0,,
2022-04-28 05:00:00,184,14.8,2.5,91.0,8.0,,
2022-04-28 06:00:00,105,9.7,1.8,84.0,5.0,0.0,0.02
2022-04-28 06:00:00,108,11.7,2.2,53.0,0.0,0.0,0.0
2022-04-28 06:00:00,112,11.2,2.8,50.0,0.0,0.0,0.0
2022-04-28 06:00:00,119,10.2,0.2,82.0,0.0,0.0,0.0
2022-04-28 06:00:00,133,10.4,0.1,76.0,0.0,0.0,0.0
2022-04-28 06:00:00,143,10.4,1.3,93.0,0.0,0.0,0.02
2022-04-28 06:00:00,146,9.9,1.2,78.0,0.0,0.0,0.0
2022-04-28 06:00:00,156,10.8,0.0,86.0,0.0,0.0,0.05
2022-04-28 06:00:00,159,12.1,2.8,73.0,2.0,0.0,0.0
2022-04-28 06:00:00,184,14.7,2.0,92.0,6.0,0.0,0.0
2022-04-28 07:00:00,105,10.5,1.9,82.0,3.0,0.0,0.21
2022-04-28 07:00:00,108,12.1,2.0,54.0,1.0,0.2,0.27
2022-04-28 07:00:00,112,11.7,1.6,52.0,2.0,0.0,0.25
2022-04-28 07:00:00,119,11.9,0.1,78.0,1.0,0.0,0.23
2022-04-28 07:00:00,133,11.0,1.2,77.0,0.0,0.1,0.26
2022-04-28 07:00:00,143,11.8,0.6,87.0,0.0,0.3,0.37
2022-04-28 07:00:00,146,10.7,0.8,77.0,0.0,0.0,0.25
2022-04-28 07:00:00,156,11.0,0.0,92.0,2.0,0.1,0.31
2022-04-28 07:00:00,159,13.3,2.9,72.0,1.0,0.4,0.29
2022-04-28 07:00:00,184,15.4,2.7,88.0,4.0,0.3,0.17
2022-04-28 08:00:00,105,13.1,3.5,82.0,10.0,0.0,0.37
2022-04-28 08:00:00,108,14.8,2.3,53.0,0.0,1.0,0.82
2022-04-28 08:00:00,112,14.1,3.1,52.0,1.0,0.9,0.81
2022-04-28 08:00:00,119,14.0,2.7,67.0,0.0,1.0,0.79
2022-04-28 08:00:00,133,13.1,1.4,70.0,0.0,1.0,0.84
2022-04-28 08:00:00,143,13.4,1.3,78.0,0.0,1.0,0.97
2022-04-28 08:00:00,146,13.2,0.9,69.0,0.0,1.0,0.83
2022-04-28 08:00:00,156,13.1,0.4,76.0,0.0,1.0,0.92
2022-04-28 08:00:00,159,15.5,2.7,61.0,1.0,1.0,0.89
2022-04-28 08:00:00,184,17.4,3.4,71.0,6.0,0.9,0.9
2022-04-28 09:00:00,105,14.4,2.8,74.0,9.0,0.0,0.6
2022-04-28 09:00:00,108,17.2,2.3,45.0,0.0,1.0,1.54
2022-04-28 09:00:00,112,16.2,2.3,47.0,0.0,1.0,1.52
2022-04-28 09:00:00,119,16.5,2.1,48.0,0.0,1.0,1.48
2022-04-28 09:00:00,133,16.2,1.9,60.0,0.0,1.0,1.52
2022-04-28 09:00:00,143,14.8,1.9,71.0,0.0,1.0,1.69
2022-04-28 09:00:00,146,15.6,1.2,60.0,0.0,1.0,1.53
2022-04-28 09:00:00,156,15.3,0.3,69.0,4.0,1.0,1.69
2022-04-28 09:00:00,159,17.9,2.9,55.0,0.0,1.0,1.75
2022-04-28 09:00:00,184,19.5,3.7,60.0,3.0,1.0,1.57
2022-04-28 10:00:00,105,15.1,3.6,71.0,10.0,0.0,1.18
2022-04-28 10:00:00,108,19.3,2.7,41.0,0.0,1.0,2.2
2022-04-28 10:00:00,112,18.1,1.6,47.0,0.0,1.0,2.21
2022-04-28 10:00:00,119,18.6,1.9,39.0,0.0,1.0,2.16
2022-04-28 10:00:00,133,19.0,3.7,54.0,0.0,1.0,2.2
2022-04-28 10:00:00,143,17.6,4.2,55.0,0.0,1.0,2.32
2022-04-28 10:00:00,146,17.9,0.5,50.0,0.0,1.0,2.17
2022-04-28 10:00:00,156,17.7,0.4,60.0,0.0,1.0,2.38
2022-04-28 10:00:00,159,19.1,3.2,52.0,0.0,1.0,2.46
2022-04-28 10:00:00,184,18.1,6.1,73.0,5.0,1.0,2.27
2022-04-28 11:00:00,105,16.3,2.4,68.0,10.0,0.5,2.26
2022-04-28 11:00:00,108,21.3,2.1,34.0,0.0,1.0,2.78
2022-04-28 11:00:00,112,17.4,3.1,50.0,0.0,1.0,2.69
2022-04-28 11:00:00,119,19.9,2.2,32.0,0.0,1.0,2.68
2022-04-28 11:00:00,133,21.8,4.3,44.0,0.0,1.0,2.73
2022-04-28 11:00:00,143,18.8,5.0,48.0,0.0,1.0,2.84
2022-04-28 11:00:00,146,20.8,1.3,43.0,0.0,1.0,2.71
2022-04-28 11:00:00,156,18.6,1.2,55.0,2.0,1.0,2.76
2022-04-28 11:00:00,159,19.3,3.9,48.0,0.0,1.0,3.0
2022-04-28 11:00:00,184,17.9,7.0,75.0,10.0,0.7,2.4
2022-04-28 12:00:00,105,15.9,1.6,70.0,10.0,0.0,0.92
2022-04-28 12:00:00,108,22.9,1.7,29.0,1.0,1.0,3.14
2022-04-28 12:00:00,112,19.6,2.8,39.0,5.0,1.0,3.04
2022-04-28 12:00:00,119,21.3,1.9,30.0,5.0,1.0,2.99
2022-04-28 12:00:00,133,23.6,3.6,38.0,0.0,1.0,3.07
2022-04-28 12:00:00,143,20.4,4.2,45.0,0.0,1.0,3.14
2022-04-28 12:00:00,146,24.0,1.6,44.0,3.0,1.0,2.97
2022-04-28 12:00:00,156,21.8,0.7,57.0,8.0,0.8,2.89
2022-04-28 12:00:00,159,19.1,3.6,55.0,0.0,1.0,3.31
2022-04-28 12:00:00,184,18.2,7.2,76.0,7.0,0.2,1.82
2022-04-28 13:00:00,105,15.2,3.1,72.0,10.0,0.1,0.93
2022-04-28 13:00:00,108,24.2,2.2,21.0,5.0,1.0,3.29
2022-04-28 13:00:00,112,20.9,2.9,33.0,6.0,1.0,3.16
2022-04-28 13:00:00,119,22.2,2.2,27.0,3.0,1.0,3.11
2022-04-28 13:00:00,133,25.4,3.0,32.0,0.0,1.0,3.15
2022-04-28 13:00:00,143,22.0,3.0,47.0,0.0,1.0,3.21
2022-04-28 13:00:00,146,23.2,3.3,46.0,6.0,0.9,2.97
2022-04-28 13:00:00,156,24.1,1.5,53.0,8.0,0.7,2.61
2022-04-28 13:00:00,159,19.7,3.7,38.0,0.0,1.0,3.42
2022-04-28 13:00:00,184,19.6,7.3,71.0,2.0,1.0,3.53
2022-04-28 14:00:00,105,15.2,1.2,74.0,8.0,0.0,0.61
2022-04-28 14:00:00,108,25.4,2.4,19.0,1.0,1.0,3.15
2022-04-28 14:00:00,112,20.8,4.8,41.0,1.0,1.0,3.09
2022-04-28 14:00:00,119,23.7,2.0,25.0,5.0,1.0,3.08
2022-04-28 14:00:00,133,25.6,0.8,28.0,9.0,0.3,2.35
2022-04-28 14:00:00,143,21.8,4.8,48.0,7.0,0.8,2.73
2022-04-28 14:00:00,146,20.4,4.4,50.0,8.0,0.7,2.47
2022-04-28 14:00:00,156,23.9,3.2,41.0,8.0,0.4,2.07
2022-04-28 14:00:00,159,20.1,3.0,43.0,5.0,0.9,3.2
2022-04-28 14:00:00,184,19.9,7.9,72.0,5.0,1.0,3.15
2022-04-28 15:00:00,105,15.3,1.5,75.0,10.0,0.0,0.54
2022-04-28 15:00:00,108,25.6,3.0,21.0,8.0,1.0,2.69
2022-04-28 15:00:00,112,20.0,3.3,41.0,9.0,0.6,2.18
2022-04-28 15:00:00,119,22.1,4.8,32.0,6.0,1.0,2.44
2022-04-28 15:00:00,133,26.0,2.4,28.0,9.0,0.3,1.98
2022-04-28 15:00:00,143,21.6,4.1,46.0,8.0,0.6,2.14
2022-04-28 15:00:00,146,18.4,4.3,51.0,10.0,0.6,2.07
2022-04-28 15:00:00,156,23.4,2.7,46.0,8.0,0.4,2.04
2022-04-28 15:00:00,159,20.1,3.2,40.0,7.0,0.9,2.75
2022-04-28 15:00:00,184,19.9,5.7,73.0,6.0,0.8,2.53
2022-04-28 16:00:00,105,14.8,1.6,76.0,9.0,0.0,0.25
2022-04-28 16:00:00,108,22.6,5.1,39.0,10.0,0.1,1.2
2022-04-28 16:00:00,112,18.4,2.5,37.0,9.0,0.0,0.96
2022-04-28 16:00:00,119,18.7,4.3,37.0,8.0,0.4,1.43
2022-04-28 16:00:00,133,23.1,3.8,44.0,7.0,0.2,1.59
2022-04-28 16:00:00,143,21.0,3.9,47.0,9.0,0.6,1.67
2022-04-28 16:00:00,146,18.1,3.1,50.0,8.0,0.1,1.29
2022-04-28 16:00:00,156,23.2,2.1,47.0,7.0,0.6,1.81
2022-04-28 16:00:00,159,19.2,2.6,39.0,8.0,0.2,1.66
2022-04-28 16:00:00,184,18.5,7.0,80.0,8.0,0.8,2.23
2022-04-28 17:00:00,105,14.8,2.2,72.0,9.0,0.0,0.21
2022-04-28 17:00:00,108,21.3,4.6,37.0,10.0,0.0,0.68
2022-04-28 17:00:00,112,16.9,3.0,41.0,9.0,0.0,0.85
2022-04-28 17:00:00,119,17.8,3.7,47.0,9.0,0.0,0.85
2022-04-28 17:00:00,133,21.1,4.0,39.0,8.0,0.6,1.33
2022-04-28 17:00:00,143,19.8,4.7,47.0,8.0,0.4,1.2
2022-04-28 17:00:00,146,17.4,1.9,41.0,8.0,0.2,1.04
2022-04-28 17:00:00,156,19.6,1.7,59.0,7.0,0.4,1.16
2022-04-28 17:00:00,159,18.1,3.6,40.0,9.0,0.0,0.87
2022-04-28 17:00:00,184,17.8,6.4,81.0,7.0,0.2,1.0
2022-04-28 18:00:00,105,14.7,2.7,67.0,9.0,0.0,0.32
2022-04-28 18:00:00,108,20.2,3.1,36.0,10.0,0.0,0.44
2022-04-28 18:00:00,112,16.3,1.9,39.0,9.0,0.0,0.47
2022-04-28 18:00:00,119,16.7,2.7,52.0,9.0,0.0,0.44
2022-04-28 18:00:00,133,20.1,1.6,42.0,9.0,0.0,0.37
2022-04-28 18:00:00,143,18.2,5.4,47.0,8.0,0.2,0.66
2022-04-28 18:00:00,146,17.3,0.8,38.0,6.0,0.0,0.5
2022-04-28 18:00:00,156,18.1,0.9,56.0,9.0,0.1,0.61
2022-04-28 18:00:00,159,16.6,4.0,43.0,8.0,0.2,0.71
2022-04-28 18:00:00,184,18.1,4.6,79.0,7.0,0.6,0.76
2022-04-28 19:00:00,105,14.2,2.5,69.0,10.0,0.0,0.06
2022-04-28 19:00:00,108,19.1,2.7,39.0,9.0,0.0,0.13
2022-04-28 19:00:00,112,16.0,2.2,37.0,10.0,0.0,0.11
2022-04-28 19:00:00,119,15.8,1.4,57.0,10.0,0.0,0.05
2022-04-28 19:00:00,133,19.0,1.1,45.0,10.0,0.0,0.08
2022-04-28 19:00:00,143,16.4,5.8,54.0,10.0,0.0,0.14
2022-04-28 19:00:00,146,17.2,0.3,43.0,8.0,0.0,0.14
2022-04-28 19:00:00,156,17.5,0.5,59.0,8.0,0.0,0.18
2022-04-28 19:00:00,159,15.8,3.7,41.0,9.0,0.0,0.15
2022-04-28 19:00:00,184,17.4,4.1,81.0,9.0,0.2,0.17
2022-04-28 20:00:00,105,13.9,2.2,72.0,10.0,0.0,0.0
2022-04-28 20:00:00,108,19.0,2.4,40.0,9.0,0.0,0.01
2022-04-28 20:00:00,112,15.7,1.8,46.0,9.0,0.0,0.01
2022-04-28 20:00:00,119,15.1,1.5,59.0,10.0,0.0,0.0
2022-04-28 20:00:00,133,18.1,2.1,46.0,10.0,0.0,0.01
2022-04-28 20:00:00,143,15.0,7.0,65.0,10.0,0.0,0.0
2022-04-28 20:00:00,146,16.3,1.4,50.0,6.0,0.0,0.0
2022-04-28 20:00:00,156,17.2,2.0,64.0,10.0,0.0,0.06
2022-04-28 20:00:00,159,15.2,4.0,55.0,8.0,0.0,0.0
2022-04-28 20:00:00,184,17.0,4.4,81.0,9.0,0.0,0.0
2022-04-28 21:00:00,105,13.7,1.8,72.0,10.0,,
2022-04-28 21:00:00,108,18.6,3.3,54.0,9.0,,
2022-04-28 21:00:00,112,16.0,2.6,50.0,9.0,,
2022-04-28 21:00:00,119,15.5,0.8,55.0,9.0,,
2022-04-28 21:00:00,133,17.6,1.3,39.0,10.0,,
2022-04-28 21:00:00,143,14.4,6.0,74.0,10.0,,
2022-04-28 21:00:00,146,16.1,1.6,58.0,8.0,,
2022-04-28 21:00:00,156,17.0,2.3,65.0,8.0,,
2022-04-28 21:00:00,159,14.7,4.3,62.0,8.0,,
2022-04-28 21:00:00,184,17.0,3.7,80.0,9.0,,
2022-04-28 22:00:00,105,13.2,1.1,79.0,9.0,,
2022-04-28 22:00:00,108,17.7,5.3,56.0,8.0,,
2022-04-28 22:00:00,112,16.3,3.0,57.0,10.0,,
2022-04-28 22:00:00,119,16.3,1.2,50.0,10.0,,
2022-04-28 22:00:00,133,17.2,0.9,38.0,10.0,,
2022-04-28 22:00:00,143,14.1,7.5,74.0,10.0,,
2022-04-28 22:00:00,146,15.5,1.1,58.0,10.0,,
2022-04-28 22:00:00,156,16.7,1.5,68.0,10.0,,
2022-04-28 22:00:00,159,14.4,4.3,67.0,10.0,,
2022-04-28 22:00:00,184,17.1,3.2,80.0,10.0,,
2022-04-28 23:00:00,105,13.0,0.7,80.0,10.0,,
2022-04-28 23:00:00,108,16.9,3.8,57.0,10.0,,
2022-04-28 23:00:00,112,16.3,2.0,57.0,10.0,,
2022-04-28 23:00:00,119,17.7,3.5,55.0,9.0,,
2022-04-28 23:00:00,133,17.0,2.6,42.0,10.0,,
2022-04-28 23:00:00,143,14.0,6.0,76.0,10.0,,
2022-04-28 23:00:00,146,16.0,0.6,54.0,10.0,,
2022-04-28 23:00:00,156,16.6,0.6,71.0,10.0,,
2022-04-28 23:00:00,159,14.0,5.3,70.0,9.0,,
2022-04-28 23:00:00,184,17.4,2.8,79.0,10.0,,
2022-04-29 00:00:00,105,12.7,1.5,82.0,10.0,,
2022-04-29 00:00:00,108,16.3,3.8,59.0,10.0,,
2022-04-29 00:00:00,112,16.1,4.7,59.0,10.0,,
2022-04-29 00:00:00,119,17.0,2.8,58.0,10.0,,
2022-04-29 00:00:00,133,16.6,3.8,47.0,10.0,,
2022-04-29 00:00:00,143,13.8,5.3,75.0,10.0,,
2022-04-29 00:00:00,146,15.9,0.6,56.0,10.0,,
2022-04-29 00:00:00,156,16.6,1.5,69.0,10.0,,
2022-04-29 00:00:00,159,14.0,5.1,68.0,9.0,,
2022-04-29 00:00:00,184,17.4,2.6,81.0,10.0,,
2022-04-29 01:00:00,105,12.6,0.8,82.0,10.0,,
2022-04-29 01:00:00,108,14.8,4.3,72.0,10.0,,
2022-04-29 01:00:00,112,14.8,3.0,69.0,10.0,,
2022-04-29 01:00:00,119,15.8,1.6,67.0,10.0,,
2022-04-29 01:00:00,133,15.8,3.4,53.0,10.0,,
2022-04-29 01:00:00,143,13.5,4.9,75.0,10.0,,
2022-04-29 01:00:00,146,15.7,0.4,59.0,10.0,,
2022-04-29 01:00:00,156,15.0,1.0,76.0,10.0,,
2022-04-29 01:00:00,159,14.0,4.8,71.0,10.0,,
2022-04-29 01:00:00,184,17.5,3.6,88.0,10.0,,
2022-04-29 02:00:00,105,12.5,2.0,81.0,10.0,,
2022-04-29 02:00:00,108,13.7,2.9,88.0,10.0,,
2022-04-29 02:00:00,112,13.2,3.5,81.0,10.0,,
2022-04-29 02:00:00,119,13.6,1.1,82.0,10.0,,
2022-04-29 02:00:00,133,15.1,3.6,57.0,10.0,,
2022-04-29 02:00:00,143,13.5,3.3,72.0,10.0,,
2022-04-29 02:00:00,146,14.9,1.4,64.0,10.0,,
2022-04-29 02:00:00,156,13.1,2.4,97.0,10.0,,
2022-04-29 02:00:00,159,13.9,4.0,69.0,10.0,,
2022-04-29 02:00:00,184,15.0,7.7,94.0,10.0,,
2022-04-29 03:00:00,105,11.8,3.2,89.0,10.0,,
2022-04-29 03:00:00,108,12.9,4.3,92.0,10.0,,
2022-04-29 03:00:00,112,12.7,2.3,87.0,10.0,,
2022-04-29 03:00:00,119,12.7,3.7,93.0,10.0,,
2022-04-29 03:00:00,133,14.5,5.0,60.0,10.0,,
2022-04-29 03:00:00,143,13.0,4.2,79.0,10.0,,
2022-04-29 03:00:00,146,13.9,1.6,74.0,10.0,,
2022-04-29 03:00:00,156,12.2,1.2,99.0,10.0,,
2022-04-29 03:00:00,159,13.5,4.8,72.0,10.0,,
2022-04-29 03:00:00,184,14.2,6.8,96.0,10.0,,
2022-04-29 04:00:00,105,10.2,3.5,88.0,10.0,,
2022-04-29 04:00:00,108,11.9,3.3,93.0,10.0,,
2022-04-29 04:00:00,112,12.4,2.3,90.0,10.0,,
2022-04-29 04:00:00,119,12.0,1.7,96.0,10.0,,
2022-04-29 04:00:00,133,12.4,1.6,80.0,10.0,,
2022-04-29 04:00:00,143,11.9,1.8,92.0,10.0,,
2022-04-29 04:00:00,146,12.1,2.1,90.0,10.0,,
2022-04-29 04:00:00,156,12.1,0.1,99.0,10.0,,
2022-04-29 04:00:00,159,13.2,3.1,71.0,10.0,,
2022-04-29 04:00:00,184,12.7,6.7,91.0,10.0,,
2022-04-29 05:00:00,105,9.5,2.2,91.0,10.0,,
2022-04-29 05:00:00,108,11.2,4.3,95.0,10.0,,
2022-04-29 05:00:00,112,11.5,3.7,90.0,10.0,,
2022-04-29 05:00:00,119,11.9,1.7,96.0,10.0,,
2022-04-29 05:00:00,133,11.2,1.8,88.0,10.0,,
2022-04-29 05:00:00,143,11.1,1.3,100.0,10.0,,
2022-04-29 05:00:00,146,11.8,1.5,95.0,10.0,,
2022-04-29 05:00:00,156,11.4,0.8,99.0,10.0,,
2022-04-29 05:00:00,159,11.5,5.6,87.0,10.0,,
2022-04-29 05:00:00,184,12.3,4.3,94.0,10.0,,
2022-04-29 06:00:00,105,9.3,2.0,92.0,10.0,0.0,0.0
2022-04-29 06:00:00,108,10.8,4.2,95.0,10.0,0.0,0.0
2022-04-29 06:00:00,112,11.1,3.8,91.0,10.0,0.0,0.0
2022-04-29 06:00:00,119,10.9,2.5,94.0,10.0,0.0,0.0
2022-04-29 06:00:00,133,10.6,2.0,87.0,10.0,0.0,0.0
2022-04-29 06:00:00,143,10.2,1.6,95.0,10.0,0.0,0.0
2022-04-29 06:00:00,146,11.5,1.1,95.0,10.0,0.0,0.0
2022-04-29 06:00:00,156,10.7,1.1,99.0,10.0,0.0,0.06
2022-04-29 06:00:00,159,10.8,2.8,96.0,10.0,0.0,0.0
2022-04-29 06:00:00,184,11.8,4.5,93.0,10.0,0.0,0.0
2022-04-29 07:00:00,105,9.0,0.8,88.0,10.0,0.0,0.03
2022-04-29 07:00:00,108,10.7,4.2,95.0,10.0,0.0,0.04
2022-04-29 07:00:00,112,10.4,4.6,89.0,10.0,0.0,0.04
2022-04-29 07:00:00,119,10.5,3.0,92.0,10.0,0.0,0.0
2022-04-29 07:00:00,133,9.7,2.3,85.0,10.0,0.0,0.02
2022-04-29 07:00:00,143,10.2,2.0,92.0,10.0,0.0,0.09
2022-04-29 07:00:00,146,11.2,1.5,96.0,10.0,0.0,0.02
2022-04-29 07:00:00,156,10.9,0.3,99.0,10.0,0.0,0.09
2022-04-29 07:00:00,159,10.2,4.6,95.0,10.0,0.0,0.03
2022-04-29 07:00:00,184,11.9,4.4,93.0,10.0,0.0,0.0
2022-04-29 08:00:00,105,8.6,1.1,88.0,10.0,0.0,0.07
2022-04-29 08:00:00,108,11.0,3.7,93.0,10.0,0.0,0.24
2022-04-29 08:00:00,112,10.7,4.7,87.0,10.0,0.1,0.28
2022-04-29 08:00:00,119,10.6,3.3,88.0,10.0,0.0,0.15
2022-04-29 08:00:00,133,9.5,2.0,88.0,10.0,0.0,0.14
2022-04-29 08:00:00,143,9.5,1.1,98.0,10.0,0.0,0.13
2022-04-29 08:00:00,146,11.1,2.0,93.0,10.0,0.0,0.13
2022-04-29 08:00:00,156,11.4,0.0,99.0,10.0,0.0,0.18
2022-04-29 08:00:00,159,9.6,5.6,99.0,10.0,0.0,0.05
2022-04-29 08:00:00,184,12.0,4.7,95.0,10.0,0.0,0.03
2022-04-29 09:00:00,105,8.4,1.3,89.0,10.0,0.0,0.17
2022-04-29 09:00:00,108,11.6,3.9,82.0,10.0,0.0,0.75
2022-04-29 09:00:00,112,10.9,3.7,83.0,10.0,0.0,0.58
2022-04-29 09:00:00,119,11.8,4.0,77.0,9.0,0.4,1.07
2022-04-29 09:00:00,133,10.1,2.2,89.0,9.0,0.0,0.5
2022-04-29 09:00:00,143,9.7,1.1,99.0,10.0,0.0,0.22
2022-04-29 09:00:00,146,11.5,1.7,89.0,10.0,0.0,0.5
2022-04-29 09:00:00,156,11.7,0.4,99.0,10.0,0.0,0.19
2022-04-29 09:00:00,159,9.4,3.6,98.0,10.0,0.0,0.27
2022-04-29 09:00:00,184,12.3,3.6,94.0,10.0,0.0,0.11
2022-04-29 10:00:00,105,8.6,2.0,89.0,10.0,0.0,0.33
2022-04-29 10:00:00,108,12.4,5.4,71.0,10.0,0.1,1.46
2022-04-29 10:00:00,112,11.4,3.7,75.0,10.0,0.0,0.68
2022-04-29 10:00:00,119,13.5,4.6,65.0,7.0,0.8,2.36
2022-04-29 10:00:00,133,12.1,1.6,79.0,9.0,0.2,1.58
2022-04-29 10:00:00,143,10.1,1.6,97.0,10.0,0.0,0.63
2022-04-29 10:00:00,146,12.3,1.2,84.0,10.0,0.0,0.79
2022-04-29 10:00:00,156,12.0,1.3,99.0,10.0,0.0,0.36
2022-04-29 10:00:00,159,9.6,5.0,96.0,10.0,0.0,0.34
2022-04-29 10:00:00,184,12.6,3.0,90.0,10.0,0.0,0.34
2022-04-29 11:00:00,105,9.1,2.4,84.0,10.0,0.0,0.6
2022-04-29 11:00:00,108,14.6,4.3,66.0,6.0,0.4,2.31
2022-04-29 11:00:00,112,12.6,3.9,65.0,9.0,0.0,1.66
2022-04-29 11:00:00,119,14.2,2.4,66.0,8.0,0.1,1.49
2022-04-29 11:00:00,133,13.5,3.5,63.0,7.0,0.4,2.12
2022-04-29 11:00:00,143,11.4,3.3,73.0,9.0,0.1,1.4
2022-04-29 11:00:00,146,14.4,1.7,72.0,6.0,0.4,2.13
2022-04-29 11:00:00,156,13.5,1.6,99.0,9.0,0.0,0.93
2022-04-29 11:00:00,159,10.1,4.0,95.0,10.0,0.0,0.75
2022-04-29 11:00:00,184,13.9,2.2,86.0,9.0,0.0,0.83
2022-04-29 12:00:00,105,9.0,2.0,89.0,8.0,0.0,0.51
2022-04-29 12:00:00,108,15.7,3.3,59.0,7.0,0.7,2.77
2022-04-29 12:00:00,112,13.8,3.0,57.0,7.0,0.3,2.11
2022-04-29 12:00:00,119,14.5,2.1,58.0,7.0,0.4,1.77
2022-04-29 12:00:00,133,14.6,3.6,58.0,6.0,0.5,2.37
2022-04-29 12:00:00,143,11.8,3.3,74.0,9.0,0.2,1.72
2022-04-29 12:00:00,146,15.5,1.2,62.0,6.0,0.9,2.9
2022-04-29 12:00:00,156,15.0,1.3,89.0,8.0,0.5,2.32
2022-04-29 12:00:00,159,12.0,4.4,83.0,9.0,0.2,1.94
2022-04-29 12:00:00,184,15.0,2.7,79.0,9.0,0.0,1.68
2022-04-29 13:00:00,105,9.4,2.9,86.0,10.0,0.0,1.03
2022-04-29 13:00:00,108,16.1,3.5,59.0,9.0,0.3,2.17
2022-04-29 13:00:00,112,15.0,2.6,57.0,8.0,0.5,2.46
2022-04-29 13:00:00,119,14.7,2.6,60.0,9.0,0.1,1.1
2022-04-29 13:00:00,133,15.5,4.0,56.0,9.0,0.3,2.19
2022-04-29 13:00:00,143,12.2,3.3,70.0,10.0,0.0,1.23
2022-04-29 13:00:00,146,16.5,3.6,58.0,5.0,0.8,2.61
2022-04-29 13:00:00,156,16.7,1.6,77.0,5.0,0.9,3.16
2022-04-29 13:00:00,159,13.0,4.6,75.0,7.0,0.3,2.18
2022-04-29 13:00:00,184,15.0,2.5,79.0,9.0,0.0,1.2
2022-04-29 14:00:00,105,10.7,2.6,80.0,10.0,0.0,1.37
2022-04-29 14:00:00,108,15.5,2.5,56.0,9.0,0.0,0.95
2022-04-29 14:00:00,112,14.6,3.1,56.0,9.0,0.1,1.18
2022-04-29 14:00:00,119,15.2,1.8,58.0,9.0,0.1,0.87
2022-04-29 14:00:00,133,16.0,2.3,53.0,9.0,0.1,1.76
2022-04-29 14:00:00,143,12.6,2.4,68.0,10.0,0.0,1.05
2022-04-29 14:00:00,146,17.6,2.5,52.0,6.0,1.0,3.29
2022-04-29 14:00:00,156,17.8,0.8,64.0,7.0,0.7,2.67
2022-04-29 14:00:00,159,12.1,5.6,77.0,9.0,0.2,1.56
2022-04-29 14:00:00,184,14.3,3.3,83.0,9.0,0.0,0.55
2022-04-29 15:00:00,105,10.2,2.2,83.0,10.0,0.0,1.2
2022-04-29 15:00:00,108,15.7,2.3,56.0,9.0,0.0,1.0
2022-04-29 15:00:00,112,15.0,2.2,56.0,9.0,0.0,0.83
2022-04-29 15:00:00,119,15.1,1.4,60.0,9.0,0.0,0.76
2022-04-29 15:00:00,133,15.5,2.2,54.0,9.0,0.0,1.09
2022-04-29 15:00:00,143,12.0,3.7,72.0,9.0,0.0,0.56
2022-04-29 15:00:00,146,17.5,2.9,52.0,6.0,1.0,3.03
2022-04-29 15:00:00,156,18.9,1.2,60.0,7.0,0.7,2.4
2022-04-29 15:00:00,159,12.4,3.8,69.0,9.0,0.1,1.29
2022-04-29 15:00:00,184,14.3,3.8,86.0,9.0,0.0,0.39
2022-04-29 16:00:00,105,10.7,3.0,80.0,10.0,0.0,0.86
2022-04-29 16:00:00,108,15.9,3.0,58.0,9.0,0.0,0.66
2022-04-29 16:00:00,112,15.0,3.3,55.0,9.0,0.0,0.77
2022-04-29 16:00:00,119,15.1,1.3,55.0,9.0,0.0,0.69
2022-04-29 16:00:00,133,14.9,2.2,57.0,9.0,0.0,0.44
2022-04-29 16:00:00,143,12.5,3.2,67.0,9.0,0.1,0.65
2022-04-29 16:00:00,146,16.5,2.9,53.0,7.0,0.8,2.03
2022-04-29 16:00:00,156,18.2,2.0,60.0,8.0,0.1,0.95
2022-04-29 16:00:00,159,12.5,5.0,70.0,9.0,0.3,1.38
2022-04-29 16:00:00,184,14.6,3.9,86.0,9.0,0.0,0.54
2022-04-29 17:00:00,105,9.9,2.6,85.0,10.0,0.0,0.26
2022-04-29 17:00:00,108,15.4,3.0,59.0,9.0,0.0,0.42
2022-04-29 17:00:00,112,14.7,3.2,55.0,9.0,0.0,0.49
2022-04-29 17:00:00,119,15.1,1.9,55.0,9.0,0.0,0.51
2022-04-29 17:00:00,133,14.8,1.5,59.0,9.0,0.0,0.41
2022-04-29 17:00:00,143,12.2,4.4,68.0,9.0,0.3,0.94
2022-04-29 17:00:00,146,16.6,2.2,54.0,7.0,0.6,1.26
2022-04-29 17:00:00,156,18.8,1.3,57.0,7.0,0.5,1.22
2022-04-29 17:00:00,159,11.7,5.1,71.0,9.0,0.0,0.4
2022-04-29 17:00:00,184,14.2,3.0,89.0,9.0,0.0,0.35
2022-04-29 18:00:00,105,9.4,2.6,89.0,10.0,0.0,0.23
2022-04-29 18:00:00,108,15.0,2.3,58.0,9.0,0.0,0.22
2022-04-29 18:00:00,112,14.5,2.6,55.0,9.0,0.0,0.26
2022-04-29 18:00:00,119,15.0,2.0,53.0,9.0,0.0,0.28
2022-04-29 18:00:00,133,14.5,2.5,60.0,9.0,0.0,0.32
2022-04-29 18:00:00,143,11.9,4.3,71.0,6.0,0.0,0.4
2022-04-29 18:00:00,146,15.6,2.6,54.0,9.0,0.0,0.51
2022-04-29 18:00:00,156,17.4,2.1,59.0,9.0,0.9,1.1
2022-04-29 18:00:00,159,10.9,3.4,77.0,9.0,0.0,0.12
2022-04-29 18:00:00,184,13.9,3.1,89.0,10.0,0.0,0.16
2022-04-29 19:00:00,105,9.3,2.0,88.0,10.0,0.0,0.18
2022-04-29 19:00:00,108,14.7,2.4,59.0,10.0,0.0,0.09
2022-04-29 19:00:00,112,14.3,4.0,54.0,10.0,0.0,0.15
2022-04-29 19:00:00,119,15.0,1.4,51.0,10.0,0.0,0.05
2022-04-29 19:00:00,133,13.9,2.7,62.0,9.0,0.0,0.06
2022-04-29 19:00:00,143,11.2,3.4,77.0,9.0,0.0,0.16
2022-04-29 19:00:00,146,14.8,1.8,55.0,5.0,0.0,0.18
2022-04-29 19:00:00,156,15.8,2.2,67.0,6.0,0.7,0.38
2022-04-29 19:00:00,159,10.5,3.7,80.0,2.0,0.0,0.04
2022-04-29 19:00:00,184,13.7,2.9,90.0,9.0,0.0,0.05
2022-04-29 20:00:00,105,9.1,1.1,87.0,7.0,0.0,0.0
2022-04-29 20:00:00,108,14.4,2.7,57.0,9.0,0.0,0.0
2022-04-29 20:00:00,112,14.1,2.6,54.0,9.0,0.0,0.01
2022-04-29 20:00:00,119,14.7,2.3,53.0,9.0,0.0,0.0
2022-04-29 20:00:00,133,13.5,3.6,64.0,9.0,0.0,0.01
2022-04-29 20:00:00,143,10.8,1.8,77.0,8.0,0.0,0.0
2022-04-29 20:00:00,146,14.0,1.8,57.0,9.0,0.0,0.0
2022-04-29 20:00:00,156,14.8,1.2,76.0,10.0,0.0,0.06
2022-04-29 20:00:00,159,10.5,3.3,82.0,10.0,0.0,0.0
2022-04-29 20:00:00,184,13.7,2.0,94.0,10.0,0.0,0.0
2022-04-29 21:00:00,105,9.1,0.8,89.0,9.0,,
2022-04-29 21:00:00,108,13.9,3.6,58.0,9.0,,
2022-04-29 21:00:00,112,13.3,3.8,59.0,8.0,,
2022-04-29 21:00:00,119,14.7,2.4,53.0,9.0,,
2022-04-29 21:00:00,133,13.1,3.5,64.0,9.0,,
2022-04-29 21:00:00,143,10.8,1.4,78.0,8.0,,
2022-04-29 21:00:00,146,12.9,0.9,63.0,0.0,,
2022-04-29 21:00:00,156,14.5,2.1,88.0,10.0,,
2022-04-29 21:00:00,159,10.3,3.3,84.0,9.0,,
2022-04-29 21:00:00,184,13.7,1.5,90.0,10.0,,
2022-04-29 22:00:00,105,9.1,1.0,90.0,9.0,,
2022-04-29 22:00:00,108,13.0,3.1,62.0,6.0,,
2022-04-29 22:00:00,112,12.9,1.7,61.0,8.0,,
2022-04-29 22:00:00,119,14.0,2.3,55.0,9.0,,
2022-04-29 22:00:00,133,12.8,4.0,64.0,0.0,,
2022-04-29 22:00:00,143,10.8,0.8,77.0,9.0,,
2022-04-29 22:00:00,146,12.7,0.7,63.0,1.0,,
2022-04-29 22:00:00,156,14.0,2.5,86.0,10.0,,
2022-04-29 22:00:00,159,10.3,2.8,84.0,9.0,,
2022-04-29 22:00:00,184,14.1,1.7,81.0,9.0,,
2022-04-29 23:00:00,105,9.0,1.4,90.0,10.0,,
2022-04-29 23:00:00,108,12.3,2.5,63.0,6.0,,
2022-04-29 23:00:00,112,11.8,1.7,65.0,6.0,,
2022-04-29 23:00:00,119,13.2,3.5,58.0,10.0,,
2022-04-29 23:00:00,133,12.5,3.7,64.0,9.0,,
2022-04-29 23:00:00,143,10.8,0.9,75.0,9.0,,
2022-04-29 23:00:00,146,12.6,0.9,65.0,5.0,,
2022-04-29 23:00:00,156,13.6,2.8,87.0,9.0,,
2022-04-29 23:00:00,159,10.4,4.0,81.0,9.0,,
2022-04-29 23:00:00,184,13.9,2.8,83.0,9.0,,
2022-04-30 00:00:00,105,8.5,1.5,90.0,4.0,,
2022-04-30 00:00:00,108,11.6,3.3,65.0,6.0,,
2022-04-30 00:00:00,112,11.8,2.5,63.0,7.0,,
2022-04-30 00:00:00,119,12.7,3.2,59.0,9.0,,
2022-04-30 00:00:00,133,12.2,3.5,65.0,9.0,,
2022-04-30 00:00:00,143,10.8,1.7,77.0,8.0,,
2022-04-30 00:00:00,146,12.5,0.7,70.0,9.0,,
2022-04-30 00:00:00,156,13.4,2.4,85.0,10.0,,
2022-04-30 00:00:00,159,10.6,3.3,79.0,9.0,,
2022-04-30 00:00:00,184,13.7,2.6,82.0,7.0,,
2022-04-30 01:00:00,105,7.8,1.5,90.0,3.0,,
2022-04-30 01:00:00,108,11.1,3.5,66.0,6.0,,
2022-04-30 01:00:00,112,12.0,2.8,60.0,9.0,,
2022-04-30 01:00:00,119,12.4,3.6,60.0,10.0,,
2022-04-30 01:00:00,133,11.5,3.4,68.0,6.0,,
2022-04-30 01:00:00,143,10.5,0.9,77.0,9.0,,
2022-04-30 01:00:00,146,12.1,1.3,72.0,8.0,,
2022-04-30 01:00:00,156,13.0,1.1,73.0,9.0,,
2022-04-30 01:00:00,159,10.5,2.9,78.0,4.0,,
2022-04-30 01:00:00,184,13.7,1.8,80.0,9.0,,
2022-04-30 02:00:00,105,7.2,1.4,89.0,1.0,,
2022-04-30 02:00:00,108,10.5,2.9,69.0,9.0,,
2022-04-30 02:00:00,112,11.6,2.2,60.0,6.0,,
2022-04-30 02:00:00,119,12.1,3.1,60.0,9.0,,
2022-04-30 02:00:00,133,11.2,2.0,70.0,5.0,,
2022-04-30 02:00:00,143,10.5,0.3,76.0,6.0,,
2022-04-30 02:00:00,146,12.0,1.3,71.0,7.0,,
2022-04-30 02:00:00,156,12.7,2.0,73.0,10.0,,
2022-04-30 02:00:00,159,10.4,3.5,81.0,9.0,,
2022-04-30 02:00:00,184,13.6,1.4,78.0,8.0,,
2022-04-30 03:00:00,105,6.7,1.2,90.0,1.0,,
2022-04-30 03:00:00,108,10.8,2.9,68.0,9.0,,
2022-04-30 03:00:00,112,11.4,2.1,61.0,8.0,,
2022-04-30 03:00:00,119,11.7,2.1,62.0,9.0,,
2022-04-30 03:00:00,133,10.6,1.6,70.0,3.0,,
2022-04-30 03:00:00,143,10.4,0.9,79.0,7.0,,
2022-04-30 03:00:00,146,12.1,1.2,73.0,9.0,,
2022-04-30 03:00:00,156,12.5,1.9,71.0,8.0,,
2022-04-30 03:00:00,159,10.6,3.9,75.0,9.0,,
2022-04-30 03:00:00,184,13.6,1.8,79.0,8.0,,
2022-04-30 04:00:00,105,6.4,1.2,90.0,3.0,,
2022-04-30 04:00:00,108,11.0,2.2,67.0,9.0,,
2022-04-30 04:00:00,112,11.3,1.0,61.0,9.0,,
2022-04-30 04:00:00,119,11.7,2.1,62.0,9.0,,
2022-04-30 04:00:00,133,10.1,0.7,79.0,9.0,,
2022-04-30 04:00:00,143,10.2,1.7,80.0,8.0,,
2022-04-30 04:00:00,146,12.5,0.7,70.0,9.0,,
2022-04-30 04:00:00,156,12.3,2.3,72.0,8.0,,
2022-04-30 04:00:00,159,10.6,2.9,73.0,9.0,,
2022-04-30 04:00:00,184,13.5,2.3,82.0,8.0,,
2022-04-30 05:00:00,105,6.1,1.3,91.0,3.0,,
2022-04-30 05:00:00,108,10.9,2.5,68.0,9.0,,
2022-04-30 05:00:00,112,11.3,3.6,62.0,9.0,,
2022-04-30 05:00:00,119,11.4,2.2,64.0,9.0,,
2022-04-30 05:00:00,133,10.6,3.3,67.0,9.0,,
2022-04-30 05:00:00,143,10.3,1.1,77.0,8.0,,
2022-04-30 05:00:00,146,12.6,1.1,71.0,9.0,,
2022-04-30 05:00:00,156,12.2,0.6,71.0,8.0,,
2022-04-30 05:00:00,159,10.4,0.5,74.0,7.0,,
2022-04-30 05:00:00,184,13.4,1.3,83.0,8.0,,
2022-04-30 06:00:00,105,6.2,0.8,90.0,3.0,0.0,0.02
2022-04-30 06:00:00,108,10.9,1.3,70.0,9.0,0.0,0.0
2022-04-30 06:00:00,112,11.2,2.3,63.0,9.0,0.0,0.0
2022-04-30 06:00:00,119,11.4,1.4,65.0,9.0,0.0,0.0
2022-04-30 06:00:00,133,10.8,3.3,66.0,6.0,0.0,0.0
2022-04-30 06:00:00,143,10.1,1.5,79.0,9.0,0.0,0.0
2022-04-30 06:00:00,146,12.4,1.0,72.0,9.0,0.0,0.0
2022-04-30 06:00:00,156,12.1,1.8,73.0,9.0,0.0,0.06
2022-04-30 06:00:00,159,10.6,0.0,76.0,9.0,0.0,0.0
2022-04-30 06:00:00,184,13.3,1.3,84.0,8.0,0.0,0.0
2022-04-30 07:00:00,105,7.7,1.7,87.0,2.0,0.8,0.45
2022-04-30 07:00:00,108,11.4,2.2,67.0,9.0,0.0,0.08
2022-04-30 07:00:00,112,11.5,2.9,64.0,9.0,0.0,0.13
2022-04-30 07:00:00,119,11.7,1.5,66.0,9.0,0.0,0.04
2022-04-30 07:00:00,133,11.2,3.0,64.0,8.0,0.0,0.16
2022-04-30 07:00:00,143,10.6,1.3,77.0,9.0,0.0,0.2
2022-04-30 07:00:00,146,12.5,0.8,72.0,9.0,0.0,0.04
2022-04-30 07:00:00,156,12.5,0.7,70.0,9.0,0.0,0.21
2022-04-30 07:00:00,159,11.2,2.4,75.0,9.0,0.0,0.11
2022-04-30 07:00:00,184,13.6,2.0,83.0,8.0,0.0,0.03
2022-04-30 08:00:00,105,10.1,1.5,86.0,4.0,1.0,1.05
2022-04-30 08:00:00,108,12.2,1.4,65.0,9.0,0.0,0.32
2022-04-30 08:00:00,112,12.3,4.2,61.0,9.0,0.0,0.5
2022-04-30 08:00:00,119,12.2,2.7,64.0,9.0,0.0,0.41
2022-04-30 08:00:00,133,12.1,2.0,61.0,7.0,0.1,0.6
2022-04-30 08:00:00,143,11.3,2.4,71.0,8.0,0.1,0.72
2022-04-30 08:00:00,146,12.9,1.0,70.0,9.0,0.0,0.18
2022-04-30 08:00:00,156,13.5,0.4,71.0,9.0,0.0,0.63
2022-04-30 08:00:00,159,12.1,2.7,73.0,9.0,0.0,0.51
2022-04-30 08:00:00,184,14.5,2.4,75.0,9.0,0.0,0.33
2022-04-30 09:00:00,105,12.5,1.6,71.0,6.0,0.9,1.47
2022-04-30 09:00:00,108,13.3,1.4,64.0,9.0,0.0,0.7
2022-04-30 09:00:00,112,13.3,3.3,58.0,8.0,0.1,1.09
2022-04-30 09:00:00,119,13.3,1.6,64.0,9.0,0.1,0.88
2022-04-30 09:00:00,133,13.8,1.6,55.0,7.0,0.5,1.22
2022-04-30 09:00:00,143,13.1,2.1,61.0,3.0,0.9,1.84
2022-04-30 09:00:00,146,13.9,0.7,71.0,9.0,0.0,0.56
2022-04-30 09:00:00,156,14.2,0.6,67.0,9.0,0.2,1.17
2022-04-30 09:00:00,159,14.4,2.3,66.0,9.0,0.1,1.18
2022-04-30 09:00:00,184,15.8,2.8,68.0,9.0,0.0,1.0
2022-04-30 10:00:00,105,14.8,1.4,59.0,10.0,0.7,1.91
2022-04-30 10:00:00,108,14.9,1.3,58.0,9.0,0.0,1.45
2022-04-30 10:00:00,112,14.0,3.7,58.0,9.0,0.3,1.68
2022-04-30 10:00:00,119,14.5,2.8,58.0,9.0,0.3,1.55
2022-04-30 10:00:00,133,14.4,1.8,58.0,8.0,0.3,1.55
2022-04-30 10:00:00,143,14.5,1.9,54.0,8.0,0.9,2.24
2022-04-30 10:00:00,146,14.3,1.4,74.0,9.0,0.0,0.98
2022-04-30 10:00:00,156,14.8,0.9,62.0,9.0,0.0,1.14
2022-04-30 10:00:00,159,16.3,1.6,55.0,8.0,0.7,2.23
2022-04-30 10:00:00,184,16.7,4.3,66.0,8.0,0.3,1.76
2022-04-30 11:00:00,105,16.0,2.2,51.0,10.0,0.1,1.89
2022-04-30 11:00:00,108,16.3,2.4,57.0,8.0,0.1,1.79
2022-04-30 11:00:00,112,14.9,3.5,57.0,9.0,0.3,2.06
2022-04-30 11:00:00,119,15.5,2.5,55.0,7.0,0.7,2.21
2022-04-30 11:00:00,133,15.0,1.7,60.0,9.0,0.0,1.15
2022-04-30 11:00:00,143,16.3,1.4,49.0,9.0,0.8,2.62
2022-04-30 11:00:00,146,14.8,1.7,73.0,9.0,0.1,0.99
2022-04-30 11:00:00,156,16.5,1.9,63.0,9.0,0.2,1.84
2022-04-30 11:00:00,159,14.8,2.9,58.0,9.0,0.1,1.23
2022-04-30 11:00:00,184,17.2,4.5,63.0,7.0,0.6,2.54
2022-04-30 12:00:00,105,16.8,2.6,48.0,8.0,0.6,2.54
2022-04-30 12:00:00,108,16.6,3.7,55.0,8.0,0.2,1.73
2022-04-30 12:00:00,112,15.2,4.0,62.0,3.0,1.0,3.11
2022-04-30 12:00:00,119,15.7,3.6,55.0,6.0,0.5,2.07
2022-04-30 12:00:00,133,16.2,1.4,50.0,9.0,0.0,1.67
2022-04-30 12:00:00,143,15.9,1.6,50.0,9.0,0.4,2.25
2022-04-30 12:00:00,146,14.3,3.3,73.0,9.0,0.1,1.0
2022-04-30 12:00:00,156,15.7,0.9,63.0,9.0,0.0,1.51
2022-04-30 12:00:00,159,15.7,3.2,58.0,8.0,0.0,2.0
2022-04-30 12:00:00,184,17.1,5.0,65.0,7.0,0.7,2.78
2022-04-30 13:00:00,105,17.3,1.6,53.0,9.0,0.3,2.0
2022-04-30 13:00:00,108,16.8,3.0,55.0,8.0,0.1,1.2
2022-04-30 13:00:00,112,16.0,2.5,65.0,4.0,1.0,3.37
2022-04-30 13:00:00,119,16.5,4.2,52.0,7.0,0.5,1.75
2022-04-30 13:00:00,133,17.0,1.6,52.0,9.0,0.1,1.75
2022-04-30 13:00:00,143,16.7,1.7,47.0,9.0,0.1,1.86
2022-04-30 13:00:00,146,14.7,2.0,69.0,9.0,0.0,0.6
2022-04-30 13:00:00,156,14.6,1.4,73.0,9.0,0.0,0.8
2022-04-30 13:00:00,159,16.0,3.2,60.0,9.0,0.2,2.07
2022-04-30 13:00:00,184,17.5,5.4,62.0,7.0,1.0,3.64
2022-04-30 14:00:00,105,18.3,2.0,51.0,9.0,0.5,2.39
2022-04-30 14:00:00,108,16.9,4.5,53.0,9.0,0.4,2.18
2022-04-30 14:00:00,112,15.0,5.1,63.0,7.0,0.7,2.8
2022-04-30 14:00:00,119,17.1,3.8,47.0,8.0,0.9,2.59
2022-04-30 14:00:00,133,17.9,1.7,49.0,9.0,0.1,1.61
2022-04-30 14:00:00,143,17.2,1.7,47.0,8.0,0.4,2.18
2022-04-30 14:00:00,146,15.8,3.1,64.0,9.0,0.2,1.25
2022-04-30 14:00:00,156,15.1,1.1,78.0,8.0,0.0,0.56
2022-04-30 14:00:00,159,15.6,3.0,64.0,8.0,0.1,1.81
2022-04-30 14:00:00,184,17.3,4.8,65.0,6.0,1.0,3.65
2022-04-30 15:00:00,105,17.7,2.2,51.0,9.0,0.7,2.42
2022-04-30 15:00:00,108,15.8,5.5,62.0,9.0,0.0,0.8
2022-04-30 15:00:00,112,13.5,3.9,66.0,9.0,0.0,1.34
2022-04-30 15:00:00,119,16.3,5.0,59.0,7.0,1.0,2.23
2022-04-30 15:00:00,133,18.0,1.9,50.0,9.0,0.2,1.31
2022-04-30 15:00:00,143,18.3,1.4,45.0,8.0,0.5,1.99
2022-04-30 15:00:00,146,16.4,3.7,63.0,6.0,0.5,1.84
2022-04-30 15:00:00,156,14.9,1.3,74.0,9.0,0.0,0.63
2022-04-30 15:00:00,159,15.5,3.9,62.0,8.0,0.2,1.82
2022-04-30 15:00:00,184,17.4,4.3,63.0,6.0,1.0,2.81
2022-04-30 16:00:00,105,18.3,2.3,51.0,8.0,0.8,2.04
2022-04-30 16:00:00,108,14.8,4.0,64.0,10.0,0.0,0.94
2022-04-30 16:00:00,112,12.9,3.8,68.0,9.0,0.0,0.69
2022-04-30 16:00:00,119,14.3,6.2,64.0,10.0,0.8,1.95
2022-04-30 16:00:00,133,17.2,2.5,54.0,9.0,0.0,1.08
2022-04-30 16:00:00,143,18.1,1.8,48.0,8.0,0.3,1.27
2022-04-30 16:00:00,146,15.4,3.9,69.0,7.0,0.9,2.13
2022-04-30 16:00:00,156,16.5,1.5,66.0,6.0,0.4,1.62
2022-04-30 16:00:00,159,16.0,2.4,53.0,3.0,0.7,2.12
2022-04-30 16:00:00,184,17.5,3.4,63.0,5.0,0.9,2.29
2022-04-30 17:00:00,105,17.2,1.3,54.0,9.0,0.2,0.8
2022-04-30 17:00:00,108,14.8,3.4,64.0,9.0,0.0,0.54
2022-04-30 17:00:00,112,11.9,6.5,72.0,10.0,0.0,0.54
2022-04-30 17:00:00,119,14.0,3.1,68.0,10.0,0.0,1.05
2022-04-30 17:00:00,133,16.7,2.2,55.0,7.0,0.0,0.49
2022-04-30 17:00:00,143,17.6,3.0,50.0,8.0,0.1,0.87
2022-04-30 17:00:00,146,14.3,3.0,72.0,7.0,0.6,1.28
2022-04-30 17:00:00,156,16.1,1.6,65.0,5.0,1.0,1.81
2022-04-30 17:00:00,159,15.0,2.8,64.0,7.0,0.9,1.42
2022-04-30 17:00:00,184,16.6,2.4,60.0,7.0,0.5,1.38
2022-04-30 18:00:00,105,16.7,2.6,50.0,10.0,0.0,0.05
2022-04-30 18:00:00,108,13.6,5.5,68.0,9.0,0.0,0.51
2022-04-30 18:00:00,112,11.6,4.2,73.0,9.0,0.0,0.58
2022-04-30 18:00:00,119,13.5,4.4,69.0,9.0,0.0,0.5
2022-04-30 18:00:00,133,16.3,2.9,53.0,7.0,0.1,0.59
2022-04-30 18:00:00,143,17.8,2.9,50.0,7.0,0.1,0.52
2022-04-30 18:00:00,146,13.0,2.5,77.0,8.0,0.1,0.52
2022-04-30 18:00:00,156,14.8,0.6,73.0,4.0,0.9,0.87
2022-04-30 18:00:00,159,14.0,3.1,71.0,7.0,0.1,0.6
2022-04-30 18:00:00,184,16.0,2.8,65.0,8.0,0.0,0.58
2022-04-30 19:00:00,105,16.4,2.1,50.0,10.0,0.0,0.03
2022-04-30 19:00:00,108,12.6,3.0,72.0,9.0,0.0,0.27
2022-04-30 19:00:00,112,11.3,3.1,78.0,8.0,0.0,0.26
2022-04-30 19:00:00,119,11.2,2.3,82.0,9.0,0.0,0.13
2022-04-30 19:00:00,133,15.1,2.4,58.0,8.0,0.0,0.22
2022-04-30 19:00:00,143,17.1,2.6,52.0,9.0,0.0,0.2
2022-04-30 19:00:00,146,12.3,2.3,79.0,9.0,0.0,0.12
2022-04-30 19:00:00,156,13.3,1.1,76.0,8.0,0.0,0.27
2022-04-30 19:00:00,159,13.4,2.8,74.0,9.0,0.0,0.19
2022-04-30 19:00:00,184,15.1,3.1,75.0,10.0,0.0,0.14
2022-04-30 20:00:00,105,15.9,2.1,49.0,10.0,0.0,0.0
2022-04-30 20:00:00,108,12.0,2.6,79.0,8.0,0.0,0.01
2022-04-30 20:00:00,112,10.8,3.4,80.0,8.0,0.0,0.02
2022-04-30 20:00:00,119,11.0,2.4,83.0,9.0,0.0,0.0
2022-04-30 20:00:00,133,13.9,2.0,62.0,9.0,0.0,0.01
2022-04-30 20:00:00,143,16.7,2.4,54.0,9.0,0.0,0.0
2022-04-30 20:00:00,146,11.9,2.1,80.0,10.0,0.0,0.0
2022-04-30 20:00:00,156,12.8,1.4,82.0,10.0,0.0,0.05
2022-04-30 20:00:00,159,13.3,3.3,72.0,8.0,0.0,0.0
2022-04-30 20:00:00,184,14.3,3.2,77.0,10.0,0.0,0.0
2022-04-30 21:00:00,105,15.1,2.0,49.0,8.0,,
2022-04-30 21:00:00,108,11.7,2.4,83.0,8.0,,
2022-04-30 21:00:00,112,10.7,2.4,84.0,9.0,,
2022-04-30 21:00:00,119,10.7,2.5,82.0,8.0,,
2022-04-30 21:00:00,133,12.9,3.2,66.0,9.0,,
2022-04-30 21:00:00,143,16.4,3.2,57.0,9.0,,
2022-04-30 21:00:00,146,11.5,2.6,80.0,9.0,,
2022-04-30 21:00:00,156,12.1,0.9,88.0,9.0,,
2022-04-30 21:00:00,159,13.2,2.9,76.0,9.0,,
2022-04-30 21:00:00,184,13.9,3.9,78.0,8.0,,
2022-04-30 22:00:00,105,14.2,1.2,51.0,7.0,,
2022-04-30 22:00:00,108,11.4,3.3,86.0,7.0,,
2022-04-30 22:00:00,112,10.7,2.7,84.0,7.0,,
2022-04-30 22:00:00,119,10.8,2.6,84.0,9.0,,
2022-04-30 22:00:00,133,12.2,2.0,68.0,9.0,,
2022-04-30 22:00:00,143,15.7,3.2,61.0,10.0,,
2022-04-30 22:00:00,146,10.8,2.4,77.0,10.0,,
2022-04-30 22:00:00,156,11.6,0.9,89.0,10.0,,
2022-04-30 22:00:00,159,13.1,2.5,77.0,10.0,,
2022-04-30 22:00:00,184,13.7,3.1,79.0,10.0,,
2022-04-30 23:00:00,105,13.6,2.4,52.0,8.0,,
2022-04-30 23:00:00,108,11.3,3.1,86.0,6.0,,
2022-04-30 23:00:00,112,10.7,2.8,69.0,6.0,,
2022-04-30 23:00:00,119,10.2,1.8,88.0,6.0,,
2022-04-30 23:00:00,133,11.7,2.0,70.0,10.0,,
2022-04-30 23:00:00,143,15.1,3.8,60.0,10.0,,
2022-04-30 23:00:00,146,10.6,1.7,77.0,10.0,,
2022-04-30 23:00:00,156,11.3,1.3,88.0,10.0,,
2022-04-30 23:00:00,159,13.2,2.7,74.0,10.0,,
2022-04-30 23:00:00,184,13.5,3.2,80.0,10.0,,
