TM,STN,TA,WS,HM,CA_TOT,SS,SI
2023-12-01 00:00:00,105,-1.5,2.9,37.0,1.0,,
2023-12-01 00:00:00,108,-5.0,2.1,64.0,0.0,,
2023-12-01 00:00:00,112,-4.7,2.9,65.0,0.0,,
2023-12-01 00:00:00,119,-4.2,2.1,65.0,0.0,,
2023-12-01 00:00:00,133,-3.4,1.2,70.0,4.0,,
2023-12-01 00:00:00,143,-1.0,2.3,55.0,0.0,,
2023-12-01 00:00:00,146,-0.1,0.5,60.0,9.0,,
2023-12-01 00:00:00,156,-1.0,1.6,76.0,1.0,,
2023-12-01 00:00:00,159,0.2,2.7,36.0,1.0,,
2023-12-01 00:00:00,184,5.6,4.1,72.0,10.0,,
2023-12-01 01:00:00,105,-1.6,4.1,37.0,1.0,,
2023-12-01 01:00:00,108,-5.5,2.3,64.0,0.0,,
2023-12-01 01:00:00,112,-5.0,3.0,65.0,0.0,,
2023-12-01 01:00:00,119,-4.8,1.5,66.0,0.0,,
2023-12-01 01:00:00,133,-3.7,1.2,73.0,0.0,,
2023-12-01 01:00:00,143,-1.1,2.9,56.0,0.0,,
2023-12-01 01:00:00,146,-0.4,1.2,61.0,6.0,,
2023-12-01 01:00:00,156,0.0,1.0,72.0,2.0,,
2023-12-01 01:00:00,159,-0.1,2.7,39.0,6.0,,
2023-12-01 01:00:00,184,5.4,3.1,76.0,10.0,,
2023-12-01 02:00:00,105,-1.5,3.5,37.0,1.0,,
2023-12-01 02:00:00,108,-5.6,3.4,66.0,0.0,,
2023-12-01 02:00:00,112,-5.2,3.4,64.0,0.0,,
2023-12-01 02:00:00,119,-5.4,2.1,69.0,0.0,,
2023-12-01 02:00:00,133,-4.5,1.3,78.0,0.0,,
2023-12-01 02:00:00,143,-1.1,4.1,57.0,0.0,,
2023-12-01 02:00:00,146,-0.1,0.7,63.0,10.0,,
2023-12-01 02:00:00,156,0.0,1.1,72.0,9.0,,
2023-12-01 02:00:00,159,-0.1,3.5,39.0,6.0,,
2023-12-01 02:00:00,184,5.5,1.5,72.0,10.0,,
2023-12-01 03:00:00,105,-1.8,2.4,38.0,2.0,,
2023-12-01 03:00:00,108,-6.3,2.3,66.0,0.0,,
2023-12-01 03:00:00,112,-5.6,1.5,61.0,0.0,,
2023-12-01 03:00:00,119,-5.2,1.7,61.0,0.0,,
2023-12-01 03:00:00,133,-4.1,0.9,78.0,3.0,,
2023-12-01 03:00:00,143,-1.2,3.8,59.0,0.0,,
2023-12-01 03:00:00,146,-0.7,1.4,68.0,7.0,,
2023-12-01 03:00:00,156,0.2,1.1,74.0,9.0,,
2023-12-01 03:00:00,159,-0.6,2.0,43.0,1.0,,
2023-12-01 03:00:00,184,5.7,3.3,75.0,10.0,,
2023-12-01 04:00:00,105,-2.2,3.2,40.0,2.0,,
2023-12-01 04:00:00,108,-6.7,2.1,68.0,0.0,,
2023-12-01 04:00:00,112,-5.8,2.7,60.0,0.0,,
2023-12-01 04:00:00,119,-6.3,0.1,64.0,0.0,,
2023-12-01 04:00:00,133,-4.7,1.0,79.0,0.0,,
2023-12-01 04:00:00,143,-1.4,3.5,61.0,0.0,,
2023-12-01 04:00:00,146,-0.8,1.7,73.0,10.0,,
2023-12-01 04:00:00,156,-0.3,1.0,84.0,9.0,,
2023-12-01 04:00:00,159,-0.9,1.9,45.0,0.0,,
2023-12-01 04:00:00,184,5.4,2.4,80.0,10.0,,
2023-12-01 05:00:00,105,-1.7,3.4,38.0,2.0,,
2023-12-01 05:00:00,108,-6.6,1.0,66.0,0.0,,
2023-12-01 05:00:00,112,-5.8,2.6,58.0,0.0,,
2023-12-01 05:00:00,119,-7.3,0.2,70.0,0.0,,
2023-12-01 05:00:00,133,-5.3,0.7,78.0,0.0,,
2023-12-01 05:00:00,143,-1.5,4.6,63.0,0.0,,
2023-12-01 05:00:00,146,-1.2,1.6,72.0,7.0,,
2023-12-01 05:00:00,156,-0.6,1.5,92.0,9.0,,
2023-12-01 05:00:00,159,-1.3,2.3,48.0,0.0,,
2023-12-01 05:00:00,184,6.0,3.9,81.0,10.0,,
2023-12-01 06:00:00,105,-1.9,2.5,39.0,1.0,,
2023-12-01 06:00:00,108,-6.6,0.8,66.0,0.0,,
2023-12-01 06:00:00,112,-5.9,1.8,59.0,0.0,,
2023-12-01 06:00:00,119,-7.1,1.1,75.0,0.0,,
2023-12-01 06:00:00,133,-5.4,0.7,77.0,0.0,,
2023-12-01 06:00:00,143,-1.4,4.1,64.0,0.0,,
2023-12-01 06:00:00,146,-1.3,1.7,69.0,8.0,,
2023-12-01 06:00:00,156,-0.7,0.2,97.0,9.0,,
2023-12-01 06:00:00,159,-1.2,1.9,48.0,0.0,,
2023-12-01 06:00:00,184,6.4,4.4,71.0,10.0,,
2023-12-01 07:00:00,105,-1.9,3.1,38.0,0.0,,
2023-12-01 07:00:00,108,-6.7,1.8,63.0,0.0,,
2023-12-01 07:00:00,112,-5.9,2.7,59.0,0.0,,
2023-12-01 07:00:00,119,-7.4,0.4,76.0,0.0,,
2023-12-01 07:00:00,133,-5.8,1.3,80.0,0.0,,
2023-12-01 07:00:00,143,-1.4,3.5,62.0,0.0,,
2023-12-01 07:00:00,146,-1.1,0.8,69.0,9.0,,
2023-12-01 07:00:00,156,-0.5,0.2,97.0,9.0,,
2023-12-01 07:00:00,159,-1.4,1.2,49.0,0.0,,
2023-12-01 07:00:00,184,6.6,4.0,71.0,10.0,,
2023-12-01 08:00:00,105,-1.5,2.9,37.0,1.0,0.3,0.06
2023-12-01 08:00:00,108,-6.5,1.2,64.0,0.0,0.3,0.04
2023-12-01 08:00:00,112,-5.5,3.5,56.0,0.0,0.0,0.02
2023-12-01 08:00:00,119,-6.9,0.4,76.0,0.0,0.2,0.03
2023-12-01 08:00:00,133,-5.5,0.9,75.0,0.0,0.3,0.05
2023-12-01 08:00:00,143,-1.3,2.0,60.0,0.0,0.4,0.07
2023-12-01 08:00:00,146,-1.4,0.8,69.0,4.0,0.0,0.03
2023-12-01 08:00:00,156,-0.2,0.9,93.0,9.0,0.0,0.09
2023-12-01 08:00:00,159,0.1,1.6,47.0,0.0,0.6,0.11
2023-12-01 08:00:00,184,6.8,6.3,80.0,8.0,0.0,0.0
2023-12-01 09:00:00,105,0.2,2.7,31.0,0.0,1.0,0.52
2023-12-01 09:00:00,108,-5.3,2.6,63.0,0.0,1.0,0.48
2023-12-01 09:00:00,112,-4.2,3.1,54.0,0.0,0.8,0.41
2023-12-01 09:00:00,119,-3.8,1.1,63.0,0.0,1.0,0.47
2023-12-01 09:00:00,133,-2.8,1.0,57.0,0.0,1.0,0.54
2023-12-01 09:00:00,143,-0.1,3.9,51.0,0.0,1.0,0.59
2023-12-01 09:00:00,146,-0.6,2.2,64.0,8.0,0.0,0.23
2023-12-01 09:00:00,156,0.4,1.5,83.0,10.0,0.0,0.3
2023-12-01 09:00:00,159,1.3,5.6,43.0,0.0,1.0,0.7
2023-12-01 09:00:00,184,7.8,8.0,59.0,10.0,0.0,0.02
2023-12-01 10:00:00,105,1.7,3.6,28.0,0.0,1.0,1.09
2023-12-01 10:00:00,108,-3.7,2.9,52.0,0.0,1.0,1.14
2023-12-01 10:00:00,112,-3.1,2.5,52.0,0.0,1.0,1.06
2023-12-01 10:00:00,119,-2.3,3.3,47.0,0.0,1.0,1.06
2023-12-01 10:00:00,133,-0.8,1.6,44.0,0.0,1.0,1.12
2023-12-01 10:00:00,143,1.5,4.6,45.0,0.0,1.0,1.17
2023-12-01 10:00:00,146,0.5,0.8,54.0,6.0,0.2,0.61
2023-12-01 10:00:00,156,1.4,1.6,74.0,10.0,0.2,0.74
2023-12-01 10:00:00,159,2.7,4.3,38.0,0.0,1.0,1.33
2023-12-01 10:00:00,184,7.7,6.7,56.0,10.0,0.0,0.07
2023-12-01 11:00:00,105,3.5,2.7,26.0,0.0,1.0,1.56
2023-12-01 11:00:00,108,-2.9,4.2,46.0,0.0,1.0,1.66
2023-12-01 11:00:00,112,-2.8,4.3,47.0,0.0,1.0,1.56
2023-12-01 11:00:00,119,-1.2,3.4,41.0,0.0,1.0,1.58
2023-12-01 11:00:00,133,0.3,3.2,41.0,0.0,1.0,1.62
2023-12-01 11:00:00,143,2.6,3.6,42.0,0.0,1.0,1.65
2023-12-01 11:00:00,146,1.1,1.3,55.0,8.0,0.2,0.94
2023-12-01 11:00:00,156,2.7,1.6,65.0,8.0,0.4,1.21
2023-12-01 11:00:00,159,3.7,5.0,36.0,0.0,1.0,1.84
2023-12-01 11:00:00,184,8.3,6.4,52.0,10.0,0.0,0.09
2023-12-01 12:00:00,105,4.0,1.9,25.0,0.0,1.0,1.81
2023-12-01 12:00:00,108,-1.5,2.5,42.0,0.0,1.0,1.97
2023-12-01 12:00:00,112,-1.9,3.3,48.0,0.0,1.0,1.89
2023-12-01 12:00:00,119,-0.7,3.0,37.0,0.0,1.0,1.89
2023-12-01 12:00:00,133,1.0,2.7,41.0,0.0,1.0,1.91
2023-12-01 12:00:00,143,4.0,5.2,37.0,0.0,1.0,1.94
2023-12-01 12:00:00,146,1.8,4.1,51.0,8.0,0.3,1.13
2023-12-01 12:00:00,156,3.5,1.3,62.0,8.0,0.4,1.2
2023-12-01 12:00:00,159,5.0,5.0,32.0,0.0,1.0,2.14
2023-12-01 12:00:00,184,8.1,6.7,55.0,10.0,0.0,0.11
2023-12-01 13:00:00,105,5.4,1.8,30.0,0.0,1.0,1.87
2023-12-01 13:00:00,108,-0.9,3.4,39.0,0.0,1.0,2.07
2023-12-01 13:00:00,112,-1.1,3.8,42.0,0.0,1.0,1.99
2023-12-01 13:00:00,119,0.5,4.2,34.0,0.0,1.0,1.95
2023-12-01 13:00:00,133,3.0,3.7,38.0,1.0,1.0,2.01
2023-12-01 13:00:00,143,4.6,4.9,36.0,0.0,1.0,2.01
2023-12-01 13:00:00,146,2.7,2.6,51.0,3.0,0.9,1.53
2023-12-01 13:00:00,156,4.1,1.9,57.0,8.0,0.2,1.29
2023-12-01 13:00:00,159,5.7,5.3,31.0,0.0,1.0,2.19
2023-12-01 13:00:00,184,8.2,7.5,59.0,10.0,0.0,0.11
2023-12-01 14:00:00,105,4.7,2.9,29.0,1.0,1.0,1.68
2023-12-01 14:00:00,108,-0.2,2.8,36.0,0.0,1.0,1.93
2023-12-01 14:00:00,112,-0.5,3.5,42.0,0.0,1.0,1.84
2023-12-01 14:00:00,119,0.9,3.7,32.0,0.0,1.0,1.81
2023-12-01 14:00:00,133,2.8,4.6,38.0,1.0,1.0,1.77
2023-12-01 14:00:00,143,5.1,5.2,33.0,0.0,1.0,1.85
2023-12-01 14:00:00,146,2.3,2.6,54.0,8.0,0.4,1.23
2023-12-01 14:00:00,156,4.0,2.7,57.0,8.0,0.1,1.02
2023-12-01 14:00:00,159,6.4,3.5,29.0,0.0,1.0,1.88
2023-12-01 14:00:00,184,8.1,6.9,58.0,10.0,0.0,0.13
2023-12-01 15:00:00,105,5.5,1.3,29.0,0.0,1.0,1.32
2023-12-01 15:00:00,108,0.2,3.2,37.0,0.0,1.0,1.54
2023-12-01 15:00:00,112,-0.2,3.6,41.0,0.0,1.0,1.49
2023-12-01 15:00:00,119,1.3,4.0,33.0,0.0,1.0,1.45
2023-12-01 15:00:00,133,3.0,3.5,35.0,1.0,1.0,1.39
2023-12-01 15:00:00,143,5.3,6.7,32.0,0.0,1.0,1.48
2023-12-01 15:00:00,146,2.9,2.7,54.0,8.0,0.1,0.62
2023-12-01 15:00:00,156,4.7,1.7,53.0,4.0,0.8,1.37
2023-12-01 15:00:00,159,7.1,3.2,28.0,1.0,1.0,1.57
2023-12-01 15:00:00,184,8.4,7.4,50.0,10.0,0.0,0.01
2023-12-01 16:00:00,105,4.8,3.2,23.0,0.0,1.0,0.81
2023-12-01 16:00:00,108,0.3,2.9,37.0,0.0,1.0,0.98
2023-12-01 16:00:00,112,0.0,3.8,44.0,0.0,1.0,0.94
2023-12-01 16:00:00,119,1.0,3.3,34.0,0.0,1.0,0.93
2023-12-01 16:00:00,133,2.7,3.7,36.0,0.0,1.0,0.96
2023-12-01 16:00:00,143,4.9,5.1,32.0,0.0,1.0,0.93
2023-12-01 16:00:00,146,2.6,1.9,53.0,7.0,0.3,0.45
2023-12-01 16:00:00,156,3.3,1.6,61.0,8.0,0.5,0.78
2023-12-01 16:00:00,159,6.7,3.5,27.0,0.0,1.0,1.0
2023-12-01 16:00:00,184,7.6,7.0,63.0,10.0,0.0,0.07
2023-12-01 17:00:00,105,2.8,3.4,30.0,0.0,0.7,0.24
2023-12-01 17:00:00,108,-0.5,2.2,41.0,0.0,0.9,0.38
2023-12-01 17:00:00,112,-0.5,2.1,50.0,1.0,0.8,0.32
2023-12-01 17:00:00,119,-0.2,2.3,38.0,0.0,1.0,0.32
2023-12-01 17:00:00,133,0.7,3.3,43.0,0.0,0.4,0.28
2023-12-01 17:00:00,143,3.6,3.9,33.0,0.0,0.7,0.3
2023-12-01 17:00:00,146,2.4,2.8,52.0,6.0,0.7,0.31
2023-12-01 17:00:00,156,2.3,1.4,70.0,6.0,0.3,0.25
2023-12-01 17:00:00,159,5.3,3.1,30.0,0.0,0.8,0.34
2023-12-01 17:00:00,184,6.8,7.0,75.0,7.0,0.0,0.01
2023-12-01 18:00:00,105,1.8,3.6,32.0,0.0,0.0,0.0
2023-12-01 18:00:00,108,-1.0,2.4,46.0,1.0,0.0,0.01
2023-12-01 18:00:00,112,-0.6,1.8,56.0,8.0,0.0,0.0
2023-12-01 18:00:00,119,-1.3,0.9,48.0,4.0,0.0,0.0
2023-12-01 18:00:00,133,-0.4,1.4,50.0,0.0,0.0,0.01
2023-12-01 18:00:00,143,2.6,4.1,34.0,0.0,0.0,0.0
2023-12-01 18:00:00,146,1.2,2.5,58.0,0.0,0.0,0.01
2023-12-01 18:00:00,156,2.3,0.9,72.0,0.0,0.0,0.08
2023-12-01 18:00:00,159,4.6,3.5,30.0,0.0,0.0,0.01
2023-12-01 18:00:00,184,6.7,6.7,65.0,7.0,0.0,0.0
2023-12-01 19:00:00,105,1.3,2.3,32.0,0.0,,
2023-12-01 19:00:00,108,-1.3,2.1,51.0,0.0,,
2023-12-01 19:00:00,112,-0.6,2.6,59.0,5.0,,
2023-12-01 19:00:00,119,-1.0,0.7,55.0,4.0,,
2023-12-01 19:00:00,133,-1.7,1.3,58.0,0.0,,
2023-12-01 19:00:00,143,1.8,4.6,37.0,0.0,,
2023-12-01 19:00:00,146,0.8,2.0,56.0,0.0,,
2023-12-01 19:00:00,156,2.0,1.5,72.0,0.0,,
2023-12-01 19:00:00,159,3.6,0.8,32.0,0.0,,
2023-12-01 19:00:00,184,6.5,5.7,63.0,6.0,,
2023-12-01 20:00:00,105,1.0,4.5,32.0,0.0,,
2023-12-01 20:00:00,108,-1.7,1.5,54.0,0.0,,
2023-12-01 20:00:00,112,-1.0,1.3,60.0,0.0,,
2023-12-01 20:00:00,119,-1.1,0.4,57.0,0.0,,
2023-12-01 20:00:00,133,-2.1,1.2,61.0,0.0,,
2023-12-01 20:00:00,143,1.3,4.0,41.0,0.0,,
2023-12-01 20:00:00,146,0.8,1.0,56.0,3.0,,
2023-12-01 20:00:00,156,1.8,2.0,70.0,3.0,,
2023-12-01 20:00:00,159,3.2,2.7,33.0,0.0,,
2023-12-01 20:00:00,184,6.5,6.8,61.0,7.0,,
2023-12-01 21:00:00,105,0.9,3.9,31.0,0.0,,
2023-12-01 21:00:00,108,-2.2,0.9,57.0,0.0,,
2023-12-01 21:00:00,112,-1.6,1.0,61.0,1.0,,
2023-12-01 21:00:00,119,-2.1,0.6,63.0,0.0,,
2023-12-01 21:00:00,133,-2.1,1.8,63.0,5.0,,
2023-12-01 21:00:00,143,0.7,3.1,44.0,0.0,,
2023-12-01 21:00:00,146,0.1,1.1,58.0,2.0,,
2023-12-01 21:00:00,156,1.7,1.4,69.0,9.0,,
2023-12-01 21:00:00,159,2.5,3.2,34.0,0.0,,
2023-12-01 21:00:00,184,6.4,4.2,63.0,8.0,,
2023-12-01 22:00:00,105,0.3,3.7,33.0,0.0,,
2023-12-01 22:00:00,108,-2.7,0.4,59.0,0.0,,
2023-12-01 22:00:00,112,-1.5,1.1,64.0,0.0,,
2023-12-01 22:00:00,119,-3.1,0.1,67.0,0.0,,
2023-12-01 22:00:00,133,-2.1,0.4,65.0,0.0,,
2023-12-01 22:00:00,143,0.3,3.4,51.0,0.0,,
2023-12-01 22:00:00,146,0.0,1.0,62.0,0.0,,
2023-12-01 22:00:00,156,1.0,0.9,68.0,7.0,,
2023-12-01 22:00:00,159,2.0,5.4,34.0,0.0,,
2023-12-01 22:00:00,184,6.8,3.9,59.0,9.0,,
2023-12-01 23:00:00,105,0.1,4.6,33.0,0.0,,
2023-12-01 23:00:00,108,-3.2,0.7,61.0,0.0,,
2023-12-01 23:00:00,112,-1.9,1.0,65.0,0.0,,
2023-12-01 23:00:00,119,-3.6,0.6,74.0,0.0,,
2023-12-01 23:00:00,133,-2.3,0.9,67.0,8.0,,
2023-12-01 23:00:00,143,0.1,3.3,55.0,0.0,,
2023-12-01 23:00:00,146,0.4,0.8,63.0,0.0,,
2023-12-01 23:00:00,156,1.2,0.9,68.0,0.0,,
2023-12-01 23:00:00,159,1.1,2.3,37.0,0.0,,
2023-12-01 23:00:00,184,7.0,4.1,59.0,8.0,,
2023-12-02 00:00:00,105,0.0,4.4,33.0,0.0,,
2023-12-02 00:00:00,108,-3.2,0.8,65.0,0.0,,
2023-12-02 00:00:00,112,-2.0,0.6,66.0,0.0,,
2023-12-02 00:00:00,119,-4.0,0.8,77.0,6.0,,
2023-12-02 00:00:00,133,-2.8,0.8,69.0,1.0,,
2023-12-02 00:00:00,143,-0.1,3.0,58.0,2.0,,
2023-12-02 00:00:00,146,0.1,1.1,65.0,8.0,,
2023-12-02 00:00:00,156,1.4,0.4,69.0,9.0,,
2023-12-02 00:00:00,159,0.4,1.8,40.0,0.0,,
2023-12-02 00:00:00,184,7.1,3.5,60.0,8.0,,
2023-12-02 01:00:00,105,0.0,4.0,33.0,1.0,,
2023-12-02 01:00:00,108,-3.4,1.4,68.0,0.0,,
2023-12-02 01:00:00,112,-2.0,1.1,67.0,0.0,,
2023-12-02 01:00:00,119,-3.3,1.3,74.0,0.0,,
2023-12-02 01:00:00,133,-3.3,1.0,72.0,0.0,,
2023-12-02 01:00:00,143,-0.5,2.3,60.0,0.0,,
2023-12-02 01:00:00,146,0.5,0.9,64.0,3.0,,
2023-12-02 01:00:00,156,1.5,1.4,70.0,0.0,,
2023-12-02 01:00:00,159,0.2,4.2,41.0,0.0,,
2023-12-02 01:00:00,184,7.4,3.7,56.0,10.0,,
2023-12-02 02:00:00,105,-0.1,3.7,34.0,1.0,,
2023-12-02 02:00:00,108,-3.8,1.8,69.0,0.0,,
2023-12-02 02:00:00,112,-2.3,1.2,69.0,0.0,,
2023-12-02 02:00:00,119,-3.6,0.9,76.0,0.0,,
2023-12-02 02:00:00,133,-3.8,0.7,75.0,0.0,,
2023-12-02 02:00:00,143,-0.3,2.9,61.0,0.0,,
2023-12-02 02:00:00,146,0.5,1.1,67.0,9.0,,
2023-12-02 02:00:00,156,1.4,0.9,73.0,3.0,,
2023-12-02 02:00:00,159,0.0,2.7,44.0,0.0,,
2023-12-02 02:00:00,184,7.4,3.5,59.0,10.0,,
2023-12-02 03:00:00,105,-0.1,4.1,37.0,1.0,,
2023-12-02 03:00:00,108,-4.2,2.0,70.0,0.0,,
2023-12-02 03:00:00,112,-2.4,2.4,70.0,0.0,,
2023-12-02 03:00:00,119,-4.1,0.8,80.0,0.0,,
2023-12-02 03:00:00,133,-3.7,0.7,76.0,7.0,,
2023-12-02 03:00:00,143,-1.2,1.8,66.0,0.0,,
2023-12-02 03:00:00,146,0.7,1.0,66.0,9.0,,
2023-12-02 03:00:00,156,1.0,0.0,75.0,9.0,,
2023-12-02 03:00:00,159,-0.6,1.8,47.0,0.0,,
2023-12-02 03:00:00,184,7.1,2.2,53.0,8.0,,
2023-12-02 04:00:00,105,-0.1,3.0,38.0,0.0,,
2023-12-02 04:00:00,108,-4.2,2.2,70.0,7.0,,
2023-12-02 04:00:00,112,-1.7,3.0,67.0,8.0,,
2023-12-02 04:00:00,119,-4.0,1.4,81.0,8.0,,
2023-12-02 04:00:00,133,-3.2,0.6,75.0,8.0,,
2023-12-02 04:00:00,143,-1.5,1.3,68.0,0.0,,
2023-12-02 04:00:00,146,1.1,0.4,66.0,9.0,,
2023-12-02 04:00:00,156,1.0,0.4,77.0,8.0,,
2023-12-02 04:00:00,159,-0.9,1.9,49.0,0.0,,
2023-12-02 04:00:00,184,7.4,3.2,52.0,8.0,,
2023-12-02 05:00:00,105,-0.1,2.8,38.0,2.0,,
2023-12-02 05:00:00,108,-3.3,1.6,69.0,9.0,,
2023-12-02 05:00:00,112,-1.2,2.0,67.0,9.0,,
2023-12-02 05:00:00,119,-3.0,0.2,78.0,9.0,,
2023-12-02 05:00:00,133,-2.5,0.1,73.0,9.0,,
2023-12-02 05:00:00,143,-2.8,0.8,77.0,0.0,,
2023-12-02 05:00:00,146,1.2,1.1,67.0,8.0,,
2023-12-02 05:00:00,156,0.5,0.3,78.0,1.0,,
2023-12-02 05:00:00,159,-0.8,2.0,50.0,0.0,,
2023-12-02 05:00:00,184,7.6,2.5,53.0,9.0,,
2023-12-02 06:00:00,105,0.1,3.0,38.0,0.0,,
2023-12-02 06:00:00,108,-2.8,2.4,67.0,9.0,,
2023-12-02 06:00:00,112,-1.1,2.2,68.0,9.0,,
2023-12-02 06:00:00,119,-2.4,1.3,77.0,9.0,,
2023-12-02 06:00:00,133,-2.3,0.9,72.0,9.0,,
2023-12-02 06:00:00,143,-3.6,0.7,80.0,2.0,,
2023-12-02 06:00:00,146,0.8,1.5,69.0,9.0,,
2023-12-02 06:00:00,156,0.0,1.0,81.0,8.0,,
2023-12-02 06:00:00,159,-0.4,2.9,51.0,0.0,,
2023-12-02 06:00:00,184,7.0,2.5,57.0,9.0,,
2023-12-02 07:00:00,105,0.9,3.1,35.0,1.0,,
2023-12-02 07:00:00,108,-2.4,1.5,67.0,9.0,,
2023-12-02 07:00:00,112,-1.1,2.5,68.0,9.0,,
2023-12-02 07:00:00,119,-2.1,1.1,78.0,9.0,,
2023-12-02 07:00:00,133,-2.0,0.7,71.0,9.0,,
2023-12-02 07:00:00,143,-3.7,1.4,82.0,1.0,,
2023-12-02 07:00:00,146,1.4,1.0,66.0,9.0,,
2023-12-02 07:00:00,156,0.0,0.1,82.0,4.0,,
2023-12-02 07:00:00,159,-0.3,0.8,52.0,0.0,,
2023-12-02 07:00:00,184,7.2,2.6,58.0,9.0,,
2023-12-02 08:00:00,105,2.2,3.6,40.0,0.0,0.3,0.05
2023-12-02 08:00:00,108,-2.0,2.0,67.0,8.0,0.0,0.01
2023-12-02 08:00:00,112,-0.8,3.2,69.0,8.0,0.0,0.01
2023-12-02 08:00:00,119,-1.6,1.1,77.0,9.0,0.0,0.01
2023-12-02 08:00:00,133,-1.5,1.2,70.0,8.0,0.0,0.02
2023-12-02 08:00:00,143,-3.0,0.1,81.0,1.0,0.4,0.08
2023-12-02 08:00:00,146,2.2,0.7,64.0,9.0,0.0,0.02
2023-12-02 08:00:00,156,1.1,0.3,79.0,8.0,0.0,0.08
2023-12-02 08:00:00,159,0.5,2.1,49.0,0.0,0.6,0.11
2023-12-02 08:00:00,184,7.5,1.7,58.0,9.0,0.0,0.0
2023-12-02 09:00:00,105,4.1,3.4,41.0,1.0,1.0,0.49
2023-12-02 09:00:00,108,-1.3,2.2,66.0,8.0,0.0,0.18
2023-12-02 09:00:00,112,0.2,2.9,68.0,8.0,0.1,0.26
2023-12-02 09:00:00,119,-0.4,1.8,70.0,9.0,0.0,0.16
2023-12-02 09:00:00,133,-0.7,0.2,70.0,9.0,0.0,0.14
2023-12-02 09:00:00,143,0.2,0.9,67.0,2.0,1.0,0.64
2023-12-02 09:00:00,146,2.9,1.1,62.0,9.0,0.0,0.16
2023-12-02 09:00:00,156,1.8,0.6,76.0,9.0,0.0,0.17
2023-12-02 09:00:00,159,2.8,2.1,46.0,0.0,1.0,0.71
2023-12-02 09:00:00,184,8.1,2.7,57.0,9.0,0.0,0.04
2023-12-02 10:00:00,105,6.6,3.0,41.0,3.0,1.0,1.05
2023-12-02 10:00:00,108,-0.1,2.4,63.0,3.0,0.2,0.61
2023-12-02 10:00:00,112,2.0,3.0,64.0,3.0,0.3,0.63
2023-12-02 10:00:00,119,0.6,2.0,66.0,9.0,0.0,0.41
2023-12-02 10:00:00,133,0.8,1.4,66.0,9.0,0.0,0.39
2023-12-02 10:00:00,143,2.0,1.2,59.0,1.0,1.0,1.08
2023-12-02 10:00:00,146,4.1,1.0,60.0,9.0,0.0,0.37
2023-12-02 10:00:00,156,2.7,0.4,74.0,9.0,0.0,0.4
2023-12-02 10:00:00,159,4.8,2.4,41.0,0.0,1.0,1.34
2023-12-02 10:00:00,184,8.9,2.4,54.0,9.0,0.0,0.25
2023-12-02 11:00:00,105,8.1,2.4,37.0,2.0,1.0,1.49
2023-12-02 11:00:00,108,2.1,2.3,58.0,1.0,0.9,1.37
2023-12-02 11:00:00,112,4.2,3.8,59.0,4.0,0.7,1.28
2023-12-02 11:00:00,119,1.3,2.4,67.0,9.0,0.0,0.39
2023-12-02 11:00:00,133,2.4,1.5,59.0,8.0,0.0,0.64
2023-12-02 11:00:00,143,4.8,1.7,49.0,1.0,1.0,1.6
2023-12-02 11:00:00,146,5.4,1.9,56.0,9.0,0.0,0.53
2023-12-02 11:00:00,156,3.5,0.4,69.0,9.0,0.0,0.55
2023-12-02 11:00:00,159,6.8,2.3,38.0,0.0,1.0,1.84
2023-12-02 11:00:00,184,9.7,3.1,47.0,9.0,0.0,0.49
2023-12-02 12:00:00,105,8.5,3.8,39.0,4.0,1.0,1.75
2023-12-02 12:00:00,108,3.7,1.5,55.0,2.0,0.9,1.7
2023-12-02 12:00:00,112,4.4,2.7,59.0,8.0,0.4,1.04
2023-12-02 12:00:00,119,2.6,2.7,64.0,7.0,0.2,0.78
2023-12-02 12:00:00,133,5.4,1.5,50.0,6.0,0.1,1.12
2023-12-02 12:00:00,143,6.6,2.9,43.0,1.0,0.9,1.7
2023-12-02 12:00:00,146,6.6,1.9,57.0,9.0,0.0,0.51
2023-12-02 12:00:00,156,4.8,0.2,66.0,9.0,0.0,0.78
2023-12-02 12:00:00,159,8.2,2.3,34.0,0.0,1.0,2.14
2023-12-02 12:00:00,184,10.1,3.5,47.0,8.0,0.0,0.59
2023-12-02 13:00:00,105,8.9,2.5,38.0,2.0,1.0,1.81
2023-12-02 13:00:00,108,4.4,1.3,55.0,9.0,0.2,0.91
2023-12-02 13:00:00,112,4.9,2.4,61.0,3.0,0.3,0.98
2023-12-02 13:00:00,119,4.8,2.7,58.0,2.0,0.6,1.43
2023-12-02 13:00:00,133,6.0,1.8,54.0,8.0,0.3,1.02
2023-12-02 13:00:00,143,8.3,1.9,40.0,1.0,1.0,1.98
2023-12-02 13:00:00,146,6.6,1.9,57.0,9.0,0.0,0.44
2023-12-02 13:00:00,156,5.2,0.4,64.0,9.0,0.0,0.51
2023-12-02 13:00:00,159,9.4,4.2,34.0,0.0,1.0,2.16
2023-12-02 13:00:00,184,10.1,3.0,48.0,9.0,0.0,0.5
2023-12-02 14:00:00,105,9.5,4.0,36.0,3.0,1.0,1.64
2023-12-02 14:00:00,108,6.4,1.3,57.0,2.0,0.5,1.24
2023-12-02 14:00:00,112,6.3,2.9,60.0,4.0,0.6,1.29
2023-12-02 14:00:00,119,7.4,2.8,55.0,6.0,0.7,1.52
2023-12-02 14:00:00,133,7.5,3.2,51.0,3.0,0.5,1.26
2023-12-02 14:00:00,143,8.6,1.8,39.0,1.0,1.0,1.79
2023-12-02 14:00:00,146,7.1,2.3,59.0,9.0,0.0,0.21
2023-12-02 14:00:00,156,6.2,0.6,65.0,9.0,0.0,0.79
2023-12-02 14:00:00,159,9.0,4.8,38.0,0.0,1.0,1.86
2023-12-02 14:00:00,184,10.0,3.0,49.0,9.0,0.0,0.33
2023-12-02 15:00:00,105,8.0,4.9,44.0,2.0,0.9,1.13
2023-12-02 15:00:00,108,7.4,6.0,52.0,4.0,0.7,1.22
2023-12-02 15:00:00,112,6.8,6.1,51.0,2.0,0.9,1.43
2023-12-02 15:00:00,119,8.0,5.0,46.0,2.0,0.9,1.37
2023-12-02 15:00:00,133,7.9,3.1,48.0,2.0,1.0,1.44
2023-12-02 15:00:00,143,10.0,1.8,36.0,2.0,0.9,1.29
2023-12-02 15:00:00,146,7.4,2.0,59.0,9.0,0.0,0.35
2023-12-02 15:00:00,156,6.7,0.8,67.0,9.0,0.0,0.54
2023-12-02 15:00:00,159,9.7,4.0,35.0,0.0,1.0,1.52
2023-12-02 15:00:00,184,9.9,3.2,49.0,9.0,0.0,0.23
2023-12-02 16:00:00,105,7.1,4.1,50.0,3.0,0.2,0.31
2023-12-02 16:00:00,108,6.6,3.0,50.0,4.0,0.6,0.9
2023-12-02 16:00:00,112,6.5,7.3,49.0,7.0,0.6,0.69
2023-12-02 16:00:00,119,7.0,3.2,52.0,7.0,0.9,0.79
2023-12-02 16:00:00,133,6.9,2.1,50.0,7.0,0.3,0.62
2023-12-02 16:00:00,143,9.0,2.5,39.0,7.0,0.2,0.56
2023-12-02 16:00:00,146,7.7,1.0,56.0,8.0,0.1,0.37
2023-12-02 16:00:00,156,6.7,0.4,70.0,9.0,0.0,0.31
2023-12-02 16:00:00,159,9.0,5.1,35.0,0.0,1.0,0.98
2023-12-02 16:00:00,184,9.7,2.8,52.0,9.0,0.0,0.1
2023-12-02 17:00:00,105,6.7,5.1,46.0,5.0,0.4,0.19
2023-12-02 17:00:00,108,6.0,3.1,54.0,6.0,0.0,0.11
2023-12-02 17:00:00,112,6.1,3.1,50.0,5.0,0.0,0.15
2023-12-02 17:00:00,119,6.3,1.7,57.0,9.0,0.0,0.11
2023-12-02 17:00:00,133,6.5,1.9,50.0,8.0,0.0,0.15
2023-12-02 17:00:00,143,8.8,3.0,41.0,7.0,0.0,0.11
2023-12-02 17:00:00,146,7.3,1.7,58.0,9.0,0.0,0.05
2023-12-02 17:00:00,156,6.5,0.6,69.0,8.0,0.0,0.15
2023-12-02 17:00:00,159,7.4,4.0,43.0,0.0,0.8,0.32
2023-12-02 17:00:00,184,9.6,3.0,55.0,9.0,0.0,0.0
2023-12-02 18:00:00,105,6.1,4.3,49.0,2.0,0.0,0.01
2023-12-02 18:00:00,108,5.2,2.4,54.0,0.0,0.0,0.0
2023-12-02 18:00:00,112,6.1,6.5,51.0,1.0,0.0,0.01
2023-12-02 18:00:00,119,6.1,1.5,59.0,7.0,0.0,0.0
2023-12-02 18:00:00,133,6.3,1.8,52.0,9.0,0.0,0.0
2023-12-02 18:00:00,143,7.8,4.1,42.0,1.0,0.0,0.01
2023-12-02 18:00:00,146,7.0,0.9,61.0,10.0,0.0,0.0
2023-12-02 18:00:00,156,6.2,0.8,73.0,7.0,0.0,0.07
2023-12-02 18:00:00,159,7.2,4.5,46.0,6.0,0.0,0.01
2023-12-02 18:00:00,184,9.6,3.0,56.0,8.0,0.0,0.0
2023-12-02 19:00:00,105,6.1,3.9,50.0,0.0,,
2023-12-02 19:00:00,108,5.1,2.4,56.0,8.0,,
2023-12-02 19:00:00,112,6.1,5.3,53.0,7.0,,
2023-12-02 19:00:00,119,5.1,2.0,63.0,0.0,,
2023-12-02 19:00:00,133,6.0,2.1,58.0,9.0,,
2023-12-02 19:00:00,143,6.5,0.8,45.0,0.0,,
2023-12-02 19:00:00,146,7.4,2.0,60.0,10.0,,
2023-12-02 19:00:00,156,6.4,0.9,74.0,0.0,,
2023-12-02 19:00:00,159,7.1,2.2,49.0,6.0,,
2023-12-02 19:00:00,184,10.0,3.1,54.0,9.0,,
2023-12-02 20:00:00,105,6.7,4.5,49.0,5.0,,
2023-12-02 20:00:00,108,5.5,2.5,57.0,9.0,,
2023-12-02 20:00:00,112,6.5,5.4,61.0,9.0,,
2023-12-02 20:00:00,119,5.0,2.0,59.0,6.0,,
2023-12-02 20:00:00,133,5.8,1.3,62.0,9.0,,
2023-12-02 20:00:00,143,5.7,0.2,51.0,0.0,,
2023-12-02 20:00:00,146,7.6,2.0,63.0,10.0,,
2023-12-02 20:00:00,156,6.7,0.9,73.0,4.0,,
2023-12-02 20:00:00,159,7.1,2.7,45.0,3.0,,
2023-12-02 20:00:00,184,10.4,3.1,53.0,9.0,,
2023-12-02 21:00:00,105,7.2,3.4,49.0,8.0,,
2023-12-02 21:00:00,108,5.8,2.9,66.0,9.0,,
2023-12-02 21:00:00,112,6.8,4.3,62.0,9.0,,
2023-12-02 21:00:00,119,5.4,2.7,58.0,9.0,,
2023-12-02 21:00:00,133,4.8,1.2,68.0,1.0,,
2023-12-02 21:00:00,143,5.8,1.7,53.0,9.0,,
2023-12-02 21:00:00,146,7.3,2.6,67.0,9.0,,
2023-12-02 21:00:00,156,6.2,0.8,78.0,9.0,,
2023-12-02 21:00:00,159,7.2,5.7,45.0,4.0,,
2023-12-02 21:00:00,184,10.5,4.3,54.0,7.0,,
2023-12-02 22:00:00,105,7.2,4.2,49.0,9.0,,
2023-12-02 22:00:00,108,5.5,4.9,69.0,9.0,,
2023-12-02 22:00:00,112,4.9,6.1,70.0,4.0,,
2023-12-02 22:00:00,119,6.3,2.8,62.0,10.0,,
2023-12-02 22:00:00,133,5.2,1.8,65.0,0.0,,
2023-12-02 22:00:00,143,6.1,2.0,55.0,7.0,,
2023-12-02 22:00:00,146,7.3,2.0,69.0,3.0,,
2023-12-02 22:00:00,156,6.3,1.1,78.0,0.0,,
2023-12-02 22:00:00,159,7.3,4.7,49.0,3.0,,
2023-12-02 22:00:00,184,10.8,4.8,49.0,7.0,,
2023-12-02 23:00:00,105,6.9,2.9,53.0,9.0,,
2023-12-02 23:00:00,108,3.4,3.6,55.0,0.0,,
2023-12-02 23:00:00,112,2.7,4.1,61.0,1.0,,
2023-12-02 23:00:00,119,5.1,3.9,64.0,6.0,,
2023-12-02 23:00:00,133,4.9,1.7,50.0,0.0,,
2023-12-02 23:00:00,143,6.1,1.8,56.0,8.0,,
2023-12-02 23:00:00,146,7.1,1.7,67.0,7.0,,
2023-12-02 23:00:00,156,6.7,1.0,75.0,4.0,,
2023-12-02 23:00:00,159,7.7,5.6,51.0,9.0,,
2023-12-02 23:00:00,184,10.5,3.9,45.0,8.0,,
2023-12-03 00:00:00,105,7.2,3.3,46.0,7.0,,
2023-12-03 00:00:00,108,1.9,2.6,56.0,0.0,,
2023-12-03 00:00:00,112,1.7,4.1,50.0,0.0,,
2023-12-03 00:00:00,119,2.8,3.6,47.0,0.0,,
2023-12-03 00:00:00,133,4.6,1.2,55.0,9.0,,
2023-12-03 00:00:00,143,5.9,2.0,57.0,6.0,,
2023-12-03 00:00:00,146,6.4,1.3,67.0,0.0,,
2023-12-03 00:00:00,156,6.3,0.2,79.0,10.0,,
2023-12-03 00:00:00,159,7.7,4.8,53.0,8.0,,
2023-12-03 00:00:00,184,10.4,4.0,50.0,7.0,,
2023-12-03 01:00:00,105,6.6,2.0,40.0,5.0,,
2023-12-03 01:00:00,108,0.8,1.8,56.0,0.0,,
2023-12-03 01:00:00,112,0.8,3.9,54.0,0.0,,
2023-12-03 01:00:00,119,1.2,1.6,50.0,0.0,,
2023-12-03 01:00:00,133,4.8,0.9,59.0,5.0,,
2023-12-03 01:00:00,143,4.9,1.1,62.0,1.0,,
2023-12-03 01:00:00,146,5.9,1.3,67.0,0.0,,
2023-12-03 01:00:00,156,6.2,0.4,80.0,9.0,,
2023-12-03 01:00:00,159,7.4,5.2,50.0,3.0,,
2023-12-03 01:00:00,184,10.3,3.9,49.0,8.0,,
2023-12-03 02:00:00,105,5.2,1.3,41.0,2.0,,
2023-12-03 02:00:00,108,-0.2,0.7,58.0,0.0,,
2023-12-03 02:00:00,112,0.3,1.8,59.0,0.0,,
2023-12-03 02:00:00,119,0.1,1.7,53.0,0.0,,
2023-12-03 02:00:00,133,5.2,3.8,57.0,5.0,,
2023-12-03 02:00:00,143,3.7,1.7,67.0,0.0,,
2023-12-03 02:00:00,146,5.3,1.2,61.0,0.0,,
2023-12-03 02:00:00,156,5.8,0.1,84.0,6.0,,
2023-12-03 02:00:00,159,7.0,3.6,52.0,3.0,,
2023-12-03 02:00:00,184,10.5,4.4,49.0,9.0,,
2023-12-03 03:00:00,105,4.1,1.1,42.0,0.0,,
2023-12-03 03:00:00,108,-0.7,1.0,62.0,0.0,,
2023-12-03 03:00:00,112,0.0,2.8,59.0,0.0,,
2023-12-03 03:00:00,119,-0.9,1.5,59.0,0.0,,
2023-12-03 03:00:00,133,3.4,3.3,57.0,4.0,,
2023-12-03 03:00:00,143,3.8,2.4,64.0,2.0,,
2023-12-03 03:00:00,146,6.3,2.3,63.0,9.0,,
2023-12-03 03:00:00,156,5.5,0.4,87.0,6.0,,
2023-12-03 03:00:00,159,6.8,4.2,53.0,0.0,,
2023-12-03 03:00:00,184,10.6,4.4,48.0,9.0,,
2023-12-03 04:00:00,105,3.6,1.5,40.0,0.0,,
2023-12-03 04:00:00,108,-1.5,1.6,68.0,0.0,,
2023-12-03 04:00:00,112,-0.3,2.4,60.0,0.0,,
2023-12-03 04:00:00,119,-2.2,0.6,65.0,0.0,,
2023-12-03 04:00:00,133,1.7,3.5,48.0,2.0,,
2023-12-03 04:00:00,143,2.8,1.1,67.0,3.0,,
2023-12-03 04:00:00,146,3.6,2.4,77.0,7.0,,
2023-12-03 04:00:00,156,4.8,0.9,89.0,3.0,,
2023-12-03 04:00:00,159,6.8,4.2,51.0,2.0,,
2023-12-03 04:00:00,184,10.6,3.9,46.0,9.0,,
2023-12-03 05:00:00,105,1.9,1.3,46.0,0.0,,
2023-12-03 05:00:00,108,-1.6,1.6,72.0,0.0,,
2023-12-03 05:00:00,112,-0.8,1.5,62.0,0.0,,
2023-12-03 05:00:00,119,-2.8,1.2,71.0,0.0,,
2023-12-03 05:00:00,133,0.0,2.4,51.0,0.0,,
2023-12-03 05:00:00,143,1.5,0.3,73.0,0.0,,
2023-12-03 05:00:00,146,3.0,1.9,77.0,8.0,,
2023-12-03 05:00:00,156,4.9,0.9,96.0,9.0,,
2023-12-03 05:00:00,159,6.7,4.5,48.0,3.0,,
2023-12-03 05:00:00,184,10.8,3.7,45.0,9.0,,
2023-12-03 06:00:00,105,0.1,0.7,56.0,0.0,,
2023-12-03 06:00:00,108,-2.3,1.4,73.0,0.0,,
2023-12-03 06:00:00,112,-1.0,2.1,62.0,0.0,,
2023-12-03 06:00:00,119,-3.3,1.1,75.0,0.0,,
2023-12-03 06:00:00,133,-0.5,1.0,52.0,0.0,,
2023-12-03 06:00:00,143,0.8,1.7,78.0,0.0,,
2023-12-03 06:00:00,146,2.4,0.8,70.0,4.0,,
2023-12-03 06:00:00,156,4.9,1.6,87.0,4.0,,
2023-12-03 06:00:00,159,6.3,2.7,45.0,0.0,,
2023-12-03 06:00:00,184,10.9,4.5,50.0,9.0,,
2023-12-03 07:00:00,105,-0.8,0.3,58.0,5.0,,
2023-12-03 07:00:00,108,-2.8,0.9,76.0,0.0,,
2023-12-03 07:00:00,112,-1.3,2.0,63.0,0.0,,
2023-12-03 07:00:00,119,-3.6,0.9,77.0,0.0,,
2023-12-03 07:00:00,133,-1.1,0.8,52.0,0.0,,
2023-12-03 07:00:00,143,2.2,2.2,72.0,0.0,,
2023-12-03 07:00:00,146,2.6,0.2,62.0,0.0,,
2023-12-03 07:00:00,156,3.5,1.2,94.0,0.0,,
2023-12-03 07:00:00,159,5.4,1.1,46.0,0.0,,
2023-12-03 07:00:00,184,10.9,3.3,46.0,9.0,,
2023-12-03 08:00:00,105,0.5,1.7,52.0,0.0,0.3,0.04
2023-12-03 08:00:00,108,-2.7,0.7,77.0,0.0,0.2,0.03
2023-12-03 08:00:00,112,-1.2,2.4,66.0,0.0,0.0,0.02
2023-12-03 08:00:00,119,-3.5,1.1,76.0,0.0,0.2,0.03
2023-12-03 08:00:00,133,-1.6,1.1,57.0,0.0,0.3,0.04
2023-12-03 08:00:00,143,3.9,2.4,60.0,0.0,0.2,0.05
2023-12-03 08:00:00,146,2.2,0.8,69.0,0.0,0.0,0.03
2023-12-03 08:00:00,156,3.7,1.9,93.0,0.0,0.0,0.1
2023-12-03 08:00:00,159,5.4,1.6,49.0,0.0,0.4,0.08
2023-12-03 08:00:00,184,10.9,2.8,51.0,9.0,0.0,0.0
2023-12-03 09:00:00,105,3.3,1.3,40.0,0.0,1.0,0.47
2023-12-03 09:00:00,108,-1.8,1.5,72.0,0.0,1.0,0.43
2023-12-03 09:00:00,112,-0.1,2.2,61.0,0.0,0.8,0.39
2023-12-03 09:00:00,119,-0.6,0.8,68.0,0.0,1.0,0.43
2023-12-03 09:00:00,133,1.4,0.1,52.0,0.0,1.0,0.5
2023-12-03 09:00:00,143,4.8,2.3,48.0,0.0,1.0,0.51
2023-12-03 09:00:00,146,3.9,0.3,63.0,0.0,1.0,0.46
2023-12-03 09:00:00,156,5.3,0.7,76.0,0.0,0.9,0.55
2023-12-03 09:00:00,159,7.7,1.1,44.0,0.0,1.0,0.58
2023-12-03 09:00:00,184,10.7,4.5,59.0,8.0,0.0,0.04
2023-12-03 10:00:00,105,5.5,1.8,32.0,0.0,1.0,1.03
2023-12-03 10:00:00,108,0.2,2.1,64.0,0.0,1.0,1.03
2023-12-03 10:00:00,112,0.8,2.3,59.0,0.0,1.0,1.01
2023-12-03 10:00:00,119,1.8,1.7,52.0,0.0,1.0,1.02
2023-12-03 10:00:00,133,2.9,1.0,40.0,0.0,1.0,1.09
2023-12-03 10:00:00,143,5.7,4.0,38.0,0.0,1.0,1.16
2023-12-03 10:00:00,146,5.0,1.3,57.0,0.0,1.0,1.01
2023-12-03 10:00:00,156,6.6,0.9,65.0,0.0,1.0,1.17
2023-12-03 10:00:00,159,8.7,2.2,40.0,0.0,1.0,1.23
2023-12-03 10:00:00,184,10.8,3.0,56.0,6.0,0.0,0.28
2023-12-03 11:00:00,105,6.6,1.5,30.0,0.0,1.0,1.48
2023-12-03 11:00:00,108,1.3,2.4,55.0,0.0,1.0,1.56
2023-12-03 11:00:00,112,1.6,2.2,54.0,0.0,1.0,1.5
2023-12-03 11:00:00,119,2.7,1.8,42.0,0.0,1.0,1.49
2023-12-03 11:00:00,133,4.2,2.0,40.0,0.0,1.0,1.59
2023-12-03 11:00:00,143,6.9,4.7,32.0,0.0,1.0,1.66
2023-12-03 11:00:00,146,4.9,1.6,54.0,0.0,1.0,1.51
2023-12-03 11:00:00,156,7.7,0.8,61.0,0.0,1.0,1.63
2023-12-03 11:00:00,159,10.3,2.1,37.0,0.0,1.0,1.76
2023-12-03 11:00:00,184,11.1,3.4,52.0,8.0,0.0,0.44
2023-12-03 12:00:00,105,8.2,1.6,27.0,0.0,1.0,1.76
2023-12-03 12:00:00,108,3.0,1.8,49.0,0.0,1.0,1.88
2023-12-03 12:00:00,112,2.7,1.8,40.0,0.0,1.0,1.81
2023-12-03 12:00:00,119,3.7,1.5,38.0,0.0,1.0,1.81
2023-12-03 12:00:00,133,5.6,2.0,35.0,0.0,1.0,1.9
2023-12-03 12:00:00,143,8.1,3.4,29.0,0.0,1.0,1.95
2023-12-03 12:00:00,146,6.2,1.8,50.0,0.0,1.0,1.8
2023-12-03 12:00:00,156,8.5,1.1,56.0,1.0,1.0,2.02
2023-12-03 12:00:00,159,10.6,2.5,28.0,0.0,1.0,2.01
2023-12-03 12:00:00,184,11.7,3.8,46.0,4.0,0.1,0.93
2023-12-03 13:00:00,105,8.1,1.8,31.0,0.0,1.0,1.8
2023-12-03 13:00:00,108,5.0,2.1,43.0,0.0,1.0,1.98
2023-12-03 13:00:00,112,3.8,2.6,43.0,0.0,1.0,1.9
2023-12-03 13:00:00,119,5.7,2.1,36.0,0.0,1.0,1.9
2023-12-03 13:00:00,133,7.0,2.7,34.0,0.0,1.0,1.96
2023-12-03 13:00:00,143,9.6,2.9,24.0,0.0,1.0,2.01
2023-12-03 13:00:00,146,6.7,2.7,47.0,0.0,1.0,1.91
2023-12-03 13:00:00,156,9.1,1.2,51.0,0.0,1.0,2.01
2023-12-03 13:00:00,159,11.3,2.2,28.0,0.0,1.0,2.12
2023-12-03 13:00:00,184,12.4,3.0,46.0,6.0,0.5,1.35
2023-12-03 14:00:00,105,7.8,1.8,34.0,0.0,1.0,1.63
2023-12-03 14:00:00,108,5.3,2.8,35.0,0.0,1.0,1.87
2023-12-03 14:00:00,112,4.2,2.1,44.0,0.0,1.0,1.79
2023-12-03 14:00:00,119,5.5,2.2,29.0,0.0,1.0,1.76
2023-12-03 14:00:00,133,8.3,1.3,32.0,0.0,1.0,1.8
2023-12-03 14:00:00,143,10.1,1.8,22.0,0.0,1.0,1.86
2023-12-03 14:00:00,146,6.7,1.1,45.0,0.0,1.0,1.82
2023-12-03 14:00:00,156,9.5,1.0,48.0,0.0,1.0,1.97
2023-12-03 14:00:00,159,12.0,3.9,27.0,0.0,1.0,1.86
2023-12-03 14:00:00,184,12.2,3.6,53.0,5.0,0.4,1.18
2023-12-03 15:00:00,105,8.7,1.5,35.0,0.0,1.0,1.28
2023-12-03 15:00:00,108,5.8,2.2,33.0,0.0,1.0,1.53
2023-12-03 15:00:00,112,4.4,2.4,45.0,0.0,1.0,1.44
2023-12-03 15:00:00,119,6.5,2.5,34.0,0.0,1.0,1.41
2023-12-03 15:00:00,133,7.8,2.1,32.0,0.0,1.0,1.44
2023-12-03 15:00:00,143,10.2,3.1,22.0,0.0,1.0,1.47
2023-12-03 15:00:00,146,7.0,1.7,48.0,0.0,1.0,1.47
2023-12-03 15:00:00,156,9.2,0.8,49.0,0.0,1.0,1.59
2023-12-03 15:00:00,159,12.4,2.6,25.0,0.0,1.0,1.52
2023-12-03 15:00:00,184,12.2,3.8,52.0,4.0,0.4,0.91
2023-12-03 16:00:00,105,7.9,1.6,41.0,1.0,1.0,0.76
2023-12-03 16:00:00,108,5.2,2.6,32.0,0.0,1.0,0.95
2023-12-03 16:00:00,112,4.3,2.8,44.0,0.0,1.0,0.93
2023-12-03 16:00:00,119,5.8,2.2,34.0,0.0,1.0,0.9
2023-12-03 16:00:00,133,7.4,1.9,35.0,0.0,1.0,0.9
2023-12-03 16:00:00,143,10.0,2.0,23.0,0.0,1.0,0.92
2023-12-03 16:00:00,146,6.9,2.0,51.0,0.0,1.0,0.95
2023-12-03 16:00:00,156,8.3,0.8,51.0,0.0,1.0,1.04
2023-12-03 16:00:00,159,12.1,1.8,25.0,0.0,1.0,0.96
2023-12-03 16:00:00,184,11.7,3.4,49.0,2.0,0.6,0.69
2023-12-03 17:00:00,105,6.2,1.2,47.0,5.0,0.8,0.21
2023-12-03 17:00:00,108,4.0,1.8,38.0,0.0,0.9,0.35
2023-12-03 17:00:00,112,2.9,2.5,47.0,0.0,1.0,0.34
2023-12-03 17:00:00,119,3.9,1.8,40.0,0.0,1.0,0.33
2023-12-03 17:00:00,133,5.5,1.3,40.0,0.0,0.5,0.26
2023-12-03 17:00:00,143,8.3,2.4,26.0,0.0,0.7,0.27
2023-12-03 17:00:00,146,6.0,2.0,56.0,0.0,1.0,0.37
2023-12-03 17:00:00,156,6.9,0.4,57.0,0.0,1.0,0.42
2023-12-03 17:00:00,159,9.6,2.0,28.0,0.0,0.8,0.32
2023-12-03 17:00:00,184,10.8,3.2,49.0,3.0,0.4,0.24
2023-12-03 18:00:00,105,4.2,1.5,53.0,0.0,0.0,0.01
2023-12-03 18:00:00,108,2.7,2.3,46.0,0.0,0.0,0.01
2023-12-03 18:00:00,112,1.9,1.6,55.0,0.0,0.0,0.01
2023-12-03 18:00:00,119,1.6,1.0,45.0,0.0,0.1,0.0
2023-12-03 18:00:00,133,4.3,1.6,46.0,0.0,0.0,0.01
2023-12-03 18:00:00,143,7.3,1.7,28.0,0.0,0.0,0.01
2023-12-03 18:00:00,146,4.7,2.1,60.0,0.0,0.1,0.01
2023-12-03 18:00:00,156,5.8,0.5,61.0,0.0,0.1,0.07
2023-12-03 18:00:00,159,8.4,2.4,37.0,0.0,0.0,0.0
2023-12-03 18:00:00,184,10.2,2.9,55.0,2.0,0.0,0.01
2023-12-03 19:00:00,105,2.9,1.9,53.0,0.0,,
2023-12-03 19:00:00,108,1.8,1.6,55.0,0.0,,
2023-12-03 19:00:00,112,1.3,1.2,59.0,0.0,,
2023-12-03 19:00:00,119,0.2,1.4,54.0,0.0,,
2023-12-03 19:00:00,133,2.5,1.7,51.0,0.0,,
2023-12-03 19:00:00,143,4.7,0.6,37.0,0.0,,
2023-12-03 19:00:00,146,4.5,1.6,59.0,0.0,,
2023-12-03 19:00:00,156,4.4,1.8,68.0,0.0,,
2023-12-03 19:00:00,159,7.5,0.4,35.0,0.0,,
2023-12-03 19:00:00,184,9.7,1.8,57.0,3.0,,
2023-12-03 20:00:00,105,3.4,2.2,44.0,0.0,,
2023-12-03 20:00:00,108,1.2,1.5,58.0,0.0,,
2023-12-03 20:00:00,112,1.1,1.9,64.0,0.0,,
2023-12-03 20:00:00,119,-0.7,0.9,60.0,0.0,,
2023-12-03 20:00:00,133,2.0,0.6,51.0,0.0,,
2023-12-03 20:00:00,143,3.0,0.8,46.0,0.0,,
2023-12-03 20:00:00,146,3.7,0.8,63.0,0.0,,
2023-12-03 20:00:00,156,3.7,1.5,71.0,0.0,,
2023-12-03 20:00:00,159,6.7,1.0,38.0,0.0,,
2023-12-03 20:00:00,184,9.2,1.8,59.0,1.0,,
2023-12-03 21:00:00,105,4.0,2.3,38.0,0.0,,
2023-12-03 21:00:00,108,0.4,0.8,56.0,0.0,,
2023-12-03 21:00:00,112,0.6,1.3,63.0,0.0,,
2023-12-03 21:00:00,119,-1.6,0.6,67.0,0.0,,
2023-12-03 21:00:00,133,1.1,1.2,52.0,0.0,,
2023-12-03 21:00:00,143,1.7,0.2,49.0,0.0,,
2023-12-03 21:00:00,146,2.3,1.1,73.0,0.0,,
2023-12-03 21:00:00,156,2.8,1.1,75.0,0.0,,
2023-12-03 21:00:00,159,6.0,0.4,40.0,0.0,,
2023-12-03 21:00:00,184,8.5,2.1,62.0,5.0,,
2023-12-03 22:00:00,105,4.2,2.8,37.0,0.0,,
2023-12-03 22:00:00,108,-0.1,0.4,61.0,0.0,,
2023-12-03 22:00:00,112,0.1,1.1,61.0,0.0,,
2023-12-03 22:00:00,119,-2.3,0.8,73.0,0.0,,
2023-12-03 22:00:00,133,0.2,1.0,58.0,0.0,,
2023-12-03 22:00:00,143,0.4,0.6,56.0,1.0,,
2023-12-03 22:00:00,146,1.5,1.0,76.0,0.0,,
2023-12-03 22:00:00,156,2.5,1.2,79.0,0.0,,
2023-12-03 22:00:00,159,5.8,0.5,44.0,0.0,,
2023-12-03 22:00:00,184,7.4,2.1,63.0,6.0,,
2023-12-03 23:00:00,105,4.2,2.9,36.0,0.0,,
2023-12-03 23:00:00,108,-0.5,1.2,63.0,0.0,,
2023-12-03 23:00:00,112,-0.3,1.1,62.0,1.0,,
2023-12-03 23:00:00,119,-2.9,0.0,78.0,0.0,,
2023-12-03 23:00:00,133,-0.8,1.3,64.0,0.0,,
2023-12-03 23:00:00,143,0.1,0.5,54.0,0.0,,
2023-12-03 23:00:00,146,0.9,1.6,77.0,0.0,,
2023-12-03 23:00:00,156,2.2,0.9,82.0,0.0,,
2023-12-03 23:00:00,159,5.4,0.7,48.0,0.0,,
2023-12-03 23:00:00,184,6.6,2.2,66.0,6.0,,
2023-12-04 00:00:00,105,4.0,2.4,36.0,0.0,,
2023-12-04 00:00:00,108,-0.8,1.1,59.0,0.0,,
2023-12-04 00:00:00,112,-0.5,1.1,64.0,0.0,,
2023-12-04 00:00:00,119,-3.6,0.6,81.0,0.0,,
2023-12-04 00:00:00,133,-1.5,0.4,69.0,0.0,,
2023-12-04 00:00:00,143,-0.8,0.9,60.0,0.0,,
2023-12-04 00:00:00,146,0.5,1.0,79.0,0.0,,
2023-12-04 00:00:00,156,2.0,0.6,85.0,0.0,,
2023-12-04 00:00:00,159,5.1,0.2,52.0,0.0,,
2023-12-04 00:00:00,184,6.3,2.0,68.0,0.0,,
2023-12-04 01:00:00,105,4.3,3.0,33.0,0.0,,
2023-12-04 01:00:00,108,-1.0,1.5,61.0,0.0,,
2023-12-04 01:00:00,112,-0.2,1.1,62.0,0.0,,
2023-12-04 01:00:00,119,-3.8,0.2,85.0,0.0,,
2023-12-04 01:00:00,133,-1.9,1.6,72.0,0.0,,
2023-12-04 01:00:00,143,-1.6,0.6,68.0,0.0,,
2023-12-04 01:00:00,146,0.3,0.9,79.0,0.0,,
2023-12-04 01:00:00,156,1.1,0.1,90.0,0.0,,
2023-12-04 01:00:00,159,5.0,0.6,53.0,0.0,,
2023-12-04 01:00:00,184,6.2,1.9,70.0,2.0,,
2023-12-04 02:00:00,105,4.1,2.4,33.0,0.0,,
2023-12-04 02:00:00,108,-1.4,1.6,64.0,0.0,,
2023-12-04 02:00:00,112,-0.6,0.9,64.0,0.0,,
2023-12-04 02:00:00,119,-4.4,0.1,87.0,0.0,,
2023-12-04 02:00:00,133,-2.5,1.0,75.0,0.0,,
2023-12-04 02:00:00,143,-1.8,0.9,71.0,0.0,,
2023-12-04 02:00:00,146,-0.6,1.1,83.0,0.0,,
2023-12-04 02:00:00,156,0.8,0.2,91.0,0.0,,
2023-12-04 02:00:00,159,4.9,0.9,49.0,0.0,,
2023-12-04 02:00:00,184,6.1,1.7,72.0,3.0,,
2023-12-04 03:00:00,105,4.1,2.2,31.0,0.0,,
2023-12-04 03:00:00,108,-1.9,2.3,69.0,0.0,,
2023-12-04 03:00:00,112,-0.7,1.6,68.0,0.0,,
2023-12-04 03:00:00,119,-4.5,0.0,88.0,0.0,,
2023-12-04 03:00:00,133,-2.7,0.5,77.0,0.0,,
2023-12-04 03:00:00,143,-2.6,0.6,70.0,0.0,,
2023-12-04 03:00:00,146,-1.0,1.6,84.0,0.0,,
2023-12-04 03:00:00,156,-0.1,0.0,96.0,0.0,,
2023-12-04 03:00:00,159,4.6,0.7,52.0,0.0,,
2023-12-04 03:00:00,184,5.7,2.7,74.0,2.0,,
2023-12-04 04:00:00,105,4.2,2.1,29.0,1.0,,
2023-12-04 04:00:00,108,-2.3,1.9,71.0,0.0,,
2023-12-04 04:00:00,112,-0.9,0.8,67.0,0.0,,
2023-12-04 04:00:00,119,-4.6,0.3,88.0,0.0,,
2023-12-04 04:00:00,133,-3.2,0.7,80.0,0.0,,
2023-12-04 04:00:00,143,-2.8,0.4,72.0,0.0,,
2023-12-04 04:00:00,146,-1.2,1.9,84.0,0.0,,
2023-12-04 04:00:00,156,-0.3,0.2,97.0,0.0,,
2023-12-04 04:00:00,159,4.6,1.1,47.0,0.0,,
2023-12-04 04:00:00,184,5.3,2.4,73.0,2.0,,
2023-12-04 05:00:00,105,4.5,2.6,28.0,1.0,,
2023-12-04 05:00:00,108,-2.5,1.5,71.0,0.0,,
2023-12-04 05:00:00,112,-1.4,1.1,68.0,0.0,,
2023-12-04 05:00:00,119,-5.1,0.9,91.0,0.0,,
2023-12-04 05:00:00,133,-3.4,0.3,82.0,0.0,,
2023-12-04 05:00:00,143,-2.9,0.8,75.0,0.0,,
2023-12-04 05:00:00,146,-1.3,1.2,85.0,0.0,,
2023-12-04 05:00:00,156,-1.0,0.1,98.0,0.0,,
2023-12-04 05:00:00,159,4.5,1.0,49.0,0.0,,
2023-12-04 05:00:00,184,5.3,1.8,72.0,2.0,,
2023-12-04 06:00:00,105,4.8,3.1,25.0,0.0,,
2023-12-04 06:00:00,108,-2.7,1.8,72.0,0.0,,
2023-12-04 06:00:00,112,-1.8,1.0,69.0,0.0,,
2023-12-04 06:00:00,119,-4.7,0.6,90.0,0.0,,
2023-12-04 06:00:00,133,-3.9,1.0,84.0,0.0,,
2023-12-04 06:00:00,143,-3.2,0.0,72.0,0.0,,
2023-12-04 06:00:00,146,-1.4,1.0,85.0,0.0,,
2023-12-04 06:00:00,156,-0.9,0.5,98.0,0.0,,
2023-12-04 06:00:00,159,5.3,1.6,39.0,0.0,,
2023-12-04 06:00:00,184,5.2,1.4,74.0,0.0,,
2023-12-04 07:00:00,105,4.6,2.4,28.0,0.0,,
2023-12-04 07:00:00,108,-2.6,1.6,71.0,0.0,,
2023-12-04 07:00:00,112,-1.8,1.4,70.0,0.0,,
2023-12-04 07:00:00,119,-4.7,0.8,91.0,0.0,,
2023-12-04 07:00:00,133,-4.0,1.2,85.0,0.0,,
2023-12-04 07:00:00,143,-3.6,0.1,77.0,0.0,,
2023-12-04 07:00:00,146,-1.9,1.7,86.0,0.0,,
2023-12-04 07:00:00,156,-1.2,0.1,98.0,0.0,,
2023-12-04 07:00:00,159,5.5,2.7,38.0,0.0,,
2023-12-04 07:00:00,184,4.7,2.1,77.0,0.0,,
2023-12-04 08:00:00,105,4.9,2.6,28.0,6.0,0.3,0.05
2023-12-04 08:00:00,108,-3.0,2.3,73.0,0.0,0.2,0.03
2023-12-04 08:00:00,112,-1.4,1.6,71.0,0.0,0.0,0.02
2023-12-04 08:00:00,119,-4.4,0.1,92.0,0.0,0.2,0.04
2023-12-04 08:00:00,133,-3.8,0.7,86.0,0.0,0.3,0.04
2023-12-04 08:00:00,143,-3.0,0.5,74.0,0.0,0.4,0.06
2023-12-04 08:00:00,146,-1.5,0.7,85.0,0.0,0.0,0.03
2023-12-04 08:00:00,156,-1.2,0.0,98.0,0.0,0.0,0.09
2023-12-04 08:00:00,159,5.8,1.0,47.0,0.0,0.5,0.09
2023-12-04 08:00:00,184,4.7,2.0,79.0,1.0,0.0,0.0
2023-12-04 09:00:00,105,6.9,3.4,24.0,1.0,1.0,0.47
2023-12-04 09:00:00,108,-1.6,2.2,72.0,0.0,1.0,0.43
2023-12-04 09:00:00,112,1.2,1.8,63.0,0.0,0.8,0.37
2023-12-04 09:00:00,119,-0.5,0.0,77.0,0.0,1.0,0.62
2023-12-04 09:00:00,133,-0.8,0.0,73.0,0.0,1.0,0.51
2023-12-04 09:00:00,143,0.3,1.2,63.0,0.0,1.0,0.52
2023-12-04 09:00:00,146,0.7,1.0,74.0,0.0,1.0,0.63
2023-12-04 09:00:00,156,0.9,0.1,93.0,0.0,1.0,0.69
2023-12-04 09:00:00,159,8.6,0.9,42.0,0.0,1.0,0.62
2023-12-04 09:00:00,184,6.4,1.7,75.0,0.0,0.6,0.37
2023-12-04 10:00:00,105,9.2,3.2,22.0,0.0,1.0,1.03
2023-12-04 10:00:00,108,0.9,2.3,61.0,0.0,1.0,0.98
2023-12-04 10:00:00,112,2.8,1.7,54.0,0.0,1.0,0.98
2023-12-04 10:00:00,119,2.7,1.3,57.0,0.0,1.0,1.19
2023-12-04 10:00:00,133,1.3,1.0,64.0,0.0,1.0,1.08
2023-12-04 10:00:00,143,2.7,1.2,55.0,0.0,1.0,1.1
2023-12-04 10:00:00,146,3.1,1.0,65.0,0.0,1.0,1.21
2023-12-04 10:00:00,156,2.6,1.0,80.0,0.0,1.0,1.22
2023-12-04 10:00:00,159,10.5,1.9,36.0,0.0,1.0,1.28
2023-12-04 10:00:00,184,11.1,0.4,59.0,1.0,1.0,1.1
2023-12-04 11:00:00,105,10.9,3.0,19.0,0.0,1.0,1.49
2023-12-04 11:00:00,108,3.3,1.8,52.0,0.0,1.0,1.53
2023-12-04 11:00:00,112,4.9,2.5,46.0,0.0,1.0,1.47
2023-12-04 11:00:00,119,4.3,1.8,50.0,0.0,1.0,1.52
2023-12-04 11:00:00,133,4.3,1.2,53.0,0.0,1.0,1.59
2023-12-04 11:00:00,143,5.3,0.9,48.0,0.0,1.0,1.57
2023-12-04 11:00:00,146,5.7,1.0,54.0,0.0,1.0,1.56
2023-12-04 11:00:00,156,4.8,0.7,69.0,1.0,1.0,1.74
2023-12-04 11:00:00,159,11.4,2.5,30.0,0.0,1.0,1.8
2023-12-04 11:00:00,184,11.6,1.0,58.0,4.0,1.0,1.49
2023-12-04 12:00:00,105,12.4,2.2,18.0,0.0,1.0,1.76
2023-12-04 12:00:00,108,5.2,1.1,45.0,0.0,1.0,1.83
2023-12-04 12:00:00,112,6.9,2.7,40.0,0.0,1.0,1.77
2023-12-04 12:00:00,119,6.3,1.7,40.0,0.0,1.0,1.81
2023-12-04 12:00:00,133,6.4,1.0,42.0,0.0,1.0,1.9
2023-12-04 12:00:00,143,8.3,2.1,36.0,0.0,1.0,1.88
2023-12-04 12:00:00,146,7.3,1.4,54.0,0.0,1.0,1.85
2023-12-04 12:00:00,156,6.4,1.4,59.0,1.0,1.0,2.07
2023-12-04 12:00:00,159,11.3,4.6,29.0,0.0,1.0,2.11
2023-12-04 12:00:00,184,12.3,2.8,57.0,2.0,0.9,1.7
2023-12-04 13:00:00,105,13.0,2.5,18.0,0.0,1.0,1.82
2023-12-04 13:00:00,108,7.1,1.0,41.0,0.0,1.0,1.92
2023-12-04 13:00:00,112,8.3,1.6,38.0,1.0,1.0,1.86
2023-12-04 13:00:00,119,6.7,1.7,34.0,0.0,1.0,1.88
2023-12-04 13:00:00,133,7.9,1.8,39.0,0.0,1.0,1.95
2023-12-04 13:00:00,143,9.2,2.4,34.0,0.0,1.0,1.97
2023-12-04 13:00:00,146,7.9,1.4,48.0,0.0,1.0,1.94
2023-12-04 13:00:00,156,8.3,0.6,42.0,5.0,1.0,1.92
2023-12-04 13:00:00,159,12.5,4.3,26.0,1.0,1.0,2.19
2023-12-04 13:00:00,184,13.1,2.9,54.0,7.0,1.0,2.08
2023-12-04 14:00:00,105,13.7,2.2,17.0,0.0,1.0,1.65
2023-12-04 14:00:00,108,8.0,1.8,36.0,7.0,0.6,1.44
2023-12-04 14:00:00,112,7.9,2.6,43.0,4.0,0.6,1.35
2023-12-04 14:00:00,119,7.9,0.7,34.0,4.0,0.9,1.59
2023-12-04 14:00:00,133,8.4,1.5,37.0,0.0,1.0,1.8
2023-12-04 14:00:00,143,11.0,2.5,30.0,0.0,1.0,1.79
2023-12-04 14:00:00,146,8.2,1.4,45.0,0.0,1.0,1.82
2023-12-04 14:00:00,156,8.5,0.6,36.0,9.0,0.6,1.25
2023-12-04 14:00:00,159,12.2,4.8,23.0,2.0,1.0,1.78
2023-12-04 14:00:00,184,12.4,3.1,57.0,4.0,1.0,1.74
2023-12-04 15:00:00,105,12.6,4.6,18.0,2.0,1.0,1.32
2023-12-04 15:00:00,108,8.8,1.4,44.0,6.0,0.5,1.03
2023-12-04 15:00:00,112,8.4,2.7,48.0,2.0,0.5,1.24
2023-12-04 15:00:00,119,8.3,0.4,36.0,6.0,0.5,0.96
2023-12-04 15:00:00,133,9.5,1.3,34.0,0.0,1.0,1.44
2023-12-04 15:00:00,143,11.1,2.3,31.0,0.0,1.0,1.42
2023-12-04 15:00:00,146,8.8,1.4,37.0,0.0,1.0,1.46
2023-12-04 15:00:00,156,8.8,0.4,42.0,9.0,0.8,1.2
2023-12-04 15:00:00,159,12.6,5.0,24.0,1.0,1.0,1.6
2023-12-04 15:00:00,184,11.7,2.5,60.0,8.0,0.8,1.16
2023-12-04 16:00:00,105,12.1,3.6,19.0,0.0,1.0,0.81
2023-12-04 16:00:00,108,9.0,1.3,42.0,0.0,1.0,0.89
2023-12-04 16:00:00,112,8.1,2.4,54.0,1.0,1.0,0.86
2023-12-04 16:00:00,119,8.2,1.9,39.0,0.0,0.6,0.65
2023-12-04 16:00:00,133,8.4,1.8,36.0,0.0,1.0,0.89
2023-12-04 16:00:00,143,11.3,2.2,26.0,0.0,1.0,0.84
2023-12-04 16:00:00,146,8.3,1.6,33.0,7.0,0.7,0.57
2023-12-04 16:00:00,156,9.0,0.1,45.0,9.0,0.3,0.69
2023-12-04 16:00:00,159,12.2,4.2,44.0,1.0,1.0,0.99
2023-12-04 16:00:00,184,10.9,2.2,63.0,7.0,0.0,0.53
2023-12-04 17:00:00,105,10.0,1.9,22.0,1.0,0.8,0.23
2023-12-04 17:00:00,108,7.5,1.5,48.0,1.0,0.9,0.31
2023-12-04 17:00:00,112,6.9,2.3,59.0,2.0,0.9,0.31
2023-12-04 17:00:00,119,7.0,1.5,46.0,0.0,0.9,0.27
2023-12-04 17:00:00,133,6.5,1.5,41.0,6.0,0.4,0.21
2023-12-04 17:00:00,143,10.0,1.1,28.0,6.0,0.5,0.24
2023-12-04 17:00:00,146,7.6,1.1,34.0,9.0,0.1,0.21
2023-12-04 17:00:00,156,8.8,0.6,47.0,8.0,0.0,0.24
2023-12-04 17:00:00,159,10.4,2.3,44.0,3.0,0.7,0.29
2023-12-04 17:00:00,184,10.4,0.8,63.0,7.0,0.1,0.23
2023-12-04 18:00:00,105,8.8,2.9,25.0,0.0,0.0,0.0
2023-12-04 18:00:00,108,6.2,1.0,55.0,5.0,0.0,0.0
2023-12-04 18:00:00,112,6.5,2.2,62.0,7.0,0.0,0.0
2023-12-04 18:00:00,119,5.2,1.3,54.0,0.0,0.0,0.0
2023-12-04 18:00:00,133,5.2,1.0,46.0,9.0,0.0,0.0
2023-12-04 18:00:00,143,7.9,1.7,37.0,6.0,0.0,0.01
2023-12-04 18:00:00,146,6.9,0.7,39.0,8.0,0.0,0.01
2023-12-04 18:00:00,156,8.2,0.2,50.0,9.0,0.0,0.07
2023-12-04 18:00:00,159,8.7,2.5,46.0,2.0,0.0,0.0
2023-12-04 18:00:00,184,9.7,1.1,65.0,8.0,0.0,0.01
2023-12-04 19:00:00,105,8.1,3.5,28.0,0.0,,
2023-12-04 19:00:00,108,5.8,1.3,58.0,0.0,,
2023-12-04 19:00:00,112,6.0,2.3,61.0,7.0,,
2023-12-04 19:00:00,119,3.8,0.8,62.0,5.0,,
2023-12-04 19:00:00,133,4.6,1.3,50.0,8.0,,
2023-12-04 19:00:00,143,6.5,0.2,41.0,7.0,,
2023-12-04 19:00:00,146,6.7,0.6,42.0,10.0,,
2023-12-04 19:00:00,156,7.4,0.4,54.0,9.0,,
2023-12-04 19:00:00,159,8.8,2.0,44.0,6.0,,
2023-12-04 19:00:00,184,9.6,1.2,67.0,10.0,,
2023-12-04 20:00:00,105,7.3,2.3,32.0,6.0,,
2023-12-04 20:00:00,108,5.0,2.0,61.0,0.0,,
2023-12-04 20:00:00,112,5.8,2.4,62.0,7.0,,
2023-12-04 20:00:00,119,2.9,1.3,67.0,0.0,,
2023-12-04 20:00:00,133,3.8,0.6,54.0,8.0,,
2023-12-04 20:00:00,143,5.4,0.2,48.0,9.0,,
2023-12-04 20:00:00,146,6.1,0.6,44.0,10.0,,
2023-12-04 20:00:00,156,7.2,0.1,55.0,10.0,,
2023-12-04 20:00:00,159,8.7,3.2,41.0,8.0,,
2023-12-04 20:00:00,184,9.3,1.4,69.0,8.0,,
2023-12-04 21:00:00,105,6.9,2.2,35.0,6.0,,
2023-12-04 21:00:00,108,4.0,1.6,62.0,1.0,,
2023-12-04 21:00:00,112,5.5,2.5,63.0,8.0,,
2023-12-04 21:00:00,119,2.1,0.3,71.0,1.0,,
2023-12-04 21:00:00,133,3.4,1.0,58.0,9.0,,
2023-12-04 21:00:00,143,4.9,1.5,51.0,9.0,,
2023-12-04 21:00:00,146,5.7,0.8,52.0,9.0,,
2023-12-04 21:00:00,156,6.7,0.2,60.0,5.0,,
2023-12-04 21:00:00,159,8.8,2.4,42.0,10.0,,
2023-12-04 21:00:00,184,8.6,2.0,71.0,4.0,,
2023-12-04 22:00:00,105,6.8,2.4,39.0,6.0,,
2023-12-04 22:00:00,108,3.2,2.0,62.0,0.0,,
2023-12-04 22:00:00,112,5.7,2.3,61.0,9.0,,
2023-12-04 22:00:00,119,2.0,0.5,75.0,0.0,,
2023-12-04 22:00:00,133,2.6,0.0,62.0,7.0,,
2023-12-04 22:00:00,143,4.7,0.3,53.0,10.0,,
2023-12-04 22:00:00,146,4.5,0.6,55.0,6.0,,
2023-12-04 22:00:00,156,5.8,0.1,60.0,9.0,,
2023-12-04 22:00:00,159,8.6,1.7,42.0,10.0,,
2023-12-04 22:00:00,184,8.1,1.8,69.0,8.0,,
2023-12-04 23:00:00,105,6.1,1.3,44.0,5.0,,
2023-12-04 23:00:00,108,3.5,1.7,61.0,0.0,,
2023-12-04 23:00:00,112,5.6,2.3,60.0,9.0,,
2023-12-04 23:00:00,119,2.6,1.0,72.0,2.0,,
2023-12-04 23:00:00,133,1.5,2.4,68.0,6.0,,
2023-12-04 23:00:00,143,4.3,0.3,56.0,10.0,,
2023-12-04 23:00:00,146,4.2,0.7,55.0,6.0,,
2023-12-04 23:00:00,156,5.4,0.4,70.0,8.0,,
2023-12-04 23:00:00,159,8.2,1.3,45.0,8.0,,
2023-12-04 23:00:00,184,8.2,1.6,72.0,9.0,,
2023-12-05 00:00:00,105,5.4,2.1,45.0,1.0,,
2023-12-05 00:00:00,108,3.8,2.4,57.0,8.0,,
2023-12-05 00:00:00,112,5.2,1.8,59.0,9.0,,
2023-12-05 00:00:00,119,2.9,0.5,69.0,7.0,,
2023-12-05 00:00:00,133,1.0,0.2,69.0,4.0,,
2023-12-05 00:00:00,143,3.6,0.5,55.0,8.0,,
2023-12-05 00:00:00,146,2.5,1.1,63.0,6.0,,
2023-12-05 00:00:00,156,4.9,0.1,76.0,7.0,,
2023-12-05 00:00:00,159,8.7,3.2,37.0,9.0,,
2023-12-05 00:00:00,184,8.3,1.5,72.0,8.0,,
2023-12-05 01:00:00,105,5.3,2.5,48.0,0.0,,
2023-12-05 01:00:00,108,3.9,2.6,55.0,1.0,,
2023-12-05 01:00:00,112,5.1,2.5,59.0,9.0,,
2023-12-05 01:00:00,119,2.2,1.0,71.0,7.0,,
2023-12-05 01:00:00,133,0.4,1.7,73.0,6.0,,
2023-12-05 01:00:00,143,2.6,0.5,61.0,8.0,,
2023-12-05 01:00:00,146,2.3,0.9,65.0,7.0,,
2023-12-05 01:00:00,156,4.9,0.6,76.0,9.0,,
2023-12-05 01:00:00,159,8.9,3.0,36.0,9.0,,
2023-12-05 01:00:00,184,8.5,2.1,73.0,10.0,,
2023-12-05 02:00:00,105,4.7,2.3,51.0,1.0,,
2023-12-05 02:00:00,108,3.9,1.8,54.0,0.0,,
2023-12-05 02:00:00,112,5.1,2.4,57.0,8.0,,
2023-12-05 02:00:00,119,2.0,0.4,67.0,1.0,,
2023-12-05 02:00:00,133,-0.2,0.2,76.0,3.0,,
2023-12-05 02:00:00,143,1.8,0.0,63.0,7.0,,
2023-12-05 02:00:00,146,1.5,1.6,65.0,5.0,,
2023-12-05 02:00:00,156,4.4,1.0,74.0,9.0,,
2023-12-05 02:00:00,159,8.6,3.1,35.0,8.0,,
2023-12-05 02:00:00,184,8.7,1.9,72.0,10.0,,
2023-12-05 03:00:00,105,4.8,3.0,48.0,0.0,,
2023-12-05 03:00:00,108,3.9,2.7,55.0,8.0,,
2023-12-05 03:00:00,112,5.3,3.0,56.0,9.0,,
2023-12-05 03:00:00,119,2.2,1.2,61.0,1.0,,
2023-12-05 03:00:00,133,-0.9,1.4,79.0,0.0,,
2023-12-05 03:00:00,143,1.0,0.4,67.0,2.0,,
2023-12-05 03:00:00,146,1.3,0.7,69.0,3.0,,
2023-12-05 03:00:00,156,3.3,0.7,78.0,4.0,,
2023-12-05 03:00:00,159,7.9,1.9,39.0,7.0,,
2023-12-05 03:00:00,184,8.9,2.4,73.0,5.0,,
2023-12-05 04:00:00,105,4.6,2.7,52.0,0.0,,
2023-12-05 04:00:00,108,3.9,2.0,54.0,8.0,,
2023-12-05 04:00:00,112,5.0,2.2,57.0,8.0,,
2023-12-05 04:00:00,119,2.0,1.8,58.0,7.0,,
2023-12-05 04:00:00,133,-1.3,0.2,81.0,0.0,,
2023-12-05 04:00:00,143,0.0,0.2,74.0,1.0,,
2023-12-05 04:00:00,146,0.6,0.6,68.0,0.0,,
2023-12-05 04:00:00,156,3.3,0.6,76.0,3.0,,
2023-12-05 04:00:00,159,7.8,1.8,35.0,8.0,,
2023-12-05 04:00:00,184,8.6,2.2,76.0,6.0,,
2023-12-05 05:00:00,105,4.8,3.7,52.0,2.0,,
2023-12-05 05:00:00,108,4.0,3.0,54.0,9.0,,
2023-12-05 05:00:00,112,4.8,0.9,57.0,9.0,,
2023-12-05 05:00:00,119,2.7,0.9,57.0,9.0,,
2023-12-05 05:00:00,133,-1.5,0.5,83.0,2.0,,
2023-12-05 05:00:00,143,-0.6,0.9,76.0,6.0,,
2023-12-05 05:00:00,146,0.5,1.8,70.0,0.0,,
2023-12-05 05:00:00,156,3.1,0.4,83.0,6.0,,
2023-12-05 05:00:00,159,6.9,1.0,43.0,9.0,,
2023-12-05 05:00:00,184,8.7,2.1,76.0,5.0,,
2023-12-05 06:00:00,105,4.6,2.6,53.0,0.0,,
2023-12-05 06:00:00,108,4.2,2.0,54.0,9.0,,
2023-12-05 06:00:00,112,4.8,1.5,58.0,9.0,,
2023-12-05 06:00:00,119,3.0,1.2,55.0,8.0,,
2023-12-05 06:00:00,133,-1.6,0.5,83.0,3.0,,
2023-12-05 06:00:00,143,0.0,1.7,74.0,7.0,,
2023-12-05 06:00:00,146,0.7,1.6,69.0,6.0,,
2023-12-05 06:00:00,156,2.0,0.4,87.0,7.0,,
2023-12-05 06:00:00,159,6.3,0.9,42.0,6.0,,
2023-12-05 06:00:00,184,8.4,2.0,76.0,4.0,,
2023-12-05 07:00:00,105,4.3,3.3,55.0,0.0,,
2023-12-05 07:00:00,108,4.2,3.3,56.0,8.0,,
2023-12-05 07:00:00,112,4.6,2.6,57.0,9.0,,
2023-12-05 07:00:00,119,2.1,1.4,59.0,6.0,,
2023-12-05 07:00:00,133,-1.6,0.5,83.0,7.0,,
2023-12-05 07:00:00,143,-0.1,0.8,72.0,7.0,,
2023-12-05 07:00:00,146,0.9,1.0,68.0,8.0,,
2023-12-05 07:00:00,156,2.4,0.3,86.0,6.0,,
2023-12-05 07:00:00,159,5.7,0.8,46.0,3.0,,
2023-12-05 07:00:00,184,7.7,2.6,76.0,4.0,,
2023-12-05 08:00:00,105,4.7,4.0,55.0,0.0,0.2,0.03
2023-12-05 08:00:00,108,3.9,2.9,57.0,8.0,0.0,0.02
2023-12-05 08:00:00,112,4.7,2.5,56.0,8.0,0.0,0.02
2023-12-05 08:00:00,119,3.1,2.4,55.0,2.0,0.0,0.02
2023-12-05 08:00:00,133,-1.5,0.6,84.0,6.0,0.0,0.02
2023-12-05 08:00:00,143,-0.1,0.0,71.0,7.0,0.0,0.04
2023-12-05 08:00:00,146,1.9,1.6,64.0,8.0,0.0,0.02
2023-12-05 08:00:00,156,2.9,0.0,84.0,8.0,0.0,0.11
2023-12-05 08:00:00,159,6.4,0.6,44.0,3.0,0.2,0.07
2023-12-05 08:00:00,184,7.9,2.0,74.0,6.0,0.0,0.0
2023-12-05 09:00:00,105,6.3,3.5,50.0,0.0,1.0,0.41
2023-12-05 09:00:00,108,4.4,2.9,56.0,4.0,0.4,0.33
2023-12-05 09:00:00,112,5.4,1.2,54.0,6.0,0.5,0.28
2023-12-05 09:00:00,119,5.2,2.8,50.0,6.0,1.0,0.44
2023-12-05 09:00:00,133,0.2,0.4,76.0,7.0,0.4,0.34
2023-12-05 09:00:00,143,3.2,1.3,60.0,2.0,1.0,0.48
2023-12-05 09:00:00,146,3.6,0.9,59.0,9.0,0.2,0.28
2023-12-05 09:00:00,156,4.2,0.4,74.0,2.0,1.0,0.53
2023-12-05 09:00:00,159,10.3,0.9,38.0,6.0,1.0,0.67
2023-12-05 09:00:00,184,9.4,1.5,70.0,0.0,0.5,0.38
2023-12-05 10:00:00,105,8.9,2.4,44.0,2.0,1.0,0.92
2023-12-05 10:00:00,108,5.3,2.9,53.0,8.0,0.6,0.54
2023-12-05 10:00:00,112,6.3,1.0,53.0,9.0,0.3,0.64
2023-12-05 10:00:00,119,6.0,1.9,48.0,8.0,0.5,0.74
2023-12-05 10:00:00,133,2.8,1.0,65.0,4.0,0.6,0.7
2023-12-05 10:00:00,143,5.2,0.6,53.0,2.0,1.0,1.06
2023-12-05 10:00:00,146,5.1,0.6,54.0,9.0,0.3,0.46
2023-12-05 10:00:00,156,6.1,0.4,63.0,6.0,1.0,1.16
2023-12-05 10:00:00,159,12.7,1.9,29.0,4.0,1.0,1.1
2023-12-05 10:00:00,184,14.2,0.5,44.0,0.0,1.0,1.02
2023-12-05 11:00:00,105,11.8,0.8,36.0,1.0,1.0,1.34
2023-12-05 11:00:00,108,7.3,3.2,49.0,8.0,1.0,1.15
2023-12-05 11:00:00,112,7.1,1.4,52.0,7.0,0.1,0.7
2023-12-05 11:00:00,119,7.8,2.3,44.0,8.0,0.7,1.02
2023-12-05 11:00:00,133,6.0,1.2,52.0,5.0,1.0,1.44
2023-12-05 11:00:00,143,8.1,1.2,44.0,3.0,1.0,1.56
2023-12-05 11:00:00,146,8.8,0.5,45.0,8.0,0.6,1.17
2023-12-05 11:00:00,156,8.9,0.8,52.0,8.0,1.0,1.61
2023-12-05 11:00:00,159,14.5,2.5,26.0,6.0,1.0,1.75
2023-12-05 11:00:00,184,17.3,2.2,36.0,0.0,1.0,1.52
2023-12-05 12:00:00,105,13.2,1.6,40.0,2.0,1.0,1.59
2023-12-05 12:00:00,108,8.2,1.6,50.0,7.0,0.7,1.02
2023-12-05 12:00:00,112,7.8,1.5,49.0,9.0,0.0,0.67
2023-12-05 12:00:00,119,9.1,1.6,44.0,8.0,0.7,1.33
2023-12-05 12:00:00,133,8.4,2.0,45.0,7.0,1.0,1.53
2023-12-05 12:00:00,143,10.0,1.7,34.0,4.0,1.0,1.82
2023-12-05 12:00:00,146,10.7,0.9,40.0,4.0,1.0,1.79
2023-12-05 12:00:00,156,11.4,0.9,40.0,6.0,1.0,1.88
2023-12-05 12:00:00,159,14.6,2.3,28.0,7.0,0.5,1.35
2023-12-05 12:00:00,184,18.3,1.8,33.0,0.0,1.0,1.86
2023-12-05 13:00:00,105,13.5,2.1,41.0,1.0,1.0,1.63
2023-12-05 13:00:00,108,10.1,1.3,47.0,8.0,1.0,1.71
2023-12-05 13:00:00,112,8.7,0.9,49.0,8.0,0.1,0.95
2023-12-05 13:00:00,119,10.4,2.4,42.0,7.0,0.9,1.41
2023-12-05 13:00:00,133,9.4,1.2,45.0,8.0,0.7,1.43
2023-12-05 13:00:00,143,11.2,1.1,30.0,5.0,1.0,1.7
2023-12-05 13:00:00,146,11.5,1.3,42.0,2.0,1.0,1.88
2023-12-05 13:00:00,156,13.7,0.4,43.0,5.0,1.0,2.0
2023-12-05 13:00:00,159,15.8,2.1,29.0,6.0,1.0,1.74
2023-12-05 13:00:00,184,17.8,2.5,41.0,2.0,1.0,2.02
2023-12-05 14:00:00,105,13.6,2.4,41.0,2.0,1.0,1.49
2023-12-05 14:00:00,108,10.5,1.2,48.0,7.0,0.4,0.97
2023-12-05 14:00:00,112,10.1,2.1,47.0,6.0,0.3,1.01
2023-12-05 14:00:00,119,10.9,1.7,42.0,7.0,0.7,1.25
2023-12-05 14:00:00,133,11.0,1.8,39.0,7.0,1.0,1.69
2023-12-05 14:00:00,143,12.5,2.0,23.0,6.0,1.0,1.68
2023-12-05 14:00:00,146,11.6,1.7,42.0,3.0,1.0,1.7
2023-12-05 14:00:00,156,13.8,0.5,45.0,5.0,1.0,1.73
2023-12-05 14:00:00,159,14.8,2.4,32.0,7.0,1.0,1.44
2023-12-05 14:00:00,184,17.6,2.6,41.0,1.0,1.0,1.86
2023-12-05 15:00:00,105,13.0,2.3,46.0,4.0,1.0,1.16
2023-12-05 15:00:00,108,12.4,1.0,44.0,1.0,1.0,1.38
2023-12-05 15:00:00,112,10.3,2.2,47.0,1.0,0.5,1.02
2023-12-05 15:00:00,119,11.7,1.7,41.0,3.0,0.9,1.23
2023-12-05 15:00:00,133,10.1,1.8,42.0,6.0,0.8,1.05
2023-12-05 15:00:00,143,13.5,1.3,20.0,6.0,1.0,1.38
2023-12-05 15:00:00,146,12.7,0.8,43.0,6.0,0.9,1.21
2023-12-05 15:00:00,156,14.6,0.9,45.0,5.0,1.0,1.48
2023-12-05 15:00:00,159,15.6,2.3,35.0,3.0,0.9,1.27
2023-12-05 15:00:00,184,17.3,2.0,41.0,0.0,1.0,1.47
2023-12-05 16:00:00,105,12.2,1.9,41.0,1.0,1.0,0.67
2023-12-05 16:00:00,108,12.1,1.5,44.0,1.0,0.9,0.7
2023-12-05 16:00:00,112,10.5,2.0,47.0,0.0,1.0,0.75
2023-12-05 16:00:00,119,11.3,2.6,43.0,5.0,1.0,0.77
2023-12-05 16:00:00,133,10.2,0.3,43.0,4.0,0.7,0.76
2023-12-05 16:00:00,143,12.8,2.0,18.0,8.0,0.7,0.68
2023-12-05 16:00:00,146,12.4,0.8,45.0,2.0,0.9,0.69
2023-12-05 16:00:00,156,13.8,1.4,49.0,4.0,1.0,0.9
2023-12-05 16:00:00,159,14.8,1.1,34.0,3.0,1.0,0.87
2023-12-05 16:00:00,184,16.3,1.1,39.0,0.0,1.0,0.91
2023-12-05 17:00:00,105,10.5,0.5,45.0,5.0,0.6,0.18
2023-12-05 17:00:00,108,10.7,0.6,48.0,0.0,0.8,0.26
2023-12-05 17:00:00,112,9.4,1.7,51.0,0.0,0.9,0.26
2023-12-05 17:00:00,119,9.9,2.0,46.0,0.0,0.9,0.25
2023-12-05 17:00:00,133,9.2,0.8,46.0,1.0,0.3,0.27
2023-12-05 17:00:00,143,11.9,2.6,27.0,6.0,0.4,0.26
2023-12-05 17:00:00,146,11.8,0.9,47.0,0.0,1.0,0.34
2023-12-05 17:00:00,156,12.1,0.5,55.0,1.0,0.4,0.24
2023-12-05 17:00:00,159,12.7,1.2,42.0,4.0,0.6,0.32
2023-12-05 17:00:00,184,14.3,0.3,46.0,0.0,1.0,0.32
2023-12-05 18:00:00,105,8.3,1.5,56.0,0.0,0.0,0.0
2023-12-05 18:00:00,108,8.9,1.3,55.0,0.0,0.0,0.01
2023-12-05 18:00:00,112,8.1,2.7,57.0,0.0,0.0,0.01
2023-12-05 18:00:00,119,7.8,0.4,53.0,0.0,0.0,0.01
2023-12-05 18:00:00,133,7.6,0.9,52.0,0.0,0.0,0.01
2023-12-05 18:00:00,143,9.6,0.7,34.0,5.0,0.0,0.01
2023-12-05 18:00:00,146,10.6,1.3,52.0,0.0,0.0,0.01
2023-12-05 18:00:00,156,11.1,0.7,59.0,0.0,0.0,0.07
2023-12-05 18:00:00,159,11.1,1.5,52.0,3.0,0.0,0.01
2023-12-05 18:00:00,184,11.9,1.0,55.0,0.0,0.0,0.0
2023-12-05 19:00:00,105,7.1,2.3,60.0,0.0,,
2023-12-05 19:00:00,108,7.8,1.3,58.0,0.0,,
2023-12-05 19:00:00,112,7.7,2.0,60.0,0.0,,
2023-12-05 19:00:00,119,5.7,0.3,62.0,0.0,,
2023-12-05 19:00:00,133,5.8,1.3,60.0,0.0,,
2023-12-05 19:00:00,143,7.6,0.8,43.0,0.0,,
2023-12-05 19:00:00,146,8.8,1.5,60.0,0.0,,
2023-12-05 19:00:00,156,10.1,0.4,65.0,0.0,,
2023-12-05 19:00:00,159,10.4,0.7,53.0,0.0,,
2023-12-05 19:00:00,184,10.9,1.9,62.0,0.0,,
2023-12-05 20:00:00,105,6.3,1.8,60.0,0.0,,
2023-12-05 20:00:00,108,7.3,1.5,59.0,0.0,,
2023-12-05 20:00:00,112,7.6,1.3,61.0,8.0,,
2023-12-05 20:00:00,119,4.6,1.2,69.0,0.0,,
2023-12-05 20:00:00,133,4.9,1.0,66.0,0.0,,
2023-12-05 20:00:00,143,6.0,0.4,49.0,0.0,,
2023-12-05 20:00:00,146,7.1,1.2,67.0,1.0,,
2023-12-05 20:00:00,156,8.8,0.2,72.0,0.0,,
2023-12-05 20:00:00,159,9.4,0.6,55.0,0.0,,
2023-12-05 20:00:00,184,10.2,2.0,65.0,0.0,,
2023-12-05 21:00:00,105,6.2,3.1,59.0,0.0,,
2023-12-05 21:00:00,108,7.1,0.1,61.0,1.0,,
2023-12-05 21:00:00,112,7.5,2.0,59.0,7.0,,
2023-12-05 21:00:00,119,4.4,2.1,71.0,1.0,,
2023-12-05 21:00:00,133,3.6,1.8,69.0,0.0,,
2023-12-05 21:00:00,143,4.4,1.3,56.0,0.0,,
2023-12-05 21:00:00,146,6.4,1.9,69.0,4.0,,
2023-12-05 21:00:00,156,8.4,0.4,75.0,3.0,,
2023-12-05 21:00:00,159,9.0,0.9,50.0,0.0,,
2023-12-05 21:00:00,184,10.2,2.4,66.0,0.0,,
2023-12-05 22:00:00,105,5.1,1.0,60.0,0.0,,
2023-12-05 22:00:00,108,6.2,1.6,63.0,0.0,,
2023-12-05 22:00:00,112,7.6,2.5,58.0,9.0,,
2023-12-05 22:00:00,119,3.2,0.8,76.0,0.0,,
2023-12-05 22:00:00,133,3.0,0.0,73.0,0.0,,
2023-12-05 22:00:00,143,3.4,0.6,61.0,0.0,,
2023-12-05 22:00:00,146,6.1,1.0,69.0,1.0,,
2023-12-05 22:00:00,156,7.4,1.3,81.0,7.0,,
2023-12-05 22:00:00,159,8.5,0.5,50.0,0.0,,
2023-12-05 22:00:00,184,9.7,2.0,67.0,0.0,,
2023-12-05 23:00:00,105,6.2,2.4,50.0,0.0,,
2023-12-05 23:00:00,108,6.2,1.7,66.0,0.0,,
2023-12-05 23:00:00,112,7.0,2.4,59.0,7.0,,
2023-12-05 23:00:00,119,3.0,0.9,78.0,6.0,,
2023-12-05 23:00:00,133,2.4,0.3,76.0,0.0,,
2023-12-05 23:00:00,143,2.9,0.6,61.0,0.0,,
2023-12-05 23:00:00,146,5.2,1.1,73.0,0.0,,
2023-12-05 23:00:00,156,6.8,0.0,87.0,0.0,,
2023-12-05 23:00:00,159,8.0,1.4,46.0,0.0,,
2023-12-05 23:00:00,184,9.1,2.3,64.0,0.0,,
2023-12-06 00:00:00,105,6.0,2.7,51.0,0.0,,
2023-12-06 00:00:00,108,5.6,2.1,68.0,0.0,,
2023-12-06 00:00:00,112,6.5,2.5,60.0,0.0,,
2023-12-06 00:00:00,119,2.1,0.0,82.0,0.0,,
2023-12-06 00:00:00,133,1.6,0.0,79.0,1.0,,
2023-12-06 00:00:00,143,1.9,1.0,67.0,0.0,,
2023-12-06 00:00:00,146,4.8,1.1,74.0,0.0,,
2023-12-06 00:00:00,156,5.9,0.4,92.0,0.0,,
2023-12-06 00:00:00,159,8.8,2.9,29.0,0.0,,
2023-12-06 00:00:00,184,8.9,2.7,66.0,0.0,,
2023-12-06 01:00:00,105,5.5,3.0,52.0,0.0,,
2023-12-06 01:00:00,108,4.8,1.6,71.0,1.0,,
2023-12-06 01:00:00,112,6.2,2.5,62.0,1.0,,
2023-12-06 01:00:00,119,1.4,0.7,84.0,0.0,,
2023-12-06 01:00:00,133,1.0,0.1,82.0,0.0,,
2023-12-06 01:00:00,143,1.0,0.6,69.0,0.0,,
2023-12-06 01:00:00,146,4.0,1.4,78.0,0.0,,
2023-12-06 01:00:00,156,5.6,0.4,92.0,6.0,,
2023-12-06 01:00:00,159,7.9,1.4,49.0,0.0,,
2023-12-06 01:00:00,184,9.1,3.0,65.0,2.0,,
2023-12-06 02:00:00,105,5.9,2.8,54.0,0.0,,
2023-12-06 02:00:00,108,4.2,2.2,73.0,0.0,,
2023-12-06 02:00:00,112,6.1,2.2,64.0,0.0,,
2023-12-06 02:00:00,119,1.0,0.1,88.0,0.0,,
2023-12-06 02:00:00,133,0.4,0.7,84.0,0.0,,
2023-12-06 02:00:00,143,0.5,1.2,71.0,0.0,,
2023-12-06 02:00:00,146,3.7,1.3,82.0,1.0,,
2023-12-06 02:00:00,156,5.6,0.6,95.0,6.0,,
2023-12-06 02:00:00,159,7.3,1.2,47.0,0.0,,
2023-12-06 02:00:00,184,9.3,1.9,69.0,5.0,,
2023-12-06 03:00:00,105,5.7,1.7,57.0,0.0,,
2023-12-06 03:00:00,108,4.3,1.1,73.0,3.0,,
2023-12-06 03:00:00,112,6.1,2.0,63.0,6.0,,
2023-12-06 03:00:00,119,0.5,0.2,89.0,0.0,,
2023-12-06 03:00:00,133,0.1,0.0,85.0,0.0,,
2023-12-06 03:00:00,143,-0.1,0.5,77.0,0.0,,
2023-12-06 03:00:00,146,4.7,1.7,75.0,8.0,,
2023-12-06 03:00:00,156,5.1,0.2,97.0,8.0,,
2023-12-06 03:00:00,159,6.8,0.9,39.0,0.0,,
2023-12-06 03:00:00,184,9.8,2.0,75.0,0.0,,
2023-12-06 04:00:00,105,5.7,1.3,58.0,0.0,,
2023-12-06 04:00:00,108,3.9,2.1,74.0,7.0,,
2023-12-06 04:00:00,112,5.9,1.9,64.0,4.0,,
2023-12-06 04:00:00,119,0.6,1.0,91.0,6.0,,
2023-12-06 04:00:00,133,-0.1,0.3,85.0,5.0,,
2023-12-06 04:00:00,143,-0.4,0.7,78.0,0.0,,
2023-12-06 04:00:00,146,4.7,2.0,75.0,8.0,,
2023-12-06 04:00:00,156,5.0,0.3,97.0,2.0,,
2023-12-06 04:00:00,159,6.8,1.4,31.0,0.0,,
2023-12-06 04:00:00,184,10.6,3.0,72.0,4.0,,
2023-12-06 05:00:00,105,7.0,2.4,57.0,0.0,,
2023-12-06 05:00:00,108,4.2,2.0,73.0,5.0,,
2023-12-06 05:00:00,112,5.9,2.7,66.0,6.0,,
2023-12-06 05:00:00,119,1.4,1.5,88.0,7.0,,
2023-12-06 05:00:00,133,-0.3,1.1,88.0,5.0,,
2023-12-06 05:00:00,143,-0.9,1.1,80.0,0.0,,
2023-12-06 05:00:00,146,5.3,1.5,75.0,7.0,,
2023-12-06 05:00:00,156,4.6,0.5,98.0,6.0,,
2023-12-06 05:00:00,159,6.2,1.3,39.0,0.0,,
2023-12-06 05:00:00,184,11.2,2.8,70.0,7.0,,
2023-12-06 06:00:00,105,6.7,3.0,58.0,0.0,,
2023-12-06 06:00:00,108,4.3,1.3,73.0,7.0,,
2023-12-06 06:00:00,112,6.4,2.3,69.0,7.0,,
2023-12-06 06:00:00,119,1.9,0.5,85.0,9.0,,
2023-12-06 06:00:00,133,-0.1,0.4,87.0,6.0,,
2023-12-06 06:00:00,143,-1.4,1.6,83.0,0.0,,
2023-12-06 06:00:00,146,5.0,1.1,78.0,5.0,,
2023-12-06 06:00:00,156,4.1,0.0,98.0,2.0,,
2023-12-06 06:00:00,159,7.6,2.8,31.0,0.0,,
2023-12-06 06:00:00,184,11.4,2.8,70.0,7.0,,
2023-12-06 07:00:00,105,6.9,2.5,61.0,0.0,,
2023-12-06 07:00:00,108,4.6,1.8,73.0,7.0,,
2023-12-06 07:00:00,112,6.1,1.3,69.0,4.0,,
2023-12-06 07:00:00,119,2.1,0.4,84.0,7.0,,
2023-12-06 07:00:00,133,-0.4,0.8,87.0,6.0,,
2023-12-06 07:00:00,143,-1.3,0.9,79.0,0.0,,
2023-12-06 07:00:00,146,5.8,1.3,77.0,7.0,,
2023-12-06 07:00:00,156,4.0,0.3,98.0,6.0,,
2023-12-06 07:00:00,159,7.5,2.3,35.0,0.0,,
2023-12-06 07:00:00,184,11.5,2.7,70.0,7.0,,
2023-12-06 08:00:00,105,9.2,4.0,54.0,0.0,0.2,0.03
2023-12-06 08:00:00,108,4.8,2.3,72.0,7.0,0.0,0.02
2023-12-06 08:00:00,112,6.4,3.2,72.0,6.0,0.0,0.02
2023-12-06 08:00:00,119,2.8,1.2,82.0,7.0,0.0,0.02
2023-12-06 08:00:00,133,0.4,0.7,85.0,7.0,0.0,0.02
2023-12-06 08:00:00,143,-0.8,0.2,83.0,0.0,0.3,0.05
2023-12-06 08:00:00,146,6.2,1.2,75.0,7.0,0.0,0.03
2023-12-06 08:00:00,156,4.0,0.0,99.0,3.0,0.0,0.08
2023-12-06 08:00:00,159,7.4,1.9,38.0,1.0,0.3,0.06
2023-12-06 08:00:00,184,11.7,3.4,69.0,4.0,0.0,0.0
2023-12-06 09:00:00,105,10.7,2.9,50.0,4.0,1.0,0.39
2023-12-06 09:00:00,108,5.4,2.6,70.0,9.0,0.0,0.13
2023-12-06 09:00:00,112,7.3,4.0,73.0,9.0,0.0,0.13
2023-12-06 09:00:00,119,4.2,0.9,78.0,9.0,0.0,0.2
2023-12-06 09:00:00,133,2.4,0.0,82.0,8.0,0.0,0.3
2023-12-06 09:00:00,143,2.6,0.3,69.0,0.0,1.0,0.44
2023-12-06 09:00:00,146,7.5,1.7,73.0,7.0,0.1,0.28
2023-12-06 09:00:00,156,4.9,0.3,97.0,6.0,0.1,0.37
2023-12-06 09:00:00,159,9.3,3.1,36.0,3.0,0.7,0.44
2023-12-06 09:00:00,184,12.5,1.4,60.0,3.0,0.4,0.17
2023-12-06 10:00:00,105,12.1,2.7,46.0,7.0,1.0,0.82
2023-12-06 10:00:00,108,6.2,2.1,69.0,9.0,0.0,0.27
2023-12-06 10:00:00,112,7.7,3.6,71.0,9.0,0.0,0.29
2023-12-06 10:00:00,119,5.8,0.7,73.0,9.0,0.0,0.26
2023-12-06 10:00:00,133,4.4,0.1,72.0,9.0,0.0,0.63
2023-12-06 10:00:00,143,5.6,0.9,60.0,4.0,1.0,1.03
2023-12-06 10:00:00,146,10.8,2.4,66.0,9.0,0.5,0.73
2023-12-06 10:00:00,156,6.7,0.3,91.0,9.0,0.0,0.59
2023-12-06 10:00:00,159,10.0,5.6,38.0,3.0,1.0,0.96
2023-12-06 10:00:00,184,16.4,1.1,39.0,6.0,0.9,0.81
2023-12-06 11:00:00,105,11.7,3.8,47.0,9.0,0.0,0.54
2023-12-06 11:00:00,108,7.0,2.6,68.0,9.0,0.0,0.41
2023-12-06 11:00:00,112,8.4,3.3,71.0,9.0,0.0,0.43
2023-12-06 11:00:00,119,7.7,3.0,68.0,9.0,0.0,0.42
2023-12-06 11:00:00,133,6.1,0.6,68.0,9.0,0.0,0.65
2023-12-06 11:00:00,143,7.8,0.7,53.0,7.0,1.0,1.34
2023-12-06 11:00:00,146,12.2,1.9,62.0,9.0,0.4,0.98
2023-12-06 11:00:00,156,8.1,0.4,83.0,6.0,0.5,1.06
2023-12-06 11:00:00,159,11.1,5.0,50.0,5.0,0.9,1.29
2023-12-06 11:00:00,184,19.1,2.6,42.0,9.0,0.9,1.47
2023-12-06 12:00:00,105,12.1,3.1,47.0,10.0,0.0,0.52
2023-12-06 12:00:00,108,7.6,2.3,66.0,9.0,0.0,0.37
2023-12-06 12:00:00,112,9.3,3.0,71.0,9.0,0.0,0.42
2023-12-06 12:00:00,119,8.6,1.9,67.0,9.0,0.0,0.36
2023-12-06 12:00:00,133,8.2,0.5,63.0,9.0,0.0,0.86
2023-12-06 12:00:00,143,8.9,1.6,50.0,8.0,0.5,1.14
2023-12-06 12:00:00,146,12.5,2.4,60.0,9.0,0.3,0.83
2023-12-06 12:00:00,156,10.1,0.6,76.0,9.0,0.0,1.18
2023-12-06 12:00:00,159,13.3,5.3,48.0,4.0,1.0,1.86
2023-12-06 12:00:00,184,17.7,3.3,44.0,8.0,0.8,1.32
2023-12-06 13:00:00,105,13.1,3.5,42.0,9.0,0.0,0.8
2023-12-06 13:00:00,108,8.0,2.6,67.0,10.0,0.0,0.33
2023-12-06 13:00:00,112,9.1,2.3,77.0,10.0,0.0,0.16
2023-12-06 13:00:00,119,9.5,1.9,69.0,9.0,0.0,0.36
2023-12-06 13:00:00,133,9.7,0.5,61.0,9.0,0.0,0.74
2023-12-06 13:00:00,143,9.5,1.6,51.0,8.0,0.1,0.92
2023-12-06 13:00:00,146,13.2,2.2,57.0,10.0,0.0,0.68
2023-12-06 13:00:00,156,11.7,0.2,73.0,9.0,0.0,0.74
2023-12-06 13:00:00,159,13.2,3.6,52.0,7.0,0.9,1.61
2023-12-06 13:00:00,184,19.1,,41.0,8.0,,
2023-12-06 14:00:00,105,12.9,4.1,48.0,9.0,0.0,0.99
2023-12-06 14:00:00,108,6.9,2.6,86.0,10.0,0.0,0.08
2023-12-06 14:00:00,112,8.3,2.3,86.0,10.0,0.0,0.12
2023-12-06 14:00:00,119,9.4,2.6,71.0,10.0,0.0,0.08
2023-12-06 14:00:00,133,12.1,1.1,57.0,9.0,0.0,0.77
2023-12-06 14:00:00,143,9.8,1.1,51.0,9.0,0.0,0.64
2023-12-06 14:00:00,146,14.2,1.7,55.0,9.0,0.0,0.68
2023-12-06 14:00:00,156,13.5,0.8,70.0,8.0,0.0,0.89
2023-12-06 14:00:00,159,13.1,5.6,54.0,9.0,0.3,0.99
2023-12-06 14:00:00,184,18.0,7.2,47.0,10.0,,
2023-12-06 15:00:00,105,13.3,3.2,47.0,8.0,0.3,0.76
2023-12-06 15:00:00,108,7.1,2.3,88.0,10.0,0.0,0.16
2023-12-06 15:00:00,112,9.5,4.9,83.0,10.0,0.0,0.29
2023-12-06 15:00:00,119,8.9,0.7,80.0,10.0,0.0,0.11
2023-12-06 15:00:00,133,12.7,3.9,55.0,10.0,0.1,0.47
2023-12-06 15:00:00,143,10.5,2.1,51.0,9.0,0.0,0.49
2023-12-06 15:00:00,146,13.8,1.4,57.0,10.0,0.0,0.28
2023-12-06 15:00:00,156,14.7,2.0,70.0,10.0,0.1,0.78
2023-12-06 15:00:00,159,13.1,4.1,57.0,9.0,0.0,0.59
2023-12-06 15:00:00,184,17.5,6.2,52.0,10.0,0.0,0.65
2023-12-06 16:00:00,105,14.0,1.0,45.0,8.0,0.5,0.62
2023-12-06 16:00:00,108,7.4,2.2,84.0,10.0,0.0,0.08
2023-12-06 16:00:00,112,10.0,4.3,87.0,10.0,0.0,0.13
2023-12-06 16:00:00,133,10.8,2.0,74.0,10.0,0.0,0.13
2023-12-06 16:00:00,143,11.2,0.4,48.0,8.0,0.2,0.54
2023-12-06 16:00:00,146,14.3,2.6,59.0,10.0,0.0,0.15
2023-12-06 16:00:00,156,14.5,3.6,73.0,10.0,0.0,0.3
2023-12-06 16:00:00,159,13.6,6.0,60.0,9.0,0.0,0.38
2023-12-06 16:00:00,184,17.0,6.7,54.0,10.0,0.0,0.37
2023-12-06 17:00:00,105,13.0,1.3,50.0,6.0,0.0,0.09
2023-12-06 17:00:00,108,7.4,1.6,88.0,10.0,0.0,0.02
2023-12-06 17:00:00,112,10.0,3.9,92.0,10.0,0.0,0.04
2023-12-06 17:00:00,133,9.3,1.5,90.0,10.0,0.0,0.02
2023-12-06 17:00:00,143,10.3,0.6,51.0,3.0,0.4,0.25
2023-12-06 17:00:00,146,12.4,3.0,77.0,10.0,0.0,0.05
2023-12-06 17:00:00,156,14.1,3.8,81.0,8.0,0.0,0.15
2023-12-06 17:00:00,159,13.5,5.8,59.0,8.0,0.0,0.12
2023-12-06 17:00:00,184,16.4,4.8,56.0,4.0,0.0,0.15
2023-12-06 18:00:00,105,12.0,1.9,65.0,8.0,0.0,0.0
2023-12-06 18:00:00,108,7.5,0.1,89.0,10.0,0.0,0.0
2023-12-06 18:00:00,112,9.3,5.1,88.0,7.0,0.0,0.0
2023-12-06 18:00:00,119,9.7,6.7,93.0,10.0,0.0,0.0
2023-12-06 18:00:00,133,9.9,2.5,90.0,10.0,0.0,0.01
2023-12-06 18:00:00,143,8.8,0.9,58.0,0.0,0.0,0.01
2023-12-06 18:00:00,146,11.7,3.0,87.0,10.0,0.0,0.0
2023-12-06 18:00:00,156,12.6,3.5,95.0,10.0,0.0,0.06
2023-12-06 18:00:00,159,12.9,4.7,63.0,8.0,0.0,0.01
2023-12-06 18:00:00,184,15.5,6.8,68.0,7.0,0.0,0.01
2023-12-06 19:00:00,105,9.7,2.2,87.0,10.0,,
2023-12-06 19:00:00,108,8.7,3.2,92.0,0.0,,
2023-12-06 19:00:00,112,8.0,4.3,88.0,4.0,,
2023-12-06 19:00:00,119,9.0,4.2,88.0,10.0,,
2023-12-06 19:00:00,133,10.3,3.6,75.0,6.0,,
2023-12-06 19:00:00,143,8.1,1.8,64.0,7.0,,
2023-12-06 19:00:00,146,10.6,5.5,83.0,10.0,,
2023-12-06 19:00:00,156,12.0,1.9,92.0,1.0,,
2023-12-06 19:00:00,159,14.0,7.0,61.0,6.0,,
2023-12-06 19:00:00,184,14.8,6.5,64.0,4.0,,
2023-12-06 20:00:00,105,9.0,1.0,82.0,10.0,,
2023-12-06 20:00:00,108,8.3,3.2,88.0,1.0,,
2023-12-06 20:00:00,112,7.2,4.0,82.0,3.0,,
2023-12-06 20:00:00,119,8.4,2.3,86.0,6.0,,
2023-12-06 20:00:00,133,9.3,2.9,71.0,7.0,,
2023-12-06 20:00:00,143,7.8,0.8,84.0,8.0,,
2023-12-06 20:00:00,146,9.8,2.8,79.0,8.0,,
2023-12-06 20:00:00,156,10.8,1.5,85.0,8.0,,
2023-12-06 20:00:00,159,14.4,6.1,60.0,6.0,,
2023-12-06 20:00:00,184,13.5,7.2,66.0,6.0,,
2023-12-06 21:00:00,105,8.8,2.5,80.0,8.0,,
2023-12-06 21:00:00,108,7.4,3.1,81.0,1.0,,
2023-12-06 21:00:00,112,6.3,3.3,78.0,1.0,,
2023-12-06 21:00:00,119,6.9,2.0,86.0,1.0,,
2023-12-06 21:00:00,133,8.4,2.7,66.0,7.0,,
2023-12-06 21:00:00,143,7.8,0.9,90.0,4.0,,
2023-12-06 21:00:00,146,9.2,3.9,72.0,7.0,,
2023-12-06 21:00:00,156,9.7,1.8,79.0,9.0,,
2023-12-06 21:00:00,159,14.7,5.4,59.0,8.0,,
2023-12-06 21:00:00,184,12.7,6.1,60.0,5.0,,
2023-12-06 22:00:00,105,7.6,1.8,84.0,9.0,,
2023-12-06 22:00:00,108,5.9,2.9,75.0,0.0,,
2023-12-06 22:00:00,112,6.2,3.2,72.0,0.0,,
2023-12-06 22:00:00,119,6.2,3.4,78.0,0.0,,
2023-12-06 22:00:00,133,7.7,2.9,67.0,6.0,,
2023-12-06 22:00:00,143,8.3,2.7,91.0,6.0,,
2023-12-06 22:00:00,146,8.9,3.7,72.0,0.0,,
2023-12-06 22:00:00,156,9.2,1.7,76.0,1.0,,
2023-12-06 22:00:00,159,12.2,5.4,67.0,7.0,,
2023-12-06 22:00:00,184,12.5,6.6,59.0,4.0,,
2023-12-06 23:00:00,105,6.5,1.2,87.0,0.0,,
2023-12-06 23:00:00,108,5.3,2.8,72.0,0.0,,
2023-12-06 23:00:00,112,5.9,4.6,58.0,0.0,,
2023-12-06 23:00:00,119,5.8,3.5,73.0,4.0,,
2023-12-06 23:00:00,133,7.3,3.6,67.0,1.0,,
2023-12-06 23:00:00,143,8.6,4.9,79.0,6.0,,
2023-12-06 23:00:00,146,8.5,4.2,70.0,0.0,,
2023-12-06 23:00:00,156,8.9,1.5,77.0,5.0,,
2023-12-06 23:00:00,159,11.8,5.5,60.0,4.0,,
2023-12-06 23:00:00,184,12.4,6.6,53.0,2.0,,
2023-12-07 00:00:00,105,8.6,3.2,57.0,0.0,,
2023-12-07 00:00:00,108,4.9,3.2,69.0,1.0,,
2023-12-07 00:00:00,112,5.6,3.8,54.0,1.0,,
2023-12-07 00:00:00,119,5.7,4.4,55.0,0.0,,
2023-12-07 00:00:00,133,6.5,3.3,61.0,4.0,,
2023-12-07 00:00:00,143,8.4,3.8,67.0,4.0,,
2023-12-07 00:00:00,146,8.0,4.1,63.0,3.0,,
2023-12-07 00:00:00,156,8.7,2.1,72.0,5.0,,
2023-12-07 00:00:00,159,10.8,7.3,47.0,0.0,,
2023-12-07 00:00:00,184,11.9,6.9,62.0,3.0,,
2023-12-07 01:00:00,105,7.8,2.8,50.0,4.0,,
2023-12-07 01:00:00,108,4.6,3.6,63.0,0.0,,
2023-12-07 01:00:00,112,5.2,5.1,58.0,2.0,,
2023-12-07 01:00:00,119,5.5,4.7,57.0,0.0,,
2023-12-07 01:00:00,133,5.5,3.3,54.0,1.0,,
2023-12-07 01:00:00,143,8.4,3.6,62.0,6.0,,
2023-12-07 01:00:00,146,7.4,3.1,60.0,0.0,,
2023-12-07 01:00:00,156,8.3,1.8,64.0,0.0,,
2023-12-07 01:00:00,159,9.9,7.1,44.0,0.0,,
2023-12-07 01:00:00,184,11.8,6.6,60.0,2.0,,
2023-12-07 02:00:00,105,7.1,3.9,46.0,0.0,,
2023-12-07 02:00:00,108,3.9,4.4,60.0,6.0,,
2023-12-07 02:00:00,112,3.8,4.8,62.0,6.0,,
2023-12-07 02:00:00,119,5.2,6.1,59.0,9.0,,
2023-12-07 02:00:00,133,5.0,2.1,53.0,0.0,,
2023-12-07 02:00:00,143,8.4,6.2,47.0,3.0,,
2023-12-07 02:00:00,146,6.9,3.7,57.0,4.0,,
2023-12-07 02:00:00,156,7.6,1.0,64.0,0.0,,
2023-12-07 02:00:00,159,9.5,6.3,39.0,0.0,,
2023-12-07 02:00:00,184,11.8,7.7,57.0,6.0,,
2023-12-07 03:00:00,105,6.7,3.9,50.0,0.0,,
2023-12-07 03:00:00,108,3.3,3.4,60.0,7.0,,
2023-12-07 03:00:00,112,3.4,3.3,58.0,7.0,,
2023-12-07 03:00:00,119,4.3,5.8,56.0,8.0,,
2023-12-07 03:00:00,133,4.8,3.1,52.0,2.0,,
2023-12-07 03:00:00,143,7.7,6.1,40.0,0.0,,
2023-12-07 03:00:00,146,6.7,3.1,59.0,2.0,,
2023-12-07 03:00:00,156,7.5,1.0,58.0,0.0,,
2023-12-07 03:00:00,159,8.9,7.5,38.0,0.0,,
2023-12-07 03:00:00,184,11.1,7.3,50.0,5.0,,
2023-12-07 04:00:00,105,6.3,4.3,41.0,7.0,,
2023-12-07 04:00:00,108,2.5,2.9,60.0,0.0,,
2023-12-07 04:00:00,112,3.0,2.3,56.0,0.0,,
2023-12-07 04:00:00,119,3.7,3.3,57.0,0.0,,
2023-12-07 04:00:00,133,4.2,2.4,51.0,1.0,,
2023-12-07 04:00:00,143,6.5,2.5,46.0,0.0,,
2023-12-07 04:00:00,146,5.9,2.4,60.0,0.0,,
2023-12-07 04:00:00,156,7.2,1.2,58.0,0.0,,
2023-12-07 04:00:00,159,8.1,7.6,42.0,0.0,,
2023-12-07 04:00:00,184,10.6,6.9,46.0,2.0,,
2023-12-07 05:00:00,105,5.7,1.8,37.0,8.0,,
2023-12-07 05:00:00,108,2.0,1.2,62.0,0.0,,
2023-12-07 05:00:00,112,2.8,1.8,51.0,0.0,,
2023-12-07 05:00:00,119,2.4,0.8,54.0,0.0,,
2023-12-07 05:00:00,133,3.8,2.6,54.0,0.0,,
2023-12-07 05:00:00,143,6.2,5.7,45.0,0.0,,
2023-12-07 05:00:00,146,5.3,1.4,57.0,0.0,,
2023-12-07 05:00:00,156,6.8,1.2,56.0,0.0,,
2023-12-07 05:00:00,159,7.4,6.0,39.0,0.0,,
2023-12-07 05:00:00,184,10.2,6.1,44.0,0.0,,
2023-12-07 06:00:00,105,6.0,3.8,26.0,1.0,,
2023-12-07 06:00:00,108,1.3,1.4,63.0,0.0,,
2023-12-07 06:00:00,112,2.6,1.0,49.0,0.0,,
2023-12-07 06:00:00,119,0.6,0.9,67.0,0.0,,
2023-12-07 06:00:00,133,2.8,0.8,59.0,0.0,,
2023-12-07 06:00:00,143,5.9,4.1,45.0,0.0,,
2023-12-07 06:00:00,146,5.0,0.9,56.0,0.0,,
2023-12-07 06:00:00,156,6.3,1.5,54.0,0.0,,
2023-12-07 06:00:00,159,7.1,4.5,36.0,0.0,,
2023-12-07 06:00:00,184,9.9,5.1,45.0,0.0,,
2023-12-07 07:00:00,105,4.9,1.4,33.0,0.0,,
2023-12-07 07:00:00,108,0.9,1.0,64.0,0.0,,
2023-12-07 07:00:00,112,2.1,1.6,54.0,0.0,,
2023-12-07 07:00:00,119,0.1,0.5,72.0,0.0,,
2023-12-07 07:00:00,133,1.5,1.7,67.0,0.0,,
2023-12-07 07:00:00,143,5.5,3.7,42.0,0.0,,
2023-12-07 07:00:00,146,3.8,0.7,67.0,0.0,,
2023-12-07 07:00:00,156,5.8,0.8,54.0,0.0,,
2023-12-07 07:00:00,159,6.7,2.8,37.0,0.0,,
2023-12-07 07:00:00,184,10.0,5.9,46.0,0.0,,
2023-12-07 08:00:00,105,4.8,2.6,34.0,0.0,0.0,0.03
2023-12-07 08:00:00,108,1.0,0.9,67.0,0.0,0.0,0.01
2023-12-07 08:00:00,112,2.3,2.6,54.0,0.0,0.0,0.01
2023-12-07 08:00:00,119,-0.4,1.0,76.0,0.0,0.0,0.02
2023-12-07 08:00:00,133,1.2,1.0,70.0,0.0,0.0,0.03
2023-12-07 08:00:00,143,5.3,3.3,42.0,0.0,0.3,0.05
2023-12-07 08:00:00,146,3.2,1.7,72.0,0.0,0.0,0.03
2023-12-07 08:00:00,156,5.3,0.3,57.0,0.0,0.0,0.09
2023-12-07 08:00:00,159,6.9,1.9,28.0,0.0,0.5,0.08
2023-12-07 08:00:00,184,10.1,4.8,43.0,0.0,0.0,0.05
2023-12-07 09:00:00,105,5.4,4.0,32.0,0.0,0.5,0.33
2023-12-07 09:00:00,108,1.6,1.2,63.0,0.0,0.5,0.32
2023-12-07 09:00:00,112,4.6,2.5,62.0,0.0,0.4,0.3
2023-12-07 09:00:00,119,2.4,0.9,66.0,0.0,0.6,0.32
2023-12-07 09:00:00,133,3.3,0.6,67.0,0.0,0.7,0.39
2023-12-07 09:00:00,143,6.4,3.3,37.0,0.0,1.0,0.47
2023-12-07 09:00:00,146,4.9,0.5,65.0,0.0,0.9,0.39
2023-12-07 09:00:00,156,7.0,0.1,52.0,0.0,0.9,0.53
2023-12-07 09:00:00,159,8.3,1.7,26.0,0.0,1.0,0.62
2023-12-07 09:00:00,184,11.4,4.1,44.0,0.0,0.5,0.44
2023-12-07 10:00:00,105,6.3,4.2,32.0,0.0,1.0,0.8
2023-12-07 10:00:00,108,4.2,1.7,55.0,0.0,1.0,0.81
2023-12-07 10:00:00,112,7.6,3.2,59.0,0.0,1.0,0.82
2023-12-07 10:00:00,119,1.9,1.9,57.0,0.0,1.0,0.83
2023-12-07 10:00:00,133,6.4,2.8,48.0,0.0,1.0,0.97
2023-12-07 10:00:00,143,7.5,2.6,33.0,0.0,1.0,1.01
2023-12-07 10:00:00,146,7.3,1.1,56.0,0.0,1.0,0.95
2023-12-07 10:00:00,156,8.7,0.4,48.0,0.0,1.0,1.12
2023-12-07 10:00:00,159,9.1,3.1,21.0,0.0,1.0,1.23
2023-12-07 10:00:00,184,15.6,3.6,37.0,0.0,1.0,1.16
2023-12-07 11:00:00,105,8.0,3.5,31.0,0.0,1.0,1.26
2023-12-07 11:00:00,108,7.2,2.7,54.0,0.0,1.0,1.35
2023-12-07 11:00:00,112,8.9,4.7,61.0,0.0,1.0,1.27
2023-12-07 11:00:00,119,7.5,7.5,53.0,0.0,1.0,1.29
2023-12-07 11:00:00,133,8.2,3.5,42.0,0.0,1.0,1.46
2023-12-07 11:00:00,143,8.7,3.9,29.0,0.0,1.0,1.49
2023-12-07 11:00:00,146,8.9,1.3,44.0,0.0,1.0,1.41
2023-12-07 11:00:00,156,9.8,1.4,49.0,0.0,1.0,1.62
2023-12-07 11:00:00,159,10.5,2.8,22.0,0.0,1.0,1.72
2023-12-07 11:00:00,184,15.6,3.1,35.0,0.0,1.0,1.68
2023-12-07 12:00:00,105,9.8,3.7,35.0,0.0,1.0,1.55
2023-12-07 12:00:00,108,9.1,4.0,58.0,0.0,1.0,1.65
2023-12-07 12:00:00,112,10.0,4.4,57.0,0.0,1.0,1.57
2023-12-07 12:00:00,119,9.6,2.4,54.0,0.0,1.0,1.59
2023-12-07 12:00:00,133,9.7,2.6,44.0,0.0,1.0,1.76
2023-12-07 12:00:00,143,10.1,2.9,26.0,0.0,1.0,1.77
2023-12-07 12:00:00,146,10.0,3.2,51.0,0.0,1.0,1.7
2023-12-07 12:00:00,156,10.5,0.7,49.0,0.0,1.0,1.93
2023-12-07 12:00:00,159,11.2,5.0,24.0,0.0,1.0,1.98
2023-12-07 12:00:00,184,15.9,3.6,34.0,0.0,1.0,2.01
2023-12-07 13:00:00,105,10.4,3.5,35.0,0.0,1.0,1.59
2023-12-07 13:00:00,108,10.9,3.8,52.0,1.0,1.0,1.74
2023-12-07 13:00:00,112,10.7,4.2,55.0,0.0,1.0,1.65
2023-12-07 13:00:00,119,11.2,6.4,51.0,0.0,1.0,1.69
2023-12-07 13:00:00,133,10.9,1.9,44.0,0.0,1.0,1.84
2023-12-07 13:00:00,143,11.3,1.8,25.0,0.0,1.0,1.84
2023-12-07 13:00:00,146,10.6,4.0,47.0,0.0,1.0,1.83
2023-12-07 13:00:00,156,11.8,0.7,46.0,0.0,1.0,1.95
2023-12-07 13:00:00,159,11.9,4.2,22.0,0.0,1.0,2.05
2023-12-07 13:00:00,184,16.9,3.6,33.0,0.0,1.0,2.11
2023-12-07 14:00:00,105,10.9,4.8,34.0,0.0,1.0,1.44
2023-12-07 14:00:00,108,11.3,5.2,49.0,1.0,0.9,1.55
2023-12-07 14:00:00,112,11.3,4.4,59.0,0.0,1.0,1.53
2023-12-07 14:00:00,119,11.7,3.2,46.0,0.0,0.6,0.99
2023-12-07 14:00:00,133,10.6,3.8,44.0,0.0,1.0,1.69
2023-12-07 14:00:00,143,12.1,3.8,25.0,0.0,1.0,1.7
2023-12-07 14:00:00,146,11.6,3.0,45.0,3.0,1.0,1.7
2023-12-07 14:00:00,156,13.1,2.1,38.0,0.0,1.0,1.86
2023-12-07 14:00:00,159,11.9,5.3,28.0,0.0,1.0,1.81
2023-12-07 14:00:00,184,16.9,3.5,32.0,0.0,1.0,1.97
2023-12-07 15:00:00,105,11.2,3.9,36.0,0.0,1.0,1.1
2023-12-07 15:00:00,108,11.2,5.8,56.0,6.0,0.7,1.09
2023-12-07 15:00:00,112,11.2,4.7,61.0,0.0,1.0,1.21
2023-12-07 15:00:00,119,11.7,8.4,49.0,2.0,1.0,1.26
2023-12-07 15:00:00,133,11.3,2.9,39.0,0.0,1.0,1.38
2023-12-07 15:00:00,143,13.3,2.3,23.0,0.0,1.0,1.36
2023-12-07 15:00:00,146,11.9,3.4,40.0,0.0,1.0,1.38
2023-12-07 15:00:00,156,13.2,2.1,40.0,0.0,1.0,1.52
2023-12-07 15:00:00,159,11.8,6.2,36.0,0.0,1.0,1.49
2023-12-07 15:00:00,184,16.9,3.3,35.0,0.0,1.0,1.59
2023-12-07 16:00:00,105,10.8,3.7,42.0,7.0,1.0,0.78
2023-12-07 16:00:00,108,11.1,4.5,59.0,6.0,0.5,0.6
2023-12-07 16:00:00,112,10.8,4.4,65.0,0.0,1.0,0.75
2023-12-07 16:00:00,119,11.6,4.0,52.0,4.0,1.0,0.74
2023-12-07 16:00:00,133,10.7,3.1,42.0,0.0,1.0,0.82
2023-12-07 16:00:00,143,13.3,2.0,23.0,0.0,1.0,0.82
2023-12-07 16:00:00,146,11.7,2.9,43.0,0.0,1.0,0.89
2023-12-07 16:00:00,156,12.3,1.4,42.0,0.0,1.0,0.97
2023-12-07 16:00:00,159,11.5,5.5,36.0,0.0,1.0,0.97
2023-12-07 16:00:00,184,15.7,3.5,40.0,0.0,1.0,1.05
2023-12-07 17:00:00,105,10.3,2.0,44.0,5.0,0.3,0.21
2023-12-07 17:00:00,108,10.7,3.9,62.0,8.0,0.1,0.24
2023-12-07 17:00:00,112,10.2,3.8,70.0,0.0,0.4,0.25
2023-12-07 17:00:00,119,10.4,1.7,59.0,2.0,0.3,0.27
2023-12-07 17:00:00,133,9.4,1.4,49.0,0.0,0.3,0.23
2023-12-07 17:00:00,143,11.4,1.7,28.0,0.0,0.5,0.25
2023-12-07 17:00:00,146,10.7,1.8,49.0,0.0,0.8,0.3
2023-12-07 17:00:00,156,11.2,1.7,45.0,0.0,0.8,0.39
2023-12-07 17:00:00,159,10.3,4.6,33.0,0.0,0.7,0.3
2023-12-07 17:00:00,184,13.9,2.5,45.0,0.0,1.0,0.43
2023-12-07 18:00:00,105,9.9,1.2,47.0,1.0,0.0,0.0
2023-12-07 18:00:00,108,10.1,2.9,67.0,2.0,0.0,0.0
2023-12-07 18:00:00,112,9.7,3.1,74.0,0.0,0.0,0.01
2023-12-07 18:00:00,133,8.4,1.0,54.0,0.0,0.0,0.01
2023-12-07 18:00:00,143,9.8,0.8,32.0,0.0,0.0,0.0
2023-12-07 18:00:00,146,9.9,1.9,54.0,0.0,0.0,0.01
2023-12-07 18:00:00,156,10.0,1.9,51.0,0.0,0.0,0.07
2023-12-07 18:00:00,159,9.7,3.6,32.0,0.0,0.0,0.01
2023-12-07 18:00:00,184,12.6,1.1,50.0,0.0,0.0,0.05
2023-12-07 19:00:00,105,9.8,1.1,48.0,2.0,,
2023-12-07 19:00:00,108,9.5,2.0,70.0,0.0,,
2023-12-07 19:00:00,112,9.5,3.9,75.0,0.0,,
2023-12-07 19:00:00,119,8.7,1.9,67.0,0.0,,
2023-12-07 19:00:00,133,7.6,1.7,58.0,0.0,,
2023-12-07 19:00:00,143,7.4,0.6,41.0,0.0,,
2023-12-07 19:00:00,146,8.1,1.2,60.0,0.0,,
2023-12-07 19:00:00,156,9.2,1.2,55.0,0.0,,
2023-12-07 19:00:00,159,8.8,2.8,35.0,0.0,,
2023-12-07 19:00:00,184,11.0,2.3,54.0,1.0,,
2023-12-07 20:00:00,105,9.4,2.1,50.0,6.0,,
2023-12-07 20:00:00,108,8.9,1.5,70.0,4.0,,
2023-12-07 20:00:00,112,9.2,3.5,72.0,0.0,,
2023-12-07 20:00:00,119,7.5,2.3,71.0,6.0,,
2023-12-07 20:00:00,133,6.6,1.0,61.0,0.0,,
2023-12-07 20:00:00,143,5.7,0.5,50.0,0.0,,
2023-12-07 20:00:00,146,6.6,1.4,64.0,0.0,,
2023-12-07 20:00:00,156,8.1,1.4,60.0,0.0,,
2023-12-07 20:00:00,159,8.8,3.8,40.0,0.0,,
2023-12-07 20:00:00,184,10.2,2.4,54.0,0.0,,
2023-12-07 21:00:00,105,9.9,0.8,49.0,7.0,,
2023-12-07 21:00:00,108,8.4,1.5,72.0,0.0,,
2023-12-07 21:00:00,112,8.7,3.8,72.0,0.0,,
2023-12-07 21:00:00,119,6.9,0.5,73.0,0.0,,
2023-12-07 21:00:00,133,5.7,0.6,64.0,0.0,,
2023-12-07 21:00:00,143,4.7,1.0,55.0,0.0,,
2023-12-07 21:00:00,146,6.0,1.4,64.0,0.0,,
2023-12-07 21:00:00,156,7.9,0.8,61.0,0.0,,
2023-12-07 21:00:00,159,8.9,4.9,43.0,0.0,,
2023-12-07 21:00:00,184,9.6,2.5,51.0,0.0,,
2023-12-07 22:00:00,105,10.3,1.4,48.0,9.0,,
2023-12-07 22:00:00,108,7.7,1.4,75.0,0.0,,
2023-12-07 22:00:00,112,8.4,4.5,73.0,0.0,,
2023-12-07 22:00:00,119,6.1,2.2,76.0,0.0,,
2023-12-07 22:00:00,133,4.8,0.9,68.0,0.0,,
2023-12-07 22:00:00,143,4.1,0.8,57.0,0.0,,
2023-12-07 22:00:00,146,6.1,2.3,63.0,0.0,,
2023-12-07 22:00:00,156,8.5,0.9,61.0,0.0,,
2023-12-07 22:00:00,159,8.9,3.3,46.0,0.0,,
2023-12-07 22:00:00,184,9.1,2.0,51.0,0.0,,
2023-12-07 23:00:00,105,10.3,3.6,48.0,10.0,,
2023-12-07 23:00:00,108,7.6,1.4,75.0,0.0,,
2023-12-07 23:00:00,112,8.0,4.1,72.0,0.0,,
2023-12-07 23:00:00,119,5.4,2.2,77.0,0.0,,
2023-12-07 23:00:00,133,4.2,0.2,69.0,0.0,,
2023-12-07 23:00:00,143,3.2,0.5,64.0,0.0,,
2023-12-07 23:00:00,146,6.4,1.9,61.0,0.0,,
2023-12-07 23:00:00,156,7.7,0.5,65.0,0.0,,
2023-12-07 23:00:00,159,9.1,3.8,46.0,0.0,,
2023-12-07 23:00:00,184,9.0,2.2,56.0,0.0,,
2023-12-08 00:00:00,105,9.6,1.4,49.0,10.0,,
2023-12-08 00:00:00,108,7.8,2.0,73.0,0.0,,
2023-12-08 00:00:00,112,7.7,4.4,71.0,0.0,,
2023-12-08 00:00:00,119,5.8,2.7,74.0,0.0,,
2023-12-08 00:00:00,133,4.4,1.8,66.0,0.0,,
2023-12-08 00:00:00,143,2.5,1.9,65.0,0.0,,
2023-12-08 00:00:00,146,7.4,2.6,57.0,0.0,,
2023-12-08 00:00:00,156,6.8,0.4,73.0,0.0,,
2023-12-08 00:00:00,159,9.0,4.5,48.0,0.0,,
2023-12-08 00:00:00,184,8.5,2.9,52.0,0.0,,
2023-12-08 01:00:00,105,8.9,0.7,50.0,9.0,,
2023-12-08 01:00:00,108,6.4,2.4,76.0,0.0,,
2023-12-08 01:00:00,112,7.5,4.4,69.0,0.0,,
2023-12-08 01:00:00,119,5.4,2.0,73.0,0.0,,
2023-12-08 01:00:00,133,3.5,1.3,72.0,0.0,,
2023-12-08 01:00:00,143,2.1,1.3,67.0,0.0,,
2023-12-08 01:00:00,146,7.8,2.6,57.0,0.0,,
2023-12-08 01:00:00,156,6.9,0.2,77.0,0.0,,
2023-12-08 01:00:00,159,8.9,3.4,50.0,0.0,,
2023-12-08 01:00:00,184,8.2,2.4,51.0,0.0,,
2023-12-08 02:00:00,105,7.9,0.9,55.0,7.0,,
2023-12-08 02:00:00,108,5.8,2.3,77.0,0.0,,
2023-12-08 02:00:00,112,7.4,4.6,67.0,0.0,,
2023-12-08 02:00:00,119,5.4,2.4,70.0,0.0,,
2023-12-08 02:00:00,133,2.6,0.9,75.0,0.0,,
2023-12-08 02:00:00,143,1.4,0.5,73.0,0.0,,
2023-12-08 02:00:00,146,7.9,2.2,60.0,0.0,,
2023-12-08 02:00:00,156,7.1,0.9,80.0,0.0,,
2023-12-08 02:00:00,159,8.8,3.6,50.0,0.0,,
2023-12-08 02:00:00,184,8.4,2.9,52.0,0.0,,
2023-12-08 03:00:00,105,7.7,1.6,57.0,5.0,,
2023-12-08 03:00:00,108,5.4,2.3,78.0,0.0,,
2023-12-08 03:00:00,112,7.2,4.3,67.0,0.0,,
2023-12-08 03:00:00,119,5.6,2.3,69.0,0.0,,
2023-12-08 03:00:00,133,2.0,0.0,79.0,0.0,,
2023-12-08 03:00:00,143,1.0,0.3,74.0,0.0,,
2023-12-08 03:00:00,146,7.9,2.4,63.0,0.0,,
2023-12-08 03:00:00,156,8.8,1.6,79.0,0.0,,
2023-12-08 03:00:00,159,8.9,4.2,48.0,0.0,,
2023-12-08 03:00:00,184,8.4,2.5,54.0,0.0,,
2023-12-08 04:00:00,105,6.8,1.4,59.0,1.0,,
2023-12-08 04:00:00,108,5.2,2.2,77.0,0.0,,
2023-12-08 04:00:00,112,7.3,4.5,66.0,0.0,,
2023-12-08 04:00:00,119,4.9,2.1,72.0,0.0,,
2023-12-08 04:00:00,133,1.6,1.2,79.0,0.0,,
2023-12-08 04:00:00,143,0.4,1.5,76.0,0.0,,
2023-12-08 04:00:00,146,8.1,2.6,66.0,0.0,,
2023-12-08 04:00:00,156,8.4,1.9,81.0,0.0,,
2023-12-08 04:00:00,159,10.1,4.8,55.0,0.0,,
2023-12-08 04:00:00,184,8.2,2.3,56.0,0.0,,
2023-12-08 05:00:00,105,6.7,2.3,57.0,0.0,,
2023-12-08 05:00:00,108,5.3,2.6,77.0,0.0,,
2023-12-08 05:00:00,112,7.6,4.7,66.0,0.0,,
2023-12-08 05:00:00,119,5.2,2.0,70.0,0.0,,
2023-12-08 05:00:00,133,1.1,1.1,82.0,0.0,,
2023-12-08 05:00:00,143,0.2,1.5,76.0,0.0,,
2023-12-08 05:00:00,146,8.0,2.7,70.0,0.0,,
2023-12-08 05:00:00,156,8.7,1.3,79.0,0.0,,
2023-12-08 05:00:00,159,11.0,5.2,57.0,0.0,,
2023-12-08 05:00:00,184,8.5,3.1,53.0,0.0,,
2023-12-08 06:00:00,105,7.3,1.5,50.0,0.0,,
2023-12-08 06:00:00,108,5.3,2.3,76.0,0.0,,
2023-12-08 06:00:00,112,8.2,4.9,65.0,0.0,,
2023-12-08 06:00:00,119,5.0,2.4,71.0,0.0,,
2023-12-08 06:00:00,133,1.0,0.7,82.0,0.0,,
2023-12-08 06:00:00,143,0.0,1.3,76.0,0.0,,
2023-12-08 06:00:00,146,8.4,2.5,70.0,0.0,,
2023-12-08 06:00:00,156,9.1,1.4,80.0,0.0,,
2023-12-08 06:00:00,159,10.9,4.3,60.0,0.0,,
2023-12-08 06:00:00,184,8.3,3.0,54.0,0.0,,
2023-12-08 07:00:00,105,6.9,1.2,53.0,0.0,,
2023-12-08 07:00:00,108,5.4,2.9,75.0,0.0,,
2023-12-08 07:00:00,112,8.3,4.9,66.0,0.0,,
2023-12-08 07:00:00,119,6.1,2.6,68.0,0.0,,
2023-12-08 07:00:00,133,0.8,0.1,85.0,0.0,,
2023-12-08 07:00:00,143,0.0,2.1,78.0,0.0,,
2023-12-08 07:00:00,146,8.9,2.0,68.0,0.0,,
2023-12-08 07:00:00,156,7.7,0.4,88.0,0.0,,
2023-12-08 07:00:00,159,11.6,5.0,60.0,2.0,,
2023-12-08 07:00:00,184,8.4,3.1,55.0,0.0,,
2023-12-08 08:00:00,105,5.0,0.6,64.0,0.0,0.0,0.02
2023-12-08 08:00:00,108,5.7,3.0,74.0,0.0,0.0,0.01
2023-12-08 08:00:00,112,9.0,5.8,67.0,0.0,0.0,0.01
2023-12-08 08:00:00,119,6.6,2.8,69.0,0.0,0.0,0.01
2023-12-08 08:00:00,133,0.8,1.1,85.0,0.0,0.0,0.03
2023-12-08 08:00:00,143,0.2,1.8,79.0,0.0,0.0,0.04
2023-12-08 08:00:00,146,10.0,1.9,68.0,0.0,0.0,0.03
2023-12-08 08:00:00,156,9.5,2.2,89.0,0.0,0.0,0.09
2023-12-08 08:00:00,159,11.9,3.2,59.0,0.0,0.0,0.05
2023-12-08 08:00:00,184,8.7,2.8,54.0,0.0,0.0,0.06
2023-12-08 09:00:00,105,8.3,1.2,53.0,1.0,0.8,0.32
2023-12-08 09:00:00,108,6.7,2.1,72.0,0.0,0.5,0.3
2023-12-08 09:00:00,112,9.6,4.8,65.0,0.0,0.4,0.27
2023-12-08 09:00:00,119,8.6,2.4,66.0,0.0,0.6,0.3
2023-12-08 09:00:00,133,3.1,0.9,76.0,0.0,0.8,0.37
2023-12-08 09:00:00,143,2.5,1.2,69.0,0.0,0.7,0.39
2023-12-08 09:00:00,146,12.7,2.6,63.0,0.0,0.9,0.34
2023-12-08 09:00:00,156,11.6,1.2,77.0,0.0,0.8,0.47
2023-12-08 09:00:00,159,13.5,3.3,56.0,6.0,0.7,0.47
2023-12-08 09:00:00,184,11.5,2.3,46.0,0.0,0.5,0.42
2023-12-08 10:00:00,105,12.8,1.3,42.0,0.0,1.0,0.76
2023-12-08 10:00:00,108,8.8,2.0,66.0,0.0,1.0,0.74
2023-12-08 10:00:00,112,11.2,4.9,62.0,0.0,1.0,0.74
2023-12-08 10:00:00,119,11.4,3.3,60.0,0.0,1.0,0.78
2023-12-08 10:00:00,133,8.6,0.5,59.0,0.0,1.0,0.9
2023-12-08 10:00:00,143,5.5,0.8,60.0,0.0,1.0,0.93
2023-12-08 10:00:00,146,14.4,4.1,59.0,0.0,1.0,0.88
2023-12-08 10:00:00,156,14.6,2.2,65.0,0.0,1.0,1.04
2023-12-08 10:00:00,159,15.3,2.8,54.0,2.0,0.8,0.97
2023-12-08 10:00:00,184,19.8,0.7,33.0,0.0,1.0,1.13
2023-12-08 11:00:00,105,15.4,1.5,38.0,0.0,1.0,1.23
2023-12-08 11:00:00,108,10.9,1.8,62.0,0.0,1.0,1.24
2023-12-08 11:00:00,112,13.1,4.0,61.0,0.0,1.0,1.19
2023-12-08 11:00:00,119,13.4,3.9,55.0,0.0,1.0,1.25
2023-12-08 11:00:00,133,12.3,0.9,47.0,0.0,1.0,1.38
2023-12-08 11:00:00,143,9.4,1.0,52.0,0.0,1.0,1.41
2023-12-08 11:00:00,146,16.2,3.0,52.0,0.0,1.0,1.35
2023-12-08 11:00:00,156,16.6,3.2,60.0,0.0,1.0,1.53
2023-12-08 11:00:00,159,16.4,5.5,53.0,1.0,1.0,1.54
2023-12-08 11:00:00,184,19.8,0.5,37.0,0.0,1.0,1.63
2023-12-08 12:00:00,105,17.6,1.3,36.0,0.0,1.0,1.51
2023-12-08 12:00:00,108,13.9,1.5,60.0,2.0,1.0,1.55
2023-12-08 12:00:00,112,14.5,5.9,61.0,0.0,1.0,1.51
2023-12-08 12:00:00,119,14.7,4.0,53.0,0.0,1.0,1.55
2023-12-08 12:00:00,133,15.0,1.4,43.0,0.0,1.0,1.68
2023-12-08 12:00:00,143,12.8,1.0,49.0,0.0,1.0,1.68
2023-12-08 12:00:00,146,17.8,3.9,49.0,0.0,1.0,1.63
2023-12-08 12:00:00,156,18.3,2.8,57.0,0.0,1.0,1.83
2023-12-08 12:00:00,159,17.2,6.5,55.0,2.0,1.0,1.82
2023-12-08 12:00:00,184,20.1,1.4,40.0,0.0,1.0,1.96
2023-12-08 13:00:00,105,18.7,1.2,35.0,0.0,1.0,1.53
2023-12-08 13:00:00,108,15.9,4.1,58.0,6.0,0.9,1.57
2023-12-08 13:00:00,112,15.8,7.2,64.0,1.0,1.0,1.59
2023-12-08 13:00:00,119,16.8,2.7,51.0,1.0,1.0,1.65
2023-12-08 13:00:00,133,18.1,4.8,41.0,0.0,1.0,1.8
2023-12-08 13:00:00,143,15.9,2.3,50.0,0.0,1.0,1.77
2023-12-08 13:00:00,146,18.7,3.4,46.0,0.0,1.0,1.76
2023-12-08 13:00:00,156,19.2,3.4,55.0,1.0,1.0,1.94
2023-12-08 13:00:00,159,17.3,7.7,56.0,3.0,1.0,1.97
2023-12-08 13:00:00,184,20.9,2.5,34.0,0.0,1.0,2.1
2023-12-08 14:00:00,105,19.4,3.0,35.0,0.0,1.0,1.38
2023-12-08 14:00:00,108,16.4,7.3,62.0,8.0,0.1,0.58
2023-12-08 14:00:00,112,15.6,6.6,66.0,1.0,1.0,1.5
2023-12-08 14:00:00,119,17.2,5.0,55.0,7.0,0.8,1.39
2023-12-08 14:00:00,133,18.9,3.1,38.0,0.0,1.0,1.66
2023-12-08 14:00:00,143,17.7,1.5,45.0,0.0,1.0,1.63
2023-12-08 14:00:00,146,19.8,3.4,43.0,0.0,1.0,1.64
2023-12-08 14:00:00,156,19.4,3.5,56.0,2.0,1.0,1.85
2023-12-08 14:00:00,159,17.6,8.6,55.0,0.0,0.9,1.63
2023-12-08 14:00:00,184,20.3,3.2,40.0,0.0,1.0,1.97
2023-12-08 15:00:00,105,19.4,1.8,35.0,1.0,1.0,1.09
2023-12-08 15:00:00,108,16.8,5.9,62.0,4.0,0.4,0.8
2023-12-08 15:00:00,112,15.3,6.4,70.0,1.0,1.0,1.18
2023-12-08 15:00:00,119,17.1,5.7,57.0,6.0,0.2,0.74
2023-12-08 15:00:00,133,19.1,2.8,39.0,0.0,1.0,1.31
2023-12-08 15:00:00,143,19.4,1.8,39.0,0.0,1.0,1.27
2023-12-08 15:00:00,146,19.9,2.7,45.0,0.0,1.0,1.33
2023-12-08 15:00:00,156,19.4,2.9,59.0,1.0,0.9,1.25
2023-12-08 15:00:00,159,17.3,8.5,59.0,1.0,0.8,1.29
2023-12-08 15:00:00,184,19.9,3.7,51.0,0.0,1.0,1.61
2023-12-08 16:00:00,105,18.5,3.0,38.0,0.0,1.0,0.65
2023-12-08 16:00:00,108,16.4,5.2,65.0,4.0,0.4,0.54
2023-12-08 16:00:00,112,14.7,7.6,74.0,0.0,1.0,0.68
2023-12-08 16:00:00,119,17.3,4.7,57.0,3.0,0.7,0.65
2023-12-08 16:00:00,133,18.4,3.2,45.0,0.0,1.0,0.81
2023-12-08 16:00:00,143,19.6,1.4,42.0,0.0,1.0,0.79
2023-12-08 16:00:00,146,19.4,2.2,47.0,0.0,1.0,0.84
2023-12-08 16:00:00,156,18.6,2.9,62.0,0.0,1.0,0.93
2023-12-08 16:00:00,159,16.9,9.5,62.0,3.0,0.6,0.73
2023-12-08 16:00:00,184,20.1,2.5,46.0,0.0,1.0,1.04
2023-12-08 17:00:00,105,17.5,2.0,40.0,2.0,0.4,0.17
2023-12-08 17:00:00,108,15.6,4.1,70.0,2.0,0.0,0.2
2023-12-08 17:00:00,112,14.2,7.5,77.0,0.0,0.4,0.24
2023-12-08 17:00:00,119,15.8,3.7,65.0,0.0,0.5,0.28
2023-12-08 17:00:00,133,17.1,3.0,52.0,0.0,0.4,0.23
2023-12-08 17:00:00,143,17.3,2.0,50.0,0.0,0.6,0.25
2023-12-08 17:00:00,146,18.3,2.3,48.0,0.0,0.7,0.29
2023-12-08 17:00:00,156,17.1,3.1,69.0,0.0,0.8,0.38
2023-12-08 17:00:00,159,16.4,7.1,64.0,5.0,0.1,0.19
2023-12-08 17:00:00,184,18.7,3.0,51.0,0.0,1.0,0.44
2023-12-08 18:00:00,105,15.0,1.0,48.0,0.0,0.0,0.0
2023-12-08 18:00:00,108,14.8,2.8,74.0,2.0,0.0,0.01
2023-12-08 18:00:00,112,13.1,5.4,81.0,0.0,0.0,0.01
2023-12-08 18:00:00,119,14.8,2.9,70.0,0.0,0.0,0.01
2023-12-08 18:00:00,133,16.2,2.1,56.0,0.0,0.0,0.0
2023-12-08 18:00:00,143,15.8,1.8,56.0,0.0,0.0,0.0
2023-12-08 18:00:00,146,17.2,2.3,51.0,0.0,0.0,0.01
2023-12-08 18:00:00,156,16.1,2.7,76.0,2.0,0.0,0.06
2023-12-08 18:00:00,159,16.4,5.5,64.0,7.0,0.0,0.01
2023-12-08 18:00:00,184,16.9,2.6,62.0,0.0,0.1,0.02
2023-12-08 19:00:00,105,15.3,1.3,50.0,0.0,,
2023-12-08 19:00:00,108,14.3,3.1,77.0,7.0,,
2023-12-08 19:00:00,112,12.8,5.6,84.0,0.0,,
2023-12-08 19:00:00,119,14.5,3.4,72.0,0.0,,
2023-12-08 19:00:00,133,15.6,2.5,58.0,0.0,,
2023-12-08 19:00:00,143,15.1,0.5,59.0,0.0,,
2023-12-08 19:00:00,146,16.3,2.9,59.0,0.0,,
2023-12-08 19:00:00,156,15.7,1.5,76.0,3.0,,
2023-12-08 19:00:00,159,16.6,6.9,63.0,7.0,,
2023-12-08 19:00:00,184,15.7,2.1,65.0,0.0,,
2023-12-08 20:00:00,105,14.2,1.7,52.0,0.0,,
2023-12-08 20:00:00,108,14.0,2.7,79.0,7.0,,
2023-12-08 20:00:00,112,12.6,5.1,86.0,6.0,,
2023-12-08 20:00:00,119,14.0,2.3,75.0,0.0,,
2023-12-08 20:00:00,133,15.0,2.0,59.0,0.0,,
2023-12-08 20:00:00,143,13.1,0.9,67.0,0.0,,
2023-12-08 20:00:00,146,15.9,1.7,64.0,3.0,,
2023-12-08 20:00:00,156,14.9,1.5,82.0,7.0,,
2023-12-08 20:00:00,159,16.5,8.1,66.0,7.0,,
2023-12-08 20:00:00,184,14.2,2.6,63.0,0.0,,
2023-12-08 21:00:00,105,14.6,1.9,51.0,1.0,,
2023-12-08 21:00:00,108,13.7,2.9,81.0,2.0,,
2023-12-08 21:00:00,112,12.6,5.4,86.0,0.0,,
2023-12-08 21:00:00,119,13.3,1.3,78.0,0.0,,
2023-12-08 21:00:00,133,14.3,3.1,61.0,0.0,,
2023-12-08 21:00:00,143,12.2,1.0,71.0,0.0,,
2023-12-08 21:00:00,146,15.3,2.0,67.0,0.0,,
2023-12-08 21:00:00,156,14.5,2.0,86.0,6.0,,
2023-12-08 21:00:00,159,16.5,6.1,66.0,7.0,,
2023-12-08 21:00:00,184,13.4,1.8,63.0,0.0,,
2023-12-08 22:00:00,105,14.8,0.9,50.0,0.0,,
2023-12-08 22:00:00,108,13.6,2.1,81.0,8.0,,
2023-12-08 22:00:00,112,12.5,5.1,87.0,6.0,,
2023-12-08 22:00:00,119,11.8,0.5,84.0,0.0,,
2023-12-08 22:00:00,133,13.6,2.1,65.0,0.0,,
2023-12-08 22:00:00,143,11.9,1.0,73.0,0.0,,
2023-12-08 22:00:00,146,14.2,0.8,69.0,7.0,,
2023-12-08 22:00:00,156,14.4,1.8,89.0,6.0,,
2023-12-08 22:00:00,159,16.8,6.0,61.0,7.0,,
2023-12-08 22:00:00,184,13.1,2.7,63.0,0.0,,
2023-12-08 23:00:00,105,16.6,2.4,45.0,0.0,,
2023-12-08 23:00:00,108,13.3,1.8,83.0,9.0,,
2023-12-08 23:00:00,112,12.4,4.8,87.0,6.0,,
2023-12-08 23:00:00,119,10.5,0.9,91.0,0.0,,
2023-12-08 23:00:00,133,13.3,3.0,67.0,0.0,,
2023-12-08 23:00:00,143,10.8,1.5,78.0,0.0,,
2023-12-08 23:00:00,146,13.8,1.3,71.0,5.0,,
2023-12-08 23:00:00,156,14.7,1.4,90.0,6.0,,
2023-12-08 23:00:00,159,16.5,5.4,63.0,7.0,,
2023-12-08 23:00:00,184,12.5,2.4,61.0,0.0,,
2023-12-09 00:00:00,105,17.0,4.0,47.0,0.0,,
2023-12-09 00:00:00,108,13.1,2.8,84.0,1.0,,
2023-12-09 00:00:00,112,12.4,3.9,87.0,0.0,,
2023-12-09 00:00:00,119,10.9,0.9,89.0,0.0,,
2023-12-09 00:00:00,133,14.1,2.9,64.0,0.0,,
2023-12-09 00:00:00,143,9.9,0.6,82.0,0.0,,
2023-12-09 00:00:00,146,12.9,0.9,75.0,0.0,,
2023-12-09 00:00:00,156,14.7,2.1,91.0,8.0,,
2023-12-09 00:00:00,159,16.2,3.8,64.0,6.0,,
2023-12-09 00:00:00,184,12.4,3.1,59.0,2.0,,
2023-12-09 01:00:00,105,16.9,5.4,48.0,1.0,,
2023-12-09 01:00:00,108,12.7,2.3,86.0,6.0,,
2023-12-09 01:00:00,112,12.4,3.8,87.0,0.0,,
2023-12-09 01:00:00,119,10.4,0.7,89.0,5.0,,
2023-12-09 01:00:00,133,12.5,1.3,71.0,3.0,,
2023-12-09 01:00:00,143,9.2,0.3,87.0,0.0,,
2023-12-09 01:00:00,146,14.3,1.5,72.0,4.0,,
2023-12-09 01:00:00,156,15.1,1.9,91.0,6.0,,
2023-12-09 01:00:00,159,16.2,5.7,63.0,6.0,,
2023-12-09 01:00:00,184,12.1,2.3,63.0,0.0,,
2023-12-09 02:00:00,105,16.5,3.9,51.0,0.0,,
2023-12-09 02:00:00,108,12.7,3.2,88.0,7.0,,
2023-12-09 02:00:00,112,12.1,3.8,90.0,5.0,,
2023-12-09 02:00:00,119,11.4,2.0,89.0,7.0,,
2023-12-09 02:00:00,133,12.7,1.7,71.0,4.0,,
2023-12-09 02:00:00,143,8.3,0.5,89.0,0.0,,
2023-12-09 02:00:00,146,14.4,0.5,71.0,3.0,,
2023-12-09 02:00:00,156,15.1,2.6,91.0,7.0,,
2023-12-09 02:00:00,159,15.8,3.3,65.0,6.0,,
2023-12-09 02:00:00,184,11.9,2.6,72.0,0.0,,
2023-12-09 03:00:00,105,16.6,5.7,50.0,0.0,,
2023-12-09 03:00:00,108,12.8,2.5,88.0,8.0,,
2023-12-09 03:00:00,112,12.0,3.4,91.0,4.0,,
2023-12-09 03:00:00,119,9.9,0.8,87.0,4.0,,
2023-12-09 03:00:00,133,11.1,2.3,77.0,4.0,,
2023-12-09 03:00:00,143,7.8,0.3,93.0,0.0,,
2023-12-09 03:00:00,146,13.5,1.1,76.0,0.0,,
2023-12-09 03:00:00,156,14.9,1.4,92.0,9.0,,
2023-12-09 03:00:00,159,15.4,4.0,66.0,0.0,,
2023-12-09 03:00:00,184,11.7,2.8,72.0,0.0,,
2023-12-09 04:00:00,105,16.2,4.9,52.0,0.0,,
2023-12-09 04:00:00,108,13.1,2.5,88.0,9.0,,
2023-12-09 04:00:00,112,12.2,3.0,91.0,8.0,,
2023-12-09 04:00:00,119,9.5,1.7,96.0,4.0,,
2023-12-09 04:00:00,133,9.6,2.5,79.0,0.0,,
2023-12-09 04:00:00,143,7.3,0.7,94.0,0.0,,
2023-12-09 04:00:00,146,12.0,1.3,83.0,0.0,,
2023-12-09 04:00:00,156,14.3,1.1,94.0,8.0,,
2023-12-09 04:00:00,159,15.0,3.4,68.0,6.0,,
2023-12-09 04:00:00,184,11.6,3.2,70.0,0.0,,
2023-12-09 05:00:00,105,16.2,5.1,53.0,1.0,,
2023-12-09 05:00:00,108,13.1,2.2,89.0,8.0,,
2023-12-09 05:00:00,112,12.2,3.1,92.0,8.0,,
2023-12-09 05:00:00,119,8.8,0.2,97.0,7.0,,
2023-12-09 05:00:00,133,9.9,2.1,79.0,6.0,,
2023-12-09 05:00:00,143,7.3,0.2,96.0,0.0,,
2023-12-09 05:00:00,146,11.1,1.6,86.0,0.0,,
2023-12-09 05:00:00,156,13.8,0.3,97.0,5.0,,
2023-12-09 05:00:00,159,14.7,4.2,69.0,7.0,,
2023-12-09 05:00:00,184,11.4,2.4,74.0,4.0,,
2023-12-09 06:00:00,105,16.2,4.1,54.0,3.0,,
2023-12-09 06:00:00,108,13.1,1.8,88.0,9.0,,
2023-12-09 06:00:00,112,12.2,3.5,92.0,8.0,,
2023-12-09 06:00:00,119,8.3,0.6,97.0,8.0,,
2023-12-09 06:00:00,133,9.1,1.6,81.0,3.0,,
2023-12-09 06:00:00,143,7.3,0.7,96.0,0.0,,
2023-12-09 06:00:00,146,10.6,1.2,88.0,0.0,,
2023-12-09 06:00:00,156,13.4,0.6,98.0,6.0,,
2023-12-09 06:00:00,159,14.9,5.5,67.0,0.0,,
2023-12-09 06:00:00,184,11.5,2.7,72.0,4.0,,
2023-12-09 07:00:00,105,16.4,5.0,54.0,2.0,,
2023-12-09 07:00:00,108,13.1,2.6,89.0,8.0,,
2023-12-09 07:00:00,112,12.1,3.0,92.0,9.0,,
2023-12-09 07:00:00,119,9.3,2.2,98.0,8.0,,
2023-12-09 07:00:00,133,8.9,1.2,85.0,2.0,,
2023-12-09 07:00:00,143,7.6,0.0,97.0,0.0,,
2023-12-09 07:00:00,146,11.8,1.6,85.0,0.0,,
2023-12-09 07:00:00,156,12.9,1.2,99.0,2.0,,
2023-12-09 07:00:00,159,15.0,6.0,65.0,0.0,,
2023-12-09 07:00:00,184,11.9,3.5,74.0,4.0,,
2023-12-09 08:00:00,105,16.2,3.0,54.0,0.0,0.0,0.02
2023-12-09 08:00:00,108,13.2,3.0,89.0,8.0,0.0,0.01
2023-12-09 08:00:00,112,12.1,2.3,92.0,9.0,0.0,0.0
2023-12-09 08:00:00,119,10.5,1.2,98.0,9.0,0.0,0.01
2023-12-09 08:00:00,133,8.7,0.7,86.0,2.0,0.0,0.02
2023-12-09 08:00:00,143,7.2,0.8,97.0,0.0,0.1,0.04
2023-12-09 08:00:00,146,11.8,2.2,83.0,2.0,0.0,0.02
2023-12-09 08:00:00,156,12.8,0.7,99.0,7.0,0.0,0.08
2023-12-09 08:00:00,159,15.3,4.1,66.0,3.0,0.0,0.05
2023-12-09 08:00:00,184,12.4,3.1,73.0,8.0,0.0,0.0
2023-12-09 09:00:00,105,16.9,3.0,53.0,0.0,0.3,0.24
2023-12-09 09:00:00,108,13.3,2.6,89.0,9.0,0.0,0.06
2023-12-09 09:00:00,112,12.4,2.9,92.0,9.0,0.0,0.1
2023-12-09 09:00:00,119,11.3,1.0,96.0,9.0,0.0,0.09
2023-12-09 09:00:00,133,10.4,1.6,79.0,0.0,0.8,0.37
2023-12-09 09:00:00,143,9.8,0.7,90.0,1.0,1.0,0.46
2023-12-09 09:00:00,146,14.9,1.3,73.0,4.0,0.9,0.32
2023-12-09 09:00:00,156,14.6,1.6,97.0,6.0,0.2,0.4
2023-12-09 09:00:00,159,16.0,4.0,63.0,7.0,0.6,0.37
2023-12-09 09:00:00,184,13.8,2.5,69.0,8.0,0.2,0.25
2023-12-09 10:00:00,105,18.1,4.3,49.0,0.0,1.0,0.82
2023-12-09 10:00:00,108,13.5,2.5,86.0,9.0,0.0,0.18
2023-12-09 10:00:00,112,12.7,2.2,91.0,9.0,0.0,0.18
2023-12-09 10:00:00,119,12.5,1.1,91.0,9.0,0.0,0.31
2023-12-09 10:00:00,133,14.2,1.5,67.0,0.0,1.0,0.89
2023-12-09 10:00:00,143,12.9,0.7,76.0,3.0,1.0,0.92
2023-12-09 10:00:00,146,16.6,1.9,67.0,5.0,1.0,0.77
2023-12-09 10:00:00,156,15.2,0.2,93.0,6.0,0.1,0.64
2023-12-09 10:00:00,159,17.2,4.8,60.0,9.0,0.6,0.83
2023-12-09 10:00:00,184,16.9,2.5,64.0,9.0,0.4,0.67
2023-12-09 11:00:00,105,18.8,4.2,47.0,0.0,1.0,1.28
2023-12-09 11:00:00,108,13.9,2.7,84.0,9.0,0.0,0.29
2023-12-09 11:00:00,112,13.3,2.5,89.0,9.0,0.0,0.34
2023-12-09 11:00:00,119,13.8,1.3,82.0,9.0,0.1,0.54
2023-12-09 11:00:00,133,17.1,1.5,57.0,0.0,1.0,1.31
2023-12-09 11:00:00,143,16.6,0.5,64.0,2.0,1.0,1.32
2023-12-09 11:00:00,146,18.1,2.6,62.0,5.0,1.0,1.27
2023-12-09 11:00:00,156,17.0,1.9,86.0,7.0,0.2,0.99
2023-12-09 11:00:00,159,18.3,4.0,58.0,9.0,0.5,1.03
2023-12-09 11:00:00,184,18.7,1.9,58.0,8.0,0.3,0.85
2023-12-09 12:00:00,105,19.3,3.9,46.0,0.0,1.0,1.53
2023-12-09 12:00:00,108,14.7,2.4,79.0,9.0,0.0,0.57
2023-12-09 12:00:00,112,13.6,2.5,87.0,9.0,0.0,0.42
2023-12-09 12:00:00,119,15.2,1.6,77.0,9.0,0.2,0.96
2023-12-09 12:00:00,133,18.2,2.9,52.0,0.0,1.0,1.59
2023-12-09 12:00:00,143,17.8,1.5,55.0,5.0,1.0,1.67
2023-12-09 12:00:00,146,18.7,2.4,59.0,7.0,1.0,1.41
2023-12-09 12:00:00,156,18.5,1.5,77.0,8.0,0.2,1.14
2023-12-09 12:00:00,159,18.4,5.2,56.0,9.0,0.5,1.27
2023-12-09 12:00:00,184,20.4,1.6,53.0,9.0,0.7,1.29
2023-12-09 13:00:00,105,19.8,3.9,44.0,0.0,1.0,1.56
2023-12-09 13:00:00,108,15.3,2.2,76.0,9.0,0.1,0.76
2023-12-09 13:00:00,112,13.9,2.8,86.0,9.0,0.0,0.52
2023-12-09 13:00:00,119,15.7,1.2,74.0,9.0,0.0,0.7
2023-12-09 13:00:00,133,19.0,3.9,49.0,0.0,1.0,1.69
2023-12-09 13:00:00,143,18.5,1.7,51.0,7.0,1.0,1.51
2023-12-09 13:00:00,146,19.5,1.9,55.0,7.0,1.0,1.27
2023-12-09 13:00:00,156,19.0,2.5,73.0,9.0,0.2,1.12
2023-12-09 13:00:00,159,19.9,4.5,52.0,8.0,0.7,1.65
2023-12-09 13:00:00,184,20.3,3.6,53.0,8.0,0.8,1.56
2023-12-09 14:00:00,105,20.1,4.3,44.0,0.0,1.0,1.32
2023-12-09 14:00:00,108,16.0,1.9,73.0,9.0,0.3,0.84
2023-12-09 14:00:00,112,13.7,2.0,86.0,9.0,0.0,0.71
2023-12-09 14:00:00,119,16.4,1.8,73.0,7.0,0.2,0.89
2023-12-09 14:00:00,133,19.7,1.9,48.0,0.0,1.0,1.55
2023-12-09 14:00:00,143,19.6,2.4,46.0,6.0,0.9,1.2
2023-12-09 14:00:00,146,19.9,2.2,52.0,6.0,1.0,1.39
2023-12-09 14:00:00,156,19.5,2.1,69.0,8.0,0.2,1.06
2023-12-09 14:00:00,159,19.5,6.7,53.0,9.0,0.9,1.62
2023-12-09 14:00:00,184,20.4,3.2,57.0,10.0,0.8,1.5
2023-12-09 15:00:00,105,20.1,2.9,44.0,0.0,1.0,0.99
2023-12-09 15:00:00,108,16.2,1.5,71.0,8.0,0.2,0.64
2023-12-09 15:00:00,112,14.4,1.6,84.0,3.0,0.7,0.94
2023-12-09 15:00:00,119,16.5,2.4,71.0,5.0,0.9,1.02
2023-12-09 15:00:00,133,19.6,2.6,47.0,0.0,1.0,1.2
2023-12-09 15:00:00,143,19.8,2.0,44.0,8.0,1.0,1.15
2023-12-09 15:00:00,146,20.1,1.6,50.0,7.0,1.0,1.24
2023-12-09 15:00:00,156,19.5,2.6,71.0,4.0,0.5,0.92
2023-12-09 15:00:00,159,18.9,6.7,54.0,9.0,0.5,0.99
2023-12-09 15:00:00,184,20.5,2.1,53.0,10.0,0.8,1.06
2023-12-09 16:00:00,105,19.3,3.2,46.0,0.0,1.0,0.56
2023-12-09 16:00:00,108,16.0,1.0,71.0,1.0,0.2,0.5
2023-12-09 16:00:00,112,14.2,1.3,83.0,0.0,1.0,0.63
2023-12-09 16:00:00,119,15.9,1.2,73.0,0.0,1.0,0.61
2023-12-09 16:00:00,133,18.8,2.1,49.0,0.0,1.0,0.75
2023-12-09 16:00:00,143,19.2,2.4,48.0,7.0,0.8,0.7
2023-12-09 16:00:00,146,19.2,2.9,54.0,4.0,1.0,0.8
2023-12-09 16:00:00,156,19.5,2.2,72.0,4.0,0.9,0.82
2023-12-09 16:00:00,159,18.6,7.7,50.0,8.0,0.7,0.83
2023-12-09 16:00:00,184,20.3,2.6,53.0,7.0,0.7,0.75
2023-12-09 17:00:00,105,18.2,3.3,50.0,0.0,0.3,0.15
2023-12-09 17:00:00,108,15.1,1.7,75.0,6.0,0.0,0.2
2023-12-09 17:00:00,112,13.2,1.1,86.0,3.0,0.0,0.21
2023-12-09 17:00:00,119,14.8,0.9,78.0,0.0,0.2,0.21
2023-12-09 17:00:00,133,17.0,1.9,57.0,0.0,0.4,0.23
2023-12-09 17:00:00,143,17.7,1.0,53.0,3.0,0.5,0.24
2023-12-09 17:00:00,146,18.0,1.5,60.0,4.0,0.7,0.27
2023-12-09 17:00:00,156,18.6,2.0,75.0,3.0,0.9,0.42
2023-12-09 17:00:00,159,17.7,5.0,54.0,6.0,0.0,0.23
2023-12-09 17:00:00,184,19.5,0.6,60.0,4.0,1.0,0.34
2023-12-09 18:00:00,105,16.4,2.8,66.0,0.0,0.0,0.0
2023-12-09 18:00:00,108,14.4,1.2,78.0,6.0,0.0,0.0
2023-12-09 18:00:00,112,13.0,1.3,87.0,9.0,0.0,0.01
2023-12-09 18:00:00,119,12.7,1.0,86.0,0.0,0.0,0.0
2023-12-09 18:00:00,133,15.2,0.6,65.0,0.0,0.0,0.01
2023-12-09 18:00:00,143,15.2,0.4,62.0,2.0,0.0,0.0
2023-12-09 18:00:00,146,17.0,1.0,66.0,2.0,0.0,0.01
2023-12-09 18:00:00,156,17.8,1.7,81.0,2.0,0.0,0.07
2023-12-09 18:00:00,159,16.8,4.4,58.0,5.0,0.0,0.01
2023-12-09 18:00:00,184,18.1,0.4,66.0,0.0,0.1,0.01
2023-12-09 19:00:00,105,14.6,1.7,84.0,0.0,,
2023-12-09 19:00:00,108,14.2,2.4,81.0,9.0,,
2023-12-09 19:00:00,112,12.1,2.5,91.0,9.0,,
2023-12-09 19:00:00,119,11.7,0.1,90.0,6.0,,
2023-12-09 19:00:00,133,14.3,0.4,69.0,0.0,,
2023-12-09 19:00:00,143,13.6,0.4,68.0,0.0,,
2023-12-09 19:00:00,146,15.4,0.7,72.0,5.0,,
2023-12-09 19:00:00,156,16.4,0.9,90.0,0.0,,
2023-12-09 19:00:00,159,16.0,3.0,62.0,0.0,,
2023-12-09 19:00:00,184,16.5,2.0,68.0,0.0,,
2023-12-09 20:00:00,105,14.3,0.9,80.0,5.0,,
2023-12-09 20:00:00,108,13.8,2.1,82.0,9.0,,
2023-12-09 20:00:00,112,12.1,2.6,90.0,9.0,,
2023-12-09 20:00:00,119,10.7,1.1,94.0,9.0,,
2023-12-09 20:00:00,133,12.8,0.4,76.0,0.0,,
2023-12-09 20:00:00,143,11.6,0.6,77.0,0.0,,
2023-12-09 20:00:00,146,14.1,1.5,75.0,6.0,,
2023-12-09 20:00:00,156,15.9,0.7,95.0,0.0,,
2023-12-09 20:00:00,159,15.6,3.0,64.0,0.0,,
2023-12-09 20:00:00,184,16.2,1.8,70.0,0.0,,
2023-12-09 21:00:00,105,14.1,0.6,77.0,6.0,,
2023-12-09 21:00:00,108,13.5,0.6,82.0,8.0,,
2023-12-09 21:00:00,112,11.1,3.0,82.0,9.0,,
2023-12-09 21:00:00,119,11.0,0.2,95.0,9.0,,
2023-12-09 21:00:00,133,12.1,0.2,81.0,0.0,,
2023-12-09 21:00:00,143,10.8,0.0,80.0,0.0,,
2023-12-09 21:00:00,146,13.0,1.5,80.0,0.0,,
2023-12-09 21:00:00,156,14.7,0.4,98.0,3.0,,
2023-12-09 21:00:00,159,15.7,3.2,66.0,0.0,,
2023-12-09 21:00:00,184,15.7,2.5,67.0,2.0,,
2023-12-09 22:00:00,105,13.0,0.9,80.0,5.0,,
2023-12-09 22:00:00,108,13.1,1.2,83.0,5.0,,
2023-12-09 22:00:00,112,10.3,2.6,82.0,6.0,,
2023-12-09 22:00:00,119,10.9,0.2,95.0,9.0,,
2023-12-09 22:00:00,133,10.8,0.1,84.0,8.0,,
2023-12-09 22:00:00,143,9.8,0.0,85.0,0.0,,
2023-12-09 22:00:00,146,12.4,1.4,82.0,6.0,,
2023-12-09 22:00:00,156,14.3,0.6,99.0,6.0,,
2023-12-09 22:00:00,159,15.3,3.2,68.0,0.0,,
2023-12-09 22:00:00,184,15.4,3.0,67.0,0.0,,
2023-12-09 23:00:00,105,12.2,0.9,80.0,6.0,,
2023-12-09 23:00:00,108,12.3,0.7,86.0,2.0,,
2023-12-09 23:00:00,112,9.6,2.7,82.0,4.0,,
2023-12-09 23:00:00,119,10.3,0.3,94.0,6.0,,
2023-12-09 23:00:00,133,10.8,0.1,85.0,9.0,,
2023-12-09 23:00:00,143,9.0,0.3,88.0,1.0,,
2023-12-09 23:00:00,146,11.8,1.0,84.0,7.0,,
2023-12-09 23:00:00,156,14.0,0.2,99.0,6.0,,
2023-12-09 23:00:00,159,14.6,2.4,71.0,0.0,,
2023-12-09 23:00:00,184,15.1,2.7,66.0,1.0,,
2023-12-10 00:00:00,105,12.1,0.7,80.0,5.0,,
2023-12-10 00:00:00,108,11.7,0.3,88.0,9.0,,
2023-12-10 00:00:00,112,9.1,3.0,80.0,8.0,,
2023-12-10 00:00:00,119,9.7,1.1,97.0,9.0,,
2023-12-10 00:00:00,133,10.3,0.3,86.0,8.0,,
2023-12-10 00:00:00,143,8.4,0.8,91.0,0.0,,
2023-12-10 00:00:00,146,11.3,1.0,86.0,2.0,,
2023-12-10 00:00:00,156,13.5,0.5,99.0,4.0,,
2023-12-10 00:00:00,159,14.6,1.7,69.0,0.0,,
2023-12-10 00:00:00,184,14.6,2.6,66.0,2.0,,
2023-12-10 01:00:00,105,12.6,1.9,67.0,6.0,,
2023-12-10 01:00:00,108,11.6,,87.0,10.0,,
2023-12-10 01:00:00,112,8.5,3.1,74.0,7.0,,
2023-12-10 01:00:00,119,9.6,0.7,97.0,9.0,,
2023-12-10 01:00:00,133,9.8,1.0,89.0,6.0,,
2023-12-10 01:00:00,143,7.5,1.4,94.0,0.0,,
2023-12-10 01:00:00,146,11.0,0.1,87.0,7.0,,
2023-12-10 01:00:00,156,13.2,0.7,99.0,6.0,,
2023-12-10 01:00:00,159,14.2,1.6,69.0,0.0,,
2023-12-10 01:00:00,184,14.4,2.0,65.0,0.0,,
2023-12-10 02:00:00,105,12.4,0.8,66.0,8.0,,
2023-12-10 02:00:00,108,11.4,,86.0,9.0,,
2023-12-10 02:00:00,112,7.9,2.8,67.0,3.0,,
2023-12-10 02:00:00,119,9.8,0.5,97.0,10.0,,
2023-12-10 02:00:00,133,9.6,0.0,91.0,6.0,,
2023-12-10 02:00:00,143,7.2,1.2,94.0,0.0,,
2023-12-10 02:00:00,146,10.6,1.6,88.0,9.0,,
2023-12-10 02:00:00,156,12.4,0.3,99.0,6.0,,
2023-12-10 02:00:00,159,13.8,0.9,73.0,0.0,,
2023-12-10 02:00:00,184,13.8,2.1,67.0,0.0,,
2023-12-10 03:00:00,105,12.0,1.4,66.0,4.0,,
2023-12-10 03:00:00,108,10.8,,82.0,2.0,,
2023-12-10 03:00:00,112,8.0,3.2,57.0,0.0,,
2023-12-10 03:00:00,119,9.5,0.5,97.0,9.0,,
2023-12-10 03:00:00,133,9.7,0.0,90.0,8.0,,
2023-12-10 03:00:00,143,6.5,1.6,96.0,0.0,,
2023-12-10 03:00:00,146,10.6,0.5,89.0,8.0,,
2023-12-10 03:00:00,156,12.5,0.6,99.0,7.0,,
2023-12-10 03:00:00,159,13.2,1.6,76.0,0.0,,
2023-12-10 03:00:00,184,14.1,2.7,67.0,3.0,,
2023-12-10 04:00:00,105,10.1,1.1,74.0,0.0,,
2023-12-10 04:00:00,112,7.5,2.8,51.0,0.0,,
2023-12-10 04:00:00,119,9.3,0.9,97.0,9.0,,
2023-12-10 04:00:00,133,9.7,0.0,90.0,9.0,,
2023-12-10 04:00:00,143,6.0,1.5,96.0,0.0,,
2023-12-10 04:00:00,146,10.1,0.4,92.0,0.0,,
2023-12-10 04:00:00,156,12.5,0.6,99.0,9.0,,
2023-12-10 04:00:00,159,13.1,1.2,74.0,0.0,,
2023-12-10 04:00:00,184,14.4,3.1,67.0,0.0,,
2023-12-10 05:00:00,105,8.7,1.9,79.0,1.0,,
2023-12-10 05:00:00,112,7.0,3.7,44.0,0.0,,
2023-12-10 05:00:00,119,9.4,1.5,97.0,9.0,,
2023-12-10 05:00:00,133,10.0,0.8,88.0,9.0,,
2023-12-10 05:00:00,143,5.6,1.7,96.0,0.0,,
2023-12-10 05:00:00,146,9.9,0.0,93.0,7.0,,
2023-12-10 05:00:00,156,12.0,0.6,99.0,3.0,,
2023-12-10 05:00:00,159,12.8,1.5,76.0,0.0,,
2023-12-10 05:00:00,184,13.9,1.9,69.0,0.0,,
2023-12-10 06:00:00,105,8.3,1.5,81.0,6.0,,
2023-12-10 06:00:00,112,6.1,3.2,45.0,0.0,,
2023-12-10 06:00:00,119,8.9,0.7,93.0,8.0,,
2023-12-10 06:00:00,133,10.3,0.5,88.0,9.0,,
2023-12-10 06:00:00,143,5.2,1.8,97.0,0.0,,
2023-12-10 06:00:00,146,10.2,1.4,91.0,9.0,,
2023-12-10 06:00:00,156,12.1,0.1,99.0,3.0,,
2023-12-10 06:00:00,159,12.1,2.5,78.0,0.0,,
2023-12-10 06:00:00,184,13.9,2.3,64.0,0.0,,
2023-12-10 07:00:00,105,8.7,1.2,80.0,9.0,,
2023-12-10 07:00:00,112,5.6,2.9,48.0,0.0,,
2023-12-10 07:00:00,119,7.9,1.2,89.0,8.0,,
2023-12-10 07:00:00,133,10.5,0.1,88.0,9.0,,
2023-12-10 07:00:00,143,4.7,1.5,97.0,0.0,,
2023-12-10 07:00:00,146,10.2,1.2,91.0,5.0,,
2023-12-10 07:00:00,156,11.9,0.1,99.0,8.0,,
2023-12-10 07:00:00,159,11.7,2.0,79.0,0.0,,
2023-12-10 07:00:00,184,13.4,1.4,67.0,0.0,,
2023-12-10 08:00:00,105,9.0,1.2,78.0,10.0,0.0,0.0
2023-12-10 08:00:00,108,6.8,,89.0,0.0,,
2023-12-10 08:00:00,112,5.3,2.9,47.0,0.0,0.0,0.01
2023-12-10 08:00:00,119,7.3,1.4,88.0,4.0,0.0,0.01
2023-12-10 08:00:00,133,10.8,0.1,88.0,10.0,0.0,0.01
2023-12-10 08:00:00,143,4.6,1.3,97.0,5.0,0.0,0.03
2023-12-10 08:00:00,146,10.5,0.9,95.0,9.0,0.0,0.03
2023-12-10 08:00:00,156,12.1,0.6,99.0,9.0,0.0,0.08
2023-12-10 08:00:00,159,12.0,2.8,76.0,0.0,0.1,0.05
2023-12-10 08:00:00,184,13.6,2.6,67.0,0.0,0.0,0.0
2023-12-10 09:00:00,105,9.8,0.6,75.0,9.0,0.0,0.1
2023-12-10 09:00:00,108,7.0,,87.0,0.0,,
2023-12-10 09:00:00,112,5.8,3.1,46.0,0.0,0.6,0.29
2023-12-10 09:00:00,119,7.6,0.7,88.0,1.0,0.0,0.22
2023-12-10 09:00:00,133,11.3,0.6,88.0,10.0,0.0,0.09
2023-12-10 09:00:00,143,6.1,0.8,99.0,1.0,0.2,0.27
2023-12-10 09:00:00,146,11.3,0.8,90.0,6.0,0.2,0.23
2023-12-10 09:00:00,156,13.3,0.2,99.0,9.0,0.1,0.36
2023-12-10 09:00:00,159,14.7,2.7,66.0,0.0,1.0,0.45
2023-12-10 09:00:00,184,14.8,1.3,66.0,3.0,0.4,0.27
2023-12-10 10:00:00,105,11.1,1.5,67.0,9.0,0.0,0.3
2023-12-10 10:00:00,108,8.7,,84.0,3.0,,
2023-12-10 10:00:00,112,7.2,3.5,39.0,5.0,1.0,0.86
2023-12-10 10:00:00,119,10.0,1.6,73.0,0.0,0.8,0.63
2023-12-10 10:00:00,133,12.3,1.9,82.0,9.0,0.0,0.39
2023-12-10 10:00:00,143,8.9,1.8,86.0,0.0,1.0,0.88
2023-12-10 10:00:00,146,13.8,0.2,81.0,5.0,0.8,0.7
2023-12-10 10:00:00,156,16.0,0.4,90.0,4.0,0.7,1.03
2023-12-10 10:00:00,159,15.8,3.0,65.0,6.0,0.7,0.94
2023-12-10 10:00:00,184,19.9,2.1,62.0,4.0,1.0,0.86
2023-12-10 11:00:00,105,12.1,2.2,64.0,9.0,0.0,0.43
2023-12-10 11:00:00,108,10.9,,65.0,7.0,,
2023-12-10 11:00:00,112,8.8,3.6,39.0,8.0,1.0,1.34
2023-12-10 11:00:00,119,12.7,1.5,64.0,3.0,1.0,1.13
2023-12-10 11:00:00,133,14.9,1.3,71.0,2.0,0.4,1.02
2023-12-10 11:00:00,143,13.7,3.5,71.0,0.0,1.0,1.37
2023-12-10 11:00:00,146,15.5,0.6,74.0,5.0,0.4,0.99
2023-12-10 11:00:00,156,16.9,0.3,89.0,9.0,0.4,1.01
2023-12-10 11:00:00,159,18.3,1.6,56.0,0.0,1.0,1.53
2023-12-10 11:00:00,184,20.6,3.5,55.0,7.0,0.1,0.78
2023-12-10 12:00:00,105,12.0,4.0,75.0,9.0,0.1,0.8
2023-12-10 12:00:00,108,12.4,,51.0,7.0,,
2023-12-10 12:00:00,112,10.0,4.3,41.0,8.0,1.0,1.44
2023-12-10 12:00:00,119,15.5,0.9,59.0,7.0,1.0,1.39
2023-12-10 12:00:00,133,16.7,1.1,67.0,6.0,1.0,1.65
2023-12-10 12:00:00,143,16.3,3.3,61.0,1.0,1.0,1.64
2023-12-10 12:00:00,146,16.2,1.0,71.0,9.0,0.3,0.98
2023-12-10 12:00:00,156,17.5,0.9,83.0,9.0,0.2,0.97
2023-12-10 12:00:00,159,19.2,2.4,54.0,7.0,0.9,1.76
2023-12-10 12:00:00,184,21.9,3.1,50.0,7.0,0.7,1.43
2023-12-10 13:00:00,105,10.0,2.9,90.0,9.0,0.0,0.39
2023-12-10 13:00:00,108,14.2,,48.0,7.0,,
2023-12-10 13:00:00,112,10.8,3.1,45.0,8.0,0.9,1.21
2023-12-10 13:00:00,119,16.1,1.6,55.0,8.0,0.9,1.31
2023-12-10 13:00:00,133,17.5,1.7,61.0,7.0,0.9,1.67
2023-12-10 13:00:00,143,16.8,3.9,58.0,5.0,1.0,1.73
2023-12-10 13:00:00,146,17.9,0.5,67.0,6.0,0.5,1.2
2023-12-10 13:00:00,156,17.3,0.4,85.0,9.0,0.0,0.47
2023-12-10 13:00:00,159,19.5,2.8,52.0,5.0,0.8,1.72
2023-12-10 13:00:00,184,23.0,3.5,42.0,8.0,0.6,1.67
2023-12-10 14:00:00,105,10.1,1.9,95.0,9.0,0.0,0.09
2023-12-10 14:00:00,108,15.3,,48.0,8.0,,
2023-12-10 14:00:00,112,12.1,3.5,45.0,8.0,1.0,1.56
2023-12-10 14:00:00,119,16.5,1.5,56.0,6.0,1.0,1.25
2023-12-10 14:00:00,133,18.7,2.1,56.0,6.0,1.0,1.64
2023-12-10 14:00:00,143,16.8,4.7,57.0,4.0,0.7,1.4
2023-12-10 14:00:00,146,19.9,0.6,60.0,4.0,1.0,1.59
2023-12-10 14:00:00,156,17.9,0.6,82.0,9.0,0.0,0.61
2023-12-10 14:00:00,159,19.1,3.5,53.0,6.0,0.9,1.56
2023-12-10 14:00:00,184,20.6,5.8,69.0,7.0,0.4,1.11
2023-12-10 15:00:00,105,10.4,1.6,96.0,10.0,0.0,0.05
2023-12-10 15:00:00,108,15.4,,51.0,8.0,,
2023-12-10 15:00:00,112,12.0,2.9,47.0,7.0,0.8,1.03
2023-12-10 15:00:00,119,16.3,1.1,57.0,7.0,0.7,0.95
2023-12-10 15:00:00,133,18.3,1.1,52.0,7.0,0.9,1.21
2023-12-10 15:00:00,143,16.9,4.1,57.0,2.0,1.0,1.26
2023-12-10 15:00:00,146,19.0,1.3,63.0,9.0,0.3,0.78
2023-12-10 15:00:00,156,19.8,0.7,70.0,9.0,0.8,1.56
2023-12-10 15:00:00,159,18.6,2.9,53.0,6.0,0.8,1.11
2023-12-10 15:00:00,184,20.7,5.0,71.0,8.0,0.4,0.98
2023-12-10 16:00:00,105,10.6,1.1,96.0,9.0,0.0,0.03
2023-12-10 16:00:00,108,14.7,,55.0,7.0,,
2023-12-10 16:00:00,112,11.6,3.4,51.0,7.0,0.1,0.45
2023-12-10 16:00:00,119,15.8,1.3,58.0,8.0,0.0,0.49
2023-12-10 16:00:00,133,17.9,1.1,54.0,9.0,0.0,0.4
2023-12-10 16:00:00,143,16.0,2.9,59.0,8.0,0.7,0.6
2023-12-10 16:00:00,146,18.1,1.8,67.0,9.0,0.0,0.23
2023-12-10 16:00:00,156,18.8,1.1,78.0,9.0,0.2,0.52
2023-12-10 16:00:00,159,17.2,3.5,55.0,6.0,0.9,0.82
2023-12-10 16:00:00,184,20.1,4.4,66.0,8.0,0.0,0.4
2023-12-10 17:00:00,105,10.6,1.5,96.0,8.0,0.0,0.01
2023-12-10 17:00:00,108,13.4,,54.0,8.0,,
2023-12-10 17:00:00,112,10.7,2.8,55.0,8.0,0.1,0.18
2023-12-10 17:00:00,119,14.8,1.5,61.0,8.0,0.0,0.15
2023-12-10 17:00:00,133,17.0,0.9,58.0,9.0,0.0,0.12
2023-12-10 17:00:00,143,14.7,4.1,63.0,8.0,0.0,0.15
2023-12-10 17:00:00,146,17.6,0.3,68.0,9.0,0.0,0.15
2023-12-10 17:00:00,156,18.2,1.0,75.0,9.0,0.0,0.26
2023-12-10 17:00:00,159,15.3,2.5,61.0,6.0,0.4,0.22
2023-12-10 17:00:00,184,19.4,4.2,68.0,10.0,0.0,0.07
2023-12-10 18:00:00,105,10.5,1.9,97.0,9.0,0.0,0.0
2023-12-10 18:00:00,108,12.8,,56.0,9.0,,
2023-12-10 18:00:00,112,10.7,3.4,55.0,9.0,0.0,0.0
2023-12-10 18:00:00,119,13.4,0.9,64.0,9.0,0.0,0.0
2023-12-10 18:00:00,133,15.9,2.8,60.0,9.0,0.0,0.0
2023-12-10 18:00:00,143,14.0,4.2,65.0,8.0,0.0,0.01
2023-12-10 18:00:00,146,17.0,1.1,70.0,8.0,0.0,0.0
2023-12-10 18:00:00,156,17.4,1.5,79.0,9.0,0.0,0.06
2023-12-10 18:00:00,159,14.7,2.6,61.0,7.0,0.0,0.0
2023-12-10 18:00:00,184,18.1,3.6,79.0,10.0,0.0,0.0
2023-12-10 19:00:00,105,10.9,0.8,97.0,10.0,,
2023-12-10 19:00:00,112,10.2,4.2,59.0,10.0,,
2023-12-10 19:00:00,119,12.5,0.6,63.0,10.0,,
2023-12-10 19:00:00,133,15.2,1.8,62.0,10.0,,
2023-12-10 19:00:00,143,13.4,4.5,63.0,7.0,,
2023-12-10 19:00:00,146,16.6,0.6,73.0,10.0,,
2023-12-10 19:00:00,156,17.0,0.3,80.0,10.0,,
2023-12-10 19:00:00,159,14.2,2.6,63.0,7.0,,
2023-12-10 19:00:00,184,17.3,3.1,88.0,10.0,,
2023-12-10 20:00:00,105,11.0,1.7,97.0,9.0,,
2023-12-10 20:00:00,112,10.4,4.1,59.0,10.0,,
2023-12-10 20:00:00,119,12.6,0.4,65.0,10.0,,
2023-12-10 20:00:00,133,14.8,2.6,64.0,10.0,,
2023-12-10 20:00:00,143,12.8,3.6,67.0,7.0,,
2023-12-10 20:00:00,146,15.9,1.1,77.0,8.0,,
2023-12-10 20:00:00,156,17.0,0.7,79.0,10.0,,
2023-12-10 20:00:00,159,14.0,2.2,65.0,9.0,,
2023-12-10 20:00:00,184,17.2,2.9,88.0,10.0,,
2023-12-10 21:00:00,105,10.9,2.0,96.0,10.0,,
2023-12-10 21:00:00,112,10.1,3.5,61.0,10.0,,
2023-12-10 21:00:00,119,13.2,1.1,65.0,9.0,,
2023-12-10 21:00:00,133,14.8,2.8,64.0,7.0,,
2023-12-10 21:00:00,143,12.4,3.3,68.0,9.0,,
2023-12-10 21:00:00,146,15.4,0.8,78.0,10.0,,
2023-12-10 21:00:00,156,16.0,1.5,84.0,10.0,,
2023-12-10 21:00:00,159,13.8,2.5,64.0,10.0,,
2023-12-10 21:00:00,184,16.6,5.5,89.0,10.0,,
2023-12-10 22:00:00,105,10.8,1.8,97.0,10.0,,
2023-12-10 22:00:00,112,9.9,3.1,63.0,10.0,,
2023-12-10 22:00:00,119,13.2,2.9,63.0,10.0,,
2023-12-10 22:00:00,133,14.6,3.3,64.0,10.0,,
2023-12-10 22:00:00,143,12.3,2.3,69.0,10.0,,
2023-12-10 22:00:00,146,14.9,1.3,79.0,8.0,,
2023-12-10 22:00:00,156,15.9,0.8,86.0,10.0,,
2023-12-10 22:00:00,159,13.7,3.3,63.0,10.0,,
2023-12-10 22:00:00,184,16.4,3.0,89.0,10.0,,
2023-12-10 23:00:00,105,10.7,2.0,97.0,10.0,,
2023-12-10 23:00:00,112,9.9,2.6,64.0,10.0,,
2023-12-10 23:00:00,119,13.2,2.2,62.0,10.0,,
2023-12-10 23:00:00,133,14.3,3.8,63.0,9.0,,
2023-12-10 23:00:00,143,12.1,2.7,69.0,10.0,,
2023-12-10 23:00:00,146,15.6,0.2,74.0,10.0,,
2023-12-10 23:00:00,156,14.5,0.5,98.0,10.0,,
2023-12-10 23:00:00,159,13.6,3.5,62.0,10.0,,
2023-12-10 23:00:00,184,16.3,2.7,84.0,10.0,,
2023-12-11 00:00:00,105,10.6,1.9,97.0,10.0,,
2023-12-11 00:00:00,112,9.9,2.1,68.0,10.0,,
2023-12-11 00:00:00,119,13.0,2.8,64.0,10.0,,
2023-12-11 00:00:00,133,13.8,3.3,62.0,8.0,,
2023-12-11 00:00:00,143,12.1,2.2,70.0,8.0,,
2023-12-11 00:00:00,146,15.3,0.8,75.0,10.0,,
2023-12-11 00:00:00,156,13.9,0.5,99.0,10.0,,
2023-12-11 00:00:00,159,13.7,3.2,61.0,10.0,,
2023-12-11 00:00:00,184,16.2,1.7,86.0,10.0,,
2023-12-11 01:00:00,105,10.5,2.4,98.0,10.0,,
2023-12-11 01:00:00,112,11.0,3.8,68.0,10.0,,
2023-12-11 01:00:00,119,12.9,2.5,64.0,10.0,,
2023-12-11 01:00:00,133,13.5,3.8,61.0,10.0,,
2023-12-11 01:00:00,143,11.2,1.1,74.0,8.0,,
2023-12-11 01:00:00,146,13.9,0.7,86.0,10.0,,
2023-12-11 01:00:00,156,13.0,1.3,99.0,10.0,,
2023-12-11 01:00:00,159,13.7,2.9,60.0,10.0,,
2023-12-11 01:00:00,184,16.0,2.1,87.0,10.0,,
2023-12-11 02:00:00,105,10.4,2.0,98.0,10.0,,
2023-12-11 02:00:00,112,11.1,3.7,71.0,10.0,,
2023-12-11 02:00:00,119,12.6,2.2,66.0,10.0,,
2023-12-11 02:00:00,133,13.3,3.4,60.0,10.0,,
2023-12-11 02:00:00,143,10.7,1.0,77.0,10.0,,
2023-12-11 02:00:00,146,12.8,0.4,92.0,10.0,,
2023-12-11 02:00:00,156,12.9,1.3,99.0,10.0,,
2023-12-11 02:00:00,159,13.8,3.3,60.0,9.0,,
2023-12-11 02:00:00,184,15.7,3.5,88.0,10.0,,
2023-12-11 03:00:00,105,10.2,1.8,98.0,9.0,,
2023-12-11 03:00:00,112,11.0,4.8,74.0,10.0,,
2023-12-11 03:00:00,119,11.8,2.2,75.0,10.0,,
2023-12-11 03:00:00,133,13.1,3.3,60.0,8.0,,
2023-12-11 03:00:00,143,10.1,1.2,80.0,6.0,,
2023-12-11 03:00:00,146,12.8,0.6,94.0,10.0,,
2023-12-11 03:00:00,156,12.8,1.0,99.0,10.0,,
2023-12-11 03:00:00,159,13.9,3.7,66.0,10.0,,
2023-12-11 03:00:00,184,15.7,3.2,88.0,10.0,,
2023-12-11 04:00:00,105,10.0,2.3,98.0,9.0,,
2023-12-11 04:00:00,112,10.9,4.3,77.0,10.0,,
2023-12-11 04:00:00,119,11.4,1.6,78.0,10.0,,
2023-12-11 04:00:00,133,12.7,0.7,61.0,8.0,,
2023-12-11 04:00:00,143,10.5,1.8,80.0,8.0,,
2023-12-11 04:00:00,146,12.3,0.3,94.0,10.0,,
2023-12-11 04:00:00,156,13.1,1.2,99.0,10.0,,
2023-12-11 04:00:00,159,13.9,2.7,77.0,10.0,,
2023-12-11 04:00:00,184,15.7,3.6,87.0,10.0,,
2023-12-11 05:00:00,105,9.8,2.3,98.0,10.0,,
2023-12-11 05:00:00,112,10.9,3.5,79.0,10.0,,
2023-12-11 05:00:00,119,11.7,1.0,75.0,10.0,,
2023-12-11 05:00:00,133,12.3,0.3,67.0,9.0,,
2023-12-11 05:00:00,143,11.3,0.5,82.0,8.0,,
2023-12-11 05:00:00,146,12.7,0.2,89.0,8.0,,
2023-12-11 05:00:00,156,13.1,1.2,99.0,10.0,,
2023-12-11 05:00:00,159,13.8,3.0,88.0,10.0,,
2023-12-11 05:00:00,184,15.8,3.9,82.0,9.0,,
2023-12-11 06:00:00,105,9.7,2.3,98.0,10.0,,
2023-12-11 06:00:00,112,9.9,2.8,85.0,10.0,,
2023-12-11 06:00:00,119,11.5,0.8,77.0,10.0,,
2023-12-11 06:00:00,133,13.0,3.3,69.0,10.0,,
2023-12-11 06:00:00,143,11.2,1.2,79.0,9.0,,
2023-12-11 06:00:00,146,12.5,0.3,87.0,8.0,,
2023-12-11 06:00:00,156,12.6,2.6,99.0,10.0,,
2023-12-11 06:00:00,159,14.9,3.3,89.0,10.0,,
2023-12-11 06:00:00,184,15.5,4.6,79.0,9.0,,
2023-12-11 07:00:00,105,9.5,2.3,98.0,10.0,,
2023-12-11 07:00:00,112,10.2,2.7,87.0,10.0,,
2023-12-11 07:00:00,119,11.8,1.1,75.0,10.0,,
2023-12-11 07:00:00,133,13.2,3.1,70.0,10.0,,
2023-12-11 07:00:00,143,11.4,0.4,85.0,10.0,,
2023-12-11 07:00:00,146,12.4,0.6,91.0,10.0,,
2023-12-11 07:00:00,156,12.6,2.1,99.0,10.0,,
2023-12-11 07:00:00,159,15.4,3.4,84.0,10.0,,
2023-12-11 07:00:00,184,15.7,6.6,80.0,10.0,,
2023-12-11 08:00:00,105,9.5,2.0,97.0,8.0,0.0,0.0
2023-12-11 08:00:00,108,10.6,,86.0,10.0,0.0,0.0
2023-12-11 08:00:00,112,10.2,4.4,89.0,10.0,0.0,0.0
2023-12-11 08:00:00,119,11.8,1.7,75.0,10.0,0.0,0.0
2023-12-11 08:00:00,133,13.2,2.6,73.0,10.0,0.0,0.0
2023-12-11 08:00:00,143,12.3,1.7,96.0,10.0,0.0,0.01
2023-12-11 08:00:00,146,12.5,0.3,89.0,10.0,0.0,0.0
2023-12-11 08:00:00,156,12.8,3.7,99.0,10.0,0.0,0.07
2023-12-11 08:00:00,159,15.7,4.6,82.0,10.0,0.0,0.0
2023-12-11 08:00:00,184,16.2,6.4,79.0,10.0,0.0,0.0
2023-12-11 09:00:00,105,9.5,2.1,98.0,9.0,0.0,0.02
2023-12-11 09:00:00,108,10.6,,84.0,10.0,0.0,0.08
2023-12-11 09:00:00,112,10.2,5.1,86.0,10.0,0.0,0.05
2023-12-11 09:00:00,119,12.1,1.9,72.0,10.0,0.0,0.05
2023-12-11 09:00:00,133,13.5,3.0,75.0,10.0,0.0,0.05
2023-12-11 09:00:00,143,13.1,2.6,94.0,10.0,0.0,0.03
2023-12-11 09:00:00,146,12.5,0.6,92.0,10.0,0.0,0.06
2023-12-11 09:00:00,156,13.1,3.3,99.0,10.0,0.0,0.13
2023-12-11 09:00:00,159,15.7,4.9,81.0,10.0,0.0,0.06
2023-12-11 09:00:00,184,17.2,6.5,78.0,10.0,0.0,0.05
2023-12-11 10:00:00,105,9.4,1.8,97.0,9.0,0.0,0.06
2023-12-11 10:00:00,108,10.9,,78.0,10.0,0.0,0.2
2023-12-11 10:00:00,112,10.6,5.9,81.0,10.0,0.0,0.2
2023-12-11 10:00:00,119,12.6,3.0,69.0,10.0,0.0,0.15
2023-12-11 10:00:00,133,13.0,3.5,81.0,10.0,0.0,0.11
2023-12-11 10:00:00,143,13.4,3.1,93.0,10.0,0.0,0.08
2023-12-11 10:00:00,146,12.2,0.7,96.0,10.0,0.0,0.1
2023-12-11 10:00:00,156,13.3,0.7,99.0,10.0,0.0,0.15
2023-12-11 10:00:00,159,15.9,4.3,79.0,10.0,0.0,0.19
2023-12-11 10:00:00,184,17.9,5.2,77.0,10.0,0.0,0.23
2023-12-11 11:00:00,105,9.5,2.2,97.0,10.0,0.0,0.07
2023-12-11 11:00:00,108,11.2,,72.0,10.0,0.0,0.27
2023-12-11 11:00:00,112,11.0,6.2,74.0,10.0,0.0,0.28
2023-12-11 11:00:00,119,12.6,1.8,70.0,10.0,0.0,0.19
2023-12-11 11:00:00,133,12.6,1.2,85.0,10.0,0.0,0.11
2023-12-11 11:00:00,143,13.8,3.7,90.0,10.0,0.0,0.19
2023-12-11 11:00:00,146,12.2,0.3,94.0,10.0,0.0,0.1
2023-12-11 11:00:00,156,12.9,1.5,99.0,10.0,0.0,0.2
2023-12-11 11:00:00,159,15.3,5.3,85.0,10.0,0.0,0.12
2023-12-11 11:00:00,184,19.5,3.3,69.0,9.0,0.1,0.53
2023-12-11 12:00:00,105,9.6,2.0,97.0,10.0,0.0,0.1
2023-12-11 12:00:00,108,10.5,,80.0,10.0,0.0,0.2
2023-12-11 12:00:00,112,10.3,4.2,80.0,10.0,0.0,0.19
2023-12-11 12:00:00,119,11.1,1.8,85.0,10.0,0.0,0.13
2023-12-11 12:00:00,133,12.4,3.2,87.0,10.0,0.0,0.19
2023-12-11 12:00:00,143,13.6,2.8,92.0,10.0,0.0,0.13
2023-12-11 12:00:00,146,12.0,2.0,97.0,10.0,0.0,0.12
2023-12-11 12:00:00,156,13.9,0.8,99.0,10.0,0.0,0.19
2023-12-11 12:00:00,159,15.2,3.6,82.0,10.0,0.0,0.11
2023-12-11 12:00:00,184,20.8,5.2,64.0,10.0,0.1,0.68
2023-12-11 13:00:00,105,9.8,2.9,96.0,10.0,0.0,0.09
2023-12-11 13:00:00,108,9.4,,89.0,10.0,0.0,0.18
2023-12-11 13:00:00,112,9.4,5.8,87.0,10.0,0.0,0.18
2023-12-11 13:00:00,119,10.2,1.4,90.0,10.0,0.0,0.14
2023-12-11 13:00:00,133,11.8,2.1,91.0,10.0,0.0,0.11
2023-12-11 13:00:00,143,13.6,2.6,90.0,10.0,0.0,0.1
2023-12-11 13:00:00,146,12.5,0.9,98.0,10.0,0.0,0.12
2023-12-11 13:00:00,156,13.5,1.4,99.0,10.0,0.0,0.18
2023-12-11 13:00:00,159,14.8,3.8,87.0,10.0,0.0,0.1
2023-12-11 13:00:00,184,20.3,1.0,73.0,10.0,0.0,0.16
2023-12-11 14:00:00,105,9.8,3.3,97.0,10.0,0.0,0.1
2023-12-11 14:00:00,108,8.8,6.9,89.0,10.0,0.0,0.12
2023-12-11 14:00:00,112,8.9,5.8,88.0,10.0,0.0,0.19
2023-12-11 14:00:00,119,10.0,2.3,90.0,10.0,0.0,0.15
2023-12-11 14:00:00,133,11.4,2.4,92.0,10.0,0.0,0.12
2023-12-11 14:00:00,143,13.5,2.9,90.0,10.0,0.0,0.11
2023-12-11 14:00:00,146,12.7,0.5,98.0,10.0,0.0,0.18
2023-12-11 14:00:00,156,13.4,1.2,99.0,10.0,0.0,0.2
2023-12-11 14:00:00,159,14.0,3.3,88.0,10.0,0.0,0.09
2023-12-11 14:00:00,184,18.8,2.7,83.0,10.0,0.0,0.02
2023-12-11 15:00:00,105,9.8,3.0,97.0,10.0,0.0,0.07
2023-12-11 15:00:00,108,8.5,8.0,87.0,10.0,0.0,0.24
2023-12-11 15:00:00,112,8.7,6.2,85.0,10.0,0.0,0.18
2023-12-11 15:00:00,119,10.1,3.5,84.0,10.0,0.0,0.31
2023-12-11 15:00:00,133,11.4,2.5,92.0,10.0,0.0,0.08
2023-12-11 15:00:00,143,13.4,2.9,92.0,10.0,0.0,0.08
2023-12-11 15:00:00,146,13.0,0.8,98.0,10.0,0.0,0.24
2023-12-11 15:00:00,156,13.6,1.4,99.0,10.0,0.0,0.19
2023-12-11 15:00:00,159,13.5,2.7,89.0,10.0,0.0,0.09
2023-12-11 15:00:00,184,18.6,1.5,85.0,10.0,0.0,0.22
2023-12-11 16:00:00,105,9.9,3.7,96.0,10.0,0.0,0.05
2023-12-11 16:00:00,108,8.3,7.5,84.0,10.0,0.0,0.18
2023-12-11 16:00:00,112,8.6,7.0,80.0,10.0,0.0,0.18
2023-12-11 16:00:00,119,9.7,3.2,86.0,10.0,0.0,0.1
2023-12-11 16:00:00,133,11.4,1.1,93.0,10.0,0.0,0.07
2023-12-11 16:00:00,143,13.4,4.3,91.0,10.0,0.0,0.07
2023-12-11 16:00:00,146,12.7,0.7,99.0,10.0,0.0,0.07
2023-12-11 16:00:00,156,13.7,1.1,99.0,10.0,0.0,0.2
2023-12-11 16:00:00,159,13.7,3.7,89.0,10.0,0.0,0.06
2023-12-11 16:00:00,184,19.6,5.1,86.0,10.0,0.0,0.25
2023-12-11 17:00:00,105,9.7,3.4,95.0,10.0,0.0,0.02
2023-12-11 17:00:00,108,8.4,7.4,80.0,10.0,0.0,0.07
2023-12-11 17:00:00,112,8.7,7.3,78.0,10.0,0.0,0.05
2023-12-11 17:00:00,119,9.9,5.5,82.0,10.0,0.0,0.05
2023-12-11 17:00:00,133,11.3,2.4,93.0,10.0,0.0,0.01
2023-12-11 17:00:00,143,13.2,4.2,90.0,10.0,0.0,0.03
2023-12-11 17:00:00,146,12.7,1.4,99.0,10.0,0.0,0.03
2023-12-11 17:00:00,156,13.5,0.6,99.0,10.0,0.0,0.11
2023-12-11 17:00:00,159,13.9,3.2,91.0,10.0,0.0,0.02
2023-12-11 17:00:00,184,18.8,6.1,87.0,10.0,0.0,0.03
2023-12-11 18:00:00,105,9.1,3.5,94.0,10.0,0.0,0.0
2023-12-11 18:00:00,108,8.1,7.2,86.0,10.0,0.0,0.0
2023-12-11 18:00:00,112,8.1,3.9,87.0,10.0,0.0,0.0
2023-12-11 18:00:00,119,9.3,3.5,88.0,10.0,0.0,0.0
2023-12-11 18:00:00,133,11.0,2.3,94.0,10.0,0.0,0.0
2023-12-11 18:00:00,143,13.2,5.3,89.0,10.0,0.0,0.0
2023-12-11 18:00:00,146,12.7,1.4,99.0,10.0,0.0,0.0
2023-12-11 18:00:00,156,13.6,0.9,99.0,10.0,0.0,0.06
2023-12-11 18:00:00,159,14.2,5.0,90.0,10.0,0.0,0.0
2023-12-11 18:00:00,184,17.7,6.8,86.0,10.0,0.0,0.0
2023-12-11 19:00:00,105,8.6,3.3,94.0,10.0,,
2023-12-11 19:00:00,108,7.3,5.9,90.0,10.0,,
2023-12-11 19:00:00,112,6.7,4.0,92.0,10.0,,
2023-12-11 19:00:00,119,9.0,1.7,90.0,10.0,,
2023-12-11 19:00:00,133,10.9,0.4,95.0,10.0,,
2023-12-11 19:00:00,143,13.3,4.0,87.0,10.0,,
2023-12-11 19:00:00,146,12.6,0.5,99.0,10.0,,
2023-12-11 19:00:00,156,13.4,0.2,99.0,10.0,,
2023-12-11 19:00:00,159,14.1,3.9,90.0,10.0,,
2023-12-11 19:00:00,184,17.6,4.9,84.0,10.0,,
2023-12-11 20:00:00,105,8.2,3.2,94.0,10.0,,
2023-12-11 20:00:00,108,6.8,5.6,90.0,10.0,,
2023-12-11 20:00:00,112,5.7,5.1,93.0,10.0,,
2023-12-11 20:00:00,119,8.6,2.3,90.0,10.0,,
2023-12-11 20:00:00,133,10.9,0.5,95.0,10.0,,
2023-12-11 20:00:00,143,13.0,1.8,89.0,10.0,,
2023-12-11 20:00:00,146,12.6,1.2,99.0,10.0,,
2023-12-11 20:00:00,156,13.3,1.3,99.0,10.0,,
2023-12-11 20:00:00,159,13.8,3.6,91.0,10.0,,
2023-12-11 20:00:00,184,16.9,6.1,80.0,6.0,,
2023-12-11 21:00:00,105,7.1,3.8,93.0,10.0,,
2023-12-11 21:00:00,108,6.3,3.3,89.0,10.0,,
2023-12-11 21:00:00,112,4.9,5.9,94.0,10.0,,
2023-12-11 21:00:00,119,7.7,2.2,90.0,10.0,,
2023-12-11 21:00:00,133,11.1,2.2,90.0,10.0,,
2023-12-11 21:00:00,143,12.8,2.6,89.0,10.0,,
2023-12-11 21:00:00,146,12.5,0.8,99.0,10.0,,
2023-12-11 21:00:00,156,13.4,0.8,99.0,10.0,,
2023-12-11 21:00:00,159,13.7,3.2,91.0,10.0,,
2023-12-11 21:00:00,184,16.0,6.9,88.0,10.0,,
2023-12-11 22:00:00,105,6.2,3.5,91.0,10.0,,
2023-12-11 22:00:00,108,5.6,5.2,88.0,10.0,,
2023-12-11 22:00:00,112,4.8,5.4,93.0,10.0,,
2023-12-11 22:00:00,119,6.5,3.5,86.0,10.0,,
2023-12-11 22:00:00,133,10.7,1.4,93.0,10.0,,
2023-12-11 22:00:00,143,12.4,1.8,94.0,10.0,,
2023-12-11 22:00:00,146,12.3,1.6,99.0,10.0,,
2023-12-11 22:00:00,156,13.3,0.7,99.0,10.0,,
2023-12-11 22:00:00,159,13.7,3.3,90.0,10.0,,
2023-12-11 22:00:00,184,15.2,5.9,82.0,10.0,,
2023-12-11 23:00:00,105,5.7,4.0,90.0,10.0,,
2023-12-11 23:00:00,108,5.1,7.3,87.0,10.0,,
2023-12-11 23:00:00,112,4.9,6.7,89.0,10.0,,
2023-12-11 23:00:00,119,6.2,3.3,83.0,9.0,,
2023-12-11 23:00:00,133,10.1,2.7,95.0,10.0,,
2023-12-11 23:00:00,143,12.3,1.6,94.0,10.0,,
2023-12-11 23:00:00,146,12.1,1.8,99.0,10.0,,
2023-12-11 23:00:00,156,13.1,0.8,99.0,7.0,,
2023-12-11 23:00:00,159,13.6,2.2,90.0,10.0,,
2023-12-11 23:00:00,184,15.0,5.7,81.0,9.0,,
2023-12-12 00:00:00,105,5.5,3.2,91.0,3.0,,
2023-12-12 00:00:00,108,5.0,6.3,81.0,10.0,,
2023-12-12 00:00:00,112,4.9,6.8,87.0,10.0,,
2023-12-12 00:00:00,119,5.7,2.6,82.0,8.0,,
2023-12-12 00:00:00,133,9.3,3.3,94.0,10.0,,
2023-12-12 00:00:00,143,12.1,0.5,94.0,10.0,,
2023-12-12 00:00:00,146,11.9,1.2,99.0,10.0,,
2023-12-12 00:00:00,156,13.1,0.6,99.0,10.0,,
2023-12-12 00:00:00,159,13.7,1.6,89.0,10.0,,
2023-12-12 00:00:00,184,14.8,6.1,79.0,10.0,,
2023-12-12 01:00:00,105,5.0,2.8,92.0,3.0,,
2023-12-12 01:00:00,108,4.9,5.0,81.0,10.0,,
2023-12-12 01:00:00,112,4.2,4.8,88.0,10.0,,
2023-12-12 01:00:00,119,5.7,3.5,76.0,8.0,,
2023-12-12 01:00:00,133,8.2,3.2,93.0,10.0,,
2023-12-12 01:00:00,143,11.6,2.9,94.0,10.0,,
2023-12-12 01:00:00,146,11.6,1.4,99.0,10.0,,
2023-12-12 01:00:00,156,13.1,0.9,99.0,6.0,,
2023-12-12 01:00:00,159,13.5,3.2,86.0,10.0,,
2023-12-12 01:00:00,184,13.8,5.5,81.0,10.0,,
2023-12-12 02:00:00,105,4.7,2.8,93.0,8.0,,
2023-12-12 02:00:00,108,5.1,5.8,73.0,10.0,,
2023-12-12 02:00:00,112,3.9,3.6,86.0,10.0,,
2023-12-12 02:00:00,119,5.8,2.4,73.0,5.0,,
2023-12-12 02:00:00,133,7.8,2.7,93.0,3.0,,
2023-12-12 02:00:00,143,11.2,3.5,90.0,10.0,,
2023-12-12 02:00:00,146,11.4,0.7,99.0,10.0,,
2023-12-12 02:00:00,156,12.2,1.3,99.0,10.0,,
2023-12-12 02:00:00,159,12.7,3.6,81.0,0.0,,
2023-12-12 02:00:00,184,13.2,6.1,79.0,10.0,,
2023-12-12 03:00:00,105,4.3,2.3,95.0,10.0,,
2023-12-12 03:00:00,108,4.6,3.5,81.0,10.0,,
2023-12-12 03:00:00,112,3.4,4.9,86.0,10.0,,
2023-12-12 03:00:00,119,5.5,2.7,73.0,9.0,,
2023-12-12 03:00:00,133,7.1,3.8,90.0,7.0,,
2023-12-12 03:00:00,143,10.5,3.9,80.0,10.0,,
2023-12-12 03:00:00,146,11.1,1.0,98.0,10.0,,
2023-12-12 03:00:00,156,11.5,2.5,99.0,8.0,,
2023-12-12 03:00:00,159,12.0,4.1,79.0,8.0,,
2023-12-12 03:00:00,184,12.3,5.5,82.0,10.0,,
2023-12-12 04:00:00,105,4.1,2.2,96.0,10.0,,
2023-12-12 04:00:00,108,4.2,3.1,86.0,10.0,,
2023-12-12 04:00:00,112,3.2,4.3,87.0,10.0,,
2023-12-12 04:00:00,119,5.4,1.9,74.0,9.0,,
2023-12-12 04:00:00,133,6.5,2.9,89.0,9.0,,
2023-12-12 04:00:00,143,9.6,4.1,75.0,6.0,,
2023-12-12 04:00:00,146,10.5,2.2,98.0,10.0,,
2023-12-12 04:00:00,156,11.0,2.3,99.0,9.0,,
2023-12-12 04:00:00,159,11.3,3.5,79.0,8.0,,
2023-12-12 04:00:00,184,11.7,4.6,82.0,10.0,,
2023-12-12 05:00:00,105,4.1,2.7,95.0,0.0,,
2023-12-12 05:00:00,108,4.1,1.9,86.0,10.0,,
2023-12-12 05:00:00,112,3.0,4.2,84.0,10.0,,
2023-12-12 05:00:00,119,4.8,1.9,80.0,9.0,,
2023-12-12 05:00:00,133,6.5,2.4,88.0,10.0,,
2023-12-12 05:00:00,143,9.2,2.7,78.0,6.0,,
2023-12-12 05:00:00,146,9.1,2.0,99.0,10.0,,
2023-12-12 05:00:00,156,10.8,0.9,99.0,6.0,,
2023-12-12 05:00:00,159,10.3,5.1,74.0,9.0,,
2023-12-12 05:00:00,184,11.7,5.3,80.0,10.0,,
2023-12-12 06:00:00,105,3.8,2.5,95.0,4.0,,
2023-12-12 06:00:00,108,4.0,1.6,83.0,10.0,,
2023-12-12 06:00:00,112,3.1,4.8,80.0,10.0,,
2023-12-12 06:00:00,119,4.8,2.9,78.0,9.0,,
2023-12-12 06:00:00,133,6.3,2.7,85.0,10.0,,
2023-12-12 06:00:00,143,8.8,3.2,77.0,6.0,,
2023-12-12 06:00:00,146,7.9,3.0,98.0,10.0,,
2023-12-12 06:00:00,156,10.4,1.2,99.0,6.0,,
2023-12-12 06:00:00,159,9.8,4.6,73.0,8.0,,
2023-12-12 06:00:00,184,11.7,5.3,80.0,10.0,,
2023-12-12 07:00:00,105,3.9,1.6,94.0,10.0,,
2023-12-12 07:00:00,108,4.0,3.0,81.0,10.0,,
2023-12-12 07:00:00,112,3.1,5.1,79.0,10.0,,
2023-12-12 07:00:00,119,4.4,0.8,89.0,10.0,,
2023-12-12 07:00:00,133,5.9,1.7,85.0,10.0,,
2023-12-12 07:00:00,143,8.7,3.1,75.0,7.0,,
2023-12-12 07:00:00,146,7.6,1.2,98.0,10.0,,
2023-12-12 07:00:00,156,9.8,1.5,99.0,9.0,,
2023-12-12 07:00:00,159,9.5,3.9,71.0,10.0,,
2023-12-12 07:00:00,184,11.5,5.3,82.0,10.0,,
2023-12-12 08:00:00,105,4.0,3.2,93.0,9.0,0.0,0.02
2023-12-12 08:00:00,108,3.9,3.4,82.0,10.0,0.0,0.01
2023-12-12 08:00:00,112,3.2,5.0,82.0,10.0,0.0,0.01
2023-12-12 08:00:00,119,4.4,1.1,90.0,10.0,0.0,0.01
2023-12-12 08:00:00,133,5.8,2.8,84.0,10.0,0.0,0.01
2023-12-12 08:00:00,143,8.5,2.8,76.0,10.0,0.0,0.02
2023-12-12 08:00:00,146,7.1,1.2,99.0,10.0,0.0,0.01
2023-12-12 08:00:00,156,9.2,1.0,99.0,10.0,0.0,0.06
2023-12-12 08:00:00,159,9.4,4.8,70.0,10.0,0.0,0.02
2023-12-12 08:00:00,184,11.3,4.3,80.0,10.0,0.0,0.0
2023-12-12 09:00:00,105,4.3,2.7,93.0,10.0,0.0,0.13
2023-12-12 09:00:00,108,4.2,2.7,80.0,10.0,0.0,0.15
2023-12-12 09:00:00,112,3.3,4.1,82.0,10.0,0.0,0.14
2023-12-12 09:00:00,119,5.2,2.4,76.0,9.0,0.0,0.21
2023-12-12 09:00:00,133,5.8,2.0,81.0,10.0,0.0,0.08
2023-12-12 09:00:00,143,8.8,2.7,75.0,10.0,0.0,0.19
2023-12-12 09:00:00,146,7.4,0.5,98.0,10.0,0.0,0.08
2023-12-12 09:00:00,156,8.7,2.2,99.0,10.0,0.0,0.13
2023-12-12 09:00:00,159,9.5,4.6,68.0,10.0,0.0,0.17
2023-12-12 09:00:00,184,11.4,4.3,79.0,10.0,0.0,0.0
2023-12-12 10:00:00,105,4.4,3.1,93.0,10.0,0.0,0.2
2023-12-12 10:00:00,108,4.8,3.2,77.0,10.0,0.0,0.33
2023-12-12 10:00:00,112,3.9,2.5,81.0,10.0,0.0,0.36
2023-12-12 10:00:00,119,6.1,2.2,72.0,10.0,0.0,0.36
2023-12-12 10:00:00,133,6.6,2.5,77.0,10.0,0.0,0.3
2023-12-12 10:00:00,143,9.6,3.0,69.0,9.0,0.0,0.53
2023-12-12 10:00:00,146,7.6,1.4,99.0,10.0,0.0,0.17
2023-12-12 10:00:00,156,8.3,1.9,99.0,10.0,0.0,0.21
2023-12-12 10:00:00,159,9.8,4.4,71.0,10.0,0.0,0.36
2023-12-12 10:00:00,184,11.5,4.1,79.0,10.0,0.0,0.03
2023-12-12 11:00:00,105,4.6,2.2,92.0,10.0,0.0,0.23
2023-12-12 11:00:00,108,5.5,2.6,74.0,10.0,0.0,0.42
2023-12-12 11:00:00,112,4.1,3.4,79.0,10.0,0.0,0.41
2023-12-12 11:00:00,119,7.1,2.0,68.0,10.0,0.0,0.62
2023-12-12 11:00:00,133,7.5,3.9,74.0,10.0,0.0,0.56
2023-12-12 11:00:00,143,9.9,2.2,68.0,10.0,0.0,0.55
2023-12-12 11:00:00,146,7.7,1.2,98.0,10.0,0.0,0.16
2023-12-12 11:00:00,156,9.0,1.4,99.0,10.0,0.0,0.36
2023-12-12 11:00:00,159,10.0,4.2,67.0,10.0,0.0,0.36
2023-12-12 11:00:00,184,11.5,3.6,78.0,10.0,0.0,0.08
2023-12-12 12:00:00,105,5.0,3.3,92.0,10.0,0.0,0.36
2023-12-12 12:00:00,108,6.2,2.5,71.0,9.0,0.0,0.45
2023-12-12 12:00:00,112,4.5,2.6,77.0,10.0,0.0,0.55
2023-12-12 12:00:00,119,7.2,1.7,67.0,10.0,0.0,0.54
2023-12-12 12:00:00,133,7.9,2.8,73.0,10.0,0.0,0.68
2023-12-12 12:00:00,143,9.9,1.9,69.0,10.0,0.0,0.32
2023-12-12 12:00:00,146,8.1,1.0,98.0,10.0,0.0,0.23
2023-12-12 12:00:00,156,9.2,1.5,99.0,10.0,0.0,0.31
2023-12-12 12:00:00,159,10.6,4.6,65.0,10.0,0.0,0.64
2023-12-12 12:00:00,184,11.1,4.6,81.0,10.0,0.0,0.1
2023-12-12 13:00:00,105,4.9,3.3,91.0,10.0,0.0,0.44
2023-12-12 13:00:00,108,7.1,3.2,70.0,9.0,0.0,0.84
2023-12-12 13:00:00,112,5.2,3.1,73.0,9.0,0.0,0.91
2023-12-12 13:00:00,119,7.9,1.7,65.0,10.0,0.0,0.64
2023-12-12 13:00:00,133,8.4,2.1,71.0,10.0,0.0,0.72
2023-12-12 13:00:00,143,10.0,2.6,67.0,10.0,0.0,0.35
2023-12-12 13:00:00,146,8.7,0.3,98.0,10.0,0.0,0.22
2023-12-12 13:00:00,156,9.2,1.3,99.0,10.0,0.0,0.2
2023-12-12 13:00:00,159,10.4,4.8,67.0,10.0,0.0,0.52
2023-12-12 13:00:00,184,11.0,4.5,83.0,10.0,0.0,0.2
2023-12-12 14:00:00,105,5.2,3.2,90.0,10.0,0.0,0.56
2023-12-12 14:00:00,108,8.0,2.5,66.0,6.0,0.6,1.14
2023-12-12 14:00:00,112,6.4,3.4,70.0,4.0,0.9,1.31
2023-12-12 14:00:00,119,8.4,2.6,62.0,7.0,0.3,1.01
2023-12-12 14:00:00,133,9.8,2.2,67.0,9.0,0.1,0.78
2023-12-12 14:00:00,143,9.8,1.9,69.0,10.0,0.0,0.34
2023-12-12 14:00:00,146,8.9,0.7,98.0,10.0,0.0,0.18
2023-12-12 14:00:00,156,8.9,0.7,99.0,10.0,0.0,0.27
2023-12-12 14:00:00,159,10.3,5.2,64.0,10.0,0.0,0.44
2023-12-12 14:00:00,184,10.9,4.3,78.0,10.0,0.0,0.13
2023-12-12 15:00:00,105,5.4,2.8,87.0,10.0,0.0,0.51
2023-12-12 15:00:00,108,9.0,2.6,61.0,0.0,1.0,1.42
2023-12-12 15:00:00,112,7.5,2.6,66.0,0.0,1.0,1.36
2023-12-12 15:00:00,119,9.4,2.8,58.0,1.0,1.0,1.27
2023-12-12 15:00:00,133,10.2,1.6,60.0,8.0,0.2,0.82
2023-12-12 15:00:00,143,10.1,2.3,67.0,9.0,0.0,0.39
2023-12-12 15:00:00,146,9.3,1.1,96.0,9.0,0.0,0.5
2023-12-12 15:00:00,156,8.7,0.9,99.0,10.0,0.0,0.35
2023-12-12 15:00:00,159,9.9,4.7,69.0,10.0,0.0,0.51
2023-12-12 15:00:00,184,10.9,4.5,78.0,10.0,0.0,0.13
2023-12-12 16:00:00,105,5.3,1.2,90.0,5.0,0.0,0.26
2023-12-12 16:00:00,108,9.3,2.9,58.0,0.0,1.0,0.94
2023-12-12 16:00:00,112,7.6,3.3,65.0,0.0,1.0,0.88
2023-12-12 16:00:00,119,9.6,2.1,57.0,0.0,1.0,0.86
2023-12-12 16:00:00,133,10.0,2.8,60.0,9.0,0.0,0.36
2023-12-12 16:00:00,143,10.8,2.5,61.0,9.0,0.8,0.85
2023-12-12 16:00:00,146,9.3,1.2,92.0,10.0,0.0,0.3
2023-12-12 16:00:00,156,9.1,0.2,99.0,9.0,0.2,0.56
2023-12-12 16:00:00,159,9.6,3.8,71.0,10.0,0.0,0.32
2023-12-12 16:00:00,184,11.0,3.2,77.0,10.0,0.0,0.19
2023-12-12 17:00:00,105,5.3,1.2,91.0,6.0,0.0,0.09
2023-12-12 17:00:00,108,8.1,2.6,62.0,0.0,0.9,0.37
2023-12-12 17:00:00,112,6.8,3.0,67.0,0.0,1.0,0.33
2023-12-12 17:00:00,119,8.9,1.4,61.0,0.0,1.0,0.31
2023-12-12 17:00:00,133,9.6,2.2,62.0,9.0,0.0,0.1
2023-12-12 17:00:00,143,10.0,1.8,65.0,9.0,0.3,0.21
2023-12-12 17:00:00,146,8.8,0.6,96.0,10.0,0.0,0.02
2023-12-12 17:00:00,156,9.1,0.5,99.0,10.0,0.0,0.13
2023-12-12 17:00:00,159,9.3,3.2,68.0,9.0,0.0,0.11
2023-12-12 17:00:00,184,10.9,3.4,75.0,10.0,0.0,0.0
2023-12-12 18:00:00,105,5.2,1.0,92.0,1.0,0.0,0.0
2023-12-12 18:00:00,108,6.7,1.8,68.0,0.0,0.0,0.01
2023-12-12 18:00:00,112,6.1,2.0,69.0,0.0,0.0,0.0
2023-12-12 18:00:00,119,7.2,1.0,66.0,0.0,0.0,0.01
2023-12-12 18:00:00,133,9.0,2.4,68.0,8.0,0.0,0.01
2023-12-12 18:00:00,143,9.6,3.0,63.0,9.0,0.0,0.0
2023-12-12 18:00:00,146,8.6,0.5,97.0,9.0,0.0,0.0
2023-12-12 18:00:00,156,8.5,0.5,99.0,10.0,0.0,0.06
2023-12-12 18:00:00,159,9.2,3.5,66.0,7.0,0.0,0.0
2023-12-12 18:00:00,184,10.9,3.6,73.0,10.0,0.0,0.0
2023-12-12 19:00:00,105,5.0,0.9,94.0,3.0,,
2023-12-12 19:00:00,108,5.7,2.4,72.0,0.0,,
2023-12-12 19:00:00,112,5.7,3.0,71.0,0.0,,
2023-12-12 19:00:00,119,6.3,1.3,70.0,0.0,,
2023-12-12 19:00:00,133,7.9,1.7,72.0,1.0,,
2023-12-12 19:00:00,143,9.2,2.1,67.0,0.0,,
2023-12-12 19:00:00,146,8.9,0.1,94.0,0.0,,
2023-12-12 19:00:00,156,8.5,0.3,99.0,10.0,,
2023-12-12 19:00:00,159,8.9,3.8,66.0,5.0,,
2023-12-12 19:00:00,184,10.9,3.1,74.0,10.0,,
2023-12-12 20:00:00,105,4.6,1.1,94.0,2.0,,
2023-12-12 20:00:00,108,5.1,2.3,74.0,0.0,,
2023-12-12 20:00:00,112,5.3,2.3,72.0,0.0,,
2023-12-12 20:00:00,119,5.3,1.1,76.0,0.0,,
2023-12-12 20:00:00,133,7.5,1.2,75.0,1.0,,
2023-12-12 20:00:00,143,9.2,2.8,66.0,0.0,,
2023-12-12 20:00:00,146,9.0,0.4,95.0,7.0,,
2023-12-12 20:00:00,156,8.7,0.5,99.0,10.0,,
2023-12-12 20:00:00,159,9.0,3.4,65.0,7.0,,
2023-12-12 20:00:00,184,11.0,2.1,74.0,10.0,,
2023-12-12 21:00:00,105,4.1,0.0,95.0,4.0,,
2023-12-12 21:00:00,108,4.6,1.8,77.0,0.0,,
2023-12-12 21:00:00,112,4.8,3.3,76.0,0.0,,
2023-12-12 21:00:00,119,4.3,0.9,80.0,0.0,,
2023-12-12 21:00:00,133,7.5,1.7,72.0,7.0,,
2023-12-12 21:00:00,143,8.7,2.7,70.0,8.0,,
2023-12-12 21:00:00,146,9.0,0.7,94.0,9.0,,
2023-12-12 21:00:00,156,8.9,0.8,99.0,10.0,,
2023-12-12 21:00:00,159,9.1,3.6,65.0,8.0,,
2023-12-12 21:00:00,184,11.1,0.7,74.0,10.0,,
2023-12-12 22:00:00,105,4.1,2.5,93.0,1.0,,
2023-12-12 22:00:00,108,4.1,2.1,80.0,0.0,,
2023-12-12 22:00:00,112,4.1,2.5,77.0,0.0,,
2023-12-12 22:00:00,119,3.1,1.1,86.0,0.0,,
2023-12-12 22:00:00,133,6.5,1.7,80.0,0.0,,
2023-12-12 22:00:00,143,8.3,2.4,71.0,1.0,,
2023-12-12 22:00:00,146,8.9,0.8,94.0,0.0,,
2023-12-12 22:00:00,156,8.9,1.3,99.0,0.0,,
2023-12-12 22:00:00,159,9.0,3.4,68.0,9.0,,
2023-12-12 22:00:00,184,11.2,1.4,77.0,10.0,,
2023-12-12 23:00:00,105,3.5,2.1,93.0,1.0,,
2023-12-12 23:00:00,108,3.8,1.6,81.0,0.0,,
2023-12-12 23:00:00,112,3.8,2.5,79.0,0.0,,
2023-12-12 23:00:00,119,2.5,0.5,90.0,0.0,,
2023-12-12 23:00:00,133,6.5,0.6,80.0,3.0,,
2023-12-12 23:00:00,143,8.1,1.7,72.0,0.0,,
2023-12-12 23:00:00,146,8.6,0.5,96.0,0.0,,
2023-12-12 23:00:00,156,8.9,0.4,99.0,1.0,,
2023-12-12 23:00:00,159,9.0,3.8,68.0,7.0,,
2023-12-12 23:00:00,184,11.2,0.9,75.0,10.0,,
2023-12-13 00:00:00,105,2.8,1.6,95.0,5.0,,
2023-12-13 00:00:00,108,3.5,1.9,84.0,0.0,,
2023-12-13 00:00:00,112,3.4,2.1,80.0,1.0,,
2023-12-13 00:00:00,119,2.0,0.5,92.0,0.0,,
2023-12-13 00:00:00,133,7.1,1.3,76.0,6.0,,
2023-12-13 00:00:00,143,7.4,2.2,75.0,1.0,,
2023-12-13 00:00:00,146,8.9,0.9,93.0,9.0,,
2023-12-13 00:00:00,156,9.1,0.3,99.0,10.0,,
2023-12-13 00:00:00,159,9.0,3.4,68.0,8.0,,
2023-12-13 00:00:00,184,11.2,1.0,77.0,10.0,,
2023-12-13 01:00:00,105,2.6,1.6,93.0,2.0,,
2023-12-13 01:00:00,108,3.3,1.7,87.0,0.0,,
2023-12-13 01:00:00,112,3.0,2.7,82.0,0.0,,
2023-12-13 01:00:00,119,1.6,0.9,95.0,0.0,,
2023-12-13 01:00:00,133,7.3,2.3,75.0,8.0,,
2023-12-13 01:00:00,143,5.9,0.1,83.0,0.0,,
2023-12-13 01:00:00,146,8.8,0.0,94.0,10.0,,
2023-12-13 01:00:00,156,9.1,0.0,99.0,2.0,,
2023-12-13 01:00:00,159,9.0,3.5,69.0,3.0,,
2023-12-13 01:00:00,184,11.3,0.3,78.0,9.0,,
2023-12-13 02:00:00,105,2.8,1.9,91.0,0.0,,
2023-12-13 02:00:00,108,3.2,1.8,86.0,0.0,,
2023-12-13 02:00:00,112,3.0,2.5,82.0,9.0,,
2023-12-13 02:00:00,119,1.0,1.4,96.0,0.0,,
2023-12-13 02:00:00,133,7.1,2.3,74.0,10.0,,
2023-12-13 02:00:00,143,4.8,0.9,89.0,0.0,,
2023-12-13 02:00:00,146,8.9,0.4,96.0,10.0,,
2023-12-13 02:00:00,156,9.0,0.0,99.0,8.0,,
2023-12-13 02:00:00,159,8.2,3.4,71.0,0.0,,
2023-12-13 02:00:00,184,11.2,0.8,85.0,10.0,,
2023-12-13 03:00:00,105,2.1,0.7,93.0,0.0,,
2023-12-13 03:00:00,108,2.8,1.6,87.0,0.0,,
2023-12-13 03:00:00,112,2.9,1.4,82.0,9.0,,
2023-12-13 03:00:00,119,1.0,0.6,94.0,0.0,,
2023-12-13 03:00:00,133,7.2,0.3,73.0,9.0,,
2023-12-13 03:00:00,143,4.0,0.0,92.0,0.0,,
2023-12-13 03:00:00,146,8.7,0.1,97.0,10.0,,
2023-12-13 03:00:00,156,8.8,0.8,99.0,9.0,,
2023-12-13 03:00:00,159,7.8,2.9,72.0,0.0,,
2023-12-13 03:00:00,184,10.9,1.3,87.0,10.0,,
2023-12-13 04:00:00,105,1.6,0.3,95.0,0.0,,
2023-12-13 04:00:00,108,2.7,1.9,88.0,8.0,,
2023-12-13 04:00:00,112,2.9,2.5,84.0,8.0,,
2023-12-13 04:00:00,119,0.8,1.0,97.0,0.0,,
2023-12-13 04:00:00,133,7.2,0.3,73.0,9.0,,
2023-12-13 04:00:00,143,3.6,0.5,94.0,0.0,,
2023-12-13 04:00:00,146,8.6,0.4,97.0,10.0,,
2023-12-13 04:00:00,156,8.8,0.8,99.0,9.0,,
2023-12-13 04:00:00,159,7.6,3.5,71.0,0.0,,
2023-12-13 04:00:00,184,11.0,1.2,88.0,10.0,,
2023-12-13 05:00:00,105,2.2,0.7,95.0,0.0,,
2023-12-13 05:00:00,108,2.6,1.7,89.0,8.0,,
2023-12-13 05:00:00,112,2.4,2.1,84.0,7.0,,
2023-12-13 05:00:00,119,0.5,1.0,97.0,0.0,,
2023-12-13 05:00:00,133,7.2,0.4,76.0,9.0,,
2023-12-13 05:00:00,143,3.3,1.0,96.0,0.0,,
2023-12-13 05:00:00,146,8.5,0.7,97.0,10.0,,
2023-12-13 05:00:00,156,7.7,2.1,99.0,8.0,,
2023-12-13 05:00:00,159,7.7,2.9,70.0,0.0,,
2023-12-13 05:00:00,184,11.3,1.1,87.0,9.0,,
2023-12-13 06:00:00,105,2.1,0.7,92.0,0.0,,
2023-12-13 06:00:00,108,2.8,1.7,89.0,9.0,,
2023-12-13 06:00:00,112,2.2,2.4,85.0,7.0,,
2023-12-13 06:00:00,119,0.9,1.2,97.0,8.0,,
2023-12-13 06:00:00,133,6.9,0.9,80.0,8.0,,
2023-12-13 06:00:00,143,2.9,0.6,96.0,1.0,,
2023-12-13 06:00:00,146,8.3,0.5,97.0,9.0,,
2023-12-13 06:00:00,156,7.6,1.2,99.0,4.0,,
2023-12-13 06:00:00,159,7.9,2.6,69.0,0.0,,
2023-12-13 06:00:00,184,11.6,1.8,84.0,9.0,,
2023-12-13 07:00:00,105,2.6,1.7,91.0,0.0,,
2023-12-13 07:00:00,108,3.1,2.1,88.0,9.0,,
2023-12-13 07:00:00,112,2.9,2.5,86.0,9.0,,
2023-12-13 07:00:00,119,1.9,1.0,97.0,9.0,,
2023-12-13 07:00:00,133,6.8,1.4,78.0,8.0,,
2023-12-13 07:00:00,143,2.6,0.1,96.0,0.0,,
2023-12-13 07:00:00,146,7.6,0.8,96.0,5.0,,
2023-12-13 07:00:00,156,7.4,1.8,99.0,3.0,,
2023-12-13 07:00:00,159,7.9,1.6,69.0,0.0,,
2023-12-13 07:00:00,184,11.8,1.1,84.0,9.0,,
2023-12-13 08:00:00,105,3.3,2.5,88.0,0.0,0.2,0.02
2023-12-13 08:00:00,108,3.4,1.2,87.0,9.0,0.0,0.01
2023-12-13 08:00:00,112,3.5,1.7,85.0,9.0,0.0,0.01
2023-12-13 08:00:00,119,2.9,1.0,94.0,9.0,0.0,0.01
2023-12-13 08:00:00,133,6.5,1.1,80.0,6.0,0.0,0.01
2023-12-13 08:00:00,143,2.9,0.3,98.0,0.0,0.2,0.03
2023-12-13 08:00:00,146,7.5,1.4,97.0,0.0,0.2,0.02
2023-12-13 08:00:00,156,7.4,0.4,99.0,9.0,0.0,0.07
2023-12-13 08:00:00,159,8.5,1.4,68.0,0.0,0.4,0.06
2023-12-13 08:00:00,184,12.0,1.3,84.0,9.0,0.0,0.0
2023-12-13 09:00:00,105,5.3,0.9,83.0,2.0,1.0,0.42
2023-12-13 09:00:00,108,4.0,2.3,83.0,1.0,0.3,0.27
2023-12-13 09:00:00,112,4.7,2.1,81.0,2.0,0.6,0.28
2023-12-13 09:00:00,119,4.9,2.2,83.0,9.0,0.0,0.12
2023-12-13 09:00:00,133,7.1,0.3,77.0,4.0,0.2,0.27
2023-12-13 09:00:00,143,5.2,2.0,89.0,0.0,0.9,0.44
2023-12-13 09:00:00,146,9.7,0.6,86.0,0.0,1.0,0.41
2023-12-13 09:00:00,156,8.0,0.3,99.0,9.0,0.0,0.29
2023-12-13 09:00:00,159,11.7,2.3,58.0,0.0,1.0,0.55
2023-12-13 09:00:00,184,13.0,2.0,78.0,8.0,0.0,0.04
2023-12-13 10:00:00,105,8.2,1.0,70.0,1.0,1.0,0.94
2023-12-13 10:00:00,108,5.7,1.6,77.0,8.0,0.9,0.75
2023-12-13 10:00:00,112,5.1,1.4,82.0,8.0,0.2,0.49
2023-12-13 10:00:00,119,6.3,1.0,74.0,9.0,0.0,0.3
2023-12-13 10:00:00,133,8.8,0.3,70.0,8.0,0.0,0.51
2023-12-13 10:00:00,143,7.3,2.8,80.0,0.0,1.0,1.09
2023-12-13 10:00:00,146,11.2,0.9,72.0,0.0,1.0,0.95
2023-12-13 10:00:00,156,9.0,0.2,99.0,8.0,0.2,0.69
2023-12-13 10:00:00,159,12.8,3.0,58.0,0.0,1.0,1.18
2023-12-13 10:00:00,184,13.7,1.2,78.0,9.0,0.0,0.11
2023-12-13 11:00:00,105,9.3,0.6,63.0,1.0,1.0,1.38
2023-12-13 11:00:00,108,6.7,1.5,74.0,9.0,0.0,0.61
2023-12-13 11:00:00,112,5.9,1.2,81.0,9.0,0.0,0.55
2023-12-13 11:00:00,119,7.3,1.3,70.0,9.0,0.0,0.46
2023-12-13 11:00:00,133,11.1,1.6,57.0,0.0,1.0,1.54
2023-12-13 11:00:00,143,9.5,3.1,70.0,0.0,1.0,1.52
2023-12-13 11:00:00,146,12.3,0.8,63.0,2.0,1.0,1.43
2023-12-13 11:00:00,156,10.5,1.0,95.0,3.0,0.8,1.56
2023-12-13 11:00:00,159,14.9,2.6,54.0,2.0,1.0,1.66
2023-12-13 11:00:00,184,15.8,3.3,72.0,9.0,0.4,0.99
2023-12-13 12:00:00,105,11.4,1.3,54.0,1.0,1.0,1.66
2023-12-13 12:00:00,108,7.6,2.0,71.0,7.0,0.0,0.65
2023-12-13 12:00:00,112,8.6,1.6,69.0,9.0,0.6,1.43
2023-12-13 12:00:00,119,9.4,2.2,63.0,8.0,0.6,1.42
2023-12-13 12:00:00,133,12.0,2.1,54.0,3.0,1.0,1.76
2023-12-13 12:00:00,143,11.1,2.7,61.0,3.0,1.0,1.83
2023-12-13 12:00:00,146,13.0,1.3,65.0,6.0,1.0,1.5
2023-12-13 12:00:00,156,11.4,0.5,90.0,8.0,0.3,1.32
2023-12-13 12:00:00,159,15.4,3.6,53.0,4.0,1.0,2.07
2023-12-13 12:00:00,184,15.4,2.7,74.0,8.0,0.0,0.48
2023-12-13 13:00:00,105,12.1,1.2,51.0,2.0,1.0,1.73
2023-12-13 13:00:00,108,9.3,2.8,66.0,7.0,0.6,1.27
2023-12-13 13:00:00,112,9.2,2.8,65.0,9.0,0.0,1.1
2023-12-13 13:00:00,119,10.7,2.6,59.0,8.0,0.2,1.29
2023-12-13 13:00:00,133,12.5,2.6,51.0,5.0,0.7,1.6
2023-12-13 13:00:00,143,11.8,2.2,59.0,4.0,1.0,1.87
2023-12-13 13:00:00,146,13.0,1.4,73.0,8.0,0.6,1.36
2023-12-13 13:00:00,156,12.8,0.6,84.0,8.0,0.0,1.28
2023-12-13 13:00:00,159,15.9,2.6,54.0,5.0,1.0,2.07
2023-12-13 13:00:00,184,15.8,5.2,76.0,4.0,0.1,0.75
2023-12-13 14:00:00,105,11.7,1.8,53.0,0.0,1.0,1.58
2023-12-13 14:00:00,108,10.1,3.5,63.0,8.0,0.3,1.24
2023-12-13 14:00:00,112,9.7,0.5,65.0,9.0,0.0,0.8
2023-12-13 14:00:00,119,10.9,2.0,57.0,8.0,0.1,0.98
2023-12-13 14:00:00,133,13.6,1.4,52.0,6.0,0.8,1.37
2023-12-13 14:00:00,143,11.6,1.2,61.0,8.0,0.2,0.66
2023-12-13 14:00:00,146,13.5,1.1,66.0,7.0,0.1,0.88
2023-12-13 14:00:00,156,15.0,0.8,68.0,6.0,1.0,1.91
2023-12-13 14:00:00,159,15.5,2.7,52.0,7.0,0.8,1.68
2023-12-13 14:00:00,184,16.6,4.9,72.0,4.0,0.8,1.63
2023-12-13 15:00:00,105,11.3,1.9,51.0,1.0,1.0,1.24
2023-12-13 15:00:00,108,10.3,2.2,62.0,7.0,0.1,0.72
2023-12-13 15:00:00,112,9.9,0.9,65.0,9.0,0.0,0.48
2023-12-13 15:00:00,119,11.1,0.8,57.0,9.0,0.0,0.57
2023-12-13 15:00:00,133,12.7,1.0,54.0,8.0,0.4,0.82
2023-12-13 15:00:00,143,12.6,1.0,55.0,7.0,0.0,0.68
2023-12-13 15:00:00,146,13.4,1.2,67.0,8.0,0.0,0.4
2023-12-13 15:00:00,156,14.8,0.5,66.0,9.0,0.1,0.83
2023-12-13 15:00:00,159,13.8,2.2,53.0,9.0,0.2,0.93
2023-12-13 15:00:00,184,18.5,3.7,52.0,4.0,0.9,1.47
2023-12-13 16:00:00,105,11.1,1.8,53.0,3.0,1.0,0.75
2023-12-13 16:00:00,108,10.1,2.5,63.0,7.0,0.1,0.37
2023-12-13 16:00:00,112,9.1,2.3,70.0,8.0,0.0,0.26
2023-12-13 16:00:00,119,11.0,1.0,60.0,7.0,0.0,0.29
2023-12-13 16:00:00,133,12.1,0.7,57.0,9.0,0.0,0.25
2023-12-13 16:00:00,143,12.8,1.3,56.0,7.0,0.2,0.48
2023-12-13 16:00:00,146,13.3,2.3,64.0,8.0,0.2,0.51
2023-12-13 16:00:00,156,14.0,1.8,73.0,9.0,0.0,0.44
2023-12-13 16:00:00,159,12.8,2.6,56.0,7.0,0.0,0.46
2023-12-13 16:00:00,184,17.6,3.2,55.0,3.0,1.0,1.0
2023-12-13 17:00:00,105,9.5,2.5,64.0,5.0,0.6,0.19
2023-12-13 17:00:00,108,9.5,3.1,64.0,4.0,0.0,0.16
2023-12-13 17:00:00,112,9.3,2.2,65.0,9.0,0.0,0.19
2023-12-13 17:00:00,119,10.7,2.1,59.0,8.0,0.0,0.18
2023-12-13 17:00:00,133,11.3,2.2,60.0,8.0,0.0,0.19
2023-12-13 17:00:00,143,11.6,1.1,59.0,5.0,0.2,0.16
2023-12-13 17:00:00,146,12.9,1.3,65.0,8.0,0.0,0.12
2023-12-13 17:00:00,156,13.2,2.8,79.0,9.0,0.0,0.18
2023-12-13 17:00:00,159,11.8,3.3,57.0,5.0,0.4,0.26
2023-12-13 17:00:00,184,16.4,2.8,56.0,1.0,0.7,0.3
2023-12-13 18:00:00,105,8.3,1.9,83.0,6.0,0.0,0.0
2023-12-13 18:00:00,108,8.9,3.6,68.0,8.0,0.0,0.01
2023-12-13 18:00:00,112,9.4,2.9,64.0,8.0,0.0,0.01
2023-12-13 18:00:00,119,10.0,3.3,62.0,8.0,0.0,0.0
2023-12-13 18:00:00,133,10.9,1.4,63.0,7.0,0.0,0.01
2023-12-13 18:00:00,143,10.6,1.3,65.0,8.0,0.0,0.0
2023-12-13 18:00:00,146,12.5,1.0,64.0,4.0,0.0,0.01
2023-12-13 18:00:00,156,12.6,1.1,79.0,8.0,0.0,0.07
2023-12-13 18:00:00,159,11.0,2.7,57.0,7.0,0.0,0.0
2023-12-13 18:00:00,184,14.9,2.9,63.0,4.0,0.0,0.0
2023-12-13 19:00:00,105,7.9,1.7,82.0,7.0,,
2023-12-13 19:00:00,108,8.9,3.4,67.0,6.0,,
2023-12-13 19:00:00,112,9.4,2.5,64.0,8.0,,
2023-12-13 19:00:00,119,9.8,2.4,63.0,8.0,,
2023-12-13 19:00:00,133,10.6,4.5,62.0,8.0,,
2023-12-13 19:00:00,143,9.5,1.4,73.0,7.0,,
2023-12-13 19:00:00,146,11.6,1.4,67.0,8.0,,
2023-12-13 19:00:00,156,11.8,1.3,83.0,6.0,,
2023-12-13 19:00:00,159,10.3,2.5,58.0,6.0,,
2023-12-13 19:00:00,184,14.1,2.0,65.0,6.0,,
2023-12-13 20:00:00,105,7.3,0.4,78.0,6.0,,
2023-12-13 20:00:00,108,8.7,2.9,67.0,9.0,,
2023-12-13 20:00:00,112,9.3,1.5,65.0,9.0,,
2023-12-13 20:00:00,119,9.5,2.5,64.0,10.0,,
2023-12-13 20:00:00,133,10.1,3.5,65.0,9.0,,
2023-12-13 20:00:00,143,9.6,2.4,74.0,8.0,,
2023-12-13 20:00:00,146,11.0,1.2,67.0,8.0,,
2023-12-13 20:00:00,156,11.6,1.1,83.0,8.0,,
2023-12-13 20:00:00,159,10.3,2.7,56.0,5.0,,
2023-12-13 20:00:00,184,13.9,1.9,67.0,6.0,,
2023-12-13 21:00:00,105,7.4,0.4,79.0,8.0,,
2023-12-13 21:00:00,108,8.7,3.3,67.0,9.0,,
2023-12-13 21:00:00,112,9.1,1.1,68.0,9.0,,
2023-12-13 21:00:00,119,9.7,2.0,63.0,9.0,,
2023-12-13 21:00:00,133,10.0,4.4,65.0,7.0,,
2023-12-13 21:00:00,143,9.5,2.0,75.0,9.0,,
2023-12-13 21:00:00,146,10.8,1.4,69.0,8.0,,
2023-12-13 21:00:00,156,11.8,0.6,79.0,8.0,,
2023-12-13 21:00:00,159,10.1,2.7,59.0,5.0,,
2023-12-13 21:00:00,184,13.7,2.4,70.0,5.0,,
2023-12-13 22:00:00,105,7.4,0.3,80.0,8.0,,
2023-12-13 22:00:00,108,8.9,2.6,67.0,10.0,,
2023-12-13 22:00:00,112,9.3,2.9,65.0,10.0,,
2023-12-13 22:00:00,119,9.9,1.5,61.0,2.0,,
2023-12-13 22:00:00,133,9.9,4.3,65.0,9.0,,
2023-12-13 22:00:00,143,9.0,2.1,77.0,8.0,,
2023-12-13 22:00:00,146,11.1,1.7,67.0,10.0,,
2023-12-13 22:00:00,156,11.5,1.0,84.0,9.0,,
2023-12-13 22:00:00,159,10.0,2.4,60.0,7.0,,
2023-12-13 22:00:00,184,13.9,2.7,71.0,8.0,,
2023-12-13 23:00:00,105,7.0,0.8,83.0,8.0,,
2023-12-13 23:00:00,108,9.0,3.7,66.0,10.0,,
2023-12-13 23:00:00,112,9.4,3.1,64.0,10.0,,
2023-12-13 23:00:00,119,9.7,2.5,63.0,10.0,,
2023-12-13 23:00:00,133,9.5,3.4,67.0,9.0,,
2023-12-13 23:00:00,143,8.5,1.7,79.0,10.0,,
2023-12-13 23:00:00,146,11.0,1.5,69.0,10.0,,
2023-12-13 23:00:00,156,11.5,0.5,83.0,10.0,,
2023-12-13 23:00:00,159,10.0,2.6,60.0,8.0,,
2023-12-13 23:00:00,184,13.9,3.1,73.0,8.0,,
2023-12-14 00:00:00,105,6.9,0.6,83.0,9.0,,
2023-12-14 00:00:00,108,9.0,3.5,66.0,9.0,,
2023-12-14 00:00:00,112,9.4,3.4,64.0,9.0,,
2023-12-14 00:00:00,119,9.7,2.1,63.0,9.0,,
2023-12-14 00:00:00,133,9.4,4.3,66.0,8.0,,
2023-12-14 00:00:00,143,8.2,2.4,78.0,5.0,,
2023-12-14 00:00:00,146,11.2,1.8,67.0,9.0,,
2023-12-14 00:00:00,156,11.6,0.7,82.0,9.0,,
2023-12-14 00:00:00,159,10.5,3.6,59.0,8.0,,
2023-12-14 00:00:00,184,14.3,4.0,72.0,8.0,,
2023-12-14 01:00:00,105,6.9,1.5,83.0,7.0,,
2023-12-14 01:00:00,108,9.0,2.8,67.0,10.0,,
2023-12-14 01:00:00,112,9.3,1.9,64.0,10.0,,
2023-12-14 01:00:00,119,9.7,1.9,63.0,9.0,,
2023-12-14 01:00:00,133,9.5,4.3,66.0,8.0,,
2023-12-14 01:00:00,143,8.1,0.5,79.0,10.0,,
2023-12-14 01:00:00,146,10.9,1.5,69.0,10.0,,
2023-12-14 01:00:00,156,11.2,0.9,87.0,8.0,,
2023-12-14 01:00:00,159,10.6,3.4,60.0,6.0,,
2023-12-14 01:00:00,184,14.6,3.6,74.0,10.0,,
2023-12-14 02:00:00,105,6.9,1.6,83.0,10.0,,
2023-12-14 02:00:00,108,9.1,3.0,67.0,9.0,,
2023-12-14 02:00:00,112,8.9,0.7,69.0,10.0,,
2023-12-14 02:00:00,119,9.7,1.4,63.0,10.0,,
2023-12-14 02:00:00,133,9.5,3.1,67.0,8.0,,
2023-12-14 02:00:00,143,7.4,0.8,84.0,7.0,,
2023-12-14 02:00:00,146,11.2,2.0,68.0,10.0,,
2023-12-14 02:00:00,156,11.0,0.6,85.0,2.0,,
2023-12-14 02:00:00,159,10.4,3.5,60.0,8.0,,
2023-12-14 02:00:00,184,14.6,3.0,75.0,9.0,,
2023-12-14 03:00:00,105,7.2,0.5,82.0,6.0,,
2023-12-14 03:00:00,108,9.0,3.0,67.0,10.0,,
2023-12-14 03:00:00,112,8.6,2.2,71.0,10.0,,
2023-12-14 03:00:00,119,9.7,3.4,66.0,10.0,,
2023-12-14 03:00:00,133,9.5,4.0,66.0,8.0,,
2023-12-14 03:00:00,143,7.1,0.6,86.0,9.0,,
2023-12-14 03:00:00,146,11.2,1.9,68.0,9.0,,
2023-12-14 03:00:00,156,11.0,1.6,81.0,10.0,,
2023-12-14 03:00:00,159,10.5,3.4,61.0,8.0,,
2023-12-14 03:00:00,184,15.1,3.6,74.0,9.0,,
2023-12-14 04:00:00,105,7.2,1.2,82.0,9.0,,
2023-12-14 04:00:00,108,8.8,3.2,68.0,10.0,,
2023-12-14 04:00:00,112,9.0,3.6,67.0,10.0,,
2023-12-14 04:00:00,119,9.6,2.0,65.0,10.0,,
2023-12-14 04:00:00,133,9.4,4.2,67.0,9.0,,
2023-12-14 04:00:00,143,7.1,1.5,86.0,9.0,,
2023-12-14 04:00:00,146,11.0,1.7,68.0,8.0,,
2023-12-14 04:00:00,156,11.2,2.2,81.0,10.0,,
2023-12-14 04:00:00,159,10.7,3.4,60.0,9.0,,
2023-12-14 04:00:00,184,14.9,2.9,79.0,8.0,,
2023-12-14 05:00:00,105,7.1,1.5,83.0,10.0,,
2023-12-14 05:00:00,108,8.7,3.4,70.0,10.0,,
2023-12-14 05:00:00,112,8.8,3.5,68.0,10.0,,
2023-12-14 05:00:00,119,9.5,1.9,65.0,10.0,,
2023-12-14 05:00:00,133,9.2,3.9,69.0,8.0,,
2023-12-14 05:00:00,143,7.0,0.7,86.0,9.0,,
2023-12-14 05:00:00,146,11.2,1.4,66.0,9.0,,
2023-12-14 05:00:00,156,10.8,1.6,82.0,9.0,,
2023-12-14 05:00:00,159,10.9,3.4,61.0,9.0,,
2023-12-14 05:00:00,184,15.4,4.1,75.0,8.0,,
2023-12-14 06:00:00,105,7.2,0.8,82.0,1.0,,
2023-12-14 06:00:00,108,8.3,4.6,71.0,10.0,,
2023-12-14 06:00:00,112,8.6,2.8,69.0,10.0,,
2023-12-14 06:00:00,119,9.4,3.0,64.0,10.0,,
2023-12-14 06:00:00,133,9.1,4.2,69.0,9.0,,
2023-12-14 06:00:00,143,6.6,1.4,87.0,7.0,,
2023-12-14 06:00:00,146,11.2,1.4,66.0,9.0,,
2023-12-14 06:00:00,156,10.7,0.9,84.0,8.0,,
2023-12-14 06:00:00,159,10.9,3.7,61.0,8.0,,
2023-12-14 06:00:00,184,15.9,3.4,74.0,10.0,,
2023-12-14 07:00:00,105,7.3,1.3,84.0,10.0,,
2023-12-14 07:00:00,108,8.2,4.0,72.0,10.0,,
2023-12-14 07:00:00,112,8.6,4.5,69.0,10.0,,
2023-12-14 07:00:00,119,9.5,2.2,65.0,10.0,,
2023-12-14 07:00:00,133,9.0,4.3,67.0,9.0,,
2023-12-14 07:00:00,143,6.4,0.5,89.0,9.0,,
2023-12-14 07:00:00,146,11.3,1.0,63.0,9.0,,
2023-12-14 07:00:00,156,11.1,1.1,82.0,10.0,,
2023-12-14 07:00:00,159,11.1,3.6,62.0,10.0,,
2023-12-14 07:00:00,184,16.2,3.7,75.0,10.0,,
2023-12-14 08:00:00,105,7.3,1.0,83.0,10.0,0.0,0.0
2023-12-14 08:00:00,108,8.1,4.4,74.0,10.0,0.0,0.01
2023-12-14 08:00:00,112,8.4,4.4,71.0,10.0,0.0,0.0
2023-12-14 08:00:00,119,9.6,1.2,64.0,9.0,0.0,0.0
2023-12-14 08:00:00,133,9.1,4.4,66.0,9.0,0.0,0.0
2023-12-14 08:00:00,143,6.9,2.3,87.0,8.0,0.1,0.03
2023-12-14 08:00:00,146,11.9,0.8,59.0,10.0,0.0,0.0
2023-12-14 08:00:00,156,11.2,0.8,84.0,10.0,0.0,0.07
2023-12-14 08:00:00,159,11.3,3.8,63.0,8.0,0.0,0.03
2023-12-14 08:00:00,184,16.4,4.1,76.0,10.0,0.0,0.0
2023-12-14 09:00:00,105,7.5,1.3,84.0,10.0,0.0,0.04
2023-12-14 09:00:00,108,8.1,3.1,77.0,10.0,0.0,0.03
2023-12-14 09:00:00,112,8.1,3.2,78.0,10.0,0.0,0.02
2023-12-14 09:00:00,119,9.8,2.1,63.0,10.0,0.0,0.05
2023-12-14 09:00:00,133,9.5,3.8,65.0,10.0,0.0,0.07
2023-12-14 09:00:00,143,8.1,1.2,80.0,10.0,0.1,0.22
2023-12-14 09:00:00,146,12.1,2.2,63.0,10.0,0.0,0.04
2023-12-14 09:00:00,156,11.4,0.3,85.0,10.0,0.0,0.11
2023-12-14 09:00:00,159,12.1,3.2,64.0,9.0,0.0,0.23
2023-12-14 09:00:00,184,15.9,3.2,84.0,10.0,0.0,0.0
2023-12-14 10:00:00,105,7.7,0.2,84.0,10.0,0.0,0.06
2023-12-14 10:00:00,108,7.6,3.0,88.0,10.0,0.0,0.09
2023-12-14 10:00:00,112,7.5,4.3,86.0,10.0,0.0,0.09
2023-12-14 10:00:00,119,9.2,1.8,74.0,10.0,0.0,0.1
2023-12-14 10:00:00,133,9.8,2.8,64.0,10.0,0.0,0.13
2023-12-14 10:00:00,143,8.5,0.4,78.0,10.0,0.0,0.23
2023-12-14 10:00:00,146,12.7,1.9,62.0,10.0,0.0,0.1
2023-12-14 10:00:00,156,11.5,0.6,95.0,10.0,0.0,0.22
2023-12-14 10:00:00,159,12.8,3.7,64.0,10.0,0.0,0.36
2023-12-14 10:00:00,184,16.3,3.1,81.0,10.0,0.0,0.0
2023-12-14 11:00:00,105,7.6,1.3,87.0,10.0,0.0,0.12
2023-12-14 11:00:00,108,7.3,5.0,91.0,10.0,0.0,0.18
2023-12-14 11:00:00,112,7.2,4.7,90.0,10.0,0.0,0.12
2023-12-14 11:00:00,119,8.8,3.0,77.0,10.0,0.0,0.21
2023-12-14 11:00:00,133,10.3,3.1,62.0,10.0,0.0,0.22
2023-12-14 11:00:00,143,9.2,0.5,78.0,10.0,0.0,0.2
2023-12-14 11:00:00,146,12.1,2.2,71.0,10.0,0.0,0.19
2023-12-14 11:00:00,156,11.0,0.9,99.0,10.0,0.0,0.21
2023-12-14 11:00:00,159,12.5,3.3,73.0,10.0,0.0,0.12
2023-12-14 11:00:00,184,16.7,3.4,83.0,10.0,0.0,0.11
2023-12-14 12:00:00,105,7.7,1.0,91.0,10.0,0.0,0.18
2023-12-14 12:00:00,108,7.6,4.3,92.0,10.0,0.0,0.26
2023-12-14 12:00:00,112,7.2,4.6,92.0,10.0,0.0,0.19
2023-12-14 12:00:00,119,9.0,2.4,77.0,9.0,0.0,0.28
2023-12-14 12:00:00,133,10.6,3.1,63.0,10.0,0.0,0.31
2023-12-14 12:00:00,143,10.4,2.4,76.0,10.0,0.0,0.3
2023-12-14 12:00:00,146,12.6,1.1,75.0,10.0,0.0,0.38
2023-12-14 12:00:00,156,11.1,1.3,99.0,10.0,0.0,0.26
2023-12-14 12:00:00,159,12.4,3.2,81.0,10.0,0.0,0.17
2023-12-14 12:00:00,184,17.2,4.4,82.0,10.0,0.0,0.13
2023-12-14 13:00:00,105,8.2,0.5,89.0,10.0,0.0,0.33
2023-12-14 13:00:00,108,7.6,4.7,94.0,10.0,0.0,0.26
2023-12-14 13:00:00,112,7.4,4.3,93.0,10.0,0.0,0.2
2023-12-14 13:00:00,119,8.5,2.6,86.0,10.0,0.0,0.22
2023-12-14 13:00:00,133,10.5,4.2,67.0,10.0,0.0,0.23
2023-12-14 13:00:00,143,10.4,1.3,81.0,10.0,0.0,0.34
2023-12-14 13:00:00,146,11.6,3.1,82.0,10.0,0.0,0.14
2023-12-14 13:00:00,156,11.9,0.9,99.0,10.0,0.0,0.52
2023-12-14 13:00:00,159,12.0,2.7,87.0,10.0,0.0,0.16
2023-12-14 13:00:00,184,16.9,1.0,85.0,10.0,0.0,0.11
2023-12-14 14:00:00,105,8.5,0.5,90.0,10.0,0.0,0.32
2023-12-14 14:00:00,108,7.8,4.5,94.0,10.0,0.0,0.32
2023-12-14 14:00:00,112,7.5,5.0,93.0,10.0,0.0,0.22
2023-12-14 14:00:00,119,8.6,3.3,86.0,10.0,0.0,0.28
2023-12-14 14:00:00,133,9.6,2.5,80.0,10.0,0.0,0.15
2023-12-14 14:00:00,143,10.0,1.0,90.0,10.0,0.0,0.25
2023-12-14 14:00:00,146,11.1,2.2,90.0,10.0,0.0,0.14
2023-12-14 14:00:00,156,12.1,1.0,99.0,10.0,0.0,
2023-12-14 14:00:00,159,12.0,2.9,89.0,10.0,0.0,0.15
2023-12-14 14:00:00,184,17.0,0.8,86.0,10.0,0.0,0.18
2023-12-14 15:00:00,105,8.1,2.8,87.0,10.0,0.0,0.21
2023-12-14 15:00:00,108,7.7,4.6,93.0,10.0,0.0,0.18
2023-12-14 15:00:00,112,7.7,5.5,92.0,10.0,0.0,0.18
2023-12-14 15:00:00,119,8.6,2.7,88.0,10.0,0.0,0.18
2023-12-14 15:00:00,133,9.4,1.9,85.0,10.0,0.0,0.18
2023-12-14 15:00:00,143,9.7,2.3,95.0,10.0,0.0,0.16
2023-12-14 15:00:00,146,11.4,0.6,93.0,10.0,0.0,0.09
2023-12-14 15:00:00,156,,,99.0,10.0,0.0,
2023-12-14 15:00:00,159,12.2,3.3,89.0,10.0,0.0,0.18
2023-12-14 15:00:00,184,17.1,1.1,87.0,10.0,0.0,0.14
2023-12-14 16:00:00,105,7.4,2.8,88.0,10.0,0.0,0.08
2023-12-14 16:00:00,108,7.5,5.1,94.0,10.0,0.0,0.09
2023-12-14 16:00:00,112,7.7,6.0,91.0,10.0,0.0,0.12
2023-12-14 16:00:00,119,8.6,3.7,90.0,10.0,0.0,0.09
2023-12-14 16:00:00,133,8.8,5.4,90.0,10.0,0.0,0.11
2023-12-14 16:00:00,143,10.0,2.5,96.0,10.0,0.0,0.09
2023-12-14 16:00:00,146,11.5,1.5,95.0,10.0,0.0,0.06
2023-12-14 16:00:00,156,11.9,1.0,99.0,10.0,0.0,
2023-12-14 16:00:00,159,11.9,2.8,90.0,10.0,0.0,0.07
2023-12-14 16:00:00,184,17.1,0.7,88.0,10.0,0.0,0.08
2023-12-14 17:00:00,105,7.1,2.6,89.0,10.0,0.0,0.02
2023-12-14 17:00:00,108,7.3,6.2,93.0,10.0,0.0,0.03
2023-12-14 17:00:00,112,7.6,6.0,93.0,10.0,0.0,0.04
2023-12-14 17:00:00,119,8.7,3.7,91.0,10.0,0.0,0.04
2023-12-14 17:00:00,133,8.8,4.6,94.0,10.0,0.0,0.03
2023-12-14 17:00:00,143,10.3,2.6,96.0,10.0,0.0,0.03
2023-12-14 17:00:00,146,11.4,1.3,97.0,10.0,0.0,0.02
2023-12-14 17:00:00,156,11.9,0.2,99.0,10.0,0.0,0.08
2023-12-14 17:00:00,159,11.9,3.3,90.0,10.0,0.0,0.01
2023-12-14 17:00:00,184,16.9,1.7,89.0,10.0,0.0,0.01
2023-12-14 18:00:00,105,7.0,3.2,88.0,10.0,0.0,0.0
2023-12-14 18:00:00,108,7.1,6.1,96.0,10.0,0.0,0.01
2023-12-14 18:00:00,112,7.5,5.2,95.0,10.0,0.0,0.0
2023-12-14 18:00:00,119,8.8,3.1,94.0,10.0,0.0,0.0
2023-12-14 18:00:00,133,9.1,3.1,94.0,10.0,0.0,0.01
2023-12-14 18:00:00,143,10.6,3.8,93.0,10.0,0.0,0.0
2023-12-14 18:00:00,146,11.7,1.7,96.0,10.0,0.0,0.0
2023-12-14 18:00:00,156,11.8,0.5,99.0,10.0,0.0,0.06
2023-12-14 18:00:00,159,11.8,3.0,90.0,10.0,0.0,0.0
2023-12-14 18:00:00,184,17.0,0.9,91.0,10.0,0.0,0.0
2023-12-14 19:00:00,105,6.7,2.9,89.0,10.0,,
2023-12-14 19:00:00,108,7.0,5.6,97.0,10.0,,
2023-12-14 19:00:00,112,7.5,5.1,95.0,10.0,,
2023-12-14 19:00:00,119,9.1,4.0,93.0,10.0,,
2023-12-14 19:00:00,133,9.3,4.9,93.0,10.0,,
2023-12-14 19:00:00,143,10.8,4.3,93.0,10.0,,
2023-12-14 19:00:00,146,11.5,1.5,98.0,10.0,,
2023-12-14 19:00:00,156,11.7,0.3,99.0,10.0,,
2023-12-14 19:00:00,159,11.9,3.5,91.0,10.0,,
2023-12-14 19:00:00,184,17.3,2.7,91.0,9.0,,
2023-12-14 20:00:00,105,6.6,1.9,90.0,10.0,,
2023-12-14 20:00:00,108,6.9,6.4,96.0,10.0,,
2023-12-14 20:00:00,112,7.5,5.4,95.0,10.0,,
2023-12-14 20:00:00,119,9.1,1.4,94.0,10.0,,
2023-12-14 20:00:00,133,9.5,4.6,93.0,10.0,,
2023-12-14 20:00:00,143,10.8,4.1,93.0,10.0,,
2023-12-14 20:00:00,146,11.7,0.8,97.0,10.0,,
2023-12-14 20:00:00,156,11.8,1.0,99.0,10.0,,
2023-12-14 20:00:00,159,12.2,4.0,90.0,10.0,,
2023-12-14 20:00:00,184,17.4,2.0,86.0,9.0,,
2023-12-14 21:00:00,105,6.7,3.2,89.0,10.0,,
2023-12-14 21:00:00,108,6.8,5.7,96.0,10.0,,
2023-12-14 21:00:00,112,7.4,3.8,95.0,10.0,,
2023-12-14 21:00:00,119,9.0,1.9,94.0,10.0,,
2023-12-14 21:00:00,133,9.6,4.3,94.0,10.0,,
2023-12-14 21:00:00,143,10.7,2.6,95.0,10.0,,
2023-12-14 21:00:00,146,12.3,0.3,93.0,10.0,,
2023-12-14 21:00:00,156,11.9,0.8,99.0,10.0,,
2023-12-14 21:00:00,159,12.5,1.4,91.0,10.0,,
2023-12-14 21:00:00,184,17.3,2.4,86.0,8.0,,
2023-12-14 22:00:00,105,6.4,2.7,88.0,9.0,,
2023-12-14 22:00:00,108,6.6,5.4,97.0,10.0,,
2023-12-14 22:00:00,112,7.0,6.0,95.0,10.0,,
2023-12-14 22:00:00,119,8.7,3.1,95.0,10.0,,
2023-12-14 22:00:00,133,9.7,4.1,94.0,10.0,,
2023-12-14 22:00:00,143,10.6,2.6,96.0,10.0,,
2023-12-14 22:00:00,146,11.8,1.6,96.0,10.0,,
2023-12-14 22:00:00,156,11.8,0.8,99.0,10.0,,
2023-12-14 22:00:00,159,12.7,3.0,91.0,10.0,,
2023-12-14 22:00:00,184,17.1,2.5,87.0,7.0,,
2023-12-14 23:00:00,105,5.8,3.4,88.0,10.0,,
2023-12-14 23:00:00,108,6.3,6.3,97.0,10.0,,
2023-12-14 23:00:00,112,6.7,5.9,95.0,10.0,,
2023-12-14 23:00:00,119,8.4,3.1,95.0,10.0,,
2023-12-14 23:00:00,133,9.7,4.1,94.0,10.0,,
2023-12-14 23:00:00,143,10.5,1.9,95.0,10.0,,
2023-12-14 23:00:00,146,11.9,1.7,98.0,10.0,,
2023-12-14 23:00:00,156,11.9,0.9,99.0,10.0,,
2023-12-14 23:00:00,159,12.9,2.9,91.0,10.0,,
2023-12-14 23:00:00,184,16.7,2.4,88.0,6.0,,
2023-12-15 00:00:00,105,4.9,3.5,89.0,10.0,,
2023-12-15 00:00:00,108,6.2,6.0,94.0,10.0,,
2023-12-15 00:00:00,112,6.7,4.3,94.0,10.0,,
2023-12-15 00:00:00,119,8.4,2.6,94.0,10.0,,
2023-12-15 00:00:00,133,9.6,2.6,96.0,10.0,,
2023-12-15 00:00:00,143,10.5,2.0,96.0,10.0,,
2023-12-15 00:00:00,146,12.1,1.2,98.0,10.0,,
2023-12-15 00:00:00,156,12.1,0.0,99.0,10.0,,
2023-12-15 00:00:00,159,13.1,1.6,91.0,10.0,,
2023-12-15 00:00:00,184,16.3,1.4,88.0,5.0,,
2023-12-15 01:00:00,105,4.5,2.5,90.0,10.0,,
2023-12-15 01:00:00,108,6.0,6.3,96.0,10.0,,
2023-12-15 01:00:00,112,6.6,4.6,95.0,10.0,,
2023-12-15 01:00:00,119,8.3,3.5,94.0,10.0,,
2023-12-15 01:00:00,133,9.6,0.5,96.0,10.0,,
2023-12-15 01:00:00,143,10.4,0.9,97.0,10.0,,
2023-12-15 01:00:00,146,12.3,1.7,99.0,10.0,,
2023-12-15 01:00:00,156,12.5,0.2,99.0,10.0,,
2023-12-15 01:00:00,159,13.5,1.8,92.0,10.0,,
2023-12-15 01:00:00,184,16.0,2.3,89.0,8.0,,
2023-12-15 02:00:00,105,4.4,2.8,92.0,10.0,,
2023-12-15 02:00:00,108,5.9,6.4,98.0,10.0,,
2023-12-15 02:00:00,112,6.4,4.8,96.0,10.0,,
2023-12-15 02:00:00,119,8.2,2.3,96.0,10.0,,
2023-12-15 02:00:00,133,9.6,1.0,97.0,10.0,,
2023-12-15 02:00:00,143,10.3,1.5,98.0,10.0,,
2023-12-15 02:00:00,146,12.4,1.2,99.0,10.0,,
2023-12-15 02:00:00,156,13.0,0.7,99.0,10.0,,
2023-12-15 02:00:00,159,15.0,3.0,91.0,10.0,,
2023-12-15 02:00:00,184,16.3,1.4,87.0,8.0,,
2023-12-15 03:00:00,105,4.2,3.2,92.0,10.0,,
2023-12-15 03:00:00,108,6.1,5.1,99.0,10.0,,
2023-12-15 03:00:00,112,6.3,5.4,96.0,10.0,,
2023-12-15 03:00:00,119,7.7,3.4,95.0,10.0,,
2023-12-15 03:00:00,133,9.6,0.4,97.0,10.0,,
2023-12-15 03:00:00,143,10.1,2.2,95.0,10.0,,
2023-12-15 03:00:00,146,12.6,1.4,99.0,10.0,,
2023-12-15 03:00:00,156,13.2,1.3,99.0,10.0,,
2023-12-15 03:00:00,159,14.9,4.3,85.0,10.0,,
2023-12-15 03:00:00,184,18.1,4.0,83.0,9.0,,
2023-12-15 04:00:00,105,3.5,3.2,93.0,10.0,,
2023-12-15 04:00:00,108,5.8,6.0,97.0,10.0,,
2023-12-15 04:00:00,112,6.5,5.2,96.0,10.0,,
2023-12-15 04:00:00,119,7.5,2.0,96.0,10.0,,
2023-12-15 04:00:00,133,9.7,1.0,97.0,10.0,,
2023-12-15 04:00:00,143,9.9,3.0,95.0,10.0,,
2023-12-15 04:00:00,146,13.2,1.6,99.0,10.0,,
2023-12-15 04:00:00,156,13.5,1.1,99.0,10.0,,
2023-12-15 04:00:00,159,14.7,3.4,89.0,10.0,,
2023-12-15 04:00:00,184,19.3,3.3,78.0,8.0,,
2023-12-15 05:00:00,105,2.9,3.8,95.0,10.0,,
2023-12-15 05:00:00,108,5.8,5.5,99.0,10.0,,
2023-12-15 05:00:00,112,6.2,6.1,96.0,10.0,,
2023-12-15 05:00:00,119,7.3,2.3,96.0,10.0,,
2023-12-15 05:00:00,133,9.8,0.5,97.0,10.0,,
2023-12-15 05:00:00,143,9.9,2.9,96.0,10.0,,
2023-12-15 05:00:00,146,13.5,1.0,99.0,10.0,,
2023-12-15 05:00:00,156,14.8,2.2,99.0,10.0,,
2023-12-15 05:00:00,159,15.1,3.3,89.0,10.0,,
2023-12-15 05:00:00,184,19.7,5.2,77.0,5.0,,
2023-12-15 06:00:00,105,2.5,2.8,96.0,10.0,,
2023-12-15 06:00:00,108,5.5,5.1,98.0,10.0,,
2023-12-15 06:00:00,112,6.1,5.6,96.0,10.0,,
2023-12-15 06:00:00,119,6.8,2.5,94.0,10.0,,
2023-12-15 06:00:00,133,9.9,0.3,97.0,10.0,,
2023-12-15 06:00:00,143,9.9,3.4,96.0,10.0,,
2023-12-15 06:00:00,146,13.6,1.4,99.0,10.0,,
2023-12-15 06:00:00,156,15.4,0.9,99.0,10.0,,
2023-12-15 06:00:00,159,14.8,1.0,90.0,10.0,,
2023-12-15 06:00:00,184,20.0,5.4,77.0,7.0,,
2023-12-15 07:00:00,105,2.2,2.5,96.0,10.0,,
2023-12-15 07:00:00,108,5.4,4.5,98.0,10.0,,
2023-12-15 07:00:00,112,5.8,6.0,96.0,10.0,,
2023-12-15 07:00:00,119,6.5,3.1,95.0,10.0,,
2023-12-15 07:00:00,133,10.2,0.3,97.0,10.0,,
2023-12-15 07:00:00,143,9.8,2.5,98.0,10.0,,
2023-12-15 07:00:00,146,14.1,1.6,99.0,10.0,,
2023-12-15 07:00:00,156,16.2,2.6,99.0,10.0,,
2023-12-15 07:00:00,159,15.0,3.3,91.0,10.0,,
2023-12-15 07:00:00,184,20.3,6.2,79.0,8.0,,
2023-12-15 08:00:00,105,2.2,2.8,97.0,10.0,0.0,0.0
2023-12-15 08:00:00,108,5.1,5.7,97.0,10.0,0.0,0.0
2023-12-15 08:00:00,112,5.7,5.1,95.0,10.0,0.0,0.0
2023-12-15 08:00:00,119,6.3,2.6,94.0,10.0,0.0,0.0
2023-12-15 08:00:00,133,10.3,1.9,98.0,10.0,0.0,0.0
2023-12-15 08:00:00,143,10.0,2.4,98.0,10.0,0.0,0.01
2023-12-15 08:00:00,146,13.7,2.0,99.0,10.0,0.0,0.0
2023-12-15 08:00:00,156,14.6,2.6,99.0,10.0,0.0,0.06
2023-12-15 08:00:00,159,15.3,2.1,91.0,10.0,0.0,0.0
2023-12-15 08:00:00,184,20.2,6.5,80.0,3.0,0.0,0.0
2023-12-15 09:00:00,105,1.8,2.7,97.0,10.0,0.0,0.03
2023-12-15 09:00:00,108,5.0,4.4,97.0,10.0,0.0,0.02
2023-12-15 09:00:00,112,5.7,3.8,95.0,10.0,0.0,0.02
2023-12-15 09:00:00,119,6.3,2.7,94.0,10.0,0.0,0.02
2023-12-15 09:00:00,133,11.7,1.5,98.0,10.0,0.0,0.05
2023-12-15 09:00:00,143,10.4,1.6,99.0,10.0,0.0,0.01
2023-12-15 09:00:00,146,13.5,0.1,99.0,10.0,0.0,0.03
2023-12-15 09:00:00,156,14.1,1.3,99.0,10.0,0.0,0.07
2023-12-15 09:00:00,159,15.9,1.1,91.0,10.0,0.0,0.01
2023-12-15 09:00:00,184,20.6,5.8,77.0,8.0,0.0,0.08
2023-12-15 10:00:00,105,1.8,2.6,97.0,10.0,0.0,0.08
2023-12-15 10:00:00,108,5.1,4.4,98.0,10.0,0.0,0.06
2023-12-15 10:00:00,112,4.5,5.1,96.0,10.0,0.0,0.05
2023-12-15 10:00:00,119,6.0,2.2,94.0,10.0,0.0,0.05
2023-12-15 10:00:00,133,12.0,1.1,98.0,10.0,0.0,0.04
2023-12-15 10:00:00,143,10.4,2.0,98.0,10.0,0.0,0.03
2023-12-15 10:00:00,146,13.7,2.8,98.0,10.0,0.0,0.07
2023-12-15 10:00:00,156,14.2,1.2,99.0,10.0,0.0,0.1
2023-12-15 10:00:00,159,16.6,3.1,91.0,10.0,0.0,0.03
2023-12-15 10:00:00,184,19.8,6.8,83.0,10.0,0.1,0.22
2023-12-15 11:00:00,105,1.9,2.8,97.0,10.0,0.0,0.12
2023-12-15 11:00:00,108,5.0,2.9,96.0,10.0,0.0,0.13
2023-12-15 11:00:00,112,4.2,5.0,96.0,10.0,0.0,0.1
2023-12-15 11:00:00,119,5.8,2.9,93.0,10.0,0.0,0.14
2023-12-15 11:00:00,133,12.3,1.6,95.0,10.0,0.0,0.05
2023-12-15 11:00:00,143,9.3,4.2,96.0,10.0,0.0,0.04
2023-12-15 11:00:00,146,13.0,1.3,97.0,10.0,0.0,0.17
2023-12-15 11:00:00,156,13.3,1.5,99.0,10.0,0.0,0.09
2023-12-15 11:00:00,159,17.8,6.7,89.0,10.0,0.0,0.07
2023-12-15 11:00:00,184,17.7,5.1,84.0,10.0,0.0,0.19
2023-12-15 12:00:00,105,1.8,2.4,97.0,10.0,0.0,0.19
2023-12-15 12:00:00,108,4.9,3.8,97.0,10.0,0.0,0.19
2023-12-15 12:00:00,112,4.0,5.1,96.0,10.0,0.0,0.16
2023-12-15 12:00:00,119,5.8,1.3,94.0,10.0,0.0,0.13
2023-12-15 12:00:00,133,12.1,1.1,94.0,10.0,0.0,0.06
2023-12-15 12:00:00,143,8.9,4.0,98.0,10.0,0.0,0.12
2023-12-15 12:00:00,146,12.6,4.7,96.0,10.0,0.0,0.12
2023-12-15 12:00:00,156,12.8,2.2,99.0,10.0,0.0,0.16
2023-12-15 12:00:00,159,17.9,5.8,89.0,10.0,0.0,0.08
2023-12-15 12:00:00,184,17.1,7.3,89.0,10.0,0.0,0.08
2023-12-15 13:00:00,105,1.8,2.0,97.0,10.0,0.0,0.14
2023-12-15 13:00:00,108,4.9,2.6,95.0,10.0,0.0,0.19
2023-12-15 13:00:00,112,3.7,4.8,95.0,10.0,0.0,0.16
2023-12-15 13:00:00,119,5.5,2.4,94.0,10.0,0.0,0.23
2023-12-15 13:00:00,133,11.7,1.6,92.0,10.0,0.0,0.08
2023-12-15 13:00:00,143,8.8,4.0,97.0,10.0,0.0,0.11
2023-12-15 13:00:00,146,11.1,4.8,94.0,10.0,0.0,0.23
2023-12-15 13:00:00,156,11.6,2.1,99.0,10.0,0.0,0.2
2023-12-15 13:00:00,159,17.9,6.4,88.0,10.0,0.0,0.17
2023-12-15 13:00:00,184,15.7,5.4,90.0,10.0,0.0,0.01
2023-12-15 14:00:00,105,2.1,2.5,97.0,9.0,0.0,0.2
2023-12-15 14:00:00,108,5.1,2.6,95.0,10.0,0.0,0.31
2023-12-15 14:00:00,112,3.7,4.0,96.0,10.0,0.0,0.26
2023-12-15 14:00:00,119,5.2,2.5,95.0,10.0,0.0,0.16
2023-12-15 14:00:00,133,11.1,2.2,93.0,10.0,0.0,0.1
2023-12-15 14:00:00,143,8.7,4.1,96.0,10.0,0.0,0.13
2023-12-15 14:00:00,146,9.5,4.5,95.0,10.0,0.0,0.11
2023-12-15 14:00:00,156,10.1,1.3,99.0,10.0,0.0,0.17
2023-12-15 14:00:00,159,15.5,3.7,88.0,10.0,0.0,0.17
2023-12-15 14:00:00,184,14.0,6.6,86.0,10.0,0.0,0.0
2023-12-15 15:00:00,105,2.3,2.1,97.0,10.0,0.0,0.16
2023-12-15 15:00:00,108,5.0,3.4,95.0,10.0,0.0,0.34
2023-12-15 15:00:00,112,3.8,2.9,96.0,10.0,0.0,0.21
2023-12-15 15:00:00,119,5.3,0.9,97.0,9.0,0.0,0.24
2023-12-15 15:00:00,133,8.6,3.1,91.0,10.0,0.0,0.05
2023-12-15 15:00:00,143,8.7,3.7,93.0,10.0,0.0,0.08
2023-12-15 15:00:00,146,8.7,2.4,95.0,10.0,0.0,0.07
2023-12-15 15:00:00,156,9.6,1.1,99.0,10.0,0.0,0.24
2023-12-15 15:00:00,159,12.9,3.0,90.0,10.0,0.0,0.04
2023-12-15 15:00:00,184,12.9,6.0,88.0,10.0,0.0,0.01
2023-12-15 16:00:00,105,2.7,1.8,96.0,9.0,0.0,0.17
2023-12-15 16:00:00,108,4.9,2.2,94.0,10.0,0.0,0.16
2023-12-15 16:00:00,112,4.1,2.7,95.0,10.0,0.0,0.16
2023-12-15 16:00:00,119,5.4,1.8,89.0,9.0,0.0,0.21
2023-12-15 16:00:00,133,7.7,1.1,94.0,10.0,0.0,0.05
2023-12-15 16:00:00,143,8.3,3.4,92.0,10.0,0.0,0.03
2023-12-15 16:00:00,146,8.5,3.5,93.0,10.0,0.0,0.05
2023-12-15 16:00:00,156,9.2,1.1,99.0,10.0,0.0,0.36
2023-12-15 16:00:00,159,11.5,2.5,91.0,10.0,0.0,0.01
2023-12-15 16:00:00,184,12.5,5.1,83.0,10.0,0.0,0.04
2023-12-15 17:00:00,105,2.7,1.6,94.0,10.0,0.0,0.04
2023-12-15 17:00:00,108,4.9,2.1,91.0,9.0,0.0,0.08
2023-12-15 17:00:00,112,4.0,2.5,94.0,10.0,0.0,0.06
2023-12-15 17:00:00,119,5.4,0.3,91.0,8.0,0.0,0.06
2023-12-15 17:00:00,133,7.4,1.7,93.0,10.0,0.0,0.02
2023-12-15 17:00:00,143,7.9,5.3,88.0,10.0,0.0,0.01
2023-12-15 17:00:00,146,8.3,4.3,91.0,10.0,0.0,0.03
2023-12-15 17:00:00,156,9.0,1.3,99.0,10.0,0.0,0.13
2023-12-15 17:00:00,159,10.5,2.7,90.0,10.0,0.0,0.0
2023-12-15 17:00:00,184,12.7,4.1,79.0,9.0,0.0,0.02
2023-12-15 18:00:00,105,2.9,2.4,94.0,9.0,0.0,0.0
2023-12-15 18:00:00,108,4.9,1.8,90.0,10.0,0.0,0.0
2023-12-15 18:00:00,112,3.8,3.5,93.0,10.0,0.0,0.01
2023-12-15 18:00:00,119,5.3,0.4,93.0,10.0,0.0,0.01
2023-12-15 18:00:00,133,7.4,3.2,90.0,10.0,0.0,0.0
2023-12-15 18:00:00,143,7.9,4.4,86.0,10.0,0.0,0.01
2023-12-15 18:00:00,146,8.0,3.1,88.0,10.0,0.0,0.01
2023-12-15 18:00:00,156,8.7,1.2,99.0,10.0,0.0,0.07
2023-12-15 18:00:00,159,10.0,3.0,89.0,10.0,0.0,0.0
2023-12-15 18:00:00,184,12.7,4.8,77.0,8.0,0.0,0.0
2023-12-15 19:00:00,105,2.8,2.4,94.0,9.0,,
2023-12-15 19:00:00,108,4.8,2.2,89.0,10.0,,
2023-12-15 19:00:00,112,3.5,2.9,92.0,10.0,,
2023-12-15 19:00:00,119,5.1,0.9,96.0,10.0,,
2023-12-15 19:00:00,133,7.0,2.9,90.0,9.0,,
2023-12-15 19:00:00,143,7.6,2.8,89.0,10.0,,
2023-12-15 19:00:00,146,8.1,3.4,87.0,8.0,,
2023-12-15 19:00:00,156,8.3,1.0,99.0,10.0,,
2023-12-15 19:00:00,159,9.6,2.3,88.0,10.0,,
2023-12-15 19:00:00,184,12.4,6.7,76.0,8.0,,
2023-12-15 20:00:00,105,2.8,1.3,94.0,10.0,,
2023-12-15 20:00:00,108,4.6,2.0,92.0,10.0,,
2023-12-15 20:00:00,112,3.3,2.5,91.0,10.0,,
2023-12-15 20:00:00,119,4.9,0.9,96.0,10.0,,
2023-12-15 20:00:00,133,6.7,2.7,91.0,10.0,,
2023-12-15 20:00:00,143,7.3,2.6,89.0,10.0,,
2023-12-15 20:00:00,146,7.5,4.0,90.0,10.0,,
2023-12-15 20:00:00,156,8.0,1.4,99.0,10.0,,
2023-12-15 20:00:00,159,9.3,2.7,88.0,10.0,,
2023-12-15 20:00:00,184,11.7,7.0,79.0,10.0,,
2023-12-15 21:00:00,105,2.8,1.3,97.0,10.0,,
2023-12-15 21:00:00,108,4.4,1.4,92.0,10.0,,
2023-12-15 21:00:00,112,3.3,1.0,91.0,10.0,,
2023-12-15 21:00:00,119,4.7,0.5,97.0,10.0,,
2023-12-15 21:00:00,133,6.5,2.0,86.0,10.0,,
2023-12-15 21:00:00,143,6.9,2.8,90.0,10.0,,
2023-12-15 21:00:00,146,7.6,3.0,87.0,10.0,,
2023-12-15 21:00:00,156,7.7,1.2,99.0,10.0,,
2023-12-15 21:00:00,159,9.0,2.0,88.0,10.0,,
2023-12-15 21:00:00,184,11.2,6.0,82.0,10.0,,
2023-12-15 22:00:00,105,2.7,1.9,98.0,10.0,,
2023-12-15 22:00:00,108,4.2,1.1,93.0,10.0,,
2023-12-15 22:00:00,112,3.3,1.3,91.0,10.0,,
2023-12-15 22:00:00,119,4.7,1.8,95.0,10.0,,
2023-12-15 22:00:00,133,6.1,0.3,91.0,10.0,,
2023-12-15 22:00:00,143,6.3,2.5,94.0,10.0,,
2023-12-15 22:00:00,146,7.1,2.6,92.0,10.0,,
2023-12-15 22:00:00,156,7.7,1.0,99.0,10.0,,
2023-12-15 22:00:00,159,9.0,2.2,89.0,10.0,,
2023-12-15 22:00:00,184,11.2,6.0,75.0,9.0,,
2023-12-15 23:00:00,105,2.6,1.4,97.0,9.0,,
2023-12-15 23:00:00,108,4.1,2.8,97.0,10.0,,
2023-12-15 23:00:00,112,3.3,0.5,94.0,10.0,,
2023-12-15 23:00:00,119,4.5,2.0,94.0,10.0,,
2023-12-15 23:00:00,133,6.3,1.7,86.0,10.0,,
2023-12-15 23:00:00,143,6.1,2.9,96.0,10.0,,
2023-12-15 23:00:00,146,6.7,3.9,94.0,10.0,,
2023-12-15 23:00:00,156,7.4,1.4,99.0,10.0,,
2023-12-15 23:00:00,159,8.6,2.0,90.0,10.0,,
2023-12-15 23:00:00,184,10.7,6.6,75.0,9.0,,
2023-12-16 00:00:00,105,2.9,2.2,95.0,1.0,,
2023-12-16 00:00:00,108,3.7,2.2,95.0,10.0,,
2023-12-16 00:00:00,112,3.5,3.1,95.0,10.0,,
2023-12-16 00:00:00,119,4.1,1.7,97.0,10.0,,
2023-12-16 00:00:00,133,5.7,2.1,94.0,10.0,,
2023-12-16 00:00:00,143,6.1,1.1,97.0,10.0,,
2023-12-16 00:00:00,146,6.0,4.1,94.0,10.0,,
2023-12-16 00:00:00,156,6.8,1.9,99.0,10.0,,
2023-12-16 00:00:00,159,8.5,2.2,90.0,10.0,,
2023-12-16 00:00:00,184,10.1,6.9,79.0,10.0,,
2023-12-16 01:00:00,105,2.9,1.5,95.0,10.0,,
2023-12-16 01:00:00,108,3.7,2.0,95.0,10.0,,
2023-12-16 01:00:00,112,2.4,7.5,94.0,10.0,,
2023-12-16 01:00:00,119,4.3,3.4,94.0,10.0,,
2023-12-16 01:00:00,133,5.2,3.1,87.0,10.0,,
2023-12-16 01:00:00,143,6.2,1.1,98.0,10.0,,
2023-12-16 01:00:00,146,5.6,3.3,91.0,10.0,,
2023-12-16 01:00:00,156,6.4,1.9,99.0,10.0,,
2023-12-16 01:00:00,159,8.5,1.4,91.0,10.0,,
2023-12-16 01:00:00,184,9.5,6.4,79.0,10.0,,
2023-12-16 02:00:00,105,2.8,1.1,95.0,10.0,,
2023-12-16 02:00:00,108,2.1,8.1,95.0,10.0,,
2023-12-16 02:00:00,112,1.7,6.2,92.0,10.0,,
2023-12-16 02:00:00,119,3.0,5.7,92.0,10.0,,
2023-12-16 02:00:00,133,4.9,2.0,87.0,10.0,,
2023-12-16 02:00:00,143,6.1,0.5,98.0,10.0,,
2023-12-16 02:00:00,146,5.1,5.2,93.0,10.0,,
2023-12-16 02:00:00,156,5.7,1.4,99.0,10.0,,
2023-12-16 02:00:00,159,8.6,2.0,91.0,10.0,,
2023-12-16 02:00:00,184,9.0,6.4,78.0,10.0,,
2023-12-16 03:00:00,105,3.1,1.1,95.0,10.0,,
2023-12-16 03:00:00,108,1.3,4.0,96.0,10.0,,
2023-12-16 03:00:00,112,1.1,7.1,90.0,10.0,,
2023-12-16 03:00:00,119,2.4,3.6,90.0,10.0,,
2023-12-16 03:00:00,133,4.0,3.4,88.0,10.0,,
2023-12-16 03:00:00,143,6.1,0.2,97.0,10.0,,
2023-12-16 03:00:00,146,4.5,6.2,93.0,10.0,,
2023-12-16 03:00:00,156,4.8,2.0,99.0,10.0,,
2023-12-16 03:00:00,159,8.5,1.9,87.0,10.0,,
2023-12-16 03:00:00,184,8.6,8.6,76.0,10.0,,
2023-12-16 04:00:00,105,3.1,0.6,96.0,10.0,,
2023-12-16 04:00:00,108,0.6,6.2,94.0,10.0,,
2023-12-16 04:00:00,112,0.7,5.1,87.0,10.0,,
2023-12-16 04:00:00,119,1.2,3.4,94.0,10.0,,
2023-12-16 04:00:00,133,3.4,3.2,86.0,10.0,,
2023-12-16 04:00:00,143,6.9,3.4,97.0,10.0,,
2023-12-16 04:00:00,146,3.8,4.7,84.0,10.0,,
2023-12-16 04:00:00,156,4.3,1.7,97.0,10.0,,
2023-12-16 04:00:00,159,8.3,4.1,82.0,9.0,,
2023-12-16 04:00:00,184,7.6,7.7,79.0,10.0,,
2023-12-16 05:00:00,105,3.2,1.3,96.0,9.0,,
2023-12-16 05:00:00,108,-0.1,4.5,92.0,10.0,,
2023-12-16 05:00:00,112,-0.1,4.3,85.0,10.0,,
2023-12-16 05:00:00,119,1.0,5.0,90.0,10.0,,
2023-12-16 05:00:00,133,2.2,2.7,89.0,10.0,,
2023-12-16 05:00:00,143,7.5,2.5,79.0,10.0,,
2023-12-16 05:00:00,146,2.7,4.6,89.0,10.0,,
2023-12-16 05:00:00,156,3.8,2.2,93.0,10.0,,
2023-12-16 05:00:00,159,8.1,5.8,79.0,9.0,,
2023-12-16 05:00:00,184,7.7,7.4,71.0,10.0,,
2023-12-16 06:00:00,105,5.6,1.2,69.0,10.0,,
2023-12-16 06:00:00,108,-0.5,3.6,89.0,10.0,,
2023-12-16 06:00:00,112,-0.3,3.8,86.0,10.0,,
2023-12-16 06:00:00,119,0.4,4.2,90.0,10.0,,
2023-12-16 06:00:00,133,1.6,2.1,87.0,10.0,,
2023-12-16 06:00:00,143,7.2,1.8,73.0,10.0,,
2023-12-16 06:00:00,146,1.5,3.4,94.0,10.0,,
2023-12-16 06:00:00,156,2.5,1.4,99.0,10.0,,
2023-12-16 06:00:00,159,7.9,4.2,67.0,10.0,,
2023-12-16 06:00:00,184,6.9,6.6,78.0,10.0,,
2023-12-16 07:00:00,105,4.6,0.9,67.0,8.0,,
2023-12-16 07:00:00,108,-1.3,5.2,87.0,10.0,,
2023-12-16 07:00:00,112,-1.4,5.1,88.0,10.0,,
2023-12-16 07:00:00,119,-0.1,4.4,88.0,10.0,,
2023-12-16 07:00:00,133,1.0,3.2,81.0,10.0,,
2023-12-16 07:00:00,143,6.6,4.4,70.0,10.0,,
2023-12-16 07:00:00,146,1.8,4.1,88.0,10.0,,
2023-12-16 07:00:00,156,2.4,1.1,99.0,10.0,,
2023-12-16 07:00:00,159,7.6,6.4,70.0,10.0,,
2023-12-16 07:00:00,184,6.5,9.0,80.0,10.0,,
2023-12-16 08:00:00,105,4.4,5.1,61.0,5.0,0.0,0.0
2023-12-16 08:00:00,108,-1.9,5.8,79.0,8.0,0.0,0.0
2023-12-16 08:00:00,112,-1.9,5.8,80.0,10.0,0.0,0.0
2023-12-16 08:00:00,119,-1.3,3.6,96.0,10.0,0.0,0.0
2023-12-16 08:00:00,133,0.6,2.5,79.0,10.0,0.0,0.0
2023-12-16 08:00:00,143,5.8,4.7,63.0,10.0,0.0,0.0
2023-12-16 08:00:00,146,1.1,4.8,88.0,10.0,0.0,0.01
2023-12-16 08:00:00,156,2.3,1.7,98.0,10.0,0.0,0.07
2023-12-16 08:00:00,159,6.6,7.2,79.0,10.0,0.0,0.0
2023-12-16 08:00:00,184,6.7,7.6,77.0,10.0,0.0,0.0
2023-12-16 09:00:00,105,3.9,2.6,63.0,5.0,0.0,0.21
2023-12-16 09:00:00,108,-2.2,4.2,82.0,8.0,0.1,0.18
2023-12-16 09:00:00,112,-2.1,6.4,72.0,9.0,0.0,0.08
2023-12-16 09:00:00,119,-2.0,3.8,94.0,10.0,0.0,0.03
2023-12-16 09:00:00,133,-0.4,3.3,86.0,10.0,0.0,0.03
2023-12-16 09:00:00,143,5.1,6.1,60.0,10.0,0.0,0.08
2023-12-16 09:00:00,146,0.9,4.2,89.0,10.0,0.0,0.05
2023-12-16 09:00:00,156,1.3,2.3,99.0,10.0,0.0,0.13
2023-12-16 09:00:00,159,6.0,5.8,65.0,10.0,0.0,0.21
2023-12-16 09:00:00,184,6.7,9.4,69.0,10.0,0.0,0.0
2023-12-16 10:00:00,105,3.7,2.4,58.0,5.0,0.3,0.63
2023-12-16 10:00:00,108,-2.6,4.8,78.0,9.0,0.3,0.47
2023-12-16 10:00:00,112,-2.7,7.4,79.0,9.0,0.0,0.18
2023-12-16 10:00:00,119,-2.4,3.9,88.0,10.0,0.0,0.2
2023-12-16 10:00:00,133,-0.6,3.5,83.0,10.0,0.0,0.18
2023-12-16 10:00:00,143,4.7,6.8,53.0,10.0,0.0,0.28
2023-12-16 10:00:00,146,-0.1,4.2,93.0,10.0,0.0,0.24
2023-12-16 10:00:00,156,0.8,2.5,99.0,10.0,0.1,0.45
2023-12-16 10:00:00,159,5.8,7.5,56.0,10.0,0.0,0.4
2023-12-16 10:00:00,184,6.7,9.0,65.0,10.0,0.0,0.07
2023-12-16 11:00:00,105,3.9,3.8,49.0,6.0,0.8,1.44
2023-12-16 11:00:00,108,-2.5,6.6,63.0,6.0,0.6,1.12
2023-12-16 11:00:00,112,-3.5,7.0,69.0,8.0,0.0,0.54
2023-12-16 11:00:00,119,-2.8,6.3,84.0,10.0,0.0,0.47
2023-12-16 11:00:00,133,-0.5,5.2,73.0,10.0,0.0,0.43
2023-12-16 11:00:00,143,4.4,8.4,46.0,10.0,0.0,0.45
2023-12-16 11:00:00,146,0.4,4.5,88.0,10.0,0.0,0.38
2023-12-16 11:00:00,156,0.9,2.2,98.0,10.0,0.3,0.73
2023-12-16 11:00:00,159,5.4,8.6,50.0,10.0,0.0,0.67
2023-12-16 11:00:00,184,6.3,10.8,62.0,10.0,0.0,0.19
2023-12-16 12:00:00,105,2.1,5.6,56.0,7.0,1.0,1.93
2023-12-16 12:00:00,108,-2.7,7.6,57.0,5.0,0.9,1.78
2023-12-16 12:00:00,112,-3.8,6.1,72.0,8.0,0.4,0.99
2023-12-16 12:00:00,119,-3.0,5.9,78.0,8.0,0.0,0.69
2023-12-16 12:00:00,133,-1.0,4.5,66.0,10.0,0.1,0.65
2023-12-16 12:00:00,143,4.0,8.6,44.0,9.0,0.0,0.6
2023-12-16 12:00:00,146,-0.4,6.6,86.0,10.0,0.2,0.78
2023-12-16 12:00:00,156,0.9,1.4,99.0,10.0,0.0,0.57
2023-12-16 12:00:00,159,5.2,6.1,43.0,9.0,0.0,0.78
2023-12-16 12:00:00,184,6.6,8.3,63.0,10.0,0.0,0.27
2023-12-16 13:00:00,105,1.9,4.6,42.0,4.0,1.0,2.17
2023-12-16 13:00:00,108,-3.5,6.8,56.0,7.0,0.2,0.75
2023-12-16 13:00:00,112,-3.5,6.1,63.0,7.0,0.2,0.86
2023-12-16 13:00:00,119,-3.0,6.1,71.0,7.0,0.1,0.87
2023-12-16 13:00:00,133,-0.5,5.5,56.0,6.0,0.4,1.14
2023-12-16 13:00:00,143,3.7,9.7,44.0,9.0,0.2,0.96
2023-12-16 13:00:00,146,-0.5,5.2,80.0,10.0,0.2,0.84
2023-12-16 13:00:00,156,0.2,1.5,99.0,10.0,0.0,0.57
2023-12-16 13:00:00,159,4.7,8.4,43.0,9.0,0.0,0.82
2023-12-16 13:00:00,184,6.4,10.0,65.0,10.0,0.0,0.24
2023-12-16 14:00:00,105,1.1,2.8,45.0,6.0,1.0,1.87
2023-12-16 14:00:00,108,-2.5,8.0,51.0,7.0,0.8,1.86
2023-12-16 14:00:00,112,-3.9,10.4,62.0,7.0,0.4,1.28
2023-12-16 14:00:00,119,-3.1,6.1,60.0,7.0,0.3,1.02
2023-12-16 14:00:00,133,-1.3,6.3,55.0,6.0,0.6,1.14
2023-12-16 14:00:00,143,2.8,7.0,59.0,9.0,0.8,1.35
2023-12-16 14:00:00,146,-0.1,4.1,74.0,10.0,0.0,0.72
2023-12-16 14:00:00,156,0.1,1.5,99.0,10.0,0.0,0.45
2023-12-16 14:00:00,159,4.5,9.9,38.0,9.0,0.0,0.91
2023-12-16 14:00:00,184,5.7,9.9,72.0,10.0,0.0,0.25
2023-12-16 15:00:00,105,0.3,3.5,46.0,6.0,0.9,1.11
2023-12-16 15:00:00,108,-3.4,6.5,49.0,8.0,0.7,1.39
2023-12-16 15:00:00,112,-4.3,9.5,64.0,8.0,0.3,0.78
2023-12-16 15:00:00,119,-3.4,6.3,60.0,10.0,0.0,0.35
2023-12-16 15:00:00,133,-2.2,6.9,58.0,8.0,0.4,0.76
2023-12-16 15:00:00,143,2.6,8.1,43.0,7.0,0.5,0.92
2023-12-16 15:00:00,146,-1.1,2.8,79.0,10.0,0.0,0.49
2023-12-16 15:00:00,156,-0.9,1.9,99.0,10.0,0.0,0.28
2023-12-16 15:00:00,159,4.1,7.8,34.0,5.0,0.2,0.82
2023-12-16 15:00:00,184,5.5,10.2,68.0,9.0,0.0,0.15
2023-12-16 16:00:00,105,-1.5,5.9,39.0,4.0,0.9,0.66
2023-12-16 16:00:00,108,-4.2,6.0,51.0,5.0,0.5,0.64
2023-12-16 16:00:00,112,-4.9,7.8,57.0,5.0,0.2,0.52
2023-12-16 16:00:00,119,-4.0,5.4,59.0,8.0,0.0,0.29
2023-12-16 16:00:00,133,-2.6,4.8,65.0,8.0,0.3,0.51
2023-12-16 16:00:00,143,0.7,10.3,43.0,7.0,0.6,0.75
2023-12-16 16:00:00,146,-1.7,3.1,84.0,10.0,0.0,0.21
2023-12-16 16:00:00,156,-0.8,1.9,99.0,10.0,0.0,0.3
2023-12-16 16:00:00,159,3.3,4.7,38.0,3.0,0.8,0.85
2023-12-16 16:00:00,184,5.5,8.1,56.0,8.0,0.0,0.03
2023-12-16 17:00:00,105,-2.4,7.0,42.0,3.0,0.0,0.1
2023-12-16 17:00:00,108,-5.2,5.5,51.0,4.0,0.5,0.29
2023-12-16 17:00:00,112,-5.5,6.7,65.0,6.0,0.1,0.21
2023-12-16 17:00:00,119,-4.6,6.1,59.0,4.0,0.0,0.12
2023-12-16 17:00:00,133,-3.3,4.9,73.0,10.0,0.0,0.15
2023-12-16 17:00:00,143,0.3,5.6,45.0,6.0,0.7,0.34
2023-12-16 17:00:00,146,-2.0,3.0,91.0,10.0,0.0,0.07
2023-12-16 17:00:00,156,-1.0,1.0,99.0,10.0,0.0,0.12
2023-12-16 17:00:00,159,1.8,3.4,41.0,6.0,0.3,0.29
2023-12-16 17:00:00,184,4.7,9.5,62.0,10.0,0.0,0.02
2023-12-16 18:00:00,105,-3.3,4.5,51.0,3.0,0.0,0.01
2023-12-16 18:00:00,108,-6.4,6.0,63.0,4.0,0.0,0.01
2023-12-16 18:00:00,112,-6.1,7.3,64.0,4.0,0.0,0.01
2023-12-16 18:00:00,119,-5.5,7.0,58.0,2.0,0.0,0.0
2023-12-16 18:00:00,133,-3.9,7.8,62.0,4.0,0.0,0.01
2023-12-16 18:00:00,143,-0.5,6.8,53.0,7.0,0.0,0.0
2023-12-16 18:00:00,146,-2.6,4.0,93.0,10.0,0.0,0.0
2023-12-16 18:00:00,156,-1.4,1.1,99.0,10.0,0.0,0.06
2023-12-16 18:00:00,159,0.8,4.8,41.0,3.0,0.0,0.01
2023-12-16 18:00:00,184,4.5,10.7,65.0,10.0,0.0,0.0
2023-12-16 19:00:00,105,-3.7,4.5,43.0,3.0,,
2023-12-16 19:00:00,108,-7.2,5.3,70.0,6.0,,
2023-12-16 19:00:00,112,-6.7,7.5,59.0,5.0,,
2023-12-16 19:00:00,119,-6.2,4.8,59.0,1.0,,
2023-12-16 19:00:00,133,-4.1,5.0,61.0,4.0,,
2023-12-16 19:00:00,143,-1.5,8.6,55.0,4.0,,
2023-12-16 19:00:00,146,-2.6,4.2,81.0,10.0,,
2023-12-16 19:00:00,156,-1.5,0.9,99.0,10.0,,
2023-12-16 19:00:00,159,0.5,6.4,40.0,4.0,,
2023-12-16 19:00:00,184,4.2,8.7,63.0,10.0,,
2023-12-16 20:00:00,105,-4.5,3.4,39.0,3.0,,
2023-12-16 20:00:00,108,-7.8,4.1,62.0,2.0,,
2023-12-16 20:00:00,112,-7.3,5.8,63.0,5.0,,
2023-12-16 20:00:00,119,-6.5,5.0,58.0,2.0,,
2023-12-16 20:00:00,133,-4.8,3.1,74.0,5.0,,
2023-12-16 20:00:00,143,-1.6,6.9,52.0,8.0,,
2023-12-16 20:00:00,146,-3.5,2.9,88.0,10.0,,
2023-12-16 20:00:00,156,-2.0,1.3,99.0,10.0,,
2023-12-16 20:00:00,159,0.1,7.0,38.0,5.0,,
2023-12-16 20:00:00,184,3.8,9.7,64.0,10.0,,
2023-12-16 21:00:00,105,-5.2,5.3,40.0,0.0,,
2023-12-16 21:00:00,108,-8.7,2.9,61.0,0.0,,
2023-12-16 21:00:00,112,-8.2,3.7,66.0,2.0,,
2023-12-16 21:00:00,119,-7.3,4.0,62.0,3.0,,
2023-12-16 21:00:00,133,-5.0,3.9,78.0,4.0,,
2023-12-16 21:00:00,143,-2.1,6.4,46.0,4.0,,
2023-12-16 21:00:00,146,-3.6,2.2,91.0,10.0,,
2023-12-16 21:00:00,156,-2.0,0.9,98.0,10.0,,
2023-12-16 21:00:00,159,-0.5,5.3,44.0,1.0,,
2023-12-16 21:00:00,184,3.6,9.9,72.0,10.0,,
2023-12-16 22:00:00,105,-5.9,5.3,41.0,0.0,,
2023-12-16 22:00:00,108,-9.2,5.0,61.0,1.0,,
2023-12-16 22:00:00,112,-8.8,4.4,67.0,2.0,,
2023-12-16 22:00:00,119,-8.0,4.3,60.0,0.0,,
2023-12-16 22:00:00,133,-5.6,4.4,78.0,10.0,,
2023-12-16 22:00:00,143,-2.2,6.3,47.0,0.0,,
2023-12-16 22:00:00,146,-4.0,3.4,86.0,10.0,,
2023-12-16 22:00:00,156,-2.8,1.3,97.0,10.0,,
2023-12-16 22:00:00,159,-1.3,4.0,49.0,2.0,,
2023-12-16 22:00:00,184,3.0,10.1,63.0,6.0,,
2023-12-16 23:00:00,105,-6.5,4.6,40.0,0.0,,
2023-12-16 23:00:00,108,-9.4,3.3,62.0,0.0,,
2023-12-16 23:00:00,112,-9.2,6.6,62.0,2.0,,
2023-12-16 23:00:00,119,-8.6,4.2,59.0,3.0,,
2023-12-16 23:00:00,133,-6.8,3.3,81.0,10.0,,
2023-12-16 23:00:00,143,-2.8,6.0,49.0,7.0,,
2023-12-16 23:00:00,146,-3.8,3.3,81.0,10.0,,
2023-12-16 23:00:00,156,-2.8,0.5,99.0,10.0,,
2023-12-16 23:00:00,159,-1.5,6.6,43.0,0.0,,
2023-12-16 23:00:00,184,3.5,10.6,61.0,3.0,,
2023-12-17 00:00:00,105,-6.8,4.8,41.0,0.0,,
2023-12-17 00:00:00,108,-9.9,5.2,54.0,0.0,,
2023-12-17 00:00:00,112,-9.9,7.7,60.0,0.0,,
2023-12-17 00:00:00,119,,5.3,56.0,0.0,,
2023-12-17 00:00:00,133,-7.2,3.7,81.0,10.0,,
2023-12-17 00:00:00,143,-3.0,5.9,56.0,6.0,,
2023-12-17 00:00:00,146,-4.5,2.1,92.0,10.0,,
2023-12-17 00:00:00,156,-2.6,1.0,98.0,10.0,,
2023-12-17 00:00:00,159,-1.8,5.6,41.0,0.0,,
2023-12-17 00:00:00,184,3.6,9.0,61.0,7.0,,
2023-12-17 01:00:00,105,-7.3,5.6,43.0,1.0,,
2023-12-17 01:00:00,108,-10.4,4.8,56.0,0.0,,
2023-12-17 01:00:00,112,-10.2,5.2,60.0,0.0,,
2023-12-17 01:00:00,119,-9.5,3.9,58.0,0.0,,
2023-12-17 01:00:00,133,-8.0,2.9,78.0,4.0,,
2023-12-17 01:00:00,143,-4.1,5.0,57.0,3.0,,
2023-12-17 01:00:00,146,-5.1,3.2,91.0,10.0,,
2023-12-17 01:00:00,156,-2.8,0.7,92.0,10.0,,
2023-12-17 01:00:00,159,-2.0,4.1,40.0,0.0,,
2023-12-17 01:00:00,184,3.4,9.0,67.0,10.0,,
2023-12-17 02:00:00,105,-7.6,5.4,42.0,2.0,,
2023-12-17 02:00:00,108,-10.8,3.7,59.0,0.0,,
2023-12-17 02:00:00,112,-10.6,5.0,59.0,0.0,,
2023-12-17 02:00:00,119,-9.9,4.1,53.0,0.0,,
2023-12-17 02:00:00,133,-8.5,3.2,73.0,2.0,,
2023-12-17 02:00:00,143,-4.7,5.8,54.0,3.0,,
2023-12-17 02:00:00,146,-5.4,2.3,87.0,10.0,,
2023-12-17 02:00:00,156,-3.2,1.7,94.0,10.0,,
2023-12-17 02:00:00,159,-2.1,6.4,39.0,6.0,,
2023-12-17 02:00:00,184,2.5,7.1,77.0,9.0,,
2023-12-17 03:00:00,105,-8.1,4.4,43.0,1.0,,
2023-12-17 03:00:00,108,-10.9,3.4,55.0,0.0,,
2023-12-17 03:00:00,112,-10.9,7.8,56.0,0.0,,
2023-12-17 03:00:00,119,-10.3,3.2,53.0,0.0,,
2023-12-17 03:00:00,133,-9.4,2.5,74.0,4.0,,
2023-12-17 03:00:00,143,-5.2,5.4,55.0,1.0,,
2023-12-17 03:00:00,146,-6.0,3.5,80.0,9.0,,
2023-12-17 03:00:00,156,-2.8,0.9,76.0,8.0,,
2023-12-17 03:00:00,159,-2.4,4.3,44.0,7.0,,
2023-12-17 03:00:00,184,2.9,9.4,66.0,6.0,,
2023-12-17 04:00:00,105,-8.4,4.4,42.0,2.0,,
2023-12-17 04:00:00,108,-11.3,2.5,58.0,0.0,,
2023-12-17 04:00:00,112,-11.1,3.4,61.0,0.0,,
2023-12-17 04:00:00,119,-10.6,2.7,56.0,0.0,,
2023-12-17 04:00:00,133,-9.9,2.6,71.0,0.0,,
2023-12-17 04:00:00,143,-5.9,6.0,54.0,1.0,,
2023-12-17 04:00:00,146,-6.7,3.0,82.0,1.0,,
2023-12-17 04:00:00,156,-2.9,2.8,81.0,9.0,,
2023-12-17 04:00:00,159,-2.8,4.2,42.0,5.0,,
2023-12-17 04:00:00,184,3.3,8.9,57.0,7.0,,
2023-12-17 05:00:00,105,-8.6,4.7,41.0,2.0,,
2023-12-17 05:00:00,108,-11.5,3.2,54.0,0.0,,
2023-12-17 05:00:00,112,-11.2,3.7,59.0,0.0,,
2023-12-17 05:00:00,119,-10.8,3.1,60.0,0.0,,
2023-12-17 05:00:00,133,-10.5,2.4,64.0,0.0,,
2023-12-17 05:00:00,143,-6.6,5.7,51.0,0.0,,
2023-12-17 05:00:00,146,-7.3,3.9,71.0,1.0,,
2023-12-17 05:00:00,156,-4.2,1.9,82.0,8.0,,
2023-12-17 05:00:00,159,-3.6,3.2,47.0,0.0,,
2023-12-17 05:00:00,184,3.6,8.1,54.0,7.0,,
2023-12-17 06:00:00,105,-8.9,4.8,40.0,1.0,,
2023-12-17 06:00:00,108,-11.7,3.7,53.0,0.0,,
2023-12-17 06:00:00,112,-11.4,5.7,56.0,0.0,,
2023-12-17 06:00:00,119,-11.1,2.7,59.0,0.0,,
2023-12-17 06:00:00,133,-11.0,2.3,66.0,0.0,,
2023-12-17 06:00:00,143,-6.9,6.2,46.0,0.0,,
2023-12-17 06:00:00,146,-7.9,2.2,71.0,0.0,,
2023-12-17 06:00:00,156,-4.9,2.1,87.0,9.0,,
2023-12-17 06:00:00,159,-3.9,4.9,48.0,0.0,,
2023-12-17 06:00:00,184,3.5,6.8,49.0,6.0,,
2023-12-17 07:00:00,105,-9.3,5.0,39.0,1.0,,
2023-12-17 07:00:00,108,-12.0,3.3,51.0,0.0,,
2023-12-17 07:00:00,112,-11.8,3.5,56.0,0.0,,
2023-12-17 07:00:00,119,-11.2,2.8,58.0,0.0,,
2023-12-17 07:00:00,133,-11.7,0.8,76.0,0.0,,
2023-12-17 07:00:00,143,-7.1,6.1,46.0,0.0,,
2023-12-17 07:00:00,146,-8.1,1.2,70.0,0.0,,
2023-12-17 07:00:00,156,-5.6,1.8,95.0,9.0,,
2023-12-17 07:00:00,159,-4.7,2.7,48.0,1.0,,
2023-12-17 07:00:00,184,3.5,7.9,68.0,8.0,,
2023-12-17 08:00:00,105,-9.2,4.6,37.0,2.0,0.1,0.02
2023-12-17 08:00:00,108,-12.4,3.6,52.0,0.0,0.1,0.01
2023-12-17 08:00:00,112,-12.1,4.0,55.0,0.0,0.0,0.01
2023-12-17 08:00:00,119,-11.1,4.4,49.0,0.0,0.1,0.01
2023-12-17 08:00:00,133,-11.6,1.5,70.0,0.0,0.2,0.02
2023-12-17 08:00:00,143,-7.1,5.0,47.0,0.0,0.2,0.03
2023-12-17 08:00:00,146,-8.0,1.0,69.0,1.0,0.0,0.02
2023-12-17 08:00:00,156,-5.9,1.9,93.0,7.0,0.0,0.07
2023-12-17 08:00:00,159,-5.0,4.3,47.0,1.0,0.3,0.04
2023-12-17 08:00:00,184,3.6,6.1,55.0,9.0,0.0,0.0
2023-12-17 09:00:00,105,-8.0,3.5,33.0,1.0,1.0,0.41
2023-12-17 09:00:00,108,-12.1,2.5,55.0,0.0,1.0,0.4
2023-12-17 09:00:00,112,-11.5,4.0,53.0,0.0,0.7,0.29
2023-12-17 09:00:00,119,-10.5,3.8,45.0,0.0,1.0,0.37
2023-12-17 09:00:00,133,-9.3,2.5,56.0,0.0,1.0,0.42
2023-12-17 09:00:00,143,-6.5,4.6,46.0,0.0,1.0,0.43
2023-12-17 09:00:00,146,-7.5,2.1,64.0,1.0,0.7,0.32
2023-12-17 09:00:00,156,-5.6,2.0,91.0,7.0,0.2,0.15
2023-12-17 09:00:00,159,-4.0,2.2,44.0,0.0,1.0,0.55
2023-12-17 09:00:00,184,3.0,6.2,66.0,8.0,0.0,0.0
2023-12-17 10:00:00,105,-6.7,2.5,31.0,1.0,1.0,1.0
2023-12-17 10:00:00,108,-10.8,3.0,50.0,0.0,1.0,1.0
2023-12-17 10:00:00,112,-10.5,4.2,55.0,0.0,1.0,0.94
2023-12-17 10:00:00,119,-9.9,4.3,44.0,0.0,1.0,0.97
2023-12-17 10:00:00,133,-8.4,2.6,50.0,0.0,1.0,1.04
2023-12-17 10:00:00,143,-5.3,3.7,44.0,0.0,1.0,1.07
2023-12-17 10:00:00,146,-7.0,2.3,63.0,0.0,1.0,0.96
2023-12-17 10:00:00,156,-4.5,2.9,81.0,6.0,0.9,0.39
2023-12-17 10:00:00,159,-3.6,3.3,40.0,0.0,1.0,1.21
2023-12-17 10:00:00,184,2.4,7.9,84.0,9.0,0.0,0.13
2023-12-17 11:00:00,105,-5.4,3.0,30.0,1.0,1.0,1.48
2023-12-17 11:00:00,108,-9.7,4.1,48.0,0.0,1.0,1.57
2023-12-17 11:00:00,112,-9.6,4.5,56.0,0.0,1.0,1.45
2023-12-17 11:00:00,119,-8.6,3.3,45.0,0.0,1.0,1.48
2023-12-17 11:00:00,133,-7.4,4.1,51.0,0.0,1.0,1.55
2023-12-17 11:00:00,143,-4.5,6.1,41.0,1.0,1.0,1.58
2023-12-17 11:00:00,146,-5.9,2.7,59.0,0.0,1.0,1.5
2023-12-17 11:00:00,156,-4.1,3.1,81.0,5.0,0.7,0.45
2023-12-17 11:00:00,159,-1.4,3.1,36.0,0.0,1.0,1.74
2023-12-17 11:00:00,184,2.8,7.0,76.0,9.0,0.0,0.24
2023-12-17 12:00:00,105,-4.2,3.4,28.0,0.0,1.0,1.78
2023-12-17 12:00:00,108,-8.5,3.1,50.0,0.0,1.0,1.89
2023-12-17 12:00:00,112,-8.5,4.3,53.0,0.0,1.0,1.78
2023-12-17 12:00:00,119,-7.7,3.2,47.0,0.0,1.0,1.81
2023-12-17 12:00:00,133,-6.9,3.4,50.0,0.0,1.0,1.88
2023-12-17 12:00:00,143,-3.7,6.7,39.0,0.0,1.0,1.91
2023-12-17 12:00:00,146,-5.5,4.4,58.0,0.0,1.0,1.82
2023-12-17 12:00:00,156,-3.4,3.0,74.0,7.0,0.7,0.46
2023-12-17 12:00:00,159,-1.4,3.0,35.0,0.0,1.0,2.05
2023-12-17 12:00:00,184,2.8,6.7,79.0,8.0,0.0,0.22
2023-12-17 13:00:00,105,-3.8,4.2,30.0,0.0,1.0,1.87
2023-12-17 13:00:00,108,-7.4,3.6,45.0,0.0,1.0,2.01
2023-12-17 13:00:00,112,-7.7,5.3,48.0,0.0,1.0,1.88
2023-12-17 13:00:00,119,-6.6,3.9,46.0,0.0,1.0,1.91
2023-12-17 13:00:00,133,-6.5,2.9,51.0,0.0,1.0,1.96
2023-12-17 13:00:00,143,-2.8,5.9,37.0,0.0,1.0,1.99
2023-12-17 13:00:00,146,-4.9,4.1,57.0,0.0,1.0,1.97
2023-12-17 13:00:00,156,-3.1,3.0,73.0,5.0,0.6,0.46
2023-12-17 13:00:00,159,-0.4,4.4,31.0,0.0,1.0,2.15
2023-12-17 13:00:00,184,2.9,5.1,80.0,9.0,0.0,0.49
2023-12-17 14:00:00,105,-3.7,5.1,30.0,0.0,1.0,1.72
2023-12-17 14:00:00,108,-6.9,3.7,42.0,0.0,1.0,1.91
2023-12-17 14:00:00,112,-7.3,4.7,49.0,1.0,1.0,1.79
2023-12-17 14:00:00,119,-6.5,4.2,42.0,0.0,1.0,1.77
2023-12-17 14:00:00,133,-5.2,2.1,50.0,0.0,1.0,1.84
2023-12-17 14:00:00,143,-2.3,5.7,34.0,0.0,1.0,1.85
2023-12-17 14:00:00,146,-4.3,3.7,58.0,0.0,1.0,1.87
2023-12-17 14:00:00,156,-2.3,2.6,66.0,6.0,0.9,0.57
2023-12-17 14:00:00,159,0.5,3.2,27.0,0.0,1.0,1.94
2023-12-17 14:00:00,184,1.6,7.3,84.0,10.0,0.0,0.1
2023-12-17 15:00:00,105,-3.2,4.4,31.0,0.0,1.0,1.38
2023-12-17 15:00:00,108,-6.6,3.7,39.0,0.0,1.0,1.58
2023-12-17 15:00:00,112,-6.9,3.9,49.0,0.0,1.0,1.46
2023-12-17 15:00:00,119,-6.0,3.5,42.0,0.0,1.0,1.44
2023-12-17 15:00:00,133,-4.8,2.5,45.0,1.0,1.0,1.52
2023-12-17 15:00:00,143,-2.0,4.0,33.0,0.0,1.0,1.51
2023-12-17 15:00:00,146,-4.4,3.9,54.0,0.0,1.0,1.54
2023-12-17 15:00:00,156,-2.0,2.6,63.0,4.0,1.0,0.6
2023-12-17 15:00:00,159,0.2,3.6,30.0,0.0,1.0,1.59
2023-12-17 15:00:00,184,2.2,7.8,76.0,10.0,0.0,0.08
2023-12-17 16:00:00,105,-3.4,3.9,31.0,2.0,1.0,0.87
2023-12-17 16:00:00,108,-6.7,4.3,38.0,0.0,1.0,1.01
2023-12-17 16:00:00,112,-7.2,6.3,48.0,0.0,1.0,0.96
2023-12-17 16:00:00,119,-6.0,4.1,43.0,0.0,1.0,0.93
2023-12-17 16:00:00,133,-5.4,3.6,45.0,2.0,1.0,0.95
2023-12-17 16:00:00,143,-2.7,4.0,33.0,0.0,1.0,0.97
2023-12-17 16:00:00,146,-4.3,3.1,55.0,0.0,1.0,1.05
2023-12-17 16:00:00,156,-2.6,2.0,61.0,3.0,1.0,0.59
2023-12-17 16:00:00,159,0.2,2.8,29.0,0.0,1.0,1.08
2023-12-17 16:00:00,184,2.1,7.2,73.0,10.0,0.0,0.03
2023-12-17 17:00:00,105,-4.6,3.5,31.0,0.0,0.8,0.28
2023-12-17 17:00:00,108,-7.6,4.1,37.0,0.0,0.9,0.42
2023-12-17 17:00:00,112,-7.7,3.3,53.0,1.0,1.0,0.36
2023-12-17 17:00:00,119,-6.5,2.7,44.0,0.0,1.0,0.35
2023-12-17 17:00:00,133,-6.9,3.0,53.0,1.0,0.4,0.26
2023-12-17 17:00:00,143,-3.5,3.2,34.0,0.0,0.8,0.32
2023-12-17 17:00:00,146,-5.0,2.3,58.0,0.0,1.0,0.44
2023-12-17 17:00:00,156,-3.5,2.0,66.0,0.0,1.0,0.41
2023-12-17 17:00:00,159,-1.3,3.7,30.0,0.0,0.7,0.37
2023-12-17 17:00:00,184,2.1,6.7,74.0,10.0,0.0,0.0
2023-12-17 18:00:00,105,-5.4,3.4,33.0,1.0,0.0,0.0
2023-12-17 18:00:00,108,-8.3,2.9,40.0,0.0,0.0,0.01
2023-12-17 18:00:00,112,-8.4,5.7,46.0,0.0,0.0,0.01
2023-12-17 18:00:00,119,-7.5,3.5,49.0,0.0,0.0,0.01
2023-12-17 18:00:00,133,-7.8,1.9,59.0,0.0,0.0,0.02
2023-12-17 18:00:00,143,-4.3,3.7,35.0,0.0,0.0,0.01
2023-12-17 18:00:00,146,-5.6,3.9,60.0,0.0,0.0,0.01
2023-12-17 18:00:00,156,-4.3,1.9,70.0,0.0,0.0,0.07
2023-12-17 18:00:00,159,-2.0,2.1,28.0,0.0,0.0,0.0
2023-12-17 18:00:00,184,2.3,7.1,73.0,10.0,0.0,0.0
2023-12-17 19:00:00,105,-5.8,2.7,34.0,5.0,,
2023-12-17 19:00:00,108,-8.8,3.9,46.0,2.0,,
2023-12-17 19:00:00,112,-8.8,5.0,41.0,1.0,,
2023-12-17 19:00:00,119,-7.9,3.5,46.0,0.0,,
2023-12-17 19:00:00,133,-8.5,1.0,64.0,0.0,,
2023-12-17 19:00:00,143,-4.7,3.5,40.0,0.0,,
2023-12-17 19:00:00,146,-6.4,1.7,66.0,1.0,,
2023-12-17 19:00:00,156,-4.9,1.7,73.0,1.0,,
2023-12-17 19:00:00,159,-2.5,2.7,28.0,0.0,,
2023-12-17 19:00:00,184,2.5,7.2,72.0,10.0,,
2023-12-17 20:00:00,105,-6.1,3.5,35.0,1.0,,
2023-12-17 20:00:00,108,-9.2,1.7,47.0,0.0,,
2023-12-17 20:00:00,112,-8.9,4.1,43.0,0.0,,
2023-12-17 20:00:00,119,-8.4,2.1,41.0,0.0,,
2023-12-17 20:00:00,133,-9.1,1.0,70.0,0.0,,
2023-12-17 20:00:00,143,-5.1,4.1,46.0,0.0,,
2023-12-17 20:00:00,146,-6.5,2.2,63.0,0.0,,
2023-12-17 20:00:00,156,-5.5,1.6,77.0,4.0,,
2023-12-17 20:00:00,159,-3.0,3.9,29.0,1.0,,
2023-12-17 20:00:00,184,2.3,6.4,67.0,10.0,,
2023-12-17 21:00:00,105,-6.4,4.4,35.0,1.0,,
2023-12-17 21:00:00,108,-9.7,1.0,48.0,0.0,,
2023-12-17 21:00:00,112,-9.5,2.7,50.0,0.0,,
2023-12-17 21:00:00,119,,1.3,47.0,0.0,,
2023-12-17 21:00:00,133,-9.2,1.3,72.0,0.0,,
2023-12-17 21:00:00,143,-5.5,3.4,49.0,0.0,,
2023-12-17 21:00:00,146,-6.6,1.6,64.0,3.0,,
2023-12-17 21:00:00,156,-5.7,3.1,78.0,0.0,,
2023-12-17 21:00:00,159,-3.9,1.9,33.0,0.0,,
2023-12-17 21:00:00,184,2.2,6.0,65.0,10.0,,
2023-12-17 22:00:00,105,-6.4,3.1,36.0,1.0,,
2023-12-17 22:00:00,108,-10.2,1.7,49.0,0.0,,
2023-12-17 22:00:00,112,-9.9,2.9,51.0,0.0,,
2023-12-17 22:00:00,119,-9.7,1.2,52.0,0.0,,
2023-12-17 22:00:00,133,-9.4,0.3,74.0,1.0,,
2023-12-17 22:00:00,143,-5.8,5.0,46.0,0.0,,
2023-12-17 22:00:00,146,-6.6,1.8,63.0,0.0,,
2023-12-17 22:00:00,156,-6.0,2.0,81.0,4.0,,
2023-12-17 22:00:00,159,-4.4,1.9,33.0,2.0,,
2023-12-17 22:00:00,184,2.3,6.1,61.0,10.0,,
2023-12-17 23:00:00,105,-6.9,4.2,38.0,2.0,,
2023-12-17 23:00:00,108,-10.7,1.4,53.0,0.0,,
2023-12-17 23:00:00,112,-10.0,2.9,53.0,3.0,,
2023-12-17 23:00:00,119,-9.7,1.7,52.0,0.0,,
2023-12-17 23:00:00,133,-9.1,1.7,67.0,0.0,,
2023-12-17 23:00:00,143,-6.1,4.7,45.0,0.0,,
2023-12-17 23:00:00,146,-6.8,1.1,67.0,3.0,,
2023-12-17 23:00:00,156,-5.8,1.0,75.0,8.0,,
2023-12-17 23:00:00,159,-4.1,4.3,34.0,4.0,,
2023-12-17 23:00:00,184,2.3,5.1,60.0,10.0,,
2023-12-18 00:00:00,105,-7.2,4.9,39.0,2.0,,
2023-12-18 00:00:00,108,-10.6,3.2,51.0,0.0,,
2023-12-18 00:00:00,112,-10.4,3.8,50.0,0.0,,
2023-12-18 00:00:00,119,-10.1,1.1,54.0,0.0,,
2023-12-18 00:00:00,133,-9.3,0.8,70.0,0.0,,
2023-12-18 00:00:00,143,-6.4,3.8,47.0,0.0,,
2023-12-18 00:00:00,146,-7.3,1.1,74.0,0.0,,
2023-12-18 00:00:00,156,-6.1,1.9,73.0,0.0,,
2023-12-18 00:00:00,159,-4.5,4.7,35.0,3.0,,
2023-12-18 00:00:00,184,2.4,4.3,61.0,10.0,,
2023-12-18 01:00:00,105,-7.4,3.4,39.0,2.0,,
2023-12-18 01:00:00,108,-10.9,2.1,55.0,1.0,,
2023-12-18 01:00:00,112,-10.8,4.1,57.0,0.0,,
2023-12-18 01:00:00,119,-10.4,1.2,51.0,0.0,,
2023-12-18 01:00:00,133,-9.5,1.0,67.0,8.0,,
2023-12-18 01:00:00,143,-6.5,4.4,50.0,9.0,,
2023-12-18 01:00:00,146,-7.1,1.0,76.0,7.0,,
2023-12-18 01:00:00,156,-6.4,2.6,77.0,7.0,,
2023-12-18 01:00:00,159,-4.7,4.3,33.0,4.0,,
2023-12-18 01:00:00,184,2.5,3.7,59.0,10.0,,
2023-12-18 02:00:00,105,-7.0,4.0,36.0,2.0,,
2023-12-18 02:00:00,108,-11.4,1.9,58.0,0.0,,
2023-12-18 02:00:00,112,-10.9,2.5,55.0,0.0,,
2023-12-18 02:00:00,119,-10.7,1.0,63.0,10.0,,
2023-12-18 02:00:00,133,-9.7,1.2,68.0,4.0,,
2023-12-18 02:00:00,143,-6.6,3.1,51.0,5.0,,
2023-12-18 02:00:00,146,-7.6,1.3,76.0,9.0,,
2023-12-18 02:00:00,156,-6.2,2.3,76.0,6.0,,
2023-12-18 02:00:00,159,-4.5,5.6,28.0,4.0,,
2023-12-18 02:00:00,184,2.7,4.1,63.0,10.0,,
2023-12-18 03:00:00,105,-6.8,2.4,35.0,2.0,,
2023-12-18 03:00:00,108,-11.8,1.7,60.0,0.0,,
2023-12-18 03:00:00,112,-11.0,1.6,52.0,0.0,,
2023-12-18 03:00:00,119,-11.5,1.1,70.0,0.0,,
2023-12-18 03:00:00,133,-9.9,1.7,77.0,0.0,,
2023-12-18 03:00:00,143,-6.5,3.9,52.0,8.0,,
2023-12-18 03:00:00,146,-7.4,0.7,76.0,8.0,,
2023-12-18 03:00:00,156,-6.2,1.8,75.0,8.0,,
2023-12-18 03:00:00,159,-5.0,4.0,31.0,0.0,,
2023-12-18 03:00:00,184,2.8,4.4,63.0,10.0,,
2023-12-18 04:00:00,105,-6.6,3.2,35.0,2.0,,
2023-12-18 04:00:00,108,-11.8,2.4,56.0,0.0,,
2023-12-18 04:00:00,112,-11.1,2.7,54.0,0.0,,
2023-12-18 04:00:00,119,-12.0,0.6,69.0,0.0,,
2023-12-18 04:00:00,133,-10.0,1.4,76.0,0.0,,
2023-12-18 04:00:00,143,-6.6,4.3,53.0,9.0,,
2023-12-18 04:00:00,146,-7.5,0.7,78.0,8.0,,
2023-12-18 04:00:00,156,-6.1,3.4,79.0,8.0,,
2023-12-18 04:00:00,159,-5.3,3.9,36.0,3.0,,
2023-12-18 04:00:00,184,2.8,5.1,64.0,10.0,,
2023-12-18 05:00:00,105,-6.8,2.9,34.0,2.0,,
2023-12-18 05:00:00,108,-12.1,2.1,52.0,0.0,,
2023-12-18 05:00:00,112,-11.2,2.6,48.0,0.0,,
2023-12-18 05:00:00,119,-12.2,0.4,74.0,0.0,,
2023-12-18 05:00:00,133,-9.8,0.7,61.0,0.0,,
2023-12-18 05:00:00,143,-6.5,5.2,51.0,8.0,,
2023-12-18 05:00:00,146,-7.5,0.9,79.0,8.0,,
2023-12-18 05:00:00,156,-6.0,3.3,75.0,3.0,,
2023-12-18 05:00:00,159,-5.3,4.5,39.0,9.0,,
2023-12-18 05:00:00,184,2.7,3.6,64.0,10.0,,
2023-12-18 06:00:00,105,-6.9,4.2,34.0,2.0,,
2023-12-18 06:00:00,108,-12.1,1.9,53.0,2.0,,
2023-12-18 06:00:00,112,-11.0,2.9,47.0,2.0,,
2023-12-18 06:00:00,119,-11.4,0.1,70.0,6.0,,
2023-12-18 06:00:00,133,-9.9,1.1,70.0,3.0,,
2023-12-18 06:00:00,143,-6.5,3.1,51.0,9.0,,
2023-12-18 06:00:00,146,-7.7,0.4,79.0,8.0,,
2023-12-18 06:00:00,156,-6.1,3.2,74.0,0.0,,
2023-12-18 06:00:00,159,-5.0,3.0,39.0,0.0,,
2023-12-18 06:00:00,184,2.3,1.3,67.0,10.0,,
2023-12-18 07:00:00,105,-6.9,3.6,32.0,4.0,,
2023-12-18 07:00:00,108,-11.9,2.2,55.0,7.0,,
2023-12-18 07:00:00,112,-10.9,3.4,41.0,1.0,,
2023-12-18 07:00:00,119,-9.9,1.6,47.0,6.0,,
2023-12-18 07:00:00,133,-9.7,1.2,72.0,8.0,,
2023-12-18 07:00:00,143,-6.5,4.4,49.0,3.0,,
2023-12-18 07:00:00,146,-7.5,1.0,80.0,0.0,,
2023-12-18 07:00:00,156,-6.1,2.6,75.0,5.0,,
2023-12-18 07:00:00,159,-5.2,4.4,40.0,3.0,,
2023-12-18 07:00:00,184,2.3,3.0,68.0,10.0,,
2023-12-18 08:00:00,105,-6.7,3.5,32.0,3.0,0.0,0.01
2023-12-18 08:00:00,108,-11.5,2.3,53.0,8.0,0.0,0.01
2023-12-18 08:00:00,112,-11.0,1.1,44.0,7.0,0.0,0.0
2023-12-18 08:00:00,119,-10.0,1.2,52.0,4.0,0.0,0.01
2023-12-18 08:00:00,133,-9.2,1.5,69.0,8.0,0.0,0.02
2023-12-18 08:00:00,143,-6.1,4.2,45.0,7.0,0.1,0.04
2023-12-18 08:00:00,146,-6.7,0.6,78.0,8.0,0.0,0.03
2023-12-18 08:00:00,156,-5.6,2.0,75.0,6.0,0.0,0.09
2023-12-18 08:00:00,159,-4.2,3.7,39.0,0.0,0.3,0.05
2023-12-18 08:00:00,184,2.4,1.9,67.0,10.0,0.0,0.0
2023-12-18 09:00:00,105,-5.3,4.0,30.0,5.0,0.5,0.27
2023-12-18 09:00:00,108,-10.3,2.0,47.0,8.0,0.6,0.28
2023-12-18 09:00:00,112,-9.9,1.4,48.0,8.0,0.2,0.24
2023-12-18 09:00:00,119,-8.5,0.6,49.0,5.0,0.5,0.28
2023-12-18 09:00:00,133,-6.9,0.8,55.0,7.0,0.7,0.41
2023-12-18 09:00:00,143,-4.9,3.3,43.0,6.0,0.8,0.43
2023-12-18 09:00:00,146,-5.0,0.5,63.0,8.0,0.7,0.42
2023-12-18 09:00:00,156,-4.2,1.8,63.0,6.0,0.8,0.43
2023-12-18 09:00:00,159,-3.9,4.9,38.0,2.0,1.0,0.56
2023-12-18 09:00:00,184,2.7,2.6,65.0,10.0,0.0,0.01
2023-12-18 10:00:00,105,-3.3,3.0,26.0,4.0,1.0,0.79
2023-12-18 10:00:00,108,-8.6,1.2,45.0,9.0,0.5,0.63
2023-12-18 10:00:00,112,-8.3,1.6,44.0,9.0,0.7,0.66
2023-12-18 10:00:00,119,-7.3,1.1,42.0,7.0,0.8,0.7
2023-12-18 10:00:00,133,-5.7,0.5,48.0,8.0,0.7,0.82
2023-12-18 10:00:00,143,-3.9,4.5,41.0,5.0,1.0,1.1
2023-12-18 10:00:00,146,-4.3,1.2,61.0,9.0,0.6,0.7
2023-12-18 10:00:00,156,-3.2,2.7,64.0,7.0,0.6,0.55
2023-12-18 10:00:00,159,-1.9,2.1,36.0,2.0,1.0,1.19
2023-12-18 10:00:00,184,3.4,2.7,63.0,10.0,0.0,0.2
2023-12-18 11:00:00,105,-2.4,2.5,26.0,7.0,0.4,0.82
2023-12-18 11:00:00,108,-7.1,1.6,43.0,9.0,0.1,0.85
2023-12-18 11:00:00,112,-7.1,2.4,43.0,9.0,0.1,0.9
2023-12-18 11:00:00,119,-6.1,1.9,38.0,9.0,0.8,1.11
2023-12-18 11:00:00,133,-3.9,1.4,46.0,8.0,0.9,1.2
2023-12-18 11:00:00,143,-2.8,4.0,39.0,8.0,1.0,1.23
2023-12-18 11:00:00,146,-3.0,1.0,58.0,9.0,0.7,1.01
2023-12-18 11:00:00,156,-1.4,1.9,59.0,9.0,0.5,1.09
2023-12-18 11:00:00,159,-0.5,3.1,32.0,4.0,1.0,1.67
2023-12-18 11:00:00,184,4.1,1.9,60.0,9.0,0.0,0.43
2023-12-18 12:00:00,105,-1.8,3.1,27.0,9.0,0.1,0.95
2023-12-18 12:00:00,108,-6.2,2.4,43.0,8.0,0.3,0.93
2023-12-18 12:00:00,112,-6.4,3.3,45.0,6.0,0.5,1.06
2023-12-18 12:00:00,119,-4.9,1.9,40.0,9.0,0.7,1.23
2023-12-18 12:00:00,133,-2.7,2.3,45.0,8.0,1.0,1.58
2023-12-18 12:00:00,143,-1.5,4.9,36.0,7.0,1.0,1.55
2023-12-18 12:00:00,146,-1.7,0.9,55.0,9.0,0.8,1.3
2023-12-18 12:00:00,156,-0.4,3.1,60.0,9.0,0.9,1.55
2023-12-18 12:00:00,159,0.0,3.8,30.0,4.0,1.0,1.91
2023-12-18 12:00:00,184,4.8,2.7,59.0,10.0,0.1,0.78
2023-12-18 13:00:00,105,-0.7,2.3,27.0,7.0,0.8,1.19
2023-12-18 13:00:00,108,-4.0,1.7,42.0,9.0,1.0,1.5
2023-12-18 13:00:00,112,-6.0,2.1,45.0,9.0,0.9,1.22
2023-12-18 13:00:00,119,-4.6,2.3,43.0,9.0,0.4,1.09
2023-12-18 13:00:00,133,-2.1,2.7,38.0,7.0,1.0,1.84
2023-12-18 13:00:00,143,-0.8,5.2,36.0,7.0,0.9,1.58
2023-12-18 13:00:00,146,-0.9,2.2,48.0,7.0,1.0,1.55
2023-12-18 13:00:00,156,0.2,3.1,56.0,9.0,0.8,1.46
2023-12-18 13:00:00,159,1.6,1.9,27.0,7.0,1.0,1.89
2023-12-18 13:00:00,184,4.7,2.7,58.0,10.0,0.0,0.53
2023-12-18 14:00:00,105,0.9,1.1,23.0,8.0,0.9,1.36
2023-12-18 14:00:00,108,-3.6,2.6,39.0,9.0,1.0,1.15
2023-12-18 14:00:00,112,-5.5,2.6,43.0,9.0,0.4,0.97
2023-12-18 14:00:00,119,-4.0,2.4,43.0,9.0,0.1,0.89
2023-12-18 14:00:00,133,-2.3,2.3,41.0,8.0,0.8,1.39
2023-12-18 14:00:00,143,-0.5,3.6,35.0,5.0,0.8,1.37
2023-12-18 14:00:00,146,-0.5,2.7,49.0,9.0,0.4,1.05
2023-12-18 14:00:00,156,0.8,1.2,59.0,9.0,0.7,1.51
2023-12-18 14:00:00,159,1.7,3.2,29.0,8.0,0.9,1.45
2023-12-18 14:00:00,184,4.5,2.7,60.0,10.0,0.0,0.16
2023-12-18 15:00:00,105,0.2,2.8,31.0,8.0,0.7,0.89
2023-12-18 15:00:00,108,-3.7,3.3,37.0,9.0,0.3,0.87
2023-12-18 15:00:00,112,-5.2,2.2,42.0,9.0,0.0,0.77
2023-12-18 15:00:00,119,-3.8,2.9,42.0,9.0,0.0,0.72
2023-12-18 15:00:00,133,-2.8,2.0,42.0,8.0,0.7,0.92
2023-12-18 15:00:00,143,-0.4,2.4,36.0,9.0,0.2,0.91
2023-12-18 15:00:00,146,-0.5,2.7,49.0,9.0,0.0,0.74
2023-12-18 15:00:00,156,0.3,1.5,60.0,9.0,0.0,0.57
2023-12-18 15:00:00,159,3.0,2.7,29.0,8.0,1.0,1.24
2023-12-18 15:00:00,184,4.6,2.5,59.0,10.0,0.0,0.16
2023-12-18 16:00:00,105,-0.4,2.6,34.0,8.0,0.0,0.41
2023-12-18 16:00:00,108,-3.9,2.1,39.0,9.0,0.3,0.61
2023-12-18 16:00:00,112,-4.9,3.7,42.0,9.0,0.3,0.59
2023-12-18 16:00:00,119,-3.7,2.9,43.0,9.0,0.0,0.47
2023-12-18 16:00:00,133,-3.2,1.7,43.0,9.0,0.0,0.51
2023-12-18 16:00:00,143,-0.7,2.2,38.0,9.0,0.0,0.54
2023-12-18 16:00:00,146,-0.8,3.6,51.0,9.0,0.0,0.47
2023-12-18 16:00:00,156,0.1,1.6,60.0,9.0,0.0,0.32
2023-12-18 16:00:00,159,1.3,1.7,30.0,9.0,0.2,0.58
2023-12-18 16:00:00,184,4.6,2.1,61.0,10.0,0.0,0.11
2023-12-18 17:00:00,105,-0.9,2.2,35.0,8.0,0.0,0.13
2023-12-18 17:00:00,108,-4.5,3.2,35.0,9.0,0.0,0.18
2023-12-18 17:00:00,112,-5.3,3.1,42.0,9.0,0.0,0.17
2023-12-18 17:00:00,119,-3.9,2.1,44.0,9.0,0.0,0.16
2023-12-18 17:00:00,133,-3.7,1.3,46.0,9.0,0.0,0.16
2023-12-18 17:00:00,143,-0.5,3.6,38.0,9.0,0.0,0.17
2023-12-18 17:00:00,146,-1.1,3.0,56.0,9.0,0.0,0.12
2023-12-18 17:00:00,156,0.0,1.4,63.0,10.0,0.0,0.2
2023-12-18 17:00:00,159,0.7,3.5,30.0,10.0,0.0,0.14
2023-12-18 17:00:00,184,4.7,2.6,61.0,10.0,0.0,0.01
2023-12-18 18:00:00,105,-1.7,1.5,36.0,8.0,0.0,0.0
2023-12-18 18:00:00,108,-5.2,2.3,38.0,9.0,0.0,0.0
2023-12-18 18:00:00,112,-6.2,3.0,39.0,9.0,0.0,0.0
2023-12-18 18:00:00,119,-4.3,1.6,45.0,9.0,0.0,0.0
2023-12-18 18:00:00,133,-4.3,1.2,48.0,8.0,0.0,0.01
2023-12-18 18:00:00,143,-0.5,2.8,40.0,10.0,0.0,0.0
2023-12-18 18:00:00,146,-1.4,3.5,53.0,9.0,0.0,0.01
2023-12-18 18:00:00,156,-0.3,2.3,69.0,10.0,0.0,0.07
2023-12-18 18:00:00,159,0.5,3.6,31.0,10.0,0.0,0.01
2023-12-18 18:00:00,184,4.8,1.8,62.0,10.0,0.0,0.0
2023-12-18 19:00:00,105,-2.0,1.7,36.0,7.0,,
2023-12-18 19:00:00,108,-5.7,3.6,37.0,10.0,,
2023-12-18 19:00:00,112,-6.5,2.6,46.0,10.0,,
2023-12-18 19:00:00,119,-4.9,2.0,48.0,10.0,,
2023-12-18 19:00:00,133,-4.2,1.3,49.0,10.0,,
2023-12-18 19:00:00,143,-0.6,2.6,40.0,10.0,,
2023-12-18 19:00:00,146,-1.5,1.8,54.0,10.0,,
2023-12-18 19:00:00,156,-0.2,2.1,67.0,10.0,,
2023-12-18 19:00:00,159,0.4,3.5,31.0,10.0,,
2023-12-18 19:00:00,184,4.9,3.1,61.0,10.0,,
2023-12-18 20:00:00,105,-2.2,2.4,37.0,9.0,,
2023-12-18 20:00:00,108,-5.9,1.5,38.0,9.0,,
2023-12-18 20:00:00,112,-6.6,3.3,47.0,9.0,,
2023-12-18 20:00:00,119,-5.0,1.8,45.0,10.0,,
2023-12-18 20:00:00,133,-4.2,1.7,49.0,10.0,,
2023-12-18 20:00:00,143,-0.7,3.0,43.0,10.0,,
2023-12-18 20:00:00,146,-1.6,1.9,56.0,10.0,,
2023-12-18 20:00:00,156,-0.3,2.2,71.0,10.0,,
2023-12-18 20:00:00,159,0.3,4.4,30.0,10.0,,
2023-12-18 20:00:00,184,4.6,3.7,68.0,10.0,,
2023-12-18 21:00:00,105,-2.4,2.6,38.0,9.0,,
2023-12-18 21:00:00,108,-6.3,2.0,39.0,9.0,,
2023-12-18 21:00:00,112,-6.5,2.7,45.0,9.0,,
2023-12-18 21:00:00,119,-5.0,1.0,40.0,10.0,,
2023-12-18 21:00:00,133,-4.3,0.3,45.0,9.0,,
2023-12-18 21:00:00,143,-0.7,2.5,45.0,9.0,,
2023-12-18 21:00:00,146,-2.3,1.6,61.0,9.0,,
2023-12-18 21:00:00,156,-0.4,1.7,71.0,10.0,,
2023-12-18 21:00:00,159,0.0,5.0,31.0,10.0,,
2023-12-18 21:00:00,184,4.1,3.5,76.0,10.0,,
2023-12-18 22:00:00,105,-2.5,2.5,39.0,10.0,,
2023-12-18 22:00:00,108,-6.4,2.7,40.0,10.0,,
2023-12-18 22:00:00,112,-6.5,1.5,40.0,10.0,,
2023-12-18 22:00:00,119,-4.9,0.8,39.0,10.0,,
2023-12-18 22:00:00,133,-4.3,0.9,46.0,10.0,,
2023-12-18 22:00:00,143,-1.0,3.3,44.0,10.0,,
2023-12-18 22:00:00,146,-2.6,1.5,62.0,10.0,,
2023-12-18 22:00:00,156,-0.6,1.2,73.0,10.0,,
2023-12-18 22:00:00,159,-0.1,5.6,32.0,10.0,,
2023-12-18 22:00:00,184,3.5,1.5,81.0,10.0,,
2023-12-18 23:00:00,105,-2.5,2.4,39.0,10.0,,
2023-12-18 23:00:00,108,-6.5,1.5,41.0,10.0,,
2023-12-18 23:00:00,112,-6.7,2.1,42.0,10.0,,
2023-12-18 23:00:00,119,-5.1,1.2,47.0,10.0,,
2023-12-18 23:00:00,133,-4.3,0.1,46.0,10.0,,
2023-12-18 23:00:00,143,-1.1,3.0,44.0,10.0,,
2023-12-18 23:00:00,146,-2.4,0.1,63.0,10.0,,
2023-12-18 23:00:00,156,-0.8,1.2,79.0,10.0,,
2023-12-18 23:00:00,159,-0.1,6.1,30.0,10.0,,
2023-12-18 23:00:00,184,3.0,1.3,84.0,10.0,,
2023-12-19 00:00:00,105,-2.6,2.1,40.0,10.0,,
2023-12-19 00:00:00,108,-6.4,0.6,44.0,10.0,,
2023-12-19 00:00:00,112,-6.6,3.0,41.0,9.0,,
2023-12-19 00:00:00,119,-5.5,1.1,50.0,9.0,,
2023-12-19 00:00:00,133,-4.4,0.7,49.0,9.0,,
2023-12-19 00:00:00,143,-1.1,3.1,42.0,10.0,,
2023-12-19 00:00:00,146,-2.3,1.4,66.0,10.0,,
2023-12-19 00:00:00,156,-0.9,1.4,78.0,10.0,,
2023-12-19 00:00:00,159,-0.3,5.8,32.0,10.0,,
2023-12-19 00:00:00,184,3.1,1.8,86.0,10.0,,
2023-12-19 01:00:00,105,-2.6,2.2,41.0,10.0,,
2023-12-19 01:00:00,108,-6.5,0.8,45.0,10.0,,
2023-12-19 01:00:00,112,-6.8,1.8,42.0,10.0,,
2023-12-19 01:00:00,119,-5.8,0.8,53.0,10.0,,
2023-12-19 01:00:00,133,-4.5,1.0,52.0,10.0,,
2023-12-19 01:00:00,143,-1.2,3.0,41.0,10.0,,
2023-12-19 01:00:00,146,-2.8,1.7,66.0,10.0,,
2023-12-19 01:00:00,156,-1.0,1.9,73.0,10.0,,
2023-12-19 01:00:00,159,0.0,2.5,31.0,10.0,,
2023-12-19 01:00:00,184,3.1,2.7,86.0,10.0,,
2023-12-19 02:00:00,105,-2.7,2.3,42.0,9.0,,
2023-12-19 02:00:00,108,-6.6,1.4,45.0,9.0,,
2023-12-19 02:00:00,112,-6.6,2.9,39.0,8.0,,
2023-12-19 02:00:00,119,-6.1,1.1,54.0,10.0,,
2023-12-19 02:00:00,133,-4.7,1.1,51.0,10.0,,
2023-12-19 02:00:00,143,-1.4,1.9,42.0,10.0,,
2023-12-19 02:00:00,146,-2.8,0.2,67.0,10.0,,
2023-12-19 02:00:00,156,-1.0,2.1,70.0,10.0,,
2023-12-19 02:00:00,159,-0.6,3.2,45.0,10.0,,
2023-12-19 02:00:00,184,3.1,2.3,86.0,10.0,,
2023-12-19 03:00:00,105,-2.6,2.4,41.0,9.0,,
2023-12-19 03:00:00,108,-7.2,2.4,51.0,3.0,,
2023-12-19 03:00:00,112,-7.0,2.4,45.0,3.0,,
2023-12-19 03:00:00,119,-6.7,0.4,51.0,8.0,,
2023-12-19 03:00:00,133,-4.8,0.7,57.0,9.0,,
2023-12-19 03:00:00,143,-1.4,2.0,40.0,10.0,,
2023-12-19 03:00:00,146,-2.9,0.8,70.0,8.0,,
2023-12-19 03:00:00,156,-1.0,2.8,70.0,10.0,,
2023-12-19 03:00:00,159,-1.9,3.6,69.0,10.0,,
2023-12-19 03:00:00,184,3.2,2.2,87.0,10.0,,
2023-12-19 04:00:00,105,-3.2,1.9,45.0,7.0,,
2023-12-19 04:00:00,108,-7.5,2.6,54.0,3.0,,
2023-12-19 04:00:00,112,-7.3,1.3,43.0,4.0,,
2023-12-19 04:00:00,119,-7.3,0.3,54.0,1.0,,
2023-12-19 04:00:00,133,-5.1,0.3,56.0,8.0,,
2023-12-19 04:00:00,143,-1.4,2.6,38.0,10.0,,
2023-12-19 04:00:00,146,-3.0,1.0,67.0,9.0,,
2023-12-19 04:00:00,156,-1.0,3.1,64.0,10.0,,
2023-12-19 04:00:00,159,-1.0,0.9,60.0,10.0,,
2023-12-19 04:00:00,184,3.4,1.4,88.0,10.0,,
2023-12-19 05:00:00,105,-3.1,2.2,45.0,3.0,,
2023-12-19 05:00:00,108,-7.8,2.4,55.0,3.0,,
2023-12-19 05:00:00,112,-7.3,1.2,47.0,6.0,,
2023-12-19 05:00:00,119,-7.2,1.0,60.0,6.0,,
2023-12-19 05:00:00,133,-5.5,1.6,60.0,3.0,,
2023-12-19 05:00:00,143,-1.5,2.1,36.0,9.0,,
2023-12-19 05:00:00,146,-3.1,1.4,70.0,9.0,,
2023-12-19 05:00:00,156,-0.6,3.0,56.0,7.0,,
2023-12-19 05:00:00,159,-1.1,3.6,54.0,9.0,,
2023-12-19 05:00:00,184,3.6,2.0,87.0,10.0,,
2023-12-19 06:00:00,105,-3.0,1.3,43.0,7.0,,
2023-12-19 06:00:00,108,-8.2,1.6,53.0,2.0,,
2023-12-19 06:00:00,112,-6.9,2.8,51.0,3.0,,
2023-12-19 06:00:00,119,-6.2,1.7,44.0,6.0,,
2023-12-19 06:00:00,133,-6.2,1.1,68.0,4.0,,
2023-12-19 06:00:00,143,-1.6,2.1,34.0,8.0,,
2023-12-19 06:00:00,146,-3.4,1.2,68.0,7.0,,
2023-12-19 06:00:00,156,-0.9,2.8,62.0,5.0,,
2023-12-19 06:00:00,159,-1.2,1.1,45.0,7.0,,
2023-12-19 06:00:00,184,3.9,2.1,85.0,10.0,,
2023-12-19 07:00:00,105,-3.1,2.8,43.0,7.0,,
2023-12-19 07:00:00,108,-7.6,3.3,55.0,0.0,,
2023-12-19 07:00:00,112,-7.0,1.3,52.0,0.0,,
2023-12-19 07:00:00,119,-6.0,2.5,46.0,3.0,,
2023-12-19 07:00:00,133,-6.6,1.3,69.0,0.0,,
2023-12-19 07:00:00,143,-1.8,1.4,34.0,7.0,,
2023-12-19 07:00:00,146,-3.2,0.0,60.0,7.0,,
2023-12-19 07:00:00,156,-1.7,2.5,65.0,1.0,,
2023-12-19 07:00:00,159,-0.8,1.8,44.0,8.0,,
2023-12-19 07:00:00,184,4.3,1.7,84.0,7.0,,
2023-12-19 08:00:00,105,-3.1,3.5,43.0,7.0,0.0,0.01
2023-12-19 08:00:00,108,-7.2,3.3,55.0,7.0,0.0,0.01
2023-12-19 08:00:00,112,-7.0,0.8,54.0,6.0,0.0,0.0
2023-12-19 08:00:00,119,-6.0,2.2,51.0,7.0,0.0,0.01
2023-12-19 08:00:00,133,-6.4,0.5,69.0,0.0,0.0,0.01
2023-12-19 08:00:00,143,-2.4,1.1,36.0,2.0,0.0,0.01
2023-12-19 08:00:00,146,-3.1,0.8,74.0,5.0,0.0,0.02
2023-12-19 08:00:00,156,-0.8,1.8,57.0,4.0,0.0,0.08
2023-12-19 08:00:00,159,-0.5,0.0,37.0,9.0,0.0,0.01
2023-12-19 08:00:00,184,4.5,1.1,83.0,10.0,0.0,0.0
2023-12-19 09:00:00,105,-2.4,1.8,42.0,7.0,0.0,0.22
2023-12-19 09:00:00,108,-6.0,2.9,51.0,8.0,0.0,0.14
2023-12-19 09:00:00,112,-6.0,1.0,50.0,8.0,0.0,0.17
2023-12-19 09:00:00,119,-5.0,1.8,48.0,9.0,0.0,0.19
2023-12-19 09:00:00,133,-5.1,1.0,64.0,8.0,0.5,0.31
2023-12-19 09:00:00,143,-1.1,0.9,39.0,7.0,0.7,0.39
2023-12-19 09:00:00,146,-2.3,0.4,70.0,8.0,0.5,0.26
2023-12-19 09:00:00,156,0.3,1.9,58.0,8.0,0.0,0.29
2023-12-19 09:00:00,159,0.8,0.5,30.0,8.0,0.0,0.21
2023-12-19 09:00:00,184,5.0,1.6,81.0,10.0,0.0,0.0
2023-12-19 10:00:00,105,-0.9,1.9,37.0,8.0,0.2,0.61
2023-12-19 10:00:00,108,-5.0,2.6,49.0,5.0,0.0,0.4
2023-12-19 10:00:00,112,-4.8,1.2,46.0,4.0,0.0,0.39
2023-12-19 10:00:00,119,-4.1,2.5,48.0,9.0,0.0,0.49
2023-12-19 10:00:00,133,-3.9,0.7,59.0,10.0,0.0,0.43
2023-12-19 10:00:00,143,-0.4,2.1,31.0,8.0,0.3,0.68
2023-12-19 10:00:00,146,-1.3,1.4,67.0,9.0,0.3,0.47
2023-12-19 10:00:00,156,1.8,2.1,46.0,8.0,0.3,0.75
2023-12-19 10:00:00,159,2.1,1.2,35.0,7.0,0.3,0.64
2023-12-19 10:00:00,184,5.7,2.3,77.0,10.0,0.0,0.04
2023-12-19 11:00:00,105,0.5,1.9,36.0,8.0,0.2,0.87
2023-12-19 11:00:00,108,-2.7,3.0,44.0,8.0,0.6,1.09
2023-12-19 11:00:00,112,-1.9,1.6,40.0,8.0,1.0,1.35
2023-12-19 11:00:00,119,-2.9,1.9,46.0,4.0,0.0,0.66
2023-12-19 11:00:00,133,-3.0,0.1,53.0,10.0,0.0,0.54
2023-12-19 11:00:00,143,0.5,3.0,28.0,6.0,0.6,0.95
2023-12-19 11:00:00,146,-0.4,1.0,62.0,10.0,0.0,0.57
2023-12-19 11:00:00,156,3.2,1.6,44.0,8.0,0.6,1.16
2023-12-19 11:00:00,159,2.9,3.0,30.0,9.0,0.1,0.83
2023-12-19 11:00:00,184,6.3,2.4,75.0,10.0,0.0,0.09
2023-12-19 12:00:00,105,2.5,1.8,34.0,6.0,1.0,1.68
2023-12-19 12:00:00,108,-1.6,1.0,44.0,8.0,0.1,1.13
2023-12-19 12:00:00,112,-1.6,0.9,41.0,9.0,0.0,0.89
2023-12-19 12:00:00,119,-1.2,1.4,45.0,8.0,0.6,1.36
2023-12-19 12:00:00,133,-1.7,0.9,51.0,10.0,0.0,0.66
2023-12-19 12:00:00,143,2.5,1.6,23.0,7.0,1.0,1.48
2023-12-19 12:00:00,146,-0.5,0.9,62.0,10.0,0.0,0.49
2023-12-19 12:00:00,156,3.9,1.9,49.0,9.0,0.5,1.53
2023-12-19 12:00:00,159,2.9,3.6,27.0,9.0,0.2,1.01
2023-12-19 12:00:00,184,6.7,0.8,71.0,10.0,0.0,0.23
2023-12-19 13:00:00,105,3.6,1.7,37.0,6.0,1.0,1.76
2023-12-19 13:00:00,108,-0.7,1.9,42.0,9.0,0.1,1.16
2023-12-19 13:00:00,112,-1.0,1.7,44.0,9.0,0.0,0.84
2023-12-19 13:00:00,119,0.2,1.3,42.0,6.0,0.8,1.47
2023-12-19 13:00:00,133,-1.0,0.3,45.0,10.0,0.0,0.61
2023-12-19 13:00:00,143,3.4,2.6,22.0,9.0,0.3,1.17
2023-12-19 13:00:00,146,0.2,0.2,59.0,10.0,0.0,0.39
2023-12-19 13:00:00,156,3.8,0.9,50.0,9.0,0.0,0.72
2023-12-19 13:00:00,159,5.9,1.2,23.0,9.0,0.3,1.25
2023-12-19 13:00:00,184,6.9,2.2,59.0,10.0,0.0,0.21
2023-12-19 14:00:00,105,3.1,1.9,43.0,2.0,1.0,1.6
2023-12-19 14:00:00,108,0.1,1.8,48.0,9.0,0.0,0.84
2023-12-19 14:00:00,112,-1.7,1.8,55.0,10.0,0.0,0.6
2023-12-19 14:00:00,119,-0.1,1.1,45.0,10.0,0.2,0.69
2023-12-19 14:00:00,133,0.3,0.3,43.0,10.0,0.0,0.68
2023-12-19 14:00:00,143,3.5,1.8,24.0,9.0,0.0,0.63
2023-12-19 14:00:00,146,0.7,0.8,61.0,10.0,0.0,0.36
2023-12-19 14:00:00,156,4.0,0.3,52.0,10.0,0.0,0.56
2023-12-19 14:00:00,159,4.7,3.3,24.0,9.0,0.2,1.28
2023-12-19 14:00:00,184,7.4,2.5,56.0,10.0,0.0,0.46
2023-12-19 15:00:00,105,3.0,2.6,45.0,6.0,1.0,1.46
2023-12-19 15:00:00,108,-0.8,2.2,61.0,9.0,0.0,0.45
2023-12-19 15:00:00,112,-2.1,0.7,69.0,10.0,0.0,0.4
2023-12-19 15:00:00,119,0.2,1.9,49.0,10.0,0.0,0.55
2023-12-19 15:00:00,133,0.5,0.0,44.0,10.0,0.0,0.37
2023-12-19 15:00:00,143,3.5,2.0,26.0,10.0,0.0,0.49
2023-12-19 15:00:00,146,0.6,1.0,65.0,10.0,0.0,0.35
2023-12-19 15:00:00,156,3.4,1.3,57.0,9.0,0.0,0.44
2023-12-19 15:00:00,159,5.2,1.7,19.0,8.0,0.6,1.01
2023-12-19 15:00:00,184,7.3,4.3,60.0,9.0,0.0,0.33
2023-12-19 16:00:00,105,2.4,1.3,48.0,8.0,0.1,0.49
2023-12-19 16:00:00,108,-1.4,1.4,70.0,9.0,0.0,0.38
2023-12-19 16:00:00,112,-1.7,1.2,72.0,10.0,0.0,0.42
2023-12-19 16:00:00,119,-0.2,1.5,60.0,10.0,0.0,0.34
2023-12-19 16:00:00,133,0.8,0.0,42.0,10.0,0.0,0.19
2023-12-19 16:00:00,143,3.5,1.8,28.0,9.0,0.0,0.34
2023-12-19 16:00:00,146,1.0,0.2,66.0,10.0,0.0,0.25
2023-12-19 16:00:00,156,3.4,0.4,59.0,10.0,0.1,0.34
2023-12-19 16:00:00,159,5.4,1.3,22.0,8.0,0.2,0.54
2023-12-19 16:00:00,184,7.3,3.5,61.0,10.0,0.0,0.11
2023-12-19 17:00:00,105,1.8,1.1,49.0,6.0,0.0,0.15
2023-12-19 17:00:00,108,-1.6,1.7,73.0,7.0,0.0,0.16
2023-12-19 17:00:00,112,-1.6,1.1,76.0,9.0,0.0,0.15
2023-12-19 17:00:00,119,-0.7,0.1,66.0,4.0,0.0,0.1
2023-12-19 17:00:00,133,0.7,0.9,44.0,10.0,0.0,0.26
2023-12-19 17:00:00,143,3.4,1.8,31.0,9.0,0.0,0.15
2023-12-19 17:00:00,146,0.4,0.8,67.0,10.0,0.0,0.18
2023-12-19 17:00:00,156,3.4,0.1,61.0,9.0,0.0,0.11
2023-12-19 17:00:00,159,4.6,1.7,22.0,7.0,0.0,0.21
2023-12-19 17:00:00,184,7.1,2.8,61.0,10.0,0.0,0.01
2023-12-19 18:00:00,105,0.7,0.6,54.0,5.0,0.0,0.0
2023-12-19 18:00:00,108,-1.9,1.0,76.0,9.0,0.0,0.01
2023-12-19 18:00:00,112,-2.1,1.4,75.0,8.0,0.0,0.01
2023-12-19 18:00:00,119,-0.9,0.5,66.0,8.0,0.0,0.01
2023-12-19 18:00:00,133,-0.2,0.2,53.0,10.0,0.0,0.01
2023-12-19 18:00:00,143,2.7,1.4,33.0,7.0,0.0,0.01
2023-12-19 18:00:00,146,0.7,0.1,64.0,10.0,0.0,0.01
2023-12-19 18:00:00,156,2.8,0.4,71.0,3.0,0.0,0.06
2023-12-19 18:00:00,159,4.2,2.9,27.0,8.0,0.0,0.01
2023-12-19 18:00:00,184,7.0,3.8,72.0,10.0,0.0,0.0
2023-12-19 19:00:00,105,-0.5,0.8,62.0,6.0,,
2023-12-19 19:00:00,108,-1.8,2.3,78.0,9.0,,
2023-12-19 19:00:00,112,-2.3,1.4,78.0,9.0,,
2023-12-19 19:00:00,119,-0.9,0.3,65.0,0.0,,
2023-12-19 19:00:00,133,-0.6,0.9,55.0,9.0,,
2023-12-19 19:00:00,143,1.1,0.7,38.0,5.0,,
2023-12-19 19:00:00,146,0.8,0.0,65.0,9.0,,
2023-12-19 19:00:00,156,2.8,0.4,73.0,8.0,,
2023-12-19 19:00:00,159,3.9,2.3,30.0,6.0,,
2023-12-19 19:00:00,184,7.1,4.4,68.0,10.0,,
2023-12-19 20:00:00,105,0.4,2.1,61.0,5.0,,
2023-12-19 20:00:00,108,-1.7,1.9,76.0,9.0,,
2023-12-19 20:00:00,112,-2.3,1.0,79.0,9.0,,
2023-12-19 20:00:00,119,-0.8,0.3,66.0,0.0,,
2023-12-19 20:00:00,133,-0.6,0.1,54.0,8.0,,
2023-12-19 20:00:00,143,-0.2,0.2,47.0,7.0,,
2023-12-19 20:00:00,146,0.7,0.5,68.0,10.0,,
2023-12-19 20:00:00,156,2.9,0.2,74.0,8.0,,
2023-12-19 20:00:00,159,3.4,1.9,32.0,7.0,,
2023-12-19 20:00:00,184,7.1,5.9,61.0,8.0,,
2023-12-19 21:00:00,105,0.1,2.1,62.0,3.0,,
2023-12-19 21:00:00,108,-1.8,1.2,79.0,7.0,,
2023-12-19 21:00:00,112,-2.2,0.1,81.0,9.0,,
2023-12-19 21:00:00,119,-1.3,0.6,69.0,8.0,,
2023-12-19 21:00:00,133,-0.8,0.7,58.0,8.0,,
2023-12-19 21:00:00,143,-0.9,0.5,57.0,1.0,,
2023-12-19 21:00:00,146,0.5,0.8,74.0,10.0,,
2023-12-19 21:00:00,156,2.8,1.0,73.0,7.0,,
2023-12-19 21:00:00,159,3.1,2.5,35.0,7.0,,
2023-12-19 21:00:00,184,6.8,4.6,57.0,5.0,,
2023-12-19 22:00:00,105,0.0,2.8,63.0,5.0,,
2023-12-19 22:00:00,108,-1.9,0.9,83.0,9.0,,
2023-12-19 22:00:00,112,-2.6,0.4,81.0,7.0,,
2023-12-19 22:00:00,119,-1.6,1.5,79.0,8.0,,
2023-12-19 22:00:00,133,-0.9,0.7,71.0,7.0,,
2023-12-19 22:00:00,143,-1.2,0.2,58.0,7.0,,
2023-12-19 22:00:00,146,0.6,1.2,76.0,9.0,,
2023-12-19 22:00:00,156,2.3,1.1,78.0,10.0,,
2023-12-19 22:00:00,159,2.7,1.3,36.0,8.0,,
2023-12-19 22:00:00,184,6.6,4.3,56.0,9.0,,
2023-12-19 23:00:00,105,-0.2,2.2,64.0,6.0,,
2023-12-19 23:00:00,108,-2.0,1.4,88.0,9.0,,
2023-12-19 23:00:00,112,-2.6,0.1,84.0,7.0,,
2023-12-19 23:00:00,119,-2.0,0.0,86.0,8.0,,
2023-12-19 23:00:00,133,-0.8,0.5,72.0,10.0,,
2023-12-19 23:00:00,143,-1.2,0.9,59.0,3.0,,
2023-12-19 23:00:00,146,0.8,1.0,77.0,10.0,,
2023-12-19 23:00:00,156,1.9,0.8,81.0,10.0,,
2023-12-19 23:00:00,159,2.3,1.5,37.0,8.0,,
2023-12-19 23:00:00,184,6.7,4.0,61.0,9.0,,
2023-12-20 00:00:00,105,-0.4,1.7,63.0,6.0,,
2023-12-20 00:00:00,108,-2.1,2.3,90.0,9.0,,
2023-12-20 00:00:00,112,-3.2,4.9,89.0,9.0,,
2023-12-20 00:00:00,119,-2.8,0.5,90.0,9.0,,
2023-12-20 00:00:00,133,-1.6,0.6,83.0,10.0,,
2023-12-20 00:00:00,143,-1.2,0.1,63.0,6.0,,
2023-12-20 00:00:00,146,1.8,1.8,80.0,10.0,,
2023-12-20 00:00:00,156,2.0,1.1,84.0,9.0,,
2023-12-20 00:00:00,159,2.0,0.9,38.0,5.0,,
2023-12-20 00:00:00,184,7.4,4.8,54.0,9.0,,
2023-12-20 01:00:00,105,-0.4,2.0,64.0,6.0,,
2023-12-20 01:00:00,108,-3.2,3.2,91.0,9.0,,
2023-12-20 01:00:00,112,-4.0,5.1,86.0,7.0,,
2023-12-20 01:00:00,119,-2.7,2.8,96.0,10.0,,
2023-12-20 01:00:00,133,-1.9,2.0,84.0,10.0,,
2023-12-20 01:00:00,143,-1.4,0.3,65.0,10.0,,
2023-12-20 01:00:00,146,1.4,1.5,89.0,10.0,,
2023-12-20 01:00:00,156,2.3,1.0,85.0,10.0,,
2023-12-20 01:00:00,159,2.3,1.2,40.0,7.0,,
2023-12-20 01:00:00,184,7.2,5.1,54.0,7.0,,
2023-12-20 02:00:00,105,-0.4,1.3,64.0,9.0,,
2023-12-20 02:00:00,108,-3.8,2.7,84.0,4.0,,
2023-12-20 02:00:00,112,-4.7,4.3,84.0,0.0,,
2023-12-20 02:00:00,119,-3.8,2.7,83.0,7.0,,
2023-12-20 02:00:00,133,-1.9,0.0,87.0,10.0,,
2023-12-20 02:00:00,143,-1.0,0.5,65.0,10.0,,
2023-12-20 02:00:00,146,0.5,1.8,91.0,10.0,,
2023-12-20 02:00:00,156,2.6,0.4,84.0,3.0,,
2023-12-20 02:00:00,159,1.9,0.8,43.0,6.0,,
2023-12-20 02:00:00,184,7.2,4.5,58.0,10.0,,
2023-12-20 03:00:00,105,-0.5,1.0,66.0,7.0,,
2023-12-20 03:00:00,108,-4.5,3.2,81.0,4.0,,
2023-12-20 03:00:00,112,-5.2,3.6,78.0,3.0,,
2023-12-20 03:00:00,119,-5.2,2.6,82.0,2.0,,
2023-12-20 03:00:00,133,-1.8,0.8,86.0,10.0,,
2023-12-20 03:00:00,143,-0.9,0.1,65.0,9.0,,
2023-12-20 03:00:00,146,-0.4,1.7,93.0,10.0,,
2023-12-20 03:00:00,156,2.3,1.8,93.0,10.0,,
2023-12-20 03:00:00,159,2.1,2.6,46.0,7.0,,
2023-12-20 03:00:00,184,7.2,5.0,54.0,9.0,,
2023-12-20 04:00:00,105,-1.3,0.8,72.0,5.0,,
2023-12-20 04:00:00,108,-5.4,2.2,78.0,1.0,,
2023-12-20 04:00:00,112,-5.6,5.7,73.0,1.0,,
2023-12-20 04:00:00,119,-5.9,1.8,76.0,0.0,,
2023-12-20 04:00:00,133,-2.3,3.9,79.0,10.0,,
2023-12-20 04:00:00,143,-0.4,1.4,72.0,10.0,,
2023-12-20 04:00:00,146,-0.8,2.2,92.0,10.0,,
2023-12-20 04:00:00,156,1.9,1.2,96.0,10.0,,
2023-12-20 04:00:00,159,2.6,4.1,49.0,8.0,,
2023-12-20 04:00:00,184,7.3,6.3,54.0,9.0,,
2023-12-20 05:00:00,105,-2.0,0.7,73.0,5.0,,
2023-12-20 05:00:00,108,-6.0,2.1,77.0,1.0,,
2023-12-20 05:00:00,112,-6.2,4.8,69.0,1.0,,
2023-12-20 05:00:00,119,-6.3,2.9,75.0,2.0,,
2023-12-20 05:00:00,133,-2.7,2.1,77.0,10.0,,
2023-12-20 05:00:00,143,-0.1,2.2,87.0,9.0,,
2023-12-20 05:00:00,146,-1.2,2.4,90.0,10.0,,
2023-12-20 05:00:00,156,1.4,1.7,92.0,10.0,,
2023-12-20 05:00:00,159,2.7,4.6,54.0,6.0,,
2023-12-20 05:00:00,184,7.2,7.4,53.0,9.0,,
2023-12-20 06:00:00,105,-1.8,1.6,67.0,6.0,,
2023-12-20 06:00:00,108,-6.5,4.5,71.0,0.0,,
2023-12-20 06:00:00,112,-6.5,5.9,73.0,2.0,,
2023-12-20 06:00:00,119,-6.8,2.1,77.0,3.0,,
2023-12-20 06:00:00,133,-4.1,4.3,84.0,10.0,,
2023-12-20 06:00:00,143,-0.4,1.7,89.0,9.0,,
2023-12-20 06:00:00,146,-1.7,1.7,94.0,10.0,,
2023-12-20 06:00:00,156,0.8,2.2,89.0,10.0,,
2023-12-20 06:00:00,159,2.4,3.5,57.0,4.0,,
2023-12-20 06:00:00,184,6.9,6.4,51.0,9.0,,
2023-12-20 07:00:00,105,-2.3,1.0,63.0,6.0,,
2023-12-20 07:00:00,108,-6.9,3.5,69.0,0.0,,
2023-12-20 07:00:00,112,-6.7,4.8,74.0,4.0,,
2023-12-20 07:00:00,119,-7.3,2.4,75.0,6.0,,
2023-12-20 07:00:00,133,-4.8,3.4,75.0,10.0,,
2023-12-20 07:00:00,143,-0.9,3.0,80.0,9.0,,
2023-12-20 07:00:00,146,-1.8,1.3,94.0,10.0,,
2023-12-20 07:00:00,156,-0.2,1.5,97.0,10.0,,
2023-12-20 07:00:00,159,2.5,1.9,57.0,7.0,,
2023-12-20 07:00:00,184,6.6,6.1,53.0,9.0,,
2023-12-20 08:00:00,105,-2.7,1.1,54.0,5.0,0.0,0.01
2023-12-20 08:00:00,108,-7.4,2.8,71.0,3.0,0.0,0.01
2023-12-20 08:00:00,112,-7.0,4.1,72.0,7.0,0.0,0.0
2023-12-20 08:00:00,119,-6.8,2.8,76.0,5.0,0.0,0.0
2023-12-20 08:00:00,133,-5.6,2.5,75.0,8.0,0.0,0.0
2023-12-20 08:00:00,143,-0.7,3.1,67.0,8.0,0.0,0.02
2023-12-20 08:00:00,146,-2.0,2.5,92.0,10.0,0.0,0.01
2023-12-20 08:00:00,156,-0.2,1.8,87.0,2.0,0.0,0.07
2023-12-20 08:00:00,159,1.5,1.8,56.0,7.0,0.0,0.01
2023-12-20 08:00:00,184,6.4,7.2,66.0,10.0,0.0,0.0
2023-12-20 09:00:00,105,-2.5,3.4,47.0,2.0,1.0,0.32
2023-12-20 09:00:00,108,-7.3,3.9,70.0,6.0,0.1,0.2
2023-12-20 09:00:00,112,-7.3,5.3,68.0,4.0,0.0,0.16
2023-12-20 09:00:00,119,-6.4,3.6,69.0,4.0,0.0,0.17
2023-12-20 09:00:00,133,-5.1,2.4,73.0,4.0,0.2,0.19
2023-12-20 09:00:00,143,-0.9,4.0,64.0,2.0,0.3,0.26
2023-12-20 09:00:00,146,-2.4,2.0,87.0,10.0,0.0,0.13
2023-12-20 09:00:00,156,-0.9,1.9,83.0,7.0,0.4,0.33
2023-12-20 09:00:00,159,1.3,2.9,59.0,7.0,0.0,0.2
2023-12-20 09:00:00,184,5.7,8.2,70.0,10.0,0.0,0.0
2023-12-20 10:00:00,105,-2.2,3.8,42.0,5.0,1.0,0.89
2023-12-20 10:00:00,108,-6.9,3.5,65.0,2.0,0.6,0.69
2023-12-20 10:00:00,112,-7.1,5.0,73.0,4.0,0.9,0.73
2023-12-20 10:00:00,119,-5.9,3.5,70.0,8.0,0.8,0.79
2023-12-20 10:00:00,133,-4.1,1.7,66.0,7.0,0.7,0.65
2023-12-20 10:00:00,143,-1.3,3.5,61.0,3.0,0.6,0.55
2023-12-20 10:00:00,146,-2.9,2.9,82.0,8.0,0.1,0.44
2023-12-20 10:00:00,156,-0.1,1.2,98.0,8.0,0.3,0.67
2023-12-20 10:00:00,159,2.4,3.7,53.0,4.0,0.7,0.89
2023-12-20 10:00:00,184,5.4,8.6,60.0,9.0,0.0,0.2
2023-12-20 11:00:00,105,-1.2,3.5,40.0,0.0,1.0,1.36
2023-12-20 11:00:00,108,-6.3,3.5,60.0,6.0,0.8,1.26
2023-12-20 11:00:00,112,-6.5,4.0,66.0,5.0,0.7,1.18
2023-12-20 11:00:00,119,-5.6,3.2,71.0,7.0,0.6,1.12
2023-12-20 11:00:00,133,-4.2,2.5,68.0,10.0,0.2,0.69
2023-12-20 11:00:00,143,-0.3,4.4,50.0,1.0,0.8,1.21
2023-12-20 11:00:00,146,-2.7,2.8,78.0,9.0,0.2,0.77
2023-12-20 11:00:00,156,0.7,1.1,92.0,6.0,0.7,1.22
2023-12-20 11:00:00,159,2.4,4.4,44.0,3.0,0.7,1.3
2023-12-20 11:00:00,184,4.7,7.1,56.0,9.0,0.0,0.21
2023-12-20 12:00:00,105,-1.1,4.5,38.0,0.0,1.0,1.66
2023-12-20 12:00:00,108,-5.8,3.4,58.0,6.0,0.7,1.35
2023-12-20 12:00:00,112,-6.2,4.3,64.0,6.0,0.8,1.56
2023-12-20 12:00:00,119,-5.5,3.9,67.0,7.0,0.8,1.56
2023-12-20 12:00:00,133,-4.3,3.3,69.0,10.0,0.1,0.88
2023-12-20 12:00:00,143,-0.5,6.0,47.0,3.0,1.0,1.89
2023-12-20 12:00:00,146,-3.0,2.9,84.0,9.0,0.0,0.54
2023-12-20 12:00:00,156,0.1,1.3,87.0,3.0,0.4,1.08
2023-12-20 12:00:00,159,3.8,3.1,35.0,4.0,1.0,1.94
2023-12-20 12:00:00,184,4.7,6.7,53.0,9.0,0.0,0.34
2023-12-20 13:00:00,105,-0.8,4.2,38.0,0.0,1.0,1.75
2023-12-20 13:00:00,108,-6.3,3.7,57.0,4.0,0.3,0.92
2023-12-20 13:00:00,112,-6.3,5.2,63.0,4.0,0.4,1.3
2023-12-20 13:00:00,119,-4.7,4.0,53.0,4.0,0.6,1.38
2023-12-20 13:00:00,133,-3.9,4.1,63.0,8.0,0.0,0.78
2023-12-20 13:00:00,143,-0.1,4.6,45.0,3.0,1.0,1.85
2023-12-20 13:00:00,146,-2.3,3.4,76.0,8.0,0.1,0.73
2023-12-20 13:00:00,156,-0.4,1.5,97.0,6.0,0.1,0.62
2023-12-20 13:00:00,159,4.0,4.6,39.0,5.0,1.0,2.04
2023-12-20 13:00:00,184,4.4,6.4,54.0,10.0,0.0,0.33
2023-12-20 14:00:00,105,-0.7,3.7,38.0,1.0,1.0,1.59
2023-12-20 14:00:00,108,-5.0,4.6,52.0,4.0,1.0,2.0
2023-12-20 14:00:00,112,-6.8,4.3,65.0,4.0,0.7,1.36
2023-12-20 14:00:00,119,-4.9,4.4,60.0,6.0,0.6,1.44
2023-12-20 14:00:00,133,-3.7,4.0,64.0,8.0,0.2,0.96
2023-12-20 14:00:00,143,-0.1,5.4,46.0,3.0,1.0,1.72
2023-12-20 14:00:00,146,-1.9,4.4,67.0,7.0,0.4,1.07
2023-12-20 14:00:00,156,-0.8,1.5,95.0,10.0,0.1,0.7
2023-12-20 14:00:00,159,2.4,3.3,44.0,7.0,0.4,1.28
2023-12-20 14:00:00,184,4.5,7.6,59.0,9.0,0.0,0.28
2023-12-20 15:00:00,105,-1.6,5.1,40.0,0.0,1.0,1.25
2023-12-20 15:00:00,108,-5.2,3.7,51.0,3.0,0.9,1.43
2023-12-20 15:00:00,112,-6.8,5.2,63.0,3.0,0.8,1.19
2023-12-20 15:00:00,119,-4.8,4.0,48.0,6.0,0.8,1.25
2023-12-20 15:00:00,133,-4.0,3.3,56.0,7.0,0.4,0.97
2023-12-20 15:00:00,143,-0.8,6.3,48.0,3.0,0.6,0.87
2023-12-20 15:00:00,146,-2.5,3.4,66.0,7.0,0.4,0.81
2023-12-20 15:00:00,156,-1.1,1.9,98.0,10.0,0.2,0.74
2023-12-20 15:00:00,159,2.8,3.0,44.0,7.0,0.6,1.14
2023-12-20 15:00:00,184,4.2,7.6,52.0,9.0,0.0,0.33
2023-12-20 16:00:00,105,-2.6,4.4,43.0,3.0,0.9,0.74
2023-12-20 16:00:00,108,-6.2,4.0,53.0,2.0,0.8,0.9
2023-12-20 16:00:00,112,-7.6,3.9,64.0,3.0,0.7,0.63
2023-12-20 16:00:00,119,-5.7,3.3,57.0,2.0,1.0,0.87
2023-12-20 16:00:00,133,-4.6,5.5,56.0,7.0,0.4,0.66
2023-12-20 16:00:00,143,-1.0,5.7,49.0,3.0,1.0,0.88
2023-12-20 16:00:00,146,-3.1,4.1,62.0,5.0,0.3,0.42
2023-12-20 16:00:00,156,-1.9,1.1,97.0,9.0,0.1,0.44
2023-12-20 16:00:00,159,2.2,2.4,38.0,5.0,0.1,0.42
2023-12-20 16:00:00,184,3.8,7.8,52.0,9.0,0.0,0.17
2023-12-20 17:00:00,105,-3.5,4.5,45.0,0.0,0.5,0.18
2023-12-20 17:00:00,108,-7.1,3.6,53.0,2.0,0.8,0.29
2023-12-20 17:00:00,112,-8.1,6.2,61.0,1.0,0.6,0.29
2023-12-20 17:00:00,119,-7.0,4.0,60.0,1.0,0.5,0.35
2023-12-20 17:00:00,133,-5.8,4.4,53.0,5.0,0.4,0.42
2023-12-20 17:00:00,143,-2.3,6.0,51.0,4.0,0.5,0.25
2023-12-20 17:00:00,146,-4.0,3.0,61.0,5.0,0.5,0.24
2023-12-20 17:00:00,156,-2.6,1.8,97.0,3.0,0.1,0.2
2023-12-20 17:00:00,159,0.8,4.0,38.0,1.0,0.6,0.32
2023-12-20 17:00:00,184,3.7,7.7,54.0,9.0,0.0,0.02
2023-12-20 18:00:00,105,-4.3,5.5,46.0,0.0,0.0,0.01
2023-12-20 18:00:00,108,-8.1,2.9,53.0,1.0,0.0,0.02
2023-12-20 18:00:00,112,-8.5,4.7,64.0,2.0,0.0,0.02
2023-12-20 18:00:00,119,-7.6,3.6,62.0,3.0,0.0,0.01
2023-12-20 18:00:00,133,-6.6,3.9,53.0,0.0,0.0,0.01
2023-12-20 18:00:00,143,-2.9,4.9,54.0,3.0,0.0,0.01
2023-12-20 18:00:00,146,-4.5,3.1,61.0,6.0,0.0,0.01
2023-12-20 18:00:00,156,-3.2,0.9,95.0,5.0,0.0,0.07
2023-12-20 18:00:00,159,-0.1,4.9,39.0,0.0,0.0,0.01
2023-12-20 18:00:00,184,3.5,7.7,57.0,9.0,0.0,0.0
2023-12-20 19:00:00,105,-4.9,4.7,47.0,0.0,,
2023-12-20 19:00:00,108,-8.9,3.5,57.0,0.0,,
2023-12-20 19:00:00,112,,4.1,60.0,0.0,,
2023-12-20 19:00:00,119,-8.3,3.2,62.0,0.0,,
2023-12-20 19:00:00,133,-7.2,3.6,61.0,0.0,,
2023-12-20 19:00:00,143,-3.4,5.5,52.0,1.0,,
2023-12-20 19:00:00,146,-5.2,2.8,64.0,6.0,,
2023-12-20 19:00:00,156,-3.8,2.3,98.0,9.0,,
2023-12-20 19:00:00,159,-0.9,4.3,41.0,0.0,,
2023-12-20 19:00:00,184,3.5,8.3,53.0,9.0,,
2023-12-20 20:00:00,105,-5.4,3.8,46.0,2.0,,
2023-12-20 20:00:00,108,-9.5,3.7,61.0,0.0,,
2023-12-20 20:00:00,112,-9.6,5.2,60.0,0.0,,
2023-12-20 20:00:00,119,-8.9,3.1,58.0,3.0,,
2023-12-20 20:00:00,133,-7.6,2.6,69.0,2.0,,
2023-12-20 20:00:00,143,-4.3,5.4,47.0,0.0,,
2023-12-20 20:00:00,146,-5.9,1.9,65.0,4.0,,
2023-12-20 20:00:00,156,-4.3,1.3,97.0,8.0,,
2023-12-20 20:00:00,159,-1.5,3.7,44.0,0.0,,
2023-12-20 20:00:00,184,3.3,7.7,54.0,9.0,,
2023-12-20 21:00:00,105,-6.0,4.2,44.0,0.0,,
2023-12-20 21:00:00,108,-10.0,3.1,65.0,1.0,,
2023-12-20 21:00:00,112,-10.2,5.6,59.0,0.0,,
2023-12-20 21:00:00,119,-9.5,3.7,51.0,0.0,,
2023-12-20 21:00:00,133,-8.6,3.9,72.0,3.0,,
2023-12-20 21:00:00,143,-5.2,3.3,56.0,2.0,,
2023-12-20 21:00:00,146,-6.4,1.2,67.0,2.0,,
2023-12-20 21:00:00,156,-4.6,1.1,97.0,9.0,,
2023-12-20 21:00:00,159,-2.4,3.9,47.0,0.0,,
2023-12-20 21:00:00,184,2.7,6.7,70.0,9.0,,
2023-12-20 22:00:00,105,-6.5,5.3,41.0,0.0,,
2023-12-20 22:00:00,108,-10.7,3.5,62.0,0.0,,
2023-12-20 22:00:00,112,-10.4,6.6,58.0,1.0,,
2023-12-20 22:00:00,119,-10.0,3.4,53.0,0.0,,
2023-12-20 22:00:00,133,-9.2,2.5,70.0,1.0,,
2023-12-20 22:00:00,143,-5.8,4.4,53.0,0.0,,
2023-12-20 22:00:00,146,-6.6,1.3,67.0,4.0,,
2023-12-20 22:00:00,156,-5.2,2.3,98.0,8.0,,
2023-12-20 22:00:00,159,-3.1,5.1,45.0,0.0,,
2023-12-20 22:00:00,184,2.4,7.2,73.0,7.0,,
2023-12-20 23:00:00,105,-7.3,3.7,43.0,1.0,,
2023-12-20 23:00:00,108,-11.4,3.7,62.0,0.0,,
2023-12-20 23:00:00,112,-11.0,3.6,63.0,1.0,,
2023-12-20 23:00:00,119,-10.4,3.0,55.0,2.0,,
2023-12-20 23:00:00,133,-9.9,1.6,71.0,0.0,,
2023-12-20 23:00:00,143,-6.2,3.7,57.0,0.0,,
2023-12-20 23:00:00,146,-6.9,3.5,71.0,5.0,,
2023-12-20 23:00:00,156,-6.1,2.2,97.0,7.0,,
2023-12-20 23:00:00,159,-3.7,4.3,47.0,0.0,,
2023-12-20 23:00:00,184,2.7,7.3,56.0,9.0,,
2023-12-21 00:00:00,105,-7.9,5.1,42.0,1.0,,
2023-12-21 00:00:00,108,-11.9,3.0,64.0,0.0,,
2023-12-21 00:00:00,112,-11.5,4.4,65.0,1.0,,
2023-12-21 00:00:00,119,-11.1,1.6,62.0,0.0,,
2023-12-21 00:00:00,133,-9.7,1.1,71.0,5.0,,
2023-12-21 00:00:00,143,-6.6,3.1,56.0,1.0,,
2023-12-21 00:00:00,146,-7.0,2.1,68.0,6.0,,
2023-12-21 00:00:00,156,-6.4,2.1,97.0,6.0,,
2023-12-21 00:00:00,159,-4.4,4.3,48.0,0.0,,
2023-12-21 00:00:00,184,2.6,8.0,63.0,9.0,,
2023-12-21 01:00:00,105,-8.5,5.6,41.0,2.0,,
2023-12-21 01:00:00,108,-12.0,4.0,64.0,0.0,,
2023-12-21 01:00:00,112,-11.8,3.1,67.0,2.0,,
2023-12-21 01:00:00,119,-11.1,2.7,60.0,0.0,,
2023-12-21 01:00:00,133,-10.3,1.5,72.0,5.0,,
2023-12-21 01:00:00,143,-6.9,4.6,56.0,0.0,,
2023-12-21 01:00:00,146,-7.6,0.7,68.0,0.0,,
2023-12-21 01:00:00,156,-6.5,2.1,95.0,7.0,,
2023-12-21 01:00:00,159,-5.0,5.5,47.0,0.0,,
2023-12-21 01:00:00,184,2.4,5.3,61.0,8.0,,
2023-12-21 02:00:00,105,-8.8,6.5,39.0,1.0,,
2023-12-21 02:00:00,108,-12.3,2.4,64.0,0.0,,
2023-12-21 02:00:00,112,-11.9,4.7,69.0,5.0,,
2023-12-21 02:00:00,119,-11.7,2.1,62.0,0.0,,
2023-12-21 02:00:00,133,-10.5,0.6,73.0,4.0,,
2023-12-21 02:00:00,143,-7.4,2.1,56.0,0.0,,
2023-12-21 02:00:00,146,-7.5,0.8,67.0,8.0,,
2023-12-21 02:00:00,156,-6.5,1.0,92.0,7.0,,
2023-12-21 02:00:00,159,-5.5,4.5,49.0,0.0,,
2023-12-21 02:00:00,184,2.5,6.9,58.0,8.0,,
2023-12-21 03:00:00,105,-9.1,4.2,38.0,1.0,,
2023-12-21 03:00:00,108,-12.5,2.2,66.0,0.0,,
2023-12-21 03:00:00,112,-12.2,4.2,67.0,1.0,,
2023-12-21 03:00:00,119,-11.9,2.4,65.0,0.0,,
2023-12-21 03:00:00,133,-10.9,2.0,74.0,0.0,,
2023-12-21 03:00:00,143,-7.6,2.9,56.0,0.0,,
2023-12-21 03:00:00,146,-7.9,0.7,73.0,1.0,,
2023-12-21 03:00:00,156,-6.8,0.4,93.0,8.0,,
2023-12-21 03:00:00,159,-6.0,1.5,50.0,0.0,,
2023-12-21 03:00:00,184,2.2,8.6,71.0,9.0,,
2023-12-21 04:00:00,105,-8.7,4.8,34.0,1.0,,
2023-12-21 04:00:00,108,-13.2,3.7,64.0,0.0,,
2023-12-21 04:00:00,112,-12.8,4.3,67.0,0.0,,
2023-12-21 04:00:00,119,-12.0,3.3,62.0,0.0,,
2023-12-21 04:00:00,133,-11.3,0.8,69.0,0.0,,
2023-12-21 04:00:00,143,-7.9,2.8,57.0,1.0,,
2023-12-21 04:00:00,146,-7.6,1.3,73.0,8.0,,
2023-12-21 04:00:00,156,-6.7,0.8,97.0,9.0,,
2023-12-21 04:00:00,159,-6.3,4.2,49.0,0.0,,
2023-12-21 04:00:00,184,2.2,7.7,71.0,9.0,,
2023-12-21 05:00:00,105,-9.3,3.0,35.0,1.0,,
2023-12-21 05:00:00,108,-13.5,2.5,64.0,0.0,,
2023-12-21 05:00:00,112,-12.8,5.2,66.0,0.0,,
2023-12-21 05:00:00,119,-12.6,2.1,64.0,0.0,,
2023-12-21 05:00:00,133,-11.9,1.7,65.0,0.0,,
2023-12-21 05:00:00,143,-8.1,3.1,58.0,1.0,,
2023-12-21 05:00:00,146,-8.7,2.4,75.0,1.0,,
2023-12-21 05:00:00,156,-6.7,2.6,98.0,9.0,,
2023-12-21 05:00:00,159,-6.5,3.5,50.0,0.0,,
2023-12-21 05:00:00,184,1.5,8.1,75.0,9.0,,
2023-12-21 06:00:00,105,-9.9,5.1,37.0,2.0,,
2023-12-21 06:00:00,108,-13.9,3.3,62.0,0.0,,
2023-12-21 06:00:00,112,-13.2,5.5,63.0,0.0,,
2023-12-21 06:00:00,119,-12.8,2.6,63.0,0.0,,
2023-12-21 06:00:00,133,-12.2,1.2,66.0,0.0,,
2023-12-21 06:00:00,143,-8.2,3.4,55.0,0.0,,
2023-12-21 06:00:00,146,,1.4,72.0,0.0,,
2023-12-21 06:00:00,156,-7.3,3.8,98.0,9.0,,
2023-12-21 06:00:00,159,-7.0,1.7,54.0,0.0,,
2023-12-21 06:00:00,184,1.9,9.6,77.0,8.0,,
2023-12-21 07:00:00,105,-10.4,3.9,42.0,2.0,,
2023-12-21 07:00:00,108,-14.3,2.0,63.0,0.0,,
2023-12-21 07:00:00,112,-13.7,3.7,66.0,0.0,,
2023-12-21 07:00:00,119,-12.9,3.2,62.0,0.0,,
2023-12-21 07:00:00,133,-12.0,1.9,66.0,5.0,,
2023-12-21 07:00:00,143,-8.4,3.6,54.0,0.0,,
2023-12-21 07:00:00,146,-9.3,0.8,72.0,0.0,,
2023-12-21 07:00:00,156,-7.8,1.5,97.0,8.0,,
2023-12-21 07:00:00,159,-7.3,3.4,53.0,0.0,,
2023-12-21 07:00:00,184,1.7,9.4,60.0,9.0,,
2023-12-21 08:00:00,105,-10.5,2.7,42.0,2.0,0.1,0.01
2023-12-21 08:00:00,108,-14.3,3.8,64.0,0.0,0.0,0.01
2023-12-21 08:00:00,112,-13.8,4.2,68.0,0.0,0.0,0.0
2023-12-21 08:00:00,119,-13.0,4.0,62.0,0.0,0.0,0.01
2023-12-21 08:00:00,133,-12.1,0.4,68.0,0.0,0.0,0.01
2023-12-21 08:00:00,143,-8.5,3.5,52.0,0.0,0.2,0.02
2023-12-21 08:00:00,146,-8.7,1.4,67.0,0.0,0.0,0.02
2023-12-21 08:00:00,156,-7.6,2.4,94.0,2.0,0.0,0.07
2023-12-21 08:00:00,159,-6.9,4.2,51.0,0.0,0.3,0.04
2023-12-21 08:00:00,184,2.2,8.6,67.0,8.0,0.0,0.0
2023-12-21 09:00:00,105,-9.5,3.7,39.0,1.0,1.0,0.38
2023-12-21 09:00:00,108,-13.8,2.5,64.0,0.0,1.0,0.36
2023-12-21 09:00:00,112,-13.1,3.4,69.0,1.0,0.6,0.28
2023-12-21 09:00:00,119,-11.8,3.1,58.0,0.0,1.0,0.33
2023-12-21 09:00:00,133,-10.9,1.5,64.0,0.0,0.5,0.3
2023-12-21 09:00:00,143,-7.8,3.3,49.0,0.0,1.0,0.4
2023-12-21 09:00:00,146,-8.3,2.0,63.0,3.0,0.4,0.29
2023-12-21 09:00:00,156,-7.2,2.7,85.0,0.0,0.0,0.19
2023-12-21 09:00:00,159,-5.2,2.7,44.0,0.0,1.0,0.53
2023-12-21 09:00:00,184,1.3,8.3,76.0,10.0,0.0,0.06
2023-12-21 10:00:00,105,-8.3,4.6,35.0,2.0,1.0,0.97
2023-12-21 10:00:00,108,-12.7,3.9,60.0,0.0,1.0,0.96
2023-12-21 10:00:00,112,-12.6,4.7,65.0,2.0,1.0,0.91
2023-12-21 10:00:00,119,-11.4,4.2,56.0,0.0,1.0,0.93
2023-12-21 10:00:00,133,-10.0,2.2,57.0,3.0,1.0,0.84
2023-12-21 10:00:00,143,-7.0,4.4,47.0,0.0,1.0,1.01
2023-12-21 10:00:00,146,-7.9,2.1,67.0,7.0,0.6,0.65
2023-12-21 10:00:00,156,-6.5,2.6,75.0,1.0,0.7,0.87
2023-12-21 10:00:00,159,-4.4,4.1,41.0,0.0,1.0,1.16
2023-12-21 10:00:00,184,0.9,9.2,79.0,10.0,0.0,0.05
2023-12-21 11:00:00,105,-7.5,3.3,35.0,0.0,1.0,1.45
2023-12-21 11:00:00,108,-12.5,4.8,54.0,0.0,1.0,1.52
2023-12-21 11:00:00,112,-11.9,3.8,59.0,1.0,1.0,1.45
2023-12-21 11:00:00,119,-10.6,4.9,49.0,0.0,1.0,1.45
2023-12-21 11:00:00,133,-8.8,1.9,59.0,2.0,1.0,1.24
2023-12-21 11:00:00,143,-6.2,4.2,44.0,1.0,1.0,1.45
2023-12-21 11:00:00,146,-6.7,2.6,65.0,3.0,0.8,1.07
2023-12-21 11:00:00,156,-5.8,2.5,72.0,2.0,0.9,1.3
2023-12-21 11:00:00,159,-4.0,4.7,39.0,0.0,1.0,1.7
2023-12-21 11:00:00,184,1.4,9.2,74.0,10.0,0.0,0.23
2023-12-21 12:00:00,105,-5.8,3.5,32.0,0.0,1.0,1.75
2023-12-21 12:00:00,108,-11.2,3.2,48.0,0.0,1.0,1.83
2023-12-21 12:00:00,112,-11.2,4.0,55.0,1.0,1.0,1.79
2023-12-21 12:00:00,119,-9.4,2.7,47.0,0.0,1.0,1.77
2023-12-21 12:00:00,133,-7.9,4.4,56.0,5.0,1.0,1.77
2023-12-21 12:00:00,143,-4.6,3.2,41.0,1.0,1.0,1.8
2023-12-21 12:00:00,146,-6.6,2.4,62.0,2.0,1.0,1.71
2023-12-21 12:00:00,156,-5.7,1.7,81.0,9.0,0.2,1.22
2023-12-21 12:00:00,159,-3.4,3.7,36.0,0.0,1.0,2.04
2023-12-21 12:00:00,184,2.0,8.7,61.0,9.0,0.1,0.61
2023-12-21 13:00:00,105,-4.2,3.3,31.0,0.0,1.0,1.83
2023-12-21 13:00:00,108,-10.4,2.5,47.0,0.0,1.0,1.98
2023-12-21 13:00:00,112,-10.5,3.4,54.0,0.0,1.0,1.9
2023-12-21 13:00:00,119,-9.1,3.7,45.0,0.0,1.0,1.89
2023-12-21 13:00:00,133,-6.6,1.7,54.0,4.0,0.9,1.86
2023-12-21 13:00:00,143,-4.4,4.3,36.0,0.0,1.0,1.92
2023-12-21 13:00:00,146,-5.4,2.3,59.0,2.0,1.0,1.93
2023-12-21 13:00:00,156,-4.9,2.2,81.0,6.0,0.2,1.29
2023-12-21 13:00:00,159,-1.7,3.0,32.0,0.0,1.0,2.12
2023-12-21 13:00:00,184,2.9,8.5,48.0,7.0,0.1,0.52
2023-12-21 14:00:00,105,-3.5,3.9,30.0,0.0,1.0,1.71
2023-12-21 14:00:00,108,-9.6,3.0,46.0,0.0,1.0,1.88
2023-12-21 14:00:00,112,-10.1,3.2,50.0,0.0,1.0,1.79
2023-12-21 14:00:00,119,-8.5,3.7,45.0,0.0,1.0,1.76
2023-12-21 14:00:00,133,-7.7,2.4,73.0,5.0,0.7,1.55
2023-12-21 14:00:00,143,-3.4,5.8,29.0,0.0,1.0,1.84
2023-12-21 14:00:00,146,-5.5,2.2,59.0,3.0,1.0,1.88
2023-12-21 14:00:00,156,-4.2,1.6,74.0,3.0,0.7,1.69
2023-12-21 14:00:00,159,-0.8,3.2,33.0,0.0,1.0,1.93
2023-12-21 14:00:00,184,1.9,8.1,79.0,9.0,0.2,0.62
2023-12-21 15:00:00,105,-2.5,1.7,27.0,0.0,1.0,1.37
2023-12-21 15:00:00,108,-8.6,2.4,44.0,0.0,1.0,1.53
2023-12-21 15:00:00,112,-9.4,2.8,49.0,0.0,1.0,1.49
2023-12-21 15:00:00,119,-7.8,2.6,43.0,0.0,1.0,1.43
2023-12-21 15:00:00,133,-5.9,3.4,48.0,5.0,0.8,1.15
2023-12-21 15:00:00,143,-3.6,5.9,31.0,0.0,1.0,1.51
2023-12-21 15:00:00,146,-5.4,2.6,64.0,7.0,0.7,1.15
2023-12-21 15:00:00,156,-4.7,1.4,74.0,4.0,0.6,1.21
2023-12-21 15:00:00,159,-0.9,3.6,32.0,0.0,1.0,1.58
2023-12-21 15:00:00,184,-0.2,6.4,88.0,10.0,0.0,0.26
2023-12-21 16:00:00,105,-3.1,3.6,29.0,0.0,1.0,0.88
2023-12-21 16:00:00,108,-8.5,3.5,45.0,0.0,1.0,1.0
2023-12-21 16:00:00,112,-9.2,4.2,56.0,0.0,1.0,0.96
2023-12-21 16:00:00,119,-7.7,3.0,43.0,0.0,1.0,0.93
2023-12-21 16:00:00,133,-5.7,3.4,49.0,4.0,0.7,0.85
2023-12-21 16:00:00,143,-3.8,5.1,34.0,0.0,1.0,0.98
2023-12-21 16:00:00,146,-4.9,1.6,62.0,3.0,1.0,0.91
2023-12-21 16:00:00,156,-3.7,1.5,66.0,1.0,0.9,1.04
2023-12-21 16:00:00,159,-1.2,2.9,28.0,0.0,1.0,1.08
2023-12-21 16:00:00,184,-0.1,5.8,90.0,10.0,0.0,0.03
2023-12-21 17:00:00,105,-4.9,3.9,32.0,0.0,0.8,0.28
2023-12-21 17:00:00,108,-9.2,3.0,47.0,0.0,1.0,0.4
2023-12-21 17:00:00,112,-9.5,3.5,56.0,0.0,1.0,0.37
2023-12-21 17:00:00,119,-8.5,2.5,52.0,0.0,1.0,0.34
2023-12-21 17:00:00,133,-7.4,2.8,50.0,0.0,0.5,0.34
2023-12-21 17:00:00,143,-4.9,5.3,37.0,0.0,0.8,0.34
2023-12-21 17:00:00,146,-5.6,1.9,64.0,1.0,1.0,0.43
2023-12-21 17:00:00,156,-4.5,3.2,68.0,1.0,1.0,0.52
2023-12-21 17:00:00,159,-2.4,2.5,30.0,0.0,0.8,0.39
2023-12-21 17:00:00,184,0.6,6.3,88.0,10.0,0.0,0.01
2023-12-21 18:00:00,105,-6.0,2.5,35.0,0.0,0.0,0.01
2023-12-21 18:00:00,108,-9.8,2.6,53.0,0.0,0.0,0.02
2023-12-21 18:00:00,112,-9.9,3.4,63.0,0.0,0.1,0.01
2023-12-21 18:00:00,119,-9.7,1.6,57.0,0.0,0.1,0.02
2023-12-21 18:00:00,133,-8.6,2.3,58.0,0.0,0.0,0.01
2023-12-21 18:00:00,143,-5.4,4.8,40.0,0.0,0.0,0.0
2023-12-21 18:00:00,146,-6.2,2.7,60.0,1.0,0.1,0.01
2023-12-21 18:00:00,156,-5.9,2.0,74.0,3.0,0.1,0.08
2023-12-21 18:00:00,159,-3.2,2.4,28.0,0.0,0.0,0.01
2023-12-21 18:00:00,184,1.2,7.8,80.0,9.0,0.0,0.0
2023-12-21 19:00:00,105,-7.0,2.8,38.0,5.0,,
2023-12-21 19:00:00,108,-10.1,3.1,55.0,0.0,,
2023-12-21 19:00:00,112,-10.2,4.5,64.0,0.0,,
2023-12-21 19:00:00,119,-10.0,1.8,61.0,0.0,,
2023-12-21 19:00:00,133,-9.3,2.7,60.0,0.0,,
2023-12-21 19:00:00,143,-5.9,3.9,45.0,0.0,,
2023-12-21 19:00:00,146,-6.7,1.9,61.0,0.0,,
2023-12-21 19:00:00,156,-6.0,1.4,73.0,0.0,,
2023-12-21 19:00:00,159,-3.8,2.3,28.0,0.0,,
2023-12-21 19:00:00,184,1.0,7.9,71.0,10.0,,
2023-12-21 20:00:00,105,-7.6,3.8,40.0,0.0,,
2023-12-21 20:00:00,108,-10.6,2.0,60.0,0.0,,
2023-12-21 20:00:00,112,-10.7,5.4,60.0,2.0,,
2023-12-21 20:00:00,119,-10.2,2.2,61.0,0.0,,
2023-12-21 20:00:00,133,-9.9,1.9,72.0,0.0,,
2023-12-21 20:00:00,143,-6.3,4.0,47.0,0.0,,
2023-12-21 20:00:00,146,-6.8,2.9,59.0,2.0,,
2023-12-21 20:00:00,156,-5.9,1.9,74.0,6.0,,
2023-12-21 20:00:00,159,-4.4,2.0,33.0,0.0,,
2023-12-21 20:00:00,184,0.5,5.3,81.0,10.0,,
2023-12-21 21:00:00,105,-8.0,4.4,41.0,0.0,,
2023-12-21 21:00:00,108,-11.4,2.6,61.0,0.0,,
2023-12-21 21:00:00,112,-11.0,4.0,59.0,0.0,,
2023-12-21 21:00:00,119,-10.3,2.2,52.0,0.0,,
2023-12-21 21:00:00,133,-10.6,2.0,75.0,0.0,,
2023-12-21 21:00:00,143,-6.7,3.6,47.0,0.0,,
2023-12-21 21:00:00,146,-7.7,1.3,62.0,6.0,,
2023-12-21 21:00:00,156,-6.2,1.3,79.0,4.0,,
2023-12-21 21:00:00,159,-4.9,2.4,37.0,0.0,,
2023-12-21 21:00:00,184,0.3,6.1,87.0,7.0,,
2023-12-21 22:00:00,105,-8.4,4.5,41.0,0.0,,
2023-12-21 22:00:00,108,-11.9,2.5,62.0,0.0,,
2023-12-21 22:00:00,112,-11.6,4.1,62.0,0.0,,
2023-12-21 22:00:00,119,-10.8,1.7,56.0,0.0,,
2023-12-21 22:00:00,133,-10.5,1.7,73.0,1.0,,
2023-12-21 22:00:00,143,-6.8,4.5,45.0,0.0,,
2023-12-21 22:00:00,146,-7.5,2.2,68.0,10.0,,
2023-12-21 22:00:00,156,-6.6,1.1,82.0,3.0,,
2023-12-21 22:00:00,159,-5.5,1.7,39.0,0.0,,
2023-12-21 22:00:00,184,1.4,8.0,80.0,10.0,,
2023-12-21 23:00:00,105,-8.8,4.5,42.0,1.0,,
2023-12-21 23:00:00,108,-12.3,2.3,62.0,0.0,,
2023-12-21 23:00:00,112,-12.3,4.9,65.0,2.0,,
2023-12-21 23:00:00,119,-11.2,2.4,58.0,0.0,,
2023-12-21 23:00:00,133,-10.7,0.4,74.0,0.0,,
2023-12-21 23:00:00,143,-7.4,3.5,50.0,0.0,,
2023-12-21 23:00:00,146,-8.1,0.3,77.0,10.0,,
2023-12-21 23:00:00,156,-7.0,1.8,85.0,0.0,,
2023-12-21 23:00:00,159,-5.6,2.5,39.0,0.0,,
2023-12-21 23:00:00,184,1.3,8.3,67.0,7.0,,
2023-12-22 00:00:00,105,-9.1,3.8,42.0,0.0,,
2023-12-22 00:00:00,108,-12.7,3.4,61.0,0.0,,
2023-12-22 00:00:00,112,-12.5,5.3,61.0,1.0,,
2023-12-22 00:00:00,119,-11.9,4.3,58.0,0.0,,
2023-12-22 00:00:00,133,-10.6,0.7,77.0,0.0,,
2023-12-22 00:00:00,143,-7.3,3.7,53.0,0.0,,
2023-12-22 00:00:00,146,-8.2,0.8,79.0,10.0,,
2023-12-22 00:00:00,156,-7.3,2.3,87.0,8.0,,
2023-12-22 00:00:00,159,-5.7,2.3,38.0,0.0,,
2023-12-22 00:00:00,184,1.5,7.0,79.0,8.0,,
2023-12-22 01:00:00,105,,4.6,40.0,1.0,,
2023-12-22 01:00:00,108,-13.1,3.3,61.0,0.0,,
2023-12-22 01:00:00,112,-12.7,7.8,56.0,1.0,,
2023-12-22 01:00:00,119,-12.4,3.1,60.0,0.0,,
2023-12-22 01:00:00,133,-10.2,1.8,79.0,3.0,,
2023-12-22 01:00:00,143,-8.1,2.5,59.0,0.0,,
2023-12-22 01:00:00,146,-7.7,0.5,76.0,10.0,,
2023-12-22 01:00:00,156,-7.1,0.3,85.0,3.0,,
2023-12-22 01:00:00,159,-6.1,2.1,41.0,0.0,,
2023-12-22 01:00:00,184,0.8,7.1,79.0,7.0,,
2023-12-22 02:00:00,105,-9.2,5.1,40.0,1.0,,
2023-12-22 02:00:00,108,-13.4,3.7,58.0,0.0,,
2023-12-22 02:00:00,112,-13.1,4.7,56.0,0.0,,
2023-12-22 02:00:00,119,-12.8,2.9,60.0,0.0,,
2023-12-22 02:00:00,133,-10.7,3.2,65.0,3.0,,
2023-12-22 02:00:00,143,-7.9,3.5,57.0,0.0,,
2023-12-22 02:00:00,146,-8.2,1.7,79.0,10.0,,
2023-12-22 02:00:00,156,-7.0,2.9,90.0,9.0,,
2023-12-22 02:00:00,159,-6.5,1.8,43.0,0.0,,
2023-12-22 02:00:00,184,0.6,10.2,82.0,7.0,,
2023-12-22 03:00:00,105,-9.8,6.7,41.0,2.0,,
2023-12-22 03:00:00,108,-13.8,2.6,58.0,0.0,,
2023-12-22 03:00:00,112,-13.2,3.9,55.0,0.0,,
2023-12-22 03:00:00,119,-12.9,2.9,51.0,0.0,,
2023-12-22 03:00:00,133,-11.9,1.8,61.0,0.0,,
2023-12-22 03:00:00,143,-8.1,4.2,59.0,3.0,,
2023-12-22 03:00:00,146,-8.5,3.2,80.0,10.0,,
2023-12-22 03:00:00,156,-7.5,2.0,96.0,8.0,,
2023-12-22 03:00:00,159,-7.2,2.1,50.0,0.0,,
2023-12-22 03:00:00,184,0.9,6.7,81.0,5.0,,
2023-12-22 04:00:00,105,-9.9,3.1,41.0,,,
2023-12-22 04:00:00,108,-14.0,4.0,55.0,0.0,,
2023-12-22 04:00:00,112,-13.1,4.9,52.0,0.0,,
2023-12-22 04:00:00,119,-13.1,3.0,54.0,0.0,,
2023-12-22 04:00:00,133,-12.4,1.8,62.0,0.0,,
2023-12-22 04:00:00,143,-8.6,6.2,58.0,0.0,,
2023-12-22 04:00:00,146,-9.2,2.3,68.0,10.0,,
2023-12-22 04:00:00,156,-7.7,2.4,94.0,4.0,,
2023-12-22 04:00:00,159,-7.2,1.6,50.0,0.0,,
2023-12-22 04:00:00,184,1.9,7.3,71.0,8.0,,
2023-12-22 05:00:00,105,-10.8,3.1,45.0,2.0,,
2023-12-22 05:00:00,108,-13.8,2.7,53.0,0.0,,
2023-12-22 05:00:00,112,-13.2,5.6,54.0,0.0,,
2023-12-22 05:00:00,119,-13.3,2.9,52.0,0.0,,
2023-12-22 05:00:00,133,-12.9,1.4,64.0,0.0,,
2023-12-22 05:00:00,143,-9.2,3.5,67.0,0.0,,
2023-12-22 05:00:00,146,-9.7,2.7,65.0,0.0,,
2023-12-22 05:00:00,156,-8.3,3.3,93.0,3.0,,
2023-12-22 05:00:00,159,-7.6,2.6,53.0,0.0,,
2023-12-22 05:00:00,184,2.1,9.3,75.0,8.0,,
2023-12-22 06:00:00,105,-10.9,4.9,43.0,2.0,,
2023-12-22 06:00:00,108,-14.0,3.8,55.0,0.0,,
2023-12-22 06:00:00,112,-13.4,6.2,53.0,0.0,,
2023-12-22 06:00:00,119,-13.4,2.2,53.0,0.0,,
2023-12-22 06:00:00,133,-13.3,0.0,64.0,0.0,,
2023-12-22 06:00:00,143,-9.2,4.4,54.0,0.0,,
2023-12-22 06:00:00,146,-10.2,1.6,66.0,2.0,,
2023-12-22 06:00:00,156,,2.5,88.0,2.0,,
2023-12-22 06:00:00,159,-7.7,3.3,54.0,0.0,,
2023-12-22 06:00:00,184,2.3,7.6,52.0,6.0,,
2023-12-22 07:00:00,105,-11.1,3.2,43.0,1.0,,
2023-12-22 07:00:00,108,-14.5,2.1,55.0,0.0,,
2023-12-22 07:00:00,112,-13.8,3.1,56.0,0.0,,
2023-12-22 07:00:00,119,-13.3,2.2,52.0,0.0,,
2023-12-22 07:00:00,133,-13.1,1.0,61.0,0.0,,
2023-12-22 07:00:00,143,-9.5,4.7,54.0,0.0,,
2023-12-22 07:00:00,146,-10.4,1.1,66.0,1.0,,
2023-12-22 07:00:00,156,-9.1,3.4,84.0,4.0,,
2023-12-22 07:00:00,159,-8.0,4.0,56.0,0.0,,
2023-12-22 07:00:00,184,0.5,6.5,86.0,8.0,,
2023-12-22 08:00:00,105,-10.7,5.0,40.0,2.0,0.0,0.01
2023-12-22 08:00:00,108,-14.7,2.0,54.0,0.0,0.1,0.01
2023-12-22 08:00:00,112,-14.2,3.8,59.0,0.0,0.0,0.0
2023-12-22 08:00:00,119,-13.7,2.6,56.0,0.0,0.0,0.0
2023-12-22 08:00:00,133,-13.5,0.6,66.0,0.0,0.1,0.01
2023-12-22 08:00:00,143,-9.5,4.2,53.0,0.0,0.2,0.02
2023-12-22 08:00:00,146,-9.9,1.3,64.0,0.0,0.1,0.02
2023-12-22 08:00:00,156,-9.4,3.2,80.0,0.0,0.0,0.07
2023-12-22 08:00:00,159,-7.8,2.9,53.0,0.0,0.4,0.04
2023-12-22 08:00:00,184,0.2,6.3,88.0,8.0,0.0,0.0
2023-12-22 09:00:00,105,-9.3,4.1,36.0,2.0,1.0,0.37
2023-12-22 09:00:00,108,-14.4,3.2,51.0,0.0,1.0,0.36
2023-12-22 09:00:00,112,-13.6,3.9,57.0,0.0,0.6,0.28
2023-12-22 09:00:00,119,-12.6,3.1,51.0,0.0,1.0,0.34
2023-12-22 09:00:00,133,-11.4,1.4,57.0,0.0,1.0,0.37
2023-12-22 09:00:00,143,-8.6,5.3,50.0,0.0,1.0,0.4
2023-12-22 09:00:00,146,-8.9,1.1,61.0,3.0,0.9,0.33
2023-12-22 09:00:00,156,-7.9,3.1,73.0,0.0,0.9,0.34
2023-12-22 09:00:00,159,-6.6,4.0,47.0,0.0,1.0,0.53
2023-12-22 09:00:00,184,-0.2,6.6,90.0,8.0,0.0,0.01
2023-12-22 10:00:00,105,-7.9,3.8,33.0,2.0,1.0,0.96
2023-12-22 10:00:00,108,-13.1,2.2,49.0,0.0,1.0,0.97
2023-12-22 10:00:00,112,-12.7,3.7,57.0,0.0,1.0,0.9
2023-12-22 10:00:00,119,-11.8,3.6,47.0,0.0,1.0,0.93
2023-12-22 10:00:00,133,-9.9,2.0,53.0,1.0,1.0,0.98
2023-12-22 10:00:00,143,-7.5,5.0,46.0,0.0,1.0,1.04
2023-12-22 10:00:00,146,-8.1,1.6,59.0,1.0,1.0,0.88
2023-12-22 10:00:00,156,-6.8,3.8,66.0,0.0,1.0,1.16
2023-12-22 10:00:00,159,-4.7,2.5,41.0,0.0,1.0,1.17
2023-12-22 10:00:00,184,0.3,5.4,90.0,8.0,0.0,0.07
2023-12-22 11:00:00,105,-6.6,3.6,32.0,0.0,0.8,1.15
2023-12-22 11:00:00,108,-11.6,3.3,45.0,0.0,1.0,1.53
2023-12-22 11:00:00,112,-11.8,3.1,58.0,0.0,1.0,1.4
2023-12-22 11:00:00,119,-10.8,3.0,45.0,0.0,1.0,1.44
2023-12-22 11:00:00,133,-8.3,3.1,51.0,0.0,1.0,1.49
2023-12-22 11:00:00,143,-6.2,5.7,43.0,0.0,1.0,1.53
2023-12-22 11:00:00,146,-6.4,2.1,59.0,2.0,1.0,1.42
2023-12-22 11:00:00,156,-5.1,2.5,61.0,0.0,1.0,1.71
2023-12-22 11:00:00,159,-3.6,3.6,38.0,0.0,1.0,1.71
2023-12-22 11:00:00,184,0.6,5.1,91.0,8.0,0.0,0.14
2023-12-22 12:00:00,105,-5.1,3.3,29.0,0.0,1.0,1.75
2023-12-22 12:00:00,108,-10.9,2.6,43.0,0.0,1.0,1.86
2023-12-22 12:00:00,112,-11.2,3.1,53.0,0.0,1.0,1.77
2023-12-22 12:00:00,119,-10.1,2.9,41.0,0.0,1.0,1.78
2023-12-22 12:00:00,133,-7.1,2.7,45.0,0.0,1.0,1.84
2023-12-22 12:00:00,143,-5.0,7.4,38.0,0.0,1.0,1.87
2023-12-22 12:00:00,146,-6.0,3.6,56.0,2.0,1.0,1.77
2023-12-22 12:00:00,156,-3.9,2.8,60.0,0.0,1.0,2.02
2023-12-22 12:00:00,159,-3.0,4.3,34.0,0.0,1.0,2.04
2023-12-22 12:00:00,184,0.7,5.9,88.0,7.0,0.0,0.21
2023-12-22 13:00:00,105,-3.2,3.1,28.0,0.0,1.0,1.83
2023-12-22 13:00:00,108,-9.4,2.6,45.0,0.0,1.0,1.97
2023-12-22 13:00:00,112,-10.5,3.1,53.0,0.0,1.0,1.87
2023-12-22 13:00:00,119,-8.8,2.1,40.0,0.0,1.0,1.88
2023-12-22 13:00:00,133,-6.1,2.6,42.0,0.0,1.0,1.96
2023-12-22 13:00:00,143,-3.9,4.6,34.0,0.0,1.0,1.96
2023-12-22 13:00:00,146,-5.6,3.0,56.0,1.0,1.0,1.93
2023-12-22 13:00:00,156,-2.9,1.6,57.0,0.0,1.0,2.16
2023-12-22 13:00:00,159,-2.1,4.5,32.0,0.0,1.0,2.13
2023-12-22 13:00:00,184,1.0,6.9,78.0,7.0,0.0,0.24
2023-12-22 14:00:00,105,-3.0,3.9,28.0,0.0,1.0,1.7
2023-12-22 14:00:00,108,,2.5,41.0,0.0,1.0,1.88
2023-12-22 14:00:00,112,-9.6,2.3,51.0,0.0,1.0,1.79
2023-12-22 14:00:00,119,-7.7,2.4,42.0,0.0,1.0,1.75
2023-12-22 14:00:00,133,-5.0,2.3,38.0,0.0,1.0,1.81
2023-12-22 14:00:00,143,-3.5,6.4,31.0,0.0,1.0,1.85
2023-12-22 14:00:00,146,-5.7,2.4,54.0,0.0,1.0,1.85
2023-12-22 14:00:00,156,-2.2,2.1,56.0,0.0,1.0,2.02
2023-12-22 14:00:00,159,-1.6,3.1,32.0,0.0,1.0,1.93
2023-12-22 14:00:00,184,1.4,6.9,73.0,7.0,0.0,0.31
2023-12-22 15:00:00,105,-2.8,3.8,28.0,0.0,1.0,1.37
2023-12-22 15:00:00,108,-8.2,2.7,41.0,0.0,1.0,1.55
2023-12-22 15:00:00,112,-9.2,2.9,53.0,0.0,1.0,1.46
2023-12-22 15:00:00,119,-7.4,3.1,41.0,0.0,1.0,1.43
2023-12-22 15:00:00,133,-5.2,3.5,39.0,0.0,1.0,1.51
2023-12-22 15:00:00,143,-2.9,5.6,28.0,0.0,1.0,1.51
2023-12-22 15:00:00,146,-4.5,2.4,54.0,0.0,1.0,1.54
2023-12-22 15:00:00,156,-1.8,2.6,54.0,0.0,1.0,1.68
2023-12-22 15:00:00,159,-1.3,4.4,30.0,0.0,1.0,1.61
2023-12-22 15:00:00,184,1.9,5.6,70.0,8.0,0.0,0.25
2023-12-22 16:00:00,105,-3.4,3.3,31.0,2.0,1.0,0.88
2023-12-22 16:00:00,108,-8.6,3.8,42.0,0.0,1.0,1.0
2023-12-22 16:00:00,112,-9.2,3.3,54.0,0.0,1.0,0.96
2023-12-22 16:00:00,119,-7.1,2.4,42.0,0.0,1.0,0.93
2023-12-22 16:00:00,133,-5.9,4.8,44.0,0.0,1.0,1.01
2023-12-22 16:00:00,143,-3.1,4.8,27.0,0.0,1.0,0.96
2023-12-22 16:00:00,146,-4.4,3.1,55.0,0.0,1.0,0.97
2023-12-22 16:00:00,156,-1.9,3.1,55.0,1.0,1.0,1.17
2023-12-22 16:00:00,159,-0.9,4.1,27.0,0.0,1.0,1.1
2023-12-22 16:00:00,184,2.1,6.0,69.0,8.0,0.0,0.12
2023-12-22 17:00:00,105,-5.3,4.2,34.0,0.0,0.8,0.28
2023-12-22 17:00:00,108,-9.1,2.2,44.0,0.0,1.0,0.41
2023-12-22 17:00:00,112,-9.5,2.5,56.0,0.0,1.0,0.38
2023-12-22 17:00:00,119,-8.0,2.3,44.0,0.0,1.0,0.36
2023-12-22 17:00:00,133,-6.9,2.8,49.0,0.0,0.5,0.31
2023-12-22 17:00:00,143,-4.1,4.3,30.0,0.0,0.8,0.34
2023-12-22 17:00:00,146,-5.0,3.5,56.0,0.0,1.0,0.44
2023-12-22 17:00:00,156,-3.0,1.5,60.0,0.0,1.0,0.52
2023-12-22 17:00:00,159,-2.1,3.0,27.0,0.0,0.8,0.4
2023-12-22 17:00:00,184,1.9,5.5,71.0,6.0,0.0,0.04
2023-12-22 18:00:00,105,-6.1,3.2,35.0,0.0,0.0,0.01
2023-12-22 18:00:00,108,-9.8,1.4,49.0,0.0,0.0,0.02
2023-12-22 18:00:00,112,-9.8,2.1,58.0,0.0,0.1,0.01
2023-12-22 18:00:00,119,-9.4,1.6,51.0,0.0,0.1,0.01
2023-12-22 18:00:00,133,-8.0,1.5,55.0,0.0,0.0,0.02
2023-12-22 18:00:00,143,-4.7,3.9,34.0,0.0,0.0,0.01
2023-12-22 18:00:00,146,-5.5,2.2,60.0,0.0,0.2,0.02
2023-12-22 18:00:00,156,-4.4,2.7,66.0,0.0,0.2,0.08
2023-12-22 18:00:00,159,-2.9,2.7,30.0,0.0,0.0,0.01
2023-12-22 18:00:00,184,2.1,5.2,68.0,8.0,0.0,0.0
2023-12-22 19:00:00,105,-6.5,4.2,35.0,0.0,,
2023-12-22 19:00:00,108,-10.3,1.9,53.0,0.0,,
2023-12-22 19:00:00,112,-9.9,2.6,55.0,0.0,,
2023-12-22 19:00:00,119,-9.8,1.5,55.0,5.0,,
2023-12-22 19:00:00,133,-8.5,0.4,57.0,0.0,,
2023-12-22 19:00:00,143,-5.1,4.5,37.0,0.0,,
2023-12-22 19:00:00,146,-6.1,1.4,60.0,0.0,,
2023-12-22 19:00:00,156,-5.0,2.3,70.0,0.0,,
2023-12-22 19:00:00,159,-3.2,3.4,31.0,0.0,,
2023-12-22 19:00:00,184,2.3,6.5,67.0,8.0,,
2023-12-22 20:00:00,105,-6.7,3.0,36.0,0.0,,
2023-12-22 20:00:00,108,-10.4,1.6,56.0,0.0,,
2023-12-22 20:00:00,112,-10.3,3.3,56.0,6.0,,
2023-12-22 20:00:00,119,-10.7,0.8,59.0,0.0,,
2023-12-22 20:00:00,133,-8.9,1.6,62.0,2.0,,
2023-12-22 20:00:00,143,-5.5,4.4,40.0,0.0,,
2023-12-22 20:00:00,146,-6.5,0.6,61.0,0.0,,
2023-12-22 20:00:00,156,-5.4,2.0,71.0,0.0,,
2023-12-22 20:00:00,159,-3.6,2.4,31.0,0.0,,
2023-12-22 20:00:00,184,2.2,5.0,64.0,8.0,,
2023-12-22 21:00:00,105,-6.5,3.0,35.0,0.0,,
2023-12-22 21:00:00,108,-10.8,1.8,56.0,0.0,,
2023-12-22 21:00:00,112,-10.5,2.4,58.0,0.0,,
2023-12-22 21:00:00,119,-10.7,1.1,59.0,0.0,,
2023-12-22 21:00:00,133,-9.2,1.6,66.0,0.0,,
2023-12-22 21:00:00,143,-5.9,3.6,43.0,0.0,,
2023-12-22 21:00:00,146,-6.7,1.5,62.0,0.0,,
2023-12-22 21:00:00,156,-5.8,1.4,74.0,0.0,,
2023-12-22 21:00:00,159,-4.1,2.5,29.0,0.0,,
2023-12-22 21:00:00,184,2.2,6.6,66.0,8.0,,
2023-12-22 22:00:00,105,-6.5,4.3,35.0,0.0,,
2023-12-22 22:00:00,108,-10.8,2.4,58.0,0.0,,
2023-12-22 22:00:00,112,-10.8,3.8,56.0,0.0,,
2023-12-22 22:00:00,119,-11.4,1.3,64.0,0.0,,
2023-12-22 22:00:00,133,-9.5,0.9,68.0,0.0,,
2023-12-22 22:00:00,143,-6.2,3.6,44.0,0.0,,
2023-12-22 22:00:00,146,-6.5,0.7,62.0,0.0,,
2023-12-22 22:00:00,156,-5.9,1.3,73.0,0.0,,
2023-12-22 22:00:00,159,-4.6,2.8,31.0,0.0,,
2023-12-22 22:00:00,184,2.2,5.8,67.0,6.0,,
2023-12-22 23:00:00,105,-6.5,2.9,35.0,0.0,,
2023-12-22 23:00:00,108,-11.2,0.9,59.0,0.0,,
2023-12-22 23:00:00,112,-11.0,1.9,58.0,1.0,,
2023-12-22 23:00:00,119,-12.0,0.3,62.0,2.0,,
2023-12-22 23:00:00,133,-10.1,0.4,74.0,0.0,,
2023-12-22 23:00:00,143,-6.3,3.0,45.0,0.0,,
2023-12-22 23:00:00,146,-6.2,1.1,65.0,7.0,,
2023-12-22 23:00:00,156,-6.1,1.0,76.0,0.0,,
2023-12-22 23:00:00,159,-4.9,4.0,32.0,0.0,,
2023-12-22 23:00:00,184,2.3,4.4,69.0,6.0,,
2023-12-23 00:00:00,105,-6.4,3.2,35.0,1.0,,
2023-12-23 00:00:00,108,-11.0,2.0,61.0,0.0,,
2023-12-23 00:00:00,112,-11.2,2.4,63.0,0.0,,
2023-12-23 00:00:00,119,-12.0,0.2,60.0,0.0,,
2023-12-23 00:00:00,133,-10.0,0.0,73.0,0.0,,
2023-12-23 00:00:00,143,-6.6,2.5,49.0,0.0,,
2023-12-23 00:00:00,146,-6.9,0.9,67.0,0.0,,
2023-12-23 00:00:00,156,-6.3,2.2,77.0,1.0,,
2023-12-23 00:00:00,159,-4.8,4.0,34.0,0.0,,
2023-12-23 00:00:00,184,2.5,5.6,67.0,7.0,,
2023-12-23 01:00:00,105,-5.8,3.2,34.0,1.0,,
2023-12-23 01:00:00,108,-11.5,1.2,60.0,2.0,,
2023-12-23 01:00:00,112,-11.2,2.4,66.0,0.0,,
2023-12-23 01:00:00,119,-12.0,0.6,61.0,0.0,,
2023-12-23 01:00:00,133,-10.2,1.3,75.0,1.0,,
2023-12-23 01:00:00,143,-6.9,1.9,56.0,0.0,,
2023-12-23 01:00:00,146,-7.0,0.6,70.0,0.0,,
2023-12-23 01:00:00,156,-6.6,2.2,78.0,0.0,,
2023-12-23 01:00:00,159,-5.0,4.3,37.0,0.0,,
2023-12-23 01:00:00,184,2.6,4.8,63.0,7.0,,
2023-12-23 02:00:00,105,-5.7,3.3,34.0,2.0,,
2023-12-23 02:00:00,108,-11.4,2.5,62.0,0.0,,
2023-12-23 02:00:00,112,-11.2,2.5,67.0,0.0,,
2023-12-23 02:00:00,119,-12.4,0.9,68.0,0.0,,
2023-12-23 02:00:00,133,-10.7,1.5,77.0,2.0,,
2023-12-23 02:00:00,143,-6.9,2.3,58.0,0.0,,
2023-12-23 02:00:00,146,-7.0,0.8,72.0,8.0,,
2023-12-23 02:00:00,156,-6.4,2.1,79.0,0.0,,
2023-12-23 02:00:00,159,-5.3,3.4,40.0,0.0,,
2023-12-23 02:00:00,184,2.8,4.6,67.0,9.0,,
2023-12-23 03:00:00,105,-6.4,4.0,35.0,0.0,,
2023-12-23 03:00:00,108,-11.9,1.5,63.0,0.0,,
2023-12-23 03:00:00,112,-11.1,2.9,61.0,0.0,,
2023-12-23 03:00:00,119,-11.3,1.3,63.0,1.0,,
2023-12-23 03:00:00,133,-10.8,1.2,76.0,0.0,,
2023-12-23 03:00:00,143,-7.2,1.9,61.0,0.0,,
2023-12-23 03:00:00,146,-7.7,1.2,76.0,0.0,,
2023-12-23 03:00:00,156,-6.9,1.8,79.0,1.0,,
2023-12-23 03:00:00,159,-5.2,3.9,45.0,0.0,,
2023-12-23 03:00:00,184,2.8,5.3,65.0,9.0,,
2023-12-23 04:00:00,105,-6.6,4.2,36.0,1.0,,
2023-12-23 04:00:00,108,-12.4,1.7,66.0,0.0,,
2023-12-23 04:00:00,112,-11.3,2.5,58.0,0.0,,
2023-12-23 04:00:00,119,-12.7,0.6,70.0,0.0,,
2023-12-23 04:00:00,133,-11.2,1.5,77.0,0.0,,
2023-12-23 04:00:00,143,-6.7,3.2,60.0,0.0,,
2023-12-23 04:00:00,146,-7.3,0.3,73.0,0.0,,
2023-12-23 04:00:00,156,-6.7,0.1,80.0,0.0,,
2023-12-23 04:00:00,159,-5.2,5.3,47.0,0.0,,
2023-12-23 04:00:00,184,2.9,5.6,68.0,9.0,,
2023-12-23 05:00:00,105,-6.1,2.7,35.0,0.0,,
2023-12-23 05:00:00,108,-12.6,2.1,66.0,0.0,,
2023-12-23 05:00:00,112,-11.5,2.1,61.0,0.0,,
2023-12-23 05:00:00,119,-13.1,0.7,74.0,0.0,,
2023-12-23 05:00:00,133,-11.5,1.4,77.0,0.0,,
2023-12-23 05:00:00,143,-6.9,2.9,61.0,0.0,,
2023-12-23 05:00:00,146,-7.2,0.1,71.0,0.0,,
2023-12-23 05:00:00,156,-7.0,1.3,82.0,0.0,,
2023-12-23 05:00:00,159,-5.5,2.9,49.0,0.0,,
2023-12-23 05:00:00,184,2.9,4.5,67.0,8.0,,
2023-12-23 06:00:00,105,-6.0,3.0,35.0,1.0,,
2023-12-23 06:00:00,108,-12.5,2.5,68.0,2.0,,
2023-12-23 06:00:00,112,-11.6,1.3,64.0,0.0,,
2023-12-23 06:00:00,119,-13.0,0.5,77.0,0.0,,
2023-12-23 06:00:00,133,-11.5,0.7,77.0,0.0,,
2023-12-23 06:00:00,143,-6.9,2.7,60.0,0.0,,
2023-12-23 06:00:00,146,-8.0,0.9,80.0,8.0,,
2023-12-23 06:00:00,156,-7.3,1.6,86.0,0.0,,
2023-12-23 06:00:00,159,-5.5,4.9,48.0,0.0,,
2023-12-23 06:00:00,184,3.1,5.1,66.0,10.0,,
2023-12-23 07:00:00,105,-6.6,3.0,37.0,5.0,,
2023-12-23 07:00:00,108,-12.5,2.4,69.0,3.0,,
2023-12-23 07:00:00,112,-11.8,1.0,65.0,2.0,,
2023-12-23 07:00:00,119,-12.8,0.7,76.0,2.0,,
2023-12-23 07:00:00,133,-11.5,1.3,79.0,1.0,,
2023-12-23 07:00:00,143,-7.0,1.7,61.0,4.0,,
2023-12-23 07:00:00,146,-7.5,1.0,79.0,8.0,,
2023-12-23 07:00:00,156,-7.0,0.8,85.0,0.0,,
2023-12-23 07:00:00,159,-5.7,3.7,51.0,1.0,,
2023-12-23 07:00:00,184,3.2,4.6,65.0,7.0,,
2023-12-23 08:00:00,105,-6.3,2.9,36.0,2.0,0.0,0.01
2023-12-23 08:00:00,108,-12.6,2.2,71.0,0.0,0.0,0.0
2023-12-23 08:00:00,112,-11.6,1.4,68.0,7.0,0.0,0.0
2023-12-23 08:00:00,119,-12.3,1.3,78.0,3.0,0.0,0.0
2023-12-23 08:00:00,133,-11.7,1.1,79.0,4.0,0.0,0.0
2023-12-23 08:00:00,143,-6.7,1.1,59.0,7.0,0.2,0.02
2023-12-23 08:00:00,146,-7.6,1.0,79.0,8.0,0.0,0.02
2023-12-23 08:00:00,156,-6.9,0.6,89.0,3.0,0.0,0.08
2023-12-23 08:00:00,159,-5.5,2.2,52.0,2.0,0.2,0.03
2023-12-23 08:00:00,184,3.3,4.4,66.0,8.0,0.0,0.0
2023-12-23 09:00:00,105,-5.0,3.2,34.0,6.0,1.0,0.39
2023-12-23 09:00:00,108,-11.4,2.3,68.0,2.0,1.0,0.33
2023-12-23 09:00:00,112,-9.6,2.2,62.0,8.0,0.6,0.26
2023-12-23 09:00:00,119,-9.5,1.2,66.0,6.0,0.9,0.36
2023-12-23 09:00:00,133,-9.6,1.0,73.0,5.0,0.6,0.32
2023-12-23 09:00:00,143,-5.2,3.6,52.0,8.0,1.0,0.42
2023-12-23 09:00:00,146,-5.9,1.2,70.0,3.0,0.8,0.33
2023-12-23 09:00:00,156,-4.6,1.6,78.0,3.0,0.8,0.43
2023-12-23 09:00:00,159,-3.9,3.3,45.0,3.0,1.0,0.52
2023-12-23 09:00:00,184,3.3,3.9,64.0,8.0,0.0,0.03
2023-12-23 10:00:00,105,-2.5,3.4,28.0,1.0,1.0,0.93
2023-12-23 10:00:00,108,-8.6,2.3,55.0,0.0,1.0,0.84
2023-12-23 10:00:00,112,-7.7,1.7,55.0,1.0,0.9,0.71
2023-12-23 10:00:00,119,-7.8,2.0,53.0,0.0,1.0,0.97
2023-12-23 10:00:00,133,-6.5,0.6,53.0,0.0,1.0,0.95
2023-12-23 10:00:00,143,-4.1,3.2,48.0,3.0,1.0,0.7
2023-12-23 10:00:00,146,-3.5,1.0,61.0,0.0,1.0,0.92
2023-12-23 10:00:00,156,-2.5,2.4,67.0,3.0,1.0,1.07
2023-12-23 10:00:00,159,-1.4,2.5,37.0,1.0,1.0,1.17
2023-12-23 10:00:00,184,3.7,1.5,62.0,7.0,0.1,0.25
2023-12-23 11:00:00,105,-0.5,2.7,25.0,3.0,1.0,1.4
2023-12-23 11:00:00,108,-6.8,1.5,46.0,0.0,1.0,1.44
2023-12-23 11:00:00,112,-6.2,2.5,49.0,0.0,1.0,1.36
2023-12-23 11:00:00,119,-6.2,2.1,48.0,0.0,1.0,1.36
2023-12-23 11:00:00,133,-4.5,1.5,44.0,0.0,1.0,1.44
2023-12-23 11:00:00,143,-2.5,3.9,43.0,1.0,1.0,1.44
2023-12-23 11:00:00,146,-1.7,0.9,51.0,0.0,1.0,1.4
2023-12-23 11:00:00,156,-1.2,2.9,60.0,2.0,1.0,1.6
2023-12-23 11:00:00,159,0.0,1.4,36.0,5.0,1.0,1.62
2023-12-23 11:00:00,184,3.9,2.1,63.0,8.0,0.0,0.25
2023-12-23 12:00:00,105,0.7,2.7,25.0,1.0,1.0,1.7
2023-12-23 12:00:00,108,-5.3,1.7,44.0,0.0,1.0,1.79
2023-12-23 12:00:00,112,-4.9,1.2,47.0,0.0,1.0,1.69
2023-12-23 12:00:00,119,-5.1,1.6,44.0,0.0,1.0,1.69
2023-12-23 12:00:00,133,-3.0,2.0,39.0,0.0,1.0,1.77
2023-12-23 12:00:00,143,-0.5,3.3,39.0,2.0,1.0,1.82
2023-12-23 12:00:00,146,-1.0,1.3,49.0,0.0,1.0,1.72
2023-12-23 12:00:00,156,0.1,2.6,57.0,3.0,1.0,1.86
2023-12-23 12:00:00,159,1.1,2.7,33.0,6.0,1.0,1.91
2023-12-23 12:00:00,184,3.9,3.4,64.0,8.0,0.0,0.28
2023-12-23 13:00:00,105,2.0,2.3,25.0,0.0,1.0,1.8
2023-12-23 13:00:00,108,-2.8,0.9,42.0,0.0,1.0,1.89
2023-12-23 13:00:00,112,-3.7,1.9,44.0,0.0,1.0,1.79
2023-12-23 13:00:00,119,-3.0,1.1,38.0,0.0,1.0,1.8
2023-12-23 13:00:00,133,-2.1,1.8,37.0,0.0,1.0,1.89
2023-12-23 13:00:00,143,0.7,4.4,32.0,2.0,1.0,1.94
2023-12-23 13:00:00,146,-0.3,1.8,48.0,2.0,1.0,1.88
2023-12-23 13:00:00,156,1.1,2.1,55.0,7.0,1.0,1.62
2023-12-23 13:00:00,159,1.8,4.2,29.0,6.0,1.0,2.15
2023-12-23 13:00:00,184,4.0,2.5,65.0,9.0,0.0,0.29
2023-12-23 14:00:00,105,2.7,2.4,26.0,0.0,1.0,1.67
2023-12-23 14:00:00,108,-2.0,2.4,39.0,0.0,1.0,1.81
2023-12-23 14:00:00,112,-2.5,1.2,46.0,2.0,1.0,1.68
2023-12-23 14:00:00,119,-2.4,1.7,39.0,0.0,1.0,1.69
2023-12-23 14:00:00,133,-0.8,0.8,36.0,0.0,1.0,1.78
2023-12-23 14:00:00,143,1.2,5.4,29.0,8.0,1.0,1.62
2023-12-23 14:00:00,146,0.1,1.1,49.0,1.0,1.0,1.81
2023-12-23 14:00:00,156,1.7,1.3,55.0,2.0,1.0,1.74
2023-12-23 14:00:00,159,1.8,4.9,28.0,7.0,1.0,1.93
2023-12-23 14:00:00,184,4.4,0.6,62.0,9.0,0.0,0.4
2023-12-23 15:00:00,105,2.4,3.3,26.0,1.0,1.0,1.35
2023-12-23 15:00:00,108,-1.7,0.8,37.0,0.0,1.0,1.47
2023-12-23 15:00:00,112,-2.4,1.8,48.0,1.0,1.0,1.39
2023-12-23 15:00:00,119,-1.3,1.4,40.0,0.0,1.0,1.34
2023-12-23 15:00:00,133,-0.4,1.1,38.0,1.0,1.0,1.44
2023-12-23 15:00:00,143,1.7,4.3,30.0,5.0,1.0,1.35
2023-12-23 15:00:00,146,1.3,1.1,46.0,2.0,1.0,1.49
2023-12-23 15:00:00,156,2.8,0.8,53.0,7.0,1.0,1.36
2023-12-23 15:00:00,159,2.6,3.4,27.0,6.0,1.0,1.35
2023-12-23 15:00:00,184,4.5,2.4,63.0,9.0,0.0,0.45
2023-12-23 16:00:00,105,2.2,3.0,25.0,0.0,1.0,0.86
2023-12-23 16:00:00,108,-1.3,1.5,40.0,2.0,0.9,0.89
2023-12-23 16:00:00,112,-3.1,2.1,51.0,1.0,0.7,0.73
2023-12-23 16:00:00,119,-1.3,1.8,39.0,0.0,1.0,0.88
2023-12-23 16:00:00,133,-0.6,1.5,39.0,1.0,1.0,0.96
2023-12-23 16:00:00,143,1.5,3.4,34.0,7.0,0.9,0.7
2023-12-23 16:00:00,146,1.3,1.7,48.0,2.0,1.0,0.99
2023-12-23 16:00:00,156,2.2,1.0,54.0,7.0,1.0,0.91
2023-12-23 16:00:00,159,2.7,2.2,31.0,8.0,1.0,0.83
2023-12-23 16:00:00,184,4.8,1.9,61.0,7.0,0.0,0.56
2023-12-23 17:00:00,105,0.2,3.6,30.0,1.0,0.8,0.28
2023-12-23 17:00:00,108,-2.1,0.6,40.0,0.0,1.0,0.37
2023-12-23 17:00:00,112,-3.8,0.9,54.0,8.0,0.2,0.18
2023-12-23 17:00:00,119,-2.3,0.1,41.0,5.0,0.6,0.28
2023-12-23 17:00:00,133,-2.3,0.5,44.0,4.0,0.5,0.3
2023-12-23 17:00:00,143,0.9,3.0,38.0,8.0,0.5,0.26
2023-12-23 17:00:00,146,0.4,1.7,52.0,4.0,0.9,0.34
2023-12-23 17:00:00,156,1.4,0.7,58.0,7.0,0.4,0.37
2023-12-23 17:00:00,159,1.4,1.8,33.0,7.0,0.2,0.28
2023-12-23 17:00:00,184,4.5,1.5,65.0,10.0,0.0,0.23
2023-12-23 18:00:00,105,-0.8,2.6,33.0,1.0,0.0,0.01
2023-12-23 18:00:00,108,-3.3,1.2,45.0,0.0,0.0,0.01
2023-12-23 18:00:00,112,-3.7,0.4,54.0,9.0,0.0,0.01
2023-12-23 18:00:00,119,-3.2,0.8,46.0,7.0,0.0,0.0
2023-12-23 18:00:00,133,-2.7,0.6,46.0,8.0,0.0,0.01
2023-12-23 18:00:00,143,0.3,2.8,42.0,6.0,0.0,0.01
2023-12-23 18:00:00,146,-0.6,1.3,57.0,1.0,0.1,0.02
2023-12-23 18:00:00,156,0.6,1.1,67.0,1.0,0.2,0.09
2023-12-23 18:00:00,159,0.4,1.2,36.0,7.0,0.0,0.01
2023-12-23 18:00:00,184,3.9,1.5,69.0,10.0,0.0,0.01
2023-12-23 19:00:00,105,-1.0,3.8,33.0,2.0,,
2023-12-23 19:00:00,108,-4.2,2.1,49.0,0.0,,
2023-12-23 19:00:00,112,-3.5,0.8,52.0,9.0,,
2023-12-23 19:00:00,119,-3.1,1.9,50.0,0.0,,
2023-12-23 19:00:00,133,-2.9,0.5,47.0,0.0,,
2023-12-23 19:00:00,143,-0.3,2.7,47.0,0.0,,
2023-12-23 19:00:00,146,-0.7,0.6,58.0,0.0,,
2023-12-23 19:00:00,156,-0.4,0.8,77.0,7.0,,
2023-12-23 19:00:00,159,0.0,0.9,35.0,5.0,,
2023-12-23 19:00:00,184,3.5,1.9,72.0,9.0,,
2023-12-23 20:00:00,105,-1.1,3.3,32.0,6.0,,
2023-12-23 20:00:00,108,-3.8,0.3,50.0,0.0,,
2023-12-23 20:00:00,112,-3.4,1.0,53.0,9.0,,
2023-12-23 20:00:00,119,-3.8,0.1,56.0,2.0,,
2023-12-23 20:00:00,133,-2.9,0.4,52.0,9.0,,
2023-12-23 20:00:00,143,-0.7,2.8,49.0,0.0,,
2023-12-23 20:00:00,146,-1.0,0.8,64.0,6.0,,
2023-12-23 20:00:00,156,-0.3,0.6,81.0,6.0,,
2023-12-23 20:00:00,159,0.1,2.0,34.0,5.0,,
2023-12-23 20:00:00,184,3.3,1.8,73.0,9.0,,
2023-12-23 21:00:00,105,-1.3,3.0,34.0,5.0,,
2023-12-23 21:00:00,108,-3.7,1.1,48.0,3.0,,
2023-12-23 21:00:00,112,-3.4,1.7,52.0,6.0,,
2023-12-23 21:00:00,119,-3.9,0.9,58.0,8.0,,
2023-12-23 21:00:00,133,-3.0,0.3,50.0,7.0,,
2023-12-23 21:00:00,143,-2.4,0.9,58.0,0.0,,
2023-12-23 21:00:00,146,-1.6,1.1,69.0,5.0,,
2023-12-23 21:00:00,156,-0.7,0.2,83.0,4.0,,
2023-12-23 21:00:00,159,-0.5,2.2,40.0,6.0,,
2023-12-23 21:00:00,184,3.4,1.5,73.0,9.0,,
2023-12-23 22:00:00,105,-1.7,1.3,36.0,1.0,,
2023-12-23 22:00:00,108,-4.2,2.0,52.0,0.0,,
2023-12-23 22:00:00,112,-3.6,1.4,56.0,7.0,,
2023-12-23 22:00:00,119,-3.8,1.2,57.0,8.0,,
2023-12-23 22:00:00,133,-3.2,0.3,54.0,2.0,,
2023-12-23 22:00:00,143,-3.2,0.7,62.0,3.0,,
2023-12-23 22:00:00,146,-1.5,0.8,66.0,1.0,,
2023-12-23 22:00:00,156,-0.8,0.4,85.0,7.0,,
2023-12-23 22:00:00,159,-0.8,1.8,42.0,0.0,,
2023-12-23 22:00:00,184,3.7,2.0,72.0,10.0,,
2023-12-23 23:00:00,105,-1.7,2.0,37.0,6.0,,
2023-12-23 23:00:00,108,-4.7,2.3,54.0,2.0,,
2023-12-23 23:00:00,112,-3.4,1.1,54.0,9.0,,
2023-12-23 23:00:00,119,-4.2,0.7,59.0,6.0,,
2023-12-23 23:00:00,133,-3.3,0.9,56.0,10.0,,
2023-12-23 23:00:00,143,-4.0,0.8,63.0,5.0,,
2023-12-23 23:00:00,146,-1.3,0.4,66.0,0.0,,
2023-12-23 23:00:00,156,-0.7,0.0,81.0,9.0,,
2023-12-23 23:00:00,159,-0.4,3.1,42.0,0.0,,
2023-12-23 23:00:00,184,3.8,1.8,72.0,10.0,,
2023-12-24 00:00:00,105,-2.2,1.2,40.0,6.0,,
2023-12-24 00:00:00,108,-4.8,2.2,54.0,4.0,,
2023-12-24 00:00:00,112,-3.6,1.8,68.0,9.0,,
2023-12-24 00:00:00,119,-3.6,1.1,68.0,10.0,,
2023-12-24 00:00:00,133,-3.7,1.2,58.0,6.0,,
2023-12-24 00:00:00,143,-4.6,1.1,68.0,3.0,,
2023-12-24 00:00:00,146,-2.1,1.1,69.0,6.0,,
2023-12-24 00:00:00,156,-0.7,0.2,86.0,10.0,,
2023-12-24 00:00:00,159,-1.0,2.9,43.0,0.0,,
2023-12-24 00:00:00,184,3.8,1.7,73.0,9.0,,
2023-12-24 01:00:00,105,-1.8,2.5,40.0,6.0,,
2023-12-24 01:00:00,108,-4.7,2.1,58.0,8.0,,
2023-12-24 01:00:00,112,-4.1,1.0,78.0,9.0,,
2023-12-24 01:00:00,119,-3.9,1.2,79.0,10.0,,
2023-12-24 01:00:00,133,-4.1,1.1,62.0,8.0,,
2023-12-24 01:00:00,143,-4.7,0.4,70.0,9.0,,
2023-12-24 01:00:00,146,-1.4,1.2,65.0,7.0,,
2023-12-24 01:00:00,156,-0.6,0.1,87.0,10.0,,
2023-12-24 01:00:00,159,-1.4,1.1,46.0,6.0,,
2023-12-24 01:00:00,184,3.7,2.4,74.0,10.0,,
2023-12-24 02:00:00,105,-1.3,2.9,42.0,9.0,,
2023-12-24 02:00:00,108,-4.4,1.6,58.0,9.0,,
2023-12-24 02:00:00,112,-4.4,2.4,86.0,9.0,,
2023-12-24 02:00:00,119,-4.3,0.7,87.0,10.0,,
2023-12-24 02:00:00,133,-4.2,0.0,65.0,9.0,,
2023-12-24 02:00:00,143,-4.9,0.8,70.0,8.0,,
2023-12-24 02:00:00,146,-1.3,0.6,66.0,10.0,,
2023-12-24 02:00:00,156,-0.7,0.2,90.0,10.0,,
2023-12-24 02:00:00,159,-1.0,0.8,45.0,10.0,,
2023-12-24 02:00:00,184,3.4,2.7,78.0,7.0,,
2023-12-24 03:00:00,105,-1.4,2.8,43.0,9.0,,
2023-12-24 03:00:00,108,-4.5,2.0,69.0,9.0,,
2023-12-24 03:00:00,112,-4.9,2.0,85.0,9.0,,
2023-12-24 03:00:00,119,-4.7,0.8,89.0,10.0,,
2023-12-24 03:00:00,133,-3.7,0.0,65.0,9.0,,
2023-12-24 03:00:00,143,-5.2,0.4,74.0,3.0,,
2023-12-24 03:00:00,146,-1.2,0.4,67.0,10.0,,
2023-12-24 03:00:00,156,-0.9,0.3,94.0,9.0,,
2023-12-24 03:00:00,159,0.1,2.6,46.0,10.0,,
2023-12-24 03:00:00,184,3.5,2.8,78.0,9.0,,
2023-12-24 04:00:00,105,-1.2,2.3,44.0,7.0,,
2023-12-24 04:00:00,108,-5.0,2.4,83.0,9.0,,
2023-12-24 04:00:00,112,-5.2,2.6,88.0,9.0,,
2023-12-24 04:00:00,119,-4.9,0.9,88.0,10.0,,
2023-12-24 04:00:00,133,-3.7,0.0,67.0,9.0,,
2023-12-24 04:00:00,143,-5.3,0.7,71.0,7.0,,
2023-12-24 04:00:00,146,-2.0,0.1,84.0,10.0,,
2023-12-24 04:00:00,156,-1.4,0.4,99.0,10.0,,
2023-12-24 04:00:00,159,0.3,1.0,43.0,8.0,,
2023-12-24 04:00:00,184,4.7,3.1,70.0,9.0,,
2023-12-24 05:00:00,105,-1.6,2.4,48.0,8.0,,
2023-12-24 05:00:00,108,-5.2,1.9,85.0,9.0,,
2023-12-24 05:00:00,112,-5.1,2.3,88.0,9.0,,
2023-12-24 05:00:00,119,-5.1,0.9,87.0,8.0,,
2023-12-24 05:00:00,133,-3.9,0.1,77.0,10.0,,
2023-12-24 05:00:00,143,-4.6,0.4,73.0,10.0,,
2023-12-24 05:00:00,146,-2.1,0.8,92.0,10.0,,
2023-12-24 05:00:00,156,-1.6,0.2,99.0,10.0,,
2023-12-24 05:00:00,159,0.3,0.7,45.0,8.0,,
2023-12-24 05:00:00,184,6.2,3.2,58.0,8.0,,
2023-12-24 06:00:00,105,-1.9,2.2,49.0,6.0,,
2023-12-24 06:00:00,108,-5.4,2.1,86.0,9.0,,
2023-12-24 06:00:00,112,-5.2,2.3,88.0,4.0,,
2023-12-24 06:00:00,119,-5.3,0.4,88.0,9.0,,
2023-12-24 06:00:00,133,-4.2,0.1,85.0,10.0,,
2023-12-24 06:00:00,143,-4.9,0.5,73.0,3.0,,
2023-12-24 06:00:00,146,-1.9,0.8,94.0,10.0,,
2023-12-24 06:00:00,156,-1.5,0.1,99.0,10.0,,
2023-12-24 06:00:00,159,1.0,3.1,47.0,9.0,,
2023-12-24 06:00:00,184,5.7,2.8,60.0,8.0,,
2023-12-24 07:00:00,105,-2.7,2.0,52.0,6.0,,
2023-12-24 07:00:00,108,-5.5,1.8,84.0,9.0,,
2023-12-24 07:00:00,112,-5.2,2.1,89.0,3.0,,
2023-12-24 07:00:00,119,-4.8,1.3,84.0,8.0,,
2023-12-24 07:00:00,133,-4.3,1.0,88.0,10.0,,
2023-12-24 07:00:00,143,-5.1,0.3,76.0,10.0,,
2023-12-24 07:00:00,146,-1.8,0.1,94.0,10.0,,
2023-12-24 07:00:00,156,-1.4,0.1,99.0,10.0,,
2023-12-24 07:00:00,159,0.7,1.2,58.0,9.0,,
2023-12-24 07:00:00,184,6.3,3.5,69.0,9.0,,
2023-12-24 08:00:00,105,-2.4,3.1,52.0,7.0,0.0,0.01
2023-12-24 08:00:00,108,-5.4,2.0,85.0,6.0,0.0,0.0
2023-12-24 08:00:00,112,-5.5,2.3,88.0,0.0,0.0,0.0
2023-12-24 08:00:00,119,-5.8,0.0,87.0,0.0,0.0,0.0
2023-12-24 08:00:00,133,-4.3,0.0,90.0,10.0,0.0,0.0
2023-12-24 08:00:00,143,-4.6,0.2,75.0,9.0,0.0,0.0
2023-12-24 08:00:00,146,-2.1,0.2,96.0,10.0,0.0,0.01
2023-12-24 08:00:00,156,-1.3,0.3,99.0,10.0,0.0,0.07
2023-12-24 08:00:00,159,0.5,1.1,68.0,10.0,0.0,0.01
2023-12-24 08:00:00,184,6.7,6.2,76.0,10.0,0.0,0.0
2023-12-24 09:00:00,105,-1.0,2.3,51.0,6.0,0.8,0.29
2023-12-24 09:00:00,108,-5.0,1.8,85.0,6.0,0.5,0.19
2023-12-24 09:00:00,112,-4.9,1.8,86.0,2.0,0.1,0.15
2023-12-24 09:00:00,119,-4.2,0.8,84.0,0.0,0.8,0.29
2023-12-24 09:00:00,133,-3.6,0.0,91.0,10.0,0.0,0.11
2023-12-24 09:00:00,143,-3.5,0.9,75.0,9.0,0.0,0.23
2023-12-24 09:00:00,146,-1.1,0.4,96.0,3.0,0.0,0.08
2023-12-24 09:00:00,156,-1.0,0.1,99.0,9.0,0.0,0.16
2023-12-24 09:00:00,159,0.3,0.8,83.0,10.0,0.0,0.13
2023-12-24 09:00:00,184,6.2,3.3,78.0,10.0,0.0,0.0
2023-12-24 10:00:00,105,0.9,2.0,49.0,5.0,0.6,0.59
2023-12-24 10:00:00,108,-3.8,1.6,81.0,7.0,0.3,0.5
2023-12-24 10:00:00,112,-4.0,2.1,85.0,7.0,0.4,0.34
2023-12-24 10:00:00,119,-2.7,2.1,75.0,0.0,1.0,0.86
2023-12-24 10:00:00,133,-1.8,0.2,81.0,6.0,0.2,0.46
2023-12-24 10:00:00,143,-0.9,1.0,62.0,2.0,0.6,0.84
2023-12-24 10:00:00,146,0.0,0.9,92.0,8.0,0.0,0.25
2023-12-24 10:00:00,156,0.0,0.3,99.0,7.0,0.2,0.43
2023-12-24 10:00:00,159,1.1,2.2,73.0,8.0,0.0,0.38
2023-12-24 10:00:00,184,6.8,4.7,74.0,10.0,0.0,0.0
2023-12-24 11:00:00,105,2.9,2.3,43.0,3.0,1.0,1.35
2023-12-24 11:00:00,108,-2.2,1.8,76.0,5.0,0.6,1.11
2023-12-24 11:00:00,112,-2.1,0.7,79.0,4.0,1.0,0.75
2023-12-24 11:00:00,119,-0.7,0.9,68.0,0.0,1.0,1.35
2023-12-24 11:00:00,133,-0.2,1.1,71.0,2.0,0.8,1.25
2023-12-24 11:00:00,143,1.2,0.8,52.0,0.0,1.0,1.37
2023-12-24 11:00:00,146,1.7,1.2,79.0,3.0,0.4,0.57
2023-12-24 11:00:00,156,0.6,0.0,98.0,7.0,0.3,0.77
2023-12-24 11:00:00,159,2.3,2.6,61.0,8.0,0.0,0.77
2023-12-24 11:00:00,184,7.1,4.3,65.0,9.0,0.0,0.15
2023-12-24 12:00:00,105,3.7,3.1,39.0,2.0,1.0,1.66
2023-12-24 12:00:00,108,-1.0,1.2,71.0,2.0,1.0,1.73
2023-12-24 12:00:00,112,-1.4,0.9,76.0,2.0,1.0,1.45
2023-12-24 12:00:00,119,0.6,0.8,62.0,0.0,1.0,1.64
2023-12-24 12:00:00,133,0.7,1.4,71.0,4.0,1.0,1.91
2023-12-24 12:00:00,143,2.8,2.6,49.0,2.0,1.0,1.73
2023-12-24 12:00:00,146,2.6,1.5,68.0,2.0,1.0,1.83
2023-12-24 12:00:00,156,1.8,1.3,94.0,7.0,0.4,1.35
2023-12-24 12:00:00,159,3.5,2.0,57.0,7.0,0.1,1.03
2023-12-24 12:00:00,184,5.1,4.2,81.0,10.0,0.0,0.33
2023-12-24 13:00:00,105,3.7,3.2,39.0,3.0,1.0,1.73
2023-12-24 13:00:00,108,1.5,2.3,65.0,3.0,1.0,1.95
2023-12-24 13:00:00,112,0.3,1.2,72.0,0.0,1.0,1.79
2023-12-24 13:00:00,119,1.4,0.8,60.0,2.0,1.0,1.76
2023-12-24 13:00:00,133,1.4,2.9,68.0,6.0,0.8,1.57
2023-12-24 13:00:00,143,3.9,2.3,48.0,4.0,1.0,1.82
2023-12-24 13:00:00,146,3.3,2.1,58.0,6.0,1.0,1.73
2023-12-24 13:00:00,156,2.2,1.4,84.0,7.0,0.5,1.33
2023-12-24 13:00:00,159,4.4,3.0,48.0,3.0,0.7,1.44
2023-12-24 13:00:00,184,5.2,4.4,79.0,10.0,0.0,0.01
2023-12-24 14:00:00,105,4.3,3.2,38.0,1.0,1.0,1.63
2023-12-24 14:00:00,108,2.3,1.7,62.0,6.0,1.0,1.91
2023-12-24 14:00:00,112,0.9,1.1,68.0,0.0,1.0,1.94
2023-12-24 14:00:00,119,2.8,1.2,54.0,2.0,1.0,1.73
2023-12-24 14:00:00,133,2.4,1.8,56.0,6.0,0.8,1.33
2023-12-24 14:00:00,143,4.5,3.6,48.0,7.0,0.9,1.67
2023-12-24 14:00:00,146,2.4,2.4,73.0,7.0,0.6,1.18
2023-12-24 14:00:00,156,2.1,0.8,85.0,6.0,0.4,1.13
2023-12-24 14:00:00,159,5.9,2.6,45.0,2.0,0.8,1.63
2023-12-24 14:00:00,184,5.2,4.1,79.0,10.0,0.0,0.0
2023-12-24 15:00:00,105,4.0,4.2,39.0,3.0,1.0,1.37
2023-12-24 15:00:00,108,2.5,3.0,58.0,5.0,1.0,1.56
2023-12-24 15:00:00,112,0.8,1.8,66.0,7.0,0.8,1.39
2023-12-24 15:00:00,119,2.5,2.3,54.0,2.0,1.0,1.5
2023-12-24 15:00:00,133,2.1,3.0,57.0,5.0,0.8,1.19
2023-12-24 15:00:00,143,4.1,4.1,48.0,5.0,0.4,0.84
2023-12-24 15:00:00,146,2.6,1.8,67.0,8.0,0.8,1.26
2023-12-24 15:00:00,156,2.5,1.0,76.0,9.0,0.5,0.85
2023-12-24 15:00:00,159,6.2,2.6,41.0,0.0,1.0,1.51
2023-12-24 15:00:00,184,5.1,5.6,77.0,10.0,0.0,0.0
2023-12-24 16:00:00,105,2.8,3.5,43.0,2.0,0.8,0.68
2023-12-24 16:00:00,108,2.2,1.0,56.0,2.0,0.9,0.89
2023-12-24 16:00:00,112,0.2,1.6,67.0,6.0,0.5,0.73
2023-12-24 16:00:00,119,1.1,2.4,55.0,8.0,0.5,0.75
2023-12-24 16:00:00,133,2.4,1.3,57.0,6.0,1.0,1.08
2023-12-24 16:00:00,143,3.7,2.5,46.0,3.0,1.0,0.85
2023-12-24 16:00:00,146,1.5,3.1,72.0,7.0,0.2,0.49
2023-12-24 16:00:00,156,2.5,1.0,68.0,7.0,0.4,0.51
2023-12-24 16:00:00,159,5.3,2.2,43.0,1.0,0.9,0.93
2023-12-24 16:00:00,184,5.7,4.7,66.0,10.0,0.0,0.0
2023-12-24 17:00:00,105,1.6,2.9,47.0,3.0,0.5,0.18
2023-12-24 17:00:00,108,0.7,1.1,61.0,2.0,0.6,0.24
2023-12-24 17:00:00,112,-0.4,2.1,70.0,6.0,0.5,0.27
2023-12-24 17:00:00,119,0.4,1.0,61.0,2.0,0.1,0.22
2023-12-24 17:00:00,133,0.1,2.1,68.0,3.0,0.5,0.41
2023-12-24 17:00:00,143,2.2,2.0,52.0,3.0,0.7,0.28
2023-12-24 17:00:00,146,0.9,1.0,71.0,2.0,0.7,0.27
2023-12-24 17:00:00,156,2.2,0.7,70.0,7.0,0.5,0.34
2023-12-24 17:00:00,159,3.7,2.4,48.0,0.0,0.6,0.26
2023-12-24 17:00:00,184,5.6,5.0,64.0,10.0,0.0,0.0
2023-12-24 18:00:00,105,0.7,2.7,50.0,1.0,0.0,0.0
2023-12-24 18:00:00,108,-0.4,1.2,66.0,0.0,0.0,0.01
2023-12-24 18:00:00,112,-1.2,1.4,72.0,1.0,0.0,0.02
2023-12-24 18:00:00,119,-1.1,0.1,67.0,2.0,0.0,0.0
2023-12-24 18:00:00,133,-1.1,1.3,76.0,0.0,0.0,0.02
2023-12-24 18:00:00,143,1.2,2.0,56.0,0.0,0.0,0.0
2023-12-24 18:00:00,146,0.4,0.3,73.0,0.0,0.0,0.02
2023-12-24 18:00:00,156,1.5,0.8,72.0,7.0,0.0,0.08
2023-12-24 18:00:00,159,2.8,2.3,48.0,0.0,0.0,0.01
2023-12-24 18:00:00,184,5.6,4.4,61.0,10.0,0.0,0.0
2023-12-24 19:00:00,105,0.0,1.4,53.0,1.0,,
2023-12-24 19:00:00,108,-1.1,1.3,70.0,0.0,,
2023-12-24 19:00:00,112,-1.5,0.9,74.0,0.0,,
2023-12-24 19:00:00,119,-1.5,0.6,73.0,6.0,,
2023-12-24 19:00:00,133,-1.5,1.5,78.0,2.0,,
2023-12-24 19:00:00,143,0.6,2.7,60.0,0.0,,
2023-12-24 19:00:00,146,-0.5,1.0,80.0,0.0,,
2023-12-24 19:00:00,156,1.1,1.0,71.0,0.0,,
2023-12-24 19:00:00,159,2.2,1.4,49.0,0.0,,
2023-12-24 19:00:00,184,5.9,5.1,59.0,8.0,,
2023-12-24 20:00:00,105,0.0,3.4,54.0,0.0,,
2023-12-24 20:00:00,108,-1.3,1.3,71.0,0.0,,
2023-12-24 20:00:00,112,-1.9,1.3,75.0,0.0,,
2023-12-24 20:00:00,119,-1.5,0.3,75.0,0.0,,
2023-12-24 20:00:00,133,-1.0,1.1,75.0,0.0,,
2023-12-24 20:00:00,143,-0.5,0.6,64.0,0.0,,
2023-12-24 20:00:00,146,-0.6,1.1,82.0,2.0,,
2023-12-24 20:00:00,156,0.5,0.9,80.0,0.0,,
2023-12-24 20:00:00,159,2.0,3.2,49.0,0.0,,
2023-12-24 20:00:00,184,5.8,4.3,59.0,8.0,,
2023-12-24 21:00:00,105,-0.2,2.7,54.0,0.0,,
2023-12-24 21:00:00,108,-2.1,1.4,74.0,1.0,,
2023-12-24 21:00:00,112,-1.7,1.9,73.0,7.0,,
2023-12-24 21:00:00,119,-2.8,0.2,77.0,0.0,,
2023-12-24 21:00:00,133,-0.8,1.6,73.0,8.0,,
2023-12-24 21:00:00,143,-1.4,0.9,69.0,0.0,,
2023-12-24 21:00:00,146,-0.4,1.3,83.0,9.0,,
2023-12-24 21:00:00,156,-0.2,0.5,88.0,3.0,,
2023-12-24 21:00:00,159,1.7,3.5,51.0,0.0,,
2023-12-24 21:00:00,184,6.0,4.5,57.0,10.0,,
2023-12-24 22:00:00,105,-0.6,1.9,56.0,0.0,,
2023-12-24 22:00:00,108,-2.3,0.6,78.0,7.0,,
2023-12-24 22:00:00,112,-1.4,2.3,76.0,8.0,,
2023-12-24 22:00:00,119,-3.7,0.4,83.0,0.0,,
2023-12-24 22:00:00,133,-0.9,0.4,72.0,9.0,,
2023-12-24 22:00:00,143,-2.1,0.7,74.0,0.0,,
2023-12-24 22:00:00,146,-0.2,0.8,80.0,9.0,,
2023-12-24 22:00:00,156,-0.1,1.0,88.0,3.0,,
2023-12-24 22:00:00,159,1.0,3.2,55.0,0.0,,
2023-12-24 22:00:00,184,6.2,4.5,58.0,8.0,,
2023-12-24 23:00:00,105,-0.5,2.4,56.0,1.0,,
2023-12-24 23:00:00,108,-1.8,0.4,78.0,0.0,,
2023-12-24 23:00:00,112,-1.4,2.1,80.0,4.0,,
2023-12-24 23:00:00,119,-4.6,0.3,85.0,0.0,,
2023-12-24 23:00:00,133,-1.3,0.3,81.0,8.0,,
2023-12-24 23:00:00,143,-3.1,0.8,80.0,0.0,,
2023-12-24 23:00:00,146,-0.1,0.6,81.0,9.0,,
2023-12-24 23:00:00,156,-0.3,0.7,92.0,0.0,,
2023-12-24 23:00:00,159,0.8,3.7,55.0,0.0,,
2023-12-24 23:00:00,184,6.2,4.7,62.0,8.0,,
2023-12-25 00:00:00,105,-0.3,2.9,55.0,0.0,,
2023-12-25 00:00:00,108,-1.5,0.5,78.0,8.0,,
2023-12-25 00:00:00,112,-1.3,2.2,81.0,9.0,,
2023-12-25 00:00:00,119,-4.9,0.2,89.0,2.0,,
2023-12-25 00:00:00,133,-1.8,0.1,84.0,8.0,,
2023-12-25 00:00:00,143,-3.5,0.5,79.0,7.0,,
2023-12-25 00:00:00,146,0.3,0.6,79.0,9.0,,
2023-12-25 00:00:00,156,0.1,0.7,84.0,9.0,,
2023-12-25 00:00:00,159,0.1,2.4,58.0,0.0,,
2023-12-25 00:00:00,184,6.3,3.8,63.0,10.0,,
2023-12-25 01:00:00,105,-0.2,2.4,55.0,6.0,,
2023-12-25 01:00:00,108,-1.5,1.2,78.0,9.0,,
2023-12-25 01:00:00,112,-1.0,0.2,81.0,9.0,,
2023-12-25 01:00:00,119,-4.0,1.4,90.0,9.0,,
2023-12-25 01:00:00,133,-1.9,0.3,86.0,5.0,,
2023-12-25 01:00:00,143,-3.6,0.4,81.0,7.0,,
2023-12-25 01:00:00,146,-0.5,0.7,85.0,9.0,,
2023-12-25 01:00:00,156,0.1,0.2,92.0,5.0,,
2023-12-25 01:00:00,159,-0.2,2.2,58.0,0.0,,
2023-12-25 01:00:00,184,6.3,4.9,67.0,10.0,,
2023-12-25 02:00:00,105,0.0,2.5,55.0,9.0,,
2023-12-25 02:00:00,108,-1.4,0.7,88.0,8.0,,
2023-12-25 02:00:00,112,-1.2,1.3,85.0,9.0,,
2023-12-25 02:00:00,119,-3.3,1.7,89.0,6.0,,
2023-12-25 02:00:00,133,-2.0,1.2,87.0,0.0,,
2023-12-25 02:00:00,143,-3.3,0.8,79.0,0.0,,
2023-12-25 02:00:00,146,-1.1,1.1,91.0,9.0,,
2023-12-25 02:00:00,156,-1.1,0.7,96.0,0.0,,
2023-12-25 02:00:00,159,-0.6,0.7,59.0,0.0,,
2023-12-25 02:00:00,184,6.5,4.4,62.0,8.0,,
2023-12-25 03:00:00,105,0.3,2.8,54.0,9.0,,
2023-12-25 03:00:00,108,-1.5,0.3,89.0,9.0,,
2023-12-25 03:00:00,112,-1.1,1.4,86.0,8.0,,
2023-12-25 03:00:00,119,-3.1,1.7,91.0,8.0,,
2023-12-25 03:00:00,133,-2.4,1.1,88.0,7.0,,
2023-12-25 03:00:00,143,-3.0,0.1,78.0,6.0,,
2023-12-25 03:00:00,146,-1.0,1.3,89.0,7.0,,
2023-12-25 03:00:00,156,-0.5,0.8,97.0,8.0,,
2023-12-25 03:00:00,159,-1.2,1.3,60.0,0.0,,
2023-12-25 03:00:00,184,6.5,5.2,61.0,10.0,,
2023-12-25 04:00:00,105,0.2,2.1,56.0,9.0,,
2023-12-25 04:00:00,108,-1.7,2.1,91.0,9.0,,
2023-12-25 04:00:00,112,-1.1,1.8,90.0,9.0,,
2023-12-25 04:00:00,119,-2.6,1.3,95.0,9.0,,
2023-12-25 04:00:00,133,-2.3,0.2,90.0,9.0,,
2023-12-25 04:00:00,143,-3.8,0.9,83.0,2.0,,
2023-12-25 04:00:00,146,-1.2,1.1,87.0,8.0,,
2023-12-25 04:00:00,156,-0.5,0.7,97.0,8.0,,
2023-12-25 04:00:00,159,-1.1,1.7,59.0,0.0,,
2023-12-25 04:00:00,184,6.3,5.8,56.0,10.0,,
2023-12-25 05:00:00,105,0.2,1.2,56.0,8.0,,
2023-12-25 05:00:00,108,-1.6,0.7,91.0,9.0,,
2023-12-25 05:00:00,112,-0.9,1.3,93.0,8.0,,
2023-12-25 05:00:00,119,-2.5,0.5,95.0,10.0,,
2023-12-25 05:00:00,133,-2.4,0.1,92.0,9.0,,
2023-12-25 05:00:00,143,-3.8,0.6,84.0,7.0,,
2023-12-25 05:00:00,146,-1.2,1.3,89.0,8.0,,
2023-12-25 05:00:00,156,-0.4,0.3,97.0,7.0,,
2023-12-25 05:00:00,159,-0.8,2.3,59.0,0.0,,
2023-12-25 05:00:00,184,6.3,5.1,54.0,10.0,,
2023-12-25 06:00:00,105,0.3,1.4,57.0,7.0,,
2023-12-25 06:00:00,108,-1.5,0.2,93.0,9.0,,
2023-12-25 06:00:00,112,-0.4,2.6,76.0,2.0,,
2023-12-25 06:00:00,119,-2.5,1.6,96.0,10.0,,
2023-12-25 06:00:00,133,-2.4,2.2,90.0,3.0,,
2023-12-25 06:00:00,143,-3.2,1.0,82.0,3.0,,
2023-12-25 06:00:00,146,-1.3,1.3,90.0,8.0,,
2023-12-25 06:00:00,156,-0.3,0.3,98.0,8.0,,
2023-12-25 06:00:00,159,-1.2,1.1,59.0,0.0,,
2023-12-25 06:00:00,184,6.3,6.4,52.0,10.0,,
2023-12-25 07:00:00,105,0.3,2.6,57.0,5.0,,
2023-12-25 07:00:00,108,-1.5,0.2,92.0,9.0,,
2023-12-25 07:00:00,112,0.2,3.4,67.0,8.0,,
2023-12-25 07:00:00,119,-3.2,1.3,95.0,4.0,,
2023-12-25 07:00:00,133,-2.6,1.2,90.0,2.0,,
2023-12-25 07:00:00,143,-2.9,0.5,82.0,1.0,,
2023-12-25 07:00:00,146,-1.3,0.8,89.0,7.0,,
2023-12-25 07:00:00,156,-1.1,1.0,99.0,8.0,,
2023-12-25 07:00:00,159,-1.2,2.1,59.0,0.0,,
2023-12-25 07:00:00,184,6.3,5.6,52.0,10.0,,
2023-12-25 08:00:00,105,0.5,2.1,58.0,5.0,0.0,0.01
2023-12-25 08:00:00,108,-1.3,0.2,93.0,9.0,0.0,0.0
2023-12-25 08:00:00,112,0.5,3.1,68.0,9.0,0.0,0.0
2023-12-25 08:00:00,119,-3.5,1.0,97.0,8.0,0.0,0.01
2023-12-25 08:00:00,133,-3.2,1.5,91.0,5.0,0.0,0.01
2023-12-25 08:00:00,143,-3.6,0.1,85.0,0.0,0.0,0.01
2023-12-25 08:00:00,146,-1.8,1.4,94.0,3.0,0.0,0.01
2023-12-25 08:00:00,156,-1.1,0.1,99.0,7.0,0.0,0.08
2023-12-25 08:00:00,159,-1.1,1.3,59.0,0.0,0.2,0.02
2023-12-25 08:00:00,184,6.4,6.5,51.0,10.0,0.0,0.0
2023-12-25 09:00:00,105,1.6,2.6,56.0,6.0,0.7,0.27
2023-12-25 09:00:00,108,-0.8,0.6,94.0,9.0,0.0,0.09
2023-12-25 09:00:00,112,-0.1,2.2,87.0,10.0,0.0,0.05
2023-12-25 09:00:00,119,-2.6,1.3,99.0,10.0,0.0,0.17
2023-12-25 09:00:00,133,-1.7,0.5,91.0,1.0,0.2,0.2
2023-12-25 09:00:00,143,-2.0,0.7,79.0,0.0,0.9,0.36
2023-12-25 09:00:00,146,-1.0,1.4,93.0,6.0,0.0,0.22
2023-12-25 09:00:00,156,0.0,0.3,99.0,7.0,0.4,0.35
2023-12-25 09:00:00,159,1.4,1.8,53.0,0.0,1.0,0.45
2023-12-25 09:00:00,184,6.3,5.9,52.0,9.0,0.0,0.04
2023-12-25 10:00:00,105,2.9,2.3,50.0,5.0,0.7,0.61
2023-12-25 10:00:00,108,-0.1,1.4,93.0,9.0,0.0,0.21
2023-12-25 10:00:00,112,0.0,1.9,87.0,9.0,0.0,0.17
2023-12-25 10:00:00,119,-1.7,1.0,99.0,10.0,0.0,0.32
2023-12-25 10:00:00,133,0.7,2.0,75.0,0.0,1.0,1.01
2023-12-25 10:00:00,143,-0.2,1.9,70.0,0.0,1.0,0.92
2023-12-25 10:00:00,146,0.4,0.7,88.0,7.0,0.3,0.53
2023-12-25 10:00:00,156,1.9,0.1,96.0,6.0,0.7,0.9
2023-12-25 10:00:00,159,2.5,1.9,51.0,0.0,1.0,1.08
2023-12-25 10:00:00,184,6.5,5.8,51.0,8.0,0.0,0.2
2023-12-25 11:00:00,105,3.9,2.9,45.0,5.0,1.0,1.22
2023-12-25 11:00:00,108,0.2,2.2,89.0,9.0,0.0,0.23
2023-12-25 11:00:00,112,0.3,1.9,85.0,7.0,0.0,0.57
2023-12-25 11:00:00,119,-1.2,1.4,96.0,10.0,0.0,0.21
2023-12-25 11:00:00,133,2.1,2.5,67.0,1.0,1.0,1.51
2023-12-25 11:00:00,143,2.4,3.0,61.0,1.0,1.0,1.4
2023-12-25 11:00:00,146,1.7,1.1,77.0,7.0,0.4,0.9
2023-12-25 11:00:00,156,2.6,0.8,81.0,8.0,0.7,1.21
2023-12-25 11:00:00,159,3.8,2.3,50.0,0.0,1.0,1.61
2023-12-25 11:00:00,184,6.8,5.7,48.0,8.0,0.0,0.48
2023-12-25 12:00:00,105,4.5,3.0,44.0,4.0,1.0,1.57
2023-12-25 12:00:00,108,1.0,1.9,81.0,8.0,0.0,0.46
2023-12-25 12:00:00,112,1.1,2.6,76.0,6.0,0.5,1.25
2023-12-25 12:00:00,119,0.0,0.3,91.0,9.0,0.0,0.43
2023-12-25 12:00:00,133,2.7,2.8,57.0,2.0,1.0,1.75
2023-12-25 12:00:00,143,4.2,3.5,48.0,1.0,1.0,1.69
2023-12-25 12:00:00,146,3.2,2.0,63.0,4.0,0.7,1.38
2023-12-25 12:00:00,156,2.9,0.4,77.0,7.0,0.1,0.8
2023-12-25 12:00:00,159,5.0,2.3,41.0,1.0,1.0,1.93
2023-12-25 12:00:00,184,6.8,4.8,57.0,9.0,0.0,0.41
2023-12-25 13:00:00,105,5.1,2.8,42.0,3.0,1.0,1.7
2023-12-25 13:00:00,108,1.2,2.9,76.0,8.0,0.2,0.81
2023-12-25 13:00:00,112,1.1,2.4,69.0,7.0,0.2,0.95
2023-12-25 13:00:00,119,1.4,1.5,80.0,8.0,0.2,1.09
2023-12-25 13:00:00,133,3.3,2.4,48.0,8.0,0.9,1.76
2023-12-25 13:00:00,143,5.1,3.5,45.0,5.0,0.9,1.91
2023-12-25 13:00:00,146,4.1,2.5,56.0,3.0,0.9,1.58
2023-12-25 13:00:00,156,3.3,0.8,71.0,7.0,0.4,1.32
2023-12-25 13:00:00,159,5.8,3.0,39.0,0.0,1.0,2.02
2023-12-25 13:00:00,184,6.8,4.6,57.0,9.0,0.0,0.21
2023-12-25 14:00:00,105,5.0,4.4,44.0,1.0,1.0,1.63
2023-12-25 14:00:00,108,1.2,3.1,70.0,8.0,0.0,0.62
2023-12-25 14:00:00,112,1.2,2.9,63.0,5.0,0.3,0.93
2023-12-25 14:00:00,119,2.2,1.5,76.0,7.0,0.1,0.95
2023-12-25 14:00:00,133,2.2,1.6,55.0,9.0,0.0,0.61
2023-12-25 14:00:00,143,5.6,4.1,42.0,5.0,0.8,1.66
2023-12-25 14:00:00,146,4.0,3.0,51.0,3.0,0.9,1.68
2023-12-25 14:00:00,156,4.4,1.3,58.0,7.0,0.3,1.1
2023-12-25 14:00:00,159,6.1,3.0,39.0,1.0,1.0,1.87
2023-12-25 14:00:00,184,7.1,5.7,51.0,8.0,0.0,0.44
2023-12-25 15:00:00,105,4.4,3.9,43.0,0.0,1.0,1.28
2023-12-25 15:00:00,108,1.3,2.8,67.0,8.0,0.1,0.62
2023-12-25 15:00:00,112,1.7,3.7,59.0,2.0,0.6,1.09
2023-12-25 15:00:00,119,2.9,2.7,59.0,4.0,0.4,1.17
2023-12-25 15:00:00,133,1.9,1.4,64.0,8.0,0.0,0.31
2023-12-25 15:00:00,143,4.5,3.6,43.0,3.0,0.2,0.62
2023-12-25 15:00:00,146,3.5,2.7,58.0,9.0,0.2,0.56
2023-12-25 15:00:00,156,3.9,2.0,60.0,8.0,0.4,0.93
2023-12-25 15:00:00,159,6.3,3.0,39.0,1.0,1.0,1.53
2023-12-25 15:00:00,184,7.4,5.2,50.0,8.0,0.1,0.67
2023-12-25 16:00:00,105,3.9,3.6,42.0,0.0,1.0,0.83
2023-12-25 16:00:00,108,1.9,1.9,66.0,8.0,0.5,0.66
2023-12-25 16:00:00,112,1.6,3.6,58.0,1.0,1.0,0.95
2023-12-25 16:00:00,119,2.9,2.0,56.0,1.0,1.0,1.0
2023-12-25 16:00:00,133,1.9,1.3,66.0,8.0,0.1,0.51
2023-12-25 16:00:00,143,4.4,4.4,42.0,3.0,0.4,0.46
2023-12-25 16:00:00,146,3.1,2.8,65.0,9.0,0.2,0.4
2023-12-25 16:00:00,156,3.9,1.3,63.0,7.0,0.1,0.44
2023-12-25 16:00:00,159,6.5,1.5,40.0,0.0,1.0,1.0
2023-12-25 16:00:00,184,6.9,3.9,55.0,9.0,0.0,0.2
2023-12-25 17:00:00,105,2.4,3.4,50.0,0.0,0.5,0.2
2023-12-25 17:00:00,108,1.5,2.7,59.0,2.0,0.9,0.43
2023-12-25 17:00:00,112,0.6,3.1,61.0,0.0,1.0,0.38
2023-12-25 17:00:00,119,1.3,2.4,63.0,0.0,1.0,0.35
2023-12-25 17:00:00,133,1.5,2.1,70.0,5.0,0.0,0.22
2023-12-25 17:00:00,143,3.7,2.9,45.0,2.0,0.2,0.23
2023-12-25 17:00:00,146,2.6,1.3,71.0,9.0,0.0,0.17
2023-12-25 17:00:00,156,3.5,0.4,66.0,8.0,0.0,0.19
2023-12-25 17:00:00,159,4.5,3.1,42.0,0.0,0.8,0.37
2023-12-25 17:00:00,184,6.7,5.3,51.0,8.0,0.0,0.03
2023-12-25 18:00:00,105,1.9,4.1,50.0,0.0,0.0,0.01
2023-12-25 18:00:00,108,0.1,1.7,61.0,0.0,0.0,0.01
2023-12-25 18:00:00,112,-0.5,2.9,64.0,0.0,0.1,0.01
2023-12-25 18:00:00,119,-0.5,1.0,73.0,0.0,0.1,0.02
2023-12-25 18:00:00,133,0.6,1.1,76.0,7.0,0.0,0.02
2023-12-25 18:00:00,143,3.0,2.9,48.0,1.0,0.0,0.01
2023-12-25 18:00:00,146,1.8,0.8,81.0,5.0,0.0,0.0
2023-12-25 18:00:00,156,2.4,0.1,74.0,2.0,0.0,0.07
2023-12-25 18:00:00,159,3.7,3.0,44.0,0.0,0.0,0.01
2023-12-25 18:00:00,184,6.5,3.5,54.0,8.0,0.0,0.01
2023-12-25 19:00:00,105,1.6,4.3,52.0,0.0,,
2023-12-25 19:00:00,108,-0.6,1.9,70.0,0.0,,
2023-12-25 19:00:00,112,-0.9,1.5,69.0,0.0,,
2023-12-25 19:00:00,119,-1.8,0.6,80.0,0.0,,
2023-12-25 19:00:00,133,-0.2,1.2,81.0,1.0,,
2023-12-25 19:00:00,143,2.3,2.0,52.0,0.0,,
2023-12-25 19:00:00,146,2.1,0.8,82.0,0.0,,
2023-12-25 19:00:00,156,2.6,0.7,75.0,0.0,,
2023-12-25 19:00:00,159,3.1,1.6,46.0,0.0,,
2023-12-25 19:00:00,184,6.6,3.6,55.0,8.0,,
2023-12-25 20:00:00,105,1.5,4.2,52.0,0.0,,
2023-12-25 20:00:00,108,-1.1,2.7,75.0,0.0,,
2023-12-25 20:00:00,112,-1.0,2.1,69.0,0.0,,
2023-12-25 20:00:00,119,-2.7,0.4,84.0,0.0,,
2023-12-25 20:00:00,133,-0.2,1.0,82.0,0.0,,
2023-12-25 20:00:00,143,1.6,2.1,57.0,0.0,,
2023-12-25 20:00:00,146,1.6,1.2,81.0,0.0,,
2023-12-25 20:00:00,156,2.1,1.5,81.0,0.0,,
2023-12-25 20:00:00,159,2.4,2.1,46.0,0.0,,
2023-12-25 20:00:00,184,6.5,3.7,52.0,7.0,,
2023-12-25 21:00:00,105,1.5,4.1,51.0,0.0,,
2023-12-25 21:00:00,108,-1.7,1.2,77.0,0.0,,
2023-12-25 21:00:00,112,-1.4,0.9,71.0,0.0,,
2023-12-25 21:00:00,119,-3.7,0.7,90.0,0.0,,
2023-12-25 21:00:00,133,-0.8,1.7,85.0,8.0,,
2023-12-25 21:00:00,143,0.8,0.5,62.0,2.0,,
2023-12-25 21:00:00,146,1.1,1.2,81.0,8.0,,
2023-12-25 21:00:00,156,1.6,0.7,83.0,9.0,,
2023-12-25 21:00:00,159,1.8,1.4,49.0,0.0,,
2023-12-25 21:00:00,184,6.5,2.4,54.0,8.0,,
2023-12-25 22:00:00,105,1.3,5.0,51.0,2.0,,
2023-12-25 22:00:00,108,-2.3,1.0,80.0,0.0,,
2023-12-25 22:00:00,112,-1.7,0.9,75.0,0.0,,
2023-12-25 22:00:00,119,-4.5,0.7,91.0,4.0,,
2023-12-25 22:00:00,133,-0.7,1.6,84.0,0.0,,
2023-12-25 22:00:00,143,-1.0,1.4,70.0,0.0,,
2023-12-25 22:00:00,146,1.3,1.0,80.0,3.0,,
2023-12-25 22:00:00,156,0.8,1.3,88.0,0.0,,
2023-12-25 22:00:00,159,1.5,1.9,51.0,0.0,,
2023-12-25 22:00:00,184,5.9,1.0,59.0,6.0,,
2023-12-25 23:00:00,105,1.5,5.0,47.0,0.0,,
2023-12-25 23:00:00,108,-2.6,0.8,82.0,0.0,,
2023-12-25 23:00:00,112,-1.6,1.7,78.0,1.0,,
2023-12-25 23:00:00,119,-5.1,0.1,94.0,0.0,,
2023-12-25 23:00:00,133,-1.0,1.1,86.0,0.0,,
2023-12-25 23:00:00,143,-1.7,0.0,75.0,0.0,,
2023-12-25 23:00:00,146,1.1,1.2,81.0,0.0,,
2023-12-25 23:00:00,156,0.4,0.9,90.0,0.0,,
2023-12-25 23:00:00,159,1.2,1.3,53.0,0.0,,
2023-12-25 23:00:00,184,5.3,2.3,61.0,7.0,,
2023-12-26 00:00:00,105,1.2,3.1,47.0,1.0,,
2023-12-26 00:00:00,108,-2.6,0.2,84.0,9.0,,
2023-12-26 00:00:00,112,-1.4,1.5,78.0,9.0,,
2023-12-26 00:00:00,119,-5.2,0.3,95.0,7.0,,
2023-12-26 00:00:00,133,-0.9,1.7,86.0,9.0,,
2023-12-26 00:00:00,143,-2.6,0.9,79.0,0.0,,
2023-12-26 00:00:00,146,1.0,1.0,82.0,9.0,,
2023-12-26 00:00:00,156,-0.1,1.1,91.0,2.0,,
2023-12-26 00:00:00,159,1.9,3.9,52.0,0.0,,
2023-12-26 00:00:00,184,5.3,2.3,61.0,7.0,,
2023-12-26 01:00:00,105,1.3,4.0,48.0,0.0,,
2023-12-26 01:00:00,108,-2.1,0.1,82.0,1.0,,
2023-12-26 01:00:00,112,-1.2,1.6,78.0,9.0,,
2023-12-26 01:00:00,119,-4.6,0.6,96.0,9.0,,
2023-12-26 01:00:00,133,-0.7,0.5,84.0,9.0,,
2023-12-26 01:00:00,143,-3.0,1.2,82.0,1.0,,
2023-12-26 01:00:00,146,1.1,1.0,82.0,0.0,,
2023-12-26 01:00:00,156,-0.5,0.6,94.0,0.0,,
2023-12-26 01:00:00,159,1.5,2.4,54.0,0.0,,
2023-12-26 01:00:00,184,5.3,2.9,60.0,7.0,,
2023-12-26 02:00:00,105,1.2,4.2,45.0,5.0,,
2023-12-26 02:00:00,108,-1.7,1.2,82.0,5.0,,
2023-12-26 02:00:00,112,-0.9,2.5,79.0,9.0,,
2023-12-26 02:00:00,119,-3.4,0.6,96.0,0.0,,
2023-12-26 02:00:00,133,-0.6,0.0,83.0,0.0,,
2023-12-26 02:00:00,143,-3.4,0.7,85.0,0.0,,
2023-12-26 02:00:00,146,1.2,1.1,82.0,0.0,,
2023-12-26 02:00:00,156,-0.6,0.4,95.0,0.0,,
2023-12-26 02:00:00,159,1.5,2.6,54.0,0.0,,
2023-12-26 02:00:00,184,5.3,2.2,62.0,8.0,,
2023-12-26 03:00:00,105,1.1,5.4,49.0,3.0,,
2023-12-26 03:00:00,108,-1.7,1.2,81.0,8.0,,
2023-12-26 03:00:00,112,-0.8,2.7,79.0,9.0,,
2023-12-26 03:00:00,119,-2.9,0.7,95.0,9.0,,
2023-12-26 03:00:00,133,-0.6,0.0,85.0,9.0,,
2023-12-26 03:00:00,143,-3.4,1.1,85.0,0.0,,
2023-12-26 03:00:00,146,1.3,0.9,82.0,9.0,,
2023-12-26 03:00:00,156,-0.1,0.9,92.0,9.0,,
2023-12-26 03:00:00,159,1.0,3.1,57.0,0.0,,
2023-12-26 03:00:00,184,5.5,2.0,63.0,8.0,,
2023-12-26 04:00:00,105,1.1,4.5,54.0,6.0,,
2023-12-26 04:00:00,108,-1.6,1.9,82.0,9.0,,
2023-12-26 04:00:00,112,-0.7,2.4,80.0,9.0,,
2023-12-26 04:00:00,119,-2.8,0.6,94.0,9.0,,
2023-12-26 04:00:00,133,-0.5,0.0,85.0,9.0,,
2023-12-26 04:00:00,143,-4.1,0.0,89.0,1.0,,
2023-12-26 04:00:00,146,1.5,1.2,81.0,9.0,,
2023-12-26 04:00:00,156,0.0,1.2,96.0,9.0,,
2023-12-26 04:00:00,159,0.9,3.7,58.0,0.0,,
2023-12-26 04:00:00,184,6.0,2.6,63.0,8.0,,
2023-12-26 05:00:00,105,1.2,3.3,57.0,2.0,,
2023-12-26 05:00:00,108,-1.6,1.1,83.0,8.0,,
2023-12-26 05:00:00,112,-0.4,3.1,81.0,8.0,,
2023-12-26 05:00:00,119,-2.7,0.0,93.0,9.0,,
2023-12-26 05:00:00,133,-0.6,0.1,84.0,9.0,,
2023-12-26 05:00:00,143,-4.1,0.4,91.0,9.0,,
2023-12-26 05:00:00,146,1.6,1.6,80.0,9.0,,
2023-12-26 05:00:00,156,0.2,0.1,97.0,9.0,,
2023-12-26 05:00:00,159,1.0,2.9,59.0,0.0,,
2023-12-26 05:00:00,184,6.4,2.1,64.0,9.0,,
2023-12-26 06:00:00,105,1.2,2.3,59.0,0.0,,
2023-12-26 06:00:00,108,-1.5,1.6,82.0,8.0,,
2023-12-26 06:00:00,112,-0.4,2.5,82.0,8.0,,
2023-12-26 06:00:00,119,-2.7,1.4,93.0,9.0,,
2023-12-26 06:00:00,133,-1.3,1.1,88.0,3.0,,
2023-12-26 06:00:00,143,-4.4,0.9,90.0,0.0,,
2023-12-26 06:00:00,146,1.3,1.6,79.0,9.0,,
2023-12-26 06:00:00,156,0.3,0.4,97.0,9.0,,
2023-12-26 06:00:00,159,1.1,4.2,59.0,0.0,,
2023-12-26 06:00:00,184,6.8,1.8,65.0,9.0,,
2023-12-26 07:00:00,105,2.4,3.7,57.0,6.0,,
2023-12-26 07:00:00,108,-1.8,2.0,84.0,7.0,,
2023-12-26 07:00:00,112,-0.6,2.2,83.0,7.0,,
2023-12-26 07:00:00,119,-2.8,0.0,93.0,8.0,,
2023-12-26 07:00:00,133,-1.1,1.0,86.0,8.0,,
2023-12-26 07:00:00,143,-4.6,0.4,91.0,0.0,,
2023-12-26 07:00:00,146,1.4,0.9,78.0,9.0,,
2023-12-26 07:00:00,156,-0.1,0.3,98.0,9.0,,
2023-12-26 07:00:00,159,0.5,3.3,60.0,0.0,,
2023-12-26 07:00:00,184,7.0,2.0,67.0,9.0,,
2023-12-26 08:00:00,105,2.5,2.7,55.0,6.0,0.0,0.0
2023-12-26 08:00:00,108,-1.7,1.6,85.0,2.0,0.0,0.0
2023-12-26 08:00:00,112,-0.5,1.1,83.0,4.0,0.0,0.0
2023-12-26 08:00:00,119,-3.3,0.3,93.0,7.0,0.0,0.0
2023-12-26 08:00:00,133,-1.5,0.0,88.0,3.0,0.0,0.0
2023-12-26 08:00:00,143,-4.5,0.2,91.0,0.0,0.1,0.02
2023-12-26 08:00:00,146,1.3,1.1,79.0,5.0,0.0,0.01
2023-12-26 08:00:00,156,-0.1,0.5,99.0,8.0,0.0,0.07
2023-12-26 08:00:00,159,0.9,3.0,59.0,0.0,0.3,0.03
2023-12-26 08:00:00,184,7.4,2.3,66.0,8.0,0.0,0.0
2023-12-26 09:00:00,105,3.8,2.6,54.0,3.0,0.7,0.29
2023-12-26 09:00:00,108,-1.2,1.4,86.0,1.0,0.6,0.25
2023-12-26 09:00:00,112,1.6,2.7,81.0,1.0,0.5,0.23
2023-12-26 09:00:00,119,-1.6,0.7,96.0,3.0,0.5,0.31
2023-12-26 09:00:00,133,-0.7,0.1,85.0,4.0,0.4,0.23
2023-12-26 09:00:00,143,-2.3,0.5,86.0,0.0,1.0,0.52
2023-12-26 09:00:00,146,2.0,1.1,77.0,7.0,0.0,0.17
2023-12-26 09:00:00,156,0.9,0.0,98.0,9.0,0.1,0.28
2023-12-26 09:00:00,159,2.8,2.2,55.0,0.0,1.0,0.49
2023-12-26 09:00:00,184,7.9,2.7,62.0,6.0,0.1,0.22
2023-12-26 10:00:00,105,5.0,3.5,47.0,2.0,1.0,0.84
2023-12-26 10:00:00,108,0.6,1.4,83.0,0.0,1.0,0.77
2023-12-26 10:00:00,112,3.6,4.0,71.0,0.0,1.0,0.8
2023-12-26 10:00:00,119,1.6,1.1,79.0,3.0,1.0,0.87
2023-12-26 10:00:00,133,2.4,0.2,76.0,6.0,0.4,0.77
2023-12-26 10:00:00,143,0.6,2.5,69.0,0.0,1.0,1.28
2023-12-26 10:00:00,146,4.6,1.3,67.0,2.0,0.7,0.68
2023-12-26 10:00:00,156,3.0,0.3,84.0,5.0,0.8,0.91
2023-12-26 10:00:00,159,4.1,3.0,52.0,0.0,1.0,1.12
2023-12-26 10:00:00,184,9.5,4.0,55.0,7.0,0.2,0.47
2023-12-26 11:00:00,105,6.3,2.9,42.0,2.0,1.0,1.29
2023-12-26 11:00:00,108,3.6,1.8,74.0,1.0,1.0,1.26
2023-12-26 11:00:00,112,4.8,5.5,64.0,1.0,1.0,1.32
2023-12-26 11:00:00,119,4.1,1.1,67.0,1.0,1.0,1.32
2023-12-26 11:00:00,133,5.4,2.3,57.0,5.0,0.9,1.36
2023-12-26 11:00:00,143,2.7,1.5,62.0,0.0,1.0,1.6
2023-12-26 11:00:00,146,5.7,1.7,62.0,8.0,0.6,1.0
2023-12-26 11:00:00,156,5.0,1.0,74.0,6.0,1.0,1.48
2023-12-26 11:00:00,159,4.7,4.8,51.0,0.0,1.0,1.63
2023-12-26 11:00:00,184,10.3,3.4,51.0,9.0,0.2,0.75
2023-12-26 12:00:00,105,6.9,3.0,40.0,1.0,1.0,1.62
2023-12-26 12:00:00,108,5.4,3.3,66.0,2.0,1.0,1.64
2023-12-26 12:00:00,112,5.5,3.9,57.0,2.0,1.0,1.76
2023-12-26 12:00:00,119,5.7,2.1,63.0,2.0,0.9,1.44
2023-12-26 12:00:00,133,7.4,1.7,48.0,5.0,1.0,1.97
2023-12-26 12:00:00,143,6.0,2.4,48.0,0.0,1.0,1.73
2023-12-26 12:00:00,146,6.1,1.8,61.0,7.0,0.4,1.07
2023-12-26 12:00:00,156,6.5,0.9,68.0,7.0,1.0,1.65
2023-12-26 12:00:00,159,6.0,4.8,49.0,0.0,1.0,1.92
2023-12-26 12:00:00,184,10.5,3.3,55.0,8.0,0.0,0.38
2023-12-26 13:00:00,105,7.4,3.8,41.0,0.0,1.0,1.75
2023-12-26 13:00:00,108,6.5,4.1,54.0,5.0,0.9,1.88
2023-12-26 13:00:00,112,5.8,4.3,57.0,2.0,1.0,1.71
2023-12-26 13:00:00,119,6.1,4.7,56.0,3.0,1.0,1.93
2023-12-26 13:00:00,133,7.2,2.5,48.0,4.0,0.8,1.87
2023-12-26 13:00:00,143,7.4,2.8,44.0,0.0,1.0,1.84
2023-12-26 13:00:00,146,7.1,3.9,56.0,5.0,0.8,1.46
2023-12-26 13:00:00,156,7.1,1.0,62.0,7.0,0.9,1.61
2023-12-26 13:00:00,159,8.2,3.1,43.0,0.0,1.0,2.01
2023-12-26 13:00:00,184,10.5,2.6,56.0,9.0,0.1,0.52
2023-12-26 14:00:00,105,7.2,5.6,41.0,5.0,1.0,1.71
2023-12-26 14:00:00,108,6.1,3.5,54.0,2.0,0.6,1.05
2023-12-26 14:00:00,112,6.2,4.8,57.0,4.0,1.0,1.86
2023-12-26 14:00:00,119,6.2,4.2,55.0,2.0,1.0,1.69
2023-12-26 14:00:00,133,7.1,2.6,48.0,3.0,0.8,1.48
2023-12-26 14:00:00,143,8.2,4.1,42.0,0.0,1.0,1.72
2023-12-26 14:00:00,146,6.9,3.4,57.0,6.0,0.7,1.39
2023-12-26 14:00:00,156,7.6,1.3,60.0,7.0,0.8,1.51
2023-12-26 14:00:00,159,7.9,4.6,42.0,2.0,1.0,1.86
2023-12-26 14:00:00,184,10.4,1.9,55.0,9.0,0.0,0.31
2023-12-26 15:00:00,105,7.1,4.8,42.0,0.0,1.0,1.23
2023-12-26 15:00:00,108,7.2,2.3,52.0,1.0,0.9,1.3
2023-12-26 15:00:00,112,6.3,3.0,51.0,0.0,1.0,1.42
2023-12-26 15:00:00,119,6.3,4.0,53.0,1.0,1.0,1.34
2023-12-26 15:00:00,133,7.1,2.2,50.0,7.0,0.6,1.14
2023-12-26 15:00:00,143,9.0,3.2,40.0,0.0,1.0,1.39
2023-12-26 15:00:00,146,6.8,2.1,59.0,7.0,0.3,0.67
2023-12-26 15:00:00,156,7.9,1.6,62.0,6.0,0.8,1.37
2023-12-26 15:00:00,159,8.6,3.9,43.0,6.0,1.0,1.48
2023-12-26 15:00:00,184,10.6,2.4,55.0,10.0,0.0,0.36
2023-12-26 16:00:00,105,6.6,3.8,46.0,1.0,1.0,0.75
2023-12-26 16:00:00,108,6.3,3.0,52.0,7.0,1.0,0.73
2023-12-26 16:00:00,112,5.7,2.4,52.0,6.0,1.0,0.74
2023-12-26 16:00:00,119,6.1,2.8,55.0,5.0,1.0,0.86
2023-12-26 16:00:00,133,6.7,1.4,52.0,2.0,0.6,0.76
2023-12-26 16:00:00,143,8.9,1.6,40.0,1.0,1.0,0.8
2023-12-26 16:00:00,146,6.8,1.9,60.0,4.0,0.1,0.38
2023-12-26 16:00:00,156,7.2,1.0,63.0,7.0,0.1,0.44
2023-12-26 16:00:00,159,7.9,4.0,45.0,4.0,0.7,0.73
2023-12-26 16:00:00,184,10.6,1.8,57.0,9.0,0.0,0.33
2023-12-26 17:00:00,105,5.9,3.9,47.0,6.0,0.5,0.19
2023-12-26 17:00:00,108,5.2,2.7,57.0,7.0,0.5,0.27
2023-12-26 17:00:00,112,4.7,2.4,57.0,6.0,0.3,0.24
2023-12-26 17:00:00,119,5.1,2.0,58.0,7.0,0.5,0.29
2023-12-26 17:00:00,133,5.4,1.3,59.0,6.0,0.0,0.19
2023-12-26 17:00:00,143,7.8,2.5,42.0,1.0,0.8,0.35
2023-12-26 17:00:00,146,6.5,1.1,61.0,6.0,0.6,0.28
2023-12-26 17:00:00,156,6.4,0.7,66.0,6.0,0.1,0.32
2023-12-26 17:00:00,159,6.9,3.0,48.0,7.0,0.3,0.28
2023-12-26 17:00:00,184,10.2,2.4,58.0,9.0,0.0,0.17
2023-12-26 18:00:00,105,5.2,3.5,50.0,4.0,0.0,0.01
2023-12-26 18:00:00,108,4.2,2.3,61.0,3.0,0.0,0.02
2023-12-26 18:00:00,112,4.0,2.3,62.0,4.0,0.0,0.02
2023-12-26 18:00:00,119,3.2,0.8,68.0,6.0,0.0,0.01
2023-12-26 18:00:00,133,4.6,1.3,62.0,5.0,0.0,0.01
2023-12-26 18:00:00,143,6.2,2.7,49.0,1.0,0.0,0.0
2023-12-26 18:00:00,146,5.9,0.4,64.0,6.0,0.0,0.01
2023-12-26 18:00:00,156,5.9,0.4,68.0,7.0,0.0,0.06
2023-12-26 18:00:00,159,5.9,1.0,53.0,3.0,0.0,0.01
2023-12-26 18:00:00,184,9.7,1.9,60.0,8.0,0.0,0.02
2023-12-26 19:00:00,105,5.2,4.7,52.0,1.0,,
2023-12-26 19:00:00,108,3.3,1.6,65.0,6.0,,
2023-12-26 19:00:00,112,3.6,1.8,67.0,6.0,,
2023-12-26 19:00:00,119,1.9,1.1,74.0,2.0,,
2023-12-26 19:00:00,133,3.4,0.7,68.0,0.0,,
2023-12-26 19:00:00,143,4.6,1.2,56.0,6.0,,
2023-12-26 19:00:00,146,5.9,1.0,65.0,1.0,,
2023-12-26 19:00:00,156,4.9,0.6,76.0,6.0,,
2023-12-26 19:00:00,159,5.1,2.3,55.0,6.0,,
2023-12-26 19:00:00,184,8.6,1.9,65.0,9.0,,
2023-12-26 20:00:00,105,4.9,2.7,52.0,5.0,,
2023-12-26 20:00:00,108,2.5,1.2,69.0,6.0,,
2023-12-26 20:00:00,112,3.3,1.8,70.0,6.0,,
2023-12-26 20:00:00,119,0.5,0.2,80.0,6.0,,
2023-12-26 20:00:00,133,2.3,1.6,72.0,1.0,,
2023-12-26 20:00:00,143,3.8,1.0,60.0,7.0,,
2023-12-26 20:00:00,146,4.6,1.3,72.0,8.0,,
2023-12-26 20:00:00,156,4.3,0.7,81.0,6.0,,
2023-12-26 20:00:00,159,5.5,2.2,55.0,6.0,,
2023-12-26 20:00:00,184,8.2,1.8,67.0,10.0,,
2023-12-26 21:00:00,105,4.5,2.8,52.0,6.0,,
2023-12-26 21:00:00,108,2.0,1.4,73.0,0.0,,
2023-12-26 21:00:00,112,2.7,2.3,74.0,0.0,,
2023-12-26 21:00:00,119,-0.5,0.1,84.0,5.0,,
2023-12-26 21:00:00,133,1.1,1.3,77.0,0.0,,
2023-12-26 21:00:00,143,2.7,1.2,65.0,7.0,,
2023-12-26 21:00:00,146,3.6,1.5,75.0,6.0,,
2023-12-26 21:00:00,156,3.8,0.0,85.0,9.0,,
2023-12-26 21:00:00,159,5.8,2.1,58.0,8.0,,
2023-12-26 21:00:00,184,7.8,1.9,68.0,6.0,,
2023-12-26 22:00:00,105,4.2,2.1,53.0,4.0,,
2023-12-26 22:00:00,108,1.6,0.9,77.0,2.0,,
2023-12-26 22:00:00,112,2.0,1.3,78.0,0.0,,
2023-12-26 22:00:00,119,-0.9,0.6,86.0,6.0,,
2023-12-26 22:00:00,133,0.5,0.2,79.0,6.0,,
2023-12-26 22:00:00,143,1.3,0.0,71.0,7.0,,
2023-12-26 22:00:00,146,3.0,1.4,79.0,8.0,,
2023-12-26 22:00:00,156,3.3,0.2,89.0,7.0,,
2023-12-26 22:00:00,159,6.1,3.2,54.0,10.0,,
2023-12-26 22:00:00,184,7.5,2.7,68.0,6.0,,
2023-12-26 23:00:00,105,4.3,2.9,53.0,6.0,,
2023-12-26 23:00:00,108,1.1,1.0,79.0,1.0,,
2023-12-26 23:00:00,112,1.8,1.9,83.0,0.0,,
2023-12-26 23:00:00,119,-1.5,1.2,89.0,6.0,,
2023-12-26 23:00:00,133,-0.1,0.7,82.0,6.0,,
2023-12-26 23:00:00,143,1.0,0.7,73.0,9.0,,
2023-12-26 23:00:00,146,2.8,1.1,79.0,9.0,,
2023-12-26 23:00:00,156,2.7,0.9,91.0,8.0,,
2023-12-26 23:00:00,159,5.3,3.5,54.0,9.0,,
2023-12-26 23:00:00,184,7.6,2.2,69.0,8.0,,
2023-12-27 00:00:00,105,3.8,2.3,54.0,6.0,,
2023-12-27 00:00:00,108,0.5,0.9,82.0,0.0,,
2023-12-27 00:00:00,112,1.2,0.8,80.0,0.0,,
2023-12-27 00:00:00,119,-2.0,0.3,90.0,6.0,,
2023-12-27 00:00:00,133,0.0,0.1,83.0,9.0,,
2023-12-27 00:00:00,143,0.9,0.9,76.0,9.0,,
2023-12-27 00:00:00,146,2.6,0.7,80.0,10.0,,
2023-12-27 00:00:00,156,2.5,1.3,96.0,10.0,,
2023-12-27 00:00:00,159,4.9,4.7,54.0,9.0,,
2023-12-27 00:00:00,184,7.7,1.6,69.0,10.0,,
2023-12-27 01:00:00,105,3.2,1.1,56.0,6.0,,
2023-12-27 01:00:00,108,0.1,0.8,84.0,0.0,,
2023-12-27 01:00:00,112,0.6,2.1,88.0,0.0,,
2023-12-27 01:00:00,119,-2.4,0.2,91.0,0.0,,
2023-12-27 01:00:00,133,0.0,0.0,83.0,10.0,,
2023-12-27 01:00:00,143,1.0,0.4,76.0,10.0,,
2023-12-27 01:00:00,146,2.2,1.5,82.0,10.0,,
2023-12-27 01:00:00,156,2.5,0.5,96.0,10.0,,
2023-12-27 01:00:00,159,4.7,3.0,55.0,10.0,,
2023-12-27 01:00:00,184,8.0,1.7,69.0,10.0,,
2023-12-27 02:00:00,105,2.3,1.4,60.0,1.0,,
2023-12-27 02:00:00,108,-0.5,0.7,85.0,0.0,,
2023-12-27 02:00:00,112,-0.3,2.7,75.0,0.0,,
2023-12-27 02:00:00,119,-3.1,0.4,92.0,0.0,,
2023-12-27 02:00:00,133,-0.3,1.1,84.0,10.0,,
2023-12-27 02:00:00,143,1.0,0.5,77.0,10.0,,
2023-12-27 02:00:00,146,1.9,1.2,84.0,9.0,,
2023-12-27 02:00:00,156,2.2,0.7,97.0,8.0,,
2023-12-27 02:00:00,159,4.8,3.9,53.0,9.0,,
2023-12-27 02:00:00,184,7.7,2.5,70.0,8.0,,
2023-12-27 03:00:00,105,1.4,1.8,64.0,0.0,,
2023-12-27 03:00:00,108,-0.9,1.9,86.0,0.0,,
2023-12-27 03:00:00,112,-0.6,2.3,77.0,0.0,,
2023-12-27 03:00:00,119,-3.3,0.0,94.0,5.0,,
2023-12-27 03:00:00,133,-0.4,0.0,86.0,9.0,,
2023-12-27 03:00:00,143,0.6,0.5,81.0,9.0,,
2023-12-27 03:00:00,146,1.6,1.4,85.0,8.0,,
2023-12-27 03:00:00,156,1.9,0.0,98.0,7.0,,
2023-12-27 03:00:00,159,4.7,2.0,51.0,9.0,,
2023-12-27 03:00:00,184,7.7,1.4,72.0,9.0,,
2023-12-27 04:00:00,105,1.5,2.7,64.0,2.0,,
2023-12-27 04:00:00,108,-1.4,1.7,87.0,0.0,,
2023-12-27 04:00:00,112,-1.2,2.6,77.0,0.0,,
2023-12-27 04:00:00,119,-3.5,1.9,95.0,0.0,,
2023-12-27 04:00:00,133,-0.5,0.3,86.0,9.0,,
2023-12-27 04:00:00,143,0.5,0.0,81.0,9.0,,
2023-12-27 04:00:00,146,1.8,1.1,84.0,10.0,,
2023-12-27 04:00:00,156,2.0,0.7,98.0,10.0,,
2023-12-27 04:00:00,159,4.9,3.5,49.0,9.0,,
2023-12-27 04:00:00,184,7.6,1.9,74.0,9.0,,
2023-12-27 05:00:00,105,1.2,3.2,65.0,0.0,,
2023-12-27 05:00:00,108,-1.7,1.6,89.0,0.0,,
2023-12-27 05:00:00,112,-1.6,2.4,80.0,0.0,,
2023-12-27 05:00:00,119,-3.8,0.2,94.0,0.0,,
2023-12-27 05:00:00,133,-0.6,0.1,87.0,9.0,,
2023-12-27 05:00:00,143,0.3,1.8,81.0,10.0,,
2023-12-27 05:00:00,146,1.9,1.2,83.0,10.0,,
2023-12-27 05:00:00,156,1.9,0.0,98.0,10.0,,
2023-12-27 05:00:00,159,4.3,2.2,53.0,8.0,,
2023-12-27 05:00:00,184,7.6,0.7,74.0,8.0,,
2023-12-27 06:00:00,105,0.8,3.8,64.0,1.0,,
2023-12-27 06:00:00,108,-2.1,1.6,90.0,0.0,,
2023-12-27 06:00:00,112,-2.0,2.5,83.0,0.0,,
2023-12-27 06:00:00,119,-4.1,0.8,95.0,0.0,,
2023-12-27 06:00:00,133,-0.6,0.1,87.0,8.0,,
2023-12-27 06:00:00,143,0.2,0.5,80.0,7.0,,
2023-12-27 06:00:00,146,2.0,1.2,82.0,10.0,,
2023-12-27 06:00:00,156,1.9,0.1,98.0,8.0,,
2023-12-27 06:00:00,159,4.1,1.5,52.0,8.0,,
2023-12-27 06:00:00,184,7.8,2.4,74.0,7.0,,
2023-12-27 07:00:00,105,0.8,3.5,64.0,3.0,,
2023-12-27 07:00:00,108,-2.5,2.0,91.0,0.0,,
2023-12-27 07:00:00,112,-2.4,2.1,84.0,0.0,,
2023-12-27 07:00:00,119,-3.8,0.2,95.0,4.0,,
2023-12-27 07:00:00,133,-0.8,0.9,88.0,8.0,,
2023-12-27 07:00:00,143,-0.4,0.9,84.0,5.0,,
2023-12-27 07:00:00,146,1.2,0.9,84.0,5.0,,
2023-12-27 07:00:00,156,1.6,0.5,99.0,7.0,,
2023-12-27 07:00:00,159,4.1,1.3,56.0,8.0,,
2023-12-27 07:00:00,184,7.6,1.5,74.0,9.0,,
2023-12-27 08:00:00,105,0.5,3.9,63.0,3.0,0.0,0.01
2023-12-27 08:00:00,108,-2.7,1.9,91.0,0.0,0.0,0.0
2023-12-27 08:00:00,112,-2.6,2.4,86.0,0.0,0.0,0.0
2023-12-27 08:00:00,119,-3.8,1.1,96.0,2.0,0.0,0.0
2023-12-27 08:00:00,133,-1.0,0.0,90.0,4.0,0.0,0.0
2023-12-27 08:00:00,143,-0.8,1.4,86.0,4.0,0.0,0.01
2023-12-27 08:00:00,146,1.3,0.7,85.0,6.0,0.0,0.01
2023-12-27 08:00:00,156,1.2,1.0,99.0,0.0,0.0,0.07
2023-12-27 08:00:00,159,4.4,1.5,56.0,8.0,0.0,0.01
2023-12-27 08:00:00,184,7.2,0.7,75.0,7.0,0.0,0.01
2023-12-27 09:00:00,105,1.1,3.7,62.0,3.0,0.8,0.27
2023-12-27 09:00:00,108,-2.2,1.3,91.0,0.0,0.7,0.25
2023-12-27 09:00:00,112,-1.8,1.7,86.0,0.0,0.5,0.23
2023-12-27 09:00:00,119,-2.4,0.3,97.0,0.0,0.6,0.26
2023-12-27 09:00:00,133,-0.2,1.5,87.0,0.0,0.5,0.31
2023-12-27 09:00:00,143,1.0,0.4,80.0,0.0,0.5,0.28
2023-12-27 09:00:00,146,2.8,1.0,78.0,0.0,0.8,0.27
2023-12-27 09:00:00,156,2.3,0.2,99.0,0.0,0.7,0.4
2023-12-27 09:00:00,159,5.4,0.4,51.0,7.0,0.1,0.29
2023-12-27 09:00:00,184,7.4,0.9,75.0,1.0,0.3,0.22
2023-12-27 10:00:00,105,3.5,2.7,55.0,2.0,1.0,0.79
2023-12-27 10:00:00,108,0.3,2.0,85.0,0.0,1.0,0.76
2023-12-27 10:00:00,112,-0.6,0.8,83.0,0.0,1.0,0.74
2023-12-27 10:00:00,119,0.2,0.4,92.0,0.0,1.0,0.71
2023-12-27 10:00:00,133,2.4,1.5,77.0,3.0,1.0,0.85
2023-12-27 10:00:00,143,3.3,0.7,68.0,0.0,1.0,0.88
2023-12-27 10:00:00,146,4.5,0.4,72.0,0.0,1.0,0.8
2023-12-27 10:00:00,156,3.8,0.6,91.0,0.0,1.0,0.97
2023-12-27 10:00:00,159,8.9,0.9,45.0,1.0,0.9,0.98
2023-12-27 10:00:00,184,10.6,1.1,61.0,1.0,1.0,0.87
2023-12-27 11:00:00,105,5.8,1.1,51.0,1.0,1.0,1.24
2023-12-27 11:00:00,108,1.8,2.3,78.0,0.0,1.0,1.27
2023-12-27 11:00:00,112,1.0,1.0,79.0,1.0,1.0,1.23
2023-12-27 11:00:00,119,2.8,1.4,74.0,0.0,1.0,1.17
2023-12-27 11:00:00,133,5.0,0.9,68.0,0.0,1.0,1.3
2023-12-27 11:00:00,143,6.2,1.4,59.0,0.0,1.0,1.39
2023-12-27 11:00:00,146,6.9,0.2,63.0,0.0,1.0,1.24
2023-12-27 11:00:00,156,6.0,0.0,81.0,0.0,1.0,1.45
2023-12-27 11:00:00,159,10.7,1.2,38.0,0.0,1.0,1.58
2023-12-27 11:00:00,184,12.2,2.3,55.0,3.0,0.9,1.19
2023-12-27 12:00:00,105,6.5,0.9,51.0,0.0,1.0,1.55
2023-12-27 12:00:00,108,3.6,1.3,71.0,0.0,1.0,1.61
2023-12-27 12:00:00,112,2.1,1.9,78.0,0.0,1.0,1.53
2023-12-27 12:00:00,119,5.0,1.2,65.0,0.0,1.0,1.5
2023-12-27 12:00:00,133,6.4,1.7,58.0,0.0,1.0,1.65
2023-12-27 12:00:00,143,7.3,1.3,52.0,0.0,1.0,1.69
2023-12-27 12:00:00,146,7.1,1.6,61.0,0.0,1.0,1.56
2023-12-27 12:00:00,156,7.7,0.8,68.0,0.0,1.0,1.78
2023-12-27 12:00:00,159,11.5,2.0,36.0,0.0,1.0,1.92
2023-12-27 12:00:00,184,12.9,2.0,52.0,6.0,1.0,1.68
2023-12-27 13:00:00,105,7.4,1.7,54.0,1.0,1.0,1.66
2023-12-27 13:00:00,108,5.0,1.4,67.0,0.0,1.0,1.69
2023-12-27 13:00:00,112,3.4,1.7,73.0,1.0,1.0,1.67
2023-12-27 13:00:00,119,6.4,1.8,60.0,0.0,1.0,1.61
2023-12-27 13:00:00,133,8.3,1.2,50.0,0.0,1.0,1.78
2023-12-27 13:00:00,143,8.1,1.5,37.0,0.0,1.0,1.82
2023-12-27 13:00:00,146,7.8,1.4,59.0,0.0,1.0,1.7
2023-12-27 13:00:00,156,9.6,1.4,63.0,0.0,1.0,1.9
2023-12-27 13:00:00,159,12.3,2.8,38.0,0.0,1.0,2.0
2023-12-27 13:00:00,184,12.3,3.0,55.0,8.0,0.6,1.6
2023-12-27 14:00:00,105,7.2,1.8,54.0,0.0,1.0,1.52
2023-12-27 14:00:00,108,5.8,1.8,61.0,1.0,1.0,1.57
2023-12-27 14:00:00,112,4.4,1.9,70.0,1.0,1.0,1.49
2023-12-27 14:00:00,119,7.0,1.5,55.0,1.0,1.0,1.54
2023-12-27 14:00:00,133,9.2,1.3,46.0,0.0,1.0,1.7
2023-12-27 14:00:00,143,9.2,1.3,26.0,0.0,1.0,1.7
2023-12-27 14:00:00,146,8.0,1.5,57.0,0.0,1.0,1.6
2023-12-27 14:00:00,156,9.9,1.1,60.0,0.0,1.0,1.81
2023-12-27 14:00:00,159,11.6,2.9,39.0,0.0,1.0,1.82
2023-12-27 14:00:00,184,12.9,1.8,54.0,1.0,0.5,1.37
2023-12-27 15:00:00,105,7.0,1.1,53.0,2.0,1.0,1.17
2023-12-27 15:00:00,108,6.4,1.0,58.0,1.0,1.0,1.3
2023-12-27 15:00:00,112,5.4,2.1,65.0,1.0,1.0,1.18
2023-12-27 15:00:00,119,6.9,1.3,57.0,0.0,1.0,1.24
2023-12-27 15:00:00,133,8.9,1.4,44.0,0.0,1.0,1.39
2023-12-27 15:00:00,143,11.1,1.3,25.0,0.0,1.0,1.34
2023-12-27 15:00:00,146,8.3,1.7,59.0,0.0,1.0,1.28
2023-12-27 15:00:00,156,9.9,1.7,54.0,0.0,1.0,1.45
2023-12-27 15:00:00,159,11.9,2.8,40.0,0.0,1.0,1.51
2023-12-27 15:00:00,184,13.1,2.6,53.0,4.0,1.0,1.47
2023-12-27 16:00:00,105,6.8,0.9,55.0,3.0,1.0,0.7
2023-12-27 16:00:00,108,6.7,1.2,58.0,1.0,1.0,0.72
2023-12-27 16:00:00,112,5.2,1.3,64.0,1.0,1.0,0.85
2023-12-27 16:00:00,119,6.6,0.9,54.0,0.0,1.0,0.67
2023-12-27 16:00:00,133,9.1,0.9,45.0,0.0,1.0,0.84
2023-12-27 16:00:00,143,11.0,1.2,30.0,0.0,1.0,0.82
2023-12-27 16:00:00,146,7.8,2.0,60.0,0.0,1.0,0.83
2023-12-27 16:00:00,156,9.5,1.3,60.0,0.0,1.0,0.88
2023-12-27 16:00:00,159,11.7,1.8,37.0,1.0,1.0,1.01
2023-12-27 16:00:00,184,12.4,3.0,56.0,8.0,0.9,0.95
2023-12-27 17:00:00,105,5.5,0.8,62.0,5.0,0.7,0.24
2023-12-27 17:00:00,108,5.6,0.8,59.0,0.0,0.5,0.28
2023-12-27 17:00:00,112,3.9,1.5,71.0,1.0,1.0,0.33
2023-12-27 17:00:00,119,5.5,1.1,59.0,0.0,0.5,0.25
2023-12-27 17:00:00,133,6.6,0.9,56.0,4.0,0.5,0.25
2023-12-27 17:00:00,143,9.2,0.7,39.0,0.0,0.5,0.23
2023-12-27 17:00:00,146,7.0,0.9,64.0,6.0,0.7,0.31
2023-12-27 17:00:00,156,8.8,1.1,63.0,5.0,0.3,0.28
2023-12-27 17:00:00,159,9.3,1.8,45.0,0.0,0.7,0.34
2023-12-27 17:00:00,184,11.3,2.1,60.0,7.0,0.0,0.2
2023-12-27 18:00:00,105,4.2,1.8,66.0,7.0,0.0,0.01
2023-12-27 18:00:00,108,4.2,1.5,65.0,0.0,0.0,0.02
2023-12-27 18:00:00,112,2.8,0.6,72.0,1.0,0.1,0.02
2023-12-27 18:00:00,119,3.2,0.9,73.0,0.0,0.0,0.01
2023-12-27 18:00:00,133,5.3,0.0,63.0,4.0,0.0,0.01
2023-12-27 18:00:00,143,6.6,0.8,48.0,1.0,0.0,0.01
2023-12-27 18:00:00,146,6.3,0.1,68.0,0.0,0.0,0.02
2023-12-27 18:00:00,156,7.2,1.4,76.0,5.0,0.0,0.09
2023-12-27 18:00:00,159,7.8,1.1,49.0,1.0,0.0,0.01
2023-12-27 18:00:00,184,10.9,2.0,61.0,7.0,0.0,0.04
2023-12-27 19:00:00,105,2.4,1.8,72.0,2.0,,
2023-12-27 19:00:00,108,3.2,1.8,70.0,1.0,,
2023-12-27 19:00:00,112,2.1,1.4,80.0,0.0,,
2023-12-27 19:00:00,119,1.7,0.3,80.0,0.0,,
2023-12-27 19:00:00,133,4.4,0.2,67.0,5.0,,
2023-12-27 19:00:00,143,4.7,1.0,55.0,5.0,,
2023-12-27 19:00:00,146,5.6,1.4,71.0,0.0,,
2023-12-27 19:00:00,156,6.1,0.3,83.0,6.0,,
2023-12-27 19:00:00,159,7.1,1.0,54.0,3.0,,
2023-12-27 19:00:00,184,10.4,0.8,63.0,6.0,,
2023-12-27 20:00:00,105,1.5,1.7,76.0,0.0,,
2023-12-27 20:00:00,108,2.4,1.6,72.0,0.0,,
2023-12-27 20:00:00,112,1.7,1.9,83.0,0.0,,
2023-12-27 20:00:00,119,0.6,0.9,85.0,0.0,,
2023-12-27 20:00:00,133,2.8,1.9,75.0,0.0,,
2023-12-27 20:00:00,143,4.0,1.5,57.0,6.0,,
2023-12-27 20:00:00,146,4.6,0.3,78.0,6.0,,
2023-12-27 20:00:00,156,5.7,0.5,87.0,0.0,,
2023-12-27 20:00:00,159,6.2,0.2,58.0,0.0,,
2023-12-27 20:00:00,184,9.4,0.9,68.0,6.0,,
2023-12-27 21:00:00,105,1.0,1.8,78.0,0.0,,
2023-12-27 21:00:00,108,2.0,1.2,73.0,0.0,,
2023-12-27 21:00:00,112,1.3,2.1,84.0,0.0,,
2023-12-27 21:00:00,119,-0.2,1.6,90.0,0.0,,
2023-12-27 21:00:00,133,1.9,0.0,78.0,0.0,,
2023-12-27 21:00:00,143,3.0,1.4,63.0,0.0,,
2023-12-27 21:00:00,146,3.3,1.4,83.0,0.0,,
2023-12-27 21:00:00,156,4.8,0.9,93.0,0.0,,
2023-12-27 21:00:00,159,6.0,0.6,60.0,2.0,,
2023-12-27 21:00:00,184,8.7,2.4,72.0,6.0,,
2023-12-27 22:00:00,105,0.6,0.4,79.0,0.0,,
2023-12-27 22:00:00,108,1.5,1.1,76.0,0.0,,
2023-12-27 22:00:00,112,1.2,2.3,81.0,0.0,,
2023-12-27 22:00:00,119,-0.6,1.2,91.0,0.0,,
2023-12-27 22:00:00,133,0.9,1.4,82.0,0.0,,
2023-12-27 22:00:00,143,2.2,0.9,64.0,1.0,,
2023-12-27 22:00:00,146,2.7,1.1,86.0,5.0,,
2023-12-27 22:00:00,156,4.7,0.6,95.0,0.0,,
2023-12-27 22:00:00,159,5.9,0.5,59.0,2.0,,
2023-12-27 22:00:00,184,8.3,1.8,73.0,4.0,,
2023-12-27 23:00:00,105,0.2,1.4,81.0,0.0,,
2023-12-27 23:00:00,108,1.1,0.5,78.0,0.0,,
2023-12-27 23:00:00,112,0.9,1.1,83.0,0.0,,
2023-12-27 23:00:00,119,-1.2,0.8,93.0,0.0,,
2023-12-27 23:00:00,133,0.4,0.0,85.0,1.0,,
2023-12-27 23:00:00,143,1.3,0.1,68.0,0.0,,
2023-12-27 23:00:00,146,2.0,1.5,87.0,0.0,,
2023-12-27 23:00:00,156,4.3,0.2,97.0,1.0,,
2023-12-27 23:00:00,159,6.0,0.0,62.0,7.0,,
2023-12-27 23:00:00,184,8.0,2.4,71.0,7.0,,
2023-12-28 00:00:00,105,-0.2,1.4,81.0,0.0,,
2023-12-28 00:00:00,108,0.7,1.0,79.0,3.0,,
2023-12-28 00:00:00,112,0.6,0.6,83.0,0.0,,
2023-12-28 00:00:00,119,-1.6,0.1,94.0,0.0,,
2023-12-28 00:00:00,133,-0.4,2.0,86.0,5.0,,
2023-12-28 00:00:00,143,0.2,1.0,76.0,5.0,,
2023-12-28 00:00:00,146,1.5,1.3,90.0,0.0,,
2023-12-28 00:00:00,156,3.4,0.6,98.0,1.0,,
2023-12-28 00:00:00,159,5.9,0.6,64.0,7.0,,
2023-12-28 00:00:00,184,8.0,1.8,71.0,7.0,,
2023-12-28 01:00:00,105,-0.6,1.2,82.0,0.0,,
2023-12-28 01:00:00,108,0.4,0.0,82.0,0.0,,
2023-12-28 01:00:00,112,0.0,1.5,86.0,2.0,,
2023-12-28 01:00:00,119,-2.1,0.9,94.0,0.0,,
2023-12-28 01:00:00,133,-0.7,0.0,90.0,0.0,,
2023-12-28 01:00:00,143,-0.3,0.9,75.0,0.0,,
2023-12-28 01:00:00,146,0.8,1.5,92.0,0.0,,
2023-12-28 01:00:00,156,3.0,0.2,99.0,0.0,,
2023-12-28 01:00:00,159,5.4,0.5,64.0,6.0,,
2023-12-28 01:00:00,184,8.1,1.7,63.0,6.0,,
2023-12-28 02:00:00,105,-0.7,1.3,81.0,1.0,,
2023-12-28 02:00:00,108,0.0,0.6,83.0,5.0,,
2023-12-28 02:00:00,112,-0.5,1.8,78.0,0.0,,
2023-12-28 02:00:00,119,-2.4,0.9,96.0,0.0,,
2023-12-28 02:00:00,133,-1.4,1.6,89.0,0.0,,
2023-12-28 02:00:00,143,-0.7,1.3,77.0,0.0,,
2023-12-28 02:00:00,146,0.8,1.3,92.0,0.0,,
2023-12-28 02:00:00,156,2.1,0.4,99.0,0.0,,
2023-12-28 02:00:00,159,5.1,0.0,66.0,3.0,,
2023-12-28 02:00:00,184,7.5,2.4,64.0,5.0,,
2023-12-28 03:00:00,105,-0.8,1.5,80.0,5.0,,
2023-12-28 03:00:00,108,-0.3,0.7,85.0,0.0,,
2023-12-28 03:00:00,112,-0.7,2.0,81.0,0.0,,
2023-12-28 03:00:00,119,-2.5,0.9,96.0,0.0,,
2023-12-28 03:00:00,133,-1.6,0.0,92.0,0.0,,
2023-12-28 03:00:00,143,-1.5,0.0,81.0,0.0,,
2023-12-28 03:00:00,146,0.4,1.3,93.0,0.0,,
2023-12-28 03:00:00,156,1.9,0.8,99.0,0.0,,
2023-12-28 03:00:00,159,4.8,0.6,69.0,0.0,,
2023-12-28 03:00:00,184,7.2,2.3,68.0,5.0,,
2023-12-28 04:00:00,105,-1.0,1.1,80.0,6.0,,
2023-12-28 04:00:00,108,-0.7,0.8,83.0,0.0,,
2023-12-28 04:00:00,112,-0.8,1.3,80.0,0.0,,
2023-12-28 04:00:00,119,-3.1,1.1,96.0,0.0,,
2023-12-28 04:00:00,133,-2.0,0.0,92.0,0.0,,
2023-12-28 04:00:00,143,-1.9,0.0,85.0,0.0,,
2023-12-28 04:00:00,146,-0.1,1.6,93.0,0.0,,
2023-12-28 04:00:00,156,1.4,1.0,99.0,0.0,,
2023-12-28 04:00:00,159,4.9,0.7,66.0,0.0,,
2023-12-28 04:00:00,184,7.1,2.7,69.0,5.0,,
2023-12-28 05:00:00,105,-1.2,1.0,82.0,6.0,,
2023-12-28 05:00:00,108,-1.3,1.3,87.0,0.0,,
2023-12-28 05:00:00,112,-0.9,1.1,80.0,0.0,,
2023-12-28 05:00:00,119,-3.3,0.7,97.0,0.0,,
2023-12-28 05:00:00,133,-2.3,0.2,93.0,0.0,,
2023-12-28 05:00:00,143,-2.3,0.2,87.0,0.0,,
2023-12-28 05:00:00,146,-0.2,1.2,94.0,0.0,,
2023-12-28 05:00:00,156,0.5,0.2,99.0,0.0,,
2023-12-28 05:00:00,159,4.9,1.3,63.0,0.0,,
2023-12-28 05:00:00,184,7.2,2.0,71.0,6.0,,
2023-12-28 06:00:00,105,-1.2,0.8,88.0,1.0,,
2023-12-28 06:00:00,108,-1.4,0.8,87.0,0.0,,
2023-12-28 06:00:00,112,-1.1,1.6,78.0,0.0,,
2023-12-28 06:00:00,119,-3.5,1.0,96.0,0.0,,
2023-12-28 06:00:00,133,-2.5,0.0,93.0,0.0,,
2023-12-28 06:00:00,143,-2.6,0.1,89.0,0.0,,
2023-12-28 06:00:00,146,-0.7,0.9,95.0,0.0,,
2023-12-28 06:00:00,156,0.9,0.3,99.0,0.0,,
2023-12-28 06:00:00,159,5.5,1.8,60.0,0.0,,
2023-12-28 06:00:00,184,7.7,1.5,69.0,6.0,,
2023-12-28 07:00:00,105,3.5,2.9,62.0,0.0,,
2023-12-28 07:00:00,108,-1.6,0.6,88.0,0.0,,
2023-12-28 07:00:00,112,-0.6,1.6,75.0,0.0,,
2023-12-28 07:00:00,119,-3.9,0.0,95.0,0.0,,
2023-12-28 07:00:00,133,-2.8,1.6,92.0,0.0,,
2023-12-28 07:00:00,143,-3.0,0.0,91.0,0.0,,
2023-12-28 07:00:00,146,-0.5,1.0,95.0,0.0,,
2023-12-28 07:00:00,156,0.1,0.4,99.0,0.0,,
2023-12-28 07:00:00,159,5.2,1.1,63.0,0.0,,
2023-12-28 07:00:00,184,8.0,1.6,68.0,7.0,,
2023-12-28 08:00:00,105,3.1,1.5,60.0,0.0,0.0,0.0
2023-12-28 08:00:00,108,-1.5,0.7,87.0,0.0,0.0,0.0
2023-12-28 08:00:00,112,-0.6,1.8,77.0,0.0,0.0,0.0
2023-12-28 08:00:00,119,-3.6,0.0,97.0,7.0,0.0,0.0
2023-12-28 08:00:00,133,-3.0,0.5,93.0,0.0,0.0,0.0
2023-12-28 08:00:00,143,-2.8,0.7,91.0,0.0,0.0,0.02
2023-12-28 08:00:00,146,-0.8,1.1,95.0,0.0,0.0,0.01
2023-12-28 08:00:00,156,0.0,1.1,99.0,0.0,0.0,0.07
2023-12-28 08:00:00,159,5.4,1.0,62.0,0.0,0.1,0.02
2023-12-28 08:00:00,184,7.6,2.1,69.0,4.0,0.0,0.03
2023-12-28 09:00:00,105,4.5,2.9,53.0,5.0,0.6,0.25
2023-12-28 09:00:00,108,-1.0,0.6,85.0,0.0,0.6,0.22
2023-12-28 09:00:00,112,0.3,1.5,77.0,0.0,0.4,0.2
2023-12-28 09:00:00,119,-3.9,1.3,99.0,7.0,0.0,0.14
2023-12-28 09:00:00,133,-2.5,0.0,93.0,0.0,0.0,0.22
2023-12-28 09:00:00,143,-0.5,0.1,82.0,0.0,0.9,0.41
2023-12-28 09:00:00,146,0.3,1.0,93.0,0.0,0.0,0.2
2023-12-28 09:00:00,156,0.4,0.6,99.0,0.0,0.7,0.36
2023-12-28 09:00:00,159,7.9,0.7,56.0,0.0,1.0,0.42
2023-12-28 09:00:00,184,8.0,1.9,69.0,2.0,0.2,0.26
2023-12-28 10:00:00,105,5.7,4.3,41.0,5.0,1.0,0.73
2023-12-28 10:00:00,108,0.7,1.6,76.0,0.0,1.0,0.69
2023-12-28 10:00:00,112,1.5,0.9,72.0,0.0,1.0,0.7
2023-12-28 10:00:00,119,-2.4,0.5,100.0,8.0,0.2,0.52
2023-12-28 10:00:00,133,-1.0,0.5,93.0,7.0,0.0,0.5
2023-12-28 10:00:00,143,2.5,0.1,71.0,0.0,1.0,1.03
2023-12-28 10:00:00,146,2.8,0.6,82.0,0.0,1.0,0.74
2023-12-28 10:00:00,156,2.3,0.7,99.0,0.0,1.0,0.91
2023-12-28 10:00:00,159,9.5,3.3,50.0,0.0,1.0,1.02
2023-12-28 10:00:00,184,11.7,0.3,60.0,5.0,0.9,0.91
2023-12-28 11:00:00,105,6.2,5.9,37.0,6.0,0.8,0.96
2023-12-28 11:00:00,108,2.3,1.6,65.0,0.0,1.0,1.21
2023-12-28 11:00:00,112,2.3,1.2,71.0,0.0,1.0,1.19
2023-12-28 11:00:00,119,1.0,1.0,95.0,0.0,0.9,1.22
2023-12-28 11:00:00,133,0.9,0.9,90.0,7.0,0.0,0.69
2023-12-28 11:00:00,143,4.2,0.9,64.0,0.0,1.0,1.32
2023-12-28 11:00:00,146,5.0,0.9,74.0,0.0,1.0,1.19
2023-12-28 11:00:00,156,2.9,0.5,98.0,8.0,0.3,0.93
2023-12-28 11:00:00,159,10.9,4.4,43.0,0.0,1.0,1.56
2023-12-28 11:00:00,184,13.6,1.8,56.0,7.0,0.6,1.21
2023-12-28 12:00:00,105,7.7,4.6,35.0,7.0,0.8,1.34
2023-12-28 12:00:00,108,2.9,3.9,58.0,0.0,1.0,1.56
2023-12-28 12:00:00,112,3.0,2.7,70.0,1.0,1.0,1.52
2023-12-28 12:00:00,119,3.7,1.5,72.0,4.0,0.6,1.17
2023-12-28 12:00:00,133,3.3,1.0,74.0,8.0,0.8,1.64
2023-12-28 12:00:00,143,7.9,1.4,49.0,0.0,1.0,1.61
2023-12-28 12:00:00,146,5.8,1.4,68.0,0.0,1.0,1.4
2023-12-28 12:00:00,156,4.9,1.2,91.0,9.0,0.0,0.81
2023-12-28 12:00:00,159,11.6,2.3,40.0,0.0,1.0,1.9
2023-12-28 12:00:00,184,12.8,3.4,52.0,5.0,0.5,1.37
2023-12-28 13:00:00,105,8.7,3.4,33.0,7.0,0.4,1.19
2023-12-28 13:00:00,108,4.0,3.3,61.0,0.0,1.0,1.67
2023-12-28 13:00:00,112,3.5,2.2,65.0,1.0,1.0,1.66
2023-12-28 13:00:00,119,4.5,2.0,66.0,6.0,0.7,1.43
2023-12-28 13:00:00,133,4.9,0.8,61.0,2.0,1.0,1.72
2023-12-28 13:00:00,143,9.3,2.7,40.0,0.0,1.0,1.73
2023-12-28 13:00:00,146,6.9,1.2,59.0,0.0,1.0,1.7
2023-12-28 13:00:00,156,5.7,0.4,87.0,9.0,0.0,0.77
2023-12-28 13:00:00,159,11.3,3.2,36.0,0.0,1.0,1.99
2023-12-28 13:00:00,184,12.6,3.2,57.0,9.0,0.1,1.06
2023-12-28 14:00:00,105,9.1,3.2,32.0,2.0,1.0,1.46
2023-12-28 14:00:00,108,4.1,4.3,58.0,1.0,1.0,1.55
2023-12-28 14:00:00,112,3.4,2.4,67.0,2.0,0.8,1.39
2023-12-28 14:00:00,119,5.1,2.9,64.0,3.0,0.5,1.23
2023-12-28 14:00:00,133,6.3,1.9,48.0,0.0,1.0,1.58
2023-12-28 14:00:00,143,10.4,2.8,34.0,0.0,1.0,1.61
2023-12-28 14:00:00,146,7.1,1.9,54.0,0.0,1.0,1.61
2023-12-28 14:00:00,156,7.6,0.9,69.0,0.0,0.5,1.3
2023-12-28 14:00:00,159,12.0,3.4,29.0,0.0,1.0,1.82
2023-12-28 14:00:00,184,12.8,3.4,58.0,9.0,0.1,1.17
2023-12-28 15:00:00,105,8.9,3.5,34.0,1.0,1.0,1.12
2023-12-28 15:00:00,108,4.3,4.0,57.0,3.0,1.0,1.31
2023-12-28 15:00:00,112,3.4,3.5,64.0,3.0,0.3,0.73
2023-12-28 15:00:00,119,5.1,3.2,59.0,7.0,0.7,1.14
2023-12-28 15:00:00,133,5.5,3.1,57.0,5.0,0.6,0.98
2023-12-28 15:00:00,143,10.5,3.5,36.0,0.0,1.0,1.29
2023-12-28 15:00:00,146,6.7,2.2,53.0,0.0,1.0,1.33
2023-12-28 15:00:00,156,8.8,1.4,65.0,0.0,1.0,1.42
2023-12-28 15:00:00,159,12.8,1.7,31.0,0.0,1.0,1.47
2023-12-28 15:00:00,184,13.0,3.0,57.0,4.0,0.5,1.15
2023-12-28 16:00:00,105,8.0,2.8,36.0,1.0,1.0,0.67
2023-12-28 16:00:00,108,3.7,1.8,54.0,3.0,0.9,0.73
2023-12-28 16:00:00,112,3.2,1.4,62.0,5.0,0.3,0.44
2023-12-28 16:00:00,119,4.1,3.4,61.0,7.0,0.3,0.47
2023-12-28 16:00:00,133,5.3,3.0,59.0,9.0,0.8,0.73
2023-12-28 16:00:00,143,10.2,3.0,35.0,0.0,1.0,0.79
2023-12-28 16:00:00,146,6.1,2.5,52.0,0.0,1.0,0.9
2023-12-28 16:00:00,156,8.4,2.6,61.0,6.0,0.9,0.95
2023-12-28 16:00:00,159,12.2,2.2,33.0,0.0,1.0,0.94
2023-12-28 16:00:00,184,11.7,5.0,62.0,10.0,0.4,0.72
2023-12-28 17:00:00,105,6.8,1.7,39.0,0.0,0.6,0.21
2023-12-28 17:00:00,108,3.1,1.4,55.0,1.0,0.6,0.29
2023-12-28 17:00:00,112,2.5,1.7,64.0,6.0,0.1,0.22
2023-12-28 17:00:00,119,3.1,0.6,64.0,4.0,0.0,0.22
2023-12-28 17:00:00,133,4.2,2.9,63.0,8.0,0.0,0.09
2023-12-28 17:00:00,143,8.3,3.0,39.0,0.0,0.5,0.27
2023-12-28 17:00:00,146,4.7,1.6,68.0,0.0,0.6,0.33
2023-12-28 17:00:00,156,7.2,2.0,65.0,0.0,0.7,0.35
2023-12-28 17:00:00,159,10.3,2.7,38.0,0.0,0.8,0.32
2023-12-28 17:00:00,184,10.8,4.1,66.0,9.0,0.0,0.14
2023-12-28 18:00:00,105,5.9,3.0,41.0,0.0,0.0,0.01
2023-12-28 18:00:00,108,2.1,0.4,58.0,7.0,0.0,0.02
2023-12-28 18:00:00,112,2.1,1.3,67.0,8.0,0.0,0.01
2023-12-28 18:00:00,119,1.8,0.8,73.0,0.0,0.0,0.01
2023-12-28 18:00:00,133,3.7,0.5,64.0,9.0,0.0,0.01
2023-12-28 18:00:00,143,7.0,2.6,44.0,0.0,0.0,0.01
2023-12-28 18:00:00,146,4.0,1.3,71.0,2.0,0.0,0.01
2023-12-28 18:00:00,156,5.9,1.5,71.0,0.0,0.0,0.08
2023-12-28 18:00:00,159,9.1,1.6,41.0,0.0,0.0,0.02
2023-12-28 18:00:00,184,10.7,2.9,66.0,10.0,0.0,0.05
2023-12-28 19:00:00,105,5.0,1.3,44.0,1.0,,
2023-12-28 19:00:00,108,1.5,1.5,61.0,0.0,,
2023-12-28 19:00:00,112,2.0,1.6,72.0,7.0,,
2023-12-28 19:00:00,119,0.5,0.6,79.0,0.0,,
2023-12-28 19:00:00,133,3.1,1.4,69.0,1.0,,
2023-12-28 19:00:00,143,6.0,2.9,46.0,0.0,,
2023-12-28 19:00:00,146,3.9,1.1,70.0,7.0,,
2023-12-28 19:00:00,156,5.1,1.3,72.0,0.0,,
2023-12-28 19:00:00,159,8.5,1.8,45.0,0.0,,
2023-12-28 19:00:00,184,10.4,4.3,65.0,9.0,,
2023-12-28 20:00:00,105,4.4,2.2,45.0,0.0,,
2023-12-28 20:00:00,108,1.6,1.6,62.0,5.0,,
2023-12-28 20:00:00,112,1.6,1.1,69.0,8.0,,
2023-12-28 20:00:00,119,-0.1,0.0,82.0,0.0,,
2023-12-28 20:00:00,133,2.9,0.1,71.0,0.0,,
2023-12-28 20:00:00,143,4.8,3.4,55.0,0.0,,
2023-12-28 20:00:00,146,4.2,0.6,70.0,8.0,,
2023-12-28 20:00:00,156,3.8,1.9,79.0,0.0,,
2023-12-28 20:00:00,159,8.6,3.1,46.0,0.0,,
2023-12-28 20:00:00,184,10.1,4.0,66.0,9.0,,
2023-12-28 21:00:00,105,3.9,2.0,45.0,0.0,,
2023-12-28 21:00:00,108,1.3,0.8,63.0,8.0,,
2023-12-28 21:00:00,112,1.7,0.9,69.0,9.0,,
2023-12-28 21:00:00,119,-0.2,0.2,84.0,8.0,,
2023-12-28 21:00:00,133,2.8,0.7,72.0,8.0,,
2023-12-28 21:00:00,143,4.1,3.2,61.0,0.0,,
2023-12-28 21:00:00,146,3.2,1.3,78.0,0.0,,
2023-12-28 21:00:00,156,3.2,1.6,84.0,0.0,,
2023-12-28 21:00:00,159,7.6,3.7,47.0,0.0,,
2023-12-28 21:00:00,184,9.5,5.3,66.0,9.0,,
2023-12-28 22:00:00,105,3.7,2.4,46.0,0.0,,
2023-12-28 22:00:00,108,1.1,1.7,63.0,2.0,,
2023-12-28 22:00:00,112,1.7,1.3,66.0,9.0,,
2023-12-28 22:00:00,119,-0.4,0.1,86.0,4.0,,
2023-12-28 22:00:00,133,2.7,0.4,73.0,1.0,,
2023-12-28 22:00:00,143,3.8,2.4,62.0,0.0,,
2023-12-28 22:00:00,146,3.6,1.3,71.0,5.0,,
2023-12-28 22:00:00,156,2.6,2.4,89.0,0.0,,
2023-12-28 22:00:00,159,6.5,4.1,49.0,0.0,,
2023-12-28 22:00:00,184,9.1,4.1,66.0,7.0,,
2023-12-28 23:00:00,105,2.9,1.4,48.0,0.0,,
2023-12-28 23:00:00,108,1.3,1.7,66.0,6.0,,
2023-12-28 23:00:00,112,1.6,0.8,66.0,8.0,,
2023-12-28 23:00:00,119,0.2,0.3,85.0,0.0,,
2023-12-28 23:00:00,133,1.2,1.8,78.0,4.0,,
2023-12-28 23:00:00,143,3.7,2.9,63.0,0.0,,
2023-12-28 23:00:00,146,3.7,0.3,74.0,0.0,,
2023-12-28 23:00:00,156,2.3,1.0,91.0,0.0,,
2023-12-28 23:00:00,159,5.1,2.2,52.0,0.0,,
2023-12-28 23:00:00,184,8.8,4.2,64.0,8.0,,
2023-12-29 00:00:00,105,2.6,1.5,51.0,0.0,,
2023-12-29 00:00:00,108,1.7,0.7,63.0,7.0,,
2023-12-29 00:00:00,112,1.3,0.8,67.0,8.0,,
2023-12-29 00:00:00,119,0.1,0.5,84.0,3.0,,
2023-12-29 00:00:00,133,0.6,0.0,81.0,3.0,,
2023-12-29 00:00:00,143,3.3,3.3,63.0,0.0,,
2023-12-29 00:00:00,146,2.3,0.3,82.0,0.0,,
2023-12-29 00:00:00,156,1.8,1.1,91.0,0.0,,
2023-12-29 00:00:00,159,4.3,2.9,54.0,0.0,,
2023-12-29 00:00:00,184,8.5,2.7,64.0,7.0,,
2023-12-29 01:00:00,105,2.1,1.7,54.0,0.0,,
2023-12-29 01:00:00,108,1.5,1.4,67.0,0.0,,
2023-12-29 01:00:00,112,1.0,1.1,79.0,4.0,,
2023-12-29 01:00:00,119,-0.8,0.6,89.0,0.0,,
2023-12-29 01:00:00,133,-0.1,0.3,84.0,0.0,,
2023-12-29 01:00:00,143,3.1,3.3,63.0,0.0,,
2023-12-29 01:00:00,146,1.5,0.6,85.0,0.0,,
2023-12-29 01:00:00,156,1.0,0.1,97.0,0.0,,
2023-12-29 01:00:00,159,3.8,4.0,56.0,0.0,,
2023-12-29 01:00:00,184,8.4,2.8,64.0,7.0,,
2023-12-29 02:00:00,105,1.6,1.7,56.0,0.0,,
2023-12-29 02:00:00,108,0.8,1.0,70.0,0.0,,
2023-12-29 02:00:00,112,0.9,1.0,73.0,8.0,,
2023-12-29 02:00:00,119,-1.3,0.8,89.0,5.0,,
2023-12-29 02:00:00,133,0.3,0.2,85.0,9.0,,
2023-12-29 02:00:00,143,2.4,2.4,66.0,0.0,,
2023-12-29 02:00:00,146,0.6,0.7,85.0,0.0,,
2023-12-29 02:00:00,156,0.8,0.2,98.0,0.0,,
2023-12-29 02:00:00,159,3.7,4.2,53.0,0.0,,
2023-12-29 02:00:00,184,8.5,2.6,64.0,8.0,,
2023-12-29 03:00:00,105,1.7,2.4,57.0,0.0,,
2023-12-29 03:00:00,108,0.1,0.9,71.0,9.0,,
2023-12-29 03:00:00,112,0.7,1.3,82.0,9.0,,
2023-12-29 03:00:00,119,-1.3,0.4,92.0,9.0,,
2023-12-29 03:00:00,133,0.4,0.8,82.0,9.0,,
2023-12-29 03:00:00,143,0.5,0.8,75.0,0.0,,
2023-12-29 03:00:00,146,-0.2,1.3,87.0,0.0,,
2023-12-29 03:00:00,156,0.5,0.7,98.0,0.0,,
2023-12-29 03:00:00,159,3.1,6.0,56.0,0.0,,
2023-12-29 03:00:00,184,8.5,4.2,65.0,9.0,,
2023-12-29 04:00:00,105,1.7,2.9,57.0,0.0,,
2023-12-29 04:00:00,108,0.0,1.3,74.0,8.0,,
2023-12-29 04:00:00,112,1.0,2.4,74.0,9.0,,
2023-12-29 04:00:00,119,-1.1,1.1,90.0,8.0,,
2023-12-29 04:00:00,133,0.2,0.3,84.0,8.0,,
2023-12-29 04:00:00,143,-0.9,1.6,82.0,0.0,,
2023-12-29 04:00:00,146,-0.1,1.5,89.0,0.0,,
2023-12-29 04:00:00,156,0.3,1.7,98.0,0.0,,
2023-12-29 04:00:00,159,3.1,5.3,55.0,0.0,,
2023-12-29 04:00:00,184,8.3,4.2,64.0,9.0,,
2023-12-29 05:00:00,105,1.4,2.1,57.0,0.0,,
2023-12-29 05:00:00,108,-0.1,1.7,74.0,8.0,,
2023-12-29 05:00:00,112,0.9,1.9,71.0,8.0,,
2023-12-29 05:00:00,119,-1.7,0.3,91.0,4.0,,
2023-12-29 05:00:00,133,-0.1,0.8,85.0,7.0,,
2023-12-29 05:00:00,143,-1.7,1.8,85.0,0.0,,
2023-12-29 05:00:00,146,-0.4,1.7,87.0,0.0,,
2023-12-29 05:00:00,156,0.2,1.8,98.0,0.0,,
2023-12-29 05:00:00,159,2.5,3.6,58.0,0.0,,
2023-12-29 05:00:00,184,8.0,3.6,61.0,9.0,,
2023-12-29 06:00:00,105,1.6,2.9,57.0,0.0,,
2023-12-29 06:00:00,108,-0.8,2.2,76.0,0.0,,
2023-12-29 06:00:00,112,0.3,0.8,73.0,0.0,,
2023-12-29 06:00:00,119,-2.1,0.2,91.0,0.0,,
2023-12-29 06:00:00,133,-0.5,0.1,88.0,1.0,,
2023-12-29 06:00:00,143,-2.0,1.4,86.0,0.0,,
2023-12-29 06:00:00,146,-0.8,1.4,88.0,0.0,,
2023-12-29 06:00:00,156,-0.7,1.1,98.0,0.0,,
2023-12-29 06:00:00,159,2.6,3.7,55.0,0.0,,
2023-12-29 06:00:00,184,7.8,2.6,61.0,9.0,,
2023-12-29 07:00:00,105,1.6,3.0,57.0,0.0,,
2023-12-29 07:00:00,108,-1.3,1.8,78.0,0.0,,
2023-12-29 07:00:00,112,-0.1,1.2,77.0,8.0,,
2023-12-29 07:00:00,119,-2.5,0.0,93.0,0.0,,
2023-12-29 07:00:00,133,-1.0,1.2,90.0,6.0,,
2023-12-29 07:00:00,143,-2.4,1.0,88.0,0.0,,
2023-12-29 07:00:00,146,-0.8,1.1,88.0,0.0,,
2023-12-29 07:00:00,156,-0.9,0.5,99.0,0.0,,
2023-12-29 07:00:00,159,2.1,1.7,57.0,0.0,,
2023-12-29 07:00:00,184,7.6,3.3,64.0,8.0,,
2023-12-29 08:00:00,105,1.8,2.6,56.0,0.0,0.0,0.01
2023-12-29 08:00:00,108,-1.4,1.6,80.0,4.0,0.0,0.0
2023-12-29 08:00:00,112,-0.3,0.4,77.0,9.0,0.0,0.0
2023-12-29 08:00:00,119,-2.6,0.2,94.0,0.0,0.0,0.0
2023-12-29 08:00:00,133,-0.9,0.4,90.0,7.0,0.0,0.0
2023-12-29 08:00:00,143,-2.4,1.4,89.0,0.0,0.0,0.02
2023-12-29 08:00:00,146,-0.6,1.1,86.0,0.0,0.0,0.01
2023-12-29 08:00:00,156,-0.8,0.7,99.0,0.0,0.0,0.08
2023-12-29 08:00:00,159,1.9,0.8,54.0,0.0,0.1,0.02
2023-12-29 08:00:00,184,7.3,3.5,64.0,7.0,0.0,0.08
2023-12-29 09:00:00,105,3.2,1.8,51.0,1.0,1.0,0.29
2023-12-29 09:00:00,108,-1.1,2.1,81.0,0.0,0.7,0.26
2023-12-29 09:00:00,112,0.4,0.9,77.0,8.0,0.0,0.16
2023-12-29 09:00:00,119,-1.5,0.1,95.0,0.0,0.6,0.24
2023-12-29 09:00:00,133,-0.1,0.9,88.0,9.0,0.0,0.19
2023-12-29 09:00:00,143,-0.8,1.4,80.0,0.0,0.9,0.38
2023-12-29 09:00:00,146,0.6,0.7,80.0,0.0,0.6,0.25
2023-12-29 09:00:00,156,-0.1,1.3,99.0,0.0,0.7,0.38
2023-12-29 09:00:00,159,4.5,0.7,49.0,0.0,1.0,0.41
2023-12-29 09:00:00,184,7.3,3.6,62.0,8.0,0.0,0.22
2023-12-29 10:00:00,105,5.4,2.1,44.0,1.0,1.0,0.84
2023-12-29 10:00:00,108,1.0,1.5,75.0,8.0,0.9,0.71
2023-12-29 10:00:00,112,0.9,0.9,80.0,9.0,0.0,0.42
2023-12-29 10:00:00,119,1.7,0.6,74.0,4.0,1.0,0.73
2023-12-29 10:00:00,133,1.9,0.2,82.0,9.0,0.0,0.53
2023-12-29 10:00:00,143,1.8,0.4,71.0,0.0,1.0,0.95
2023-12-29 10:00:00,146,2.6,0.5,73.0,0.0,1.0,0.72
2023-12-29 10:00:00,156,2.0,0.7,95.0,0.0,1.0,0.95
2023-12-29 10:00:00,159,6.7,0.8,45.0,0.0,1.0,1.0
2023-12-29 10:00:00,184,7.7,2.4,59.0,8.0,0.0,0.5
2023-12-29 11:00:00,105,7.7,1.5,39.0,1.0,1.0,1.33
2023-12-29 11:00:00,108,2.3,0.8,68.0,8.0,0.0,0.62
2023-12-29 11:00:00,112,2.0,0.9,76.0,9.0,0.0,0.58
2023-12-29 11:00:00,119,3.3,1.3,60.0,7.0,0.9,1.14
2023-12-29 11:00:00,133,3.5,1.1,69.0,9.0,0.0,0.89
2023-12-29 11:00:00,143,4.8,1.4,58.0,0.0,1.0,1.37
2023-12-29 11:00:00,146,5.7,0.3,63.0,0.0,1.0,1.18
2023-12-29 11:00:00,156,3.9,0.9,80.0,0.0,1.0,1.43
2023-12-29 11:00:00,159,7.7,2.5,41.0,0.0,1.0,1.55
2023-12-29 11:00:00,184,8.8,1.0,56.0,7.0,0.2,0.94
2023-12-29 12:00:00,105,9.9,1.0,32.0,0.0,1.0,1.65
2023-12-29 12:00:00,108,3.3,2.3,64.0,9.0,0.0,0.83
2023-12-29 12:00:00,112,2.7,1.6,75.0,9.0,0.0,0.61
2023-12-29 12:00:00,119,3.7,0.6,61.0,9.0,0.0,0.89
2023-12-29 12:00:00,133,4.8,1.2,61.0,9.0,0.2,1.19
2023-12-29 12:00:00,143,6.3,3.3,50.0,0.0,1.0,1.68
2023-12-29 12:00:00,146,6.0,1.7,56.0,0.0,1.0,1.49
2023-12-29 12:00:00,156,6.8,0.9,61.0,0.0,1.0,1.77
2023-12-29 12:00:00,159,8.7,2.8,37.0,0.0,1.0,1.92
2023-12-29 12:00:00,184,10.2,2.5,53.0,4.0,0.8,1.65
2023-12-29 13:00:00,105,10.9,1.8,31.0,0.0,1.0,1.75
2023-12-29 13:00:00,108,3.8,2.2,64.0,8.0,0.0,0.78
2023-12-29 13:00:00,112,3.2,1.3,72.0,9.0,0.0,0.69
2023-12-29 13:00:00,119,4.3,0.7,58.0,9.0,0.1,1.09
2023-12-29 13:00:00,133,5.6,0.6,54.0,9.0,0.2,1.27
2023-12-29 13:00:00,143,8.3,2.4,45.0,0.0,1.0,1.81
2023-12-29 13:00:00,146,6.3,1.6,57.0,0.0,1.0,1.67
2023-12-29 13:00:00,156,7.1,1.0,60.0,0.0,1.0,1.86
2023-12-29 13:00:00,159,10.2,2.2,34.0,0.0,1.0,2.04
2023-12-29 13:00:00,184,10.4,2.8,52.0,6.0,0.9,1.89
2023-12-29 14:00:00,105,11.8,3.2,29.0,0.0,1.0,1.64
2023-12-29 14:00:00,108,4.2,1.4,62.0,7.0,0.0,0.82
2023-12-29 14:00:00,112,3.4,1.5,65.0,9.0,0.0,0.68
2023-12-29 14:00:00,119,4.8,2.6,60.0,8.0,0.1,0.88
2023-12-29 14:00:00,133,7.5,2.1,53.0,7.0,1.0,1.7
2023-12-29 14:00:00,143,8.8,3.5,43.0,0.0,1.0,1.7
2023-12-29 14:00:00,146,7.0,2.3,55.0,2.0,1.0,1.63
2023-12-29 14:00:00,156,7.9,1.9,58.0,0.0,1.0,1.76
2023-12-29 14:00:00,159,10.1,4.5,36.0,0.0,1.0,1.88
2023-12-29 14:00:00,184,10.7,2.0,52.0,8.0,0.8,1.67
2023-12-29 15:00:00,105,11.5,2.5,31.0,0.0,1.0,1.32
2023-12-29 15:00:00,108,4.4,2.9,61.0,7.0,0.2,0.84
2023-12-29 15:00:00,112,3.3,1.8,66.0,9.0,0.0,0.39
2023-12-29 15:00:00,119,4.5,2.2,61.0,8.0,0.0,0.66
2023-12-29 15:00:00,133,6.3,1.1,54.0,7.0,0.5,1.09
2023-12-29 15:00:00,143,9.2,2.6,41.0,0.0,1.0,1.36
2023-12-29 15:00:00,146,6.7,3.2,58.0,2.0,0.8,1.16
2023-12-29 15:00:00,156,8.0,0.6,59.0,0.0,1.0,1.42
2023-12-29 15:00:00,159,10.1,4.3,38.0,0.0,1.0,1.55
2023-12-29 15:00:00,184,10.0,2.5,57.0,9.0,0.3,1.14
2023-12-29 16:00:00,105,10.5,3.3,31.0,0.0,1.0,0.82
2023-12-29 16:00:00,108,4.1,2.4,64.0,7.0,0.0,0.44
2023-12-29 16:00:00,112,3.3,1.1,66.0,9.0,0.0,0.4
2023-12-29 16:00:00,119,4.2,1.3,62.0,8.0,0.0,0.3
2023-12-29 16:00:00,133,5.9,2.4,56.0,8.0,0.2,0.57
2023-12-29 16:00:00,143,9.0,2.5,43.0,0.0,1.0,0.85
2023-12-29 16:00:00,146,5.8,1.7,63.0,4.0,0.1,0.41
2023-12-29 16:00:00,156,7.4,1.0,64.0,3.0,0.9,0.81
2023-12-29 16:00:00,159,9.6,5.2,38.0,0.0,1.0,1.04
2023-12-29 16:00:00,184,9.4,2.0,62.0,9.0,0.0,0.49
2023-12-29 17:00:00,105,8.9,3.4,34.0,1.0,0.9,0.28
2023-12-29 17:00:00,108,3.5,2.0,65.0,8.0,0.0,0.13
2023-12-29 17:00:00,112,3.1,1.0,66.0,9.0,0.0,0.15
2023-12-29 17:00:00,119,3.6,1.6,64.0,8.0,0.0,0.14
2023-12-29 17:00:00,133,4.9,0.8,59.0,7.0,0.0,0.15
2023-12-29 17:00:00,143,8.0,2.2,47.0,0.0,0.6,0.28
2023-12-29 17:00:00,146,5.1,1.2,66.0,7.0,0.0,0.17
2023-12-29 17:00:00,156,6.7,0.9,70.0,6.0,0.3,0.38
2023-12-29 17:00:00,159,8.2,4.3,44.0,0.0,0.8,0.32
2023-12-29 17:00:00,184,9.2,1.0,62.0,7.0,0.0,0.24
2023-12-29 18:00:00,105,7.7,3.4,36.0,0.0,0.0,0.01
2023-12-29 18:00:00,108,3.2,2.9,66.0,8.0,0.0,0.0
2023-12-29 18:00:00,112,2.8,1.4,68.0,8.0,0.0,0.01
2023-12-29 18:00:00,119,2.6,1.0,68.0,8.0,0.0,0.01
2023-12-29 18:00:00,133,4.0,0.7,64.0,7.0,0.0,0.01
2023-12-29 18:00:00,143,7.0,2.0,51.0,7.0,0.0,0.01
2023-12-29 18:00:00,146,4.7,1.4,68.0,7.0,0.0,0.02
2023-12-29 18:00:00,156,5.7,0.5,75.0,5.0,0.0,0.1
2023-12-29 18:00:00,159,7.4,2.8,48.0,8.0,0.0,0.01
2023-12-29 18:00:00,184,8.7,0.5,66.0,8.0,0.0,0.1
2023-12-29 19:00:00,105,6.8,3.7,40.0,5.0,,
2023-12-29 19:00:00,108,2.9,2.1,67.0,8.0,,
2023-12-29 19:00:00,112,2.6,1.9,69.0,7.0,,
2023-12-29 19:00:00,119,1.9,0.5,71.0,7.0,,
2023-12-29 19:00:00,133,3.1,1.7,67.0,9.0,,
2023-12-29 19:00:00,143,6.9,2.4,51.0,10.0,,
2023-12-29 19:00:00,146,3.9,1.1,71.0,6.0,,
2023-12-29 19:00:00,156,5.2,0.8,80.0,7.0,,
2023-12-29 19:00:00,159,7.1,1.9,47.0,7.0,,
2023-12-29 19:00:00,184,8.3,2.6,66.0,5.0,,
2023-12-29 20:00:00,105,6.0,3.6,43.0,4.0,,
2023-12-29 20:00:00,108,2.2,1.6,68.0,4.0,,
2023-12-29 20:00:00,112,2.2,1.0,69.0,6.0,,
2023-12-29 20:00:00,119,0.9,0.9,76.0,6.0,,
2023-12-29 20:00:00,133,2.2,1.0,71.0,9.0,,
2023-12-29 20:00:00,143,5.0,1.1,59.0,9.0,,
2023-12-29 20:00:00,146,3.7,1.0,74.0,6.0,,
2023-12-29 20:00:00,156,4.2,1.7,83.0,6.0,,
2023-12-29 20:00:00,159,6.8,1.5,46.0,9.0,,
2023-12-29 20:00:00,184,7.7,2.5,69.0,6.0,,
2023-12-29 21:00:00,105,5.5,3.5,44.0,2.0,,
2023-12-29 21:00:00,108,1.4,1.4,71.0,5.0,,
2023-12-29 21:00:00,112,1.8,1.6,70.0,5.0,,
2023-12-29 21:00:00,119,0.3,0.2,79.0,5.0,,
2023-12-29 21:00:00,133,1.2,2.0,76.0,0.0,,
2023-12-29 21:00:00,143,3.6,0.7,66.0,3.0,,
2023-12-29 21:00:00,146,2.8,1.1,79.0,6.0,,
2023-12-29 21:00:00,156,3.6,0.5,87.0,0.0,,
2023-12-29 21:00:00,159,6.2,1.7,49.0,6.0,,
2023-12-29 21:00:00,184,8.1,2.3,70.0,7.0,,
2023-12-29 22:00:00,105,5.4,3.7,45.0,4.0,,
2023-12-29 22:00:00,108,0.8,1.5,74.0,3.0,,
2023-12-29 22:00:00,112,1.6,1.6,71.0,4.0,,
2023-12-29 22:00:00,119,-0.7,0.3,85.0,6.0,,
2023-12-29 22:00:00,133,0.6,1.6,78.0,0.0,,
2023-12-29 22:00:00,143,2.4,0.5,70.0,5.0,,
2023-12-29 22:00:00,146,1.6,0.9,83.0,2.0,,
2023-12-29 22:00:00,156,3.3,0.0,89.0,0.0,,
2023-12-29 22:00:00,159,6.3,2.8,61.0,7.0,,
2023-12-29 22:00:00,184,7.7,2.9,72.0,4.0,,
2023-12-29 23:00:00,105,5.0,2.7,47.0,0.0,,
2023-12-29 23:00:00,108,0.5,1.3,75.0,5.0,,
2023-12-29 23:00:00,112,1.5,1.3,71.0,4.0,,
2023-12-29 23:00:00,119,-1.4,0.7,88.0,0.0,,
2023-12-29 23:00:00,133,-0.2,1.8,80.0,0.0,,
2023-12-29 23:00:00,143,1.6,0.8,75.0,0.0,,
2023-12-29 23:00:00,146,1.1,1.5,86.0,0.0,,
2023-12-29 23:00:00,156,2.6,0.3,95.0,0.0,,
2023-12-29 23:00:00,159,6.0,2.1,56.0,1.0,,
2023-12-29 23:00:00,184,7.7,2.2,73.0,7.0,,
2023-12-30 00:00:00,105,4.8,4.0,48.0,0.0,,
2023-12-30 00:00:00,108,0.0,1.8,78.0,0.0,,
2023-12-30 00:00:00,112,1.3,1.2,72.0,6.0,,
2023-12-30 00:00:00,119,-1.3,0.1,90.0,8.0,,
2023-12-30 00:00:00,133,-1.0,1.6,84.0,0.0,,
2023-12-30 00:00:00,143,0.8,0.8,77.0,0.0,,
2023-12-30 00:00:00,146,0.8,1.6,85.0,0.0,,
2023-12-30 00:00:00,156,1.8,0.5,97.0,0.0,,
2023-12-30 00:00:00,159,6.5,3.7,48.0,0.0,,
2023-12-30 00:00:00,184,7.3,1.7,73.0,0.0,,
2023-12-30 01:00:00,105,4.9,3.9,46.0,0.0,,
2023-12-30 01:00:00,108,-0.4,1.5,79.0,0.0,,
2023-12-30 01:00:00,112,0.9,1.7,77.0,2.0,,
2023-12-30 01:00:00,119,-1.6,0.8,89.0,0.0,,
2023-12-30 01:00:00,133,-1.4,0.0,85.0,0.0,,
2023-12-30 01:00:00,143,0.0,0.8,80.0,0.0,,
2023-12-30 01:00:00,146,0.1,1.1,88.0,0.0,,
2023-12-30 01:00:00,156,1.2,1.0,99.0,0.0,,
2023-12-30 01:00:00,159,6.6,4.7,48.0,0.0,,
2023-12-30 01:00:00,184,6.6,2.3,73.0,0.0,,
2023-12-30 02:00:00,105,4.8,3.9,47.0,0.0,,
2023-12-30 02:00:00,108,-0.6,1.8,81.0,0.0,,
2023-12-30 02:00:00,112,0.9,1.9,75.0,2.0,,
2023-12-30 02:00:00,119,-2.2,0.5,91.0,0.0,,
2023-12-30 02:00:00,133,-1.8,1.3,87.0,0.0,,
2023-12-30 02:00:00,143,-0.7,0.8,87.0,0.0,,
2023-12-30 02:00:00,146,-0.2,1.7,90.0,0.0,,
2023-12-30 02:00:00,156,1.2,0.2,99.0,0.0,,
2023-12-30 02:00:00,159,6.0,3.8,51.0,0.0,,
2023-12-30 02:00:00,184,6.1,1.7,75.0,0.0,,
2023-12-30 03:00:00,105,4.4,3.1,48.0,1.0,,
2023-12-30 03:00:00,108,-0.9,1.7,83.0,6.0,,
2023-12-30 03:00:00,112,0.9,1.7,75.0,8.0,,
2023-12-30 03:00:00,119,-2.3,0.8,92.0,8.0,,
2023-12-30 03:00:00,133,-2.2,0.1,89.0,0.0,,
2023-12-30 03:00:00,143,-1.3,0.3,88.0,0.0,,
2023-12-30 03:00:00,146,-0.2,1.1,89.0,0.0,,
2023-12-30 03:00:00,156,0.5,0.5,99.0,0.0,,
2023-12-30 03:00:00,159,5.9,3.8,51.0,0.0,,
2023-12-30 03:00:00,184,5.9,1.7,77.0,0.0,,
2023-12-30 04:00:00,105,4.3,2.8,49.0,3.0,,
2023-12-30 04:00:00,108,-0.6,1.6,82.0,3.0,,
2023-12-30 04:00:00,112,0.7,2.3,76.0,8.0,,
2023-12-30 04:00:00,119,-2.1,0.4,92.0,7.0,,
2023-12-30 04:00:00,133,-2.5,1.1,90.0,0.0,,
2023-12-30 04:00:00,143,-1.8,0.0,89.0,0.0,,
2023-12-30 04:00:00,146,-0.7,1.5,91.0,0.0,,
2023-12-30 04:00:00,156,0.1,0.0,99.0,0.0,,
2023-12-30 04:00:00,159,5.6,2.8,51.0,0.0,,
2023-12-30 04:00:00,184,5.7,2.2,78.0,8.0,,
2023-12-30 05:00:00,105,4.0,2.6,52.0,7.0,,
2023-12-30 05:00:00,108,-0.5,2.1,83.0,8.0,,
2023-12-30 05:00:00,112,1.0,2.4,74.0,8.0,,
2023-12-30 05:00:00,119,-2.0,1.1,94.0,8.0,,
2023-12-30 05:00:00,133,-2.6,0.2,91.0,0.0,,
2023-12-30 05:00:00,143,-2.3,0.1,91.0,0.0,,
2023-12-30 05:00:00,146,-0.5,0.6,91.0,0.0,,
2023-12-30 05:00:00,156,-0.3,0.5,99.0,0.0,,
2023-12-30 05:00:00,159,5.9,3.8,50.0,0.0,,
2023-12-30 05:00:00,184,5.7,2.2,79.0,0.0,,
2023-12-30 06:00:00,105,3.7,3.3,54.0,7.0,,
2023-12-30 06:00:00,108,0.0,2.3,79.0,10.0,,
2023-12-30 06:00:00,112,1.0,1.1,74.0,10.0,,
2023-12-30 06:00:00,119,-0.8,0.1,88.0,10.0,,
2023-12-30 06:00:00,133,-2.9,1.8,92.0,0.0,,
2023-12-30 06:00:00,143,-2.4,1.0,92.0,0.0,,
2023-12-30 06:00:00,146,-0.8,1.5,91.0,0.0,,
2023-12-30 06:00:00,156,-0.4,1.3,99.0,0.0,,
2023-12-30 06:00:00,159,4.4,2.4,57.0,0.0,,
2023-12-30 06:00:00,184,5.7,2.4,79.0,7.0,,
2023-12-30 07:00:00,105,3.9,3.3,53.0,9.0,,
2023-12-30 07:00:00,108,0.3,2.5,78.0,10.0,,
2023-12-30 07:00:00,112,1.1,1.0,74.0,10.0,,
2023-12-30 07:00:00,119,0.2,1.5,82.0,10.0,,
2023-12-30 07:00:00,133,-2.6,2.2,91.0,5.0,,
2023-12-30 07:00:00,143,-2.4,1.0,93.0,0.0,,
2023-12-30 07:00:00,146,-0.5,0.4,90.0,8.0,,
2023-12-30 07:00:00,156,-0.3,0.4,99.0,0.0,,
2023-12-30 07:00:00,159,3.8,1.3,58.0,0.0,,
2023-12-30 07:00:00,184,5.9,2.5,76.0,3.0,,
2023-12-30 08:00:00,105,4.3,2.8,51.0,10.0,0.0,0.01
2023-12-30 08:00:00,108,0.4,1.7,78.0,10.0,0.0,0.0
2023-12-30 08:00:00,112,0.5,1.5,87.0,10.0,0.0,0.0
2023-12-30 08:00:00,119,0.8,0.4,77.0,10.0,0.0,0.0
2023-12-30 08:00:00,133,-2.3,0.1,92.0,7.0,0.0,0.0
2023-12-30 08:00:00,143,-2.8,0.4,93.0,0.0,0.0,0.01
2023-12-30 08:00:00,146,-0.2,0.5,90.0,4.0,0.0,0.01
2023-12-30 08:00:00,156,-0.6,0.2,99.0,2.0,0.0,0.07
2023-12-30 08:00:00,159,3.9,2.8,60.0,6.0,0.0,0.02
2023-12-30 08:00:00,184,6.0,2.5,75.0,5.0,0.0,0.04
2023-12-30 09:00:00,105,4.9,1.8,49.0,8.0,0.0,0.17
2023-12-30 09:00:00,108,0.1,2.6,89.0,10.0,0.0,0.03
2023-12-30 09:00:00,112,0.4,2.1,90.0,10.0,0.0,0.02
2023-12-30 09:00:00,119,1.0,1.3,78.0,10.0,0.0,0.02
2023-12-30 09:00:00,133,-1.1,0.3,91.0,9.0,0.0,0.16
2023-12-30 09:00:00,143,-1.2,0.9,89.0,0.0,0.5,0.32
2023-12-30 09:00:00,146,1.2,1.0,84.0,8.0,0.0,0.21
2023-12-30 09:00:00,156,0.7,0.7,99.0,6.0,0.1,0.3
2023-12-30 09:00:00,159,6.1,2.5,50.0,3.0,0.5,0.39
2023-12-30 09:00:00,184,6.7,1.9,74.0,6.0,0.1,0.23
2023-12-30 10:00:00,105,5.4,2.2,47.0,10.0,0.0,0.21
2023-12-30 10:00:00,108,0.0,2.9,94.0,10.0,0.0,0.08
2023-12-30 10:00:00,112,0.5,1.5,91.0,10.0,0.0,0.08
2023-12-30 10:00:00,119,1.2,3.1,77.0,10.0,0.0,0.1
2023-12-30 10:00:00,133,-0.2,0.1,89.0,10.0,0.0,0.23
2023-12-30 10:00:00,143,0.7,1.4,81.0,4.0,1.0,0.95
2023-12-30 10:00:00,146,1.9,0.3,83.0,10.0,0.1,0.23
2023-12-30 10:00:00,156,2.1,0.2,97.0,8.0,0.0,0.42
2023-12-30 10:00:00,159,8.5,1.9,48.0,4.0,1.0,0.89
2023-12-30 10:00:00,184,10.1,1.5,64.0,4.0,0.8,0.78
2023-12-30 11:00:00,105,5.6,1.4,48.0,10.0,0.0,0.1
2023-12-30 11:00:00,108,0.2,2.8,95.0,10.0,0.0,0.14
2023-12-30 11:00:00,112,0.6,3.2,94.0,10.0,0.0,0.12
2023-12-30 11:00:00,119,0.5,1.4,91.0,10.0,0.0,0.17
2023-12-30 11:00:00,133,0.6,0.3,87.0,9.0,0.0,0.31
2023-12-30 11:00:00,143,3.4,1.1,68.0,7.0,0.6,1.15
2023-12-30 11:00:00,146,2.9,0.7,78.0,3.0,0.3,0.64
2023-12-30 11:00:00,156,3.6,0.4,89.0,9.0,0.5,0.98
2023-12-30 11:00:00,159,9.8,3.6,52.0,5.0,1.0,1.35
2023-12-30 11:00:00,184,12.6,0.4,59.0,3.0,1.0,1.23
2023-12-30 12:00:00,105,5.7,1.6,50.0,9.0,0.0,0.16
2023-12-30 12:00:00,108,0.3,2.9,96.0,10.0,0.0,0.11
2023-12-30 12:00:00,112,0.8,2.3,95.0,10.0,0.0,0.14
2023-12-30 12:00:00,119,0.6,1.2,96.0,10.0,0.0,0.19
2023-12-30 12:00:00,133,2.1,0.6,76.0,10.0,0.1,0.88
2023-12-30 12:00:00,143,5.0,2.1,64.0,4.0,0.3,0.89
2023-12-30 12:00:00,146,4.3,0.3,73.0,10.0,0.1,0.6
2023-12-30 12:00:00,156,4.9,0.4,78.0,9.0,0.2,0.87
2023-12-30 12:00:00,159,10.3,5.1,44.0,3.0,1.0,1.76
2023-12-30 12:00:00,184,14.7,0.1,48.0,0.0,1.0,1.72
2023-12-30 13:00:00,105,5.9,2.4,62.0,10.0,0.0,0.15
2023-12-30 13:00:00,108,0.5,1.6,97.0,10.0,0.0,0.12
2023-12-30 13:00:00,112,1.2,1.1,95.0,10.0,0.0,0.15
2023-12-30 13:00:00,119,0.7,1.2,95.0,10.0,0.0,0.12
2023-12-30 13:00:00,133,2.5,0.4,75.0,10.0,0.0,0.43
2023-12-30 13:00:00,143,6.3,2.5,56.0,8.0,0.5,1.24
2023-12-30 13:00:00,146,5.3,0.5,67.0,10.0,0.0,0.41
2023-12-30 13:00:00,156,6.3,0.6,66.0,9.0,0.1,0.92
2023-12-30 13:00:00,159,11.8,4.5,36.0,0.0,1.0,1.91
2023-12-30 13:00:00,184,15.4,2.1,53.0,2.0,1.0,1.93
2023-12-30 14:00:00,105,5.6,3.5,73.0,10.0,0.0,0.12
2023-12-30 14:00:00,108,0.6,2.6,97.0,10.0,0.0,0.07
2023-12-30 14:00:00,112,1.5,1.9,95.0,10.0,0.0,0.18
2023-12-30 14:00:00,119,0.9,1.1,97.0,10.0,0.0,0.14
2023-12-30 14:00:00,133,3.1,0.0,72.0,10.0,0.0,0.35
2023-12-30 14:00:00,143,7.2,2.1,51.0,9.0,0.2,0.96
2023-12-30 14:00:00,146,5.9,0.7,66.0,10.0,0.0,0.49
2023-12-30 14:00:00,156,7.0,0.7,71.0,10.0,0.0,0.8
2023-12-30 14:00:00,159,12.5,4.4,33.0,4.0,1.0,1.77
2023-12-30 14:00:00,184,15.9,2.1,47.0,2.0,1.0,1.87
2023-12-30 15:00:00,105,5.9,1.2,69.0,10.0,0.0,0.26
2023-12-30 15:00:00,108,0.8,1.9,97.0,10.0,0.0,0.06
2023-12-30 15:00:00,112,1.5,3.0,95.0,10.0,0.0,0.18
2023-12-30 15:00:00,119,1.2,2.0,96.0,10.0,0.0,0.16
2023-12-30 15:00:00,133,2.9,0.3,87.0,10.0,0.0,0.2
2023-12-30 15:00:00,143,7.6,2.4,50.0,9.0,0.0,0.5
2023-12-30 15:00:00,146,6.0,0.8,65.0,10.0,0.0,0.26
2023-12-30 15:00:00,156,7.5,0.6,67.0,10.0,0.0,0.52
2023-12-30 15:00:00,159,11.6,4.5,39.0,7.0,0.8,1.37
2023-12-30 15:00:00,184,15.5,2.1,55.0,9.0,0.7,1.37
2023-12-30 16:00:00,105,5.0,1.2,82.0,10.0,0.0,0.17
2023-12-30 16:00:00,108,0.9,3.3,97.0,10.0,0.0,0.05
2023-12-30 16:00:00,112,1.9,2.7,94.0,10.0,0.0,0.11
2023-12-30 16:00:00,119,1.6,2.2,94.0,10.0,0.0,0.09
2023-12-30 16:00:00,133,2.7,1.2,87.0,10.0,0.0,0.17
2023-12-30 16:00:00,143,7.5,2.7,47.0,10.0,0.0,0.32
2023-12-30 16:00:00,146,5.3,1.5,79.0,10.0,0.0,0.18
2023-12-30 16:00:00,156,7.6,1.0,65.0,10.0,0.0,0.28
2023-12-30 16:00:00,159,11.2,4.1,42.0,8.0,0.0,0.51
2023-12-30 16:00:00,184,14.4,0.4,61.0,9.0,0.0,0.41
2023-12-30 17:00:00,105,4.7,0.8,85.0,10.0,0.0,0.08
2023-12-30 17:00:00,108,1.0,3.8,96.0,10.0,0.0,0.03
2023-12-30 17:00:00,112,2.1,1.6,94.0,10.0,0.0,0.07
2023-12-30 17:00:00,119,1.8,3.0,91.0,10.0,0.0,0.05
2023-12-30 17:00:00,133,2.2,1.0,92.0,10.0,0.0,0.04
2023-12-30 17:00:00,143,7.0,0.5,51.0,10.0,0.0,0.05
2023-12-30 17:00:00,146,5.2,0.7,81.0,10.0,0.0,0.04
2023-12-30 17:00:00,156,7.5,0.9,67.0,10.0,0.0,0.14
2023-12-30 17:00:00,159,11.0,2.0,46.0,10.0,0.0,0.14
2023-12-30 17:00:00,184,14.0,1.7,55.0,9.0,0.0,0.19
2023-12-30 18:00:00,105,4.2,0.6,82.0,10.0,0.0,0.0
2023-12-30 18:00:00,108,1.1,4.1,96.0,10.0,0.0,0.0
2023-12-30 18:00:00,112,2.2,2.1,94.0,10.0,0.0,0.0
2023-12-30 18:00:00,119,1.8,3.3,91.0,10.0,0.0,0.0
2023-12-30 18:00:00,133,2.2,0.9,92.0,10.0,0.0,0.0
2023-12-30 18:00:00,143,6.4,1.5,54.0,10.0,0.0,0.0
2023-12-30 18:00:00,146,4.9,1.4,92.0,10.0,0.0,0.01
2023-12-30 18:00:00,156,5.6,0.1,92.0,10.0,0.0,0.06
2023-12-30 18:00:00,159,11.1,2.8,54.0,10.0,0.0,0.01
2023-12-30 18:00:00,184,13.7,1.3,66.0,9.0,0.0,0.08
2023-12-30 19:00:00,105,3.7,1.2,90.0,7.0,,
2023-12-30 19:00:00,108,1.2,4.0,96.0,10.0,,
2023-12-30 19:00:00,112,2.3,1.9,94.0,10.0,,
2023-12-30 19:00:00,119,2.0,2.9,89.0,10.0,,
2023-12-30 19:00:00,133,2.2,0.7,93.0,8.0,,
2023-12-30 19:00:00,143,5.9,0.6,64.0,10.0,,
2023-12-30 19:00:00,146,5.0,1.7,85.0,8.0,,
2023-12-30 19:00:00,156,5.7,1.3,88.0,10.0,,
2023-12-30 19:00:00,159,10.2,1.5,65.0,10.0,,
2023-12-30 19:00:00,184,13.3,2.6,62.0,10.0,,
2023-12-30 20:00:00,105,3.7,0.6,89.0,8.0,,
2023-12-30 20:00:00,108,1.4,3.9,97.0,10.0,,
2023-12-30 20:00:00,112,2.4,3.2,94.0,10.0,,
2023-12-30 20:00:00,119,2.1,3.0,89.0,10.0,,
2023-12-30 20:00:00,133,2.3,0.1,93.0,0.0,,
2023-12-30 20:00:00,143,4.9,0.7,84.0,10.0,,
2023-12-30 20:00:00,146,6.7,2.8,61.0,9.0,,
2023-12-30 20:00:00,156,6.3,1.2,88.0,9.0,,
2023-12-30 20:00:00,159,9.2,1.0,78.0,10.0,,
2023-12-30 20:00:00,184,12.6,1.7,73.0,10.0,,
2023-12-30 21:00:00,105,3.6,0.7,90.0,9.0,,
2023-12-30 21:00:00,108,1.6,3.7,97.0,10.0,,
2023-12-30 21:00:00,112,2.6,2.9,95.0,10.0,,
2023-12-30 21:00:00,119,2.2,2.0,92.0,10.0,,
2023-12-30 21:00:00,133,2.4,0.0,93.0,10.0,,
2023-12-30 21:00:00,143,4.7,1.5,84.0,10.0,,
2023-12-30 21:00:00,146,7.3,2.3,60.0,9.0,,
2023-12-30 21:00:00,156,6.5,0.6,89.0,9.0,,
2023-12-30 21:00:00,159,8.3,1.2,87.0,10.0,,
2023-12-30 21:00:00,184,12.6,1.0,73.0,10.0,,
2023-12-30 22:00:00,105,3.5,1.1,90.0,8.0,,
2023-12-30 22:00:00,108,1.7,3.2,98.0,10.0,,
2023-12-30 22:00:00,112,2.7,2.2,95.0,10.0,,
2023-12-30 22:00:00,119,2.2,2.3,94.0,10.0,,
2023-12-30 22:00:00,133,2.5,0.9,92.0,10.0,,
2023-12-30 22:00:00,143,4.5,0.7,86.0,10.0,,
2023-12-30 22:00:00,146,8.2,2.1,64.0,7.0,,
2023-12-30 22:00:00,156,6.6,0.1,90.0,10.0,,
2023-12-30 22:00:00,159,7.8,2.9,81.0,10.0,,
2023-12-30 22:00:00,184,13.9,3.3,71.0,9.0,,
2023-12-30 23:00:00,105,3.4,0.6,91.0,9.0,,
2023-12-30 23:00:00,108,1.9,2.9,98.0,10.0,,
2023-12-30 23:00:00,112,2.9,3.0,94.0,10.0,,
2023-12-30 23:00:00,119,2.3,1.9,96.0,10.0,,
2023-12-30 23:00:00,133,2.7,1.1,94.0,10.0,,
2023-12-30 23:00:00,143,4.4,0.3,86.0,8.0,,
2023-12-30 23:00:00,146,7.4,1.7,82.0,10.0,,
2023-12-30 23:00:00,156,6.1,0.3,98.0,9.0,,
2023-12-30 23:00:00,159,7.8,1.8,80.0,9.0,,
2023-12-30 23:00:00,184,14.5,3.8,71.0,9.0,,
2023-12-31 00:00:00,105,3.3,0.7,92.0,9.0,,
2023-12-31 00:00:00,108,2.1,3.0,99.0,10.0,,
2023-12-31 00:00:00,112,3.2,3.1,95.0,10.0,,
2023-12-31 00:00:00,119,2.5,1.2,96.0,10.0,,
2023-12-31 00:00:00,133,2.7,1.3,94.0,10.0,,
2023-12-31 00:00:00,143,4.2,1.4,85.0,8.0,,
2023-12-31 00:00:00,146,9.0,1.7,76.0,10.0,,
2023-12-31 00:00:00,156,6.0,0.7,99.0,10.0,,
2023-12-31 00:00:00,159,7.8,1.2,85.0,7.0,,
2023-12-31 00:00:00,184,14.4,4.8,75.0,10.0,,
2023-12-31 01:00:00,105,3.5,0.2,92.0,10.0,,
2023-12-31 01:00:00,108,2.1,2.3,98.0,10.0,,
2023-12-31 01:00:00,112,3.4,0.9,96.0,10.0,,
2023-12-31 01:00:00,119,2.4,1.5,98.0,10.0,,
2023-12-31 01:00:00,133,2.9,0.4,96.0,10.0,,
2023-12-31 01:00:00,143,4.2,1.4,85.0,0.0,,
2023-12-31 01:00:00,146,8.8,0.1,79.0,3.0,,
2023-12-31 01:00:00,156,5.4,0.8,99.0,10.0,,
2023-12-31 01:00:00,159,8.3,1.2,83.0,5.0,,
2023-12-31 01:00:00,184,13.9,5.2,78.0,10.0,,
2023-12-31 02:00:00,105,3.5,0.6,94.0,9.0,,
2023-12-31 02:00:00,108,2.2,1.2,98.0,10.0,,
2023-12-31 02:00:00,112,3.5,0.7,96.0,10.0,,
2023-12-31 02:00:00,119,2.4,0.3,98.0,10.0,,
2023-12-31 02:00:00,133,3.1,0.9,96.0,10.0,,
2023-12-31 02:00:00,143,4.2,1.2,87.0,9.0,,
2023-12-31 02:00:00,146,8.8,3.0,95.0,10.0,,
2023-12-31 02:00:00,156,5.8,0.7,99.0,10.0,,
2023-12-31 02:00:00,159,8.2,0.0,84.0,6.0,,
2023-12-31 02:00:00,184,13.6,6.3,68.0,9.0,,
2023-12-31 03:00:00,105,3.6,2.8,95.0,9.0,,
2023-12-31 03:00:00,108,2.2,1.8,99.0,10.0,,
2023-12-31 03:00:00,112,3.6,2.8,97.0,10.0,,
2023-12-31 03:00:00,119,2.4,0.9,99.0,10.0,,
2023-12-31 03:00:00,133,3.4,0.6,97.0,10.0,,
2023-12-31 03:00:00,143,4.2,0.6,92.0,8.0,,
2023-12-31 03:00:00,146,8.5,3.0,94.0,10.0,,
2023-12-31 03:00:00,156,6.3,1.6,99.0,10.0,,
2023-12-31 03:00:00,159,8.7,0.9,87.0,9.0,,
2023-12-31 03:00:00,184,13.1,7.4,61.0,9.0,,
2023-12-31 04:00:00,105,2.8,1.7,95.0,7.0,,
2023-12-31 04:00:00,108,2.3,2.3,99.0,10.0,,
2023-12-31 04:00:00,112,3.6,2.3,97.0,10.0,,
2023-12-31 04:00:00,119,2.5,0.8,99.0,10.0,,
2023-12-31 04:00:00,133,3.5,0.6,97.0,10.0,,
2023-12-31 04:00:00,143,4.0,0.4,92.0,7.0,,
2023-12-31 04:00:00,146,7.9,3.8,91.0,10.0,,
2023-12-31 04:00:00,156,7.4,2.0,99.0,9.0,,
2023-12-31 04:00:00,159,9.1,1.9,89.0,9.0,,
2023-12-31 04:00:00,184,12.6,6.2,60.0,9.0,,
2023-12-31 05:00:00,105,2.4,1.7,94.0,9.0,,
2023-12-31 05:00:00,108,2.4,1.8,99.0,10.0,,
2023-12-31 05:00:00,112,4.0,2.0,97.0,10.0,,
2023-12-31 05:00:00,119,2.8,2.5,99.0,9.0,,
2023-12-31 05:00:00,133,3.5,0.4,97.0,10.0,,
2023-12-31 05:00:00,143,3.8,1.1,90.0,7.0,,
2023-12-31 05:00:00,146,7.5,3.3,86.0,8.0,,
2023-12-31 05:00:00,156,8.0,3.0,99.0,9.0,,
2023-12-31 05:00:00,159,8.9,3.4,88.0,6.0,,
2023-12-31 05:00:00,184,12.6,7.1,60.0,8.0,,
2023-12-31 06:00:00,105,2.3,0.6,94.0,10.0,,
2023-12-31 06:00:00,108,2.4,1.4,99.0,10.0,,
2023-12-31 06:00:00,112,4.3,2.6,97.0,10.0,,
2023-12-31 06:00:00,119,2.8,1.5,99.0,10.0,,
2023-12-31 06:00:00,133,5.1,1.6,94.0,9.0,,
2023-12-31 06:00:00,143,3.2,0.6,91.0,10.0,,
2023-12-31 06:00:00,146,7.2,4.5,80.0,10.0,,
2023-12-31 06:00:00,156,7.3,3.7,91.0,9.0,,
2023-12-31 06:00:00,159,8.4,6.0,85.0,2.0,,
2023-12-31 06:00:00,184,11.4,10.1,68.0,8.0,,
2023-12-31 07:00:00,105,2.2,0.8,95.0,10.0,,
2023-12-31 07:00:00,108,2.8,1.9,100.0,10.0,,
2023-12-31 07:00:00,112,1.7,4.4,96.0,10.0,,
2023-12-31 07:00:00,119,4.7,4.3,99.0,10.0,,
2023-12-31 07:00:00,133,5.2,0.7,92.0,10.0,,
2023-12-31 07:00:00,143,3.5,1.7,93.0,10.0,,
2023-12-31 07:00:00,146,6.6,3.9,88.0,10.0,,
2023-12-31 07:00:00,156,7.1,3.1,93.0,9.0,,
2023-12-31 07:00:00,159,7.2,5.5,86.0,3.0,,
2023-12-31 07:00:00,184,10.9,9.5,63.0,8.0,,
2023-12-31 08:00:00,105,2.2,0.5,96.0,10.0,0.0,0.0
2023-12-31 08:00:00,108,1.2,2.7,98.0,10.0,0.0,0.01
2023-12-31 08:00:00,112,1.7,5.6,95.0,10.0,0.0,0.01
2023-12-31 08:00:00,119,2.9,5.1,90.0,10.0,0.0,0.0
2023-12-31 08:00:00,133,5.2,3.9,87.0,10.0,0.0,0.0
2023-12-31 08:00:00,143,3.4,1.1,91.0,8.0,0.0,0.0
2023-12-31 08:00:00,146,6.0,5.0,88.0,10.0,0.0,0.0
2023-12-31 08:00:00,156,6.6,2.8,92.0,10.0,0.0,0.06
2023-12-31 08:00:00,159,7.9,6.3,83.0,1.0,0.0,0.02
2023-12-31 08:00:00,184,10.6,9.4,50.0,10.0,0.0,0.05
2023-12-31 09:00:00,105,2.5,0.5,95.0,10.0,0.0,0.06
2023-12-31 09:00:00,108,1.1,2.4,98.0,10.0,0.0,0.04
2023-12-31 09:00:00,112,2.0,2.8,93.0,10.0,0.0,0.07
2023-12-31 09:00:00,119,2.7,3.5,91.0,10.0,0.0,0.06
2023-12-31 09:00:00,133,5.0,4.1,84.0,10.0,0.0,0.1
2023-12-31 09:00:00,143,3.4,1.8,93.0,8.0,0.0,0.11
2023-12-31 09:00:00,146,5.9,2.4,88.0,10.0,0.0,0.03
2023-12-31 09:00:00,156,6.0,2.2,97.0,7.0,0.0,0.15
2023-12-31 09:00:00,159,8.7,4.6,76.0,6.0,0.1,0.37
2023-12-31 09:00:00,184,10.3,8.5,50.0,7.0,0.0,0.21
2023-12-31 10:00:00,105,3.1,0.6,93.0,9.0,0.0,0.18
2023-12-31 10:00:00,108,1.5,2.0,99.0,10.0,0.0,0.07
2023-12-31 10:00:00,112,2.2,3.8,91.0,9.0,0.0,0.29
2023-12-31 10:00:00,119,3.0,4.5,89.0,8.0,0.0,0.16
2023-12-31 10:00:00,133,4.5,3.2,86.0,9.0,0.0,0.14
2023-12-31 10:00:00,143,4.6,2.0,88.0,9.0,0.0,0.38
2023-12-31 10:00:00,146,5.8,3.8,89.0,9.0,0.0,0.07
2023-12-31 10:00:00,156,6.3,2.5,95.0,8.0,0.1,0.38
2023-12-31 10:00:00,159,9.0,4.5,66.0,1.0,0.5,0.61
2023-12-31 10:00:00,184,10.7,7.4,59.0,9.0,0.2,0.57
2023-12-31 11:00:00,105,3.9,2.8,91.0,9.0,0.0,0.26
2023-12-31 11:00:00,108,1.8,2.4,97.0,10.0,0.0,0.1
2023-12-31 11:00:00,112,2.3,3.3,90.0,9.0,0.0,0.39
2023-12-31 11:00:00,119,3.1,2.4,86.0,9.0,0.0,0.19
2023-12-31 11:00:00,133,4.2,3.2,86.0,9.0,0.0,0.1
2023-12-31 11:00:00,143,5.3,2.0,84.0,10.0,0.0,0.34
2023-12-31 11:00:00,146,5.7,4.3,81.0,9.0,0.0,0.18
2023-12-31 11:00:00,156,6.0,1.6,96.0,10.0,0.0,0.31
2023-12-31 11:00:00,159,9.9,6.8,53.0,1.0,0.9,1.37
2023-12-31 11:00:00,184,10.1,8.7,59.0,10.0,0.0,0.51
2023-12-31 12:00:00,105,3.0,4.5,93.0,9.0,0.0,0.2
2023-12-31 12:00:00,108,2.2,3.3,96.0,9.0,0.0,0.37
2023-12-31 12:00:00,112,2.6,6.0,88.0,9.0,0.0,0.31
2023-12-31 12:00:00,119,3.1,3.6,85.0,9.0,0.0,0.18
2023-12-31 12:00:00,133,3.9,3.6,82.0,9.0,0.0,0.12
2023-12-31 12:00:00,143,6.9,3.7,75.0,9.0,0.1,0.53
2023-12-31 12:00:00,146,5.6,5.0,82.0,9.0,0.0,0.16
2023-12-31 12:00:00,156,5.9,1.9,94.0,10.0,0.0,0.22
2023-12-31 12:00:00,159,10.2,7.2,49.0,7.0,0.6,1.49
2023-12-31 12:00:00,184,10.0,7.8,55.0,9.0,0.0,0.45
2023-12-31 13:00:00,105,3.5,4.5,93.0,9.0,0.0,0.27
2023-12-31 13:00:00,108,2.6,2.4,92.0,9.0,0.0,0.69
2023-12-31 13:00:00,112,3.3,3.8,86.0,9.0,0.0,0.87
2023-12-31 13:00:00,119,3.4,2.5,84.0,9.0,0.0,0.21
2023-12-31 13:00:00,133,4.0,2.3,79.0,9.0,0.0,0.16
2023-12-31 13:00:00,143,7.5,7.1,66.0,9.0,0.0,0.41
2023-12-31 13:00:00,146,5.9,2.7,79.0,9.0,0.0,0.18
2023-12-31 13:00:00,156,6.0,1.5,89.0,10.0,0.0,0.18
2023-12-31 13:00:00,159,12.0,4.5,46.0,3.0,0.8,1.75
2023-12-31 13:00:00,184,9.5,7.7,59.0,9.0,0.0,0.37
2023-12-31 14:00:00,105,3.4,4.1,93.0,10.0,0.0,0.11
2023-12-31 14:00:00,108,2.6,2.5,92.0,9.0,0.0,0.18
2023-12-31 14:00:00,112,3.6,4.3,84.0,9.0,0.0,0.72
2023-12-31 14:00:00,119,4.0,2.4,80.0,9.0,0.0,0.57
2023-12-31 14:00:00,133,3.7,1.8,78.0,9.0,0.0,0.1
2023-12-31 14:00:00,143,7.6,5.3,63.0,8.0,0.0,0.54
2023-12-31 14:00:00,146,5.7,3.7,73.0,9.0,0.0,0.22
2023-12-31 14:00:00,156,6.1,1.0,86.0,10.0,0.0,0.12
2023-12-31 14:00:00,159,11.4,5.1,47.0,4.0,0.7,1.54
2023-12-31 14:00:00,184,9.3,7.1,61.0,10.0,0.0,0.28
2023-12-31 15:00:00,105,3.1,3.1,94.0,10.0,0.0,0.12
2023-12-31 15:00:00,108,3.8,2.7,90.0,7.0,0.1,0.65
2023-12-31 15:00:00,112,4.2,3.4,81.0,8.0,0.4,1.03
2023-12-31 15:00:00,119,4.3,2.9,79.0,8.0,0.0,0.5
2023-12-31 15:00:00,133,3.8,2.0,78.0,9.0,0.0,0.1
2023-12-31 15:00:00,143,7.1,5.3,63.0,8.0,0.0,0.31
2023-12-31 15:00:00,146,5.7,3.7,75.0,9.0,0.0,0.24
2023-12-31 15:00:00,156,5.9,1.5,89.0,10.0,0.0,0.14
2023-12-31 15:00:00,159,11.0,5.0,50.0,3.0,0.9,1.4
2023-12-31 15:00:00,184,9.4,7.5,64.0,10.0,0.0,0.23
2023-12-31 16:00:00,105,2.9,3.1,95.0,9.0,0.0,0.13
2023-12-31 16:00:00,108,4.3,2.2,85.0,7.0,0.3,0.66
2023-12-31 16:00:00,112,4.0,3.9,80.0,8.0,0.1,0.45
2023-12-31 16:00:00,119,4.5,2.1,78.0,8.0,0.0,0.31
2023-12-31 16:00:00,133,3.7,1.7,79.0,9.0,0.0,0.08
2023-12-31 16:00:00,143,6.6,2.2,66.0,9.0,0.0,0.16
2023-12-31 16:00:00,146,5.7,3.8,75.0,9.0,0.0,0.24
2023-12-31 16:00:00,156,5.8,2.0,88.0,10.0,0.0,0.14
2023-12-31 16:00:00,159,10.1,2.8,50.0,7.0,0.9,1.08
2023-12-31 16:00:00,184,9.4,6.9,61.0,9.0,0.0,0.16
2023-12-31 17:00:00,105,3.1,2.5,94.0,8.0,0.0,0.07
2023-12-31 17:00:00,108,4.0,2.2,86.0,6.0,0.2,0.26
2023-12-31 17:00:00,112,3.7,3.1,81.0,2.0,0.2,0.21
2023-12-31 17:00:00,119,4.0,0.8,79.0,6.0,0.0,0.16
2023-12-31 17:00:00,133,3.6,1.1,81.0,9.0,0.0,0.04
2023-12-31 17:00:00,143,6.1,3.5,70.0,8.0,0.0,0.09
2023-12-31 17:00:00,146,5.4,3.0,76.0,9.0,0.0,0.08
2023-12-31 17:00:00,156,5.9,1.6,83.0,9.0,0.0,0.16
2023-12-31 17:00:00,159,8.3,4.6,52.0,1.0,0.0,0.2
2023-12-31 17:00:00,184,9.2,6.8,60.0,10.0,0.0,0.1
2023-12-31 18:00:00,105,3.0,2.7,92.0,9.0,0.0,0.0
2023-12-31 18:00:00,108,3.1,0.7,89.0,0.0,0.0,0.03
2023-12-31 18:00:00,112,2.9,2.9,83.0,0.0,0.2,0.03
2023-12-31 18:00:00,119,3.3,0.0,83.0,7.0,0.0,0.02
2023-12-31 18:00:00,133,3.3,0.9,80.0,9.0,0.0,0.01
2023-12-31 18:00:00,143,5.7,2.1,69.0,9.0,0.0,0.01
2023-12-31 18:00:00,146,5.1,2.1,76.0,9.0,0.0,0.01
2023-12-31 18:00:00,156,5.8,1.8,83.0,9.0,0.0,0.06
2023-12-31 18:00:00,159,7.3,5.8,57.0,0.0,0.0,0.02
2023-12-31 18:00:00,184,9.1,5.5,60.0,10.0,0.0,0.08
2023-12-31 19:00:00,105,3.1,2.1,92.0,10.0,,
2023-12-31 19:00:00,108,2.6,0.8,90.0,0.0,,
2023-12-31 19:00:00,112,2.5,1.8,86.0,0.0,,
2023-12-31 19:00:00,119,2.1,0.5,88.0,0.0,,
2023-12-31 19:00:00,133,3.1,1.4,82.0,8.0,,
2023-12-31 19:00:00,143,5.4,2.6,70.0,6.0,,
2023-12-31 19:00:00,146,4.8,1.8,79.0,4.0,,
2023-12-31 19:00:00,156,5.5,1.3,83.0,1.0,,
2023-12-31 19:00:00,159,6.6,5.7,60.0,0.0,,
2023-12-31 19:00:00,184,9.0,5.2,59.0,9.0,,
2023-12-31 20:00:00,105,3.3,2.6,90.0,10.0,,
2023-12-31 20:00:00,108,1.9,2.2,94.0,0.0,,
2023-12-31 20:00:00,112,2.0,2.2,87.0,0.0,,
2023-12-31 20:00:00,119,1.1,0.3,92.0,0.0,,
2023-12-31 20:00:00,133,2.9,0.1,82.0,10.0,,
2023-12-31 20:00:00,143,5.2,2.5,70.0,4.0,,
2023-12-31 20:00:00,146,4.7,2.0,80.0,10.0,,
2023-12-31 20:00:00,156,5.3,2.1,83.0,1.0,,
2023-12-31 20:00:00,159,6.2,2.5,62.0,0.0,,
2023-12-31 20:00:00,184,8.8,4.9,62.0,9.0,,
2023-12-31 21:00:00,105,3.3,2.2,87.0,10.0,,
2023-12-31 21:00:00,108,1.7,2.4,96.0,0.0,,
2023-12-31 21:00:00,112,1.7,2.4,87.0,0.0,,
2023-12-31 21:00:00,119,0.0,0.9,95.0,0.0,,
2023-12-31 21:00:00,133,2.9,0.9,82.0,9.0,,
2023-12-31 21:00:00,143,4.9,2.7,71.0,3.0,,
2023-12-31 21:00:00,146,4.5,1.7,78.0,9.0,,
2023-12-31 21:00:00,156,5.0,1.5,83.0,10.0,,
2023-12-31 21:00:00,159,5.8,4.5,64.0,0.0,,
2023-12-31 21:00:00,184,8.8,4.6,61.0,10.0,,
2023-12-31 22:00:00,105,3.2,2.4,86.0,10.0,,
2023-12-31 22:00:00,108,1.3,0.6,95.0,0.0,,
2023-12-31 22:00:00,112,1.0,0.9,89.0,0.0,,
2023-12-31 22:00:00,119,-0.5,0.9,96.0,0.0,,
2023-12-31 22:00:00,133,2.8,0.1,83.0,10.0,,
2023-12-31 22:00:00,143,4.1,1.8,75.0,0.0,,
2023-12-31 22:00:00,146,4.3,1.2,79.0,6.0,,
2023-12-31 22:00:00,156,5.0,0.6,81.0,0.0,,
2023-12-31 22:00:00,159,5.2,3.4,67.0,0.0,,
2023-12-31 22:00:00,184,8.7,4.6,57.0,10.0,,
2023-12-31 23:00:00,105,3.2,2.2,85.0,9.0,,
2023-12-31 23:00:00,108,0.9,0.8,96.0,0.0,,
2023-12-31 23:00:00,112,0.7,2.6,90.0,3.0,,
2023-12-31 23:00:00,119,-0.8,0.2,96.0,0.0,,
2023-12-31 23:00:00,133,2.9,0.1,81.0,4.0,,
2023-12-31 23:00:00,143,2.5,1.4,82.0,0.0,,
2023-12-31 23:00:00,146,4.2,1.3,79.0,10.0,,
2023-12-31 23:00:00,156,4.9,1.0,83.0,8.0,,
2023-12-31 23:00:00,159,4.9,3.0,68.0,0.0,,
2023-12-31 23:00:00,184,8.5,4.0,57.0,10.0,,
